Date,Country,Maturity,Yield,BundYield,Spread,MP_Shock,CBI_Shock
1999-01-01,Austria,10Y,,3.632,,0.02914637,-0.06311121
1999-02-01,Austria,10Y,,4.011,,-0.00556514,0.00556514
1999-03-01,Austria,10Y,,4.001,,-0.00592203,0.00323799
1999-04-01,Austria,10Y,,3.868,,-0.00679893,-0.00330584
1999-05-01,Austria,10Y,4.314,4.116,0.1980000000000004,0.01543059,-0.00936631
1999-06-01,Austria,10Y,4.74,4.511,0.2290000000000001,0.00768436,-0.01317122
1999-07-01,Austria,10Y,5.023,4.811,0.21199999999999974,-0.00494872,0.02780708
1999-08-01,Austria,10Y,5.134,4.891,0.24300000000000033,0.00678846,-0.00826848
1999-09-01,Austria,10Y,5.32,5.08,0.2400000000000002,-0.04166781,-0.00527997
1999-10-01,Austria,10Y,5.382,5.157,0.22499999999999964,-0.06815947,-0.10613335
1999-11-01,Austria,10Y,5.364,5.125,0.23899999999999988,0.01057526,0.04684463
1999-12-01,Austria,10Y,5.558,5.355,0.2029999999999994,-0.00790024,0.00763541
2000-01-01,Austria,10Y,5.795,5.541,0.25399999999999956,0.01150505,-0.02335973
2000-02-01,Austria,10Y,5.762,5.5,0.26199999999999957,-0.04027945,0.06481814
2000-03-01,Austria,10Y,5.471,5.216,0.2549999999999999,-0.06675806,-0.0176937
2000-04-01,Austria,10Y,5.561,5.298,0.2629999999999999,0.02378726,-0.01526446
2000-05-01,Austria,10Y,5.53,5.191,0.3390000000000004,-0.06400218,0.06313006
2000-06-01,Austria,10Y,5.577,5.221,0.35599999999999987,0.11366676,0.04898755
2000-07-01,Austria,10Y,5.535,5.206,0.32899999999999974,0.02048594,-0.00231932
2000-08-01,Austria,10Y,5.629,5.298,0.3309999999999995,-0.04765312,-0.036261
2000-09-01,Austria,10Y,5.545,5.23,0.3149999999999995,-0.03226793,-0.00031136
2000-10-01,Austria,10Y,5.521,5.215,0.30600000000000005,0.02902834,0.0510063
2000-11-01,Austria,10Y,5.297,5.0,0.2969999999999997,-0.00713094,-0.01518934
2000-12-01,Austria,10Y,5.167,4.851,0.31599999999999984,-0.0010197,0.02324592
2001-01-01,Austria,10Y,5.159,4.797,0.3620000000000001,0.01139404,-0.00090513
2001-02-01,Austria,10Y,5.065,4.754,0.31100000000000083,-0.00204204,0.01927988
2001-03-01,Austria,10Y,5.046,4.705,0.3410000000000002,0.06859912,0.03120769
2001-04-01,Austria,10Y,5.37,5.032,0.3380000000000001,0.06421035,0.12710222
2001-05-01,Austria,10Y,5.457,5.173,0.2839999999999998,-0.13656878,-0.08779026
2001-06-01,Austria,10Y,5.377,5.102,0.27499999999999947,0.02854883,0.02396559
2001-07-01,Austria,10Y,5.132,4.88,0.2519999999999998,0.03007371,0.01514081
2001-08-01,Austria,10Y,5.047,4.788,0.25899999999999945,0.05079423,-0.02379363
2001-09-01,Austria,10Y,5.031,4.791,0.23999999999999932,0.0313824,-0.01387918
2001-10-01,Austria,10Y,4.619,4.397,0.22199999999999953,0.04317789,0.06975827
2001-11-01,Austria,10Y,4.783,4.555,0.22800000000000065,0.03107767,-0.00197459
2001-12-01,Austria,10Y,5.172,4.996,0.14999999999999947,0.02660325,0.00333289
2002-01-01,Austria,10Y,5.092,4.905,0.1869999999999994,0.01003587,0.01147814
2002-02-01,Austria,10Y,5.15,4.964,0.18599999999999994,-0.00667414,0.03998737
2002-03-01,Austria,10Y,5.43,5.251,0.16500000000000004,-3.086e-05,0.01296051
2002-04-01,Austria,10Y,5.308,5.122,0.18599999999999994,-0.00247617,-0.01196426
2002-05-01,Austria,10Y,5.348,5.168,0.17999999999999972,0.03218836,0.01597417
2002-06-01,Austria,10Y,5.138,4.942,0.19599999999999973,0.01184929,-0.00618789
2002-07-01,Austria,10Y,4.927,4.752,0.17499999999999982,0.00352277,-0.0116348
2002-08-01,Austria,10Y,4.74,4.568,0.1720000000000006,0.01803811,-0.01560232
2002-09-01,Austria,10Y,4.438,4.272,0.16599999999999948,0.01607403,-0.04022966
2002-10-01,Austria,10Y,4.643,4.511,0.13199999999999967,0.02180133,0.01000217
2002-11-01,Austria,10Y,4.58,4.49,0.08999999999999986,0.06594808,-0.03659766
2002-12-01,Austria,10Y,4.27,4.204,0.06599999999999984,0.00595453,-0.05100643
2003-01-01,Austria,10Y,4.111,4.072,0.0389999999999997,-0.02700705,0.05207753
2003-02-01,Austria,10Y,3.934,3.918,0.016000000000000014,0.05532359,-0.03445075
2003-03-01,Austria,10Y,4.057,4.044,0.013000000000000789,0.06711294,-0.02143875
2003-04-01,Austria,10Y,4.058,4.092,-0.03399999999999981,0.01825694,0.00312353
2003-05-01,Austria,10Y,3.677,3.721,-0.04400000000000004,0.05561085,-0.01606747
2003-06-01,Austria,10Y,3.903,3.802,0.10099999999999998,0.00128217,-0.05865202
2003-07-01,Austria,10Y,4.249,4.19,0.058999999999999275,0.00179838,0.01282863
2003-08-01,Austria,10Y,4.246,4.197,0.04900000000000038,0.0,0.0
2003-09-01,Austria,10Y,4.047,3.995,0.0519999999999996,0.00235118,-0.00730611
2003-10-01,Austria,10Y,4.363,4.331,0.03200000000000003,0.03221462,-0.01758272
2003-11-01,Austria,10Y,4.493,4.457,0.036000000000000476,-0.00093229,0.00553257
2003-12-01,Austria,10Y,4.335,4.292,0.04300000000000015,0.01015649,-0.01957929
2004-01-01,Austria,10Y,4.332,4.24,0.09199999999999964,-0.0131573,0.00742273
2004-02-01,Austria,10Y,4.147,4.051,0.09600000000000009,-0.00162731,-0.00688155
2004-03-01,Austria,10Y,4.057,3.931,0.12600000000000033,0.01236658,0.02812953
2004-04-01,Austria,10Y,4.281,4.175,0.10599999999999987,0.04962089,0.02543383
2004-05-01,Austria,10Y,4.415,4.374,0.04100000000000037,0.01746509,-0.0065437
2004-06-01,Austria,10Y,4.377,4.318,0.05900000000000016,-0.01060389,-0.00014359
2004-07-01,Austria,10Y,4.273,4.216,0.056999999999999496,0.00862926,-0.00812276
2004-08-01,Austria,10Y,4.079,4.023,0.05600000000000005,-0.00139583,0.00217688
2004-09-01,Austria,10Y,4.04,3.991,0.04899999999999993,0.0114091,0.00103921
2004-10-01,Austria,10Y,3.917,3.873,0.043999999999999595,-0.00411348,-0.00801005
2004-11-01,Austria,10Y,3.777,3.793,-0.016000000000000014,-0.00031881,-0.00525612
2004-12-01,Austria,10Y,3.67,3.683,-0.0129999999999999,0.01785679,-0.00429348
2005-01-01,Austria,10Y,3.525,3.547,-0.02200000000000024,-0.01786635,-0.01631762
2005-02-01,Austria,10Y,3.691,3.715,-0.02400000000000002,0.00876981,-0.01224856
2005-03-01,Austria,10Y,3.608,3.622,-0.01399999999999979,-0.00906581,0.00175456
2005-04-01,Austria,10Y,3.379,3.396,-0.016999999999999904,0.00312037,-0.01689142
2005-05-01,Austria,10Y,3.306,3.274,0.03200000000000003,-0.00742018,0.0089191
2005-06-01,Austria,10Y,3.16,3.134,0.026000000000000245,0.01228622,0.00308786
2005-07-01,Austria,10Y,3.278,3.243,0.03500000000000014,-0.01999819,0.03965357
2005-08-01,Austria,10Y,3.127,3.102,0.02499999999999991,0.00221244,-0.00113823
2005-09-01,Austria,10Y,3.17,3.148,0.021999999999999797,-0.00616143,0.00137953
2005-10-01,Austria,10Y,3.402,3.391,0.01100000000000012,-0.00725165,0.0053286
2005-11-01,Austria,10Y,3.436,3.455,-0.019000000000000128,-0.02639035,0.01567596
2005-12-01,Austria,10Y,3.28,3.309,-0.02900000000000036,-0.02869513,0.00122556
2006-01-01,Austria,10Y,3.463,3.467,-0.0040000000000000036,-0.01509696,-0.00771216
2006-02-01,Austria,10Y,3.409,3.489,-0.08000000000000007,-0.00544505,-0.00324349
2006-03-01,Austria,10Y,3.409,3.771,-0.3620000000000001,0.02163882,-0.01310347
2006-04-01,Austria,10Y,4.011,3.951,0.06000000000000005,-0.05627657,-0.03601184
2006-05-01,Austria,10Y,4.02,3.982,0.03799999999999937,0.00017422,-0.00236101
2006-06-01,Austria,10Y,4.098,4.071,0.027000000000000135,-0.03946736,-0.00172699
2006-07-01,Austria,10Y,3.951,3.921,0.03000000000000025,0.01414146,0.00627523
2006-08-01,Austria,10Y,3.793,3.76,0.03300000000000036,0.01499431,0.01378088
2006-09-01,Austria,10Y,3.739,3.709,0.029999999999999805,0.0,0.0
2006-10-01,Austria,10Y,3.779,3.741,0.03799999999999981,-0.00312185,0.00292537
2006-11-01,Austria,10Y,3.717,3.695,0.02200000000000024,0.02599157,-0.03156989
2006-12-01,Austria,10Y,3.98,3.948,0.03200000000000003,-0.01228785,0.03226851
2007-01-01,Austria,10Y,4.135,4.1,0.03500000000000014,-0.04184531,-0.00062716
2007-02-01,Austria,10Y,3.995,3.957,0.038000000000000256,0.01201155,-0.00426155
2007-03-01,Austria,10Y,4.103,4.057,0.045999999999999375,0.00234815,0.00780903
2007-04-01,Austria,10Y,4.208,4.154,0.05400000000000027,0.00848509,-0.01206177
2007-05-01,Austria,10Y,4.464,4.422,0.0420000000000007,0.00231754,-0.00518441
2007-06-01,Austria,10Y,4.622,4.574,0.04800000000000004,3.95e-06,-0.00707298
2007-07-01,Austria,10Y,4.428,4.347,0.08099999999999952,0.00420353,-0.00350775
2007-08-01,Austria,10Y,4.314,4.242,0.07200000000000006,-7.551e-05,-0.00333671
2007-09-01,Austria,10Y,4.394,4.329,0.06500000000000039,-0.0363456,-0.00270934
2007-10-01,Austria,10Y,4.306,4.239,0.06700000000000017,0.00166756,-0.00365079
2007-11-01,Austria,10Y,4.265,4.126,0.13899999999999935,0.00101171,-0.02129922
2007-12-01,Austria,10Y,4.432,4.307,0.125,0.02203938,-0.00235725
2008-01-01,Austria,10Y,4.051,3.93,0.121,0.00854417,-0.01034839
2008-02-01,Austria,10Y,3.989,3.891,0.09799999999999986,-0.00565551,-0.04432311
2008-03-01,Austria,10Y,4.111,3.899,0.21199999999999974,0.03287918,-0.00319577
2008-04-01,Austria,10Y,4.398,4.123,0.27499999999999947,-0.00107664,0.00211722
2008-05-01,Austria,10Y,4.661,4.405,0.25599999999999934,0.0079654,-0.01921652
2008-06-01,Austria,10Y,4.888,4.621,0.26699999999999946,0.08718549,0.05944987
2008-07-01,Austria,10Y,4.626,4.355,0.2709999999999999,-0.08616599,0.0003162
2008-08-01,Austria,10Y,4.465,4.176,0.2889999999999997,-0.00047578,-0.0412033
2008-09-01,Austria,10Y,4.442,4.015,0.4270000000000005,0.02062448,-0.02765799
2008-10-01,Austria,10Y,4.549,3.9,0.6490000000000005,-0.00294813,-0.05476331
2008-11-01,Austria,10Y,3.901,3.258,0.6429999999999998,0.14345953,0.0601037
2008-12-01,Austria,10Y,3.855,2.951,0.9039999999999999,0.07249163,-0.02195657
2009-01-01,Austria,10Y,4.225,3.296,0.9289999999999998,0.00570074,-0.03082516
2009-02-01,Austria,10Y,4.216,3.112,1.104,-0.0142095,-0.04348585
2009-03-01,Austria,10Y,4.042,2.994,1.0479999999999996,-0.00508159,0.00953191
2009-04-01,Austria,10Y,4.021,3.178,0.843,0.04361952,0.04035626
2009-05-01,Austria,10Y,4.31,3.589,0.7209999999999996,-0.00276712,-0.02144281
2009-06-01,Austria,10Y,4.139,3.386,0.7530000000000001,0.01914683,0.01991529
2009-07-01,Austria,10Y,3.773,3.3,0.4730000000000003,0.01967426,-0.08702865
2009-08-01,Austria,10Y,3.729,3.257,0.472,0.00382895,-0.00227106
2009-09-01,Austria,10Y,3.667,3.22,0.4469999999999996,-0.01479861,-0.0288011
2009-10-01,Austria,10Y,3.58,3.231,0.3490000000000002,-0.00631641,-0.01739833
2009-11-01,Austria,10Y,3.518,3.159,0.359,-0.03362904,0.01798103
2009-12-01,Austria,10Y,3.717,3.387,0.33000000000000007,-0.03020061,-0.01008083
2010-01-01,Austria,10Y,3.669,3.196,0.47299999999999986,-6.14e-06,-0.01162683
2010-02-01,Austria,10Y,3.548,3.101,0.44700000000000006,0.02809804,-0.03309557
2010-03-01,Austria,10Y,3.461,3.092,0.3689999999999998,-0.01619472,0.00347371
2010-04-01,Austria,10Y,3.384,3.017,0.367,0.00539033,-0.00101855
2010-05-01,Austria,10Y,3.011,2.66,0.351,0.02627696,-0.01799763
2010-06-01,Austria,10Y,3.16,2.577,0.5830000000000002,-0.02371403,0.02024375
2010-07-01,Austria,10Y,3.076,2.669,0.40700000000000003,0.00522594,0.04208827
2010-08-01,Austria,10Y,2.539,2.116,0.42300000000000004,0.01420454,-0.02426078
2010-09-01,Austria,10Y,2.804,2.278,0.5259999999999998,-0.00294235,-0.01052608
2010-10-01,Austria,10Y,2.927,2.518,0.40900000000000025,-0.00279264,0.00162802
2010-11-01,Austria,10Y,3.202,2.67,0.532,-0.00010904,-0.0080795
2010-12-01,Austria,10Y,3.507,2.963,0.544,-0.00484115,-0.02320713
2011-01-01,Austria,10Y,3.594,3.153,0.44099999999999984,0.01844172,0.01740865
2011-02-01,Austria,10Y,3.629,3.169,0.45999999999999996,-0.02451558,-0.01441031
2011-03-01,Austria,10Y,3.798,3.352,0.4460000000000002,0.07028429,0.06022116
2011-04-01,Austria,10Y,3.612,3.238,0.3740000000000001,-0.00244173,0.01943218
2011-05-01,Austria,10Y,3.44,3.019,0.4209999999999998,-0.05955414,-0.04508166
2011-06-01,Austria,10Y,3.491,3.023,0.46799999999999997,-0.01534681,-0.00214682
2011-07-01,Austria,10Y,3.115,2.537,0.5780000000000003,-0.01354933,0.02770202
2011-08-01,Austria,10Y,2.845,2.217,0.6280000000000001,-0.04366301,-0.12013885
2011-09-01,Austria,10Y,2.661,1.885,0.776,0.01207522,-0.01000965
2011-10-01,Austria,10Y,2.96,2.024,0.9359999999999999,0.10619898,0.05031052
2011-11-01,Austria,10Y,3.451,2.276,1.1750000000000003,-0.07192325,-0.0611927
2011-12-01,Austria,10Y,2.872,1.825,1.047,0.03349252,-0.03948307
2012-01-01,Austria,10Y,2.889,1.786,1.1029999999999998,0.02629851,-0.02840244
2012-02-01,Austria,10Y,2.919,1.817,1.102,-0.01433788,0.01535817
2012-03-01,Austria,10Y,2.735,1.792,0.9429999999999998,0.00682966,-0.00830541
2012-04-01,Austria,10Y,2.656,1.662,0.9940000000000002,0.00683135,-0.00606342
2012-05-01,Austria,10Y,2.094,1.199,0.8949999999999998,0.04135716,-0.02621478
2012-06-01,Austria,10Y,2.401,1.581,0.8199999999999998,0.03338643,-0.00627108
2012-07-01,Austria,10Y,1.866,1.284,0.5820000000000001,-0.0072012,-0.10685152
2012-08-01,Austria,10Y,2.021,1.333,0.688,0.10355838,-0.07344139
2012-09-01,Austria,10Y,2.015,1.441,0.5740000000000001,-0.03500514,0.0388083
2012-10-01,Austria,10Y,1.978,1.462,0.516,0.00539462,-0.00081696
2012-11-01,Austria,10Y,1.745,1.385,0.3600000000000001,0.00753017,0.00512519
2012-12-01,Austria,10Y,1.733,1.314,0.41900000000000004,-0.0037345,-0.00486517
2013-01-01,Austria,10Y,1.978,1.679,0.29899999999999993,-0.00316676,0.01806952
2013-02-01,Austria,10Y,1.813,1.453,0.3599999999999999,-0.00649124,-0.0096722
2013-03-01,Austria,10Y,1.689,1.288,0.401,0.00845211,0.00457824
2013-04-01,Austria,10Y,1.63,1.215,0.4149999999999998,0.02524541,-0.02755056
2013-05-01,Austria,10Y,1.896,1.504,0.3919999999999999,-0.00548678,-0.005251
2013-06-01,Austria,10Y,2.155,1.728,0.4269999999999998,0.03220402,-0.01512024
2013-07-01,Austria,10Y,2.074,1.669,0.4049999999999998,-0.06055783,0.04203836
2013-08-01,Austria,10Y,2.295,1.855,0.43999999999999995,-0.0028711,0.01132435
2013-09-01,Austria,10Y,2.181,1.778,0.403,-0.00632233,0.00132339
2013-10-01,Austria,10Y,2.035,1.673,0.3620000000000001,0.00677482,-0.00609358
2013-11-01,Austria,10Y,2.039,1.692,0.3470000000000002,-0.03543784,0.02352032
2013-12-01,Austria,10Y,2.259,1.925,0.33399999999999985,0.0178962,-0.00423027
2014-01-01,Austria,10Y,1.913,1.658,0.2550000000000001,0.0074008,-0.01504822
2014-02-01,Austria,10Y,1.925,1.623,0.30200000000000005,0.0193551,0.02089548
2014-03-01,Austria,10Y,1.809,1.565,0.244,0.03148079,0.01102582
2014-04-01,Austria,10Y,1.697,1.468,0.2290000000000001,-0.01390848,0.03683678
2014-05-01,Austria,10Y,1.545,1.357,0.18799999999999994,-0.00528758,0.01007157
2014-06-01,Austria,10Y,1.552,1.244,0.30800000000000005,-0.03637694,0.01209969
2014-07-01,Austria,10Y,1.391,1.154,0.2370000000000001,-0.01783726,0.01292655
2014-08-01,Austria,10Y,1.126,0.89,0.23599999999999988,0.00070312,0.00187773
2014-09-01,Austria,10Y,1.147,0.946,0.20100000000000007,-0.06422641,-0.00068183
2014-10-01,Austria,10Y,1.027,0.84,0.18699999999999994,0.05409899,-0.04887129
2014-11-01,Austria,10Y,0.836,0.7,0.136,-0.03680355,0.03947588
2014-12-01,Austria,10Y,0.703,0.538,0.16499999999999992,0.05596263,-0.04833079
2015-01-01,Austria,10Y,0.38,0.302,0.07800000000000001,-0.01922483,0.01173607
2015-02-01,Austria,10Y,0.396,0.327,0.069,0.0,0.0
2015-03-01,Austria,10Y,0.316,0.18,0.136,0.00035536,-0.00385565
2015-04-01,Austria,10Y,0.472,0.364,0.10799999999999998,-0.00142985,0.00811493
2015-05-01,Austria,10Y,0.624,0.486,0.138,0.0,0.0
2015-06-01,Austria,10Y,1.138,0.763,0.3749999999999999,0.00884221,-0.01158719
2015-07-01,Austria,10Y,0.901,0.643,0.258,-0.00145856,0.00208231
2015-08-01,Austria,10Y,1.101,0.797,0.30399999999999994,0.0,0.0
2015-09-01,Austria,10Y,0.887,0.586,0.30100000000000005,-0.03170106,0.0298776
2015-10-01,Austria,10Y,0.778,0.517,0.261,-0.07457095,0.05369102
2015-11-01,Austria,10Y,0.725,0.472,0.253,0.0,0.0
2015-12-01,Austria,10Y,0.896,0.628,0.268,0.16522564,-0.06777853
2016-01-01,Austria,10Y,0.565,0.324,0.24099999999999994,-0.02353204,0.00207732
2016-02-01,Austria,10Y,0.383,0.106,0.277,0.0,0.0
2016-03-01,Austria,10Y,0.349,0.152,0.19699999999999998,0.00295142,0.04696157
2016-04-01,Austria,10Y,0.483,0.271,0.21199999999999997,0.00874813,-0.00714425
2016-05-01,Austria,10Y,0.316,0.138,0.178,0.0,0.0
2016-06-01,Austria,10Y,0.197,-0.131,0.328,0.01416894,-0.01469861
2016-07-01,Austria,10Y,0.04,-0.121,0.161,0.00420598,0.02136953
2016-08-01,Austria,10Y,0.146,-0.066,0.212,0.0,0.0
2016-09-01,Austria,10Y,0.094,-0.122,0.216,0.02928932,-0.01588046
2016-10-01,Austria,10Y,0.342,0.161,0.18100000000000002,-0.00343218,0.00288461
2016-11-01,Austria,10Y,0.541,0.273,0.268,0.0,0.0
2016-12-01,Austria,10Y,0.418,0.204,0.214,-0.02369548,0.02494524
2017-01-01,Austria,10Y,0.677,0.434,0.24300000000000005,-0.01136922,0.01125365
2017-02-01,Austria,10Y,0.426,0.206,0.22,0.0,0.0
2017-03-01,Austria,10Y,0.531,0.325,0.20600000000000002,-0.01209542,0.01300103
2017-04-01,Austria,10Y,0.591,0.315,0.27599999999999997,-0.00220409,-0.00059132
2017-05-01,Austria,10Y,0.583,0.302,0.28099999999999997,0.0,0.0
2017-06-01,Austria,10Y,0.707,0.465,0.24199999999999994,0.00468379,-0.00618022
2017-07-01,Austria,10Y,0.697,0.541,0.15599999999999992,-0.00745165,-0.00386945
2017-08-01,Austria,10Y,0.558,0.36,0.19800000000000006,0.0,0.0
2017-09-01,Austria,10Y,0.621,0.462,0.15899999999999997,-0.00127015,0.00235026
2017-10-01,Austria,10Y,0.53,0.362,0.16800000000000004,-0.01205914,0.01350465
2017-11-01,Austria,10Y,0.505,0.366,0.139,0.0,0.0
2017-12-01,Austria,10Y,0.563,0.423,0.13999999999999996,-0.00726541,0.00542794
2018-01-01,Austria,10Y,0.801,0.695,0.1060000000000001,0.01937805,-0.01940399
2018-02-01,Austria,10Y,0.869,0.653,0.21599999999999997,0.0,0.0
2018-03-01,Austria,10Y,0.693,0.494,0.19899999999999995,-0.01997759,0.02238169
2018-04-01,Austria,10Y,0.74,0.557,0.18299999999999994,0.00352961,-0.00433858
2018-05-01,Austria,10Y,0.651,0.338,0.313,0.0,0.0
2018-06-01,Austria,10Y,0.57,0.3,0.26999999999999996,-0.04271677,0.03658385
2018-07-01,Austria,10Y,0.601,0.442,0.15899999999999997,-0.00753783,0.00753783
2018-08-01,Austria,10Y,0.545,0.325,0.22000000000000003,0.0,0.0
2018-09-01,Austria,10Y,0.674,0.469,0.20500000000000007,0.00550418,-0.00644394
2018-10-01,Austria,10Y,0.592,0.384,0.20799999999999996,0.02001239,-0.01825893
2018-11-01,Austria,10Y,0.555,0.312,0.24300000000000005,0.0,0.0
2018-12-01,Austria,10Y,0.484,0.239,0.245,-0.00415027,0.00355439
2019-01-01,Austria,10Y,0.361,0.148,0.213,0.0175893,-0.02145109
2019-02-01,Austria,10Y,0.528,0.182,0.34600000000000003,0.0,0.0
2019-03-01,Austria,10Y,0.23,-0.072,0.302,0.00868726,-0.01442751
2019-04-01,Austria,10Y,0.302,0.012,0.29,-0.00273599,-0.00018377
2019-05-01,Austria,10Y,0.117,-0.204,0.321,0.0,0.0
2019-06-01,Austria,10Y,-0.057,-0.329,0.272,0.03058214,-0.0071408
2019-07-01,Austria,10Y,-0.224,-0.442,0.218,0.04218756,-0.00506254
2019-08-01,Austria,10Y,-0.444,-0.702,0.25799999999999995,0.0,0.0
2019-09-01,Austria,10Y,-0.325,-0.573,0.24799999999999994,0.03217407,0.03487853
2019-10-01,Austria,10Y,-0.174,-0.409,0.235,0.00764552,-0.00665165
2019-11-01,Austria,10Y,-0.134,-0.362,0.22799999999999998,0.0,0.0
2019-12-01,Austria,10Y,0.016,-0.188,0.20400000000000001,-0.01029327,0.01098215
2020-01-01,Austria,10Y,-0.265,-0.436,0.17099999999999999,0.01788192,-0.01219238
2020-02-01,Austria,10Y,-0.388,-0.609,0.22099999999999997,0.0,0.0
2020-03-01,Austria,10Y,-0.008,-0.474,0.46599999999999997,0.18996661,-0.0646914
2020-04-01,Austria,10Y,-0.174,-0.589,0.415,0.04450687,-0.0282567
2020-05-01,Austria,10Y,-0.133,-0.449,0.316,0.0,0.0
2020-06-01,Austria,10Y,-0.221,-0.456,0.23500000000000001,0.00075699,0.00221042
2020-07-01,Austria,10Y,-0.312,-0.525,0.21300000000000002,-0.01051453,0.00663075
2020-08-01,Austria,10Y,-0.232,-0.398,0.166,0.0,0.0
2020-09-01,Austria,10Y,-0.357,-0.523,0.16600000000000004,-0.01137573,0.0209051
2020-10-01,Austria,10Y,-0.445,-0.628,0.183,-0.04440888,0.03827308
2020-11-01,Austria,10Y,-0.423,-0.572,0.14899999999999997,0.0,0.0
2020-12-01,Austria,10Y,-0.433,-0.572,0.13899999999999996,0.02960964,-0.0146942
2021-01-01,Austria,10Y,-0.386,-0.519,0.133,0.01223291,-0.00964168
2021-02-01,Austria,10Y,-0.04,-0.262,0.222,0.0,0.0
2021-03-01,Austria,10Y,-0.077,-0.293,0.21599999999999997,0.00286225,0.0097477
2021-04-01,Austria,10Y,0.025,-0.203,0.228,0.00189025,-0.00343929
2021-05-01,Austria,10Y,0.038,-0.188,0.226,0.0,0.0
2021-06-01,Austria,10Y,-0.005,-0.209,0.204,-0.01563274,0.01470217
2021-07-01,Austria,10Y,-0.224,-0.462,0.23800000000000002,0.0073095,-0.00768279
2021-08-01,Austria,10Y,-0.158,-0.385,0.227,0.0,0.0
2021-09-01,Austria,10Y,0.018,-0.2,0.218,-0.01404805,0.01567899
2021-10-01,Austria,10Y,0.145,-0.107,0.252,0.00670146,-0.0061872
2021-11-01,Austria,10Y,-0.095,-0.351,0.256,0.0,0.0
2021-12-01,Austria,10Y,0.072,-0.182,0.254,0.02039478,-0.02349587
2022-01-01,Austria,10Y,0.251,0.009,0.242,0.0,0.0
2022-02-01,Austria,10Y,0.494,0.132,0.362,0.03923857,-0.02262021
2022-03-01,Austria,10Y,0.99,0.545,0.44499999999999995,0.01158872,0.00288687
2022-04-01,Austria,10Y,1.42,0.937,0.4829999999999999,-0.02722772,-0.01209206
2022-05-01,Austria,10Y,1.666,1.12,0.5459999999999998,0.0,0.0
2022-06-01,Austria,10Y,1.899,1.333,0.5660000000000001,0.04000315,-0.05017059
2022-07-01,Austria,10Y,1.335,0.814,0.521,0.06062276,0.06828821
2022-08-01,Austria,10Y,2.16,1.537,0.6230000000000002,0.0,0.0
2022-09-01,Austria,10Y,2.805,2.105,0.7000000000000002,0.06553518,0.05123198
2022-10-01,Austria,10Y,2.805,2.139,0.6660000000000004,-0.0484317,-0.00738864
2022-11-01,Austria,10Y,2.521,1.926,0.595,0.0,0.0
2022-12-01,Austria,10Y,3.17,2.565,0.605,0.08741766,-0.05187298
2023-01-01,Austria,10Y,2.905,2.283,0.6219999999999999,0.0,0.0
2023-02-01,Austria,10Y,3.275,2.648,0.6269999999999998,-0.02825908,0.00739243
2023-03-01,Austria,10Y,2.925,2.289,0.6359999999999997,0.06364707,0.13706177
2023-04-01,Austria,10Y,2.966,2.31,0.6560000000000001,0.0,0.0
2023-05-01,Austria,10Y,2.95,2.28,0.6700000000000004,-0.05445383,-0.02205352
2023-06-01,Austria,10Y,3.026,2.39,0.6359999999999997,0.00310685,0.01212789
2023-07-01,Austria,10Y,3.097,2.489,0.6080000000000001,-0.02931627,0.00761737
2023-08-01,Austria,10Y,3.053,2.462,0.5909999999999997,0.0,0.0
2023-09-01,Austria,10Y,3.444,2.838,0.6059999999999999,0.00399758,0.06922208
2023-10-01,Austria,10Y,3.431,2.804,0.6270000000000002,-0.02513959,0.0050286
2023-11-01,Austria,10Y,3.012,2.445,0.5670000000000002,0.0,0.0
2023-12-01,Austria,10Y,2.58,2.021,0.5590000000000002,0.03287603,-0.00518218
2024-01-01,Austria,10Y,2.703,2.165,0.5379999999999998,-0.04307478,0.00364715
2024-02-01,Austria,10Y,2.897,2.41,0.48699999999999966,0.0,0.0
2024-03-01,Austria,10Y,2.815,2.297,0.5179999999999998,-0.02470938,0.02110809
2024-04-01,Austria,10Y,3.055,2.583,0.472,-0.00688623,0.00746176
2024-05-01,Austria,10Y,3.149,2.663,0.4860000000000002,0.0,0.0
2024-06-01,Austria,10Y,3.052,2.497,0.5550000000000002,0.01490844,0.0018587
2024-07-01,Austria,10Y,2.799,2.302,0.4969999999999999,-0.00635903,0.00050086
2024-08-01,Austria,10Y,2.81,2.298,0.512,0.0,0.0
2024-09-01,Austria,10Y,2.626,2.122,0.504,0.03255924,-0.01615053
2024-10-01,Austria,10Y,2.86,2.388,0.472,-0.02068547,-0.01217264
2024-11-01,Austria,10Y,2.513,2.086,0.42700000000000005,0.0,0.0
2024-12-01,Austria,10Y,2.771,2.364,0.40700000000000003,0.00609036,0.02176619
2025-01-01,Austria,10Y,2.813,2.458,0.355,-0.0087809,-0.00804116
2025-02-01,Austria,10Y,2.826,2.405,0.42100000000000026,0.0,0.0
2025-03-01,Austria,10Y,3.121,2.736,0.3849999999999998,-0.00193929,0.02623149
2025-04-01,Austria,10Y,2.878,2.443,0.43500000000000005,-0.03264565,-0.02455187
2025-05-01,Austria,10Y,2.884,2.499,0.3849999999999998,0.0,0.0
2025-06-01,Austria,10Y,2.985,2.605,0.3799999999999999,0.02367629,-0.00634498
2025-07-01,Austria,10Y,3.017,2.693,0.32399999999999984,0.02395822,-0.00106382
2025-08-01,Austria,10Y,3.04,2.723,0.31700000000000017,0.0,0.0
2025-09-01,Austria,10Y,3.005,2.71,0.29499999999999993,-0.01551833,0.00187802
2025-10-01,Austria,10Y,2.922,2.632,0.29000000000000004,-0.01065112,0.01192155
2025-11-01,Austria,10Y,2.962,2.688,0.274,,
2025-12-01,Austria,10Y,3.102,2.854,0.24799999999999978,,
2026-01-01,Austria,10Y,3.139,2.842,0.2969999999999997,,
2026-02-01,Austria,10Y,2.923,2.643,0.28000000000000025,,
2026-03-01,Austria,10Y,3.306,3.002,0.30400000000000027,,
2026-04-01,Austria,10Y,3.306,3.035,0.2709999999999999,,
2026-05-01,Austria,10Y,3.176,2.937,0.23900000000000032,,
2026-06-01,Austria,10Y,3.113,2.858,0.2549999999999999,,
2026-07-01,Austria,10Y,3.427,3.205,0.22199999999999998,,
2026-08-01,Austria,10Y,3.531,3.323,0.20800000000000018,,
2026-09-01,Austria,10Y,3.715,3.516,0.19899999999999984,,
1999-01-01,Austria,2Y,,2.844,,0.02914637,-0.06311121
1999-02-01,Austria,2Y,,3.128,,-0.00556514,0.00556514
1999-03-01,Austria,2Y,,2.878,,-0.00592203,0.00323799
1999-04-01,Austria,2Y,,2.694,,-0.00679893,-0.00330584
1999-05-01,Austria,2Y,2.946,2.789,0.15700000000000003,0.01543059,-0.00936631
1999-06-01,Austria,2Y,3.219,3.169,0.04999999999999982,0.00768436,-0.01317122
1999-07-01,Austria,2Y,3.43,3.389,0.04100000000000037,-0.00494872,0.02780708
1999-08-01,Austria,2Y,3.499,3.462,0.03699999999999992,0.00678846,-0.00826848
1999-09-01,Austria,2Y,3.548,3.662,-0.11399999999999988,-0.04166781,-0.00527997
1999-10-01,Austria,2Y,3.894,3.907,-0.0129999999999999,-0.06815947,-0.10613335
1999-11-01,Austria,2Y,4.277,3.983,0.29400000000000004,0.01057526,0.04684463
1999-12-01,Austria,2Y,4.407,4.208,0.24599999999999955,-0.00790024,0.00763541
2000-01-01,Austria,2Y,4.591,4.385,0.2060000000000004,0.01150505,-0.02335973
2000-02-01,Austria,2Y,4.612,4.439,0.17300000000000004,-0.04027945,0.06481814
2000-03-01,Austria,2Y,4.564,4.423,0.14100000000000001,-0.06675806,-0.0176937
2000-04-01,Austria,2Y,4.833,4.594,0.23899999999999988,0.02378726,-0.01526446
2000-05-01,Austria,2Y,5.196,4.942,0.25399999999999956,-0.06400218,0.06313006
2000-06-01,Austria,2Y,5.188,4.95,0.23799999999999955,0.11366676,0.04898755
2000-07-01,Austria,2Y,5.303,5.106,0.19700000000000006,0.02048594,-0.00231932
2000-08-01,Austria,2Y,5.381,5.211,0.16999999999999993,-0.04765312,-0.036261
2000-09-01,Austria,2Y,5.225,5.043,0.1819999999999995,-0.03226793,-0.00031136
2000-10-01,Austria,2Y,5.303,5.082,0.22100000000000009,0.02902834,0.0510063
2000-11-01,Austria,2Y,5.024,4.831,0.19299999999999962,-0.00713094,-0.01518934
2000-12-01,Austria,2Y,4.675,4.446,0.2290000000000001,-0.0010197,0.02324592
2001-01-01,Austria,2Y,4.536,4.386,0.14999999999999947,0.01139404,-0.00090513
2001-02-01,Austria,2Y,4.559,4.374,0.1850000000000005,-0.00204204,0.01927988
2001-03-01,Austria,2Y,4.345,4.138,0.20699999999999985,0.06859912,0.03120769
2001-04-01,Austria,2Y,4.804,4.626,0.17799999999999994,0.06421035,0.12710222
2001-05-01,Austria,2Y,4.508,4.386,0.12199999999999989,-0.13656878,-0.08779026
2001-06-01,Austria,2Y,4.403,4.281,0.12199999999999989,0.02854883,0.02396559
2001-07-01,Austria,2Y,4.228,4.134,0.09399999999999942,0.03007371,0.01514081
2001-08-01,Austria,2Y,3.985,3.947,0.03799999999999981,0.05079423,-0.02379363
2001-09-01,Austria,2Y,3.6,3.481,0.11900000000000022,0.0313824,-0.01387918
2001-10-01,Austria,2Y,3.205,3.14,0.06499999999999995,0.04317789,0.06975827
2001-11-01,Austria,2Y,3.392,3.387,0.004999999999999893,0.03107767,-0.00197459
2001-12-01,Austria,2Y,3.589,3.644,-0.06499999999999995,0.02660325,0.00333289
2002-01-01,Austria,2Y,4.197,3.902,0.29499999999999993,0.01003587,0.01147814
2002-02-01,Austria,2Y,4.173,3.872,0.30100000000000016,-0.00667414,0.03998737
2002-03-01,Austria,2Y,4.554,4.321,0.21499999999999986,-3.086e-05,0.01296051
2002-04-01,Austria,2Y,4.283,4.07,0.21300000000000008,-0.00247617,-0.01196426
2002-05-01,Austria,2Y,4.407,4.247,0.16000000000000014,0.03218836,0.01597417
2002-06-01,Austria,2Y,4.052,3.925,0.12699999999999978,0.01184929,-0.00618789
2002-07-01,Austria,2Y,3.711,3.618,0.09299999999999997,0.00352277,-0.0116348
2002-08-01,Austria,2Y,3.545,3.477,0.06800000000000006,0.01803811,-0.01560232
2002-09-01,Austria,2Y,3.112,3.071,0.040999999999999925,0.01607403,-0.04022966
2002-10-01,Austria,2Y,3.113,3.081,0.03200000000000003,0.02180133,0.01000217
2002-11-01,Austria,2Y,3.12,3.1,0.020000000000000018,0.06594808,-0.03659766
2002-12-01,Austria,2Y,2.715,2.721,-0.006000000000000227,0.00595453,-0.05100643
2003-01-01,Austria,2Y,2.78,2.596,0.18399999999999972,-0.02700705,0.05207753
2003-02-01,Austria,2Y,2.478,2.295,0.18300000000000027,0.05532359,-0.03445075
2003-03-01,Austria,2Y,2.598,2.407,0.19099999999999984,0.06711294,-0.02143875
2003-04-01,Austria,2Y,2.591,2.427,0.16400000000000015,0.01825694,0.00312353
2003-05-01,Austria,2Y,2.249,2.116,0.133,0.05561085,-0.01606747
2003-06-01,Austria,2Y,2.222,2.125,0.09699999999999998,0.00128217,-0.05865202
2003-07-01,Austria,2Y,2.568,2.456,0.1120000000000001,0.00179838,0.01282863
2003-08-01,Austria,2Y,2.702,2.593,0.10899999999999999,0.0,0.0
2003-09-01,Austria,2Y,2.317,2.297,0.020000000000000018,0.00235118,-0.00730611
2003-10-01,Austria,2Y,2.711,2.686,0.02499999999999991,0.03221462,-0.01758272
2003-11-01,Austria,2Y,2.804,2.812,-0.008000000000000007,-0.00093229,0.00553257
2003-12-01,Austria,2Y,2.526,2.605,-0.07900000000000018,0.01015649,-0.01957929
2004-01-01,Austria,2Y,2.763,2.524,0.23899999999999988,-0.0131573,0.00742273
2004-02-01,Austria,2Y,2.45,2.215,0.23500000000000032,-0.00162731,-0.00688155
2004-03-01,Austria,2Y,2.3,2.134,0.16599999999999993,0.01236658,0.02812953
2004-04-01,Austria,2Y,2.603,2.439,0.16400000000000015,0.04962089,0.02543383
2004-05-01,Austria,2Y,2.746,2.578,0.16800000000000015,0.01746509,-0.0065437
2004-06-01,Austria,2Y,2.776,2.723,0.052999999999999936,-0.01060389,-0.00014359
2004-07-01,Austria,2Y,2.658,2.626,0.03200000000000003,0.00862926,-0.00812276
2004-08-01,Austria,2Y,2.459,2.415,0.04400000000000004,-0.00139583,0.00217688
2004-09-01,Austria,2Y,2.545,2.583,-0.038000000000000256,0.0114091,0.00103921
2004-10-01,Austria,2Y,2.397,2.429,-0.03200000000000003,-0.00411348,-0.00801005
2004-11-01,Austria,2Y,2.327,2.351,-0.02400000000000002,-0.00031881,-0.00525612
2004-12-01,Austria,2Y,2.389,2.481,-0.09200000000000008,0.01785679,-0.00429348
2005-01-01,Austria,2Y,2.309,2.398,-0.08899999999999997,-0.01786635,-0.01631762
2005-02-01,Austria,2Y,2.367,2.491,-0.12400000000000011,0.00876981,-0.01224856
2005-03-01,Austria,2Y,2.344,2.492,-0.14800000000000013,-0.00906581,0.00175456
2005-04-01,Austria,2Y,2.13,2.248,-0.11800000000000033,0.00312037,-0.01689142
2005-05-01,Austria,2Y,2.249,2.141,0.1080000000000001,-0.00742018,0.0089191
2005-06-01,Austria,2Y,2.073,2.023,0.04999999999999982,0.01228622,0.00308786
2005-07-01,Austria,2Y,2.288,2.25,0.03799999999999981,-0.01999819,0.03965357
2005-08-01,Austria,2Y,2.238,2.199,0.039000000000000146,0.00221244,-0.00113823
2005-09-01,Austria,2Y,2.401,2.394,0.006999999999999673,-0.00616143,0.00137953
2005-10-01,Austria,2Y,2.645,2.629,0.016000000000000014,-0.00725165,0.0053286
2005-11-01,Austria,2Y,2.776,2.76,0.016000000000000014,-0.02639035,0.01567596
2005-12-01,Austria,2Y,2.824,2.862,-0.038000000000000256,-0.02869513,0.00122556
2006-01-01,Austria,2Y,2.962,2.955,0.007000000000000117,-0.01509696,-0.00771216
2006-02-01,Austria,2Y,3.037,3.021,0.016000000000000014,-0.00544505,-0.00324349
2006-03-01,Austria,2Y,3.271,3.29,-0.019000000000000128,0.02163882,-0.01310347
2006-04-01,Austria,2Y,3.355,3.379,-0.02400000000000002,-0.05627657,-0.03601184
2006-05-01,Austria,2Y,3.351,3.355,-0.0040000000000000036,0.00017422,-0.00236101
2006-06-01,Austria,2Y,3.512,3.574,-0.06199999999999983,-0.03946736,-0.00172699
2006-07-01,Austria,2Y,3.459,3.512,-0.052999999999999936,0.01414146,0.00627523
2006-08-01,Austria,2Y,3.506,3.522,-0.016000000000000014,0.01499431,0.01378088
2006-09-01,Austria,2Y,3.585,3.585,0.0,0.0,0.0
2006-10-01,Austria,2Y,3.663,3.678,-0.015000000000000124,-0.00312185,0.00292537
2006-11-01,Austria,2Y,3.669,3.658,0.01100000000000012,0.02599157,-0.03156989
2006-12-01,Austria,2Y,3.884,3.903,-0.019000000000000128,-0.01228785,0.03226851
2007-01-01,Austria,2Y,3.986,3.968,0.018000000000000238,-0.04184531,-0.00062716
2007-02-01,Austria,2Y,3.891,3.876,0.015000000000000124,0.01201155,-0.00426155
2007-03-01,Austria,2Y,4.018,4.016,0.0019999999999997797,0.00234815,0.00780903
2007-04-01,Austria,2Y,4.135,4.128,0.006999999999999673,0.00848509,-0.01206177
2007-05-01,Austria,2Y,4.422,4.394,0.02799999999999958,0.00231754,-0.00518441
2007-06-01,Austria,2Y,4.498,4.462,0.036000000000000476,3.95e-06,-0.00707298
2007-07-01,Austria,2Y,4.36,4.299,0.06099999999999994,0.00420353,-0.00350775
2007-08-01,Austria,2Y,4.085,4.013,0.07200000000000006,-7.551e-05,-0.00333671
2007-09-01,Austria,2Y,4.107,4.028,0.07900000000000063,-0.0363456,-0.00270934
2007-10-01,Austria,2Y,4.145,4.056,0.08899999999999952,0.00166756,-0.00365079
2007-11-01,Austria,2Y,3.891,3.831,0.06000000000000005,0.00101171,-0.02129922
2007-12-01,Austria,2Y,4.066,3.964,0.10199999999999987,0.02203938,-0.00235725
2008-01-01,Austria,2Y,3.467,3.373,0.09399999999999986,0.00854417,-0.01034839
2008-02-01,Austria,2Y,3.229,3.16,0.06899999999999995,-0.00565551,-0.04432311
2008-03-01,Austria,2Y,3.675,3.431,0.24399999999999977,0.03287918,-0.00319577
2008-04-01,Austria,2Y,3.927,3.757,0.16999999999999993,-0.00107664,0.00211722
2008-05-01,Austria,2Y,4.428,4.316,0.1120000000000001,0.0079654,-0.01921652
2008-06-01,Austria,2Y,4.739,4.597,0.14199999999999946,0.08718549,0.05944987
2008-07-01,Austria,2Y,4.417,4.26,0.15700000000000003,-0.08616599,0.0003162
2008-08-01,Austria,2Y,4.265,4.111,0.15399999999999991,-0.00047578,-0.0412033
2008-09-01,Austria,2Y,3.601,3.476,0.125,0.02062448,-0.02765799
2008-10-01,Austria,2Y,2.824,2.542,0.28200000000000003,-0.00294813,-0.05476331
2008-11-01,Austria,2Y,2.707,2.188,0.5189999999999997,0.14345953,0.0601037
2008-12-01,Austria,2Y,2.483,1.755,0.7280000000000002,0.07249163,-0.02195657
2009-01-01,Austria,2Y,1.998,1.532,0.46599999999999997,0.00570074,-0.03082516
2009-02-01,Austria,2Y,2.038,1.311,0.7269999999999999,-0.0142095,-0.04348585
2009-03-01,Austria,2Y,1.732,1.235,0.4969999999999999,-0.00508159,0.00953191
2009-04-01,Austria,2Y,1.663,1.337,0.32600000000000007,0.04361952,0.04035626
2009-05-01,Austria,2Y,1.424,1.419,0.004999999999999893,-0.00276712,-0.02144281
2009-06-01,Austria,2Y,1.303,1.365,-0.062000000000000055,0.01914683,0.01991529
2009-07-01,Austria,2Y,1.131,1.263,-0.1319999999999999,0.01967426,-0.08702865
2009-08-01,Austria,2Y,1.043,1.244,-0.20100000000000007,0.00382895,-0.00227106
2009-09-01,Austria,2Y,0.956,1.265,-0.30899999999999994,-0.01479861,-0.0288011
2009-10-01,Austria,2Y,1.02,1.288,-0.268,-0.00631641,-0.01739833
2009-11-01,Austria,2Y,1.02,1.257,-0.23699999999999988,-0.03362904,0.01798103
2009-12-01,Austria,2Y,1.02,1.331,-0.31099999999999994,-0.03020061,-0.01008083
2010-01-01,Austria,2Y,1.569,1.118,0.45099999999999985,-6.14e-06,-0.01162683
2010-02-01,Austria,2Y,1.305,0.955,0.35,0.02809804,-0.03309557
2010-03-01,Austria,2Y,1.182,0.958,0.22399999999999998,-0.01619472,0.00347371
2010-04-01,Austria,2Y,1.03,0.771,0.259,0.00539033,-0.00101855
2010-05-01,Austria,2Y,0.705,0.514,0.19099999999999995,0.02627696,-0.01799763
2010-06-01,Austria,2Y,0.862,0.6,0.262,-0.02371403,0.02024375
2010-07-01,Austria,2Y,0.984,0.784,0.19999999999999996,0.00522594,0.04208827
2010-08-01,Austria,2Y,0.767,0.59,0.17700000000000005,0.01420454,-0.02426078
2010-09-01,Austria,2Y,1.04,0.834,0.20600000000000007,-0.00294235,-0.01052608
2010-10-01,Austria,2Y,1.152,0.989,0.16299999999999992,-0.00279264,0.00162802
2010-11-01,Austria,2Y,1.123,0.856,0.267,-0.00010904,-0.0080795
2010-12-01,Austria,2Y,1.371,0.864,0.507,-0.00484115,-0.02320713
2011-01-01,Austria,2Y,1.8,1.368,0.43199999999999994,0.01844172,0.01740865
2011-02-01,Austria,2Y,1.852,1.511,0.3410000000000002,-0.02451558,-0.01441031
2011-03-01,Austria,2Y,2.112,1.787,0.3250000000000002,0.07028429,0.06022116
2011-04-01,Austria,2Y,2.118,1.767,0.351,-0.00244173,0.01943218
2011-05-01,Austria,2Y,1.841,1.601,0.24,-0.05955414,-0.04508166
2011-06-01,Austria,2Y,1.839,1.603,0.236,-0.01534681,-0.00214682
2011-07-01,Austria,2Y,1.428,1.158,0.27,-0.01354933,0.02770202
2011-08-01,Austria,2Y,1.07,0.714,0.3560000000000001,-0.04366301,-0.12013885
2011-09-01,Austria,2Y,0.992,0.547,0.44499999999999995,0.01207522,-0.01000965
2011-10-01,Austria,2Y,0.99,0.536,0.45399999999999996,0.10619898,0.05031052
2011-11-01,Austria,2Y,1.444,0.331,1.113,-0.07192325,-0.0611927
2011-12-01,Austria,2Y,0.901,0.139,0.762,0.03349252,-0.03948307
2012-01-01,Austria,2Y,0.722,0.156,0.566,0.02629851,-0.02840244
2012-02-01,Austria,2Y,0.765,0.188,0.577,-0.01433788,0.01535817
2012-03-01,Austria,2Y,0.613,0.204,0.40900000000000003,0.00682966,-0.00830541
2012-04-01,Austria,2Y,0.589,0.076,0.513,0.00683135,-0.00606342
2012-05-01,Austria,2Y,0.362,0.007,0.40099999999999997,0.04135716,-0.02621478
2012-06-01,Austria,2Y,0.395,0.12,0.275,0.03338643,-0.00627108
2012-07-01,Austria,2Y,0.005,-0.094,0.099,-0.0072012,-0.10685152
2012-08-01,Austria,2Y,0.042,-0.037,0.079,0.10355838,-0.07344139
2012-09-01,Austria,2Y,0.098,0.018,0.08,-0.03500514,0.0388083
2012-10-01,Austria,2Y,0.101,0.035,0.066,0.00539462,-0.00081696
2012-11-01,Austria,2Y,0.046,0.007,0.039,0.00753017,0.00512519
2012-12-01,Austria,2Y,0.035,-0.021,0.05600000000000001,-0.0037345,-0.00486517
2013-01-01,Austria,2Y,0.283,0.266,0.01699999999999996,-0.00316676,0.01806952
2013-02-01,Austria,2Y,0.052,0.037,0.015,-0.00649124,-0.0096722
2013-03-01,Austria,2Y,0.105,-0.026,0.131,0.00845211,0.00457824
2013-04-01,Austria,2Y,0.083,0.011,0.07200000000000001,0.02524541,-0.02755056
2013-05-01,Austria,2Y,0.166,0.067,0.099,-0.00548678,-0.005251
2013-06-01,Austria,2Y,0.321,0.187,0.134,0.03220402,-0.01512024
2013-07-01,Austria,2Y,0.194,0.15,0.04400000000000001,-0.06055783,0.04203836
2013-08-01,Austria,2Y,0.279,0.235,0.04400000000000004,-0.0028711,0.01132435
2013-09-01,Austria,2Y,0.227,0.166,0.061,-0.00632233,0.00132339
2013-10-01,Austria,2Y,0.166,0.113,0.053000000000000005,0.00677482,-0.00609358
2013-11-01,Austria,2Y,0.161,0.114,0.047,-0.03543784,0.02352032
2013-12-01,Austria,2Y,0.217,0.207,0.010000000000000009,0.0178962,-0.00423027
2014-01-01,Austria,2Y,0.114,0.066,0.048,0.0074008,-0.01504822
2014-02-01,Austria,2Y,0.154,0.127,0.026999999999999996,0.0193551,0.02089548
2014-03-01,Austria,2Y,0.174,0.158,0.015999999999999986,0.03148079,0.01102582
2014-04-01,Austria,2Y,0.165,0.14,0.024999999999999994,-0.01390848,0.03683678
2014-05-01,Austria,2Y,0.105,0.061,0.044,-0.00528758,0.01007157
2014-06-01,Austria,2Y,0.084,0.025,0.059000000000000004,-0.03637694,0.01209969
2014-07-01,Austria,2Y,0.051,0.022,0.028999999999999998,-0.01783726,0.01292655
2014-08-01,Austria,2Y,0.002,-0.033,0.035,0.00070312,0.00187773
2014-09-01,Austria,2Y,-0.028,-0.083,0.05500000000000001,-0.06422641,-0.00068183
2014-10-01,Austria,2Y,-0.023,-0.058,0.035,0.05409899,-0.04887129
2014-11-01,Austria,2Y,0.003,-0.034,0.037000000000000005,-0.03680355,0.03947588
2014-12-01,Austria,2Y,-0.07,-0.11,0.039999999999999994,0.05596263,-0.04833079
2015-01-01,Austria,2Y,-0.138,-0.187,0.04899999999999999,-0.01922483,0.01173607
2015-02-01,Austria,2Y,-0.149,-0.229,0.08000000000000002,0.0,0.0
2015-03-01,Austria,2Y,-0.183,-0.255,0.07200000000000001,0.00035536,-0.00385565
2015-04-01,Austria,2Y,-0.126,-0.224,0.098,-0.00142985,0.00811493
2015-05-01,Austria,2Y,-0.161,-0.229,0.068,0.0,0.0
2015-06-01,Austria,2Y,-0.132,-0.229,0.097,0.00884221,-0.01158719
2015-07-01,Austria,2Y,-0.18,-0.235,0.05499999999999999,-0.00145856,0.00208231
2015-08-01,Austria,2Y,-0.137,-0.207,0.06999999999999998,0.0,0.0
2015-09-01,Austria,2Y,-0.191,-0.255,0.064,-0.03170106,0.0298776
2015-10-01,Austria,2Y,-0.263,-0.317,0.05399999999999999,-0.07457095,0.05369102
2015-11-01,Austria,2Y,-0.333,-0.419,0.08599999999999997,0.0,0.0
2015-12-01,Austria,2Y,-0.318,-0.349,0.030999999999999972,0.16522564,-0.06777853
2016-01-01,Austria,2Y,-0.439,-0.49,0.05099999999999999,-0.02353204,0.00207732
2016-02-01,Austria,2Y,-0.498,-0.574,0.07599999999999996,0.0,0.0
2016-03-01,Austria,2Y,-0.436,-0.489,0.05299999999999999,0.00295142,0.04696157
2016-04-01,Austria,2Y,-0.444,-0.485,0.04099999999999998,0.00874813,-0.00714425
2016-05-01,Austria,2Y,-0.485,-0.517,0.03200000000000003,0.0,0.0
2016-06-01,Austria,2Y,-0.552,-0.663,0.11099999999999999,0.01416894,-0.01469861
2016-07-01,Austria,2Y,-0.561,-0.632,0.07099999999999995,0.00420598,0.02136953
2016-08-01,Austria,2Y,-0.565,-0.625,0.06000000000000005,0.0,0.0
2016-09-01,Austria,2Y,-0.638,-0.693,0.05499999999999994,0.02928932,-0.01588046
2016-10-01,Austria,2Y,-0.617,-0.626,0.009000000000000008,-0.00343218,0.00288461
2016-11-01,Austria,2Y,-0.676,-0.735,0.05899999999999994,0.0,0.0
2016-12-01,Austria,2Y,-0.698,-0.8,0.10200000000000009,-0.02369548,0.02494524
2017-01-01,Austria,2Y,-0.594,-0.71,0.11599999999999999,-0.01136922,0.01125365
2017-02-01,Austria,2Y,-0.76,-0.909,0.14900000000000002,0.0,0.0
2017-03-01,Austria,2Y,-0.681,-0.75,0.06899999999999995,-0.01209542,0.01300103
2017-04-01,Austria,2Y,-0.583,-0.74,0.15700000000000003,-0.00220409,-0.00059132
2017-05-01,Austria,2Y,-0.612,-0.723,0.11099999999999999,0.0,0.0
2017-06-01,Austria,2Y,-0.512,-0.581,0.06899999999999995,0.00468379,-0.00618022
2017-07-01,Austria,2Y,-0.573,-0.688,0.11499999999999999,-0.00745165,-0.00386945
2017-08-01,Austria,2Y,-0.628,-0.733,0.10499999999999998,0.0,0.0
2017-09-01,Austria,2Y,-0.59,-0.697,0.10699999999999998,-0.00127015,0.00235026
2017-10-01,Austria,2Y,-0.656,-0.754,0.09799999999999998,-0.01205914,0.01350465
2017-11-01,Austria,2Y,-0.628,-0.69,0.061999999999999944,0.0,0.0
2017-12-01,Austria,2Y,-0.528,-0.639,0.11099999999999999,-0.00726541,0.00542794
2018-01-01,Austria,2Y,-0.489,-0.535,0.04600000000000004,0.01937805,-0.01940399
2018-02-01,Austria,2Y,-0.383,-0.548,0.16500000000000004,0.0,0.0
2018-03-01,Austria,2Y,-0.455,-0.613,0.15699999999999997,-0.01997759,0.02238169
2018-04-01,Austria,2Y,-0.467,-0.592,0.12499999999999994,0.00352961,-0.00433858
2018-05-01,Austria,2Y,-0.509,-0.667,0.15800000000000003,0.0,0.0
2018-06-01,Austria,2Y,-0.592,-0.674,0.08200000000000007,-0.04271677,0.03658385
2018-07-01,Austria,2Y,-0.482,-0.579,0.09699999999999998,-0.00753783,0.00753783
2018-08-01,Austria,2Y,-0.531,-0.611,0.07999999999999996,0.0,0.0
2018-09-01,Austria,2Y,-0.464,-0.532,0.068,0.00550418,-0.00644394
2018-10-01,Austria,2Y,-0.592,-0.624,0.03200000000000003,0.02001239,-0.01825893
2018-11-01,Austria,2Y,-0.598,-0.602,0.0040000000000000036,0.0,0.0
2018-12-01,Austria,2Y,-0.563,-0.62,0.05700000000000005,-0.00415027,0.00355439
2019-01-01,Austria,2Y,-0.496,-0.569,0.07299999999999995,0.0175893,-0.02145109
2019-02-01,Austria,2Y,-0.45,-0.528,0.07800000000000001,0.0,0.0
2019-03-01,Austria,2Y,-0.561,-0.611,0.04999999999999993,0.00868726,-0.01442751
2019-04-01,Austria,2Y,-0.536,-0.59,0.05399999999999994,-0.00273599,-0.00018377
2019-05-01,Austria,2Y,-0.608,-0.673,0.06500000000000006,0.0,0.0
2019-06-01,Austria,2Y,-0.678,-0.758,0.07999999999999996,0.03058214,-0.0071408
2019-07-01,Austria,2Y,-0.714,-0.785,0.07100000000000006,0.04218756,-0.00506254
2019-08-01,Austria,2Y,-0.832,-0.933,0.10100000000000009,0.0,0.0
2019-09-01,Austria,2Y,-0.706,-0.773,0.06700000000000006,0.03217407,0.03487853
2019-10-01,Austria,2Y,-0.613,-0.668,0.05500000000000005,0.00764552,-0.00665165
2019-11-01,Austria,2Y,-0.591,-0.636,0.04500000000000004,0.0,0.0
2019-12-01,Austria,2Y,-0.585,-0.612,0.027000000000000024,-0.01029327,0.01098215
2020-01-01,Austria,2Y,-0.645,-0.674,0.029000000000000026,0.01788192,-0.01219238
2020-02-01,Austria,2Y,-0.724,-0.776,0.052000000000000046,0.0,0.0
2020-03-01,Austria,2Y,-0.59,-0.702,0.11199999999999999,0.18996661,-0.0646914
2020-04-01,Austria,2Y,-0.645,-0.777,0.132,0.04450687,-0.0282567
2020-05-01,Austria,2Y,-0.574,-0.668,0.09400000000000008,0.0,0.0
2020-06-01,Austria,2Y,-0.613,-0.695,0.08199999999999996,0.00075699,0.00221042
2020-07-01,Austria,2Y,-0.652,-0.72,0.06799999999999995,-0.01051453,0.00663075
2020-08-01,Austria,2Y,-0.623,-0.658,0.03500000000000003,0.0,0.0
2020-09-01,Austria,2Y,-0.66,-0.705,0.04499999999999993,-0.01137573,0.0209051
2020-10-01,Austria,2Y,-0.765,-0.798,0.03300000000000003,-0.04440888,0.03827308
2020-11-01,Austria,2Y,-0.719,-0.749,0.030000000000000027,0.0,0.0
2020-12-01,Austria,2Y,-0.707,-0.715,0.008000000000000007,0.02960964,-0.0146942
2021-01-01,Austria,2Y,-0.702,-0.738,0.03600000000000003,0.01223291,-0.00964168
2021-02-01,Austria,2Y,-0.595,-0.668,0.07300000000000006,0.0,0.0
2021-03-01,Austria,2Y,-0.649,-0.695,0.04599999999999993,0.00286225,0.0097477
2021-04-01,Austria,2Y,-0.646,-0.69,0.04399999999999993,0.00189025,-0.00343929
2021-05-01,Austria,2Y,-0.634,-0.668,0.03400000000000003,0.0,0.0
2021-06-01,Austria,2Y,-0.636,-0.667,0.031000000000000028,-0.01563274,0.01470217
2021-07-01,Austria,2Y,-0.746,-0.767,0.02100000000000002,0.0073095,-0.00768279
2021-08-01,Austria,2Y,-0.766,-0.722,-0.04400000000000004,0.0,0.0
2021-09-01,Austria,2Y,-0.755,-0.695,-0.06000000000000005,-0.01404805,0.01567899
2021-10-01,Austria,2Y,-0.628,-0.591,-0.03700000000000003,0.00670146,-0.0061872
2021-11-01,Austria,2Y,-0.751,-0.746,-0.0050000000000000044,0.0,0.0
2021-12-01,Austria,2Y,-0.684,-0.636,-0.04800000000000004,0.02039478,-0.02349587
2022-01-01,Austria,2Y,-0.59,-0.536,-0.05399999999999994,0.0,0.0
2022-02-01,Austria,2Y,-0.55,-0.539,-0.01100000000000001,0.03923857,-0.02262021
2022-03-01,Austria,2Y,0.032,-0.08,0.112,0.01158872,0.00288687
2022-04-01,Austria,2Y,0.287,0.254,0.032999999999999974,-0.02722772,-0.01209206
2022-05-01,Austria,2Y,0.494,0.494,0.0,0.0,0.0
2022-06-01,Austria,2Y,0.61,0.632,-0.02200000000000002,0.04000315,-0.05017059
2022-07-01,Austria,2Y,0.334,0.264,0.07,0.06062276,0.06828821
2022-08-01,Austria,2Y,1.226,1.184,0.04200000000000004,0.0,0.0
2022-09-01,Austria,2Y,1.837,1.747,0.08999999999999986,0.06553518,0.05123198
2022-10-01,Austria,2Y,1.941,1.927,0.014000000000000012,-0.0484317,-0.00738864
2022-11-01,Austria,2Y,2.137,2.112,0.02499999999999991,0.0,0.0
2022-12-01,Austria,2Y,2.785,2.738,0.04700000000000015,0.08741766,-0.05187298
2023-01-01,Austria,2Y,2.681,2.644,0.03699999999999992,0.0,0.0
2023-02-01,Austria,2Y,3.176,3.128,0.04800000000000004,-0.02825908,0.00739243
2023-03-01,Austria,2Y,2.791,2.673,0.11799999999999988,0.06364707,0.13706177
2023-04-01,Austria,2Y,2.843,2.675,0.16800000000000015,0.0,0.0
2023-05-01,Austria,2Y,2.818,2.707,0.11100000000000021,-0.05445383,-0.02205352
2023-06-01,Austria,2Y,3.285,3.188,0.09699999999999998,0.00310685,0.01212789
2023-07-01,Austria,2Y,3.269,3.031,0.238,-0.02931627,0.00761737
2023-08-01,Austria,2Y,3.169,2.967,0.20199999999999996,0.0,0.0
2023-09-01,Austria,2Y,3.463,3.198,0.2650000000000001,0.00399758,0.06922208
2023-10-01,Austria,2Y,3.14,3.011,0.129,-0.02513959,0.0050286
2023-11-01,Austria,2Y,2.948,2.812,0.13600000000000012,0.0,0.0
2023-12-01,Austria,2Y,2.449,2.392,0.05699999999999994,0.03287603,-0.00518218
2024-01-01,Austria,2Y,2.555,2.415,0.14000000000000012,-0.04307478,0.00364715
2024-02-01,Austria,2Y,3.006,2.898,0.10799999999999965,0.0,0.0
2024-03-01,Austria,2Y,2.884,2.846,0.03799999999999981,-0.02470938,0.02110809
2024-04-01,Austria,2Y,3.132,3.03,0.10200000000000031,-0.00688623,0.00746176
2024-05-01,Austria,2Y,3.199,3.093,0.10599999999999987,0.0,0.0
2024-06-01,Austria,2Y,3.154,2.828,0.32600000000000007,0.01490844,0.0018587
2024-07-01,Austria,2Y,2.788,2.525,0.2629999999999999,-0.00635903,0.00050086
2024-08-01,Austria,2Y,2.69,2.388,0.30200000000000005,0.0,0.0
2024-09-01,Austria,2Y,2.249,2.064,0.18500000000000005,0.03255924,-0.01615053
2024-10-01,Austria,2Y,2.5,2.276,0.2240000000000002,-0.02068547,-0.01217264
2024-11-01,Austria,2Y,2.053,1.945,0.10799999999999987,0.0,0.0
2024-12-01,Austria,2Y,2.177,2.077,0.10000000000000009,0.00609036,0.02176619
2025-01-01,Austria,2Y,2.239,2.11,0.129,-0.0087809,-0.00804116
2025-02-01,Austria,2Y,2.155,2.021,0.1339999999999999,0.0,0.0
2025-03-01,Austria,2Y,2.203,2.045,0.15799999999999992,-0.00193929,0.02623149
2025-04-01,Austria,2Y,1.841,1.683,0.15799999999999992,-0.03264565,-0.02455187
2025-05-01,Austria,2Y,1.868,1.772,0.09600000000000009,0.0,0.0
2025-06-01,Austria,2Y,1.949,1.857,0.09200000000000008,0.02367629,-0.00634498
2025-07-01,Austria,2Y,2.032,1.96,0.07200000000000006,0.02395822,-0.00106382
2025-08-01,Austria,2Y,1.98,1.937,0.04299999999999993,0.0,0.0
2025-09-01,Austria,2Y,2.129,2.018,0.11100000000000021,-0.01551833,0.00187802
2025-10-01,Austria,2Y,2.065,1.966,0.09899999999999998,-0.01065112,0.01192155
2025-11-01,Austria,2Y,2.089,2.026,0.06300000000000017,,
2025-12-01,Austria,2Y,2.156,2.12,0.03600000000000003,,
2026-01-01,Austria,2Y,2.102,2.085,0.016999999999999904,,
2026-02-01,Austria,2Y,2.023,1.995,0.028000000000000025,,
2026-03-01,Austria,2Y,2.666,2.613,0.052999999999999936,,
2026-04-01,Austria,2Y,2.624,2.64,-0.016000000000000014,,
2026-05-01,Austria,2Y,2.546,2.526,0.020000000000000018,,
2026-06-01,Austria,2Y,2.557,2.524,0.03299999999999992,,
2026-07-01,Austria,2Y,2.839,2.817,0.021999999999999797,,
2026-08-01,Austria,2Y,2.934,2.934,0.0,,
2026-09-01,Austria,2Y,3.232,3.26,-0.02799999999999958,,
1999-01-01,Austria,5Y,,3.127,,0.02914637,-0.06311121
1999-02-01,Austria,5Y,,3.406,,-0.00556514,0.00556514
1999-03-01,Austria,5Y,,3.228,,-0.00592203,0.00323799
1999-04-01,Austria,5Y,,3.089,,-0.00679893,-0.00330584
1999-05-01,Austria,5Y,3.578,3.317,0.2609999999999997,0.01543059,-0.00936631
1999-06-01,Austria,5Y,4.092,3.847,0.24499999999999966,0.00768436,-0.01317122
1999-07-01,Austria,5Y,4.43,4.186,0.24399999999999977,-0.00494872,0.02780708
1999-08-01,Austria,5Y,4.518,4.307,0.2109999999999994,0.00678846,-0.00826848
1999-09-01,Austria,5Y,4.724,4.424,0.2999999999999998,-0.04166781,-0.00527997
1999-10-01,Austria,5Y,4.916,4.641,0.27500000000000036,-0.06815947,-0.10613335
1999-11-01,Austria,5Y,4.849,4.632,0.21700000000000053,0.01057526,0.04684463
1999-12-01,Austria,5Y,5.028,4.79,0.23599999999999977,-0.00790024,0.00763541
2000-01-01,Austria,5Y,5.284,5.052,0.2320000000000002,0.01150505,-0.02335973
2000-02-01,Austria,5Y,5.238,5.088,0.15000000000000036,-0.04027945,0.06481814
2000-03-01,Austria,5Y,5.049,4.854,0.19500000000000028,-0.06675806,-0.0176937
2000-04-01,Austria,5Y,5.245,4.998,0.2469999999999999,0.02378726,-0.01526446
2000-05-01,Austria,5Y,5.375,5.046,0.32899999999999974,-0.06400218,0.06313006
2000-06-01,Austria,5Y,5.367,5.022,0.34499999999999975,0.11366676,0.04898755
2000-07-01,Austria,5Y,5.416,5.141,0.27500000000000036,0.02048594,-0.00231932
2000-08-01,Austria,5Y,5.503,5.237,0.266,-0.04765312,-0.036261
2000-09-01,Austria,5Y,5.382,5.057,0.3249999999999993,-0.03226793,-0.00031136
2000-10-01,Austria,5Y,5.359,5.073,0.2859999999999996,0.02902834,0.0510063
2000-11-01,Austria,5Y,5.085,4.828,0.2569999999999997,-0.00713094,-0.01518934
2000-12-01,Austria,5Y,4.78,4.508,0.27200000000000024,-0.0010197,0.02324592
2001-01-01,Austria,5Y,4.711,4.495,0.2160000000000002,0.01139404,-0.00090513
2001-02-01,Austria,5Y,4.686,4.482,0.20399999999999974,-0.00204204,0.01927988
2001-03-01,Austria,5Y,4.557,4.334,0.22300000000000075,0.06859912,0.03120769
2001-04-01,Austria,5Y,4.94,4.748,0.19200000000000017,0.06421035,0.12710222
2001-05-01,Austria,5Y,4.876,4.731,0.14500000000000046,-0.13656878,-0.08779026
2001-06-01,Austria,5Y,4.842,4.59,0.2519999999999998,0.02854883,0.02396559
2001-07-01,Austria,5Y,4.631,4.413,0.21799999999999997,0.03007371,0.01514081
2001-08-01,Austria,5Y,4.463,4.201,0.26200000000000045,0.05079423,-0.02379363
2001-09-01,Austria,5Y,4.297,4.062,0.23499999999999943,0.0313824,-0.01387918
2001-10-01,Austria,5Y,3.903,3.741,0.16199999999999992,0.04317789,0.06975827
2001-11-01,Austria,5Y,4.161,4.026,0.1349999999999998,0.03107767,-0.00197459
2001-12-01,Austria,5Y,4.51,4.386,0.11299999999999955,0.02660325,0.00333289
2002-01-01,Austria,5Y,4.752,4.505,0.2469999999999999,0.01003587,0.01147814
2002-02-01,Austria,5Y,4.74,4.546,0.19399999999999995,-0.00667414,0.03998737
2002-03-01,Austria,5Y,5.075,4.902,0.16699999999999982,-3.086e-05,0.01296051
2002-04-01,Austria,5Y,4.88,4.71,0.16999999999999993,-0.00247617,-0.01196426
2002-05-01,Austria,5Y,4.97,4.8,0.16999999999999993,0.03218836,0.01597417
2002-06-01,Austria,5Y,4.693,4.491,0.20199999999999996,0.01184929,-0.00618789
2002-07-01,Austria,5Y,4.418,4.196,0.22200000000000042,0.00352277,-0.0116348
2002-08-01,Austria,5Y,4.192,4.049,0.1429999999999998,0.01803811,-0.01560232
2002-09-01,Austria,5Y,3.762,3.601,0.16100000000000003,0.01607403,-0.04022966
2002-10-01,Austria,5Y,3.942,3.784,0.15800000000000036,0.02180133,0.01000217
2002-11-01,Austria,5Y,3.89,3.8,0.0900000000000003,0.06594808,-0.03659766
2002-12-01,Austria,5Y,3.485,3.395,0.08999999999999986,0.00595453,-0.05100643
2003-01-01,Austria,5Y,3.375,3.266,0.10899999999999999,-0.02700705,0.05207753
2003-02-01,Austria,5Y,3.091,3.055,0.03600000000000003,0.05532359,-0.03445075
2003-03-01,Austria,5Y,3.23,3.24,-0.010000000000000231,0.06711294,-0.02143875
2003-04-01,Austria,5Y,3.248,3.273,-0.02499999999999991,0.01825694,0.00312353
2003-05-01,Austria,5Y,2.852,2.879,-0.027000000000000135,0.05561085,-0.01606747
2003-06-01,Austria,5Y,2.906,2.949,-0.042999999999999705,0.00128217,-0.05865202
2003-07-01,Austria,5Y,3.343,3.363,-0.020000000000000018,0.00179838,0.01282863
2003-08-01,Austria,5Y,3.428,3.463,-0.03500000000000014,0.0,0.0
2003-09-01,Austria,5Y,3.064,3.097,-0.03299999999999992,0.00235118,-0.00730611
2003-10-01,Austria,5Y,3.48,3.601,-0.121,0.03221462,-0.01758272
2003-11-01,Austria,5Y,3.62,3.743,-0.12299999999999978,-0.00093229,0.00553257
2003-12-01,Austria,5Y,3.361,3.504,-0.1429999999999998,0.01015649,-0.01957929
2004-01-01,Austria,5Y,3.612,3.402,0.20999999999999996,-0.0131573,0.00742273
2004-02-01,Austria,5Y,3.336,3.244,0.09199999999999964,-0.00162731,-0.00688155
2004-03-01,Austria,5Y,3.185,3.093,0.09200000000000008,0.01236658,0.02812953
2004-04-01,Austria,5Y,3.495,3.411,0.08400000000000007,0.04962089,0.02543383
2004-05-01,Austria,5Y,3.658,3.578,0.08000000000000007,0.01746509,-0.0065437
2004-06-01,Austria,5Y,3.658,3.572,0.08599999999999985,-0.01060389,-0.00014359
2004-07-01,Austria,5Y,3.536,3.458,0.07799999999999985,0.00862926,-0.00812276
2004-08-01,Austria,5Y,3.298,3.32,-0.021999999999999797,-0.00139583,0.00217688
2004-09-01,Austria,5Y,3.302,3.317,-0.015000000000000124,0.0114091,0.00103921
2004-10-01,Austria,5Y,3.138,3.164,-0.026000000000000245,-0.00411348,-0.00801005
2004-11-01,Austria,5Y,3.011,3.043,-0.03200000000000003,-0.00031881,-0.00525612
2004-12-01,Austria,5Y,2.998,3.031,-0.03299999999999992,0.01785679,-0.00429348
2005-01-01,Austria,5Y,2.885,2.927,-0.04200000000000026,-0.01786635,-0.01631762
2005-02-01,Austria,5Y,3.037,3.076,-0.039000000000000146,0.00876981,-0.01224856
2005-03-01,Austria,5Y,2.953,3.061,-0.1080000000000001,-0.00906581,0.00175456
2005-04-01,Austria,5Y,2.685,2.79,-0.10499999999999998,0.00312037,-0.01689142
2005-05-01,Austria,5Y,2.614,2.638,-0.02400000000000002,-0.00742018,0.0089191
2005-06-01,Austria,5Y,2.454,2.481,-0.02699999999999969,0.01228622,0.00308786
2005-07-01,Austria,5Y,2.614,2.647,-0.03299999999999992,-0.01999819,0.03965357
2005-08-01,Austria,5Y,2.512,2.539,-0.027000000000000135,0.00221244,-0.00113823
2005-09-01,Austria,5Y,2.652,2.732,-0.08000000000000007,-0.00616143,0.00137953
2005-10-01,Austria,5Y,2.919,3.007,-0.08800000000000008,-0.00725165,0.0053286
2005-11-01,Austria,5Y,3.015,3.093,-0.07799999999999985,-0.02639035,0.01567596
2005-12-01,Austria,5Y,2.981,3.068,-0.08700000000000019,-0.02869513,0.00122556
2006-01-01,Austria,5Y,3.156,3.22,-0.06400000000000006,-0.01509696,-0.00771216
2006-02-01,Austria,5Y,3.271,3.262,0.008999999999999897,-0.00544505,-0.00324349
2006-03-01,Austria,5Y,3.567,3.585,-0.017999999999999794,0.02163882,-0.01310347
2006-04-01,Austria,5Y,3.727,3.735,-0.008000000000000007,-0.05627657,-0.03601184
2006-05-01,Austria,5Y,3.681,3.697,-0.016000000000000014,0.00017422,-0.00236101
2006-06-01,Austria,5Y,3.823,3.84,-0.016999999999999904,-0.03946736,-0.00172699
2006-07-01,Austria,5Y,3.688,3.695,-0.006999999999999673,0.01414146,0.00627523
2006-08-01,Austria,5Y,3.589,3.588,0.0009999999999998899,0.01499431,0.01378088
2006-09-01,Austria,5Y,3.61,3.628,-0.018000000000000238,0.0,0.0
2006-10-01,Austria,5Y,3.677,3.683,-0.005999999999999783,-0.00312185,0.00292537
2006-11-01,Austria,5Y,3.633,3.635,-0.0019999999999997797,0.02599157,-0.03156989
2006-12-01,Austria,5Y,3.939,3.921,0.018000000000000238,-0.01228785,0.03226851
2007-01-01,Austria,5Y,4.063,4.036,0.027000000000000135,-0.04184531,-0.00062716
2007-02-01,Austria,5Y,3.921,3.892,0.028999999999999915,0.01201155,-0.00426155
2007-03-01,Austria,5Y,4.05,4.018,0.03200000000000003,0.00234815,0.00780903
2007-04-01,Austria,5Y,4.159,4.134,0.024999999999999467,0.00848509,-0.01206177
2007-05-01,Austria,5Y,4.447,4.412,0.03500000000000014,0.00231754,-0.00518441
2007-06-01,Austria,5Y,4.573,4.527,0.04600000000000026,3.95e-06,-0.00707298
2007-07-01,Austria,5Y,4.398,4.319,0.07899999999999974,0.00420353,-0.00350775
2007-08-01,Austria,5Y,4.192,4.115,0.07699999999999996,-7.551e-05,-0.00333671
2007-09-01,Austria,5Y,4.242,4.163,0.07899999999999974,-0.0363456,-0.00270934
2007-10-01,Austria,5Y,4.195,4.132,0.06300000000000061,0.00166756,-0.00365079
2007-11-01,Austria,5Y,4.024,3.911,0.11299999999999999,0.00101171,-0.02129922
2007-12-01,Austria,5Y,4.198,4.119,0.07900000000000063,0.02203938,-0.00235725
2008-01-01,Austria,5Y,3.633,3.552,0.08099999999999996,0.00854417,-0.01034839
2008-02-01,Austria,5Y,3.428,3.368,0.06000000000000005,-0.00565551,-0.04432311
2008-03-01,Austria,5Y,3.778,3.6,0.17799999999999994,0.03287918,-0.00319577
2008-04-01,Austria,5Y,4.099,3.877,0.22200000000000042,-0.00107664,0.00211722
2008-05-01,Austria,5Y,4.424,4.303,0.12100000000000044,0.0079654,-0.01921652
2008-06-01,Austria,5Y,4.794,4.636,0.15799999999999947,0.08718549,0.05944987
2008-07-01,Austria,5Y,4.434,4.272,0.16199999999999992,-0.08616599,0.0003162
2008-08-01,Austria,5Y,4.222,4.095,0.12700000000000067,-0.00047578,-0.0412033
2008-09-01,Austria,5Y,4.056,3.768,0.28800000000000026,0.02062448,-0.02765799
2008-10-01,Austria,5Y,3.885,3.196,0.6889999999999996,-0.00294813,-0.05476331
2008-11-01,Austria,5Y,3.292,2.651,0.641,0.14345953,0.0601037
2008-12-01,Austria,5Y,3.126,2.318,0.8079999999999998,0.07249163,-0.02195657
2009-01-01,Austria,5Y,3.266,2.494,0.7719999999999998,0.00570074,-0.03082516
2009-02-01,Austria,5Y,3.292,2.234,1.0579999999999998,-0.0142095,-0.04348585
2009-03-01,Austria,5Y,3.115,2.233,0.8820000000000001,-0.00508159,0.00953191
2009-04-01,Austria,5Y,3.075,2.354,0.7210000000000001,0.04361952,0.04035626
2009-05-01,Austria,5Y,3.254,2.632,0.6219999999999999,-0.00276712,-0.02144281
2009-06-01,Austria,5Y,3.154,2.493,0.661,0.01914683,0.01991529
2009-07-01,Austria,5Y,2.844,2.406,0.4379999999999997,0.01967426,-0.08702865
2009-08-01,Austria,5Y,2.812,2.375,0.43699999999999983,0.00382895,-0.00227106
2009-09-01,Austria,5Y,2.641,2.401,0.2400000000000002,-0.01479861,-0.0288011
2009-10-01,Austria,5Y,2.61,2.411,0.19899999999999984,-0.00631641,-0.01739833
2009-11-01,Austria,5Y,2.515,2.233,0.28200000000000003,-0.03362904,0.01798103
2009-12-01,Austria,5Y,2.688,2.423,0.2650000000000001,-0.03020061,-0.01008083
2010-01-01,Austria,5Y,2.691,2.276,0.41500000000000004,-6.14e-06,-0.01162683
2010-02-01,Austria,5Y,2.517,2.127,0.3900000000000001,0.02809804,-0.03309557
2010-03-01,Austria,5Y,2.456,2.136,0.31999999999999984,-0.01619472,0.00347371
2010-04-01,Austria,5Y,2.389,1.968,0.4209999999999998,0.00539033,-0.00101855
2010-05-01,Austria,5Y,1.981,1.557,0.42400000000000015,0.02627696,-0.01799763
2010-06-01,Austria,5Y,2.066,1.458,0.6079999999999999,-0.02371403,0.02024375
2010-07-01,Austria,5Y,2.068,1.653,0.41500000000000004,0.00522594,0.04208827
2010-08-01,Austria,5Y,1.633,1.199,0.43399999999999994,0.01420454,-0.02426078
2010-09-01,Austria,5Y,1.861,1.483,0.3779999999999999,-0.00294235,-0.01052608
2010-10-01,Austria,5Y,1.996,1.712,0.28400000000000003,-0.00279264,0.00162802
2010-11-01,Austria,5Y,2.11,1.674,0.43599999999999994,-0.00010904,-0.0080795
2010-12-01,Austria,5Y,2.597,1.838,0.7589999999999999,-0.00484115,-0.02320713
2011-01-01,Austria,5Y,2.893,2.386,0.5069999999999997,0.01844172,0.01740865
2011-02-01,Austria,5Y,2.854,2.386,0.46799999999999997,-0.02451558,-0.01441031
2011-03-01,Austria,5Y,3.12,2.671,0.4490000000000003,0.07028429,0.06022116
2011-04-01,Austria,5Y,3.03,2.599,0.4309999999999996,-0.00244173,0.01943218
2011-05-01,Austria,5Y,2.746,2.277,0.46899999999999986,-0.05955414,-0.04508166
2011-06-01,Austria,5Y,2.798,2.277,0.5209999999999999,-0.01534681,-0.00214682
2011-07-01,Austria,5Y,2.354,1.719,0.635,-0.01354933,0.02770202
2011-08-01,Austria,5Y,2.008,1.309,0.6990000000000001,-0.04366301,-0.12013885
2011-09-01,Austria,5Y,1.871,1.165,0.706,0.01207522,-0.01000965
2011-10-01,Austria,5Y,1.967,1.159,0.808,0.10619898,0.05031052
2011-11-01,Austria,5Y,2.515,1.16,1.3550000000000002,-0.07192325,-0.0611927
2011-12-01,Austria,5Y,2.137,0.753,1.384,0.03349252,-0.03948307
2012-01-01,Austria,5Y,2.024,0.736,1.288,0.02629851,-0.02840244
2012-02-01,Austria,5Y,1.799,0.813,0.986,-0.01433788,0.01535817
2012-03-01,Austria,5Y,1.635,0.794,0.841,0.00682966,-0.00830541
2012-04-01,Austria,5Y,1.549,0.599,0.95,0.00683135,-0.00606342
2012-05-01,Austria,5Y,1.156,0.336,0.8199999999999998,0.04135716,-0.02621478
2012-06-01,Austria,5Y,1.26,0.61,0.65,0.03338643,-0.00627108
2012-07-01,Austria,5Y,0.637,0.303,0.334,-0.0072012,-0.10685152
2012-08-01,Austria,5Y,0.889,0.333,0.556,0.10355838,-0.07344139
2012-09-01,Austria,5Y,0.82,0.509,0.31099999999999994,-0.03500514,0.0388083
2012-10-01,Austria,5Y,0.81,0.491,0.31900000000000006,0.00539462,-0.00081696
2012-11-01,Austria,5Y,0.636,0.405,0.23099999999999998,0.00753017,0.00512519
2012-12-01,Austria,5Y,0.557,0.292,0.26500000000000007,-0.0037345,-0.00486517
2013-01-01,Austria,5Y,1.004,0.762,0.242,-0.00316676,0.01806952
2013-02-01,Austria,5Y,0.734,0.434,0.3,-0.00649124,-0.0096722
2013-03-01,Austria,5Y,0.718,0.311,0.407,0.00845211,0.00457824
2013-04-01,Austria,5Y,0.527,0.332,0.195,0.02524541,-0.02755056
2013-05-01,Austria,5Y,0.699,0.487,0.21199999999999997,-0.00548678,-0.005251
2013-06-01,Austria,5Y,0.993,0.734,0.259,0.03220402,-0.01512024
2013-07-01,Austria,5Y,0.828,0.651,0.17699999999999994,-0.06055783,0.04203836
2013-08-01,Austria,5Y,1.035,0.817,0.21799999999999997,-0.0028711,0.01132435
2013-09-01,Austria,5Y,0.889,0.791,0.09799999999999998,-0.00632233,0.00132339
2013-10-01,Austria,5Y,0.938,0.657,0.2809999999999999,0.00677482,-0.00609358
2013-11-01,Austria,5Y,0.928,0.651,0.277,-0.03543784,0.02352032
2013-12-01,Austria,5Y,1.105,0.917,0.18799999999999994,0.0178962,-0.00423027
2014-01-01,Austria,5Y,0.799,0.649,0.15000000000000002,0.0074008,-0.01504822
2014-02-01,Austria,5Y,0.826,0.667,0.15899999999999992,0.0193551,0.02089548
2014-03-01,Austria,5Y,0.743,0.628,0.11499999999999999,0.03148079,0.01102582
2014-04-01,Austria,5Y,0.68,0.551,0.129,-0.01390848,0.03683678
2014-05-01,Austria,5Y,0.482,0.428,0.05399999999999999,-0.00528758,0.01007157
2014-06-01,Austria,5Y,0.505,0.341,0.16399999999999998,-0.03637694,0.01209969
2014-07-01,Austria,5Y,0.404,0.301,0.10300000000000004,-0.01783726,0.01292655
2014-08-01,Austria,5Y,0.258,0.172,0.08600000000000002,0.00070312,0.00187773
2014-09-01,Austria,5Y,0.219,0.146,0.07300000000000001,-0.06422641,-0.00068183
2014-10-01,Austria,5Y,0.165,0.125,0.04000000000000001,0.05409899,-0.04887129
2014-11-01,Austria,5Y,0.136,0.111,0.02500000000000001,-0.03680355,0.03947588
2014-12-01,Austria,5Y,0.107,0.008,0.099,0.05596263,-0.04833079
2015-01-01,Austria,5Y,-0.017,-0.051,0.033999999999999996,-0.01922483,0.01173607
2015-02-01,Austria,5Y,-0.041,-0.088,0.04699999999999999,0.0,0.0
2015-03-01,Austria,5Y,-0.018,-0.102,0.08399999999999999,0.00035536,-0.00385565
2015-04-01,Austria,5Y,0.106,0.007,0.09899999999999999,-0.00142985,0.00811493
2015-05-01,Austria,5Y,0.11,-0.004,0.114,0.0,0.0
2015-06-01,Austria,5Y,0.249,0.073,0.176,0.00884221,-0.01158719
2015-07-01,Austria,5Y,0.099,0.044,0.05500000000000001,-0.00145856,0.00208231
2015-08-01,Austria,5Y,0.211,0.126,0.08499999999999999,0.0,0.0
2015-09-01,Austria,5Y,0.053,-0.007,0.06,-0.03170106,0.0298776
2015-10-01,Austria,5Y,-0.032,-0.079,0.047,-0.07457095,0.05369102
2015-11-01,Austria,5Y,-0.124,-0.183,0.059,0.0,0.0
2015-12-01,Austria,5Y,-0.037,-0.047,0.010000000000000002,0.16522564,-0.06777853
2016-01-01,Austria,5Y,-0.25,-0.313,0.063,-0.02353204,0.00207732
2016-02-01,Austria,5Y,-0.343,-0.408,0.06499999999999995,0.0,0.0
2016-03-01,Austria,5Y,-0.298,-0.329,0.031000000000000028,0.00295142,0.04696157
2016-04-01,Austria,5Y,-0.28,-0.289,0.008999999999999952,0.00874813,-0.00714425
2016-05-01,Austria,5Y,-0.36,-0.378,0.018000000000000016,0.0,0.0
2016-06-01,Austria,5Y,-0.369,-0.569,0.19999999999999996,0.01416894,-0.01469861
2016-07-01,Austria,5Y,-0.457,-0.529,0.07200000000000001,0.00420598,0.02136953
2016-08-01,Austria,5Y,-0.446,-0.504,0.057999999999999996,0.0,0.0
2016-09-01,Austria,5Y,-0.487,-0.577,0.08999999999999997,0.02928932,-0.01588046
2016-10-01,Austria,5Y,-0.327,-0.402,0.07500000000000001,-0.00343218,0.00288461
2016-11-01,Austria,5Y,-0.296,-0.432,0.136,0.0,0.0
2016-12-01,Austria,5Y,-0.378,-0.543,0.16500000000000004,-0.02369548,0.02494524
2017-01-01,Austria,5Y,-0.261,-0.406,0.14500000000000002,-0.01136922,0.01125365
2017-02-01,Austria,5Y,-0.437,-0.575,0.13799999999999996,0.0,0.0
2017-03-01,Austria,5Y,-0.336,-0.386,0.04999999999999999,-0.01209542,0.01300103
2017-04-01,Austria,5Y,-0.237,-0.39,0.15300000000000002,-0.00220409,-0.00059132
2017-05-01,Austria,5Y,-0.287,-0.435,0.14800000000000002,0.0,0.0
2017-06-01,Austria,5Y,-0.11,-0.229,0.11900000000000001,0.00468379,-0.00618022
2017-07-01,Austria,5Y,-0.189,-0.182,-0.007000000000000006,-0.00745165,-0.00386945
2017-08-01,Austria,5Y,-0.31,-0.345,0.034999999999999976,0.0,0.0
2017-09-01,Austria,5Y,-0.163,-0.269,0.10600000000000001,-0.00127015,0.00235026
2017-10-01,Austria,5Y,-0.249,-0.351,0.10199999999999998,-0.01205914,0.01350465
2017-11-01,Austria,5Y,-0.258,-0.31,0.05199999999999999,0.0,0.0
2017-12-01,Austria,5Y,-0.127,-0.207,0.07999999999999999,-0.00726541,0.00542794
2018-01-01,Austria,5Y,0.098,0.102,-0.00399999999999999,0.01937805,-0.01940399
2018-02-01,Austria,5Y,0.197,0.021,0.17600000000000002,0.0,0.0
2018-03-01,Austria,5Y,0.068,-0.106,0.174,-0.01997759,0.02238169
2018-04-01,Austria,5Y,0.08,-0.061,0.14100000000000001,0.00352961,-0.00433858
2018-05-01,Austria,5Y,-0.036,-0.275,0.23900000000000002,0.0,0.0
2018-06-01,Austria,5Y,-0.132,-0.306,0.174,-0.04271677,0.03658385
2018-07-01,Austria,5Y,-0.05,-0.128,0.078,-0.00753783,0.00753783
2018-08-01,Austria,5Y,-0.111,-0.233,0.12200000000000001,0.0,0.0
2018-09-01,Austria,5Y,-0.001,-0.092,0.091,0.00550418,-0.00644394
2018-10-01,Austria,5Y,-0.086,-0.194,0.10800000000000001,0.02001239,-0.01825893
2018-11-01,Austria,5Y,-0.14,-0.271,0.131,0.0,0.0
2018-12-01,Austria,5Y,-0.188,-0.32,0.132,-0.00415027,0.00355439
2019-01-01,Austria,5Y,-0.235,-0.318,0.08300000000000002,0.0175893,-0.02145109
2019-02-01,Austria,5Y,-0.053,-0.279,0.22600000000000003,0.0,0.0
2019-03-01,Austria,5Y,-0.277,-0.453,0.176,0.00868726,-0.01442751
2019-04-01,Austria,5Y,-0.227,-0.416,0.18899999999999997,-0.00273599,-0.00018377
2019-05-01,Austria,5Y,-0.357,-0.582,0.22499999999999998,0.0,0.0
2019-06-01,Austria,5Y,-0.487,-0.666,0.17900000000000005,0.03058214,-0.0071408
2019-07-01,Austria,5Y,-0.583,-0.717,0.134,0.04218756,-0.00506254
2019-08-01,Austria,5Y,-0.741,-0.927,0.18600000000000005,0.0,0.0
2019-09-01,Austria,5Y,-0.595,-0.775,0.18000000000000005,0.03217407,0.03487853
2019-10-01,Austria,5Y,-0.48,-0.628,0.14800000000000002,0.00764552,-0.00665165
2019-11-01,Austria,5Y,-0.442,-0.585,0.14299999999999996,0.0,0.0
2019-12-01,Austria,5Y,-0.353,-0.476,0.123,-0.01029327,0.01098215
2020-01-01,Austria,5Y,-0.553,-0.644,0.09099999999999997,0.01788192,-0.01219238
2020-02-01,Austria,5Y,-0.64,-0.766,0.126,0.0,0.0
2020-03-01,Austria,5Y,-0.311,-0.657,0.34600000000000003,0.18996661,-0.0646914
2020-04-01,Austria,5Y,-0.456,-0.77,0.314,0.04450687,-0.0282567
2020-05-01,Austria,5Y,-0.421,-0.646,0.22500000000000003,0.0,0.0
2020-06-01,Austria,5Y,-0.515,-0.7,0.18499999999999994,0.00075699,0.00221042
2020-07-01,Austria,5Y,-0.591,-0.722,0.131,-0.01051453,0.00663075
2020-08-01,Austria,5Y,-0.543,-0.631,0.08799999999999997,0.0,0.0
2020-09-01,Austria,5Y,-0.635,-0.713,0.07799999999999996,-0.01137573,0.0209051
2020-10-01,Austria,5Y,-0.719,-0.822,0.10299999999999998,-0.04440888,0.03827308
2020-11-01,Austria,5Y,-0.68,-0.754,0.07399999999999995,0.0,0.0
2020-12-01,Austria,5Y,-0.697,-0.742,0.04500000000000004,0.02960964,-0.0146942
2021-01-01,Austria,5Y,-0.67,-0.736,0.06599999999999995,0.01223291,-0.00964168
2021-02-01,Austria,5Y,-0.417,-0.569,0.15199999999999997,0.0,0.0
2021-03-01,Austria,5Y,-0.488,-0.629,0.14100000000000001,0.00286225,0.0097477
2021-04-01,Austria,5Y,-0.429,-0.578,0.14899999999999997,0.00189025,-0.00343929
2021-05-01,Austria,5Y,-0.41,-0.568,0.15799999999999997,0.0,0.0
2021-06-01,Austria,5Y,-0.421,-0.589,0.16799999999999998,-0.01563274,0.01470217
2021-07-01,Austria,5Y,-0.641,-0.744,0.10299999999999998,0.0073095,-0.00768279
2021-08-01,Austria,5Y,-0.57,-0.68,0.1100000000000001,0.0,0.0
2021-09-01,Austria,5Y,-0.465,-0.558,0.09300000000000003,-0.01404805,0.01567899
2021-10-01,Austria,5Y,-0.307,-0.392,0.08500000000000002,0.00670146,-0.0061872
2021-11-01,Austria,5Y,-0.519,-0.622,0.10299999999999998,0.0,0.0
2021-12-01,Austria,5Y,-0.367,-0.461,0.09400000000000003,0.02039478,-0.02349587
2022-01-01,Austria,5Y,-0.149,-0.227,0.07800000000000001,0.0,0.0
2022-02-01,Austria,5Y,-0.016,-0.164,0.14800000000000002,0.03923857,-0.02262021
2022-03-01,Austria,5Y,0.521,0.371,0.15000000000000002,0.01158872,0.00288687
2022-04-01,Austria,5Y,0.852,0.674,0.17799999999999994,-0.02722772,-0.01209206
2022-05-01,Austria,5Y,1.041,0.832,0.20899999999999996,0.0,0.0
2022-06-01,Austria,5Y,1.269,1.056,0.21299999999999986,0.04000315,-0.05017059
2022-07-01,Austria,5Y,0.716,0.524,0.19199999999999995,0.06062276,0.06828821
2022-08-01,Austria,5Y,1.628,1.383,0.24499999999999988,0.0,0.0
2022-09-01,Austria,5Y,2.302,1.959,0.34299999999999997,0.06553518,0.05123198
2022-10-01,Austria,5Y,2.413,2.0,0.4129999999999998,-0.0484317,-0.00738864
2022-11-01,Austria,5Y,2.17,1.929,0.24099999999999988,0.0,0.0
2022-12-01,Austria,5Y,2.867,2.566,0.30100000000000016,0.08741766,-0.05187298
2023-01-01,Austria,5Y,2.636,2.306,0.33000000000000007,0.0,0.0
2023-02-01,Austria,5Y,3.084,2.736,0.34799999999999986,-0.02825908,0.00739243
2023-03-01,Austria,5Y,2.682,2.305,0.3769999999999998,0.06364707,0.13706177
2023-04-01,Austria,5Y,2.675,2.3,0.375,0.0,0.0
2023-05-01,Austria,5Y,2.676,2.275,0.40100000000000025,-0.05445383,-0.02205352
2023-06-01,Austria,5Y,2.977,2.546,0.43100000000000005,0.00310685,0.01212789
2023-07-01,Austria,5Y,2.938,2.533,0.40500000000000025,-0.02931627,0.00761737
2023-08-01,Austria,5Y,2.882,2.472,0.41000000000000014,0.0,0.0
2023-09-01,Austria,5Y,3.205,2.774,0.43100000000000005,0.00399758,0.06922208
2023-10-01,Austria,5Y,3.132,2.652,0.48,-0.02513959,0.0050286
2023-11-01,Austria,5Y,2.774,2.372,0.40200000000000014,0.0,0.0
2023-12-01,Austria,5Y,2.315,1.942,0.373,0.03287603,-0.00518218
2024-01-01,Austria,5Y,2.407,2.049,0.3580000000000001,-0.04307478,0.00364715
2024-02-01,Austria,5Y,2.736,2.43,0.30600000000000005,0.0,0.0
2024-03-01,Austria,5Y,2.612,2.32,0.29200000000000026,-0.02470938,0.02110809
2024-04-01,Austria,5Y,2.903,2.615,0.2879999999999998,-0.00688623,0.00746176
2024-05-01,Austria,5Y,3.012,2.706,0.30600000000000005,0.0,0.0
2024-06-01,Austria,5Y,2.89,2.479,0.41100000000000003,0.01490844,0.0018587
2024-07-01,Austria,5Y,2.542,2.229,0.3129999999999997,-0.00635903,0.00050086
2024-08-01,Austria,5Y,2.512,2.187,0.3250000000000002,0.0,0.0
2024-09-01,Austria,5Y,2.229,1.944,0.28500000000000014,0.03255924,-0.01615053
2024-10-01,Austria,5Y,2.514,2.265,0.24899999999999967,-0.02068547,-0.01217264
2024-11-01,Austria,5Y,2.24,1.924,0.3160000000000003,0.0,0.0
2024-12-01,Austria,5Y,2.464,2.152,0.31199999999999983,0.00609036,0.02176619
2025-01-01,Austria,5Y,2.5,2.233,0.2669999999999999,-0.0087809,-0.00804116
2025-02-01,Austria,5Y,2.4,2.149,0.2509999999999999,0.0,0.0
2025-03-01,Austria,5Y,2.572,2.337,0.23499999999999988,-0.00193929,0.02623149
2025-04-01,Austria,5Y,2.275,1.984,0.2909999999999999,-0.03264565,-0.02455187
2025-05-01,Austria,5Y,2.282,2.063,0.21899999999999986,0.0,0.0
2025-06-01,Austria,5Y,2.361,2.169,0.19200000000000017,0.02367629,-0.00634498
2025-07-01,Austria,5Y,2.429,2.293,0.13599999999999968,0.02395822,-0.00106382
2025-08-01,Austria,5Y,2.414,2.256,0.15800000000000036,0.0,0.0
2025-09-01,Austria,5Y,2.569,2.308,0.2610000000000001,-0.01551833,0.00187802
2025-10-01,Austria,5Y,2.488,2.231,0.2570000000000001,-0.01065112,0.01192155
2025-11-01,Austria,5Y,2.525,2.287,0.238,,
2025-12-01,Austria,5Y,2.657,2.447,0.20999999999999996,,
2026-01-01,Austria,5Y,2.571,2.416,0.15500000000000025,,
2026-02-01,Austria,5Y,2.386,2.237,0.14900000000000002,,
2026-03-01,Austria,5Y,2.919,2.725,0.19399999999999995,,
2026-04-01,Austria,5Y,2.871,2.746,0.125,,
2026-05-01,Austria,5Y,2.761,2.636,0.125,,
2026-06-01,Austria,5Y,2.722,2.594,0.1280000000000001,,
2026-07-01,Austria,5Y,3.052,2.941,0.11100000000000021,,
2026-08-01,Austria,5Y,3.169,3.062,0.1070000000000002,,
2026-09-01,Austria,5Y,3.423,3.333,0.08999999999999986,,
1999-01-01,Belgium,10Y,3.886,3.632,0.254,0.02914637,-0.06311121
1999-02-01,Belgium,10Y,4.218,4.011,0.20699999999999985,-0.00556514,0.00556514
1999-03-01,Belgium,10Y,4.268,4.001,0.26699999999999946,-0.00592203,0.00323799
1999-04-01,Belgium,10Y,4.136,3.868,0.26800000000000024,-0.00679893,-0.00330584
1999-05-01,Belgium,10Y,4.415,4.116,0.2990000000000004,0.01543059,-0.00936631
1999-06-01,Belgium,10Y,4.8,4.511,0.2889999999999997,0.00768436,-0.01317122
1999-07-01,Belgium,10Y,5.093,4.811,0.28200000000000003,-0.00494872,0.02780708
1999-08-01,Belgium,10Y,5.212,4.891,0.32099999999999973,0.00678846,-0.00826848
1999-09-01,Belgium,10Y,5.369,5.08,0.2889999999999997,-0.04166781,-0.00527997
1999-10-01,Belgium,10Y,5.388,5.157,0.23099999999999987,-0.06815947,-0.10613335
1999-11-01,Belgium,10Y,5.387,5.125,0.26199999999999957,0.01057526,0.04684463
1999-12-01,Belgium,10Y,5.595,5.355,0.24399999999999977,-0.00790024,0.00763541
2000-01-01,Belgium,10Y,5.831,5.541,0.29000000000000004,0.01150505,-0.02335973
2000-02-01,Belgium,10Y,5.793,5.5,0.29300000000000015,-0.04027945,0.06481814
2000-03-01,Belgium,10Y,5.504,5.216,0.28799999999999937,-0.06675806,-0.0176937
2000-04-01,Belgium,10Y,5.593,5.298,0.29499999999999993,0.02378726,-0.01526446
2000-05-01,Belgium,10Y,5.537,5.191,0.3460000000000001,-0.06400218,0.06313006
2000-06-01,Belgium,10Y,5.59,5.221,0.3689999999999998,0.11366676,0.04898755
2000-07-01,Belgium,10Y,5.552,5.206,0.3459999999999992,0.02048594,-0.00231932
2000-08-01,Belgium,10Y,5.66,5.298,0.3620000000000001,-0.04765312,-0.036261
2000-09-01,Belgium,10Y,5.591,5.23,0.36099999999999977,-0.03226793,-0.00031136
2000-10-01,Belgium,10Y,5.583,5.215,0.3680000000000003,0.02902834,0.0510063
2000-11-01,Belgium,10Y,5.358,5.0,0.35799999999999965,-0.00713094,-0.01518934
2000-12-01,Belgium,10Y,5.242,4.851,0.391,-0.0010197,0.02324592
2001-01-01,Belgium,10Y,5.143,4.797,0.3460000000000001,0.01139404,-0.00090513
2001-02-01,Belgium,10Y,5.127,4.754,0.3730000000000002,-0.00204204,0.01927988
2001-03-01,Belgium,10Y,5.095,4.705,0.3899999999999997,0.06859912,0.03120769
2001-04-01,Belgium,10Y,5.399,5.032,0.367,0.06421035,0.12710222
2001-05-01,Belgium,10Y,5.471,5.173,0.29800000000000004,-0.13656878,-0.08779026
2001-06-01,Belgium,10Y,5.431,5.102,0.32899999999999974,0.02854883,0.02396559
2001-07-01,Belgium,10Y,5.188,4.88,0.30799999999999983,0.03007371,0.01514081
2001-08-01,Belgium,10Y,5.098,4.788,0.3099999999999996,0.05079423,-0.02379363
2001-09-01,Belgium,10Y,5.091,4.791,0.2999999999999998,0.0313824,-0.01387918
2001-10-01,Belgium,10Y,4.678,4.397,0.2809999999999997,0.04317789,0.06975827
2001-11-01,Belgium,10Y,4.831,4.555,0.2760000000000007,0.03107767,-0.00197459
2001-12-01,Belgium,10Y,5.246,4.996,0.19599999999999973,0.02660325,0.00333289
2002-01-01,Belgium,10Y,5.163,4.905,0.258,0.01003587,0.01147814
2002-02-01,Belgium,10Y,5.176,4.964,0.21199999999999974,-0.00667414,0.03998737
2002-03-01,Belgium,10Y,5.474,5.251,0.2109999999999994,-3.086e-05,0.01296051
2002-04-01,Belgium,10Y,5.339,5.122,0.21700000000000053,-0.00247617,-0.01196426
2002-05-01,Belgium,10Y,5.372,5.168,0.20399999999999974,0.03218836,0.01597417
2002-06-01,Belgium,10Y,5.17,4.942,0.22799999999999976,0.01184929,-0.00618789
2002-07-01,Belgium,10Y,4.966,4.752,0.2140000000000004,0.00352277,-0.0116348
2002-08-01,Belgium,10Y,4.765,4.568,0.19700000000000006,0.01803811,-0.01560232
2002-09-01,Belgium,10Y,4.491,4.272,0.21899999999999942,0.01607403,-0.04022966
2002-10-01,Belgium,10Y,4.67,4.511,0.1589999999999998,0.02180133,0.01000217
2002-11-01,Belgium,10Y,4.61,4.49,0.1200000000000001,0.06594808,-0.03659766
2002-12-01,Belgium,10Y,4.316,4.204,0.1120000000000001,0.00595453,-0.05100643
2003-01-01,Belgium,10Y,4.239,4.072,0.16699999999999982,-0.02700705,0.05207753
2003-02-01,Belgium,10Y,4.053,3.918,0.1349999999999998,0.05532359,-0.03445075
2003-03-01,Belgium,10Y,4.171,4.044,0.12700000000000067,0.06711294,-0.02143875
2003-04-01,Belgium,10Y,4.182,4.092,0.09000000000000075,0.01825694,0.00312353
2003-05-01,Belgium,10Y,3.832,3.721,0.11099999999999977,0.05561085,-0.01606747
2003-06-01,Belgium,10Y,3.9,3.802,0.09799999999999986,0.00128217,-0.05865202
2003-07-01,Belgium,10Y,4.266,4.19,0.07599999999999962,0.00179838,0.01282863
2003-08-01,Belgium,10Y,4.262,4.197,0.0649999999999995,0.0,0.0
2003-09-01,Belgium,10Y,4.06,3.995,0.0649999999999995,0.00235118,-0.00730611
2003-10-01,Belgium,10Y,4.368,4.331,0.03699999999999992,0.03221462,-0.01758272
2003-11-01,Belgium,10Y,4.498,4.457,0.04100000000000037,-0.00093229,0.00553257
2003-12-01,Belgium,10Y,4.344,4.292,0.05200000000000049,0.01015649,-0.01957929
2004-01-01,Belgium,10Y,4.369,4.24,0.12899999999999956,-0.0131573,0.00742273
2004-02-01,Belgium,10Y,4.185,4.051,0.13399999999999945,-0.00162731,-0.00688155
2004-03-01,Belgium,10Y,4.085,3.931,0.15399999999999991,0.01236658,0.02812953
2004-04-01,Belgium,10Y,4.306,4.175,0.13100000000000023,0.04962089,0.02543383
2004-05-01,Belgium,10Y,4.456,4.374,0.08200000000000074,0.01746509,-0.0065437
2004-06-01,Belgium,10Y,4.399,4.318,0.0810000000000004,-0.01060389,-0.00014359
2004-07-01,Belgium,10Y,4.295,4.216,0.07899999999999974,0.00862926,-0.00812276
2004-08-01,Belgium,10Y,4.104,4.023,0.0810000000000004,-0.00139583,0.00217688
2004-09-01,Belgium,10Y,4.071,3.991,0.07999999999999963,0.0114091,0.00103921
2004-10-01,Belgium,10Y,3.946,3.873,0.07299999999999995,-0.00411348,-0.00801005
2004-11-01,Belgium,10Y,3.801,3.793,0.008000000000000007,-0.00031881,-0.00525612
2004-12-01,Belgium,10Y,3.688,3.683,0.0050000000000003375,0.01785679,-0.00429348
2005-01-01,Belgium,10Y,3.543,3.547,-0.0040000000000000036,-0.01786635,-0.01631762
2005-02-01,Belgium,10Y,3.711,3.715,-0.0040000000000000036,0.00876981,-0.01224856
2005-03-01,Belgium,10Y,3.71,3.622,0.08800000000000008,-0.00906581,0.00175456
2005-04-01,Belgium,10Y,3.506,3.396,0.10999999999999988,0.00312037,-0.01689142
2005-05-01,Belgium,10Y,3.347,3.274,0.07299999999999995,-0.00742018,0.0089191
2005-06-01,Belgium,10Y,3.195,3.134,0.06099999999999994,0.01228622,0.00308786
2005-07-01,Belgium,10Y,3.312,3.243,0.06899999999999995,-0.01999819,0.03965357
2005-08-01,Belgium,10Y,3.162,3.102,0.06000000000000005,0.00221244,-0.00113823
2005-09-01,Belgium,10Y,3.198,3.148,0.04999999999999982,-0.00616143,0.00137953
2005-10-01,Belgium,10Y,3.427,3.391,0.03600000000000003,-0.00725165,0.0053286
2005-11-01,Belgium,10Y,3.461,3.455,0.005999999999999783,-0.02639035,0.01567596
2005-12-01,Belgium,10Y,3.327,3.309,0.017999999999999794,-0.02869513,0.00122556
2006-01-01,Belgium,10Y,3.53,3.467,0.06299999999999972,-0.01509696,-0.00771216
2006-02-01,Belgium,10Y,3.545,3.489,0.05600000000000005,-0.00544505,-0.00324349
2006-03-01,Belgium,10Y,3.828,3.771,0.05699999999999994,0.02163882,-0.01310347
2006-04-01,Belgium,10Y,3.994,3.951,0.04300000000000015,-0.05627657,-0.03601184
2006-05-01,Belgium,10Y,4.009,3.982,0.027000000000000135,0.00017422,-0.00236101
2006-06-01,Belgium,10Y,4.08,4.071,0.009000000000000341,-0.03946736,-0.00172699
2006-07-01,Belgium,10Y,3.944,3.921,0.02300000000000013,0.01414146,0.00627523
2006-08-01,Belgium,10Y,3.787,3.76,0.027000000000000135,0.01499431,0.01378088
2006-09-01,Belgium,10Y,3.741,3.709,0.03200000000000003,0.0,0.0
2006-10-01,Belgium,10Y,3.778,3.741,0.03699999999999992,-0.00312185,0.00292537
2006-11-01,Belgium,10Y,3.724,3.695,0.02900000000000036,0.02599157,-0.03156989
2006-12-01,Belgium,10Y,3.993,3.948,0.04499999999999993,-0.01228785,0.03226851
2007-01-01,Belgium,10Y,4.148,4.1,0.04800000000000004,-0.04184531,-0.00062716
2007-02-01,Belgium,10Y,4.012,3.957,0.054999999999999716,0.01201155,-0.00426155
2007-03-01,Belgium,10Y,4.122,4.057,0.0649999999999995,0.00234815,0.00780903
2007-04-01,Belgium,10Y,4.223,4.154,0.06899999999999995,0.00848509,-0.01206177
2007-05-01,Belgium,10Y,4.477,4.422,0.055000000000000604,0.00231754,-0.00518441
2007-06-01,Belgium,10Y,4.64,4.574,0.06599999999999984,3.95e-06,-0.00707298
2007-07-01,Belgium,10Y,4.488,4.347,0.14100000000000001,0.00420353,-0.00350775
2007-08-01,Belgium,10Y,4.4,4.242,0.15800000000000036,-7.551e-05,-0.00333671
2007-09-01,Belgium,10Y,4.488,4.329,0.1590000000000007,-0.0363456,-0.00270934
2007-10-01,Belgium,10Y,4.373,4.239,0.13400000000000034,0.00166756,-0.00365079
2007-11-01,Belgium,10Y,4.352,4.126,0.22599999999999998,0.00101171,-0.02129922
2007-12-01,Belgium,10Y,4.468,4.307,0.1609999999999996,0.02203938,-0.00235725
2008-01-01,Belgium,10Y,4.202,3.93,0.2719999999999998,0.00854417,-0.01034839
2008-02-01,Belgium,10Y,4.196,3.891,0.3049999999999997,-0.00565551,-0.04432311
2008-03-01,Belgium,10Y,4.304,3.899,0.40500000000000025,0.03287918,-0.00319577
2008-04-01,Belgium,10Y,4.418,4.123,0.29499999999999993,-0.00107664,0.00211722
2008-05-01,Belgium,10Y,4.702,4.405,0.2969999999999997,0.0079654,-0.01921652
2008-06-01,Belgium,10Y,4.955,4.621,0.33399999999999963,0.08718549,0.05944987
2008-07-01,Belgium,10Y,4.712,4.355,0.3569999999999993,-0.08616599,0.0003162
2008-08-01,Belgium,10Y,4.557,4.176,0.3810000000000002,-0.00047578,-0.0412033
2008-09-01,Belgium,10Y,4.628,4.015,0.6130000000000004,0.02062448,-0.02765799
2008-10-01,Belgium,10Y,4.63,3.9,0.73,-0.00294813,-0.05476331
2008-11-01,Belgium,10Y,3.987,3.258,0.7290000000000001,0.14345953,0.0601037
2008-12-01,Belgium,10Y,3.775,2.951,0.8239999999999998,0.07249163,-0.02195657
2009-01-01,Belgium,10Y,4.402,3.296,1.1060000000000003,0.00570074,-0.03082516
2009-02-01,Belgium,10Y,4.199,3.112,1.0869999999999997,-0.0142095,-0.04348585
2009-03-01,Belgium,10Y,3.943,2.994,0.9489999999999998,-0.00508159,0.00953191
2009-04-01,Belgium,10Y,3.868,3.178,0.69,0.04361952,0.04035626
2009-05-01,Belgium,10Y,4.181,3.589,0.5920000000000001,-0.00276712,-0.02144281
2009-06-01,Belgium,10Y,3.962,3.386,0.5760000000000001,0.01914683,0.01991529
2009-07-01,Belgium,10Y,3.734,3.3,0.43400000000000016,0.01967426,-0.08702865
2009-08-01,Belgium,10Y,3.707,3.257,0.44999999999999973,0.00382895,-0.00227106
2009-09-01,Belgium,10Y,3.664,3.22,0.44399999999999995,-0.01479861,-0.0288011
2009-10-01,Belgium,10Y,3.633,3.231,0.40200000000000014,-0.00631641,-0.01739833
2009-11-01,Belgium,10Y,3.567,3.159,0.40800000000000036,-0.03362904,0.01798103
2009-12-01,Belgium,10Y,3.709,3.387,0.32200000000000006,-0.03020061,-0.01008083
2010-01-01,Belgium,10Y,3.766,3.196,0.5699999999999998,-6.14e-06,-0.01162683
2010-02-01,Belgium,10Y,3.659,3.101,0.5579999999999998,0.02809804,-0.03309557
2010-03-01,Belgium,10Y,3.541,3.092,0.44899999999999984,-0.01619472,0.00347371
2010-04-01,Belgium,10Y,3.487,3.017,0.4700000000000002,0.00539033,-0.00101855
2010-05-01,Belgium,10Y,3.15,2.66,0.48999999999999977,0.02627696,-0.01799763
2010-06-01,Belgium,10Y,3.444,2.577,0.867,-0.02371403,0.02024375
2010-07-01,Belgium,10Y,3.301,2.669,0.6320000000000001,0.00522594,0.04208827
2010-08-01,Belgium,10Y,2.831,2.116,0.7149999999999999,0.01420454,-0.02426078
2010-09-01,Belgium,10Y,3.136,2.278,0.8580000000000001,-0.00294235,-0.01052608
2010-10-01,Belgium,10Y,3.322,2.518,0.8040000000000003,-0.00279264,0.00162802
2010-11-01,Belgium,10Y,3.997,2.67,1.327,-0.00010904,-0.0080795
2010-12-01,Belgium,10Y,3.97,2.963,1.0070000000000001,-0.00484115,-0.02320713
2011-01-01,Belgium,10Y,4.254,3.153,1.1009999999999995,0.01844172,0.01740865
2011-02-01,Belgium,10Y,4.258,3.169,1.089,-0.02451558,-0.01441031
2011-03-01,Belgium,10Y,4.293,3.352,0.9410000000000003,0.07028429,0.06022116
2011-04-01,Belgium,10Y,4.222,3.238,0.9840000000000004,-0.00244173,0.01943218
2011-05-01,Belgium,10Y,4.167,3.019,1.1479999999999997,-0.05955414,-0.04508166
2011-06-01,Belgium,10Y,4.086,3.023,1.0630000000000002,-0.01534681,-0.00214682
2011-07-01,Belgium,10Y,4.361,2.537,1.8239999999999998,-0.01354933,0.02770202
2011-08-01,Belgium,10Y,4.017,2.217,1.8000000000000003,-0.04366301,-0.12013885
2011-09-01,Belgium,10Y,3.64,1.885,1.7550000000000001,0.01207522,-0.01000965
2011-10-01,Belgium,10Y,4.358,2.024,2.3339999999999996,0.10619898,0.05031052
2011-11-01,Belgium,10Y,4.971,2.276,2.6950000000000003,-0.07192325,-0.0611927
2011-12-01,Belgium,10Y,4.058,1.825,2.2329999999999997,0.03349252,-0.03948307
2012-01-01,Belgium,10Y,3.651,1.786,1.8649999999999998,0.02629851,-0.02840244
2012-02-01,Belgium,10Y,3.573,1.817,1.756,-0.01433788,0.01535817
2012-03-01,Belgium,10Y,3.387,1.792,1.595,0.00682966,-0.00830541
2012-04-01,Belgium,10Y,3.288,1.662,1.626,0.00683135,-0.00606342
2012-05-01,Belgium,10Y,2.943,1.199,1.744,0.04135716,-0.02621478
2012-06-01,Belgium,10Y,3.173,1.581,1.592,0.03338643,-0.00627108
2012-07-01,Belgium,10Y,2.586,1.284,1.3019999999999998,-0.0072012,-0.10685152
2012-08-01,Belgium,10Y,2.551,1.333,1.2180000000000002,0.10355838,-0.07344139
2012-09-01,Belgium,10Y,2.526,1.441,1.0849999999999997,-0.03500514,0.0388083
2012-10-01,Belgium,10Y,2.433,1.462,0.9709999999999999,0.00539462,-0.00081696
2012-11-01,Belgium,10Y,2.162,1.385,0.7769999999999999,0.00753017,0.00512519
2012-12-01,Belgium,10Y,2.045,1.314,0.7309999999999999,-0.0037345,-0.00486517
2013-01-01,Belgium,10Y,2.479,1.679,0.8,-0.00316676,0.01806952
2013-02-01,Belgium,10Y,2.345,1.453,0.8920000000000001,-0.00649124,-0.0096722
2013-03-01,Belgium,10Y,2.23,1.288,0.942,0.00845211,0.00457824
2013-04-01,Belgium,10Y,1.955,1.215,0.74,0.02524541,-0.02755056
2013-05-01,Belgium,10Y,2.238,1.504,0.734,-0.00548678,-0.005251
2013-06-01,Belgium,10Y,2.627,1.728,0.8989999999999998,0.03220402,-0.01512024
2013-07-01,Belgium,10Y,2.518,1.669,0.8489999999999998,-0.06055783,0.04203836
2013-08-01,Belgium,10Y,2.739,1.855,0.8839999999999999,-0.0028711,0.01132435
2013-09-01,Belgium,10Y,2.563,1.778,0.7850000000000001,-0.00632233,0.00132339
2013-10-01,Belgium,10Y,2.404,1.673,0.7309999999999999,0.00677482,-0.00609358
2013-11-01,Belgium,10Y,2.34,1.692,0.6479999999999999,-0.03543784,0.02352032
2013-12-01,Belgium,10Y,2.548,1.925,0.623,0.0178962,-0.00423027
2014-01-01,Belgium,10Y,2.355,1.658,0.6970000000000001,0.0074008,-0.01504822
2014-02-01,Belgium,10Y,2.331,1.623,0.708,0.0193551,0.02089548
2014-03-01,Belgium,10Y,2.212,1.565,0.6470000000000002,0.03148079,0.01102582
2014-04-01,Belgium,10Y,2.075,1.468,0.6070000000000002,-0.01390848,0.03683678
2014-05-01,Belgium,10Y,1.892,1.357,0.5349999999999999,-0.00528758,0.01007157
2014-06-01,Belgium,10Y,1.695,1.244,0.45100000000000007,-0.03637694,0.01209969
2014-07-01,Belgium,10Y,1.536,1.154,0.3820000000000001,-0.01783726,0.01292655
2014-08-01,Belgium,10Y,1.225,0.89,0.3350000000000001,0.00070312,0.00187773
2014-09-01,Belgium,10Y,1.214,0.946,0.268,-0.06422641,-0.00068183
2014-10-01,Belgium,10Y,1.107,0.84,0.267,0.05409899,-0.04887129
2014-11-01,Belgium,10Y,0.92,0.7,0.22000000000000008,-0.03680355,0.03947588
2014-12-01,Belgium,10Y,0.824,0.538,0.2859999999999999,0.05596263,-0.04833079
2015-01-01,Belgium,10Y,0.6,0.302,0.298,-0.01922483,0.01173607
2015-02-01,Belgium,10Y,0.561,0.327,0.23400000000000004,0.0,0.0
2015-03-01,Belgium,10Y,0.442,0.18,0.262,0.00035536,-0.00385565
2015-04-01,Belgium,10Y,0.637,0.364,0.273,-0.00142985,0.00811493
2015-05-01,Belgium,10Y,0.807,0.486,0.32100000000000006,0.0,0.0
2015-06-01,Belgium,10Y,1.214,0.763,0.45099999999999996,0.00884221,-0.01158719
2015-07-01,Belgium,10Y,0.942,0.643,0.29899999999999993,-0.00145856,0.00208231
2015-08-01,Belgium,10Y,1.144,0.797,0.34699999999999986,0.0,0.0
2015-09-01,Belgium,10Y,0.906,0.586,0.32000000000000006,-0.03170106,0.0298776
2015-10-01,Belgium,10Y,0.805,0.517,0.28800000000000003,-0.07457095,0.05369102
2015-11-01,Belgium,10Y,0.78,0.472,0.30800000000000005,0.0,0.0
2015-12-01,Belgium,10Y,0.965,0.628,0.33699999999999997,0.16522564,-0.06777853
2016-01-01,Belgium,10Y,0.766,0.324,0.442,-0.02353204,0.00207732
2016-02-01,Belgium,10Y,0.587,0.106,0.481,0.0,0.0
2016-03-01,Belgium,10Y,0.509,0.152,0.357,0.00295142,0.04696157
2016-04-01,Belgium,10Y,0.673,0.271,0.402,0.00874813,-0.00714425
2016-05-01,Belgium,10Y,0.507,0.138,0.369,0.0,0.0
2016-06-01,Belgium,10Y,0.226,-0.131,0.357,0.01416894,-0.01469861
2016-07-01,Belgium,10Y,0.119,-0.121,0.24,0.00420598,0.02136953
2016-08-01,Belgium,10Y,0.173,-0.066,0.239,0.0,0.0
2016-09-01,Belgium,10Y,0.133,-0.122,0.255,0.02928932,-0.01588046
2016-10-01,Belgium,10Y,0.39,0.161,0.229,-0.00343218,0.00288461
2016-11-01,Belgium,10Y,0.626,0.273,0.353,0.0,0.0
2016-12-01,Belgium,10Y,0.527,0.204,0.32300000000000006,-0.02369548,0.02494524
2017-01-01,Belgium,10Y,0.979,0.434,0.5449999999999999,-0.01136922,0.01125365
2017-02-01,Belgium,10Y,0.702,0.206,0.496,0.0,0.0
2017-03-01,Belgium,10Y,0.843,0.325,0.518,-0.01209542,0.01300103
2017-04-01,Belgium,10Y,0.774,0.315,0.459,-0.00220409,-0.00059132
2017-05-01,Belgium,10Y,0.654,0.302,0.35200000000000004,0.0,0.0
2017-06-01,Belgium,10Y,0.795,0.465,0.33,0.00468379,-0.00618022
2017-07-01,Belgium,10Y,0.82,0.541,0.2789999999999999,-0.00745165,-0.00386945
2017-08-01,Belgium,10Y,0.663,0.36,0.30300000000000005,0.0,0.0
2017-09-01,Belgium,10Y,0.726,0.462,0.26399999999999996,-0.00127015,0.00235026
2017-10-01,Belgium,10Y,0.601,0.362,0.239,-0.01205914,0.01350465
2017-11-01,Belgium,10Y,0.566,0.366,0.19999999999999996,0.0,0.0
2017-12-01,Belgium,10Y,0.625,0.423,0.202,-0.00726541,0.00542794
2018-01-01,Belgium,10Y,0.972,0.695,0.277,0.01937805,-0.01940399
2018-02-01,Belgium,10Y,0.937,0.653,0.28400000000000003,0.0,0.0
2018-03-01,Belgium,10Y,0.76,0.494,0.266,-0.01997759,0.02238169
2018-04-01,Belgium,10Y,0.813,0.557,0.2559999999999999,0.00352961,-0.00433858
2018-05-01,Belgium,10Y,0.736,0.338,0.39799999999999996,0.0,0.0
2018-06-01,Belgium,10Y,0.686,0.3,0.38600000000000007,-0.04271677,0.03658385
2018-07-01,Belgium,10Y,0.737,0.442,0.295,-0.00753783,0.00753783
2018-08-01,Belgium,10Y,0.697,0.325,0.37199999999999994,0.0,0.0
2018-09-01,Belgium,10Y,0.828,0.469,0.359,0.00550418,-0.00644394
2018-10-01,Belgium,10Y,0.776,0.384,0.392,0.02001239,-0.01825893
2018-11-01,Belgium,10Y,0.756,0.312,0.444,0.0,0.0
2018-12-01,Belgium,10Y,0.768,0.239,0.529,-0.00415027,0.00355439
2019-01-01,Belgium,10Y,0.597,0.148,0.44899999999999995,0.0175893,-0.02145109
2019-02-01,Belgium,10Y,0.686,0.182,0.504,0.0,0.0
2019-03-01,Belgium,10Y,0.409,-0.072,0.481,0.00868726,-0.01442751
2019-04-01,Belgium,10Y,0.448,0.012,0.436,-0.00273599,-0.00018377
2019-05-01,Belgium,10Y,0.286,-0.204,0.49,0.0,0.0
2019-06-01,Belgium,10Y,0.063,-0.329,0.392,0.03058214,-0.0071408
2019-07-01,Belgium,10Y,-0.124,-0.442,0.318,0.04218756,-0.00506254
2019-08-01,Belgium,10Y,-0.347,-0.702,0.355,0.0,0.0
2019-09-01,Belgium,10Y,-0.259,-0.573,0.31399999999999995,0.03217407,0.03487853
2019-10-01,Belgium,10Y,-0.103,-0.409,0.306,0.00764552,-0.00665165
2019-11-01,Belgium,10Y,-0.068,-0.362,0.294,0.0,0.0
2019-12-01,Belgium,10Y,0.086,-0.188,0.274,-0.01029327,0.01098215
2020-01-01,Belgium,10Y,-0.191,-0.436,0.245,0.01788192,-0.01219238
2020-02-01,Belgium,10Y,-0.224,-0.609,0.385,0.0,0.0
2020-03-01,Belgium,10Y,0.052,-0.474,0.526,0.18996661,-0.0646914
2020-04-01,Belgium,10Y,-0.031,-0.589,0.5579999999999999,0.04450687,-0.0282567
2020-05-01,Belgium,10Y,-0.021,-0.449,0.428,0.0,0.0
2020-06-01,Belgium,10Y,-0.13,-0.456,0.326,0.00075699,0.00221042
2020-07-01,Belgium,10Y,-0.217,-0.525,0.30800000000000005,-0.01051453,0.00663075
2020-08-01,Belgium,10Y,-0.141,-0.398,0.257,0.0,0.0
2020-09-01,Belgium,10Y,-0.294,-0.523,0.22900000000000004,-0.01137573,0.0209051
2020-10-01,Belgium,10Y,-0.389,-0.628,0.239,-0.04440888,0.03827308
2020-11-01,Belgium,10Y,-0.375,-0.572,0.19699999999999995,0.0,0.0
2020-12-01,Belgium,10Y,-0.388,-0.572,0.18399999999999994,0.02960964,-0.0146942
2021-01-01,Belgium,10Y,-0.336,-0.519,0.183,0.01223291,-0.00964168
2021-02-01,Belgium,10Y,-0.066,-0.262,0.196,0.0,0.0
2021-03-01,Belgium,10Y,0.012,-0.293,0.305,0.00286225,0.0097477
2021-04-01,Belgium,10Y,0.136,-0.203,0.339,0.00189025,-0.00343929
2021-05-01,Belgium,10Y,0.134,-0.188,0.322,0.0,0.0
2021-06-01,Belgium,10Y,0.1,-0.209,0.309,-0.01563274,0.01470217
2021-07-01,Belgium,10Y,-0.122,-0.462,0.34,0.0073095,-0.00768279
2021-08-01,Belgium,10Y,-0.053,-0.385,0.332,0.0,0.0
2021-09-01,Belgium,10Y,0.121,-0.2,0.321,-0.01404805,0.01567899
2021-10-01,Belgium,10Y,0.238,-0.107,0.345,0.00670146,-0.0061872
2021-11-01,Belgium,10Y,-0.005,-0.351,0.346,0.0,0.0
2021-12-01,Belgium,10Y,0.181,-0.182,0.363,0.02039478,-0.02349587
2022-01-01,Belgium,10Y,0.346,0.009,0.33699999999999997,0.0,0.0
2022-02-01,Belgium,10Y,0.547,0.132,0.41500000000000004,0.03923857,-0.02262021
2022-03-01,Belgium,10Y,1.021,0.545,0.47599999999999987,0.01158872,0.00288687
2022-04-01,Belgium,10Y,1.51,0.937,0.573,-0.02722772,-0.01209206
2022-05-01,Belgium,10Y,1.709,1.12,0.589,0.0,0.0
2022-06-01,Belgium,10Y,2.006,1.333,0.6729999999999998,0.04000315,-0.05017059
2022-07-01,Belgium,10Y,1.411,0.814,0.5970000000000001,0.06062276,0.06828821
2022-08-01,Belgium,10Y,2.174,1.537,0.637,0.0,0.0
2022-09-01,Belgium,10Y,2.767,2.105,0.6619999999999999,0.06553518,0.05123198
2022-10-01,Belgium,10Y,2.729,2.139,0.5900000000000003,-0.0484317,-0.00738864
2022-11-01,Belgium,10Y,2.495,1.926,0.5690000000000002,0.0,0.0
2022-12-01,Belgium,10Y,3.209,2.565,0.6440000000000001,0.08741766,-0.05187298
2023-01-01,Belgium,10Y,2.851,2.283,0.5680000000000001,0.0,0.0
2023-02-01,Belgium,10Y,3.231,2.648,0.5829999999999997,-0.02825908,0.00739243
2023-03-01,Belgium,10Y,2.952,2.289,0.6629999999999998,0.06364707,0.13706177
2023-04-01,Belgium,10Y,3.001,2.31,0.6909999999999998,0.0,0.0
2023-05-01,Belgium,10Y,2.968,2.28,0.6880000000000002,-0.05445383,-0.02205352
2023-06-01,Belgium,10Y,3.053,2.39,0.6629999999999998,0.00310685,0.01212789
2023-07-01,Belgium,10Y,3.13,2.489,0.641,-0.02931627,0.00761737
2023-08-01,Belgium,10Y,3.084,2.462,0.6219999999999999,0.0,0.0
2023-09-01,Belgium,10Y,3.494,2.838,0.6560000000000001,0.00399758,0.06922208
2023-10-01,Belgium,10Y,3.457,2.804,0.653,-0.02513959,0.0050286
2023-11-01,Belgium,10Y,3.061,2.445,0.6160000000000001,0.0,0.0
2023-12-01,Belgium,10Y,2.604,2.021,0.5830000000000002,0.03287603,-0.00518218
2024-01-01,Belgium,10Y,2.785,2.165,0.6200000000000001,-0.04307478,0.00364715
2024-02-01,Belgium,10Y,2.976,2.41,0.5659999999999998,0.0,0.0
2024-03-01,Belgium,10Y,2.882,2.297,0.585,-0.02470938,0.02110809
2024-04-01,Belgium,10Y,3.104,2.583,0.5209999999999999,-0.00688623,0.00746176
2024-05-01,Belgium,10Y,3.203,2.663,0.54,0.0,0.0
2024-06-01,Belgium,10Y,3.137,2.497,0.6400000000000001,0.01490844,0.0018587
2024-07-01,Belgium,10Y,2.889,2.302,0.5869999999999997,-0.00635903,0.00050086
2024-08-01,Belgium,10Y,2.884,2.298,0.5859999999999999,0.0,0.0
2024-09-01,Belgium,10Y,2.746,2.122,0.6240000000000001,0.03255924,-0.01615053
2024-10-01,Belgium,10Y,2.973,2.388,0.585,-0.02068547,-0.01217264
2024-11-01,Belgium,10Y,2.679,2.086,0.593,0.0,0.0
2024-12-01,Belgium,10Y,2.973,2.364,0.609,0.00609036,0.02176619
2025-01-01,Belgium,10Y,3.063,2.458,0.605,-0.0087809,-0.00804116
2025-02-01,Belgium,10Y,2.989,2.405,0.5840000000000001,0.0,0.0
2025-03-01,Belgium,10Y,3.298,2.736,0.5619999999999998,-0.00193929,0.02623149
2025-04-01,Belgium,10Y,3.03,2.443,0.5869999999999997,-0.03264565,-0.02455187
2025-05-01,Belgium,10Y,3.019,2.499,0.52,0.0,0.0
2025-06-01,Belgium,10Y,3.157,2.605,0.552,0.02367629,-0.00634498
2025-07-01,Belgium,10Y,3.211,2.693,0.5179999999999998,0.02395822,-0.00106382
2025-08-01,Belgium,10Y,3.296,2.723,0.573,0.0,0.0
2025-09-01,Belgium,10Y,3.259,2.71,0.5489999999999999,-0.01551833,0.00187802
2025-10-01,Belgium,10Y,3.163,2.632,0.5309999999999997,-0.01065112,0.01192155
2025-11-01,Belgium,10Y,3.186,2.688,0.4979999999999998,,
2025-12-01,Belgium,10Y,3.35,2.854,0.496,,
2026-01-01,Belgium,10Y,3.367,2.842,0.5249999999999999,,
2026-02-01,Belgium,10Y,3.15,2.643,0.5070000000000001,,
2026-03-01,Belgium,10Y,3.616,3.002,0.6140000000000003,,
2026-04-01,Belgium,10Y,3.612,3.035,0.577,,
2026-05-01,Belgium,10Y,3.466,2.937,0.5290000000000004,,
2026-06-01,Belgium,10Y,3.431,2.858,0.573,,
2026-07-01,Belgium,10Y,3.745,3.205,0.54,,
2026-08-01,Belgium,10Y,3.872,3.323,0.5489999999999999,,
2026-09-01,Belgium,10Y,4.136,3.516,0.6200000000000001,,
1999-01-01,Belgium,2Y,2.989,2.844,0.14500000000000002,0.02914637,-0.06311121
1999-02-01,Belgium,2Y,3.221,3.128,0.09299999999999997,-0.00556514,0.00556514
1999-03-01,Belgium,2Y,2.966,2.878,0.08800000000000008,-0.00592203,0.00323799
1999-04-01,Belgium,2Y,2.774,2.694,0.08000000000000007,-0.00679893,-0.00330584
1999-05-01,Belgium,2Y,2.88,2.789,0.09099999999999975,0.01543059,-0.00936631
1999-06-01,Belgium,2Y,3.163,3.169,-0.006000000000000227,0.00768436,-0.01317122
1999-07-01,Belgium,2Y,3.371,3.389,-0.017999999999999794,-0.00494872,0.02780708
1999-08-01,Belgium,2Y,3.458,3.462,-0.0040000000000000036,0.00678846,-0.00826848
1999-09-01,Belgium,2Y,3.551,3.662,-0.11099999999999977,-0.04166781,-0.00527997
1999-10-01,Belgium,2Y,3.844,3.907,-0.06300000000000017,-0.06815947,-0.10613335
1999-11-01,Belgium,2Y,4.342,3.983,0.35899999999999954,0.01057526,0.04684463
1999-12-01,Belgium,2Y,4.484,4.208,0.2560000000000002,-0.00790024,0.00763541
2000-01-01,Belgium,2Y,4.667,4.385,0.28200000000000003,0.01150505,-0.02335973
2000-02-01,Belgium,2Y,4.69,4.439,0.25100000000000033,-0.04027945,0.06481814
2000-03-01,Belgium,2Y,4.592,4.423,0.1689999999999996,-0.06675806,-0.0176937
2000-04-01,Belgium,2Y,4.78,4.594,0.18599999999999994,0.02378726,-0.01526446
2000-05-01,Belgium,2Y,5.098,4.942,0.1559999999999997,-0.06400218,0.06313006
2000-06-01,Belgium,2Y,5.112,4.95,0.16199999999999992,0.11366676,0.04898755
2000-07-01,Belgium,2Y,5.252,5.106,0.1459999999999999,0.02048594,-0.00231932
2000-08-01,Belgium,2Y,5.272,5.211,0.06099999999999994,-0.04765312,-0.036261
2000-09-01,Belgium,2Y,5.145,5.043,0.10199999999999942,-0.03226793,-0.00031136
2000-10-01,Belgium,2Y,5.189,5.082,0.1070000000000002,0.02902834,0.0510063
2000-11-01,Belgium,2Y,4.956,4.831,0.125,-0.00713094,-0.01518934
2000-12-01,Belgium,2Y,4.659,4.446,0.21300000000000008,-0.0010197,0.02324592
2001-01-01,Belgium,2Y,4.467,4.386,0.08099999999999952,0.01139404,-0.00090513
2001-02-01,Belgium,2Y,4.504,4.374,0.1299999999999999,-0.00204204,0.01927988
2001-03-01,Belgium,2Y,4.331,4.138,0.1930000000000005,0.06859912,0.03120769
2001-04-01,Belgium,2Y,4.748,4.626,0.12199999999999989,0.06421035,0.12710222
2001-05-01,Belgium,2Y,4.551,4.386,0.16500000000000004,-0.13656878,-0.08779026
2001-06-01,Belgium,2Y,4.403,4.281,0.12199999999999989,0.02854883,0.02396559
2001-07-01,Belgium,2Y,4.235,4.134,0.10099999999999998,0.03007371,0.01514081
2001-08-01,Belgium,2Y,3.97,3.947,0.02300000000000013,0.05079423,-0.02379363
2001-09-01,Belgium,2Y,3.544,3.481,0.06300000000000017,0.0313824,-0.01387918
2001-10-01,Belgium,2Y,3.204,3.14,0.06400000000000006,0.04317789,0.06975827
2001-11-01,Belgium,2Y,3.299,3.387,-0.08800000000000008,0.03107767,-0.00197459
2001-12-01,Belgium,2Y,3.484,3.644,-0.16500000000000004,0.02660325,0.00333289
2002-01-01,Belgium,2Y,4.092,3.902,0.1899999999999995,0.01003587,0.01147814
2002-02-01,Belgium,2Y,4.04,3.872,0.16800000000000015,-0.00667414,0.03998737
2002-03-01,Belgium,2Y,4.43,4.321,0.1280000000000001,-3.086e-05,0.01296051
2002-04-01,Belgium,2Y,4.169,4.07,0.09899999999999931,-0.00247617,-0.01196426
2002-05-01,Belgium,2Y,4.287,4.247,0.040000000000000036,0.03218836,0.01597417
2002-06-01,Belgium,2Y,3.941,3.925,0.016000000000000014,0.01184929,-0.00618789
2002-07-01,Belgium,2Y,3.616,3.618,-0.0019999999999997797,0.00352277,-0.0116348
2002-08-01,Belgium,2Y,3.453,3.477,-0.02400000000000002,0.01803811,-0.01560232
2002-09-01,Belgium,2Y,3.067,3.071,-0.0040000000000000036,0.01607403,-0.04022966
2002-10-01,Belgium,2Y,3.069,3.081,-0.01200000000000001,0.02180133,0.01000217
2002-11-01,Belgium,2Y,3.04,3.1,-0.06000000000000005,0.06594808,-0.03659766
2002-12-01,Belgium,2Y,2.661,2.721,-0.06000000000000005,0.00595453,-0.05100643
2003-01-01,Belgium,2Y,2.685,2.596,0.08899999999999997,-0.02700705,0.05207753
2003-02-01,Belgium,2Y,2.392,2.295,0.09699999999999998,0.05532359,-0.03445075
2003-03-01,Belgium,2Y,2.475,2.407,0.06800000000000006,0.06711294,-0.02143875
2003-04-01,Belgium,2Y,2.445,2.427,0.017999999999999794,0.01825694,0.00312353
2003-05-01,Belgium,2Y,2.168,2.116,0.052000000000000046,0.05561085,-0.01606747
2003-06-01,Belgium,2Y,2.101,2.125,-0.02400000000000002,0.00128217,-0.05865202
2003-07-01,Belgium,2Y,2.395,2.456,-0.06099999999999994,0.00179838,0.01282863
2003-08-01,Belgium,2Y,2.502,2.593,-0.09100000000000019,0.0,0.0
2003-09-01,Belgium,2Y,2.161,2.297,-0.13600000000000012,0.00235118,-0.00730611
2003-10-01,Belgium,2Y,2.711,2.686,0.02499999999999991,0.03221462,-0.01758272
2003-11-01,Belgium,2Y,2.825,2.812,0.013000000000000345,-0.00093229,0.00553257
2003-12-01,Belgium,2Y,2.526,2.605,-0.07900000000000018,0.01015649,-0.01957929
2004-01-01,Belgium,2Y,2.82,2.524,0.2959999999999998,-0.0131573,0.00742273
2004-02-01,Belgium,2Y,2.503,2.215,0.28800000000000026,-0.00162731,-0.00688155
2004-03-01,Belgium,2Y,2.345,2.134,0.2110000000000003,0.01236658,0.02812953
2004-04-01,Belgium,2Y,2.648,2.439,0.20900000000000007,0.04962089,0.02543383
2004-05-01,Belgium,2Y,2.797,2.578,0.2190000000000003,0.01746509,-0.0065437
2004-06-01,Belgium,2Y,2.822,2.723,0.0990000000000002,-0.01060389,-0.00014359
2004-07-01,Belgium,2Y,2.728,2.626,0.10200000000000031,0.00862926,-0.00812276
2004-08-01,Belgium,2Y,2.522,2.415,0.10699999999999976,-0.00139583,0.00217688
2004-09-01,Belgium,2Y,2.582,2.583,-0.001000000000000334,0.0114091,0.00103921
2004-10-01,Belgium,2Y,2.431,2.429,0.002000000000000224,-0.00411348,-0.00801005
2004-11-01,Belgium,2Y,2.352,2.351,0.0009999999999998899,-0.00031881,-0.00525612
2004-12-01,Belgium,2Y,2.428,2.481,-0.052999999999999936,0.01785679,-0.00429348
2005-01-01,Belgium,2Y,2.442,2.398,0.04400000000000004,-0.01786635,-0.01631762
2005-02-01,Belgium,2Y,2.537,2.491,0.04599999999999982,0.00876981,-0.01224856
2005-03-01,Belgium,2Y,2.486,2.492,-0.005999999999999783,-0.00906581,0.00175456
2005-04-01,Belgium,2Y,2.247,2.248,-0.001000000000000334,0.00312037,-0.01689142
2005-05-01,Belgium,2Y,2.138,2.141,-0.0030000000000001137,-0.00742018,0.0089191
2005-06-01,Belgium,2Y,2.0,2.023,-0.02300000000000013,0.01228622,0.00308786
2005-07-01,Belgium,2Y,2.216,2.25,-0.03399999999999981,-0.01999819,0.03965357
2005-08-01,Belgium,2Y,2.172,2.199,-0.02699999999999969,0.00221244,-0.00113823
2005-09-01,Belgium,2Y,2.33,2.394,-0.06400000000000006,-0.00616143,0.00137953
2005-10-01,Belgium,2Y,2.563,2.629,-0.06599999999999984,-0.00725165,0.0053286
2005-11-01,Belgium,2Y,2.721,2.76,-0.0389999999999997,-0.02639035,0.01567596
2005-12-01,Belgium,2Y,2.793,2.862,-0.06899999999999995,-0.02869513,0.00122556
2006-01-01,Belgium,2Y,2.991,2.955,0.03600000000000003,-0.01509696,-0.00771216
2006-02-01,Belgium,2Y,3.069,3.021,0.04800000000000004,-0.00544505,-0.00324349
2006-03-01,Belgium,2Y,3.313,3.29,0.02300000000000013,0.02163882,-0.01310347
2006-04-01,Belgium,2Y,3.385,3.379,0.005999999999999783,-0.05627657,-0.03601184
2006-05-01,Belgium,2Y,3.387,3.355,0.03200000000000003,0.00017422,-0.00236101
2006-06-01,Belgium,2Y,3.548,3.574,-0.0259999999999998,-0.03946736,-0.00172699
2006-07-01,Belgium,2Y,3.504,3.512,-0.008000000000000007,0.01414146,0.00627523
2006-08-01,Belgium,2Y,3.529,3.522,0.007000000000000117,0.01499431,0.01378088
2006-09-01,Belgium,2Y,3.612,3.585,0.027000000000000135,0.0,0.0
2006-10-01,Belgium,2Y,3.706,3.678,0.028000000000000025,-0.00312185,0.00292537
2006-11-01,Belgium,2Y,3.673,3.658,0.015000000000000124,0.02599157,-0.03156989
2006-12-01,Belgium,2Y,3.883,3.903,-0.020000000000000018,-0.01228785,0.03226851
2007-01-01,Belgium,2Y,3.988,3.968,0.020000000000000018,-0.04184531,-0.00062716
2007-02-01,Belgium,2Y,3.895,3.876,0.019000000000000128,0.01201155,-0.00426155
2007-03-01,Belgium,2Y,4.03,4.016,0.014000000000000234,0.00234815,0.00780903
2007-04-01,Belgium,2Y,4.141,4.128,0.0129999999999999,0.00848509,-0.01206177
2007-05-01,Belgium,2Y,4.416,4.394,0.02200000000000024,0.00231754,-0.00518441
2007-06-01,Belgium,2Y,4.487,4.462,0.025000000000000355,3.95e-06,-0.00707298
2007-07-01,Belgium,2Y,4.382,4.299,0.0829999999999993,0.00420353,-0.00350775
2007-08-01,Belgium,2Y,4.107,4.013,0.0940000000000003,-7.551e-05,-0.00333671
2007-09-01,Belgium,2Y,4.127,4.028,0.0990000000000002,-0.0363456,-0.00270934
2007-10-01,Belgium,2Y,4.173,4.056,0.11699999999999999,0.00166756,-0.00365079
2007-11-01,Belgium,2Y,3.984,3.831,0.15300000000000002,0.00101171,-0.02129922
2007-12-01,Belgium,2Y,4.131,3.964,0.16700000000000026,0.02203938,-0.00235725
2008-01-01,Belgium,2Y,3.51,3.373,0.13699999999999957,0.00854417,-0.01034839
2008-02-01,Belgium,2Y,3.273,3.16,0.11299999999999999,-0.00565551,-0.04432311
2008-03-01,Belgium,2Y,3.718,3.431,0.2869999999999999,0.03287918,-0.00319577
2008-04-01,Belgium,2Y,3.984,3.757,0.22699999999999987,-0.00107664,0.00211722
2008-05-01,Belgium,2Y,4.457,4.316,0.14100000000000001,0.0079654,-0.01921652
2008-06-01,Belgium,2Y,4.776,4.597,0.17899999999999938,0.08718549,0.05944987
2008-07-01,Belgium,2Y,4.411,4.26,0.1509999999999998,-0.08616599,0.0003162
2008-08-01,Belgium,2Y,4.284,4.111,0.17300000000000004,-0.00047578,-0.0412033
2008-09-01,Belgium,2Y,3.809,3.476,0.3330000000000002,0.02062448,-0.02765799
2008-10-01,Belgium,2Y,2.857,2.542,0.3150000000000004,-0.00294813,-0.05476331
2008-11-01,Belgium,2Y,3.131,2.188,0.9429999999999996,0.14345953,0.0601037
2008-12-01,Belgium,2Y,2.619,1.755,0.8640000000000003,0.07249163,-0.02195657
2009-01-01,Belgium,2Y,2.32,1.532,0.7879999999999998,0.00570074,-0.03082516
2009-02-01,Belgium,2Y,2.056,1.311,0.7450000000000001,-0.0142095,-0.04348585
2009-03-01,Belgium,2Y,1.763,1.235,0.5279999999999998,-0.00508159,0.00953191
2009-04-01,Belgium,2Y,1.681,1.337,0.3440000000000001,0.04361952,0.04035626
2009-05-01,Belgium,2Y,1.536,1.419,0.11699999999999999,-0.00276712,-0.02144281
2009-06-01,Belgium,2Y,1.428,1.365,0.06299999999999994,0.01914683,0.01991529
2009-07-01,Belgium,2Y,1.224,1.263,-0.038999999999999924,0.01967426,-0.08702865
2009-08-01,Belgium,2Y,1.239,1.244,-0.004999999999999893,0.00382895,-0.00227106
2009-09-01,Belgium,2Y,1.08,1.265,-0.18499999999999983,-0.01479861,-0.0288011
2009-10-01,Belgium,2Y,1.127,1.288,-0.16100000000000003,-0.00631641,-0.01739833
2009-11-01,Belgium,2Y,1.314,1.257,0.05700000000000016,-0.03362904,0.01798103
2009-12-01,Belgium,2Y,1.358,1.331,0.027000000000000135,-0.03020061,-0.01008083
2010-01-01,Belgium,2Y,1.429,1.118,0.31099999999999994,-6.14e-06,-0.01162683
2010-02-01,Belgium,2Y,1.107,0.955,0.15200000000000002,0.02809804,-0.03309557
2010-03-01,Belgium,2Y,1.042,0.958,0.08400000000000007,-0.01619472,0.00347371
2010-04-01,Belgium,2Y,0.956,0.771,0.18499999999999994,0.00539033,-0.00101855
2010-05-01,Belgium,2Y,0.756,0.514,0.242,0.02627696,-0.01799763
2010-06-01,Belgium,2Y,1.0,0.6,0.4,-0.02371403,0.02024375
2010-07-01,Belgium,2Y,0.907,0.784,0.123,0.00522594,0.04208827
2010-08-01,Belgium,2Y,0.82,0.59,0.22999999999999998,0.01420454,-0.02426078
2010-09-01,Belgium,2Y,1.183,0.834,0.3490000000000001,-0.00294235,-0.01052608
2010-10-01,Belgium,2Y,1.359,0.989,0.37,-0.00279264,0.00162802
2010-11-01,Belgium,2Y,1.755,0.856,0.8989999999999999,-0.00010904,-0.0080795
2010-12-01,Belgium,2Y,1.959,0.864,1.0950000000000002,-0.00484115,-0.02320713
2011-01-01,Belgium,2Y,2.576,1.368,1.208,0.01844172,0.01740865
2011-02-01,Belgium,2Y,2.573,1.511,1.062,-0.02451558,-0.01441031
2011-03-01,Belgium,2Y,2.507,1.787,0.7200000000000002,0.07028429,0.06022116
2011-04-01,Belgium,2Y,2.542,1.767,0.7749999999999999,-0.00244173,0.01943218
2011-05-01,Belgium,2Y,2.392,1.601,0.7909999999999999,-0.05955414,-0.04508166
2011-06-01,Belgium,2Y,2.403,1.603,0.8,-0.01534681,-0.00214682
2011-07-01,Belgium,2Y,2.697,1.158,1.5390000000000001,-0.01354933,0.02770202
2011-08-01,Belgium,2Y,2.238,0.714,1.524,-0.04366301,-0.12013885
2011-09-01,Belgium,2Y,1.746,0.547,1.1989999999999998,0.01207522,-0.01000965
2011-10-01,Belgium,2Y,2.529,0.536,1.9929999999999999,0.10619898,0.05031052
2011-11-01,Belgium,2Y,3.569,0.331,3.238,-0.07192325,-0.0611927
2011-12-01,Belgium,2Y,2.106,0.139,1.9669999999999999,0.03349252,-0.03948307
2012-01-01,Belgium,2Y,1.438,0.156,1.282,0.02629851,-0.02840244
2012-02-01,Belgium,2Y,1.094,0.188,0.9060000000000001,-0.01433788,0.01535817
2012-03-01,Belgium,2Y,1.241,0.204,1.0370000000000001,0.00682966,-0.00830541
2012-04-01,Belgium,2Y,1.086,0.076,1.01,0.00683135,-0.00606342
2012-05-01,Belgium,2Y,0.718,0.007,0.753,0.04135716,-0.02621478
2012-06-01,Belgium,2Y,0.905,0.12,0.785,0.03338643,-0.00627108
2012-07-01,Belgium,2Y,0.432,-0.094,0.526,-0.0072012,-0.10685152
2012-08-01,Belgium,2Y,0.381,-0.037,0.418,0.10355838,-0.07344139
2012-09-01,Belgium,2Y,0.325,0.018,0.307,-0.03500514,0.0388083
2012-10-01,Belgium,2Y,0.223,0.035,0.188,0.00539462,-0.00081696
2012-11-01,Belgium,2Y,0.103,0.007,0.09599999999999999,0.00753017,0.00512519
2012-12-01,Belgium,2Y,0.087,-0.021,0.108,-0.0037345,-0.00486517
2013-01-01,Belgium,2Y,0.51,0.266,0.244,-0.00316676,0.01806952
2013-02-01,Belgium,2Y,0.274,0.037,0.23700000000000002,-0.00649124,-0.0096722
2013-03-01,Belgium,2Y,0.189,-0.026,0.215,0.00845211,0.00457824
2013-04-01,Belgium,2Y,0.11,0.011,0.099,0.02524541,-0.02755056
2013-05-01,Belgium,2Y,0.228,0.067,0.161,-0.00548678,-0.005251
2013-06-01,Belgium,2Y,0.378,0.187,0.191,0.03220402,-0.01512024
2013-07-01,Belgium,2Y,0.268,0.15,0.11800000000000002,-0.06055783,0.04203836
2013-08-01,Belgium,2Y,0.31,0.235,0.07500000000000001,-0.0028711,0.01132435
2013-09-01,Belgium,2Y,0.273,0.166,0.10700000000000001,-0.00632233,0.00132339
2013-10-01,Belgium,2Y,0.27,0.113,0.15700000000000003,0.00677482,-0.00609358
2013-11-01,Belgium,2Y,0.174,0.114,0.059999999999999984,-0.03543784,0.02352032
2013-12-01,Belgium,2Y,0.237,0.207,0.03,0.0178962,-0.00423027
2014-01-01,Belgium,2Y,0.175,0.066,0.10899999999999999,0.0074008,-0.01504822
2014-02-01,Belgium,2Y,0.264,0.127,0.137,0.0193551,0.02089548
2014-03-01,Belgium,2Y,0.272,0.158,0.11400000000000002,0.03148079,0.01102582
2014-04-01,Belgium,2Y,0.245,0.14,0.10499999999999998,-0.01390848,0.03683678
2014-05-01,Belgium,2Y,0.153,0.061,0.092,-0.00528758,0.01007157
2014-06-01,Belgium,2Y,0.083,0.025,0.058,-0.03637694,0.01209969
2014-07-01,Belgium,2Y,0.04,0.022,0.018000000000000002,-0.01783726,0.01292655
2014-08-01,Belgium,2Y,0.006,-0.033,0.039,0.00070312,0.00187773
2014-09-01,Belgium,2Y,-0.032,-0.083,0.051000000000000004,-0.06422641,-0.00068183
2014-10-01,Belgium,2Y,-0.009,-0.058,0.049,0.05409899,-0.04887129
2014-11-01,Belgium,2Y,-0.01,-0.034,0.024,-0.03680355,0.03947588
2014-12-01,Belgium,2Y,-0.051,-0.11,0.059000000000000004,0.05596263,-0.04833079
2015-01-01,Belgium,2Y,-0.096,-0.187,0.091,-0.01922483,0.01173607
2015-02-01,Belgium,2Y,-0.153,-0.229,0.07600000000000001,0.0,0.0
2015-03-01,Belgium,2Y,-0.171,-0.255,0.08399999999999999,0.00035536,-0.00385565
2015-04-01,Belgium,2Y,-0.161,-0.224,0.063,-0.00142985,0.00811493
2015-05-01,Belgium,2Y,-0.173,-0.229,0.05600000000000002,0.0,0.0
2015-06-01,Belgium,2Y,-0.147,-0.229,0.08200000000000002,0.00884221,-0.01158719
2015-07-01,Belgium,2Y,-0.177,-0.235,0.057999999999999996,-0.00145856,0.00208231
2015-08-01,Belgium,2Y,-0.138,-0.207,0.06899999999999998,0.0,0.0
2015-09-01,Belgium,2Y,-0.19,-0.255,0.065,-0.03170106,0.0298776
2015-10-01,Belgium,2Y,-0.271,-0.317,0.045999999999999985,-0.07457095,0.05369102
2015-11-01,Belgium,2Y,-0.341,-0.419,0.07799999999999996,0.0,0.0
2015-12-01,Belgium,2Y,-0.339,-0.349,0.009999999999999953,0.16522564,-0.06777853
2016-01-01,Belgium,2Y,-0.416,-0.49,0.07400000000000001,-0.02353204,0.00207732
2016-02-01,Belgium,2Y,-0.468,-0.574,0.10599999999999993,0.0,0.0
2016-03-01,Belgium,2Y,-0.455,-0.489,0.033999999999999975,0.00295142,0.04696157
2016-04-01,Belgium,2Y,-0.448,-0.485,0.03699999999999998,0.00874813,-0.00714425
2016-05-01,Belgium,2Y,-0.484,-0.517,0.03300000000000003,0.0,0.0
2016-06-01,Belgium,2Y,-0.589,-0.663,0.07400000000000007,0.01416894,-0.01469861
2016-07-01,Belgium,2Y,-0.58,-0.632,0.052000000000000046,0.00420598,0.02136953
2016-08-01,Belgium,2Y,-0.594,-0.625,0.031000000000000028,0.0,0.0
2016-09-01,Belgium,2Y,-0.654,-0.693,0.038999999999999924,0.02928932,-0.01588046
2016-10-01,Belgium,2Y,-0.638,-0.626,-0.01200000000000001,-0.00343218,0.00288461
2016-11-01,Belgium,2Y,-0.67,-0.735,0.06499999999999995,0.0,0.0
2016-12-01,Belgium,2Y,-0.693,-0.8,0.1070000000000001,-0.02369548,0.02494524
2017-01-01,Belgium,2Y,-0.461,-0.71,0.24899999999999994,-0.01136922,0.01125365
2017-02-01,Belgium,2Y,-0.577,-0.909,0.3320000000000001,0.0,0.0
2017-03-01,Belgium,2Y,-0.53,-0.75,0.21999999999999997,-0.01209542,0.01300103
2017-04-01,Belgium,2Y,-0.574,-0.74,0.16600000000000004,-0.00220409,-0.00059132
2017-05-01,Belgium,2Y,-0.58,-0.723,0.14300000000000002,0.0,0.0
2017-06-01,Belgium,2Y,-0.491,-0.581,0.08999999999999997,0.00468379,-0.00618022
2017-07-01,Belgium,2Y,-0.508,-0.688,0.17999999999999994,-0.00745165,-0.00386945
2017-08-01,Belgium,2Y,-0.573,-0.733,0.16000000000000003,0.0,0.0
2017-09-01,Belgium,2Y,-0.542,-0.697,0.15499999999999992,-0.00127015,0.00235026
2017-10-01,Belgium,2Y,-0.641,-0.754,0.11299999999999999,-0.01205914,0.01350465
2017-11-01,Belgium,2Y,-0.596,-0.69,0.09399999999999997,0.0,0.0
2017-12-01,Belgium,2Y,-0.525,-0.639,0.11399999999999999,-0.00726541,0.00542794
2018-01-01,Belgium,2Y,-0.477,-0.535,0.05800000000000005,0.01937805,-0.01940399
2018-02-01,Belgium,2Y,-0.52,-0.548,0.028000000000000025,0.0,0.0
2018-03-01,Belgium,2Y,-0.568,-0.613,0.04500000000000004,-0.01997759,0.02238169
2018-04-01,Belgium,2Y,-0.509,-0.592,0.08299999999999996,0.00352961,-0.00433858
2018-05-01,Belgium,2Y,-0.522,-0.667,0.14500000000000002,0.0,0.0
2018-06-01,Belgium,2Y,-0.552,-0.674,0.122,-0.04271677,0.03658385
2018-07-01,Belgium,2Y,-0.519,-0.579,0.05999999999999994,-0.00753783,0.00753783
2018-08-01,Belgium,2Y,-0.515,-0.611,0.09599999999999997,0.0,0.0
2018-09-01,Belgium,2Y,-0.453,-0.532,0.07900000000000001,0.00550418,-0.00644394
2018-10-01,Belgium,2Y,-0.539,-0.624,0.08499999999999996,0.02001239,-0.01825893
2018-11-01,Belgium,2Y,-0.566,-0.602,0.03600000000000003,0.0,0.0
2018-12-01,Belgium,2Y,-0.571,-0.62,0.049000000000000044,-0.00415027,0.00355439
2019-01-01,Belgium,2Y,-0.518,-0.569,0.050999999999999934,0.0175893,-0.02145109
2019-02-01,Belgium,2Y,-0.412,-0.528,0.11600000000000005,0.0,0.0
2019-03-01,Belgium,2Y,-0.513,-0.611,0.09799999999999998,0.00868726,-0.01442751
2019-04-01,Belgium,2Y,-0.528,-0.59,0.061999999999999944,-0.00273599,-0.00018377
2019-05-01,Belgium,2Y,-0.592,-0.673,0.08100000000000007,0.0,0.0
2019-06-01,Belgium,2Y,-0.678,-0.758,0.07999999999999996,0.03058214,-0.0071408
2019-07-01,Belgium,2Y,-0.698,-0.785,0.08700000000000008,0.04218756,-0.00506254
2019-08-01,Belgium,2Y,-0.833,-0.933,0.10000000000000009,0.0,0.0
2019-09-01,Belgium,2Y,-0.685,-0.773,0.08799999999999997,0.03217407,0.03487853
2019-10-01,Belgium,2Y,-0.646,-0.668,0.02200000000000002,0.00764552,-0.00665165
2019-11-01,Belgium,2Y,-0.628,-0.636,0.008000000000000007,0.0,0.0
2019-12-01,Belgium,2Y,-0.609,-0.612,0.0030000000000000027,-0.01029327,0.01098215
2020-01-01,Belgium,2Y,-0.619,-0.674,0.05500000000000005,0.01788192,-0.01219238
2020-02-01,Belgium,2Y,-0.651,-0.776,0.125,0.0,0.0
2020-03-01,Belgium,2Y,-0.497,-0.702,0.20499999999999996,0.18996661,-0.0646914
2020-04-01,Belgium,2Y,-0.554,-0.777,0.22299999999999998,0.04450687,-0.0282567
2020-05-01,Belgium,2Y,-0.516,-0.668,0.15200000000000002,0.0,0.0
2020-06-01,Belgium,2Y,-0.59,-0.695,0.10499999999999998,0.00075699,0.00221042
2020-07-01,Belgium,2Y,-0.622,-0.72,0.09799999999999998,-0.01051453,0.00663075
2020-08-01,Belgium,2Y,-0.621,-0.658,0.03700000000000003,0.0,0.0
2020-09-01,Belgium,2Y,-0.674,-0.705,0.030999999999999917,-0.01137573,0.0209051
2020-10-01,Belgium,2Y,-0.75,-0.798,0.04800000000000004,-0.04440888,0.03827308
2020-11-01,Belgium,2Y,-0.726,-0.749,0.02300000000000002,0.0,0.0
2020-12-01,Belgium,2Y,-0.719,-0.715,-0.0040000000000000036,0.02960964,-0.0146942
2021-01-01,Belgium,2Y,-0.707,-0.738,0.031000000000000028,0.01223291,-0.00964168
2021-02-01,Belgium,2Y,-0.656,-0.668,0.01200000000000001,0.0,0.0
2021-03-01,Belgium,2Y,-0.67,-0.695,0.02499999999999991,0.00286225,0.0097477
2021-04-01,Belgium,2Y,-0.652,-0.69,0.03799999999999992,0.00189025,-0.00343929
2021-05-01,Belgium,2Y,-0.667,-0.668,0.0010000000000000009,0.0,0.0
2021-06-01,Belgium,2Y,-0.671,-0.667,-0.0040000000000000036,-0.01563274,0.01470217
2021-07-01,Belgium,2Y,-0.748,-0.767,0.019000000000000017,0.0073095,-0.00768279
2021-08-01,Belgium,2Y,-0.704,-0.722,0.018000000000000016,0.0,0.0
2021-09-01,Belgium,2Y,-0.695,-0.695,0.0,-0.01404805,0.01567899
2021-10-01,Belgium,2Y,-0.617,-0.591,-0.026000000000000023,0.00670146,-0.0061872
2021-11-01,Belgium,2Y,-0.775,-0.746,-0.029000000000000026,0.0,0.0
2021-12-01,Belgium,2Y,-0.662,-0.636,-0.026000000000000023,0.02039478,-0.02349587
2022-01-01,Belgium,2Y,-0.611,-0.536,-0.07499999999999996,0.0,0.0
2022-02-01,Belgium,2Y,-0.602,-0.539,-0.06299999999999994,0.03923857,-0.02262021
2022-03-01,Belgium,2Y,0.085,-0.08,0.165,0.01158872,0.00288687
2022-04-01,Belgium,2Y,0.438,0.254,0.184,-0.02722772,-0.01209206
2022-05-01,Belgium,2Y,0.618,0.494,0.124,0.0,0.0
2022-06-01,Belgium,2Y,0.809,0.632,0.17700000000000005,0.04000315,-0.05017059
2022-07-01,Belgium,2Y,0.329,0.264,0.065,0.06062276,0.06828821
2022-08-01,Belgium,2Y,1.247,1.184,0.06300000000000017,0.0,0.0
2022-09-01,Belgium,2Y,1.795,1.747,0.04799999999999982,0.06553518,0.05123198
2022-10-01,Belgium,2Y,1.976,1.927,0.04899999999999993,-0.0484317,-0.00738864
2022-11-01,Belgium,2Y,2.122,2.112,0.009999999999999787,0.0,0.0
2022-12-01,Belgium,2Y,2.722,2.738,-0.016000000000000014,0.08741766,-0.05187298
2023-01-01,Belgium,2Y,2.628,2.644,-0.016000000000000014,0.0,0.0
2023-02-01,Belgium,2Y,3.148,3.128,0.020000000000000018,-0.02825908,0.00739243
2023-03-01,Belgium,2Y,2.673,2.673,0.0,0.06364707,0.13706177
2023-04-01,Belgium,2Y,2.734,2.675,0.05900000000000016,0.0,0.0
2023-05-01,Belgium,2Y,2.783,2.707,0.07600000000000007,-0.05445383,-0.02205352
2023-06-01,Belgium,2Y,3.218,3.188,0.029999999999999805,0.00310685,0.01212789
2023-07-01,Belgium,2Y,3.203,3.031,0.1719999999999997,-0.02931627,0.00761737
2023-08-01,Belgium,2Y,3.108,2.967,0.14100000000000001,0.0,0.0
2023-09-01,Belgium,2Y,3.396,3.198,0.19799999999999995,0.00399758,0.06922208
2023-10-01,Belgium,2Y,3.235,3.011,0.22399999999999975,-0.02513959,0.0050286
2023-11-01,Belgium,2Y,2.864,2.812,0.052000000000000046,0.0,0.0
2023-12-01,Belgium,2Y,2.381,2.392,-0.01100000000000012,0.03287603,-0.00518218
2024-01-01,Belgium,2Y,2.516,2.415,0.10099999999999998,-0.04307478,0.00364715
2024-02-01,Belgium,2Y,2.968,2.898,0.06999999999999984,0.0,0.0
2024-03-01,Belgium,2Y,2.885,2.846,0.0389999999999997,-0.02470938,0.02110809
2024-04-01,Belgium,2Y,3.136,3.03,0.10600000000000032,-0.00688623,0.00746176
2024-05-01,Belgium,2Y,3.167,3.093,0.07399999999999984,0.0,0.0
2024-06-01,Belgium,2Y,3.006,2.828,0.17799999999999994,0.01490844,0.0018587
2024-07-01,Belgium,2Y,2.674,2.525,0.14900000000000002,-0.00635903,0.00050086
2024-08-01,Belgium,2Y,2.533,2.388,0.14500000000000002,0.0,0.0
2024-09-01,Belgium,2Y,2.198,2.064,0.1339999999999999,0.03255924,-0.01615053
2024-10-01,Belgium,2Y,2.413,2.276,0.137,-0.02068547,-0.01217264
2024-11-01,Belgium,2Y,2.073,1.945,0.1279999999999999,0.0,0.0
2024-12-01,Belgium,2Y,2.246,2.077,0.16900000000000004,0.00609036,0.02176619
2025-01-01,Belgium,2Y,2.283,2.11,0.17300000000000004,-0.0087809,-0.00804116
2025-02-01,Belgium,2Y,2.159,2.021,0.1379999999999999,0.0,0.0
2025-03-01,Belgium,2Y,2.173,2.045,0.1280000000000001,-0.00193929,0.02623149
2025-04-01,Belgium,2Y,1.844,1.683,0.16100000000000003,-0.03264565,-0.02455187
2025-05-01,Belgium,2Y,1.888,1.772,0.11599999999999988,0.0,0.0
2025-06-01,Belgium,2Y,1.969,1.857,0.1120000000000001,0.02367629,-0.00634498
2025-07-01,Belgium,2Y,2.039,1.96,0.07900000000000018,0.02395822,-0.00106382
2025-08-01,Belgium,2Y,2.052,1.937,0.11499999999999999,0.0,0.0
2025-09-01,Belgium,2Y,2.112,2.018,0.0940000000000003,-0.01551833,0.00187802
2025-10-01,Belgium,2Y,2.038,1.966,0.07199999999999984,-0.01065112,0.01192155
2025-11-01,Belgium,2Y,2.083,2.026,0.057000000000000384,,
2025-12-01,Belgium,2Y,2.17,2.12,0.04999999999999982,,
2026-01-01,Belgium,2Y,2.092,2.085,0.007000000000000117,,
2026-02-01,Belgium,2Y,2.084,1.995,0.08899999999999997,,
2026-03-01,Belgium,2Y,2.738,2.613,0.125,,
2026-04-01,Belgium,2Y,2.729,2.64,0.08899999999999997,,
2026-05-01,Belgium,2Y,2.594,2.526,0.06800000000000006,,
2026-06-01,Belgium,2Y,2.583,2.524,0.05900000000000016,,
2026-07-01,Belgium,2Y,2.852,2.817,0.0349999999999997,,
2026-08-01,Belgium,2Y,2.953,2.934,0.018999999999999684,,
2026-09-01,Belgium,2Y,3.275,3.26,0.015000000000000124,,
1999-01-01,Belgium,5Y,4.107,3.127,0.9800000000000004,0.02914637,-0.06311121
1999-02-01,Belgium,5Y,4.448,3.406,1.0420000000000003,-0.00556514,0.00556514
1999-03-01,Belgium,5Y,4.473,3.228,1.2449999999999997,-0.00592203,0.00323799
1999-04-01,Belgium,5Y,4.377,3.089,1.2879999999999998,-0.00679893,-0.00330584
1999-05-01,Belgium,5Y,4.686,3.317,1.3689999999999998,0.01543059,-0.00936631
1999-06-01,Belgium,5Y,5.061,3.847,1.214,0.00768436,-0.01317122
1999-07-01,Belgium,5Y,5.307,4.186,1.1210000000000004,-0.00494872,0.02780708
1999-08-01,Belgium,5Y,5.489,4.307,1.1819999999999995,0.00678846,-0.00826848
1999-09-01,Belgium,5Y,5.607,4.424,1.1829999999999998,-0.04166781,-0.00527997
1999-10-01,Belgium,5Y,5.634,4.641,0.9930000000000003,-0.06815947,-0.10613335
1999-11-01,Belgium,5Y,5.628,4.632,0.9960000000000004,0.01057526,0.04684463
1999-12-01,Belgium,5Y,5.822,4.79,1.032,-0.00790024,0.00763541
2000-01-01,Belgium,5Y,5.938,5.052,0.8860000000000001,0.01150505,-0.02335973
2000-02-01,Belgium,5Y,5.859,5.088,0.7709999999999999,-0.04027945,0.06481814
2000-03-01,Belgium,5Y,5.58,4.854,0.726,-0.06675806,-0.0176937
2000-04-01,Belgium,5Y,5.662,4.998,0.6639999999999997,0.02378726,-0.01526446
2000-05-01,Belgium,5Y,5.562,5.046,0.516,-0.06400218,0.06313006
2000-06-01,Belgium,5Y,5.642,5.022,0.6200000000000001,0.11366676,0.04898755
2000-07-01,Belgium,5Y,5.581,5.141,0.4400000000000004,0.02048594,-0.00231932
2000-08-01,Belgium,5Y,5.7,5.237,0.4630000000000001,-0.04765312,-0.036261
2000-09-01,Belgium,5Y,5.67,5.057,0.6129999999999995,-0.03226793,-0.00031136
2000-10-01,Belgium,5Y,5.676,5.073,0.6029999999999998,0.02902834,0.0510063
2000-11-01,Belgium,5Y,5.455,4.828,0.6269999999999998,-0.00713094,-0.01518934
2000-12-01,Belgium,5Y,5.344,4.508,0.8360000000000003,-0.0010197,0.02324592
2001-01-01,Belgium,5Y,5.271,4.495,0.7759999999999998,0.01139404,-0.00090513
2001-02-01,Belgium,5Y,5.237,4.482,0.7549999999999999,-0.00204204,0.01927988
2001-03-01,Belgium,5Y,5.216,4.334,0.8820000000000006,0.06859912,0.03120769
2001-04-01,Belgium,5Y,5.5,4.748,0.7519999999999998,0.06421035,0.12710222
2001-05-01,Belgium,5Y,5.565,4.731,0.8340000000000005,-0.13656878,-0.08779026
2001-06-01,Belgium,5Y,5.511,4.59,0.9210000000000003,0.02854883,0.02396559
2001-07-01,Belgium,5Y,5.268,4.413,0.8549999999999995,0.03007371,0.01514081
2001-08-01,Belgium,5Y,5.203,4.201,1.0020000000000007,0.05079423,-0.02379363
2001-09-01,Belgium,5Y,5.176,4.062,1.1139999999999999,0.0313824,-0.01387918
2001-10-01,Belgium,5Y,4.758,3.741,1.017,0.04317789,0.06975827
2001-11-01,Belgium,5Y,4.914,4.026,0.8879999999999999,0.03107767,-0.00197459
2001-12-01,Belgium,5Y,5.243,4.386,0.8579999999999997,0.02660325,0.00333289
2002-01-01,Belgium,5Y,5.233,4.505,0.7279999999999998,0.01003587,0.01147814
2002-02-01,Belgium,5Y,5.285,4.546,0.7389999999999999,-0.00667414,0.03998737
2002-03-01,Belgium,5Y,5.559,4.902,0.6520000000000001,-3.086e-05,0.01296051
2002-04-01,Belgium,5Y,5.446,4.71,0.7359999999999998,-0.00247617,-0.01196426
2002-05-01,Belgium,5Y,5.565,4.8,0.7650000000000006,0.03218836,0.01597417
2002-06-01,Belgium,5Y,5.359,4.491,0.8680000000000003,0.01184929,-0.00618789
2002-07-01,Belgium,5Y,5.203,4.196,1.0070000000000006,0.00352277,-0.0116348
2002-08-01,Belgium,5Y,5.01,4.049,0.9609999999999994,0.01803811,-0.01560232
2002-09-01,Belgium,5Y,4.8,3.601,1.1989999999999998,0.01607403,-0.04022966
2002-10-01,Belgium,5Y,5.019,3.784,1.2350000000000003,0.02180133,0.01000217
2002-11-01,Belgium,5Y,4.939,3.8,1.1390000000000002,0.06594808,-0.03659766
2002-12-01,Belgium,5Y,4.645,3.395,1.2499999999999996,0.00595453,-0.05100643
2003-01-01,Belgium,5Y,4.511,3.266,1.245,-0.02700705,0.05207753
2003-02-01,Belgium,5Y,4.39,3.055,1.3349999999999995,0.05532359,-0.03445075
2003-03-01,Belgium,5Y,4.496,3.24,1.2560000000000002,0.06711294,-0.02143875
2003-04-01,Belgium,5Y,4.515,3.273,1.2419999999999995,0.01825694,0.00312353
2003-05-01,Belgium,5Y,4.213,2.879,1.334,0.05561085,-0.01606747
2003-06-01,Belgium,5Y,4.253,2.949,1.3040000000000003,0.00128217,-0.05865202
2003-07-01,Belgium,5Y,4.605,3.363,1.2420000000000004,0.00179838,0.01282863
2003-08-01,Belgium,5Y,4.547,3.463,1.0839999999999996,0.0,0.0
2003-09-01,Belgium,5Y,4.404,3.097,1.307,0.00235118,-0.00730611
2003-10-01,Belgium,5Y,4.638,3.601,1.037,0.03221462,-0.01758272
2003-11-01,Belgium,5Y,4.732,3.743,0.9890000000000003,-0.00093229,0.00553257
2003-12-01,Belgium,5Y,4.591,3.504,1.0870000000000002,0.01015649,-0.01957929
2004-01-01,Belgium,5Y,4.579,3.402,1.1769999999999996,-0.0131573,0.00742273
2004-02-01,Belgium,5Y,4.413,3.244,1.169,-0.00162731,-0.00688155
2004-03-01,Belgium,5Y,4.316,3.093,1.2229999999999999,0.01236658,0.02812953
2004-04-01,Belgium,5Y,4.516,3.411,1.105,0.04962089,0.02543383
2004-05-01,Belgium,5Y,4.654,3.578,1.076,0.01746509,-0.0065437
2004-06-01,Belgium,5Y,4.57,3.572,0.9980000000000002,-0.01060389,-0.00014359
2004-07-01,Belgium,5Y,4.479,3.458,1.021,0.00862926,-0.00812276
2004-08-01,Belgium,5Y,4.297,3.32,0.9769999999999999,-0.00139583,0.00217688
2004-09-01,Belgium,5Y,4.252,3.317,0.9349999999999996,0.0114091,0.00103921
2004-10-01,Belgium,5Y,4.143,3.164,0.9789999999999996,-0.00411348,-0.00801005
2004-11-01,Belgium,5Y,3.982,3.043,0.9390000000000001,-0.00031881,-0.00525612
2004-12-01,Belgium,5Y,3.867,3.031,0.8359999999999999,0.01785679,-0.00429348
2005-01-01,Belgium,5Y,3.701,2.927,0.774,-0.01786635,-0.01631762
2005-02-01,Belgium,5Y,3.845,3.076,0.7690000000000001,0.00876981,-0.01224856
2005-03-01,Belgium,5Y,3.794,3.061,0.7330000000000001,-0.00906581,0.00175456
2005-04-01,Belgium,5Y,3.585,2.79,0.7949999999999999,0.00312037,-0.01689142
2005-05-01,Belgium,5Y,3.444,2.638,0.806,-0.00742018,0.0089191
2005-06-01,Belgium,5Y,3.298,2.481,0.8170000000000002,0.01228622,0.00308786
2005-07-01,Belgium,5Y,3.407,2.647,0.7600000000000002,-0.01999819,0.03965357
2005-08-01,Belgium,5Y,3.247,2.539,0.7079999999999997,0.00221244,-0.00113823
2005-09-01,Belgium,5Y,3.269,2.732,0.5369999999999999,-0.00616143,0.00137953
2005-10-01,Belgium,5Y,3.483,3.007,0.476,-0.00725165,0.0053286
2005-11-01,Belgium,5Y,3.498,3.093,0.40500000000000025,-0.02639035,0.01567596
2005-12-01,Belgium,5Y,3.358,3.068,0.29000000000000004,-0.02869513,0.00122556
2006-01-01,Belgium,5Y,3.438,3.22,0.21799999999999997,-0.01509696,-0.00771216
2006-02-01,Belgium,5Y,3.438,3.262,0.17600000000000016,-0.00544505,-0.00324349
2006-03-01,Belgium,5Y,3.438,3.585,-0.1469999999999998,0.02163882,-0.01310347
2006-04-01,Belgium,5Y,3.438,3.735,-0.2969999999999997,-0.05627657,-0.03601184
2006-05-01,Belgium,5Y,4.209,3.697,0.5119999999999996,0.00017422,-0.00236101
2006-06-01,Belgium,5Y,4.265,3.84,0.4249999999999998,-0.03946736,-0.00172699
2006-07-01,Belgium,5Y,4.133,3.695,0.43800000000000017,0.01414146,0.00627523
2006-08-01,Belgium,5Y,3.961,3.588,0.3729999999999998,0.01499431,0.01378088
2006-09-01,Belgium,5Y,3.878,3.628,0.25,0.0,0.0
2006-10-01,Belgium,5Y,3.873,3.683,0.1900000000000004,-0.00312185,0.00292537
2006-11-01,Belgium,5Y,3.826,3.635,0.19100000000000028,0.02599157,-0.03156989
2006-12-01,Belgium,5Y,4.069,3.921,0.14800000000000013,-0.01228785,0.03226851
2007-01-01,Belgium,5Y,4.215,4.036,0.17900000000000027,-0.04184531,-0.00062716
2007-02-01,Belgium,5Y,4.093,3.892,0.20100000000000007,0.01201155,-0.00426155
2007-03-01,Belgium,5Y,4.229,4.018,0.2110000000000003,0.00234815,0.00780903
2007-04-01,Belgium,5Y,4.31,4.134,0.17599999999999927,0.00848509,-0.01206177
2007-05-01,Belgium,5Y,4.552,4.412,0.13999999999999968,0.00231754,-0.00518441
2007-06-01,Belgium,5Y,4.724,4.527,0.19700000000000006,3.95e-06,-0.00707298
2007-07-01,Belgium,5Y,4.583,4.319,0.26400000000000023,0.00420353,-0.00350775
2007-08-01,Belgium,5Y,4.514,4.115,0.399,-7.551e-05,-0.00333671
2007-09-01,Belgium,5Y,4.607,4.163,0.44399999999999995,-0.0363456,-0.00270934
2007-10-01,Belgium,5Y,4.511,4.132,0.37900000000000045,0.00166756,-0.00365079
2007-11-01,Belgium,5Y,4.585,3.911,0.6739999999999999,0.00101171,-0.02129922
2007-12-01,Belgium,5Y,4.654,4.119,0.5350000000000001,0.02203938,-0.00235725
2008-01-01,Belgium,5Y,4.401,3.552,0.8489999999999998,0.00854417,-0.01034839
2008-02-01,Belgium,5Y,4.389,3.368,1.0210000000000004,-0.00565551,-0.04432311
2008-03-01,Belgium,5Y,4.501,3.6,0.9010000000000002,0.03287918,-0.00319577
2008-04-01,Belgium,5Y,4.62,3.877,0.7430000000000003,-0.00107664,0.00211722
2008-05-01,Belgium,5Y,4.862,4.303,0.5590000000000002,0.0079654,-0.01921652
2008-06-01,Belgium,5Y,5.043,4.636,0.40700000000000003,0.08718549,0.05944987
2008-07-01,Belgium,5Y,4.785,4.272,0.5129999999999999,-0.08616599,0.0003162
2008-08-01,Belgium,5Y,4.669,4.095,0.5739999999999998,-0.00047578,-0.0412033
2008-09-01,Belgium,5Y,4.687,3.768,0.9190000000000005,0.02062448,-0.02765799
2008-10-01,Belgium,5Y,4.734,3.196,1.5379999999999998,-0.00294813,-0.05476331
2008-11-01,Belgium,5Y,4.038,2.651,1.3870000000000005,0.14345953,0.0601037
2008-12-01,Belgium,5Y,3.907,2.318,1.589,0.07249163,-0.02195657
2009-01-01,Belgium,5Y,4.432,2.494,1.9380000000000002,0.00570074,-0.03082516
2009-02-01,Belgium,5Y,4.501,2.234,2.2670000000000003,-0.0142095,-0.04348585
2009-03-01,Belgium,5Y,4.169,2.233,1.9359999999999995,-0.00508159,0.00953191
2009-04-01,Belgium,5Y,4.06,2.354,1.7059999999999995,0.04361952,0.04035626
2009-05-01,Belgium,5Y,4.393,2.632,1.7609999999999997,-0.00276712,-0.02144281
2009-06-01,Belgium,5Y,4.183,2.493,1.69,0.01914683,0.01991529
2009-07-01,Belgium,5Y,3.899,2.406,1.4929999999999999,0.01967426,-0.08702865
2009-08-01,Belgium,5Y,3.95,2.375,1.5750000000000002,0.00382895,-0.00227106
2009-09-01,Belgium,5Y,3.924,2.401,1.5230000000000001,-0.01479861,-0.0288011
2009-10-01,Belgium,5Y,3.909,2.411,1.4979999999999998,-0.00631641,-0.01739833
2009-11-01,Belgium,5Y,3.852,2.233,1.6189999999999998,-0.03362904,0.01798103
2009-12-01,Belgium,5Y,3.975,2.423,1.552,-0.03020061,-0.01008083
2010-01-01,Belgium,5Y,3.843,2.276,1.5670000000000002,-6.14e-06,-0.01162683
2010-02-01,Belgium,5Y,3.743,2.127,1.616,0.02809804,-0.03309557
2010-03-01,Belgium,5Y,3.651,2.136,1.5149999999999997,-0.01619472,0.00347371
2010-04-01,Belgium,5Y,3.614,1.968,1.646,0.00539033,-0.00101855
2010-05-01,Belgium,5Y,3.282,1.557,1.725,0.02627696,-0.01799763
2010-06-01,Belgium,5Y,3.585,1.458,2.127,-0.02371403,0.02024375
2010-07-01,Belgium,5Y,3.423,1.653,1.77,0.00522594,0.04208827
2010-08-01,Belgium,5Y,2.953,1.199,1.7539999999999998,0.01420454,-0.02426078
2010-09-01,Belgium,5Y,3.248,1.483,1.7650000000000001,-0.00294235,-0.01052608
2010-10-01,Belgium,5Y,3.416,1.712,1.704,-0.00279264,0.00162802
2010-11-01,Belgium,5Y,4.075,1.674,2.4010000000000002,-0.00010904,-0.0080795
2010-12-01,Belgium,5Y,4.061,1.838,2.223,-0.00484115,-0.02320713
2011-01-01,Belgium,5Y,4.523,2.386,2.1369999999999996,0.01844172,0.01740865
2011-02-01,Belgium,5Y,4.53,2.386,2.144,-0.02451558,-0.01441031
2011-03-01,Belgium,5Y,4.541,2.671,1.8700000000000006,0.07028429,0.06022116
2011-04-01,Belgium,5Y,4.593,2.599,1.9939999999999998,-0.00244173,0.01943218
2011-05-01,Belgium,5Y,4.501,2.277,2.224,-0.05955414,-0.04508166
2011-06-01,Belgium,5Y,4.462,2.277,2.1849999999999996,-0.01534681,-0.00214682
2011-07-01,Belgium,5Y,4.556,1.719,2.8369999999999997,-0.01354933,0.02770202
2011-08-01,Belgium,5Y,4.279,1.309,2.9699999999999998,-0.04366301,-0.12013885
2011-09-01,Belgium,5Y,3.975,1.165,2.81,0.01207522,-0.01000965
2011-10-01,Belgium,5Y,4.602,1.159,3.4430000000000005,0.10619898,0.05031052
2011-11-01,Belgium,5Y,5.114,1.16,3.9539999999999997,-0.07192325,-0.0611927
2011-12-01,Belgium,5Y,4.164,0.753,3.4109999999999996,0.03349252,-0.03948307
2012-01-01,Belgium,5Y,4.029,0.736,3.293,0.02629851,-0.02840244
2012-02-01,Belgium,5Y,3.896,0.813,3.083,-0.01433788,0.01535817
2012-03-01,Belgium,5Y,3.63,0.794,2.836,0.00682966,-0.00830541
2012-04-01,Belgium,5Y,3.574,0.599,2.9749999999999996,0.00683135,-0.00606342
2012-05-01,Belgium,5Y,3.249,0.336,2.9130000000000003,0.04135716,-0.02621478
2012-06-01,Belgium,5Y,3.527,0.61,2.9170000000000003,0.03338643,-0.00627108
2012-07-01,Belgium,5Y,3.008,0.303,2.705,-0.0072012,-0.10685152
2012-08-01,Belgium,5Y,2.981,0.333,2.6479999999999997,0.10355838,-0.07344139
2012-09-01,Belgium,5Y,2.881,0.509,2.372,-0.03500514,0.0388083
2012-10-01,Belgium,5Y,2.857,0.491,2.366,0.00539462,-0.00081696
2012-11-01,Belgium,5Y,2.569,0.405,2.1639999999999997,0.00753017,0.00512519
2012-12-01,Belgium,5Y,2.41,0.292,2.1180000000000003,-0.0037345,-0.00486517
2013-01-01,Belgium,5Y,2.804,0.762,2.042,-0.00316676,0.01806952
2013-02-01,Belgium,5Y,2.736,0.434,2.302,-0.00649124,-0.0096722
2013-03-01,Belgium,5Y,2.671,0.311,2.36,0.00845211,0.00457824
2013-04-01,Belgium,5Y,2.389,0.332,2.057,0.02524541,-0.02755056
2013-05-01,Belgium,5Y,2.68,0.487,2.193,-0.00548678,-0.005251
2013-06-01,Belgium,5Y,3.04,0.734,2.306,0.03220402,-0.01512024
2013-07-01,Belgium,5Y,2.988,0.651,2.3369999999999997,-0.06055783,0.04203836
2013-08-01,Belgium,5Y,3.222,0.817,2.4050000000000002,-0.0028711,0.01132435
2013-09-01,Belgium,5Y,3.074,0.791,2.283,-0.00632233,0.00132339
2013-10-01,Belgium,5Y,2.91,0.657,2.253,0.00677482,-0.00609358
2013-11-01,Belgium,5Y,2.857,0.651,2.2060000000000004,-0.03543784,0.02352032
2013-12-01,Belgium,5Y,3.011,0.917,2.0940000000000003,0.0178962,-0.00423027
2014-01-01,Belgium,5Y,2.676,0.649,2.027,0.0074008,-0.01504822
2014-02-01,Belgium,5Y,2.669,0.667,2.002,0.0193551,0.02089548
2014-03-01,Belgium,5Y,2.556,0.628,1.928,0.03148079,0.01102582
2014-04-01,Belgium,5Y,2.422,0.551,1.871,-0.01390848,0.03683678
2014-05-01,Belgium,5Y,2.277,0.428,1.8490000000000002,-0.00528758,0.01007157
2014-06-01,Belgium,5Y,2.108,0.341,1.7670000000000001,-0.03637694,0.01209969
2014-07-01,Belgium,5Y,1.911,0.301,1.61,-0.01783726,0.01292655
2014-08-01,Belgium,5Y,1.611,0.172,1.439,0.00070312,0.00187773
2014-09-01,Belgium,5Y,1.635,0.146,1.489,-0.06422641,-0.00068183
2014-10-01,Belgium,5Y,1.524,0.125,1.399,0.05409899,-0.04887129
2014-11-01,Belgium,5Y,1.314,0.111,1.203,-0.03680355,0.03947588
2014-12-01,Belgium,5Y,1.187,0.008,1.179,0.05596263,-0.04833079
2015-01-01,Belgium,5Y,0.753,-0.051,0.804,-0.01922483,0.01173607
2015-02-01,Belgium,5Y,0.732,-0.088,0.82,0.0,0.0
2015-03-01,Belgium,5Y,0.583,-0.102,0.6849999999999999,0.00035536,-0.00385565
2015-04-01,Belgium,5Y,0.793,0.007,0.786,-0.00142985,0.00811493
2015-05-01,Belgium,5Y,1.012,-0.004,1.016,0.0,0.0
2015-06-01,Belgium,5Y,1.478,0.073,1.405,0.00884221,-0.01158719
2015-07-01,Belgium,5Y,1.162,0.044,1.1179999999999999,-0.00145856,0.00208231
2015-08-01,Belgium,5Y,1.377,0.126,1.251,0.0,0.0
2015-09-01,Belgium,5Y,1.167,-0.007,1.174,-0.03170106,0.0298776
2015-10-01,Belgium,5Y,1.057,-0.079,1.136,-0.07457095,0.05369102
2015-11-01,Belgium,5Y,1.407,-0.183,1.59,0.0,0.0
2015-12-01,Belgium,5Y,1.62,-0.047,1.667,0.16522564,-0.06777853
2016-01-01,Belgium,5Y,1.231,-0.313,1.544,-0.02353204,0.00207732
2016-02-01,Belgium,5Y,1.052,-0.408,1.46,0.0,0.0
2016-03-01,Belgium,5Y,0.951,-0.329,1.28,0.00295142,0.04696157
2016-04-01,Belgium,5Y,1.171,-0.289,1.46,0.00874813,-0.00714425
2016-05-01,Belgium,5Y,0.956,-0.378,1.334,0.0,0.0
2016-06-01,Belgium,5Y,0.534,-0.569,1.103,0.01416894,-0.01469861
2016-07-01,Belgium,5Y,0.423,-0.529,0.952,0.00420598,0.02136953
2016-08-01,Belgium,5Y,0.525,-0.504,1.029,0.0,0.0
2016-09-01,Belgium,5Y,0.508,-0.577,1.085,0.02928932,-0.01588046
2016-10-01,Belgium,5Y,0.763,-0.402,1.165,-0.00343218,0.00288461
2016-11-01,Belgium,5Y,1.025,-0.432,1.4569999999999999,0.0,0.0
2016-12-01,Belgium,5Y,0.993,-0.543,1.536,-0.02369548,0.02494524
2017-01-01,Belgium,5Y,1.338,-0.406,1.7440000000000002,-0.01136922,0.01125365
2017-02-01,Belgium,5Y,1.044,-0.575,1.619,0.0,0.0
2017-03-01,Belgium,5Y,1.216,-0.386,1.6019999999999999,-0.01209542,0.01300103
2017-04-01,Belgium,5Y,1.117,-0.39,1.5070000000000001,-0.00220409,-0.00059132
2017-05-01,Belgium,5Y,1.025,-0.435,1.46,0.0,0.0
2017-06-01,Belgium,5Y,1.159,-0.229,1.3880000000000001,0.00468379,-0.00618022
2017-07-01,Belgium,5Y,1.182,-0.182,1.3639999999999999,-0.00745165,-0.00386945
2017-08-01,Belgium,5Y,1.041,-0.345,1.386,0.0,0.0
2017-09-01,Belgium,5Y,1.104,-0.269,1.3730000000000002,-0.00127015,0.00235026
2017-10-01,Belgium,5Y,0.993,-0.351,1.3439999999999999,-0.01205914,0.01350465
2017-11-01,Belgium,5Y,0.937,-0.31,1.247,0.0,0.0
2017-12-01,Belgium,5Y,0.998,-0.207,1.205,-0.00726541,0.00542794
2018-01-01,Belgium,5Y,1.16,0.102,1.0579999999999998,0.01937805,-0.01940399
2018-02-01,Belgium,5Y,1.273,0.021,1.252,0.0,0.0
2018-03-01,Belgium,5Y,1.131,-0.106,1.237,-0.01997759,0.02238169
2018-04-01,Belgium,5Y,1.195,-0.061,1.256,0.00352961,-0.00433858
2018-05-01,Belgium,5Y,1.162,-0.275,1.4369999999999998,0.0,0.0
2018-06-01,Belgium,5Y,1.111,-0.306,1.417,-0.04271677,0.03658385
2018-07-01,Belgium,5Y,1.175,-0.128,1.303,-0.00753783,0.00753783
2018-08-01,Belgium,5Y,1.101,-0.233,1.334,0.0,0.0
2018-09-01,Belgium,5Y,1.205,-0.092,1.2970000000000002,0.00550418,-0.00644394
2018-10-01,Belgium,5Y,1.182,-0.194,1.376,0.02001239,-0.01825893
2018-11-01,Belgium,5Y,1.184,-0.271,1.455,0.0,0.0
2018-12-01,Belgium,5Y,1.206,-0.32,1.526,-0.00415027,0.00355439
2019-01-01,Belgium,5Y,1.032,-0.318,1.35,0.0175893,-0.02145109
2019-02-01,Belgium,5Y,1.077,-0.279,1.3559999999999999,0.0,0.0
2019-03-01,Belgium,5Y,0.792,-0.453,1.245,0.00868726,-0.01442751
2019-04-01,Belgium,5Y,0.854,-0.416,1.27,-0.00273599,-0.00018377
2019-05-01,Belgium,5Y,0.684,-0.582,1.266,0.0,0.0
2019-06-01,Belgium,5Y,0.407,-0.666,1.073,0.03058214,-0.0071408
2019-07-01,Belgium,5Y,0.193,-0.717,0.9099999999999999,0.04218756,-0.00506254
2019-08-01,Belgium,5Y,-0.064,-0.927,0.863,0.0,0.0
2019-09-01,Belgium,5Y,-0.019,-0.775,0.756,0.03217407,0.03487853
2019-10-01,Belgium,5Y,0.158,-0.628,0.786,0.00764552,-0.00665165
2019-11-01,Belgium,5Y,0.202,-0.585,0.7869999999999999,0.0,0.0
2019-12-01,Belgium,5Y,0.381,-0.476,0.857,-0.01029327,0.01098215
2020-01-01,Belgium,5Y,0.078,-0.644,0.722,0.01788192,-0.01219238
2020-02-01,Belgium,5Y,-0.058,-0.766,0.708,0.0,0.0
2020-03-01,Belgium,5Y,0.296,-0.657,0.9530000000000001,0.18996661,-0.0646914
2020-04-01,Belgium,5Y,0.18,-0.77,0.95,0.04450687,-0.0282567
2020-05-01,Belgium,5Y,0.204,-0.646,0.85,0.0,0.0
2020-06-01,Belgium,5Y,0.1,-0.7,0.7999999999999999,0.00075699,0.00221042
2020-07-01,Belgium,5Y,-0.007,-0.722,0.715,-0.01051453,0.00663075
2020-08-01,Belgium,5Y,0.114,-0.631,0.745,0.0,0.0
2020-09-01,Belgium,5Y,-0.077,-0.713,0.636,-0.01137573,0.0209051
2020-10-01,Belgium,5Y,-0.159,-0.822,0.6629999999999999,-0.04440888,0.03827308
2020-11-01,Belgium,5Y,-0.161,-0.754,0.593,0.0,0.0
2020-12-01,Belgium,5Y,-0.172,-0.742,0.5700000000000001,0.02960964,-0.0146942
2021-01-01,Belgium,5Y,-0.09,-0.736,0.646,0.01223291,-0.00964168
2021-02-01,Belgium,5Y,0.196,-0.569,0.7649999999999999,0.0,0.0
2021-03-01,Belgium,5Y,0.201,-0.629,0.8300000000000001,0.00286225,0.0097477
2021-04-01,Belgium,5Y,0.322,-0.578,0.8999999999999999,0.00189025,-0.00343929
2021-05-01,Belgium,5Y,0.322,-0.568,0.8899999999999999,0.0,0.0
2021-06-01,Belgium,5Y,0.257,-0.589,0.846,-0.01563274,0.01470217
2021-07-01,Belgium,5Y,0.036,-0.744,0.78,0.0073095,-0.00768279
2021-08-01,Belgium,5Y,0.099,-0.68,0.779,0.0,0.0
2021-09-01,Belgium,5Y,0.278,-0.558,0.8360000000000001,-0.01404805,0.01567899
2021-10-01,Belgium,5Y,0.352,-0.392,0.744,0.00670146,-0.0061872
2021-11-01,Belgium,5Y,0.142,-0.622,0.764,0.0,0.0
2021-12-01,Belgium,5Y,0.324,-0.461,0.785,0.02039478,-0.02349587
2022-01-01,Belgium,5Y,0.476,-0.227,0.703,0.0,0.0
2022-02-01,Belgium,5Y,0.722,-0.164,0.886,0.03923857,-0.02262021
2022-03-01,Belgium,5Y,1.237,0.371,0.8660000000000001,0.01158872,0.00288687
2022-04-01,Belgium,5Y,1.774,0.674,1.1,-0.02722772,-0.01209206
2022-05-01,Belgium,5Y,1.984,0.832,1.1520000000000001,0.0,0.0
2022-06-01,Belgium,5Y,2.342,1.056,1.286,0.04000315,-0.05017059
2022-07-01,Belgium,5Y,1.79,0.524,1.266,0.06062276,0.06828821
2022-08-01,Belgium,5Y,2.488,1.383,1.105,0.0,0.0
2022-09-01,Belgium,5Y,3.075,1.959,1.116,0.06553518,0.05123198
2022-10-01,Belgium,5Y,3.069,2.0,1.069,-0.0484317,-0.00738864
2022-11-01,Belgium,5Y,2.711,1.929,0.7819999999999998,0.0,0.0
2022-12-01,Belgium,5Y,3.407,2.566,0.8410000000000002,0.08741766,-0.05187298
2023-01-01,Belgium,5Y,3.079,2.306,0.7730000000000001,0.0,0.0
2023-02-01,Belgium,5Y,3.48,2.736,0.7439999999999998,-0.02825908,0.00739243
2023-03-01,Belgium,5Y,3.165,2.305,0.8599999999999999,0.06364707,0.13706177
2023-04-01,Belgium,5Y,3.213,2.3,0.9130000000000003,0.0,0.0
2023-05-01,Belgium,5Y,3.206,2.275,0.931,-0.05445383,-0.02205352
2023-06-01,Belgium,5Y,3.186,2.546,0.6400000000000001,0.00310685,0.01212789
2023-07-01,Belgium,5Y,3.316,2.533,0.7829999999999999,-0.02931627,0.00761737
2023-08-01,Belgium,5Y,3.348,2.472,0.8759999999999999,0.0,0.0
2023-09-01,Belgium,5Y,3.759,2.774,0.9849999999999999,0.00399758,0.06922208
2023-10-01,Belgium,5Y,3.815,2.652,1.1629999999999998,-0.02513959,0.0050286
2023-11-01,Belgium,5Y,3.37,2.372,0.9980000000000002,0.0,0.0
2023-12-01,Belgium,5Y,2.908,1.942,0.966,0.03287603,-0.00518218
2024-01-01,Belgium,5Y,3.016,2.049,0.9670000000000001,-0.04307478,0.00364715
2024-02-01,Belgium,5Y,3.167,2.43,0.7369999999999997,0.0,0.0
2024-03-01,Belgium,5Y,3.085,2.32,0.7650000000000001,-0.02470938,0.02110809
2024-04-01,Belgium,5Y,3.287,2.615,0.6719999999999997,-0.00688623,0.00746176
2024-05-01,Belgium,5Y,3.379,2.706,0.673,0.0,0.0
2024-06-01,Belgium,5Y,3.402,2.479,0.923,0.01490844,0.0018587
2024-07-01,Belgium,5Y,3.202,2.229,0.9729999999999999,-0.00635903,0.00050086
2024-08-01,Belgium,5Y,3.214,2.187,1.0270000000000001,0.0,0.0
2024-09-01,Belgium,5Y,3.134,1.944,1.19,0.03255924,-0.01615053
2024-10-01,Belgium,5Y,3.285,2.265,1.02,-0.02068547,-0.01217264
2024-11-01,Belgium,5Y,2.992,1.924,1.068,0.0,0.0
2024-12-01,Belgium,5Y,3.296,2.152,1.1439999999999997,0.00609036,0.02176619
2025-01-01,Belgium,5Y,3.373,2.233,1.1400000000000001,-0.0087809,-0.00804116
2025-02-01,Belgium,5Y,3.326,2.149,1.177,0.0,0.0
2025-03-01,Belgium,5Y,3.661,2.337,1.3239999999999998,-0.00193929,0.02623149
2025-04-01,Belgium,5Y,3.463,1.984,1.479,-0.03264565,-0.02455187
2025-05-01,Belgium,5Y,3.452,2.063,1.3889999999999998,0.0,0.0
2025-06-01,Belgium,5Y,3.588,2.169,1.419,0.02367629,-0.00634498
2025-07-01,Belgium,5Y,3.663,2.293,1.3699999999999997,0.02395822,-0.00106382
2025-08-01,Belgium,5Y,3.784,2.256,1.528,0.0,0.0
2025-09-01,Belgium,5Y,3.721,2.308,1.4130000000000003,-0.01551833,0.00187802
2025-10-01,Belgium,5Y,3.63,2.231,1.399,-0.01065112,0.01192155
2025-11-01,Belgium,5Y,3.67,2.287,1.383,,
2025-12-01,Belgium,5Y,3.828,2.447,1.3809999999999998,,
2026-01-01,Belgium,5Y,3.764,2.416,1.3479999999999999,,
2026-02-01,Belgium,5Y,3.547,2.237,1.31,,
2026-03-01,Belgium,5Y,3.943,2.725,1.218,,
2026-04-01,Belgium,5Y,3.946,2.746,1.2000000000000002,,
2026-05-01,Belgium,5Y,3.836,2.636,1.1999999999999997,,
2026-06-01,Belgium,5Y,3.799,2.594,1.205,,
2026-07-01,Belgium,5Y,4.085,2.941,1.1440000000000001,,
2026-08-01,Belgium,5Y,4.222,3.062,1.1600000000000006,,
2026-09-01,Belgium,5Y,4.436,3.333,1.1029999999999998,,
1999-01-01,France,10Y,3.733,3.632,0.10099999999999998,0.02914637,-0.06311121
1999-02-01,France,10Y,4.097,4.011,0.0860000000000003,-0.00556514,0.00556514
1999-03-01,France,10Y,4.123,4.001,0.12199999999999989,-0.00592203,0.00323799
1999-04-01,France,10Y,3.991,3.868,0.12300000000000022,-0.00679893,-0.00330584
1999-05-01,France,10Y,4.249,4.116,0.133,0.01543059,-0.00936631
1999-06-01,France,10Y,4.657,4.511,0.1459999999999999,0.00768436,-0.01317122
1999-07-01,France,10Y,4.961,4.811,0.15000000000000036,-0.00494872,0.02780708
1999-08-01,France,10Y,5.052,4.891,0.1609999999999996,0.00678846,-0.00826848
1999-09-01,France,10Y,5.222,5.08,0.14200000000000035,-0.04166781,-0.00527997
1999-10-01,France,10Y,5.278,5.157,0.12099999999999955,-0.06815947,-0.10613335
1999-11-01,France,10Y,5.241,5.125,0.11599999999999966,0.01057526,0.04684463
1999-12-01,France,10Y,5.478,5.355,0.125,-0.00790024,0.00763541
2000-01-01,France,10Y,5.657,5.541,0.11599999999999966,0.01150505,-0.02335973
2000-02-01,France,10Y,5.634,5.5,0.13400000000000034,-0.04027945,0.06481814
2000-03-01,France,10Y,5.341,5.216,0.125,-0.06675806,-0.0176937
2000-04-01,France,10Y,5.408,5.298,0.11000000000000032,0.02378726,-0.01526446
2000-05-01,France,10Y,5.361,5.191,0.16999999999999993,-0.06400218,0.06313006
2000-06-01,France,10Y,5.379,5.221,0.15799999999999947,0.11366676,0.04898755
2000-07-01,France,10Y,5.354,5.206,0.1479999999999997,0.02048594,-0.00231932
2000-08-01,France,10Y,5.463,5.298,0.16500000000000004,-0.04765312,-0.036261
2000-09-01,France,10Y,5.381,5.23,0.1509999999999998,-0.03226793,-0.00031136
2000-10-01,France,10Y,5.36,5.215,0.14500000000000046,0.02902834,0.0510063
2000-11-01,France,10Y,5.117,5.0,0.11699999999999999,-0.00713094,-0.01518934
2000-12-01,France,10Y,5.007,4.851,0.1559999999999997,-0.0010197,0.02324592
2001-01-01,France,10Y,4.939,4.797,0.14200000000000035,0.01139404,-0.00090513
2001-02-01,France,10Y,4.897,4.754,0.14300000000000068,-0.00204204,0.01927988
2001-03-01,France,10Y,4.85,4.705,0.14499999999999957,0.06859912,0.03120769
2001-04-01,France,10Y,5.173,5.032,0.14100000000000001,0.06421035,0.12710222
2001-05-01,France,10Y,5.295,5.173,0.12199999999999989,-0.13656878,-0.08779026
2001-06-01,France,10Y,5.236,5.102,0.13399999999999945,0.02854883,0.02396559
2001-07-01,France,10Y,4.996,4.88,0.11600000000000055,0.03007371,0.01514081
2001-08-01,France,10Y,4.907,4.788,0.11899999999999977,0.05079423,-0.02379363
2001-09-01,France,10Y,4.901,4.791,0.10999999999999943,0.0313824,-0.01387918
2001-10-01,France,10Y,4.532,4.397,0.1349999999999998,0.04317789,0.06975827
2001-11-01,France,10Y,4.677,4.555,0.12199999999999989,0.03107767,-0.00197459
2001-12-01,France,10Y,5.069,4.996,0.07499999999999929,0.02660325,0.00333289
2002-01-01,France,10Y,4.983,4.905,0.0779999999999994,0.01003587,0.01147814
2002-02-01,France,10Y,5.038,4.964,0.07399999999999984,-0.00667414,0.03998737
2002-03-01,France,10Y,5.333,5.251,0.07899999999999974,-3.086e-05,0.01296051
2002-04-01,France,10Y,5.211,5.122,0.08900000000000041,-0.00247617,-0.01196426
2002-05-01,France,10Y,5.256,5.168,0.08800000000000008,0.03218836,0.01597417
2002-06-01,France,10Y,5.03,4.942,0.08800000000000008,0.01184929,-0.00618789
2002-07-01,France,10Y,4.835,4.752,0.08300000000000018,0.00352277,-0.0116348
2002-08-01,France,10Y,4.654,4.568,0.0860000000000003,0.01803811,-0.01560232
2002-09-01,France,10Y,4.405,4.272,0.133,0.01607403,-0.04022966
2002-10-01,France,10Y,4.594,4.511,0.08300000000000018,0.02180133,0.01000217
2002-11-01,France,10Y,4.56,4.49,0.0699999999999994,0.06594808,-0.03659766
2002-12-01,France,10Y,4.262,4.204,0.05799999999999983,0.00595453,-0.05100643
2003-01-01,France,10Y,4.123,4.072,0.051000000000000156,-0.02700705,0.05207753
2003-02-01,France,10Y,3.952,3.918,0.03399999999999981,0.05532359,-0.03445075
2003-03-01,France,10Y,4.124,4.044,0.08000000000000007,0.06711294,-0.02143875
2003-04-01,France,10Y,4.148,4.092,0.05600000000000005,0.01825694,0.00312353
2003-05-01,France,10Y,3.776,3.721,0.054999999999999716,0.05561085,-0.01606747
2003-06-01,France,10Y,3.85,3.802,0.04800000000000004,0.00128217,-0.05865202
2003-07-01,France,10Y,4.202,4.19,0.011999999999999567,0.00179838,0.01282863
2003-08-01,France,10Y,4.198,4.197,0.001000000000000334,0.0,0.0
2003-09-01,France,10Y,4.05,3.995,0.054999999999999716,0.00235118,-0.00730611
2003-10-01,France,10Y,4.347,4.331,0.016000000000000014,0.03221462,-0.01758272
2003-11-01,France,10Y,4.467,4.457,0.009999999999999787,-0.00093229,0.00553257
2003-12-01,France,10Y,4.301,4.292,0.009000000000000341,0.01015649,-0.01957929
2004-01-01,France,10Y,4.262,4.24,0.021999999999999353,-0.0131573,0.00742273
2004-02-01,France,10Y,4.067,4.051,0.016000000000000014,-0.00162731,-0.00688155
2004-03-01,France,10Y,4.01,3.931,0.07899999999999974,0.01236658,0.02812953
2004-04-01,France,10Y,4.246,4.175,0.07100000000000062,0.04962089,0.02543383
2004-05-01,France,10Y,4.4,4.374,0.02600000000000069,0.01746509,-0.0065437
2004-06-01,France,10Y,4.337,4.318,0.019000000000000128,-0.01060389,-0.00014359
2004-07-01,France,10Y,4.235,4.216,0.019000000000000128,0.00862926,-0.00812276
2004-08-01,France,10Y,4.04,4.023,0.017000000000000348,-0.00139583,0.00217688
2004-09-01,France,10Y,4.056,3.991,0.06499999999999995,0.0114091,0.00103921
2004-10-01,France,10Y,3.93,3.873,0.05699999999999994,-0.00411348,-0.00801005
2004-11-01,France,10Y,3.791,3.793,-0.002000000000000224,-0.00031881,-0.00525612
2004-12-01,France,10Y,3.677,3.683,-0.005999999999999783,0.01785679,-0.00429348
2005-01-01,France,10Y,3.538,3.547,-0.009000000000000341,-0.01786635,-0.01631762
2005-02-01,France,10Y,3.752,3.715,0.03699999999999992,0.00876981,-0.01224856
2005-03-01,France,10Y,3.66,3.622,0.038000000000000256,-0.00906581,0.00175456
2005-04-01,France,10Y,3.44,3.396,0.04400000000000004,0.00312037,-0.01689142
2005-05-01,France,10Y,3.289,3.274,0.015000000000000124,-0.00742018,0.0089191
2005-06-01,France,10Y,3.132,3.134,-0.0019999999999997797,0.01228622,0.00308786
2005-07-01,France,10Y,3.25,3.243,0.007000000000000117,-0.01999819,0.03965357
2005-08-01,France,10Y,3.104,3.102,0.002000000000000224,0.00221244,-0.00113823
2005-09-01,France,10Y,3.194,3.148,0.04599999999999982,-0.00616143,0.00137953
2005-10-01,France,10Y,3.423,3.391,0.03200000000000003,-0.00725165,0.0053286
2005-11-01,France,10Y,3.457,3.455,0.0019999999999997797,-0.02639035,0.01567596
2005-12-01,France,10Y,3.304,3.309,-0.0050000000000003375,-0.02869513,0.00122556
2006-01-01,France,10Y,3.477,3.467,0.009999999999999787,-0.01509696,-0.00771216
2006-02-01,France,10Y,3.524,3.489,0.03500000000000014,-0.00544505,-0.00324349
2006-03-01,France,10Y,3.807,3.771,0.03600000000000003,0.02163882,-0.01310347
2006-04-01,France,10Y,3.984,3.951,0.03299999999999992,-0.05627657,-0.03601184
2006-05-01,France,10Y,3.992,3.982,0.009999999999999787,0.00017422,-0.00236101
2006-06-01,France,10Y,4.079,4.071,0.008000000000000007,-0.03946736,-0.00172699
2006-07-01,France,10Y,3.93,3.921,0.009000000000000341,0.01414146,0.00627523
2006-08-01,France,10Y,3.765,3.76,0.0050000000000003375,0.01499431,0.01378088
2006-09-01,France,10Y,3.72,3.709,0.01100000000000012,0.0,0.0
2006-10-01,France,10Y,3.766,3.741,0.02499999999999991,-0.00312185,0.00292537
2006-11-01,France,10Y,3.716,3.695,0.02100000000000035,0.02599157,-0.03156989
2006-12-01,France,10Y,3.981,3.948,0.03299999999999992,-0.01228785,0.03226851
2007-01-01,France,10Y,4.147,4.1,0.0470000000000006,-0.04184531,-0.00062716
2007-02-01,France,10Y,4.009,3.957,0.05200000000000049,0.01201155,-0.00426155
2007-03-01,France,10Y,4.113,4.057,0.05600000000000005,0.00234815,0.00780903
2007-04-01,France,10Y,4.198,4.154,0.04400000000000048,0.00848509,-0.01206177
2007-05-01,France,10Y,4.457,4.422,0.03500000000000014,0.00231754,-0.00518441
2007-06-01,France,10Y,4.62,4.574,0.04600000000000026,3.95e-06,-0.00707298
2007-07-01,France,10Y,4.439,4.347,0.09199999999999964,0.00420353,-0.00350775
2007-08-01,France,10Y,4.328,4.242,0.0860000000000003,-7.551e-05,-0.00333671
2007-09-01,France,10Y,4.413,4.329,0.08400000000000052,-0.0363456,-0.00270934
2007-10-01,France,10Y,4.331,4.239,0.09200000000000053,0.00166756,-0.00365079
2007-11-01,France,10Y,4.262,4.126,0.13599999999999923,0.00101171,-0.02129922
2007-12-01,France,10Y,4.422,4.307,0.11499999999999932,0.02203938,-0.00235725
2008-01-01,France,10Y,4.054,3.93,0.12400000000000011,0.00854417,-0.01034839
2008-02-01,France,10Y,4.008,3.891,0.11699999999999999,-0.00565551,-0.04432311
2008-03-01,France,10Y,4.11,3.899,0.2110000000000003,0.03287918,-0.00319577
2008-04-01,France,10Y,4.328,4.123,0.20500000000000007,-0.00107664,0.00211722
2008-05-01,France,10Y,4.592,4.405,0.1869999999999994,0.0079654,-0.01921652
2008-06-01,France,10Y,4.81,4.621,0.18899999999999917,0.08718549,0.05944987
2008-07-01,France,10Y,4.534,4.355,0.17899999999999938,-0.08616599,0.0003162
2008-08-01,France,10Y,4.38,4.176,0.20399999999999974,-0.00047578,-0.0412033
2008-09-01,France,10Y,4.345,4.015,0.33000000000000007,0.02062448,-0.02765799
2008-10-01,France,10Y,4.302,3.9,0.4019999999999997,-0.00294813,-0.05476331
2008-11-01,France,10Y,3.678,3.258,0.41999999999999993,0.14345953,0.0601037
2008-12-01,France,10Y,3.414,2.951,0.4630000000000001,0.07249163,-0.02195657
2009-01-01,France,10Y,3.806,3.296,0.5100000000000002,0.00570074,-0.03082516
2009-02-01,France,10Y,3.661,3.112,0.5489999999999999,-0.0142095,-0.04348585
2009-03-01,France,10Y,3.553,2.994,0.5589999999999997,-0.00508159,0.00953191
2009-04-01,France,10Y,3.59,3.178,0.4119999999999999,0.04361952,0.04035626
2009-05-01,France,10Y,3.953,3.589,0.3639999999999999,-0.00276712,-0.02144281
2009-06-01,France,10Y,3.729,3.386,0.34299999999999997,0.01914683,0.01991529
2009-07-01,France,10Y,3.569,3.3,0.26900000000000013,0.01967426,-0.08702865
2009-08-01,France,10Y,3.537,3.257,0.2799999999999998,0.00382895,-0.00227106
2009-09-01,France,10Y,3.537,3.22,0.3169999999999997,-0.01479861,-0.0288011
2009-10-01,France,10Y,3.533,3.231,0.30200000000000005,-0.00631641,-0.01739833
2009-11-01,France,10Y,3.419,3.159,0.26000000000000023,-0.03362904,0.01798103
2009-12-01,France,10Y,3.593,3.387,0.20599999999999996,-0.03020061,-0.01008083
2010-01-01,France,10Y,3.461,3.196,0.2649999999999997,-6.14e-06,-0.01162683
2010-02-01,France,10Y,3.403,3.101,0.30200000000000005,0.02809804,-0.03309557
2010-03-01,France,10Y,3.42,3.092,0.32799999999999985,-0.01619472,0.00347371
2010-04-01,France,10Y,3.289,3.017,0.27200000000000024,0.00539033,-0.00101855
2010-05-01,France,10Y,2.921,2.66,0.2609999999999997,0.02627696,-0.01799763
2010-06-01,France,10Y,3.05,2.577,0.47299999999999986,-0.02371403,0.02024375
2010-07-01,France,10Y,2.945,2.669,0.2759999999999998,0.00522594,0.04208827
2010-08-01,France,10Y,2.467,2.116,0.351,0.01420454,-0.02426078
2010-09-01,France,10Y,2.659,2.278,0.3809999999999998,-0.00294235,-0.01052608
2010-10-01,France,10Y,2.913,2.518,0.395,-0.00279264,0.00162802
2010-11-01,France,10Y,3.154,2.67,0.484,-0.00010904,-0.0080795
2010-12-01,France,10Y,3.362,2.963,0.399,-0.00484115,-0.02320713
2011-01-01,France,10Y,3.529,3.153,0.3759999999999999,0.01844172,0.01740865
2011-02-01,France,10Y,3.542,3.169,0.3729999999999998,-0.02451558,-0.01441031
2011-03-01,France,10Y,3.71,3.352,0.3580000000000001,0.07028429,0.06022116
2011-04-01,France,10Y,3.559,3.238,0.3210000000000002,-0.00244173,0.01943218
2011-05-01,France,10Y,3.385,3.019,0.36599999999999966,-0.05955414,-0.04508166
2011-06-01,France,10Y,3.404,3.023,0.3809999999999998,-0.01534681,-0.00214682
2011-07-01,France,10Y,3.219,2.537,0.6819999999999999,-0.01354933,0.02770202
2011-08-01,France,10Y,2.91,2.217,0.6930000000000001,-0.04366301,-0.12013885
2011-09-01,France,10Y,2.596,1.885,0.7110000000000001,0.01207522,-0.01000965
2011-10-01,France,10Y,3.094,2.024,1.0699999999999998,0.10619898,0.05031052
2011-11-01,France,10Y,3.38,2.276,1.104,-0.07192325,-0.0611927
2011-12-01,France,10Y,3.137,1.825,1.312,0.03349252,-0.03948307
2012-01-01,France,10Y,3.044,1.786,1.258,0.02629851,-0.02840244
2012-02-01,France,10Y,2.872,1.817,1.055,-0.01433788,0.01535817
2012-03-01,France,10Y,2.88,1.792,1.0879999999999999,0.00682966,-0.00830541
2012-04-01,France,10Y,2.955,1.662,1.2930000000000001,0.00683135,-0.00606342
2012-05-01,France,10Y,2.348,1.199,1.1489999999999998,0.04135716,-0.02621478
2012-06-01,France,10Y,2.679,1.581,1.0979999999999999,0.03338643,-0.00627108
2012-07-01,France,10Y,2.056,1.284,0.772,-0.0072012,-0.10685152
2012-08-01,France,10Y,2.153,1.333,0.8200000000000001,0.10355838,-0.07344139
2012-09-01,France,10Y,2.174,1.441,0.7329999999999999,-0.03500514,0.0388083
2012-10-01,France,10Y,2.239,1.462,0.7769999999999999,0.00539462,-0.00081696
2012-11-01,France,10Y,2.046,1.385,0.6609999999999998,0.00753017,0.00512519
2012-12-01,France,10Y,1.989,1.314,0.675,-0.0037345,-0.00486517
2013-01-01,France,10Y,2.255,1.679,0.5759999999999998,-0.00316676,0.01806952
2013-02-01,France,10Y,2.166,1.453,0.7129999999999999,-0.00649124,-0.0096722
2013-03-01,France,10Y,2.022,1.288,0.7339999999999998,0.00845211,0.00457824
2013-04-01,France,10Y,1.708,1.215,0.4929999999999999,0.02524541,-0.02755056
2013-05-01,France,10Y,2.071,1.504,0.5670000000000002,-0.00548678,-0.005251
2013-06-01,France,10Y,2.343,1.728,0.615,0.03220402,-0.01512024
2013-07-01,France,10Y,2.23,1.669,0.5609999999999999,-0.06055783,0.04203836
2013-08-01,France,10Y,2.47,1.855,0.6150000000000002,-0.0028711,0.01132435
2013-09-01,France,10Y,2.321,1.778,0.5430000000000001,-0.00632233,0.00132339
2013-10-01,France,10Y,2.159,1.673,0.48599999999999977,0.00677482,-0.00609358
2013-11-01,France,10Y,2.15,1.692,0.45799999999999996,-0.03543784,0.02352032
2013-12-01,France,10Y,2.553,1.925,0.6279999999999999,0.0178962,-0.00423027
2014-01-01,France,10Y,2.227,1.658,0.569,0.0074008,-0.01504822
2014-02-01,France,10Y,2.194,1.623,0.571,0.0193551,0.02089548
2014-03-01,France,10Y,2.083,1.565,0.5180000000000002,0.03148079,0.01102582
2014-04-01,France,10Y,1.951,1.468,0.4830000000000001,-0.01390848,0.03683678
2014-05-01,France,10Y,1.766,1.357,0.40900000000000003,-0.00528758,0.01007157
2014-06-01,France,10Y,1.699,1.244,0.45500000000000007,-0.03637694,0.01209969
2014-07-01,France,10Y,1.529,1.154,0.375,-0.01783726,0.01292655
2014-08-01,France,10Y,1.253,0.89,0.3629999999999999,0.00070312,0.00187773
2014-09-01,France,10Y,1.284,0.946,0.3380000000000001,-0.06422641,-0.00068183
2014-10-01,France,10Y,1.181,0.84,0.3410000000000001,0.05409899,-0.04887129
2014-11-01,France,10Y,0.969,0.7,0.269,-0.03680355,0.03947588
2014-12-01,France,10Y,0.822,0.538,0.2839999999999999,0.05596263,-0.04833079
2015-01-01,France,10Y,0.535,0.302,0.23300000000000004,-0.01922483,0.01173607
2015-02-01,France,10Y,0.603,0.327,0.27599999999999997,0.0,0.0
2015-03-01,France,10Y,0.474,0.18,0.294,0.00035536,-0.00385565
2015-04-01,France,10Y,0.638,0.364,0.274,-0.00142985,0.00811493
2015-05-01,France,10Y,0.794,0.486,0.30800000000000005,0.0,0.0
2015-06-01,France,10Y,1.193,0.763,0.43000000000000005,0.00884221,-0.01158719
2015-07-01,France,10Y,0.934,0.643,0.29100000000000004,-0.00145856,0.00208231
2015-08-01,France,10Y,1.151,0.797,0.354,0.0,0.0
2015-09-01,France,10Y,0.984,0.586,0.398,-0.03170106,0.0298776
2015-10-01,France,10Y,0.864,0.517,0.347,-0.07457095,0.05369102
2015-11-01,France,10Y,0.789,0.472,0.31700000000000006,0.0,0.0
2015-12-01,France,10Y,0.986,0.628,0.358,0.16522564,-0.06777853
2016-01-01,France,10Y,0.635,0.324,0.311,-0.02353204,0.00207732
2016-02-01,France,10Y,0.467,0.106,0.36100000000000004,0.0,0.0
2016-03-01,France,10Y,0.485,0.152,0.33299999999999996,0.00295142,0.04696157
2016-04-01,France,10Y,0.634,0.271,0.363,0.00874813,-0.00714425
2016-05-01,France,10Y,0.476,0.138,0.33799999999999997,0.0,0.0
2016-06-01,France,10Y,0.181,-0.131,0.312,0.01416894,-0.01469861
2016-07-01,France,10Y,0.101,-0.121,0.222,0.00420598,0.02136953
2016-08-01,France,10Y,0.177,-0.066,0.243,0.0,0.0
2016-09-01,France,10Y,0.183,-0.122,0.305,0.02928932,-0.01588046
2016-10-01,France,10Y,0.464,0.161,0.30300000000000005,-0.00343218,0.00288461
2016-11-01,France,10Y,0.749,0.273,0.476,0.0,0.0
2016-12-01,France,10Y,0.681,0.204,0.4770000000000001,-0.02369548,0.02494524
2017-01-01,France,10Y,1.034,0.434,0.6000000000000001,-0.01136922,0.01125365
2017-02-01,France,10Y,0.886,0.206,0.68,0.0,0.0
2017-03-01,France,10Y,0.966,0.325,0.641,-0.01209542,0.01300103
2017-04-01,France,10Y,0.832,0.315,0.5169999999999999,-0.00220409,-0.00059132
2017-05-01,France,10Y,0.731,0.302,0.429,0.0,0.0
2017-06-01,France,10Y,0.813,0.465,0.3479999999999999,0.00468379,-0.00618022
2017-07-01,France,10Y,0.8,0.541,0.259,-0.00745165,-0.00386945
2017-08-01,France,10Y,0.66,0.36,0.30000000000000004,0.0,0.0
2017-09-01,France,10Y,0.742,0.462,0.27999999999999997,-0.00127015,0.00235026
2017-10-01,France,10Y,0.753,0.362,0.391,-0.01205914,0.01350465
2017-11-01,France,10Y,0.68,0.366,0.31400000000000006,0.0,0.0
2017-12-01,France,10Y,0.78,0.423,0.35700000000000004,-0.00726541,0.00542794
2018-01-01,France,10Y,0.966,0.695,0.271,0.01937805,-0.01940399
2018-02-01,France,10Y,0.916,0.653,0.263,0.0,0.0
2018-03-01,France,10Y,0.718,0.494,0.22399999999999998,-0.01997759,0.02238169
2018-04-01,France,10Y,0.784,0.557,0.22699999999999998,0.00352961,-0.00433858
2018-05-01,France,10Y,0.664,0.338,0.326,0.0,0.0
2018-06-01,France,10Y,0.662,0.3,0.36200000000000004,-0.04271677,0.03658385
2018-07-01,France,10Y,0.729,0.442,0.287,-0.00753783,0.00753783
2018-08-01,France,10Y,0.68,0.325,0.35500000000000004,0.0,0.0
2018-09-01,France,10Y,0.802,0.469,0.3330000000000001,0.00550418,-0.00644394
2018-10-01,France,10Y,0.749,0.384,0.365,0.02001239,-0.01825893
2018-11-01,France,10Y,0.683,0.312,0.37100000000000005,0.0,0.0
2018-12-01,France,10Y,0.705,0.239,0.46599999999999997,-0.00415027,0.00355439
2019-01-01,France,10Y,0.552,0.148,0.404,0.0175893,-0.02145109
2019-02-01,France,10Y,0.568,0.182,0.38599999999999995,0.0,0.0
2019-03-01,France,10Y,0.316,-0.072,0.388,0.00868726,-0.01442751
2019-04-01,France,10Y,0.366,0.012,0.354,-0.00273599,-0.00018377
2019-05-01,France,10Y,0.207,-0.204,0.411,0.0,0.0
2019-06-01,France,10Y,-0.007,-0.329,0.322,0.03058214,-0.0071408
2019-07-01,France,10Y,-0.186,-0.442,0.256,0.04218756,-0.00506254
2019-08-01,France,10Y,-0.406,-0.702,0.29599999999999993,0.0,0.0
2019-09-01,France,10Y,-0.277,-0.573,0.29599999999999993,0.03217407,0.03487853
2019-10-01,France,10Y,-0.099,-0.409,0.30999999999999994,0.00764552,-0.00665165
2019-11-01,France,10Y,-0.052,-0.362,0.31,0.0,0.0
2019-12-01,France,10Y,0.115,-0.188,0.303,-0.01029327,0.01098215
2020-01-01,France,10Y,-0.177,-0.436,0.259,0.01788192,-0.01219238
2020-02-01,France,10Y,-0.291,-0.609,0.318,0.0,0.0
2020-03-01,France,10Y,-0.021,-0.474,0.45299999999999996,0.18996661,-0.0646914
2020-04-01,France,10Y,-0.113,-0.589,0.476,0.04450687,-0.0282567
2020-05-01,France,10Y,-0.079,-0.449,0.37,0.0,0.0
2020-06-01,France,10Y,-0.113,-0.456,0.343,0.00075699,0.00221042
2020-07-01,France,10Y,-0.193,-0.525,0.332,-0.01051453,0.00663075
2020-08-01,France,10Y,-0.097,-0.398,0.30100000000000005,0.0,0.0
2020-09-01,France,10Y,-0.244,-0.523,0.279,-0.01137573,0.0209051
2020-10-01,France,10Y,-0.343,-0.628,0.285,-0.04440888,0.03827308
2020-11-01,France,10Y,-0.327,-0.572,0.24499999999999994,0.0,0.0
2020-12-01,France,10Y,-0.343,-0.572,0.22899999999999993,0.02960964,-0.0146942
2021-01-01,France,10Y,-0.282,-0.519,0.23700000000000004,0.01223291,-0.00964168
2021-02-01,France,10Y,-0.012,-0.262,0.25,0.0,0.0
2021-03-01,France,10Y,-0.047,-0.293,0.246,0.00286225,0.0097477
2021-04-01,France,10Y,0.156,-0.203,0.359,0.00189025,-0.00343929
2021-05-01,France,10Y,0.168,-0.188,0.356,0.0,0.0
2021-06-01,France,10Y,0.125,-0.209,0.33399999999999996,-0.01563274,0.01470217
2021-07-01,France,10Y,-0.107,-0.462,0.35500000000000004,0.0073095,-0.00768279
2021-08-01,France,10Y,-0.032,-0.385,0.353,0.0,0.0
2021-09-01,France,10Y,0.153,-0.2,0.353,-0.01404805,0.01567899
2021-10-01,France,10Y,0.268,-0.107,0.375,0.00670146,-0.0061872
2021-11-01,France,10Y,0.009,-0.351,0.36,0.0,0.0
2021-12-01,France,10Y,0.195,-0.182,0.377,0.02039478,-0.02349587
2022-01-01,France,10Y,0.424,0.009,0.415,0.0,0.0
2022-02-01,France,10Y,0.604,0.132,0.472,0.03923857,-0.02262021
2022-03-01,France,10Y,0.978,0.545,0.43299999999999994,0.01158872,0.00288687
2022-04-01,France,10Y,1.457,0.937,0.52,-0.02722772,-0.01209206
2022-05-01,France,10Y,1.636,1.12,0.5159999999999998,0.0,0.0
2022-06-01,France,10Y,1.914,1.333,0.581,0.04000315,-0.05017059
2022-07-01,France,10Y,1.375,0.814,0.561,0.06062276,0.06828821
2022-08-01,France,10Y,2.148,1.537,0.6110000000000002,0.0,0.0
2022-09-01,France,10Y,2.716,2.105,0.6110000000000002,0.06553518,0.05123198
2022-10-01,France,10Y,2.673,2.139,0.5340000000000003,-0.0484317,-0.00738864
2022-11-01,France,10Y,2.401,1.926,0.47499999999999987,0.0,0.0
2022-12-01,France,10Y,3.106,2.565,0.5409999999999999,0.08741766,-0.05187298
2023-01-01,France,10Y,2.748,2.283,0.4650000000000003,0.0,0.0
2023-02-01,France,10Y,3.116,2.648,0.46799999999999997,-0.02825908,0.00739243
2023-03-01,France,10Y,2.79,2.289,0.5009999999999999,0.06364707,0.13706177
2023-04-01,France,10Y,2.883,2.31,0.573,0.0,0.0
2023-05-01,France,10Y,2.846,2.28,0.5660000000000003,-0.05445383,-0.02205352
2023-06-01,France,10Y,2.928,2.39,0.5379999999999998,0.00310685,0.01212789
2023-07-01,France,10Y,3.021,2.489,0.532,-0.02931627,0.00761737
2023-08-01,France,10Y,2.979,2.462,0.5169999999999999,0.0,0.0
2023-09-01,France,10Y,3.397,2.838,0.5589999999999997,0.00399758,0.06922208
2023-10-01,France,10Y,3.426,2.804,0.6220000000000003,-0.02513959,0.0050286
2023-11-01,France,10Y,3.019,2.445,0.5740000000000003,0.0,0.0
2023-12-01,France,10Y,2.557,2.021,0.536,0.03287603,-0.00518218
2024-01-01,France,10Y,2.662,2.165,0.4969999999999999,-0.04307478,0.00364715
2024-02-01,France,10Y,2.884,2.41,0.47399999999999975,0.0,0.0
2024-03-01,France,10Y,2.807,2.297,0.5099999999999998,-0.02470938,0.02110809
2024-04-01,France,10Y,3.053,2.583,0.46999999999999975,-0.00688623,0.00746176
2024-05-01,France,10Y,3.136,2.663,0.4730000000000003,0.0,0.0
2024-06-01,France,10Y,3.296,2.497,0.7989999999999999,0.01490844,0.0018587
2024-07-01,France,10Y,3.011,2.302,0.7090000000000001,-0.00635903,0.00050086
2024-08-01,France,10Y,3.022,2.298,0.7239999999999998,0.0,0.0
2024-09-01,France,10Y,2.917,2.122,0.7949999999999999,0.03255924,-0.01615053
2024-10-01,France,10Y,3.124,2.388,0.7360000000000002,-0.02068547,-0.01217264
2024-11-01,France,10Y,2.894,2.086,0.8080000000000003,0.0,0.0
2024-12-01,France,10Y,3.194,2.364,0.8300000000000001,0.00609036,0.02176619
2025-01-01,France,10Y,3.204,2.458,0.746,-0.0087809,-0.00804116
2025-02-01,France,10Y,3.144,2.405,0.7390000000000003,0.0,0.0
2025-03-01,France,10Y,3.452,2.736,0.7159999999999997,-0.00193929,0.02623149
2025-04-01,France,10Y,3.166,2.443,0.7229999999999999,-0.03264565,-0.02455187
2025-05-01,France,10Y,3.159,2.499,0.6599999999999997,0.0,0.0
2025-06-01,France,10Y,3.284,2.605,0.6789999999999998,0.02367629,-0.00634498
2025-07-01,France,10Y,3.347,2.693,0.6539999999999999,0.02395822,-0.00106382
2025-08-01,France,10Y,3.511,2.723,0.7880000000000003,0.0,0.0
2025-09-01,France,10Y,3.533,2.71,0.823,-0.01551833,0.00187802
2025-10-01,France,10Y,3.42,2.632,0.7879999999999998,-0.01065112,0.01192155
2025-11-01,France,10Y,3.408,2.688,0.7199999999999998,,
2025-12-01,France,10Y,3.562,2.854,0.7079999999999997,,
2026-01-01,France,10Y,3.425,2.842,0.5829999999999997,,
2026-02-01,France,10Y,3.217,2.643,0.5740000000000003,,
2026-03-01,France,10Y,3.721,3.002,0.7190000000000003,,
2026-04-01,France,10Y,3.692,3.035,0.657,,
2026-05-01,France,10Y,3.549,2.937,0.6120000000000001,,
2026-06-01,France,10Y,3.651,2.858,0.7929999999999997,,
2026-07-01,France,10Y,3.998,3.205,0.7930000000000001,,
2026-08-01,France,10Y,4.176,3.323,0.8530000000000002,,
2026-09-01,France,10Y,4.472,3.516,0.9560000000000004,,
1999-01-01,France,2Y,2.913,2.844,0.06899999999999995,0.02914637,-0.06311121
1999-02-01,France,2Y,3.122,3.128,-0.006000000000000227,-0.00556514,0.00556514
1999-03-01,France,2Y,2.903,2.878,0.02499999999999991,-0.00592203,0.00323799
1999-04-01,France,2Y,2.786,2.694,0.09200000000000008,-0.00679893,-0.00330584
1999-05-01,France,2Y,2.878,2.789,0.08899999999999997,0.01543059,-0.00936631
1999-06-01,France,2Y,3.248,3.169,0.07900000000000018,0.00768436,-0.01317122
1999-07-01,France,2Y,3.422,3.389,0.03300000000000036,-0.00494872,0.02780708
1999-08-01,France,2Y,3.499,3.462,0.03699999999999992,0.00678846,-0.00826848
1999-09-01,France,2Y,3.601,3.662,-0.06099999999999994,-0.04166781,-0.00527997
1999-10-01,France,2Y,4.0,3.907,0.09299999999999997,-0.06815947,-0.10613335
1999-11-01,France,2Y,4.116,3.983,0.13299999999999956,0.01057526,0.04684463
1999-12-01,France,2Y,4.288,4.208,0.10599999999999987,-0.00790024,0.00763541
2000-01-01,France,2Y,4.448,4.385,0.06300000000000061,0.01150505,-0.02335973
2000-02-01,France,2Y,4.478,4.439,0.0389999999999997,-0.04027945,0.06481814
2000-03-01,France,2Y,4.447,4.423,0.02400000000000002,-0.06675806,-0.0176937
2000-04-01,France,2Y,4.613,4.594,0.019000000000000128,0.02378726,-0.01526446
2000-05-01,France,2Y,4.992,4.942,0.04999999999999982,-0.06400218,0.06313006
2000-06-01,France,2Y,5.004,4.95,0.05399999999999938,0.11366676,0.04898755
2000-07-01,France,2Y,5.165,5.106,0.05900000000000016,0.02048594,-0.00231932
2000-08-01,France,2Y,5.264,5.211,0.052999999999999936,-0.04765312,-0.036261
2000-09-01,France,2Y,5.112,5.043,0.06899999999999995,-0.03226793,-0.00031136
2000-10-01,France,2Y,5.158,5.082,0.07600000000000051,0.02902834,0.0510063
2000-11-01,France,2Y,4.905,4.831,0.07399999999999984,-0.00713094,-0.01518934
2000-12-01,France,2Y,4.546,4.446,0.10000000000000053,-0.0010197,0.02324592
2001-01-01,France,2Y,4.432,4.386,0.04600000000000026,0.01139404,-0.00090513
2001-02-01,France,2Y,4.431,4.374,0.057000000000000384,-0.00204204,0.01927988
2001-03-01,France,2Y,4.239,4.138,0.10099999999999998,0.06859912,0.03120769
2001-04-01,France,2Y,4.696,4.626,0.0699999999999994,0.06421035,0.12710222
2001-05-01,France,2Y,4.447,4.386,0.06099999999999994,-0.13656878,-0.08779026
2001-06-01,France,2Y,4.34,4.281,0.05900000000000016,0.02854883,0.02396559
2001-07-01,France,2Y,4.181,4.134,0.04699999999999971,0.03007371,0.01514081
2001-08-01,France,2Y,3.97,3.947,0.02300000000000013,0.05079423,-0.02379363
2001-09-01,France,2Y,3.54,3.481,0.05900000000000016,0.0313824,-0.01387918
2001-10-01,France,2Y,3.245,3.14,0.10499999999999998,0.04317789,0.06975827
2001-11-01,France,2Y,3.471,3.387,0.08400000000000007,0.03107767,-0.00197459
2001-12-01,France,2Y,3.701,3.644,0.06199999999999983,0.02660325,0.00333289
2002-01-01,France,2Y,3.932,3.902,0.029999999999999805,0.01003587,0.01147814
2002-02-01,France,2Y,3.914,3.872,0.04200000000000026,-0.00667414,0.03998737
2002-03-01,France,2Y,4.286,4.321,-0.04899999999999949,-3.086e-05,0.01296051
2002-04-01,France,2Y,4.024,4.07,-0.04600000000000026,-0.00247617,-0.01196426
2002-05-01,France,2Y,4.32,4.247,0.0730000000000004,0.03218836,0.01597417
2002-06-01,France,2Y,3.981,3.925,0.05600000000000005,0.01184929,-0.00618789
2002-07-01,France,2Y,3.636,3.618,0.018000000000000238,0.00352277,-0.0116348
2002-08-01,France,2Y,3.477,3.477,0.0,0.01803811,-0.01560232
2002-09-01,France,2Y,3.053,3.071,-0.018000000000000238,0.01607403,-0.04022966
2002-10-01,France,2Y,3.18,3.081,0.0990000000000002,0.02180133,0.01000217
2002-11-01,France,2Y,3.18,3.1,0.08000000000000007,0.06594808,-0.03659766
2002-12-01,France,2Y,2.763,2.721,0.041999999999999815,0.00595453,-0.05100643
2003-01-01,France,2Y,2.618,2.596,0.021999999999999797,-0.02700705,0.05207753
2003-02-01,France,2Y,2.34,2.295,0.04499999999999993,0.05532359,-0.03445075
2003-03-01,France,2Y,2.434,2.407,0.027000000000000135,0.06711294,-0.02143875
2003-04-01,France,2Y,2.433,2.427,0.005999999999999783,0.01825694,0.00312353
2003-05-01,France,2Y,2.134,2.116,0.017999999999999794,0.05561085,-0.01606747
2003-06-01,France,2Y,2.074,2.125,-0.051000000000000156,0.00128217,-0.05865202
2003-07-01,France,2Y,2.512,2.456,0.05600000000000005,0.00179838,0.01282863
2003-08-01,France,2Y,2.626,2.593,0.03299999999999992,0.0,0.0
2003-09-01,France,2Y,2.265,2.297,-0.03200000000000003,0.00235118,-0.00730611
2003-10-01,France,2Y,2.622,2.686,-0.06400000000000006,0.03221462,-0.01758272
2003-11-01,France,2Y,2.736,2.812,-0.07599999999999962,-0.00093229,0.00553257
2003-12-01,France,2Y,2.417,2.605,-0.18800000000000017,0.01015649,-0.01957929
2004-01-01,France,2Y,2.744,2.524,0.2200000000000002,-0.0131573,0.00742273
2004-02-01,France,2Y,2.432,2.215,0.21700000000000008,-0.00162731,-0.00688155
2004-03-01,France,2Y,2.28,2.134,0.1459999999999999,0.01236658,0.02812953
2004-04-01,France,2Y,2.581,2.439,0.1419999999999999,0.04962089,0.02543383
2004-05-01,France,2Y,2.726,2.578,0.14800000000000013,0.01746509,-0.0065437
2004-06-01,France,2Y,2.754,2.723,0.03100000000000014,-0.01060389,-0.00014359
2004-07-01,France,2Y,2.647,2.626,0.020999999999999908,0.00862926,-0.00812276
2004-08-01,France,2Y,2.448,2.415,0.03299999999999992,-0.00139583,0.00217688
2004-09-01,France,2Y,2.539,2.583,-0.04400000000000004,0.0114091,0.00103921
2004-10-01,France,2Y,2.391,2.429,-0.03799999999999981,-0.00411348,-0.00801005
2004-11-01,France,2Y,2.32,2.351,-0.03100000000000014,-0.00031881,-0.00525612
2004-12-01,France,2Y,2.378,2.481,-0.10299999999999976,0.01785679,-0.00429348
2005-01-01,France,2Y,2.293,2.398,-0.10499999999999998,-0.01786635,-0.01631762
2005-02-01,France,2Y,2.617,2.491,0.1259999999999999,0.00876981,-0.01224856
2005-03-01,France,2Y,2.491,2.492,-0.0009999999999998899,-0.00906581,0.00175456
2005-04-01,France,2Y,2.246,2.248,-0.002000000000000224,0.00312037,-0.01689142
2005-05-01,France,2Y,2.142,2.141,0.0009999999999998899,-0.00742018,0.0089191
2005-06-01,France,2Y,2.01,2.023,-0.013000000000000345,0.01228622,0.00308786
2005-07-01,France,2Y,2.219,2.25,-0.03100000000000014,-0.01999819,0.03965357
2005-08-01,France,2Y,2.174,2.199,-0.02499999999999991,0.00221244,-0.00113823
2005-09-01,France,2Y,2.336,2.394,-0.058000000000000274,-0.00616143,0.00137953
2005-10-01,France,2Y,2.607,2.629,-0.021999999999999797,-0.00725165,0.0053286
2005-11-01,France,2Y,2.758,2.76,-0.0019999999999997797,-0.02639035,0.01567596
2005-12-01,France,2Y,2.822,2.862,-0.040000000000000036,-0.02869513,0.00122556
2006-01-01,France,2Y,2.878,2.955,-0.07699999999999996,-0.01509696,-0.00771216
2006-02-01,France,2Y,3.075,3.021,0.05400000000000027,-0.00544505,-0.00324349
2006-03-01,France,2Y,3.323,3.29,0.03299999999999992,0.02163882,-0.01310347
2006-04-01,France,2Y,3.413,3.379,0.03399999999999981,-0.05627657,-0.03601184
2006-05-01,France,2Y,3.406,3.355,0.051000000000000156,0.00017422,-0.00236101
2006-06-01,France,2Y,3.575,3.574,0.001000000000000334,-0.03946736,-0.00172699
2006-07-01,France,2Y,3.559,3.512,0.04700000000000015,0.01414146,0.00627523
2006-08-01,France,2Y,3.538,3.522,0.016000000000000014,0.01499431,0.01378088
2006-09-01,France,2Y,3.597,3.585,0.01200000000000001,0.0,0.0
2006-10-01,France,2Y,3.682,3.678,0.0040000000000000036,-0.00312185,0.00292537
2006-11-01,France,2Y,3.675,3.658,0.016999999999999904,0.02599157,-0.03156989
2006-12-01,France,2Y,3.913,3.903,0.009999999999999787,-0.01228785,0.03226851
2007-01-01,France,2Y,4.006,3.968,0.038000000000000256,-0.04184531,-0.00062716
2007-02-01,France,2Y,3.908,3.876,0.03200000000000003,0.01201155,-0.00426155
2007-03-01,France,2Y,4.042,4.016,0.0259999999999998,0.00234815,0.00780903
2007-04-01,France,2Y,4.154,4.128,0.0259999999999998,0.00848509,-0.01206177
2007-05-01,France,2Y,4.407,4.394,0.0129999999999999,0.00231754,-0.00518441
2007-06-01,France,2Y,4.5,4.462,0.038000000000000256,3.95e-06,-0.00707298
2007-07-01,France,2Y,4.359,4.299,0.05999999999999961,0.00420353,-0.00350775
2007-08-01,France,2Y,4.079,4.013,0.06599999999999984,-7.551e-05,-0.00333671
2007-09-01,France,2Y,4.088,4.028,0.0600000000000005,-0.0363456,-0.00270934
2007-10-01,France,2Y,4.148,4.056,0.09199999999999964,0.00166756,-0.00365079
2007-11-01,France,2Y,3.928,3.831,0.09699999999999998,0.00101171,-0.02129922
2007-12-01,France,2Y,4.074,3.964,0.10999999999999988,0.02203938,-0.00235725
2008-01-01,France,2Y,3.574,3.373,0.20099999999999962,0.00854417,-0.01034839
2008-02-01,France,2Y,3.415,3.16,0.2549999999999999,-0.00565551,-0.04432311
2008-03-01,France,2Y,3.654,3.431,0.22299999999999986,0.03287918,-0.00319577
2008-04-01,France,2Y,3.904,3.757,0.1469999999999998,-0.00107664,0.00211722
2008-05-01,France,2Y,4.402,4.316,0.0860000000000003,0.0079654,-0.01921652
2008-06-01,France,2Y,4.716,4.597,0.11899999999999977,0.08718549,0.05944987
2008-07-01,France,2Y,4.367,4.26,0.1070000000000002,-0.08616599,0.0003162
2008-08-01,France,2Y,4.204,4.111,0.09299999999999997,-0.00047578,-0.0412033
2008-09-01,France,2Y,3.661,3.476,0.18500000000000005,0.02062448,-0.02765799
2008-10-01,France,2Y,2.795,2.542,0.2530000000000001,-0.00294813,-0.05476331
2008-11-01,France,2Y,2.462,2.188,0.274,0.14345953,0.0601037
2008-12-01,France,2Y,1.908,1.755,0.15300000000000002,0.07249163,-0.02195657
2009-01-01,France,2Y,1.767,1.532,0.23499999999999988,0.00570074,-0.03082516
2009-02-01,France,2Y,1.553,1.311,0.242,-0.0142095,-0.04348585
2009-03-01,France,2Y,1.311,1.235,0.07599999999999985,-0.00508159,0.00953191
2009-04-01,France,2Y,1.388,1.337,0.050999999999999934,0.04361952,0.04035626
2009-05-01,France,2Y,1.33,1.419,-0.08899999999999997,-0.00276712,-0.02144281
2009-06-01,France,2Y,1.576,1.365,0.21100000000000008,0.01914683,0.01991529
2009-07-01,France,2Y,1.437,1.263,0.17400000000000015,0.01967426,-0.08702865
2009-08-01,France,2Y,1.471,1.244,0.2270000000000001,0.00382895,-0.00227106
2009-09-01,France,2Y,1.304,1.265,0.039000000000000146,-0.01479861,-0.0288011
2009-10-01,France,2Y,1.341,1.288,0.052999999999999936,-0.00631641,-0.01739833
2009-11-01,France,2Y,1.226,1.257,-0.030999999999999917,-0.03362904,0.01798103
2009-12-01,France,2Y,1.234,1.331,-0.09699999999999998,-0.03020061,-0.01008083
2010-01-01,France,2Y,1.197,1.118,0.07899999999999996,-6.14e-06,-0.01162683
2010-02-01,France,2Y,1.154,0.955,0.19899999999999995,0.02809804,-0.03309557
2010-03-01,France,2Y,1.112,0.958,0.15400000000000014,-0.01619472,0.00347371
2010-04-01,France,2Y,0.918,0.771,0.14700000000000002,0.00539033,-0.00101855
2010-05-01,France,2Y,0.714,0.514,0.19999999999999996,0.02627696,-0.01799763
2010-06-01,France,2Y,0.911,0.6,0.31100000000000005,-0.02371403,0.02024375
2010-07-01,France,2Y,0.967,0.784,0.18299999999999994,0.00522594,0.04208827
2010-08-01,France,2Y,0.668,0.59,0.07800000000000007,0.01420454,-0.02426078
2010-09-01,France,2Y,0.967,0.834,0.133,-0.00294235,-0.01052608
2010-10-01,France,2Y,1.137,0.989,0.14800000000000002,-0.00279264,0.00162802
2010-11-01,France,2Y,1.06,0.856,0.20400000000000007,-0.00010904,-0.0080795
2010-12-01,France,2Y,0.96,0.864,0.09599999999999997,-0.00484115,-0.02320713
2011-01-01,France,2Y,1.537,1.368,0.16899999999999982,0.01844172,0.01740865
2011-02-01,France,2Y,1.567,1.511,0.05600000000000005,-0.02451558,-0.01441031
2011-03-01,France,2Y,1.812,1.787,0.025000000000000133,0.07028429,0.06022116
2011-04-01,France,2Y,1.773,1.767,0.006000000000000005,-0.00244173,0.01943218
2011-05-01,France,2Y,1.823,1.601,0.22199999999999998,-0.05955414,-0.04508166
2011-06-01,France,2Y,1.804,1.603,0.20100000000000007,-0.01534681,-0.00214682
2011-07-01,France,2Y,1.489,1.158,0.3310000000000002,-0.01354933,0.02770202
2011-08-01,France,2Y,1.087,0.714,0.373,-0.04366301,-0.12013885
2011-09-01,France,2Y,1.016,0.547,0.469,0.01207522,-0.01000965
2011-10-01,France,2Y,1.102,0.536,0.5660000000000001,0.10619898,0.05031052
2011-11-01,France,2Y,1.243,0.331,0.9120000000000001,-0.07192325,-0.0611927
2011-12-01,France,2Y,0.738,0.139,0.599,0.03349252,-0.03948307
2012-01-01,France,2Y,0.751,0.156,0.595,0.02629851,-0.02840244
2012-02-01,France,2Y,0.539,0.188,0.35100000000000003,-0.01433788,0.01535817
2012-03-01,France,2Y,0.535,0.204,0.33100000000000007,0.00682966,-0.00830541
2012-04-01,France,2Y,0.7,0.076,0.624,0.00683135,-0.00606342
2012-05-01,France,2Y,0.417,0.007,0.471,0.04135716,-0.02621478
2012-06-01,France,2Y,0.497,0.12,0.377,0.03338643,-0.00627108
2012-07-01,France,2Y,0.126,-0.094,0.22,-0.0072012,-0.10685152
2012-08-01,France,2Y,0.131,-0.037,0.168,0.10355838,-0.07344139
2012-09-01,France,2Y,0.172,0.018,0.154,-0.03500514,0.0388083
2012-10-01,France,2Y,0.178,0.035,0.143,0.00539462,-0.00081696
2012-11-01,France,2Y,0.111,0.007,0.104,0.00753017,0.00512519
2012-12-01,France,2Y,0.05,-0.021,0.07100000000000001,-0.0037345,-0.00486517
2013-01-01,France,2Y,0.328,0.266,0.062,-0.00316676,0.01806952
2013-02-01,France,2Y,0.147,0.037,0.10999999999999999,-0.00649124,-0.0096722
2013-03-01,France,2Y,0.121,-0.026,0.147,0.00845211,0.00457824
2013-04-01,France,2Y,0.087,0.011,0.076,0.02524541,-0.02755056
2013-05-01,France,2Y,0.313,0.067,0.246,-0.00548678,-0.005251
2013-06-01,France,2Y,0.463,0.187,0.276,0.03220402,-0.01512024
2013-07-01,France,2Y,0.361,0.15,0.211,-0.06055783,0.04203836
2013-08-01,France,2Y,0.439,0.235,0.20400000000000001,-0.0028711,0.01132435
2013-09-01,France,2Y,0.366,0.166,0.19999999999999998,-0.00632233,0.00132339
2013-10-01,France,2Y,0.289,0.113,0.176,0.00677482,-0.00609358
2013-11-01,France,2Y,0.225,0.114,0.111,-0.03543784,0.02352032
2013-12-01,France,2Y,0.278,0.207,0.07100000000000004,0.0178962,-0.00423027
2014-01-01,France,2Y,0.178,0.066,0.11199999999999999,0.0074008,-0.01504822
2014-02-01,France,2Y,0.243,0.127,0.11599999999999999,0.0193551,0.02089548
2014-03-01,France,2Y,0.234,0.158,0.07600000000000001,0.03148079,0.01102582
2014-04-01,France,2Y,0.298,0.14,0.15799999999999997,-0.01390848,0.03683678
2014-05-01,France,2Y,0.186,0.061,0.125,-0.00528758,0.01007157
2014-06-01,France,2Y,0.119,0.025,0.094,-0.03637694,0.01209969
2014-07-01,France,2Y,0.082,0.022,0.060000000000000005,-0.01783726,0.01292655
2014-08-01,France,2Y,0.013,-0.033,0.046,0.00070312,0.00187773
2014-09-01,France,2Y,-0.017,-0.083,0.066,-0.06422641,-0.00068183
2014-10-01,France,2Y,-0.008,-0.058,0.05,0.05409899,-0.04887129
2014-11-01,France,2Y,0.004,-0.034,0.038000000000000006,-0.03680355,0.03947588
2014-12-01,France,2Y,-0.049,-0.11,0.061,0.05596263,-0.04833079
2015-01-01,France,2Y,-0.099,-0.187,0.088,-0.01922483,0.01173607
2015-02-01,France,2Y,-0.136,-0.229,0.093,0.0,0.0
2015-03-01,France,2Y,-0.171,-0.255,0.08399999999999999,0.00035536,-0.00385565
2015-04-01,France,2Y,-0.155,-0.224,0.069,-0.00142985,0.00811493
2015-05-01,France,2Y,-0.177,-0.229,0.05200000000000002,0.0,0.0
2015-06-01,France,2Y,-0.17,-0.229,0.059,0.00884221,-0.01158719
2015-07-01,France,2Y,-0.19,-0.235,0.044999999999999984,-0.00145856,0.00208231
2015-08-01,France,2Y,-0.146,-0.207,0.061,0.0,0.0
2015-09-01,France,2Y,-0.178,-0.255,0.07700000000000001,-0.03170106,0.0298776
2015-10-01,France,2Y,-0.277,-0.317,0.03999999999999998,-0.07457095,0.05369102
2015-11-01,France,2Y,-0.334,-0.419,0.08499999999999996,0.0,0.0
2015-12-01,France,2Y,-0.317,-0.349,0.03199999999999997,0.16522564,-0.06777853
2016-01-01,France,2Y,-0.404,-0.49,0.08599999999999997,-0.02353204,0.00207732
2016-02-01,France,2Y,-0.458,-0.574,0.11599999999999994,0.0,0.0
2016-03-01,France,2Y,-0.443,-0.489,0.045999999999999985,0.00295142,0.04696157
2016-04-01,France,2Y,-0.399,-0.485,0.08599999999999997,0.00874813,-0.00714425
2016-05-01,France,2Y,-0.439,-0.517,0.07800000000000001,0.0,0.0
2016-06-01,France,2Y,-0.548,-0.663,0.11499999999999999,0.01416894,-0.01469861
2016-07-01,France,2Y,-0.557,-0.632,0.07499999999999996,0.00420598,0.02136953
2016-08-01,France,2Y,-0.586,-0.625,0.039000000000000035,0.0,0.0
2016-09-01,France,2Y,-0.645,-0.693,0.04799999999999993,0.02928932,-0.01588046
2016-10-01,France,2Y,-0.602,-0.626,0.02400000000000002,-0.00343218,0.00288461
2016-11-01,France,2Y,-0.635,-0.735,0.09999999999999998,0.0,0.0
2016-12-01,France,2Y,-0.691,-0.8,0.1090000000000001,-0.02369548,0.02494524
2017-01-01,France,2Y,-0.495,-0.71,0.21499999999999997,-0.01136922,0.01125365
2017-02-01,France,2Y,-0.542,-0.909,0.367,0.0,0.0
2017-03-01,France,2Y,-0.305,-0.75,0.445,-0.01209542,0.01300103
2017-04-01,France,2Y,-0.472,-0.74,0.268,-0.00220409,-0.00059132
2017-05-01,France,2Y,-0.52,-0.723,0.20299999999999996,0.0,0.0
2017-06-01,France,2Y,-0.391,-0.581,0.18999999999999995,0.00468379,-0.00618022
2017-07-01,France,2Y,-0.455,-0.688,0.23299999999999993,-0.00745165,-0.00386945
2017-08-01,France,2Y,-0.529,-0.733,0.20399999999999996,0.0,0.0
2017-09-01,France,2Y,-0.494,-0.697,0.20299999999999996,-0.00127015,0.00235026
2017-10-01,France,2Y,-0.6,-0.754,0.15400000000000003,-0.01205914,0.01350465
2017-11-01,France,2Y,-0.576,-0.69,0.11399999999999999,0.0,0.0
2017-12-01,France,2Y,-0.488,-0.639,0.15100000000000002,-0.00726541,0.00542794
2018-01-01,France,2Y,-0.409,-0.535,0.12600000000000006,0.01937805,-0.01940399
2018-02-01,France,2Y,-0.464,-0.548,0.08400000000000002,0.0,0.0
2018-03-01,France,2Y,-0.507,-0.613,0.10599999999999998,-0.01997759,0.02238169
2018-04-01,France,2Y,-0.51,-0.592,0.08199999999999996,0.00352961,-0.00433858
2018-05-01,France,2Y,-0.511,-0.667,0.15600000000000003,0.0,0.0
2018-06-01,France,2Y,-0.475,-0.674,0.19900000000000007,-0.04271677,0.03658385
2018-07-01,France,2Y,-0.391,-0.579,0.18799999999999994,-0.00753783,0.00753783
2018-08-01,France,2Y,-0.447,-0.611,0.16399999999999998,0.0,0.0
2018-09-01,France,2Y,-0.364,-0.532,0.16800000000000004,0.00550418,-0.00644394
2018-10-01,France,2Y,-0.435,-0.624,0.189,0.02001239,-0.01825893
2018-11-01,France,2Y,-0.469,-0.602,0.133,0.0,0.0
2018-12-01,France,2Y,-0.478,-0.62,0.14200000000000002,-0.00415027,0.00355439
2019-01-01,France,2Y,-0.458,-0.569,0.11099999999999993,0.0175893,-0.02145109
2019-02-01,France,2Y,-0.449,-0.528,0.07900000000000001,0.0,0.0
2019-03-01,France,2Y,-0.544,-0.611,0.06699999999999995,0.00868726,-0.01442751
2019-04-01,France,2Y,-0.559,-0.59,0.030999999999999917,-0.00273599,-0.00018377
2019-05-01,France,2Y,-0.623,-0.673,0.050000000000000044,0.0,0.0
2019-06-01,France,2Y,-0.688,-0.758,0.07000000000000006,0.03058214,-0.0071408
2019-07-01,France,2Y,-0.713,-0.785,0.07200000000000006,0.04218756,-0.00506254
2019-08-01,France,2Y,-0.837,-0.933,0.09600000000000009,0.0,0.0
2019-09-01,France,2Y,-0.704,-0.773,0.06900000000000006,0.03217407,0.03487853
2019-10-01,France,2Y,-0.626,-0.668,0.04200000000000004,0.00764552,-0.00665165
2019-11-01,France,2Y,-0.602,-0.636,0.03400000000000003,0.0,0.0
2019-12-01,France,2Y,-0.603,-0.612,0.009000000000000008,-0.01029327,0.01098215
2020-01-01,France,2Y,-0.63,-0.674,0.04400000000000004,0.01788192,-0.01219238
2020-02-01,France,2Y,-0.692,-0.776,0.08400000000000007,0.0,0.0
2020-03-01,France,2Y,-0.595,-0.702,0.10699999999999998,0.18996661,-0.0646914
2020-04-01,France,2Y,-0.639,-0.777,0.138,0.04450687,-0.0282567
2020-05-01,France,2Y,-0.547,-0.668,0.121,0.0,0.0
2020-06-01,France,2Y,-0.615,-0.695,0.07999999999999996,0.00075699,0.00221042
2020-07-01,France,2Y,-0.64,-0.72,0.07999999999999996,-0.01051453,0.00663075
2020-08-01,France,2Y,-0.598,-0.658,0.06000000000000005,0.0,0.0
2020-09-01,France,2Y,-0.666,-0.705,0.038999999999999924,-0.01137573,0.0209051
2020-10-01,France,2Y,-0.719,-0.798,0.07900000000000007,-0.04440888,0.03827308
2020-11-01,France,2Y,-0.687,-0.749,0.061999999999999944,0.0,0.0
2020-12-01,France,2Y,-0.717,-0.715,-0.0020000000000000018,0.02960964,-0.0146942
2021-01-01,France,2Y,-0.638,-0.738,0.09999999999999998,0.01223291,-0.00964168
2021-02-01,France,2Y,-0.597,-0.668,0.07100000000000006,0.0,0.0
2021-03-01,France,2Y,-0.666,-0.695,0.028999999999999915,0.00286225,0.0097477
2021-04-01,France,2Y,-0.659,-0.69,0.030999999999999917,0.00189025,-0.00343929
2021-05-01,France,2Y,-0.65,-0.668,0.018000000000000016,0.0,0.0
2021-06-01,France,2Y,-0.644,-0.667,0.02300000000000002,-0.01563274,0.01470217
2021-07-01,France,2Y,-0.717,-0.767,0.050000000000000044,0.0073095,-0.00768279
2021-08-01,France,2Y,-0.704,-0.722,0.018000000000000016,0.0,0.0
2021-09-01,France,2Y,-0.694,-0.695,0.0010000000000000009,-0.01404805,0.01567899
2021-10-01,France,2Y,-0.633,-0.591,-0.04200000000000004,0.00670146,-0.0061872
2021-11-01,France,2Y,-0.792,-0.746,-0.04600000000000004,0.0,0.0
2021-12-01,France,2Y,-0.695,-0.636,-0.05899999999999994,0.02039478,-0.02349587
2022-01-01,France,2Y,-0.65,-0.536,-0.11399999999999999,0.0,0.0
2022-02-01,France,2Y,-0.463,-0.539,0.07600000000000001,0.03923857,-0.02262021
2022-03-01,France,2Y,-0.033,-0.08,0.047,0.01158872,0.00288687
2022-04-01,France,2Y,0.249,0.254,-0.0050000000000000044,-0.02722772,-0.01209206
2022-05-01,France,2Y,0.344,0.494,-0.15000000000000002,0.0,0.0
2022-06-01,France,2Y,0.534,0.632,-0.09799999999999998,0.04000315,-0.05017059
2022-07-01,France,2Y,0.182,0.264,-0.08200000000000002,0.06062276,0.06828821
2022-08-01,France,2Y,0.992,1.184,-0.19199999999999995,0.0,0.0
2022-09-01,France,2Y,1.783,1.747,0.03599999999999981,0.06553518,0.05123198
2022-10-01,France,2Y,2.04,1.927,0.11299999999999999,-0.0484317,-0.00738864
2022-11-01,France,2Y,2.201,2.112,0.08899999999999997,0.0,0.0
2022-12-01,France,2Y,2.831,2.738,0.09299999999999997,0.08741766,-0.05187298
2023-01-01,France,2Y,2.71,2.644,0.06599999999999984,0.0,0.0
2023-02-01,France,2Y,3.205,3.128,0.07699999999999996,-0.02825908,0.00739243
2023-03-01,France,2Y,2.787,2.673,0.11399999999999988,0.06364707,0.13706177
2023-04-01,France,2Y,2.847,2.675,0.17200000000000015,0.0,0.0
2023-05-01,France,2Y,2.893,2.707,0.18599999999999994,-0.05445383,-0.02205352
2023-06-01,France,2Y,3.362,3.188,0.17399999999999993,0.00310685,0.01212789
2023-07-01,France,2Y,3.282,3.031,0.2509999999999999,-0.02931627,0.00761737
2023-08-01,France,2Y,3.246,2.967,0.2789999999999999,0.0,0.0
2023-09-01,France,2Y,3.489,3.198,0.2909999999999999,0.00399758,0.06922208
2023-10-01,France,2Y,3.384,3.011,0.3729999999999998,-0.02513959,0.0050286
2023-11-01,France,2Y,3.23,2.812,0.41800000000000015,0.0,0.0
2023-12-01,France,2Y,2.928,2.392,0.536,0.03287603,-0.00518218
2024-01-01,France,2Y,2.447,2.415,0.03200000000000003,-0.04307478,0.00364715
2024-02-01,France,2Y,2.882,2.898,-0.016000000000000014,0.0,0.0
2024-03-01,France,2Y,2.831,2.846,-0.015000000000000124,-0.02470938,0.02110809
2024-04-01,France,2Y,3.101,3.03,0.07100000000000017,-0.00688623,0.00746176
2024-05-01,France,2Y,3.156,3.093,0.06300000000000017,0.0,0.0
2024-06-01,France,2Y,3.116,2.828,0.28800000000000026,0.01490844,0.0018587
2024-07-01,France,2Y,2.753,2.525,0.2280000000000002,-0.00635903,0.00050086
2024-08-01,France,2Y,2.62,2.388,0.2320000000000002,0.0,0.0
2024-09-01,France,2Y,2.301,2.064,0.2370000000000001,0.03255924,-0.01615053
2024-10-01,France,2Y,2.497,2.276,0.22100000000000009,-0.02068547,-0.01217264
2024-11-01,France,2Y,2.167,1.945,0.22199999999999975,0.0,0.0
2024-12-01,France,2Y,2.264,2.077,0.18699999999999983,0.00609036,0.02176619
2025-01-01,France,2Y,2.277,2.11,0.16700000000000026,-0.0087809,-0.00804116
2025-02-01,France,2Y,2.179,2.021,0.15799999999999992,0.0,0.0
2025-03-01,France,2Y,2.188,2.045,0.14300000000000024,-0.00193929,0.02623149
2025-04-01,France,2Y,1.842,1.683,0.15900000000000003,-0.03264565,-0.02455187
2025-05-01,France,2Y,2.072,1.772,0.30000000000000004,0.0,0.0
2025-06-01,France,2Y,2.138,1.857,0.2809999999999999,0.02367629,-0.00634498
2025-07-01,France,2Y,2.198,1.96,0.238,0.02395822,-0.00106382
2025-08-01,France,2Y,2.193,1.937,0.256,0.0,0.0
2025-09-01,France,2Y,2.25,2.018,0.2320000000000002,-0.01551833,0.00187802
2025-10-01,France,2Y,2.185,1.966,0.21900000000000008,-0.01065112,0.01192155
2025-11-01,France,2Y,2.242,2.026,0.2160000000000002,,
2025-12-01,France,2Y,2.316,2.12,0.19599999999999973,,
2026-01-01,France,2Y,2.209,2.085,0.12400000000000011,,
2026-02-01,France,2Y,2.117,1.995,0.12199999999999989,,
2026-03-01,France,2Y,2.811,2.613,0.19799999999999995,,
2026-04-01,France,2Y,2.785,2.64,0.14500000000000002,,
2026-05-01,France,2Y,2.67,2.526,0.14400000000000013,,
2026-06-01,France,2Y,2.703,2.524,0.17899999999999983,,
2026-07-01,France,2Y,2.99,2.817,0.17300000000000004,,
2026-08-01,France,2Y,3.117,2.934,0.18299999999999983,,
2026-09-01,France,2Y,3.476,3.26,0.2160000000000002,,
1999-01-01,France,5Y,3.254,3.127,0.12700000000000022,0.02914637,-0.06311121
1999-02-01,France,5Y,3.54,3.406,0.1339999999999999,-0.00556514,0.00556514
1999-03-01,France,5Y,3.375,3.228,0.1469999999999998,-0.00592203,0.00323799
1999-04-01,France,5Y,3.219,3.089,0.1299999999999999,-0.00679893,-0.00330584
1999-05-01,France,5Y,3.43,3.317,0.11299999999999999,0.01543059,-0.00936631
1999-06-01,France,5Y,3.94,3.847,0.09299999999999997,0.00768436,-0.01317122
1999-07-01,France,5Y,4.29,4.186,0.10400000000000009,-0.00494872,0.02780708
1999-08-01,France,5Y,4.334,4.307,0.026999999999999247,0.00678846,-0.00826848
1999-09-01,France,5Y,4.465,4.424,0.04099999999999948,-0.04166781,-0.00527997
1999-10-01,France,5Y,4.68,4.641,0.0389999999999997,-0.06815947,-0.10613335
1999-11-01,France,5Y,4.635,4.632,0.0030000000000001137,0.01057526,0.04684463
1999-12-01,France,5Y,4.851,4.79,0.04699999999999971,-0.00790024,0.00763541
2000-01-01,France,5Y,5.08,5.052,0.02800000000000047,0.01150505,-0.02335973
2000-02-01,France,5Y,5.153,5.088,0.0649999999999995,-0.04027945,0.06481814
2000-03-01,France,5Y,4.945,4.854,0.09100000000000019,-0.06675806,-0.0176937
2000-04-01,France,5Y,5.078,4.998,0.08000000000000007,0.02378726,-0.01526446
2000-05-01,France,5Y,5.153,5.046,0.10699999999999932,-0.06400218,0.06313006
2000-06-01,France,5Y,5.134,5.022,0.1120000000000001,0.11366676,0.04898755
2000-07-01,France,5Y,5.211,5.141,0.07000000000000028,0.02048594,-0.00231932
2000-08-01,France,5Y,5.319,5.237,0.08199999999999985,-0.04765312,-0.036261
2000-09-01,France,5Y,5.169,5.057,0.11199999999999921,-0.03226793,-0.00031136
2000-10-01,France,5Y,5.151,5.073,0.0779999999999994,0.02902834,0.0510063
2000-11-01,France,5Y,4.913,4.828,0.08499999999999996,-0.00713094,-0.01518934
2000-12-01,France,5Y,4.587,4.508,0.07899999999999974,-0.0010197,0.02324592
2001-01-01,France,5Y,4.567,4.495,0.07200000000000006,0.01139404,-0.00090513
2001-02-01,France,5Y,4.541,4.482,0.05900000000000016,-0.00204204,0.01927988
2001-03-01,France,5Y,4.41,4.334,0.07600000000000051,0.06859912,0.03120769
2001-04-01,France,5Y,4.82,4.748,0.07200000000000006,0.06421035,0.12710222
2001-05-01,France,5Y,4.818,4.731,0.08699999999999974,-0.13656878,-0.08779026
2001-06-01,France,5Y,4.692,4.59,0.10200000000000031,0.02854883,0.02396559
2001-07-01,France,5Y,4.505,4.413,0.09199999999999964,0.03007371,0.01514081
2001-08-01,France,5Y,4.321,4.201,0.1200000000000001,0.05079423,-0.02379363
2001-09-01,France,5Y,4.149,4.062,0.08699999999999974,0.0313824,-0.01387918
2001-10-01,France,5Y,3.801,3.741,0.06000000000000005,0.04317789,0.06975827
2001-11-01,France,5Y,4.06,4.026,0.03399999999999981,0.03107767,-0.00197459
2001-12-01,France,5Y,4.528,4.386,0.11500000000000021,0.02660325,0.00333289
2002-01-01,France,5Y,4.577,4.505,0.07200000000000006,0.01003587,0.01147814
2002-02-01,France,5Y,4.574,4.546,0.02799999999999958,-0.00667414,0.03998737
2002-03-01,France,5Y,4.941,4.902,0.019999999999999574,-3.086e-05,0.01296051
2002-04-01,France,5Y,4.741,4.71,0.030999999999999694,-0.00247617,-0.01196426
2002-05-01,France,5Y,4.871,4.8,0.07100000000000062,0.03218836,0.01597417
2002-06-01,France,5Y,4.575,4.491,0.08400000000000052,0.01184929,-0.00618789
2002-07-01,France,5Y,4.304,4.196,0.10800000000000054,0.00352277,-0.0116348
2002-08-01,France,5Y,4.079,4.049,0.02999999999999936,0.01803811,-0.01560232
2002-09-01,France,5Y,3.641,3.601,0.040000000000000036,0.01607403,-0.04022966
2002-10-01,France,5Y,3.809,3.784,0.025000000000000355,0.02180133,0.01000217
2002-11-01,France,5Y,3.8,3.8,0.0,0.06594808,-0.03659766
2002-12-01,France,5Y,3.391,3.395,-0.0040000000000000036,0.00595453,-0.05100643
2003-01-01,France,5Y,3.342,3.266,0.07600000000000007,-0.02700705,0.05207753
2003-02-01,France,5Y,3.069,3.055,0.01399999999999979,0.05532359,-0.03445075
2003-03-01,France,5Y,3.24,3.24,0.0,0.06711294,-0.02143875
2003-04-01,France,5Y,3.257,3.273,-0.016000000000000014,0.01825694,0.00312353
2003-05-01,France,5Y,2.854,2.879,-0.02499999999999991,0.05561085,-0.01606747
2003-06-01,France,5Y,2.907,2.949,-0.041999999999999815,0.00128217,-0.05865202
2003-07-01,France,5Y,3.445,3.363,0.08199999999999985,0.00179838,0.01282863
2003-08-01,France,5Y,3.527,3.463,0.06400000000000006,0.0,0.0
2003-09-01,France,5Y,3.178,3.097,0.08099999999999996,0.00235118,-0.00730611
2003-10-01,France,5Y,3.607,3.601,0.006000000000000227,0.03221462,-0.01758272
2003-11-01,France,5Y,3.738,3.743,-0.004999999999999893,-0.00093229,0.00553257
2003-12-01,France,5Y,3.485,3.504,-0.019000000000000128,0.01015649,-0.01957929
2004-01-01,France,5Y,3.495,3.402,0.09299999999999997,-0.0131573,0.00742273
2004-02-01,France,5Y,3.207,3.244,-0.037000000000000366,-0.00162731,-0.00688155
2004-03-01,France,5Y,3.05,3.093,-0.04300000000000015,0.01236658,0.02812953
2004-04-01,France,5Y,3.375,3.411,-0.03600000000000003,0.04962089,0.02543383
2004-05-01,France,5Y,3.543,3.578,-0.0349999999999997,0.01746509,-0.0065437
2004-06-01,France,5Y,3.651,3.572,0.07899999999999974,-0.01060389,-0.00014359
2004-07-01,France,5Y,3.539,3.458,0.08099999999999996,0.00862926,-0.00812276
2004-08-01,France,5Y,3.301,3.32,-0.018999999999999684,-0.00139583,0.00217688
2004-09-01,France,5Y,3.299,3.317,-0.018000000000000238,0.0114091,0.00103921
2004-10-01,France,5Y,3.137,3.164,-0.027000000000000135,-0.00411348,-0.00801005
2004-11-01,France,5Y,3.003,3.043,-0.040000000000000036,-0.00031881,-0.00525612
2004-12-01,France,5Y,2.98,3.031,-0.051000000000000156,0.01785679,-0.00429348
2005-01-01,France,5Y,2.884,2.927,-0.04300000000000015,-0.01786635,-0.01631762
2005-02-01,France,5Y,3.212,3.076,0.13600000000000012,0.00876981,-0.01224856
2005-03-01,France,5Y,3.026,3.061,-0.03500000000000014,-0.00906581,0.00175456
2005-04-01,France,5Y,2.757,2.79,-0.03299999999999992,0.00312037,-0.01689142
2005-05-01,France,5Y,2.617,2.638,-0.020999999999999908,-0.00742018,0.0089191
2005-06-01,France,5Y,2.454,2.481,-0.02699999999999969,0.01228622,0.00308786
2005-07-01,France,5Y,2.618,2.647,-0.028999999999999915,-0.01999819,0.03965357
2005-08-01,France,5Y,2.514,2.539,-0.025000000000000355,0.00221244,-0.00113823
2005-09-01,France,5Y,2.718,2.732,-0.014000000000000234,-0.00616143,0.00137953
2005-10-01,France,5Y,2.988,3.007,-0.019000000000000128,-0.00725165,0.0053286
2005-11-01,France,5Y,3.075,3.093,-0.017999999999999794,-0.02639035,0.01567596
2005-12-01,France,5Y,3.04,3.068,-0.028000000000000025,-0.02869513,0.00122556
2006-01-01,France,5Y,3.204,3.22,-0.016000000000000014,-0.01509696,-0.00771216
2006-02-01,France,5Y,3.29,3.262,0.028000000000000025,-0.00544505,-0.00324349
2006-03-01,France,5Y,3.581,3.585,-0.0040000000000000036,0.02163882,-0.01310347
2006-04-01,France,5Y,3.727,3.735,-0.008000000000000007,-0.05627657,-0.03601184
2006-05-01,France,5Y,3.699,3.697,0.0019999999999997797,0.00017422,-0.00236101
2006-06-01,France,5Y,3.841,3.84,0.001000000000000334,-0.03946736,-0.00172699
2006-07-01,France,5Y,3.735,3.695,0.040000000000000036,0.01414146,0.00627523
2006-08-01,France,5Y,3.615,3.588,0.027000000000000135,0.01499431,0.01378088
2006-09-01,France,5Y,3.638,3.628,0.009999999999999787,0.0,0.0
2006-10-01,France,5Y,3.694,3.683,0.01100000000000012,-0.00312185,0.00292537
2006-11-01,France,5Y,3.654,3.635,0.019000000000000128,0.02599157,-0.03156989
2006-12-01,France,5Y,3.934,3.921,0.013000000000000345,-0.01228785,0.03226851
2007-01-01,France,5Y,4.048,4.036,0.012000000000000455,-0.04184531,-0.00062716
2007-02-01,France,5Y,3.918,3.892,0.026000000000000245,0.01201155,-0.00426155
2007-03-01,France,5Y,4.04,4.018,0.02200000000000024,0.00234815,0.00780903
2007-04-01,France,5Y,4.14,4.134,0.005999999999999339,0.00848509,-0.01206177
2007-05-01,France,5Y,4.436,4.412,0.02400000000000002,0.00231754,-0.00518441
2007-06-01,France,5Y,4.571,4.527,0.043999999999999595,3.95e-06,-0.00707298
2007-07-01,France,5Y,4.387,4.319,0.06799999999999962,0.00420353,-0.00350775
2007-08-01,France,5Y,4.18,4.115,0.0649999999999995,-7.551e-05,-0.00333671
2007-09-01,France,5Y,4.228,4.163,0.0649999999999995,-0.0363456,-0.00270934
2007-10-01,France,5Y,4.192,4.132,0.0600000000000005,0.00166756,-0.00365079
2007-11-01,France,5Y,4.023,3.911,0.11199999999999966,0.00101171,-0.02129922
2007-12-01,France,5Y,4.19,4.119,0.07100000000000062,0.02203938,-0.00235725
2008-01-01,France,5Y,3.618,3.552,0.06599999999999984,0.00854417,-0.01034839
2008-02-01,France,5Y,3.434,3.368,0.06600000000000028,-0.00565551,-0.04432311
2008-03-01,France,5Y,3.79,3.6,0.18999999999999995,0.03287918,-0.00319577
2008-04-01,France,5Y,4.047,3.877,0.16999999999999993,-0.00107664,0.00211722
2008-05-01,France,5Y,4.419,4.303,0.11599999999999966,0.0079654,-0.01921652
2008-06-01,France,5Y,4.8,4.636,0.1639999999999997,0.08718549,0.05944987
2008-07-01,France,5Y,4.404,4.272,0.13199999999999967,-0.08616599,0.0003162
2008-08-01,France,5Y,4.239,4.095,0.14400000000000013,-0.00047578,-0.0412033
2008-09-01,France,5Y,4.065,3.768,0.2970000000000006,0.02062448,-0.02765799
2008-10-01,France,5Y,3.529,3.196,0.33299999999999974,-0.00294813,-0.05476331
2008-11-01,France,5Y,3.027,2.651,0.37600000000000033,0.14345953,0.0601037
2008-12-01,France,5Y,2.733,2.318,0.41500000000000004,0.07249163,-0.02195657
2009-01-01,France,5Y,2.754,2.494,0.2599999999999998,0.00570074,-0.03082516
2009-02-01,France,5Y,2.736,2.234,0.5020000000000002,-0.0142095,-0.04348585
2009-03-01,France,5Y,2.646,2.233,0.4129999999999998,-0.00508159,0.00953191
2009-04-01,France,5Y,2.59,2.354,0.23599999999999977,0.04361952,0.04035626
2009-05-01,France,5Y,2.801,2.632,0.16900000000000004,-0.00276712,-0.02144281
2009-06-01,France,5Y,2.776,2.493,0.2829999999999999,0.01914683,0.01991529
2009-07-01,France,5Y,2.61,2.406,0.20399999999999974,0.01967426,-0.08702865
2009-08-01,France,5Y,2.593,2.375,0.21799999999999997,0.00382895,-0.00227106
2009-09-01,France,5Y,2.519,2.401,0.11800000000000033,-0.01479861,-0.0288011
2009-10-01,France,5Y,2.517,2.411,0.10599999999999987,-0.00631641,-0.01739833
2009-11-01,France,5Y,2.366,2.233,0.133,-0.03362904,0.01798103
2009-12-01,France,5Y,2.479,2.423,0.05600000000000005,-0.03020061,-0.01008083
2010-01-01,France,5Y,2.438,2.276,0.16200000000000037,-6.14e-06,-0.01162683
2010-02-01,France,5Y,2.278,2.127,0.15100000000000025,0.02809804,-0.03309557
2010-03-01,France,5Y,2.268,2.136,0.13199999999999967,-0.01619472,0.00347371
2010-04-01,France,5Y,2.101,1.968,0.133,0.00539033,-0.00101855
2010-05-01,France,5Y,1.719,1.557,0.16200000000000014,0.02627696,-0.01799763
2010-06-01,France,5Y,1.987,1.458,0.5290000000000001,-0.02371403,0.02024375
2010-07-01,France,5Y,1.944,1.653,0.2909999999999999,0.00522594,0.04208827
2010-08-01,France,5Y,1.544,1.199,0.345,0.01420454,-0.02426078
2010-09-01,France,5Y,1.745,1.483,0.262,-0.00294235,-0.01052608
2010-10-01,France,5Y,1.906,1.712,0.19399999999999995,-0.00279264,0.00162802
2010-11-01,France,5Y,2.038,1.674,0.3639999999999999,-0.00010904,-0.0080795
2010-12-01,France,5Y,2.137,1.838,0.29899999999999993,-0.00484115,-0.02320713
2011-01-01,France,5Y,2.692,2.386,0.30600000000000005,0.01844172,0.01740865
2011-02-01,France,5Y,2.67,2.386,0.2839999999999998,-0.02451558,-0.01441031
2011-03-01,France,5Y,2.935,2.671,0.26400000000000023,0.07028429,0.06022116
2011-04-01,France,5Y,2.863,2.599,0.2639999999999998,-0.00244173,0.01943218
2011-05-01,France,5Y,2.594,2.277,0.3169999999999997,-0.05955414,-0.04508166
2011-06-01,France,5Y,2.729,2.277,0.45199999999999996,-0.01534681,-0.00214682
2011-07-01,France,5Y,2.301,1.719,0.5820000000000001,-0.01354933,0.02770202
2011-08-01,France,5Y,1.903,1.309,0.5940000000000001,-0.04366301,-0.12013885
2011-09-01,France,5Y,1.74,1.165,0.575,0.01207522,-0.01000965
2011-10-01,France,5Y,2.033,1.159,0.8739999999999999,0.10619898,0.05031052
2011-11-01,France,5Y,2.198,1.16,1.038,-0.07192325,-0.0611927
2011-12-01,France,5Y,1.852,0.753,1.0990000000000002,0.03349252,-0.03948307
2012-01-01,France,5Y,1.781,0.736,1.045,0.02629851,-0.02840244
2012-02-01,France,5Y,1.569,0.813,0.756,-0.01433788,0.01535817
2012-03-01,France,5Y,1.669,0.794,0.875,0.00682966,-0.00830541
2012-04-01,France,5Y,1.709,0.599,1.11,0.00683135,-0.00606342
2012-05-01,France,5Y,1.217,0.336,0.881,0.04135716,-0.02621478
2012-06-01,France,5Y,1.403,0.61,0.793,0.03338643,-0.00627108
2012-07-01,France,5Y,0.86,0.303,0.5569999999999999,-0.0072012,-0.10685152
2012-08-01,France,5Y,0.917,0.333,0.5840000000000001,0.10355838,-0.07344139
2012-09-01,France,5Y,0.906,0.509,0.397,-0.03500514,0.0388083
2012-10-01,France,5Y,0.924,0.491,0.43300000000000005,0.00539462,-0.00081696
2012-11-01,France,5Y,0.73,0.405,0.32499999999999996,0.00753017,0.00512519
2012-12-01,France,5Y,0.622,0.292,0.33,-0.0037345,-0.00486517
2013-01-01,France,5Y,1.199,0.762,0.43700000000000006,-0.00316676,0.01806952
2013-02-01,France,5Y,0.994,0.434,0.56,-0.00649124,-0.0096722
2013-03-01,France,5Y,0.886,0.311,0.575,0.00845211,0.00457824
2013-04-01,France,5Y,0.694,0.332,0.36199999999999993,0.02524541,-0.02755056
2013-05-01,France,5Y,0.891,0.487,0.404,-0.00548678,-0.005251
2013-06-01,France,5Y,1.322,0.734,0.5880000000000001,0.03220402,-0.01512024
2013-07-01,France,5Y,1.13,0.651,0.47899999999999987,-0.06055783,0.04203836
2013-08-01,France,5Y,1.346,0.817,0.5290000000000001,-0.0028711,0.01132435
2013-09-01,France,5Y,1.202,0.791,0.4109999999999999,-0.00632233,0.00132339
2013-10-01,France,5Y,1.021,0.657,0.3639999999999999,0.00677482,-0.00609358
2013-11-01,France,5Y,0.996,0.651,0.345,-0.03543784,0.02352032
2013-12-01,France,5Y,1.213,0.917,0.29600000000000004,0.0178962,-0.00423027
2014-01-01,France,5Y,0.884,0.649,0.235,0.0074008,-0.01504822
2014-02-01,France,5Y,1.054,0.667,0.387,0.0193551,0.02089548
2014-03-01,France,5Y,0.965,0.628,0.33699999999999997,0.03148079,0.01102582
2014-04-01,France,5Y,0.863,0.551,0.31199999999999994,-0.01390848,0.03683678
2014-05-01,France,5Y,0.674,0.428,0.24600000000000005,-0.00528758,0.01007157
2014-06-01,France,5Y,0.643,0.341,0.302,-0.03637694,0.01209969
2014-07-01,France,5Y,0.526,0.301,0.22500000000000003,-0.01783726,0.01292655
2014-08-01,France,5Y,0.366,0.172,0.194,0.00070312,0.00187773
2014-09-01,France,5Y,0.331,0.146,0.18500000000000003,-0.06422641,-0.00068183
2014-10-01,France,5Y,0.291,0.125,0.16599999999999998,0.05409899,-0.04887129
2014-11-01,France,5Y,0.265,0.111,0.15400000000000003,-0.03680355,0.03947588
2014-12-01,France,5Y,0.168,0.008,0.16,0.05596263,-0.04833079
2015-01-01,France,5Y,0.044,-0.051,0.095,-0.01922483,0.01173607
2015-02-01,France,5Y,0.055,-0.088,0.143,0.0,0.0
2015-03-01,France,5Y,0.051,-0.102,0.153,0.00035536,-0.00385565
2015-04-01,France,5Y,0.131,0.007,0.124,-0.00142985,0.00811493
2015-05-01,France,5Y,0.147,-0.004,0.151,0.0,0.0
2015-06-01,France,5Y,0.322,0.073,0.249,0.00884221,-0.01158719
2015-07-01,France,5Y,0.17,0.044,0.126,-0.00145856,0.00208231
2015-08-01,France,5Y,0.279,0.126,0.15300000000000002,0.0,0.0
2015-09-01,France,5Y,0.218,-0.007,0.225,-0.03170106,0.0298776
2015-10-01,France,5Y,0.09,-0.079,0.16899999999999998,-0.07457095,0.05369102
2015-11-01,France,5Y,-0.011,-0.183,0.172,0.0,0.0
2015-12-01,France,5Y,0.08,-0.047,0.127,0.16522564,-0.06777853
2016-01-01,France,5Y,-0.145,-0.313,0.168,-0.02353204,0.00207732
2016-02-01,France,5Y,-0.239,-0.408,0.16899999999999998,0.0,0.0
2016-03-01,France,5Y,-0.204,-0.329,0.12500000000000003,0.00295142,0.04696157
2016-04-01,France,5Y,-0.097,-0.289,0.19199999999999998,0.00874813,-0.00714425
2016-05-01,France,5Y,-0.193,-0.378,0.185,0.0,0.0
2016-06-01,France,5Y,-0.356,-0.569,0.21299999999999997,0.01416894,-0.01469861
2016-07-01,France,5Y,-0.403,-0.529,0.126,0.00420598,0.02136953
2016-08-01,France,5Y,-0.389,-0.504,0.11499999999999999,0.0,0.0
2016-09-01,France,5Y,-0.443,-0.577,0.13399999999999995,0.02928932,-0.01588046
2016-10-01,France,5Y,-0.278,-0.402,0.124,-0.00343218,0.00288461
2016-11-01,France,5Y,-0.086,-0.432,0.346,0.0,0.0
2016-12-01,France,5Y,-0.129,-0.543,0.41400000000000003,-0.02369548,0.02494524
2017-01-01,France,5Y,0.135,-0.406,0.541,-0.01136922,0.01125365
2017-02-01,France,5Y,0.014,-0.575,0.589,0.0,0.0
2017-03-01,France,5Y,0.115,-0.386,0.501,-0.01209542,0.01300103
2017-04-01,France,5Y,-0.107,-0.39,0.28300000000000003,-0.00220409,-0.00059132
2017-05-01,France,5Y,-0.203,-0.435,0.23199999999999998,0.0,0.0
2017-06-01,France,5Y,-0.045,-0.229,0.184,0.00468379,-0.00618022
2017-07-01,France,5Y,-0.084,-0.182,0.09799999999999999,-0.00745165,-0.00386945
2017-08-01,France,5Y,-0.217,-0.345,0.12799999999999997,0.0,0.0
2017-09-01,France,5Y,-0.012,-0.269,0.257,-0.00127015,0.00235026
2017-10-01,France,5Y,-0.108,-0.351,0.243,-0.01205914,0.01350465
2017-11-01,France,5Y,-0.1,-0.31,0.21,0.0,0.0
2017-12-01,France,5Y,-0.01,-0.207,0.19699999999999998,-0.00726541,0.00542794
2018-01-01,France,5Y,0.214,0.102,0.112,0.01937805,-0.01940399
2018-02-01,France,5Y,0.148,0.021,0.127,0.0,0.0
2018-03-01,France,5Y,0.006,-0.106,0.112,-0.01997759,0.02238169
2018-04-01,France,5Y,0.041,-0.061,0.10200000000000001,0.00352961,-0.00433858
2018-05-01,France,5Y,-0.096,-0.275,0.17900000000000002,0.0,0.0
2018-06-01,France,5Y,0.014,-0.306,0.32,-0.04271677,0.03658385
2018-07-01,France,5Y,0.092,-0.128,0.22,-0.00753783,0.00753783
2018-08-01,France,5Y,0.03,-0.233,0.263,0.0,0.0
2018-09-01,France,5Y,0.166,-0.092,0.258,0.00550418,-0.00644394
2018-10-01,France,5Y,0.094,-0.194,0.28800000000000003,0.02001239,-0.01825893
2018-11-01,France,5Y,0.019,-0.271,0.29000000000000004,0.0,0.0
2018-12-01,France,5Y,0.031,-0.32,0.351,-0.00415027,0.00355439
2019-01-01,France,5Y,-0.082,-0.318,0.236,0.0175893,-0.02145109
2019-02-01,France,5Y,-0.05,-0.279,0.22900000000000004,0.0,0.0
2019-03-01,France,5Y,-0.267,-0.453,0.186,0.00868726,-0.01442751
2019-04-01,France,5Y,-0.246,-0.416,0.16999999999999998,-0.00273599,-0.00018377
2019-05-01,France,5Y,-0.391,-0.582,0.19099999999999995,0.0,0.0
2019-06-01,France,5Y,-0.519,-0.666,0.14700000000000002,0.03058214,-0.0071408
2019-07-01,France,5Y,-0.623,-0.717,0.09399999999999997,0.04218756,-0.00506254
2019-08-01,France,5Y,-0.771,-0.927,0.15600000000000003,0.0,0.0
2019-09-01,France,5Y,-0.642,-0.775,0.133,0.03217407,0.03487853
2019-10-01,France,5Y,-0.439,-0.628,0.189,0.00764552,-0.00665165
2019-11-01,France,5Y,-0.398,-0.585,0.18699999999999994,0.0,0.0
2019-12-01,France,5Y,-0.307,-0.476,0.16899999999999998,-0.01029327,0.01098215
2020-01-01,France,5Y,-0.506,-0.644,0.138,0.01788192,-0.01219238
2020-02-01,France,5Y,-0.568,-0.766,0.19800000000000006,0.0,0.0
2020-03-01,France,5Y,-0.353,-0.657,0.30400000000000005,0.18996661,-0.0646914
2020-04-01,France,5Y,-0.482,-0.77,0.28800000000000003,0.04450687,-0.0282567
2020-05-01,France,5Y,-0.447,-0.646,0.199,0.0,0.0
2020-06-01,France,5Y,-0.52,-0.7,0.17999999999999994,0.00075699,0.00221042
2020-07-01,France,5Y,-0.573,-0.722,0.14900000000000002,-0.01051453,0.00663075
2020-08-01,France,5Y,-0.509,-0.631,0.122,0.0,0.0
2020-09-01,France,5Y,-0.609,-0.713,0.10399999999999998,-0.01137573,0.0209051
2020-10-01,France,5Y,-0.694,-0.822,0.128,-0.04440888,0.03827308
2020-11-01,France,5Y,-0.658,-0.754,0.09599999999999997,0.0,0.0
2020-12-01,France,5Y,-0.676,-0.742,0.06599999999999995,0.02960964,-0.0146942
2021-01-01,France,5Y,-0.651,-0.736,0.08499999999999996,0.01223291,-0.00964168
2021-02-01,France,5Y,-0.514,-0.569,0.05499999999999994,0.0,0.0
2021-03-01,France,5Y,-0.568,-0.629,0.061000000000000054,0.00286225,0.0097477
2021-04-01,France,5Y,-0.518,-0.578,0.05999999999999994,0.00189025,-0.00343929
2021-05-01,France,5Y,-0.512,-0.568,0.05599999999999994,0.0,0.0
2021-06-01,France,5Y,-0.528,-0.589,0.06099999999999994,-0.01563274,0.01470217
2021-07-01,France,5Y,-0.528,-0.744,0.21599999999999997,0.0073095,-0.00768279
2021-08-01,France,5Y,-0.451,-0.68,0.22900000000000004,0.0,0.0
2021-09-01,France,5Y,-0.336,-0.558,0.22200000000000003,-0.01404805,0.01567899
2021-10-01,France,5Y,-0.167,-0.392,0.225,0.00670146,-0.0061872
2021-11-01,France,5Y,-0.408,-0.622,0.21400000000000002,0.0,0.0
2021-12-01,France,5Y,-0.262,-0.461,0.199,0.02039478,-0.02349587
2022-01-01,France,5Y,-0.049,-0.227,0.178,0.0,0.0
2022-02-01,France,5Y,0.054,-0.164,0.218,0.03923857,-0.02262021
2022-03-01,France,5Y,0.572,0.371,0.20099999999999996,0.01158872,0.00288687
2022-04-01,France,5Y,0.894,0.674,0.21999999999999997,-0.02722772,-0.01209206
2022-05-01,France,5Y,1.064,0.832,0.2320000000000001,0.0,0.0
2022-06-01,France,5Y,1.471,1.056,0.41500000000000004,0.04000315,-0.05017059
2022-07-01,France,5Y,0.889,0.524,0.365,0.06062276,0.06828821
2022-08-01,France,5Y,1.737,1.383,0.3540000000000001,0.0,0.0
2022-09-01,France,5Y,2.348,1.959,0.3889999999999998,0.06553518,0.05123198
2022-10-01,France,5Y,2.333,2.0,0.3330000000000002,-0.0484317,-0.00738864
2022-11-01,France,5Y,2.213,1.929,0.28400000000000003,0.0,0.0
2022-12-01,France,5Y,2.873,2.566,0.3070000000000004,0.08741766,-0.05187298
2023-01-01,France,5Y,2.603,2.306,0.29700000000000015,0.0,0.0
2023-02-01,France,5Y,3.043,2.736,0.30699999999999994,-0.02825908,0.00739243
2023-03-01,France,5Y,2.645,2.305,0.33999999999999986,0.06364707,0.13706177
2023-04-01,France,5Y,2.643,2.3,0.34299999999999997,0.0,0.0
2023-05-01,France,5Y,2.627,2.275,0.35199999999999987,-0.05445383,-0.02205352
2023-06-01,France,5Y,2.913,2.546,0.367,0.00310685,0.01212789
2023-07-01,France,5Y,2.89,2.533,0.3570000000000002,-0.02931627,0.00761737
2023-08-01,France,5Y,2.834,2.472,0.3620000000000001,0.0,0.0
2023-09-01,France,5Y,3.155,2.774,0.3809999999999998,0.00399758,0.06922208
2023-10-01,France,5Y,3.079,2.652,0.42700000000000005,-0.02513959,0.0050286
2023-11-01,France,5Y,2.752,2.372,0.3799999999999999,0.0,0.0
2023-12-01,France,5Y,2.255,1.942,0.31299999999999994,0.03287603,-0.00518218
2024-01-01,France,5Y,2.379,2.049,0.33000000000000007,-0.04307478,0.00364715
2024-02-01,France,5Y,2.733,2.43,0.30299999999999994,0.0,0.0
2024-03-01,France,5Y,2.651,2.32,0.33099999999999996,-0.02470938,0.02110809
2024-04-01,France,5Y,2.919,2.615,0.3039999999999998,-0.00688623,0.00746176
2024-05-01,France,5Y,3.011,2.706,0.30500000000000016,0.0,0.0
2024-06-01,France,5Y,3.035,2.479,0.556,0.01490844,0.0018587
2024-07-01,France,5Y,2.7,2.229,0.4710000000000001,-0.00635903,0.00050086
2024-08-01,France,5Y,2.656,2.187,0.4690000000000003,0.0,0.0
2024-09-01,France,5Y,2.447,1.944,0.5030000000000001,0.03255924,-0.01615053
2024-10-01,France,5Y,2.711,2.265,0.44599999999999973,-0.02068547,-0.01217264
2024-11-01,France,5Y,2.517,1.924,0.593,0.0,0.0
2024-12-01,France,5Y,2.718,2.152,0.5659999999999998,0.00609036,0.02176619
2025-01-01,France,5Y,2.728,2.233,0.4950000000000001,-0.0087809,-0.00804116
2025-02-01,France,5Y,2.577,2.149,0.42799999999999994,0.0,0.0
2025-03-01,France,5Y,2.745,2.337,0.4079999999999999,-0.00193929,0.02623149
2025-04-01,France,5Y,2.391,1.984,0.40700000000000003,-0.03264565,-0.02455187
2025-05-01,France,5Y,2.586,2.063,0.5229999999999997,0.0,0.0
2025-06-01,France,5Y,2.692,2.169,0.5230000000000001,0.02367629,-0.00634498
2025-07-01,France,5Y,2.763,2.293,0.46999999999999975,0.02395822,-0.00106382
2025-08-01,France,5Y,2.824,2.256,0.5680000000000001,0.0,0.0
2025-09-01,France,5Y,2.826,2.308,0.5180000000000002,-0.01551833,0.00187802
2025-10-01,France,5Y,2.719,2.231,0.488,-0.01065112,0.01192155
2025-11-01,France,5Y,2.733,2.287,0.4460000000000002,,
2025-12-01,France,5Y,2.853,2.447,0.40600000000000014,,
2026-01-01,France,5Y,2.716,2.416,0.30000000000000027,,
2026-02-01,France,5Y,2.532,2.237,0.29499999999999993,,
2026-03-01,France,5Y,3.141,2.725,0.4159999999999999,,
2026-04-01,France,5Y,3.099,2.746,0.3530000000000002,,
2026-05-01,France,5Y,2.955,2.636,0.31899999999999995,,
2026-06-01,France,5Y,3.077,2.594,0.4830000000000001,,
2026-07-01,France,5Y,3.419,2.941,0.4780000000000002,,
2026-08-01,France,5Y,3.577,3.062,0.5150000000000001,,
2026-09-01,France,5Y,3.93,3.333,0.597,,
1999-01-01,Germany,10Y,3.632,3.632,0.0,0.02914637,-0.06311121
1999-02-01,Germany,10Y,4.011,4.011,0.0,-0.00556514,0.00556514
1999-03-01,Germany,10Y,4.001,4.001,0.0,-0.00592203,0.00323799
1999-04-01,Germany,10Y,3.868,3.868,0.0,-0.00679893,-0.00330584
1999-05-01,Germany,10Y,4.116,4.116,0.0,0.01543059,-0.00936631
1999-06-01,Germany,10Y,4.511,4.511,0.0,0.00768436,-0.01317122
1999-07-01,Germany,10Y,4.811,4.811,0.0,-0.00494872,0.02780708
1999-08-01,Germany,10Y,4.891,4.891,0.0,0.00678846,-0.00826848
1999-09-01,Germany,10Y,5.08,5.08,0.0,-0.04166781,-0.00527997
1999-10-01,Germany,10Y,5.157,5.157,0.0,-0.06815947,-0.10613335
1999-11-01,Germany,10Y,5.125,5.125,0.0,0.01057526,0.04684463
1999-12-01,Germany,10Y,5.355,5.355,0.0,-0.00790024,0.00763541
2000-01-01,Germany,10Y,5.541,5.541,0.0,0.01150505,-0.02335973
2000-02-01,Germany,10Y,5.5,5.5,0.0,-0.04027945,0.06481814
2000-03-01,Germany,10Y,5.216,5.216,0.0,-0.06675806,-0.0176937
2000-04-01,Germany,10Y,5.298,5.298,0.0,0.02378726,-0.01526446
2000-05-01,Germany,10Y,5.191,5.191,0.0,-0.06400218,0.06313006
2000-06-01,Germany,10Y,5.221,5.221,0.0,0.11366676,0.04898755
2000-07-01,Germany,10Y,5.206,5.206,0.0,0.02048594,-0.00231932
2000-08-01,Germany,10Y,5.298,5.298,0.0,-0.04765312,-0.036261
2000-09-01,Germany,10Y,5.23,5.23,0.0,-0.03226793,-0.00031136
2000-10-01,Germany,10Y,5.215,5.215,0.0,0.02902834,0.0510063
2000-11-01,Germany,10Y,5.0,5.0,0.0,-0.00713094,-0.01518934
2000-12-01,Germany,10Y,4.851,4.851,0.0,-0.0010197,0.02324592
2001-01-01,Germany,10Y,4.797,4.797,0.0,0.01139404,-0.00090513
2001-02-01,Germany,10Y,4.754,4.754,0.0,-0.00204204,0.01927988
2001-03-01,Germany,10Y,4.705,4.705,0.0,0.06859912,0.03120769
2001-04-01,Germany,10Y,5.032,5.032,0.0,0.06421035,0.12710222
2001-05-01,Germany,10Y,5.173,5.173,0.0,-0.13656878,-0.08779026
2001-06-01,Germany,10Y,5.102,5.102,0.0,0.02854883,0.02396559
2001-07-01,Germany,10Y,4.88,4.88,0.0,0.03007371,0.01514081
2001-08-01,Germany,10Y,4.788,4.788,0.0,0.05079423,-0.02379363
2001-09-01,Germany,10Y,4.791,4.791,0.0,0.0313824,-0.01387918
2001-10-01,Germany,10Y,4.397,4.397,0.0,0.04317789,0.06975827
2001-11-01,Germany,10Y,4.555,4.555,0.0,0.03107767,-0.00197459
2001-12-01,Germany,10Y,4.996,4.996,0.0,0.02660325,0.00333289
2002-01-01,Germany,10Y,4.905,4.905,0.0,0.01003587,0.01147814
2002-02-01,Germany,10Y,4.964,4.964,0.0,-0.00667414,0.03998737
2002-03-01,Germany,10Y,5.251,5.251,0.0,-3.086e-05,0.01296051
2002-04-01,Germany,10Y,5.122,5.122,0.0,-0.00247617,-0.01196426
2002-05-01,Germany,10Y,5.168,5.168,0.0,0.03218836,0.01597417
2002-06-01,Germany,10Y,4.942,4.942,0.0,0.01184929,-0.00618789
2002-07-01,Germany,10Y,4.752,4.752,0.0,0.00352277,-0.0116348
2002-08-01,Germany,10Y,4.568,4.568,0.0,0.01803811,-0.01560232
2002-09-01,Germany,10Y,4.272,4.272,0.0,0.01607403,-0.04022966
2002-10-01,Germany,10Y,4.511,4.511,0.0,0.02180133,0.01000217
2002-11-01,Germany,10Y,4.49,4.49,0.0,0.06594808,-0.03659766
2002-12-01,Germany,10Y,4.204,4.204,0.0,0.00595453,-0.05100643
2003-01-01,Germany,10Y,4.072,4.072,0.0,-0.02700705,0.05207753
2003-02-01,Germany,10Y,3.918,3.918,0.0,0.05532359,-0.03445075
2003-03-01,Germany,10Y,4.044,4.044,0.0,0.06711294,-0.02143875
2003-04-01,Germany,10Y,4.092,4.092,0.0,0.01825694,0.00312353
2003-05-01,Germany,10Y,3.721,3.721,0.0,0.05561085,-0.01606747
2003-06-01,Germany,10Y,3.802,3.802,0.0,0.00128217,-0.05865202
2003-07-01,Germany,10Y,4.19,4.19,0.0,0.00179838,0.01282863
2003-08-01,Germany,10Y,4.197,4.197,0.0,0.0,0.0
2003-09-01,Germany,10Y,3.995,3.995,0.0,0.00235118,-0.00730611
2003-10-01,Germany,10Y,4.331,4.331,0.0,0.03221462,-0.01758272
2003-11-01,Germany,10Y,4.457,4.457,0.0,-0.00093229,0.00553257
2003-12-01,Germany,10Y,4.292,4.292,0.0,0.01015649,-0.01957929
2004-01-01,Germany,10Y,4.24,4.24,0.0,-0.0131573,0.00742273
2004-02-01,Germany,10Y,4.051,4.051,0.0,-0.00162731,-0.00688155
2004-03-01,Germany,10Y,3.931,3.931,0.0,0.01236658,0.02812953
2004-04-01,Germany,10Y,4.175,4.175,0.0,0.04962089,0.02543383
2004-05-01,Germany,10Y,4.374,4.374,0.0,0.01746509,-0.0065437
2004-06-01,Germany,10Y,4.318,4.318,0.0,-0.01060389,-0.00014359
2004-07-01,Germany,10Y,4.216,4.216,0.0,0.00862926,-0.00812276
2004-08-01,Germany,10Y,4.023,4.023,0.0,-0.00139583,0.00217688
2004-09-01,Germany,10Y,3.991,3.991,0.0,0.0114091,0.00103921
2004-10-01,Germany,10Y,3.873,3.873,0.0,-0.00411348,-0.00801005
2004-11-01,Germany,10Y,3.793,3.793,0.0,-0.00031881,-0.00525612
2004-12-01,Germany,10Y,3.683,3.683,0.0,0.01785679,-0.00429348
2005-01-01,Germany,10Y,3.547,3.547,0.0,-0.01786635,-0.01631762
2005-02-01,Germany,10Y,3.715,3.715,0.0,0.00876981,-0.01224856
2005-03-01,Germany,10Y,3.622,3.622,0.0,-0.00906581,0.00175456
2005-04-01,Germany,10Y,3.396,3.396,0.0,0.00312037,-0.01689142
2005-05-01,Germany,10Y,3.274,3.274,0.0,-0.00742018,0.0089191
2005-06-01,Germany,10Y,3.134,3.134,0.0,0.01228622,0.00308786
2005-07-01,Germany,10Y,3.243,3.243,0.0,-0.01999819,0.03965357
2005-08-01,Germany,10Y,3.102,3.102,0.0,0.00221244,-0.00113823
2005-09-01,Germany,10Y,3.148,3.148,0.0,-0.00616143,0.00137953
2005-10-01,Germany,10Y,3.391,3.391,0.0,-0.00725165,0.0053286
2005-11-01,Germany,10Y,3.455,3.455,0.0,-0.02639035,0.01567596
2005-12-01,Germany,10Y,3.309,3.309,0.0,-0.02869513,0.00122556
2006-01-01,Germany,10Y,3.467,3.467,0.0,-0.01509696,-0.00771216
2006-02-01,Germany,10Y,3.489,3.489,0.0,-0.00544505,-0.00324349
2006-03-01,Germany,10Y,3.771,3.771,0.0,0.02163882,-0.01310347
2006-04-01,Germany,10Y,3.951,3.951,0.0,-0.05627657,-0.03601184
2006-05-01,Germany,10Y,3.982,3.982,0.0,0.00017422,-0.00236101
2006-06-01,Germany,10Y,4.071,4.071,0.0,-0.03946736,-0.00172699
2006-07-01,Germany,10Y,3.921,3.921,0.0,0.01414146,0.00627523
2006-08-01,Germany,10Y,3.76,3.76,0.0,0.01499431,0.01378088
2006-09-01,Germany,10Y,3.709,3.709,0.0,0.0,0.0
2006-10-01,Germany,10Y,3.741,3.741,0.0,-0.00312185,0.00292537
2006-11-01,Germany,10Y,3.695,3.695,0.0,0.02599157,-0.03156989
2006-12-01,Germany,10Y,3.948,3.948,0.0,-0.01228785,0.03226851
2007-01-01,Germany,10Y,4.1,4.1,0.0,-0.04184531,-0.00062716
2007-02-01,Germany,10Y,3.957,3.957,0.0,0.01201155,-0.00426155
2007-03-01,Germany,10Y,4.057,4.057,0.0,0.00234815,0.00780903
2007-04-01,Germany,10Y,4.154,4.154,0.0,0.00848509,-0.01206177
2007-05-01,Germany,10Y,4.422,4.422,0.0,0.00231754,-0.00518441
2007-06-01,Germany,10Y,4.574,4.574,0.0,3.95e-06,-0.00707298
2007-07-01,Germany,10Y,4.347,4.347,0.0,0.00420353,-0.00350775
2007-08-01,Germany,10Y,4.242,4.242,0.0,-7.551e-05,-0.00333671
2007-09-01,Germany,10Y,4.329,4.329,0.0,-0.0363456,-0.00270934
2007-10-01,Germany,10Y,4.239,4.239,0.0,0.00166756,-0.00365079
2007-11-01,Germany,10Y,4.126,4.126,0.0,0.00101171,-0.02129922
2007-12-01,Germany,10Y,4.307,4.307,0.0,0.02203938,-0.00235725
2008-01-01,Germany,10Y,3.93,3.93,0.0,0.00854417,-0.01034839
2008-02-01,Germany,10Y,3.891,3.891,0.0,-0.00565551,-0.04432311
2008-03-01,Germany,10Y,3.899,3.899,0.0,0.03287918,-0.00319577
2008-04-01,Germany,10Y,4.123,4.123,0.0,-0.00107664,0.00211722
2008-05-01,Germany,10Y,4.405,4.405,0.0,0.0079654,-0.01921652
2008-06-01,Germany,10Y,4.621,4.621,0.0,0.08718549,0.05944987
2008-07-01,Germany,10Y,4.355,4.355,0.0,-0.08616599,0.0003162
2008-08-01,Germany,10Y,4.176,4.176,0.0,-0.00047578,-0.0412033
2008-09-01,Germany,10Y,4.015,4.015,0.0,0.02062448,-0.02765799
2008-10-01,Germany,10Y,3.9,3.9,0.0,-0.00294813,-0.05476331
2008-11-01,Germany,10Y,3.258,3.258,0.0,0.14345953,0.0601037
2008-12-01,Germany,10Y,2.951,2.951,0.0,0.07249163,-0.02195657
2009-01-01,Germany,10Y,3.296,3.296,0.0,0.00570074,-0.03082516
2009-02-01,Germany,10Y,3.112,3.112,0.0,-0.0142095,-0.04348585
2009-03-01,Germany,10Y,2.994,2.994,0.0,-0.00508159,0.00953191
2009-04-01,Germany,10Y,3.178,3.178,0.0,0.04361952,0.04035626
2009-05-01,Germany,10Y,3.589,3.589,0.0,-0.00276712,-0.02144281
2009-06-01,Germany,10Y,3.386,3.386,0.0,0.01914683,0.01991529
2009-07-01,Germany,10Y,3.3,3.3,0.0,0.01967426,-0.08702865
2009-08-01,Germany,10Y,3.257,3.257,0.0,0.00382895,-0.00227106
2009-09-01,Germany,10Y,3.22,3.22,0.0,-0.01479861,-0.0288011
2009-10-01,Germany,10Y,3.231,3.231,0.0,-0.00631641,-0.01739833
2009-11-01,Germany,10Y,3.159,3.159,0.0,-0.03362904,0.01798103
2009-12-01,Germany,10Y,3.387,3.387,0.0,-0.03020061,-0.01008083
2010-01-01,Germany,10Y,3.196,3.196,0.0,-6.14e-06,-0.01162683
2010-02-01,Germany,10Y,3.101,3.101,0.0,0.02809804,-0.03309557
2010-03-01,Germany,10Y,3.092,3.092,0.0,-0.01619472,0.00347371
2010-04-01,Germany,10Y,3.017,3.017,0.0,0.00539033,-0.00101855
2010-05-01,Germany,10Y,2.66,2.66,0.0,0.02627696,-0.01799763
2010-06-01,Germany,10Y,2.577,2.577,0.0,-0.02371403,0.02024375
2010-07-01,Germany,10Y,2.669,2.669,0.0,0.00522594,0.04208827
2010-08-01,Germany,10Y,2.116,2.116,0.0,0.01420454,-0.02426078
2010-09-01,Germany,10Y,2.278,2.278,0.0,-0.00294235,-0.01052608
2010-10-01,Germany,10Y,2.518,2.518,0.0,-0.00279264,0.00162802
2010-11-01,Germany,10Y,2.67,2.67,0.0,-0.00010904,-0.0080795
2010-12-01,Germany,10Y,2.963,2.963,0.0,-0.00484115,-0.02320713
2011-01-01,Germany,10Y,3.153,3.153,0.0,0.01844172,0.01740865
2011-02-01,Germany,10Y,3.169,3.169,0.0,-0.02451558,-0.01441031
2011-03-01,Germany,10Y,3.352,3.352,0.0,0.07028429,0.06022116
2011-04-01,Germany,10Y,3.238,3.238,0.0,-0.00244173,0.01943218
2011-05-01,Germany,10Y,3.019,3.019,0.0,-0.05955414,-0.04508166
2011-06-01,Germany,10Y,3.023,3.023,0.0,-0.01534681,-0.00214682
2011-07-01,Germany,10Y,2.537,2.537,0.0,-0.01354933,0.02770202
2011-08-01,Germany,10Y,2.217,2.217,0.0,-0.04366301,-0.12013885
2011-09-01,Germany,10Y,1.885,1.885,0.0,0.01207522,-0.01000965
2011-10-01,Germany,10Y,2.024,2.024,0.0,0.10619898,0.05031052
2011-11-01,Germany,10Y,2.276,2.276,0.0,-0.07192325,-0.0611927
2011-12-01,Germany,10Y,1.825,1.825,0.0,0.03349252,-0.03948307
2012-01-01,Germany,10Y,1.786,1.786,0.0,0.02629851,-0.02840244
2012-02-01,Germany,10Y,1.817,1.817,0.0,-0.01433788,0.01535817
2012-03-01,Germany,10Y,1.792,1.792,0.0,0.00682966,-0.00830541
2012-04-01,Germany,10Y,1.662,1.662,0.0,0.00683135,-0.00606342
2012-05-01,Germany,10Y,1.199,1.199,0.0,0.04135716,-0.02621478
2012-06-01,Germany,10Y,1.581,1.581,0.0,0.03338643,-0.00627108
2012-07-01,Germany,10Y,1.284,1.284,0.0,-0.0072012,-0.10685152
2012-08-01,Germany,10Y,1.333,1.333,0.0,0.10355838,-0.07344139
2012-09-01,Germany,10Y,1.441,1.441,0.0,-0.03500514,0.0388083
2012-10-01,Germany,10Y,1.462,1.462,0.0,0.00539462,-0.00081696
2012-11-01,Germany,10Y,1.385,1.385,0.0,0.00753017,0.00512519
2012-12-01,Germany,10Y,1.314,1.314,0.0,-0.0037345,-0.00486517
2013-01-01,Germany,10Y,1.679,1.679,0.0,-0.00316676,0.01806952
2013-02-01,Germany,10Y,1.453,1.453,0.0,-0.00649124,-0.0096722
2013-03-01,Germany,10Y,1.288,1.288,0.0,0.00845211,0.00457824
2013-04-01,Germany,10Y,1.215,1.215,0.0,0.02524541,-0.02755056
2013-05-01,Germany,10Y,1.504,1.504,0.0,-0.00548678,-0.005251
2013-06-01,Germany,10Y,1.728,1.728,0.0,0.03220402,-0.01512024
2013-07-01,Germany,10Y,1.669,1.669,0.0,-0.06055783,0.04203836
2013-08-01,Germany,10Y,1.855,1.855,0.0,-0.0028711,0.01132435
2013-09-01,Germany,10Y,1.778,1.778,0.0,-0.00632233,0.00132339
2013-10-01,Germany,10Y,1.673,1.673,0.0,0.00677482,-0.00609358
2013-11-01,Germany,10Y,1.692,1.692,0.0,-0.03543784,0.02352032
2013-12-01,Germany,10Y,1.925,1.925,0.0,0.0178962,-0.00423027
2014-01-01,Germany,10Y,1.658,1.658,0.0,0.0074008,-0.01504822
2014-02-01,Germany,10Y,1.623,1.623,0.0,0.0193551,0.02089548
2014-03-01,Germany,10Y,1.565,1.565,0.0,0.03148079,0.01102582
2014-04-01,Germany,10Y,1.468,1.468,0.0,-0.01390848,0.03683678
2014-05-01,Germany,10Y,1.357,1.357,0.0,-0.00528758,0.01007157
2014-06-01,Germany,10Y,1.244,1.244,0.0,-0.03637694,0.01209969
2014-07-01,Germany,10Y,1.154,1.154,0.0,-0.01783726,0.01292655
2014-08-01,Germany,10Y,0.89,0.89,0.0,0.00070312,0.00187773
2014-09-01,Germany,10Y,0.946,0.946,0.0,-0.06422641,-0.00068183
2014-10-01,Germany,10Y,0.84,0.84,0.0,0.05409899,-0.04887129
2014-11-01,Germany,10Y,0.7,0.7,0.0,-0.03680355,0.03947588
2014-12-01,Germany,10Y,0.538,0.538,0.0,0.05596263,-0.04833079
2015-01-01,Germany,10Y,0.302,0.302,0.0,-0.01922483,0.01173607
2015-02-01,Germany,10Y,0.327,0.327,0.0,0.0,0.0
2015-03-01,Germany,10Y,0.18,0.18,0.0,0.00035536,-0.00385565
2015-04-01,Germany,10Y,0.364,0.364,0.0,-0.00142985,0.00811493
2015-05-01,Germany,10Y,0.486,0.486,0.0,0.0,0.0
2015-06-01,Germany,10Y,0.763,0.763,0.0,0.00884221,-0.01158719
2015-07-01,Germany,10Y,0.643,0.643,0.0,-0.00145856,0.00208231
2015-08-01,Germany,10Y,0.797,0.797,0.0,0.0,0.0
2015-09-01,Germany,10Y,0.586,0.586,0.0,-0.03170106,0.0298776
2015-10-01,Germany,10Y,0.517,0.517,0.0,-0.07457095,0.05369102
2015-11-01,Germany,10Y,0.472,0.472,0.0,0.0,0.0
2015-12-01,Germany,10Y,0.628,0.628,0.0,0.16522564,-0.06777853
2016-01-01,Germany,10Y,0.324,0.324,0.0,-0.02353204,0.00207732
2016-02-01,Germany,10Y,0.106,0.106,0.0,0.0,0.0
2016-03-01,Germany,10Y,0.152,0.152,0.0,0.00295142,0.04696157
2016-04-01,Germany,10Y,0.271,0.271,0.0,0.00874813,-0.00714425
2016-05-01,Germany,10Y,0.138,0.138,0.0,0.0,0.0
2016-06-01,Germany,10Y,-0.131,-0.131,0.0,0.01416894,-0.01469861
2016-07-01,Germany,10Y,-0.121,-0.121,0.0,0.00420598,0.02136953
2016-08-01,Germany,10Y,-0.066,-0.066,0.0,0.0,0.0
2016-09-01,Germany,10Y,-0.122,-0.122,0.0,0.02928932,-0.01588046
2016-10-01,Germany,10Y,0.161,0.161,0.0,-0.00343218,0.00288461
2016-11-01,Germany,10Y,0.273,0.273,0.0,0.0,0.0
2016-12-01,Germany,10Y,0.204,0.204,0.0,-0.02369548,0.02494524
2017-01-01,Germany,10Y,0.434,0.434,0.0,-0.01136922,0.01125365
2017-02-01,Germany,10Y,0.206,0.206,0.0,0.0,0.0
2017-03-01,Germany,10Y,0.325,0.325,0.0,-0.01209542,0.01300103
2017-04-01,Germany,10Y,0.315,0.315,0.0,-0.00220409,-0.00059132
2017-05-01,Germany,10Y,0.302,0.302,0.0,0.0,0.0
2017-06-01,Germany,10Y,0.465,0.465,0.0,0.00468379,-0.00618022
2017-07-01,Germany,10Y,0.541,0.541,0.0,-0.00745165,-0.00386945
2017-08-01,Germany,10Y,0.36,0.36,0.0,0.0,0.0
2017-09-01,Germany,10Y,0.462,0.462,0.0,-0.00127015,0.00235026
2017-10-01,Germany,10Y,0.362,0.362,0.0,-0.01205914,0.01350465
2017-11-01,Germany,10Y,0.366,0.366,0.0,0.0,0.0
2017-12-01,Germany,10Y,0.423,0.423,0.0,-0.00726541,0.00542794
2018-01-01,Germany,10Y,0.695,0.695,0.0,0.01937805,-0.01940399
2018-02-01,Germany,10Y,0.653,0.653,0.0,0.0,0.0
2018-03-01,Germany,10Y,0.494,0.494,0.0,-0.01997759,0.02238169
2018-04-01,Germany,10Y,0.557,0.557,0.0,0.00352961,-0.00433858
2018-05-01,Germany,10Y,0.338,0.338,0.0,0.0,0.0
2018-06-01,Germany,10Y,0.3,0.3,0.0,-0.04271677,0.03658385
2018-07-01,Germany,10Y,0.442,0.442,0.0,-0.00753783,0.00753783
2018-08-01,Germany,10Y,0.325,0.325,0.0,0.0,0.0
2018-09-01,Germany,10Y,0.469,0.469,0.0,0.00550418,-0.00644394
2018-10-01,Germany,10Y,0.384,0.384,0.0,0.02001239,-0.01825893
2018-11-01,Germany,10Y,0.312,0.312,0.0,0.0,0.0
2018-12-01,Germany,10Y,0.239,0.239,0.0,-0.00415027,0.00355439
2019-01-01,Germany,10Y,0.148,0.148,0.0,0.0175893,-0.02145109
2019-02-01,Germany,10Y,0.182,0.182,0.0,0.0,0.0
2019-03-01,Germany,10Y,-0.072,-0.072,0.0,0.00868726,-0.01442751
2019-04-01,Germany,10Y,0.012,0.012,0.0,-0.00273599,-0.00018377
2019-05-01,Germany,10Y,-0.204,-0.204,0.0,0.0,0.0
2019-06-01,Germany,10Y,-0.329,-0.329,0.0,0.03058214,-0.0071408
2019-07-01,Germany,10Y,-0.442,-0.442,0.0,0.04218756,-0.00506254
2019-08-01,Germany,10Y,-0.702,-0.702,0.0,0.0,0.0
2019-09-01,Germany,10Y,-0.573,-0.573,0.0,0.03217407,0.03487853
2019-10-01,Germany,10Y,-0.409,-0.409,0.0,0.00764552,-0.00665165
2019-11-01,Germany,10Y,-0.362,-0.362,0.0,0.0,0.0
2019-12-01,Germany,10Y,-0.188,-0.188,0.0,-0.01029327,0.01098215
2020-01-01,Germany,10Y,-0.436,-0.436,0.0,0.01788192,-0.01219238
2020-02-01,Germany,10Y,-0.609,-0.609,0.0,0.0,0.0
2020-03-01,Germany,10Y,-0.474,-0.474,0.0,0.18996661,-0.0646914
2020-04-01,Germany,10Y,-0.589,-0.589,0.0,0.04450687,-0.0282567
2020-05-01,Germany,10Y,-0.449,-0.449,0.0,0.0,0.0
2020-06-01,Germany,10Y,-0.456,-0.456,0.0,0.00075699,0.00221042
2020-07-01,Germany,10Y,-0.525,-0.525,0.0,-0.01051453,0.00663075
2020-08-01,Germany,10Y,-0.398,-0.398,0.0,0.0,0.0
2020-09-01,Germany,10Y,-0.523,-0.523,0.0,-0.01137573,0.0209051
2020-10-01,Germany,10Y,-0.628,-0.628,0.0,-0.04440888,0.03827308
2020-11-01,Germany,10Y,-0.572,-0.572,0.0,0.0,0.0
2020-12-01,Germany,10Y,-0.572,-0.572,0.0,0.02960964,-0.0146942
2021-01-01,Germany,10Y,-0.519,-0.519,0.0,0.01223291,-0.00964168
2021-02-01,Germany,10Y,-0.262,-0.262,0.0,0.0,0.0
2021-03-01,Germany,10Y,-0.293,-0.293,0.0,0.00286225,0.0097477
2021-04-01,Germany,10Y,-0.203,-0.203,0.0,0.00189025,-0.00343929
2021-05-01,Germany,10Y,-0.188,-0.188,0.0,0.0,0.0
2021-06-01,Germany,10Y,-0.209,-0.209,0.0,-0.01563274,0.01470217
2021-07-01,Germany,10Y,-0.462,-0.462,0.0,0.0073095,-0.00768279
2021-08-01,Germany,10Y,-0.385,-0.385,0.0,0.0,0.0
2021-09-01,Germany,10Y,-0.2,-0.2,0.0,-0.01404805,0.01567899
2021-10-01,Germany,10Y,-0.107,-0.107,0.0,0.00670146,-0.0061872
2021-11-01,Germany,10Y,-0.351,-0.351,0.0,0.0,0.0
2021-12-01,Germany,10Y,-0.182,-0.182,0.0,0.02039478,-0.02349587
2022-01-01,Germany,10Y,0.009,0.009,0.0,0.0,0.0
2022-02-01,Germany,10Y,0.132,0.132,0.0,0.03923857,-0.02262021
2022-03-01,Germany,10Y,0.545,0.545,0.0,0.01158872,0.00288687
2022-04-01,Germany,10Y,0.937,0.937,0.0,-0.02722772,-0.01209206
2022-05-01,Germany,10Y,1.12,1.12,0.0,0.0,0.0
2022-06-01,Germany,10Y,1.333,1.333,0.0,0.04000315,-0.05017059
2022-07-01,Germany,10Y,0.814,0.814,0.0,0.06062276,0.06828821
2022-08-01,Germany,10Y,1.537,1.537,0.0,0.0,0.0
2022-09-01,Germany,10Y,2.105,2.105,0.0,0.06553518,0.05123198
2022-10-01,Germany,10Y,2.139,2.139,0.0,-0.0484317,-0.00738864
2022-11-01,Germany,10Y,1.926,1.926,0.0,0.0,0.0
2022-12-01,Germany,10Y,2.565,2.565,0.0,0.08741766,-0.05187298
2023-01-01,Germany,10Y,2.283,2.283,0.0,0.0,0.0
2023-02-01,Germany,10Y,2.648,2.648,0.0,-0.02825908,0.00739243
2023-03-01,Germany,10Y,2.289,2.289,0.0,0.06364707,0.13706177
2023-04-01,Germany,10Y,2.31,2.31,0.0,0.0,0.0
2023-05-01,Germany,10Y,2.28,2.28,0.0,-0.05445383,-0.02205352
2023-06-01,Germany,10Y,2.39,2.39,0.0,0.00310685,0.01212789
2023-07-01,Germany,10Y,2.489,2.489,0.0,-0.02931627,0.00761737
2023-08-01,Germany,10Y,2.462,2.462,0.0,0.0,0.0
2023-09-01,Germany,10Y,2.838,2.838,0.0,0.00399758,0.06922208
2023-10-01,Germany,10Y,2.804,2.804,0.0,-0.02513959,0.0050286
2023-11-01,Germany,10Y,2.445,2.445,0.0,0.0,0.0
2023-12-01,Germany,10Y,2.021,2.021,0.0,0.03287603,-0.00518218
2024-01-01,Germany,10Y,2.165,2.165,0.0,-0.04307478,0.00364715
2024-02-01,Germany,10Y,2.41,2.41,0.0,0.0,0.0
2024-03-01,Germany,10Y,2.297,2.297,0.0,-0.02470938,0.02110809
2024-04-01,Germany,10Y,2.583,2.583,0.0,-0.00688623,0.00746176
2024-05-01,Germany,10Y,2.663,2.663,0.0,0.0,0.0
2024-06-01,Germany,10Y,2.497,2.497,0.0,0.01490844,0.0018587
2024-07-01,Germany,10Y,2.302,2.302,0.0,-0.00635903,0.00050086
2024-08-01,Germany,10Y,2.298,2.298,0.0,0.0,0.0
2024-09-01,Germany,10Y,2.122,2.122,0.0,0.03255924,-0.01615053
2024-10-01,Germany,10Y,2.388,2.388,0.0,-0.02068547,-0.01217264
2024-11-01,Germany,10Y,2.086,2.086,0.0,0.0,0.0
2024-12-01,Germany,10Y,2.364,2.364,0.0,0.00609036,0.02176619
2025-01-01,Germany,10Y,2.458,2.458,0.0,-0.0087809,-0.00804116
2025-02-01,Germany,10Y,2.405,2.405,0.0,0.0,0.0
2025-03-01,Germany,10Y,2.736,2.736,0.0,-0.00193929,0.02623149
2025-04-01,Germany,10Y,2.443,2.443,0.0,-0.03264565,-0.02455187
2025-05-01,Germany,10Y,2.499,2.499,0.0,0.0,0.0
2025-06-01,Germany,10Y,2.605,2.605,0.0,0.02367629,-0.00634498
2025-07-01,Germany,10Y,2.693,2.693,0.0,0.02395822,-0.00106382
2025-08-01,Germany,10Y,2.723,2.723,0.0,0.0,0.0
2025-09-01,Germany,10Y,2.71,2.71,0.0,-0.01551833,0.00187802
2025-10-01,Germany,10Y,2.632,2.632,0.0,-0.01065112,0.01192155
2025-11-01,Germany,10Y,2.688,2.688,0.0,,
2025-12-01,Germany,10Y,2.854,2.854,0.0,,
2026-01-01,Germany,10Y,2.842,2.842,0.0,,
2026-02-01,Germany,10Y,2.643,2.643,0.0,,
2026-03-01,Germany,10Y,3.002,3.002,0.0,,
2026-04-01,Germany,10Y,3.035,3.035,0.0,,
2026-05-01,Germany,10Y,2.937,2.937,0.0,,
2026-06-01,Germany,10Y,2.858,2.858,0.0,,
2026-07-01,Germany,10Y,3.205,3.205,0.0,,
2026-08-01,Germany,10Y,3.323,3.323,0.0,,
2026-09-01,Germany,10Y,3.6,3.6,0.0,,
1999-01-01,Germany,2Y,2.844,2.844,0.0,0.02914637,-0.06311121
1999-02-01,Germany,2Y,3.128,3.128,0.0,-0.00556514,0.00556514
1999-03-01,Germany,2Y,2.878,2.878,0.0,-0.00592203,0.00323799
1999-04-01,Germany,2Y,2.694,2.694,0.0,-0.00679893,-0.00330584
1999-05-01,Germany,2Y,2.789,2.789,0.0,0.01543059,-0.00936631
1999-06-01,Germany,2Y,3.169,3.169,0.0,0.00768436,-0.01317122
1999-07-01,Germany,2Y,3.389,3.389,0.0,-0.00494872,0.02780708
1999-08-01,Germany,2Y,3.462,3.462,0.0,0.00678846,-0.00826848
1999-09-01,Germany,2Y,3.662,3.662,0.0,-0.04166781,-0.00527997
1999-10-01,Germany,2Y,3.907,3.907,0.0,-0.06815947,-0.10613335
1999-11-01,Germany,2Y,3.983,3.983,0.0,0.01057526,0.04684463
1999-12-01,Germany,2Y,4.208,4.208,0.0,-0.00790024,0.00763541
2000-01-01,Germany,2Y,4.385,4.385,0.0,0.01150505,-0.02335973
2000-02-01,Germany,2Y,4.439,4.439,0.0,-0.04027945,0.06481814
2000-03-01,Germany,2Y,4.423,4.423,0.0,-0.06675806,-0.0176937
2000-04-01,Germany,2Y,4.594,4.594,0.0,0.02378726,-0.01526446
2000-05-01,Germany,2Y,4.942,4.942,0.0,-0.06400218,0.06313006
2000-06-01,Germany,2Y,4.95,4.95,0.0,0.11366676,0.04898755
2000-07-01,Germany,2Y,5.106,5.106,0.0,0.02048594,-0.00231932
2000-08-01,Germany,2Y,5.211,5.211,0.0,-0.04765312,-0.036261
2000-09-01,Germany,2Y,5.043,5.043,0.0,-0.03226793,-0.00031136
2000-10-01,Germany,2Y,5.082,5.082,0.0,0.02902834,0.0510063
2000-11-01,Germany,2Y,4.831,4.831,0.0,-0.00713094,-0.01518934
2000-12-01,Germany,2Y,4.446,4.446,0.0,-0.0010197,0.02324592
2001-01-01,Germany,2Y,4.386,4.386,0.0,0.01139404,-0.00090513
2001-02-01,Germany,2Y,4.374,4.374,0.0,-0.00204204,0.01927988
2001-03-01,Germany,2Y,4.138,4.138,0.0,0.06859912,0.03120769
2001-04-01,Germany,2Y,4.626,4.626,0.0,0.06421035,0.12710222
2001-05-01,Germany,2Y,4.386,4.386,0.0,-0.13656878,-0.08779026
2001-06-01,Germany,2Y,4.281,4.281,0.0,0.02854883,0.02396559
2001-07-01,Germany,2Y,4.134,4.134,0.0,0.03007371,0.01514081
2001-08-01,Germany,2Y,3.947,3.947,0.0,0.05079423,-0.02379363
2001-09-01,Germany,2Y,3.481,3.481,0.0,0.0313824,-0.01387918
2001-10-01,Germany,2Y,3.14,3.14,0.0,0.04317789,0.06975827
2001-11-01,Germany,2Y,3.387,3.387,0.0,0.03107767,-0.00197459
2001-12-01,Germany,2Y,3.644,3.644,0.0,0.02660325,0.00333289
2002-01-01,Germany,2Y,3.902,3.902,0.0,0.01003587,0.01147814
2002-02-01,Germany,2Y,3.872,3.872,0.0,-0.00667414,0.03998737
2002-03-01,Germany,2Y,4.321,4.321,0.0,-3.086e-05,0.01296051
2002-04-01,Germany,2Y,4.07,4.07,0.0,-0.00247617,-0.01196426
2002-05-01,Germany,2Y,4.247,4.247,0.0,0.03218836,0.01597417
2002-06-01,Germany,2Y,3.925,3.925,0.0,0.01184929,-0.00618789
2002-07-01,Germany,2Y,3.618,3.618,0.0,0.00352277,-0.0116348
2002-08-01,Germany,2Y,3.477,3.477,0.0,0.01803811,-0.01560232
2002-09-01,Germany,2Y,3.071,3.071,0.0,0.01607403,-0.04022966
2002-10-01,Germany,2Y,3.081,3.081,0.0,0.02180133,0.01000217
2002-11-01,Germany,2Y,3.1,3.1,0.0,0.06594808,-0.03659766
2002-12-01,Germany,2Y,2.721,2.721,0.0,0.00595453,-0.05100643
2003-01-01,Germany,2Y,2.596,2.596,0.0,-0.02700705,0.05207753
2003-02-01,Germany,2Y,2.295,2.295,0.0,0.05532359,-0.03445075
2003-03-01,Germany,2Y,2.407,2.407,0.0,0.06711294,-0.02143875
2003-04-01,Germany,2Y,2.427,2.427,0.0,0.01825694,0.00312353
2003-05-01,Germany,2Y,2.116,2.116,0.0,0.05561085,-0.01606747
2003-06-01,Germany,2Y,2.125,2.125,0.0,0.00128217,-0.05865202
2003-07-01,Germany,2Y,2.456,2.456,0.0,0.00179838,0.01282863
2003-08-01,Germany,2Y,2.593,2.593,0.0,0.0,0.0
2003-09-01,Germany,2Y,2.297,2.297,0.0,0.00235118,-0.00730611
2003-10-01,Germany,2Y,2.686,2.686,0.0,0.03221462,-0.01758272
2003-11-01,Germany,2Y,2.812,2.812,0.0,-0.00093229,0.00553257
2003-12-01,Germany,2Y,2.605,2.605,0.0,0.01015649,-0.01957929
2004-01-01,Germany,2Y,2.524,2.524,0.0,-0.0131573,0.00742273
2004-02-01,Germany,2Y,2.215,2.215,0.0,-0.00162731,-0.00688155
2004-03-01,Germany,2Y,2.134,2.134,0.0,0.01236658,0.02812953
2004-04-01,Germany,2Y,2.439,2.439,0.0,0.04962089,0.02543383
2004-05-01,Germany,2Y,2.578,2.578,0.0,0.01746509,-0.0065437
2004-06-01,Germany,2Y,2.723,2.723,0.0,-0.01060389,-0.00014359
2004-07-01,Germany,2Y,2.626,2.626,0.0,0.00862926,-0.00812276
2004-08-01,Germany,2Y,2.415,2.415,0.0,-0.00139583,0.00217688
2004-09-01,Germany,2Y,2.583,2.583,0.0,0.0114091,0.00103921
2004-10-01,Germany,2Y,2.429,2.429,0.0,-0.00411348,-0.00801005
2004-11-01,Germany,2Y,2.351,2.351,0.0,-0.00031881,-0.00525612
2004-12-01,Germany,2Y,2.481,2.481,0.0,0.01785679,-0.00429348
2005-01-01,Germany,2Y,2.398,2.398,0.0,-0.01786635,-0.01631762
2005-02-01,Germany,2Y,2.491,2.491,0.0,0.00876981,-0.01224856
2005-03-01,Germany,2Y,2.492,2.492,0.0,-0.00906581,0.00175456
2005-04-01,Germany,2Y,2.248,2.248,0.0,0.00312037,-0.01689142
2005-05-01,Germany,2Y,2.141,2.141,0.0,-0.00742018,0.0089191
2005-06-01,Germany,2Y,2.023,2.023,0.0,0.01228622,0.00308786
2005-07-01,Germany,2Y,2.25,2.25,0.0,-0.01999819,0.03965357
2005-08-01,Germany,2Y,2.199,2.199,0.0,0.00221244,-0.00113823
2005-09-01,Germany,2Y,2.394,2.394,0.0,-0.00616143,0.00137953
2005-10-01,Germany,2Y,2.629,2.629,0.0,-0.00725165,0.0053286
2005-11-01,Germany,2Y,2.76,2.76,0.0,-0.02639035,0.01567596
2005-12-01,Germany,2Y,2.862,2.862,0.0,-0.02869513,0.00122556
2006-01-01,Germany,2Y,2.955,2.955,0.0,-0.01509696,-0.00771216
2006-02-01,Germany,2Y,3.021,3.021,0.0,-0.00544505,-0.00324349
2006-03-01,Germany,2Y,3.29,3.29,0.0,0.02163882,-0.01310347
2006-04-01,Germany,2Y,3.379,3.379,0.0,-0.05627657,-0.03601184
2006-05-01,Germany,2Y,3.355,3.355,0.0,0.00017422,-0.00236101
2006-06-01,Germany,2Y,3.574,3.574,0.0,-0.03946736,-0.00172699
2006-07-01,Germany,2Y,3.512,3.512,0.0,0.01414146,0.00627523
2006-08-01,Germany,2Y,3.522,3.522,0.0,0.01499431,0.01378088
2006-09-01,Germany,2Y,3.585,3.585,0.0,0.0,0.0
2006-10-01,Germany,2Y,3.678,3.678,0.0,-0.00312185,0.00292537
2006-11-01,Germany,2Y,3.658,3.658,0.0,0.02599157,-0.03156989
2006-12-01,Germany,2Y,3.903,3.903,0.0,-0.01228785,0.03226851
2007-01-01,Germany,2Y,3.968,3.968,0.0,-0.04184531,-0.00062716
2007-02-01,Germany,2Y,3.876,3.876,0.0,0.01201155,-0.00426155
2007-03-01,Germany,2Y,4.016,4.016,0.0,0.00234815,0.00780903
2007-04-01,Germany,2Y,4.128,4.128,0.0,0.00848509,-0.01206177
2007-05-01,Germany,2Y,4.394,4.394,0.0,0.00231754,-0.00518441
2007-06-01,Germany,2Y,4.462,4.462,0.0,3.95e-06,-0.00707298
2007-07-01,Germany,2Y,4.299,4.299,0.0,0.00420353,-0.00350775
2007-08-01,Germany,2Y,4.013,4.013,0.0,-7.551e-05,-0.00333671
2007-09-01,Germany,2Y,4.028,4.028,0.0,-0.0363456,-0.00270934
2007-10-01,Germany,2Y,4.056,4.056,0.0,0.00166756,-0.00365079
2007-11-01,Germany,2Y,3.831,3.831,0.0,0.00101171,-0.02129922
2007-12-01,Germany,2Y,3.964,3.964,0.0,0.02203938,-0.00235725
2008-01-01,Germany,2Y,3.373,3.373,0.0,0.00854417,-0.01034839
2008-02-01,Germany,2Y,3.16,3.16,0.0,-0.00565551,-0.04432311
2008-03-01,Germany,2Y,3.431,3.431,0.0,0.03287918,-0.00319577
2008-04-01,Germany,2Y,3.757,3.757,0.0,-0.00107664,0.00211722
2008-05-01,Germany,2Y,4.316,4.316,0.0,0.0079654,-0.01921652
2008-06-01,Germany,2Y,4.597,4.597,0.0,0.08718549,0.05944987
2008-07-01,Germany,2Y,4.26,4.26,0.0,-0.08616599,0.0003162
2008-08-01,Germany,2Y,4.111,4.111,0.0,-0.00047578,-0.0412033
2008-09-01,Germany,2Y,3.476,3.476,0.0,0.02062448,-0.02765799
2008-10-01,Germany,2Y,2.542,2.542,0.0,-0.00294813,-0.05476331
2008-11-01,Germany,2Y,2.188,2.188,0.0,0.14345953,0.0601037
2008-12-01,Germany,2Y,1.755,1.755,0.0,0.07249163,-0.02195657
2009-01-01,Germany,2Y,1.532,1.532,0.0,0.00570074,-0.03082516
2009-02-01,Germany,2Y,1.311,1.311,0.0,-0.0142095,-0.04348585
2009-03-01,Germany,2Y,1.235,1.235,0.0,-0.00508159,0.00953191
2009-04-01,Germany,2Y,1.337,1.337,0.0,0.04361952,0.04035626
2009-05-01,Germany,2Y,1.419,1.419,0.0,-0.00276712,-0.02144281
2009-06-01,Germany,2Y,1.365,1.365,0.0,0.01914683,0.01991529
2009-07-01,Germany,2Y,1.263,1.263,0.0,0.01967426,-0.08702865
2009-08-01,Germany,2Y,1.244,1.244,0.0,0.00382895,-0.00227106
2009-09-01,Germany,2Y,1.265,1.265,0.0,-0.01479861,-0.0288011
2009-10-01,Germany,2Y,1.288,1.288,0.0,-0.00631641,-0.01739833
2009-11-01,Germany,2Y,1.257,1.257,0.0,-0.03362904,0.01798103
2009-12-01,Germany,2Y,1.331,1.331,0.0,-0.03020061,-0.01008083
2010-01-01,Germany,2Y,1.118,1.118,0.0,-6.14e-06,-0.01162683
2010-02-01,Germany,2Y,0.955,0.955,0.0,0.02809804,-0.03309557
2010-03-01,Germany,2Y,0.958,0.958,0.0,-0.01619472,0.00347371
2010-04-01,Germany,2Y,0.771,0.771,0.0,0.00539033,-0.00101855
2010-05-01,Germany,2Y,0.514,0.514,0.0,0.02627696,-0.01799763
2010-06-01,Germany,2Y,0.6,0.6,0.0,-0.02371403,0.02024375
2010-07-01,Germany,2Y,0.784,0.784,0.0,0.00522594,0.04208827
2010-08-01,Germany,2Y,0.59,0.59,0.0,0.01420454,-0.02426078
2010-09-01,Germany,2Y,0.834,0.834,0.0,-0.00294235,-0.01052608
2010-10-01,Germany,2Y,0.989,0.989,0.0,-0.00279264,0.00162802
2010-11-01,Germany,2Y,0.856,0.856,0.0,-0.00010904,-0.0080795
2010-12-01,Germany,2Y,0.864,0.864,0.0,-0.00484115,-0.02320713
2011-01-01,Germany,2Y,1.368,1.368,0.0,0.01844172,0.01740865
2011-02-01,Germany,2Y,1.511,1.511,0.0,-0.02451558,-0.01441031
2011-03-01,Germany,2Y,1.787,1.787,0.0,0.07028429,0.06022116
2011-04-01,Germany,2Y,1.767,1.767,0.0,-0.00244173,0.01943218
2011-05-01,Germany,2Y,1.601,1.601,0.0,-0.05955414,-0.04508166
2011-06-01,Germany,2Y,1.603,1.603,0.0,-0.01534681,-0.00214682
2011-07-01,Germany,2Y,1.158,1.158,0.0,-0.01354933,0.02770202
2011-08-01,Germany,2Y,0.714,0.714,0.0,-0.04366301,-0.12013885
2011-09-01,Germany,2Y,0.547,0.547,0.0,0.01207522,-0.01000965
2011-10-01,Germany,2Y,0.536,0.536,0.0,0.10619898,0.05031052
2011-11-01,Germany,2Y,0.331,0.331,0.0,-0.07192325,-0.0611927
2011-12-01,Germany,2Y,0.139,0.139,0.0,0.03349252,-0.03948307
2012-01-01,Germany,2Y,0.156,0.156,0.0,0.02629851,-0.02840244
2012-02-01,Germany,2Y,0.188,0.188,0.0,-0.01433788,0.01535817
2012-03-01,Germany,2Y,0.204,0.204,0.0,0.00682966,-0.00830541
2012-04-01,Germany,2Y,0.076,0.076,0.0,0.00683135,-0.00606342
2012-05-01,Germany,2Y,0.007,0.007,0.0,0.04135716,-0.02621478
2012-06-01,Germany,2Y,0.12,0.12,0.0,0.03338643,-0.00627108
2012-07-01,Germany,2Y,-0.094,-0.094,0.0,-0.0072012,-0.10685152
2012-08-01,Germany,2Y,-0.037,-0.037,0.0,0.10355838,-0.07344139
2012-09-01,Germany,2Y,0.018,0.018,0.0,-0.03500514,0.0388083
2012-10-01,Germany,2Y,0.035,0.035,0.0,0.00539462,-0.00081696
2012-11-01,Germany,2Y,0.007,0.007,0.0,0.00753017,0.00512519
2012-12-01,Germany,2Y,-0.021,-0.021,0.0,-0.0037345,-0.00486517
2013-01-01,Germany,2Y,0.266,0.266,0.0,-0.00316676,0.01806952
2013-02-01,Germany,2Y,0.037,0.037,0.0,-0.00649124,-0.0096722
2013-03-01,Germany,2Y,-0.026,-0.026,0.0,0.00845211,0.00457824
2013-04-01,Germany,2Y,0.011,0.011,0.0,0.02524541,-0.02755056
2013-05-01,Germany,2Y,0.067,0.067,0.0,-0.00548678,-0.005251
2013-06-01,Germany,2Y,0.187,0.187,0.0,0.03220402,-0.01512024
2013-07-01,Germany,2Y,0.15,0.15,0.0,-0.06055783,0.04203836
2013-08-01,Germany,2Y,0.235,0.235,0.0,-0.0028711,0.01132435
2013-09-01,Germany,2Y,0.166,0.166,0.0,-0.00632233,0.00132339
2013-10-01,Germany,2Y,0.113,0.113,0.0,0.00677482,-0.00609358
2013-11-01,Germany,2Y,0.114,0.114,0.0,-0.03543784,0.02352032
2013-12-01,Germany,2Y,0.207,0.207,0.0,0.0178962,-0.00423027
2014-01-01,Germany,2Y,0.066,0.066,0.0,0.0074008,-0.01504822
2014-02-01,Germany,2Y,0.127,0.127,0.0,0.0193551,0.02089548
2014-03-01,Germany,2Y,0.158,0.158,0.0,0.03148079,0.01102582
2014-04-01,Germany,2Y,0.14,0.14,0.0,-0.01390848,0.03683678
2014-05-01,Germany,2Y,0.061,0.061,0.0,-0.00528758,0.01007157
2014-06-01,Germany,2Y,0.025,0.025,0.0,-0.03637694,0.01209969
2014-07-01,Germany,2Y,0.022,0.022,0.0,-0.01783726,0.01292655
2014-08-01,Germany,2Y,-0.033,-0.033,0.0,0.00070312,0.00187773
2014-09-01,Germany,2Y,-0.083,-0.083,0.0,-0.06422641,-0.00068183
2014-10-01,Germany,2Y,-0.058,-0.058,0.0,0.05409899,-0.04887129
2014-11-01,Germany,2Y,-0.034,-0.034,0.0,-0.03680355,0.03947588
2014-12-01,Germany,2Y,-0.11,-0.11,0.0,0.05596263,-0.04833079
2015-01-01,Germany,2Y,-0.187,-0.187,0.0,-0.01922483,0.01173607
2015-02-01,Germany,2Y,-0.229,-0.229,0.0,0.0,0.0
2015-03-01,Germany,2Y,-0.255,-0.255,0.0,0.00035536,-0.00385565
2015-04-01,Germany,2Y,-0.224,-0.224,0.0,-0.00142985,0.00811493
2015-05-01,Germany,2Y,-0.229,-0.229,0.0,0.0,0.0
2015-06-01,Germany,2Y,-0.229,-0.229,0.0,0.00884221,-0.01158719
2015-07-01,Germany,2Y,-0.235,-0.235,0.0,-0.00145856,0.00208231
2015-08-01,Germany,2Y,-0.207,-0.207,0.0,0.0,0.0
2015-09-01,Germany,2Y,-0.255,-0.255,0.0,-0.03170106,0.0298776
2015-10-01,Germany,2Y,-0.317,-0.317,0.0,-0.07457095,0.05369102
2015-11-01,Germany,2Y,-0.419,-0.419,0.0,0.0,0.0
2015-12-01,Germany,2Y,-0.349,-0.349,0.0,0.16522564,-0.06777853
2016-01-01,Germany,2Y,-0.49,-0.49,0.0,-0.02353204,0.00207732
2016-02-01,Germany,2Y,-0.574,-0.574,0.0,0.0,0.0
2016-03-01,Germany,2Y,-0.489,-0.489,0.0,0.00295142,0.04696157
2016-04-01,Germany,2Y,-0.485,-0.485,0.0,0.00874813,-0.00714425
2016-05-01,Germany,2Y,-0.517,-0.517,0.0,0.0,0.0
2016-06-01,Germany,2Y,-0.663,-0.663,0.0,0.01416894,-0.01469861
2016-07-01,Germany,2Y,-0.632,-0.632,0.0,0.00420598,0.02136953
2016-08-01,Germany,2Y,-0.625,-0.625,0.0,0.0,0.0
2016-09-01,Germany,2Y,-0.693,-0.693,0.0,0.02928932,-0.01588046
2016-10-01,Germany,2Y,-0.626,-0.626,0.0,-0.00343218,0.00288461
2016-11-01,Germany,2Y,-0.735,-0.735,0.0,0.0,0.0
2016-12-01,Germany,2Y,-0.8,-0.8,0.0,-0.02369548,0.02494524
2017-01-01,Germany,2Y,-0.71,-0.71,0.0,-0.01136922,0.01125365
2017-02-01,Germany,2Y,-0.909,-0.909,0.0,0.0,0.0
2017-03-01,Germany,2Y,-0.75,-0.75,0.0,-0.01209542,0.01300103
2017-04-01,Germany,2Y,-0.74,-0.74,0.0,-0.00220409,-0.00059132
2017-05-01,Germany,2Y,-0.723,-0.723,0.0,0.0,0.0
2017-06-01,Germany,2Y,-0.581,-0.581,0.0,0.00468379,-0.00618022
2017-07-01,Germany,2Y,-0.688,-0.688,0.0,-0.00745165,-0.00386945
2017-08-01,Germany,2Y,-0.733,-0.733,0.0,0.0,0.0
2017-09-01,Germany,2Y,-0.697,-0.697,0.0,-0.00127015,0.00235026
2017-10-01,Germany,2Y,-0.754,-0.754,0.0,-0.01205914,0.01350465
2017-11-01,Germany,2Y,-0.69,-0.69,0.0,0.0,0.0
2017-12-01,Germany,2Y,-0.639,-0.639,0.0,-0.00726541,0.00542794
2018-01-01,Germany,2Y,-0.535,-0.535,0.0,0.01937805,-0.01940399
2018-02-01,Germany,2Y,-0.548,-0.548,0.0,0.0,0.0
2018-03-01,Germany,2Y,-0.613,-0.613,0.0,-0.01997759,0.02238169
2018-04-01,Germany,2Y,-0.592,-0.592,0.0,0.00352961,-0.00433858
2018-05-01,Germany,2Y,-0.667,-0.667,0.0,0.0,0.0
2018-06-01,Germany,2Y,-0.674,-0.674,0.0,-0.04271677,0.03658385
2018-07-01,Germany,2Y,-0.579,-0.579,0.0,-0.00753783,0.00753783
2018-08-01,Germany,2Y,-0.611,-0.611,0.0,0.0,0.0
2018-09-01,Germany,2Y,-0.532,-0.532,0.0,0.00550418,-0.00644394
2018-10-01,Germany,2Y,-0.624,-0.624,0.0,0.02001239,-0.01825893
2018-11-01,Germany,2Y,-0.602,-0.602,0.0,0.0,0.0
2018-12-01,Germany,2Y,-0.62,-0.62,0.0,-0.00415027,0.00355439
2019-01-01,Germany,2Y,-0.569,-0.569,0.0,0.0175893,-0.02145109
2019-02-01,Germany,2Y,-0.528,-0.528,0.0,0.0,0.0
2019-03-01,Germany,2Y,-0.611,-0.611,0.0,0.00868726,-0.01442751
2019-04-01,Germany,2Y,-0.59,-0.59,0.0,-0.00273599,-0.00018377
2019-05-01,Germany,2Y,-0.673,-0.673,0.0,0.0,0.0
2019-06-01,Germany,2Y,-0.758,-0.758,0.0,0.03058214,-0.0071408
2019-07-01,Germany,2Y,-0.785,-0.785,0.0,0.04218756,-0.00506254
2019-08-01,Germany,2Y,-0.933,-0.933,0.0,0.0,0.0
2019-09-01,Germany,2Y,-0.773,-0.773,0.0,0.03217407,0.03487853
2019-10-01,Germany,2Y,-0.668,-0.668,0.0,0.00764552,-0.00665165
2019-11-01,Germany,2Y,-0.636,-0.636,0.0,0.0,0.0
2019-12-01,Germany,2Y,-0.612,-0.612,0.0,-0.01029327,0.01098215
2020-01-01,Germany,2Y,-0.674,-0.674,0.0,0.01788192,-0.01219238
2020-02-01,Germany,2Y,-0.776,-0.776,0.0,0.0,0.0
2020-03-01,Germany,2Y,-0.702,-0.702,0.0,0.18996661,-0.0646914
2020-04-01,Germany,2Y,-0.777,-0.777,0.0,0.04450687,-0.0282567
2020-05-01,Germany,2Y,-0.668,-0.668,0.0,0.0,0.0
2020-06-01,Germany,2Y,-0.695,-0.695,0.0,0.00075699,0.00221042
2020-07-01,Germany,2Y,-0.72,-0.72,0.0,-0.01051453,0.00663075
2020-08-01,Germany,2Y,-0.658,-0.658,0.0,0.0,0.0
2020-09-01,Germany,2Y,-0.705,-0.705,0.0,-0.01137573,0.0209051
2020-10-01,Germany,2Y,-0.798,-0.798,0.0,-0.04440888,0.03827308
2020-11-01,Germany,2Y,-0.749,-0.749,0.0,0.0,0.0
2020-12-01,Germany,2Y,-0.715,-0.715,0.0,0.02960964,-0.0146942
2021-01-01,Germany,2Y,-0.738,-0.738,0.0,0.01223291,-0.00964168
2021-02-01,Germany,2Y,-0.668,-0.668,0.0,0.0,0.0
2021-03-01,Germany,2Y,-0.695,-0.695,0.0,0.00286225,0.0097477
2021-04-01,Germany,2Y,-0.69,-0.69,0.0,0.00189025,-0.00343929
2021-05-01,Germany,2Y,-0.668,-0.668,0.0,0.0,0.0
2021-06-01,Germany,2Y,-0.667,-0.667,0.0,-0.01563274,0.01470217
2021-07-01,Germany,2Y,-0.767,-0.767,0.0,0.0073095,-0.00768279
2021-08-01,Germany,2Y,-0.722,-0.722,0.0,0.0,0.0
2021-09-01,Germany,2Y,-0.695,-0.695,0.0,-0.01404805,0.01567899
2021-10-01,Germany,2Y,-0.591,-0.591,0.0,0.00670146,-0.0061872
2021-11-01,Germany,2Y,-0.746,-0.746,0.0,0.0,0.0
2021-12-01,Germany,2Y,-0.636,-0.636,0.0,0.02039478,-0.02349587
2022-01-01,Germany,2Y,-0.536,-0.536,0.0,0.0,0.0
2022-02-01,Germany,2Y,-0.539,-0.539,0.0,0.03923857,-0.02262021
2022-03-01,Germany,2Y,-0.08,-0.08,0.0,0.01158872,0.00288687
2022-04-01,Germany,2Y,0.254,0.254,0.0,-0.02722772,-0.01209206
2022-05-01,Germany,2Y,0.494,0.494,0.0,0.0,0.0
2022-06-01,Germany,2Y,0.632,0.632,0.0,0.04000315,-0.05017059
2022-07-01,Germany,2Y,0.264,0.264,0.0,0.06062276,0.06828821
2022-08-01,Germany,2Y,1.184,1.184,0.0,0.0,0.0
2022-09-01,Germany,2Y,1.747,1.747,0.0,0.06553518,0.05123198
2022-10-01,Germany,2Y,1.927,1.927,0.0,-0.0484317,-0.00738864
2022-11-01,Germany,2Y,2.112,2.112,0.0,0.0,0.0
2022-12-01,Germany,2Y,2.738,2.738,0.0,0.08741766,-0.05187298
2023-01-01,Germany,2Y,2.644,2.644,0.0,0.0,0.0
2023-02-01,Germany,2Y,3.128,3.128,0.0,-0.02825908,0.00739243
2023-03-01,Germany,2Y,2.673,2.673,0.0,0.06364707,0.13706177
2023-04-01,Germany,2Y,2.675,2.675,0.0,0.0,0.0
2023-05-01,Germany,2Y,2.707,2.707,0.0,-0.05445383,-0.02205352
2023-06-01,Germany,2Y,3.188,3.188,0.0,0.00310685,0.01212789
2023-07-01,Germany,2Y,3.031,3.031,0.0,-0.02931627,0.00761737
2023-08-01,Germany,2Y,2.967,2.967,0.0,0.0,0.0
2023-09-01,Germany,2Y,3.198,3.198,0.0,0.00399758,0.06922208
2023-10-01,Germany,2Y,3.011,3.011,0.0,-0.02513959,0.0050286
2023-11-01,Germany,2Y,2.812,2.812,0.0,0.0,0.0
2023-12-01,Germany,2Y,2.392,2.392,0.0,0.03287603,-0.00518218
2024-01-01,Germany,2Y,2.415,2.415,0.0,-0.04307478,0.00364715
2024-02-01,Germany,2Y,2.898,2.898,0.0,0.0,0.0
2024-03-01,Germany,2Y,2.846,2.846,0.0,-0.02470938,0.02110809
2024-04-01,Germany,2Y,3.03,3.03,0.0,-0.00688623,0.00746176
2024-05-01,Germany,2Y,3.093,3.093,0.0,0.0,0.0
2024-06-01,Germany,2Y,2.828,2.828,0.0,0.01490844,0.0018587
2024-07-01,Germany,2Y,2.525,2.525,0.0,-0.00635903,0.00050086
2024-08-01,Germany,2Y,2.388,2.388,0.0,0.0,0.0
2024-09-01,Germany,2Y,2.064,2.064,0.0,0.03255924,-0.01615053
2024-10-01,Germany,2Y,2.276,2.276,0.0,-0.02068547,-0.01217264
2024-11-01,Germany,2Y,1.945,1.945,0.0,0.0,0.0
2024-12-01,Germany,2Y,2.077,2.077,0.0,0.00609036,0.02176619
2025-01-01,Germany,2Y,2.11,2.11,0.0,-0.0087809,-0.00804116
2025-02-01,Germany,2Y,2.021,2.021,0.0,0.0,0.0
2025-03-01,Germany,2Y,2.045,2.045,0.0,-0.00193929,0.02623149
2025-04-01,Germany,2Y,1.683,1.683,0.0,-0.03264565,-0.02455187
2025-05-01,Germany,2Y,1.772,1.772,0.0,0.0,0.0
2025-06-01,Germany,2Y,1.857,1.857,0.0,0.02367629,-0.00634498
2025-07-01,Germany,2Y,1.96,1.96,0.0,0.02395822,-0.00106382
2025-08-01,Germany,2Y,1.937,1.937,0.0,0.0,0.0
2025-09-01,Germany,2Y,2.018,2.018,0.0,-0.01551833,0.00187802
2025-10-01,Germany,2Y,1.966,1.966,0.0,-0.01065112,0.01192155
2025-11-01,Germany,2Y,2.026,2.026,0.0,,
2025-12-01,Germany,2Y,2.12,2.12,0.0,,
2026-01-01,Germany,2Y,2.085,2.085,0.0,,
2026-02-01,Germany,2Y,1.995,1.995,0.0,,
2026-03-01,Germany,2Y,2.613,2.613,0.0,,
2026-04-01,Germany,2Y,2.64,2.64,0.0,,
2026-05-01,Germany,2Y,2.526,2.526,0.0,,
2026-06-01,Germany,2Y,2.524,2.524,0.0,,
2026-07-01,Germany,2Y,2.817,2.817,0.0,,
2026-08-01,Germany,2Y,2.934,2.934,0.0,,
2026-09-01,Germany,2Y,3.274,3.274,0.0,,
1999-01-01,Germany,5Y,3.127,3.127,0.0,0.02914637,-0.06311121
1999-02-01,Germany,5Y,3.406,3.406,0.0,-0.00556514,0.00556514
1999-03-01,Germany,5Y,3.228,3.228,0.0,-0.00592203,0.00323799
1999-04-01,Germany,5Y,3.089,3.089,0.0,-0.00679893,-0.00330584
1999-05-01,Germany,5Y,3.317,3.317,0.0,0.01543059,-0.00936631
1999-06-01,Germany,5Y,3.847,3.847,0.0,0.00768436,-0.01317122
1999-07-01,Germany,5Y,4.186,4.186,0.0,-0.00494872,0.02780708
1999-08-01,Germany,5Y,4.307,4.307,0.0,0.00678846,-0.00826848
1999-09-01,Germany,5Y,4.424,4.424,0.0,-0.04166781,-0.00527997
1999-10-01,Germany,5Y,4.641,4.641,0.0,-0.06815947,-0.10613335
1999-11-01,Germany,5Y,4.632,4.632,0.0,0.01057526,0.04684463
1999-12-01,Germany,5Y,4.79,4.79,0.0,-0.00790024,0.00763541
2000-01-01,Germany,5Y,5.052,5.052,0.0,0.01150505,-0.02335973
2000-02-01,Germany,5Y,5.088,5.088,0.0,-0.04027945,0.06481814
2000-03-01,Germany,5Y,4.854,4.854,0.0,-0.06675806,-0.0176937
2000-04-01,Germany,5Y,4.998,4.998,0.0,0.02378726,-0.01526446
2000-05-01,Germany,5Y,5.046,5.046,0.0,-0.06400218,0.06313006
2000-06-01,Germany,5Y,5.022,5.022,0.0,0.11366676,0.04898755
2000-07-01,Germany,5Y,5.141,5.141,0.0,0.02048594,-0.00231932
2000-08-01,Germany,5Y,5.237,5.237,0.0,-0.04765312,-0.036261
2000-09-01,Germany,5Y,5.057,5.057,0.0,-0.03226793,-0.00031136
2000-10-01,Germany,5Y,5.073,5.073,0.0,0.02902834,0.0510063
2000-11-01,Germany,5Y,4.828,4.828,0.0,-0.00713094,-0.01518934
2000-12-01,Germany,5Y,4.508,4.508,0.0,-0.0010197,0.02324592
2001-01-01,Germany,5Y,4.495,4.495,0.0,0.01139404,-0.00090513
2001-02-01,Germany,5Y,4.482,4.482,0.0,-0.00204204,0.01927988
2001-03-01,Germany,5Y,4.334,4.334,0.0,0.06859912,0.03120769
2001-04-01,Germany,5Y,4.748,4.748,0.0,0.06421035,0.12710222
2001-05-01,Germany,5Y,4.731,4.731,0.0,-0.13656878,-0.08779026
2001-06-01,Germany,5Y,4.59,4.59,0.0,0.02854883,0.02396559
2001-07-01,Germany,5Y,4.413,4.413,0.0,0.03007371,0.01514081
2001-08-01,Germany,5Y,4.201,4.201,0.0,0.05079423,-0.02379363
2001-09-01,Germany,5Y,4.062,4.062,0.0,0.0313824,-0.01387918
2001-10-01,Germany,5Y,3.741,3.741,0.0,0.04317789,0.06975827
2001-11-01,Germany,5Y,4.026,4.026,0.0,0.03107767,-0.00197459
2001-12-01,Germany,5Y,4.386,4.386,0.0,0.02660325,0.00333289
2002-01-01,Germany,5Y,4.505,4.505,0.0,0.01003587,0.01147814
2002-02-01,Germany,5Y,4.546,4.546,0.0,-0.00667414,0.03998737
2002-03-01,Germany,5Y,4.902,4.902,0.0,-3.086e-05,0.01296051
2002-04-01,Germany,5Y,4.71,4.71,0.0,-0.00247617,-0.01196426
2002-05-01,Germany,5Y,4.8,4.8,0.0,0.03218836,0.01597417
2002-06-01,Germany,5Y,4.491,4.491,0.0,0.01184929,-0.00618789
2002-07-01,Germany,5Y,4.196,4.196,0.0,0.00352277,-0.0116348
2002-08-01,Germany,5Y,4.049,4.049,0.0,0.01803811,-0.01560232
2002-09-01,Germany,5Y,3.601,3.601,0.0,0.01607403,-0.04022966
2002-10-01,Germany,5Y,3.784,3.784,0.0,0.02180133,0.01000217
2002-11-01,Germany,5Y,3.8,3.8,0.0,0.06594808,-0.03659766
2002-12-01,Germany,5Y,3.395,3.395,0.0,0.00595453,-0.05100643
2003-01-01,Germany,5Y,3.266,3.266,0.0,-0.02700705,0.05207753
2003-02-01,Germany,5Y,3.055,3.055,0.0,0.05532359,-0.03445075
2003-03-01,Germany,5Y,3.24,3.24,0.0,0.06711294,-0.02143875
2003-04-01,Germany,5Y,3.273,3.273,0.0,0.01825694,0.00312353
2003-05-01,Germany,5Y,2.879,2.879,0.0,0.05561085,-0.01606747
2003-06-01,Germany,5Y,2.949,2.949,0.0,0.00128217,-0.05865202
2003-07-01,Germany,5Y,3.363,3.363,0.0,0.00179838,0.01282863
2003-08-01,Germany,5Y,3.463,3.463,0.0,0.0,0.0
2003-09-01,Germany,5Y,3.097,3.097,0.0,0.00235118,-0.00730611
2003-10-01,Germany,5Y,3.601,3.601,0.0,0.03221462,-0.01758272
2003-11-01,Germany,5Y,3.743,3.743,0.0,-0.00093229,0.00553257
2003-12-01,Germany,5Y,3.504,3.504,0.0,0.01015649,-0.01957929
2004-01-01,Germany,5Y,3.402,3.402,0.0,-0.0131573,0.00742273
2004-02-01,Germany,5Y,3.244,3.244,0.0,-0.00162731,-0.00688155
2004-03-01,Germany,5Y,3.093,3.093,0.0,0.01236658,0.02812953
2004-04-01,Germany,5Y,3.411,3.411,0.0,0.04962089,0.02543383
2004-05-01,Germany,5Y,3.578,3.578,0.0,0.01746509,-0.0065437
2004-06-01,Germany,5Y,3.572,3.572,0.0,-0.01060389,-0.00014359
2004-07-01,Germany,5Y,3.458,3.458,0.0,0.00862926,-0.00812276
2004-08-01,Germany,5Y,3.32,3.32,0.0,-0.00139583,0.00217688
2004-09-01,Germany,5Y,3.317,3.317,0.0,0.0114091,0.00103921
2004-10-01,Germany,5Y,3.164,3.164,0.0,-0.00411348,-0.00801005
2004-11-01,Germany,5Y,3.043,3.043,0.0,-0.00031881,-0.00525612
2004-12-01,Germany,5Y,3.031,3.031,0.0,0.01785679,-0.00429348
2005-01-01,Germany,5Y,2.927,2.927,0.0,-0.01786635,-0.01631762
2005-02-01,Germany,5Y,3.076,3.076,0.0,0.00876981,-0.01224856
2005-03-01,Germany,5Y,3.061,3.061,0.0,-0.00906581,0.00175456
2005-04-01,Germany,5Y,2.79,2.79,0.0,0.00312037,-0.01689142
2005-05-01,Germany,5Y,2.638,2.638,0.0,-0.00742018,0.0089191
2005-06-01,Germany,5Y,2.481,2.481,0.0,0.01228622,0.00308786
2005-07-01,Germany,5Y,2.647,2.647,0.0,-0.01999819,0.03965357
2005-08-01,Germany,5Y,2.539,2.539,0.0,0.00221244,-0.00113823
2005-09-01,Germany,5Y,2.732,2.732,0.0,-0.00616143,0.00137953
2005-10-01,Germany,5Y,3.007,3.007,0.0,-0.00725165,0.0053286
2005-11-01,Germany,5Y,3.093,3.093,0.0,-0.02639035,0.01567596
2005-12-01,Germany,5Y,3.068,3.068,0.0,-0.02869513,0.00122556
2006-01-01,Germany,5Y,3.22,3.22,0.0,-0.01509696,-0.00771216
2006-02-01,Germany,5Y,3.262,3.262,0.0,-0.00544505,-0.00324349
2006-03-01,Germany,5Y,3.585,3.585,0.0,0.02163882,-0.01310347
2006-04-01,Germany,5Y,3.735,3.735,0.0,-0.05627657,-0.03601184
2006-05-01,Germany,5Y,3.697,3.697,0.0,0.00017422,-0.00236101
2006-06-01,Germany,5Y,3.84,3.84,0.0,-0.03946736,-0.00172699
2006-07-01,Germany,5Y,3.695,3.695,0.0,0.01414146,0.00627523
2006-08-01,Germany,5Y,3.588,3.588,0.0,0.01499431,0.01378088
2006-09-01,Germany,5Y,3.628,3.628,0.0,0.0,0.0
2006-10-01,Germany,5Y,3.683,3.683,0.0,-0.00312185,0.00292537
2006-11-01,Germany,5Y,3.635,3.635,0.0,0.02599157,-0.03156989
2006-12-01,Germany,5Y,3.921,3.921,0.0,-0.01228785,0.03226851
2007-01-01,Germany,5Y,4.036,4.036,0.0,-0.04184531,-0.00062716
2007-02-01,Germany,5Y,3.892,3.892,0.0,0.01201155,-0.00426155
2007-03-01,Germany,5Y,4.018,4.018,0.0,0.00234815,0.00780903
2007-04-01,Germany,5Y,4.134,4.134,0.0,0.00848509,-0.01206177
2007-05-01,Germany,5Y,4.412,4.412,0.0,0.00231754,-0.00518441
2007-06-01,Germany,5Y,4.527,4.527,0.0,3.95e-06,-0.00707298
2007-07-01,Germany,5Y,4.319,4.319,0.0,0.00420353,-0.00350775
2007-08-01,Germany,5Y,4.115,4.115,0.0,-7.551e-05,-0.00333671
2007-09-01,Germany,5Y,4.163,4.163,0.0,-0.0363456,-0.00270934
2007-10-01,Germany,5Y,4.132,4.132,0.0,0.00166756,-0.00365079
2007-11-01,Germany,5Y,3.911,3.911,0.0,0.00101171,-0.02129922
2007-12-01,Germany,5Y,4.119,4.119,0.0,0.02203938,-0.00235725
2008-01-01,Germany,5Y,3.552,3.552,0.0,0.00854417,-0.01034839
2008-02-01,Germany,5Y,3.368,3.368,0.0,-0.00565551,-0.04432311
2008-03-01,Germany,5Y,3.6,3.6,0.0,0.03287918,-0.00319577
2008-04-01,Germany,5Y,3.877,3.877,0.0,-0.00107664,0.00211722
2008-05-01,Germany,5Y,4.303,4.303,0.0,0.0079654,-0.01921652
2008-06-01,Germany,5Y,4.636,4.636,0.0,0.08718549,0.05944987
2008-07-01,Germany,5Y,4.272,4.272,0.0,-0.08616599,0.0003162
2008-08-01,Germany,5Y,4.095,4.095,0.0,-0.00047578,-0.0412033
2008-09-01,Germany,5Y,3.768,3.768,0.0,0.02062448,-0.02765799
2008-10-01,Germany,5Y,3.196,3.196,0.0,-0.00294813,-0.05476331
2008-11-01,Germany,5Y,2.651,2.651,0.0,0.14345953,0.0601037
2008-12-01,Germany,5Y,2.318,2.318,0.0,0.07249163,-0.02195657
2009-01-01,Germany,5Y,2.494,2.494,0.0,0.00570074,-0.03082516
2009-02-01,Germany,5Y,2.234,2.234,0.0,-0.0142095,-0.04348585
2009-03-01,Germany,5Y,2.233,2.233,0.0,-0.00508159,0.00953191
2009-04-01,Germany,5Y,2.354,2.354,0.0,0.04361952,0.04035626
2009-05-01,Germany,5Y,2.632,2.632,0.0,-0.00276712,-0.02144281
2009-06-01,Germany,5Y,2.493,2.493,0.0,0.01914683,0.01991529
2009-07-01,Germany,5Y,2.406,2.406,0.0,0.01967426,-0.08702865
2009-08-01,Germany,5Y,2.375,2.375,0.0,0.00382895,-0.00227106
2009-09-01,Germany,5Y,2.401,2.401,0.0,-0.01479861,-0.0288011
2009-10-01,Germany,5Y,2.411,2.411,0.0,-0.00631641,-0.01739833
2009-11-01,Germany,5Y,2.233,2.233,0.0,-0.03362904,0.01798103
2009-12-01,Germany,5Y,2.423,2.423,0.0,-0.03020061,-0.01008083
2010-01-01,Germany,5Y,2.276,2.276,0.0,-6.14e-06,-0.01162683
2010-02-01,Germany,5Y,2.127,2.127,0.0,0.02809804,-0.03309557
2010-03-01,Germany,5Y,2.136,2.136,0.0,-0.01619472,0.00347371
2010-04-01,Germany,5Y,1.968,1.968,0.0,0.00539033,-0.00101855
2010-05-01,Germany,5Y,1.557,1.557,0.0,0.02627696,-0.01799763
2010-06-01,Germany,5Y,1.458,1.458,0.0,-0.02371403,0.02024375
2010-07-01,Germany,5Y,1.653,1.653,0.0,0.00522594,0.04208827
2010-08-01,Germany,5Y,1.199,1.199,0.0,0.01420454,-0.02426078
2010-09-01,Germany,5Y,1.483,1.483,0.0,-0.00294235,-0.01052608
2010-10-01,Germany,5Y,1.712,1.712,0.0,-0.00279264,0.00162802
2010-11-01,Germany,5Y,1.674,1.674,0.0,-0.00010904,-0.0080795
2010-12-01,Germany,5Y,1.838,1.838,0.0,-0.00484115,-0.02320713
2011-01-01,Germany,5Y,2.386,2.386,0.0,0.01844172,0.01740865
2011-02-01,Germany,5Y,2.386,2.386,0.0,-0.02451558,-0.01441031
2011-03-01,Germany,5Y,2.671,2.671,0.0,0.07028429,0.06022116
2011-04-01,Germany,5Y,2.599,2.599,0.0,-0.00244173,0.01943218
2011-05-01,Germany,5Y,2.277,2.277,0.0,-0.05955414,-0.04508166
2011-06-01,Germany,5Y,2.277,2.277,0.0,-0.01534681,-0.00214682
2011-07-01,Germany,5Y,1.719,1.719,0.0,-0.01354933,0.02770202
2011-08-01,Germany,5Y,1.309,1.309,0.0,-0.04366301,-0.12013885
2011-09-01,Germany,5Y,1.165,1.165,0.0,0.01207522,-0.01000965
2011-10-01,Germany,5Y,1.159,1.159,0.0,0.10619898,0.05031052
2011-11-01,Germany,5Y,1.16,1.16,0.0,-0.07192325,-0.0611927
2011-12-01,Germany,5Y,0.753,0.753,0.0,0.03349252,-0.03948307
2012-01-01,Germany,5Y,0.736,0.736,0.0,0.02629851,-0.02840244
2012-02-01,Germany,5Y,0.813,0.813,0.0,-0.01433788,0.01535817
2012-03-01,Germany,5Y,0.794,0.794,0.0,0.00682966,-0.00830541
2012-04-01,Germany,5Y,0.599,0.599,0.0,0.00683135,-0.00606342
2012-05-01,Germany,5Y,0.336,0.336,0.0,0.04135716,-0.02621478
2012-06-01,Germany,5Y,0.61,0.61,0.0,0.03338643,-0.00627108
2012-07-01,Germany,5Y,0.303,0.303,0.0,-0.0072012,-0.10685152
2012-08-01,Germany,5Y,0.333,0.333,0.0,0.10355838,-0.07344139
2012-09-01,Germany,5Y,0.509,0.509,0.0,-0.03500514,0.0388083
2012-10-01,Germany,5Y,0.491,0.491,0.0,0.00539462,-0.00081696
2012-11-01,Germany,5Y,0.405,0.405,0.0,0.00753017,0.00512519
2012-12-01,Germany,5Y,0.292,0.292,0.0,-0.0037345,-0.00486517
2013-01-01,Germany,5Y,0.762,0.762,0.0,-0.00316676,0.01806952
2013-02-01,Germany,5Y,0.434,0.434,0.0,-0.00649124,-0.0096722
2013-03-01,Germany,5Y,0.311,0.311,0.0,0.00845211,0.00457824
2013-04-01,Germany,5Y,0.332,0.332,0.0,0.02524541,-0.02755056
2013-05-01,Germany,5Y,0.487,0.487,0.0,-0.00548678,-0.005251
2013-06-01,Germany,5Y,0.734,0.734,0.0,0.03220402,-0.01512024
2013-07-01,Germany,5Y,0.651,0.651,0.0,-0.06055783,0.04203836
2013-08-01,Germany,5Y,0.817,0.817,0.0,-0.0028711,0.01132435
2013-09-01,Germany,5Y,0.791,0.791,0.0,-0.00632233,0.00132339
2013-10-01,Germany,5Y,0.657,0.657,0.0,0.00677482,-0.00609358
2013-11-01,Germany,5Y,0.651,0.651,0.0,-0.03543784,0.02352032
2013-12-01,Germany,5Y,0.917,0.917,0.0,0.0178962,-0.00423027
2014-01-01,Germany,5Y,0.649,0.649,0.0,0.0074008,-0.01504822
2014-02-01,Germany,5Y,0.667,0.667,0.0,0.0193551,0.02089548
2014-03-01,Germany,5Y,0.628,0.628,0.0,0.03148079,0.01102582
2014-04-01,Germany,5Y,0.551,0.551,0.0,-0.01390848,0.03683678
2014-05-01,Germany,5Y,0.428,0.428,0.0,-0.00528758,0.01007157
2014-06-01,Germany,5Y,0.341,0.341,0.0,-0.03637694,0.01209969
2014-07-01,Germany,5Y,0.301,0.301,0.0,-0.01783726,0.01292655
2014-08-01,Germany,5Y,0.172,0.172,0.0,0.00070312,0.00187773
2014-09-01,Germany,5Y,0.146,0.146,0.0,-0.06422641,-0.00068183
2014-10-01,Germany,5Y,0.125,0.125,0.0,0.05409899,-0.04887129
2014-11-01,Germany,5Y,0.111,0.111,0.0,-0.03680355,0.03947588
2014-12-01,Germany,5Y,0.008,0.008,0.0,0.05596263,-0.04833079
2015-01-01,Germany,5Y,-0.051,-0.051,0.0,-0.01922483,0.01173607
2015-02-01,Germany,5Y,-0.088,-0.088,0.0,0.0,0.0
2015-03-01,Germany,5Y,-0.102,-0.102,0.0,0.00035536,-0.00385565
2015-04-01,Germany,5Y,0.007,0.007,0.0,-0.00142985,0.00811493
2015-05-01,Germany,5Y,-0.004,-0.004,0.0,0.0,0.0
2015-06-01,Germany,5Y,0.073,0.073,0.0,0.00884221,-0.01158719
2015-07-01,Germany,5Y,0.044,0.044,0.0,-0.00145856,0.00208231
2015-08-01,Germany,5Y,0.126,0.126,0.0,0.0,0.0
2015-09-01,Germany,5Y,-0.007,-0.007,0.0,-0.03170106,0.0298776
2015-10-01,Germany,5Y,-0.079,-0.079,0.0,-0.07457095,0.05369102
2015-11-01,Germany,5Y,-0.183,-0.183,0.0,0.0,0.0
2015-12-01,Germany,5Y,-0.047,-0.047,0.0,0.16522564,-0.06777853
2016-01-01,Germany,5Y,-0.313,-0.313,0.0,-0.02353204,0.00207732
2016-02-01,Germany,5Y,-0.408,-0.408,0.0,0.0,0.0
2016-03-01,Germany,5Y,-0.329,-0.329,0.0,0.00295142,0.04696157
2016-04-01,Germany,5Y,-0.289,-0.289,0.0,0.00874813,-0.00714425
2016-05-01,Germany,5Y,-0.378,-0.378,0.0,0.0,0.0
2016-06-01,Germany,5Y,-0.569,-0.569,0.0,0.01416894,-0.01469861
2016-07-01,Germany,5Y,-0.529,-0.529,0.0,0.00420598,0.02136953
2016-08-01,Germany,5Y,-0.504,-0.504,0.0,0.0,0.0
2016-09-01,Germany,5Y,-0.577,-0.577,0.0,0.02928932,-0.01588046
2016-10-01,Germany,5Y,-0.402,-0.402,0.0,-0.00343218,0.00288461
2016-11-01,Germany,5Y,-0.432,-0.432,0.0,0.0,0.0
2016-12-01,Germany,5Y,-0.543,-0.543,0.0,-0.02369548,0.02494524
2017-01-01,Germany,5Y,-0.406,-0.406,0.0,-0.01136922,0.01125365
2017-02-01,Germany,5Y,-0.575,-0.575,0.0,0.0,0.0
2017-03-01,Germany,5Y,-0.386,-0.386,0.0,-0.01209542,0.01300103
2017-04-01,Germany,5Y,-0.39,-0.39,0.0,-0.00220409,-0.00059132
2017-05-01,Germany,5Y,-0.435,-0.435,0.0,0.0,0.0
2017-06-01,Germany,5Y,-0.229,-0.229,0.0,0.00468379,-0.00618022
2017-07-01,Germany,5Y,-0.182,-0.182,0.0,-0.00745165,-0.00386945
2017-08-01,Germany,5Y,-0.345,-0.345,0.0,0.0,0.0
2017-09-01,Germany,5Y,-0.269,-0.269,0.0,-0.00127015,0.00235026
2017-10-01,Germany,5Y,-0.351,-0.351,0.0,-0.01205914,0.01350465
2017-11-01,Germany,5Y,-0.31,-0.31,0.0,0.0,0.0
2017-12-01,Germany,5Y,-0.207,-0.207,0.0,-0.00726541,0.00542794
2018-01-01,Germany,5Y,0.102,0.102,0.0,0.01937805,-0.01940399
2018-02-01,Germany,5Y,0.021,0.021,0.0,0.0,0.0
2018-03-01,Germany,5Y,-0.106,-0.106,0.0,-0.01997759,0.02238169
2018-04-01,Germany,5Y,-0.061,-0.061,0.0,0.00352961,-0.00433858
2018-05-01,Germany,5Y,-0.275,-0.275,0.0,0.0,0.0
2018-06-01,Germany,5Y,-0.306,-0.306,0.0,-0.04271677,0.03658385
2018-07-01,Germany,5Y,-0.128,-0.128,0.0,-0.00753783,0.00753783
2018-08-01,Germany,5Y,-0.233,-0.233,0.0,0.0,0.0
2018-09-01,Germany,5Y,-0.092,-0.092,0.0,0.00550418,-0.00644394
2018-10-01,Germany,5Y,-0.194,-0.194,0.0,0.02001239,-0.01825893
2018-11-01,Germany,5Y,-0.271,-0.271,0.0,0.0,0.0
2018-12-01,Germany,5Y,-0.32,-0.32,0.0,-0.00415027,0.00355439
2019-01-01,Germany,5Y,-0.318,-0.318,0.0,0.0175893,-0.02145109
2019-02-01,Germany,5Y,-0.279,-0.279,0.0,0.0,0.0
2019-03-01,Germany,5Y,-0.453,-0.453,0.0,0.00868726,-0.01442751
2019-04-01,Germany,5Y,-0.416,-0.416,0.0,-0.00273599,-0.00018377
2019-05-01,Germany,5Y,-0.582,-0.582,0.0,0.0,0.0
2019-06-01,Germany,5Y,-0.666,-0.666,0.0,0.03058214,-0.0071408
2019-07-01,Germany,5Y,-0.717,-0.717,0.0,0.04218756,-0.00506254
2019-08-01,Germany,5Y,-0.927,-0.927,0.0,0.0,0.0
2019-09-01,Germany,5Y,-0.775,-0.775,0.0,0.03217407,0.03487853
2019-10-01,Germany,5Y,-0.628,-0.628,0.0,0.00764552,-0.00665165
2019-11-01,Germany,5Y,-0.585,-0.585,0.0,0.0,0.0
2019-12-01,Germany,5Y,-0.476,-0.476,0.0,-0.01029327,0.01098215
2020-01-01,Germany,5Y,-0.644,-0.644,0.0,0.01788192,-0.01219238
2020-02-01,Germany,5Y,-0.766,-0.766,0.0,0.0,0.0
2020-03-01,Germany,5Y,-0.657,-0.657,0.0,0.18996661,-0.0646914
2020-04-01,Germany,5Y,-0.77,-0.77,0.0,0.04450687,-0.0282567
2020-05-01,Germany,5Y,-0.646,-0.646,0.0,0.0,0.0
2020-06-01,Germany,5Y,-0.7,-0.7,0.0,0.00075699,0.00221042
2020-07-01,Germany,5Y,-0.722,-0.722,0.0,-0.01051453,0.00663075
2020-08-01,Germany,5Y,-0.631,-0.631,0.0,0.0,0.0
2020-09-01,Germany,5Y,-0.713,-0.713,0.0,-0.01137573,0.0209051
2020-10-01,Germany,5Y,-0.822,-0.822,0.0,-0.04440888,0.03827308
2020-11-01,Germany,5Y,-0.754,-0.754,0.0,0.0,0.0
2020-12-01,Germany,5Y,-0.742,-0.742,0.0,0.02960964,-0.0146942
2021-01-01,Germany,5Y,-0.736,-0.736,0.0,0.01223291,-0.00964168
2021-02-01,Germany,5Y,-0.569,-0.569,0.0,0.0,0.0
2021-03-01,Germany,5Y,-0.629,-0.629,0.0,0.00286225,0.0097477
2021-04-01,Germany,5Y,-0.578,-0.578,0.0,0.00189025,-0.00343929
2021-05-01,Germany,5Y,-0.568,-0.568,0.0,0.0,0.0
2021-06-01,Germany,5Y,-0.589,-0.589,0.0,-0.01563274,0.01470217
2021-07-01,Germany,5Y,-0.744,-0.744,0.0,0.0073095,-0.00768279
2021-08-01,Germany,5Y,-0.68,-0.68,0.0,0.0,0.0
2021-09-01,Germany,5Y,-0.558,-0.558,0.0,-0.01404805,0.01567899
2021-10-01,Germany,5Y,-0.392,-0.392,0.0,0.00670146,-0.0061872
2021-11-01,Germany,5Y,-0.622,-0.622,0.0,0.0,0.0
2021-12-01,Germany,5Y,-0.461,-0.461,0.0,0.02039478,-0.02349587
2022-01-01,Germany,5Y,-0.227,-0.227,0.0,0.0,0.0
2022-02-01,Germany,5Y,-0.164,-0.164,0.0,0.03923857,-0.02262021
2022-03-01,Germany,5Y,0.371,0.371,0.0,0.01158872,0.00288687
2022-04-01,Germany,5Y,0.674,0.674,0.0,-0.02722772,-0.01209206
2022-05-01,Germany,5Y,0.832,0.832,0.0,0.0,0.0
2022-06-01,Germany,5Y,1.056,1.056,0.0,0.04000315,-0.05017059
2022-07-01,Germany,5Y,0.524,0.524,0.0,0.06062276,0.06828821
2022-08-01,Germany,5Y,1.383,1.383,0.0,0.0,0.0
2022-09-01,Germany,5Y,1.959,1.959,0.0,0.06553518,0.05123198
2022-10-01,Germany,5Y,2.0,2.0,0.0,-0.0484317,-0.00738864
2022-11-01,Germany,5Y,1.929,1.929,0.0,0.0,0.0
2022-12-01,Germany,5Y,2.566,2.566,0.0,0.08741766,-0.05187298
2023-01-01,Germany,5Y,2.306,2.306,0.0,0.0,0.0
2023-02-01,Germany,5Y,2.736,2.736,0.0,-0.02825908,0.00739243
2023-03-01,Germany,5Y,2.305,2.305,0.0,0.06364707,0.13706177
2023-04-01,Germany,5Y,2.3,2.3,0.0,0.0,0.0
2023-05-01,Germany,5Y,2.275,2.275,0.0,-0.05445383,-0.02205352
2023-06-01,Germany,5Y,2.546,2.546,0.0,0.00310685,0.01212789
2023-07-01,Germany,5Y,2.533,2.533,0.0,-0.02931627,0.00761737
2023-08-01,Germany,5Y,2.472,2.472,0.0,0.0,0.0
2023-09-01,Germany,5Y,2.774,2.774,0.0,0.00399758,0.06922208
2023-10-01,Germany,5Y,2.652,2.652,0.0,-0.02513959,0.0050286
2023-11-01,Germany,5Y,2.372,2.372,0.0,0.0,0.0
2023-12-01,Germany,5Y,1.942,1.942,0.0,0.03287603,-0.00518218
2024-01-01,Germany,5Y,2.049,2.049,0.0,-0.04307478,0.00364715
2024-02-01,Germany,5Y,2.43,2.43,0.0,0.0,0.0
2024-03-01,Germany,5Y,2.32,2.32,0.0,-0.02470938,0.02110809
2024-04-01,Germany,5Y,2.615,2.615,0.0,-0.00688623,0.00746176
2024-05-01,Germany,5Y,2.706,2.706,0.0,0.0,0.0
2024-06-01,Germany,5Y,2.479,2.479,0.0,0.01490844,0.0018587
2024-07-01,Germany,5Y,2.229,2.229,0.0,-0.00635903,0.00050086
2024-08-01,Germany,5Y,2.187,2.187,0.0,0.0,0.0
2024-09-01,Germany,5Y,1.944,1.944,0.0,0.03255924,-0.01615053
2024-10-01,Germany,5Y,2.265,2.265,0.0,-0.02068547,-0.01217264
2024-11-01,Germany,5Y,1.924,1.924,0.0,0.0,0.0
2024-12-01,Germany,5Y,2.152,2.152,0.0,0.00609036,0.02176619
2025-01-01,Germany,5Y,2.233,2.233,0.0,-0.0087809,-0.00804116
2025-02-01,Germany,5Y,2.149,2.149,0.0,0.0,0.0
2025-03-01,Germany,5Y,2.337,2.337,0.0,-0.00193929,0.02623149
2025-04-01,Germany,5Y,1.984,1.984,0.0,-0.03264565,-0.02455187
2025-05-01,Germany,5Y,2.063,2.063,0.0,0.0,0.0
2025-06-01,Germany,5Y,2.169,2.169,0.0,0.02367629,-0.00634498
2025-07-01,Germany,5Y,2.293,2.293,0.0,0.02395822,-0.00106382
2025-08-01,Germany,5Y,2.256,2.256,0.0,0.0,0.0
2025-09-01,Germany,5Y,2.308,2.308,0.0,-0.01551833,0.00187802
2025-10-01,Germany,5Y,2.231,2.231,0.0,-0.01065112,0.01192155
2025-11-01,Germany,5Y,2.287,2.287,0.0,,
2025-12-01,Germany,5Y,2.447,2.447,0.0,,
2026-01-01,Germany,5Y,2.416,2.416,0.0,,
2026-02-01,Germany,5Y,2.237,2.237,0.0,,
2026-03-01,Germany,5Y,2.725,2.725,0.0,,
2026-04-01,Germany,5Y,2.746,2.746,0.0,,
2026-05-01,Germany,5Y,2.636,2.636,0.0,,
2026-06-01,Germany,5Y,2.594,2.594,0.0,,
2026-07-01,Germany,5Y,2.941,2.941,0.0,,
2026-08-01,Germany,5Y,3.062,3.062,0.0,,
2026-09-01,Germany,5Y,3.409,3.409,0.0,,
1999-01-01,Greece,10Y,,3.632,,0.02914637,-0.06311121
1999-02-01,Greece,10Y,,4.011,,-0.00556514,0.00556514
1999-03-01,Greece,10Y,,4.001,,-0.00592203,0.00323799
1999-04-01,Greece,10Y,,3.868,,-0.00679893,-0.00330584
1999-05-01,Greece,10Y,,4.116,,0.01543059,-0.00936631
1999-06-01,Greece,10Y,,4.511,,0.00768436,-0.01317122
1999-07-01,Greece,10Y,,4.811,,-0.00494872,0.02780708
1999-08-01,Greece,10Y,,4.891,,0.00678846,-0.00826848
1999-09-01,Greece,10Y,,5.08,,-0.04166781,-0.00527997
1999-10-01,Greece,10Y,,5.157,,-0.06815947,-0.10613335
1999-11-01,Greece,10Y,,5.125,,0.01057526,0.04684463
1999-12-01,Greece,10Y,,5.355,,-0.00790024,0.00763541
2000-01-01,Greece,10Y,,5.541,,0.01150505,-0.02335973
2000-02-01,Greece,10Y,,5.5,,-0.04027945,0.06481814
2000-03-01,Greece,10Y,,5.216,,-0.06675806,-0.0176937
2000-04-01,Greece,10Y,,5.298,,0.02378726,-0.01526446
2000-05-01,Greece,10Y,,5.191,,-0.06400218,0.06313006
2000-06-01,Greece,10Y,,5.221,,0.11366676,0.04898755
2000-07-01,Greece,10Y,,5.206,,0.02048594,-0.00231932
2000-08-01,Greece,10Y,,5.298,,-0.04765312,-0.036261
2000-09-01,Greece,10Y,,5.23,,-0.03226793,-0.00031136
2000-10-01,Greece,10Y,,5.215,,0.02902834,0.0510063
2000-11-01,Greece,10Y,,5.0,,-0.00713094,-0.01518934
2000-12-01,Greece,10Y,,4.851,,-0.0010197,0.02324592
2001-01-01,Greece,10Y,,4.797,,0.01139404,-0.00090513
2001-02-01,Greece,10Y,,4.754,,-0.00204204,0.01927988
2001-03-01,Greece,10Y,,4.705,,0.06859912,0.03120769
2001-04-01,Greece,10Y,,5.032,,0.06421035,0.12710222
2001-05-01,Greece,10Y,,5.173,,-0.13656878,-0.08779026
2001-06-01,Greece,10Y,,5.102,,0.02854883,0.02396559
2001-07-01,Greece,10Y,,4.88,,0.03007371,0.01514081
2001-08-01,Greece,10Y,,4.788,,0.05079423,-0.02379363
2001-09-01,Greece,10Y,,4.791,,0.0313824,-0.01387918
2001-10-01,Greece,10Y,,4.397,,0.04317789,0.06975827
2001-11-01,Greece,10Y,,4.555,,0.03107767,-0.00197459
2001-12-01,Greece,10Y,,4.996,,0.02660325,0.00333289
2002-01-01,Greece,10Y,,4.905,,0.01003587,0.01147814
2002-02-01,Greece,10Y,,4.964,,-0.00667414,0.03998737
2002-03-01,Greece,10Y,,5.251,,-3.086e-05,0.01296051
2002-04-01,Greece,10Y,,5.122,,-0.00247617,-0.01196426
2002-05-01,Greece,10Y,,5.168,,0.03218836,0.01597417
2002-06-01,Greece,10Y,,4.942,,0.01184929,-0.00618789
2002-07-01,Greece,10Y,,4.752,,0.00352277,-0.0116348
2002-08-01,Greece,10Y,,4.568,,0.01803811,-0.01560232
2002-09-01,Greece,10Y,,4.272,,0.01607403,-0.04022966
2002-10-01,Greece,10Y,,4.511,,0.02180133,0.01000217
2002-11-01,Greece,10Y,,4.49,,0.06594808,-0.03659766
2002-12-01,Greece,10Y,,4.204,,0.00595453,-0.05100643
2003-01-01,Greece,10Y,,4.072,,-0.02700705,0.05207753
2003-02-01,Greece,10Y,,3.918,,0.05532359,-0.03445075
2003-03-01,Greece,10Y,,4.044,,0.06711294,-0.02143875
2003-04-01,Greece,10Y,,4.092,,0.01825694,0.00312353
2003-05-01,Greece,10Y,,3.721,,0.05561085,-0.01606747
2003-06-01,Greece,10Y,,3.802,,0.00128217,-0.05865202
2003-07-01,Greece,10Y,,4.19,,0.00179838,0.01282863
2003-08-01,Greece,10Y,,4.197,,0.0,0.0
2003-09-01,Greece,10Y,,3.995,,0.00235118,-0.00730611
2003-10-01,Greece,10Y,,4.331,,0.03221462,-0.01758272
2003-11-01,Greece,10Y,,4.457,,-0.00093229,0.00553257
2003-12-01,Greece,10Y,,4.292,,0.01015649,-0.01957929
2004-01-01,Greece,10Y,,4.24,,-0.0131573,0.00742273
2004-02-01,Greece,10Y,,4.051,,-0.00162731,-0.00688155
2004-03-01,Greece,10Y,,3.931,,0.01236658,0.02812953
2004-04-01,Greece,10Y,,4.175,,0.04962089,0.02543383
2004-05-01,Greece,10Y,,4.374,,0.01746509,-0.0065437
2004-06-01,Greece,10Y,,4.318,,-0.01060389,-0.00014359
2004-07-01,Greece,10Y,,4.216,,0.00862926,-0.00812276
2004-08-01,Greece,10Y,,4.023,,-0.00139583,0.00217688
2004-09-01,Greece,10Y,,3.991,,0.0114091,0.00103921
2004-10-01,Greece,10Y,,3.873,,-0.00411348,-0.00801005
2004-11-01,Greece,10Y,,3.793,,-0.00031881,-0.00525612
2004-12-01,Greece,10Y,,3.683,,0.01785679,-0.00429348
2005-01-01,Greece,10Y,,3.547,,-0.01786635,-0.01631762
2005-02-01,Greece,10Y,,3.715,,0.00876981,-0.01224856
2005-03-01,Greece,10Y,,3.622,,-0.00906581,0.00175456
2005-04-01,Greece,10Y,,3.396,,0.00312037,-0.01689142
2005-05-01,Greece,10Y,,3.274,,-0.00742018,0.0089191
2005-06-01,Greece,10Y,,3.134,,0.01228622,0.00308786
2005-07-01,Greece,10Y,,3.243,,-0.01999819,0.03965357
2005-08-01,Greece,10Y,,3.102,,0.00221244,-0.00113823
2005-09-01,Greece,10Y,,3.148,,-0.00616143,0.00137953
2005-10-01,Greece,10Y,,3.391,,-0.00725165,0.0053286
2005-11-01,Greece,10Y,,3.455,,-0.02639035,0.01567596
2005-12-01,Greece,10Y,,3.309,,-0.02869513,0.00122556
2006-01-01,Greece,10Y,,3.467,,-0.01509696,-0.00771216
2006-02-01,Greece,10Y,,3.489,,-0.00544505,-0.00324349
2006-03-01,Greece,10Y,,3.771,,0.02163882,-0.01310347
2006-04-01,Greece,10Y,,3.951,,-0.05627657,-0.03601184
2006-05-01,Greece,10Y,,3.982,,0.00017422,-0.00236101
2006-06-01,Greece,10Y,,4.071,,-0.03946736,-0.00172699
2006-07-01,Greece,10Y,,3.921,,0.01414146,0.00627523
2006-08-01,Greece,10Y,,3.76,,0.01499431,0.01378088
2006-09-01,Greece,10Y,,3.709,,0.0,0.0
2006-10-01,Greece,10Y,,3.741,,-0.00312185,0.00292537
2006-11-01,Greece,10Y,,3.695,,0.02599157,-0.03156989
2006-12-01,Greece,10Y,,3.948,,-0.01228785,0.03226851
2007-01-01,Greece,10Y,,4.1,,-0.04184531,-0.00062716
2007-02-01,Greece,10Y,,3.957,,0.01201155,-0.00426155
2007-03-01,Greece,10Y,4.306,4.057,0.24899999999999967,0.00234815,0.00780903
2007-04-01,Greece,10Y,4.396,4.154,0.242,0.00848509,-0.01206177
2007-05-01,Greece,10Y,4.631,4.422,0.20900000000000052,0.00231754,-0.00518441
2007-06-01,Greece,10Y,4.813,4.574,0.23899999999999988,3.95e-06,-0.00707298
2007-07-01,Greece,10Y,4.674,4.347,0.32699999999999996,0.00420353,-0.00350775
2007-08-01,Greece,10Y,4.568,4.242,0.3259999999999996,-7.551e-05,-0.00333671
2007-09-01,Greece,10Y,4.628,4.329,0.2990000000000004,-0.0363456,-0.00270934
2007-10-01,Greece,10Y,4.542,4.239,0.30299999999999994,0.00166756,-0.00365079
2007-11-01,Greece,10Y,4.463,4.126,0.33699999999999974,0.00101171,-0.02129922
2007-12-01,Greece,10Y,4.629,4.307,0.3219999999999992,0.02203938,-0.00235725
2008-01-01,Greece,10Y,4.303,3.93,0.3729999999999998,0.00854417,-0.01034839
2008-02-01,Greece,10Y,4.335,3.891,0.44399999999999995,-0.00565551,-0.04432311
2008-03-01,Greece,10Y,4.459,3.899,0.5599999999999996,0.03287918,-0.00319577
2008-04-01,Greece,10Y,4.591,4.123,0.46799999999999997,-0.00107664,0.00211722
2008-05-01,Greece,10Y,4.969,4.405,0.5640000000000001,0.0079654,-0.01921652
2008-06-01,Greece,10Y,5.284,4.621,0.6629999999999994,0.08718549,0.05944987
2008-07-01,Greece,10Y,5.0,4.355,0.6449999999999996,-0.08616599,0.0003162
2008-08-01,Greece,10Y,4.882,4.176,0.7059999999999995,-0.00047578,-0.0412033
2008-09-01,Greece,10Y,4.951,4.015,0.9359999999999999,0.02062448,-0.02765799
2008-10-01,Greece,10Y,5.512,3.9,1.6119999999999997,-0.00294813,-0.05476331
2008-11-01,Greece,10Y,4.839,3.258,1.5810000000000004,0.14345953,0.0601037
2008-12-01,Greece,10Y,5.225,2.951,2.2739999999999996,0.07249163,-0.02195657
2009-01-01,Greece,10Y,5.815,3.296,2.5190000000000006,0.00570074,-0.03082516
2009-02-01,Greece,10Y,5.678,3.112,2.566,-0.0142095,-0.04348585
2009-03-01,Greece,10Y,5.74,2.994,2.746,-0.00508159,0.00953191
2009-04-01,Greece,10Y,5.318,3.178,2.1399999999999997,0.04361952,0.04035626
2009-05-01,Greece,10Y,5.446,3.589,1.8569999999999998,-0.00276712,-0.02144281
2009-06-01,Greece,10Y,5.041,3.386,1.6550000000000002,0.01914683,0.01991529
2009-07-01,Greece,10Y,4.52,3.3,1.2199999999999998,0.01967426,-0.08702865
2009-08-01,Greece,10Y,4.492,3.257,1.2349999999999999,0.00382895,-0.00227106
2009-09-01,Greece,10Y,4.52,3.22,1.2999999999999994,-0.01479861,-0.0288011
2009-10-01,Greece,10Y,4.654,3.231,1.423,-0.00631641,-0.01739833
2009-11-01,Greece,10Y,4.995,3.159,1.8360000000000003,-0.03362904,0.01798103
2009-12-01,Greece,10Y,5.774,3.387,2.387,-0.03020061,-0.01008083
2010-01-01,Greece,10Y,6.854,3.196,3.658,-6.14e-06,-0.01162683
2010-02-01,Greece,10Y,6.362,3.101,3.261,0.02809804,-0.03309557
2010-03-01,Greece,10Y,6.529,3.092,3.437,-0.01619472,0.00347371
2010-04-01,Greece,10Y,8.962,3.017,5.945,0.00539033,-0.00101855
2010-05-01,Greece,10Y,7.707,2.66,5.047,0.02627696,-0.01799763
2010-06-01,Greece,10Y,10.426,2.577,7.849,-0.02371403,0.02024375
2010-07-01,Greece,10Y,10.297,2.669,7.628,0.00522594,0.04208827
2010-08-01,Greece,10Y,11.348,2.116,9.232000000000001,0.01420454,-0.02426078
2010-09-01,Greece,10Y,10.452,2.278,8.174,-0.00294235,-0.01052608
2010-10-01,Greece,10Y,10.561,2.518,8.043,-0.00279264,0.00162802
2010-11-01,Greece,10Y,11.857,2.67,9.187,-0.00010904,-0.0080795
2010-12-01,Greece,10Y,12.472,2.963,9.509,-0.00484115,-0.02320713
2011-01-01,Greece,10Y,11.214,3.153,8.061,0.01844172,0.01740865
2011-02-01,Greece,10Y,11.779,3.169,8.61,-0.02451558,-0.01441031
2011-03-01,Greece,10Y,12.736,3.352,9.384,0.07028429,0.06022116
2011-04-01,Greece,10Y,15.355,3.238,12.117,-0.00244173,0.01943218
2011-05-01,Greece,10Y,15.844,3.019,12.825,-0.05955414,-0.04508166
2011-06-01,Greece,10Y,15.974,3.023,12.951,-0.01534681,-0.00214682
2011-07-01,Greece,10Y,14.489,2.537,11.952000000000002,-0.01354933,0.02770202
2011-08-01,Greece,10Y,17.399,2.217,15.182,-0.04366301,-0.12013885
2011-09-01,Greece,10Y,21.811,1.885,19.926,0.01207522,-0.01000965
2011-10-01,Greece,10Y,22.314,2.024,20.29,0.10619898,0.05031052
2011-11-01,Greece,10Y,30.093,2.276,27.817,-0.07192325,-0.0611927
2011-12-01,Greece,10Y,31.676,1.825,29.851,0.03349252,-0.03948307
2012-01-01,Greece,10Y,31.531,1.786,29.744999999999997,0.02629851,-0.02840244
2012-02-01,Greece,10Y,32.605,1.817,30.787999999999997,-0.01433788,0.01535817
2012-03-01,Greece,10Y,20.549,1.792,18.756999999999998,0.00682966,-0.00830541
2012-04-01,Greece,10Y,19.895,1.662,18.233,0.00683135,-0.00606342
2012-05-01,Greece,10Y,29.902,1.199,28.703,0.04135716,-0.02621478
2012-06-01,Greece,10Y,25.389,1.581,23.808,0.03338643,-0.00627108
2012-07-01,Greece,10Y,25.003,1.284,23.719,-0.0072012,-0.10685152
2012-08-01,Greece,10Y,23.066,1.333,21.733,0.10355838,-0.07344139
2012-09-01,Greece,10Y,19.265,1.441,17.824,-0.03500514,0.0388083
2012-10-01,Greece,10Y,17.536,1.462,16.074,0.00539462,-0.00081696
2012-11-01,Greece,10Y,15.986,1.385,14.601,0.00753017,0.00512519
2012-12-01,Greece,10Y,11.676,1.314,10.362,-0.0037345,-0.00486517
2013-01-01,Greece,10Y,10.538,1.679,8.859,-0.00316676,0.01806952
2013-02-01,Greece,10Y,10.874,1.453,9.421000000000001,-0.00649124,-0.0096722
2013-03-01,Greece,10Y,12.263,1.288,10.975,0.00845211,0.00457824
2013-04-01,Greece,10Y,10.883,1.215,9.668,0.02524541,-0.02755056
2013-05-01,Greece,10Y,9.272,1.504,7.768000000000001,-0.00548678,-0.005251
2013-06-01,Greece,10Y,10.797,1.728,9.069,0.03220402,-0.01512024
2013-07-01,Greece,10Y,9.939,1.669,8.27,-0.06055783,0.04203836
2013-08-01,Greece,10Y,10.158,1.855,8.302999999999999,-0.0028711,0.01132435
2013-09-01,Greece,10Y,9.194,1.778,7.416,-0.00632233,0.00132339
2013-10-01,Greece,10Y,7.967,1.673,6.294,0.00677482,-0.00609358
2013-11-01,Greece,10Y,8.679,1.692,6.987,-0.03543784,0.02352032
2013-12-01,Greece,10Y,8.268,1.925,6.343000000000001,0.0178962,-0.00423027
2014-01-01,Greece,10Y,8.511,1.658,6.853,0.0074008,-0.01504822
2014-02-01,Greece,10Y,6.899,1.623,5.276,0.0193551,0.02089548
2014-03-01,Greece,10Y,6.512,1.565,4.946999999999999,0.03148079,0.01102582
2014-04-01,Greece,10Y,6.111,1.468,4.643,-0.01390848,0.03683678
2014-05-01,Greece,10Y,6.208,1.357,4.851,-0.00528758,0.01007157
2014-06-01,Greece,10Y,5.905,1.244,4.6610000000000005,-0.03637694,0.01209969
2014-07-01,Greece,10Y,5.968,1.154,4.814,-0.01783726,0.01292655
2014-08-01,Greece,10Y,5.765,0.89,4.875,0.00070312,0.00187773
2014-09-01,Greece,10Y,6.567,0.946,5.621,-0.06422641,-0.00068183
2014-10-01,Greece,10Y,7.961,0.84,7.121,0.05409899,-0.04887129
2014-11-01,Greece,10Y,8.238,0.7,7.537999999999999,-0.03680355,0.03947588
2014-12-01,Greece,10Y,9.416,0.538,8.878,0.05596263,-0.04833079
2015-01-01,Greece,10Y,10.983,0.302,10.681000000000001,-0.01922483,0.01173607
2015-02-01,Greece,10Y,9.288,0.327,8.961,0.0,0.0
2015-03-01,Greece,10Y,11.472,0.18,11.292,0.00035536,-0.00385565
2015-04-01,Greece,10Y,10.349,0.364,9.985,-0.00142985,0.00811493
2015-05-01,Greece,10Y,11.057,0.486,10.571,0.0,0.0
2015-06-01,Greece,10Y,14.992,0.763,14.229000000000001,0.00884221,-0.01158719
2015-07-01,Greece,10Y,11.811,0.643,11.168,-0.00145856,0.00208231
2015-08-01,Greece,10Y,9.099,0.797,8.302,0.0,0.0
2015-09-01,Greece,10Y,8.157,0.586,7.571,-0.03170106,0.0298776
2015-10-01,Greece,10Y,7.737,0.517,7.22,-0.07457095,0.05369102
2015-11-01,Greece,10Y,7.382,0.472,6.91,0.0,0.0
2015-12-01,Greece,10Y,8.068,0.628,7.4399999999999995,0.16522564,-0.06777853
2016-01-01,Greece,10Y,9.346,0.324,9.022,-0.02353204,0.00207732
2016-02-01,Greece,10Y,10.073,0.106,9.967,0.0,0.0
2016-03-01,Greece,10Y,8.478,0.152,8.326,0.00295142,0.04696157
2016-04-01,Greece,10Y,8.411,0.271,8.139999999999999,0.00874813,-0.00714425
2016-05-01,Greece,10Y,7.176,0.138,7.038,0.0,0.0
2016-06-01,Greece,10Y,8.183,-0.131,8.314,0.01416894,-0.01469861
2016-07-01,Greece,10Y,8.068,-0.121,8.189,0.00420598,0.02136953
2016-08-01,Greece,10Y,8.01,-0.066,8.076,0.0,0.0
2016-09-01,Greece,10Y,8.192,-0.122,8.314,0.02928932,-0.01588046
2016-10-01,Greece,10Y,8.217,0.161,8.056000000000001,-0.00343218,0.00288461
2016-11-01,Greece,10Y,6.515,0.273,6.242,0.0,0.0
2016-12-01,Greece,10Y,7.02,0.204,6.816,-0.02369548,0.02494524
2017-01-01,Greece,10Y,7.735,0.434,7.301,-0.01136922,0.01125365
2017-02-01,Greece,10Y,7.058,0.206,6.851999999999999,0.0,0.0
2017-03-01,Greece,10Y,6.899,0.325,6.574,-0.01209542,0.01300103
2017-04-01,Greece,10Y,6.251,0.315,5.936,-0.00220409,-0.00059132
2017-05-01,Greece,10Y,6.022,0.302,5.720000000000001,0.0,0.0
2017-06-01,Greece,10Y,5.36,0.465,4.8950000000000005,0.00468379,-0.00618022
2017-07-01,Greece,10Y,5.342,0.541,4.800999999999999,-0.00745165,-0.00386945
2017-08-01,Greece,10Y,5.48,0.36,5.12,0.0,0.0
2017-09-01,Greece,10Y,5.598,0.462,5.136,-0.00127015,0.00235026
2017-10-01,Greece,10Y,5.428,0.362,5.066,-0.01205914,0.01350465
2017-11-01,Greece,10Y,5.354,0.366,4.988,0.0,0.0
2017-12-01,Greece,10Y,4.073,0.423,3.6500000000000004,-0.00726541,0.00542794
2018-01-01,Greece,10Y,3.713,0.695,3.0180000000000002,0.01937805,-0.01940399
2018-02-01,Greece,10Y,4.382,0.653,3.7289999999999996,0.0,0.0
2018-03-01,Greece,10Y,4.288,0.494,3.7940000000000005,-0.01997759,0.02238169
2018-04-01,Greece,10Y,3.835,0.557,3.278,0.00352961,-0.00433858
2018-05-01,Greece,10Y,4.547,0.338,4.209,0.0,0.0
2018-06-01,Greece,10Y,3.93,0.3,3.6300000000000003,-0.04271677,0.03658385
2018-07-01,Greece,10Y,3.938,0.442,3.496,-0.00753783,0.00753783
2018-08-01,Greece,10Y,4.367,0.325,4.042,0.0,0.0
2018-09-01,Greece,10Y,4.152,0.469,3.6830000000000003,0.00550418,-0.00644394
2018-10-01,Greece,10Y,4.213,0.384,3.829,0.02001239,-0.01825893
2018-11-01,Greece,10Y,4.248,0.312,3.9360000000000004,0.0,0.0
2018-12-01,Greece,10Y,4.346,0.239,4.107,-0.00415027,0.00355439
2019-01-01,Greece,10Y,3.85,0.148,3.702,0.0175893,-0.02145109
2019-02-01,Greece,10Y,3.652,0.182,3.47,0.0,0.0
2019-03-01,Greece,10Y,3.728,-0.072,3.8000000000000003,0.00868726,-0.01442751
2019-04-01,Greece,10Y,3.358,0.012,3.346,-0.00273599,-0.00018377
2019-05-01,Greece,10Y,2.892,-0.204,3.096,0.0,0.0
2019-06-01,Greece,10Y,2.432,-0.329,2.761,0.03058214,-0.0071408
2019-07-01,Greece,10Y,2.021,-0.442,2.463,0.04218756,-0.00506254
2019-08-01,Greece,10Y,1.612,-0.702,2.314,0.0,0.0
2019-09-01,Greece,10Y,1.333,-0.573,1.906,0.03217407,0.03487853
2019-10-01,Greece,10Y,1.15,-0.409,1.559,0.00764552,-0.00665165
2019-11-01,Greece,10Y,1.428,-0.362,1.79,0.0,0.0
2019-12-01,Greece,10Y,1.431,-0.188,1.6139999999999999,-0.01029327,0.01098215
2020-01-01,Greece,10Y,1.156,-0.436,1.5919999999999999,0.01788192,-0.01219238
2020-02-01,Greece,10Y,1.298,-0.609,1.907,0.0,0.0
2020-03-01,Greece,10Y,1.628,-0.474,2.102,0.18996661,-0.0646914
2020-04-01,Greece,10Y,2.139,-0.589,2.7279999999999998,0.04450687,-0.0282567
2020-05-01,Greece,10Y,1.499,-0.449,1.9480000000000002,0.0,0.0
2020-06-01,Greece,10Y,1.2,-0.456,1.656,0.00075699,0.00221042
2020-07-01,Greece,10Y,1.082,-0.525,1.6070000000000002,-0.01051453,0.00663075
2020-08-01,Greece,10Y,1.09,-0.398,1.488,0.0,0.0
2020-09-01,Greece,10Y,1.019,-0.523,1.5419999999999998,-0.01137573,0.0209051
2020-10-01,Greece,10Y,0.928,-0.628,1.556,-0.04440888,0.03827308
2020-11-01,Greece,10Y,0.633,-0.572,1.205,0.0,0.0
2020-12-01,Greece,10Y,0.621,-0.572,1.193,0.02960964,-0.0146942
2021-01-01,Greece,10Y,0.676,-0.519,1.195,0.01223291,-0.00964168
2021-02-01,Greece,10Y,1.106,-0.262,1.368,0.0,0.0
2021-03-01,Greece,10Y,0.862,-0.293,1.155,0.00286225,0.0097477
2021-04-01,Greece,10Y,0.981,-0.203,1.184,0.00189025,-0.00343929
2021-05-01,Greece,10Y,0.822,-0.188,1.01,0.0,0.0
2021-06-01,Greece,10Y,0.817,-0.209,1.026,-0.01563274,0.01470217
2021-07-01,Greece,10Y,0.598,-0.462,1.06,0.0073095,-0.00768279
2021-08-01,Greece,10Y,0.756,-0.385,1.141,0.0,0.0
2021-09-01,Greece,10Y,0.849,-0.2,1.049,-0.01404805,0.01567899
2021-10-01,Greece,10Y,1.311,-0.107,1.418,0.00670146,-0.0061872
2021-11-01,Greece,10Y,1.245,-0.351,1.596,0.0,0.0
2021-12-01,Greece,10Y,1.315,-0.182,1.4969999999999999,0.02039478,-0.02349587
2022-01-01,Greece,10Y,1.88,0.009,1.871,0.0,0.0
2022-02-01,Greece,10Y,2.512,0.132,2.38,0.03923857,-0.02262021
2022-03-01,Greece,10Y,2.651,0.545,2.106,0.01158872,0.00288687
2022-04-01,Greece,10Y,3.327,0.937,2.3899999999999997,-0.02722772,-0.01209206
2022-05-01,Greece,10Y,3.562,1.12,2.4419999999999997,0.0,0.0
2022-06-01,Greece,10Y,3.606,1.333,2.2729999999999997,0.04000315,-0.05017059
2022-07-01,Greece,10Y,2.945,0.814,2.131,0.06062276,0.06828821
2022-08-01,Greece,10Y,4.089,1.537,2.5520000000000005,0.0,0.0
2022-09-01,Greece,10Y,4.836,2.105,2.7310000000000003,0.06553518,0.05123198
2022-10-01,Greece,10Y,4.602,2.139,2.4630000000000005,-0.0484317,-0.00738864
2022-11-01,Greece,10Y,4.127,1.926,2.2009999999999996,0.0,0.0
2022-12-01,Greece,10Y,4.565,2.565,2.0000000000000004,0.08741766,-0.05187298
2023-01-01,Greece,10Y,4.289,2.283,2.006,0.0,0.0
2023-02-01,Greece,10Y,4.425,2.648,1.7769999999999997,-0.02825908,0.00739243
2023-03-01,Greece,10Y,4.191,2.289,1.9019999999999997,0.06364707,0.13706177
2023-04-01,Greece,10Y,4.16,2.31,1.85,0.0,0.0
2023-05-01,Greece,10Y,3.749,2.28,1.4690000000000003,-0.05445383,-0.02205352
2023-06-01,Greece,10Y,3.65,2.39,1.2599999999999998,0.00310685,0.01212789
2023-07-01,Greece,10Y,3.746,2.489,1.2570000000000001,-0.02931627,0.00761737
2023-08-01,Greece,10Y,3.765,2.462,1.303,0.0,0.0
2023-09-01,Greece,10Y,4.336,2.838,1.4980000000000002,0.00399758,0.06922208
2023-10-01,Greece,10Y,4.163,2.804,1.3590000000000004,-0.02513959,0.0050286
2023-11-01,Greece,10Y,3.672,2.445,1.2270000000000003,0.0,0.0
2023-12-01,Greece,10Y,3.051,2.021,1.0300000000000002,0.03287603,-0.00518218
2024-01-01,Greece,10Y,3.201,2.165,1.036,-0.04307478,0.00364715
2024-02-01,Greece,10Y,3.453,2.41,1.0429999999999997,0.0,0.0
2024-03-01,Greece,10Y,3.375,2.297,1.0779999999999998,-0.02470938,0.02110809
2024-04-01,Greece,10Y,3.57,2.583,0.9869999999999997,-0.00688623,0.00746176
2024-05-01,Greece,10Y,3.672,2.663,1.0090000000000003,0.0,0.0
2024-06-01,Greece,10Y,3.742,2.497,1.245,0.01490844,0.0018587
2024-07-01,Greece,10Y,3.314,2.302,1.012,-0.00635903,0.00050086
2024-08-01,Greece,10Y,3.349,2.298,1.0510000000000002,0.0,0.0
2024-09-01,Greece,10Y,3.105,2.122,0.9830000000000001,0.03255924,-0.01615053
2024-10-01,Greece,10Y,3.292,2.388,0.9039999999999999,-0.02068547,-0.01217264
2024-11-01,Greece,10Y,2.905,2.086,0.819,0.0,0.0
2024-12-01,Greece,10Y,3.215,2.364,0.851,0.00609036,0.02176619
2025-01-01,Greece,10Y,3.317,2.458,0.859,-0.0087809,-0.00804116
2025-02-01,Greece,10Y,3.241,2.405,0.8360000000000003,0.0,0.0
2025-03-01,Greece,10Y,3.551,2.736,0.815,-0.00193929,0.02623149
2025-04-01,Greece,10Y,3.284,2.443,0.8409999999999997,-0.03264565,-0.02455187
2025-05-01,Greece,10Y,3.237,2.499,0.738,0.0,0.0
2025-06-01,Greece,10Y,3.29,2.605,0.685,0.02367629,-0.00634498
2025-07-01,Greece,10Y,3.348,2.693,0.6549999999999998,0.02395822,-0.00106382
2025-08-01,Greece,10Y,3.413,2.723,0.69,0.0,0.0
2025-09-01,Greece,10Y,3.38,2.71,0.6699999999999999,-0.01551833,0.00187802
2025-10-01,Greece,10Y,3.256,2.632,0.6239999999999997,-0.01065112,0.01192155
2025-11-01,Greece,10Y,3.286,2.688,0.5979999999999999,,
2025-12-01,Greece,10Y,3.439,2.854,0.585,,
2026-01-01,Greece,10Y,3.449,2.842,0.6069999999999998,,
2026-02-01,Greece,10Y,3.266,2.643,0.6230000000000002,,
2026-03-01,Greece,10Y,3.847,3.002,0.8450000000000002,,
2026-04-01,Greece,10Y,3.804,3.035,0.7689999999999997,,
2026-05-01,Greece,10Y,3.597,2.937,0.6600000000000001,,
2026-06-01,Greece,10Y,3.533,2.858,0.6749999999999998,,
2026-07-01,Greece,10Y,3.91,3.205,0.7050000000000001,,
2026-08-01,Greece,10Y,4.0,3.323,0.677,,
2026-09-01,Greece,10Y,4.256,3.516,0.7400000000000002,,
1999-01-01,Greece,2Y,,2.844,,0.02914637,-0.06311121
1999-02-01,Greece,2Y,,3.128,,-0.00556514,0.00556514
1999-03-01,Greece,2Y,,2.878,,-0.00592203,0.00323799
1999-04-01,Greece,2Y,,2.694,,-0.00679893,-0.00330584
1999-05-01,Greece,2Y,,2.789,,0.01543059,-0.00936631
1999-06-01,Greece,2Y,,3.169,,0.00768436,-0.01317122
1999-07-01,Greece,2Y,,3.389,,-0.00494872,0.02780708
1999-08-01,Greece,2Y,,3.462,,0.00678846,-0.00826848
1999-09-01,Greece,2Y,,3.662,,-0.04166781,-0.00527997
1999-10-01,Greece,2Y,,3.907,,-0.06815947,-0.10613335
1999-11-01,Greece,2Y,,3.983,,0.01057526,0.04684463
1999-12-01,Greece,2Y,,4.208,,-0.00790024,0.00763541
2000-01-01,Greece,2Y,,4.385,,0.01150505,-0.02335973
2000-02-01,Greece,2Y,,4.439,,-0.04027945,0.06481814
2000-03-01,Greece,2Y,,4.423,,-0.06675806,-0.0176937
2000-04-01,Greece,2Y,,4.594,,0.02378726,-0.01526446
2000-05-01,Greece,2Y,,4.942,,-0.06400218,0.06313006
2000-06-01,Greece,2Y,,4.95,,0.11366676,0.04898755
2000-07-01,Greece,2Y,,5.106,,0.02048594,-0.00231932
2000-08-01,Greece,2Y,,5.211,,-0.04765312,-0.036261
2000-09-01,Greece,2Y,,5.043,,-0.03226793,-0.00031136
2000-10-01,Greece,2Y,,5.082,,0.02902834,0.0510063
2000-11-01,Greece,2Y,,4.831,,-0.00713094,-0.01518934
2000-12-01,Greece,2Y,,4.446,,-0.0010197,0.02324592
2001-01-01,Greece,2Y,,4.386,,0.01139404,-0.00090513
2001-02-01,Greece,2Y,,4.374,,-0.00204204,0.01927988
2001-03-01,Greece,2Y,,4.138,,0.06859912,0.03120769
2001-04-01,Greece,2Y,,4.626,,0.06421035,0.12710222
2001-05-01,Greece,2Y,,4.386,,-0.13656878,-0.08779026
2001-06-01,Greece,2Y,,4.281,,0.02854883,0.02396559
2001-07-01,Greece,2Y,,4.134,,0.03007371,0.01514081
2001-08-01,Greece,2Y,,3.947,,0.05079423,-0.02379363
2001-09-01,Greece,2Y,,3.481,,0.0313824,-0.01387918
2001-10-01,Greece,2Y,,3.14,,0.04317789,0.06975827
2001-11-01,Greece,2Y,,3.387,,0.03107767,-0.00197459
2001-12-01,Greece,2Y,,3.644,,0.02660325,0.00333289
2002-01-01,Greece,2Y,,3.902,,0.01003587,0.01147814
2002-02-01,Greece,2Y,,3.872,,-0.00667414,0.03998737
2002-03-01,Greece,2Y,,4.321,,-3.086e-05,0.01296051
2002-04-01,Greece,2Y,,4.07,,-0.00247617,-0.01196426
2002-05-01,Greece,2Y,,4.247,,0.03218836,0.01597417
2002-06-01,Greece,2Y,,3.925,,0.01184929,-0.00618789
2002-07-01,Greece,2Y,,3.618,,0.00352277,-0.0116348
2002-08-01,Greece,2Y,,3.477,,0.01803811,-0.01560232
2002-09-01,Greece,2Y,,3.071,,0.01607403,-0.04022966
2002-10-01,Greece,2Y,,3.081,,0.02180133,0.01000217
2002-11-01,Greece,2Y,,3.1,,0.06594808,-0.03659766
2002-12-01,Greece,2Y,,2.721,,0.00595453,-0.05100643
2003-01-01,Greece,2Y,,2.596,,-0.02700705,0.05207753
2003-02-01,Greece,2Y,,2.295,,0.05532359,-0.03445075
2003-03-01,Greece,2Y,,2.407,,0.06711294,-0.02143875
2003-04-01,Greece,2Y,,2.427,,0.01825694,0.00312353
2003-05-01,Greece,2Y,,2.116,,0.05561085,-0.01606747
2003-06-01,Greece,2Y,,2.125,,0.00128217,-0.05865202
2003-07-01,Greece,2Y,,2.456,,0.00179838,0.01282863
2003-08-01,Greece,2Y,,2.593,,0.0,0.0
2003-09-01,Greece,2Y,,2.297,,0.00235118,-0.00730611
2003-10-01,Greece,2Y,,2.686,,0.03221462,-0.01758272
2003-11-01,Greece,2Y,,2.812,,-0.00093229,0.00553257
2003-12-01,Greece,2Y,,2.605,,0.01015649,-0.01957929
2004-01-01,Greece,2Y,,2.524,,-0.0131573,0.00742273
2004-02-01,Greece,2Y,,2.215,,-0.00162731,-0.00688155
2004-03-01,Greece,2Y,,2.134,,0.01236658,0.02812953
2004-04-01,Greece,2Y,,2.439,,0.04962089,0.02543383
2004-05-01,Greece,2Y,,2.578,,0.01746509,-0.0065437
2004-06-01,Greece,2Y,,2.723,,-0.01060389,-0.00014359
2004-07-01,Greece,2Y,,2.626,,0.00862926,-0.00812276
2004-08-01,Greece,2Y,,2.415,,-0.00139583,0.00217688
2004-09-01,Greece,2Y,,2.583,,0.0114091,0.00103921
2004-10-01,Greece,2Y,,2.429,,-0.00411348,-0.00801005
2004-11-01,Greece,2Y,,2.351,,-0.00031881,-0.00525612
2004-12-01,Greece,2Y,,2.481,,0.01785679,-0.00429348
2005-01-01,Greece,2Y,,2.398,,-0.01786635,-0.01631762
2005-02-01,Greece,2Y,,2.491,,0.00876981,-0.01224856
2005-03-01,Greece,2Y,,2.492,,-0.00906581,0.00175456
2005-04-01,Greece,2Y,,2.248,,0.00312037,-0.01689142
2005-05-01,Greece,2Y,,2.141,,-0.00742018,0.0089191
2005-06-01,Greece,2Y,,2.023,,0.01228622,0.00308786
2005-07-01,Greece,2Y,,2.25,,-0.01999819,0.03965357
2005-08-01,Greece,2Y,,2.199,,0.00221244,-0.00113823
2005-09-01,Greece,2Y,,2.394,,-0.00616143,0.00137953
2005-10-01,Greece,2Y,,2.629,,-0.00725165,0.0053286
2005-11-01,Greece,2Y,,2.76,,-0.02639035,0.01567596
2005-12-01,Greece,2Y,,2.862,,-0.02869513,0.00122556
2006-01-01,Greece,2Y,,2.955,,-0.01509696,-0.00771216
2006-02-01,Greece,2Y,,3.021,,-0.00544505,-0.00324349
2006-03-01,Greece,2Y,,3.29,,0.02163882,-0.01310347
2006-04-01,Greece,2Y,,3.379,,-0.05627657,-0.03601184
2006-05-01,Greece,2Y,,3.355,,0.00017422,-0.00236101
2006-06-01,Greece,2Y,,3.574,,-0.03946736,-0.00172699
2006-07-01,Greece,2Y,,3.512,,0.01414146,0.00627523
2006-08-01,Greece,2Y,,3.522,,0.01499431,0.01378088
2006-09-01,Greece,2Y,,3.585,,0.0,0.0
2006-10-01,Greece,2Y,,3.678,,-0.00312185,0.00292537
2006-11-01,Greece,2Y,,3.658,,0.02599157,-0.03156989
2006-12-01,Greece,2Y,,3.903,,-0.01228785,0.03226851
2007-01-01,Greece,2Y,,3.968,,-0.04184531,-0.00062716
2007-02-01,Greece,2Y,,3.876,,0.01201155,-0.00426155
2007-03-01,Greece,2Y,4.11,4.016,0.0940000000000003,0.00234815,0.00780903
2007-04-01,Greece,2Y,4.217,4.128,0.08899999999999952,0.00848509,-0.01206177
2007-05-01,Greece,2Y,4.484,4.394,0.08999999999999986,0.00231754,-0.00518441
2007-06-01,Greece,2Y,4.552,4.462,0.08999999999999986,3.95e-06,-0.00707298
2007-07-01,Greece,2Y,4.46,4.299,0.1609999999999996,0.00420353,-0.00350775
2007-08-01,Greece,2Y,4.219,4.013,0.2060000000000004,-7.551e-05,-0.00333671
2007-09-01,Greece,2Y,4.24,4.028,0.21200000000000063,-0.0363456,-0.00270934
2007-10-01,Greece,2Y,4.242,4.056,0.18599999999999994,0.00166756,-0.00365079
2007-11-01,Greece,2Y,4.087,3.831,0.2559999999999998,0.00101171,-0.02129922
2007-12-01,Greece,2Y,4.232,3.964,0.26800000000000024,0.02203938,-0.00235725
2008-01-01,Greece,2Y,3.719,3.373,0.34599999999999964,0.00854417,-0.01034839
2008-02-01,Greece,2Y,3.419,3.16,0.2589999999999999,-0.00565551,-0.04432311
2008-03-01,Greece,2Y,3.85,3.431,0.41900000000000004,0.03287918,-0.00319577
2008-04-01,Greece,2Y,4.074,3.757,0.3169999999999997,-0.00107664,0.00211722
2008-05-01,Greece,2Y,4.579,4.316,0.2629999999999999,0.0079654,-0.01921652
2008-06-01,Greece,2Y,4.976,4.597,0.37899999999999956,0.08718549,0.05944987
2008-07-01,Greece,2Y,4.62,4.26,0.3600000000000003,-0.08616599,0.0003162
2008-08-01,Greece,2Y,4.466,4.111,0.3550000000000004,-0.00047578,-0.0412033
2008-09-01,Greece,2Y,4.073,3.476,0.5970000000000004,0.02062448,-0.02765799
2008-10-01,Greece,2Y,3.833,2.542,1.2910000000000004,-0.00294813,-0.05476331
2008-11-01,Greece,2Y,4.0,2.188,1.8119999999999998,0.14345953,0.0601037
2008-12-01,Greece,2Y,4.156,1.755,2.401,0.07249163,-0.02195657
2009-01-01,Greece,2Y,3.476,1.532,1.944,0.00570074,-0.03082516
2009-02-01,Greece,2Y,3.311,1.311,2.0,-0.0142095,-0.04348585
2009-03-01,Greece,2Y,2.932,1.235,1.6969999999999998,-0.00508159,0.00953191
2009-04-01,Greece,2Y,2.544,1.337,1.207,0.04361952,0.04035626
2009-05-01,Greece,2Y,2.141,1.419,0.722,-0.00276712,-0.02144281
2009-06-01,Greece,2Y,1.854,1.365,0.4890000000000001,0.01914683,0.01991529
2009-07-01,Greece,2Y,1.589,1.263,0.32600000000000007,0.01967426,-0.08702865
2009-08-01,Greece,2Y,1.551,1.244,0.30699999999999994,0.00382895,-0.00227106
2009-09-01,Greece,2Y,1.348,1.265,0.08300000000000018,-0.01479861,-0.0288011
2009-10-01,Greece,2Y,1.41,1.288,0.12199999999999989,-0.00631641,-0.01739833
2009-11-01,Greece,2Y,1.823,1.257,0.5660000000000001,-0.03362904,0.01798103
2009-12-01,Greece,2Y,3.445,1.331,2.114,-0.03020061,-0.01008083
2010-01-01,Greece,2Y,5.88,1.118,4.762,-6.14e-06,-0.01162683
2010-02-01,Greece,2Y,6.143,0.955,5.188,0.02809804,-0.03309557
2010-03-01,Greece,2Y,5.119,0.958,4.161,-0.01619472,0.00347371
2010-04-01,Greece,2Y,12.718,0.771,11.947,0.00539033,-0.00101855
2010-05-01,Greece,2Y,7.251,0.514,6.737,0.02627696,-0.01799763
2010-06-01,Greece,2Y,10.041,0.6,9.441,-0.02371403,0.02024375
2010-07-01,Greece,2Y,9.915,0.784,9.130999999999998,0.00522594,0.04208827
2010-08-01,Greece,2Y,11.228,0.59,10.638,0.01420454,-0.02426078
2010-09-01,Greece,2Y,8.357,0.834,7.523,-0.00294235,-0.01052608
2010-10-01,Greece,2Y,9.082,0.989,8.093,-0.00279264,0.00162802
2010-11-01,Greece,2Y,11.634,0.856,10.778,-0.00010904,-0.0080795
2010-12-01,Greece,2Y,12.238,0.864,11.373999999999999,-0.00484115,-0.02320713
2011-01-01,Greece,2Y,12.93,1.368,11.562,0.01844172,0.01740865
2011-02-01,Greece,2Y,14.055,1.511,12.544,-0.02451558,-0.01441031
2011-03-01,Greece,2Y,15.394,1.787,13.607,0.07028429,0.06022116
2011-04-01,Greece,2Y,24.37,1.767,22.603,-0.00244173,0.01943218
2011-05-01,Greece,2Y,24.115,1.601,22.514,-0.05955414,-0.04508166
2011-06-01,Greece,2Y,25.781,1.603,24.177999999999997,-0.01534681,-0.00214682
2011-07-01,Greece,2Y,31.631,1.158,30.473,-0.01354933,0.02770202
2011-08-01,Greece,2Y,41.322,0.714,40.608000000000004,-0.04366301,-0.12013885
2011-09-01,Greece,2Y,59.1,0.547,58.553000000000004,0.01207522,-0.01000965
2011-10-01,Greece,2Y,72.942,0.536,72.40599999999999,0.10619898,0.05031052
2011-11-01,Greece,2Y,117.452,0.331,117.121,-0.07192325,-0.0611927
2011-12-01,Greece,2Y,125.937,0.139,125.798,0.03349252,-0.03948307
2012-01-01,Greece,2Y,166.807,0.156,166.65099999999998,0.02629851,-0.02840244
2012-02-01,Greece,2Y,203.982,0.188,203.794,-0.01433788,0.01535817
2012-03-01,Greece,2Y,205.602,0.204,205.398,0.00682966,-0.00830541
2012-04-01,Greece,2Y,205.602,0.076,205.526,0.00683135,-0.00606342
2012-05-01,Greece,2Y,205.602,0.007,205.595,0.04135716,-0.02621478
2012-06-01,Greece,2Y,205.602,0.12,205.482,0.03338643,-0.00627108
2012-07-01,Greece,2Y,205.602,-0.094,205.696,-0.0072012,-0.10685152
2012-08-01,Greece,2Y,205.602,-0.037,205.639,0.10355838,-0.07344139
2012-09-01,Greece,2Y,205.602,0.018,205.584,-0.03500514,0.0388083
2012-10-01,Greece,2Y,205.602,0.035,205.567,0.00539462,-0.00081696
2012-11-01,Greece,2Y,205.602,0.007,205.595,0.00753017,0.00512519
2012-12-01,Greece,2Y,205.602,-0.021,205.623,-0.0037345,-0.00486517
2013-01-01,Greece,2Y,205.602,0.266,205.336,-0.00316676,0.01806952
2013-02-01,Greece,2Y,205.602,0.037,205.565,-0.00649124,-0.0096722
2013-03-01,Greece,2Y,205.602,-0.026,205.62800000000001,0.00845211,0.00457824
2013-04-01,Greece,2Y,205.602,0.011,205.591,0.02524541,-0.02755056
2013-05-01,Greece,2Y,205.602,0.067,205.535,-0.00548678,-0.005251
2013-06-01,Greece,2Y,205.602,0.187,205.415,0.03220402,-0.01512024
2013-07-01,Greece,2Y,205.602,0.15,205.452,-0.06055783,0.04203836
2013-08-01,Greece,2Y,205.602,0.235,205.367,-0.0028711,0.01132435
2013-09-01,Greece,2Y,205.602,0.166,205.436,-0.00632233,0.00132339
2013-10-01,Greece,2Y,205.602,0.113,205.489,0.00677482,-0.00609358
2013-11-01,Greece,2Y,205.602,0.114,205.488,-0.03543784,0.02352032
2013-12-01,Greece,2Y,205.602,0.207,205.395,0.0178962,-0.00423027
2014-01-01,Greece,2Y,205.602,0.066,205.536,0.0074008,-0.01504822
2014-02-01,Greece,2Y,205.602,0.127,205.475,0.0193551,0.02089548
2014-03-01,Greece,2Y,205.602,0.158,205.44400000000002,0.03148079,0.01102582
2014-04-01,Greece,2Y,205.602,0.14,205.46200000000002,-0.01390848,0.03683678
2014-05-01,Greece,2Y,205.602,0.061,205.541,-0.00528758,0.01007157
2014-06-01,Greece,2Y,205.602,0.025,205.577,-0.03637694,0.01209969
2014-07-01,Greece,2Y,205.602,0.022,205.58,-0.01783726,0.01292655
2014-08-01,Greece,2Y,205.602,-0.033,205.635,0.00070312,0.00187773
2014-09-01,Greece,2Y,205.602,-0.083,205.685,-0.06422641,-0.00068183
2014-10-01,Greece,2Y,205.602,-0.058,205.66,0.05409899,-0.04887129
2014-11-01,Greece,2Y,205.602,-0.034,205.636,-0.03680355,0.03947588
2014-12-01,Greece,2Y,205.602,-0.11,205.71200000000002,0.05596263,-0.04833079
2015-01-01,Greece,2Y,205.602,-0.187,205.78900000000002,-0.01922483,0.01173607
2015-02-01,Greece,2Y,205.602,-0.229,205.83100000000002,0.0,0.0
2015-03-01,Greece,2Y,205.602,-0.255,205.857,0.00035536,-0.00385565
2015-04-01,Greece,2Y,19.018,-0.224,19.242,-0.00142985,0.00811493
2015-05-01,Greece,2Y,22.948,-0.229,23.177,0.0,0.0
2015-06-01,Greece,2Y,37.198,-0.229,37.427,0.00884221,-0.01158719
2015-07-01,Greece,2Y,20.48,-0.235,20.715,-0.00145856,0.00208231
2015-08-01,Greece,2Y,10.767,-0.207,10.974,0.0,0.0
2015-09-01,Greece,2Y,10.609,-0.255,10.864,-0.03170106,0.0298776
2015-10-01,Greece,2Y,8.162,-0.317,8.479000000000001,-0.07457095,0.05369102
2015-11-01,Greece,2Y,7.086,-0.419,7.505,0.0,0.0
2015-12-01,Greece,2Y,7.174,-0.349,7.523000000000001,0.16522564,-0.06777853
2016-01-01,Greece,2Y,13.421,-0.49,13.911,-0.02353204,0.00207732
2016-02-01,Greece,2Y,11.187,-0.574,11.761,0.0,0.0
2016-03-01,Greece,2Y,8.768,-0.489,9.257000000000001,0.00295142,0.04696157
2016-04-01,Greece,2Y,9.371,-0.485,9.856,0.00874813,-0.00714425
2016-05-01,Greece,2Y,7.003,-0.517,7.5200000000000005,0.0,0.0
2016-06-01,Greece,2Y,7.208,-0.663,7.871,0.01416894,-0.01469861
2016-07-01,Greece,2Y,7.005,-0.632,7.637,0.00420598,0.02136953
2016-08-01,Greece,2Y,7.266,-0.625,7.891,0.0,0.0
2016-09-01,Greece,2Y,7.266,-0.693,7.959,0.02928932,-0.01588046
2016-10-01,Greece,2Y,7.266,-0.626,7.892,-0.00343218,0.00288461
2016-11-01,Greece,2Y,7.266,-0.735,8.001,0.0,0.0
2016-12-01,Greece,2Y,7.266,-0.8,8.066,-0.02369548,0.02494524
2017-01-01,Greece,2Y,8.7,-0.71,9.41,-0.01136922,0.01125365
2017-02-01,Greece,2Y,7.909,-0.909,8.818,0.0,0.0
2017-03-01,Greece,2Y,7.481,-0.75,8.231,-0.01209542,0.01300103
2017-04-01,Greece,2Y,6.205,-0.74,6.945,-0.00220409,-0.00059132
2017-05-01,Greece,2Y,5.706,-0.723,6.429,0.0,0.0
2017-06-01,Greece,2Y,3.683,-0.581,4.263999999999999,0.00468379,-0.00618022
2017-07-01,Greece,2Y,3.288,-0.688,3.976,-0.00745165,-0.00386945
2017-08-01,Greece,2Y,2.988,-0.733,3.721,0.0,0.0
2017-09-01,Greece,2Y,2.999,-0.697,3.696,-0.00127015,0.00235026
2017-10-01,Greece,2Y,3.06,-0.754,3.814,-0.01205914,0.01350465
2017-11-01,Greece,2Y,2.712,-0.69,3.402,0.0,0.0
2017-12-01,Greece,2Y,1.543,-0.639,2.182,-0.00726541,0.00542794
2018-01-01,Greece,2Y,1.307,-0.535,1.842,0.01937805,-0.01940399
2018-02-01,Greece,2Y,1.54,-0.548,2.088,0.0,0.0
2018-03-01,Greece,2Y,1.177,-0.613,1.79,-0.01997759,0.02238169
2018-04-01,Greece,2Y,1.177,-0.592,1.7690000000000001,0.00352961,-0.00433858
2018-05-01,Greece,2Y,1.177,-0.667,1.844,0.0,0.0
2018-06-01,Greece,2Y,1.177,-0.674,1.851,-0.04271677,0.03658385
2018-07-01,Greece,2Y,1.177,-0.579,1.756,-0.00753783,0.00753783
2018-08-01,Greece,2Y,1.177,-0.611,1.788,0.0,0.0
2018-09-01,Greece,2Y,1.177,-0.532,1.709,0.00550418,-0.00644394
2018-10-01,Greece,2Y,1.177,-0.624,1.8010000000000002,0.02001239,-0.01825893
2018-11-01,Greece,2Y,1.177,-0.602,1.779,0.0,0.0
2018-12-01,Greece,2Y,1.177,-0.62,1.7970000000000002,-0.00415027,0.00355439
2019-01-01,Greece,2Y,1.177,-0.569,1.746,0.0175893,-0.02145109
2019-02-01,Greece,2Y,1.177,-0.528,1.705,0.0,0.0
2019-03-01,Greece,2Y,1.177,-0.611,1.788,0.00868726,-0.01442751
2019-04-01,Greece,2Y,1.177,-0.59,1.767,-0.00273599,-0.00018377
2019-05-01,Greece,2Y,1.177,-0.673,1.85,0.0,0.0
2019-06-01,Greece,2Y,1.177,-0.758,1.935,0.03058214,-0.0071408
2019-07-01,Greece,2Y,1.177,-0.785,1.9620000000000002,0.04218756,-0.00506254
2019-08-01,Greece,2Y,1.177,-0.933,2.1100000000000003,0.0,0.0
2019-09-01,Greece,2Y,1.177,-0.773,1.9500000000000002,0.03217407,0.03487853
2019-10-01,Greece,2Y,1.177,-0.668,1.8450000000000002,0.00764552,-0.00665165
2019-11-01,Greece,2Y,1.177,-0.636,1.8130000000000002,0.0,0.0
2019-12-01,Greece,2Y,1.177,-0.612,1.7890000000000001,-0.01029327,0.01098215
2020-01-01,Greece,2Y,1.177,-0.674,1.851,0.01788192,-0.01219238
2020-02-01,Greece,2Y,1.177,-0.776,1.953,0.0,0.0
2020-03-01,Greece,2Y,1.177,-0.702,1.879,0.18996661,-0.0646914
2020-04-01,Greece,2Y,1.177,-0.777,1.9540000000000002,0.04450687,-0.0282567
2020-05-01,Greece,2Y,1.177,-0.668,1.8450000000000002,0.0,0.0
2020-06-01,Greece,2Y,1.177,-0.695,1.8719999999999999,0.00075699,0.00221042
2020-07-01,Greece,2Y,1.177,-0.72,1.897,-0.01051453,0.00663075
2020-08-01,Greece,2Y,0.179,-0.658,0.837,0.0,0.0
2020-09-01,Greece,2Y,0.16,-0.705,0.865,-0.01137573,0.0209051
2020-10-01,Greece,2Y,0.114,-0.798,0.912,-0.04440888,0.03827308
2020-11-01,Greece,2Y,-0.116,-0.749,0.633,0.0,0.0
2020-12-01,Greece,2Y,-0.117,-0.715,0.598,0.02960964,-0.0146942
2021-01-01,Greece,2Y,-0.117,-0.738,0.621,0.01223291,-0.00964168
2021-02-01,Greece,2Y,-0.078,-0.668,0.5900000000000001,0.0,0.0
2021-03-01,Greece,2Y,-0.135,-0.695,0.5599999999999999,0.00286225,0.0097477
2021-04-01,Greece,2Y,-0.334,-0.69,0.3559999999999999,0.00189025,-0.00343929
2021-05-01,Greece,2Y,-0.326,-0.668,0.342,0.0,0.0
2021-06-01,Greece,2Y,-0.362,-0.667,0.30500000000000005,-0.01563274,0.01470217
2021-07-01,Greece,2Y,-0.465,-0.767,0.302,0.0073095,-0.00768279
2021-08-01,Greece,2Y,-0.381,-0.722,0.34099999999999997,0.0,0.0
2021-09-01,Greece,2Y,-0.397,-0.695,0.29799999999999993,-0.01404805,0.01567899
2021-10-01,Greece,2Y,-0.187,-0.591,0.40399999999999997,0.00670146,-0.0061872
2021-11-01,Greece,2Y,-0.322,-0.746,0.424,0.0,0.0
2021-12-01,Greece,2Y,-0.373,-0.636,0.263,0.02039478,-0.02349587
2022-01-01,Greece,2Y,-0.279,-0.536,0.257,0.0,0.0
2022-02-01,Greece,2Y,0.032,-0.539,0.5710000000000001,0.03923857,-0.02262021
2022-03-01,Greece,2Y,0.545,-0.08,0.625,0.01158872,0.00288687
2022-04-01,Greece,2Y,1.219,0.254,0.9650000000000001,-0.02722772,-0.01209206
2022-05-01,Greece,2Y,1.364,0.494,0.8700000000000001,0.0,0.0
2022-06-01,Greece,2Y,1.622,0.632,0.9900000000000001,0.04000315,-0.05017059
2022-07-01,Greece,2Y,1.493,0.264,1.229,0.06062276,0.06828821
2022-08-01,Greece,2Y,2.022,1.184,0.8379999999999999,0.0,0.0
2022-09-01,Greece,2Y,2.607,1.747,0.8600000000000001,0.06553518,0.05123198
2022-10-01,Greece,2Y,2.627,1.927,0.6999999999999997,-0.0484317,-0.00738864
2022-11-01,Greece,2Y,2.652,2.112,0.54,0.0,0.0
2022-12-01,Greece,2Y,3.209,2.738,0.4710000000000001,0.08741766,-0.05187298
2023-01-01,Greece,2Y,3.093,2.644,0.44899999999999984,0.0,0.0
2023-02-01,Greece,2Y,3.385,3.128,0.2569999999999997,-0.02825908,0.00739243
2023-03-01,Greece,2Y,3.173,2.673,0.5,0.06364707,0.13706177
2023-04-01,Greece,2Y,3.094,2.675,0.41900000000000004,0.0,0.0
2023-05-01,Greece,2Y,3.066,2.707,0.359,-0.05445383,-0.02205352
2023-06-01,Greece,2Y,3.361,3.188,0.17300000000000004,0.00310685,0.01212789
2023-07-01,Greece,2Y,3.293,3.031,0.262,-0.02931627,0.00761737
2023-08-01,Greece,2Y,3.277,2.967,0.31000000000000005,0.0,0.0
2023-09-01,Greece,2Y,3.495,3.198,0.29700000000000015,0.00399758,0.06922208
2023-10-01,Greece,2Y,3.317,3.011,0.30600000000000005,-0.02513959,0.0050286
2023-11-01,Greece,2Y,3.082,2.812,0.27,0.0,0.0
2023-12-01,Greece,2Y,2.76,2.392,0.3679999999999999,0.03287603,-0.00518218
2024-01-01,Greece,2Y,2.826,2.415,0.41100000000000003,-0.04307478,0.00364715
2024-02-01,Greece,2Y,2.801,2.898,-0.09699999999999998,0.0,0.0
2024-03-01,Greece,2Y,2.714,2.846,-0.13200000000000012,-0.02470938,0.02110809
2024-04-01,Greece,2Y,2.931,3.03,-0.09899999999999975,-0.00688623,0.00746176
2024-05-01,Greece,2Y,2.963,3.093,-0.1299999999999999,0.0,0.0
2024-06-01,Greece,2Y,2.815,2.828,-0.0129999999999999,0.01490844,0.0018587
2024-07-01,Greece,2Y,2.398,2.525,-0.12699999999999978,-0.00635903,0.00050086
2024-08-01,Greece,2Y,2.292,2.388,-0.09600000000000009,0.0,0.0
2024-09-01,Greece,2Y,1.992,2.064,-0.07200000000000006,0.03255924,-0.01615053
2024-10-01,Greece,2Y,2.207,2.276,-0.06899999999999995,-0.02068547,-0.01217264
2024-11-01,Greece,2Y,1.902,1.945,-0.04300000000000015,0.0,0.0
2024-12-01,Greece,2Y,2.07,2.077,-0.007000000000000117,0.00609036,0.02176619
2025-01-01,Greece,2Y,2.226,2.11,0.1160000000000001,-0.0087809,-0.00804116
2025-02-01,Greece,2Y,2.13,2.021,0.10899999999999999,0.0,0.0
2025-03-01,Greece,2Y,2.137,2.045,0.09200000000000008,-0.00193929,0.02623149
2025-04-01,Greece,2Y,1.911,1.683,0.22799999999999998,-0.03264565,-0.02455187
2025-05-01,Greece,2Y,1.914,1.772,0.1419999999999999,0.0,0.0
2025-06-01,Greece,2Y,1.99,1.857,0.133,0.02367629,-0.00634498
2025-07-01,Greece,2Y,2.062,1.96,0.10199999999999987,0.02395822,-0.00106382
2025-08-01,Greece,2Y,2.055,1.937,0.1180000000000001,0.0,0.0
2025-09-01,Greece,2Y,2.012,2.018,-0.005999999999999783,-0.01551833,0.00187802
2025-10-01,Greece,2Y,1.851,1.966,-0.11499999999999999,-0.01065112,0.01192155
2025-11-01,Greece,2Y,1.867,2.026,-0.1589999999999998,,
2025-12-01,Greece,2Y,1.821,2.12,-0.29900000000000015,,
2026-01-01,Greece,2Y,2.229,2.085,0.14400000000000013,,
2026-02-01,Greece,2Y,2.134,1.995,0.1389999999999998,,
2026-03-01,Greece,2Y,2.79,2.613,0.17700000000000005,,
2026-04-01,Greece,2Y,2.763,2.64,0.12299999999999978,,
2026-05-01,Greece,2Y,2.603,2.526,0.0770000000000004,,
2026-06-01,Greece,2Y,2.591,2.524,0.06700000000000017,,
2026-07-01,Greece,2Y,2.889,2.817,0.07199999999999962,,
2026-08-01,Greece,2Y,2.993,2.934,0.05899999999999972,,
2026-09-01,Greece,2Y,3.334,3.26,0.07400000000000029,,
1999-01-01,Greece,5Y,,3.127,,0.02914637,-0.06311121
1999-02-01,Greece,5Y,,3.406,,-0.00556514,0.00556514
1999-03-01,Greece,5Y,,3.228,,-0.00592203,0.00323799
1999-04-01,Greece,5Y,,3.089,,-0.00679893,-0.00330584
1999-05-01,Greece,5Y,,3.317,,0.01543059,-0.00936631
1999-06-01,Greece,5Y,,3.847,,0.00768436,-0.01317122
1999-07-01,Greece,5Y,,4.186,,-0.00494872,0.02780708
1999-08-01,Greece,5Y,,4.307,,0.00678846,-0.00826848
1999-09-01,Greece,5Y,,4.424,,-0.04166781,-0.00527997
1999-10-01,Greece,5Y,,4.641,,-0.06815947,-0.10613335
1999-11-01,Greece,5Y,,4.632,,0.01057526,0.04684463
1999-12-01,Greece,5Y,,4.79,,-0.00790024,0.00763541
2000-01-01,Greece,5Y,,5.052,,0.01150505,-0.02335973
2000-02-01,Greece,5Y,,5.088,,-0.04027945,0.06481814
2000-03-01,Greece,5Y,,4.854,,-0.06675806,-0.0176937
2000-04-01,Greece,5Y,,4.998,,0.02378726,-0.01526446
2000-05-01,Greece,5Y,,5.046,,-0.06400218,0.06313006
2000-06-01,Greece,5Y,,5.022,,0.11366676,0.04898755
2000-07-01,Greece,5Y,,5.141,,0.02048594,-0.00231932
2000-08-01,Greece,5Y,,5.237,,-0.04765312,-0.036261
2000-09-01,Greece,5Y,,5.057,,-0.03226793,-0.00031136
2000-10-01,Greece,5Y,,5.073,,0.02902834,0.0510063
2000-11-01,Greece,5Y,,4.828,,-0.00713094,-0.01518934
2000-12-01,Greece,5Y,,4.508,,-0.0010197,0.02324592
2001-01-01,Greece,5Y,,4.495,,0.01139404,-0.00090513
2001-02-01,Greece,5Y,,4.482,,-0.00204204,0.01927988
2001-03-01,Greece,5Y,,4.334,,0.06859912,0.03120769
2001-04-01,Greece,5Y,,4.748,,0.06421035,0.12710222
2001-05-01,Greece,5Y,,4.731,,-0.13656878,-0.08779026
2001-06-01,Greece,5Y,,4.59,,0.02854883,0.02396559
2001-07-01,Greece,5Y,,4.413,,0.03007371,0.01514081
2001-08-01,Greece,5Y,,4.201,,0.05079423,-0.02379363
2001-09-01,Greece,5Y,,4.062,,0.0313824,-0.01387918
2001-10-01,Greece,5Y,,3.741,,0.04317789,0.06975827
2001-11-01,Greece,5Y,,4.026,,0.03107767,-0.00197459
2001-12-01,Greece,5Y,,4.386,,0.02660325,0.00333289
2002-01-01,Greece,5Y,,4.505,,0.01003587,0.01147814
2002-02-01,Greece,5Y,,4.546,,-0.00667414,0.03998737
2002-03-01,Greece,5Y,,4.902,,-3.086e-05,0.01296051
2002-04-01,Greece,5Y,,4.71,,-0.00247617,-0.01196426
2002-05-01,Greece,5Y,,4.8,,0.03218836,0.01597417
2002-06-01,Greece,5Y,,4.491,,0.01184929,-0.00618789
2002-07-01,Greece,5Y,,4.196,,0.00352277,-0.0116348
2002-08-01,Greece,5Y,,4.049,,0.01803811,-0.01560232
2002-09-01,Greece,5Y,,3.601,,0.01607403,-0.04022966
2002-10-01,Greece,5Y,,3.784,,0.02180133,0.01000217
2002-11-01,Greece,5Y,,3.8,,0.06594808,-0.03659766
2002-12-01,Greece,5Y,,3.395,,0.00595453,-0.05100643
2003-01-01,Greece,5Y,,3.266,,-0.02700705,0.05207753
2003-02-01,Greece,5Y,,3.055,,0.05532359,-0.03445075
2003-03-01,Greece,5Y,,3.24,,0.06711294,-0.02143875
2003-04-01,Greece,5Y,,3.273,,0.01825694,0.00312353
2003-05-01,Greece,5Y,,2.879,,0.05561085,-0.01606747
2003-06-01,Greece,5Y,,2.949,,0.00128217,-0.05865202
2003-07-01,Greece,5Y,,3.363,,0.00179838,0.01282863
2003-08-01,Greece,5Y,,3.463,,0.0,0.0
2003-09-01,Greece,5Y,,3.097,,0.00235118,-0.00730611
2003-10-01,Greece,5Y,,3.601,,0.03221462,-0.01758272
2003-11-01,Greece,5Y,,3.743,,-0.00093229,0.00553257
2003-12-01,Greece,5Y,,3.504,,0.01015649,-0.01957929
2004-01-01,Greece,5Y,,3.402,,-0.0131573,0.00742273
2004-02-01,Greece,5Y,,3.244,,-0.00162731,-0.00688155
2004-03-01,Greece,5Y,,3.093,,0.01236658,0.02812953
2004-04-01,Greece,5Y,,3.411,,0.04962089,0.02543383
2004-05-01,Greece,5Y,,3.578,,0.01746509,-0.0065437
2004-06-01,Greece,5Y,,3.572,,-0.01060389,-0.00014359
2004-07-01,Greece,5Y,,3.458,,0.00862926,-0.00812276
2004-08-01,Greece,5Y,,3.32,,-0.00139583,0.00217688
2004-09-01,Greece,5Y,,3.317,,0.0114091,0.00103921
2004-10-01,Greece,5Y,,3.164,,-0.00411348,-0.00801005
2004-11-01,Greece,5Y,,3.043,,-0.00031881,-0.00525612
2004-12-01,Greece,5Y,,3.031,,0.01785679,-0.00429348
2005-01-01,Greece,5Y,,2.927,,-0.01786635,-0.01631762
2005-02-01,Greece,5Y,,3.076,,0.00876981,-0.01224856
2005-03-01,Greece,5Y,,3.061,,-0.00906581,0.00175456
2005-04-01,Greece,5Y,,2.79,,0.00312037,-0.01689142
2005-05-01,Greece,5Y,,2.638,,-0.00742018,0.0089191
2005-06-01,Greece,5Y,,2.481,,0.01228622,0.00308786
2005-07-01,Greece,5Y,,2.647,,-0.01999819,0.03965357
2005-08-01,Greece,5Y,,2.539,,0.00221244,-0.00113823
2005-09-01,Greece,5Y,,2.732,,-0.00616143,0.00137953
2005-10-01,Greece,5Y,,3.007,,-0.00725165,0.0053286
2005-11-01,Greece,5Y,,3.093,,-0.02639035,0.01567596
2005-12-01,Greece,5Y,,3.068,,-0.02869513,0.00122556
2006-01-01,Greece,5Y,,3.22,,-0.01509696,-0.00771216
2006-02-01,Greece,5Y,,3.262,,-0.00544505,-0.00324349
2006-03-01,Greece,5Y,,3.585,,0.02163882,-0.01310347
2006-04-01,Greece,5Y,,3.735,,-0.05627657,-0.03601184
2006-05-01,Greece,5Y,,3.697,,0.00017422,-0.00236101
2006-06-01,Greece,5Y,,3.84,,-0.03946736,-0.00172699
2006-07-01,Greece,5Y,,3.695,,0.01414146,0.00627523
2006-08-01,Greece,5Y,,3.588,,0.01499431,0.01378088
2006-09-01,Greece,5Y,,3.628,,0.0,0.0
2006-10-01,Greece,5Y,,3.683,,-0.00312185,0.00292537
2006-11-01,Greece,5Y,,3.635,,0.02599157,-0.03156989
2006-12-01,Greece,5Y,,3.921,,-0.01228785,0.03226851
2007-01-01,Greece,5Y,,4.036,,-0.04184531,-0.00062716
2007-02-01,Greece,5Y,,3.892,,0.01201155,-0.00426155
2007-03-01,Greece,5Y,4.141,4.018,0.12300000000000022,0.00234815,0.00780903
2007-04-01,Greece,5Y,4.236,4.134,0.10199999999999942,0.00848509,-0.01206177
2007-05-01,Greece,5Y,4.521,4.412,0.10899999999999999,0.00231754,-0.00518441
2007-06-01,Greece,5Y,4.66,4.527,0.133,3.95e-06,-0.00707298
2007-07-01,Greece,5Y,4.528,4.319,0.20899999999999963,0.00420353,-0.00350775
2007-08-01,Greece,5Y,4.358,4.115,0.24299999999999944,-7.551e-05,-0.00333671
2007-09-01,Greece,5Y,4.366,4.163,0.2029999999999994,-0.0363456,-0.00270934
2007-10-01,Greece,5Y,4.324,4.132,0.19200000000000017,0.00166756,-0.00365079
2007-11-01,Greece,5Y,4.209,3.911,0.2979999999999996,0.00101171,-0.02129922
2007-12-01,Greece,5Y,4.331,4.119,0.21200000000000063,0.02203938,-0.00235725
2008-01-01,Greece,5Y,3.824,3.552,0.2719999999999998,0.00854417,-0.01034839
2008-02-01,Greece,5Y,3.722,3.368,0.3540000000000001,-0.00565551,-0.04432311
2008-03-01,Greece,5Y,4.067,3.6,0.4670000000000001,0.03287918,-0.00319577
2008-04-01,Greece,5Y,4.224,3.877,0.3470000000000004,-0.00107664,0.00211722
2008-05-01,Greece,5Y,4.671,4.303,0.3680000000000003,0.0079654,-0.01921652
2008-06-01,Greece,5Y,5.14,4.636,0.5039999999999996,0.08718549,0.05944987
2008-07-01,Greece,5Y,4.74,4.272,0.46799999999999997,-0.08616599,0.0003162
2008-08-01,Greece,5Y,4.69,4.095,0.5950000000000006,-0.00047578,-0.0412033
2008-09-01,Greece,5Y,4.657,3.768,0.8890000000000002,0.02062448,-0.02765799
2008-10-01,Greece,5Y,4.888,3.196,1.6919999999999997,-0.00294813,-0.05476331
2008-11-01,Greece,5Y,4.352,2.651,1.7010000000000005,0.14345953,0.0601037
2008-12-01,Greece,5Y,4.961,2.318,2.6430000000000002,0.07249163,-0.02195657
2009-01-01,Greece,5Y,5.223,2.494,2.7289999999999996,0.00570074,-0.03082516
2009-02-01,Greece,5Y,4.992,2.234,2.758,-0.0142095,-0.04348585
2009-03-01,Greece,5Y,4.92,2.233,2.687,-0.00508159,0.00953191
2009-04-01,Greece,5Y,4.526,2.354,2.1719999999999997,0.04361952,0.04035626
2009-05-01,Greece,5Y,4.226,2.632,1.5939999999999999,-0.00276712,-0.02144281
2009-06-01,Greece,5Y,3.69,2.493,1.197,0.01914683,0.01991529
2009-07-01,Greece,5Y,3.331,2.406,0.9249999999999998,0.01967426,-0.08702865
2009-08-01,Greece,5Y,3.346,2.375,0.9710000000000001,0.00382895,-0.00227106
2009-09-01,Greece,5Y,3.361,2.401,0.9600000000000004,-0.01479861,-0.0288011
2009-10-01,Greece,5Y,3.404,2.411,0.9929999999999999,-0.00631641,-0.01739833
2009-11-01,Greece,5Y,3.909,2.233,1.6759999999999997,-0.03362904,0.01798103
2009-12-01,Greece,5Y,4.96,2.423,2.537,-0.03020061,-0.01008083
2010-01-01,Greece,5Y,6.666,2.276,4.390000000000001,-6.14e-06,-0.01162683
2010-02-01,Greece,5Y,6.241,2.127,4.114,0.02809804,-0.03309557
2010-03-01,Greece,5Y,6.108,2.136,3.9719999999999995,-0.01619472,0.00347371
2010-04-01,Greece,5Y,10.624,1.968,8.656,0.00539033,-0.00101855
2010-05-01,Greece,5Y,8.225,1.557,6.667999999999999,0.02627696,-0.01799763
2010-06-01,Greece,5Y,10.872,1.458,9.414,-0.02371403,0.02024375
2010-07-01,Greece,5Y,10.656,1.653,9.003,0.00522594,0.04208827
2010-08-01,Greece,5Y,12.024,1.199,10.825,0.01420454,-0.02426078
2010-09-01,Greece,5Y,10.389,1.483,8.905999999999999,-0.00294235,-0.01052608
2010-10-01,Greece,5Y,11.175,1.712,9.463000000000001,-0.00279264,0.00162802
2010-11-01,Greece,5Y,12.383,1.674,10.709,-0.00010904,-0.0080795
2010-12-01,Greece,5Y,13.469,1.838,11.631,-0.00484115,-0.02320713
2011-01-01,Greece,5Y,12.358,2.386,9.972000000000001,0.01844172,0.01740865
2011-02-01,Greece,5Y,13.255,2.386,10.869,-0.02451558,-0.01441031
2011-03-01,Greece,5Y,14.189,2.671,11.518,0.07028429,0.06022116
2011-04-01,Greece,5Y,16.709,2.599,14.11,-0.00244173,0.01943218
2011-05-01,Greece,5Y,16.331,2.277,14.053999999999998,-0.05955414,-0.04508166
2011-06-01,Greece,5Y,18.28,2.277,16.003,-0.01534681,-0.00214682
2011-07-01,Greece,5Y,16.554,1.719,14.834999999999999,-0.01354933,0.02770202
2011-08-01,Greece,5Y,20.989,1.309,19.68,-0.04366301,-0.12013885
2011-09-01,Greece,5Y,25.877,1.165,24.712,0.01207522,-0.01000965
2011-10-01,Greece,5Y,27.82,1.159,26.661,0.10619898,0.05031052
2011-11-01,Greece,5Y,43.519,1.16,42.359,-0.07192325,-0.0611927
2011-12-01,Greece,5Y,49.78,0.753,49.027,0.03349252,-0.03948307
2012-01-01,Greece,5Y,48.508,0.736,47.772000000000006,0.02629851,-0.02840244
2012-02-01,Greece,5Y,51.724,0.813,50.910999999999994,-0.01433788,0.01535817
2012-03-01,Greece,5Y,53.562,0.794,52.768,0.00682966,-0.00830541
2012-04-01,Greece,5Y,53.562,0.599,52.963,0.00683135,-0.00606342
2012-05-01,Greece,5Y,53.562,0.336,53.226,0.04135716,-0.02621478
2012-06-01,Greece,5Y,53.562,0.61,52.952,0.03338643,-0.00627108
2012-07-01,Greece,5Y,53.562,0.303,53.259,-0.0072012,-0.10685152
2012-08-01,Greece,5Y,53.562,0.333,53.229,0.10355838,-0.07344139
2012-09-01,Greece,5Y,53.562,0.509,53.053,-0.03500514,0.0388083
2012-10-01,Greece,5Y,53.562,0.491,53.071,0.00539462,-0.00081696
2012-11-01,Greece,5Y,53.562,0.405,53.157,0.00753017,0.00512519
2012-12-01,Greece,5Y,53.562,0.292,53.269999999999996,-0.0037345,-0.00486517
2013-01-01,Greece,5Y,53.562,0.762,52.8,-0.00316676,0.01806952
2013-02-01,Greece,5Y,53.562,0.434,53.128,-0.00649124,-0.0096722
2013-03-01,Greece,5Y,53.562,0.311,53.251,0.00845211,0.00457824
2013-04-01,Greece,5Y,53.562,0.332,53.23,0.02524541,-0.02755056
2013-05-01,Greece,5Y,53.562,0.487,53.074999999999996,-0.00548678,-0.005251
2013-06-01,Greece,5Y,53.562,0.734,52.827999999999996,0.03220402,-0.01512024
2013-07-01,Greece,5Y,53.562,0.651,52.910999999999994,-0.06055783,0.04203836
2013-08-01,Greece,5Y,53.562,0.817,52.745,-0.0028711,0.01132435
2013-09-01,Greece,5Y,53.562,0.791,52.771,-0.00632233,0.00132339
2013-10-01,Greece,5Y,53.562,0.657,52.905,0.00677482,-0.00609358
2013-11-01,Greece,5Y,53.562,0.651,52.910999999999994,-0.03543784,0.02352032
2013-12-01,Greece,5Y,53.562,0.917,52.644999999999996,0.0178962,-0.00423027
2014-01-01,Greece,5Y,53.562,0.649,52.913,0.0074008,-0.01504822
2014-02-01,Greece,5Y,53.562,0.667,52.894999999999996,0.0193551,0.02089548
2014-03-01,Greece,5Y,53.562,0.628,52.934,0.03148079,0.01102582
2014-04-01,Greece,5Y,4.897,0.551,4.346,-0.01390848,0.03683678
2014-05-01,Greece,5Y,4.783,0.428,4.355,-0.00528758,0.01007157
2014-06-01,Greece,5Y,4.216,0.341,3.875,-0.03637694,0.01209969
2014-07-01,Greece,5Y,4.197,0.301,3.896,-0.01783726,0.01292655
2014-08-01,Greece,5Y,4.09,0.172,3.9179999999999997,0.00070312,0.00187773
2014-09-01,Greece,5Y,4.742,0.146,4.596,-0.06422641,-0.00068183
2014-10-01,Greece,5Y,7.136,0.125,7.011,0.05409899,-0.04887129
2014-11-01,Greece,5Y,7.1,0.111,6.989,-0.03680355,0.03947588
2014-12-01,Greece,5Y,11.166,0.008,11.158000000000001,0.05596263,-0.04833079
2015-01-01,Greece,5Y,14.8,-0.051,14.851,-0.01922483,0.01173607
2015-02-01,Greece,5Y,12.5,-0.088,12.588,0.0,0.0
2015-03-01,Greece,5Y,16.736,-0.102,16.838,0.00035536,-0.00385565
2015-04-01,Greece,5Y,15.698,0.007,15.691,-0.00142985,0.00811493
2015-05-01,Greece,5Y,15.698,-0.004,15.702,0.0,0.0
2015-06-01,Greece,5Y,15.698,0.073,15.625,0.00884221,-0.01158719
2015-07-01,Greece,5Y,15.698,0.044,15.654,-0.00145856,0.00208231
2015-08-01,Greece,5Y,15.698,0.126,15.572000000000001,0.0,0.0
2015-09-01,Greece,5Y,15.698,-0.007,15.705,-0.03170106,0.0298776
2015-10-01,Greece,5Y,15.698,-0.079,15.777000000000001,-0.07457095,0.05369102
2015-11-01,Greece,5Y,15.698,-0.183,15.881,0.0,0.0
2015-12-01,Greece,5Y,15.698,-0.047,15.745000000000001,0.16522564,-0.06777853
2016-01-01,Greece,5Y,15.698,-0.313,16.011,-0.02353204,0.00207732
2016-02-01,Greece,5Y,15.698,-0.408,16.106,0.0,0.0
2016-03-01,Greece,5Y,15.698,-0.329,16.027,0.00295142,0.04696157
2016-04-01,Greece,5Y,15.698,-0.289,15.987,0.00874813,-0.00714425
2016-05-01,Greece,5Y,15.698,-0.378,16.076,0.0,0.0
2016-06-01,Greece,5Y,15.698,-0.569,16.267,0.01416894,-0.01469861
2016-07-01,Greece,5Y,15.698,-0.529,16.227,0.00420598,0.02136953
2016-08-01,Greece,5Y,15.698,-0.504,16.202,0.0,0.0
2016-09-01,Greece,5Y,15.698,-0.577,16.275,0.02928932,-0.01588046
2016-10-01,Greece,5Y,15.698,-0.402,16.1,-0.00343218,0.00288461
2016-11-01,Greece,5Y,15.698,-0.432,16.13,0.0,0.0
2016-12-01,Greece,5Y,15.698,-0.543,16.241,-0.02369548,0.02494524
2017-01-01,Greece,5Y,15.698,-0.406,16.104,-0.01136922,0.01125365
2017-02-01,Greece,5Y,15.698,-0.575,16.273,0.0,0.0
2017-03-01,Greece,5Y,15.698,-0.386,16.084,-0.01209542,0.01300103
2017-04-01,Greece,5Y,15.698,-0.39,16.088,-0.00220409,-0.00059132
2017-05-01,Greece,5Y,15.698,-0.435,16.133,0.0,0.0
2017-06-01,Greece,5Y,15.698,-0.229,15.927,0.00468379,-0.00618022
2017-07-01,Greece,5Y,4.556,-0.182,4.738,-0.00745165,-0.00386945
2017-08-01,Greece,5Y,4.558,-0.345,4.903,0.0,0.0
2017-09-01,Greece,5Y,4.604,-0.269,4.873,-0.00127015,0.00235026
2017-10-01,Greece,5Y,4.407,-0.351,4.758,-0.01205914,0.01350465
2017-11-01,Greece,5Y,4.113,-0.31,4.423,0.0,0.0
2017-12-01,Greece,5Y,3.424,-0.207,3.631,-0.00726541,0.00542794
2018-01-01,Greece,5Y,3.0,0.102,2.898,0.01937805,-0.01940399
2018-02-01,Greece,5Y,3.58,0.021,3.559,0.0,0.0
2018-03-01,Greece,5Y,3.356,-0.106,3.4619999999999997,-0.01997759,0.02238169
2018-04-01,Greece,5Y,2.836,-0.061,2.897,0.00352961,-0.00433858
2018-05-01,Greece,5Y,3.784,-0.275,4.059,0.0,0.0
2018-06-01,Greece,5Y,3.048,-0.306,3.354,-0.04271677,0.03658385
2018-07-01,Greece,5Y,2.965,-0.128,3.093,-0.00753783,0.00753783
2018-08-01,Greece,5Y,3.374,-0.233,3.607,0.0,0.0
2018-09-01,Greece,5Y,3.199,-0.092,3.291,0.00550418,-0.00644394
2018-10-01,Greece,5Y,3.275,-0.194,3.469,0.02001239,-0.01825893
2018-11-01,Greece,5Y,3.197,-0.271,3.468,0.0,0.0
2018-12-01,Greece,5Y,3.182,-0.32,3.502,-0.00415027,0.00355439
2019-01-01,Greece,5Y,2.813,-0.318,3.1310000000000002,0.0175893,-0.02145109
2019-02-01,Greece,5Y,2.833,-0.279,3.112,0.0,0.0
2019-03-01,Greece,5Y,2.582,-0.453,3.0349999999999997,0.00868726,-0.01442751
2019-04-01,Greece,5Y,2.239,-0.416,2.655,-0.00273599,-0.00018377
2019-05-01,Greece,5Y,1.712,-0.582,2.294,0.0,0.0
2019-06-01,Greece,5Y,1.277,-0.666,1.943,0.03058214,-0.0071408
2019-07-01,Greece,5Y,1.053,-0.717,1.77,0.04218756,-0.00506254
2019-08-01,Greece,5Y,0.941,-0.927,1.8679999999999999,0.0,0.0
2019-09-01,Greece,5Y,0.693,-0.775,1.468,0.03217407,0.03487853
2019-10-01,Greece,5Y,0.379,-0.628,1.0070000000000001,0.00764552,-0.00665165
2019-11-01,Greece,5Y,0.572,-0.585,1.157,0.0,0.0
2019-12-01,Greece,5Y,0.489,-0.476,0.962,-0.01029327,0.01098215
2020-01-01,Greece,5Y,0.323,-0.644,0.9670000000000001,0.01788192,-0.01219238
2020-02-01,Greece,5Y,0.521,-0.766,1.287,0.0,0.0
2020-03-01,Greece,5Y,1.259,-0.657,1.916,0.18996661,-0.0646914
2020-04-01,Greece,5Y,1.657,-0.77,2.427,0.04450687,-0.0282567
2020-05-01,Greece,5Y,0.867,-0.646,1.513,0.0,0.0
2020-06-01,Greece,5Y,0.607,-0.7,1.307,0.00075699,0.00221042
2020-07-01,Greece,5Y,0.44,-0.722,1.162,-0.01051453,0.00663075
2020-08-01,Greece,5Y,0.441,-0.631,1.072,0.0,0.0
2020-09-01,Greece,5Y,0.421,-0.713,1.134,-0.01137573,0.0209051
2020-10-01,Greece,5Y,0.36,-0.822,1.182,-0.04440888,0.03827308
2020-11-01,Greece,5Y,0.023,-0.754,0.777,0.0,0.0
2020-12-01,Greece,5Y,0.076,-0.742,0.818,0.02960964,-0.0146942
2021-01-01,Greece,5Y,0.046,-0.736,0.782,0.01223291,-0.00964168
2021-02-01,Greece,5Y,0.423,-0.569,0.992,0.0,0.0
2021-03-01,Greece,5Y,0.196,-0.629,0.825,0.00286225,0.0097477
2021-04-01,Greece,5Y,0.137,-0.578,0.715,0.00189025,-0.00343929
2021-05-01,Greece,5Y,0.103,-0.568,0.6709999999999999,0.0,0.0
2021-06-01,Greece,5Y,0.029,-0.589,0.618,-0.01563274,0.01470217
2021-07-01,Greece,5Y,-0.172,-0.744,0.5720000000000001,0.0073095,-0.00768279
2021-08-01,Greece,5Y,-0.055,-0.68,0.625,0.0,0.0
2021-09-01,Greece,5Y,0.072,-0.558,0.63,-0.01404805,0.01567899
2021-10-01,Greece,5Y,0.545,-0.392,0.937,0.00670146,-0.0061872
2021-11-01,Greece,5Y,0.37,-0.622,0.992,0.0,0.0
2021-12-01,Greece,5Y,0.557,-0.461,1.018,0.02039478,-0.02349587
2022-01-01,Greece,5Y,0.775,-0.227,1.002,0.0,0.0
2022-02-01,Greece,5Y,1.363,-0.164,1.527,0.03923857,-0.02262021
2022-03-01,Greece,5Y,1.572,0.371,1.201,0.01158872,0.00288687
2022-04-01,Greece,5Y,2.439,0.674,1.7650000000000001,-0.02722772,-0.01209206
2022-05-01,Greece,5Y,2.304,0.832,1.472,0.0,0.0
2022-06-01,Greece,5Y,2.683,1.056,1.6269999999999998,0.04000315,-0.05017059
2022-07-01,Greece,5Y,2.433,0.524,1.9089999999999998,0.06062276,0.06828821
2022-08-01,Greece,5Y,3.272,1.383,1.8889999999999998,0.0,0.0
2022-09-01,Greece,5Y,3.998,1.959,2.039,0.06553518,0.05123198
2022-10-01,Greece,5Y,3.866,2.0,1.866,-0.0484317,-0.00738864
2022-11-01,Greece,5Y,3.185,1.929,1.256,0.0,0.0
2022-12-01,Greece,5Y,3.598,2.566,1.032,0.08741766,-0.05187298
2023-01-01,Greece,5Y,3.372,2.306,1.0659999999999998,0.0,0.0
2023-02-01,Greece,5Y,3.799,2.736,1.0629999999999997,-0.02825908,0.00739243
2023-03-01,Greece,5Y,3.48,2.305,1.1749999999999998,0.06364707,0.13706177
2023-04-01,Greece,5Y,3.717,2.3,1.4170000000000003,0.0,0.0
2023-05-01,Greece,5Y,3.304,2.275,1.029,-0.05445383,-0.02205352
2023-06-01,Greece,5Y,3.486,2.546,0.9400000000000004,0.00310685,0.01212789
2023-07-01,Greece,5Y,3.416,2.533,0.883,-0.02931627,0.00761737
2023-08-01,Greece,5Y,3.409,2.472,0.9369999999999998,0.0,0.0
2023-09-01,Greece,5Y,3.826,2.774,1.052,0.00399758,0.06922208
2023-10-01,Greece,5Y,3.61,2.652,0.9579999999999997,-0.02513959,0.0050286
2023-11-01,Greece,5Y,3.13,2.372,0.758,0.0,0.0
2023-12-01,Greece,5Y,2.511,1.942,0.5690000000000002,0.03287603,-0.00518218
2024-01-01,Greece,5Y,2.661,2.049,0.6120000000000001,-0.04307478,0.00364715
2024-02-01,Greece,5Y,2.971,2.43,0.5409999999999999,0.0,0.0
2024-03-01,Greece,5Y,2.922,2.32,0.6020000000000003,-0.02470938,0.02110809
2024-04-01,Greece,5Y,3.138,2.615,0.5229999999999997,-0.00688623,0.00746176
2024-05-01,Greece,5Y,3.202,2.706,0.496,0.0,0.0
2024-06-01,Greece,5Y,3.237,2.479,0.758,0.01490844,0.0018587
2024-07-01,Greece,5Y,2.765,2.229,0.536,-0.00635903,0.00050086
2024-08-01,Greece,5Y,2.709,2.187,0.5220000000000002,0.0,0.0
2024-09-01,Greece,5Y,2.392,1.944,0.44799999999999995,0.03255924,-0.01615053
2024-10-01,Greece,5Y,2.652,2.265,0.387,-0.02068547,-0.01217264
2024-11-01,Greece,5Y,2.275,1.924,0.351,0.0,0.0
2024-12-01,Greece,5Y,2.488,2.152,0.33599999999999985,0.00609036,0.02176619
2025-01-01,Greece,5Y,2.697,2.233,0.46399999999999997,-0.0087809,-0.00804116
2025-02-01,Greece,5Y,2.594,2.149,0.44499999999999984,0.0,0.0
2025-03-01,Greece,5Y,2.791,2.337,0.45399999999999974,-0.00193929,0.02623149
2025-04-01,Greece,5Y,2.483,1.984,0.4990000000000001,-0.03264565,-0.02455187
2025-05-01,Greece,5Y,2.498,2.063,0.43500000000000005,0.0,0.0
2025-06-01,Greece,5Y,2.584,2.169,0.41500000000000004,0.02367629,-0.00634498
2025-07-01,Greece,5Y,2.645,2.293,0.35199999999999987,0.02395822,-0.00106382
2025-08-01,Greece,5Y,2.637,2.256,0.3810000000000002,0.0,0.0
2025-09-01,Greece,5Y,2.633,2.308,0.3250000000000002,-0.01551833,0.00187802
2025-10-01,Greece,5Y,2.494,2.231,0.26300000000000034,-0.01065112,0.01192155
2025-11-01,Greece,5Y,2.521,2.287,0.23399999999999999,,
2025-12-01,Greece,5Y,2.626,2.447,0.17899999999999983,,
2026-01-01,Greece,5Y,2.724,2.416,0.3080000000000003,,
2026-02-01,Greece,5Y,2.567,2.237,0.33000000000000007,,
2026-03-01,Greece,5Y,3.184,2.725,0.4590000000000001,,
2026-04-01,Greece,5Y,3.141,2.746,0.395,,
2026-05-01,Greece,5Y,2.974,2.636,0.3380000000000001,,
2026-06-01,Greece,5Y,2.918,2.594,0.3240000000000003,,
2026-07-01,Greece,5Y,3.285,2.941,0.3440000000000003,,
2026-08-01,Greece,5Y,3.405,3.062,0.34299999999999997,,
2026-09-01,Greece,5Y,3.707,3.333,0.37399999999999967,,
1999-01-01,Ireland,10Y,,3.632,,0.02914637,-0.06311121
1999-02-01,Ireland,10Y,,4.011,,-0.00556514,0.00556514
1999-03-01,Ireland,10Y,,4.001,,-0.00592203,0.00323799
1999-04-01,Ireland,10Y,,3.868,,-0.00679893,-0.00330584
1999-05-01,Ireland,10Y,,4.116,,0.01543059,-0.00936631
1999-06-01,Ireland,10Y,,4.511,,0.00768436,-0.01317122
1999-07-01,Ireland,10Y,,4.811,,-0.00494872,0.02780708
1999-08-01,Ireland,10Y,,4.891,,0.00678846,-0.00826848
1999-09-01,Ireland,10Y,,5.08,,-0.04166781,-0.00527997
1999-10-01,Ireland,10Y,,5.157,,-0.06815947,-0.10613335
1999-11-01,Ireland,10Y,5.344,5.125,0.2190000000000003,0.01057526,0.04684463
1999-12-01,Ireland,10Y,5.596,5.355,0.23999999999999932,-0.00790024,0.00763541
2000-01-01,Ireland,10Y,5.785,5.541,0.24399999999999977,0.01150505,-0.02335973
2000-02-01,Ireland,10Y,5.758,5.5,0.258,-0.04027945,0.06481814
2000-03-01,Ireland,10Y,5.458,5.216,0.242,-0.06675806,-0.0176937
2000-04-01,Ireland,10Y,5.522,5.298,0.2240000000000002,0.02378726,-0.01526446
2000-05-01,Ireland,10Y,5.449,5.191,0.258,-0.06400218,0.06313006
2000-06-01,Ireland,10Y,5.494,5.221,0.2729999999999997,0.11366676,0.04898755
2000-07-01,Ireland,10Y,5.451,5.206,0.24499999999999922,0.02048594,-0.00231932
2000-08-01,Ireland,10Y,5.564,5.298,0.266,-0.04765312,-0.036261
2000-09-01,Ireland,10Y,5.465,5.23,0.23499999999999943,-0.03226793,-0.00031136
2000-10-01,Ireland,10Y,5.465,5.215,0.25,0.02902834,0.0510063
2000-11-01,Ireland,10Y,5.227,5.0,0.2270000000000003,-0.00713094,-0.01518934
2000-12-01,Ireland,10Y,5.089,4.851,0.23800000000000043,-0.0010197,0.02324592
2001-01-01,Ireland,10Y,5.013,4.797,0.2160000000000002,0.01139404,-0.00090513
2001-02-01,Ireland,10Y,4.976,4.754,0.22200000000000042,-0.00204204,0.01927988
2001-03-01,Ireland,10Y,4.926,4.705,0.22100000000000009,0.06859912,0.03120769
2001-04-01,Ireland,10Y,5.272,5.032,0.2400000000000002,0.06421035,0.12710222
2001-05-01,Ireland,10Y,5.371,5.173,0.1980000000000004,-0.13656878,-0.08779026
2001-06-01,Ireland,10Y,5.297,5.102,0.1949999999999994,0.02854883,0.02396559
2001-07-01,Ireland,10Y,5.073,4.88,0.1930000000000005,0.03007371,0.01514081
2001-08-01,Ireland,10Y,4.956,4.788,0.16800000000000015,0.05079423,-0.02379363
2001-09-01,Ireland,10Y,4.961,4.791,0.16999999999999993,0.0313824,-0.01387918
2001-10-01,Ireland,10Y,4.535,4.397,0.1379999999999999,0.04317789,0.06975827
2001-11-01,Ireland,10Y,4.723,4.555,0.16800000000000015,0.03107767,-0.00197459
2001-12-01,Ireland,10Y,5.105,4.996,0.08699999999999974,0.02660325,0.00333289
2002-01-01,Ireland,10Y,5.183,4.905,0.2779999999999996,0.01003587,0.01147814
2002-02-01,Ireland,10Y,5.216,4.964,0.2519999999999998,-0.00667414,0.03998737
2002-03-01,Ireland,10Y,5.495,5.251,0.2370000000000001,-3.086e-05,0.01296051
2002-04-01,Ireland,10Y,5.363,5.122,0.24100000000000055,-0.00247617,-0.01196426
2002-05-01,Ireland,10Y,5.395,5.168,0.22699999999999942,0.03218836,0.01597417
2002-06-01,Ireland,10Y,5.175,4.942,0.23299999999999965,0.01184929,-0.00618789
2002-07-01,Ireland,10Y,4.986,4.752,0.23399999999999999,0.00352277,-0.0116348
2002-08-01,Ireland,10Y,4.806,4.568,0.23800000000000043,0.01803811,-0.01560232
2002-09-01,Ireland,10Y,4.518,4.272,0.24599999999999955,0.01607403,-0.04022966
2002-10-01,Ireland,10Y,4.712,4.511,0.20099999999999962,0.02180133,0.01000217
2002-11-01,Ireland,10Y,4.64,4.49,0.14999999999999947,0.06594808,-0.03659766
2002-12-01,Ireland,10Y,4.307,4.204,0.10300000000000065,0.00595453,-0.05100643
2003-01-01,Ireland,10Y,4.171,4.072,0.0990000000000002,-0.02700705,0.05207753
2003-02-01,Ireland,10Y,3.989,3.918,0.07099999999999973,0.05532359,-0.03445075
2003-03-01,Ireland,10Y,4.112,4.044,0.0680000000000005,0.06711294,-0.02143875
2003-04-01,Ireland,10Y,4.14,4.092,0.04800000000000004,0.01825694,0.00312353
2003-05-01,Ireland,10Y,3.777,3.721,0.05600000000000005,0.05561085,-0.01606747
2003-06-01,Ireland,10Y,3.851,3.802,0.04899999999999993,0.00128217,-0.05865202
2003-07-01,Ireland,10Y,4.2,4.19,0.009999999999999787,0.00179838,0.01282863
2003-08-01,Ireland,10Y,4.208,4.197,0.01100000000000012,0.0,0.0
2003-09-01,Ireland,10Y,3.989,3.995,-0.006000000000000227,0.00235118,-0.00730611
2003-10-01,Ireland,10Y,4.317,4.331,-0.014000000000000234,0.03221462,-0.01758272
2003-11-01,Ireland,10Y,4.442,4.457,-0.01499999999999968,-0.00093229,0.00553257
2003-12-01,Ireland,10Y,4.265,4.292,-0.027000000000000135,0.01015649,-0.01957929
2004-01-01,Ireland,10Y,4.211,4.24,-0.028999999999999915,-0.0131573,0.00742273
2004-02-01,Ireland,10Y,4.012,4.051,-0.03900000000000059,-0.00162731,-0.00688155
2004-03-01,Ireland,10Y,4.213,3.931,0.28200000000000003,0.01236658,0.02812953
2004-04-01,Ireland,10Y,4.417,4.175,0.242,0.04962089,0.02543383
2004-05-01,Ireland,10Y,4.564,4.374,0.1900000000000004,0.01746509,-0.0065437
2004-06-01,Ireland,10Y,4.483,4.318,0.16500000000000004,-0.01060389,-0.00014359
2004-07-01,Ireland,10Y,4.377,4.216,0.1609999999999996,0.00862926,-0.00812276
2004-08-01,Ireland,10Y,4.186,4.023,0.16300000000000026,-0.00139583,0.00217688
2004-09-01,Ireland,10Y,4.136,3.991,0.14500000000000002,0.0114091,0.00103921
2004-10-01,Ireland,10Y,4.022,3.873,0.14900000000000002,-0.00411348,-0.00801005
2004-11-01,Ireland,10Y,3.864,3.793,0.07099999999999973,-0.00031881,-0.00525612
2004-12-01,Ireland,10Y,3.746,3.683,0.06300000000000017,0.01785679,-0.00429348
2005-01-01,Ireland,10Y,3.59,3.547,0.042999999999999705,-0.01786635,-0.01631762
2005-02-01,Ireland,10Y,3.758,3.715,0.04300000000000015,0.00876981,-0.01224856
2005-03-01,Ireland,10Y,3.688,3.622,0.06600000000000028,-0.00906581,0.00175456
2005-04-01,Ireland,10Y,3.458,3.396,0.06200000000000028,0.00312037,-0.01689142
2005-05-01,Ireland,10Y,3.305,3.274,0.03100000000000014,-0.00742018,0.0089191
2005-06-01,Ireland,10Y,3.16,3.134,0.026000000000000245,0.01228622,0.00308786
2005-07-01,Ireland,10Y,3.281,3.243,0.038000000000000256,-0.01999819,0.03965357
2005-08-01,Ireland,10Y,3.137,3.102,0.03500000000000014,0.00221244,-0.00113823
2005-09-01,Ireland,10Y,3.175,3.148,0.02699999999999969,-0.00616143,0.00137953
2005-10-01,Ireland,10Y,3.412,3.391,0.020999999999999908,-0.00725165,0.0053286
2005-11-01,Ireland,10Y,3.448,3.455,-0.007000000000000117,-0.02639035,0.01567596
2005-12-01,Ireland,10Y,3.291,3.309,-0.018000000000000238,-0.02869513,0.00122556
2006-01-01,Ireland,10Y,3.469,3.467,0.0019999999999997797,-0.01509696,-0.00771216
2006-02-01,Ireland,10Y,3.488,3.489,-0.0009999999999998899,-0.00544505,-0.00324349
2006-03-01,Ireland,10Y,3.777,3.771,0.006000000000000227,0.02163882,-0.01310347
2006-04-01,Ireland,10Y,3.954,3.951,0.0030000000000001137,-0.05627657,-0.03601184
2006-05-01,Ireland,10Y,3.967,3.982,-0.015000000000000124,0.00017422,-0.00236101
2006-06-01,Ireland,10Y,4.061,4.071,-0.009999999999999787,-0.03946736,-0.00172699
2006-07-01,Ireland,10Y,3.915,3.921,-0.005999999999999783,0.01414146,0.00627523
2006-08-01,Ireland,10Y,3.766,3.76,0.006000000000000227,0.01499431,0.01378088
2006-09-01,Ireland,10Y,3.707,3.709,-0.002000000000000224,0.0,0.0
2006-10-01,Ireland,10Y,3.749,3.741,0.008000000000000007,-0.00312185,0.00292537
2006-11-01,Ireland,10Y,3.686,3.695,-0.008999999999999897,0.02599157,-0.03156989
2006-12-01,Ireland,10Y,3.955,3.948,0.007000000000000117,-0.01228785,0.03226851
2007-01-01,Ireland,10Y,4.109,4.1,0.009000000000000341,-0.04184531,-0.00062716
2007-02-01,Ireland,10Y,3.964,3.957,0.007000000000000117,0.01201155,-0.00426155
2007-03-01,Ireland,10Y,3.911,4.057,-0.14600000000000035,0.00234815,0.00780903
2007-04-01,Ireland,10Y,3.911,4.154,-0.24299999999999988,0.00848509,-0.01206177
2007-05-01,Ireland,10Y,3.911,4.422,-0.5109999999999997,0.00231754,-0.00518441
2007-06-01,Ireland,10Y,3.911,4.574,-0.6629999999999998,3.95e-06,-0.00707298
2007-07-01,Ireland,10Y,3.911,4.347,-0.4360000000000004,0.00420353,-0.00350775
2007-08-01,Ireland,10Y,3.911,4.242,-0.33099999999999996,-7.551e-05,-0.00333671
2007-09-01,Ireland,10Y,3.911,4.329,-0.4179999999999997,-0.0363456,-0.00270934
2007-10-01,Ireland,10Y,4.397,4.239,0.15800000000000036,0.00166756,-0.00365079
2007-11-01,Ireland,10Y,4.379,4.126,0.2529999999999992,0.00101171,-0.02129922
2007-12-01,Ireland,10Y,4.491,4.307,0.18399999999999928,0.02203938,-0.00235725
2008-01-01,Ireland,10Y,4.161,3.93,0.23099999999999943,0.00854417,-0.01034839
2008-02-01,Ireland,10Y,4.147,3.891,0.2560000000000002,-0.00565551,-0.04432311
2008-03-01,Ireland,10Y,4.287,3.899,0.3879999999999999,0.03287918,-0.00319577
2008-04-01,Ireland,10Y,4.551,4.123,0.42799999999999994,-0.00107664,0.00211722
2008-05-01,Ireland,10Y,4.782,4.405,0.3769999999999998,0.0079654,-0.01921652
2008-06-01,Ireland,10Y,5.052,4.621,0.43099999999999916,0.08718549,0.05944987
2008-07-01,Ireland,10Y,4.701,4.355,0.3459999999999992,-0.08616599,0.0003162
2008-08-01,Ireland,10Y,4.549,4.176,0.3730000000000002,-0.00047578,-0.0412033
2008-09-01,Ireland,10Y,4.59,4.015,0.5750000000000002,0.02062448,-0.02765799
2008-10-01,Ireland,10Y,4.86,3.9,0.9600000000000004,-0.00294813,-0.05476331
2008-11-01,Ireland,10Y,4.166,3.258,0.9080000000000004,0.14345953,0.0601037
2008-12-01,Ireland,10Y,4.266,2.951,1.315,0.07249163,-0.02195657
2009-01-01,Ireland,10Y,5.516,3.296,2.22,0.00570074,-0.03082516
2009-02-01,Ireland,10Y,5.505,3.112,2.393,-0.0142095,-0.04348585
2009-03-01,Ireland,10Y,5.463,2.994,2.469,-0.00508159,0.00953191
2009-04-01,Ireland,10Y,5.199,3.178,2.021,0.04361952,0.04035626
2009-05-01,Ireland,10Y,5.455,3.589,1.866,-0.00276712,-0.02144281
2009-06-01,Ireland,10Y,5.73,3.386,2.3440000000000003,0.01914683,0.01991529
2009-07-01,Ireland,10Y,4.964,3.3,1.6640000000000006,0.01967426,-0.08702865
2009-08-01,Ireland,10Y,4.847,3.257,1.5900000000000003,0.00382895,-0.00227106
2009-09-01,Ireland,10Y,4.674,3.22,1.4540000000000002,-0.01479861,-0.0288011
2009-10-01,Ireland,10Y,4.699,3.231,1.468,-0.00631641,-0.01739833
2009-11-01,Ireland,10Y,4.844,3.159,1.6850000000000005,-0.03362904,0.01798103
2009-12-01,Ireland,10Y,4.839,3.387,1.4520000000000004,-0.03020061,-0.01008083
2010-01-01,Ireland,10Y,4.847,3.196,1.6510000000000002,-6.14e-06,-0.01162683
2010-02-01,Ireland,10Y,4.61,3.101,1.5090000000000003,0.02809804,-0.03309557
2010-03-01,Ireland,10Y,4.475,3.092,1.3829999999999996,-0.01619472,0.00347371
2010-04-01,Ireland,10Y,5.117,3.017,2.1,0.00539033,-0.00101855
2010-05-01,Ireland,10Y,4.807,2.66,2.1470000000000002,0.02627696,-0.01799763
2010-06-01,Ireland,10Y,5.5,2.577,2.923,-0.02371403,0.02024375
2010-07-01,Ireland,10Y,5.03,2.669,2.361,0.00522594,0.04208827
2010-08-01,Ireland,10Y,5.68,2.116,3.5639999999999996,0.01420454,-0.02426078
2010-09-01,Ireland,10Y,6.573,2.278,4.295,-0.00294235,-0.01052608
2010-10-01,Ireland,10Y,6.918,2.518,4.4,-0.00279264,0.00162802
2010-11-01,Ireland,10Y,9.355,2.67,6.6850000000000005,-0.00010904,-0.0080795
2010-12-01,Ireland,10Y,9.058,2.963,6.095,-0.00484115,-0.02320713
2011-01-01,Ireland,10Y,8.967,3.153,5.814,0.01844172,0.01740865
2011-02-01,Ireland,10Y,9.159,3.169,5.99,-0.02451558,-0.01441031
2011-03-01,Ireland,10Y,10.015,3.352,6.663,0.07028429,0.06022116
2011-04-01,Ireland,10Y,10.349,3.238,7.111000000000001,-0.00244173,0.01943218
2011-05-01,Ireland,10Y,10.808,3.019,7.789,-0.05955414,-0.04508166
2011-06-01,Ireland,10Y,11.453,3.023,8.43,-0.01534681,-0.00214682
2011-07-01,Ireland,10Y,10.625,2.537,8.088000000000001,-0.01354933,0.02770202
2011-08-01,Ireland,10Y,8.436,2.217,6.218999999999999,-0.04366301,-0.12013885
2011-09-01,Ireland,10Y,7.463,1.885,5.578,0.01207522,-0.01000965
2011-10-01,Ireland,10Y,8.023,2.024,5.999,0.10619898,0.05031052
2011-11-01,Ireland,10Y,8.023,2.276,5.747,-0.07192325,-0.0611927
2011-12-01,Ireland,10Y,8.023,1.825,6.1979999999999995,0.03349252,-0.03948307
2012-01-01,Ireland,10Y,8.023,1.786,6.237,0.02629851,-0.02840244
2012-02-01,Ireland,10Y,8.023,1.817,6.2059999999999995,-0.01433788,0.01535817
2012-03-01,Ireland,10Y,8.023,1.792,6.231,0.00682966,-0.00830541
2012-04-01,Ireland,10Y,8.023,1.662,6.361,0.00683135,-0.00606342
2012-05-01,Ireland,10Y,8.023,1.199,6.824,0.04135716,-0.02621478
2012-06-01,Ireland,10Y,8.023,1.581,6.442,0.03338643,-0.00627108
2012-07-01,Ireland,10Y,8.023,1.284,6.739,-0.0072012,-0.10685152
2012-08-01,Ireland,10Y,8.023,1.333,6.6899999999999995,0.10355838,-0.07344139
2012-09-01,Ireland,10Y,8.023,1.441,6.582,-0.03500514,0.0388083
2012-10-01,Ireland,10Y,8.023,1.462,6.561,0.00539462,-0.00081696
2012-11-01,Ireland,10Y,8.023,1.385,6.638,0.00753017,0.00512519
2012-12-01,Ireland,10Y,8.023,1.314,6.709,-0.0037345,-0.00486517
2013-01-01,Ireland,10Y,8.023,1.679,6.343999999999999,-0.00316676,0.01806952
2013-02-01,Ireland,10Y,8.023,1.453,6.569999999999999,-0.00649124,-0.0096722
2013-03-01,Ireland,10Y,4.194,1.288,2.9059999999999997,0.00845211,0.00457824
2013-04-01,Ireland,10Y,3.514,1.215,2.2989999999999995,0.02524541,-0.02755056
2013-05-01,Ireland,10Y,3.714,1.504,2.21,-0.00548678,-0.005251
2013-06-01,Ireland,10Y,4.074,1.728,2.346,0.03220402,-0.01512024
2013-07-01,Ireland,10Y,3.877,1.669,2.2079999999999997,-0.06055783,0.04203836
2013-08-01,Ireland,10Y,4.16,1.855,2.305,-0.0028711,0.01132435
2013-09-01,Ireland,10Y,3.863,1.778,2.085,-0.00632233,0.00132339
2013-10-01,Ireland,10Y,3.483,1.673,1.81,0.00677482,-0.00609358
2013-11-01,Ireland,10Y,3.511,1.692,1.8190000000000002,-0.03543784,0.02352032
2013-12-01,Ireland,10Y,3.446,1.925,1.5210000000000001,0.0178962,-0.00423027
2014-01-01,Ireland,10Y,3.299,1.658,1.641,0.0074008,-0.01504822
2014-02-01,Ireland,10Y,3.097,1.623,1.474,0.0193551,0.02089548
2014-03-01,Ireland,10Y,3.009,1.565,1.444,0.03148079,0.01102582
2014-04-01,Ireland,10Y,2.809,1.468,1.3410000000000002,-0.01390848,0.03683678
2014-05-01,Ireland,10Y,2.602,1.357,1.2449999999999999,-0.00528758,0.01007157
2014-06-01,Ireland,10Y,2.348,1.244,1.1039999999999999,-0.03637694,0.01209969
2014-07-01,Ireland,10Y,2.201,1.154,1.0470000000000002,-0.01783726,0.01292655
2014-08-01,Ireland,10Y,1.772,0.89,0.882,0.00070312,0.00187773
2014-09-01,Ireland,10Y,1.643,0.946,0.6970000000000001,-0.06422641,-0.00068183
2014-10-01,Ireland,10Y,1.697,0.84,0.8570000000000001,0.05409899,-0.04887129
2014-11-01,Ireland,10Y,1.368,0.7,0.6680000000000001,-0.03680355,0.03947588
2014-12-01,Ireland,10Y,1.237,0.538,0.6990000000000001,0.05596263,-0.04833079
2015-01-01,Ireland,10Y,1.129,0.302,0.827,-0.01922483,0.01173607
2015-02-01,Ireland,10Y,0.856,0.327,0.5289999999999999,0.0,0.0
2015-03-01,Ireland,10Y,0.744,0.18,0.5640000000000001,0.00035536,-0.00385565
2015-04-01,Ireland,10Y,0.921,0.364,0.557,-0.00142985,0.00811493
2015-05-01,Ireland,10Y,1.173,0.486,0.687,0.0,0.0
2015-06-01,Ireland,10Y,1.631,0.763,0.868,0.00884221,-0.01158719
2015-07-01,Ireland,10Y,1.192,0.643,0.5489999999999999,-0.00145856,0.00208231
2015-08-01,Ireland,10Y,1.443,0.797,0.646,0.0,0.0
2015-09-01,Ireland,10Y,1.229,0.586,0.6430000000000001,-0.03170106,0.0298776
2015-10-01,Ireland,10Y,1.106,0.517,0.5890000000000001,-0.07457095,0.05369102
2015-11-01,Ireland,10Y,0.987,0.472,0.515,0.0,0.0
2015-12-01,Ireland,10Y,1.145,0.628,0.517,0.16522564,-0.06777853
2016-01-01,Ireland,10Y,0.949,0.324,0.625,-0.02353204,0.00207732
2016-02-01,Ireland,10Y,0.869,0.106,0.763,0.0,0.0
2016-03-01,Ireland,10Y,0.72,0.152,0.568,0.00295142,0.04696157
2016-04-01,Ireland,10Y,0.959,0.271,0.688,0.00874813,-0.00714425
2016-05-01,Ireland,10Y,0.755,0.138,0.617,0.0,0.0
2016-06-01,Ireland,10Y,0.509,-0.131,0.64,0.01416894,-0.01469861
2016-07-01,Ireland,10Y,0.405,-0.121,0.526,0.00420598,0.02136953
2016-08-01,Ireland,10Y,0.416,-0.066,0.482,0.0,0.0
2016-09-01,Ireland,10Y,0.318,-0.122,0.44,0.02928932,-0.01588046
2016-10-01,Ireland,10Y,0.638,0.161,0.477,-0.00343218,0.00288461
2016-11-01,Ireland,10Y,0.874,0.273,0.601,0.0,0.0
2016-12-01,Ireland,10Y,0.744,0.204,0.54,-0.02369548,0.02494524
2017-01-01,Ireland,10Y,1.156,0.434,0.722,-0.01136922,0.01125365
2017-02-01,Ireland,10Y,0.874,0.206,0.668,0.0,0.0
2017-03-01,Ireland,10Y,0.982,0.325,0.657,-0.01209542,0.01300103
2017-04-01,Ireland,10Y,0.838,0.315,0.5229999999999999,-0.00220409,-0.00059132
2017-05-01,Ireland,10Y,0.765,0.302,0.463,0.0,0.0
2017-06-01,Ireland,10Y,0.859,0.465,0.39399999999999996,0.00468379,-0.00618022
2017-07-01,Ireland,10Y,0.826,0.541,0.2849999999999999,-0.00745165,-0.00386945
2017-08-01,Ireland,10Y,0.675,0.36,0.31500000000000006,0.0,0.0
2017-09-01,Ireland,10Y,0.727,0.462,0.26499999999999996,-0.00127015,0.00235026
2017-10-01,Ireland,10Y,0.569,0.362,0.20699999999999996,-0.01205914,0.01350465
2017-11-01,Ireland,10Y,0.574,0.366,0.20799999999999996,0.0,0.0
2017-12-01,Ireland,10Y,0.659,0.423,0.23600000000000004,-0.00726541,0.00542794
2018-01-01,Ireland,10Y,1.131,0.695,0.43600000000000005,0.01937805,-0.01940399
2018-02-01,Ireland,10Y,1.074,0.653,0.42100000000000004,0.0,0.0
2018-03-01,Ireland,10Y,0.904,0.494,0.41000000000000003,-0.01997759,0.02238169
2018-04-01,Ireland,10Y,0.959,0.557,0.4019999999999999,0.00352961,-0.00433858
2018-05-01,Ireland,10Y,0.939,0.338,0.601,0.0,0.0
2018-06-01,Ireland,10Y,0.807,0.3,0.5070000000000001,-0.04271677,0.03658385
2018-07-01,Ireland,10Y,0.895,0.442,0.453,-0.00753783,0.00753783
2018-08-01,Ireland,10Y,0.851,0.325,0.526,0.0,0.0
2018-09-01,Ireland,10Y,0.981,0.469,0.512,0.00550418,-0.00644394
2018-10-01,Ireland,10Y,0.952,0.384,0.568,0.02001239,-0.01825893
2018-11-01,Ireland,10Y,0.91,0.312,0.5980000000000001,0.0,0.0
2018-12-01,Ireland,10Y,0.898,0.239,0.659,-0.00415027,0.00355439
2019-01-01,Ireland,10Y,0.868,0.148,0.72,0.0175893,-0.02145109
2019-02-01,Ireland,10Y,0.817,0.182,0.635,0.0,0.0
2019-03-01,Ireland,10Y,0.545,-0.072,0.617,0.00868726,-0.01442751
2019-04-01,Ireland,10Y,0.552,0.012,0.54,-0.00273599,-0.00018377
2019-05-01,Ireland,10Y,0.423,-0.204,0.627,0.0,0.0
2019-06-01,Ireland,10Y,0.169,-0.329,0.498,0.03058214,-0.0071408
2019-07-01,Ireland,10Y,0.079,-0.442,0.521,0.04218756,-0.00506254
2019-08-01,Ireland,10Y,-0.085,-0.702,0.617,0.0,0.0
2019-09-01,Ireland,10Y,-0.04,-0.573,0.5329999999999999,0.03217407,0.03487853
2019-10-01,Ireland,10Y,0.0,-0.409,0.409,0.00764552,-0.00665165
2019-11-01,Ireland,10Y,0.041,-0.362,0.40299999999999997,0.0,0.0
2019-12-01,Ireland,10Y,0.112,-0.188,0.3,-0.01029327,0.01098215
2020-01-01,Ireland,10Y,-0.151,-0.436,0.28500000000000003,0.01788192,-0.01219238
2020-02-01,Ireland,10Y,-0.173,-0.609,0.436,0.0,0.0
2020-03-01,Ireland,10Y,0.059,-0.474,0.5329999999999999,0.18996661,-0.0646914
2020-04-01,Ireland,10Y,0.04,-0.589,0.629,0.04450687,-0.0282567
2020-05-01,Ireland,10Y,0.078,-0.449,0.527,0.0,0.0
2020-06-01,Ireland,10Y,0.001,-0.456,0.457,0.00075699,0.00221042
2020-07-01,Ireland,10Y,-0.12,-0.525,0.405,-0.01051453,0.00663075
2020-08-01,Ireland,10Y,-0.049,-0.398,0.34900000000000003,0.0,0.0
2020-09-01,Ireland,10Y,-0.165,-0.523,0.358,-0.01137573,0.0209051
2020-10-01,Ireland,10Y,-0.264,-0.628,0.364,-0.04440888,0.03827308
2020-11-01,Ireland,10Y,-0.267,-0.572,0.30499999999999994,0.0,0.0
2020-12-01,Ireland,10Y,-0.309,-0.572,0.26299999999999996,0.02960964,-0.0146942
2021-01-01,Ireland,10Y,-0.194,-0.519,0.325,0.01223291,-0.00964168
2021-02-01,Ireland,10Y,0.095,-0.262,0.357,0.0,0.0
2021-03-01,Ireland,10Y,0.053,-0.293,0.346,0.00286225,0.0097477
2021-04-01,Ireland,10Y,0.176,-0.203,0.379,0.00189025,-0.00343929
2021-05-01,Ireland,10Y,0.195,-0.188,0.383,0.0,0.0
2021-06-01,Ireland,10Y,0.157,-0.209,0.366,-0.01563274,0.01470217
2021-07-01,Ireland,10Y,-0.066,-0.462,0.396,0.0073095,-0.00768279
2021-08-01,Ireland,10Y,0.001,-0.385,0.386,0.0,0.0
2021-09-01,Ireland,10Y,0.178,-0.2,0.378,-0.01404805,0.01567899
2021-10-01,Ireland,10Y,0.327,-0.107,0.434,0.00670146,-0.0061872
2021-11-01,Ireland,10Y,0.107,-0.351,0.45799999999999996,0.0,0.0
2021-12-01,Ireland,10Y,0.237,-0.182,0.419,0.02039478,-0.02349587
2022-01-01,Ireland,10Y,0.508,0.009,0.499,0.0,0.0
2022-02-01,Ireland,10Y,0.742,0.132,0.61,0.03923857,-0.02262021
2022-03-01,Ireland,10Y,1.057,0.545,0.5119999999999999,0.01158872,0.00288687
2022-04-01,Ireland,10Y,1.602,0.937,0.665,-0.02722772,-0.01209206
2022-05-01,Ireland,10Y,1.685,1.12,0.565,0.0,0.0
2022-06-01,Ireland,10Y,1.973,1.333,0.6400000000000001,0.04000315,-0.05017059
2022-07-01,Ireland,10Y,1.45,0.814,0.636,0.06062276,0.06828821
2022-08-01,Ireland,10Y,2.18,1.537,0.6430000000000002,0.0,0.0
2022-09-01,Ireland,10Y,2.68,2.105,0.5750000000000002,0.06553518,0.05123198
2022-10-01,Ireland,10Y,2.606,2.139,0.4670000000000001,-0.0484317,-0.00738864
2022-11-01,Ireland,10Y,2.371,1.926,0.44500000000000006,0.0,0.0
2022-12-01,Ireland,10Y,3.076,2.565,0.5110000000000001,0.08741766,-0.05187298
2023-01-01,Ireland,10Y,2.729,2.283,0.4460000000000002,0.0,0.0
2023-02-01,Ireland,10Y,3.121,2.648,0.47299999999999986,-0.02825908,0.00739243
2023-03-01,Ireland,10Y,2.734,2.289,0.44499999999999984,0.06364707,0.13706177
2023-04-01,Ireland,10Y,2.688,2.31,0.3780000000000001,0.0,0.0
2023-05-01,Ireland,10Y,2.724,2.28,0.4440000000000004,-0.05445383,-0.02205352
2023-06-01,Ireland,10Y,2.803,2.39,0.4129999999999998,0.00310685,0.01212789
2023-07-01,Ireland,10Y,2.879,2.489,0.3900000000000001,-0.02931627,0.00761737
2023-08-01,Ireland,10Y,2.837,2.462,0.375,0.0,0.0
2023-09-01,Ireland,10Y,3.238,2.838,0.3999999999999999,0.00399758,0.06922208
2023-10-01,Ireland,10Y,3.231,2.804,0.42700000000000005,-0.02513959,0.0050286
2023-11-01,Ireland,10Y,2.823,2.445,0.3780000000000001,0.0,0.0
2023-12-01,Ireland,10Y,2.352,2.021,0.33099999999999996,0.03287603,-0.00518218
2024-01-01,Ireland,10Y,2.59,2.165,0.4249999999999998,-0.04307478,0.00364715
2024-02-01,Ireland,10Y,2.809,2.41,0.399,0.0,0.0
2024-03-01,Ireland,10Y,2.738,2.297,0.44099999999999984,-0.02470938,0.02110809
2024-04-01,Ireland,10Y,2.957,2.583,0.37399999999999967,-0.00688623,0.00746176
2024-05-01,Ireland,10Y,3.034,2.663,0.371,0.0,0.0
2024-06-01,Ireland,10Y,2.943,2.497,0.4460000000000002,0.01490844,0.0018587
2024-07-01,Ireland,10Y,2.689,2.302,0.387,-0.00635903,0.00050086
2024-08-01,Ireland,10Y,2.665,2.298,0.367,0.0,0.0
2024-09-01,Ireland,10Y,2.468,2.122,0.3460000000000001,0.03255924,-0.01615053
2024-10-01,Ireland,10Y,2.71,2.388,0.32200000000000006,-0.02068547,-0.01217264
2024-11-01,Ireland,10Y,2.394,2.086,0.3080000000000003,0.0,0.0
2024-12-01,Ireland,10Y,2.636,2.364,0.27200000000000024,0.00609036,0.02176619
2025-01-01,Ireland,10Y,2.721,2.458,0.2629999999999999,-0.0087809,-0.00804116
2025-02-01,Ireland,10Y,2.677,2.405,0.27200000000000024,0.0,0.0
2025-03-01,Ireland,10Y,3.016,2.736,0.2799999999999998,-0.00193929,0.02623149
2025-04-01,Ireland,10Y,2.786,2.443,0.34299999999999997,-0.03264565,-0.02455187
2025-05-01,Ireland,10Y,2.784,2.499,0.2849999999999997,0.0,0.0
2025-06-01,Ireland,10Y,2.916,2.605,0.31099999999999994,0.02367629,-0.00634498
2025-07-01,Ireland,10Y,2.913,2.693,0.21999999999999975,0.02395822,-0.00106382
2025-08-01,Ireland,10Y,2.964,2.723,0.2410000000000001,0.0,0.0
2025-09-01,Ireland,10Y,2.95,2.71,0.2400000000000002,-0.01551833,0.00187802
2025-10-01,Ireland,10Y,2.863,2.632,0.23099999999999987,-0.01065112,0.01192155
2025-11-01,Ireland,10Y,2.887,2.688,0.19899999999999984,,
2025-12-01,Ireland,10Y,3.009,2.854,0.1549999999999998,,
2026-01-01,Ireland,10Y,3.106,2.842,0.2639999999999998,,
2026-02-01,Ireland,10Y,2.907,2.643,0.26400000000000023,,
2026-03-01,Ireland,10Y,3.246,3.002,0.24400000000000022,,
2026-04-01,Ireland,10Y,3.265,3.035,0.22999999999999998,,
2026-05-01,Ireland,10Y,3.104,2.937,0.16700000000000026,,
2026-06-01,Ireland,10Y,3.034,2.858,0.1759999999999997,,
2026-07-01,Ireland,10Y,3.352,3.205,0.1469999999999998,,
2026-08-01,Ireland,10Y,3.465,3.323,0.1419999999999999,,
2026-09-01,Ireland,10Y,3.625,3.516,0.10899999999999999,,
1999-01-01,Ireland,2Y,,2.844,,0.02914637,-0.06311121
1999-02-01,Ireland,2Y,,3.128,,-0.00556514,0.00556514
1999-03-01,Ireland,2Y,,2.878,,-0.00592203,0.00323799
1999-04-01,Ireland,2Y,,2.694,,-0.00679893,-0.00330584
1999-05-01,Ireland,2Y,,2.789,,0.01543059,-0.00936631
1999-06-01,Ireland,2Y,,3.169,,0.00768436,-0.01317122
1999-07-01,Ireland,2Y,,3.389,,-0.00494872,0.02780708
1999-08-01,Ireland,2Y,,3.462,,0.00678846,-0.00826848
1999-09-01,Ireland,2Y,,3.662,,-0.04166781,-0.00527997
1999-10-01,Ireland,2Y,,3.907,,-0.06815947,-0.10613335
1999-11-01,Ireland,2Y,4.029,3.983,0.04599999999999982,0.01057526,0.04684463
1999-12-01,Ireland,2Y,3.538,4.208,0.08499999999999996,-0.00790024,0.00763541
2000-01-01,Ireland,2Y,4.414,4.385,0.028999999999999915,0.01150505,-0.02335973
2000-02-01,Ireland,2Y,4.465,4.439,0.0259999999999998,-0.04027945,0.06481814
2000-03-01,Ireland,2Y,4.439,4.423,0.016000000000000014,-0.06675806,-0.0176937
2000-04-01,Ireland,2Y,4.626,4.594,0.03200000000000003,0.02378726,-0.01526446
2000-05-01,Ireland,2Y,4.984,4.942,0.041999999999999815,-0.06400218,0.06313006
2000-06-01,Ireland,2Y,5.032,4.95,0.08199999999999985,0.11366676,0.04898755
2000-07-01,Ireland,2Y,5.16,5.106,0.05400000000000027,0.02048594,-0.00231932
2000-08-01,Ireland,2Y,5.293,5.211,0.08199999999999985,-0.04765312,-0.036261
2000-09-01,Ireland,2Y,5.129,5.043,0.08599999999999941,-0.03226793,-0.00031136
2000-10-01,Ireland,2Y,5.228,5.082,0.1459999999999999,0.02902834,0.0510063
2000-11-01,Ireland,2Y,4.972,4.831,0.14100000000000001,-0.00713094,-0.01518934
2000-12-01,Ireland,2Y,4.567,4.446,0.12100000000000044,-0.0010197,0.02324592
2001-01-01,Ireland,2Y,4.481,4.386,0.09499999999999975,0.01139404,-0.00090513
2001-02-01,Ireland,2Y,4.483,4.374,0.10899999999999999,-0.00204204,0.01927988
2001-03-01,Ireland,2Y,4.276,4.138,0.1379999999999999,0.06859912,0.03120769
2001-04-01,Ireland,2Y,4.265,4.626,-0.36100000000000065,0.06421035,0.12710222
2001-05-01,Ireland,2Y,4.265,4.386,-0.12100000000000044,-0.13656878,-0.08779026
2001-06-01,Ireland,2Y,4.265,4.281,-0.016000000000000014,0.02854883,0.02396559
2001-07-01,Ireland,2Y,4.265,4.134,0.13099999999999934,0.03007371,0.01514081
2001-08-01,Ireland,2Y,4.265,3.947,0.3179999999999996,0.05079423,-0.02379363
2001-09-01,Ireland,2Y,4.265,3.481,0.7839999999999998,0.0313824,-0.01387918
2001-10-01,Ireland,2Y,4.265,3.14,1.1249999999999996,0.04317789,0.06975827
2001-11-01,Ireland,2Y,4.265,3.387,0.8779999999999997,0.03107767,-0.00197459
2001-12-01,Ireland,2Y,4.265,3.644,0.6209999999999996,0.02660325,0.00333289
2002-01-01,Ireland,2Y,4.265,3.902,0.36299999999999955,0.01003587,0.01147814
2002-02-01,Ireland,2Y,4.265,3.872,0.3929999999999998,-0.00667414,0.03998737
2002-03-01,Ireland,2Y,4.265,4.321,-0.05600000000000005,-3.086e-05,0.01296051
2002-04-01,Ireland,2Y,4.265,4.07,0.1949999999999994,-0.00247617,-0.01196426
2002-05-01,Ireland,2Y,4.265,4.247,0.017999999999999794,0.03218836,0.01597417
2002-06-01,Ireland,2Y,4.265,3.925,0.33999999999999986,0.01184929,-0.00618789
2002-07-01,Ireland,2Y,4.265,3.618,0.6469999999999998,0.00352277,-0.0116348
2002-08-01,Ireland,2Y,4.265,3.477,0.7879999999999998,0.01803811,-0.01560232
2002-09-01,Ireland,2Y,4.265,3.071,1.1939999999999995,0.01607403,-0.04022966
2002-10-01,Ireland,2Y,4.265,3.081,1.1839999999999997,0.02180133,0.01000217
2002-11-01,Ireland,2Y,4.265,3.1,1.1649999999999996,0.06594808,-0.03659766
2002-12-01,Ireland,2Y,4.265,2.721,1.5439999999999996,0.00595453,-0.05100643
2003-01-01,Ireland,2Y,4.265,2.596,1.6689999999999996,-0.02700705,0.05207753
2003-02-01,Ireland,2Y,4.265,2.295,1.9699999999999998,0.05532359,-0.03445075
2003-03-01,Ireland,2Y,4.265,2.407,1.8579999999999997,0.06711294,-0.02143875
2003-04-01,Ireland,2Y,4.265,2.427,1.8379999999999996,0.01825694,0.00312353
2003-05-01,Ireland,2Y,4.265,2.116,2.1489999999999996,0.05561085,-0.01606747
2003-06-01,Ireland,2Y,4.265,2.125,2.1399999999999997,0.00128217,-0.05865202
2003-07-01,Ireland,2Y,4.265,2.456,1.8089999999999997,0.00179838,0.01282863
2003-08-01,Ireland,2Y,4.265,2.593,1.6719999999999997,0.0,0.0
2003-09-01,Ireland,2Y,4.265,2.297,1.9679999999999995,0.00235118,-0.00730611
2003-10-01,Ireland,2Y,4.265,2.686,1.5789999999999997,0.03221462,-0.01758272
2003-11-01,Ireland,2Y,2.887,2.812,0.07500000000000018,-0.00093229,0.00553257
2003-12-01,Ireland,2Y,2.657,2.605,0.052000000000000046,0.01015649,-0.01957929
2004-01-01,Ireland,2Y,2.535,2.524,0.01100000000000012,-0.0131573,0.00742273
2004-02-01,Ireland,2Y,2.233,2.215,0.018000000000000238,-0.00162731,-0.00688155
2004-03-01,Ireland,2Y,2.113,2.134,-0.020999999999999908,0.01236658,0.02812953
2004-04-01,Ireland,2Y,2.405,2.439,-0.03400000000000025,0.04962089,0.02543383
2004-05-01,Ireland,2Y,2.514,2.578,-0.06400000000000006,0.01746509,-0.0065437
2004-06-01,Ireland,2Y,2.552,2.723,-0.17099999999999982,-0.01060389,-0.00014359
2004-07-01,Ireland,2Y,2.429,2.626,-0.19700000000000006,0.00862926,-0.00812276
2004-08-01,Ireland,2Y,2.307,2.415,-0.1080000000000001,-0.00139583,0.00217688
2004-09-01,Ireland,2Y,2.649,2.583,0.06599999999999984,0.0114091,0.00103921
2004-10-01,Ireland,2Y,2.49,2.429,0.06100000000000039,-0.00411348,-0.00801005
2004-11-01,Ireland,2Y,2.405,2.351,0.053999999999999826,-0.00031881,-0.00525612
2004-12-01,Ireland,2Y,2.489,2.481,0.008000000000000007,0.01785679,-0.00429348
2005-01-01,Ireland,2Y,2.393,2.398,-0.0050000000000003375,-0.01786635,-0.01631762
2005-02-01,Ireland,2Y,2.413,2.491,-0.07800000000000029,0.00876981,-0.01224856
2005-03-01,Ireland,2Y,2.42,2.492,-0.07200000000000006,-0.00906581,0.00175456
2005-04-01,Ireland,2Y,2.13,2.248,-0.11800000000000033,0.00312037,-0.01689142
2005-05-01,Ireland,2Y,2.126,2.141,-0.015000000000000124,-0.00742018,0.0089191
2005-06-01,Ireland,2Y,1.999,2.023,-0.02400000000000002,0.01228622,0.00308786
2005-07-01,Ireland,2Y,2.144,2.25,-0.10599999999999987,-0.01999819,0.03965357
2005-08-01,Ireland,2Y,2.101,2.199,-0.09799999999999986,0.00221244,-0.00113823
2005-09-01,Ireland,2Y,2.395,2.394,0.0009999999999998899,-0.00616143,0.00137953
2005-10-01,Ireland,2Y,2.64,2.629,0.01100000000000012,-0.00725165,0.0053286
2005-11-01,Ireland,2Y,2.757,2.76,-0.0029999999999996696,-0.02639035,0.01567596
2005-12-01,Ireland,2Y,2.841,2.862,-0.020999999999999908,-0.02869513,0.00122556
2006-01-01,Ireland,2Y,2.938,2.955,-0.016999999999999904,-0.01509696,-0.00771216
2006-02-01,Ireland,2Y,3.008,3.021,-0.0129999999999999,-0.00544505,-0.00324349
2006-03-01,Ireland,2Y,3.253,3.29,-0.03699999999999992,0.02163882,-0.01310347
2006-04-01,Ireland,2Y,3.309,3.379,-0.06999999999999984,-0.05627657,-0.03601184
2006-05-01,Ireland,2Y,3.329,3.355,-0.0259999999999998,0.00017422,-0.00236101
2006-06-01,Ireland,2Y,3.493,3.574,-0.08099999999999996,-0.03946736,-0.00172699
2006-07-01,Ireland,2Y,3.47,3.512,-0.041999999999999815,0.01414146,0.00627523
2006-08-01,Ireland,2Y,3.499,3.522,-0.022999999999999687,0.01499431,0.01378088
2006-09-01,Ireland,2Y,3.537,3.585,-0.04800000000000004,0.0,0.0
2006-10-01,Ireland,2Y,3.702,3.678,0.02400000000000002,-0.00312185,0.00292537
2006-11-01,Ireland,2Y,3.587,3.658,-0.07099999999999973,0.02599157,-0.03156989
2006-12-01,Ireland,2Y,3.802,3.903,-0.10099999999999998,-0.01228785,0.03226851
2007-01-01,Ireland,2Y,3.973,3.968,0.004999999999999893,-0.04184531,-0.00062716
2007-02-01,Ireland,2Y,3.934,3.876,0.058000000000000274,0.01201155,-0.00426155
2007-03-01,Ireland,2Y,4.054,4.016,0.038000000000000256,0.00234815,0.00780903
2007-04-01,Ireland,2Y,4.157,4.128,0.028999999999999915,0.00848509,-0.01206177
2007-05-01,Ireland,2Y,4.435,4.394,0.04099999999999948,0.00231754,-0.00518441
2007-06-01,Ireland,2Y,4.493,4.462,0.031000000000000583,3.95e-06,-0.00707298
2007-07-01,Ireland,2Y,4.382,4.299,0.0829999999999993,0.00420353,-0.00350775
2007-08-01,Ireland,2Y,4.115,4.013,0.10200000000000031,-7.551e-05,-0.00333671
2007-09-01,Ireland,2Y,4.146,4.028,0.11800000000000033,-0.0363456,-0.00270934
2007-10-01,Ireland,2Y,4.041,4.056,-0.01499999999999968,0.00166756,-0.00365079
2007-11-01,Ireland,2Y,4.041,3.831,0.2100000000000004,0.00101171,-0.02129922
2007-12-01,Ireland,2Y,4.041,3.964,0.0770000000000004,0.02203938,-0.00235725
2008-01-01,Ireland,2Y,4.041,3.373,0.6680000000000001,0.00854417,-0.01034839
2008-02-01,Ireland,2Y,4.041,3.16,0.8810000000000002,-0.00565551,-0.04432311
2008-03-01,Ireland,2Y,4.041,3.431,0.6100000000000003,0.03287918,-0.00319577
2008-04-01,Ireland,2Y,4.041,3.757,0.28400000000000025,-0.00107664,0.00211722
2008-05-01,Ireland,2Y,4.041,4.316,-0.27499999999999947,0.0079654,-0.01921652
2008-06-01,Ireland,2Y,4.041,4.597,-0.556,0.08718549,0.05944987
2008-07-01,Ireland,2Y,4.041,4.26,-0.21899999999999942,-0.08616599,0.0003162
2008-08-01,Ireland,2Y,4.041,4.111,-0.0699999999999994,-0.00047578,-0.0412033
2008-09-01,Ireland,2Y,4.041,3.476,0.5650000000000004,0.02062448,-0.02765799
2008-10-01,Ireland,2Y,4.041,2.542,1.4990000000000006,-0.00294813,-0.05476331
2008-11-01,Ireland,2Y,4.041,2.188,1.8530000000000002,0.14345953,0.0601037
2008-12-01,Ireland,2Y,4.041,1.755,2.2860000000000005,0.07249163,-0.02195657
2009-01-01,Ireland,2Y,4.041,1.532,2.5090000000000003,0.00570074,-0.03082516
2009-02-01,Ireland,2Y,4.041,1.311,2.7300000000000004,-0.0142095,-0.04348585
2009-03-01,Ireland,2Y,3.363,1.235,2.128,-0.00508159,0.00953191
2009-04-01,Ireland,2Y,2.944,1.337,1.607,0.04361952,0.04035626
2009-05-01,Ireland,2Y,2.57,1.419,1.1509999999999998,-0.00276712,-0.02144281
2009-06-01,Ireland,2Y,2.411,1.365,1.046,0.01914683,0.01991529
2009-07-01,Ireland,2Y,2.109,1.263,0.8460000000000001,0.01967426,-0.08702865
2009-08-01,Ireland,2Y,2.049,1.244,0.8049999999999999,0.00382895,-0.00227106
2009-09-01,Ireland,2Y,1.709,1.265,0.4440000000000002,-0.01479861,-0.0288011
2009-10-01,Ireland,2Y,1.763,1.288,0.47499999999999987,-0.00631641,-0.01739833
2009-11-01,Ireland,2Y,1.875,1.257,0.6180000000000001,-0.03362904,0.01798103
2009-12-01,Ireland,2Y,1.994,1.331,0.663,-0.03020061,-0.01008083
2010-01-01,Ireland,2Y,2.402,1.118,1.284,-6.14e-06,-0.01162683
2010-02-01,Ireland,2Y,1.784,0.955,0.8290000000000001,0.02809804,-0.03309557
2010-03-01,Ireland,2Y,1.658,0.958,0.7,-0.01619472,0.00347371
2010-04-01,Ireland,2Y,2.969,0.771,2.198,0.00539033,-0.00101855
2010-05-01,Ireland,2Y,2.124,0.514,1.61,0.02627696,-0.01799763
2010-06-01,Ireland,2Y,2.622,0.6,2.022,-0.02371403,0.02024375
2010-07-01,Ireland,2Y,2.093,0.784,1.309,0.00522594,0.04208827
2010-08-01,Ireland,2Y,3.371,0.59,2.781,0.01420454,-0.02426078
2010-09-01,Ireland,2Y,4.023,0.834,3.1889999999999996,-0.00294235,-0.01052608
2010-10-01,Ireland,2Y,3.806,0.989,2.817,-0.00279264,0.00162802
2010-11-01,Ireland,2Y,5.8,0.856,4.944,-0.00010904,-0.0080795
2010-12-01,Ireland,2Y,5.193,0.864,4.329,-0.00484115,-0.02320713
2011-01-01,Ireland,2Y,4.336,1.368,2.968,0.01844172,0.01740865
2011-02-01,Ireland,2Y,7.472,1.511,5.961,-0.02451558,-0.01441031
2011-03-01,Ireland,2Y,9.582,1.787,7.795000000000001,0.07028429,0.06022116
2011-04-01,Ireland,2Y,11.576,1.767,9.809000000000001,-0.00244173,0.01943218
2011-05-01,Ireland,2Y,11.07,1.601,9.469000000000001,-0.05955414,-0.04508166
2011-06-01,Ireland,2Y,12.979,1.603,11.376,-0.01534681,-0.00214682
2011-07-01,Ireland,2Y,13.672,1.158,12.514000000000001,-0.01354933,0.02770202
2011-08-01,Ireland,2Y,7.161,0.714,6.446999999999999,-0.04366301,-0.12013885
2011-09-01,Ireland,2Y,6.895,0.547,6.348,0.01207522,-0.01000965
2011-10-01,Ireland,2Y,8.177,0.536,7.641,0.10619898,0.05031052
2011-11-01,Ireland,2Y,9.052,0.331,8.721,-0.07192325,-0.0611927
2011-12-01,Ireland,2Y,7.214,0.139,7.075,0.03349252,-0.03948307
2012-01-01,Ireland,2Y,4.757,0.156,4.601,0.02629851,-0.02840244
2012-02-01,Ireland,2Y,4.489,0.188,4.301,-0.01433788,0.01535817
2012-03-01,Ireland,2Y,4.679,0.204,4.4750000000000005,0.00682966,-0.00830541
2012-04-01,Ireland,2Y,4.753,0.076,4.6770000000000005,0.00683135,-0.00606342
2012-05-01,Ireland,2Y,7.049,0.007,6.883,0.04135716,-0.02621478
2012-06-01,Ireland,2Y,4.786,0.12,4.6659999999999995,0.03338643,-0.00627108
2012-07-01,Ireland,2Y,3.23,-0.094,3.324,-0.0072012,-0.10685152
2012-08-01,Ireland,2Y,2.151,-0.037,2.1879999999999997,0.10355838,-0.07344139
2012-09-01,Ireland,2Y,2.05,0.018,2.032,-0.03500514,0.0388083
2012-10-01,Ireland,2Y,1.674,0.035,1.639,0.00539462,-0.00081696
2012-11-01,Ireland,2Y,1.629,0.007,1.622,0.00753017,0.00512519
2012-12-01,Ireland,2Y,1.641,-0.021,1.662,-0.0037345,-0.00486517
2013-01-01,Ireland,2Y,1.273,0.266,1.007,-0.00316676,0.01806952
2013-02-01,Ireland,2Y,1.151,0.037,1.114,-0.00649124,-0.0096722
2013-03-01,Ireland,2Y,1.16,-0.026,1.186,0.00845211,0.00457824
2013-04-01,Ireland,2Y,0.837,0.011,0.826,0.02524541,-0.02755056
2013-05-01,Ireland,2Y,0.75,0.067,0.683,-0.00548678,-0.005251
2013-06-01,Ireland,2Y,1.915,0.187,1.728,0.03220402,-0.01512024
2013-07-01,Ireland,2Y,1.608,0.15,1.4580000000000002,-0.06055783,0.04203836
2013-08-01,Ireland,2Y,1.859,0.235,1.624,-0.0028711,0.01132435
2013-09-01,Ireland,2Y,1.613,0.166,1.447,-0.00632233,0.00132339
2013-10-01,Ireland,2Y,1.171,0.113,1.058,0.00677482,-0.00609358
2013-11-01,Ireland,2Y,0.961,0.114,0.847,-0.03543784,0.02352032
2013-12-01,Ireland,2Y,0.877,0.207,0.67,0.0178962,-0.00423027
2014-01-01,Ireland,2Y,0.815,0.066,0.7489999999999999,0.0074008,-0.01504822
2014-02-01,Ireland,2Y,0.593,0.127,0.46599999999999997,0.0193551,0.02089548
2014-03-01,Ireland,2Y,0.577,0.158,0.41899999999999993,0.03148079,0.01102582
2014-04-01,Ireland,2Y,0.439,0.14,0.299,-0.01390848,0.03683678
2014-05-01,Ireland,2Y,0.441,0.061,0.38,-0.00528758,0.01007157
2014-06-01,Ireland,2Y,0.226,0.025,0.201,-0.03637694,0.01209969
2014-07-01,Ireland,2Y,0.045,0.022,0.023,-0.01783726,0.01292655
2014-08-01,Ireland,2Y,0.021,-0.033,0.054000000000000006,0.00070312,0.00187773
2014-09-01,Ireland,2Y,-0.007,-0.083,0.076,-0.06422641,-0.00068183
2014-10-01,Ireland,2Y,0.053,-0.058,0.111,0.05409899,-0.04887129
2014-11-01,Ireland,2Y,0.034,-0.034,0.068,-0.03680355,0.03947588
2014-12-01,Ireland,2Y,-0.007,-0.11,0.103,0.05596263,-0.04833079
2015-01-01,Ireland,2Y,0.034,-0.187,0.221,-0.01922483,0.01173607
2015-02-01,Ireland,2Y,0.034,-0.229,0.263,0.0,0.0
2015-03-01,Ireland,2Y,0.034,-0.255,0.28900000000000003,0.00035536,-0.00385565
2015-04-01,Ireland,2Y,-0.075,-0.224,0.14900000000000002,-0.00142985,0.00811493
2015-05-01,Ireland,2Y,-0.085,-0.229,0.14400000000000002,0.0,0.0
2015-06-01,Ireland,2Y,0.142,-0.229,0.371,0.00884221,-0.01158719
2015-07-01,Ireland,2Y,-0.062,-0.235,0.173,-0.00145856,0.00208231
2015-08-01,Ireland,2Y,-0.012,-0.207,0.19499999999999998,0.0,0.0
2015-09-01,Ireland,2Y,-0.191,-0.255,0.064,-0.03170106,0.0298776
2015-10-01,Ireland,2Y,-0.186,-0.317,0.131,-0.07457095,0.05369102
2015-11-01,Ireland,2Y,-0.203,-0.419,0.21599999999999997,0.0,0.0
2015-12-01,Ireland,2Y,-0.217,-0.349,0.13199999999999998,0.16522564,-0.06777853
2016-01-01,Ireland,2Y,-0.348,-0.49,0.14200000000000002,-0.02353204,0.00207732
2016-02-01,Ireland,2Y,-0.326,-0.574,0.24799999999999994,0.0,0.0
2016-03-01,Ireland,2Y,-0.331,-0.489,0.15799999999999997,0.00295142,0.04696157
2016-04-01,Ireland,2Y,-0.344,-0.485,0.14100000000000001,0.00874813,-0.00714425
2016-05-01,Ireland,2Y,-0.372,-0.517,0.14500000000000002,0.0,0.0
2016-06-01,Ireland,2Y,-0.374,-0.663,0.28900000000000003,0.01416894,-0.01469861
2016-07-01,Ireland,2Y,-0.464,-0.632,0.16799999999999998,0.00420598,0.02136953
2016-08-01,Ireland,2Y,-0.4,-0.625,0.22499999999999998,0.0,0.0
2016-09-01,Ireland,2Y,-0.458,-0.693,0.23499999999999993,0.02928932,-0.01588046
2016-10-01,Ireland,2Y,-0.422,-0.626,0.20400000000000001,-0.00343218,0.00288461
2016-11-01,Ireland,2Y,-0.528,-0.735,0.20699999999999996,0.0,0.0
2016-12-01,Ireland,2Y,-0.576,-0.8,0.2240000000000001,-0.02369548,0.02494524
2017-01-01,Ireland,2Y,-0.491,-0.71,0.21899999999999997,-0.01136922,0.01125365
2017-02-01,Ireland,2Y,-0.485,-0.909,0.42400000000000004,0.0,0.0
2017-03-01,Ireland,2Y,-0.39,-0.75,0.36,-0.01209542,0.01300103
2017-04-01,Ireland,2Y,-0.467,-0.74,0.27299999999999996,-0.00220409,-0.00059132
2017-05-01,Ireland,2Y,-0.488,-0.723,0.235,0.0,0.0
2017-06-01,Ireland,2Y,-0.368,-0.581,0.21299999999999997,0.00468379,-0.00618022
2017-07-01,Ireland,2Y,-0.499,-0.688,0.18899999999999995,-0.00745165,-0.00386945
2017-08-01,Ireland,2Y,-0.551,-0.733,0.18199999999999994,0.0,0.0
2017-09-01,Ireland,2Y,-0.527,-0.697,0.16999999999999993,-0.00127015,0.00235026
2017-10-01,Ireland,2Y,-0.588,-0.754,0.16600000000000004,-0.01205914,0.01350465
2017-11-01,Ireland,2Y,-0.579,-0.69,0.11099999999999999,0.0,0.0
2017-12-01,Ireland,2Y,-0.527,-0.639,0.11199999999999999,-0.00726541,0.00542794
2018-01-01,Ireland,2Y,-0.375,-0.535,0.16000000000000003,0.01937805,-0.01940399
2018-02-01,Ireland,2Y,-0.448,-0.548,0.10000000000000003,0.0,0.0
2018-03-01,Ireland,2Y,-0.502,-0.613,0.11099999999999999,-0.01997759,0.02238169
2018-04-01,Ireland,2Y,-0.468,-0.592,0.12399999999999994,0.00352961,-0.00433858
2018-05-01,Ireland,2Y,-0.506,-0.667,0.16100000000000003,0.0,0.0
2018-06-01,Ireland,2Y,-0.566,-0.674,0.1080000000000001,-0.04271677,0.03658385
2018-07-01,Ireland,2Y,-0.464,-0.579,0.11499999999999994,-0.00753783,0.00753783
2018-08-01,Ireland,2Y,-0.491,-0.611,0.12,0.0,0.0
2018-09-01,Ireland,2Y,-0.439,-0.532,0.09300000000000003,0.00550418,-0.00644394
2018-10-01,Ireland,2Y,-0.471,-0.624,0.15300000000000002,0.02001239,-0.01825893
2018-11-01,Ireland,2Y,-0.502,-0.602,0.09999999999999998,0.0,0.0
2018-12-01,Ireland,2Y,-0.481,-0.62,0.139,-0.00415027,0.00355439
2019-01-01,Ireland,2Y,-0.455,-0.569,0.11399999999999993,0.0175893,-0.02145109
2019-02-01,Ireland,2Y,-0.455,-0.528,0.07300000000000001,0.0,0.0
2019-03-01,Ireland,2Y,-0.455,-0.611,0.15599999999999997,0.00868726,-0.01442751
2019-04-01,Ireland,2Y,-0.455,-0.59,0.13499999999999995,-0.00273599,-0.00018377
2019-05-01,Ireland,2Y,-0.455,-0.673,0.21800000000000003,0.0,0.0
2019-06-01,Ireland,2Y,-0.455,-0.758,0.303,0.03058214,-0.0071408
2019-07-01,Ireland,2Y,-0.455,-0.785,0.33,0.04218756,-0.00506254
2019-08-01,Ireland,2Y,-0.455,-0.933,0.47800000000000004,0.0,0.0
2019-09-01,Ireland,2Y,-0.455,-0.773,0.318,0.03217407,0.03487853
2019-10-01,Ireland,2Y,-0.455,-0.668,0.21300000000000002,0.00764552,-0.00665165
2019-11-01,Ireland,2Y,-0.455,-0.636,0.181,0.0,0.0
2019-12-01,Ireland,2Y,-0.455,-0.612,0.15699999999999997,-0.01029327,0.01098215
2020-01-01,Ireland,2Y,-0.549,-0.674,0.125,0.01788192,-0.01219238
2020-02-01,Ireland,2Y,-0.544,-0.776,0.23199999999999998,0.0,0.0
2020-03-01,Ireland,2Y,-0.477,-0.702,0.22499999999999998,0.18996661,-0.0646914
2020-04-01,Ireland,2Y,-0.506,-0.777,0.271,0.04450687,-0.0282567
2020-05-01,Ireland,2Y,-0.445,-0.668,0.22300000000000003,0.0,0.0
2020-06-01,Ireland,2Y,-0.552,-0.695,0.1429999999999999,0.00075699,0.00221042
2020-07-01,Ireland,2Y,-0.606,-0.72,0.11399999999999999,-0.01051453,0.00663075
2020-08-01,Ireland,2Y,-0.555,-0.658,0.10299999999999998,0.0,0.0
2020-09-01,Ireland,2Y,-0.57,-0.705,0.135,-0.01137573,0.0209051
2020-10-01,Ireland,2Y,-0.692,-0.798,0.1060000000000001,-0.04440888,0.03827308
2020-11-01,Ireland,2Y,-0.676,-0.749,0.07299999999999995,0.0,0.0
2020-12-01,Ireland,2Y,-0.721,-0.715,-0.006000000000000005,0.02960964,-0.0146942
2021-01-01,Ireland,2Y,-0.688,-0.738,0.050000000000000044,0.01223291,-0.00964168
2021-02-01,Ireland,2Y,-0.561,-0.668,0.10699999999999998,0.0,0.0
2021-03-01,Ireland,2Y,-0.621,-0.695,0.07399999999999995,0.00286225,0.0097477
2021-04-01,Ireland,2Y,-0.608,-0.69,0.08199999999999996,0.00189025,-0.00343929
2021-05-01,Ireland,2Y,-0.598,-0.668,0.07000000000000006,0.0,0.0
2021-06-01,Ireland,2Y,-0.596,-0.667,0.07100000000000006,-0.01563274,0.01470217
2021-07-01,Ireland,2Y,-0.682,-0.767,0.08499999999999996,0.0073095,-0.00768279
2021-08-01,Ireland,2Y,-0.666,-0.722,0.05599999999999994,0.0,0.0
2021-09-01,Ireland,2Y,-0.665,-0.695,0.029999999999999916,-0.01404805,0.01567899
2021-10-01,Ireland,2Y,-0.532,-0.591,0.05899999999999994,0.00670146,-0.0061872
2021-11-01,Ireland,2Y,-0.637,-0.746,0.10899999999999999,0.0,0.0
2021-12-01,Ireland,2Y,-0.639,-0.636,-0.0030000000000000027,0.02039478,-0.02349587
2022-01-01,Ireland,2Y,-0.452,-0.536,0.08400000000000002,0.0,0.0
2022-02-01,Ireland,2Y,-0.416,-0.539,0.12300000000000005,0.03923857,-0.02262021
2022-03-01,Ireland,2Y,-0.02,-0.08,0.06,0.01158872,0.00288687
2022-04-01,Ireland,2Y,0.325,0.254,0.07100000000000001,-0.02722772,-0.01209206
2022-05-01,Ireland,2Y,0.4,0.494,-0.09399999999999997,0.0,0.0
2022-06-01,Ireland,2Y,0.622,0.632,-0.010000000000000009,0.04000315,-0.05017059
2022-07-01,Ireland,2Y,0.302,0.264,0.03799999999999998,0.06062276,0.06828821
2022-08-01,Ireland,2Y,1.139,1.184,-0.04499999999999993,0.0,0.0
2022-09-01,Ireland,2Y,1.819,1.747,0.07199999999999984,0.06553518,0.05123198
2022-10-01,Ireland,2Y,2.073,1.927,0.1459999999999999,-0.0484317,-0.00738864
2022-11-01,Ireland,2Y,1.963,2.112,-0.14900000000000002,0.0,0.0
2022-12-01,Ireland,2Y,2.682,2.738,-0.05600000000000005,0.08741766,-0.05187298
2023-01-01,Ireland,2Y,2.611,2.644,-0.03299999999999992,0.0,0.0
2023-02-01,Ireland,2Y,3.067,3.128,-0.06099999999999994,-0.02825908,0.00739243
2023-03-01,Ireland,2Y,2.575,2.673,-0.09799999999999986,0.06364707,0.13706177
2023-04-01,Ireland,2Y,2.693,2.675,0.018000000000000238,0.0,0.0
2023-05-01,Ireland,2Y,2.779,2.707,0.07200000000000006,-0.05445383,-0.02205352
2023-06-01,Ireland,2Y,3.168,3.188,-0.020000000000000018,0.00310685,0.01212789
2023-07-01,Ireland,2Y,3.098,3.031,0.06699999999999973,-0.02931627,0.00761737
2023-08-01,Ireland,2Y,3.063,2.967,0.09600000000000009,0.0,0.0
2023-09-01,Ireland,2Y,3.308,3.198,0.10999999999999988,0.00399758,0.06922208
2023-10-01,Ireland,2Y,3.21,3.011,0.19899999999999984,-0.02513959,0.0050286
2023-11-01,Ireland,2Y,3.023,2.812,0.2110000000000003,0.0,0.0
2023-12-01,Ireland,2Y,2.921,2.392,0.5289999999999999,0.03287603,-0.00518218
2024-01-01,Ireland,2Y,2.378,2.415,-0.03699999999999992,-0.04307478,0.00364715
2024-02-01,Ireland,2Y,2.823,2.898,-0.07500000000000018,0.0,0.0
2024-03-01,Ireland,2Y,2.787,2.846,-0.05900000000000016,-0.02470938,0.02110809
2024-04-01,Ireland,2Y,3.06,3.03,0.03000000000000025,-0.00688623,0.00746176
2024-05-01,Ireland,2Y,3.095,3.093,0.002000000000000224,0.0,0.0
2024-06-01,Ireland,2Y,2.966,2.828,0.13800000000000034,0.01490844,0.0018587
2024-07-01,Ireland,2Y,2.691,2.525,0.16599999999999993,-0.00635903,0.00050086
2024-08-01,Ireland,2Y,2.492,2.388,0.10400000000000009,0.0,0.0
2024-09-01,Ireland,2Y,2.154,2.064,0.08999999999999986,0.03255924,-0.01615053
2024-10-01,Ireland,2Y,2.341,2.276,0.06500000000000039,-0.02068547,-0.01217264
2024-11-01,Ireland,2Y,2.083,1.945,0.13800000000000012,0.0,0.0
2024-12-01,Ireland,2Y,2.119,2.077,0.04200000000000026,0.00609036,0.02176619
2025-01-01,Ireland,2Y,2.182,2.11,0.07200000000000006,-0.0087809,-0.00804116
2025-02-01,Ireland,2Y,2.098,2.021,0.07699999999999996,0.0,0.0
2025-03-01,Ireland,2Y,2.131,2.045,0.08599999999999985,-0.00193929,0.02623149
2025-04-01,Ireland,2Y,1.764,1.683,0.08099999999999996,-0.03264565,-0.02455187
2025-05-01,Ireland,2Y,1.79,1.772,0.018000000000000016,0.0,0.0
2025-06-01,Ireland,2Y,1.876,1.857,0.018999999999999906,0.02367629,-0.00634498
2025-07-01,Ireland,2Y,1.957,1.96,-0.0029999999999998916,0.02395822,-0.00106382
2025-08-01,Ireland,2Y,1.951,1.937,0.014000000000000012,0.0,0.0
2025-09-01,Ireland,2Y,2.016,2.018,-0.0019999999999997797,-0.01551833,0.00187802
2025-10-01,Ireland,2Y,1.974,1.966,0.008000000000000007,-0.01065112,0.01192155
2025-11-01,Ireland,2Y,2.023,2.026,-0.0029999999999996696,,
2025-12-01,Ireland,2Y,1.994,2.12,-0.1260000000000001,,
2026-01-01,Ireland,2Y,2.097,2.085,0.01200000000000001,,
2026-02-01,Ireland,2Y,2.019,1.995,0.02400000000000002,,
2026-03-01,Ireland,2Y,2.627,2.613,0.01399999999999979,,
2026-04-01,Ireland,2Y,2.642,2.64,0.0019999999999997797,,
2026-05-01,Ireland,2Y,2.515,2.526,-0.010999999999999677,,
2026-06-01,Ireland,2Y,2.489,2.524,-0.03500000000000014,,
2026-07-01,Ireland,2Y,2.755,2.817,-0.06200000000000028,,
2026-08-01,Ireland,2Y,2.857,2.934,-0.07699999999999996,,
2026-09-01,Ireland,2Y,3.155,3.26,-0.10499999999999998,,
1999-01-01,Ireland,5Y,,3.127,,0.02914637,-0.06311121
1999-02-01,Ireland,5Y,,3.406,,-0.00556514,0.00556514
1999-03-01,Ireland,5Y,,3.228,,-0.00592203,0.00323799
1999-04-01,Ireland,5Y,,3.089,,-0.00679893,-0.00330584
1999-05-01,Ireland,5Y,,3.317,,0.01543059,-0.00936631
1999-06-01,Ireland,5Y,,3.847,,0.00768436,-0.01317122
1999-07-01,Ireland,5Y,,4.186,,-0.00494872,0.02780708
1999-08-01,Ireland,5Y,,4.307,,0.00678846,-0.00826848
1999-09-01,Ireland,5Y,,4.424,,-0.04166781,-0.00527997
1999-10-01,Ireland,5Y,,4.641,,-0.06815947,-0.10613335
1999-11-01,Ireland,5Y,4.924,4.632,0.2920000000000007,0.01057526,0.04684463
1999-12-01,Ireland,5Y,5.143,4.79,0.351,-0.00790024,0.00763541
2000-01-01,Ireland,5Y,5.38,5.052,0.3280000000000003,0.01150505,-0.02335973
2000-02-01,Ireland,5Y,5.346,5.088,0.258,-0.04027945,0.06481814
2000-03-01,Ireland,5Y,5.118,4.854,0.26400000000000023,-0.06675806,-0.0176937
2000-04-01,Ireland,5Y,5.246,4.998,0.24800000000000022,0.02378726,-0.01526446
2000-05-01,Ireland,5Y,5.292,5.046,0.24599999999999955,-0.06400218,0.06313006
2000-06-01,Ireland,5Y,5.289,5.022,0.26699999999999946,0.11366676,0.04898755
2000-07-01,Ireland,5Y,5.353,5.141,0.21199999999999974,0.02048594,-0.00231932
2000-08-01,Ireland,5Y,5.454,5.237,0.21699999999999964,-0.04765312,-0.036261
2000-09-01,Ireland,5Y,5.286,5.057,0.2289999999999992,-0.03226793,-0.00031136
2000-10-01,Ireland,5Y,5.274,5.073,0.20099999999999962,0.02902834,0.0510063
2000-11-01,Ireland,5Y,5.02,4.828,0.19199999999999928,-0.00713094,-0.01518934
2000-12-01,Ireland,5Y,4.705,4.508,0.19700000000000006,-0.0010197,0.02324592
2001-01-01,Ireland,5Y,4.665,4.495,0.16999999999999993,0.01139404,-0.00090513
2001-02-01,Ireland,5Y,4.626,4.482,0.14400000000000013,-0.00204204,0.01927988
2001-03-01,Ireland,5Y,4.506,4.334,0.1720000000000006,0.06859912,0.03120769
2001-04-01,Ireland,5Y,4.926,4.748,0.17799999999999994,0.06421035,0.12710222
2001-05-01,Ireland,5Y,4.859,4.731,0.1280000000000001,-0.13656878,-0.08779026
2001-06-01,Ireland,5Y,4.712,4.59,0.12199999999999989,0.02854883,0.02396559
2001-07-01,Ireland,5Y,4.522,4.413,0.10899999999999999,0.03007371,0.01514081
2001-08-01,Ireland,5Y,4.356,4.201,0.15500000000000025,0.05079423,-0.02379363
2001-09-01,Ireland,5Y,4.119,4.062,0.056999999999999496,0.0313824,-0.01387918
2001-10-01,Ireland,5Y,3.731,3.741,-0.010000000000000231,0.04317789,0.06975827
2001-11-01,Ireland,5Y,3.986,4.026,-0.03999999999999959,0.03107767,-0.00197459
2001-12-01,Ireland,5Y,4.333,4.386,-0.06299999999999972,0.02660325,0.00333289
2002-01-01,Ireland,5Y,4.807,4.505,0.3020000000000005,0.01003587,0.01147814
2002-02-01,Ireland,5Y,4.792,4.546,0.24599999999999955,-0.00667414,0.03998737
2002-03-01,Ireland,5Y,5.101,4.902,0.20000000000000018,-3.086e-05,0.01296051
2002-04-01,Ireland,5Y,4.908,4.71,0.1980000000000004,-0.00247617,-0.01196426
2002-05-01,Ireland,5Y,4.968,4.8,0.16800000000000015,0.03218836,0.01597417
2002-06-01,Ireland,5Y,4.691,4.491,0.20000000000000018,0.01184929,-0.00618789
2002-07-01,Ireland,5Y,4.419,4.196,0.22299999999999986,0.00352277,-0.0116348
2002-08-01,Ireland,5Y,4.202,4.049,0.15299999999999958,0.01803811,-0.01560232
2002-09-01,Ireland,5Y,3.764,3.601,0.1629999999999998,0.01607403,-0.04022966
2002-10-01,Ireland,5Y,3.918,3.784,0.13400000000000034,0.02180133,0.01000217
2002-11-01,Ireland,5Y,3.89,3.8,0.0900000000000003,0.06594808,-0.03659766
2002-12-01,Ireland,5Y,3.472,3.395,0.07699999999999996,0.00595453,-0.05100643
2003-01-01,Ireland,5Y,3.309,3.266,0.04300000000000015,-0.02700705,0.05207753
2003-02-01,Ireland,5Y,3.023,3.055,-0.03200000000000003,0.05532359,-0.03445075
2003-03-01,Ireland,5Y,3.167,3.24,-0.0730000000000004,0.06711294,-0.02143875
2003-04-01,Ireland,5Y,3.175,3.273,-0.09800000000000031,0.01825694,0.00312353
2003-05-01,Ireland,5Y,2.794,2.879,-0.08499999999999996,0.05561085,-0.01606747
2003-06-01,Ireland,5Y,2.834,2.949,-0.11499999999999977,0.00128217,-0.05865202
2003-07-01,Ireland,5Y,3.265,3.363,-0.09799999999999986,0.00179838,0.01282863
2003-08-01,Ireland,5Y,3.379,3.463,-0.08400000000000007,0.0,0.0
2003-09-01,Ireland,5Y,2.989,3.097,-0.1080000000000001,0.00235118,-0.00730611
2003-10-01,Ireland,5Y,3.409,3.601,-0.19200000000000017,0.03221462,-0.01758272
2003-11-01,Ireland,5Y,3.565,3.743,-0.17799999999999994,-0.00093229,0.00553257
2003-12-01,Ireland,5Y,3.565,3.504,0.06099999999999994,0.01015649,-0.01957929
2004-01-01,Ireland,5Y,3.565,3.402,0.1629999999999998,-0.0131573,0.00742273
2004-02-01,Ireland,5Y,3.297,3.244,0.052999999999999936,-0.00162731,-0.00688155
2004-03-01,Ireland,5Y,3.148,3.093,0.05500000000000016,0.01236658,0.02812953
2004-04-01,Ireland,5Y,3.463,3.411,0.052000000000000046,0.04962089,0.02543383
2004-05-01,Ireland,5Y,3.607,3.578,0.02900000000000036,0.01746509,-0.0065437
2004-06-01,Ireland,5Y,3.614,3.572,0.041999999999999815,-0.01060389,-0.00014359
2004-07-01,Ireland,5Y,3.494,3.458,0.03600000000000003,0.00862926,-0.00812276
2004-08-01,Ireland,5Y,3.254,3.32,-0.06599999999999984,-0.00139583,0.00217688
2004-09-01,Ireland,5Y,3.257,3.317,-0.06000000000000005,0.0114091,0.00103921
2004-10-01,Ireland,5Y,3.096,3.164,-0.06800000000000006,-0.00411348,-0.00801005
2004-11-01,Ireland,5Y,2.963,3.043,-0.08000000000000007,-0.00031881,-0.00525612
2004-12-01,Ireland,5Y,2.955,3.031,-0.07600000000000007,0.01785679,-0.00429348
2005-01-01,Ireland,5Y,2.842,2.927,-0.08499999999999996,-0.01786635,-0.01631762
2005-02-01,Ireland,5Y,2.988,3.076,-0.08800000000000008,0.00876981,-0.01224856
2005-03-01,Ireland,5Y,2.908,3.061,-0.15300000000000002,-0.00906581,0.00175456
2005-04-01,Ireland,5Y,2.639,2.79,-0.15100000000000025,0.00312037,-0.01689142
2005-05-01,Ireland,5Y,2.498,2.638,-0.13999999999999968,-0.00742018,0.0089191
2005-06-01,Ireland,5Y,2.334,2.481,-0.1469999999999998,0.01228622,0.00308786
2005-07-01,Ireland,5Y,2.506,2.647,-0.14100000000000001,-0.01999819,0.03965357
2005-08-01,Ireland,5Y,2.419,2.539,-0.1200000000000001,0.00221244,-0.00113823
2005-09-01,Ireland,5Y,2.659,2.732,-0.0730000000000004,-0.00616143,0.00137953
2005-10-01,Ireland,5Y,2.954,3.007,-0.052999999999999936,-0.00725165,0.0053286
2005-11-01,Ireland,5Y,3.207,3.093,0.11399999999999988,-0.02639035,0.01567596
2005-12-01,Ireland,5Y,2.947,3.068,-0.121,-0.02869513,0.00122556
2006-01-01,Ireland,5Y,3.009,3.22,-0.2110000000000003,-0.01509696,-0.00771216
2006-02-01,Ireland,5Y,3.125,3.262,-0.137,-0.00544505,-0.00324349
2006-03-01,Ireland,5Y,3.401,3.585,-0.18400000000000016,0.02163882,-0.01310347
2006-04-01,Ireland,5Y,3.594,3.735,-0.14100000000000001,-0.05627657,-0.03601184
2006-05-01,Ireland,5Y,3.5,3.697,-0.19700000000000006,0.00017422,-0.00236101
2006-06-01,Ireland,5Y,3.724,3.84,-0.11599999999999966,-0.03946736,-0.00172699
2006-07-01,Ireland,5Y,3.724,3.695,0.02900000000000036,0.01414146,0.00627523
2006-08-01,Ireland,5Y,3.724,3.588,0.13600000000000012,0.01499431,0.01378088
2006-09-01,Ireland,5Y,3.724,3.628,0.09600000000000009,0.0,0.0
2006-10-01,Ireland,5Y,3.724,3.683,0.04100000000000037,-0.00312185,0.00292537
2006-11-01,Ireland,5Y,3.724,3.635,0.08900000000000041,0.02599157,-0.03156989
2006-12-01,Ireland,5Y,3.724,3.921,-0.19699999999999962,-0.01228785,0.03226851
2007-01-01,Ireland,5Y,3.724,4.036,-0.3119999999999994,-0.04184531,-0.00062716
2007-02-01,Ireland,5Y,3.724,3.892,-0.1679999999999997,0.01201155,-0.00426155
2007-03-01,Ireland,5Y,3.724,4.018,-0.2939999999999996,0.00234815,0.00780903
2007-04-01,Ireland,5Y,3.724,4.134,-0.41000000000000014,0.00848509,-0.01206177
2007-05-01,Ireland,5Y,3.724,4.412,-0.6879999999999997,0.00231754,-0.00518441
2007-06-01,Ireland,5Y,3.724,4.527,-0.8029999999999999,3.95e-06,-0.00707298
2007-07-01,Ireland,5Y,3.724,4.319,-0.5949999999999998,0.00420353,-0.00350775
2007-08-01,Ireland,5Y,3.724,4.115,-0.391,-7.551e-05,-0.00333671
2007-09-01,Ireland,5Y,3.724,4.163,-0.43900000000000006,-0.0363456,-0.00270934
2007-10-01,Ireland,5Y,4.229,4.132,0.09700000000000042,0.00166756,-0.00365079
2007-11-01,Ireland,5Y,4.072,3.911,0.16100000000000003,0.00101171,-0.02129922
2007-12-01,Ireland,5Y,4.24,4.119,0.12100000000000044,0.02203938,-0.00235725
2008-01-01,Ireland,5Y,3.722,3.552,0.16999999999999993,0.00854417,-0.01034839
2008-02-01,Ireland,5Y,3.537,3.368,0.16900000000000004,-0.00565551,-0.04432311
2008-03-01,Ireland,5Y,3.851,3.6,0.2509999999999999,0.03287918,-0.00319577
2008-04-01,Ireland,5Y,4.14,3.877,0.2629999999999999,-0.00107664,0.00211722
2008-05-01,Ireland,5Y,4.496,4.303,0.1930000000000005,0.0079654,-0.01921652
2008-06-01,Ireland,5Y,4.896,4.636,0.2599999999999998,0.08718549,0.05944987
2008-07-01,Ireland,5Y,4.513,4.272,0.24099999999999966,-0.08616599,0.0003162
2008-08-01,Ireland,5Y,4.322,4.095,0.2270000000000003,-0.00047578,-0.0412033
2008-09-01,Ireland,5Y,4.137,3.768,0.3689999999999998,0.02062448,-0.02765799
2008-10-01,Ireland,5Y,3.998,3.196,0.802,-0.00294813,-0.05476331
2008-11-01,Ireland,5Y,3.602,2.651,0.9510000000000001,0.14345953,0.0601037
2008-12-01,Ireland,5Y,3.585,2.318,1.267,0.07249163,-0.02195657
2009-01-01,Ireland,5Y,4.745,2.494,2.251,0.00570074,-0.03082516
2009-02-01,Ireland,5Y,4.813,2.234,2.5789999999999997,-0.0142095,-0.04348585
2009-03-01,Ireland,5Y,4.53,2.233,2.297,-0.00508159,0.00953191
2009-04-01,Ireland,5Y,4.117,2.354,1.763,0.04361952,0.04035626
2009-05-01,Ireland,5Y,4.093,2.632,1.4609999999999999,-0.00276712,-0.02144281
2009-06-01,Ireland,5Y,4.013,2.493,1.52,0.01914683,0.01991529
2009-07-01,Ireland,5Y,3.441,2.406,1.0349999999999997,0.01967426,-0.08702865
2009-08-01,Ireland,5Y,3.374,2.375,0.9990000000000001,0.00382895,-0.00227106
2009-09-01,Ireland,5Y,3.116,2.401,0.7150000000000003,-0.01479861,-0.0288011
2009-10-01,Ireland,5Y,3.109,2.411,0.698,-0.00631641,-0.01739833
2009-11-01,Ireland,5Y,3.271,2.233,1.0379999999999998,-0.03362904,0.01798103
2009-12-01,Ireland,5Y,3.254,2.423,0.831,-0.03020061,-0.01008083
2010-01-01,Ireland,5Y,3.142,2.276,0.8660000000000001,-6.14e-06,-0.01162683
2010-02-01,Ireland,5Y,3.142,2.127,1.0150000000000001,0.02809804,-0.03309557
2010-03-01,Ireland,5Y,3.142,2.136,1.0059999999999998,-0.01619472,0.00347371
2010-04-01,Ireland,5Y,3.142,1.968,1.174,0.00539033,-0.00101855
2010-05-01,Ireland,5Y,3.142,1.557,1.585,0.02627696,-0.01799763
2010-06-01,Ireland,5Y,3.142,1.458,1.684,-0.02371403,0.02024375
2010-07-01,Ireland,5Y,3.142,1.653,1.4889999999999999,0.00522594,0.04208827
2010-08-01,Ireland,5Y,3.142,1.199,1.9429999999999998,0.01420454,-0.02426078
2010-09-01,Ireland,5Y,3.142,1.483,1.6589999999999998,-0.00294235,-0.01052608
2010-10-01,Ireland,5Y,3.142,1.712,1.43,-0.00279264,0.00162802
2010-11-01,Ireland,5Y,3.142,1.674,1.468,-0.00010904,-0.0080795
2010-12-01,Ireland,5Y,3.142,1.838,1.3039999999999998,-0.00484115,-0.02320713
2011-01-01,Ireland,5Y,3.142,2.386,0.7559999999999998,0.01844172,0.01740865
2011-02-01,Ireland,5Y,8.966,2.386,6.579999999999999,-0.02451558,-0.01441031
2011-03-01,Ireland,5Y,10.805,2.671,8.134,0.07028429,0.06022116
2011-04-01,Ireland,5Y,11.656,2.599,9.057,-0.00244173,0.01943218
2011-05-01,Ireland,5Y,11.597,2.277,9.32,-0.05955414,-0.04508166
2011-06-01,Ireland,5Y,13.001,2.277,10.724,-0.01534681,-0.00214682
2011-07-01,Ireland,5Y,11.352,1.719,9.633000000000001,-0.01354933,0.02770202
2011-08-01,Ireland,5Y,7.615,1.309,6.306,-0.04366301,-0.12013885
2011-09-01,Ireland,5Y,6.449,1.165,5.284,0.01207522,-0.01000965
2011-10-01,Ireland,5Y,7.524,1.159,6.365,0.10619898,0.05031052
2011-11-01,Ireland,5Y,9.122,1.16,7.962,-0.07192325,-0.0611927
2011-12-01,Ireland,5Y,7.355,0.753,6.602,0.03349252,-0.03948307
2012-01-01,Ireland,5Y,5.719,0.736,4.9830000000000005,0.02629851,-0.02840244
2012-02-01,Ireland,5Y,5.022,0.813,4.2090000000000005,-0.01433788,0.01535817
2012-03-01,Ireland,5Y,4.948,0.794,4.154,0.00682966,-0.00830541
2012-04-01,Ireland,5Y,5.157,0.599,4.558,0.00683135,-0.00606342
2012-05-01,Ireland,5Y,7.029,0.336,6.693,0.04135716,-0.02621478
2012-06-01,Ireland,5Y,5.092,0.61,4.481999999999999,0.03338643,-0.00627108
2012-07-01,Ireland,5Y,5.576,0.303,5.273,-0.0072012,-0.10685152
2012-08-01,Ireland,5Y,5.09,0.333,4.757,0.10355838,-0.07344139
2012-09-01,Ireland,5Y,3.695,0.509,3.186,-0.03500514,0.0388083
2012-10-01,Ireland,5Y,3.374,0.491,2.883,0.00539462,-0.00081696
2012-11-01,Ireland,5Y,3.132,0.405,2.7270000000000003,0.00753017,0.00512519
2012-12-01,Ireland,5Y,3.228,0.292,2.9360000000000004,-0.0037345,-0.00486517
2013-01-01,Ireland,5Y,3.028,0.762,2.266,-0.00316676,0.01806952
2013-02-01,Ireland,5Y,2.736,0.434,2.302,-0.00649124,-0.0096722
2013-03-01,Ireland,5Y,2.874,0.311,2.563,0.00845211,0.00457824
2013-04-01,Ireland,5Y,2.3,0.332,1.9679999999999997,0.02524541,-0.02755056
2013-05-01,Ireland,5Y,2.29,0.487,1.803,-0.00548678,-0.005251
2013-06-01,Ireland,5Y,3.076,0.734,2.342,0.03220402,-0.01512024
2013-07-01,Ireland,5Y,2.855,0.651,2.2039999999999997,-0.06055783,0.04203836
2013-08-01,Ireland,5Y,3.08,0.817,2.263,-0.0028711,0.01132435
2013-09-01,Ireland,5Y,2.825,0.791,2.0340000000000003,-0.00632233,0.00132339
2013-10-01,Ireland,5Y,2.386,0.657,1.729,0.00677482,-0.00609358
2013-11-01,Ireland,5Y,2.17,0.651,1.519,-0.03543784,0.02352032
2013-12-01,Ireland,5Y,2.06,0.917,1.143,0.0178962,-0.00423027
2014-01-01,Ireland,5Y,1.708,0.649,1.059,0.0074008,-0.01504822
2014-02-01,Ireland,5Y,1.493,0.667,0.8260000000000001,0.0193551,0.02089548
2014-03-01,Ireland,5Y,1.4,0.628,0.7719999999999999,0.03148079,0.01102582
2014-04-01,Ireland,5Y,1.095,0.551,0.5439999999999999,-0.01390848,0.03683678
2014-05-01,Ireland,5Y,1.204,0.428,0.776,-0.00528758,0.01007157
2014-06-01,Ireland,5Y,0.887,0.341,0.546,-0.03637694,0.01209969
2014-07-01,Ireland,5Y,0.814,0.301,0.5129999999999999,-0.01783726,0.01292655
2014-08-01,Ireland,5Y,0.615,0.172,0.443,0.00070312,0.00187773
2014-09-01,Ireland,5Y,0.438,0.146,0.29200000000000004,-0.06422641,-0.00068183
2014-10-01,Ireland,5Y,0.534,0.125,0.40900000000000003,0.05409899,-0.04887129
2014-11-01,Ireland,5Y,0.389,0.111,0.278,-0.03680355,0.03947588
2014-12-01,Ireland,5Y,0.394,0.008,0.386,0.05596263,-0.04833079
2015-01-01,Ireland,5Y,0.48,-0.051,0.531,-0.01922483,0.01173607
2015-02-01,Ireland,5Y,0.278,-0.088,0.366,0.0,0.0
2015-03-01,Ireland,5Y,0.221,-0.102,0.323,0.00035536,-0.00385565
2015-04-01,Ireland,5Y,0.299,0.007,0.292,-0.00142985,0.00811493
2015-05-01,Ireland,5Y,0.393,-0.004,0.397,0.0,0.0
2015-06-01,Ireland,5Y,0.623,0.073,0.55,0.00884221,-0.01158719
2015-07-01,Ireland,5Y,0.306,0.044,0.262,-0.00145856,0.00208231
2015-08-01,Ireland,5Y,0.417,0.126,0.291,0.0,0.0
2015-09-01,Ireland,5Y,0.338,-0.007,0.34500000000000003,-0.03170106,0.0298776
2015-10-01,Ireland,5Y,0.279,-0.079,0.35800000000000004,-0.07457095,0.05369102
2015-11-01,Ireland,5Y,0.101,-0.183,0.28400000000000003,0.0,0.0
2015-12-01,Ireland,5Y,0.198,-0.047,0.245,0.16522564,-0.06777853
2016-01-01,Ireland,5Y,0.009,-0.313,0.322,-0.02353204,0.00207732
2016-02-01,Ireland,5Y,0.028,-0.408,0.436,0.0,0.0
2016-03-01,Ireland,5Y,-0.005,-0.329,0.324,0.00295142,0.04696157
2016-04-01,Ireland,5Y,0.01,-0.289,0.299,0.00874813,-0.00714425
2016-05-01,Ireland,5Y,-0.089,-0.378,0.28900000000000003,0.0,0.0
2016-06-01,Ireland,5Y,-0.007,-0.569,0.5619999999999999,0.01416894,-0.01469861
2016-07-01,Ireland,5Y,-0.007,-0.529,0.522,0.00420598,0.02136953
2016-08-01,Ireland,5Y,-0.007,-0.504,0.497,0.0,0.0
2016-09-01,Ireland,5Y,-0.007,-0.577,0.57,0.02928932,-0.01588046
2016-10-01,Ireland,5Y,-0.007,-0.402,0.395,-0.00343218,0.00288461
2016-11-01,Ireland,5Y,-0.007,-0.432,0.425,0.0,0.0
2016-12-01,Ireland,5Y,-0.007,-0.543,0.536,-0.02369548,0.02494524
2017-01-01,Ireland,5Y,0.122,-0.406,0.528,-0.01136922,0.01125365
2017-02-01,Ireland,5Y,-0.068,-0.575,0.5069999999999999,0.0,0.0
2017-03-01,Ireland,5Y,0.027,-0.386,0.41300000000000003,-0.01209542,0.01300103
2017-04-01,Ireland,5Y,-0.055,-0.39,0.335,-0.00220409,-0.00059132
2017-05-01,Ireland,5Y,-0.142,-0.435,0.29300000000000004,0.0,0.0
2017-06-01,Ireland,5Y,-0.009,-0.229,0.22,0.00468379,-0.00618022
2017-07-01,Ireland,5Y,-0.033,-0.182,0.149,-0.00745165,-0.00386945
2017-08-01,Ireland,5Y,-0.179,-0.345,0.16599999999999998,0.0,0.0
2017-09-01,Ireland,5Y,-0.161,-0.269,0.10800000000000001,-0.00127015,0.00235026
2017-10-01,Ireland,5Y,-0.078,-0.351,0.27299999999999996,-0.01205914,0.01350465
2017-11-01,Ireland,5Y,-0.084,-0.31,0.22599999999999998,0.0,0.0
2017-12-01,Ireland,5Y,0.017,-0.207,0.22399999999999998,-0.00726541,0.00542794
2018-01-01,Ireland,5Y,0.203,0.102,0.10100000000000002,0.01937805,-0.01940399
2018-02-01,Ireland,5Y,0.13,0.021,0.109,0.0,0.0
2018-03-01,Ireland,5Y,0.007,-0.106,0.113,-0.01997759,0.02238169
2018-04-01,Ireland,5Y,0.053,-0.061,0.11399999999999999,0.00352961,-0.00433858
2018-05-01,Ireland,5Y,-0.025,-0.275,0.25,0.0,0.0
2018-06-01,Ireland,5Y,-0.144,-0.306,0.162,-0.04271677,0.03658385
2018-07-01,Ireland,5Y,-0.048,-0.128,0.08,-0.00753783,0.00753783
2018-08-01,Ireland,5Y,-0.088,-0.233,0.14500000000000002,0.0,0.0
2018-09-01,Ireland,5Y,0.015,-0.092,0.107,0.00550418,-0.00644394
2018-10-01,Ireland,5Y,-0.033,-0.194,0.161,0.02001239,-0.01825893
2018-11-01,Ireland,5Y,-0.072,-0.271,0.199,0.0,0.0
2018-12-01,Ireland,5Y,-0.097,-0.32,0.223,-0.00415027,0.00355439
2019-01-01,Ireland,5Y,0.053,-0.318,0.371,0.0175893,-0.02145109
2019-02-01,Ireland,5Y,0.044,-0.279,0.323,0.0,0.0
2019-03-01,Ireland,5Y,-0.121,-0.453,0.332,0.00868726,-0.01442751
2019-04-01,Ireland,5Y,-0.158,-0.416,0.258,-0.00273599,-0.00018377
2019-05-01,Ireland,5Y,-0.255,-0.582,0.32699999999999996,0.0,0.0
2019-06-01,Ireland,5Y,-0.401,-0.666,0.265,0.03058214,-0.0071408
2019-07-01,Ireland,5Y,-0.414,-0.717,0.303,0.04218756,-0.00506254
2019-08-01,Ireland,5Y,-0.557,-0.927,0.37,0.0,0.0
2019-09-01,Ireland,5Y,-0.476,-0.775,0.29900000000000004,0.03217407,0.03487853
2019-10-01,Ireland,5Y,-0.405,-0.628,0.22299999999999998,0.00764552,-0.00665165
2019-11-01,Ireland,5Y,-0.36,-0.585,0.22499999999999998,0.0,0.0
2019-12-01,Ireland,5Y,-0.321,-0.476,0.15499999999999997,-0.01029327,0.01098215
2020-01-01,Ireland,5Y,-0.398,-0.644,0.246,0.01788192,-0.01219238
2020-02-01,Ireland,5Y,-0.437,-0.766,0.329,0.0,0.0
2020-03-01,Ireland,5Y,-0.167,-0.657,0.49,0.18996661,-0.0646914
2020-04-01,Ireland,5Y,-0.283,-0.77,0.48700000000000004,0.04450687,-0.0282567
2020-05-01,Ireland,5Y,-0.244,-0.646,0.402,0.0,0.0
2020-06-01,Ireland,5Y,-0.407,-0.7,0.293,0.00075699,0.00221042
2020-07-01,Ireland,5Y,-0.499,-0.722,0.22299999999999998,-0.01051453,0.00663075
2020-08-01,Ireland,5Y,-0.453,-0.631,0.178,0.0,0.0
2020-09-01,Ireland,5Y,-0.539,-0.713,0.17399999999999993,-0.01137573,0.0209051
2020-10-01,Ireland,5Y,-0.629,-0.822,0.19299999999999995,-0.04440888,0.03827308
2020-11-01,Ireland,5Y,-0.601,-0.754,0.15300000000000002,0.0,0.0
2020-12-01,Ireland,5Y,-0.629,-0.742,0.11299999999999999,0.02960964,-0.0146942
2021-01-01,Ireland,5Y,-0.574,-0.736,0.16200000000000003,0.01223291,-0.00964168
2021-02-01,Ireland,5Y,-0.385,-0.569,0.18399999999999994,0.0,0.0
2021-03-01,Ireland,5Y,-0.464,-0.629,0.16499999999999998,0.00286225,0.0097477
2021-04-01,Ireland,5Y,-0.397,-0.578,0.18099999999999994,0.00189025,-0.00343929
2021-05-01,Ireland,5Y,-0.377,-0.568,0.19099999999999995,0.0,0.0
2021-06-01,Ireland,5Y,-0.399,-0.589,0.18999999999999995,-0.01563274,0.01470217
2021-07-01,Ireland,5Y,-0.596,-0.744,0.14800000000000002,0.0073095,-0.00768279
2021-08-01,Ireland,5Y,-0.525,-0.68,0.15500000000000003,0.0,0.0
2021-09-01,Ireland,5Y,-0.433,-0.558,0.12500000000000006,-0.01404805,0.01567899
2021-10-01,Ireland,5Y,-0.248,-0.392,0.14400000000000002,0.00670146,-0.0061872
2021-11-01,Ireland,5Y,-0.485,-0.622,0.137,0.0,0.0
2021-12-01,Ireland,5Y,-0.357,-0.461,0.10400000000000004,0.02039478,-0.02349587
2022-01-01,Ireland,5Y,-0.025,-0.227,0.202,0.0,0.0
2022-02-01,Ireland,5Y,0.102,-0.164,0.266,0.03923857,-0.02262021
2022-03-01,Ireland,5Y,0.58,0.371,0.20899999999999996,0.01158872,0.00288687
2022-04-01,Ireland,5Y,0.829,0.674,0.15499999999999992,-0.02722772,-0.01209206
2022-05-01,Ireland,5Y,1.024,0.832,0.19200000000000006,0.0,0.0
2022-06-01,Ireland,5Y,1.308,1.056,0.252,0.04000315,-0.05017059
2022-07-01,Ireland,5Y,0.786,0.524,0.262,0.06062276,0.06828821
2022-08-01,Ireland,5Y,1.673,1.383,0.29000000000000004,0.0,0.0
2022-09-01,Ireland,5Y,2.2,1.959,0.2410000000000001,0.06553518,0.05123198
2022-10-01,Ireland,5Y,2.187,2.0,0.18699999999999983,-0.0484317,-0.00738864
2022-11-01,Ireland,5Y,2.162,1.929,0.23299999999999987,0.0,0.0
2022-12-01,Ireland,5Y,2.824,2.566,0.258,0.08741766,-0.05187298
2023-01-01,Ireland,5Y,2.539,2.306,0.2330000000000001,0.0,0.0
2023-02-01,Ireland,5Y,2.992,2.736,0.2559999999999998,-0.02825908,0.00739243
2023-03-01,Ireland,5Y,2.622,2.305,0.3169999999999997,0.06364707,0.13706177
2023-04-01,Ireland,5Y,2.558,2.3,0.258,0.0,0.0
2023-05-01,Ireland,5Y,2.592,2.275,0.31700000000000017,-0.05445383,-0.02205352
2023-06-01,Ireland,5Y,2.837,2.546,0.29100000000000037,0.00310685,0.01212789
2023-07-01,Ireland,5Y,2.808,2.533,0.2749999999999999,-0.02931627,0.00761737
2023-08-01,Ireland,5Y,2.775,2.472,0.30299999999999994,0.0,0.0
2023-09-01,Ireland,5Y,3.101,2.774,0.32699999999999996,0.00399758,0.06922208
2023-10-01,Ireland,5Y,2.984,2.652,0.33199999999999985,-0.02513959,0.0050286
2023-11-01,Ireland,5Y,2.652,2.372,0.28000000000000025,0.0,0.0
2023-12-01,Ireland,5Y,2.121,1.942,0.17900000000000005,0.03287603,-0.00518218
2024-01-01,Ireland,5Y,2.288,2.049,0.23899999999999988,-0.04307478,0.00364715
2024-02-01,Ireland,5Y,2.625,2.43,0.19499999999999984,0.0,0.0
2024-03-01,Ireland,5Y,2.549,2.32,0.2290000000000001,-0.02470938,0.02110809
2024-04-01,Ireland,5Y,2.82,2.615,0.20499999999999963,-0.00688623,0.00746176
2024-05-01,Ireland,5Y,2.899,2.706,0.19300000000000006,0.0,0.0
2024-06-01,Ireland,5Y,2.751,2.479,0.2719999999999998,0.01490844,0.0018587
2024-07-01,Ireland,5Y,2.466,2.229,0.2370000000000001,-0.00635903,0.00050086
2024-08-01,Ireland,5Y,2.375,2.187,0.18800000000000017,0.0,0.0
2024-09-01,Ireland,5Y,2.148,1.944,0.20400000000000018,0.03255924,-0.01615053
2024-10-01,Ireland,5Y,2.412,2.265,0.1469999999999998,-0.02068547,-0.01217264
2024-11-01,Ireland,5Y,2.111,1.924,0.18700000000000028,0.0,0.0
2024-12-01,Ireland,5Y,2.243,2.152,0.09099999999999975,0.00609036,0.02176619
2025-01-01,Ireland,5Y,2.414,2.233,0.18100000000000005,-0.0087809,-0.00804116
2025-02-01,Ireland,5Y,2.339,2.149,0.18999999999999995,0.0,0.0
2025-03-01,Ireland,5Y,2.564,2.337,0.22699999999999987,-0.00193929,0.02623149
2025-04-01,Ireland,5Y,2.198,1.984,0.21399999999999997,-0.03264565,-0.02455187
2025-05-01,Ireland,5Y,2.226,2.063,0.1629999999999998,0.0,0.0
2025-06-01,Ireland,5Y,2.341,2.169,0.17200000000000015,0.02367629,-0.00634498
2025-07-01,Ireland,5Y,2.386,2.293,0.09299999999999997,0.02395822,-0.00106382
2025-08-01,Ireland,5Y,2.38,2.256,0.12400000000000011,0.0,0.0
2025-09-01,Ireland,5Y,2.417,2.308,0.10899999999999999,-0.01551833,0.00187802
2025-10-01,Ireland,5Y,2.328,2.231,0.09699999999999998,-0.01065112,0.01192155
2025-11-01,Ireland,5Y,2.361,2.287,0.07400000000000029,,
2025-12-01,Ireland,5Y,2.485,2.447,0.03799999999999981,,
2026-01-01,Ireland,5Y,2.452,2.416,0.03600000000000003,,
2026-02-01,Ireland,5Y,2.319,2.237,0.08199999999999985,,
2026-03-01,Ireland,5Y,2.778,2.725,0.052999999999999936,,
2026-04-01,Ireland,5Y,2.776,2.746,0.029999999999999805,,
2026-05-01,Ireland,5Y,2.673,2.636,0.03699999999999992,,
2026-06-01,Ireland,5Y,2.625,2.594,0.03100000000000014,,
2026-07-01,Ireland,5Y,2.944,2.941,0.0030000000000001137,,
2026-08-01,Ireland,5Y,3.054,3.062,-0.008000000000000007,,
2026-09-01,Ireland,5Y,3.363,3.333,0.029999999999999805,,
1999-01-01,Italy,10Y,,3.632,,0.02914637,-0.06311121
1999-02-01,Italy,10Y,,4.011,,-0.00556514,0.00556514
1999-03-01,Italy,10Y,,4.001,,-0.00592203,0.00323799
1999-04-01,Italy,10Y,,3.868,,-0.00679893,-0.00330584
1999-05-01,Italy,10Y,,4.116,,0.01543059,-0.00936631
1999-06-01,Italy,10Y,,4.511,,0.00768436,-0.01317122
1999-07-01,Italy,10Y,,4.811,,-0.00494872,0.02780708
1999-08-01,Italy,10Y,,4.891,,0.00678846,-0.00826848
1999-09-01,Italy,10Y,,5.08,,-0.04166781,-0.00527997
1999-10-01,Italy,10Y,,5.157,,-0.06815947,-0.10613335
1999-11-01,Italy,10Y,5.319,5.125,0.19399999999999995,0.01057526,0.04684463
1999-12-01,Italy,10Y,5.594,5.355,0.25899999999999945,-0.00790024,0.00763541
2000-01-01,Italy,10Y,5.786,5.541,0.24499999999999922,0.01150505,-0.02335973
2000-02-01,Italy,10Y,5.77,5.5,0.2699999999999996,-0.04027945,0.06481814
2000-03-01,Italy,10Y,5.507,5.216,0.2909999999999995,-0.06675806,-0.0176937
2000-04-01,Italy,10Y,5.581,5.298,0.28300000000000036,0.02378726,-0.01526446
2000-05-01,Italy,10Y,5.588,5.191,0.39700000000000024,-0.06400218,0.06313006
2000-06-01,Italy,10Y,5.577,5.221,0.35599999999999987,0.11366676,0.04898755
2000-07-01,Italy,10Y,5.562,5.206,0.35599999999999987,0.02048594,-0.00231932
2000-08-01,Italy,10Y,5.657,5.298,0.359,-0.04765312,-0.036261
2000-09-01,Italy,10Y,5.609,5.23,0.37899999999999956,-0.03226793,-0.00031136
2000-10-01,Italy,10Y,5.599,5.215,0.38400000000000034,0.02902834,0.0510063
2000-11-01,Italy,10Y,5.383,5.0,0.383,-0.00713094,-0.01518934
2000-12-01,Italy,10Y,5.263,4.851,0.4119999999999999,-0.0010197,0.02324592
2001-01-01,Italy,10Y,5.182,4.797,0.3850000000000007,0.01139404,-0.00090513
2001-02-01,Italy,10Y,5.168,4.754,0.4140000000000006,-0.00204204,0.01927988
2001-03-01,Italy,10Y,5.134,4.705,0.42900000000000027,0.06859912,0.03120769
2001-04-01,Italy,10Y,5.429,5.032,0.39700000000000024,0.06421035,0.12710222
2001-05-01,Italy,10Y,5.547,5.173,0.37399999999999967,-0.13656878,-0.08779026
2001-06-01,Italy,10Y,5.498,5.102,0.3959999999999999,0.02854883,0.02396559
2001-07-01,Italy,10Y,5.271,4.88,0.391,0.03007371,0.01514081
2001-08-01,Italy,10Y,5.148,4.788,0.35999999999999943,0.05079423,-0.02379363
2001-09-01,Italy,10Y,5.153,4.791,0.3619999999999992,0.0313824,-0.01387918
2001-10-01,Italy,10Y,4.747,4.397,0.34999999999999964,0.04317789,0.06975827
2001-11-01,Italy,10Y,4.916,4.555,0.36100000000000065,0.03107767,-0.00197459
2001-12-01,Italy,10Y,5.271,4.996,0.27199999999999935,0.02660325,0.00333289
2002-01-01,Italy,10Y,5.186,4.905,0.2809999999999997,0.01003587,0.01147814
2002-02-01,Italy,10Y,5.23,4.964,0.266,-0.00667414,0.03998737
2002-03-01,Italy,10Y,5.51,5.251,0.24599999999999955,-3.086e-05,0.01296051
2002-04-01,Italy,10Y,5.364,5.122,0.242,-0.00247617,-0.01196426
2002-05-01,Italy,10Y,5.394,5.168,0.22599999999999998,0.03218836,0.01597417
2002-06-01,Italy,10Y,5.188,4.942,0.24599999999999955,0.01184929,-0.00618789
2002-07-01,Italy,10Y,4.997,4.752,0.2450000000000001,0.00352277,-0.0116348
2002-08-01,Italy,10Y,4.797,4.568,0.2290000000000001,0.01803811,-0.01560232
2002-09-01,Italy,10Y,4.577,4.272,0.3049999999999997,0.01607403,-0.04022966
2002-10-01,Italy,10Y,4.759,4.511,0.24800000000000022,0.02180133,0.01000217
2002-11-01,Italy,10Y,4.7,4.49,0.20999999999999996,0.06594808,-0.03659766
2002-12-01,Italy,10Y,4.427,4.204,0.22299999999999986,0.00595453,-0.05100643
2003-01-01,Italy,10Y,4.277,4.072,0.20500000000000007,-0.02700705,0.05207753
2003-02-01,Italy,10Y,4.081,3.918,0.16300000000000026,0.05532359,-0.03445075
2003-03-01,Italy,10Y,4.209,4.044,0.16500000000000004,0.06711294,-0.02143875
2003-04-01,Italy,10Y,4.23,4.092,0.1380000000000008,0.01825694,0.00312353
2003-05-01,Italy,10Y,3.846,3.721,0.125,0.05561085,-0.01606747
2003-06-01,Italy,10Y,3.899,3.802,0.09699999999999998,0.00128217,-0.05865202
2003-07-01,Italy,10Y,4.338,4.19,0.1479999999999997,0.00179838,0.01282863
2003-08-01,Italy,10Y,4.331,4.197,0.13400000000000034,0.0,0.0
2003-09-01,Italy,10Y,4.141,3.995,0.1459999999999999,0.00235118,-0.00730611
2003-10-01,Italy,10Y,4.45,4.331,0.11899999999999977,0.03221462,-0.01758272
2003-11-01,Italy,10Y,4.572,4.457,0.11500000000000021,-0.00093229,0.00553257
2003-12-01,Italy,10Y,4.423,4.292,0.13100000000000023,0.01015649,-0.01957929
2004-01-01,Italy,10Y,4.375,4.24,0.1349999999999998,-0.0131573,0.00742273
2004-02-01,Italy,10Y,4.282,4.051,0.23099999999999987,-0.00162731,-0.00688155
2004-03-01,Italy,10Y,4.179,3.931,0.24800000000000022,0.01236658,0.02812953
2004-04-01,Italy,10Y,4.406,4.175,0.23099999999999987,0.04962089,0.02543383
2004-05-01,Italy,10Y,4.564,4.374,0.1900000000000004,0.01746509,-0.0065437
2004-06-01,Italy,10Y,4.504,4.318,0.18599999999999994,-0.01060389,-0.00014359
2004-07-01,Italy,10Y,4.401,4.216,0.1849999999999996,0.00862926,-0.00812276
2004-08-01,Italy,10Y,4.204,4.023,0.18100000000000005,-0.00139583,0.00217688
2004-09-01,Italy,10Y,4.163,3.991,0.17200000000000015,0.0114091,0.00103921
2004-10-01,Italy,10Y,4.035,3.873,0.16199999999999992,-0.00411348,-0.00801005
2004-11-01,Italy,10Y,3.88,3.793,0.08699999999999974,-0.00031881,-0.00525612
2004-12-01,Italy,10Y,3.832,3.683,0.14900000000000002,0.01785679,-0.00429348
2005-01-01,Italy,10Y,3.665,3.547,0.11799999999999988,-0.01786635,-0.01631762
2005-02-01,Italy,10Y,3.828,3.715,0.11299999999999999,0.00876981,-0.01224856
2005-03-01,Italy,10Y,3.758,3.622,0.13600000000000012,-0.00906581,0.00175456
2005-04-01,Italy,10Y,3.57,3.396,0.17399999999999993,0.00312037,-0.01689142
2005-05-01,Italy,10Y,3.488,3.274,0.21399999999999997,-0.00742018,0.0089191
2005-06-01,Italy,10Y,3.35,3.134,0.2160000000000002,0.01228622,0.00308786
2005-07-01,Italy,10Y,3.451,3.243,0.20800000000000018,-0.01999819,0.03965357
2005-08-01,Italy,10Y,3.308,3.102,0.20599999999999996,0.00221244,-0.00113823
2005-09-01,Italy,10Y,3.349,3.148,0.20100000000000007,-0.00616143,0.00137953
2005-10-01,Italy,10Y,3.595,3.391,0.20400000000000018,-0.00725165,0.0053286
2005-11-01,Italy,10Y,3.634,3.455,0.17899999999999983,-0.02639035,0.01567596
2005-12-01,Italy,10Y,3.509,3.309,0.19999999999999973,-0.02869513,0.00122556
2006-01-01,Italy,10Y,3.692,3.467,0.2250000000000001,-0.01509696,-0.00771216
2006-02-01,Italy,10Y,3.705,3.489,0.2160000000000002,-0.00544505,-0.00324349
2006-03-01,Italy,10Y,4.068,3.771,0.2969999999999997,0.02163882,-0.01310347
2006-04-01,Italy,10Y,4.273,3.951,0.3219999999999996,-0.05627657,-0.03601184
2006-05-01,Italy,10Y,4.301,3.982,0.31899999999999995,0.00017422,-0.00236101
2006-06-01,Italy,10Y,4.377,4.071,0.30600000000000005,-0.03946736,-0.00172699
2006-07-01,Italy,10Y,4.218,3.921,0.29700000000000015,0.01414146,0.00627523
2006-08-01,Italy,10Y,4.047,3.76,0.2869999999999999,0.01499431,0.01378088
2006-09-01,Italy,10Y,3.993,3.709,0.2839999999999998,0.0,0.0
2006-10-01,Italy,10Y,3.999,3.741,0.258,-0.00312185,0.00292537
2006-11-01,Italy,10Y,3.94,3.695,0.2450000000000001,0.02599157,-0.03156989
2006-12-01,Italy,10Y,4.202,3.948,0.254,-0.01228785,0.03226851
2007-01-01,Italy,10Y,4.316,4.1,0.2160000000000002,-0.04184531,-0.00062716
2007-02-01,Italy,10Y,4.195,3.957,0.23800000000000043,0.01201155,-0.00426155
2007-03-01,Italy,10Y,4.289,4.057,0.23199999999999932,0.00234815,0.00780903
2007-04-01,Italy,10Y,4.38,4.154,0.22599999999999998,0.00848509,-0.01206177
2007-05-01,Italy,10Y,4.618,4.422,0.19600000000000062,0.00231754,-0.00518441
2007-06-01,Italy,10Y,4.803,4.574,0.2290000000000001,3.95e-06,-0.00707298
2007-07-01,Italy,10Y,4.659,4.347,0.3119999999999994,0.00420353,-0.00350775
2007-08-01,Italy,10Y,4.53,4.242,0.28800000000000026,-7.551e-05,-0.00333671
2007-09-01,Italy,10Y,4.601,4.329,0.27200000000000024,-0.0363456,-0.00270934
2007-10-01,Italy,10Y,4.527,4.239,0.28800000000000026,0.00166756,-0.00365079
2007-11-01,Italy,10Y,4.484,4.126,0.35799999999999965,0.00101171,-0.02129922
2007-12-01,Italy,10Y,4.652,4.307,0.34499999999999975,0.02203938,-0.00235725
2008-01-01,Italy,10Y,4.311,3.93,0.3809999999999998,0.00854417,-0.01034839
2008-02-01,Italy,10Y,4.328,3.891,0.4370000000000003,-0.00565551,-0.04432311
2008-03-01,Italy,10Y,4.421,3.899,0.5220000000000002,0.03287918,-0.00319577
2008-04-01,Italy,10Y,4.577,4.123,0.45399999999999974,-0.00107664,0.00211722
2008-05-01,Italy,10Y,4.857,4.405,0.45199999999999996,0.0079654,-0.01921652
2008-06-01,Italy,10Y,5.171,4.621,0.5499999999999998,0.08718549,0.05944987
2008-07-01,Italy,10Y,4.903,4.355,0.5479999999999992,-0.08616599,0.0003162
2008-08-01,Italy,10Y,4.819,4.176,0.6429999999999998,-0.00047578,-0.0412033
2008-09-01,Italy,10Y,4.896,4.015,0.8810000000000002,0.02062448,-0.02765799
2008-10-01,Italy,10Y,5.148,3.9,1.2479999999999998,-0.00294813,-0.05476331
2008-11-01,Italy,10Y,4.462,3.258,1.2039999999999997,0.14345953,0.0601037
2008-12-01,Italy,10Y,4.382,2.951,1.4309999999999996,0.07249163,-0.02195657
2009-01-01,Italy,10Y,4.714,3.296,1.4180000000000006,0.00570074,-0.03082516
2009-02-01,Italy,10Y,4.681,3.112,1.569,-0.0142095,-0.04348585
2009-03-01,Italy,10Y,4.394,2.994,1.4,-0.00508159,0.00953191
2009-04-01,Italy,10Y,4.277,3.178,1.0990000000000002,0.04361952,0.04035626
2009-05-01,Italy,10Y,4.483,3.589,0.8939999999999997,-0.00276712,-0.02144281
2009-06-01,Italy,10Y,4.434,3.386,1.048,0.01914683,0.01991529
2009-07-01,Italy,10Y,4.16,3.3,0.8600000000000003,0.01967426,-0.08702865
2009-08-01,Italy,10Y,4.076,3.257,0.8189999999999995,0.00382895,-0.00227106
2009-09-01,Italy,10Y,4.015,3.22,0.7949999999999995,-0.01479861,-0.0288011
2009-10-01,Italy,10Y,4.074,3.231,0.843,-0.00631641,-0.01739833
2009-11-01,Italy,10Y,4.017,3.159,0.8580000000000005,-0.03362904,0.01798103
2009-12-01,Italy,10Y,4.142,3.387,0.7550000000000003,-0.03020061,-0.01008083
2010-01-01,Italy,10Y,4.115,3.196,0.919,-6.14e-06,-0.01162683
2010-02-01,Italy,10Y,3.996,3.101,0.895,0.02809804,-0.03309557
2010-03-01,Italy,10Y,3.981,3.092,0.8889999999999998,-0.01619472,0.00347371
2010-04-01,Italy,10Y,4.015,3.017,0.9979999999999998,0.00539033,-0.00101855
2010-05-01,Italy,10Y,4.144,2.66,1.484,0.02627696,-0.01799763
2010-06-01,Italy,10Y,4.094,2.577,1.5170000000000003,-0.02371403,0.02024375
2010-07-01,Italy,10Y,3.954,2.669,1.2850000000000001,0.00522594,0.04208827
2010-08-01,Italy,10Y,3.826,2.116,1.71,0.01420454,-0.02426078
2010-09-01,Italy,10Y,3.879,2.278,1.601,-0.00294235,-0.01052608
2010-10-01,Italy,10Y,3.942,2.518,1.4240000000000004,-0.00279264,0.00162802
2010-11-01,Italy,10Y,4.667,2.67,1.9969999999999999,-0.00010904,-0.0080795
2010-12-01,Italy,10Y,4.815,2.963,1.8520000000000003,-0.00484115,-0.02320713
2011-01-01,Italy,10Y,4.714,3.153,1.5610000000000004,0.01844172,0.01740865
2011-02-01,Italy,10Y,4.835,3.169,1.666,-0.02451558,-0.01441031
2011-03-01,Italy,10Y,4.816,3.352,1.464,0.07028429,0.06022116
2011-04-01,Italy,10Y,4.725,3.238,1.4869999999999997,-0.00244173,0.01943218
2011-05-01,Italy,10Y,4.777,3.019,1.758,-0.05955414,-0.04508166
2011-06-01,Italy,10Y,4.876,3.023,1.8530000000000002,-0.01534681,-0.00214682
2011-07-01,Italy,10Y,5.858,2.537,3.3209999999999997,-0.01354933,0.02770202
2011-08-01,Italy,10Y,5.127,2.217,2.9099999999999997,-0.04366301,-0.12013885
2011-09-01,Italy,10Y,5.531,1.885,3.646,0.01207522,-0.01000965
2011-10-01,Italy,10Y,6.081,2.024,4.057,0.10619898,0.05031052
2011-11-01,Italy,10Y,7.001,2.276,4.7250000000000005,-0.07192325,-0.0611927
2011-12-01,Italy,10Y,7.029,1.825,5.204,0.03349252,-0.03948307
2012-01-01,Italy,10Y,5.933,1.786,4.147,0.02629851,-0.02840244
2012-02-01,Italy,10Y,5.174,1.817,3.357,-0.01433788,0.01535817
2012-03-01,Italy,10Y,5.103,1.792,3.311,0.00682966,-0.00830541
2012-04-01,Italy,10Y,5.498,1.662,3.8360000000000003,0.00683135,-0.00606342
2012-05-01,Italy,10Y,5.882,1.199,4.683,0.04135716,-0.02621478
2012-06-01,Italy,10Y,5.807,1.581,4.226000000000001,0.03338643,-0.00627108
2012-07-01,Italy,10Y,6.064,1.284,4.78,-0.0072012,-0.10685152
2012-08-01,Italy,10Y,5.835,1.333,4.502,0.10355838,-0.07344139
2012-09-01,Italy,10Y,5.081,1.441,3.6400000000000006,-0.03500514,0.0388083
2012-10-01,Italy,10Y,4.952,1.462,3.49,0.00539462,-0.00081696
2012-11-01,Italy,10Y,4.492,1.385,3.107,0.00753017,0.00512519
2012-12-01,Italy,10Y,4.489,1.314,3.175,-0.0037345,-0.00486517
2013-01-01,Italy,10Y,4.307,1.679,2.628,-0.00316676,0.01806952
2013-02-01,Italy,10Y,4.728,1.453,3.2749999999999995,-0.00649124,-0.0096722
2013-03-01,Italy,10Y,4.756,1.288,3.468,0.00845211,0.00457824
2013-04-01,Italy,10Y,3.886,1.215,2.6710000000000003,0.02524541,-0.02755056
2013-05-01,Italy,10Y,4.155,1.504,2.6510000000000002,-0.00548678,-0.005251
2013-06-01,Italy,10Y,4.542,1.728,2.814,0.03220402,-0.01512024
2013-07-01,Italy,10Y,4.404,1.669,2.735,-0.06055783,0.04203836
2013-08-01,Italy,10Y,4.398,1.855,2.5429999999999997,-0.0028711,0.01132435
2013-09-01,Italy,10Y,4.429,1.778,2.6510000000000002,-0.00632233,0.00132339
2013-10-01,Italy,10Y,4.127,1.673,2.4539999999999997,0.00677482,-0.00609358
2013-11-01,Italy,10Y,4.055,1.692,2.3629999999999995,-0.03543784,0.02352032
2013-12-01,Italy,10Y,4.084,1.925,2.159,0.0178962,-0.00423027
2014-01-01,Italy,10Y,3.766,1.658,2.108,0.0074008,-0.01504822
2014-02-01,Italy,10Y,3.478,1.623,1.8550000000000002,0.0193551,0.02089548
2014-03-01,Italy,10Y,3.291,1.565,1.726,0.03148079,0.01102582
2014-04-01,Italy,10Y,3.065,1.468,1.597,-0.01390848,0.03683678
2014-05-01,Italy,10Y,2.962,1.357,1.6050000000000002,-0.00528758,0.01007157
2014-06-01,Italy,10Y,2.845,1.244,1.6010000000000002,-0.03637694,0.01209969
2014-07-01,Italy,10Y,2.693,1.154,1.5390000000000001,-0.01783726,0.01292655
2014-08-01,Italy,10Y,2.434,0.89,1.544,0.00070312,0.00187773
2014-09-01,Italy,10Y,2.332,0.946,1.386,-0.06422641,-0.00068183
2014-10-01,Italy,10Y,2.345,0.84,1.5050000000000003,0.05409899,-0.04887129
2014-11-01,Italy,10Y,2.031,0.7,1.3310000000000002,-0.03680355,0.03947588
2014-12-01,Italy,10Y,1.877,0.538,1.339,0.05596263,-0.04833079
2015-01-01,Italy,10Y,1.591,0.302,1.289,-0.01922483,0.01173607
2015-02-01,Italy,10Y,1.329,0.327,1.002,0.0,0.0
2015-03-01,Italy,10Y,1.239,0.18,1.0590000000000002,0.00035536,-0.00385565
2015-04-01,Italy,10Y,1.496,0.364,1.1320000000000001,-0.00142985,0.00811493
2015-05-01,Italy,10Y,1.846,0.486,1.36,0.0,0.0
2015-06-01,Italy,10Y,2.331,0.763,1.568,0.00884221,-0.01158719
2015-07-01,Italy,10Y,1.77,0.643,1.127,-0.00145856,0.00208231
2015-08-01,Italy,10Y,1.959,0.797,1.162,0.0,0.0
2015-09-01,Italy,10Y,1.723,0.586,1.137,-0.03170106,0.0298776
2015-10-01,Italy,10Y,1.479,0.517,0.9620000000000001,-0.07457095,0.05369102
2015-11-01,Italy,10Y,1.417,0.472,0.9450000000000001,0.0,0.0
2015-12-01,Italy,10Y,1.592,0.628,0.9640000000000001,0.16522564,-0.06777853
2016-01-01,Italy,10Y,1.413,0.324,1.089,-0.02353204,0.00207732
2016-02-01,Italy,10Y,1.421,0.106,1.315,0.0,0.0
2016-03-01,Italy,10Y,1.22,0.152,1.068,0.00295142,0.04696157
2016-04-01,Italy,10Y,1.487,0.271,1.2160000000000002,0.00874813,-0.00714425
2016-05-01,Italy,10Y,1.354,0.138,1.2160000000000002,0.0,0.0
2016-06-01,Italy,10Y,1.256,-0.131,1.387,0.01416894,-0.01469861
2016-07-01,Italy,10Y,1.166,-0.121,1.287,0.00420598,0.02136953
2016-08-01,Italy,10Y,1.144,-0.066,1.21,0.0,0.0
2016-09-01,Italy,10Y,1.186,-0.122,1.3079999999999998,0.02928932,-0.01588046
2016-10-01,Italy,10Y,1.661,0.161,1.5,-0.00343218,0.00288461
2016-11-01,Italy,10Y,1.986,0.273,1.713,0.0,0.0
2016-12-01,Italy,10Y,1.812,0.204,1.608,-0.02369548,0.02494524
2017-01-01,Italy,10Y,2.253,0.434,1.8190000000000002,-0.01136922,0.01125365
2017-02-01,Italy,10Y,2.079,0.206,1.8730000000000002,0.0,0.0
2017-03-01,Italy,10Y,2.309,0.325,1.9840000000000002,-0.01209542,0.01300103
2017-04-01,Italy,10Y,2.275,0.315,1.96,-0.00220409,-0.00059132
2017-05-01,Italy,10Y,2.193,0.302,1.891,0.0,0.0
2017-06-01,Italy,10Y,2.151,0.465,1.6859999999999997,0.00468379,-0.00618022
2017-07-01,Italy,10Y,2.089,0.541,1.548,-0.00745165,-0.00386945
2017-08-01,Italy,10Y,2.037,0.36,1.677,0.0,0.0
2017-09-01,Italy,10Y,2.107,0.462,1.6450000000000002,-0.00127015,0.00235026
2017-10-01,Italy,10Y,1.82,0.362,1.4580000000000002,-0.01205914,0.01350465
2017-11-01,Italy,10Y,1.741,0.366,1.375,0.0,0.0
2017-12-01,Italy,10Y,2.005,0.423,1.5819999999999999,-0.00726541,0.00542794
2018-01-01,Italy,10Y,2.024,0.695,1.3290000000000002,0.01937805,-0.01940399
2018-02-01,Italy,10Y,1.97,0.653,1.317,0.0,0.0
2018-03-01,Italy,10Y,1.782,0.494,1.288,-0.01997759,0.02238169
2018-04-01,Italy,10Y,1.782,0.557,1.225,0.00352961,-0.00433858
2018-05-01,Italy,10Y,2.771,0.338,2.433,0.0,0.0
2018-06-01,Italy,10Y,2.674,0.3,2.374,-0.04271677,0.03658385
2018-07-01,Italy,10Y,2.716,0.442,2.274,-0.00753783,0.00753783
2018-08-01,Italy,10Y,3.229,0.325,2.904,0.0,0.0
2018-09-01,Italy,10Y,3.143,0.469,2.674,0.00550418,-0.00644394
2018-10-01,Italy,10Y,3.425,0.384,3.041,0.02001239,-0.01825893
2018-11-01,Italy,10Y,3.21,0.312,2.898,0.0,0.0
2018-12-01,Italy,10Y,2.739,0.239,2.5,-0.00415027,0.00355439
2019-01-01,Italy,10Y,2.587,0.148,2.439,0.0175893,-0.02145109
2019-02-01,Italy,10Y,2.749,0.182,2.567,0.0,0.0
2019-03-01,Italy,10Y,2.486,-0.072,2.5580000000000003,0.00868726,-0.01442751
2019-04-01,Italy,10Y,2.554,0.012,2.542,-0.00273599,-0.00018377
2019-05-01,Italy,10Y,2.667,-0.204,2.871,0.0,0.0
2019-06-01,Italy,10Y,2.099,-0.329,2.4280000000000004,0.03058214,-0.0071408
2019-07-01,Italy,10Y,1.54,-0.442,1.982,0.04218756,-0.00506254
2019-08-01,Italy,10Y,0.995,-0.702,1.697,0.0,0.0
2019-09-01,Italy,10Y,0.82,-0.573,1.3929999999999998,0.03217407,0.03487853
2019-10-01,Italy,10Y,0.921,-0.409,1.33,0.00764552,-0.00665165
2019-11-01,Italy,10Y,1.229,-0.362,1.5910000000000002,0.0,0.0
2019-12-01,Italy,10Y,1.409,-0.188,1.597,-0.01029327,0.01098215
2020-01-01,Italy,10Y,0.932,-0.436,1.368,0.01788192,-0.01219238
2020-02-01,Italy,10Y,1.1,-0.609,1.709,0.0,0.0
2020-03-01,Italy,10Y,1.519,-0.474,1.9929999999999999,0.18996661,-0.0646914
2020-04-01,Italy,10Y,1.76,-0.589,2.349,0.04450687,-0.0282567
2020-05-01,Italy,10Y,1.474,-0.449,1.923,0.0,0.0
2020-06-01,Italy,10Y,1.256,-0.456,1.712,0.00075699,0.00221042
2020-07-01,Italy,10Y,1.011,-0.525,1.536,-0.01051453,0.00663075
2020-08-01,Italy,10Y,1.092,-0.398,1.4900000000000002,0.0,0.0
2020-09-01,Italy,10Y,0.865,-0.523,1.388,-0.01137573,0.0209051
2020-10-01,Italy,10Y,0.758,-0.628,1.3860000000000001,-0.04440888,0.03827308
2020-11-01,Italy,10Y,0.625,-0.572,1.197,0.0,0.0
2020-12-01,Italy,10Y,0.541,-0.572,1.113,0.02960964,-0.0146942
2021-01-01,Italy,10Y,0.642,-0.519,1.161,0.01223291,-0.00964168
2021-02-01,Italy,10Y,0.76,-0.262,1.022,0.0,0.0
2021-03-01,Italy,10Y,0.667,-0.293,0.96,0.00286225,0.0097477
2021-04-01,Italy,10Y,0.903,-0.203,1.106,0.00189025,-0.00343929
2021-05-01,Italy,10Y,0.908,-0.188,1.096,0.0,0.0
2021-06-01,Italy,10Y,0.818,-0.209,1.027,-0.01563274,0.01470217
2021-07-01,Italy,10Y,0.62,-0.462,1.082,0.0073095,-0.00768279
2021-08-01,Italy,10Y,0.708,-0.385,1.093,0.0,0.0
2021-09-01,Italy,10Y,0.857,-0.2,1.057,-0.01404805,0.01567899
2021-10-01,Italy,10Y,1.168,-0.107,1.275,0.00670146,-0.0061872
2021-11-01,Italy,10Y,0.968,-0.351,1.319,0.0,0.0
2021-12-01,Italy,10Y,1.17,-0.182,1.3519999999999999,0.02039478,-0.02349587
2022-01-01,Italy,10Y,1.293,0.009,1.284,0.0,0.0
2022-02-01,Italy,10Y,1.705,0.132,1.573,0.03923857,-0.02262021
2022-03-01,Italy,10Y,2.037,0.545,1.492,0.01158872,0.00288687
2022-04-01,Italy,10Y,2.773,0.937,1.836,-0.02722772,-0.01209206
2022-05-01,Italy,10Y,3.115,1.12,1.995,0.0,0.0
2022-06-01,Italy,10Y,3.257,1.333,1.9240000000000002,0.04000315,-0.05017059
2022-07-01,Italy,10Y,3.011,0.814,2.197,0.06062276,0.06828821
2022-08-01,Italy,10Y,3.884,1.537,2.347,0.0,0.0
2022-09-01,Italy,10Y,4.508,2.105,2.403,0.06553518,0.05123198
2022-10-01,Italy,10Y,4.293,2.139,2.1540000000000004,-0.0484317,-0.00738864
2022-11-01,Italy,10Y,3.869,1.926,1.9430000000000003,0.0,0.0
2022-12-01,Italy,10Y,4.698,2.565,2.1330000000000005,0.08741766,-0.05187298
2023-01-01,Italy,10Y,4.148,2.283,1.8649999999999998,0.0,0.0
2023-02-01,Italy,10Y,4.47,2.648,1.8219999999999996,-0.02825908,0.00739243
2023-03-01,Italy,10Y,4.091,2.289,1.802,0.06364707,0.13706177
2023-04-01,Italy,10Y,4.171,2.31,1.8610000000000002,0.0,0.0
2023-05-01,Italy,10Y,4.077,2.28,1.7970000000000002,-0.05445383,-0.02205352
2023-06-01,Italy,10Y,4.068,2.39,1.6779999999999995,0.00310685,0.01212789
2023-07-01,Italy,10Y,4.096,2.489,1.6070000000000002,-0.02931627,0.00761737
2023-08-01,Italy,10Y,4.115,2.462,1.653,0.0,0.0
2023-09-01,Italy,10Y,4.777,2.838,1.939,0.00399758,0.06922208
2023-10-01,Italy,10Y,4.723,2.804,1.919,-0.02513959,0.0050286
2023-11-01,Italy,10Y,4.225,2.445,1.7799999999999998,0.0,0.0
2023-12-01,Italy,10Y,3.69,2.021,1.669,0.03287603,-0.00518218
2024-01-01,Italy,10Y,3.724,2.165,1.5590000000000002,-0.04307478,0.00364715
2024-02-01,Italy,10Y,3.839,2.41,1.4289999999999998,0.0,0.0
2024-03-01,Italy,10Y,3.676,2.297,1.379,-0.02470938,0.02110809
2024-04-01,Italy,10Y,3.913,2.583,1.3299999999999996,-0.00688623,0.00746176
2024-05-01,Italy,10Y,3.975,2.663,1.3120000000000003,0.0,0.0
2024-06-01,Italy,10Y,4.07,2.497,1.5730000000000004,0.01490844,0.0018587
2024-07-01,Italy,10Y,3.649,2.302,1.347,-0.00635903,0.00050086
2024-08-01,Italy,10Y,3.7,2.298,1.4020000000000001,0.0,0.0
2024-09-01,Italy,10Y,3.451,2.122,1.3290000000000002,0.03255924,-0.01615053
2024-10-01,Italy,10Y,3.651,2.388,1.263,-0.02068547,-0.01217264
2024-11-01,Italy,10Y,3.275,2.086,1.189,0.0,0.0
2024-12-01,Italy,10Y,3.521,2.364,1.157,0.00609036,0.02176619
2025-01-01,Italy,10Y,3.552,2.458,1.0939999999999999,-0.0087809,-0.00804116
2025-02-01,Italy,10Y,3.537,2.405,1.1320000000000001,0.0,0.0
2025-03-01,Italy,10Y,3.866,2.736,1.13,-0.00193929,0.02623149
2025-04-01,Italy,10Y,3.563,2.443,1.12,-0.03264565,-0.02455187
2025-05-01,Italy,10Y,3.479,2.499,0.98,0.0,0.0
2025-06-01,Italy,10Y,3.475,2.605,0.8700000000000001,0.02367629,-0.00634498
2025-07-01,Italy,10Y,3.507,2.693,0.8140000000000001,0.02395822,-0.00106382
2025-08-01,Italy,10Y,3.585,2.723,0.8620000000000001,0.0,0.0
2025-09-01,Italy,10Y,3.532,2.71,0.8220000000000001,-0.01551833,0.00187802
2025-10-01,Italy,10Y,3.382,2.632,0.75,-0.01065112,0.01192155
2025-11-01,Italy,10Y,3.398,2.688,0.71,,
2025-12-01,Italy,10Y,3.548,2.854,0.694,,
2026-01-01,Italy,10Y,3.455,2.842,0.613,,
2026-02-01,Italy,10Y,3.27,2.643,0.6270000000000002,,
2026-03-01,Italy,10Y,3.906,3.002,0.9040000000000004,,
2026-04-01,Italy,10Y,3.858,3.035,0.823,,
2026-05-01,Italy,10Y,3.651,2.937,0.714,,
2026-06-01,Italy,10Y,3.629,2.858,0.7709999999999999,,
2026-07-01,Italy,10Y,4.02,3.205,0.8149999999999995,,
2026-08-01,Italy,10Y,4.15,3.323,0.8270000000000004,,
2026-09-01,Italy,10Y,4.384,3.516,0.8680000000000003,,
1999-01-01,Italy,2Y,,2.844,,0.02914637,-0.06311121
1999-02-01,Italy,2Y,,3.128,,-0.00556514,0.00556514
1999-03-01,Italy,2Y,,2.878,,-0.00592203,0.00323799
1999-04-01,Italy,2Y,,2.694,,-0.00679893,-0.00330584
1999-05-01,Italy,2Y,,2.789,,0.01543059,-0.00936631
1999-06-01,Italy,2Y,,3.169,,0.00768436,-0.01317122
1999-07-01,Italy,2Y,,3.389,,-0.00494872,0.02780708
1999-08-01,Italy,2Y,,3.462,,0.00678846,-0.00826848
1999-09-01,Italy,2Y,,3.662,,-0.04166781,-0.00527997
1999-10-01,Italy,2Y,,3.907,,-0.06815947,-0.10613335
1999-11-01,Italy,2Y,4.054,3.983,0.07100000000000017,0.01057526,0.04684463
1999-12-01,Italy,2Y,4.421,4.208,0.23899999999999988,-0.00790024,0.00763541
2000-01-01,Italy,2Y,4.625,4.385,0.2400000000000002,0.01150505,-0.02335973
2000-02-01,Italy,2Y,4.664,4.439,0.22499999999999964,-0.04027945,0.06481814
2000-03-01,Italy,2Y,4.614,4.423,0.19099999999999984,-0.06675806,-0.0176937
2000-04-01,Italy,2Y,4.771,4.594,0.1769999999999996,0.02378726,-0.01526446
2000-05-01,Italy,2Y,5.148,4.942,0.20599999999999952,-0.06400218,0.06313006
2000-06-01,Italy,2Y,5.121,4.95,0.17100000000000026,0.11366676,0.04898755
2000-07-01,Italy,2Y,5.265,5.106,0.1589999999999998,0.02048594,-0.00231932
2000-08-01,Italy,2Y,5.384,5.211,0.17300000000000004,-0.04765312,-0.036261
2000-09-01,Italy,2Y,5.276,5.043,0.23299999999999965,-0.03226793,-0.00031136
2000-10-01,Italy,2Y,5.322,5.082,0.2400000000000002,0.02902834,0.0510063
2000-11-01,Italy,2Y,5.047,4.831,0.2159999999999993,-0.00713094,-0.01518934
2000-12-01,Italy,2Y,4.63,4.446,0.18400000000000016,-0.0010197,0.02324592
2001-01-01,Italy,2Y,4.528,4.386,0.14199999999999946,0.01139404,-0.00090513
2001-02-01,Italy,2Y,4.532,4.374,0.15800000000000036,-0.00204204,0.01927988
2001-03-01,Italy,2Y,4.321,4.138,0.18299999999999983,0.06859912,0.03120769
2001-04-01,Italy,2Y,4.76,4.626,0.13399999999999945,0.06421035,0.12710222
2001-05-01,Italy,2Y,4.515,4.386,0.12899999999999956,-0.13656878,-0.08779026
2001-06-01,Italy,2Y,4.399,4.281,0.11800000000000033,0.02854883,0.02396559
2001-07-01,Italy,2Y,4.231,4.134,0.09699999999999953,0.03007371,0.01514081
2001-08-01,Italy,2Y,3.981,3.947,0.03399999999999981,0.05079423,-0.02379363
2001-09-01,Italy,2Y,3.546,3.481,0.06499999999999995,0.0313824,-0.01387918
2001-10-01,Italy,2Y,3.194,3.14,0.053999999999999826,0.04317789,0.06975827
2001-11-01,Italy,2Y,3.478,3.387,0.09100000000000019,0.03107767,-0.00197459
2001-12-01,Italy,2Y,3.666,3.644,0.006999999999999673,0.02660325,0.00333289
2002-01-01,Italy,2Y,4.08,3.902,0.17799999999999994,0.01003587,0.01147814
2002-02-01,Italy,2Y,4.043,3.872,0.17100000000000026,-0.00667414,0.03998737
2002-03-01,Italy,2Y,4.421,4.321,0.08999999999999986,-3.086e-05,0.01296051
2002-04-01,Italy,2Y,4.147,4.07,0.07699999999999996,-0.00247617,-0.01196426
2002-05-01,Italy,2Y,4.296,4.247,0.04900000000000038,0.03218836,0.01597417
2002-06-01,Italy,2Y,3.955,3.925,0.03000000000000025,0.01184929,-0.00618789
2002-07-01,Italy,2Y,3.599,3.618,-0.018999999999999684,0.00352277,-0.0116348
2002-08-01,Italy,2Y,3.445,3.477,-0.03200000000000003,0.01803811,-0.01560232
2002-09-01,Italy,2Y,3.038,3.071,-0.03300000000000036,0.01607403,-0.04022966
2002-10-01,Italy,2Y,3.03,3.081,-0.051000000000000156,0.02180133,0.01000217
2002-11-01,Italy,2Y,3.16,3.1,0.06000000000000005,0.06594808,-0.03659766
2002-12-01,Italy,2Y,2.738,2.721,0.016999999999999904,0.00595453,-0.05100643
2003-01-01,Italy,2Y,2.62,2.596,0.02400000000000002,-0.02700705,0.05207753
2003-02-01,Italy,2Y,2.403,2.295,0.1080000000000001,0.05532359,-0.03445075
2003-03-01,Italy,2Y,2.489,2.407,0.08199999999999985,0.06711294,-0.02143875
2003-04-01,Italy,2Y,2.472,2.427,0.04499999999999993,0.01825694,0.00312353
2003-05-01,Italy,2Y,2.165,2.116,0.04899999999999993,0.05561085,-0.01606747
2003-06-01,Italy,2Y,2.119,2.125,-0.005999999999999783,0.00128217,-0.05865202
2003-07-01,Italy,2Y,2.371,2.456,-0.08499999999999996,0.00179838,0.01282863
2003-08-01,Italy,2Y,2.659,2.593,0.06599999999999984,0.0,0.0
2003-09-01,Italy,2Y,2.287,2.297,-0.010000000000000231,0.00235118,-0.00730611
2003-10-01,Italy,2Y,2.724,2.686,0.038000000000000256,0.03221462,-0.01758272
2003-11-01,Italy,2Y,2.847,2.812,0.03500000000000014,-0.00093229,0.00553257
2003-12-01,Italy,2Y,2.559,2.605,-0.04599999999999982,0.01015649,-0.01957929
2004-01-01,Italy,2Y,2.632,2.524,0.1080000000000001,-0.0131573,0.00742273
2004-02-01,Italy,2Y,2.324,2.215,0.10899999999999999,-0.00162731,-0.00688155
2004-03-01,Italy,2Y,2.185,2.134,0.051000000000000156,0.01236658,0.02812953
2004-04-01,Italy,2Y,2.478,2.439,0.039000000000000146,0.04962089,0.02543383
2004-05-01,Italy,2Y,2.771,2.578,0.19300000000000006,0.01746509,-0.0065437
2004-06-01,Italy,2Y,2.791,2.723,0.06800000000000006,-0.01060389,-0.00014359
2004-07-01,Italy,2Y,2.688,2.626,0.06200000000000028,0.00862926,-0.00812276
2004-08-01,Italy,2Y,2.482,2.415,0.06700000000000017,-0.00139583,0.00217688
2004-09-01,Italy,2Y,2.557,2.583,-0.026000000000000245,0.0114091,0.00103921
2004-10-01,Italy,2Y,2.423,2.429,-0.005999999999999783,-0.00411348,-0.00801005
2004-11-01,Italy,2Y,2.347,2.351,-0.0040000000000000036,-0.00031881,-0.00525612
2004-12-01,Italy,2Y,2.415,2.481,-0.06599999999999984,0.01785679,-0.00429348
2005-01-01,Italy,2Y,2.326,2.398,-0.07200000000000006,-0.01786635,-0.01631762
2005-02-01,Italy,2Y,2.382,2.491,-0.10899999999999999,0.00876981,-0.01224856
2005-03-01,Italy,2Y,2.512,2.492,0.020000000000000018,-0.00906581,0.00175456
2005-04-01,Italy,2Y,2.271,2.248,0.022999999999999687,0.00312037,-0.01689142
2005-05-01,Italy,2Y,2.158,2.141,0.016999999999999904,-0.00742018,0.0089191
2005-06-01,Italy,2Y,2.037,2.023,0.01399999999999979,0.01228622,0.00308786
2005-07-01,Italy,2Y,2.238,2.25,-0.01200000000000001,-0.01999819,0.03965357
2005-08-01,Italy,2Y,2.193,2.199,-0.005999999999999783,0.00221244,-0.00113823
2005-09-01,Italy,2Y,2.439,2.394,0.04499999999999993,-0.00616143,0.00137953
2005-10-01,Italy,2Y,2.674,2.629,0.04499999999999993,-0.00725165,0.0053286
2005-11-01,Italy,2Y,2.832,2.76,0.07200000000000006,-0.02639035,0.01567596
2005-12-01,Italy,2Y,2.918,2.862,0.05600000000000005,-0.02869513,0.00122556
2006-01-01,Italy,2Y,3.001,2.955,0.04599999999999982,-0.01509696,-0.00771216
2006-02-01,Italy,2Y,3.083,3.021,0.06200000000000028,-0.00544505,-0.00324349
2006-03-01,Italy,2Y,3.337,3.29,0.04700000000000015,0.02163882,-0.01310347
2006-04-01,Italy,2Y,3.494,3.379,0.11500000000000021,-0.05627657,-0.03601184
2006-05-01,Italy,2Y,3.471,3.355,0.1160000000000001,0.00017422,-0.00236101
2006-06-01,Italy,2Y,3.623,3.574,0.04900000000000038,-0.03946736,-0.00172699
2006-07-01,Italy,2Y,3.577,3.512,0.06499999999999995,0.01414146,0.00627523
2006-08-01,Italy,2Y,3.578,3.522,0.05600000000000005,0.01499431,0.01378088
2006-09-01,Italy,2Y,3.656,3.585,0.07100000000000017,0.0,0.0
2006-10-01,Italy,2Y,3.741,3.678,0.06300000000000017,-0.00312185,0.00292537
2006-11-01,Italy,2Y,3.72,3.658,0.06200000000000028,0.02599157,-0.03156989
2006-12-01,Italy,2Y,3.927,3.903,0.02400000000000002,-0.01228785,0.03226851
2007-01-01,Italy,2Y,4.011,3.968,0.04300000000000015,-0.04184531,-0.00062716
2007-02-01,Italy,2Y,3.943,3.876,0.06700000000000017,0.01201155,-0.00426155
2007-03-01,Italy,2Y,4.076,4.016,0.05999999999999961,0.00234815,0.00780903
2007-04-01,Italy,2Y,4.185,4.128,0.056999999999999496,0.00848509,-0.01206177
2007-05-01,Italy,2Y,4.462,4.394,0.06799999999999962,0.00231754,-0.00518441
2007-06-01,Italy,2Y,4.542,4.462,0.08000000000000007,3.95e-06,-0.00707298
2007-07-01,Italy,2Y,4.43,4.299,0.13099999999999934,0.00420353,-0.00350775
2007-08-01,Italy,2Y,4.185,4.013,0.1719999999999997,-7.551e-05,-0.00333671
2007-09-01,Italy,2Y,4.205,4.028,0.1770000000000005,-0.0363456,-0.00270934
2007-10-01,Italy,2Y,4.226,4.056,0.16999999999999993,0.00166756,-0.00365079
2007-11-01,Italy,2Y,4.036,3.831,0.20499999999999963,0.00101171,-0.02129922
2007-12-01,Italy,2Y,4.154,3.964,0.18999999999999995,0.02203938,-0.00235725
2008-01-01,Italy,2Y,3.581,3.373,0.20799999999999974,0.00854417,-0.01034839
2008-02-01,Italy,2Y,3.38,3.16,0.21999999999999975,-0.00565551,-0.04432311
2008-03-01,Italy,2Y,3.787,3.431,0.35599999999999987,0.03287918,-0.00319577
2008-04-01,Italy,2Y,4.056,3.757,0.29899999999999993,-0.00107664,0.00211722
2008-05-01,Italy,2Y,4.502,4.316,0.18599999999999994,0.0079654,-0.01921652
2008-06-01,Italy,2Y,4.93,4.597,0.3329999999999993,0.08718549,0.05944987
2008-07-01,Italy,2Y,4.566,4.26,0.30600000000000005,-0.08616599,0.0003162
2008-08-01,Italy,2Y,4.437,4.111,0.3260000000000005,-0.00047578,-0.0412033
2008-09-01,Italy,2Y,4.047,3.476,0.5709999999999997,0.02062448,-0.02765799
2008-10-01,Italy,2Y,3.56,2.542,1.0180000000000002,-0.00294813,-0.05476331
2008-11-01,Italy,2Y,3.312,2.188,1.1239999999999997,0.14345953,0.0601037
2008-12-01,Italy,2Y,3.114,1.755,1.359,0.07249163,-0.02195657
2009-01-01,Italy,2Y,2.412,1.532,0.8799999999999999,0.00570074,-0.03082516
2009-02-01,Italy,2Y,2.197,1.311,0.8860000000000001,-0.0142095,-0.04348585
2009-03-01,Italy,2Y,1.953,1.235,0.718,-0.00508159,0.00953191
2009-04-01,Italy,2Y,1.821,1.337,0.484,0.04361952,0.04035626
2009-05-01,Italy,2Y,1.671,1.419,0.252,-0.00276712,-0.02144281
2009-06-01,Italy,2Y,1.57,1.365,0.20500000000000007,0.01914683,0.01991529
2009-07-01,Italy,2Y,1.621,1.263,0.3580000000000001,0.01967426,-0.08702865
2009-08-01,Italy,2Y,1.67,1.244,0.42599999999999993,0.00382895,-0.00227106
2009-09-01,Italy,2Y,1.511,1.265,0.246,-0.01479861,-0.0288011
2009-10-01,Italy,2Y,1.532,1.288,0.244,-0.00631641,-0.01739833
2009-11-01,Italy,2Y,1.551,1.257,0.29400000000000004,-0.03362904,0.01798103
2009-12-01,Italy,2Y,1.543,1.331,0.21199999999999997,-0.03020061,-0.01008083
2010-01-01,Italy,2Y,1.898,1.118,0.7799999999999998,-6.14e-06,-0.01162683
2010-02-01,Italy,2Y,1.43,0.955,0.475,0.02809804,-0.03309557
2010-03-01,Italy,2Y,1.348,0.958,0.3900000000000001,-0.01619472,0.00347371
2010-04-01,Italy,2Y,1.672,0.771,0.9009999999999999,0.00539033,-0.00101855
2010-05-01,Italy,2Y,1.992,0.514,1.478,0.02627696,-0.01799763
2010-06-01,Italy,2Y,2.105,0.6,1.505,-0.02371403,0.02024375
2010-07-01,Italy,2Y,1.752,0.784,0.968,0.00522594,0.04208827
2010-08-01,Italy,2Y,1.749,0.59,1.1590000000000003,0.01420454,-0.02426078
2010-09-01,Italy,2Y,1.915,0.834,1.081,-0.00294235,-0.01052608
2010-10-01,Italy,2Y,2.019,0.989,1.0300000000000002,-0.00279264,0.00162802
2010-11-01,Italy,2Y,2.982,0.856,2.1260000000000003,-0.00010904,-0.0080795
2010-12-01,Italy,2Y,2.877,0.864,2.013,-0.00484115,-0.02320713
2011-01-01,Italy,2Y,2.557,1.368,1.1889999999999998,0.01844172,0.01740865
2011-02-01,Italy,2Y,2.486,1.511,0.9750000000000003,-0.02451558,-0.01441031
2011-03-01,Italy,2Y,2.491,1.787,0.7040000000000002,0.07028429,0.06022116
2011-04-01,Italy,2Y,2.997,1.767,1.23,-0.00244173,0.01943218
2011-05-01,Italy,2Y,2.985,1.601,1.384,-0.05955414,-0.04508166
2011-06-01,Italy,2Y,3.076,1.603,1.473,-0.01534681,-0.00214682
2011-07-01,Italy,2Y,4.275,1.158,3.1170000000000004,-0.01354933,0.02770202
2011-08-01,Italy,2Y,3.395,0.714,2.681,-0.04366301,-0.12013885
2011-09-01,Italy,2Y,4.214,0.547,3.6670000000000003,0.01207522,-0.01000965
2011-10-01,Italy,2Y,4.956,0.536,4.42,0.10619898,0.05031052
2011-11-01,Italy,2Y,6.875,0.331,6.544,-0.07192325,-0.0611927
2011-12-01,Italy,2Y,5.048,0.139,4.909,0.03349252,-0.03948307
2012-01-01,Italy,2Y,3.468,0.156,3.312,0.02629851,-0.02840244
2012-02-01,Italy,2Y,2.101,0.188,1.913,-0.01433788,0.01535817
2012-03-01,Italy,2Y,2.863,0.204,2.659,0.00682966,-0.00830541
2012-04-01,Italy,2Y,3.084,0.076,3.008,0.00683135,-0.00606342
2012-05-01,Italy,2Y,4.389,0.007,4.3870000000000005,0.04135716,-0.02621478
2012-06-01,Italy,2Y,3.443,0.12,3.323,0.03338643,-0.00627108
2012-07-01,Italy,2Y,4.001,-0.094,4.095000000000001,-0.0072012,-0.10685152
2012-08-01,Italy,2Y,2.767,-0.037,2.804,0.10355838,-0.07344139
2012-09-01,Italy,2Y,2.323,0.018,2.305,-0.03500514,0.0388083
2012-10-01,Italy,2Y,2.245,0.035,2.21,0.00539462,-0.00081696
2012-11-01,Italy,2Y,1.942,0.007,1.935,0.00753017,0.00512519
2012-12-01,Italy,2Y,1.952,-0.021,1.9729999999999999,-0.0037345,-0.00486517
2013-01-01,Italy,2Y,1.614,0.266,1.348,-0.00316676,0.01806952
2013-02-01,Italy,2Y,1.913,0.037,1.8760000000000001,-0.00649124,-0.0096722
2013-03-01,Italy,2Y,1.905,-0.026,1.931,0.00845211,0.00457824
2013-04-01,Italy,2Y,1.083,0.011,1.072,0.02524541,-0.02755056
2013-05-01,Italy,2Y,1.439,0.067,1.372,-0.00548678,-0.005251
2013-06-01,Italy,2Y,1.927,0.187,1.74,0.03220402,-0.01512024
2013-07-01,Italy,2Y,1.552,0.15,1.4020000000000001,-0.06055783,0.04203836
2013-08-01,Italy,2Y,1.961,0.235,1.726,-0.0028711,0.01132435
2013-09-01,Italy,2Y,1.881,0.166,1.715,-0.00632233,0.00132339
2013-10-01,Italy,2Y,1.434,0.113,1.321,0.00677482,-0.00609358
2013-11-01,Italy,2Y,1.18,0.114,1.0659999999999998,-0.03543784,0.02352032
2013-12-01,Italy,2Y,1.209,0.207,1.002,0.0178962,-0.00423027
2014-01-01,Italy,2Y,0.922,0.066,0.8560000000000001,0.0074008,-0.01504822
2014-02-01,Italy,2Y,0.779,0.127,0.652,0.0193551,0.02089548
2014-03-01,Italy,2Y,0.834,0.158,0.6759999999999999,0.03148079,0.01102582
2014-04-01,Italy,2Y,0.807,0.14,0.667,-0.01390848,0.03683678
2014-05-01,Italy,2Y,0.753,0.061,0.692,-0.00528758,0.01007157
2014-06-01,Italy,2Y,0.591,0.025,0.566,-0.03637694,0.01209969
2014-07-01,Italy,2Y,0.472,0.022,0.44999999999999996,-0.01783726,0.01292655
2014-08-01,Italy,2Y,0.359,-0.033,0.392,0.00070312,0.00187773
2014-09-01,Italy,2Y,0.358,-0.083,0.441,-0.06422641,-0.00068183
2014-10-01,Italy,2Y,0.692,-0.058,0.75,0.05409899,-0.04887129
2014-11-01,Italy,2Y,0.482,-0.034,0.516,-0.03680355,0.03947588
2014-12-01,Italy,2Y,0.489,-0.11,0.599,0.05596263,-0.04833079
2015-01-01,Italy,2Y,0.353,-0.187,0.54,-0.01922483,0.01173607
2015-02-01,Italy,2Y,0.198,-0.229,0.42700000000000005,0.0,0.0
2015-03-01,Italy,2Y,0.188,-0.255,0.443,0.00035536,-0.00385565
2015-04-01,Italy,2Y,0.16,-0.224,0.384,-0.00142985,0.00811493
2015-05-01,Italy,2Y,0.138,-0.229,0.367,0.0,0.0
2015-06-01,Italy,2Y,0.431,-0.229,0.66,0.00884221,-0.01158719
2015-07-01,Italy,2Y,0.093,-0.235,0.32799999999999996,-0.00145856,0.00208231
2015-08-01,Italy,2Y,0.184,-0.207,0.391,0.0,0.0
2015-09-01,Italy,2Y,0.125,-0.255,0.38,-0.03170106,0.0298776
2015-10-01,Italy,2Y,0.033,-0.317,0.35,-0.07457095,0.05369102
2015-11-01,Italy,2Y,-0.028,-0.419,0.39099999999999996,0.0,0.0
2015-12-01,Italy,2Y,-0.035,-0.349,0.31399999999999995,0.16522564,-0.06777853
2016-01-01,Italy,2Y,-0.021,-0.49,0.469,-0.02353204,0.00207732
2016-02-01,Italy,2Y,-0.037,-0.574,0.5369999999999999,0.0,0.0
2016-03-01,Italy,2Y,-0.022,-0.489,0.46699999999999997,0.00295142,0.04696157
2016-04-01,Italy,2Y,-0.045,-0.485,0.44,0.00874813,-0.00714425
2016-05-01,Italy,2Y,-0.084,-0.517,0.433,0.0,0.0
2016-06-01,Italy,2Y,-0.114,-0.663,0.549,0.01416894,-0.01469861
2016-07-01,Italy,2Y,-0.062,-0.632,0.5700000000000001,0.00420598,0.02136953
2016-08-01,Italy,2Y,-0.091,-0.625,0.534,0.0,0.0
2016-09-01,Italy,2Y,-0.117,-0.693,0.576,0.02928932,-0.01588046
2016-10-01,Italy,2Y,-0.001,-0.626,0.625,-0.00343218,0.00288461
2016-11-01,Italy,2Y,0.05,-0.735,0.785,0.0,0.0
2016-12-01,Italy,2Y,-0.191,-0.8,0.609,-0.02369548,0.02494524
2017-01-01,Italy,2Y,0.021,-0.71,0.731,-0.01136922,0.01125365
2017-02-01,Italy,2Y,-0.037,-0.909,0.872,0.0,0.0
2017-03-01,Italy,2Y,-0.065,-0.75,0.685,-0.01209542,0.01300103
2017-04-01,Italy,2Y,-0.093,-0.74,0.647,-0.00220409,-0.00059132
2017-05-01,Italy,2Y,-0.181,-0.723,0.542,0.0,0.0
2017-06-01,Italy,2Y,-0.134,-0.581,0.44699999999999995,0.00468379,-0.00618022
2017-07-01,Italy,2Y,-0.215,-0.688,0.473,-0.00745165,-0.00386945
2017-08-01,Italy,2Y,-0.196,-0.733,0.5369999999999999,0.0,0.0
2017-09-01,Italy,2Y,-0.253,-0.697,0.44399999999999995,-0.00127015,0.00235026
2017-10-01,Italy,2Y,-0.292,-0.754,0.462,-0.01205914,0.01350465
2017-11-01,Italy,2Y,-0.365,-0.69,0.32499999999999996,0.0,0.0
2017-12-01,Italy,2Y,-0.268,-0.639,0.371,-0.00726541,0.00542794
2018-01-01,Italy,2Y,-0.319,-0.535,0.21600000000000003,0.01937805,-0.01940399
2018-02-01,Italy,2Y,-0.2,-0.548,0.34800000000000003,0.0,0.0
2018-03-01,Italy,2Y,-0.341,-0.613,0.27199999999999996,-0.01997759,0.02238169
2018-04-01,Italy,2Y,-0.313,-0.592,0.27899999999999997,0.00352961,-0.00433858
2018-05-01,Italy,2Y,0.991,-0.667,1.658,0.0,0.0
2018-06-01,Italy,2Y,0.677,-0.674,1.351,-0.04271677,0.03658385
2018-07-01,Italy,2Y,0.728,-0.579,1.307,-0.00753783,0.00753783
2018-08-01,Italy,2Y,1.448,-0.611,2.059,0.0,0.0
2018-09-01,Italy,2Y,1.014,-0.532,1.546,0.00550418,-0.00644394
2018-10-01,Italy,2Y,1.044,-0.624,1.6680000000000001,0.02001239,-0.01825893
2018-11-01,Italy,2Y,0.832,-0.602,1.434,0.0,0.0
2018-12-01,Italy,2Y,0.467,-0.62,1.087,-0.00415027,0.00355439
2019-01-01,Italy,2Y,0.266,-0.569,0.835,0.0175893,-0.02145109
2019-02-01,Italy,2Y,0.374,-0.528,0.902,0.0,0.0
2019-03-01,Italy,2Y,0.227,-0.611,0.838,0.00868726,-0.01442751
2019-04-01,Italy,2Y,0.477,-0.59,1.067,-0.00273599,-0.00018377
2019-05-01,Italy,2Y,0.699,-0.673,1.3719999999999999,0.0,0.0
2019-06-01,Italy,2Y,0.217,-0.758,0.975,0.03058214,-0.0071408
2019-07-01,Italy,2Y,-0.036,-0.785,0.749,0.04218756,-0.00506254
2019-08-01,Italy,2Y,-0.219,-0.933,0.7140000000000001,0.0,0.0
2019-09-01,Italy,2Y,-0.265,-0.773,0.508,0.03217407,0.03487853
2019-10-01,Italy,2Y,-0.222,-0.668,0.44600000000000006,0.00764552,-0.00665165
2019-11-01,Italy,2Y,0.021,-0.636,0.657,0.0,0.0
2019-12-01,Italy,2Y,-0.06,-0.612,0.552,-0.01029327,0.01098215
2020-01-01,Italy,2Y,-0.211,-0.674,0.4630000000000001,0.01788192,-0.01219238
2020-02-01,Italy,2Y,-0.046,-0.776,0.73,0.0,0.0
2020-03-01,Italy,2Y,0.331,-0.702,1.033,0.18996661,-0.0646914
2020-04-01,Italy,2Y,0.591,-0.777,1.3679999999999999,0.04450687,-0.0282567
2020-05-01,Italy,2Y,0.374,-0.668,1.042,0.0,0.0
2020-06-01,Italy,2Y,0.074,-0.695,0.7689999999999999,0.00075699,0.00221042
2020-07-01,Italy,2Y,-0.037,-0.72,0.6829999999999999,-0.01051453,0.00663075
2020-08-01,Italy,2Y,-0.073,-0.658,0.5850000000000001,0.0,0.0
2020-09-01,Italy,2Y,-0.226,-0.705,0.479,-0.01137573,0.0209051
2020-10-01,Italy,2Y,-0.347,-0.798,0.45100000000000007,-0.04440888,0.03827308
2020-11-01,Italy,2Y,-0.4,-0.749,0.349,0.0,0.0
2020-12-01,Italy,2Y,-0.417,-0.715,0.298,0.02960964,-0.0146942
2021-01-01,Italy,2Y,-0.329,-0.738,0.409,0.01223291,-0.00964168
2021-02-01,Italy,2Y,-0.264,-0.668,0.404,0.0,0.0
2021-03-01,Italy,2Y,-0.385,-0.695,0.30999999999999994,0.00286225,0.0097477
2021-04-01,Italy,2Y,-0.297,-0.69,0.39299999999999996,0.00189025,-0.00343929
2021-05-01,Italy,2Y,-0.328,-0.668,0.34,0.0,0.0
2021-06-01,Italy,2Y,-0.371,-0.667,0.29600000000000004,-0.01563274,0.01470217
2021-07-01,Italy,2Y,-0.453,-0.767,0.314,0.0073095,-0.00768279
2021-08-01,Italy,2Y,-0.476,-0.722,0.246,0.0,0.0
2021-09-01,Italy,2Y,-0.453,-0.695,0.24199999999999994,-0.01404805,0.01567899
2021-10-01,Italy,2Y,-0.035,-0.591,0.5559999999999999,0.00670146,-0.0061872
2021-11-01,Italy,2Y,-0.239,-0.746,0.507,0.0,0.0
2021-12-01,Italy,2Y,-0.072,-0.636,0.5640000000000001,0.02039478,-0.02349587
2022-01-01,Italy,2Y,-0.097,-0.536,0.43900000000000006,0.0,0.0
2022-02-01,Italy,2Y,-0.026,-0.539,0.513,0.03923857,-0.02262021
2022-03-01,Italy,2Y,0.275,-0.08,0.35500000000000004,0.01158872,0.00288687
2022-04-01,Italy,2Y,0.725,0.254,0.471,-0.02722772,-0.01209206
2022-05-01,Italy,2Y,0.992,0.494,0.498,0.0,0.0
2022-06-01,Italy,2Y,1.184,0.632,0.5519999999999999,0.04000315,-0.05017059
2022-07-01,Italy,2Y,1.361,0.264,1.097,0.06062276,0.06828821
2022-08-01,Italy,2Y,2.207,1.184,1.023,0.0,0.0
2022-09-01,Italy,2Y,2.866,1.747,1.119,0.06553518,0.05123198
2022-10-01,Italy,2Y,2.71,1.927,0.7829999999999999,-0.0484317,-0.00738864
2022-11-01,Italy,2Y,2.655,2.112,0.5429999999999997,0.0,0.0
2022-12-01,Italy,2Y,3.239,2.738,0.5009999999999999,0.08741766,-0.05187298
2023-01-01,Italy,2Y,3.102,2.644,0.45799999999999974,0.0,0.0
2023-02-01,Italy,2Y,3.589,3.128,0.46099999999999985,-0.02825908,0.00739243
2023-03-01,Italy,2Y,3.156,2.673,0.4830000000000001,0.06364707,0.13706177
2023-04-01,Italy,2Y,3.302,2.675,0.6270000000000002,0.0,0.0
2023-05-01,Italy,2Y,3.432,2.707,0.7250000000000001,-0.05445383,-0.02205352
2023-06-01,Italy,2Y,3.881,3.188,0.6929999999999996,0.00310685,0.01212789
2023-07-01,Italy,2Y,3.646,3.031,0.6149999999999998,-0.02931627,0.00761737
2023-08-01,Italy,2Y,3.629,2.967,0.6619999999999999,0.0,0.0
2023-09-01,Italy,2Y,4.007,3.198,0.8089999999999997,0.00399758,0.06922208
2023-10-01,Italy,2Y,3.837,3.011,0.8260000000000001,-0.02513959,0.0050286
2023-11-01,Italy,2Y,3.423,2.812,0.6110000000000002,0.0,0.0
2023-12-01,Italy,2Y,2.978,2.392,0.5860000000000003,0.03287603,-0.00518218
2024-01-01,Italy,2Y,3.037,2.415,0.6219999999999999,-0.04307478,0.00364715
2024-02-01,Italy,2Y,3.441,2.898,0.5429999999999997,0.0,0.0
2024-03-01,Italy,2Y,3.416,2.846,0.5699999999999998,-0.02470938,0.02110809
2024-04-01,Italy,2Y,3.523,3.03,0.4930000000000003,-0.00688623,0.00746176
2024-05-01,Italy,2Y,3.565,3.093,0.472,0.0,0.0
2024-06-01,Italy,2Y,3.524,2.828,0.6960000000000002,0.01490844,0.0018587
2024-07-01,Italy,2Y,2.972,2.525,0.44700000000000006,-0.00635903,0.00050086
2024-08-01,Italy,2Y,2.9,2.388,0.512,0.0,0.0
2024-09-01,Italy,2Y,2.502,2.064,0.4379999999999997,0.03255924,-0.01615053
2024-10-01,Italy,2Y,2.77,2.276,0.4940000000000002,-0.02068547,-0.01217264
2024-11-01,Italy,2Y,2.34,1.945,0.3949999999999998,0.0,0.0
2024-12-01,Italy,2Y,2.418,2.077,0.3410000000000002,0.00609036,0.02176619
2025-01-01,Italy,2Y,2.395,2.11,0.28500000000000014,-0.0087809,-0.00804116
2025-02-01,Italy,2Y,2.322,2.021,0.30100000000000016,0.0,0.0
2025-03-01,Italy,2Y,2.304,2.045,0.2589999999999999,-0.00193929,0.02623149
2025-04-01,Italy,2Y,1.983,1.683,0.30000000000000004,-0.03264565,-0.02455187
2025-05-01,Italy,2Y,1.996,1.772,0.22399999999999998,0.0,0.0
2025-06-01,Italy,2Y,2.062,1.857,0.20499999999999985,0.02367629,-0.00634498
2025-07-01,Italy,2Y,2.21,1.96,0.25,0.02395822,-0.00106382
2025-08-01,Italy,2Y,2.208,1.937,0.27100000000000013,0.0,0.0
2025-09-01,Italy,2Y,2.239,2.018,0.22100000000000009,-0.01551833,0.00187802
2025-10-01,Italy,2Y,2.153,1.966,0.18700000000000006,-0.01065112,0.01192155
2025-11-01,Italy,2Y,2.175,2.026,0.14900000000000002,,
2025-12-01,Italy,2Y,2.194,2.12,0.07399999999999984,,
2026-01-01,Italy,2Y,2.14,2.085,0.05500000000000016,,
2026-02-01,Italy,2Y,2.149,1.995,0.15399999999999991,,
2026-03-01,Italy,2Y,2.884,2.613,0.2709999999999999,,
2026-04-01,Italy,2Y,2.833,2.64,0.19300000000000006,,
2026-05-01,Italy,2Y,2.678,2.526,0.15200000000000014,,
2026-06-01,Italy,2Y,2.705,2.524,0.18100000000000005,,
2026-07-01,Italy,2Y,2.999,2.817,0.18199999999999994,,
2026-08-01,Italy,2Y,3.113,2.934,0.17899999999999983,,
2026-09-01,Italy,2Y,3.463,3.26,0.2030000000000003,,
1999-01-01,Italy,5Y,,3.127,,0.02914637,-0.06311121
1999-02-01,Italy,5Y,,3.406,,-0.00556514,0.00556514
1999-03-01,Italy,5Y,,3.228,,-0.00592203,0.00323799
1999-04-01,Italy,5Y,,3.089,,-0.00679893,-0.00330584
1999-05-01,Italy,5Y,,3.317,,0.01543059,-0.00936631
1999-06-01,Italy,5Y,,3.847,,0.00768436,-0.01317122
1999-07-01,Italy,5Y,,4.186,,-0.00494872,0.02780708
1999-08-01,Italy,5Y,,4.307,,0.00678846,-0.00826848
1999-09-01,Italy,5Y,,4.424,,-0.04166781,-0.00527997
1999-10-01,Italy,5Y,,4.641,,-0.06815947,-0.10613335
1999-11-01,Italy,5Y,4.834,4.632,0.20199999999999996,0.01057526,0.04684463
1999-12-01,Italy,5Y,5.233,4.79,0.40500000000000025,-0.00790024,0.00763541
2000-01-01,Italy,5Y,5.434,5.052,0.38200000000000056,0.01150505,-0.02335973
2000-02-01,Italy,5Y,5.388,5.088,0.2999999999999998,-0.04027945,0.06481814
2000-03-01,Italy,5Y,5.164,4.854,0.3099999999999996,-0.06675806,-0.0176937
2000-04-01,Italy,5Y,5.293,4.998,0.29499999999999993,0.02378726,-0.01526446
2000-05-01,Italy,5Y,5.429,5.046,0.383,-0.06400218,0.06313006
2000-06-01,Italy,5Y,5.401,5.022,0.37899999999999956,0.11366676,0.04898755
2000-07-01,Italy,5Y,5.458,5.141,0.31700000000000017,0.02048594,-0.00231932
2000-08-01,Italy,5Y,5.571,5.237,0.33399999999999963,-0.04765312,-0.036261
2000-09-01,Italy,5Y,5.412,5.057,0.35499999999999954,-0.03226793,-0.00031136
2000-10-01,Italy,5Y,5.41,5.073,0.33699999999999974,0.02902834,0.0510063
2000-11-01,Italy,5Y,5.153,4.828,0.3249999999999993,-0.00713094,-0.01518934
2000-12-01,Italy,5Y,4.842,4.508,0.33399999999999963,-0.0010197,0.02324592
2001-01-01,Italy,5Y,4.823,4.495,0.3280000000000003,0.01139404,-0.00090513
2001-02-01,Italy,5Y,4.817,4.482,0.33499999999999996,-0.00204204,0.01927988
2001-03-01,Italy,5Y,4.688,4.334,0.3540000000000001,0.06859912,0.03120769
2001-04-01,Italy,5Y,5.031,4.748,0.2829999999999995,0.06421035,0.12710222
2001-05-01,Italy,5Y,4.971,4.731,0.2400000000000002,-0.13656878,-0.08779026
2001-06-01,Italy,5Y,4.875,4.59,0.28500000000000014,0.02854883,0.02396559
2001-07-01,Italy,5Y,4.673,4.413,0.2599999999999998,0.03007371,0.01514081
2001-08-01,Italy,5Y,4.458,4.201,0.25700000000000056,0.05079423,-0.02379363
2001-09-01,Italy,5Y,4.271,4.062,0.20899999999999963,0.0313824,-0.01387918
2001-10-01,Italy,5Y,3.877,3.741,0.13599999999999968,0.04317789,0.06975827
2001-11-01,Italy,5Y,4.118,4.026,0.09200000000000053,0.03107767,-0.00197459
2001-12-01,Italy,5Y,4.504,4.386,0.09299999999999997,0.02660325,0.00333289
2002-01-01,Italy,5Y,4.74,4.505,0.23500000000000032,0.01003587,0.01147814
2002-02-01,Italy,5Y,4.73,4.546,0.18400000000000016,-0.00667414,0.03998737
2002-03-01,Italy,5Y,5.093,4.902,0.17100000000000026,-3.086e-05,0.01296051
2002-04-01,Italy,5Y,4.869,4.71,0.1589999999999998,-0.00247617,-0.01196426
2002-05-01,Italy,5Y,4.933,4.8,0.133,0.03218836,0.01597417
2002-06-01,Italy,5Y,4.635,4.491,0.14400000000000013,0.01184929,-0.00618789
2002-07-01,Italy,5Y,4.363,4.196,0.1670000000000007,0.00352277,-0.0116348
2002-08-01,Italy,5Y,4.131,4.049,0.08199999999999985,0.01803811,-0.01560232
2002-09-01,Italy,5Y,3.714,3.601,0.11299999999999999,0.01607403,-0.04022966
2002-10-01,Italy,5Y,3.97,3.784,0.1860000000000004,0.02180133,0.01000217
2002-11-01,Italy,5Y,3.94,3.8,0.14000000000000012,0.06594808,-0.03659766
2002-12-01,Italy,5Y,3.523,3.395,0.1280000000000001,0.00595453,-0.05100643
2003-01-01,Italy,5Y,3.389,3.266,0.12299999999999978,-0.02700705,0.05207753
2003-02-01,Italy,5Y,3.145,3.055,0.08999999999999986,0.05532359,-0.03445075
2003-03-01,Italy,5Y,3.285,3.24,0.04499999999999993,0.06711294,-0.02143875
2003-04-01,Italy,5Y,3.299,3.273,0.0259999999999998,0.01825694,0.00312353
2003-05-01,Italy,5Y,2.892,2.879,0.0129999999999999,0.05561085,-0.01606747
2003-06-01,Italy,5Y,2.947,2.949,-0.0019999999999997797,0.00128217,-0.05865202
2003-07-01,Italy,5Y,3.399,3.363,0.03600000000000003,0.00179838,0.01282863
2003-08-01,Italy,5Y,3.477,3.463,0.01399999999999979,0.0,0.0
2003-09-01,Italy,5Y,3.121,3.097,0.02400000000000002,0.00235118,-0.00730611
2003-10-01,Italy,5Y,3.688,3.601,0.08700000000000019,0.03221462,-0.01758272
2003-11-01,Italy,5Y,3.825,3.743,0.0820000000000003,-0.00093229,0.00553257
2003-12-01,Italy,5Y,3.589,3.504,0.08499999999999996,0.01015649,-0.01957929
2004-01-01,Italy,5Y,3.495,3.402,0.09299999999999997,-0.0131573,0.00742273
2004-02-01,Italy,5Y,3.201,3.244,-0.04300000000000015,-0.00162731,-0.00688155
2004-03-01,Italy,5Y,3.05,3.093,-0.04300000000000015,0.01236658,0.02812953
2004-04-01,Italy,5Y,3.363,3.411,-0.04800000000000004,0.04962089,0.02543383
2004-05-01,Italy,5Y,3.691,3.578,0.11299999999999999,0.01746509,-0.0065437
2004-06-01,Italy,5Y,3.685,3.572,0.11299999999999999,-0.01060389,-0.00014359
2004-07-01,Italy,5Y,3.562,3.458,0.10399999999999965,0.00862926,-0.00812276
2004-08-01,Italy,5Y,3.32,3.32,0.0,-0.00139583,0.00217688
2004-09-01,Italy,5Y,3.312,3.317,-0.0050000000000003375,0.0114091,0.00103921
2004-10-01,Italy,5Y,3.143,3.164,-0.02100000000000035,-0.00411348,-0.00801005
2004-11-01,Italy,5Y,3.01,3.043,-0.03300000000000036,-0.00031881,-0.00525612
2004-12-01,Italy,5Y,3.009,3.031,-0.02200000000000024,0.01785679,-0.00429348
2005-01-01,Italy,5Y,2.891,2.927,-0.03600000000000003,-0.01786635,-0.01631762
2005-02-01,Italy,5Y,3.035,3.076,-0.040999999999999925,0.00876981,-0.01224856
2005-03-01,Italy,5Y,3.072,3.061,0.01100000000000012,-0.00906581,0.00175456
2005-04-01,Italy,5Y,2.839,2.79,0.04899999999999993,0.00312037,-0.01689142
2005-05-01,Italy,5Y,2.814,2.638,0.17600000000000016,-0.00742018,0.0089191
2005-06-01,Italy,5Y,2.623,2.481,0.14200000000000035,0.01228622,0.00308786
2005-07-01,Italy,5Y,2.762,2.647,0.11500000000000021,-0.01999819,0.03965357
2005-08-01,Italy,5Y,2.661,2.539,0.12199999999999989,0.00221244,-0.00113823
2005-09-01,Italy,5Y,2.789,2.732,0.05699999999999994,-0.00616143,0.00137953
2005-10-01,Italy,5Y,3.05,3.007,0.042999999999999705,-0.00725165,0.0053286
2005-11-01,Italy,5Y,3.161,3.093,0.06800000000000006,-0.02639035,0.01567596
2005-12-01,Italy,5Y,3.124,3.068,0.05600000000000005,-0.02869513,0.00122556
2006-01-01,Italy,5Y,3.287,3.22,0.06699999999999973,-0.01509696,-0.00771216
2006-02-01,Italy,5Y,3.341,3.262,0.07900000000000018,-0.00544505,-0.00324349
2006-03-01,Italy,5Y,3.63,3.585,0.04499999999999993,0.02163882,-0.01310347
2006-04-01,Italy,5Y,3.801,3.735,0.06600000000000028,-0.05627657,-0.03601184
2006-05-01,Italy,5Y,3.847,3.697,0.1499999999999999,0.00017422,-0.00236101
2006-06-01,Italy,5Y,3.982,3.84,0.14200000000000035,-0.03946736,-0.00172699
2006-07-01,Italy,5Y,3.834,3.695,0.13900000000000023,0.01414146,0.00627523
2006-08-01,Italy,5Y,3.72,3.588,0.13200000000000012,0.01499431,0.01378088
2006-09-01,Italy,5Y,3.737,3.628,0.10899999999999999,0.0,0.0
2006-10-01,Italy,5Y,3.799,3.683,0.1160000000000001,-0.00312185,0.00292537
2006-11-01,Italy,5Y,3.756,3.635,0.121,0.02599157,-0.03156989
2006-12-01,Italy,5Y,4.024,3.921,0.1030000000000002,-0.01228785,0.03226851
2007-01-01,Italy,5Y,4.115,4.036,0.07900000000000063,-0.04184531,-0.00062716
2007-02-01,Italy,5Y,3.999,3.892,0.1070000000000002,0.01201155,-0.00426155
2007-03-01,Italy,5Y,4.124,4.018,0.10599999999999987,0.00234815,0.00780903
2007-04-01,Italy,5Y,4.219,4.134,0.08499999999999996,0.00848509,-0.01206177
2007-05-01,Italy,5Y,4.506,4.412,0.0940000000000003,0.00231754,-0.00518441
2007-06-01,Italy,5Y,4.643,4.527,0.11599999999999966,3.95e-06,-0.00707298
2007-07-01,Italy,5Y,4.495,4.319,0.17600000000000016,0.00420353,-0.00350775
2007-08-01,Italy,5Y,4.295,4.115,0.17999999999999972,-7.551e-05,-0.00333671
2007-09-01,Italy,5Y,4.307,4.163,0.14400000000000013,-0.0363456,-0.00270934
2007-10-01,Italy,5Y,4.282,4.132,0.15000000000000036,0.00166756,-0.00365079
2007-11-01,Italy,5Y,4.121,3.911,0.2100000000000004,0.00101171,-0.02129922
2007-12-01,Italy,5Y,4.282,4.119,0.16300000000000026,0.02203938,-0.00235725
2008-01-01,Italy,5Y,3.818,3.552,0.266,0.00854417,-0.01034839
2008-02-01,Italy,5Y,3.707,3.368,0.33899999999999997,-0.00565551,-0.04432311
2008-03-01,Italy,5Y,4.014,3.6,0.41400000000000015,0.03287918,-0.00319577
2008-04-01,Italy,5Y,4.193,3.877,0.31599999999999984,-0.00107664,0.00211722
2008-05-01,Italy,5Y,4.623,4.303,0.3200000000000003,0.0079654,-0.01921652
2008-06-01,Italy,5Y,5.061,4.636,0.4249999999999998,0.08718549,0.05944987
2008-07-01,Italy,5Y,4.703,4.272,0.43100000000000005,-0.08616599,0.0003162
2008-08-01,Italy,5Y,4.574,4.095,0.4790000000000001,-0.00047578,-0.0412033
2008-09-01,Italy,5Y,4.485,3.768,0.7170000000000005,0.02062448,-0.02765799
2008-10-01,Italy,5Y,4.285,3.196,1.089,-0.00294813,-0.05476331
2008-11-01,Italy,5Y,3.863,2.651,1.2120000000000002,0.14345953,0.0601037
2008-12-01,Italy,5Y,3.632,2.318,1.314,0.07249163,-0.02195657
2009-01-01,Italy,5Y,3.534,2.494,1.0399999999999996,0.00570074,-0.03082516
2009-02-01,Italy,5Y,3.64,2.234,1.4060000000000001,-0.0142095,-0.04348585
2009-03-01,Italy,5Y,3.285,2.233,1.052,-0.00508159,0.00953191
2009-04-01,Italy,5Y,3.168,2.354,0.8140000000000001,0.04361952,0.04035626
2009-05-01,Italy,5Y,3.36,2.632,0.7279999999999998,-0.00276712,-0.02144281
2009-06-01,Italy,5Y,3.272,2.493,0.7789999999999999,0.01914683,0.01991529
2009-07-01,Italy,5Y,2.932,2.406,0.5259999999999998,0.01967426,-0.08702865
2009-08-01,Italy,5Y,2.957,2.375,0.5819999999999999,0.00382895,-0.00227106
2009-09-01,Italy,5Y,2.841,2.401,0.4400000000000004,-0.01479861,-0.0288011
2009-10-01,Italy,5Y,2.775,2.411,0.3639999999999999,-0.00631641,-0.01739833
2009-11-01,Italy,5Y,2.711,2.233,0.47799999999999976,-0.03362904,0.01798103
2009-12-01,Italy,5Y,2.802,2.423,0.379,-0.03020061,-0.01008083
2010-01-01,Italy,5Y,3.045,2.276,0.7690000000000001,-6.14e-06,-0.01162683
2010-02-01,Italy,5Y,2.852,2.127,0.7250000000000001,0.02809804,-0.03309557
2010-03-01,Italy,5Y,2.701,2.136,0.565,-0.01619472,0.00347371
2010-04-01,Italy,5Y,2.799,1.968,0.831,0.00539033,-0.00101855
2010-05-01,Italy,5Y,2.976,1.557,1.419,0.02627696,-0.01799763
2010-06-01,Italy,5Y,2.995,1.458,1.5370000000000001,-0.02371403,0.02024375
2010-07-01,Italy,5Y,2.753,1.653,1.1,0.00522594,0.04208827
2010-08-01,Italy,5Y,2.673,1.199,1.474,0.01420454,-0.02426078
2010-09-01,Italy,5Y,2.828,1.483,1.3449999999999998,-0.00294235,-0.01052608
2010-10-01,Italy,5Y,2.86,1.712,1.148,-0.00279264,0.00162802
2010-11-01,Italy,5Y,3.75,1.674,2.076,-0.00010904,-0.0080795
2010-12-01,Italy,5Y,3.884,1.838,2.046,-0.00484115,-0.02320713
2011-01-01,Italy,5Y,3.819,2.386,1.4329999999999998,0.01844172,0.01740865
2011-02-01,Italy,5Y,3.89,2.386,1.504,-0.02451558,-0.01441031
2011-03-01,Italy,5Y,3.878,2.671,1.2070000000000003,0.07028429,0.06022116
2011-04-01,Italy,5Y,3.99,2.599,1.391,-0.00244173,0.01943218
2011-05-01,Italy,5Y,3.993,2.277,1.7159999999999997,-0.05955414,-0.04508166
2011-06-01,Italy,5Y,4.122,2.277,1.8449999999999998,-0.01534681,-0.00214682
2011-07-01,Italy,5Y,5.236,1.719,3.5169999999999995,-0.01354933,0.02770202
2011-08-01,Italy,5Y,4.276,1.309,2.9669999999999996,-0.04366301,-0.12013885
2011-09-01,Italy,5Y,5.2,1.165,4.035,0.01207522,-0.01000965
2011-10-01,Italy,5Y,5.867,1.159,4.708,0.10619898,0.05031052
2011-11-01,Italy,5Y,7.499,1.16,6.3389999999999995,-0.07192325,-0.0611927
2011-12-01,Italy,5Y,6.147,0.753,5.394,0.03349252,-0.03948307
2012-01-01,Italy,5Y,4.718,0.736,3.982,0.02629851,-0.02840244
2012-02-01,Italy,5Y,3.769,0.813,2.9560000000000004,-0.01433788,0.01535817
2012-03-01,Italy,5Y,4.3,0.794,3.506,0.00682966,-0.00830541
2012-04-01,Italy,5Y,4.637,0.599,4.037999999999999,0.00683135,-0.00606342
2012-05-01,Italy,5Y,5.507,0.336,5.170999999999999,0.04135716,-0.02621478
2012-06-01,Italy,5Y,5.165,0.61,4.555,0.03338643,-0.00627108
2012-07-01,Italy,5Y,5.487,0.303,5.184,-0.0072012,-0.10685152
2012-08-01,Italy,5Y,4.791,0.333,4.458,0.10355838,-0.07344139
2012-09-01,Italy,5Y,3.979,0.509,3.47,-0.03500514,0.0388083
2012-10-01,Italy,5Y,3.746,0.491,3.255,0.00539462,-0.00081696
2012-11-01,Italy,5Y,3.377,0.405,2.9719999999999995,0.00753017,0.00512519
2012-12-01,Italy,5Y,3.292,0.292,3.0,-0.0037345,-0.00486517
2013-01-01,Italy,5Y,3.096,0.762,2.334,-0.00316676,0.01806952
2013-02-01,Italy,5Y,3.479,0.434,3.045,-0.00649124,-0.0096722
2013-03-01,Italy,5Y,3.519,0.311,3.208,0.00845211,0.00457824
2013-04-01,Italy,5Y,2.637,0.332,2.305,0.02524541,-0.02755056
2013-05-01,Italy,5Y,3.054,0.487,2.5669999999999997,-0.00548678,-0.005251
2013-06-01,Italy,5Y,3.473,0.734,2.739,0.03220402,-0.01512024
2013-07-01,Italy,5Y,3.256,0.651,2.6049999999999995,-0.06055783,0.04203836
2013-08-01,Italy,5Y,3.281,0.817,2.4640000000000004,-0.0028711,0.01132435
2013-09-01,Italy,5Y,3.252,0.791,2.461,-0.00632233,0.00132339
2013-10-01,Italy,5Y,2.895,0.657,2.238,0.00677482,-0.00609358
2013-11-01,Italy,5Y,2.618,0.651,1.9669999999999999,-0.03543784,0.02352032
2013-12-01,Italy,5Y,2.715,0.917,1.7979999999999998,0.0178962,-0.00423027
2014-01-01,Italy,5Y,2.294,0.649,1.645,0.0074008,-0.01504822
2014-02-01,Italy,5Y,2.056,0.667,1.389,0.0193551,0.02089548
2014-03-01,Italy,5Y,1.94,0.628,1.3119999999999998,0.03148079,0.01102582
2014-04-01,Italy,5Y,1.779,0.551,1.2279999999999998,-0.01390848,0.03683678
2014-05-01,Italy,5Y,1.679,0.428,1.2510000000000001,-0.00528758,0.01007157
2014-06-01,Italy,5Y,1.354,0.341,1.0130000000000001,-0.03637694,0.01209969
2014-07-01,Italy,5Y,1.234,0.301,0.933,-0.01783726,0.01292655
2014-08-01,Italy,5Y,1.148,0.172,0.976,0.00070312,0.00187773
2014-09-01,Italy,5Y,1.02,0.146,0.874,-0.06422641,-0.00068183
2014-10-01,Italy,5Y,1.159,0.125,1.034,0.05409899,-0.04887129
2014-11-01,Italy,5Y,0.953,0.111,0.842,-0.03680355,0.03947588
2014-12-01,Italy,5Y,0.926,0.008,0.918,0.05596263,-0.04833079
2015-01-01,Italy,5Y,0.777,-0.051,0.8280000000000001,-0.01922483,0.01173607
2015-02-01,Italy,5Y,0.577,-0.088,0.6649999999999999,0.0,0.0
2015-03-01,Italy,5Y,0.543,-0.102,0.645,0.00035536,-0.00385565
2015-04-01,Italy,5Y,0.612,0.007,0.605,-0.00142985,0.00811493
2015-05-01,Italy,5Y,0.894,-0.004,0.898,0.0,0.0
2015-06-01,Italy,5Y,1.243,0.073,1.1700000000000002,0.00884221,-0.01158719
2015-07-01,Italy,5Y,0.786,0.044,0.742,-0.00145856,0.00208231
2015-08-01,Italy,5Y,0.915,0.126,0.789,0.0,0.0
2015-09-01,Italy,5Y,0.747,-0.007,0.754,-0.03170106,0.0298776
2015-10-01,Italy,5Y,0.497,-0.079,0.576,-0.07457095,0.05369102
2015-11-01,Italy,5Y,0.367,-0.183,0.55,0.0,0.0
2015-12-01,Italy,5Y,0.501,-0.047,0.548,0.16522564,-0.06777853
2016-01-01,Italy,5Y,0.417,-0.313,0.73,-0.02353204,0.00207732
2016-02-01,Italy,5Y,0.396,-0.408,0.804,0.0,0.0
2016-03-01,Italy,5Y,0.276,-0.329,0.605,0.00295142,0.04696157
2016-04-01,Italy,5Y,0.387,-0.289,0.6759999999999999,0.00874813,-0.00714425
2016-05-01,Italy,5Y,0.294,-0.378,0.6719999999999999,0.0,0.0
2016-06-01,Italy,5Y,0.291,-0.569,0.8599999999999999,0.01416894,-0.01469861
2016-07-01,Italy,5Y,0.287,-0.529,0.8160000000000001,0.00420598,0.02136953
2016-08-01,Italy,5Y,0.248,-0.504,0.752,0.0,0.0
2016-09-01,Italy,5Y,0.262,-0.577,0.839,0.02928932,-0.01588046
2016-10-01,Italy,5Y,0.645,-0.402,1.0470000000000002,-0.00343218,0.00288461
2016-11-01,Italy,5Y,0.885,-0.432,1.317,0.0,0.0
2016-12-01,Italy,5Y,0.596,-0.543,1.139,-0.02369548,0.02494524
2017-01-01,Italy,5Y,0.919,-0.406,1.3250000000000002,-0.01136922,0.01125365
2017-02-01,Italy,5Y,0.82,-0.575,1.395,0.0,0.0
2017-03-01,Italy,5Y,1.101,-0.386,1.487,-0.01209542,0.01300103
2017-04-01,Italy,5Y,1.041,-0.39,1.431,-0.00220409,-0.00059132
2017-05-01,Italy,5Y,0.913,-0.435,1.348,0.0,0.0
2017-06-01,Italy,5Y,0.857,-0.229,1.086,0.00468379,-0.00618022
2017-07-01,Italy,5Y,0.772,-0.182,0.954,-0.00745165,-0.00386945
2017-08-01,Italy,5Y,0.71,-0.345,1.055,0.0,0.0
2017-09-01,Italy,5Y,0.695,-0.269,0.964,-0.00127015,0.00235026
2017-10-01,Italy,5Y,0.609,-0.351,0.96,-0.01205914,0.01350465
2017-11-01,Italy,5Y,0.483,-0.31,0.7929999999999999,0.0,0.0
2017-12-01,Italy,5Y,0.731,-0.207,0.938,-0.00726541,0.00542794
2018-01-01,Italy,5Y,0.735,0.102,0.633,0.01937805,-0.01940399
2018-02-01,Italy,5Y,0.704,0.021,0.6829999999999999,0.0,0.0
2018-03-01,Italy,5Y,0.466,-0.106,0.5720000000000001,-0.01997759,0.02238169
2018-04-01,Italy,5Y,0.641,-0.061,0.702,0.00352961,-0.00433858
2018-05-01,Italy,5Y,1.944,-0.275,2.219,0.0,0.0
2018-06-01,Italy,5Y,1.721,-0.306,2.027,-0.04271677,0.03658385
2018-07-01,Italy,5Y,1.802,-0.128,1.9300000000000002,-0.00753783,0.00753783
2018-08-01,Italy,5Y,2.564,-0.233,2.797,0.0,0.0
2018-09-01,Italy,5Y,2.228,-0.092,2.3200000000000003,0.00550418,-0.00644394
2018-10-01,Italy,5Y,2.467,-0.194,2.661,0.02001239,-0.01825893
2018-11-01,Italy,5Y,2.326,-0.271,2.597,0.0,0.0
2018-12-01,Italy,5Y,1.797,-0.32,2.117,-0.00415027,0.00355439
2019-01-01,Italy,5Y,1.515,-0.318,1.833,0.0175893,-0.02145109
2019-02-01,Italy,5Y,1.687,-0.279,1.9660000000000002,0.0,0.0
2019-03-01,Italy,5Y,1.502,-0.453,1.955,0.00868726,-0.01442751
2019-04-01,Italy,5Y,1.451,-0.416,1.867,-0.00273599,-0.00018377
2019-05-01,Italy,5Y,1.714,-0.582,2.296,0.0,0.0
2019-06-01,Italy,5Y,1.352,-0.666,2.0180000000000002,0.03058214,-0.0071408
2019-07-01,Italy,5Y,0.812,-0.717,1.529,0.04218756,-0.00506254
2019-08-01,Italy,5Y,0.377,-0.927,1.304,0.0,0.0
2019-09-01,Italy,5Y,0.208,-0.775,0.983,0.03217407,0.03487853
2019-10-01,Italy,5Y,0.305,-0.628,0.933,0.00764552,-0.00665165
2019-11-01,Italy,5Y,0.558,-0.585,1.143,0.0,0.0
2019-12-01,Italy,5Y,0.676,-0.476,1.1520000000000001,-0.01029327,0.01098215
2020-01-01,Italy,5Y,0.321,-0.644,0.9650000000000001,0.01788192,-0.01219238
2020-02-01,Italy,5Y,0.513,-0.766,1.279,0.0,0.0
2020-03-01,Italy,5Y,0.906,-0.657,1.5630000000000002,0.18996661,-0.0646914
2020-04-01,Italy,5Y,1.128,-0.77,1.898,0.04450687,-0.0282567
2020-05-01,Italy,5Y,0.878,-0.646,1.524,0.0,0.0
2020-06-01,Italy,5Y,0.592,-0.7,1.2919999999999998,0.00075699,0.00221042
2020-07-01,Italy,5Y,0.507,-0.722,1.229,-0.01051453,0.00663075
2020-08-01,Italy,5Y,0.509,-0.631,1.1400000000000001,0.0,0.0
2020-09-01,Italy,5Y,0.261,-0.713,0.974,-0.01137573,0.0209051
2020-10-01,Italy,5Y,0.19,-0.822,1.012,-0.04440888,0.03827308
2020-11-01,Italy,5Y,0.043,-0.754,0.797,0.0,0.0
2020-12-01,Italy,5Y,-0.011,-0.742,0.731,0.02960964,-0.0146942
2021-01-01,Italy,5Y,0.064,-0.736,0.8,0.01223291,-0.00964168
2021-02-01,Italy,5Y,0.146,-0.569,0.715,0.0,0.0
2021-03-01,Italy,5Y,0.005,-0.629,0.634,0.00286225,0.0097477
2021-04-01,Italy,5Y,0.169,-0.578,0.747,0.00189025,-0.00343929
2021-05-01,Italy,5Y,0.156,-0.568,0.724,0.0,0.0
2021-06-01,Italy,5Y,0.089,-0.589,0.6779999999999999,-0.01563274,0.01470217
2021-07-01,Italy,5Y,-0.05,-0.744,0.694,0.0073095,-0.00768279
2021-08-01,Italy,5Y,-0.004,-0.68,0.676,0.0,0.0
2021-09-01,Italy,5Y,0.079,-0.558,0.637,-0.01404805,0.01567899
2021-10-01,Italy,5Y,0.433,-0.392,0.825,0.00670146,-0.0061872
2021-11-01,Italy,5Y,0.211,-0.622,0.833,0.0,0.0
2021-12-01,Italy,5Y,0.413,-0.461,0.874,0.02039478,-0.02349587
2022-01-01,Italy,5Y,0.491,-0.227,0.718,0.0,0.0
2022-02-01,Italy,5Y,0.783,-0.164,0.9470000000000001,0.03923857,-0.02262021
2022-03-01,Italy,5Y,1.177,0.371,0.806,0.01158872,0.00288687
2022-04-01,Italy,5Y,1.957,0.674,1.283,-0.02722772,-0.01209206
2022-05-01,Italy,5Y,2.262,0.832,1.4300000000000002,0.0,0.0
2022-06-01,Italy,5Y,2.408,1.056,1.3519999999999999,0.04000315,-0.05017059
2022-07-01,Italy,5Y,2.219,0.524,1.6949999999999998,0.06062276,0.06828821
2022-08-01,Italy,5Y,3.224,1.383,1.8410000000000002,0.0,0.0
2022-09-01,Italy,5Y,3.888,1.959,1.9289999999999998,0.06553518,0.05123198
2022-10-01,Italy,5Y,3.68,2.0,1.6800000000000002,-0.0484317,-0.00738864
2022-11-01,Italy,5Y,3.354,1.929,1.425,0.0,0.0
2022-12-01,Italy,5Y,3.998,2.566,1.4320000000000004,0.08741766,-0.05187298
2023-01-01,Italy,5Y,3.604,2.306,1.298,0.0,0.0
2023-02-01,Italy,5Y,3.988,2.736,1.2519999999999998,-0.02825908,0.00739243
2023-03-01,Italy,5Y,3.599,2.305,1.294,0.06364707,0.13706177
2023-04-01,Italy,5Y,3.64,2.3,1.3400000000000003,0.0,0.0
2023-05-01,Italy,5Y,3.541,2.275,1.266,-0.05445383,-0.02205352
2023-06-01,Italy,5Y,3.742,2.546,1.1960000000000002,0.00310685,0.01212789
2023-07-01,Italy,5Y,3.667,2.533,1.134,-0.02931627,0.00761737
2023-08-01,Italy,5Y,3.677,2.472,1.205,0.0,0.0
2023-09-01,Italy,5Y,4.196,2.774,1.4219999999999997,0.00399758,0.06922208
2023-10-01,Italy,5Y,4.043,2.652,1.391,-0.02513959,0.0050286
2023-11-01,Italy,5Y,3.617,2.372,1.245,0.0,0.0
2023-12-01,Italy,5Y,3.061,1.942,1.119,0.03287603,-0.00518218
2024-01-01,Italy,5Y,3.116,2.049,1.0670000000000002,-0.04307478,0.00364715
2024-02-01,Italy,5Y,3.362,2.43,0.9319999999999999,0.0,0.0
2024-03-01,Italy,5Y,3.223,2.32,0.903,-0.02470938,0.02110809
2024-04-01,Italy,5Y,3.481,2.615,0.8659999999999997,-0.00688623,0.00746176
2024-05-01,Italy,5Y,3.544,2.706,0.8380000000000001,0.0,0.0
2024-06-01,Italy,5Y,3.581,2.479,1.1019999999999999,0.01490844,0.0018587
2024-07-01,Italy,5Y,3.122,2.229,0.8929999999999998,-0.00635903,0.00050086
2024-08-01,Italy,5Y,3.115,2.187,0.9280000000000004,0.0,0.0
2024-09-01,Italy,5Y,2.802,1.944,0.8580000000000001,0.03255924,-0.01615053
2024-10-01,Italy,5Y,3.068,2.265,0.8029999999999999,-0.02068547,-0.01217264
2024-11-01,Italy,5Y,2.661,1.924,0.7370000000000001,0.0,0.0
2024-12-01,Italy,5Y,2.859,2.152,0.7069999999999999,0.00609036,0.02176619
2025-01-01,Italy,5Y,2.869,2.233,0.6360000000000001,-0.0087809,-0.00804116
2025-02-01,Italy,5Y,2.728,2.149,0.5790000000000002,0.0,0.0
2025-03-01,Italy,5Y,2.877,2.337,0.5399999999999996,-0.00193929,0.02623149
2025-04-01,Italy,5Y,2.708,1.984,0.7240000000000002,-0.03264565,-0.02455187
2025-05-01,Italy,5Y,2.668,2.063,0.605,0.0,0.0
2025-06-01,Italy,5Y,2.695,2.169,0.5259999999999998,0.02367629,-0.00634498
2025-07-01,Italy,5Y,2.75,2.293,0.45699999999999985,0.02395822,-0.00106382
2025-08-01,Italy,5Y,2.762,2.256,0.5060000000000002,0.0,0.0
2025-09-01,Italy,5Y,2.759,2.308,0.45100000000000007,-0.01551833,0.00187802
2025-10-01,Italy,5Y,2.66,2.231,0.42900000000000027,-0.01065112,0.01192155
2025-11-01,Italy,5Y,2.683,2.287,0.3959999999999999,,
2025-12-01,Italy,5Y,2.845,2.447,0.39800000000000013,,
2026-01-01,Italy,5Y,2.738,2.416,0.32200000000000006,,
2026-02-01,Italy,5Y,2.581,2.237,0.34399999999999986,,
2026-03-01,Italy,5Y,3.283,2.725,0.5579999999999998,,
2026-04-01,Italy,5Y,3.222,2.746,0.476,,
2026-05-01,Italy,5Y,3.03,2.636,0.3939999999999997,,
2026-06-01,Italy,5Y,3.033,2.594,0.43900000000000006,,
2026-07-01,Italy,5Y,3.405,2.941,0.46399999999999997,,
2026-08-01,Italy,5Y,3.541,3.062,0.4790000000000001,,
2026-09-01,Italy,5Y,3.854,3.333,0.5209999999999999,,
1999-01-01,Netherlands,10Y,,3.632,,0.02914637,-0.06311121
1999-02-01,Netherlands,10Y,,4.011,,-0.00556514,0.00556514
1999-03-01,Netherlands,10Y,,4.001,,-0.00592203,0.00323799
1999-04-01,Netherlands,10Y,,3.868,,-0.00679893,-0.00330584
1999-05-01,Netherlands,10Y,4.285,4.116,0.16900000000000048,0.01543059,-0.00936631
1999-06-01,Netherlands,10Y,4.668,4.511,0.15700000000000003,0.00768436,-0.01317122
1999-07-01,Netherlands,10Y,4.975,4.811,0.1639999999999997,-0.00494872,0.02780708
1999-08-01,Netherlands,10Y,5.072,4.891,0.18100000000000005,0.00678846,-0.00826848
1999-09-01,Netherlands,10Y,5.242,5.08,0.16199999999999992,-0.04166781,-0.00527997
1999-10-01,Netherlands,10Y,5.311,5.157,0.15399999999999991,-0.06815947,-0.10613335
1999-11-01,Netherlands,10Y,5.276,5.125,0.1509999999999998,0.01057526,0.04684463
1999-12-01,Netherlands,10Y,5.49,5.355,0.1379999999999999,-0.00790024,0.00763541
2000-01-01,Netherlands,10Y,5.706,5.541,0.16500000000000004,0.01150505,-0.02335973
2000-02-01,Netherlands,10Y,5.679,5.5,0.17900000000000027,-0.04027945,0.06481814
2000-03-01,Netherlands,10Y,5.38,5.216,0.1639999999999997,-0.06675806,-0.0176937
2000-04-01,Netherlands,10Y,5.459,5.298,0.1609999999999996,0.02378726,-0.01526446
2000-05-01,Netherlands,10Y,5.371,5.191,0.1800000000000006,-0.06400218,0.06313006
2000-06-01,Netherlands,10Y,5.349,5.221,0.1280000000000001,0.11366676,0.04898755
2000-07-01,Netherlands,10Y,5.356,5.206,0.14999999999999947,0.02048594,-0.00231932
2000-08-01,Netherlands,10Y,5.456,5.298,0.15800000000000036,-0.04765312,-0.036261
2000-09-01,Netherlands,10Y,5.368,5.23,0.1379999999999999,-0.03226793,-0.00031136
2000-10-01,Netherlands,10Y,5.351,5.215,0.13600000000000012,0.02902834,0.0510063
2000-11-01,Netherlands,10Y,5.14,5.0,0.13999999999999968,-0.00713094,-0.01518934
2000-12-01,Netherlands,10Y,4.973,4.851,0.12199999999999989,-0.0010197,0.02324592
2001-01-01,Netherlands,10Y,4.934,4.797,0.13700000000000045,0.01139404,-0.00090513
2001-02-01,Netherlands,10Y,4.892,4.754,0.1380000000000008,-0.00204204,0.01927988
2001-03-01,Netherlands,10Y,4.892,4.705,0.18700000000000028,0.06859912,0.03120769
2001-04-01,Netherlands,10Y,5.212,5.032,0.17999999999999972,0.06421035,0.12710222
2001-05-01,Netherlands,10Y,5.315,5.173,0.14200000000000035,-0.13656878,-0.08779026
2001-06-01,Netherlands,10Y,5.258,5.102,0.1559999999999997,0.02854883,0.02396559
2001-07-01,Netherlands,10Y,5.03,4.88,0.15000000000000036,0.03007371,0.01514081
2001-08-01,Netherlands,10Y,4.94,4.788,0.15200000000000014,0.05079423,-0.02379363
2001-09-01,Netherlands,10Y,4.937,4.791,0.1459999999999999,0.0313824,-0.01387918
2001-10-01,Netherlands,10Y,4.553,4.397,0.1559999999999997,0.04317789,0.06975827
2001-11-01,Netherlands,10Y,4.712,4.555,0.15700000000000003,0.03107767,-0.00197459
2001-12-01,Netherlands,10Y,5.106,4.996,0.10899999999999999,0.02660325,0.00333289
2002-01-01,Netherlands,10Y,5.036,4.905,0.13099999999999934,0.01003587,0.01147814
2002-02-01,Netherlands,10Y,5.102,4.964,0.1379999999999999,-0.00667414,0.03998737
2002-03-01,Netherlands,10Y,5.379,5.251,0.11899999999999977,-3.086e-05,0.01296051
2002-04-01,Netherlands,10Y,5.263,5.122,0.14100000000000001,-0.00247617,-0.01196426
2002-05-01,Netherlands,10Y,5.297,5.168,0.12899999999999956,0.03218836,0.01597417
2002-06-01,Netherlands,10Y,5.075,4.942,0.133,0.01184929,-0.00618789
2002-07-01,Netherlands,10Y,4.862,4.752,0.11000000000000032,0.00352277,-0.0116348
2002-08-01,Netherlands,10Y,4.704,4.568,0.13600000000000012,0.01803811,-0.01560232
2002-09-01,Netherlands,10Y,4.378,4.272,0.10599999999999987,0.01607403,-0.04022966
2002-10-01,Netherlands,10Y,4.597,4.511,0.0860000000000003,0.02180133,0.01000217
2002-11-01,Netherlands,10Y,4.561,4.49,0.07099999999999973,0.06594808,-0.03659766
2002-12-01,Netherlands,10Y,4.234,4.204,0.03000000000000025,0.00595453,-0.05100643
2003-01-01,Netherlands,10Y,4.153,4.072,0.08099999999999952,-0.02700705,0.05207753
2003-02-01,Netherlands,10Y,4.009,3.918,0.09100000000000019,0.05532359,-0.03445075
2003-03-01,Netherlands,10Y,4.123,4.044,0.07900000000000063,0.06711294,-0.02143875
2003-04-01,Netherlands,10Y,4.155,4.092,0.06300000000000061,0.01825694,0.00312353
2003-05-01,Netherlands,10Y,3.804,3.721,0.08299999999999974,0.05561085,-0.01606747
2003-06-01,Netherlands,10Y,3.872,3.802,0.06999999999999984,0.00128217,-0.05865202
2003-07-01,Netherlands,10Y,4.221,4.19,0.030999999999999694,0.00179838,0.01282863
2003-08-01,Netherlands,10Y,4.214,4.197,0.017000000000000348,0.0,0.0
2003-09-01,Netherlands,10Y,4.017,3.995,0.02200000000000024,0.00235118,-0.00730611
2003-10-01,Netherlands,10Y,4.336,4.331,0.004999999999999893,0.03221462,-0.01758272
2003-11-01,Netherlands,10Y,4.458,4.457,0.001000000000000334,-0.00093229,0.00553257
2003-12-01,Netherlands,10Y,4.292,4.292,0.0,0.01015649,-0.01957929
2004-01-01,Netherlands,10Y,4.24,4.24,0.0,-0.0131573,0.00742273
2004-02-01,Netherlands,10Y,4.046,4.051,-0.004999999999999893,-0.00162731,-0.00688155
2004-03-01,Netherlands,10Y,4.039,3.931,0.10799999999999965,0.01236658,0.02812953
2004-04-01,Netherlands,10Y,4.274,4.175,0.0990000000000002,0.04962089,0.02543383
2004-05-01,Netherlands,10Y,4.431,4.374,0.057000000000000384,0.01746509,-0.0065437
2004-06-01,Netherlands,10Y,4.375,4.318,0.057000000000000384,-0.01060389,-0.00014359
2004-07-01,Netherlands,10Y,4.27,4.216,0.05399999999999938,0.00862926,-0.00812276
2004-08-01,Netherlands,10Y,4.076,4.023,0.052999999999999936,-0.00139583,0.00217688
2004-09-01,Netherlands,10Y,4.047,3.991,0.055999999999999606,0.0114091,0.00103921
2004-10-01,Netherlands,10Y,3.919,3.873,0.04599999999999982,-0.00411348,-0.00801005
2004-11-01,Netherlands,10Y,3.774,3.793,-0.019000000000000128,-0.00031881,-0.00525612
2004-12-01,Netherlands,10Y,3.661,3.683,-0.021999999999999797,0.01785679,-0.00429348
2005-01-01,Netherlands,10Y,3.524,3.547,-0.02300000000000013,-0.01786635,-0.01631762
2005-02-01,Netherlands,10Y,3.691,3.715,-0.02400000000000002,0.00876981,-0.01224856
2005-03-01,Netherlands,10Y,3.597,3.622,-0.02499999999999991,-0.00906581,0.00175456
2005-04-01,Netherlands,10Y,3.37,3.396,-0.0259999999999998,0.00312037,-0.01689142
2005-05-01,Netherlands,10Y,3.284,3.274,0.009999999999999787,-0.00742018,0.0089191
2005-06-01,Netherlands,10Y,3.165,3.134,0.03100000000000014,0.01228622,0.00308786
2005-07-01,Netherlands,10Y,3.282,3.243,0.039000000000000146,-0.01999819,0.03965357
2005-08-01,Netherlands,10Y,3.134,3.102,0.03200000000000003,0.00221244,-0.00113823
2005-09-01,Netherlands,10Y,3.174,3.148,0.0259999999999998,-0.00616143,0.00137953
2005-10-01,Netherlands,10Y,3.411,3.391,0.020000000000000018,-0.00725165,0.0053286
2005-11-01,Netherlands,10Y,3.44,3.455,-0.015000000000000124,-0.02639035,0.01567596
2005-12-01,Netherlands,10Y,3.293,3.309,-0.016000000000000014,-0.02869513,0.00122556
2006-01-01,Netherlands,10Y,3.461,3.467,-0.006000000000000227,-0.01509696,-0.00771216
2006-02-01,Netherlands,10Y,3.483,3.489,-0.005999999999999783,-0.00544505,-0.00324349
2006-03-01,Netherlands,10Y,3.772,3.771,0.0009999999999998899,0.02163882,-0.01310347
2006-04-01,Netherlands,10Y,3.951,3.951,0.0,-0.05627657,-0.03601184
2006-05-01,Netherlands,10Y,3.961,3.982,-0.02100000000000035,0.00017422,-0.00236101
2006-06-01,Netherlands,10Y,4.048,4.071,-0.022999999999999687,-0.03946736,-0.00172699
2006-07-01,Netherlands,10Y,3.938,3.921,0.017000000000000348,0.01414146,0.00627523
2006-08-01,Netherlands,10Y,3.778,3.76,0.018000000000000238,0.01499431,0.01378088
2006-09-01,Netherlands,10Y,3.727,3.709,0.017999999999999794,0.0,0.0
2006-10-01,Netherlands,10Y,3.766,3.741,0.02499999999999991,-0.00312185,0.00292537
2006-11-01,Netherlands,10Y,3.71,3.695,0.015000000000000124,0.02599157,-0.03156989
2006-12-01,Netherlands,10Y,3.973,3.948,0.02499999999999991,-0.01228785,0.03226851
2007-01-01,Netherlands,10Y,4.121,4.1,0.021000000000000796,-0.04184531,-0.00062716
2007-02-01,Netherlands,10Y,3.983,3.957,0.026000000000000245,0.01201155,-0.00426155
2007-03-01,Netherlands,10Y,4.087,4.057,0.02999999999999936,0.00234815,0.00780903
2007-04-01,Netherlands,10Y,4.188,4.154,0.03399999999999981,0.00848509,-0.01206177
2007-05-01,Netherlands,10Y,4.448,4.422,0.02600000000000069,0.00231754,-0.00518441
2007-06-01,Netherlands,10Y,4.607,4.574,0.03300000000000036,3.95e-06,-0.00707298
2007-07-01,Netherlands,10Y,4.44,4.347,0.09299999999999997,0.00420353,-0.00350775
2007-08-01,Netherlands,10Y,4.336,4.242,0.0940000000000003,-7.551e-05,-0.00333671
2007-09-01,Netherlands,10Y,4.419,4.329,0.08999999999999986,-0.0363456,-0.00270934
2007-10-01,Netherlands,10Y,4.34,4.239,0.10099999999999998,0.00166756,-0.00365079
2007-11-01,Netherlands,10Y,4.243,4.126,0.11699999999999999,0.00101171,-0.02129922
2007-12-01,Netherlands,10Y,4.407,4.307,0.09999999999999964,0.02203938,-0.00235725
2008-01-01,Netherlands,10Y,4.037,3.93,0.10699999999999976,0.00854417,-0.01034839
2008-02-01,Netherlands,10Y,4.059,3.891,0.16800000000000015,-0.00565551,-0.04432311
2008-03-01,Netherlands,10Y,4.123,3.899,0.2240000000000002,0.03287918,-0.00319577
2008-04-01,Netherlands,10Y,4.329,4.123,0.20599999999999952,-0.00107664,0.00211722
2008-05-01,Netherlands,10Y,4.606,4.405,0.20099999999999962,0.0079654,-0.01921652
2008-06-01,Netherlands,10Y,4.811,4.621,0.1899999999999995,0.08718549,0.05944987
2008-07-01,Netherlands,10Y,4.536,4.355,0.18099999999999916,-0.08616599,0.0003162
2008-08-01,Netherlands,10Y,4.385,4.176,0.20899999999999963,-0.00047578,-0.0412033
2008-09-01,Netherlands,10Y,4.345,4.015,0.33000000000000007,0.02062448,-0.02765799
2008-10-01,Netherlands,10Y,4.429,3.9,0.5290000000000004,-0.00294813,-0.05476331
2008-11-01,Netherlands,10Y,3.67,3.258,0.4119999999999999,0.14345953,0.0601037
2008-12-01,Netherlands,10Y,3.546,2.951,0.5949999999999998,0.07249163,-0.02195657
2009-01-01,Netherlands,10Y,3.992,3.296,0.6960000000000002,0.00570074,-0.03082516
2009-02-01,Netherlands,10Y,3.918,3.112,0.806,-0.0142095,-0.04348585
2009-03-01,Netherlands,10Y,3.738,2.994,0.7439999999999998,-0.00508159,0.00953191
2009-04-01,Netherlands,10Y,3.68,3.178,0.5020000000000002,0.04361952,0.04035626
2009-05-01,Netherlands,10Y,4.005,3.589,0.4159999999999999,-0.00276712,-0.02144281
2009-06-01,Netherlands,10Y,3.799,3.386,0.4129999999999998,0.01914683,0.01991529
2009-07-01,Netherlands,10Y,3.619,3.3,0.3190000000000004,0.01967426,-0.08702865
2009-08-01,Netherlands,10Y,3.565,3.257,0.30799999999999983,0.00382895,-0.00227106
2009-09-01,Netherlands,10Y,3.511,3.22,0.2909999999999999,-0.01479861,-0.0288011
2009-10-01,Netherlands,10Y,3.514,3.231,0.2829999999999999,-0.00631641,-0.01739833
2009-11-01,Netherlands,10Y,3.406,3.159,0.24700000000000033,-0.03362904,0.01798103
2009-12-01,Netherlands,10Y,3.555,3.387,0.16800000000000015,-0.03020061,-0.01008083
2010-01-01,Netherlands,10Y,3.421,3.196,0.22499999999999964,-6.14e-06,-0.01162683
2010-02-01,Netherlands,10Y,3.385,3.101,0.2839999999999998,0.02809804,-0.03309557
2010-03-01,Netherlands,10Y,3.327,3.092,0.23499999999999988,-0.01619472,0.00347371
2010-04-01,Netherlands,10Y,3.228,3.017,0.2110000000000003,0.00539033,-0.00101855
2010-05-01,Netherlands,10Y,2.876,2.66,0.21599999999999975,0.02627696,-0.01799763
2010-06-01,Netherlands,10Y,2.808,2.577,0.23099999999999987,-0.02371403,0.02024375
2010-07-01,Netherlands,10Y,2.887,2.669,0.21799999999999997,0.00522594,0.04208827
2010-08-01,Netherlands,10Y,2.298,2.116,0.18199999999999994,0.01420454,-0.02426078
2010-09-01,Netherlands,10Y,2.51,2.278,0.23199999999999976,-0.00294235,-0.01052608
2010-10-01,Netherlands,10Y,2.722,2.518,0.20400000000000018,-0.00279264,0.00162802
2010-11-01,Netherlands,10Y,2.939,2.67,0.26900000000000013,-0.00010904,-0.0080795
2010-12-01,Netherlands,10Y,3.154,2.963,0.19099999999999984,-0.00484115,-0.02320713
2011-01-01,Netherlands,10Y,3.32,3.153,0.16699999999999982,0.01844172,0.01740865
2011-02-01,Netherlands,10Y,3.353,3.169,0.18400000000000016,-0.02451558,-0.01441031
2011-03-01,Netherlands,10Y,3.64,3.352,0.28800000000000026,0.07028429,0.06022116
2011-04-01,Netherlands,10Y,3.502,3.238,0.2639999999999998,-0.00244173,0.01943218
2011-05-01,Netherlands,10Y,3.296,3.019,0.2769999999999997,-0.05955414,-0.04508166
2011-06-01,Netherlands,10Y,3.342,3.023,0.31899999999999995,-0.01534681,-0.00214682
2011-07-01,Netherlands,10Y,2.941,2.537,0.4039999999999999,-0.01354933,0.02770202
2011-08-01,Netherlands,10Y,2.618,2.217,0.4009999999999998,-0.04366301,-0.12013885
2011-09-01,Netherlands,10Y,2.283,1.885,0.3979999999999999,0.01207522,-0.01000965
2011-10-01,Netherlands,10Y,2.43,2.024,0.40600000000000014,0.10619898,0.05031052
2011-11-01,Netherlands,10Y,2.647,2.276,0.371,-0.07192325,-0.0611927
2011-12-01,Netherlands,10Y,2.178,1.825,0.353,0.03349252,-0.03948307
2012-01-01,Netherlands,10Y,2.142,1.786,0.35599999999999987,0.02629851,-0.02840244
2012-02-01,Netherlands,10Y,2.294,1.817,0.4770000000000001,-0.01433788,0.01535817
2012-03-01,Netherlands,10Y,2.324,1.792,0.5319999999999998,0.00682966,-0.00830541
2012-04-01,Netherlands,10Y,2.229,1.662,0.5670000000000002,0.00683135,-0.00606342
2012-05-01,Netherlands,10Y,1.607,1.199,0.4079999999999999,0.04135716,-0.02621478
2012-06-01,Netherlands,10Y,2.095,1.581,0.5140000000000002,0.03338643,-0.00627108
2012-07-01,Netherlands,10Y,1.627,1.284,0.34299999999999997,-0.0072012,-0.10685152
2012-08-01,Netherlands,10Y,1.707,1.333,0.3740000000000001,0.10355838,-0.07344139
2012-09-01,Netherlands,10Y,1.713,1.441,0.272,-0.03500514,0.0388083
2012-10-01,Netherlands,10Y,1.725,1.462,0.2630000000000001,0.00539462,-0.00081696
2012-11-01,Netherlands,10Y,1.607,1.385,0.22199999999999998,0.00753017,0.00512519
2012-12-01,Netherlands,10Y,1.493,1.314,0.17900000000000005,-0.0037345,-0.00486517
2013-01-01,Netherlands,10Y,1.862,1.679,0.18300000000000005,-0.00316676,0.01806952
2013-02-01,Netherlands,10Y,1.736,1.453,0.2829999999999999,-0.00649124,-0.0096722
2013-03-01,Netherlands,10Y,1.767,1.288,0.47899999999999987,0.00845211,0.00457824
2013-04-01,Netherlands,10Y,1.576,1.215,0.361,0.02524541,-0.02755056
2013-05-01,Netherlands,10Y,1.838,1.504,0.3340000000000001,-0.00548678,-0.005251
2013-06-01,Netherlands,10Y,2.119,1.728,0.39100000000000024,0.03220402,-0.01512024
2013-07-01,Netherlands,10Y,2.046,1.669,0.3769999999999998,-0.06055783,0.04203836
2013-08-01,Netherlands,10Y,2.288,1.855,0.43299999999999983,-0.0028711,0.01132435
2013-09-01,Netherlands,10Y,2.161,1.778,0.383,-0.00632233,0.00132339
2013-10-01,Netherlands,10Y,2.011,1.673,0.3380000000000001,0.00677482,-0.00609358
2013-11-01,Netherlands,10Y,2.025,1.692,0.33299999999999996,-0.03543784,0.02352032
2013-12-01,Netherlands,10Y,2.229,1.925,0.30400000000000005,0.0178962,-0.00423027
2014-01-01,Netherlands,10Y,1.872,1.658,0.2140000000000002,0.0074008,-0.01504822
2014-02-01,Netherlands,10Y,1.849,1.623,0.22599999999999998,0.0193551,0.02089548
2014-03-01,Netherlands,10Y,1.91,1.565,0.345,0.03148079,0.01102582
2014-04-01,Netherlands,10Y,1.796,1.468,0.32800000000000007,-0.01390848,0.03683678
2014-05-01,Netherlands,10Y,1.633,1.357,0.276,-0.00528758,0.01007157
2014-06-01,Netherlands,10Y,1.478,1.244,0.23399999999999999,-0.03637694,0.01209969
2014-07-01,Netherlands,10Y,1.338,1.154,0.18400000000000016,-0.01783726,0.01292655
2014-08-01,Netherlands,10Y,1.054,0.89,0.16400000000000003,0.00070312,0.00187773
2014-09-01,Netherlands,10Y,1.085,0.946,0.139,-0.06422641,-0.00068183
2014-10-01,Netherlands,10Y,0.978,0.84,0.138,0.05409899,-0.04887129
2014-11-01,Netherlands,10Y,0.816,0.7,0.11599999999999999,-0.03680355,0.03947588
2014-12-01,Netherlands,10Y,0.674,0.538,0.136,0.05596263,-0.04833079
2015-01-01,Netherlands,10Y,0.366,0.302,0.064,-0.01922483,0.01173607
2015-02-01,Netherlands,10Y,0.372,0.327,0.044999999999999984,0.0,0.0
2015-03-01,Netherlands,10Y,0.341,0.18,0.16100000000000003,0.00035536,-0.00385565
2015-04-01,Netherlands,10Y,0.499,0.364,0.135,-0.00142985,0.00811493
2015-05-01,Netherlands,10Y,0.674,0.486,0.18800000000000006,0.0,0.0
2015-06-01,Netherlands,10Y,1.032,0.763,0.269,0.00884221,-0.01158719
2015-07-01,Netherlands,10Y,0.818,0.643,0.17499999999999993,-0.00145856,0.00208231
2015-08-01,Netherlands,10Y,0.989,0.797,0.19199999999999995,0.0,0.0
2015-09-01,Netherlands,10Y,0.78,0.586,0.19400000000000006,-0.03170106,0.0298776
2015-10-01,Netherlands,10Y,0.679,0.517,0.16200000000000003,-0.07457095,0.05369102
2015-11-01,Netherlands,10Y,0.627,0.472,0.15500000000000003,0.0,0.0
2015-12-01,Netherlands,10Y,0.791,0.628,0.16300000000000003,0.16522564,-0.06777853
2016-01-01,Netherlands,10Y,0.433,0.324,0.10899999999999999,-0.02353204,0.00207732
2016-02-01,Netherlands,10Y,0.247,0.106,0.14100000000000001,0.0,0.0
2016-03-01,Netherlands,10Y,0.357,0.152,0.205,0.00295142,0.04696157
2016-04-01,Netherlands,10Y,0.503,0.271,0.23199999999999998,0.00874813,-0.00714425
2016-05-01,Netherlands,10Y,0.348,0.138,0.20999999999999996,0.0,0.0
2016-06-01,Netherlands,10Y,0.083,-0.131,0.21400000000000002,0.01416894,-0.01469861
2016-07-01,Netherlands,10Y,-0.02,-0.121,0.10099999999999999,0.00420598,0.02136953
2016-08-01,Netherlands,10Y,0.039,-0.066,0.10500000000000001,0.0,0.0
2016-09-01,Netherlands,10Y,0.001,-0.122,0.123,0.02928932,-0.01588046
2016-10-01,Netherlands,10Y,0.274,0.161,0.11300000000000002,-0.00343218,0.00288461
2016-11-01,Netherlands,10Y,0.428,0.273,0.15499999999999997,0.0,0.0
2016-12-01,Netherlands,10Y,0.35,0.204,0.146,-0.02369548,0.02494524
2017-01-01,Netherlands,10Y,0.572,0.434,0.13799999999999996,-0.01136922,0.01125365
2017-02-01,Netherlands,10Y,0.477,0.206,0.271,0.0,0.0
2017-03-01,Netherlands,10Y,0.575,0.325,0.24999999999999994,-0.01209542,0.01300103
2017-04-01,Netherlands,10Y,0.54,0.315,0.22500000000000003,-0.00220409,-0.00059132
2017-05-01,Netherlands,10Y,0.511,0.302,0.20900000000000002,0.0,0.0
2017-06-01,Netherlands,10Y,0.651,0.465,0.186,0.00468379,-0.00618022
2017-07-01,Netherlands,10Y,0.652,0.541,0.11099999999999999,-0.00745165,-0.00386945
2017-08-01,Netherlands,10Y,0.491,0.36,0.131,0.0,0.0
2017-09-01,Netherlands,10Y,0.575,0.462,0.11299999999999993,-0.00127015,0.00235026
2017-10-01,Netherlands,10Y,0.465,0.362,0.10300000000000004,-0.01205914,0.01350465
2017-11-01,Netherlands,10Y,0.459,0.366,0.09300000000000003,0.0,0.0
2017-12-01,Netherlands,10Y,0.522,0.423,0.09900000000000003,-0.00726541,0.00542794
2018-01-01,Netherlands,10Y,0.733,0.695,0.038000000000000034,0.01937805,-0.01940399
2018-02-01,Netherlands,10Y,0.695,0.653,0.041999999999999926,0.0,0.0
2018-03-01,Netherlands,10Y,0.637,0.494,0.14300000000000002,-0.01997759,0.02238169
2018-04-01,Netherlands,10Y,0.693,0.557,0.1359999999999999,0.00352961,-0.00433858
2018-05-01,Netherlands,10Y,0.524,0.338,0.186,0.0,0.0
2018-06-01,Netherlands,10Y,0.456,0.3,0.15600000000000003,-0.04271677,0.03658385
2018-07-01,Netherlands,10Y,0.531,0.442,0.08900000000000002,-0.00753783,0.00753783
2018-08-01,Netherlands,10Y,0.447,0.325,0.122,0.0,0.0
2018-09-01,Netherlands,10Y,0.576,0.469,0.10699999999999998,0.00550418,-0.00644394
2018-10-01,Netherlands,10Y,0.515,0.384,0.131,0.02001239,-0.01825893
2018-11-01,Netherlands,10Y,0.442,0.312,0.13,0.0,0.0
2018-12-01,Netherlands,10Y,0.383,0.239,0.14400000000000002,-0.00415027,0.00355439
2019-01-01,Netherlands,10Y,0.249,0.148,0.101,0.0175893,-0.02145109
2019-02-01,Netherlands,10Y,0.285,0.182,0.10299999999999998,0.0,0.0
2019-03-01,Netherlands,10Y,0.027,-0.072,0.09899999999999999,0.00868726,-0.01442751
2019-04-01,Netherlands,10Y,0.187,0.012,0.175,-0.00273599,-0.00018377
2019-05-01,Netherlands,10Y,-0.013,-0.204,0.19099999999999998,0.0,0.0
2019-06-01,Netherlands,10Y,-0.16,-0.329,0.169,0.03058214,-0.0071408
2019-07-01,Netherlands,10Y,-0.329,-0.442,0.11299999999999999,0.04218756,-0.00506254
2019-08-01,Netherlands,10Y,-0.551,-0.702,0.1509999999999999,0.0,0.0
2019-09-01,Netherlands,10Y,-0.429,-0.573,0.14399999999999996,0.03217407,0.03487853
2019-10-01,Netherlands,10Y,-0.277,-0.409,0.13199999999999995,0.00764552,-0.00665165
2019-11-01,Netherlands,10Y,-0.223,-0.362,0.13899999999999998,0.0,0.0
2019-12-01,Netherlands,10Y,-0.06,-0.188,0.128,-0.01029327,0.01098215
2020-01-01,Netherlands,10Y,-0.338,-0.436,0.09799999999999998,0.01788192,-0.01219238
2020-02-01,Netherlands,10Y,-0.482,-0.609,0.127,0.0,0.0
2020-03-01,Netherlands,10Y,-0.229,-0.474,0.24499999999999997,0.18996661,-0.0646914
2020-04-01,Netherlands,10Y,-0.316,-0.589,0.27299999999999996,0.04450687,-0.0282567
2020-05-01,Netherlands,10Y,-0.248,-0.449,0.201,0.0,0.0
2020-06-01,Netherlands,10Y,-0.302,-0.456,0.15400000000000003,0.00075699,0.00221042
2020-07-01,Netherlands,10Y,-0.394,-0.525,0.131,-0.01051453,0.00663075
2020-08-01,Netherlands,10Y,-0.288,-0.398,0.11000000000000004,0.0,0.0
2020-09-01,Netherlands,10Y,-0.409,-0.523,0.11400000000000005,-0.01137573,0.0209051
2020-10-01,Netherlands,10Y,-0.514,-0.628,0.11399999999999999,-0.04440888,0.03827308
2020-11-01,Netherlands,10Y,-0.487,-0.572,0.08499999999999996,0.0,0.0
2020-12-01,Netherlands,10Y,-0.49,-0.572,0.08199999999999996,0.02960964,-0.0146942
2021-01-01,Netherlands,10Y,-0.453,-0.519,0.066,0.01223291,-0.00964168
2021-02-01,Netherlands,10Y,-0.13,-0.262,0.132,0.0,0.0
2021-03-01,Netherlands,10Y,-0.155,-0.293,0.13799999999999998,0.00286225,0.0097477
2021-04-01,Netherlands,10Y,-0.055,-0.203,0.14800000000000002,0.00189025,-0.00343929
2021-05-01,Netherlands,10Y,-0.044,-0.188,0.14400000000000002,0.0,0.0
2021-06-01,Netherlands,10Y,-0.096,-0.209,0.11299999999999999,-0.01563274,0.01470217
2021-07-01,Netherlands,10Y,-0.332,-0.462,0.13,0.0073095,-0.00768279
2021-08-01,Netherlands,10Y,-0.26,-0.385,0.125,0.0,0.0
2021-09-01,Netherlands,10Y,-0.079,-0.2,0.12100000000000001,-0.01404805,0.01567899
2021-10-01,Netherlands,10Y,0.04,-0.107,0.147,0.00670146,-0.0061872
2021-11-01,Netherlands,10Y,-0.209,-0.351,0.142,0.0,0.0
2021-12-01,Netherlands,10Y,-0.035,-0.182,0.147,0.02039478,-0.02349587
2022-01-01,Netherlands,10Y,0.14,0.009,0.131,0.0,0.0
2022-02-01,Netherlands,10Y,0.376,0.132,0.244,0.03923857,-0.02262021
2022-03-01,Netherlands,10Y,0.796,0.545,0.251,0.01158872,0.00288687
2022-04-01,Netherlands,10Y,1.221,0.937,0.28400000000000003,-0.02722772,-0.01209206
2022-05-01,Netherlands,10Y,1.408,1.12,0.2879999999999998,0.0,0.0
2022-06-01,Netherlands,10Y,1.699,1.333,0.3660000000000001,0.04000315,-0.05017059
2022-07-01,Netherlands,10Y,1.11,0.814,0.29600000000000015,0.06062276,0.06828821
2022-08-01,Netherlands,10Y,1.87,1.537,0.3330000000000002,0.0,0.0
2022-09-01,Netherlands,10Y,2.42,2.105,0.31499999999999995,0.06553518,0.05123198
2022-10-01,Netherlands,10Y,2.425,2.139,0.28600000000000003,-0.0484317,-0.00738864
2022-11-01,Netherlands,10Y,2.203,1.926,0.2769999999999999,0.0,0.0
2022-12-01,Netherlands,10Y,2.887,2.565,0.32200000000000006,0.08741766,-0.05187298
2023-01-01,Netherlands,10Y,2.561,2.283,0.278,0.0,0.0
2023-02-01,Netherlands,10Y,2.993,2.648,0.34499999999999975,-0.02825908,0.00739243
2023-03-01,Netherlands,10Y,2.634,2.289,0.34499999999999975,0.06364707,0.13706177
2023-04-01,Netherlands,10Y,2.679,2.31,0.3689999999999998,0.0,0.0
2023-05-01,Netherlands,10Y,2.648,2.28,0.3680000000000003,-0.05445383,-0.02205352
2023-06-01,Netherlands,10Y,2.736,2.39,0.3460000000000001,0.00310685,0.01212789
2023-07-01,Netherlands,10Y,2.819,2.489,0.33000000000000007,-0.02931627,0.00761737
2023-08-01,Netherlands,10Y,2.791,2.462,0.32899999999999974,0.0,0.0
2023-09-01,Netherlands,10Y,3.181,2.838,0.34299999999999997,0.00399758,0.06922208
2023-10-01,Netherlands,10Y,3.149,2.804,0.3450000000000002,-0.02513959,0.0050286
2023-11-01,Netherlands,10Y,2.779,2.445,0.3340000000000001,0.0,0.0
2023-12-01,Netherlands,10Y,2.322,2.021,0.30100000000000016,0.03287603,-0.00518218
2024-01-01,Netherlands,10Y,2.438,2.165,0.27300000000000013,-0.04307478,0.00364715
2024-02-01,Netherlands,10Y,2.728,2.41,0.31800000000000006,0.0,0.0
2024-03-01,Netherlands,10Y,2.6,2.297,0.30299999999999994,-0.02470938,0.02110809
2024-04-01,Netherlands,10Y,2.868,2.583,0.2849999999999997,-0.00688623,0.00746176
2024-05-01,Netherlands,10Y,2.944,2.663,0.28100000000000014,0.0,0.0
2024-06-01,Netherlands,10Y,2.831,2.497,0.3340000000000001,0.01490844,0.0018587
2024-07-01,Netherlands,10Y,2.588,2.302,0.28600000000000003,-0.00635903,0.00050086
2024-08-01,Netherlands,10Y,2.58,2.298,0.28200000000000003,0.0,0.0
2024-09-01,Netherlands,10Y,2.414,2.122,0.29200000000000026,0.03255924,-0.01615053
2024-10-01,Netherlands,10Y,2.644,2.388,0.2560000000000002,-0.02068547,-0.01217264
2024-11-01,Netherlands,10Y,2.323,2.086,0.2370000000000001,0.0,0.0
2024-12-01,Netherlands,10Y,2.59,2.364,0.22599999999999998,0.00609036,0.02176619
2025-01-01,Netherlands,10Y,2.65,2.458,0.19199999999999973,-0.0087809,-0.00804116
2025-02-01,Netherlands,10Y,2.6,2.405,0.19500000000000028,0.0,0.0
2025-03-01,Netherlands,10Y,2.96,2.736,0.22399999999999975,-0.00193929,0.02623149
2025-04-01,Netherlands,10Y,2.68,2.443,0.2370000000000001,-0.03264565,-0.02455187
2025-05-01,Netherlands,10Y,2.71,2.499,0.21099999999999985,0.0,0.0
2025-06-01,Netherlands,10Y,2.806,2.605,0.20100000000000007,0.02367629,-0.00634498
2025-07-01,Netherlands,10Y,2.858,2.693,0.16500000000000004,0.02395822,-0.00106382
2025-08-01,Netherlands,10Y,2.903,2.723,0.18000000000000016,0.0,0.0
2025-09-01,Netherlands,10Y,2.865,2.71,0.15500000000000025,-0.01551833,0.00187802
2025-10-01,Netherlands,10Y,2.781,2.632,0.14900000000000002,-0.01065112,0.01192155
2025-11-01,Netherlands,10Y,2.827,2.688,0.1389999999999998,,
2025-12-01,Netherlands,10Y,2.967,2.854,0.11299999999999999,,
2026-01-01,Netherlands,10Y,2.911,2.842,0.06899999999999995,,
2026-02-01,Netherlands,10Y,2.707,2.643,0.06400000000000006,,
2026-03-01,Netherlands,10Y,3.139,3.002,0.137,,
2026-04-01,Netherlands,10Y,3.167,3.035,0.13199999999999967,,
2026-05-01,Netherlands,10Y,3.056,2.937,0.11900000000000022,,
2026-06-01,Netherlands,10Y,2.978,2.858,0.1200000000000001,,
2026-07-01,Netherlands,10Y,3.293,3.205,0.08800000000000008,,
2026-08-01,Netherlands,10Y,3.394,3.323,0.07100000000000017,,
2026-09-01,Netherlands,10Y,3.584,3.516,0.06800000000000006,,
1999-01-01,Netherlands,2Y,,2.844,,0.02914637,-0.06311121
1999-02-01,Netherlands,2Y,,3.128,,-0.00556514,0.00556514
1999-03-01,Netherlands,2Y,,2.878,,-0.00592203,0.00323799
1999-04-01,Netherlands,2Y,,2.694,,-0.00679893,-0.00330584
1999-05-01,Netherlands,2Y,2.855,2.789,0.06599999999999984,0.01543059,-0.00936631
1999-06-01,Netherlands,2Y,3.144,3.169,-0.02499999999999991,0.00768436,-0.01317122
1999-07-01,Netherlands,2Y,3.382,3.389,-0.006999999999999673,-0.00494872,0.02780708
1999-08-01,Netherlands,2Y,3.424,3.462,-0.038000000000000256,0.00678846,-0.00826848
1999-09-01,Netherlands,2Y,3.466,3.662,-0.19599999999999973,-0.04166781,-0.00527997
1999-10-01,Netherlands,2Y,3.786,3.907,-0.121,-0.06815947,-0.10613335
1999-11-01,Netherlands,2Y,3.835,3.983,-0.14800000000000013,0.01057526,0.04684463
1999-12-01,Netherlands,2Y,4.424,4.208,0.19899999999999984,-0.00790024,0.00763541
2000-01-01,Netherlands,2Y,4.54,4.385,0.15500000000000025,0.01150505,-0.02335973
2000-02-01,Netherlands,2Y,4.578,4.439,0.13900000000000023,-0.04027945,0.06481814
2000-03-01,Netherlands,2Y,4.522,4.423,0.0990000000000002,-0.06675806,-0.0176937
2000-04-01,Netherlands,2Y,4.669,4.594,0.07499999999999929,0.02378726,-0.01526446
2000-05-01,Netherlands,2Y,5.027,4.942,0.08499999999999996,-0.06400218,0.06313006
2000-06-01,Netherlands,2Y,4.981,4.95,0.030999999999999694,0.11366676,0.04898755
2000-07-01,Netherlands,2Y,5.159,5.106,0.052999999999999936,0.02048594,-0.00231932
2000-08-01,Netherlands,2Y,5.277,5.211,0.06599999999999984,-0.04765312,-0.036261
2000-09-01,Netherlands,2Y,5.122,5.043,0.07899999999999974,-0.03226793,-0.00031136
2000-10-01,Netherlands,2Y,5.215,5.082,0.133,0.02902834,0.0510063
2000-11-01,Netherlands,2Y,4.966,4.831,0.1349999999999998,-0.00713094,-0.01518934
2000-12-01,Netherlands,2Y,4.605,4.446,0.1590000000000007,-0.0010197,0.02324592
2001-01-01,Netherlands,2Y,4.48,4.386,0.0940000000000003,0.01139404,-0.00090513
2001-02-01,Netherlands,2Y,4.458,4.374,0.08400000000000052,-0.00204204,0.01927988
2001-03-01,Netherlands,2Y,4.311,4.138,0.17300000000000004,0.06859912,0.03120769
2001-04-01,Netherlands,2Y,4.703,4.626,0.07699999999999996,0.06421035,0.12710222
2001-05-01,Netherlands,2Y,4.487,4.386,0.10099999999999998,-0.13656878,-0.08779026
2001-06-01,Netherlands,2Y,4.369,4.281,0.08800000000000008,0.02854883,0.02396559
2001-07-01,Netherlands,2Y,4.186,4.134,0.0519999999999996,0.03007371,0.01514081
2001-08-01,Netherlands,2Y,3.959,3.947,0.01200000000000001,0.05079423,-0.02379363
2001-09-01,Netherlands,2Y,3.506,3.481,0.02499999999999991,0.0313824,-0.01387918
2001-10-01,Netherlands,2Y,3.143,3.14,0.0029999999999996696,0.04317789,0.06975827
2001-11-01,Netherlands,2Y,3.323,3.387,-0.06400000000000006,0.03107767,-0.00197459
2001-12-01,Netherlands,2Y,3.501,3.644,-0.13000000000000034,0.02660325,0.00333289
2002-01-01,Netherlands,2Y,3.97,3.902,0.06800000000000006,0.01003587,0.01147814
2002-02-01,Netherlands,2Y,3.919,3.872,0.04700000000000015,-0.00667414,0.03998737
2002-03-01,Netherlands,2Y,4.292,4.321,-0.027000000000000135,-3.086e-05,0.01296051
2002-04-01,Netherlands,2Y,4.049,4.07,-0.020999999999999908,-0.00247617,-0.01196426
2002-05-01,Netherlands,2Y,4.214,4.247,-0.032999999999999474,0.03218836,0.01597417
2002-06-01,Netherlands,2Y,3.861,3.925,-0.06399999999999961,0.01184929,-0.00618789
2002-07-01,Netherlands,2Y,3.525,3.618,-0.09299999999999997,0.00352277,-0.0116348
2002-08-01,Netherlands,2Y,3.429,3.477,-0.04800000000000004,0.01803811,-0.01560232
2002-09-01,Netherlands,2Y,3.007,3.071,-0.06400000000000006,0.01607403,-0.04022966
2002-10-01,Netherlands,2Y,3.006,3.081,-0.07500000000000018,0.02180133,0.01000217
2002-11-01,Netherlands,2Y,3.057,3.1,-0.04300000000000015,0.06594808,-0.03659766
2002-12-01,Netherlands,2Y,2.671,2.721,-0.050000000000000266,0.00595453,-0.05100643
2003-01-01,Netherlands,2Y,2.747,2.596,0.1509999999999998,-0.02700705,0.05207753
2003-02-01,Netherlands,2Y,2.448,2.295,0.15300000000000002,0.05532359,-0.03445075
2003-03-01,Netherlands,2Y,2.573,2.407,0.16599999999999993,0.06711294,-0.02143875
2003-04-01,Netherlands,2Y,2.543,2.427,0.1160000000000001,0.01825694,0.00312353
2003-05-01,Netherlands,2Y,2.236,2.116,0.1200000000000001,0.05561085,-0.01606747
2003-06-01,Netherlands,2Y,2.189,2.125,0.06400000000000006,0.00128217,-0.05865202
2003-07-01,Netherlands,2Y,2.507,2.456,0.051000000000000156,0.00179838,0.01282863
2003-08-01,Netherlands,2Y,2.63,2.593,0.03699999999999992,0.0,0.0
2003-09-01,Netherlands,2Y,2.268,2.297,-0.02900000000000036,0.00235118,-0.00730611
2003-10-01,Netherlands,2Y,2.623,2.686,-0.06299999999999972,0.03221462,-0.01758272
2003-11-01,Netherlands,2Y,3.003,2.812,0.19100000000000028,-0.00093229,0.00553257
2003-12-01,Netherlands,2Y,2.7,2.605,0.0950000000000002,0.01015649,-0.01957929
2004-01-01,Netherlands,2Y,2.585,2.524,0.06099999999999994,-0.0131573,0.00742273
2004-02-01,Netherlands,2Y,2.447,2.215,0.2320000000000002,-0.00162731,-0.00688155
2004-03-01,Netherlands,2Y,2.294,2.134,0.16000000000000014,0.01236658,0.02812953
2004-04-01,Netherlands,2Y,2.594,2.439,0.1549999999999998,0.04962089,0.02543383
2004-05-01,Netherlands,2Y,2.728,2.578,0.15000000000000036,0.01746509,-0.0065437
2004-06-01,Netherlands,2Y,2.77,2.723,0.04700000000000015,-0.01060389,-0.00014359
2004-07-01,Netherlands,2Y,2.661,2.626,0.03500000000000014,0.00862926,-0.00812276
2004-08-01,Netherlands,2Y,2.456,2.415,0.040999999999999925,-0.00139583,0.00217688
2004-09-01,Netherlands,2Y,2.545,2.583,-0.038000000000000256,0.0114091,0.00103921
2004-10-01,Netherlands,2Y,2.397,2.429,-0.03200000000000003,-0.00411348,-0.00801005
2004-11-01,Netherlands,2Y,2.325,2.351,-0.0259999999999998,-0.00031881,-0.00525612
2004-12-01,Netherlands,2Y,2.408,2.481,-0.07299999999999995,0.01785679,-0.00429348
2005-01-01,Netherlands,2Y,2.312,2.398,-0.0860000000000003,-0.01786635,-0.01631762
2005-02-01,Netherlands,2Y,2.372,2.491,-0.11900000000000022,0.00876981,-0.01224856
2005-03-01,Netherlands,2Y,2.333,2.492,-0.1589999999999998,-0.00906581,0.00175456
2005-04-01,Netherlands,2Y,2.125,2.248,-0.12300000000000022,0.00312037,-0.01689142
2005-05-01,Netherlands,2Y,2.194,2.141,0.052999999999999936,-0.00742018,0.0089191
2005-06-01,Netherlands,2Y,2.038,2.023,0.01499999999999968,0.01228622,0.00308786
2005-07-01,Netherlands,2Y,2.254,2.25,0.0040000000000000036,-0.01999819,0.03965357
2005-08-01,Netherlands,2Y,2.201,2.199,0.002000000000000224,0.00221244,-0.00113823
2005-09-01,Netherlands,2Y,2.365,2.394,-0.028999999999999915,-0.00616143,0.00137953
2005-10-01,Netherlands,2Y,2.61,2.629,-0.019000000000000128,-0.00725165,0.0053286
2005-11-01,Netherlands,2Y,2.756,2.76,-0.0040000000000000036,-0.02639035,0.01567596
2005-12-01,Netherlands,2Y,2.81,2.862,-0.052000000000000046,-0.02869513,0.00122556
2006-01-01,Netherlands,2Y,2.888,2.955,-0.06700000000000017,-0.01509696,-0.00771216
2006-02-01,Netherlands,2Y,3.039,3.021,0.018000000000000238,-0.00544505,-0.00324349
2006-03-01,Netherlands,2Y,3.286,3.29,-0.0040000000000000036,0.02163882,-0.01310347
2006-04-01,Netherlands,2Y,3.367,3.379,-0.01200000000000001,-0.05627657,-0.03601184
2006-05-01,Netherlands,2Y,3.377,3.355,0.021999999999999797,0.00017422,-0.00236101
2006-06-01,Netherlands,2Y,3.53,3.574,-0.04400000000000004,-0.03946736,-0.00172699
2006-07-01,Netherlands,2Y,3.485,3.512,-0.027000000000000135,0.01414146,0.00627523
2006-08-01,Netherlands,2Y,3.536,3.522,0.014000000000000234,0.01499431,0.01378088
2006-09-01,Netherlands,2Y,3.615,3.585,0.03000000000000025,0.0,0.0
2006-10-01,Netherlands,2Y,3.701,3.678,0.02300000000000013,-0.00312185,0.00292537
2006-11-01,Netherlands,2Y,3.688,3.658,0.03000000000000025,0.02599157,-0.03156989
2006-12-01,Netherlands,2Y,3.878,3.903,-0.02499999999999991,-0.01228785,0.03226851
2007-01-01,Netherlands,2Y,3.968,3.968,0.0,-0.04184531,-0.00062716
2007-02-01,Netherlands,2Y,3.943,3.876,0.06700000000000017,0.01201155,-0.00426155
2007-03-01,Netherlands,2Y,4.036,4.016,0.019999999999999574,0.00234815,0.00780903
2007-04-01,Netherlands,2Y,4.037,4.128,-0.09100000000000019,0.00848509,-0.01206177
2007-05-01,Netherlands,2Y,4.037,4.394,-0.3570000000000002,0.00231754,-0.00518441
2007-06-01,Netherlands,2Y,4.49,4.462,0.02800000000000047,3.95e-06,-0.00707298
2007-07-01,Netherlands,2Y,4.356,4.299,0.056999999999999496,0.00420353,-0.00350775
2007-08-01,Netherlands,2Y,4.074,4.013,0.06099999999999994,-7.551e-05,-0.00333671
2007-09-01,Netherlands,2Y,4.097,4.028,0.06900000000000084,-0.0363456,-0.00270934
2007-10-01,Netherlands,2Y,4.121,4.056,0.06500000000000039,0.00166756,-0.00365079
2007-11-01,Netherlands,2Y,3.918,3.831,0.08700000000000019,0.00101171,-0.02129922
2007-12-01,Netherlands,2Y,4.069,3.964,0.10499999999999998,0.02203938,-0.00235725
2008-01-01,Netherlands,2Y,3.461,3.373,0.08799999999999963,0.00854417,-0.01034839
2008-02-01,Netherlands,2Y,3.235,3.16,0.07499999999999973,-0.00565551,-0.04432311
2008-03-01,Netherlands,2Y,3.668,3.431,0.2370000000000001,0.03287918,-0.00319577
2008-04-01,Netherlands,2Y,3.86,3.757,0.10299999999999976,-0.00107664,0.00211722
2008-05-01,Netherlands,2Y,4.371,4.316,0.055000000000000604,0.0079654,-0.01921652
2008-06-01,Netherlands,2Y,4.716,4.597,0.11899999999999977,0.08718549,0.05944987
2008-07-01,Netherlands,2Y,4.358,4.26,0.09799999999999986,-0.08616599,0.0003162
2008-08-01,Netherlands,2Y,4.197,4.111,0.0860000000000003,-0.00047578,-0.0412033
2008-09-01,Netherlands,2Y,3.666,3.476,0.18999999999999995,0.02062448,-0.02765799
2008-10-01,Netherlands,2Y,2.963,2.542,0.42100000000000026,-0.00294813,-0.05476331
2008-11-01,Netherlands,2Y,2.458,2.188,0.27,0.14345953,0.0601037
2008-12-01,Netherlands,2Y,2.057,1.755,0.30200000000000005,0.07249163,-0.02195657
2009-01-01,Netherlands,2Y,1.833,1.532,0.30099999999999993,0.00570074,-0.03082516
2009-02-01,Netherlands,2Y,1.697,1.311,0.3860000000000001,-0.0142095,-0.04348585
2009-03-01,Netherlands,2Y,1.41,1.235,0.17499999999999982,-0.00508159,0.00953191
2009-04-01,Netherlands,2Y,1.479,1.337,0.14200000000000013,0.04361952,0.04035626
2009-05-01,Netherlands,2Y,1.594,1.419,0.17500000000000004,-0.00276712,-0.02144281
2009-06-01,Netherlands,2Y,1.509,1.365,0.1439999999999999,0.01914683,0.01991529
2009-07-01,Netherlands,2Y,1.35,1.263,0.08700000000000019,0.01967426,-0.08702865
2009-08-01,Netherlands,2Y,1.365,1.244,0.121,0.00382895,-0.00227106
2009-09-01,Netherlands,2Y,1.186,1.265,-0.07899999999999996,-0.01479861,-0.0288011
2009-10-01,Netherlands,2Y,1.242,1.288,-0.04600000000000004,-0.00631641,-0.01739833
2009-11-01,Netherlands,2Y,1.154,1.257,-0.10299999999999998,-0.03362904,0.01798103
2009-12-01,Netherlands,2Y,1.13,1.331,-0.20100000000000007,-0.03020061,-0.01008083
2010-01-01,Netherlands,2Y,1.208,1.118,0.08999999999999986,-6.14e-06,-0.01162683
2010-02-01,Netherlands,2Y,0.896,0.955,-0.05899999999999994,0.02809804,-0.03309557
2010-03-01,Netherlands,2Y,0.886,0.958,-0.07199999999999995,-0.01619472,0.00347371
2010-04-01,Netherlands,2Y,0.709,0.771,-0.062000000000000055,0.00539033,-0.00101855
2010-05-01,Netherlands,2Y,0.486,0.514,-0.028000000000000025,0.02627696,-0.01799763
2010-06-01,Netherlands,2Y,0.631,0.6,0.031000000000000028,-0.02371403,0.02024375
2010-07-01,Netherlands,2Y,0.756,0.784,-0.028000000000000025,0.00522594,0.04208827
2010-08-01,Netherlands,2Y,0.583,0.59,-0.007000000000000006,0.01420454,-0.02426078
2010-09-01,Netherlands,2Y,0.893,0.834,0.05900000000000005,-0.00294235,-0.01052608
2010-10-01,Netherlands,2Y,1.051,0.989,0.061999999999999944,-0.00279264,0.00162802
2010-11-01,Netherlands,2Y,0.885,0.856,0.029000000000000026,-0.00010904,-0.0080795
2010-12-01,Netherlands,2Y,0.735,0.864,-0.129,-0.00484115,-0.02320713
2011-01-01,Netherlands,2Y,1.245,1.368,-0.123,0.01844172,0.01740865
2011-02-01,Netherlands,2Y,1.285,1.511,-0.22599999999999998,-0.02451558,-0.01441031
2011-03-01,Netherlands,2Y,1.761,1.787,-0.026000000000000023,0.07028429,0.06022116
2011-04-01,Netherlands,2Y,1.756,1.767,-0.010999999999999899,-0.00244173,0.01943218
2011-05-01,Netherlands,2Y,1.529,1.601,-0.07200000000000006,-0.05955414,-0.04508166
2011-06-01,Netherlands,2Y,1.67,1.603,0.06699999999999995,-0.01534681,-0.00214682
2011-07-01,Netherlands,2Y,1.271,1.158,0.11299999999999999,-0.01354933,0.02770202
2011-08-01,Netherlands,2Y,0.791,0.714,0.07700000000000007,-0.04366301,-0.12013885
2011-09-01,Netherlands,2Y,0.629,0.547,0.08199999999999996,0.01207522,-0.01000965
2011-10-01,Netherlands,2Y,0.689,0.536,0.1529999999999999,0.10619898,0.05031052
2011-11-01,Netherlands,2Y,0.407,0.331,0.07599999999999996,-0.07192325,-0.0611927
2011-12-01,Netherlands,2Y,0.125,0.139,-0.014000000000000012,0.03349252,-0.03948307
2012-01-01,Netherlands,2Y,0.25,0.156,0.094,0.02629851,-0.02840244
2012-02-01,Netherlands,2Y,0.331,0.188,0.14300000000000002,-0.01433788,0.01535817
2012-03-01,Netherlands,2Y,0.346,0.204,0.142,0.00682966,-0.00830541
2012-04-01,Netherlands,2Y,0.378,0.076,0.302,0.00683135,-0.00606342
2012-05-01,Netherlands,2Y,0.263,0.007,0.263,0.04135716,-0.02621478
2012-06-01,Netherlands,2Y,0.276,0.12,0.15600000000000003,0.03338643,-0.00627108
2012-07-01,Netherlands,2Y,-0.038,-0.094,0.056,-0.0072012,-0.10685152
2012-08-01,Netherlands,2Y,0.034,-0.037,0.07100000000000001,0.10355838,-0.07344139
2012-09-01,Netherlands,2Y,0.062,0.018,0.044,-0.03500514,0.0388083
2012-10-01,Netherlands,2Y,0.067,0.035,0.032,0.00539462,-0.00081696
2012-11-01,Netherlands,2Y,0.057,0.007,0.05,0.00753017,0.00512519
2012-12-01,Netherlands,2Y,0.033,-0.021,0.054000000000000006,-0.0037345,-0.00486517
2013-01-01,Netherlands,2Y,0.36,0.266,0.09399999999999997,-0.00316676,0.01806952
2013-02-01,Netherlands,2Y,0.143,0.037,0.10599999999999998,-0.00649124,-0.0096722
2013-03-01,Netherlands,2Y,0.133,-0.026,0.159,0.00845211,0.00457824
2013-04-01,Netherlands,2Y,0.061,0.011,0.05,0.02524541,-0.02755056
2013-05-01,Netherlands,2Y,0.14,0.067,0.07300000000000001,-0.00548678,-0.005251
2013-06-01,Netherlands,2Y,0.239,0.187,0.05199999999999999,0.03220402,-0.01512024
2013-07-01,Netherlands,2Y,0.177,0.15,0.026999999999999996,-0.06055783,0.04203836
2013-08-01,Netherlands,2Y,0.259,0.235,0.02400000000000002,-0.0028711,0.01132435
2013-09-01,Netherlands,2Y,0.205,0.166,0.03899999999999998,-0.00632233,0.00132339
2013-10-01,Netherlands,2Y,0.164,0.113,0.051000000000000004,0.00677482,-0.00609358
2013-11-01,Netherlands,2Y,0.138,0.114,0.024000000000000007,-0.03543784,0.02352032
2013-12-01,Netherlands,2Y,0.196,0.207,-0.010999999999999982,0.0178962,-0.00423027
2014-01-01,Netherlands,2Y,0.194,0.066,0.128,0.0074008,-0.01504822
2014-02-01,Netherlands,2Y,0.222,0.127,0.095,0.0193551,0.02089548
2014-03-01,Netherlands,2Y,0.221,0.158,0.063,0.03148079,0.01102582
2014-04-01,Netherlands,2Y,0.207,0.14,0.06699999999999998,-0.01390848,0.03683678
2014-05-01,Netherlands,2Y,0.129,0.061,0.068,-0.00528758,0.01007157
2014-06-01,Netherlands,2Y,0.069,0.025,0.044000000000000004,-0.03637694,0.01209969
2014-07-01,Netherlands,2Y,0.04,0.022,0.018000000000000002,-0.01783726,0.01292655
2014-08-01,Netherlands,2Y,-0.003,-0.033,0.030000000000000002,0.00070312,0.00187773
2014-09-01,Netherlands,2Y,-0.038,-0.083,0.045000000000000005,-0.06422641,-0.00068183
2014-10-01,Netherlands,2Y,-0.019,-0.058,0.03900000000000001,0.05409899,-0.04887129
2014-11-01,Netherlands,2Y,-0.005,-0.034,0.029,-0.03680355,0.03947588
2014-12-01,Netherlands,2Y,-0.055,-0.11,0.055,0.05596263,-0.04833079
2015-01-01,Netherlands,2Y,-0.125,-0.187,0.062,-0.01922483,0.01173607
2015-02-01,Netherlands,2Y,-0.159,-0.229,0.07,0.0,0.0
2015-03-01,Netherlands,2Y,-0.2,-0.255,0.05499999999999999,0.00035536,-0.00385565
2015-04-01,Netherlands,2Y,-0.172,-0.224,0.05200000000000002,-0.00142985,0.00811493
2015-05-01,Netherlands,2Y,-0.2,-0.229,0.028999999999999998,0.0,0.0
2015-06-01,Netherlands,2Y,-0.199,-0.229,0.03,0.00884221,-0.01158719
2015-07-01,Netherlands,2Y,-0.211,-0.235,0.023999999999999994,-0.00145856,0.00208231
2015-08-01,Netherlands,2Y,-0.191,-0.207,0.015999999999999986,0.0,0.0
2015-09-01,Netherlands,2Y,-0.238,-0.255,0.017000000000000015,-0.03170106,0.0298776
2015-10-01,Netherlands,2Y,-0.31,-0.317,0.007000000000000006,-0.07457095,0.05369102
2015-11-01,Netherlands,2Y,-0.396,-0.419,0.022999999999999965,0.0,0.0
2015-12-01,Netherlands,2Y,-0.38,-0.349,-0.031000000000000028,0.16522564,-0.06777853
2016-01-01,Netherlands,2Y,-0.458,-0.49,0.03199999999999997,-0.02353204,0.00207732
2016-02-01,Netherlands,2Y,-0.501,-0.574,0.07299999999999995,0.0,0.0
2016-03-01,Netherlands,2Y,-0.49,-0.489,-0.0010000000000000009,0.00295142,0.04696157
2016-04-01,Netherlands,2Y,-0.476,-0.485,0.009000000000000008,0.00874813,-0.00714425
2016-05-01,Netherlands,2Y,-0.54,-0.517,-0.02300000000000002,0.0,0.0
2016-06-01,Netherlands,2Y,-0.599,-0.663,0.06400000000000006,0.01416894,-0.01469861
2016-07-01,Netherlands,2Y,-0.598,-0.632,0.03400000000000003,0.00420598,0.02136953
2016-08-01,Netherlands,2Y,-0.609,-0.625,0.016000000000000014,0.0,0.0
2016-09-01,Netherlands,2Y,-0.664,-0.693,0.028999999999999915,0.02928932,-0.01588046
2016-10-01,Netherlands,2Y,-0.619,-0.626,0.007000000000000006,-0.00343218,0.00288461
2016-11-01,Netherlands,2Y,-0.709,-0.735,0.026000000000000023,0.0,0.0
2016-12-01,Netherlands,2Y,-0.751,-0.8,0.049000000000000044,-0.02369548,0.02494524
2017-01-01,Netherlands,2Y,-0.659,-0.71,0.050999999999999934,-0.01136922,0.01125365
2017-02-01,Netherlands,2Y,-0.829,-0.909,0.08000000000000007,0.0,0.0
2017-03-01,Netherlands,2Y,-0.653,-0.75,0.09699999999999998,-0.01209542,0.01300103
2017-04-01,Netherlands,2Y,-0.66,-0.74,0.07999999999999996,-0.00220409,-0.00059132
2017-05-01,Netherlands,2Y,-0.664,-0.723,0.05899999999999994,0.0,0.0
2017-06-01,Netherlands,2Y,-0.576,-0.581,0.0050000000000000044,0.00468379,-0.00618022
2017-07-01,Netherlands,2Y,-0.66,-0.688,0.027999999999999914,-0.00745165,-0.00386945
2017-08-01,Netherlands,2Y,-0.708,-0.733,0.025000000000000022,0.0,0.0
2017-09-01,Netherlands,2Y,-0.691,-0.697,0.006000000000000005,-0.00127015,0.00235026
2017-10-01,Netherlands,2Y,-0.752,-0.754,0.0020000000000000018,-0.01205914,0.01350465
2017-11-01,Netherlands,2Y,-0.715,-0.69,-0.025000000000000022,0.0,0.0
2017-12-01,Netherlands,2Y,-0.689,-0.639,-0.04999999999999993,-0.00726541,0.00542794
2018-01-01,Netherlands,2Y,-0.593,-0.535,-0.05799999999999994,0.01937805,-0.01940399
2018-02-01,Netherlands,2Y,-0.649,-0.548,-0.10099999999999998,0.0,0.0
2018-03-01,Netherlands,2Y,-0.673,-0.613,-0.06000000000000005,-0.01997759,0.02238169
2018-04-01,Netherlands,2Y,-0.651,-0.592,-0.05900000000000005,0.00352961,-0.00433858
2018-05-01,Netherlands,2Y,-0.628,-0.667,0.039000000000000035,0.0,0.0
2018-06-01,Netherlands,2Y,-0.678,-0.674,-0.0040000000000000036,-0.04271677,0.03658385
2018-07-01,Netherlands,2Y,-0.606,-0.579,-0.027000000000000024,-0.00753783,0.00753783
2018-08-01,Netherlands,2Y,-0.616,-0.611,-0.0050000000000000044,0.0,0.0
2018-09-01,Netherlands,2Y,-0.561,-0.532,-0.029000000000000026,0.00550418,-0.00644394
2018-10-01,Netherlands,2Y,-0.677,-0.624,-0.05300000000000005,0.02001239,-0.01825893
2018-11-01,Netherlands,2Y,-0.655,-0.602,-0.05300000000000005,0.0,0.0
2018-12-01,Netherlands,2Y,-0.706,-0.62,-0.08599999999999997,-0.00415027,0.00355439
2019-01-01,Netherlands,2Y,-0.596,-0.569,-0.027000000000000024,0.0175893,-0.02145109
2019-02-01,Netherlands,2Y,-0.545,-0.528,-0.017000000000000015,0.0,0.0
2019-03-01,Netherlands,2Y,-0.604,-0.611,0.007000000000000006,0.00868726,-0.01442751
2019-04-01,Netherlands,2Y,-0.58,-0.59,0.010000000000000009,-0.00273599,-0.00018377
2019-05-01,Netherlands,2Y,-0.616,-0.673,0.05700000000000005,0.0,0.0
2019-06-01,Netherlands,2Y,-0.665,-0.758,0.09299999999999997,0.03058214,-0.0071408
2019-07-01,Netherlands,2Y,-0.776,-0.785,0.009000000000000008,0.04218756,-0.00506254
2019-08-01,Netherlands,2Y,-0.897,-0.933,0.03600000000000003,0.0,0.0
2019-09-01,Netherlands,2Y,-0.772,-0.773,0.0010000000000000009,0.03217407,0.03487853
2019-10-01,Netherlands,2Y,-0.662,-0.668,0.006000000000000005,0.00764552,-0.00665165
2019-11-01,Netherlands,2Y,-0.636,-0.636,0.0,0.0,0.0
2019-12-01,Netherlands,2Y,-0.614,-0.612,-0.0020000000000000018,-0.01029327,0.01098215
2020-01-01,Netherlands,2Y,-0.663,-0.674,0.01100000000000001,0.01788192,-0.01219238
2020-02-01,Netherlands,2Y,-0.724,-0.776,0.052000000000000046,0.0,0.0
2020-03-01,Netherlands,2Y,-0.662,-0.702,0.039999999999999925,0.18996661,-0.0646914
2020-04-01,Netherlands,2Y,-0.644,-0.777,0.133,0.04450687,-0.0282567
2020-05-01,Netherlands,2Y,-0.568,-0.668,0.10000000000000009,0.0,0.0
2020-06-01,Netherlands,2Y,-0.602,-0.695,0.09299999999999997,0.00075699,0.00221042
2020-07-01,Netherlands,2Y,-0.657,-0.72,0.06299999999999994,-0.01051453,0.00663075
2020-08-01,Netherlands,2Y,-0.61,-0.658,0.04800000000000004,0.0,0.0
2020-09-01,Netherlands,2Y,-0.664,-0.705,0.040999999999999925,-0.01137573,0.0209051
2020-10-01,Netherlands,2Y,-0.766,-0.798,0.03200000000000003,-0.04440888,0.03827308
2020-11-01,Netherlands,2Y,-0.729,-0.749,0.020000000000000018,0.0,0.0
2020-12-01,Netherlands,2Y,-0.729,-0.715,-0.014000000000000012,0.02960964,-0.0146942
2021-01-01,Netherlands,2Y,-0.711,-0.738,0.027000000000000024,0.01223291,-0.00964168
2021-02-01,Netherlands,2Y,-0.637,-0.668,0.031000000000000028,0.0,0.0
2021-03-01,Netherlands,2Y,-0.669,-0.695,0.025999999999999912,0.00286225,0.0097477
2021-04-01,Netherlands,2Y,-0.703,-0.69,-0.013000000000000012,0.00189025,-0.00343929
2021-05-01,Netherlands,2Y,-0.707,-0.668,-0.038999999999999924,0.0,0.0
2021-06-01,Netherlands,2Y,-0.705,-0.667,-0.03799999999999992,-0.01563274,0.01470217
2021-07-01,Netherlands,2Y,-0.818,-0.767,-0.050999999999999934,0.0073095,-0.00768279
2021-08-01,Netherlands,2Y,-0.756,-0.722,-0.03400000000000003,0.0,0.0
2021-09-01,Netherlands,2Y,-0.735,-0.695,-0.040000000000000036,-0.01404805,0.01567899
2021-10-01,Netherlands,2Y,-0.646,-0.591,-0.05500000000000005,0.00670146,-0.0061872
2021-11-01,Netherlands,2Y,-0.821,-0.746,-0.07499999999999996,0.0,0.0
2021-12-01,Netherlands,2Y,-0.734,-0.636,-0.09799999999999998,0.02039478,-0.02349587
2022-01-01,Netherlands,2Y,-0.471,-0.536,0.06500000000000006,0.0,0.0
2022-02-01,Netherlands,2Y,-0.46,-0.539,0.07900000000000001,0.03923857,-0.02262021
2022-03-01,Netherlands,2Y,0.019,-0.08,0.099,0.01158872,0.00288687
2022-04-01,Netherlands,2Y,0.342,0.254,0.08800000000000002,-0.02722772,-0.01209206
2022-05-01,Netherlands,2Y,0.496,0.494,0.0020000000000000018,0.0,0.0
2022-06-01,Netherlands,2Y,0.669,0.632,0.03700000000000003,0.04000315,-0.05017059
2022-07-01,Netherlands,2Y,0.31,0.264,0.045999999999999985,0.06062276,0.06828821
2022-08-01,Netherlands,2Y,1.149,1.184,-0.03499999999999992,0.0,0.0
2022-09-01,Netherlands,2Y,1.718,1.747,-0.029000000000000137,0.06553518,0.05123198
2022-10-01,Netherlands,2Y,1.919,1.927,-0.008000000000000007,-0.0484317,-0.00738864
2022-11-01,Netherlands,2Y,2.087,2.112,-0.02499999999999991,0.0,0.0
2022-12-01,Netherlands,2Y,2.741,2.738,0.0030000000000001137,0.08741766,-0.05187298
2023-01-01,Netherlands,2Y,2.673,2.644,0.028999999999999915,0.0,0.0
2023-02-01,Netherlands,2Y,3.117,3.128,-0.01100000000000012,-0.02825908,0.00739243
2023-03-01,Netherlands,2Y,2.621,2.673,-0.052000000000000046,0.06364707,0.13706177
2023-04-01,Netherlands,2Y,2.656,2.675,-0.018999999999999684,0.0,0.0
2023-05-01,Netherlands,2Y,2.719,2.707,0.01200000000000001,-0.05445383,-0.02205352
2023-06-01,Netherlands,2Y,3.159,3.188,-0.02900000000000036,0.00310685,0.01212789
2023-07-01,Netherlands,2Y,3.111,3.031,0.08000000000000007,-0.02931627,0.00761737
2023-08-01,Netherlands,2Y,3.019,2.967,0.052000000000000046,0.0,0.0
2023-09-01,Netherlands,2Y,3.26,3.198,0.06199999999999983,0.00399758,0.06922208
2023-10-01,Netherlands,2Y,3.145,3.011,0.1339999999999999,-0.02513959,0.0050286
2023-11-01,Netherlands,2Y,2.976,2.812,0.16400000000000015,0.0,0.0
2023-12-01,Netherlands,2Y,2.557,2.392,0.16500000000000004,0.03287603,-0.00518218
2024-01-01,Netherlands,2Y,2.729,2.415,0.31400000000000006,-0.04307478,0.00364715
2024-02-01,Netherlands,2Y,2.832,2.898,-0.06600000000000028,0.0,0.0
2024-03-01,Netherlands,2Y,2.744,2.846,-0.10199999999999987,-0.02470938,0.02110809
2024-04-01,Netherlands,2Y,3.026,3.03,-0.0040000000000000036,-0.00688623,0.00746176
2024-05-01,Netherlands,2Y,3.064,3.093,-0.028999999999999915,0.0,0.0
2024-06-01,Netherlands,2Y,2.832,2.828,0.0040000000000000036,0.01490844,0.0018587
2024-07-01,Netherlands,2Y,2.554,2.525,0.028999999999999915,-0.00635903,0.00050086
2024-08-01,Netherlands,2Y,2.406,2.388,0.018000000000000238,0.0,0.0
2024-09-01,Netherlands,2Y,2.092,2.064,0.028000000000000025,0.03255924,-0.01615053
2024-10-01,Netherlands,2Y,2.311,2.276,0.03500000000000014,-0.02068547,-0.01217264
2024-11-01,Netherlands,2Y,1.986,1.945,0.040999999999999925,0.0,0.0
2024-12-01,Netherlands,2Y,2.093,2.077,0.016000000000000014,0.00609036,0.02176619
2025-01-01,Netherlands,2Y,2.149,2.11,0.039000000000000146,-0.0087809,-0.00804116
2025-02-01,Netherlands,2Y,2.049,2.021,0.028000000000000025,0.0,0.0
2025-03-01,Netherlands,2Y,2.125,2.045,0.08000000000000007,-0.00193929,0.02623149
2025-04-01,Netherlands,2Y,1.777,1.683,0.09399999999999986,-0.03264565,-0.02455187
2025-05-01,Netherlands,2Y,1.835,1.772,0.06299999999999994,0.0,0.0
2025-06-01,Netherlands,2Y,1.897,1.857,0.040000000000000036,0.02367629,-0.00634498
2025-07-01,Netherlands,2Y,1.99,1.96,0.030000000000000027,0.02395822,-0.00106382
2025-08-01,Netherlands,2Y,1.97,1.937,0.03299999999999992,0.0,0.0
2025-09-01,Netherlands,2Y,2.033,2.018,0.015000000000000124,-0.01551833,0.00187802
2025-10-01,Netherlands,2Y,1.978,1.966,0.01200000000000001,-0.01065112,0.01192155
2025-11-01,Netherlands,2Y,2.022,2.026,-0.0040000000000000036,,
2025-12-01,Netherlands,2Y,2.066,2.12,-0.05400000000000027,,
2026-01-01,Netherlands,2Y,2.134,2.085,0.04899999999999993,,
2026-02-01,Netherlands,2Y,2.027,1.995,0.03200000000000003,,
2026-03-01,Netherlands,2Y,2.66,2.613,0.04700000000000015,,
2026-04-01,Netherlands,2Y,2.653,2.64,0.0129999999999999,,
2026-05-01,Netherlands,2Y,2.525,2.526,-0.0009999999999998899,,
2026-06-01,Netherlands,2Y,2.515,2.524,-0.008999999999999897,,
2026-07-01,Netherlands,2Y,2.792,2.817,-0.025000000000000355,,
2026-08-01,Netherlands,2Y,2.891,2.934,-0.04300000000000015,,
2026-09-01,Netherlands,2Y,3.231,3.26,-0.028999999999999915,,
1999-01-01,Netherlands,5Y,,3.127,,0.02914637,-0.06311121
1999-02-01,Netherlands,5Y,,3.406,,-0.00556514,0.00556514
1999-03-01,Netherlands,5Y,,3.228,,-0.00592203,0.00323799
1999-04-01,Netherlands,5Y,,3.089,,-0.00679893,-0.00330584
1999-05-01,Netherlands,5Y,3.42,3.317,0.10299999999999976,0.01543059,-0.00936631
1999-06-01,Netherlands,5Y,3.915,3.847,0.06800000000000006,0.00768436,-0.01317122
1999-07-01,Netherlands,5Y,4.312,4.186,0.12600000000000033,-0.00494872,0.02780708
1999-08-01,Netherlands,5Y,4.358,4.307,0.05099999999999927,0.00678846,-0.00826848
1999-09-01,Netherlands,5Y,4.488,4.424,0.06400000000000006,-0.04166781,-0.00527997
1999-10-01,Netherlands,5Y,4.87,4.641,0.2290000000000001,-0.06815947,-0.10613335
1999-11-01,Netherlands,5Y,4.817,4.632,0.1850000000000005,0.01057526,0.04684463
1999-12-01,Netherlands,5Y,5.063,4.79,0.266,-0.00790024,0.00763541
2000-01-01,Netherlands,5Y,5.287,5.052,0.23500000000000032,0.01150505,-0.02335973
2000-02-01,Netherlands,5Y,5.232,5.088,0.14400000000000013,-0.04027945,0.06481814
2000-03-01,Netherlands,5Y,5.032,4.854,0.17799999999999994,-0.06675806,-0.0176937
2000-04-01,Netherlands,5Y,5.15,4.998,0.15200000000000014,0.02378726,-0.01526446
2000-05-01,Netherlands,5Y,5.256,5.046,0.20999999999999996,-0.06400218,0.06313006
2000-06-01,Netherlands,5Y,5.175,5.022,0.15299999999999958,0.11366676,0.04898755
2000-07-01,Netherlands,5Y,5.264,5.141,0.12300000000000022,0.02048594,-0.00231932
2000-08-01,Netherlands,5Y,5.381,5.237,0.14400000000000013,-0.04765312,-0.036261
2000-09-01,Netherlands,5Y,5.214,5.057,0.15700000000000003,-0.03226793,-0.00031136
2000-10-01,Netherlands,5Y,5.207,5.073,0.13399999999999945,0.02902834,0.0510063
2000-11-01,Netherlands,5Y,4.954,4.828,0.12599999999999945,-0.00713094,-0.01518934
2000-12-01,Netherlands,5Y,4.724,4.508,0.2160000000000002,-0.0010197,0.02324592
2001-01-01,Netherlands,5Y,4.644,4.495,0.14900000000000002,0.01139404,-0.00090513
2001-02-01,Netherlands,5Y,4.608,4.482,0.12599999999999945,-0.00204204,0.01927988
2001-03-01,Netherlands,5Y,4.499,4.334,0.16500000000000004,0.06859912,0.03120769
2001-04-01,Netherlands,5Y,4.884,4.748,0.13600000000000012,0.06421035,0.12710222
2001-05-01,Netherlands,5Y,4.845,4.731,0.11399999999999988,-0.13656878,-0.08779026
2001-06-01,Netherlands,5Y,4.709,4.59,0.11899999999999977,0.02854883,0.02396559
2001-07-01,Netherlands,5Y,4.52,4.413,0.10699999999999932,0.03007371,0.01514081
2001-08-01,Netherlands,5Y,4.336,4.201,0.13500000000000068,0.05079423,-0.02379363
2001-09-01,Netherlands,5Y,4.132,4.062,0.0699999999999994,0.0313824,-0.01387918
2001-10-01,Netherlands,5Y,3.774,3.741,0.03299999999999992,0.04317789,0.06975827
2001-11-01,Netherlands,5Y,4.025,4.026,-0.0009999999999994458,0.03107767,-0.00197459
2001-12-01,Netherlands,5Y,4.363,4.386,0.006999999999999673,0.02660325,0.00333289
2002-01-01,Netherlands,5Y,4.67,4.505,0.16500000000000004,0.01003587,0.01147814
2002-02-01,Netherlands,5Y,4.643,4.546,0.09699999999999953,-0.00667414,0.03998737
2002-03-01,Netherlands,5Y,4.976,4.902,0.07200000000000006,-3.086e-05,0.01296051
2002-04-01,Netherlands,5Y,4.779,4.71,0.06899999999999995,-0.00247617,-0.01196426
2002-05-01,Netherlands,5Y,4.844,4.8,0.04400000000000048,0.03218836,0.01597417
2002-06-01,Netherlands,5Y,4.553,4.491,0.06200000000000028,0.01184929,-0.00618789
2002-07-01,Netherlands,5Y,4.266,4.196,0.07000000000000028,0.00352277,-0.0116348
2002-08-01,Netherlands,5Y,4.057,4.049,0.008000000000000007,0.01803811,-0.01560232
2002-09-01,Netherlands,5Y,3.628,3.601,0.027000000000000135,0.01607403,-0.04022966
2002-10-01,Netherlands,5Y,3.765,3.784,-0.018999999999999684,0.02180133,0.01000217
2002-11-01,Netherlands,5Y,3.743,3.8,-0.05699999999999994,0.06594808,-0.03659766
2002-12-01,Netherlands,5Y,3.315,3.395,-0.08000000000000007,0.00595453,-0.05100643
2003-01-01,Netherlands,5Y,3.432,3.266,0.16599999999999993,-0.02700705,0.05207753
2003-02-01,Netherlands,5Y,3.182,3.055,0.12699999999999978,0.05532359,-0.03445075
2003-03-01,Netherlands,5Y,3.323,3.24,0.08299999999999974,0.06711294,-0.02143875
2003-04-01,Netherlands,5Y,3.331,3.273,0.05799999999999983,0.01825694,0.00312353
2003-05-01,Netherlands,5Y,2.964,2.879,0.08499999999999996,0.05561085,-0.01606747
2003-06-01,Netherlands,5Y,3.001,2.949,0.052000000000000046,0.00128217,-0.05865202
2003-07-01,Netherlands,5Y,3.422,3.363,0.05900000000000016,0.00179838,0.01282863
2003-08-01,Netherlands,5Y,3.508,3.463,0.04499999999999993,0.0,0.0
2003-09-01,Netherlands,5Y,3.153,3.097,0.05600000000000005,0.00235118,-0.00730611
2003-10-01,Netherlands,5Y,3.579,3.601,-0.021999999999999797,0.03221462,-0.01758272
2003-11-01,Netherlands,5Y,3.833,3.743,0.0900000000000003,-0.00093229,0.00553257
2003-12-01,Netherlands,5Y,3.597,3.504,0.09299999999999997,0.01015649,-0.01957929
2004-01-01,Netherlands,5Y,3.511,3.402,0.10899999999999999,-0.0131573,0.00742273
2004-02-01,Netherlands,5Y,3.219,3.244,-0.025000000000000355,-0.00162731,-0.00688155
2004-03-01,Netherlands,5Y,3.063,3.093,-0.029999999999999805,0.01236658,0.02812953
2004-04-01,Netherlands,5Y,3.375,3.411,-0.03600000000000003,0.04962089,0.02543383
2004-05-01,Netherlands,5Y,3.539,3.578,-0.0389999999999997,0.01746509,-0.0065437
2004-06-01,Netherlands,5Y,3.545,3.572,-0.027000000000000135,-0.01060389,-0.00014359
2004-07-01,Netherlands,5Y,3.424,3.458,-0.03400000000000025,0.00862926,-0.00812276
2004-08-01,Netherlands,5Y,3.187,3.32,-0.133,-0.00139583,0.00217688
2004-09-01,Netherlands,5Y,3.194,3.317,-0.12300000000000022,0.0114091,0.00103921
2004-10-01,Netherlands,5Y,3.25,3.164,0.08599999999999985,-0.00411348,-0.00801005
2004-11-01,Netherlands,5Y,3.116,3.043,0.07299999999999995,-0.00031881,-0.00525612
2004-12-01,Netherlands,5Y,3.085,3.031,0.053999999999999826,0.01785679,-0.00429348
2005-01-01,Netherlands,5Y,2.976,2.927,0.04899999999999993,-0.01786635,-0.01631762
2005-02-01,Netherlands,5Y,3.132,3.076,0.05600000000000005,0.00876981,-0.01224856
2005-03-01,Netherlands,5Y,3.027,3.061,-0.03399999999999981,-0.00906581,0.00175456
2005-04-01,Netherlands,5Y,2.762,2.79,-0.028000000000000025,0.00312037,-0.01689142
2005-05-01,Netherlands,5Y,2.614,2.638,-0.02400000000000002,-0.00742018,0.0089191
2005-06-01,Netherlands,5Y,2.453,2.481,-0.028000000000000025,0.01228622,0.00308786
2005-07-01,Netherlands,5Y,2.619,2.647,-0.02799999999999958,-0.01999819,0.03965357
2005-08-01,Netherlands,5Y,2.514,2.539,-0.025000000000000355,0.00221244,-0.00113823
2005-09-01,Netherlands,5Y,2.66,2.732,-0.07200000000000006,-0.00616143,0.00137953
2005-10-01,Netherlands,5Y,2.929,3.007,-0.07800000000000029,-0.00725165,0.0053286
2005-11-01,Netherlands,5Y,3.075,3.093,-0.017999999999999794,-0.02639035,0.01567596
2005-12-01,Netherlands,5Y,3.035,3.068,-0.03299999999999992,-0.02869513,0.00122556
2006-01-01,Netherlands,5Y,3.192,3.22,-0.028000000000000025,-0.01509696,-0.00771216
2006-02-01,Netherlands,5Y,3.251,3.262,-0.01100000000000012,-0.00544505,-0.00324349
2006-03-01,Netherlands,5Y,3.536,3.585,-0.04899999999999993,0.02163882,-0.01310347
2006-04-01,Netherlands,5Y,3.671,3.735,-0.06400000000000006,-0.05627657,-0.03601184
2006-05-01,Netherlands,5Y,3.643,3.697,-0.05400000000000027,0.00017422,-0.00236101
2006-06-01,Netherlands,5Y,3.791,3.84,-0.04899999999999993,-0.03946736,-0.00172699
2006-07-01,Netherlands,5Y,3.716,3.695,0.02100000000000035,0.01414146,0.00627523
2006-08-01,Netherlands,5Y,3.598,3.588,0.009999999999999787,0.01499431,0.01378088
2006-09-01,Netherlands,5Y,3.615,3.628,-0.0129999999999999,0.0,0.0
2006-10-01,Netherlands,5Y,3.687,3.683,0.0040000000000000036,-0.00312185,0.00292537
2006-11-01,Netherlands,5Y,3.638,3.635,0.0030000000000001137,0.02599157,-0.03156989
2006-12-01,Netherlands,5Y,3.916,3.921,-0.004999999999999893,-0.01228785,0.03226851
2007-01-01,Netherlands,5Y,4.03,4.036,-0.005999999999999339,-0.04184531,-0.00062716
2007-02-01,Netherlands,5Y,3.893,3.892,0.0009999999999998899,0.01201155,-0.00426155
2007-03-01,Netherlands,5Y,4.022,4.018,0.004000000000000448,0.00234815,0.00780903
2007-04-01,Netherlands,5Y,4.131,4.134,-0.0030000000000001137,0.00848509,-0.01206177
2007-05-01,Netherlands,5Y,4.416,4.412,0.004000000000000448,0.00231754,-0.00518441
2007-06-01,Netherlands,5Y,4.562,4.527,0.03500000000000014,3.95e-06,-0.00707298
2007-07-01,Netherlands,5Y,4.381,4.319,0.06200000000000028,0.00420353,-0.00350775
2007-08-01,Netherlands,5Y,4.179,4.115,0.06400000000000006,-7.551e-05,-0.00333671
2007-09-01,Netherlands,5Y,4.218,4.163,0.054999999999999716,-0.0363456,-0.00270934
2007-10-01,Netherlands,5Y,4.178,4.132,0.04600000000000026,0.00166756,-0.00365079
2007-11-01,Netherlands,5Y,4.004,3.911,0.09299999999999953,0.00101171,-0.02129922
2007-12-01,Netherlands,5Y,4.181,4.119,0.06200000000000028,0.02203938,-0.00235725
2008-01-01,Netherlands,5Y,3.619,3.552,0.06700000000000017,0.00854417,-0.01034839
2008-02-01,Netherlands,5Y,3.475,3.368,0.1070000000000002,-0.00565551,-0.04432311
2008-03-01,Netherlands,5Y,3.74,3.6,0.14000000000000012,0.03287918,-0.00319577
2008-04-01,Netherlands,5Y,4.023,3.877,0.1459999999999999,-0.00107664,0.00211722
2008-05-01,Netherlands,5Y,4.396,4.303,0.09299999999999997,0.0079654,-0.01921652
2008-06-01,Netherlands,5Y,4.771,4.636,0.1349999999999998,0.08718549,0.05944987
2008-07-01,Netherlands,5Y,4.36,4.272,0.08800000000000008,-0.08616599,0.0003162
2008-08-01,Netherlands,5Y,4.204,4.095,0.10899999999999999,-0.00047578,-0.0412033
2008-09-01,Netherlands,5Y,4.002,3.768,0.23399999999999999,0.02062448,-0.02765799
2008-10-01,Netherlands,5Y,3.569,3.196,0.3729999999999998,-0.00294813,-0.05476331
2008-11-01,Netherlands,5Y,3.056,2.651,0.40500000000000025,0.14345953,0.0601037
2008-12-01,Netherlands,5Y,2.889,2.318,0.5709999999999997,0.07249163,-0.02195657
2009-01-01,Netherlands,5Y,2.982,2.494,0.488,0.00570074,-0.03082516
2009-02-01,Netherlands,5Y,2.765,2.234,0.5310000000000001,-0.0142095,-0.04348585
2009-03-01,Netherlands,5Y,2.558,2.233,0.32499999999999973,-0.00508159,0.00953191
2009-04-01,Netherlands,5Y,2.501,2.354,0.1469999999999998,0.04361952,0.04035626
2009-05-01,Netherlands,5Y,3.022,2.632,0.3899999999999997,-0.00276712,-0.02144281
2009-06-01,Netherlands,5Y,2.84,2.493,0.347,0.01914683,0.01991529
2009-07-01,Netherlands,5Y,2.649,2.406,0.24299999999999988,0.01967426,-0.08702865
2009-08-01,Netherlands,5Y,2.629,2.375,0.254,0.00382895,-0.00227106
2009-09-01,Netherlands,5Y,2.531,2.401,0.13000000000000034,-0.01479861,-0.0288011
2009-10-01,Netherlands,5Y,2.532,2.411,0.121,-0.00631641,-0.01739833
2009-11-01,Netherlands,5Y,2.373,2.233,0.14000000000000012,-0.03362904,0.01798103
2009-12-01,Netherlands,5Y,2.461,2.423,0.03799999999999981,-0.03020061,-0.01008083
2010-01-01,Netherlands,5Y,2.421,2.276,0.14500000000000002,-6.14e-06,-0.01162683
2010-02-01,Netherlands,5Y,2.251,2.127,0.12400000000000011,0.02809804,-0.03309557
2010-03-01,Netherlands,5Y,2.216,2.136,0.08000000000000007,-0.01619472,0.00347371
2010-04-01,Netherlands,5Y,2.044,1.968,0.07600000000000007,0.00539033,-0.00101855
2010-05-01,Netherlands,5Y,1.692,1.557,0.135,0.02627696,-0.01799763
2010-06-01,Netherlands,5Y,1.595,1.458,0.137,-0.02371403,0.02024375
2010-07-01,Netherlands,5Y,1.748,1.653,0.09499999999999997,0.00522594,0.04208827
2010-08-01,Netherlands,5Y,1.306,1.199,0.10699999999999998,0.01420454,-0.02426078
2010-09-01,Netherlands,5Y,1.629,1.483,0.1459999999999999,-0.00294235,-0.01052608
2010-10-01,Netherlands,5Y,1.792,1.712,0.08000000000000007,-0.00279264,0.00162802
2010-11-01,Netherlands,5Y,1.852,1.674,0.17800000000000016,-0.00010904,-0.0080795
2010-12-01,Netherlands,5Y,1.917,1.838,0.07899999999999996,-0.00484115,-0.02320713
2011-01-01,Netherlands,5Y,2.335,2.386,-0.051000000000000156,0.01844172,0.01740865
2011-02-01,Netherlands,5Y,2.35,2.386,-0.03600000000000003,-0.02451558,-0.01441031
2011-03-01,Netherlands,5Y,2.616,2.671,-0.054999999999999716,0.07028429,0.06022116
2011-04-01,Netherlands,5Y,2.574,2.599,-0.025000000000000355,-0.00244173,0.01943218
2011-05-01,Netherlands,5Y,2.296,2.277,0.018999999999999684,-0.05955414,-0.04508166
2011-06-01,Netherlands,5Y,2.577,2.277,0.2999999999999998,-0.01534681,-0.00214682
2011-07-01,Netherlands,5Y,2.057,1.719,0.33799999999999986,-0.01354933,0.02770202
2011-08-01,Netherlands,5Y,1.712,1.309,0.403,-0.04366301,-0.12013885
2011-09-01,Netherlands,5Y,1.461,1.165,0.29600000000000004,0.01207522,-0.01000965
2011-10-01,Netherlands,5Y,1.472,1.159,0.31299999999999994,0.10619898,0.05031052
2011-11-01,Netherlands,5Y,1.614,1.16,0.4540000000000002,-0.07192325,-0.0611927
2011-12-01,Netherlands,5Y,1.16,0.753,0.4069999999999999,0.03349252,-0.03948307
2012-01-01,Netherlands,5Y,1.02,0.736,0.28400000000000003,0.02629851,-0.02840244
2012-02-01,Netherlands,5Y,1.386,0.813,0.573,-0.01433788,0.01535817
2012-03-01,Netherlands,5Y,1.382,0.794,0.5879999999999999,0.00682966,-0.00830541
2012-04-01,Netherlands,5Y,1.329,0.599,0.73,0.00683135,-0.00606342
2012-05-01,Netherlands,5Y,0.897,0.336,0.5609999999999999,0.04135716,-0.02621478
2012-06-01,Netherlands,5Y,1.204,0.61,0.594,0.03338643,-0.00627108
2012-07-01,Netherlands,5Y,0.637,0.303,0.334,-0.0072012,-0.10685152
2012-08-01,Netherlands,5Y,0.697,0.333,0.36399999999999993,0.10355838,-0.07344139
2012-09-01,Netherlands,5Y,0.689,0.509,0.17999999999999994,-0.03500514,0.0388083
2012-10-01,Netherlands,5Y,0.693,0.491,0.20199999999999996,0.00539462,-0.00081696
2012-11-01,Netherlands,5Y,0.557,0.405,0.15200000000000002,0.00753017,0.00512519
2012-12-01,Netherlands,5Y,0.421,0.292,0.129,-0.0037345,-0.00486517
2013-01-01,Netherlands,5Y,0.838,0.762,0.07599999999999996,-0.00316676,0.01806952
2013-02-01,Netherlands,5Y,0.768,0.434,0.334,-0.00649124,-0.0096722
2013-03-01,Netherlands,5Y,0.705,0.311,0.39399999999999996,0.00845211,0.00457824
2013-04-01,Netherlands,5Y,0.545,0.332,0.21300000000000002,0.02524541,-0.02755056
2013-05-01,Netherlands,5Y,0.709,0.487,0.22199999999999998,-0.00548678,-0.005251
2013-06-01,Netherlands,5Y,1.277,0.734,0.5429999999999999,0.03220402,-0.01512024
2013-07-01,Netherlands,5Y,1.119,0.651,0.46799999999999997,-0.06055783,0.04203836
2013-08-01,Netherlands,5Y,1.327,0.817,0.51,-0.0028711,0.01132435
2013-09-01,Netherlands,5Y,1.194,0.791,0.4029999999999999,-0.00632233,0.00132339
2013-10-01,Netherlands,5Y,1.007,0.657,0.34999999999999987,0.00677482,-0.00609358
2013-11-01,Netherlands,5Y,0.973,0.651,0.32199999999999995,-0.03543784,0.02352032
2013-12-01,Netherlands,5Y,1.188,0.917,0.2709999999999999,0.0178962,-0.00423027
2014-01-01,Netherlands,5Y,0.852,0.649,0.20299999999999996,0.0074008,-0.01504822
2014-02-01,Netherlands,5Y,0.869,0.667,0.20199999999999996,0.0193551,0.02089548
2014-03-01,Netherlands,5Y,0.798,0.628,0.17000000000000004,0.03148079,0.01102582
2014-04-01,Netherlands,5Y,0.708,0.551,0.15699999999999992,-0.01390848,0.03683678
2014-05-01,Netherlands,5Y,0.542,0.428,0.11400000000000005,-0.00528758,0.01007157
2014-06-01,Netherlands,5Y,0.412,0.341,0.07099999999999995,-0.03637694,0.01209969
2014-07-01,Netherlands,5Y,0.33,0.301,0.029000000000000026,-0.01783726,0.01292655
2014-08-01,Netherlands,5Y,0.206,0.172,0.034,0.00070312,0.00187773
2014-09-01,Netherlands,5Y,0.304,0.146,0.158,-0.06422641,-0.00068183
2014-10-01,Netherlands,5Y,0.247,0.125,0.122,0.05409899,-0.04887129
2014-11-01,Netherlands,5Y,0.199,0.111,0.08800000000000001,-0.03680355,0.03947588
2014-12-01,Netherlands,5Y,0.095,0.008,0.087,0.05596263,-0.04833079
2015-01-01,Netherlands,5Y,-0.012,-0.051,0.03899999999999999,-0.01922483,0.01173607
2015-02-01,Netherlands,5Y,-0.051,-0.088,0.037,0.0,0.0
2015-03-01,Netherlands,5Y,-0.05,-0.102,0.05199999999999999,0.00035536,-0.00385565
2015-04-01,Netherlands,5Y,0.057,0.007,0.05,-0.00142985,0.00811493
2015-05-01,Netherlands,5Y,0.064,-0.004,0.068,0.0,0.0
2015-06-01,Netherlands,5Y,0.147,0.073,0.074,0.00884221,-0.01158719
2015-07-01,Netherlands,5Y,0.086,0.044,0.041999999999999996,-0.00145856,0.00208231
2015-08-01,Netherlands,5Y,0.173,0.126,0.046999999999999986,0.0,0.0
2015-09-01,Netherlands,5Y,0.044,-0.007,0.051,-0.03170106,0.0298776
2015-10-01,Netherlands,5Y,-0.045,-0.079,0.034,-0.07457095,0.05369102
2015-11-01,Netherlands,5Y,-0.135,-0.183,0.04799999999999999,0.0,0.0
2015-12-01,Netherlands,5Y,-0.042,-0.047,0.0049999999999999975,0.16522564,-0.06777853
2016-01-01,Netherlands,5Y,-0.276,-0.313,0.03699999999999998,-0.02353204,0.00207732
2016-02-01,Netherlands,5Y,-0.407,-0.408,0.0010000000000000009,0.0,0.0
2016-03-01,Netherlands,5Y,-0.34,-0.329,-0.01100000000000001,0.00295142,0.04696157
2016-04-01,Netherlands,5Y,-0.316,-0.289,-0.027000000000000024,0.00874813,-0.00714425
2016-05-01,Netherlands,5Y,-0.393,-0.378,-0.015000000000000013,0.0,0.0
2016-06-01,Netherlands,5Y,-0.422,-0.569,0.14699999999999996,0.01416894,-0.01469861
2016-07-01,Netherlands,5Y,-0.471,-0.529,0.05800000000000005,0.00420598,0.02136953
2016-08-01,Netherlands,5Y,-0.425,-0.504,0.07900000000000001,0.0,0.0
2016-09-01,Netherlands,5Y,-0.473,-0.577,0.10399999999999998,0.02928932,-0.01588046
2016-10-01,Netherlands,5Y,-0.316,-0.402,0.08600000000000002,-0.00343218,0.00288461
2016-11-01,Netherlands,5Y,-0.29,-0.432,0.14200000000000002,0.0,0.0
2016-12-01,Netherlands,5Y,-0.374,-0.543,0.16900000000000004,-0.02369548,0.02494524
2017-01-01,Netherlands,5Y,-0.197,-0.406,0.20900000000000002,-0.01136922,0.01125365
2017-02-01,Netherlands,5Y,-0.408,-0.575,0.16699999999999998,0.0,0.0
2017-03-01,Netherlands,5Y,-0.279,-0.386,0.10699999999999998,-0.01209542,0.01300103
2017-04-01,Netherlands,5Y,-0.325,-0.39,0.065,-0.00220409,-0.00059132
2017-05-01,Netherlands,5Y,-0.366,-0.435,0.069,0.0,0.0
2017-06-01,Netherlands,5Y,-0.197,-0.229,0.032,0.00468379,-0.00618022
2017-07-01,Netherlands,5Y,-0.245,-0.182,-0.063,-0.00745165,-0.00386945
2017-08-01,Netherlands,5Y,-0.374,-0.345,-0.029000000000000026,0.0,0.0
2017-09-01,Netherlands,5Y,-0.32,-0.269,-0.05099999999999999,-0.00127015,0.00235026
2017-10-01,Netherlands,5Y,-0.408,-0.351,-0.056999999999999995,-0.01205914,0.01350465
2017-11-01,Netherlands,5Y,-0.375,-0.31,-0.065,0.0,0.0
2017-12-01,Netherlands,5Y,-0.277,-0.207,-0.07000000000000003,-0.00726541,0.00542794
2018-01-01,Netherlands,5Y,-0.07,0.102,-0.172,0.01937805,-0.01940399
2018-02-01,Netherlands,5Y,-0.167,0.021,-0.188,0.0,0.0
2018-03-01,Netherlands,5Y,-0.277,-0.106,-0.17100000000000004,-0.01997759,0.02238169
2018-04-01,Netherlands,5Y,-0.245,-0.061,-0.184,0.00352961,-0.00433858
2018-05-01,Netherlands,5Y,-0.145,-0.275,0.13000000000000003,0.0,0.0
2018-06-01,Netherlands,5Y,-0.236,-0.306,0.07,-0.04271677,0.03658385
2018-07-01,Netherlands,5Y,-0.146,-0.128,-0.017999999999999988,-0.00753783,0.00753783
2018-08-01,Netherlands,5Y,-0.214,-0.233,0.019000000000000017,0.0,0.0
2018-09-01,Netherlands,5Y,-0.069,-0.092,0.022999999999999993,0.00550418,-0.00644394
2018-10-01,Netherlands,5Y,-0.164,-0.194,0.03,0.02001239,-0.01825893
2018-11-01,Netherlands,5Y,-0.249,-0.271,0.02200000000000002,0.0,0.0
2018-12-01,Netherlands,5Y,-0.292,-0.32,0.028000000000000025,-0.00415027,0.00355439
2019-01-01,Netherlands,5Y,-0.33,-0.318,-0.01200000000000001,0.0175893,-0.02145109
2019-02-01,Netherlands,5Y,-0.275,-0.279,0.0040000000000000036,0.0,0.0
2019-03-01,Netherlands,5Y,-0.442,-0.453,0.01100000000000001,0.00868726,-0.01442751
2019-04-01,Netherlands,5Y,-0.404,-0.416,0.011999999999999955,-0.00273599,-0.00018377
2019-05-01,Netherlands,5Y,-0.548,-0.582,0.03399999999999992,0.0,0.0
2019-06-01,Netherlands,5Y,-0.651,-0.666,0.015000000000000013,0.03058214,-0.0071408
2019-07-01,Netherlands,5Y,-0.676,-0.717,0.040999999999999925,0.04218756,-0.00506254
2019-08-01,Netherlands,5Y,-0.825,-0.927,0.10200000000000009,0.0,0.0
2019-09-01,Netherlands,5Y,-0.704,-0.775,0.07100000000000006,0.03217407,0.03487853
2019-10-01,Netherlands,5Y,-0.577,-0.628,0.051000000000000045,0.00764552,-0.00665165
2019-11-01,Netherlands,5Y,-0.537,-0.585,0.04799999999999993,0.0,0.0
2019-12-01,Netherlands,5Y,-0.43,-0.476,0.045999999999999985,-0.01029327,0.01098215
2020-01-01,Netherlands,5Y,-0.605,-0.644,0.039000000000000035,0.01788192,-0.01219238
2020-02-01,Netherlands,5Y,-0.702,-0.766,0.06400000000000006,0.0,0.0
2020-03-01,Netherlands,5Y,-0.596,-0.657,0.061000000000000054,0.18996661,-0.0646914
2020-04-01,Netherlands,5Y,-0.667,-0.77,0.10299999999999998,0.04450687,-0.0282567
2020-05-01,Netherlands,5Y,-0.581,-0.646,0.06500000000000006,0.0,0.0
2020-06-01,Netherlands,5Y,-0.626,-0.7,0.07399999999999995,0.00075699,0.00221042
2020-07-01,Netherlands,5Y,-0.647,-0.722,0.07499999999999996,-0.01051453,0.00663075
2020-08-01,Netherlands,5Y,-0.573,-0.631,0.05800000000000005,0.0,0.0
2020-09-01,Netherlands,5Y,-0.653,-0.713,0.05999999999999994,-0.01137573,0.0209051
2020-10-01,Netherlands,5Y,-0.746,-0.822,0.07599999999999996,-0.04440888,0.03827308
2020-11-01,Netherlands,5Y,-0.701,-0.754,0.05300000000000005,0.0,0.0
2020-12-01,Netherlands,5Y,-0.712,-0.742,0.030000000000000027,0.02960964,-0.0146942
2021-01-01,Netherlands,5Y,-0.705,-0.736,0.031000000000000028,0.01223291,-0.00964168
2021-02-01,Netherlands,5Y,-0.551,-0.569,0.017999999999999905,0.0,0.0
2021-03-01,Netherlands,5Y,-0.626,-0.629,0.0030000000000000027,0.00286225,0.0097477
2021-04-01,Netherlands,5Y,-0.494,-0.578,0.08399999999999996,0.00189025,-0.00343929
2021-05-01,Netherlands,5Y,-0.494,-0.568,0.07399999999999995,0.0,0.0
2021-06-01,Netherlands,5Y,-0.52,-0.589,0.06899999999999995,-0.01563274,0.01470217
2021-07-01,Netherlands,5Y,-0.722,-0.744,0.02200000000000002,0.0073095,-0.00768279
2021-08-01,Netherlands,5Y,-0.647,-0.68,0.03300000000000003,0.0,0.0
2021-09-01,Netherlands,5Y,-0.536,-0.558,0.02200000000000002,-0.01404805,0.01567899
2021-10-01,Netherlands,5Y,-0.368,-0.392,0.02400000000000002,0.00670146,-0.0061872
2021-11-01,Netherlands,5Y,-0.598,-0.622,0.02400000000000002,0.0,0.0
2021-12-01,Netherlands,5Y,-0.453,-0.461,0.008000000000000007,0.02039478,-0.02349587
2022-01-01,Netherlands,5Y,-0.165,-0.227,0.062,0.0,0.0
2022-02-01,Netherlands,5Y,-0.053,-0.164,0.11100000000000002,0.03923857,-0.02262021
2022-03-01,Netherlands,5Y,0.454,0.371,0.08300000000000002,0.01158872,0.00288687
2022-04-01,Netherlands,5Y,0.772,0.674,0.09799999999999998,-0.02722772,-0.01209206
2022-05-01,Netherlands,5Y,0.965,0.832,0.133,0.0,0.0
2022-06-01,Netherlands,5Y,1.165,1.056,0.10899999999999999,0.04000315,-0.05017059
2022-07-01,Netherlands,5Y,0.616,0.524,0.09199999999999997,0.06062276,0.06828821
2022-08-01,Netherlands,5Y,1.541,1.383,0.15799999999999992,0.0,0.0
2022-09-01,Netherlands,5Y,2.103,1.959,0.14400000000000013,0.06553518,0.05123198
2022-10-01,Netherlands,5Y,2.121,2.0,0.121,-0.0484317,-0.00738864
2022-11-01,Netherlands,5Y,2.037,1.929,0.10799999999999987,0.0,0.0
2022-12-01,Netherlands,5Y,2.711,2.566,0.14500000000000002,0.08741766,-0.05187298
2023-01-01,Netherlands,5Y,2.452,2.306,0.1459999999999999,0.0,0.0
2023-02-01,Netherlands,5Y,2.912,2.736,0.1759999999999997,-0.02825908,0.00739243
2023-03-01,Netherlands,5Y,2.502,2.305,0.19699999999999962,0.06364707,0.13706177
2023-04-01,Netherlands,5Y,2.524,2.3,0.2240000000000002,0.0,0.0
2023-05-01,Netherlands,5Y,2.497,2.275,0.22199999999999998,-0.05445383,-0.02205352
2023-06-01,Netherlands,5Y,2.764,2.546,0.21799999999999997,0.00310685,0.01212789
2023-07-01,Netherlands,5Y,2.764,2.533,0.23099999999999987,-0.02931627,0.00761737
2023-08-01,Netherlands,5Y,2.702,2.472,0.22999999999999998,0.0,0.0
2023-09-01,Netherlands,5Y,3.018,2.774,0.24399999999999977,0.00399758,0.06922208
2023-10-01,Netherlands,5Y,2.898,2.652,0.246,-0.02513959,0.0050286
2023-11-01,Netherlands,5Y,2.588,2.372,0.2160000000000002,0.0,0.0
2023-12-01,Netherlands,5Y,2.127,1.942,0.18499999999999983,0.03287603,-0.00518218
2024-01-01,Netherlands,5Y,2.239,2.049,0.18999999999999995,-0.04307478,0.00364715
2024-02-01,Netherlands,5Y,2.602,2.43,0.1719999999999997,0.0,0.0
2024-03-01,Netherlands,5Y,2.485,2.32,0.16500000000000004,-0.02470938,0.02110809
2024-04-01,Netherlands,5Y,2.76,2.615,0.14499999999999957,-0.00688623,0.00746176
2024-05-01,Netherlands,5Y,2.853,2.706,0.14700000000000024,0.0,0.0
2024-06-01,Netherlands,5Y,2.684,2.479,0.20500000000000007,0.01490844,0.0018587
2024-07-01,Netherlands,5Y,2.401,2.229,0.1719999999999997,-0.00635903,0.00050086
2024-08-01,Netherlands,5Y,2.358,2.187,0.17100000000000026,0.0,0.0
2024-09-01,Netherlands,5Y,2.111,1.944,0.16700000000000026,0.03255924,-0.01615053
2024-10-01,Netherlands,5Y,2.4,2.265,0.1349999999999998,-0.02068547,-0.01217264
2024-11-01,Netherlands,5Y,2.058,1.924,0.1339999999999999,0.0,0.0
2024-12-01,Netherlands,5Y,2.267,2.152,0.11499999999999977,0.00609036,0.02176619
2025-01-01,Netherlands,5Y,2.325,2.233,0.09200000000000008,-0.0087809,-0.00804116
2025-02-01,Netherlands,5Y,2.228,2.149,0.07900000000000018,0.0,0.0
2025-03-01,Netherlands,5Y,2.499,2.337,0.16199999999999992,-0.00193929,0.02623149
2025-04-01,Netherlands,5Y,2.161,1.984,0.17700000000000005,-0.03264565,-0.02455187
2025-05-01,Netherlands,5Y,2.218,2.063,0.1549999999999998,0.0,0.0
2025-06-01,Netherlands,5Y,2.321,2.169,0.15200000000000014,0.02367629,-0.00634498
2025-07-01,Netherlands,5Y,2.382,2.293,0.08899999999999997,0.02395822,-0.00106382
2025-08-01,Netherlands,5Y,2.36,2.256,0.10400000000000009,0.0,0.0
2025-09-01,Netherlands,5Y,2.39,2.308,0.0820000000000003,-0.01551833,0.00187802
2025-10-01,Netherlands,5Y,2.311,2.231,0.08000000000000007,-0.01065112,0.01192155
2025-11-01,Netherlands,5Y,2.358,2.287,0.07100000000000017,,
2025-12-01,Netherlands,5Y,2.5,2.447,0.052999999999999936,,
2026-01-01,Netherlands,5Y,2.476,2.416,0.06000000000000005,,
2026-02-01,Netherlands,5Y,2.299,2.237,0.06199999999999983,,
2026-03-01,Netherlands,5Y,2.797,2.725,0.07200000000000006,,
2026-04-01,Netherlands,5Y,2.807,2.746,0.06099999999999994,,
2026-05-01,Netherlands,5Y,2.683,2.636,0.04699999999999971,,
2026-06-01,Netherlands,5Y,2.652,2.594,0.058000000000000274,,
2026-07-01,Netherlands,5Y,2.972,2.941,0.03100000000000014,,
2026-08-01,Netherlands,5Y,3.081,3.062,0.019000000000000128,,
2026-09-01,Netherlands,5Y,3.352,3.333,0.018999999999999684,,
1999-01-01,Portugal,10Y,,3.632,,0.02914637,-0.06311121
1999-02-01,Portugal,10Y,,4.011,,-0.00556514,0.00556514
1999-03-01,Portugal,10Y,,4.001,,-0.00592203,0.00323799
1999-04-01,Portugal,10Y,,3.868,,-0.00679893,-0.00330584
1999-05-01,Portugal,10Y,4.455,4.116,0.3390000000000004,0.01543059,-0.00936631
1999-06-01,Portugal,10Y,4.847,4.511,0.3360000000000003,0.00768436,-0.01317122
1999-07-01,Portugal,10Y,5.165,4.811,0.3540000000000001,-0.00494872,0.02780708
1999-08-01,Portugal,10Y,5.282,4.891,0.391,0.00678846,-0.00826848
1999-09-01,Portugal,10Y,5.452,5.08,0.3719999999999999,-0.04166781,-0.00527997
1999-10-01,Portugal,10Y,5.459,5.157,0.3019999999999996,-0.06815947,-0.10613335
1999-11-01,Portugal,10Y,5.47,5.125,0.34499999999999975,0.01057526,0.04684463
1999-12-01,Portugal,10Y,5.668,5.355,0.3249999999999993,-0.00790024,0.00763541
2000-01-01,Portugal,10Y,5.897,5.541,0.35599999999999987,0.01150505,-0.02335973
2000-02-01,Portugal,10Y,5.8,5.5,0.2999999999999998,-0.04027945,0.06481814
2000-03-01,Portugal,10Y,5.52,5.216,0.3039999999999994,-0.06675806,-0.0176937
2000-04-01,Portugal,10Y,5.594,5.298,0.29600000000000026,0.02378726,-0.01526446
2000-05-01,Portugal,10Y,5.575,5.191,0.38400000000000034,-0.06400218,0.06313006
2000-06-01,Portugal,10Y,5.62,5.221,0.399,0.11366676,0.04898755
2000-07-01,Portugal,10Y,5.581,5.206,0.375,0.02048594,-0.00231932
2000-08-01,Portugal,10Y,5.67,5.298,0.3719999999999999,-0.04765312,-0.036261
2000-09-01,Portugal,10Y,5.609,5.23,0.37899999999999956,-0.03226793,-0.00031136
2000-10-01,Portugal,10Y,5.604,5.215,0.38900000000000023,0.02902834,0.0510063
2000-11-01,Portugal,10Y,5.381,5.0,0.3810000000000002,-0.00713094,-0.01518934
2000-12-01,Portugal,10Y,5.255,4.851,0.4039999999999999,-0.0010197,0.02324592
2001-01-01,Portugal,10Y,5.161,4.797,0.3639999999999999,0.01139404,-0.00090513
2001-02-01,Portugal,10Y,5.138,4.754,0.38400000000000034,-0.00204204,0.01927988
2001-03-01,Portugal,10Y,5.134,4.705,0.42900000000000027,0.06859912,0.03120769
2001-04-01,Portugal,10Y,5.449,5.032,0.4169999999999998,0.06421035,0.12710222
2001-05-01,Portugal,10Y,5.529,5.173,0.35599999999999987,-0.13656878,-0.08779026
2001-06-01,Portugal,10Y,5.485,5.102,0.383,0.02854883,0.02396559
2001-07-01,Portugal,10Y,5.264,4.88,0.38400000000000034,0.03007371,0.01514081
2001-08-01,Portugal,10Y,5.138,4.788,0.34999999999999964,0.05079423,-0.02379363
2001-09-01,Portugal,10Y,5.142,4.791,0.351,0.0313824,-0.01387918
2001-10-01,Portugal,10Y,4.705,4.397,0.30799999999999983,0.04317789,0.06975827
2001-11-01,Portugal,10Y,4.845,4.555,0.29000000000000004,0.03107767,-0.00197459
2001-12-01,Portugal,10Y,5.183,4.996,0.1869999999999994,0.02660325,0.00333289
2002-01-01,Portugal,10Y,5.126,4.905,0.22100000000000009,0.01003587,0.01147814
2002-02-01,Portugal,10Y,5.182,4.964,0.21799999999999997,-0.00667414,0.03998737
2002-03-01,Portugal,10Y,5.456,5.251,0.2079999999999993,-3.086e-05,0.01296051
2002-04-01,Portugal,10Y,5.36,5.122,0.23800000000000043,-0.00247617,-0.01196426
2002-05-01,Portugal,10Y,5.397,5.168,0.2290000000000001,0.03218836,0.01597417
2002-06-01,Portugal,10Y,5.204,4.942,0.26199999999999957,0.01184929,-0.00618789
2002-07-01,Portugal,10Y,5.024,4.752,0.27200000000000024,0.00352277,-0.0116348
2002-08-01,Portugal,10Y,4.817,4.568,0.24900000000000055,0.01803811,-0.01560232
2002-09-01,Portugal,10Y,4.525,4.272,0.2530000000000001,0.01607403,-0.04022966
2002-10-01,Portugal,10Y,4.702,4.511,0.19099999999999984,0.02180133,0.01000217
2002-11-01,Portugal,10Y,4.628,4.49,0.1379999999999999,0.06594808,-0.03659766
2002-12-01,Portugal,10Y,4.321,4.204,0.11699999999999999,0.00595453,-0.05100643
2003-01-01,Portugal,10Y,4.177,4.072,0.10499999999999954,-0.02700705,0.05207753
2003-02-01,Portugal,10Y,3.979,3.918,0.06099999999999994,0.05532359,-0.03445075
2003-03-01,Portugal,10Y,4.204,4.044,0.16000000000000014,0.06711294,-0.02143875
2003-04-01,Portugal,10Y,4.219,4.092,0.12700000000000067,0.01825694,0.00312353
2003-05-01,Portugal,10Y,3.871,3.721,0.1499999999999999,0.05561085,-0.01606747
2003-06-01,Portugal,10Y,3.936,3.802,0.1339999999999999,0.00128217,-0.05865202
2003-07-01,Portugal,10Y,4.3,4.19,0.10999999999999943,0.00179838,0.01282863
2003-08-01,Portugal,10Y,4.301,4.197,0.10400000000000009,0.0,0.0
2003-09-01,Portugal,10Y,4.112,3.995,0.11699999999999999,0.00235118,-0.00730611
2003-10-01,Portugal,10Y,4.467,4.331,0.13599999999999923,0.03221462,-0.01758272
2003-11-01,Portugal,10Y,4.601,4.457,0.14400000000000013,-0.00093229,0.00553257
2003-12-01,Portugal,10Y,4.443,4.292,0.1509999999999998,0.01015649,-0.01957929
2004-01-01,Portugal,10Y,4.404,4.24,0.1639999999999997,-0.0131573,0.00742273
2004-02-01,Portugal,10Y,4.21,4.051,0.1589999999999998,-0.00162731,-0.00688155
2004-03-01,Portugal,10Y,4.105,3.931,0.17400000000000038,0.01236658,0.02812953
2004-04-01,Portugal,10Y,4.32,4.175,0.14500000000000046,0.04962089,0.02543383
2004-05-01,Portugal,10Y,4.469,4.374,0.09500000000000064,0.01746509,-0.0065437
2004-06-01,Portugal,10Y,4.421,4.318,0.10300000000000065,-0.01060389,-0.00014359
2004-07-01,Portugal,10Y,4.31,4.216,0.09399999999999942,0.00862926,-0.00812276
2004-08-01,Portugal,10Y,4.112,4.023,0.08900000000000041,-0.00139583,0.00217688
2004-09-01,Portugal,10Y,4.07,3.991,0.07900000000000018,0.0114091,0.00103921
2004-10-01,Portugal,10Y,3.95,3.873,0.07699999999999996,-0.00411348,-0.00801005
2004-11-01,Portugal,10Y,3.785,3.793,-0.008000000000000007,-0.00031881,-0.00525612
2004-12-01,Portugal,10Y,3.676,3.683,-0.006999999999999673,0.01785679,-0.00429348
2005-01-01,Portugal,10Y,3.523,3.547,-0.02400000000000002,-0.01786635,-0.01631762
2005-02-01,Portugal,10Y,3.691,3.715,-0.02400000000000002,0.00876981,-0.01224856
2005-03-01,Portugal,10Y,3.697,3.622,0.07500000000000018,-0.00906581,0.00175456
2005-04-01,Portugal,10Y,3.697,3.396,0.30100000000000016,0.00312037,-0.01689142
2005-05-01,Portugal,10Y,3.697,3.274,0.42300000000000004,-0.00742018,0.0089191
2005-06-01,Portugal,10Y,3.697,3.134,0.5630000000000002,0.01228622,0.00308786
2005-07-01,Portugal,10Y,3.385,3.243,0.1419999999999999,-0.01999819,0.03965357
2005-08-01,Portugal,10Y,3.246,3.102,0.14400000000000013,0.00221244,-0.00113823
2005-09-01,Portugal,10Y,3.287,3.148,0.1389999999999998,-0.00616143,0.00137953
2005-10-01,Portugal,10Y,3.511,3.391,0.1200000000000001,-0.00725165,0.0053286
2005-11-01,Portugal,10Y,3.544,3.455,0.08899999999999997,-0.02639035,0.01567596
2005-12-01,Portugal,10Y,3.405,3.309,0.09599999999999964,-0.02869513,0.00122556
2006-01-01,Portugal,10Y,3.589,3.467,0.12199999999999989,-0.01509696,-0.00771216
2006-02-01,Portugal,10Y,3.529,3.489,0.040000000000000036,-0.00544505,-0.00324349
2006-03-01,Portugal,10Y,3.529,3.771,-0.242,0.02163882,-0.01310347
2006-04-01,Portugal,10Y,3.529,3.951,-0.42200000000000015,-0.05627657,-0.03601184
2006-05-01,Portugal,10Y,3.529,3.982,-0.4530000000000003,0.00017422,-0.00236101
2006-06-01,Portugal,10Y,3.529,4.071,-0.5419999999999998,-0.03946736,-0.00172699
2006-07-01,Portugal,10Y,4.091,3.921,0.17000000000000037,0.01414146,0.00627523
2006-08-01,Portugal,10Y,3.929,3.76,0.16900000000000004,0.01499431,0.01378088
2006-09-01,Portugal,10Y,3.882,3.709,0.17300000000000004,0.0,0.0
2006-10-01,Portugal,10Y,3.911,3.741,0.16999999999999993,-0.00312185,0.00292537
2006-11-01,Portugal,10Y,3.852,3.695,0.15700000000000003,0.02599157,-0.03156989
2006-12-01,Portugal,10Y,4.114,3.948,0.16599999999999993,-0.01228785,0.03226851
2007-01-01,Portugal,10Y,4.24,4.1,0.14000000000000057,-0.04184531,-0.00062716
2007-02-01,Portugal,10Y,4.098,3.957,0.14100000000000001,0.01201155,-0.00426155
2007-03-01,Portugal,10Y,4.206,4.057,0.14900000000000002,0.00234815,0.00780903
2007-04-01,Portugal,10Y,4.284,4.154,0.1299999999999999,0.00848509,-0.01206177
2007-05-01,Portugal,10Y,4.536,4.422,0.11399999999999988,0.00231754,-0.00518441
2007-06-01,Portugal,10Y,4.756,4.574,0.18200000000000038,3.95e-06,-0.00707298
2007-07-01,Portugal,10Y,4.609,4.347,0.26199999999999957,0.00420353,-0.00350775
2007-08-01,Portugal,10Y,4.498,4.242,0.2560000000000002,-7.551e-05,-0.00333671
2007-09-01,Portugal,10Y,4.556,4.329,0.2270000000000003,-0.0363456,-0.00270934
2007-10-01,Portugal,10Y,4.475,4.239,0.23599999999999977,0.00166756,-0.00365079
2007-11-01,Portugal,10Y,4.396,4.126,0.2699999999999996,0.00101171,-0.02129922
2007-12-01,Portugal,10Y,4.545,4.307,0.23799999999999955,0.02203938,-0.00235725
2008-01-01,Portugal,10Y,4.212,3.93,0.2819999999999996,0.00854417,-0.01034839
2008-02-01,Portugal,10Y,4.213,3.891,0.32200000000000006,-0.00565551,-0.04432311
2008-03-01,Portugal,10Y,4.418,3.899,0.5190000000000001,0.03287918,-0.00319577
2008-04-01,Portugal,10Y,4.569,4.123,0.44599999999999973,-0.00107664,0.00211722
2008-05-01,Portugal,10Y,4.785,4.405,0.3799999999999999,0.0079654,-0.01921652
2008-06-01,Portugal,10Y,5.072,4.621,0.4509999999999996,0.08718549,0.05944987
2008-07-01,Portugal,10Y,4.811,4.355,0.4559999999999995,-0.08616599,0.0003162
2008-08-01,Portugal,10Y,4.671,4.176,0.4950000000000001,-0.00047578,-0.0412033
2008-09-01,Portugal,10Y,4.712,4.015,0.6970000000000001,0.02062448,-0.02765799
2008-10-01,Portugal,10Y,4.824,3.9,0.9239999999999999,-0.00294813,-0.05476331
2008-11-01,Portugal,10Y,4.028,3.258,0.7699999999999996,0.14345953,0.0601037
2008-12-01,Portugal,10Y,3.973,2.951,1.0219999999999998,0.07249163,-0.02195657
2009-01-01,Portugal,10Y,4.588,3.296,1.2920000000000003,0.00570074,-0.03082516
2009-02-01,Portugal,10Y,4.579,3.112,1.4669999999999996,-0.0142095,-0.04348585
2009-03-01,Portugal,10Y,4.553,2.994,1.5589999999999997,-0.00508159,0.00953191
2009-04-01,Portugal,10Y,4.325,3.178,1.1470000000000002,0.04361952,0.04035626
2009-05-01,Portugal,10Y,4.414,3.589,0.8249999999999997,-0.00276712,-0.02144281
2009-06-01,Portugal,10Y,4.395,3.386,1.0089999999999995,0.01914683,0.01991529
2009-07-01,Portugal,10Y,3.928,3.3,0.6280000000000001,0.01967426,-0.08702865
2009-08-01,Portugal,10Y,3.893,3.257,0.6359999999999997,0.00382895,-0.00227106
2009-09-01,Portugal,10Y,3.851,3.22,0.6309999999999998,-0.01479861,-0.0288011
2009-10-01,Portugal,10Y,3.793,3.231,0.5620000000000003,-0.00631641,-0.01739833
2009-11-01,Portugal,10Y,3.754,3.159,0.5950000000000002,-0.03362904,0.01798103
2009-12-01,Portugal,10Y,4.069,3.387,0.6819999999999999,-0.03020061,-0.01008083
2010-01-01,Portugal,10Y,4.41,3.196,1.214,-6.14e-06,-0.01162683
2010-02-01,Portugal,10Y,4.215,3.101,1.1139999999999999,0.02809804,-0.03309557
2010-03-01,Portugal,10Y,4.219,3.092,1.1270000000000002,-0.01619472,0.00347371
2010-04-01,Portugal,10Y,5.139,3.017,2.1220000000000003,0.00539033,-0.00101855
2010-05-01,Portugal,10Y,4.681,2.66,2.021,0.02627696,-0.01799763
2010-06-01,Portugal,10Y,5.699,2.577,3.122,-0.02371403,0.02024375
2010-07-01,Portugal,10Y,5.193,2.669,2.5239999999999996,0.00522594,0.04208827
2010-08-01,Portugal,10Y,5.446,2.116,3.3299999999999996,0.01420454,-0.02426078
2010-09-01,Portugal,10Y,6.303,2.278,4.025,-0.00294235,-0.01052608
2010-10-01,Portugal,10Y,5.952,2.518,3.434,-0.00279264,0.00162802
2010-11-01,Portugal,10Y,6.974,2.67,4.304,-0.00010904,-0.0080795
2010-12-01,Portugal,10Y,6.601,2.963,3.638,-0.00484115,-0.02320713
2011-01-01,Portugal,10Y,6.939,3.153,3.786,0.01844172,0.01740865
2011-02-01,Portugal,10Y,7.367,3.169,4.198,-0.02451558,-0.01441031
2011-03-01,Portugal,10Y,8.304,3.352,4.952,0.07028429,0.06022116
2011-04-01,Portugal,10Y,9.498,3.238,6.26,-0.00244173,0.01943218
2011-05-01,Portugal,10Y,9.38,3.019,6.361000000000001,-0.05955414,-0.04508166
2011-06-01,Portugal,10Y,10.633,3.023,7.609999999999999,-0.01534681,-0.00214682
2011-07-01,Portugal,10Y,10.557,2.537,8.02,-0.01354933,0.02770202
2011-08-01,Portugal,10Y,10.118,2.217,7.901,-0.04366301,-0.12013885
2011-09-01,Portugal,10Y,10.678,1.885,8.793000000000001,0.01207522,-0.01000965
2011-10-01,Portugal,10Y,11.473,2.024,9.449000000000002,0.10619898,0.05031052
2011-11-01,Portugal,10Y,13.421,2.276,11.145,-0.07192325,-0.0611927
2011-12-01,Portugal,10Y,12.785,1.825,10.96,0.03349252,-0.03948307
2012-01-01,Portugal,10Y,15.669,1.786,13.883000000000001,0.02629851,-0.02840244
2012-02-01,Portugal,10Y,13.372,1.817,11.555,-0.01433788,0.01535817
2012-03-01,Portugal,10Y,11.252,1.792,9.46,0.00682966,-0.00830541
2012-04-01,Portugal,10Y,10.347,1.662,8.684999999999999,0.00683135,-0.00606342
2012-05-01,Portugal,10Y,11.739,1.199,10.540000000000001,0.04135716,-0.02621478
2012-06-01,Portugal,10Y,9.931,1.581,8.35,0.03338643,-0.00627108
2012-07-01,Portugal,10Y,10.986,1.284,9.702,-0.0072012,-0.10685152
2012-08-01,Portugal,10Y,9.147,1.333,7.814,0.10355838,-0.07344139
2012-09-01,Portugal,10Y,8.874,1.441,7.433000000000001,-0.03500514,0.0388083
2012-10-01,Portugal,10Y,8.071,1.462,6.609,0.00539462,-0.00081696
2012-11-01,Portugal,10Y,7.538,1.385,6.1530000000000005,0.00753017,0.00512519
2012-12-01,Portugal,10Y,6.881,1.314,5.567,-0.0037345,-0.00486517
2013-01-01,Portugal,10Y,6.063,1.679,4.3839999999999995,-0.00316676,0.01806952
2013-02-01,Portugal,10Y,6.244,1.453,4.7909999999999995,-0.00649124,-0.0096722
2013-03-01,Portugal,10Y,6.302,1.288,5.013999999999999,0.00845211,0.00457824
2013-04-01,Portugal,10Y,5.67,1.215,4.455,0.02524541,-0.02755056
2013-05-01,Portugal,10Y,5.554,1.504,4.050000000000001,-0.00548678,-0.005251
2013-06-01,Portugal,10Y,6.384,1.728,4.656000000000001,0.03220402,-0.01512024
2013-07-01,Portugal,10Y,6.332,1.669,4.663,-0.06055783,0.04203836
2013-08-01,Portugal,10Y,6.661,1.855,4.805999999999999,-0.0028711,0.01132435
2013-09-01,Portugal,10Y,6.596,1.778,4.818,-0.00632233,0.00132339
2013-10-01,Portugal,10Y,6.164,1.673,4.491,0.00677482,-0.00609358
2013-11-01,Portugal,10Y,5.829,1.692,4.137,-0.03543784,0.02352032
2013-12-01,Portugal,10Y,6.01,1.925,4.085,0.0178962,-0.00423027
2014-01-01,Portugal,10Y,4.985,1.658,3.3270000000000004,0.0074008,-0.01504822
2014-02-01,Portugal,10Y,4.838,1.623,3.215,0.0193551,0.02089548
2014-03-01,Portugal,10Y,4.055,1.565,2.4899999999999998,0.03148079,0.01102582
2014-04-01,Portugal,10Y,3.633,1.468,2.165,-0.01390848,0.03683678
2014-05-01,Portugal,10Y,3.609,1.357,2.252,-0.00528758,0.01007157
2014-06-01,Portugal,10Y,3.635,1.244,2.391,-0.03637694,0.01209969
2014-07-01,Portugal,10Y,3.602,1.154,2.448,-0.01783726,0.01292655
2014-08-01,Portugal,10Y,3.2,0.89,2.31,0.00070312,0.00187773
2014-09-01,Portugal,10Y,3.152,0.946,2.2060000000000004,-0.06422641,-0.00068183
2014-10-01,Portugal,10Y,3.206,0.84,2.366,0.05409899,-0.04887129
2014-11-01,Portugal,10Y,2.835,0.7,2.135,-0.03680355,0.03947588
2014-12-01,Portugal,10Y,2.654,0.538,2.1159999999999997,0.05596263,-0.04833079
2015-01-01,Portugal,10Y,2.624,0.302,2.322,-0.01922483,0.01173607
2015-02-01,Portugal,10Y,1.814,0.327,1.487,0.0,0.0
2015-03-01,Portugal,10Y,1.678,0.18,1.498,0.00035536,-0.00385565
2015-04-01,Portugal,10Y,2.092,0.364,1.7280000000000002,-0.00142985,0.00811493
2015-05-01,Portugal,10Y,2.549,0.486,2.0629999999999997,0.0,0.0
2015-06-01,Portugal,10Y,2.979,0.763,2.216,0.00884221,-0.01158719
2015-07-01,Portugal,10Y,2.38,0.643,1.7369999999999999,-0.00145856,0.00208231
2015-08-01,Portugal,10Y,2.641,0.797,1.8439999999999999,0.0,0.0
2015-09-01,Portugal,10Y,2.386,0.586,1.8000000000000003,-0.03170106,0.0298776
2015-10-01,Portugal,10Y,2.53,0.517,2.013,-0.07457095,0.05369102
2015-11-01,Portugal,10Y,2.315,0.472,1.843,0.0,0.0
2015-12-01,Portugal,10Y,2.504,0.628,1.876,0.16522564,-0.06777853
2016-01-01,Portugal,10Y,2.868,0.324,2.544,-0.02353204,0.00207732
2016-02-01,Portugal,10Y,2.976,0.106,2.87,0.0,0.0
2016-03-01,Portugal,10Y,2.932,0.152,2.78,0.00295142,0.04696157
2016-04-01,Portugal,10Y,3.148,0.271,2.8770000000000002,0.00874813,-0.00714425
2016-05-01,Portugal,10Y,3.048,0.138,2.91,0.0,0.0
2016-06-01,Portugal,10Y,2.99,-0.131,3.1210000000000004,0.01416894,-0.01469861
2016-07-01,Portugal,10Y,2.917,-0.121,3.038,0.00420598,0.02136953
2016-08-01,Portugal,10Y,3.026,-0.066,3.0919999999999996,0.0,0.0
2016-09-01,Portugal,10Y,3.313,-0.122,3.435,0.02928932,-0.01588046
2016-10-01,Portugal,10Y,3.301,0.161,3.14,-0.00343218,0.00288461
2016-11-01,Portugal,10Y,3.688,0.273,3.415,0.0,0.0
2016-12-01,Portugal,10Y,3.746,0.204,3.542,-0.02369548,0.02494524
2017-01-01,Portugal,10Y,4.161,0.434,3.7269999999999994,-0.01136922,0.01125365
2017-02-01,Portugal,10Y,3.854,0.206,3.648,0.0,0.0
2017-03-01,Portugal,10Y,3.954,0.325,3.629,-0.01209542,0.01300103
2017-04-01,Portugal,10Y,3.524,0.315,3.209,-0.00220409,-0.00059132
2017-05-01,Portugal,10Y,3.036,0.302,2.734,0.0,0.0
2017-06-01,Portugal,10Y,3.013,0.465,2.548,0.00468379,-0.00618022
2017-07-01,Portugal,10Y,2.846,0.541,2.305,-0.00745165,-0.00386945
2017-08-01,Portugal,10Y,2.807,0.36,2.447,0.0,0.0
2017-09-01,Portugal,10Y,2.364,0.462,1.902,-0.00127015,0.00235026
2017-10-01,Portugal,10Y,2.057,0.362,1.6949999999999998,-0.01205914,0.01350465
2017-11-01,Portugal,10Y,1.861,0.366,1.495,0.0,0.0
2017-12-01,Portugal,10Y,1.908,0.423,1.4849999999999999,-0.00726541,0.00542794
2018-01-01,Portugal,10Y,1.953,0.695,1.258,0.01937805,-0.01940399
2018-02-01,Portugal,10Y,1.976,0.653,1.323,0.0,0.0
2018-03-01,Portugal,10Y,1.596,0.494,1.102,-0.01997759,0.02238169
2018-04-01,Portugal,10Y,1.66,0.557,1.1029999999999998,0.00352961,-0.00433858
2018-05-01,Portugal,10Y,1.956,0.338,1.6179999999999999,0.0,0.0
2018-06-01,Portugal,10Y,1.776,0.3,1.476,-0.04271677,0.03658385
2018-07-01,Portugal,10Y,1.731,0.442,1.2890000000000001,-0.00753783,0.00753783
2018-08-01,Portugal,10Y,1.917,0.325,1.592,0.0,0.0
2018-09-01,Portugal,10Y,1.873,0.469,1.404,0.00550418,-0.00644394
2018-10-01,Portugal,10Y,1.869,0.384,1.4849999999999999,0.02001239,-0.01825893
2018-11-01,Portugal,10Y,1.823,0.312,1.511,0.0,0.0
2018-12-01,Portugal,10Y,1.714,0.239,1.475,-0.00415027,0.00355439
2019-01-01,Portugal,10Y,1.617,0.148,1.469,0.0175893,-0.02145109
2019-02-01,Portugal,10Y,1.467,0.182,1.2850000000000001,0.0,0.0
2019-03-01,Portugal,10Y,1.246,-0.072,1.318,0.00868726,-0.01442751
2019-04-01,Portugal,10Y,1.112,0.012,1.1,-0.00273599,-0.00018377
2019-05-01,Portugal,10Y,0.805,-0.204,1.0090000000000001,0.0,0.0
2019-06-01,Portugal,10Y,0.472,-0.329,0.8009999999999999,0.03058214,-0.0071408
2019-07-01,Portugal,10Y,0.34,-0.442,0.782,0.04218756,-0.00506254
2019-08-01,Portugal,10Y,0.119,-0.702,0.821,0.0,0.0
2019-09-01,Portugal,10Y,0.157,-0.573,0.73,0.03217407,0.03487853
2019-10-01,Portugal,10Y,0.162,-0.409,0.571,0.00764552,-0.00665165
2019-11-01,Portugal,10Y,0.396,-0.362,0.758,0.0,0.0
2019-12-01,Portugal,10Y,0.434,-0.188,0.622,-0.01029327,0.01098215
2020-01-01,Portugal,10Y,0.261,-0.436,0.6970000000000001,0.01788192,-0.01219238
2020-02-01,Portugal,10Y,0.347,-0.609,0.956,0.0,0.0
2020-03-01,Portugal,10Y,0.86,-0.474,1.334,0.18996661,-0.0646914
2020-04-01,Portugal,10Y,0.811,-0.589,1.4,0.04450687,-0.0282567
2020-05-01,Portugal,10Y,0.499,-0.449,0.948,0.0,0.0
2020-06-01,Portugal,10Y,0.471,-0.456,0.927,0.00075699,0.00221042
2020-07-01,Portugal,10Y,0.346,-0.525,0.871,-0.01051453,0.00663075
2020-08-01,Portugal,10Y,0.418,-0.398,0.8160000000000001,0.0,0.0
2020-09-01,Portugal,10Y,0.26,-0.523,0.783,-0.01137573,0.0209051
2020-10-01,Portugal,10Y,0.102,-0.628,0.73,-0.04440888,0.03827308
2020-11-01,Portugal,10Y,0.031,-0.572,0.603,0.0,0.0
2020-12-01,Portugal,10Y,0.026,-0.572,0.598,0.02960964,-0.0146942
2021-01-01,Portugal,10Y,0.036,-0.519,0.555,0.01223291,-0.00964168
2021-02-01,Portugal,10Y,0.313,-0.262,0.575,0.0,0.0
2021-03-01,Portugal,10Y,0.224,-0.293,0.517,0.00286225,0.0097477
2021-04-01,Portugal,10Y,0.477,-0.203,0.6799999999999999,0.00189025,-0.00343929
2021-05-01,Portugal,10Y,0.458,-0.188,0.646,0.0,0.0
2021-06-01,Portugal,10Y,0.388,-0.209,0.597,-0.01563274,0.01470217
2021-07-01,Portugal,10Y,0.171,-0.462,0.633,0.0073095,-0.00768279
2021-08-01,Portugal,10Y,0.21,-0.385,0.595,0.0,0.0
2021-09-01,Portugal,10Y,0.353,-0.2,0.5529999999999999,-0.01404805,0.01567899
2021-10-01,Portugal,10Y,0.517,-0.107,0.624,0.00670146,-0.0061872
2021-11-01,Portugal,10Y,0.327,-0.351,0.6779999999999999,0.0,0.0
2021-12-01,Portugal,10Y,0.462,-0.182,0.644,0.02039478,-0.02349587
2022-01-01,Portugal,10Y,0.662,0.009,0.653,0.0,0.0
2022-02-01,Portugal,10Y,0.992,0.132,0.86,0.03923857,-0.02262021
2022-03-01,Portugal,10Y,1.348,0.545,0.803,0.01158872,0.00288687
2022-04-01,Portugal,10Y,2.013,0.937,1.0759999999999998,-0.02722772,-0.01209206
2022-05-01,Portugal,10Y,2.252,1.12,1.1319999999999997,0.0,0.0
2022-06-01,Portugal,10Y,2.408,1.333,1.075,0.04000315,-0.05017059
2022-07-01,Portugal,10Y,1.836,0.814,1.0220000000000002,0.06062276,0.06828821
2022-08-01,Portugal,10Y,2.622,1.537,1.085,0.0,0.0
2022-09-01,Portugal,10Y,3.171,2.105,1.0659999999999998,0.06553518,0.05123198
2022-10-01,Portugal,10Y,3.135,2.139,0.996,-0.0484317,-0.00738864
2022-11-01,Portugal,10Y,2.871,1.926,0.9450000000000001,0.0,0.0
2022-12-01,Portugal,10Y,3.579,2.565,1.0140000000000002,0.08741766,-0.05187298
2023-01-01,Portugal,10Y,3.183,2.283,0.8999999999999999,0.0,0.0
2023-02-01,Portugal,10Y,3.505,2.648,0.8569999999999998,-0.02825908,0.00739243
2023-03-01,Portugal,10Y,3.111,2.289,0.8220000000000001,0.06364707,0.13706177
2023-04-01,Portugal,10Y,3.125,2.31,0.815,0.0,0.0
2023-05-01,Portugal,10Y,3.011,2.28,0.7310000000000003,-0.05445383,-0.02205352
2023-06-01,Portugal,10Y,3.111,2.39,0.7210000000000001,0.00310685,0.01212789
2023-07-01,Portugal,10Y,3.196,2.489,0.7070000000000003,-0.02931627,0.00761737
2023-08-01,Portugal,10Y,3.171,2.462,0.7089999999999996,0.0,0.0
2023-09-01,Portugal,10Y,3.579,2.838,0.7410000000000001,0.00399758,0.06922208
2023-10-01,Portugal,10Y,3.487,2.804,0.6830000000000003,-0.02513959,0.0050286
2023-11-01,Portugal,10Y,3.109,2.445,0.6640000000000001,0.0,0.0
2023-12-01,Portugal,10Y,2.626,2.021,0.605,0.03287603,-0.00518218
2024-01-01,Portugal,10Y,2.958,2.165,0.7930000000000001,-0.04307478,0.00364715
2024-02-01,Portugal,10Y,3.114,2.41,0.7039999999999997,0.0,0.0
2024-03-01,Portugal,10Y,2.993,2.297,0.6959999999999997,-0.02470938,0.02110809
2024-04-01,Portugal,10Y,3.198,2.583,0.6149999999999998,-0.00688623,0.00746176
2024-05-01,Portugal,10Y,3.251,2.663,0.5880000000000001,0.0,0.0
2024-06-01,Portugal,10Y,3.235,2.497,0.738,0.01490844,0.0018587
2024-07-01,Portugal,10Y,2.915,2.302,0.613,-0.00635903,0.00050086
2024-08-01,Portugal,10Y,2.902,2.298,0.6040000000000001,0.0,0.0
2024-09-01,Portugal,10Y,2.691,2.122,0.569,0.03255924,-0.01615053
2024-10-01,Portugal,10Y,2.791,2.388,0.403,-0.02068547,-0.01217264
2024-11-01,Portugal,10Y,2.531,2.086,0.4450000000000003,0.0,0.0
2024-12-01,Portugal,10Y,2.842,2.364,0.4780000000000002,0.00609036,0.02176619
2025-01-01,Portugal,10Y,2.869,2.458,0.41100000000000003,-0.0087809,-0.00804116
2025-02-01,Portugal,10Y,2.934,2.405,0.5290000000000004,0.0,0.0
2025-03-01,Portugal,10Y,3.255,2.736,0.5189999999999997,-0.00193929,0.02623149
2025-04-01,Portugal,10Y,3.001,2.443,0.5579999999999998,-0.03264565,-0.02455187
2025-05-01,Portugal,10Y,2.969,2.499,0.46999999999999975,0.0,0.0
2025-06-01,Portugal,10Y,3.053,2.605,0.44799999999999995,0.02367629,-0.00634498
2025-07-01,Portugal,10Y,3.115,2.693,0.42200000000000015,0.02395822,-0.00106382
2025-08-01,Portugal,10Y,3.176,2.723,0.4530000000000003,0.0,0.0
2025-09-01,Portugal,10Y,3.113,2.71,0.403,-0.01551833,0.00187802
2025-10-01,Portugal,10Y,2.989,2.632,0.35699999999999976,-0.01065112,0.01192155
2025-11-01,Portugal,10Y,3.002,2.688,0.3139999999999996,,
2025-12-01,Portugal,10Y,3.146,2.854,0.2919999999999998,,
2026-01-01,Portugal,10Y,3.197,2.842,0.355,,
2026-02-01,Portugal,10Y,2.999,2.643,0.3560000000000003,,
2026-03-01,Portugal,10Y,3.447,3.002,0.4450000000000003,,
2026-04-01,Portugal,10Y,3.438,3.035,0.403,,
2026-05-01,Portugal,10Y,3.295,2.937,0.3580000000000001,,
2026-06-01,Portugal,10Y,3.24,2.858,0.3820000000000001,,
2026-07-01,Portugal,10Y,3.546,3.205,0.34099999999999975,,
2026-08-01,Portugal,10Y,3.672,3.323,0.3490000000000002,,
2026-09-01,Portugal,10Y,3.879,3.516,0.363,,
1999-01-01,Portugal,2Y,,2.844,,0.02914637,-0.06311121
1999-02-01,Portugal,2Y,,3.128,,-0.00556514,0.00556514
1999-03-01,Portugal,2Y,,2.878,,-0.00592203,0.00323799
1999-04-01,Portugal,2Y,,2.694,,-0.00679893,-0.00330584
1999-05-01,Portugal,2Y,2.866,2.789,0.07699999999999996,0.01543059,-0.00936631
1999-06-01,Portugal,2Y,3.091,3.169,-0.07799999999999985,0.00768436,-0.01317122
1999-07-01,Portugal,2Y,3.353,3.389,-0.03599999999999959,-0.00494872,0.02780708
1999-08-01,Portugal,2Y,3.759,3.462,0.2969999999999997,0.00678846,-0.00826848
1999-09-01,Portugal,2Y,3.579,3.662,-0.08299999999999974,-0.04166781,-0.00527997
1999-10-01,Portugal,2Y,3.635,3.907,-0.27200000000000024,-0.06815947,-0.10613335
1999-11-01,Portugal,2Y,4.241,3.983,0.25799999999999956,0.01057526,0.04684463
1999-12-01,Portugal,2Y,4.418,4.208,0.19700000000000006,-0.00790024,0.00763541
2000-01-01,Portugal,2Y,4.552,4.385,0.16699999999999982,0.01150505,-0.02335973
2000-02-01,Portugal,2Y,4.564,4.439,0.125,-0.04027945,0.06481814
2000-03-01,Portugal,2Y,4.482,4.423,0.05900000000000016,-0.06675806,-0.0176937
2000-04-01,Portugal,2Y,4.755,4.594,0.1609999999999996,0.02378726,-0.01526446
2000-05-01,Portugal,2Y,5.104,4.942,0.16199999999999992,-0.06400218,0.06313006
2000-06-01,Portugal,2Y,5.139,4.95,0.18900000000000006,0.11366676,0.04898755
2000-07-01,Portugal,2Y,5.263,5.106,0.15700000000000003,0.02048594,-0.00231932
2000-08-01,Portugal,2Y,5.392,5.211,0.18100000000000005,-0.04765312,-0.036261
2000-09-01,Portugal,2Y,5.23,5.043,0.18700000000000028,-0.03226793,-0.00031136
2000-10-01,Portugal,2Y,5.283,5.082,0.2010000000000005,0.02902834,0.0510063
2000-11-01,Portugal,2Y,5.015,4.831,0.18399999999999928,-0.00713094,-0.01518934
2000-12-01,Portugal,2Y,4.716,4.446,0.27000000000000046,-0.0010197,0.02324592
2001-01-01,Portugal,2Y,4.554,4.386,0.16800000000000015,0.01139404,-0.00090513
2001-02-01,Portugal,2Y,4.586,4.374,0.21200000000000063,-0.00204204,0.01927988
2001-03-01,Portugal,2Y,4.355,4.138,0.21700000000000053,0.06859912,0.03120769
2001-04-01,Portugal,2Y,4.74,4.626,0.11399999999999988,0.06421035,0.12710222
2001-05-01,Portugal,2Y,4.484,4.386,0.09799999999999986,-0.13656878,-0.08779026
2001-06-01,Portugal,2Y,4.403,4.281,0.12199999999999989,0.02854883,0.02396559
2001-07-01,Portugal,2Y,4.266,4.134,0.13199999999999967,0.03007371,0.01514081
2001-08-01,Portugal,2Y,4.05,3.947,0.10299999999999976,0.05079423,-0.02379363
2001-09-01,Portugal,2Y,3.556,3.481,0.07500000000000018,0.0313824,-0.01387918
2001-10-01,Portugal,2Y,3.205,3.14,0.06499999999999995,0.04317789,0.06975827
2001-11-01,Portugal,2Y,3.36,3.387,-0.027000000000000135,0.03107767,-0.00197459
2001-12-01,Portugal,2Y,3.564,3.644,-0.08000000000000007,0.02660325,0.00333289
2002-01-01,Portugal,2Y,4.185,3.902,0.2829999999999995,0.01003587,0.01147814
2002-02-01,Portugal,2Y,4.127,3.872,0.2549999999999999,-0.00667414,0.03998737
2002-03-01,Portugal,2Y,4.518,4.321,0.1980000000000004,-3.086e-05,0.01296051
2002-04-01,Portugal,2Y,4.282,4.07,0.21199999999999974,-0.00247617,-0.01196426
2002-05-01,Portugal,2Y,4.445,4.247,0.1980000000000004,0.03218836,0.01597417
2002-06-01,Portugal,2Y,4.076,3.925,0.1509999999999998,0.01184929,-0.00618789
2002-07-01,Portugal,2Y,3.717,3.618,0.0990000000000002,0.00352277,-0.0116348
2002-08-01,Portugal,2Y,3.554,3.477,0.07699999999999996,0.01803811,-0.01560232
2002-09-01,Portugal,2Y,3.17,3.071,0.09899999999999975,0.01607403,-0.04022966
2002-10-01,Portugal,2Y,3.157,3.081,0.07600000000000007,0.02180133,0.01000217
2002-11-01,Portugal,2Y,3.16,3.1,0.06000000000000005,0.06594808,-0.03659766
2002-12-01,Portugal,2Y,2.752,2.721,0.030999999999999694,0.00595453,-0.05100643
2003-01-01,Portugal,2Y,2.627,2.596,0.030999999999999694,-0.02700705,0.05207753
2003-02-01,Portugal,2Y,2.333,2.295,0.038000000000000256,0.05532359,-0.03445075
2003-03-01,Portugal,2Y,2.661,2.407,0.254,0.06711294,-0.02143875
2003-04-01,Portugal,2Y,2.638,2.427,0.21099999999999985,0.01825694,0.00312353
2003-05-01,Portugal,2Y,2.305,2.116,0.18900000000000006,0.05561085,-0.01606747
2003-06-01,Portugal,2Y,2.276,2.125,0.1509999999999998,0.00128217,-0.05865202
2003-07-01,Portugal,2Y,2.618,2.456,0.16199999999999992,0.00179838,0.01282863
2003-08-01,Portugal,2Y,2.737,2.593,0.14400000000000013,0.0,0.0
2003-09-01,Portugal,2Y,2.362,2.297,0.06499999999999995,0.00235118,-0.00730611
2003-10-01,Portugal,2Y,2.745,2.686,0.05900000000000016,0.03221462,-0.01758272
2003-11-01,Portugal,2Y,2.856,2.812,0.04400000000000004,-0.00093229,0.00553257
2003-12-01,Portugal,2Y,2.553,2.605,-0.052000000000000046,0.01015649,-0.01957929
2004-01-01,Portugal,2Y,2.444,2.524,-0.08000000000000007,-0.0131573,0.00742273
2004-02-01,Portugal,2Y,2.158,2.215,-0.05699999999999994,-0.00162731,-0.00688155
2004-03-01,Portugal,2Y,2.017,2.134,-0.11699999999999999,0.01236658,0.02812953
2004-04-01,Portugal,2Y,2.29,2.439,-0.14900000000000002,0.04962089,0.02543383
2004-05-01,Portugal,2Y,2.412,2.578,-0.16599999999999993,0.01746509,-0.0065437
2004-06-01,Portugal,2Y,2.802,2.723,0.07900000000000018,-0.01060389,-0.00014359
2004-07-01,Portugal,2Y,2.697,2.626,0.07100000000000017,0.00862926,-0.00812276
2004-08-01,Portugal,2Y,2.49,2.415,0.07500000000000018,-0.00139583,0.00217688
2004-09-01,Portugal,2Y,2.562,2.583,-0.02100000000000035,0.0114091,0.00103921
2004-10-01,Portugal,2Y,2.436,2.429,0.007000000000000117,-0.00411348,-0.00801005
2004-11-01,Portugal,2Y,2.362,2.351,0.01100000000000012,-0.00031881,-0.00525612
2004-12-01,Portugal,2Y,2.375,2.481,-0.10599999999999987,0.01785679,-0.00429348
2005-01-01,Portugal,2Y,2.322,2.398,-0.07600000000000007,-0.01786635,-0.01631762
2005-02-01,Portugal,2Y,2.384,2.491,-0.1070000000000002,0.00876981,-0.01224856
2005-03-01,Portugal,2Y,2.613,2.492,0.121,-0.00906581,0.00175456
2005-04-01,Portugal,2Y,2.355,2.248,0.10699999999999976,0.00312037,-0.01689142
2005-05-01,Portugal,2Y,2.25,2.141,0.10899999999999999,-0.00742018,0.0089191
2005-06-01,Portugal,2Y,2.096,2.023,0.07299999999999995,0.01228622,0.00308786
2005-07-01,Portugal,2Y,2.295,2.25,0.04499999999999993,-0.01999819,0.03965357
2005-08-01,Portugal,2Y,2.256,2.199,0.05699999999999994,0.00221244,-0.00113823
2005-09-01,Portugal,2Y,2.408,2.394,0.01399999999999979,-0.00616143,0.00137953
2005-10-01,Portugal,2Y,2.645,2.629,0.016000000000000014,-0.00725165,0.0053286
2005-11-01,Portugal,2Y,2.781,2.76,0.02100000000000035,-0.02639035,0.01567596
2005-12-01,Portugal,2Y,2.849,2.862,-0.0129999999999999,-0.02869513,0.00122556
2006-01-01,Portugal,2Y,2.996,2.955,0.040999999999999925,-0.01509696,-0.00771216
2006-02-01,Portugal,2Y,3.174,3.021,0.15300000000000002,-0.00544505,-0.00324349
2006-03-01,Portugal,2Y,3.426,3.29,0.13600000000000012,0.02163882,-0.01310347
2006-04-01,Portugal,2Y,3.558,3.379,0.17899999999999983,-0.05627657,-0.03601184
2006-05-01,Portugal,2Y,3.547,3.355,0.19200000000000017,0.00017422,-0.00236101
2006-06-01,Portugal,2Y,3.655,3.574,0.08099999999999996,-0.03946736,-0.00172699
2006-07-01,Portugal,2Y,3.59,3.512,0.07799999999999985,0.01414146,0.00627523
2006-08-01,Portugal,2Y,3.571,3.522,0.04900000000000038,0.01499431,0.01378088
2006-09-01,Portugal,2Y,3.642,3.585,0.05699999999999994,0.0,0.0
2006-10-01,Portugal,2Y,3.725,3.678,0.04700000000000015,-0.00312185,0.00292537
2006-11-01,Portugal,2Y,3.698,3.658,0.040000000000000036,0.02599157,-0.03156989
2006-12-01,Portugal,2Y,3.913,3.903,0.009999999999999787,-0.01228785,0.03226851
2007-01-01,Portugal,2Y,4.007,3.968,0.0389999999999997,-0.04184531,-0.00062716
2007-02-01,Portugal,2Y,3.952,3.876,0.07600000000000007,0.01201155,-0.00426155
2007-03-01,Portugal,2Y,4.081,4.016,0.06500000000000039,0.00234815,0.00780903
2007-04-01,Portugal,2Y,4.199,4.128,0.07099999999999973,0.00848509,-0.01206177
2007-05-01,Portugal,2Y,4.482,4.394,0.08800000000000008,0.00231754,-0.00518441
2007-06-01,Portugal,2Y,4.576,4.462,0.11399999999999988,3.95e-06,-0.00707298
2007-07-01,Portugal,2Y,4.419,4.299,0.11999999999999922,0.00420353,-0.00350775
2007-08-01,Portugal,2Y,4.113,4.013,0.10000000000000053,-7.551e-05,-0.00333671
2007-09-01,Portugal,2Y,4.148,4.028,0.1200000000000001,-0.0363456,-0.00270934
2007-10-01,Portugal,2Y,4.154,4.056,0.09799999999999986,0.00166756,-0.00365079
2007-11-01,Portugal,2Y,3.95,3.831,0.11900000000000022,0.00101171,-0.02129922
2007-12-01,Portugal,2Y,4.116,3.964,0.1519999999999997,0.02203938,-0.00235725
2008-01-01,Portugal,2Y,3.61,3.373,0.23699999999999966,0.00854417,-0.01034839
2008-02-01,Portugal,2Y,3.451,3.16,0.2909999999999999,-0.00565551,-0.04432311
2008-03-01,Portugal,2Y,3.825,3.431,0.39400000000000013,0.03287918,-0.00319577
2008-04-01,Portugal,2Y,4.056,3.757,0.29899999999999993,-0.00107664,0.00211722
2008-05-01,Portugal,2Y,4.513,4.316,0.19700000000000006,0.0079654,-0.01921652
2008-06-01,Portugal,2Y,4.855,4.597,0.258,0.08718549,0.05944987
2008-07-01,Portugal,2Y,4.507,4.26,0.2469999999999999,-0.08616599,0.0003162
2008-08-01,Portugal,2Y,4.355,4.111,0.24400000000000066,-0.00047578,-0.0412033
2008-09-01,Portugal,2Y,3.934,3.476,0.4580000000000002,0.02062448,-0.02765799
2008-10-01,Portugal,2Y,3.239,2.542,0.6970000000000001,-0.00294813,-0.05476331
2008-11-01,Portugal,2Y,2.983,2.188,0.7949999999999999,0.14345953,0.0601037
2008-12-01,Portugal,2Y,2.557,1.755,0.802,0.07249163,-0.02195657
2009-01-01,Portugal,2Y,2.599,1.532,1.0670000000000002,0.00570074,-0.03082516
2009-02-01,Portugal,2Y,2.401,1.311,1.0899999999999999,-0.0142095,-0.04348585
2009-03-01,Portugal,2Y,2.088,1.235,0.853,-0.00508159,0.00953191
2009-04-01,Portugal,2Y,1.907,1.337,0.5700000000000001,0.04361952,0.04035626
2009-05-01,Portugal,2Y,1.729,1.419,0.31000000000000005,-0.00276712,-0.02144281
2009-06-01,Portugal,2Y,1.606,1.365,0.2410000000000001,0.01914683,0.01991529
2009-07-01,Portugal,2Y,1.51,1.263,0.2470000000000001,0.01967426,-0.08702865
2009-08-01,Portugal,2Y,1.506,1.244,0.262,0.00382895,-0.00227106
2009-09-01,Portugal,2Y,1.306,1.265,0.04100000000000015,-0.01479861,-0.0288011
2009-10-01,Portugal,2Y,1.358,1.288,0.07000000000000006,-0.00631641,-0.01739833
2009-11-01,Portugal,2Y,1.384,1.257,0.127,-0.03362904,0.01798103
2009-12-01,Portugal,2Y,1.525,1.331,0.19399999999999995,-0.03020061,-0.01008083
2010-01-01,Portugal,2Y,2.278,1.118,1.16,-6.14e-06,-0.01162683
2010-02-01,Portugal,2Y,2.041,0.955,1.0859999999999999,0.02809804,-0.03309557
2010-03-01,Portugal,2Y,1.686,0.958,0.728,-0.01619472,0.00347371
2010-04-01,Portugal,2Y,3.824,0.771,3.053,0.00539033,-0.00101855
2010-05-01,Portugal,2Y,2.675,0.514,2.1609999999999996,0.02627696,-0.01799763
2010-06-01,Portugal,2Y,3.368,0.6,2.768,-0.02371403,0.02024375
2010-07-01,Portugal,2Y,2.662,0.784,1.878,0.00522594,0.04208827
2010-08-01,Portugal,2Y,3.292,0.59,2.702,0.01420454,-0.02426078
2010-09-01,Portugal,2Y,4.157,0.834,3.323,-0.00294235,-0.01052608
2010-10-01,Portugal,2Y,3.252,0.989,2.263,-0.00279264,0.00162802
2010-11-01,Portugal,2Y,4.821,0.856,3.965,-0.00010904,-0.0080795
2010-12-01,Portugal,2Y,4.262,0.864,3.3979999999999997,-0.00484115,-0.02320713
2011-01-01,Portugal,2Y,4.151,1.368,2.7829999999999995,0.01844172,0.01740865
2011-02-01,Portugal,2Y,4.373,1.511,2.862,-0.02451558,-0.01441031
2011-03-01,Portugal,2Y,8.581,1.787,6.794,0.07028429,0.06022116
2011-04-01,Portugal,2Y,11.574,1.767,9.807,-0.00244173,0.01943218
2011-05-01,Portugal,2Y,10.546,1.601,8.945,-0.05955414,-0.04508166
2011-06-01,Portugal,2Y,12.539,1.603,10.936,-0.01534681,-0.00214682
2011-07-01,Portugal,2Y,13.787,1.158,12.629000000000001,-0.01354933,0.02770202
2011-08-01,Portugal,2Y,11.41,0.714,10.696,-0.04366301,-0.12013885
2011-09-01,Portugal,2Y,16.238,0.547,15.690999999999999,0.01207522,-0.01000965
2011-10-01,Portugal,2Y,17.342,0.536,16.805999999999997,0.10619898,0.05031052
2011-11-01,Portugal,2Y,17.357,0.331,17.026,-0.07192325,-0.0611927
2011-12-01,Portugal,2Y,14.504,0.139,14.365,0.03349252,-0.03948307
2012-01-01,Portugal,2Y,18.343,0.156,18.187,0.02629851,-0.02840244
2012-02-01,Portugal,2Y,11.904,0.188,11.716,-0.01433788,0.01535817
2012-03-01,Portugal,2Y,9.093,0.204,8.889,0.00682966,-0.00830541
2012-04-01,Portugal,2Y,7.837,0.076,7.761,0.00683135,-0.00606342
2012-05-01,Portugal,2Y,10.579,0.007,10.51,0.04135716,-0.02621478
2012-06-01,Portugal,2Y,7.422,0.12,7.302,0.03338643,-0.00627108
2012-07-01,Portugal,2Y,7.52,-0.094,7.614,-0.0072012,-0.10685152
2012-08-01,Portugal,2Y,5.184,-0.037,5.221,0.10355838,-0.07344139
2012-09-01,Portugal,2Y,4.748,0.018,4.73,-0.03500514,0.0388083
2012-10-01,Portugal,2Y,4.885,0.035,4.85,0.00539462,-0.00081696
2012-11-01,Portugal,2Y,3.713,0.007,3.706,0.00753017,0.00512519
2012-12-01,Portugal,2Y,3.264,-0.021,3.2849999999999997,-0.0037345,-0.00486517
2013-01-01,Portugal,2Y,3.047,0.266,2.781,-0.00316676,0.01806952
2013-02-01,Portugal,2Y,3.059,0.037,3.0220000000000002,-0.00649124,-0.0096722
2013-03-01,Portugal,2Y,2.914,-0.026,2.94,0.00845211,0.00457824
2013-04-01,Portugal,2Y,2.752,0.011,2.7409999999999997,0.02524541,-0.02755056
2013-05-01,Portugal,2Y,2.632,0.067,2.565,-0.00548678,-0.005251
2013-06-01,Portugal,2Y,3.334,0.187,3.1470000000000002,0.03220402,-0.01512024
2013-07-01,Portugal,2Y,3.347,0.15,3.197,-0.06055783,0.04203836
2013-08-01,Portugal,2Y,5.008,0.235,4.773,-0.0028711,0.01132435
2013-09-01,Portugal,2Y,5.058,0.166,4.8919999999999995,-0.00632233,0.00132339
2013-10-01,Portugal,2Y,3.669,0.113,3.556,0.00677482,-0.00609358
2013-11-01,Portugal,2Y,3.321,0.114,3.2070000000000003,-0.03543784,0.02352032
2013-12-01,Portugal,2Y,2.851,0.207,2.644,0.0178962,-0.00423027
2014-01-01,Portugal,2Y,2.442,0.066,2.3760000000000003,0.0074008,-0.01504822
2014-02-01,Portugal,2Y,1.739,0.127,1.612,0.0193551,0.02089548
2014-03-01,Portugal,2Y,1.327,0.158,1.169,0.03148079,0.01102582
2014-04-01,Portugal,2Y,1.101,0.14,0.961,-0.01390848,0.03683678
2014-05-01,Portugal,2Y,1.074,0.061,1.0130000000000001,-0.00528758,0.01007157
2014-06-01,Portugal,2Y,0.875,0.025,0.85,-0.03637694,0.01209969
2014-07-01,Portugal,2Y,0.715,0.022,0.693,-0.01783726,0.01292655
2014-08-01,Portugal,2Y,0.811,-0.033,0.8440000000000001,0.00070312,0.00187773
2014-09-01,Portugal,2Y,0.445,-0.083,0.528,-0.06422641,-0.00068183
2014-10-01,Portugal,2Y,0.857,-0.058,0.915,0.05409899,-0.04887129
2014-11-01,Portugal,2Y,0.473,-0.034,0.507,-0.03680355,0.03947588
2014-12-01,Portugal,2Y,0.391,-0.11,0.501,0.05596263,-0.04833079
2015-01-01,Portugal,2Y,0.322,-0.187,0.509,-0.01922483,0.01173607
2015-02-01,Portugal,2Y,0.226,-0.229,0.455,0.0,0.0
2015-03-01,Portugal,2Y,0.062,-0.255,0.317,0.00035536,-0.00385565
2015-04-01,Portugal,2Y,0.046,-0.224,0.27,-0.00142985,0.00811493
2015-05-01,Portugal,2Y,0.112,-0.229,0.341,0.0,0.0
2015-06-01,Portugal,2Y,0.049,-0.229,0.278,0.00884221,-0.01158719
2015-07-01,Portugal,2Y,0.365,-0.235,0.6,-0.00145856,0.00208231
2015-08-01,Portugal,2Y,0.379,-0.207,0.586,0.0,0.0
2015-09-01,Portugal,2Y,0.301,-0.255,0.556,-0.03170106,0.0298776
2015-10-01,Portugal,2Y,0.321,-0.317,0.638,-0.07457095,0.05369102
2015-11-01,Portugal,2Y,0.134,-0.419,0.5529999999999999,0.0,0.0
2015-12-01,Portugal,2Y,0.092,-0.349,0.44099999999999995,0.16522564,-0.06777853
2016-01-01,Portugal,2Y,0.347,-0.49,0.837,-0.02353204,0.00207732
2016-02-01,Portugal,2Y,0.645,-0.574,1.2189999999999999,0.0,0.0
2016-03-01,Portugal,2Y,0.562,-0.489,1.0510000000000002,0.00295142,0.04696157
2016-04-01,Portugal,2Y,0.667,-0.485,1.1520000000000001,0.00874813,-0.00714425
2016-05-01,Portugal,2Y,0.482,-0.517,0.999,0.0,0.0
2016-06-01,Portugal,2Y,0.556,-0.663,1.219,0.01416894,-0.01469861
2016-07-01,Portugal,2Y,0.436,-0.632,1.068,0.00420598,0.02136953
2016-08-01,Portugal,2Y,0.506,-0.625,1.131,0.0,0.0
2016-09-01,Portugal,2Y,0.361,-0.693,1.0539999999999998,0.02928932,-0.01588046
2016-10-01,Portugal,2Y,0.337,-0.626,0.9630000000000001,-0.00343218,0.00288461
2016-11-01,Portugal,2Y,0.307,-0.735,1.042,0.0,0.0
2016-12-01,Portugal,2Y,-0.026,-0.8,0.774,-0.02369548,0.02494524
2017-01-01,Portugal,2Y,0.003,-0.71,0.713,-0.01136922,0.01125365
2017-02-01,Portugal,2Y,-0.029,-0.909,0.88,0.0,0.0
2017-03-01,Portugal,2Y,0.551,-0.75,1.3010000000000002,-0.01209542,0.01300103
2017-04-01,Portugal,2Y,0.364,-0.74,1.104,-0.00220409,-0.00059132
2017-05-01,Portugal,2Y,0.222,-0.723,0.945,0.0,0.0
2017-06-01,Portugal,2Y,0.089,-0.581,0.6699999999999999,0.00468379,-0.00618022
2017-07-01,Portugal,2Y,0.063,-0.688,0.7509999999999999,-0.00745165,-0.00386945
2017-08-01,Portugal,2Y,-0.052,-0.733,0.6809999999999999,0.0,0.0
2017-09-01,Portugal,2Y,-0.064,-0.697,0.633,-0.00127015,0.00235026
2017-10-01,Portugal,2Y,-0.176,-0.754,0.5780000000000001,-0.01205914,0.01350465
2017-11-01,Portugal,2Y,-0.27,-0.69,0.41999999999999993,0.0,0.0
2017-12-01,Portugal,2Y,-0.172,-0.639,0.467,-0.00726541,0.00542794
2018-01-01,Portugal,2Y,-0.11,-0.535,0.42500000000000004,0.01937805,-0.01940399
2018-02-01,Portugal,2Y,-0.049,-0.548,0.49900000000000005,0.0,0.0
2018-03-01,Portugal,2Y,-0.233,-0.613,0.38,-0.01997759,0.02238169
2018-04-01,Portugal,2Y,-0.206,-0.592,0.386,0.00352961,-0.00433858
2018-05-01,Portugal,2Y,-0.068,-0.667,0.599,0.0,0.0
2018-06-01,Portugal,2Y,-0.147,-0.674,0.527,-0.04271677,0.03658385
2018-07-01,Portugal,2Y,-0.21,-0.579,0.369,-0.00753783,0.00753783
2018-08-01,Portugal,2Y,-0.127,-0.611,0.484,0.0,0.0
2018-09-01,Portugal,2Y,-0.096,-0.532,0.43600000000000005,0.00550418,-0.00644394
2018-10-01,Portugal,2Y,-0.148,-0.624,0.476,0.02001239,-0.01825893
2018-11-01,Portugal,2Y,-0.221,-0.602,0.381,0.0,0.0
2018-12-01,Portugal,2Y,-0.376,-0.62,0.244,-0.00415027,0.00355439
2019-01-01,Portugal,2Y,-0.218,-0.569,0.351,0.0175893,-0.02145109
2019-02-01,Portugal,2Y,-0.254,-0.528,0.274,0.0,0.0
2019-03-01,Portugal,2Y,-0.319,-0.611,0.292,0.00868726,-0.01442751
2019-04-01,Portugal,2Y,-0.36,-0.59,0.22999999999999998,-0.00273599,-0.00018377
2019-05-01,Portugal,2Y,-0.402,-0.673,0.271,0.0,0.0
2019-06-01,Portugal,2Y,-0.43,-0.758,0.328,0.03058214,-0.0071408
2019-07-01,Portugal,2Y,-0.563,-0.785,0.2220000000000001,0.04218756,-0.00506254
2019-08-01,Portugal,2Y,-0.651,-0.933,0.28200000000000003,0.0,0.0
2019-09-01,Portugal,2Y,-0.607,-0.773,0.16600000000000004,0.03217407,0.03487853
2019-10-01,Portugal,2Y,-0.563,-0.668,0.1050000000000001,0.00764552,-0.00665165
2019-11-01,Portugal,2Y,-0.555,-0.636,0.08099999999999996,0.0,0.0
2019-12-01,Portugal,2Y,-0.569,-0.612,0.04300000000000004,-0.01029327,0.01098215
2020-01-01,Portugal,2Y,-0.455,-0.674,0.21900000000000003,0.01788192,-0.01219238
2020-02-01,Portugal,2Y,-0.366,-0.776,0.41000000000000003,0.0,0.0
2020-03-01,Portugal,2Y,-0.076,-0.702,0.626,0.18996661,-0.0646914
2020-04-01,Portugal,2Y,-0.205,-0.777,0.5720000000000001,0.04450687,-0.0282567
2020-05-01,Portugal,2Y,-0.427,-0.668,0.24100000000000005,0.0,0.0
2020-06-01,Portugal,2Y,-0.482,-0.695,0.21299999999999997,0.00075699,0.00221042
2020-07-01,Portugal,2Y,-0.46,-0.72,0.25999999999999995,-0.01051453,0.00663075
2020-08-01,Portugal,2Y,-0.494,-0.658,0.16400000000000003,0.0,0.0
2020-09-01,Portugal,2Y,-0.575,-0.705,0.13,-0.01137573,0.0209051
2020-10-01,Portugal,2Y,-0.603,-0.798,0.19500000000000006,-0.04440888,0.03827308
2020-11-01,Portugal,2Y,-0.685,-0.749,0.06399999999999995,0.0,0.0
2020-12-01,Portugal,2Y,-0.734,-0.715,-0.019000000000000017,0.02960964,-0.0146942
2021-01-01,Portugal,2Y,-0.688,-0.738,0.050000000000000044,0.01223291,-0.00964168
2021-02-01,Portugal,2Y,-0.53,-0.668,0.138,0.0,0.0
2021-03-01,Portugal,2Y,-0.565,-0.695,0.13,0.00286225,0.0097477
2021-04-01,Portugal,2Y,-0.539,-0.69,0.1509999999999999,0.00189025,-0.00343929
2021-05-01,Portugal,2Y,-0.567,-0.668,0.10100000000000009,0.0,0.0
2021-06-01,Portugal,2Y,-0.6,-0.667,0.06700000000000006,-0.01563274,0.01470217
2021-07-01,Portugal,2Y,-0.64,-0.767,0.127,0.0073095,-0.00768279
2021-08-01,Portugal,2Y,-0.703,-0.722,0.019000000000000017,0.0,0.0
2021-09-01,Portugal,2Y,-0.69,-0.695,0.0050000000000000044,-0.01404805,0.01567899
2021-10-01,Portugal,2Y,-0.544,-0.591,0.04699999999999993,0.00670146,-0.0061872
2021-11-01,Portugal,2Y,-0.807,-0.746,-0.061000000000000054,0.0,0.0
2021-12-01,Portugal,2Y,-0.66,-0.636,-0.02400000000000002,0.02039478,-0.02349587
2022-01-01,Portugal,2Y,-0.549,-0.536,-0.013000000000000012,0.0,0.0
2022-02-01,Portugal,2Y,-0.391,-0.539,0.14800000000000002,0.03923857,-0.02262021
2022-03-01,Portugal,2Y,-0.057,-0.08,0.023,0.01158872,0.00288687
2022-04-01,Portugal,2Y,0.388,0.254,0.134,-0.02722772,-0.01209206
2022-05-01,Portugal,2Y,0.598,0.494,0.10399999999999998,0.0,0.0
2022-06-01,Portugal,2Y,0.95,0.632,0.31799999999999995,0.04000315,-0.05017059
2022-07-01,Portugal,2Y,0.455,0.264,0.191,0.06062276,0.06828821
2022-08-01,Portugal,2Y,1.077,1.184,-0.10699999999999998,0.0,0.0
2022-09-01,Portugal,2Y,2.025,1.747,0.2779999999999998,0.06553518,0.05123198
2022-10-01,Portugal,2Y,2.008,1.927,0.08099999999999996,-0.0484317,-0.00738864
2022-11-01,Portugal,2Y,2.143,2.112,0.030999999999999694,0.0,0.0
2022-12-01,Portugal,2Y,2.771,2.738,0.03299999999999992,0.08741766,-0.05187298
2023-01-01,Portugal,2Y,2.746,2.644,0.10199999999999987,0.0,0.0
2023-02-01,Portugal,2Y,3.152,3.128,0.02400000000000002,-0.02825908,0.00739243
2023-03-01,Portugal,2Y,2.678,2.673,0.004999999999999893,0.06364707,0.13706177
2023-04-01,Portugal,2Y,2.742,2.675,0.06700000000000017,0.0,0.0
2023-05-01,Portugal,2Y,2.647,2.707,-0.06000000000000005,-0.05445383,-0.02205352
2023-06-01,Portugal,2Y,2.986,3.188,-0.20199999999999996,0.00310685,0.01212789
2023-07-01,Portugal,2Y,2.951,3.031,-0.08000000000000007,-0.02931627,0.00761737
2023-08-01,Portugal,2Y,2.927,2.967,-0.040000000000000036,0.0,0.0
2023-09-01,Portugal,2Y,3.195,3.198,-0.0030000000000001137,0.00399758,0.06922208
2023-10-01,Portugal,2Y,3.062,3.011,0.05099999999999971,-0.02513959,0.0050286
2023-11-01,Portugal,2Y,2.823,2.812,0.01100000000000012,0.0,0.0
2023-12-01,Portugal,2Y,2.405,2.392,0.0129999999999999,0.03287603,-0.00518218
2024-01-01,Portugal,2Y,2.273,2.415,-0.1419999999999999,-0.04307478,0.00364715
2024-02-01,Portugal,2Y,2.699,2.898,-0.1990000000000003,0.0,0.0
2024-03-01,Portugal,2Y,2.717,2.846,-0.1299999999999999,-0.02470938,0.02110809
2024-04-01,Portugal,2Y,2.983,3.03,-0.04699999999999971,-0.00688623,0.00746176
2024-05-01,Portugal,2Y,3.041,3.093,-0.052000000000000046,0.0,0.0
2024-06-01,Portugal,2Y,2.96,2.828,0.13200000000000012,0.01490844,0.0018587
2024-07-01,Portugal,2Y,2.615,2.525,0.0900000000000003,-0.00635903,0.00050086
2024-08-01,Portugal,2Y,2.455,2.388,0.06700000000000017,0.0,0.0
2024-09-01,Portugal,2Y,2.105,2.064,0.040999999999999925,0.03255924,-0.01615053
2024-10-01,Portugal,2Y,2.214,2.276,-0.06199999999999983,-0.02068547,-0.01217264
2024-11-01,Portugal,2Y,2.014,1.945,0.06899999999999973,0.0,0.0
2024-12-01,Portugal,2Y,2.104,2.077,0.027000000000000135,0.00609036,0.02176619
2025-01-01,Portugal,2Y,2.073,2.11,-0.03699999999999992,-0.0087809,-0.00804116
2025-02-01,Portugal,2Y,1.985,2.021,-0.03599999999999981,0.0,0.0
2025-03-01,Portugal,2Y,2.076,2.045,0.03100000000000014,-0.00193929,0.02623149
2025-04-01,Portugal,2Y,1.74,1.683,0.05699999999999994,-0.03264565,-0.02455187
2025-05-01,Portugal,2Y,1.798,1.772,0.026000000000000023,0.0,0.0
2025-06-01,Portugal,2Y,1.859,1.857,0.0020000000000000018,0.02367629,-0.00634498
2025-07-01,Portugal,2Y,1.964,1.96,0.0040000000000000036,0.02395822,-0.00106382
2025-08-01,Portugal,2Y,1.963,1.937,0.026000000000000023,0.0,0.0
2025-09-01,Portugal,2Y,2.021,2.018,0.0030000000000001137,-0.01551833,0.00187802
2025-10-01,Portugal,2Y,1.903,1.966,-0.06299999999999994,-0.01065112,0.01192155
2025-11-01,Portugal,2Y,1.949,2.026,-0.07699999999999974,,
2025-12-01,Portugal,2Y,2.053,2.12,-0.06700000000000017,,
2026-01-01,Portugal,2Y,2.1,2.085,0.015000000000000124,,
2026-02-01,Portugal,2Y,2.026,1.995,0.030999999999999694,,
2026-03-01,Portugal,2Y,2.671,2.613,0.05799999999999983,,
2026-04-01,Portugal,2Y,2.668,2.64,0.028000000000000025,,
2026-05-01,Portugal,2Y,2.521,2.526,-0.004999999999999893,,
2026-06-01,Portugal,2Y,2.513,2.524,-0.01100000000000012,,
2026-07-01,Portugal,2Y,2.794,2.817,-0.02300000000000013,,
2026-08-01,Portugal,2Y,2.916,2.934,-0.018000000000000238,,
2026-09-01,Portugal,2Y,3.255,3.26,-0.004999999999999893,,
1999-01-01,Portugal,5Y,,3.127,,0.02914637,-0.06311121
1999-02-01,Portugal,5Y,,3.406,,-0.00556514,0.00556514
1999-03-01,Portugal,5Y,,3.228,,-0.00592203,0.00323799
1999-04-01,Portugal,5Y,,3.089,,-0.00679893,-0.00330584
1999-05-01,Portugal,5Y,3.583,3.317,0.266,0.01543059,-0.00936631
1999-06-01,Portugal,5Y,4.117,3.847,0.27,0.00768436,-0.01317122
1999-07-01,Portugal,5Y,4.486,4.186,0.2999999999999998,-0.00494872,0.02780708
1999-08-01,Portugal,5Y,4.579,4.307,0.27199999999999935,0.00678846,-0.00826848
1999-09-01,Portugal,5Y,4.762,4.424,0.3379999999999992,-0.04166781,-0.00527997
1999-10-01,Portugal,5Y,4.897,4.641,0.2560000000000002,-0.06815947,-0.10613335
1999-11-01,Portugal,5Y,4.639,4.632,0.007000000000000561,0.01057526,0.04684463
1999-12-01,Portugal,5Y,4.742,4.79,-0.04699999999999971,-0.00790024,0.00763541
2000-01-01,Portugal,5Y,5.471,5.052,0.4190000000000005,0.01150505,-0.02335973
2000-02-01,Portugal,5Y,4.936,5.088,-0.15200000000000014,-0.04027945,0.06481814
2000-03-01,Portugal,5Y,5.171,4.854,0.31700000000000017,-0.06675806,-0.0176937
2000-04-01,Portugal,5Y,5.31,4.998,0.3119999999999994,0.02378726,-0.01526446
2000-05-01,Portugal,5Y,5.422,5.046,0.37599999999999945,-0.06400218,0.06313006
2000-06-01,Portugal,5Y,5.407,5.022,0.3849999999999998,0.11366676,0.04898755
2000-07-01,Portugal,5Y,5.465,5.141,0.32399999999999984,0.02048594,-0.00231932
2000-08-01,Portugal,5Y,5.568,5.237,0.3309999999999995,-0.04765312,-0.036261
2000-09-01,Portugal,5Y,5.417,5.057,0.35999999999999943,-0.03226793,-0.00031136
2000-10-01,Portugal,5Y,5.406,5.073,0.3329999999999993,0.02902834,0.0510063
2000-11-01,Portugal,5Y,5.156,4.828,0.3279999999999994,-0.00713094,-0.01518934
2000-12-01,Portugal,5Y,4.831,4.508,0.3230000000000004,-0.0010197,0.02324592
2001-01-01,Portugal,5Y,4.77,4.495,0.27499999999999947,0.01139404,-0.00090513
2001-02-01,Portugal,5Y,4.723,4.482,0.24099999999999966,-0.00204204,0.01927988
2001-03-01,Portugal,5Y,4.601,4.334,0.26700000000000035,0.06859912,0.03120769
2001-04-01,Portugal,5Y,5.05,4.748,0.3019999999999996,0.06421035,0.12710222
2001-05-01,Portugal,5Y,4.966,4.731,0.23500000000000032,-0.13656878,-0.08779026
2001-06-01,Portugal,5Y,4.95,4.59,0.3600000000000003,0.02854883,0.02396559
2001-07-01,Portugal,5Y,4.791,4.413,0.3780000000000001,0.03007371,0.01514081
2001-08-01,Portugal,5Y,4.629,4.201,0.42799999999999994,0.05079423,-0.02379363
2001-09-01,Portugal,5Y,4.467,4.062,0.40499999999999936,0.0313824,-0.01387918
2001-10-01,Portugal,5Y,4.134,3.741,0.39300000000000024,0.04317789,0.06975827
2001-11-01,Portugal,5Y,4.097,4.026,0.07100000000000062,0.03107767,-0.00197459
2001-12-01,Portugal,5Y,4.462,4.386,0.07599999999999962,0.02660325,0.00333289
2002-01-01,Portugal,5Y,4.724,4.505,0.2190000000000003,0.01003587,0.01147814
2002-02-01,Portugal,5Y,4.715,4.546,0.1689999999999996,-0.00667414,0.03998737
2002-03-01,Portugal,5Y,5.058,4.902,0.15500000000000025,-3.086e-05,0.01296051
2002-04-01,Portugal,5Y,4.862,4.71,0.15200000000000014,-0.00247617,-0.01196426
2002-05-01,Portugal,5Y,4.926,4.8,0.12600000000000033,0.03218836,0.01597417
2002-06-01,Portugal,5Y,4.617,4.491,0.12600000000000033,0.01184929,-0.00618789
2002-07-01,Portugal,5Y,4.367,4.196,0.17100000000000026,0.00352277,-0.0116348
2002-08-01,Portugal,5Y,4.131,4.049,0.08199999999999985,0.01803811,-0.01560232
2002-09-01,Portugal,5Y,3.842,3.601,0.2410000000000001,0.01607403,-0.04022966
2002-10-01,Portugal,5Y,3.976,3.784,0.19200000000000017,0.02180133,0.01000217
2002-11-01,Portugal,5Y,3.931,3.8,0.13100000000000023,0.06594808,-0.03659766
2002-12-01,Portugal,5Y,3.535,3.395,0.14000000000000012,0.00595453,-0.05100643
2003-01-01,Portugal,5Y,3.343,3.266,0.07699999999999996,-0.02700705,0.05207753
2003-02-01,Portugal,5Y,3.048,3.055,-0.007000000000000117,0.05532359,-0.03445075
2003-03-01,Portugal,5Y,3.3,3.24,0.05999999999999961,0.06711294,-0.02143875
2003-04-01,Portugal,5Y,3.302,3.273,0.028999999999999915,0.01825694,0.00312353
2003-05-01,Portugal,5Y,2.931,2.879,0.052000000000000046,0.05561085,-0.01606747
2003-06-01,Portugal,5Y,2.986,2.949,0.037000000000000366,0.00128217,-0.05865202
2003-07-01,Portugal,5Y,3.447,3.363,0.08400000000000007,0.00179838,0.01282863
2003-08-01,Portugal,5Y,3.52,3.463,0.05699999999999994,0.0,0.0
2003-09-01,Portugal,5Y,3.166,3.097,0.06899999999999995,0.00235118,-0.00730611
2003-10-01,Portugal,5Y,3.581,3.601,-0.020000000000000018,0.03221462,-0.01758272
2003-11-01,Portugal,5Y,3.724,3.743,-0.018999999999999684,-0.00093229,0.00553257
2003-12-01,Portugal,5Y,3.469,3.504,-0.03500000000000014,0.01015649,-0.01957929
2004-01-01,Portugal,5Y,3.362,3.402,-0.040000000000000036,-0.0131573,0.00742273
2004-02-01,Portugal,5Y,3.067,3.244,-0.17700000000000005,-0.00162731,-0.00688155
2004-03-01,Portugal,5Y,2.912,3.093,-0.18100000000000005,0.01236658,0.02812953
2004-04-01,Portugal,5Y,3.228,3.411,-0.18299999999999983,0.04962089,0.02543383
2004-05-01,Portugal,5Y,3.39,3.578,-0.18799999999999972,0.01746509,-0.0065437
2004-06-01,Portugal,5Y,3.673,3.572,0.10099999999999998,-0.01060389,-0.00014359
2004-07-01,Portugal,5Y,3.557,3.458,0.09899999999999975,0.00862926,-0.00812276
2004-08-01,Portugal,5Y,3.316,3.32,-0.0040000000000000036,-0.00139583,0.00217688
2004-09-01,Portugal,5Y,3.308,3.317,-0.009000000000000341,0.0114091,0.00103921
2004-10-01,Portugal,5Y,3.156,3.164,-0.008000000000000007,-0.00411348,-0.00801005
2004-11-01,Portugal,5Y,3.032,3.043,-0.01100000000000012,-0.00031881,-0.00525612
2004-12-01,Portugal,5Y,3.023,3.031,-0.008000000000000007,0.01785679,-0.00429348
2005-01-01,Portugal,5Y,2.903,2.927,-0.02400000000000002,-0.01786635,-0.01631762
2005-02-01,Portugal,5Y,3.045,3.076,-0.03100000000000014,0.00876981,-0.01224856
2005-03-01,Portugal,5Y,3.096,3.061,0.03500000000000014,-0.00906581,0.00175456
2005-04-01,Portugal,5Y,2.84,2.79,0.04999999999999982,0.00312037,-0.01689142
2005-05-01,Portugal,5Y,2.712,2.638,0.07400000000000029,-0.00742018,0.0089191
2005-06-01,Portugal,5Y,2.559,2.481,0.07800000000000029,0.01228622,0.00308786
2005-07-01,Portugal,5Y,2.704,2.647,0.057000000000000384,-0.01999819,0.03965357
2005-08-01,Portugal,5Y,2.587,2.539,0.04800000000000004,0.00221244,-0.00113823
2005-09-01,Portugal,5Y,2.723,2.732,-0.009000000000000341,-0.00616143,0.00137953
2005-10-01,Portugal,5Y,2.996,3.007,-0.01100000000000012,-0.00725165,0.0053286
2005-11-01,Portugal,5Y,3.214,3.093,0.121,-0.02639035,0.01567596
2005-12-01,Portugal,5Y,3.185,3.068,0.11699999999999999,-0.02869513,0.00122556
2006-01-01,Portugal,5Y,3.333,3.22,0.11299999999999999,-0.01509696,-0.00771216
2006-02-01,Portugal,5Y,3.378,3.262,0.1160000000000001,-0.00544505,-0.00324349
2006-03-01,Portugal,5Y,3.658,3.585,0.07299999999999995,0.02163882,-0.01310347
2006-04-01,Portugal,5Y,3.815,3.735,0.08000000000000007,-0.05627657,-0.03601184
2006-05-01,Portugal,5Y,3.799,3.697,0.10199999999999987,0.00017422,-0.00236101
2006-06-01,Portugal,5Y,3.945,3.84,0.10499999999999998,-0.03946736,-0.00172699
2006-07-01,Portugal,5Y,3.81,3.695,0.11500000000000021,0.01414146,0.00627523
2006-08-01,Portugal,5Y,3.696,3.588,0.1080000000000001,0.01499431,0.01378088
2006-09-01,Portugal,5Y,3.709,3.628,0.08099999999999996,0.0,0.0
2006-10-01,Portugal,5Y,3.776,3.683,0.09299999999999997,-0.00312185,0.00292537
2006-11-01,Portugal,5Y,3.71,3.635,0.07500000000000018,0.02599157,-0.03156989
2006-12-01,Portugal,5Y,3.99,3.921,0.0690000000000004,-0.01228785,0.03226851
2007-01-01,Portugal,5Y,4.084,4.036,0.04800000000000004,-0.04184531,-0.00062716
2007-02-01,Portugal,5Y,3.946,3.892,0.05400000000000027,0.01201155,-0.00426155
2007-03-01,Portugal,5Y,4.086,4.018,0.0680000000000005,0.00234815,0.00780903
2007-04-01,Portugal,5Y,4.182,4.134,0.04800000000000004,0.00848509,-0.01206177
2007-05-01,Portugal,5Y,4.456,4.412,0.04400000000000048,0.00231754,-0.00518441
2007-06-01,Portugal,5Y,4.585,4.527,0.05799999999999983,3.95e-06,-0.00707298
2007-07-01,Portugal,5Y,4.446,4.319,0.12699999999999978,0.00420353,-0.00350775
2007-08-01,Portugal,5Y,4.251,4.115,0.13600000000000012,-7.551e-05,-0.00333671
2007-09-01,Portugal,5Y,4.268,4.163,0.10499999999999954,-0.0363456,-0.00270934
2007-10-01,Portugal,5Y,4.241,4.132,0.10899999999999999,0.00166756,-0.00365079
2007-11-01,Portugal,5Y,4.099,3.911,0.18800000000000017,0.00101171,-0.02129922
2007-12-01,Portugal,5Y,4.228,4.119,0.10899999999999999,0.02203938,-0.00235725
2008-01-01,Portugal,5Y,3.729,3.552,0.17700000000000005,0.00854417,-0.01034839
2008-02-01,Portugal,5Y,3.572,3.368,0.20400000000000018,-0.00565551,-0.04432311
2008-03-01,Portugal,5Y,4.009,3.6,0.40900000000000025,0.03287918,-0.00319577
2008-04-01,Portugal,5Y,4.179,3.877,0.3020000000000005,-0.00107664,0.00211722
2008-05-01,Portugal,5Y,4.528,4.303,0.22499999999999964,0.0079654,-0.01921652
2008-06-01,Portugal,5Y,4.906,4.636,0.2699999999999996,0.08718549,0.05944987
2008-07-01,Portugal,5Y,4.584,4.272,0.3119999999999994,-0.08616599,0.0003162
2008-08-01,Portugal,5Y,4.413,4.095,0.3180000000000005,-0.00047578,-0.0412033
2008-09-01,Portugal,5Y,4.297,3.768,0.5289999999999999,0.02062448,-0.02765799
2008-10-01,Portugal,5Y,4.021,3.196,0.8249999999999997,-0.00294813,-0.05476331
2008-11-01,Portugal,5Y,3.792,2.651,1.141,0.14345953,0.0601037
2008-12-01,Portugal,5Y,3.525,2.318,1.2069999999999999,0.07249163,-0.02195657
2009-01-01,Portugal,5Y,3.739,2.494,1.2449999999999997,0.00570074,-0.03082516
2009-02-01,Portugal,5Y,3.59,2.234,1.3559999999999999,-0.0142095,-0.04348585
2009-03-01,Portugal,5Y,3.289,2.233,1.056,-0.00508159,0.00953191
2009-04-01,Portugal,5Y,3.048,2.354,0.694,0.04361952,0.04035626
2009-05-01,Portugal,5Y,3.413,2.632,0.7809999999999997,-0.00276712,-0.02144281
2009-06-01,Portugal,5Y,3.167,2.493,0.6739999999999999,0.01914683,0.01991529
2009-07-01,Portugal,5Y,2.759,2.406,0.35299999999999976,0.01967426,-0.08702865
2009-08-01,Portugal,5Y,2.849,2.375,0.4740000000000002,0.00382895,-0.00227106
2009-09-01,Portugal,5Y,2.762,2.401,0.3610000000000002,-0.01479861,-0.0288011
2009-10-01,Portugal,5Y,2.772,2.411,0.36099999999999977,-0.00631641,-0.01739833
2009-11-01,Portugal,5Y,2.756,2.233,0.5229999999999997,-0.03362904,0.01798103
2009-12-01,Portugal,5Y,3.078,2.423,0.6549999999999998,-0.03020061,-0.01008083
2010-01-01,Portugal,5Y,3.469,2.276,1.193,-6.14e-06,-0.01162683
2010-02-01,Portugal,5Y,3.261,2.127,1.1340000000000003,0.02809804,-0.03309557
2010-03-01,Portugal,5Y,3.28,2.136,1.1439999999999997,-0.01619472,0.00347371
2010-04-01,Portugal,5Y,4.753,1.968,2.785,0.00539033,-0.00101855
2010-05-01,Portugal,5Y,3.764,1.557,2.207,0.02627696,-0.01799763
2010-06-01,Portugal,5Y,4.642,1.458,3.184,-0.02371403,0.02024375
2010-07-01,Portugal,5Y,4.12,1.653,2.467,0.00522594,0.04208827
2010-08-01,Portugal,5Y,4.142,1.199,2.9430000000000005,0.01420454,-0.02426078
2010-09-01,Portugal,5Y,5.253,1.483,3.77,-0.00294235,-0.01052608
2010-10-01,Portugal,5Y,4.638,1.712,2.926,-0.00279264,0.00162802
2010-11-01,Portugal,5Y,5.901,1.674,4.227,-0.00010904,-0.0080795
2010-12-01,Portugal,5Y,5.686,1.838,3.848,-0.00484115,-0.02320713
2011-01-01,Portugal,5Y,6.174,2.386,3.7880000000000003,0.01844172,0.01740865
2011-02-01,Portugal,5Y,7.173,2.386,4.787,-0.02451558,-0.01441031
2011-03-01,Portugal,5Y,9.449,2.671,6.7780000000000005,0.07028429,0.06022116
2011-04-01,Portugal,5Y,11.395,2.599,8.796,-0.00244173,0.01943218
2011-05-01,Portugal,5Y,11.065,2.277,8.788,-0.05955414,-0.04508166
2011-06-01,Portugal,5Y,12.727,2.277,10.45,-0.01534681,-0.00214682
2011-07-01,Portugal,5Y,14.629,1.719,12.91,-0.01354933,0.02770202
2011-08-01,Portugal,5Y,10.704,1.309,9.395000000000001,-0.04366301,-0.12013885
2011-09-01,Portugal,5Y,13.028,1.165,11.863,0.01207522,-0.01000965
2011-10-01,Portugal,5Y,13.977,1.159,12.818,0.10619898,0.05031052
2011-11-01,Portugal,5Y,16.622,1.16,15.462,-0.07192325,-0.0611927
2011-12-01,Portugal,5Y,14.964,0.753,14.211,0.03349252,-0.03948307
2012-01-01,Portugal,5Y,20.637,0.736,19.901,0.02629851,-0.02840244
2012-02-01,Portugal,5Y,15.994,0.813,15.181,-0.01433788,0.01535817
2012-03-01,Portugal,5Y,13.395,0.794,12.600999999999999,0.00682966,-0.00830541
2012-04-01,Portugal,5Y,11.263,0.599,10.664,0.00683135,-0.00606342
2012-05-01,Portugal,5Y,13.338,0.336,13.001999999999999,0.04135716,-0.02621478
2012-06-01,Portugal,5Y,9.634,0.61,9.024000000000001,0.03338643,-0.00627108
2012-07-01,Portugal,5Y,10.392,0.303,10.088999999999999,-0.0072012,-0.10685152
2012-08-01,Portugal,5Y,7.639,0.333,7.306,0.10355838,-0.07344139
2012-09-01,Portugal,5Y,6.85,0.509,6.340999999999999,-0.03500514,0.0388083
2012-10-01,Portugal,5Y,6.242,0.491,5.751,0.00539462,-0.00081696
2012-11-01,Portugal,5Y,6.1,0.405,5.694999999999999,0.00753017,0.00512519
2012-12-01,Portugal,5Y,5.02,0.292,4.728,-0.0037345,-0.00486517
2013-01-01,Portugal,5Y,4.961,0.762,4.199,-0.00316676,0.01806952
2013-02-01,Portugal,5Y,4.787,0.434,4.353,-0.00649124,-0.0096722
2013-03-01,Portugal,5Y,5.006,0.311,4.695,0.00845211,0.00457824
2013-04-01,Portugal,5Y,4.414,0.332,4.082,0.02524541,-0.02755056
2013-05-01,Portugal,5Y,4.302,0.487,3.8149999999999995,-0.00548678,-0.005251
2013-06-01,Portugal,5Y,5.175,0.734,4.441,0.03220402,-0.01512024
2013-07-01,Portugal,5Y,5.567,0.651,4.916,-0.06055783,0.04203836
2013-08-01,Portugal,5Y,6.307,0.817,5.49,-0.0028711,0.01132435
2013-09-01,Portugal,5Y,5.931,0.791,5.14,-0.00632233,0.00132339
2013-10-01,Portugal,5Y,5.167,0.657,4.51,0.00677482,-0.00609358
2013-11-01,Portugal,5Y,4.752,0.651,4.101,-0.03543784,0.02352032
2013-12-01,Portugal,5Y,4.815,0.917,3.8980000000000006,0.0178962,-0.00423027
2014-01-01,Portugal,5Y,3.999,0.649,3.35,0.0074008,-0.01504822
2014-02-01,Portugal,5Y,3.69,0.667,3.0229999999999997,0.0193551,0.02089548
2014-03-01,Portugal,5Y,2.939,0.628,2.311,0.03148079,0.01102582
2014-04-01,Portugal,5Y,2.524,0.551,1.9729999999999999,-0.01390848,0.03683678
2014-05-01,Portugal,5Y,2.532,0.428,2.104,-0.00528758,0.01007157
2014-06-01,Portugal,5Y,2.344,0.341,2.0029999999999997,-0.03637694,0.01209969
2014-07-01,Portugal,5Y,2.117,0.301,1.816,-0.01783726,0.01292655
2014-08-01,Portugal,5Y,1.811,0.172,1.639,0.00070312,0.00187773
2014-09-01,Portugal,5Y,1.712,0.146,1.566,-0.06422641,-0.00068183
2014-10-01,Portugal,5Y,1.815,0.125,1.69,0.05409899,-0.04887129
2014-11-01,Portugal,5Y,1.553,0.111,1.442,-0.03680355,0.03947588
2014-12-01,Portugal,5Y,1.43,0.008,1.422,0.05596263,-0.04833079
2015-01-01,Portugal,5Y,1.626,-0.051,1.6769999999999998,-0.01922483,0.01173607
2015-02-01,Portugal,5Y,0.899,-0.088,0.987,0.0,0.0
2015-03-01,Portugal,5Y,0.905,-0.102,1.0070000000000001,0.00035536,-0.00385565
2015-04-01,Portugal,5Y,0.941,0.007,0.9339999999999999,-0.00142985,0.00811493
2015-05-01,Portugal,5Y,1.31,-0.004,1.314,0.0,0.0
2015-06-01,Portugal,5Y,1.65,0.073,1.577,0.00884221,-0.01158719
2015-07-01,Portugal,5Y,1.199,0.044,1.155,-0.00145856,0.00208231
2015-08-01,Portugal,5Y,1.317,0.126,1.1909999999999998,0.0,0.0
2015-09-01,Portugal,5Y,1.135,-0.007,1.142,-0.03170106,0.0298776
2015-10-01,Portugal,5Y,1.279,-0.079,1.3579999999999999,-0.07457095,0.05369102
2015-11-01,Portugal,5Y,0.998,-0.183,1.181,0.0,0.0
2015-12-01,Portugal,5Y,1.05,-0.047,1.097,0.16522564,-0.06777853
2016-01-01,Portugal,5Y,1.578,-0.313,1.891,-0.02353204,0.00207732
2016-02-01,Portugal,5Y,1.854,-0.408,2.262,0.0,0.0
2016-03-01,Portugal,5Y,1.829,-0.329,2.158,0.00295142,0.04696157
2016-04-01,Portugal,5Y,1.905,-0.289,2.194,0.00874813,-0.00714425
2016-05-01,Portugal,5Y,1.801,-0.378,2.179,0.0,0.0
2016-06-01,Portugal,5Y,1.801,-0.569,2.37,0.01416894,-0.01469861
2016-07-01,Portugal,5Y,1.703,-0.529,2.232,0.00420598,0.02136953
2016-08-01,Portugal,5Y,1.881,-0.504,2.385,0.0,0.0
2016-09-01,Portugal,5Y,1.893,-0.577,2.4699999999999998,0.02928932,-0.01588046
2016-10-01,Portugal,5Y,1.846,-0.402,2.248,-0.00343218,0.00288461
2016-11-01,Portugal,5Y,2.226,-0.432,2.658,0.0,0.0
2016-12-01,Portugal,5Y,1.838,-0.543,2.3810000000000002,-0.02369548,0.02494524
2017-01-01,Portugal,5Y,2.097,-0.406,2.503,-0.01136922,0.01125365
2017-02-01,Portugal,5Y,1.787,-0.575,2.362,0.0,0.0
2017-03-01,Portugal,5Y,2.251,-0.386,2.637,-0.01209542,0.01300103
2017-04-01,Portugal,5Y,1.989,-0.39,2.379,-0.00220409,-0.00059132
2017-05-01,Portugal,5Y,1.435,-0.435,1.87,0.0,0.0
2017-06-01,Portugal,5Y,1.287,-0.229,1.516,0.00468379,-0.00618022
2017-07-01,Portugal,5Y,1.167,-0.182,1.349,-0.00745165,-0.00386945
2017-08-01,Portugal,5Y,1.151,-0.345,1.496,0.0,0.0
2017-09-01,Portugal,5Y,0.923,-0.269,1.1920000000000002,-0.00127015,0.00235026
2017-10-01,Portugal,5Y,0.748,-0.351,1.099,-0.01205914,0.01350465
2017-11-01,Portugal,5Y,0.483,-0.31,0.7929999999999999,0.0,0.0
2017-12-01,Portugal,5Y,0.401,-0.207,0.608,-0.00726541,0.00542794
2018-01-01,Portugal,5Y,0.485,0.102,0.383,0.01937805,-0.01940399
2018-02-01,Portugal,5Y,0.567,0.021,0.5459999999999999,0.0,0.0
2018-03-01,Portugal,5Y,0.251,-0.106,0.357,-0.01997759,0.02238169
2018-04-01,Portugal,5Y,0.561,-0.061,0.6220000000000001,0.00352961,-0.00433858
2018-05-01,Portugal,5Y,0.778,-0.275,1.053,0.0,0.0
2018-06-01,Portugal,5Y,0.627,-0.306,0.933,-0.04271677,0.03658385
2018-07-01,Portugal,5Y,0.521,-0.128,0.649,-0.00753783,0.00753783
2018-08-01,Portugal,5Y,0.707,-0.233,0.94,0.0,0.0
2018-09-01,Portugal,5Y,0.728,-0.092,0.82,0.00550418,-0.00644394
2018-10-01,Portugal,5Y,0.682,-0.194,0.8760000000000001,0.02001239,-0.01825893
2018-11-01,Portugal,5Y,0.6,-0.271,0.871,0.0,0.0
2018-12-01,Portugal,5Y,0.444,-0.32,0.764,-0.00415027,0.00355439
2019-01-01,Portugal,5Y,0.422,-0.318,0.74,0.0175893,-0.02145109
2019-02-01,Portugal,5Y,0.301,-0.279,0.5800000000000001,0.0,0.0
2019-03-01,Portugal,5Y,0.159,-0.453,0.612,0.00868726,-0.01442751
2019-04-01,Portugal,5Y,0.075,-0.416,0.491,-0.00273599,-0.00018377
2019-05-01,Portugal,5Y,-0.046,-0.582,0.5359999999999999,0.0,0.0
2019-06-01,Portugal,5Y,-0.174,-0.666,0.49200000000000005,0.03058214,-0.0071408
2019-07-01,Portugal,5Y,-0.254,-0.717,0.46299999999999997,0.04218756,-0.00506254
2019-08-01,Portugal,5Y,-0.35,-0.927,0.5770000000000001,0.0,0.0
2019-09-01,Portugal,5Y,-0.285,-0.775,0.49000000000000005,0.03217407,0.03487853
2019-10-01,Portugal,5Y,-0.214,-0.628,0.41400000000000003,0.00764552,-0.00665165
2019-11-01,Portugal,5Y,-0.104,-0.585,0.481,0.0,0.0
2019-12-01,Portugal,5Y,-0.117,-0.476,0.359,-0.01029327,0.01098215
2020-01-01,Portugal,5Y,-0.139,-0.644,0.505,0.01788192,-0.01219238
2020-02-01,Portugal,5Y,-0.03,-0.766,0.736,0.0,0.0
2020-03-01,Portugal,5Y,0.387,-0.657,1.044,0.18996661,-0.0646914
2020-04-01,Portugal,5Y,0.295,-0.77,1.065,0.04450687,-0.0282567
2020-05-01,Portugal,5Y,-0.017,-0.646,0.629,0.0,0.0
2020-06-01,Portugal,5Y,-0.09,-0.7,0.61,0.00075699,0.00221042
2020-07-01,Portugal,5Y,-0.187,-0.722,0.5349999999999999,-0.01051453,0.00663075
2020-08-01,Portugal,5Y,-0.147,-0.631,0.484,0.0,0.0
2020-09-01,Portugal,5Y,-0.223,-0.713,0.49,-0.01137573,0.0209051
2020-10-01,Portugal,5Y,-0.406,-0.822,0.4159999999999999,-0.04440888,0.03827308
2020-11-01,Portugal,5Y,-0.448,-0.754,0.306,0.0,0.0
2020-12-01,Portugal,5Y,-0.439,-0.742,0.303,0.02960964,-0.0146942
2021-01-01,Portugal,5Y,-0.451,-0.736,0.285,0.01223291,-0.00964168
2021-02-01,Portugal,5Y,-0.161,-0.569,0.4079999999999999,0.0,0.0
2021-03-01,Portugal,5Y,-0.287,-0.629,0.342,0.00286225,0.0097477
2021-04-01,Portugal,5Y,-0.22,-0.578,0.358,0.00189025,-0.00343929
2021-05-01,Portugal,5Y,-0.268,-0.568,0.29999999999999993,0.0,0.0
2021-06-01,Portugal,5Y,-0.323,-0.589,0.26599999999999996,-0.01563274,0.01470217
2021-07-01,Portugal,5Y,-0.482,-0.744,0.262,0.0073095,-0.00768279
2021-08-01,Portugal,5Y,-0.465,-0.68,0.21500000000000002,0.0,0.0
2021-09-01,Portugal,5Y,-0.395,-0.558,0.16300000000000003,-0.01404805,0.01567899
2021-10-01,Portugal,5Y,-0.184,-0.392,0.20800000000000002,0.00670146,-0.0061872
2021-11-01,Portugal,5Y,-0.409,-0.622,0.21300000000000002,0.0,0.0
2021-12-01,Portugal,5Y,-0.259,-0.461,0.202,0.02039478,-0.02349587
2022-01-01,Portugal,5Y,-0.102,-0.227,0.125,0.0,0.0
2022-02-01,Portugal,5Y,0.217,-0.164,0.381,0.03923857,-0.02262021
2022-03-01,Portugal,5Y,0.619,0.371,0.248,0.01158872,0.00288687
2022-04-01,Portugal,5Y,1.3,0.674,0.626,-0.02722772,-0.01209206
2022-05-01,Portugal,5Y,1.489,0.832,0.6570000000000001,0.0,0.0
2022-06-01,Portugal,5Y,1.646,1.056,0.5899999999999999,0.04000315,-0.05017059
2022-07-01,Portugal,5Y,1.025,0.524,0.5009999999999999,0.06062276,0.06828821
2022-08-01,Portugal,5Y,1.938,1.383,0.5549999999999999,0.0,0.0
2022-09-01,Portugal,5Y,2.552,1.959,0.593,0.06553518,0.05123198
2022-10-01,Portugal,5Y,2.493,2.0,0.4929999999999999,-0.0484317,-0.00738864
2022-11-01,Portugal,5Y,2.306,1.929,0.377,0.0,0.0
2022-12-01,Portugal,5Y,2.95,2.566,0.38400000000000034,0.08741766,-0.05187298
2023-01-01,Portugal,5Y,2.722,2.306,0.4159999999999999,0.0,0.0
2023-02-01,Portugal,5Y,3.223,2.736,0.48699999999999966,-0.02825908,0.00739243
2023-03-01,Portugal,5Y,2.724,2.305,0.41900000000000004,0.06364707,0.13706177
2023-04-01,Portugal,5Y,2.719,2.3,0.41900000000000004,0.0,0.0
2023-05-01,Portugal,5Y,2.628,2.275,0.3530000000000002,-0.05445383,-0.02205352
2023-06-01,Portugal,5Y,2.941,2.546,0.395,0.00310685,0.01212789
2023-07-01,Portugal,5Y,2.94,2.533,0.40700000000000003,-0.02931627,0.00761737
2023-08-01,Portugal,5Y,2.87,2.472,0.39800000000000013,0.0,0.0
2023-09-01,Portugal,5Y,3.196,2.774,0.42200000000000015,0.00399758,0.06922208
2023-10-01,Portugal,5Y,3.057,2.652,0.4049999999999998,-0.02513959,0.0050286
2023-11-01,Portugal,5Y,2.743,2.372,0.371,0.0,0.0
2023-12-01,Portugal,5Y,2.227,1.942,0.2849999999999999,0.03287603,-0.00518218
2024-01-01,Portugal,5Y,2.375,2.049,0.32600000000000007,-0.04307478,0.00364715
2024-02-01,Portugal,5Y,2.671,2.43,0.24099999999999966,0.0,0.0
2024-03-01,Portugal,5Y,2.58,2.32,0.26000000000000023,-0.02470938,0.02110809
2024-04-01,Portugal,5Y,2.777,2.615,0.16199999999999992,-0.00688623,0.00746176
2024-05-01,Portugal,5Y,2.88,2.706,0.17399999999999993,0.0,0.0
2024-06-01,Portugal,5Y,2.813,2.479,0.3340000000000001,0.01490844,0.0018587
2024-07-01,Portugal,5Y,2.483,2.229,0.254,-0.00635903,0.00050086
2024-08-01,Portugal,5Y,2.438,2.187,0.25100000000000033,0.0,0.0
2024-09-01,Portugal,5Y,2.163,1.944,0.21899999999999986,0.03255924,-0.01615053
2024-10-01,Portugal,5Y,2.314,2.265,0.04899999999999993,-0.02068547,-0.01217264
2024-11-01,Portugal,5Y,2.045,1.924,0.121,0.0,0.0
2024-12-01,Portugal,5Y,2.232,2.152,0.08000000000000007,0.00609036,0.02176619
2025-01-01,Portugal,5Y,2.299,2.233,0.06599999999999984,-0.0087809,-0.00804116
2025-02-01,Portugal,5Y,2.375,2.149,0.22599999999999998,0.0,0.0
2025-03-01,Portugal,5Y,2.57,2.337,0.23299999999999965,-0.00193929,0.02623149
2025-04-01,Portugal,5Y,2.228,1.984,0.24400000000000022,-0.03264565,-0.02455187
2025-05-01,Portugal,5Y,2.261,2.063,0.19799999999999995,0.0,0.0
2025-06-01,Portugal,5Y,2.376,2.169,0.20699999999999985,0.02367629,-0.00634498
2025-07-01,Portugal,5Y,2.445,2.293,0.1519999999999997,0.02395822,-0.00106382
2025-08-01,Portugal,5Y,2.454,2.256,0.1980000000000004,0.0,0.0
2025-09-01,Portugal,5Y,2.433,2.308,0.125,-0.01551833,0.00187802
2025-10-01,Portugal,5Y,2.322,2.231,0.09100000000000019,-0.01065112,0.01192155
2025-11-01,Portugal,5Y,2.349,2.287,0.06200000000000028,,
2025-12-01,Portugal,5Y,2.483,2.447,0.03600000000000003,,
2026-01-01,Portugal,5Y,2.591,2.416,0.17500000000000027,,
2026-02-01,Portugal,5Y,2.42,2.237,0.18299999999999983,,
2026-03-01,Portugal,5Y,2.926,2.725,0.20100000000000007,,
2026-04-01,Portugal,5Y,2.924,2.746,0.17799999999999994,,
2026-05-01,Portugal,5Y,2.777,2.636,0.14100000000000001,,
2026-06-01,Portugal,5Y,2.762,2.594,0.16800000000000015,,
2026-07-01,Portugal,5Y,3.066,2.941,0.125,,
2026-08-01,Portugal,5Y,3.195,3.062,0.133,,
2026-09-01,Portugal,5Y,3.467,3.333,0.1339999999999999,,
1999-01-01,Spain,10Y,3.876,3.632,0.24399999999999977,0.02914637,-0.06311121
1999-02-01,Spain,10Y,4.23,4.011,0.2190000000000003,-0.00556514,0.00556514
1999-03-01,Spain,10Y,4.259,4.001,0.258,-0.00592203,0.00323799
1999-04-01,Spain,10Y,4.133,3.868,0.2650000000000001,-0.00679893,-0.00330584
1999-05-01,Spain,10Y,4.433,4.116,0.31700000000000017,0.01543059,-0.00936631
1999-06-01,Spain,10Y,4.766,4.511,0.2549999999999999,0.00768436,-0.01317122
1999-07-01,Spain,10Y,5.07,4.811,0.25900000000000034,-0.00494872,0.02780708
1999-08-01,Spain,10Y,5.164,4.891,0.2729999999999997,0.00678846,-0.00826848
1999-09-01,Spain,10Y,5.325,5.08,0.2450000000000001,-0.04166781,-0.00527997
1999-10-01,Spain,10Y,5.366,5.157,0.20899999999999963,-0.06815947,-0.10613335
1999-11-01,Spain,10Y,5.335,5.125,0.20999999999999996,0.01057526,0.04684463
1999-12-01,Spain,10Y,5.558,5.355,0.19599999999999973,-0.00790024,0.00763541
2000-01-01,Spain,10Y,5.771,5.541,0.22999999999999954,0.01150505,-0.02335973
2000-02-01,Spain,10Y,5.727,5.5,0.2270000000000003,-0.04027945,0.06481814
2000-03-01,Spain,10Y,5.441,5.216,0.22499999999999964,-0.06675806,-0.0176937
2000-04-01,Spain,10Y,5.517,5.298,0.2190000000000003,0.02378726,-0.01526446
2000-05-01,Spain,10Y,5.475,5.191,0.2839999999999998,-0.06400218,0.06313006
2000-06-01,Spain,10Y,5.506,5.221,0.28500000000000014,0.11366676,0.04898755
2000-07-01,Spain,10Y,5.484,5.206,0.2779999999999996,0.02048594,-0.00231932
2000-08-01,Spain,10Y,5.602,5.298,0.30400000000000027,-0.04765312,-0.036261
2000-09-01,Spain,10Y,5.521,5.23,0.2909999999999995,-0.03226793,-0.00031136
2000-10-01,Spain,10Y,5.5,5.215,0.28500000000000014,0.02902834,0.0510063
2000-11-01,Spain,10Y,5.325,5.0,0.3250000000000002,-0.00713094,-0.01518934
2000-12-01,Spain,10Y,5.193,4.851,0.34199999999999964,-0.0010197,0.02324592
2001-01-01,Spain,10Y,5.119,4.797,0.32200000000000006,0.01139404,-0.00090513
2001-02-01,Spain,10Y,5.093,4.754,0.3390000000000004,-0.00204204,0.01927988
2001-03-01,Spain,10Y,5.048,4.705,0.34299999999999997,0.06859912,0.03120769
2001-04-01,Spain,10Y,5.366,5.032,0.33399999999999963,0.06421035,0.12710222
2001-05-01,Spain,10Y,5.465,5.173,0.2919999999999998,-0.13656878,-0.08779026
2001-06-01,Spain,10Y,5.417,5.102,0.3149999999999995,0.02854883,0.02396559
2001-07-01,Spain,10Y,5.184,4.88,0.30400000000000027,0.03007371,0.01514081
2001-08-01,Spain,10Y,5.078,4.788,0.29000000000000004,0.05079423,-0.02379363
2001-09-01,Spain,10Y,5.076,4.791,0.28499999999999925,0.0313824,-0.01387918
2001-10-01,Spain,10Y,4.674,4.397,0.27700000000000014,0.04317789,0.06975827
2001-11-01,Spain,10Y,4.836,4.555,0.2810000000000006,0.03107767,-0.00197459
2001-12-01,Spain,10Y,5.178,4.996,0.18399999999999928,0.02660325,0.00333289
2002-01-01,Spain,10Y,5.086,4.905,0.18100000000000005,0.01003587,0.01147814
2002-02-01,Spain,10Y,5.138,4.964,0.1739999999999995,-0.00667414,0.03998737
2002-03-01,Spain,10Y,5.427,5.251,0.17499999999999982,-3.086e-05,0.01296051
2002-04-01,Spain,10Y,5.293,5.122,0.17100000000000026,-0.00247617,-0.01196426
2002-05-01,Spain,10Y,5.359,5.168,0.19099999999999984,0.03218836,0.01597417
2002-06-01,Spain,10Y,5.15,4.942,0.20800000000000018,0.01184929,-0.00618789
2002-07-01,Spain,10Y,4.946,4.752,0.19399999999999995,0.00352277,-0.0116348
2002-08-01,Spain,10Y,4.747,4.568,0.17900000000000027,0.01803811,-0.01560232
2002-09-01,Spain,10Y,4.456,4.272,0.18400000000000016,0.01607403,-0.04022966
2002-10-01,Spain,10Y,4.615,4.511,0.10400000000000009,0.02180133,0.01000217
2002-11-01,Spain,10Y,4.57,4.49,0.08000000000000007,0.06594808,-0.03659766
2002-12-01,Spain,10Y,4.281,4.204,0.07699999999999996,0.00595453,-0.05100643
2003-01-01,Spain,10Y,4.117,4.072,0.04499999999999993,-0.02700705,0.05207753
2003-02-01,Spain,10Y,3.921,3.918,0.0029999999999996696,0.05532359,-0.03445075
2003-03-01,Spain,10Y,4.047,4.044,0.0030000000000001137,0.06711294,-0.02143875
2003-04-01,Spain,10Y,4.181,4.092,0.08900000000000041,0.01825694,0.00312353
2003-05-01,Spain,10Y,3.793,3.721,0.07200000000000006,0.05561085,-0.01606747
2003-06-01,Spain,10Y,3.872,3.802,0.06999999999999984,0.00128217,-0.05865202
2003-07-01,Spain,10Y,4.232,4.19,0.041999999999999815,0.00179838,0.01282863
2003-08-01,Spain,10Y,4.225,4.197,0.02799999999999958,0.0,0.0
2003-09-01,Spain,10Y,4.008,3.995,0.0129999999999999,0.00235118,-0.00730611
2003-10-01,Spain,10Y,4.329,4.331,-0.002000000000000668,0.03221462,-0.01758272
2003-11-01,Spain,10Y,4.454,4.457,-0.0030000000000001137,-0.00093229,0.00553257
2003-12-01,Spain,10Y,4.288,4.292,-0.0039999999999995595,0.01015649,-0.01957929
2004-01-01,Spain,10Y,4.304,4.24,0.06400000000000006,-0.0131573,0.00742273
2004-02-01,Spain,10Y,4.118,4.051,0.06700000000000017,-0.00162731,-0.00688155
2004-03-01,Spain,10Y,4.013,3.931,0.08199999999999985,0.01236658,0.02812953
2004-04-01,Spain,10Y,4.237,4.175,0.06200000000000028,0.04962089,0.02543383
2004-05-01,Spain,10Y,4.396,4.374,0.02200000000000024,0.01746509,-0.0065437
2004-06-01,Spain,10Y,4.337,4.318,0.019000000000000128,-0.01060389,-0.00014359
2004-07-01,Spain,10Y,4.235,4.216,0.019000000000000128,0.00862926,-0.00812276
2004-08-01,Spain,10Y,4.039,4.023,0.016000000000000014,-0.00139583,0.00217688
2004-09-01,Spain,10Y,4.004,3.991,0.012999999999999456,0.0114091,0.00103921
2004-10-01,Spain,10Y,3.878,3.873,0.004999999999999893,-0.00411348,-0.00801005
2004-11-01,Spain,10Y,3.74,3.793,-0.052999999999999936,-0.00031881,-0.00525612
2004-12-01,Spain,10Y,3.71,3.683,0.027000000000000135,0.01785679,-0.00429348
2005-01-01,Spain,10Y,3.56,3.547,0.0129999999999999,-0.01786635,-0.01631762
2005-02-01,Spain,10Y,3.727,3.715,0.01200000000000001,0.00876981,-0.01224856
2005-03-01,Spain,10Y,3.64,3.622,0.018000000000000238,-0.00906581,0.00175456
2005-04-01,Spain,10Y,3.424,3.396,0.028000000000000025,0.00312037,-0.01689142
2005-05-01,Spain,10Y,3.265,3.274,-0.008999999999999897,-0.00742018,0.0089191
2005-06-01,Spain,10Y,3.115,3.134,-0.018999999999999684,0.01228622,0.00308786
2005-07-01,Spain,10Y,3.232,3.243,-0.010999999999999677,-0.01999819,0.03965357
2005-08-01,Spain,10Y,3.081,3.102,-0.020999999999999908,0.00221244,-0.00113823
2005-09-01,Spain,10Y,3.13,3.148,-0.018000000000000238,-0.00616143,0.00137953
2005-10-01,Spain,10Y,3.432,3.391,0.040999999999999925,-0.00725165,0.0053286
2005-11-01,Spain,10Y,3.474,3.455,0.019000000000000128,-0.02639035,0.01567596
2005-12-01,Spain,10Y,3.312,3.309,0.0029999999999996696,-0.02869513,0.00122556
2006-01-01,Spain,10Y,3.477,3.467,0.009999999999999787,-0.01509696,-0.00771216
2006-02-01,Spain,10Y,3.505,3.489,0.016000000000000014,-0.00544505,-0.00324349
2006-03-01,Spain,10Y,3.791,3.771,0.020000000000000018,0.02163882,-0.01310347
2006-04-01,Spain,10Y,3.965,3.951,0.01399999999999979,-0.05627657,-0.03601184
2006-05-01,Spain,10Y,3.981,3.982,-0.001000000000000334,0.00017422,-0.00236101
2006-06-01,Spain,10Y,4.065,4.071,-0.005999999999999339,-0.03946736,-0.00172699
2006-07-01,Spain,10Y,3.922,3.921,0.001000000000000334,0.01414146,0.00627523
2006-08-01,Spain,10Y,3.757,3.76,-0.0029999999999996696,0.01499431,0.01378088
2006-09-01,Spain,10Y,3.715,3.709,0.005999999999999783,0.0,0.0
2006-10-01,Spain,10Y,3.741,3.741,0.0,-0.00312185,0.00292537
2006-11-01,Spain,10Y,3.731,3.695,0.03600000000000003,0.02599157,-0.03156989
2006-12-01,Spain,10Y,4.003,3.948,0.05500000000000016,-0.01228785,0.03226851
2007-01-01,Spain,10Y,4.145,4.1,0.04499999999999993,-0.04184531,-0.00062716
2007-02-01,Spain,10Y,4.003,3.957,0.04600000000000026,0.01201155,-0.00426155
2007-03-01,Spain,10Y,4.11,4.057,0.052999999999999936,0.00234815,0.00780903
2007-04-01,Spain,10Y,4.207,4.154,0.052999999999999936,0.00848509,-0.01206177
2007-05-01,Spain,10Y,4.462,4.422,0.040000000000000036,0.00231754,-0.00518441
2007-06-01,Spain,10Y,4.64,4.574,0.06599999999999984,3.95e-06,-0.00707298
2007-07-01,Spain,10Y,4.464,4.347,0.11699999999999999,0.00420353,-0.00350775
2007-08-01,Spain,10Y,4.363,4.242,0.12100000000000044,-7.551e-05,-0.00333671
2007-09-01,Spain,10Y,4.439,4.329,0.11000000000000032,-0.0363456,-0.00270934
2007-10-01,Spain,10Y,4.356,4.239,0.11699999999999999,0.00166756,-0.00365079
2007-11-01,Spain,10Y,4.318,4.126,0.19199999999999928,0.00101171,-0.02129922
2007-12-01,Spain,10Y,4.43,4.307,0.12299999999999933,0.02203938,-0.00235725
2008-01-01,Spain,10Y,4.132,3.93,0.2019999999999995,0.00854417,-0.01034839
2008-02-01,Spain,10Y,4.064,3.891,0.17300000000000004,-0.00565551,-0.04432311
2008-03-01,Spain,10Y,4.223,3.899,0.32399999999999984,0.03287918,-0.00319577
2008-04-01,Spain,10Y,4.389,4.123,0.266,-0.00107664,0.00211722
2008-05-01,Spain,10Y,4.62,4.405,0.21499999999999986,0.0079654,-0.01921652
2008-06-01,Spain,10Y,4.901,4.621,0.27999999999999936,0.08718549,0.05944987
2008-07-01,Spain,10Y,4.672,4.355,0.3169999999999993,-0.08616599,0.0003162
2008-08-01,Spain,10Y,4.548,4.176,0.3719999999999999,-0.00047578,-0.0412033
2008-09-01,Spain,10Y,4.595,4.015,0.5800000000000001,0.02062448,-0.02765799
2008-10-01,Spain,10Y,4.607,3.9,0.7070000000000003,-0.00294813,-0.05476331
2008-11-01,Spain,10Y,3.89,3.258,0.6320000000000001,0.14345953,0.0601037
2008-12-01,Spain,10Y,3.811,2.951,0.8599999999999999,0.07249163,-0.02195657
2009-01-01,Spain,10Y,4.394,3.296,1.0980000000000003,0.00570074,-0.03082516
2009-02-01,Spain,10Y,4.284,3.112,1.1719999999999997,-0.0142095,-0.04348585
2009-03-01,Spain,10Y,4.051,2.994,1.057,-0.00508159,0.00953191
2009-04-01,Spain,10Y,3.926,3.178,0.7480000000000002,0.04361952,0.04035626
2009-05-01,Spain,10Y,4.285,3.589,0.6960000000000002,-0.00276712,-0.02144281
2009-06-01,Spain,10Y,4.131,3.386,0.7450000000000001,0.01914683,0.01991529
2009-07-01,Spain,10Y,3.846,3.3,0.5460000000000003,0.01967426,-0.08702865
2009-08-01,Spain,10Y,3.775,3.257,0.5179999999999998,0.00382895,-0.00227106
2009-09-01,Spain,10Y,3.808,3.22,0.5879999999999996,-0.01479861,-0.0288011
2009-10-01,Spain,10Y,3.788,3.231,0.5569999999999999,-0.00631641,-0.01739833
2009-11-01,Spain,10Y,3.747,3.159,0.5880000000000001,-0.03362904,0.01798103
2009-12-01,Spain,10Y,3.978,3.387,0.5910000000000002,-0.03020061,-0.01008083
2010-01-01,Spain,10Y,4.12,3.196,0.9239999999999999,-6.14e-06,-0.01162683
2010-02-01,Spain,10Y,3.861,3.101,0.7600000000000002,0.02809804,-0.03309557
2010-03-01,Spain,10Y,3.816,3.092,0.7239999999999998,-0.01619472,0.00347371
2010-04-01,Spain,10Y,4.03,3.017,1.0130000000000003,0.00539033,-0.00101855
2010-05-01,Spain,10Y,4.258,2.66,1.5979999999999999,0.02627696,-0.01799763
2010-06-01,Spain,10Y,4.561,2.577,1.984,-0.02371403,0.02024375
2010-07-01,Spain,10Y,4.211,2.669,1.5420000000000003,0.00522594,0.04208827
2010-08-01,Spain,10Y,4.048,2.116,1.932,0.01420454,-0.02426078
2010-09-01,Spain,10Y,4.123,2.278,1.8450000000000002,-0.00294235,-0.01052608
2010-10-01,Spain,10Y,4.211,2.518,1.6930000000000005,-0.00279264,0.00162802
2010-11-01,Spain,10Y,5.503,2.67,2.833,-0.00010904,-0.0080795
2010-12-01,Spain,10Y,5.453,2.963,2.49,-0.00484115,-0.02320713
2011-01-01,Spain,10Y,5.35,3.153,2.1969999999999996,0.01844172,0.01740865
2011-02-01,Spain,10Y,5.37,3.169,2.201,-0.02451558,-0.01441031
2011-03-01,Spain,10Y,5.284,3.352,1.932,0.07028429,0.06022116
2011-04-01,Spain,10Y,5.278,3.238,2.0399999999999996,-0.00244173,0.01943218
2011-05-01,Spain,10Y,5.354,3.019,2.335,-0.05955414,-0.04508166
2011-06-01,Spain,10Y,5.436,3.023,2.413,-0.01534681,-0.00214682
2011-07-01,Spain,10Y,6.059,2.537,3.5220000000000002,-0.01354933,0.02770202
2011-08-01,Spain,10Y,5.03,2.217,2.813,-0.04366301,-0.12013885
2011-09-01,Spain,10Y,5.117,1.885,3.232,0.01207522,-0.01000965
2011-10-01,Spain,10Y,5.526,2.024,3.502,0.10619898,0.05031052
2011-11-01,Spain,10Y,6.201,2.276,3.925,-0.07192325,-0.0611927
2011-12-01,Spain,10Y,5.04,1.825,3.215,0.03349252,-0.03948307
2012-01-01,Spain,10Y,4.944,1.786,3.158,0.02629851,-0.02840244
2012-02-01,Spain,10Y,4.968,1.817,3.151,-0.01433788,0.01535817
2012-03-01,Spain,10Y,5.332,1.792,3.54,0.00682966,-0.00830541
2012-04-01,Spain,10Y,5.744,1.662,4.082,0.00683135,-0.00606342
2012-05-01,Spain,10Y,6.536,1.199,5.337,0.04135716,-0.02621478
2012-06-01,Spain,10Y,6.291,1.581,4.710000000000001,0.03338643,-0.00627108
2012-07-01,Spain,10Y,6.707,1.284,5.423,-0.0072012,-0.10685152
2012-08-01,Spain,10Y,6.831,1.333,5.498,0.10355838,-0.07344139
2012-09-01,Spain,10Y,5.904,1.441,4.463,-0.03500514,0.0388083
2012-10-01,Spain,10Y,5.598,1.462,4.136,0.00539462,-0.00081696
2012-11-01,Spain,10Y,5.3,1.385,3.915,0.00753017,0.00512519
2012-12-01,Spain,10Y,5.232,1.314,3.918,-0.0037345,-0.00486517
2013-01-01,Spain,10Y,5.168,1.679,3.489,-0.00316676,0.01806952
2013-02-01,Spain,10Y,5.081,1.453,3.628,-0.00649124,-0.0096722
2013-03-01,Spain,10Y,5.051,1.288,3.763,0.00845211,0.00457824
2013-04-01,Spain,10Y,4.124,1.215,2.909,0.02524541,-0.02755056
2013-05-01,Spain,10Y,4.429,1.504,2.9250000000000003,-0.00548678,-0.005251
2013-06-01,Spain,10Y,4.758,1.728,3.0300000000000002,0.03220402,-0.01512024
2013-07-01,Spain,10Y,4.647,1.669,2.978,-0.06055783,0.04203836
2013-08-01,Spain,10Y,4.53,1.855,2.6750000000000003,-0.0028711,0.01132435
2013-09-01,Spain,10Y,4.293,1.778,2.515,-0.00632233,0.00132339
2013-10-01,Spain,10Y,4.028,1.673,2.3549999999999995,0.00677482,-0.00609358
2013-11-01,Spain,10Y,4.117,1.692,2.425,-0.03543784,0.02352032
2013-12-01,Spain,10Y,4.128,1.925,2.2030000000000003,0.0178962,-0.00423027
2014-01-01,Spain,10Y,3.655,1.658,1.9969999999999999,0.0074008,-0.01504822
2014-02-01,Spain,10Y,3.504,1.623,1.881,0.0193551,0.02089548
2014-03-01,Spain,10Y,3.226,1.565,1.661,0.03148079,0.01102582
2014-04-01,Spain,10Y,3.012,1.468,1.544,-0.01390848,0.03683678
2014-05-01,Spain,10Y,2.851,1.357,1.494,-0.00528758,0.01007157
2014-06-01,Spain,10Y,2.657,1.244,1.413,-0.03637694,0.01209969
2014-07-01,Spain,10Y,2.502,1.154,1.3479999999999999,-0.01783726,0.01292655
2014-08-01,Spain,10Y,2.226,0.89,1.3359999999999999,0.00070312,0.00187773
2014-09-01,Spain,10Y,2.136,0.946,1.1900000000000002,-0.06422641,-0.00068183
2014-10-01,Spain,10Y,2.072,0.84,1.2320000000000002,0.05409899,-0.04887129
2014-11-01,Spain,10Y,1.891,0.7,1.191,-0.03680355,0.03947588
2014-12-01,Spain,10Y,1.598,0.538,1.06,0.05596263,-0.04833079
2015-01-01,Spain,10Y,1.417,0.302,1.115,-0.01922483,0.01173607
2015-02-01,Spain,10Y,1.257,0.327,0.9299999999999999,0.0,0.0
2015-03-01,Spain,10Y,1.207,0.18,1.0270000000000001,0.00035536,-0.00385565
2015-04-01,Spain,10Y,1.463,0.364,1.0990000000000002,-0.00142985,0.00811493
2015-05-01,Spain,10Y,1.834,0.486,1.348,0.0,0.0
2015-06-01,Spain,10Y,2.298,0.763,1.5350000000000001,0.00884221,-0.01158719
2015-07-01,Spain,10Y,1.837,0.643,1.194,-0.00145856,0.00208231
2015-08-01,Spain,10Y,2.105,0.797,1.3079999999999998,0.0,0.0
2015-09-01,Spain,10Y,1.889,0.586,1.303,-0.03170106,0.0298776
2015-10-01,Spain,10Y,1.67,0.517,1.153,-0.07457095,0.05369102
2015-11-01,Spain,10Y,1.518,0.472,1.046,0.0,0.0
2015-12-01,Spain,10Y,1.766,0.628,1.138,0.16522564,-0.06777853
2016-01-01,Spain,10Y,1.509,0.324,1.1849999999999998,-0.02353204,0.00207732
2016-02-01,Spain,10Y,1.527,0.106,1.4209999999999998,0.0,0.0
2016-03-01,Spain,10Y,1.434,0.152,1.282,0.00295142,0.04696157
2016-04-01,Spain,10Y,1.59,0.271,1.319,0.00874813,-0.00714425
2016-05-01,Spain,10Y,1.47,0.138,1.3319999999999999,0.0,0.0
2016-06-01,Spain,10Y,1.16,-0.131,1.291,0.01416894,-0.01469861
2016-07-01,Spain,10Y,1.015,-0.121,1.136,0.00420598,0.02136953
2016-08-01,Spain,10Y,1.01,-0.066,1.076,0.0,0.0
2016-09-01,Spain,10Y,0.878,-0.122,1.0,0.02928932,-0.01588046
2016-10-01,Spain,10Y,1.196,0.161,1.035,-0.00343218,0.00288461
2016-11-01,Spain,10Y,1.548,0.273,1.275,0.0,0.0
2016-12-01,Spain,10Y,1.38,0.204,1.176,-0.02369548,0.02494524
2017-01-01,Spain,10Y,1.589,0.434,1.155,-0.01136922,0.01125365
2017-02-01,Spain,10Y,1.636,0.206,1.43,0.0,0.0
2017-03-01,Spain,10Y,1.652,0.325,1.327,-0.01209542,0.01300103
2017-04-01,Spain,10Y,1.637,0.315,1.322,-0.00220409,-0.00059132
2017-05-01,Spain,10Y,1.542,0.302,1.24,0.0,0.0
2017-06-01,Spain,10Y,1.522,0.465,1.057,0.00468379,-0.00618022
2017-07-01,Spain,10Y,1.483,0.541,0.9420000000000001,-0.00745165,-0.00386945
2017-08-01,Spain,10Y,1.554,0.36,1.194,0.0,0.0
2017-09-01,Spain,10Y,1.597,0.462,1.135,-0.00127015,0.00235026
2017-10-01,Spain,10Y,1.453,0.362,1.0910000000000002,-0.01205914,0.01350465
2017-11-01,Spain,10Y,1.438,0.366,1.072,0.0,0.0
2017-12-01,Spain,10Y,1.558,0.423,1.135,-0.00726541,0.00542794
2018-01-01,Spain,10Y,1.422,0.695,0.727,0.01937805,-0.01940399
2018-02-01,Spain,10Y,1.531,0.653,0.8779999999999999,0.0,0.0
2018-03-01,Spain,10Y,1.155,0.494,0.661,-0.01997759,0.02238169
2018-04-01,Spain,10Y,1.274,0.557,0.717,0.00352961,-0.00433858
2018-05-01,Spain,10Y,1.487,0.338,1.149,0.0,0.0
2018-06-01,Spain,10Y,1.318,0.3,1.018,-0.04271677,0.03658385
2018-07-01,Spain,10Y,1.396,0.442,0.954,-0.00753783,0.00753783
2018-08-01,Spain,10Y,1.468,0.325,1.143,0.0,0.0
2018-09-01,Spain,10Y,1.498,0.469,1.029,0.00550418,-0.00644394
2018-10-01,Spain,10Y,1.545,0.384,1.161,0.02001239,-0.01825893
2018-11-01,Spain,10Y,1.5,0.312,1.188,0.0,0.0
2018-12-01,Spain,10Y,1.413,0.239,1.174,-0.00415027,0.00355439
2019-01-01,Spain,10Y,1.194,0.148,1.046,0.0175893,-0.02145109
2019-02-01,Spain,10Y,1.171,0.182,0.9890000000000001,0.0,0.0
2019-03-01,Spain,10Y,1.093,-0.072,1.165,0.00868726,-0.01442751
2019-04-01,Spain,10Y,0.998,0.012,0.986,-0.00273599,-0.00018377
2019-05-01,Spain,10Y,0.712,-0.204,0.9159999999999999,0.0,0.0
2019-06-01,Spain,10Y,0.392,-0.329,0.7210000000000001,0.03058214,-0.0071408
2019-07-01,Spain,10Y,0.28,-0.442,0.722,0.04218756,-0.00506254
2019-08-01,Spain,10Y,0.1,-0.702,0.8019999999999999,0.0,0.0
2019-09-01,Spain,10Y,0.142,-0.573,0.715,0.03217407,0.03487853
2019-10-01,Spain,10Y,0.234,-0.409,0.643,0.00764552,-0.00665165
2019-11-01,Spain,10Y,0.413,-0.362,0.7749999999999999,0.0,0.0
2019-12-01,Spain,10Y,0.463,-0.188,0.651,-0.01029327,0.01098215
2020-01-01,Spain,10Y,0.232,-0.436,0.668,0.01788192,-0.01219238
2020-02-01,Spain,10Y,0.279,-0.609,0.888,0.0,0.0
2020-03-01,Spain,10Y,0.672,-0.474,1.146,0.18996661,-0.0646914
2020-04-01,Spain,10Y,0.718,-0.589,1.307,0.04450687,-0.0282567
2020-05-01,Spain,10Y,0.559,-0.449,1.008,0.0,0.0
2020-06-01,Spain,10Y,0.464,-0.456,0.92,0.00075699,0.00221042
2020-07-01,Spain,10Y,0.336,-0.525,0.861,-0.01051453,0.00663075
2020-08-01,Spain,10Y,0.406,-0.398,0.804,0.0,0.0
2020-09-01,Spain,10Y,0.246,-0.523,0.769,-0.01137573,0.0209051
2020-10-01,Spain,10Y,0.133,-0.628,0.761,-0.04440888,0.03827308
2020-11-01,Spain,10Y,0.079,-0.572,0.6509999999999999,0.0,0.0
2020-12-01,Spain,10Y,0.043,-0.572,0.615,0.02960964,-0.0146942
2021-01-01,Spain,10Y,0.097,-0.519,0.616,0.01223291,-0.00964168
2021-02-01,Spain,10Y,0.42,-0.262,0.6819999999999999,0.0,0.0
2021-03-01,Spain,10Y,0.335,-0.293,0.628,0.00286225,0.0097477
2021-04-01,Spain,10Y,0.474,-0.203,0.677,0.00189025,-0.00343929
2021-05-01,Spain,10Y,0.461,-0.188,0.649,0.0,0.0
2021-06-01,Spain,10Y,0.411,-0.209,0.62,-0.01563274,0.01470217
2021-07-01,Spain,10Y,0.266,-0.462,0.728,0.0073095,-0.00768279
2021-08-01,Spain,10Y,0.337,-0.385,0.722,0.0,0.0
2021-09-01,Spain,10Y,0.459,-0.2,0.659,-0.01404805,0.01567899
2021-10-01,Spain,10Y,0.608,-0.107,0.715,0.00670146,-0.0061872
2021-11-01,Spain,10Y,0.397,-0.351,0.748,0.0,0.0
2021-12-01,Spain,10Y,0.563,-0.182,0.7449999999999999,0.02039478,-0.02349587
2022-01-01,Spain,10Y,0.745,0.009,0.736,0.0,0.0
2022-02-01,Spain,10Y,1.114,0.132,0.9820000000000001,0.03923857,-0.02262021
2022-03-01,Spain,10Y,1.434,0.545,0.8889999999999999,0.01158872,0.00288687
2022-04-01,Spain,10Y,1.972,0.937,1.035,-0.02722772,-0.01209206
2022-05-01,Spain,10Y,2.221,1.12,1.101,0.0,0.0
2022-06-01,Spain,10Y,2.418,1.333,1.0850000000000002,0.04000315,-0.05017059
2022-07-01,Spain,10Y,1.911,0.814,1.097,0.06062276,0.06828821
2022-08-01,Spain,10Y,2.731,1.537,1.194,0.0,0.0
2022-09-01,Spain,10Y,3.281,2.105,1.1760000000000002,0.06553518,0.05123198
2022-10-01,Spain,10Y,3.219,2.139,1.08,-0.0484317,-0.00738864
2022-11-01,Spain,10Y,2.939,1.926,1.0130000000000001,0.0,0.0
2022-12-01,Spain,10Y,3.649,2.565,1.084,0.08741766,-0.05187298
2023-01-01,Spain,10Y,3.275,2.283,0.992,0.0,0.0
2023-02-01,Spain,10Y,3.597,2.648,0.9489999999999998,-0.02825908,0.00739243
2023-03-01,Spain,10Y,3.3,2.289,1.0109999999999997,0.06364707,0.13706177
2023-04-01,Spain,10Y,3.355,2.31,1.045,0.0,0.0
2023-05-01,Spain,10Y,3.329,2.28,1.0490000000000004,-0.05445383,-0.02205352
2023-06-01,Spain,10Y,3.381,2.39,0.9909999999999997,0.00310685,0.01212789
2023-07-01,Spain,10Y,3.51,2.489,1.021,-0.02931627,0.00761737
2023-08-01,Spain,10Y,3.479,2.462,1.017,0.0,0.0
2023-09-01,Spain,10Y,3.93,2.838,1.092,0.00399758,0.06922208
2023-10-01,Spain,10Y,3.88,2.804,1.076,-0.02513959,0.0050286
2023-11-01,Spain,10Y,3.469,2.445,1.024,0.0,0.0
2023-12-01,Spain,10Y,2.981,2.021,0.96,0.03287603,-0.00518218
2024-01-01,Spain,10Y,3.086,2.165,0.9209999999999998,-0.04307478,0.00364715
2024-02-01,Spain,10Y,3.286,2.41,0.8759999999999999,0.0,0.0
2024-03-01,Spain,10Y,3.158,2.297,0.8609999999999998,-0.02470938,0.02110809
2024-04-01,Spain,10Y,3.351,2.583,0.7679999999999998,-0.00688623,0.00746176
2024-05-01,Spain,10Y,3.391,2.663,0.7280000000000002,0.0,0.0
2024-06-01,Spain,10Y,3.417,2.497,0.9199999999999999,0.01490844,0.0018587
2024-07-01,Spain,10Y,3.113,2.302,0.8109999999999999,-0.00635903,0.00050086
2024-08-01,Spain,10Y,3.13,2.298,0.8319999999999999,0.0,0.0
2024-09-01,Spain,10Y,2.923,2.122,0.8010000000000002,0.03255924,-0.01615053
2024-10-01,Spain,10Y,3.092,2.388,0.7040000000000002,-0.02068547,-0.01217264
2024-11-01,Spain,10Y,2.79,2.086,0.7040000000000002,0.0,0.0
2024-12-01,Spain,10Y,3.057,2.364,0.6930000000000001,0.00609036,0.02176619
2025-01-01,Spain,10Y,3.066,2.458,0.6079999999999997,-0.0087809,-0.00804116
2025-02-01,Spain,10Y,3.044,2.405,0.6390000000000002,0.0,0.0
2025-03-01,Spain,10Y,3.371,2.736,0.6349999999999998,-0.00193929,0.02623149
2025-04-01,Spain,10Y,3.112,2.443,0.669,-0.03264565,-0.02455187
2025-05-01,Spain,10Y,3.09,2.499,0.5909999999999997,0.0,0.0
2025-06-01,Spain,10Y,3.24,2.605,0.6350000000000002,0.02367629,-0.00634498
2025-07-01,Spain,10Y,3.273,2.693,0.5800000000000001,0.02395822,-0.00106382
2025-08-01,Spain,10Y,3.329,2.723,0.6060000000000003,0.0,0.0
2025-09-01,Spain,10Y,3.256,2.71,0.5459999999999998,-0.01551833,0.00187802
2025-10-01,Spain,10Y,3.141,2.632,0.5089999999999999,-0.01065112,0.01192155
2025-11-01,Spain,10Y,3.163,2.688,0.47499999999999964,,
2025-12-01,Spain,10Y,3.286,2.854,0.43199999999999994,,
2026-01-01,Spain,10Y,3.211,2.842,0.3689999999999998,,
2026-02-01,Spain,10Y,3.061,2.643,0.41800000000000015,,
2026-03-01,Spain,10Y,3.504,3.002,0.5020000000000002,,
2026-04-01,Spain,10Y,3.497,3.035,0.46199999999999974,,
2026-05-01,Spain,10Y,3.353,2.937,0.41600000000000037,,
2026-06-01,Spain,10Y,3.343,2.858,0.4849999999999999,,
2026-07-01,Spain,10Y,3.652,3.205,0.44700000000000006,,
2026-08-01,Spain,10Y,3.775,3.323,0.45199999999999996,,
2026-09-01,Spain,10Y,3.982,3.516,0.4660000000000002,,
1999-01-01,Spain,2Y,2.889,2.844,0.04499999999999993,0.02914637,-0.06311121
1999-02-01,Spain,2Y,3.108,3.128,-0.020000000000000018,-0.00556514,0.00556514
1999-03-01,Spain,2Y,2.866,2.878,-0.01200000000000001,-0.00592203,0.00323799
1999-04-01,Spain,2Y,2.678,2.694,-0.016000000000000014,-0.00679893,-0.00330584
1999-05-01,Spain,2Y,2.783,2.789,-0.006000000000000227,0.01543059,-0.00936631
1999-06-01,Spain,2Y,3.093,3.169,-0.07600000000000007,0.00768436,-0.01317122
1999-07-01,Spain,2Y,3.322,3.389,-0.06699999999999973,-0.00494872,0.02780708
1999-08-01,Spain,2Y,3.371,3.462,-0.09100000000000019,0.00678846,-0.00826848
1999-09-01,Spain,2Y,3.462,3.662,-0.19999999999999973,-0.04166781,-0.00527997
1999-10-01,Spain,2Y,3.745,3.907,-0.16199999999999992,-0.06815947,-0.10613335
1999-11-01,Spain,2Y,3.786,3.983,-0.19700000000000006,0.01057526,0.04684463
1999-12-01,Spain,2Y,3.971,4.208,-0.2280000000000002,-0.00790024,0.00763541
2000-01-01,Spain,2Y,4.531,4.385,0.1459999999999999,0.01150505,-0.02335973
2000-02-01,Spain,2Y,4.561,4.439,0.12199999999999989,-0.04027945,0.06481814
2000-03-01,Spain,2Y,4.561,4.423,0.1379999999999999,-0.06675806,-0.0176937
2000-04-01,Spain,2Y,4.728,4.594,0.13399999999999945,0.02378726,-0.01526446
2000-05-01,Spain,2Y,5.075,4.942,0.133,-0.06400218,0.06313006
2000-06-01,Spain,2Y,5.101,4.95,0.1509999999999998,0.11366676,0.04898755
2000-07-01,Spain,2Y,5.241,5.106,0.1349999999999998,0.02048594,-0.00231932
2000-08-01,Spain,2Y,5.331,5.211,0.1200000000000001,-0.04765312,-0.036261
2000-09-01,Spain,2Y,5.175,5.043,0.13199999999999967,-0.03226793,-0.00031136
2000-10-01,Spain,2Y,5.221,5.082,0.13900000000000023,0.02902834,0.0510063
2000-11-01,Spain,2Y,4.989,4.831,0.15799999999999947,-0.00713094,-0.01518934
2000-12-01,Spain,2Y,4.584,4.446,0.1379999999999999,-0.0010197,0.02324592
2001-01-01,Spain,2Y,4.477,4.386,0.09100000000000019,0.01139404,-0.00090513
2001-02-01,Spain,2Y,4.468,4.374,0.0940000000000003,-0.00204204,0.01927988
2001-03-01,Spain,2Y,4.258,4.138,0.1200000000000001,0.06859912,0.03120769
2001-04-01,Spain,2Y,4.687,4.626,0.06099999999999994,0.06421035,0.12710222
2001-05-01,Spain,2Y,4.43,4.386,0.043999999999999595,-0.13656878,-0.08779026
2001-06-01,Spain,2Y,4.316,4.281,0.03500000000000014,0.02854883,0.02396559
2001-07-01,Spain,2Y,4.154,4.134,0.019999999999999574,0.03007371,0.01514081
2001-08-01,Spain,2Y,3.929,3.947,-0.018000000000000238,0.05079423,-0.02379363
2001-09-01,Spain,2Y,3.447,3.481,-0.03399999999999981,0.0313824,-0.01387918
2001-10-01,Spain,2Y,3.093,3.14,-0.04700000000000015,0.04317789,0.06975827
2001-11-01,Spain,2Y,3.428,3.387,0.040999999999999925,0.03107767,-0.00197459
2001-12-01,Spain,2Y,3.611,3.644,-0.03200000000000003,0.02660325,0.00333289
2002-01-01,Spain,2Y,4.131,3.902,0.2290000000000001,0.01003587,0.01147814
2002-02-01,Spain,2Y,4.1,3.872,0.22799999999999976,-0.00667414,0.03998737
2002-03-01,Spain,2Y,4.485,4.321,0.1459999999999999,-3.086e-05,0.01296051
2002-04-01,Spain,2Y,4.203,4.07,0.133,-0.00247617,-0.01196426
2002-05-01,Spain,2Y,4.344,4.247,0.09700000000000042,0.03218836,0.01597417
2002-06-01,Spain,2Y,4.007,3.925,0.08199999999999985,0.01184929,-0.00618789
2002-07-01,Spain,2Y,3.662,3.618,0.04400000000000004,0.00352277,-0.0116348
2002-08-01,Spain,2Y,3.466,3.477,-0.010999999999999677,0.01803811,-0.01560232
2002-09-01,Spain,2Y,3.046,3.071,-0.025000000000000355,0.01607403,-0.04022966
2002-10-01,Spain,2Y,3.036,3.081,-0.04499999999999993,0.02180133,0.01000217
2002-11-01,Spain,2Y,3.04,3.1,-0.06000000000000005,0.06594808,-0.03659766
2002-12-01,Spain,2Y,2.634,2.721,-0.08700000000000019,0.00595453,-0.05100643
2003-01-01,Spain,2Y,2.524,2.596,-0.07200000000000006,-0.02700705,0.05207753
2003-02-01,Spain,2Y,2.257,2.295,-0.03799999999999981,0.05532359,-0.03445075
2003-03-01,Spain,2Y,2.294,2.407,-0.11299999999999999,0.06711294,-0.02143875
2003-04-01,Spain,2Y,2.533,2.427,0.10599999999999987,0.01825694,0.00312353
2003-05-01,Spain,2Y,2.192,2.116,0.07600000000000007,0.05561085,-0.01606747
2003-06-01,Spain,2Y,2.146,2.125,0.020999999999999908,0.00128217,-0.05865202
2003-07-01,Spain,2Y,2.47,2.456,0.014000000000000234,0.00179838,0.01282863
2003-08-01,Spain,2Y,2.594,2.593,0.0009999999999998899,0.0,0.0
2003-09-01,Spain,2Y,2.223,2.297,-0.07400000000000029,0.00235118,-0.00730611
2003-10-01,Spain,2Y,2.598,2.686,-0.08800000000000008,0.03221462,-0.01758272
2003-11-01,Spain,2Y,2.724,2.812,-0.08799999999999963,-0.00093229,0.00553257
2003-12-01,Spain,2Y,2.431,2.605,-0.17399999999999993,0.01015649,-0.01957929
2004-01-01,Spain,2Y,2.56,2.524,0.03600000000000003,-0.0131573,0.00742273
2004-02-01,Spain,2Y,2.259,2.215,0.04400000000000004,-0.00162731,-0.00688155
2004-03-01,Spain,2Y,2.124,2.134,-0.009999999999999787,0.01236658,0.02812953
2004-04-01,Spain,2Y,2.408,2.439,-0.03100000000000014,0.04962089,0.02543383
2004-05-01,Spain,2Y,2.548,2.578,-0.029999999999999805,0.01746509,-0.0065437
2004-06-01,Spain,2Y,2.558,2.723,-0.16500000000000004,-0.01060389,-0.00014359
2004-07-01,Spain,2Y,2.464,2.626,-0.16199999999999992,0.00862926,-0.00812276
2004-08-01,Spain,2Y,2.291,2.415,-0.12400000000000011,-0.00139583,0.00217688
2004-09-01,Spain,2Y,2.601,2.583,0.017999999999999794,0.0114091,0.00103921
2004-10-01,Spain,2Y,2.451,2.429,0.02200000000000024,-0.00411348,-0.00801005
2004-11-01,Spain,2Y,2.366,2.351,0.015000000000000124,-0.00031881,-0.00525612
2004-12-01,Spain,2Y,2.542,2.481,0.06099999999999994,0.01785679,-0.00429348
2005-01-01,Spain,2Y,2.454,2.398,0.05600000000000005,-0.01786635,-0.01631762
2005-02-01,Spain,2Y,2.56,2.491,0.06899999999999995,0.00876981,-0.01224856
2005-03-01,Spain,2Y,2.495,2.492,0.0030000000000001137,-0.00906581,0.00175456
2005-04-01,Spain,2Y,2.237,2.248,-0.01100000000000012,0.00312037,-0.01689142
2005-05-01,Spain,2Y,2.121,2.141,-0.020000000000000018,-0.00742018,0.0089191
2005-06-01,Spain,2Y,1.985,2.023,-0.038000000000000034,0.01228622,0.00308786
2005-07-01,Spain,2Y,2.179,2.25,-0.07100000000000017,-0.01999819,0.03965357
2005-08-01,Spain,2Y,2.152,2.199,-0.04699999999999971,0.00221244,-0.00113823
2005-09-01,Spain,2Y,2.307,2.394,-0.08700000000000019,-0.00616143,0.00137953
2005-10-01,Spain,2Y,2.542,2.629,-0.08700000000000019,-0.00725165,0.0053286
2005-11-01,Spain,2Y,2.718,2.76,-0.041999999999999815,-0.02639035,0.01567596
2005-12-01,Spain,2Y,2.774,2.862,-0.08800000000000008,-0.02869513,0.00122556
2006-01-01,Spain,2Y,2.961,2.955,0.005999999999999783,-0.01509696,-0.00771216
2006-02-01,Spain,2Y,3.024,3.021,0.0030000000000001137,-0.00544505,-0.00324349
2006-03-01,Spain,2Y,3.285,3.29,-0.004999999999999893,0.02163882,-0.01310347
2006-04-01,Spain,2Y,3.331,3.379,-0.04800000000000004,-0.05627657,-0.03601184
2006-05-01,Spain,2Y,3.37,3.355,0.015000000000000124,0.00017422,-0.00236101
2006-06-01,Spain,2Y,3.534,3.574,-0.040000000000000036,-0.03946736,-0.00172699
2006-07-01,Spain,2Y,3.488,3.512,-0.02400000000000002,0.01414146,0.00627523
2006-08-01,Spain,2Y,3.526,3.522,0.0040000000000000036,0.01499431,0.01378088
2006-09-01,Spain,2Y,3.595,3.585,0.010000000000000231,0.0,0.0
2006-10-01,Spain,2Y,3.674,3.678,-0.0040000000000000036,-0.00312185,0.00292537
2006-11-01,Spain,2Y,3.663,3.658,0.004999999999999893,0.02599157,-0.03156989
2006-12-01,Spain,2Y,3.907,3.903,0.0040000000000000036,-0.01228785,0.03226851
2007-01-01,Spain,2Y,3.995,3.968,0.027000000000000135,-0.04184531,-0.00062716
2007-02-01,Spain,2Y,3.918,3.876,0.04200000000000026,0.01201155,-0.00426155
2007-03-01,Spain,2Y,4.049,4.016,0.03300000000000036,0.00234815,0.00780903
2007-04-01,Spain,2Y,4.143,4.128,0.01499999999999968,0.00848509,-0.01206177
2007-05-01,Spain,2Y,4.392,4.394,-0.0019999999999997797,0.00231754,-0.00518441
2007-06-01,Spain,2Y,4.499,4.462,0.03699999999999992,3.95e-06,-0.00707298
2007-07-01,Spain,2Y,4.355,4.299,0.05600000000000005,0.00420353,-0.00350775
2007-08-01,Spain,2Y,4.061,4.013,0.04800000000000004,-7.551e-05,-0.00333671
2007-09-01,Spain,2Y,4.063,4.028,0.03500000000000014,-0.0363456,-0.00270934
2007-10-01,Spain,2Y,4.086,4.056,0.03000000000000025,0.00166756,-0.00365079
2007-11-01,Spain,2Y,3.898,3.831,0.06700000000000017,0.00101171,-0.02129922
2007-12-01,Spain,2Y,4.045,3.964,0.08099999999999996,0.02203938,-0.00235725
2008-01-01,Spain,2Y,3.554,3.373,0.1809999999999996,0.00854417,-0.01034839
2008-02-01,Spain,2Y,3.403,3.16,0.24299999999999988,-0.00565551,-0.04432311
2008-03-01,Spain,2Y,3.672,3.431,0.2410000000000001,0.03287918,-0.00319577
2008-04-01,Spain,2Y,3.917,3.757,0.1599999999999997,-0.00107664,0.00211722
2008-05-01,Spain,2Y,4.429,4.316,0.11300000000000043,0.0079654,-0.01921652
2008-06-01,Spain,2Y,4.772,4.597,0.17499999999999982,0.08718549,0.05944987
2008-07-01,Spain,2Y,4.428,4.26,0.16800000000000015,-0.08616599,0.0003162
2008-08-01,Spain,2Y,4.265,4.111,0.15399999999999991,-0.00047578,-0.0412033
2008-09-01,Spain,2Y,3.852,3.476,0.3759999999999999,0.02062448,-0.02765799
2008-10-01,Spain,2Y,3.096,2.542,0.5540000000000003,-0.00294813,-0.05476331
2008-11-01,Spain,2Y,2.706,2.188,0.5179999999999998,0.14345953,0.0601037
2008-12-01,Spain,2Y,2.311,1.755,0.556,0.07249163,-0.02195657
2009-01-01,Spain,2Y,1.715,1.532,0.18300000000000005,0.00570074,-0.03082516
2009-02-01,Spain,2Y,2.032,1.311,0.7210000000000001,-0.0142095,-0.04348585
2009-03-01,Spain,2Y,1.775,1.235,0.5399999999999998,-0.00508159,0.00953191
2009-04-01,Spain,2Y,1.69,1.337,0.353,0.04361952,0.04035626
2009-05-01,Spain,2Y,1.568,1.419,0.14900000000000002,-0.00276712,-0.02144281
2009-06-01,Spain,2Y,1.428,1.365,0.06299999999999994,0.01914683,0.01991529
2009-07-01,Spain,2Y,1.597,1.263,0.3340000000000001,0.01967426,-0.08702865
2009-08-01,Spain,2Y,1.611,1.244,0.367,0.00382895,-0.00227106
2009-09-01,Spain,2Y,1.4,1.265,0.135,-0.01479861,-0.0288011
2009-10-01,Spain,2Y,1.687,1.288,0.399,-0.00631641,-0.01739833
2009-11-01,Spain,2Y,1.611,1.257,0.3540000000000001,-0.03362904,0.01798103
2009-12-01,Spain,2Y,1.866,1.331,0.5350000000000001,-0.03020061,-0.01008083
2010-01-01,Spain,2Y,2.118,1.118,0.9999999999999998,-6.14e-06,-0.01162683
2010-02-01,Spain,2Y,1.52,0.955,0.5650000000000001,0.02809804,-0.03309557
2010-03-01,Spain,2Y,1.397,0.958,0.43900000000000006,-0.01619472,0.00347371
2010-04-01,Spain,2Y,1.919,0.771,1.1480000000000001,0.00539033,-0.00101855
2010-05-01,Spain,2Y,2.414,0.514,1.9000000000000001,0.02627696,-0.01799763
2010-06-01,Spain,2Y,2.957,0.6,2.3569999999999998,-0.02371403,0.02024375
2010-07-01,Spain,2Y,1.923,0.784,1.139,0.00522594,0.04208827
2010-08-01,Spain,2Y,2.098,0.59,1.508,0.01420454,-0.02426078
2010-09-01,Spain,2Y,2.278,0.834,1.444,-0.00294235,-0.01052608
2010-10-01,Spain,2Y,2.123,0.989,1.1340000000000003,-0.00279264,0.00162802
2010-11-01,Spain,2Y,3.877,0.856,3.021,-0.00010904,-0.0080795
2010-12-01,Spain,2Y,3.456,0.864,2.592,-0.00484115,-0.02320713
2011-01-01,Spain,2Y,3.342,1.368,1.974,0.01844172,0.01740865
2011-02-01,Spain,2Y,3.159,1.511,1.648,-0.02451558,-0.01441031
2011-03-01,Spain,2Y,3.131,1.787,1.3439999999999999,0.07028429,0.06022116
2011-04-01,Spain,2Y,3.257,1.767,1.4900000000000002,-0.00244173,0.01943218
2011-05-01,Spain,2Y,3.451,1.601,1.85,-0.05955414,-0.04508166
2011-06-01,Spain,2Y,3.413,1.603,1.8099999999999998,-0.01534681,-0.00214682
2011-07-01,Spain,2Y,4.203,1.158,3.0450000000000004,-0.01354933,0.02770202
2011-08-01,Spain,2Y,3.278,0.714,2.564,-0.04366301,-0.12013885
2011-09-01,Spain,2Y,3.407,0.547,2.86,0.01207522,-0.01000965
2011-10-01,Spain,2Y,3.936,0.536,3.4,0.10619898,0.05031052
2011-11-01,Spain,2Y,5.255,0.331,4.9239999999999995,-0.07192325,-0.0611927
2011-12-01,Spain,2Y,3.161,0.139,3.0220000000000002,0.03349252,-0.03948307
2012-01-01,Spain,2Y,2.528,0.156,2.372,0.02629851,-0.02840244
2012-02-01,Spain,2Y,2.276,0.188,2.0879999999999996,-0.01433788,0.01535817
2012-03-01,Spain,2Y,2.474,0.204,2.27,0.00682966,-0.00830541
2012-04-01,Spain,2Y,3.182,0.076,3.106,0.00683135,-0.00606342
2012-05-01,Spain,2Y,4.932,0.007,4.918,0.04135716,-0.02621478
2012-06-01,Spain,2Y,4.201,0.12,4.0809999999999995,0.03338643,-0.00627108
2012-07-01,Spain,2Y,5.168,-0.094,5.2620000000000005,-0.0072012,-0.10685152
2012-08-01,Spain,2Y,3.589,-0.037,3.626,0.10355838,-0.07344139
2012-09-01,Spain,2Y,3.363,0.018,3.345,-0.03500514,0.0388083
2012-10-01,Spain,2Y,2.981,0.035,2.9459999999999997,0.00539462,-0.00081696
2012-11-01,Spain,2Y,2.828,0.007,2.8209999999999997,0.00753017,0.00512519
2012-12-01,Spain,2Y,2.783,-0.021,2.804,-0.0037345,-0.00486517
2013-01-01,Spain,2Y,2.54,0.266,2.274,-0.00316676,0.01806952
2013-02-01,Spain,2Y,2.471,0.037,2.434,-0.00649124,-0.0096722
2013-03-01,Spain,2Y,2.411,-0.026,2.437,0.00845211,0.00457824
2013-04-01,Spain,2Y,1.673,0.011,1.6620000000000001,0.02524541,-0.02755056
2013-05-01,Spain,2Y,1.926,0.067,1.859,-0.00548678,-0.005251
2013-06-01,Spain,2Y,2.235,0.187,2.048,0.03220402,-0.01512024
2013-07-01,Spain,2Y,1.907,0.15,1.7570000000000001,-0.06055783,0.04203836
2013-08-01,Spain,2Y,1.811,0.235,1.576,-0.0028711,0.01132435
2013-09-01,Spain,2Y,1.491,0.166,1.3250000000000002,-0.00632233,0.00132339
2013-10-01,Spain,2Y,1.506,0.113,1.393,0.00677482,-0.00609358
2013-11-01,Spain,2Y,1.382,0.114,1.2679999999999998,-0.03543784,0.02352032
2013-12-01,Spain,2Y,1.413,0.207,1.206,0.0178962,-0.00423027
2014-01-01,Spain,2Y,0.943,0.066,0.877,0.0074008,-0.01504822
2014-02-01,Spain,2Y,0.765,0.127,0.638,0.0193551,0.02089548
2014-03-01,Spain,2Y,0.699,0.158,0.5409999999999999,0.03148079,0.01102582
2014-04-01,Spain,2Y,0.729,0.14,0.589,-0.01390848,0.03683678
2014-05-01,Spain,2Y,0.711,0.061,0.6499999999999999,-0.00528758,0.01007157
2014-06-01,Spain,2Y,0.453,0.025,0.428,-0.03637694,0.01209969
2014-07-01,Spain,2Y,0.315,0.022,0.293,-0.01783726,0.01292655
2014-08-01,Spain,2Y,0.216,-0.033,0.249,0.00070312,0.00187773
2014-09-01,Spain,2Y,0.323,-0.083,0.406,-0.06422641,-0.00068183
2014-10-01,Spain,2Y,0.536,-0.058,0.5940000000000001,0.05409899,-0.04887129
2014-11-01,Spain,2Y,0.398,-0.034,0.43200000000000005,-0.03680355,0.03947588
2014-12-01,Spain,2Y,0.379,-0.11,0.489,0.05596263,-0.04833079
2015-01-01,Spain,2Y,0.29,-0.187,0.477,-0.01922483,0.01173607
2015-02-01,Spain,2Y,0.131,-0.229,0.36,0.0,0.0
2015-03-01,Spain,2Y,0.041,-0.255,0.296,0.00035536,-0.00385565
2015-04-01,Spain,2Y,0.015,-0.224,0.239,-0.00142985,0.00811493
2015-05-01,Spain,2Y,0.022,-0.229,0.251,0.0,0.0
2015-06-01,Spain,2Y,0.43,-0.229,0.659,0.00884221,-0.01158719
2015-07-01,Spain,2Y,0.113,-0.235,0.348,-0.00145856,0.00208231
2015-08-01,Spain,2Y,0.154,-0.207,0.361,0.0,0.0
2015-09-01,Spain,2Y,0.13,-0.255,0.385,-0.03170106,0.0298776
2015-10-01,Spain,2Y,0.021,-0.317,0.338,-0.07457095,0.05369102
2015-11-01,Spain,2Y,-0.038,-0.419,0.381,0.0,0.0
2015-12-01,Spain,2Y,-0.001,-0.349,0.348,0.16522564,-0.06777853
2016-01-01,Spain,2Y,-0.023,-0.49,0.46699999999999997,-0.02353204,0.00207732
2016-02-01,Spain,2Y,0.014,-0.574,0.588,0.0,0.0
2016-03-01,Spain,2Y,-0.005,-0.489,0.484,0.00295142,0.04696157
2016-04-01,Spain,2Y,-0.065,-0.485,0.42,0.00874813,-0.00714425
2016-05-01,Spain,2Y,-0.109,-0.517,0.40800000000000003,0.0,0.0
2016-06-01,Spain,2Y,-0.202,-0.663,0.461,0.01416894,-0.01469861
2016-07-01,Spain,2Y,-0.165,-0.632,0.46699999999999997,0.00420598,0.02136953
2016-08-01,Spain,2Y,-0.182,-0.625,0.443,0.0,0.0
2016-09-01,Spain,2Y,-0.223,-0.693,0.47,0.02928932,-0.01588046
2016-10-01,Spain,2Y,-0.168,-0.626,0.45799999999999996,-0.00343218,0.00288461
2016-11-01,Spain,2Y,-0.126,-0.735,0.609,0.0,0.0
2016-12-01,Spain,2Y,-0.305,-0.8,0.49500000000000005,-0.02369548,0.02494524
2017-01-01,Spain,2Y,-0.279,-0.71,0.43099999999999994,-0.01136922,0.01125365
2017-02-01,Spain,2Y,-0.142,-0.909,0.767,0.0,0.0
2017-03-01,Spain,2Y,-0.184,-0.75,0.5660000000000001,-0.01209542,0.01300103
2017-04-01,Spain,2Y,-0.269,-0.74,0.471,-0.00220409,-0.00059132
2017-05-01,Spain,2Y,-0.292,-0.723,0.431,0.0,0.0
2017-06-01,Spain,2Y,-0.275,-0.581,0.30599999999999994,0.00468379,-0.00618022
2017-07-01,Spain,2Y,-0.34,-0.688,0.3479999999999999,-0.00745165,-0.00386945
2017-08-01,Spain,2Y,-0.37,-0.733,0.363,0.0,0.0
2017-09-01,Spain,2Y,-0.344,-0.697,0.353,-0.00127015,0.00235026
2017-10-01,Spain,2Y,-0.371,-0.754,0.383,-0.01205914,0.01350465
2017-11-01,Spain,2Y,-0.366,-0.69,0.32399999999999995,0.0,0.0
2017-12-01,Spain,2Y,-0.384,-0.639,0.255,-0.00726541,0.00542794
2018-01-01,Spain,2Y,-0.378,-0.535,0.15700000000000003,0.01937805,-0.01940399
2018-02-01,Spain,2Y,-0.223,-0.548,0.32500000000000007,0.0,0.0
2018-03-01,Spain,2Y,-0.369,-0.613,0.244,-0.01997759,0.02238169
2018-04-01,Spain,2Y,-0.339,-0.592,0.25299999999999995,0.00352961,-0.00433858
2018-05-01,Spain,2Y,-0.084,-0.667,0.5830000000000001,0.0,0.0
2018-06-01,Spain,2Y,-0.247,-0.674,0.42700000000000005,-0.04271677,0.03658385
2018-07-01,Spain,2Y,-0.319,-0.579,0.25999999999999995,-0.00753783,0.00753783
2018-08-01,Spain,2Y,-0.273,-0.611,0.33799999999999997,0.0,0.0
2018-09-01,Spain,2Y,-0.192,-0.532,0.34,0.00550418,-0.00644394
2018-10-01,Spain,2Y,-0.129,-0.624,0.495,0.02001239,-0.01825893
2018-11-01,Spain,2Y,-0.17,-0.602,0.43199999999999994,0.0,0.0
2018-12-01,Spain,2Y,-0.249,-0.62,0.371,-0.00415027,0.00355439
2019-01-01,Spain,2Y,-0.26,-0.569,0.30899999999999994,0.0175893,-0.02145109
2019-02-01,Spain,2Y,-0.267,-0.528,0.261,0.0,0.0
2019-03-01,Spain,2Y,-0.379,-0.611,0.23199999999999998,0.00868726,-0.01442751
2019-04-01,Spain,2Y,-0.343,-0.59,0.24699999999999994,-0.00273599,-0.00018377
2019-05-01,Spain,2Y,-0.383,-0.673,0.29000000000000004,0.0,0.0
2019-06-01,Spain,2Y,-0.431,-0.758,0.327,0.03058214,-0.0071408
2019-07-01,Spain,2Y,-0.498,-0.785,0.28700000000000003,0.04218756,-0.00506254
2019-08-01,Spain,2Y,-0.573,-0.933,0.3600000000000001,0.0,0.0
2019-09-01,Spain,2Y,-0.518,-0.773,0.255,0.03217407,0.03487853
2019-10-01,Spain,2Y,-0.434,-0.668,0.23400000000000004,0.00764552,-0.00665165
2019-11-01,Spain,2Y,-0.389,-0.636,0.247,0.0,0.0
2019-12-01,Spain,2Y,-0.397,-0.612,0.21499999999999997,-0.01029327,0.01098215
2020-01-01,Spain,2Y,-0.433,-0.674,0.24100000000000005,0.01788192,-0.01219238
2020-02-01,Spain,2Y,-0.433,-0.776,0.343,0.0,0.0
2020-03-01,Spain,2Y,-0.202,-0.702,0.49999999999999994,0.18996661,-0.0646914
2020-04-01,Spain,2Y,-0.226,-0.777,0.551,0.04450687,-0.0282567
2020-05-01,Spain,2Y,-0.353,-0.668,0.31500000000000006,0.0,0.0
2020-06-01,Spain,2Y,-0.419,-0.695,0.27599999999999997,0.00075699,0.00221042
2020-07-01,Spain,2Y,-0.411,-0.72,0.309,-0.01051453,0.00663075
2020-08-01,Spain,2Y,-0.465,-0.658,0.193,0.0,0.0
2020-09-01,Spain,2Y,-0.513,-0.705,0.19199999999999995,-0.01137573,0.0209051
2020-10-01,Spain,2Y,-0.581,-0.798,0.21700000000000008,-0.04440888,0.03827308
2020-11-01,Spain,2Y,-0.593,-0.749,0.15600000000000003,0.0,0.0
2020-12-01,Spain,2Y,-0.63,-0.715,0.08499999999999996,0.02960964,-0.0146942
2021-01-01,Spain,2Y,-0.542,-0.738,0.19599999999999995,0.01223291,-0.00964168
2021-02-01,Spain,2Y,-0.416,-0.668,0.25200000000000006,0.0,0.0
2021-03-01,Spain,2Y,-0.494,-0.695,0.20099999999999996,0.00286225,0.0097477
2021-04-01,Spain,2Y,-0.495,-0.69,0.19499999999999995,0.00189025,-0.00343929
2021-05-01,Spain,2Y,-0.505,-0.668,0.16300000000000003,0.0,0.0
2021-06-01,Spain,2Y,-0.51,-0.667,0.15700000000000003,-0.01563274,0.01470217
2021-07-01,Spain,2Y,-0.587,-0.767,0.18000000000000005,0.0073095,-0.00768279
2021-08-01,Spain,2Y,-0.609,-0.722,0.11299999999999999,0.0,0.0
2021-09-01,Spain,2Y,-0.587,-0.695,0.10799999999999998,-0.01404805,0.01567899
2021-10-01,Spain,2Y,-0.551,-0.591,0.039999999999999925,0.00670146,-0.0061872
2021-11-01,Spain,2Y,-0.637,-0.746,0.10899999999999999,0.0,0.0
2021-12-01,Spain,2Y,-0.622,-0.636,0.014000000000000012,0.02039478,-0.02349587
2022-01-01,Spain,2Y,-0.509,-0.536,0.027000000000000024,0.0,0.0
2022-02-01,Spain,2Y,-0.059,-0.539,0.48000000000000004,0.03923857,-0.02262021
2022-03-01,Spain,2Y,0.205,-0.08,0.285,0.01158872,0.00288687
2022-04-01,Spain,2Y,0.57,0.254,0.31599999999999995,-0.02722772,-0.01209206
2022-05-01,Spain,2Y,0.715,0.494,0.22099999999999997,0.0,0.0
2022-06-01,Spain,2Y,0.937,0.632,0.30500000000000005,0.04000315,-0.05017059
2022-07-01,Spain,2Y,0.531,0.264,0.267,0.06062276,0.06828821
2022-08-01,Spain,2Y,1.375,1.184,0.19100000000000006,0.0,0.0
2022-09-01,Spain,2Y,2.113,1.747,0.3659999999999999,0.06553518,0.05123198
2022-10-01,Spain,2Y,2.179,1.927,0.2519999999999998,-0.0484317,-0.00738864
2022-11-01,Spain,2Y,2.365,2.112,0.2530000000000001,0.0,0.0
2022-12-01,Spain,2Y,2.888,2.738,0.1499999999999999,0.08741766,-0.05187298
2023-01-01,Spain,2Y,2.894,2.644,0.25,0.0,0.0
2023-02-01,Spain,2Y,3.35,3.128,0.22199999999999998,-0.02825908,0.00739243
2023-03-01,Spain,2Y,2.892,2.673,0.21899999999999986,0.06364707,0.13706177
2023-04-01,Spain,2Y,2.979,2.675,0.30400000000000027,0.0,0.0
2023-05-01,Spain,2Y,3.007,2.707,0.30000000000000027,-0.05445383,-0.02205352
2023-06-01,Spain,2Y,3.474,3.188,0.28600000000000003,0.00310685,0.01212789
2023-07-01,Spain,2Y,3.422,3.031,0.391,-0.02931627,0.00761737
2023-08-01,Spain,2Y,3.331,2.967,0.3639999999999999,0.0,0.0
2023-09-01,Spain,2Y,3.581,3.198,0.383,0.00399758,0.06922208
2023-10-01,Spain,2Y,3.432,3.011,0.4209999999999998,-0.02513959,0.0050286
2023-11-01,Spain,2Y,3.275,2.812,0.4630000000000001,0.0,0.0
2023-12-01,Spain,2Y,2.943,2.392,0.5510000000000002,0.03287603,-0.00518218
2024-01-01,Spain,2Y,2.676,2.415,0.2610000000000001,-0.04307478,0.00364715
2024-02-01,Spain,2Y,3.069,2.898,0.17099999999999982,0.0,0.0
2024-03-01,Spain,2Y,3.007,2.846,0.16100000000000003,-0.02470938,0.02110809
2024-04-01,Spain,2Y,3.242,3.03,0.2120000000000002,-0.00688623,0.00746176
2024-05-01,Spain,2Y,3.274,3.093,0.18100000000000005,0.0,0.0
2024-06-01,Spain,2Y,3.152,2.828,0.3240000000000003,0.01490844,0.0018587
2024-07-01,Spain,2Y,2.825,2.525,0.30000000000000027,-0.00635903,0.00050086
2024-08-01,Spain,2Y,2.669,2.388,0.28100000000000014,0.0,0.0
2024-09-01,Spain,2Y,2.37,2.064,0.30600000000000005,0.03255924,-0.01615053
2024-10-01,Spain,2Y,2.537,2.276,0.2610000000000001,-0.02068547,-0.01217264
2024-11-01,Spain,2Y,2.222,1.945,0.2769999999999999,0.0,0.0
2024-12-01,Spain,2Y,2.241,2.077,0.16400000000000015,0.00609036,0.02176619
2025-01-01,Spain,2Y,2.322,2.11,0.2120000000000002,-0.0087809,-0.00804116
2025-02-01,Spain,2Y,2.233,2.021,0.2120000000000002,0.0,0.0
2025-03-01,Spain,2Y,2.201,2.045,0.15600000000000014,-0.00193929,0.02623149
2025-04-01,Spain,2Y,1.883,1.683,0.19999999999999996,-0.03264565,-0.02455187
2025-05-01,Spain,2Y,1.931,1.772,0.15900000000000003,0.0,0.0
2025-06-01,Spain,2Y,1.992,1.857,0.135,0.02367629,-0.00634498
2025-07-01,Spain,2Y,2.083,1.96,0.12300000000000022,0.02395822,-0.00106382
2025-08-01,Spain,2Y,2.036,1.937,0.09899999999999998,0.0,0.0
2025-09-01,Spain,2Y,2.095,2.018,0.0770000000000004,-0.01551833,0.00187802
2025-10-01,Spain,2Y,2.032,1.966,0.06600000000000006,-0.01065112,0.01192155
2025-11-01,Spain,2Y,2.064,2.026,0.038000000000000256,,
2025-12-01,Spain,2Y,2.26,2.12,0.13999999999999968,,
2026-01-01,Spain,2Y,2.203,2.085,0.11799999999999988,,
2026-02-01,Spain,2Y,2.111,1.995,0.1160000000000001,,
2026-03-01,Spain,2Y,2.731,2.613,0.11799999999999988,,
2026-04-01,Spain,2Y,2.726,2.64,0.08599999999999985,,
2026-05-01,Spain,2Y,2.594,2.526,0.06800000000000006,,
2026-06-01,Spain,2Y,2.59,2.524,0.06599999999999984,,
2026-07-01,Spain,2Y,2.861,2.817,0.04400000000000004,,
2026-08-01,Spain,2Y,2.959,2.934,0.02499999999999991,,
2026-09-01,Spain,2Y,3.28,3.26,0.020000000000000018,,
1999-01-01,Spain,5Y,3.326,3.127,0.1990000000000003,0.02914637,-0.06311121
1999-02-01,Spain,5Y,3.634,3.406,0.22799999999999976,-0.00556514,0.00556514
1999-03-01,Spain,5Y,3.487,3.228,0.2589999999999999,-0.00592203,0.00323799
1999-04-01,Spain,5Y,3.273,3.089,0.18400000000000016,-0.00679893,-0.00330584
1999-05-01,Spain,5Y,3.524,3.317,0.20699999999999985,0.01543059,-0.00936631
1999-06-01,Spain,5Y,4.031,3.847,0.18399999999999972,0.00768436,-0.01317122
1999-07-01,Spain,5Y,4.399,4.186,0.21300000000000008,-0.00494872,0.02780708
1999-08-01,Spain,5Y,4.465,4.307,0.15799999999999947,0.00678846,-0.00826848
1999-09-01,Spain,5Y,4.638,4.424,0.21399999999999952,-0.04166781,-0.00527997
1999-10-01,Spain,5Y,4.845,4.641,0.20399999999999974,-0.06815947,-0.10613335
1999-11-01,Spain,5Y,4.81,4.632,0.17799999999999994,0.01057526,0.04684463
1999-12-01,Spain,5Y,4.987,4.79,0.17600000000000016,-0.00790024,0.00763541
2000-01-01,Spain,5Y,5.329,5.052,0.27700000000000014,0.01150505,-0.02335973
2000-02-01,Spain,5Y,5.284,5.088,0.19599999999999973,-0.04027945,0.06481814
2000-03-01,Spain,5Y,5.071,4.854,0.21699999999999964,-0.06675806,-0.0176937
2000-04-01,Spain,5Y,5.198,4.998,0.20000000000000018,0.02378726,-0.01526446
2000-05-01,Spain,5Y,5.322,5.046,0.2759999999999998,-0.06400218,0.06313006
2000-06-01,Spain,5Y,5.287,5.022,0.2649999999999997,0.11366676,0.04898755
2000-07-01,Spain,5Y,5.373,5.141,0.2320000000000002,0.02048594,-0.00231932
2000-08-01,Spain,5Y,5.475,5.237,0.23799999999999955,-0.04765312,-0.036261
2000-09-01,Spain,5Y,5.347,5.057,0.29000000000000004,-0.03226793,-0.00031136
2000-10-01,Spain,5Y,5.331,5.073,0.258,0.02902834,0.0510063
2000-11-01,Spain,5Y,5.088,4.828,0.2599999999999998,-0.00713094,-0.01518934
2000-12-01,Spain,5Y,4.753,4.508,0.2450000000000001,-0.0010197,0.02324592
2001-01-01,Spain,5Y,4.699,4.495,0.20399999999999974,0.01139404,-0.00090513
2001-02-01,Spain,5Y,4.669,4.482,0.1869999999999994,-0.00204204,0.01927988
2001-03-01,Spain,5Y,4.526,4.334,0.19200000000000017,0.06859912,0.03120769
2001-04-01,Spain,5Y,5.006,4.748,0.258,0.06421035,0.12710222
2001-05-01,Spain,5Y,4.949,4.731,0.21799999999999997,-0.13656878,-0.08779026
2001-06-01,Spain,5Y,4.818,4.59,0.22799999999999976,0.02854883,0.02396559
2001-07-01,Spain,5Y,4.673,4.413,0.2599999999999998,0.03007371,0.01514081
2001-08-01,Spain,5Y,4.498,4.201,0.2970000000000006,0.05079423,-0.02379363
2001-09-01,Spain,5Y,4.304,4.062,0.242,0.0313824,-0.01387918
2001-10-01,Spain,5Y,3.907,3.741,0.16599999999999993,0.04317789,0.06975827
2001-11-01,Spain,5Y,4.124,4.026,0.09799999999999986,0.03107767,-0.00197459
2001-12-01,Spain,5Y,4.485,4.386,0.08499999999999996,0.02660325,0.00333289
2002-01-01,Spain,5Y,4.716,4.505,0.2110000000000003,0.01003587,0.01147814
2002-02-01,Spain,5Y,4.579,4.546,0.032999999999999474,-0.00667414,0.03998737
2002-03-01,Spain,5Y,4.959,4.902,0.041999999999999815,-3.086e-05,0.01296051
2002-04-01,Spain,5Y,4.728,4.71,0.017999999999999794,-0.00247617,-0.01196426
2002-05-01,Spain,5Y,4.803,4.8,0.0030000000000001137,0.03218836,0.01597417
2002-06-01,Spain,5Y,4.581,4.491,0.09000000000000075,0.01184929,-0.00618789
2002-07-01,Spain,5Y,4.302,4.196,0.10599999999999987,0.00352277,-0.0116348
2002-08-01,Spain,5Y,4.078,4.049,0.028999999999999915,0.01803811,-0.01560232
2002-09-01,Spain,5Y,3.648,3.601,0.04700000000000015,0.01607403,-0.04022966
2002-10-01,Spain,5Y,3.759,3.784,-0.02499999999999991,0.02180133,0.01000217
2002-11-01,Spain,5Y,3.87,3.8,0.07000000000000028,0.06594808,-0.03659766
2002-12-01,Spain,5Y,3.432,3.395,0.03699999999999992,0.00595453,-0.05100643
2003-01-01,Spain,5Y,3.292,3.266,0.0259999999999998,-0.02700705,0.05207753
2003-02-01,Spain,5Y,3.005,3.055,-0.050000000000000266,0.05532359,-0.03445075
2003-03-01,Spain,5Y,3.158,3.24,-0.0820000000000003,0.06711294,-0.02143875
2003-04-01,Spain,5Y,3.22,3.273,-0.052999999999999936,0.01825694,0.00312353
2003-05-01,Spain,5Y,2.836,2.879,-0.04300000000000015,0.05561085,-0.01606747
2003-06-01,Spain,5Y,2.883,2.949,-0.06599999999999984,0.00128217,-0.05865202
2003-07-01,Spain,5Y,3.309,3.363,-0.053999999999999826,0.00179838,0.01282863
2003-08-01,Spain,5Y,3.402,3.463,-0.06099999999999994,0.0,0.0
2003-09-01,Spain,5Y,3.035,3.097,-0.06199999999999983,0.00235118,-0.00730611
2003-10-01,Spain,5Y,3.465,3.601,-0.13600000000000012,0.03221462,-0.01758272
2003-11-01,Spain,5Y,3.607,3.743,-0.13599999999999968,-0.00093229,0.00553257
2003-12-01,Spain,5Y,3.344,3.504,-0.16000000000000014,0.01015649,-0.01957929
2004-01-01,Spain,5Y,3.495,3.402,0.09299999999999997,-0.0131573,0.00742273
2004-02-01,Spain,5Y,3.209,3.244,-0.03500000000000014,-0.00162731,-0.00688155
2004-03-01,Spain,5Y,3.055,3.093,-0.03799999999999981,0.01236658,0.02812953
2004-04-01,Spain,5Y,3.364,3.411,-0.04700000000000015,0.04962089,0.02543383
2004-05-01,Spain,5Y,3.551,3.578,-0.02699999999999969,0.01746509,-0.0065437
2004-06-01,Spain,5Y,3.536,3.572,-0.03600000000000003,-0.01060389,-0.00014359
2004-07-01,Spain,5Y,3.419,3.458,-0.039000000000000146,0.00862926,-0.00812276
2004-08-01,Spain,5Y,3.179,3.32,-0.14100000000000001,-0.00139583,0.00217688
2004-09-01,Spain,5Y,3.186,3.317,-0.13100000000000023,0.0114091,0.00103921
2004-10-01,Spain,5Y,3.03,3.164,-0.13400000000000034,-0.00411348,-0.00801005
2004-11-01,Spain,5Y,2.903,3.043,-0.14000000000000012,-0.00031881,-0.00525612
2004-12-01,Spain,5Y,3.078,3.031,0.04699999999999971,0.01785679,-0.00429348
2005-01-01,Spain,5Y,2.969,2.927,0.041999999999999815,-0.01786635,-0.01631762
2005-02-01,Spain,5Y,3.118,3.076,0.041999999999999815,0.00876981,-0.01224856
2005-03-01,Spain,5Y,3.02,3.061,-0.040999999999999925,-0.00906581,0.00175456
2005-04-01,Spain,5Y,2.758,2.79,-0.03200000000000003,0.00312037,-0.01689142
2005-05-01,Spain,5Y,2.608,2.638,-0.029999999999999805,-0.00742018,0.0089191
2005-06-01,Spain,5Y,2.441,2.481,-0.040000000000000036,0.01228622,0.00308786
2005-07-01,Spain,5Y,2.7,2.647,0.05300000000000038,-0.01999819,0.03965357
2005-08-01,Spain,5Y,2.589,2.539,0.04999999999999982,0.00221244,-0.00113823
2005-09-01,Spain,5Y,2.708,2.732,-0.02400000000000002,-0.00616143,0.00137953
2005-10-01,Spain,5Y,2.978,3.007,-0.028999999999999915,-0.00725165,0.0053286
2005-11-01,Spain,5Y,3.063,3.093,-0.029999999999999805,-0.02639035,0.01567596
2005-12-01,Spain,5Y,3.05,3.068,-0.018000000000000238,-0.02869513,0.00122556
2006-01-01,Spain,5Y,3.266,3.22,0.04599999999999982,-0.01509696,-0.00771216
2006-02-01,Spain,5Y,3.319,3.262,0.05699999999999994,-0.00544505,-0.00324349
2006-03-01,Spain,5Y,3.603,3.585,0.018000000000000238,0.02163882,-0.01310347
2006-04-01,Spain,5Y,3.746,3.735,0.01100000000000012,-0.05627657,-0.03601184
2006-05-01,Spain,5Y,3.729,3.697,0.03200000000000003,0.00017422,-0.00236101
2006-06-01,Spain,5Y,3.873,3.84,0.03300000000000036,-0.03946736,-0.00172699
2006-07-01,Spain,5Y,3.726,3.695,0.03100000000000014,0.01414146,0.00627523
2006-08-01,Spain,5Y,3.615,3.588,0.027000000000000135,0.01499431,0.01378088
2006-09-01,Spain,5Y,3.638,3.628,0.009999999999999787,0.0,0.0
2006-10-01,Spain,5Y,3.701,3.683,0.018000000000000238,-0.00312185,0.00292537
2006-11-01,Spain,5Y,3.65,3.635,0.015000000000000124,0.02599157,-0.03156989
2006-12-01,Spain,5Y,3.94,3.921,0.019000000000000128,-0.01228785,0.03226851
2007-01-01,Spain,5Y,4.044,4.036,0.008000000000000007,-0.04184531,-0.00062716
2007-02-01,Spain,5Y,3.905,3.892,0.0129999999999999,0.01201155,-0.00426155
2007-03-01,Spain,5Y,4.037,4.018,0.019000000000000128,0.00234815,0.00780903
2007-04-01,Spain,5Y,4.153,4.134,0.01899999999999924,0.00848509,-0.01206177
2007-05-01,Spain,5Y,4.429,4.412,0.017000000000000348,0.00231754,-0.00518441
2007-06-01,Spain,5Y,4.571,4.527,0.043999999999999595,3.95e-06,-0.00707298
2007-07-01,Spain,5Y,4.401,4.319,0.08199999999999985,0.00420353,-0.00350775
2007-08-01,Spain,5Y,4.182,4.115,0.06700000000000017,-7.551e-05,-0.00333671
2007-09-01,Spain,5Y,4.24,4.163,0.07699999999999996,-0.0363456,-0.00270934
2007-10-01,Spain,5Y,4.189,4.132,0.057000000000000384,0.00166756,-0.00365079
2007-11-01,Spain,5Y,4.018,3.911,0.10699999999999976,0.00101171,-0.02129922
2007-12-01,Spain,5Y,4.18,4.119,0.06099999999999994,0.02203938,-0.00235725
2008-01-01,Spain,5Y,3.684,3.552,0.13200000000000012,0.00854417,-0.01034839
2008-02-01,Spain,5Y,3.504,3.368,0.13600000000000012,-0.00565551,-0.04432311
2008-03-01,Spain,5Y,3.843,3.6,0.24299999999999988,0.03287918,-0.00319577
2008-04-01,Spain,5Y,4.111,3.877,0.23399999999999999,-0.00107664,0.00211722
2008-05-01,Spain,5Y,4.456,4.303,0.15300000000000047,0.0079654,-0.01921652
2008-06-01,Spain,5Y,4.845,4.636,0.20899999999999963,0.08718549,0.05944987
2008-07-01,Spain,5Y,4.446,4.272,0.1739999999999995,-0.08616599,0.0003162
2008-08-01,Spain,5Y,4.269,4.095,0.17400000000000038,-0.00047578,-0.0412033
2008-09-01,Spain,5Y,4.276,3.768,0.508,0.02062448,-0.02765799
2008-10-01,Spain,5Y,3.742,3.196,0.5459999999999998,-0.00294813,-0.05476331
2008-11-01,Spain,5Y,3.465,2.651,0.8140000000000001,0.14345953,0.0601037
2008-12-01,Spain,5Y,3.196,2.318,0.8780000000000001,0.07249163,-0.02195657
2009-01-01,Spain,5Y,3.407,2.494,0.9129999999999998,0.00570074,-0.03082516
2009-02-01,Spain,5Y,3.343,2.234,1.109,-0.0142095,-0.04348585
2009-03-01,Spain,5Y,3.067,2.233,0.8340000000000001,-0.00508159,0.00953191
2009-04-01,Spain,5Y,2.828,2.354,0.47399999999999975,0.04361952,0.04035626
2009-05-01,Spain,5Y,3.1,2.632,0.46799999999999997,-0.00276712,-0.02144281
2009-06-01,Spain,5Y,2.856,2.493,0.363,0.01914683,0.01991529
2009-07-01,Spain,5Y,2.799,2.406,0.3929999999999998,0.01967426,-0.08702865
2009-08-01,Spain,5Y,2.79,2.375,0.41500000000000004,0.00382895,-0.00227106
2009-09-01,Spain,5Y,2.757,2.401,0.3560000000000003,-0.01479861,-0.0288011
2009-10-01,Spain,5Y,2.731,2.411,0.31999999999999984,-0.00631641,-0.01739833
2009-11-01,Spain,5Y,2.654,2.233,0.4209999999999998,-0.03362904,0.01798103
2009-12-01,Spain,5Y,2.96,2.423,0.5369999999999999,-0.03020061,-0.01008083
2010-01-01,Spain,5Y,3.039,2.276,0.7630000000000003,-6.14e-06,-0.01162683
2010-02-01,Spain,5Y,2.726,2.127,0.5990000000000002,0.02809804,-0.03309557
2010-03-01,Spain,5Y,2.816,2.136,0.6799999999999997,-0.01619472,0.00347371
2010-04-01,Spain,5Y,3.096,1.968,1.1280000000000001,0.00539033,-0.00101855
2010-05-01,Spain,5Y,3.336,1.557,1.779,0.02627696,-0.01799763
2010-06-01,Spain,5Y,3.752,1.458,2.2939999999999996,-0.02371403,0.02024375
2010-07-01,Spain,5Y,2.947,1.653,1.294,0.00522594,0.04208827
2010-08-01,Spain,5Y,3.128,1.199,1.929,0.01420454,-0.02426078
2010-09-01,Spain,5Y,3.116,1.483,1.633,-0.00294235,-0.01052608
2010-10-01,Spain,5Y,3.141,1.712,1.429,-0.00279264,0.00162802
2010-11-01,Spain,5Y,4.908,1.674,3.2340000000000004,-0.00010904,-0.0080795
2010-12-01,Spain,5Y,4.756,1.838,2.918,-0.00484115,-0.02320713
2011-01-01,Spain,5Y,4.532,2.386,2.146,0.01844172,0.01740865
2011-02-01,Spain,5Y,4.454,2.386,2.0679999999999996,-0.02451558,-0.01441031
2011-03-01,Spain,5Y,4.429,2.671,1.7580000000000005,0.07028429,0.06022116
2011-04-01,Spain,5Y,4.513,2.599,1.9139999999999997,-0.00244173,0.01943218
2011-05-01,Spain,5Y,4.628,2.277,2.351,-0.05955414,-0.04508166
2011-06-01,Spain,5Y,4.672,2.277,2.3949999999999996,-0.01534681,-0.00214682
2011-07-01,Spain,5Y,5.351,1.719,3.6319999999999997,-0.01354933,0.02770202
2011-08-01,Spain,5Y,4.234,1.309,2.925,-0.04366301,-0.12013885
2011-09-01,Spain,5Y,4.358,1.165,3.1929999999999996,0.01207522,-0.01000965
2011-10-01,Spain,5Y,4.74,1.159,3.5810000000000004,0.10619898,0.05031052
2011-11-01,Spain,5Y,5.793,1.16,4.633,-0.07192325,-0.0611927
2011-12-01,Spain,5Y,4.054,0.753,3.301,0.03349252,-0.03948307
2012-01-01,Spain,5Y,3.579,0.736,2.843,0.02629851,-0.02840244
2012-02-01,Spain,5Y,3.528,0.813,2.715,-0.01433788,0.01535817
2012-03-01,Spain,5Y,4.098,0.794,3.304,0.00682966,-0.00830541
2012-04-01,Spain,5Y,4.624,0.599,4.0249999999999995,0.00683135,-0.00606342
2012-05-01,Spain,5Y,6.023,0.336,5.686999999999999,0.04135716,-0.02621478
2012-06-01,Spain,5Y,5.475,0.61,4.864999999999999,0.03338643,-0.00627108
2012-07-01,Spain,5Y,6.203,0.303,5.9,-0.0072012,-0.10685152
2012-08-01,Spain,5Y,5.448,0.333,5.115,0.10355838,-0.07344139
2012-09-01,Spain,5Y,4.688,0.509,4.178999999999999,-0.03500514,0.0388083
2012-10-01,Spain,5Y,4.358,0.491,3.8669999999999995,0.00539462,-0.00081696
2012-11-01,Spain,5Y,4.21,0.405,3.8049999999999997,0.00753017,0.00512519
2012-12-01,Spain,5Y,3.998,0.292,3.7060000000000004,-0.0037345,-0.00486517
2013-01-01,Spain,5Y,3.833,0.762,3.071,-0.00316676,0.01806952
2013-02-01,Spain,5Y,3.726,0.434,3.292,-0.00649124,-0.0096722
2013-03-01,Spain,5Y,3.797,0.311,3.486,0.00845211,0.00457824
2013-04-01,Spain,5Y,2.91,0.332,2.5780000000000003,0.02524541,-0.02755056
2013-05-01,Spain,5Y,3.219,0.487,2.7319999999999998,-0.00548678,-0.005251
2013-06-01,Spain,5Y,3.568,0.734,2.834,0.03220402,-0.01512024
2013-07-01,Spain,5Y,3.3,0.651,2.649,-0.06055783,0.04203836
2013-08-01,Spain,5Y,3.511,0.817,2.694,-0.0028711,0.01132435
2013-09-01,Spain,5Y,3.15,0.791,2.359,-0.00632233,0.00132339
2013-10-01,Spain,5Y,2.788,0.657,2.131,0.00677482,-0.00609358
2013-11-01,Spain,5Y,2.683,0.651,2.032,-0.03543784,0.02352032
2013-12-01,Spain,5Y,2.7,0.917,1.7830000000000001,0.0178962,-0.00423027
2014-01-01,Spain,5Y,2.191,0.649,1.5419999999999998,0.0074008,-0.01504822
2014-02-01,Spain,5Y,2.01,0.667,1.3429999999999997,0.0193551,0.02089548
2014-03-01,Spain,5Y,1.843,0.628,1.2149999999999999,0.03148079,0.01102582
2014-04-01,Spain,5Y,1.672,0.551,1.121,-0.01390848,0.03683678
2014-05-01,Spain,5Y,1.542,0.428,1.114,-0.00528758,0.01007157
2014-06-01,Spain,5Y,1.272,0.341,0.931,-0.03637694,0.01209969
2014-07-01,Spain,5Y,1.109,0.301,0.808,-0.01783726,0.01292655
2014-08-01,Spain,5Y,0.911,0.172,0.7390000000000001,0.00070312,0.00187773
2014-09-01,Spain,5Y,0.892,0.146,0.746,-0.06422641,-0.00068183
2014-10-01,Spain,5Y,0.998,0.125,0.873,0.05409899,-0.04887129
2014-11-01,Spain,5Y,0.884,0.111,0.773,-0.03680355,0.03947588
2014-12-01,Spain,5Y,0.859,0.008,0.851,0.05596263,-0.04833079
2015-01-01,Spain,5Y,0.826,-0.051,0.877,-0.01922483,0.01173607
2015-02-01,Spain,5Y,0.574,-0.088,0.6619999999999999,0.0,0.0
2015-03-01,Spain,5Y,0.532,-0.102,0.634,0.00035536,-0.00385565
2015-04-01,Spain,5Y,0.609,0.007,0.602,-0.00142985,0.00811493
2015-05-01,Spain,5Y,0.778,-0.004,0.782,0.0,0.0
2015-06-01,Spain,5Y,1.119,0.073,1.046,0.00884221,-0.01158719
2015-07-01,Spain,5Y,0.897,0.044,0.853,-0.00145856,0.00208231
2015-08-01,Spain,5Y,1.034,0.126,0.908,0.0,0.0
2015-09-01,Spain,5Y,0.881,-0.007,0.888,-0.03170106,0.0298776
2015-10-01,Spain,5Y,0.656,-0.079,0.735,-0.07457095,0.05369102
2015-11-01,Spain,5Y,0.493,-0.183,0.6759999999999999,0.0,0.0
2015-12-01,Spain,5Y,0.669,-0.047,0.7160000000000001,0.16522564,-0.06777853
2016-01-01,Spain,5Y,0.437,-0.313,0.75,-0.02353204,0.00207732
2016-02-01,Spain,5Y,0.485,-0.408,0.893,0.0,0.0
2016-03-01,Spain,5Y,0.334,-0.329,0.663,0.00295142,0.04696157
2016-04-01,Spain,5Y,0.575,-0.289,0.8639999999999999,0.00874813,-0.00714425
2016-05-01,Spain,5Y,0.471,-0.378,0.849,0.0,0.0
2016-06-01,Spain,5Y,0.179,-0.569,0.748,0.01416894,-0.01469861
2016-07-01,Spain,5Y,0.17,-0.529,0.6990000000000001,0.00420598,0.02136953
2016-08-01,Spain,5Y,0.131,-0.504,0.635,0.0,0.0
2016-09-01,Spain,5Y,0.037,-0.577,0.614,0.02928932,-0.01588046
2016-10-01,Spain,5Y,0.173,-0.402,0.575,-0.00343218,0.00288461
2016-11-01,Spain,5Y,0.479,-0.432,0.911,0.0,0.0
2016-12-01,Spain,5Y,0.263,-0.543,0.806,-0.02369548,0.02494524
2017-01-01,Spain,5Y,0.335,-0.406,0.7410000000000001,-0.01136922,0.01125365
2017-02-01,Spain,5Y,0.486,-0.575,1.061,0.0,0.0
2017-03-01,Spain,5Y,0.482,-0.386,0.868,-0.01209542,0.01300103
2017-04-01,Spain,5Y,0.424,-0.39,0.8140000000000001,-0.00220409,-0.00059132
2017-05-01,Spain,5Y,0.34,-0.435,0.775,0.0,0.0
2017-06-01,Spain,5Y,0.309,-0.229,0.538,0.00468379,-0.00618022
2017-07-01,Spain,5Y,0.255,-0.182,0.437,-0.00745165,-0.00386945
2017-08-01,Spain,5Y,0.2,-0.345,0.5449999999999999,0.0,0.0
2017-09-01,Spain,5Y,0.254,-0.269,0.523,-0.00127015,0.00235026
2017-10-01,Spain,5Y,0.196,-0.351,0.5469999999999999,-0.01205914,0.01350465
2017-11-01,Spain,5Y,0.334,-0.31,0.644,0.0,0.0
2017-12-01,Spain,5Y,0.37,-0.207,0.577,-0.00726541,0.00542794
2018-01-01,Spain,5Y,0.387,0.102,0.28500000000000003,0.01937805,-0.01940399
2018-02-01,Spain,5Y,0.383,0.021,0.362,0.0,0.0
2018-03-01,Spain,5Y,0.072,-0.106,0.178,-0.01997759,0.02238169
2018-04-01,Spain,5Y,0.194,-0.061,0.255,0.00352961,-0.00433858
2018-05-01,Spain,5Y,0.446,-0.275,0.7210000000000001,0.0,0.0
2018-06-01,Spain,5Y,0.397,-0.306,0.7030000000000001,-0.04271677,0.03658385
2018-07-01,Spain,5Y,0.358,-0.128,0.486,-0.00753783,0.00753783
2018-08-01,Spain,5Y,0.45,-0.233,0.683,0.0,0.0
2018-09-01,Spain,5Y,0.52,-0.092,0.612,0.00550418,-0.00644394
2018-10-01,Spain,5Y,0.539,-0.194,0.7330000000000001,0.02001239,-0.01825893
2018-11-01,Spain,5Y,0.448,-0.271,0.7190000000000001,0.0,0.0
2018-12-01,Spain,5Y,0.331,-0.32,0.651,-0.00415027,0.00355439
2019-01-01,Spain,5Y,0.196,-0.318,0.514,0.0175893,-0.02145109
2019-02-01,Spain,5Y,0.181,-0.279,0.46,0.0,0.0
2019-03-01,Spain,5Y,0.05,-0.453,0.503,0.00868726,-0.01442751
2019-04-01,Spain,5Y,0.148,-0.416,0.564,-0.00273599,-0.00018377
2019-05-01,Spain,5Y,-0.02,-0.582,0.5619999999999999,0.0,0.0
2019-06-01,Spain,5Y,-0.166,-0.666,0.5,0.03058214,-0.0071408
2019-07-01,Spain,5Y,-0.274,-0.717,0.44299999999999995,0.04218756,-0.00506254
2019-08-01,Spain,5Y,-0.373,-0.927,0.554,0.0,0.0
2019-09-01,Spain,5Y,-0.304,-0.775,0.47100000000000003,0.03217407,0.03487853
2019-10-01,Spain,5Y,-0.21,-0.628,0.41800000000000004,0.00764552,-0.00665165
2019-11-01,Spain,5Y,-0.096,-0.585,0.489,0.0,0.0
2019-12-01,Spain,5Y,-0.084,-0.476,0.39199999999999996,-0.01029327,0.01098215
2020-01-01,Spain,5Y,-0.233,-0.644,0.41100000000000003,0.01788192,-0.01219238
2020-02-01,Spain,5Y,-0.198,-0.766,0.5680000000000001,0.0,0.0
2020-03-01,Spain,5Y,0.145,-0.657,0.802,0.18996661,-0.0646914
2020-04-01,Spain,5Y,0.036,-0.77,0.806,0.04450687,-0.0282567
2020-05-01,Spain,5Y,-0.074,-0.646,0.5720000000000001,0.0,0.0
2020-06-01,Spain,5Y,-0.143,-0.7,0.5569999999999999,0.00075699,0.00221042
2020-07-01,Spain,5Y,-0.216,-0.722,0.506,-0.01051453,0.00663075
2020-08-01,Spain,5Y,-0.206,-0.631,0.42500000000000004,0.0,0.0
2020-09-01,Spain,5Y,-0.297,-0.713,0.416,-0.01137573,0.0209051
2020-10-01,Spain,5Y,-0.328,-0.822,0.49399999999999994,-0.04440888,0.03827308
2020-11-01,Spain,5Y,-0.379,-0.754,0.375,0.0,0.0
2020-12-01,Spain,5Y,-0.397,-0.742,0.345,0.02960964,-0.0146942
2021-01-01,Spain,5Y,-0.371,-0.736,0.365,0.01223291,-0.00964168
2021-02-01,Spain,5Y,-0.181,-0.569,0.38799999999999996,0.0,0.0
2021-03-01,Spain,5Y,-0.277,-0.629,0.352,0.00286225,0.0097477
2021-04-01,Spain,5Y,-0.206,-0.578,0.372,0.00189025,-0.00343929
2021-05-01,Spain,5Y,-0.224,-0.568,0.344,0.0,0.0
2021-06-01,Spain,5Y,-0.247,-0.589,0.34199999999999997,-0.01563274,0.01470217
2021-07-01,Spain,5Y,-0.392,-0.744,0.352,0.0073095,-0.00768279
2021-08-01,Spain,5Y,-0.36,-0.68,0.32000000000000006,0.0,0.0
2021-09-01,Spain,5Y,-0.293,-0.558,0.26500000000000007,-0.01404805,0.01567899
2021-10-01,Spain,5Y,-0.111,-0.392,0.281,0.00670146,-0.0061872
2021-11-01,Spain,5Y,-0.309,-0.622,0.313,0.0,0.0
2021-12-01,Spain,5Y,-0.159,-0.461,0.30200000000000005,0.02039478,-0.02349587
2022-01-01,Spain,5Y,0.027,-0.227,0.254,0.0,0.0
2022-02-01,Spain,5Y,0.471,-0.164,0.635,0.03923857,-0.02262021
2022-03-01,Spain,5Y,0.842,0.371,0.471,0.01158872,0.00288687
2022-04-01,Spain,5Y,1.309,0.674,0.6349999999999999,-0.02722772,-0.01209206
2022-05-01,Spain,5Y,1.53,0.832,0.6980000000000001,0.0,0.0
2022-06-01,Spain,5Y,1.725,1.056,0.669,0.04000315,-0.05017059
2022-07-01,Spain,5Y,1.052,0.524,0.528,0.06062276,0.06828821
2022-08-01,Spain,5Y,1.979,1.383,0.5960000000000001,0.0,0.0
2022-09-01,Spain,5Y,2.623,1.959,0.6640000000000001,0.06553518,0.05123198
2022-10-01,Spain,5Y,2.594,2.0,0.5939999999999999,-0.0484317,-0.00738864
2022-11-01,Spain,5Y,2.5,1.929,0.571,0.0,0.0
2022-12-01,Spain,5Y,3.141,2.566,0.5750000000000002,0.08741766,-0.05187298
2023-01-01,Spain,5Y,2.921,2.306,0.6149999999999998,0.0,0.0
2023-02-01,Spain,5Y,3.357,2.736,0.621,-0.02825908,0.00739243
2023-03-01,Spain,5Y,2.928,2.305,0.6229999999999998,0.06364707,0.13706177
2023-04-01,Spain,5Y,2.968,2.3,0.6680000000000001,0.0,0.0
2023-05-01,Spain,5Y,2.959,2.275,0.6840000000000002,-0.05445383,-0.02205352
2023-06-01,Spain,5Y,3.242,2.546,0.6960000000000002,0.00310685,0.01212789
2023-07-01,Spain,5Y,3.205,2.533,0.6720000000000002,-0.02931627,0.00761737
2023-08-01,Spain,5Y,3.146,2.472,0.6739999999999999,0.0,0.0
2023-09-01,Spain,5Y,3.482,2.774,0.7080000000000002,0.00399758,0.06922208
2023-10-01,Spain,5Y,3.459,2.652,0.8069999999999999,-0.02513959,0.0050286
2023-11-01,Spain,5Y,3.092,2.372,0.7200000000000002,0.0,0.0
2023-12-01,Spain,5Y,2.605,1.942,0.663,0.03287603,-0.00518218
2024-01-01,Spain,5Y,2.702,2.049,0.653,-0.04307478,0.00364715
2024-02-01,Spain,5Y,2.963,2.43,0.5329999999999999,0.0,0.0
2024-03-01,Spain,5Y,2.833,2.32,0.5130000000000003,-0.02470938,0.02110809
2024-04-01,Spain,5Y,3.058,2.615,0.4429999999999996,-0.00688623,0.00746176
2024-05-01,Spain,5Y,3.11,2.706,0.4039999999999999,0.0,0.0
2024-06-01,Spain,5Y,3.051,2.479,0.5720000000000001,0.01490844,0.0018587
2024-07-01,Spain,5Y,2.711,2.229,0.48199999999999976,-0.00635903,0.00050086
2024-08-01,Spain,5Y,2.681,2.187,0.4940000000000002,0.0,0.0
2024-09-01,Spain,5Y,2.421,1.944,0.47699999999999987,0.03255924,-0.01615053
2024-10-01,Spain,5Y,2.661,2.265,0.3959999999999999,-0.02068547,-0.01217264
2024-11-01,Spain,5Y,2.4,1.924,0.476,0.0,0.0
2024-12-01,Spain,5Y,2.576,2.152,0.42399999999999993,0.00609036,0.02176619
2025-01-01,Spain,5Y,2.608,2.233,0.375,-0.0087809,-0.00804116
2025-02-01,Spain,5Y,2.534,2.149,0.3849999999999998,0.0,0.0
2025-03-01,Spain,5Y,2.675,2.337,0.33799999999999963,-0.00193929,0.02623149
2025-04-01,Spain,5Y,2.354,1.984,0.3700000000000001,-0.03264565,-0.02455187
2025-05-01,Spain,5Y,2.373,2.063,0.31000000000000005,0.0,0.0
2025-06-01,Spain,5Y,2.46,2.169,0.2909999999999999,0.02367629,-0.00634498
2025-07-01,Spain,5Y,2.52,2.293,0.22699999999999987,0.02395822,-0.00106382
2025-08-01,Spain,5Y,2.506,2.256,0.25,0.0,0.0
2025-09-01,Spain,5Y,2.502,2.308,0.19399999999999995,-0.01551833,0.00187802
2025-10-01,Spain,5Y,2.501,2.231,0.27,-0.01065112,0.01192155
2025-11-01,Spain,5Y,2.522,2.287,0.23499999999999988,,
2025-12-01,Spain,5Y,2.636,2.447,0.18900000000000006,,
2026-01-01,Spain,5Y,2.553,2.416,0.137,,
2026-02-01,Spain,5Y,2.489,2.237,0.2519999999999998,,
2026-03-01,Spain,5Y,2.995,2.725,0.27,,
2026-04-01,Spain,5Y,2.973,2.746,0.22699999999999987,,
2026-05-01,Spain,5Y,2.835,2.636,0.19899999999999984,,
2026-06-01,Spain,5Y,2.8,2.594,0.20599999999999996,,
2026-07-01,Spain,5Y,3.111,2.941,0.17000000000000037,,
2026-08-01,Spain,5Y,3.236,3.062,0.17400000000000038,,
2026-09-01,Spain,5Y,3.517,3.333,0.18399999999999972,,
