Day,Date,Maturity,Yield
Fr,1/1/1999,2Y,#N/A N/A
Fr,1/1/1999,5Y,#N/A N/A
Fr,1/1/1999,10Y,#N/A N/A
Mo,1/4/1999,2Y,#N/A N/A
Mo,1/4/1999,5Y,#N/A N/A
Mo,1/4/1999,10Y,#N/A N/A
Tu,1/5/1999,2Y,#N/A N/A
Tu,1/5/1999,5Y,#N/A N/A
Tu,1/5/1999,10Y,#N/A N/A
We,1/6/1999,2Y,#N/A N/A
We,1/6/1999,5Y,#N/A N/A
We,1/6/1999,10Y,#N/A N/A
Th,1/7/1999,2Y,#N/A N/A
Th,1/7/1999,5Y,#N/A N/A
Th,1/7/1999,10Y,#N/A N/A
Fr,1/8/1999,2Y,#N/A N/A
Fr,1/8/1999,5Y,#N/A N/A
Fr,1/8/1999,10Y,#N/A N/A
Mo,1/11/1999,2Y,#N/A N/A
Mo,1/11/1999,5Y,#N/A N/A
Mo,1/11/1999,10Y,#N/A N/A
Tu,1/12/1999,2Y,#N/A N/A
Tu,1/12/1999,5Y,#N/A N/A
Tu,1/12/1999,10Y,#N/A N/A
We,1/13/1999,2Y,#N/A N/A
We,1/13/1999,5Y,#N/A N/A
We,1/13/1999,10Y,#N/A N/A
Th,1/14/1999,2Y,#N/A N/A
Th,1/14/1999,5Y,#N/A N/A
Th,1/14/1999,10Y,#N/A N/A
Fr,1/15/1999,2Y,#N/A N/A
Fr,1/15/1999,5Y,#N/A N/A
Fr,1/15/1999,10Y,#N/A N/A
Mo,1/18/1999,2Y,#N/A N/A
Mo,1/18/1999,5Y,#N/A N/A
Mo,1/18/1999,10Y,#N/A N/A
Tu,1/19/1999,2Y,#N/A N/A
Tu,1/19/1999,5Y,#N/A N/A
Tu,1/19/1999,10Y,#N/A N/A
We,1/20/1999,2Y,#N/A N/A
We,1/20/1999,5Y,#N/A N/A
We,1/20/1999,10Y,#N/A N/A
Th,1/21/1999,2Y,#N/A N/A
Th,1/21/1999,5Y,#N/A N/A
Th,1/21/1999,10Y,#N/A N/A
Fr,1/22/1999,2Y,#N/A N/A
Fr,1/22/1999,5Y,#N/A N/A
Fr,1/22/1999,10Y,#N/A N/A
Mo,1/25/1999,2Y,#N/A N/A
Mo,1/25/1999,5Y,#N/A N/A
Mo,1/25/1999,10Y,#N/A N/A
Tu,1/26/1999,2Y,#N/A N/A
Tu,1/26/1999,5Y,#N/A N/A
Tu,1/26/1999,10Y,#N/A N/A
We,1/27/1999,2Y,#N/A N/A
We,1/27/1999,5Y,#N/A N/A
We,1/27/1999,10Y,#N/A N/A
Th,1/28/1999,2Y,#N/A N/A
Th,1/28/1999,5Y,#N/A N/A
Th,1/28/1999,10Y,#N/A N/A
Fr,1/29/1999,2Y,#N/A N/A
Fr,1/29/1999,5Y,#N/A N/A
Fr,1/29/1999,10Y,#N/A N/A
Mo,2/1/1999,2Y,#N/A N/A
Mo,2/1/1999,5Y,#N/A N/A
Mo,2/1/1999,10Y,#N/A N/A
Tu,2/2/1999,2Y,#N/A N/A
Tu,2/2/1999,5Y,#N/A N/A
Tu,2/2/1999,10Y,#N/A N/A
We,2/3/1999,2Y,#N/A N/A
We,2/3/1999,5Y,#N/A N/A
We,2/3/1999,10Y,#N/A N/A
Th,2/4/1999,2Y,#N/A N/A
Th,2/4/1999,5Y,#N/A N/A
Th,2/4/1999,10Y,#N/A N/A
Fr,2/5/1999,2Y,#N/A N/A
Fr,2/5/1999,5Y,#N/A N/A
Fr,2/5/1999,10Y,#N/A N/A
Mo,2/8/1999,2Y,#N/A N/A
Mo,2/8/1999,5Y,#N/A N/A
Mo,2/8/1999,10Y,#N/A N/A
Tu,2/9/1999,2Y,#N/A N/A
Tu,2/9/1999,5Y,#N/A N/A
Tu,2/9/1999,10Y,#N/A N/A
We,2/10/1999,2Y,#N/A N/A
We,2/10/1999,5Y,#N/A N/A
We,2/10/1999,10Y,#N/A N/A
Th,2/11/1999,2Y,#N/A N/A
Th,2/11/1999,5Y,#N/A N/A
Th,2/11/1999,10Y,#N/A N/A
Fr,2/12/1999,2Y,#N/A N/A
Fr,2/12/1999,5Y,#N/A N/A
Fr,2/12/1999,10Y,#N/A N/A
Mo,2/15/1999,2Y,#N/A N/A
Mo,2/15/1999,5Y,#N/A N/A
Mo,2/15/1999,10Y,#N/A N/A
Tu,2/16/1999,2Y,#N/A N/A
Tu,2/16/1999,5Y,#N/A N/A
Tu,2/16/1999,10Y,#N/A N/A
We,2/17/1999,2Y,#N/A N/A
We,2/17/1999,5Y,#N/A N/A
We,2/17/1999,10Y,#N/A N/A
Th,2/18/1999,2Y,#N/A N/A
Th,2/18/1999,5Y,#N/A N/A
Th,2/18/1999,10Y,#N/A N/A
Fr,2/19/1999,2Y,#N/A N/A
Fr,2/19/1999,5Y,#N/A N/A
Fr,2/19/1999,10Y,#N/A N/A
Mo,2/22/1999,2Y,#N/A N/A
Mo,2/22/1999,5Y,#N/A N/A
Mo,2/22/1999,10Y,#N/A N/A
Tu,2/23/1999,2Y,#N/A N/A
Tu,2/23/1999,5Y,#N/A N/A
Tu,2/23/1999,10Y,#N/A N/A
We,2/24/1999,2Y,#N/A N/A
We,2/24/1999,5Y,#N/A N/A
We,2/24/1999,10Y,#N/A N/A
Th,2/25/1999,2Y,#N/A N/A
Th,2/25/1999,5Y,#N/A N/A
Th,2/25/1999,10Y,#N/A N/A
Fr,2/26/1999,2Y,#N/A N/A
Fr,2/26/1999,5Y,#N/A N/A
Fr,2/26/1999,10Y,#N/A N/A
Mo,3/1/1999,2Y,#N/A N/A
Mo,3/1/1999,5Y,#N/A N/A
Mo,3/1/1999,10Y,#N/A N/A
Tu,3/2/1999,2Y,#N/A N/A
Tu,3/2/1999,5Y,#N/A N/A
Tu,3/2/1999,10Y,#N/A N/A
We,3/3/1999,2Y,#N/A N/A
We,3/3/1999,5Y,#N/A N/A
We,3/3/1999,10Y,#N/A N/A
Th,3/4/1999,2Y,#N/A N/A
Th,3/4/1999,5Y,#N/A N/A
Th,3/4/1999,10Y,#N/A N/A
Fr,3/5/1999,2Y,#N/A N/A
Fr,3/5/1999,5Y,#N/A N/A
Fr,3/5/1999,10Y,#N/A N/A
Mo,3/8/1999,2Y,#N/A N/A
Mo,3/8/1999,5Y,#N/A N/A
Mo,3/8/1999,10Y,#N/A N/A
Tu,3/9/1999,2Y,#N/A N/A
Tu,3/9/1999,5Y,#N/A N/A
Tu,3/9/1999,10Y,#N/A N/A
We,3/10/1999,2Y,#N/A N/A
We,3/10/1999,5Y,#N/A N/A
We,3/10/1999,10Y,#N/A N/A
Th,3/11/1999,2Y,#N/A N/A
Th,3/11/1999,5Y,#N/A N/A
Th,3/11/1999,10Y,#N/A N/A
Fr,3/12/1999,2Y,#N/A N/A
Fr,3/12/1999,5Y,#N/A N/A
Fr,3/12/1999,10Y,#N/A N/A
Mo,3/15/1999,2Y,#N/A N/A
Mo,3/15/1999,5Y,#N/A N/A
Mo,3/15/1999,10Y,#N/A N/A
Tu,3/16/1999,2Y,#N/A N/A
Tu,3/16/1999,5Y,#N/A N/A
Tu,3/16/1999,10Y,#N/A N/A
We,3/17/1999,2Y,#N/A N/A
We,3/17/1999,5Y,#N/A N/A
We,3/17/1999,10Y,#N/A N/A
Th,3/18/1999,2Y,#N/A N/A
Th,3/18/1999,5Y,#N/A N/A
Th,3/18/1999,10Y,#N/A N/A
Fr,3/19/1999,2Y,#N/A N/A
Fr,3/19/1999,5Y,#N/A N/A
Fr,3/19/1999,10Y,#N/A N/A
Mo,3/22/1999,2Y,#N/A N/A
Mo,3/22/1999,5Y,#N/A N/A
Mo,3/22/1999,10Y,#N/A N/A
Tu,3/23/1999,2Y,#N/A N/A
Tu,3/23/1999,5Y,#N/A N/A
Tu,3/23/1999,10Y,#N/A N/A
We,3/24/1999,2Y,#N/A N/A
We,3/24/1999,5Y,#N/A N/A
We,3/24/1999,10Y,#N/A N/A
Th,3/25/1999,2Y,#N/A N/A
Th,3/25/1999,5Y,#N/A N/A
Th,3/25/1999,10Y,#N/A N/A
Fr,3/26/1999,2Y,#N/A N/A
Fr,3/26/1999,5Y,#N/A N/A
Fr,3/26/1999,10Y,#N/A N/A
Mo,3/29/1999,2Y,#N/A N/A
Mo,3/29/1999,5Y,#N/A N/A
Mo,3/29/1999,10Y,#N/A N/A
Tu,3/30/1999,2Y,#N/A N/A
Tu,3/30/1999,5Y,#N/A N/A
Tu,3/30/1999,10Y,#N/A N/A
We,3/31/1999,2Y,#N/A N/A
We,3/31/1999,5Y,#N/A N/A
We,3/31/1999,10Y,#N/A N/A
Th,4/1/1999,2Y,#N/A N/A
Th,4/1/1999,5Y,#N/A N/A
Th,4/1/1999,10Y,#N/A N/A
Fr,4/2/1999,2Y,#N/A N/A
Fr,4/2/1999,5Y,#N/A N/A
Fr,4/2/1999,10Y,#N/A N/A
Mo,4/5/1999,2Y,#N/A N/A
Mo,4/5/1999,5Y,#N/A N/A
Mo,4/5/1999,10Y,#N/A N/A
Tu,4/6/1999,2Y,#N/A N/A
Tu,4/6/1999,5Y,#N/A N/A
Tu,4/6/1999,10Y,#N/A N/A
We,4/7/1999,2Y,#N/A N/A
We,4/7/1999,5Y,#N/A N/A
We,4/7/1999,10Y,#N/A N/A
Th,4/8/1999,2Y,#N/A N/A
Th,4/8/1999,5Y,#N/A N/A
Th,4/8/1999,10Y,#N/A N/A
Fr,4/9/1999,2Y,#N/A N/A
Fr,4/9/1999,5Y,#N/A N/A
Fr,4/9/1999,10Y,#N/A N/A
Mo,4/12/1999,2Y,#N/A N/A
Mo,4/12/1999,5Y,#N/A N/A
Mo,4/12/1999,10Y,#N/A N/A
Tu,4/13/1999,2Y,#N/A N/A
Tu,4/13/1999,5Y,#N/A N/A
Tu,4/13/1999,10Y,#N/A N/A
We,4/14/1999,2Y,#N/A N/A
We,4/14/1999,5Y,#N/A N/A
We,4/14/1999,10Y,#N/A N/A
Th,4/15/1999,2Y,#N/A N/A
Th,4/15/1999,5Y,#N/A N/A
Th,4/15/1999,10Y,#N/A N/A
Fr,4/16/1999,2Y,#N/A N/A
Fr,4/16/1999,5Y,#N/A N/A
Fr,4/16/1999,10Y,#N/A N/A
Mo,4/19/1999,2Y,#N/A N/A
Mo,4/19/1999,5Y,#N/A N/A
Mo,4/19/1999,10Y,#N/A N/A
Tu,4/20/1999,2Y,#N/A N/A
Tu,4/20/1999,5Y,#N/A N/A
Tu,4/20/1999,10Y,#N/A N/A
We,4/21/1999,2Y,#N/A N/A
We,4/21/1999,5Y,#N/A N/A
We,4/21/1999,10Y,#N/A N/A
Th,4/22/1999,2Y,#N/A N/A
Th,4/22/1999,5Y,#N/A N/A
Th,4/22/1999,10Y,#N/A N/A
Fr,4/23/1999,2Y,#N/A N/A
Fr,4/23/1999,5Y,#N/A N/A
Fr,4/23/1999,10Y,#N/A N/A
Mo,4/26/1999,2Y,#N/A N/A
Mo,4/26/1999,5Y,#N/A N/A
Mo,4/26/1999,10Y,#N/A N/A
Tu,4/27/1999,2Y,#N/A N/A
Tu,4/27/1999,5Y,#N/A N/A
Tu,4/27/1999,10Y,#N/A N/A
We,4/28/1999,2Y,#N/A N/A
We,4/28/1999,5Y,#N/A N/A
We,4/28/1999,10Y,#N/A N/A
Th,4/29/1999,2Y,#N/A N/A
Th,4/29/1999,5Y,#N/A N/A
Th,4/29/1999,10Y,#N/A N/A
Fr,4/30/1999,2Y,#N/A N/A
Fr,4/30/1999,5Y,#N/A N/A
Fr,4/30/1999,10Y,#N/A N/A
Mo,5/3/1999,2Y,#N/A N/A
Mo,5/3/1999,5Y,#N/A N/A
Mo,5/3/1999,10Y,#N/A N/A
Tu,5/4/1999,2Y,2.822
Tu,5/4/1999,5Y,3.418
Tu,5/4/1999,10Y,4.09
We,5/5/1999,2Y,2.817
We,5/5/1999,5Y,3.418
We,5/5/1999,10Y,4.123
Th,5/6/1999,2Y,2.852
Th,5/6/1999,5Y,3.456
Th,5/6/1999,10Y,4.183
Fr,5/7/1999,2Y,2.821
Fr,5/7/1999,5Y,3.436
Fr,5/7/1999,10Y,4.179
Mo,5/10/1999,2Y,2.829
Mo,5/10/1999,5Y,3.461
Mo,5/10/1999,10Y,4.211
Tu,5/11/1999,2Y,2.793
Tu,5/11/1999,5Y,3.455
Tu,5/11/1999,10Y,4.232
We,5/12/1999,2Y,2.762
We,5/12/1999,5Y,3.448
We,5/12/1999,10Y,4.235
Th,5/13/1999,2Y,2.78
Th,5/13/1999,5Y,3.479
Th,5/13/1999,10Y,4.053
Fr,5/14/1999,2Y,2.863
Fr,5/14/1999,5Y,3.547
Fr,5/14/1999,10Y,4.336
Mo,5/17/1999,2Y,2.837
Mo,5/17/1999,5Y,3.516
Mo,5/17/1999,10Y,4.321
Tu,5/18/1999,2Y,2.834
Tu,5/18/1999,5Y,3.514
Tu,5/18/1999,10Y,4.29
We,5/19/1999,2Y,2.868
We,5/19/1999,5Y,3.558
We,5/19/1999,10Y,4.31
Th,5/20/1999,2Y,2.855
Th,5/20/1999,5Y,3.542
Th,5/20/1999,10Y,4.279
Fr,5/21/1999,2Y,2.802
Fr,5/21/1999,5Y,3.509
Fr,5/21/1999,10Y,4.24
Mo,5/24/1999,2Y,2.964
Mo,5/24/1999,5Y,3.523
Mo,5/24/1999,10Y,4.222
Tu,5/25/1999,2Y,2.809
Tu,5/25/1999,5Y,3.523
Tu,5/25/1999,10Y,4.222
We,5/26/1999,2Y,2.793
We,5/26/1999,5Y,3.472
We,5/26/1999,10Y,4.216
Th,5/27/1999,2Y,2.829
Th,5/27/1999,5Y,3.523
Th,5/27/1999,10Y,4.282
Fr,5/28/1999,2Y,2.876
Fr,5/28/1999,5Y,3.559
Fr,5/28/1999,10Y,4.299
Mo,5/31/1999,2Y,2.946
Mo,5/31/1999,5Y,3.578
Mo,5/31/1999,10Y,4.314
Tu,6/1/1999,2Y,2.993
Tu,6/1/1999,5Y,3.676
Tu,6/1/1999,10Y,4.415
We,6/2/1999,2Y,2.995
We,6/2/1999,5Y,3.735
We,6/2/1999,10Y,4.453
Th,6/3/1999,2Y,2.977
Th,6/3/1999,5Y,3.757
Th,6/3/1999,10Y,4.494
Fr,6/4/1999,2Y,3.028
Fr,6/4/1999,5Y,3.757
Fr,6/4/1999,10Y,4.494
Mo,6/7/1999,2Y,2.99
Mo,6/7/1999,5Y,3.725
Mo,6/7/1999,10Y,4.414
Tu,6/8/1999,2Y,2.941
Tu,6/8/1999,5Y,3.723
Tu,6/8/1999,10Y,4.448
We,6/9/1999,2Y,2.959
We,6/9/1999,5Y,3.737
We,6/9/1999,10Y,4.461
Th,6/10/1999,2Y,3.118
Th,6/10/1999,5Y,3.877
Th,6/10/1999,10Y,4.583
Fr,6/11/1999,2Y,3.08
Fr,6/11/1999,5Y,3.86
Fr,6/11/1999,10Y,4.543
Mo,6/14/1999,2Y,3.076
Mo,6/14/1999,5Y,3.85
Mo,6/14/1999,10Y,4.526
Tu,6/15/1999,2Y,3.056
Tu,6/15/1999,5Y,3.842
Tu,6/15/1999,10Y,4.508
We,6/16/1999,2Y,3.051
We,6/16/1999,5Y,3.823
We,6/16/1999,10Y,4.471
Th,6/17/1999,2Y,3.025
Th,6/17/1999,5Y,3.795
Th,6/17/1999,10Y,4.422
Fr,6/18/1999,2Y,3.016
Fr,6/18/1999,5Y,3.791
Fr,6/18/1999,10Y,4.457
Mo,6/21/1999,2Y,3.135
Mo,6/21/1999,5Y,3.858
Mo,6/21/1999,10Y,4.525
Tu,6/22/1999,2Y,3.155
Tu,6/22/1999,5Y,3.933
Tu,6/22/1999,10Y,4.615
We,6/23/1999,2Y,3.235
We,6/23/1999,5Y,4.027
We,6/23/1999,10Y,4.694
Th,6/24/1999,2Y,3.38
Th,6/24/1999,5Y,4.127
Th,6/24/1999,10Y,4.806
Fr,6/25/1999,2Y,3.347
Fr,6/25/1999,5Y,4.084
Fr,6/25/1999,10Y,4.745
Mo,6/28/1999,2Y,3.231
Mo,6/28/1999,5Y,4.104
Mo,6/28/1999,10Y,4.749
Tu,6/29/1999,2Y,3.24
Tu,6/29/1999,5Y,4.089
Tu,6/29/1999,10Y,4.726
We,6/30/1999,2Y,3.219
We,6/30/1999,5Y,4.092
We,6/30/1999,10Y,4.74
Th,7/1/1999,2Y,3.233
Th,7/1/1999,5Y,4.123
Th,7/1/1999,10Y,4.799
Fr,7/2/1999,2Y,3.182
Fr,7/2/1999,5Y,4.093
Fr,7/2/1999,10Y,4.796
Mo,7/5/1999,2Y,3.179
Mo,7/5/1999,5Y,4.106
Mo,7/5/1999,10Y,4.82
Tu,7/6/1999,2Y,3.26
Tu,7/6/1999,5Y,4.173
Tu,7/6/1999,10Y,4.894
We,7/7/1999,2Y,3.293
We,7/7/1999,5Y,4.24
We,7/7/1999,10Y,4.967
Th,7/8/1999,2Y,3.272
Th,7/8/1999,5Y,4.289
Th,7/8/1999,10Y,4.961
Fr,7/9/1999,2Y,3.27
Fr,7/9/1999,5Y,4.285
Fr,7/9/1999,10Y,4.945
Mo,7/12/1999,2Y,3.243
Mo,7/12/1999,5Y,4.267
Mo,7/12/1999,10Y,4.92
Tu,7/13/1999,2Y,3.179
Tu,7/13/1999,5Y,4.164
Tu,7/13/1999,10Y,4.844
We,7/14/1999,2Y,3.175
We,7/14/1999,5Y,4.182
We,7/14/1999,10Y,4.844
Th,7/15/1999,2Y,3.347
Th,7/15/1999,5Y,4.342
Th,7/15/1999,10Y,4.963
Fr,7/16/1999,2Y,3.336
Fr,7/16/1999,5Y,4.321
Fr,7/16/1999,10Y,4.928
Mo,7/19/1999,2Y,3.371
Mo,7/19/1999,5Y,4.364
Mo,7/19/1999,10Y,4.954
Tu,7/20/1999,2Y,3.346
Tu,7/20/1999,5Y,4.295
Tu,7/20/1999,10Y,4.884
We,7/21/1999,2Y,3.262
We,7/21/1999,5Y,4.193
We,7/21/1999,10Y,4.804
Th,7/22/1999,2Y,3.303
Th,7/22/1999,5Y,4.213
Th,7/22/1999,10Y,4.842
Fr,7/23/1999,2Y,3.299
Fr,7/23/1999,5Y,4.236
Fr,7/23/1999,10Y,4.853
Mo,7/26/1999,2Y,3.299
Mo,7/26/1999,5Y,4.221
Mo,7/26/1999,10Y,4.867
Tu,7/27/1999,2Y,3.309
Tu,7/27/1999,5Y,4.226
Tu,7/27/1999,10Y,4.884
We,7/28/1999,2Y,3.314
We,7/28/1999,5Y,4.238
We,7/28/1999,10Y,4.883
Th,7/29/1999,2Y,3.376
Th,7/29/1999,5Y,4.335
Th,7/29/1999,10Y,4.974
Fr,7/30/1999,2Y,3.43
Fr,7/30/1999,5Y,4.43
Fr,7/30/1999,10Y,5.023
Mo,8/2/1999,2Y,3.482
Mo,8/2/1999,5Y,4.526
Mo,8/2/1999,10Y,5.097
Tu,8/3/1999,2Y,3.517
Tu,8/3/1999,5Y,4.535
Tu,8/3/1999,10Y,5.117
We,8/4/1999,2Y,3.49
We,8/4/1999,5Y,4.526
We,8/4/1999,10Y,5.115
Th,8/5/1999,2Y,3.523
Th,8/5/1999,5Y,4.622
Th,8/5/1999,10Y,5.191
Fr,8/6/1999,2Y,3.574
Fr,8/6/1999,5Y,4.699
Fr,8/6/1999,10Y,5.265
Mo,8/9/1999,2Y,3.608
Mo,8/9/1999,5Y,4.701
Mo,8/9/1999,10Y,5.277
Tu,8/10/1999,2Y,3.579
Tu,8/10/1999,5Y,4.665
Tu,8/10/1999,10Y,5.236
We,8/11/1999,2Y,3.55
We,8/11/1999,5Y,4.631
We,8/11/1999,10Y,5.219
Th,8/12/1999,2Y,3.49
Th,8/12/1999,5Y,4.535
Th,8/12/1999,10Y,5.142
Fr,8/13/1999,2Y,3.479
Fr,8/13/1999,5Y,4.49
Fr,8/13/1999,10Y,5.113
Mo,8/16/1999,2Y,3.502
Mo,8/16/1999,5Y,4.526
Mo,8/16/1999,10Y,5.14
Tu,8/17/1999,2Y,3.449
Tu,8/17/1999,5Y,4.466
Tu,8/17/1999,10Y,5.092
We,8/18/1999,2Y,3.396
We,8/18/1999,5Y,4.428
We,8/18/1999,10Y,5.072
Th,8/19/1999,2Y,3.392
Th,8/19/1999,5Y,4.416
Th,8/19/1999,10Y,5.057
Fr,8/20/1999,2Y,3.364
Fr,8/20/1999,5Y,4.406
Fr,8/20/1999,10Y,5.046
Mo,8/23/1999,2Y,3.375
Mo,8/23/1999,5Y,4.383
Mo,8/23/1999,10Y,5.013
Tu,8/24/1999,2Y,3.407
Tu,8/24/1999,5Y,4.415
Tu,8/24/1999,10Y,5.025
We,8/25/1999,2Y,3.37
We,8/25/1999,5Y,4.353
We,8/25/1999,10Y,4.974
Th,8/26/1999,2Y,3.415
Th,8/26/1999,5Y,4.389
Th,8/26/1999,10Y,4.985
Fr,8/27/1999,2Y,3.453
Fr,8/27/1999,5Y,4.43
Fr,8/27/1999,10Y,5.031
Mo,8/30/1999,2Y,3.486
Mo,8/30/1999,5Y,4.493
Mo,8/30/1999,10Y,5.102
Tu,8/31/1999,2Y,3.499
Tu,8/31/1999,5Y,4.518
Tu,8/31/1999,10Y,5.134
We,9/1/1999,2Y,3.493
We,9/1/1999,5Y,4.54
We,9/1/1999,10Y,5.161
Th,9/2/1999,2Y,3.505
Th,9/2/1999,5Y,4.65
Th,9/2/1999,10Y,5.258
Fr,9/3/1999,2Y,3.44
Fr,9/3/1999,5Y,4.543
Fr,9/3/1999,10Y,5.179
Mo,9/6/1999,2Y,3.429
Mo,9/6/1999,5Y,4.535
Mo,9/6/1999,10Y,5.172
Tu,9/7/1999,2Y,3.478
Tu,9/7/1999,5Y,4.666
Tu,9/7/1999,10Y,5.297
We,9/8/1999,2Y,3.501
We,9/8/1999,5Y,4.637
We,9/8/1999,10Y,5.259
Th,9/9/1999,2Y,3.539
Th,9/9/1999,5Y,4.666
Th,9/9/1999,10Y,5.294
Fr,9/10/1999,2Y,3.526
Fr,9/10/1999,5Y,4.664
Fr,9/10/1999,10Y,5.283
Mo,9/13/1999,2Y,3.566
Mo,9/13/1999,5Y,4.728
Mo,9/13/1999,10Y,5.352
Tu,9/14/1999,2Y,3.563
Tu,9/14/1999,5Y,4.745
Tu,9/14/1999,10Y,5.38
We,9/15/1999,2Y,3.585
We,9/15/1999,5Y,4.787
We,9/15/1999,10Y,5.423
Th,9/16/1999,2Y,3.513
Th,9/16/1999,5Y,4.705
Th,9/16/1999,10Y,5.353
Fr,9/17/1999,2Y,3.473
Fr,9/17/1999,5Y,4.642
Fr,9/17/1999,10Y,5.296
Mo,9/20/1999,2Y,3.492
Mo,9/20/1999,5Y,4.695
Mo,9/20/1999,10Y,5.328
Tu,9/21/1999,2Y,3.519
Tu,9/21/1999,5Y,4.715
Tu,9/21/1999,10Y,5.338
We,9/22/1999,2Y,3.52
We,9/22/1999,5Y,4.708
We,9/22/1999,10Y,5.334
Th,9/23/1999,2Y,3.511
Th,9/23/1999,5Y,4.672
Th,9/23/1999,10Y,5.294
Fr,9/24/1999,2Y,3.447
Fr,9/24/1999,5Y,4.592
Fr,9/24/1999,10Y,5.23
Mo,9/27/1999,2Y,3.499
Mo,9/27/1999,5Y,4.705
Mo,9/27/1999,10Y,5.309
Tu,9/28/1999,2Y,3.522
Tu,9/28/1999,5Y,4.702
Tu,9/28/1999,10Y,5.308
We,9/29/1999,2Y,3.543
We,9/29/1999,5Y,4.736
We,9/29/1999,10Y,5.359
Th,9/30/1999,2Y,3.548
Th,9/30/1999,5Y,4.724
Th,9/30/1999,10Y,5.32
Fr,10/1/1999,2Y,3.661
Fr,10/1/1999,5Y,4.846
Fr,10/1/1999,10Y,5.418
Mo,10/4/1999,2Y,3.757
Mo,10/4/1999,5Y,4.899
Mo,10/4/1999,10Y,5.425
Tu,10/5/1999,2Y,3.759
Tu,10/5/1999,5Y,4.867
Tu,10/5/1999,10Y,5.408
We,10/6/1999,2Y,3.785
We,10/6/1999,5Y,4.904
We,10/6/1999,10Y,5.425
Th,10/7/1999,2Y,3.749
Th,10/7/1999,5Y,4.888
Th,10/7/1999,10Y,5.436
Fr,10/8/1999,2Y,3.759
Fr,10/8/1999,5Y,4.908
Fr,10/8/1999,10Y,5.464
Mo,10/11/1999,2Y,3.793
Mo,10/11/1999,5Y,4.946
Mo,10/11/1999,10Y,5.477
Tu,10/12/1999,2Y,3.866
Tu,10/12/1999,5Y,5.032
Tu,10/12/1999,10Y,5.565
We,10/13/1999,2Y,3.89
We,10/13/1999,5Y,5.038
We,10/13/1999,10Y,5.57
Th,10/14/1999,2Y,3.963
Th,10/14/1999,5Y,5.185
Th,10/14/1999,10Y,5.692
Fr,10/15/1999,2Y,3.95
Fr,10/15/1999,5Y,5.109
Fr,10/15/1999,10Y,5.638
Mo,10/18/1999,2Y,3.928
Mo,10/18/1999,5Y,5.087
Mo,10/18/1999,10Y,5.639
Tu,10/19/1999,2Y,3.963
Tu,10/19/1999,5Y,5.093
Tu,10/19/1999,10Y,5.632
We,10/20/1999,2Y,4.003
We,10/20/1999,5Y,5.164
We,10/20/1999,10Y,5.7
Th,10/21/1999,2Y,3.976
Th,10/21/1999,5Y,5.096
Th,10/21/1999,10Y,5.626
Fr,10/22/1999,2Y,3.947
Fr,10/22/1999,5Y,5.09
Fr,10/22/1999,10Y,5.62
Mo,10/25/1999,2Y,4
Mo,10/25/1999,5Y,5.159
Mo,10/25/1999,10Y,5.686
Tu,10/26/1999,2Y,4.006
Tu,10/26/1999,5Y,5.157
Tu,10/26/1999,10Y,5.651
We,10/27/1999,2Y,3.984
We,10/27/1999,5Y,5.068
We,10/27/1999,10Y,5.543
Th,10/28/1999,2Y,3.935
Th,10/28/1999,5Y,4.974
Th,10/28/1999,10Y,5.44
Fr,10/29/1999,2Y,3.894
Fr,10/29/1999,5Y,4.916
Fr,10/29/1999,10Y,5.382
Mo,11/1/1999,2Y,3.898
Mo,11/1/1999,5Y,4.905
Mo,11/1/1999,10Y,5.344
Tu,11/2/1999,2Y,3.888
Tu,11/2/1999,5Y,4.849
Tu,11/2/1999,10Y,5.287
We,11/3/1999,2Y,3.894
We,11/3/1999,5Y,4.892
We,11/3/1999,10Y,5.327
Th,11/4/1999,2Y,3.857
Th,11/4/1999,5Y,4.819
Th,11/4/1999,10Y,5.242
Fr,11/5/1999,2Y,4.154
Fr,11/5/1999,5Y,4.745
Fr,11/5/1999,10Y,5.233
Mo,11/8/1999,2Y,4.084
Mo,11/8/1999,5Y,4.677
Mo,11/8/1999,10Y,5.178
Tu,11/9/1999,2Y,4.076
Tu,11/9/1999,5Y,4.672
Tu,11/9/1999,10Y,5.207
We,11/10/1999,2Y,4.116
We,11/10/1999,5Y,4.731
We,11/10/1999,10Y,5.245
Th,11/11/1999,2Y,4.096
Th,11/11/1999,5Y,4.68
Th,11/11/1999,10Y,5.233
Fr,11/12/1999,2Y,4.023
Fr,11/12/1999,5Y,4.578
Fr,11/12/1999,10Y,5.127
Mo,11/15/1999,2Y,4.062
Mo,11/15/1999,5Y,4.639
Mo,11/15/1999,10Y,5.163
Tu,11/16/1999,2Y,4.03
Tu,11/16/1999,5Y,4.59
Tu,11/16/1999,10Y,5.106
We,11/17/1999,2Y,4.131
We,11/17/1999,5Y,4.705
We,11/17/1999,10Y,5.217
Th,11/18/1999,2Y,4.197
Th,11/18/1999,5Y,4.757
Th,11/18/1999,10Y,5.259
Fr,11/19/1999,2Y,4.238
Fr,11/19/1999,5Y,4.8
Fr,11/19/1999,10Y,5.306
Mo,11/22/1999,2Y,4.25
Mo,11/22/1999,5Y,4.815
Mo,11/22/1999,10Y,5.335
Tu,11/23/1999,2Y,4.239
Tu,11/23/1999,5Y,4.806
Tu,11/23/1999,10Y,5.329
We,11/24/1999,2Y,4.297
We,11/24/1999,5Y,4.88
We,11/24/1999,10Y,5.403
Th,11/25/1999,2Y,4.295
Th,11/25/1999,5Y,4.883
Th,11/25/1999,10Y,5.393
Fr,11/26/1999,2Y,4.348
Fr,11/26/1999,5Y,4.946
Fr,11/26/1999,10Y,5.449
Mo,11/29/1999,2Y,4.361
Mo,11/29/1999,5Y,4.953
Mo,11/29/1999,10Y,5.461
Tu,11/30/1999,2Y,4.277
Tu,11/30/1999,5Y,4.849
Tu,11/30/1999,10Y,5.364
We,12/1/1999,2Y,4.26
We,12/1/1999,5Y,4.831
We,12/1/1999,10Y,5.33
Th,12/2/1999,2Y,4.333
Th,12/2/1999,5Y,4.896
Th,12/2/1999,10Y,5.415
Fr,12/3/1999,2Y,4.295
Fr,12/3/1999,5Y,4.85
Fr,12/3/1999,10Y,5.368
Mo,12/6/1999,2Y,4.238
Mo,12/6/1999,5Y,4.764
Mo,12/6/1999,10Y,5.276
Tu,12/7/1999,2Y,4.228
Tu,12/7/1999,5Y,4.73
Tu,12/7/1999,10Y,5.245
We,12/8/1999,2Y,4.273
We,12/8/1999,5Y,4.777
We,12/8/1999,10Y,5.282
Th,12/9/1999,2Y,4.249
Th,12/9/1999,5Y,4.735
Th,12/9/1999,10Y,5.256
Fr,12/10/1999,2Y,4.204
Fr,12/10/1999,5Y,4.667
Fr,12/10/1999,10Y,5.192
Mo,12/13/1999,2Y,4.224
Mo,12/13/1999,5Y,4.69
Mo,12/13/1999,10Y,5.233
Tu,12/14/1999,2Y,4.287
Tu,12/14/1999,5Y,4.748
Tu,12/14/1999,10Y,5.297
We,12/15/1999,2Y,4.263
We,12/15/1999,5Y,4.715
We,12/15/1999,10Y,5.251
Th,12/16/1999,2Y,4.383
Th,12/16/1999,5Y,4.867
Th,12/16/1999,10Y,5.392
Fr,12/17/1999,2Y,4.424
Fr,12/17/1999,5Y,4.923
Fr,12/17/1999,10Y,5.446
Mo,12/20/1999,2Y,4.438
Mo,12/20/1999,5Y,4.939
Mo,12/20/1999,10Y,5.466
Tu,12/21/1999,2Y,4.393
Tu,12/21/1999,5Y,4.904
Tu,12/21/1999,10Y,5.438
We,12/22/1999,2Y,4.416
We,12/22/1999,5Y,4.912
We,12/22/1999,10Y,5.462
Th,12/23/1999,2Y,4.389
Th,12/23/1999,5Y,4.885
Th,12/23/1999,10Y,5.436
Fr,12/24/1999,2Y,4.389
Fr,12/24/1999,5Y,4.892
Fr,12/24/1999,10Y,5.434
Mo,12/27/1999,2Y,4.388
Mo,12/27/1999,5Y,4.885
Mo,12/27/1999,10Y,5.444
Tu,12/28/1999,2Y,4.421
Tu,12/28/1999,5Y,4.944
Tu,12/28/1999,10Y,5.486
We,12/29/1999,2Y,4.424
We,12/29/1999,5Y,4.958
We,12/29/1999,10Y,5.506
Th,12/30/1999,2Y,4.454
Th,12/30/1999,5Y,5.026
Th,12/30/1999,10Y,5.558
Fr,12/31/1999,2Y,4.407
Fr,12/31/1999,5Y,5.028
Fr,12/31/1999,10Y,5.558
Mo,1/3/2000,2Y,4.548
Mo,1/3/2000,5Y,5.143
Mo,1/3/2000,10Y,5.681
Tu,1/4/2000,2Y,4.537
Tu,1/4/2000,5Y,5.128
Tu,1/4/2000,10Y,5.699
We,1/5/2000,2Y,4.536
We,1/5/2000,5Y,5.125
We,1/5/2000,10Y,5.722
Th,1/6/2000,2Y,4.56
Th,1/6/2000,5Y,5.157
Th,1/6/2000,10Y,5.776
Fr,1/7/2000,2Y,4.447
Fr,1/7/2000,5Y,5.043
Fr,1/7/2000,10Y,5.681
Mo,1/10/2000,2Y,4.412
Mo,1/10/2000,5Y,4.994
Mo,1/10/2000,10Y,5.641
Tu,1/11/2000,2Y,4.518
Tu,1/11/2000,5Y,5.127
Tu,1/11/2000,10Y,5.758
We,1/12/2000,2Y,4.514
We,1/12/2000,5Y,5.164
We,1/12/2000,10Y,5.777
Th,1/13/2000,2Y,4.489
Th,1/13/2000,5Y,5.144
Th,1/13/2000,10Y,5.743
Fr,1/14/2000,2Y,4.481
Fr,1/14/2000,5Y,5.163
Fr,1/14/2000,10Y,5.781
Mo,1/17/2000,2Y,4.492
Mo,1/17/2000,5Y,5.175
Mo,1/17/2000,10Y,5.786
Tu,1/18/2000,2Y,4.535
Tu,1/18/2000,5Y,5.245
Tu,1/18/2000,10Y,5.869
We,1/19/2000,2Y,4.505
We,1/19/2000,5Y,5.215
We,1/19/2000,10Y,5.829
Th,1/20/2000,2Y,4.506
Th,1/20/2000,5Y,5.234
Th,1/20/2000,10Y,5.816
Fr,1/21/2000,2Y,4.517
Fr,1/21/2000,5Y,5.248
Fr,1/21/2000,10Y,5.818
Mo,1/24/2000,2Y,4.524
Mo,1/24/2000,5Y,5.249
Mo,1/24/2000,10Y,5.797
Tu,1/25/2000,2Y,4.493
Tu,1/25/2000,5Y,5.187
Tu,1/25/2000,10Y,5.744
We,1/26/2000,2Y,4.531
We,1/26/2000,5Y,5.229
We,1/26/2000,10Y,5.756
Th,1/27/2000,2Y,4.622
Th,1/27/2000,5Y,5.348
Th,1/27/2000,10Y,5.869
Fr,1/28/2000,2Y,4.612
Fr,1/28/2000,5Y,5.331
Fr,1/28/2000,10Y,5.879
Mo,1/31/2000,2Y,4.591
Mo,1/31/2000,5Y,5.284
Mo,1/31/2000,10Y,5.795
Tu,2/1/2000,2Y,4.554
Tu,2/1/2000,5Y,5.206
Tu,2/1/2000,10Y,5.718
We,2/2/2000,2Y,4.569
We,2/2/2000,5Y,5.253
We,2/2/2000,10Y,5.76
Th,2/3/2000,2Y,4.557
Th,2/3/2000,5Y,5.252
Th,2/3/2000,10Y,5.713
Fr,2/4/2000,2Y,4.624
Fr,2/4/2000,5Y,5.297
Fr,2/4/2000,10Y,5.772
Mo,2/7/2000,2Y,4.633
Mo,2/7/2000,5Y,5.315
Mo,2/7/2000,10Y,5.795
Tu,2/8/2000,2Y,4.603
Tu,2/8/2000,5Y,5.281
Tu,2/8/2000,10Y,5.748
We,2/9/2000,2Y,4.641
We,2/9/2000,5Y,5.318
We,2/9/2000,10Y,5.782
Th,2/10/2000,2Y,4.658
Th,2/10/2000,5Y,5.369
Th,2/10/2000,10Y,5.879
Fr,2/11/2000,2Y,4.653
Fr,2/11/2000,5Y,5.365
Fr,2/11/2000,10Y,5.868
Mo,2/14/2000,2Y,4.627
Mo,2/14/2000,5Y,5.301
Mo,2/14/2000,10Y,5.803
Tu,2/15/2000,2Y,4.625
Tu,2/15/2000,5Y,5.324
Tu,2/15/2000,10Y,5.829
We,2/16/2000,2Y,4.644
We,2/16/2000,5Y,5.341
We,2/16/2000,10Y,5.86
Th,2/17/2000,2Y,4.668
Th,2/17/2000,5Y,5.358
Th,2/17/2000,10Y,5.856
Fr,2/18/2000,2Y,4.704
Fr,2/18/2000,5Y,5.353
Fr,2/18/2000,10Y,5.84
Mo,2/21/2000,2Y,4.706
Mo,2/21/2000,5Y,5.305
Mo,2/21/2000,10Y,5.78
Tu,2/22/2000,2Y,4.622
Tu,2/22/2000,5Y,5.178
Tu,2/22/2000,10Y,5.686
We,2/23/2000,2Y,4.624
We,2/23/2000,5Y,5.209
We,2/23/2000,10Y,5.71
Th,2/24/2000,2Y,4.553
Th,2/24/2000,5Y,5.143
Th,2/24/2000,10Y,5.667
Fr,2/25/2000,2Y,4.565
Fr,2/25/2000,5Y,5.179
Fr,2/25/2000,10Y,5.712
Mo,2/28/2000,2Y,4.607
Mo,2/28/2000,5Y,5.228
Mo,2/28/2000,10Y,5.751
Tu,2/29/2000,2Y,4.612
Tu,2/29/2000,5Y,5.238
Tu,2/29/2000,10Y,5.762
We,3/1/2000,2Y,4.608
We,3/1/2000,5Y,5.23
We,3/1/2000,10Y,5.743
Th,3/2/2000,2Y,4.648
Th,3/2/2000,5Y,5.281
Th,3/2/2000,10Y,5.79
Fr,3/3/2000,2Y,4.623
Fr,3/3/2000,5Y,5.227
Fr,3/3/2000,10Y,5.716
Mo,3/6/2000,2Y,4.635
Mo,3/6/2000,5Y,5.231
Mo,3/6/2000,10Y,5.71
Tu,3/7/2000,2Y,4.639
Tu,3/7/2000,5Y,5.205
Tu,3/7/2000,10Y,5.688
We,3/8/2000,2Y,4.65
We,3/8/2000,5Y,5.211
We,3/8/2000,10Y,5.71
Th,3/9/2000,2Y,4.6
Th,3/9/2000,5Y,5.129
Th,3/9/2000,10Y,5.6
Fr,3/10/2000,2Y,4.636
Fr,3/10/2000,5Y,5.183
Fr,3/10/2000,10Y,5.619
Mo,3/13/2000,2Y,4.627
Mo,3/13/2000,5Y,5.151
Mo,3/13/2000,10Y,5.575
Tu,3/14/2000,2Y,4.659
Tu,3/14/2000,5Y,5.192
Tu,3/14/2000,10Y,5.606
We,3/15/2000,2Y,4.646
We,3/15/2000,5Y,5.187
We,3/15/2000,10Y,5.585
Th,3/16/2000,2Y,4.578
Th,3/16/2000,5Y,5.121
Th,3/16/2000,10Y,5.53
Fr,3/17/2000,2Y,4.562
Fr,3/17/2000,5Y,5.103
Fr,3/17/2000,10Y,5.497
Mo,3/20/2000,2Y,4.568
Mo,3/20/2000,5Y,5.106
Mo,3/20/2000,10Y,5.501
Tu,3/21/2000,2Y,4.553
Tu,3/21/2000,5Y,5.075
Tu,3/21/2000,10Y,5.478
We,3/22/2000,2Y,4.572
We,3/22/2000,5Y,5.105
We,3/22/2000,10Y,5.515
Th,3/23/2000,2Y,4.56
Th,3/23/2000,5Y,5.049
Th,3/23/2000,10Y,5.451
Fr,3/24/2000,2Y,4.592
Fr,3/24/2000,5Y,5.105
Fr,3/24/2000,10Y,5.505
Mo,3/27/2000,2Y,4.639
Mo,3/27/2000,5Y,5.163
Mo,3/27/2000,10Y,5.574
Tu,3/28/2000,2Y,4.601
Tu,3/28/2000,5Y,5.117
Tu,3/28/2000,10Y,5.538
We,3/29/2000,2Y,4.623
We,3/29/2000,5Y,5.138
We,3/29/2000,10Y,5.566
Th,3/30/2000,2Y,4.583
Th,3/30/2000,5Y,5.079
Th,3/30/2000,10Y,5.514
Fr,3/31/2000,2Y,4.564
Fr,3/31/2000,5Y,5.049
Fr,3/31/2000,10Y,5.471
Mo,4/3/2000,2Y,4.548
Mo,4/3/2000,5Y,5.03
Mo,4/3/2000,10Y,5.447
Tu,4/4/2000,2Y,4.537
Tu,4/4/2000,5Y,5.024
Tu,4/4/2000,10Y,5.44
We,4/5/2000,2Y,4.546
We,4/5/2000,5Y,5.04
We,4/5/2000,10Y,5.394
Th,4/6/2000,2Y,4.61
Th,4/6/2000,5Y,5.111
Th,4/6/2000,10Y,5.461
Fr,4/7/2000,2Y,4.612
Fr,4/7/2000,5Y,5.105
Fr,4/7/2000,10Y,5.451
Mo,4/10/2000,2Y,4.624
Mo,4/10/2000,5Y,5.098
Mo,4/10/2000,10Y,5.427
Tu,4/11/2000,2Y,4.625
Tu,4/11/2000,5Y,5.087
Tu,4/11/2000,10Y,5.428
We,4/12/2000,2Y,4.655
We,4/12/2000,5Y,5.112
We,4/12/2000,10Y,5.456
Th,4/13/2000,2Y,4.667
Th,4/13/2000,5Y,5.124
Th,4/13/2000,10Y,5.463
Fr,4/14/2000,2Y,4.68
Fr,4/14/2000,5Y,5.164
Fr,4/14/2000,10Y,5.502
Mo,4/17/2000,2Y,4.637
Mo,4/17/2000,5Y,5.131
Mo,4/17/2000,10Y,5.488
Tu,4/18/2000,2Y,4.67
Tu,4/18/2000,5Y,5.156
Tu,4/18/2000,10Y,5.516
We,4/19/2000,2Y,4.696
We,4/19/2000,5Y,5.182
We,4/19/2000,10Y,5.542
Th,4/20/2000,2Y,4.738
Th,4/20/2000,5Y,5.216
Th,4/20/2000,10Y,5.558
Fr,4/21/2000,2Y,4.739
Fr,4/21/2000,5Y,5.218
Fr,4/21/2000,10Y,5.562
Mo,4/24/2000,2Y,4.727
Mo,4/24/2000,5Y,5.203
Mo,4/24/2000,10Y,5.553
Tu,4/25/2000,2Y,4.777
Tu,4/25/2000,5Y,5.262
Tu,4/25/2000,10Y,5.597
We,4/26/2000,2Y,4.771
We,4/26/2000,5Y,5.226
We,4/26/2000,10Y,5.548
Th,4/27/2000,2Y,4.813
Th,4/27/2000,5Y,5.243
Th,4/27/2000,10Y,5.568
Fr,4/28/2000,2Y,4.833
Fr,4/28/2000,5Y,5.245
Fr,4/28/2000,10Y,5.561
Mo,5/1/2000,2Y,4.833
Mo,5/1/2000,5Y,5.24
Mo,5/1/2000,10Y,5.559
Tu,5/2/2000,2Y,4.922
Tu,5/2/2000,5Y,5.316
Tu,5/2/2000,10Y,5.605
We,5/3/2000,2Y,4.993
We,5/3/2000,5Y,5.395
We,5/3/2000,10Y,5.68
Th,5/4/2000,2Y,5.052
Th,5/4/2000,5Y,5.45
Th,5/4/2000,10Y,5.727
Fr,5/5/2000,2Y,5.062
Fr,5/5/2000,5Y,5.472
Fr,5/5/2000,10Y,5.722
Mo,5/8/2000,2Y,5.049
Mo,5/8/2000,5Y,5.437
Mo,5/8/2000,10Y,5.686
Tu,5/9/2000,2Y,5.022
Tu,5/9/2000,5Y,5.403
Tu,5/9/2000,10Y,5.654
We,5/10/2000,2Y,5.001
We,5/10/2000,5Y,5.373
We,5/10/2000,10Y,5.633
Th,5/11/2000,2Y,5.111
Th,5/11/2000,5Y,5.479
Th,5/11/2000,10Y,5.723
Fr,5/12/2000,2Y,5.141
Fr,5/12/2000,5Y,5.475
Fr,5/12/2000,10Y,5.698
Mo,5/15/2000,2Y,5.084
Mo,5/15/2000,5Y,5.434
Mo,5/15/2000,10Y,5.682
Tu,5/16/2000,2Y,5.109
Tu,5/16/2000,5Y,5.428
Tu,5/16/2000,10Y,5.649
We,5/17/2000,2Y,5.25
We,5/17/2000,5Y,5.535
We,5/17/2000,10Y,5.728
Th,5/18/2000,2Y,5.258
Th,5/18/2000,5Y,5.557
Th,5/18/2000,10Y,5.747
Fr,5/19/2000,2Y,5.302
Fr,5/19/2000,5Y,5.602
Fr,5/19/2000,10Y,5.762
Mo,5/22/2000,2Y,5.233
Mo,5/22/2000,5Y,5.544
Mo,5/22/2000,10Y,5.692
Tu,5/23/2000,2Y,5.215
Tu,5/23/2000,5Y,5.545
Tu,5/23/2000,10Y,5.696
We,5/24/2000,2Y,5.17
We,5/24/2000,5Y,5.482
We,5/24/2000,10Y,5.654
Th,5/25/2000,2Y,5.122
Th,5/25/2000,5Y,5.425
Th,5/25/2000,10Y,5.598
Fr,5/26/2000,2Y,5.074
Fr,5/26/2000,5Y,5.346
Fr,5/26/2000,10Y,5.543
Mo,5/29/2000,2Y,5.111
Mo,5/29/2000,5Y,5.39
Mo,5/29/2000,10Y,5.581
Tu,5/30/2000,2Y,5.16
Tu,5/30/2000,5Y,5.402
Tu,5/30/2000,10Y,5.583
We,5/31/2000,2Y,5.196
We,5/31/2000,5Y,5.375
We,5/31/2000,10Y,5.53
Th,6/1/2000,2Y,5.14
Th,6/1/2000,5Y,5.309
Th,6/1/2000,10Y,5.45
Fr,6/2/2000,2Y,5.05
Fr,6/2/2000,5Y,5.216
Fr,6/2/2000,10Y,5.427
Mo,6/5/2000,2Y,5.031
Mo,6/5/2000,5Y,5.188
Mo,6/5/2000,10Y,5.441
Tu,6/6/2000,2Y,5.028
Tu,6/6/2000,5Y,5.207
Tu,6/6/2000,10Y,5.497
We,6/7/2000,2Y,5.021
We,6/7/2000,5Y,5.175
We,6/7/2000,10Y,5.483
Th,6/8/2000,2Y,5.191
Th,6/8/2000,5Y,5.338
Th,6/8/2000,10Y,5.532
Fr,6/9/2000,2Y,5.201
Fr,6/9/2000,5Y,5.306
Fr,6/9/2000,10Y,5.497
Mo,6/12/2000,2Y,5.138
Mo,6/12/2000,5Y,5.317
Mo,6/12/2000,10Y,5.498
Tu,6/13/2000,2Y,5.143
Tu,6/13/2000,5Y,5.241
Tu,6/13/2000,10Y,5.473
We,6/14/2000,2Y,5.138
We,6/14/2000,5Y,5.257
We,6/14/2000,10Y,5.505
Th,6/15/2000,2Y,5.08
Th,6/15/2000,5Y,5.227
Th,6/15/2000,10Y,5.518
Fr,6/16/2000,2Y,5.045
Fr,6/16/2000,5Y,5.187
Fr,6/16/2000,10Y,5.444
Mo,6/19/2000,2Y,5.05
Mo,6/19/2000,5Y,5.207
Mo,6/19/2000,10Y,5.465
Tu,6/20/2000,2Y,5.093
Tu,6/20/2000,5Y,5.231
Tu,6/20/2000,10Y,5.469
We,6/21/2000,2Y,5.18
We,6/21/2000,5Y,5.344
We,6/21/2000,10Y,5.556
Th,6/22/2000,2Y,5.195
Th,6/22/2000,5Y,5.373
Th,6/22/2000,10Y,5.587
Fr,6/23/2000,2Y,5.22
Fr,6/23/2000,5Y,5.409
Fr,6/23/2000,10Y,5.612
Mo,6/26/2000,2Y,5.21
Mo,6/26/2000,5Y,5.405
Mo,6/26/2000,10Y,5.593
Tu,6/27/2000,2Y,5.203
Tu,6/27/2000,5Y,5.428
Tu,6/27/2000,10Y,5.599
We,6/28/2000,2Y,5.234
We,6/28/2000,5Y,5.437
We,6/28/2000,10Y,5.605
Th,6/29/2000,2Y,5.191
Th,6/29/2000,5Y,5.367
Th,6/29/2000,10Y,5.551
Fr,6/30/2000,2Y,5.188
Fr,6/30/2000,5Y,5.367
Fr,6/30/2000,10Y,5.577
Mo,7/3/2000,2Y,5.226
Mo,7/3/2000,5Y,5.427
Mo,7/3/2000,10Y,5.623
Tu,7/4/2000,2Y,5.226
Tu,7/4/2000,5Y,5.449
Tu,7/4/2000,10Y,5.631
We,7/5/2000,2Y,5.18
We,7/5/2000,5Y,5.408
We,7/5/2000,10Y,5.596
Th,7/6/2000,2Y,5.218
Th,7/6/2000,5Y,5.483
Th,7/6/2000,10Y,5.672
Fr,7/7/2000,2Y,5.194
Fr,7/7/2000,5Y,5.442
Fr,7/7/2000,10Y,5.62
Mo,7/10/2000,2Y,5.214
Mo,7/10/2000,5Y,5.458
Mo,7/10/2000,10Y,5.637
Tu,7/11/2000,2Y,5.211
Tu,7/11/2000,5Y,5.429
Tu,7/11/2000,10Y,5.59
We,7/12/2000,2Y,5.244
We,7/12/2000,5Y,5.462
We,7/12/2000,10Y,5.626
Th,7/13/2000,2Y,5.268
Th,7/13/2000,5Y,5.448
Th,7/13/2000,10Y,5.606
Fr,7/14/2000,2Y,5.309
Fr,7/14/2000,5Y,5.498
Fr,7/14/2000,10Y,5.656
Mo,7/17/2000,2Y,5.324
Mo,7/17/2000,5Y,5.522
Mo,7/17/2000,10Y,5.674
Tu,7/18/2000,2Y,5.331
Tu,7/18/2000,5Y,5.531
Tu,7/18/2000,10Y,5.675
We,7/19/2000,2Y,5.332
We,7/19/2000,5Y,5.514
We,7/19/2000,10Y,5.659
Th,7/20/2000,2Y,5.299
Th,7/20/2000,5Y,5.469
Th,7/20/2000,10Y,5.6
Fr,7/21/2000,2Y,5.296
Fr,7/21/2000,5Y,5.462
Fr,7/21/2000,10Y,5.589
Mo,7/24/2000,2Y,5.32
Mo,7/24/2000,5Y,5.466
Mo,7/24/2000,10Y,5.586
Tu,7/25/2000,2Y,5.293
Tu,7/25/2000,5Y,5.421
Tu,7/25/2000,10Y,5.542
We,7/26/2000,2Y,5.276
We,7/26/2000,5Y,5.386
We,7/26/2000,10Y,5.495
Th,7/27/2000,2Y,5.301
Th,7/27/2000,5Y,5.394
Th,7/27/2000,10Y,5.503
Fr,7/28/2000,2Y,5.304
Fr,7/28/2000,5Y,5.41
Fr,7/28/2000,10Y,5.53
Mo,7/31/2000,2Y,5.303
Mo,7/31/2000,5Y,5.416
Mo,7/31/2000,10Y,5.535
Tu,8/1/2000,2Y,5.273
Tu,8/1/2000,5Y,5.359
Tu,8/1/2000,10Y,5.482
We,8/2/2000,2Y,5.282
We,8/2/2000,5Y,5.383
We,8/2/2000,10Y,5.504
Th,8/3/2000,2Y,5.283
Th,8/3/2000,5Y,5.396
Th,8/3/2000,10Y,5.519
Fr,8/4/2000,2Y,5.266
Fr,8/4/2000,5Y,5.387
Fr,8/4/2000,10Y,5.52
Mo,8/7/2000,2Y,5.232
Mo,8/7/2000,5Y,5.357
Mo,8/7/2000,10Y,5.498
Tu,8/8/2000,2Y,5.25
Tu,8/8/2000,5Y,5.396
Tu,8/8/2000,10Y,5.527
We,8/9/2000,2Y,5.275
We,8/9/2000,5Y,5.401
We,8/9/2000,10Y,5.506
Th,8/10/2000,2Y,5.247
Th,8/10/2000,5Y,5.401
Th,8/10/2000,10Y,5.48
Fr,8/11/2000,2Y,5.32
Fr,8/11/2000,5Y,5.407
Fr,8/11/2000,10Y,5.48
Mo,8/14/2000,2Y,5.343
Mo,8/14/2000,5Y,5.441
Mo,8/14/2000,10Y,5.504
Tu,8/15/2000,2Y,5.373
Tu,8/15/2000,5Y,5.488
Tu,8/15/2000,10Y,5.549
We,8/16/2000,2Y,5.402
We,8/16/2000,5Y,5.517
We,8/16/2000,10Y,5.564
Th,8/17/2000,2Y,5.391
Th,8/17/2000,5Y,5.511
Th,8/17/2000,10Y,5.561
Fr,8/18/2000,2Y,5.405
Fr,8/18/2000,5Y,5.514
Fr,8/18/2000,10Y,5.55
Mo,8/21/2000,2Y,5.442
Mo,8/21/2000,5Y,5.568
Mo,8/21/2000,10Y,5.593
Tu,8/22/2000,2Y,5.417
Tu,8/22/2000,5Y,5.536
Tu,8/22/2000,10Y,5.574
We,8/23/2000,2Y,5.386
We,8/23/2000,5Y,5.495
We,8/23/2000,10Y,5.543
Th,8/24/2000,2Y,5.391
Th,8/24/2000,5Y,5.485
Th,8/24/2000,10Y,5.55
Fr,8/25/2000,2Y,5.416
Fr,8/25/2000,5Y,5.51
Fr,8/25/2000,10Y,5.567
Mo,8/28/2000,2Y,5.427
Mo,8/28/2000,5Y,5.517
Mo,8/28/2000,10Y,5.586
Tu,8/29/2000,2Y,5.418
Tu,8/29/2000,5Y,5.53
Tu,8/29/2000,10Y,5.637
We,8/30/2000,2Y,5.411
We,8/30/2000,5Y,5.523
We,8/30/2000,10Y,5.635
Th,8/31/2000,2Y,5.381
Th,8/31/2000,5Y,5.503
Th,8/31/2000,10Y,5.629
Fr,9/1/2000,2Y,5.304
Fr,9/1/2000,5Y,5.393
Fr,9/1/2000,10Y,5.515
Mo,9/4/2000,2Y,5.296
Mo,9/4/2000,5Y,5.395
Mo,9/4/2000,10Y,5.519
Tu,9/5/2000,2Y,5.326
Tu,9/5/2000,5Y,5.411
Tu,9/5/2000,10Y,5.531
We,9/6/2000,2Y,5.378
We,9/6/2000,5Y,5.468
We,9/6/2000,10Y,5.554
Th,9/7/2000,2Y,5.382
Th,9/7/2000,5Y,5.482
Th,9/7/2000,10Y,5.564
Fr,9/8/2000,2Y,5.372
Fr,9/8/2000,5Y,5.494
Fr,9/8/2000,10Y,5.586
Mo,9/11/2000,2Y,5.363
Mo,9/11/2000,5Y,5.486
Mo,9/11/2000,10Y,5.58
Tu,9/12/2000,2Y,5.344
Tu,9/12/2000,5Y,5.477
Tu,9/12/2000,10Y,5.591
We,9/13/2000,2Y,5.309
We,9/13/2000,5Y,5.447
We,9/13/2000,10Y,5.581
Th,9/14/2000,2Y,5.281
Th,9/14/2000,5Y,5.424
Th,9/14/2000,10Y,5.574
Fr,9/15/2000,2Y,5.257
Fr,9/15/2000,5Y,5.417
Fr,9/15/2000,10Y,5.601
Mo,9/18/2000,2Y,5.251
Mo,9/18/2000,5Y,5.433
Mo,9/18/2000,10Y,5.639
Tu,9/19/2000,2Y,5.213
Tu,9/19/2000,5Y,5.408
Tu,9/19/2000,10Y,5.619
We,9/20/2000,2Y,5.227
We,9/20/2000,5Y,5.414
We,9/20/2000,10Y,5.629
Th,9/21/2000,2Y,5.215
Th,9/21/2000,5Y,5.38
Th,9/21/2000,10Y,5.587
Fr,9/22/2000,2Y,5.172
Fr,9/22/2000,5Y,5.342
Fr,9/22/2000,10Y,5.552
Mo,9/25/2000,2Y,5.253
Mo,9/25/2000,5Y,5.429
Mo,9/25/2000,10Y,5.591
Tu,9/26/2000,2Y,5.237
Tu,9/26/2000,5Y,5.403
Tu,9/26/2000,10Y,5.565
We,9/27/2000,2Y,5.239
We,9/27/2000,5Y,5.419
We,9/27/2000,10Y,5.605
Th,9/28/2000,2Y,5.256
Th,9/28/2000,5Y,5.407
Th,9/28/2000,10Y,5.577
Fr,9/29/2000,2Y,5.225
Fr,9/29/2000,5Y,5.382
Fr,9/29/2000,10Y,5.545
Mo,10/2/2000,2Y,5.193
Mo,10/2/2000,5Y,5.366
Mo,10/2/2000,10Y,5.551
Tu,10/3/2000,2Y,5.191
Tu,10/3/2000,5Y,5.37
Tu,10/3/2000,10Y,5.556
We,10/4/2000,2Y,5.206
We,10/4/2000,5Y,5.381
We,10/4/2000,10Y,5.568
Th,10/5/2000,2Y,5.255
Th,10/5/2000,5Y,5.4
Th,10/5/2000,10Y,5.581
Fr,10/6/2000,2Y,5.251
Fr,10/6/2000,5Y,5.384
Fr,10/6/2000,10Y,5.562
Mo,10/9/2000,2Y,5.246
Mo,10/9/2000,5Y,5.34
Mo,10/9/2000,10Y,5.525
Tu,10/10/2000,2Y,5.25
Tu,10/10/2000,5Y,5.342
Tu,10/10/2000,10Y,5.519
We,10/11/2000,2Y,5.207
We,10/11/2000,5Y,5.3
We,10/11/2000,10Y,5.483
Th,10/12/2000,2Y,5.171
Th,10/12/2000,5Y,5.267
Th,10/12/2000,10Y,5.473
Fr,10/13/2000,2Y,5.202
Fr,10/13/2000,5Y,5.261
Fr,10/13/2000,10Y,5.515
Mo,10/16/2000,2Y,5.228
Mo,10/16/2000,5Y,5.295
Mo,10/16/2000,10Y,5.526
Tu,10/17/2000,2Y,5.23
Tu,10/17/2000,5Y,5.303
Tu,10/17/2000,10Y,5.525
We,10/18/2000,2Y,5.23
We,10/18/2000,5Y,5.296
We,10/18/2000,10Y,5.511
Th,10/19/2000,2Y,5.253
Th,10/19/2000,5Y,5.332
Th,10/19/2000,10Y,5.51
Fr,10/20/2000,2Y,5.275
Fr,10/20/2000,5Y,5.349
Fr,10/20/2000,10Y,5.499
Mo,10/23/2000,2Y,5.308
Mo,10/23/2000,5Y,5.361
Mo,10/23/2000,10Y,5.503
Tu,10/24/2000,2Y,5.304
Tu,10/24/2000,5Y,5.36
Tu,10/24/2000,10Y,5.504
We,10/25/2000,2Y,5.313
We,10/25/2000,5Y,5.381
We,10/25/2000,10Y,5.55
Th,10/26/2000,2Y,5.307
Th,10/26/2000,5Y,5.367
Th,10/26/2000,10Y,5.536
Fr,10/27/2000,2Y,5.295
Fr,10/27/2000,5Y,5.338
Fr,10/27/2000,10Y,5.517
Mo,10/30/2000,2Y,5.298
Mo,10/30/2000,5Y,5.347
Mo,10/30/2000,10Y,5.523
Tu,10/31/2000,2Y,5.303
Tu,10/31/2000,5Y,5.359
Tu,10/31/2000,10Y,5.521
We,11/1/2000,2Y,5.267
We,11/1/2000,5Y,5.326
We,11/1/2000,10Y,5.5
Th,11/2/2000,2Y,5.276
Th,11/2/2000,5Y,5.328
Th,11/2/2000,10Y,5.509
Fr,11/3/2000,2Y,5.265
Fr,11/3/2000,5Y,5.33
Fr,11/3/2000,10Y,5.514
Mo,11/6/2000,2Y,5.271
Mo,11/6/2000,5Y,5.341
Mo,11/6/2000,10Y,5.529
Tu,11/7/2000,2Y,5.275
Tu,11/7/2000,5Y,5.351
Tu,11/7/2000,10Y,5.544
We,11/8/2000,2Y,5.279
We,11/8/2000,5Y,5.36
We,11/8/2000,10Y,5.558
Th,11/9/2000,2Y,5.262
Th,11/9/2000,5Y,5.335
Th,11/9/2000,10Y,5.535
Fr,11/10/2000,2Y,5.233
Fr,11/10/2000,5Y,5.347
Fr,11/10/2000,10Y,5.524
Mo,11/13/2000,2Y,5.195
Mo,11/13/2000,5Y,5.31
Mo,11/13/2000,10Y,5.489
Tu,11/14/2000,2Y,5.201
Tu,11/14/2000,5Y,5.317
Tu,11/14/2000,10Y,5.491
We,11/15/2000,2Y,5.191
We,11/15/2000,5Y,5.309
We,11/15/2000,10Y,5.49
Th,11/16/2000,2Y,5.18
Th,11/16/2000,5Y,5.288
Th,11/16/2000,10Y,5.475
Fr,11/17/2000,2Y,5.184
Fr,11/17/2000,5Y,5.286
Fr,11/17/2000,10Y,5.481
Mo,11/20/2000,2Y,5.187
Mo,11/20/2000,5Y,5.287
Mo,11/20/2000,10Y,5.468
Tu,11/21/2000,2Y,5.205
Tu,11/21/2000,5Y,5.306
Tu,11/21/2000,10Y,5.481
We,11/22/2000,2Y,5.186
We,11/22/2000,5Y,5.265
We,11/22/2000,10Y,5.435
Th,11/23/2000,2Y,5.188
Th,11/23/2000,5Y,5.269
Th,11/23/2000,10Y,5.431
Fr,11/24/2000,2Y,5.19
Fr,11/24/2000,5Y,5.262
Fr,11/24/2000,10Y,5.421
Mo,11/27/2000,2Y,5.182
Mo,11/27/2000,5Y,5.254
Mo,11/27/2000,10Y,5.418
Tu,11/28/2000,2Y,5.144
Tu,11/28/2000,5Y,5.209
Tu,11/28/2000,10Y,5.378
We,11/29/2000,2Y,5.11
We,11/29/2000,5Y,5.178
We,11/29/2000,10Y,5.37
Th,11/30/2000,2Y,5.024
Th,11/30/2000,5Y,5.085
Th,11/30/2000,10Y,5.297
Fr,12/1/2000,2Y,5.037
Fr,12/1/2000,5Y,5.092
Fr,12/1/2000,10Y,5.297
Mo,12/4/2000,2Y,4.986
Mo,12/4/2000,5Y,5.036
Mo,12/4/2000,10Y,5.245
Tu,12/5/2000,2Y,4.953
Tu,12/5/2000,5Y,5.014
Tu,12/5/2000,10Y,5.247
We,12/6/2000,2Y,4.883
We,12/6/2000,5Y,4.944
We,12/6/2000,10Y,5.232
Th,12/7/2000,2Y,4.881
Th,12/7/2000,5Y,4.96
Th,12/7/2000,10Y,5.251
Fr,12/8/2000,2Y,4.902
Fr,12/8/2000,5Y,4.994
Fr,12/8/2000,10Y,5.26
Mo,12/11/2000,2Y,4.922
Mo,12/11/2000,5Y,5.018
Mo,12/11/2000,10Y,5.261
Tu,12/12/2000,2Y,4.936
Tu,12/12/2000,5Y,5.033
Tu,12/12/2000,10Y,5.28
We,12/13/2000,2Y,4.876
We,12/13/2000,5Y,4.966
We,12/13/2000,10Y,5.223
Th,12/14/2000,2Y,4.851
Th,12/14/2000,5Y,4.935
Th,12/14/2000,10Y,5.202
Fr,12/15/2000,2Y,4.816
Fr,12/15/2000,5Y,4.883
Fr,12/15/2000,10Y,5.161
Mo,12/18/2000,2Y,4.786
Mo,12/18/2000,5Y,4.843
Mo,12/18/2000,10Y,5.143
Tu,12/19/2000,2Y,4.81
Tu,12/19/2000,5Y,4.884
Tu,12/19/2000,10Y,5.184
We,12/20/2000,2Y,4.733
We,12/20/2000,5Y,4.836
We,12/20/2000,10Y,5.166
Th,12/21/2000,2Y,4.735
Th,12/21/2000,5Y,4.861
Th,12/21/2000,10Y,5.184
Fr,12/22/2000,2Y,4.723
Fr,12/22/2000,5Y,4.865
Fr,12/22/2000,10Y,5.187
Mo,12/25/2000,2Y,4.734
Mo,12/25/2000,5Y,4.837
Mo,12/25/2000,10Y,5.186
Tu,12/26/2000,2Y,4.735
Tu,12/26/2000,5Y,4.831
Tu,12/26/2000,10Y,5.186
We,12/27/2000,2Y,4.687
We,12/27/2000,5Y,4.833
We,12/27/2000,10Y,5.18
Th,12/28/2000,2Y,4.717
Th,12/28/2000,5Y,4.864
Th,12/28/2000,10Y,5.224
Fr,12/29/2000,2Y,4.675
Fr,12/29/2000,5Y,4.78
Fr,12/29/2000,10Y,5.167
Mo,1/1/2001,2Y,4.691
Mo,1/1/2001,5Y,4.767
Mo,1/1/2001,10Y,5.167
Tu,1/2/2001,2Y,4.526
Tu,1/2/2001,5Y,4.669
Tu,1/2/2001,10Y,5.063
We,1/3/2001,2Y,4.546
We,1/3/2001,5Y,4.678
We,1/3/2001,10Y,5.045
Th,1/4/2001,2Y,4.481
Th,1/4/2001,5Y,4.679
Th,1/4/2001,10Y,5.054
Fr,1/5/2001,2Y,4.405
Fr,1/5/2001,5Y,4.611
Fr,1/5/2001,10Y,5.016
Mo,1/8/2001,2Y,4.417
Mo,1/8/2001,5Y,4.614
Mo,1/8/2001,10Y,5.029
Tu,1/9/2001,2Y,4.507
Tu,1/9/2001,5Y,4.696
Tu,1/9/2001,10Y,5.069
We,1/10/2001,2Y,4.593
We,1/10/2001,5Y,4.76
We,1/10/2001,10Y,5.1
Th,1/11/2001,2Y,4.578
Th,1/11/2001,5Y,4.725
Th,1/11/2001,10Y,5.067
Fr,1/12/2001,2Y,4.68
Fr,1/12/2001,5Y,4.809
Fr,1/12/2001,10Y,5.146
Mo,1/15/2001,2Y,4.68
Mo,1/15/2001,5Y,4.809
Mo,1/15/2001,10Y,5.146
Tu,1/16/2001,2Y,4.607
Tu,1/16/2001,5Y,4.801
Tu,1/16/2001,10Y,5.155
We,1/17/2001,2Y,4.632
We,1/17/2001,5Y,4.792
We,1/17/2001,10Y,5.132
Th,1/18/2001,2Y,4.575
Th,1/18/2001,5Y,4.748
Th,1/18/2001,10Y,5.115
Fr,1/19/2001,2Y,4.561
Fr,1/19/2001,5Y,4.752
Fr,1/19/2001,10Y,5.142
Mo,1/22/2001,2Y,4.568
Mo,1/22/2001,5Y,4.77
Mo,1/22/2001,10Y,5.16
Tu,1/23/2001,2Y,4.56
Tu,1/23/2001,5Y,4.736
Tu,1/23/2001,10Y,5.135
We,1/24/2001,2Y,4.645
We,1/24/2001,5Y,4.802
We,1/24/2001,10Y,5.165
Th,1/25/2001,2Y,4.692
Th,1/25/2001,5Y,4.838
Th,1/25/2001,10Y,5.159
Fr,1/26/2001,2Y,4.682
Fr,1/26/2001,5Y,4.824
Fr,1/26/2001,10Y,5.159
Mo,1/29/2001,2Y,4.654
Mo,1/29/2001,5Y,4.803
Mo,1/29/2001,10Y,5.159
Tu,1/30/2001,2Y,4.594
Tu,1/30/2001,5Y,4.75
Tu,1/30/2001,10Y,5.159
We,1/31/2001,2Y,4.536
We,1/31/2001,5Y,4.711
We,1/31/2001,10Y,5.159
Th,2/1/2001,2Y,4.551
Th,2/1/2001,5Y,4.721
Th,2/1/2001,10Y,5.159
Fr,2/2/2001,2Y,4.577
Fr,2/2/2001,5Y,4.729
Fr,2/2/2001,10Y,5.159
Mo,2/5/2001,2Y,4.544
Mo,2/5/2001,5Y,4.705
Mo,2/5/2001,10Y,5.159
Tu,2/6/2001,2Y,4.573
Tu,2/6/2001,5Y,4.724
Tu,2/6/2001,10Y,5.159
We,2/7/2001,2Y,4.556
We,2/7/2001,5Y,4.706
We,2/7/2001,10Y,5.074
Th,2/8/2001,2Y,4.606
Th,2/8/2001,5Y,4.756
Th,2/8/2001,10Y,5.12
Fr,2/9/2001,2Y,4.583
Fr,2/9/2001,5Y,4.725
Fr,2/9/2001,10Y,5.093
Mo,2/12/2001,2Y,4.572
Mo,2/12/2001,5Y,4.726
Mo,2/12/2001,10Y,5.092
Tu,2/13/2001,2Y,4.552
Tu,2/13/2001,5Y,4.706
Tu,2/13/2001,10Y,5.07
We,2/14/2001,2Y,4.576
We,2/14/2001,5Y,4.727
We,2/14/2001,10Y,5.096
Th,2/15/2001,2Y,4.665
Th,2/15/2001,5Y,4.809
Th,2/15/2001,10Y,5.152
Fr,2/16/2001,2Y,4.633
Fr,2/16/2001,5Y,4.774
Fr,2/16/2001,10Y,5.13
Mo,2/19/2001,2Y,4.629
Mo,2/19/2001,5Y,4.756
Mo,2/19/2001,10Y,5.112
Tu,2/20/2001,2Y,4.651
Tu,2/20/2001,5Y,4.784
Tu,2/20/2001,10Y,5.129
We,2/21/2001,2Y,4.656
We,2/21/2001,5Y,4.794
We,2/21/2001,10Y,5.158
Th,2/22/2001,2Y,4.697
Th,2/22/2001,5Y,4.819
Th,2/22/2001,10Y,5.166
Fr,2/23/2001,2Y,4.662
Fr,2/23/2001,5Y,4.783
Fr,2/23/2001,10Y,5.138
Mo,2/26/2001,2Y,4.641
Mo,2/26/2001,5Y,4.771
Mo,2/26/2001,10Y,5.14
Tu,2/27/2001,2Y,4.571
Tu,2/27/2001,5Y,4.69
Tu,2/27/2001,10Y,5.071
We,2/28/2001,2Y,4.559
We,2/28/2001,5Y,4.686
We,2/28/2001,10Y,5.065
Th,3/1/2001,2Y,4.569
Th,3/1/2001,5Y,4.695
Th,3/1/2001,10Y,5.069
Fr,3/2/2001,2Y,4.573
Fr,3/2/2001,5Y,4.688
Fr,3/2/2001,10Y,5.059
Mo,3/5/2001,2Y,4.589
Mo,3/5/2001,5Y,4.715
Mo,3/5/2001,10Y,5.084
Tu,3/6/2001,2Y,4.582
Tu,3/6/2001,5Y,4.703
Tu,3/6/2001,10Y,5.076
We,3/7/2001,2Y,4.558
We,3/7/2001,5Y,4.697
We,3/7/2001,10Y,5.075
Th,3/8/2001,2Y,4.538
Th,3/8/2001,5Y,4.67
Th,3/8/2001,10Y,5.033
Fr,3/9/2001,2Y,4.554
Fr,3/9/2001,5Y,4.682
Fr,3/9/2001,10Y,5.045
Mo,3/12/2001,2Y,4.55
Mo,3/12/2001,5Y,4.675
Mo,3/12/2001,10Y,5.029
Tu,3/13/2001,2Y,4.558
Tu,3/13/2001,5Y,4.693
Tu,3/13/2001,10Y,5.056
We,3/14/2001,2Y,4.52
We,3/14/2001,5Y,4.65
We,3/14/2001,10Y,5.036
Th,3/15/2001,2Y,4.485
Th,3/15/2001,5Y,4.652
Th,3/15/2001,10Y,5.032
Fr,3/16/2001,2Y,4.44
Fr,3/16/2001,5Y,4.598
Fr,3/16/2001,10Y,5.014
Mo,3/19/2001,2Y,4.468
Mo,3/19/2001,5Y,4.625
Mo,3/19/2001,10Y,5.051
Tu,3/20/2001,2Y,4.484
Tu,3/20/2001,5Y,4.642
Tu,3/20/2001,10Y,5.043
We,3/21/2001,2Y,4.388
We,3/21/2001,5Y,4.573
We,3/21/2001,10Y,4.994
Th,3/22/2001,2Y,4.3
Th,3/22/2001,5Y,4.479
Th,3/22/2001,10Y,4.929
Fr,3/23/2001,2Y,4.314
Fr,3/23/2001,5Y,4.508
Fr,3/23/2001,10Y,4.954
Mo,3/26/2001,2Y,4.321
Mo,3/26/2001,5Y,4.508
Mo,3/26/2001,10Y,4.974
Tu,3/27/2001,2Y,4.317
Tu,3/27/2001,5Y,4.519
Tu,3/27/2001,10Y,5.006
We,3/28/2001,2Y,4.354
We,3/28/2001,5Y,4.546
We,3/28/2001,10Y,5
Th,3/29/2001,2Y,4.341
Th,3/29/2001,5Y,4.565
Th,3/29/2001,10Y,5.041
Fr,3/30/2001,2Y,4.345
Fr,3/30/2001,5Y,4.557
Fr,3/30/2001,10Y,5.046
Mo,4/2/2001,2Y,4.351
Mo,4/2/2001,5Y,4.555
Mo,4/2/2001,10Y,5.057
Tu,4/3/2001,2Y,4.34
Tu,4/3/2001,5Y,4.557
Tu,4/3/2001,10Y,5.034
We,4/4/2001,2Y,4.345
We,4/4/2001,5Y,4.587
We,4/4/2001,10Y,5.086
Th,4/5/2001,2Y,4.359
Th,4/5/2001,5Y,4.605
Th,4/5/2001,10Y,5.093
Fr,4/6/2001,2Y,4.326
Fr,4/6/2001,5Y,4.558
Fr,4/6/2001,10Y,5.044
Mo,4/9/2001,2Y,4.306
Mo,4/9/2001,5Y,4.543
Mo,4/9/2001,10Y,5.05
Tu,4/10/2001,2Y,4.351
Tu,4/10/2001,5Y,4.593
Tu,4/10/2001,10Y,5.096
We,4/11/2001,2Y,4.503
We,4/11/2001,5Y,4.719
We,4/11/2001,10Y,5.184
Th,4/12/2001,2Y,4.595
Th,4/12/2001,5Y,4.753
Th,4/12/2001,10Y,5.182
Fr,4/13/2001,2Y,4.591
Fr,4/13/2001,5Y,4.765
Fr,4/13/2001,10Y,5.196
Mo,4/16/2001,2Y,4.582
Mo,4/16/2001,5Y,4.764
Mo,4/16/2001,10Y,5.182
Tu,4/17/2001,2Y,4.621
Tu,4/17/2001,5Y,4.782
Tu,4/17/2001,10Y,5.204
We,4/18/2001,2Y,4.578
We,4/18/2001,5Y,4.75
We,4/18/2001,10Y,5.218
Th,4/19/2001,2Y,4.616
Th,4/19/2001,5Y,4.82
Th,4/19/2001,10Y,5.308
Fr,4/20/2001,2Y,4.634
Fr,4/20/2001,5Y,4.795
Fr,4/20/2001,10Y,5.272
Mo,4/23/2001,2Y,4.62
Mo,4/23/2001,5Y,4.76
Mo,4/23/2001,10Y,5.235
Tu,4/24/2001,2Y,4.693
Tu,4/24/2001,5Y,4.828
Tu,4/24/2001,10Y,5.277
We,4/25/2001,2Y,4.665
We,4/25/2001,5Y,4.813
We,4/25/2001,10Y,5.269
Th,4/26/2001,2Y,4.604
Th,4/26/2001,5Y,4.739
Th,4/26/2001,10Y,5.219
Fr,4/27/2001,2Y,4.677
Fr,4/27/2001,5Y,4.832
Fr,4/27/2001,10Y,5.28
Mo,4/30/2001,2Y,4.804
Mo,4/30/2001,5Y,4.94
Mo,4/30/2001,10Y,5.37
Tu,5/1/2001,2Y,4.797
Tu,5/1/2001,5Y,4.951
Tu,5/1/2001,10Y,5.335
We,5/2/2001,2Y,4.778
We,5/2/2001,5Y,4.912
We,5/2/2001,10Y,5.324
Th,5/3/2001,2Y,4.744
Th,5/3/2001,5Y,4.865
Th,5/3/2001,10Y,5.291
Fr,5/4/2001,2Y,4.697
Fr,5/4/2001,5Y,4.813
Fr,5/4/2001,10Y,5.26
Mo,5/7/2001,2Y,4.685
Mo,5/7/2001,5Y,4.795
Mo,5/7/2001,10Y,5.252
Tu,5/8/2001,2Y,4.672
Tu,5/8/2001,5Y,4.8
Tu,5/8/2001,10Y,5.247
We,5/9/2001,2Y,4.622
We,5/9/2001,5Y,4.771
We,5/9/2001,10Y,5.236
Th,5/10/2001,2Y,4.452
Th,5/10/2001,5Y,4.695
Th,5/10/2001,10Y,5.233
Fr,5/11/2001,2Y,4.476
Fr,5/11/2001,5Y,4.742
Fr,5/11/2001,10Y,5.313
Mo,5/14/2001,2Y,4.513
Mo,5/14/2001,5Y,4.815
Mo,5/14/2001,10Y,5.38
Tu,5/15/2001,2Y,4.524
Tu,5/15/2001,5Y,4.843
Tu,5/15/2001,10Y,5.383
We,5/16/2001,2Y,4.507
We,5/16/2001,5Y,4.823
We,5/16/2001,10Y,5.37
Th,5/17/2001,2Y,4.518
Th,5/17/2001,5Y,4.809
Th,5/17/2001,10Y,5.359
Fr,5/18/2001,2Y,4.555
Fr,5/18/2001,5Y,4.835
Fr,5/18/2001,10Y,5.354
Mo,5/21/2001,2Y,4.542
Mo,5/21/2001,5Y,4.822
Mo,5/21/2001,10Y,5.357
Tu,5/22/2001,2Y,4.577
Tu,5/22/2001,5Y,4.853
Tu,5/22/2001,10Y,5.402
We,5/23/2001,2Y,4.568
We,5/23/2001,5Y,4.857
We,5/23/2001,10Y,5.424
Th,5/24/2001,2Y,4.535
Th,5/24/2001,5Y,4.855
Th,5/24/2001,10Y,5.451
Fr,5/25/2001,2Y,4.552
Fr,5/25/2001,5Y,4.877
Fr,5/25/2001,10Y,5.47
Mo,5/28/2001,2Y,4.505
Mo,5/28/2001,5Y,4.842
Mo,5/28/2001,10Y,5.451
Tu,5/29/2001,2Y,4.511
Tu,5/29/2001,5Y,4.834
Tu,5/29/2001,10Y,5.414
We,5/30/2001,2Y,4.494
We,5/30/2001,5Y,4.837
We,5/30/2001,10Y,5.421
Th,5/31/2001,2Y,4.508
Th,5/31/2001,5Y,4.876
Th,5/31/2001,10Y,5.457
Fr,6/1/2001,2Y,4.463
Fr,6/1/2001,5Y,4.88
Fr,6/1/2001,10Y,5.333
Mo,6/4/2001,2Y,4.433
Mo,6/4/2001,5Y,4.854
Mo,6/4/2001,10Y,5.336
Tu,6/5/2001,2Y,4.363
Tu,6/5/2001,5Y,4.781
Tu,6/5/2001,10Y,5.281
We,6/6/2001,2Y,4.386
We,6/6/2001,5Y,4.82
We,6/6/2001,10Y,5.308
Th,6/7/2001,2Y,4.401
Th,6/7/2001,5Y,4.84
Th,6/7/2001,10Y,5.351
Fr,6/8/2001,2Y,4.413
Fr,6/8/2001,5Y,4.851
Fr,6/8/2001,10Y,5.348
Mo,6/11/2001,2Y,4.405
Mo,6/11/2001,5Y,4.84
Mo,6/11/2001,10Y,5.336
Tu,6/12/2001,2Y,4.443
Tu,6/12/2001,5Y,4.866
Tu,6/12/2001,10Y,5.337
We,6/13/2001,2Y,4.472
We,6/13/2001,5Y,4.88
We,6/13/2001,10Y,5.344
Th,6/14/2001,2Y,4.406
Th,6/14/2001,5Y,4.806
Th,6/14/2001,10Y,5.274
Fr,6/15/2001,2Y,4.388
Fr,6/15/2001,5Y,4.789
Fr,6/15/2001,10Y,5.276
Mo,6/18/2001,2Y,4.364
Mo,6/18/2001,5Y,4.771
Mo,6/18/2001,10Y,5.254
Tu,6/19/2001,2Y,4.375
Tu,6/19/2001,5Y,4.794
Tu,6/19/2001,10Y,5.301
We,6/20/2001,2Y,4.353
We,6/20/2001,5Y,4.765
We,6/20/2001,10Y,5.259
Th,6/21/2001,2Y,4.331
Th,6/21/2001,5Y,4.738
Th,6/21/2001,10Y,5.221
Fr,6/22/2001,2Y,4.3
Fr,6/22/2001,5Y,4.705
Fr,6/22/2001,10Y,5.205
Mo,6/25/2001,2Y,4.271
Mo,6/25/2001,5Y,4.697
Mo,6/25/2001,10Y,5.224
Tu,6/26/2001,2Y,4.294
Tu,6/26/2001,5Y,4.735
Tu,6/26/2001,10Y,5.276
We,6/27/2001,2Y,4.296
We,6/27/2001,5Y,4.725
We,6/27/2001,10Y,5.246
Th,6/28/2001,2Y,4.317
Th,6/28/2001,5Y,4.77
Th,6/28/2001,10Y,5.296
Fr,6/29/2001,2Y,4.403
Fr,6/29/2001,5Y,4.842
Fr,6/29/2001,10Y,5.377
Mo,7/2/2001,2Y,4.366
Mo,7/2/2001,5Y,4.817
Mo,7/2/2001,10Y,5.366
Tu,7/3/2001,2Y,4.441
Tu,7/3/2001,5Y,4.881
Tu,7/3/2001,10Y,5.4
We,7/4/2001,2Y,4.444
We,7/4/2001,5Y,4.883
We,7/4/2001,10Y,5.388
Th,7/5/2001,2Y,4.481
Th,7/5/2001,5Y,4.898
Th,7/5/2001,10Y,5.392
Fr,7/6/2001,2Y,4.423
Fr,7/6/2001,5Y,4.842
Fr,7/6/2001,10Y,5.377
Mo,7/9/2001,2Y,4.456
Mo,7/9/2001,5Y,4.884
Mo,7/9/2001,10Y,5.388
Tu,7/10/2001,2Y,4.408
Tu,7/10/2001,5Y,4.849
Tu,7/10/2001,10Y,5.362
We,7/11/2001,2Y,4.358
We,7/11/2001,5Y,4.803
We,7/11/2001,10Y,5.317
Th,7/12/2001,2Y,4.362
Th,7/12/2001,5Y,4.799
Th,7/12/2001,10Y,5.324
Fr,7/13/2001,2Y,4.385
Fr,7/13/2001,5Y,4.823
Fr,7/13/2001,10Y,5.344
Mo,7/16/2001,2Y,4.373
Mo,7/16/2001,5Y,4.811
Mo,7/16/2001,10Y,5.317
Tu,7/17/2001,2Y,4.379
Tu,7/17/2001,5Y,4.8
Tu,7/17/2001,10Y,5.303
We,7/18/2001,2Y,4.329
We,7/18/2001,5Y,4.756
We,7/18/2001,10Y,5.275
Th,7/19/2001,2Y,4.351
Th,7/19/2001,5Y,4.77
Th,7/19/2001,10Y,5.261
Fr,7/20/2001,2Y,4.321
Fr,7/20/2001,5Y,4.726
Fr,7/20/2001,10Y,5.22
Mo,7/23/2001,2Y,4.297
Mo,7/23/2001,5Y,4.713
Mo,7/23/2001,10Y,5.219
Tu,7/24/2001,2Y,4.281
Tu,7/24/2001,5Y,4.707
Tu,7/24/2001,10Y,5.213
We,7/25/2001,2Y,4.297
We,7/25/2001,5Y,4.719
We,7/25/2001,10Y,5.231
Th,7/26/2001,2Y,4.292
Th,7/26/2001,5Y,4.704
Th,7/26/2001,10Y,5.213
Fr,7/27/2001,2Y,4.248
Fr,7/27/2001,5Y,4.654
Fr,7/27/2001,10Y,5.166
Mo,7/30/2001,2Y,4.25
Mo,7/30/2001,5Y,4.654
Mo,7/30/2001,10Y,5.16
Tu,7/31/2001,2Y,4.228
Tu,7/31/2001,5Y,4.631
Tu,7/31/2001,10Y,5.132
We,8/1/2001,2Y,4.228
We,8/1/2001,5Y,4.647
We,8/1/2001,10Y,5.16
Th,8/2/2001,2Y,4.256
Th,8/2/2001,5Y,4.673
Th,8/2/2001,10Y,5.179
Fr,8/3/2001,2Y,4.223
Fr,8/3/2001,5Y,4.642
Fr,8/3/2001,10Y,5.163
Mo,8/6/2001,2Y,4.209
Mo,8/6/2001,5Y,4.622
Mo,8/6/2001,10Y,5.147
Tu,8/7/2001,2Y,4.216
Tu,8/7/2001,5Y,4.632
Tu,8/7/2001,10Y,5.156
We,8/8/2001,2Y,4.22
We,8/8/2001,5Y,4.649
We,8/8/2001,10Y,5.163
Th,8/9/2001,2Y,4.117
Th,8/9/2001,5Y,4.562
Th,8/9/2001,10Y,5.097
Fr,8/10/2001,2Y,4.081
Fr,8/10/2001,5Y,4.536
Fr,8/10/2001,10Y,5.067
Mo,8/13/2001,2Y,4.078
Mo,8/13/2001,5Y,4.536
Mo,8/13/2001,10Y,5.049
Tu,8/14/2001,2Y,4.103
Tu,8/14/2001,5Y,4.577
Tu,8/14/2001,10Y,5.088
We,8/15/2001,2Y,4.088
We,8/15/2001,5Y,4.558
We,8/15/2001,10Y,5.08
Th,8/16/2001,2Y,4.08
Th,8/16/2001,5Y,4.557
Th,8/16/2001,10Y,5.064
Fr,8/17/2001,2Y,4.037
Fr,8/17/2001,5Y,4.497
Fr,8/17/2001,10Y,5.016
Mo,8/20/2001,2Y,4.038
Mo,8/20/2001,5Y,4.502
Mo,8/20/2001,10Y,5.029
Tu,8/21/2001,2Y,4.065
Tu,8/21/2001,5Y,4.54
Tu,8/21/2001,10Y,5.067
We,8/22/2001,2Y,4.082
We,8/22/2001,5Y,4.565
We,8/22/2001,10Y,5.093
Th,8/23/2001,2Y,4.086
Th,8/23/2001,5Y,4.578
Th,8/23/2001,10Y,5.097
Fr,8/24/2001,2Y,4.135
Fr,8/24/2001,5Y,4.628
Fr,8/24/2001,10Y,5.13
Mo,8/27/2001,2Y,4.143
Mo,8/27/2001,5Y,4.627
Mo,8/27/2001,10Y,5.128
Tu,8/28/2001,2Y,4.069
Tu,8/28/2001,5Y,4.548
Tu,8/28/2001,10Y,5.077
We,8/29/2001,2Y,4.064
We,8/29/2001,5Y,4.533
We,8/29/2001,10Y,5.061
Th,8/30/2001,2Y,3.991
Th,8/30/2001,5Y,4.47
Th,8/30/2001,10Y,5.032
Fr,8/31/2001,2Y,3.985
Fr,8/31/2001,5Y,4.463
Fr,8/31/2001,10Y,5.047
Mo,9/3/2001,2Y,3.964
Mo,9/3/2001,5Y,4.448
Mo,9/3/2001,10Y,5.044
Tu,9/4/2001,2Y,4.084
Tu,9/4/2001,5Y,4.599
Tu,9/4/2001,10Y,5.125
We,9/5/2001,2Y,4.115
We,9/5/2001,5Y,4.617
We,9/5/2001,10Y,5.151
Th,9/6/2001,2Y,4.027
Th,9/6/2001,5Y,4.543
Th,9/6/2001,10Y,5.113
Fr,9/7/2001,2Y,3.951
Fr,9/7/2001,5Y,4.468
Fr,9/7/2001,10Y,5.068
Mo,9/10/2001,2Y,3.963
Mo,9/10/2001,5Y,4.503
Mo,9/10/2001,10Y,5.096
Tu,9/11/2001,2Y,3.686
Tu,9/11/2001,5Y,4.307
Tu,9/11/2001,10Y,5.005
We,9/12/2001,2Y,3.776
We,9/12/2001,5Y,4.36
We,9/12/2001,10Y,5.084
Th,9/13/2001,2Y,3.8
Th,9/13/2001,5Y,4.378
Th,9/13/2001,10Y,5.118
Fr,9/14/2001,2Y,3.722
Fr,9/14/2001,5Y,4.306
Fr,9/14/2001,10Y,5.045
Mo,9/17/2001,2Y,3.741
Mo,9/17/2001,5Y,4.339
Mo,9/17/2001,10Y,5.08
Tu,9/18/2001,2Y,3.681
Tu,9/18/2001,5Y,4.329
Tu,9/18/2001,10Y,5.082
We,9/19/2001,2Y,3.632
We,9/19/2001,5Y,4.321
We,9/19/2001,10Y,5.094
Th,9/20/2001,2Y,3.64
Th,9/20/2001,5Y,4.338
Th,9/20/2001,10Y,5.101
Fr,9/21/2001,2Y,3.62
Fr,9/21/2001,5Y,4.348
Fr,9/21/2001,10Y,5.136
Mo,9/24/2001,2Y,3.641
Mo,9/24/2001,5Y,4.374
Mo,9/24/2001,10Y,5.137
Tu,9/25/2001,2Y,3.612
Tu,9/25/2001,5Y,4.319
Tu,9/25/2001,10Y,5.078
We,9/26/2001,2Y,3.619
We,9/26/2001,5Y,4.325
We,9/26/2001,10Y,5.058
Th,9/27/2001,2Y,3.578
Th,9/27/2001,5Y,4.271
Th,9/27/2001,10Y,5.022
Fr,9/28/2001,2Y,3.6
Fr,9/28/2001,5Y,4.297
Fr,9/28/2001,10Y,5.031
Mo,10/1/2001,2Y,3.579
Mo,10/1/2001,5Y,4.286
Mo,10/1/2001,10Y,5.011
Tu,10/2/2001,2Y,3.545
Tu,10/2/2001,5Y,4.241
Tu,10/2/2001,10Y,4.948
We,10/3/2001,2Y,3.455
We,10/3/2001,5Y,4.169
We,10/3/2001,10Y,4.877
Th,10/4/2001,2Y,3.446
Th,10/4/2001,5Y,4.173
Th,10/4/2001,10Y,4.89
Fr,10/5/2001,2Y,3.434
Fr,10/5/2001,5Y,4.156
Fr,10/5/2001,10Y,4.874
Mo,10/8/2001,2Y,3.442
Mo,10/8/2001,5Y,4.158
Mo,10/8/2001,10Y,4.898
Tu,10/9/2001,2Y,3.48
Tu,10/9/2001,5Y,4.199
Tu,10/9/2001,10Y,4.94
We,10/10/2001,2Y,3.499
We,10/10/2001,5Y,4.206
We,10/10/2001,10Y,4.934
Th,10/11/2001,2Y,3.565
Th,10/11/2001,5Y,4.243
Th,10/11/2001,10Y,4.945
Fr,10/12/2001,2Y,3.524
Fr,10/12/2001,5Y,4.208
Fr,10/12/2001,10Y,4.922
Mo,10/15/2001,2Y,3.485
Mo,10/15/2001,5Y,4.175
Mo,10/15/2001,10Y,4.882
Tu,10/16/2001,2Y,3.466
Tu,10/16/2001,5Y,4.16
Tu,10/16/2001,10Y,4.866
We,10/17/2001,2Y,3.484
We,10/17/2001,5Y,4.178
We,10/17/2001,10Y,4.875
Th,10/18/2001,2Y,3.471
Th,10/18/2001,5Y,4.158
Th,10/18/2001,10Y,4.85
Fr,10/19/2001,2Y,3.435
Fr,10/19/2001,5Y,4.136
Fr,10/19/2001,10Y,4.856
Mo,10/22/2001,2Y,3.413
Mo,10/22/2001,5Y,4.114
Mo,10/22/2001,10Y,4.828
Tu,10/23/2001,2Y,3.434
Tu,10/23/2001,5Y,4.125
Tu,10/23/2001,10Y,4.828
We,10/24/2001,2Y,3.402
We,10/24/2001,5Y,4.089
We,10/24/2001,10Y,4.776
Th,10/25/2001,2Y,3.362
Th,10/25/2001,5Y,4.024
Th,10/25/2001,10Y,4.716
Fr,10/26/2001,2Y,3.358
Fr,10/26/2001,5Y,4.017
Fr,10/26/2001,10Y,4.705
Mo,10/29/2001,2Y,3.278
Mo,10/29/2001,5Y,3.968
Mo,10/29/2001,10Y,4.658
Tu,10/30/2001,2Y,3.18
Tu,10/30/2001,5Y,3.889
Tu,10/30/2001,10Y,4.612
We,10/31/2001,2Y,3.205
We,10/31/2001,5Y,3.903
We,10/31/2001,10Y,4.619
Th,11/1/2001,2Y,3.157
Th,11/1/2001,5Y,3.829
Th,11/1/2001,10Y,4.498
Fr,11/2/2001,2Y,3.155
Fr,11/2/2001,5Y,3.852
Fr,11/2/2001,10Y,4.579
Mo,11/5/2001,2Y,3.112
Mo,11/5/2001,5Y,3.801
Mo,11/5/2001,10Y,4.552
Tu,11/6/2001,2Y,3.08
Tu,11/6/2001,5Y,3.796
Tu,11/6/2001,10Y,4.556
We,11/7/2001,2Y,3.015
We,11/7/2001,5Y,3.728
We,11/7/2001,10Y,4.501
Th,11/8/2001,2Y,3.067
Th,11/8/2001,5Y,3.788
Th,11/8/2001,10Y,4.53
Fr,11/9/2001,2Y,3.1
Fr,11/9/2001,5Y,3.821
Fr,11/9/2001,10Y,4.544
Mo,11/12/2001,2Y,3.064
Mo,11/12/2001,5Y,3.787
Mo,11/12/2001,10Y,4.541
Tu,11/13/2001,2Y,3.159
Tu,11/13/2001,5Y,3.898
Tu,11/13/2001,10Y,4.621
We,11/14/2001,2Y,3.243
We,11/14/2001,5Y,3.986
We,11/14/2001,10Y,4.702
Th,11/15/2001,2Y,3.405
Th,11/15/2001,5Y,4.092
Th,11/15/2001,10Y,4.766
Fr,11/16/2001,2Y,3.48
Fr,11/16/2001,5Y,4.165
Fr,11/16/2001,10Y,4.802
Mo,11/19/2001,2Y,3.436
Mo,11/19/2001,5Y,4.143
Mo,11/19/2001,10Y,4.776
Tu,11/20/2001,2Y,3.425
Tu,11/20/2001,5Y,4.149
Tu,11/20/2001,10Y,4.781
We,11/21/2001,2Y,3.508
We,11/21/2001,5Y,4.255
We,11/21/2001,10Y,4.85
Th,11/22/2001,2Y,3.54
Th,11/22/2001,5Y,4.29
Th,11/22/2001,10Y,4.869
Fr,11/23/2001,2Y,3.519
Fr,11/23/2001,5Y,4.263
Fr,11/23/2001,10Y,4.834
Mo,11/26/2001,2Y,3.469
Mo,11/26/2001,5Y,4.226
Mo,11/26/2001,10Y,4.801
Tu,11/27/2001,2Y,3.612
Tu,11/27/2001,5Y,4.377
Tu,11/27/2001,10Y,4.929
We,11/28/2001,2Y,3.516
We,11/28/2001,5Y,4.293
We,11/28/2001,10Y,4.876
Th,11/29/2001,2Y,3.448
Th,11/29/2001,5Y,4.241
Th,11/29/2001,10Y,4.826
Fr,11/30/2001,2Y,3.392
Fr,11/30/2001,5Y,4.161
Fr,11/30/2001,10Y,4.783
Mo,12/3/2001,2Y,3.372
Mo,12/3/2001,5Y,4.12
Mo,12/3/2001,10Y,4.751
Tu,12/4/2001,2Y,3.363
Tu,12/4/2001,5Y,4.11
Tu,12/4/2001,10Y,4.727
We,12/5/2001,2Y,3.56
We,12/5/2001,5Y,4.307
We,12/5/2001,10Y,4.914
Th,12/6/2001,2Y,3.654
Th,12/6/2001,5Y,4.381
Th,12/6/2001,10Y,4.974
Fr,12/7/2001,2Y,3.675
Fr,12/7/2001,5Y,4.437
Fr,12/7/2001,10Y,5.054
Mo,12/10/2001,2Y,3.624
Mo,12/10/2001,5Y,4.406
Mo,12/10/2001,10Y,5.044
Tu,12/11/2001,2Y,3.57
Tu,12/11/2001,5Y,4.365
Tu,12/11/2001,10Y,4.989
We,12/12/2001,2Y,3.481
We,12/12/2001,5Y,4.272
We,12/12/2001,10Y,4.912
Th,12/13/2001,2Y,3.538
Th,12/13/2001,5Y,4.345
Th,12/13/2001,10Y,4.957
Fr,12/14/2001,2Y,3.55
Fr,12/14/2001,5Y,4.345
Fr,12/14/2001,10Y,4.935
Mo,12/17/2001,2Y,3.628
Mo,12/17/2001,5Y,4.449
Mo,12/17/2001,10Y,5.03
Tu,12/18/2001,2Y,3.543
Tu,12/18/2001,5Y,4.371
Tu,12/18/2001,10Y,4.995
We,12/19/2001,2Y,3.51
We,12/19/2001,5Y,4.328
We,12/19/2001,10Y,4.953
Th,12/20/2001,2Y,3.526
Th,12/20/2001,5Y,4.354
Th,12/20/2001,10Y,4.982
Fr,12/21/2001,2Y,3.561
Fr,12/21/2001,5Y,4.412
Fr,12/21/2001,10Y,5.033
Mo,12/24/2001,2Y,3.564
Mo,12/24/2001,5Y,4.418
Mo,12/24/2001,10Y,5.043
Tu,12/25/2001,2Y,3.558
Tu,12/25/2001,5Y,4.406
Tu,12/25/2001,10Y,5.049
We,12/26/2001,2Y,3.559
We,12/26/2001,5Y,4.409
We,12/26/2001,10Y,5.049
Th,12/27/2001,2Y,3.589
Th,12/27/2001,5Y,4.484
Th,12/27/2001,10Y,5.107
Fr,12/28/2001,2Y,3.579
Fr,12/28/2001,5Y,4.499
Fr,12/28/2001,10Y,5.146
Mo,12/31/2001,2Y,3.589
Mo,12/31/2001,5Y,4.51
Mo,12/31/2001,10Y,5.172
Tu,1/1/2002,2Y,3.577
Tu,1/1/2002,5Y,4.51
Tu,1/1/2002,10Y,5.172
We,1/2/2002,2Y,3.54
We,1/2/2002,5Y,4.488
We,1/2/2002,10Y,5.12
Th,1/3/2002,2Y,3.534
Th,1/3/2002,5Y,4.467
Th,1/3/2002,10Y,5.083
Fr,1/4/2002,2Y,3.589
Fr,1/4/2002,5Y,4.503
Fr,1/4/2002,10Y,5.105
Mo,1/7/2002,2Y,3.549
Mo,1/7/2002,5Y,4.398
Mo,1/7/2002,10Y,4.995
Tu,1/8/2002,2Y,3.557
Tu,1/8/2002,5Y,4.389
Tu,1/8/2002,10Y,4.994
We,1/9/2002,2Y,3.649
We,1/9/2002,5Y,4.476
We,1/9/2002,10Y,5.053
Th,1/10/2002,2Y,3.622
Th,1/10/2002,5Y,4.433
Th,1/10/2002,10Y,5.007
Fr,1/11/2002,2Y,3.654
Fr,1/11/2002,5Y,4.428
Fr,1/11/2002,10Y,4.98
Mo,1/14/2002,2Y,3.587
Mo,1/14/2002,5Y,4.363
Mo,1/14/2002,10Y,4.904
Tu,1/15/2002,2Y,3.645
Tu,1/15/2002,5Y,4.397
Tu,1/15/2002,10Y,4.924
We,1/16/2002,2Y,3.968
We,1/16/2002,5Y,4.531
We,1/16/2002,10Y,4.958
Th,1/17/2002,2Y,3.992
Th,1/17/2002,5Y,4.547
Th,1/17/2002,10Y,4.995
Fr,1/18/2002,2Y,4.017
Fr,1/18/2002,5Y,4.588
Fr,1/18/2002,10Y,5.03
Mo,1/21/2002,2Y,4.002
Mo,1/21/2002,5Y,4.556
Mo,1/21/2002,10Y,5.003
Tu,1/22/2002,2Y,4.09
Tu,1/22/2002,5Y,4.619
Tu,1/22/2002,10Y,5.052
We,1/23/2002,2Y,4.07
We,1/23/2002,5Y,4.602
We,1/23/2002,10Y,5.013
Th,1/24/2002,2Y,4.161
Th,1/24/2002,5Y,4.684
Th,1/24/2002,10Y,5.089
Fr,1/25/2002,2Y,4.237
Fr,1/25/2002,5Y,4.784
Fr,1/25/2002,10Y,5.17
Mo,1/28/2002,2Y,4.251
Mo,1/28/2002,5Y,4.828
Mo,1/28/2002,10Y,5.168
Tu,1/29/2002,2Y,4.192
Tu,1/29/2002,5Y,4.774
Tu,1/29/2002,10Y,5.144
We,1/30/2002,2Y,4.182
We,1/30/2002,5Y,4.754
We,1/30/2002,10Y,5.121
Th,1/31/2002,2Y,4.197
Th,1/31/2002,5Y,4.752
Th,1/31/2002,10Y,5.092
Fr,2/1/2002,2Y,4.174
Fr,2/1/2002,5Y,4.721
Fr,2/1/2002,10Y,5.071
Mo,2/4/2002,2Y,4.101
Mo,2/4/2002,5Y,4.659
Mo,2/4/2002,10Y,5.017
Tu,2/5/2002,2Y,4.067
Tu,2/5/2002,5Y,4.625
Tu,2/5/2002,10Y,4.999
We,2/6/2002,2Y,4.056
We,2/6/2002,5Y,4.625
We,2/6/2002,10Y,5.021
Th,2/7/2002,2Y,4.163
Th,2/7/2002,5Y,4.735
Th,2/7/2002,10Y,5.127
Fr,2/8/2002,2Y,4.129
Fr,2/8/2002,5Y,4.713
Fr,2/8/2002,10Y,5.105
Mo,2/11/2002,2Y,4.142
Mo,2/11/2002,5Y,4.718
Mo,2/11/2002,10Y,5.122
Tu,2/12/2002,2Y,4.164
Tu,2/12/2002,5Y,4.746
Tu,2/12/2002,10Y,5.163
We,2/13/2002,2Y,4.219
We,2/13/2002,5Y,4.794
We,2/13/2002,10Y,5.175
Th,2/14/2002,2Y,4.197
Th,2/14/2002,5Y,4.774
Th,2/14/2002,10Y,5.141
Fr,2/15/2002,2Y,4.143
Fr,2/15/2002,5Y,4.724
Fr,2/15/2002,10Y,5.102
Mo,2/18/2002,2Y,4.144
Mo,2/18/2002,5Y,4.716
Mo,2/18/2002,10Y,5.099
Tu,2/19/2002,2Y,4.164
Tu,2/19/2002,5Y,4.726
Tu,2/19/2002,10Y,5.12
We,2/20/2002,2Y,4.174
We,2/20/2002,5Y,4.737
We,2/20/2002,10Y,5.13
Th,2/21/2002,2Y,4.186
Th,2/21/2002,5Y,4.75
Th,2/21/2002,10Y,5.16
Fr,2/22/2002,2Y,4.129
Fr,2/22/2002,5Y,4.686
Fr,2/22/2002,10Y,5.104
Mo,2/25/2002,2Y,4.162
Mo,2/25/2002,5Y,4.725
Mo,2/25/2002,10Y,5.15
Tu,2/26/2002,2Y,4.179
Tu,2/26/2002,5Y,4.734
Tu,2/26/2002,10Y,5.151
We,2/27/2002,2Y,4.185
We,2/27/2002,5Y,4.744
We,2/27/2002,10Y,5.159
Th,2/28/2002,2Y,4.173
Th,2/28/2002,5Y,4.74
Th,2/28/2002,10Y,5.15
Fr,3/1/2002,2Y,4.2
Fr,3/1/2002,5Y,4.776
Fr,3/1/2002,10Y,5.19
Mo,3/4/2002,2Y,4.235
Mo,3/4/2002,5Y,4.801
Mo,3/4/2002,10Y,5.214
Tu,3/5/2002,2Y,4.282
Tu,3/5/2002,5Y,4.872
Tu,3/5/2002,10Y,5.267
We,3/6/2002,2Y,4.307
We,3/6/2002,5Y,4.903
We,3/6/2002,10Y,5.322
Th,3/7/2002,2Y,4.369
Th,3/7/2002,5Y,4.979
Th,3/7/2002,10Y,5.357
Fr,3/8/2002,2Y,4.42
Fr,3/8/2002,5Y,5.004
Fr,3/8/2002,10Y,5.354
Mo,3/11/2002,2Y,4.403
Mo,3/11/2002,5Y,4.977
Mo,3/11/2002,10Y,5.337
Tu,3/12/2002,2Y,4.4
Tu,3/12/2002,5Y,4.967
Tu,3/12/2002,10Y,5.333
We,3/13/2002,2Y,4.404
We,3/13/2002,5Y,4.976
We,3/13/2002,10Y,5.356
Th,3/14/2002,2Y,4.438
Th,3/14/2002,5Y,5.004
Th,3/14/2002,10Y,5.392
Fr,3/15/2002,2Y,4.471
Fr,3/15/2002,5Y,5.029
Fr,3/15/2002,10Y,5.397
Mo,3/18/2002,2Y,4.462
Mo,3/18/2002,5Y,5.026
Mo,3/18/2002,10Y,5.38
Tu,3/19/2002,2Y,4.467
Tu,3/19/2002,5Y,5.022
Tu,3/19/2002,10Y,5.373
We,3/20/2002,2Y,4.478
We,3/20/2002,5Y,5.021
We,3/20/2002,10Y,5.386
Th,3/21/2002,2Y,4.513
Th,3/21/2002,5Y,5.06
Th,3/21/2002,10Y,5.399
Fr,3/22/2002,2Y,4.545
Fr,3/22/2002,5Y,5.084
Fr,3/22/2002,10Y,5.427
Mo,3/25/2002,2Y,4.576
Mo,3/25/2002,5Y,5.105
Mo,3/25/2002,10Y,5.447
Tu,3/26/2002,2Y,4.535
Tu,3/26/2002,5Y,5.077
Tu,3/26/2002,10Y,5.405
We,3/27/2002,2Y,4.512
We,3/27/2002,5Y,5.045
We,3/27/2002,10Y,5.392
Th,3/28/2002,2Y,4.536
Th,3/28/2002,5Y,5.069
Th,3/28/2002,10Y,5.416
Fr,3/29/2002,2Y,4.554
Fr,3/29/2002,5Y,5.075
Fr,3/29/2002,10Y,5.43
Mo,4/1/2002,2Y,4.554
Mo,4/1/2002,5Y,5.075
Mo,4/1/2002,10Y,5.43
Tu,4/2/2002,2Y,4.525
Tu,4/2/2002,5Y,5.074
Tu,4/2/2002,10Y,5.427
We,4/3/2002,2Y,4.472
We,4/3/2002,5Y,5.024
We,4/3/2002,10Y,5.376
Th,4/4/2002,2Y,4.412
Th,4/4/2002,5Y,4.957
Th,4/4/2002,10Y,5.316
Fr,4/5/2002,2Y,4.387
Fr,4/5/2002,5Y,4.944
Fr,4/5/2002,10Y,5.312
Mo,4/8/2002,2Y,4.377
Mo,4/8/2002,5Y,4.962
Mo,4/8/2002,10Y,5.343
Tu,4/9/2002,2Y,4.393
Tu,4/9/2002,5Y,4.981
Tu,4/9/2002,10Y,5.356
We,4/10/2002,2Y,4.398
We,4/10/2002,5Y,4.99
We,4/10/2002,10Y,5.369
Th,4/11/2002,2Y,4.388
Th,4/11/2002,5Y,4.964
Th,4/11/2002,10Y,5.332
Fr,4/12/2002,2Y,4.369
Fr,4/12/2002,5Y,4.955
Fr,4/12/2002,10Y,5.331
Mo,4/15/2002,2Y,4.331
Mo,4/15/2002,5Y,4.902
Mo,4/15/2002,10Y,5.291
Tu,4/16/2002,2Y,4.423
Tu,4/16/2002,5Y,4.99
Tu,4/16/2002,10Y,5.367
We,4/17/2002,2Y,4.392
We,4/17/2002,5Y,4.965
We,4/17/2002,10Y,5.373
Th,4/18/2002,2Y,4.383
Th,4/18/2002,5Y,4.978
Th,4/18/2002,10Y,5.384
Fr,4/19/2002,2Y,4.398
Fr,4/19/2002,5Y,4.982
Fr,4/19/2002,10Y,5.386
Mo,4/22/2002,2Y,4.347
Mo,4/22/2002,5Y,4.933
Mo,4/22/2002,10Y,5.34
Tu,4/23/2002,2Y,4.36
Tu,4/23/2002,5Y,4.951
Tu,4/23/2002,10Y,5.372
We,4/24/2002,2Y,4.33
We,4/24/2002,5Y,4.914
We,4/24/2002,10Y,5.333
Th,4/25/2002,2Y,4.257
Th,4/25/2002,5Y,4.856
Th,4/25/2002,10Y,5.29
Fr,4/26/2002,2Y,4.248
Fr,4/26/2002,5Y,4.844
Fr,4/26/2002,10Y,5.276
Mo,4/29/2002,2Y,4.284
Mo,4/29/2002,5Y,4.882
Mo,4/29/2002,10Y,5.319
Tu,4/30/2002,2Y,4.283
Tu,4/30/2002,5Y,4.88
Tu,4/30/2002,10Y,5.308
We,5/1/2002,2Y,4.288
We,5/1/2002,5Y,4.88
We,5/1/2002,10Y,5.315
Th,5/2/2002,2Y,4.363
Th,5/2/2002,5Y,4.945
Th,5/2/2002,10Y,5.365
Fr,5/3/2002,2Y,4.32
Fr,5/3/2002,5Y,4.896
Fr,5/3/2002,10Y,5.3
Mo,5/6/2002,2Y,4.318
Mo,5/6/2002,5Y,4.883
Mo,5/6/2002,10Y,5.296
Tu,5/7/2002,2Y,4.305
Tu,5/7/2002,5Y,4.874
Tu,5/7/2002,10Y,5.287
We,5/8/2002,2Y,4.362
We,5/8/2002,5Y,4.935
We,5/8/2002,10Y,5.347
Th,5/9/2002,2Y,4.404
Th,5/9/2002,5Y,4.953
Th,5/9/2002,10Y,5.379
Fr,5/10/2002,2Y,4.432
Fr,5/10/2002,5Y,4.979
Fr,5/10/2002,10Y,5.386
Mo,5/13/2002,2Y,4.454
Mo,5/13/2002,5Y,4.983
Mo,5/13/2002,10Y,5.389
Tu,5/14/2002,2Y,4.522
Tu,5/14/2002,5Y,5.038
Tu,5/14/2002,10Y,5.442
We,5/15/2002,2Y,4.526
We,5/15/2002,5Y,5.033
We,5/15/2002,10Y,5.438
Th,5/16/2002,2Y,4.501
Th,5/16/2002,5Y,5.014
Th,5/16/2002,10Y,5.42
Fr,5/17/2002,2Y,4.539
Fr,5/17/2002,5Y,5.036
Fr,5/17/2002,10Y,5.441
Mo,5/20/2002,2Y,4.486
Mo,5/20/2002,5Y,4.998
Mo,5/20/2002,10Y,5.376
Tu,5/21/2002,2Y,4.43
Tu,5/21/2002,5Y,4.956
Tu,5/21/2002,10Y,5.355
We,5/22/2002,2Y,4.395
We,5/22/2002,5Y,4.923
We,5/22/2002,10Y,5.343
Th,5/23/2002,2Y,4.385
Th,5/23/2002,5Y,4.911
Th,5/23/2002,10Y,5.318
Fr,5/24/2002,2Y,4.395
Fr,5/24/2002,5Y,4.916
Fr,5/24/2002,10Y,5.339
Mo,5/27/2002,2Y,4.432
Mo,5/27/2002,5Y,4.952
Mo,5/27/2002,10Y,5.368
Tu,5/28/2002,2Y,4.42
Tu,5/28/2002,5Y,4.932
Tu,5/28/2002,10Y,5.346
We,5/29/2002,2Y,4.398
We,5/29/2002,5Y,4.902
We,5/29/2002,10Y,5.331
Th,5/30/2002,2Y,4.366
Th,5/30/2002,5Y,4.95
Th,5/30/2002,10Y,5.32
Fr,5/31/2002,2Y,4.407
Fr,5/31/2002,5Y,4.97
Fr,5/31/2002,10Y,5.348
Mo,6/3/2002,2Y,4.408
Mo,6/3/2002,5Y,4.974
Mo,6/3/2002,10Y,5.345
Tu,6/4/2002,2Y,4.36
Tu,6/4/2002,5Y,4.925
Tu,6/4/2002,10Y,5.311
We,6/5/2002,2Y,4.35
We,6/5/2002,5Y,4.915
We,6/5/2002,10Y,5.307
Th,6/6/2002,2Y,4.348
Th,6/6/2002,5Y,4.918
Th,6/6/2002,10Y,5.311
Fr,6/7/2002,2Y,4.329
Fr,6/7/2002,5Y,4.902
Fr,6/7/2002,10Y,5.318
Mo,6/10/2002,2Y,4.298
Mo,6/10/2002,5Y,4.877
Mo,6/10/2002,10Y,5.293
Tu,6/11/2002,2Y,4.307
Tu,6/11/2002,5Y,4.889
Tu,6/11/2002,10Y,5.314
We,6/12/2002,2Y,4.271
We,6/12/2002,5Y,4.847
We,6/12/2002,10Y,5.279
Th,6/13/2002,2Y,4.218
Th,6/13/2002,5Y,4.78
Th,6/13/2002,10Y,5.203
Fr,6/14/2002,2Y,4.151
Fr,6/14/2002,5Y,4.721
Fr,6/14/2002,10Y,5.155
Mo,6/17/2002,2Y,4.18
Mo,6/17/2002,5Y,4.756
Mo,6/17/2002,10Y,5.203
Tu,6/18/2002,2Y,4.175
Tu,6/18/2002,5Y,4.74
Tu,6/18/2002,10Y,5.174
We,6/19/2002,2Y,4.156
We,6/19/2002,5Y,4.72
We,6/19/2002,10Y,5.151
Th,6/20/2002,2Y,4.161
Th,6/20/2002,5Y,4.743
Th,6/20/2002,10Y,5.16
Fr,6/21/2002,2Y,4.159
Fr,6/21/2002,5Y,4.747
Fr,6/21/2002,10Y,5.161
Mo,6/24/2002,2Y,4.103
Mo,6/24/2002,5Y,4.698
Mo,6/24/2002,10Y,5.123
Tu,6/25/2002,2Y,4.132
Tu,6/25/2002,5Y,4.745
Tu,6/25/2002,10Y,5.164
We,6/26/2002,2Y,4.049
We,6/26/2002,5Y,4.662
We,6/26/2002,10Y,5.08
Th,6/27/2002,2Y,4.072
Th,6/27/2002,5Y,4.684
Th,6/27/2002,10Y,5.095
Fr,6/28/2002,2Y,4.052
Fr,6/28/2002,5Y,4.693
Fr,6/28/2002,10Y,5.138
Mo,7/1/2002,2Y,4.055
Mo,7/1/2002,5Y,4.712
Mo,7/1/2002,10Y,5.169
Tu,7/2/2002,2Y,4.009
Tu,7/2/2002,5Y,4.662
Tu,7/2/2002,10Y,5.125
We,7/3/2002,2Y,4.021
We,7/3/2002,5Y,4.671
We,7/3/2002,10Y,5.124
Th,7/4/2002,2Y,4.062
Th,7/4/2002,5Y,4.711
Th,7/4/2002,10Y,5.168
Fr,7/5/2002,2Y,4.11
Fr,7/5/2002,5Y,4.758
Fr,7/5/2002,10Y,5.212
Mo,7/8/2002,2Y,4.095
Mo,7/8/2002,5Y,4.746
Mo,7/8/2002,10Y,5.195
Tu,7/9/2002,2Y,4.086
Tu,7/9/2002,5Y,4.736
Tu,7/9/2002,10Y,5.199
We,7/10/2002,2Y,4.021
We,7/10/2002,5Y,4.67
We,7/10/2002,10Y,5.124
Th,7/11/2002,2Y,3.955
Th,7/11/2002,5Y,4.612
Th,7/11/2002,10Y,5.058
Fr,7/12/2002,2Y,3.946
Fr,7/12/2002,5Y,4.594
Fr,7/12/2002,10Y,5.047
Mo,7/15/2002,2Y,3.883
Mo,7/15/2002,5Y,4.554
Mo,7/15/2002,10Y,4.991
Tu,7/16/2002,2Y,3.914
Tu,7/16/2002,5Y,4.581
Tu,7/16/2002,10Y,5.032
We,7/17/2002,2Y,3.948
We,7/17/2002,5Y,4.615
We,7/17/2002,10Y,5.067
Th,7/18/2002,2Y,3.939
Th,7/18/2002,5Y,4.605
Th,7/18/2002,10Y,5.061
Fr,7/19/2002,2Y,3.883
Fr,7/19/2002,5Y,4.551
Fr,7/19/2002,10Y,5.002
Mo,7/22/2002,2Y,3.838
Mo,7/22/2002,5Y,4.513
Mo,7/22/2002,10Y,4.978
Tu,7/23/2002,2Y,3.842
Tu,7/23/2002,5Y,4.514
Tu,7/23/2002,10Y,4.99
We,7/24/2002,2Y,3.754
We,7/24/2002,5Y,4.417
We,7/24/2002,10Y,4.924
Th,7/25/2002,2Y,3.768
Th,7/25/2002,5Y,4.426
Th,7/25/2002,10Y,4.932
Fr,7/26/2002,2Y,3.71
Fr,7/26/2002,5Y,4.39
Fr,7/26/2002,10Y,4.919
Mo,7/29/2002,2Y,3.792
Mo,7/29/2002,5Y,4.468
Mo,7/29/2002,10Y,4.966
Tu,7/30/2002,2Y,3.782
Tu,7/30/2002,5Y,4.476
Tu,7/30/2002,10Y,4.978
We,7/31/2002,2Y,3.711
We,7/31/2002,5Y,4.418
We,7/31/2002,10Y,4.927
Th,8/1/2002,2Y,3.646
Th,8/1/2002,5Y,4.352
Th,8/1/2002,10Y,4.863
Fr,8/2/2002,2Y,3.556
Fr,8/2/2002,5Y,4.27
Fr,8/2/2002,10Y,4.816
Mo,8/5/2002,2Y,3.448
Mo,8/5/2002,5Y,4.177
Mo,8/5/2002,10Y,4.736
Tu,8/6/2002,2Y,3.544
Tu,8/6/2002,5Y,4.251
Tu,8/6/2002,10Y,4.792
We,8/7/2002,2Y,3.479
We,8/7/2002,5Y,4.188
We,8/7/2002,10Y,4.714
Th,8/8/2002,2Y,3.518
Th,8/8/2002,5Y,4.23
Th,8/8/2002,10Y,4.77
Fr,8/9/2002,2Y,3.536
Fr,8/9/2002,5Y,4.224
Fr,8/9/2002,10Y,4.738
Mo,8/12/2002,2Y,3.544
Mo,8/12/2002,5Y,4.208
Mo,8/12/2002,10Y,4.703
Tu,8/13/2002,2Y,3.512
Tu,8/13/2002,5Y,4.177
Tu,8/13/2002,10Y,4.67
We,8/14/2002,2Y,3.478
We,8/14/2002,5Y,4.13
We,8/14/2002,10Y,4.607
Th,8/15/2002,2Y,3.666
Th,8/15/2002,5Y,4.307
Th,8/15/2002,10Y,4.755
Fr,8/16/2002,2Y,3.682
Fr,8/16/2002,5Y,4.311
Fr,8/16/2002,10Y,4.762
Mo,8/19/2002,2Y,3.695
Mo,8/19/2002,5Y,4.331
Mo,8/19/2002,10Y,4.783
Tu,8/20/2002,2Y,3.627
Tu,8/20/2002,5Y,4.266
Tu,8/20/2002,10Y,4.73
We,8/21/2002,2Y,3.714
We,8/21/2002,5Y,4.354
We,8/21/2002,10Y,4.809
Th,8/22/2002,2Y,3.755
Th,8/22/2002,5Y,4.384
Th,8/22/2002,10Y,4.867
Fr,8/23/2002,2Y,3.698
Fr,8/23/2002,5Y,4.331
Fr,8/23/2002,10Y,4.829
Mo,8/26/2002,2Y,3.685
Mo,8/26/2002,5Y,4.324
Mo,8/26/2002,10Y,4.821
Tu,8/27/2002,2Y,3.701
Tu,8/27/2002,5Y,4.321
Tu,8/27/2002,10Y,4.836
We,8/28/2002,2Y,3.621
We,8/28/2002,5Y,4.242
We,8/28/2002,10Y,4.75
Th,8/29/2002,2Y,3.571
Th,8/29/2002,5Y,4.207
Th,8/29/2002,10Y,4.729
Fr,8/30/2002,2Y,3.545
Fr,8/30/2002,5Y,4.192
Fr,8/30/2002,10Y,4.74
Mo,9/2/2002,2Y,3.468
Mo,9/2/2002,5Y,4.106
Mo,9/2/2002,10Y,4.676
Tu,9/3/2002,2Y,3.407
Tu,9/3/2002,5Y,4.06
Tu,9/3/2002,10Y,4.606
We,9/4/2002,2Y,3.373
We,9/4/2002,5Y,4.046
We,9/4/2002,10Y,4.606
Th,9/5/2002,2Y,3.323
Th,9/5/2002,5Y,3.986
Th,9/5/2002,10Y,4.587
Fr,9/6/2002,2Y,3.298
Fr,9/6/2002,5Y,3.971
Fr,9/6/2002,10Y,4.584
Mo,9/9/2002,2Y,3.383
Mo,9/9/2002,5Y,4.004
Mo,9/9/2002,10Y,4.591
Tu,9/10/2002,2Y,3.44
Tu,9/10/2002,5Y,4.078
Tu,9/10/2002,10Y,4.642
We,9/11/2002,2Y,3.495
We,9/11/2002,5Y,4.144
We,9/11/2002,10Y,4.702
Th,9/12/2002,2Y,3.401
Th,9/12/2002,5Y,4.056
Th,9/12/2002,10Y,4.636
Fr,9/13/2002,2Y,3.342
Fr,9/13/2002,5Y,3.989
Fr,9/13/2002,10Y,4.594
Mo,9/16/2002,2Y,3.304
Mo,9/16/2002,5Y,3.937
Mo,9/16/2002,10Y,4.536
Tu,9/17/2002,2Y,3.316
Tu,9/17/2002,5Y,3.953
Tu,9/17/2002,10Y,4.546
We,9/18/2002,2Y,3.274
We,9/18/2002,5Y,3.911
We,9/18/2002,10Y,4.512
Th,9/19/2002,2Y,3.226
Th,9/19/2002,5Y,3.877
Th,9/19/2002,10Y,4.492
Fr,9/20/2002,2Y,3.261
Fr,9/20/2002,5Y,3.912
Fr,9/20/2002,10Y,4.539
Mo,9/23/2002,2Y,3.213
Mo,9/23/2002,5Y,3.844
Mo,9/23/2002,10Y,4.486
Tu,9/24/2002,2Y,3.175
Tu,9/24/2002,5Y,3.794
Tu,9/24/2002,10Y,4.46
We,9/25/2002,2Y,3.224
We,9/25/2002,5Y,3.834
We,9/25/2002,10Y,4.5
Th,9/26/2002,2Y,3.271
Th,9/26/2002,5Y,3.893
Th,9/26/2002,10Y,4.528
Fr,9/27/2002,2Y,3.242
Fr,9/27/2002,5Y,3.88
Fr,9/27/2002,10Y,4.523
Mo,9/30/2002,2Y,3.112
Mo,9/30/2002,5Y,3.762
Mo,9/30/2002,10Y,4.438
Tu,10/1/2002,2Y,3.133
Tu,10/1/2002,5Y,3.792
Tu,10/1/2002,10Y,4.477
We,10/2/2002,2Y,3.172
We,10/2/2002,5Y,3.861
We,10/2/2002,10Y,4.554
Th,10/3/2002,2Y,3.121
Th,10/3/2002,5Y,3.849
Th,10/3/2002,10Y,4.552
Fr,10/4/2002,2Y,3.09
Fr,10/4/2002,5Y,3.834
Fr,10/4/2002,10Y,4.53
Mo,10/7/2002,2Y,3.064
Mo,10/7/2002,5Y,3.789
Mo,10/7/2002,10Y,4.486
Tu,10/8/2002,2Y,3.079
Tu,10/8/2002,5Y,3.784
Tu,10/8/2002,10Y,4.471
We,10/9/2002,2Y,3.081
We,10/9/2002,5Y,3.776
We,10/9/2002,10Y,4.465
Th,10/10/2002,2Y,3.182
Th,10/10/2002,5Y,3.853
Th,10/10/2002,10Y,4.519
Fr,10/11/2002,2Y,3.253
Fr,10/11/2002,5Y,3.928
Fr,10/11/2002,10Y,4.591
Mo,10/14/2002,2Y,3.258
Mo,10/14/2002,5Y,3.946
Mo,10/14/2002,10Y,4.622
Tu,10/15/2002,2Y,3.344
Tu,10/15/2002,5Y,4.077
Tu,10/15/2002,10Y,4.721
We,10/16/2002,2Y,3.367
We,10/16/2002,5Y,4.113
We,10/16/2002,10Y,4.754
Th,10/17/2002,2Y,3.343
Th,10/17/2002,5Y,4.13
Th,10/17/2002,10Y,4.743
Fr,10/18/2002,2Y,3.319
Fr,10/18/2002,5Y,4.11
Fr,10/18/2002,10Y,4.752
Mo,10/21/2002,2Y,3.313
Mo,10/21/2002,5Y,4.115
Mo,10/21/2002,10Y,4.755
Tu,10/22/2002,2Y,3.331
Tu,10/22/2002,5Y,4.134
Tu,10/22/2002,10Y,4.788
We,10/23/2002,2Y,3.267
We,10/23/2002,5Y,4.071
We,10/23/2002,10Y,4.734
Th,10/24/2002,2Y,3.286
Th,10/24/2002,5Y,4.109
Th,10/24/2002,10Y,4.784
Fr,10/25/2002,2Y,3.289
Fr,10/25/2002,5Y,4.082
Fr,10/25/2002,10Y,4.739
Mo,10/28/2002,2Y,3.224
Mo,10/28/2002,5Y,4.015
Mo,10/28/2002,10Y,4.696
Tu,10/29/2002,2Y,3.155
Tu,10/29/2002,5Y,3.948
Tu,10/29/2002,10Y,4.648
We,10/30/2002,2Y,3.194
We,10/30/2002,5Y,3.988
We,10/30/2002,10Y,4.686
Th,10/31/2002,2Y,3.113
Th,10/31/2002,5Y,3.942
Th,10/31/2002,10Y,4.643
Fr,11/1/2002,2Y,3.136
Fr,11/1/2002,5Y,3.944
Fr,11/1/2002,10Y,4.65
Mo,11/4/2002,2Y,3.127
Mo,11/4/2002,5Y,3.96
Mo,11/4/2002,10Y,4.697
Tu,11/5/2002,2Y,3.187
Tu,11/5/2002,5Y,4.008
Tu,11/5/2002,10Y,4.737
We,11/6/2002,2Y,3.204
We,11/6/2002,5Y,4.034
We,11/6/2002,10Y,4.745
Th,11/7/2002,2Y,3.17
Th,11/7/2002,5Y,3.965
Th,11/7/2002,10Y,4.66
Fr,11/8/2002,2Y,3.09
Fr,11/8/2002,5Y,3.87
Fr,11/8/2002,10Y,4.59
Mo,11/11/2002,2Y,3.05
Mo,11/11/2002,5Y,3.84
Mo,11/11/2002,10Y,4.56
Tu,11/12/2002,2Y,3.03
Tu,11/12/2002,5Y,3.8
Tu,11/12/2002,10Y,4.52
We,11/13/2002,2Y,3.04
We,11/13/2002,5Y,3.81
We,11/13/2002,10Y,4.53
Th,11/14/2002,2Y,3.08
Th,11/14/2002,5Y,3.86
Th,11/14/2002,10Y,4.58
Fr,11/15/2002,2Y,3.08
Fr,11/15/2002,5Y,3.87
Fr,11/15/2002,10Y,4.58
Mo,11/18/2002,2Y,3.1
Mo,11/18/2002,5Y,3.87
Mo,11/18/2002,10Y,4.58
Tu,11/19/2002,2Y,3.06
Tu,11/19/2002,5Y,3.85
Tu,11/19/2002,10Y,4.55
We,11/20/2002,2Y,3.04
We,11/20/2002,5Y,3.82
We,11/20/2002,10Y,4.53
Th,11/21/2002,2Y,3.08
Th,11/21/2002,5Y,3.89
Th,11/21/2002,10Y,4.61
Fr,11/22/2002,2Y,3.1
Fr,11/22/2002,5Y,3.9
Fr,11/22/2002,10Y,4.62
Mo,11/25/2002,2Y,3.13
Mo,11/25/2002,5Y,3.92
Mo,11/25/2002,10Y,4.64
Tu,11/26/2002,2Y,3.09
Tu,11/26/2002,5Y,3.87
Tu,11/26/2002,10Y,4.59
We,11/27/2002,2Y,3.14
We,11/27/2002,5Y,3.94
We,11/27/2002,10Y,4.63
Th,11/28/2002,2Y,3.14
Th,11/28/2002,5Y,3.93
Th,11/28/2002,10Y,4.62
Fr,11/29/2002,2Y,3.12
Fr,11/29/2002,5Y,3.89
Fr,11/29/2002,10Y,4.58
Mo,12/2/2002,2Y,3.12
Mo,12/2/2002,5Y,3.91
Mo,12/2/2002,10Y,4.6
Tu,12/3/2002,2Y,3.08
Tu,12/3/2002,5Y,3.88
Tu,12/3/2002,10Y,4.56
We,12/4/2002,2Y,3.1
We,12/4/2002,5Y,3.88
We,12/4/2002,10Y,4.55
Th,12/5/2002,2Y,3.06
Th,12/5/2002,5Y,3.86
Th,12/5/2002,10Y,4.526
Fr,12/6/2002,2Y,3
Fr,12/6/2002,5Y,3.807
Fr,12/6/2002,10Y,4.486
Mo,12/9/2002,2Y,2.947
Mo,12/9/2002,5Y,3.756
Mo,12/9/2002,10Y,4.459
Tu,12/10/2002,2Y,2.926
Tu,12/10/2002,5Y,3.74
Tu,12/10/2002,10Y,4.453
We,12/11/2002,2Y,2.905
We,12/11/2002,5Y,3.712
We,12/11/2002,10Y,4.435
Th,12/12/2002,2Y,2.87
Th,12/12/2002,5Y,3.675
Th,12/12/2002,10Y,4.396
Fr,12/13/2002,2Y,2.858
Fr,12/13/2002,5Y,3.66
Fr,12/13/2002,10Y,4.392
Mo,12/16/2002,2Y,2.86
Mo,12/16/2002,5Y,3.679
Mo,12/16/2002,10Y,4.417
Tu,12/17/2002,2Y,2.835
Tu,12/17/2002,5Y,3.64
Tu,12/17/2002,10Y,4.4
We,12/18/2002,2Y,2.783
We,12/18/2002,5Y,3.594
We,12/18/2002,10Y,4.359
Th,12/19/2002,2Y,2.796
Th,12/19/2002,5Y,3.596
Th,12/19/2002,10Y,4.36
Fr,12/20/2002,2Y,2.807
Fr,12/20/2002,5Y,3.598
Fr,12/20/2002,10Y,4.357
Mo,12/23/2002,2Y,2.796
Mo,12/23/2002,5Y,3.579
Mo,12/23/2002,10Y,4.347
Tu,12/24/2002,2Y,2.798
Tu,12/24/2002,5Y,3.587
Tu,12/24/2002,10Y,4.354
We,12/25/2002,2Y,2.798
We,12/25/2002,5Y,3.587
We,12/25/2002,10Y,4.354
Th,12/26/2002,2Y,2.797
Th,12/26/2002,5Y,3.591
Th,12/26/2002,10Y,4.359
Fr,12/27/2002,2Y,2.716
Fr,12/27/2002,5Y,3.499
Fr,12/27/2002,10Y,4.265
Mo,12/30/2002,2Y,2.723
Mo,12/30/2002,5Y,3.489
Mo,12/30/2002,10Y,4.274
Tu,12/31/2002,2Y,2.715
Tu,12/31/2002,5Y,3.485
Tu,12/31/2002,10Y,4.27
We,1/1/2003,2Y,2.715
We,1/1/2003,5Y,3.485
We,1/1/2003,10Y,4.27
Th,1/2/2003,2Y,2.798
Th,1/2/2003,5Y,3.6
Th,1/2/2003,10Y,4.373
Fr,1/3/2003,2Y,2.794
Fr,1/3/2003,5Y,3.602
Fr,1/3/2003,10Y,4.394
Mo,1/6/2003,2Y,2.741
Mo,1/6/2003,5Y,3.561
Mo,1/6/2003,10Y,4.373
Tu,1/7/2003,2Y,2.713
Tu,1/7/2003,5Y,3.536
Tu,1/7/2003,10Y,4.353
We,1/8/2003,2Y,2.667
We,1/8/2003,5Y,3.481
We,1/8/2003,10Y,4.296
Th,1/9/2003,2Y,2.704
Th,1/9/2003,5Y,3.509
Th,1/9/2003,10Y,4.315
Fr,1/10/2003,2Y,2.675
Fr,1/10/2003,5Y,3.477
Fr,1/10/2003,10Y,4.295
Mo,1/13/2003,2Y,2.691
Mo,1/13/2003,5Y,3.5
Mo,1/13/2003,10Y,4.315
Tu,1/14/2003,2Y,2.683
Tu,1/14/2003,5Y,3.489
Tu,1/14/2003,10Y,4.3
We,1/15/2003,2Y,2.688
We,1/15/2003,5Y,3.482
We,1/15/2003,10Y,4.292
Th,1/16/2003,2Y,2.707
Th,1/16/2003,5Y,3.485
Th,1/16/2003,10Y,4.296
Fr,1/17/2003,2Y,2.622
Fr,1/17/2003,5Y,3.387
Fr,1/17/2003,10Y,4.208
Mo,1/20/2003,2Y,2.609
Mo,1/20/2003,5Y,3.357
Mo,1/20/2003,10Y,4.184
Tu,1/21/2003,2Y,2.821
Tu,1/21/2003,5Y,3.41
Tu,1/21/2003,10Y,4.268
We,1/22/2003,2Y,2.801
We,1/22/2003,5Y,3.394
We,1/22/2003,10Y,4.152
Th,1/23/2003,2Y,2.788
Th,1/23/2003,5Y,3.377
Th,1/23/2003,10Y,4.123
Fr,1/24/2003,2Y,2.759
Fr,1/24/2003,5Y,3.33
Fr,1/24/2003,10Y,4.052
Mo,1/27/2003,2Y,2.775
Mo,1/27/2003,5Y,3.347
Mo,1/27/2003,10Y,4.054
Tu,1/28/2003,2Y,2.791
Tu,1/28/2003,5Y,3.363
Tu,1/28/2003,10Y,4.092
We,1/29/2003,2Y,2.773
We,1/29/2003,5Y,3.359
We,1/29/2003,10Y,4.085
Th,1/30/2003,2Y,2.795
Th,1/30/2003,5Y,3.387
Th,1/30/2003,10Y,4.123
Fr,1/31/2003,2Y,2.78
Fr,1/31/2003,5Y,3.375
Fr,1/31/2003,10Y,4.111
Mo,2/3/2003,2Y,2.792
Mo,2/3/2003,5Y,3.375
Mo,2/3/2003,10Y,4.123
Tu,2/4/2003,2Y,2.739
Tu,2/4/2003,5Y,3.319
Tu,2/4/2003,10Y,4.062
We,2/5/2003,2Y,2.743
We,2/5/2003,5Y,3.332
We,2/5/2003,10Y,4.076
Th,2/6/2003,2Y,2.721
Th,2/6/2003,5Y,3.317
Th,2/6/2003,10Y,4.075
Fr,2/7/2003,2Y,2.679
Fr,2/7/2003,5Y,3.275
Fr,2/7/2003,10Y,4.045
Mo,2/10/2003,2Y,2.675
Mo,2/10/2003,5Y,3.28
Mo,2/10/2003,10Y,4.061
Tu,2/11/2003,2Y,2.664
Tu,2/11/2003,5Y,3.262
Tu,2/11/2003,10Y,4.055
We,2/12/2003,2Y,2.606
We,2/12/2003,5Y,3.2
We,2/12/2003,10Y,4.005
Th,2/13/2003,2Y,2.57
Th,2/13/2003,5Y,3.143
Th,2/13/2003,10Y,3.975
Fr,2/14/2003,2Y,2.615
Fr,2/14/2003,5Y,3.194
Fr,2/14/2003,10Y,4.016
Mo,2/17/2003,2Y,2.623
Mo,2/17/2003,5Y,3.206
Mo,2/17/2003,10Y,4.028
Tu,2/18/2003,2Y,2.629
Tu,2/18/2003,5Y,3.209
Tu,2/18/2003,10Y,4.029
We,2/19/2003,2Y,2.576
We,2/19/2003,5Y,3.141
We,2/19/2003,10Y,3.963
Th,2/20/2003,2Y,2.562
Th,2/20/2003,5Y,3.13
Th,2/20/2003,10Y,3.935
Fr,2/21/2003,2Y,2.586
Fr,2/21/2003,5Y,3.162
Fr,2/21/2003,10Y,3.968
Mo,2/24/2003,2Y,2.51
Mo,2/24/2003,5Y,3.107
Mo,2/24/2003,10Y,3.925
Tu,2/25/2003,2Y,2.482
Tu,2/25/2003,5Y,3.085
Tu,2/25/2003,10Y,3.91
We,2/26/2003,2Y,2.477
We,2/26/2003,5Y,3.087
We,2/26/2003,10Y,3.924
Th,2/27/2003,2Y,2.543
Th,2/27/2003,5Y,3.155
Th,2/27/2003,10Y,3.967
Fr,2/28/2003,2Y,2.478
Fr,2/28/2003,5Y,3.091
Fr,2/28/2003,10Y,3.934
Mo,3/3/2003,2Y,2.459
Mo,3/3/2003,5Y,3.074
Mo,3/3/2003,10Y,3.904
Tu,3/4/2003,2Y,2.453
Tu,3/4/2003,5Y,3.078
Tu,3/4/2003,10Y,3.903
We,3/5/2003,2Y,2.452
We,3/5/2003,5Y,3.082
We,3/5/2003,10Y,3.891
Th,3/6/2003,2Y,2.44
Th,3/6/2003,5Y,3.054
Th,3/6/2003,10Y,3.868
Fr,3/7/2003,2Y,2.406
Fr,3/7/2003,5Y,3.03
Fr,3/7/2003,10Y,3.839
Mo,3/10/2003,2Y,2.372
Mo,3/10/2003,5Y,2.997
Mo,3/10/2003,10Y,3.806
Tu,3/11/2003,2Y,2.405
Tu,3/11/2003,5Y,3.024
Tu,3/11/2003,10Y,3.819
We,3/12/2003,2Y,2.43
We,3/12/2003,5Y,3.046
We,3/12/2003,10Y,3.834
Th,3/13/2003,2Y,2.612
Th,3/13/2003,5Y,3.23
Th,3/13/2003,10Y,3.981
Fr,3/14/2003,2Y,2.651
Fr,3/14/2003,5Y,3.285
Fr,3/14/2003,10Y,4.034
Mo,3/17/2003,2Y,2.759
Mo,3/17/2003,5Y,3.438
Mo,3/17/2003,10Y,4.155
Tu,3/18/2003,2Y,2.757
Tu,3/18/2003,5Y,3.414
Tu,3/18/2003,10Y,4.145
We,3/19/2003,2Y,2.841
We,3/19/2003,5Y,3.525
We,3/19/2003,10Y,4.245
Th,3/20/2003,2Y,2.798
Th,3/20/2003,5Y,3.467
Th,3/20/2003,10Y,4.216
Fr,3/21/2003,2Y,2.862
Fr,3/21/2003,5Y,3.532
Fr,3/21/2003,10Y,4.294
Mo,3/24/2003,2Y,2.795
Mo,3/24/2003,5Y,3.446
Mo,3/24/2003,10Y,4.228
Tu,3/25/2003,2Y,2.775
Tu,3/25/2003,5Y,3.436
Tu,3/25/2003,10Y,4.214
We,3/26/2003,2Y,2.773
We,3/26/2003,5Y,3.427
We,3/26/2003,10Y,4.218
Th,3/27/2003,2Y,2.73
Th,3/27/2003,5Y,3.381
Th,3/27/2003,10Y,4.175
Fr,3/28/2003,2Y,2.693
Fr,3/28/2003,5Y,3.345
Fr,3/28/2003,10Y,4.145
Mo,3/31/2003,2Y,2.598
Mo,3/31/2003,5Y,3.23
Mo,3/31/2003,10Y,4.057
Tu,4/1/2003,2Y,2.578
Tu,4/1/2003,5Y,3.229
Tu,4/1/2003,10Y,4.042
We,4/2/2003,2Y,2.661
We,4/2/2003,5Y,3.339
We,4/2/2003,10Y,4.126
Th,4/3/2003,2Y,2.694
Th,4/3/2003,5Y,3.378
Th,4/3/2003,10Y,4.184
Fr,4/4/2003,2Y,2.677
Fr,4/4/2003,5Y,3.37
Fr,4/4/2003,10Y,4.193
Mo,4/7/2003,2Y,2.754
Mo,4/7/2003,5Y,3.451
Mo,4/7/2003,10Y,4.26
Tu,4/8/2003,2Y,2.734
Tu,4/8/2003,5Y,3.426
Tu,4/8/2003,10Y,4.23
We,4/9/2003,2Y,2.701
We,4/9/2003,5Y,3.399
We,4/9/2003,10Y,4.199
Th,4/10/2003,2Y,2.651
Th,4/10/2003,5Y,3.336
Th,4/10/2003,10Y,4.142
Fr,4/11/2003,2Y,2.727
Fr,4/11/2003,5Y,3.419
Fr,4/11/2003,10Y,4.199
Mo,4/14/2003,2Y,2.797
Mo,4/14/2003,5Y,3.47
Mo,4/14/2003,10Y,4.227
Tu,4/15/2003,2Y,2.785
Tu,4/15/2003,5Y,3.435
Tu,4/15/2003,10Y,4.198
We,4/16/2003,2Y,2.774
We,4/16/2003,5Y,3.406
We,4/16/2003,10Y,4.154
Th,4/17/2003,2Y,2.744
Th,4/17/2003,5Y,3.394
Th,4/17/2003,10Y,4.138
Fr,4/18/2003,2Y,2.758
Fr,4/18/2003,5Y,3.414
Fr,4/18/2003,10Y,4.149
Mo,4/21/2003,2Y,2.756
Mo,4/21/2003,5Y,3.41
Mo,4/21/2003,10Y,4.139
Tu,4/22/2003,2Y,2.685
Tu,4/22/2003,5Y,3.339
Tu,4/22/2003,10Y,4.105
We,4/23/2003,2Y,2.71
We,4/23/2003,5Y,3.371
We,4/23/2003,10Y,4.139
Th,4/24/2003,2Y,2.64
Th,4/24/2003,5Y,3.301
Th,4/24/2003,10Y,4.078
Fr,4/25/2003,2Y,2.611
Fr,4/25/2003,5Y,3.275
Fr,4/25/2003,10Y,4.066
Mo,4/28/2003,2Y,2.63
Mo,4/28/2003,5Y,3.3
Mo,4/28/2003,10Y,4.088
Tu,4/29/2003,2Y,2.653
Tu,4/29/2003,5Y,3.324
Tu,4/29/2003,10Y,4.111
We,4/30/2003,2Y,2.591
We,4/30/2003,5Y,3.248
We,4/30/2003,10Y,4.058
Th,5/1/2003,2Y,2.575
Th,5/1/2003,5Y,3.238
Th,5/1/2003,10Y,4.05
Fr,5/2/2003,2Y,2.573
Fr,5/2/2003,5Y,3.251
Fr,5/2/2003,10Y,4.049
Mo,5/5/2003,2Y,2.567
Mo,5/5/2003,5Y,3.245
Mo,5/5/2003,10Y,4.041
Tu,5/6/2003,2Y,2.559
Tu,5/6/2003,5Y,3.245
Tu,5/6/2003,10Y,4.045
We,5/7/2003,2Y,2.469
We,5/7/2003,5Y,3.13
We,5/7/2003,10Y,3.938
Th,5/8/2003,2Y,2.46
Th,5/8/2003,5Y,3.092
Th,5/8/2003,10Y,3.9
Fr,5/9/2003,2Y,2.456
Fr,5/9/2003,5Y,3.084
Fr,5/9/2003,10Y,3.889
Mo,5/12/2003,2Y,2.424
Mo,5/12/2003,5Y,3.067
Mo,5/12/2003,10Y,3.872
Tu,5/13/2003,2Y,2.397
Tu,5/13/2003,5Y,3.042
Tu,5/13/2003,10Y,3.862
We,5/14/2003,2Y,2.389
We,5/14/2003,5Y,3.03
We,5/14/2003,10Y,3.865
Th,5/15/2003,2Y,2.374
Th,5/15/2003,5Y,3.004
Th,5/15/2003,10Y,3.828
Fr,5/16/2003,2Y,2.347
Fr,5/16/2003,5Y,2.965
Fr,5/16/2003,10Y,3.786
Mo,5/19/2003,2Y,2.29
Mo,5/19/2003,5Y,2.9
Mo,5/19/2003,10Y,3.72
Tu,5/20/2003,2Y,2.287
Tu,5/20/2003,5Y,2.895
Tu,5/20/2003,10Y,3.709
We,5/21/2003,2Y,2.287
We,5/21/2003,5Y,2.889
We,5/21/2003,10Y,3.688
Th,5/22/2003,2Y,2.284
Th,5/22/2003,5Y,2.883
Th,5/22/2003,10Y,3.674
Fr,5/23/2003,2Y,2.234
Fr,5/23/2003,5Y,2.828
Fr,5/23/2003,10Y,3.619
Mo,5/26/2003,2Y,2.224
Mo,5/26/2003,5Y,2.814
Mo,5/26/2003,10Y,3.6
Tu,5/27/2003,2Y,2.255
Tu,5/27/2003,5Y,2.863
Tu,5/27/2003,10Y,3.632
We,5/28/2003,2Y,2.308
We,5/28/2003,5Y,2.926
We,5/28/2003,10Y,3.728
Th,5/29/2003,2Y,2.256
Th,5/29/2003,5Y,2.855
Th,5/29/2003,10Y,3.681
Fr,5/30/2003,2Y,2.249
Fr,5/30/2003,5Y,2.852
Fr,5/30/2003,10Y,3.677
Mo,6/2/2003,2Y,2.259
Mo,6/2/2003,5Y,2.887
Mo,6/2/2003,10Y,3.716
Tu,6/3/2003,2Y,2.141
Tu,6/3/2003,5Y,2.756
Tu,6/3/2003,10Y,3.746
We,6/4/2003,2Y,2.173
We,6/4/2003,5Y,2.806
We,6/4/2003,10Y,3.768
Th,6/5/2003,2Y,2.099
Th,6/5/2003,5Y,2.709
Th,6/5/2003,10Y,3.716
Fr,6/6/2003,2Y,2.122
Fr,6/6/2003,5Y,2.749
Fr,6/6/2003,10Y,3.776
Mo,6/9/2003,2Y,2.073
Mo,6/9/2003,5Y,2.669
Mo,6/9/2003,10Y,3.699
Tu,6/10/2003,2Y,2.026
Tu,6/10/2003,5Y,2.619
Tu,6/10/2003,10Y,3.654
We,6/11/2003,2Y,1.997
We,6/11/2003,5Y,2.585
We,6/11/2003,10Y,3.622
Th,6/12/2003,2Y,2.007
Th,6/12/2003,5Y,2.596
Th,6/12/2003,10Y,3.626
Fr,6/13/2003,2Y,1.974
Fr,6/13/2003,5Y,2.558
Fr,6/13/2003,10Y,3.57
Mo,6/16/2003,2Y,2.025
Mo,6/16/2003,5Y,2.633
Mo,6/16/2003,10Y,3.598
Tu,6/17/2003,2Y,2.088
Tu,6/17/2003,5Y,2.718
Tu,6/17/2003,10Y,3.684
We,6/18/2003,2Y,2.157
We,6/18/2003,5Y,2.815
We,6/18/2003,10Y,3.794
Th,6/19/2003,2Y,2.125
Th,6/19/2003,5Y,2.798
Th,6/19/2003,10Y,3.792
Fr,6/20/2003,2Y,2.129
Fr,6/20/2003,5Y,2.814
Fr,6/20/2003,10Y,3.802
Mo,6/23/2003,2Y,2.129
Mo,6/23/2003,5Y,2.797
Mo,6/23/2003,10Y,3.789
Tu,6/24/2003,2Y,2.121
Tu,6/24/2003,5Y,2.791
Tu,6/24/2003,10Y,3.786
We,6/25/2003,2Y,2.08
We,6/25/2003,5Y,2.755
We,6/25/2003,10Y,3.746
Th,6/26/2003,2Y,2.245
Th,6/26/2003,5Y,2.94
Th,6/26/2003,10Y,3.916
Fr,6/27/2003,2Y,2.275
Fr,6/27/2003,5Y,2.984
Fr,6/27/2003,10Y,3.95
Mo,6/30/2003,2Y,2.222
Mo,6/30/2003,5Y,2.906
Mo,6/30/2003,10Y,3.903
Tu,7/1/2003,2Y,2.189
Tu,7/1/2003,5Y,2.896
Tu,7/1/2003,10Y,3.906
We,7/2/2003,2Y,2.221
We,7/2/2003,5Y,2.942
We,7/2/2003,10Y,3.959
Th,7/3/2003,2Y,2.248
Th,7/3/2003,5Y,2.993
Th,7/3/2003,10Y,4.018
Fr,7/4/2003,2Y,2.209
Fr,7/4/2003,5Y,2.939
Fr,7/4/2003,10Y,3.976
Mo,7/7/2003,2Y,2.263
Mo,7/7/2003,5Y,3.005
Mo,7/7/2003,10Y,4.029
Tu,7/8/2003,2Y,2.261
Tu,7/8/2003,5Y,2.997
Tu,7/8/2003,10Y,4.021
We,7/9/2003,2Y,2.261
We,7/9/2003,5Y,2.988
We,7/9/2003,10Y,4.007
Th,7/10/2003,2Y,2.228
Th,7/10/2003,5Y,2.943
Th,7/10/2003,10Y,3.956
Fr,7/11/2003,2Y,2.234
Fr,7/11/2003,5Y,2.945
Fr,7/11/2003,10Y,3.958
Mo,7/14/2003,2Y,2.213
Mo,7/14/2003,5Y,2.919
Mo,7/14/2003,10Y,3.924
Tu,7/15/2003,2Y,2.314
Tu,7/15/2003,5Y,3.073
Tu,7/15/2003,10Y,4.078
We,7/16/2003,2Y,2.383
We,7/16/2003,5Y,3.123
We,7/16/2003,10Y,4.097
Th,7/17/2003,2Y,2.405
Th,7/17/2003,5Y,3.145
Th,7/17/2003,10Y,4.12
Fr,7/18/2003,2Y,2.373
Fr,7/18/2003,5Y,3.112
Fr,7/18/2003,10Y,4.089
Mo,7/21/2003,2Y,2.412
Mo,7/21/2003,5Y,3.158
Mo,7/21/2003,10Y,4.128
Tu,7/22/2003,2Y,2.428
Tu,7/22/2003,5Y,3.169
Tu,7/22/2003,10Y,4.133
We,7/23/2003,2Y,2.379
We,7/23/2003,5Y,3.127
We,7/23/2003,10Y,4.069
Th,7/24/2003,2Y,2.422
Th,7/24/2003,5Y,3.177
Th,7/24/2003,10Y,4.119
Fr,7/25/2003,2Y,2.385
Fr,7/25/2003,5Y,3.11
Fr,7/25/2003,10Y,4.054
Mo,7/28/2003,2Y,2.451
Mo,7/28/2003,5Y,3.213
Mo,7/28/2003,10Y,4.167
Tu,7/29/2003,2Y,2.441
Tu,7/29/2003,5Y,3.2
Tu,7/29/2003,10Y,4.146
We,7/30/2003,2Y,2.469
We,7/30/2003,5Y,3.231
We,7/30/2003,10Y,4.198
Th,7/31/2003,2Y,2.568
Th,7/31/2003,5Y,3.343
Th,7/31/2003,10Y,4.249
Fr,8/1/2003,2Y,2.759
Fr,8/1/2003,5Y,3.461
Fr,8/1/2003,10Y,4.258
Mo,8/4/2003,2Y,2.698
Mo,8/4/2003,5Y,3.408
Mo,8/4/2003,10Y,4.207
Tu,8/5/2003,2Y,2.691
Tu,8/5/2003,5Y,3.411
Tu,8/5/2003,10Y,4.226
We,8/6/2003,2Y,2.662
We,8/6/2003,5Y,3.381
We,8/6/2003,10Y,4.2
Th,8/7/2003,2Y,2.625
Th,8/7/2003,5Y,3.338
Th,8/7/2003,10Y,4.184
Fr,8/8/2003,2Y,2.543
Fr,8/8/2003,5Y,3.217
Fr,8/8/2003,10Y,4.069
Mo,8/11/2003,2Y,2.608
Mo,8/11/2003,5Y,3.298
Mo,8/11/2003,10Y,4.14
Tu,8/12/2003,2Y,2.603
Tu,8/12/2003,5Y,3.294
Tu,8/12/2003,10Y,4.129
We,8/13/2003,2Y,2.654
We,8/13/2003,5Y,3.385
We,8/13/2003,10Y,4.224
Th,8/14/2003,2Y,2.726
Th,8/14/2003,5Y,3.46
Th,8/14/2003,10Y,4.271
Fr,8/15/2003,2Y,2.661
Fr,8/15/2003,5Y,3.397
Fr,8/15/2003,10Y,4.218
Mo,8/18/2003,2Y,2.679
Mo,8/18/2003,5Y,3.403
Mo,8/18/2003,10Y,4.222
Tu,8/19/2003,2Y,2.689
Tu,8/19/2003,5Y,3.392
Tu,8/19/2003,10Y,4.201
We,8/20/2003,2Y,2.686
We,8/20/2003,5Y,3.418
We,8/20/2003,10Y,4.236
Th,8/21/2003,2Y,2.718
Th,8/21/2003,5Y,3.448
Th,8/21/2003,10Y,4.256
Fr,8/22/2003,2Y,2.732
Fr,8/22/2003,5Y,3.444
Fr,8/22/2003,10Y,4.245
Mo,8/25/2003,2Y,2.711
Mo,8/25/2003,5Y,3.425
Mo,8/25/2003,10Y,4.232
Tu,8/26/2003,2Y,2.728
Tu,8/26/2003,5Y,3.43
Tu,8/26/2003,10Y,4.233
We,8/27/2003,2Y,2.724
We,8/27/2003,5Y,3.442
We,8/27/2003,10Y,4.257
Th,8/28/2003,2Y,2.71
Th,8/28/2003,5Y,3.422
Th,8/28/2003,10Y,4.227
Fr,8/29/2003,2Y,2.702
Fr,8/29/2003,5Y,3.428
Fr,8/29/2003,10Y,4.246
Mo,9/1/2003,2Y,2.718
Mo,9/1/2003,5Y,3.458
Mo,9/1/2003,10Y,4.272
Tu,9/2/2003,2Y,2.827
Tu,9/2/2003,5Y,3.608
Tu,9/2/2003,10Y,4.389
We,9/3/2003,2Y,2.834
We,9/3/2003,5Y,3.613
We,9/3/2003,10Y,4.414
Th,9/4/2003,2Y,2.807
Th,9/4/2003,5Y,3.574
Th,9/4/2003,10Y,4.399
Fr,9/5/2003,2Y,2.719
Fr,9/5/2003,5Y,3.497
Fr,9/5/2003,10Y,4.357
Mo,9/8/2003,2Y,2.652
Mo,9/8/2003,5Y,3.419
Mo,9/8/2003,10Y,4.314
Tu,9/9/2003,2Y,2.674
Tu,9/9/2003,5Y,3.451
Tu,9/9/2003,10Y,4.342
We,9/10/2003,2Y,2.634
We,9/10/2003,5Y,3.401
We,9/10/2003,10Y,4.298
Th,9/11/2003,2Y,2.668
Th,9/11/2003,5Y,3.452
Th,9/11/2003,10Y,4.317
Fr,9/12/2003,2Y,2.563
Fr,9/12/2003,5Y,3.309
Fr,9/12/2003,10Y,4.205
Mo,9/15/2003,2Y,2.573
Mo,9/15/2003,5Y,3.334
Mo,9/15/2003,10Y,4.222
Tu,9/16/2003,2Y,2.584
Tu,9/16/2003,5Y,3.352
Tu,9/16/2003,10Y,4.255
We,9/17/2003,2Y,2.552
We,9/17/2003,5Y,3.315
We,9/17/2003,10Y,4.229
Th,9/18/2003,2Y,2.55
Th,9/18/2003,5Y,3.326
Th,9/18/2003,10Y,4.23
Fr,9/19/2003,2Y,2.528
Fr,9/19/2003,5Y,3.292
Fr,9/19/2003,10Y,4.203
Mo,9/22/2003,2Y,2.457
Mo,9/22/2003,5Y,3.232
Mo,9/22/2003,10Y,4.168
Tu,9/23/2003,2Y,2.449
Tu,9/23/2003,5Y,3.214
Tu,9/23/2003,10Y,4.147
We,9/24/2003,2Y,2.432
We,9/24/2003,5Y,3.203
We,9/24/2003,10Y,4.158
Th,9/25/2003,2Y,2.407
Th,9/25/2003,5Y,3.174
Th,9/25/2003,10Y,4.135
Fr,9/26/2003,2Y,2.368
Fr,9/26/2003,5Y,3.123
Fr,9/26/2003,10Y,4.089
Mo,9/29/2003,2Y,2.378
Mo,9/29/2003,5Y,3.139
Mo,9/29/2003,10Y,4.134
Tu,9/30/2003,2Y,2.317
Tu,9/30/2003,5Y,3.064
Tu,9/30/2003,10Y,4.047
We,10/1/2003,2Y,2.319
We,10/1/2003,5Y,3.077
We,10/1/2003,10Y,4.054
Th,10/2/2003,2Y,2.425
Th,10/2/2003,5Y,3.205
Th,10/2/2003,10Y,4.168
Fr,10/3/2003,2Y,2.588
Fr,10/3/2003,5Y,3.36
Fr,10/3/2003,10Y,4.262
Mo,10/6/2003,2Y,2.533
Mo,10/6/2003,5Y,3.307
Mo,10/6/2003,10Y,4.232
Tu,10/7/2003,2Y,2.536
Tu,10/7/2003,5Y,3.327
Tu,10/7/2003,10Y,4.26
We,10/8/2003,2Y,2.522
We,10/8/2003,5Y,3.301
We,10/8/2003,10Y,4.263
Th,10/9/2003,2Y,2.593
Th,10/9/2003,5Y,3.382
Th,10/9/2003,10Y,4.31
Fr,10/10/2003,2Y,2.557
Fr,10/10/2003,5Y,3.329
Fr,10/10/2003,10Y,4.277
Mo,10/13/2003,2Y,2.62
Mo,10/13/2003,5Y,3.409
Mo,10/13/2003,10Y,4.335
Tu,10/14/2003,2Y,2.621
Tu,10/14/2003,5Y,3.411
Tu,10/14/2003,10Y,4.341
We,10/15/2003,2Y,2.693
We,10/15/2003,5Y,3.485
We,10/15/2003,10Y,4.393
Th,10/16/2003,2Y,2.679
Th,10/16/2003,5Y,3.47
Th,10/16/2003,10Y,4.367
Fr,10/17/2003,2Y,2.733
Fr,10/17/2003,5Y,3.498
Fr,10/17/2003,10Y,4.376
Mo,10/20/2003,2Y,2.725
Mo,10/20/2003,5Y,3.49
Mo,10/20/2003,10Y,4.361
Tu,10/21/2003,2Y,2.665
Tu,10/21/2003,5Y,3.433
Tu,10/21/2003,10Y,4.323
We,10/22/2003,2Y,2.668
We,10/22/2003,5Y,3.423
We,10/22/2003,10Y,4.3
Th,10/23/2003,2Y,2.687
Th,10/23/2003,5Y,3.462
Th,10/23/2003,10Y,4.353
Fr,10/24/2003,2Y,2.666
Fr,10/24/2003,5Y,3.438
Fr,10/24/2003,10Y,4.319
Mo,10/27/2003,2Y,2.701
Mo,10/27/2003,5Y,3.471
Mo,10/27/2003,10Y,4.346
Tu,10/28/2003,2Y,2.734
Tu,10/28/2003,5Y,3.493
Tu,10/28/2003,10Y,4.355
We,10/29/2003,2Y,2.709
We,10/29/2003,5Y,3.479
We,10/29/2003,10Y,4.363
Th,10/30/2003,2Y,2.748
Th,10/30/2003,5Y,3.529
Th,10/30/2003,10Y,4.405
Fr,10/31/2003,2Y,2.711
Fr,10/31/2003,5Y,3.48
Fr,10/31/2003,10Y,4.363
Mo,11/3/2003,2Y,2.773
Mo,11/3/2003,5Y,3.558
Mo,11/3/2003,10Y,4.428
Tu,11/4/2003,2Y,2.747
Tu,11/4/2003,5Y,3.526
Tu,11/4/2003,10Y,4.394
We,11/5/2003,2Y,2.747
We,11/5/2003,5Y,3.533
We,11/5/2003,10Y,4.407
Th,11/6/2003,2Y,2.81
Th,11/6/2003,5Y,3.621
Th,11/6/2003,10Y,4.493
Fr,11/7/2003,2Y,2.844
Fr,11/7/2003,5Y,3.665
Fr,11/7/2003,10Y,4.545
Mo,11/10/2003,2Y,2.816
Mo,11/10/2003,5Y,3.64
Mo,11/10/2003,10Y,4.512
Tu,11/11/2003,2Y,2.805
Tu,11/11/2003,5Y,3.632
Tu,11/11/2003,10Y,4.507
We,11/12/2003,2Y,2.801
We,11/12/2003,5Y,3.621
We,11/12/2003,10Y,4.507
Th,11/13/2003,2Y,2.736
Th,11/13/2003,5Y,3.553
Th,11/13/2003,10Y,4.456
Fr,11/14/2003,2Y,2.675
Fr,11/14/2003,5Y,3.49
Fr,11/14/2003,10Y,4.398
Mo,11/17/2003,2Y,2.635
Mo,11/17/2003,5Y,3.455
Mo,11/17/2003,10Y,4.372
Tu,11/18/2003,2Y,2.608
Tu,11/18/2003,5Y,3.421
Tu,11/18/2003,10Y,4.351
We,11/19/2003,2Y,2.64
We,11/19/2003,5Y,3.466
We,11/19/2003,10Y,4.395
Th,11/20/2003,2Y,2.627
Th,11/20/2003,5Y,3.447
Th,11/20/2003,10Y,4.384
Fr,11/21/2003,2Y,2.599
Fr,11/21/2003,5Y,3.415
Fr,11/21/2003,10Y,4.358
Mo,11/24/2003,2Y,2.682
Mo,11/24/2003,5Y,3.513
Mo,11/24/2003,10Y,4.451
Tu,11/25/2003,2Y,2.713
Tu,11/25/2003,5Y,3.538
Tu,11/25/2003,10Y,4.449
We,11/26/2003,2Y,2.722
We,11/26/2003,5Y,3.538
We,11/26/2003,10Y,4.444
Th,11/27/2003,2Y,2.796
Th,11/27/2003,5Y,3.609
Th,11/27/2003,10Y,4.487
Fr,11/28/2003,2Y,2.804
Fr,11/28/2003,5Y,3.62
Fr,11/28/2003,10Y,4.493
Mo,12/1/2003,2Y,2.847
Mo,12/1/2003,5Y,3.668
Mo,12/1/2003,10Y,4.533
Tu,12/2/2003,2Y,2.805
Tu,12/2/2003,5Y,3.629
Tu,12/2/2003,10Y,4.522
We,12/3/2003,2Y,2.793
We,12/3/2003,5Y,3.603
We,12/3/2003,10Y,4.491
Th,12/4/2003,2Y,2.777
Th,12/4/2003,5Y,3.588
Th,12/4/2003,10Y,4.485
Fr,12/5/2003,2Y,2.687
Fr,12/5/2003,5Y,3.485
Fr,12/5/2003,10Y,4.403
Mo,12/8/2003,2Y,2.669
Mo,12/8/2003,5Y,3.476
Mo,12/8/2003,10Y,4.387
Tu,12/9/2003,2Y,2.679
Tu,12/9/2003,5Y,3.487
Tu,12/9/2003,10Y,4.407
We,12/10/2003,2Y,2.676
We,12/10/2003,5Y,3.478
We,12/10/2003,10Y,4.39
Th,12/11/2003,2Y,2.682
Th,12/11/2003,5Y,3.497
Th,12/11/2003,10Y,4.411
Fr,12/12/2003,2Y,2.596
Fr,12/12/2003,5Y,3.402
Fr,12/12/2003,10Y,4.337
Mo,12/15/2003,2Y,2.587
Mo,12/15/2003,5Y,3.389
Mo,12/15/2003,10Y,4.344
Tu,12/16/2003,2Y,2.587
Tu,12/16/2003,5Y,3.391
Tu,12/16/2003,10Y,4.339
We,12/17/2003,2Y,2.538
We,12/17/2003,5Y,3.344
We,12/17/2003,10Y,4.296
Th,12/18/2003,2Y,2.538
Th,12/18/2003,5Y,3.343
Th,12/18/2003,10Y,4.312
Fr,12/19/2003,2Y,2.56
Fr,12/19/2003,5Y,3.375
Fr,12/19/2003,10Y,4.321
Mo,12/22/2003,2Y,2.547
Mo,12/22/2003,5Y,3.351
Mo,12/22/2003,10Y,4.3
Tu,12/23/2003,2Y,2.533
Tu,12/23/2003,5Y,3.338
Tu,12/23/2003,10Y,4.283
We,12/24/2003,2Y,2.528
We,12/24/2003,5Y,3.339
We,12/24/2003,10Y,4.297
Th,12/25/2003,2Y,2.535
Th,12/25/2003,5Y,3.339
Th,12/25/2003,10Y,4.301
Fr,12/26/2003,2Y,2.53
Fr,12/26/2003,5Y,3.34
Fr,12/26/2003,10Y,4.299
Mo,12/29/2003,2Y,2.524
Mo,12/29/2003,5Y,3.337
Mo,12/29/2003,10Y,4.317
Tu,12/30/2003,2Y,2.54
Tu,12/30/2003,5Y,3.369
Tu,12/30/2003,10Y,4.338
We,12/31/2003,2Y,2.526
We,12/31/2003,5Y,3.361
We,12/31/2003,10Y,4.335
Th,1/1/2004,2Y,2.527
Th,1/1/2004,5Y,3.361
Th,1/1/2004,10Y,4.333
Fr,1/2/2004,2Y,2.552
Fr,1/2/2004,5Y,3.397
Fr,1/2/2004,10Y,4.366
Mo,1/5/2004,2Y,2.532
Mo,1/5/2004,5Y,3.375
Mo,1/5/2004,10Y,4.371
Tu,1/6/2004,2Y,2.462
Tu,1/6/2004,5Y,3.299
Tu,1/6/2004,10Y,4.301
We,1/7/2004,2Y,2.44
We,1/7/2004,5Y,3.272
We,1/7/2004,10Y,4.285
Th,1/8/2004,2Y,2.427
Th,1/8/2004,5Y,3.25
Th,1/8/2004,10Y,4.281
Fr,1/9/2004,2Y,2.326
Fr,1/9/2004,5Y,3.144
Fr,1/9/2004,10Y,4.177
Mo,1/12/2004,2Y,2.326
Mo,1/12/2004,5Y,3.127
Mo,1/12/2004,10Y,4.159
Tu,1/13/2004,2Y,2.342
Tu,1/13/2004,5Y,3.149
Tu,1/13/2004,10Y,4.178
We,1/14/2004,2Y,2.359
We,1/14/2004,5Y,3.165
We,1/14/2004,10Y,4.187
Th,1/15/2004,2Y,2.381
Th,1/15/2004,5Y,3.183
Th,1/15/2004,10Y,4.187
Fr,1/16/2004,2Y,2.363
Fr,1/16/2004,5Y,3.183
Fr,1/16/2004,10Y,4.19
Mo,1/19/2004,2Y,2.374
Mo,1/19/2004,5Y,3.189
Mo,1/19/2004,10Y,4.201
Tu,1/20/2004,2Y,2.325
Tu,1/20/2004,5Y,3.142
Tu,1/20/2004,10Y,4.173
We,1/21/2004,2Y,2.341
We,1/21/2004,5Y,3.162
We,1/21/2004,10Y,4.194
Th,1/22/2004,2Y,2.311
Th,1/22/2004,5Y,3.132
Th,1/22/2004,10Y,4.175
Fr,1/23/2004,2Y,2.297
Fr,1/23/2004,5Y,3.099
Fr,1/23/2004,10Y,4.138
Mo,1/26/2004,2Y,2.344
Mo,1/26/2004,5Y,3.159
Mo,1/26/2004,10Y,4.203
Tu,1/27/2004,2Y,2.636
Tu,1/27/2004,5Y,3.493
Tu,1/27/2004,10Y,4.244
We,1/28/2004,2Y,2.627
We,1/28/2004,5Y,3.486
We,1/28/2004,10Y,4.239
Th,1/29/2004,2Y,2.777
Th,1/29/2004,5Y,3.632
Th,1/29/2004,10Y,4.349
Fr,1/30/2004,2Y,2.763
Fr,1/30/2004,5Y,3.612
Fr,1/30/2004,10Y,4.332
Mo,2/2/2004,2Y,2.736
Mo,2/2/2004,5Y,3.592
Mo,2/2/2004,10Y,4.324
Tu,2/3/2004,2Y,2.683
Tu,2/3/2004,5Y,3.561
Tu,2/3/2004,10Y,4.313
We,2/4/2004,2Y,2.671
We,2/4/2004,5Y,3.549
We,2/4/2004,10Y,4.288
Th,2/5/2004,2Y,2.646
Th,2/5/2004,5Y,3.529
Th,2/5/2004,10Y,4.268
Fr,2/6/2004,2Y,2.6
Fr,2/6/2004,5Y,3.485
Fr,2/6/2004,10Y,4.234
Mo,2/9/2004,2Y,2.598
Mo,2/9/2004,5Y,3.47
Mo,2/9/2004,10Y,4.224
Tu,2/10/2004,2Y,2.615
Tu,2/10/2004,5Y,3.482
Tu,2/10/2004,10Y,4.234
We,2/11/2004,2Y,2.576
We,2/11/2004,5Y,3.443
We,2/11/2004,10Y,4.214
Th,2/12/2004,2Y,2.566
Th,2/12/2004,5Y,3.44
Th,2/12/2004,10Y,4.214
Fr,2/13/2004,2Y,2.547
Fr,2/13/2004,5Y,3.427
Fr,2/13/2004,10Y,4.21
Mo,2/16/2004,2Y,2.555
Mo,2/16/2004,5Y,3.427
Mo,2/16/2004,10Y,4.204
Tu,2/17/2004,2Y,2.516
Tu,2/17/2004,5Y,3.39
Tu,2/17/2004,10Y,4.175
We,2/18/2004,2Y,2.516
We,2/18/2004,5Y,3.386
We,2/18/2004,10Y,4.177
Th,2/19/2004,2Y,2.549
Th,2/19/2004,5Y,3.427
Th,2/19/2004,10Y,4.213
Fr,2/20/2004,2Y,2.58
Fr,2/20/2004,5Y,3.448
Fr,2/20/2004,10Y,4.228
Mo,2/23/2004,2Y,2.572
Mo,2/23/2004,5Y,3.44
Mo,2/23/2004,10Y,4.222
Tu,2/24/2004,2Y,2.506
Tu,2/24/2004,5Y,3.385
Tu,2/24/2004,10Y,4.184
We,2/25/2004,2Y,2.465
We,2/25/2004,5Y,3.36
We,2/25/2004,10Y,4.175
Th,2/26/2004,2Y,2.472
Th,2/26/2004,5Y,3.368
Th,2/26/2004,10Y,4.182
Fr,2/27/2004,2Y,2.45
Fr,2/27/2004,5Y,3.336
Fr,2/27/2004,10Y,4.147
Mo,3/1/2004,2Y,2.476
Mo,3/1/2004,5Y,3.352
Mo,3/1/2004,10Y,4.155
Tu,3/2/2004,2Y,2.518
Tu,3/2/2004,5Y,3.391
Tu,3/2/2004,10Y,4.174
We,3/3/2004,2Y,2.568
We,3/3/2004,5Y,3.453
We,3/3/2004,10Y,4.221
Th,3/4/2004,2Y,2.532
Th,3/4/2004,5Y,3.411
Th,3/4/2004,10Y,4.195
Fr,3/5/2004,2Y,2.39
Fr,3/5/2004,5Y,3.263
Fr,3/5/2004,10Y,4.089
Mo,3/8/2004,2Y,2.35
Mo,3/8/2004,5Y,3.204
Mo,3/8/2004,10Y,4.032
Tu,3/9/2004,2Y,2.341
Tu,3/9/2004,5Y,3.194
Tu,3/9/2004,10Y,4.013
We,3/10/2004,2Y,2.387
We,3/10/2004,5Y,3.224
We,3/10/2004,10Y,4.032
Th,3/11/2004,2Y,2.365
Th,3/11/2004,5Y,3.204
Th,3/11/2004,10Y,4.018
Fr,3/12/2004,2Y,2.357
Fr,3/12/2004,5Y,3.2
Fr,3/12/2004,10Y,4.027
Mo,3/15/2004,2Y,2.341
Mo,3/15/2004,5Y,3.182
Mo,3/15/2004,10Y,3.998
Tu,3/16/2004,2Y,2.37
Tu,3/16/2004,5Y,3.225
Tu,3/16/2004,10Y,4.043
We,3/17/2004,2Y,2.318
We,3/17/2004,5Y,3.177
We,3/17/2004,10Y,4.009
Th,3/18/2004,2Y,2.299
Th,3/18/2004,5Y,3.168
Th,3/18/2004,10Y,4.013
Fr,3/19/2004,2Y,2.304
Fr,3/19/2004,5Y,3.174
Fr,3/19/2004,10Y,4.009
Mo,3/22/2004,2Y,2.279
Mo,3/22/2004,5Y,3.146
Mo,3/22/2004,10Y,3.988
Tu,3/23/2004,2Y,2.306
Tu,3/23/2004,5Y,3.168
Tu,3/23/2004,10Y,4.007
We,3/24/2004,2Y,2.252
We,3/24/2004,5Y,3.124
We,3/24/2004,10Y,3.981
Th,3/25/2004,2Y,2.219
Th,3/25/2004,5Y,3.094
Th,3/25/2004,10Y,3.968
Fr,3/26/2004,2Y,2.239
Fr,3/26/2004,5Y,3.123
Fr,3/26/2004,10Y,3.995
Mo,3/29/2004,2Y,2.308
Mo,3/29/2004,5Y,3.213
Mo,3/29/2004,10Y,4.094
Tu,3/30/2004,2Y,2.295
Tu,3/30/2004,5Y,3.202
Tu,3/30/2004,10Y,4.07
We,3/31/2004,2Y,2.3
We,3/31/2004,5Y,3.185
We,3/31/2004,10Y,4.057
Th,4/1/2004,2Y,2.36
Th,4/1/2004,5Y,3.228
Th,4/1/2004,10Y,4.078
Fr,4/2/2004,2Y,2.525
Fr,4/2/2004,5Y,3.397
Fr,4/2/2004,10Y,4.194
Mo,4/5/2004,2Y,2.524
Mo,4/5/2004,5Y,3.413
Mo,4/5/2004,10Y,4.237
Tu,4/6/2004,2Y,2.475
Tu,4/6/2004,5Y,3.373
Tu,4/6/2004,10Y,4.197
We,4/7/2004,2Y,2.442
We,4/7/2004,5Y,3.341
We,4/7/2004,10Y,4.175
Th,4/8/2004,2Y,2.451
Th,4/8/2004,5Y,3.353
Th,4/8/2004,10Y,4.185
Fr,4/9/2004,2Y,2.451
Fr,4/9/2004,5Y,3.353
Fr,4/9/2004,10Y,4.187
Mo,4/12/2004,2Y,2.455
Mo,4/12/2004,5Y,3.358
Mo,4/12/2004,10Y,4.177
Tu,4/13/2004,2Y,2.536
Tu,4/13/2004,5Y,3.445
Tu,4/13/2004,10Y,4.258
We,4/14/2004,2Y,2.571
We,4/14/2004,5Y,3.48
We,4/14/2004,10Y,4.282
Th,4/15/2004,2Y,2.569
Th,4/15/2004,5Y,3.473
Th,4/15/2004,10Y,4.271
Fr,4/16/2004,2Y,2.525
Fr,4/16/2004,5Y,3.422
Fr,4/16/2004,10Y,4.225
Mo,4/19/2004,2Y,2.52
Mo,4/19/2004,5Y,3.415
Mo,4/19/2004,10Y,4.224
Tu,4/20/2004,2Y,2.551
Tu,4/20/2004,5Y,3.45
Tu,4/20/2004,10Y,4.256
We,4/21/2004,2Y,2.579
We,4/21/2004,5Y,3.477
We,4/21/2004,10Y,4.274
Th,4/22/2004,2Y,2.556
Th,4/22/2004,5Y,3.462
Th,4/22/2004,10Y,4.27
Fr,4/23/2004,2Y,2.588
Fr,4/23/2004,5Y,3.49
Fr,4/23/2004,10Y,4.288
Mo,4/26/2004,2Y,2.605
Mo,4/26/2004,5Y,3.502
Mo,4/26/2004,10Y,4.291
Tu,4/27/2004,2Y,2.619
Tu,4/27/2004,5Y,3.517
Tu,4/27/2004,10Y,4.294
We,4/28/2004,2Y,2.631
We,4/28/2004,5Y,3.524
We,4/28/2004,10Y,4.299
Th,4/29/2004,2Y,2.627
Th,4/29/2004,5Y,3.522
Th,4/29/2004,10Y,4.305
Fr,4/30/2004,2Y,2.603
Fr,4/30/2004,5Y,3.495
Fr,4/30/2004,10Y,4.281
Mo,5/3/2004,2Y,2.587
Mo,5/3/2004,5Y,3.469
Mo,5/3/2004,10Y,4.274
Tu,5/4/2004,2Y,2.599
Tu,5/4/2004,5Y,3.481
Tu,5/4/2004,10Y,4.261
We,5/5/2004,2Y,2.578
We,5/5/2004,5Y,3.471
We,5/5/2004,10Y,4.267
Th,5/6/2004,2Y,2.644
Th,5/6/2004,5Y,3.536
Th,5/6/2004,10Y,4.317
Fr,5/7/2004,2Y,2.754
Fr,5/7/2004,5Y,3.64
Fr,5/7/2004,10Y,4.4
Mo,5/10/2004,2Y,2.744
Mo,5/10/2004,5Y,3.63
Mo,5/10/2004,10Y,4.39
Tu,5/11/2004,2Y,2.741
Tu,5/11/2004,5Y,3.634
Tu,5/11/2004,10Y,4.389
We,5/12/2004,2Y,2.754
We,5/12/2004,5Y,3.658
We,5/12/2004,10Y,4.42
Th,5/13/2004,2Y,2.781
Th,5/13/2004,5Y,3.692
Th,5/13/2004,10Y,4.439
Fr,5/14/2004,2Y,2.746
Fr,5/14/2004,5Y,3.656
Fr,5/14/2004,10Y,4.406
Mo,5/17/2004,2Y,2.69
Mo,5/17/2004,5Y,3.604
Mo,5/17/2004,10Y,4.366
Tu,5/18/2004,2Y,2.708
Tu,5/18/2004,5Y,3.623
Tu,5/18/2004,10Y,4.386
We,5/19/2004,2Y,2.76
We,5/19/2004,5Y,3.677
We,5/19/2004,10Y,4.432
Th,5/20/2004,2Y,2.745
Th,5/20/2004,5Y,3.657
Th,5/20/2004,10Y,4.417
Fr,5/21/2004,2Y,2.723
Fr,5/21/2004,5Y,3.64
Fr,5/21/2004,10Y,4.403
Mo,5/24/2004,2Y,2.745
Mo,5/24/2004,5Y,3.665
Mo,5/24/2004,10Y,4.426
Tu,5/25/2004,2Y,2.726
Tu,5/25/2004,5Y,3.642
Tu,5/25/2004,10Y,4.411
We,5/26/2004,2Y,2.706
We,5/26/2004,5Y,3.612
We,5/26/2004,10Y,4.382
Th,5/27/2004,2Y,2.642
Th,5/27/2004,5Y,3.554
Th,5/27/2004,10Y,4.336
Fr,5/28/2004,2Y,2.703
Fr,5/28/2004,5Y,3.612
Fr,5/28/2004,10Y,4.38
Mo,5/31/2004,2Y,2.746
Mo,5/31/2004,5Y,3.658
Mo,5/31/2004,10Y,4.415
Tu,6/1/2004,2Y,2.75
Tu,6/1/2004,5Y,3.659
Tu,6/1/2004,10Y,4.426
We,6/2/2004,2Y,2.763
We,6/2/2004,5Y,3.673
We,6/2/2004,10Y,4.438
Th,6/3/2004,2Y,2.766
Th,6/3/2004,5Y,3.677
Th,6/3/2004,10Y,4.44
Fr,6/4/2004,2Y,2.787
Fr,6/4/2004,5Y,3.695
Fr,6/4/2004,10Y,4.448
Mo,6/7/2004,2Y,2.777
Mo,6/7/2004,5Y,3.687
Mo,6/7/2004,10Y,4.436
Tu,6/8/2004,2Y,2.771
Tu,6/8/2004,5Y,3.672
Tu,6/8/2004,10Y,4.418
We,6/9/2004,2Y,2.804
We,6/9/2004,5Y,3.709
We,6/9/2004,10Y,4.448
Th,6/10/2004,2Y,2.836
Th,6/10/2004,5Y,3.738
Th,6/10/2004,10Y,4.456
Fr,6/11/2004,2Y,2.903
Fr,6/11/2004,5Y,3.783
Fr,6/11/2004,10Y,4.48
Mo,6/14/2004,2Y,2.913
Mo,6/14/2004,5Y,3.788
Mo,6/14/2004,10Y,4.476
Tu,6/15/2004,2Y,2.829
Tu,6/15/2004,5Y,3.695
Tu,6/15/2004,10Y,4.402
We,6/16/2004,2Y,2.873
We,6/16/2004,5Y,3.733
We,6/16/2004,10Y,4.429
Th,6/17/2004,2Y,2.894
Th,6/17/2004,5Y,3.755
Th,6/17/2004,10Y,4.438
Fr,6/18/2004,2Y,2.844
Fr,6/18/2004,5Y,3.702
Fr,6/18/2004,10Y,4.408
Mo,6/21/2004,2Y,2.832
Mo,6/21/2004,5Y,3.689
Mo,6/21/2004,10Y,4.394
Tu,6/22/2004,2Y,2.852
Tu,6/22/2004,5Y,3.711
Tu,6/22/2004,10Y,4.414
We,6/23/2004,2Y,2.835
We,6/23/2004,5Y,3.707
We,6/23/2004,10Y,4.416
Th,6/24/2004,2Y,2.767
Th,6/24/2004,5Y,3.634
Th,6/24/2004,10Y,4.355
Fr,6/25/2004,2Y,2.774
Fr,6/25/2004,5Y,3.656
Fr,6/25/2004,10Y,4.379
Mo,6/28/2004,2Y,2.822
Mo,6/28/2004,5Y,3.709
Mo,6/28/2004,10Y,4.424
Tu,6/29/2004,2Y,2.833
Tu,6/29/2004,5Y,3.716
Tu,6/29/2004,10Y,4.425
We,6/30/2004,2Y,2.776
We,6/30/2004,5Y,3.658
We,6/30/2004,10Y,4.377
Th,7/1/2004,2Y,2.754
Th,7/1/2004,5Y,3.655
Th,7/1/2004,10Y,4.379
Fr,7/2/2004,2Y,2.681
Fr,7/2/2004,5Y,3.573
Fr,7/2/2004,10Y,4.327
Mo,7/5/2004,2Y,2.679
Mo,7/5/2004,5Y,3.573
Mo,7/5/2004,10Y,4.326
Tu,7/6/2004,2Y,2.687
Tu,7/6/2004,5Y,3.574
Tu,7/6/2004,10Y,4.329
We,7/7/2004,2Y,2.652
We,7/7/2004,5Y,3.544
We,7/7/2004,10Y,4.296
Th,7/8/2004,2Y,2.655
Th,7/8/2004,5Y,3.541
Th,7/8/2004,10Y,4.297
Fr,7/9/2004,2Y,2.659
Fr,7/9/2004,5Y,3.544
Fr,7/9/2004,10Y,4.294
Mo,7/12/2004,2Y,2.65
Mo,7/12/2004,5Y,3.525
Mo,7/12/2004,10Y,4.279
Tu,7/13/2004,2Y,2.702
Tu,7/13/2004,5Y,3.587
Tu,7/13/2004,10Y,4.333
We,7/14/2004,2Y,2.691
We,7/14/2004,5Y,3.573
We,7/14/2004,10Y,4.326
Th,7/15/2004,2Y,2.695
Th,7/15/2004,5Y,3.573
Th,7/15/2004,10Y,4.322
Fr,7/16/2004,2Y,2.614
Fr,7/16/2004,5Y,3.495
Fr,7/16/2004,10Y,4.256
Mo,7/19/2004,2Y,2.609
Mo,7/19/2004,5Y,3.494
Mo,7/19/2004,10Y,4.257
Tu,7/20/2004,2Y,2.624
Tu,7/20/2004,5Y,3.51
Tu,7/20/2004,10Y,4.274
We,7/21/2004,2Y,2.71
We,7/21/2004,5Y,3.6
We,7/21/2004,10Y,4.34
Th,7/22/2004,2Y,2.676
Th,7/22/2004,5Y,3.562
Th,7/22/2004,10Y,4.311
Fr,7/23/2004,2Y,2.692
Fr,7/23/2004,5Y,3.572
Fr,7/23/2004,10Y,4.305
Mo,7/26/2004,2Y,2.728
Mo,7/26/2004,5Y,3.607
Mo,7/26/2004,10Y,4.327
Tu,7/27/2004,2Y,2.749
Tu,7/27/2004,5Y,3.632
Tu,7/27/2004,10Y,4.347
We,7/28/2004,2Y,2.745
We,7/28/2004,5Y,3.634
We,7/28/2004,10Y,4.352
Th,7/29/2004,2Y,2.721
Th,7/29/2004,5Y,3.606
Th,7/29/2004,10Y,4.33
Fr,7/30/2004,2Y,2.658
Fr,7/30/2004,5Y,3.536
Fr,7/30/2004,10Y,4.273
Mo,8/2/2004,2Y,2.637
Mo,8/2/2004,5Y,3.513
Mo,8/2/2004,10Y,4.255
Tu,8/3/2004,2Y,2.626
Tu,8/3/2004,5Y,3.506
Tu,8/3/2004,10Y,4.244
We,8/4/2004,2Y,2.611
We,8/4/2004,5Y,3.486
We,8/4/2004,10Y,4.23
Th,8/5/2004,2Y,2.579
Th,8/5/2004,5Y,3.451
Th,8/5/2004,10Y,4.206
Fr,8/6/2004,2Y,2.489
Fr,8/6/2004,5Y,3.356
Fr,8/6/2004,10Y,4.134
Mo,8/9/2004,2Y,2.5
Mo,8/9/2004,5Y,3.364
Mo,8/9/2004,10Y,4.131
Tu,8/10/2004,2Y,2.498
Tu,8/10/2004,5Y,3.355
Tu,8/10/2004,10Y,4.12
We,8/11/2004,2Y,2.522
We,8/11/2004,5Y,3.386
We,8/11/2004,10Y,4.146
Th,8/12/2004,2Y,2.504
Th,8/12/2004,5Y,3.364
Th,8/12/2004,10Y,4.125
Fr,8/13/2004,2Y,2.472
Fr,8/13/2004,5Y,3.332
Fr,8/13/2004,10Y,4.102
Mo,8/16/2004,2Y,2.511
Mo,8/16/2004,5Y,3.377
Mo,8/16/2004,10Y,4.143
Tu,8/17/2004,2Y,2.491
Tu,8/17/2004,5Y,3.352
Tu,8/17/2004,10Y,4.122
We,8/18/2004,2Y,2.498
We,8/18/2004,5Y,3.367
We,8/18/2004,10Y,4.138
Th,8/19/2004,2Y,2.494
Th,8/19/2004,5Y,3.36
Th,8/19/2004,10Y,4.129
Fr,8/20/2004,2Y,2.477
Fr,8/20/2004,5Y,3.342
Fr,8/20/2004,10Y,4.118
Mo,8/23/2004,2Y,2.534
Mo,8/23/2004,5Y,3.405
Mo,8/23/2004,10Y,4.169
Tu,8/24/2004,2Y,2.545
Tu,8/24/2004,5Y,3.408
Tu,8/24/2004,10Y,4.168
We,8/25/2004,2Y,2.512
We,8/25/2004,5Y,3.369
We,8/25/2004,10Y,4.131
Th,8/26/2004,2Y,2.502
Th,8/26/2004,5Y,3.352
Th,8/26/2004,10Y,4.12
Fr,8/27/2004,2Y,2.496
Fr,8/27/2004,5Y,3.349
Fr,8/27/2004,10Y,4.124
Mo,8/30/2004,2Y,2.498
Mo,8/30/2004,5Y,3.349
Mo,8/30/2004,10Y,4.118
Tu,8/31/2004,2Y,2.459
Tu,8/31/2004,5Y,3.298
Tu,8/31/2004,10Y,4.079
We,9/1/2004,2Y,2.473
We,9/1/2004,5Y,3.318
We,9/1/2004,10Y,4.1
Th,9/2/2004,2Y,2.531
Th,9/2/2004,5Y,3.359
Th,9/2/2004,10Y,4.126
Fr,9/3/2004,2Y,2.633
Fr,9/3/2004,5Y,3.46
Fr,9/3/2004,10Y,4.2
Mo,9/6/2004,2Y,2.631
Mo,9/6/2004,5Y,3.455
Mo,9/6/2004,10Y,4.191
Tu,9/7/2004,2Y,2.67
Tu,9/7/2004,5Y,3.473
Tu,9/7/2004,10Y,4.195
We,9/8/2004,2Y,2.662
We,9/8/2004,5Y,3.466
We,9/8/2004,10Y,4.185
Th,9/9/2004,2Y,2.613
Th,9/9/2004,5Y,3.403
Th,9/9/2004,10Y,4.128
Fr,9/10/2004,2Y,2.586
Fr,9/10/2004,5Y,3.373
Fr,9/10/2004,10Y,4.107
Mo,9/13/2004,2Y,2.621
Mo,9/13/2004,5Y,3.398
Mo,9/13/2004,10Y,4.118
Tu,9/14/2004,2Y,2.596
Tu,9/14/2004,5Y,3.374
Tu,9/14/2004,10Y,4.104
We,9/15/2004,2Y,2.617
We,9/15/2004,5Y,3.389
We,9/15/2004,10Y,4.111
Th,9/16/2004,2Y,2.607
Th,9/16/2004,5Y,3.38
Th,9/16/2004,10Y,4.1
Fr,9/17/2004,2Y,2.583
Fr,9/17/2004,5Y,3.353
Fr,9/17/2004,10Y,4.073
Mo,9/20/2004,2Y,2.578
Mo,9/20/2004,5Y,3.334
Mo,9/20/2004,10Y,4.058
Tu,9/21/2004,2Y,2.588
Tu,9/21/2004,5Y,3.344
Tu,9/21/2004,10Y,4.064
We,9/22/2004,2Y,2.57
We,9/22/2004,5Y,3.309
We,9/22/2004,10Y,4.027
Th,9/23/2004,2Y,2.528
Th,9/23/2004,5Y,3.271
Th,9/23/2004,10Y,3.996
Fr,9/24/2004,2Y,2.564
Fr,9/24/2004,5Y,3.301
Fr,9/24/2004,10Y,4.022
Mo,9/27/2004,2Y,2.541
Mo,9/27/2004,5Y,3.262
Mo,9/27/2004,10Y,3.989
Tu,9/28/2004,2Y,2.552
Tu,9/28/2004,5Y,3.276
Tu,9/28/2004,10Y,3.998
We,9/29/2004,2Y,2.579
We,9/29/2004,5Y,3.317
We,9/29/2004,10Y,4.043
Th,9/30/2004,2Y,2.545
Th,9/30/2004,5Y,3.302
Th,9/30/2004,10Y,4.04
Fr,10/1/2004,2Y,2.553
Fr,10/1/2004,5Y,3.326
Fr,10/1/2004,10Y,4.071
Mo,10/4/2004,2Y,2.581
Mo,10/4/2004,5Y,3.347
Mo,10/4/2004,10Y,4.082
Tu,10/5/2004,2Y,2.549
Tu,10/5/2004,5Y,3.304
Tu,10/5/2004,10Y,4.046
We,10/6/2004,2Y,2.549
We,10/6/2004,5Y,3.3
We,10/6/2004,10Y,4.042
Th,10/7/2004,2Y,2.554
Th,10/7/2004,5Y,3.317
Th,10/7/2004,10Y,4.066
Fr,10/8/2004,2Y,2.478
Fr,10/8/2004,5Y,3.231
Fr,10/8/2004,10Y,3.997
Mo,10/11/2004,2Y,2.476
Mo,10/11/2004,5Y,3.234
Mo,10/11/2004,10Y,4.006
Tu,10/12/2004,2Y,2.444
Tu,10/12/2004,5Y,3.189
Tu,10/12/2004,10Y,3.965
We,10/13/2004,2Y,2.449
We,10/13/2004,5Y,3.194
We,10/13/2004,10Y,3.963
Th,10/14/2004,2Y,2.422
Th,10/14/2004,5Y,3.165
Th,10/14/2004,10Y,3.938
Fr,10/15/2004,2Y,2.408
Fr,10/15/2004,5Y,3.166
Fr,10/15/2004,10Y,3.949
Mo,10/18/2004,2Y,2.401
Mo,10/18/2004,5Y,3.153
Mo,10/18/2004,10Y,3.939
Tu,10/19/2004,2Y,2.404
Tu,10/19/2004,5Y,3.169
Tu,10/19/2004,10Y,3.96
We,10/20/2004,2Y,2.37
We,10/20/2004,5Y,3.116
We,10/20/2004,10Y,3.914
Th,10/21/2004,2Y,2.379
Th,10/21/2004,5Y,3.128
Th,10/21/2004,10Y,3.912
Fr,10/22/2004,2Y,2.38
Fr,10/22/2004,5Y,3.128
Fr,10/22/2004,10Y,3.907
Mo,10/25/2004,2Y,2.35
Mo,10/25/2004,5Y,3.092
Mo,10/25/2004,10Y,3.874
Tu,10/26/2004,2Y,2.357
Tu,10/26/2004,5Y,3.094
Tu,10/26/2004,10Y,3.877
We,10/27/2004,2Y,2.382
We,10/27/2004,5Y,3.121
We,10/27/2004,10Y,3.895
Th,10/28/2004,2Y,2.399
Th,10/28/2004,5Y,3.152
Th,10/28/2004,10Y,3.931
Fr,10/29/2004,2Y,2.397
Fr,10/29/2004,5Y,3.138
Fr,10/29/2004,10Y,3.917
Mo,11/1/2004,2Y,2.382
Mo,11/1/2004,5Y,3.131
Mo,11/1/2004,10Y,3.913
Tu,11/2/2004,2Y,2.428
Tu,11/2/2004,5Y,3.176
Tu,11/2/2004,10Y,3.95
We,11/3/2004,2Y,2.416
We,11/3/2004,5Y,3.157
We,11/3/2004,10Y,3.94
Th,11/4/2004,2Y,2.385
Th,11/4/2004,5Y,3.106
Th,11/4/2004,10Y,3.891
Fr,11/5/2004,2Y,2.464
Fr,11/5/2004,5Y,3.178
Fr,11/5/2004,10Y,3.945
Mo,11/8/2004,2Y,2.476
Mo,11/8/2004,5Y,3.175
Mo,11/8/2004,10Y,3.94
Tu,11/9/2004,2Y,2.435
Tu,11/9/2004,5Y,3.125
Tu,11/9/2004,10Y,3.906
We,11/10/2004,2Y,2.432
We,11/10/2004,5Y,3.134
We,11/10/2004,10Y,3.908
Th,11/11/2004,2Y,2.373
Th,11/11/2004,5Y,3.071
Th,11/11/2004,10Y,3.859
Fr,11/12/2004,2Y,2.349
Fr,11/12/2004,5Y,3.034
Fr,11/12/2004,10Y,3.816
Mo,11/15/2004,2Y,2.374
Mo,11/15/2004,5Y,3.048
Mo,11/15/2004,10Y,3.81
Tu,11/16/2004,2Y,2.389
Tu,11/16/2004,5Y,3.044
Tu,11/16/2004,10Y,3.784
We,11/17/2004,2Y,2.391
We,11/17/2004,5Y,3.053
We,11/17/2004,10Y,3.798
Th,11/18/2004,2Y,2.436
Th,11/18/2004,5Y,3.101
Th,11/18/2004,10Y,3.842
Fr,11/19/2004,2Y,2.415
Fr,11/19/2004,5Y,3.082
Fr,11/19/2004,10Y,3.823
Mo,11/22/2004,2Y,2.389
Mo,11/22/2004,5Y,3.046
Mo,11/22/2004,10Y,3.798
Tu,11/23/2004,2Y,2.37
Tu,11/23/2004,5Y,3.027
Tu,11/23/2004,10Y,3.781
We,11/24/2004,2Y,2.35
We,11/24/2004,5Y,3.018
We,11/24/2004,10Y,3.779
Th,11/25/2004,2Y,2.309
Th,11/25/2004,5Y,2.983
Th,11/25/2004,10Y,3.754
Fr,11/26/2004,2Y,2.31
Fr,11/26/2004,5Y,2.989
Fr,11/26/2004,10Y,3.753
Mo,11/29/2004,2Y,2.346
Mo,11/29/2004,5Y,3.032
Mo,11/29/2004,10Y,3.794
Tu,11/30/2004,2Y,2.327
Tu,11/30/2004,5Y,3.011
Tu,11/30/2004,10Y,3.777
We,12/1/2004,2Y,2.305
We,12/1/2004,5Y,2.988
We,12/1/2004,10Y,3.761
Th,12/2/2004,2Y,2.366
Th,12/2/2004,5Y,3.058
Th,12/2/2004,10Y,3.81
Fr,12/3/2004,2Y,2.296
Fr,12/3/2004,5Y,2.967
Fr,12/3/2004,10Y,3.743
Mo,12/6/2004,2Y,2.262
Mo,12/6/2004,5Y,2.924
Mo,12/6/2004,10Y,3.697
Tu,12/7/2004,2Y,2.259
Tu,12/7/2004,5Y,2.893
Tu,12/7/2004,10Y,3.668
We,12/8/2004,2Y,2.261
We,12/8/2004,5Y,2.88
We,12/8/2004,10Y,3.645
Th,12/9/2004,2Y,2.264
Th,12/9/2004,5Y,2.865
Th,12/9/2004,10Y,3.612
Fr,12/10/2004,2Y,2.267
Fr,12/10/2004,5Y,2.867
Fr,12/10/2004,10Y,3.6
Mo,12/13/2004,2Y,2.259
Mo,12/13/2004,5Y,2.856
Mo,12/13/2004,10Y,3.585
Tu,12/14/2004,2Y,2.269
Tu,12/14/2004,5Y,2.864
Tu,12/14/2004,10Y,3.585
We,12/15/2004,2Y,2.249
We,12/15/2004,5Y,2.824
We,12/15/2004,10Y,3.53
Th,12/16/2004,2Y,2.298
Th,12/16/2004,5Y,2.89
Th,12/16/2004,10Y,3.562
Fr,12/17/2004,2Y,2.341
Fr,12/17/2004,5Y,2.94
Fr,12/17/2004,10Y,3.604
Mo,12/20/2004,2Y,2.316
Mo,12/20/2004,5Y,2.899
Mo,12/20/2004,10Y,3.586
Tu,12/21/2004,2Y,2.365
Tu,12/21/2004,5Y,2.947
Tu,12/21/2004,10Y,3.612
We,12/22/2004,2Y,2.39
We,12/22/2004,5Y,2.965
We,12/22/2004,10Y,3.616
Th,12/23/2004,2Y,2.356
Th,12/23/2004,5Y,2.914
Th,12/23/2004,10Y,3.587
Fr,12/24/2004,2Y,2.353
Fr,12/24/2004,5Y,2.916
Fr,12/24/2004,10Y,3.587
Mo,12/27/2004,2Y,2.355
Mo,12/27/2004,5Y,2.931
Mo,12/27/2004,10Y,3.604
Tu,12/28/2004,2Y,2.391
Tu,12/28/2004,5Y,3.011
Tu,12/28/2004,10Y,3.65
We,12/29/2004,2Y,2.427
We,12/29/2004,5Y,3.047
We,12/29/2004,10Y,3.697
Th,12/30/2004,2Y,2.395
Th,12/30/2004,5Y,3.002
Th,12/30/2004,10Y,3.674
Fr,12/31/2004,2Y,2.389
Fr,12/31/2004,5Y,2.998
Fr,12/31/2004,10Y,3.67
Mo,1/3/2005,2Y,2.38
Mo,1/3/2005,5Y,2.966
Mo,1/3/2005,10Y,3.635
Tu,1/4/2005,2Y,2.399
Tu,1/4/2005,5Y,2.995
Tu,1/4/2005,10Y,3.642
We,1/5/2005,2Y,2.391
We,1/5/2005,5Y,2.985
We,1/5/2005,10Y,3.642
Th,1/6/2005,2Y,2.355
Th,1/6/2005,5Y,2.945
Th,1/6/2005,10Y,3.613
Fr,1/7/2005,2Y,2.352
Fr,1/7/2005,5Y,2.934
Fr,1/7/2005,10Y,3.595
Mo,1/10/2005,2Y,2.336
Mo,1/10/2005,5Y,2.915
Mo,1/10/2005,10Y,3.578
Tu,1/11/2005,2Y,2.342
Tu,1/11/2005,5Y,2.923
Tu,1/11/2005,10Y,3.585
We,1/12/2005,2Y,2.344
We,1/12/2005,5Y,2.923
We,1/12/2005,10Y,3.583
Th,1/13/2005,2Y,2.299
Th,1/13/2005,5Y,2.87
Th,1/13/2005,10Y,3.545
Fr,1/14/2005,2Y,2.307
Fr,1/14/2005,5Y,2.884
Fr,1/14/2005,10Y,3.541
Mo,1/17/2005,2Y,2.313
Mo,1/17/2005,5Y,2.879
Mo,1/17/2005,10Y,3.526
Tu,1/18/2005,2Y,2.312
Tu,1/18/2005,5Y,2.884
Tu,1/18/2005,10Y,3.522
We,1/19/2005,2Y,2.313
We,1/19/2005,5Y,2.871
We,1/19/2005,10Y,3.504
Th,1/20/2005,2Y,2.346
Th,1/20/2005,5Y,2.913
Th,1/20/2005,10Y,3.552
Fr,1/21/2005,2Y,2.324
Fr,1/21/2005,5Y,2.892
Fr,1/21/2005,10Y,3.551
Mo,1/24/2005,2Y,2.308
Mo,1/24/2005,5Y,2.876
Mo,1/24/2005,10Y,3.527
Tu,1/25/2005,2Y,2.304
Tu,1/25/2005,5Y,2.886
Tu,1/25/2005,10Y,3.532
We,1/26/2005,2Y,2.316
We,1/26/2005,5Y,2.908
We,1/26/2005,10Y,3.543
Th,1/27/2005,2Y,2.339
Th,1/27/2005,5Y,2.937
Th,1/27/2005,10Y,3.569
Fr,1/28/2005,2Y,2.303
Fr,1/28/2005,5Y,2.884
Fr,1/28/2005,10Y,3.531
Mo,1/31/2005,2Y,2.309
Mo,1/31/2005,5Y,2.885
Mo,1/31/2005,10Y,3.525
Tu,2/1/2005,2Y,2.312
Tu,2/1/2005,5Y,2.882
Tu,2/1/2005,10Y,3.515
We,2/2/2005,2Y,2.333
We,2/2/2005,5Y,2.903
We,2/2/2005,10Y,3.529
Th,2/3/2005,2Y,2.342
Th,2/3/2005,5Y,2.924
Th,2/3/2005,10Y,3.541
Fr,2/4/2005,2Y,2.314
Fr,2/4/2005,5Y,2.877
Fr,2/4/2005,10Y,3.479
Mo,2/7/2005,2Y,2.331
Mo,2/7/2005,5Y,2.886
Mo,2/7/2005,10Y,3.466
Tu,2/8/2005,2Y,2.339
Tu,2/8/2005,5Y,2.879
Tu,2/8/2005,10Y,3.451
We,2/9/2005,2Y,2.32
We,2/9/2005,5Y,2.856
We,2/9/2005,10Y,3.432
Th,2/10/2005,2Y,2.301
Th,2/10/2005,5Y,2.838
Th,2/10/2005,10Y,3.433
Fr,2/11/2005,2Y,2.293
Fr,2/11/2005,5Y,2.838
Fr,2/11/2005,10Y,3.445
Mo,2/14/2005,2Y,2.308
Mo,2/14/2005,5Y,2.865
Mo,2/14/2005,10Y,3.468
Tu,2/15/2005,2Y,2.331
Tu,2/15/2005,5Y,2.9
Tu,2/15/2005,10Y,3.492
We,2/16/2005,2Y,2.334
We,2/16/2005,5Y,2.916
We,2/16/2005,10Y,3.525
Th,2/17/2005,2Y,2.336
Th,2/17/2005,5Y,2.936
Th,2/17/2005,10Y,3.552
Fr,2/18/2005,2Y,2.366
Fr,2/18/2005,5Y,3.014
Fr,2/18/2005,10Y,3.638
Mo,2/21/2005,2Y,2.381
Mo,2/21/2005,5Y,3.044
Mo,2/21/2005,10Y,3.679
Tu,2/22/2005,2Y,2.367
Tu,2/22/2005,5Y,3.027
Tu,2/22/2005,10Y,3.676
We,2/23/2005,2Y,2.356
We,2/23/2005,5Y,3.016
We,2/23/2005,10Y,3.672
Th,2/24/2005,2Y,2.369
Th,2/24/2005,5Y,3.037
Th,2/24/2005,10Y,3.698
Fr,2/25/2005,2Y,2.373
Fr,2/25/2005,5Y,3.034
Fr,2/25/2005,10Y,3.688
Mo,2/28/2005,2Y,2.367
Mo,2/28/2005,5Y,3.037
Mo,2/28/2005,10Y,3.691
Tu,3/1/2005,2Y,2.367
Tu,3/1/2005,5Y,3.042
Tu,3/1/2005,10Y,3.709
We,3/2/2005,2Y,2.373
We,3/2/2005,5Y,3.065
We,3/2/2005,10Y,3.749
Th,3/3/2005,2Y,2.35
Th,3/3/2005,5Y,3.039
Th,3/3/2005,10Y,3.736
Fr,3/4/2005,2Y,2.316
Fr,3/4/2005,5Y,2.971
Fr,3/4/2005,10Y,3.673
Mo,3/7/2005,2Y,2.292
Mo,3/7/2005,5Y,2.935
Mo,3/7/2005,10Y,3.646
Tu,3/8/2005,2Y,2.3
Tu,3/8/2005,5Y,2.968
Tu,3/8/2005,10Y,3.686
We,3/9/2005,2Y,2.321
We,3/9/2005,5Y,3.011
We,3/9/2005,10Y,3.734
Th,3/10/2005,2Y,2.325
Th,3/10/2005,5Y,3.02
Th,3/10/2005,10Y,3.751
Fr,3/11/2005,2Y,2.325
Fr,3/11/2005,5Y,3.002
Fr,3/11/2005,10Y,3.742
Mo,3/14/2005,2Y,2.323
Mo,3/14/2005,5Y,3.023
Mo,3/14/2005,10Y,3.745
Tu,3/15/2005,2Y,2.305
Tu,3/15/2005,5Y,2.98
Tu,3/15/2005,10Y,3.688
We,3/16/2005,2Y,2.335
We,3/16/2005,5Y,2.982
We,3/16/2005,10Y,3.651
Th,3/17/2005,2Y,2.348
Th,3/17/2005,5Y,2.993
Th,3/17/2005,10Y,3.66
Fr,3/18/2005,2Y,2.36
Fr,3/18/2005,5Y,3.02
Fr,3/18/2005,10Y,3.682
Mo,3/21/2005,2Y,2.394
Mo,3/21/2005,5Y,3.065
Mo,3/21/2005,10Y,3.71
Tu,3/22/2005,2Y,2.379
Tu,3/22/2005,5Y,3.029
Tu,3/22/2005,10Y,3.672
We,3/23/2005,2Y,2.409
We,3/23/2005,5Y,3.079
We,3/23/2005,10Y,3.718
Th,3/24/2005,2Y,2.403
Th,3/24/2005,5Y,3.057
Th,3/24/2005,10Y,3.691
Fr,3/25/2005,2Y,2.404
Fr,3/25/2005,5Y,3.063
Fr,3/25/2005,10Y,3.69
Mo,3/28/2005,2Y,2.403
Mo,3/28/2005,5Y,3.061
Mo,3/28/2005,10Y,3.691
Tu,3/29/2005,2Y,2.407
Tu,3/29/2005,5Y,3.06
Tu,3/29/2005,10Y,3.687
We,3/30/2005,2Y,2.382
We,3/30/2005,5Y,3.015
We,3/30/2005,10Y,3.657
Th,3/31/2005,2Y,2.344
Th,3/31/2005,5Y,2.953
Th,3/31/2005,10Y,3.608
Fr,4/1/2005,2Y,2.325
Fr,4/1/2005,5Y,2.932
Fr,4/1/2005,10Y,3.6
Mo,4/4/2005,2Y,2.309
Mo,4/4/2005,5Y,2.911
Mo,4/4/2005,10Y,3.57
Tu,4/5/2005,2Y,2.318
Tu,4/5/2005,5Y,2.919
Tu,4/5/2005,10Y,3.58
We,4/6/2005,2Y,2.306
We,4/6/2005,5Y,2.903
We,4/6/2005,10Y,3.573
Th,4/7/2005,2Y,2.276
Th,4/7/2005,5Y,2.858
Th,4/7/2005,10Y,3.532
Fr,4/8/2005,2Y,2.272
Fr,4/8/2005,5Y,2.871
Fr,4/8/2005,10Y,3.558
Mo,4/11/2005,2Y,2.263
Mo,4/11/2005,5Y,2.854
Mo,4/11/2005,10Y,3.537
Tu,4/12/2005,2Y,2.265
Tu,4/12/2005,5Y,2.854
Tu,4/12/2005,10Y,3.524
We,4/13/2005,2Y,2.253
We,4/13/2005,5Y,2.831
We,4/13/2005,10Y,3.495
Th,4/14/2005,2Y,2.248
Th,4/14/2005,5Y,2.841
Th,4/14/2005,10Y,3.51
Fr,4/15/2005,2Y,2.214
Fr,4/15/2005,5Y,2.794
Fr,4/15/2005,10Y,3.473
Mo,4/18/2005,2Y,2.194
Mo,4/18/2005,5Y,2.763
Mo,4/18/2005,10Y,3.441
Tu,4/19/2005,2Y,2.177
Tu,4/19/2005,5Y,2.743
Tu,4/19/2005,10Y,3.421
We,4/20/2005,2Y,2.179
We,4/20/2005,5Y,2.751
We,4/20/2005,10Y,3.433
Th,4/21/2005,2Y,2.193
Th,4/21/2005,5Y,2.772
Th,4/21/2005,10Y,3.46
Fr,4/22/2005,2Y,2.183
Fr,4/22/2005,5Y,2.756
Fr,4/22/2005,10Y,3.447
Mo,4/25/2005,2Y,2.173
Mo,4/25/2005,5Y,2.747
Mo,4/25/2005,10Y,3.427
Tu,4/26/2005,2Y,2.174
Tu,4/26/2005,5Y,2.752
Tu,4/26/2005,10Y,3.426
We,4/27/2005,2Y,2.156
We,4/27/2005,5Y,2.715
We,4/27/2005,10Y,3.394
Th,4/28/2005,2Y,2.132
Th,4/28/2005,5Y,2.692
Th,4/28/2005,10Y,3.38
Fr,4/29/2005,2Y,2.13
Fr,4/29/2005,5Y,2.685
Fr,4/29/2005,10Y,3.379
Mo,5/2/2005,2Y,2.129
Mo,5/2/2005,5Y,2.685
Mo,5/2/2005,10Y,3.383
Tu,5/3/2005,2Y,2.106
Tu,5/3/2005,5Y,2.659
Tu,5/3/2005,10Y,3.363
We,5/4/2005,2Y,2.12
We,5/4/2005,5Y,2.686
We,5/4/2005,10Y,3.4
Th,5/5/2005,2Y,2.108
Th,5/5/2005,5Y,2.673
Th,5/5/2005,10Y,3.386
Fr,5/6/2005,2Y,2.138
Fr,5/6/2005,5Y,2.722
Fr,5/6/2005,10Y,3.429
Mo,5/9/2005,2Y,2.127
Mo,5/9/2005,5Y,2.702
Mo,5/9/2005,10Y,3.402
Tu,5/10/2005,2Y,2.108
Tu,5/10/2005,5Y,2.649
Tu,5/10/2005,10Y,3.348
We,5/11/2005,2Y,2.103
We,5/11/2005,5Y,2.624
We,5/11/2005,10Y,3.31
Th,5/12/2005,2Y,2.116
Th,5/12/2005,5Y,2.646
Th,5/12/2005,10Y,3.314
Fr,5/13/2005,2Y,2.12
Fr,5/13/2005,5Y,2.638
Fr,5/13/2005,10Y,3.294
Mo,5/16/2005,2Y,2.118
Mo,5/16/2005,5Y,2.637
Mo,5/16/2005,10Y,3.295
Tu,5/17/2005,2Y,2.114
Tu,5/17/2005,5Y,2.63
Tu,5/17/2005,10Y,3.29
We,5/18/2005,2Y,2.112
We,5/18/2005,5Y,2.62
We,5/18/2005,10Y,3.269
Th,5/19/2005,2Y,2.348
Th,5/19/2005,5Y,2.721
Th,5/19/2005,10Y,3.384
Fr,5/20/2005,2Y,2.377
Fr,5/20/2005,5Y,2.751
Fr,5/20/2005,10Y,3.407
Mo,5/23/2005,2Y,2.36
Mo,5/23/2005,5Y,2.718
Mo,5/23/2005,10Y,3.367
Tu,5/24/2005,2Y,2.317
Tu,5/24/2005,5Y,2.673
Tu,5/24/2005,10Y,3.335
We,5/25/2005,2Y,2.29
We,5/25/2005,5Y,2.665
We,5/25/2005,10Y,3.34
Th,5/26/2005,2Y,2.297
Th,5/26/2005,5Y,2.669
Th,5/26/2005,10Y,3.356
Fr,5/27/2005,2Y,2.291
Fr,5/27/2005,5Y,2.668
Fr,5/27/2005,10Y,3.364
Mo,5/30/2005,2Y,2.294
Mo,5/30/2005,5Y,2.67
Mo,5/30/2005,10Y,3.369
Tu,5/31/2005,2Y,2.249
Tu,5/31/2005,5Y,2.614
Tu,5/31/2005,10Y,3.306
We,6/1/2005,2Y,2.189
We,6/1/2005,5Y,2.564
We,6/1/2005,10Y,3.27
Th,6/2/2005,2Y,2.196
Th,6/2/2005,5Y,2.563
Th,6/2/2005,10Y,3.245
Fr,6/3/2005,2Y,2.2
Fr,6/3/2005,5Y,2.572
Fr,6/3/2005,10Y,3.265
Mo,6/6/2005,2Y,2.176
Mo,6/6/2005,5Y,2.556
Mo,6/6/2005,10Y,3.248
Tu,6/7/2005,2Y,2.13
Tu,6/7/2005,5Y,2.502
Tu,6/7/2005,10Y,3.189
We,6/8/2005,2Y,2.101
We,6/8/2005,5Y,2.476
We,6/8/2005,10Y,3.159
Th,6/9/2005,2Y,2.116
Th,6/9/2005,5Y,2.482
Th,6/9/2005,10Y,3.161
Fr,6/10/2005,2Y,2.145
Fr,6/10/2005,5Y,2.509
Fr,6/10/2005,10Y,3.177
Mo,6/13/2005,2Y,2.143
Mo,6/13/2005,5Y,2.526
Mo,6/13/2005,10Y,3.221
Tu,6/14/2005,2Y,2.158
Tu,6/14/2005,5Y,2.545
Tu,6/14/2005,10Y,3.233
We,6/15/2005,2Y,2.224
We,6/15/2005,5Y,2.627
We,6/15/2005,10Y,3.324
Th,6/16/2005,2Y,2.241
Th,6/16/2005,5Y,2.65
Th,6/16/2005,10Y,3.342
Fr,6/17/2005,2Y,2.234
Fr,6/17/2005,5Y,2.634
Fr,6/17/2005,10Y,3.321
Mo,6/20/2005,2Y,2.188
Mo,6/20/2005,5Y,2.611
Mo,6/20/2005,10Y,3.327
Tu,6/21/2005,2Y,2.123
Tu,6/21/2005,5Y,2.531
Tu,6/21/2005,10Y,3.25
We,6/22/2005,2Y,2.071
We,6/22/2005,5Y,2.465
We,6/22/2005,10Y,3.175
Th,6/23/2005,2Y,2.089
Th,6/23/2005,5Y,2.484
Th,6/23/2005,10Y,3.184
Fr,6/24/2005,2Y,2.088
Fr,6/24/2005,5Y,2.472
Fr,6/24/2005,10Y,3.165
Mo,6/27/2005,2Y,2.064
Mo,6/27/2005,5Y,2.448
Mo,6/27/2005,10Y,3.145
Tu,6/28/2005,2Y,2.099
Tu,6/28/2005,5Y,2.49
Tu,6/28/2005,10Y,3.194
We,6/29/2005,2Y,2.102
We,6/29/2005,5Y,2.496
We,6/29/2005,10Y,3.213
Th,6/30/2005,2Y,2.073
Th,6/30/2005,5Y,2.454
Th,6/30/2005,10Y,3.16
Fr,7/1/2005,2Y,2.117
Fr,7/1/2005,5Y,2.492
Fr,7/1/2005,10Y,3.186
Mo,7/4/2005,2Y,2.156
Mo,7/4/2005,5Y,2.519
Mo,7/4/2005,10Y,3.202
Tu,7/5/2005,2Y,2.21
Tu,7/5/2005,5Y,2.566
Tu,7/5/2005,10Y,3.243
We,7/6/2005,2Y,2.217
We,7/6/2005,5Y,2.575
We,7/6/2005,10Y,3.251
Th,7/7/2005,2Y,2.163
Th,7/7/2005,5Y,2.525
Th,7/7/2005,10Y,3.214
Fr,7/8/2005,2Y,2.196
Fr,7/8/2005,5Y,2.541
Fr,7/8/2005,10Y,3.213
Mo,7/11/2005,2Y,2.231
Mo,7/11/2005,5Y,2.586
Mo,7/11/2005,10Y,3.262
Tu,7/12/2005,2Y,2.238
Tu,7/12/2005,5Y,2.583
Tu,7/12/2005,10Y,3.258
We,7/13/2005,2Y,2.255
We,7/13/2005,5Y,2.604
We,7/13/2005,10Y,3.281
Th,7/14/2005,2Y,2.272
Th,7/14/2005,5Y,2.63
Th,7/14/2005,10Y,3.318
Fr,7/15/2005,2Y,2.272
Fr,7/15/2005,5Y,2.632
Fr,7/15/2005,10Y,3.314
Mo,7/18/2005,2Y,2.258
Mo,7/18/2005,5Y,2.61
Mo,7/18/2005,10Y,3.29
Tu,7/19/2005,2Y,2.276
Tu,7/19/2005,5Y,2.631
Tu,7/19/2005,10Y,3.315
We,7/20/2005,2Y,2.286
We,7/20/2005,5Y,2.644
We,7/20/2005,10Y,3.333
Th,7/21/2005,2Y,2.269
Th,7/21/2005,5Y,2.633
Th,7/21/2005,10Y,3.329
Fr,7/22/2005,2Y,2.228
Fr,7/22/2005,5Y,2.578
Fr,7/22/2005,10Y,3.268
Mo,7/25/2005,2Y,2.226
Mo,7/25/2005,5Y,2.57
Mo,7/25/2005,10Y,3.251
Tu,7/26/2005,2Y,2.253
Tu,7/26/2005,5Y,2.599
Tu,7/26/2005,10Y,3.275
We,7/27/2005,2Y,2.248
We,7/27/2005,5Y,2.581
We,7/27/2005,10Y,3.257
Th,7/28/2005,2Y,2.268
Th,7/28/2005,5Y,2.597
Th,7/28/2005,10Y,3.267
Fr,7/29/2005,2Y,2.288
Fr,7/29/2005,5Y,2.614
Fr,7/29/2005,10Y,3.278
Mo,8/1/2005,2Y,2.324
Mo,8/1/2005,5Y,2.666
Mo,8/1/2005,10Y,3.334
Tu,8/2/2005,2Y,2.339
Tu,8/2/2005,5Y,2.691
Tu,8/2/2005,10Y,3.364
We,8/3/2005,2Y,2.331
We,8/3/2005,5Y,2.679
We,8/3/2005,10Y,3.354
Th,8/4/2005,2Y,2.341
Th,8/4/2005,5Y,2.688
Th,8/4/2005,10Y,3.362
Fr,8/5/2005,2Y,2.379
Fr,8/5/2005,5Y,2.74
Fr,8/5/2005,10Y,3.407
Mo,8/8/2005,2Y,2.376
Mo,8/8/2005,5Y,2.735
Mo,8/8/2005,10Y,3.399
Tu,8/9/2005,2Y,2.39
Tu,8/9/2005,5Y,2.748
Tu,8/9/2005,10Y,3.403
We,8/10/2005,2Y,2.378
We,8/10/2005,5Y,2.728
We,8/10/2005,10Y,3.38
Th,8/11/2005,2Y,2.367
Th,8/11/2005,5Y,2.712
Th,8/11/2005,10Y,3.37
Fr,8/12/2005,2Y,2.319
Fr,8/12/2005,5Y,2.657
Fr,8/12/2005,10Y,3.32
Mo,8/15/2005,2Y,2.291
Mo,8/15/2005,5Y,2.634
Mo,8/15/2005,10Y,3.308
Tu,8/16/2005,2Y,2.257
Tu,8/16/2005,5Y,2.592
Tu,8/16/2005,10Y,3.264
We,8/17/2005,2Y,2.254
We,8/17/2005,5Y,2.593
We,8/17/2005,10Y,3.261
Th,8/18/2005,2Y,2.234
Th,8/18/2005,5Y,2.564
Th,8/18/2005,10Y,3.23
Fr,8/19/2005,2Y,2.243
Fr,8/19/2005,5Y,2.57
Fr,8/19/2005,10Y,3.229
Mo,8/22/2005,2Y,2.241
Mo,8/22/2005,5Y,2.563
Mo,8/22/2005,10Y,3.216
Tu,8/23/2005,2Y,2.26
Tu,8/23/2005,5Y,2.563
Tu,8/23/2005,10Y,3.2
We,8/24/2005,2Y,2.268
We,8/24/2005,5Y,2.566
We,8/24/2005,10Y,3.198
Th,8/25/2005,2Y,2.239
Th,8/25/2005,5Y,2.54
Th,8/25/2005,10Y,3.171
Fr,8/26/2005,2Y,2.265
Fr,8/26/2005,5Y,2.558
Fr,8/26/2005,10Y,3.18
Mo,8/29/2005,2Y,2.275
Mo,8/29/2005,5Y,2.563
Mo,8/29/2005,10Y,3.18
Tu,8/30/2005,2Y,2.279
Tu,8/30/2005,5Y,2.563
Tu,8/30/2005,10Y,3.176
We,8/31/2005,2Y,2.238
We,8/31/2005,5Y,2.512
We,8/31/2005,10Y,3.127
Th,9/1/2005,2Y,2.184
Th,9/1/2005,5Y,2.458
Th,9/1/2005,10Y,3.089
Fr,9/2/2005,2Y,2.166
Fr,9/2/2005,5Y,2.451
Fr,9/2/2005,10Y,3.083
Mo,9/5/2005,2Y,2.159
Mo,9/5/2005,5Y,2.443
Mo,9/5/2005,10Y,3.076
Tu,9/6/2005,2Y,2.192
Tu,9/6/2005,5Y,2.476
Tu,9/6/2005,10Y,3.103
We,9/7/2005,2Y,2.2
We,9/7/2005,5Y,2.485
We,9/7/2005,10Y,3.123
Th,9/8/2005,2Y,2.188
Th,9/8/2005,5Y,2.467
Th,9/8/2005,10Y,3.093
Fr,9/9/2005,2Y,2.196
Fr,9/9/2005,5Y,2.462
Fr,9/9/2005,10Y,3.072
Mo,9/12/2005,2Y,2.251
Mo,9/12/2005,5Y,2.531
Mo,9/12/2005,10Y,3.149
Tu,9/13/2005,2Y,2.238
Tu,9/13/2005,5Y,2.506
Tu,9/13/2005,10Y,3.117
We,9/14/2005,2Y,2.251
We,9/14/2005,5Y,2.513
We,9/14/2005,10Y,3.115
Th,9/15/2005,2Y,2.27
Th,9/15/2005,5Y,2.538
Th,9/15/2005,10Y,3.132
Fr,9/16/2005,2Y,2.274
Fr,9/16/2005,5Y,2.542
Fr,9/16/2005,10Y,3.133
Mo,9/19/2005,2Y,2.268
Mo,9/19/2005,5Y,2.529
Mo,9/19/2005,10Y,3.116
Tu,9/20/2005,2Y,2.258
Tu,9/20/2005,5Y,2.524
Tu,9/20/2005,10Y,3.109
We,9/21/2005,2Y,2.224
We,9/21/2005,5Y,2.474
We,9/21/2005,10Y,3.046
Th,9/22/2005,2Y,2.222
Th,9/22/2005,5Y,2.476
Th,9/22/2005,10Y,3.051
Fr,9/23/2005,2Y,2.275
Fr,9/23/2005,5Y,2.527
Fr,9/23/2005,10Y,3.084
Mo,9/26/2005,2Y,2.319
Mo,9/26/2005,5Y,2.586
Mo,9/26/2005,10Y,3.146
Tu,9/27/2005,2Y,2.335
Tu,9/27/2005,5Y,2.599
Tu,9/27/2005,10Y,3.153
We,9/28/2005,2Y,2.353
We,9/28/2005,5Y,2.612
We,9/28/2005,10Y,3.15
Th,9/29/2005,2Y,2.398
Th,9/29/2005,5Y,2.657
Th,9/29/2005,10Y,3.18
Fr,9/30/2005,2Y,2.401
Fr,9/30/2005,5Y,2.652
Fr,9/30/2005,10Y,3.17
Mo,10/3/2005,2Y,2.426
Mo,10/3/2005,5Y,2.688
Mo,10/3/2005,10Y,3.212
Tu,10/4/2005,2Y,2.421
Tu,10/4/2005,5Y,2.684
Tu,10/4/2005,10Y,3.197
We,10/5/2005,2Y,2.412
We,10/5/2005,5Y,2.673
We,10/5/2005,10Y,3.187
Th,10/6/2005,2Y,2.451
Th,10/6/2005,5Y,2.696
Th,10/6/2005,10Y,3.199
Fr,10/7/2005,2Y,2.468
Fr,10/7/2005,5Y,2.706
Fr,10/7/2005,10Y,3.191
Mo,10/10/2005,2Y,2.46
Mo,10/10/2005,5Y,2.695
Mo,10/10/2005,10Y,3.176
Tu,10/11/2005,2Y,2.477
Tu,10/11/2005,5Y,2.715
Tu,10/11/2005,10Y,3.204
We,10/12/2005,2Y,2.485
We,10/12/2005,5Y,2.736
We,10/12/2005,10Y,3.238
Th,10/13/2005,2Y,2.507
Th,10/13/2005,5Y,2.775
Th,10/13/2005,10Y,3.296
Fr,10/14/2005,2Y,2.499
Fr,10/14/2005,5Y,2.776
Fr,10/14/2005,10Y,3.304
Mo,10/17/2005,2Y,2.53
Mo,10/17/2005,5Y,2.794
Mo,10/17/2005,10Y,3.307
Tu,10/18/2005,2Y,2.519
Tu,10/18/2005,5Y,2.784
Tu,10/18/2005,10Y,3.299
We,10/19/2005,2Y,2.484
We,10/19/2005,5Y,2.749
We,10/19/2005,10Y,3.271
Th,10/20/2005,2Y,2.529
Th,10/20/2005,5Y,2.789
Th,10/20/2005,10Y,3.301
Fr,10/21/2005,2Y,2.501
Fr,10/21/2005,5Y,2.74
Fr,10/21/2005,10Y,3.242
Mo,10/24/2005,2Y,2.498
Mo,10/24/2005,5Y,2.737
Mo,10/24/2005,10Y,3.247
Tu,10/25/2005,2Y,2.564
Tu,10/25/2005,5Y,2.819
Tu,10/25/2005,10Y,3.324
We,10/26/2005,2Y,2.604
We,10/26/2005,5Y,2.872
We,10/26/2005,10Y,3.389
Th,10/27/2005,2Y,2.633
Th,10/27/2005,5Y,2.904
Th,10/27/2005,10Y,3.416
Fr,10/28/2005,2Y,2.642
Fr,10/28/2005,5Y,2.915
Fr,10/28/2005,10Y,3.417
Mo,10/31/2005,2Y,2.645
Mo,10/31/2005,5Y,2.919
Mo,10/31/2005,10Y,3.402
Tu,11/1/2005,2Y,2.663
Tu,11/1/2005,5Y,2.943
Tu,11/1/2005,10Y,3.431
We,11/2/2005,2Y,2.695
We,11/2/2005,5Y,2.987
We,11/2/2005,10Y,3.473
Th,11/3/2005,2Y,2.694
Th,11/3/2005,5Y,2.993
Th,11/3/2005,10Y,3.483
Fr,11/4/2005,2Y,2.72
Fr,11/4/2005,5Y,3.023
Fr,11/4/2005,10Y,3.503
Mo,11/7/2005,2Y,2.741
Mo,11/7/2005,5Y,3.044
Mo,11/7/2005,10Y,3.512
Tu,11/8/2005,2Y,2.717
Tu,11/8/2005,5Y,3.003
Tu,11/8/2005,10Y,3.47
We,11/9/2005,2Y,2.772
We,11/9/2005,5Y,3.074
We,11/9/2005,10Y,3.533
Th,11/10/2005,2Y,2.756
Th,11/10/2005,5Y,3.055
Th,11/10/2005,10Y,3.531
Fr,11/11/2005,2Y,2.753
Fr,11/11/2005,5Y,3.045
Fr,11/11/2005,10Y,3.519
Mo,11/14/2005,2Y,2.767
Mo,11/14/2005,5Y,3.064
Mo,11/14/2005,10Y,3.541
Tu,11/15/2005,2Y,2.731
Tu,11/15/2005,5Y,3.022
Tu,11/15/2005,10Y,3.509
We,11/16/2005,2Y,2.678
We,11/16/2005,5Y,2.943
We,11/16/2005,10Y,3.427
Th,11/17/2005,2Y,2.709
Th,11/17/2005,5Y,2.975
Th,11/17/2005,10Y,3.444
Fr,11/18/2005,2Y,2.83
Fr,11/18/2005,5Y,3.11
Fr,11/18/2005,10Y,3.542
Mo,11/21/2005,2Y,2.787
Mo,11/21/2005,5Y,3.043
Mo,11/21/2005,10Y,3.485
Tu,11/22/2005,2Y,2.778
Tu,11/22/2005,5Y,3.041
Tu,11/22/2005,10Y,3.484
We,11/23/2005,2Y,2.77
We,11/23/2005,5Y,3.026
We,11/23/2005,10Y,3.471
Th,11/24/2005,2Y,2.707
Th,11/24/2005,5Y,2.944
Th,11/24/2005,10Y,3.391
Fr,11/25/2005,2Y,2.722
Fr,11/25/2005,5Y,2.958
Fr,11/25/2005,10Y,3.4
Mo,11/28/2005,2Y,2.741
Mo,11/28/2005,5Y,2.966
Mo,11/28/2005,10Y,3.394
Tu,11/29/2005,2Y,2.774
Tu,11/29/2005,5Y,3.018
Tu,11/29/2005,10Y,3.448
We,11/30/2005,2Y,2.776
We,11/30/2005,5Y,3.015
We,11/30/2005,10Y,3.436
Th,12/1/2005,2Y,2.723
Th,12/1/2005,5Y,2.956
Th,12/1/2005,10Y,3.39
Fr,12/2/2005,2Y,2.682
Fr,12/2/2005,5Y,2.934
Fr,12/2/2005,10Y,3.377
Mo,12/5/2005,2Y,2.709
Mo,12/5/2005,5Y,2.951
Mo,12/5/2005,10Y,3.396
Tu,12/6/2005,2Y,2.702
Tu,12/6/2005,5Y,2.925
Tu,12/6/2005,10Y,3.352
We,12/7/2005,2Y,2.72
We,12/7/2005,5Y,2.96
We,12/7/2005,10Y,3.385
Th,12/8/2005,2Y,2.72
Th,12/8/2005,5Y,2.94
Th,12/8/2005,10Y,3.354
Fr,12/9/2005,2Y,2.782
Fr,12/9/2005,5Y,3.019
Fr,12/9/2005,10Y,3.422
Mo,12/12/2005,2Y,2.782
Mo,12/12/2005,5Y,3.007
Mo,12/12/2005,10Y,3.399
Tu,12/13/2005,2Y,2.791
Tu,12/13/2005,5Y,3.006
Tu,12/13/2005,10Y,3.38
We,12/14/2005,2Y,2.781
We,12/14/2005,5Y,2.992
We,12/14/2005,10Y,3.346
Th,12/15/2005,2Y,2.788
Th,12/15/2005,5Y,3.003
Th,12/15/2005,10Y,3.351
Fr,12/16/2005,2Y,2.785
Fr,12/16/2005,5Y,2.984
Fr,12/16/2005,10Y,3.329
Mo,12/19/2005,2Y,2.786
Mo,12/19/2005,5Y,2.988
Mo,12/19/2005,10Y,3.322
Tu,12/20/2005,2Y,2.793
Tu,12/20/2005,5Y,3.009
Tu,12/20/2005,10Y,3.329
We,12/21/2005,2Y,2.833
We,12/21/2005,5Y,3.056
We,12/21/2005,10Y,3.373
Th,12/22/2005,2Y,2.856
Th,12/22/2005,5Y,3.052
Th,12/22/2005,10Y,3.357
Fr,12/23/2005,2Y,2.836
Fr,12/23/2005,5Y,3.015
Fr,12/23/2005,10Y,3.307
Mo,12/26/2005,2Y,2.836
Mo,12/26/2005,5Y,3.015
Mo,12/26/2005,10Y,3.307
Tu,12/27/2005,2Y,2.838
Tu,12/27/2005,5Y,3.019
Tu,12/27/2005,10Y,3.317
We,12/28/2005,2Y,2.815
We,12/28/2005,5Y,2.992
We,12/28/2005,10Y,3.285
Th,12/29/2005,2Y,2.847
Th,12/29/2005,5Y,3.026
Th,12/29/2005,10Y,3.31
Fr,12/30/2005,2Y,2.824
Fr,12/30/2005,5Y,2.981
Fr,12/30/2005,10Y,3.28
Mo,1/2/2006,2Y,2.859
Mo,1/2/2006,5Y,3.038
Mo,1/2/2006,10Y,3.319
Tu,1/3/2006,2Y,2.85
Tu,1/3/2006,5Y,3.016
Tu,1/3/2006,10Y,3.311
We,1/4/2006,2Y,2.748
We,1/4/2006,5Y,2.924
We,1/4/2006,10Y,3.264
Th,1/5/2006,2Y,2.738
Th,1/5/2006,5Y,2.912
Th,1/5/2006,10Y,3.257
Fr,1/6/2006,2Y,2.745
Fr,1/6/2006,5Y,2.916
Fr,1/6/2006,10Y,3.245
Mo,1/9/2006,2Y,2.781
Mo,1/9/2006,5Y,2.942
Mo,1/9/2006,10Y,3.243
Tu,1/10/2006,2Y,2.837
Tu,1/10/2006,5Y,2.981
Tu,1/10/2006,10Y,3.269
We,1/11/2006,2Y,2.864
We,1/11/2006,5Y,3.004
We,1/11/2006,10Y,3.284
Th,1/12/2006,2Y,2.841
Th,1/12/2006,5Y,2.98
Th,1/12/2006,10Y,3.259
Fr,1/13/2006,2Y,2.833
Fr,1/13/2006,5Y,2.968
Fr,1/13/2006,10Y,3.247
Mo,1/16/2006,2Y,2.83
Mo,1/16/2006,5Y,2.969
Mo,1/16/2006,10Y,3.258
Tu,1/17/2006,2Y,2.807
Tu,1/17/2006,5Y,2.947
Tu,1/17/2006,10Y,3.244
We,1/18/2006,2Y,2.823
We,1/18/2006,5Y,2.968
We,1/18/2006,10Y,3.262
Th,1/19/2006,2Y,2.877
Th,1/19/2006,5Y,3.038
Th,1/19/2006,10Y,3.328
Fr,1/20/2006,2Y,2.889
Fr,1/20/2006,5Y,3.059
Fr,1/20/2006,10Y,3.351
Mo,1/23/2006,2Y,2.912
Mo,1/23/2006,5Y,3.091
Mo,1/23/2006,10Y,3.374
Tu,1/24/2006,2Y,2.894
Tu,1/24/2006,5Y,3.066
Tu,1/24/2006,10Y,3.364
We,1/25/2006,2Y,2.916
We,1/25/2006,5Y,3.103
We,1/25/2006,10Y,3.418
Th,1/26/2006,2Y,2.934
Th,1/26/2006,5Y,3.142
Th,1/26/2006,10Y,3.476
Fr,1/27/2006,2Y,2.947
Fr,1/27/2006,5Y,3.149
Fr,1/27/2006,10Y,3.474
Mo,1/30/2006,2Y,2.97
Mo,1/30/2006,5Y,3.163
Mo,1/30/2006,10Y,3.469
Tu,1/31/2006,2Y,2.962
Tu,1/31/2006,5Y,3.156
Tu,1/31/2006,10Y,3.463
We,2/1/2006,2Y,3.006
We,2/1/2006,5Y,3.206
We,2/1/2006,10Y,3.517
Th,2/2/2006,2Y,2.982
Th,2/2/2006,5Y,3.189
Th,2/2/2006,10Y,3.504
Fr,2/3/2006,2Y,2.958
Fr,2/3/2006,5Y,3.161
Fr,2/3/2006,10Y,3.482
Mo,2/6/2006,2Y,2.961
Mo,2/6/2006,5Y,3.163
Mo,2/6/2006,10Y,3.477
Tu,2/7/2006,2Y,2.974
Tu,2/7/2006,5Y,3.179
Tu,2/7/2006,10Y,3.501
We,2/8/2006,2Y,2.949
We,2/8/2006,5Y,3.164
We,2/8/2006,10Y,3.489
Th,2/9/2006,2Y,2.931
Th,2/9/2006,5Y,3.147
Th,2/9/2006,10Y,3.469
Fr,2/10/2006,2Y,2.922
Fr,2/10/2006,5Y,3.13
Fr,2/10/2006,10Y,3.45
Mo,2/13/2006,2Y,2.946
Mo,2/13/2006,5Y,3.165
Mo,2/13/2006,10Y,3.489
Tu,2/14/2006,2Y,2.938
Tu,2/14/2006,5Y,3.156
Tu,2/14/2006,10Y,3.483
We,2/15/2006,2Y,2.934
We,2/15/2006,5Y,3.151
We,2/15/2006,10Y,3.484
Th,2/16/2006,2Y,2.953
Th,2/16/2006,5Y,3.171
Th,2/16/2006,10Y,3.496
Fr,2/17/2006,2Y,2.913
Fr,2/17/2006,5Y,3.119
Fr,2/17/2006,10Y,3.439
Mo,2/20/2006,2Y,2.91
Mo,2/20/2006,5Y,3.11
Mo,2/20/2006,10Y,3.429
Tu,2/21/2006,2Y,2.933
Tu,2/21/2006,5Y,3.127
Tu,2/21/2006,10Y,3.432
We,2/22/2006,2Y,2.941
We,2/22/2006,5Y,3.183
We,2/22/2006,10Y,3.409
Th,2/23/2006,2Y,3.003
Th,2/23/2006,5Y,3.252
Th,2/23/2006,10Y,3.409
Fr,2/24/2006,2Y,3.016
Fr,2/24/2006,5Y,3.262
Fr,2/24/2006,10Y,3.409
Mo,2/27/2006,2Y,3.056
Mo,2/27/2006,5Y,3.31
Mo,2/27/2006,10Y,3.409
Tu,2/28/2006,2Y,3.037
Tu,2/28/2006,5Y,3.271
Tu,2/28/2006,10Y,3.409
We,3/1/2006,2Y,3.051
We,3/1/2006,5Y,3.289
We,3/1/2006,10Y,3.409
Th,3/2/2006,2Y,3.108
Th,3/2/2006,5Y,3.364
Th,3/2/2006,10Y,3.409
Fr,3/3/2006,2Y,3.133
Fr,3/3/2006,5Y,3.399
Fr,3/3/2006,10Y,3.409
Mo,3/6/2006,2Y,3.125
Mo,3/6/2006,5Y,3.39
Mo,3/6/2006,10Y,3.409
Tu,3/7/2006,2Y,3.127
Tu,3/7/2006,5Y,3.393
Tu,3/7/2006,10Y,3.409
We,3/8/2006,2Y,3.136
We,3/8/2006,5Y,3.425
We,3/8/2006,10Y,3.409
Th,3/9/2006,2Y,3.133
Th,3/9/2006,5Y,3.424
Th,3/9/2006,10Y,3.409
Fr,3/10/2006,2Y,3.169
Fr,3/10/2006,5Y,3.46
Fr,3/10/2006,10Y,3.409
Mo,3/13/2006,2Y,3.177
Mo,3/13/2006,5Y,3.47
Mo,3/13/2006,10Y,3.409
Tu,3/14/2006,2Y,3.141
Tu,3/14/2006,5Y,3.428
Tu,3/14/2006,10Y,3.409
We,3/15/2006,2Y,3.183
We,3/15/2006,5Y,3.475
We,3/15/2006,10Y,3.409
Th,3/16/2006,2Y,3.175
Th,3/16/2006,5Y,3.453
Th,3/16/2006,10Y,3.409
Fr,3/17/2006,2Y,3.206
Fr,3/17/2006,5Y,3.487
Fr,3/17/2006,10Y,3.409
Mo,3/20/2006,2Y,3.181
Mo,3/20/2006,5Y,3.466
Mo,3/20/2006,10Y,3.409
Tu,3/21/2006,2Y,3.195
Tu,3/21/2006,5Y,3.474
Tu,3/21/2006,10Y,3.409
We,3/22/2006,2Y,3.182
We,3/22/2006,5Y,3.451
We,3/22/2006,10Y,3.409
Th,3/23/2006,2Y,3.19
Th,3/23/2006,5Y,3.472
Th,3/23/2006,10Y,3.409
Fr,3/24/2006,2Y,3.159
Fr,3/24/2006,5Y,3.428
Fr,3/24/2006,10Y,3.409
Mo,3/27/2006,2Y,3.151
Mo,3/27/2006,5Y,3.424
Mo,3/27/2006,10Y,3.409
Tu,3/28/2006,2Y,3.239
Tu,3/28/2006,5Y,3.529
Tu,3/28/2006,10Y,3.409
We,3/29/2006,2Y,3.271
We,3/29/2006,5Y,3.564
We,3/29/2006,10Y,3.409
Th,3/30/2006,2Y,3.28
Th,3/30/2006,5Y,3.572
Th,3/30/2006,10Y,3.409
Fr,3/31/2006,2Y,3.271
Fr,3/31/2006,5Y,3.567
Fr,3/31/2006,10Y,3.409
Mo,4/3/2006,2Y,3.315
Mo,4/3/2006,5Y,3.628
Mo,4/3/2006,10Y,3.409
Tu,4/4/2006,2Y,3.306
Tu,4/4/2006,5Y,3.639
Tu,4/4/2006,10Y,3.409
We,4/5/2006,2Y,3.287
We,4/5/2006,5Y,3.632
We,4/5/2006,10Y,3.409
Th,4/6/2006,2Y,3.262
Th,4/6/2006,5Y,3.635
Th,4/6/2006,10Y,3.409
Fr,4/7/2006,2Y,3.236
Fr,4/7/2006,5Y,3.63
Fr,4/7/2006,10Y,3.409
Mo,4/10/2006,2Y,3.262
Mo,4/10/2006,5Y,3.64
Mo,4/10/2006,10Y,3.409
Tu,4/11/2006,2Y,3.249
Tu,4/11/2006,5Y,3.627
Tu,4/11/2006,10Y,3.409
We,4/12/2006,2Y,3.264
We,4/12/2006,5Y,3.638
We,4/12/2006,10Y,3.409
Th,4/13/2006,2Y,3.314
Th,4/13/2006,5Y,3.706
Th,4/13/2006,10Y,3.409
Fr,4/14/2006,2Y,3.314
Fr,4/14/2006,5Y,3.706
Fr,4/14/2006,10Y,3.409
Mo,4/17/2006,2Y,3.314
Mo,4/17/2006,5Y,3.706
Mo,4/17/2006,10Y,3.409
Tu,4/18/2006,2Y,3.294
Tu,4/18/2006,5Y,3.687
Tu,4/18/2006,10Y,3.409
We,4/19/2006,2Y,3.298
We,4/19/2006,5Y,3.696
We,4/19/2006,10Y,3.409
Th,4/20/2006,2Y,3.283
Th,4/20/2006,5Y,3.665
Th,4/20/2006,10Y,3.409
Fr,4/21/2006,2Y,3.286
Fr,4/21/2006,5Y,3.684
Fr,4/21/2006,10Y,3.409
Mo,4/24/2006,2Y,3.296
Mo,4/24/2006,5Y,3.683
Mo,4/24/2006,10Y,4.003
Tu,4/25/2006,2Y,3.358
Tu,4/25/2006,5Y,3.747
Tu,4/25/2006,10Y,4.053
We,4/26/2006,2Y,3.39
We,4/26/2006,5Y,3.764
We,4/26/2006,10Y,4.052
Th,4/27/2006,2Y,3.363
Th,4/27/2006,5Y,3.741
Th,4/27/2006,10Y,4.039
Fr,4/28/2006,2Y,3.355
Fr,4/28/2006,5Y,3.727
Fr,4/28/2006,10Y,4.011
Mo,5/1/2006,2Y,3.355
Mo,5/1/2006,5Y,3.714
Mo,5/1/2006,10Y,3.997
Tu,5/2/2006,2Y,3.358
Tu,5/2/2006,5Y,3.74
Tu,5/2/2006,10Y,4.034
We,5/3/2006,2Y,3.375
We,5/3/2006,5Y,3.764
We,5/3/2006,10Y,4.059
Th,5/4/2006,2Y,3.378
Th,5/4/2006,5Y,3.782
Th,5/4/2006,10Y,4.087
Fr,5/5/2006,2Y,3.364
Fr,5/5/2006,5Y,3.748
Fr,5/5/2006,10Y,4.056
Mo,5/8/2006,2Y,3.385
Mo,5/8/2006,5Y,3.767
Mo,5/8/2006,10Y,4.068
Tu,5/9/2006,2Y,3.389
Tu,5/9/2006,5Y,3.773
Tu,5/9/2006,10Y,4.078
We,5/10/2006,2Y,3.363
We,5/10/2006,5Y,3.742
We,5/10/2006,10Y,4.051
Th,5/11/2006,2Y,3.409
Th,5/11/2006,5Y,3.8
Th,5/11/2006,10Y,4.115
Fr,5/12/2006,2Y,3.37
Fr,5/12/2006,5Y,3.784
Fr,5/12/2006,10Y,4.125
Mo,5/15/2006,2Y,3.312
Mo,5/15/2006,5Y,3.704
Mo,5/15/2006,10Y,4.07
Tu,5/16/2006,2Y,3.273
Tu,5/16/2006,5Y,3.662
Tu,5/16/2006,10Y,4.028
We,5/17/2006,2Y,3.307
We,5/17/2006,5Y,3.719
We,5/17/2006,10Y,4.105
Th,5/18/2006,2Y,3.28
Th,5/18/2006,5Y,3.667
Th,5/18/2006,10Y,4.05
Fr,5/19/2006,2Y,3.277
Fr,5/19/2006,5Y,3.654
Fr,5/19/2006,10Y,4.029
Mo,5/22/2006,2Y,3.237
Mo,5/22/2006,5Y,3.578
Mo,5/22/2006,10Y,3.952
Tu,5/23/2006,2Y,3.253
Tu,5/23/2006,5Y,3.596
Tu,5/23/2006,10Y,3.968
We,5/24/2006,2Y,3.238
We,5/24/2006,5Y,3.569
We,5/24/2006,10Y,3.927
Th,5/25/2006,2Y,3.242
Th,5/25/2006,5Y,3.568
Th,5/25/2006,10Y,3.922
Fr,5/26/2006,2Y,3.251
Fr,5/26/2006,5Y,3.576
Fr,5/26/2006,10Y,3.924
Mo,5/29/2006,2Y,3.267
Mo,5/29/2006,5Y,3.589
Mo,5/29/2006,10Y,3.935
Tu,5/30/2006,2Y,3.315
Tu,5/30/2006,5Y,3.635
Tu,5/30/2006,10Y,3.979
We,5/31/2006,2Y,3.351
We,5/31/2006,5Y,3.681
We,5/31/2006,10Y,4.02
Th,6/1/2006,2Y,3.367
Th,6/1/2006,5Y,3.694
Th,6/1/2006,10Y,4.029
Fr,6/2/2006,2Y,3.326
Fr,6/2/2006,5Y,3.637
Fr,6/2/2006,10Y,3.968
Mo,6/5/2006,2Y,3.381
Mo,6/5/2006,5Y,3.694
Mo,6/5/2006,10Y,4.005
Tu,6/6/2006,2Y,3.403
Tu,6/6/2006,5Y,3.735
Tu,6/6/2006,10Y,4.045
We,6/7/2006,2Y,3.408
We,6/7/2006,5Y,3.734
We,6/7/2006,10Y,4.042
Th,6/8/2006,2Y,3.31
Th,6/8/2006,5Y,3.643
Th,6/8/2006,10Y,3.96
Fr,6/9/2006,2Y,3.304
Fr,6/9/2006,5Y,3.642
Fr,6/9/2006,10Y,3.972
Mo,6/12/2006,2Y,3.285
Mo,6/12/2006,5Y,3.615
Mo,6/12/2006,10Y,3.952
Tu,6/13/2006,2Y,3.268
Tu,6/13/2006,5Y,3.577
Tu,6/13/2006,10Y,3.904
We,6/14/2006,2Y,3.31
We,6/14/2006,5Y,3.622
We,6/14/2006,10Y,3.934
Th,6/15/2006,2Y,3.339
Th,6/15/2006,5Y,3.675
Th,6/15/2006,10Y,3.986
Fr,6/16/2006,2Y,3.33
Fr,6/16/2006,5Y,3.665
Fr,6/16/2006,10Y,3.973
Mo,6/19/2006,2Y,3.375
Mo,6/19/2006,5Y,3.708
Mo,6/19/2006,10Y,4.003
Tu,6/20/2006,2Y,3.405
Tu,6/20/2006,5Y,3.741
Tu,6/20/2006,10Y,4.033
We,6/21/2006,2Y,3.417
We,6/21/2006,5Y,3.759
We,6/21/2006,10Y,4.048
Th,6/22/2006,2Y,3.44
Th,6/22/2006,5Y,3.797
Th,6/22/2006,10Y,4.093
Fr,6/23/2006,2Y,3.464
Fr,6/23/2006,5Y,3.82
Fr,6/23/2006,10Y,4.117
Mo,6/26/2006,2Y,3.501
Mo,6/26/2006,5Y,3.838
Mo,6/26/2006,10Y,4.12
Tu,6/27/2006,2Y,3.511
Tu,6/27/2006,5Y,3.842
Tu,6/27/2006,10Y,4.119
We,6/28/2006,2Y,3.517
We,6/28/2006,5Y,3.852
We,6/28/2006,10Y,4.125
Th,6/29/2006,2Y,3.488
Th,6/29/2006,5Y,3.812
Th,6/29/2006,10Y,4.092
Fr,6/30/2006,2Y,3.512
Fr,6/30/2006,5Y,3.823
Fr,6/30/2006,10Y,4.098
Mo,7/3/2006,2Y,3.516
Mo,7/3/2006,5Y,3.838
Mo,7/3/2006,10Y,4.116
Tu,7/4/2006,2Y,3.507
Tu,7/4/2006,5Y,3.83
Tu,7/4/2006,10Y,4.103
We,7/5/2006,2Y,3.552
We,7/5/2006,5Y,3.882
We,7/5/2006,10Y,4.166
Th,7/6/2006,2Y,3.566
Th,7/6/2006,5Y,3.874
Th,7/6/2006,10Y,4.142
Fr,7/7/2006,2Y,3.542
Fr,7/7/2006,5Y,3.832
Fr,7/7/2006,10Y,4.096
Mo,7/10/2006,2Y,3.557
Mo,7/10/2006,5Y,3.856
Mo,7/10/2006,10Y,4.118
Tu,7/11/2006,2Y,3.524
Tu,7/11/2006,5Y,3.809
Tu,7/11/2006,10Y,4.08
We,7/12/2006,2Y,3.554
We,7/12/2006,5Y,3.845
We,7/12/2006,10Y,4.117
Th,7/13/2006,2Y,3.516
Th,7/13/2006,5Y,3.794
Th,7/13/2006,10Y,4.077
Fr,7/14/2006,2Y,3.466
Fr,7/14/2006,5Y,3.727
Fr,7/14/2006,10Y,4.012
Mo,7/17/2006,2Y,3.475
Mo,7/17/2006,5Y,3.745
Mo,7/17/2006,10Y,4.023
Tu,7/18/2006,2Y,3.503
Tu,7/18/2006,5Y,3.778
Tu,7/18/2006,10Y,4.044
We,7/19/2006,2Y,3.493
We,7/19/2006,5Y,3.753
We,7/19/2006,10Y,4.014
Th,7/20/2006,2Y,3.491
Th,7/20/2006,5Y,3.752
Th,7/20/2006,10Y,4.015
Fr,7/21/2006,2Y,3.468
Fr,7/21/2006,5Y,3.718
Fr,7/21/2006,10Y,3.984
Mo,7/24/2006,2Y,3.474
Mo,7/24/2006,5Y,3.724
Mo,7/24/2006,10Y,3.986
Tu,7/25/2006,2Y,3.47
Tu,7/25/2006,5Y,3.725
Tu,7/25/2006,10Y,3.994
We,7/26/2006,2Y,3.5
We,7/26/2006,5Y,3.754
We,7/26/2006,10Y,4.015
Th,7/27/2006,2Y,3.469
Th,7/27/2006,5Y,3.714
Th,7/27/2006,10Y,3.979
Fr,7/28/2006,2Y,3.458
Fr,7/28/2006,5Y,3.686
Fr,7/28/2006,10Y,3.951
Mo,7/31/2006,2Y,3.459
Mo,7/31/2006,5Y,3.688
Mo,7/31/2006,10Y,3.951
Tu,8/1/2006,2Y,3.456
Tu,8/1/2006,5Y,3.69
Tu,8/1/2006,10Y,3.959
We,8/2/2006,2Y,3.467
We,8/2/2006,5Y,3.699
We,8/2/2006,10Y,3.964
Th,8/3/2006,2Y,3.529
Th,8/3/2006,5Y,3.762
Th,8/3/2006,10Y,4.007
Fr,8/4/2006,2Y,3.503
Fr,8/4/2006,5Y,3.704
Fr,8/4/2006,10Y,3.937
Mo,8/7/2006,2Y,3.501
Mo,8/7/2006,5Y,3.694
Mo,8/7/2006,10Y,3.937
Tu,8/8/2006,2Y,3.506
Tu,8/8/2006,5Y,3.692
Tu,8/8/2006,10Y,3.933
We,8/9/2006,2Y,3.531
We,8/9/2006,5Y,3.725
We,8/9/2006,10Y,3.964
Th,8/10/2006,2Y,3.522
Th,8/10/2006,5Y,3.718
Th,8/10/2006,10Y,3.962
Fr,8/11/2006,2Y,3.554
Fr,8/11/2006,5Y,3.776
Fr,8/11/2006,10Y,4.01
Mo,8/14/2006,2Y,3.591
Mo,8/14/2006,5Y,3.806
Mo,8/14/2006,10Y,4.035
Tu,8/15/2006,2Y,3.58
Tu,8/15/2006,5Y,3.776
Tu,8/15/2006,10Y,4
We,8/16/2006,2Y,3.569
We,8/16/2006,5Y,3.744
We,8/16/2006,10Y,3.964
Th,8/17/2006,2Y,3.582
Th,8/17/2006,5Y,3.743
Th,8/17/2006,10Y,3.952
Fr,8/18/2006,2Y,3.585
Fr,8/18/2006,5Y,3.737
Fr,8/18/2006,10Y,3.935
Mo,8/21/2006,2Y,3.564
Mo,8/21/2006,5Y,3.692
Mo,8/21/2006,10Y,3.894
Tu,8/22/2006,2Y,3.488
Tu,8/22/2006,5Y,3.618
Tu,8/22/2006,10Y,3.839
We,8/23/2006,2Y,3.501
We,8/23/2006,5Y,3.635
We,8/23/2006,10Y,3.856
Th,8/24/2006,2Y,3.496
Th,8/24/2006,5Y,3.62
Th,8/24/2006,10Y,3.84
Fr,8/25/2006,2Y,3.486
Fr,8/25/2006,5Y,3.606
Fr,8/25/2006,10Y,3.824
Mo,8/28/2006,2Y,3.484
Mo,8/28/2006,5Y,3.604
Mo,8/28/2006,10Y,3.824
Tu,8/29/2006,2Y,3.521
Tu,8/29/2006,5Y,3.645
Tu,8/29/2006,10Y,3.859
We,8/30/2006,2Y,3.509
We,8/30/2006,5Y,3.621
We,8/30/2006,10Y,3.831
Th,8/31/2006,2Y,3.506
Th,8/31/2006,5Y,3.589
Th,8/31/2006,10Y,3.793
Fr,9/1/2006,2Y,3.514
Fr,9/1/2006,5Y,3.581
Fr,9/1/2006,10Y,3.777
Mo,9/4/2006,2Y,3.523
Mo,9/4/2006,5Y,3.588
Mo,9/4/2006,10Y,3.781
Tu,9/5/2006,2Y,3.556
Tu,9/5/2006,5Y,3.624
Tu,9/5/2006,10Y,3.82
We,9/6/2006,2Y,3.589
We,9/6/2006,5Y,3.673
We,9/6/2006,10Y,3.864
Th,9/7/2006,2Y,3.597
Th,9/7/2006,5Y,3.665
Th,9/7/2006,10Y,3.849
Fr,9/8/2006,2Y,3.6
Fr,9/8/2006,5Y,3.651
Fr,9/8/2006,10Y,3.817
Mo,9/11/2006,2Y,3.627
Mo,9/11/2006,5Y,3.679
Mo,9/11/2006,10Y,3.835
Tu,9/12/2006,2Y,3.64
Tu,9/12/2006,5Y,3.698
Tu,9/12/2006,10Y,3.871
We,9/13/2006,2Y,3.632
We,9/13/2006,5Y,3.671
We,9/13/2006,10Y,3.823
Th,9/14/2006,2Y,3.639
Th,9/14/2006,5Y,3.682
Th,9/14/2006,10Y,3.824
Fr,9/15/2006,2Y,3.634
Fr,9/15/2006,5Y,3.674
Fr,9/15/2006,10Y,3.809
Mo,9/18/2006,2Y,3.667
Mo,9/18/2006,5Y,3.733
Mo,9/18/2006,10Y,3.864
Tu,9/19/2006,2Y,3.631
Tu,9/19/2006,5Y,3.68
Tu,9/19/2006,10Y,3.813
We,9/20/2006,2Y,3.633
We,9/20/2006,5Y,3.675
We,9/20/2006,10Y,3.805
Th,9/21/2006,2Y,3.621
Th,9/21/2006,5Y,3.654
Th,9/21/2006,10Y,3.786
Fr,9/22/2006,2Y,3.55
Fr,9/22/2006,5Y,3.573
Fr,9/22/2006,10Y,3.725
Mo,9/25/2006,2Y,3.495
Mo,9/25/2006,5Y,3.53
Mo,9/25/2006,10Y,3.694
Tu,9/26/2006,2Y,3.524
Tu,9/26/2006,5Y,3.55
Tu,9/26/2006,10Y,3.689
We,9/27/2006,2Y,3.546
We,9/27/2006,5Y,3.571
We,9/27/2006,10Y,3.704
Th,9/28/2006,2Y,3.568
Th,9/28/2006,5Y,3.593
Th,9/28/2006,10Y,3.722
Fr,9/29/2006,2Y,3.585
Fr,9/29/2006,5Y,3.61
Fr,9/29/2006,10Y,3.739
Mo,10/2/2006,2Y,3.579
Mo,10/2/2006,5Y,3.593
Mo,10/2/2006,10Y,3.722
Tu,10/3/2006,2Y,3.604
Tu,10/3/2006,5Y,3.629
Tu,10/3/2006,10Y,3.77
We,10/4/2006,2Y,3.592
We,10/4/2006,5Y,3.595
We,10/4/2006,10Y,3.732
Th,10/5/2006,2Y,3.592
Th,10/5/2006,5Y,3.606
Th,10/5/2006,10Y,3.745
Fr,10/6/2006,2Y,3.601
Fr,10/6/2006,5Y,3.633
Fr,10/6/2006,10Y,3.786
Mo,10/9/2006,2Y,3.623
Mo,10/9/2006,5Y,3.649
Mo,10/9/2006,10Y,3.795
Tu,10/10/2006,2Y,3.659
Tu,10/10/2006,5Y,3.707
Tu,10/10/2006,10Y,3.849
We,10/11/2006,2Y,3.661
We,10/11/2006,5Y,3.706
We,10/11/2006,10Y,3.845
Th,10/12/2006,2Y,3.653
Th,10/12/2006,5Y,3.697
Th,10/12/2006,10Y,3.843
Fr,10/13/2006,2Y,3.665
Fr,10/13/2006,5Y,3.722
Fr,10/13/2006,10Y,3.873
Mo,10/16/2006,2Y,3.657
Mo,10/16/2006,5Y,3.717
Mo,10/16/2006,10Y,3.872
Tu,10/17/2006,2Y,3.639
Tu,10/17/2006,5Y,3.691
Tu,10/17/2006,10Y,3.841
We,10/18/2006,2Y,3.638
We,10/18/2006,5Y,3.703
We,10/18/2006,10Y,3.857
Th,10/19/2006,2Y,3.655
Th,10/19/2006,5Y,3.723
Th,10/19/2006,10Y,3.88
Fr,10/20/2006,2Y,3.672
Fr,10/20/2006,5Y,3.735
Fr,10/20/2006,10Y,3.878
Mo,10/23/2006,2Y,3.697
Mo,10/23/2006,5Y,3.776
Mo,10/23/2006,10Y,3.917
Tu,10/24/2006,2Y,3.702
Tu,10/24/2006,5Y,3.774
Tu,10/24/2006,10Y,3.917
We,10/25/2006,2Y,3.711
We,10/25/2006,5Y,3.784
We,10/25/2006,10Y,3.924
Th,10/26/2006,2Y,3.71
Th,10/26/2006,5Y,3.77
Th,10/26/2006,10Y,3.898
Fr,10/27/2006,2Y,3.699
Fr,10/27/2006,5Y,3.737
Fr,10/27/2006,10Y,3.847
Mo,10/30/2006,2Y,3.702
Mo,10/30/2006,5Y,3.731
Mo,10/30/2006,10Y,3.832
Tu,10/31/2006,2Y,3.663
Tu,10/31/2006,5Y,3.677
Tu,10/31/2006,10Y,3.779
We,11/1/2006,2Y,3.628
We,11/1/2006,5Y,3.635
We,11/1/2006,10Y,3.745
Th,11/2/2006,2Y,3.656
Th,11/2/2006,5Y,3.664
Th,11/2/2006,10Y,3.777
Fr,11/3/2006,2Y,3.677
Fr,11/3/2006,5Y,3.712
Fr,11/3/2006,10Y,3.809
Mo,11/6/2006,2Y,3.697
Mo,11/6/2006,5Y,3.735
Mo,11/6/2006,10Y,3.828
Tu,11/7/2006,2Y,3.69
Tu,11/7/2006,5Y,3.7
Tu,11/7/2006,10Y,3.777
We,11/8/2006,2Y,3.714
We,11/8/2006,5Y,3.722
We,11/8/2006,10Y,3.793
Th,11/9/2006,2Y,3.707
Th,11/9/2006,5Y,3.704
Th,11/9/2006,10Y,3.774
Fr,11/10/2006,2Y,3.673
Fr,11/10/2006,5Y,3.662
Fr,11/10/2006,10Y,3.746
Mo,11/13/2006,2Y,3.681
Mo,11/13/2006,5Y,3.685
Mo,11/13/2006,10Y,3.77
Tu,11/14/2006,2Y,3.681
Tu,11/14/2006,5Y,3.665
Tu,11/14/2006,10Y,3.744
We,11/15/2006,2Y,3.701
We,11/15/2006,5Y,3.693
We,11/15/2006,10Y,3.772
Th,11/16/2006,2Y,3.712
Th,11/16/2006,5Y,3.706
Th,11/16/2006,10Y,3.782
Fr,11/17/2006,2Y,3.692
Fr,11/17/2006,5Y,3.679
Fr,11/17/2006,10Y,3.75
Mo,11/20/2006,2Y,3.663
Mo,11/20/2006,5Y,3.66
Mo,11/20/2006,10Y,3.74
Tu,11/21/2006,2Y,3.677
Tu,11/21/2006,5Y,3.664
Tu,11/21/2006,10Y,3.741
We,11/22/2006,2Y,3.664
We,11/22/2006,5Y,3.655
We,11/22/2006,10Y,3.74
Th,11/23/2006,2Y,3.701
Th,11/23/2006,5Y,3.691
Th,11/23/2006,10Y,3.765
Fr,11/24/2006,2Y,3.678
Fr,11/24/2006,5Y,3.642
Fr,11/24/2006,10Y,3.719
Mo,11/27/2006,2Y,3.673
Mo,11/27/2006,5Y,3.65
Mo,11/27/2006,10Y,3.745
Tu,11/28/2006,2Y,3.665
Tu,11/28/2006,5Y,3.632
Tu,11/28/2006,10Y,3.724
We,11/29/2006,2Y,3.683
We,11/29/2006,5Y,3.656
We,11/29/2006,10Y,3.743
Th,11/30/2006,2Y,3.669
Th,11/30/2006,5Y,3.633
Th,11/30/2006,10Y,3.717
Fr,12/1/2006,2Y,3.638
Fr,12/1/2006,5Y,3.601
Fr,12/1/2006,10Y,3.691
Mo,12/4/2006,2Y,3.618
Mo,12/4/2006,5Y,3.598
Mo,12/4/2006,10Y,3.695
Tu,12/5/2006,2Y,3.609
Tu,12/5/2006,5Y,3.647
Tu,12/5/2006,10Y,3.702
We,12/6/2006,2Y,3.634
We,12/6/2006,5Y,3.668
We,12/6/2006,10Y,3.713
Th,12/7/2006,2Y,3.671
Th,12/7/2006,5Y,3.706
Th,12/7/2006,10Y,3.738
Fr,12/8/2006,2Y,3.683
Fr,12/8/2006,5Y,3.723
Fr,12/8/2006,10Y,3.76
Mo,12/11/2006,2Y,3.708
Mo,12/11/2006,5Y,3.746
Mo,12/11/2006,10Y,3.772
Tu,12/12/2006,2Y,3.716
Tu,12/12/2006,5Y,3.744
Tu,12/12/2006,10Y,3.764
We,12/13/2006,2Y,3.737
We,12/13/2006,5Y,3.761
We,12/13/2006,10Y,3.777
Th,12/14/2006,2Y,3.769
Th,12/14/2006,5Y,3.8
Th,12/14/2006,10Y,3.813
Fr,12/15/2006,2Y,3.782
Fr,12/15/2006,5Y,3.812
Fr,12/15/2006,10Y,3.829
Mo,12/18/2006,2Y,3.794
Mo,12/18/2006,5Y,3.834
Mo,12/18/2006,10Y,3.865
Tu,12/19/2006,2Y,3.818
Tu,12/19/2006,5Y,3.865
Tu,12/19/2006,10Y,3.899
We,12/20/2006,2Y,3.819
We,12/20/2006,5Y,3.862
We,12/20/2006,10Y,3.894
Th,12/21/2006,2Y,3.83
Th,12/21/2006,5Y,3.877
Th,12/21/2006,10Y,3.91
Fr,12/22/2006,2Y,3.836
Fr,12/22/2006,5Y,3.887
Fr,12/22/2006,10Y,3.917
Mo,12/25/2006,2Y,3.832
Mo,12/25/2006,5Y,3.882
Mo,12/25/2006,10Y,3.915
Tu,12/26/2006,2Y,3.832
Tu,12/26/2006,5Y,3.88
Tu,12/26/2006,10Y,3.911
We,12/27/2006,2Y,3.873
We,12/27/2006,5Y,3.925
We,12/27/2006,10Y,3.96
Th,12/28/2006,2Y,3.89
Th,12/28/2006,5Y,3.948
Th,12/28/2006,10Y,3.988
Fr,12/29/2006,2Y,3.884
Fr,12/29/2006,5Y,3.939
Fr,12/29/2006,10Y,3.98
Mo,1/1/2007,2Y,3.881
Mo,1/1/2007,5Y,3.937
Mo,1/1/2007,10Y,3.979
Tu,1/2/2007,2Y,3.866
Tu,1/2/2007,5Y,3.914
Tu,1/2/2007,10Y,3.964
We,1/3/2007,2Y,3.872
We,1/3/2007,5Y,3.927
We,1/3/2007,10Y,3.98
Th,1/4/2007,2Y,3.862
Th,1/4/2007,5Y,3.91
Th,1/4/2007,10Y,3.962
Fr,1/5/2007,2Y,3.899
Fr,1/5/2007,5Y,3.962
Fr,1/5/2007,10Y,4.013
Mo,1/8/2007,2Y,3.889
Mo,1/8/2007,5Y,3.947
Mo,1/8/2007,10Y,4.003
Tu,1/9/2007,2Y,3.912
Tu,1/9/2007,5Y,3.972
Tu,1/9/2007,10Y,4.031
We,1/10/2007,2Y,3.926
We,1/10/2007,5Y,3.987
We,1/10/2007,10Y,4.047
Th,1/11/2007,2Y,3.9
Th,1/11/2007,5Y,3.968
Th,1/11/2007,10Y,4.04
Fr,1/12/2007,2Y,3.927
Fr,1/12/2007,5Y,4.012
Fr,1/12/2007,10Y,4.09
Mo,1/15/2007,2Y,3.925
Mo,1/15/2007,5Y,4.006
Mo,1/15/2007,10Y,4.083
Tu,1/16/2007,2Y,3.925
Tu,1/16/2007,5Y,4.001
Tu,1/16/2007,10Y,4.068
We,1/17/2007,2Y,3.922
We,1/17/2007,5Y,4
We,1/17/2007,10Y,4.068
Th,1/18/2007,2Y,3.947
Th,1/18/2007,5Y,4.028
Th,1/18/2007,10Y,4.093
Fr,1/19/2007,2Y,3.952
Fr,1/19/2007,5Y,4.024
Fr,1/19/2007,10Y,4.081
Mo,1/22/2007,2Y,3.926
Mo,1/22/2007,5Y,3.997
Mo,1/22/2007,10Y,4.054
Tu,1/23/2007,2Y,3.936
Tu,1/23/2007,5Y,4.003
Tu,1/23/2007,10Y,4.054
We,1/24/2007,2Y,3.955
We,1/24/2007,5Y,4.026
We,1/24/2007,10Y,4.074
Th,1/25/2007,2Y,3.97
Th,1/25/2007,5Y,4.054
Th,1/25/2007,10Y,4.114
Fr,1/26/2007,2Y,3.974
Fr,1/26/2007,5Y,4.062
Fr,1/26/2007,10Y,4.125
Mo,1/29/2007,2Y,3.992
Mo,1/29/2007,5Y,4.081
Mo,1/29/2007,10Y,4.153
Tu,1/30/2007,2Y,3.989
Tu,1/30/2007,5Y,4.071
Tu,1/30/2007,10Y,4.145
We,1/31/2007,2Y,3.986
We,1/31/2007,5Y,4.063
We,1/31/2007,10Y,4.135
Th,2/1/2007,2Y,3.972
Th,2/1/2007,5Y,4.048
Th,2/1/2007,10Y,4.127
Fr,2/2/2007,2Y,3.933
Fr,2/2/2007,5Y,4.007
Fr,2/2/2007,10Y,4.098
Mo,2/5/2007,2Y,3.912
Mo,2/5/2007,5Y,3.981
Mo,2/5/2007,10Y,4.069
Tu,2/6/2007,2Y,3.924
Tu,2/6/2007,5Y,3.986
Tu,2/6/2007,10Y,4.067
We,2/7/2007,2Y,3.935
We,2/7/2007,5Y,3.989
We,2/7/2007,10Y,4.064
Th,2/8/2007,2Y,3.963
Th,2/8/2007,5Y,4.022
Th,2/8/2007,10Y,4.082
Fr,2/9/2007,2Y,3.988
Fr,2/9/2007,5Y,4.057
Fr,2/9/2007,10Y,4.126
Mo,2/12/2007,2Y,3.987
Mo,2/12/2007,5Y,4.067
Mo,2/12/2007,10Y,4.143
Tu,2/13/2007,2Y,4.003
Tu,2/13/2007,5Y,4.083
Tu,2/13/2007,10Y,4.161
We,2/14/2007,2Y,3.989
We,2/14/2007,5Y,4.059
We,2/14/2007,10Y,4.135
Th,2/15/2007,2Y,3.947
Th,2/15/2007,5Y,4.007
Th,2/15/2007,10Y,4.081
Fr,2/16/2007,2Y,3.967
Fr,2/16/2007,5Y,4.023
Fr,2/16/2007,10Y,4.086
Mo,2/19/2007,2Y,3.985
Mo,2/19/2007,5Y,4.041
Mo,2/19/2007,10Y,4.103
Tu,2/20/2007,2Y,3.981
Tu,2/20/2007,5Y,4.04
Tu,2/20/2007,10Y,4.098
We,2/21/2007,2Y,3.977
We,2/21/2007,5Y,4.029
We,2/21/2007,10Y,4.088
Th,2/22/2007,2Y,4.002
Th,2/22/2007,5Y,4.06
Th,2/22/2007,10Y,4.124
Fr,2/23/2007,2Y,3.98
Fr,2/23/2007,5Y,4.023
Fr,2/23/2007,10Y,4.085
Mo,2/26/2007,2Y,3.945
Mo,2/26/2007,5Y,3.972
Mo,2/26/2007,10Y,4.033
Tu,2/27/2007,2Y,3.914
Tu,2/27/2007,5Y,3.939
Tu,2/27/2007,10Y,4.001
We,2/28/2007,2Y,3.891
We,2/28/2007,5Y,3.921
We,2/28/2007,10Y,3.995
Th,3/1/2007,2Y,3.876
Th,3/1/2007,5Y,3.907
Th,3/1/2007,10Y,3.985
Fr,3/2/2007,2Y,3.851
Fr,3/2/2007,5Y,3.889
Fr,3/2/2007,10Y,3.974
Mo,3/5/2007,2Y,3.841
Mo,3/5/2007,5Y,3.871
Mo,3/5/2007,10Y,3.951
Tu,3/6/2007,2Y,3.864
Tu,3/6/2007,5Y,3.885
Tu,3/6/2007,10Y,3.955
We,3/7/2007,2Y,3.87
We,3/7/2007,5Y,3.89
We,3/7/2007,10Y,3.956
Th,3/8/2007,2Y,3.891
Th,3/8/2007,5Y,3.904
Th,3/8/2007,10Y,3.968
Fr,3/9/2007,2Y,3.921
Fr,3/9/2007,5Y,3.935
Fr,3/9/2007,10Y,3.994
Mo,3/12/2007,2Y,3.904
Mo,3/12/2007,5Y,3.908
Mo,3/12/2007,10Y,3.969
Tu,3/13/2007,2Y,3.893
Tu,3/13/2007,5Y,3.887
Tu,3/13/2007,10Y,3.939
We,3/14/2007,2Y,3.866
We,3/14/2007,5Y,3.858
We,3/14/2007,10Y,3.918
Th,3/15/2007,2Y,3.902
Th,3/15/2007,5Y,3.895
Th,3/15/2007,10Y,3.942
Fr,3/16/2007,2Y,3.908
Fr,3/16/2007,5Y,3.901
Fr,3/16/2007,10Y,3.944
Mo,3/19/2007,2Y,3.939
Mo,3/19/2007,5Y,3.932
Mo,3/19/2007,10Y,3.966
Tu,3/20/2007,2Y,3.927
Tu,3/20/2007,5Y,3.915
Tu,3/20/2007,10Y,3.949
We,3/21/2007,2Y,3.933
We,3/21/2007,5Y,3.926
We,3/21/2007,10Y,3.968
Th,3/22/2007,2Y,3.932
Th,3/22/2007,5Y,3.931
Th,3/22/2007,10Y,3.99
Fr,3/23/2007,2Y,3.96
Fr,3/23/2007,5Y,3.981
Fr,3/23/2007,10Y,4.042
Mo,3/26/2007,2Y,3.962
Mo,3/26/2007,5Y,3.982
Mo,3/26/2007,10Y,4.045
Tu,3/27/2007,2Y,3.981
Tu,3/27/2007,5Y,4.005
Tu,3/27/2007,10Y,4.067
We,3/28/2007,2Y,3.984
We,3/28/2007,5Y,4.013
We,3/28/2007,10Y,4.075
Th,3/29/2007,2Y,4.007
Th,3/29/2007,5Y,4.039
Th,3/29/2007,10Y,4.097
Fr,3/30/2007,2Y,4.018
Fr,3/30/2007,5Y,4.05
Fr,3/30/2007,10Y,4.103
Mo,4/2/2007,2Y,4.042
Mo,4/2/2007,5Y,4.073
Mo,4/2/2007,10Y,4.119
Tu,4/3/2007,2Y,4.047
Tu,4/3/2007,5Y,4.085
Tu,4/3/2007,10Y,4.143
We,4/4/2007,2Y,4.027
We,4/4/2007,5Y,4.061
We,4/4/2007,10Y,4.119
Th,4/5/2007,2Y,4.041
Th,4/5/2007,5Y,4.083
Th,4/5/2007,10Y,4.142
Fr,4/6/2007,2Y,4.042
Fr,4/6/2007,5Y,4.082
Fr,4/6/2007,10Y,4.143
Mo,4/9/2007,2Y,4.041
Mo,4/9/2007,5Y,4.082
Mo,4/9/2007,10Y,4.144
Tu,4/10/2007,2Y,4.075
Tu,4/10/2007,5Y,4.119
Tu,4/10/2007,10Y,4.176
We,4/11/2007,2Y,4.092
We,4/11/2007,5Y,4.137
We,4/11/2007,10Y,4.191
Th,4/12/2007,2Y,4.113
Th,4/12/2007,5Y,4.168
Th,4/12/2007,10Y,4.228
Fr,4/13/2007,2Y,4.145
Fr,4/13/2007,5Y,4.213
Fr,4/13/2007,10Y,4.278
Mo,4/16/2007,2Y,4.135
Mo,4/16/2007,5Y,4.19
Mo,4/16/2007,10Y,4.255
Tu,4/17/2007,2Y,4.122
Tu,4/17/2007,5Y,4.169
Tu,4/17/2007,10Y,4.23
We,4/18/2007,2Y,4.117
We,4/18/2007,5Y,4.151
We,4/18/2007,10Y,4.201
Th,4/19/2007,2Y,4.142
Th,4/19/2007,5Y,4.186
Th,4/19/2007,10Y,4.243
Fr,4/20/2007,2Y,4.144
Fr,4/20/2007,5Y,4.194
Fr,4/20/2007,10Y,4.25
Mo,4/23/2007,2Y,4.132
Mo,4/23/2007,5Y,4.174
Mo,4/23/2007,10Y,4.228
Tu,4/24/2007,2Y,4.128
Tu,4/24/2007,5Y,4.165
Tu,4/24/2007,10Y,4.213
We,4/25/2007,2Y,4.14
We,4/25/2007,5Y,4.186
We,4/25/2007,10Y,4.234
Th,4/26/2007,2Y,4.174
Th,4/26/2007,5Y,4.219
Th,4/26/2007,10Y,4.268
Fr,4/27/2007,2Y,4.177
Fr,4/27/2007,5Y,4.22
Fr,4/27/2007,10Y,4.269
Mo,4/30/2007,2Y,4.135
Mo,4/30/2007,5Y,4.159
Mo,4/30/2007,10Y,4.208
Tu,5/1/2007,2Y,4.135
Tu,5/1/2007,5Y,4.153
Tu,5/1/2007,10Y,4.202
We,5/2/2007,2Y,4.182
We,5/2/2007,5Y,4.215
We,5/2/2007,10Y,4.259
Th,5/3/2007,2Y,4.192
Th,5/3/2007,5Y,4.23
Th,5/3/2007,10Y,4.279
Fr,5/4/2007,2Y,4.17
Fr,5/4/2007,5Y,4.198
Fr,5/4/2007,10Y,4.245
Mo,5/7/2007,2Y,4.19
Mo,5/7/2007,5Y,4.221
Mo,5/7/2007,10Y,4.26
Tu,5/8/2007,2Y,4.173
Tu,5/8/2007,5Y,4.197
Tu,5/8/2007,10Y,4.244
We,5/9/2007,2Y,4.18
We,5/9/2007,5Y,4.21
We,5/9/2007,10Y,4.257
Th,5/10/2007,2Y,4.181
Th,5/10/2007,5Y,4.215
Th,5/10/2007,10Y,4.262
Fr,5/11/2007,2Y,4.177
Fr,5/11/2007,5Y,4.213
Fr,5/11/2007,10Y,4.262
Mo,5/14/2007,2Y,4.217
Mo,5/14/2007,5Y,4.267
Mo,5/14/2007,10Y,4.315
Tu,5/15/2007,2Y,4.251
Tu,5/15/2007,5Y,4.299
Tu,5/15/2007,10Y,4.345
We,5/16/2007,2Y,4.275
We,5/16/2007,5Y,4.311
We,5/16/2007,10Y,4.35
Th,5/17/2007,2Y,4.287
Th,5/17/2007,5Y,4.321
Th,5/17/2007,10Y,4.358
Fr,5/18/2007,2Y,4.286
Fr,5/18/2007,5Y,4.316
Fr,5/18/2007,10Y,4.356
Mo,5/21/2007,2Y,4.3
Mo,5/21/2007,5Y,4.327
Mo,5/21/2007,10Y,4.368
Tu,5/22/2007,2Y,4.323
Tu,5/22/2007,5Y,4.349
Tu,5/22/2007,10Y,4.384
We,5/23/2007,2Y,4.357
We,5/23/2007,5Y,4.382
We,5/23/2007,10Y,4.414
Th,5/24/2007,2Y,4.338
Th,5/24/2007,5Y,4.367
Th,5/24/2007,10Y,4.403
Fr,5/25/2007,2Y,4.369
Fr,5/25/2007,5Y,4.399
Fr,5/25/2007,10Y,4.425
Mo,5/28/2007,2Y,4.382
Mo,5/28/2007,5Y,4.412
Mo,5/28/2007,10Y,4.43
Tu,5/29/2007,2Y,4.39
Tu,5/29/2007,5Y,4.415
Tu,5/29/2007,10Y,4.441
We,5/30/2007,2Y,4.393
We,5/30/2007,5Y,4.416
We,5/30/2007,10Y,4.439
Th,5/31/2007,2Y,4.422
Th,5/31/2007,5Y,4.447
Th,5/31/2007,10Y,4.464
Fr,6/1/2007,2Y,4.459
Fr,6/1/2007,5Y,4.484
Fr,6/1/2007,10Y,4.502
Mo,6/4/2007,2Y,4.455
Mo,6/4/2007,5Y,4.477
Mo,6/4/2007,10Y,4.501
Tu,6/5/2007,2Y,4.474
Tu,6/5/2007,5Y,4.508
Tu,6/5/2007,10Y,4.536
We,6/6/2007,2Y,4.427
We,6/6/2007,5Y,4.468
We,6/6/2007,10Y,4.503
Th,6/7/2007,2Y,4.476
Th,6/7/2007,5Y,4.541
Th,6/7/2007,10Y,4.588
Fr,6/8/2007,2Y,4.476
Fr,6/8/2007,5Y,4.559
Fr,6/8/2007,10Y,4.612
Mo,6/11/2007,2Y,4.475
Mo,6/11/2007,5Y,4.556
Mo,6/11/2007,10Y,4.61
Tu,6/12/2007,2Y,4.511
Tu,6/12/2007,5Y,4.599
Tu,6/12/2007,10Y,4.652
We,6/13/2007,2Y,4.534
We,6/13/2007,5Y,4.628
We,6/13/2007,10Y,4.686
Th,6/14/2007,2Y,4.523
Th,6/14/2007,5Y,4.622
Th,6/14/2007,10Y,4.689
Fr,6/15/2007,2Y,4.531
Fr,6/15/2007,5Y,4.632
Fr,6/15/2007,10Y,4.701
Mo,6/18/2007,2Y,4.519
Mo,6/18/2007,5Y,4.627
Mo,6/18/2007,10Y,4.706
Tu,6/19/2007,2Y,4.478
Tu,6/19/2007,5Y,4.582
Tu,6/19/2007,10Y,4.662
We,6/20/2007,2Y,4.519
We,6/20/2007,5Y,4.626
We,6/20/2007,10Y,4.686
Th,6/21/2007,2Y,4.513
Th,6/21/2007,5Y,4.626
Th,6/21/2007,10Y,4.695
Fr,6/22/2007,2Y,4.501
Fr,6/22/2007,5Y,4.624
Fr,6/22/2007,10Y,4.701
Mo,6/25/2007,2Y,4.484
Mo,6/25/2007,5Y,4.594
Mo,6/25/2007,10Y,4.669
Tu,6/26/2007,2Y,4.475
Tu,6/26/2007,5Y,4.575
Tu,6/26/2007,10Y,4.651
We,6/27/2007,2Y,4.45
We,6/27/2007,5Y,4.528
We,6/27/2007,10Y,4.596
Th,6/28/2007,2Y,4.485
Th,6/28/2007,5Y,4.56
Th,6/28/2007,10Y,4.614
Fr,6/29/2007,2Y,4.498
Fr,6/29/2007,5Y,4.573
Fr,6/29/2007,10Y,4.622
Mo,7/2/2007,2Y,4.455
Mo,7/2/2007,5Y,4.518
Mo,7/2/2007,10Y,4.565
Tu,7/3/2007,2Y,4.483
Tu,7/3/2007,5Y,4.562
Tu,7/3/2007,10Y,4.612
We,7/4/2007,2Y,4.515
We,7/4/2007,5Y,4.603
We,7/4/2007,10Y,4.657
Th,7/5/2007,2Y,4.549
Th,7/5/2007,5Y,4.647
Th,7/5/2007,10Y,4.702
Fr,7/6/2007,2Y,4.569
Fr,7/6/2007,5Y,4.679
Fr,7/6/2007,10Y,4.736
Mo,7/9/2007,2Y,4.563
Mo,7/9/2007,5Y,4.669
Mo,7/9/2007,10Y,4.73
Tu,7/10/2007,2Y,4.509
Tu,7/10/2007,5Y,4.589
Tu,7/10/2007,10Y,4.65
We,7/11/2007,2Y,4.513
We,7/11/2007,5Y,4.59
We,7/11/2007,10Y,4.65
Th,7/12/2007,2Y,4.547
Th,7/12/2007,5Y,4.635
Th,7/12/2007,10Y,4.692
Fr,7/13/2007,2Y,4.553
Fr,7/13/2007,5Y,4.641
Fr,7/13/2007,10Y,4.684
Mo,7/16/2007,2Y,4.532
Mo,7/16/2007,5Y,4.608
Mo,7/16/2007,10Y,4.648
Tu,7/17/2007,2Y,4.553
Tu,7/17/2007,5Y,4.632
Tu,7/17/2007,10Y,4.665
We,7/18/2007,2Y,4.521
We,7/18/2007,5Y,4.586
We,7/18/2007,10Y,4.614
Th,7/19/2007,2Y,4.539
Th,7/19/2007,5Y,4.593
Th,7/19/2007,10Y,4.617
Fr,7/20/2007,2Y,4.469
Fr,7/20/2007,5Y,4.487
Fr,7/20/2007,10Y,4.51
Mo,7/23/2007,2Y,4.46
Mo,7/23/2007,5Y,4.486
Mo,7/23/2007,10Y,4.506
Tu,7/24/2007,2Y,4.443
Tu,7/24/2007,5Y,4.471
Tu,7/24/2007,10Y,4.497
We,7/25/2007,2Y,4.427
We,7/25/2007,5Y,4.448
We,7/25/2007,10Y,4.474
Th,7/26/2007,2Y,4.336
Th,7/26/2007,5Y,4.363
Th,7/26/2007,10Y,4.408
Fr,7/27/2007,2Y,4.326
Fr,7/27/2007,5Y,4.363
Fr,7/27/2007,10Y,4.401
Mo,7/30/2007,2Y,4.314
Mo,7/30/2007,5Y,4.339
Mo,7/30/2007,10Y,4.388
Tu,7/31/2007,2Y,4.36
Tu,7/31/2007,5Y,4.398
Tu,7/31/2007,10Y,4.428
We,8/1/2007,2Y,4.353
We,8/1/2007,5Y,4.389
We,8/1/2007,10Y,4.433
Th,8/2/2007,2Y,4.395
Th,8/2/2007,5Y,4.431
Th,8/2/2007,10Y,4.451
Fr,8/3/2007,2Y,4.347
Fr,8/3/2007,5Y,4.371
Fr,8/3/2007,10Y,4.399
Mo,8/6/2007,2Y,4.335
Mo,8/6/2007,5Y,4.365
Mo,8/6/2007,10Y,4.402
Tu,8/7/2007,2Y,4.366
Tu,8/7/2007,5Y,4.393
Tu,8/7/2007,10Y,4.423
We,8/8/2007,2Y,4.445
We,8/8/2007,5Y,4.477
We,8/8/2007,10Y,4.499
Th,8/9/2007,2Y,4.365
Th,8/9/2007,5Y,4.415
Th,8/9/2007,10Y,4.466
Fr,8/10/2007,2Y,4.275
Fr,8/10/2007,5Y,4.36
Fr,8/10/2007,10Y,4.436
Mo,8/13/2007,2Y,4.286
Mo,8/13/2007,5Y,4.377
Mo,8/13/2007,10Y,4.448
Tu,8/14/2007,2Y,4.261
Tu,8/14/2007,5Y,4.359
Tu,8/14/2007,10Y,4.436
We,8/15/2007,2Y,4.192
We,8/15/2007,5Y,4.301
We,8/15/2007,10Y,4.406
Th,8/16/2007,2Y,4.011
Th,8/16/2007,5Y,4.163
Th,8/16/2007,10Y,4.318
Fr,8/17/2007,2Y,4.027
Fr,8/17/2007,5Y,4.171
Fr,8/17/2007,10Y,4.35
Mo,8/20/2007,2Y,4.014
Mo,8/20/2007,5Y,4.158
Mo,8/20/2007,10Y,4.34
Tu,8/21/2007,2Y,3.936
Tu,8/21/2007,5Y,4.089
Tu,8/21/2007,10Y,4.299
We,8/22/2007,2Y,4.104
We,8/22/2007,5Y,4.203
We,8/22/2007,10Y,4.361
Th,8/23/2007,2Y,4.083
Th,8/23/2007,5Y,4.182
Th,8/23/2007,10Y,4.337
Fr,8/24/2007,2Y,4.09
Fr,8/24/2007,5Y,4.185
Fr,8/24/2007,10Y,4.33
Mo,8/27/2007,2Y,4.08
Mo,8/27/2007,5Y,4.17
Mo,8/27/2007,10Y,4.321
Tu,8/28/2007,2Y,4.049
Tu,8/28/2007,5Y,4.152
Tu,8/28/2007,10Y,4.297
We,8/29/2007,2Y,4.041
We,8/29/2007,5Y,4.147
We,8/29/2007,10Y,4.295
Th,8/30/2007,2Y,4.048
Th,8/30/2007,5Y,4.159
Th,8/30/2007,10Y,4.302
Fr,8/31/2007,2Y,4.085
Fr,8/31/2007,5Y,4.192
Fr,8/31/2007,10Y,4.314
Mo,9/3/2007,2Y,4.106
Mo,9/3/2007,5Y,4.214
Mo,9/3/2007,10Y,4.335
Tu,9/4/2007,2Y,4.106
Tu,9/4/2007,5Y,4.22
Tu,9/4/2007,10Y,4.346
We,9/5/2007,2Y,4.038
We,9/5/2007,5Y,4.151
We,9/5/2007,10Y,4.285
Th,9/6/2007,2Y,4.033
Th,9/6/2007,5Y,4.147
Th,9/6/2007,10Y,4.281
Fr,9/7/2007,2Y,3.934
Fr,9/7/2007,5Y,4.047
Fr,9/7/2007,10Y,4.213
Mo,9/10/2007,2Y,3.904
Mo,9/10/2007,5Y,4.008
Mo,9/10/2007,10Y,4.163
Tu,9/11/2007,2Y,3.94
Tu,9/11/2007,5Y,4.032
Tu,9/11/2007,10Y,4.194
We,9/12/2007,2Y,3.981
We,9/12/2007,5Y,4.064
We,9/12/2007,10Y,4.223
Th,9/13/2007,2Y,4.073
Th,9/13/2007,5Y,4.14
Th,9/13/2007,10Y,4.263
Fr,9/14/2007,2Y,4.061
Fr,9/14/2007,5Y,4.124
Fr,9/14/2007,10Y,4.261
Mo,9/17/2007,2Y,4.06
Mo,9/17/2007,5Y,4.113
Mo,9/17/2007,10Y,4.25
Tu,9/18/2007,2Y,4.12
Tu,9/18/2007,5Y,4.198
Tu,9/18/2007,10Y,4.311
We,9/19/2007,2Y,4.126
We,9/19/2007,5Y,4.233
We,9/19/2007,10Y,4.364
Th,9/20/2007,2Y,4.147
Th,9/20/2007,5Y,4.274
Th,9/20/2007,10Y,4.413
Fr,9/21/2007,2Y,4.129
Fr,9/21/2007,5Y,4.275
Fr,9/21/2007,10Y,4.43
Mo,9/24/2007,2Y,4.122
Mo,9/24/2007,5Y,4.279
Mo,9/24/2007,10Y,4.436
Tu,9/25/2007,2Y,4.087
Tu,9/25/2007,5Y,4.236
Tu,9/25/2007,10Y,4.395
We,9/26/2007,2Y,4.146
We,9/26/2007,5Y,4.302
We,9/26/2007,10Y,4.449
Th,9/27/2007,2Y,4.142
Th,9/27/2007,5Y,4.287
Th,9/27/2007,10Y,4.441
Fr,9/28/2007,2Y,4.107
Fr,9/28/2007,5Y,4.242
Fr,9/28/2007,10Y,4.394
Mo,10/1/2007,2Y,4.08
Mo,10/1/2007,5Y,4.219
Mo,10/1/2007,10Y,4.386
Tu,10/2/2007,2Y,4.083
Tu,10/2/2007,5Y,4.219
Tu,10/2/2007,10Y,4.379
We,10/3/2007,2Y,4.093
We,10/3/2007,5Y,4.235
We,10/3/2007,10Y,4.393
Th,10/4/2007,2Y,4.043
Th,10/4/2007,5Y,4.176
Th,10/4/2007,10Y,4.345
Fr,10/5/2007,2Y,4.081
Fr,10/5/2007,5Y,4.237
Fr,10/5/2007,10Y,4.403
Mo,10/8/2007,2Y,4.098
Mo,10/8/2007,5Y,4.237
Mo,10/8/2007,10Y,4.41
Tu,10/9/2007,2Y,4.103
Tu,10/9/2007,5Y,4.221
Tu,10/9/2007,10Y,4.377
We,10/10/2007,2Y,4.134
We,10/10/2007,5Y,4.261
We,10/10/2007,10Y,4.405
Th,10/11/2007,2Y,4.172
Th,10/11/2007,5Y,4.31
Th,10/11/2007,10Y,4.444
Fr,10/12/2007,2Y,4.236
Fr,10/12/2007,5Y,4.359
Fr,10/12/2007,10Y,4.475
Mo,10/15/2007,2Y,4.264
Mo,10/15/2007,5Y,4.371
Mo,10/15/2007,10Y,4.483
Tu,10/16/2007,2Y,4.239
Tu,10/16/2007,5Y,4.364
Tu,10/16/2007,10Y,4.491
We,10/17/2007,2Y,4.201
We,10/17/2007,5Y,4.319
We,10/17/2007,10Y,4.456
Th,10/18/2007,2Y,4.121
Th,10/18/2007,5Y,4.229
Th,10/18/2007,10Y,4.389
Fr,10/19/2007,2Y,4.054
Fr,10/19/2007,5Y,4.138
Fr,10/19/2007,10Y,4.297
Mo,10/22/2007,2Y,4.03
Mo,10/22/2007,5Y,4.12
Mo,10/22/2007,10Y,4.257
Tu,10/23/2007,2Y,4.032
Tu,10/23/2007,5Y,4.125
Tu,10/23/2007,10Y,4.263
We,10/24/2007,2Y,3.971
We,10/24/2007,5Y,4.075
We,10/24/2007,10Y,4.21
Th,10/25/2007,2Y,3.976
Th,10/25/2007,5Y,4.074
Th,10/25/2007,10Y,4.22
Fr,10/26/2007,2Y,4
Fr,10/26/2007,5Y,4.093
Fr,10/26/2007,10Y,4.232
Mo,10/29/2007,2Y,4.013
Mo,10/29/2007,5Y,4.095
Mo,10/29/2007,10Y,4.233
Tu,10/30/2007,2Y,4.039
Tu,10/30/2007,5Y,4.107
Tu,10/30/2007,10Y,4.253
We,10/31/2007,2Y,4.145
We,10/31/2007,5Y,4.195
We,10/31/2007,10Y,4.306
Th,11/1/2007,2Y,4.088
Th,11/1/2007,5Y,4.141
Th,11/1/2007,10Y,4.274
Fr,11/2/2007,2Y,4.052
Fr,11/2/2007,5Y,4.102
Fr,11/2/2007,10Y,4.237
Mo,11/5/2007,2Y,4.049
Mo,11/5/2007,5Y,4.088
Mo,11/5/2007,10Y,4.23
Tu,11/6/2007,2Y,4.066
Tu,11/6/2007,5Y,4.109
Tu,11/6/2007,10Y,4.248
We,11/7/2007,2Y,4.023
We,11/7/2007,5Y,4.066
We,11/7/2007,10Y,4.255
Th,11/8/2007,2Y,3.964
Th,11/8/2007,5Y,4.029
Th,11/8/2007,10Y,4.233
Fr,11/9/2007,2Y,3.916
Fr,11/9/2007,5Y,3.981
Fr,11/9/2007,10Y,4.195
Mo,11/12/2007,2Y,3.928
Mo,11/12/2007,5Y,3.992
Mo,11/12/2007,10Y,4.211
Tu,11/13/2007,2Y,3.951
Tu,11/13/2007,5Y,4.027
Tu,11/13/2007,10Y,4.235
We,11/14/2007,2Y,3.991
We,11/14/2007,5Y,4.061
We,11/14/2007,10Y,4.255
Th,11/15/2007,2Y,3.943
Th,11/15/2007,5Y,4.013
Th,11/15/2007,10Y,4.229
Fr,11/16/2007,2Y,3.901
Fr,11/16/2007,5Y,3.986
Fr,11/16/2007,10Y,4.215
Mo,11/19/2007,2Y,3.804
Mo,11/19/2007,5Y,3.915
Mo,11/19/2007,10Y,4.166
Tu,11/20/2007,2Y,3.829
Tu,11/20/2007,5Y,3.938
Tu,11/20/2007,10Y,4.182
We,11/21/2007,2Y,3.752
We,11/21/2007,5Y,3.857
We,11/21/2007,10Y,4.151
Th,11/22/2007,2Y,3.741
Th,11/22/2007,5Y,3.851
Th,11/22/2007,10Y,4.155
Fr,11/23/2007,2Y,3.786
Fr,11/23/2007,5Y,3.887
Fr,11/23/2007,10Y,4.167
Mo,11/26/2007,2Y,3.789
Mo,11/26/2007,5Y,3.889
Mo,11/26/2007,10Y,4.165
Tu,11/27/2007,2Y,3.806
Tu,11/27/2007,5Y,3.908
Tu,11/27/2007,10Y,4.178
We,11/28/2007,2Y,3.864
We,11/28/2007,5Y,3.998
We,11/28/2007,10Y,4.253
Th,11/29/2007,2Y,3.815
Th,11/29/2007,5Y,3.95
Th,11/29/2007,10Y,4.207
Fr,11/30/2007,2Y,3.891
Fr,11/30/2007,5Y,4.024
Fr,11/30/2007,10Y,4.265
Mo,12/3/2007,2Y,3.831
Mo,12/3/2007,5Y,3.948
Mo,12/3/2007,10Y,4.206
Tu,12/4/2007,2Y,3.807
Tu,12/4/2007,5Y,3.912
Tu,12/4/2007,10Y,4.165
We,12/5/2007,2Y,3.794
We,12/5/2007,5Y,3.928
We,12/5/2007,10Y,4.167
Th,12/6/2007,2Y,3.837
Th,12/6/2007,5Y,3.973
Th,12/6/2007,10Y,4.213
Fr,12/7/2007,2Y,3.949
Fr,12/7/2007,5Y,4.092
Fr,12/7/2007,10Y,4.32
Mo,12/10/2007,2Y,4.026
Mo,12/10/2007,5Y,4.158
Mo,12/10/2007,10Y,4.384
Tu,12/11/2007,2Y,3.971
Tu,12/11/2007,5Y,4.121
Tu,12/11/2007,10Y,4.361
We,12/12/2007,2Y,4.073
We,12/12/2007,5Y,4.199
We,12/12/2007,10Y,4.431
Th,12/13/2007,2Y,4.069
Th,12/13/2007,5Y,4.179
Th,12/13/2007,10Y,4.407
Fr,12/14/2007,2Y,4.095
Fr,12/14/2007,5Y,4.203
Fr,12/14/2007,10Y,4.434
Mo,12/17/2007,2Y,4.067
Mo,12/17/2007,5Y,4.192
Mo,12/17/2007,10Y,4.414
Tu,12/18/2007,2Y,4.065
Tu,12/18/2007,5Y,4.192
Tu,12/18/2007,10Y,4.405
We,12/19/2007,2Y,4.035
We,12/19/2007,5Y,4.177
We,12/19/2007,10Y,4.407
Th,12/20/2007,2Y,4.023
Th,12/20/2007,5Y,4.15
Th,12/20/2007,10Y,4.372
Fr,12/21/2007,2Y,4.062
Fr,12/21/2007,5Y,4.195
Fr,12/21/2007,10Y,4.432
Mo,12/24/2007,2Y,4.063
Mo,12/24/2007,5Y,4.192
Mo,12/24/2007,10Y,4.433
Tu,12/25/2007,2Y,4.061
Tu,12/25/2007,5Y,4.191
Tu,12/25/2007,10Y,4.433
We,12/26/2007,2Y,4.06
We,12/26/2007,5Y,4.198
We,12/26/2007,10Y,4.427
Th,12/27/2007,2Y,4.107
Th,12/27/2007,5Y,4.24
Th,12/27/2007,10Y,4.469
Fr,12/28/2007,2Y,4.072
Fr,12/28/2007,5Y,4.201
Fr,12/28/2007,10Y,4.438
Mo,12/31/2007,2Y,4.066
Mo,12/31/2007,5Y,4.198
Mo,12/31/2007,10Y,4.432
Tu,1/1/2008,2Y,4.062
Tu,1/1/2008,5Y,4.191
Tu,1/1/2008,10Y,4.428
We,1/2/2008,2Y,3.917
We,1/2/2008,5Y,4.026
We,1/2/2008,10Y,4.302
Th,1/3/2008,2Y,3.882
Th,1/3/2008,5Y,4.003
Th,1/3/2008,10Y,4.292
Fr,1/4/2008,2Y,3.836
Fr,1/4/2008,5Y,3.938
Fr,1/4/2008,10Y,4.244
Mo,1/7/2008,2Y,3.861
Mo,1/7/2008,5Y,3.941
Mo,1/7/2008,10Y,4.242
Tu,1/8/2008,2Y,3.91
Tu,1/8/2008,5Y,3.979
Tu,1/8/2008,10Y,4.261
We,1/9/2008,2Y,3.825
We,1/9/2008,5Y,3.912
We,1/9/2008,10Y,4.202
Th,1/10/2008,2Y,3.853
Th,1/10/2008,5Y,3.93
Th,1/10/2008,10Y,4.207
Fr,1/11/2008,2Y,3.836
Fr,1/11/2008,5Y,3.913
Fr,1/11/2008,10Y,4.201
Mo,1/14/2008,2Y,3.786
Mo,1/14/2008,5Y,3.864
Mo,1/14/2008,10Y,4.16
Tu,1/15/2008,2Y,3.746
Tu,1/15/2008,5Y,3.83
Tu,1/15/2008,10Y,4.129
We,1/16/2008,2Y,3.655
We,1/16/2008,5Y,3.757
We,1/16/2008,10Y,4.082
Th,1/17/2008,2Y,3.611
Th,1/17/2008,5Y,3.737
Th,1/17/2008,10Y,4.074
Fr,1/18/2008,2Y,3.568
Fr,1/18/2008,5Y,3.712
Fr,1/18/2008,10Y,4.071
Mo,1/21/2008,2Y,3.455
Mo,1/21/2008,5Y,3.627
Mo,1/21/2008,10Y,4.015
Tu,1/22/2008,2Y,3.49
Tu,1/22/2008,5Y,3.7
Tu,1/22/2008,10Y,4.086
We,1/23/2008,2Y,3.332
We,1/23/2008,5Y,3.561
We,1/23/2008,10Y,4.002
Th,1/24/2008,2Y,3.567
Th,1/24/2008,5Y,3.744
Th,1/24/2008,10Y,4.112
Fr,1/25/2008,2Y,3.568
Fr,1/25/2008,5Y,3.743
Fr,1/25/2008,10Y,4.092
Mo,1/28/2008,2Y,3.541
Mo,1/28/2008,5Y,3.696
Mo,1/28/2008,10Y,4.067
Tu,1/29/2008,2Y,3.571
Tu,1/29/2008,5Y,3.737
Tu,1/29/2008,10Y,4.116
We,1/30/2008,2Y,3.576
We,1/30/2008,5Y,3.752
We,1/30/2008,10Y,4.146
Th,1/31/2008,2Y,3.467
Th,1/31/2008,5Y,3.633
Th,1/31/2008,10Y,4.051
Fr,2/1/2008,2Y,3.471
Fr,2/1/2008,5Y,3.627
Fr,2/1/2008,10Y,4.024
Mo,2/4/2008,2Y,3.481
Mo,2/4/2008,5Y,3.633
Mo,2/4/2008,10Y,4.034
Tu,2/5/2008,2Y,3.334
Tu,2/5/2008,5Y,3.501
Tu,2/5/2008,10Y,3.953
We,2/6/2008,2Y,3.356
We,2/6/2008,5Y,3.528
We,2/6/2008,10Y,3.995
Th,2/7/2008,2Y,3.226
Th,2/7/2008,5Y,3.42
Th,2/7/2008,10Y,3.981
Fr,2/8/2008,2Y,3.193
Fr,2/8/2008,5Y,3.407
Fr,2/8/2008,10Y,3.959
Mo,2/11/2008,2Y,3.172
Mo,2/11/2008,5Y,3.394
Mo,2/11/2008,10Y,3.956
Tu,2/12/2008,2Y,3.235
Tu,2/12/2008,5Y,3.475
Tu,2/12/2008,10Y,4.044
We,2/13/2008,2Y,3.236
We,2/13/2008,5Y,3.482
We,2/13/2008,10Y,4.055
Th,2/14/2008,2Y,3.296
Th,2/14/2008,5Y,3.552
Th,2/14/2008,10Y,4.109
Fr,2/15/2008,2Y,3.229
Fr,2/15/2008,5Y,3.48
Fr,2/15/2008,10Y,4.067
Mo,2/18/2008,2Y,3.322
Mo,2/18/2008,5Y,3.571
Mo,2/18/2008,10Y,4.12
Tu,2/19/2008,2Y,3.296
Tu,2/19/2008,5Y,3.543
Tu,2/19/2008,10Y,4.096
We,2/20/2008,2Y,3.355
We,2/20/2008,5Y,3.591
We,2/20/2008,10Y,4.127
Th,2/21/2008,2Y,3.451
Th,2/21/2008,5Y,3.637
Th,2/21/2008,10Y,4.115
Fr,2/22/2008,2Y,3.436
Fr,2/22/2008,5Y,3.616
Fr,2/22/2008,10Y,4.106
Mo,2/25/2008,2Y,3.433
Mo,2/25/2008,5Y,3.637
Mo,2/25/2008,10Y,4.138
Tu,2/26/2008,2Y,3.481
Tu,2/26/2008,5Y,3.69
Tu,2/26/2008,10Y,4.186
We,2/27/2008,2Y,3.448
We,2/27/2008,5Y,3.668
We,2/27/2008,10Y,4.2
Th,2/28/2008,2Y,3.341
Th,2/28/2008,5Y,3.552
Th,2/28/2008,10Y,4.099
Fr,2/29/2008,2Y,3.229
Fr,2/29/2008,5Y,3.428
Fr,2/29/2008,10Y,3.989
Mo,3/3/2008,2Y,3.279
Mo,3/3/2008,5Y,3.432
Mo,3/3/2008,10Y,3.979
Tu,3/4/2008,2Y,3.262
Tu,3/4/2008,5Y,3.406
Tu,3/4/2008,10Y,3.95
We,3/5/2008,2Y,3.34
We,3/5/2008,5Y,3.493
We,3/5/2008,10Y,4.043
Th,3/6/2008,2Y,3.367
Th,3/6/2008,5Y,3.495
Th,3/6/2008,10Y,4.006
Fr,3/7/2008,2Y,3.348
Fr,3/7/2008,5Y,3.471
Fr,3/7/2008,10Y,4.01
Mo,3/10/2008,2Y,3.265
Mo,3/10/2008,5Y,3.38
Mo,3/10/2008,10Y,3.939
Tu,3/11/2008,2Y,3.405
Tu,3/11/2008,5Y,3.49
Tu,3/11/2008,10Y,3.972
We,3/12/2008,2Y,3.415
We,3/12/2008,5Y,3.518
We,3/12/2008,10Y,3.947
Th,3/13/2008,2Y,3.369
Th,3/13/2008,5Y,3.489
Th,3/13/2008,10Y,3.945
Fr,3/14/2008,2Y,3.312
Fr,3/14/2008,5Y,3.455
Fr,3/14/2008,10Y,3.925
Mo,3/17/2008,2Y,3.189
Mo,3/17/2008,5Y,3.374
Mo,3/17/2008,10Y,3.897
Tu,3/18/2008,2Y,3.346
Tu,3/18/2008,5Y,3.517
Tu,3/18/2008,10Y,3.978
We,3/19/2008,2Y,3.473
We,3/19/2008,5Y,3.579
We,3/19/2008,10Y,3.978
Th,3/20/2008,2Y,3.537
Th,3/20/2008,5Y,3.641
Th,3/20/2008,10Y,3.969
Fr,3/21/2008,2Y,3.533
Fr,3/21/2008,5Y,3.637
Fr,3/21/2008,10Y,3.97
Mo,3/24/2008,2Y,3.512
Mo,3/24/2008,5Y,3.632
Mo,3/24/2008,10Y,3.973
Tu,3/25/2008,2Y,3.715
Tu,3/25/2008,5Y,3.806
Tu,3/25/2008,10Y,4.098
We,3/26/2008,2Y,3.699
We,3/26/2008,5Y,3.789
We,3/26/2008,10Y,4.103
Th,3/27/2008,2Y,3.668
Th,3/27/2008,5Y,3.792
Th,3/27/2008,10Y,4.148
Fr,3/28/2008,2Y,3.709
Fr,3/28/2008,5Y,3.824
Fr,3/28/2008,10Y,4.147
Mo,3/31/2008,2Y,3.675
Mo,3/31/2008,5Y,3.778
Mo,3/31/2008,10Y,4.111
Tu,4/1/2008,2Y,3.735
Tu,4/1/2008,5Y,3.86
Tu,4/1/2008,10Y,4.175
We,4/2/2008,2Y,3.784
We,4/2/2008,5Y,3.893
We,4/2/2008,10Y,4.173
Th,4/3/2008,2Y,3.735
Th,4/3/2008,5Y,3.922
Th,4/3/2008,10Y,4.286
Fr,4/4/2008,2Y,3.716
Fr,4/4/2008,5Y,3.893
Fr,4/4/2008,10Y,4.251
Mo,4/7/2008,2Y,3.781
Mo,4/7/2008,5Y,3.964
Mo,4/7/2008,10Y,4.316
Tu,4/8/2008,2Y,3.761
Tu,4/8/2008,5Y,3.952
Tu,4/8/2008,10Y,4.319
We,4/9/2008,2Y,3.716
We,4/9/2008,5Y,3.921
We,4/9/2008,10Y,4.298
Th,4/10/2008,2Y,3.685
Th,4/10/2008,5Y,3.894
Th,4/10/2008,10Y,4.285
Fr,4/11/2008,2Y,3.646
Fr,4/11/2008,5Y,3.828
Fr,4/11/2008,10Y,4.221
Mo,4/14/2008,2Y,3.646
Mo,4/14/2008,5Y,3.831
Mo,4/14/2008,10Y,4.212
Tu,4/15/2008,2Y,3.716
Tu,4/15/2008,5Y,3.906
Tu,4/15/2008,10Y,4.271
We,4/16/2008,2Y,3.812
We,4/16/2008,5Y,3.985
We,4/16/2008,10Y,4.34
Th,4/17/2008,2Y,3.918
Th,4/17/2008,5Y,4.071
Th,4/17/2008,10Y,4.385
Fr,4/18/2008,2Y,4.08
Fr,4/18/2008,5Y,4.172
Fr,4/18/2008,10Y,4.435
Mo,4/21/2008,2Y,4.007
Mo,4/21/2008,5Y,4.122
Mo,4/21/2008,10Y,4.41
Tu,4/22/2008,2Y,4.086
Tu,4/22/2008,5Y,4.186
Tu,4/22/2008,10Y,4.431
We,4/23/2008,2Y,4.043
We,4/23/2008,5Y,4.161
We,4/23/2008,10Y,4.427
Th,4/24/2008,2Y,4.046
Th,4/24/2008,5Y,4.189
Th,4/24/2008,10Y,4.459
Fr,4/25/2008,2Y,4.027
Fr,4/25/2008,5Y,4.18
Fr,4/25/2008,10Y,4.451
Mo,4/28/2008,2Y,4.002
Mo,4/28/2008,5Y,4.174
Mo,4/28/2008,10Y,4.468
Tu,4/29/2008,2Y,3.924
Tu,4/29/2008,5Y,4.101
Tu,4/29/2008,10Y,4.414
We,4/30/2008,2Y,3.927
We,4/30/2008,5Y,4.099
We,4/30/2008,10Y,4.398
Th,5/1/2008,2Y,3.922
Th,5/1/2008,5Y,4.092
Th,5/1/2008,10Y,4.398
Fr,5/2/2008,2Y,3.993
Fr,5/2/2008,5Y,4.171
Fr,5/2/2008,10Y,4.46
Mo,5/5/2008,2Y,3.994
Mo,5/5/2008,5Y,4.139
Mo,5/5/2008,10Y,4.426
Tu,5/6/2008,2Y,3.928
Tu,5/6/2008,5Y,4.086
Tu,5/6/2008,10Y,4.402
We,5/7/2008,2Y,3.934
We,5/7/2008,5Y,4.096
We,5/7/2008,10Y,4.434
Th,5/8/2008,2Y,3.871
Th,5/8/2008,5Y,3.992
Th,5/8/2008,10Y,4.334
Fr,5/9/2008,2Y,3.85
Fr,5/9/2008,5Y,3.945
Fr,5/9/2008,10Y,4.28
Mo,5/12/2008,2Y,3.916
Mo,5/12/2008,5Y,3.979
Mo,5/12/2008,10Y,4.31
Tu,5/13/2008,2Y,4.007
Tu,5/13/2008,5Y,4.071
Tu,5/13/2008,10Y,4.389
We,5/14/2008,2Y,4.086
We,5/14/2008,5Y,4.148
We,5/14/2008,10Y,4.452
Th,5/15/2008,2Y,4.164
Th,5/15/2008,5Y,4.195
Th,5/15/2008,10Y,4.49
Fr,5/16/2008,2Y,4.142
Fr,5/16/2008,5Y,4.173
Fr,5/16/2008,10Y,4.438
Mo,5/19/2008,2Y,4.173
Mo,5/19/2008,5Y,4.211
Mo,5/19/2008,10Y,4.478
Tu,5/20/2008,2Y,4.15
Tu,5/20/2008,5Y,4.174
Tu,5/20/2008,10Y,4.443
We,5/21/2008,2Y,4.265
We,5/21/2008,5Y,4.261
We,5/21/2008,10Y,4.518
Th,5/22/2008,2Y,4.338
Th,5/22/2008,5Y,4.291
Th,5/22/2008,10Y,4.544
Fr,5/23/2008,2Y,4.345
Fr,5/23/2008,5Y,4.271
Fr,5/23/2008,10Y,4.524
Mo,5/26/2008,2Y,4.339
Mo,5/26/2008,5Y,4.294
Mo,5/26/2008,10Y,4.541
Tu,5/27/2008,2Y,4.33
Tu,5/27/2008,5Y,4.305
Tu,5/27/2008,10Y,4.558
We,5/28/2008,2Y,4.344
We,5/28/2008,5Y,4.346
We,5/28/2008,10Y,4.6
Th,5/29/2008,2Y,4.438
Th,5/29/2008,5Y,4.444
Th,5/29/2008,10Y,4.689
Fr,5/30/2008,2Y,4.428
Fr,5/30/2008,5Y,4.424
Fr,5/30/2008,10Y,4.661
Mo,6/2/2008,2Y,4.376
Mo,6/2/2008,5Y,4.35
Mo,6/2/2008,10Y,4.603
Tu,6/3/2008,2Y,4.46
Tu,6/3/2008,5Y,4.431
Tu,6/3/2008,10Y,4.679
We,6/4/2008,2Y,4.417
We,6/4/2008,5Y,4.371
We,6/4/2008,10Y,4.642
Th,6/5/2008,2Y,4.682
Th,6/5/2008,5Y,4.524
Th,6/5/2008,10Y,4.718
Fr,6/6/2008,2Y,4.711
Fr,6/6/2008,5Y,4.538
Fr,6/6/2008,10Y,4.658
Mo,6/9/2008,2Y,4.777
Mo,6/9/2008,5Y,4.654
Mo,6/9/2008,10Y,4.747
Tu,6/10/2008,2Y,4.727
Tu,6/10/2008,5Y,4.683
Tu,6/10/2008,10Y,4.786
We,6/11/2008,2Y,4.678
We,6/11/2008,5Y,4.68
We,6/11/2008,10Y,4.821
Th,6/12/2008,2Y,4.678
Th,6/12/2008,5Y,4.736
Th,6/12/2008,10Y,4.865
Fr,6/13/2008,2Y,4.722
Fr,6/13/2008,5Y,4.8
Fr,6/13/2008,10Y,4.9
Mo,6/16/2008,2Y,4.78
Mo,6/16/2008,5Y,4.855
Mo,6/16/2008,10Y,4.891
Tu,6/17/2008,2Y,4.736
Tu,6/17/2008,5Y,4.814
Tu,6/17/2008,10Y,4.865
We,6/18/2008,2Y,4.718
We,6/18/2008,5Y,4.823
We,6/18/2008,10Y,4.861
Th,6/19/2008,2Y,4.771
Th,6/19/2008,5Y,4.897
Th,6/19/2008,10Y,4.921
Fr,6/20/2008,2Y,4.698
Fr,6/20/2008,5Y,4.812
Fr,6/20/2008,10Y,4.868
Mo,6/23/2008,2Y,4.674
Mo,6/23/2008,5Y,4.764
Mo,6/23/2008,10Y,4.834
Tu,6/24/2008,2Y,4.652
Tu,6/24/2008,5Y,4.743
Tu,6/24/2008,10Y,4.838
We,6/25/2008,2Y,4.678
We,6/25/2008,5Y,4.763
We,6/25/2008,10Y,4.849
Th,6/26/2008,2Y,4.607
Th,6/26/2008,5Y,4.659
Th,6/26/2008,10Y,4.763
Fr,6/27/2008,2Y,4.598
Fr,6/27/2008,5Y,4.653
Fr,6/27/2008,10Y,4.787
Mo,6/30/2008,2Y,4.739
Mo,6/30/2008,5Y,4.794
Mo,6/30/2008,10Y,4.888
Tu,7/1/2008,2Y,4.731
Tu,7/1/2008,5Y,4.78
Tu,7/1/2008,10Y,4.867
We,7/2/2008,2Y,4.775
We,7/2/2008,5Y,4.832
We,7/2/2008,10Y,4.904
Th,7/3/2008,2Y,4.623
Th,7/3/2008,5Y,4.689
Th,7/3/2008,10Y,4.813
Fr,7/4/2008,2Y,4.6
Fr,7/4/2008,5Y,4.625
Fr,7/4/2008,10Y,4.76
Mo,7/7/2008,2Y,4.547
Mo,7/7/2008,5Y,4.548
Mo,7/7/2008,10Y,4.708
Tu,7/8/2008,2Y,4.553
Tu,7/8/2008,5Y,4.556
Tu,7/8/2008,10Y,4.716
We,7/9/2008,2Y,4.572
We,7/9/2008,5Y,4.574
We,7/9/2008,10Y,4.709
Th,7/10/2008,2Y,4.554
Th,7/10/2008,5Y,4.541
Th,7/10/2008,10Y,4.698
Fr,7/11/2008,2Y,4.549
Fr,7/11/2008,5Y,4.578
Fr,7/11/2008,10Y,4.721
Mo,7/14/2008,2Y,4.516
Mo,7/14/2008,5Y,4.544
Mo,7/14/2008,10Y,4.69
Tu,7/15/2008,2Y,4.463
Tu,7/15/2008,5Y,4.5
Tu,7/15/2008,10Y,4.682
We,7/16/2008,2Y,4.479
We,7/16/2008,5Y,4.538
We,7/16/2008,10Y,4.696
Th,7/17/2008,2Y,4.508
Th,7/17/2008,5Y,4.607
Th,7/17/2008,10Y,4.755
Fr,7/18/2008,2Y,4.631
Fr,7/18/2008,5Y,4.747
Fr,7/18/2008,10Y,4.866
Mo,7/21/2008,2Y,4.713
Mo,7/21/2008,5Y,4.798
Mo,7/21/2008,10Y,4.913
Tu,7/22/2008,2Y,4.686
Tu,7/22/2008,5Y,4.792
Tu,7/22/2008,10Y,4.909
We,7/23/2008,2Y,4.671
We,7/23/2008,5Y,4.801
We,7/23/2008,10Y,4.918
Th,7/24/2008,2Y,4.552
Th,7/24/2008,5Y,4.664
Th,7/24/2008,10Y,4.83
Fr,7/25/2008,2Y,4.56
Fr,7/25/2008,5Y,4.684
Fr,7/25/2008,10Y,4.874
Mo,7/28/2008,2Y,4.509
Mo,7/28/2008,5Y,4.599
Mo,7/28/2008,10Y,4.794
Tu,7/29/2008,2Y,4.482
Tu,7/29/2008,5Y,4.557
Tu,7/29/2008,10Y,4.745
We,7/30/2008,2Y,4.447
We,7/30/2008,5Y,4.508
We,7/30/2008,10Y,4.694
Th,7/31/2008,2Y,4.417
Th,7/31/2008,5Y,4.434
Th,7/31/2008,10Y,4.626
Fr,8/1/2008,2Y,4.433
Fr,8/1/2008,5Y,4.433
Fr,8/1/2008,10Y,4.621
Mo,8/4/2008,2Y,4.43
Mo,8/4/2008,5Y,4.418
Mo,8/4/2008,10Y,4.613
Tu,8/5/2008,2Y,4.429
Tu,8/5/2008,5Y,4.396
Tu,8/5/2008,10Y,4.586
We,8/6/2008,2Y,4.419
We,8/6/2008,5Y,4.412
We,8/6/2008,10Y,4.611
Th,8/7/2008,2Y,4.279
Th,8/7/2008,5Y,4.239
Th,8/7/2008,10Y,4.524
Fr,8/8/2008,2Y,4.252
Fr,8/8/2008,5Y,4.217
Fr,8/8/2008,10Y,4.52
Mo,8/11/2008,2Y,4.293
Mo,8/11/2008,5Y,4.246
Mo,8/11/2008,10Y,4.535
Tu,8/12/2008,2Y,4.245
Tu,8/12/2008,5Y,4.198
Tu,8/12/2008,10Y,4.492
We,8/13/2008,2Y,4.213
We,8/13/2008,5Y,4.157
We,8/13/2008,10Y,4.475
Th,8/14/2008,2Y,4.215
Th,8/14/2008,5Y,4.169
Th,8/14/2008,10Y,4.475
Fr,8/15/2008,2Y,4.201
Fr,8/15/2008,5Y,4.139
Fr,8/15/2008,10Y,4.441
Mo,8/18/2008,2Y,4.196
Mo,8/18/2008,5Y,4.12
Mo,8/18/2008,10Y,4.427
Tu,8/19/2008,2Y,4.187
Tu,8/19/2008,5Y,4.132
Tu,8/19/2008,10Y,4.443
We,8/20/2008,2Y,4.193
We,8/20/2008,5Y,4.111
We,8/20/2008,10Y,4.41
Th,8/21/2008,2Y,4.248
Th,8/21/2008,5Y,4.179
Th,8/21/2008,10Y,4.459
Fr,8/22/2008,2Y,4.294
Fr,8/22/2008,5Y,4.24
Fr,8/22/2008,10Y,4.505
Mo,8/25/2008,2Y,4.234
Mo,8/25/2008,5Y,4.132
Mo,8/25/2008,10Y,4.417
Tu,8/26/2008,2Y,4.193
Tu,8/26/2008,5Y,4.092
Tu,8/26/2008,10Y,4.399
We,8/27/2008,2Y,4.259
We,8/27/2008,5Y,4.177
We,8/27/2008,10Y,4.463
Th,8/28/2008,2Y,4.295
Th,8/28/2008,5Y,4.226
Th,8/28/2008,10Y,4.468
Fr,8/29/2008,2Y,4.265
Fr,8/29/2008,5Y,4.222
Fr,8/29/2008,10Y,4.465
Mo,9/1/2008,2Y,4.207
Mo,9/1/2008,5Y,4.138
Mo,9/1/2008,10Y,4.417
Tu,9/2/2008,2Y,4.238
Tu,9/2/2008,5Y,4.165
Tu,9/2/2008,10Y,4.44
We,9/3/2008,2Y,4.263
We,9/3/2008,5Y,4.155
We,9/3/2008,10Y,4.437
Th,9/4/2008,2Y,4.222
Th,9/4/2008,5Y,4.085
Th,9/4/2008,10Y,4.382
Fr,9/5/2008,2Y,4.165
Fr,9/5/2008,5Y,3.993
Fr,9/5/2008,10Y,4.333
Mo,9/8/2008,2Y,4.197
Mo,9/8/2008,5Y,4.056
Mo,9/8/2008,10Y,4.394
Tu,9/9/2008,2Y,4.189
Tu,9/9/2008,5Y,4.035
Tu,9/9/2008,10Y,4.39
We,9/10/2008,2Y,4.205
We,9/10/2008,5Y,4.051
We,9/10/2008,10Y,4.402
Th,9/11/2008,2Y,4.208
Th,9/11/2008,5Y,4.067
Th,9/11/2008,10Y,4.429
Fr,9/12/2008,2Y,4.258
Fr,9/12/2008,5Y,4.163
Fr,9/12/2008,10Y,4.517
Mo,9/15/2008,2Y,4.096
Mo,9/15/2008,5Y,3.99
Mo,9/15/2008,10Y,4.42
Tu,9/16/2008,2Y,4.049
Tu,9/16/2008,5Y,3.991
Tu,9/16/2008,10Y,4.373
We,9/17/2008,2Y,4.092
We,9/17/2008,5Y,3.985
We,9/17/2008,10Y,4.389
Th,9/18/2008,2Y,4.106
Th,9/18/2008,5Y,4.076
Th,9/18/2008,10Y,4.448
Fr,9/19/2008,2Y,4.237
Fr,9/19/2008,5Y,4.334
Fr,9/19/2008,10Y,4.594
Mo,9/22/2008,2Y,4.257
Mo,9/22/2008,5Y,4.37
Mo,9/22/2008,10Y,4.636
Tu,9/23/2008,2Y,4.188
Tu,9/23/2008,5Y,4.312
Tu,9/23/2008,10Y,4.613
We,9/24/2008,2Y,4.086
We,9/24/2008,5Y,4.212
We,9/24/2008,10Y,4.538
Th,9/25/2008,2Y,4.046
Th,9/25/2008,5Y,4.265
Th,9/25/2008,10Y,4.593
Fr,9/26/2008,2Y,3.895
Fr,9/26/2008,5Y,4.166
Fr,9/26/2008,10Y,4.532
Mo,9/29/2008,2Y,3.6
Mo,9/29/2008,5Y,3.972
Mo,9/29/2008,10Y,4.392
Tu,9/30/2008,2Y,3.601
Tu,9/30/2008,5Y,4.056
Tu,9/30/2008,10Y,4.442
We,10/1/2008,2Y,3.486
We,10/1/2008,5Y,4.03
We,10/1/2008,10Y,4.423
Th,10/2/2008,2Y,3.347
Th,10/2/2008,5Y,3.929
Th,10/2/2008,10Y,4.366
Fr,10/3/2008,2Y,3.25
Fr,10/3/2008,5Y,3.896
Fr,10/3/2008,10Y,4.344
Mo,10/6/2008,2Y,3.003
Mo,10/6/2008,5Y,3.712
Mo,10/6/2008,10Y,4.173
Tu,10/7/2008,2Y,3.038
Tu,10/7/2008,5Y,3.76
Tu,10/7/2008,10Y,4.168
We,10/8/2008,2Y,2.969
We,10/8/2008,5Y,3.755
We,10/8/2008,10Y,4.209
Th,10/9/2008,2Y,3.011
Th,10/9/2008,5Y,3.823
Th,10/9/2008,10Y,4.291
Fr,10/10/2008,2Y,2.901
Fr,10/10/2008,5Y,3.896
Fr,10/10/2008,10Y,4.417
Mo,10/13/2008,2Y,2.926
Mo,10/13/2008,5Y,4.038
Mo,10/13/2008,10Y,4.495
Tu,10/14/2008,2Y,3.057
Tu,10/14/2008,5Y,4.065
Tu,10/14/2008,10Y,4.49
We,10/15/2008,2Y,3.063
We,10/15/2008,5Y,4.031
We,10/15/2008,10Y,4.483
Th,10/16/2008,2Y,2.982
Th,10/16/2008,5Y,3.902
Th,10/16/2008,10Y,4.441
Fr,10/17/2008,2Y,2.994
Fr,10/17/2008,5Y,3.89
Fr,10/17/2008,10Y,4.383
Mo,10/20/2008,2Y,3.041
Mo,10/20/2008,5Y,3.857
Mo,10/20/2008,10Y,4.388
Tu,10/21/2008,2Y,3.042
Tu,10/21/2008,5Y,3.796
Tu,10/21/2008,10Y,4.325
We,10/22/2008,2Y,2.966
We,10/22/2008,5Y,3.671
We,10/22/2008,10Y,4.241
Th,10/23/2008,2Y,2.975
Th,10/23/2008,5Y,3.653
Th,10/23/2008,10Y,4.242
Fr,10/24/2008,2Y,2.853
Fr,10/24/2008,5Y,3.583
Fr,10/24/2008,10Y,4.24
Mo,10/27/2008,2Y,2.752
Mo,10/27/2008,5Y,3.604
Mo,10/27/2008,10Y,4.258
Tu,10/28/2008,2Y,2.749
Tu,10/28/2008,5Y,3.627
Tu,10/28/2008,10Y,4.291
We,10/29/2008,2Y,2.742
We,10/29/2008,5Y,3.637
We,10/29/2008,10Y,4.369
Th,10/30/2008,2Y,2.725
Th,10/30/2008,5Y,3.685
Th,10/30/2008,10Y,4.394
Fr,10/31/2008,2Y,2.824
Fr,10/31/2008,5Y,3.885
Fr,10/31/2008,10Y,4.549
Mo,11/3/2008,2Y,2.872
Mo,11/3/2008,5Y,3.881
Mo,11/3/2008,10Y,4.574
Tu,11/4/2008,2Y,2.886
Tu,11/4/2008,5Y,3.831
Tu,11/4/2008,10Y,4.54
We,11/5/2008,2Y,2.849
We,11/5/2008,5Y,3.747
We,11/5/2008,10Y,4.485
Th,11/6/2008,2Y,2.747
Th,11/6/2008,5Y,3.602
Th,11/6/2008,10Y,4.393
Fr,11/7/2008,2Y,2.705
Fr,11/7/2008,5Y,3.554
Fr,11/7/2008,10Y,4.331
Mo,11/10/2008,2Y,2.658
Mo,11/10/2008,5Y,3.523
Mo,11/10/2008,10Y,4.321
Tu,11/11/2008,2Y,2.582
Tu,11/11/2008,5Y,3.502
Tu,11/11/2008,10Y,4.301
We,11/12/2008,2Y,2.53
We,11/12/2008,5Y,3.491
We,11/12/2008,10Y,4.254
Th,11/13/2008,2Y,2.506
Th,11/13/2008,5Y,3.472
Th,11/13/2008,10Y,4.276
Fr,11/14/2008,2Y,2.48
Fr,11/14/2008,5Y,3.448
Fr,11/14/2008,10Y,4.238
Mo,11/17/2008,2Y,2.771
Mo,11/17/2008,5Y,3.415
Mo,11/17/2008,10Y,4.222
Tu,11/18/2008,2Y,2.773
Tu,11/18/2008,5Y,3.422
Tu,11/18/2008,10Y,4.206
We,11/19/2008,2Y,2.764
We,11/19/2008,5Y,3.379
We,11/19/2008,10Y,4.12
Th,11/20/2008,2Y,2.629
Th,11/20/2008,5Y,3.241
Th,11/20/2008,10Y,3.988
Fr,11/21/2008,2Y,2.673
Fr,11/21/2008,5Y,3.295
Fr,11/21/2008,10Y,3.996
Mo,11/24/2008,2Y,2.768
Mo,11/24/2008,5Y,3.371
Mo,11/24/2008,10Y,4.056
Tu,11/25/2008,2Y,2.808
Tu,11/25/2008,5Y,3.351
Tu,11/25/2008,10Y,3.994
We,11/26/2008,2Y,2.738
We,11/26/2008,5Y,3.282
We,11/26/2008,10Y,3.917
Th,11/27/2008,2Y,2.761
Th,11/27/2008,5Y,3.319
Th,11/27/2008,10Y,3.938
Fr,11/28/2008,2Y,2.707
Fr,11/28/2008,5Y,3.292
Fr,11/28/2008,10Y,3.901
Mo,12/1/2008,2Y,2.65
Mo,12/1/2008,5Y,3.181
Mo,12/1/2008,10Y,3.825
Tu,12/2/2008,2Y,2.637
Tu,12/2/2008,5Y,3.156
Tu,12/2/2008,10Y,3.725
We,12/3/2008,2Y,2.626
We,12/3/2008,5Y,3.19
We,12/3/2008,10Y,3.725
Th,12/4/2008,2Y,2.66
Th,12/4/2008,5Y,3.262
Th,12/4/2008,10Y,3.783
Fr,12/5/2008,2Y,2.616
Fr,12/5/2008,5Y,3.275
Fr,12/5/2008,10Y,3.751
Mo,12/8/2008,2Y,2.874
Mo,12/8/2008,5Y,3.495
Mo,12/8/2008,10Y,3.904
Tu,12/9/2008,2Y,2.944
Tu,12/9/2008,5Y,3.575
Tu,12/9/2008,10Y,4.017
We,12/10/2008,2Y,2.9
We,12/10/2008,5Y,3.537
We,12/10/2008,10Y,4.016
Th,12/11/2008,2Y,2.836
Th,12/11/2008,5Y,3.503
Th,12/11/2008,10Y,4.057
Fr,12/12/2008,2Y,2.872
Fr,12/12/2008,5Y,3.585
Fr,12/12/2008,10Y,4.194
Mo,12/15/2008,2Y,2.804
Mo,12/15/2008,5Y,3.523
Mo,12/15/2008,10Y,4.132
Tu,12/16/2008,2Y,2.784
Tu,12/16/2008,5Y,3.487
Tu,12/16/2008,10Y,4.063
We,12/17/2008,2Y,2.585
We,12/17/2008,5Y,3.342
We,12/17/2008,10Y,3.917
Th,12/18/2008,2Y,2.546
Th,12/18/2008,5Y,3.302
Th,12/18/2008,10Y,3.899
Fr,12/19/2008,2Y,2.527
Fr,12/19/2008,5Y,3.265
Fr,12/19/2008,10Y,3.911
Mo,12/22/2008,2Y,2.483
Mo,12/22/2008,5Y,3.184
Mo,12/22/2008,10Y,3.848
Tu,12/23/2008,2Y,2.444
Tu,12/23/2008,5Y,3.146
Tu,12/23/2008,10Y,3.847
We,12/24/2008,2Y,2.426
We,12/24/2008,5Y,3.135
We,12/24/2008,10Y,3.856
Th,12/25/2008,2Y,2.433
Th,12/25/2008,5Y,3.148
Th,12/25/2008,10Y,3.864
Fr,12/26/2008,2Y,2.434
Fr,12/26/2008,5Y,3.148
Fr,12/26/2008,10Y,3.864
Mo,12/29/2008,2Y,2.456
Mo,12/29/2008,5Y,3.089
Mo,12/29/2008,10Y,3.81
Tu,12/30/2008,2Y,2.49
Tu,12/30/2008,5Y,3.128
Tu,12/30/2008,10Y,3.87
We,12/31/2008,2Y,2.483
We,12/31/2008,5Y,3.126
We,12/31/2008,10Y,3.855
Th,1/1/2009,2Y,2.487
Th,1/1/2009,5Y,3.126
Th,1/1/2009,10Y,3.865
Fr,1/2/2009,2Y,2.463
Fr,1/2/2009,5Y,3.097
Fr,1/2/2009,10Y,3.838
Mo,1/5/2009,2Y,2.403
Mo,1/5/2009,5Y,3.12
Mo,1/5/2009,10Y,3.893
Tu,1/6/2009,2Y,2.41
Tu,1/6/2009,5Y,3.265
Tu,1/6/2009,10Y,4.035
We,1/7/2009,2Y,2.312
We,1/7/2009,5Y,3.242
We,1/7/2009,10Y,4.069
Th,1/8/2009,2Y,2.236
Th,1/8/2009,5Y,3.206
Th,1/8/2009,10Y,4.006
Fr,1/9/2009,2Y,2.134
Fr,1/9/2009,5Y,3.11
Fr,1/9/2009,10Y,3.893
Mo,1/12/2009,2Y,2.106
Mo,1/12/2009,5Y,3.094
Mo,1/12/2009,10Y,3.873
Tu,1/13/2009,2Y,2.11
Tu,1/13/2009,5Y,3.069
Tu,1/13/2009,10Y,3.888
We,1/14/2009,2Y,2.088
We,1/14/2009,5Y,3.041
We,1/14/2009,10Y,3.855
Th,1/15/2009,2Y,2.093
Th,1/15/2009,5Y,3.029
Th,1/15/2009,10Y,3.814
Fr,1/16/2009,2Y,2.046
Fr,1/16/2009,5Y,3.037
Fr,1/16/2009,10Y,3.851
Mo,1/19/2009,2Y,2.093
Mo,1/19/2009,5Y,3.1
Mo,1/19/2009,10Y,3.937
Tu,1/20/2009,2Y,2.07
Tu,1/20/2009,5Y,3.095
Tu,1/20/2009,10Y,3.97
We,1/21/2009,2Y,2.014
We,1/21/2009,5Y,3.125
We,1/21/2009,10Y,3.994
Th,1/22/2009,2Y,2.042
Th,1/22/2009,5Y,3.193
Th,1/22/2009,10Y,4.086
Fr,1/23/2009,2Y,2.023
Fr,1/23/2009,5Y,3.24
Fr,1/23/2009,10Y,4.197
Mo,1/26/2009,2Y,2.218
Mo,1/26/2009,5Y,3.39
Mo,1/26/2009,10Y,4.309
Tu,1/27/2009,2Y,2.201
Tu,1/27/2009,5Y,3.346
Tu,1/27/2009,10Y,4.22
We,1/28/2009,2Y,2.145
We,1/28/2009,5Y,3.314
We,1/28/2009,10Y,4.18
Th,1/29/2009,2Y,2.05
Th,1/29/2009,5Y,3.289
Th,1/29/2009,10Y,4.181
Fr,1/30/2009,2Y,1.998
Fr,1/30/2009,5Y,3.266
Fr,1/30/2009,10Y,4.225
Mo,2/2/2009,2Y,1.978
Mo,2/2/2009,5Y,3.241
Mo,2/2/2009,10Y,4.221
Tu,2/3/2009,2Y,1.958
Tu,2/3/2009,5Y,3.269
Tu,2/3/2009,10Y,4.296
We,2/4/2009,2Y,1.967
We,2/4/2009,5Y,3.219
We,2/4/2009,10Y,4.276
Th,2/5/2009,2Y,1.908
Th,2/5/2009,5Y,3.18
Th,2/5/2009,10Y,4.251
Fr,2/6/2009,2Y,1.899
Fr,2/6/2009,5Y,3.173
Fr,2/6/2009,10Y,4.273
Mo,2/9/2009,2Y,1.945
Mo,2/9/2009,5Y,3.224
Mo,2/9/2009,10Y,4.292
Tu,2/10/2009,2Y,1.961
Tu,2/10/2009,5Y,3.181
Tu,2/10/2009,10Y,4.227
We,2/11/2009,2Y,1.869
We,2/11/2009,5Y,3.051
We,2/11/2009,10Y,4.137
Th,2/12/2009,2Y,1.832
Th,2/12/2009,5Y,3.001
Th,2/12/2009,10Y,4.075
Fr,2/13/2009,2Y,1.867
Fr,2/13/2009,5Y,3.043
Fr,2/13/2009,10Y,4.144
Mo,2/16/2009,2Y,1.859
Mo,2/16/2009,5Y,3.014
Mo,2/16/2009,10Y,4.238
Tu,2/17/2009,2Y,1.887
Tu,2/17/2009,5Y,3.007
Tu,2/17/2009,10Y,4.304
We,2/18/2009,2Y,1.994
We,2/18/2009,5Y,3.098
We,2/18/2009,10Y,4.361
Th,2/19/2009,2Y,2.1
Th,2/19/2009,5Y,3.22
Th,2/19/2009,10Y,4.364
Fr,2/20/2009,2Y,2.049
Fr,2/20/2009,5Y,3.174
Fr,2/20/2009,10Y,4.179
Mo,2/23/2009,2Y,2.065
Mo,2/23/2009,5Y,3.184
Mo,2/23/2009,10Y,4.183
Tu,2/24/2009,2Y,2.053
Tu,2/24/2009,5Y,3.18
Tu,2/24/2009,10Y,4.179
We,2/25/2009,2Y,2.016
We,2/25/2009,5Y,3.18
We,2/25/2009,10Y,4.159
Th,2/26/2009,2Y,2.087
Th,2/26/2009,5Y,3.32
Th,2/26/2009,10Y,4.273
Fr,2/27/2009,2Y,2.038
Fr,2/27/2009,5Y,3.292
Fr,2/27/2009,10Y,4.216
Mo,3/2/2009,2Y,1.93
Mo,3/2/2009,5Y,3.171
Mo,3/2/2009,10Y,4.164
Tu,3/3/2009,2Y,1.929
Tu,3/3/2009,5Y,3.186
Tu,3/3/2009,10Y,4.198
We,3/4/2009,2Y,1.919
We,3/4/2009,5Y,3.238
We,3/4/2009,10Y,4.285
Th,3/5/2009,2Y,1.939
Th,3/5/2009,5Y,3.154
Th,3/5/2009,10Y,4.155
Fr,3/6/2009,2Y,1.976
Fr,3/6/2009,5Y,3.12
Fr,3/6/2009,10Y,4.155
Mo,3/9/2009,2Y,2.065
Mo,3/9/2009,5Y,3.308
Mo,3/9/2009,10Y,4.175
Tu,3/10/2009,2Y,2.106
Tu,3/10/2009,5Y,3.487
Tu,3/10/2009,10Y,4.304
We,3/11/2009,2Y,2.147
We,3/11/2009,5Y,3.507
We,3/11/2009,10Y,4.313
Th,3/12/2009,2Y,2.047
Th,3/12/2009,5Y,3.392
Th,3/12/2009,10Y,4.219
Fr,3/13/2009,2Y,2.037
Fr,3/13/2009,5Y,3.233
Fr,3/13/2009,10Y,4.212
Mo,3/16/2009,2Y,2.024
Mo,3/16/2009,5Y,3.244
Mo,3/16/2009,10Y,4.257
Tu,3/17/2009,2Y,2.016
Tu,3/17/2009,5Y,3.437
Tu,3/17/2009,10Y,4.309
We,3/18/2009,2Y,1.99
We,3/18/2009,5Y,3.47
We,3/18/2009,10Y,4.329
Th,3/19/2009,2Y,1.963
Th,3/19/2009,5Y,3.397
Th,3/19/2009,10Y,4.186
Fr,3/20/2009,2Y,1.889
Fr,3/20/2009,5Y,3.303
Fr,3/20/2009,10Y,4.078
Mo,3/23/2009,2Y,1.889
Mo,3/23/2009,5Y,3.306
Mo,3/23/2009,10Y,4.073
Tu,3/24/2009,2Y,1.933
Tu,3/24/2009,5Y,3.349
Tu,3/24/2009,10Y,4.143
We,3/25/2009,2Y,1.922
We,3/25/2009,5Y,3.33
We,3/25/2009,10Y,4.099
Th,3/26/2009,2Y,1.898
Th,3/26/2009,5Y,3.336
Th,3/26/2009,10Y,4.051
Fr,3/27/2009,2Y,1.838
Fr,3/27/2009,5Y,3.253
Fr,3/27/2009,10Y,4.055
Mo,3/30/2009,2Y,1.761
Mo,3/30/2009,5Y,3.154
Mo,3/30/2009,10Y,4.045
Tu,3/31/2009,2Y,1.732
Tu,3/31/2009,5Y,3.115
Tu,3/31/2009,10Y,4.042
We,4/1/2009,2Y,1.72
We,4/1/2009,5Y,3.092
We,4/1/2009,10Y,4.051
Th,4/2/2009,2Y,1.904
Th,4/2/2009,5Y,3.259
Th,4/2/2009,10Y,4.158
Fr,4/3/2009,2Y,1.882
Fr,4/3/2009,5Y,3.267
Fr,4/3/2009,10Y,4.149
Mo,4/6/2009,2Y,1.864
Mo,4/6/2009,5Y,3.094
Mo,4/6/2009,10Y,4.126
Tu,4/7/2009,2Y,1.804
Tu,4/7/2009,5Y,3.1
Tu,4/7/2009,10Y,4.127
We,4/8/2009,2Y,1.768
We,4/8/2009,5Y,3.076
We,4/8/2009,10Y,4.13
Th,4/9/2009,2Y,1.737
Th,4/9/2009,5Y,3.142
Th,4/9/2009,10Y,4.157
Fr,4/10/2009,2Y,1.762
Fr,4/10/2009,5Y,3.142
Fr,4/10/2009,10Y,4.136
Mo,4/13/2009,2Y,1.771
Mo,4/13/2009,5Y,3.142
Mo,4/13/2009,10Y,4.136
Tu,4/14/2009,2Y,1.719
Tu,4/14/2009,5Y,3.121
Tu,4/14/2009,10Y,4.111
We,4/15/2009,2Y,1.694
We,4/15/2009,5Y,3.091
We,4/15/2009,10Y,4.054
Th,4/16/2009,2Y,1.721
Th,4/16/2009,5Y,3.014
Th,4/16/2009,10Y,4.079
Fr,4/17/2009,2Y,1.81
Fr,4/17/2009,5Y,3.151
Fr,4/17/2009,10Y,4.149
Mo,4/20/2009,2Y,1.727
Mo,4/20/2009,5Y,3.057
Mo,4/20/2009,10Y,4.029
Tu,4/21/2009,2Y,1.747
Tu,4/21/2009,5Y,3.081
Tu,4/21/2009,10Y,4.038
We,4/22/2009,2Y,1.795
We,4/22/2009,5Y,3.105
We,4/22/2009,10Y,4.075
Th,4/23/2009,2Y,1.779
Th,4/23/2009,5Y,3.186
Th,4/23/2009,10Y,4.048
Fr,4/24/2009,2Y,1.722
Fr,4/24/2009,5Y,3.136
Fr,4/24/2009,10Y,4.018
Mo,4/27/2009,2Y,1.687
Mo,4/27/2009,5Y,3.108
Mo,4/27/2009,10Y,3.981
Tu,4/28/2009,2Y,1.655
Tu,4/28/2009,5Y,3.074
Tu,4/28/2009,10Y,4.003
We,4/29/2009,2Y,1.634
We,4/29/2009,5Y,3.058
We,4/29/2009,10Y,3.991
Th,4/30/2009,2Y,1.663
Th,4/30/2009,5Y,3.075
Th,4/30/2009,10Y,4.021
Fr,5/1/2009,2Y,1.671
Fr,5/1/2009,5Y,3.078
Fr,5/1/2009,10Y,4.011
Mo,5/4/2009,2Y,1.705
Mo,5/4/2009,5Y,3.136
Mo,5/4/2009,10Y,4.065
Tu,5/5/2009,2Y,1.674
Tu,5/5/2009,5Y,3.085
Tu,5/5/2009,10Y,3.994
We,5/6/2009,2Y,1.627
We,5/6/2009,5Y,3.055
We,5/6/2009,10Y,3.998
Th,5/7/2009,2Y,1.628
Th,5/7/2009,5Y,3.089
Th,5/7/2009,10Y,4.086
Fr,5/8/2009,2Y,1.472
Fr,5/8/2009,5Y,3.077
Fr,5/8/2009,10Y,4.113
Mo,5/11/2009,2Y,1.492
Mo,5/11/2009,5Y,3.048
Mo,5/11/2009,10Y,4.062
Tu,5/12/2009,2Y,1.526
Tu,5/12/2009,5Y,3.067
Tu,5/12/2009,10Y,4.093
We,5/13/2009,2Y,1.451
We,5/13/2009,5Y,2.997
We,5/13/2009,10Y,4.049
Th,5/14/2009,2Y,1.435
Th,5/14/2009,5Y,2.996
Th,5/14/2009,10Y,4.041
Fr,5/15/2009,2Y,1.433
Fr,5/15/2009,5Y,3.039
Fr,5/15/2009,10Y,4.077
Mo,5/18/2009,2Y,1.391
Mo,5/18/2009,5Y,3.03
Mo,5/18/2009,10Y,4.07
Tu,5/19/2009,2Y,1.438
Tu,5/19/2009,5Y,3.094
Tu,5/19/2009,10Y,4.113
We,5/20/2009,2Y,1.452
We,5/20/2009,5Y,3.114
We,5/20/2009,10Y,4.099
Th,5/21/2009,2Y,1.413
Th,5/21/2009,5Y,3.094
Th,5/21/2009,10Y,4.088
Fr,5/22/2009,2Y,1.417
Fr,5/22/2009,5Y,3.146
Fr,5/22/2009,10Y,4.164
Mo,5/25/2009,2Y,1.499
Mo,5/25/2009,5Y,3.211
Mo,5/25/2009,10Y,4.214
Tu,5/26/2009,2Y,1.494
Tu,5/26/2009,5Y,3.234
Tu,5/26/2009,10Y,4.232
We,5/27/2009,2Y,1.503
We,5/27/2009,5Y,3.254
We,5/27/2009,10Y,4.244
Th,5/28/2009,2Y,1.492
Th,5/28/2009,5Y,3.292
Th,5/28/2009,10Y,4.323
Fr,5/29/2009,2Y,1.424
Fr,5/29/2009,5Y,3.254
Fr,5/29/2009,10Y,4.31
Mo,6/1/2009,2Y,1.451
Mo,6/1/2009,5Y,3.313
Mo,6/1/2009,10Y,4.361
Tu,6/2/2009,2Y,1.402
Tu,6/2/2009,5Y,3.256
Tu,6/2/2009,10Y,4.347
We,6/3/2009,2Y,1.395
We,6/3/2009,5Y,3.209
We,6/3/2009,10Y,4.274
Th,6/4/2009,2Y,1.53
Th,6/4/2009,5Y,3.387
Th,6/4/2009,10Y,4.417
Fr,6/5/2009,2Y,1.663
Fr,6/5/2009,5Y,3.517
Fr,6/5/2009,10Y,4.487
Mo,6/8/2009,2Y,1.701
Mo,6/8/2009,5Y,3.528
Mo,6/8/2009,10Y,4.466
Tu,6/9/2009,2Y,1.628
Tu,6/9/2009,5Y,3.526
Tu,6/9/2009,10Y,4.444
We,6/10/2009,2Y,1.604
We,6/10/2009,5Y,3.519
We,6/10/2009,10Y,4.471
Th,6/11/2009,2Y,1.63
Th,6/11/2009,5Y,3.539
Th,6/11/2009,10Y,4.467
Fr,6/12/2009,2Y,1.584
Fr,6/12/2009,5Y,3.474
Fr,6/12/2009,10Y,4.417
Mo,6/15/2009,2Y,1.509
Mo,6/15/2009,5Y,3.367
Mo,6/15/2009,10Y,4.322
Tu,6/16/2009,2Y,1.487
Tu,6/16/2009,5Y,3.352
Tu,6/16/2009,10Y,4.319
We,6/17/2009,2Y,1.42
We,6/17/2009,5Y,3.299
We,6/17/2009,10Y,4.301
Th,6/18/2009,2Y,1.414
Th,6/18/2009,5Y,3.342
Th,6/18/2009,10Y,4.35
Fr,6/19/2009,2Y,1.352
Fr,6/19/2009,5Y,3.287
Fr,6/19/2009,10Y,4.302
Mo,6/22/2009,2Y,1.356
Mo,6/22/2009,5Y,3.263
Mo,6/22/2009,10Y,4.247
Tu,6/23/2009,2Y,1.37
Tu,6/23/2009,5Y,3.279
Tu,6/23/2009,10Y,4.26
We,6/24/2009,2Y,1.297
We,6/24/2009,5Y,3.218
We,6/24/2009,10Y,4.239
Th,6/25/2009,2Y,1.25
Th,6/25/2009,5Y,3.15
Th,6/25/2009,10Y,4.2
Fr,6/26/2009,2Y,1.261
Fr,6/26/2009,5Y,3.128
Fr,6/26/2009,10Y,4.174
Mo,6/29/2009,2Y,1.297
Mo,6/29/2009,5Y,3.137
Mo,6/29/2009,10Y,4.138
Tu,6/30/2009,2Y,1.303
Tu,6/30/2009,5Y,3.154
Tu,6/30/2009,10Y,4.139
We,7/1/2009,2Y,1.291
We,7/1/2009,5Y,3.158
We,7/1/2009,10Y,4.159
Th,7/2/2009,2Y,1.18
Th,7/2/2009,5Y,3.048
Th,7/2/2009,10Y,4.073
Fr,7/3/2009,2Y,1.195
Fr,7/3/2009,5Y,3.058
Fr,7/3/2009,10Y,4.076
Mo,7/6/2009,2Y,1.166
Mo,7/6/2009,5Y,3.024
Mo,7/6/2009,10Y,4.03
Tu,7/7/2009,2Y,1.173
Tu,7/7/2009,5Y,3.035
Tu,7/7/2009,10Y,4.042
We,7/8/2009,2Y,1.148
We,7/8/2009,5Y,3.042
We,7/8/2009,10Y,4.048
Th,7/9/2009,2Y,1.184
Th,7/9/2009,5Y,3.087
Th,7/9/2009,10Y,4.077
Fr,7/10/2009,2Y,1.157
Fr,7/10/2009,5Y,3.066
Fr,7/10/2009,10Y,4.045
Mo,7/13/2009,2Y,1.179
Mo,7/13/2009,5Y,3.073
Mo,7/13/2009,10Y,4.058
Tu,7/14/2009,2Y,1.216
Tu,7/14/2009,5Y,3.114
Tu,7/14/2009,10Y,4.095
We,7/15/2009,2Y,1.226
We,7/15/2009,5Y,3.15
We,7/15/2009,10Y,4.107
Th,7/16/2009,2Y,1.166
Th,7/16/2009,5Y,3.106
Th,7/16/2009,10Y,4.069
Fr,7/17/2009,2Y,1.199
Fr,7/17/2009,5Y,3.152
Fr,7/17/2009,10Y,4.116
Mo,7/20/2009,2Y,1.226
Mo,7/20/2009,5Y,3.138
Mo,7/20/2009,10Y,4.109
Tu,7/21/2009,2Y,1.159
Tu,7/21/2009,5Y,3.058
Tu,7/21/2009,10Y,4.045
We,7/22/2009,2Y,1.177
We,7/22/2009,5Y,3.043
We,7/22/2009,10Y,4.006
Th,7/23/2009,2Y,1.2
Th,7/23/2009,5Y,3.067
Th,7/23/2009,10Y,4.039
Fr,7/24/2009,2Y,1.22
Fr,7/24/2009,5Y,3.074
Fr,7/24/2009,10Y,4.024
Mo,7/27/2009,2Y,1.256
Mo,7/27/2009,5Y,3.063
Mo,7/27/2009,10Y,4.02
Tu,7/28/2009,2Y,1.217
Tu,7/28/2009,5Y,2.996
Tu,7/28/2009,10Y,3.941
We,7/29/2009,2Y,1.212
We,7/29/2009,5Y,2.968
We,7/29/2009,10Y,3.909
Th,7/30/2009,2Y,1.197
Th,7/30/2009,5Y,2.955
Th,7/30/2009,10Y,3.897
Fr,7/31/2009,2Y,1.131
Fr,7/31/2009,5Y,2.844
Fr,7/31/2009,10Y,3.773
Mo,8/3/2009,2Y,1.197
Mo,8/3/2009,5Y,2.91
Mo,8/3/2009,10Y,3.812
Tu,8/4/2009,2Y,1.228
Tu,8/4/2009,5Y,2.932
Tu,8/4/2009,10Y,3.812
We,8/5/2009,2Y,1.262
We,8/5/2009,5Y,2.949
We,8/5/2009,10Y,3.791
Th,8/6/2009,2Y,1.295
Th,8/6/2009,5Y,2.993
Th,8/6/2009,10Y,3.823
Fr,8/7/2009,2Y,1.388
Fr,8/7/2009,5Y,3.106
Fr,8/7/2009,10Y,3.912
Mo,8/10/2009,2Y,1.345
Mo,8/10/2009,5Y,3.039
Mo,8/10/2009,10Y,3.821
Tu,8/11/2009,2Y,1.276
Tu,8/11/2009,5Y,2.976
Tu,8/11/2009,10Y,3.794
We,8/12/2009,2Y,1.231
We,8/12/2009,5Y,2.975
We,8/12/2009,10Y,3.834
Th,8/13/2009,2Y,1.162
Th,8/13/2009,5Y,2.915
Th,8/13/2009,10Y,3.803
Fr,8/14/2009,2Y,1.11
Fr,8/14/2009,5Y,2.834
Fr,8/14/2009,10Y,3.721
Mo,8/17/2009,2Y,1.128
Mo,8/17/2009,5Y,2.83
Mo,8/17/2009,10Y,3.72
Tu,8/18/2009,2Y,1.134
Tu,8/18/2009,5Y,2.828
Tu,8/18/2009,10Y,3.725
We,8/19/2009,2Y,1.113
We,8/19/2009,5Y,2.799
We,8/19/2009,10Y,3.713
Th,8/20/2009,2Y,1.1
Th,8/20/2009,5Y,2.791
Th,8/20/2009,10Y,3.71
Fr,8/21/2009,2Y,1.168
Fr,8/21/2009,5Y,2.865
Fr,8/21/2009,10Y,3.74
Mo,8/24/2009,2Y,1.118
Mo,8/24/2009,5Y,2.842
Mo,8/24/2009,10Y,3.735
Tu,8/25/2009,2Y,1.098
Tu,8/25/2009,5Y,2.799
Tu,8/25/2009,10Y,3.699
We,8/26/2009,2Y,1.071
We,8/26/2009,5Y,2.768
We,8/26/2009,10Y,3.685
Th,8/27/2009,2Y,1.059
Th,8/27/2009,5Y,2.771
Th,8/27/2009,10Y,3.691
Fr,8/28/2009,2Y,1.05
Fr,8/28/2009,5Y,2.783
Fr,8/28/2009,10Y,3.71
Mo,8/31/2009,2Y,1.043
Mo,8/31/2009,5Y,2.812
Mo,8/31/2009,10Y,3.729
Tu,9/1/2009,2Y,1.004
Tu,9/1/2009,5Y,2.795
Tu,9/1/2009,10Y,3.769
We,9/2/2009,2Y,1.013
We,9/2/2009,5Y,2.804
We,9/2/2009,10Y,3.784
Th,9/3/2009,2Y,0.964
Th,9/3/2009,5Y,2.802
Th,9/3/2009,10Y,3.825
Fr,9/4/2009,2Y,0.948
Fr,9/4/2009,5Y,2.8
Fr,9/4/2009,10Y,3.801
Mo,9/7/2009,2Y,0.91
Mo,9/7/2009,5Y,2.786
Mo,9/7/2009,10Y,3.805
Tu,9/8/2009,2Y,0.907
Tu,9/8/2009,5Y,2.783
Tu,9/8/2009,10Y,3.844
We,9/9/2009,2Y,0.948
We,9/9/2009,5Y,2.808
We,9/9/2009,10Y,3.854
Th,9/10/2009,2Y,0.895
Th,9/10/2009,5Y,2.724
Th,9/10/2009,10Y,3.781
Fr,9/11/2009,2Y,0.886
Fr,9/11/2009,5Y,2.666
Fr,9/11/2009,10Y,3.703
Mo,9/14/2009,2Y,0.917
Mo,9/14/2009,5Y,2.699
Mo,9/14/2009,10Y,3.725
Tu,9/15/2009,2Y,0.958
Tu,9/15/2009,5Y,2.71
Tu,9/15/2009,10Y,3.72
We,9/16/2009,2Y,0.95
We,9/16/2009,5Y,2.732
We,9/16/2009,10Y,3.731
Th,9/17/2009,2Y,0.976
Th,9/17/2009,5Y,2.74
Th,9/17/2009,10Y,3.745
Fr,9/18/2009,2Y,0.975
Fr,9/18/2009,5Y,2.749
Fr,9/18/2009,10Y,3.751
Mo,9/21/2009,2Y,0.972
Mo,9/21/2009,5Y,2.735
Mo,9/21/2009,10Y,3.756
Tu,9/22/2009,2Y,0.96
Tu,9/22/2009,5Y,2.729
Tu,9/22/2009,10Y,3.757
We,9/23/2009,2Y,0.941
We,9/23/2009,5Y,2.706
We,9/23/2009,10Y,3.744
Th,9/24/2009,2Y,0.885
Th,9/24/2009,5Y,2.615
Th,9/24/2009,10Y,3.676
Fr,9/25/2009,2Y,0.905
Fr,9/25/2009,5Y,2.593
Fr,9/25/2009,10Y,3.649
Mo,9/28/2009,2Y,0.906
Mo,9/28/2009,5Y,2.596
Mo,9/28/2009,10Y,3.647
Tu,9/29/2009,2Y,0.946
Tu,9/29/2009,5Y,2.611
Tu,9/29/2009,10Y,3.633
We,9/30/2009,2Y,0.956
We,9/30/2009,5Y,2.641
We,9/30/2009,10Y,3.667
Th,10/1/2009,2Y,0.943
Th,10/1/2009,5Y,2.624
Th,10/1/2009,10Y,3.654
Fr,10/2/2009,2Y,0.93
Fr,10/2/2009,5Y,2.603
Fr,10/2/2009,10Y,3.613
Mo,10/5/2009,2Y,0.918
Mo,10/5/2009,5Y,2.599
Mo,10/5/2009,10Y,3.603
Tu,10/6/2009,2Y,0.939
Tu,10/6/2009,5Y,2.627
Tu,10/6/2009,10Y,3.629
We,10/7/2009,2Y,0.949
We,10/7/2009,5Y,2.59
We,10/7/2009,10Y,3.6
Th,10/8/2009,2Y,0.979
Th,10/8/2009,5Y,2.596
Th,10/8/2009,10Y,3.59
Fr,10/9/2009,2Y,1.078
Fr,10/9/2009,5Y,2.693
Fr,10/9/2009,10Y,3.658
Mo,10/12/2009,2Y,1.034
Mo,10/12/2009,5Y,2.669
Mo,10/12/2009,10Y,3.629
Tu,10/13/2009,2Y,1.014
Tu,10/13/2009,5Y,2.654
Tu,10/13/2009,10Y,3.633
We,10/14/2009,2Y,1.052
We,10/14/2009,5Y,2.707
We,10/14/2009,10Y,3.69
Th,10/15/2009,2Y,1.091
Th,10/15/2009,5Y,2.765
Th,10/15/2009,10Y,3.764
Fr,10/16/2009,2Y,1.094
Fr,10/16/2009,5Y,2.776
Fr,10/16/2009,10Y,3.734
Mo,10/19/2009,2Y,1.099
Mo,10/19/2009,5Y,2.756
Mo,10/19/2009,10Y,3.727
Tu,10/20/2009,2Y,1.061
Tu,10/20/2009,5Y,2.686
Tu,10/20/2009,10Y,3.654
We,10/21/2009,2Y,1.088
We,10/21/2009,5Y,2.716
We,10/21/2009,10Y,3.694
Th,10/22/2009,2Y,1.02
Th,10/22/2009,5Y,2.689
Th,10/22/2009,10Y,3.672
Fr,10/23/2009,2Y,1.02
Fr,10/23/2009,5Y,2.714
Fr,10/23/2009,10Y,3.695
Mo,10/26/2009,2Y,1.02
Mo,10/26/2009,5Y,2.721
Mo,10/26/2009,10Y,3.69
Tu,10/27/2009,2Y,1.02
Tu,10/27/2009,5Y,2.636
Tu,10/27/2009,10Y,3.609
We,10/28/2009,2Y,1.02
We,10/28/2009,5Y,2.611
We,10/28/2009,10Y,3.591
Th,10/29/2009,2Y,1.02
Th,10/29/2009,5Y,2.686
Th,10/29/2009,10Y,3.672
Fr,10/30/2009,2Y,1.02
Fr,10/30/2009,5Y,2.61
Fr,10/30/2009,10Y,3.58
Mo,11/2/2009,2Y,1.02
Mo,11/2/2009,5Y,2.601
Mo,11/2/2009,10Y,3.577
Tu,11/3/2009,2Y,1.02
Tu,11/3/2009,5Y,2.605
Tu,11/3/2009,10Y,3.603
We,11/4/2009,2Y,1.02
We,11/4/2009,5Y,2.64
We,11/4/2009,10Y,3.639
Th,11/5/2009,2Y,1.02
Th,11/5/2009,5Y,2.652
Th,11/5/2009,10Y,3.661
Fr,11/6/2009,2Y,1.02
Fr,11/6/2009,5Y,2.659
Fr,11/6/2009,10Y,3.683
Mo,11/9/2009,2Y,1.02
Mo,11/9/2009,5Y,2.607
Mo,11/9/2009,10Y,3.637
Tu,11/10/2009,2Y,1.02
Tu,11/10/2009,5Y,2.589
Tu,11/10/2009,10Y,3.589
We,11/11/2009,2Y,1.02
We,11/11/2009,5Y,2.594
We,11/11/2009,10Y,3.602
Th,11/12/2009,2Y,1.02
Th,11/12/2009,5Y,2.593
Th,11/12/2009,10Y,3.63
Fr,11/13/2009,2Y,1.02
Fr,11/13/2009,5Y,2.593
Fr,11/13/2009,10Y,3.66
Mo,11/16/2009,2Y,1.02
Mo,11/16/2009,5Y,2.574
Mo,11/16/2009,10Y,3.63
Tu,11/17/2009,2Y,1.02
Tu,11/17/2009,5Y,2.553
Tu,11/17/2009,10Y,3.583
We,11/18/2009,2Y,1.02
We,11/18/2009,5Y,2.558
We,11/18/2009,10Y,3.597
Th,11/19/2009,2Y,1.02
Th,11/19/2009,5Y,2.573
Th,11/19/2009,10Y,3.606
Fr,11/20/2009,2Y,1.02
Fr,11/20/2009,5Y,2.613
Fr,11/20/2009,10Y,3.627
Mo,11/23/2009,2Y,1.02
Mo,11/23/2009,5Y,2.638
Mo,11/23/2009,10Y,3.634
Tu,11/24/2009,2Y,1.02
Tu,11/24/2009,5Y,2.603
Tu,11/24/2009,10Y,3.601
We,11/25/2009,2Y,1.02
We,11/25/2009,5Y,2.609
We,11/25/2009,10Y,3.594
Th,11/26/2009,2Y,1.02
Th,11/26/2009,5Y,2.513
Th,11/26/2009,10Y,3.523
Fr,11/27/2009,2Y,1.02
Fr,11/27/2009,5Y,2.525
Fr,11/27/2009,10Y,3.538
Mo,11/30/2009,2Y,1.02
Mo,11/30/2009,5Y,2.515
Mo,11/30/2009,10Y,3.518
Tu,12/1/2009,2Y,1.02
Tu,12/1/2009,5Y,2.497
Tu,12/1/2009,10Y,3.5
We,12/2/2009,2Y,1.02
We,12/2/2009,5Y,2.501
We,12/2/2009,10Y,3.505
Th,12/3/2009,2Y,1.02
Th,12/3/2009,5Y,2.539
Th,12/3/2009,10Y,3.518
Fr,12/4/2009,2Y,1.02
Fr,12/4/2009,5Y,2.603
Fr,12/4/2009,10Y,3.566
Mo,12/7/2009,2Y,1.02
Mo,12/7/2009,5Y,2.554
Mo,12/7/2009,10Y,3.512
Tu,12/8/2009,2Y,1.02
Tu,12/8/2009,5Y,2.491
Tu,12/8/2009,10Y,3.498
We,12/9/2009,2Y,1.02
We,12/9/2009,5Y,2.498
We,12/9/2009,10Y,3.507
Th,12/10/2009,2Y,1.02
Th,12/10/2009,5Y,2.548
Th,12/10/2009,10Y,3.537
Fr,12/11/2009,2Y,1.02
Fr,12/11/2009,5Y,2.551
Fr,12/11/2009,10Y,3.549
Mo,12/14/2009,2Y,1.02
Mo,12/14/2009,5Y,2.531
Mo,12/14/2009,10Y,3.519
Tu,12/15/2009,2Y,1.02
Tu,12/15/2009,5Y,2.591
Tu,12/15/2009,10Y,3.603
We,12/16/2009,2Y,1.02
We,12/16/2009,5Y,2.527
We,12/16/2009,10Y,3.542
Th,12/17/2009,2Y,1.02
Th,12/17/2009,5Y,2.476
Th,12/17/2009,10Y,3.498
Fr,12/18/2009,2Y,1.02
Fr,12/18/2009,5Y,2.501
Fr,12/18/2009,10Y,3.546
Mo,12/21/2009,2Y,1.02
Mo,12/21/2009,5Y,2.544
Mo,12/21/2009,10Y,3.611
Tu,12/22/2009,2Y,1.02
Tu,12/22/2009,5Y,2.564
Tu,12/22/2009,10Y,3.623
We,12/23/2009,2Y,1.02
We,12/23/2009,5Y,2.585
We,12/23/2009,10Y,3.645
Th,12/24/2009,2Y,1.02
Th,12/24/2009,5Y,2.588
Th,12/24/2009,10Y,3.651
Fr,12/25/2009,2Y,1.02
Fr,12/25/2009,5Y,2.586
Fr,12/25/2009,10Y,3.651
Mo,12/28/2009,2Y,1.02
Mo,12/28/2009,5Y,2.623
Mo,12/28/2009,10Y,3.678
Tu,12/29/2009,2Y,1.02
Tu,12/29/2009,5Y,2.646
Tu,12/29/2009,10Y,3.689
We,12/30/2009,2Y,1.02
We,12/30/2009,5Y,2.685
We,12/30/2009,10Y,3.71
Th,12/31/2009,2Y,1.02
Th,12/31/2009,5Y,2.688
Th,12/31/2009,10Y,3.717
Fr,1/1/2010,2Y,1.02
Fr,1/1/2010,5Y,2.689
Fr,1/1/2010,10Y,3.71
Mo,1/4/2010,2Y,1.02
Mo,1/4/2010,5Y,2.681
Mo,1/4/2010,10Y,3.714
Tu,1/5/2010,2Y,1.02
Tu,1/5/2010,5Y,2.659
Tu,1/5/2010,10Y,3.705
We,1/6/2010,2Y,1.739
We,1/6/2010,5Y,2.94
We,1/6/2010,10Y,3.875
Th,1/7/2010,2Y,1.707
Th,1/7/2010,5Y,2.9
Th,1/7/2010,10Y,3.821
Fr,1/8/2010,2Y,1.672
Fr,1/8/2010,5Y,2.886
Fr,1/8/2010,10Y,3.805
Mo,1/11/2010,2Y,1.641
Mo,1/11/2010,5Y,2.863
Mo,1/11/2010,10Y,3.772
Tu,1/12/2010,2Y,1.607
Tu,1/12/2010,5Y,2.84
Tu,1/12/2010,10Y,3.745
We,1/13/2010,2Y,1.618
We,1/13/2010,5Y,2.811
We,1/13/2010,10Y,3.747
Th,1/14/2010,2Y,1.632
Th,1/14/2010,5Y,2.808
Th,1/14/2010,10Y,3.761
Fr,1/15/2010,2Y,1.61
Fr,1/15/2010,5Y,2.796
Fr,1/15/2010,10Y,3.739
Mo,1/18/2010,2Y,1.627
Mo,1/18/2010,5Y,2.789
Mo,1/18/2010,10Y,3.726
Tu,1/19/2010,2Y,1.64
Tu,1/19/2010,5Y,2.798
Tu,1/19/2010,10Y,3.733
We,1/20/2010,2Y,1.603
We,1/20/2010,5Y,2.736
We,1/20/2010,10Y,3.692
Th,1/21/2010,2Y,1.6
Th,1/21/2010,5Y,2.715
Th,1/21/2010,10Y,3.678
Fr,1/22/2010,2Y,1.594
Fr,1/22/2010,5Y,2.718
Fr,1/22/2010,10Y,3.688
Mo,1/25/2010,2Y,1.59
Mo,1/25/2010,5Y,2.706
Mo,1/25/2010,10Y,3.668
Tu,1/26/2010,2Y,1.573
Tu,1/26/2010,5Y,2.682
Tu,1/26/2010,10Y,3.654
We,1/27/2010,2Y,1.569
We,1/27/2010,5Y,2.689
We,1/27/2010,10Y,3.659
Th,1/28/2010,2Y,1.576
Th,1/28/2010,5Y,2.709
Th,1/28/2010,10Y,3.683
Fr,1/29/2010,2Y,1.569
Fr,1/29/2010,5Y,2.691
Fr,1/29/2010,10Y,3.669
Mo,2/1/2010,2Y,1.573
Mo,2/1/2010,5Y,2.677
Mo,2/1/2010,10Y,3.654
Tu,2/2/2010,2Y,1.578
Tu,2/2/2010,5Y,2.669
Tu,2/2/2010,10Y,3.663
We,2/3/2010,2Y,1.582
We,2/3/2010,5Y,2.681
We,2/3/2010,10Y,3.697
Th,2/4/2010,2Y,1.543
Th,2/4/2010,5Y,2.641
Th,2/4/2010,10Y,3.669
Fr,2/5/2010,2Y,1.559
Fr,2/5/2010,5Y,2.61
Fr,2/5/2010,10Y,3.662
Mo,2/8/2010,2Y,1.564
Mo,2/8/2010,5Y,2.649
Mo,2/8/2010,10Y,3.694
Tu,2/9/2010,2Y,1.569
Tu,2/9/2010,5Y,2.625
Tu,2/9/2010,10Y,3.639
We,2/10/2010,2Y,1.536
We,2/10/2010,5Y,2.619
We,2/10/2010,10Y,3.639
Th,2/11/2010,2Y,1.474
Th,2/11/2010,5Y,2.623
Th,2/11/2010,10Y,3.64
Fr,2/12/2010,2Y,1.418
Fr,2/12/2010,5Y,2.571
Fr,2/12/2010,10Y,3.62
Mo,2/15/2010,2Y,1.427
Mo,2/15/2010,5Y,2.582
Mo,2/15/2010,10Y,3.642
Tu,2/16/2010,2Y,1.437
Tu,2/16/2010,5Y,2.586
Tu,2/16/2010,10Y,3.648
We,2/17/2010,2Y,1.409
We,2/17/2010,5Y,2.577
We,2/17/2010,10Y,3.635
Th,2/18/2010,2Y,1.424
Th,2/18/2010,5Y,2.622
Th,2/18/2010,10Y,3.683
Fr,2/19/2010,2Y,1.437
Fr,2/19/2010,5Y,2.655
Fr,2/19/2010,10Y,3.712
Mo,2/22/2010,2Y,1.424
Mo,2/22/2010,5Y,2.646
Mo,2/22/2010,10Y,3.69
Tu,2/23/2010,2Y,1.358
Tu,2/23/2010,5Y,2.542
Tu,2/23/2010,10Y,3.591
We,2/24/2010,2Y,1.334
We,2/24/2010,5Y,2.525
We,2/24/2010,10Y,3.572
Th,2/25/2010,2Y,1.3
Th,2/25/2010,5Y,2.522
Th,2/25/2010,10Y,3.568
Fr,2/26/2010,2Y,1.305
Fr,2/26/2010,5Y,2.517
Fr,2/26/2010,10Y,3.548
Mo,3/1/2010,2Y,1.27
Mo,3/1/2010,5Y,2.494
Mo,3/1/2010,10Y,3.535
Tu,3/2/2010,2Y,1.256
Tu,3/2/2010,5Y,2.491
Tu,3/2/2010,10Y,3.541
We,3/3/2010,2Y,1.265
We,3/3/2010,5Y,2.505
We,3/3/2010,10Y,3.561
Th,3/4/2010,2Y,1.264
Th,3/4/2010,5Y,2.494
Th,3/4/2010,10Y,3.549
Fr,3/5/2010,2Y,1.288
Fr,3/5/2010,5Y,2.527
Fr,3/5/2010,10Y,3.575
Mo,3/8/2010,2Y,1.283
Mo,3/8/2010,5Y,2.537
Mo,3/8/2010,10Y,3.583
Tu,3/9/2010,2Y,1.273
Tu,3/9/2010,5Y,2.491
Tu,3/9/2010,10Y,3.539
We,3/10/2010,2Y,1.299
We,3/10/2010,5Y,2.493
We,3/10/2010,10Y,3.544
Th,3/11/2010,2Y,1.324
Th,3/11/2010,5Y,2.522
Th,3/11/2010,10Y,3.557
Fr,3/12/2010,2Y,1.333
Fr,3/12/2010,5Y,2.514
Fr,3/12/2010,10Y,3.542
Mo,3/15/2010,2Y,1.308
Mo,3/15/2010,5Y,2.493
Mo,3/15/2010,10Y,3.525
Tu,3/16/2010,2Y,1.281
Tu,3/16/2010,5Y,2.471
Tu,3/16/2010,10Y,3.498
We,3/17/2010,2Y,1.242
We,3/17/2010,5Y,2.44
We,3/17/2010,10Y,3.485
Th,3/18/2010,2Y,1.27
Th,3/18/2010,5Y,2.483
Th,3/18/2010,10Y,3.509
Fr,3/19/2010,2Y,1.28
Fr,3/19/2010,5Y,2.492
Fr,3/19/2010,10Y,3.494
Mo,3/22/2010,2Y,1.255
Mo,3/22/2010,5Y,2.468
Mo,3/22/2010,10Y,3.454
Tu,3/23/2010,2Y,1.229
Tu,3/23/2010,5Y,2.454
Tu,3/23/2010,10Y,3.434
We,3/24/2010,2Y,1.227
We,3/24/2010,5Y,2.478
We,3/24/2010,10Y,3.462
Th,3/25/2010,2Y,1.233
Th,3/25/2010,5Y,2.519
Th,3/25/2010,10Y,3.527
Fr,3/26/2010,2Y,1.229
Fr,3/26/2010,5Y,2.515
Fr,3/26/2010,10Y,3.513
Mo,3/29/2010,2Y,1.204
Mo,3/29/2010,5Y,2.49
Mo,3/29/2010,10Y,3.494
Tu,3/30/2010,2Y,1.197
Tu,3/30/2010,5Y,2.477
Tu,3/30/2010,10Y,3.481
We,3/31/2010,2Y,1.182
We,3/31/2010,5Y,2.456
We,3/31/2010,10Y,3.461
Th,4/1/2010,2Y,1.176
Th,4/1/2010,5Y,2.455
Th,4/1/2010,10Y,3.453
Fr,4/2/2010,2Y,1.178
Fr,4/2/2010,5Y,2.452
Fr,4/2/2010,10Y,3.451
Mo,4/5/2010,2Y,1.171
Mo,4/5/2010,5Y,2.461
Mo,4/5/2010,10Y,3.459
Tu,4/6/2010,2Y,1.212
Tu,4/6/2010,5Y,2.519
Tu,4/6/2010,10Y,3.521
We,4/7/2010,2Y,1.177
We,4/7/2010,5Y,2.485
We,4/7/2010,10Y,3.504
Th,4/8/2010,2Y,1.145
Th,4/8/2010,5Y,2.458
Th,4/8/2010,10Y,3.491
Fr,4/9/2010,2Y,1.191
Fr,4/9/2010,5Y,2.505
Fr,4/9/2010,10Y,3.517
Mo,4/12/2010,2Y,1.204
Mo,4/12/2010,5Y,2.506
Mo,4/12/2010,10Y,3.497
Tu,4/13/2010,2Y,1.182
Tu,4/13/2010,5Y,2.48
Tu,4/13/2010,10Y,3.47
We,4/14/2010,2Y,1.16
We,4/14/2010,5Y,2.457
We,4/14/2010,10Y,3.462
Th,4/15/2010,2Y,1.147
Th,4/15/2010,5Y,2.456
Th,4/15/2010,10Y,3.458
Fr,4/16/2010,2Y,1.101
Fr,4/16/2010,5Y,2.4
Fr,4/16/2010,10Y,3.426
Mo,4/19/2010,2Y,1.099
Mo,4/19/2010,5Y,2.412
Mo,4/19/2010,10Y,3.437
Tu,4/20/2010,2Y,1.113
Tu,4/20/2010,5Y,2.431
Tu,4/20/2010,10Y,3.453
We,4/21/2010,2Y,1.101
We,4/21/2010,5Y,2.419
We,4/21/2010,10Y,3.443
Th,4/22/2010,2Y,1.098
Th,4/22/2010,5Y,2.438
Th,4/22/2010,10Y,3.452
Fr,4/23/2010,2Y,1.133
Fr,4/23/2010,5Y,2.455
Fr,4/23/2010,10Y,3.449
Mo,4/26/2010,2Y,1.116
Mo,4/26/2010,5Y,2.452
Mo,4/26/2010,10Y,3.453
Tu,4/27/2010,2Y,1.061
Tu,4/27/2010,5Y,2.423
Tu,4/27/2010,10Y,3.432
We,4/28/2010,2Y,1.067
We,4/28/2010,5Y,2.427
We,4/28/2010,10Y,3.456
Th,4/29/2010,2Y,1.059
Th,4/29/2010,5Y,2.434
Th,4/29/2010,10Y,3.443
Fr,4/30/2010,2Y,1.03
Fr,4/30/2010,5Y,2.389
Fr,4/30/2010,10Y,3.384
Mo,5/3/2010,2Y,1.071
Mo,5/3/2010,5Y,2.432
Mo,5/3/2010,10Y,3.414
Tu,5/4/2010,2Y,0.965
Tu,5/4/2010,5Y,2.309
Tu,5/4/2010,10Y,3.325
We,5/5/2010,2Y,0.866
We,5/5/2010,5Y,2.226
We,5/5/2010,10Y,3.247
Th,5/6/2010,2Y,0.812
Th,5/6/2010,5Y,2.151
Th,5/6/2010,10Y,3.235
Fr,5/7/2010,2Y,0.861
Fr,5/7/2010,5Y,2.206
Fr,5/7/2010,10Y,3.294
Mo,5/10/2010,2Y,0.901
Mo,5/10/2010,5Y,2.264
Mo,5/10/2010,10Y,3.372
Tu,5/11/2010,2Y,0.879
Tu,5/11/2010,5Y,2.242
Tu,5/11/2010,10Y,3.346
We,5/12/2010,2Y,0.873
We,5/12/2010,5Y,2.229
We,5/12/2010,10Y,3.341
Th,5/13/2010,2Y,0.838
Th,5/13/2010,5Y,2.199
Th,5/13/2010,10Y,3.329
Fr,5/14/2010,2Y,0.784
Fr,5/14/2010,5Y,2.11
Fr,5/14/2010,10Y,3.259
Mo,5/17/2010,2Y,0.797
Mo,5/17/2010,5Y,2.127
Mo,5/17/2010,10Y,3.253
Tu,5/18/2010,2Y,0.774
Tu,5/18/2010,5Y,2.078
Tu,5/18/2010,10Y,3.191
We,5/19/2010,2Y,0.696
We,5/19/2010,5Y,2.02
We,5/19/2010,10Y,3.112
Th,5/20/2010,2Y,0.655
Th,5/20/2010,5Y,1.939
Th,5/20/2010,10Y,3.026
Fr,5/21/2010,2Y,0.681
Fr,5/21/2010,5Y,1.949
Fr,5/21/2010,10Y,3.008
Mo,5/24/2010,2Y,0.687
Mo,5/24/2010,5Y,1.939
Mo,5/24/2010,10Y,2.999
Tu,5/25/2010,2Y,0.647
Tu,5/25/2010,5Y,1.867
Tu,5/25/2010,10Y,2.937
We,5/26/2010,2Y,0.67
We,5/26/2010,5Y,1.926
We,5/26/2010,10Y,3.004
Th,5/27/2010,2Y,0.708
Th,5/27/2010,5Y,1.998
Th,5/27/2010,10Y,3.053
Fr,5/28/2010,2Y,0.699
Fr,5/28/2010,5Y,1.993
Fr,5/28/2010,10Y,3.03
Mo,5/31/2010,2Y,0.705
Mo,5/31/2010,5Y,1.981
Mo,5/31/2010,10Y,3.011
Tu,6/1/2010,2Y,0.7
Tu,6/1/2010,5Y,1.992
Tu,6/1/2010,10Y,3.066
We,6/2/2010,2Y,0.727
We,6/2/2010,5Y,2.013
We,6/2/2010,10Y,3.077
Th,6/3/2010,2Y,0.748
Th,6/3/2010,5Y,2.045
Th,6/3/2010,10Y,3.152
Fr,6/4/2010,2Y,0.85
Fr,6/4/2010,5Y,2.119
Fr,6/4/2010,10Y,3.258
Mo,6/7/2010,2Y,0.953
Mo,6/7/2010,5Y,2.266
Mo,6/7/2010,10Y,3.415
Tu,6/8/2010,2Y,0.961
Tu,6/8/2010,5Y,2.245
Tu,6/8/2010,10Y,3.351
We,6/9/2010,2Y,0.835
We,6/9/2010,5Y,2.16
We,6/9/2010,10Y,3.296
Th,6/10/2010,2Y,0.796
Th,6/10/2010,5Y,2.088
Th,6/10/2010,10Y,3.225
Fr,6/11/2010,2Y,0.748
Fr,6/11/2010,5Y,2.004
Fr,6/11/2010,10Y,3.097
Mo,6/14/2010,2Y,0.778
Mo,6/14/2010,5Y,2.075
Mo,6/14/2010,10Y,3.163
Tu,6/15/2010,2Y,0.835
Tu,6/15/2010,5Y,2.099
Tu,6/15/2010,10Y,3.192
We,6/16/2010,2Y,0.827
We,6/16/2010,5Y,2.117
We,6/16/2010,10Y,3.188
Th,6/17/2010,2Y,0.844
Th,6/17/2010,5Y,2.115
Th,6/17/2010,10Y,3.155
Fr,6/18/2010,2Y,0.866
Fr,6/18/2010,5Y,2.154
Fr,6/18/2010,10Y,3.195
Mo,6/21/2010,2Y,0.883
Mo,6/21/2010,5Y,2.174
Mo,6/21/2010,10Y,3.188
Tu,6/22/2010,2Y,0.835
Tu,6/22/2010,5Y,2.121
Tu,6/22/2010,10Y,3.139
We,6/23/2010,2Y,0.847
We,6/23/2010,5Y,2.106
We,6/23/2010,10Y,3.139
Th,6/24/2010,2Y,0.787
Th,6/24/2010,5Y,2.023
Th,6/24/2010,10Y,3.09
Fr,6/25/2010,2Y,0.834
Fr,6/25/2010,5Y,2.054
Fr,6/25/2010,10Y,3.118
Mo,6/28/2010,2Y,0.862
Mo,6/28/2010,5Y,2.055
Mo,6/28/2010,10Y,3.124
Tu,6/29/2010,2Y,0.839
Tu,6/29/2010,5Y,2.044
Tu,6/29/2010,10Y,3.134
We,6/30/2010,2Y,0.862
We,6/30/2010,5Y,2.066
We,6/30/2010,10Y,3.16
Th,7/1/2010,2Y,0.926
Th,7/1/2010,5Y,2.05
Th,7/1/2010,10Y,3.123
Fr,7/2/2010,2Y,0.913
Fr,7/2/2010,5Y,2.009
Fr,7/2/2010,10Y,3.107
Mo,7/5/2010,2Y,0.822
Mo,7/5/2010,5Y,1.93
Mo,7/5/2010,10Y,3.032
Tu,7/6/2010,2Y,0.804
Tu,7/6/2010,5Y,1.965
Tu,7/6/2010,10Y,2.999
We,7/7/2010,2Y,0.816
We,7/7/2010,5Y,1.977
We,7/7/2010,10Y,3.023
Th,7/8/2010,2Y,0.83
Th,7/8/2010,5Y,1.989
Th,7/8/2010,10Y,3.029
Fr,7/9/2010,2Y,0.878
Fr,7/9/2010,5Y,1.987
Fr,7/9/2010,10Y,3.016
Mo,7/12/2010,2Y,0.812
Mo,7/12/2010,5Y,1.933
Mo,7/12/2010,10Y,2.974
Tu,7/13/2010,2Y,0.852
Tu,7/13/2010,5Y,1.97
Tu,7/13/2010,10Y,3.014
We,7/14/2010,2Y,0.915
We,7/14/2010,5Y,2.011
We,7/14/2010,10Y,3.034
Th,7/15/2010,2Y,0.923
Th,7/15/2010,5Y,2.022
Th,7/15/2010,10Y,3.025
Fr,7/16/2010,2Y,0.898
Fr,7/16/2010,5Y,1.976
Fr,7/16/2010,10Y,2.97
Mo,7/19/2010,2Y,0.96
Mo,7/19/2010,5Y,2.06
Mo,7/19/2010,10Y,3.024
Tu,7/20/2010,2Y,0.916
Tu,7/20/2010,5Y,2.035
Tu,7/20/2010,10Y,3.002
We,7/21/2010,2Y,0.868
We,7/21/2010,5Y,2.013
We,7/21/2010,10Y,3.005
Th,7/22/2010,2Y,0.853
Th,7/22/2010,5Y,2.023
Th,7/22/2010,10Y,3.037
Fr,7/23/2010,2Y,0.902
Fr,7/23/2010,5Y,2.077
Fr,7/23/2010,10Y,3.061
Mo,7/26/2010,2Y,0.937
Mo,7/26/2010,5Y,2.131
Mo,7/26/2010,10Y,3.11
Tu,7/27/2010,2Y,0.986
Tu,7/27/2010,5Y,2.14
Tu,7/27/2010,10Y,3.104
We,7/28/2010,2Y,0.966
We,7/28/2010,5Y,2.106
We,7/28/2010,10Y,3.1
Th,7/29/2010,2Y,0.969
Th,7/29/2010,5Y,2.085
Th,7/29/2010,10Y,3.095
Fr,7/30/2010,2Y,0.984
Fr,7/30/2010,5Y,2.068
Fr,7/30/2010,10Y,3.076
Mo,8/2/2010,2Y,0.974
Mo,8/2/2010,5Y,2.101
Mo,8/2/2010,10Y,3.097
Tu,8/3/2010,2Y,0.921
Tu,8/3/2010,5Y,2.005
Tu,8/3/2010,10Y,2.989
We,8/4/2010,2Y,0.938
We,8/4/2010,5Y,2
We,8/4/2010,10Y,2.991
Th,8/5/2010,2Y,0.934
Th,8/5/2010,5Y,1.958
Th,8/5/2010,10Y,2.933
Fr,8/6/2010,2Y,0.91
Fr,8/6/2010,5Y,1.916
Fr,8/6/2010,10Y,2.869
Mo,8/9/2010,2Y,0.909
Mo,8/9/2010,5Y,1.902
Mo,8/9/2010,10Y,2.873
Tu,8/10/2010,2Y,0.9
Tu,8/10/2010,5Y,1.893
Tu,8/10/2010,10Y,2.891
We,8/11/2010,2Y,0.848
We,8/11/2010,5Y,1.795
We,8/11/2010,10Y,2.803
Th,8/12/2010,2Y,0.825
Th,8/12/2010,5Y,1.794
Th,8/12/2010,10Y,2.793
Fr,8/13/2010,2Y,0.825
Fr,8/13/2010,5Y,1.784
Fr,8/13/2010,10Y,2.776
Mo,8/16/2010,2Y,0.829
Mo,8/16/2010,5Y,1.755
Mo,8/16/2010,10Y,2.725
Tu,8/17/2010,2Y,0.855
Tu,8/17/2010,5Y,1.789
Tu,8/17/2010,10Y,2.758
We,8/18/2010,2Y,0.842
We,8/18/2010,5Y,1.744
We,8/18/2010,10Y,2.718
Th,8/19/2010,2Y,0.841
Th,8/19/2010,5Y,1.736
Th,8/19/2010,10Y,2.685
Fr,8/20/2010,2Y,0.799
Fr,8/20/2010,5Y,1.712
Fr,8/20/2010,10Y,2.656
Mo,8/23/2010,2Y,0.785
Mo,8/23/2010,5Y,1.716
Mo,8/23/2010,10Y,2.671
Tu,8/24/2010,2Y,0.757
Tu,8/24/2010,5Y,1.644
Tu,8/24/2010,10Y,2.588
We,8/25/2010,2Y,0.782
We,8/25/2010,5Y,1.653
We,8/25/2010,10Y,2.571
Th,8/26/2010,2Y,0.782
Th,8/26/2010,5Y,1.657
Th,8/26/2010,10Y,2.574
Fr,8/27/2010,2Y,0.81
Fr,8/27/2010,5Y,1.706
Fr,8/27/2010,10Y,2.6
Mo,8/30/2010,2Y,0.783
Mo,8/30/2010,5Y,1.647
Mo,8/30/2010,10Y,2.551
Tu,8/31/2010,2Y,0.767
Tu,8/31/2010,5Y,1.633
Tu,8/31/2010,10Y,2.539
We,9/1/2010,2Y,0.785
We,9/1/2010,5Y,1.698
We,9/1/2010,10Y,2.64
Th,9/2/2010,2Y,0.778
Th,9/2/2010,5Y,1.718
Th,9/2/2010,10Y,2.668
Fr,9/3/2010,2Y,0.799
Fr,9/3/2010,5Y,1.755
Fr,9/3/2010,10Y,2.744
Mo,9/6/2010,2Y,0.81
Mo,9/6/2010,5Y,1.735
Mo,9/6/2010,10Y,2.752
Tu,9/7/2010,2Y,0.789
Tu,9/7/2010,5Y,1.661
Tu,9/7/2010,10Y,2.679
We,9/8/2010,2Y,0.81
We,9/8/2010,5Y,1.711
We,9/8/2010,10Y,2.683
Th,9/9/2010,2Y,0.869
Th,9/9/2010,5Y,1.766
Th,9/9/2010,10Y,2.697
Fr,9/10/2010,2Y,0.918
Fr,9/10/2010,5Y,1.83
Fr,9/10/2010,10Y,2.761
Mo,9/13/2010,2Y,0.91
Mo,9/13/2010,5Y,1.84
Mo,9/13/2010,10Y,2.794
Tu,9/14/2010,2Y,0.905
Tu,9/14/2010,5Y,1.821
Tu,9/14/2010,10Y,2.786
We,9/15/2010,2Y,0.942
We,9/15/2010,5Y,1.89
We,9/15/2010,10Y,2.85
Th,9/16/2010,2Y,0.988
Th,9/16/2010,5Y,1.957
Th,9/16/2010,10Y,2.937
Fr,9/17/2010,2Y,0.966
Fr,9/17/2010,5Y,1.929
Fr,9/17/2010,10Y,2.897
Mo,9/20/2010,2Y,0.993
Mo,9/20/2010,5Y,1.961
Mo,9/20/2010,10Y,2.95
Tu,9/21/2010,2Y,0.975
Tu,9/21/2010,5Y,1.944
Tu,9/21/2010,10Y,2.923
We,9/22/2010,2Y,0.932
We,9/22/2010,5Y,1.844
We,9/22/2010,10Y,2.824
Th,9/23/2010,2Y,0.879
Th,9/23/2010,5Y,1.778
Th,9/23/2010,10Y,2.78
Fr,9/24/2010,2Y,0.918
Fr,9/24/2010,5Y,1.824
Fr,9/24/2010,10Y,2.824
Mo,9/27/2010,2Y,0.911
Mo,9/27/2010,5Y,1.768
Mo,9/27/2010,10Y,2.755
Tu,9/28/2010,2Y,0.929
Tu,9/28/2010,5Y,1.785
Tu,9/28/2010,10Y,2.762
We,9/29/2010,2Y,0.982
We,9/29/2010,5Y,1.826
We,9/29/2010,10Y,2.779
Th,9/30/2010,2Y,1.04
Th,9/30/2010,5Y,1.861
Th,9/30/2010,10Y,2.804
Fr,10/1/2010,2Y,1.042
Fr,10/1/2010,5Y,1.875
Fr,10/1/2010,10Y,2.801
Mo,10/4/2010,2Y,1.037
Mo,10/4/2010,5Y,1.831
Mo,10/4/2010,10Y,2.768
Tu,10/5/2010,2Y,1.021
Tu,10/5/2010,5Y,1.815
Tu,10/5/2010,10Y,2.749
We,10/6/2010,2Y,0.98
We,10/6/2010,5Y,1.755
We,10/6/2010,10Y,2.692
Th,10/7/2010,2Y,0.999
Th,10/7/2010,5Y,1.783
Th,10/7/2010,10Y,2.732
Fr,10/8/2010,2Y,0.988
Fr,10/8/2010,5Y,1.759
Fr,10/8/2010,10Y,2.711
Mo,10/11/2010,2Y,0.985
Mo,10/11/2010,5Y,1.775
Mo,10/11/2010,10Y,2.706
Tu,10/12/2010,2Y,0.956
Tu,10/12/2010,5Y,1.733
Tu,10/12/2010,10Y,2.673
We,10/13/2010,2Y,0.948
We,10/13/2010,5Y,1.751
We,10/13/2010,10Y,2.713
Th,10/14/2010,2Y,0.967
Th,10/14/2010,5Y,1.755
Th,10/14/2010,10Y,2.722
Fr,10/15/2010,2Y,0.983
Fr,10/15/2010,5Y,1.793
Fr,10/15/2010,10Y,2.776
Mo,10/18/2010,2Y,1.041
Mo,10/18/2010,5Y,1.834
Mo,10/18/2010,10Y,2.791
Tu,10/19/2010,2Y,1.037
Tu,10/19/2010,5Y,1.863
Tu,10/19/2010,10Y,2.813
We,10/20/2010,2Y,1.076
We,10/20/2010,5Y,1.911
We,10/20/2010,10Y,2.839
Th,10/21/2010,2Y,1.11
Th,10/21/2010,5Y,1.961
Th,10/21/2010,10Y,2.881
Fr,10/22/2010,2Y,1.123
Fr,10/22/2010,5Y,1.964
Fr,10/22/2010,10Y,2.875
Mo,10/25/2010,2Y,1.09
Mo,10/25/2010,5Y,1.923
Mo,10/25/2010,10Y,2.843
Tu,10/26/2010,2Y,1.148
Tu,10/26/2010,5Y,1.973
Tu,10/26/2010,10Y,2.884
We,10/27/2010,2Y,1.16
We,10/27/2010,5Y,1.999
We,10/27/2010,10Y,2.945
Th,10/28/2010,2Y,1.175
Th,10/28/2010,5Y,2.007
Th,10/28/2010,10Y,2.945
Fr,10/29/2010,2Y,1.152
Fr,10/29/2010,5Y,1.996
Fr,10/29/2010,10Y,2.927
Mo,11/1/2010,2Y,1.146
Mo,11/1/2010,5Y,1.98
Mo,11/1/2010,10Y,2.892
Tu,11/2/2010,2Y,1.168
Tu,11/2/2010,5Y,1.995
Tu,11/2/2010,10Y,2.897
We,11/3/2010,2Y,1.144
We,11/3/2010,5Y,1.925
We,11/3/2010,10Y,2.848
Th,11/4/2010,2Y,1.121
Th,11/4/2010,5Y,1.875
Th,11/4/2010,10Y,2.841
Fr,11/5/2010,2Y,1.123
Fr,11/5/2010,5Y,1.886
Fr,11/5/2010,10Y,2.884
Mo,11/8/2010,2Y,1.139
Mo,11/8/2010,5Y,1.879
Mo,11/8/2010,10Y,2.869
Tu,11/9/2010,2Y,1.149
Tu,11/9/2010,5Y,1.896
Tu,11/9/2010,10Y,2.868
We,11/10/2010,2Y,1.146
We,11/10/2010,5Y,1.887
We,11/10/2010,10Y,2.895
Th,11/11/2010,2Y,1.132
Th,11/11/2010,5Y,1.866
Th,11/11/2010,10Y,2.894
Fr,11/12/2010,2Y,1.196
Fr,11/12/2010,5Y,1.958
Fr,11/12/2010,10Y,2.952
Mo,11/15/2010,2Y,1.192
Mo,11/15/2010,5Y,1.994
Mo,11/15/2010,10Y,2.98
Tu,11/16/2010,2Y,1.179
Tu,11/16/2010,5Y,2.035
Tu,11/16/2010,10Y,3.038
We,11/17/2010,2Y,1.153
We,11/17/2010,5Y,2.035
We,11/17/2010,10Y,3.018
Th,11/18/2010,2Y,1.202
Th,11/18/2010,5Y,2.131
Th,11/18/2010,10Y,3.116
Fr,11/19/2010,2Y,1.193
Fr,11/19/2010,5Y,2.1
Fr,11/19/2010,10Y,3.094
Mo,11/22/2010,2Y,1.123
Mo,11/22/2010,5Y,2.028
Mo,11/22/2010,10Y,3.047
Tu,11/23/2010,2Y,1.024
Tu,11/23/2010,5Y,1.941
Tu,11/23/2010,10Y,2.987
We,11/24/2010,2Y,1.078
We,11/24/2010,5Y,2.037
We,11/24/2010,10Y,3.108
Th,11/25/2010,2Y,1.102
Th,11/25/2010,5Y,2.113
Th,11/25/2010,10Y,3.16
Fr,11/26/2010,2Y,1.102
Fr,11/26/2010,5Y,2.092
Fr,11/26/2010,10Y,3.174
Mo,11/29/2010,2Y,1.11
Mo,11/29/2010,5Y,2.138
Mo,11/29/2010,10Y,3.232
Tu,11/30/2010,2Y,1.123
Tu,11/30/2010,5Y,2.11
Tu,11/30/2010,10Y,3.202
We,12/1/2010,2Y,1.141
We,12/1/2010,5Y,2.186
We,12/1/2010,10Y,3.26
Th,12/2/2010,2Y,1.076
Th,12/2/2010,5Y,2.187
Th,12/2/2010,10Y,3.253
Fr,12/3/2010,2Y,1.04
Fr,12/3/2010,5Y,2.179
Fr,12/3/2010,10Y,3.289
Mo,12/6/2010,2Y,1.001
Mo,12/6/2010,5Y,2.119
Mo,12/6/2010,10Y,3.291
Tu,12/7/2010,2Y,1.046
Tu,12/7/2010,5Y,2.206
Tu,12/7/2010,10Y,3.37
We,12/8/2010,2Y,1.127
We,12/8/2010,5Y,2.326
We,12/8/2010,10Y,3.405
Th,12/9/2010,2Y,1.167
Th,12/9/2010,5Y,2.306
Th,12/9/2010,10Y,3.338
Fr,12/10/2010,2Y,1.208
Fr,12/10/2010,5Y,2.33
Fr,12/10/2010,10Y,3.361
Mo,12/13/2010,2Y,1.175
Mo,12/13/2010,5Y,2.334
Mo,12/13/2010,10Y,3.387
Tu,12/14/2010,2Y,1.187
Tu,12/14/2010,5Y,2.401
Tu,12/14/2010,10Y,3.446
We,12/15/2010,2Y,1.177
We,12/15/2010,5Y,2.392
We,12/15/2010,10Y,3.444
Th,12/16/2010,2Y,1.186
Th,12/16/2010,5Y,2.423
Th,12/16/2010,10Y,3.471
Fr,12/17/2010,2Y,1.17
Fr,12/17/2010,5Y,2.384
Fr,12/17/2010,10Y,3.431
Mo,12/20/2010,2Y,1.144
Mo,12/20/2010,5Y,2.309
Mo,12/20/2010,10Y,3.366
Tu,12/21/2010,2Y,1.144
Tu,12/21/2010,5Y,2.325
Tu,12/21/2010,10Y,3.37
We,12/22/2010,2Y,1.065
We,12/22/2010,5Y,2.249
We,12/22/2010,10Y,3.331
Th,12/23/2010,2Y,1.475
Th,12/23/2010,5Y,2.642
Th,12/23/2010,10Y,3.496
Fr,12/24/2010,2Y,1.469
Fr,12/24/2010,5Y,2.639
Fr,12/24/2010,10Y,3.499
Mo,12/27/2010,2Y,1.49
Mo,12/27/2010,5Y,2.685
Mo,12/27/2010,10Y,3.541
Tu,12/28/2010,2Y,1.416
Tu,12/28/2010,5Y,2.632
Tu,12/28/2010,10Y,3.501
We,12/29/2010,2Y,1.421
We,12/29/2010,5Y,2.663
We,12/29/2010,10Y,3.553
Th,12/30/2010,2Y,1.389
Th,12/30/2010,5Y,2.612
Th,12/30/2010,10Y,3.512
Fr,12/31/2010,2Y,1.371
Fr,12/31/2010,5Y,2.597
Fr,12/31/2010,10Y,3.507
Mo,1/3/2011,2Y,1.334
Mo,1/3/2011,5Y,2.575
Mo,1/3/2011,10Y,3.48
Tu,1/4/2011,2Y,1.327
Tu,1/4/2011,5Y,2.561
Tu,1/4/2011,10Y,3.436
We,1/5/2011,2Y,1.381
We,1/5/2011,5Y,2.601
We,1/5/2011,10Y,3.475
Th,1/6/2011,2Y,1.359
Th,1/6/2011,5Y,2.601
Th,1/6/2011,10Y,3.488
Fr,1/7/2011,2Y,1.328
Fr,1/7/2011,5Y,2.569
Fr,1/7/2011,10Y,3.471
Mo,1/10/2011,2Y,1.338
Mo,1/10/2011,5Y,2.565
Mo,1/10/2011,10Y,3.464
Tu,1/11/2011,2Y,1.353
Tu,1/11/2011,5Y,2.597
Tu,1/11/2011,10Y,3.498
We,1/12/2011,2Y,1.418
We,1/12/2011,5Y,2.66
We,1/12/2011,10Y,3.563
Th,1/13/2011,2Y,1.455
Th,1/13/2011,5Y,2.653
Th,1/13/2011,10Y,3.508
Fr,1/14/2011,2Y,1.522
Fr,1/14/2011,5Y,2.682
Fr,1/14/2011,10Y,3.504
Mo,1/17/2011,2Y,1.505
Mo,1/17/2011,5Y,2.682
Mo,1/17/2011,10Y,3.519
Tu,1/18/2011,2Y,1.559
Tu,1/18/2011,5Y,2.757
Tu,1/18/2011,10Y,3.574
We,1/19/2011,2Y,1.526
We,1/19/2011,5Y,2.731
We,1/19/2011,10Y,3.536
Th,1/20/2011,2Y,1.607
Th,1/20/2011,5Y,2.784
Th,1/20/2011,10Y,3.579
Fr,1/21/2011,2Y,1.64
Fr,1/21/2011,5Y,2.792
Fr,1/21/2011,10Y,3.566
Mo,1/24/2011,2Y,1.64
Mo,1/24/2011,5Y,2.777
Mo,1/24/2011,10Y,3.544
Tu,1/25/2011,2Y,1.69
Tu,1/25/2011,5Y,2.817
Tu,1/25/2011,10Y,3.563
We,1/26/2011,2Y,1.756
We,1/26/2011,5Y,2.878
We,1/26/2011,10Y,3.614
Th,1/27/2011,2Y,1.803
Th,1/27/2011,5Y,2.93
Th,1/27/2011,10Y,3.643
Fr,1/28/2011,2Y,1.815
Fr,1/28/2011,5Y,2.916
Fr,1/28/2011,10Y,3.613
Mo,1/31/2011,2Y,1.8
Mo,1/31/2011,5Y,2.893
Mo,1/31/2011,10Y,3.594
Tu,2/1/2011,2Y,1.819
Tu,2/1/2011,5Y,2.894
Tu,2/1/2011,10Y,3.61
We,2/2/2011,2Y,1.88
We,2/2/2011,5Y,2.913
We,2/2/2011,10Y,3.631
Th,2/3/2011,2Y,1.777
Th,2/3/2011,5Y,2.852
Th,2/3/2011,10Y,3.63
Fr,2/4/2011,2Y,1.862
Fr,2/4/2011,5Y,2.93
Fr,2/4/2011,10Y,3.685
Mo,2/7/2011,2Y,1.822
Mo,2/7/2011,5Y,2.906
Mo,2/7/2011,10Y,3.688
Tu,2/8/2011,2Y,1.866
Tu,2/8/2011,5Y,2.935
Tu,2/8/2011,10Y,3.693
We,2/9/2011,2Y,1.9
We,2/9/2011,5Y,2.982
We,2/9/2011,10Y,3.745
Th,2/10/2011,2Y,1.886
Th,2/10/2011,5Y,2.969
Th,2/10/2011,10Y,3.732
Fr,2/11/2011,2Y,1.854
Fr,2/11/2011,5Y,2.934
Fr,2/11/2011,10Y,3.72
Mo,2/14/2011,2Y,1.859
Mo,2/14/2011,5Y,2.932
Mo,2/14/2011,10Y,3.722
Tu,2/15/2011,2Y,1.885
Tu,2/15/2011,5Y,2.928
Tu,2/15/2011,10Y,3.731
We,2/16/2011,2Y,1.845
We,2/16/2011,5Y,2.87
We,2/16/2011,10Y,3.671
Th,2/17/2011,2Y,1.774
Th,2/17/2011,5Y,2.805
Th,2/17/2011,10Y,3.635
Fr,2/18/2011,2Y,1.847
Fr,2/18/2011,5Y,2.867
Fr,2/18/2011,10Y,3.681
Mo,2/21/2011,2Y,1.819
Mo,2/21/2011,5Y,2.816
Mo,2/21/2011,10Y,3.623
Tu,2/22/2011,2Y,1.86
Tu,2/22/2011,5Y,2.817
Tu,2/22/2011,10Y,3.608
We,2/23/2011,2Y,1.879
We,2/23/2011,5Y,2.82
We,2/23/2011,10Y,3.592
Th,2/24/2011,2Y,1.861
Th,2/24/2011,5Y,2.816
Th,2/24/2011,10Y,3.597
Fr,2/25/2011,2Y,1.862
Fr,2/25/2011,5Y,2.825
Fr,2/25/2011,10Y,3.603
Mo,2/28/2011,2Y,1.852
Mo,2/28/2011,5Y,2.854
Mo,2/28/2011,10Y,3.629
Tu,3/1/2011,2Y,1.856
Tu,3/1/2011,5Y,2.85
Tu,3/1/2011,10Y,3.611
We,3/2/2011,2Y,1.87
We,3/2/2011,5Y,2.872
We,3/2/2011,10Y,3.638
Th,3/3/2011,2Y,2.089
Th,3/3/2011,5Y,3.048
Th,3/3/2011,10Y,3.752
Fr,3/4/2011,2Y,2.071
Fr,3/4/2011,5Y,3.023
Fr,3/4/2011,10Y,3.71
Mo,3/7/2011,2Y,2.077
Mo,3/7/2011,5Y,3.042
Mo,3/7/2011,10Y,3.709
Tu,3/8/2011,2Y,2.077
Tu,3/8/2011,5Y,3.056
Tu,3/8/2011,10Y,3.74
We,3/9/2011,2Y,2.086
We,3/9/2011,5Y,3.051
We,3/9/2011,10Y,3.733
Th,3/10/2011,2Y,2.027
Th,3/10/2011,5Y,2.995
Th,3/10/2011,10Y,3.678
Fr,3/11/2011,2Y,1.972
Fr,3/11/2011,5Y,2.939
Fr,3/11/2011,10Y,3.628
Mo,3/14/2011,2Y,1.951
Mo,3/14/2011,5Y,2.943
Mo,3/14/2011,10Y,3.634
Tu,3/15/2011,2Y,1.838
Tu,3/15/2011,5Y,2.831
Tu,3/15/2011,10Y,3.545
We,3/16/2011,2Y,1.769
We,3/16/2011,5Y,2.753
We,3/16/2011,10Y,3.488
Th,3/17/2011,2Y,1.889
Th,3/17/2011,5Y,2.872
Th,3/17/2011,10Y,3.576
Fr,3/18/2011,2Y,1.933
Fr,3/18/2011,5Y,2.89
Fr,3/18/2011,10Y,3.585
Mo,3/21/2011,2Y,2.025
Mo,3/21/2011,5Y,2.951
Mo,3/21/2011,10Y,3.624
Tu,3/22/2011,2Y,2.021
Tu,3/22/2011,5Y,2.974
Tu,3/22/2011,10Y,3.66
We,3/23/2011,2Y,2.021
We,3/23/2011,5Y,2.969
We,3/23/2011,10Y,3.657
Th,3/24/2011,2Y,2.014
Th,3/24/2011,5Y,2.973
Th,3/24/2011,10Y,3.677
Fr,3/25/2011,2Y,2.048
Fr,3/25/2011,5Y,2.996
Fr,3/25/2011,10Y,3.691
Mo,3/28/2011,2Y,2.079
Mo,3/28/2011,5Y,3.035
Mo,3/28/2011,10Y,3.728
Tu,3/29/2011,2Y,2.098
Tu,3/29/2011,5Y,3.08
Tu,3/29/2011,10Y,3.763
We,3/30/2011,2Y,2.08
We,3/30/2011,5Y,3.078
We,3/30/2011,10Y,3.77
Th,3/31/2011,2Y,2.112
Th,3/31/2011,5Y,3.12
Th,3/31/2011,10Y,3.798
Fr,4/1/2011,2Y,2.156
Fr,4/1/2011,5Y,3.162
Fr,4/1/2011,10Y,3.819
Mo,4/4/2011,2Y,2.144
Mo,4/4/2011,5Y,3.134
Mo,4/4/2011,10Y,3.793
Tu,4/5/2011,2Y,2.166
Tu,4/5/2011,5Y,3.15
Tu,4/5/2011,10Y,3.802
We,4/6/2011,2Y,2.153
We,4/6/2011,5Y,3.158
We,4/6/2011,10Y,3.822
Th,4/7/2011,2Y,2.139
Th,4/7/2011,5Y,3.146
Th,4/7/2011,10Y,3.798
Fr,4/8/2011,2Y,2.223
Fr,4/8/2011,5Y,3.208
Fr,4/8/2011,10Y,3.854
Mo,4/11/2011,2Y,2.216
Mo,4/11/2011,5Y,3.21
Mo,4/11/2011,10Y,3.855
Tu,4/12/2011,2Y,2.157
Tu,4/12/2011,5Y,3.143
Tu,4/12/2011,10Y,3.807
We,4/13/2011,2Y,2.191
We,4/13/2011,5Y,3.165
We,4/13/2011,10Y,3.812
Th,4/14/2011,2Y,2.201
Th,4/14/2011,5Y,3.178
Th,4/14/2011,10Y,3.809
Fr,4/15/2011,2Y,2.196
Fr,4/15/2011,5Y,3.161
Fr,4/15/2011,10Y,3.784
Mo,4/18/2011,2Y,2.092
Mo,4/18/2011,5Y,3.033
Mo,4/18/2011,10Y,3.676
Tu,4/19/2011,2Y,2.148
Tu,4/19/2011,5Y,3.069
Tu,4/19/2011,10Y,3.68
We,4/20/2011,2Y,2.186
We,4/20/2011,5Y,3.112
We,4/20/2011,10Y,3.705
Th,4/21/2011,2Y,2.123
Th,4/21/2011,5Y,3.078
Th,4/21/2011,10Y,3.69
Fr,4/22/2011,2Y,2.122
Fr,4/22/2011,5Y,3.078
Fr,4/22/2011,10Y,3.69
Mo,4/25/2011,2Y,2.122
Mo,4/25/2011,5Y,3.078
Mo,4/25/2011,10Y,3.69
Tu,4/26/2011,2Y,2.114
Tu,4/26/2011,5Y,3.063
Tu,4/26/2011,10Y,3.679
We,4/27/2011,2Y,2.169
We,4/27/2011,5Y,3.123
We,4/27/2011,10Y,3.716
Th,4/28/2011,2Y,2.128
Th,4/28/2011,5Y,3.048
Th,4/28/2011,10Y,3.628
Fr,4/29/2011,2Y,2.118
Fr,4/29/2011,5Y,3.03
Fr,4/29/2011,10Y,3.612
Mo,5/2/2011,2Y,2.152
Mo,5/2/2011,5Y,3.047
Mo,5/2/2011,10Y,3.618
Tu,5/3/2011,2Y,2.197
Tu,5/3/2011,5Y,3.089
Tu,5/3/2011,10Y,3.645
We,5/4/2011,2Y,2.244
We,5/4/2011,5Y,3.121
We,5/4/2011,10Y,3.663
Th,5/5/2011,2Y,2.098
Th,5/5/2011,5Y,3.004
Th,5/5/2011,10Y,3.585
Fr,5/6/2011,2Y,2.106
Fr,5/6/2011,5Y,2.986
Fr,5/6/2011,10Y,3.55
Mo,5/9/2011,2Y,2.043
Mo,5/9/2011,5Y,2.922
Mo,5/9/2011,10Y,3.494
Tu,5/10/2011,2Y,2.061
Tu,5/10/2011,5Y,2.938
Tu,5/10/2011,10Y,3.518
We,5/11/2011,2Y,2.064
We,5/11/2011,5Y,2.948
We,5/11/2011,10Y,3.547
Th,5/12/2011,2Y,2.035
Th,5/12/2011,5Y,2.912
Th,5/12/2011,10Y,3.52
Fr,5/13/2011,2Y,2.035
Fr,5/13/2011,5Y,2.892
Fr,5/13/2011,10Y,3.486
Mo,5/16/2011,2Y,2.057
Mo,5/16/2011,5Y,2.918
Mo,5/16/2011,10Y,3.527
Tu,5/17/2011,2Y,2.024
Tu,5/17/2011,5Y,2.898
Tu,5/17/2011,10Y,3.5
We,5/18/2011,2Y,2.061
We,5/18/2011,5Y,2.932
We,5/18/2011,10Y,3.529
Th,5/19/2011,2Y,2.076
Th,5/19/2011,5Y,2.946
Th,5/19/2011,10Y,3.549
Fr,5/20/2011,2Y,2.014
Fr,5/20/2011,5Y,2.876
Fr,5/20/2011,10Y,3.494
Mo,5/23/2011,2Y,1.964
Mo,5/23/2011,5Y,2.832
Mo,5/23/2011,10Y,3.46
Tu,5/24/2011,2Y,1.973
Tu,5/24/2011,5Y,2.855
Tu,5/24/2011,10Y,3.505
We,5/25/2011,2Y,1.913
We,5/25/2011,5Y,2.804
We,5/25/2011,10Y,3.466
Th,5/26/2011,2Y,1.875
Th,5/26/2011,5Y,2.757
Th,5/26/2011,10Y,3.424
Fr,5/27/2011,2Y,1.817
Fr,5/27/2011,5Y,2.725
Fr,5/27/2011,10Y,3.408
Mo,5/30/2011,2Y,1.834
Mo,5/30/2011,5Y,2.727
Mo,5/30/2011,10Y,3.409
Tu,5/31/2011,2Y,1.841
Tu,5/31/2011,5Y,2.746
Tu,5/31/2011,10Y,3.44
We,6/1/2011,2Y,1.837
We,6/1/2011,5Y,2.717
We,6/1/2011,10Y,3.394
Th,6/2/2011,2Y,1.836
Th,6/2/2011,5Y,2.714
Th,6/2/2011,10Y,3.376
Fr,6/3/2011,2Y,1.895
Fr,6/3/2011,5Y,2.773
Fr,6/3/2011,10Y,3.415
Mo,6/6/2011,2Y,1.891
Mo,6/6/2011,5Y,2.764
Mo,6/6/2011,10Y,3.4
Tu,6/7/2011,2Y,1.933
Tu,6/7/2011,5Y,2.814
Tu,6/7/2011,10Y,3.461
We,6/8/2011,2Y,1.897
We,6/8/2011,5Y,2.773
We,6/8/2011,10Y,3.447
Th,6/9/2011,2Y,1.859
Th,6/9/2011,5Y,2.737
Th,6/9/2011,10Y,3.427
Fr,6/10/2011,2Y,1.787
Fr,6/10/2011,5Y,2.669
Fr,6/10/2011,10Y,3.37
Mo,6/13/2011,2Y,1.795
Mo,6/13/2011,5Y,2.678
Mo,6/13/2011,10Y,3.377
Tu,6/14/2011,2Y,1.817
Tu,6/14/2011,5Y,2.722
Tu,6/14/2011,10Y,3.415
We,6/15/2011,2Y,1.769
We,6/15/2011,5Y,2.677
We,6/15/2011,10Y,3.416
Th,6/16/2011,2Y,1.74
Th,6/16/2011,5Y,2.673
Th,6/16/2011,10Y,3.429
Fr,6/17/2011,2Y,1.774
Fr,6/17/2011,5Y,2.699
Fr,6/17/2011,10Y,3.445
Mo,6/20/2011,2Y,1.786
Mo,6/20/2011,5Y,2.717
Mo,6/20/2011,10Y,3.458
Tu,6/21/2011,2Y,1.812
Tu,6/21/2011,5Y,2.74
Tu,6/21/2011,10Y,3.485
We,6/22/2011,2Y,1.755
We,6/22/2011,5Y,2.689
We,6/22/2011,10Y,3.43
Th,6/23/2011,2Y,1.651
Th,6/23/2011,5Y,2.593
Th,6/23/2011,10Y,3.38
Fr,6/24/2011,2Y,1.653
Fr,6/24/2011,5Y,2.592
Fr,6/24/2011,10Y,3.363
Mo,6/27/2011,2Y,1.69
Mo,6/27/2011,5Y,2.638
Mo,6/27/2011,10Y,3.42
Tu,6/28/2011,2Y,1.756
Tu,6/28/2011,5Y,2.691
Tu,6/28/2011,10Y,3.43
We,6/29/2011,2Y,1.798
We,6/29/2011,5Y,2.755
We,6/29/2011,10Y,3.468
Th,6/30/2011,2Y,1.839
Th,6/30/2011,5Y,2.798
Th,6/30/2011,10Y,3.491
Fr,7/1/2011,2Y,1.879
Fr,7/1/2011,5Y,2.813
Fr,7/1/2011,10Y,3.503
Mo,7/4/2011,2Y,1.875
Mo,7/4/2011,5Y,2.795
Mo,7/4/2011,10Y,3.486
Tu,7/5/2011,2Y,1.842
Tu,7/5/2011,5Y,2.779
Tu,7/5/2011,10Y,3.475
We,7/6/2011,2Y,1.809
We,7/6/2011,5Y,2.722
We,7/6/2011,10Y,3.471
Th,7/7/2011,2Y,1.805
Th,7/7/2011,5Y,2.755
Th,7/7/2011,10Y,3.482
Fr,7/8/2011,2Y,1.697
Fr,7/8/2011,5Y,2.626
Fr,7/8/2011,10Y,3.39
Mo,7/11/2011,2Y,1.582
Mo,7/11/2011,5Y,2.517
Mo,7/11/2011,10Y,3.325
Tu,7/12/2011,2Y,1.621
Tu,7/12/2011,5Y,2.577
Tu,7/12/2011,10Y,3.347
We,7/13/2011,2Y,1.603
We,7/13/2011,5Y,2.598
We,7/13/2011,10Y,3.377
Th,7/14/2011,2Y,1.568
Th,7/14/2011,5Y,2.568
Th,7/14/2011,10Y,3.342
Fr,7/15/2011,2Y,1.534
Fr,7/15/2011,5Y,2.52
Fr,7/15/2011,10Y,3.285
Mo,7/18/2011,2Y,1.52
Mo,7/18/2011,5Y,2.501
Mo,7/18/2011,10Y,3.256
Tu,7/19/2011,2Y,1.53
Tu,7/19/2011,5Y,2.513
Tu,7/19/2011,10Y,3.262
We,7/20/2011,2Y,1.571
We,7/20/2011,5Y,2.561
We,7/20/2011,10Y,3.314
Th,7/21/2011,2Y,1.666
Th,7/21/2011,5Y,2.664
Th,7/21/2011,10Y,3.389
Fr,7/22/2011,2Y,1.61
Fr,7/22/2011,5Y,2.59
Fr,7/22/2011,10Y,3.338
Mo,7/25/2011,2Y,1.577
Mo,7/25/2011,5Y,2.555
Mo,7/25/2011,10Y,3.31
Tu,7/26/2011,2Y,1.561
Tu,7/26/2011,5Y,2.522
Tu,7/26/2011,10Y,3.282
We,7/27/2011,2Y,1.503
We,7/27/2011,5Y,2.432
We,7/27/2011,10Y,3.196
Th,7/28/2011,2Y,1.495
Th,7/28/2011,5Y,2.434
Th,7/28/2011,10Y,3.187
Fr,7/29/2011,2Y,1.428
Fr,7/29/2011,5Y,2.354
Fr,7/29/2011,10Y,3.115
Mo,8/1/2011,2Y,1.383
Mo,8/1/2011,5Y,2.275
Mo,8/1/2011,10Y,3.057
Tu,8/2/2011,2Y,1.353
Tu,8/2/2011,5Y,2.243
Tu,8/2/2011,10Y,3.033
We,8/3/2011,2Y,1.351
We,8/3/2011,5Y,2.286
We,8/3/2011,10Y,3.066
Th,8/4/2011,2Y,1.174
Th,8/4/2011,5Y,2.17
Th,8/4/2011,10Y,2.998
Fr,8/5/2011,2Y,1.133
Fr,8/5/2011,5Y,2.188
Fr,8/5/2011,10Y,3.001
Mo,8/8/2011,2Y,1.043
Mo,8/8/2011,5Y,2.086
Mo,8/8/2011,10Y,2.886
Tu,8/9/2011,2Y,1.077
Tu,8/9/2011,5Y,2.162
Tu,8/9/2011,10Y,2.961
We,8/10/2011,2Y,0.861
We,8/10/2011,5Y,1.947
We,8/10/2011,10Y,2.791
Th,8/11/2011,2Y,0.937
Th,8/11/2011,5Y,2.023
Th,8/11/2011,10Y,2.827
Fr,8/12/2011,2Y,0.949
Fr,8/12/2011,5Y,2.002
Fr,8/12/2011,10Y,2.823
Mo,8/15/2011,2Y,0.968
Mo,8/15/2011,5Y,1.97
Mo,8/15/2011,10Y,2.808
Tu,8/16/2011,2Y,1.004
Tu,8/16/2011,5Y,1.991
Tu,8/16/2011,10Y,2.831
We,8/17/2011,2Y,0.962
We,8/17/2011,5Y,1.906
We,8/17/2011,10Y,2.75
Th,8/18/2011,2Y,0.897
Th,8/18/2011,5Y,1.826
Th,8/18/2011,10Y,2.655
Fr,8/19/2011,2Y,0.935
Fr,8/19/2011,5Y,1.855
Fr,8/19/2011,10Y,2.67
Mo,8/22/2011,2Y,0.951
Mo,8/22/2011,5Y,1.864
Mo,8/22/2011,10Y,2.684
Tu,8/23/2011,2Y,0.967
Tu,8/23/2011,5Y,1.875
Tu,8/23/2011,10Y,2.694
We,8/24/2011,2Y,1.03
We,8/24/2011,5Y,1.941
We,8/24/2011,10Y,2.77
Th,8/25/2011,2Y,0.987
Th,8/25/2011,5Y,1.904
Th,8/25/2011,10Y,2.771
Fr,8/26/2011,2Y,0.994
Fr,8/26/2011,5Y,1.887
Fr,8/26/2011,10Y,2.73
Mo,8/29/2011,2Y,1.078
Mo,8/29/2011,5Y,1.976
Mo,8/29/2011,10Y,2.806
Tu,8/30/2011,2Y,1.004
Tu,8/30/2011,5Y,1.903
Tu,8/30/2011,10Y,2.761
We,8/31/2011,2Y,1.07
We,8/31/2011,5Y,2.008
We,8/31/2011,10Y,2.845
Th,9/1/2011,2Y,1.017
Th,9/1/2011,5Y,1.975
Th,9/1/2011,10Y,2.805
Fr,9/2/2011,2Y,0.923
Fr,9/2/2011,5Y,1.866
Fr,9/2/2011,10Y,2.725
Mo,9/5/2011,2Y,0.849
Mo,9/5/2011,5Y,1.809
Mo,9/5/2011,10Y,2.652
Tu,9/6/2011,2Y,0.866
Tu,9/6/2011,5Y,1.828
Tu,9/6/2011,10Y,2.665
We,9/7/2011,2Y,0.856
We,9/7/2011,5Y,1.824
We,9/7/2011,10Y,2.677
Th,9/8/2011,2Y,0.777
Th,9/8/2011,5Y,1.767
Th,9/8/2011,10Y,2.605
Fr,9/9/2011,2Y,0.719
Fr,9/9/2011,5Y,1.673
Fr,9/9/2011,10Y,2.524
Mo,9/12/2011,2Y,0.789
Mo,9/12/2011,5Y,1.723
Mo,9/12/2011,10Y,2.532
Tu,9/13/2011,2Y,0.906
Tu,9/13/2011,5Y,1.805
Tu,9/13/2011,10Y,2.566
We,9/14/2011,2Y,0.957
We,9/14/2011,5Y,1.898
We,9/14/2011,10Y,2.664
Th,9/15/2011,2Y,1.011
Th,9/15/2011,5Y,1.96
Th,9/15/2011,10Y,2.7
Fr,9/16/2011,2Y,0.921
Fr,9/16/2011,5Y,1.822
Fr,9/16/2011,10Y,2.567
Mo,9/19/2011,2Y,0.895
Mo,9/19/2011,5Y,1.804
Mo,9/19/2011,10Y,2.568
Tu,9/20/2011,2Y,0.889
Tu,9/20/2011,5Y,1.792
Tu,9/20/2011,10Y,2.552
We,9/21/2011,2Y,0.879
We,9/21/2011,5Y,1.823
We,9/21/2011,10Y,2.557
Th,9/22/2011,2Y,0.928
Th,9/22/2011,5Y,1.794
Th,9/22/2011,10Y,2.513
Fr,9/23/2011,2Y,0.977
Fr,9/23/2011,5Y,1.817
Fr,9/23/2011,10Y,2.559
Mo,9/26/2011,2Y,0.983
Mo,9/26/2011,5Y,1.872
Mo,9/26/2011,10Y,2.656
Tu,9/27/2011,2Y,1.048
Tu,9/27/2011,5Y,1.945
Tu,9/27/2011,10Y,2.788
We,9/28/2011,2Y,1.065
We,9/28/2011,5Y,1.98
We,9/28/2011,10Y,2.77
Th,9/29/2011,2Y,1.033
Th,9/29/2011,5Y,1.952
Th,9/29/2011,10Y,2.745
Fr,9/30/2011,2Y,0.992
Fr,9/30/2011,5Y,1.871
Fr,9/30/2011,10Y,2.661
Mo,10/3/2011,2Y,0.948
Mo,10/3/2011,5Y,1.841
Mo,10/3/2011,10Y,2.629
Tu,10/4/2011,2Y,0.928
Tu,10/4/2011,5Y,1.805
Tu,10/4/2011,10Y,2.596
We,10/5/2011,2Y,0.919
We,10/5/2011,5Y,1.849
We,10/5/2011,10Y,2.649
Th,10/6/2011,2Y,1.043
Th,10/6/2011,5Y,1.961
Th,10/6/2011,10Y,2.752
Fr,10/7/2011,2Y,1.026
Fr,10/7/2011,5Y,1.98
Fr,10/7/2011,10Y,2.796
Mo,10/10/2011,2Y,1.044
Mo,10/10/2011,5Y,2.026
Mo,10/10/2011,10Y,2.875
Tu,10/11/2011,2Y,1.04
Tu,10/11/2011,5Y,2.024
Tu,10/11/2011,10Y,2.887
We,10/12/2011,2Y,1.067
We,10/12/2011,5Y,2.103
We,10/12/2011,10Y,2.984
Th,10/13/2011,2Y,1.012
Th,10/13/2011,5Y,2.041
Th,10/13/2011,10Y,2.939
Fr,10/14/2011,2Y,1.039
Fr,10/14/2011,5Y,2.115
Fr,10/14/2011,10Y,3.067
Mo,10/17/2011,2Y,0.986
Mo,10/17/2011,5Y,2.047
Mo,10/17/2011,10Y,2.985
Tu,10/18/2011,2Y,1.056
Tu,10/18/2011,5Y,2.068
Tu,10/18/2011,10Y,3.011
We,10/19/2011,2Y,1.155
We,10/19/2011,5Y,2.139
We,10/19/2011,10Y,3.07
Th,10/20/2011,2Y,1.105
Th,10/20/2011,5Y,2.098
Th,10/20/2011,10Y,2.981
Fr,10/21/2011,2Y,1.113
Fr,10/21/2011,5Y,2.151
Fr,10/21/2011,10Y,3.056
Mo,10/24/2011,2Y,1.119
Mo,10/24/2011,5Y,2.171
Mo,10/24/2011,10Y,3.075
Tu,10/25/2011,2Y,1.017
Tu,10/25/2011,5Y,2.057
Tu,10/25/2011,10Y,2.988
We,10/26/2011,2Y,0.95
We,10/26/2011,5Y,1.971
We,10/26/2011,10Y,2.916
Th,10/27/2011,2Y,1.052
Th,10/27/2011,5Y,2.063
Th,10/27/2011,10Y,3.032
Fr,10/28/2011,2Y,1.016
Fr,10/28/2011,5Y,2.041
Fr,10/28/2011,10Y,3.027
Mo,10/31/2011,2Y,0.99
Mo,10/31/2011,5Y,1.967
Mo,10/31/2011,10Y,2.96
Tu,11/1/2011,2Y,0.903
Tu,11/1/2011,5Y,1.845
Tu,11/1/2011,10Y,2.794
We,11/2/2011,2Y,0.921
We,11/2/2011,5Y,1.935
We,11/2/2011,10Y,2.899
Th,11/3/2011,2Y,0.833
Th,11/3/2011,5Y,1.947
Th,11/3/2011,10Y,2.954
Fr,11/4/2011,2Y,0.887
Fr,11/4/2011,5Y,1.951
Fr,11/4/2011,10Y,2.941
Mo,11/7/2011,2Y,0.94
Mo,11/7/2011,5Y,1.969
Mo,11/7/2011,10Y,2.994
Tu,11/8/2011,2Y,0.908
Tu,11/8/2011,5Y,2.007
Tu,11/8/2011,10Y,2.97
We,11/9/2011,2Y,1.04
We,11/9/2011,5Y,2.117
We,11/9/2011,10Y,3.047
Th,11/10/2011,2Y,1.351
Th,11/10/2011,5Y,2.425
Th,11/10/2011,10Y,3.311
Fr,11/11/2011,2Y,1.429
Fr,11/11/2011,5Y,2.468
Fr,11/11/2011,10Y,3.337
Mo,11/14/2011,2Y,1.402
Mo,11/14/2011,5Y,2.488
Mo,11/14/2011,10Y,3.386
Tu,11/15/2011,2Y,1.688
Tu,11/15/2011,5Y,2.777
Tu,11/15/2011,10Y,3.588
We,11/16/2011,2Y,1.756
We,11/16/2011,5Y,2.821
We,11/16/2011,10Y,3.59
Th,11/17/2011,2Y,1.714
Th,11/17/2011,5Y,2.838
Th,11/17/2011,10Y,3.542
Fr,11/18/2011,2Y,1.573
Fr,11/18/2011,5Y,2.712
Fr,11/18/2011,10Y,3.361
Mo,11/21/2011,2Y,1.526
Mo,11/21/2011,5Y,2.684
Mo,11/21/2011,10Y,3.348
Tu,11/22/2011,2Y,1.607
Tu,11/22/2011,5Y,2.798
Tu,11/22/2011,10Y,3.46
We,11/23/2011,2Y,1.784
We,11/23/2011,5Y,3.136
We,11/23/2011,10Y,3.699
Th,11/24/2011,2Y,1.833
Th,11/24/2011,5Y,3.152
Th,11/24/2011,10Y,3.721
Fr,11/25/2011,2Y,1.876
Fr,11/25/2011,5Y,3.237
Fr,11/25/2011,10Y,3.806
Mo,11/28/2011,2Y,1.781
Mo,11/28/2011,5Y,3.042
Mo,11/28/2011,10Y,3.679
Tu,11/29/2011,2Y,1.727
Tu,11/29/2011,5Y,2.896
Tu,11/29/2011,10Y,3.612
We,11/30/2011,2Y,1.444
We,11/30/2011,5Y,2.515
We,11/30/2011,10Y,3.451
Th,12/1/2011,2Y,1.117
Th,12/1/2011,5Y,2.309
Th,12/1/2011,10Y,3.21
Fr,12/2/2011,2Y,1.121
Fr,12/2/2011,5Y,2.291
Fr,12/2/2011,10Y,3.22
Mo,12/5/2011,2Y,1.043
Mo,12/5/2011,5Y,2.159
Mo,12/5/2011,10Y,3.119
Tu,12/6/2011,2Y,1.087
Tu,12/6/2011,5Y,2.257
Tu,12/6/2011,10Y,3.177
We,12/7/2011,2Y,1.054
We,12/7/2011,5Y,2.273
We,12/7/2011,10Y,3.177
Th,12/8/2011,2Y,1.033
Th,12/8/2011,5Y,2.296
Th,12/8/2011,10Y,3.192
Fr,12/9/2011,2Y,1.072
Fr,12/9/2011,5Y,2.266
Fr,12/9/2011,10Y,3.19
Mo,12/12/2011,2Y,1.006
Mo,12/12/2011,5Y,2.227
Mo,12/12/2011,10Y,3.13
Tu,12/13/2011,2Y,1.058
Tu,12/13/2011,5Y,2.202
Tu,12/13/2011,10Y,3.108
We,12/14/2011,2Y,0.984
We,12/14/2011,5Y,2.132
We,12/14/2011,10Y,3.004
Th,12/15/2011,2Y,0.863
Th,12/15/2011,5Y,2.006
Th,12/15/2011,10Y,2.899
Fr,12/16/2011,2Y,0.803
Fr,12/16/2011,5Y,1.947
Fr,12/16/2011,10Y,2.851
Mo,12/19/2011,2Y,0.861
Mo,12/19/2011,5Y,1.996
Mo,12/19/2011,10Y,2.926
Tu,12/20/2011,2Y,0.99
Tu,12/20/2011,5Y,2.288
Tu,12/20/2011,10Y,2.999
We,12/21/2011,2Y,1.015
We,12/21/2011,5Y,2.295
We,12/21/2011,10Y,2.977
Th,12/22/2011,2Y,1.011
Th,12/22/2011,5Y,2.338
Th,12/22/2011,10Y,2.971
Fr,12/23/2011,2Y,0.987
Fr,12/23/2011,5Y,2.326
Fr,12/23/2011,10Y,2.978
Mo,12/26/2011,2Y,0.987
Mo,12/26/2011,5Y,2.326
Mo,12/26/2011,10Y,2.978
Tu,12/27/2011,2Y,0.884
Tu,12/27/2011,5Y,2.273
Tu,12/27/2011,10Y,2.94
We,12/28/2011,2Y,0.917
We,12/28/2011,5Y,2.212
We,12/28/2011,10Y,2.879
Th,12/29/2011,2Y,0.82
Th,12/29/2011,5Y,2.14
Th,12/29/2011,10Y,2.841
Fr,12/30/2011,2Y,0.901
Fr,12/30/2011,5Y,2.137
Fr,12/30/2011,10Y,2.872
Mo,1/2/2012,2Y,0.934
Mo,1/2/2012,5Y,2.315
Mo,1/2/2012,10Y,2.992
Tu,1/3/2012,2Y,0.946
Tu,1/3/2012,5Y,2.359
Tu,1/3/2012,10Y,3.079
We,1/4/2012,2Y,0.959
We,1/4/2012,5Y,2.523
We,1/4/2012,10Y,3.213
Th,1/5/2012,2Y,1.133
Th,1/5/2012,5Y,2.628
Th,1/5/2012,10Y,3.329
Fr,1/6/2012,2Y,1.256
Fr,1/6/2012,5Y,2.786
Fr,1/6/2012,10Y,3.397
Mo,1/9/2012,2Y,1.116
Mo,1/9/2012,5Y,2.639
Mo,1/9/2012,10Y,3.244
Tu,1/10/2012,2Y,1.006
Tu,1/10/2012,5Y,2.564
Tu,1/10/2012,10Y,3.182
We,1/11/2012,2Y,0.919
We,1/11/2012,5Y,2.392
We,1/11/2012,10Y,3.049
Th,1/12/2012,2Y,0.829
Th,1/12/2012,5Y,2.213
Th,1/12/2012,10Y,2.949
Fr,1/13/2012,2Y,0.747
Fr,1/13/2012,5Y,2.321
Fr,1/13/2012,10Y,3.025
Mo,1/16/2012,2Y,0.771
Mo,1/16/2012,5Y,2.178
Mo,1/16/2012,10Y,2.98
Tu,1/17/2012,2Y,0.793
Tu,1/17/2012,5Y,2.238
Tu,1/17/2012,10Y,3.005
We,1/18/2012,2Y,0.83
We,1/18/2012,5Y,2.266
We,1/18/2012,10Y,3.095
Th,1/19/2012,2Y,0.82
Th,1/19/2012,5Y,2.262
Th,1/19/2012,10Y,3.106
Fr,1/20/2012,2Y,0.717
Fr,1/20/2012,5Y,2.203
Fr,1/20/2012,10Y,3.085
Mo,1/23/2012,2Y,0.734
Mo,1/23/2012,5Y,2.184
Mo,1/23/2012,10Y,3.087
Tu,1/24/2012,2Y,0.8
Tu,1/24/2012,5Y,2.203
Tu,1/24/2012,10Y,3.123
We,1/25/2012,2Y,0.729
We,1/25/2012,5Y,2.189
We,1/25/2012,10Y,3.093
Th,1/26/2012,2Y,0.696
Th,1/26/2012,5Y,2.115
Th,1/26/2012,10Y,3.009
Fr,1/27/2012,2Y,0.752
Fr,1/27/2012,5Y,2.038
Fr,1/27/2012,10Y,2.916
Mo,1/30/2012,2Y,0.725
Mo,1/30/2012,5Y,1.996
Mo,1/30/2012,10Y,2.897
Tu,1/31/2012,2Y,0.722
Tu,1/31/2012,5Y,2.024
Tu,1/31/2012,10Y,2.889
We,2/1/2012,2Y,0.665
We,2/1/2012,5Y,2.02
We,2/1/2012,10Y,3.041
Th,2/2/2012,2Y,0.624
Th,2/2/2012,5Y,1.875
Th,2/2/2012,10Y,2.943
Fr,2/3/2012,2Y,0.587
Fr,2/3/2012,5Y,1.849
Fr,2/3/2012,10Y,2.947
Mo,2/6/2012,2Y,0.569
Mo,2/6/2012,5Y,1.842
Mo,2/6/2012,10Y,2.931
Tu,2/7/2012,2Y,0.604
Tu,2/7/2012,5Y,1.875
Tu,2/7/2012,10Y,2.948
We,2/8/2012,2Y,0.579
We,2/8/2012,5Y,1.881
We,2/8/2012,10Y,2.955
Th,2/9/2012,2Y,0.607
Th,2/9/2012,5Y,1.846
Th,2/9/2012,10Y,2.928
Fr,2/10/2012,2Y,0.641
Fr,2/10/2012,5Y,1.835
Fr,2/10/2012,10Y,2.909
Mo,2/13/2012,2Y,0.751
Mo,2/13/2012,5Y,1.808
Mo,2/13/2012,10Y,2.883
Tu,2/14/2012,2Y,0.758
Tu,2/14/2012,5Y,1.855
Tu,2/14/2012,10Y,2.916
We,2/15/2012,2Y,0.773
We,2/15/2012,5Y,1.849
We,2/15/2012,10Y,2.961
Th,2/16/2012,2Y,0.825
Th,2/16/2012,5Y,1.902
Th,2/16/2012,10Y,2.972
Fr,2/17/2012,2Y,0.824
Fr,2/17/2012,5Y,1.923
Fr,2/17/2012,10Y,3.007
Mo,2/20/2012,2Y,0.832
Mo,2/20/2012,5Y,1.913
Mo,2/20/2012,10Y,2.988
Tu,2/21/2012,2Y,0.838
Tu,2/21/2012,5Y,1.934
Tu,2/21/2012,10Y,2.984
We,2/22/2012,2Y,0.803
We,2/22/2012,5Y,1.89
We,2/22/2012,10Y,2.949
Th,2/23/2012,2Y,0.785
Th,2/23/2012,5Y,1.855
Th,2/23/2012,10Y,2.922
Fr,2/24/2012,2Y,0.766
Fr,2/24/2012,5Y,1.837
Fr,2/24/2012,10Y,2.923
Mo,2/27/2012,2Y,0.744
Mo,2/27/2012,5Y,1.843
Mo,2/27/2012,10Y,2.928
Tu,2/28/2012,2Y,0.781
Tu,2/28/2012,5Y,1.842
Tu,2/28/2012,10Y,2.952
We,2/29/2012,2Y,0.765
We,2/29/2012,5Y,1.799
We,2/29/2012,10Y,2.919
Th,3/1/2012,2Y,0.749
Th,3/1/2012,5Y,1.748
Th,3/1/2012,10Y,2.848
Fr,3/2/2012,2Y,0.69
Fr,3/2/2012,5Y,1.692
Fr,3/2/2012,10Y,2.806
Mo,3/5/2012,2Y,0.716
Mo,3/5/2012,5Y,1.718
Mo,3/5/2012,10Y,2.832
Tu,3/6/2012,2Y,0.745
Tu,3/6/2012,5Y,1.749
Tu,3/6/2012,10Y,2.843
We,3/7/2012,2Y,0.709
We,3/7/2012,5Y,1.734
We,3/7/2012,10Y,2.821
Th,3/8/2012,2Y,0.705
Th,3/8/2012,5Y,1.692
Th,3/8/2012,10Y,2.796
Fr,3/9/2012,2Y,0.696
Fr,3/9/2012,5Y,1.67
Fr,3/9/2012,10Y,2.782
Mo,3/12/2012,2Y,0.697
Mo,3/12/2012,5Y,1.68
Mo,3/12/2012,10Y,2.784
Tu,3/13/2012,2Y,0.692
Tu,3/13/2012,5Y,1.682
Tu,3/13/2012,10Y,2.777
We,3/14/2012,2Y,0.726
We,3/14/2012,5Y,1.707
We,3/14/2012,10Y,2.796
Th,3/15/2012,2Y,0.753
Th,3/15/2012,5Y,1.743
Th,3/15/2012,10Y,2.827
Fr,3/16/2012,2Y,0.782
Fr,3/16/2012,5Y,1.78
Fr,3/16/2012,10Y,2.896
Mo,3/19/2012,2Y,0.783
Mo,3/19/2012,5Y,1.782
Mo,3/19/2012,10Y,2.881
Tu,3/20/2012,2Y,0.778
Tu,3/20/2012,5Y,1.786
Tu,3/20/2012,10Y,2.895
We,3/21/2012,2Y,0.767
We,3/21/2012,5Y,1.776
We,3/21/2012,10Y,2.887
Th,3/22/2012,2Y,0.771
Th,3/22/2012,5Y,1.782
Th,3/22/2012,10Y,2.879
Fr,3/23/2012,2Y,0.711
Fr,3/23/2012,5Y,1.749
Fr,3/23/2012,10Y,2.824
Mo,3/26/2012,2Y,0.69
Mo,3/26/2012,5Y,1.729
Mo,3/26/2012,10Y,2.805
Tu,3/27/2012,2Y,0.68
Tu,3/27/2012,5Y,1.724
Tu,3/27/2012,10Y,2.822
We,3/28/2012,2Y,0.658
We,3/28/2012,5Y,1.71
We,3/28/2012,10Y,2.828
Th,3/29/2012,2Y,0.682
Th,3/29/2012,5Y,1.711
Th,3/29/2012,10Y,2.813
Fr,3/30/2012,2Y,0.613
Fr,3/30/2012,5Y,1.635
Fr,3/30/2012,10Y,2.735
Mo,4/2/2012,2Y,0.601
Mo,4/2/2012,5Y,1.632
Mo,4/2/2012,10Y,2.742
Tu,4/3/2012,2Y,0.616
Tu,4/3/2012,5Y,1.634
Tu,4/3/2012,10Y,2.747
We,4/4/2012,2Y,0.614
We,4/4/2012,5Y,1.659
We,4/4/2012,10Y,2.769
Th,4/5/2012,2Y,0.622
Th,4/5/2012,5Y,1.72
Th,4/5/2012,10Y,2.816
Fr,4/6/2012,2Y,0.622
Fr,4/6/2012,5Y,1.72
Fr,4/6/2012,10Y,2.816
Mo,4/9/2012,2Y,0.622
Mo,4/9/2012,5Y,1.72
Mo,4/9/2012,10Y,2.816
Tu,4/10/2012,2Y,0.642
Tu,4/10/2012,5Y,1.742
Tu,4/10/2012,10Y,2.832
We,4/11/2012,2Y,0.629
We,4/11/2012,5Y,1.696
We,4/11/2012,10Y,2.808
Th,4/12/2012,2Y,0.582
Th,4/12/2012,5Y,1.623
Th,4/12/2012,10Y,2.771
Fr,4/13/2012,2Y,0.612
Fr,4/13/2012,5Y,1.67
Fr,4/13/2012,10Y,2.788
Mo,4/16/2012,2Y,0.654
Mo,4/16/2012,5Y,1.708
Mo,4/16/2012,10Y,2.849
Tu,4/17/2012,2Y,0.627
Tu,4/17/2012,5Y,1.699
Tu,4/17/2012,10Y,2.826
We,4/18/2012,2Y,0.634
We,4/18/2012,5Y,1.683
We,4/18/2012,10Y,2.799
Th,4/19/2012,2Y,0.674
Th,4/19/2012,5Y,1.729
Th,4/19/2012,10Y,2.84
Fr,4/20/2012,2Y,0.691
Fr,4/20/2012,5Y,1.752
Fr,4/20/2012,10Y,2.841
Mo,4/23/2012,2Y,0.752
Mo,4/23/2012,5Y,1.77
Mo,4/23/2012,10Y,2.844
Tu,4/24/2012,2Y,0.683
Tu,4/24/2012,5Y,1.714
Tu,4/24/2012,10Y,2.796
We,4/25/2012,2Y,0.641
We,4/25/2012,5Y,1.664
We,4/25/2012,10Y,2.764
Th,4/26/2012,2Y,0.622
Th,4/26/2012,5Y,1.625
Th,4/26/2012,10Y,2.715
Fr,4/27/2012,2Y,0.617
Fr,4/27/2012,5Y,1.621
Fr,4/27/2012,10Y,2.708
Mo,4/30/2012,2Y,0.589
Mo,4/30/2012,5Y,1.549
Mo,4/30/2012,10Y,2.656
Tu,5/1/2012,2Y,0.617
Tu,5/1/2012,5Y,1.566
Tu,5/1/2012,10Y,2.656
We,5/2/2012,2Y,0.574
We,5/2/2012,5Y,1.554
We,5/2/2012,10Y,2.647
Th,5/3/2012,2Y,0.52
Th,5/3/2012,5Y,1.488
Th,5/3/2012,10Y,2.603
Fr,5/4/2012,2Y,0.506
Fr,5/4/2012,5Y,1.494
Fr,5/4/2012,10Y,2.601
Mo,5/7/2012,2Y,0.474
Mo,5/7/2012,5Y,1.47
Mo,5/7/2012,10Y,2.581
Tu,5/8/2012,2Y,0.483
Tu,5/8/2012,5Y,1.437
Tu,5/8/2012,10Y,2.557
We,5/9/2012,2Y,0.516
We,5/9/2012,5Y,1.497
We,5/9/2012,10Y,2.594
Th,5/10/2012,2Y,0.498
Th,5/10/2012,5Y,1.444
Th,5/10/2012,10Y,2.545
Fr,5/11/2012,2Y,0.477
Fr,5/11/2012,5Y,1.39
Fr,5/11/2012,10Y,2.502
Mo,5/14/2012,2Y,0.51
Mo,5/14/2012,5Y,1.412
Mo,5/14/2012,10Y,2.496
Tu,5/15/2012,2Y,0.525
Tu,5/15/2012,5Y,1.436
Tu,5/15/2012,10Y,2.51
We,5/16/2012,2Y,0.514
We,5/16/2012,5Y,1.434
We,5/16/2012,10Y,2.523
Th,5/17/2012,2Y,0.494
Th,5/17/2012,5Y,1.418
Th,5/17/2012,10Y,2.488
Fr,5/18/2012,2Y,0.541
Fr,5/18/2012,5Y,1.455
Fr,5/18/2012,10Y,2.484
Mo,5/21/2012,2Y,0.526
Mo,5/21/2012,5Y,1.468
Mo,5/21/2012,10Y,2.5
Tu,5/22/2012,2Y,0.48
Tu,5/22/2012,5Y,1.412
Tu,5/22/2012,10Y,2.453
We,5/23/2012,2Y,0.457
We,5/23/2012,5Y,1.367
We,5/23/2012,10Y,2.411
Th,5/24/2012,2Y,0.384
Th,5/24/2012,5Y,1.246
Th,5/24/2012,10Y,2.263
Fr,5/25/2012,2Y,0.379
Fr,5/25/2012,5Y,1.223
Fr,5/25/2012,10Y,2.235
Mo,5/28/2012,2Y,0.368
Mo,5/28/2012,5Y,1.254
Mo,5/28/2012,10Y,2.247
Tu,5/29/2012,2Y,0.377
Tu,5/29/2012,5Y,1.251
Tu,5/29/2012,10Y,2.263
We,5/30/2012,2Y,0.408
We,5/30/2012,5Y,1.255
We,5/30/2012,10Y,2.215
Th,5/31/2012,2Y,0.362
Th,5/31/2012,5Y,1.156
Th,5/31/2012,10Y,2.094
Fr,6/1/2012,2Y,0.332
Fr,6/1/2012,5Y,1.056
Fr,6/1/2012,10Y,1.971
Mo,6/4/2012,2Y,0.354
Mo,6/4/2012,5Y,1.088
Mo,6/4/2012,10Y,2.001
Tu,6/5/2012,2Y,0.37
Tu,6/5/2012,5Y,1.085
Tu,6/5/2012,10Y,2.029
We,6/6/2012,2Y,0.431
We,6/6/2012,5Y,1.133
We,6/6/2012,10Y,2.075
Th,6/7/2012,2Y,0.444
Th,6/7/2012,5Y,1.24
Th,6/7/2012,10Y,2.222
Fr,6/8/2012,2Y,0.376
Fr,6/8/2012,5Y,1.225
Fr,6/8/2012,10Y,2.206
Mo,6/11/2012,2Y,0.434
Mo,6/11/2012,5Y,1.255
Mo,6/11/2012,10Y,2.249
Tu,6/12/2012,2Y,0.49
Tu,6/12/2012,5Y,1.361
Tu,6/12/2012,10Y,2.367
We,6/13/2012,2Y,0.507
We,6/13/2012,5Y,1.376
We,6/13/2012,10Y,2.391
Th,6/14/2012,2Y,0.461
Th,6/14/2012,5Y,1.321
Th,6/14/2012,10Y,2.332
Fr,6/15/2012,2Y,0.385
Fr,6/15/2012,5Y,1.243
Fr,6/15/2012,10Y,2.228
Mo,6/18/2012,2Y,0.424
Mo,6/18/2012,5Y,1.272
Mo,6/18/2012,10Y,2.263
Tu,6/19/2012,2Y,0.432
Tu,6/19/2012,5Y,1.325
Tu,6/19/2012,10Y,2.297
We,6/20/2012,2Y,0.446
We,6/20/2012,5Y,1.33
We,6/20/2012,10Y,2.334
Th,6/21/2012,2Y,0.427
Th,6/21/2012,5Y,1.308
Th,6/21/2012,10Y,2.326
Fr,6/22/2012,2Y,0.423
Fr,6/22/2012,5Y,1.245
Fr,6/22/2012,10Y,2.31
Mo,6/25/2012,2Y,0.423
Mo,6/25/2012,5Y,1.264
Mo,6/25/2012,10Y,2.311
Tu,6/26/2012,2Y,0.411
Tu,6/26/2012,5Y,1.273
Tu,6/26/2012,10Y,2.368
We,6/27/2012,2Y,0.427
We,6/27/2012,5Y,1.266
We,6/27/2012,10Y,2.376
Th,6/28/2012,2Y,0.409
Th,6/28/2012,5Y,1.275
Th,6/28/2012,10Y,2.378
Fr,6/29/2012,2Y,0.395
Fr,6/29/2012,5Y,1.26
Fr,6/29/2012,10Y,2.401
Mo,7/2/2012,2Y,0.365
Mo,7/2/2012,5Y,1.177
Mo,7/2/2012,10Y,2.332
Tu,7/3/2012,2Y,0.309
Tu,7/3/2012,5Y,1.111
Tu,7/3/2012,10Y,2.288
We,7/4/2012,2Y,0.284
We,7/4/2012,5Y,1.099
We,7/4/2012,10Y,2.267
Th,7/5/2012,2Y,0.203
Th,7/5/2012,5Y,1.007
Th,7/5/2012,10Y,2.203
Fr,7/6/2012,2Y,0.131
Fr,7/6/2012,5Y,0.815
Fr,7/6/2012,10Y,2.064
Mo,7/9/2012,2Y,0.161
Mo,7/9/2012,5Y,0.874
Mo,7/9/2012,10Y,2.142
Tu,7/10/2012,2Y,0.093
Tu,7/10/2012,5Y,0.837
Tu,7/10/2012,10Y,2.108
We,7/11/2012,2Y,0.065
We,7/11/2012,5Y,0.783
We,7/11/2012,10Y,2.053
Th,7/12/2012,2Y,0.036
Th,7/12/2012,5Y,0.748
Th,7/12/2012,10Y,2.015
Fr,7/13/2012,2Y,-0.008
Fr,7/13/2012,5Y,0.715
Fr,7/13/2012,10Y,1.993
Mo,7/16/2012,2Y,-0.025
Mo,7/16/2012,5Y,0.643
Mo,7/16/2012,10Y,1.915
Tu,7/17/2012,2Y,0.018
Tu,7/17/2012,5Y,0.615
Tu,7/17/2012,10Y,1.866
We,7/18/2012,2Y,0.03
We,7/18/2012,5Y,0.67
We,7/18/2012,10Y,1.866
Th,7/19/2012,2Y,0.033
Th,7/19/2012,5Y,0.653
Th,7/19/2012,10Y,1.85
Fr,7/20/2012,2Y,0.043
Fr,7/20/2012,5Y,0.683
Fr,7/20/2012,10Y,1.872
Mo,7/23/2012,2Y,0.127
Mo,7/23/2012,5Y,0.777
Mo,7/23/2012,10Y,1.926
Tu,7/24/2012,2Y,0.153
Tu,7/24/2012,5Y,0.847
Tu,7/24/2012,10Y,2.036
We,7/25/2012,2Y,0.18
We,7/25/2012,5Y,0.874
We,7/25/2012,10Y,2.056
Th,7/26/2012,2Y,0.103
Th,7/26/2012,5Y,0.794
Th,7/26/2012,10Y,1.996
Fr,7/27/2012,2Y,0.079
Fr,7/27/2012,5Y,0.773
Fr,7/27/2012,10Y,2.004
Mo,7/30/2012,2Y,0.016
Mo,7/30/2012,5Y,0.691
Mo,7/30/2012,10Y,1.968
Tu,7/31/2012,2Y,0.005
Tu,7/31/2012,5Y,0.637
Tu,7/31/2012,10Y,1.866
We,8/1/2012,2Y,0.011
We,8/1/2012,5Y,0.661
We,8/1/2012,10Y,1.886
Th,8/2/2012,2Y,0.023
Th,8/2/2012,5Y,0.64
Th,8/2/2012,10Y,1.858
Fr,8/3/2012,2Y,0.062
Fr,8/3/2012,5Y,0.697
Fr,8/3/2012,10Y,1.929
Mo,8/6/2012,2Y,0.04
Mo,8/6/2012,5Y,0.679
Mo,8/6/2012,10Y,1.917
Tu,8/7/2012,2Y,0.07
Tu,8/7/2012,5Y,0.714
Tu,8/7/2012,10Y,1.962
We,8/8/2012,2Y,0.052
We,8/8/2012,5Y,0.672
We,8/8/2012,10Y,1.927
Th,8/9/2012,2Y,0.055
Th,8/9/2012,5Y,0.675
Th,8/9/2012,10Y,1.935
Fr,8/10/2012,2Y,0.055
Fr,8/10/2012,5Y,0.645
Fr,8/10/2012,10Y,1.905
Mo,8/13/2012,2Y,0.052
Mo,8/13/2012,5Y,0.675
Mo,8/13/2012,10Y,1.928
Tu,8/14/2012,2Y,0.043
Tu,8/14/2012,5Y,0.671
Tu,8/14/2012,10Y,1.928
We,8/15/2012,2Y,0.044
We,8/15/2012,5Y,0.709
We,8/15/2012,10Y,1.973
Th,8/16/2012,2Y,0.05
Th,8/16/2012,5Y,0.733
Th,8/16/2012,10Y,1.972
Fr,8/17/2012,2Y,0.058
Fr,8/17/2012,5Y,0.736
Fr,8/17/2012,10Y,1.96
Mo,8/20/2012,2Y,0.06
Mo,8/20/2012,5Y,0.756
Mo,8/20/2012,10Y,1.982
Tu,8/21/2012,2Y,0.067
Tu,8/21/2012,5Y,0.78
Tu,8/21/2012,10Y,2.007
We,8/22/2012,2Y,0.059
We,8/22/2012,5Y,0.946
We,8/22/2012,10Y,2.114
Th,8/23/2012,2Y,0.04
Th,8/23/2012,5Y,0.865
Th,8/23/2012,10Y,2.035
Fr,8/24/2012,2Y,0.043
Fr,8/24/2012,5Y,0.837
Fr,8/24/2012,10Y,2.01
Mo,8/27/2012,2Y,0.051
Mo,8/27/2012,5Y,0.849
Mo,8/27/2012,10Y,2.015
Tu,8/28/2012,2Y,0.074
Tu,8/28/2012,5Y,0.878
Tu,8/28/2012,10Y,2.021
We,8/29/2012,2Y,0.086
We,8/29/2012,5Y,0.904
We,8/29/2012,10Y,2.059
Th,8/30/2012,2Y,0.074
Th,8/30/2012,5Y,0.884
Th,8/30/2012,10Y,2.037
Fr,8/31/2012,2Y,0.042
Fr,8/31/2012,5Y,0.889
Fr,8/31/2012,10Y,2.021
Mo,9/3/2012,2Y,0.056
Mo,9/3/2012,5Y,0.905
Mo,9/3/2012,10Y,2.042
Tu,9/4/2012,2Y,0.039
Tu,9/4/2012,5Y,0.882
Tu,9/4/2012,10Y,2.039
We,9/5/2012,2Y,0.031
We,9/5/2012,5Y,0.886
We,9/5/2012,10Y,2.046
Th,9/6/2012,2Y,0.061
Th,9/6/2012,5Y,0.914
Th,9/6/2012,10Y,2.086
Fr,9/7/2012,2Y,0.096
Fr,9/7/2012,5Y,0.912
Fr,9/7/2012,10Y,2.074
Mo,9/10/2012,2Y,0.115
Mo,9/10/2012,5Y,0.945
Mo,9/10/2012,10Y,2.125
Tu,9/11/2012,2Y,0.095
Tu,9/11/2012,5Y,0.892
Tu,9/11/2012,10Y,2.054
We,9/12/2012,2Y,0.118
We,9/12/2012,5Y,0.923
We,9/12/2012,10Y,2.09
Th,9/13/2012,2Y,0.12
Th,9/13/2012,5Y,0.898
Th,9/13/2012,10Y,2.06
Fr,9/14/2012,2Y,0.152
Fr,9/14/2012,5Y,0.982
Fr,9/14/2012,10Y,2.152
Mo,9/17/2012,2Y,0.144
Mo,9/17/2012,5Y,0.999
Mo,9/17/2012,10Y,2.167
Tu,9/18/2012,2Y,0.141
Tu,9/18/2012,5Y,0.955
Tu,9/18/2012,10Y,2.133
We,9/19/2012,2Y,0.129
We,9/19/2012,5Y,0.952
We,9/19/2012,10Y,2.137
Th,9/20/2012,2Y,0.124
Th,9/20/2012,5Y,0.94
Th,9/20/2012,10Y,2.13
Fr,9/21/2012,2Y,0.118
Fr,9/21/2012,5Y,0.93
Fr,9/21/2012,10Y,2.125
Mo,9/24/2012,2Y,0.116
Mo,9/24/2012,5Y,0.906
Mo,9/24/2012,10Y,2.121
Tu,9/25/2012,2Y,0.119
Tu,9/25/2012,5Y,0.904
Tu,9/25/2012,10Y,2.114
We,9/26/2012,2Y,0.101
We,9/26/2012,5Y,0.837
We,9/26/2012,10Y,2.041
Th,9/27/2012,2Y,0.093
Th,9/27/2012,5Y,0.842
Th,9/27/2012,10Y,2.045
Fr,9/28/2012,2Y,0.098
Fr,9/28/2012,5Y,0.82
Fr,9/28/2012,10Y,2.015
Mo,10/1/2012,2Y,0.104
Mo,10/1/2012,5Y,0.838
Mo,10/1/2012,10Y,2.034
Tu,10/2/2012,2Y,0.102
Tu,10/2/2012,5Y,0.835
Tu,10/2/2012,10Y,2.025
We,10/3/2012,2Y,0.095
We,10/3/2012,5Y,0.826
We,10/3/2012,10Y,2.019
Th,10/4/2012,2Y,0.092
Th,10/4/2012,5Y,0.831
Th,10/4/2012,10Y,2.019
Fr,10/5/2012,2Y,0.104
Fr,10/5/2012,5Y,0.847
Fr,10/5/2012,10Y,2.045
Mo,10/8/2012,2Y,0.097
Mo,10/8/2012,5Y,0.833
Mo,10/8/2012,10Y,2.031
Tu,10/9/2012,2Y,0.08
Tu,10/9/2012,5Y,0.818
Tu,10/9/2012,10Y,2.001
We,10/10/2012,2Y,0.086
We,10/10/2012,5Y,0.813
We,10/10/2012,10Y,1.986
Th,10/11/2012,2Y,0.093
Th,10/11/2012,5Y,0.823
Th,10/11/2012,10Y,1.98
Fr,10/12/2012,2Y,0.087
Fr,10/12/2012,5Y,0.779
Fr,10/12/2012,10Y,1.948
Mo,10/15/2012,2Y,0.087
Mo,10/15/2012,5Y,0.788
Mo,10/15/2012,10Y,1.941
Tu,10/16/2012,2Y,0.105
Tu,10/16/2012,5Y,0.829
Tu,10/16/2012,10Y,1.996
We,10/17/2012,2Y,0.119
We,10/17/2012,5Y,0.868
We,10/17/2012,10Y,2.042
Th,10/18/2012,2Y,0.132
Th,10/18/2012,5Y,0.883
Th,10/18/2012,10Y,2.031
Fr,10/19/2012,2Y,0.133
Fr,10/19/2012,5Y,0.87
Fr,10/19/2012,10Y,2.014
Mo,10/22/2012,2Y,0.146
Mo,10/22/2012,5Y,0.886
Mo,10/22/2012,10Y,2.033
Tu,10/23/2012,2Y,0.145
Tu,10/23/2012,5Y,0.871
Tu,10/23/2012,10Y,2.025
We,10/24/2012,2Y,0.113
We,10/24/2012,5Y,0.848
We,10/24/2012,10Y,2.015
Th,10/25/2012,2Y,0.11
Th,10/25/2012,5Y,0.851
Th,10/25/2012,10Y,2.032
Fr,10/26/2012,2Y,0.094
Fr,10/26/2012,5Y,0.815
Fr,10/26/2012,10Y,2.006
Mo,10/29/2012,2Y,0.098
Mo,10/29/2012,5Y,0.806
Mo,10/29/2012,10Y,1.988
Tu,10/30/2012,2Y,0.094
Tu,10/30/2012,5Y,0.805
Tu,10/30/2012,10Y,1.989
We,10/31/2012,2Y,0.101
We,10/31/2012,5Y,0.81
We,10/31/2012,10Y,1.978
Th,11/1/2012,2Y,0.085
Th,11/1/2012,5Y,0.79
Th,11/1/2012,10Y,1.955
Fr,11/2/2012,2Y,0.077
Fr,11/2/2012,5Y,0.777
Fr,11/2/2012,10Y,1.95
Mo,11/5/2012,2Y,0.068
Mo,11/5/2012,5Y,0.761
Mo,11/5/2012,10Y,1.929
Tu,11/6/2012,2Y,0.06
Tu,11/6/2012,5Y,0.739
Tu,11/6/2012,10Y,1.885
We,11/7/2012,2Y,0.03
We,11/7/2012,5Y,0.703
We,11/7/2012,10Y,1.86
Th,11/8/2012,2Y,0.025
Th,11/8/2012,5Y,0.686
Th,11/8/2012,10Y,1.841
Fr,11/9/2012,2Y,0.014
Fr,11/9/2012,5Y,0.663
Fr,11/9/2012,10Y,1.805
Mo,11/12/2012,2Y,0.013
Mo,11/12/2012,5Y,0.652
Mo,11/12/2012,10Y,1.782
Tu,11/13/2012,2Y,0.009
Tu,11/13/2012,5Y,0.64
Tu,11/13/2012,10Y,1.752
We,11/14/2012,2Y,0.019
We,11/14/2012,5Y,0.664
We,11/14/2012,10Y,1.781
Th,11/15/2012,2Y,0.021
Th,11/15/2012,5Y,0.652
Th,11/15/2012,10Y,1.769
Fr,11/16/2012,2Y,0.014
Fr,11/16/2012,5Y,0.651
Fr,11/16/2012,10Y,1.772
Mo,11/19/2012,2Y,0.024
Mo,11/19/2012,5Y,0.656
Mo,11/19/2012,10Y,1.778
Tu,11/20/2012,2Y,0.037
Tu,11/20/2012,5Y,0.71
Tu,11/20/2012,10Y,1.838
We,11/21/2012,2Y,0.037
We,11/21/2012,5Y,0.728
We,11/21/2012,10Y,1.86
Th,11/22/2012,2Y,0.033
Th,11/22/2012,5Y,0.725
Th,11/22/2012,10Y,1.856
Fr,11/23/2012,2Y,0.035
Fr,11/23/2012,5Y,0.702
Fr,11/23/2012,10Y,1.844
Mo,11/26/2012,2Y,0.028
Mo,11/26/2012,5Y,0.686
Mo,11/26/2012,10Y,1.826
Tu,11/27/2012,2Y,0.039
Tu,11/27/2012,5Y,0.681
Tu,11/27/2012,10Y,1.805
We,11/28/2012,2Y,0.015
We,11/28/2012,5Y,0.634
We,11/28/2012,10Y,1.737
Th,11/29/2012,2Y,0.038
Th,11/29/2012,5Y,0.636
Th,11/29/2012,10Y,1.733
Fr,11/30/2012,2Y,0.046
Fr,11/30/2012,5Y,0.636
Fr,11/30/2012,10Y,1.745
Mo,12/3/2012,2Y,0.046
Mo,12/3/2012,5Y,0.664
Mo,12/3/2012,10Y,1.759
Tu,12/4/2012,2Y,0.061
Tu,12/4/2012,5Y,0.662
Tu,12/4/2012,10Y,1.758
We,12/5/2012,2Y,0.047
We,12/5/2012,5Y,0.632
We,12/5/2012,10Y,1.733
Th,12/6/2012,2Y,0.027
Th,12/6/2012,5Y,0.62
Th,12/6/2012,10Y,1.722
Fr,12/7/2012,2Y,-0.016
Fr,12/7/2012,5Y,0.559
Fr,12/7/2012,10Y,1.695
Mo,12/10/2012,2Y,-0.004
Mo,12/10/2012,5Y,0.552
Mo,12/10/2012,10Y,1.7
Tu,12/11/2012,2Y,0.009
Tu,12/11/2012,5Y,0.547
Tu,12/11/2012,10Y,1.707
We,12/12/2012,2Y,0.013
We,12/12/2012,5Y,0.546
We,12/12/2012,10Y,1.719
Th,12/13/2012,2Y,0.027
Th,12/13/2012,5Y,0.544
Th,12/13/2012,10Y,1.742
Fr,12/14/2012,2Y,0.024
Fr,12/14/2012,5Y,0.549
Fr,12/14/2012,10Y,1.728
Mo,12/17/2012,2Y,0.034
Mo,12/17/2012,5Y,0.577
Mo,12/17/2012,10Y,1.76
Tu,12/18/2012,2Y,0.049
Tu,12/18/2012,5Y,0.61
Tu,12/18/2012,10Y,1.807
We,12/19/2012,2Y,0.05
We,12/19/2012,5Y,0.594
We,12/19/2012,10Y,1.773
Th,12/20/2012,2Y,0.047
Th,12/20/2012,5Y,0.576
Th,12/20/2012,10Y,1.758
Fr,12/21/2012,2Y,0.047
Fr,12/21/2012,5Y,0.564
Fr,12/21/2012,10Y,1.745
Mo,12/24/2012,2Y,0.047
Mo,12/24/2012,5Y,0.558
Mo,12/24/2012,10Y,1.743
Tu,12/25/2012,2Y,0.047
Tu,12/25/2012,5Y,0.558
Tu,12/25/2012,10Y,1.743
We,12/26/2012,2Y,0.047
We,12/26/2012,5Y,0.558
We,12/26/2012,10Y,1.743
Th,12/27/2012,2Y,0.048
Th,12/27/2012,5Y,0.559
Th,12/27/2012,10Y,1.731
Fr,12/28/2012,2Y,0.041
Fr,12/28/2012,5Y,0.556
Fr,12/28/2012,10Y,1.736
Mo,12/31/2012,2Y,0.035
Mo,12/31/2012,5Y,0.557
Mo,12/31/2012,10Y,1.733
Tu,1/1/2013,2Y,0.035
Tu,1/1/2013,5Y,0.557
Tu,1/1/2013,10Y,1.733
We,1/2/2013,2Y,0.07
We,1/2/2013,5Y,0.628
We,1/2/2013,10Y,1.835
Th,1/3/2013,2Y,0.103
Th,1/3/2013,5Y,0.8
Th,1/3/2013,10Y,1.873
Fr,1/4/2013,2Y,0.133
Fr,1/4/2013,5Y,0.849
Fr,1/4/2013,10Y,1.911
Mo,1/7/2013,2Y,0.134
Mo,1/7/2013,5Y,0.824
Mo,1/7/2013,10Y,1.874
Tu,1/8/2013,2Y,0.122
Tu,1/8/2013,5Y,0.797
Tu,1/8/2013,10Y,1.853
We,1/9/2013,2Y,0.116
We,1/9/2013,5Y,0.758
We,1/9/2013,10Y,1.826
Th,1/10/2013,2Y,0.141
Th,1/10/2013,5Y,0.798
Th,1/10/2013,10Y,1.866
Fr,1/11/2013,2Y,0.15
Fr,1/11/2013,5Y,0.828
Fr,1/11/2013,10Y,1.883
Mo,1/14/2013,2Y,0.154
Mo,1/14/2013,5Y,0.84
Mo,1/14/2013,10Y,1.877
Tu,1/15/2013,2Y,0.145
Tu,1/15/2013,5Y,0.835
Tu,1/15/2013,10Y,1.86
We,1/16/2013,2Y,0.136
We,1/16/2013,5Y,0.826
We,1/16/2013,10Y,1.863
Th,1/17/2013,2Y,0.197
Th,1/17/2013,5Y,0.889
Th,1/17/2013,10Y,1.921
Fr,1/18/2013,2Y,0.179
Fr,1/18/2013,5Y,0.863
Fr,1/18/2013,10Y,1.872
Mo,1/21/2013,2Y,0.206
Mo,1/21/2013,5Y,0.885
Mo,1/21/2013,10Y,1.908
Tu,1/22/2013,2Y,0.18
Tu,1/22/2013,5Y,0.859
Tu,1/22/2013,10Y,1.88
We,1/23/2013,2Y,0.174
We,1/23/2013,5Y,0.83
We,1/23/2013,10Y,1.853
Th,1/24/2013,2Y,0.19
Th,1/24/2013,5Y,0.841
Th,1/24/2013,10Y,1.876
Fr,1/25/2013,2Y,0.253
Fr,1/25/2013,5Y,0.965
Fr,1/25/2013,10Y,1.933
Mo,1/28/2013,2Y,0.3
Mo,1/28/2013,5Y,1.039
Mo,1/28/2013,10Y,1.978
Tu,1/29/2013,2Y,0.274
Tu,1/29/2013,5Y,1.019
Tu,1/29/2013,10Y,1.974
We,1/30/2013,2Y,0.302
We,1/30/2013,5Y,1.045
We,1/30/2013,10Y,2.014
Th,1/31/2013,2Y,0.283
Th,1/31/2013,5Y,1.004
Th,1/31/2013,10Y,1.978
Fr,2/1/2013,2Y,0.259
Fr,2/1/2013,5Y,0.966
Fr,2/1/2013,10Y,1.97
Mo,2/4/2013,2Y,0.228
Mo,2/4/2013,5Y,0.937
Mo,2/4/2013,10Y,1.933
Tu,2/5/2013,2Y,0.252
Tu,2/5/2013,5Y,0.969
Tu,2/5/2013,10Y,1.965
We,2/6/2013,2Y,0.251
We,2/6/2013,5Y,0.967
We,2/6/2013,10Y,1.965
Th,2/7/2013,2Y,0.199
Th,2/7/2013,5Y,0.885
Th,2/7/2013,10Y,1.934
Fr,2/8/2013,2Y,0.195
Fr,2/8/2013,5Y,0.875
Fr,2/8/2013,10Y,1.927
Mo,2/11/2013,2Y,0.202
Mo,2/11/2013,5Y,0.893
Mo,2/11/2013,10Y,1.933
Tu,2/12/2013,2Y,0.215
Tu,2/12/2013,5Y,0.919
Tu,2/12/2013,10Y,1.958
We,2/13/2013,2Y,0.223
We,2/13/2013,5Y,0.95
We,2/13/2013,10Y,1.993
Th,2/14/2013,2Y,0.192
Th,2/14/2013,5Y,0.917
Th,2/14/2013,10Y,1.971
Fr,2/15/2013,2Y,0.195
Fr,2/15/2013,5Y,0.929
Fr,2/15/2013,10Y,1.979
Mo,2/18/2013,2Y,0.19
Mo,2/18/2013,5Y,0.927
Mo,2/18/2013,10Y,1.96
Tu,2/19/2013,2Y,0.181
Tu,2/19/2013,5Y,0.914
Tu,2/19/2013,10Y,1.951
We,2/20/2013,2Y,0.193
We,2/20/2013,5Y,0.934
We,2/20/2013,10Y,1.969
Th,2/21/2013,2Y,0.165
Th,2/21/2013,5Y,0.88
Th,2/21/2013,10Y,1.911
Fr,2/22/2013,2Y,0.133
Fr,2/22/2013,5Y,0.851
Fr,2/22/2013,10Y,1.906
Mo,2/25/2013,2Y,0.116
Mo,2/25/2013,5Y,0.832
Mo,2/25/2013,10Y,1.898
Tu,2/26/2013,2Y,0.078
Tu,2/26/2013,5Y,0.771
Tu,2/26/2013,10Y,1.831
We,2/27/2013,2Y,0.069
We,2/27/2013,5Y,0.755
We,2/27/2013,10Y,1.811
Th,2/28/2013,2Y,0.052
Th,2/28/2013,5Y,0.734
Th,2/28/2013,10Y,1.813
Fr,3/1/2013,2Y,0.051
Fr,3/1/2013,5Y,0.684
Fr,3/1/2013,10Y,1.75
Mo,3/4/2013,2Y,0.065
Mo,3/4/2013,5Y,0.664
Mo,3/4/2013,10Y,1.733
Tu,3/5/2013,2Y,0.074
Tu,3/5/2013,5Y,0.694
Tu,3/5/2013,10Y,1.757
We,3/6/2013,2Y,0.064
We,3/6/2013,5Y,0.691
We,3/6/2013,10Y,1.749
Th,3/7/2013,2Y,0.088
Th,3/7/2013,5Y,0.729
Th,3/7/2013,10Y,1.76
Fr,3/8/2013,2Y,0.102
Fr,3/8/2013,5Y,0.728
Fr,3/8/2013,10Y,1.75
Mo,3/11/2013,2Y,0.109
Mo,3/11/2013,5Y,0.737
Mo,3/11/2013,10Y,1.763
Tu,3/12/2013,2Y,0.111
Tu,3/12/2013,5Y,0.726
Tu,3/12/2013,10Y,1.752
We,3/13/2013,2Y,0.112
We,3/13/2013,5Y,0.722
We,3/13/2013,10Y,1.752
Th,3/14/2013,2Y,0.121
Th,3/14/2013,5Y,0.716
Th,3/14/2013,10Y,1.748
Fr,3/15/2013,2Y,0.109
Fr,3/15/2013,5Y,0.698
Fr,3/15/2013,10Y,1.725
Mo,3/18/2013,2Y,0.092
Mo,3/18/2013,5Y,0.661
Mo,3/18/2013,10Y,1.692
Tu,3/19/2013,2Y,0.1
Tu,3/19/2013,5Y,0.65
Tu,3/19/2013,10Y,1.663
We,3/20/2013,2Y,0.112
We,3/20/2013,5Y,0.674
We,3/20/2013,10Y,1.687
Th,3/21/2013,2Y,0.108
Th,3/21/2013,5Y,0.66
Th,3/21/2013,10Y,1.654
Fr,3/22/2013,2Y,0.109
Fr,3/22/2013,5Y,0.677
Fr,3/22/2013,10Y,1.675
Mo,3/25/2013,2Y,0.103
Mo,3/25/2013,5Y,0.668
Mo,3/25/2013,10Y,1.657
Tu,3/26/2013,2Y,0.099
Tu,3/26/2013,5Y,0.694
Tu,3/26/2013,10Y,1.691
We,3/27/2013,2Y,0.088
We,3/27/2013,5Y,0.675
We,3/27/2013,10Y,1.659
Th,3/28/2013,2Y,0.105
Th,3/28/2013,5Y,0.718
Th,3/28/2013,10Y,1.689
Fr,3/29/2013,2Y,0.105
Fr,3/29/2013,5Y,0.718
Fr,3/29/2013,10Y,1.689
Mo,4/1/2013,2Y,0.105
Mo,4/1/2013,5Y,0.718
Mo,4/1/2013,10Y,1.689
Tu,4/2/2013,2Y,0.094
Tu,4/2/2013,5Y,0.708
Tu,4/2/2013,10Y,1.683
We,4/3/2013,2Y,0.082
We,4/3/2013,5Y,0.668
We,4/3/2013,10Y,1.665
Th,4/4/2013,2Y,0.056
Th,4/4/2013,5Y,0.595
Th,4/4/2013,10Y,1.58
Fr,4/5/2013,2Y,0.06
Fr,4/5/2013,5Y,0.545
Fr,4/5/2013,10Y,1.475
Mo,4/8/2013,2Y,0.066
Mo,4/8/2013,5Y,0.566
Mo,4/8/2013,10Y,1.497
Tu,4/9/2013,2Y,0.078
Tu,4/9/2013,5Y,0.634
Tu,4/9/2013,10Y,1.576
We,4/10/2013,2Y,0.088
We,4/10/2013,5Y,0.697
We,4/10/2013,10Y,1.657
Th,4/11/2013,2Y,0.077
Th,4/11/2013,5Y,0.67
Th,4/11/2013,10Y,1.63
Fr,4/12/2013,2Y,0.063
Fr,4/12/2013,5Y,0.637
Fr,4/12/2013,10Y,1.586
Mo,4/15/2013,2Y,0.059
Mo,4/15/2013,5Y,0.628
Mo,4/15/2013,10Y,1.577
Tu,4/16/2013,2Y,0.066
Tu,4/16/2013,5Y,0.634
Tu,4/16/2013,10Y,1.593
We,4/17/2013,2Y,0.137
We,4/17/2013,5Y,0.583
We,4/17/2013,10Y,1.707
Th,4/18/2013,2Y,0.141
Th,4/18/2013,5Y,0.573
Th,4/18/2013,10Y,1.704
Fr,4/19/2013,2Y,0.138
Fr,4/19/2013,5Y,0.582
Fr,4/19/2013,10Y,1.712
Mo,4/22/2013,2Y,0.121
Mo,4/22/2013,5Y,0.546
Mo,4/22/2013,10Y,1.671
Tu,4/23/2013,2Y,0.124
Tu,4/23/2013,5Y,0.54
Tu,4/23/2013,10Y,1.671
We,4/24/2013,2Y,0.11
We,4/24/2013,5Y,0.524
We,4/24/2013,10Y,1.659
Th,4/25/2013,2Y,0.119
Th,4/25/2013,5Y,0.538
Th,4/25/2013,10Y,1.661
Fr,4/26/2013,2Y,0.106
Fr,4/26/2013,5Y,0.52
Fr,4/26/2013,10Y,1.642
Mo,4/29/2013,2Y,0.095
Mo,4/29/2013,5Y,0.519
Mo,4/29/2013,10Y,1.638
Tu,4/30/2013,2Y,0.083
Tu,4/30/2013,5Y,0.527
Tu,4/30/2013,10Y,1.63
We,5/1/2013,2Y,0.091
We,5/1/2013,5Y,0.524
We,5/1/2013,10Y,1.63
Th,5/2/2013,2Y,0.059
Th,5/2/2013,5Y,0.489
Th,5/2/2013,10Y,1.588
Fr,5/3/2013,2Y,0.083
Fr,5/3/2013,5Y,0.521
Fr,5/3/2013,10Y,1.643
Mo,5/6/2013,2Y,0.087
Mo,5/6/2013,5Y,0.513
Mo,5/6/2013,10Y,1.64
Tu,5/7/2013,2Y,0.109
Tu,5/7/2013,5Y,0.556
Tu,5/7/2013,10Y,1.669
We,5/8/2013,2Y,0.097
We,5/8/2013,5Y,0.536
We,5/8/2013,10Y,1.647
Th,5/9/2013,2Y,0.097
Th,5/9/2013,5Y,0.556
Th,5/9/2013,10Y,1.667
Fr,5/10/2013,2Y,0.14
Fr,5/10/2013,5Y,0.644
Fr,5/10/2013,10Y,1.773
Mo,5/13/2013,2Y,0.124
Mo,5/13/2013,5Y,0.615
Mo,5/13/2013,10Y,1.758
Tu,5/14/2013,2Y,0.13
Tu,5/14/2013,5Y,0.612
Tu,5/14/2013,10Y,1.767
We,5/15/2013,2Y,0.122
We,5/15/2013,5Y,0.605
We,5/15/2013,10Y,1.76
Th,5/16/2013,2Y,0.1
Th,5/16/2013,5Y,0.559
Th,5/16/2013,10Y,1.705
Fr,5/17/2013,2Y,0.081
Fr,5/17/2013,5Y,0.54
Fr,5/17/2013,10Y,1.686
Mo,5/20/2013,2Y,0.101
Mo,5/20/2013,5Y,0.575
Mo,5/20/2013,10Y,1.714
Tu,5/21/2013,2Y,0.109
Tu,5/21/2013,5Y,0.599
Tu,5/21/2013,10Y,1.742
We,5/22/2013,2Y,0.088
We,5/22/2013,5Y,0.586
We,5/22/2013,10Y,1.75
Th,5/23/2013,2Y,0.11
Th,5/23/2013,5Y,0.606
Th,5/23/2013,10Y,1.775
Fr,5/24/2013,2Y,0.107
Fr,5/24/2013,5Y,0.606
Fr,5/24/2013,10Y,1.775
Mo,5/27/2013,2Y,0.122
Mo,5/27/2013,5Y,0.646
Mo,5/27/2013,10Y,1.808
Tu,5/28/2013,2Y,0.138
Tu,5/28/2013,5Y,0.661
Tu,5/28/2013,10Y,1.851
We,5/29/2013,2Y,0.18
We,5/29/2013,5Y,0.716
We,5/29/2013,10Y,1.905
Th,5/30/2013,2Y,0.187
Th,5/30/2013,5Y,0.729
Th,5/30/2013,10Y,1.924
Fr,5/31/2013,2Y,0.166
Fr,5/31/2013,5Y,0.699
Fr,5/31/2013,10Y,1.896
Mo,6/3/2013,2Y,0.177
Mo,6/3/2013,5Y,0.74
Mo,6/3/2013,10Y,1.917
Tu,6/4/2013,2Y,0.18
Tu,6/4/2013,5Y,0.739
Tu,6/4/2013,10Y,1.909
We,6/5/2013,2Y,0.179
We,6/5/2013,5Y,0.721
We,6/5/2013,10Y,1.885
Th,6/6/2013,2Y,0.212
Th,6/6/2013,5Y,0.758
Th,6/6/2013,10Y,1.913
Fr,6/7/2013,2Y,0.266
Fr,6/7/2013,5Y,0.812
Fr,6/7/2013,10Y,1.939
Mo,6/10/2013,2Y,0.296
Mo,6/10/2013,5Y,0.873
Mo,6/10/2013,10Y,2.001
Tu,6/11/2013,2Y,0.328
Tu,6/11/2013,5Y,0.902
Tu,6/11/2013,10Y,2.031
We,6/12/2013,2Y,0.283
We,6/12/2013,5Y,0.866
We,6/12/2013,10Y,2.008
Th,6/13/2013,2Y,0.267
Th,6/13/2013,5Y,0.823
Th,6/13/2013,10Y,1.976
Fr,6/14/2013,2Y,0.242
Fr,6/14/2013,5Y,0.764
Fr,6/14/2013,10Y,1.912
Mo,6/17/2013,2Y,0.237
Mo,6/17/2013,5Y,0.755
Mo,6/17/2013,10Y,1.906
Tu,6/18/2013,2Y,0.273
Tu,6/18/2013,5Y,0.805
Tu,6/18/2013,10Y,1.952
We,6/19/2013,2Y,0.272
We,6/19/2013,5Y,0.8
We,6/19/2013,10Y,1.934
Th,6/20/2013,2Y,0.365
Th,6/20/2013,5Y,0.98
Th,6/20/2013,10Y,2.079
Fr,6/21/2013,2Y,0.389
Fr,6/21/2013,5Y,1.047
Fr,6/21/2013,10Y,2.138
Mo,6/24/2013,2Y,0.431
Mo,6/24/2013,5Y,1.173
Mo,6/24/2013,10Y,2.286
Tu,6/25/2013,2Y,0.41
Tu,6/25/2013,5Y,1.154
Tu,6/25/2013,10Y,2.287
We,6/26/2013,2Y,0.355
We,6/26/2013,5Y,1.054
We,6/26/2013,10Y,2.208
Th,6/27/2013,2Y,0.328
Th,6/27/2013,5Y,1.006
Th,6/27/2013,10Y,2.145
Fr,6/28/2013,2Y,0.321
Fr,6/28/2013,5Y,0.993
Fr,6/28/2013,10Y,2.155
Mo,7/1/2013,2Y,0.299
Mo,7/1/2013,5Y,0.958
Mo,7/1/2013,10Y,2.142
Tu,7/2/2013,2Y,0.264
Tu,7/2/2013,5Y,0.934
Tu,7/2/2013,10Y,2.127
We,7/3/2013,2Y,0.267
We,7/3/2013,5Y,0.927
We,7/3/2013,10Y,2.112
Th,7/4/2013,2Y,0.195
Th,7/4/2013,5Y,0.867
Th,7/4/2013,10Y,2.09
Fr,7/5/2013,2Y,0.186
Fr,7/5/2013,5Y,0.873
Fr,7/5/2013,10Y,2.136
Mo,7/8/2013,2Y,0.152
Mo,7/8/2013,5Y,0.828
Mo,7/8/2013,10Y,2.11
Tu,7/9/2013,2Y,0.144
Tu,7/9/2013,5Y,0.793
Tu,7/9/2013,10Y,2.084
We,7/10/2013,2Y,0.171
We,7/10/2013,5Y,0.823
We,7/10/2013,10Y,2.077
Th,7/11/2013,2Y,0.181
Th,7/11/2013,5Y,0.83
Th,7/11/2013,10Y,2.059
Fr,7/12/2013,2Y,0.17
Fr,7/12/2013,5Y,0.816
Fr,7/12/2013,10Y,2.012
Mo,7/15/2013,2Y,0.175
Mo,7/15/2013,5Y,0.825
Mo,7/15/2013,10Y,2.027
Tu,7/16/2013,2Y,0.156
Tu,7/16/2013,5Y,0.796
Tu,7/16/2013,10Y,2.014
We,7/17/2013,2Y,0.153
We,7/17/2013,5Y,0.781
We,7/17/2013,10Y,2.009
Th,7/18/2013,2Y,0.139
Th,7/18/2013,5Y,0.745
Th,7/18/2013,10Y,1.982
Fr,7/19/2013,2Y,0.144
Fr,7/19/2013,5Y,0.725
Fr,7/19/2013,10Y,1.97
Mo,7/22/2013,2Y,0.152
Mo,7/22/2013,5Y,0.729
Mo,7/22/2013,10Y,1.963
Tu,7/23/2013,2Y,0.193
Tu,7/23/2013,5Y,0.767
Tu,7/23/2013,10Y,1.974
We,7/24/2013,2Y,0.206
We,7/24/2013,5Y,0.83
We,7/24/2013,10Y,2.051
Th,7/25/2013,2Y,0.212
Th,7/25/2013,5Y,0.838
Th,7/25/2013,10Y,2.069
Fr,7/26/2013,2Y,0.213
Fr,7/26/2013,5Y,0.847
Fr,7/26/2013,10Y,2.075
Mo,7/29/2013,2Y,0.208
Mo,7/29/2013,5Y,0.857
Mo,7/29/2013,10Y,2.086
Tu,7/30/2013,2Y,0.206
Tu,7/30/2013,5Y,0.852
Tu,7/30/2013,10Y,2.097
We,7/31/2013,2Y,0.194
We,7/31/2013,5Y,0.828
We,7/31/2013,10Y,2.074
Th,8/1/2013,2Y,0.2
Th,8/1/2013,5Y,0.832
Th,8/1/2013,10Y,2.073
Fr,8/2/2013,2Y,0.189
Fr,8/2/2013,5Y,0.813
Fr,8/2/2013,10Y,2.053
Mo,8/5/2013,2Y,0.208
Mo,8/5/2013,5Y,0.854
Mo,8/5/2013,10Y,2.087
Tu,8/6/2013,2Y,0.209
Tu,8/6/2013,5Y,0.862
Tu,8/6/2013,10Y,2.096
We,8/7/2013,2Y,0.205
We,8/7/2013,5Y,0.86
We,8/7/2013,10Y,2.083
Th,8/8/2013,2Y,0.206
Th,8/8/2013,5Y,0.853
Th,8/8/2013,10Y,2.081
Fr,8/9/2013,2Y,0.199
Fr,8/9/2013,5Y,0.849
Fr,8/9/2013,10Y,2.07
Mo,8/12/2013,2Y,0.204
Mo,8/12/2013,5Y,0.858
Mo,8/12/2013,10Y,2.088
Tu,8/13/2013,2Y,0.257
Tu,8/13/2013,5Y,0.941
Tu,8/13/2013,10Y,2.187
We,8/14/2013,2Y,0.255
We,8/14/2013,5Y,0.93
We,8/14/2013,10Y,2.191
Th,8/15/2013,2Y,0.277
Th,8/15/2013,5Y,0.975
Th,8/15/2013,10Y,2.255
Fr,8/16/2013,2Y,0.277
Fr,8/16/2013,5Y,0.97
Fr,8/16/2013,10Y,2.257
Mo,8/19/2013,2Y,0.304
Mo,8/19/2013,5Y,1.02
Mo,8/19/2013,10Y,2.304
Tu,8/20/2013,2Y,0.288
Tu,8/20/2013,5Y,1.009
Tu,8/20/2013,10Y,2.269
We,8/21/2013,2Y,0.294
We,8/21/2013,5Y,1.019
We,8/21/2013,10Y,2.293
Th,8/22/2013,2Y,0.293
Th,8/22/2013,5Y,1.054
Th,8/22/2013,10Y,2.33
Fr,8/23/2013,2Y,0.312
Fr,8/23/2013,5Y,1.081
Fr,8/23/2013,10Y,2.332
Mo,8/26/2013,2Y,0.296
Mo,8/26/2013,5Y,1.044
Mo,8/26/2013,10Y,2.293
Tu,8/27/2013,2Y,0.289
Tu,8/27/2013,5Y,1.042
Tu,8/27/2013,10Y,2.277
We,8/28/2013,2Y,0.306
We,8/28/2013,5Y,1.046
We,8/28/2013,10Y,2.299
Th,8/29/2013,2Y,0.278
Th,8/29/2013,5Y,1.026
Th,8/29/2013,10Y,2.283
Fr,8/30/2013,2Y,0.279
Fr,8/30/2013,5Y,1.035
Fr,8/30/2013,10Y,2.295
Mo,9/2/2013,2Y,0.307
Mo,9/2/2013,5Y,1.064
Mo,9/2/2013,10Y,2.331
Tu,9/3/2013,2Y,0.332
Tu,9/3/2013,5Y,1.082
Tu,9/3/2013,10Y,2.35
We,9/4/2013,2Y,0.326
We,9/4/2013,5Y,1.076
We,9/4/2013,10Y,2.361
Th,9/5/2013,2Y,0.379
Th,9/5/2013,5Y,1.168
Th,9/5/2013,10Y,2.458
Fr,9/6/2013,2Y,0.326
Fr,9/6/2013,5Y,1.087
Fr,9/6/2013,10Y,2.383
Mo,9/9/2013,2Y,0.308
Mo,9/9/2013,5Y,1.092
Mo,9/9/2013,10Y,2.394
Tu,9/10/2013,2Y,0.321
Tu,9/10/2013,5Y,1.135
Tu,9/10/2013,10Y,2.463
We,9/11/2013,2Y,0.305
We,9/11/2013,5Y,1.105
We,9/11/2013,10Y,2.415
Th,9/12/2013,2Y,0.281
Th,9/12/2013,5Y,1.08
Th,9/12/2013,10Y,2.391
Fr,9/13/2013,2Y,0.278
Fr,9/13/2013,5Y,1.07
Fr,9/13/2013,10Y,2.372
Mo,9/16/2013,2Y,0.257
Mo,9/16/2013,5Y,1.031
Mo,9/16/2013,10Y,2.332
Tu,9/17/2013,2Y,0.259
Tu,9/17/2013,5Y,1.029
Tu,9/17/2013,10Y,2.342
We,9/18/2013,2Y,0.271
We,9/18/2013,5Y,1.055
We,9/18/2013,10Y,2.379
Th,9/19/2013,2Y,0.216
Th,9/19/2013,5Y,0.968
Th,9/19/2013,10Y,2.311
Fr,9/20/2013,2Y,0.246
Fr,9/20/2013,5Y,0.986
Fr,9/20/2013,10Y,2.333
Mo,9/23/2013,2Y,0.233
Mo,9/23/2013,5Y,0.966
Mo,9/23/2013,10Y,2.31
Tu,9/24/2013,2Y,0.221
Tu,9/24/2013,5Y,0.927
Tu,9/24/2013,10Y,2.231
We,9/25/2013,2Y,0.23
We,9/25/2013,5Y,0.931
We,9/25/2013,10Y,2.22
Th,9/26/2013,2Y,0.236
Th,9/26/2013,5Y,0.931
Th,9/26/2013,10Y,2.241
Fr,9/27/2013,2Y,0.226
Fr,9/27/2013,5Y,0.901
Fr,9/27/2013,10Y,2.193
Mo,9/30/2013,2Y,0.227
Mo,9/30/2013,5Y,0.889
Mo,9/30/2013,10Y,2.181
Tu,10/1/2013,2Y,0.229
Tu,10/1/2013,5Y,0.906
Tu,10/1/2013,10Y,2.202
We,10/2/2013,2Y,0.226
We,10/2/2013,5Y,0.907
We,10/2/2013,10Y,2.207
Th,10/3/2013,2Y,0.216
Th,10/3/2013,5Y,1.126
Th,10/3/2013,10Y,2.202
Fr,10/4/2013,2Y,0.228
Fr,10/4/2013,5Y,1.157
Fr,10/4/2013,10Y,2.227
Mo,10/7/2013,2Y,0.209
Mo,10/7/2013,5Y,1.137
Mo,10/7/2013,10Y,2.191
Tu,10/8/2013,2Y,0.229
Tu,10/8/2013,5Y,1.149
Tu,10/8/2013,10Y,2.194
We,10/9/2013,2Y,0.222
We,10/9/2013,5Y,1.148
We,10/9/2013,10Y,2.2
Th,10/10/2013,2Y,0.228
Th,10/10/2013,5Y,1.183
Th,10/10/2013,10Y,2.246
Fr,10/11/2013,2Y,0.219
Fr,10/11/2013,5Y,1.164
Fr,10/11/2013,10Y,2.239
Mo,10/14/2013,2Y,0.228
Mo,10/14/2013,5Y,1.157
Mo,10/14/2013,10Y,2.235
Tu,10/15/2013,2Y,0.244
Tu,10/15/2013,5Y,1.2
Tu,10/15/2013,10Y,2.283
We,10/16/2013,2Y,0.258
We,10/16/2013,5Y,1.215
We,10/16/2013,10Y,2.303
Th,10/17/2013,2Y,0.221
Th,10/17/2013,5Y,1.152
Th,10/17/2013,10Y,2.254
Fr,10/18/2013,2Y,0.214
Fr,10/18/2013,5Y,1.114
Fr,10/18/2013,10Y,2.217
Mo,10/21/2013,2Y,0.22
Mo,10/21/2013,5Y,1.136
Mo,10/21/2013,10Y,2.23
Tu,10/22/2013,2Y,0.194
Tu,10/22/2013,5Y,1.07
Tu,10/22/2013,10Y,2.166
We,10/23/2013,2Y,0.191
We,10/23/2013,5Y,1.038
We,10/23/2013,10Y,2.132
Th,10/24/2013,2Y,0.196
Th,10/24/2013,5Y,1.051
Th,10/24/2013,10Y,2.135
Fr,10/25/2013,2Y,0.202
Fr,10/25/2013,5Y,1.058
Fr,10/25/2013,10Y,2.134
Mo,10/28/2013,2Y,0.211
Mo,10/28/2013,5Y,1.06
Mo,10/28/2013,10Y,2.13
Tu,10/29/2013,2Y,0.205
Tu,10/29/2013,5Y,1.04
Tu,10/29/2013,10Y,2.112
We,10/30/2013,2Y,0.187
We,10/30/2013,5Y,1.003
We,10/30/2013,10Y,2.068
Th,10/31/2013,2Y,0.166
Th,10/31/2013,5Y,0.938
Th,10/31/2013,10Y,2.035
Fr,11/1/2013,2Y,0.155
Fr,11/1/2013,5Y,0.913
Fr,11/1/2013,10Y,2.032
Mo,11/4/2013,2Y,0.164
Mo,11/4/2013,5Y,0.927
Mo,11/4/2013,10Y,2.029
Tu,11/5/2013,2Y,0.189
Tu,11/5/2013,5Y,0.994
Tu,11/5/2013,10Y,2.091
We,11/6/2013,2Y,0.182
We,11/6/2013,5Y,0.993
We,11/6/2013,10Y,2.091
Th,11/7/2013,2Y,0.128
Th,11/7/2013,5Y,0.905
Th,11/7/2013,10Y,2.026
Fr,11/8/2013,2Y,0.147
Fr,11/8/2013,5Y,0.966
Fr,11/8/2013,10Y,2.097
Mo,11/11/2013,2Y,0.141
Mo,11/11/2013,5Y,0.96
Mo,11/11/2013,10Y,2.093
Tu,11/12/2013,2Y,0.141
Tu,11/12/2013,5Y,0.988
Tu,11/12/2013,10Y,2.141
We,11/13/2013,2Y,0.124
We,11/13/2013,5Y,0.957
We,11/13/2013,10Y,2.108
Th,11/14/2013,2Y,0.133
Th,11/14/2013,5Y,0.929
Th,11/14/2013,10Y,2.068
Fr,11/15/2013,2Y,0.141
Fr,11/15/2013,5Y,0.938
Fr,11/15/2013,10Y,2.081
Mo,11/18/2013,2Y,0.129
Mo,11/18/2013,5Y,0.925
Mo,11/18/2013,10Y,2.062
Tu,11/19/2013,2Y,0.146
Tu,11/19/2013,5Y,0.955
Tu,11/19/2013,10Y,2.089
We,11/20/2013,2Y,0.14
We,11/20/2013,5Y,0.932
We,11/20/2013,10Y,2.078
Th,11/21/2013,2Y,0.138
Th,11/21/2013,5Y,0.943
Th,11/21/2013,10Y,2.091
Fr,11/22/2013,2Y,0.173
Fr,11/22/2013,5Y,0.959
Fr,11/22/2013,10Y,2.08
Mo,11/25/2013,2Y,0.159
Mo,11/25/2013,5Y,0.95
Mo,11/25/2013,10Y,2.064
Tu,11/26/2013,2Y,0.158
Tu,11/26/2013,5Y,0.93
Tu,11/26/2013,10Y,2.038
We,11/27/2013,2Y,0.166
We,11/27/2013,5Y,0.95
We,11/27/2013,10Y,2.066
Th,11/28/2013,2Y,0.163
Th,11/28/2013,5Y,0.936
Th,11/28/2013,10Y,2.048
Fr,11/29/2013,2Y,0.161
Fr,11/29/2013,5Y,0.928
Fr,11/29/2013,10Y,2.039
Mo,12/2/2013,2Y,0.169
Mo,12/2/2013,5Y,0.941
Mo,12/2/2013,10Y,2.073
Tu,12/3/2013,2Y,0.157
Tu,12/3/2013,5Y,0.928
Tu,12/3/2013,10Y,2.052
We,12/4/2013,2Y,0.18
We,12/4/2013,5Y,0.988
We,12/4/2013,10Y,2.122
Th,12/5/2013,2Y,0.203
Th,12/5/2013,5Y,1.034
Th,12/5/2013,10Y,2.164
Fr,12/6/2013,2Y,0.213
Fr,12/6/2013,5Y,1.037
Fr,12/6/2013,10Y,2.169
Mo,12/9/2013,2Y,0.227
Mo,12/9/2013,5Y,1.04
Mo,12/9/2013,10Y,2.168
Tu,12/10/2013,2Y,0.22
Tu,12/10/2013,5Y,1.03
Tu,12/10/2013,10Y,2.147
We,12/11/2013,2Y,0.232
We,12/11/2013,5Y,1.02
We,12/11/2013,10Y,2.13
Th,12/12/2013,2Y,0.251
Th,12/12/2013,5Y,1.049
Th,12/12/2013,10Y,2.154
Fr,12/13/2013,2Y,0.249
Fr,12/13/2013,5Y,1.039
Fr,12/13/2013,10Y,2.143
Mo,12/16/2013,2Y,0.254
Mo,12/16/2013,5Y,1.054
Mo,12/16/2013,10Y,2.156
Tu,12/17/2013,2Y,0.237
Tu,12/17/2013,5Y,1.029
Tu,12/17/2013,10Y,2.136
We,12/18/2013,2Y,0.239
We,12/18/2013,5Y,1.055
We,12/18/2013,10Y,2.155
Th,12/19/2013,2Y,0.224
Th,12/19/2013,5Y,1.061
Th,12/19/2013,10Y,2.173
Fr,12/20/2013,2Y,0.224
Fr,12/20/2013,5Y,1.073
Fr,12/20/2013,10Y,2.172
Mo,12/23/2013,2Y,0.234
Mo,12/23/2013,5Y,1.078
Mo,12/23/2013,10Y,2.193
Tu,12/24/2013,2Y,0.233
Tu,12/24/2013,5Y,1.068
Tu,12/24/2013,10Y,2.193
We,12/25/2013,2Y,0.233
We,12/25/2013,5Y,1.068
We,12/25/2013,10Y,2.193
Th,12/26/2013,2Y,0.233
Th,12/26/2013,5Y,1.068
Th,12/26/2013,10Y,2.193
Fr,12/27/2013,2Y,0.23
Fr,12/27/2013,5Y,1.136
Fr,12/27/2013,10Y,2.273
Mo,12/30/2013,2Y,0.209
Mo,12/30/2013,5Y,1.113
Mo,12/30/2013,10Y,2.262
Tu,12/31/2013,2Y,0.217
Tu,12/31/2013,5Y,1.105
Tu,12/31/2013,10Y,2.259
We,1/1/2014,2Y,0.217
We,1/1/2014,5Y,1.105
We,1/1/2014,10Y,2.259
Th,1/2/2014,2Y,0.203
Th,1/2/2014,5Y,1.108
Th,1/2/2014,10Y,2.258
Fr,1/3/2014,2Y,0.196
Fr,1/3/2014,5Y,1.082
Fr,1/3/2014,10Y,2.251
Mo,1/6/2014,2Y,0.19
Mo,1/6/2014,5Y,1.067
Mo,1/6/2014,10Y,2.223
Tu,1/7/2014,2Y,0.196
Tu,1/7/2014,5Y,1.061
Tu,1/7/2014,10Y,2.198
We,1/8/2014,2Y,0.201
We,1/8/2014,5Y,1.08
We,1/8/2014,10Y,2.217
Th,1/9/2014,2Y,0.189
Th,1/9/2014,5Y,1.11
Th,1/9/2014,10Y,2.259
Fr,1/10/2014,2Y,0.18
Fr,1/10/2014,5Y,1.058
Fr,1/10/2014,10Y,2.198
Mo,1/13/2014,2Y,0.175
Mo,1/13/2014,5Y,1.042
Mo,1/13/2014,10Y,2.173
Tu,1/14/2014,2Y,0.202
Tu,1/14/2014,5Y,1.033
Tu,1/14/2014,10Y,2.154
We,1/15/2014,2Y,0.213
We,1/15/2014,5Y,1.032
We,1/15/2014,10Y,2.165
Th,1/16/2014,2Y,0.195
Th,1/16/2014,5Y,0.991
Th,1/16/2014,10Y,2.123
Fr,1/17/2014,2Y,0.199
Fr,1/17/2014,5Y,0.966
Fr,1/17/2014,10Y,2.089
Mo,1/20/2014,2Y,0.196
Mo,1/20/2014,5Y,0.946
Mo,1/20/2014,10Y,2.072
Tu,1/21/2014,2Y,0.197
Tu,1/21/2014,5Y,0.953
Tu,1/21/2014,10Y,2.078
We,1/22/2014,2Y,0.197
We,1/22/2014,5Y,0.978
We,1/22/2014,10Y,2.106
Th,1/23/2014,2Y,0.184
Th,1/23/2014,5Y,0.971
Th,1/23/2014,10Y,2.071
Fr,1/24/2014,2Y,0.162
Fr,1/24/2014,5Y,0.922
Fr,1/24/2014,10Y,2.016
Mo,1/27/2014,2Y,0.176
Mo,1/27/2014,5Y,0.917
Mo,1/27/2014,10Y,2.014
Tu,1/28/2014,2Y,0.165
Tu,1/28/2014,5Y,0.917
Tu,1/28/2014,10Y,2.013
We,1/29/2014,2Y,0.167
We,1/29/2014,5Y,0.89
We,1/29/2014,10Y,1.991
Th,1/30/2014,2Y,0.147
Th,1/30/2014,5Y,0.86
Th,1/30/2014,10Y,1.977
Fr,1/31/2014,2Y,0.114
Fr,1/31/2014,5Y,0.799
Fr,1/31/2014,10Y,1.913
Mo,2/3/2014,2Y,0.125
Mo,2/3/2014,5Y,0.783
Mo,2/3/2014,10Y,1.894
Tu,2/4/2014,2Y,0.12
Tu,2/4/2014,5Y,0.79
Tu,2/4/2014,10Y,1.911
We,2/5/2014,2Y,0.122
We,2/5/2014,5Y,0.788
We,2/5/2014,10Y,1.901
Th,2/6/2014,2Y,0.151
Th,2/6/2014,5Y,0.847
Th,2/6/2014,10Y,1.96
Fr,2/7/2014,2Y,0.136
Fr,2/7/2014,5Y,0.803
Fr,2/7/2014,10Y,1.931
Mo,2/10/2014,2Y,0.157
Mo,2/10/2014,5Y,0.834
Mo,2/10/2014,10Y,1.972
Tu,2/11/2014,2Y,0.153
Tu,2/11/2014,5Y,0.833
Tu,2/11/2014,10Y,1.977
We,2/12/2014,2Y,0.143
We,2/12/2014,5Y,0.87
We,2/12/2014,10Y,2.015
Th,2/13/2014,2Y,0.13
Th,2/13/2014,5Y,0.825
Th,2/13/2014,10Y,1.972
Fr,2/14/2014,2Y,0.134
Fr,2/14/2014,5Y,0.835
Fr,2/14/2014,10Y,1.969
Mo,2/17/2014,2Y,0.137
Mo,2/17/2014,5Y,0.829
Mo,2/17/2014,10Y,1.965
Tu,2/18/2014,2Y,0.136
Tu,2/18/2014,5Y,0.805
Tu,2/18/2014,10Y,1.948
We,2/19/2014,2Y,0.131
We,2/19/2014,5Y,0.809
We,2/19/2014,10Y,1.948
Th,2/20/2014,2Y,0.14
Th,2/20/2014,5Y,0.837
Th,2/20/2014,10Y,1.981
Fr,2/21/2014,2Y,0.139
Fr,2/21/2014,5Y,0.81
Fr,2/21/2014,10Y,1.948
Mo,2/24/2014,2Y,0.147
Mo,2/24/2014,5Y,0.835
Mo,2/24/2014,10Y,1.968
Tu,2/25/2014,2Y,0.14
Tu,2/25/2014,5Y,0.816
Tu,2/25/2014,10Y,1.933
We,2/26/2014,2Y,0.124
We,2/26/2014,5Y,0.784
We,2/26/2014,10Y,1.909
Th,2/27/2014,2Y,0.114
Th,2/27/2014,5Y,0.74
Th,2/27/2014,10Y,1.854
Fr,2/28/2014,2Y,0.154
Fr,2/28/2014,5Y,0.826
Fr,2/28/2014,10Y,1.925
Mo,3/3/2014,2Y,0.14
Mo,3/3/2014,5Y,0.757
Mo,3/3/2014,10Y,1.844
Tu,3/4/2014,2Y,0.137
Tu,3/4/2014,5Y,0.782
Tu,3/4/2014,10Y,1.882
We,3/5/2014,2Y,0.144
We,3/5/2014,5Y,0.776
We,3/5/2014,10Y,1.882
Th,3/6/2014,2Y,0.181
Th,3/6/2014,5Y,0.83
Th,3/6/2014,10Y,1.928
Fr,3/7/2014,2Y,0.189
Fr,3/7/2014,5Y,0.83
Fr,3/7/2014,10Y,1.928
Mo,3/10/2014,2Y,0.178
Mo,3/10/2014,5Y,0.811
Mo,3/10/2014,10Y,1.91
Tu,3/11/2014,2Y,0.172
Tu,3/11/2014,5Y,0.814
Tu,3/11/2014,10Y,1.921
We,3/12/2014,2Y,0.172
We,3/12/2014,5Y,0.786
We,3/12/2014,10Y,1.885
Th,3/13/2014,2Y,0.169
Th,3/13/2014,5Y,0.746
Th,3/13/2014,10Y,1.832
Fr,3/14/2014,2Y,0.164
Fr,3/14/2014,5Y,0.758
Fr,3/14/2014,10Y,1.832
Mo,3/17/2014,2Y,0.163
Mo,3/17/2014,5Y,0.767
Mo,3/17/2014,10Y,1.842
Tu,3/18/2014,2Y,0.171
Tu,3/18/2014,5Y,0.758
Tu,3/18/2014,10Y,1.84
We,3/19/2014,2Y,0.182
We,3/19/2014,5Y,0.783
We,3/19/2014,10Y,1.871
Th,3/20/2014,2Y,0.201
Th,3/20/2014,5Y,0.84
Th,3/20/2014,10Y,1.913
Fr,3/21/2014,2Y,0.197
Fr,3/21/2014,5Y,0.825
Fr,3/21/2014,10Y,1.885
Mo,3/24/2014,2Y,0.199
Mo,3/24/2014,5Y,0.783
Mo,3/24/2014,10Y,1.839
Tu,3/25/2014,2Y,0.193
Tu,3/25/2014,5Y,0.778
Tu,3/25/2014,10Y,1.842
We,3/26/2014,2Y,0.184
We,3/26/2014,5Y,0.749
We,3/26/2014,10Y,1.817
Th,3/27/2014,2Y,0.167
Th,3/27/2014,5Y,0.707
Th,3/27/2014,10Y,1.774
Fr,3/28/2014,2Y,0.166
Fr,3/28/2014,5Y,0.724
Fr,3/28/2014,10Y,1.79
Mo,3/31/2014,2Y,0.174
Mo,3/31/2014,5Y,0.743
Mo,3/31/2014,10Y,1.809
Tu,4/1/2014,2Y,0.19
Tu,4/1/2014,5Y,0.756
Tu,4/1/2014,10Y,1.827
We,4/2/2014,2Y,0.19
We,4/2/2014,5Y,0.785
We,4/2/2014,10Y,1.865
Th,4/3/2014,2Y,0.189
Th,4/3/2014,5Y,0.754
Th,4/3/2014,10Y,1.846
Fr,4/4/2014,2Y,0.18
Fr,4/4/2014,5Y,0.681
Fr,4/4/2014,10Y,1.769
Mo,4/7/2014,2Y,0.185
Mo,4/7/2014,5Y,0.701
Mo,4/7/2014,10Y,1.78
Tu,4/8/2014,2Y,0.178
Tu,4/8/2014,5Y,0.716
Tu,4/8/2014,10Y,1.791
We,4/9/2014,2Y,0.18
We,4/9/2014,5Y,0.746
We,4/9/2014,10Y,1.813
Th,4/10/2014,2Y,0.166
Th,4/10/2014,5Y,0.693
Th,4/10/2014,10Y,1.755
Fr,4/11/2014,2Y,0.174
Fr,4/11/2014,5Y,0.689
Fr,4/11/2014,10Y,1.744
Mo,4/14/2014,2Y,0.169
Mo,4/14/2014,5Y,0.697
Mo,4/14/2014,10Y,1.757
Tu,4/15/2014,2Y,0.155
Tu,4/15/2014,5Y,0.648
Tu,4/15/2014,10Y,1.694
We,4/16/2014,2Y,0.157
We,4/16/2014,5Y,0.66
We,4/16/2014,10Y,1.701
Th,4/17/2014,2Y,0.174
Th,4/17/2014,5Y,0.708
Th,4/17/2014,10Y,1.734
Fr,4/18/2014,2Y,0.174
Fr,4/18/2014,5Y,0.708
Fr,4/18/2014,10Y,1.734
Mo,4/21/2014,2Y,0.174
Mo,4/21/2014,5Y,0.708
Mo,4/21/2014,10Y,1.734
Tu,4/22/2014,2Y,0.171
Tu,4/22/2014,5Y,0.721
Tu,4/22/2014,10Y,1.752
We,4/23/2014,2Y,0.171
We,4/23/2014,5Y,0.73
We,4/23/2014,10Y,1.743
Th,4/24/2014,2Y,0.189
Th,4/24/2014,5Y,0.746
Th,4/24/2014,10Y,1.752
Fr,4/25/2014,2Y,0.182
Fr,4/25/2014,5Y,0.719
Fr,4/25/2014,10Y,1.712
Mo,4/28/2014,2Y,0.182
Mo,4/28/2014,5Y,0.727
Mo,4/28/2014,10Y,1.737
Tu,4/29/2014,2Y,0.16
Tu,4/29/2014,5Y,0.714
Tu,4/29/2014,10Y,1.737
We,4/30/2014,2Y,0.165
We,4/30/2014,5Y,0.68
We,4/30/2014,10Y,1.697
Th,5/1/2014,2Y,0.156
Th,5/1/2014,5Y,0.675
Th,5/1/2014,10Y,1.697
Fr,5/2/2014,2Y,0.157
Fr,5/2/2014,5Y,0.643
Fr,5/2/2014,10Y,1.676
Mo,5/5/2014,2Y,0.168
Mo,5/5/2014,5Y,0.652
Mo,5/5/2014,10Y,1.688
Tu,5/6/2014,2Y,0.171
Tu,5/6/2014,5Y,0.645
Tu,5/6/2014,10Y,1.684
We,5/7/2014,2Y,0.177
We,5/7/2014,5Y,0.658
We,5/7/2014,10Y,1.698
Th,5/8/2014,2Y,0.151
Th,5/8/2014,5Y,0.609
Th,5/8/2014,10Y,1.662
Fr,5/9/2014,2Y,0.166
Fr,5/9/2014,5Y,0.606
Fr,5/9/2014,10Y,1.674
Mo,5/12/2014,2Y,0.163
Mo,5/12/2014,5Y,0.621
Mo,5/12/2014,10Y,1.694
Tu,5/13/2014,2Y,0.151
Tu,5/13/2014,5Y,0.58
Tu,5/13/2014,10Y,1.653
We,5/14/2014,2Y,0.135
We,5/14/2014,5Y,0.52
We,5/14/2014,10Y,1.586
Th,5/15/2014,2Y,0.11
Th,5/15/2014,5Y,0.5
Th,5/15/2014,10Y,1.539
Fr,5/16/2014,2Y,0.115
Fr,5/16/2014,5Y,0.515
Fr,5/16/2014,10Y,1.559
Mo,5/19/2014,2Y,0.116
Mo,5/19/2014,5Y,0.532
Mo,5/19/2014,10Y,1.581
Tu,5/20/2014,2Y,0.11
Tu,5/20/2014,5Y,0.544
Tu,5/20/2014,10Y,1.605
We,5/21/2014,2Y,0.114
We,5/21/2014,5Y,0.561
We,5/21/2014,10Y,1.627
Th,5/22/2014,2Y,0.108
Th,5/22/2014,5Y,0.536
Th,5/22/2014,10Y,1.61
Fr,5/23/2014,2Y,0.105
Fr,5/23/2014,5Y,0.532
Fr,5/23/2014,10Y,1.606
Mo,5/26/2014,2Y,0.101
Mo,5/26/2014,5Y,0.529
Mo,5/26/2014,10Y,1.61
Tu,5/27/2014,2Y,0.097
Tu,5/27/2014,5Y,0.49
Tu,5/27/2014,10Y,1.576
We,5/28/2014,2Y,0.099
We,5/28/2014,5Y,0.455
We,5/28/2014,10Y,1.514
Th,5/29/2014,2Y,0.1
Th,5/29/2014,5Y,0.467
Th,5/29/2014,10Y,1.528
Fr,5/30/2014,2Y,0.105
Fr,5/30/2014,5Y,0.482
Fr,5/30/2014,10Y,1.545
Mo,6/2/2014,2Y,0.09
Mo,6/2/2014,5Y,0.484
Mo,6/2/2014,10Y,1.555
Tu,6/3/2014,2Y,0.088
Tu,6/3/2014,5Y,0.509
Tu,6/3/2014,10Y,1.595
We,6/4/2014,2Y,0.133
We,6/4/2014,5Y,0.684
We,6/4/2014,10Y,1.79
Th,6/5/2014,2Y,0.121
Th,6/5/2014,5Y,0.62
Th,6/5/2014,10Y,1.746
Fr,6/6/2014,2Y,0.111
Fr,6/6/2014,5Y,0.532
Fr,6/6/2014,10Y,1.659
Mo,6/9/2014,2Y,0.117
Mo,6/9/2014,5Y,0.551
Mo,6/9/2014,10Y,1.657
Tu,6/10/2014,2Y,0.135
Tu,6/10/2014,5Y,0.599
Tu,6/10/2014,10Y,1.696
We,6/11/2014,2Y,0.117
We,6/11/2014,5Y,0.595
We,6/11/2014,10Y,1.708
Th,6/12/2014,2Y,0.107
Th,6/12/2014,5Y,0.586
Th,6/12/2014,10Y,1.712
Fr,6/13/2014,2Y,0.095
Fr,6/13/2014,5Y,0.578
Fr,6/13/2014,10Y,1.693
Mo,6/16/2014,2Y,0.093
Mo,6/16/2014,5Y,0.58
Mo,6/16/2014,10Y,1.686
Tu,6/17/2014,2Y,0.107
Tu,6/17/2014,5Y,0.609
Tu,6/17/2014,10Y,1.729
We,6/18/2014,2Y,0.099
We,6/18/2014,5Y,0.58
We,6/18/2014,10Y,1.695
Th,6/19/2014,2Y,0.089
Th,6/19/2014,5Y,0.536
Th,6/19/2014,10Y,1.629
Fr,6/20/2014,2Y,0.093
Fr,6/20/2014,5Y,0.556
Fr,6/20/2014,10Y,1.65
Mo,6/23/2014,2Y,0.093
Mo,6/23/2014,5Y,0.543
Mo,6/23/2014,10Y,1.632
Tu,6/24/2014,2Y,0.086
Tu,6/24/2014,5Y,0.54
Tu,6/24/2014,10Y,1.622
We,6/25/2014,2Y,0.082
We,6/25/2014,5Y,0.507
We,6/25/2014,10Y,1.564
Th,6/26/2014,2Y,0.074
Th,6/26/2014,5Y,0.5
Th,6/26/2014,10Y,1.551
Fr,6/27/2014,2Y,0.09
Fr,6/27/2014,5Y,0.522
Fr,6/27/2014,10Y,1.566
Mo,6/30/2014,2Y,0.084
Mo,6/30/2014,5Y,0.505
Mo,6/30/2014,10Y,1.552
Tu,7/1/2014,2Y,0.069
Tu,7/1/2014,5Y,0.496
Tu,7/1/2014,10Y,1.556
We,7/2/2014,2Y,0.077
We,7/2/2014,5Y,0.509
We,7/2/2014,10Y,1.593
Th,7/3/2014,2Y,0.064
Th,7/3/2014,5Y,0.488
Th,7/3/2014,10Y,1.579
Fr,7/4/2014,2Y,0.065
Fr,7/4/2014,5Y,0.471
Fr,7/4/2014,10Y,1.552
Mo,7/7/2014,2Y,0.061
Mo,7/7/2014,5Y,0.461
Mo,7/7/2014,10Y,1.538
Tu,7/8/2014,2Y,0.056
Tu,7/8/2014,5Y,0.427
Tu,7/8/2014,10Y,1.489
We,7/9/2014,2Y,0.063
We,7/9/2014,5Y,0.438
We,7/9/2014,10Y,1.501
Th,7/10/2014,2Y,0.056
Th,7/10/2014,5Y,0.432
Th,7/10/2014,10Y,1.481
Fr,7/11/2014,2Y,0.055
Fr,7/11/2014,5Y,0.428
Fr,7/11/2014,10Y,1.481
Mo,7/14/2014,2Y,0.061
Mo,7/14/2014,5Y,0.435
Mo,7/14/2014,10Y,1.484
Tu,7/15/2014,2Y,0.055
Tu,7/15/2014,5Y,0.43
Tu,7/15/2014,10Y,1.468
We,7/16/2014,2Y,0.053
We,7/16/2014,5Y,0.42
We,7/16/2014,10Y,1.452
Th,7/17/2014,2Y,0.053
Th,7/17/2014,5Y,0.407
Th,7/17/2014,10Y,1.413
Fr,7/18/2014,2Y,0.061
Fr,7/18/2014,5Y,0.421
Fr,7/18/2014,10Y,1.413
Mo,7/21/2014,2Y,0.057
Mo,7/21/2014,5Y,0.412
Mo,7/21/2014,10Y,1.397
Tu,7/22/2014,2Y,0.063
Tu,7/22/2014,5Y,0.422
Tu,7/22/2014,10Y,1.412
We,7/23/2014,2Y,0.056
We,7/23/2014,5Y,0.404
We,7/23/2014,10Y,1.387
Th,7/24/2014,2Y,0.063
Th,7/24/2014,5Y,0.426
Th,7/24/2014,10Y,1.419
Fr,7/25/2014,2Y,0.056
Fr,7/25/2014,5Y,0.408
Fr,7/25/2014,10Y,1.395
Mo,7/28/2014,2Y,0.064
Mo,7/28/2014,5Y,0.415
Mo,7/28/2014,10Y,1.393
Tu,7/29/2014,2Y,0.056
Tu,7/29/2014,5Y,0.397
Tu,7/29/2014,10Y,1.36
We,7/30/2014,2Y,0.064
We,7/30/2014,5Y,0.424
We,7/30/2014,10Y,1.408
Th,7/31/2014,2Y,0.051
Th,7/31/2014,5Y,0.404
Th,7/31/2014,10Y,1.391
Fr,8/1/2014,2Y,0.045
Fr,8/1/2014,5Y,0.395
Fr,8/1/2014,10Y,1.374
Mo,8/4/2014,2Y,0.051
Mo,8/4/2014,5Y,0.396
Mo,8/4/2014,10Y,1.373
Tu,8/5/2014,2Y,0.052
Tu,8/5/2014,5Y,0.428
Tu,8/5/2014,10Y,1.416
We,8/6/2014,2Y,0.036
We,8/6/2014,5Y,0.399
We,8/6/2014,10Y,1.367
Th,8/7/2014,2Y,0.033
Th,8/7/2014,5Y,0.38
Th,8/7/2014,10Y,1.327
Fr,8/8/2014,2Y,0.028
Fr,8/8/2014,5Y,0.38
Fr,8/8/2014,10Y,1.312
Mo,8/11/2014,2Y,0.022
Mo,8/11/2014,5Y,0.384
Mo,8/11/2014,10Y,1.325
Tu,8/12/2014,2Y,0.024
Tu,8/12/2014,5Y,0.379
Tu,8/12/2014,10Y,1.33
We,8/13/2014,2Y,0.019
We,8/13/2014,5Y,0.347
We,8/13/2014,10Y,1.306
Th,8/14/2014,2Y,0.029
Th,8/14/2014,5Y,0.341
Th,8/14/2014,10Y,1.284
Fr,8/15/2014,2Y,0.015
Fr,8/15/2014,5Y,0.313
Fr,8/15/2014,10Y,1.221
Mo,8/18/2014,2Y,0.021
Mo,8/18/2014,5Y,0.349
Mo,8/18/2014,10Y,1.283
Tu,8/19/2014,2Y,0.017
Tu,8/19/2014,5Y,0.336
Tu,8/19/2014,10Y,1.263
We,8/20/2014,2Y,0.017
We,8/20/2014,5Y,0.328
We,8/20/2014,10Y,1.248
Th,8/21/2014,2Y,0.019
Th,8/21/2014,5Y,0.335
Th,8/21/2014,10Y,1.251
Fr,8/22/2014,2Y,0.024
Fr,8/22/2014,5Y,0.334
Fr,8/22/2014,10Y,1.24
Mo,8/25/2014,2Y,0
Mo,8/25/2014,5Y,0.284
Mo,8/25/2014,10Y,1.193
Tu,8/26/2014,2Y,0.01
Tu,8/26/2014,5Y,0.276
Tu,8/26/2014,10Y,1.164
We,8/27/2014,2Y,0.01
We,8/27/2014,5Y,0.254
We,8/27/2014,10Y,1.127
Th,8/28/2014,2Y,0.013
Th,8/28/2014,5Y,0.261
Th,8/28/2014,10Y,1.116
Fr,8/29/2014,2Y,0.002
Fr,8/29/2014,5Y,0.258
Fr,8/29/2014,10Y,1.126
Mo,9/1/2014,2Y,-0.009
Mo,9/1/2014,5Y,0.244
Mo,9/1/2014,10Y,1.125
Tu,9/2/2014,2Y,0
Tu,9/2/2014,5Y,0.274
Tu,9/2/2014,10Y,1.188
We,9/3/2014,2Y,0.019
We,9/3/2014,5Y,0.283
We,9/3/2014,10Y,1.217
Th,9/4/2014,2Y,-0.039
Th,9/4/2014,5Y,0.214
Th,9/4/2014,10Y,1.201
Fr,9/5/2014,2Y,-0.026
Fr,9/5/2014,5Y,0.197
Fr,9/5/2014,10Y,1.152
Mo,9/8/2014,2Y,-0.026
Mo,9/8/2014,5Y,0.21
Mo,9/8/2014,10Y,1.177
Tu,9/9/2014,2Y,-0.029
Tu,9/9/2014,5Y,0.232
Tu,9/9/2014,10Y,1.215
We,9/10/2014,2Y,-0.024
We,9/10/2014,5Y,0.239
We,9/10/2014,10Y,1.229
Th,9/11/2014,2Y,-0.029
Th,9/11/2014,5Y,0.254
Th,9/11/2014,10Y,1.248
Fr,9/12/2014,2Y,-0.013
Fr,9/12/2014,5Y,0.282
Fr,9/12/2014,10Y,1.282
Mo,9/15/2014,2Y,-0.019
Mo,9/15/2014,5Y,0.268
Mo,9/15/2014,10Y,1.269
Tu,9/16/2014,2Y,-0.002
Tu,9/16/2014,5Y,0.279
Tu,9/16/2014,10Y,1.272
We,9/17/2014,2Y,-0.01
We,9/17/2014,5Y,0.256
We,9/17/2014,10Y,1.253
Th,9/18/2014,2Y,0.006
Th,9/18/2014,5Y,0.299
Th,9/18/2014,10Y,1.288
Fr,9/19/2014,2Y,-0.009
Fr,9/19/2014,5Y,0.255
Fr,9/19/2014,10Y,1.236
Mo,9/22/2014,2Y,-0.009
Mo,9/22/2014,5Y,0.243
Mo,9/22/2014,10Y,1.203
Tu,9/23/2014,2Y,0.007
Tu,9/23/2014,5Y,0.265
Tu,9/23/2014,10Y,1.209
We,9/24/2014,2Y,0.001
We,9/24/2014,5Y,0.256
We,9/24/2014,10Y,1.194
Th,9/25/2014,2Y,-0.012
Th,9/25/2014,5Y,0.235
Th,9/25/2014,10Y,1.169
Fr,9/26/2014,2Y,-0.016
Fr,9/26/2014,5Y,0.23
Fr,9/26/2014,10Y,1.167
Mo,9/29/2014,2Y,-0.015
Mo,9/29/2014,5Y,0.231
Mo,9/29/2014,10Y,1.163
Tu,9/30/2014,2Y,-0.028
Tu,9/30/2014,5Y,0.219
Tu,9/30/2014,10Y,1.147
We,10/1/2014,2Y,-0.032
We,10/1/2014,5Y,0.198
We,10/1/2014,10Y,1.1
Th,10/2/2014,2Y,-0.022
Th,10/2/2014,5Y,0.214
Th,10/2/2014,10Y,1.105
Fr,10/3/2014,2Y,-0.014
Fr,10/3/2014,5Y,0.227
Fr,10/3/2014,10Y,1.117
Mo,10/6/2014,2Y,-0.019
Mo,10/6/2014,5Y,0.22
Mo,10/6/2014,10Y,1.106
Tu,10/7/2014,2Y,-0.011
Tu,10/7/2014,5Y,0.226
Tu,10/7/2014,10Y,1.112
We,10/8/2014,2Y,-0.012
We,10/8/2014,5Y,0.218
We,10/8/2014,10Y,1.112
Th,10/9/2014,2Y,-0.011
Th,10/9/2014,5Y,0.208
Th,10/9/2014,10Y,1.107
Fr,10/10/2014,2Y,-0.02
Fr,10/10/2014,5Y,0.213
Fr,10/10/2014,10Y,1.099
Mo,10/13/2014,2Y,-0.01
Mo,10/13/2014,5Y,0.229
Mo,10/13/2014,10Y,1.112
Tu,10/14/2014,2Y,-0.023
Tu,10/14/2014,5Y,0.192
Tu,10/14/2014,10Y,1.053
We,10/15/2014,2Y,-0.036
We,10/15/2014,5Y,0.158
We,10/15/2014,10Y,0.98
Th,10/16/2014,2Y,-0.014
Th,10/16/2014,5Y,0.254
Th,10/16/2014,10Y,1.077
Fr,10/17/2014,2Y,-0.005
Fr,10/17/2014,5Y,0.26
Fr,10/17/2014,10Y,1.103
Mo,10/20/2014,2Y,-0.023
Mo,10/20/2014,5Y,0.239
Mo,10/20/2014,10Y,1.101
Tu,10/21/2014,2Y,-0.009
Tu,10/21/2014,5Y,0.235
Tu,10/21/2014,10Y,1.094
We,10/22/2014,2Y,-0.004
We,10/22/2014,5Y,0.22
We,10/22/2014,10Y,1.089
Th,10/23/2014,2Y,-0.005
Th,10/23/2014,5Y,0.227
Th,10/23/2014,10Y,1.113
Fr,10/24/2014,2Y,0.003
Fr,10/24/2014,5Y,0.251
Fr,10/24/2014,10Y,1.118
Mo,10/27/2014,2Y,-0.007
Mo,10/27/2014,5Y,0.24
Mo,10/27/2014,10Y,1.099
Tu,10/28/2014,2Y,-0.013
Tu,10/28/2014,5Y,0.231
Tu,10/28/2014,10Y,1.1
We,10/29/2014,2Y,-0.008
We,10/29/2014,5Y,0.232
We,10/29/2014,10Y,1.109
Th,10/30/2014,2Y,-0.011
Th,10/30/2014,5Y,0.198
Th,10/30/2014,10Y,1.059
Fr,10/31/2014,2Y,-0.023
Fr,10/31/2014,5Y,0.165
Fr,10/31/2014,10Y,1.027
Mo,11/3/2014,2Y,-0.013
Mo,11/3/2014,5Y,0.191
Mo,11/3/2014,10Y,1.043
Tu,11/4/2014,2Y,-0.014
Tu,11/4/2014,5Y,0.159
Tu,11/4/2014,10Y,1.002
We,11/5/2014,2Y,-0.009
We,11/5/2014,5Y,0.162
We,11/5/2014,10Y,1.021
Th,11/6/2014,2Y,-0.008
Th,11/6/2014,5Y,0.153
Th,11/6/2014,10Y,1.013
Fr,11/7/2014,2Y,-0.009
Fr,11/7/2014,5Y,0.141
Fr,11/7/2014,10Y,1.005
Mo,11/10/2014,2Y,0.001
Mo,11/10/2014,5Y,0.148
Mo,11/10/2014,10Y,1.012
Tu,11/11/2014,2Y,-0.01
Tu,11/11/2014,5Y,0.146
Tu,11/11/2014,10Y,1.001
We,11/12/2014,2Y,-0.005
We,11/12/2014,5Y,0.143
We,11/12/2014,10Y,0.989
Th,11/13/2014,2Y,-0.004
Th,11/13/2014,5Y,0.136
Th,11/13/2014,10Y,0.979
Fr,11/14/2014,2Y,-0.005
Fr,11/14/2014,5Y,0.134
Fr,11/14/2014,10Y,0.961
Mo,11/17/2014,2Y,-0.001
Mo,11/17/2014,5Y,0.144
Mo,11/17/2014,10Y,0.971
Tu,11/18/2014,2Y,0.01
Tu,11/18/2014,5Y,0.154
Tu,11/18/2014,10Y,0.969
We,11/19/2014,2Y,0.023
We,11/19/2014,5Y,0.202
We,11/19/2014,10Y,1.018
Th,11/20/2014,2Y,0.009
Th,11/20/2014,5Y,0.167
Th,11/20/2014,10Y,0.97
Fr,11/21/2014,2Y,-0.002
Fr,11/21/2014,5Y,0.155
Fr,11/21/2014,10Y,0.94
Mo,11/24/2014,2Y,-0.005
Mo,11/24/2014,5Y,0.156
Mo,11/24/2014,10Y,0.942
Tu,11/25/2014,2Y,-0.005
Tu,11/25/2014,5Y,0.141
Tu,11/25/2014,10Y,0.904
We,11/26/2014,2Y,-0.008
We,11/26/2014,5Y,0.137
We,11/26/2014,10Y,0.887
Th,11/27/2014,2Y,-0.005
Th,11/27/2014,5Y,0.124
Th,11/27/2014,10Y,0.846
Fr,11/28/2014,2Y,0.003
Fr,11/28/2014,5Y,0.136
Fr,11/28/2014,10Y,0.836
Mo,12/1/2014,2Y,0.008
Mo,12/1/2014,5Y,0.153
Mo,12/1/2014,10Y,0.859
Tu,12/2/2014,2Y,-0.004
Tu,12/2/2014,5Y,0.16
Tu,12/2/2014,10Y,0.881
We,12/3/2014,2Y,-0.007
We,12/3/2014,5Y,0.146
We,12/3/2014,10Y,0.886
Th,12/4/2014,2Y,-0.004
Th,12/4/2014,5Y,0.157
Th,12/4/2014,10Y,0.903
Fr,12/5/2014,2Y,-0.003
Fr,12/5/2014,5Y,0.152
Fr,12/5/2014,10Y,0.9
Mo,12/8/2014,2Y,-0.017
Mo,12/8/2014,5Y,0.123
Mo,12/8/2014,10Y,0.837
Tu,12/9/2014,2Y,-0.015
Tu,12/9/2014,5Y,0.127
Tu,12/9/2014,10Y,0.823
We,12/10/2014,2Y,-0.012
We,12/10/2014,5Y,0.192
We,12/10/2014,10Y,0.826
Th,12/11/2014,2Y,-0.012
Th,12/11/2014,5Y,0.193
Th,12/11/2014,10Y,0.83
Fr,12/12/2014,2Y,-0.015
Fr,12/12/2014,5Y,0.185
Fr,12/12/2014,10Y,0.779
Mo,12/15/2014,2Y,-0.021
Mo,12/15/2014,5Y,0.178
Mo,12/15/2014,10Y,0.773
Tu,12/16/2014,2Y,-0.026
Tu,12/16/2014,5Y,0.175
Tu,12/16/2014,10Y,0.752
We,12/17/2014,2Y,-0.024
We,12/17/2014,5Y,0.165
We,12/17/2014,10Y,0.753
Th,12/18/2014,2Y,-0.027
Th,12/18/2014,5Y,0.167
Th,12/18/2014,10Y,0.773
Fr,12/19/2014,2Y,-0.036
Fr,12/19/2014,5Y,0.162
Fr,12/19/2014,10Y,0.758
Mo,12/22/2014,2Y,-0.039
Mo,12/22/2014,5Y,0.157
Mo,12/22/2014,10Y,0.757
Tu,12/23/2014,2Y,-0.039
Tu,12/23/2014,5Y,0.151
Tu,12/23/2014,10Y,0.75
We,12/24/2014,2Y,-0.052
We,12/24/2014,5Y,0.143
We,12/24/2014,10Y,0.748
Th,12/25/2014,2Y,-0.052
Th,12/25/2014,5Y,0.143
Th,12/25/2014,10Y,0.748
Fr,12/26/2014,2Y,-0.052
Fr,12/26/2014,5Y,0.143
Fr,12/26/2014,10Y,0.748
Mo,12/29/2014,2Y,-0.05
Mo,12/29/2014,5Y,0.115
Mo,12/29/2014,10Y,0.704
Tu,12/30/2014,2Y,-0.048
Tu,12/30/2014,5Y,0.11
Tu,12/30/2014,10Y,0.702
We,12/31/2014,2Y,-0.07
We,12/31/2014,5Y,0.107
We,12/31/2014,10Y,0.703
Th,1/1/2015,2Y,-0.07
Th,1/1/2015,5Y,0.107
Th,1/1/2015,10Y,0.703
Fr,1/2/2015,2Y,-0.062
Fr,1/2/2015,5Y,0.088
Fr,1/2/2015,10Y,0.657
Mo,1/5/2015,2Y,-0.056
Mo,1/5/2015,5Y,0.094
Mo,1/5/2015,10Y,0.666
Tu,1/6/2015,2Y,-0.055
Tu,1/6/2015,5Y,0.073
Tu,1/6/2015,10Y,0.58
We,1/7/2015,2Y,-0.063
We,1/7/2015,5Y,0.087
We,1/7/2015,10Y,0.625
Th,1/8/2015,2Y,-0.069
Th,1/8/2015,5Y,0.103
Th,1/8/2015,10Y,0.654
Fr,1/9/2015,2Y,-0.089
Fr,1/9/2015,5Y,0.088
Fr,1/9/2015,10Y,0.641
Mo,1/12/2015,2Y,-0.084
Mo,1/12/2015,5Y,0.077
Mo,1/12/2015,10Y,0.603
Tu,1/13/2015,2Y,-0.081
Tu,1/13/2015,5Y,0.037
Tu,1/13/2015,10Y,0.582
We,1/14/2015,2Y,-0.087
We,1/14/2015,5Y,0.011
We,1/14/2015,10Y,0.504
Th,1/15/2015,2Y,-0.113
Th,1/15/2015,5Y,0.009
Th,1/15/2015,10Y,0.51
Fr,1/16/2015,2Y,-0.128
Fr,1/16/2015,5Y,-0.003
Fr,1/16/2015,10Y,0.49
Mo,1/19/2015,2Y,-0.133
Mo,1/19/2015,5Y,0.001
Mo,1/19/2015,10Y,0.495
Tu,1/20/2015,2Y,-0.118
Tu,1/20/2015,5Y,0.04
Tu,1/20/2015,10Y,0.518
We,1/21/2015,2Y,-0.128
We,1/21/2015,5Y,0.076
We,1/21/2015,10Y,0.586
Th,1/22/2015,2Y,-0.142
Th,1/22/2015,5Y,0.043
Th,1/22/2015,10Y,0.498
Fr,1/23/2015,2Y,-0.14
Fr,1/23/2015,5Y,-0.008
Fr,1/23/2015,10Y,0.41
Mo,1/26/2015,2Y,-0.12
Mo,1/26/2015,5Y,0.015
Mo,1/26/2015,10Y,0.443
Tu,1/27/2015,2Y,-0.119
Tu,1/27/2015,5Y,0.02
Tu,1/27/2015,10Y,0.44
We,1/28/2015,2Y,-0.127
We,1/28/2015,5Y,0.033
We,1/28/2015,10Y,0.438
Th,1/29/2015,2Y,-0.131
Th,1/29/2015,5Y,0.026
Th,1/29/2015,10Y,0.451
Fr,1/30/2015,2Y,-0.138
Fr,1/30/2015,5Y,-0.017
Fr,1/30/2015,10Y,0.38
Mo,2/2/2015,2Y,-0.133
Mo,2/2/2015,5Y,-0.022
Mo,2/2/2015,10Y,0.387
Tu,2/3/2015,2Y,-0.138
Tu,2/3/2015,5Y,-0.021
Tu,2/3/2015,10Y,0.404
We,2/4/2015,2Y,-0.131
We,2/4/2015,5Y,-0.019
We,2/4/2015,10Y,0.423
Th,2/5/2015,2Y,-0.143
Th,2/5/2015,5Y,-0.017
Th,2/5/2015,10Y,0.427
Fr,2/6/2015,2Y,-0.148
Fr,2/6/2015,5Y,-0.02
Fr,2/6/2015,10Y,0.449
Mo,2/9/2015,2Y,-0.147
Mo,2/9/2015,5Y,-0.009
Mo,2/9/2015,10Y,0.436
Tu,2/10/2015,2Y,-0.156
Tu,2/10/2015,5Y,0.016
Tu,2/10/2015,10Y,0.461
We,2/11/2015,2Y,-0.161
We,2/11/2015,5Y,0.003
We,2/11/2015,10Y,0.443
Th,2/12/2015,2Y,-0.152
Th,2/12/2015,5Y,-0.013
Th,2/12/2015,10Y,0.414
Fr,2/13/2015,2Y,-0.143
Fr,2/13/2015,5Y,-0.011
Fr,2/13/2015,10Y,0.431
Mo,2/16/2015,2Y,-0.147
Mo,2/16/2015,5Y,-0.012
Mo,2/16/2015,10Y,0.432
Tu,2/17/2015,2Y,-0.135
Tu,2/17/2015,5Y,0.001
Tu,2/17/2015,10Y,0.474
We,2/18/2015,2Y,-0.138
We,2/18/2015,5Y,-0.016
We,2/18/2015,10Y,0.479
Th,2/19/2015,2Y,-0.132
Th,2/19/2015,5Y,-0.021
Th,2/19/2015,10Y,0.474
Fr,2/20/2015,2Y,-0.137
Fr,2/20/2015,5Y,-0.032
Fr,2/20/2015,10Y,0.459
Mo,2/23/2015,2Y,-0.136
Mo,2/23/2015,5Y,-0.04
Mo,2/23/2015,10Y,0.442
Tu,2/24/2015,2Y,-0.139
Tu,2/24/2015,5Y,-0.038
Tu,2/24/2015,10Y,0.449
We,2/25/2015,2Y,-0.149
We,2/25/2015,5Y,-0.051
We,2/25/2015,10Y,0.4
Th,2/26/2015,2Y,-0.154
Th,2/26/2015,5Y,-0.065
Th,2/26/2015,10Y,0.369
Fr,2/27/2015,2Y,-0.149
Fr,2/27/2015,5Y,-0.041
Fr,2/27/2015,10Y,0.396
Mo,3/2/2015,2Y,-0.142
Mo,3/2/2015,5Y,-0.016
Mo,3/2/2015,10Y,0.428
Tu,3/3/2015,2Y,-0.135
Tu,3/3/2015,5Y,-0.005
Tu,3/3/2015,10Y,0.445
We,3/4/2015,2Y,-0.127
We,3/4/2015,5Y,0.006
We,3/4/2015,10Y,0.466
Th,3/5/2015,2Y,-0.136
Th,3/5/2015,5Y,-0.02
Th,3/5/2015,10Y,0.433
Fr,3/6/2015,2Y,-0.141
Fr,3/6/2015,5Y,-0.02
Fr,3/6/2015,10Y,0.464
Mo,3/9/2015,2Y,-0.156
Mo,3/9/2015,5Y,-0.056
Mo,3/9/2015,10Y,0.381
Tu,3/10/2015,2Y,-0.173
Tu,3/10/2015,5Y,-0.069
Tu,3/10/2015,10Y,0.311
We,3/11/2015,2Y,-0.174
We,3/11/2015,5Y,-0.064
We,3/11/2015,10Y,0.286
Th,3/12/2015,2Y,-0.17
Th,3/12/2015,5Y,-0.043
Th,3/12/2015,10Y,0.308
Fr,3/13/2015,2Y,-0.173
Fr,3/13/2015,5Y,-0.026
Fr,3/13/2015,10Y,0.321
Mo,3/16/2015,2Y,-0.158
Mo,3/16/2015,5Y,0
Mo,3/16/2015,10Y,0.337
Tu,3/17/2015,2Y,-0.152
Tu,3/17/2015,5Y,0.003
Tu,3/17/2015,10Y,0.364
We,3/18/2015,2Y,-0.174
We,3/18/2015,5Y,-0.031
We,3/18/2015,10Y,0.319
Th,3/19/2015,2Y,-0.177
Th,3/19/2015,5Y,-0.033
Th,3/19/2015,10Y,0.308
Fr,3/20/2015,2Y,-0.176
Fr,3/20/2015,5Y,-0.041
Fr,3/20/2015,10Y,0.306
Mo,3/23/2015,2Y,-0.161
Mo,3/23/2015,5Y,0.009
Mo,3/23/2015,10Y,0.36
Tu,3/24/2015,2Y,-0.167
Tu,3/24/2015,5Y,0.02
Tu,3/24/2015,10Y,0.379
We,3/25/2015,2Y,-0.171
We,3/25/2015,5Y,0.014
We,3/25/2015,10Y,0.375
Th,3/26/2015,2Y,-0.174
Th,3/26/2015,5Y,0.005
Th,3/26/2015,10Y,0.367
Fr,3/27/2015,2Y,-0.175
Fr,3/27/2015,5Y,0.002
Fr,3/27/2015,10Y,0.362
Mo,3/30/2015,2Y,-0.174
Mo,3/30/2015,5Y,0.006
Mo,3/30/2015,10Y,0.358
Tu,3/31/2015,2Y,-0.183
Tu,3/31/2015,5Y,-0.018
Tu,3/31/2015,10Y,0.316
We,4/1/2015,2Y,-0.188
We,4/1/2015,5Y,-0.027
We,4/1/2015,10Y,0.296
Th,4/2/2015,2Y,-0.186
Th,4/2/2015,5Y,-0.003
Th,4/2/2015,10Y,0.329
Fr,4/3/2015,2Y,-0.186
Fr,4/3/2015,5Y,-0.003
Fr,4/3/2015,10Y,0.329
Mo,4/6/2015,2Y,-0.186
Mo,4/6/2015,5Y,-0.003
Mo,4/6/2015,10Y,0.329
Tu,4/7/2015,2Y,-0.195
Tu,4/7/2015,5Y,-0.019
Tu,4/7/2015,10Y,0.313
We,4/8/2015,2Y,-0.207
We,4/8/2015,5Y,-0.052
We,4/8/2015,10Y,0.29
Th,4/9/2015,2Y,-0.204
Th,4/9/2015,5Y,-0.049
Th,4/9/2015,10Y,0.289
Fr,4/10/2015,2Y,-0.205
Fr,4/10/2015,5Y,-0.065
Fr,4/10/2015,10Y,0.281
Mo,4/13/2015,2Y,-0.208
Mo,4/13/2015,5Y,-0.064
Mo,4/13/2015,10Y,0.279
Tu,4/14/2015,2Y,-0.207
Tu,4/14/2015,5Y,-0.074
Tu,4/14/2015,10Y,0.259
We,4/15/2015,2Y,-0.211
We,4/15/2015,5Y,-0.086
We,4/15/2015,10Y,0.216
Th,4/16/2015,2Y,-0.203
Th,4/16/2015,5Y,-0.082
Th,4/16/2015,10Y,0.203
Fr,4/17/2015,2Y,-0.178
Fr,4/17/2015,5Y,-0.053
Fr,4/17/2015,10Y,0.203
Mo,4/20/2015,2Y,-0.173
Mo,4/20/2015,5Y,-0.052
Mo,4/20/2015,10Y,0.195
Tu,4/21/2015,2Y,-0.174
Tu,4/21/2015,5Y,-0.049
Tu,4/21/2015,10Y,0.214
We,4/22/2015,2Y,-0.164
We,4/22/2015,5Y,-0.011
We,4/22/2015,10Y,0.266
Th,4/23/2015,2Y,-0.175
Th,4/23/2015,5Y,-0.018
Th,4/23/2015,10Y,0.27
Fr,4/24/2015,2Y,-0.177
Fr,4/24/2015,5Y,-0.016
Fr,4/24/2015,10Y,0.268
Mo,4/27/2015,2Y,-0.185
Mo,4/27/2015,5Y,-0.023
Mo,4/27/2015,10Y,0.267
Tu,4/28/2015,2Y,-0.19
Tu,4/28/2015,5Y,-0.029
Tu,4/28/2015,10Y,0.27
We,4/29/2015,2Y,-0.144
We,4/29/2015,5Y,0.066
We,4/29/2015,10Y,0.401
Th,4/30/2015,2Y,-0.126
Th,4/30/2015,5Y,0.106
Th,4/30/2015,10Y,0.472
Fr,5/1/2015,2Y,-0.12
Fr,5/1/2015,5Y,0.118
Fr,5/1/2015,10Y,0.482
Mo,5/4/2015,2Y,-0.111
Mo,5/4/2015,5Y,0.139
Mo,5/4/2015,10Y,0.559
Tu,5/5/2015,2Y,-0.116
Tu,5/5/2015,5Y,0.171
Tu,5/5/2015,10Y,0.638
We,5/6/2015,2Y,-0.114
We,5/6/2015,5Y,0.203
We,5/6/2015,10Y,0.714
Th,5/7/2015,2Y,-0.113
Th,5/7/2015,5Y,0.197
Th,5/7/2015,10Y,0.71
Fr,5/8/2015,2Y,-0.114
Fr,5/8/2015,5Y,0.166
Fr,5/8/2015,10Y,0.661
Mo,5/11/2015,2Y,-0.106
Mo,5/11/2015,5Y,0.199
Mo,5/11/2015,10Y,0.738
Tu,5/12/2015,2Y,-0.093
Tu,5/12/2015,5Y,0.22
Tu,5/12/2015,10Y,0.798
We,5/13/2015,2Y,-0.084
We,5/13/2015,5Y,0.236
We,5/13/2015,10Y,0.835
Th,5/14/2015,2Y,-0.085
Th,5/14/2015,5Y,0.227
Th,5/14/2015,10Y,0.817
Fr,5/15/2015,2Y,-0.099
Fr,5/15/2015,5Y,0.2
Fr,5/15/2015,10Y,0.744
Mo,5/18/2015,2Y,-0.103
Mo,5/18/2015,5Y,0.21
Mo,5/18/2015,10Y,0.77
Tu,5/19/2015,2Y,-0.119
Tu,5/19/2015,5Y,0.179
Tu,5/19/2015,10Y,0.707
We,5/20/2015,2Y,-0.126
We,5/20/2015,5Y,0.195
We,5/20/2015,10Y,0.753
Th,5/21/2015,2Y,-0.133
Th,5/21/2015,5Y,0.193
Th,5/21/2015,10Y,0.759
Fr,5/22/2015,2Y,-0.139
Fr,5/22/2015,5Y,0.179
Fr,5/22/2015,10Y,0.728
Mo,5/25/2015,2Y,-0.138
Mo,5/25/2015,5Y,0.179
Mo,5/25/2015,10Y,0.727
Tu,5/26/2015,2Y,-0.154
Tu,5/26/2015,5Y,0.142
Tu,5/26/2015,10Y,0.68
We,5/27/2015,2Y,-0.155
We,5/27/2015,5Y,0.135
We,5/27/2015,10Y,0.681
Th,5/28/2015,2Y,-0.155
Th,5/28/2015,5Y,0.132
Th,5/28/2015,10Y,0.662
Fr,5/29/2015,2Y,-0.161
Fr,5/29/2015,5Y,0.11
Fr,5/29/2015,10Y,0.624
Mo,6/1/2015,2Y,-0.15
Mo,6/1/2015,5Y,0.141
Mo,6/1/2015,10Y,0.682
Tu,6/2/2015,2Y,-0.118
Tu,6/2/2015,5Y,0.218
Tu,6/2/2015,10Y,0.846
We,6/3/2015,2Y,-0.098
We,6/3/2015,5Y,0.295
We,6/3/2015,10Y,1
Th,6/4/2015,2Y,-0.109
Th,6/4/2015,5Y,0.279
Th,6/4/2015,10Y,0.967
Fr,6/5/2015,2Y,-0.104
Fr,6/5/2015,5Y,0.302
Fr,6/5/2015,10Y,0.988
Mo,6/8/2015,2Y,-0.093
Mo,6/8/2015,5Y,0.316
Mo,6/8/2015,10Y,1.028
Tu,6/9/2015,2Y,-0.074
Tu,6/9/2015,5Y,0.357
Tu,6/9/2015,10Y,1.1
We,6/10/2015,2Y,-0.091
We,6/10/2015,5Y,0.353
We,6/10/2015,10Y,1.129
Th,6/11/2015,2Y,-0.098
Th,6/11/2015,5Y,0.321
Th,6/11/2015,10Y,1.037
Fr,6/12/2015,2Y,-0.112
Fr,6/12/2015,5Y,0.311
Fr,6/12/2015,10Y,1.019
Mo,6/15/2015,2Y,-0.106
Mo,6/15/2015,5Y,0.353
Mo,6/15/2015,10Y,1.066
Tu,6/16/2015,2Y,-0.11
Tu,6/16/2015,5Y,0.335
Tu,6/16/2015,10Y,1.06
We,6/17/2015,2Y,-0.116
We,6/17/2015,5Y,0.322
We,6/17/2015,10Y,1.053
Th,6/18/2015,2Y,-0.119
Th,6/18/2015,5Y,0.298
Th,6/18/2015,10Y,1.028
Fr,6/19/2015,2Y,-0.126
Fr,6/19/2015,5Y,0.272
Fr,6/19/2015,10Y,0.979
Mo,6/22/2015,2Y,-0.106
Mo,6/22/2015,5Y,0.325
Mo,6/22/2015,10Y,1.077
Tu,6/23/2015,2Y,-0.116
Tu,6/23/2015,5Y,0.304
Tu,6/23/2015,10Y,1.058
We,6/24/2015,2Y,-0.111
We,6/24/2015,5Y,0.296
We,6/24/2015,10Y,1.189
Th,6/25/2015,2Y,-0.117
Th,6/25/2015,5Y,0.291
Th,6/25/2015,10Y,1.202
Fr,6/26/2015,2Y,-0.109
Fr,6/26/2015,5Y,0.315
Fr,6/26/2015,10Y,1.249
Mo,6/29/2015,2Y,-0.119
Mo,6/29/2015,5Y,0.285
Mo,6/29/2015,10Y,1.17
Tu,6/30/2015,2Y,-0.132
Tu,6/30/2015,5Y,0.249
Tu,6/30/2015,10Y,1.138
We,7/1/2015,2Y,-0.156
We,7/1/2015,5Y,0.257
We,7/1/2015,10Y,1.196
Th,7/2/2015,2Y,-0.157
Th,7/2/2015,5Y,0.286
Th,7/2/2015,10Y,1.261
Fr,7/3/2015,2Y,-0.168
Fr,7/3/2015,5Y,0.259
Fr,7/3/2015,10Y,1.219
Mo,7/6/2015,2Y,-0.155
Mo,7/6/2015,5Y,0.263
Mo,7/6/2015,10Y,1.217
Tu,7/7/2015,2Y,-0.174
Tu,7/7/2015,5Y,0.22
Tu,7/7/2015,10Y,1.09
We,7/8/2015,2Y,-0.171
We,7/8/2015,5Y,0.221
We,7/8/2015,10Y,1.093
Th,7/9/2015,2Y,-0.167
Th,7/9/2015,5Y,0.21
Th,7/9/2015,10Y,1.122
Fr,7/10/2015,2Y,-0.124
Fr,7/10/2015,5Y,0.304
Fr,7/10/2015,10Y,1.261
Mo,7/13/2015,2Y,-0.144
Mo,7/13/2015,5Y,0.263
Mo,7/13/2015,10Y,1.215
Tu,7/14/2015,2Y,-0.146
Tu,7/14/2015,5Y,0.242
Tu,7/14/2015,10Y,1.181
We,7/15/2015,2Y,-0.158
We,7/15/2015,5Y,0.197
We,7/15/2015,10Y,1.091
Th,7/16/2015,2Y,-0.146
Th,7/16/2015,5Y,0.209
Th,7/16/2015,10Y,1.084
Fr,7/17/2015,2Y,-0.154
Fr,7/17/2015,5Y,0.183
Fr,7/17/2015,10Y,1.02
Mo,7/20/2015,2Y,-0.153
Mo,7/20/2015,5Y,0.166
Mo,7/20/2015,10Y,0.984
Tu,7/21/2015,2Y,-0.153
Tu,7/21/2015,5Y,0.181
Tu,7/21/2015,10Y,1.026
We,7/22/2015,2Y,-0.158
We,7/22/2015,5Y,0.173
We,7/22/2015,10Y,1.004
Th,7/23/2015,2Y,-0.163
Th,7/23/2015,5Y,0.156
Th,7/23/2015,10Y,0.989
Fr,7/24/2015,2Y,-0.164
Fr,7/24/2015,5Y,0.131
Fr,7/24/2015,10Y,0.938
Mo,7/27/2015,2Y,-0.166
Mo,7/27/2015,5Y,0.138
Mo,7/27/2015,10Y,0.941
Tu,7/28/2015,2Y,-0.176
Tu,7/28/2015,5Y,0.128
Tu,7/28/2015,10Y,0.955
We,7/29/2015,2Y,-0.181
We,7/29/2015,5Y,0.132
We,7/29/2015,10Y,0.981
Th,7/30/2015,2Y,-0.187
Th,7/30/2015,5Y,0.097
Th,7/30/2015,10Y,0.906
Fr,7/31/2015,2Y,-0.18
Fr,7/31/2015,5Y,0.099
Fr,7/31/2015,10Y,0.901
Mo,8/3/2015,2Y,-0.184
Mo,8/3/2015,5Y,0.089
Mo,8/3/2015,10Y,0.895
Tu,8/4/2015,2Y,-0.185
Tu,8/4/2015,5Y,0.087
Tu,8/4/2015,10Y,0.911
We,8/5/2015,2Y,-0.179
We,8/5/2015,5Y,0.133
We,8/5/2015,10Y,1.022
Th,8/6/2015,2Y,-0.176
Th,8/6/2015,5Y,0.115
Th,8/6/2015,10Y,0.972
Fr,8/7/2015,2Y,-0.193
Fr,8/7/2015,5Y,0.085
Fr,8/7/2015,10Y,0.923
Mo,8/10/2015,2Y,-0.194
Mo,8/10/2015,5Y,0.094
Mo,8/10/2015,10Y,0.96
Tu,8/11/2015,2Y,-0.202
Tu,8/11/2015,5Y,0.066
Tu,8/11/2015,10Y,0.891
We,8/12/2015,2Y,-0.211
We,8/12/2015,5Y,0.058
We,8/12/2015,10Y,0.876
Th,8/13/2015,2Y,-0.205
Th,8/13/2015,5Y,0.076
Th,8/13/2015,10Y,0.899
Fr,8/14/2015,2Y,-0.2
Fr,8/14/2015,5Y,0.098
Fr,8/14/2015,10Y,0.928
Mo,8/17/2015,2Y,-0.195
Mo,8/17/2015,5Y,0.079
Mo,8/17/2015,10Y,0.896
Tu,8/18/2015,2Y,-0.19
Tu,8/18/2015,5Y,0.103
Tu,8/18/2015,10Y,0.921
We,8/19/2015,2Y,-0.191
We,8/19/2015,5Y,0.096
We,8/19/2015,10Y,0.908
Th,8/20/2015,2Y,-0.191
Th,8/20/2015,5Y,0.076
Th,8/20/2015,10Y,0.883
Fr,8/21/2015,2Y,-0.192
Fr,8/21/2015,5Y,0.08
Fr,8/21/2015,10Y,0.885
Mo,8/24/2015,2Y,-0.19
Mo,8/24/2015,5Y,0.103
Mo,8/24/2015,10Y,0.921
Tu,8/25/2015,2Y,-0.166
Tu,8/25/2015,5Y,0.183
Tu,8/25/2015,10Y,1.06
We,8/26/2015,2Y,-0.162
We,8/26/2015,5Y,0.165
We,8/26/2015,10Y,1.027
Th,8/27/2015,2Y,-0.157
Th,8/27/2015,5Y,0.176
Th,8/27/2015,10Y,1.053
Fr,8/28/2015,2Y,-0.146
Fr,8/28/2015,5Y,0.181
Fr,8/28/2015,10Y,1.045
Mo,8/31/2015,2Y,-0.137
Mo,8/31/2015,5Y,0.211
Mo,8/31/2015,10Y,1.101
Tu,9/1/2015,2Y,-0.151
Tu,9/1/2015,5Y,0.219
Tu,9/1/2015,10Y,1.101
We,9/2/2015,2Y,-0.152
We,9/2/2015,5Y,0.201
We,9/2/2015,10Y,1.08
Th,9/3/2015,2Y,-0.186
Th,9/3/2015,5Y,0.141
Th,9/3/2015,10Y,1.015
Fr,9/4/2015,2Y,-0.185
Fr,9/4/2015,5Y,0.127
Fr,9/4/2015,10Y,0.954
Mo,9/7/2015,2Y,-0.176
Mo,9/7/2015,5Y,0.121
Mo,9/7/2015,10Y,0.974
Tu,9/8/2015,2Y,-0.178
Tu,9/8/2015,5Y,0.12
Tu,9/8/2015,10Y,0.967
We,9/9/2015,2Y,-0.184
We,9/9/2015,5Y,0.113
We,9/9/2015,10Y,0.973
Th,9/10/2015,2Y,-0.183
Th,9/10/2015,5Y,0.114
Th,9/10/2015,10Y,0.969
Fr,9/11/2015,2Y,-0.193
Fr,9/11/2015,5Y,0.093
Fr,9/11/2015,10Y,0.928
Mo,9/14/2015,2Y,-0.199
Mo,9/14/2015,5Y,0.091
Mo,9/14/2015,10Y,0.929
Tu,9/15/2015,2Y,-0.188
Tu,9/15/2015,5Y,0.127
Tu,9/15/2015,10Y,1.012
We,9/16/2015,2Y,-0.178
We,9/16/2015,5Y,0.147
We,9/16/2015,10Y,1.046
Th,9/17/2015,2Y,-0.16
Th,9/17/2015,5Y,0.163
Th,9/17/2015,10Y,1.046
Fr,9/18/2015,2Y,-0.19
Fr,9/18/2015,5Y,0.09
Fr,9/18/2015,10Y,0.924
Mo,9/21/2015,2Y,-0.193
Mo,9/21/2015,5Y,0.091
Mo,9/21/2015,10Y,0.949
Tu,9/22/2015,2Y,-0.205
Tu,9/22/2015,5Y,0.047
Tu,9/22/2015,10Y,0.864
We,9/23/2015,2Y,-0.194
We,9/23/2015,5Y,0.056
We,9/23/2015,10Y,0.873
Th,9/24/2015,2Y,-0.189
Th,9/24/2015,5Y,0.065
Th,9/24/2015,10Y,0.888
Fr,9/25/2015,2Y,-0.186
Fr,9/25/2015,5Y,0.075
Fr,9/25/2015,10Y,0.933
Mo,9/28/2015,2Y,-0.196
Mo,9/28/2015,5Y,0.059
Mo,9/28/2015,10Y,0.889
Tu,9/29/2015,2Y,-0.188
Tu,9/29/2015,5Y,0.06
Tu,9/29/2015,10Y,0.892
We,9/30/2015,2Y,-0.191
We,9/30/2015,5Y,0.053
We,9/30/2015,10Y,0.887
Th,10/1/2015,2Y,-0.208
Th,10/1/2015,5Y,0.018
Th,10/1/2015,10Y,0.824
Fr,10/2/2015,2Y,-0.202
Fr,10/2/2015,5Y,0.004
Fr,10/2/2015,10Y,0.793
Mo,10/5/2015,2Y,-0.194
Mo,10/5/2015,5Y,0.024
Mo,10/5/2015,10Y,0.851
Tu,10/6/2015,2Y,-0.185
Tu,10/6/2015,5Y,0.047
Tu,10/6/2015,10Y,0.882
We,10/7/2015,2Y,-0.186
We,10/7/2015,5Y,0.045
We,10/7/2015,10Y,0.873
Th,10/8/2015,2Y,-0.182
Th,10/8/2015,5Y,0.045
Th,10/8/2015,10Y,0.864
Fr,10/9/2015,2Y,-0.186
Fr,10/9/2015,5Y,0.058
Fr,10/9/2015,10Y,0.892
Mo,10/12/2015,2Y,-0.196
Mo,10/12/2015,5Y,0.034
Mo,10/12/2015,10Y,0.854
Tu,10/13/2015,2Y,-0.191
Tu,10/13/2015,5Y,0.04
Tu,10/13/2015,10Y,0.864
We,10/14/2015,2Y,-0.204
We,10/14/2015,5Y,0.011
We,10/14/2015,10Y,0.817
Th,10/15/2015,2Y,-0.207
Th,10/15/2015,5Y,0.022
Th,10/15/2015,10Y,0.825
Fr,10/16/2015,2Y,-0.213
Fr,10/16/2015,5Y,0.019
Fr,10/16/2015,10Y,0.823
Mo,10/19/2015,2Y,-0.215
Mo,10/19/2015,5Y,0.026
Mo,10/19/2015,10Y,0.839
Tu,10/20/2015,2Y,-0.192
Tu,10/20/2015,5Y,0.066
Tu,10/20/2015,10Y,0.907
We,10/21/2015,2Y,-0.201
We,10/21/2015,5Y,0.028
We,10/21/2015,10Y,0.842
Th,10/22/2015,2Y,-0.263
Th,10/22/2015,5Y,-0.047
Th,10/22/2015,10Y,0.764
Fr,10/23/2015,2Y,-0.268
Fr,10/23/2015,5Y,-0.043
Fr,10/23/2015,10Y,0.773
Mo,10/26/2015,2Y,-0.271
Mo,10/26/2015,5Y,-0.046
Mo,10/26/2015,10Y,0.762
Tu,10/27/2015,2Y,-0.284
Tu,10/27/2015,5Y,-0.074
Tu,10/27/2015,10Y,0.713
We,10/28/2015,2Y,-0.29
We,10/28/2015,5Y,-0.09
We,10/28/2015,10Y,0.703
Th,10/29/2015,2Y,-0.27
Th,10/29/2015,5Y,-0.032
Th,10/29/2015,10Y,0.789
Fr,10/30/2015,2Y,-0.263
Fr,10/30/2015,5Y,-0.032
Fr,10/30/2015,10Y,0.778
Mo,11/2/2015,2Y,-0.252
Mo,11/2/2015,5Y,-0.011
Mo,11/2/2015,10Y,0.83
Tu,11/3/2015,2Y,-0.265
Tu,11/3/2015,5Y,-0.015
Tu,11/3/2015,10Y,0.845
We,11/4/2015,2Y,-0.264
We,11/4/2015,5Y,-0.016
We,11/4/2015,10Y,0.864
Th,11/5/2015,2Y,-0.263
Th,11/5/2015,5Y,-0.009
Th,11/5/2015,10Y,0.87
Fr,11/6/2015,2Y,-0.24
Fr,11/6/2015,5Y,0.041
Fr,11/6/2015,10Y,0.947
Mo,11/9/2015,2Y,-0.274
Mo,11/9/2015,5Y,-0.016
Mo,11/9/2015,10Y,0.921
Tu,11/10/2015,2Y,-0.296
Tu,11/10/2015,5Y,-0.045
Tu,11/10/2015,10Y,0.886
We,11/11/2015,2Y,-0.3
We,11/11/2015,5Y,-0.05
We,11/11/2015,10Y,0.876
Th,11/12/2015,2Y,-0.294
Th,11/12/2015,5Y,-0.045
Th,11/12/2015,10Y,0.872
Fr,11/13/2015,2Y,-0.301
Fr,11/13/2015,5Y,-0.075
Fr,11/13/2015,10Y,0.821
Mo,11/16/2015,2Y,-0.305
Mo,11/16/2015,5Y,-0.094
Mo,11/16/2015,10Y,0.795
Tu,11/17/2015,2Y,-0.314
Tu,11/17/2015,5Y,-0.104
Tu,11/17/2015,10Y,0.788
We,11/18/2015,2Y,-0.311
We,11/18/2015,5Y,-0.104
We,11/18/2015,10Y,0.764
Th,11/19/2015,2Y,-0.311
Th,11/19/2015,5Y,-0.111
Th,11/19/2015,10Y,0.738
Fr,11/20/2015,2Y,-0.321
Fr,11/20/2015,5Y,-0.118
Fr,11/20/2015,10Y,0.742
Mo,11/23/2015,2Y,-0.325
Mo,11/23/2015,5Y,-0.101
Mo,11/23/2015,10Y,0.788
Tu,11/24/2015,2Y,-0.308
Tu,11/24/2015,5Y,-0.094
Tu,11/24/2015,10Y,0.768
We,11/25/2015,2Y,-0.332
We,11/25/2015,5Y,-0.137
We,11/25/2015,10Y,0.727
Th,11/26/2015,2Y,-0.334
Th,11/26/2015,5Y,-0.136
Th,11/26/2015,10Y,0.722
Fr,11/27/2015,2Y,-0.334
Fr,11/27/2015,5Y,-0.134
Fr,11/27/2015,10Y,0.708
Mo,11/30/2015,2Y,-0.333
Mo,11/30/2015,5Y,-0.124
Mo,11/30/2015,10Y,0.725
Tu,12/1/2015,2Y,-0.357
Tu,12/1/2015,5Y,-0.14
Tu,12/1/2015,10Y,0.723
We,12/2/2015,2Y,-0.358
We,12/2/2015,5Y,-0.158
We,12/2/2015,10Y,0.717
Th,12/3/2015,2Y,-0.233
Th,12/3/2015,5Y,0.005
Th,12/3/2015,10Y,0.92
Fr,12/4/2015,2Y,-0.222
Fr,12/4/2015,5Y,0.016
Fr,12/4/2015,10Y,0.925
Mo,12/7/2015,2Y,-0.248
Mo,12/7/2015,5Y,-0.052
Mo,12/7/2015,10Y,0.826
Tu,12/8/2015,2Y,-0.245
Tu,12/8/2015,5Y,-0.055
Tu,12/8/2015,10Y,0.815
We,12/9/2015,2Y,-0.246
We,12/9/2015,5Y,-0.058
We,12/9/2015,10Y,0.842
Th,12/10/2015,2Y,-0.262
Th,12/10/2015,5Y,-0.079
Th,12/10/2015,10Y,0.813
Fr,12/11/2015,2Y,-0.281
Fr,12/11/2015,5Y,-0.099
Fr,12/11/2015,10Y,0.789
Mo,12/14/2015,2Y,-0.269
Mo,12/14/2015,5Y,-0.079
Mo,12/14/2015,10Y,0.834
Tu,12/15/2015,2Y,-0.273
Tu,12/15/2015,5Y,-0.041
Tu,12/15/2015,10Y,0.896
We,12/16/2015,2Y,-0.262
We,12/16/2015,5Y,-0.015
We,12/16/2015,10Y,0.936
Th,12/17/2015,2Y,-0.28
Th,12/17/2015,5Y,-0.065
Th,12/17/2015,10Y,0.861
Fr,12/18/2015,2Y,-0.289
Fr,12/18/2015,5Y,-0.088
Fr,12/18/2015,10Y,0.808
Mo,12/21/2015,2Y,-0.296
Mo,12/21/2015,5Y,-0.085
Mo,12/21/2015,10Y,0.809
Tu,12/22/2015,2Y,-0.277
Tu,12/22/2015,5Y,-0.051
Tu,12/22/2015,10Y,0.865
We,12/23/2015,2Y,-0.279
We,12/23/2015,5Y,-0.032
We,12/23/2015,10Y,0.893
Th,12/24/2015,2Y,-0.272
Th,12/24/2015,5Y,-0.032
Th,12/24/2015,10Y,0.904
Fr,12/25/2015,2Y,-0.272
Fr,12/25/2015,5Y,-0.032
Fr,12/25/2015,10Y,0.904
Mo,12/28/2015,2Y,-0.279
Mo,12/28/2015,5Y,-0.05
Mo,12/28/2015,10Y,0.827
Tu,12/29/2015,2Y,-0.293
Tu,12/29/2015,5Y,-0.022
Tu,12/29/2015,10Y,0.9
We,12/30/2015,2Y,-0.311
We,12/30/2015,5Y,-0.035
We,12/30/2015,10Y,0.896
Th,12/31/2015,2Y,-0.318
Th,12/31/2015,5Y,-0.037
Th,12/31/2015,10Y,0.896
Fr,1/1/2016,2Y,-0.318
Fr,1/1/2016,5Y,-0.037
Fr,1/1/2016,10Y,0.896
Mo,1/4/2016,2Y,-0.311
Mo,1/4/2016,5Y,-0.059
Mo,1/4/2016,10Y,0.843
Tu,1/5/2016,2Y,-0.333
Tu,1/5/2016,5Y,-0.09
Tu,1/5/2016,10Y,0.826
We,1/6/2016,2Y,-0.342
We,1/6/2016,5Y,-0.095
We,1/6/2016,10Y,0.796
Th,1/7/2016,2Y,-0.341
Th,1/7/2016,5Y,-0.073
Th,1/7/2016,10Y,0.842
Fr,1/8/2016,2Y,-0.355
Fr,1/8/2016,5Y,-0.07
Fr,1/8/2016,10Y,0.822
Mo,1/11/2016,2Y,-0.345
Mo,1/11/2016,5Y,-0.049
Mo,1/11/2016,10Y,0.848
Tu,1/12/2016,2Y,-0.341
Tu,1/12/2016,5Y,-0.045
Tu,1/12/2016,10Y,0.839
We,1/13/2016,2Y,-0.344
We,1/13/2016,5Y,-0.06
We,1/13/2016,10Y,0.802
Th,1/14/2016,2Y,-0.343
Th,1/14/2016,5Y,-0.058
Th,1/14/2016,10Y,0.811
Fr,1/15/2016,2Y,-0.35
Fr,1/15/2016,5Y,-0.077
Fr,1/15/2016,10Y,0.777
Mo,1/18/2016,2Y,-0.351
Mo,1/18/2016,5Y,-0.08
Mo,1/18/2016,10Y,0.774
Tu,1/19/2016,2Y,-0.352
Tu,1/19/2016,5Y,-0.084
Tu,1/19/2016,10Y,0.783
We,1/20/2016,2Y,-0.369
We,1/20/2016,5Y,-0.112
We,1/20/2016,10Y,0.732
Th,1/21/2016,2Y,-0.398
Th,1/21/2016,5Y,-0.158
Th,1/21/2016,10Y,0.696
Fr,1/22/2016,2Y,-0.4
Fr,1/22/2016,5Y,-0.156
Fr,1/22/2016,10Y,0.717
Mo,1/25/2016,2Y,-0.403
Mo,1/25/2016,5Y,-0.163
Mo,1/25/2016,10Y,0.701
Tu,1/26/2016,2Y,-0.413
Tu,1/26/2016,5Y,-0.18
Tu,1/26/2016,10Y,0.676
We,1/27/2016,2Y,-0.404
We,1/27/2016,5Y,-0.17
We,1/27/2016,10Y,0.683
Th,1/28/2016,2Y,-0.406
Th,1/28/2016,5Y,-0.193
Th,1/28/2016,10Y,0.656
Fr,1/29/2016,2Y,-0.439
Fr,1/29/2016,5Y,-0.25
Fr,1/29/2016,10Y,0.565
Mo,2/1/2016,2Y,-0.424
Mo,2/1/2016,5Y,-0.222
Mo,2/1/2016,10Y,0.596
Tu,2/2/2016,2Y,-0.433
Tu,2/2/2016,5Y,-0.238
Tu,2/2/2016,10Y,0.562
We,2/3/2016,2Y,-0.451
We,2/3/2016,5Y,-0.257
We,2/3/2016,10Y,0.535
Th,2/4/2016,2Y,-0.441
Th,2/4/2016,5Y,-0.24
Th,2/4/2016,10Y,0.567
Fr,2/5/2016,2Y,-0.44
Fr,2/5/2016,5Y,-0.244
Fr,2/5/2016,10Y,0.566
Mo,2/8/2016,2Y,-0.458
Mo,2/8/2016,5Y,-0.271
Mo,2/8/2016,10Y,0.513
Tu,2/9/2016,2Y,-0.461
Tu,2/9/2016,5Y,-0.265
Tu,2/9/2016,10Y,0.538
We,2/10/2016,2Y,-0.454
We,2/10/2016,5Y,-0.259
We,2/10/2016,10Y,0.532
Th,2/11/2016,2Y,-0.472
Th,2/11/2016,5Y,-0.271
Th,2/11/2016,10Y,0.516
Fr,2/12/2016,2Y,-0.44
Fr,2/12/2016,5Y,-0.224
Fr,2/12/2016,10Y,0.582
Mo,2/15/2016,2Y,-0.455
Mo,2/15/2016,5Y,-0.249
Mo,2/15/2016,10Y,0.558
Tu,2/16/2016,2Y,-0.449
Tu,2/16/2016,5Y,-0.231
Tu,2/16/2016,10Y,0.598
We,2/17/2016,2Y,-0.444
We,2/17/2016,5Y,-0.229
We,2/17/2016,10Y,0.586
Th,2/18/2016,2Y,-0.455
Th,2/18/2016,5Y,-0.256
Th,2/18/2016,10Y,0.52
Fr,2/19/2016,2Y,-0.464
Fr,2/19/2016,5Y,-0.262
Fr,2/19/2016,10Y,0.504
Mo,2/22/2016,2Y,-0.46
Mo,2/22/2016,5Y,-0.275
Mo,2/22/2016,10Y,0.46
Tu,2/23/2016,2Y,-0.459
Tu,2/23/2016,5Y,-0.277
Tu,2/23/2016,10Y,0.465
We,2/24/2016,2Y,-0.449
We,2/24/2016,5Y,-0.277
We,2/24/2016,10Y,0.446
Th,2/25/2016,2Y,-0.461
Th,2/25/2016,5Y,-0.299
Th,2/25/2016,10Y,0.427
Fr,2/26/2016,2Y,-0.477
Fr,2/26/2016,5Y,-0.307
Fr,2/26/2016,10Y,0.423
Mo,2/29/2016,2Y,-0.498
Mo,2/29/2016,5Y,-0.343
Mo,2/29/2016,10Y,0.383
Tu,3/1/2016,2Y,-0.491
Tu,3/1/2016,5Y,-0.326
Tu,3/1/2016,10Y,0.43
We,3/2/2016,2Y,-0.478
We,3/2/2016,5Y,-0.29
We,3/2/2016,10Y,0.493
Th,3/3/2016,2Y,-0.503
Th,3/3/2016,5Y,-0.323
Th,3/3/2016,10Y,0.463
Fr,3/4/2016,2Y,-0.465
Fr,3/4/2016,5Y,-0.267
Fr,3/4/2016,10Y,0.521
Mo,3/7/2016,2Y,-0.476
Mo,3/7/2016,5Y,-0.279
Mo,3/7/2016,10Y,0.504
Tu,3/8/2016,2Y,-0.493
Tu,3/8/2016,5Y,-0.311
Tu,3/8/2016,10Y,0.443
We,3/9/2016,2Y,-0.465
We,3/9/2016,5Y,-0.283
We,3/9/2016,10Y,0.492
Th,3/10/2016,2Y,-0.392
Th,3/10/2016,5Y,-0.201
Th,3/10/2016,10Y,0.543
Fr,3/11/2016,2Y,-0.408
Fr,3/11/2016,5Y,-0.251
Fr,3/11/2016,10Y,0.484
Mo,3/14/2016,2Y,-0.406
Mo,3/14/2016,5Y,-0.247
Mo,3/14/2016,10Y,0.486
Tu,3/15/2016,2Y,-0.401
Tu,3/15/2016,5Y,-0.227
Tu,3/15/2016,10Y,0.526
We,3/16/2016,2Y,-0.403
We,3/16/2016,5Y,-0.23
We,3/16/2016,10Y,0.513
Th,3/17/2016,2Y,-0.418
Th,3/17/2016,5Y,-0.269
Th,3/17/2016,10Y,0.436
Fr,3/18/2016,2Y,-0.425
Fr,3/18/2016,5Y,-0.278
Fr,3/18/2016,10Y,0.417
Mo,3/21/2016,2Y,-0.427
Mo,3/21/2016,5Y,-0.274
Mo,3/21/2016,10Y,0.428
Tu,3/22/2016,2Y,-0.434
Tu,3/22/2016,5Y,-0.278
Tu,3/22/2016,10Y,0.412
We,3/23/2016,2Y,-0.434
We,3/23/2016,5Y,-0.285
We,3/23/2016,10Y,0.4
Th,3/24/2016,2Y,-0.427
Th,3/24/2016,5Y,-0.278
Th,3/24/2016,10Y,0.385
Fr,3/25/2016,2Y,-0.427
Fr,3/25/2016,5Y,-0.278
Fr,3/25/2016,10Y,0.385
Mo,3/28/2016,2Y,-0.427
Mo,3/28/2016,5Y,-0.278
Mo,3/28/2016,10Y,0.385
Tu,3/29/2016,2Y,-0.445
Tu,3/29/2016,5Y,-0.315
Tu,3/29/2016,10Y,0.34
We,3/30/2016,2Y,-0.438
We,3/30/2016,5Y,-0.3
We,3/30/2016,10Y,0.352
Th,3/31/2016,2Y,-0.436
Th,3/31/2016,5Y,-0.298
Th,3/31/2016,10Y,0.349
Fr,4/1/2016,2Y,-0.434
Fr,4/1/2016,5Y,-0.301
Fr,4/1/2016,10Y,0.331
Mo,4/4/2016,2Y,-0.432
Mo,4/4/2016,5Y,-0.299
Mo,4/4/2016,10Y,0.328
Tu,4/5/2016,2Y,-0.445
Tu,4/5/2016,5Y,-0.315
Tu,4/5/2016,10Y,0.302
We,4/6/2016,2Y,-0.447
We,4/6/2016,5Y,-0.321
We,4/6/2016,10Y,0.323
Th,4/7/2016,2Y,-0.464
Th,4/7/2016,5Y,-0.343
Th,4/7/2016,10Y,0.298
Fr,4/8/2016,2Y,-0.474
Fr,4/8/2016,5Y,-0.348
Fr,4/8/2016,10Y,0.302
Mo,4/11/2016,2Y,-0.478
Mo,4/11/2016,5Y,-0.348
Mo,4/11/2016,10Y,0.325
Tu,4/12/2016,2Y,-0.472
Tu,4/12/2016,5Y,-0.326
Tu,4/12/2016,10Y,0.377
We,4/13/2016,2Y,-0.477
We,4/13/2016,5Y,-0.333
We,4/13/2016,10Y,0.329
Th,4/14/2016,2Y,-0.467
Th,4/14/2016,5Y,-0.308
Th,4/14/2016,10Y,0.372
Fr,4/15/2016,2Y,-0.475
Fr,4/15/2016,5Y,-0.33
Fr,4/15/2016,10Y,0.332
Mo,4/18/2016,2Y,-0.469
Mo,4/18/2016,5Y,-0.331
Mo,4/18/2016,10Y,0.363
Tu,4/19/2016,2Y,-0.467
Tu,4/19/2016,5Y,-0.331
Tu,4/19/2016,10Y,0.371
We,4/20/2016,2Y,-0.465
We,4/20/2016,5Y,-0.338
We,4/20/2016,10Y,0.353
Th,4/21/2016,2Y,-0.453
Th,4/21/2016,5Y,-0.29
Th,4/21/2016,10Y,0.424
Fr,4/22/2016,2Y,-0.462
Fr,4/22/2016,5Y,-0.309
Fr,4/22/2016,10Y,0.415
Mo,4/25/2016,2Y,-0.46
Mo,4/25/2016,5Y,-0.295
Mo,4/25/2016,10Y,0.445
Tu,4/26/2016,2Y,-0.454
Tu,4/26/2016,5Y,-0.276
Tu,4/26/2016,10Y,0.481
We,4/27/2016,2Y,-0.454
We,4/27/2016,5Y,-0.288
We,4/27/2016,10Y,0.476
Th,4/28/2016,2Y,-0.461
Th,4/28/2016,5Y,-0.299
Th,4/28/2016,10Y,0.452
Fr,4/29/2016,2Y,-0.444
Fr,4/29/2016,5Y,-0.28
Fr,4/29/2016,10Y,0.483
Mo,5/2/2016,2Y,-0.436
Mo,5/2/2016,5Y,-0.275
Mo,5/2/2016,10Y,0.478
Tu,5/3/2016,2Y,-0.459
Tu,5/3/2016,5Y,-0.313
Tu,5/3/2016,10Y,0.422
We,5/4/2016,2Y,-0.46
We,5/4/2016,5Y,-0.314
We,5/4/2016,10Y,0.424
Th,5/5/2016,2Y,-0.475
Th,5/5/2016,5Y,-0.337
Th,5/5/2016,10Y,0.393
Fr,5/6/2016,2Y,-0.479
Fr,5/6/2016,5Y,-0.342
Fr,5/6/2016,10Y,0.379
Mo,5/9/2016,2Y,-0.48
Mo,5/9/2016,5Y,-0.353
Mo,5/9/2016,10Y,0.356
Tu,5/10/2016,2Y,-0.478
Tu,5/10/2016,5Y,-0.35
Tu,5/10/2016,10Y,0.344
We,5/11/2016,2Y,-0.481
We,5/11/2016,5Y,-0.356
We,5/11/2016,10Y,0.336
Th,5/12/2016,2Y,-0.476
Th,5/12/2016,5Y,-0.347
Th,5/12/2016,10Y,0.357
Fr,5/13/2016,2Y,-0.478
Fr,5/13/2016,5Y,-0.352
Fr,5/13/2016,10Y,0.325
Mo,5/16/2016,2Y,-0.475
Mo,5/16/2016,5Y,-0.348
Mo,5/16/2016,10Y,0.342
Tu,5/17/2016,2Y,-0.472
Tu,5/17/2016,5Y,-0.35
Tu,5/17/2016,10Y,0.327
We,5/18/2016,2Y,-0.468
We,5/18/2016,5Y,-0.336
We,5/18/2016,10Y,0.364
Th,5/19/2016,2Y,-0.467
Th,5/19/2016,5Y,-0.329
Th,5/19/2016,10Y,0.365
Fr,5/20/2016,2Y,-0.472
Fr,5/20/2016,5Y,-0.328
Fr,5/20/2016,10Y,0.359
Mo,5/23/2016,2Y,-0.473
Mo,5/23/2016,5Y,-0.325
Mo,5/23/2016,10Y,0.368
Tu,5/24/2016,2Y,-0.474
Tu,5/24/2016,5Y,-0.332
Tu,5/24/2016,10Y,0.357
We,5/25/2016,2Y,-0.479
We,5/25/2016,5Y,-0.348
We,5/25/2016,10Y,0.328
Th,5/26/2016,2Y,-0.487
Th,5/26/2016,5Y,-0.36
Th,5/26/2016,10Y,0.326
Fr,5/27/2016,2Y,-0.491
Fr,5/27/2016,5Y,-0.367
Fr,5/27/2016,10Y,0.314
Mo,5/30/2016,2Y,-0.488
Mo,5/30/2016,5Y,-0.351
Mo,5/30/2016,10Y,0.344
Tu,5/31/2016,2Y,-0.485
Tu,5/31/2016,5Y,-0.36
Tu,5/31/2016,10Y,0.316
We,6/1/2016,2Y,-0.481
We,6/1/2016,5Y,-0.363
We,6/1/2016,10Y,0.315
Th,6/2/2016,2Y,-0.484
Th,6/2/2016,5Y,-0.363
Th,6/2/2016,10Y,0.299
Fr,6/3/2016,2Y,-0.491
Fr,6/3/2016,5Y,-0.385
Fr,6/3/2016,10Y,0.256
Mo,6/6/2016,2Y,-0.502
Mo,6/6/2016,5Y,-0.377
Mo,6/6/2016,10Y,0.286
Tu,6/7/2016,2Y,-0.496
Tu,6/7/2016,5Y,-0.388
Tu,6/7/2016,10Y,0.247
We,6/8/2016,2Y,-0.495
We,6/8/2016,5Y,-0.387
We,6/8/2016,10Y,0.245
Th,6/9/2016,2Y,-0.504
Th,6/9/2016,5Y,-0.395
Th,6/9/2016,10Y,0.223
Fr,6/10/2016,2Y,-0.496
Fr,6/10/2016,5Y,-0.388
Fr,6/10/2016,10Y,0.216
Mo,6/13/2016,2Y,-0.502
Mo,6/13/2016,5Y,-0.384
Mo,6/13/2016,10Y,0.226
Tu,6/14/2016,2Y,-0.513
Tu,6/14/2016,5Y,-0.393
Tu,6/14/2016,10Y,0.239
We,6/15/2016,2Y,-0.507
We,6/15/2016,5Y,-0.39
We,6/15/2016,10Y,0.221
Th,6/16/2016,2Y,-0.499
Th,6/16/2016,5Y,-0.26
Th,6/16/2016,10Y,0.384
Fr,6/17/2016,2Y,-0.502
Fr,6/17/2016,5Y,-0.249
Fr,6/17/2016,10Y,0.411
Mo,6/20/2016,2Y,-0.495
Mo,6/20/2016,5Y,-0.257
Mo,6/20/2016,10Y,0.402
Tu,6/21/2016,2Y,-0.495
Tu,6/21/2016,5Y,-0.258
Tu,6/21/2016,10Y,0.401
We,6/22/2016,2Y,-0.492
We,6/22/2016,5Y,-0.258
We,6/22/2016,10Y,0.404
Th,6/23/2016,2Y,-0.474
Th,6/23/2016,5Y,-0.252
Th,6/23/2016,10Y,0.433
Fr,6/24/2016,2Y,-0.532
Fr,6/24/2016,5Y,-0.321
Fr,6/24/2016,10Y,0.346
Mo,6/27/2016,2Y,-0.549
Mo,6/27/2016,5Y,-0.32
Mo,6/27/2016,10Y,0.274
Tu,6/28/2016,2Y,-0.556
Tu,6/28/2016,5Y,-0.341
Tu,6/28/2016,10Y,0.26
We,6/29/2016,2Y,-0.551
We,6/29/2016,5Y,-0.349
We,6/29/2016,10Y,0.228
Th,6/30/2016,2Y,-0.552
Th,6/30/2016,5Y,-0.369
Th,6/30/2016,10Y,0.197
Fr,7/1/2016,2Y,-0.548
Fr,7/1/2016,5Y,-0.377
Fr,7/1/2016,10Y,0.185
Mo,7/4/2016,2Y,-0.568
Mo,7/4/2016,5Y,-0.414
Mo,7/4/2016,10Y,0.172
Tu,7/5/2016,2Y,-0.583
Tu,7/5/2016,5Y,-0.452
Tu,7/5/2016,10Y,0.123
We,7/6/2016,2Y,-0.579
We,7/6/2016,5Y,-0.453
We,7/6/2016,10Y,0.122
Th,7/7/2016,2Y,-0.584
Th,7/7/2016,5Y,-0.455
Th,7/7/2016,10Y,0.125
Fr,7/8/2016,2Y,-0.582
Fr,7/8/2016,5Y,-0.479
Fr,7/8/2016,10Y,0.089
Mo,7/11/2016,2Y,-0.598
Mo,7/11/2016,5Y,-0.468
Mo,7/11/2016,10Y,0.109
Tu,7/12/2016,2Y,-0.579
Tu,7/12/2016,5Y,-0.432
Tu,7/12/2016,10Y,0.18
We,7/13/2016,2Y,-0.589
We,7/13/2016,5Y,-0.45
We,7/13/2016,10Y,0.14
Th,7/14/2016,2Y,-0.573
Th,7/14/2016,5Y,-0.432
Th,7/14/2016,10Y,0.18
Fr,7/15/2016,2Y,-0.561
Fr,7/15/2016,5Y,-0.401
Fr,7/15/2016,10Y,0.227
Mo,7/18/2016,2Y,-0.56
Mo,7/18/2016,5Y,-0.412
Mo,7/18/2016,10Y,0.203
Tu,7/19/2016,2Y,-0.551
Tu,7/19/2016,5Y,-0.41
Tu,7/19/2016,10Y,0.191
We,7/20/2016,2Y,-0.542
We,7/20/2016,5Y,-0.397
We,7/20/2016,10Y,0.206
Th,7/21/2016,2Y,-0.536
Th,7/21/2016,5Y,-0.396
Th,7/21/2016,10Y,0.196
Fr,7/22/2016,2Y,-0.53
Fr,7/22/2016,5Y,-0.389
Fr,7/22/2016,10Y,0.187
Mo,7/25/2016,2Y,-0.532
Mo,7/25/2016,5Y,-0.396
Mo,7/25/2016,10Y,0.176
Tu,7/26/2016,2Y,-0.534
Tu,7/26/2016,5Y,-0.392
Tu,7/26/2016,10Y,0.176
We,7/27/2016,2Y,-0.55
We,7/27/2016,5Y,-0.43
We,7/27/2016,10Y,0.103
Th,7/28/2016,2Y,-0.54
Th,7/28/2016,5Y,-0.431
Th,7/28/2016,10Y,0.085
Fr,7/29/2016,2Y,-0.561
Fr,7/29/2016,5Y,-0.457
Fr,7/29/2016,10Y,0.04
Mo,8/1/2016,2Y,-0.546
Mo,8/1/2016,5Y,-0.449
Mo,8/1/2016,10Y,0.056
Tu,8/2/2016,2Y,-0.536
Tu,8/2/2016,5Y,-0.419
Tu,8/2/2016,10Y,0.121
We,8/3/2016,2Y,-0.54
We,8/3/2016,5Y,-0.421
We,8/3/2016,10Y,0.125
Th,8/4/2016,2Y,-0.552
Th,8/4/2016,5Y,-0.463
Th,8/4/2016,10Y,0.068
Fr,8/5/2016,2Y,-0.55
Fr,8/5/2016,5Y,-0.457
Fr,8/5/2016,10Y,0.096
Mo,8/8/2016,2Y,-0.563
Mo,8/8/2016,5Y,-0.464
Mo,8/8/2016,10Y,0.089
Tu,8/9/2016,2Y,-0.558
Tu,8/9/2016,5Y,-0.465
Tu,8/9/2016,10Y,0.069
We,8/10/2016,2Y,-0.569
We,8/10/2016,5Y,-0.494
We,8/10/2016,10Y,0.039
Th,8/11/2016,2Y,-0.559
Th,8/11/2016,5Y,-0.476
Th,8/11/2016,10Y,0.059
Fr,8/12/2016,2Y,-0.564
Fr,8/12/2016,5Y,-0.481
Fr,8/12/2016,10Y,0.053
Mo,8/15/2016,2Y,-0.552
Mo,8/15/2016,5Y,-0.455
Mo,8/15/2016,10Y,0.084
Tu,8/16/2016,2Y,-0.552
Tu,8/16/2016,5Y,-0.43
Tu,8/16/2016,10Y,0.133
We,8/17/2016,2Y,-0.554
We,8/17/2016,5Y,-0.436
We,8/17/2016,10Y,0.107
Th,8/18/2016,2Y,-0.56
Th,8/18/2016,5Y,-0.456
Th,8/18/2016,10Y,0.076
Fr,8/19/2016,2Y,-0.559
Fr,8/19/2016,5Y,-0.428
Fr,8/19/2016,10Y,0.136
Mo,8/22/2016,2Y,-0.563
Mo,8/22/2016,5Y,-0.457
Mo,8/22/2016,10Y,0.094
Tu,8/23/2016,2Y,-0.566
Tu,8/23/2016,5Y,-0.451
Tu,8/23/2016,10Y,0.099
We,8/24/2016,2Y,-0.557
We,8/24/2016,5Y,-0.442
We,8/24/2016,10Y,0.11
Th,8/25/2016,2Y,-0.551
Th,8/25/2016,5Y,-0.434
Th,8/25/2016,10Y,0.132
Fr,8/26/2016,2Y,-0.558
Fr,8/26/2016,5Y,-0.437
Fr,8/26/2016,10Y,0.129
Mo,8/29/2016,2Y,-0.566
Mo,8/29/2016,5Y,-0.452
Mo,8/29/2016,10Y,0.119
Tu,8/30/2016,2Y,-0.566
Tu,8/30/2016,5Y,-0.457
Tu,8/30/2016,10Y,0.123
We,8/31/2016,2Y,-0.565
We,8/31/2016,5Y,-0.446
We,8/31/2016,10Y,0.146
Th,9/1/2016,2Y,-0.564
Th,9/1/2016,5Y,-0.438
Th,9/1/2016,10Y,0.146
Fr,9/2/2016,2Y,-0.577
Fr,9/2/2016,5Y,-0.43
Fr,9/2/2016,10Y,0.155
Mo,9/5/2016,2Y,-0.579
Mo,9/5/2016,5Y,-0.434
Mo,9/5/2016,10Y,0.141
Tu,9/6/2016,2Y,-0.597
Tu,9/6/2016,5Y,-0.485
Tu,9/6/2016,10Y,0.071
We,9/7/2016,2Y,-0.589
We,9/7/2016,5Y,-0.489
We,9/7/2016,10Y,0.058
Th,9/8/2016,2Y,-0.573
Th,9/8/2016,5Y,-0.443
Th,9/8/2016,10Y,0.119
Fr,9/9/2016,2Y,-0.563
Fr,9/9/2016,5Y,-0.395
Fr,9/9/2016,10Y,0.192
Mo,9/12/2016,2Y,-0.563
Mo,9/12/2016,5Y,-0.38
Mo,9/12/2016,10Y,0.213
Tu,9/13/2016,2Y,-0.554
Tu,9/13/2016,5Y,-0.359
Tu,9/13/2016,10Y,0.248
We,9/14/2016,2Y,-0.578
We,9/14/2016,5Y,-0.401
We,9/14/2016,10Y,0.195
Th,9/15/2016,2Y,-0.578
Th,9/15/2016,5Y,-0.395
Th,9/15/2016,10Y,0.211
Fr,9/16/2016,2Y,-0.583
Fr,9/16/2016,5Y,-0.416
Fr,9/16/2016,10Y,0.192
Mo,9/19/2016,2Y,-0.59
Mo,9/19/2016,5Y,-0.408
Mo,9/19/2016,10Y,0.205
Tu,9/20/2016,2Y,-0.607
Tu,9/20/2016,5Y,-0.426
Tu,9/20/2016,10Y,0.169
We,9/21/2016,2Y,-0.603
We,9/21/2016,5Y,-0.415
We,9/21/2016,10Y,0.191
Th,9/22/2016,2Y,-0.612
Th,9/22/2016,5Y,-0.463
Th,9/22/2016,10Y,0.098
Fr,9/23/2016,2Y,-0.614
Fr,9/23/2016,5Y,-0.462
Fr,9/23/2016,10Y,0.116
Mo,9/26/2016,2Y,-0.623
Mo,9/26/2016,5Y,-0.487
Mo,9/26/2016,10Y,0.084
Tu,9/27/2016,2Y,-0.643
Tu,9/27/2016,5Y,-0.511
Tu,9/27/2016,10Y,0.067
We,9/28/2016,2Y,-0.642
We,9/28/2016,5Y,-0.504
We,9/28/2016,10Y,0.065
Th,9/29/2016,2Y,-0.638
Th,9/29/2016,5Y,-0.494
Th,9/29/2016,10Y,0.094
Fr,9/30/2016,2Y,-0.638
Fr,9/30/2016,5Y,-0.487
Fr,9/30/2016,10Y,0.094
Mo,10/3/2016,2Y,-0.643
Mo,10/3/2016,5Y,-0.474
Mo,10/3/2016,10Y,0.132
Tu,10/4/2016,2Y,-0.63
Tu,10/4/2016,5Y,-0.464
Tu,10/4/2016,10Y,0.168
We,10/5/2016,2Y,-0.626
We,10/5/2016,5Y,-0.424
We,10/5/2016,10Y,0.216
Th,10/6/2016,2Y,-0.623
Th,10/6/2016,5Y,-0.423
Th,10/6/2016,10Y,0.194
Fr,10/7/2016,2Y,-0.625
Fr,10/7/2016,5Y,-0.409
Fr,10/7/2016,10Y,0.229
Mo,10/10/2016,2Y,-0.622
Mo,10/10/2016,5Y,-0.395
Mo,10/10/2016,10Y,0.26
Tu,10/11/2016,2Y,-0.627
Tu,10/11/2016,5Y,-0.398
Tu,10/11/2016,10Y,0.224
We,10/12/2016,2Y,-0.622
We,10/12/2016,5Y,-0.369
We,10/12/2016,10Y,0.265
Th,10/13/2016,2Y,-0.626
Th,10/13/2016,5Y,-0.388
Th,10/13/2016,10Y,0.233
Fr,10/14/2016,2Y,-0.632
Fr,10/14/2016,5Y,-0.386
Fr,10/14/2016,10Y,0.239
Mo,10/17/2016,2Y,-0.63
Mo,10/17/2016,5Y,-0.393
Mo,10/17/2016,10Y,0.239
Tu,10/18/2016,2Y,-0.635
Tu,10/18/2016,5Y,-0.41
Tu,10/18/2016,10Y,0.22
We,10/19/2016,2Y,-0.633
We,10/19/2016,5Y,-0.411
We,10/19/2016,10Y,0.212
Th,10/20/2016,2Y,-0.644
Th,10/20/2016,5Y,-0.417
Th,10/20/2016,10Y,0.181
Fr,10/21/2016,2Y,-0.634
Fr,10/21/2016,5Y,-0.414
Fr,10/21/2016,10Y,0.18
Mo,10/24/2016,2Y,-0.636
Mo,10/24/2016,5Y,-0.407
Mo,10/24/2016,10Y,0.197
Tu,10/25/2016,2Y,-0.629
Tu,10/25/2016,5Y,-0.397
Tu,10/25/2016,10Y,0.209
We,10/26/2016,2Y,-0.624
We,10/26/2016,5Y,-0.367
We,10/26/2016,10Y,0.264
Th,10/27/2016,2Y,-0.613
Th,10/27/2016,5Y,-0.326
Th,10/27/2016,10Y,0.344
Fr,10/28/2016,2Y,-0.613
Fr,10/28/2016,5Y,-0.32
Fr,10/28/2016,10Y,0.342
Mo,10/31/2016,2Y,-0.617
Mo,10/31/2016,5Y,-0.327
Mo,10/31/2016,10Y,0.342
Tu,11/1/2016,2Y,-0.616
Tu,11/1/2016,5Y,-0.313
Tu,11/1/2016,10Y,0.362
We,11/2/2016,2Y,-0.625
We,11/2/2016,5Y,-0.344
We,11/2/2016,10Y,0.319
Th,11/3/2016,2Y,-0.625
Th,11/3/2016,5Y,-0.323
Th,11/3/2016,10Y,0.348
Fr,11/4/2016,2Y,-0.628
Fr,11/4/2016,5Y,-0.327
Fr,11/4/2016,10Y,0.329
Mo,11/7/2016,2Y,-0.634
Mo,11/7/2016,5Y,-0.318
Mo,11/7/2016,10Y,0.341
Tu,11/8/2016,2Y,-0.637
Tu,11/8/2016,5Y,-0.305
Tu,11/8/2016,10Y,0.376
We,11/9/2016,2Y,-0.657
We,11/9/2016,5Y,-0.311
We,11/9/2016,10Y,0.403
Th,11/10/2016,2Y,-0.645
Th,11/10/2016,5Y,-0.263
Th,11/10/2016,10Y,0.493
Fr,11/11/2016,2Y,-0.632
Fr,11/11/2016,5Y,-0.218
Fr,11/11/2016,10Y,0.562
Mo,11/14/2016,2Y,-0.638
Mo,11/14/2016,5Y,-0.174
Mo,11/14/2016,10Y,0.607
Tu,11/15/2016,2Y,-0.632
Tu,11/15/2016,5Y,-0.2
Tu,11/15/2016,10Y,0.564
We,11/16/2016,2Y,-0.577
We,11/16/2016,5Y,-0.194
We,11/16/2016,10Y,0.556
Th,11/17/2016,2Y,-0.585
Th,11/17/2016,5Y,-0.196
Th,11/17/2016,10Y,0.544
Fr,11/18/2016,2Y,-0.605
Fr,11/18/2016,5Y,-0.221
Fr,11/18/2016,10Y,0.543
Mo,11/21/2016,2Y,-0.613
Mo,11/21/2016,5Y,-0.24
Mo,11/21/2016,10Y,0.544
Tu,11/22/2016,2Y,-0.667
Tu,11/22/2016,5Y,-0.298
Tu,11/22/2016,10Y,0.491
We,11/23/2016,2Y,-0.641
We,11/23/2016,5Y,-0.264
We,11/23/2016,10Y,0.544
Th,11/24/2016,2Y,-0.66
Th,11/24/2016,5Y,-0.287
Th,11/24/2016,10Y,0.547
Fr,11/25/2016,2Y,-0.667
Fr,11/25/2016,5Y,-0.285
Fr,11/25/2016,10Y,0.543
Mo,11/28/2016,2Y,-0.683
Mo,11/28/2016,5Y,-0.306
Mo,11/28/2016,10Y,0.523
Tu,11/29/2016,2Y,-0.684
Tu,11/29/2016,5Y,-0.317
Tu,11/29/2016,10Y,0.514
We,11/30/2016,2Y,-0.676
We,11/30/2016,5Y,-0.296
We,11/30/2016,10Y,0.541
Th,12/1/2016,2Y,-0.672
Th,12/1/2016,5Y,-0.251
Th,12/1/2016,10Y,0.613
Fr,12/2/2016,2Y,-0.661
Fr,12/2/2016,5Y,-0.296
Fr,12/2/2016,10Y,0.517
Mo,12/5/2016,2Y,-0.638
Mo,12/5/2016,5Y,-0.257
Mo,12/5/2016,10Y,0.554
Tu,12/6/2016,2Y,-0.612
Tu,12/6/2016,5Y,-0.243
Tu,12/6/2016,10Y,0.577
We,12/7/2016,2Y,-0.608
We,12/7/2016,5Y,-0.263
We,12/7/2016,10Y,0.549
Th,12/8/2016,2Y,-0.67
Th,12/8/2016,5Y,-0.31
Th,12/8/2016,10Y,0.577
Fr,12/9/2016,2Y,-0.665
Fr,12/9/2016,5Y,-0.327
Fr,12/9/2016,10Y,0.594
Mo,12/12/2016,2Y,-0.653
Mo,12/12/2016,5Y,-0.291
Mo,12/12/2016,10Y,0.649
Tu,12/13/2016,2Y,-0.651
Tu,12/13/2016,5Y,-0.315
Tu,12/13/2016,10Y,0.596
We,12/14/2016,2Y,-0.658
We,12/14/2016,5Y,-0.339
We,12/14/2016,10Y,0.538
Th,12/15/2016,2Y,-0.65
Th,12/15/2016,5Y,-0.31
Th,12/15/2016,10Y,0.601
Fr,12/16/2016,2Y,-0.658
Fr,12/16/2016,5Y,-0.328
Fr,12/16/2016,10Y,0.557
Mo,12/19/2016,2Y,-0.667
Mo,12/19/2016,5Y,-0.361
Mo,12/19/2016,10Y,0.489
Tu,12/20/2016,2Y,-0.658
Tu,12/20/2016,5Y,-0.339
Tu,12/20/2016,10Y,0.506
We,12/21/2016,2Y,-0.664
We,12/21/2016,5Y,-0.345
We,12/21/2016,10Y,0.475
Th,12/22/2016,2Y,-0.697
Th,12/22/2016,5Y,-0.334
Th,12/22/2016,10Y,0.487
Fr,12/23/2016,2Y,-0.696
Fr,12/23/2016,5Y,-0.356
Fr,12/23/2016,10Y,0.447
Mo,12/26/2016,2Y,-0.696
Mo,12/26/2016,5Y,-0.357
Mo,12/26/2016,10Y,0.447
Tu,12/27/2016,2Y,-0.726
Tu,12/27/2016,5Y,-0.391
Tu,12/27/2016,10Y,0.433
We,12/28/2016,2Y,-0.72
We,12/28/2016,5Y,-0.387
We,12/28/2016,10Y,0.425
Th,12/29/2016,2Y,-0.699
Th,12/29/2016,5Y,-0.383
Th,12/29/2016,10Y,0.399
Fr,12/30/2016,2Y,-0.698
Fr,12/30/2016,5Y,-0.378
Fr,12/30/2016,10Y,0.418
Mo,1/2/2017,2Y,-0.692
Mo,1/2/2017,5Y,-0.393
Mo,1/2/2017,10Y,0.402
Tu,1/3/2017,2Y,-0.689
Tu,1/3/2017,5Y,-0.356
Tu,1/3/2017,10Y,0.489
We,1/4/2017,2Y,-0.693
We,1/4/2017,5Y,-0.358
We,1/4/2017,10Y,0.512
Th,1/5/2017,2Y,-0.663
Th,1/5/2017,5Y,-0.333
Th,1/5/2017,10Y,0.491
Fr,1/6/2017,2Y,-0.656
Fr,1/6/2017,5Y,-0.305
Fr,1/6/2017,10Y,0.542
Mo,1/9/2017,2Y,-0.669
Mo,1/9/2017,5Y,-0.322
Mo,1/9/2017,10Y,0.512
Tu,1/10/2017,2Y,-0.667
Tu,1/10/2017,5Y,-0.318
Tu,1/10/2017,10Y,0.526
We,1/11/2017,2Y,-0.659
We,1/11/2017,5Y,-0.327
We,1/11/2017,10Y,0.495
Th,1/12/2017,2Y,-0.658
Th,1/12/2017,5Y,-0.331
Th,1/12/2017,10Y,0.494
Fr,1/13/2017,2Y,-0.657
Fr,1/13/2017,5Y,-0.329
Fr,1/13/2017,10Y,0.521
Mo,1/16/2017,2Y,-0.644
Mo,1/16/2017,5Y,-0.349
Mo,1/16/2017,10Y,0.517
Tu,1/17/2017,2Y,-0.653
Tu,1/17/2017,5Y,-0.349
Tu,1/17/2017,10Y,0.51
We,1/18/2017,2Y,-0.643
We,1/18/2017,5Y,-0.331
We,1/18/2017,10Y,0.54
Th,1/19/2017,2Y,-0.626
Th,1/19/2017,5Y,-0.315
Th,1/19/2017,10Y,0.562
Fr,1/20/2017,2Y,-0.597
Fr,1/20/2017,5Y,-0.287
Fr,1/20/2017,10Y,0.601
Mo,1/23/2017,2Y,-0.611
Mo,1/23/2017,5Y,-0.327
Mo,1/23/2017,10Y,0.548
Tu,1/24/2017,2Y,-0.599
Tu,1/24/2017,5Y,-0.3
Tu,1/24/2017,10Y,0.591
We,1/25/2017,2Y,-0.58
We,1/25/2017,5Y,-0.253
We,1/25/2017,10Y,0.654
Th,1/26/2017,2Y,-0.581
Th,1/26/2017,5Y,-0.226
Th,1/26/2017,10Y,0.696
Fr,1/27/2017,2Y,-0.583
Fr,1/27/2017,5Y,-0.23
Fr,1/27/2017,10Y,0.691
Mo,1/30/2017,2Y,-0.588
Mo,1/30/2017,5Y,-0.234
Mo,1/30/2017,10Y,0.696
Tu,1/31/2017,2Y,-0.594
Tu,1/31/2017,5Y,-0.261
Tu,1/31/2017,10Y,0.677
We,2/1/2017,2Y,-0.622
We,2/1/2017,5Y,-0.252
We,2/1/2017,10Y,0.714
Th,2/2/2017,2Y,-0.642
Th,2/2/2017,5Y,-0.301
Th,2/2/2017,10Y,0.654
Fr,2/3/2017,2Y,-0.648
Fr,2/3/2017,5Y,-0.315
Fr,2/3/2017,10Y,0.65
Mo,2/6/2017,2Y,-0.654
Mo,2/6/2017,5Y,-0.343
Mo,2/6/2017,10Y,0.641
Tu,2/7/2017,2Y,-0.665
Tu,2/7/2017,5Y,-0.35
Tu,2/7/2017,10Y,0.617
We,2/8/2017,2Y,-0.664
We,2/8/2017,5Y,-0.381
We,2/8/2017,10Y,0.566
Th,2/9/2017,2Y,-0.672
Th,2/9/2017,5Y,-0.369
Th,2/9/2017,10Y,0.569
Fr,2/10/2017,2Y,-0.677
Fr,2/10/2017,5Y,-0.365
Fr,2/10/2017,10Y,0.589
Mo,2/13/2017,2Y,-0.664
Mo,2/13/2017,5Y,-0.361
Mo,2/13/2017,10Y,0.597
Tu,2/14/2017,2Y,-0.671
Tu,2/14/2017,5Y,-0.347
Tu,2/14/2017,10Y,0.626
We,2/15/2017,2Y,-0.675
We,2/15/2017,5Y,-0.345
We,2/15/2017,10Y,0.636
Th,2/16/2017,2Y,-0.67
Th,2/16/2017,5Y,-0.346
Th,2/16/2017,10Y,0.597
Fr,2/17/2017,2Y,-0.695
Fr,2/17/2017,5Y,-0.36
Fr,2/17/2017,10Y,0.584
Mo,2/20/2017,2Y,-0.719
Mo,2/20/2017,5Y,-0.357
Mo,2/20/2017,10Y,0.596
Tu,2/21/2017,2Y,-0.721
Tu,2/21/2017,5Y,-0.354
Tu,2/21/2017,10Y,0.6
We,2/22/2017,2Y,-0.752
We,2/22/2017,5Y,-0.378
We,2/22/2017,10Y,0.57
Th,2/23/2017,2Y,-0.767
Th,2/23/2017,5Y,-0.417
Th,2/23/2017,10Y,0.51
Fr,2/24/2017,2Y,-0.807
Fr,2/24/2017,5Y,-0.46
Fr,2/24/2017,10Y,0.435
Mo,2/27/2017,2Y,-0.795
Mo,2/27/2017,5Y,-0.449
Mo,2/27/2017,10Y,0.424
Tu,2/28/2017,2Y,-0.76
Tu,2/28/2017,5Y,-0.437
Tu,2/28/2017,10Y,0.426
We,3/1/2017,2Y,-0.726
We,3/1/2017,5Y,-0.373
We,3/1/2017,10Y,0.491
Th,3/2/2017,2Y,-0.733
Th,3/2/2017,5Y,-0.351
Th,3/2/2017,10Y,0.514
Fr,3/3/2017,2Y,-0.725
Fr,3/3/2017,5Y,-0.329
Fr,3/3/2017,10Y,0.533
Mo,3/6/2017,2Y,-0.752
Mo,3/6/2017,5Y,-0.336
Mo,3/6/2017,10Y,0.523
Tu,3/7/2017,2Y,-0.784
Tu,3/7/2017,5Y,-0.377
Tu,3/7/2017,10Y,0.512
We,3/8/2017,2Y,-0.75
We,3/8/2017,5Y,-0.332
We,3/8/2017,10Y,0.553
Th,3/9/2017,2Y,-0.769
Th,3/9/2017,5Y,-0.311
Th,3/9/2017,10Y,0.601
Fr,3/10/2017,2Y,-0.752
Fr,3/10/2017,5Y,-0.264
Fr,3/10/2017,10Y,0.662
Mo,3/13/2017,2Y,-0.728
Mo,3/13/2017,5Y,-0.261
Mo,3/13/2017,10Y,0.653
Tu,3/14/2017,2Y,-0.728
Tu,3/14/2017,5Y,-0.28
Tu,3/14/2017,10Y,0.634
We,3/15/2017,2Y,-0.743
We,3/15/2017,5Y,-0.295
We,3/15/2017,10Y,0.601
Th,3/16/2017,2Y,-0.72
Th,3/16/2017,5Y,-0.252
Th,3/16/2017,10Y,0.637
Fr,3/17/2017,2Y,-0.704
Fr,3/17/2017,5Y,-0.254
Fr,3/17/2017,10Y,0.629
Mo,3/20/2017,2Y,-0.676
Mo,3/20/2017,5Y,-0.248
Mo,3/20/2017,10Y,0.642
Tu,3/21/2017,2Y,-0.654
Tu,3/21/2017,5Y,-0.223
Tu,3/21/2017,10Y,0.657
We,3/22/2017,2Y,-0.684
We,3/22/2017,5Y,-0.256
We,3/22/2017,10Y,0.608
Th,3/23/2017,2Y,-0.662
Th,3/23/2017,5Y,-0.239
Th,3/23/2017,10Y,0.621
Fr,3/24/2017,2Y,-0.674
Fr,3/24/2017,5Y,-0.257
Fr,3/24/2017,10Y,0.595
Mo,3/27/2017,2Y,-0.642
Mo,3/27/2017,5Y,-0.252
Mo,3/27/2017,10Y,0.59
Tu,3/28/2017,2Y,-0.645
Tu,3/28/2017,5Y,-0.26
Tu,3/28/2017,10Y,0.581
We,3/29/2017,2Y,-0.681
We,3/29/2017,5Y,-0.317
We,3/29/2017,10Y,0.543
Th,3/30/2017,2Y,-0.676
Th,3/30/2017,5Y,-0.328
Th,3/30/2017,10Y,0.538
Fr,3/31/2017,2Y,-0.681
Fr,3/31/2017,5Y,-0.336
Fr,3/31/2017,10Y,0.531
Mo,4/3/2017,2Y,-0.729
Mo,4/3/2017,5Y,-0.4
Mo,4/3/2017,10Y,0.488
Tu,4/4/2017,2Y,-0.719
Tu,4/4/2017,5Y,-0.409
Tu,4/4/2017,10Y,0.449
We,4/5/2017,2Y,-0.727
We,4/5/2017,5Y,-0.422
We,4/5/2017,10Y,0.442
Th,4/6/2017,2Y,-0.722
Th,4/6/2017,5Y,-0.41
Th,4/6/2017,10Y,0.443
Fr,4/7/2017,2Y,-0.727
Fr,4/7/2017,5Y,-0.445
Fr,4/7/2017,10Y,0.42
Mo,4/10/2017,2Y,-0.712
Mo,4/10/2017,5Y,-0.466
Mo,4/10/2017,10Y,0.423
Tu,4/11/2017,2Y,-0.716
Tu,4/11/2017,5Y,-0.453
Tu,4/11/2017,10Y,0.449
We,4/12/2017,2Y,-0.709
We,4/12/2017,5Y,-0.458
We,4/12/2017,10Y,0.434
Th,4/13/2017,2Y,-0.728
Th,4/13/2017,5Y,-0.47
Th,4/13/2017,10Y,0.416
Fr,4/14/2017,2Y,-0.728
Fr,4/14/2017,5Y,-0.47
Fr,4/14/2017,10Y,0.416
Mo,4/17/2017,2Y,-0.728
Mo,4/17/2017,5Y,-0.47
Mo,4/17/2017,10Y,0.416
Tu,4/18/2017,2Y,-0.69
Tu,4/18/2017,5Y,-0.471
Tu,4/18/2017,10Y,0.394
We,4/19/2017,2Y,-0.658
We,4/19/2017,5Y,-0.41
We,4/19/2017,10Y,0.41
Th,4/20/2017,2Y,-0.642
Th,4/20/2017,5Y,-0.377
Th,4/20/2017,10Y,0.454
Fr,4/21/2017,2Y,-0.595
Fr,4/21/2017,5Y,-0.273
Fr,4/21/2017,10Y,0.579
Mo,4/24/2017,2Y,-0.535
Mo,4/24/2017,5Y,-0.206
Mo,4/24/2017,10Y,0.61
Tu,4/25/2017,2Y,-0.536
Tu,4/25/2017,5Y,-0.17
Tu,4/25/2017,10Y,0.659
We,4/26/2017,2Y,-0.547
We,4/26/2017,5Y,-0.194
We,4/26/2017,10Y,0.636
Th,4/27/2017,2Y,-0.588
Th,4/27/2017,5Y,-0.253
Th,4/27/2017,10Y,0.574
Fr,4/28/2017,2Y,-0.583
Fr,4/28/2017,5Y,-0.237
Fr,4/28/2017,10Y,0.591
Mo,5/1/2017,2Y,-0.583
Mo,5/1/2017,5Y,-0.237
Mo,5/1/2017,10Y,0.591
Tu,5/2/2017,2Y,-0.569
Tu,5/2/2017,5Y,-0.222
Tu,5/2/2017,10Y,0.606
We,5/3/2017,2Y,-0.586
We,5/3/2017,5Y,-0.229
We,5/3/2017,10Y,0.603
Th,5/4/2017,2Y,-0.567
Th,5/4/2017,5Y,-0.185
Th,5/4/2017,10Y,0.657
Fr,5/5/2017,2Y,-0.558
Fr,5/5/2017,5Y,-0.165
Fr,5/5/2017,10Y,0.667
Mo,5/8/2017,2Y,-0.544
Mo,5/8/2017,5Y,-0.167
Mo,5/8/2017,10Y,0.661
Tu,5/9/2017,2Y,-0.542
Tu,5/9/2017,5Y,-0.166
Tu,5/9/2017,10Y,0.674
We,5/10/2017,2Y,-0.544
We,5/10/2017,5Y,-0.164
We,5/10/2017,10Y,0.663
Th,5/11/2017,2Y,-0.546
Th,5/11/2017,5Y,-0.166
Th,5/11/2017,10Y,0.673
Fr,5/12/2017,2Y,-0.567
Fr,5/12/2017,5Y,-0.189
Fr,5/12/2017,10Y,0.642
Mo,5/15/2017,2Y,-0.557
Mo,5/15/2017,5Y,-0.168
Mo,5/15/2017,10Y,0.687
Tu,5/16/2017,2Y,-0.542
Tu,5/16/2017,5Y,-0.151
Tu,5/16/2017,10Y,0.704
We,5/17/2017,2Y,-0.562
We,5/17/2017,5Y,-0.208
We,5/17/2017,10Y,0.655
Th,5/18/2017,2Y,-0.566
Th,5/18/2017,5Y,-0.23
Th,5/18/2017,10Y,0.626
Fr,5/19/2017,2Y,-0.563
Fr,5/19/2017,5Y,-0.212
Fr,5/19/2017,10Y,0.639
Mo,5/22/2017,2Y,-0.556
Mo,5/22/2017,5Y,-0.195
Mo,5/22/2017,10Y,0.671
Tu,5/23/2017,2Y,-0.547
Tu,5/23/2017,5Y,-0.185
Tu,5/23/2017,10Y,0.682
We,5/24/2017,2Y,-0.557
We,5/24/2017,5Y,-0.197
We,5/24/2017,10Y,0.676
Th,5/25/2017,2Y,-0.565
Th,5/25/2017,5Y,-0.231
Th,5/25/2017,10Y,0.635
Fr,5/26/2017,2Y,-0.589
Fr,5/26/2017,5Y,-0.252
Fr,5/26/2017,10Y,0.604
Mo,5/29/2017,2Y,-0.622
Mo,5/29/2017,5Y,-0.292
Mo,5/29/2017,10Y,0.576
Tu,5/30/2017,2Y,-0.607
Tu,5/30/2017,5Y,-0.288
Tu,5/30/2017,10Y,0.576
We,5/31/2017,2Y,-0.612
We,5/31/2017,5Y,-0.287
We,5/31/2017,10Y,0.583
Th,6/1/2017,2Y,-0.609
Th,6/1/2017,5Y,-0.283
Th,6/1/2017,10Y,0.581
Fr,6/2/2017,2Y,-0.625
Fr,6/2/2017,5Y,-0.306
Fr,6/2/2017,10Y,0.55
Mo,6/5/2017,2Y,-0.609
Mo,6/5/2017,5Y,-0.289
Mo,6/5/2017,10Y,0.563
Tu,6/6/2017,2Y,-0.633
Tu,6/6/2017,5Y,-0.318
Tu,6/6/2017,10Y,0.517
We,6/7/2017,2Y,-0.629
We,6/7/2017,5Y,-0.3
We,6/7/2017,10Y,0.536
Th,6/8/2017,2Y,-0.642
Th,6/8/2017,5Y,-0.313
Th,6/8/2017,10Y,0.519
Fr,6/9/2017,2Y,-0.637
Fr,6/9/2017,5Y,-0.313
Fr,6/9/2017,10Y,0.529
Mo,6/12/2017,2Y,-0.633
Mo,6/12/2017,5Y,-0.314
Mo,6/12/2017,10Y,0.515
Tu,6/13/2017,2Y,-0.613
Tu,6/13/2017,5Y,-0.299
Tu,6/13/2017,10Y,0.527
We,6/14/2017,2Y,-0.613
We,6/14/2017,5Y,-0.316
We,6/14/2017,10Y,0.482
Th,6/15/2017,2Y,-0.579
Th,6/15/2017,5Y,-0.254
Th,6/15/2017,10Y,0.531
Fr,6/16/2017,2Y,-0.577
Fr,6/16/2017,5Y,-0.276
Fr,6/16/2017,10Y,0.516
Mo,6/19/2017,2Y,-0.574
Mo,6/19/2017,5Y,-0.265
Mo,6/19/2017,10Y,0.516
Tu,6/20/2017,2Y,-0.574
Tu,6/20/2017,5Y,-0.278
Tu,6/20/2017,10Y,0.498
We,6/21/2017,2Y,-0.551
We,6/21/2017,5Y,-0.266
We,6/21/2017,10Y,0.51
Th,6/22/2017,2Y,-0.553
Th,6/22/2017,5Y,-0.272
Th,6/22/2017,10Y,0.5
Fr,6/23/2017,2Y,-0.554
Fr,6/23/2017,5Y,-0.271
Fr,6/23/2017,10Y,0.502
Mo,6/26/2017,2Y,-0.55
Mo,6/26/2017,5Y,-0.269
Mo,6/26/2017,10Y,0.495
Tu,6/27/2017,2Y,-0.502
Tu,6/27/2017,5Y,-0.149
Tu,6/27/2017,10Y,0.627
We,6/28/2017,2Y,-0.514
We,6/28/2017,5Y,-0.178
We,6/28/2017,10Y,0.621
Th,6/29/2017,2Y,-0.496
Th,6/29/2017,5Y,-0.117
Th,6/29/2017,10Y,0.7
Fr,6/30/2017,2Y,-0.512
Fr,6/30/2017,5Y,-0.11
Fr,6/30/2017,10Y,0.707
Mo,7/3/2017,2Y,-0.516
Mo,7/3/2017,5Y,-0.117
Mo,7/3/2017,10Y,0.714
Tu,7/4/2017,2Y,-0.53
Tu,7/4/2017,5Y,-0.127
Tu,7/4/2017,10Y,0.707
We,7/5/2017,2Y,-0.526
We,7/5/2017,5Y,-0.128
We,7/5/2017,10Y,0.7
Th,7/6/2017,2Y,-0.5
Th,7/6/2017,5Y,-0.055
Th,7/6/2017,10Y,0.791
Fr,7/7/2017,2Y,-0.519
Fr,7/7/2017,5Y,-0.071
Fr,7/7/2017,10Y,0.81
Mo,7/10/2017,2Y,-0.523
Mo,7/10/2017,5Y,-0.088
Mo,7/10/2017,10Y,0.78
Tu,7/11/2017,2Y,-0.521
Tu,7/11/2017,5Y,-0.075
Tu,7/11/2017,10Y,0.786
We,7/12/2017,2Y,-0.533
We,7/12/2017,5Y,-0.109
We,7/12/2017,10Y,0.746
Th,7/13/2017,2Y,-0.53
Th,7/13/2017,5Y,-0.095
Th,7/13/2017,10Y,0.766
Fr,7/14/2017,2Y,-0.525
Fr,7/14/2017,5Y,-0.095
Fr,7/14/2017,10Y,0.757
Mo,7/17/2017,2Y,-0.539
Mo,7/17/2017,5Y,-0.118
Mo,7/17/2017,10Y,0.736
Tu,7/18/2017,2Y,-0.55
Tu,7/18/2017,5Y,-0.143
Tu,7/18/2017,10Y,0.711
We,7/19/2017,2Y,-0.554
We,7/19/2017,5Y,-0.149
We,7/19/2017,10Y,0.701
Th,7/20/2017,2Y,-0.555
Th,7/20/2017,5Y,-0.168
Th,7/20/2017,10Y,0.686
Fr,7/21/2017,2Y,-0.553
Fr,7/21/2017,5Y,-0.189
Fr,7/21/2017,10Y,0.661
Mo,7/24/2017,2Y,-0.559
Mo,7/24/2017,5Y,-0.194
Mo,7/24/2017,10Y,0.658
Tu,7/25/2017,2Y,-0.558
Tu,7/25/2017,5Y,-0.158
Tu,7/25/2017,10Y,0.717
We,7/26/2017,2Y,-0.565
We,7/26/2017,5Y,-0.171
We,7/26/2017,10Y,0.713
Th,7/27/2017,2Y,-0.569
Th,7/27/2017,5Y,-0.191
Th,7/27/2017,10Y,0.688
Fr,7/28/2017,2Y,-0.571
Fr,7/28/2017,5Y,-0.195
Fr,7/28/2017,10Y,0.693
Mo,7/31/2017,2Y,-0.573
Mo,7/31/2017,5Y,-0.189
Mo,7/31/2017,10Y,0.697
Tu,8/1/2017,2Y,-0.586
Tu,8/1/2017,5Y,-0.236
Tu,8/1/2017,10Y,0.65
We,8/2/2017,2Y,-0.582
We,8/2/2017,5Y,-0.234
We,8/2/2017,10Y,0.639
Th,8/3/2017,2Y,-0.583
Th,8/3/2017,5Y,-0.245
Th,8/3/2017,10Y,0.609
Fr,8/4/2017,2Y,-0.586
Fr,8/4/2017,5Y,-0.24
Fr,8/4/2017,10Y,0.629
Mo,8/7/2017,2Y,-0.577
Mo,8/7/2017,5Y,-0.249
Mo,8/7/2017,10Y,0.619
Tu,8/8/2017,2Y,-0.564
Tu,8/8/2017,5Y,-0.238
Tu,8/8/2017,10Y,0.633
We,8/9/2017,2Y,-0.583
We,8/9/2017,5Y,-0.277
We,8/9/2017,10Y,0.592
Th,8/10/2017,2Y,-0.589
Th,8/10/2017,5Y,-0.281
Th,8/10/2017,10Y,0.583
Fr,8/11/2017,2Y,-0.605
Fr,8/11/2017,5Y,-0.306
Fr,8/11/2017,10Y,0.552
Mo,8/14/2017,2Y,-0.609
Mo,8/14/2017,5Y,-0.292
Mo,8/14/2017,10Y,0.575
Tu,8/15/2017,2Y,-0.6
Tu,8/15/2017,5Y,-0.261
Tu,8/15/2017,10Y,0.602
We,8/16/2017,2Y,-0.594
We,8/16/2017,5Y,-0.255
We,8/16/2017,10Y,0.61
Th,8/17/2017,2Y,-0.591
Th,8/17/2017,5Y,-0.261
Th,8/17/2017,10Y,0.598
Fr,8/18/2017,2Y,-0.583
Fr,8/18/2017,5Y,-0.262
Fr,8/18/2017,10Y,0.596
Mo,8/21/2017,2Y,-0.598
Mo,8/21/2017,5Y,-0.277
Mo,8/21/2017,10Y,0.581
Tu,8/22/2017,2Y,-0.603
Tu,8/22/2017,5Y,-0.281
Tu,8/22/2017,10Y,0.583
We,8/23/2017,2Y,-0.609
We,8/23/2017,5Y,-0.294
We,8/23/2017,10Y,0.565
Th,8/24/2017,2Y,-0.616
Th,8/24/2017,5Y,-0.3
Th,8/24/2017,10Y,0.567
Fr,8/25/2017,2Y,-0.609
Fr,8/25/2017,5Y,-0.285
Fr,8/25/2017,10Y,0.585
Mo,8/28/2017,2Y,-0.623
Mo,8/28/2017,5Y,-0.302
Mo,8/28/2017,10Y,0.591
Tu,8/29/2017,2Y,-0.621
Tu,8/29/2017,5Y,-0.32
Tu,8/29/2017,10Y,0.554
We,8/30/2017,2Y,-0.627
We,8/30/2017,5Y,-0.309
We,8/30/2017,10Y,0.562
Th,8/31/2017,2Y,-0.628
Th,8/31/2017,5Y,-0.31
Th,8/31/2017,10Y,0.558
Fr,9/1/2017,2Y,-0.631
Fr,9/1/2017,5Y,-0.308
Fr,9/1/2017,10Y,0.573
Mo,9/4/2017,2Y,-0.64
Mo,9/4/2017,5Y,-0.324
Mo,9/4/2017,10Y,0.556
Tu,9/5/2017,2Y,-0.653
Tu,9/5/2017,5Y,-0.35
Tu,9/5/2017,10Y,0.522
We,9/6/2017,2Y,-0.633
We,9/6/2017,5Y,-0.336
We,9/6/2017,10Y,0.536
Th,9/7/2017,2Y,-0.655
Th,9/7/2017,5Y,-0.369
Th,9/7/2017,10Y,0.5
Fr,9/8/2017,2Y,-0.653
Fr,9/8/2017,5Y,-0.363
Fr,9/8/2017,10Y,0.509
Mo,9/11/2017,2Y,-0.657
Mo,9/11/2017,5Y,-0.347
Mo,9/11/2017,10Y,0.537
Tu,9/12/2017,2Y,-0.632
Tu,9/12/2017,5Y,-0.287
Tu,9/12/2017,10Y,0.596
We,9/13/2017,2Y,-0.635
We,9/13/2017,5Y,-0.291
We,9/13/2017,10Y,0.58
Th,9/14/2017,2Y,-0.64
Th,9/14/2017,5Y,-0.283
Th,9/14/2017,10Y,0.587
Fr,9/15/2017,2Y,-0.624
Fr,9/15/2017,5Y,-0.258
Fr,9/15/2017,10Y,0.601
Mo,9/18/2017,2Y,-0.611
Mo,9/18/2017,5Y,-0.249
Mo,9/18/2017,10Y,0.622
Tu,9/19/2017,2Y,-0.61
Tu,9/19/2017,5Y,-0.253
Tu,9/19/2017,10Y,0.62
We,9/20/2017,2Y,-0.606
We,9/20/2017,5Y,-0.26
We,9/20/2017,10Y,0.616
Th,9/21/2017,2Y,-0.593
Th,9/21/2017,5Y,-0.243
Th,9/21/2017,10Y,0.623
Fr,9/22/2017,2Y,-0.606
Fr,9/22/2017,5Y,-0.247
Fr,9/22/2017,10Y,0.615
Mo,9/25/2017,2Y,-0.63
Mo,9/25/2017,5Y,-0.291
Mo,9/25/2017,10Y,0.572
Tu,9/26/2017,2Y,-0.632
Tu,9/26/2017,5Y,-0.291
Tu,9/26/2017,10Y,0.579
We,9/27/2017,2Y,-0.621
We,9/27/2017,5Y,-0.253
We,9/27/2017,10Y,0.633
Th,9/28/2017,2Y,-0.619
Th,9/28/2017,5Y,-0.253
Th,9/28/2017,10Y,0.639
Fr,9/29/2017,2Y,-0.59
Fr,9/29/2017,5Y,-0.163
Fr,9/29/2017,10Y,0.621
Mo,10/2/2017,2Y,-0.603
Mo,10/2/2017,5Y,-0.18
Mo,10/2/2017,10Y,0.607
Tu,10/3/2017,2Y,-0.603
Tu,10/3/2017,5Y,-0.173
Tu,10/3/2017,10Y,0.621
We,10/4/2017,2Y,-0.601
We,10/4/2017,5Y,-0.173
We,10/4/2017,10Y,0.624
Th,10/5/2017,2Y,-0.588
Th,10/5/2017,5Y,-0.161
Th,10/5/2017,10Y,0.622
Fr,10/6/2017,2Y,-0.593
Fr,10/6/2017,5Y,-0.161
Fr,10/6/2017,10Y,0.627
Mo,10/9/2017,2Y,-0.603
Mo,10/9/2017,5Y,-0.166
Mo,10/9/2017,10Y,0.62
Tu,10/10/2017,2Y,-0.601
Tu,10/10/2017,5Y,-0.17
Tu,10/10/2017,10Y,0.617
We,10/11/2017,2Y,-0.595
We,10/11/2017,5Y,-0.152
We,10/11/2017,10Y,0.644
Th,10/12/2017,2Y,-0.601
Th,10/12/2017,5Y,-0.177
Th,10/12/2017,10Y,0.625
Fr,10/13/2017,2Y,-0.626
Fr,10/13/2017,5Y,-0.206
Fr,10/13/2017,10Y,0.58
Mo,10/16/2017,2Y,-0.64
Mo,10/16/2017,5Y,-0.236
Mo,10/16/2017,10Y,0.55
Tu,10/17/2017,2Y,-0.634
Tu,10/17/2017,5Y,-0.228
Tu,10/17/2017,10Y,0.542
We,10/18/2017,2Y,-0.624
We,10/18/2017,5Y,-0.204
We,10/18/2017,10Y,0.572
Th,10/19/2017,2Y,-0.633
Th,10/19/2017,5Y,-0.206
Th,10/19/2017,10Y,0.568
Fr,10/20/2017,2Y,-0.616
Fr,10/20/2017,5Y,-0.169
Fr,10/20/2017,10Y,0.622
Mo,10/23/2017,2Y,-0.627
Mo,10/23/2017,5Y,-0.192
Mo,10/23/2017,10Y,0.598
Tu,10/24/2017,2Y,-0.606
Tu,10/24/2017,5Y,-0.155
Tu,10/24/2017,10Y,0.642
We,10/25/2017,2Y,-0.607
We,10/25/2017,5Y,-0.147
We,10/25/2017,10Y,0.648
Th,10/26/2017,2Y,-0.645
Th,10/26/2017,5Y,-0.216
Th,10/26/2017,10Y,0.579
Fr,10/27/2017,2Y,-0.673
Fr,10/27/2017,5Y,-0.252
Fr,10/27/2017,10Y,0.549
Mo,10/30/2017,2Y,-0.662
Mo,10/30/2017,5Y,-0.253
Mo,10/30/2017,10Y,0.529
Tu,10/31/2017,2Y,-0.656
Tu,10/31/2017,5Y,-0.249
Tu,10/31/2017,10Y,0.53
We,11/1/2017,2Y,-0.653
We,11/1/2017,5Y,-0.246
We,11/1/2017,10Y,0.534
Th,11/2/2017,2Y,-0.656
Th,11/2/2017,5Y,-0.248
Th,11/2/2017,10Y,0.534
Fr,11/3/2017,2Y,-0.659
Fr,11/3/2017,5Y,-0.251
Fr,11/3/2017,10Y,0.524
Mo,11/6/2017,2Y,-0.669
Mo,11/6/2017,5Y,-0.275
Mo,11/6/2017,10Y,0.489
Tu,11/7/2017,2Y,-0.673
Tu,11/7/2017,5Y,-0.288
Tu,11/7/2017,10Y,0.469
We,11/8/2017,2Y,-0.673
We,11/8/2017,5Y,-0.288
We,11/8/2017,10Y,0.472
Th,11/9/2017,2Y,-0.66
Th,11/9/2017,5Y,-0.259
Th,11/9/2017,10Y,0.527
Fr,11/10/2017,2Y,-0.649
Fr,11/10/2017,5Y,-0.235
Fr,11/10/2017,10Y,0.555
Mo,11/13/2017,2Y,-0.651
Mo,11/13/2017,5Y,-0.236
Mo,11/13/2017,10Y,0.553
Tu,11/14/2017,2Y,-0.647
Tu,11/14/2017,5Y,-0.244
Tu,11/14/2017,10Y,0.532
We,11/15/2017,2Y,-0.654
We,11/15/2017,5Y,-0.256
We,11/15/2017,10Y,0.513
Th,11/16/2017,2Y,-0.65
Th,11/16/2017,5Y,-0.256
Th,11/16/2017,10Y,0.51
Fr,11/17/2017,2Y,-0.657
Fr,11/17/2017,5Y,-0.268
Fr,11/17/2017,10Y,0.493
Mo,11/20/2017,2Y,-0.654
Mo,11/20/2017,5Y,-0.266
Mo,11/20/2017,10Y,0.496
Tu,11/21/2017,2Y,-0.652
Tu,11/21/2017,5Y,-0.275
Tu,11/21/2017,10Y,0.483
We,11/22/2017,2Y,-0.636
We,11/22/2017,5Y,-0.266
We,11/22/2017,10Y,0.487
Th,11/23/2017,2Y,-0.628
Th,11/23/2017,5Y,-0.261
Th,11/23/2017,10Y,0.489
Fr,11/24/2017,2Y,-0.63
Fr,11/24/2017,5Y,-0.259
Fr,11/24/2017,10Y,0.504
Mo,11/27/2017,2Y,-0.641
Mo,11/27/2017,5Y,-0.281
Mo,11/27/2017,10Y,0.484
Tu,11/28/2017,2Y,-0.634
Tu,11/28/2017,5Y,-0.281
Tu,11/28/2017,10Y,0.482
We,11/29/2017,2Y,-0.623
We,11/29/2017,5Y,-0.241
We,11/29/2017,10Y,0.525
Th,11/30/2017,2Y,-0.628
Th,11/30/2017,5Y,-0.258
Th,11/30/2017,10Y,0.505
Fr,12/1/2017,2Y,-0.65
Fr,12/1/2017,5Y,-0.299
Fr,12/1/2017,10Y,0.439
Mo,12/4/2017,2Y,-0.646
Mo,12/4/2017,5Y,-0.286
Mo,12/4/2017,10Y,0.47
Tu,12/5/2017,2Y,-0.669
Tu,12/5/2017,5Y,-0.319
Tu,12/5/2017,10Y,0.444
We,12/6/2017,2Y,-0.673
We,12/6/2017,5Y,-0.343
We,12/6/2017,10Y,0.423
Th,12/7/2017,2Y,-0.68
Th,12/7/2017,5Y,-0.352
Th,12/7/2017,10Y,0.422
Fr,12/8/2017,2Y,-0.656
Fr,12/8/2017,5Y,-0.319
Fr,12/8/2017,10Y,0.437
Mo,12/11/2017,2Y,-0.648
Mo,12/11/2017,5Y,-0.29
Mo,12/11/2017,10Y,0.433
Tu,12/12/2017,2Y,-0.634
Tu,12/12/2017,5Y,-0.275
Tu,12/12/2017,10Y,0.458
We,12/13/2017,2Y,-0.618
We,12/13/2017,5Y,-0.261
We,12/13/2017,10Y,0.465
Th,12/14/2017,2Y,-0.609
Th,12/14/2017,5Y,-0.247
Th,12/14/2017,10Y,0.461
Fr,12/15/2017,2Y,-0.59
Fr,12/15/2017,5Y,-0.238
Fr,12/15/2017,10Y,0.455
Mo,12/18/2017,2Y,-0.593
Mo,12/18/2017,5Y,-0.233
Mo,12/18/2017,10Y,0.459
Tu,12/19/2017,2Y,-0.592
Tu,12/19/2017,5Y,-0.181
Tu,12/19/2017,10Y,0.528
We,12/20/2017,2Y,-0.576
We,12/20/2017,5Y,-0.155
We,12/20/2017,10Y,0.558
Th,12/21/2017,2Y,-0.567
Th,12/21/2017,5Y,-0.142
Th,12/21/2017,10Y,0.568
Fr,12/22/2017,2Y,-0.562
Fr,12/22/2017,5Y,-0.132
Fr,12/22/2017,10Y,0.563
Mo,12/25/2017,2Y,-0.562
Mo,12/25/2017,5Y,-0.132
Mo,12/25/2017,10Y,0.563
Tu,12/26/2017,2Y,-0.562
Tu,12/26/2017,5Y,-0.132
Tu,12/26/2017,10Y,0.563
We,12/27/2017,2Y,-0.571
We,12/27/2017,5Y,-0.154
We,12/27/2017,10Y,0.512
Th,12/28/2017,2Y,-0.536
Th,12/28/2017,5Y,-0.124
Th,12/28/2017,10Y,0.562
Fr,12/29/2017,2Y,-0.528
Fr,12/29/2017,5Y,-0.127
Fr,12/29/2017,10Y,0.563
Mo,1/1/2018,2Y,-0.528
Mo,1/1/2018,5Y,-0.127
Mo,1/1/2018,10Y,0.563
Tu,1/2/2018,2Y,-0.514
Tu,1/2/2018,5Y,-0.101
Tu,1/2/2018,10Y,0.605
We,1/3/2018,2Y,-0.561
We,1/3/2018,5Y,-0.129
We,1/3/2018,10Y,0.584
Th,1/4/2018,2Y,-0.553
Th,1/4/2018,5Y,-0.133
Th,1/4/2018,10Y,0.579
Fr,1/5/2018,2Y,-0.551
Fr,1/5/2018,5Y,-0.131
Fr,1/5/2018,10Y,0.588
Mo,1/8/2018,2Y,-0.555
Mo,1/8/2018,5Y,-0.14
Mo,1/8/2018,10Y,0.579
Tu,1/9/2018,2Y,-0.554
Tu,1/9/2018,5Y,-0.118
Tu,1/9/2018,10Y,0.608
We,1/10/2018,2Y,-0.548
We,1/10/2018,5Y,-0.106
We,1/10/2018,10Y,0.618
Th,1/11/2018,2Y,-0.498
Th,1/11/2018,5Y,-0.043
Th,1/11/2018,10Y,0.663
Fr,1/12/2018,2Y,-0.511
Fr,1/12/2018,5Y,-0.045
Fr,1/12/2018,10Y,0.663
Mo,1/15/2018,2Y,-0.529
Mo,1/15/2018,5Y,-0.045
Mo,1/15/2018,10Y,0.672
Tu,1/16/2018,2Y,-0.528
Tu,1/16/2018,5Y,-0.052
Tu,1/16/2018,10Y,0.648
We,1/17/2018,2Y,-0.52
We,1/17/2018,5Y,-0.051
We,1/17/2018,10Y,0.653
Th,1/18/2018,2Y,-0.53
Th,1/18/2018,5Y,-0.046
Th,1/18/2018,10Y,0.662
Fr,1/19/2018,2Y,-0.54
Fr,1/19/2018,5Y,-0.058
Fr,1/19/2018,10Y,0.652
Mo,1/22/2018,2Y,-0.547
Mo,1/22/2018,5Y,-0.058
Mo,1/22/2018,10Y,0.653
Tu,1/23/2018,2Y,-0.54
Tu,1/23/2018,5Y,-0.045
Tu,1/23/2018,10Y,0.66
We,1/24/2018,2Y,-0.537
We,1/24/2018,5Y,-0.023
We,1/24/2018,10Y,0.691
Th,1/25/2018,2Y,-0.521
Th,1/25/2018,5Y,0.019
Th,1/25/2018,10Y,0.712
Fr,1/26/2018,2Y,-0.505
Fr,1/26/2018,5Y,0.056
Fr,1/26/2018,10Y,0.735
Mo,1/29/2018,2Y,-0.488
Mo,1/29/2018,5Y,0.092
Mo,1/29/2018,10Y,0.795
Tu,1/30/2018,2Y,-0.49
Tu,1/30/2018,5Y,0.082
Tu,1/30/2018,10Y,0.786
We,1/31/2018,2Y,-0.489
We,1/31/2018,5Y,0.098
We,1/31/2018,10Y,0.801
Th,2/1/2018,2Y,-0.503
Th,2/1/2018,5Y,0.094
Th,2/1/2018,10Y,0.821
Fr,2/2/2018,2Y,-0.493
Fr,2/2/2018,5Y,0.122
Fr,2/2/2018,10Y,0.861
Mo,2/5/2018,2Y,-0.512
Mo,2/5/2018,5Y,0.086
Mo,2/5/2018,10Y,0.823
Tu,2/6/2018,2Y,-0.524
Tu,2/6/2018,5Y,0.058
Tu,2/6/2018,10Y,0.79
We,2/7/2018,2Y,-0.501
We,2/7/2018,5Y,0.096
We,2/7/2018,10Y,0.83
Th,2/8/2018,2Y,-0.512
Th,2/8/2018,5Y,0.095
Th,2/8/2018,10Y,0.835
Fr,2/9/2018,2Y,-0.529
Fr,2/9/2018,5Y,0.08
Fr,2/9/2018,10Y,0.82
Mo,2/12/2018,2Y,-0.539
Mo,2/12/2018,5Y,0.086
Mo,2/12/2018,10Y,0.836
Tu,2/13/2018,2Y,-0.533
Tu,2/13/2018,5Y,0.08
Tu,2/13/2018,10Y,0.839
We,2/14/2018,2Y,-0.526
We,2/14/2018,5Y,0.085
We,2/14/2018,10Y,0.848
Th,2/15/2018,2Y,-0.522
Th,2/15/2018,5Y,0.091
Th,2/15/2018,10Y,0.856
Fr,2/16/2018,2Y,-0.532
Fr,2/16/2018,5Y,0.056
Fr,2/16/2018,10Y,0.802
Mo,2/19/2018,2Y,-0.532
Mo,2/19/2018,5Y,0.073
Mo,2/19/2018,10Y,0.832
Tu,2/20/2018,2Y,-0.52
Tu,2/20/2018,5Y,0.07
Tu,2/20/2018,10Y,0.841
We,2/21/2018,2Y,-0.521
We,2/21/2018,5Y,0.067
We,2/21/2018,10Y,0.838
Th,2/22/2018,2Y,-0.53
Th,2/22/2018,5Y,0.052
Th,2/22/2018,10Y,0.817
Fr,2/23/2018,2Y,-0.545
Fr,2/23/2018,5Y,0.022
Fr,2/23/2018,10Y,0.763
Mo,2/26/2018,2Y,-0.548
Mo,2/26/2018,5Y,0.022
Mo,2/26/2018,10Y,0.765
Tu,2/27/2018,2Y,-0.535
Tu,2/27/2018,5Y,0.044
Tu,2/27/2018,10Y,0.787
We,2/28/2018,2Y,-0.383
We,2/28/2018,5Y,0.197
We,2/28/2018,10Y,0.869
Th,3/1/2018,2Y,-0.395
Th,3/1/2018,5Y,0.188
Th,3/1/2018,10Y,0.86
Fr,3/2/2018,2Y,-0.394
Fr,3/2/2018,5Y,0.191
Fr,3/2/2018,10Y,0.867
Mo,3/5/2018,2Y,-0.397
Mo,3/5/2018,5Y,0.187
Mo,3/5/2018,10Y,0.862
Tu,3/6/2018,2Y,-0.383
Tu,3/6/2018,5Y,0.212
Tu,3/6/2018,10Y,0.868
We,3/7/2018,2Y,-0.384
We,3/7/2018,5Y,0.2
We,3/7/2018,10Y,0.847
Th,3/8/2018,2Y,-0.401
Th,3/8/2018,5Y,0.176
Th,3/8/2018,10Y,0.817
Fr,3/9/2018,2Y,-0.397
Fr,3/9/2018,5Y,0.188
Fr,3/9/2018,10Y,0.837
Mo,3/12/2018,2Y,-0.406
Mo,3/12/2018,5Y,0.171
Mo,3/12/2018,10Y,0.824
Tu,3/13/2018,2Y,-0.411
Tu,3/13/2018,5Y,0.166
Tu,3/13/2018,10Y,0.816
We,3/14/2018,2Y,-0.422
We,3/14/2018,5Y,0.149
We,3/14/2018,10Y,0.789
Th,3/15/2018,2Y,-0.424
Th,3/15/2018,5Y,0.135
Th,3/15/2018,10Y,0.775
Fr,3/16/2018,2Y,-0.44
Fr,3/16/2018,5Y,0.127
Fr,3/16/2018,10Y,0.769
Mo,3/19/2018,2Y,-0.432
Mo,3/19/2018,5Y,0.127
Mo,3/19/2018,10Y,0.765
Tu,3/20/2018,2Y,-0.418
Tu,3/20/2018,5Y,0.14
Tu,3/20/2018,10Y,0.773
We,3/21/2018,2Y,-0.414
We,3/21/2018,5Y,0.144
We,3/21/2018,10Y,0.778
Th,3/22/2018,2Y,-0.443
Th,3/22/2018,5Y,0.098
Th,3/22/2018,10Y,0.722
Fr,3/23/2018,2Y,-0.446
Fr,3/23/2018,5Y,0.098
Fr,3/23/2018,10Y,0.72
Mo,3/26/2018,2Y,-0.446
Mo,3/26/2018,5Y,0.094
Mo,3/26/2018,10Y,0.718
Tu,3/27/2018,2Y,-0.453
Tu,3/27/2018,5Y,0.076
Tu,3/27/2018,10Y,0.696
We,3/28/2018,2Y,-0.45
We,3/28/2018,5Y,0.078
We,3/28/2018,10Y,0.697
Th,3/29/2018,2Y,-0.456
Th,3/29/2018,5Y,0.068
Th,3/29/2018,10Y,0.693
Fr,3/30/2018,2Y,-0.455
Fr,3/30/2018,5Y,0.068
Fr,3/30/2018,10Y,0.693
Mo,4/2/2018,2Y,-0.455
Mo,4/2/2018,5Y,0.068
Mo,4/2/2018,10Y,0.693
Tu,4/3/2018,2Y,-0.443
Tu,4/3/2018,5Y,0.083
Tu,4/3/2018,10Y,0.711
We,4/4/2018,2Y,-0.441
We,4/4/2018,5Y,0.074
We,4/4/2018,10Y,0.705
Th,4/5/2018,2Y,-0.426
Th,4/5/2018,5Y,0.09
Th,4/5/2018,10Y,0.722
Fr,4/6/2018,2Y,-0.436
Fr,4/6/2018,5Y,0.067
Fr,4/6/2018,10Y,0.689
Mo,4/9/2018,2Y,-0.426
Mo,4/9/2018,5Y,0.076
Mo,4/9/2018,10Y,0.688
Tu,4/10/2018,2Y,-0.405
Tu,4/10/2018,5Y,0.092
Tu,4/10/2018,10Y,0.709
We,4/11/2018,2Y,-0.42
We,4/11/2018,5Y,0.073
We,4/11/2018,10Y,0.693
Th,4/12/2018,2Y,-0.42
Th,4/12/2018,5Y,0.071
Th,4/12/2018,10Y,0.708
Fr,4/13/2018,2Y,-0.432
Fr,4/13/2018,5Y,0.068
Fr,4/13/2018,10Y,0.706
Mo,4/16/2018,2Y,-0.426
Mo,4/16/2018,5Y,0.079
Mo,4/16/2018,10Y,0.712
Tu,4/17/2018,2Y,-0.437
Tu,4/17/2018,5Y,0.053
Tu,4/17/2018,10Y,0.693
We,4/18/2018,2Y,-0.422
We,4/18/2018,5Y,0.073
We,4/18/2018,10Y,0.716
Th,4/19/2018,2Y,-0.408
Th,4/19/2018,5Y,0.122
Th,4/19/2018,10Y,0.785
Fr,4/20/2018,2Y,-0.415
Fr,4/20/2018,5Y,0.111
Fr,4/20/2018,10Y,0.779
Mo,4/23/2018,2Y,-0.416
Mo,4/23/2018,5Y,0.139
Mo,4/23/2018,10Y,0.816
Tu,4/24/2018,2Y,-0.423
Tu,4/24/2018,5Y,0.141
Tu,4/24/2018,10Y,0.809
We,4/25/2018,2Y,-0.425
We,4/25/2018,5Y,0.144
We,4/25/2018,10Y,0.808
Th,4/26/2018,2Y,-0.446
Th,4/26/2018,5Y,0.111
Th,4/26/2018,10Y,0.769
Fr,4/27/2018,2Y,-0.459
Fr,4/27/2018,5Y,0.094
Fr,4/27/2018,10Y,0.75
Mo,4/30/2018,2Y,-0.467
Mo,4/30/2018,5Y,0.08
Mo,4/30/2018,10Y,0.74
Tu,5/1/2018,2Y,-0.467
Tu,5/1/2018,5Y,0.08
Tu,5/1/2018,10Y,0.74
We,5/2/2018,2Y,-0.457
We,5/2/2018,5Y,0.097
We,5/2/2018,10Y,0.763
Th,5/3/2018,2Y,-0.472
Th,5/3/2018,5Y,0.07
Th,5/3/2018,10Y,0.717
Fr,5/4/2018,2Y,-0.461
Fr,5/4/2018,5Y,0.084
Fr,5/4/2018,10Y,0.732
Mo,5/7/2018,2Y,-0.468
Mo,5/7/2018,5Y,0.077
Mo,5/7/2018,10Y,0.72
Tu,5/8/2018,2Y,-0.459
Tu,5/8/2018,5Y,0.096
Tu,5/8/2018,10Y,0.756
We,5/9/2018,2Y,-0.459
We,5/9/2018,5Y,0.092
We,5/9/2018,10Y,0.755
Th,5/10/2018,2Y,-0.465
Th,5/10/2018,5Y,0.092
Th,5/10/2018,10Y,0.755
Fr,5/11/2018,2Y,-0.461
Fr,5/11/2018,5Y,0.095
Fr,5/11/2018,10Y,0.752
Mo,5/14/2018,2Y,-0.435
Mo,5/14/2018,5Y,0.141
Mo,5/14/2018,10Y,0.804
Tu,5/15/2018,2Y,-0.425
Tu,5/15/2018,5Y,0.165
Tu,5/15/2018,10Y,0.836
We,5/16/2018,2Y,-0.45
We,5/16/2018,5Y,0.127
We,5/16/2018,10Y,0.802
Th,5/17/2018,2Y,-0.434
Th,5/17/2018,5Y,0.151
Th,5/17/2018,10Y,0.835
Fr,5/18/2018,2Y,-0.464
Fr,5/18/2018,5Y,0.101
Fr,5/18/2018,10Y,0.784
Mo,5/21/2018,2Y,-0.506
Mo,5/21/2018,5Y,0.059
Mo,5/21/2018,10Y,0.749
Tu,5/22/2018,2Y,-0.478
Tu,5/22/2018,5Y,0.089
Tu,5/22/2018,10Y,0.783
We,5/23/2018,2Y,-0.505
We,5/23/2018,5Y,0.06
We,5/23/2018,10Y,0.767
Th,5/24/2018,2Y,-0.515
Th,5/24/2018,5Y,0.028
Th,5/24/2018,10Y,0.728
Fr,5/25/2018,2Y,-0.533
Fr,5/25/2018,5Y,-0.011
Fr,5/25/2018,10Y,0.694
Mo,5/28/2018,2Y,-0.564
Mo,5/28/2018,5Y,-0.065
Mo,5/28/2018,10Y,0.633
Tu,5/29/2018,2Y,-0.631
Tu,5/29/2018,5Y,-0.111
Tu,5/29/2018,10Y,0.617
We,5/30/2018,2Y,-0.512
We,5/30/2018,5Y,0.015
We,5/30/2018,10Y,0.704
Th,5/31/2018,2Y,-0.509
Th,5/31/2018,5Y,-0.036
Th,5/31/2018,10Y,0.651
Fr,6/1/2018,2Y,-0.493
Fr,6/1/2018,5Y,-0.036
Fr,6/1/2018,10Y,0.676
Mo,6/4/2018,2Y,-0.493
Mo,6/4/2018,5Y,-0.028
Mo,6/4/2018,10Y,0.686
Tu,6/5/2018,2Y,-0.531
Tu,6/5/2018,5Y,-0.063
Tu,6/5/2018,10Y,0.65
We,6/6/2018,2Y,-0.47
We,6/6/2018,5Y,0.021
We,6/6/2018,10Y,0.756
Th,6/7/2018,2Y,-0.485
Th,6/7/2018,5Y,0.039
Th,6/7/2018,10Y,0.776
Fr,6/8/2018,2Y,-0.516
Fr,6/8/2018,5Y,0.014
Fr,6/8/2018,10Y,0.761
Mo,6/11/2018,2Y,-0.486
Mo,6/11/2018,5Y,0.067
Mo,6/11/2018,10Y,0.802
Tu,6/12/2018,2Y,-0.483
Tu,6/12/2018,5Y,0.068
Tu,6/12/2018,10Y,0.796
We,6/13/2018,2Y,-0.493
We,6/13/2018,5Y,0.044
We,6/13/2018,10Y,0.77
Th,6/14/2018,2Y,-0.541
Th,6/14/2018,5Y,-0.04
Th,6/14/2018,10Y,0.694
Fr,6/15/2018,2Y,-0.547
Fr,6/15/2018,5Y,-0.052
Fr,6/15/2018,10Y,0.661
Mo,6/18/2018,2Y,-0.552
Mo,6/18/2018,5Y,-0.062
Mo,6/18/2018,10Y,0.645
Tu,6/19/2018,2Y,-0.563
Tu,6/19/2018,5Y,-0.084
Tu,6/19/2018,10Y,0.626
We,6/20/2018,2Y,-0.573
We,6/20/2018,5Y,-0.086
We,6/20/2018,10Y,0.63
Th,6/21/2018,2Y,-0.604
Th,6/21/2018,5Y,-0.117
Th,6/21/2018,10Y,0.612
Fr,6/22/2018,2Y,-0.595
Fr,6/22/2018,5Y,-0.112
Fr,6/22/2018,10Y,0.618
Mo,6/25/2018,2Y,-0.603
Mo,6/25/2018,5Y,-0.116
Mo,6/25/2018,10Y,0.613
Tu,6/26/2018,2Y,-0.581
Tu,6/26/2018,5Y,-0.105
Tu,6/26/2018,10Y,0.639
We,6/27/2018,2Y,-0.59
We,6/27/2018,5Y,-0.117
We,6/27/2018,10Y,0.613
Th,6/28/2018,2Y,-0.59
Th,6/28/2018,5Y,-0.114
Th,6/28/2018,10Y,0.609
Fr,6/29/2018,2Y,-0.592
Fr,6/29/2018,5Y,-0.132
Fr,6/29/2018,10Y,0.57
Mo,7/2/2018,2Y,-0.602
Mo,7/2/2018,5Y,-0.144
Mo,7/2/2018,10Y,0.563
Tu,7/3/2018,2Y,-0.595
Tu,7/3/2018,5Y,-0.142
Tu,7/3/2018,10Y,0.551
We,7/4/2018,2Y,-0.582
We,7/4/2018,5Y,-0.137
We,7/4/2018,10Y,0.559
Th,7/5/2018,2Y,-0.561
Th,7/5/2018,5Y,-0.134
Th,7/5/2018,10Y,0.554
Fr,7/6/2018,2Y,-0.554
Fr,7/6/2018,5Y,-0.144
Fr,7/6/2018,10Y,0.541
Mo,7/9/2018,2Y,-0.545
Mo,7/9/2018,5Y,-0.133
Mo,7/9/2018,10Y,0.536
Tu,7/10/2018,2Y,-0.508
Tu,7/10/2018,5Y,-0.112
Tu,7/10/2018,10Y,0.558
We,7/11/2018,2Y,-0.53
We,7/11/2018,5Y,-0.117
We,7/11/2018,10Y,0.55
Th,7/12/2018,2Y,-0.54
Th,7/12/2018,5Y,-0.129
Th,7/12/2018,10Y,0.539
Fr,7/13/2018,2Y,-0.543
Fr,7/13/2018,5Y,-0.14
Fr,7/13/2018,10Y,0.52
Mo,7/16/2018,2Y,-0.538
Mo,7/16/2018,5Y,-0.118
Mo,7/16/2018,10Y,0.546
Tu,7/17/2018,2Y,-0.537
Tu,7/17/2018,5Y,-0.136
Tu,7/17/2018,10Y,0.528
We,7/18/2018,2Y,-0.535
We,7/18/2018,5Y,-0.142
We,7/18/2018,10Y,0.521
Th,7/19/2018,2Y,-0.535
Th,7/19/2018,5Y,-0.141
Th,7/19/2018,10Y,0.513
Fr,7/20/2018,2Y,-0.52
Fr,7/20/2018,5Y,-0.11
Fr,7/20/2018,10Y,0.562
Mo,7/23/2018,2Y,-0.512
Mo,7/23/2018,5Y,-0.087
Mo,7/23/2018,10Y,0.595
Tu,7/24/2018,2Y,-0.519
Tu,7/24/2018,5Y,-0.097
Tu,7/24/2018,10Y,0.58
We,7/25/2018,2Y,-0.509
We,7/25/2018,5Y,-0.092
We,7/25/2018,10Y,0.576
Th,7/26/2018,2Y,-0.514
Th,7/26/2018,5Y,-0.086
Th,7/26/2018,10Y,0.585
Fr,7/27/2018,2Y,-0.512
Fr,7/27/2018,5Y,-0.088
Fr,7/27/2018,10Y,0.58
Mo,7/30/2018,2Y,-0.493
Mo,7/30/2018,5Y,-0.056
Mo,7/30/2018,10Y,0.608
Tu,7/31/2018,2Y,-0.482
Tu,7/31/2018,5Y,-0.05
Tu,7/31/2018,10Y,0.601
We,8/1/2018,2Y,-0.469
We,8/1/2018,5Y,-0.022
We,8/1/2018,10Y,0.637
Th,8/2/2018,2Y,-0.494
Th,8/2/2018,5Y,-0.039
Th,8/2/2018,10Y,0.636
Fr,8/3/2018,2Y,-0.506
Fr,8/3/2018,5Y,-0.078
Fr,8/3/2018,10Y,0.596
Mo,8/6/2018,2Y,-0.529
Mo,8/6/2018,5Y,-0.091
Mo,8/6/2018,10Y,0.582
Tu,8/7/2018,2Y,-0.52
Tu,8/7/2018,5Y,-0.077
Tu,8/7/2018,10Y,0.599
We,8/8/2018,2Y,-0.528
We,8/8/2018,5Y,-0.094
We,8/8/2018,10Y,0.588
Th,8/9/2018,2Y,-0.55
Th,8/9/2018,5Y,-0.11
Th,8/9/2018,10Y,0.572
Fr,8/10/2018,2Y,-0.558
Fr,8/10/2018,5Y,-0.156
Fr,8/10/2018,10Y,0.526
Mo,8/13/2018,2Y,-0.571
Mo,8/13/2018,5Y,-0.146
Mo,8/13/2018,10Y,0.529
Tu,8/14/2018,2Y,-0.555
Tu,8/14/2018,5Y,-0.14
Tu,8/14/2018,10Y,0.541
We,8/15/2018,2Y,-0.567
We,8/15/2018,5Y,-0.166
We,8/15/2018,10Y,0.525
Th,8/16/2018,2Y,-0.555
Th,8/16/2018,5Y,-0.152
Th,8/16/2018,10Y,0.539
Fr,8/17/2018,2Y,-0.568
Fr,8/17/2018,5Y,-0.162
Fr,8/17/2018,10Y,0.525
Mo,8/20/2018,2Y,-0.562
Mo,8/20/2018,5Y,-0.158
Mo,8/20/2018,10Y,0.512
Tu,8/21/2018,2Y,-0.556
Tu,8/21/2018,5Y,-0.129
Tu,8/21/2018,10Y,0.537
We,8/22/2018,2Y,-0.535
We,8/22/2018,5Y,-0.109
We,8/22/2018,10Y,0.55
Th,8/23/2018,2Y,-0.533
Th,8/23/2018,5Y,-0.111
Th,8/23/2018,10Y,0.547
Fr,8/24/2018,2Y,-0.531
Fr,8/24/2018,5Y,-0.109
Fr,8/24/2018,10Y,0.552
Mo,8/27/2018,2Y,-0.512
Mo,8/27/2018,5Y,-0.084
Mo,8/27/2018,10Y,0.583
Tu,8/28/2018,2Y,-0.507
Tu,8/28/2018,5Y,-0.078
Tu,8/28/2018,10Y,0.589
We,8/29/2018,2Y,-0.496
We,8/29/2018,5Y,-0.051
We,8/29/2018,10Y,0.614
Th,8/30/2018,2Y,-0.532
Th,8/30/2018,5Y,-0.103
Th,8/30/2018,10Y,0.562
Fr,8/31/2018,2Y,-0.531
Fr,8/31/2018,5Y,-0.111
Fr,8/31/2018,10Y,0.545
Mo,9/3/2018,2Y,-0.529
Mo,9/3/2018,5Y,-0.108
Mo,9/3/2018,10Y,0.552
Tu,9/4/2018,2Y,-0.51
Tu,9/4/2018,5Y,-0.089
Tu,9/4/2018,10Y,0.562
We,9/5/2018,2Y,-0.486
We,9/5/2018,5Y,-0.065
We,9/5/2018,10Y,0.577
Th,9/6/2018,2Y,-0.499
Th,9/6/2018,5Y,-0.086
Th,9/6/2018,10Y,0.55
Fr,9/7/2018,2Y,-0.484
Fr,9/7/2018,5Y,-0.067
Fr,9/7/2018,10Y,0.581
Mo,9/10/2018,2Y,-0.479
Mo,9/10/2018,5Y,-0.055
Mo,9/10/2018,10Y,0.582
Tu,9/11/2018,2Y,-0.472
Tu,9/11/2018,5Y,-0.035
Tu,9/11/2018,10Y,0.609
We,9/12/2018,2Y,-0.492
We,9/12/2018,5Y,-0.054
We,9/12/2018,10Y,0.595
Th,9/13/2018,2Y,-0.486
Th,9/13/2018,5Y,-0.041
Th,9/13/2018,10Y,0.607
Fr,9/14/2018,2Y,-0.481
Fr,9/14/2018,5Y,-0.025
Fr,9/14/2018,10Y,0.632
Mo,9/17/2018,2Y,-0.467
Mo,9/17/2018,5Y,-0.011
Mo,9/17/2018,10Y,0.64
Tu,9/18/2018,2Y,-0.464
Tu,9/18/2018,5Y,-0.006
Tu,9/18/2018,10Y,0.662
We,9/19/2018,2Y,-0.471
We,9/19/2018,5Y,-0.006
We,9/19/2018,10Y,0.673
Th,9/20/2018,2Y,-0.47
Th,9/20/2018,5Y,-0.019
Th,9/20/2018,10Y,0.658
Fr,9/21/2018,2Y,-0.484
Fr,9/21/2018,5Y,-0.028
Fr,9/21/2018,10Y,0.652
Mo,9/24/2018,2Y,-0.454
Mo,9/24/2018,5Y,0.031
Mo,9/24/2018,10Y,0.702
Tu,9/25/2018,2Y,-0.447
Tu,9/25/2018,5Y,0.053
Tu,9/25/2018,10Y,0.733
We,9/26/2018,2Y,-0.444
We,9/26/2018,5Y,0.045
We,9/26/2018,10Y,0.717
Th,9/27/2018,2Y,-0.442
Th,9/27/2018,5Y,0.057
Th,9/27/2018,10Y,0.726
Fr,9/28/2018,2Y,-0.464
Fr,9/28/2018,5Y,-0.001
Fr,9/28/2018,10Y,0.674
Mo,10/1/2018,2Y,-0.479
Mo,10/1/2018,5Y,-0.007
Mo,10/1/2018,10Y,0.675
Tu,10/2/2018,2Y,-0.503
Tu,10/2/2018,5Y,-0.037
Tu,10/2/2018,10Y,0.637
We,10/3/2018,2Y,-0.475
We,10/3/2018,5Y,0.015
We,10/3/2018,10Y,0.686
Th,10/4/2018,2Y,-0.46
Th,10/4/2018,5Y,0.043
Th,10/4/2018,10Y,0.733
Fr,10/5/2018,2Y,-0.454
Fr,10/5/2018,5Y,0.07
Fr,10/5/2018,10Y,0.773
Mo,10/8/2018,2Y,-0.481
Mo,10/8/2018,5Y,0.025
Mo,10/8/2018,10Y,0.728
Tu,10/9/2018,2Y,-0.469
Tu,10/9/2018,5Y,0.044
Tu,10/9/2018,10Y,0.749
We,10/10/2018,2Y,-0.477
We,10/10/2018,5Y,0.048
We,10/10/2018,10Y,0.749
Th,10/11/2018,2Y,-0.495
Th,10/11/2018,5Y,0.025
Th,10/11/2018,10Y,0.718
Fr,10/12/2018,2Y,-0.514
Fr,10/12/2018,5Y,0.001
Fr,10/12/2018,10Y,0.699
Mo,10/15/2018,2Y,-0.527
Mo,10/15/2018,5Y,-0.001
Mo,10/15/2018,10Y,0.704
Tu,10/16/2018,2Y,-0.523
Tu,10/16/2018,5Y,-0.004
Tu,10/16/2018,10Y,0.695
We,10/17/2018,2Y,-0.547
We,10/17/2018,5Y,-0.03
We,10/17/2018,10Y,0.669
Th,10/18/2018,2Y,-0.586
Th,10/18/2018,5Y,-0.078
Th,10/18/2018,10Y,0.63
Fr,10/19/2018,2Y,-0.542
Fr,10/19/2018,5Y,-0.016
Fr,10/19/2018,10Y,0.685
Mo,10/22/2018,2Y,-0.559
Mo,10/22/2018,5Y,-0.027
Mo,10/22/2018,10Y,0.676
Tu,10/23/2018,2Y,-0.574
Tu,10/23/2018,5Y,-0.058
Tu,10/23/2018,10Y,0.64
We,10/24/2018,2Y,-0.591
We,10/24/2018,5Y,-0.076
We,10/24/2018,10Y,0.626
Th,10/25/2018,2Y,-0.585
Th,10/25/2018,5Y,-0.069
Th,10/25/2018,10Y,0.629
Fr,10/26/2018,2Y,-0.607
Fr,10/26/2018,5Y,-0.099
Fr,10/26/2018,10Y,0.59
Mo,10/29/2018,2Y,-0.595
Mo,10/29/2018,5Y,-0.095
Mo,10/29/2018,10Y,0.593
Tu,10/30/2018,2Y,-0.601
Tu,10/30/2018,5Y,-0.1
Tu,10/30/2018,10Y,0.579
We,10/31/2018,2Y,-0.592
We,10/31/2018,5Y,-0.086
We,10/31/2018,10Y,0.592
Th,11/1/2018,2Y,-0.594
Th,11/1/2018,5Y,-0.084
Th,11/1/2018,10Y,0.598
Fr,11/2/2018,2Y,-0.591
Fr,11/2/2018,5Y,-0.074
Fr,11/2/2018,10Y,0.623
Mo,11/5/2018,2Y,-0.59
Mo,11/5/2018,5Y,-0.073
Mo,11/5/2018,10Y,0.624
Tu,11/6/2018,2Y,-0.585
Tu,11/6/2018,5Y,-0.064
Tu,11/6/2018,10Y,0.637
We,11/7/2018,2Y,-0.556
We,11/7/2018,5Y,-0.048
We,11/7/2018,10Y,0.649
Th,11/8/2018,2Y,-0.552
Th,11/8/2018,5Y,-0.04
Th,11/8/2018,10Y,0.658
Fr,11/9/2018,2Y,-0.571
Fr,11/9/2018,5Y,-0.077
Fr,11/9/2018,10Y,0.613
Mo,11/12/2018,2Y,-0.581
Mo,11/12/2018,5Y,-0.086
Mo,11/12/2018,10Y,0.609
Tu,11/13/2018,2Y,-0.575
Tu,11/13/2018,5Y,-0.074
Tu,11/13/2018,10Y,0.623
We,11/14/2018,2Y,-0.577
We,11/14/2018,5Y,-0.09
We,11/14/2018,10Y,0.622
Th,11/15/2018,2Y,-0.601
Th,11/15/2018,5Y,-0.123
Th,11/15/2018,10Y,0.588
Fr,11/16/2018,2Y,-0.587
Fr,11/16/2018,5Y,-0.115
Fr,11/16/2018,10Y,0.594
Mo,11/19/2018,2Y,-0.586
Mo,11/19/2018,5Y,-0.106
Mo,11/19/2018,10Y,0.604
Tu,11/20/2018,2Y,-0.591
Tu,11/20/2018,5Y,-0.111
Tu,11/20/2018,10Y,0.595
We,11/21/2018,2Y,-0.579
We,11/21/2018,5Y,-0.091
We,11/21/2018,10Y,0.621
Th,11/22/2018,2Y,-0.578
Th,11/22/2018,5Y,-0.093
Th,11/22/2018,10Y,0.617
Fr,11/23/2018,2Y,-0.584
Fr,11/23/2018,5Y,-0.112
Fr,11/23/2018,10Y,0.588
Mo,11/26/2018,2Y,-0.567
Mo,11/26/2018,5Y,-0.094
Mo,11/26/2018,10Y,0.6
Tu,11/27/2018,2Y,-0.58
Tu,11/27/2018,5Y,-0.108
Tu,11/27/2018,10Y,0.592
We,11/28/2018,2Y,-0.584
We,11/28/2018,5Y,-0.108
We,11/28/2018,10Y,0.594
Th,11/29/2018,2Y,-0.596
Th,11/29/2018,5Y,-0.132
Th,11/29/2018,10Y,0.564
Fr,11/30/2018,2Y,-0.598
Fr,11/30/2018,5Y,-0.14
Fr,11/30/2018,10Y,0.555
Mo,12/3/2018,2Y,-0.603
Mo,12/3/2018,5Y,-0.145
Mo,12/3/2018,10Y,0.551
Tu,12/4/2018,2Y,-0.613
Tu,12/4/2018,5Y,-0.172
Tu,12/4/2018,10Y,0.513
We,12/5/2018,2Y,-0.604
We,12/5/2018,5Y,-0.155
We,12/5/2018,10Y,0.528
Th,12/6/2018,2Y,-0.62
Th,12/6/2018,5Y,-0.182
Th,12/6/2018,10Y,0.493
Fr,12/7/2018,2Y,-0.595
Fr,12/7/2018,5Y,-0.165
Fr,12/7/2018,10Y,0.51
Mo,12/10/2018,2Y,-0.575
Mo,12/10/2018,5Y,-0.142
Mo,12/10/2018,10Y,0.512
Tu,12/11/2018,2Y,-0.583
Tu,12/11/2018,5Y,-0.16
Tu,12/11/2018,10Y,0.506
We,12/12/2018,2Y,-0.56
We,12/12/2018,5Y,-0.112
We,12/12/2018,10Y,0.545
Th,12/13/2018,2Y,-0.57
Th,12/13/2018,5Y,-0.144
Th,12/13/2018,10Y,0.541
Fr,12/14/2018,2Y,-0.593
Fr,12/14/2018,5Y,-0.175
Fr,12/14/2018,10Y,0.507
Mo,12/17/2018,2Y,-0.591
Mo,12/17/2018,5Y,-0.168
Mo,12/17/2018,10Y,0.51
Tu,12/18/2018,2Y,-0.589
Tu,12/18/2018,5Y,-0.166
Tu,12/18/2018,10Y,0.499
We,12/19/2018,2Y,-0.59
We,12/19/2018,5Y,-0.172
We,12/19/2018,10Y,0.491
Th,12/20/2018,2Y,-0.587
Th,12/20/2018,5Y,-0.176
Th,12/20/2018,10Y,0.477
Fr,12/21/2018,2Y,-0.582
Fr,12/21/2018,5Y,-0.169
Fr,12/21/2018,10Y,0.496
Mo,12/24/2018,2Y,-0.589
Mo,12/24/2018,5Y,-0.17
Mo,12/24/2018,10Y,0.496
Tu,12/25/2018,2Y,-0.589
Tu,12/25/2018,5Y,-0.17
Tu,12/25/2018,10Y,0.496
We,12/26/2018,2Y,-0.589
We,12/26/2018,5Y,-0.17
We,12/26/2018,10Y,0.496
Th,12/27/2018,2Y,-0.597
Th,12/27/2018,5Y,-0.197
Th,12/27/2018,10Y,0.475
Fr,12/28/2018,2Y,-0.556
Fr,12/28/2018,5Y,-0.188
Fr,12/28/2018,10Y,0.484
Mo,12/31/2018,2Y,-0.563
Mo,12/31/2018,5Y,-0.188
Mo,12/31/2018,10Y,0.484
Tu,1/1/2019,2Y,-0.563
Tu,1/1/2019,5Y,-0.188
Tu,1/1/2019,10Y,0.484
We,1/2/2019,2Y,-0.572
We,1/2/2019,5Y,-0.233
We,1/2/2019,10Y,0.417
Th,1/3/2019,2Y,-0.573
Th,1/3/2019,5Y,-0.246
Th,1/3/2019,10Y,0.416
Fr,1/4/2019,2Y,-0.557
Fr,1/4/2019,5Y,-0.207
Fr,1/4/2019,10Y,0.47
Mo,1/7/2019,2Y,-0.545
Mo,1/7/2019,5Y,-0.19
Mo,1/7/2019,10Y,0.486
Tu,1/8/2019,2Y,-0.54
Tu,1/8/2019,5Y,-0.181
Tu,1/8/2019,10Y,0.495
We,1/9/2019,2Y,-0.543
We,1/9/2019,5Y,-0.19
We,1/9/2019,10Y,0.49
Th,1/10/2019,2Y,-0.539
Th,1/10/2019,5Y,-0.206
Th,1/10/2019,10Y,0.469
Fr,1/11/2019,2Y,-0.534
Fr,1/11/2019,5Y,-0.209
Fr,1/11/2019,10Y,0.455
Mo,1/14/2019,2Y,-0.54
Mo,1/14/2019,5Y,-0.222
Mo,1/14/2019,10Y,0.445
Tu,1/15/2019,2Y,-0.561
Tu,1/15/2019,5Y,-0.248
Tu,1/15/2019,10Y,0.419
We,1/16/2019,2Y,-0.546
We,1/16/2019,5Y,-0.227
We,1/16/2019,10Y,0.434
Th,1/17/2019,2Y,-0.534
Th,1/17/2019,5Y,-0.206
Th,1/17/2019,10Y,0.448
Fr,1/18/2019,2Y,-0.528
Fr,1/18/2019,5Y,-0.19
Fr,1/18/2019,10Y,0.462
Mo,1/21/2019,2Y,-0.521
Mo,1/21/2019,5Y,-0.195
Mo,1/21/2019,10Y,0.454
Tu,1/22/2019,2Y,-0.525
Tu,1/22/2019,5Y,-0.211
Tu,1/22/2019,10Y,0.44
We,1/23/2019,2Y,-0.522
We,1/23/2019,5Y,-0.212
We,1/23/2019,10Y,0.432
Th,1/24/2019,2Y,-0.519
Th,1/24/2019,5Y,-0.237
Th,1/24/2019,10Y,0.389
Fr,1/25/2019,2Y,-0.516
Fr,1/25/2019,5Y,-0.216
Fr,1/25/2019,10Y,0.402
Mo,1/28/2019,2Y,-0.52
Mo,1/28/2019,5Y,-0.214
Mo,1/28/2019,10Y,0.417
Tu,1/29/2019,2Y,-0.506
Tu,1/29/2019,5Y,-0.215
Tu,1/29/2019,10Y,0.409
We,1/30/2019,2Y,-0.499
We,1/30/2019,5Y,-0.212
We,1/30/2019,10Y,0.403
Th,1/31/2019,2Y,-0.496
Th,1/31/2019,5Y,-0.235
Th,1/31/2019,10Y,0.361
Fr,2/1/2019,2Y,-0.513
Fr,2/1/2019,5Y,-0.237
Fr,2/1/2019,10Y,0.378
Mo,2/4/2019,2Y,-0.503
Mo,2/4/2019,5Y,-0.22
Mo,2/4/2019,10Y,0.391
Tu,2/5/2019,2Y,-0.497
Tu,2/5/2019,5Y,-0.219
Tu,2/5/2019,10Y,0.39
We,2/6/2019,2Y,-0.473
We,2/6/2019,5Y,-0.216
We,2/6/2019,10Y,0.382
Th,2/7/2019,2Y,-0.494
Th,2/7/2019,5Y,-0.265
Th,2/7/2019,10Y,0.337
Fr,2/8/2019,2Y,-0.491
Fr,2/8/2019,5Y,-0.278
Fr,2/8/2019,10Y,0.315
Mo,2/11/2019,2Y,-0.484
Mo,2/11/2019,5Y,-0.125
Mo,2/11/2019,10Y,0.475
Tu,2/12/2019,2Y,-0.482
Tu,2/12/2019,5Y,-0.114
Tu,2/12/2019,10Y,0.485
We,2/13/2019,2Y,-0.479
We,2/13/2019,5Y,-0.114
We,2/13/2019,10Y,0.476
Th,2/14/2019,2Y,-0.474
Th,2/14/2019,5Y,-0.121
Th,2/14/2019,10Y,0.456
Fr,2/15/2019,2Y,-0.478
Fr,2/15/2019,5Y,-0.125
Fr,2/15/2019,10Y,0.458
Mo,2/18/2019,2Y,-0.486
Mo,2/18/2019,5Y,-0.127
Mo,2/18/2019,10Y,0.461
Tu,2/19/2019,2Y,-0.487
Tu,2/19/2019,5Y,-0.125
Tu,2/19/2019,10Y,0.457
We,2/20/2019,2Y,-0.485
We,2/20/2019,5Y,-0.128
We,2/20/2019,10Y,0.449
Th,2/21/2019,2Y,-0.468
Th,2/21/2019,5Y,-0.099
Th,2/21/2019,10Y,0.473
Fr,2/22/2019,2Y,-0.48
Fr,2/22/2019,5Y,-0.126
Fr,2/22/2019,10Y,0.451
Mo,2/25/2019,2Y,-0.474
Mo,2/25/2019,5Y,-0.111
Mo,2/25/2019,10Y,0.465
Tu,2/26/2019,2Y,-0.468
Tu,2/26/2019,5Y,-0.105
Tu,2/26/2019,10Y,0.471
We,2/27/2019,2Y,-0.459
We,2/27/2019,5Y,-0.079
We,2/27/2019,10Y,0.501
Th,2/28/2019,2Y,-0.45
Th,2/28/2019,5Y,-0.053
Th,2/28/2019,10Y,0.528
Fr,3/1/2019,2Y,-0.442
Fr,3/1/2019,5Y,-0.055
Fr,3/1/2019,10Y,0.527
Mo,3/4/2019,2Y,-0.452
Mo,3/4/2019,5Y,-0.072
Mo,3/4/2019,10Y,0.501
Tu,3/5/2019,2Y,-0.449
Tu,3/5/2019,5Y,-0.061
Tu,3/5/2019,10Y,0.511
We,3/6/2019,2Y,-0.471
We,3/6/2019,5Y,-0.099
We,3/6/2019,10Y,0.462
Th,3/7/2019,2Y,-0.501
Th,3/7/2019,5Y,-0.151
Th,3/7/2019,10Y,0.392
Fr,3/8/2019,2Y,-0.493
Fr,3/8/2019,5Y,-0.138
Fr,3/8/2019,10Y,0.38
Mo,3/11/2019,2Y,-0.5
Mo,3/11/2019,5Y,-0.148
Mo,3/11/2019,10Y,0.379
Tu,3/12/2019,2Y,-0.503
Tu,3/12/2019,5Y,-0.156
Tu,3/12/2019,10Y,0.369
We,3/13/2019,2Y,-0.505
We,3/13/2019,5Y,-0.152
We,3/13/2019,10Y,0.378
Th,3/14/2019,2Y,-0.502
Th,3/14/2019,5Y,-0.14
Th,3/14/2019,10Y,0.395
Fr,3/15/2019,2Y,-0.495
Fr,3/15/2019,5Y,-0.137
Fr,3/15/2019,10Y,0.388
Mo,3/18/2019,2Y,-0.489
Mo,3/18/2019,5Y,-0.142
Mo,3/18/2019,10Y,0.384
Tu,3/19/2019,2Y,-0.491
Tu,3/19/2019,5Y,-0.133
Tu,3/19/2019,10Y,0.397
We,3/20/2019,2Y,-0.493
We,3/20/2019,5Y,-0.138
We,3/20/2019,10Y,0.385
Th,3/21/2019,2Y,-0.515
Th,3/21/2019,5Y,-0.177
Th,3/21/2019,10Y,0.331
Fr,3/22/2019,2Y,-0.534
Fr,3/22/2019,5Y,-0.225
Fr,3/22/2019,10Y,0.269
Mo,3/25/2019,2Y,-0.539
Mo,3/25/2019,5Y,-0.23
Mo,3/25/2019,10Y,0.257
Tu,3/26/2019,2Y,-0.532
Tu,3/26/2019,5Y,-0.218
Tu,3/26/2019,10Y,0.272
We,3/27/2019,2Y,-0.569
We,3/27/2019,5Y,-0.285
We,3/27/2019,10Y,0.215
Th,3/28/2019,2Y,-0.559
Th,3/28/2019,5Y,-0.268
Th,3/28/2019,10Y,0.226
Fr,3/29/2019,2Y,-0.561
Fr,3/29/2019,5Y,-0.277
Fr,3/29/2019,10Y,0.23
Mo,4/1/2019,2Y,-0.55
Mo,4/1/2019,5Y,-0.241
Mo,4/1/2019,10Y,0.282
Tu,4/2/2019,2Y,-0.559
Tu,4/2/2019,5Y,-0.26
Tu,4/2/2019,10Y,0.267
We,4/3/2019,2Y,-0.529
We,4/3/2019,5Y,-0.217
We,4/3/2019,10Y,0.321
Th,4/4/2019,2Y,-0.532
Th,4/4/2019,5Y,-0.219
Th,4/4/2019,10Y,0.3
Fr,4/5/2019,2Y,-0.525
Fr,4/5/2019,5Y,-0.214
Fr,4/5/2019,10Y,0.307
Mo,4/8/2019,2Y,-0.531
Mo,4/8/2019,5Y,-0.215
Mo,4/8/2019,10Y,0.3
Tu,4/9/2019,2Y,-0.526
Tu,4/9/2019,5Y,-0.226
Tu,4/9/2019,10Y,0.28
We,4/10/2019,2Y,-0.54
We,4/10/2019,5Y,-0.25
We,4/10/2019,10Y,0.263
Th,4/11/2019,2Y,-0.53
Th,4/11/2019,5Y,-0.237
Th,4/11/2019,10Y,0.275
Fr,4/12/2019,2Y,-0.508
Fr,4/12/2019,5Y,-0.187
Fr,4/12/2019,10Y,0.335
Mo,4/15/2019,2Y,-0.506
Mo,4/15/2019,5Y,-0.189
Mo,4/15/2019,10Y,0.34
Tu,4/16/2019,2Y,-0.509
Tu,4/16/2019,5Y,-0.186
Tu,4/16/2019,10Y,0.348
We,4/17/2019,2Y,-0.506
We,4/17/2019,5Y,-0.177
We,4/17/2019,10Y,0.358
Th,4/18/2019,2Y,-0.518
Th,4/18/2019,5Y,-0.211
Th,4/18/2019,10Y,0.303
Fr,4/19/2019,2Y,-0.518
Fr,4/19/2019,5Y,-0.211
Fr,4/19/2019,10Y,0.303
Mo,4/22/2019,2Y,-0.518
Mo,4/22/2019,5Y,-0.211
Mo,4/22/2019,10Y,0.303
Tu,4/23/2019,2Y,-0.515
Tu,4/23/2019,5Y,-0.2
Tu,4/23/2019,10Y,0.321
We,4/24/2019,2Y,-0.534
We,4/24/2019,5Y,-0.243
We,4/24/2019,10Y,0.268
Th,4/25/2019,2Y,-0.537
Th,4/25/2019,5Y,-0.241
Th,4/25/2019,10Y,0.285
Fr,4/26/2019,2Y,-0.545
Fr,4/26/2019,5Y,-0.251
Fr,4/26/2019,10Y,0.275
Mo,4/29/2019,2Y,-0.529
Mo,4/29/2019,5Y,-0.231
Mo,4/29/2019,10Y,0.3
Tu,4/30/2019,2Y,-0.536
Tu,4/30/2019,5Y,-0.227
Tu,4/30/2019,10Y,0.302
We,5/1/2019,2Y,-0.536
We,5/1/2019,5Y,-0.227
We,5/1/2019,10Y,0.302
Th,5/2/2019,2Y,-0.54
Th,5/2/2019,5Y,-0.221
Th,5/2/2019,10Y,0.318
Fr,5/3/2019,2Y,-0.542
Fr,5/3/2019,5Y,-0.222
Fr,5/3/2019,10Y,0.31
Mo,5/6/2019,2Y,-0.547
Mo,5/6/2019,5Y,-0.236
Mo,5/6/2019,10Y,0.288
Tu,5/7/2019,2Y,-0.553
Tu,5/7/2019,5Y,-0.265
Tu,5/7/2019,10Y,0.253
We,5/8/2019,2Y,-0.563
We,5/8/2019,5Y,-0.267
We,5/8/2019,10Y,0.255
Th,5/9/2019,2Y,-0.571
Th,5/9/2019,5Y,-0.268
Th,5/9/2019,10Y,0.265
Fr,5/10/2019,2Y,-0.56
Fr,5/10/2019,5Y,-0.268
Fr,5/10/2019,10Y,0.268
Mo,5/13/2019,2Y,-0.569
Mo,5/13/2019,5Y,-0.276
Mo,5/13/2019,10Y,0.243
Tu,5/14/2019,2Y,-0.57
Tu,5/14/2019,5Y,-0.273
Tu,5/14/2019,10Y,0.241
We,5/15/2019,2Y,-0.584
We,5/15/2019,5Y,-0.294
We,5/15/2019,10Y,0.218
Th,5/16/2019,2Y,-0.576
Th,5/16/2019,5Y,-0.288
Th,5/16/2019,10Y,0.213
Fr,5/17/2019,2Y,-0.569
Fr,5/17/2019,5Y,-0.294
Fr,5/17/2019,10Y,0.205
Mo,5/20/2019,2Y,-0.561
Mo,5/20/2019,5Y,-0.283
Mo,5/20/2019,10Y,0.222
Tu,5/21/2019,2Y,-0.543
Tu,5/21/2019,5Y,-0.264
Tu,5/21/2019,10Y,0.248
We,5/22/2019,2Y,-0.558
We,5/22/2019,5Y,-0.281
We,5/22/2019,10Y,0.224
Th,5/23/2019,2Y,-0.567
Th,5/23/2019,5Y,-0.305
Th,5/23/2019,10Y,0.191
Fr,5/24/2019,2Y,-0.565
Fr,5/24/2019,5Y,-0.301
Fr,5/24/2019,10Y,0.192
Mo,5/27/2019,2Y,-0.582
Mo,5/27/2019,5Y,-0.321
Mo,5/27/2019,10Y,0.164
Tu,5/28/2019,2Y,-0.582
Tu,5/28/2019,5Y,-0.322
Tu,5/28/2019,10Y,0.155
We,5/29/2019,2Y,-0.585
We,5/29/2019,5Y,-0.336
We,5/29/2019,10Y,0.136
Th,5/30/2019,2Y,-0.591
Th,5/30/2019,5Y,-0.337
Th,5/30/2019,10Y,0.139
Fr,5/31/2019,2Y,-0.608
Fr,5/31/2019,5Y,-0.357
Fr,5/31/2019,10Y,0.117
Mo,6/3/2019,2Y,-0.592
Mo,6/3/2019,5Y,-0.35
Mo,6/3/2019,10Y,0.112
Tu,6/4/2019,2Y,-0.588
Tu,6/4/2019,5Y,-0.352
Tu,6/4/2019,10Y,0.107
We,6/5/2019,2Y,-0.614
We,6/5/2019,5Y,-0.387
We,6/5/2019,10Y,0.083
Th,6/6/2019,2Y,-0.595
Th,6/6/2019,5Y,-0.376
Th,6/6/2019,10Y,0.062
Fr,6/7/2019,2Y,-0.608
Fr,6/7/2019,5Y,-0.4
Fr,6/7/2019,10Y,0.028
Mo,6/10/2019,2Y,-0.606
Mo,6/10/2019,5Y,-0.385
Mo,6/10/2019,10Y,0.075
Tu,6/11/2019,2Y,-0.608
Tu,6/11/2019,5Y,-0.389
Tu,6/11/2019,10Y,0.056
We,6/12/2019,2Y,-0.61
We,6/12/2019,5Y,-0.394
We,6/12/2019,10Y,0.046
Th,6/13/2019,2Y,-0.609
Th,6/13/2019,5Y,-0.389
Th,6/13/2019,10Y,0.042
Fr,6/14/2019,2Y,-0.627
Fr,6/14/2019,5Y,-0.399
Fr,6/14/2019,10Y,0.03
Mo,6/17/2019,2Y,-0.617
Mo,6/17/2019,5Y,-0.398
Mo,6/17/2019,10Y,0.043
Tu,6/18/2019,2Y,-0.689
Tu,6/18/2019,5Y,-0.49
Tu,6/18/2019,10Y,-0.045
We,6/19/2019,2Y,-0.653
We,6/19/2019,5Y,-0.444
We,6/19/2019,10Y,-0.009
Th,6/20/2019,2Y,-0.677
Th,6/20/2019,5Y,-0.47
Th,6/20/2019,10Y,-0.038
Fr,6/21/2019,2Y,-0.663
Fr,6/21/2019,5Y,-0.437
Fr,6/21/2019,10Y,-0.004
Mo,6/24/2019,2Y,-0.669
Mo,6/24/2019,5Y,-0.456
Mo,6/24/2019,10Y,-0.028
Tu,6/25/2019,2Y,-0.671
Tu,6/25/2019,5Y,-0.47
Tu,6/25/2019,10Y,-0.05
We,6/26/2019,2Y,-0.661
We,6/26/2019,5Y,-0.446
We,6/26/2019,10Y,-0.029
Th,6/27/2019,2Y,-0.664
Th,6/27/2019,5Y,-0.468
Th,6/27/2019,10Y,-0.048
Fr,6/28/2019,2Y,-0.678
Fr,6/28/2019,5Y,-0.487
Fr,6/28/2019,10Y,-0.057
Mo,7/1/2019,2Y,-0.69
Mo,7/1/2019,5Y,-0.51
Mo,7/1/2019,10Y,-0.087
Tu,7/2/2019,2Y,-0.696
Tu,7/2/2019,5Y,-0.513
Tu,7/2/2019,10Y,-0.099
We,7/3/2019,2Y,-0.692
We,7/3/2019,5Y,-0.517
We,7/3/2019,10Y,-0.129
Th,7/4/2019,2Y,-0.697
Th,7/4/2019,5Y,-0.533
Th,7/4/2019,10Y,-0.152
Fr,7/5/2019,2Y,-0.687
Fr,7/5/2019,5Y,-0.508
Fr,7/5/2019,10Y,-0.121
Mo,7/8/2019,2Y,-0.676
Mo,7/8/2019,5Y,-0.502
Mo,7/8/2019,10Y,-0.113
Tu,7/9/2019,2Y,-0.678
Tu,7/9/2019,5Y,-0.495
Tu,7/9/2019,10Y,-0.097
We,7/10/2019,2Y,-0.675
We,7/10/2019,5Y,-0.479
We,7/10/2019,10Y,-0.056
Th,7/11/2019,2Y,-0.667
Th,7/11/2019,5Y,-0.458
Th,7/11/2019,10Y,-0.021
Fr,7/12/2019,2Y,-0.663
Fr,7/12/2019,5Y,-0.444
Fr,7/12/2019,10Y,0.004
Mo,7/15/2019,2Y,-0.672
Mo,7/15/2019,5Y,-0.469
Mo,7/15/2019,10Y,-0.04
Tu,7/16/2019,2Y,-0.673
Tu,7/16/2019,5Y,-0.467
Tu,7/16/2019,10Y,-0.04
We,7/17/2019,2Y,-0.689
We,7/17/2019,5Y,-0.506
We,7/17/2019,10Y,-0.084
Th,7/18/2019,2Y,-0.694
Th,7/18/2019,5Y,-0.517
Th,7/18/2019,10Y,-0.106
Fr,7/19/2019,2Y,-0.711
Fr,7/19/2019,5Y,-0.53
Fr,7/19/2019,10Y,-0.117
Mo,7/22/2019,2Y,-0.718
Mo,7/22/2019,5Y,-0.546
Mo,7/22/2019,10Y,-0.138
Tu,7/23/2019,2Y,-0.72
Tu,7/23/2019,5Y,-0.547
Tu,7/23/2019,10Y,-0.144
We,7/24/2019,2Y,-0.722
We,7/24/2019,5Y,-0.554
We,7/24/2019,10Y,-0.165
Th,7/25/2019,2Y,-0.708
Th,7/25/2019,5Y,-0.538
Th,7/25/2019,10Y,-0.149
Fr,7/26/2019,2Y,-0.697
Fr,7/26/2019,5Y,-0.538
Fr,7/26/2019,10Y,-0.161
Mo,7/29/2019,2Y,-0.705
Mo,7/29/2019,5Y,-0.55
Mo,7/29/2019,10Y,-0.18
Tu,7/30/2019,2Y,-0.698
Tu,7/30/2019,5Y,-0.551
Tu,7/30/2019,10Y,-0.186
We,7/31/2019,2Y,-0.714
We,7/31/2019,5Y,-0.583
We,7/31/2019,10Y,-0.224
Th,8/1/2019,2Y,-0.713
Th,8/1/2019,5Y,-0.586
Th,8/1/2019,10Y,-0.23
Fr,8/2/2019,2Y,-0.716
Fr,8/2/2019,5Y,-0.607
Fr,8/2/2019,10Y,-0.273
Mo,8/5/2019,2Y,-0.745
Mo,8/5/2019,5Y,-0.628
Mo,8/5/2019,10Y,-0.291
Tu,8/6/2019,2Y,-0.744
Tu,8/6/2019,5Y,-0.645
Tu,8/6/2019,10Y,-0.31
We,8/7/2019,2Y,-0.782
We,8/7/2019,5Y,-0.688
We,8/7/2019,10Y,-0.357
Th,8/8/2019,2Y,-0.778
Th,8/8/2019,5Y,-0.68
Th,8/8/2019,10Y,-0.331
Fr,8/9/2019,2Y,-0.781
Fr,8/9/2019,5Y,-0.68
Fr,8/9/2019,10Y,-0.326
Mo,8/12/2019,2Y,-0.791
Mo,8/12/2019,5Y,-0.687
Mo,8/12/2019,10Y,-0.341
Tu,8/13/2019,2Y,-0.789
Tu,8/13/2019,5Y,-0.692
Tu,8/13/2019,10Y,-0.354
We,8/14/2019,2Y,-0.787
We,8/14/2019,5Y,-0.708
We,8/14/2019,10Y,-0.398
Th,8/15/2019,2Y,-0.826
Th,8/15/2019,5Y,-0.757
Th,8/15/2019,10Y,-0.463
Fr,8/16/2019,2Y,-0.821
Fr,8/16/2019,5Y,-0.745
Fr,8/16/2019,10Y,-0.435
Mo,8/19/2019,2Y,-0.803
Mo,8/19/2019,5Y,-0.726
Mo,8/19/2019,10Y,-0.399
Tu,8/20/2019,2Y,-0.813
Tu,8/20/2019,5Y,-0.751
Tu,8/20/2019,10Y,-0.441
We,8/21/2019,2Y,-0.792
We,8/21/2019,5Y,-0.721
We,8/21/2019,10Y,-0.423
Th,8/22/2019,2Y,-0.772
Th,8/22/2019,5Y,-0.703
Th,8/22/2019,10Y,-0.4
Fr,8/23/2019,2Y,-0.801
Fr,8/23/2019,5Y,-0.727
Fr,8/23/2019,10Y,-0.426
Mo,8/26/2019,2Y,-0.799
Mo,8/26/2019,5Y,-0.718
Mo,8/26/2019,10Y,-0.418
Tu,8/27/2019,2Y,-0.799
Tu,8/27/2019,5Y,-0.726
Tu,8/27/2019,10Y,-0.448
We,8/28/2019,2Y,-0.795
We,8/28/2019,5Y,-0.73
We,8/28/2019,10Y,-0.464
Th,8/29/2019,2Y,-0.814
Th,8/29/2019,5Y,-0.733
Th,8/29/2019,10Y,-0.44
Fr,8/30/2019,2Y,-0.832
Fr,8/30/2019,5Y,-0.741
Fr,8/30/2019,10Y,-0.444
Mo,9/2/2019,2Y,-0.83
Mo,9/2/2019,5Y,-0.745
Mo,9/2/2019,10Y,-0.449
Tu,9/3/2019,2Y,-0.813
Tu,9/3/2019,5Y,-0.727
Tu,9/3/2019,10Y,-0.444
We,9/4/2019,2Y,-0.792
We,9/4/2019,5Y,-0.71
We,9/4/2019,10Y,-0.414
Th,9/5/2019,2Y,-0.762
Th,9/5/2019,5Y,-0.664
Th,9/5/2019,10Y,-0.333
Fr,9/6/2019,2Y,-0.768
Fr,9/6/2019,5Y,-0.674
Fr,9/6/2019,10Y,-0.38
Mo,9/9/2019,2Y,-0.75
Mo,9/9/2019,5Y,-0.648
Mo,9/9/2019,10Y,-0.316
Tu,9/10/2019,2Y,-0.733
Tu,9/10/2019,5Y,-0.622
Tu,9/10/2019,10Y,-0.281
We,9/11/2019,2Y,-0.737
We,9/11/2019,5Y,-0.636
We,9/11/2019,10Y,-0.301
Th,9/12/2019,2Y,-0.645
Th,9/12/2019,5Y,-0.544
Th,9/12/2019,10Y,-0.262
Fr,9/13/2019,2Y,-0.639
Fr,9/13/2019,5Y,-0.517
Fr,9/13/2019,10Y,-0.202
Mo,9/16/2019,2Y,-0.658
Mo,9/16/2019,5Y,-0.54
Mo,9/16/2019,10Y,-0.235
Tu,9/17/2019,2Y,-0.647
Tu,9/17/2019,5Y,-0.526
Tu,9/17/2019,10Y,-0.225
We,9/18/2019,2Y,-0.661
We,9/18/2019,5Y,-0.544
We,9/18/2019,10Y,-0.26
Th,9/19/2019,2Y,-0.653
Th,9/19/2019,5Y,-0.534
Th,9/19/2019,10Y,-0.257
Fr,9/20/2019,2Y,-0.651
Fr,9/20/2019,5Y,-0.536
Fr,9/20/2019,10Y,-0.269
Mo,9/23/2019,2Y,-0.677
Mo,9/23/2019,5Y,-0.574
Mo,9/23/2019,10Y,-0.329
Tu,9/24/2019,2Y,-0.669
Tu,9/24/2019,5Y,-0.58
Tu,9/24/2019,10Y,-0.344
We,9/25/2019,2Y,-0.672
We,9/25/2019,5Y,-0.569
We,9/25/2019,10Y,-0.315
Th,9/26/2019,2Y,-0.687
Th,9/26/2019,5Y,-0.578
Th,9/26/2019,10Y,-0.33
Fr,9/27/2019,2Y,-0.71
Fr,9/27/2019,5Y,-0.592
Fr,9/27/2019,10Y,-0.32
Mo,9/30/2019,2Y,-0.706
Mo,9/30/2019,5Y,-0.595
Mo,9/30/2019,10Y,-0.325
Tu,10/1/2019,2Y,-0.707
Tu,10/1/2019,5Y,-0.599
Tu,10/1/2019,10Y,-0.317
We,10/2/2019,2Y,-0.7
We,10/2/2019,5Y,-0.588
We,10/2/2019,10Y,-0.3
Th,10/3/2019,2Y,-0.717
Th,10/3/2019,5Y,-0.62
Th,10/3/2019,10Y,-0.339
Fr,10/4/2019,2Y,-0.718
Fr,10/4/2019,5Y,-0.615
Fr,10/4/2019,10Y,-0.337
Mo,10/7/2019,2Y,-0.709
Mo,10/7/2019,5Y,-0.608
Mo,10/7/2019,10Y,-0.323
Tu,10/8/2019,2Y,-0.721
Tu,10/8/2019,5Y,-0.622
Tu,10/8/2019,10Y,-0.34
We,10/9/2019,2Y,-0.693
We,10/9/2019,5Y,-0.584
We,10/9/2019,10Y,-0.297
Th,10/10/2019,2Y,-0.649
Th,10/10/2019,5Y,-0.507
Th,10/10/2019,10Y,-0.222
Fr,10/11/2019,2Y,-0.659
Fr,10/11/2019,5Y,-0.511
Fr,10/11/2019,10Y,-0.2
Mo,10/14/2019,2Y,-0.64
Mo,10/14/2019,5Y,-0.505
Mo,10/14/2019,10Y,-0.216
Tu,10/15/2019,2Y,-0.627
Tu,10/15/2019,5Y,-0.49
Tu,10/15/2019,10Y,-0.186
We,10/16/2019,2Y,-0.616
We,10/16/2019,5Y,-0.471
We,10/16/2019,10Y,-0.168
Th,10/17/2019,2Y,-0.61
Th,10/17/2019,5Y,-0.471
Th,10/17/2019,10Y,-0.187
Fr,10/18/2019,2Y,-0.615
Fr,10/18/2019,5Y,-0.449
Fr,10/18/2019,10Y,-0.155
Mo,10/21/2019,2Y,-0.612
Mo,10/21/2019,5Y,-0.442
Mo,10/21/2019,10Y,-0.12
Tu,10/22/2019,2Y,-0.613
Tu,10/22/2019,5Y,-0.444
Tu,10/22/2019,10Y,-0.14
We,10/23/2019,2Y,-0.608
We,10/23/2019,5Y,-0.455
We,10/23/2019,10Y,-0.164
Th,10/24/2019,2Y,-0.619
Th,10/24/2019,5Y,-0.472
Th,10/24/2019,10Y,-0.174
Fr,10/25/2019,2Y,-0.605
Fr,10/25/2019,5Y,-0.444
Fr,10/25/2019,10Y,-0.132
Mo,10/28/2019,2Y,-0.6
Mo,10/28/2019,5Y,-0.425
Mo,10/28/2019,10Y,-0.104
Tu,10/29/2019,2Y,-0.586
Tu,10/29/2019,5Y,-0.428
Tu,10/29/2019,10Y,-0.121
We,10/30/2019,2Y,-0.587
We,10/30/2019,5Y,-0.434
We,10/30/2019,10Y,-0.124
Th,10/31/2019,2Y,-0.613
Th,10/31/2019,5Y,-0.48
Th,10/31/2019,10Y,-0.174
Fr,11/1/2019,2Y,-0.608
Fr,11/1/2019,5Y,-0.472
Fr,11/1/2019,10Y,-0.149
Mo,11/4/2019,2Y,-0.598
Mo,11/4/2019,5Y,-0.453
Mo,11/4/2019,10Y,-0.12
Tu,11/5/2019,2Y,-0.591
Tu,11/5/2019,5Y,-0.432
Tu,11/5/2019,10Y,-0.083
We,11/6/2019,2Y,-0.591
We,11/6/2019,5Y,-0.446
We,11/6/2019,10Y,-0.116
Th,11/7/2019,2Y,-0.56
Th,11/7/2019,5Y,-0.364
Th,11/7/2019,10Y,-0.017
Fr,11/8/2019,2Y,-0.567
Fr,11/8/2019,5Y,-0.387
Fr,11/8/2019,10Y,-0.047
Mo,11/11/2019,2Y,-0.564
Mo,11/11/2019,5Y,-0.374
Mo,11/11/2019,10Y,-0.024
Tu,11/12/2019,2Y,-0.575
Tu,11/12/2019,5Y,-0.387
Tu,11/12/2019,10Y,-0.038
We,11/13/2019,2Y,-0.585
We,11/13/2019,5Y,-0.406
We,11/13/2019,10Y,-0.072
Th,11/14/2019,2Y,-0.601
Th,11/14/2019,5Y,-0.445
Th,11/14/2019,10Y,-0.12
Fr,11/15/2019,2Y,-0.595
Fr,11/15/2019,5Y,-0.426
Fr,11/15/2019,10Y,-0.102
Mo,11/18/2019,2Y,-0.59
Mo,11/18/2019,5Y,-0.42
Mo,11/18/2019,10Y,-0.105
Tu,11/19/2019,2Y,-0.597
Tu,11/19/2019,5Y,-0.417
Tu,11/19/2019,10Y,-0.106
We,11/20/2019,2Y,-0.603
We,11/20/2019,5Y,-0.428
We,11/20/2019,10Y,-0.111
Th,11/21/2019,2Y,-0.584
Th,11/21/2019,5Y,-0.413
Th,11/21/2019,10Y,-0.092
Fr,11/22/2019,2Y,-0.598
Fr,11/22/2019,5Y,-0.438
Fr,11/22/2019,10Y,-0.125
Mo,11/25/2019,2Y,-0.589
Mo,11/25/2019,5Y,-0.423
Mo,11/25/2019,10Y,-0.115
Tu,11/26/2019,2Y,-0.59
Tu,11/26/2019,5Y,-0.445
Tu,11/26/2019,10Y,-0.138
We,11/27/2019,2Y,-0.593
We,11/27/2019,5Y,-0.446
We,11/27/2019,10Y,-0.145
Th,11/28/2019,2Y,-0.587
Th,11/28/2019,5Y,-0.439
Th,11/28/2019,10Y,-0.135
Fr,11/29/2019,2Y,-0.591
Fr,11/29/2019,5Y,-0.442
Fr,11/29/2019,10Y,-0.134
Mo,12/2/2019,2Y,-0.574
Mo,12/2/2019,5Y,-0.393
Mo,12/2/2019,10Y,-0.061
Tu,12/3/2019,2Y,-0.602
Tu,12/3/2019,5Y,-0.449
Tu,12/3/2019,10Y,-0.131
We,12/4/2019,2Y,-0.592
We,12/4/2019,5Y,-0.441
We,12/4/2019,10Y,-0.098
Th,12/5/2019,2Y,-0.586
Th,12/5/2019,5Y,-0.427
Th,12/5/2019,10Y,-0.077
Fr,12/6/2019,2Y,-0.587
Fr,12/6/2019,5Y,-0.418
Fr,12/6/2019,10Y,-0.065
Mo,12/9/2019,2Y,-0.598
Mo,12/9/2019,5Y,-0.443
Mo,12/9/2019,10Y,-0.086
Tu,12/10/2019,2Y,-0.609
Tu,12/10/2019,5Y,-0.437
Tu,12/10/2019,10Y,-0.075
We,12/11/2019,2Y,-0.614
We,12/11/2019,5Y,-0.454
We,12/11/2019,10Y,-0.1
Th,12/12/2019,2Y,-0.6
Th,12/12/2019,5Y,-0.412
Th,12/12/2019,10Y,-0.049
Fr,12/13/2019,2Y,-0.598
Fr,12/13/2019,5Y,-0.418
Fr,12/13/2019,10Y,-0.076
Mo,12/16/2019,2Y,-0.602
Mo,12/16/2019,5Y,-0.42
Mo,12/16/2019,10Y,-0.063
Tu,12/17/2019,2Y,-0.616
Tu,12/17/2019,5Y,-0.432
Tu,12/17/2019,10Y,-0.079
We,12/18/2019,2Y,-0.616
We,12/18/2019,5Y,-0.406
We,12/18/2019,10Y,-0.036
Th,12/19/2019,2Y,-0.605
Th,12/19/2019,5Y,-0.396
Th,12/19/2019,10Y,-0.022
Fr,12/20/2019,2Y,-0.618
Fr,12/20/2019,5Y,-0.409
Fr,12/20/2019,10Y,-0.038
Mo,12/23/2019,2Y,-0.617
Mo,12/23/2019,5Y,-0.4
Mo,12/23/2019,10Y,-0.032
Tu,12/24/2019,2Y,-0.636
Tu,12/24/2019,5Y,-0.404
Tu,12/24/2019,10Y,-0.033
We,12/25/2019,2Y,-0.636
We,12/25/2019,5Y,-0.404
We,12/25/2019,10Y,-0.033
Th,12/26/2019,2Y,-0.636
Th,12/26/2019,5Y,-0.404
Th,12/26/2019,10Y,-0.033
Fr,12/27/2019,2Y,-0.614
Fr,12/27/2019,5Y,-0.407
Fr,12/27/2019,10Y,-0.05
Mo,12/30/2019,2Y,-0.585
Mo,12/30/2019,5Y,-0.353
Mo,12/30/2019,10Y,0.016
Tu,12/31/2019,2Y,-0.585
Tu,12/31/2019,5Y,-0.353
Tu,12/31/2019,10Y,0.016
We,1/1/2020,2Y,-0.591
We,1/1/2020,5Y,-0.354
We,1/1/2020,10Y,0.016
Th,1/2/2020,2Y,-0.593
Th,1/2/2020,5Y,-0.391
Th,1/2/2020,10Y,-0.023
Fr,1/3/2020,2Y,-0.609
Fr,1/3/2020,5Y,-0.435
Fr,1/3/2020,10Y,-0.079
Mo,1/6/2020,2Y,-0.608
Mo,1/6/2020,5Y,-0.434
Mo,1/6/2020,10Y,-0.081
Tu,1/7/2020,2Y,-0.602
Tu,1/7/2020,5Y,-0.433
Tu,1/7/2020,10Y,-0.076
We,1/8/2020,2Y,-0.598
We,1/8/2020,5Y,-0.401
We,1/8/2020,10Y,-0.035
Th,1/9/2020,2Y,-0.585
Th,1/9/2020,5Y,-0.374
Th,1/9/2020,10Y,-0.013
Fr,1/10/2020,2Y,-0.59
Fr,1/10/2020,5Y,-0.393
Fr,1/10/2020,10Y,-0.04
Mo,1/13/2020,2Y,-0.577
Mo,1/13/2020,5Y,-0.366
Mo,1/13/2020,10Y,0.004
Tu,1/14/2020,2Y,-0.571
Tu,1/14/2020,5Y,-0.368
Tu,1/14/2020,10Y,-0.007
We,1/15/2020,2Y,-0.581
We,1/15/2020,5Y,-0.388
We,1/15/2020,10Y,-0.034
Th,1/16/2020,2Y,-0.576
Th,1/16/2020,5Y,-0.402
Th,1/16/2020,10Y,-0.049
Fr,1/17/2020,2Y,-0.581
Fr,1/17/2020,5Y,-0.397
Fr,1/17/2020,10Y,-0.044
Mo,1/20/2020,2Y,-0.576
Mo,1/20/2020,5Y,-0.4
Mo,1/20/2020,10Y,-0.047
Tu,1/21/2020,2Y,-0.573
Tu,1/21/2020,5Y,-0.414
Tu,1/21/2020,10Y,-0.075
We,1/22/2020,2Y,-0.58
We,1/22/2020,5Y,-0.423
We,1/22/2020,10Y,-0.089
Th,1/23/2020,2Y,-0.592
Th,1/23/2020,5Y,-0.455
Th,1/23/2020,10Y,-0.138
Fr,1/24/2020,2Y,-0.603
Fr,1/24/2020,5Y,-0.473
Fr,1/24/2020,10Y,-0.164
Mo,1/27/2020,2Y,-0.611
Mo,1/27/2020,5Y,-0.506
Mo,1/27/2020,10Y,-0.208
Tu,1/28/2020,2Y,-0.612
Tu,1/28/2020,5Y,-0.477
Tu,1/28/2020,10Y,-0.171
We,1/29/2020,2Y,-0.622
We,1/29/2020,5Y,-0.503
We,1/29/2020,10Y,-0.21
Th,1/30/2020,2Y,-0.641
Th,1/30/2020,5Y,-0.527
Th,1/30/2020,10Y,-0.237
Fr,1/31/2020,2Y,-0.645
Fr,1/31/2020,5Y,-0.553
Fr,1/31/2020,10Y,-0.265
Mo,2/3/2020,2Y,-0.644
Mo,2/3/2020,5Y,-0.556
Mo,2/3/2020,10Y,-0.271
Tu,2/4/2020,2Y,-0.623
Tu,2/4/2020,5Y,-0.523
Tu,2/4/2020,10Y,-0.227
We,2/5/2020,2Y,-0.619
We,2/5/2020,5Y,-0.497
We,2/5/2020,10Y,-0.19
Th,2/6/2020,2Y,-0.607
Th,2/6/2020,5Y,-0.5
Th,2/6/2020,10Y,-0.202
Fr,2/7/2020,2Y,-0.616
Fr,2/7/2020,5Y,-0.511
Fr,2/7/2020,10Y,-0.222
Mo,2/10/2020,2Y,-0.615
Mo,2/10/2020,5Y,-0.523
Mo,2/10/2020,10Y,-0.247
Tu,2/11/2020,2Y,-0.618
Tu,2/11/2020,5Y,-0.515
Tu,2/11/2020,10Y,-0.23
We,2/12/2020,2Y,-0.616
We,2/12/2020,5Y,-0.514
We,2/12/2020,10Y,-0.223
Th,2/13/2020,2Y,-0.626
Th,2/13/2020,5Y,-0.519
Th,2/13/2020,10Y,-0.231
Fr,2/14/2020,2Y,-0.63
Fr,2/14/2020,5Y,-0.535
Fr,2/14/2020,10Y,-0.249
Mo,2/17/2020,2Y,-0.632
Mo,2/17/2020,5Y,-0.534
Mo,2/17/2020,10Y,-0.25
Tu,2/18/2020,2Y,-0.627
Tu,2/18/2020,5Y,-0.531
Tu,2/18/2020,10Y,-0.255
We,2/19/2020,2Y,-0.627
We,2/19/2020,5Y,-0.542
We,2/19/2020,10Y,-0.265
Th,2/20/2020,2Y,-0.627
Th,2/20/2020,5Y,-0.546
Th,2/20/2020,10Y,-0.288
Fr,2/21/2020,2Y,-0.627
Fr,2/21/2020,5Y,-0.532
Fr,2/21/2020,10Y,-0.275
Mo,2/24/2020,2Y,-0.658
Mo,2/24/2020,5Y,-0.57
Mo,2/24/2020,10Y,-0.311
Tu,2/25/2020,2Y,-0.673
Tu,2/25/2020,5Y,-0.59
Tu,2/25/2020,10Y,-0.335
We,2/26/2020,2Y,-0.676
We,2/26/2020,5Y,-0.591
We,2/26/2020,10Y,-0.322
Th,2/27/2020,2Y,-0.698
Th,2/27/2020,5Y,-0.605
Th,2/27/2020,10Y,-0.337
Fr,2/28/2020,2Y,-0.724
Fr,2/28/2020,5Y,-0.64
Fr,2/28/2020,10Y,-0.388
Mo,3/2/2020,2Y,-0.737
Mo,3/2/2020,5Y,-0.663
Mo,3/2/2020,10Y,-0.382
Tu,3/3/2020,2Y,-0.726
Tu,3/3/2020,5Y,-0.679
Tu,3/3/2020,10Y,-0.404
We,3/4/2020,2Y,-0.756
We,3/4/2020,5Y,-0.698
We,3/4/2020,10Y,-0.424
Th,3/5/2020,2Y,-0.773
Th,3/5/2020,5Y,-0.72
Th,3/5/2020,10Y,-0.451
Fr,3/6/2020,2Y,-0.77
Fr,3/6/2020,5Y,-0.703
Fr,3/6/2020,10Y,-0.434
Mo,3/9/2020,2Y,-0.865
Mo,3/9/2020,5Y,-0.758
Mo,3/9/2020,10Y,-0.469
Tu,3/10/2020,2Y,-0.804
Tu,3/10/2020,5Y,-0.687
Tu,3/10/2020,10Y,-0.391
We,3/11/2020,2Y,-0.8
We,3/11/2020,5Y,-0.672
We,3/11/2020,10Y,-0.371
Th,3/12/2020,2Y,-0.783
Th,3/12/2020,5Y,-0.606
Th,3/12/2020,10Y,-0.299
Fr,3/13/2020,2Y,-0.738
Fr,3/13/2020,5Y,-0.458
Fr,3/13/2020,10Y,-0.088
Mo,3/16/2020,2Y,-0.639
Mo,3/16/2020,5Y,-0.242
Mo,3/16/2020,10Y,0.117
Tu,3/17/2020,2Y,-0.581
Tu,3/17/2020,5Y,-0.163
Tu,3/17/2020,10Y,0.147
We,3/18/2020,2Y,-0.485
We,3/18/2020,5Y,-0.015
We,3/18/2020,10Y,0.283
Th,3/19/2020,2Y,-0.435
Th,3/19/2020,5Y,0.011
Th,3/19/2020,10Y,0.21
Fr,3/20/2020,2Y,-0.463
Fr,3/20/2020,5Y,-0.116
Fr,3/20/2020,10Y,0.106
Mo,3/23/2020,2Y,-0.442
Mo,3/23/2020,5Y,-0.067
Mo,3/23/2020,10Y,0.086
Tu,3/24/2020,2Y,-0.411
Tu,3/24/2020,5Y,-0.06
Tu,3/24/2020,10Y,0.14
We,3/25/2020,2Y,-0.338
We,3/25/2020,5Y,-0.014
We,3/25/2020,10Y,0.224
Th,3/26/2020,2Y,-0.421
Th,3/26/2020,5Y,-0.212
Th,3/26/2020,10Y,0.067
Fr,3/27/2020,2Y,-0.602
Fr,3/27/2020,5Y,-0.358
Fr,3/27/2020,10Y,-0.062
Mo,3/30/2020,2Y,-0.611
Mo,3/30/2020,5Y,-0.342
Mo,3/30/2020,10Y,-0.04
Tu,3/31/2020,2Y,-0.59
Tu,3/31/2020,5Y,-0.311
Tu,3/31/2020,10Y,-0.008
We,4/1/2020,2Y,-0.544
We,4/1/2020,5Y,-0.258
We,4/1/2020,10Y,0.022
Th,4/2/2020,2Y,-0.515
Th,4/2/2020,5Y,-0.236
Th,4/2/2020,10Y,0.047
Fr,4/3/2020,2Y,-0.504
Fr,4/3/2020,5Y,-0.221
Fr,4/3/2020,10Y,0.047
Mo,4/6/2020,2Y,-0.5
Mo,4/6/2020,5Y,-0.234
Mo,4/6/2020,10Y,0.053
Tu,4/7/2020,2Y,-0.435
Tu,4/7/2020,5Y,-0.142
Tu,4/7/2020,10Y,0.141
We,4/8/2020,2Y,-0.444
We,4/8/2020,5Y,-0.157
We,4/8/2020,10Y,0.15
Th,4/9/2020,2Y,-0.484
Th,4/9/2020,5Y,-0.217
Th,4/9/2020,10Y,0.087
Fr,4/10/2020,2Y,-0.484
Fr,4/10/2020,5Y,-0.217
Fr,4/10/2020,10Y,0.087
Mo,4/13/2020,2Y,-0.484
Mo,4/13/2020,5Y,-0.217
Mo,4/13/2020,10Y,0.087
Tu,4/14/2020,2Y,-0.486
Tu,4/14/2020,5Y,-0.236
Tu,4/14/2020,10Y,0.06
We,4/15/2020,2Y,-0.499
We,4/15/2020,5Y,-0.289
We,4/15/2020,10Y,-0.006
Th,4/16/2020,2Y,-0.49
Th,4/16/2020,5Y,-0.29
Th,4/16/2020,10Y,-0.009
Fr,4/17/2020,2Y,-0.501
Fr,4/17/2020,5Y,-0.298
Fr,4/17/2020,10Y,-0.019
Mo,4/20/2020,2Y,-0.461
Mo,4/20/2020,5Y,-0.251
Mo,4/20/2020,10Y,0.039
Tu,4/21/2020,2Y,-0.461
Tu,4/21/2020,5Y,-0.258
Tu,4/21/2020,10Y,0.01
We,4/22/2020,2Y,-0.448
We,4/22/2020,5Y,-0.215
We,4/22/2020,10Y,0.091
Th,4/23/2020,2Y,-0.482
Th,4/23/2020,5Y,-0.253
Th,4/23/2020,10Y,0.041
Fr,4/24/2020,2Y,-0.535
Fr,4/24/2020,5Y,-0.321
Fr,4/24/2020,10Y,-0.023
Mo,4/27/2020,2Y,-0.522
Mo,4/27/2020,5Y,-0.309
Mo,4/27/2020,10Y,-0.032
Tu,4/28/2020,2Y,-0.547
Tu,4/28/2020,5Y,-0.328
Tu,4/28/2020,10Y,-0.047
We,4/29/2020,2Y,-0.579
We,4/29/2020,5Y,-0.363
We,4/29/2020,10Y,-0.088
Th,4/30/2020,2Y,-0.645
Th,4/30/2020,5Y,-0.456
Th,4/30/2020,10Y,-0.174
Fr,5/1/2020,2Y,-0.645
Fr,5/1/2020,5Y,-0.456
Fr,5/1/2020,10Y,-0.174
Mo,5/4/2020,2Y,-0.63
Mo,5/4/2020,5Y,-0.43
Mo,5/4/2020,10Y,-0.136
Tu,5/5/2020,2Y,-0.66
Tu,5/5/2020,5Y,-0.443
Tu,5/5/2020,10Y,-0.137
We,5/6/2020,2Y,-0.609
We,5/6/2020,5Y,-0.382
We,5/6/2020,10Y,-0.075
Th,5/7/2020,2Y,-0.636
Th,5/7/2020,5Y,-0.416
Th,5/7/2020,10Y,-0.109
Fr,5/8/2020,2Y,-0.656
Fr,5/8/2020,5Y,-0.431
Fr,5/8/2020,10Y,-0.108
Mo,5/11/2020,2Y,-0.631
Mo,5/11/2020,5Y,-0.404
Mo,5/11/2020,10Y,-0.079
Tu,5/12/2020,2Y,-0.608
Tu,5/12/2020,5Y,-0.408
Tu,5/12/2020,10Y,-0.095
We,5/13/2020,2Y,-0.623
We,5/13/2020,5Y,-0.431
We,5/13/2020,10Y,-0.129
Th,5/14/2020,2Y,-0.615
Th,5/14/2020,5Y,-0.426
Th,5/14/2020,10Y,-0.134
Fr,5/15/2020,2Y,-0.605
Fr,5/15/2020,5Y,-0.41
Fr,5/15/2020,10Y,-0.112
Mo,5/18/2020,2Y,-0.583
Mo,5/18/2020,5Y,-0.376
Mo,5/18/2020,10Y,-0.065
Tu,5/19/2020,2Y,-0.574
Tu,5/19/2020,5Y,-0.375
Tu,5/19/2020,10Y,-0.087
We,5/20/2020,2Y,-0.584
We,5/20/2020,5Y,-0.392
We,5/20/2020,10Y,-0.105
Th,5/21/2020,2Y,-0.601
Th,5/21/2020,5Y,-0.413
Th,5/21/2020,10Y,-0.128
Fr,5/22/2020,2Y,-0.582
Fr,5/22/2020,5Y,-0.397
Fr,5/22/2020,10Y,-0.112
Mo,5/25/2020,2Y,-0.578
Mo,5/25/2020,5Y,-0.406
Mo,5/25/2020,10Y,-0.123
Tu,5/26/2020,2Y,-0.548
Tu,5/26/2020,5Y,-0.354
Tu,5/26/2020,10Y,-0.064
We,5/27/2020,2Y,-0.559
We,5/27/2020,5Y,-0.359
We,5/27/2020,10Y,-0.067
Th,5/28/2020,2Y,-0.57
Th,5/28/2020,5Y,-0.388
Th,5/28/2020,10Y,-0.111
Fr,5/29/2020,2Y,-0.574
Fr,5/29/2020,5Y,-0.421
Fr,5/29/2020,10Y,-0.133
Mo,6/1/2020,2Y,-0.574
Mo,6/1/2020,5Y,-0.394
Mo,6/1/2020,10Y,-0.095
Tu,6/2/2020,2Y,-0.57
Tu,6/2/2020,5Y,-0.408
Tu,6/2/2020,10Y,-0.116
We,6/3/2020,2Y,-0.542
We,6/3/2020,5Y,-0.364
We,6/3/2020,10Y,-0.056
Th,6/4/2020,2Y,-0.545
Th,6/4/2020,5Y,-0.385
Th,6/4/2020,10Y,-0.066
Fr,6/5/2020,2Y,-0.535
Fr,6/5/2020,5Y,-0.361
Fr,6/5/2020,10Y,-0.024
Mo,6/8/2020,2Y,-0.559
Mo,6/8/2020,5Y,-0.4
Mo,6/8/2020,10Y,-0.068
Tu,6/9/2020,2Y,-0.523
Tu,6/9/2020,5Y,-0.377
Tu,6/9/2020,10Y,-0.051
We,6/10/2020,2Y,-0.525
We,6/10/2020,5Y,-0.378
We,6/10/2020,10Y,-0.054
Th,6/11/2020,2Y,-0.57
Th,6/11/2020,5Y,-0.443
Th,6/11/2020,10Y,-0.127
Fr,6/12/2020,2Y,-0.591
Fr,6/12/2020,5Y,-0.477
Fr,6/12/2020,10Y,-0.155
Mo,6/15/2020,2Y,-0.569
Mo,6/15/2020,5Y,-0.467
Mo,6/15/2020,10Y,-0.165
Tu,6/16/2020,2Y,-0.574
Tu,6/16/2020,5Y,-0.468
Tu,6/16/2020,10Y,-0.157
We,6/17/2020,2Y,-0.576
We,6/17/2020,5Y,-0.47
We,6/17/2020,10Y,-0.151
Th,6/18/2020,2Y,-0.586
Th,6/18/2020,5Y,-0.479
Th,6/18/2020,10Y,-0.166
Fr,6/19/2020,2Y,-0.596
Fr,6/19/2020,5Y,-0.491
Fr,6/19/2020,10Y,-0.185
Mo,6/22/2020,2Y,-0.606
Mo,6/22/2020,5Y,-0.517
Mo,6/22/2020,10Y,-0.208
Tu,6/23/2020,2Y,-0.588
Tu,6/23/2020,5Y,-0.492
Tu,6/23/2020,10Y,-0.178
We,6/24/2020,2Y,-0.601
We,6/24/2020,5Y,-0.505
We,6/24/2020,10Y,-0.208
Th,6/25/2020,2Y,-0.612
Th,6/25/2020,5Y,-0.524
Th,6/25/2020,10Y,-0.233
Fr,6/26/2020,2Y,-0.623
Fr,6/26/2020,5Y,-0.531
Fr,6/26/2020,10Y,-0.238
Mo,6/29/2020,2Y,-0.622
Mo,6/29/2020,5Y,-0.525
Mo,6/29/2020,10Y,-0.231
Tu,6/30/2020,2Y,-0.613
Tu,6/30/2020,5Y,-0.515
Tu,6/30/2020,10Y,-0.221
We,7/1/2020,2Y,-0.581
We,7/1/2020,5Y,-0.461
We,7/1/2020,10Y,-0.168
Th,7/2/2020,2Y,-0.609
Th,7/2/2020,5Y,-0.502
Th,7/2/2020,10Y,-0.213
Fr,7/3/2020,2Y,-0.621
Fr,7/3/2020,5Y,-0.51
Fr,7/3/2020,10Y,-0.221
Mo,7/6/2020,2Y,-0.622
Mo,7/6/2020,5Y,-0.512
Mo,7/6/2020,10Y,-0.227
Tu,7/7/2020,2Y,-0.617
Tu,7/7/2020,5Y,-0.506
Tu,7/7/2020,10Y,-0.227
We,7/8/2020,2Y,-0.612
We,7/8/2020,5Y,-0.507
We,7/8/2020,10Y,-0.233
Th,7/9/2020,2Y,-0.624
Th,7/9/2020,5Y,-0.525
Th,7/9/2020,10Y,-0.255
Fr,7/10/2020,2Y,-0.628
Fr,7/10/2020,5Y,-0.537
Fr,7/10/2020,10Y,-0.26
Mo,7/13/2020,2Y,-0.604
Mo,7/13/2020,5Y,-0.493
Mo,7/13/2020,10Y,-0.215
Tu,7/14/2020,2Y,-0.611
Tu,7/14/2020,5Y,-0.521
Tu,7/14/2020,10Y,-0.245
We,7/15/2020,2Y,-0.616
We,7/15/2020,5Y,-0.522
We,7/15/2020,10Y,-0.245
Th,7/16/2020,2Y,-0.624
Th,7/16/2020,5Y,-0.541
Th,7/16/2020,10Y,-0.265
Fr,7/17/2020,2Y,-0.627
Fr,7/17/2020,5Y,-0.53
Fr,7/17/2020,10Y,-0.248
Mo,7/20/2020,2Y,-0.637
Mo,7/20/2020,5Y,-0.55
Mo,7/20/2020,10Y,-0.273
Tu,7/21/2020,2Y,-0.626
Tu,7/21/2020,5Y,-0.548
Tu,7/21/2020,10Y,-0.268
We,7/22/2020,2Y,-0.651
We,7/22/2020,5Y,-0.575
We,7/22/2020,10Y,-0.297
Th,7/23/2020,2Y,-0.63
Th,7/23/2020,5Y,-0.569
Th,7/23/2020,10Y,-0.29
Fr,7/24/2020,2Y,-0.606
Fr,7/24/2020,5Y,-0.537
Fr,7/24/2020,10Y,-0.256
Mo,7/27/2020,2Y,-0.637
Mo,7/27/2020,5Y,-0.577
Mo,7/27/2020,10Y,-0.301
Tu,7/28/2020,2Y,-0.645
Tu,7/28/2020,5Y,-0.59
Tu,7/28/2020,10Y,-0.31
We,7/29/2020,2Y,-0.638
We,7/29/2020,5Y,-0.578
We,7/29/2020,10Y,-0.296
Th,7/30/2020,2Y,-0.666
Th,7/30/2020,5Y,-0.608
Th,7/30/2020,10Y,-0.333
Fr,7/31/2020,2Y,-0.652
Fr,7/31/2020,5Y,-0.591
Fr,7/31/2020,10Y,-0.312
Mo,8/3/2020,2Y,-0.647
Mo,8/3/2020,5Y,-0.589
Mo,8/3/2020,10Y,-0.31
Tu,8/4/2020,2Y,-0.643
Tu,8/4/2020,5Y,-0.615
Tu,8/4/2020,10Y,-0.343
We,8/5/2020,2Y,-0.641
We,8/5/2020,5Y,-0.58
We,8/5/2020,10Y,-0.301
Th,8/6/2020,2Y,-0.646
Th,8/6/2020,5Y,-0.604
Th,8/6/2020,10Y,-0.329
Fr,8/7/2020,2Y,-0.641
Fr,8/7/2020,5Y,-0.594
Fr,8/7/2020,10Y,-0.321
Mo,8/10/2020,2Y,-0.654
Mo,8/10/2020,5Y,-0.612
Mo,8/10/2020,10Y,-0.345
Tu,8/11/2020,2Y,-0.643
Tu,8/11/2020,5Y,-0.582
Tu,8/11/2020,10Y,-0.305
We,8/12/2020,2Y,-0.639
We,8/12/2020,5Y,-0.577
We,8/12/2020,10Y,-0.287
Th,8/13/2020,2Y,-0.611
Th,8/13/2020,5Y,-0.543
Th,8/13/2020,10Y,-0.245
Fr,8/14/2020,2Y,-0.618
Fr,8/14/2020,5Y,-0.549
Fr,8/14/2020,10Y,-0.249
Mo,8/17/2020,2Y,-0.628
Mo,8/17/2020,5Y,-0.574
Mo,8/17/2020,10Y,-0.28
Tu,8/18/2020,2Y,-0.634
Tu,8/18/2020,5Y,-0.584
Tu,8/18/2020,10Y,-0.289
We,8/19/2020,2Y,-0.642
We,8/19/2020,5Y,-0.597
We,8/19/2020,10Y,-0.3
Th,8/20/2020,2Y,-0.651
Th,8/20/2020,5Y,-0.609
Th,8/20/2020,10Y,-0.319
Fr,8/21/2020,2Y,-0.653
Fr,8/21/2020,5Y,-0.615
Fr,8/21/2020,10Y,-0.328
Mo,8/24/2020,2Y,-0.65
Mo,8/24/2020,5Y,-0.601
Mo,8/24/2020,10Y,-0.313
Tu,8/25/2020,2Y,-0.623
Tu,8/25/2020,5Y,-0.562
Tu,8/25/2020,10Y,-0.259
We,8/26/2020,2Y,-0.616
We,8/26/2020,5Y,-0.554
We,8/26/2020,10Y,-0.247
Th,8/27/2020,2Y,-0.621
Th,8/27/2020,5Y,-0.554
Th,8/27/2020,10Y,-0.237
Fr,8/28/2020,2Y,-0.638
Fr,8/28/2020,5Y,-0.567
Fr,8/28/2020,10Y,-0.246
Mo,8/31/2020,2Y,-0.623
Mo,8/31/2020,5Y,-0.543
Mo,8/31/2020,10Y,-0.232
Tu,9/1/2020,2Y,-0.646
Tu,9/1/2020,5Y,-0.572
Tu,9/1/2020,10Y,-0.257
We,9/2/2020,2Y,-0.681
We,9/2/2020,5Y,-0.622
We,9/2/2020,10Y,-0.314
Th,9/3/2020,2Y,-0.687
Th,9/3/2020,5Y,-0.632
Th,9/3/2020,10Y,-0.328
Fr,9/4/2020,2Y,-0.684
Fr,9/4/2020,5Y,-0.614
Fr,9/4/2020,10Y,-0.306
Mo,9/7/2020,2Y,-0.679
Mo,9/7/2020,5Y,-0.613
Mo,9/7/2020,10Y,-0.302
Tu,9/8/2020,2Y,-0.676
Tu,9/8/2020,5Y,-0.627
Tu,9/8/2020,10Y,-0.327
We,9/9/2020,2Y,-0.663
We,9/9/2020,5Y,-0.601
We,9/9/2020,10Y,-0.297
Th,9/10/2020,2Y,-0.643
Th,9/10/2020,5Y,-0.573
Th,9/10/2020,10Y,-0.272
Fr,9/11/2020,2Y,-0.667
Fr,9/11/2020,5Y,-0.617
Fr,9/11/2020,10Y,-0.319
Mo,9/14/2020,2Y,-0.676
Mo,9/14/2020,5Y,-0.618
Mo,9/14/2020,10Y,-0.323
Tu,9/15/2020,2Y,-0.656
Tu,9/15/2020,5Y,-0.608
Tu,9/15/2020,10Y,-0.323
We,9/16/2020,2Y,-0.658
We,9/16/2020,5Y,-0.606
We,9/16/2020,10Y,-0.327
Th,9/17/2020,2Y,-0.668
Th,9/17/2020,5Y,-0.619
Th,9/17/2020,10Y,-0.333
Fr,9/18/2020,2Y,-0.67
Fr,9/18/2020,5Y,-0.622
Fr,9/18/2020,10Y,-0.333
Mo,9/21/2020,2Y,-0.695
Mo,9/21/2020,5Y,-0.659
Mo,9/21/2020,10Y,-0.369
Tu,9/22/2020,2Y,-0.683
Tu,9/22/2020,5Y,-0.638
Tu,9/22/2020,10Y,-0.346
We,9/23/2020,2Y,-0.674
We,9/23/2020,5Y,-0.636
We,9/23/2020,10Y,-0.345
Th,9/24/2020,2Y,-0.667
Th,9/24/2020,5Y,-0.628
Th,9/24/2020,10Y,-0.343
Fr,9/25/2020,2Y,-0.677
Fr,9/25/2020,5Y,-0.646
Fr,9/25/2020,10Y,-0.368
Mo,9/28/2020,2Y,-0.67
Mo,9/28/2020,5Y,-0.644
Mo,9/28/2020,10Y,-0.365
Tu,9/29/2020,2Y,-0.674
Tu,9/29/2020,5Y,-0.653
Tu,9/29/2020,10Y,-0.374
We,9/30/2020,2Y,-0.66
We,9/30/2020,5Y,-0.635
We,9/30/2020,10Y,-0.357
Th,10/1/2020,2Y,-0.67
Th,10/1/2020,5Y,-0.646
Th,10/1/2020,10Y,-0.37
Fr,10/2/2020,2Y,-0.666
Fr,10/2/2020,5Y,-0.647
Fr,10/2/2020,10Y,-0.373
Mo,10/5/2020,2Y,-0.653
Mo,10/5/2020,5Y,-0.628
Mo,10/5/2020,10Y,-0.351
Tu,10/6/2020,2Y,-0.666
Tu,10/6/2020,5Y,-0.632
Tu,10/6/2020,10Y,-0.355
We,10/7/2020,2Y,-0.657
We,10/7/2020,5Y,-0.623
We,10/7/2020,10Y,-0.342
Th,10/8/2020,2Y,-0.675
Th,10/8/2020,5Y,-0.65
Th,10/8/2020,10Y,-0.37
Fr,10/9/2020,2Y,-0.682
Fr,10/9/2020,5Y,-0.657
Fr,10/9/2020,10Y,-0.375
Mo,10/12/2020,2Y,-0.696
Mo,10/12/2020,5Y,-0.669
Mo,10/12/2020,10Y,-0.394
Tu,10/13/2020,2Y,-0.704
Tu,10/13/2020,5Y,-0.679
Tu,10/13/2020,10Y,-0.404
We,10/14/2020,2Y,-0.715
We,10/14/2020,5Y,-0.693
We,10/14/2020,10Y,-0.427
Th,10/15/2020,2Y,-0.727
Th,10/15/2020,5Y,-0.709
Th,10/15/2020,10Y,-0.45
Fr,10/16/2020,2Y,-0.74
Fr,10/16/2020,5Y,-0.717
Fr,10/16/2020,10Y,-0.458
Mo,10/19/2020,2Y,-0.745
Mo,10/19/2020,5Y,-0.724
Mo,10/19/2020,10Y,-0.454
Tu,10/20/2020,2Y,-0.737
Tu,10/20/2020,5Y,-0.705
Tu,10/20/2020,10Y,-0.436
We,10/21/2020,2Y,-0.73
We,10/21/2020,5Y,-0.689
We,10/21/2020,10Y,-0.416
Th,10/22/2020,2Y,-0.716
Th,10/22/2020,5Y,-0.67
Th,10/22/2020,10Y,-0.398
Fr,10/23/2020,2Y,-0.714
Fr,10/23/2020,5Y,-0.67
Fr,10/23/2020,10Y,-0.407
Mo,10/26/2020,2Y,-0.715
Mo,10/26/2020,5Y,-0.673
Mo,10/26/2020,10Y,-0.409
Tu,10/27/2020,2Y,-0.74
Tu,10/27/2020,5Y,-0.7
Tu,10/27/2020,10Y,-0.439
We,10/28/2020,2Y,-0.749
We,10/28/2020,5Y,-0.712
We,10/28/2020,10Y,-0.44
Th,10/29/2020,2Y,-0.779
Th,10/29/2020,5Y,-0.732
Th,10/29/2020,10Y,-0.456
Fr,10/30/2020,2Y,-0.765
Fr,10/30/2020,5Y,-0.719
Fr,10/30/2020,10Y,-0.445
Mo,11/2/2020,2Y,-0.782
Mo,11/2/2020,5Y,-0.727
Mo,11/2/2020,10Y,-0.455
Tu,11/3/2020,2Y,-0.774
Tu,11/3/2020,5Y,-0.714
Tu,11/3/2020,10Y,-0.437
We,11/4/2020,2Y,-0.78
We,11/4/2020,5Y,-0.725
We,11/4/2020,10Y,-0.457
Th,11/5/2020,2Y,-0.773
Th,11/5/2020,5Y,-0.723
Th,11/5/2020,10Y,-0.462
Fr,11/6/2020,2Y,-0.774
Fr,11/6/2020,5Y,-0.718
Fr,11/6/2020,10Y,-0.452
Mo,11/9/2020,2Y,-0.728
Mo,11/9/2020,5Y,-0.657
Mo,11/9/2020,10Y,-0.365
Tu,11/10/2020,2Y,-0.715
Tu,11/10/2020,5Y,-0.633
Tu,11/10/2020,10Y,-0.342
We,11/11/2020,2Y,-0.708
We,11/11/2020,5Y,-0.645
We,11/11/2020,10Y,-0.37
Th,11/12/2020,2Y,-0.716
Th,11/12/2020,5Y,-0.662
Th,11/12/2020,10Y,-0.397
Fr,11/13/2020,2Y,-0.728
Fr,11/13/2020,5Y,-0.67
Fr,11/13/2020,10Y,-0.409
Mo,11/16/2020,2Y,-0.718
Mo,11/16/2020,5Y,-0.667
Mo,11/16/2020,10Y,-0.402
Tu,11/17/2020,2Y,-0.718
Tu,11/17/2020,5Y,-0.677
Tu,11/17/2020,10Y,-0.42
We,11/18/2020,2Y,-0.718
We,11/18/2020,5Y,-0.672
We,11/18/2020,10Y,-0.41
Th,11/19/2020,2Y,-0.723
Th,11/19/2020,5Y,-0.68
Th,11/19/2020,10Y,-0.43
Fr,11/20/2020,2Y,-0.739
Fr,11/20/2020,5Y,-0.695
Fr,11/20/2020,10Y,-0.442
Mo,11/23/2020,2Y,-0.738
Mo,11/23/2020,5Y,-0.696
Mo,11/23/2020,10Y,-0.436
Tu,11/24/2020,2Y,-0.728
Tu,11/24/2020,5Y,-0.678
Tu,11/24/2020,10Y,-0.417
We,11/25/2020,2Y,-0.736
We,11/25/2020,5Y,-0.686
We,11/25/2020,10Y,-0.421
Th,11/26/2020,2Y,-0.733
Th,11/26/2020,5Y,-0.695
Th,11/26/2020,10Y,-0.439
Fr,11/27/2020,2Y,-0.732
Fr,11/27/2020,5Y,-0.696
Fr,11/27/2020,10Y,-0.441
Mo,11/30/2020,2Y,-0.719
Mo,11/30/2020,5Y,-0.68
Mo,11/30/2020,10Y,-0.423
Tu,12/1/2020,2Y,-0.696
Tu,12/1/2020,5Y,-0.649
Tu,12/1/2020,10Y,-0.378
We,12/2/2020,2Y,-0.697
We,12/2/2020,5Y,-0.645
We,12/2/2020,10Y,-0.37
Th,12/3/2020,2Y,-0.716
Th,12/3/2020,5Y,-0.676
Th,12/3/2020,10Y,-0.408
Fr,12/4/2020,2Y,-0.718
Fr,12/4/2020,5Y,-0.678
Fr,12/4/2020,10Y,-0.401
Mo,12/7/2020,2Y,-0.726
Mo,12/7/2020,5Y,-0.701
Mo,12/7/2020,10Y,-0.442
Tu,12/8/2020,2Y,-0.743
Tu,12/8/2020,5Y,-0.719
Tu,12/8/2020,10Y,-0.462
We,12/9/2020,2Y,-0.74
We,12/9/2020,5Y,-0.72
We,12/9/2020,10Y,-0.46
Th,12/10/2020,2Y,-0.734
Th,12/10/2020,5Y,-0.715
Th,12/10/2020,10Y,-0.458
Fr,12/11/2020,2Y,-0.745
Fr,12/11/2020,5Y,-0.738
Fr,12/11/2020,10Y,-0.485
Mo,12/14/2020,2Y,-0.735
Mo,12/14/2020,5Y,-0.727
Mo,12/14/2020,10Y,-0.468
Tu,12/15/2020,2Y,-0.727
Tu,12/15/2020,5Y,-0.72
Tu,12/15/2020,10Y,-0.463
We,12/16/2020,2Y,-0.7
We,12/16/2020,5Y,-0.688
We,12/16/2020,10Y,-0.416
Th,12/17/2020,2Y,-0.697
Th,12/17/2020,5Y,-0.689
Th,12/17/2020,10Y,-0.426
Fr,12/18/2020,2Y,-0.697
Fr,12/18/2020,5Y,-0.689
Fr,12/18/2020,10Y,-0.429
Mo,12/21/2020,2Y,-0.718
Mo,12/21/2020,5Y,-0.698
Mo,12/21/2020,10Y,-0.439
Tu,12/22/2020,2Y,-0.709
Tu,12/22/2020,5Y,-0.709
Tu,12/22/2020,10Y,-0.453
We,12/23/2020,2Y,-0.692
We,12/23/2020,5Y,-0.675
We,12/23/2020,10Y,-0.407
Th,12/24/2020,2Y,-0.693
Th,12/24/2020,5Y,-0.676
Th,12/24/2020,10Y,-0.407
Fr,12/25/2020,2Y,-0.693
Fr,12/25/2020,5Y,-0.676
Fr,12/25/2020,10Y,-0.407
Mo,12/28/2020,2Y,-0.704
Mo,12/28/2020,5Y,-0.689
Mo,12/28/2020,10Y,-0.422
Tu,12/29/2020,2Y,-0.723
Tu,12/29/2020,5Y,-0.701
Tu,12/29/2020,10Y,-0.428
We,12/30/2020,2Y,-0.706
We,12/30/2020,5Y,-0.696
We,12/30/2020,10Y,-0.433
Th,12/31/2020,2Y,-0.707
Th,12/31/2020,5Y,-0.697
Th,12/31/2020,10Y,-0.433
Fr,1/1/2021,2Y,-0.707
Fr,1/1/2021,5Y,-0.697
Fr,1/1/2021,10Y,-0.433
Mo,1/4/2021,2Y,-0.706
Mo,1/4/2021,5Y,-0.712
Mo,1/4/2021,10Y,-0.464
Tu,1/5/2021,2Y,-0.704
Tu,1/5/2021,5Y,-0.69
Tu,1/5/2021,10Y,-0.43
We,1/6/2021,2Y,-0.69
We,1/6/2021,5Y,-0.671
We,1/6/2021,10Y,-0.409
Th,1/7/2021,2Y,-0.698
Th,1/7/2021,5Y,-0.677
Th,1/7/2021,10Y,-0.411
Fr,1/8/2021,2Y,-0.701
Fr,1/8/2021,5Y,-0.675
Fr,1/8/2021,10Y,-0.416
Mo,1/11/2021,2Y,-0.694
Mo,1/11/2021,5Y,-0.661
Mo,1/11/2021,10Y,-0.393
Tu,1/12/2021,2Y,-0.682
Tu,1/12/2021,5Y,-0.63
Tu,1/12/2021,10Y,-0.356
We,1/13/2021,2Y,-0.694
We,1/13/2021,5Y,-0.664
We,1/13/2021,10Y,-0.405
Th,1/14/2021,2Y,-0.71
Th,1/14/2021,5Y,-0.69
Th,1/14/2021,10Y,-0.428
Fr,1/15/2021,2Y,-0.703
Fr,1/15/2021,5Y,-0.682
Fr,1/15/2021,10Y,-0.416
Mo,1/18/2021,2Y,-0.69
Mo,1/18/2021,5Y,-0.667
Mo,1/18/2021,10Y,-0.399
Tu,1/19/2021,2Y,-0.686
Tu,1/19/2021,5Y,-0.663
Tu,1/19/2021,10Y,-0.403
We,1/20/2021,2Y,-0.685
We,1/20/2021,5Y,-0.666
We,1/20/2021,10Y,-0.401
Th,1/21/2021,2Y,-0.672
Th,1/21/2021,5Y,-0.647
Th,1/21/2021,10Y,-0.367
Fr,1/22/2021,2Y,-0.678
Fr,1/22/2021,5Y,-0.655
Fr,1/22/2021,10Y,-0.377
Mo,1/25/2021,2Y,-0.694
Mo,1/25/2021,5Y,-0.679
Mo,1/25/2021,10Y,-0.416
Tu,1/26/2021,2Y,-0.691
Tu,1/26/2021,5Y,-0.668
Tu,1/26/2021,10Y,-0.396
We,1/27/2021,2Y,-0.704
We,1/27/2021,5Y,-0.684
We,1/27/2021,10Y,-0.407
Th,1/28/2021,2Y,-0.71
Th,1/28/2021,5Y,-0.686
Th,1/28/2021,10Y,-0.398
Fr,1/29/2021,2Y,-0.702
Fr,1/29/2021,5Y,-0.67
Fr,1/29/2021,10Y,-0.386
Mo,2/1/2021,2Y,-0.695
Mo,2/1/2021,5Y,-0.664
Mo,2/1/2021,10Y,-0.387
Tu,2/2/2021,2Y,-0.685
Tu,2/2/2021,5Y,-0.646
Tu,2/2/2021,10Y,-0.362
We,2/3/2021,2Y,-0.683
We,2/3/2021,5Y,-0.628
We,2/3/2021,10Y,-0.337
Th,2/4/2021,2Y,-0.683
Th,2/4/2021,5Y,-0.622
Th,2/4/2021,10Y,-0.33
Fr,2/5/2021,2Y,-0.687
Fr,2/5/2021,5Y,-0.624
Fr,2/5/2021,10Y,-0.323
Mo,2/8/2021,2Y,-0.684
Mo,2/8/2021,5Y,-0.62
Mo,2/8/2021,10Y,-0.326
Tu,2/9/2021,2Y,-0.686
Tu,2/9/2021,5Y,-0.629
Tu,2/9/2021,10Y,-0.327
We,2/10/2021,2Y,-0.684
We,2/10/2021,5Y,-0.625
We,2/10/2021,10Y,-0.313
Th,2/11/2021,2Y,-0.677
Th,2/11/2021,5Y,-0.575
Th,2/11/2021,10Y,-0.263
Fr,2/12/2021,2Y,-0.664
Fr,2/12/2021,5Y,-0.556
Fr,2/12/2021,10Y,-0.23
Mo,2/15/2021,2Y,-0.649
Mo,2/15/2021,5Y,-0.516
Mo,2/15/2021,10Y,-0.183
Tu,2/16/2021,2Y,-0.639
Tu,2/16/2021,5Y,-0.5
Tu,2/16/2021,10Y,-0.146
We,2/17/2021,2Y,-0.632
We,2/17/2021,5Y,-0.512
We,2/17/2021,10Y,-0.151
Th,2/18/2021,2Y,-0.617
Th,2/18/2021,5Y,-0.479
Th,2/18/2021,10Y,-0.121
Fr,2/19/2021,2Y,-0.619
Fr,2/19/2021,5Y,-0.461
Fr,2/19/2021,10Y,-0.081
Mo,2/22/2021,2Y,-0.627
Mo,2/22/2021,5Y,-0.485
Mo,2/22/2021,10Y,-0.117
Tu,2/23/2021,2Y,-0.623
Tu,2/23/2021,5Y,-0.463
Tu,2/23/2021,10Y,-0.087
We,2/24/2021,2Y,-0.617
We,2/24/2021,5Y,-0.453
We,2/24/2021,10Y,-0.067
Th,2/25/2021,2Y,-0.579
Th,2/25/2021,5Y,-0.389
Th,2/25/2021,10Y,0.001
Fr,2/26/2021,2Y,-0.595
Fr,2/26/2021,5Y,-0.417
Fr,2/26/2021,10Y,-0.04
Mo,3/1/2021,2Y,-0.637
Mo,3/1/2021,5Y,-0.493
Mo,3/1/2021,10Y,-0.132
Tu,3/2/2021,2Y,-0.655
Tu,3/2/2021,5Y,-0.511
Tu,3/2/2021,10Y,-0.137
We,3/3/2021,2Y,-0.635
We,3/3/2021,5Y,-0.469
We,3/3/2021,10Y,-0.07
Th,3/4/2021,2Y,-0.643
Th,3/4/2021,5Y,-0.488
Th,3/4/2021,10Y,-0.097
Fr,3/5/2021,2Y,-0.636
Fr,3/5/2021,5Y,-0.488
Fr,3/5/2021,10Y,-0.084
Mo,3/8/2021,2Y,-0.628
Mo,3/8/2021,5Y,-0.458
Mo,3/8/2021,10Y,-0.057
Tu,3/9/2021,2Y,-0.629
Tu,3/9/2021,5Y,-0.474
Tu,3/9/2021,10Y,-0.081
We,3/10/2021,2Y,-0.63
We,3/10/2021,5Y,-0.48
We,3/10/2021,10Y,-0.072
Th,3/11/2021,2Y,-0.645
Th,3/11/2021,5Y,-0.497
Th,3/11/2021,10Y,-0.116
Fr,3/12/2021,2Y,-0.648
Fr,3/12/2021,5Y,-0.495
Fr,3/12/2021,10Y,-0.097
Mo,3/15/2021,2Y,-0.65
Mo,3/15/2021,5Y,-0.518
Mo,3/15/2021,10Y,-0.125
Tu,3/16/2021,2Y,-0.652
Tu,3/16/2021,5Y,-0.522
Tu,3/16/2021,10Y,-0.115
We,3/17/2021,2Y,-0.636
We,3/17/2021,5Y,-0.489
We,3/17/2021,10Y,-0.071
Th,3/18/2021,2Y,-0.637
Th,3/18/2021,5Y,-0.48
Th,3/18/2021,10Y,-0.046
Fr,3/19/2021,2Y,-0.648
Fr,3/19/2021,5Y,-0.506
Fr,3/19/2021,10Y,-0.078
Mo,3/22/2021,2Y,-0.656
Mo,3/22/2021,5Y,-0.518
Mo,3/22/2021,10Y,-0.091
Tu,3/23/2021,2Y,-0.665
Tu,3/23/2021,5Y,-0.535
Tu,3/23/2021,10Y,-0.12
We,3/24/2021,2Y,-0.668
We,3/24/2021,5Y,-0.544
We,3/24/2021,10Y,-0.127
Th,3/25/2021,2Y,-0.669
Th,3/25/2021,5Y,-0.556
Th,3/25/2021,10Y,-0.158
Fr,3/26/2021,2Y,-0.67
Fr,3/26/2021,5Y,-0.534
Fr,3/26/2021,10Y,-0.123
Mo,3/29/2021,2Y,-0.666
Mo,3/29/2021,5Y,-0.514
Mo,3/29/2021,10Y,-0.096
Tu,3/30/2021,2Y,-0.647
Tu,3/30/2021,5Y,-0.481
Tu,3/30/2021,10Y,-0.069
We,3/31/2021,2Y,-0.649
We,3/31/2021,5Y,-0.488
We,3/31/2021,10Y,-0.077
Th,4/1/2021,2Y,-0.673
Th,4/1/2021,5Y,-0.522
Th,4/1/2021,10Y,-0.112
Fr,4/2/2021,2Y,-0.673
Fr,4/2/2021,5Y,-0.522
Fr,4/2/2021,10Y,-0.112
Mo,4/5/2021,2Y,-0.673
Mo,4/5/2021,5Y,-0.522
Mo,4/5/2021,10Y,-0.112
Tu,4/6/2021,2Y,-0.663
Tu,4/6/2021,5Y,-0.508
Tu,4/6/2021,10Y,-0.098
We,4/7/2021,2Y,-0.67
We,4/7/2021,5Y,-0.514
We,4/7/2021,10Y,-0.101
Th,4/8/2021,2Y,-0.682
Th,4/8/2021,5Y,-0.527
Th,4/8/2021,10Y,-0.113
Fr,4/9/2021,2Y,-0.663
Fr,4/9/2021,5Y,-0.492
Fr,4/9/2021,10Y,-0.08
Mo,4/12/2021,2Y,-0.664
Mo,4/12/2021,5Y,-0.483
Mo,4/12/2021,10Y,-0.07
Tu,4/13/2021,2Y,-0.663
Tu,4/13/2021,5Y,-0.474
Tu,4/13/2021,10Y,-0.065
We,4/14/2021,2Y,-0.641
We,4/14/2021,5Y,-0.455
We,4/14/2021,10Y,-0.036
Th,4/15/2021,2Y,-0.661
Th,4/15/2021,5Y,-0.485
Th,4/15/2021,10Y,-0.066
Fr,4/16/2021,2Y,-0.653
Fr,4/16/2021,5Y,-0.468
Fr,4/16/2021,10Y,-0.039
Mo,4/19/2021,2Y,-0.642
Mo,4/19/2021,5Y,-0.453
Mo,4/19/2021,10Y,-0.016
Tu,4/20/2021,2Y,-0.651
Tu,4/20/2021,5Y,-0.473
Tu,4/20/2021,10Y,-0.044
We,4/21/2021,2Y,-0.656
We,4/21/2021,5Y,-0.473
We,4/21/2021,10Y,-0.043
Th,4/22/2021,2Y,-0.654
Th,4/22/2021,5Y,-0.464
Th,4/22/2021,10Y,-0.034
Fr,4/23/2021,2Y,-0.658
Fr,4/23/2021,5Y,-0.472
Fr,4/23/2021,10Y,-0.038
Mo,4/26/2021,2Y,-0.653
Mo,4/26/2021,5Y,-0.461
Mo,4/26/2021,10Y,-0.031
Tu,4/27/2021,2Y,-0.648
Tu,4/27/2021,5Y,-0.455
Tu,4/27/2021,10Y,-0.026
We,4/28/2021,2Y,-0.644
We,4/28/2021,5Y,-0.44
We,4/28/2021,10Y,-0.004
Th,4/29/2021,2Y,-0.638
Th,4/29/2021,5Y,-0.419
Th,4/29/2021,10Y,0.031
Fr,4/30/2021,2Y,-0.646
Fr,4/30/2021,5Y,-0.429
Fr,4/30/2021,10Y,0.025
Mo,5/3/2021,2Y,-0.652
Mo,5/3/2021,5Y,-0.433
Mo,5/3/2021,10Y,0.022
Tu,5/4/2021,2Y,-0.662
Tu,5/4/2021,5Y,-0.461
Tu,5/4/2021,10Y,-0.01
We,5/5/2021,2Y,-0.657
We,5/5/2021,5Y,-0.456
We,5/5/2021,10Y,-0.002
Th,5/6/2021,2Y,-0.662
Th,5/6/2021,5Y,-0.453
Th,5/6/2021,10Y,0.003
Fr,5/7/2021,2Y,-0.643
Fr,5/7/2021,5Y,-0.431
Fr,5/7/2021,10Y,0.025
Mo,5/10/2021,2Y,-0.647
Mo,5/10/2021,5Y,-0.436
Mo,5/10/2021,10Y,0.032
Tu,5/11/2021,2Y,-0.626
Tu,5/11/2021,5Y,-0.394
Tu,5/11/2021,10Y,0.074
We,5/12/2021,2Y,-0.612
We,5/12/2021,5Y,-0.366
We,5/12/2021,10Y,0.112
Th,5/13/2021,2Y,-0.609
Th,5/13/2021,5Y,-0.35
Th,5/13/2021,10Y,0.124
Fr,5/14/2021,2Y,-0.617
Fr,5/14/2021,5Y,-0.35
Fr,5/14/2021,10Y,0.119
Mo,5/17/2021,2Y,-0.609
Mo,5/17/2021,5Y,-0.333
Mo,5/17/2021,10Y,0.146
Tu,5/18/2021,2Y,-0.604
Tu,5/18/2021,5Y,-0.322
Tu,5/18/2021,10Y,0.154
We,5/19/2021,2Y,-0.607
We,5/19/2021,5Y,-0.329
We,5/19/2021,10Y,0.148
Th,5/20/2021,2Y,-0.629
Th,5/20/2021,5Y,-0.337
Th,5/20/2021,10Y,0.125
Fr,5/21/2021,2Y,-0.62
Fr,5/21/2021,5Y,-0.36
Fr,5/21/2021,10Y,0.102
Mo,5/24/2021,2Y,-0.635
Mo,5/24/2021,5Y,-0.361
Mo,5/24/2021,10Y,0.091
Tu,5/25/2021,2Y,-0.642
Tu,5/25/2021,5Y,-0.392
Tu,5/25/2021,10Y,0.061
We,5/26/2021,2Y,-0.647
We,5/26/2021,5Y,-0.421
We,5/26/2021,10Y,0.023
Th,5/27/2021,2Y,-0.634
Th,5/27/2021,5Y,-0.398
Th,5/27/2021,10Y,0.052
Fr,5/28/2021,2Y,-0.642
Fr,5/28/2021,5Y,-0.411
Fr,5/28/2021,10Y,0.043
Mo,5/31/2021,2Y,-0.634
Mo,5/31/2021,5Y,-0.41
Mo,5/31/2021,10Y,0.038
Tu,6/1/2021,2Y,-0.625
Tu,6/1/2021,5Y,-0.408
Tu,6/1/2021,10Y,0.045
We,6/2/2021,2Y,-0.637
We,6/2/2021,5Y,-0.425
We,6/2/2021,10Y,0.026
Th,6/3/2021,2Y,-0.631
Th,6/3/2021,5Y,-0.425
Th,6/3/2021,10Y,0.042
Fr,6/4/2021,2Y,-0.637
Fr,6/4/2021,5Y,-0.454
Fr,6/4/2021,10Y,0.017
Mo,6/7/2021,2Y,-0.625
Mo,6/7/2021,5Y,-0.432
Mo,6/7/2021,10Y,0.036
Tu,6/8/2021,2Y,-0.634
Tu,6/8/2021,5Y,-0.454
Tu,6/8/2021,10Y,0.008
We,6/9/2021,2Y,-0.641
We,6/9/2021,5Y,-0.471
We,6/9/2021,10Y,-0.015
Th,6/10/2021,2Y,-0.648
Th,6/10/2021,5Y,-0.482
Th,6/10/2021,10Y,-0.028
Fr,6/11/2021,2Y,-0.646
Fr,6/11/2021,5Y,-0.486
Fr,6/11/2021,10Y,-0.042
Mo,6/14/2021,2Y,-0.639
Mo,6/14/2021,5Y,-0.464
Mo,6/14/2021,10Y,-0.019
Tu,6/15/2021,2Y,-0.643
Tu,6/15/2021,5Y,-0.45
Tu,6/15/2021,10Y,0.002
We,6/16/2021,2Y,-0.642
We,6/16/2021,5Y,-0.463
We,6/16/2021,10Y,-0.015
Th,6/17/2021,2Y,-0.617
Th,6/17/2021,5Y,-0.434
Th,6/17/2021,10Y,0.008
Fr,6/18/2021,2Y,-0.604
Fr,6/18/2021,5Y,-0.419
Fr,6/18/2021,10Y,0.013
Mo,6/21/2021,2Y,-0.598
Mo,6/21/2021,5Y,-0.4
Mo,6/21/2021,10Y,0.035
Tu,6/22/2021,2Y,-0.603
Tu,6/22/2021,5Y,-0.398
Tu,6/22/2021,10Y,0.034
We,6/23/2021,2Y,-0.631
We,6/23/2021,5Y,-0.409
We,6/23/2021,10Y,0.02
Th,6/24/2021,2Y,-0.629
Th,6/24/2021,5Y,-0.414
Th,6/24/2021,10Y,0.009
Fr,6/25/2021,2Y,-0.625
Fr,6/25/2021,5Y,-0.384
Fr,6/25/2021,10Y,0.051
Mo,6/28/2021,2Y,-0.62
Mo,6/28/2021,5Y,-0.409
Mo,6/28/2021,10Y,0.02
Tu,6/29/2021,2Y,-0.627
Tu,6/29/2021,5Y,-0.394
Tu,6/29/2021,10Y,0.036
We,6/30/2021,2Y,-0.636
We,6/30/2021,5Y,-0.421
We,6/30/2021,10Y,-0.005
Th,7/1/2021,2Y,-0.645
Th,7/1/2021,5Y,-0.424
Th,7/1/2021,10Y,-0.005
Fr,7/2/2021,2Y,-0.653
Fr,7/2/2021,5Y,-0.45
Fr,7/2/2021,10Y,-0.04
Mo,7/5/2021,2Y,-0.643
Mo,7/5/2021,5Y,-0.435
Mo,7/5/2021,10Y,-0.016
Tu,7/6/2021,2Y,-0.679
Tu,7/6/2021,5Y,-0.483
Tu,7/6/2021,10Y,-0.079
We,7/7/2021,2Y,-0.685
We,7/7/2021,5Y,-0.507
We,7/7/2021,10Y,-0.107
Th,7/8/2021,2Y,-0.682
Th,7/8/2021,5Y,-0.5
Th,7/8/2021,10Y,-0.104
Fr,7/9/2021,2Y,-0.678
Fr,7/9/2021,5Y,-0.498
Fr,7/9/2021,10Y,-0.089
Mo,7/12/2021,2Y,-0.672
Mo,7/12/2021,5Y,-0.496
Mo,7/12/2021,10Y,-0.093
Tu,7/13/2021,2Y,-0.674
Tu,7/13/2021,5Y,-0.502
Tu,7/13/2021,10Y,-0.098
We,7/14/2021,2Y,-0.679
We,7/14/2021,5Y,-0.52
We,7/14/2021,10Y,-0.121
Th,7/15/2021,2Y,-0.683
Th,7/15/2021,5Y,-0.524
Th,7/15/2021,10Y,-0.129
Fr,7/16/2021,2Y,-0.68
Fr,7/16/2021,5Y,-0.532
Fr,7/16/2021,10Y,-0.15
Mo,7/19/2021,2Y,-0.692
Mo,7/19/2021,5Y,-0.556
Mo,7/19/2021,10Y,-0.17
Tu,7/20/2021,2Y,-0.704
Tu,7/20/2021,5Y,-0.582
Tu,7/20/2021,10Y,-0.186
We,7/21/2021,2Y,-0.696
We,7/21/2021,5Y,-0.575
We,7/21/2021,10Y,-0.171
Th,7/22/2021,2Y,-0.707
Th,7/22/2021,5Y,-0.604
Th,7/22/2021,10Y,-0.207
Fr,7/23/2021,2Y,-0.721
Fr,7/23/2021,5Y,-0.608
Fr,7/23/2021,10Y,-0.204
Mo,7/26/2021,2Y,-0.715
Mo,7/26/2021,5Y,-0.611
Mo,7/26/2021,10Y,-0.192
Tu,7/27/2021,2Y,-0.728
Tu,7/27/2021,5Y,-0.623
Tu,7/27/2021,10Y,-0.21
We,7/28/2021,2Y,-0.729
We,7/28/2021,5Y,-0.631
We,7/28/2021,10Y,-0.212
Th,7/29/2021,2Y,-0.738
Th,7/29/2021,5Y,-0.631
Th,7/29/2021,10Y,-0.212
Fr,7/30/2021,2Y,-0.746
Fr,7/30/2021,5Y,-0.641
Fr,7/30/2021,10Y,-0.224
Mo,8/2/2021,2Y,-0.75
Mo,8/2/2021,5Y,-0.656
Mo,8/2/2021,10Y,-0.26
Tu,8/3/2021,2Y,-0.752
Tu,8/3/2021,5Y,-0.652
Tu,8/3/2021,10Y,-0.254
We,8/4/2021,2Y,-0.763
We,8/4/2021,5Y,-0.67
We,8/4/2021,10Y,-0.266
Th,8/5/2021,2Y,-0.764
Th,8/5/2021,5Y,-0.669
Th,8/5/2021,10Y,-0.264
Fr,8/6/2021,2Y,-0.745
Fr,8/6/2021,5Y,-0.635
Fr,8/6/2021,10Y,-0.234
Mo,8/9/2021,2Y,-0.74
Mo,8/9/2021,5Y,-0.636
Mo,8/9/2021,10Y,-0.236
Tu,8/10/2021,2Y,-0.751
Tu,8/10/2021,5Y,-0.633
Tu,8/10/2021,10Y,-0.235
We,8/11/2021,2Y,-0.739
We,8/11/2021,5Y,-0.635
We,8/11/2021,10Y,-0.24
Th,8/12/2021,2Y,-0.743
Th,8/12/2021,5Y,-0.632
Th,8/12/2021,10Y,-0.238
Fr,8/13/2021,2Y,-0.734
Fr,8/13/2021,5Y,-0.63
Fr,8/13/2021,10Y,-0.245
Mo,8/16/2021,2Y,-0.743
Mo,8/16/2021,5Y,-0.63
Mo,8/16/2021,10Y,-0.243
Tu,8/17/2021,2Y,-0.738
Tu,8/17/2021,5Y,-0.624
Tu,8/17/2021,10Y,-0.243
We,8/18/2021,2Y,-0.756
We,8/18/2021,5Y,-0.634
We,8/18/2021,10Y,-0.254
Th,8/19/2021,2Y,-0.754
Th,8/19/2021,5Y,-0.639
Th,8/19/2021,10Y,-0.26
Fr,8/20/2021,2Y,-0.752
Fr,8/20/2021,5Y,-0.641
Fr,8/20/2021,10Y,-0.265
Mo,8/23/2021,2Y,-0.772
Mo,8/23/2021,5Y,-0.635
Mo,8/23/2021,10Y,-0.252
Tu,8/24/2021,2Y,-0.774
Tu,8/24/2021,5Y,-0.631
Tu,8/24/2021,10Y,-0.248
We,8/25/2021,2Y,-0.783
We,8/25/2021,5Y,-0.599
We,8/25/2021,10Y,-0.192
Th,8/26/2021,2Y,-0.766
Th,8/26/2021,5Y,-0.589
Th,8/26/2021,10Y,-0.176
Fr,8/27/2021,2Y,-0.776
Fr,8/27/2021,5Y,-0.603
Fr,8/27/2021,10Y,-0.194
Mo,8/30/2021,2Y,-0.79
Mo,8/30/2021,5Y,-0.612
Mo,8/30/2021,10Y,-0.21
Tu,8/31/2021,2Y,-0.766
Tu,8/31/2021,5Y,-0.57
Tu,8/31/2021,10Y,-0.158
We,9/1/2021,2Y,-0.771
We,9/1/2021,5Y,-0.573
We,9/1/2021,10Y,-0.15
Th,9/2/2021,2Y,-0.768
Th,9/2/2021,5Y,-0.58
Th,9/2/2021,10Y,-0.16
Fr,9/3/2021,2Y,-0.76
Fr,9/3/2021,5Y,-0.568
Fr,9/3/2021,10Y,-0.141
Mo,9/6/2021,2Y,-0.771
Mo,9/6/2021,5Y,-0.572
Mo,9/6/2021,10Y,-0.147
Tu,9/7/2021,2Y,-0.768
Tu,9/7/2021,5Y,-0.535
Tu,9/7/2021,10Y,-0.097
We,9/8/2021,2Y,-0.758
We,9/8/2021,5Y,-0.539
We,9/8/2021,10Y,-0.099
Th,9/9/2021,2Y,-0.763
Th,9/9/2021,5Y,-0.568
Th,9/9/2021,10Y,-0.15
Fr,9/10/2021,2Y,-0.754
Fr,9/10/2021,5Y,-0.541
Fr,9/10/2021,10Y,-0.119
Mo,9/13/2021,2Y,-0.76
Mo,9/13/2021,5Y,-0.546
Mo,9/13/2021,10Y,-0.116
Tu,9/14/2021,2Y,-0.76
Tu,9/14/2021,5Y,-0.551
Tu,9/14/2021,10Y,-0.126
We,9/15/2021,2Y,-0.759
We,9/15/2021,5Y,-0.533
We,9/15/2021,10Y,-0.09
Th,9/16/2021,2Y,-0.766
Th,9/16/2021,5Y,-0.531
Th,9/16/2021,10Y,-0.088
Fr,9/17/2021,2Y,-0.766
Fr,9/17/2021,5Y,-0.521
Fr,9/17/2021,10Y,-0.069
Mo,9/20/2021,2Y,-0.777
Mo,9/20/2021,5Y,-0.548
Mo,9/20/2021,10Y,-0.103
Tu,9/21/2021,2Y,-0.774
Tu,9/21/2021,5Y,-0.545
Tu,9/21/2021,10Y,-0.099
We,9/22/2021,2Y,-0.775
We,9/22/2021,5Y,-0.546
We,9/22/2021,10Y,-0.105
Th,9/23/2021,2Y,-0.752
Th,9/23/2021,5Y,-0.499
Th,9/23/2021,10Y,-0.044
Fr,9/24/2021,2Y,-0.764
Fr,9/24/2021,5Y,-0.484
Fr,9/24/2021,10Y,-0.013
Mo,9/27/2021,2Y,-0.755
Mo,9/27/2021,5Y,-0.474
Mo,9/27/2021,10Y,-0.006
Tu,9/28/2021,2Y,-0.737
Tu,9/28/2021,5Y,-0.463
Tu,9/28/2021,10Y,0.026
We,9/29/2021,2Y,-0.773
We,9/29/2021,5Y,-0.472
We,9/29/2021,10Y,0.011
Th,9/30/2021,2Y,-0.755
Th,9/30/2021,5Y,-0.465
Th,9/30/2021,10Y,0.018
Fr,10/1/2021,2Y,-0.75
Fr,10/1/2021,5Y,-0.484
Fr,10/1/2021,10Y,-0.003
Mo,10/4/2021,2Y,-0.752
Mo,10/4/2021,5Y,-0.476
Mo,10/4/2021,10Y,0.01
Tu,10/5/2021,2Y,-0.742
Tu,10/5/2021,5Y,-0.455
Tu,10/5/2021,10Y,0.032
We,10/6/2021,2Y,-0.739
We,10/6/2021,5Y,-0.453
We,10/6/2021,10Y,0.04
Th,10/7/2021,2Y,-0.752
Th,10/7/2021,5Y,-0.462
Th,10/7/2021,10Y,0.034
Fr,10/8/2021,2Y,-0.737
Fr,10/8/2021,5Y,-0.441
Fr,10/8/2021,10Y,0.065
Mo,10/11/2021,2Y,-0.739
Mo,10/11/2021,5Y,-0.41
Mo,10/11/2021,10Y,0.097
Tu,10/12/2021,2Y,-0.715
Tu,10/12/2021,5Y,-0.37
Tu,10/12/2021,10Y,0.127
We,10/13/2021,2Y,-0.721
We,10/13/2021,5Y,-0.388
We,10/13/2021,10Y,0.088
Th,10/14/2021,2Y,-0.746
Th,10/14/2021,5Y,-0.448
Th,10/14/2021,10Y,0.026
Fr,10/15/2021,2Y,-0.732
Fr,10/15/2021,5Y,-0.425
Fr,10/15/2021,10Y,0.05
Mo,10/18/2021,2Y,-0.68
Mo,10/18/2021,5Y,-0.375
Mo,10/18/2021,10Y,0.069
Tu,10/19/2021,2Y,-0.677
Tu,10/19/2021,5Y,-0.357
Tu,10/19/2021,10Y,0.115
We,10/20/2021,2Y,-0.706
We,10/20/2021,5Y,-0.391
We,10/20/2021,10Y,0.093
Th,10/21/2021,2Y,-0.688
Th,10/21/2021,5Y,-0.347
Th,10/21/2021,10Y,0.124
Fr,10/22/2021,2Y,-0.685
Fr,10/22/2021,5Y,-0.339
Fr,10/22/2021,10Y,0.118
Mo,10/25/2021,2Y,-0.707
Mo,10/25/2021,5Y,-0.373
Mo,10/25/2021,10Y,0.108
Tu,10/26/2021,2Y,-0.692
Tu,10/26/2021,5Y,-0.363
Tu,10/26/2021,10Y,0.105
We,10/27/2021,2Y,-0.677
We,10/27/2021,5Y,-0.386
We,10/27/2021,10Y,0.053
Th,10/28/2021,2Y,-0.647
Th,10/28/2021,5Y,-0.357
Th,10/28/2021,10Y,0.101
Fr,10/29/2021,2Y,-0.628
Fr,10/29/2021,5Y,-0.307
Fr,10/29/2021,10Y,0.145
Mo,11/1/2021,2Y,-0.634
Mo,11/1/2021,5Y,-0.318
Mo,11/1/2021,10Y,0.143
Tu,11/2/2021,2Y,-0.678
Tu,11/2/2021,5Y,-0.395
Tu,11/2/2021,10Y,0.069
We,11/3/2021,2Y,-0.663
We,11/3/2021,5Y,-0.395
We,11/3/2021,10Y,0.061
Th,11/4/2021,2Y,-0.717
Th,11/4/2021,5Y,-0.483
Th,11/4/2021,10Y,-0.007
Fr,11/5/2021,2Y,-0.733
Fr,11/5/2021,5Y,-0.509
Fr,11/5/2021,10Y,-0.063
Mo,11/8/2021,2Y,-0.723
Mo,11/8/2021,5Y,-0.483
Mo,11/8/2021,10Y,-0.027
Tu,11/9/2021,2Y,-0.742
Tu,11/9/2021,5Y,-0.511
Tu,11/9/2021,10Y,-0.082
We,11/10/2021,2Y,-0.727
We,11/10/2021,5Y,-0.47
We,11/10/2021,10Y,-0.025
Th,11/11/2021,2Y,-0.754
Th,11/11/2021,5Y,-0.448
Th,11/11/2021,10Y,-0.011
Fr,11/12/2021,2Y,-0.776
Fr,11/12/2021,5Y,-0.474
Fr,11/12/2021,10Y,-0.038
Mo,11/15/2021,2Y,-0.727
Mo,11/15/2021,5Y,-0.431
Mo,11/15/2021,10Y,-0.011
Tu,11/16/2021,2Y,-0.768
Tu,11/16/2021,5Y,-0.461
Tu,11/16/2021,10Y,-0.022
We,11/17/2021,2Y,-0.781
We,11/17/2021,5Y,-0.454
We,11/17/2021,10Y,-0.017
Th,11/18/2021,2Y,-0.793
Th,11/18/2021,5Y,-0.473
Th,11/18/2021,10Y,-0.043
Fr,11/19/2021,2Y,-0.809
Fr,11/19/2021,5Y,-0.503
Fr,11/19/2021,10Y,-0.098
Mo,11/22/2021,2Y,-0.78
Mo,11/22/2021,5Y,-0.453
Mo,11/22/2021,10Y,-0.051
Tu,11/23/2021,2Y,-0.781
Tu,11/23/2021,5Y,-0.407
Tu,11/23/2021,10Y,0.038
We,11/24/2021,2Y,-0.786
We,11/24/2021,5Y,-0.413
We,11/24/2021,10Y,0.031
Th,11/25/2021,2Y,-0.775
Th,11/25/2021,5Y,-0.442
Th,11/25/2021,10Y,0.002
Fr,11/26/2021,2Y,-0.77
Fr,11/26/2021,5Y,-0.52
Fr,11/26/2021,10Y,-0.078
Mo,11/29/2021,2Y,-0.765
Mo,11/29/2021,5Y,-0.514
Mo,11/29/2021,10Y,-0.058
Tu,11/30/2021,2Y,-0.751
Tu,11/30/2021,5Y,-0.519
Tu,11/30/2021,10Y,-0.095
We,12/1/2021,2Y,-0.725
We,12/1/2021,5Y,-0.492
We,12/1/2021,10Y,-0.087
Th,12/2/2021,2Y,-0.748
Th,12/2/2021,5Y,-0.514
Th,12/2/2021,10Y,-0.108
Fr,12/3/2021,2Y,-0.744
Fr,12/3/2021,5Y,-0.524
Fr,12/3/2021,10Y,-0.134
Mo,12/6/2021,2Y,-0.729
Mo,12/6/2021,5Y,-0.518
Mo,12/6/2021,10Y,-0.135
Tu,12/7/2021,2Y,-0.719
Tu,12/7/2021,5Y,-0.494
Tu,12/7/2021,10Y,-0.124
We,12/8/2021,2Y,-0.699
We,12/8/2021,5Y,-0.448
We,12/8/2021,10Y,-0.06
Th,12/9/2021,2Y,-0.72
Th,12/9/2021,5Y,-0.482
Th,12/9/2021,10Y,-0.099
Fr,12/10/2021,2Y,-0.701
Fr,12/10/2021,5Y,-0.472
Fr,12/10/2021,10Y,-0.097
Mo,12/13/2021,2Y,-0.713
Mo,12/13/2021,5Y,-0.494
Mo,12/13/2021,10Y,-0.13
Tu,12/14/2021,2Y,-0.683
Tu,12/14/2021,5Y,-0.484
Tu,12/14/2021,10Y,-0.119
We,12/15/2021,2Y,-0.68
We,12/15/2021,5Y,-0.481
We,12/15/2021,10Y,-0.11
Th,12/16/2021,2Y,-0.69
Th,12/16/2021,5Y,-0.478
Th,12/16/2021,10Y,-0.096
Fr,12/17/2021,2Y,-0.717
Fr,12/17/2021,5Y,-0.504
Fr,12/17/2021,10Y,-0.122
Mo,12/20/2021,2Y,-0.736
Mo,12/20/2021,5Y,-0.503
Mo,12/20/2021,10Y,-0.114
Tu,12/21/2021,2Y,-0.722
Tu,12/21/2021,5Y,-0.455
Tu,12/21/2021,10Y,-0.047
We,12/22/2021,2Y,-0.711
We,12/22/2021,5Y,-0.445
We,12/22/2021,10Y,-0.032
Th,12/23/2021,2Y,-0.722
Th,12/23/2021,5Y,-0.414
Th,12/23/2021,10Y,0.013
Fr,12/24/2021,2Y,-0.723
Fr,12/24/2021,5Y,-0.415
Fr,12/24/2021,10Y,0.012
Mo,12/27/2021,2Y,-0.697
Mo,12/27/2021,5Y,-0.392
Mo,12/27/2021,10Y,0.022
Tu,12/28/2021,2Y,-0.694
Tu,12/28/2021,5Y,-0.385
Tu,12/28/2021,10Y,0.023
We,12/29/2021,2Y,-0.69
We,12/29/2021,5Y,-0.368
We,12/29/2021,10Y,0.079
Th,12/30/2021,2Y,-0.683
Th,12/30/2021,5Y,-0.367
Th,12/30/2021,10Y,0.072
Fr,12/31/2021,2Y,-0.684
Fr,12/31/2021,5Y,-0.367
Fr,12/31/2021,10Y,0.072
Mo,1/3/2022,2Y,-0.659
Mo,1/3/2022,5Y,-0.31
Mo,1/3/2022,10Y,0.134
Tu,1/4/2022,2Y,-0.67
Tu,1/4/2022,5Y,-0.318
Tu,1/4/2022,10Y,0.126
We,1/5/2022,2Y,-0.664
We,1/5/2022,5Y,-0.33
We,1/5/2022,10Y,0.123
Th,1/6/2022,2Y,-0.652
Th,1/6/2022,5Y,-0.301
Th,1/6/2022,10Y,0.151
Fr,1/7/2022,2Y,-0.644
Fr,1/7/2022,5Y,-0.281
Fr,1/7/2022,10Y,0.17
Mo,1/10/2022,2Y,-0.636
Mo,1/10/2022,5Y,-0.273
Mo,1/10/2022,10Y,0.178
Tu,1/11/2022,2Y,-0.626
Tu,1/11/2022,5Y,-0.255
Tu,1/11/2022,10Y,0.19
We,1/12/2022,2Y,-0.634
We,1/12/2022,5Y,-0.279
We,1/12/2022,10Y,0.159
Th,1/13/2022,2Y,-0.646
Th,1/13/2022,5Y,-0.3
Th,1/13/2022,10Y,0.126
Fr,1/14/2022,2Y,-0.629
Fr,1/14/2022,5Y,-0.263
Fr,1/14/2022,10Y,0.172
Mo,1/17/2022,2Y,-0.619
Mo,1/17/2022,5Y,-0.242
Mo,1/17/2022,10Y,0.194
Tu,1/18/2022,2Y,-0.63
Tu,1/18/2022,5Y,-0.235
Tu,1/18/2022,10Y,0.206
We,1/19/2022,2Y,-0.625
We,1/19/2022,5Y,-0.229
We,1/19/2022,10Y,0.217
Th,1/20/2022,2Y,-0.637
Th,1/20/2022,5Y,-0.233
Th,1/20/2022,10Y,0.207
Fr,1/21/2022,2Y,-0.673
Fr,1/21/2022,5Y,-0.267
Fr,1/21/2022,10Y,0.171
Mo,1/24/2022,2Y,-0.668
Mo,1/24/2022,5Y,-0.308
Mo,1/24/2022,10Y,0.131
Tu,1/25/2022,2Y,-0.682
Tu,1/25/2022,5Y,-0.282
Tu,1/25/2022,10Y,0.159
We,1/26/2022,2Y,-0.673
We,1/26/2022,5Y,-0.272
We,1/26/2022,10Y,0.166
Th,1/27/2022,2Y,-0.647
Th,1/27/2022,5Y,-0.235
Th,1/27/2022,10Y,0.183
Fr,1/28/2022,2Y,-0.639
Fr,1/28/2022,5Y,-0.225
Fr,1/28/2022,10Y,0.196
Mo,1/31/2022,2Y,-0.59
Mo,1/31/2022,5Y,-0.149
Mo,1/31/2022,10Y,0.251
Tu,2/1/2022,2Y,-0.574
Tu,2/1/2022,5Y,-0.127
Tu,2/1/2022,10Y,0.278
We,2/2/2022,2Y,-0.585
We,2/2/2022,5Y,-0.111
We,2/2/2022,10Y,0.278
Th,2/3/2022,2Y,-0.475
Th,2/3/2022,5Y,0.036
Th,2/3/2022,10Y,0.403
Fr,2/4/2022,2Y,-0.386
Fr,2/4/2022,5Y,0.152
Fr,2/4/2022,10Y,0.492
Mo,2/7/2022,2Y,-0.423
Mo,2/7/2022,5Y,0.157
Mo,2/7/2022,10Y,0.523
Tu,2/8/2022,2Y,-0.42
Tu,2/8/2022,5Y,0.188
Tu,2/8/2022,10Y,0.56
We,2/9/2022,2Y,-0.464
We,2/9/2022,5Y,0.12
We,2/9/2022,10Y,0.503
Th,2/10/2022,2Y,-0.453
Th,2/10/2022,5Y,0.188
Th,2/10/2022,10Y,0.59
Fr,2/11/2022,2Y,-0.428
Fr,2/11/2022,5Y,0.199
Fr,2/11/2022,10Y,0.617
Mo,2/14/2022,2Y,-0.448
Mo,2/14/2022,5Y,0.164
Mo,2/14/2022,10Y,0.61
Tu,2/15/2022,2Y,-0.436
Tu,2/15/2022,5Y,0.171
Tu,2/15/2022,10Y,0.639
We,2/16/2022,2Y,-0.451
We,2/16/2022,5Y,0.15
We,2/16/2022,10Y,0.604
Th,2/17/2022,2Y,-0.491
Th,2/17/2022,5Y,0.081
Th,2/17/2022,10Y,0.553
Fr,2/18/2022,2Y,-0.511
Fr,2/18/2022,5Y,0.024
Fr,2/18/2022,10Y,0.519
Mo,2/21/2022,2Y,-0.505
Mo,2/21/2022,5Y,0.067
Mo,2/21/2022,10Y,0.549
Tu,2/22/2022,2Y,-0.469
Tu,2/22/2022,5Y,0.101
Tu,2/22/2022,10Y,0.583
We,2/23/2022,2Y,-0.448
We,2/23/2022,5Y,0.117
We,2/23/2022,10Y,0.575
Th,2/24/2022,2Y,-0.488
Th,2/24/2022,5Y,0.067
Th,2/24/2022,10Y,0.535
Fr,2/25/2022,2Y,-0.476
Fr,2/25/2022,5Y,0.118
Fr,2/25/2022,10Y,0.576
Mo,2/28/2022,2Y,-0.55
Mo,2/28/2022,5Y,-0.016
Mo,2/28/2022,10Y,0.494
Tu,3/1/2022,2Y,-0.655
Tu,3/1/2022,5Y,-0.26
Tu,3/1/2022,10Y,0.281
We,3/2/2022,2Y,-0.539
We,3/2/2022,5Y,-0.074
We,3/2/2022,10Y,0.401
Th,3/3/2022,2Y,-0.563
Th,3/3/2022,5Y,-0.072
Th,3/3/2022,10Y,0.413
Fr,3/4/2022,2Y,-0.609
Fr,3/4/2022,5Y,-0.162
Fr,3/4/2022,10Y,0.347
Mo,3/7/2022,2Y,-0.594
Mo,3/7/2022,5Y,-0.088
Mo,3/7/2022,10Y,0.399
Tu,3/8/2022,2Y,-0.567
Tu,3/8/2022,5Y,-0.024
Tu,3/8/2022,10Y,0.492
We,3/9/2022,2Y,-0.532
We,3/9/2022,5Y,0.039
We,3/9/2022,10Y,0.592
Th,3/10/2022,2Y,-0.427
Th,3/10/2022,5Y,0.187
Th,3/10/2022,10Y,0.671
Fr,3/11/2022,2Y,-0.442
Fr,3/11/2022,5Y,0.198
Fr,3/11/2022,10Y,0.655
Mo,3/14/2022,2Y,-0.408
Mo,3/14/2022,5Y,0.274
Mo,3/14/2022,10Y,0.768
Tu,3/15/2022,2Y,-0.471
Tu,3/15/2022,5Y,0.176
Tu,3/15/2022,10Y,0.725
We,3/16/2022,2Y,-0.426
We,3/16/2022,5Y,0.241
We,3/16/2022,10Y,0.777
Th,3/17/2022,2Y,-0.454
Th,3/17/2022,5Y,0.233
Th,3/17/2022,10Y,0.763
Fr,3/18/2022,2Y,-0.464
Fr,3/18/2022,5Y,0.211
Fr,3/18/2022,10Y,0.746
Mo,3/21/2022,2Y,-0.436
Mo,3/21/2022,5Y,0.299
Mo,3/21/2022,10Y,0.842
Tu,3/22/2022,2Y,-0.407
Tu,3/22/2022,5Y,0.342
Tu,3/22/2022,10Y,0.874
We,3/23/2022,2Y,-0.427
We,3/23/2022,5Y,0.316
We,3/23/2022,10Y,0.807
Th,3/24/2022,2Y,-0.429
Th,3/24/2022,5Y,0.372
Th,3/24/2022,10Y,0.869
Fr,3/25/2022,2Y,-0.391
Fr,3/25/2022,5Y,0.451
Fr,3/25/2022,10Y,0.915
Mo,3/28/2022,2Y,-0.369
Mo,3/28/2022,5Y,0.444
Mo,3/28/2022,10Y,0.892
Tu,3/29/2022,2Y,-0.309
Tu,3/29/2022,5Y,0.528
Tu,3/29/2022,10Y,0.954
We,3/30/2022,2Y,-0.236
We,3/30/2022,5Y,0.575
We,3/30/2022,10Y,0.992
Th,3/31/2022,2Y,0.032
Th,3/31/2022,5Y,0.521
Th,3/31/2022,10Y,0.99
Fr,4/1/2022,2Y,0.053
Fr,4/1/2022,5Y,0.542
Fr,4/1/2022,10Y,1.017
Mo,4/4/2022,2Y,0.055
Mo,4/4/2022,5Y,0.542
Mo,4/4/2022,10Y,0.991
Tu,4/5/2022,2Y,0.145
Tu,4/5/2022,5Y,0.67
Tu,4/5/2022,10Y,1.123
We,4/6/2022,2Y,0.113
We,4/6/2022,5Y,0.667
We,4/6/2022,10Y,1.15
Th,4/7/2022,2Y,0.12
Th,4/7/2022,5Y,0.69
Th,4/7/2022,10Y,1.188
Fr,4/8/2022,2Y,0.192
Fr,4/8/2022,5Y,0.752
Fr,4/8/2022,10Y,1.23
Mo,4/11/2022,2Y,0.259
Mo,4/11/2022,5Y,0.798
Mo,4/11/2022,10Y,1.305
Tu,4/12/2022,2Y,0.176
Tu,4/12/2022,5Y,0.743
Tu,4/12/2022,10Y,1.273
We,4/13/2022,2Y,0.141
We,4/13/2022,5Y,0.714
We,4/13/2022,10Y,1.253
Th,4/14/2022,2Y,0.112
Th,4/14/2022,5Y,0.733
Th,4/14/2022,10Y,1.33
Fr,4/15/2022,2Y,0.112
Fr,4/15/2022,5Y,0.733
Fr,4/15/2022,10Y,1.33
Mo,4/18/2022,2Y,0.112
Mo,4/18/2022,5Y,0.733
Mo,4/18/2022,10Y,1.33
Tu,4/19/2022,2Y,0.125
Tu,4/19/2022,5Y,0.771
Tu,4/19/2022,10Y,1.372
We,4/20/2022,2Y,0.111
We,4/20/2022,5Y,0.742
We,4/20/2022,10Y,1.315
Th,4/21/2022,2Y,0.278
Th,4/21/2022,5Y,0.848
Th,4/21/2022,10Y,1.395
Fr,4/22/2022,2Y,0.338
Fr,4/22/2022,5Y,0.895
Fr,4/22/2022,10Y,1.422
Mo,4/25/2022,2Y,0.206
Mo,4/25/2022,5Y,0.735
Mo,4/25/2022,10Y,1.291
Tu,4/26/2022,2Y,0.211
Tu,4/26/2022,5Y,0.723
Tu,4/26/2022,10Y,1.28
We,4/27/2022,2Y,0.155
We,4/27/2022,5Y,0.678
We,4/27/2022,10Y,1.276
Th,4/28/2022,2Y,0.264
Th,4/28/2022,5Y,0.807
Th,4/28/2022,10Y,1.384
Fr,4/29/2022,2Y,0.287
Fr,4/29/2022,5Y,0.852
Fr,4/29/2022,10Y,1.42
Mo,5/2/2022,2Y,0.312
Mo,5/2/2022,5Y,0.857
Mo,5/2/2022,10Y,1.459
Tu,5/3/2022,2Y,0.318
Tu,5/3/2022,5Y,0.898
Tu,5/3/2022,10Y,1.473
We,5/4/2022,2Y,0.368
We,5/4/2022,5Y,0.948
We,5/4/2022,10Y,1.48
Th,5/5/2022,2Y,0.357
Th,5/5/2022,5Y,0.971
Th,5/5/2022,10Y,1.547
Fr,5/6/2022,2Y,0.411
Fr,5/6/2022,5Y,1.048
Fr,5/6/2022,10Y,1.635
Mo,5/9/2022,2Y,0.339
Mo,5/9/2022,5Y,1.034
Mo,5/9/2022,10Y,1.615
Tu,5/10/2022,2Y,0.253
Tu,5/10/2022,5Y,0.877
Tu,5/10/2022,10Y,1.511
We,5/11/2022,2Y,0.243
We,5/11/2022,5Y,0.857
We,5/11/2022,10Y,1.483
Th,5/12/2022,2Y,0.138
Th,5/12/2022,5Y,0.716
Th,5/12/2022,10Y,1.353
Fr,5/13/2022,2Y,0.194
Fr,5/13/2022,5Y,0.786
Fr,5/13/2022,10Y,1.458
Mo,5/16/2022,2Y,0.226
Mo,5/16/2022,5Y,0.811
Mo,5/16/2022,10Y,1.449
Tu,5/17/2022,2Y,0.344
Tu,5/17/2022,5Y,0.937
Tu,5/17/2022,10Y,1.554
We,5/18/2022,2Y,0.347
We,5/18/2022,5Y,0.937
We,5/18/2022,10Y,1.538
Th,5/19/2022,2Y,0.342
Th,5/19/2022,5Y,0.891
Th,5/19/2022,10Y,1.467
Fr,5/20/2022,2Y,0.326
Fr,5/20/2022,5Y,0.858
Fr,5/20/2022,10Y,1.48
Mo,5/23/2022,2Y,0.357
Mo,5/23/2022,5Y,0.949
Mo,5/23/2022,10Y,1.569
Tu,5/24/2022,2Y,0.315
Tu,5/24/2022,5Y,0.906
Tu,5/24/2022,10Y,1.526
We,5/25/2022,2Y,0.309
We,5/25/2022,5Y,0.872
We,5/25/2022,10Y,1.501
Th,5/26/2022,2Y,0.314
Th,5/26/2022,5Y,0.898
Th,5/26/2022,10Y,1.542
Fr,5/27/2022,2Y,0.317
Fr,5/27/2022,5Y,0.874
Fr,5/27/2022,10Y,1.506
Mo,5/30/2022,2Y,0.42
Mo,5/30/2022,5Y,0.976
Mo,5/30/2022,10Y,1.598
Tu,5/31/2022,2Y,0.494
Tu,5/31/2022,5Y,1.041
Tu,5/31/2022,10Y,1.666
We,6/1/2022,2Y,0.576
We,6/1/2022,5Y,1.102
We,6/1/2022,10Y,1.734
Th,6/2/2022,2Y,0.612
Th,6/2/2022,5Y,1.192
Th,6/2/2022,10Y,1.786
Fr,6/3/2022,2Y,0.636
Fr,6/3/2022,5Y,1.209
Fr,6/3/2022,10Y,1.819
Mo,6/6/2022,2Y,0.665
Mo,6/6/2022,5Y,1.274
Mo,6/6/2022,10Y,1.854
Tu,6/7/2022,2Y,0.649
Tu,6/7/2022,5Y,1.229
Tu,6/7/2022,10Y,1.814
We,6/8/2022,2Y,0.694
We,6/8/2022,5Y,1.288
We,6/8/2022,10Y,1.867
Th,6/9/2022,2Y,0.825
Th,6/9/2022,5Y,1.414
Th,6/9/2022,10Y,1.952
Fr,6/10/2022,2Y,0.96
Fr,6/10/2022,5Y,1.55
Fr,6/10/2022,10Y,2.062
Mo,6/13/2022,2Y,1.157
Mo,6/13/2022,5Y,1.759
Mo,6/13/2022,10Y,2.245
Tu,6/14/2022,2Y,1.242
Tu,6/14/2022,5Y,1.839
Tu,6/14/2022,10Y,2.363
We,6/15/2022,2Y,1.071
We,6/15/2022,5Y,1.694
We,6/15/2022,10Y,2.216
Th,6/16/2022,2Y,1.177
Th,6/16/2022,5Y,1.813
Th,6/16/2022,10Y,2.273
Fr,6/17/2022,2Y,1.101
Fr,6/17/2022,5Y,1.72
Fr,6/17/2022,10Y,2.207
Mo,6/20/2022,2Y,1.144
Mo,6/20/2022,5Y,1.807
Mo,6/20/2022,10Y,2.299
Tu,6/21/2022,2Y,1.146
Tu,6/21/2022,5Y,1.808
Tu,6/21/2022,10Y,2.322
We,6/22/2022,2Y,1.04
We,6/22/2022,5Y,1.661
We,6/22/2022,10Y,2.178
Th,6/23/2022,2Y,0.811
Th,6/23/2022,5Y,1.409
Th,6/23/2022,10Y,1.967
Fr,6/24/2022,2Y,0.794
Fr,6/24/2022,5Y,1.407
Fr,6/24/2022,10Y,1.971
Mo,6/27/2022,2Y,0.882
Mo,6/27/2022,5Y,1.546
Mo,6/27/2022,10Y,2.083
Tu,6/28/2022,2Y,0.922
Tu,6/28/2022,5Y,1.616
Tu,6/28/2022,10Y,2.171
We,6/29/2022,2Y,0.808
We,6/29/2022,5Y,1.477
We,6/29/2022,10Y,2.063
Th,6/30/2022,2Y,0.61
Th,6/30/2022,5Y,1.269
Th,6/30/2022,10Y,1.899
Fr,7/1/2022,2Y,0.49
Fr,7/1/2022,5Y,1.126
Fr,7/1/2022,10Y,1.789
Mo,7/4/2022,2Y,0.597
Mo,7/4/2022,5Y,1.251
Mo,7/4/2022,10Y,1.893
Tu,7/5/2022,2Y,0.408
Tu,7/5/2022,5Y,1.088
Tu,7/5/2022,10Y,1.777
We,7/6/2022,2Y,0.366
We,7/6/2022,5Y,1.043
We,7/6/2022,10Y,1.759
Th,7/7/2022,2Y,0.527
Th,7/7/2022,5Y,1.181
Th,7/7/2022,10Y,1.87
Fr,7/8/2022,2Y,0.513
Fr,7/8/2022,5Y,1.147
Fr,7/8/2022,10Y,1.894
Mo,7/11/2022,2Y,0.416
Mo,7/11/2022,5Y,1.086
Mo,7/11/2022,10Y,1.793
Tu,7/12/2022,2Y,0.306
Tu,7/12/2022,5Y,0.966
Tu,7/12/2022,10Y,1.674
We,7/13/2022,2Y,0.423
We,7/13/2022,5Y,1.034
We,7/13/2022,10Y,1.687
Th,7/14/2022,2Y,0.461
Th,7/14/2022,5Y,1.081
Th,7/14/2022,10Y,1.726
Fr,7/15/2022,2Y,0.385
Fr,7/15/2022,5Y,1.042
Fr,7/15/2022,10Y,1.686
Mo,7/18/2022,2Y,0.445
Mo,7/18/2022,5Y,1.121
Mo,7/18/2022,10Y,1.766
Tu,7/19/2022,2Y,0.564
Tu,7/19/2022,5Y,1.221
Tu,7/19/2022,10Y,1.805
We,7/20/2022,2Y,0.566
We,7/20/2022,5Y,1.179
We,7/20/2022,10Y,1.779
Th,7/21/2022,2Y,0.678
Th,7/21/2022,5Y,1.215
Th,7/21/2022,10Y,1.76
Fr,7/22/2022,2Y,0.41
Fr,7/22/2022,5Y,0.954
Fr,7/22/2022,10Y,1.562
Mo,7/25/2022,2Y,0.443
Mo,7/25/2022,5Y,0.95
Mo,7/25/2022,10Y,1.553
Tu,7/26/2022,2Y,0.359
Tu,7/26/2022,5Y,0.861
Tu,7/26/2022,10Y,1.461
We,7/27/2022,2Y,0.47
We,7/27/2022,5Y,0.909
We,7/27/2022,10Y,1.479
Th,7/28/2022,2Y,0.276
Th,7/28/2022,5Y,0.689
Th,7/28/2022,10Y,1.36
Fr,7/29/2022,2Y,0.334
Fr,7/29/2022,5Y,0.716
Fr,7/29/2022,10Y,1.335
Mo,8/1/2022,2Y,0.296
Mo,8/1/2022,5Y,0.69
Mo,8/1/2022,10Y,1.298
Tu,8/2/2022,2Y,0.325
Tu,8/2/2022,5Y,0.748
Tu,8/2/2022,10Y,1.365
We,8/3/2022,2Y,0.442
We,8/3/2022,5Y,0.817
We,8/3/2022,10Y,1.418
Th,8/4/2022,2Y,0.383
Th,8/4/2022,5Y,0.732
Th,8/4/2022,10Y,1.338
Fr,8/5/2022,2Y,0.511
Fr,8/5/2022,5Y,0.885
Fr,8/5/2022,10Y,1.485
Mo,8/8/2022,2Y,0.486
Mo,8/8/2022,5Y,0.843
Mo,8/8/2022,10Y,1.438
Tu,8/9/2022,2Y,0.532
Tu,8/9/2022,5Y,0.859
Tu,8/9/2022,10Y,1.442
We,8/10/2022,2Y,0.485
We,8/10/2022,5Y,0.818
We,8/10/2022,10Y,1.421
Th,8/11/2022,2Y,0.499
Th,8/11/2022,5Y,0.875
Th,8/11/2022,10Y,1.51
Fr,8/12/2022,2Y,0.56
Fr,8/12/2022,5Y,0.905
Fr,8/12/2022,10Y,1.517
Mo,8/15/2022,2Y,0.466
Mo,8/15/2022,5Y,0.829
Mo,8/15/2022,10Y,1.432
Tu,8/16/2022,2Y,0.556
Tu,8/16/2022,5Y,0.893
Tu,8/16/2022,10Y,1.507
We,8/17/2022,2Y,0.678
We,8/17/2022,5Y,1.046
We,8/17/2022,10Y,1.627
Th,8/18/2022,2Y,0.753
Th,8/18/2022,5Y,1.093
Th,8/18/2022,10Y,1.657
Fr,8/19/2022,2Y,0.849
Fr,8/19/2022,5Y,1.208
Fr,8/19/2022,10Y,1.794
Mo,8/22/2022,2Y,0.913
Mo,8/22/2022,5Y,1.305
Mo,8/22/2022,10Y,1.879
Tu,8/23/2022,2Y,0.882
Tu,8/23/2022,5Y,1.283
Tu,8/23/2022,10Y,1.908
We,8/24/2022,2Y,0.952
We,8/24/2022,5Y,1.355
We,8/24/2022,10Y,1.97
Th,8/25/2022,2Y,0.936
Th,8/25/2022,5Y,1.299
Th,8/25/2022,10Y,1.922
Fr,8/26/2022,2Y,1.042
Fr,8/26/2022,5Y,1.416
Fr,8/26/2022,10Y,2.012
Mo,8/29/2022,2Y,1.168
Mo,8/29/2022,5Y,1.556
Mo,8/29/2022,10Y,2.127
Tu,8/30/2022,2Y,1.193
Tu,8/30/2022,5Y,1.575
Tu,8/30/2022,10Y,2.131
We,8/31/2022,2Y,1.226
We,8/31/2022,5Y,1.628
We,8/31/2022,10Y,2.16
Th,9/1/2022,2Y,1.209
Th,9/1/2022,5Y,1.602
Th,9/1/2022,10Y,2.181
Fr,9/2/2022,2Y,1.117
Fr,9/2/2022,5Y,1.537
Fr,9/2/2022,10Y,2.142
Mo,9/5/2022,2Y,1.095
Mo,9/5/2022,5Y,1.589
Mo,9/5/2022,10Y,2.2
Tu,9/6/2022,2Y,1.101
Tu,9/6/2022,5Y,1.65
Tu,9/6/2022,10Y,2.259
We,9/7/2022,2Y,1.106
We,9/7/2022,5Y,1.603
We,9/7/2022,10Y,2.194
Th,9/8/2022,2Y,1.326
Th,9/8/2022,5Y,1.774
Th,9/8/2022,10Y,2.313
Fr,9/9/2022,2Y,1.332
Fr,9/9/2022,5Y,1.751
Fr,9/9/2022,10Y,2.296
Mo,9/12/2022,2Y,1.3
Mo,9/12/2022,5Y,1.737
Mo,9/12/2022,10Y,2.251
Tu,9/13/2022,2Y,1.36
Tu,9/13/2022,5Y,1.832
Tu,9/13/2022,10Y,2.333
We,9/14/2022,2Y,1.395
We,9/14/2022,5Y,1.828
We,9/14/2022,10Y,2.327
Th,9/15/2022,2Y,1.51
Th,9/15/2022,5Y,1.919
Th,9/15/2022,10Y,2.385
Fr,9/16/2022,2Y,1.532
Fr,9/16/2022,5Y,1.883
Fr,9/16/2022,10Y,2.356
Mo,9/19/2022,2Y,1.59
Mo,9/19/2022,5Y,1.978
Mo,9/19/2022,10Y,2.401
Tu,9/20/2022,2Y,1.677
Tu,9/20/2022,5Y,2.105
Tu,9/20/2022,10Y,2.513
We,9/21/2022,2Y,1.734
We,9/21/2022,5Y,2.138
We,9/21/2022,10Y,2.489
Th,9/22/2022,2Y,1.824
Th,9/22/2022,5Y,2.234
Th,9/22/2022,10Y,2.558
Fr,9/23/2022,2Y,1.888
Fr,9/23/2022,5Y,2.344
Fr,9/23/2022,10Y,2.617
Mo,9/26/2022,2Y,1.944
Mo,9/26/2022,5Y,2.424
Mo,9/26/2022,10Y,2.724
Tu,9/27/2022,2Y,1.99
Tu,9/27/2022,5Y,2.516
Tu,9/27/2022,10Y,2.843
We,9/28/2022,2Y,1.847
We,9/28/2022,5Y,2.373
We,9/28/2022,10Y,2.759
Th,9/29/2022,2Y,1.818
Th,9/29/2022,5Y,2.36
Th,9/29/2022,10Y,2.838
Fr,9/30/2022,2Y,1.837
Fr,9/30/2022,5Y,2.302
Fr,9/30/2022,10Y,2.805
Mo,10/3/2022,2Y,1.652
Mo,10/3/2022,5Y,2.113
Mo,10/3/2022,10Y,2.614
Tu,10/4/2022,2Y,1.626
Tu,10/4/2022,5Y,2.046
Tu,10/4/2022,10Y,2.538
We,10/5/2022,2Y,1.762
We,10/5/2022,5Y,2.195
We,10/5/2022,10Y,2.699
Th,10/6/2022,2Y,1.822
Th,10/6/2022,5Y,2.292
Th,10/6/2022,10Y,2.75
Fr,10/7/2022,2Y,1.89
Fr,10/7/2022,5Y,2.375
Fr,10/7/2022,10Y,2.878
Mo,10/10/2022,2Y,1.911
Mo,10/10/2022,5Y,2.467
Mo,10/10/2022,10Y,3.026
Tu,10/11/2022,2Y,1.873
Tu,10/11/2022,5Y,2.412
Tu,10/11/2022,10Y,3.02
We,10/12/2022,2Y,1.837
We,10/12/2022,5Y,2.408
We,10/12/2022,10Y,3.027
Th,10/13/2022,2Y,1.905
Th,10/13/2022,5Y,2.444
Th,10/13/2022,10Y,2.976
Fr,10/14/2022,2Y,1.97
Fr,10/14/2022,5Y,2.506
Fr,10/14/2022,10Y,3.054
Mo,10/17/2022,2Y,1.978
Mo,10/17/2022,5Y,2.469
Mo,10/17/2022,10Y,2.983
Tu,10/18/2022,2Y,1.956
Tu,10/18/2022,5Y,2.485
Tu,10/18/2022,10Y,2.99
We,10/19/2022,2Y,2.016
We,10/19/2022,5Y,2.681
We,10/19/2022,10Y,3.091
Th,10/20/2022,2Y,2.053
Th,10/20/2022,5Y,2.682
Th,10/20/2022,10Y,3.112
Fr,10/21/2022,2Y,1.983
Fr,10/21/2022,5Y,2.657
Fr,10/21/2022,10Y,3.122
Mo,10/24/2022,2Y,1.984
Mo,10/24/2022,5Y,2.601
Mo,10/24/2022,10Y,3.033
Tu,10/25/2022,2Y,1.936
Tu,10/25/2022,5Y,2.501
Tu,10/25/2022,10Y,2.889
We,10/26/2022,2Y,1.943
We,10/26/2022,5Y,2.442
We,10/26/2022,10Y,2.823
Th,10/27/2022,2Y,1.751
Th,10/27/2022,5Y,2.234
Th,10/27/2022,10Y,2.643
Fr,10/28/2022,2Y,1.893
Fr,10/28/2022,5Y,2.398
Fr,10/28/2022,10Y,2.764
Mo,10/31/2022,2Y,1.941
Mo,10/31/2022,5Y,2.413
Mo,10/31/2022,10Y,2.805
Tu,11/1/2022,2Y,1.958
Tu,11/1/2022,5Y,2.406
Tu,11/1/2022,10Y,2.827
We,11/2/2022,2Y,1.984
We,11/2/2022,5Y,2.427
We,11/2/2022,10Y,2.815
Th,11/3/2022,2Y,2.07
Th,11/3/2022,5Y,2.52
Th,11/3/2022,10Y,2.92
Fr,11/4/2022,2Y,2.126
Fr,11/4/2022,5Y,2.571
Fr,11/4/2022,10Y,2.97
Mo,11/7/2022,2Y,2.164
Mo,11/7/2022,5Y,2.615
Mo,11/7/2022,10Y,3.006
Tu,11/8/2022,2Y,2.184
Tu,11/8/2022,5Y,2.582
Tu,11/8/2022,10Y,2.916
We,11/9/2022,2Y,2.115
We,11/9/2022,5Y,2.46
We,11/9/2022,10Y,2.801
Th,11/10/2022,2Y,2.009
Th,11/10/2022,5Y,2.29
Th,11/10/2022,10Y,2.64
Fr,11/11/2022,2Y,2.196
Fr,11/11/2022,5Y,2.453
Fr,11/11/2022,10Y,2.753
Mo,11/14/2022,2Y,2.21
Mo,11/14/2022,5Y,2.427
Mo,11/14/2022,10Y,2.739
Tu,11/15/2022,2Y,2.21
Tu,11/15/2022,5Y,2.406
Tu,11/15/2022,10Y,2.702
We,11/16/2022,2Y,2.151
We,11/16/2022,5Y,2.288
We,11/16/2022,10Y,2.578
Th,11/17/2022,2Y,2.205
Th,11/17/2022,5Y,2.316
Th,11/17/2022,10Y,2.593
Fr,11/18/2022,2Y,2.168
Fr,11/18/2022,5Y,2.299
Fr,11/18/2022,10Y,2.591
Mo,11/21/2022,2Y,2.149
Mo,11/21/2022,5Y,2.273
Mo,11/21/2022,10Y,2.57
Tu,11/22/2022,2Y,2.181
Tu,11/22/2022,5Y,2.243
Tu,11/22/2022,10Y,2.536
We,11/23/2022,2Y,2.232
We,11/23/2022,5Y,2.243
We,11/23/2022,10Y,2.492
Th,11/24/2022,2Y,2.146
Th,11/24/2022,5Y,2.162
Th,11/24/2022,10Y,2.408
Fr,11/25/2022,2Y,2.265
Fr,11/25/2022,5Y,2.294
Fr,11/25/2022,10Y,2.543
Mo,11/28/2022,2Y,2.238
Mo,11/28/2022,5Y,2.277
Mo,11/28/2022,10Y,2.569
Tu,11/29/2022,2Y,2.158
Tu,11/29/2022,5Y,2.176
Tu,11/29/2022,10Y,2.504
We,11/30/2022,2Y,2.137
We,11/30/2022,5Y,2.17
We,11/30/2022,10Y,2.521
Th,12/1/2022,2Y,2.023
Th,12/1/2022,5Y,2.03
Th,12/1/2022,10Y,2.4
Fr,12/2/2022,2Y,2.079
Fr,12/2/2022,5Y,2.099
Fr,12/2/2022,10Y,2.44
Mo,12/5/2022,2Y,2.089
Mo,12/5/2022,5Y,2.126
Mo,12/5/2022,10Y,2.464
Tu,12/6/2022,2Y,2.035
Tu,12/6/2022,5Y,2.045
Tu,12/6/2022,10Y,2.385
We,12/7/2022,2Y,2.01
We,12/7/2022,5Y,1.999
We,12/7/2022,10Y,2.375
Th,12/8/2022,2Y,2.086
Th,12/8/2022,5Y,2.058
Th,12/8/2022,10Y,2.408
Fr,12/9/2022,2Y,2.179
Fr,12/9/2022,5Y,2.16
Fr,12/9/2022,10Y,2.523
Mo,12/12/2022,2Y,2.23
Mo,12/12/2022,5Y,2.194
Mo,12/12/2022,10Y,2.528
Tu,12/13/2022,2Y,2.16
Tu,12/13/2022,5Y,2.158
Tu,12/13/2022,10Y,2.514
We,12/14/2022,2Y,2.163
We,12/14/2022,5Y,2.148
We,12/14/2022,10Y,2.53
Th,12/15/2022,2Y,2.407
Th,12/15/2022,5Y,2.362
Th,12/15/2022,10Y,2.68
Fr,12/16/2022,2Y,2.484
Fr,12/16/2022,5Y,2.452
Fr,12/16/2022,10Y,2.767
Mo,12/19/2022,2Y,2.489
Mo,12/19/2022,5Y,2.479
Mo,12/19/2022,10Y,2.813
Tu,12/20/2022,2Y,2.566
Tu,12/20/2022,5Y,2.591
Tu,12/20/2022,10Y,2.914
We,12/21/2022,2Y,2.571
We,12/21/2022,5Y,2.624
We,12/21/2022,10Y,2.915
Th,12/22/2022,2Y,2.62
Th,12/22/2022,5Y,2.667
Th,12/22/2022,10Y,2.962
Fr,12/23/2022,2Y,2.665
Fr,12/23/2022,5Y,2.768
Fr,12/23/2022,10Y,2.938
Mo,12/26/2022,2Y,2.665
Mo,12/26/2022,5Y,2.768
Mo,12/26/2022,10Y,2.938
Tu,12/27/2022,2Y,2.751
Tu,12/27/2022,5Y,2.822
Tu,12/27/2022,10Y,3.123
We,12/28/2022,2Y,2.688
We,12/28/2022,5Y,2.799
We,12/28/2022,10Y,3.106
Th,12/29/2022,2Y,2.712
Th,12/29/2022,5Y,2.759
Th,12/29/2022,10Y,3.044
Fr,12/30/2022,2Y,2.785
Fr,12/30/2022,5Y,2.867
Fr,12/30/2022,10Y,3.17
Mo,1/2/2023,2Y,2.727
Mo,1/2/2023,5Y,2.738
Mo,1/2/2023,10Y,3.045
Tu,1/3/2023,2Y,2.733
Tu,1/3/2023,5Y,2.714
Tu,1/3/2023,10Y,3.011
We,1/4/2023,2Y,2.663
We,1/4/2023,5Y,2.623
We,1/4/2023,10Y,2.864
Th,1/5/2023,2Y,2.697
Th,1/5/2023,5Y,2.677
Th,1/5/2023,10Y,2.913
Fr,1/6/2023,2Y,2.636
Fr,1/6/2023,5Y,2.58
Fr,1/6/2023,10Y,2.808
Mo,1/9/2023,2Y,2.642
Mo,1/9/2023,5Y,2.569
Mo,1/9/2023,10Y,2.831
Tu,1/10/2023,2Y,2.677
Tu,1/10/2023,5Y,2.655
Tu,1/10/2023,10Y,2.899
We,1/11/2023,2Y,2.622
We,1/11/2023,5Y,2.53
We,1/11/2023,10Y,2.765
Th,1/12/2023,2Y,2.583
Th,1/12/2023,5Y,2.48
Th,1/12/2023,10Y,2.719
Fr,1/13/2023,2Y,2.578
Fr,1/13/2023,5Y,2.509
Fr,1/13/2023,10Y,2.734
Mo,1/16/2023,2Y,2.598
Mo,1/16/2023,5Y,2.491
Mo,1/16/2023,10Y,2.736
Tu,1/17/2023,2Y,2.48
Tu,1/17/2023,5Y,2.376
Tu,1/17/2023,10Y,2.64
We,1/18/2023,2Y,2.489
We,1/18/2023,5Y,2.311
We,1/18/2023,10Y,2.546
Th,1/19/2023,2Y,2.529
Th,1/19/2023,5Y,2.355
Th,1/19/2023,10Y,2.591
Fr,1/20/2023,2Y,2.5
Fr,1/20/2023,5Y,2.466
Fr,1/20/2023,10Y,2.713
Mo,1/23/2023,2Y,2.516
Mo,1/23/2023,5Y,2.527
Mo,1/23/2023,10Y,2.755
Tu,1/24/2023,2Y,2.482
Tu,1/24/2023,5Y,2.464
Tu,1/24/2023,10Y,2.691
We,1/25/2023,2Y,2.568
We,1/25/2023,5Y,2.447
We,1/25/2023,10Y,2.7
Th,1/26/2023,2Y,2.615
Th,1/26/2023,5Y,2.486
Th,1/26/2023,10Y,2.767
Fr,1/27/2023,2Y,2.611
Fr,1/27/2023,5Y,2.499
Fr,1/27/2023,10Y,2.793
Mo,1/30/2023,2Y,2.686
Mo,1/30/2023,5Y,2.629
Mo,1/30/2023,10Y,2.884
Tu,1/31/2023,2Y,2.681
Tu,1/31/2023,5Y,2.636
Tu,1/31/2023,10Y,2.905
We,2/1/2023,2Y,2.702
We,2/1/2023,5Y,2.646
We,2/1/2023,10Y,2.909
Th,2/2/2023,2Y,2.496
Th,2/2/2023,5Y,2.418
Th,2/2/2023,10Y,2.686
Fr,2/3/2023,2Y,2.581
Fr,2/3/2023,5Y,2.528
Fr,2/3/2023,10Y,2.826
Mo,2/6/2023,2Y,2.66
Mo,2/6/2023,5Y,2.634
Mo,2/6/2023,10Y,2.919
Tu,2/7/2023,2Y,2.744
Tu,2/7/2023,5Y,2.698
Tu,2/7/2023,10Y,2.954
We,2/8/2023,2Y,2.749
We,2/8/2023,5Y,2.702
We,2/8/2023,10Y,2.975
Th,2/9/2023,2Y,2.739
Th,2/9/2023,5Y,2.661
Th,2/9/2023,10Y,2.914
Fr,2/10/2023,2Y,2.798
Fr,2/10/2023,5Y,2.733
Fr,2/10/2023,10Y,2.974
Mo,2/13/2023,2Y,2.817
Mo,2/13/2023,5Y,2.723
Mo,2/13/2023,10Y,2.973
Tu,2/14/2023,2Y,2.901
Tu,2/14/2023,5Y,2.806
Tu,2/14/2023,10Y,3.051
We,2/15/2023,2Y,2.924
We,2/15/2023,5Y,2.842
We,2/15/2023,10Y,3.099
Th,2/16/2023,2Y,2.929
Th,2/16/2023,5Y,2.846
Th,2/16/2023,10Y,3.097
Fr,2/17/2023,2Y,2.915
Fr,2/17/2023,5Y,2.822
Fr,2/17/2023,10Y,3.063
Mo,2/20/2023,2Y,2.949
Mo,2/20/2023,5Y,2.852
Mo,2/20/2023,10Y,3.093
Tu,2/21/2023,2Y,3.009
Tu,2/21/2023,5Y,2.927
Tu,2/21/2023,10Y,3.172
We,2/22/2023,2Y,2.978
We,2/22/2023,5Y,2.911
We,2/22/2023,10Y,3.168
Th,2/23/2023,2Y,2.968
Th,2/23/2023,5Y,2.887
Th,2/23/2023,10Y,3.115
Fr,2/24/2023,2Y,3.068
Fr,2/24/2023,5Y,2.967
Fr,2/24/2023,10Y,3.172
Mo,2/27/2023,2Y,3.109
Mo,2/27/2023,5Y,3.001
Mo,2/27/2023,10Y,3.212
Tu,2/28/2023,2Y,3.176
Tu,2/28/2023,5Y,3.084
Tu,2/28/2023,10Y,3.275
We,3/1/2023,2Y,3.243
We,3/1/2023,5Y,3.154
We,3/1/2023,10Y,3.345
Th,3/2/2023,2Y,3.253
Th,3/2/2023,5Y,3.179
Th,3/2/2023,10Y,3.393
Fr,3/3/2023,2Y,3.265
Fr,3/3/2023,5Y,3.178
Fr,3/3/2023,10Y,3.356
Mo,3/6/2023,2Y,3.351
Mo,3/6/2023,5Y,3.238
Mo,3/6/2023,10Y,3.385
Tu,3/7/2023,2Y,3.341
Tu,3/7/2023,5Y,3.181
Tu,3/7/2023,10Y,3.32
We,3/8/2023,2Y,3.361
We,3/8/2023,5Y,3.169
We,3/8/2023,10Y,3.273
Th,3/9/2023,2Y,3.319
Th,3/9/2023,5Y,3.132
Th,3/9/2023,10Y,3.269
Fr,3/10/2023,2Y,3.223
Fr,3/10/2023,5Y,2.972
Fr,3/10/2023,10Y,3.132
Mo,3/13/2023,2Y,2.84
Mo,3/13/2023,5Y,2.711
Mo,3/13/2023,10Y,2.92
Tu,3/14/2023,2Y,3.019
Tu,3/14/2023,5Y,2.891
Tu,3/14/2023,10Y,3.08
We,3/15/2023,2Y,2.6
We,3/15/2023,5Y,2.526
We,3/15/2023,10Y,2.818
Th,3/16/2023,2Y,2.755
Th,3/16/2023,5Y,2.704
Th,3/16/2023,10Y,2.958
Fr,3/17/2023,2Y,2.51
Fr,3/17/2023,5Y,2.49
Fr,3/17/2023,10Y,2.785
Mo,3/20/2023,2Y,2.487
Mo,3/20/2023,5Y,2.481
Mo,3/20/2023,10Y,2.776
Tu,3/21/2023,2Y,2.749
Tu,3/21/2023,5Y,2.685
Tu,3/21/2023,10Y,2.933
We,3/22/2023,2Y,2.832
We,3/22/2023,5Y,2.75
We,3/22/2023,10Y,2.966
Th,3/23/2023,2Y,2.641
Th,3/23/2023,5Y,2.578
Th,3/23/2023,10Y,2.835
Fr,3/24/2023,2Y,2.517
Fr,3/24/2023,5Y,2.491
Fr,3/24/2023,10Y,2.768
Mo,3/27/2023,2Y,2.64
Mo,3/27/2023,5Y,2.596
Mo,3/27/2023,10Y,2.864
Tu,3/28/2023,2Y,2.704
Tu,3/28/2023,5Y,2.664
Tu,3/28/2023,10Y,2.922
We,3/29/2023,2Y,2.754
We,3/29/2023,5Y,2.708
We,3/29/2023,10Y,2.951
Th,3/30/2023,2Y,2.859
Th,3/30/2023,5Y,2.778
Th,3/30/2023,10Y,3.011
Fr,3/31/2023,2Y,2.791
Fr,3/31/2023,5Y,2.682
Fr,3/31/2023,10Y,2.925
Mo,4/3/2023,2Y,2.77
Mo,4/3/2023,5Y,2.651
Mo,4/3/2023,10Y,2.891
Tu,4/4/2023,2Y,2.693
Tu,4/4/2023,5Y,2.6
Tu,4/4/2023,10Y,2.889
We,4/5/2023,2Y,2.636
We,4/5/2023,5Y,2.525
We,4/5/2023,10Y,2.821
Th,4/6/2023,2Y,2.656
Th,4/6/2023,5Y,2.528
Th,4/6/2023,10Y,2.829
Fr,4/7/2023,2Y,2.656
Fr,4/7/2023,5Y,2.528
Fr,4/7/2023,10Y,2.829
Mo,4/10/2023,2Y,2.656
Mo,4/10/2023,5Y,2.528
Mo,4/10/2023,10Y,2.829
Tu,4/11/2023,2Y,2.801
Tu,4/11/2023,5Y,2.673
Tu,4/11/2023,10Y,2.952
We,4/12/2023,2Y,2.902
We,4/12/2023,5Y,2.753
We,4/12/2023,10Y,3.008
Th,4/13/2023,2Y,2.894
Th,4/13/2023,5Y,2.748
Th,4/13/2023,10Y,3.011
Fr,4/14/2023,2Y,2.981
Fr,4/14/2023,5Y,2.827
Fr,4/14/2023,10Y,3.067
Mo,4/17/2023,2Y,2.986
Mo,4/17/2023,5Y,2.854
Mo,4/17/2023,10Y,3.092
Tu,4/18/2023,2Y,2.986
Tu,4/18/2023,5Y,2.877
Tu,4/18/2023,10Y,3.092
We,4/19/2023,2Y,3.071
We,4/19/2023,5Y,2.918
We,4/19/2023,10Y,3.139
Th,4/20/2023,2Y,3.001
Th,4/20/2023,5Y,2.841
Th,4/20/2023,10Y,3.064
Fr,4/21/2023,2Y,3.028
Fr,4/21/2023,5Y,2.873
Fr,4/21/2023,10Y,3.11
Mo,4/24/2023,2Y,3.07
Mo,4/24/2023,5Y,2.917
Mo,4/24/2023,10Y,3.143
Tu,4/25/2023,2Y,2.956
Tu,4/25/2023,5Y,2.779
Tu,4/25/2023,10Y,3.021
We,4/26/2023,2Y,2.874
We,4/26/2023,5Y,2.78
We,4/26/2023,10Y,3.048
Th,4/27/2023,2Y,2.973
Th,4/27/2023,5Y,2.832
Th,4/27/2023,10Y,3.112
Fr,4/28/2023,2Y,2.843
Fr,4/28/2023,5Y,2.675
Fr,4/28/2023,10Y,2.966
Mo,5/1/2023,2Y,2.843
Mo,5/1/2023,5Y,2.675
Mo,5/1/2023,10Y,2.966
Tu,5/2/2023,2Y,2.778
Tu,5/2/2023,5Y,2.626
Tu,5/2/2023,10Y,2.924
We,5/3/2023,2Y,2.779
We,5/3/2023,5Y,2.633
We,5/3/2023,10Y,2.904
Th,5/4/2023,2Y,2.627
Th,5/4/2023,5Y,2.516
Th,5/4/2023,10Y,2.857
Fr,5/5/2023,2Y,2.727
Fr,5/5/2023,5Y,2.632
Fr,5/5/2023,10Y,2.946
Mo,5/8/2023,2Y,2.763
Mo,5/8/2023,5Y,2.672
Mo,5/8/2023,10Y,2.975
Tu,5/9/2023,2Y,2.765
Tu,5/9/2023,5Y,2.705
Tu,5/9/2023,10Y,3.01
We,5/10/2023,2Y,2.718
We,5/10/2023,5Y,2.636
We,5/10/2023,10Y,2.957
Th,5/11/2023,2Y,2.672
Th,5/11/2023,5Y,2.577
Th,5/11/2023,10Y,2.884
Fr,5/12/2023,2Y,2.712
Fr,5/12/2023,5Y,2.627
Fr,5/12/2023,10Y,2.95
Mo,5/15/2023,2Y,2.736
Mo,5/15/2023,5Y,2.653
Mo,5/15/2023,10Y,2.975
Tu,5/16/2023,2Y,2.79
Tu,5/16/2023,5Y,2.716
Tu,5/16/2023,10Y,3.022
We,5/17/2023,2Y,2.837
We,5/17/2023,5Y,2.737
We,5/17/2023,10Y,3.008
Th,5/18/2023,2Y,2.894
Th,5/18/2023,5Y,2.828
Th,5/18/2023,10Y,3.122
Fr,5/19/2023,2Y,2.901
Fr,5/19/2023,5Y,2.818
Fr,5/19/2023,10Y,3.094
Mo,5/22/2023,2Y,2.949
Mo,5/22/2023,5Y,2.861
Mo,5/22/2023,10Y,3.139
Tu,5/23/2023,2Y,2.955
Tu,5/23/2023,5Y,2.867
Tu,5/23/2023,10Y,3.14
We,5/24/2023,2Y,2.981
We,5/24/2023,5Y,2.887
We,5/24/2023,10Y,3.136
Th,5/25/2023,2Y,3.03
Th,5/25/2023,5Y,2.938
Th,5/25/2023,10Y,3.181
Fr,5/26/2023,2Y,3.072
Fr,5/26/2023,5Y,2.946
Fr,5/26/2023,10Y,3.194
Mo,5/29/2023,2Y,3.001
Mo,5/29/2023,5Y,2.865
Mo,5/29/2023,10Y,3.088
Tu,5/30/2023,2Y,2.9
Tu,5/30/2023,5Y,2.754
Tu,5/30/2023,10Y,2.997
We,5/31/2023,2Y,2.818
We,5/31/2023,5Y,2.676
We,5/31/2023,10Y,2.95
Th,6/1/2023,2Y,2.83
Th,6/1/2023,5Y,2.657
Th,6/1/2023,10Y,2.923
Fr,6/2/2023,2Y,2.911
Fr,6/2/2023,5Y,2.753
Fr,6/2/2023,10Y,2.977
Mo,6/5/2023,2Y,3.027
Mo,6/5/2023,5Y,2.816
Mo,6/5/2023,10Y,3.042
Tu,6/6/2023,2Y,2.955
Tu,6/6/2023,5Y,2.782
Tu,6/6/2023,10Y,3.027
We,6/7/2023,2Y,3.01
We,6/7/2023,5Y,2.876
We,6/7/2023,10Y,3.122
Th,6/8/2023,2Y,3.018
Th,6/8/2023,5Y,2.826
Th,6/8/2023,10Y,3.057
Fr,6/9/2023,2Y,3.017
Fr,6/9/2023,5Y,2.831
Fr,6/9/2023,10Y,3.031
Mo,6/12/2023,2Y,2.984
Mo,6/12/2023,5Y,2.827
Mo,6/12/2023,10Y,3.024
Tu,6/13/2023,2Y,3.041
Tu,6/13/2023,5Y,2.877
Tu,6/13/2023,10Y,3.051
We,6/14/2023,2Y,3.06
We,6/14/2023,5Y,2.914
We,6/14/2023,10Y,3.092
Th,6/15/2023,2Y,3.203
Th,6/15/2023,5Y,3.013
Th,6/15/2023,10Y,3.131
Fr,6/16/2023,2Y,3.178
Fr,6/16/2023,5Y,2.974
Fr,6/16/2023,10Y,3.084
Mo,6/19/2023,2Y,3.24
Mo,6/19/2023,5Y,3.014
Mo,6/19/2023,10Y,3.138
Tu,6/20/2023,2Y,3.165
Tu,6/20/2023,5Y,2.929
Tu,6/20/2023,10Y,3.031
We,6/21/2023,2Y,3.223
We,6/21/2023,5Y,2.965
We,6/21/2023,10Y,3.062
Th,6/22/2023,2Y,3.315
Th,6/22/2023,5Y,3.046
Th,6/22/2023,10Y,3.112
Fr,6/23/2023,2Y,3.213
Fr,6/23/2023,5Y,2.909
Fr,6/23/2023,10Y,2.97
Mo,6/26/2023,2Y,3.191
Mo,6/26/2023,5Y,2.865
Mo,6/26/2023,10Y,2.944
Tu,6/27/2023,2Y,3.272
Tu,6/27/2023,5Y,2.925
Tu,6/27/2023,10Y,2.986
We,6/28/2023,2Y,3.216
We,6/28/2023,5Y,2.876
We,6/28/2023,10Y,2.947
Th,6/29/2023,2Y,3.288
Th,6/29/2023,5Y,2.983
Th,6/29/2023,10Y,3.051
Fr,6/30/2023,2Y,3.285
Fr,6/30/2023,5Y,2.977
Fr,6/30/2023,10Y,3.026
Mo,7/3/2023,2Y,3.354
Mo,7/3/2023,5Y,3.036
Mo,7/3/2023,10Y,3.069
Tu,7/4/2023,2Y,3.355
Tu,7/4/2023,5Y,3.026
Tu,7/4/2023,10Y,3.084
We,7/5/2023,2Y,3.332
We,7/5/2023,5Y,3.028
We,7/5/2023,10Y,3.097
Th,7/6/2023,2Y,3.406
Th,7/6/2023,5Y,3.167
Th,7/6/2023,10Y,3.264
Fr,7/7/2023,2Y,3.364
Fr,7/7/2023,5Y,3.143
Fr,7/7/2023,10Y,3.262
Mo,7/10/2023,2Y,3.4
Mo,7/10/2023,5Y,3.156
Mo,7/10/2023,10Y,3.275
Tu,7/11/2023,2Y,3.409
Tu,7/11/2023,5Y,3.174
Tu,7/11/2023,10Y,3.288
We,7/12/2023,2Y,3.332
We,7/12/2023,5Y,3.065
We,7/12/2023,10Y,3.176
Th,7/13/2023,2Y,3.292
Th,7/13/2023,5Y,2.981
Th,7/13/2023,10Y,3.085
Fr,7/14/2023,2Y,3.314
Fr,7/14/2023,5Y,3.03
Fr,7/14/2023,10Y,3.121
Mo,7/17/2023,2Y,3.264
Mo,7/17/2023,5Y,3.001
Mo,7/17/2023,10Y,3.075
Tu,7/18/2023,2Y,3.193
Tu,7/18/2023,5Y,2.891
Tu,7/18/2023,10Y,2.985
We,7/19/2023,2Y,3.19
We,7/19/2023,5Y,2.928
We,7/19/2023,10Y,3.044
Th,7/20/2023,2Y,3.267
Th,7/20/2023,5Y,2.98
Th,7/20/2023,10Y,3.092
Fr,7/21/2023,2Y,3.225
Fr,7/21/2023,5Y,2.956
Fr,7/21/2023,10Y,3.074
Mo,7/24/2023,2Y,3.199
Mo,7/24/2023,5Y,2.899
Mo,7/24/2023,10Y,3.027
Tu,7/25/2023,2Y,3.222
Tu,7/25/2023,5Y,2.908
Tu,7/25/2023,10Y,3.032
We,7/26/2023,2Y,3.289
We,7/26/2023,5Y,2.984
We,7/26/2023,10Y,3.091
Th,7/27/2023,2Y,3.231
Th,7/27/2023,5Y,2.938
Th,7/27/2023,10Y,3.073
Fr,7/28/2023,2Y,3.214
Fr,7/28/2023,5Y,2.943
Fr,7/28/2023,10Y,3.109
Mo,7/31/2023,2Y,3.269
Mo,7/31/2023,5Y,2.938
Mo,7/31/2023,10Y,3.097
Tu,8/1/2023,2Y,3.267
Tu,8/1/2023,5Y,2.983
Tu,8/1/2023,10Y,3.162
We,8/2/2023,2Y,3.231
We,8/2/2023,5Y,2.951
We,8/2/2023,10Y,3.14
Th,8/3/2023,2Y,3.209
Th,8/3/2023,5Y,3.005
Th,8/3/2023,10Y,3.199
Fr,8/4/2023,2Y,3.214
Fr,8/4/2023,5Y,2.983
Fr,8/4/2023,10Y,3.154
Mo,8/7/2023,2Y,3.189
Mo,8/7/2023,5Y,2.97
Mo,8/7/2023,10Y,3.19
Tu,8/8/2023,2Y,3.143
Tu,8/8/2023,5Y,2.878
Tu,8/8/2023,10Y,3.06
We,8/9/2023,2Y,3.168
We,8/9/2023,5Y,2.903
We,8/9/2023,10Y,3.092
Th,8/10/2023,2Y,3.197
Th,8/10/2023,5Y,2.943
Th,8/10/2023,10Y,3.117
Fr,8/11/2023,2Y,3.26
Fr,8/11/2023,5Y,3.026
Fr,8/11/2023,10Y,3.213
Mo,8/14/2023,2Y,3.272
Mo,8/14/2023,5Y,3.043
Mo,8/14/2023,10Y,3.234
Tu,8/15/2023,2Y,3.32
Tu,8/15/2023,5Y,3.086
Tu,8/15/2023,10Y,3.273
We,8/16/2023,2Y,3.299
We,8/16/2023,5Y,3.059
We,8/16/2023,10Y,3.252
Th,8/17/2023,2Y,3.307
Th,8/17/2023,5Y,3.102
Th,8/17/2023,10Y,3.31
Fr,8/18/2023,2Y,3.251
Fr,8/18/2023,5Y,3.024
Fr,8/18/2023,10Y,3.226
Mo,8/21/2023,2Y,3.31
Mo,8/21/2023,5Y,3.101
Mo,8/21/2023,10Y,3.301
Tu,8/22/2023,2Y,3.309
Tu,8/22/2023,5Y,3.051
Tu,8/22/2023,10Y,3.233
We,8/23/2023,2Y,3.171
We,8/23/2023,5Y,2.915
We,8/23/2023,10Y,3.1
Th,8/24/2023,2Y,3.16
Th,8/24/2023,5Y,2.912
Th,8/24/2023,10Y,3.107
Fr,8/25/2023,2Y,3.225
Fr,8/25/2023,5Y,2.986
Fr,8/25/2023,10Y,3.155
Mo,8/28/2023,2Y,3.256
Mo,8/28/2023,5Y,2.998
Mo,8/28/2023,10Y,3.151
Tu,8/29/2023,2Y,3.241
Tu,8/29/2023,5Y,2.947
Tu,8/29/2023,10Y,3.096
We,8/30/2023,2Y,3.261
We,8/30/2023,5Y,2.98
We,8/30/2023,10Y,3.136
Th,8/31/2023,2Y,3.169
Th,8/31/2023,5Y,2.882
Th,8/31/2023,10Y,3.053
Fr,9/1/2023,2Y,3.175
Fr,9/1/2023,5Y,2.934
Fr,9/1/2023,10Y,3.142
Mo,9/4/2023,2Y,3.225
Mo,9/4/2023,5Y,2.98
Mo,9/4/2023,10Y,3.162
Tu,9/5/2023,2Y,3.243
Tu,9/5/2023,5Y,2.99
Tu,9/5/2023,10Y,3.199
We,9/6/2023,2Y,3.291
We,9/6/2023,5Y,3.083
We,9/6/2023,10Y,3.237
Th,9/7/2023,2Y,3.278
Th,9/7/2023,5Y,3.03
Th,9/7/2023,10Y,3.187
Fr,9/8/2023,2Y,3.27
Fr,9/8/2023,5Y,3.03
Fr,9/8/2023,10Y,3.187
Mo,9/11/2023,2Y,3.288
Mo,9/11/2023,5Y,3.048
Mo,9/11/2023,10Y,3.219
Tu,9/12/2023,2Y,3.369
Tu,9/12/2023,5Y,3.069
Tu,9/12/2023,10Y,3.229
We,9/13/2023,2Y,3.397
We,9/13/2023,5Y,3.102
We,9/13/2023,10Y,3.242
Th,9/14/2023,2Y,3.398
Th,9/14/2023,5Y,3.037
Th,9/14/2023,10Y,3.179
Fr,9/15/2023,2Y,3.411
Fr,9/15/2023,5Y,3.116
Fr,9/15/2023,10Y,3.267
Mo,9/18/2023,2Y,3.465
Mo,9/18/2023,5Y,3.158
Mo,9/18/2023,10Y,3.294
Tu,9/19/2023,2Y,3.471
Tu,9/19/2023,5Y,3.188
Tu,9/19/2023,10Y,3.324
We,9/20/2023,2Y,3.445
We,9/20/2023,5Y,3.154
We,9/20/2023,10Y,3.279
Th,9/21/2023,2Y,3.468
Th,9/21/2023,5Y,3.171
Th,9/21/2023,10Y,3.321
Fr,9/22/2023,2Y,3.45
Fr,9/22/2023,5Y,3.163
Fr,9/22/2023,10Y,3.321
Mo,9/25/2023,2Y,3.433
Mo,9/25/2023,5Y,3.182
Mo,9/25/2023,10Y,3.381
Tu,9/26/2023,2Y,3.47
Tu,9/26/2023,5Y,3.175
Tu,9/26/2023,10Y,3.404
We,9/27/2023,2Y,3.481
We,9/27/2023,5Y,3.227
We,9/27/2023,10Y,3.441
Th,9/28/2023,2Y,3.563
Th,9/28/2023,5Y,3.316
Th,9/28/2023,10Y,3.536
Fr,9/29/2023,2Y,3.463
Fr,9/29/2023,5Y,3.205
Fr,9/29/2023,10Y,3.444
Mo,10/2/2023,2Y,3.485
Mo,10/2/2023,5Y,3.232
Mo,10/2/2023,10Y,3.526
Tu,10/3/2023,2Y,3.479
Tu,10/3/2023,5Y,3.255
Tu,10/3/2023,10Y,3.584
We,10/4/2023,2Y,3.459
We,10/4/2023,5Y,3.231
We,10/4/2023,10Y,3.536
Th,10/5/2023,2Y,3.42
Th,10/5/2023,5Y,3.189
Th,10/5/2023,10Y,3.51
Fr,10/6/2023,2Y,3.401
Fr,10/6/2023,5Y,3.189
Fr,10/6/2023,10Y,3.527
Mo,10/9/2023,2Y,3.32
Mo,10/9/2023,5Y,3.087
Mo,10/9/2023,10Y,3.41
Tu,10/10/2023,2Y,3.35
Tu,10/10/2023,5Y,3.1
Tu,10/10/2023,10Y,3.393
We,10/11/2023,2Y,3.381
We,10/11/2023,5Y,3.077
We,10/11/2023,10Y,3.336
Th,10/12/2023,2Y,3.435
Th,10/12/2023,5Y,3.15
Th,10/12/2023,10Y,3.414
Fr,10/13/2023,2Y,3.412
Fr,10/13/2023,5Y,3.119
Fr,10/13/2023,10Y,3.37
Mo,10/16/2023,2Y,3.435
Mo,10/16/2023,5Y,3.137
Mo,10/16/2023,10Y,3.414
Tu,10/17/2023,2Y,3.512
Tu,10/17/2023,5Y,3.233
Tu,10/17/2023,10Y,3.504
We,10/18/2023,2Y,3.523
We,10/18/2023,5Y,3.266
We,10/18/2023,10Y,3.563
Th,10/19/2023,2Y,3.535
Th,10/19/2023,5Y,3.278
Th,10/19/2023,10Y,3.557
Fr,10/20/2023,2Y,3.45
Fr,10/20/2023,5Y,3.157
Fr,10/20/2023,10Y,3.516
Mo,10/23/2023,2Y,3.455
Mo,10/23/2023,5Y,3.174
Mo,10/23/2023,10Y,3.488
Tu,10/24/2023,2Y,3.436
Tu,10/24/2023,5Y,3.128
Tu,10/24/2023,10Y,3.45
We,10/25/2023,2Y,3.45
We,10/25/2023,5Y,3.167
We,10/25/2023,10Y,3.521
Th,10/26/2023,2Y,3.416
Th,10/26/2023,5Y,3.123
Th,10/26/2023,10Y,3.488
Fr,10/27/2023,2Y,3.383
Fr,10/27/2023,5Y,3.097
Fr,10/27/2023,10Y,3.455
Mo,10/30/2023,2Y,3.15
Mo,10/30/2023,5Y,3.146
Mo,10/30/2023,10Y,3.44
Tu,10/31/2023,2Y,3.14
Tu,10/31/2023,5Y,3.132
Tu,10/31/2023,10Y,3.431
We,11/1/2023,2Y,3.115
We,11/1/2023,5Y,3.101
We,11/1/2023,10Y,3.402
Th,11/2/2023,2Y,3.119
Th,11/2/2023,5Y,3.066
Th,11/2/2023,10Y,3.342
Fr,11/3/2023,2Y,3.085
Fr,11/3/2023,5Y,2.997
Fr,11/3/2023,10Y,3.258
Mo,11/6/2023,2Y,3.142
Mo,11/6/2023,5Y,3.082
Mo,11/6/2023,10Y,3.357
Tu,11/7/2023,2Y,3.118
Tu,11/7/2023,5Y,3.038
Tu,11/7/2023,10Y,3.263
We,11/8/2023,2Y,3.135
We,11/8/2023,5Y,3.028
We,11/8/2023,10Y,3.213
Th,11/9/2023,2Y,3.139
Th,11/9/2023,5Y,3.021
Th,11/9/2023,10Y,3.248
Fr,11/10/2023,2Y,3.197
Fr,11/10/2023,5Y,3.094
Fr,11/10/2023,10Y,3.315
Mo,11/13/2023,2Y,3.194
Mo,11/13/2023,5Y,3.083
Mo,11/13/2023,10Y,3.313
Tu,11/14/2023,2Y,3.105
Tu,11/14/2023,5Y,2.957
Tu,11/14/2023,10Y,3.175
We,11/15/2023,2Y,3.128
We,11/15/2023,5Y,2.991
We,11/15/2023,10Y,3.211
Th,11/16/2023,2Y,3.049
Th,11/16/2023,5Y,2.917
Th,11/16/2023,10Y,3.149
Fr,11/17/2023,2Y,3.077
Fr,11/17/2023,5Y,2.94
Fr,11/17/2023,10Y,3.147
Mo,11/20/2023,2Y,3.121
Mo,11/20/2023,5Y,2.973
Mo,11/20/2023,10Y,3.178
Tu,11/21/2023,2Y,3.107
Tu,11/21/2023,5Y,2.92
Tu,11/21/2023,10Y,3.13
We,11/22/2023,2Y,3.119
We,11/22/2023,5Y,2.942
We,11/22/2023,10Y,3.122
Th,11/23/2023,2Y,3.152
Th,11/23/2023,5Y,2.989
Th,11/23/2023,10Y,3.184
Fr,11/24/2023,2Y,3.18
Fr,11/24/2023,5Y,3.018
Fr,11/24/2023,10Y,3.203
Mo,11/27/2023,2Y,3.092
Mo,11/27/2023,5Y,2.899
Mo,11/27/2023,10Y,3.111
Tu,11/28/2023,2Y,3.047
Tu,11/28/2023,5Y,2.839
Tu,11/28/2023,10Y,3.056
We,11/29/2023,2Y,2.958
We,11/29/2023,5Y,2.761
We,11/29/2023,10Y,2.988
Th,11/30/2023,2Y,2.948
Th,11/30/2023,5Y,2.774
Th,11/30/2023,10Y,3.012
Fr,12/1/2023,2Y,2.813
Fr,12/1/2023,5Y,2.654
Fr,12/1/2023,10Y,2.916
Mo,12/4/2023,2Y,2.816
Mo,12/4/2023,5Y,2.668
Mo,12/4/2023,10Y,2.918
Tu,12/5/2023,2Y,2.739
Tu,12/5/2023,5Y,2.572
Tu,12/5/2023,10Y,2.778
We,12/6/2023,2Y,2.715
We,12/6/2023,5Y,2.532
We,12/6/2023,10Y,2.731
Th,12/7/2023,2Y,2.699
Th,12/7/2023,5Y,2.506
Th,12/7/2023,10Y,2.72
Fr,12/8/2023,2Y,2.838
Fr,12/8/2023,5Y,2.615
Fr,12/8/2023,10Y,2.84
Mo,12/11/2023,2Y,2.828
Mo,12/11/2023,5Y,2.616
Mo,12/11/2023,10Y,2.845
Tu,12/12/2023,2Y,2.839
Tu,12/12/2023,5Y,2.596
Tu,12/12/2023,10Y,2.791
We,12/13/2023,2Y,2.766
We,12/13/2023,5Y,2.541
We,12/13/2023,10Y,2.725
Th,12/14/2023,2Y,2.665
Th,12/14/2023,5Y,2.455
Th,12/14/2023,10Y,2.656
Fr,12/15/2023,2Y,2.607
Fr,12/15/2023,5Y,2.382
Fr,12/15/2023,10Y,2.561
Mo,12/18/2023,2Y,2.638
Mo,12/18/2023,5Y,2.428
Mo,12/18/2023,10Y,2.626
Tu,12/19/2023,2Y,2.576
Tu,12/19/2023,5Y,2.377
Tu,12/19/2023,10Y,2.551
We,12/20/2023,2Y,2.523
We,12/20/2023,5Y,2.327
We,12/20/2023,10Y,2.513
Th,12/21/2023,2Y,2.488
Th,12/21/2023,5Y,2.312
Th,12/21/2023,10Y,2.504
Fr,12/22/2023,2Y,2.457
Fr,12/22/2023,5Y,2.299
Fr,12/22/2023,10Y,2.511
Mo,12/25/2023,2Y,2.457
Mo,12/25/2023,5Y,2.299
Mo,12/25/2023,10Y,2.511
Tu,12/26/2023,2Y,2.457
Tu,12/26/2023,5Y,2.299
Tu,12/26/2023,10Y,2.511
We,12/27/2023,2Y,2.426
We,12/27/2023,5Y,2.237
We,12/27/2023,10Y,2.435
Th,12/28/2023,2Y,2.395
Th,12/28/2023,5Y,2.262
Th,12/28/2023,10Y,2.487
Fr,12/29/2023,2Y,2.449
Fr,12/29/2023,5Y,2.315
Fr,12/29/2023,10Y,2.58
Mo,1/1/2024,2Y,2.45
Mo,1/1/2024,5Y,2.315
Mo,1/1/2024,10Y,2.58
Tu,1/2/2024,2Y,2.498
Tu,1/2/2024,5Y,2.361
Tu,1/2/2024,10Y,2.622
We,1/3/2024,2Y,2.49
We,1/3/2024,5Y,2.314
We,1/3/2024,10Y,2.58
Th,1/4/2024,2Y,2.605
Th,1/4/2024,5Y,2.434
Th,1/4/2024,10Y,2.684
Fr,1/5/2024,2Y,2.636
Fr,1/5/2024,5Y,2.48
Fr,1/5/2024,10Y,2.716
Mo,1/8/2024,2Y,2.624
Mo,1/8/2024,5Y,2.457
Mo,1/8/2024,10Y,2.689
Tu,1/9/2024,2Y,2.675
Tu,1/9/2024,5Y,2.515
Tu,1/9/2024,10Y,2.745
We,1/10/2024,2Y,2.722
We,1/10/2024,5Y,2.551
We,1/10/2024,10Y,2.771
Th,1/11/2024,2Y,2.713
Th,1/11/2024,5Y,2.533
Th,1/11/2024,10Y,2.761
Fr,1/12/2024,2Y,2.615
Fr,1/12/2024,5Y,2.456
Fr,1/12/2024,10Y,2.704
Mo,1/15/2024,2Y,2.696
Mo,1/15/2024,5Y,2.521
Mo,1/15/2024,10Y,2.747
Tu,1/16/2024,2Y,2.7
Tu,1/16/2024,5Y,2.536
Tu,1/16/2024,10Y,2.77
We,1/17/2024,2Y,2.794
We,1/17/2024,5Y,2.631
We,1/17/2024,10Y,2.84
Th,1/18/2024,2Y,2.79
Th,1/18/2024,5Y,2.64
Th,1/18/2024,10Y,2.859
Fr,1/19/2024,2Y,2.833
Fr,1/19/2024,5Y,2.654
Fr,1/19/2024,10Y,2.841
Mo,1/22/2024,2Y,2.796
Mo,1/22/2024,5Y,2.591
Mo,1/22/2024,10Y,2.793
Tu,1/23/2024,2Y,2.82
Tu,1/23/2024,5Y,2.634
Tu,1/23/2024,10Y,2.852
We,1/24/2024,2Y,2.821
We,1/24/2024,5Y,2.628
We,1/24/2024,10Y,2.834
Th,1/25/2024,2Y,2.723
Th,1/25/2024,5Y,2.549
Th,1/25/2024,10Y,2.775
Fr,1/26/2024,2Y,2.737
Fr,1/26/2024,5Y,2.563
Fr,1/26/2024,10Y,2.785
Mo,1/29/2024,2Y,2.615
Mo,1/29/2024,5Y,2.487
Mo,1/29/2024,10Y,2.771
Tu,1/30/2024,2Y,2.656
Tu,1/30/2024,5Y,2.522
Tu,1/30/2024,10Y,2.806
We,1/31/2024,2Y,2.555
We,1/31/2024,5Y,2.407
We,1/31/2024,10Y,2.703
Th,2/1/2024,2Y,2.582
Th,2/1/2024,5Y,2.419
Th,2/1/2024,10Y,2.705
Fr,2/2/2024,2Y,2.702
Fr,2/2/2024,5Y,2.528
Fr,2/2/2024,10Y,2.795
Mo,2/5/2024,2Y,2.748
Mo,2/5/2024,5Y,2.602
Mo,2/5/2024,10Y,2.866
Tu,2/6/2024,2Y,2.735
Tu,2/6/2024,5Y,2.569
Tu,2/6/2024,10Y,2.836
We,2/7/2024,2Y,2.762
We,2/7/2024,5Y,2.584
We,2/7/2024,10Y,2.859
Th,2/8/2024,2Y,2.801
Th,2/8/2024,5Y,2.638
Th,2/8/2024,10Y,2.901
Fr,2/9/2024,2Y,2.859
Fr,2/9/2024,5Y,2.687
Fr,2/9/2024,10Y,2.926
Mo,2/12/2024,2Y,2.836
Mo,2/12/2024,5Y,2.664
Mo,2/12/2024,10Y,2.9
Tu,2/13/2024,2Y,2.911
Tu,2/13/2024,5Y,2.717
Tu,2/13/2024,10Y,2.927
We,2/14/2024,2Y,2.88
We,2/14/2024,5Y,2.663
We,2/14/2024,10Y,2.863
Th,2/15/2024,2Y,2.9
Th,2/15/2024,5Y,2.695
Th,2/15/2024,10Y,2.883
Fr,2/16/2024,2Y,2.944
Fr,2/16/2024,5Y,2.742
Fr,2/16/2024,10Y,2.92
Mo,2/19/2024,2Y,2.936
Mo,2/19/2024,5Y,2.728
Mo,2/19/2024,10Y,2.921
Tu,2/20/2024,2Y,2.892
Tu,2/20/2024,5Y,2.687
Tu,2/20/2024,10Y,2.883
We,2/21/2024,2Y,2.975
We,2/21/2024,5Y,2.772
We,2/21/2024,10Y,2.962
Th,2/22/2024,2Y,3.024
Th,2/22/2024,5Y,2.793
Th,2/22/2024,10Y,2.935
Fr,2/23/2024,2Y,2.962
Fr,2/23/2024,5Y,2.711
Fr,2/23/2024,10Y,2.85
Mo,2/26/2024,2Y,3.031
Mo,2/26/2024,5Y,2.77
Mo,2/26/2024,10Y,2.923
Tu,2/27/2024,2Y,3.002
Tu,2/27/2024,5Y,2.79
Tu,2/27/2024,10Y,2.943
We,2/28/2024,2Y,3.015
We,2/28/2024,5Y,2.779
We,2/28/2024,10Y,2.933
Th,2/29/2024,2Y,3.006
Th,2/29/2024,5Y,2.736
Th,2/29/2024,10Y,2.897
Fr,3/1/2024,2Y,2.985
Fr,3/1/2024,5Y,2.746
Fr,3/1/2024,10Y,2.907
Mo,3/4/2024,2Y,2.999
Mo,3/4/2024,5Y,2.706
Mo,3/4/2024,10Y,2.888
Tu,3/5/2024,2Y,2.945
Tu,3/5/2024,5Y,2.645
Tu,3/5/2024,10Y,2.809
We,3/6/2024,2Y,2.945
We,3/6/2024,5Y,2.643
We,3/6/2024,10Y,2.795
Th,3/7/2024,2Y,2.912
Th,3/7/2024,5Y,2.604
Th,3/7/2024,10Y,2.774
Fr,3/8/2024,2Y,2.838
Fr,3/8/2024,5Y,2.539
Fr,3/8/2024,10Y,2.741
Mo,3/11/2024,2Y,2.848
Mo,3/11/2024,5Y,2.586
Mo,3/11/2024,10Y,2.788
Tu,3/12/2024,2Y,2.894
Tu,3/12/2024,5Y,2.617
Tu,3/12/2024,10Y,2.807
We,3/13/2024,2Y,2.926
We,3/13/2024,5Y,2.631
We,3/13/2024,10Y,2.83
Th,3/14/2024,2Y,2.94
Th,3/14/2024,5Y,2.688
Th,3/14/2024,10Y,2.89
Fr,3/15/2024,2Y,2.977
Fr,3/15/2024,5Y,2.705
Fr,3/15/2024,10Y,2.911
Mo,3/18/2024,2Y,2.998
Mo,3/18/2024,5Y,2.717
Mo,3/18/2024,10Y,2.923
Tu,3/19/2024,2Y,2.961
Tu,3/19/2024,5Y,2.688
Tu,3/19/2024,10Y,2.916
We,3/20/2024,2Y,2.937
We,3/20/2024,5Y,2.682
We,3/20/2024,10Y,2.906
Th,3/21/2024,2Y,2.882
Th,3/21/2024,5Y,2.648
Th,3/21/2024,10Y,2.879
Fr,3/22/2024,2Y,2.862
Fr,3/22/2024,5Y,2.606
Fr,3/22/2024,10Y,2.82
Mo,3/25/2024,2Y,2.921
Mo,3/25/2024,5Y,2.67
Mo,3/25/2024,10Y,2.872
Tu,3/26/2024,2Y,2.894
Tu,3/26/2024,5Y,2.653
Tu,3/26/2024,10Y,2.852
We,3/27/2024,2Y,2.868
We,3/27/2024,5Y,2.602
We,3/27/2024,10Y,2.808
Th,3/28/2024,2Y,2.884
Th,3/28/2024,5Y,2.612
Th,3/28/2024,10Y,2.815
Fr,3/29/2024,2Y,2.884
Fr,3/29/2024,5Y,2.612
Fr,3/29/2024,10Y,2.815
Mo,4/1/2024,2Y,2.884
Mo,4/1/2024,5Y,2.612
Mo,4/1/2024,10Y,2.815
Tu,4/2/2024,2Y,2.879
Tu,4/2/2024,5Y,2.67
Tu,4/2/2024,10Y,2.931
We,4/3/2024,2Y,2.884
We,4/3/2024,5Y,2.672
We,4/3/2024,10Y,2.917
Th,4/4/2024,2Y,2.898
Th,4/4/2024,5Y,2.646
Th,4/4/2024,10Y,2.863
Fr,4/5/2024,2Y,2.882
Fr,4/5/2024,5Y,2.664
Fr,4/5/2024,10Y,2.91
Mo,4/8/2024,2Y,2.946
Mo,4/8/2024,5Y,2.711
Mo,4/8/2024,10Y,2.944
Tu,4/9/2024,2Y,2.908
Tu,4/9/2024,5Y,2.658
Tu,4/9/2024,10Y,2.896
We,4/10/2024,2Y,2.996
We,4/10/2024,5Y,2.729
We,4/10/2024,10Y,2.946
Th,4/11/2024,2Y,2.991
Th,4/11/2024,5Y,2.749
Th,4/11/2024,10Y,2.98
Fr,4/12/2024,2Y,2.887
Fr,4/12/2024,5Y,2.636
Fr,4/12/2024,10Y,2.939
Mo,4/15/2024,2Y,2.947
Mo,4/15/2024,5Y,2.714
Mo,4/15/2024,10Y,2.997
Tu,4/16/2024,2Y,2.977
Tu,4/16/2024,5Y,2.758
Tu,4/16/2024,10Y,3.016
We,4/17/2024,2Y,2.982
We,4/17/2024,5Y,2.745
We,4/17/2024,10Y,2.982
Th,4/18/2024,2Y,3.008
Th,4/18/2024,5Y,2.782
Th,4/18/2024,10Y,3.008
Fr,4/19/2024,2Y,3.02
Fr,4/19/2024,5Y,2.788
Fr,4/19/2024,10Y,3.005
Mo,4/22/2024,2Y,3
Mo,4/22/2024,5Y,2.752
Mo,4/22/2024,10Y,2.971
Tu,4/23/2024,2Y,3.017
Tu,4/23/2024,5Y,2.767
Tu,4/23/2024,10Y,2.99
We,4/24/2024,2Y,3.07
We,4/24/2024,5Y,2.841
We,4/24/2024,10Y,3.08
Th,4/25/2024,2Y,3.111
Th,4/25/2024,5Y,2.888
Th,4/25/2024,10Y,3.122
Fr,4/26/2024,2Y,3.082
Fr,4/26/2024,5Y,2.837
Fr,4/26/2024,10Y,3.064
Mo,4/29/2024,2Y,3.057
Mo,4/29/2024,5Y,2.794
Mo,4/29/2024,10Y,2.998
Tu,4/30/2024,2Y,3.132
Tu,4/30/2024,5Y,2.903
Tu,4/30/2024,10Y,3.055
We,5/1/2024,2Y,3.132
We,5/1/2024,5Y,2.903
We,5/1/2024,10Y,3.055
Th,5/2/2024,2Y,3.09
Th,5/2/2024,5Y,2.857
Th,5/2/2024,10Y,3.024
Fr,5/3/2024,2Y,3.027
Fr,5/3/2024,5Y,2.803
Fr,5/3/2024,10Y,2.977
Mo,5/6/2024,2Y,3.022
Mo,5/6/2024,5Y,2.79
Mo,5/6/2024,10Y,2.957
Tu,5/7/2024,2Y,3.003
Tu,5/7/2024,5Y,2.757
Tu,5/7/2024,10Y,2.89
We,5/8/2024,2Y,3.033
We,5/8/2024,5Y,2.796
We,5/8/2024,10Y,2.927
Th,5/9/2024,2Y,3.036
Th,5/9/2024,5Y,2.819
Th,5/9/2024,10Y,2.972
Fr,5/10/2024,2Y,3.069
Fr,5/10/2024,5Y,2.852
Fr,5/10/2024,10Y,2.991
Mo,5/13/2024,2Y,3.051
Mo,5/13/2024,5Y,2.844
Mo,5/13/2024,10Y,2.986
Tu,5/14/2024,2Y,3.081
Tu,5/14/2024,5Y,2.883
Tu,5/14/2024,10Y,3.027
We,5/15/2024,2Y,2.996
We,5/15/2024,5Y,2.759
We,5/15/2024,10Y,2.89
Th,5/16/2024,2Y,3.025
Th,5/16/2024,5Y,2.804
Th,5/16/2024,10Y,2.921
Fr,5/17/2024,2Y,3.1
Fr,5/17/2024,5Y,2.877
Fr,5/17/2024,10Y,2.984
Mo,5/20/2024,2Y,3.105
Mo,5/20/2024,5Y,2.887
Mo,5/20/2024,10Y,2.992
Tu,5/21/2024,2Y,3.079
Tu,5/21/2024,5Y,2.849
Tu,5/21/2024,10Y,2.974
We,5/22/2024,2Y,3.105
We,5/22/2024,5Y,2.89
We,5/22/2024,10Y,3.012
Th,5/23/2024,2Y,3.173
Th,5/23/2024,5Y,2.952
Th,5/23/2024,10Y,3.068
Fr,5/24/2024,2Y,3.188
Fr,5/24/2024,5Y,2.949
Fr,5/24/2024,10Y,3.055
Mo,5/27/2024,2Y,3.142
Mo,5/27/2024,5Y,2.909
Mo,5/27/2024,10Y,3.014
Tu,5/28/2024,2Y,3.17
Tu,5/28/2024,5Y,2.949
Tu,5/28/2024,10Y,3.071
We,5/29/2024,2Y,3.203
We,5/29/2024,5Y,3.024
We,5/29/2024,10Y,3.173
Th,5/30/2024,2Y,3.172
Th,5/30/2024,5Y,2.995
Th,5/30/2024,10Y,3.136
Fr,5/31/2024,2Y,3.199
Fr,5/31/2024,5Y,3.012
Fr,5/31/2024,10Y,3.149
Mo,6/3/2024,2Y,3.132
Mo,6/3/2024,5Y,2.925
Mo,6/3/2024,10Y,3.057
Tu,6/4/2024,2Y,3.106
Tu,6/4/2024,5Y,2.882
Tu,6/4/2024,10Y,3.017
We,6/5/2024,2Y,3.097
We,6/5/2024,5Y,2.874
We,6/5/2024,10Y,3
Th,6/6/2024,2Y,3.14
Th,6/6/2024,5Y,2.912
Th,6/6/2024,10Y,3.041
Fr,6/7/2024,2Y,3.192
Fr,6/7/2024,5Y,2.994
Fr,6/7/2024,10Y,3.113
Mo,6/10/2024,2Y,3.202
Mo,6/10/2024,5Y,3.035
Mo,6/10/2024,10Y,3.183
Tu,6/11/2024,2Y,3.164
Tu,6/11/2024,5Y,2.981
Tu,6/11/2024,10Y,3.141
We,6/12/2024,2Y,3.077
We,6/12/2024,5Y,2.901
We,6/12/2024,10Y,3.066
Th,6/13/2024,2Y,3.026
Th,6/13/2024,5Y,2.85
Th,6/13/2024,10Y,3.029
Fr,6/14/2024,2Y,2.947
Fr,6/14/2024,5Y,2.77
Fr,6/14/2024,10Y,2.968
Mo,6/17/2024,2Y,3.044
Mo,6/17/2024,5Y,2.812
Mo,6/17/2024,10Y,3
Tu,6/18/2024,2Y,3.063
Tu,6/18/2024,5Y,2.789
Tu,6/18/2024,10Y,2.978
We,6/19/2024,2Y,3.093
We,6/19/2024,5Y,2.806
We,6/19/2024,10Y,2.989
Th,6/20/2024,2Y,3.106
Th,6/20/2024,5Y,2.832
Th,6/20/2024,10Y,3.016
Fr,6/21/2024,2Y,3.09
Fr,6/21/2024,5Y,2.806
Fr,6/21/2024,10Y,3
Mo,6/24/2024,2Y,3.107
Mo,6/24/2024,5Y,2.819
Mo,6/24/2024,10Y,2.986
Tu,6/25/2024,2Y,3.11
Tu,6/25/2024,5Y,2.81
Tu,6/25/2024,10Y,2.965
We,6/26/2024,2Y,3.134
We,6/26/2024,5Y,2.847
We,6/26/2024,10Y,3.015
Th,6/27/2024,2Y,3.131
Th,6/27/2024,5Y,2.85
Th,6/27/2024,10Y,3.012
Fr,6/28/2024,2Y,3.154
Fr,6/28/2024,5Y,2.89
Fr,6/28/2024,10Y,3.052
Mo,7/1/2024,2Y,3.236
Mo,7/1/2024,5Y,2.981
Mo,7/1/2024,10Y,3.12
Tu,7/2/2024,2Y,3.216
Tu,7/2/2024,5Y,2.955
Tu,7/2/2024,10Y,3.105
We,7/3/2024,2Y,3.211
We,7/3/2024,5Y,2.917
We,7/3/2024,10Y,3.058
Th,7/4/2024,2Y,3.216
Th,7/4/2024,5Y,2.944
Th,7/4/2024,10Y,3.096
Fr,7/5/2024,2Y,3.148
Fr,7/5/2024,5Y,2.883
Fr,7/5/2024,10Y,3.049
Mo,7/8/2024,2Y,3.138
Mo,7/8/2024,5Y,2.874
Mo,7/8/2024,10Y,3.023
Tu,7/9/2024,2Y,3.163
Tu,7/9/2024,5Y,2.893
Tu,7/9/2024,10Y,3.076
We,7/10/2024,2Y,3.109
We,7/10/2024,5Y,2.858
We,7/10/2024,10Y,3.018
Th,7/11/2024,2Y,3.031
Th,7/11/2024,5Y,2.76
Th,7/11/2024,10Y,2.954
Fr,7/12/2024,2Y,3.055
Fr,7/12/2024,5Y,2.794
Fr,7/12/2024,10Y,2.985
Mo,7/15/2024,2Y,2.981
Mo,7/15/2024,5Y,2.752
Mo,7/15/2024,10Y,2.953
Tu,7/16/2024,2Y,2.982
Tu,7/16/2024,5Y,2.712
Tu,7/16/2024,10Y,2.913
We,7/17/2024,2Y,2.994
We,7/17/2024,5Y,2.72
We,7/17/2024,10Y,2.902
Th,7/18/2024,2Y,3.001
Th,7/18/2024,5Y,2.713
Th,7/18/2024,10Y,2.911
Fr,7/19/2024,2Y,2.97
Fr,7/19/2024,5Y,2.736
Fr,7/19/2024,10Y,2.948
Mo,7/22/2024,2Y,3.023
Mo,7/22/2024,5Y,2.775
Mo,7/22/2024,10Y,2.97
Tu,7/23/2024,2Y,2.968
Tu,7/23/2024,5Y,2.714
Tu,7/23/2024,10Y,2.928
We,7/24/2024,2Y,2.934
We,7/24/2024,5Y,2.692
We,7/24/2024,10Y,2.934
Th,7/25/2024,2Y,2.906
Th,7/25/2024,5Y,2.672
Th,7/25/2024,10Y,2.911
Fr,7/26/2024,2Y,2.871
Fr,7/26/2024,5Y,2.654
Fr,7/26/2024,10Y,2.9
Mo,7/29/2024,2Y,2.855
Mo,7/29/2024,5Y,2.62
Mo,7/29/2024,10Y,2.855
Tu,7/30/2024,2Y,2.819
Tu,7/30/2024,5Y,2.576
Tu,7/30/2024,10Y,2.837
We,7/31/2024,2Y,2.788
We,7/31/2024,5Y,2.542
We,7/31/2024,10Y,2.799
Th,8/1/2024,2Y,2.737
Th,8/1/2024,5Y,2.496
Th,8/1/2024,10Y,2.766
Fr,8/2/2024,2Y,2.639
Fr,8/2/2024,5Y,2.418
Fr,8/2/2024,10Y,2.72
Mo,8/5/2024,2Y,2.649
Mo,8/5/2024,5Y,2.445
Mo,8/5/2024,10Y,2.74
Tu,8/6/2024,2Y,2.669
Tu,8/6/2024,5Y,2.463
Tu,8/6/2024,10Y,2.734
We,8/7/2024,2Y,2.703
We,8/7/2024,5Y,2.499
We,8/7/2024,10Y,2.794
Th,8/8/2024,2Y,2.693
Th,8/8/2024,5Y,2.488
Th,8/8/2024,10Y,2.786
Fr,8/9/2024,2Y,2.683
Fr,8/9/2024,5Y,2.467
Fr,8/9/2024,10Y,2.749
Mo,8/12/2024,2Y,2.701
Mo,8/12/2024,5Y,2.469
Mo,8/12/2024,10Y,2.748
Tu,8/13/2024,2Y,2.641
Tu,8/13/2024,5Y,2.42
Tu,8/13/2024,10Y,2.7
We,8/14/2024,2Y,2.656
We,8/14/2024,5Y,2.424
We,8/14/2024,10Y,2.695
Th,8/15/2024,2Y,2.741
Th,8/15/2024,5Y,2.52
Th,8/15/2024,10Y,2.769
Fr,8/16/2024,2Y,2.728
Fr,8/16/2024,5Y,2.505
Fr,8/16/2024,10Y,2.76
Mo,8/19/2024,2Y,2.723
Mo,8/19/2024,5Y,2.504
Mo,8/19/2024,10Y,2.759
Tu,8/20/2024,2Y,2.701
Tu,8/20/2024,5Y,2.477
Tu,8/20/2024,10Y,2.729
We,8/21/2024,2Y,2.664
We,8/21/2024,5Y,2.429
We,8/21/2024,10Y,2.698
Th,8/22/2024,2Y,2.703
Th,8/22/2024,5Y,2.483
Th,8/22/2024,10Y,2.749
Fr,8/23/2024,2Y,2.671
Fr,8/23/2024,5Y,2.453
Fr,8/23/2024,10Y,2.725
Mo,8/26/2024,2Y,2.703
Mo,8/26/2024,5Y,2.483
Mo,8/26/2024,10Y,2.75
Tu,8/27/2024,2Y,2.714
Tu,8/27/2024,5Y,2.512
Tu,8/27/2024,10Y,2.802
We,8/28/2024,2Y,2.702
We,8/28/2024,5Y,2.491
We,8/28/2024,10Y,2.771
Th,8/29/2024,2Y,2.668
Th,8/29/2024,5Y,2.48
Th,8/29/2024,10Y,2.781
Fr,8/30/2024,2Y,2.69
Fr,8/30/2024,5Y,2.512
Fr,8/30/2024,10Y,2.81
Mo,9/2/2024,2Y,2.728
Mo,9/2/2024,5Y,2.541
Mo,9/2/2024,10Y,2.836
Tu,9/3/2024,2Y,2.692
Tu,9/3/2024,5Y,2.49
Tu,9/3/2024,10Y,2.78
We,9/4/2024,2Y,2.604
We,9/4/2024,5Y,2.425
We,9/4/2024,10Y,2.723
Th,9/5/2024,2Y,2.6
Th,9/5/2024,5Y,2.413
Th,9/5/2024,10Y,2.712
Fr,9/6/2024,2Y,2.539
Fr,9/6/2024,5Y,2.364
Fr,9/6/2024,10Y,2.675
Mo,9/9/2024,2Y,2.524
Mo,9/9/2024,5Y,2.347
Mo,9/9/2024,10Y,2.671
Tu,9/10/2024,2Y,2.491
Tu,9/10/2024,5Y,2.312
Tu,9/10/2024,10Y,2.633
We,9/11/2024,2Y,2.464
We,9/11/2024,5Y,2.283
We,9/11/2024,10Y,2.613
Th,9/12/2024,2Y,2.517
Th,9/12/2024,5Y,2.33
Th,9/12/2024,10Y,2.649
Fr,9/13/2024,2Y,2.465
Fr,9/13/2024,5Y,2.318
Fr,9/13/2024,10Y,2.643
Mo,9/16/2024,2Y,2.462
Mo,9/16/2024,5Y,2.298
Mo,9/16/2024,10Y,2.62
Tu,9/17/2024,2Y,2.467
Tu,9/17/2024,5Y,2.336
Tu,9/17/2024,10Y,2.643
We,9/18/2024,2Y,2.51
We,9/18/2024,5Y,2.375
We,9/18/2024,10Y,2.69
Th,9/19/2024,2Y,2.474
Th,9/19/2024,5Y,2.356
Th,9/19/2024,10Y,2.7
Fr,9/20/2024,2Y,2.463
Fr,9/20/2024,5Y,2.375
Fr,9/20/2024,10Y,2.707
Mo,9/23/2024,2Y,2.388
Mo,9/23/2024,5Y,2.304
Mo,9/23/2024,10Y,2.659
Tu,9/24/2024,2Y,2.293
Tu,9/24/2024,5Y,2.26
Tu,9/24/2024,10Y,2.636
We,9/25/2024,2Y,2.333
We,9/25/2024,5Y,2.296
We,9/25/2024,10Y,2.672
Th,9/26/2024,2Y,2.31
Th,9/26/2024,5Y,2.307
Th,9/26/2024,10Y,2.688
Fr,9/27/2024,2Y,2.264
Fr,9/27/2024,5Y,2.245
Fr,9/27/2024,10Y,2.632
Mo,9/30/2024,2Y,2.249
Mo,9/30/2024,5Y,2.229
Mo,9/30/2024,10Y,2.626
Tu,10/1/2024,2Y,2.205
Tu,10/1/2024,5Y,2.146
Tu,10/1/2024,10Y,2.536
We,10/2/2024,2Y,2.218
We,10/2/2024,5Y,2.186
We,10/2/2024,10Y,2.592
Th,10/3/2024,2Y,2.26
Th,10/3/2024,5Y,2.24
Th,10/3/2024,10Y,2.656
Fr,10/4/2024,2Y,2.368
Fr,10/4/2024,5Y,2.341
Fr,10/4/2024,10Y,2.719
Mo,10/7/2024,2Y,2.4
Mo,10/7/2024,5Y,2.39
Mo,10/7/2024,10Y,2.765
Tu,10/8/2024,2Y,2.373
Tu,10/8/2024,5Y,2.372
Tu,10/8/2024,10Y,2.745
We,10/9/2024,2Y,2.42
We,10/9/2024,5Y,2.399
We,10/9/2024,10Y,2.758
Th,10/10/2024,2Y,2.398
Th,10/10/2024,5Y,2.388
Th,10/10/2024,10Y,2.752
Fr,10/11/2024,2Y,2.389
Fr,10/11/2024,5Y,2.394
Fr,10/11/2024,10Y,2.76
Mo,10/14/2024,2Y,2.401
Mo,10/14/2024,5Y,2.41
Mo,10/14/2024,10Y,2.768
Tu,10/15/2024,2Y,2.354
Tu,10/15/2024,5Y,2.353
Tu,10/15/2024,10Y,2.706
We,10/16/2024,2Y,2.315
We,10/16/2024,5Y,2.314
We,10/16/2024,10Y,2.668
Th,10/17/2024,2Y,2.279
Th,10/17/2024,5Y,2.317
Th,10/17/2024,10Y,2.686
Fr,10/18/2024,2Y,2.254
Fr,10/18/2024,5Y,2.279
Fr,10/18/2024,10Y,2.644
Mo,10/21/2024,2Y,2.309
Mo,10/21/2024,5Y,2.367
Mo,10/21/2024,10Y,2.743
Tu,10/22/2024,2Y,2.321
Tu,10/22/2024,5Y,2.405
Tu,10/22/2024,10Y,2.784
We,10/23/2024,2Y,2.25
We,10/23/2024,5Y,2.355
We,10/23/2024,10Y,2.763
Th,10/24/2024,2Y,2.224
Th,10/24/2024,5Y,2.326
Th,10/24/2024,10Y,2.724
Fr,10/25/2024,2Y,2.248
Fr,10/25/2024,5Y,2.37
Fr,10/25/2024,10Y,2.76
Mo,10/28/2024,2Y,2.231
Mo,10/28/2024,5Y,2.35
Mo,10/28/2024,10Y,2.745
Tu,10/29/2024,2Y,2.301
Tu,10/29/2024,5Y,2.396
Tu,10/29/2024,10Y,2.804
We,10/30/2024,2Y,2.375
We,10/30/2024,5Y,2.506
We,10/30/2024,10Y,2.859
Th,10/31/2024,2Y,2.5
Th,10/31/2024,5Y,2.514
Th,10/31/2024,10Y,2.86
Fr,11/1/2024,2Y,2.46
Fr,11/1/2024,5Y,2.495
Fr,11/1/2024,10Y,2.883
Mo,11/4/2024,2Y,2.467
Mo,11/4/2024,5Y,2.506
Mo,11/4/2024,10Y,2.87
Tu,11/5/2024,2Y,2.393
Tu,11/5/2024,5Y,2.637
Tu,11/5/2024,10Y,2.89
We,11/6/2024,2Y,2.311
We,11/6/2024,5Y,2.564
We,11/6/2024,10Y,2.874
Th,11/7/2024,2Y,2.324
Th,11/7/2024,5Y,2.613
Th,11/7/2024,10Y,2.903
Fr,11/8/2024,2Y,2.291
Fr,11/8/2024,5Y,2.553
Fr,11/8/2024,10Y,2.819
Mo,11/11/2024,2Y,2.244
Mo,11/11/2024,5Y,2.497
Mo,11/11/2024,10Y,2.775
Tu,11/12/2024,2Y,2.24
Tu,11/12/2024,5Y,2.522
Tu,11/12/2024,10Y,2.816
We,11/13/2024,2Y,2.26
We,11/13/2024,5Y,2.545
We,11/13/2024,10Y,2.851
Th,11/14/2024,2Y,2.212
Th,11/14/2024,5Y,2.491
Th,11/14/2024,10Y,2.786
Fr,11/15/2024,2Y,2.228
Fr,11/15/2024,5Y,2.503
Fr,11/15/2024,10Y,2.787
Mo,11/18/2024,2Y,2.276
Mo,11/18/2024,5Y,2.53
Mo,11/18/2024,10Y,2.8
Tu,11/19/2024,2Y,2.252
Tu,11/19/2024,5Y,2.494
Tu,11/19/2024,10Y,2.77
We,11/20/2024,2Y,2.242
We,11/20/2024,5Y,2.498
We,11/20/2024,10Y,2.789
Th,11/21/2024,2Y,2.219
Th,11/21/2024,5Y,2.47
Th,11/21/2024,10Y,2.77
Fr,11/22/2024,2Y,2.101
Fr,11/22/2024,5Y,2.384
Fr,11/22/2024,10Y,2.687
Mo,11/25/2024,2Y,2.129
Mo,11/25/2024,5Y,2.381
Mo,11/25/2024,10Y,2.658
Tu,11/26/2024,2Y,2.14
Tu,11/26/2024,5Y,2.381
Tu,11/26/2024,10Y,2.652
We,11/27/2024,2Y,2.148
We,11/27/2024,5Y,2.345
We,11/27/2024,10Y,2.614
Th,11/28/2024,2Y,2.108
Th,11/28/2024,5Y,2.296
Th,11/28/2024,10Y,2.565
Fr,11/29/2024,2Y,2.053
Fr,11/29/2024,5Y,2.24
Fr,11/29/2024,10Y,2.513
Mo,12/2/2024,2Y,2.013
Mo,12/2/2024,5Y,2.204
Mo,12/2/2024,10Y,2.478
Tu,12/3/2024,2Y,2.046
Tu,12/3/2024,5Y,2.226
Tu,12/3/2024,10Y,2.492
We,12/4/2024,2Y,2.047
We,12/4/2024,5Y,2.232
We,12/4/2024,10Y,2.482
Th,12/5/2024,2Y,2.114
Th,12/5/2024,5Y,2.274
Th,12/5/2024,10Y,2.497
Fr,12/6/2024,2Y,2.092
Fr,12/6/2024,5Y,2.248
Fr,12/6/2024,10Y,2.486
Mo,12/9/2024,2Y,2.076
Mo,12/9/2024,5Y,2.254
Mo,12/9/2024,10Y,2.491
Tu,12/10/2024,2Y,2.047
Tu,12/10/2024,5Y,2.236
Tu,12/10/2024,10Y,2.49
We,12/11/2024,2Y,2.032
We,12/11/2024,5Y,2.245
We,12/11/2024,10Y,2.502
Th,12/12/2024,2Y,2.097
Th,12/12/2024,5Y,2.325
Th,12/12/2024,10Y,2.583
Fr,12/13/2024,2Y,2.148
Fr,12/13/2024,5Y,2.38
Fr,12/13/2024,10Y,2.636
Mo,12/16/2024,2Y,2.134
Mo,12/16/2024,5Y,2.365
Mo,12/16/2024,10Y,2.633
Tu,12/17/2024,2Y,2.144
Tu,12/17/2024,5Y,2.373
Tu,12/17/2024,10Y,2.623
We,12/18/2024,2Y,2.124
We,12/18/2024,5Y,2.375
We,12/18/2024,10Y,2.64
Th,12/19/2024,2Y,2.144
Th,12/19/2024,5Y,2.421
Th,12/19/2024,10Y,2.705
Fr,12/20/2024,2Y,2.126
Fr,12/20/2024,5Y,2.394
Fr,12/20/2024,10Y,2.677
Mo,12/23/2024,2Y,2.144
Mo,12/23/2024,5Y,2.441
Mo,12/23/2024,10Y,2.719
Tu,12/24/2024,2Y,2.15
Tu,12/24/2024,5Y,2.445
Tu,12/24/2024,10Y,2.719
We,12/25/2024,2Y,2.15
We,12/25/2024,5Y,2.445
We,12/25/2024,10Y,2.719
Th,12/26/2024,2Y,2.15
Th,12/26/2024,5Y,2.445
Th,12/26/2024,10Y,2.719
Fr,12/27/2024,2Y,2.187
Fr,12/27/2024,5Y,2.495
Fr,12/27/2024,10Y,2.8
Mo,12/30/2024,2Y,2.175
Mo,12/30/2024,5Y,2.463
Mo,12/30/2024,10Y,2.771
Tu,12/31/2024,2Y,2.177
Tu,12/31/2024,5Y,2.464
Tu,12/31/2024,10Y,2.771
We,1/1/2025,2Y,2.177
We,1/1/2025,5Y,2.464
We,1/1/2025,10Y,2.771
Th,1/2/2025,2Y,2.193
Th,1/2/2025,5Y,2.494
Th,1/2/2025,10Y,2.794
Fr,1/3/2025,2Y,2.259
Fr,1/3/2025,5Y,2.555
Fr,1/3/2025,10Y,2.841
Mo,1/6/2025,2Y,2.285
Mo,1/6/2025,5Y,2.579
Mo,1/6/2025,10Y,2.847
Tu,1/7/2025,2Y,2.284
Tu,1/7/2025,5Y,2.592
Tu,1/7/2025,10Y,2.886
We,1/8/2025,2Y,2.3
We,1/8/2025,5Y,2.619
We,1/8/2025,10Y,2.928
Th,1/9/2025,2Y,2.354
Th,1/9/2025,5Y,2.656
Th,1/9/2025,10Y,2.954
Fr,1/10/2025,2Y,2.418
Fr,1/10/2025,5Y,2.703
Fr,1/10/2025,10Y,2.986
Mo,1/13/2025,2Y,2.426
Mo,1/13/2025,5Y,2.723
Mo,1/13/2025,10Y,3.016
Tu,1/14/2025,2Y,2.45
Tu,1/14/2025,5Y,2.753
Tu,1/14/2025,10Y,3.047
We,1/15/2025,2Y,2.389
We,1/15/2025,5Y,2.643
We,1/15/2025,10Y,2.94
Th,1/16/2025,2Y,2.36
Th,1/16/2025,5Y,2.617
Th,1/16/2025,10Y,2.921
Fr,1/17/2025,2Y,2.403
Fr,1/17/2025,5Y,2.605
Fr,1/17/2025,10Y,2.905
Mo,1/20/2025,2Y,2.351
Mo,1/20/2025,5Y,2.569
Mo,1/20/2025,10Y,2.893
Tu,1/21/2025,2Y,2.346
Tu,1/21/2025,5Y,2.574
Tu,1/21/2025,10Y,2.873
We,1/22/2025,2Y,2.364
We,1/22/2025,5Y,2.579
We,1/22/2025,10Y,2.879
Th,1/23/2025,2Y,2.366
Th,1/23/2025,5Y,2.606
Th,1/23/2025,10Y,2.908
Fr,1/24/2025,2Y,2.406
Fr,1/24/2025,5Y,2.639
Fr,1/24/2025,10Y,2.924
Mo,1/27/2025,2Y,2.365
Mo,1/27/2025,5Y,2.614
Mo,1/27/2025,10Y,2.898
Tu,1/28/2025,2Y,2.395
Tu,1/28/2025,5Y,2.639
Tu,1/28/2025,10Y,2.927
We,1/29/2025,2Y,2.398
We,1/29/2025,5Y,2.649
We,1/29/2025,10Y,2.945
Th,1/30/2025,2Y,2.325
Th,1/30/2025,5Y,2.583
Th,1/30/2025,10Y,2.878
Fr,1/31/2025,2Y,2.239
Fr,1/31/2025,5Y,2.5
Fr,1/31/2025,10Y,2.813
Mo,2/3/2025,2Y,2.157
Mo,2/3/2025,5Y,2.42
Mo,2/3/2025,10Y,2.733
Tu,2/4/2025,2Y,2.176
Tu,2/4/2025,5Y,2.429
Tu,2/4/2025,10Y,2.745
We,2/5/2025,2Y,2.179
We,2/5/2025,5Y,2.41
We,2/5/2025,10Y,2.715
Th,2/6/2025,2Y,2.184
Th,2/6/2025,5Y,2.426
Th,2/6/2025,10Y,2.732
Fr,2/7/2025,2Y,2.172
Fr,2/7/2025,5Y,2.415
Fr,2/7/2025,10Y,2.723
Mo,2/10/2025,2Y,2.151
Mo,2/10/2025,5Y,2.402
Mo,2/10/2025,10Y,2.711
Tu,2/11/2025,2Y,2.206
Tu,2/11/2025,5Y,2.475
Tu,2/11/2025,10Y,2.782
We,2/12/2025,2Y,2.257
We,2/12/2025,5Y,2.522
We,2/12/2025,10Y,2.825
Th,2/13/2025,2Y,2.207
Th,2/13/2025,5Y,2.457
Th,2/13/2025,10Y,2.757
Fr,2/14/2025,2Y,2.233
Fr,2/14/2025,5Y,2.474
Fr,2/14/2025,10Y,2.772
Mo,2/17/2025,2Y,2.254
Mo,2/17/2025,5Y,2.513
Mo,2/17/2025,10Y,2.821
Tu,2/18/2025,2Y,2.236
Tu,2/18/2025,5Y,2.512
Tu,2/18/2025,10Y,2.895
We,2/19/2025,2Y,2.285
We,2/19/2025,5Y,2.575
We,2/19/2025,10Y,2.963
Th,2/20/2025,2Y,2.251
Th,2/20/2025,5Y,2.551
Th,2/20/2025,10Y,2.94
Fr,2/21/2025,2Y,2.22
Fr,2/21/2025,5Y,2.494
Fr,2/21/2025,10Y,2.883
Mo,2/24/2025,2Y,2.194
Mo,2/24/2025,5Y,2.491
Mo,2/24/2025,10Y,2.895
Tu,2/25/2025,2Y,2.187
Tu,2/25/2025,5Y,2.466
Tu,2/25/2025,10Y,2.872
We,2/26/2025,2Y,2.207
We,2/26/2025,5Y,2.447
We,2/26/2025,10Y,2.846
Th,2/27/2025,2Y,2.163
Th,2/27/2025,5Y,2.415
Th,2/27/2025,10Y,2.83
Fr,2/28/2025,2Y,2.155
Fr,2/28/2025,5Y,2.4
Fr,2/28/2025,10Y,2.826
Mo,3/3/2025,2Y,2.203
Mo,3/3/2025,5Y,2.458
Mo,3/3/2025,10Y,2.903
Tu,3/4/2025,2Y,2.183
Tu,3/4/2025,5Y,2.433
Tu,3/4/2025,10Y,2.902
We,3/5/2025,2Y,2.375
We,3/5/2025,5Y,2.691
We,3/5/2025,10Y,3.153
Th,3/6/2025,2Y,2.38
Th,3/6/2025,5Y,2.718
Th,3/6/2025,10Y,3.18
Fr,3/7/2025,2Y,2.376
Fr,3/7/2025,5Y,2.72
Fr,3/7/2025,10Y,3.192
Mo,3/10/2025,2Y,2.357
Mo,3/10/2025,5Y,2.7
Mo,3/10/2025,10Y,3.188
Tu,3/11/2025,2Y,2.338
Tu,3/11/2025,5Y,2.721
Tu,3/11/2025,10Y,3.237
We,3/12/2025,2Y,2.362
We,3/12/2025,5Y,2.721
We,3/12/2025,10Y,3.207
Th,3/13/2025,2Y,2.322
Th,3/13/2025,5Y,2.691
Th,3/13/2025,10Y,3.192
Fr,3/14/2025,2Y,2.328
Fr,3/14/2025,5Y,2.708
Fr,3/14/2025,10Y,3.216
Mo,3/17/2025,2Y,2.327
Mo,3/17/2025,5Y,2.675
Mo,3/17/2025,10Y,3.156
Tu,3/18/2025,2Y,2.31
Tu,3/18/2025,5Y,2.667
Tu,3/18/2025,10Y,3.157
We,3/19/2025,2Y,2.329
We,3/19/2025,5Y,2.671
We,3/19/2025,10Y,3.151
Th,3/20/2025,2Y,2.302
Th,3/20/2025,5Y,2.645
Th,3/20/2025,10Y,3.14
Fr,3/21/2025,2Y,2.27
Fr,3/21/2025,5Y,2.615
Fr,3/21/2025,10Y,3.125
Mo,3/24/2025,2Y,2.251
Mo,3/24/2025,5Y,2.615
Mo,3/24/2025,10Y,3.131
Tu,3/25/2025,2Y,2.268
Tu,3/25/2025,5Y,2.638
Tu,3/25/2025,10Y,3.162
We,3/26/2025,2Y,2.256
We,3/26/2025,5Y,2.633
We,3/26/2025,10Y,3.165
Th,3/27/2025,2Y,2.201
Th,3/27/2025,5Y,2.589
Th,3/27/2025,10Y,3.143
Fr,3/28/2025,2Y,2.153
Fr,3/28/2025,5Y,2.542
Fr,3/28/2025,10Y,3.102
Mo,3/31/2025,2Y,2.203
Mo,3/31/2025,5Y,2.572
Mo,3/31/2025,10Y,3.121
Tu,4/1/2025,2Y,2.176
Tu,4/1/2025,5Y,2.541
Tu,4/1/2025,10Y,3.072
We,4/2/2025,2Y,2.188
We,4/2/2025,5Y,2.566
We,4/2/2025,10Y,3.103
Th,4/3/2025,2Y,2.107
Th,4/3/2025,5Y,2.476
Th,4/3/2025,10Y,3.041
Fr,4/4/2025,2Y,1.988
Fr,4/4/2025,5Y,2.393
Fr,4/4/2025,10Y,2.985
Mo,4/7/2025,2Y,2.007
Mo,4/7/2025,5Y,2.398
Mo,4/7/2025,10Y,3.044
Tu,4/8/2025,2Y,2.039
Tu,4/8/2025,5Y,2.462
Tu,4/8/2025,10Y,3.058
We,4/9/2025,2Y,1.937
We,4/9/2025,5Y,2.41
We,4/9/2025,10Y,3.036
Th,4/10/2025,2Y,1.981
Th,4/10/2025,5Y,2.409
Th,4/10/2025,10Y,3.006
Fr,4/11/2025,2Y,2.013
Fr,4/11/2025,5Y,2.443
Fr,4/11/2025,10Y,3.012
Mo,4/14/2025,2Y,1.968
Mo,4/14/2025,5Y,2.385
Mo,4/14/2025,10Y,2.95
Tu,4/15/2025,2Y,1.967
Tu,4/15/2025,5Y,2.417
Tu,4/15/2025,10Y,2.973
We,4/16/2025,2Y,1.959
We,4/16/2025,5Y,2.382
We,4/16/2025,10Y,2.954
Th,4/17/2025,2Y,1.879
Th,4/17/2025,5Y,2.331
Th,4/17/2025,10Y,2.914
Fr,4/18/2025,2Y,1.879
Fr,4/18/2025,5Y,2.331
Fr,4/18/2025,10Y,2.914
Mo,4/21/2025,2Y,1.879
Mo,4/21/2025,5Y,2.331
Mo,4/21/2025,10Y,2.914
Tu,4/22/2025,2Y,1.855
Tu,4/22/2025,5Y,2.296
Tu,4/22/2025,10Y,2.897
We,4/23/2025,2Y,1.929
We,4/23/2025,5Y,2.352
We,4/23/2025,10Y,2.936
Th,4/24/2025,2Y,1.85
Th,4/24/2025,5Y,2.281
Th,4/24/2025,10Y,2.88
Fr,4/25/2025,2Y,1.884
Fr,4/25/2025,5Y,2.306
Fr,4/25/2025,10Y,2.898
Mo,4/28/2025,2Y,1.914
Mo,4/28/2025,5Y,2.348
Mo,4/28/2025,10Y,2.952
Tu,4/29/2025,2Y,1.911
Tu,4/29/2025,5Y,2.335
Tu,4/29/2025,10Y,2.93
We,4/30/2025,2Y,1.841
We,4/30/2025,5Y,2.275
We,4/30/2025,10Y,2.878
Th,5/1/2025,2Y,1.841
Th,5/1/2025,5Y,2.275
Th,5/1/2025,10Y,2.878
Fr,5/2/2025,2Y,1.922
Fr,5/2/2025,5Y,2.364
Fr,5/2/2025,10Y,2.962
Mo,5/5/2025,2Y,1.917
Mo,5/5/2025,5Y,2.345
Mo,5/5/2025,10Y,2.948
Tu,5/6/2025,2Y,1.906
Tu,5/6/2025,5Y,2.346
Tu,5/6/2025,10Y,2.969
We,5/7/2025,2Y,1.869
We,5/7/2025,5Y,2.288
We,5/7/2025,10Y,2.898
Th,5/8/2025,2Y,1.926
Th,5/8/2025,5Y,2.347
Th,5/8/2025,10Y,2.957
Fr,5/9/2025,2Y,1.93
Fr,5/9/2025,5Y,2.365
Fr,5/9/2025,10Y,2.981
Mo,5/12/2025,2Y,2.047
Mo,5/12/2025,5Y,2.465
Mo,5/12/2025,10Y,3.053
Tu,5/13/2025,2Y,2.051
Tu,5/13/2025,5Y,2.47
Tu,5/13/2025,10Y,3.072
We,5/14/2025,2Y,2.048
We,5/14/2025,5Y,2.491
We,5/14/2025,10Y,3.088
Th,5/15/2025,2Y,1.985
Th,5/15/2025,5Y,2.413
Th,5/15/2025,10Y,3.009
Fr,5/16/2025,2Y,1.959
Fr,5/16/2025,5Y,2.38
Fr,5/16/2025,10Y,2.978
Mo,5/19/2025,2Y,1.946
Mo,5/19/2025,5Y,2.373
Mo,5/19/2025,10Y,2.979
Tu,5/20/2025,2Y,1.944
Tu,5/20/2025,5Y,2.367
Tu,5/20/2025,10Y,2.99
We,5/21/2025,2Y,1.967
We,5/21/2025,5Y,2.411
We,5/21/2025,10Y,3.031
Th,5/22/2025,2Y,1.935
Th,5/22/2025,5Y,2.393
Th,5/22/2025,10Y,3.035
Fr,5/23/2025,2Y,1.862
Fr,5/23/2025,5Y,2.324
Fr,5/23/2025,10Y,2.97
Mo,5/26/2025,2Y,1.883
Mo,5/26/2025,5Y,2.326
Mo,5/26/2025,10Y,2.958
Tu,5/27/2025,2Y,1.887
Tu,5/27/2025,5Y,2.313
Tu,5/27/2025,10Y,2.92
We,5/28/2025,2Y,1.894
We,5/28/2025,5Y,2.329
We,5/28/2025,10Y,2.938
Th,5/29/2025,2Y,1.863
Th,5/29/2025,5Y,2.288
Th,5/29/2025,10Y,2.893
Fr,5/30/2025,2Y,1.868
Fr,5/30/2025,5Y,2.282
Fr,5/30/2025,10Y,2.884
Mo,6/2/2025,2Y,1.883
Mo,6/2/2025,5Y,2.302
Mo,6/2/2025,10Y,2.907
Tu,6/3/2025,2Y,1.88
Tu,6/3/2025,5Y,2.301
Tu,6/3/2025,10Y,2.908
We,6/4/2025,2Y,1.888
We,6/4/2025,5Y,2.313
We,6/4/2025,10Y,2.909
Th,6/5/2025,2Y,1.957
Th,6/5/2025,5Y,2.387
Th,6/5/2025,10Y,2.966
Fr,6/6/2025,2Y,1.966
Fr,6/6/2025,5Y,2.396
Fr,6/6/2025,10Y,2.959
Mo,6/9/2025,2Y,1.946
Mo,6/9/2025,5Y,2.364
Mo,6/9/2025,10Y,2.953
Tu,6/10/2025,2Y,1.931
Tu,6/10/2025,5Y,2.336
Tu,6/10/2025,10Y,2.915
We,6/11/2025,2Y,1.936
We,6/11/2025,5Y,2.344
We,6/11/2025,10Y,2.93
Th,6/12/2025,2Y,1.907
Th,6/12/2025,5Y,2.305
Th,6/12/2025,10Y,2.883
Fr,6/13/2025,2Y,1.95
Fr,6/13/2025,5Y,2.368
Fr,6/13/2025,10Y,2.949
Mo,6/16/2025,2Y,1.936
Mo,6/16/2025,5Y,2.347
Mo,6/16/2025,10Y,2.936
Tu,6/17/2025,2Y,1.961
Tu,6/17/2025,5Y,2.368
Tu,6/17/2025,10Y,2.946
We,6/18/2025,2Y,1.938
We,6/18/2025,5Y,2.335
We,6/18/2025,10Y,2.909
Th,6/19/2025,2Y,1.937
Th,6/19/2025,5Y,2.35
Th,6/19/2025,10Y,2.943
Fr,6/20/2025,2Y,1.941
Fr,6/20/2025,5Y,2.345
Fr,6/20/2025,10Y,2.931
Mo,6/23/2025,2Y,1.933
Mo,6/23/2025,5Y,2.335
Mo,6/23/2025,10Y,2.919
Tu,6/24/2025,2Y,1.941
Tu,6/24/2025,5Y,2.345
Tu,6/24/2025,10Y,2.944
We,6/25/2025,2Y,1.93
We,6/25/2025,5Y,2.347
We,6/25/2025,10Y,2.959
Th,6/26/2025,2Y,1.913
Th,6/26/2025,5Y,2.33
Th,6/26/2025,10Y,2.953
Fr,6/27/2025,2Y,1.946
Fr,6/27/2025,5Y,2.355
Fr,6/27/2025,10Y,2.973
Mo,6/30/2025,2Y,1.949
Mo,6/30/2025,5Y,2.361
Mo,6/30/2025,10Y,2.985
Tu,7/1/2025,2Y,1.933
Tu,7/1/2025,5Y,2.338
Tu,7/1/2025,10Y,2.951
We,7/2/2025,2Y,1.948
We,7/2/2025,5Y,2.38
We,7/2/2025,10Y,3.005
Th,7/3/2025,2Y,1.922
Th,7/3/2025,5Y,2.339
Th,7/3/2025,10Y,2.956
Fr,7/4/2025,2Y,1.903
Fr,7/4/2025,5Y,2.323
Fr,7/4/2025,10Y,2.949
Mo,7/7/2025,2Y,1.921
Mo,7/7/2025,5Y,2.358
Mo,7/7/2025,10Y,2.989
Tu,7/8/2025,2Y,1.968
Tu,7/8/2025,5Y,2.392
Tu,7/8/2025,10Y,3.039
We,7/9/2025,2Y,1.952
We,7/9/2025,5Y,2.375
We,7/9/2025,10Y,3.026
Th,7/10/2025,2Y,1.968
Th,7/10/2025,5Y,2.418
Th,7/10/2025,10Y,3.058
Fr,7/11/2025,2Y,1.984
Fr,7/11/2025,5Y,2.432
Fr,7/11/2025,10Y,3.077
Mo,7/14/2025,2Y,1.961
Mo,7/14/2025,5Y,2.424
Mo,7/14/2025,10Y,3.08
Tu,7/15/2025,2Y,1.952
Tu,7/15/2025,5Y,2.401
Tu,7/15/2025,10Y,3.051
We,7/16/2025,2Y,1.92
We,7/16/2025,5Y,2.365
We,7/16/2025,10Y,3.021
Th,7/17/2025,2Y,1.927
Th,7/17/2025,5Y,2.364
Th,7/17/2025,10Y,3.011
Fr,7/18/2025,2Y,1.928
Fr,7/18/2025,5Y,2.375
Fr,7/18/2025,10Y,3.03
Mo,7/21/2025,2Y,1.894
Mo,7/21/2025,5Y,2.297
Mo,7/21/2025,10Y,2.938
Tu,7/22/2025,2Y,1.885
Tu,7/22/2025,5Y,2.277
Tu,7/22/2025,10Y,2.912
We,7/23/2025,2Y,1.916
We,7/23/2025,5Y,2.312
We,7/23/2025,10Y,2.954
Th,7/24/2025,2Y,2.008
Th,7/24/2025,5Y,2.407
Th,7/24/2025,10Y,3.025
Fr,7/25/2025,2Y,2.019
Fr,7/25/2025,5Y,2.432
Fr,7/25/2025,10Y,3.05
Mo,7/28/2025,2Y,1.991
Mo,7/28/2025,5Y,2.398
Mo,7/28/2025,10Y,3.014
Tu,7/29/2025,2Y,2.004
Tu,7/29/2025,5Y,2.42
Tu,7/29/2025,10Y,3.031
We,7/30/2025,2Y,2.024
We,7/30/2025,5Y,2.429
We,7/30/2025,10Y,3.028
Th,7/31/2025,2Y,2.032
Th,7/31/2025,5Y,2.429
Th,7/31/2025,10Y,3.017
Fr,8/1/2025,2Y,1.984
Fr,8/1/2025,5Y,2.402
Fr,8/1/2025,10Y,3.002
Mo,8/4/2025,2Y,1.958
Mo,8/4/2025,5Y,2.363
Mo,8/4/2025,10Y,2.947
Tu,8/5/2025,2Y,1.954
Tu,8/5/2025,5Y,2.359
Tu,8/5/2025,10Y,2.932
We,8/6/2025,2Y,1.964
We,8/6/2025,5Y,2.378
We,8/6/2025,10Y,2.959
Th,8/7/2025,2Y,1.971
Th,8/7/2025,5Y,2.37
Th,8/7/2025,10Y,2.933
Fr,8/8/2025,2Y,2.004
Fr,8/8/2025,5Y,2.425
Fr,8/8/2025,10Y,2.992
Mo,8/11/2025,2Y,2.01
Mo,8/11/2025,5Y,2.43
Mo,8/11/2025,10Y,2.997
Tu,8/12/2025,2Y,2.015
Tu,8/12/2025,5Y,2.455
Tu,8/12/2025,10Y,3.047
We,8/13/2025,2Y,1.981
We,8/13/2025,5Y,2.396
We,8/13/2025,10Y,2.98
Th,8/14/2025,2Y,1.993
Th,8/14/2025,5Y,2.42
Th,8/14/2025,10Y,3.017
Fr,8/15/2025,2Y,2.022
Fr,8/15/2025,5Y,2.48
Fr,8/15/2025,10Y,3.096
Mo,8/18/2025,2Y,2.008
Mo,8/18/2025,5Y,2.458
Mo,8/18/2025,10Y,3.071
Tu,8/19/2025,2Y,2.004
Tu,8/19/2025,5Y,2.447
Tu,8/19/2025,10Y,3.055
We,8/20/2025,2Y,1.983
We,8/20/2025,5Y,2.422
We,8/20/2025,10Y,3.031
Th,8/21/2025,2Y,2.018
Th,8/21/2025,5Y,2.466
Th,8/21/2025,10Y,3.076
Fr,8/22/2025,2Y,1.985
Fr,8/22/2025,5Y,2.427
Fr,8/22/2025,10Y,3.035
Mo,8/25/2025,2Y,2.01
Mo,8/25/2025,5Y,2.474
Mo,8/25/2025,10Y,3.085
Tu,8/26/2025,2Y,1.978
Tu,8/26/2025,5Y,2.432
Tu,8/26/2025,10Y,3.056
We,8/27/2025,2Y,1.966
We,8/27/2025,5Y,2.405
We,8/27/2025,10Y,3.035
Th,8/28/2025,2Y,1.975
Th,8/28/2025,5Y,2.398
Th,8/28/2025,10Y,3.019
Fr,8/29/2025,2Y,1.98
Fr,8/29/2025,5Y,2.414
Fr,8/29/2025,10Y,3.04
Mo,9/1/2025,2Y,1.991
Mo,9/1/2025,5Y,2.437
Mo,9/1/2025,10Y,3.065
Tu,9/2/2025,2Y,2.014
Tu,9/2/2025,5Y,2.464
Tu,9/2/2025,10Y,3.096
We,9/3/2025,2Y,1.995
We,9/3/2025,5Y,2.428
We,9/3/2025,10Y,3.052
Th,9/4/2025,2Y,1.999
Th,9/4/2025,5Y,2.409
Th,9/4/2025,10Y,3.02
Fr,9/5/2025,2Y,1.965
Fr,9/5/2025,5Y,2.368
Fr,9/5/2025,10Y,2.989
Mo,9/8/2025,2Y,1.961
Mo,9/8/2025,5Y,2.363
Mo,9/8/2025,10Y,2.96
Tu,9/9/2025,2Y,2.003
Tu,9/9/2025,5Y,2.373
Tu,9/9/2025,10Y,2.972
We,9/10/2025,2Y,1.979
We,9/10/2025,5Y,2.375
We,9/10/2025,10Y,2.964
Th,9/11/2025,2Y,2.015
Th,9/11/2025,5Y,2.405
Th,9/11/2025,10Y,2.96
Fr,9/12/2025,2Y,2.04
Fr,9/12/2025,5Y,2.45
Fr,9/12/2025,10Y,3.016
Mo,9/15/2025,2Y,2.035
Mo,9/15/2025,5Y,2.438
Mo,9/15/2025,10Y,2.989
Tu,9/16/2025,2Y,2.024
Tu,9/16/2025,5Y,2.43
Tu,9/16/2025,10Y,2.993
We,9/17/2025,2Y,2.025
We,9/17/2025,5Y,2.425
We,9/17/2025,10Y,2.976
Th,9/18/2025,2Y,2.03
Th,9/18/2025,5Y,2.448
Th,9/18/2025,10Y,3.03
Fr,9/19/2025,2Y,2.039
Fr,9/19/2025,5Y,2.469
Fr,9/19/2025,10Y,3.047
Mo,9/22/2025,2Y,2.036
Mo,9/22/2025,5Y,2.461
Mo,9/22/2025,10Y,3.051
Tu,9/23/2025,2Y,2.041
Tu,9/23/2025,5Y,2.458
Tu,9/23/2025,10Y,3.047
We,9/24/2025,2Y,2.036
We,9/24/2025,5Y,2.456
We,9/24/2025,10Y,3.044
Th,9/25/2025,2Y,2.051
Th,9/25/2025,5Y,2.492
Th,9/25/2025,10Y,3.073
Fr,9/26/2025,2Y,2.04
Fr,9/26/2025,5Y,2.467
Fr,9/26/2025,10Y,3.045
Mo,9/29/2025,2Y,2.036
Mo,9/29/2025,5Y,2.443
Mo,9/29/2025,10Y,3.003
Tu,9/30/2025,2Y,2.129
Tu,9/30/2025,5Y,2.569
Tu,9/30/2025,10Y,3.005
We,10/1/2025,2Y,2.121
We,10/1/2025,5Y,2.557
We,10/1/2025,10Y,3.007
Th,10/2/2025,2Y,2.121
Th,10/2/2025,5Y,2.561
Th,10/2/2025,10Y,2.997
Fr,10/3/2025,2Y,2.127
Fr,10/3/2025,5Y,2.567
Fr,10/3/2025,10Y,2.991
Mo,10/6/2025,2Y,2.117
Mo,10/6/2025,5Y,2.572
Mo,10/6/2025,10Y,3.011
Tu,10/7/2025,2Y,2.118
Tu,10/7/2025,5Y,2.574
Tu,10/7/2025,10Y,3.007
We,10/8/2025,2Y,2.1
We,10/8/2025,5Y,2.543
We,10/8/2025,10Y,2.978
Th,10/9/2025,2Y,2.108
Th,10/9/2025,5Y,2.568
Th,10/9/2025,10Y,3
Fr,10/10/2025,2Y,2.066
Fr,10/10/2025,5Y,2.497
Fr,10/10/2025,10Y,2.945
Mo,10/13/2025,2Y,2.047
Mo,10/13/2025,5Y,2.486
Mo,10/13/2025,10Y,2.938
Tu,10/14/2025,2Y,2.031
Tu,10/14/2025,5Y,2.457
Tu,10/14/2025,10Y,2.894
We,10/15/2025,2Y,2.012
We,10/15/2025,5Y,2.422
We,10/15/2025,10Y,2.853
Th,10/16/2025,2Y,2.005
Th,10/16/2025,5Y,2.423
Th,10/16/2025,10Y,2.858
Fr,10/17/2025,2Y,2.008
Fr,10/17/2025,5Y,2.443
Fr,10/17/2025,10Y,2.88
Mo,10/20/2025,2Y,2.013
Mo,10/20/2025,5Y,2.451
Mo,10/20/2025,10Y,2.88
Tu,10/21/2025,2Y,2.021
Tu,10/21/2025,5Y,2.431
Tu,10/21/2025,10Y,2.859
We,10/22/2025,2Y,2.01
We,10/22/2025,5Y,2.434
We,10/22/2025,10Y,2.863
Th,10/23/2025,2Y,2.023
Th,10/23/2025,5Y,2.454
Th,10/23/2025,10Y,2.88
Fr,10/24/2025,2Y,2.066
Fr,10/24/2025,5Y,2.504
Fr,10/24/2025,10Y,2.928
Mo,10/27/2025,2Y,2.07
Mo,10/27/2025,5Y,2.496
Mo,10/27/2025,10Y,2.915
Tu,10/28/2025,2Y,2.069
Tu,10/28/2025,5Y,2.498
Tu,10/28/2025,10Y,2.921
We,10/29/2025,2Y,2.071
We,10/29/2025,5Y,2.488
We,10/29/2025,10Y,2.913
Th,10/30/2025,2Y,2.083
Th,10/30/2025,5Y,2.506
Th,10/30/2025,10Y,2.932
Fr,10/31/2025,2Y,2.065
Fr,10/31/2025,5Y,2.488
Fr,10/31/2025,10Y,2.922
Mo,11/3/2025,2Y,2.09
Mo,11/3/2025,5Y,2.523
Mo,11/3/2025,10Y,2.952
Tu,11/4/2025,2Y,2.076
Tu,11/4/2025,5Y,2.514
Tu,11/4/2025,10Y,2.938
We,11/5/2025,2Y,2.085
We,11/5/2025,5Y,2.53
We,11/5/2025,10Y,2.958
Th,11/6/2025,2Y,2.071
Th,11/6/2025,5Y,2.509
Th,11/6/2025,10Y,2.94
Fr,11/7/2025,2Y,2.073
Fr,11/7/2025,5Y,2.518
Fr,11/7/2025,10Y,2.956
Mo,11/10/2025,2Y,2.077
Mo,11/10/2025,5Y,2.517
Mo,11/10/2025,10Y,2.952
Tu,11/11/2025,2Y,2.069
Tu,11/11/2025,5Y,2.505
Tu,11/11/2025,10Y,2.946
We,11/12/2025,2Y,2.07
We,11/12/2025,5Y,2.479
We,11/12/2025,10Y,2.926
Th,11/13/2025,2Y,2.087
Th,11/13/2025,5Y,2.51
Th,11/13/2025,10Y,2.966
Fr,11/14/2025,2Y,2.089
Fr,11/14/2025,5Y,2.539
Fr,11/14/2025,10Y,2.99
Mo,11/17/2025,2Y,2.086
Mo,11/17/2025,5Y,2.539
Mo,11/17/2025,10Y,2.985
Tu,11/18/2025,2Y,2.076
Tu,11/18/2025,5Y,2.539
Tu,11/18/2025,10Y,2.986
We,11/19/2025,2Y,2.068
We,11/19/2025,5Y,2.544
We,11/19/2025,10Y,2.993
Th,11/20/2025,2Y,2.078
Th,11/20/2025,5Y,2.552
Th,11/20/2025,10Y,3.006
Fr,11/21/2025,2Y,2.072
Fr,11/21/2025,5Y,2.544
Fr,11/21/2025,10Y,2.994
Mo,11/24/2025,2Y,2.063
Mo,11/24/2025,5Y,2.53
Mo,11/24/2025,10Y,2.978
Tu,11/25/2025,2Y,2.071
Tu,11/25/2025,5Y,2.514
Tu,11/25/2025,10Y,2.954
We,11/26/2025,2Y,2.071
We,11/26/2025,5Y,2.507
We,11/26/2025,10Y,2.953
Th,11/27/2025,2Y,2.081
Th,11/27/2025,5Y,2.523
Th,11/27/2025,10Y,2.957
Fr,11/28/2025,2Y,2.089
Fr,11/28/2025,5Y,2.525
Fr,11/28/2025,10Y,2.962
Mo,12/1/2025,2Y,2.123
Mo,12/1/2025,5Y,2.585
Mo,12/1/2025,10Y,3.025
Tu,12/2/2025,2Y,2.113
Tu,12/2/2025,5Y,2.587
Tu,12/2/2025,10Y,3.022
We,12/3/2025,2Y,2.114
We,12/3/2025,5Y,2.579
We,12/3/2025,10Y,3.018
Th,12/4/2025,2Y,2.128
Th,12/4/2025,5Y,2.608
Th,12/4/2025,10Y,3.042
Fr,12/5/2025,2Y,2.145
Fr,12/5/2025,5Y,2.624
Fr,12/5/2025,10Y,3.062
Mo,12/8/2025,2Y,2.2
Mo,12/8/2025,5Y,2.69
Mo,12/8/2025,10Y,3.121
Tu,12/9/2025,2Y,2.2
Tu,12/9/2025,5Y,2.674
Tu,12/9/2025,10Y,3.105
We,12/10/2025,2Y,2.221
We,12/10/2025,5Y,2.682
We,12/10/2025,10Y,3.105
Th,12/11/2025,2Y,2.2
Th,12/11/2025,5Y,2.666
Th,12/11/2025,10Y,3.096
Fr,12/12/2025,2Y,2.203
Fr,12/12/2025,5Y,2.674
Fr,12/12/2025,10Y,3.107
Mo,12/15/2025,2Y,2.198
Mo,12/15/2025,5Y,2.673
Mo,12/15/2025,10Y,3.102
Tu,12/16/2025,2Y,2.178
Tu,12/16/2025,5Y,2.654
Tu,12/16/2025,10Y,3.087
We,12/17/2025,2Y,2.18
We,12/17/2025,5Y,2.675
We,12/17/2025,10Y,3.11
Th,12/18/2025,2Y,2.179
Th,12/18/2025,5Y,2.655
Th,12/18/2025,10Y,3.093
Fr,12/19/2025,2Y,2.201
Fr,12/19/2025,5Y,2.695
Fr,12/19/2025,10Y,3.137
Mo,12/22/2025,2Y,2.2
Mo,12/22/2025,5Y,2.689
Mo,12/22/2025,10Y,3.142
Tu,12/23/2025,2Y,2.195
Tu,12/23/2025,5Y,2.665
Tu,12/23/2025,10Y,3.106
We,12/24/2025,2Y,2.197
We,12/24/2025,5Y,2.666
We,12/24/2025,10Y,3.106
Th,12/25/2025,2Y,2.197
Th,12/25/2025,5Y,2.666
Th,12/25/2025,10Y,3.106
Fr,12/26/2025,2Y,2.197
Fr,12/26/2025,5Y,2.666
Fr,12/26/2025,10Y,3.106
Mo,12/29/2025,2Y,2.162
Mo,12/29/2025,5Y,2.632
Mo,12/29/2025,10Y,3.074
Tu,12/30/2025,2Y,2.151
Tu,12/30/2025,5Y,2.653
Tu,12/30/2025,10Y,3.102
We,12/31/2025,2Y,2.156
We,12/31/2025,5Y,2.657
We,12/31/2025,10Y,3.102
Th,1/1/2026,2Y,2.156
Th,1/1/2026,5Y,2.657
Th,1/1/2026,10Y,3.102
Fr,1/2/2026,2Y,2.183
Fr,1/2/2026,5Y,2.686
Fr,1/2/2026,10Y,3.149
Mo,1/5/2026,2Y,2.175
Mo,1/5/2026,5Y,2.662
Mo,1/5/2026,10Y,3.118
Tu,1/6/2026,2Y,2.15
Tu,1/6/2026,5Y,2.636
Tu,1/6/2026,10Y,3.09
We,1/7/2026,2Y,2.14
We,1/7/2026,5Y,2.609
We,1/7/2026,10Y,3.06
Th,1/8/2026,2Y,2.143
Th,1/8/2026,5Y,2.621
Th,1/8/2026,10Y,3.069
Fr,1/9/2026,2Y,2.152
Fr,1/9/2026,5Y,2.627
Fr,1/9/2026,10Y,3.07
Mo,1/12/2026,2Y,2.144
Mo,1/12/2026,5Y,2.615
Mo,1/12/2026,10Y,3.048
Tu,1/13/2026,2Y,2.137
Tu,1/13/2026,5Y,2.614
Tu,1/13/2026,10Y,3.059
We,1/14/2026,2Y,2.12
We,1/14/2026,5Y,2.585
We,1/14/2026,10Y,3.025
Th,1/15/2026,2Y,2.139
Th,1/15/2026,5Y,2.601
Th,1/15/2026,10Y,3.028
Fr,1/16/2026,2Y,2.149
Fr,1/16/2026,5Y,2.618
Fr,1/16/2026,10Y,3.044
Mo,1/19/2026,2Y,2.123
Mo,1/19/2026,5Y,2.6
Mo,1/19/2026,10Y,3.047
Tu,1/20/2026,2Y,2.116
Tu,1/20/2026,5Y,2.608
Tu,1/20/2026,10Y,3.08
We,1/21/2026,2Y,2.136
We,1/21/2026,5Y,2.637
We,1/21/2026,10Y,3.098
Th,1/22/2026,2Y,2.156
Th,1/22/2026,5Y,2.653
Th,1/22/2026,10Y,3.091
Fr,1/23/2026,2Y,2.171
Fr,1/23/2026,5Y,2.661
Fr,1/23/2026,10Y,3.097
Mo,1/26/2026,2Y,2.14
Mo,1/26/2026,5Y,2.62
Mo,1/26/2026,10Y,3.052
Tu,1/27/2026,2Y,2.132
Tu,1/27/2026,5Y,2.619
Tu,1/27/2026,10Y,3.061
We,1/28/2026,2Y,2.112
We,1/28/2026,5Y,2.597
We,1/28/2026,10Y,3.043
Th,1/29/2026,2Y,2.096
Th,1/29/2026,5Y,2.573
Th,1/29/2026,10Y,3.031
Fr,1/30/2026,2Y,2.102
Fr,1/30/2026,5Y,2.571
Fr,1/30/2026,10Y,3.139
Mo,2/2/2026,2Y,2.13
Mo,2/2/2026,5Y,2.594
Mo,2/2/2026,10Y,3.16
Tu,2/3/2026,2Y,2.137
Tu,2/3/2026,5Y,2.605
Tu,2/3/2026,10Y,3.178
We,2/4/2026,2Y,2.111
We,2/4/2026,5Y,2.577
We,2/4/2026,10Y,3.15
Th,2/5/2026,2Y,2.109
Th,2/5/2026,5Y,2.569
Th,2/5/2026,10Y,3.136
Fr,2/6/2026,2Y,2.106
Fr,2/6/2026,5Y,2.568
Fr,2/6/2026,10Y,3.142
Mo,2/9/2026,2Y,2.106
Mo,2/9/2026,5Y,2.57
Mo,2/9/2026,10Y,3.144
Tu,2/10/2026,2Y,2.094
Tu,2/10/2026,5Y,2.545
Tu,2/10/2026,10Y,3.105
We,2/11/2026,2Y,2.088
We,2/11/2026,5Y,2.537
We,2/11/2026,10Y,3.08
Th,2/12/2026,2Y,2.083
Th,2/12/2026,5Y,2.523
Th,2/12/2026,10Y,3.066
Fr,2/13/2026,2Y,2.06
Fr,2/13/2026,5Y,2.496
Fr,2/13/2026,10Y,3.044
Mo,2/16/2026,2Y,2.066
Mo,2/16/2026,5Y,2.498
Mo,2/16/2026,10Y,3.05
Tu,2/17/2026,2Y,2.063
Tu,2/17/2026,5Y,2.493
Tu,2/17/2026,10Y,3.036
We,2/18/2026,2Y,2.074
We,2/18/2026,5Y,2.492
We,2/18/2026,10Y,3.034
Th,2/19/2026,2Y,2.08
Th,2/19/2026,5Y,2.494
Th,2/19/2026,10Y,3.042
Fr,2/20/2026,2Y,2.084
Fr,2/20/2026,5Y,2.494
Fr,2/20/2026,10Y,3.032
Mo,2/23/2026,2Y,2.065
Mo,2/23/2026,5Y,2.466
Mo,2/23/2026,10Y,3.005
Tu,2/24/2026,2Y,2.073
Tu,2/24/2026,5Y,2.469
Tu,2/24/2026,10Y,2.996
We,2/25/2026,2Y,2.077
We,2/25/2026,5Y,2.467
We,2/25/2026,10Y,2.99
Th,2/26/2026,2Y,2.065
Th,2/26/2026,5Y,2.447
Th,2/26/2026,10Y,2.968
Fr,2/27/2026,2Y,2.023
Fr,2/27/2026,5Y,2.386
Fr,2/27/2026,10Y,2.923
Mo,3/2/2026,2Y,2.111
Mo,3/2/2026,5Y,2.478
Mo,3/2/2026,10Y,2.995
Tu,3/3/2026,2Y,2.182
Tu,3/3/2026,5Y,2.547
Tu,3/3/2026,10Y,3.05
We,3/4/2026,2Y,2.157
We,3/4/2026,5Y,2.513
We,3/4/2026,10Y,3.03
Th,3/5/2026,2Y,2.264
Th,3/5/2026,5Y,2.63
Th,3/5/2026,10Y,3.13
Fr,3/6/2026,2Y,2.344
Fr,3/6/2026,5Y,2.683
Fr,3/6/2026,10Y,3.152
Mo,3/9/2026,2Y,2.362
Mo,3/9/2026,5Y,2.705
Mo,3/9/2026,10Y,3.165
Tu,3/10/2026,2Y,2.292
Tu,3/10/2026,5Y,2.646
Tu,3/10/2026,10Y,3.122
We,3/11/2026,2Y,2.424
We,3/11/2026,5Y,2.775
We,3/11/2026,10Y,3.228
Th,3/12/2026,2Y,2.456
Th,3/12/2026,5Y,2.805
Th,3/12/2026,10Y,3.259
Fr,3/13/2026,2Y,2.486
Fr,3/13/2026,5Y,2.839
Fr,3/13/2026,10Y,3.289
Mo,3/16/2026,2Y,2.447
Mo,3/16/2026,5Y,2.786
Mo,3/16/2026,10Y,3.249
Tu,3/17/2026,2Y,2.42
Tu,3/17/2026,5Y,2.737
Tu,3/17/2026,10Y,3.198
We,3/18/2026,2Y,2.481
We,3/18/2026,5Y,2.787
We,3/18/2026,10Y,3.243
Th,3/19/2026,2Y,2.627
Th,3/19/2026,5Y,2.856
Th,3/19/2026,10Y,3.269
Fr,3/20/2026,2Y,2.721
Fr,3/20/2026,5Y,2.955
Fr,3/20/2026,10Y,3.367
Mo,3/23/2026,2Y,2.621
Mo,3/23/2026,5Y,2.917
Mo,3/23/2026,10Y,3.336
Tu,3/24/2026,2Y,2.717
Tu,3/24/2026,5Y,2.972
Tu,3/24/2026,10Y,3.371
We,3/25/2026,2Y,2.654
We,3/25/2026,5Y,2.904
We,3/25/2026,10Y,3.273
Th,3/26/2026,2Y,2.766
Th,3/26/2026,5Y,3.025
Th,3/26/2026,10Y,3.408
Fr,3/27/2026,2Y,2.728
Fr,3/27/2026,5Y,3.026
Fr,3/27/2026,10Y,3.437
Mo,3/30/2026,2Y,2.677
Mo,3/30/2026,5Y,2.958
Mo,3/30/2026,10Y,3.359
Tu,3/31/2026,2Y,2.666
Tu,3/31/2026,5Y,2.919
Tu,3/31/2026,10Y,3.306
We,4/1/2026,2Y,2.636
We,4/1/2026,5Y,2.883
We,4/1/2026,10Y,3.279
Th,4/2/2026,2Y,2.659
Th,4/2/2026,5Y,2.876
Th,4/2/2026,10Y,3.296
Fr,4/3/2026,2Y,2.659
Fr,4/3/2026,5Y,2.876
Fr,4/3/2026,10Y,3.296
Mo,4/6/2026,2Y,2.659
Mo,4/6/2026,5Y,2.876
Mo,4/6/2026,10Y,3.296
Tu,4/7/2026,2Y,2.772
Tu,4/7/2026,5Y,2.978
Tu,4/7/2026,10Y,3.376
We,4/8/2026,2Y,2.549
We,4/8/2026,5Y,2.781
We,4/8/2026,10Y,3.228
Th,4/9/2026,2Y,2.549
Th,4/9/2026,5Y,2.812
Th,4/9/2026,10Y,3.278
Fr,4/10/2026,2Y,2.627
Fr,4/10/2026,5Y,2.877
Fr,4/10/2026,10Y,3.329
Mo,4/13/2026,2Y,2.667
Mo,4/13/2026,5Y,2.924
Mo,4/13/2026,10Y,3.38
Tu,4/14/2026,2Y,2.554
Tu,4/14/2026,5Y,2.839
Tu,4/14/2026,10Y,3.304
We,4/15/2026,2Y,2.546
We,4/15/2026,5Y,2.851
We,4/15/2026,10Y,3.321
Th,4/16/2026,2Y,2.514
Th,4/16/2026,5Y,2.831
Th,4/16/2026,10Y,3.305
Fr,4/17/2026,2Y,2.41
Fr,4/17/2026,5Y,2.741
Fr,4/17/2026,10Y,3.228
Mo,4/20/2026,2Y,2.458
Mo,4/20/2026,5Y,2.764
Mo,4/20/2026,10Y,3.253
Tu,4/21/2026,2Y,2.51
Tu,4/21/2026,5Y,2.809
Tu,4/21/2026,10Y,3.285
We,4/22/2026,2Y,2.532
We,4/22/2026,5Y,2.82
We,4/22/2026,10Y,3.287
Th,4/23/2026,2Y,2.544
Th,4/23/2026,5Y,2.825
Th,4/23/2026,10Y,3.285
Fr,4/24/2026,2Y,2.538
Fr,4/24/2026,5Y,2.818
Fr,4/24/2026,10Y,3.263
Mo,4/27/2026,2Y,2.561
Mo,4/27/2026,5Y,2.847
Mo,4/27/2026,10Y,3.3
Tu,4/28/2026,2Y,2.647
Tu,4/28/2026,5Y,2.911
Tu,4/28/2026,10Y,3.337
We,4/29/2026,2Y,2.716
We,4/29/2026,5Y,2.973
We,4/29/2026,10Y,3.388
Th,4/30/2026,2Y,2.624
Th,4/30/2026,5Y,2.871
Th,4/30/2026,10Y,3.306
Fr,5/1/2026,2Y,2.624
Fr,5/1/2026,5Y,2.872
Fr,5/1/2026,10Y,3.306
Mo,5/4/2026,2Y,2.706
Mo,5/4/2026,5Y,2.933
Mo,5/4/2026,10Y,3.365
Tu,5/5/2026,2Y,2.657
Tu,5/5/2026,5Y,2.882
Tu,5/5/2026,10Y,3.328
We,5/6/2026,2Y,2.569
We,5/6/2026,5Y,2.801
We,5/6/2026,10Y,3.251
Th,5/7/2026,2Y,2.572
Th,5/7/2026,5Y,2.817
Th,5/7/2026,10Y,3.25
Fr,5/8/2026,2Y,2.58
Fr,5/8/2026,5Y,2.816
Fr,5/8/2026,10Y,3.254
Mo,5/11/2026,2Y,2.63
Mo,5/11/2026,5Y,2.858
Mo,5/11/2026,10Y,3.291
Tu,5/12/2026,2Y,2.696
Tu,5/12/2026,5Y,2.932
Tu,5/12/2026,10Y,3.355
We,5/13/2026,2Y,2.7
We,5/13/2026,5Y,2.935
We,5/13/2026,10Y,3.359
Th,5/14/2026,2Y,2.638
Th,5/14/2026,5Y,2.872
Th,5/14/2026,10Y,3.295
Fr,5/15/2026,2Y,2.707
Fr,5/15/2026,5Y,2.977
Fr,5/15/2026,10Y,3.427
Mo,5/18/2026,2Y,2.682
Mo,5/18/2026,5Y,2.954
Mo,5/18/2026,10Y,3.396
Tu,5/19/2026,2Y,2.722
Tu,5/19/2026,5Y,2.995
Tu,5/19/2026,10Y,3.438
We,5/20/2026,2Y,2.631
We,5/20/2026,5Y,2.896
We,5/20/2026,10Y,3.337
Th,5/21/2026,2Y,2.664
Th,5/21/2026,5Y,2.92
Th,5/21/2026,10Y,3.337
Fr,5/22/2026,2Y,2.62
Fr,5/22/2026,5Y,2.866
Fr,5/22/2026,10Y,3.272
Mo,5/25/2026,2Y,2.498
Mo,5/25/2026,5Y,2.75
Mo,5/25/2026,10Y,3.172
Tu,5/26/2026,2Y,2.562
Tu,5/26/2026,5Y,2.793
Tu,5/26/2026,10Y,3.208
We,5/27/2026,2Y,2.587
We,5/27/2026,5Y,2.814
We,5/27/2026,10Y,3.23
Th,5/28/2026,2Y,2.549
Th,5/28/2026,5Y,2.784
Th,5/28/2026,10Y,3.201
Fr,5/29/2026,2Y,2.546
Fr,5/29/2026,5Y,2.761
Fr,5/29/2026,10Y,3.176
Mo,6/1/2026,2Y,2.629
Mo,6/1/2026,5Y,2.833
Mo,6/1/2026,10Y,3.237
Tu,6/2/2026,2Y,2.624
Tu,6/2/2026,5Y,2.811
Tu,6/2/2026,10Y,3.208
We,6/3/2026,2Y,2.68
We,6/3/2026,5Y,2.878
We,6/3/2026,10Y,3.271
Th,6/4/2026,2Y,2.662
Th,6/4/2026,5Y,2.864
Th,6/4/2026,10Y,3.259
Fr,6/5/2026,2Y,2.698
Fr,6/5/2026,5Y,2.895
Fr,6/5/2026,10Y,3.278
Mo,6/8/2026,2Y,2.735
Mo,6/8/2026,5Y,2.918
Mo,6/8/2026,10Y,3.308
Tu,6/9/2026,2Y,2.698
Tu,6/9/2026,5Y,2.884
Tu,6/9/2026,10Y,3.281
We,6/10/2026,2Y,2.75
We,6/10/2026,5Y,2.932
We,6/10/2026,10Y,3.322
Th,6/11/2026,2Y,2.721
Th,6/11/2026,5Y,2.888
Th,6/11/2026,10Y,3.278
Fr,6/12/2026,2Y,2.652
Fr,6/12/2026,5Y,2.84
Fr,6/12/2026,10Y,3.238
Mo,6/15/2026,2Y,2.622
Mo,6/15/2026,5Y,2.789
Mo,6/15/2026,10Y,3.196
Tu,6/16/2026,2Y,2.616
Tu,6/16/2026,5Y,2.776
Tu,6/16/2026,10Y,3.172
We,6/17/2026,2Y,2.625
We,6/17/2026,5Y,2.787
We,6/17/2026,10Y,3.17
Th,6/18/2026,2Y,2.647
Th,6/18/2026,5Y,2.8
Th,6/18/2026,10Y,3.172
Fr,6/19/2026,2Y,2.676
Fr,6/19/2026,5Y,2.853
Fr,6/19/2026,10Y,3.231
Mo,6/22/2026,2Y,2.638
Mo,6/22/2026,5Y,2.817
Mo,6/22/2026,10Y,3.194
Tu,6/23/2026,2Y,2.612
Tu,6/23/2026,5Y,2.787
Tu,6/23/2026,10Y,3.161
We,6/24/2026,2Y,2.587
We,6/24/2026,5Y,2.738
We,6/24/2026,10Y,3.111
Th,6/25/2026,2Y,2.565
Th,6/25/2026,5Y,2.726
Th,6/25/2026,10Y,3.106
Fr,6/26/2026,2Y,2.541
Fr,6/26/2026,5Y,2.719
Fr,6/26/2026,10Y,3.11
Mo,6/29/2026,2Y,2.568
Mo,6/29/2026,5Y,2.729
Mo,6/29/2026,10Y,3.113
Tu,6/30/2026,2Y,2.557
Tu,6/30/2026,5Y,2.722
Tu,6/30/2026,10Y,3.113
We,7/1/2026,2Y,2.541
We,7/1/2026,5Y,2.725
We,7/1/2026,10Y,3.134
Th,7/2/2026,2Y,2.53
Th,7/2/2026,5Y,2.739
Th,7/2/2026,10Y,3.16
Fr,7/3/2026,2Y,2.567
Fr,7/3/2026,5Y,2.775
Fr,7/3/2026,10Y,3.191
Mo,7/6/2026,2Y,2.577
Mo,7/6/2026,5Y,2.786
Mo,7/6/2026,10Y,3.205
Tu,7/7/2026,2Y,2.615
Tu,7/7/2026,5Y,2.835
Tu,7/7/2026,10Y,3.257
We,7/8/2026,2Y,2.746
We,7/8/2026,5Y,2.956
We,7/8/2026,10Y,3.352
Th,7/9/2026,2Y,2.686
Th,7/9/2026,5Y,2.905
Th,7/9/2026,10Y,3.308
Fr,7/10/2026,2Y,2.663
Fr,7/10/2026,5Y,2.902
Fr,7/10/2026,10Y,3.291
Mo,7/13/2026,2Y,2.745
Mo,7/13/2026,5Y,2.959
Mo,7/13/2026,10Y,3.338
Tu,7/14/2026,2Y,2.759
Tu,7/14/2026,5Y,2.962
Tu,7/14/2026,10Y,3.334
We,7/15/2026,2Y,2.757
We,7/15/2026,5Y,2.967
We,7/15/2026,10Y,3.346
Th,7/16/2026,2Y,2.783
Th,7/16/2026,5Y,2.987
Th,7/16/2026,10Y,3.36
Fr,7/17/2026,2Y,2.804
Fr,7/17/2026,5Y,2.996
Fr,7/17/2026,10Y,3.348
Mo,7/20/2026,2Y,2.803
Mo,7/20/2026,5Y,3.013
Mo,7/20/2026,10Y,3.373
Tu,7/21/2026,2Y,2.798
Tu,7/21/2026,5Y,3.031
Tu,7/21/2026,10Y,3.392
We,7/22/2026,2Y,2.823
We,7/22/2026,5Y,3.029
We,7/22/2026,10Y,3.389
Th,7/23/2026,2Y,2.903
Th,7/23/2026,5Y,3.071
Th,7/23/2026,10Y,3.428
Fr,7/24/2026,2Y,2.815
Fr,7/24/2026,5Y,3.022
Fr,7/24/2026,10Y,3.384
Mo,7/27/2026,2Y,2.786
Mo,7/27/2026,5Y,2.989
Mo,7/27/2026,10Y,3.338
Tu,7/28/2026,2Y,2.746
Tu,7/28/2026,5Y,2.945
Tu,7/28/2026,10Y,3.307
We,7/29/2026,2Y,2.811
We,7/29/2026,5Y,3.025
We,7/29/2026,10Y,3.385
Th,7/30/2026,2Y,2.792
Th,7/30/2026,5Y,3.001
Th,7/30/2026,10Y,3.377
Fr,7/31/2026,2Y,2.839
Fr,7/31/2026,5Y,3.052
Fr,7/31/2026,10Y,3.427
Mo,8/3/2026,2Y,2.782
Mo,8/3/2026,5Y,2.992
Mo,8/3/2026,10Y,3.361
Tu,8/4/2026,2Y,2.727
Tu,8/4/2026,5Y,2.932
Tu,8/4/2026,10Y,3.316
We,8/5/2026,2Y,2.736
We,8/5/2026,5Y,2.942
We,8/5/2026,10Y,3.319
Th,8/6/2026,2Y,2.76
Th,8/6/2026,5Y,2.978
Th,8/6/2026,10Y,3.342
Fr,8/7/2026,2Y,2.748
Fr,8/7/2026,5Y,2.965
Fr,8/7/2026,10Y,3.335
Mo,8/10/2026,2Y,2.795
Mo,8/10/2026,5Y,3.025
Mo,8/10/2026,10Y,3.387
Tu,8/11/2026,2Y,2.788
Tu,8/11/2026,5Y,3.007
Tu,8/11/2026,10Y,3.37
We,8/12/2026,2Y,2.797
We,8/12/2026,5Y,3.004
We,8/12/2026,10Y,3.37
Th,8/13/2026,2Y,2.768
Th,8/13/2026,5Y,2.975
Th,8/13/2026,10Y,3.337
Fr,8/14/2026,2Y,2.8
Fr,8/14/2026,5Y,3.02
Fr,8/14/2026,10Y,3.406
Mo,8/17/2026,2Y,2.798
Mo,8/17/2026,5Y,3.035
Mo,8/17/2026,10Y,3.426
Tu,8/18/2026,2Y,2.855
Tu,8/18/2026,5Y,3.084
Tu,8/18/2026,10Y,3.472
We,8/19/2026,2Y,2.861
We,8/19/2026,5Y,3.101
We,8/19/2026,10Y,3.47
Th,8/20/2026,2Y,2.855
Th,8/20/2026,5Y,3.087
Th,8/20/2026,10Y,3.466
Fr,8/21/2026,2Y,2.847
Fr,8/21/2026,5Y,3.089
Fr,8/21/2026,10Y,3.467
Mo,8/24/2026,2Y,2.878
Mo,8/24/2026,5Y,3.095
Mo,8/24/2026,10Y,3.461
Tu,8/25/2026,2Y,2.814
Tu,8/25/2026,5Y,3.031
Tu,8/25/2026,10Y,3.407
We,8/26/2026,2Y,2.84
We,8/26/2026,5Y,3.068
We,8/26/2026,10Y,3.44
Th,8/27/2026,2Y,2.87
Th,8/27/2026,5Y,3.089
Th,8/27/2026,10Y,3.459
Fr,8/28/2026,2Y,2.894
Fr,8/28/2026,5Y,3.128
Fr,8/28/2026,10Y,3.486
Mo,8/31/2026,2Y,2.934
Mo,8/31/2026,5Y,3.169
Mo,8/31/2026,10Y,3.531
Tu,9/1/2026,2Y,2.953
Tu,9/1/2026,5Y,3.192
Tu,9/1/2026,10Y,3.553
We,9/2/2026,2Y,2.991
We,9/2/2026,5Y,3.217
We,9/2/2026,10Y,3.584
Th,9/3/2026,2Y,2.953
Th,9/3/2026,5Y,3.188
Th,9/3/2026,10Y,3.549
Fr,9/4/2026,2Y,2.934
Fr,9/4/2026,5Y,3.182
Fr,9/4/2026,10Y,3.543
Mo,9/7/2026,2Y,2.971
Mo,9/7/2026,5Y,3.239
Mo,9/7/2026,10Y,3.594
Tu,9/8/2026,2Y,2.963
Tu,9/8/2026,5Y,3.226
Tu,9/8/2026,10Y,3.566
We,9/9/2026,2Y,3.003
We,9/9/2026,5Y,3.288
We,9/9/2026,10Y,3.635
Th,9/10/2026,2Y,3.201
Th,9/10/2026,5Y,3.402
Th,9/10/2026,10Y,3.703
Fr,9/11/2026,2Y,3.143
Fr,9/11/2026,5Y,3.379
Fr,9/11/2026,10Y,3.703
Mo,9/14/2026,2Y,3.232
Mo,9/14/2026,5Y,3.423
Mo,9/14/2026,10Y,3.715
