Day,Date,Maturity,Yield
Fr,1/1/1999,2Y,3.126
Fr,1/1/1999,5Y,3.421
Fr,1/1/1999,10Y,3.933
Mo,1/4/1999,2Y,3.084
Mo,1/4/1999,5Y,3.342
Mo,1/4/1999,10Y,3.825
Tu,1/5/1999,2Y,3.084
Tu,1/5/1999,5Y,3.335
Tu,1/5/1999,10Y,3.843
We,1/6/1999,2Y,3.09
We,1/6/1999,5Y,3.333
We,1/6/1999,10Y,3.828
Th,1/7/1999,2Y,3.053
Th,1/7/1999,5Y,3.342
Th,1/7/1999,10Y,3.847
Fr,1/8/1999,2Y,3.03
Fr,1/8/1999,5Y,3.312
Fr,1/8/1999,10Y,3.822
Mo,1/11/1999,2Y,3.067
Mo,1/11/1999,5Y,3.333
Mo,1/11/1999,10Y,3.887
Tu,1/12/1999,2Y,3.038
Tu,1/12/1999,5Y,3.312
Tu,1/12/1999,10Y,3.872
We,1/13/1999,2Y,2.988
We,1/13/1999,5Y,3.233
We,1/13/1999,10Y,3.797
Th,1/14/1999,2Y,2.986
Th,1/14/1999,5Y,3.239
Th,1/14/1999,10Y,3.781
Fr,1/15/1999,2Y,2.954
Fr,1/15/1999,5Y,3.216
Fr,1/15/1999,10Y,3.799
Mo,1/18/1999,2Y,2.929
Mo,1/18/1999,5Y,3.201
Mo,1/18/1999,10Y,3.777
Tu,1/19/1999,2Y,2.915
Tu,1/19/1999,5Y,3.206
Tu,1/19/1999,10Y,3.766
We,1/20/1999,2Y,2.929
We,1/20/1999,5Y,3.229
We,1/20/1999,10Y,3.792
Th,1/21/1999,2Y,2.932
Th,1/21/1999,5Y,3.222
Th,1/21/1999,10Y,3.761
Fr,1/22/1999,2Y,2.901
Fr,1/22/1999,5Y,3.185
Fr,1/22/1999,10Y,3.723
Mo,1/25/1999,2Y,2.907
Mo,1/25/1999,5Y,3.178
Mo,1/25/1999,10Y,3.726
Tu,1/26/1999,2Y,2.919
Tu,1/26/1999,5Y,3.18
Tu,1/26/1999,10Y,3.726
We,1/27/1999,2Y,2.929
We,1/27/1999,5Y,3.184
We,1/27/1999,10Y,3.725
Th,1/28/1999,2Y,2.93
Th,1/28/1999,5Y,3.188
Th,1/28/1999,10Y,3.727
Fr,1/29/1999,2Y,2.913
Fr,1/29/1999,5Y,3.254
Fr,1/29/1999,10Y,3.733
Mo,2/1/1999,2Y,2.974
Mo,2/1/1999,5Y,3.293
Mo,2/1/1999,10Y,3.771
Tu,2/2/1999,2Y,2.986
Tu,2/2/1999,5Y,3.304
Tu,2/2/1999,10Y,3.791
We,2/3/1999,2Y,2.996
We,2/3/1999,5Y,3.325
We,2/3/1999,10Y,3.825
Th,2/4/1999,2Y,3.026
Th,2/4/1999,5Y,3.375
Th,2/4/1999,10Y,3.905
Fr,2/5/1999,2Y,2.995
Fr,2/5/1999,5Y,3.356
Fr,2/5/1999,10Y,3.878
Mo,2/8/1999,2Y,3.047
Mo,2/8/1999,5Y,3.417
Mo,2/8/1999,10Y,3.929
Tu,2/9/1999,2Y,3.025
Tu,2/9/1999,5Y,3.39
Tu,2/9/1999,10Y,3.883
We,2/10/1999,2Y,3.016
We,2/10/1999,5Y,3.369
We,2/10/1999,10Y,3.877
Th,2/11/1999,2Y,3.015
Th,2/11/1999,5Y,3.35
Th,2/11/1999,10Y,3.865
Fr,2/12/1999,2Y,3.034
Fr,2/12/1999,5Y,3.403
Fr,2/12/1999,10Y,3.929
Mo,2/15/1999,2Y,3.046
Mo,2/15/1999,5Y,3.473
Mo,2/15/1999,10Y,4.006
Tu,2/16/1999,2Y,3.05
Tu,2/16/1999,5Y,3.476
Tu,2/16/1999,10Y,4.007
We,2/17/1999,2Y,3.027
We,2/17/1999,5Y,3.456
We,2/17/1999,10Y,3.991
Th,2/18/1999,2Y,3.025
Th,2/18/1999,5Y,3.459
Th,2/18/1999,10Y,4.011
Fr,2/19/1999,2Y,3.003
Fr,2/19/1999,5Y,3.424
Fr,2/19/1999,10Y,3.981
Mo,2/22/1999,2Y,3
Mo,2/22/1999,5Y,3.415
Mo,2/22/1999,10Y,3.968
Tu,2/23/1999,2Y,2.991
Tu,2/23/1999,5Y,3.382
Tu,2/23/1999,10Y,3.943
We,2/24/1999,2Y,3.023
We,2/24/1999,5Y,3.415
We,2/24/1999,10Y,3.963
Th,2/25/1999,2Y,3.073
Th,2/25/1999,5Y,3.486
Th,2/25/1999,10Y,4.043
Fr,2/26/1999,2Y,3.122
Fr,2/26/1999,5Y,3.54
Fr,2/26/1999,10Y,4.097
Mo,3/1/1999,2Y,3.183
Mo,3/1/1999,5Y,3.644
Mo,3/1/1999,10Y,4.203
Tu,3/2/1999,2Y,3.199
Tu,3/2/1999,5Y,3.625
Tu,3/2/1999,10Y,4.186
We,3/3/1999,2Y,3.201
We,3/3/1999,5Y,3.655
We,3/3/1999,10Y,4.239
Th,3/4/1999,2Y,3.191
Th,3/4/1999,5Y,3.657
Th,3/4/1999,10Y,4.271
Fr,3/5/1999,2Y,3.09
Fr,3/5/1999,5Y,3.503
Fr,3/5/1999,10Y,4.109
Mo,3/8/1999,2Y,3.089
Mo,3/8/1999,5Y,3.507
Mo,3/8/1999,10Y,4.16
Tu,3/9/1999,2Y,3.08
Tu,3/9/1999,5Y,3.534
Tu,3/9/1999,10Y,4.209
We,3/10/1999,2Y,3.058
We,3/10/1999,5Y,3.509
We,3/10/1999,10Y,4.185
Th,3/11/1999,2Y,3.026
Th,3/11/1999,5Y,3.469
Th,3/11/1999,10Y,4.155
Fr,3/12/1999,2Y,3.008
Fr,3/12/1999,5Y,3.441
Fr,3/12/1999,10Y,4.126
Mo,3/15/1999,2Y,3.014
Mo,3/15/1999,5Y,3.439
Mo,3/15/1999,10Y,4.123
Tu,3/16/1999,2Y,3.009
Tu,3/16/1999,5Y,3.423
Tu,3/16/1999,10Y,4.08
We,3/17/1999,2Y,3.002
We,3/17/1999,5Y,3.402
We,3/17/1999,10Y,4.048
Th,3/18/1999,2Y,2.982
Th,3/18/1999,5Y,3.375
Th,3/18/1999,10Y,4.029
Fr,3/19/1999,2Y,2.999
Fr,3/19/1999,5Y,3.399
Fr,3/19/1999,10Y,4.043
Mo,3/22/1999,2Y,3.01
Mo,3/22/1999,5Y,3.424
Mo,3/22/1999,10Y,4.087
Tu,3/23/1999,2Y,3.019
Tu,3/23/1999,5Y,3.456
Tu,3/23/1999,10Y,4.116
We,3/24/1999,2Y,2.992
We,3/24/1999,5Y,3.426
We,3/24/1999,10Y,4.106
Th,3/25/1999,2Y,2.971
Th,3/25/1999,5Y,3.412
Th,3/25/1999,10Y,4.097
Fr,3/26/1999,2Y,2.994
Fr,3/26/1999,5Y,3.461
Fr,3/26/1999,10Y,4.185
Mo,3/29/1999,2Y,2.965
Mo,3/29/1999,5Y,3.442
Mo,3/29/1999,10Y,4.189
Tu,3/30/1999,2Y,2.921
Tu,3/30/1999,5Y,3.404
Tu,3/30/1999,10Y,4.164
We,3/31/1999,2Y,2.903
We,3/31/1999,5Y,3.375
We,3/31/1999,10Y,4.123
Th,4/1/1999,2Y,2.901
Th,4/1/1999,5Y,3.359
Th,4/1/1999,10Y,4.116
Fr,4/2/1999,2Y,2.897
Fr,4/2/1999,5Y,3.358
Fr,4/2/1999,10Y,4.115
Mo,4/5/1999,2Y,2.895
Mo,4/5/1999,5Y,3.358
Mo,4/5/1999,10Y,4.1
Tu,4/6/1999,2Y,2.842
Tu,4/6/1999,5Y,3.294
Tu,4/6/1999,10Y,4.016
We,4/7/1999,2Y,2.865
We,4/7/1999,5Y,3.308
We,4/7/1999,10Y,4.01
Th,4/8/1999,2Y,2.806
Th,4/8/1999,5Y,3.311
Th,4/8/1999,10Y,4.018
Fr,4/9/1999,2Y,2.739
Fr,4/9/1999,5Y,3.23
Fr,4/9/1999,10Y,3.949
Mo,4/12/1999,2Y,2.725
Mo,4/12/1999,5Y,3.22
Mo,4/12/1999,10Y,3.898
Tu,4/13/1999,2Y,2.724
Tu,4/13/1999,5Y,3.266
Tu,4/13/1999,10Y,3.94
We,4/14/1999,2Y,2.72
We,4/14/1999,5Y,3.264
We,4/14/1999,10Y,3.939
Th,4/15/1999,2Y,2.737
Th,4/15/1999,5Y,3.287
Th,4/15/1999,10Y,3.983
Fr,4/16/1999,2Y,2.733
Fr,4/16/1999,5Y,3.286
Fr,4/16/1999,10Y,3.988
Mo,4/19/1999,2Y,2.709
Mo,4/19/1999,5Y,3.264
Mo,4/19/1999,10Y,3.981
Tu,4/20/1999,2Y,2.681
Tu,4/20/1999,5Y,3.219
Tu,4/20/1999,10Y,3.944
We,4/21/1999,2Y,2.669
We,4/21/1999,5Y,3.209
We,4/21/1999,10Y,3.944
Th,4/22/1999,2Y,2.671
Th,4/22/1999,5Y,3.213
Th,4/22/1999,10Y,3.95
Fr,4/23/1999,2Y,2.764
Fr,4/23/1999,5Y,3.201
Fr,4/23/1999,10Y,3.949
Mo,4/26/1999,2Y,2.772
Mo,4/26/1999,5Y,3.22
Mo,4/26/1999,10Y,3.982
Tu,4/27/1999,2Y,2.761
Tu,4/27/1999,5Y,3.194
Tu,4/27/1999,10Y,3.948
We,4/28/1999,2Y,2.782
We,4/28/1999,5Y,3.222
We,4/28/1999,10Y,3.985
Th,4/29/1999,2Y,2.764
Th,4/29/1999,5Y,3.189
Th,4/29/1999,10Y,3.958
Fr,4/30/1999,2Y,2.786
Fr,4/30/1999,5Y,3.219
Fr,4/30/1999,10Y,3.991
Mo,5/3/1999,2Y,2.785
Mo,5/3/1999,5Y,3.222
Mo,5/3/1999,10Y,4.001
Tu,5/4/1999,2Y,2.817
Tu,5/4/1999,5Y,3.277
Tu,5/4/1999,10Y,4.06
We,5/5/1999,2Y,2.805
We,5/5/1999,5Y,3.278
We,5/5/1999,10Y,4.069
Th,5/6/1999,2Y,2.815
Th,5/6/1999,5Y,3.293
Th,5/6/1999,10Y,4.122
Fr,5/7/1999,2Y,2.804
Fr,5/7/1999,5Y,3.276
Fr,5/7/1999,10Y,4.101
Mo,5/10/1999,2Y,2.81
Mo,5/10/1999,5Y,3.291
Mo,5/10/1999,10Y,4.131
Tu,5/11/1999,2Y,2.805
Tu,5/11/1999,5Y,3.297
Tu,5/11/1999,10Y,4.151
We,5/12/1999,2Y,2.802
We,5/12/1999,5Y,3.297
We,5/12/1999,10Y,4.162
Th,5/13/1999,2Y,2.796
Th,5/13/1999,5Y,3.284
Th,5/13/1999,10Y,4.139
Fr,5/14/1999,2Y,2.87
Fr,5/14/1999,5Y,3.402
Fr,5/14/1999,10Y,4.266
Mo,5/17/1999,2Y,2.855
Mo,5/17/1999,5Y,3.394
Mo,5/17/1999,10Y,4.246
Tu,5/18/1999,2Y,2.847
Tu,5/18/1999,5Y,3.384
Tu,5/18/1999,10Y,4.221
We,5/19/1999,2Y,2.877
We,5/19/1999,5Y,3.411
We,5/19/1999,10Y,4.237
Th,5/20/1999,2Y,2.855
Th,5/20/1999,5Y,3.403
Th,5/20/1999,10Y,4.209
Fr,5/21/1999,2Y,2.84
Fr,5/21/1999,5Y,3.375
Fr,5/21/1999,10Y,4.168
Mo,5/24/1999,2Y,2.812
Mo,5/24/1999,5Y,3.346
Mo,5/24/1999,10Y,4.175
Tu,5/25/1999,2Y,2.806
Tu,5/25/1999,5Y,3.347
Tu,5/25/1999,10Y,4.156
We,5/26/1999,2Y,2.815
We,5/26/1999,5Y,3.342
We,5/26/1999,10Y,4.163
Th,5/27/1999,2Y,2.837
Th,5/27/1999,5Y,3.391
Th,5/27/1999,10Y,4.221
Fr,5/28/1999,2Y,2.86
Fr,5/28/1999,5Y,3.409
Fr,5/28/1999,10Y,4.237
Mo,5/31/1999,2Y,2.878
Mo,5/31/1999,5Y,3.43
Mo,5/31/1999,10Y,4.249
Tu,6/1/1999,2Y,2.965
Tu,6/1/1999,5Y,3.541
Tu,6/1/1999,10Y,4.352
We,6/2/1999,2Y,2.993
We,6/2/1999,5Y,3.587
We,6/2/1999,10Y,4.388
Th,6/3/1999,2Y,2.964
Th,6/3/1999,5Y,3.557
Th,6/3/1999,10Y,4.366
Fr,6/4/1999,2Y,2.993
Fr,6/4/1999,5Y,3.605
Fr,6/4/1999,10Y,4.406
Mo,6/7/1999,2Y,2.984
Mo,6/7/1999,5Y,3.585
Mo,6/7/1999,10Y,4.355
Tu,6/8/1999,2Y,2.957
Tu,6/8/1999,5Y,3.56
Tu,6/8/1999,10Y,4.365
We,6/9/1999,2Y,2.967
We,6/9/1999,5Y,3.568
We,6/9/1999,10Y,4.383
Th,6/10/1999,2Y,3.068
Th,6/10/1999,5Y,3.704
Th,6/10/1999,10Y,4.511
Fr,6/11/1999,2Y,3.078
Fr,6/11/1999,5Y,3.71
Fr,6/11/1999,10Y,4.478
Mo,6/14/1999,2Y,3.073
Mo,6/14/1999,5Y,3.713
Mo,6/14/1999,10Y,4.458
Tu,6/15/1999,2Y,3.071
Tu,6/15/1999,5Y,3.7
Tu,6/15/1999,10Y,4.465
We,6/16/1999,2Y,3.068
We,6/16/1999,5Y,3.685
We,6/16/1999,10Y,4.43
Th,6/17/1999,2Y,3.055
Th,6/17/1999,5Y,3.658
Th,6/17/1999,10Y,4.377
Fr,6/18/1999,2Y,3.046
Fr,6/18/1999,5Y,3.644
Fr,6/18/1999,10Y,4.381
Mo,6/21/1999,2Y,3.1
Mo,6/21/1999,5Y,3.731
Mo,6/21/1999,10Y,4.474
Tu,6/22/1999,2Y,3.151
Tu,6/22/1999,5Y,3.791
Tu,6/22/1999,10Y,4.528
We,6/23/1999,2Y,3.208
We,6/23/1999,5Y,3.876
We,6/23/1999,10Y,4.602
Th,6/24/1999,2Y,3.266
Th,6/24/1999,5Y,3.982
Th,6/24/1999,10Y,4.721
Fr,6/25/1999,2Y,3.25
Fr,6/25/1999,5Y,3.943
Fr,6/25/1999,10Y,4.653
Mo,6/28/1999,2Y,3.262
Mo,6/28/1999,5Y,3.967
Mo,6/28/1999,10Y,4.663
Tu,6/29/1999,2Y,3.252
Tu,6/29/1999,5Y,3.943
Tu,6/29/1999,10Y,4.643
We,6/30/1999,2Y,3.248
We,6/30/1999,5Y,3.94
We,6/30/1999,10Y,4.657
Th,7/1/1999,2Y,3.233
Th,7/1/1999,5Y,3.962
Th,7/1/1999,10Y,4.715
Fr,7/2/1999,2Y,3.225
Fr,7/2/1999,5Y,3.961
Fr,7/2/1999,10Y,4.732
Mo,7/5/1999,2Y,3.209
Mo,7/5/1999,5Y,3.965
Mo,7/5/1999,10Y,4.742
Tu,7/6/1999,2Y,3.245
Tu,7/6/1999,5Y,4.036
Tu,7/6/1999,10Y,4.823
We,7/7/1999,2Y,3.277
We,7/7/1999,5Y,4.122
We,7/7/1999,10Y,4.898
Th,7/8/1999,2Y,3.318
Th,7/8/1999,5Y,4.18
Th,7/8/1999,10Y,4.898
Fr,7/9/1999,2Y,3.304
Fr,7/9/1999,5Y,4.167
Fr,7/9/1999,10Y,4.869
Mo,7/12/1999,2Y,3.308
Mo,7/12/1999,5Y,4.151
Mo,7/12/1999,10Y,4.839
Tu,7/13/1999,2Y,3.228
Tu,7/13/1999,5Y,4.045
Tu,7/13/1999,10Y,4.761
We,7/14/1999,2Y,3.212
We,7/14/1999,5Y,4.046
We,7/14/1999,10Y,4.769
Th,7/15/1999,2Y,3.373
Th,7/15/1999,5Y,4.216
Th,7/15/1999,10Y,4.903
Fr,7/16/1999,2Y,3.385
Fr,7/16/1999,5Y,4.199
Fr,7/16/1999,10Y,4.864
Mo,7/19/1999,2Y,3.427
Mo,7/19/1999,5Y,4.219
Mo,7/19/1999,10Y,4.881
Tu,7/20/1999,2Y,3.375
Tu,7/20/1999,5Y,4.134
Tu,7/20/1999,10Y,4.811
We,7/21/1999,2Y,3.288
We,7/21/1999,5Y,4.012
We,7/21/1999,10Y,4.731
Th,7/22/1999,2Y,3.317
Th,7/22/1999,5Y,4.06
Th,7/22/1999,10Y,4.757
Fr,7/23/1999,2Y,3.321
Fr,7/23/1999,5Y,4.054
Fr,7/23/1999,10Y,4.791
Mo,7/26/1999,2Y,3.302
Mo,7/26/1999,5Y,4.029
Mo,7/26/1999,10Y,4.796
Tu,7/27/1999,2Y,3.305
Tu,7/27/1999,5Y,4.054
Tu,7/27/1999,10Y,4.808
We,7/28/1999,2Y,3.296
We,7/28/1999,5Y,4.062
We,7/28/1999,10Y,4.806
Th,7/29/1999,2Y,3.351
Th,7/29/1999,5Y,4.181
Th,7/29/1999,10Y,4.903
Fr,7/30/1999,2Y,3.422
Fr,7/30/1999,5Y,4.29
Fr,7/30/1999,10Y,4.961
Mo,8/2/1999,2Y,3.5
Mo,8/2/1999,5Y,4.383
Mo,8/2/1999,10Y,5.022
Tu,8/3/1999,2Y,3.508
Tu,8/3/1999,5Y,4.377
Tu,8/3/1999,10Y,5.037
We,8/4/1999,2Y,3.476
We,8/4/1999,5Y,4.366
We,8/4/1999,10Y,5.036
Th,8/5/1999,2Y,3.522
Th,8/5/1999,5Y,4.451
Th,8/5/1999,10Y,5.125
Fr,8/6/1999,2Y,3.56
Fr,8/6/1999,5Y,4.516
Fr,8/6/1999,10Y,5.191
Mo,8/9/1999,2Y,3.573
Mo,8/9/1999,5Y,4.486
Mo,8/9/1999,10Y,5.166
Tu,8/10/1999,2Y,3.529
Tu,8/10/1999,5Y,4.456
Tu,8/10/1999,10Y,5.135
We,8/11/1999,2Y,3.502
We,8/11/1999,5Y,4.403
We,8/11/1999,10Y,5.119
Th,8/12/1999,2Y,3.446
Th,8/12/1999,5Y,4.299
Th,8/12/1999,10Y,5.031
Fr,8/13/1999,2Y,3.423
Fr,8/13/1999,5Y,4.249
Fr,8/13/1999,10Y,5.008
Mo,8/16/1999,2Y,3.444
Mo,8/16/1999,5Y,4.292
Mo,8/16/1999,10Y,5.035
Tu,8/17/1999,2Y,3.422
Tu,8/17/1999,5Y,4.25
Tu,8/17/1999,10Y,4.988
We,8/18/1999,2Y,3.38
We,8/18/1999,5Y,4.215
We,8/18/1999,10Y,4.973
Th,8/19/1999,2Y,3.374
Th,8/19/1999,5Y,4.198
Th,8/19/1999,10Y,4.956
Fr,8/20/1999,2Y,3.346
Fr,8/20/1999,5Y,4.179
Fr,8/20/1999,10Y,4.938
Mo,8/23/1999,2Y,3.349
Mo,8/23/1999,5Y,4.184
Mo,8/23/1999,10Y,4.915
Tu,8/24/1999,2Y,3.407
Tu,8/24/1999,5Y,4.231
Tu,8/24/1999,10Y,4.931
We,8/25/1999,2Y,3.359
We,8/25/1999,5Y,4.156
We,8/25/1999,10Y,4.868
Th,8/26/1999,2Y,3.413
Th,8/26/1999,5Y,4.21
Th,8/26/1999,10Y,4.89
Fr,8/27/1999,2Y,3.458
Fr,8/27/1999,5Y,4.244
Fr,8/27/1999,10Y,4.935
Mo,8/30/1999,2Y,3.504
Mo,8/30/1999,5Y,4.318
Mo,8/30/1999,10Y,5.019
Tu,8/31/1999,2Y,3.499
Tu,8/31/1999,5Y,4.334
Tu,8/31/1999,10Y,5.052
We,9/1/1999,2Y,3.505
We,9/1/1999,5Y,4.36
We,9/1/1999,10Y,5.074
Th,9/2/1999,2Y,3.555
Th,9/2/1999,5Y,4.469
Th,9/2/1999,10Y,5.174
Fr,9/3/1999,2Y,3.457
Fr,9/3/1999,5Y,4.352
Fr,9/3/1999,10Y,5.089
Mo,9/6/1999,2Y,3.438
Mo,9/6/1999,5Y,4.342
Mo,9/6/1999,10Y,5.087
Tu,9/7/1999,2Y,3.533
Tu,9/7/1999,5Y,4.472
Tu,9/7/1999,10Y,5.224
We,9/8/1999,2Y,3.518
We,9/8/1999,5Y,4.408
We,9/8/1999,10Y,5.162
Th,9/9/1999,2Y,3.558
Th,9/9/1999,5Y,4.461
Th,9/9/1999,10Y,5.195
Fr,9/10/1999,2Y,3.568
Fr,9/10/1999,5Y,4.443
Fr,9/10/1999,10Y,5.192
Mo,9/13/1999,2Y,3.615
Mo,9/13/1999,5Y,4.518
Mo,9/13/1999,10Y,5.249
Tu,9/14/1999,2Y,3.62
Tu,9/14/1999,5Y,4.531
Tu,9/14/1999,10Y,5.282
We,9/15/1999,2Y,3.66
We,9/15/1999,5Y,4.586
We,9/15/1999,10Y,5.323
Th,9/16/1999,2Y,3.577
Th,9/16/1999,5Y,4.49
Th,9/16/1999,10Y,5.249
Fr,9/17/1999,2Y,3.534
Fr,9/17/1999,5Y,4.437
Fr,9/17/1999,10Y,5.193
Mo,9/20/1999,2Y,3.553
Mo,9/20/1999,5Y,4.473
Mo,9/20/1999,10Y,5.227
Tu,9/21/1999,2Y,3.59
Tu,9/21/1999,5Y,4.497
Tu,9/21/1999,10Y,5.232
We,9/22/1999,2Y,3.576
We,9/22/1999,5Y,4.488
We,9/22/1999,10Y,5.236
Th,9/23/1999,2Y,3.538
Th,9/23/1999,5Y,4.432
Th,9/23/1999,10Y,5.19
Fr,9/24/1999,2Y,3.463
Fr,9/24/1999,5Y,4.358
Fr,9/24/1999,10Y,5.12
Mo,9/27/1999,2Y,3.56
Mo,9/27/1999,5Y,4.468
Mo,9/27/1999,10Y,5.206
Tu,9/28/1999,2Y,3.581
Tu,9/28/1999,5Y,4.47
Tu,9/28/1999,10Y,5.21
We,9/29/1999,2Y,3.602
We,9/29/1999,5Y,4.506
We,9/29/1999,10Y,5.274
Th,9/30/1999,2Y,3.601
Th,9/30/1999,5Y,4.465
Th,9/30/1999,10Y,5.222
Fr,10/1/1999,2Y,3.781
Fr,10/1/1999,5Y,4.625
Fr,10/1/1999,10Y,5.337
Mo,10/4/1999,2Y,3.829
Mo,10/4/1999,5Y,4.654
Mo,10/4/1999,10Y,5.328
Tu,10/5/1999,2Y,3.813
Tu,10/5/1999,5Y,4.614
Tu,10/5/1999,10Y,5.305
We,10/6/1999,2Y,3.826
We,10/6/1999,5Y,4.637
We,10/6/1999,10Y,5.329
Th,10/7/1999,2Y,3.805
Th,10/7/1999,5Y,4.625
Th,10/7/1999,10Y,5.339
Fr,10/8/1999,2Y,3.84
Fr,10/8/1999,5Y,4.663
Fr,10/8/1999,10Y,5.361
Mo,10/11/1999,2Y,3.875
Mo,10/11/1999,5Y,4.683
Mo,10/11/1999,10Y,5.364
Tu,10/12/1999,2Y,3.964
Tu,10/12/1999,5Y,4.778
Tu,10/12/1999,10Y,5.456
We,10/13/1999,2Y,3.966
We,10/13/1999,5Y,4.792
We,10/13/1999,10Y,5.465
Th,10/14/1999,2Y,4.075
Th,10/14/1999,5Y,4.935
Th,10/14/1999,10Y,5.587
Fr,10/15/1999,2Y,4.007
Fr,10/15/1999,5Y,4.855
Fr,10/15/1999,10Y,5.526
Mo,10/18/1999,2Y,3.997
Mo,10/18/1999,5Y,4.836
Mo,10/18/1999,10Y,5.525
Tu,10/19/1999,2Y,4.096
Tu,10/19/1999,5Y,4.842
Tu,10/19/1999,10Y,5.517
We,10/20/1999,2Y,4.149
We,10/20/1999,5Y,4.928
We,10/20/1999,10Y,5.585
Th,10/21/1999,2Y,4.108
Th,10/21/1999,5Y,4.842
Th,10/21/1999,10Y,5.51
Fr,10/22/1999,2Y,4.12
Fr,10/22/1999,5Y,4.843
Fr,10/22/1999,10Y,5.521
Mo,10/25/1999,2Y,4.182
Mo,10/25/1999,5Y,4.931
Mo,10/25/1999,10Y,5.599
Tu,10/26/1999,2Y,4.181
Tu,10/26/1999,5Y,4.919
Tu,10/26/1999,10Y,5.556
We,10/27/1999,2Y,4.116
We,10/27/1999,5Y,4.833
We,10/27/1999,10Y,5.447
Th,10/28/1999,2Y,4.05
Th,10/28/1999,5Y,4.744
Th,10/28/1999,10Y,5.347
Fr,10/29/1999,2Y,4
Fr,10/29/1999,5Y,4.68
Fr,10/29/1999,10Y,5.278
Mo,11/1/1999,2Y,4.006
Mo,11/1/1999,5Y,4.683
Mo,11/1/1999,10Y,5.223
Tu,11/2/1999,2Y,4.012
Tu,11/2/1999,5Y,4.631
Tu,11/2/1999,10Y,5.17
We,11/3/1999,2Y,4.067
We,11/3/1999,5Y,4.683
We,11/3/1999,10Y,5.231
Th,11/4/1999,2Y,4.009
Th,11/4/1999,5Y,4.599
Th,11/4/1999,10Y,5.134
Fr,11/5/1999,2Y,3.969
Fr,11/5/1999,5Y,4.533
Fr,11/5/1999,10Y,5.075
Mo,11/8/1999,2Y,3.892
Mo,11/8/1999,5Y,4.456
Mo,11/8/1999,10Y,5.033
Tu,11/9/1999,2Y,3.894
Tu,11/9/1999,5Y,4.451
Tu,11/9/1999,10Y,5.066
We,11/10/1999,2Y,3.947
We,11/10/1999,5Y,4.509
We,11/10/1999,10Y,5.104
Th,11/11/1999,2Y,3.927
Th,11/11/1999,5Y,4.481
Th,11/11/1999,10Y,5.094
Fr,11/12/1999,2Y,3.848
Fr,11/12/1999,5Y,4.38
Fr,11/12/1999,10Y,4.978
Mo,11/15/1999,2Y,3.876
Mo,11/15/1999,5Y,4.446
Mo,11/15/1999,10Y,5.023
Tu,11/16/1999,2Y,3.853
Tu,11/16/1999,5Y,4.39
Tu,11/16/1999,10Y,4.951
We,11/17/1999,2Y,3.956
We,11/17/1999,5Y,4.53
We,11/17/1999,10Y,5.088
Th,11/18/1999,2Y,4.019
Th,11/18/1999,5Y,4.587
Th,11/18/1999,10Y,5.131
Fr,11/19/1999,2Y,4.072
Fr,11/19/1999,5Y,4.61
Fr,11/19/1999,10Y,5.182
Mo,11/22/1999,2Y,4.082
Mo,11/22/1999,5Y,4.617
Mo,11/22/1999,10Y,5.198
Tu,11/23/1999,2Y,4.071
Tu,11/23/1999,5Y,4.606
Tu,11/23/1999,10Y,5.202
We,11/24/1999,2Y,4.129
We,11/24/1999,5Y,4.679
We,11/24/1999,10Y,5.283
Th,11/25/1999,2Y,4.129
Th,11/25/1999,5Y,4.683
Th,11/25/1999,10Y,5.283
Fr,11/26/1999,2Y,4.179
Fr,11/26/1999,5Y,4.739
Fr,11/26/1999,10Y,5.336
Mo,11/29/1999,2Y,4.189
Mo,11/29/1999,5Y,4.755
Mo,11/29/1999,10Y,5.351
Tu,11/30/1999,2Y,4.116
Tu,11/30/1999,5Y,4.635
Tu,11/30/1999,10Y,5.241
We,12/1/1999,2Y,4.095
We,12/1/1999,5Y,4.608
We,12/1/1999,10Y,5.208
Th,12/2/1999,2Y,4.187
Th,12/2/1999,5Y,4.69
Th,12/2/1999,10Y,5.307
Fr,12/3/1999,2Y,4.144
Fr,12/3/1999,5Y,4.629
Fr,12/3/1999,10Y,5.246
Mo,12/6/1999,2Y,4.075
Mo,12/6/1999,5Y,4.56
Mo,12/6/1999,10Y,5.15
Tu,12/7/1999,2Y,4.079
Tu,12/7/1999,5Y,4.544
Tu,12/7/1999,10Y,5.119
We,12/8/1999,2Y,4.112
We,12/8/1999,5Y,4.587
We,12/8/1999,10Y,5.182
Th,12/9/1999,2Y,4.091
Th,12/9/1999,5Y,4.538
Th,12/9/1999,10Y,5.144
Fr,12/10/1999,2Y,4.056
Fr,12/10/1999,5Y,4.471
Fr,12/10/1999,10Y,5.075
Mo,12/13/1999,2Y,4.079
Mo,12/13/1999,5Y,4.505
Mo,12/13/1999,10Y,5.124
Tu,12/14/1999,2Y,4.138
Tu,12/14/1999,5Y,4.571
Tu,12/14/1999,10Y,5.193
We,12/15/1999,2Y,4.121
We,12/15/1999,5Y,4.524
We,12/15/1999,10Y,5.151
Th,12/16/1999,2Y,4.241
Th,12/16/1999,5Y,4.684
Th,12/16/1999,10Y,5.314
Fr,12/17/1999,2Y,4.282
Fr,12/17/1999,5Y,4.747
Fr,12/17/1999,10Y,5.367
Mo,12/20/1999,2Y,4.29
Mo,12/20/1999,5Y,4.759
Mo,12/20/1999,10Y,5.386
Tu,12/21/1999,2Y,4.262
Tu,12/21/1999,5Y,4.714
Tu,12/21/1999,10Y,5.353
We,12/22/1999,2Y,4.291
We,12/22/1999,5Y,4.731
We,12/22/1999,10Y,5.377
Th,12/23/1999,2Y,4.277
Th,12/23/1999,5Y,4.706
Th,12/23/1999,10Y,5.35
Fr,12/24/1999,2Y,4.274
Fr,12/24/1999,5Y,4.711
Fr,12/24/1999,10Y,5.351
Mo,12/27/1999,2Y,4.277
Mo,12/27/1999,5Y,4.7
Mo,12/27/1999,10Y,5.354
Tu,12/28/1999,2Y,4.299
Tu,12/28/1999,5Y,4.759
Tu,12/28/1999,10Y,5.404
We,12/29/1999,2Y,4.292
We,12/29/1999,5Y,4.779
We,12/29/1999,10Y,5.429
Th,12/30/1999,2Y,4.314
Th,12/30/1999,5Y,4.837
Th,12/30/1999,10Y,5.48
Fr,12/31/1999,2Y,4.288
Fr,12/31/1999,5Y,4.851
Fr,12/31/1999,10Y,5.478
Mo,1/3/2000,2Y,4.412
Mo,1/3/2000,5Y,4.964
Mo,1/3/2000,10Y,5.593
Tu,1/4/2000,2Y,4.413
Tu,1/4/2000,5Y,4.958
Tu,1/4/2000,10Y,5.611
We,1/5/2000,2Y,4.406
We,1/5/2000,5Y,4.968
We,1/5/2000,10Y,5.643
Th,1/6/2000,2Y,4.406
Th,1/6/2000,5Y,4.991
Th,1/6/2000,10Y,5.678
Fr,1/7/2000,2Y,4.307
Fr,1/7/2000,5Y,4.862
Fr,1/7/2000,10Y,5.567
Mo,1/10/2000,2Y,4.277
Mo,1/10/2000,5Y,4.834
Mo,1/10/2000,10Y,5.53
Tu,1/11/2000,2Y,4.366
Tu,1/11/2000,5Y,4.969
Tu,1/11/2000,10Y,5.657
We,1/12/2000,2Y,4.381
We,1/12/2000,5Y,5
We,1/12/2000,10Y,5.67
Th,1/13/2000,2Y,4.347
Th,1/13/2000,5Y,4.97
Th,1/13/2000,10Y,5.635
Fr,1/14/2000,2Y,4.343
Fr,1/14/2000,5Y,5.006
Fr,1/14/2000,10Y,5.665
Mo,1/17/2000,2Y,4.355
Mo,1/17/2000,5Y,5.019
Mo,1/17/2000,10Y,5.672
Tu,1/18/2000,2Y,4.39
Tu,1/18/2000,5Y,5.074
Tu,1/18/2000,10Y,5.758
We,1/19/2000,2Y,4.349
We,1/19/2000,5Y,5.045
We,1/19/2000,10Y,5.718
Th,1/20/2000,2Y,4.359
Th,1/20/2000,5Y,5.059
Th,1/20/2000,10Y,5.713
Fr,1/21/2000,2Y,4.367
Fr,1/21/2000,5Y,5.064
Fr,1/21/2000,10Y,5.705
Mo,1/24/2000,2Y,4.385
Mo,1/24/2000,5Y,5.069
Mo,1/24/2000,10Y,5.698
Tu,1/25/2000,2Y,4.351
Tu,1/25/2000,5Y,5.009
Tu,1/25/2000,10Y,5.637
We,1/26/2000,2Y,4.395
We,1/26/2000,5Y,5.043
We,1/26/2000,10Y,5.649
Th,1/27/2000,2Y,4.482
Th,1/27/2000,5Y,5.151
Th,1/27/2000,10Y,5.751
Fr,1/28/2000,2Y,4.47
Fr,1/28/2000,5Y,5.13
Fr,1/28/2000,10Y,5.733
Mo,1/31/2000,2Y,4.448
Mo,1/31/2000,5Y,5.08
Mo,1/31/2000,10Y,5.657
Tu,2/1/2000,2Y,4.556
Tu,2/1/2000,5Y,5.099
Tu,2/1/2000,10Y,5.592
We,2/2/2000,2Y,4.582
We,2/2/2000,5Y,5.109
We,2/2/2000,10Y,5.611
Th,2/3/2000,2Y,4.568
Th,2/3/2000,5Y,5.108
Th,2/3/2000,10Y,5.572
Fr,2/4/2000,2Y,4.625
Fr,2/4/2000,5Y,5.182
Fr,2/4/2000,10Y,5.636
Mo,2/7/2000,2Y,4.653
Mo,2/7/2000,5Y,5.201
Mo,2/7/2000,10Y,5.661
Tu,2/8/2000,2Y,4.623
Tu,2/8/2000,5Y,5.172
Tu,2/8/2000,10Y,5.607
We,2/9/2000,2Y,4.662
We,2/9/2000,5Y,5.226
We,2/9/2000,10Y,5.646
Th,2/10/2000,2Y,4.685
Th,2/10/2000,5Y,5.268
Th,2/10/2000,10Y,5.718
Fr,2/11/2000,2Y,4.677
Fr,2/11/2000,5Y,5.265
Fr,2/11/2000,10Y,5.711
Mo,2/14/2000,2Y,4.637
Mo,2/14/2000,5Y,5.213
Mo,2/14/2000,10Y,5.654
Tu,2/15/2000,2Y,4.656
Tu,2/15/2000,5Y,5.232
Tu,2/15/2000,10Y,5.682
We,2/16/2000,2Y,4.492
We,2/16/2000,5Y,5.253
We,2/16/2000,10Y,5.716
Th,2/17/2000,2Y,4.527
Th,2/17/2000,5Y,5.264
Th,2/17/2000,10Y,5.718
Fr,2/18/2000,2Y,4.579
Fr,2/18/2000,5Y,5.265
Fr,2/18/2000,10Y,5.703
Mo,2/21/2000,2Y,4.564
Mo,2/21/2000,5Y,5.217
Mo,2/21/2000,10Y,5.64
Tu,2/22/2000,2Y,4.475
Tu,2/22/2000,5Y,5.095
Tu,2/22/2000,10Y,5.542
We,2/23/2000,2Y,4.487
We,2/23/2000,5Y,5.129
We,2/23/2000,10Y,5.577
Th,2/24/2000,2Y,4.42
Th,2/24/2000,5Y,5.064
Th,2/24/2000,10Y,5.529
Fr,2/25/2000,2Y,4.431
Fr,2/25/2000,5Y,5.097
Fr,2/25/2000,10Y,5.585
Mo,2/28/2000,2Y,4.465
Mo,2/28/2000,5Y,5.143
Mo,2/28/2000,10Y,5.625
Tu,2/29/2000,2Y,4.478
Tu,2/29/2000,5Y,5.153
Tu,2/29/2000,10Y,5.634
We,3/1/2000,2Y,4.472
We,3/1/2000,5Y,5.139
We,3/1/2000,10Y,5.614
Th,3/2/2000,2Y,4.508
Th,3/2/2000,5Y,5.186
Th,3/2/2000,10Y,5.652
Fr,3/3/2000,2Y,4.495
Fr,3/3/2000,5Y,5.144
Fr,3/3/2000,10Y,5.577
Mo,3/6/2000,2Y,4.503
Mo,3/6/2000,5Y,5.148
Mo,3/6/2000,10Y,5.573
Tu,3/7/2000,2Y,4.506
Tu,3/7/2000,5Y,5.117
Tu,3/7/2000,10Y,5.55
We,3/8/2000,2Y,4.52
We,3/8/2000,5Y,5.123
We,3/8/2000,10Y,5.571
Th,3/9/2000,2Y,4.462
Th,3/9/2000,5Y,5.041
Th,3/9/2000,10Y,5.462
Fr,3/10/2000,2Y,4.513
Fr,3/10/2000,5Y,5.086
Fr,3/10/2000,10Y,5.489
Mo,3/13/2000,2Y,4.498
Mo,3/13/2000,5Y,5.044
Mo,3/13/2000,10Y,5.444
Tu,3/14/2000,2Y,4.575
Tu,3/14/2000,5Y,5.085
Tu,3/14/2000,10Y,5.48
We,3/15/2000,2Y,4.576
We,3/15/2000,5Y,5.075
We,3/15/2000,10Y,5.45
Th,3/16/2000,2Y,4.502
Th,3/16/2000,5Y,5.002
Th,3/16/2000,10Y,5.391
Fr,3/17/2000,2Y,4.482
Fr,3/17/2000,5Y,4.983
Fr,3/17/2000,10Y,5.361
Mo,3/20/2000,2Y,4.491
Mo,3/20/2000,5Y,4.98
Mo,3/20/2000,10Y,5.362
Tu,3/21/2000,2Y,4.456
Tu,3/21/2000,5Y,4.949
Tu,3/21/2000,10Y,5.34
We,3/22/2000,2Y,4.48
We,3/22/2000,5Y,4.979
We,3/22/2000,10Y,5.377
Th,3/23/2000,2Y,4.459
Th,3/23/2000,5Y,4.934
Th,3/23/2000,10Y,5.317
Fr,3/24/2000,2Y,4.5
Fr,3/24/2000,5Y,4.987
Fr,3/24/2000,10Y,5.377
Mo,3/27/2000,2Y,4.538
Mo,3/27/2000,5Y,5.05
Mo,3/27/2000,10Y,5.442
Tu,3/28/2000,2Y,4.501
Tu,3/28/2000,5Y,4.998
Tu,3/28/2000,10Y,5.395
We,3/29/2000,2Y,4.524
We,3/29/2000,5Y,5.025
We,3/29/2000,10Y,5.431
Th,3/30/2000,2Y,4.475
Th,3/30/2000,5Y,4.981
Th,3/30/2000,10Y,5.381
Fr,3/31/2000,2Y,4.447
Fr,3/31/2000,5Y,4.945
Fr,3/31/2000,10Y,5.341
Mo,4/3/2000,2Y,4.431
Mo,4/3/2000,5Y,4.925
Mo,4/3/2000,10Y,5.316
Tu,4/4/2000,2Y,4.419
Tu,4/4/2000,5Y,4.928
Tu,4/4/2000,10Y,5.313
We,4/5/2000,2Y,4.337
We,4/5/2000,5Y,4.85
We,4/5/2000,10Y,5.255
Th,4/6/2000,2Y,4.408
Th,4/6/2000,5Y,4.925
Th,4/6/2000,10Y,5.321
Fr,4/7/2000,2Y,4.413
Fr,4/7/2000,5Y,4.922
Fr,4/7/2000,10Y,5.307
Mo,4/10/2000,2Y,4.444
Mo,4/10/2000,5Y,4.913
Mo,4/10/2000,10Y,5.282
Tu,4/11/2000,2Y,4.422
Tu,4/11/2000,5Y,4.906
Tu,4/11/2000,10Y,5.284
We,4/12/2000,2Y,4.462
We,4/12/2000,5Y,4.938
We,4/12/2000,10Y,5.305
Th,4/13/2000,2Y,4.478
Th,4/13/2000,5Y,4.96
Th,4/13/2000,10Y,5.315
Fr,4/14/2000,2Y,4.489
Fr,4/14/2000,5Y,4.995
Fr,4/14/2000,10Y,5.356
Mo,4/17/2000,2Y,4.458
Mo,4/17/2000,5Y,4.969
Mo,4/17/2000,10Y,5.344
Tu,4/18/2000,2Y,4.475
Tu,4/18/2000,5Y,4.993
Tu,4/18/2000,10Y,5.372
We,4/19/2000,2Y,4.511
We,4/19/2000,5Y,5.019
We,4/19/2000,10Y,5.394
Th,4/20/2000,2Y,4.531
Th,4/20/2000,5Y,5.048
Th,4/20/2000,10Y,5.408
Fr,4/21/2000,2Y,4.532
Fr,4/21/2000,5Y,5.056
Fr,4/21/2000,10Y,5.412
Mo,4/24/2000,2Y,4.53
Mo,4/24/2000,5Y,5.036
Mo,4/24/2000,10Y,5.41
Tu,4/25/2000,2Y,4.585
Tu,4/25/2000,5Y,5.092
Tu,4/25/2000,10Y,5.454
We,4/26/2000,2Y,4.565
We,4/26/2000,5Y,5.046
We,4/26/2000,10Y,5.391
Th,4/27/2000,2Y,4.601
Th,4/27/2000,5Y,5.069
Th,4/27/2000,10Y,5.414
Fr,4/28/2000,2Y,4.613
Fr,4/28/2000,5Y,5.078
Fr,4/28/2000,10Y,5.408
Mo,5/1/2000,2Y,4.618
Mo,5/1/2000,5Y,5.079
Mo,5/1/2000,10Y,5.41
Tu,5/2/2000,2Y,4.708
Tu,5/2/2000,5Y,5.16
Tu,5/2/2000,10Y,5.461
We,5/3/2000,2Y,4.772
We,5/3/2000,5Y,5.233
We,5/3/2000,10Y,5.542
Th,5/4/2000,2Y,4.842
Th,5/4/2000,5Y,5.294
Th,5/4/2000,10Y,5.584
Fr,5/5/2000,2Y,4.861
Fr,5/5/2000,5Y,5.319
Fr,5/5/2000,10Y,5.584
Mo,5/8/2000,2Y,4.844
Mo,5/8/2000,5Y,5.283
Mo,5/8/2000,10Y,5.538
Tu,5/9/2000,2Y,4.819
Tu,5/9/2000,5Y,5.254
Tu,5/9/2000,10Y,5.502
We,5/10/2000,2Y,4.79
We,5/10/2000,5Y,5.214
We,5/10/2000,10Y,5.482
Th,5/11/2000,2Y,4.901
Th,5/11/2000,5Y,5.327
Th,5/11/2000,10Y,5.578
Fr,5/12/2000,2Y,4.935
Fr,5/12/2000,5Y,5.32
Fr,5/12/2000,10Y,5.552
Mo,5/15/2000,2Y,4.879
Mo,5/15/2000,5Y,5.274
Mo,5/15/2000,10Y,5.534
Tu,5/16/2000,2Y,4.902
Tu,5/16/2000,5Y,5.274
Tu,5/16/2000,10Y,5.5
We,5/17/2000,2Y,5.041
We,5/17/2000,5Y,5.395
We,5/17/2000,10Y,5.583
Th,5/18/2000,2Y,5.049
Th,5/18/2000,5Y,5.407
Th,5/18/2000,10Y,5.59
Fr,5/19/2000,2Y,5.095
Fr,5/19/2000,5Y,5.427
Fr,5/19/2000,10Y,5.606
Mo,5/22/2000,2Y,5.03
Mo,5/22/2000,5Y,5.356
Mo,5/22/2000,10Y,5.524
Tu,5/23/2000,2Y,5.011
Tu,5/23/2000,5Y,5.344
Tu,5/23/2000,10Y,5.52
We,5/24/2000,2Y,4.941
We,5/24/2000,5Y,5.272
We,5/24/2000,10Y,5.47
Th,5/25/2000,2Y,4.915
Th,5/25/2000,5Y,5.204
Th,5/25/2000,10Y,5.412
Fr,5/26/2000,2Y,4.868
Fr,5/26/2000,5Y,5.113
Fr,5/26/2000,10Y,5.353
Mo,5/29/2000,2Y,4.911
Mo,5/29/2000,5Y,5.16
Mo,5/29/2000,10Y,5.4
Tu,5/30/2000,2Y,4.973
Tu,5/30/2000,5Y,5.184
Tu,5/30/2000,10Y,5.417
We,5/31/2000,2Y,4.992
We,5/31/2000,5Y,5.153
We,5/31/2000,10Y,5.361
Th,6/1/2000,2Y,4.96
Th,6/1/2000,5Y,5.103
Th,6/1/2000,10Y,5.275
Fr,6/2/2000,2Y,4.845
Fr,6/2/2000,5Y,4.988
Fr,6/2/2000,10Y,5.243
Mo,6/5/2000,2Y,4.821
Mo,6/5/2000,5Y,4.97
Mo,6/5/2000,10Y,5.244
Tu,6/6/2000,2Y,4.816
Tu,6/6/2000,5Y,4.999
Tu,6/6/2000,10Y,5.285
We,6/7/2000,2Y,4.801
We,6/7/2000,5Y,5.002
We,6/7/2000,10Y,5.286
Th,6/8/2000,2Y,5.01
Th,6/8/2000,5Y,5.161
Th,6/8/2000,10Y,5.367
Fr,6/9/2000,2Y,4.986
Fr,6/9/2000,5Y,5.13
Fr,6/9/2000,10Y,5.322
Mo,6/12/2000,2Y,4.98
Mo,6/12/2000,5Y,5.132
Mo,6/12/2000,10Y,5.324
Tu,6/13/2000,2Y,4.921
Tu,6/13/2000,5Y,5.068
Tu,6/13/2000,10Y,5.283
We,6/14/2000,2Y,4.909
We,6/14/2000,5Y,5.079
We,6/14/2000,10Y,5.324
Th,6/15/2000,2Y,4.853
Th,6/15/2000,5Y,5.047
Th,6/15/2000,10Y,5.327
Fr,6/16/2000,2Y,4.828
Fr,6/16/2000,5Y,4.998
Fr,6/16/2000,10Y,5.25
Mo,6/19/2000,2Y,4.865
Mo,6/19/2000,5Y,5.017
Mo,6/19/2000,10Y,5.275
Tu,6/20/2000,2Y,4.901
Tu,6/20/2000,5Y,5.043
Tu,6/20/2000,10Y,5.279
We,6/21/2000,2Y,4.981
We,6/21/2000,5Y,5.147
We,6/21/2000,10Y,5.366
Th,6/22/2000,2Y,5.01
Th,6/22/2000,5Y,5.175
Th,6/22/2000,10Y,5.397
Fr,6/23/2000,2Y,5.036
Fr,6/23/2000,5Y,5.207
Fr,6/23/2000,10Y,5.428
Mo,6/26/2000,2Y,5.032
Mo,6/26/2000,5Y,5.204
Mo,6/26/2000,10Y,5.399
Tu,6/27/2000,2Y,5.03
Tu,6/27/2000,5Y,5.201
Tu,6/27/2000,10Y,5.404
We,6/28/2000,2Y,5.053
We,6/28/2000,5Y,5.205
We,6/28/2000,10Y,5.414
Th,6/29/2000,2Y,5.006
Th,6/29/2000,5Y,5.135
Th,6/29/2000,10Y,5.357
Fr,6/30/2000,2Y,5.004
Fr,6/30/2000,5Y,5.134
Fr,6/30/2000,10Y,5.379
Mo,7/3/2000,2Y,5.038
Mo,7/3/2000,5Y,5.187
Mo,7/3/2000,10Y,5.437
Tu,7/4/2000,2Y,5.044
Tu,7/4/2000,5Y,5.197
Tu,7/4/2000,10Y,5.439
We,7/5/2000,2Y,4.988
We,7/5/2000,5Y,5.152
We,7/5/2000,10Y,5.401
Th,7/6/2000,2Y,5.046
Th,7/6/2000,5Y,5.229
Th,7/6/2000,10Y,5.477
Fr,7/7/2000,2Y,5.025
Fr,7/7/2000,5Y,5.194
Fr,7/7/2000,10Y,5.413
Mo,7/10/2000,2Y,5.044
Mo,7/10/2000,5Y,5.217
Mo,7/10/2000,10Y,5.439
Tu,7/11/2000,2Y,5.044
Tu,7/11/2000,5Y,5.189
Tu,7/11/2000,10Y,5.385
We,7/12/2000,2Y,5.071
We,7/12/2000,5Y,5.224
We,7/12/2000,10Y,5.423
Th,7/13/2000,2Y,5.09
Th,7/13/2000,5Y,5.212
Th,7/13/2000,10Y,5.398
Fr,7/14/2000,2Y,5.144
Fr,7/14/2000,5Y,5.269
Fr,7/14/2000,10Y,5.454
Mo,7/17/2000,2Y,5.163
Mo,7/17/2000,5Y,5.29
Mo,7/17/2000,10Y,5.47
Tu,7/18/2000,2Y,5.178
Tu,7/18/2000,5Y,5.301
Tu,7/18/2000,10Y,5.467
We,7/19/2000,2Y,5.194
We,7/19/2000,5Y,5.284
We,7/19/2000,10Y,5.443
Th,7/20/2000,2Y,5.171
Th,7/20/2000,5Y,5.245
Th,7/20/2000,10Y,5.394
Fr,7/21/2000,2Y,5.175
Fr,7/21/2000,5Y,5.251
Fr,7/21/2000,10Y,5.385
Mo,7/24/2000,2Y,5.186
Mo,7/24/2000,5Y,5.26
Mo,7/24/2000,10Y,5.385
Tu,7/25/2000,2Y,5.165
Tu,7/25/2000,5Y,5.216
Tu,7/25/2000,10Y,5.345
We,7/26/2000,2Y,5.142
We,7/26/2000,5Y,5.184
We,7/26/2000,10Y,5.303
Th,7/27/2000,2Y,5.167
Th,7/27/2000,5Y,5.195
Th,7/27/2000,10Y,5.317
Fr,7/28/2000,2Y,5.169
Fr,7/28/2000,5Y,5.203
Fr,7/28/2000,10Y,5.346
Mo,7/31/2000,2Y,5.165
Mo,7/31/2000,5Y,5.211
Mo,7/31/2000,10Y,5.354
Tu,8/1/2000,2Y,5.117
Tu,8/1/2000,5Y,5.154
Tu,8/1/2000,10Y,5.299
We,8/2/2000,2Y,5.137
We,8/2/2000,5Y,5.171
We,8/2/2000,10Y,5.318
Th,8/3/2000,2Y,5.142
Th,8/3/2000,5Y,5.185
Th,8/3/2000,10Y,5.33
Fr,8/4/2000,2Y,5.128
Fr,8/4/2000,5Y,5.181
Fr,8/4/2000,10Y,5.333
Mo,8/7/2000,2Y,5.09
Mo,8/7/2000,5Y,5.15
Mo,8/7/2000,10Y,5.31
Tu,8/8/2000,2Y,5.111
Tu,8/8/2000,5Y,5.187
Tu,8/8/2000,10Y,5.34
We,8/9/2000,2Y,5.136
We,8/9/2000,5Y,5.181
We,8/9/2000,10Y,5.32
Th,8/10/2000,2Y,5.109
Th,8/10/2000,5Y,5.15
Th,8/10/2000,10Y,5.293
Fr,8/11/2000,2Y,5.192
Fr,8/11/2000,5Y,5.193
Fr,8/11/2000,10Y,5.305
Mo,8/14/2000,2Y,5.224
Mo,8/14/2000,5Y,5.226
Mo,8/14/2000,10Y,5.329
Tu,8/15/2000,2Y,5.251
Tu,8/15/2000,5Y,5.268
Tu,8/15/2000,10Y,5.372
We,8/16/2000,2Y,5.281
We,8/16/2000,5Y,5.299
We,8/16/2000,10Y,5.378
Th,8/17/2000,2Y,5.281
Th,8/17/2000,5Y,5.289
Th,8/17/2000,10Y,5.37
Fr,8/18/2000,2Y,5.299
Fr,8/18/2000,5Y,5.293
Fr,8/18/2000,10Y,5.362
Mo,8/21/2000,2Y,5.352
Mo,8/21/2000,5Y,5.348
Mo,8/21/2000,10Y,5.418
Tu,8/22/2000,2Y,5.312
Tu,8/22/2000,5Y,5.321
Tu,8/22/2000,10Y,5.396
We,8/23/2000,2Y,5.275
We,8/23/2000,5Y,5.292
We,8/23/2000,10Y,5.374
Th,8/24/2000,2Y,5.271
Th,8/24/2000,5Y,5.282
Th,8/24/2000,10Y,5.375
Fr,8/25/2000,2Y,5.299
Fr,8/25/2000,5Y,5.307
Fr,8/25/2000,10Y,5.392
Mo,8/28/2000,2Y,5.309
Mo,8/28/2000,5Y,5.318
Mo,8/28/2000,10Y,5.409
Tu,8/29/2000,2Y,5.301
Tu,8/29/2000,5Y,5.338
Tu,8/29/2000,10Y,5.468
We,8/30/2000,2Y,5.294
We,8/30/2000,5Y,5.338
We,8/30/2000,10Y,5.469
Th,8/31/2000,2Y,5.264
Th,8/31/2000,5Y,5.319
Th,8/31/2000,10Y,5.463
Fr,9/1/2000,2Y,5.176
Fr,9/1/2000,5Y,5.203
Fr,9/1/2000,10Y,5.342
Mo,9/4/2000,2Y,5.171
Mo,9/4/2000,5Y,5.201
Mo,9/4/2000,10Y,5.357
Tu,9/5/2000,2Y,5.2
Tu,9/5/2000,5Y,5.226
Tu,9/5/2000,10Y,5.374
We,9/6/2000,2Y,5.252
We,9/6/2000,5Y,5.27
We,9/6/2000,10Y,5.4
Th,9/7/2000,2Y,5.239
Th,9/7/2000,5Y,5.278
Th,9/7/2000,10Y,5.413
Fr,9/8/2000,2Y,5.248
Fr,9/8/2000,5Y,5.296
Fr,9/8/2000,10Y,5.444
Mo,9/11/2000,2Y,5.244
Mo,9/11/2000,5Y,5.294
Mo,9/11/2000,10Y,5.438
Tu,9/12/2000,2Y,5.227
Tu,9/12/2000,5Y,5.287
Tu,9/12/2000,10Y,5.446
We,9/13/2000,2Y,5.2
We,9/13/2000,5Y,5.259
We,9/13/2000,10Y,5.431
Th,9/14/2000,2Y,5.171
Th,9/14/2000,5Y,5.235
Th,9/14/2000,10Y,5.425
Fr,9/15/2000,2Y,5.143
Fr,9/15/2000,5Y,5.225
Fr,9/15/2000,10Y,5.461
Mo,9/18/2000,2Y,5.141
Mo,9/18/2000,5Y,5.238
Mo,9/18/2000,10Y,5.499
Tu,9/19/2000,2Y,5.111
Tu,9/19/2000,5Y,5.213
Tu,9/19/2000,10Y,5.477
We,9/20/2000,2Y,5.115
We,9/20/2000,5Y,5.218
We,9/20/2000,10Y,5.477
Th,9/21/2000,2Y,5.103
Th,9/21/2000,5Y,5.19
Th,9/21/2000,10Y,5.429
Fr,9/22/2000,2Y,5.06
Fr,9/22/2000,5Y,5.14
Fr,9/22/2000,10Y,5.39
Mo,9/25/2000,2Y,5.154
Mo,9/25/2000,5Y,5.23
Mo,9/25/2000,10Y,5.434
Tu,9/26/2000,2Y,5.131
Tu,9/26/2000,5Y,5.198
Tu,9/26/2000,10Y,5.407
We,9/27/2000,2Y,5.132
We,9/27/2000,5Y,5.209
We,9/27/2000,10Y,5.442
Th,9/28/2000,2Y,5.136
Th,9/28/2000,5Y,5.197
Th,9/28/2000,10Y,5.414
Fr,9/29/2000,2Y,5.112
Fr,9/29/2000,5Y,5.169
Fr,9/29/2000,10Y,5.381
Mo,10/2/2000,2Y,5.08
Mo,10/2/2000,5Y,5.159
Mo,10/2/2000,10Y,5.393
Tu,10/3/2000,2Y,5.072
Tu,10/3/2000,5Y,5.16
Tu,10/3/2000,10Y,5.395
We,10/4/2000,2Y,5.088
We,10/4/2000,5Y,5.172
We,10/4/2000,10Y,5.4
Th,10/5/2000,2Y,5.148
Th,10/5/2000,5Y,5.194
Th,10/5/2000,10Y,5.408
Fr,10/6/2000,2Y,5.14
Fr,10/6/2000,5Y,5.179
Fr,10/6/2000,10Y,5.384
Mo,10/9/2000,2Y,5.112
Mo,10/9/2000,5Y,5.136
Mo,10/9/2000,10Y,5.349
Tu,10/10/2000,2Y,5.111
Tu,10/10/2000,5Y,5.137
Tu,10/10/2000,10Y,5.356
We,10/11/2000,2Y,5.067
We,10/11/2000,5Y,5.099
We,10/11/2000,10Y,5.312
Th,10/12/2000,2Y,5.034
Th,10/12/2000,5Y,5.073
Th,10/12/2000,10Y,5.304
Fr,10/13/2000,2Y,5.06
Fr,10/13/2000,5Y,5.083
Fr,10/13/2000,10Y,5.334
Mo,10/16/2000,2Y,5.084
Mo,10/16/2000,5Y,5.115
Mo,10/16/2000,10Y,5.342
Tu,10/17/2000,2Y,5.088
Tu,10/17/2000,5Y,5.124
Tu,10/17/2000,10Y,5.352
We,10/18/2000,2Y,5.082
We,10/18/2000,5Y,5.111
We,10/18/2000,10Y,5.345
Th,10/19/2000,2Y,5.13
Th,10/19/2000,5Y,5.138
Th,10/19/2000,10Y,5.351
Fr,10/20/2000,2Y,5.148
Fr,10/20/2000,5Y,5.142
Fr,10/20/2000,10Y,5.343
Mo,10/23/2000,2Y,5.177
Mo,10/23/2000,5Y,5.153
Mo,10/23/2000,10Y,5.343
Tu,10/24/2000,2Y,5.166
Tu,10/24/2000,5Y,5.146
Tu,10/24/2000,10Y,5.346
We,10/25/2000,2Y,5.174
We,10/25/2000,5Y,5.178
We,10/25/2000,10Y,5.396
Th,10/26/2000,2Y,5.173
Th,10/26/2000,5Y,5.157
Th,10/26/2000,10Y,5.377
Fr,10/27/2000,2Y,5.146
Fr,10/27/2000,5Y,5.126
Fr,10/27/2000,10Y,5.356
Mo,10/30/2000,2Y,5.152
Mo,10/30/2000,5Y,5.139
Mo,10/30/2000,10Y,5.359
Tu,10/31/2000,2Y,5.158
Tu,10/31/2000,5Y,5.151
Tu,10/31/2000,10Y,5.36
We,11/1/2000,2Y,5.114
We,11/1/2000,5Y,5.124
We,11/1/2000,10Y,5.34
Th,11/2/2000,2Y,5.127
Th,11/2/2000,5Y,5.128
Th,11/2/2000,10Y,5.347
Fr,11/3/2000,2Y,5.13
Fr,11/3/2000,5Y,5.133
Fr,11/3/2000,10Y,5.326
Mo,11/6/2000,2Y,5.137
Mo,11/6/2000,5Y,5.148
Mo,11/6/2000,10Y,5.338
Tu,11/7/2000,2Y,5.14
Tu,11/7/2000,5Y,5.161
Tu,11/7/2000,10Y,5.351
We,11/8/2000,2Y,5.148
We,11/8/2000,5Y,5.178
We,11/8/2000,10Y,5.367
Th,11/9/2000,2Y,5.127
Th,11/9/2000,5Y,5.161
Th,11/9/2000,10Y,5.36
Fr,11/10/2000,2Y,5.087
Fr,11/10/2000,5Y,5.14
Fr,11/10/2000,10Y,5.352
Mo,11/13/2000,2Y,5.064
Mo,11/13/2000,5Y,5.109
Mo,11/13/2000,10Y,5.315
Tu,11/14/2000,2Y,5.082
Tu,11/14/2000,5Y,5.104
Tu,11/14/2000,10Y,5.317
We,11/15/2000,2Y,5.071
We,11/15/2000,5Y,5.097
We,11/15/2000,10Y,5.313
Th,11/16/2000,2Y,5.063
Th,11/16/2000,5Y,5.077
Th,11/16/2000,10Y,5.298
Fr,11/17/2000,2Y,5.058
Fr,11/17/2000,5Y,5.071
Fr,11/17/2000,10Y,5.303
Mo,11/20/2000,2Y,5.066
Mo,11/20/2000,5Y,5.073
Mo,11/20/2000,10Y,5.291
Tu,11/21/2000,2Y,5.081
Tu,11/21/2000,5Y,5.088
Tu,11/21/2000,10Y,5.302
We,11/22/2000,2Y,5.062
We,11/22/2000,5Y,5.059
We,11/22/2000,10Y,5.247
Th,11/23/2000,2Y,5.062
Th,11/23/2000,5Y,5.061
Th,11/23/2000,10Y,5.249
Fr,11/24/2000,2Y,5.063
Fr,11/24/2000,5Y,5.059
Fr,11/24/2000,10Y,5.241
Mo,11/27/2000,2Y,5.058
Mo,11/27/2000,5Y,5.056
Mo,11/27/2000,10Y,5.235
Tu,11/28/2000,2Y,5.018
Tu,11/28/2000,5Y,5.02
Tu,11/28/2000,10Y,5.197
We,11/29/2000,2Y,4.977
We,11/29/2000,5Y,4.994
We,11/29/2000,10Y,5.195
Th,11/30/2000,2Y,4.905
Th,11/30/2000,5Y,4.913
Th,11/30/2000,10Y,5.117
Fr,12/1/2000,2Y,4.912
Fr,12/1/2000,5Y,4.903
Fr,12/1/2000,10Y,5.117
Mo,12/4/2000,2Y,4.872
Mo,12/4/2000,5Y,4.852
Mo,12/4/2000,10Y,5.07
Tu,12/5/2000,2Y,4.847
Tu,12/5/2000,5Y,4.837
Tu,12/5/2000,10Y,5.067
We,12/6/2000,2Y,4.774
We,12/6/2000,5Y,4.766
We,12/6/2000,10Y,5.048
Th,12/7/2000,2Y,4.781
Th,12/7/2000,5Y,4.776
Th,12/7/2000,10Y,5.07
Fr,12/8/2000,2Y,4.802
Fr,12/8/2000,5Y,4.808
Fr,12/8/2000,10Y,5.089
Mo,12/11/2000,2Y,4.83
Mo,12/11/2000,5Y,4.834
Mo,12/11/2000,10Y,5.096
Tu,12/12/2000,2Y,4.835
Tu,12/12/2000,5Y,4.838
Tu,12/12/2000,10Y,5.111
We,12/13/2000,2Y,4.783
We,12/13/2000,5Y,4.776
We,12/13/2000,10Y,5.051
Th,12/14/2000,2Y,4.76
Th,12/14/2000,5Y,4.74
Th,12/14/2000,10Y,5.035
Fr,12/15/2000,2Y,4.724
Fr,12/15/2000,5Y,4.69
Fr,12/15/2000,10Y,4.993
Mo,12/18/2000,2Y,4.689
Mo,12/18/2000,5Y,4.646
Mo,12/18/2000,10Y,4.964
Tu,12/19/2000,2Y,4.718
Tu,12/19/2000,5Y,4.68
Tu,12/19/2000,10Y,5.015
We,12/20/2000,2Y,4.641
We,12/20/2000,5Y,4.63
We,12/20/2000,10Y,4.992
Th,12/21/2000,2Y,4.643
Th,12/21/2000,5Y,4.65
Th,12/21/2000,10Y,5.016
Fr,12/22/2000,2Y,4.618
Fr,12/22/2000,5Y,4.656
Fr,12/22/2000,10Y,5.024
Mo,12/25/2000,2Y,4.606
Mo,12/25/2000,5Y,4.647
Mo,12/25/2000,10Y,5.022
Tu,12/26/2000,2Y,4.606
Tu,12/26/2000,5Y,4.647
Tu,12/26/2000,10Y,5.022
We,12/27/2000,2Y,4.588
We,12/27/2000,5Y,4.629
We,12/27/2000,10Y,5.015
Th,12/28/2000,2Y,4.605
Th,12/28/2000,5Y,4.658
Th,12/28/2000,10Y,5.062
Fr,12/29/2000,2Y,4.546
Fr,12/29/2000,5Y,4.587
Fr,12/29/2000,10Y,5.007
Mo,1/1/2001,2Y,4.546
Mo,1/1/2001,5Y,4.587
Mo,1/1/2001,10Y,5.007
Tu,1/2/2001,2Y,4.429
Tu,1/2/2001,5Y,4.457
Tu,1/2/2001,10Y,4.894
We,1/3/2001,2Y,4.44
We,1/3/2001,5Y,4.476
We,1/3/2001,10Y,4.874
Th,1/4/2001,2Y,4.379
Th,1/4/2001,5Y,4.48
Th,1/4/2001,10Y,4.88
Fr,1/5/2001,2Y,4.303
Fr,1/5/2001,5Y,4.421
Fr,1/5/2001,10Y,4.838
Mo,1/8/2001,2Y,4.317
Mo,1/8/2001,5Y,4.428
Mo,1/8/2001,10Y,4.848
Tu,1/9/2001,2Y,4.414
Tu,1/9/2001,5Y,4.511
Tu,1/9/2001,10Y,4.894
We,1/10/2001,2Y,4.496
We,1/10/2001,5Y,4.577
We,1/10/2001,10Y,4.929
Th,1/11/2001,2Y,4.461
Th,1/11/2001,5Y,4.544
Th,1/11/2001,10Y,4.9
Fr,1/12/2001,2Y,4.539
Fr,1/12/2001,5Y,4.627
Fr,1/12/2001,10Y,4.98
Mo,1/15/2001,2Y,4.539
Mo,1/15/2001,5Y,4.627
Mo,1/15/2001,10Y,4.98
Tu,1/16/2001,2Y,4.525
Tu,1/16/2001,5Y,4.613
Tu,1/16/2001,10Y,4.988
We,1/17/2001,2Y,4.536
We,1/17/2001,5Y,4.606
We,1/17/2001,10Y,4.959
Th,1/18/2001,2Y,4.472
Th,1/18/2001,5Y,4.565
Th,1/18/2001,10Y,4.951
Fr,1/19/2001,2Y,4.448
Fr,1/19/2001,5Y,4.571
Fr,1/19/2001,10Y,4.984
Mo,1/22/2001,2Y,4.47
Mo,1/22/2001,5Y,4.596
Mo,1/22/2001,10Y,5.005
Tu,1/23/2001,2Y,4.452
Tu,1/23/2001,5Y,4.573
Tu,1/23/2001,10Y,4.986
We,1/24/2001,2Y,4.532
We,1/24/2001,5Y,4.642
We,1/24/2001,10Y,5.023
Th,1/25/2001,2Y,4.577
Th,1/25/2001,5Y,4.688
Th,1/25/2001,10Y,5.019
Fr,1/26/2001,2Y,4.576
Fr,1/26/2001,5Y,4.671
Fr,1/26/2001,10Y,4.999
Mo,1/29/2001,2Y,4.553
Mo,1/29/2001,5Y,4.655
Mo,1/29/2001,10Y,4.994
Tu,1/30/2001,2Y,4.487
Tu,1/30/2001,5Y,4.604
Tu,1/30/2001,10Y,4.962
We,1/31/2001,2Y,4.432
We,1/31/2001,5Y,4.567
We,1/31/2001,10Y,4.939
Th,2/1/2001,2Y,4.441
Th,2/1/2001,5Y,4.572
Th,2/1/2001,10Y,4.931
Fr,2/2/2001,2Y,4.468
Fr,2/2/2001,5Y,4.583
Fr,2/2/2001,10Y,4.928
Mo,2/5/2001,2Y,4.453
Mo,2/5/2001,5Y,4.559
Mo,2/5/2001,10Y,4.909
Tu,2/6/2001,2Y,4.476
Tu,2/6/2001,5Y,4.573
Tu,2/6/2001,10Y,4.919
We,2/7/2001,2Y,4.459
We,2/7/2001,5Y,4.559
We,2/7/2001,10Y,4.904
Th,2/8/2001,2Y,4.502
Th,2/8/2001,5Y,4.609
Th,2/8/2001,10Y,4.939
Fr,2/9/2001,2Y,4.471
Fr,2/9/2001,5Y,4.578
Fr,2/9/2001,10Y,4.908
Mo,2/12/2001,2Y,4.469
Mo,2/12/2001,5Y,4.584
Mo,2/12/2001,10Y,4.902
Tu,2/13/2001,2Y,4.455
Tu,2/13/2001,5Y,4.564
Tu,2/13/2001,10Y,4.898
We,2/14/2001,2Y,4.488
We,2/14/2001,5Y,4.588
We,2/14/2001,10Y,4.921
Th,2/15/2001,2Y,4.571
Th,2/15/2001,5Y,4.672
Th,2/15/2001,10Y,4.982
Fr,2/16/2001,2Y,4.537
Fr,2/16/2001,5Y,4.642
Fr,2/16/2001,10Y,4.961
Mo,2/19/2001,2Y,4.528
Mo,2/19/2001,5Y,4.63
Mo,2/19/2001,10Y,4.947
Tu,2/20/2001,2Y,4.55
Tu,2/20/2001,5Y,4.652
Tu,2/20/2001,10Y,4.965
We,2/21/2001,2Y,4.552
We,2/21/2001,5Y,4.653
We,2/21/2001,10Y,4.99
Th,2/22/2001,2Y,4.574
Th,2/22/2001,5Y,4.673
Th,2/22/2001,10Y,4.999
Fr,2/23/2001,2Y,4.539
Fr,2/23/2001,5Y,4.634
Fr,2/23/2001,10Y,4.975
Mo,2/26/2001,2Y,4.518
Mo,2/26/2001,5Y,4.619
Mo,2/26/2001,10Y,4.974
Tu,2/27/2001,2Y,4.431
Tu,2/27/2001,5Y,4.54
Tu,2/27/2001,10Y,4.896
We,2/28/2001,2Y,4.431
We,2/28/2001,5Y,4.541
We,2/28/2001,10Y,4.897
Th,3/1/2001,2Y,4.445
Th,3/1/2001,5Y,4.547
Th,3/1/2001,10Y,4.888
Fr,3/2/2001,2Y,4.448
Fr,3/2/2001,5Y,4.547
Fr,3/2/2001,10Y,4.876
Mo,3/5/2001,2Y,4.474
Mo,3/5/2001,5Y,4.569
Mo,3/5/2001,10Y,4.902
Tu,3/6/2001,2Y,4.47
Tu,3/6/2001,5Y,4.554
Tu,3/6/2001,10Y,4.897
We,3/7/2001,2Y,4.442
We,3/7/2001,5Y,4.55
We,3/7/2001,10Y,4.902
Th,3/8/2001,2Y,4.407
Th,3/8/2001,5Y,4.522
Th,3/8/2001,10Y,4.855
Fr,3/9/2001,2Y,4.424
Fr,3/9/2001,5Y,4.543
Fr,3/9/2001,10Y,4.865
Mo,3/12/2001,2Y,4.425
Mo,3/12/2001,5Y,4.537
Mo,3/12/2001,10Y,4.853
Tu,3/13/2001,2Y,4.437
Tu,3/13/2001,5Y,4.547
Tu,3/13/2001,10Y,4.886
We,3/14/2001,2Y,4.383
We,3/14/2001,5Y,4.498
We,3/14/2001,10Y,4.847
Th,3/15/2001,2Y,4.358
Th,3/15/2001,5Y,4.468
Th,3/15/2001,10Y,4.844
Fr,3/16/2001,2Y,4.314
Fr,3/16/2001,5Y,4.42
Fr,3/16/2001,10Y,4.805
Mo,3/19/2001,2Y,4.351
Mo,3/19/2001,5Y,4.456
Mo,3/19/2001,10Y,4.826
Tu,3/20/2001,2Y,4.373
Tu,3/20/2001,5Y,4.483
Tu,3/20/2001,10Y,4.84
We,3/21/2001,2Y,4.284
We,3/21/2001,5Y,4.416
We,3/21/2001,10Y,4.805
Th,3/22/2001,2Y,4.19
Th,3/22/2001,5Y,4.321
Th,3/22/2001,10Y,4.75
Fr,3/23/2001,2Y,4.197
Fr,3/23/2001,5Y,4.355
Fr,3/23/2001,10Y,4.771
Mo,3/26/2001,2Y,4.198
Mo,3/26/2001,5Y,4.355
Mo,3/26/2001,10Y,4.784
Tu,3/27/2001,2Y,4.212
Tu,3/27/2001,5Y,4.369
Tu,3/27/2001,10Y,4.809
We,3/28/2001,2Y,4.24
We,3/28/2001,5Y,4.397
We,3/28/2001,10Y,4.811
Th,3/29/2001,2Y,4.238
Th,3/29/2001,5Y,4.41
Th,3/29/2001,10Y,4.853
Fr,3/30/2001,2Y,4.239
Fr,3/30/2001,5Y,4.41
Fr,3/30/2001,10Y,4.85
Mo,4/2/2001,2Y,4.252
Mo,4/2/2001,5Y,4.414
Mo,4/2/2001,10Y,4.871
Tu,4/3/2001,2Y,4.243
Tu,4/3/2001,5Y,4.417
Tu,4/3/2001,10Y,4.86
We,4/4/2001,2Y,4.263
We,4/4/2001,5Y,4.457
We,4/4/2001,10Y,4.901
Th,4/5/2001,2Y,4.275
Th,4/5/2001,5Y,4.475
Th,4/5/2001,10Y,4.903
Fr,4/6/2001,2Y,4.219
Fr,4/6/2001,5Y,4.418
Fr,4/6/2001,10Y,4.855
Mo,4/9/2001,2Y,4.205
Mo,4/9/2001,5Y,4.408
Mo,4/9/2001,10Y,4.868
Tu,4/10/2001,2Y,4.253
Tu,4/10/2001,5Y,4.465
Tu,4/10/2001,10Y,4.92
We,4/11/2001,2Y,4.413
We,4/11/2001,5Y,4.586
We,4/11/2001,10Y,4.996
Th,4/12/2001,2Y,4.475
Th,4/12/2001,5Y,4.623
Th,4/12/2001,10Y,5.002
Fr,4/13/2001,2Y,4.494
Fr,4/13/2001,5Y,4.636
Fr,4/13/2001,10Y,5.008
Mo,4/16/2001,2Y,4.486
Mo,4/16/2001,5Y,4.637
Mo,4/16/2001,10Y,5.007
Tu,4/17/2001,2Y,4.502
Tu,4/17/2001,5Y,4.66
Tu,4/17/2001,10Y,5.036
We,4/18/2001,2Y,4.436
We,4/18/2001,5Y,4.627
We,4/18/2001,10Y,5.053
Th,4/19/2001,2Y,4.519
Th,4/19/2001,5Y,4.71
Th,4/19/2001,10Y,5.127
Fr,4/20/2001,2Y,4.521
Fr,4/20/2001,5Y,4.689
Fr,4/20/2001,10Y,5.093
Mo,4/23/2001,2Y,4.5
Mo,4/23/2001,5Y,4.66
Mo,4/23/2001,10Y,5.059
Tu,4/24/2001,2Y,4.598
Tu,4/24/2001,5Y,4.726
Tu,4/24/2001,10Y,5.104
We,4/25/2001,2Y,4.563
We,4/25/2001,5Y,4.708
We,4/25/2001,10Y,5.094
Th,4/26/2001,2Y,4.478
Th,4/26/2001,5Y,4.636
Th,4/26/2001,10Y,5.038
Fr,4/27/2001,2Y,4.563
Fr,4/27/2001,5Y,4.711
Fr,4/27/2001,10Y,5.113
Mo,4/30/2001,2Y,4.696
Mo,4/30/2001,5Y,4.82
Mo,4/30/2001,10Y,5.173
Tu,5/1/2001,2Y,4.702
Tu,5/1/2001,5Y,4.83
Tu,5/1/2001,10Y,5.172
We,5/2/2001,2Y,4.662
We,5/2/2001,5Y,4.79
We,5/2/2001,10Y,5.163
Th,5/3/2001,2Y,4.632
Th,5/3/2001,5Y,4.755
Th,5/3/2001,10Y,5.144
Fr,5/4/2001,2Y,4.581
Fr,5/4/2001,5Y,4.725
Fr,5/4/2001,10Y,5.106
Mo,5/7/2001,2Y,4.56
Mo,5/7/2001,5Y,4.706
Mo,5/7/2001,10Y,5.104
Tu,5/8/2001,2Y,4.556
Tu,5/8/2001,5Y,4.709
Tu,5/8/2001,10Y,5.095
We,5/9/2001,2Y,4.494
We,5/9/2001,5Y,4.682
We,5/9/2001,10Y,5.083
Th,5/10/2001,2Y,4.358
Th,5/10/2001,5Y,4.618
Th,5/10/2001,10Y,5.083
Fr,5/11/2001,2Y,4.383
Fr,5/11/2001,5Y,4.664
Fr,5/11/2001,10Y,5.171
Mo,5/14/2001,2Y,4.434
Mo,5/14/2001,5Y,4.734
Mo,5/14/2001,10Y,5.232
Tu,5/15/2001,2Y,4.455
Tu,5/15/2001,5Y,4.751
Tu,5/15/2001,10Y,5.24
We,5/16/2001,2Y,4.433
We,5/16/2001,5Y,4.739
We,5/16/2001,10Y,5.223
Th,5/17/2001,2Y,4.438
Th,5/17/2001,5Y,4.732
Th,5/17/2001,10Y,5.213
Fr,5/18/2001,2Y,4.482
Fr,5/18/2001,5Y,4.751
Fr,5/18/2001,10Y,5.21
Mo,5/21/2001,2Y,4.47
Mo,5/21/2001,5Y,4.747
Mo,5/21/2001,10Y,5.212
Tu,5/22/2001,2Y,4.504
Tu,5/22/2001,5Y,4.787
Tu,5/22/2001,10Y,5.257
We,5/23/2001,2Y,4.493
We,5/23/2001,5Y,4.791
We,5/23/2001,10Y,5.289
Th,5/24/2001,2Y,4.467
Th,5/24/2001,5Y,4.795
Th,5/24/2001,10Y,5.311
Fr,5/25/2001,2Y,4.487
Fr,5/25/2001,5Y,4.828
Fr,5/25/2001,10Y,5.333
Mo,5/28/2001,2Y,4.436
Mo,5/28/2001,5Y,4.796
Mo,5/28/2001,10Y,5.311
Tu,5/29/2001,2Y,4.43
Tu,5/29/2001,5Y,4.79
Tu,5/29/2001,10Y,5.272
We,5/30/2001,2Y,4.42
We,5/30/2001,5Y,4.786
We,5/30/2001,10Y,5.277
Th,5/31/2001,2Y,4.447
Th,5/31/2001,5Y,4.818
Th,5/31/2001,10Y,5.295
Fr,6/1/2001,2Y,4.373
Fr,6/1/2001,5Y,4.713
Fr,6/1/2001,10Y,5.19
Mo,6/4/2001,2Y,4.349
Mo,6/4/2001,5Y,4.679
Mo,6/4/2001,10Y,5.186
Tu,6/5/2001,2Y,4.298
Tu,6/5/2001,5Y,4.606
Tu,6/5/2001,10Y,5.13
We,6/6/2001,2Y,4.302
We,6/6/2001,5Y,4.638
We,6/6/2001,10Y,5.164
Th,6/7/2001,2Y,4.321
Th,6/7/2001,5Y,4.663
Th,6/7/2001,10Y,5.198
Fr,6/8/2001,2Y,4.335
Fr,6/8/2001,5Y,4.688
Fr,6/8/2001,10Y,5.202
Mo,6/11/2001,2Y,4.33
Mo,6/11/2001,5Y,4.685
Mo,6/11/2001,10Y,5.184
Tu,6/12/2001,2Y,4.366
Tu,6/12/2001,5Y,4.713
Tu,6/12/2001,10Y,5.205
We,6/13/2001,2Y,4.412
We,6/13/2001,5Y,4.734
We,6/13/2001,10Y,5.207
Th,6/14/2001,2Y,4.352
Th,6/14/2001,5Y,4.661
Th,6/14/2001,10Y,5.14
Fr,6/15/2001,2Y,4.342
Fr,6/15/2001,5Y,4.653
Fr,6/15/2001,10Y,5.146
Mo,6/18/2001,2Y,4.316
Mo,6/18/2001,5Y,4.627
Mo,6/18/2001,10Y,5.121
Tu,6/19/2001,2Y,4.329
Tu,6/19/2001,5Y,4.644
Tu,6/19/2001,10Y,5.145
We,6/20/2001,2Y,4.295
We,6/20/2001,5Y,4.62
We,6/20/2001,10Y,5.117
Th,6/21/2001,2Y,4.272
Th,6/21/2001,5Y,4.59
Th,6/21/2001,10Y,5.071
Fr,6/22/2001,2Y,4.241
Fr,6/22/2001,5Y,4.552
Fr,6/22/2001,10Y,5.062
Mo,6/25/2001,2Y,4.21
Mo,6/25/2001,5Y,4.54
Mo,6/25/2001,10Y,5.081
Tu,6/26/2001,2Y,4.234
Tu,6/26/2001,5Y,4.577
Tu,6/26/2001,10Y,5.111
We,6/27/2001,2Y,4.234
We,6/27/2001,5Y,4.576
We,6/27/2001,10Y,5.099
Th,6/28/2001,2Y,4.251
Th,6/28/2001,5Y,4.614
Th,6/28/2001,10Y,5.156
Fr,6/29/2001,2Y,4.34
Fr,6/29/2001,5Y,4.692
Fr,6/29/2001,10Y,5.236
Mo,7/2/2001,2Y,4.308
Mo,7/2/2001,5Y,4.664
Mo,7/2/2001,10Y,5.22
Tu,7/3/2001,2Y,4.37
Tu,7/3/2001,5Y,4.722
Tu,7/3/2001,10Y,5.258
We,7/4/2001,2Y,4.372
We,7/4/2001,5Y,4.729
We,7/4/2001,10Y,5.252
Th,7/5/2001,2Y,4.405
Th,7/5/2001,5Y,4.743
Th,7/5/2001,10Y,5.245
Fr,7/6/2001,2Y,4.361
Fr,7/6/2001,5Y,4.691
Fr,7/6/2001,10Y,5.206
Mo,7/9/2001,2Y,4.385
Mo,7/9/2001,5Y,4.731
Mo,7/9/2001,10Y,5.244
Tu,7/10/2001,2Y,4.346
Tu,7/10/2001,5Y,4.699
Tu,7/10/2001,10Y,5.227
We,7/11/2001,2Y,4.292
We,7/11/2001,5Y,4.654
We,7/11/2001,10Y,5.181
Th,7/12/2001,2Y,4.304
Th,7/12/2001,5Y,4.662
Th,7/12/2001,10Y,5.189
Fr,7/13/2001,2Y,4.329
Fr,7/13/2001,5Y,4.693
Fr,7/13/2001,10Y,5.212
Mo,7/16/2001,2Y,4.314
Mo,7/16/2001,5Y,4.673
Mo,7/16/2001,10Y,5.181
Tu,7/17/2001,2Y,4.322
Tu,7/17/2001,5Y,4.66
Tu,7/17/2001,10Y,5.161
We,7/18/2001,2Y,4.281
We,7/18/2001,5Y,4.621
We,7/18/2001,10Y,5.133
Th,7/19/2001,2Y,4.305
Th,7/19/2001,5Y,4.63
Th,7/19/2001,10Y,5.125
Fr,7/20/2001,2Y,4.271
Fr,7/20/2001,5Y,4.588
Fr,7/20/2001,10Y,5.083
Mo,7/23/2001,2Y,4.244
Mo,7/23/2001,5Y,4.575
Mo,7/23/2001,10Y,5.077
Tu,7/24/2001,2Y,4.232
Tu,7/24/2001,5Y,4.572
Tu,7/24/2001,10Y,5.072
We,7/25/2001,2Y,4.248
We,7/25/2001,5Y,4.587
We,7/25/2001,10Y,5.092
Th,7/26/2001,2Y,4.247
Th,7/26/2001,5Y,4.575
Th,7/26/2001,10Y,5.075
Fr,7/27/2001,2Y,4.202
Fr,7/27/2001,5Y,4.517
Fr,7/27/2001,10Y,5.021
Mo,7/30/2001,2Y,4.198
Mo,7/30/2001,5Y,4.521
Mo,7/30/2001,10Y,5.022
Tu,7/31/2001,2Y,4.181
Tu,7/31/2001,5Y,4.505
Tu,7/31/2001,10Y,4.996
We,8/1/2001,2Y,4.179
We,8/1/2001,5Y,4.512
We,8/1/2001,10Y,5.025
Th,8/2/2001,2Y,4.207
Th,8/2/2001,5Y,4.54
Th,8/2/2001,10Y,5.041
Fr,8/3/2001,2Y,4.175
Fr,8/3/2001,5Y,4.516
Fr,8/3/2001,10Y,5.023
Mo,8/6/2001,2Y,4.169
Mo,8/6/2001,5Y,4.491
Mo,8/6/2001,10Y,5.011
Tu,8/7/2001,2Y,4.184
Tu,8/7/2001,5Y,4.5
Tu,8/7/2001,10Y,5.017
We,8/8/2001,2Y,4.185
We,8/8/2001,5Y,4.511
We,8/8/2001,10Y,5.023
Th,8/9/2001,2Y,4.094
Th,8/9/2001,5Y,4.427
Th,8/9/2001,10Y,4.954
Fr,8/10/2001,2Y,4.06
Fr,8/10/2001,5Y,4.395
Fr,8/10/2001,10Y,4.918
Mo,8/13/2001,2Y,4.059
Mo,8/13/2001,5Y,4.397
Mo,8/13/2001,10Y,4.91
Tu,8/14/2001,2Y,4.083
Tu,8/14/2001,5Y,4.435
Tu,8/14/2001,10Y,4.948
We,8/15/2001,2Y,4.068
We,8/15/2001,5Y,4.416
We,8/15/2001,10Y,4.939
Th,8/16/2001,2Y,4.062
Th,8/16/2001,5Y,4.407
Th,8/16/2001,10Y,4.925
Fr,8/17/2001,2Y,4.011
Fr,8/17/2001,5Y,4.345
Fr,8/17/2001,10Y,4.87
Mo,8/20/2001,2Y,4.014
Mo,8/20/2001,5Y,4.354
Mo,8/20/2001,10Y,4.889
Tu,8/21/2001,2Y,4.037
Tu,8/21/2001,5Y,4.392
Tu,8/21/2001,10Y,4.931
We,8/22/2001,2Y,4.056
We,8/22/2001,5Y,4.418
We,8/22/2001,10Y,4.956
Th,8/23/2001,2Y,4.065
Th,8/23/2001,5Y,4.425
Th,8/23/2001,10Y,4.963
Fr,8/24/2001,2Y,4.113
Fr,8/24/2001,5Y,4.468
Fr,8/24/2001,10Y,5.001
Mo,8/27/2001,2Y,4.121
Mo,8/27/2001,5Y,4.467
Mo,8/27/2001,10Y,4.99
Tu,8/28/2001,2Y,4.05
Tu,8/28/2001,5Y,4.397
Tu,8/28/2001,10Y,4.926
We,8/29/2001,2Y,4.044
We,8/29/2001,5Y,4.387
We,8/29/2001,10Y,4.923
Th,8/30/2001,2Y,3.973
Th,8/30/2001,5Y,4.328
Th,8/30/2001,10Y,4.887
Fr,8/31/2001,2Y,3.97
Fr,8/31/2001,5Y,4.321
Fr,8/31/2001,10Y,4.907
Mo,9/3/2001,2Y,3.948
Mo,9/3/2001,5Y,4.301
Mo,9/3/2001,10Y,4.906
Tu,9/4/2001,2Y,4.076
Tu,9/4/2001,5Y,4.449
Tu,9/4/2001,10Y,5.018
We,9/5/2001,2Y,4.105
We,9/5/2001,5Y,4.474
We,9/5/2001,10Y,5.031
Th,9/6/2001,2Y,4.033
Th,9/6/2001,5Y,4.408
Th,9/6/2001,10Y,4.978
Fr,9/7/2001,2Y,3.949
Fr,9/7/2001,5Y,4.336
Fr,9/7/2001,10Y,4.935
Mo,9/10/2001,2Y,3.959
Mo,9/10/2001,5Y,4.366
Mo,9/10/2001,10Y,4.97
Tu,9/11/2001,2Y,3.701
Tu,9/11/2001,5Y,4.15
Tu,9/11/2001,10Y,4.869
We,9/12/2001,2Y,3.758
We,9/12/2001,5Y,4.218
We,9/12/2001,10Y,4.944
Th,9/13/2001,2Y,3.765
Th,9/13/2001,5Y,4.236
Th,9/13/2001,10Y,4.957
Fr,9/14/2001,2Y,3.687
Fr,9/14/2001,5Y,4.15
Fr,9/14/2001,10Y,4.888
Mo,9/17/2001,2Y,3.681
Mo,9/17/2001,5Y,4.177
Mo,9/17/2001,10Y,4.922
Tu,9/18/2001,2Y,3.619
Tu,9/18/2001,5Y,4.167
Tu,9/18/2001,10Y,4.934
We,9/19/2001,2Y,3.583
We,9/19/2001,5Y,4.156
We,9/19/2001,10Y,4.947
Th,9/20/2001,2Y,3.581
Th,9/20/2001,5Y,4.176
Th,9/20/2001,10Y,4.961
Fr,9/21/2001,2Y,3.559
Fr,9/21/2001,5Y,4.185
Fr,9/21/2001,10Y,4.998
Mo,9/24/2001,2Y,3.591
Mo,9/24/2001,5Y,4.219
Mo,9/24/2001,10Y,5.014
Tu,9/25/2001,2Y,3.558
Tu,9/25/2001,5Y,4.173
Tu,9/25/2001,10Y,4.954
We,9/26/2001,2Y,3.564
We,9/26/2001,5Y,4.174
We,9/26/2001,10Y,4.932
Th,9/27/2001,2Y,3.52
Th,9/27/2001,5Y,4.123
Th,9/27/2001,10Y,4.892
Fr,9/28/2001,2Y,3.54
Fr,9/28/2001,5Y,4.149
Fr,9/28/2001,10Y,4.901
Mo,10/1/2001,2Y,3.517
Mo,10/1/2001,5Y,4.139
Mo,10/1/2001,10Y,4.878
Tu,10/2/2001,2Y,3.482
Tu,10/2/2001,5Y,4.08
Tu,10/2/2001,10Y,4.811
We,10/3/2001,2Y,3.399
We,10/3/2001,5Y,4.009
We,10/3/2001,10Y,4.758
Th,10/4/2001,2Y,3.398
Th,10/4/2001,5Y,4.022
Th,10/4/2001,10Y,4.781
Fr,10/5/2001,2Y,3.379
Fr,10/5/2001,5Y,4.015
Fr,10/5/2001,10Y,4.754
Mo,10/8/2001,2Y,3.385
Mo,10/8/2001,5Y,4.019
Mo,10/8/2001,10Y,4.77
Tu,10/9/2001,2Y,3.44
Tu,10/9/2001,5Y,4.063
Tu,10/9/2001,10Y,4.808
We,10/10/2001,2Y,3.454
We,10/10/2001,5Y,4.07
We,10/10/2001,10Y,4.8
Th,10/11/2001,2Y,3.52
Th,10/11/2001,5Y,4.116
Th,10/11/2001,10Y,4.83
Fr,10/12/2001,2Y,3.48
Fr,10/12/2001,5Y,4.081
Fr,10/12/2001,10Y,4.799
Mo,10/15/2001,2Y,3.44
Mo,10/15/2001,5Y,4.053
Mo,10/15/2001,10Y,4.761
Tu,10/16/2001,2Y,3.501
Tu,10/16/2001,5Y,4.042
Tu,10/16/2001,10Y,4.744
We,10/17/2001,2Y,3.528
We,10/17/2001,5Y,4.065
We,10/17/2001,10Y,4.752
Th,10/18/2001,2Y,3.507
Th,10/18/2001,5Y,4.045
Th,10/18/2001,10Y,4.725
Fr,10/19/2001,2Y,3.473
Fr,10/19/2001,5Y,4.02
Fr,10/19/2001,10Y,4.726
Mo,10/22/2001,2Y,3.456
Mo,10/22/2001,5Y,3.996
Mo,10/22/2001,10Y,4.702
Tu,10/23/2001,2Y,3.474
Tu,10/23/2001,5Y,4.004
Tu,10/23/2001,10Y,4.713
We,10/24/2001,2Y,3.445
We,10/24/2001,5Y,3.971
We,10/24/2001,10Y,4.669
Th,10/25/2001,2Y,3.395
Th,10/25/2001,5Y,3.911
Th,10/25/2001,10Y,4.655
Fr,10/26/2001,2Y,3.395
Fr,10/26/2001,5Y,3.91
Fr,10/26/2001,10Y,4.644
Mo,10/29/2001,2Y,3.327
Mo,10/29/2001,5Y,3.86
Mo,10/29/2001,10Y,4.598
Tu,10/30/2001,2Y,3.23
Tu,10/30/2001,5Y,3.794
Tu,10/30/2001,10Y,4.542
We,10/31/2001,2Y,3.245
We,10/31/2001,5Y,3.801
We,10/31/2001,10Y,4.532
Th,11/1/2001,2Y,3.18
Th,11/1/2001,5Y,3.726
Th,11/1/2001,10Y,4.404
Fr,11/2/2001,2Y,3.188
Fr,11/2/2001,5Y,3.738
Fr,11/2/2001,10Y,4.479
Mo,11/5/2001,2Y,3.142
Mo,11/5/2001,5Y,3.689
Mo,11/5/2001,10Y,4.45
Tu,11/6/2001,2Y,3.12
Tu,11/6/2001,5Y,3.692
Tu,11/6/2001,10Y,4.462
We,11/7/2001,2Y,3.056
We,11/7/2001,5Y,3.631
We,11/7/2001,10Y,4.406
Th,11/8/2001,2Y,3.11
Th,11/8/2001,5Y,3.691
Th,11/8/2001,10Y,4.446
Fr,11/9/2001,2Y,3.142
Fr,11/9/2001,5Y,3.72
Fr,11/9/2001,10Y,4.461
Mo,11/12/2001,2Y,3.112
Mo,11/12/2001,5Y,3.707
Mo,11/12/2001,10Y,4.451
Tu,11/13/2001,2Y,3.218
Tu,11/13/2001,5Y,3.814
Tu,11/13/2001,10Y,4.541
We,11/14/2001,2Y,3.3
We,11/14/2001,5Y,3.902
We,11/14/2001,10Y,4.613
Th,11/15/2001,2Y,3.452
Th,11/15/2001,5Y,4.014
Th,11/15/2001,10Y,4.677
Fr,11/16/2001,2Y,3.533
Fr,11/16/2001,5Y,4.071
Fr,11/16/2001,10Y,4.7
Mo,11/19/2001,2Y,3.483
Mo,11/19/2001,5Y,4.054
Mo,11/19/2001,10Y,4.674
Tu,11/20/2001,2Y,3.472
Tu,11/20/2001,5Y,4.053
Tu,11/20/2001,10Y,4.686
We,11/21/2001,2Y,3.577
We,11/21/2001,5Y,4.159
We,11/21/2001,10Y,4.764
Th,11/22/2001,2Y,3.6
Th,11/22/2001,5Y,4.19
Th,11/22/2001,10Y,4.773
Fr,11/23/2001,2Y,3.583
Fr,11/23/2001,5Y,4.16
Fr,11/23/2001,10Y,4.741
Mo,11/26/2001,2Y,3.541
Mo,11/26/2001,5Y,4.13
Mo,11/26/2001,10Y,4.7
Tu,11/27/2001,2Y,3.682
Tu,11/27/2001,5Y,4.282
Tu,11/27/2001,10Y,4.837
We,11/28/2001,2Y,3.59
We,11/28/2001,5Y,4.192
We,11/28/2001,10Y,4.782
Th,11/29/2001,2Y,3.535
Th,11/29/2001,5Y,4.14
Th,11/29/2001,10Y,4.733
Fr,11/30/2001,2Y,3.471
Fr,11/30/2001,5Y,4.06
Fr,11/30/2001,10Y,4.677
Mo,12/3/2001,2Y,3.452
Mo,12/3/2001,5Y,4.018
Mo,12/3/2001,10Y,4.642
Tu,12/4/2001,2Y,3.451
Tu,12/4/2001,5Y,4.007
Tu,12/4/2001,10Y,4.616
We,12/5/2001,2Y,3.659
We,12/5/2001,5Y,4.202
We,12/5/2001,10Y,4.817
Th,12/6/2001,2Y,3.759
Th,12/6/2001,5Y,4.289
Th,12/6/2001,10Y,4.863
Fr,12/7/2001,2Y,3.787
Fr,12/7/2001,5Y,4.354
Fr,12/7/2001,10Y,4.969
Mo,12/10/2001,2Y,3.747
Mo,12/10/2001,5Y,4.325
Mo,12/10/2001,10Y,4.929
Tu,12/11/2001,2Y,3.702
Tu,12/11/2001,5Y,4.279
Tu,12/11/2001,10Y,4.885
We,12/12/2001,2Y,3.603
We,12/12/2001,5Y,4.184
We,12/12/2001,10Y,4.808
Th,12/13/2001,2Y,3.664
Th,12/13/2001,5Y,4.258
Th,12/13/2001,10Y,4.879
Fr,12/14/2001,2Y,3.67
Fr,12/14/2001,5Y,4.269
Fr,12/14/2001,10Y,4.857
Mo,12/17/2001,2Y,3.745
Mo,12/17/2001,5Y,4.37
Mo,12/17/2001,10Y,4.95
Tu,12/18/2001,2Y,3.639
Tu,12/18/2001,5Y,4.356
Tu,12/18/2001,10Y,4.902
We,12/19/2001,2Y,3.61
We,12/19/2001,5Y,4.324
We,12/19/2001,10Y,4.864
Th,12/20/2001,2Y,3.617
Th,12/20/2001,5Y,4.342
Th,12/20/2001,10Y,4.892
Fr,12/21/2001,2Y,3.659
Fr,12/21/2001,5Y,4.404
Fr,12/21/2001,10Y,4.951
Mo,12/24/2001,2Y,3.667
Mo,12/24/2001,5Y,4.42
Mo,12/24/2001,10Y,4.935
Tu,12/25/2001,2Y,3.652
Tu,12/25/2001,5Y,4.398
Tu,12/25/2001,10Y,4.935
We,12/26/2001,2Y,3.652
We,12/26/2001,5Y,4.398
We,12/26/2001,10Y,4.935
Th,12/27/2001,2Y,3.707
Th,12/27/2001,5Y,4.474
Th,12/27/2001,10Y,5.016
Fr,12/28/2001,2Y,3.706
Fr,12/28/2001,5Y,4.501
Fr,12/28/2001,10Y,5.071
Mo,12/31/2001,2Y,3.701
Mo,12/31/2001,5Y,4.528
Mo,12/31/2001,10Y,5.069
Tu,1/1/2002,2Y,3.707
Tu,1/1/2002,5Y,4.528
Tu,1/1/2002,10Y,5.069
We,1/2/2002,2Y,3.687
We,1/2/2002,5Y,4.482
We,1/2/2002,10Y,5.027
Th,1/3/2002,2Y,3.676
Th,1/3/2002,5Y,4.458
Th,1/3/2002,10Y,4.986
Fr,1/4/2002,2Y,3.728
Fr,1/4/2002,5Y,4.504
Fr,1/4/2002,10Y,5.021
Mo,1/7/2002,2Y,3.664
Mo,1/7/2002,5Y,4.391
Mo,1/7/2002,10Y,4.905
Tu,1/8/2002,2Y,3.665
Tu,1/8/2002,5Y,4.394
Tu,1/8/2002,10Y,4.92
We,1/9/2002,2Y,3.762
We,1/9/2002,5Y,4.474
We,1/9/2002,10Y,4.979
Th,1/10/2002,2Y,3.729
Th,1/10/2002,5Y,4.427
Th,1/10/2002,10Y,4.922
Fr,1/11/2002,2Y,3.744
Fr,1/11/2002,5Y,4.413
Fr,1/11/2002,10Y,4.889
Mo,1/14/2002,2Y,3.671
Mo,1/14/2002,5Y,4.35
Mo,1/14/2002,10Y,4.826
Tu,1/15/2002,2Y,3.727
Tu,1/15/2002,5Y,4.38
Tu,1/15/2002,10Y,4.851
We,1/16/2002,2Y,3.699
We,1/16/2002,5Y,4.349
We,1/16/2002,10Y,4.838
Th,1/17/2002,2Y,3.724
Th,1/17/2002,5Y,4.375
Th,1/17/2002,10Y,4.871
Fr,1/18/2002,2Y,3.741
Fr,1/18/2002,5Y,4.407
Fr,1/18/2002,10Y,4.902
Mo,1/21/2002,2Y,3.731
Mo,1/21/2002,5Y,4.383
Mo,1/21/2002,10Y,4.877
Tu,1/22/2002,2Y,3.81
Tu,1/22/2002,5Y,4.44
Tu,1/22/2002,10Y,4.934
We,1/23/2002,2Y,3.787
We,1/23/2002,5Y,4.418
We,1/23/2002,10Y,4.898
Th,1/24/2002,2Y,3.882
Th,1/24/2002,5Y,4.509
Th,1/24/2002,10Y,4.975
Fr,1/25/2002,2Y,3.958
Fr,1/25/2002,5Y,4.614
Fr,1/25/2002,10Y,5.066
Mo,1/28/2002,2Y,3.987
Mo,1/28/2002,5Y,4.639
Mo,1/28/2002,10Y,5.06
Tu,1/29/2002,2Y,3.936
Tu,1/29/2002,5Y,4.593
Tu,1/29/2002,10Y,5.037
We,1/30/2002,2Y,3.922
We,1/30/2002,5Y,4.576
We,1/30/2002,10Y,5.012
Th,1/31/2002,2Y,3.932
Th,1/31/2002,5Y,4.577
Th,1/31/2002,10Y,4.983
Fr,2/1/2002,2Y,3.91
Fr,2/1/2002,5Y,4.537
Fr,2/1/2002,10Y,4.954
Mo,2/4/2002,2Y,3.838
Mo,2/4/2002,5Y,4.46
Mo,2/4/2002,10Y,4.903
Tu,2/5/2002,2Y,3.809
Tu,2/5/2002,5Y,4.439
Tu,2/5/2002,10Y,4.884
We,2/6/2002,2Y,3.785
We,2/6/2002,5Y,4.442
We,2/6/2002,10Y,4.909
Th,2/7/2002,2Y,3.902
Th,2/7/2002,5Y,4.561
Th,2/7/2002,10Y,5.018
Fr,2/8/2002,2Y,3.872
Fr,2/8/2002,5Y,4.534
Fr,2/8/2002,10Y,5
Mo,2/11/2002,2Y,3.881
Mo,2/11/2002,5Y,4.543
Mo,2/11/2002,10Y,5.016
Tu,2/12/2002,2Y,3.9
Tu,2/12/2002,5Y,4.573
Tu,2/12/2002,10Y,5.054
We,2/13/2002,2Y,3.966
We,2/13/2002,5Y,4.629
We,2/13/2002,10Y,5.071
Th,2/14/2002,2Y,3.95
Th,2/14/2002,5Y,4.607
Th,2/14/2002,10Y,5.047
Fr,2/15/2002,2Y,3.904
Fr,2/15/2002,5Y,4.556
Fr,2/15/2002,10Y,5
Mo,2/18/2002,2Y,3.89
Mo,2/18/2002,5Y,4.55
Mo,2/18/2002,10Y,4.998
Tu,2/19/2002,2Y,3.904
Tu,2/19/2002,5Y,4.566
Tu,2/19/2002,10Y,5.018
We,2/20/2002,2Y,3.918
We,2/20/2002,5Y,4.571
We,2/20/2002,10Y,5.021
Th,2/21/2002,2Y,3.922
Th,2/21/2002,5Y,4.586
Th,2/21/2002,10Y,5.046
Fr,2/22/2002,2Y,3.865
Fr,2/22/2002,5Y,4.522
Fr,2/22/2002,10Y,4.988
Mo,2/25/2002,2Y,3.897
Mo,2/25/2002,5Y,4.564
Mo,2/25/2002,10Y,5.037
Tu,2/26/2002,2Y,3.91
Tu,2/26/2002,5Y,4.576
Tu,2/26/2002,10Y,5.043
We,2/27/2002,2Y,3.92
We,2/27/2002,5Y,4.587
We,2/27/2002,10Y,5.05
Th,2/28/2002,2Y,3.914
Th,2/28/2002,5Y,4.574
Th,2/28/2002,10Y,5.038
Fr,3/1/2002,2Y,3.94
Fr,3/1/2002,5Y,4.611
Fr,3/1/2002,10Y,5.081
Mo,3/4/2002,2Y,3.977
Mo,3/4/2002,5Y,4.64
Mo,3/4/2002,10Y,5.106
Tu,3/5/2002,2Y,4.017
Tu,3/5/2002,5Y,4.712
Tu,3/5/2002,10Y,5.161
We,3/6/2002,2Y,4.034
We,3/6/2002,5Y,4.751
We,3/6/2002,10Y,5.213
Th,3/7/2002,2Y,4.1
Th,3/7/2002,5Y,4.812
Th,3/7/2002,10Y,5.243
Fr,3/8/2002,2Y,4.162
Fr,3/8/2002,5Y,4.837
Fr,3/8/2002,10Y,5.244
Mo,3/11/2002,2Y,4.143
Mo,3/11/2002,5Y,4.817
Mo,3/11/2002,10Y,5.223
Tu,3/12/2002,2Y,4.137
Tu,3/12/2002,5Y,4.813
Tu,3/12/2002,10Y,5.232
We,3/13/2002,2Y,4.139
We,3/13/2002,5Y,4.819
We,3/13/2002,10Y,5.246
Th,3/14/2002,2Y,4.169
Th,3/14/2002,5Y,4.85
Th,3/14/2002,10Y,5.302
Fr,3/15/2002,2Y,4.207
Fr,3/15/2002,5Y,4.874
Fr,3/15/2002,10Y,5.306
Mo,3/18/2002,2Y,4.2
Mo,3/18/2002,5Y,4.861
Mo,3/18/2002,10Y,5.284
Tu,3/19/2002,2Y,4.203
Tu,3/19/2002,5Y,4.856
Tu,3/19/2002,10Y,5.273
We,3/20/2002,2Y,4.209
We,3/20/2002,5Y,4.867
We,3/20/2002,10Y,5.29
Th,3/21/2002,2Y,4.259
Th,3/21/2002,5Y,4.897
Th,3/21/2002,10Y,5.297
Fr,3/22/2002,2Y,4.279
Fr,3/22/2002,5Y,4.93
Fr,3/22/2002,10Y,5.329
Mo,3/25/2002,2Y,4.315
Mo,3/25/2002,5Y,4.957
Mo,3/25/2002,10Y,5.35
Tu,3/26/2002,2Y,4.273
Tu,3/26/2002,5Y,4.919
Tu,3/26/2002,10Y,5.309
We,3/27/2002,2Y,4.249
We,3/27/2002,5Y,4.894
We,3/27/2002,10Y,5.298
Th,3/28/2002,2Y,4.272
Th,3/28/2002,5Y,4.922
Th,3/28/2002,10Y,5.33
Fr,3/29/2002,2Y,4.286
Fr,3/29/2002,5Y,4.941
Fr,3/29/2002,10Y,5.333
Mo,4/1/2002,2Y,4.285
Mo,4/1/2002,5Y,4.939
Mo,4/1/2002,10Y,5.332
Tu,4/2/2002,2Y,4.271
Tu,4/2/2002,5Y,4.914
Tu,4/2/2002,10Y,5.328
We,4/3/2002,2Y,4.217
We,4/3/2002,5Y,4.861
We,4/3/2002,10Y,5.275
Th,4/4/2002,2Y,4.169
Th,4/4/2002,5Y,4.795
Th,4/4/2002,10Y,5.212
Fr,4/5/2002,2Y,4.152
Fr,4/5/2002,5Y,4.778
Fr,4/5/2002,10Y,5.208
Mo,4/8/2002,2Y,4.139
Mo,4/8/2002,5Y,4.797
Mo,4/8/2002,10Y,5.242
Tu,4/9/2002,2Y,4.145
Tu,4/9/2002,5Y,4.817
Tu,4/9/2002,10Y,5.257
We,4/10/2002,2Y,4.157
We,4/10/2002,5Y,4.827
We,4/10/2002,10Y,5.272
Th,4/11/2002,2Y,4.147
Th,4/11/2002,5Y,4.805
Th,4/11/2002,10Y,5.233
Fr,4/12/2002,2Y,4.124
Fr,4/12/2002,5Y,4.791
Fr,4/12/2002,10Y,5.229
Mo,4/15/2002,2Y,4.079
Mo,4/15/2002,5Y,4.744
Mo,4/15/2002,10Y,5.191
Tu,4/16/2002,2Y,4.166
Tu,4/16/2002,5Y,4.838
Tu,4/16/2002,10Y,5.267
We,4/17/2002,2Y,4.13
We,4/17/2002,5Y,4.822
We,4/17/2002,10Y,5.275
Th,4/18/2002,2Y,4.105
Th,4/18/2002,5Y,4.825
Th,4/18/2002,10Y,5.282
Fr,4/19/2002,2Y,4.124
Fr,4/19/2002,5Y,4.839
Fr,4/19/2002,10Y,5.287
Mo,4/22/2002,2Y,4.074
Mo,4/22/2002,5Y,4.79
Mo,4/22/2002,10Y,5.245
Tu,4/23/2002,2Y,4.09
Tu,4/23/2002,5Y,4.812
Tu,4/23/2002,10Y,5.283
We,4/24/2002,2Y,4.057
We,4/24/2002,5Y,4.776
We,4/24/2002,10Y,5.244
Th,4/25/2002,2Y,3.991
Th,4/25/2002,5Y,4.712
Th,4/25/2002,10Y,5.202
Fr,4/26/2002,2Y,3.982
Fr,4/26/2002,5Y,4.703
Fr,4/26/2002,10Y,5.183
Mo,4/29/2002,2Y,4.018
Mo,4/29/2002,5Y,4.743
Mo,4/29/2002,10Y,5.228
Tu,4/30/2002,2Y,4.024
Tu,4/30/2002,5Y,4.741
Tu,4/30/2002,10Y,5.211
We,5/1/2002,2Y,4.026
We,5/1/2002,5Y,4.744
We,5/1/2002,10Y,5.216
Th,5/2/2002,2Y,4.11
Th,5/2/2002,5Y,4.817
Th,5/2/2002,10Y,5.264
Fr,5/3/2002,2Y,4.206
Fr,5/3/2002,5Y,4.749
Fr,5/3/2002,10Y,5.194
Mo,5/6/2002,2Y,4.203
Mo,5/6/2002,5Y,4.74
Mo,5/6/2002,10Y,5.193
Tu,5/7/2002,2Y,4.183
Tu,5/7/2002,5Y,4.733
Tu,5/7/2002,10Y,5.182
We,5/8/2002,2Y,4.233
We,5/8/2002,5Y,4.795
We,5/8/2002,10Y,5.242
Th,5/9/2002,2Y,4.275
Th,5/9/2002,5Y,4.826
Th,5/9/2002,10Y,5.272
Fr,5/10/2002,2Y,4.307
Fr,5/10/2002,5Y,4.848
Fr,5/10/2002,10Y,5.279
Mo,5/13/2002,2Y,4.324
Mo,5/13/2002,5Y,4.863
Mo,5/13/2002,10Y,5.285
Tu,5/14/2002,2Y,4.407
Tu,5/14/2002,5Y,4.927
Tu,5/14/2002,10Y,5.339
We,5/15/2002,2Y,4.412
We,5/15/2002,5Y,4.923
We,5/15/2002,10Y,5.331
Th,5/16/2002,2Y,4.391
Th,5/16/2002,5Y,4.898
Th,5/16/2002,10Y,5.316
Fr,5/17/2002,2Y,4.434
Fr,5/17/2002,5Y,4.929
Fr,5/17/2002,10Y,5.34
Mo,5/20/2002,2Y,4.386
Mo,5/20/2002,5Y,4.858
Mo,5/20/2002,10Y,5.266
Tu,5/21/2002,2Y,4.339
Tu,5/21/2002,5Y,4.838
Tu,5/21/2002,10Y,5.258
We,5/22/2002,2Y,4.304
We,5/22/2002,5Y,4.809
We,5/22/2002,10Y,5.243
Th,5/23/2002,2Y,4.298
Th,5/23/2002,5Y,4.791
Th,5/23/2002,10Y,5.227
Fr,5/24/2002,2Y,4.311
Fr,5/24/2002,5Y,4.738
Fr,5/24/2002,10Y,5.245
Mo,5/27/2002,2Y,4.345
Mo,5/27/2002,5Y,4.77
Mo,5/27/2002,10Y,5.275
Tu,5/28/2002,2Y,4.333
Tu,5/28/2002,5Y,4.752
Tu,5/28/2002,10Y,5.254
We,5/29/2002,2Y,4.308
We,5/29/2002,5Y,4.854
We,5/29/2002,10Y,5.238
Th,5/30/2002,2Y,4.278
Th,5/30/2002,5Y,4.835
Th,5/30/2002,10Y,5.223
Fr,5/31/2002,2Y,4.32
Fr,5/31/2002,5Y,4.871
Fr,5/31/2002,10Y,5.256
Mo,6/3/2002,2Y,4.331
Mo,6/3/2002,5Y,4.862
Mo,6/3/2002,10Y,5.252
Tu,6/4/2002,2Y,4.274
Tu,6/4/2002,5Y,4.818
Tu,6/4/2002,10Y,5.214
We,6/5/2002,2Y,4.264
We,6/5/2002,5Y,4.808
We,6/5/2002,10Y,5.213
Th,6/6/2002,2Y,4.255
Th,6/6/2002,5Y,4.804
Th,6/6/2002,10Y,5.213
Fr,6/7/2002,2Y,4.241
Fr,6/7/2002,5Y,4.801
Fr,6/7/2002,10Y,5.217
Mo,6/10/2002,2Y,4.208
Mo,6/10/2002,5Y,4.766
Mo,6/10/2002,10Y,5.191
Tu,6/11/2002,2Y,4.22
Tu,6/11/2002,5Y,4.784
Tu,6/11/2002,10Y,5.208
We,6/12/2002,2Y,4.183
We,6/12/2002,5Y,4.743
We,6/12/2002,10Y,5.171
Th,6/13/2002,2Y,4.127
Th,6/13/2002,5Y,4.676
Th,6/13/2002,10Y,5.107
Fr,6/14/2002,2Y,4.059
Fr,6/14/2002,5Y,4.615
Fr,6/14/2002,10Y,5.06
Mo,6/17/2002,2Y,4.087
Mo,6/17/2002,5Y,4.649
Mo,6/17/2002,10Y,5.097
Tu,6/18/2002,2Y,4.082
Tu,6/18/2002,5Y,4.633
Tu,6/18/2002,10Y,5.069
We,6/19/2002,2Y,4.068
We,6/19/2002,5Y,4.611
We,6/19/2002,10Y,5.038
Th,6/20/2002,2Y,4.072
Th,6/20/2002,5Y,4.626
Th,6/20/2002,10Y,5.056
Fr,6/21/2002,2Y,4.076
Fr,6/21/2002,5Y,4.635
Fr,6/21/2002,10Y,5.051
Mo,6/24/2002,2Y,4.021
Mo,6/24/2002,5Y,4.586
Mo,6/24/2002,10Y,5.016
Tu,6/25/2002,2Y,4.065
Tu,6/25/2002,5Y,4.631
Tu,6/25/2002,10Y,5.064
We,6/26/2002,2Y,3.981
We,6/26/2002,5Y,4.548
We,6/26/2002,10Y,4.984
Th,6/27/2002,2Y,4.001
Th,6/27/2002,5Y,4.57
Th,6/27/2002,10Y,5.005
Fr,6/28/2002,2Y,3.981
Fr,6/28/2002,5Y,4.575
Fr,6/28/2002,10Y,5.03
Mo,7/1/2002,2Y,3.982
Mo,7/1/2002,5Y,4.595
Mo,7/1/2002,10Y,5.067
Tu,7/2/2002,2Y,3.931
Tu,7/2/2002,5Y,4.541
Tu,7/2/2002,10Y,5.018
We,7/3/2002,2Y,3.946
We,7/3/2002,5Y,4.546
We,7/3/2002,10Y,5.028
Th,7/4/2002,2Y,3.992
Th,7/4/2002,5Y,4.586
Th,7/4/2002,10Y,5.065
Fr,7/5/2002,2Y,4.045
Fr,7/5/2002,5Y,4.632
Fr,7/5/2002,10Y,5.108
Mo,7/8/2002,2Y,4.034
Mo,7/8/2002,5Y,4.619
Mo,7/8/2002,10Y,5.092
Tu,7/9/2002,2Y,4.02
Tu,7/9/2002,5Y,4.611
Tu,7/9/2002,10Y,5.091
We,7/10/2002,2Y,3.954
We,7/10/2002,5Y,4.545
We,7/10/2002,10Y,5.029
Th,7/11/2002,2Y,3.884
Th,7/11/2002,5Y,4.484
Th,7/11/2002,10Y,4.974
Fr,7/12/2002,2Y,3.868
Fr,7/12/2002,5Y,4.472
Fr,7/12/2002,10Y,4.955
Mo,7/15/2002,2Y,3.812
Mo,7/15/2002,5Y,4.43
Mo,7/15/2002,10Y,4.904
Tu,7/16/2002,2Y,3.843
Tu,7/16/2002,5Y,4.465
Tu,7/16/2002,10Y,4.948
We,7/17/2002,2Y,3.881
We,7/17/2002,5Y,4.5
We,7/17/2002,10Y,4.975
Th,7/18/2002,2Y,3.865
Th,7/18/2002,5Y,4.49
Th,7/18/2002,10Y,4.96
Fr,7/19/2002,2Y,3.815
Fr,7/19/2002,5Y,4.438
Fr,7/19/2002,10Y,4.915
Mo,7/22/2002,2Y,3.77
Mo,7/22/2002,5Y,4.399
Mo,7/22/2002,10Y,4.883
Tu,7/23/2002,2Y,3.776
Tu,7/23/2002,5Y,4.402
Tu,7/23/2002,10Y,4.892
We,7/24/2002,2Y,3.678
We,7/24/2002,5Y,4.311
We,7/24/2002,10Y,4.819
Th,7/25/2002,2Y,3.688
Th,7/25/2002,5Y,4.314
Th,7/25/2002,10Y,4.834
Fr,7/26/2002,2Y,3.632
Fr,7/26/2002,5Y,4.283
Fr,7/26/2002,10Y,4.818
Mo,7/29/2002,2Y,3.721
Mo,7/29/2002,5Y,4.36
Mo,7/29/2002,10Y,4.877
Tu,7/30/2002,2Y,3.711
Tu,7/30/2002,5Y,4.366
Tu,7/30/2002,10Y,4.885
We,7/31/2002,2Y,3.636
We,7/31/2002,5Y,4.304
We,7/31/2002,10Y,4.835
Th,8/1/2002,2Y,3.57
Th,8/1/2002,5Y,4.24
Th,8/1/2002,10Y,4.774
Fr,8/2/2002,2Y,3.476
Fr,8/2/2002,5Y,4.155
Fr,8/2/2002,10Y,4.712
Mo,8/5/2002,2Y,3.375
Mo,8/5/2002,5Y,4.065
Mo,8/5/2002,10Y,4.641
Tu,8/6/2002,2Y,3.478
Tu,8/6/2002,5Y,4.14
Tu,8/6/2002,10Y,4.699
We,8/7/2002,2Y,3.409
We,8/7/2002,5Y,4.073
We,8/7/2002,10Y,4.634
Th,8/8/2002,2Y,3.446
Th,8/8/2002,5Y,4.114
Th,8/8/2002,10Y,4.678
Fr,8/9/2002,2Y,3.469
Fr,8/9/2002,5Y,4.107
Fr,8/9/2002,10Y,4.645
Mo,8/12/2002,2Y,3.482
Mo,8/12/2002,5Y,4.089
Mo,8/12/2002,10Y,4.618
Tu,8/13/2002,2Y,3.446
Tu,8/13/2002,5Y,4.052
Tu,8/13/2002,10Y,4.582
We,8/14/2002,2Y,3.412
We,8/14/2002,5Y,4.002
We,8/14/2002,10Y,4.519
Th,8/15/2002,2Y,3.603
Th,8/15/2002,5Y,4.185
Th,8/15/2002,10Y,4.658
Fr,8/16/2002,2Y,3.623
Fr,8/16/2002,5Y,4.194
Fr,8/16/2002,10Y,4.667
Mo,8/19/2002,2Y,3.639
Mo,8/19/2002,5Y,4.211
Mo,8/19/2002,10Y,4.694
Tu,8/20/2002,2Y,3.568
Tu,8/20/2002,5Y,4.145
Tu,8/20/2002,10Y,4.644
We,8/21/2002,2Y,3.656
We,8/21/2002,5Y,4.231
We,8/21/2002,10Y,4.732
Th,8/22/2002,2Y,3.67
Th,8/22/2002,5Y,4.258
Th,8/22/2002,10Y,4.771
Fr,8/23/2002,2Y,3.613
Fr,8/23/2002,5Y,4.212
Fr,8/23/2002,10Y,4.737
Mo,8/26/2002,2Y,3.601
Mo,8/26/2002,5Y,4.207
Mo,8/26/2002,10Y,4.738
Tu,8/27/2002,2Y,3.618
Tu,8/27/2002,5Y,4.207
Tu,8/27/2002,10Y,4.738
We,8/28/2002,2Y,3.539
We,8/28/2002,5Y,4.132
We,8/28/2002,10Y,4.664
Th,8/29/2002,2Y,3.498
Th,8/29/2002,5Y,4.094
Th,8/29/2002,10Y,4.647
Fr,8/30/2002,2Y,3.477
Fr,8/30/2002,5Y,4.079
Fr,8/30/2002,10Y,4.654
Mo,9/2/2002,2Y,3.401
Mo,9/2/2002,5Y,3.999
Mo,9/2/2002,10Y,4.583
Tu,9/3/2002,2Y,3.345
Tu,9/3/2002,5Y,3.928
Tu,9/3/2002,10Y,4.507
We,9/4/2002,2Y,3.304
We,9/4/2002,5Y,3.929
We,9/4/2002,10Y,4.509
Th,9/5/2002,2Y,3.246
Th,9/5/2002,5Y,3.874
Th,9/5/2002,10Y,4.485
Fr,9/6/2002,2Y,3.218
Fr,9/6/2002,5Y,3.846
Fr,9/6/2002,10Y,4.482
Mo,9/9/2002,2Y,3.304
Mo,9/9/2002,5Y,3.893
Mo,9/9/2002,10Y,4.49
Tu,9/10/2002,2Y,3.361
Tu,9/10/2002,5Y,3.954
Tu,9/10/2002,10Y,4.542
We,9/11/2002,2Y,3.421
We,9/11/2002,5Y,4.012
We,9/11/2002,10Y,4.604
Th,9/12/2002,2Y,3.327
Th,9/12/2002,5Y,3.925
Th,9/12/2002,10Y,4.537
Fr,9/13/2002,2Y,3.27
Fr,9/13/2002,5Y,3.878
Fr,9/13/2002,10Y,4.5
Mo,9/16/2002,2Y,3.233
Mo,9/16/2002,5Y,3.822
Mo,9/16/2002,10Y,4.443
Tu,9/17/2002,2Y,3.24
Tu,9/17/2002,5Y,3.83
Tu,9/17/2002,10Y,4.451
We,9/18/2002,2Y,3.204
We,9/18/2002,5Y,3.785
We,9/18/2002,10Y,4.417
Th,9/19/2002,2Y,3.175
Th,9/19/2002,5Y,3.739
Th,9/19/2002,10Y,4.38
Fr,9/20/2002,2Y,3.193
Fr,9/20/2002,5Y,3.783
Fr,9/20/2002,10Y,4.473
Mo,9/23/2002,2Y,3.142
Mo,9/23/2002,5Y,3.728
Mo,9/23/2002,10Y,4.426
Tu,9/24/2002,2Y,3.108
Tu,9/24/2002,5Y,3.68
Tu,9/24/2002,10Y,4.401
We,9/25/2002,2Y,3.155
We,9/25/2002,5Y,3.745
We,9/25/2002,10Y,4.427
Th,9/26/2002,2Y,3.196
Th,9/26/2002,5Y,3.777
Th,9/26/2002,10Y,4.462
Fr,9/27/2002,2Y,3.167
Fr,9/27/2002,5Y,3.766
Fr,9/27/2002,10Y,4.454
Mo,9/30/2002,2Y,3.053
Mo,9/30/2002,5Y,3.641
Mo,9/30/2002,10Y,4.405
Tu,10/1/2002,2Y,3.061
Tu,10/1/2002,5Y,3.676
Tu,10/1/2002,10Y,4.422
We,10/2/2002,2Y,3.1
We,10/2/2002,5Y,3.762
We,10/2/2002,10Y,4.499
Th,10/3/2002,2Y,3.166
Th,10/3/2002,5Y,3.732
Th,10/3/2002,10Y,4.496
Fr,10/4/2002,2Y,3.119
Fr,10/4/2002,5Y,3.696
Fr,10/4/2002,10Y,4.475
Mo,10/7/2002,2Y,3.119
Mo,10/7/2002,5Y,3.675
Mo,10/7/2002,10Y,4.427
Tu,10/8/2002,2Y,3.121
Tu,10/8/2002,5Y,3.672
Tu,10/8/2002,10Y,4.417
We,10/9/2002,2Y,3.128
We,10/9/2002,5Y,3.668
We,10/9/2002,10Y,4.413
Th,10/10/2002,2Y,3.227
Th,10/10/2002,5Y,3.746
Th,10/10/2002,10Y,4.472
Fr,10/11/2002,2Y,3.3
Fr,10/11/2002,5Y,3.821
Fr,10/11/2002,10Y,4.552
Mo,10/14/2002,2Y,3.302
Mo,10/14/2002,5Y,3.84
Mo,10/14/2002,10Y,4.576
Tu,10/15/2002,2Y,3.395
Tu,10/15/2002,5Y,3.967
Tu,10/15/2002,10Y,4.679
We,10/16/2002,2Y,3.422
We,10/16/2002,5Y,4.017
We,10/16/2002,10Y,4.718
Th,10/17/2002,2Y,3.391
Th,10/17/2002,5Y,4.009
Th,10/17/2002,10Y,4.695
Fr,10/18/2002,2Y,3.374
Fr,10/18/2002,5Y,4.003
Fr,10/18/2002,10Y,4.706
Mo,10/21/2002,2Y,3.37
Mo,10/21/2002,5Y,4.009
Mo,10/21/2002,10Y,4.722
Tu,10/22/2002,2Y,3.393
Tu,10/22/2002,5Y,4.035
Tu,10/22/2002,10Y,4.752
We,10/23/2002,2Y,3.322
We,10/23/2002,5Y,3.962
We,10/23/2002,10Y,4.697
Th,10/24/2002,2Y,3.349
Th,10/24/2002,5Y,4.005
Th,10/24/2002,10Y,4.744
Fr,10/25/2002,2Y,3.348
Fr,10/25/2002,5Y,3.97
Fr,10/25/2002,10Y,4.698
Mo,10/28/2002,2Y,3.282
Mo,10/28/2002,5Y,3.906
Mo,10/28/2002,10Y,4.651
Tu,10/29/2002,2Y,3.219
Tu,10/29/2002,5Y,3.831
Tu,10/29/2002,10Y,4.597
We,10/30/2002,2Y,3.259
We,10/30/2002,5Y,3.871
We,10/30/2002,10Y,4.649
Th,10/31/2002,2Y,3.18
Th,10/31/2002,5Y,3.809
Th,10/31/2002,10Y,4.594
Fr,11/1/2002,2Y,3.202
Fr,11/1/2002,5Y,3.824
Fr,11/1/2002,10Y,4.643
Mo,11/4/2002,2Y,3.193
Mo,11/4/2002,5Y,3.841
Mo,11/4/2002,10Y,4.654
Tu,11/5/2002,2Y,3.249
Tu,11/5/2002,5Y,3.901
Tu,11/5/2002,10Y,4.701
We,11/6/2002,2Y,3.265
We,11/6/2002,5Y,3.926
We,11/6/2002,10Y,4.708
Th,11/7/2002,2Y,3.234
Th,11/7/2002,5Y,3.858
Th,11/7/2002,10Y,4.629
Fr,11/8/2002,2Y,3.15
Fr,11/8/2002,5Y,3.77
Fr,11/8/2002,10Y,4.55
Mo,11/11/2002,2Y,3.11
Mo,11/11/2002,5Y,3.73
Mo,11/11/2002,10Y,4.52
Tu,11/12/2002,2Y,3.09
Tu,11/12/2002,5Y,3.7
Tu,11/12/2002,10Y,4.48
We,11/13/2002,2Y,3.1
We,11/13/2002,5Y,3.71
We,11/13/2002,10Y,4.49
Th,11/14/2002,2Y,3.14
Th,11/14/2002,5Y,3.76
Th,11/14/2002,10Y,4.54
Fr,11/15/2002,2Y,3.14
Fr,11/15/2002,5Y,3.76
Fr,11/15/2002,10Y,4.54
Mo,11/18/2002,2Y,3.15
Mo,11/18/2002,5Y,3.77
Mo,11/18/2002,10Y,4.55
Tu,11/19/2002,2Y,3.12
Tu,11/19/2002,5Y,3.75
Tu,11/19/2002,10Y,4.52
We,11/20/2002,2Y,3.1
We,11/20/2002,5Y,3.72
We,11/20/2002,10Y,4.49
Th,11/21/2002,2Y,3.15
Th,11/21/2002,5Y,3.79
Th,11/21/2002,10Y,4.58
Fr,11/22/2002,2Y,3.15
Fr,11/22/2002,5Y,3.8
Fr,11/22/2002,10Y,4.59
Mo,11/25/2002,2Y,3.18
Mo,11/25/2002,5Y,3.84
Mo,11/25/2002,10Y,4.63
Tu,11/26/2002,2Y,3.14
Tu,11/26/2002,5Y,3.78
Tu,11/26/2002,10Y,4.57
We,11/27/2002,2Y,3.21
We,11/27/2002,5Y,3.84
We,11/27/2002,10Y,4.62
Th,11/28/2002,2Y,3.2
Th,11/28/2002,5Y,3.84
Th,11/28/2002,10Y,4.61
Fr,11/29/2002,2Y,3.18
Fr,11/29/2002,5Y,3.8
Fr,11/29/2002,10Y,4.56
Mo,12/2/2002,2Y,3.19
Mo,12/2/2002,5Y,3.83
Mo,12/2/2002,10Y,4.59
Tu,12/3/2002,2Y,3.14
Tu,12/3/2002,5Y,3.79
Tu,12/3/2002,10Y,4.55
We,12/4/2002,2Y,3.16
We,12/4/2002,5Y,3.8
We,12/4/2002,10Y,4.54
Th,12/5/2002,2Y,3.132
Th,12/5/2002,5Y,3.783
Th,12/5/2002,10Y,4.516
Fr,12/6/2002,2Y,3.073
Fr,12/6/2002,5Y,3.723
Fr,12/6/2002,10Y,4.476
Mo,12/9/2002,2Y,3.015
Mo,12/9/2002,5Y,3.67
Mo,12/9/2002,10Y,4.449
Tu,12/10/2002,2Y,3.001
Tu,12/10/2002,5Y,3.654
Tu,12/10/2002,10Y,4.449
We,12/11/2002,2Y,2.977
We,12/11/2002,5Y,3.629
We,12/11/2002,10Y,4.429
Th,12/12/2002,2Y,2.937
Th,12/12/2002,5Y,3.584
Th,12/12/2002,10Y,4.381
Fr,12/13/2002,2Y,2.931
Fr,12/13/2002,5Y,3.583
Fr,12/13/2002,10Y,4.389
Mo,12/16/2002,2Y,2.934
Mo,12/16/2002,5Y,3.59
Mo,12/16/2002,10Y,4.412
Tu,12/17/2002,2Y,2.897
Tu,12/17/2002,5Y,3.555
Tu,12/17/2002,10Y,4.394
We,12/18/2002,2Y,2.839
We,12/18/2002,5Y,3.501
We,12/18/2002,10Y,4.348
Th,12/19/2002,2Y,2.852
Th,12/19/2002,5Y,3.508
Th,12/19/2002,10Y,4.356
Fr,12/20/2002,2Y,2.858
Fr,12/20/2002,5Y,3.507
Fr,12/20/2002,10Y,4.352
Mo,12/23/2002,2Y,2.848
Mo,12/23/2002,5Y,3.497
Mo,12/23/2002,10Y,4.347
Tu,12/24/2002,2Y,2.851
Tu,12/24/2002,5Y,3.5
Tu,12/24/2002,10Y,4.35
We,12/25/2002,2Y,2.851
We,12/25/2002,5Y,3.5
We,12/25/2002,10Y,4.348
Th,12/26/2002,2Y,2.851
Th,12/26/2002,5Y,3.499
Th,12/26/2002,10Y,4.351
Fr,12/27/2002,2Y,2.767
Fr,12/27/2002,5Y,3.407
Fr,12/27/2002,10Y,4.26
Mo,12/30/2002,2Y,2.774
Mo,12/30/2002,5Y,3.399
Mo,12/30/2002,10Y,4.273
Tu,12/31/2002,2Y,2.763
Tu,12/31/2002,5Y,3.391
Tu,12/31/2002,10Y,4.262
We,1/1/2003,2Y,2.764
We,1/1/2003,5Y,3.387
We,1/1/2003,10Y,4.264
Th,1/2/2003,2Y,2.845
Th,1/2/2003,5Y,3.504
Th,1/2/2003,10Y,4.377
Fr,1/3/2003,2Y,2.843
Fr,1/3/2003,5Y,3.515
Fr,1/3/2003,10Y,4.392
Mo,1/6/2003,2Y,2.789
Mo,1/6/2003,5Y,3.475
Mo,1/6/2003,10Y,4.372
Tu,1/7/2003,2Y,2.762
Tu,1/7/2003,5Y,3.444
Tu,1/7/2003,10Y,4.345
We,1/8/2003,2Y,2.713
We,1/8/2003,5Y,3.393
We,1/8/2003,10Y,4.289
Th,1/9/2003,2Y,2.749
Th,1/9/2003,5Y,3.418
Th,1/9/2003,10Y,4.314
Fr,1/10/2003,2Y,2.721
Fr,1/10/2003,5Y,3.396
Fr,1/10/2003,10Y,4.3
Mo,1/13/2003,2Y,2.738
Mo,1/13/2003,5Y,3.421
Mo,1/13/2003,10Y,4.319
Tu,1/14/2003,2Y,2.724
Tu,1/14/2003,5Y,3.408
Tu,1/14/2003,10Y,4.297
We,1/15/2003,2Y,2.727
We,1/15/2003,5Y,3.405
We,1/15/2003,10Y,4.287
Th,1/16/2003,2Y,2.747
Th,1/16/2003,5Y,3.412
Th,1/16/2003,10Y,4.289
Fr,1/17/2003,2Y,2.664
Fr,1/17/2003,5Y,3.307
Fr,1/17/2003,10Y,4.198
Mo,1/20/2003,2Y,2.636
Mo,1/20/2003,5Y,3.285
Mo,1/20/2003,10Y,4.17
Tu,1/21/2003,2Y,2.655
Tu,1/21/2003,5Y,3.281
Tu,1/21/2003,10Y,4.153
We,1/22/2003,2Y,2.634
We,1/22/2003,5Y,3.27
We,1/22/2003,10Y,4.143
Th,1/23/2003,2Y,2.631
Th,1/23/2003,5Y,3.254
Th,1/23/2003,10Y,4.119
Fr,1/24/2003,2Y,2.6
Fr,1/24/2003,5Y,3.301
Fr,1/24/2003,10Y,4.05
Mo,1/27/2003,2Y,2.624
Mo,1/27/2003,5Y,3.319
Mo,1/27/2003,10Y,4.062
Tu,1/28/2003,2Y,2.636
Tu,1/28/2003,5Y,3.339
Tu,1/28/2003,10Y,4.099
We,1/29/2003,2Y,2.612
We,1/29/2003,5Y,3.331
We,1/29/2003,10Y,4.091
Th,1/30/2003,2Y,2.631
Th,1/30/2003,5Y,3.352
Th,1/30/2003,10Y,4.127
Fr,1/31/2003,2Y,2.618
Fr,1/31/2003,5Y,3.342
Fr,1/31/2003,10Y,4.123
Mo,2/3/2003,2Y,2.63
Mo,2/3/2003,5Y,3.338
Mo,2/3/2003,10Y,4.127
Tu,2/4/2003,2Y,2.58
Tu,2/4/2003,5Y,3.283
Tu,2/4/2003,10Y,4.066
We,2/5/2003,2Y,2.575
We,2/5/2003,5Y,3.302
We,2/5/2003,10Y,4.081
Th,2/6/2003,2Y,2.545
Th,2/6/2003,5Y,3.286
Th,2/6/2003,10Y,4.076
Fr,2/7/2003,2Y,2.501
Fr,2/7/2003,5Y,3.245
Fr,2/7/2003,10Y,4.049
Mo,2/10/2003,2Y,2.496
Mo,2/10/2003,5Y,3.261
Mo,2/10/2003,10Y,4.07
Tu,2/11/2003,2Y,2.489
Tu,2/11/2003,5Y,3.242
Tu,2/11/2003,10Y,4.056
We,2/12/2003,2Y,2.43
We,2/12/2003,5Y,3.18
We,2/12/2003,10Y,4.009
Th,2/13/2003,2Y,2.391
Th,2/13/2003,5Y,3.126
Th,2/13/2003,10Y,3.977
Fr,2/14/2003,2Y,2.444
Fr,2/14/2003,5Y,3.175
Fr,2/14/2003,10Y,4.025
Mo,2/17/2003,2Y,2.453
Mo,2/17/2003,5Y,3.19
Mo,2/17/2003,10Y,4.033
Tu,2/18/2003,2Y,2.47
Tu,2/18/2003,5Y,3.199
Tu,2/18/2003,10Y,4.043
We,2/19/2003,2Y,2.425
We,2/19/2003,5Y,3.131
We,2/19/2003,10Y,3.971
Th,2/20/2003,2Y,2.419
Th,2/20/2003,5Y,3.12
Th,2/20/2003,10Y,3.947
Fr,2/21/2003,2Y,2.445
Fr,2/21/2003,5Y,3.152
Fr,2/21/2003,10Y,3.985
Mo,2/24/2003,2Y,2.361
Mo,2/24/2003,5Y,3.096
Mo,2/24/2003,10Y,3.938
Tu,2/25/2003,2Y,2.341
Tu,2/25/2003,5Y,3.072
Tu,2/25/2003,10Y,3.93
We,2/26/2003,2Y,2.343
We,2/26/2003,5Y,3.076
We,2/26/2003,10Y,3.948
Th,2/27/2003,2Y,2.413
Th,2/27/2003,5Y,3.134
Th,2/27/2003,10Y,4.001
Fr,2/28/2003,2Y,2.34
Fr,2/28/2003,5Y,3.069
Fr,2/28/2003,10Y,3.952
Mo,3/3/2003,2Y,2.329
Mo,3/3/2003,5Y,3.058
Mo,3/3/2003,10Y,3.933
Tu,3/4/2003,2Y,2.322
Tu,3/4/2003,5Y,3.063
Tu,3/4/2003,10Y,3.936
We,3/5/2003,2Y,2.326
We,3/5/2003,5Y,3.069
We,3/5/2003,10Y,3.924
Th,3/6/2003,2Y,2.321
Th,3/6/2003,5Y,3.036
Th,3/6/2003,10Y,3.897
Fr,3/7/2003,2Y,2.29
Fr,3/7/2003,5Y,3.015
Fr,3/7/2003,10Y,3.923
Mo,3/10/2003,2Y,2.258
Mo,3/10/2003,5Y,2.983
Mo,3/10/2003,10Y,3.888
Tu,3/11/2003,2Y,2.285
Tu,3/11/2003,5Y,3.016
Tu,3/11/2003,10Y,3.907
We,3/12/2003,2Y,2.319
We,3/12/2003,5Y,3.042
We,3/12/2003,10Y,3.921
Th,3/13/2003,2Y,2.479
Th,3/13/2003,5Y,3.221
Th,3/13/2003,10Y,4.058
Fr,3/14/2003,2Y,2.517
Fr,3/14/2003,5Y,3.278
Fr,3/14/2003,10Y,4.105
Mo,3/17/2003,2Y,2.605
Mo,3/17/2003,5Y,3.421
Mo,3/17/2003,10Y,4.242
Tu,3/18/2003,2Y,2.599
Tu,3/18/2003,5Y,3.41
Tu,3/18/2003,10Y,4.222
We,3/19/2003,2Y,2.662
We,3/19/2003,5Y,3.519
We,3/19/2003,10Y,4.322
Th,3/20/2003,2Y,2.618
Th,3/20/2003,5Y,3.469
Th,3/20/2003,10Y,4.284
Fr,3/21/2003,2Y,2.68
Fr,3/21/2003,5Y,3.535
Fr,3/21/2003,10Y,4.365
Mo,3/24/2003,2Y,2.614
Mo,3/24/2003,5Y,3.452
Mo,3/24/2003,10Y,4.283
Tu,3/25/2003,2Y,2.594
Tu,3/25/2003,5Y,3.428
Tu,3/25/2003,10Y,4.292
We,3/26/2003,2Y,2.602
We,3/26/2003,5Y,3.427
We,3/26/2003,10Y,4.282
Th,3/27/2003,2Y,2.551
Th,3/27/2003,5Y,3.381
Th,3/27/2003,10Y,4.246
Fr,3/28/2003,2Y,2.519
Fr,3/28/2003,5Y,3.349
Fr,3/28/2003,10Y,4.21
Mo,3/31/2003,2Y,2.434
Mo,3/31/2003,5Y,3.24
Mo,3/31/2003,10Y,4.124
Tu,4/1/2003,2Y,2.42
Tu,4/1/2003,5Y,3.234
Tu,4/1/2003,10Y,4.115
We,4/2/2003,2Y,2.493
We,4/2/2003,5Y,3.34
We,4/2/2003,10Y,4.209
Th,4/3/2003,2Y,2.52
Th,4/3/2003,5Y,3.39
Th,4/3/2003,10Y,4.257
Fr,4/4/2003,2Y,2.501
Fr,4/4/2003,5Y,3.38
Fr,4/4/2003,10Y,4.261
Mo,4/7/2003,2Y,2.583
Mo,4/7/2003,5Y,3.46
Mo,4/7/2003,10Y,4.33
Tu,4/8/2003,2Y,2.559
Tu,4/8/2003,5Y,3.432
Tu,4/8/2003,10Y,4.298
We,4/9/2003,2Y,2.53
We,4/9/2003,5Y,3.403
We,4/9/2003,10Y,4.266
Th,4/10/2003,2Y,2.489
Th,4/10/2003,5Y,3.338
Th,4/10/2003,10Y,4.218
Fr,4/11/2003,2Y,2.557
Fr,4/11/2003,5Y,3.424
Fr,4/11/2003,10Y,4.279
Mo,4/14/2003,2Y,2.627
Mo,4/14/2003,5Y,3.469
Mo,4/14/2003,10Y,4.302
Tu,4/15/2003,2Y,2.621
Tu,4/15/2003,5Y,3.438
Tu,4/15/2003,10Y,4.269
We,4/16/2003,2Y,2.606
We,4/16/2003,5Y,3.407
We,4/16/2003,10Y,4.227
Th,4/17/2003,2Y,2.584
Th,4/17/2003,5Y,3.396
Th,4/17/2003,10Y,4.225
Fr,4/18/2003,2Y,2.585
Fr,4/18/2003,5Y,3.405
Fr,4/18/2003,10Y,4.24
Mo,4/21/2003,2Y,2.586
Mo,4/21/2003,5Y,3.403
Mo,4/21/2003,10Y,4.23
Tu,4/22/2003,2Y,2.53
Tu,4/22/2003,5Y,3.34
Tu,4/22/2003,10Y,4.191
We,4/23/2003,2Y,2.554
We,4/23/2003,5Y,3.374
We,4/23/2003,10Y,4.23
Th,4/24/2003,2Y,2.489
Th,4/24/2003,5Y,3.302
Th,4/24/2003,10Y,4.168
Fr,4/25/2003,2Y,2.458
Fr,4/25/2003,5Y,3.277
Fr,4/25/2003,10Y,4.163
Mo,4/28/2003,2Y,2.475
Mo,4/28/2003,5Y,3.297
Mo,4/28/2003,10Y,4.184
Tu,4/29/2003,2Y,2.493
Tu,4/29/2003,5Y,3.326
Tu,4/29/2003,10Y,4.206
We,4/30/2003,2Y,2.433
We,4/30/2003,5Y,3.257
We,4/30/2003,10Y,4.148
Th,5/1/2003,2Y,2.422
Th,5/1/2003,5Y,3.241
Th,5/1/2003,10Y,4.143
Fr,5/2/2003,2Y,2.419
Fr,5/2/2003,5Y,3.251
Fr,5/2/2003,10Y,4.15
Mo,5/5/2003,2Y,2.408
Mo,5/5/2003,5Y,3.247
Mo,5/5/2003,10Y,4.137
Tu,5/6/2003,2Y,2.402
Tu,5/6/2003,5Y,3.249
Tu,5/6/2003,10Y,4.146
We,5/7/2003,2Y,2.322
We,5/7/2003,5Y,3.133
We,5/7/2003,10Y,4.037
Th,5/8/2003,2Y,2.338
Th,5/8/2003,5Y,3.093
Th,5/8/2003,10Y,4
Fr,5/9/2003,2Y,2.333
Fr,5/9/2003,5Y,3.086
Fr,5/9/2003,10Y,3.992
Mo,5/12/2003,2Y,2.299
Mo,5/12/2003,5Y,3.061
Mo,5/12/2003,10Y,3.972
Tu,5/13/2003,2Y,2.273
Tu,5/13/2003,5Y,3.052
Tu,5/13/2003,10Y,3.967
We,5/14/2003,2Y,2.27
We,5/14/2003,5Y,3.035
We,5/14/2003,10Y,3.971
Th,5/15/2003,2Y,2.255
Th,5/15/2003,5Y,3.01
Th,5/15/2003,10Y,3.934
Fr,5/16/2003,2Y,2.227
Fr,5/16/2003,5Y,2.973
Fr,5/16/2003,10Y,3.884
Mo,5/19/2003,2Y,2.174
Mo,5/19/2003,5Y,2.905
Mo,5/19/2003,10Y,3.815
Tu,5/20/2003,2Y,2.173
Tu,5/20/2003,5Y,2.903
Tu,5/20/2003,10Y,3.804
We,5/21/2003,2Y,2.174
We,5/21/2003,5Y,2.891
We,5/21/2003,10Y,3.782
Th,5/22/2003,2Y,2.173
Th,5/22/2003,5Y,2.885
Th,5/22/2003,10Y,3.766
Fr,5/23/2003,2Y,2.123
Fr,5/23/2003,5Y,2.831
Fr,5/23/2003,10Y,3.706
Mo,5/26/2003,2Y,2.11
Mo,5/26/2003,5Y,2.821
Mo,5/26/2003,10Y,3.685
Tu,5/27/2003,2Y,2.142
Tu,5/27/2003,5Y,2.862
Tu,5/27/2003,10Y,3.74
We,5/28/2003,2Y,2.185
We,5/28/2003,5Y,2.922
We,5/28/2003,10Y,3.828
Th,5/29/2003,2Y,2.142
Th,5/29/2003,5Y,2.857
Th,5/29/2003,10Y,3.76
Fr,5/30/2003,2Y,2.134
Fr,5/30/2003,5Y,2.854
Fr,5/30/2003,10Y,3.776
Mo,6/2/2003,2Y,2.138
Mo,6/2/2003,5Y,2.887
Mo,6/2/2003,10Y,3.819
Tu,6/3/2003,2Y,2.035
Tu,6/3/2003,5Y,2.755
Tu,6/3/2003,10Y,3.701
We,6/4/2003,2Y,2.064
We,6/4/2003,5Y,2.803
We,6/4/2003,10Y,3.729
Th,6/5/2003,2Y,1.986
Th,6/5/2003,5Y,2.704
Th,6/5/2003,10Y,3.666
Fr,6/6/2003,2Y,2.005
Fr,6/6/2003,5Y,2.745
Fr,6/6/2003,10Y,3.722
Mo,6/9/2003,2Y,1.969
Mo,6/9/2003,5Y,2.667
Mo,6/9/2003,10Y,3.64
Tu,6/10/2003,2Y,1.92
Tu,6/10/2003,5Y,2.624
Tu,6/10/2003,10Y,3.596
We,6/11/2003,2Y,1.896
We,6/11/2003,5Y,2.586
We,6/11/2003,10Y,3.568
Th,6/12/2003,2Y,1.909
Th,6/12/2003,5Y,2.601
Th,6/12/2003,10Y,3.569
Fr,6/13/2003,2Y,1.877
Fr,6/13/2003,5Y,2.565
Fr,6/13/2003,10Y,3.511
Mo,6/16/2003,2Y,1.927
Mo,6/16/2003,5Y,2.623
Mo,6/16/2003,10Y,3.556
Tu,6/17/2003,2Y,1.981
Tu,6/17/2003,5Y,2.714
Tu,6/17/2003,10Y,3.647
We,6/18/2003,2Y,2.029
We,6/18/2003,5Y,2.812
We,6/18/2003,10Y,3.731
Th,6/19/2003,2Y,1.994
Th,6/19/2003,5Y,2.799
Th,6/19/2003,10Y,3.718
Fr,6/20/2003,2Y,2.002
Fr,6/20/2003,5Y,2.813
Fr,6/20/2003,10Y,3.753
Mo,6/23/2003,2Y,1.998
Mo,6/23/2003,5Y,2.795
Mo,6/23/2003,10Y,3.728
Tu,6/24/2003,2Y,1.99
Tu,6/24/2003,5Y,2.786
Tu,6/24/2003,10Y,3.722
We,6/25/2003,2Y,1.951
We,6/25/2003,5Y,2.751
We,6/25/2003,10Y,3.681
Th,6/26/2003,2Y,2.102
Th,6/26/2003,5Y,2.944
Th,6/26/2003,10Y,3.865
Fr,6/27/2003,2Y,2.125
Fr,6/27/2003,5Y,2.985
Fr,6/27/2003,10Y,3.91
Mo,6/30/2003,2Y,2.074
Mo,6/30/2003,5Y,2.907
Mo,6/30/2003,10Y,3.85
Tu,7/1/2003,2Y,2.047
Tu,7/1/2003,5Y,2.896
Tu,7/1/2003,10Y,3.854
We,7/2/2003,2Y,2.069
We,7/2/2003,5Y,2.948
We,7/2/2003,10Y,3.908
Th,7/3/2003,2Y,2.089
Th,7/3/2003,5Y,2.998
Th,7/3/2003,10Y,3.972
Fr,7/4/2003,2Y,2.059
Fr,7/4/2003,5Y,2.949
Fr,7/4/2003,10Y,3.928
Mo,7/7/2003,2Y,2.102
Mo,7/7/2003,5Y,3.015
Mo,7/7/2003,10Y,3.985
Tu,7/8/2003,2Y,2.097
Tu,7/8/2003,5Y,3.123
Tu,7/8/2003,10Y,3.977
We,7/9/2003,2Y,2.098
We,7/9/2003,5Y,3.115
We,7/9/2003,10Y,3.96
Th,7/10/2003,2Y,2.074
Th,7/10/2003,5Y,3.063
Th,7/10/2003,10Y,3.904
Fr,7/11/2003,2Y,2.077
Fr,7/11/2003,5Y,3.062
Fr,7/11/2003,10Y,3.903
Mo,7/14/2003,2Y,2.066
Mo,7/14/2003,5Y,3.036
Mo,7/14/2003,10Y,3.873
Tu,7/15/2003,2Y,2.14
Tu,7/15/2003,5Y,3.194
Tu,7/15/2003,10Y,4.028
We,7/16/2003,2Y,2.183
We,7/16/2003,5Y,3.245
We,7/16/2003,10Y,4.043
Th,7/17/2003,2Y,2.2
Th,7/17/2003,5Y,3.263
Th,7/17/2003,10Y,4.07
Fr,7/18/2003,2Y,2.175
Fr,7/18/2003,5Y,3.227
Fr,7/18/2003,10Y,4.038
Mo,7/21/2003,2Y,2.21
Mo,7/21/2003,5Y,3.286
Mo,7/21/2003,10Y,4.083
Tu,7/22/2003,2Y,2.216
Tu,7/22/2003,5Y,3.289
Tu,7/22/2003,10Y,4.084
We,7/23/2003,2Y,2.322
We,7/23/2003,5Y,3.228
We,7/23/2003,10Y,4.013
Th,7/24/2003,2Y,2.375
Th,7/24/2003,5Y,3.295
Th,7/24/2003,10Y,4.079
Fr,7/25/2003,2Y,2.325
Fr,7/25/2003,5Y,3.227
Fr,7/25/2003,10Y,4.008
Mo,7/28/2003,2Y,2.39
Mo,7/28/2003,5Y,3.324
Mo,7/28/2003,10Y,4.116
Tu,7/29/2003,2Y,2.383
Tu,7/29/2003,5Y,3.313
Tu,7/29/2003,10Y,4.108
We,7/30/2003,2Y,2.408
We,7/30/2003,5Y,3.335
We,7/30/2003,10Y,4.123
Th,7/31/2003,2Y,2.512
Th,7/31/2003,5Y,3.445
Th,7/31/2003,10Y,4.202
Fr,8/1/2003,2Y,2.701
Fr,8/1/2003,5Y,3.558
Fr,8/1/2003,10Y,4.21
Mo,8/4/2003,2Y,2.636
Mo,8/4/2003,5Y,3.502
Mo,8/4/2003,10Y,4.155
Tu,8/5/2003,2Y,2.617
Tu,8/5/2003,5Y,3.501
Tu,8/5/2003,10Y,4.178
We,8/6/2003,2Y,2.587
We,8/6/2003,5Y,3.471
We,8/6/2003,10Y,4.143
Th,8/7/2003,2Y,2.551
Th,8/7/2003,5Y,3.426
Th,8/7/2003,10Y,4.107
Fr,8/8/2003,2Y,2.474
Fr,8/8/2003,5Y,3.306
Fr,8/8/2003,10Y,4.011
Mo,8/11/2003,2Y,2.545
Mo,8/11/2003,5Y,3.385
Mo,8/11/2003,10Y,4.088
Tu,8/12/2003,2Y,2.541
Tu,8/12/2003,5Y,3.378
Tu,8/12/2003,10Y,4.075
We,8/13/2003,2Y,2.578
We,8/13/2003,5Y,3.462
We,8/13/2003,10Y,4.188
Th,8/14/2003,2Y,2.653
Th,8/14/2003,5Y,3.554
Th,8/14/2003,10Y,4.226
Fr,8/15/2003,2Y,2.588
Fr,8/15/2003,5Y,3.49
Fr,8/15/2003,10Y,4.172
Mo,8/18/2003,2Y,2.617
Mo,8/18/2003,5Y,3.499
Mo,8/18/2003,10Y,4.176
Tu,8/19/2003,2Y,2.622
Tu,8/19/2003,5Y,3.49
Tu,8/19/2003,10Y,4.153
We,8/20/2003,2Y,2.623
We,8/20/2003,5Y,3.512
We,8/20/2003,10Y,4.197
Th,8/21/2003,2Y,2.654
Th,8/21/2003,5Y,3.541
Th,8/21/2003,10Y,4.207
Fr,8/22/2003,2Y,2.659
Fr,8/22/2003,5Y,3.541
Fr,8/22/2003,10Y,4.193
Mo,8/25/2003,2Y,2.64
Mo,8/25/2003,5Y,3.527
Mo,8/25/2003,10Y,4.192
Tu,8/26/2003,2Y,2.653
Tu,8/26/2003,5Y,3.526
Tu,8/26/2003,10Y,4.181
We,8/27/2003,2Y,2.65
We,8/27/2003,5Y,3.543
We,8/27/2003,10Y,4.211
Th,8/28/2003,2Y,2.631
Th,8/28/2003,5Y,3.52
Th,8/28/2003,10Y,4.181
Fr,8/29/2003,2Y,2.626
Fr,8/29/2003,5Y,3.527
Fr,8/29/2003,10Y,4.198
Mo,9/1/2003,2Y,2.647
Mo,9/1/2003,5Y,3.566
Mo,9/1/2003,10Y,4.229
Tu,9/2/2003,2Y,2.757
Tu,9/2/2003,5Y,3.723
Tu,9/2/2003,10Y,4.362
We,9/3/2003,2Y,2.755
We,9/3/2003,5Y,3.73
We,9/3/2003,10Y,4.378
Th,9/4/2003,2Y,2.717
Th,9/4/2003,5Y,3.689
Th,9/4/2003,10Y,4.357
Fr,9/5/2003,2Y,2.628
Fr,9/5/2003,5Y,3.614
Fr,9/5/2003,10Y,4.356
Mo,9/8/2003,2Y,2.562
Mo,9/8/2003,5Y,3.538
Mo,9/8/2003,10Y,4.299
Tu,9/9/2003,2Y,2.58
Tu,9/9/2003,5Y,3.566
Tu,9/9/2003,10Y,4.341
We,9/10/2003,2Y,2.549
We,9/10/2003,5Y,3.517
We,9/10/2003,10Y,4.297
Th,9/11/2003,2Y,2.597
Th,9/11/2003,5Y,3.564
Th,9/11/2003,10Y,4.322
Fr,9/12/2003,2Y,2.493
Fr,9/12/2003,5Y,3.42
Fr,9/12/2003,10Y,4.188
Mo,9/15/2003,2Y,2.507
Mo,9/15/2003,5Y,3.449
Mo,9/15/2003,10Y,4.213
Tu,9/16/2003,2Y,2.516
Tu,9/16/2003,5Y,3.465
Tu,9/16/2003,10Y,4.233
We,9/17/2003,2Y,2.487
We,9/17/2003,5Y,3.429
We,9/17/2003,10Y,4.218
Th,9/18/2003,2Y,2.49
Th,9/18/2003,5Y,3.438
Th,9/18/2003,10Y,4.227
Fr,9/19/2003,2Y,2.463
Fr,9/19/2003,5Y,3.403
Fr,9/19/2003,10Y,4.201
Mo,9/22/2003,2Y,2.401
Mo,9/22/2003,5Y,3.337
Mo,9/22/2003,10Y,4.161
Tu,9/23/2003,2Y,2.39
Tu,9/23/2003,5Y,3.325
Tu,9/23/2003,10Y,4.142
We,9/24/2003,2Y,2.379
We,9/24/2003,5Y,3.31
We,9/24/2003,10Y,4.151
Th,9/25/2003,2Y,2.351
Th,9/25/2003,5Y,3.283
Th,9/25/2003,10Y,4.14
Fr,9/26/2003,2Y,2.318
Fr,9/26/2003,5Y,3.229
Fr,9/26/2003,10Y,4.084
Mo,9/29/2003,2Y,2.333
Mo,9/29/2003,5Y,3.249
Mo,9/29/2003,10Y,4.112
Tu,9/30/2003,2Y,2.265
Tu,9/30/2003,5Y,3.178
Tu,9/30/2003,10Y,4.05
We,10/1/2003,2Y,2.273
We,10/1/2003,5Y,3.19
We,10/1/2003,10Y,4.058
Th,10/2/2003,2Y,2.382
Th,10/2/2003,5Y,3.327
Th,10/2/2003,10Y,4.156
Fr,10/3/2003,2Y,2.534
Fr,10/3/2003,5Y,3.484
Fr,10/3/2003,10Y,4.262
Mo,10/6/2003,2Y,2.475
Mo,10/6/2003,5Y,3.431
Mo,10/6/2003,10Y,4.217
Tu,10/7/2003,2Y,2.476
Tu,10/7/2003,5Y,3.453
Tu,10/7/2003,10Y,4.249
We,10/8/2003,2Y,2.462
We,10/8/2003,5Y,3.428
We,10/8/2003,10Y,4.238
Th,10/9/2003,2Y,2.526
Th,10/9/2003,5Y,3.515
Th,10/9/2003,10Y,4.299
Fr,10/10/2003,2Y,2.493
Fr,10/10/2003,5Y,3.458
Fr,10/10/2003,10Y,4.242
Mo,10/13/2003,2Y,2.553
Mo,10/13/2003,5Y,3.54
Mo,10/13/2003,10Y,4.318
Tu,10/14/2003,2Y,2.556
Tu,10/14/2003,5Y,3.542
Tu,10/14/2003,10Y,4.325
We,10/15/2003,2Y,2.615
We,10/15/2003,5Y,3.613
We,10/15/2003,10Y,4.377
Th,10/16/2003,2Y,2.607
Th,10/16/2003,5Y,3.605
Th,10/16/2003,10Y,4.345
Fr,10/17/2003,2Y,2.649
Fr,10/17/2003,5Y,3.626
Fr,10/17/2003,10Y,4.364
Mo,10/20/2003,2Y,2.645
Mo,10/20/2003,5Y,3.617
Mo,10/20/2003,10Y,4.349
Tu,10/21/2003,2Y,2.589
Tu,10/21/2003,5Y,3.561
Tu,10/21/2003,10Y,4.309
We,10/22/2003,2Y,2.582
We,10/22/2003,5Y,3.545
We,10/22/2003,10Y,4.285
Th,10/23/2003,2Y,2.599
Th,10/23/2003,5Y,3.58
Th,10/23/2003,10Y,4.319
Fr,10/24/2003,2Y,2.578
Fr,10/24/2003,5Y,3.556
Fr,10/24/2003,10Y,4.302
Mo,10/27/2003,2Y,2.614
Mo,10/27/2003,5Y,3.592
Mo,10/27/2003,10Y,4.326
Tu,10/28/2003,2Y,2.643
Tu,10/28/2003,5Y,3.615
Tu,10/28/2003,10Y,4.343
We,10/29/2003,2Y,2.614
We,10/29/2003,5Y,3.602
We,10/29/2003,10Y,4.353
Th,10/30/2003,2Y,2.653
Th,10/30/2003,5Y,3.654
Th,10/30/2003,10Y,4.391
Fr,10/31/2003,2Y,2.622
Fr,10/31/2003,5Y,3.607
Fr,10/31/2003,10Y,4.347
Mo,11/3/2003,2Y,2.681
Mo,11/3/2003,5Y,3.685
Mo,11/3/2003,10Y,4.413
Tu,11/4/2003,2Y,2.655
Tu,11/4/2003,5Y,3.654
Tu,11/4/2003,10Y,4.382
We,11/5/2003,2Y,2.672
We,11/5/2003,5Y,3.659
We,11/5/2003,10Y,4.394
Th,11/6/2003,2Y,2.734
Th,11/6/2003,5Y,3.745
Th,11/6/2003,10Y,4.476
Fr,11/7/2003,2Y,2.775
Fr,11/7/2003,5Y,3.797
Fr,11/7/2003,10Y,4.511
Mo,11/10/2003,2Y,2.749
Mo,11/10/2003,5Y,3.769
Mo,11/10/2003,10Y,4.493
Tu,11/11/2003,2Y,2.74
Tu,11/11/2003,5Y,3.759
Tu,11/11/2003,10Y,4.486
We,11/12/2003,2Y,2.734
We,11/12/2003,5Y,3.747
We,11/12/2003,10Y,4.484
Th,11/13/2003,2Y,2.668
Th,11/13/2003,5Y,3.679
Th,11/13/2003,10Y,4.429
Fr,11/14/2003,2Y,2.61
Fr,11/14/2003,5Y,3.619
Fr,11/14/2003,10Y,4.373
Mo,11/17/2003,2Y,2.57
Mo,11/17/2003,5Y,3.587
Mo,11/17/2003,10Y,4.349
Tu,11/18/2003,2Y,2.547
Tu,11/18/2003,5Y,3.554
Tu,11/18/2003,10Y,4.326
We,11/19/2003,2Y,2.573
We,11/19/2003,5Y,3.594
We,11/19/2003,10Y,4.376
Th,11/20/2003,2Y,2.563
Th,11/20/2003,5Y,3.572
Th,11/20/2003,10Y,4.361
Fr,11/21/2003,2Y,2.538
Fr,11/21/2003,5Y,3.543
Fr,11/21/2003,10Y,4.335
Mo,11/24/2003,2Y,2.621
Mo,11/24/2003,5Y,3.636
Mo,11/24/2003,10Y,4.416
Tu,11/25/2003,2Y,2.652
Tu,11/25/2003,5Y,3.664
Tu,11/25/2003,10Y,4.428
We,11/26/2003,2Y,2.662
We,11/26/2003,5Y,3.662
We,11/26/2003,10Y,4.42
Th,11/27/2003,2Y,2.73
Th,11/27/2003,5Y,3.728
Th,11/27/2003,10Y,4.466
Fr,11/28/2003,2Y,2.736
Fr,11/28/2003,5Y,3.738
Fr,11/28/2003,10Y,4.467
Mo,12/1/2003,2Y,2.775
Mo,12/1/2003,5Y,3.79
Mo,12/1/2003,10Y,4.503
Tu,12/2/2003,2Y,2.739
Tu,12/2/2003,5Y,3.758
Tu,12/2/2003,10Y,4.48
We,12/3/2003,2Y,2.717
We,12/3/2003,5Y,3.731
We,12/3/2003,10Y,4.468
Th,12/4/2003,2Y,2.692
Th,12/4/2003,5Y,3.715
Th,12/4/2003,10Y,4.456
Fr,12/5/2003,2Y,2.604
Fr,12/5/2003,5Y,3.614
Fr,12/5/2003,10Y,4.35
Mo,12/8/2003,2Y,2.583
Mo,12/8/2003,5Y,3.6
Mo,12/8/2003,10Y,4.355
Tu,12/9/2003,2Y,2.596
Tu,12/9/2003,5Y,3.617
Tu,12/9/2003,10Y,4.375
We,12/10/2003,2Y,2.588
We,12/10/2003,5Y,3.605
We,12/10/2003,10Y,4.361
Th,12/11/2003,2Y,2.593
Th,12/11/2003,5Y,3.625
Th,12/11/2003,10Y,4.382
Fr,12/12/2003,2Y,2.51
Fr,12/12/2003,5Y,3.533
Fr,12/12/2003,10Y,4.309
Mo,12/15/2003,2Y,2.501
Mo,12/15/2003,5Y,3.517
Mo,12/15/2003,10Y,4.312
Tu,12/16/2003,2Y,2.498
Tu,12/16/2003,5Y,3.517
Tu,12/16/2003,10Y,4.306
We,12/17/2003,2Y,2.457
We,12/17/2003,5Y,3.467
We,12/17/2003,10Y,4.266
Th,12/18/2003,2Y,2.445
Th,12/18/2003,5Y,3.466
Th,12/18/2003,10Y,4.266
Fr,12/19/2003,2Y,2.471
Fr,12/19/2003,5Y,3.491
Fr,12/19/2003,10Y,4.292
Mo,12/22/2003,2Y,2.451
Mo,12/22/2003,5Y,3.472
Mo,12/22/2003,10Y,4.269
Tu,12/23/2003,2Y,2.444
Tu,12/23/2003,5Y,3.456
Tu,12/23/2003,10Y,4.251
We,12/24/2003,2Y,2.435
We,12/24/2003,5Y,3.462
We,12/24/2003,10Y,4.256
Th,12/25/2003,2Y,2.435
Th,12/25/2003,5Y,3.462
Th,12/25/2003,10Y,4.257
Fr,12/26/2003,2Y,2.436
Fr,12/26/2003,5Y,3.462
Fr,12/26/2003,10Y,4.257
Mo,12/29/2003,2Y,2.424
Mo,12/29/2003,5Y,3.457
Mo,12/29/2003,10Y,4.267
Tu,12/30/2003,2Y,2.431
Tu,12/30/2003,5Y,3.493
Tu,12/30/2003,10Y,4.303
We,12/31/2003,2Y,2.417
We,12/31/2003,5Y,3.485
We,12/31/2003,10Y,4.301
Th,1/1/2004,2Y,2.416
Th,1/1/2004,5Y,3.486
Th,1/1/2004,10Y,4.298
Fr,1/2/2004,2Y,2.441
Fr,1/2/2004,5Y,3.517
Fr,1/2/2004,10Y,4.342
Mo,1/5/2004,2Y,2.432
Mo,1/5/2004,5Y,3.505
Mo,1/5/2004,10Y,4.339
Tu,1/6/2004,2Y,2.361
Tu,1/6/2004,5Y,3.429
Tu,1/6/2004,10Y,4.272
We,1/7/2004,2Y,2.346
We,1/7/2004,5Y,3.405
We,1/7/2004,10Y,4.255
Th,1/8/2004,2Y,2.332
Th,1/8/2004,5Y,3.378
Th,1/8/2004,10Y,4.234
Fr,1/9/2004,2Y,2.253
Fr,1/9/2004,5Y,3.272
Fr,1/9/2004,10Y,4.149
Mo,1/12/2004,2Y,2.244
Mo,1/12/2004,5Y,3.261
Mo,1/12/2004,10Y,4.132
Tu,1/13/2004,2Y,2.258
Tu,1/13/2004,5Y,3.284
Tu,1/13/2004,10Y,4.151
We,1/14/2004,2Y,2.279
We,1/14/2004,5Y,3.302
We,1/14/2004,10Y,4.159
Th,1/15/2004,2Y,2.29
Th,1/15/2004,5Y,3.312
Th,1/15/2004,10Y,4.163
Fr,1/16/2004,2Y,2.272
Fr,1/16/2004,5Y,3.314
Fr,1/16/2004,10Y,4.171
Mo,1/19/2004,2Y,2.282
Mo,1/19/2004,5Y,3.328
Mo,1/19/2004,10Y,4.178
Tu,1/20/2004,2Y,2.236
Tu,1/20/2004,5Y,3.283
Tu,1/20/2004,10Y,4.151
We,1/21/2004,2Y,2.245
We,1/21/2004,5Y,3.302
We,1/21/2004,10Y,4.17
Th,1/22/2004,2Y,2.228
Th,1/22/2004,5Y,3.271
Th,1/22/2004,10Y,4.152
Fr,1/23/2004,2Y,2.206
Fr,1/23/2004,5Y,3.231
Fr,1/23/2004,10Y,4.111
Mo,1/26/2004,2Y,2.634
Mo,1/26/2004,5Y,3.399
Mo,1/26/2004,10Y,4.182
Tu,1/27/2004,2Y,2.62
Tu,1/27/2004,5Y,3.376
Tu,1/27/2004,10Y,4.173
We,1/28/2004,2Y,2.611
We,1/28/2004,5Y,3.363
We,1/28/2004,10Y,4.167
Th,1/29/2004,2Y,2.754
Th,1/29/2004,5Y,3.514
Th,1/29/2004,10Y,4.284
Fr,1/30/2004,2Y,2.744
Fr,1/30/2004,5Y,3.495
Fr,1/30/2004,10Y,4.262
Mo,2/2/2004,2Y,2.719
Mo,2/2/2004,5Y,3.471
Mo,2/2/2004,10Y,4.254
Tu,2/3/2004,2Y,2.663
Tu,2/3/2004,5Y,3.431
Tu,2/3/2004,10Y,4.228
We,2/4/2004,2Y,2.649
We,2/4/2004,5Y,3.42
We,2/4/2004,10Y,4.217
Th,2/5/2004,2Y,2.628
Th,2/5/2004,5Y,3.4
Th,2/5/2004,10Y,4.196
Fr,2/6/2004,2Y,2.582
Fr,2/6/2004,5Y,3.357
Fr,2/6/2004,10Y,4.161
Mo,2/9/2004,2Y,2.58
Mo,2/9/2004,5Y,3.346
Mo,2/9/2004,10Y,4.149
Tu,2/10/2004,2Y,2.594
Tu,2/10/2004,5Y,3.363
Tu,2/10/2004,10Y,4.155
We,2/11/2004,2Y,2.562
We,2/11/2004,5Y,3.319
We,2/11/2004,10Y,4.129
Th,2/12/2004,2Y,2.545
Th,2/12/2004,5Y,3.32
Th,2/12/2004,10Y,4.135
Fr,2/13/2004,2Y,2.529
Fr,2/13/2004,5Y,3.307
Fr,2/13/2004,10Y,4.118
Mo,2/16/2004,2Y,2.536
Mo,2/16/2004,5Y,3.309
Mo,2/16/2004,10Y,4.127
Tu,2/17/2004,2Y,2.499
Tu,2/17/2004,5Y,3.267
Tu,2/17/2004,10Y,4.1
We,2/18/2004,2Y,2.496
We,2/18/2004,5Y,3.263
We,2/18/2004,10Y,4.097
Th,2/19/2004,2Y,2.53
Th,2/19/2004,5Y,3.307
Th,2/19/2004,10Y,4.133
Fr,2/20/2004,2Y,2.563
Fr,2/20/2004,5Y,3.333
Fr,2/20/2004,10Y,4.149
Mo,2/23/2004,2Y,2.556
Mo,2/23/2004,5Y,3.322
Mo,2/23/2004,10Y,4.141
Tu,2/24/2004,2Y,2.491
Tu,2/24/2004,5Y,3.266
Tu,2/24/2004,10Y,4.101
We,2/25/2004,2Y,2.45
We,2/25/2004,5Y,3.235
We,2/25/2004,10Y,4.096
Th,2/26/2004,2Y,2.457
Th,2/26/2004,5Y,3.24
Th,2/26/2004,10Y,4.102
Fr,2/27/2004,2Y,2.432
Fr,2/27/2004,5Y,3.207
Fr,2/27/2004,10Y,4.067
Mo,3/1/2004,2Y,2.456
Mo,3/1/2004,5Y,3.223
Mo,3/1/2004,10Y,4.069
Tu,3/2/2004,2Y,2.504
Tu,3/2/2004,5Y,3.269
Tu,3/2/2004,10Y,4.091
We,3/3/2004,2Y,2.553
We,3/3/2004,5Y,3.325
We,3/3/2004,10Y,4.139
Th,3/4/2004,2Y,2.514
Th,3/4/2004,5Y,3.282
Th,3/4/2004,10Y,4.116
Fr,3/5/2004,2Y,2.378
Fr,3/5/2004,5Y,3.127
Fr,3/5/2004,10Y,4.003
Mo,3/8/2004,2Y,2.336
Mo,3/8/2004,5Y,3.07
Mo,3/8/2004,10Y,3.946
Tu,3/9/2004,2Y,2.325
Tu,3/9/2004,5Y,3.057
Tu,3/9/2004,10Y,3.931
We,3/10/2004,2Y,2.369
We,3/10/2004,5Y,3.091
We,3/10/2004,10Y,3.949
Th,3/11/2004,2Y,2.351
Th,3/11/2004,5Y,3.073
Th,3/11/2004,10Y,3.935
Fr,3/12/2004,2Y,2.343
Fr,3/12/2004,5Y,3.068
Fr,3/12/2004,10Y,3.927
Mo,3/15/2004,2Y,2.323
Mo,3/15/2004,5Y,3.052
Mo,3/15/2004,10Y,3.913
Tu,3/16/2004,2Y,2.352
Tu,3/16/2004,5Y,3.096
Tu,3/16/2004,10Y,3.952
We,3/17/2004,2Y,2.299
We,3/17/2004,5Y,3.051
We,3/17/2004,10Y,3.917
Th,3/18/2004,2Y,2.278
Th,3/18/2004,5Y,3.038
Th,3/18/2004,10Y,3.91
Fr,3/19/2004,2Y,2.279
Fr,3/19/2004,5Y,3.046
Fr,3/19/2004,10Y,3.914
Mo,3/22/2004,2Y,2.255
Mo,3/22/2004,5Y,3.018
Mo,3/22/2004,10Y,3.891
Tu,3/23/2004,2Y,2.283
Tu,3/23/2004,5Y,3.04
Tu,3/23/2004,10Y,3.965
We,3/24/2004,2Y,2.229
We,3/24/2004,5Y,2.991
We,3/24/2004,10Y,3.937
Th,3/25/2004,2Y,2.195
Th,3/25/2004,5Y,2.958
Th,3/25/2004,10Y,3.925
Fr,3/26/2004,2Y,2.216
Fr,3/26/2004,5Y,2.989
Fr,3/26/2004,10Y,3.951
Mo,3/29/2004,2Y,2.289
Mo,3/29/2004,5Y,3.081
Mo,3/29/2004,10Y,4.038
Tu,3/30/2004,2Y,2.274
Tu,3/30/2004,5Y,3.068
Tu,3/30/2004,10Y,4.024
We,3/31/2004,2Y,2.28
We,3/31/2004,5Y,3.05
We,3/31/2004,10Y,4.01
Th,4/1/2004,2Y,2.338
Th,4/1/2004,5Y,3.095
Th,4/1/2004,10Y,4.038
Fr,4/2/2004,2Y,2.502
Fr,4/2/2004,5Y,3.274
Fr,4/2/2004,10Y,4.161
Mo,4/5/2004,2Y,2.502
Mo,4/5/2004,5Y,3.289
Mo,4/5/2004,10Y,4.128
Tu,4/6/2004,2Y,2.45
Tu,4/6/2004,5Y,3.244
Tu,4/6/2004,10Y,4.104
We,4/7/2004,2Y,2.415
We,4/7/2004,5Y,3.213
We,4/7/2004,10Y,4.079
Th,4/8/2004,2Y,2.422
Th,4/8/2004,5Y,3.227
Th,4/8/2004,10Y,4.091
Fr,4/9/2004,2Y,2.419
Fr,4/9/2004,5Y,3.228
Fr,4/9/2004,10Y,4.09
Mo,4/12/2004,2Y,2.419
Mo,4/12/2004,5Y,3.227
Mo,4/12/2004,10Y,4.09
Tu,4/13/2004,2Y,2.508
Tu,4/13/2004,5Y,3.322
Tu,4/13/2004,10Y,4.168
We,4/14/2004,2Y,2.544
We,4/14/2004,5Y,3.355
We,4/14/2004,10Y,4.191
Th,4/15/2004,2Y,2.543
Th,4/15/2004,5Y,3.35
Th,4/15/2004,10Y,4.179
Fr,4/16/2004,2Y,2.5
Fr,4/16/2004,5Y,3.299
Fr,4/16/2004,10Y,4.189
Mo,4/19/2004,2Y,2.496
Mo,4/19/2004,5Y,3.292
Mo,4/19/2004,10Y,4.192
Tu,4/20/2004,2Y,2.53
Tu,4/20/2004,5Y,3.327
Tu,4/20/2004,10Y,4.228
We,4/21/2004,2Y,2.556
We,4/21/2004,5Y,3.354
We,4/21/2004,10Y,4.244
Th,4/22/2004,2Y,2.536
Th,4/22/2004,5Y,3.339
Th,4/22/2004,10Y,4.239
Fr,4/23/2004,2Y,2.566
Fr,4/23/2004,5Y,3.372
Fr,4/23/2004,10Y,4.259
Mo,4/26/2004,2Y,2.59
Mo,4/26/2004,5Y,3.384
Mo,4/26/2004,10Y,4.259
Tu,4/27/2004,2Y,2.601
Tu,4/27/2004,5Y,3.396
Tu,4/27/2004,10Y,4.261
We,4/28/2004,2Y,2.611
We,4/28/2004,5Y,3.404
We,4/28/2004,10Y,4.266
Th,4/29/2004,2Y,2.605
Th,4/29/2004,5Y,3.401
Th,4/29/2004,10Y,4.271
Fr,4/30/2004,2Y,2.581
Fr,4/30/2004,5Y,3.375
Fr,4/30/2004,10Y,4.246
Mo,5/3/2004,2Y,2.562
Mo,5/3/2004,5Y,3.348
Mo,5/3/2004,10Y,4.222
Tu,5/4/2004,2Y,2.572
Tu,5/4/2004,5Y,3.363
Tu,5/4/2004,10Y,4.23
We,5/5/2004,2Y,2.55
We,5/5/2004,5Y,3.353
We,5/5/2004,10Y,4.236
Th,5/6/2004,2Y,2.62
Th,5/6/2004,5Y,3.415
Th,5/6/2004,10Y,4.288
Fr,5/7/2004,2Y,2.735
Fr,5/7/2004,5Y,3.524
Fr,5/7/2004,10Y,4.372
Mo,5/10/2004,2Y,2.723
Mo,5/10/2004,5Y,3.517
Mo,5/10/2004,10Y,4.36
Tu,5/11/2004,2Y,2.717
Tu,5/11/2004,5Y,3.519
Tu,5/11/2004,10Y,4.36
We,5/12/2004,2Y,2.73
We,5/12/2004,5Y,3.541
We,5/12/2004,10Y,4.393
Th,5/13/2004,2Y,2.755
Th,5/13/2004,5Y,3.571
Th,5/13/2004,10Y,4.41
Fr,5/14/2004,2Y,2.721
Fr,5/14/2004,5Y,3.537
Fr,5/14/2004,10Y,4.37
Mo,5/17/2004,2Y,2.667
Mo,5/17/2004,5Y,3.488
Mo,5/17/2004,10Y,4.334
Tu,5/18/2004,2Y,2.685
Tu,5/18/2004,5Y,3.509
Tu,5/18/2004,10Y,4.355
We,5/19/2004,2Y,2.732
We,5/19/2004,5Y,3.563
We,5/19/2004,10Y,4.403
Th,5/20/2004,2Y,2.717
Th,5/20/2004,5Y,3.54
Th,5/20/2004,10Y,4.387
Fr,5/21/2004,2Y,2.697
Fr,5/21/2004,5Y,3.526
Fr,5/21/2004,10Y,4.372
Mo,5/24/2004,2Y,2.724
Mo,5/24/2004,5Y,3.548
Mo,5/24/2004,10Y,4.398
Tu,5/25/2004,2Y,2.702
Tu,5/25/2004,5Y,3.524
Tu,5/25/2004,10Y,4.383
We,5/26/2004,2Y,2.682
We,5/26/2004,5Y,3.493
We,5/26/2004,10Y,4.353
Th,5/27/2004,2Y,2.616
Th,5/27/2004,5Y,3.43
Th,5/27/2004,10Y,4.307
Fr,5/28/2004,2Y,2.68
Fr,5/28/2004,5Y,3.493
Fr,5/28/2004,10Y,4.354
Mo,5/31/2004,2Y,2.726
Mo,5/31/2004,5Y,3.543
Mo,5/31/2004,10Y,4.4
Tu,6/1/2004,2Y,2.725
Tu,6/1/2004,5Y,3.54
Tu,6/1/2004,10Y,4.397
We,6/2/2004,2Y,2.737
We,6/2/2004,5Y,3.552
We,6/2/2004,10Y,4.41
Th,6/3/2004,2Y,2.74
Th,6/3/2004,5Y,3.557
Th,6/3/2004,10Y,4.411
Fr,6/4/2004,2Y,2.76
Fr,6/4/2004,5Y,3.571
Fr,6/4/2004,10Y,4.419
Mo,6/7/2004,2Y,2.753
Mo,6/7/2004,5Y,3.565
Mo,6/7/2004,10Y,4.407
Tu,6/8/2004,2Y,2.744
Tu,6/8/2004,5Y,3.552
Tu,6/8/2004,10Y,4.389
We,6/9/2004,2Y,2.775
We,6/9/2004,5Y,3.593
We,6/9/2004,10Y,4.423
Th,6/10/2004,2Y,2.814
Th,6/10/2004,5Y,3.622
Th,6/10/2004,10Y,4.428
Fr,6/11/2004,2Y,2.875
Fr,6/11/2004,5Y,3.672
Fr,6/11/2004,10Y,4.452
Mo,6/14/2004,2Y,2.885
Mo,6/14/2004,5Y,3.677
Mo,6/14/2004,10Y,4.447
Tu,6/15/2004,2Y,2.797
Tu,6/15/2004,5Y,3.579
Tu,6/15/2004,10Y,4.361
We,6/16/2004,2Y,2.838
We,6/16/2004,5Y,3.621
We,6/16/2004,10Y,4.398
Th,6/17/2004,2Y,2.865
Th,6/17/2004,5Y,3.642
Th,6/17/2004,10Y,4.409
Fr,6/18/2004,2Y,2.816
Fr,6/18/2004,5Y,3.699
Fr,6/18/2004,10Y,4.377
Mo,6/21/2004,2Y,2.808
Mo,6/21/2004,5Y,3.683
Mo,6/21/2004,10Y,4.364
Tu,6/22/2004,2Y,2.827
Tu,6/22/2004,5Y,3.709
Tu,6/22/2004,10Y,4.386
We,6/23/2004,2Y,2.81
We,6/23/2004,5Y,3.701
We,6/23/2004,10Y,4.384
Th,6/24/2004,2Y,2.741
Th,6/24/2004,5Y,3.625
Th,6/24/2004,10Y,4.32
Fr,6/25/2004,2Y,2.751
Fr,6/25/2004,5Y,3.648
Fr,6/25/2004,10Y,4.344
Mo,6/28/2004,2Y,2.799
Mo,6/28/2004,5Y,3.702
Mo,6/28/2004,10Y,4.39
Tu,6/29/2004,2Y,2.809
Tu,6/29/2004,5Y,3.709
Tu,6/29/2004,10Y,4.39
We,6/30/2004,2Y,2.754
We,6/30/2004,5Y,3.651
We,6/30/2004,10Y,4.337
Th,7/1/2004,2Y,2.732
Th,7/1/2004,5Y,3.645
Th,7/1/2004,10Y,4.339
Fr,7/2/2004,2Y,2.659
Fr,7/2/2004,5Y,3.569
Fr,7/2/2004,10Y,4.284
Mo,7/5/2004,2Y,2.657
Mo,7/5/2004,5Y,3.568
Mo,7/5/2004,10Y,4.284
Tu,7/6/2004,2Y,2.664
Tu,7/6/2004,5Y,3.57
Tu,7/6/2004,10Y,4.283
We,7/7/2004,2Y,2.627
We,7/7/2004,5Y,3.537
We,7/7/2004,10Y,4.257
Th,7/8/2004,2Y,2.628
Th,7/8/2004,5Y,3.533
Th,7/8/2004,10Y,4.253
Fr,7/9/2004,2Y,2.633
Fr,7/9/2004,5Y,3.537
Fr,7/9/2004,10Y,4.255
Mo,7/12/2004,2Y,2.622
Mo,7/12/2004,5Y,3.52
Mo,7/12/2004,10Y,4.24
Tu,7/13/2004,2Y,2.678
Tu,7/13/2004,5Y,3.582
Tu,7/13/2004,10Y,4.287
We,7/14/2004,2Y,2.666
We,7/14/2004,5Y,3.567
We,7/14/2004,10Y,4.277
Th,7/15/2004,2Y,2.67
Th,7/15/2004,5Y,3.569
Th,7/15/2004,10Y,4.278
Fr,7/16/2004,2Y,2.593
Fr,7/16/2004,5Y,3.491
Fr,7/16/2004,10Y,4.216
Mo,7/19/2004,2Y,2.585
Mo,7/19/2004,5Y,3.491
Mo,7/19/2004,10Y,4.216
Tu,7/20/2004,2Y,2.601
Tu,7/20/2004,5Y,3.508
Tu,7/20/2004,10Y,4.234
We,7/21/2004,2Y,2.691
We,7/21/2004,5Y,3.603
We,7/21/2004,10Y,4.304
Th,7/22/2004,2Y,2.656
Th,7/22/2004,5Y,3.563
Th,7/22/2004,10Y,4.272
Fr,7/23/2004,2Y,2.675
Fr,7/23/2004,5Y,3.576
Fr,7/23/2004,10Y,4.267
Mo,7/26/2004,2Y,2.711
Mo,7/26/2004,5Y,3.611
Mo,7/26/2004,10Y,4.293
Tu,7/27/2004,2Y,2.736
Tu,7/27/2004,5Y,3.636
Tu,7/27/2004,10Y,4.312
We,7/28/2004,2Y,2.736
We,7/28/2004,5Y,3.635
We,7/28/2004,10Y,4.319
Th,7/29/2004,2Y,2.709
Th,7/29/2004,5Y,3.609
Th,7/29/2004,10Y,4.295
Fr,7/30/2004,2Y,2.647
Fr,7/30/2004,5Y,3.539
Fr,7/30/2004,10Y,4.235
Mo,8/2/2004,2Y,2.625
Mo,8/2/2004,5Y,3.517
Mo,8/2/2004,10Y,4.217
Tu,8/3/2004,2Y,2.615
Tu,8/3/2004,5Y,3.51
Tu,8/3/2004,10Y,4.211
We,8/4/2004,2Y,2.596
We,8/4/2004,5Y,3.485
We,8/4/2004,10Y,4.194
Th,8/5/2004,2Y,2.564
Th,8/5/2004,5Y,3.454
Th,8/5/2004,10Y,4.168
Fr,8/6/2004,2Y,2.483
Fr,8/6/2004,5Y,3.358
Fr,8/6/2004,10Y,4.091
Mo,8/9/2004,2Y,2.492
Mo,8/9/2004,5Y,3.366
Mo,8/9/2004,10Y,4.097
Tu,8/10/2004,2Y,2.489
Tu,8/10/2004,5Y,3.357
Tu,8/10/2004,10Y,4.084
We,8/11/2004,2Y,2.513
We,8/11/2004,5Y,3.387
We,8/11/2004,10Y,4.109
Th,8/12/2004,2Y,2.495
Th,8/12/2004,5Y,3.366
Th,8/12/2004,10Y,4.088
Fr,8/13/2004,2Y,2.464
Fr,8/13/2004,5Y,3.336
Fr,8/13/2004,10Y,4.065
Mo,8/16/2004,2Y,2.504
Mo,8/16/2004,5Y,3.379
Mo,8/16/2004,10Y,4.108
Tu,8/17/2004,2Y,2.481
Tu,8/17/2004,5Y,3.355
Tu,8/17/2004,10Y,4.085
We,8/18/2004,2Y,2.49
We,8/18/2004,5Y,3.369
We,8/18/2004,10Y,4.102
Th,8/19/2004,2Y,2.485
Th,8/19/2004,5Y,3.359
Th,8/19/2004,10Y,4.094
Fr,8/20/2004,2Y,2.471
Fr,8/20/2004,5Y,3.345
Fr,8/20/2004,10Y,4.083
Mo,8/23/2004,2Y,2.526
Mo,8/23/2004,5Y,3.406
Mo,8/23/2004,10Y,4.138
Tu,8/24/2004,2Y,2.536
Tu,8/24/2004,5Y,3.409
Tu,8/24/2004,10Y,4.133
We,8/25/2004,2Y,2.501
We,8/25/2004,5Y,3.371
We,8/25/2004,10Y,4.094
Th,8/26/2004,2Y,2.492
Th,8/26/2004,5Y,3.356
Th,8/26/2004,10Y,4.085
Fr,8/27/2004,2Y,2.484
Fr,8/27/2004,5Y,3.353
Fr,8/27/2004,10Y,4.088
Mo,8/30/2004,2Y,2.49
Mo,8/30/2004,5Y,3.352
Mo,8/30/2004,10Y,4.082
Tu,8/31/2004,2Y,2.448
Tu,8/31/2004,5Y,3.301
Tu,8/31/2004,10Y,4.04
We,9/1/2004,2Y,2.465
We,9/1/2004,5Y,3.321
We,9/1/2004,10Y,4.059
Th,9/2/2004,2Y,2.516
Th,9/2/2004,5Y,3.359
Th,9/2/2004,10Y,4.09
Fr,9/3/2004,2Y,2.623
Fr,9/3/2004,5Y,3.466
Fr,9/3/2004,10Y,4.168
Mo,9/6/2004,2Y,2.62
Mo,9/6/2004,5Y,3.457
Mo,9/6/2004,10Y,4.154
Tu,9/7/2004,2Y,2.659
Tu,9/7/2004,5Y,3.475
Tu,9/7/2004,10Y,4.16
We,9/8/2004,2Y,2.655
We,9/8/2004,5Y,3.463
We,9/8/2004,10Y,4.196
Th,9/9/2004,2Y,2.607
Th,9/9/2004,5Y,3.402
Th,9/9/2004,10Y,4.141
Fr,9/10/2004,2Y,2.578
Fr,9/10/2004,5Y,3.373
Fr,9/10/2004,10Y,4.119
Mo,9/13/2004,2Y,2.616
Mo,9/13/2004,5Y,3.396
Mo,9/13/2004,10Y,4.13
Tu,9/14/2004,2Y,2.59
Tu,9/14/2004,5Y,3.376
Tu,9/14/2004,10Y,4.118
We,9/15/2004,2Y,2.605
We,9/15/2004,5Y,3.388
We,9/15/2004,10Y,4.124
Th,9/16/2004,2Y,2.595
Th,9/16/2004,5Y,3.38
Th,9/16/2004,10Y,4.112
Fr,9/17/2004,2Y,2.572
Fr,9/17/2004,5Y,3.349
Fr,9/17/2004,10Y,4.087
Mo,9/20/2004,2Y,2.574
Mo,9/20/2004,5Y,3.334
Mo,9/20/2004,10Y,4.072
Tu,9/21/2004,2Y,2.583
Tu,9/21/2004,5Y,3.342
Tu,9/21/2004,10Y,4.077
We,9/22/2004,2Y,2.559
We,9/22/2004,5Y,3.305
We,9/22/2004,10Y,4.035
Th,9/23/2004,2Y,2.521
Th,9/23/2004,5Y,3.267
Th,9/23/2004,10Y,4.014
Fr,9/24/2004,2Y,2.558
Fr,9/24/2004,5Y,3.3
Fr,9/24/2004,10Y,4.035
Mo,9/27/2004,2Y,2.532
Mo,9/27/2004,5Y,3.264
Mo,9/27/2004,10Y,4.006
Tu,9/28/2004,2Y,2.549
Tu,9/28/2004,5Y,3.279
Tu,9/28/2004,10Y,4.019
We,9/29/2004,2Y,2.569
We,9/29/2004,5Y,3.316
We,9/29/2004,10Y,4.058
Th,9/30/2004,2Y,2.539
Th,9/30/2004,5Y,3.299
Th,9/30/2004,10Y,4.056
Fr,10/1/2004,2Y,2.536
Fr,10/1/2004,5Y,3.323
Fr,10/1/2004,10Y,4.088
Mo,10/4/2004,2Y,2.571
Mo,10/4/2004,5Y,3.347
Mo,10/4/2004,10Y,4.097
Tu,10/5/2004,2Y,2.537
Tu,10/5/2004,5Y,3.302
Tu,10/5/2004,10Y,4.06
We,10/6/2004,2Y,2.536
We,10/6/2004,5Y,3.298
We,10/6/2004,10Y,4.054
Th,10/7/2004,2Y,2.541
Th,10/7/2004,5Y,3.316
Th,10/7/2004,10Y,4.078
Fr,10/8/2004,2Y,2.463
Fr,10/8/2004,5Y,3.229
Fr,10/8/2004,10Y,4.005
Mo,10/11/2004,2Y,2.462
Mo,10/11/2004,5Y,3.233
Mo,10/11/2004,10Y,4.015
Tu,10/12/2004,2Y,2.433
Tu,10/12/2004,5Y,3.19
Tu,10/12/2004,10Y,3.971
We,10/13/2004,2Y,2.433
We,10/13/2004,5Y,3.192
We,10/13/2004,10Y,3.972
Th,10/14/2004,2Y,2.408
Th,10/14/2004,5Y,3.164
Th,10/14/2004,10Y,3.947
Fr,10/15/2004,2Y,2.398
Fr,10/15/2004,5Y,3.167
Fr,10/15/2004,10Y,3.963
Mo,10/18/2004,2Y,2.389
Mo,10/18/2004,5Y,3.151
Mo,10/18/2004,10Y,3.951
Tu,10/19/2004,2Y,2.396
Tu,10/19/2004,5Y,3.167
Tu,10/19/2004,10Y,3.974
We,10/20/2004,2Y,2.362
We,10/20/2004,5Y,3.116
We,10/20/2004,10Y,3.925
Th,10/21/2004,2Y,2.377
Th,10/21/2004,5Y,3.125
Th,10/21/2004,10Y,3.929
Fr,10/22/2004,2Y,2.382
Fr,10/22/2004,5Y,3.126
Fr,10/22/2004,10Y,3.921
Mo,10/25/2004,2Y,2.349
Mo,10/25/2004,5Y,3.09
Mo,10/25/2004,10Y,3.887
Tu,10/26/2004,2Y,2.352
Tu,10/26/2004,5Y,3.09
Tu,10/26/2004,10Y,3.887
We,10/27/2004,2Y,2.378
We,10/27/2004,5Y,3.116
We,10/27/2004,10Y,3.905
Th,10/28/2004,2Y,2.399
Th,10/28/2004,5Y,3.151
Th,10/28/2004,10Y,3.944
Fr,10/29/2004,2Y,2.391
Fr,10/29/2004,5Y,3.137
Fr,10/29/2004,10Y,3.93
Mo,11/1/2004,2Y,2.378
Mo,11/1/2004,5Y,3.127
Mo,11/1/2004,10Y,3.926
Tu,11/2/2004,2Y,2.423
Tu,11/2/2004,5Y,3.173
Tu,11/2/2004,10Y,3.963
We,11/3/2004,2Y,2.413
We,11/3/2004,5Y,3.151
We,11/3/2004,10Y,3.949
Th,11/4/2004,2Y,2.371
Th,11/4/2004,5Y,3.098
Th,11/4/2004,10Y,3.899
Fr,11/5/2004,2Y,2.454
Fr,11/5/2004,5Y,3.172
Fr,11/5/2004,10Y,3.96
Mo,11/8/2004,2Y,2.462
Mo,11/8/2004,5Y,3.168
Mo,11/8/2004,10Y,3.951
Tu,11/9/2004,2Y,2.415
Tu,11/9/2004,5Y,3.119
Tu,11/9/2004,10Y,3.913
We,11/10/2004,2Y,2.414
We,11/10/2004,5Y,3.126
We,11/10/2004,10Y,3.92
Th,11/11/2004,2Y,2.358
Th,11/11/2004,5Y,3.064
Th,11/11/2004,10Y,3.867
Fr,11/12/2004,2Y,2.329
Fr,11/12/2004,5Y,3.028
Fr,11/12/2004,10Y,3.826
Mo,11/15/2004,2Y,2.362
Mo,11/15/2004,5Y,3.043
Mo,11/15/2004,10Y,3.826
Tu,11/16/2004,2Y,2.378
Tu,11/16/2004,5Y,3.042
Tu,11/16/2004,10Y,3.801
We,11/17/2004,2Y,2.38
We,11/17/2004,5Y,3.051
We,11/17/2004,10Y,3.816
Th,11/18/2004,2Y,2.422
Th,11/18/2004,5Y,3.097
Th,11/18/2004,10Y,3.864
Fr,11/19/2004,2Y,2.404
Fr,11/19/2004,5Y,3.074
Fr,11/19/2004,10Y,3.837
Mo,11/22/2004,2Y,2.378
Mo,11/22/2004,5Y,3.039
Mo,11/22/2004,10Y,3.812
Tu,11/23/2004,2Y,2.359
Tu,11/23/2004,5Y,3.019
Tu,11/23/2004,10Y,3.795
We,11/24/2004,2Y,2.341
We,11/24/2004,5Y,3.01
We,11/24/2004,10Y,3.796
Th,11/25/2004,2Y,2.302
Th,11/25/2004,5Y,2.976
Th,11/25/2004,10Y,3.768
Fr,11/26/2004,2Y,2.302
Fr,11/26/2004,5Y,2.98
Fr,11/26/2004,10Y,3.769
Mo,11/29/2004,2Y,2.338
Mo,11/29/2004,5Y,3.025
Mo,11/29/2004,10Y,3.813
Tu,11/30/2004,2Y,2.32
Tu,11/30/2004,5Y,3.003
Tu,11/30/2004,10Y,3.791
We,12/1/2004,2Y,2.296
We,12/1/2004,5Y,2.981
We,12/1/2004,10Y,3.774
Th,12/2/2004,2Y,2.358
Th,12/2/2004,5Y,3.051
Th,12/2/2004,10Y,3.826
Fr,12/3/2004,2Y,2.292
Fr,12/3/2004,5Y,2.958
Fr,12/3/2004,10Y,3.747
Mo,12/6/2004,2Y,2.253
Mo,12/6/2004,5Y,2.914
Mo,12/6/2004,10Y,3.704
Tu,12/7/2004,2Y,2.247
Tu,12/7/2004,5Y,2.886
Tu,12/7/2004,10Y,3.674
We,12/8/2004,2Y,2.25
We,12/8/2004,5Y,2.869
We,12/8/2004,10Y,3.643
Th,12/9/2004,2Y,2.258
Th,12/9/2004,5Y,2.857
Th,12/9/2004,10Y,3.616
Fr,12/10/2004,2Y,2.262
Fr,12/10/2004,5Y,2.857
Fr,12/10/2004,10Y,3.605
Mo,12/13/2004,2Y,2.253
Mo,12/13/2004,5Y,2.847
Mo,12/13/2004,10Y,3.588
Tu,12/14/2004,2Y,2.27
Tu,12/14/2004,5Y,2.856
Tu,12/14/2004,10Y,3.589
We,12/15/2004,2Y,2.251
We,12/15/2004,5Y,2.813
We,12/15/2004,10Y,3.53
Th,12/16/2004,2Y,2.297
Th,12/16/2004,5Y,2.879
Th,12/16/2004,10Y,3.566
Fr,12/17/2004,2Y,2.34
Fr,12/17/2004,5Y,2.932
Fr,12/17/2004,10Y,3.611
Mo,12/20/2004,2Y,2.317
Mo,12/20/2004,5Y,2.888
Mo,12/20/2004,10Y,3.589
Tu,12/21/2004,2Y,2.364
Tu,12/21/2004,5Y,2.937
Tu,12/21/2004,10Y,3.618
We,12/22/2004,2Y,2.385
We,12/22/2004,5Y,2.952
We,12/22/2004,10Y,3.622
Th,12/23/2004,2Y,2.344
Th,12/23/2004,5Y,2.901
Th,12/23/2004,10Y,3.589
Fr,12/24/2004,2Y,2.342
Fr,12/24/2004,5Y,2.903
Fr,12/24/2004,10Y,3.592
Mo,12/27/2004,2Y,2.353
Mo,12/27/2004,5Y,2.918
Mo,12/27/2004,10Y,3.612
Tu,12/28/2004,2Y,2.388
Tu,12/28/2004,5Y,2.974
Tu,12/28/2004,10Y,3.67
We,12/29/2004,2Y,2.422
We,12/29/2004,5Y,3.03
We,12/29/2004,10Y,3.709
Th,12/30/2004,2Y,2.384
Th,12/30/2004,5Y,2.982
Th,12/30/2004,10Y,3.679
Fr,12/31/2004,2Y,2.378
Fr,12/31/2004,5Y,2.98
Fr,12/31/2004,10Y,3.677
Mo,1/3/2005,2Y,2.37
Mo,1/3/2005,5Y,2.949
Mo,1/3/2005,10Y,3.631
Tu,1/4/2005,2Y,2.39
Tu,1/4/2005,5Y,2.977
Tu,1/4/2005,10Y,3.646
We,1/5/2005,2Y,2.381
We,1/5/2005,5Y,2.972
We,1/5/2005,10Y,3.649
Th,1/6/2005,2Y,2.345
Th,1/6/2005,5Y,2.93
Th,1/6/2005,10Y,3.621
Fr,1/7/2005,2Y,2.34
Fr,1/7/2005,5Y,2.927
Fr,1/7/2005,10Y,3.606
Mo,1/10/2005,2Y,2.325
Mo,1/10/2005,5Y,2.907
Mo,1/10/2005,10Y,3.588
Tu,1/11/2005,2Y,2.334
Tu,1/11/2005,5Y,2.914
Tu,1/11/2005,10Y,3.596
We,1/12/2005,2Y,2.335
We,1/12/2005,5Y,2.917
We,1/12/2005,10Y,3.597
Th,1/13/2005,2Y,2.289
Th,1/13/2005,5Y,2.864
Th,1/13/2005,10Y,3.557
Fr,1/14/2005,2Y,2.298
Fr,1/14/2005,5Y,2.876
Fr,1/14/2005,10Y,3.555
Mo,1/17/2005,2Y,2.297
Mo,1/17/2005,5Y,2.871
Mo,1/17/2005,10Y,3.541
Tu,1/18/2005,2Y,2.302
Tu,1/18/2005,5Y,2.878
Tu,1/18/2005,10Y,3.537
We,1/19/2005,2Y,2.3
We,1/19/2005,5Y,2.864
We,1/19/2005,10Y,3.518
Th,1/20/2005,2Y,2.325
Th,1/20/2005,5Y,2.907
Th,1/20/2005,10Y,3.569
Fr,1/21/2005,2Y,2.305
Fr,1/21/2005,5Y,2.888
Fr,1/21/2005,10Y,3.567
Mo,1/24/2005,2Y,2.287
Mo,1/24/2005,5Y,2.872
Mo,1/24/2005,10Y,3.541
Tu,1/25/2005,2Y,2.291
Tu,1/25/2005,5Y,2.884
Tu,1/25/2005,10Y,3.547
We,1/26/2005,2Y,2.3
We,1/26/2005,5Y,2.903
We,1/26/2005,10Y,3.558
Th,1/27/2005,2Y,2.323
Th,1/27/2005,5Y,2.932
Th,1/27/2005,10Y,3.584
Fr,1/28/2005,2Y,2.286
Fr,1/28/2005,5Y,2.881
Fr,1/28/2005,10Y,3.541
Mo,1/31/2005,2Y,2.293
Mo,1/31/2005,5Y,2.884
Mo,1/31/2005,10Y,3.538
Tu,2/1/2005,2Y,2.295
Tu,2/1/2005,5Y,2.882
Tu,2/1/2005,10Y,3.529
We,2/2/2005,2Y,2.308
We,2/2/2005,5Y,2.899
We,2/2/2005,10Y,3.545
Th,2/3/2005,2Y,2.323
Th,2/3/2005,5Y,2.922
Th,2/3/2005,10Y,3.557
Fr,2/4/2005,2Y,2.297
Fr,2/4/2005,5Y,2.876
Fr,2/4/2005,10Y,3.49
Mo,2/7/2005,2Y,2.315
Mo,2/7/2005,5Y,2.883
Mo,2/7/2005,10Y,3.478
Tu,2/8/2005,2Y,2.544
Tu,2/8/2005,5Y,3.032
Tu,2/8/2005,10Y,3.503
We,2/9/2005,2Y,2.518
We,2/9/2005,5Y,3.009
We,2/9/2005,10Y,3.483
Th,2/10/2005,2Y,2.492
Th,2/10/2005,5Y,2.996
Th,2/10/2005,10Y,3.484
Fr,2/11/2005,2Y,2.494
Fr,2/11/2005,5Y,2.999
Fr,2/11/2005,10Y,3.5
Mo,2/14/2005,2Y,2.513
Mo,2/14/2005,5Y,3.022
Mo,2/14/2005,10Y,3.525
Tu,2/15/2005,2Y,2.545
Tu,2/15/2005,5Y,3.056
Tu,2/15/2005,10Y,3.549
We,2/16/2005,2Y,2.554
We,2/16/2005,5Y,3.079
We,2/16/2005,10Y,3.583
Th,2/17/2005,2Y,2.564
Th,2/17/2005,5Y,3.098
Th,2/17/2005,10Y,3.608
Fr,2/18/2005,2Y,2.614
Fr,2/18/2005,5Y,3.182
Fr,2/18/2005,10Y,3.702
Mo,2/21/2005,2Y,2.634
Mo,2/21/2005,5Y,3.215
Mo,2/21/2005,10Y,3.738
Tu,2/22/2005,2Y,2.618
Tu,2/22/2005,5Y,3.204
Tu,2/22/2005,10Y,3.733
We,2/23/2005,2Y,2.603
We,2/23/2005,5Y,3.196
We,2/23/2005,10Y,3.731
Th,2/24/2005,2Y,2.616
Th,2/24/2005,5Y,3.217
Th,2/24/2005,10Y,3.76
Fr,2/25/2005,2Y,2.62
Fr,2/25/2005,5Y,3.21
Fr,2/25/2005,10Y,3.744
Mo,2/28/2005,2Y,2.617
Mo,2/28/2005,5Y,3.212
Mo,2/28/2005,10Y,3.752
Tu,3/1/2005,2Y,2.611
Tu,3/1/2005,5Y,3.22
Tu,3/1/2005,10Y,3.769
We,3/2/2005,2Y,2.62
We,3/2/2005,5Y,3.247
We,3/2/2005,10Y,3.811
Th,3/3/2005,2Y,2.598
Th,3/3/2005,5Y,3.222
Th,3/3/2005,10Y,3.795
Fr,3/4/2005,2Y,2.554
Fr,3/4/2005,5Y,3.153
Fr,3/4/2005,10Y,3.731
Mo,3/7/2005,2Y,2.52
Mo,3/7/2005,5Y,3.121
Mo,3/7/2005,10Y,3.703
Tu,3/8/2005,2Y,2.533
Tu,3/8/2005,5Y,3.157
Tu,3/8/2005,10Y,3.748
We,3/9/2005,2Y,2.563
We,3/9/2005,5Y,3.207
We,3/9/2005,10Y,3.798
Th,3/10/2005,2Y,2.567
Th,3/10/2005,5Y,3.215
Th,3/10/2005,10Y,3.813
Fr,3/11/2005,2Y,2.553
Fr,3/11/2005,5Y,3.202
Fr,3/11/2005,10Y,3.803
Mo,3/14/2005,2Y,2.571
Mo,3/14/2005,5Y,3.219
Mo,3/14/2005,10Y,3.807
Tu,3/15/2005,2Y,2.546
Tu,3/15/2005,5Y,3.177
Tu,3/15/2005,10Y,3.747
We,3/16/2005,2Y,2.572
We,3/16/2005,5Y,3.166
We,3/16/2005,10Y,3.706
Th,3/17/2005,2Y,2.584
Th,3/17/2005,5Y,3.177
Th,3/17/2005,10Y,3.718
Fr,3/18/2005,2Y,2.602
Fr,3/18/2005,5Y,3.203
Fr,3/18/2005,10Y,3.743
Mo,3/21/2005,2Y,2.586
Mo,3/21/2005,5Y,3.146
Mo,3/21/2005,10Y,3.772
Tu,3/22/2005,2Y,2.559
Tu,3/22/2005,5Y,3.108
Tu,3/22/2005,10Y,3.728
We,3/23/2005,2Y,2.598
We,3/23/2005,5Y,3.153
We,3/23/2005,10Y,3.779
Th,3/24/2005,2Y,2.591
Th,3/24/2005,5Y,3.132
Th,3/24/2005,10Y,3.748
Fr,3/25/2005,2Y,2.59
Fr,3/25/2005,5Y,3.136
Fr,3/25/2005,10Y,3.75
Mo,3/28/2005,2Y,2.591
Mo,3/28/2005,5Y,3.136
Mo,3/28/2005,10Y,3.75
Tu,3/29/2005,2Y,2.587
Tu,3/29/2005,5Y,3.133
Tu,3/29/2005,10Y,3.744
We,3/30/2005,2Y,2.548
We,3/30/2005,5Y,3.09
We,3/30/2005,10Y,3.712
Th,3/31/2005,2Y,2.491
Th,3/31/2005,5Y,3.026
Th,3/31/2005,10Y,3.66
Fr,4/1/2005,2Y,2.469
Fr,4/1/2005,5Y,3.004
Fr,4/1/2005,10Y,3.654
Mo,4/4/2005,2Y,2.458
Mo,4/4/2005,5Y,2.985
Mo,4/4/2005,10Y,3.623
Tu,4/5/2005,2Y,2.464
Tu,4/5/2005,5Y,2.996
Tu,4/5/2005,10Y,3.638
We,4/6/2005,2Y,2.448
We,4/6/2005,5Y,2.979
We,4/6/2005,10Y,3.63
Th,4/7/2005,2Y,2.409
Th,4/7/2005,5Y,2.936
Th,4/7/2005,10Y,3.59
Fr,4/8/2005,2Y,2.409
Fr,4/8/2005,5Y,2.95
Fr,4/8/2005,10Y,3.622
Mo,4/11/2005,2Y,2.396
Mo,4/11/2005,5Y,2.936
Mo,4/11/2005,10Y,3.599
Tu,4/12/2005,2Y,2.402
Tu,4/12/2005,5Y,2.935
Tu,4/12/2005,10Y,3.588
We,4/13/2005,2Y,2.387
We,4/13/2005,5Y,2.911
We,4/13/2005,10Y,3.558
Th,4/14/2005,2Y,2.387
Th,4/14/2005,5Y,2.919
Th,4/14/2005,10Y,3.575
Fr,4/15/2005,2Y,2.343
Fr,4/15/2005,5Y,2.875
Fr,4/15/2005,10Y,3.536
Mo,4/18/2005,2Y,2.319
Mo,4/18/2005,5Y,2.842
Mo,4/18/2005,10Y,3.503
Tu,4/19/2005,2Y,2.301
Tu,4/19/2005,5Y,2.82
Tu,4/19/2005,10Y,3.483
We,4/20/2005,2Y,2.307
We,4/20/2005,5Y,2.828
We,4/20/2005,10Y,3.497
Th,4/21/2005,2Y,2.322
Th,4/21/2005,5Y,2.851
Th,4/21/2005,10Y,3.526
Fr,4/22/2005,2Y,2.309
Fr,4/22/2005,5Y,2.833
Fr,4/22/2005,10Y,3.51
Mo,4/25/2005,2Y,2.306
Mo,4/25/2005,5Y,2.822
Mo,4/25/2005,10Y,3.489
Tu,4/26/2005,2Y,2.309
Tu,4/26/2005,5Y,2.828
Tu,4/26/2005,10Y,3.486
We,4/27/2005,2Y,2.281
We,4/27/2005,5Y,2.788
We,4/27/2005,10Y,3.451
Th,4/28/2005,2Y,2.255
Th,4/28/2005,5Y,2.766
Th,4/28/2005,10Y,3.441
Fr,4/29/2005,2Y,2.246
Fr,4/29/2005,5Y,2.757
Fr,4/29/2005,10Y,3.44
Mo,5/2/2005,2Y,2.246
Mo,5/2/2005,5Y,2.757
Mo,5/2/2005,10Y,3.446
Tu,5/3/2005,2Y,2.222
Tu,5/3/2005,5Y,2.732
Tu,5/3/2005,10Y,3.425
We,5/4/2005,2Y,2.242
We,5/4/2005,5Y,2.762
We,5/4/2005,10Y,3.466
Th,5/5/2005,2Y,2.227
Th,5/5/2005,5Y,2.748
Th,5/5/2005,10Y,3.449
Fr,5/6/2005,2Y,2.266
Fr,5/6/2005,5Y,2.806
Fr,5/6/2005,10Y,3.495
Mo,5/9/2005,2Y,2.249
Mo,5/9/2005,5Y,2.781
Mo,5/9/2005,10Y,3.466
Tu,5/10/2005,2Y,2.213
Tu,5/10/2005,5Y,2.724
Tu,5/10/2005,10Y,3.408
We,5/11/2005,2Y,2.204
We,5/11/2005,5Y,2.695
We,5/11/2005,10Y,3.369
Th,5/12/2005,2Y,2.223
Th,5/12/2005,5Y,2.721
Th,5/12/2005,10Y,3.377
Fr,5/13/2005,2Y,2.232
Fr,5/13/2005,5Y,2.713
Fr,5/13/2005,10Y,3.353
Mo,5/16/2005,2Y,2.227
Mo,5/16/2005,5Y,2.712
Mo,5/16/2005,10Y,3.356
Tu,5/17/2005,2Y,2.221
Tu,5/17/2005,5Y,2.705
Tu,5/17/2005,10Y,3.348
We,5/18/2005,2Y,2.218
We,5/18/2005,5Y,2.694
We,5/18/2005,10Y,3.326
Th,5/19/2005,2Y,2.239
Th,5/19/2005,5Y,2.723
Th,5/19/2005,10Y,3.353
Fr,5/20/2005,2Y,2.271
Fr,5/20/2005,5Y,2.753
Fr,5/20/2005,10Y,3.377
Mo,5/23/2005,2Y,2.256
Mo,5/23/2005,5Y,2.72
Mo,5/23/2005,10Y,3.338
Tu,5/24/2005,2Y,2.211
Tu,5/24/2005,5Y,2.676
Tu,5/24/2005,10Y,3.308
We,5/25/2005,2Y,2.184
We,5/25/2005,5Y,2.665
We,5/25/2005,10Y,3.312
Th,5/26/2005,2Y,2.189
Th,5/26/2005,5Y,2.67
Th,5/26/2005,10Y,3.33
Fr,5/27/2005,2Y,2.182
Fr,5/27/2005,5Y,2.67
Fr,5/27/2005,10Y,3.342
Mo,5/30/2005,2Y,2.183
Mo,5/30/2005,5Y,2.673
Mo,5/30/2005,10Y,3.348
Tu,5/31/2005,2Y,2.142
Tu,5/31/2005,5Y,2.617
Tu,5/31/2005,10Y,3.289
We,6/1/2005,2Y,2.086
We,6/1/2005,5Y,2.564
We,6/1/2005,10Y,3.254
Th,6/2/2005,2Y,2.099
Th,6/2/2005,5Y,2.565
Th,6/2/2005,10Y,3.23
Fr,6/3/2005,2Y,2.113
Fr,6/3/2005,5Y,2.573
Fr,6/3/2005,10Y,3.249
Mo,6/6/2005,2Y,2.088
Mo,6/6/2005,5Y,2.557
Mo,6/6/2005,10Y,3.23
Tu,6/7/2005,2Y,2.045
Tu,6/7/2005,5Y,2.501
Tu,6/7/2005,10Y,3.171
We,6/8/2005,2Y,2.027
We,6/8/2005,5Y,2.475
We,6/8/2005,10Y,3.137
Th,6/9/2005,2Y,2.038
Th,6/9/2005,5Y,2.482
Th,6/9/2005,10Y,3.138
Fr,6/10/2005,2Y,2.07
Fr,6/10/2005,5Y,2.51
Fr,6/10/2005,10Y,3.152
Mo,6/13/2005,2Y,2.066
Mo,6/13/2005,5Y,2.53
Mo,6/13/2005,10Y,3.191
Tu,6/14/2005,2Y,2.079
Tu,6/14/2005,5Y,2.55
Tu,6/14/2005,10Y,3.206
We,6/15/2005,2Y,2.136
We,6/15/2005,5Y,2.629
We,6/15/2005,10Y,3.295
Th,6/16/2005,2Y,2.147
Th,6/16/2005,5Y,2.656
Th,6/16/2005,10Y,3.321
Fr,6/17/2005,2Y,2.137
Fr,6/17/2005,5Y,2.638
Fr,6/17/2005,10Y,3.295
Mo,6/20/2005,2Y,2.092
Mo,6/20/2005,5Y,2.614
Mo,6/20/2005,10Y,3.302
Tu,6/21/2005,2Y,2.038
Tu,6/21/2005,5Y,2.534
Tu,6/21/2005,10Y,3.224
We,6/22/2005,2Y,1.994
We,6/22/2005,5Y,2.468
We,6/22/2005,10Y,3.149
Th,6/23/2005,2Y,2.012
Th,6/23/2005,5Y,2.487
Th,6/23/2005,10Y,3.159
Fr,6/24/2005,2Y,2.013
Fr,6/24/2005,5Y,2.476
Fr,6/24/2005,10Y,3.139
Mo,6/27/2005,2Y,1.99
Mo,6/27/2005,5Y,2.448
Mo,6/27/2005,10Y,3.118
Tu,6/28/2005,2Y,2.03
Tu,6/28/2005,5Y,2.49
Tu,6/28/2005,10Y,3.166
We,6/29/2005,2Y,2.033
We,6/29/2005,5Y,2.495
We,6/29/2005,10Y,3.183
Th,6/30/2005,2Y,2.01
Th,6/30/2005,5Y,2.454
Th,6/30/2005,10Y,3.132
Fr,7/1/2005,2Y,2.055
Fr,7/1/2005,5Y,2.491
Fr,7/1/2005,10Y,3.159
Mo,7/4/2005,2Y,2.093
Mo,7/4/2005,5Y,2.517
Mo,7/4/2005,10Y,3.177
Tu,7/5/2005,2Y,2.144
Tu,7/5/2005,5Y,2.566
Tu,7/5/2005,10Y,3.218
We,7/6/2005,2Y,2.151
We,7/6/2005,5Y,2.575
We,7/6/2005,10Y,3.226
Th,7/7/2005,2Y,2.1
Th,7/7/2005,5Y,2.523
Th,7/7/2005,10Y,3.186
Fr,7/8/2005,2Y,2.132
Fr,7/8/2005,5Y,2.539
Fr,7/8/2005,10Y,3.186
Mo,7/11/2005,2Y,2.166
Mo,7/11/2005,5Y,2.586
Mo,7/11/2005,10Y,3.237
Tu,7/12/2005,2Y,2.171
Tu,7/12/2005,5Y,2.582
Tu,7/12/2005,10Y,3.232
We,7/13/2005,2Y,2.187
We,7/13/2005,5Y,2.602
We,7/13/2005,10Y,3.254
Th,7/14/2005,2Y,2.201
Th,7/14/2005,5Y,2.629
Th,7/14/2005,10Y,3.291
Fr,7/15/2005,2Y,2.202
Fr,7/15/2005,5Y,2.633
Fr,7/15/2005,10Y,3.287
Mo,7/18/2005,2Y,2.192
Mo,7/18/2005,5Y,2.611
Mo,7/18/2005,10Y,3.263
Tu,7/19/2005,2Y,2.205
Tu,7/19/2005,5Y,2.631
Tu,7/19/2005,10Y,3.288
We,7/20/2005,2Y,2.21
We,7/20/2005,5Y,2.646
We,7/20/2005,10Y,3.307
Th,7/21/2005,2Y,2.196
Th,7/21/2005,5Y,2.635
Th,7/21/2005,10Y,3.304
Fr,7/22/2005,2Y,2.163
Fr,7/22/2005,5Y,2.583
Fr,7/22/2005,10Y,3.242
Mo,7/25/2005,2Y,2.16
Mo,7/25/2005,5Y,2.572
Mo,7/25/2005,10Y,3.22
Tu,7/26/2005,2Y,2.186
Tu,7/26/2005,5Y,2.602
Tu,7/26/2005,10Y,3.245
We,7/27/2005,2Y,2.181
We,7/27/2005,5Y,2.584
We,7/27/2005,10Y,3.229
Th,7/28/2005,2Y,2.2
Th,7/28/2005,5Y,2.6
Th,7/28/2005,10Y,3.239
Fr,7/29/2005,2Y,2.219
Fr,7/29/2005,5Y,2.618
Fr,7/29/2005,10Y,3.25
Mo,8/1/2005,2Y,2.25
Mo,8/1/2005,5Y,2.669
Mo,8/1/2005,10Y,3.305
Tu,8/2/2005,2Y,2.264
Tu,8/2/2005,5Y,2.696
Tu,8/2/2005,10Y,3.335
We,8/3/2005,2Y,2.251
We,8/3/2005,5Y,2.683
We,8/3/2005,10Y,3.324
Th,8/4/2005,2Y,2.262
Th,8/4/2005,5Y,2.693
Th,8/4/2005,10Y,3.333
Fr,8/5/2005,2Y,2.295
Fr,8/5/2005,5Y,2.745
Fr,8/5/2005,10Y,3.379
Mo,8/8/2005,2Y,2.292
Mo,8/8/2005,5Y,2.74
Mo,8/8/2005,10Y,3.369
Tu,8/9/2005,2Y,2.305
Tu,8/9/2005,5Y,2.754
Tu,8/9/2005,10Y,3.374
We,8/10/2005,2Y,2.293
We,8/10/2005,5Y,2.734
We,8/10/2005,10Y,3.351
Th,8/11/2005,2Y,2.28
Th,8/11/2005,5Y,2.719
Th,8/11/2005,10Y,3.34
Fr,8/12/2005,2Y,2.233
Fr,8/12/2005,5Y,2.662
Fr,8/12/2005,10Y,3.291
Mo,8/15/2005,2Y,2.212
Mo,8/15/2005,5Y,2.641
Mo,8/15/2005,10Y,3.28
Tu,8/16/2005,2Y,2.181
Tu,8/16/2005,5Y,2.599
Tu,8/16/2005,10Y,3.236
We,8/17/2005,2Y,2.18
We,8/17/2005,5Y,2.599
We,8/17/2005,10Y,3.235
Th,8/18/2005,2Y,2.164
Th,8/18/2005,5Y,2.571
Th,8/18/2005,10Y,3.202
Fr,8/19/2005,2Y,2.173
Fr,8/19/2005,5Y,2.577
Fr,8/19/2005,10Y,3.202
Mo,8/22/2005,2Y,2.171
Mo,8/22/2005,5Y,2.569
Mo,8/22/2005,10Y,3.188
Tu,8/23/2005,2Y,2.187
Tu,8/23/2005,5Y,2.569
Tu,8/23/2005,10Y,3.172
We,8/24/2005,2Y,2.196
We,8/24/2005,5Y,2.571
We,8/24/2005,10Y,3.172
Th,8/25/2005,2Y,2.17
Th,8/25/2005,5Y,2.542
Th,8/25/2005,10Y,3.147
Fr,8/26/2005,2Y,2.202
Fr,8/26/2005,5Y,2.563
Fr,8/26/2005,10Y,3.157
Mo,8/29/2005,2Y,2.213
Mo,8/29/2005,5Y,2.57
Mo,8/29/2005,10Y,3.158
Tu,8/30/2005,2Y,2.213
Tu,8/30/2005,5Y,2.568
Tu,8/30/2005,10Y,3.154
We,8/31/2005,2Y,2.174
We,8/31/2005,5Y,2.514
We,8/31/2005,10Y,3.104
Th,9/1/2005,2Y,2.123
Th,9/1/2005,5Y,2.46
Th,9/1/2005,10Y,3.064
Fr,9/2/2005,2Y,2.112
Fr,9/2/2005,5Y,2.451
Fr,9/2/2005,10Y,3.057
Mo,9/5/2005,2Y,2.107
Mo,9/5/2005,5Y,2.444
Mo,9/5/2005,10Y,3.049
Tu,9/6/2005,2Y,2.135
Tu,9/6/2005,5Y,2.476
Tu,9/6/2005,10Y,3.076
We,9/7/2005,2Y,2.141
We,9/7/2005,5Y,2.487
We,9/7/2005,10Y,3.096
Th,9/8/2005,2Y,2.137
Th,9/8/2005,5Y,2.533
Th,9/8/2005,10Y,3.066
Fr,9/9/2005,2Y,2.147
Fr,9/9/2005,5Y,2.529
Fr,9/9/2005,10Y,3.046
Mo,9/12/2005,2Y,2.196
Mo,9/12/2005,5Y,2.598
Mo,9/12/2005,10Y,3.123
Tu,9/13/2005,2Y,2.185
Tu,9/13/2005,5Y,2.572
Tu,9/13/2005,10Y,3.138
We,9/14/2005,2Y,2.2
We,9/14/2005,5Y,2.578
We,9/14/2005,10Y,3.136
Th,9/15/2005,2Y,2.216
Th,9/15/2005,5Y,2.605
Th,9/15/2005,10Y,3.152
Fr,9/16/2005,2Y,2.22
Fr,9/16/2005,5Y,2.612
Fr,9/16/2005,10Y,3.158
Mo,9/19/2005,2Y,2.211
Mo,9/19/2005,5Y,2.594
Mo,9/19/2005,10Y,3.136
Tu,9/20/2005,2Y,2.206
Tu,9/20/2005,5Y,2.591
Tu,9/20/2005,10Y,3.13
We,9/21/2005,2Y,2.176
We,9/21/2005,5Y,2.54
We,9/21/2005,10Y,3.067
Th,9/22/2005,2Y,2.178
Th,9/22/2005,5Y,2.543
Th,9/22/2005,10Y,3.071
Fr,9/23/2005,2Y,2.227
Fr,9/23/2005,5Y,2.592
Fr,9/23/2005,10Y,3.106
Mo,9/26/2005,2Y,2.262
Mo,9/26/2005,5Y,2.653
Mo,9/26/2005,10Y,3.168
Tu,9/27/2005,2Y,2.277
Tu,9/27/2005,5Y,2.667
Tu,9/27/2005,10Y,3.175
We,9/28/2005,2Y,2.29
We,9/28/2005,5Y,2.677
We,9/28/2005,10Y,3.174
Th,9/29/2005,2Y,2.333
Th,9/29/2005,5Y,2.722
Th,9/29/2005,10Y,3.202
Fr,9/30/2005,2Y,2.336
Fr,9/30/2005,5Y,2.718
Fr,9/30/2005,10Y,3.194
Mo,10/3/2005,2Y,2.353
Mo,10/3/2005,5Y,2.753
Mo,10/3/2005,10Y,3.238
Tu,10/4/2005,2Y,2.352
Tu,10/4/2005,5Y,2.747
Tu,10/4/2005,10Y,3.229
We,10/5/2005,2Y,2.339
We,10/5/2005,5Y,2.735
We,10/5/2005,10Y,3.215
Th,10/6/2005,2Y,2.373
Th,10/6/2005,5Y,2.756
Th,10/6/2005,10Y,3.22
Fr,10/7/2005,2Y,2.396
Fr,10/7/2005,5Y,2.76
Fr,10/7/2005,10Y,3.21
Mo,10/10/2005,2Y,2.388
Mo,10/10/2005,5Y,2.75
Mo,10/10/2005,10Y,3.197
Tu,10/11/2005,2Y,2.401
Tu,10/11/2005,5Y,2.771
Tu,10/11/2005,10Y,3.224
We,10/12/2005,2Y,2.404
We,10/12/2005,5Y,2.794
We,10/12/2005,10Y,3.259
Th,10/13/2005,2Y,2.416
Th,10/13/2005,5Y,2.84
Th,10/13/2005,10Y,3.317
Fr,10/14/2005,2Y,2.409
Fr,10/14/2005,5Y,2.845
Fr,10/14/2005,10Y,3.326
Mo,10/17/2005,2Y,2.483
Mo,10/17/2005,5Y,2.859
Mo,10/17/2005,10Y,3.331
Tu,10/18/2005,2Y,2.474
Tu,10/18/2005,5Y,2.851
Tu,10/18/2005,10Y,3.326
We,10/19/2005,2Y,2.441
We,10/19/2005,5Y,2.817
We,10/19/2005,10Y,3.297
Th,10/20/2005,2Y,2.489
Th,10/20/2005,5Y,2.856
Th,10/20/2005,10Y,3.327
Fr,10/21/2005,2Y,2.458
Fr,10/21/2005,5Y,2.806
Fr,10/21/2005,10Y,3.268
Mo,10/24/2005,2Y,2.458
Mo,10/24/2005,5Y,2.802
Mo,10/24/2005,10Y,3.274
Tu,10/25/2005,2Y,2.525
Tu,10/25/2005,5Y,2.887
Tu,10/25/2005,10Y,3.349
We,10/26/2005,2Y,2.559
We,10/26/2005,5Y,2.942
We,10/26/2005,10Y,3.404
Th,10/27/2005,2Y,2.59
Th,10/27/2005,5Y,2.972
Th,10/27/2005,10Y,3.434
Fr,10/28/2005,2Y,2.601
Fr,10/28/2005,5Y,2.983
Fr,10/28/2005,10Y,3.436
Mo,10/31/2005,2Y,2.607
Mo,10/31/2005,5Y,2.988
Mo,10/31/2005,10Y,3.423
Tu,11/1/2005,2Y,2.626
Tu,11/1/2005,5Y,3.01
Tu,11/1/2005,10Y,3.45
We,11/2/2005,2Y,2.655
We,11/2/2005,5Y,3.056
We,11/2/2005,10Y,3.492
Th,11/3/2005,2Y,2.654
Th,11/3/2005,5Y,3.064
Th,11/3/2005,10Y,3.502
Fr,11/4/2005,2Y,2.677
Fr,11/4/2005,5Y,3.093
Fr,11/4/2005,10Y,3.52
Mo,11/7/2005,2Y,2.701
Mo,11/7/2005,5Y,3.115
Mo,11/7/2005,10Y,3.531
Tu,11/8/2005,2Y,2.677
Tu,11/8/2005,5Y,3.073
Tu,11/8/2005,10Y,3.491
We,11/9/2005,2Y,2.734
We,11/9/2005,5Y,3.142
We,11/9/2005,10Y,3.555
Th,11/10/2005,2Y,2.718
Th,11/10/2005,5Y,3.125
Th,11/10/2005,10Y,3.553
Fr,11/11/2005,2Y,2.717
Fr,11/11/2005,5Y,3.114
Fr,11/11/2005,10Y,3.542
Mo,11/14/2005,2Y,2.74
Mo,11/14/2005,5Y,3.136
Mo,11/14/2005,10Y,3.569
Tu,11/15/2005,2Y,2.707
Tu,11/15/2005,5Y,3.094
Tu,11/15/2005,10Y,3.534
We,11/16/2005,2Y,2.655
We,11/16/2005,5Y,3.014
We,11/16/2005,10Y,3.45
Th,11/17/2005,2Y,2.686
Th,11/17/2005,5Y,3.044
Th,11/17/2005,10Y,3.468
Fr,11/18/2005,2Y,2.806
Fr,11/18/2005,5Y,3.171
Fr,11/18/2005,10Y,3.564
Mo,11/21/2005,2Y,2.758
Mo,11/21/2005,5Y,3.106
Mo,11/21/2005,10Y,3.506
Tu,11/22/2005,2Y,2.754
Tu,11/22/2005,5Y,3.103
Tu,11/22/2005,10Y,3.506
We,11/23/2005,2Y,2.746
We,11/23/2005,5Y,3.09
We,11/23/2005,10Y,3.493
Th,11/24/2005,2Y,2.692
Th,11/24/2005,5Y,3.005
Th,11/24/2005,10Y,3.413
Fr,11/25/2005,2Y,2.709
Fr,11/25/2005,5Y,3.017
Fr,11/25/2005,10Y,3.421
Mo,11/28/2005,2Y,2.726
Mo,11/28/2005,5Y,3.024
Mo,11/28/2005,10Y,3.414
Tu,11/29/2005,2Y,2.758
Tu,11/29/2005,5Y,3.079
Tu,11/29/2005,10Y,3.467
We,11/30/2005,2Y,2.758
We,11/30/2005,5Y,3.075
We,11/30/2005,10Y,3.457
Th,12/1/2005,2Y,2.698
Th,12/1/2005,5Y,3.016
Th,12/1/2005,10Y,3.412
Fr,12/2/2005,2Y,2.67
Fr,12/2/2005,5Y,3
Fr,12/2/2005,10Y,3.398
Mo,12/5/2005,2Y,2.697
Mo,12/5/2005,5Y,3.017
Mo,12/5/2005,10Y,3.419
Tu,12/6/2005,2Y,2.681
Tu,12/6/2005,5Y,2.982
Tu,12/6/2005,10Y,3.374
We,12/7/2005,2Y,2.704
We,12/7/2005,5Y,3.014
We,12/7/2005,10Y,3.41
Th,12/8/2005,2Y,2.711
Th,12/8/2005,5Y,2.992
Th,12/8/2005,10Y,3.381
Fr,12/9/2005,2Y,2.772
Fr,12/9/2005,5Y,3.076
Fr,12/9/2005,10Y,3.45
Mo,12/12/2005,2Y,2.764
Mo,12/12/2005,5Y,3.058
Mo,12/12/2005,10Y,3.427
Tu,12/13/2005,2Y,2.779
Tu,12/13/2005,5Y,3.056
Tu,12/13/2005,10Y,3.407
We,12/14/2005,2Y,2.771
We,12/14/2005,5Y,3.033
We,12/14/2005,10Y,3.373
Th,12/15/2005,2Y,2.793
Th,12/15/2005,5Y,3.057
Th,12/15/2005,10Y,3.387
Fr,12/16/2005,2Y,2.79
Fr,12/16/2005,5Y,3.024
Fr,12/16/2005,10Y,3.356
Mo,12/19/2005,2Y,2.793
Mo,12/19/2005,5Y,3.032
Mo,12/19/2005,10Y,3.35
Tu,12/20/2005,2Y,2.796
Tu,12/20/2005,5Y,3.049
Tu,12/20/2005,10Y,3.36
We,12/21/2005,2Y,2.839
We,12/21/2005,5Y,3.112
We,12/21/2005,10Y,3.41
Th,12/22/2005,2Y,2.835
Th,12/22/2005,5Y,3.091
Th,12/22/2005,10Y,3.36
Fr,12/23/2005,2Y,2.835
Fr,12/23/2005,5Y,3.063
Fr,12/23/2005,10Y,3.331
Mo,12/26/2005,2Y,2.842
Mo,12/26/2005,5Y,3.068
Mo,12/26/2005,10Y,3.335
Tu,12/27/2005,2Y,2.832
Tu,12/27/2005,5Y,3.066
Tu,12/27/2005,10Y,3.331
We,12/28/2005,2Y,2.803
We,12/28/2005,5Y,3.025
We,12/28/2005,10Y,3.3
Th,12/29/2005,2Y,2.839
Th,12/29/2005,5Y,3.073
Th,12/29/2005,10Y,3.33
Fr,12/30/2005,2Y,2.822
Fr,12/30/2005,5Y,3.04
Fr,12/30/2005,10Y,3.304
Mo,1/2/2006,2Y,2.852
Mo,1/2/2006,5Y,3.082
Mo,1/2/2006,10Y,3.336
Tu,1/3/2006,2Y,2.836
Tu,1/3/2006,5Y,3.06
Tu,1/3/2006,10Y,3.33
We,1/4/2006,2Y,2.746
We,1/4/2006,5Y,2.971
We,1/4/2006,10Y,3.289
Th,1/5/2006,2Y,2.729
Th,1/5/2006,5Y,2.961
Th,1/5/2006,10Y,3.279
Fr,1/6/2006,2Y,2.719
Fr,1/6/2006,5Y,2.957
Fr,1/6/2006,10Y,3.264
Mo,1/9/2006,2Y,2.762
Mo,1/9/2006,5Y,2.987
Mo,1/9/2006,10Y,3.264
Tu,1/10/2006,2Y,2.792
Tu,1/10/2006,5Y,3.029
Tu,1/10/2006,10Y,3.29
We,1/11/2006,2Y,2.816
We,1/11/2006,5Y,3.048
We,1/11/2006,10Y,3.295
Th,1/12/2006,2Y,2.792
Th,1/12/2006,5Y,3.022
Th,1/12/2006,10Y,3.276
Fr,1/13/2006,2Y,2.788
Fr,1/13/2006,5Y,3.008
Fr,1/13/2006,10Y,3.263
Mo,1/16/2006,2Y,2.778
Mo,1/16/2006,5Y,3.013
Mo,1/16/2006,10Y,3.277
Tu,1/17/2006,2Y,2.761
Tu,1/17/2006,5Y,2.991
Tu,1/17/2006,10Y,3.271
We,1/18/2006,2Y,2.771
We,1/18/2006,5Y,3.016
We,1/18/2006,10Y,3.285
Th,1/19/2006,2Y,2.822
Th,1/19/2006,5Y,3.088
Th,1/19/2006,10Y,3.346
Fr,1/20/2006,2Y,2.833
Fr,1/20/2006,5Y,3.114
Fr,1/20/2006,10Y,3.381
Mo,1/23/2006,2Y,2.843
Mo,1/23/2006,5Y,3.131
Mo,1/23/2006,10Y,3.395
Tu,1/24/2006,2Y,2.826
Tu,1/24/2006,5Y,3.112
Tu,1/24/2006,10Y,3.38
We,1/25/2006,2Y,2.843
We,1/25/2006,5Y,3.162
We,1/25/2006,10Y,3.442
Th,1/26/2006,2Y,2.854
Th,1/26/2006,5Y,3.199
Th,1/26/2006,10Y,3.497
Fr,1/27/2006,2Y,2.864
Fr,1/27/2006,5Y,3.196
Fr,1/27/2006,10Y,3.488
Mo,1/30/2006,2Y,2.882
Mo,1/30/2006,5Y,3.209
Mo,1/30/2006,10Y,3.481
Tu,1/31/2006,2Y,2.878
Tu,1/31/2006,5Y,3.204
Tu,1/31/2006,10Y,3.477
We,2/1/2006,2Y,2.91
We,2/1/2006,5Y,3.254
We,2/1/2006,10Y,3.532
Th,2/2/2006,2Y,2.879
Th,2/2/2006,5Y,3.232
Th,2/2/2006,10Y,3.514
Fr,2/3/2006,2Y,2.883
Fr,2/3/2006,5Y,3.214
Fr,2/3/2006,10Y,3.493
Mo,2/6/2006,2Y,2.886
Mo,2/6/2006,5Y,3.219
Mo,2/6/2006,10Y,3.489
Tu,2/7/2006,2Y,2.836
Tu,2/7/2006,5Y,3.278
Tu,2/7/2006,10Y,3.518
We,2/8/2006,2Y,2.818
We,2/8/2006,5Y,3.265
We,2/8/2006,10Y,3.507
Th,2/9/2006,2Y,2.81
Th,2/9/2006,5Y,3.24
Th,2/9/2006,10Y,3.481
Fr,2/10/2006,2Y,2.805
Fr,2/10/2006,5Y,3.236
Fr,2/10/2006,10Y,3.479
Mo,2/13/2006,2Y,2.816
Mo,2/13/2006,5Y,3.254
Mo,2/13/2006,10Y,3.495
Tu,2/14/2006,2Y,2.808
Tu,2/14/2006,5Y,3.255
Tu,2/14/2006,10Y,3.499
We,2/15/2006,2Y,2.809
We,2/15/2006,5Y,3.257
We,2/15/2006,10Y,3.507
Th,2/16/2006,2Y,2.821
Th,2/16/2006,5Y,3.264
Th,2/16/2006,10Y,3.515
Fr,2/17/2006,2Y,2.786
Fr,2/17/2006,5Y,3.196
Fr,2/17/2006,10Y,3.452
Mo,2/20/2006,2Y,2.797
Mo,2/20/2006,5Y,3.185
Mo,2/20/2006,10Y,3.442
Tu,2/21/2006,2Y,2.818
Tu,2/21/2006,5Y,3.21
Tu,2/21/2006,10Y,3.453
We,2/22/2006,2Y,2.964
We,2/22/2006,5Y,3.19
We,2/22/2006,10Y,3.452
Th,2/23/2006,2Y,3.036
Th,2/23/2006,5Y,3.269
Th,2/23/2006,10Y,3.511
Fr,2/24/2006,2Y,3.053
Fr,2/24/2006,5Y,3.279
Fr,2/24/2006,10Y,3.522
Mo,2/27/2006,2Y,3.095
Mo,2/27/2006,5Y,3.331
Mo,2/27/2006,10Y,3.565
Tu,2/28/2006,2Y,3.075
Tu,2/28/2006,5Y,3.29
Tu,2/28/2006,10Y,3.524
We,3/1/2006,2Y,3.081
We,3/1/2006,5Y,3.306
We,3/1/2006,10Y,3.548
Th,3/2/2006,2Y,3.133
Th,3/2/2006,5Y,3.379
Th,3/2/2006,10Y,3.609
Fr,3/3/2006,2Y,3.161
Fr,3/3/2006,5Y,3.412
Fr,3/3/2006,10Y,3.622
Mo,3/6/2006,2Y,3.156
Mo,3/6/2006,5Y,3.412
Mo,3/6/2006,10Y,3.615
Tu,3/7/2006,2Y,3.162
Tu,3/7/2006,5Y,3.41
Tu,3/7/2006,10Y,3.631
We,3/8/2006,2Y,3.184
We,3/8/2006,5Y,3.452
We,3/8/2006,10Y,3.674
Th,3/9/2006,2Y,3.169
Th,3/9/2006,5Y,3.44
Th,3/9/2006,10Y,3.678
Fr,3/10/2006,2Y,3.207
Fr,3/10/2006,5Y,3.483
Fr,3/10/2006,10Y,3.716
Mo,3/13/2006,2Y,3.229
Mo,3/13/2006,5Y,3.508
Mo,3/13/2006,10Y,3.742
Tu,3/14/2006,2Y,3.192
Tu,3/14/2006,5Y,3.448
Tu,3/14/2006,10Y,3.684
We,3/15/2006,2Y,3.225
We,3/15/2006,5Y,3.49
We,3/15/2006,10Y,3.719
Th,3/16/2006,2Y,3.22
Th,3/16/2006,5Y,3.47
Th,3/16/2006,10Y,3.69
Fr,3/17/2006,2Y,3.254
Fr,3/17/2006,5Y,3.505
Fr,3/17/2006,10Y,3.723
Mo,3/20/2006,2Y,3.233
Mo,3/20/2006,5Y,3.478
Mo,3/20/2006,10Y,3.695
Tu,3/21/2006,2Y,3.234
Tu,3/21/2006,5Y,3.48
Tu,3/21/2006,10Y,3.699
We,3/22/2006,2Y,3.218
We,3/22/2006,5Y,3.462
We,3/22/2006,10Y,3.677
Th,3/23/2006,2Y,3.235
Th,3/23/2006,5Y,3.488
Th,3/23/2006,10Y,3.709
Fr,3/24/2006,2Y,3.199
Fr,3/24/2006,5Y,3.437
Fr,3/24/2006,10Y,3.669
Mo,3/27/2006,2Y,3.2
Mo,3/27/2006,5Y,3.44
Mo,3/27/2006,10Y,3.676
Tu,3/28/2006,2Y,3.287
Tu,3/28/2006,5Y,3.545
Tu,3/28/2006,10Y,3.768
We,3/29/2006,2Y,3.32
We,3/29/2006,5Y,3.58
We,3/29/2006,10Y,3.799
Th,3/30/2006,2Y,3.337
Th,3/30/2006,5Y,3.602
Th,3/30/2006,10Y,3.825
Fr,3/31/2006,2Y,3.323
Fr,3/31/2006,5Y,3.581
Fr,3/31/2006,10Y,3.807
Mo,4/3/2006,2Y,3.362
Mo,4/3/2006,5Y,3.636
Mo,4/3/2006,10Y,3.859
Tu,4/4/2006,2Y,3.362
Tu,4/4/2006,5Y,3.641
Tu,4/4/2006,10Y,3.882
We,4/5/2006,2Y,3.347
We,4/5/2006,5Y,3.634
We,4/5/2006,10Y,3.894
Th,4/6/2006,2Y,3.315
Th,4/6/2006,5Y,3.649
Th,4/6/2006,10Y,3.935
Fr,4/7/2006,2Y,3.3
Fr,4/7/2006,5Y,3.635
Fr,4/7/2006,10Y,3.937
Mo,4/10/2006,2Y,3.318
Mo,4/10/2006,5Y,3.645
Mo,4/10/2006,10Y,3.933
Tu,4/11/2006,2Y,3.313
Tu,4/11/2006,5Y,3.631
Tu,4/11/2006,10Y,3.913
We,4/12/2006,2Y,3.325
We,4/12/2006,5Y,3.651
We,4/12/2006,10Y,3.922
Th,4/13/2006,2Y,3.362
Th,4/13/2006,5Y,3.712
Th,4/13/2006,10Y,3.989
Fr,4/14/2006,2Y,3.367
Fr,4/14/2006,5Y,3.712
Fr,4/14/2006,10Y,3.994
Mo,4/17/2006,2Y,3.367
Mo,4/17/2006,5Y,3.712
Mo,4/17/2006,10Y,3.993
Tu,4/18/2006,2Y,3.34
Tu,4/18/2006,5Y,3.691
Tu,4/18/2006,10Y,3.986
We,4/19/2006,2Y,3.347
We,4/19/2006,5Y,3.693
We,4/19/2006,10Y,3.989
Th,4/20/2006,2Y,3.336
Th,4/20/2006,5Y,3.672
Th,4/20/2006,10Y,3.966
Fr,4/21/2006,2Y,3.344
Fr,4/21/2006,5Y,3.692
Fr,4/21/2006,10Y,3.99
Mo,4/24/2006,2Y,3.351
Mo,4/24/2006,5Y,3.69
Mo,4/24/2006,10Y,3.98
Tu,4/25/2006,2Y,3.408
Tu,4/25/2006,5Y,3.748
Tu,4/25/2006,10Y,4.029
We,4/26/2006,2Y,3.442
We,4/26/2006,5Y,3.775
We,4/26/2006,10Y,4.031
Th,4/27/2006,2Y,3.409
Th,4/27/2006,5Y,3.73
Th,4/27/2006,10Y,4
Fr,4/28/2006,2Y,3.413
Fr,4/28/2006,5Y,3.727
Fr,4/28/2006,10Y,3.984
Mo,5/1/2006,2Y,3.413
Mo,5/1/2006,5Y,3.729
Mo,5/1/2006,10Y,3.982
Tu,5/2/2006,2Y,3.437
Tu,5/2/2006,5Y,3.753
Tu,5/2/2006,10Y,4.017
We,5/3/2006,2Y,3.432
We,5/3/2006,5Y,3.768
We,5/3/2006,10Y,4.039
Th,5/4/2006,2Y,3.45
Th,5/4/2006,5Y,3.793
Th,5/4/2006,10Y,4.064
Fr,5/5/2006,2Y,3.43
Fr,5/5/2006,5Y,3.758
Fr,5/5/2006,10Y,4.032
Mo,5/8/2006,2Y,3.454
Mo,5/8/2006,5Y,3.785
Mo,5/8/2006,10Y,4.05
Tu,5/9/2006,2Y,3.449
Tu,5/9/2006,5Y,3.79
Tu,5/9/2006,10Y,4.06
We,5/10/2006,2Y,3.404
We,5/10/2006,5Y,3.735
We,5/10/2006,10Y,4.017
Th,5/11/2006,2Y,3.463
Th,5/11/2006,5Y,3.815
Th,5/11/2006,10Y,4.096
Fr,5/12/2006,2Y,3.431
Fr,5/12/2006,5Y,3.802
Fr,5/12/2006,10Y,4.109
Mo,5/15/2006,2Y,3.356
Mo,5/15/2006,5Y,3.713
Mo,5/15/2006,10Y,4.045
Tu,5/16/2006,2Y,3.322
Tu,5/16/2006,5Y,3.677
Tu,5/16/2006,10Y,4.002
We,5/17/2006,2Y,3.352
We,5/17/2006,5Y,3.73
We,5/17/2006,10Y,4.08
Th,5/18/2006,2Y,3.336
Th,5/18/2006,5Y,3.692
Th,5/18/2006,10Y,4.034
Fr,5/19/2006,2Y,3.332
Fr,5/19/2006,5Y,3.664
Fr,5/19/2006,10Y,3.994
Mo,5/22/2006,2Y,3.281
Mo,5/22/2006,5Y,3.589
Mo,5/22/2006,10Y,3.922
Tu,5/23/2006,2Y,3.305
Tu,5/23/2006,5Y,3.609
Tu,5/23/2006,10Y,3.939
We,5/24/2006,2Y,3.305
We,5/24/2006,5Y,3.585
We,5/24/2006,10Y,3.9
Th,5/25/2006,2Y,3.3
Th,5/25/2006,5Y,3.581
Th,5/25/2006,10Y,3.891
Fr,5/26/2006,2Y,3.309
Fr,5/26/2006,5Y,3.591
Fr,5/26/2006,10Y,3.895
Mo,5/29/2006,2Y,3.321
Mo,5/29/2006,5Y,3.601
Mo,5/29/2006,10Y,3.901
Tu,5/30/2006,2Y,3.363
Tu,5/30/2006,5Y,3.65
Tu,5/30/2006,10Y,3.948
We,5/31/2006,2Y,3.406
We,5/31/2006,5Y,3.699
We,5/31/2006,10Y,3.992
Th,6/1/2006,2Y,3.419
Th,6/1/2006,5Y,3.714
Th,6/1/2006,10Y,4.005
Fr,6/2/2006,2Y,3.38
Fr,6/2/2006,5Y,3.65
Fr,6/2/2006,10Y,3.938
Mo,6/5/2006,2Y,3.441
Mo,6/5/2006,5Y,3.709
Mo,6/5/2006,10Y,3.978
Tu,6/6/2006,2Y,3.442
Tu,6/6/2006,5Y,3.736
Tu,6/6/2006,10Y,4.003
We,6/7/2006,2Y,3.455
We,6/7/2006,5Y,3.749
We,6/7/2006,10Y,4.025
Th,6/8/2006,2Y,3.334
Th,6/8/2006,5Y,3.631
Th,6/8/2006,10Y,3.934
Fr,6/9/2006,2Y,3.36
Fr,6/9/2006,5Y,3.662
Fr,6/9/2006,10Y,3.951
Mo,6/12/2006,2Y,3.341
Mo,6/12/2006,5Y,3.635
Mo,6/12/2006,10Y,3.931
Tu,6/13/2006,2Y,3.324
Tu,6/13/2006,5Y,3.597
Tu,6/13/2006,10Y,3.884
We,6/14/2006,2Y,3.365
We,6/14/2006,5Y,3.639
We,6/14/2006,10Y,3.917
Th,6/15/2006,2Y,3.401
Th,6/15/2006,5Y,3.694
Th,6/15/2006,10Y,3.968
Fr,6/16/2006,2Y,3.393
Fr,6/16/2006,5Y,3.683
Fr,6/16/2006,10Y,3.955
Mo,6/19/2006,2Y,3.443
Mo,6/19/2006,5Y,3.731
Mo,6/19/2006,10Y,3.989
Tu,6/20/2006,2Y,3.468
Tu,6/20/2006,5Y,3.756
Tu,6/20/2006,10Y,4.01
We,6/21/2006,2Y,3.488
We,6/21/2006,5Y,3.779
We,6/21/2006,10Y,4.029
Th,6/22/2006,2Y,3.501
Th,6/22/2006,5Y,3.809
Th,6/22/2006,10Y,4.075
Fr,6/23/2006,2Y,3.536
Fr,6/23/2006,5Y,3.833
Fr,6/23/2006,10Y,4.093
Mo,6/26/2006,2Y,3.568
Mo,6/26/2006,5Y,3.853
Mo,6/26/2006,10Y,4.104
Tu,6/27/2006,2Y,3.588
Tu,6/27/2006,5Y,3.861
Tu,6/27/2006,10Y,4.106
We,6/28/2006,2Y,3.583
We,6/28/2006,5Y,3.862
We,6/28/2006,10Y,4.107
Th,6/29/2006,2Y,3.553
Th,6/29/2006,5Y,3.827
Th,6/29/2006,10Y,4.074
Fr,6/30/2006,2Y,3.575
Fr,6/30/2006,5Y,3.841
Fr,6/30/2006,10Y,4.079
Mo,7/3/2006,2Y,3.589
Mo,7/3/2006,5Y,3.859
Mo,7/3/2006,10Y,4.099
Tu,7/4/2006,2Y,3.572
Tu,7/4/2006,5Y,3.845
Tu,7/4/2006,10Y,4.086
We,7/5/2006,2Y,3.614
We,7/5/2006,5Y,3.903
We,7/5/2006,10Y,4.148
Th,7/6/2006,2Y,3.624
Th,7/6/2006,5Y,3.898
Th,7/6/2006,10Y,4.124
Fr,7/7/2006,2Y,3.599
Fr,7/7/2006,5Y,3.855
Fr,7/7/2006,10Y,4.075
Mo,7/10/2006,2Y,3.616
Mo,7/10/2006,5Y,3.876
Mo,7/10/2006,10Y,4.096
Tu,7/11/2006,2Y,3.58
Tu,7/11/2006,5Y,3.833
Tu,7/11/2006,10Y,4.059
We,7/12/2006,2Y,3.61
We,7/12/2006,5Y,3.863
We,7/12/2006,10Y,4.095
Th,7/13/2006,2Y,3.565
Th,7/13/2006,5Y,3.815
Th,7/13/2006,10Y,4.055
Fr,7/14/2006,2Y,3.512
Fr,7/14/2006,5Y,3.747
Fr,7/14/2006,10Y,3.989
Mo,7/17/2006,2Y,3.526
Mo,7/17/2006,5Y,3.761
Mo,7/17/2006,10Y,4.001
Tu,7/18/2006,2Y,3.559
Tu,7/18/2006,5Y,3.793
Tu,7/18/2006,10Y,4.023
We,7/19/2006,2Y,3.546
We,7/19/2006,5Y,3.767
We,7/19/2006,10Y,3.993
Th,7/20/2006,2Y,3.546
Th,7/20/2006,5Y,3.769
Th,7/20/2006,10Y,3.995
Fr,7/21/2006,2Y,3.521
Fr,7/21/2006,5Y,3.738
Fr,7/21/2006,10Y,3.964
Mo,7/24/2006,2Y,3.526
Mo,7/24/2006,5Y,3.74
Mo,7/24/2006,10Y,3.967
Tu,7/25/2006,2Y,3.582
Tu,7/25/2006,5Y,3.771
Tu,7/25/2006,10Y,3.974
We,7/26/2006,2Y,3.62
We,7/26/2006,5Y,3.799
We,7/26/2006,10Y,3.994
Th,7/27/2006,2Y,3.581
Th,7/27/2006,5Y,3.762
Th,7/27/2006,10Y,3.959
Fr,7/28/2006,2Y,3.561
Fr,7/28/2006,5Y,3.734
Fr,7/28/2006,10Y,3.931
Mo,7/31/2006,2Y,3.559
Mo,7/31/2006,5Y,3.735
Mo,7/31/2006,10Y,3.93
Tu,8/1/2006,2Y,3.553
Tu,8/1/2006,5Y,3.735
Tu,8/1/2006,10Y,3.938
We,8/2/2006,2Y,3.56
We,8/2/2006,5Y,3.743
We,8/2/2006,10Y,3.942
Th,8/3/2006,2Y,3.627
Th,8/3/2006,5Y,3.806
Th,8/3/2006,10Y,3.983
Fr,8/4/2006,2Y,3.585
Fr,8/4/2006,5Y,3.743
Fr,8/4/2006,10Y,3.916
Mo,8/7/2006,2Y,3.582
Mo,8/7/2006,5Y,3.736
Mo,8/7/2006,10Y,3.917
Tu,8/8/2006,2Y,3.583
Tu,8/8/2006,5Y,3.732
Tu,8/8/2006,10Y,3.912
We,8/9/2006,2Y,3.609
We,8/9/2006,5Y,3.764
We,8/9/2006,10Y,3.944
Th,8/10/2006,2Y,3.6
Th,8/10/2006,5Y,3.759
Th,8/10/2006,10Y,3.942
Fr,8/11/2006,2Y,3.651
Fr,8/11/2006,5Y,3.818
Fr,8/11/2006,10Y,3.99
Mo,8/14/2006,2Y,3.681
Mo,8/14/2006,5Y,3.846
Mo,8/14/2006,10Y,4.015
Tu,8/15/2006,2Y,3.666
Tu,8/15/2006,5Y,3.813
Tu,8/15/2006,10Y,3.979
We,8/16/2006,2Y,3.652
We,8/16/2006,5Y,3.78
We,8/16/2006,10Y,3.942
Th,8/17/2006,2Y,3.66
Th,8/17/2006,5Y,3.777
Th,8/17/2006,10Y,3.93
Fr,8/18/2006,2Y,3.661
Fr,8/18/2006,5Y,3.768
Fr,8/18/2006,10Y,3.912
Mo,8/21/2006,2Y,3.629
Mo,8/21/2006,5Y,3.719
Mo,8/21/2006,10Y,3.87
Tu,8/22/2006,2Y,3.545
Tu,8/22/2006,5Y,3.648
Tu,8/22/2006,10Y,3.816
We,8/23/2006,2Y,3.558
We,8/23/2006,5Y,3.665
We,8/23/2006,10Y,3.834
Th,8/24/2006,2Y,3.548
Th,8/24/2006,5Y,3.651
Th,8/24/2006,10Y,3.817
Fr,8/25/2006,2Y,3.533
Fr,8/25/2006,5Y,3.637
Fr,8/25/2006,10Y,3.801
Mo,8/28/2006,2Y,3.528
Mo,8/28/2006,5Y,3.631
Mo,8/28/2006,10Y,3.801
Tu,8/29/2006,2Y,3.567
Tu,8/29/2006,5Y,3.677
Tu,8/29/2006,10Y,3.836
We,8/30/2006,2Y,3.549
We,8/30/2006,5Y,3.652
We,8/30/2006,10Y,3.807
Th,8/31/2006,2Y,3.538
Th,8/31/2006,5Y,3.615
Th,8/31/2006,10Y,3.765
Fr,9/1/2006,2Y,3.54
Fr,9/1/2006,5Y,3.608
Fr,9/1/2006,10Y,3.749
Mo,9/4/2006,2Y,3.553
Mo,9/4/2006,5Y,3.615
Mo,9/4/2006,10Y,3.755
Tu,9/5/2006,2Y,3.586
Tu,9/5/2006,5Y,3.658
Tu,9/5/2006,10Y,3.794
We,9/6/2006,2Y,3.625
We,9/6/2006,5Y,3.706
We,9/6/2006,10Y,3.838
Th,9/7/2006,2Y,3.629
Th,9/7/2006,5Y,3.692
Th,9/7/2006,10Y,3.821
Fr,9/8/2006,2Y,3.63
Fr,9/8/2006,5Y,3.679
Fr,9/8/2006,10Y,3.794
Mo,9/11/2006,2Y,3.66
Mo,9/11/2006,5Y,3.706
Mo,9/11/2006,10Y,3.812
Tu,9/12/2006,2Y,3.673
Tu,9/12/2006,5Y,3.727
Tu,9/12/2006,10Y,3.847
We,9/13/2006,2Y,3.66
We,9/13/2006,5Y,3.696
We,9/13/2006,10Y,3.8
Th,9/14/2006,2Y,3.672
Th,9/14/2006,5Y,3.709
Th,9/14/2006,10Y,3.802
Fr,9/15/2006,2Y,3.673
Fr,9/15/2006,5Y,3.7
Fr,9/15/2006,10Y,3.786
Mo,9/18/2006,2Y,3.718
Mo,9/18/2006,5Y,3.762
Mo,9/18/2006,10Y,3.842
Tu,9/19/2006,2Y,3.669
Tu,9/19/2006,5Y,3.705
Tu,9/19/2006,10Y,3.792
We,9/20/2006,2Y,3.658
We,9/20/2006,5Y,3.701
We,9/20/2006,10Y,3.784
Th,9/21/2006,2Y,3.639
Th,9/21/2006,5Y,3.672
Th,9/21/2006,10Y,3.76
Fr,9/22/2006,2Y,3.555
Fr,9/22/2006,5Y,3.595
Fr,9/22/2006,10Y,3.703
Mo,9/25/2006,2Y,3.5
Mo,9/25/2006,5Y,3.554
Mo,9/25/2006,10Y,3.671
Tu,9/26/2006,2Y,3.53
Tu,9/26/2006,5Y,3.573
Tu,9/26/2006,10Y,3.668
We,9/27/2006,2Y,3.555
We,9/27/2006,5Y,3.595
We,9/27/2006,10Y,3.683
Th,9/28/2006,2Y,3.577
Th,9/28/2006,5Y,3.616
Th,9/28/2006,10Y,3.699
Fr,9/29/2006,2Y,3.597
Fr,9/29/2006,5Y,3.638
Fr,9/29/2006,10Y,3.72
Mo,10/2/2006,2Y,3.586
Mo,10/2/2006,5Y,3.616
Mo,10/2/2006,10Y,3.699
Tu,10/3/2006,2Y,3.619
Tu,10/3/2006,5Y,3.656
Tu,10/3/2006,10Y,3.746
We,10/4/2006,2Y,3.597
We,10/4/2006,5Y,3.618
We,10/4/2006,10Y,3.709
Th,10/5/2006,2Y,3.599
Th,10/5/2006,5Y,3.628
Th,10/5/2006,10Y,3.723
Fr,10/6/2006,2Y,3.615
Fr,10/6/2006,5Y,3.66
Fr,10/6/2006,10Y,3.762
Mo,10/9/2006,2Y,3.63
Mo,10/9/2006,5Y,3.673
Mo,10/9/2006,10Y,3.771
Tu,10/10/2006,2Y,3.683
Tu,10/10/2006,5Y,3.741
Tu,10/10/2006,10Y,3.823
We,10/11/2006,2Y,3.679
We,10/11/2006,5Y,3.737
We,10/11/2006,10Y,3.821
Th,10/12/2006,2Y,3.668
Th,10/12/2006,5Y,3.726
Th,10/12/2006,10Y,3.815
Fr,10/13/2006,2Y,3.687
Fr,10/13/2006,5Y,3.753
Fr,10/13/2006,10Y,3.858
Mo,10/16/2006,2Y,3.684
Mo,10/16/2006,5Y,3.753
Mo,10/16/2006,10Y,3.857
Tu,10/17/2006,2Y,3.66
Tu,10/17/2006,5Y,3.724
Tu,10/17/2006,10Y,3.826
We,10/18/2006,2Y,3.663
We,10/18/2006,5Y,3.74
We,10/18/2006,10Y,3.841
Th,10/19/2006,2Y,3.685
Th,10/19/2006,5Y,3.757
Th,10/19/2006,10Y,3.867
Fr,10/20/2006,2Y,3.705
Fr,10/20/2006,5Y,3.767
Fr,10/20/2006,10Y,3.864
Mo,10/23/2006,2Y,3.738
Mo,10/23/2006,5Y,3.811
Mo,10/23/2006,10Y,3.9
Tu,10/24/2006,2Y,3.741
Tu,10/24/2006,5Y,3.806
Tu,10/24/2006,10Y,3.899
We,10/25/2006,2Y,3.751
We,10/25/2006,5Y,3.816
We,10/25/2006,10Y,3.91
Th,10/26/2006,2Y,3.746
Th,10/26/2006,5Y,3.798
Th,10/26/2006,10Y,3.883
Fr,10/27/2006,2Y,3.727
Fr,10/27/2006,5Y,3.76
Fr,10/27/2006,10Y,3.834
Mo,10/30/2006,2Y,3.73
Mo,10/30/2006,5Y,3.752
Mo,10/30/2006,10Y,3.818
Tu,10/31/2006,2Y,3.682
Tu,10/31/2006,5Y,3.694
Tu,10/31/2006,10Y,3.766
We,11/1/2006,2Y,3.64
We,11/1/2006,5Y,3.652
We,11/1/2006,10Y,3.732
Th,11/2/2006,2Y,3.673
Th,11/2/2006,5Y,3.684
Th,11/2/2006,10Y,3.766
Fr,11/3/2006,2Y,3.723
Fr,11/3/2006,5Y,3.74
Fr,11/3/2006,10Y,3.8
Mo,11/6/2006,2Y,3.745
Mo,11/6/2006,5Y,3.759
Mo,11/6/2006,10Y,3.819
Tu,11/7/2006,2Y,3.727
Tu,11/7/2006,5Y,3.72
Tu,11/7/2006,10Y,3.766
We,11/8/2006,2Y,3.756
We,11/8/2006,5Y,3.748
We,11/8/2006,10Y,3.784
Th,11/9/2006,2Y,3.739
Th,11/9/2006,5Y,3.726
Th,11/9/2006,10Y,3.767
Fr,11/10/2006,2Y,3.695
Fr,11/10/2006,5Y,3.683
Fr,11/10/2006,10Y,3.739
Mo,11/13/2006,2Y,3.713
Mo,11/13/2006,5Y,3.711
Mo,11/13/2006,10Y,3.765
Tu,11/14/2006,2Y,3.706
Tu,11/14/2006,5Y,3.687
Tu,11/14/2006,10Y,3.739
We,11/15/2006,2Y,3.728
We,11/15/2006,5Y,3.716
We,11/15/2006,10Y,3.769
Th,11/16/2006,2Y,3.742
Th,11/16/2006,5Y,3.731
Th,11/16/2006,10Y,3.779
Fr,11/17/2006,2Y,3.717
Fr,11/17/2006,5Y,3.699
Fr,11/17/2006,10Y,3.747
Mo,11/20/2006,2Y,3.686
Mo,11/20/2006,5Y,3.68
Mo,11/20/2006,10Y,3.736
Tu,11/21/2006,2Y,3.7
Tu,11/21/2006,5Y,3.686
Tu,11/21/2006,10Y,3.737
We,11/22/2006,2Y,3.683
We,11/22/2006,5Y,3.677
We,11/22/2006,10Y,3.736
Th,11/23/2006,2Y,3.726
Th,11/23/2006,5Y,3.715
Th,11/23/2006,10Y,3.764
Fr,11/24/2006,2Y,3.687
Fr,11/24/2006,5Y,3.664
Fr,11/24/2006,10Y,3.718
Mo,11/27/2006,2Y,3.682
Mo,11/27/2006,5Y,3.671
Mo,11/27/2006,10Y,3.743
Tu,11/28/2006,2Y,3.673
Tu,11/28/2006,5Y,3.656
Tu,11/28/2006,10Y,3.727
We,11/29/2006,2Y,3.699
We,11/29/2006,5Y,3.681
We,11/29/2006,10Y,3.744
Th,11/30/2006,2Y,3.675
Th,11/30/2006,5Y,3.654
Th,11/30/2006,10Y,3.716
Fr,12/1/2006,2Y,3.64
Fr,12/1/2006,5Y,3.62
Fr,12/1/2006,10Y,3.687
Mo,12/4/2006,2Y,3.626
Mo,12/4/2006,5Y,3.62
Mo,12/4/2006,10Y,3.695
Tu,12/5/2006,2Y,3.653
Tu,12/5/2006,5Y,3.639
Tu,12/5/2006,10Y,3.704
We,12/6/2006,2Y,3.676
We,12/6/2006,5Y,3.662
We,12/6/2006,10Y,3.712
Th,12/7/2006,2Y,3.719
Th,12/7/2006,5Y,3.704
Th,12/7/2006,10Y,3.736
Fr,12/8/2006,2Y,3.728
Fr,12/8/2006,5Y,3.723
Fr,12/8/2006,10Y,3.754
Mo,12/11/2006,2Y,3.751
Mo,12/11/2006,5Y,3.748
Mo,12/11/2006,10Y,3.771
Tu,12/12/2006,2Y,3.757
Tu,12/12/2006,5Y,3.749
Tu,12/12/2006,10Y,3.765
We,12/13/2006,2Y,3.779
We,12/13/2006,5Y,3.767
We,12/13/2006,10Y,3.778
Th,12/14/2006,2Y,3.804
Th,12/14/2006,5Y,3.802
Th,12/14/2006,10Y,3.815
Fr,12/15/2006,2Y,3.818
Fr,12/15/2006,5Y,3.815
Fr,12/15/2006,10Y,3.834
Mo,12/18/2006,2Y,3.83
Mo,12/18/2006,5Y,3.837
Mo,12/18/2006,10Y,3.865
Tu,12/19/2006,2Y,3.847
Tu,12/19/2006,5Y,3.864
Tu,12/19/2006,10Y,3.901
We,12/20/2006,2Y,3.849
We,12/20/2006,5Y,3.864
We,12/20/2006,10Y,3.897
Th,12/21/2006,2Y,3.86
Th,12/21/2006,5Y,3.878
Th,12/21/2006,10Y,3.913
Fr,12/22/2006,2Y,3.871
Fr,12/22/2006,5Y,3.885
Fr,12/22/2006,10Y,3.919
Mo,12/25/2006,2Y,3.866
Mo,12/25/2006,5Y,3.883
Mo,12/25/2006,10Y,3.919
Tu,12/26/2006,2Y,3.866
Tu,12/26/2006,5Y,3.884
Tu,12/26/2006,10Y,3.92
We,12/27/2006,2Y,3.904
We,12/27/2006,5Y,3.925
We,12/27/2006,10Y,3.965
Th,12/28/2006,2Y,3.917
Th,12/28/2006,5Y,3.947
Th,12/28/2006,10Y,3.991
Fr,12/29/2006,2Y,3.913
Fr,12/29/2006,5Y,3.934
Fr,12/29/2006,10Y,3.981
Mo,1/1/2007,2Y,3.912
Mo,1/1/2007,5Y,3.937
Mo,1/1/2007,10Y,3.984
Tu,1/2/2007,2Y,3.893
Tu,1/2/2007,5Y,3.912
Tu,1/2/2007,10Y,3.966
We,1/3/2007,2Y,3.9
We,1/3/2007,5Y,3.924
We,1/3/2007,10Y,3.984
Th,1/4/2007,2Y,3.892
Th,1/4/2007,5Y,3.907
Th,1/4/2007,10Y,3.977
Fr,1/5/2007,2Y,3.926
Fr,1/5/2007,5Y,3.954
Fr,1/5/2007,10Y,4.028
Mo,1/8/2007,2Y,3.918
Mo,1/8/2007,5Y,3.943
Mo,1/8/2007,10Y,4.019
Tu,1/9/2007,2Y,3.94
Tu,1/9/2007,5Y,3.966
Tu,1/9/2007,10Y,4.047
We,1/10/2007,2Y,3.955
We,1/10/2007,5Y,3.983
We,1/10/2007,10Y,4.063
Th,1/11/2007,2Y,3.928
Th,1/11/2007,5Y,3.961
Th,1/11/2007,10Y,4.056
Fr,1/12/2007,2Y,3.956
Fr,1/12/2007,5Y,4.003
Fr,1/12/2007,10Y,4.106
Mo,1/15/2007,2Y,3.957
Mo,1/15/2007,5Y,3.999
Mo,1/15/2007,10Y,4.098
Tu,1/16/2007,2Y,3.958
Tu,1/16/2007,5Y,3.997
Tu,1/16/2007,10Y,4.085
We,1/17/2007,2Y,3.952
We,1/17/2007,5Y,3.995
We,1/17/2007,10Y,4.086
Th,1/18/2007,2Y,3.973
Th,1/18/2007,5Y,4.021
Th,1/18/2007,10Y,4.11
Fr,1/19/2007,2Y,3.979
Fr,1/19/2007,5Y,4.019
Fr,1/19/2007,10Y,4.099
Mo,1/22/2007,2Y,3.955
Mo,1/22/2007,5Y,3.991
Mo,1/22/2007,10Y,4.071
Tu,1/23/2007,2Y,3.967
Tu,1/23/2007,5Y,3.999
Tu,1/23/2007,10Y,4.069
We,1/24/2007,2Y,3.985
We,1/24/2007,5Y,4.021
We,1/24/2007,10Y,4.088
Th,1/25/2007,2Y,3.995
Th,1/25/2007,5Y,4.047
Th,1/25/2007,10Y,4.128
Fr,1/26/2007,2Y,3.997
Fr,1/26/2007,5Y,4.05
Fr,1/26/2007,10Y,4.138
Mo,1/29/2007,2Y,4.015
Mo,1/29/2007,5Y,4.067
Mo,1/29/2007,10Y,4.155
Tu,1/30/2007,2Y,4.011
Tu,1/30/2007,5Y,4.056
Tu,1/30/2007,10Y,4.157
We,1/31/2007,2Y,4.006
We,1/31/2007,5Y,4.048
We,1/31/2007,10Y,4.147
Th,2/1/2007,2Y,3.981
Th,2/1/2007,5Y,4.041
Th,2/1/2007,10Y,4.14
Fr,2/2/2007,2Y,3.943
Fr,2/2/2007,5Y,3.998
Fr,2/2/2007,10Y,4.109
Mo,2/5/2007,2Y,3.92
Mo,2/5/2007,5Y,3.972
Mo,2/5/2007,10Y,4.083
Tu,2/6/2007,2Y,3.935
Tu,2/6/2007,5Y,3.978
Tu,2/6/2007,10Y,4.082
We,2/7/2007,2Y,3.944
We,2/7/2007,5Y,3.982
We,2/7/2007,10Y,4.079
Th,2/8/2007,2Y,3.968
Th,2/8/2007,5Y,4.017
Th,2/8/2007,10Y,4.096
Fr,2/9/2007,2Y,3.996
Fr,2/9/2007,5Y,4.053
Fr,2/9/2007,10Y,4.14
Mo,2/12/2007,2Y,3.995
Mo,2/12/2007,5Y,4.059
Mo,2/12/2007,10Y,4.156
Tu,2/13/2007,2Y,4.012
Tu,2/13/2007,5Y,4.077
Tu,2/13/2007,10Y,4.173
We,2/14/2007,2Y,3.999
We,2/14/2007,5Y,4.053
We,2/14/2007,10Y,4.146
Th,2/15/2007,2Y,3.961
Th,2/15/2007,5Y,3.999
Th,2/15/2007,10Y,4.091
Fr,2/16/2007,2Y,3.983
Fr,2/16/2007,5Y,4.019
Fr,2/16/2007,10Y,4.1
Mo,2/19/2007,2Y,4.001
Mo,2/19/2007,5Y,4.038
Mo,2/19/2007,10Y,4.116
Tu,2/20/2007,2Y,3.993
Tu,2/20/2007,5Y,4.036
Tu,2/20/2007,10Y,4.111
We,2/21/2007,2Y,3.991
We,2/21/2007,5Y,4.026
We,2/21/2007,10Y,4.101
Th,2/22/2007,2Y,4.015
Th,2/22/2007,5Y,4.057
Th,2/22/2007,10Y,4.136
Fr,2/23/2007,2Y,3.996
Fr,2/23/2007,5Y,4.02
Fr,2/23/2007,10Y,4.096
Mo,2/26/2007,2Y,3.961
Mo,2/26/2007,5Y,3.968
Mo,2/26/2007,10Y,4.044
Tu,2/27/2007,2Y,3.928
Tu,2/27/2007,5Y,3.936
Tu,2/27/2007,10Y,4.014
We,2/28/2007,2Y,3.908
We,2/28/2007,5Y,3.918
We,2/28/2007,10Y,4.009
Th,3/1/2007,2Y,3.896
Th,3/1/2007,5Y,3.901
Th,3/1/2007,10Y,3.997
Fr,3/2/2007,2Y,3.869
Fr,3/2/2007,5Y,3.88
Fr,3/2/2007,10Y,3.986
Mo,3/5/2007,2Y,3.869
Mo,3/5/2007,5Y,3.859
Mo,3/5/2007,10Y,3.965
Tu,3/6/2007,2Y,3.891
Tu,3/6/2007,5Y,3.876
Tu,3/6/2007,10Y,3.968
We,3/7/2007,2Y,3.895
We,3/7/2007,5Y,3.879
We,3/7/2007,10Y,3.97
Th,3/8/2007,2Y,3.919
Th,3/8/2007,5Y,3.893
Th,3/8/2007,10Y,3.98
Fr,3/9/2007,2Y,3.95
Fr,3/9/2007,5Y,3.928
Fr,3/9/2007,10Y,4.007
Mo,3/12/2007,2Y,3.935
Mo,3/12/2007,5Y,3.902
Mo,3/12/2007,10Y,3.979
Tu,3/13/2007,2Y,3.922
Tu,3/13/2007,5Y,3.881
Tu,3/13/2007,10Y,3.952
We,3/14/2007,2Y,3.9
We,3/14/2007,5Y,3.854
We,3/14/2007,10Y,3.929
Th,3/15/2007,2Y,3.938
Th,3/15/2007,5Y,3.893
Th,3/15/2007,10Y,3.956
Fr,3/16/2007,2Y,3.946
Fr,3/16/2007,5Y,3.903
Fr,3/16/2007,10Y,3.955
Mo,3/19/2007,2Y,3.975
Mo,3/19/2007,5Y,3.934
Mo,3/19/2007,10Y,3.976
Tu,3/20/2007,2Y,3.963
Tu,3/20/2007,5Y,3.917
Tu,3/20/2007,10Y,3.959
We,3/21/2007,2Y,3.971
We,3/21/2007,5Y,3.931
We,3/21/2007,10Y,3.982
Th,3/22/2007,2Y,3.968
Th,3/22/2007,5Y,3.936
Th,3/22/2007,10Y,4.005
Fr,3/23/2007,2Y,3.994
Fr,3/23/2007,5Y,3.983
Fr,3/23/2007,10Y,4.057
Mo,3/26/2007,2Y,3.997
Mo,3/26/2007,5Y,3.981
Mo,3/26/2007,10Y,4.057
Tu,3/27/2007,2Y,4.014
Tu,3/27/2007,5Y,4.006
Tu,3/27/2007,10Y,4.078
We,3/28/2007,2Y,4.013
We,3/28/2007,5Y,4.01
We,3/28/2007,10Y,4.089
Th,3/29/2007,2Y,4.033
Th,3/29/2007,5Y,4.032
Th,3/29/2007,10Y,4.109
Fr,3/30/2007,2Y,4.042
Fr,3/30/2007,5Y,4.04
Fr,3/30/2007,10Y,4.113
Mo,4/2/2007,2Y,4.068
Mo,4/2/2007,5Y,4.067
Mo,4/2/2007,10Y,4.128
Tu,4/3/2007,2Y,4.071
Tu,4/3/2007,5Y,4.076
Tu,4/3/2007,10Y,4.153
We,4/4/2007,2Y,4.048
We,4/4/2007,5Y,4.05
We,4/4/2007,10Y,4.126
Th,4/5/2007,2Y,4.061
Th,4/5/2007,5Y,4.072
Th,4/5/2007,10Y,4.149
Fr,4/6/2007,2Y,4.065
Fr,4/6/2007,5Y,4.073
Fr,4/6/2007,10Y,4.152
Mo,4/9/2007,2Y,4.067
Mo,4/9/2007,5Y,4.074
Mo,4/9/2007,10Y,4.152
Tu,4/10/2007,2Y,4.094
Tu,4/10/2007,5Y,4.106
Tu,4/10/2007,10Y,4.181
We,4/11/2007,2Y,4.109
We,4/11/2007,5Y,4.122
We,4/11/2007,10Y,4.195
Th,4/12/2007,2Y,4.13
Th,4/12/2007,5Y,4.153
Th,4/12/2007,10Y,4.233
Fr,4/13/2007,2Y,4.161
Fr,4/13/2007,5Y,4.2
Fr,4/13/2007,10Y,4.284
Mo,4/16/2007,2Y,4.151
Mo,4/16/2007,5Y,4.172
Mo,4/16/2007,10Y,4.258
Tu,4/17/2007,2Y,4.141
Tu,4/17/2007,5Y,4.151
Tu,4/17/2007,10Y,4.234
We,4/18/2007,2Y,4.137
We,4/18/2007,5Y,4.134
We,4/18/2007,10Y,4.206
Th,4/19/2007,2Y,4.159
Th,4/19/2007,5Y,4.172
Th,4/19/2007,10Y,4.25
Fr,4/20/2007,2Y,4.162
Fr,4/20/2007,5Y,4.176
Fr,4/20/2007,10Y,4.255
Mo,4/23/2007,2Y,4.153
Mo,4/23/2007,5Y,4.157
Mo,4/23/2007,10Y,4.231
Tu,4/24/2007,2Y,4.146
Tu,4/24/2007,5Y,4.147
Tu,4/24/2007,10Y,4.211
We,4/25/2007,2Y,4.156
We,4/25/2007,5Y,4.168
We,4/25/2007,10Y,4.236
Th,4/26/2007,2Y,4.188
Th,4/26/2007,5Y,4.203
Th,4/26/2007,10Y,4.269
Fr,4/27/2007,2Y,4.19
Fr,4/27/2007,5Y,4.204
Fr,4/27/2007,10Y,4.266
Mo,4/30/2007,2Y,4.154
Mo,4/30/2007,5Y,4.14
Mo,4/30/2007,10Y,4.198
Tu,5/1/2007,2Y,4.155
Tu,5/1/2007,5Y,4.132
Tu,5/1/2007,10Y,4.192
We,5/2/2007,2Y,4.198
We,5/2/2007,5Y,4.203
We,5/2/2007,10Y,4.256
Th,5/3/2007,2Y,4.205
Th,5/3/2007,5Y,4.218
Th,5/3/2007,10Y,4.273
Fr,5/4/2007,2Y,4.186
Fr,5/4/2007,5Y,4.186
Fr,5/4/2007,10Y,4.237
Mo,5/7/2007,2Y,4.205
Mo,5/7/2007,5Y,4.208
Mo,5/7/2007,10Y,4.252
Tu,5/8/2007,2Y,4.189
Tu,5/8/2007,5Y,4.186
Tu,5/8/2007,10Y,4.236
We,5/9/2007,2Y,4.197
We,5/9/2007,5Y,4.198
We,5/9/2007,10Y,4.25
Th,5/10/2007,2Y,4.193
Th,5/10/2007,5Y,4.202
Th,5/10/2007,10Y,4.255
Fr,5/11/2007,2Y,4.193
Fr,5/11/2007,5Y,4.206
Fr,5/11/2007,10Y,4.261
Mo,5/14/2007,2Y,4.228
Mo,5/14/2007,5Y,4.258
Mo,5/14/2007,10Y,4.313
Tu,5/15/2007,2Y,4.262
Tu,5/15/2007,5Y,4.29
Tu,5/15/2007,10Y,4.345
We,5/16/2007,2Y,4.289
We,5/16/2007,5Y,4.301
We,5/16/2007,10Y,4.348
Th,5/17/2007,2Y,4.298
Th,5/17/2007,5Y,4.311
Th,5/17/2007,10Y,4.356
Fr,5/18/2007,2Y,4.298
Fr,5/18/2007,5Y,4.308
Fr,5/18/2007,10Y,4.355
Mo,5/21/2007,2Y,4.302
Mo,5/21/2007,5Y,4.318
Mo,5/21/2007,10Y,4.366
Tu,5/22/2007,2Y,4.322
Tu,5/22/2007,5Y,4.34
Tu,5/22/2007,10Y,4.383
We,5/23/2007,2Y,4.352
We,5/23/2007,5Y,4.375
We,5/23/2007,10Y,4.413
Th,5/24/2007,2Y,4.327
Th,5/24/2007,5Y,4.357
Th,5/24/2007,10Y,4.399
Fr,5/25/2007,2Y,4.363
Fr,5/25/2007,5Y,4.391
Fr,5/25/2007,10Y,4.422
Mo,5/28/2007,2Y,4.368
Mo,5/28/2007,5Y,4.402
Mo,5/28/2007,10Y,4.43
Tu,5/29/2007,2Y,4.381
Tu,5/29/2007,5Y,4.407
Tu,5/29/2007,10Y,4.436
We,5/30/2007,2Y,4.382
We,5/30/2007,5Y,4.406
We,5/30/2007,10Y,4.433
Th,5/31/2007,2Y,4.407
Th,5/31/2007,5Y,4.436
Th,5/31/2007,10Y,4.457
Fr,6/1/2007,2Y,4.44
Fr,6/1/2007,5Y,4.477
Fr,6/1/2007,10Y,4.495
Mo,6/4/2007,2Y,4.434
Mo,6/4/2007,5Y,4.468
Mo,6/4/2007,10Y,4.491
Tu,6/5/2007,2Y,4.446
Tu,6/5/2007,5Y,4.497
Tu,6/5/2007,10Y,4.53
We,6/6/2007,2Y,4.405
We,6/6/2007,5Y,4.455
We,6/6/2007,10Y,4.496
Th,6/7/2007,2Y,4.448
Th,6/7/2007,5Y,4.529
Th,6/7/2007,10Y,4.583
Fr,6/8/2007,2Y,4.451
Fr,6/8/2007,5Y,4.544
Fr,6/8/2007,10Y,4.607
Mo,6/11/2007,2Y,4.452
Mo,6/11/2007,5Y,4.542
Mo,6/11/2007,10Y,4.601
Tu,6/12/2007,2Y,4.479
Tu,6/12/2007,5Y,4.585
Tu,6/12/2007,10Y,4.645
We,6/13/2007,2Y,4.491
We,6/13/2007,5Y,4.615
We,6/13/2007,10Y,4.679
Th,6/14/2007,2Y,4.479
Th,6/14/2007,5Y,4.606
Th,6/14/2007,10Y,4.681
Fr,6/15/2007,2Y,4.486
Fr,6/15/2007,5Y,4.617
Fr,6/15/2007,10Y,4.694
Mo,6/18/2007,2Y,4.478
Mo,6/18/2007,5Y,4.611
Mo,6/18/2007,10Y,4.701
Tu,6/19/2007,2Y,4.439
Tu,6/19/2007,5Y,4.567
Tu,6/19/2007,10Y,4.655
We,6/20/2007,2Y,4.477
We,6/20/2007,5Y,4.611
We,6/20/2007,10Y,4.682
Th,6/21/2007,2Y,4.47
Th,6/21/2007,5Y,4.61
Th,6/21/2007,10Y,4.689
Fr,6/22/2007,2Y,4.462
Fr,6/22/2007,5Y,4.608
Fr,6/22/2007,10Y,4.697
Mo,6/25/2007,2Y,4.447
Mo,6/25/2007,5Y,4.579
Mo,6/25/2007,10Y,4.664
Tu,6/26/2007,2Y,4.475
Tu,6/26/2007,5Y,4.579
Tu,6/26/2007,10Y,4.648
We,6/27/2007,2Y,4.448
We,6/27/2007,5Y,4.53
We,6/27/2007,10Y,4.594
Th,6/28/2007,2Y,4.485
Th,6/28/2007,5Y,4.558
Th,6/28/2007,10Y,4.612
Fr,6/29/2007,2Y,4.5
Fr,6/29/2007,5Y,4.571
Fr,6/29/2007,10Y,4.62
Mo,7/2/2007,2Y,4.461
Mo,7/2/2007,5Y,4.513
Mo,7/2/2007,10Y,4.56
Tu,7/3/2007,2Y,4.489
Tu,7/3/2007,5Y,4.559
Tu,7/3/2007,10Y,4.614
We,7/4/2007,2Y,4.521
We,7/4/2007,5Y,4.598
We,7/4/2007,10Y,4.657
Th,7/5/2007,2Y,4.554
Th,7/5/2007,5Y,4.642
Th,7/5/2007,10Y,4.706
Fr,7/6/2007,2Y,4.574
Fr,7/6/2007,5Y,4.676
Fr,7/6/2007,10Y,4.74
Mo,7/9/2007,2Y,4.564
Mo,7/9/2007,5Y,4.665
Mo,7/9/2007,10Y,4.73
Tu,7/10/2007,2Y,4.511
Tu,7/10/2007,5Y,4.586
Tu,7/10/2007,10Y,4.648
We,7/11/2007,2Y,4.52
We,7/11/2007,5Y,4.587
We,7/11/2007,10Y,4.649
Th,7/12/2007,2Y,4.554
Th,7/12/2007,5Y,4.633
Th,7/12/2007,10Y,4.69
Fr,7/13/2007,2Y,4.563
Fr,7/13/2007,5Y,4.637
Fr,7/13/2007,10Y,4.683
Mo,7/16/2007,2Y,4.538
Mo,7/16/2007,5Y,4.604
Mo,7/16/2007,10Y,4.648
Tu,7/17/2007,2Y,4.556
Tu,7/17/2007,5Y,4.629
Tu,7/17/2007,10Y,4.664
We,7/18/2007,2Y,4.527
We,7/18/2007,5Y,4.584
We,7/18/2007,10Y,4.612
Th,7/19/2007,2Y,4.545
Th,7/19/2007,5Y,4.594
Th,7/19/2007,10Y,4.615
Fr,7/20/2007,2Y,4.47
Fr,7/20/2007,5Y,4.484
Fr,7/20/2007,10Y,4.503
Mo,7/23/2007,2Y,4.467
Mo,7/23/2007,5Y,4.484
Mo,7/23/2007,10Y,4.512
Tu,7/24/2007,2Y,4.45
Tu,7/24/2007,5Y,4.468
Tu,7/24/2007,10Y,4.499
We,7/25/2007,2Y,4.432
We,7/25/2007,5Y,4.445
We,7/25/2007,10Y,4.475
Th,7/26/2007,2Y,4.338
Th,7/26/2007,5Y,4.358
Th,7/26/2007,10Y,4.412
Fr,7/27/2007,2Y,4.327
Fr,7/27/2007,5Y,4.362
Fr,7/27/2007,10Y,4.414
Mo,7/30/2007,2Y,4.31
Mo,7/30/2007,5Y,4.339
Mo,7/30/2007,10Y,4.404
Tu,7/31/2007,2Y,4.359
Tu,7/31/2007,5Y,4.387
Tu,7/31/2007,10Y,4.439
We,8/1/2007,2Y,4.344
We,8/1/2007,5Y,4.379
We,8/1/2007,10Y,4.445
Th,8/2/2007,2Y,4.389
Th,8/2/2007,5Y,4.413
Th,8/2/2007,10Y,4.463
Fr,8/3/2007,2Y,4.336
Fr,8/3/2007,5Y,4.351
Fr,8/3/2007,10Y,4.406
Mo,8/6/2007,2Y,4.327
Mo,8/6/2007,5Y,4.35
Mo,8/6/2007,10Y,4.414
Tu,8/7/2007,2Y,4.36
Tu,8/7/2007,5Y,4.379
Tu,8/7/2007,10Y,4.435
We,8/8/2007,2Y,4.439
We,8/8/2007,5Y,4.461
We,8/8/2007,10Y,4.51
Th,8/9/2007,2Y,4.349
Th,8/9/2007,5Y,4.396
Th,8/9/2007,10Y,4.472
Fr,8/10/2007,2Y,4.267
Fr,8/10/2007,5Y,4.343
Fr,8/10/2007,10Y,4.44
Mo,8/13/2007,2Y,4.279
Mo,8/13/2007,5Y,4.354
Mo,8/13/2007,10Y,4.453
Tu,8/14/2007,2Y,4.252
Tu,8/14/2007,5Y,4.331
Tu,8/14/2007,10Y,4.437
We,8/15/2007,2Y,4.185
We,8/15/2007,5Y,4.277
We,8/15/2007,10Y,4.41
Th,8/16/2007,2Y,4.003
Th,8/16/2007,5Y,4.132
Th,8/16/2007,10Y,4.324
Fr,8/17/2007,2Y,4.011
Fr,8/17/2007,5Y,4.144
Fr,8/17/2007,10Y,4.365
Mo,8/20/2007,2Y,4.003
Mo,8/20/2007,5Y,4.129
Mo,8/20/2007,10Y,4.35
Tu,8/21/2007,2Y,3.932
Tu,8/21/2007,5Y,4.074
Tu,8/21/2007,10Y,4.309
We,8/22/2007,2Y,4.102
We,8/22/2007,5Y,4.189
We,8/22/2007,10Y,4.373
Th,8/23/2007,2Y,4.088
Th,8/23/2007,5Y,4.168
Th,8/23/2007,10Y,4.346
Fr,8/24/2007,2Y,4.093
Fr,8/24/2007,5Y,4.175
Fr,8/24/2007,10Y,4.343
Mo,8/27/2007,2Y,4.081
Mo,8/27/2007,5Y,4.16
Mo,8/27/2007,10Y,4.333
Tu,8/28/2007,2Y,4.048
Tu,8/28/2007,5Y,4.139
Tu,8/28/2007,10Y,4.309
We,8/29/2007,2Y,4.039
We,8/29/2007,5Y,4.133
We,8/29/2007,10Y,4.308
Th,8/30/2007,2Y,4.042
Th,8/30/2007,5Y,4.143
Th,8/30/2007,10Y,4.316
Fr,8/31/2007,2Y,4.079
Fr,8/31/2007,5Y,4.18
Fr,8/31/2007,10Y,4.328
Mo,9/3/2007,2Y,4.094
Mo,9/3/2007,5Y,4.2
Mo,9/3/2007,10Y,4.352
Tu,9/4/2007,2Y,4.088
Tu,9/4/2007,5Y,4.208
Tu,9/4/2007,10Y,4.367
We,9/5/2007,2Y,4.022
We,9/5/2007,5Y,4.137
We,9/5/2007,10Y,4.303
Th,9/6/2007,2Y,4.025
Th,9/6/2007,5Y,4.139
Th,9/6/2007,10Y,4.31
Fr,9/7/2007,2Y,3.924
Fr,9/7/2007,5Y,4.042
Fr,9/7/2007,10Y,4.233
Mo,9/10/2007,2Y,3.903
Mo,9/10/2007,5Y,4.01
Mo,9/10/2007,10Y,4.198
Tu,9/11/2007,2Y,3.94
Tu,9/11/2007,5Y,4.039
Tu,9/11/2007,10Y,4.216
We,9/12/2007,2Y,3.987
We,9/12/2007,5Y,4.076
We,9/12/2007,10Y,4.24
Th,9/13/2007,2Y,4.074
Th,9/13/2007,5Y,4.145
Th,9/13/2007,10Y,4.277
Fr,9/14/2007,2Y,4.051
Fr,9/14/2007,5Y,4.122
Fr,9/14/2007,10Y,4.27
Mo,9/17/2007,2Y,4.05
Mo,9/17/2007,5Y,4.104
Mo,9/17/2007,10Y,4.249
Tu,9/18/2007,2Y,4.109
Tu,9/18/2007,5Y,4.195
Tu,9/18/2007,10Y,4.316
We,9/19/2007,2Y,4.117
We,9/19/2007,5Y,4.229
We,9/19/2007,10Y,4.371
Th,9/20/2007,2Y,4.139
Th,9/20/2007,5Y,4.269
Th,9/20/2007,10Y,4.426
Fr,9/21/2007,2Y,4.118
Fr,9/21/2007,5Y,4.268
Fr,9/21/2007,10Y,4.445
Mo,9/24/2007,2Y,4.11
Mo,9/24/2007,5Y,4.274
Mo,9/24/2007,10Y,4.455
Tu,9/25/2007,2Y,4.073
Tu,9/25/2007,5Y,4.229
Tu,9/25/2007,10Y,4.415
We,9/26/2007,2Y,4.138
We,9/26/2007,5Y,4.297
We,9/26/2007,10Y,4.473
Th,9/27/2007,2Y,4.133
Th,9/27/2007,5Y,4.278
Th,9/27/2007,10Y,4.461
Fr,9/28/2007,2Y,4.088
Fr,9/28/2007,5Y,4.228
Fr,9/28/2007,10Y,4.413
Mo,10/1/2007,2Y,4.067
Mo,10/1/2007,5Y,4.209
Mo,10/1/2007,10Y,4.41
Tu,10/2/2007,2Y,4.069
Tu,10/2/2007,5Y,4.206
Tu,10/2/2007,10Y,4.403
We,10/3/2007,2Y,4.081
We,10/3/2007,5Y,4.23
We,10/3/2007,10Y,4.414
Th,10/4/2007,2Y,4.035
Th,10/4/2007,5Y,4.169
Th,10/4/2007,10Y,4.358
Fr,10/5/2007,2Y,4.074
Fr,10/5/2007,5Y,4.231
Fr,10/5/2007,10Y,4.418
Mo,10/8/2007,2Y,4.092
Mo,10/8/2007,5Y,4.236
Mo,10/8/2007,10Y,4.421
Tu,10/9/2007,2Y,4.095
Tu,10/9/2007,5Y,4.219
Tu,10/9/2007,10Y,4.386
We,10/10/2007,2Y,4.128
We,10/10/2007,5Y,4.261
We,10/10/2007,10Y,4.419
Th,10/11/2007,2Y,4.165
Th,10/11/2007,5Y,4.309
Th,10/11/2007,10Y,4.453
Fr,10/12/2007,2Y,4.234
Fr,10/12/2007,5Y,4.362
Fr,10/12/2007,10Y,4.485
Mo,10/15/2007,2Y,4.267
Mo,10/15/2007,5Y,4.373
Mo,10/15/2007,10Y,4.49
Tu,10/16/2007,2Y,4.239
Tu,10/16/2007,5Y,4.368
Tu,10/16/2007,10Y,4.5
We,10/17/2007,2Y,4.203
We,10/17/2007,5Y,4.323
We,10/17/2007,10Y,4.467
Th,10/18/2007,2Y,4.126
Th,10/18/2007,5Y,4.234
Th,10/18/2007,10Y,4.406
Fr,10/19/2007,2Y,4.066
Fr,10/19/2007,5Y,4.144
Fr,10/19/2007,10Y,4.306
Mo,10/22/2007,2Y,4.046
Mo,10/22/2007,5Y,4.127
Mo,10/22/2007,10Y,4.275
Tu,10/23/2007,2Y,4.057
Tu,10/23/2007,5Y,4.13
Tu,10/23/2007,10Y,4.28
We,10/24/2007,2Y,3.997
We,10/24/2007,5Y,4.079
We,10/24/2007,10Y,4.232
Th,10/25/2007,2Y,3.993
Th,10/25/2007,5Y,4.078
Th,10/25/2007,10Y,4.244
Fr,10/26/2007,2Y,4.015
Fr,10/26/2007,5Y,4.097
Fr,10/26/2007,10Y,4.262
Mo,10/29/2007,2Y,4.029
Mo,10/29/2007,5Y,4.1
Mo,10/29/2007,10Y,4.259
Tu,10/30/2007,2Y,4.047
Tu,10/30/2007,5Y,4.111
Tu,10/30/2007,10Y,4.278
We,10/31/2007,2Y,4.148
We,10/31/2007,5Y,4.192
We,10/31/2007,10Y,4.331
Th,11/1/2007,2Y,4.096
Th,11/1/2007,5Y,4.134
Th,11/1/2007,10Y,4.296
Fr,11/2/2007,2Y,4.053
Fr,11/2/2007,5Y,4.093
Fr,11/2/2007,10Y,4.267
Mo,11/5/2007,2Y,4.048
Mo,11/5/2007,5Y,4.079
Mo,11/5/2007,10Y,4.288
Tu,11/6/2007,2Y,4.063
Tu,11/6/2007,5Y,4.1
Tu,11/6/2007,10Y,4.299
We,11/7/2007,2Y,4.028
We,11/7/2007,5Y,4.057
We,11/7/2007,10Y,4.272
Th,11/8/2007,2Y,3.981
Th,11/8/2007,5Y,4.016
Th,11/8/2007,10Y,4.25
Fr,11/9/2007,2Y,3.945
Fr,11/9/2007,5Y,3.968
Fr,11/9/2007,10Y,4.21
Mo,11/12/2007,2Y,3.956
Mo,11/12/2007,5Y,3.979
Mo,11/12/2007,10Y,4.225
Tu,11/13/2007,2Y,3.98
Tu,11/13/2007,5Y,4.016
Tu,11/13/2007,10Y,4.247
We,11/14/2007,2Y,4.016
We,11/14/2007,5Y,4.051
We,11/14/2007,10Y,4.267
Th,11/15/2007,2Y,3.959
Th,11/15/2007,5Y,4
Th,11/15/2007,10Y,4.242
Fr,11/16/2007,2Y,3.931
Fr,11/16/2007,5Y,3.981
Fr,11/16/2007,10Y,4.232
Mo,11/19/2007,2Y,3.867
Mo,11/19/2007,5Y,3.911
Mo,11/19/2007,10Y,4.183
Tu,11/20/2007,2Y,3.901
Tu,11/20/2007,5Y,3.931
Tu,11/20/2007,10Y,4.194
We,11/21/2007,2Y,3.826
We,11/21/2007,5Y,3.855
We,11/21/2007,10Y,4.157
Th,11/22/2007,2Y,3.829
Th,11/22/2007,5Y,3.851
Th,11/22/2007,10Y,4.157
Fr,11/23/2007,2Y,3.831
Fr,11/23/2007,5Y,3.885
Fr,11/23/2007,10Y,4.165
Mo,11/26/2007,2Y,3.827
Mo,11/26/2007,5Y,3.885
Mo,11/26/2007,10Y,4.156
Tu,11/27/2007,2Y,3.844
Tu,11/27/2007,5Y,3.91
Tu,11/27/2007,10Y,4.174
We,11/28/2007,2Y,3.906
We,11/28/2007,5Y,3.998
We,11/28/2007,10Y,4.244
Th,11/29/2007,2Y,3.855
Th,11/29/2007,5Y,3.947
Th,11/29/2007,10Y,4.2
Fr,11/30/2007,2Y,3.928
Fr,11/30/2007,5Y,4.023
Fr,11/30/2007,10Y,4.262
Mo,12/3/2007,2Y,3.877
Mo,12/3/2007,5Y,3.937
Mo,12/3/2007,10Y,4.198
Tu,12/4/2007,2Y,3.87
Tu,12/4/2007,5Y,3.903
Tu,12/4/2007,10Y,4.155
We,12/5/2007,2Y,3.873
We,12/5/2007,5Y,3.917
We,12/5/2007,10Y,4.159
Th,12/6/2007,2Y,3.943
Th,12/6/2007,5Y,3.97
Th,12/6/2007,10Y,4.203
Fr,12/7/2007,2Y,4.037
Fr,12/7/2007,5Y,4.09
Fr,12/7/2007,10Y,4.309
Mo,12/10/2007,2Y,4.081
Mo,12/10/2007,5Y,4.153
Mo,12/10/2007,10Y,4.372
Tu,12/11/2007,2Y,4.068
Tu,12/11/2007,5Y,4.12
Tu,12/11/2007,10Y,4.351
We,12/12/2007,2Y,4.124
We,12/12/2007,5Y,4.193
We,12/12/2007,10Y,4.411
Th,12/13/2007,2Y,4.125
Th,12/13/2007,5Y,4.178
Th,12/13/2007,10Y,4.398
Fr,12/14/2007,2Y,4.157
Fr,12/14/2007,5Y,4.202
Fr,12/14/2007,10Y,4.425
Mo,12/17/2007,2Y,4.145
Mo,12/17/2007,5Y,4.188
Mo,12/17/2007,10Y,4.404
Tu,12/18/2007,2Y,4.128
Tu,12/18/2007,5Y,4.187
Tu,12/18/2007,10Y,4.396
We,12/19/2007,2Y,4.087
We,12/19/2007,5Y,4.17
We,12/19/2007,10Y,4.4
Th,12/20/2007,2Y,4.069
Th,12/20/2007,5Y,4.143
Th,12/20/2007,10Y,4.365
Fr,12/21/2007,2Y,4.102
Fr,12/21/2007,5Y,4.189
Fr,12/21/2007,10Y,4.428
Mo,12/24/2007,2Y,4.108
Mo,12/24/2007,5Y,4.19
Mo,12/24/2007,10Y,4.431
Tu,12/25/2007,2Y,4.098
Tu,12/25/2007,5Y,4.188
Tu,12/25/2007,10Y,4.429
We,12/26/2007,2Y,4.098
We,12/26/2007,5Y,4.191
We,12/26/2007,10Y,4.429
Th,12/27/2007,2Y,4.158
Th,12/27/2007,5Y,4.238
Th,12/27/2007,10Y,4.467
Fr,12/28/2007,2Y,4.101
Fr,12/28/2007,5Y,4.198
Fr,12/28/2007,10Y,4.427
Mo,12/31/2007,2Y,4.074
Mo,12/31/2007,5Y,4.19
Mo,12/31/2007,10Y,4.422
Tu,1/1/2008,2Y,4.066
Tu,1/1/2008,5Y,4.189
Tu,1/1/2008,10Y,4.42
We,1/2/2008,2Y,3.989
We,1/2/2008,5Y,4.023
We,1/2/2008,10Y,4.294
Th,1/3/2008,2Y,3.965
Th,1/3/2008,5Y,4.004
Th,1/3/2008,10Y,4.294
Fr,1/4/2008,2Y,3.926
Fr,1/4/2008,5Y,3.94
Fr,1/4/2008,10Y,4.234
Mo,1/7/2008,2Y,3.941
Mo,1/7/2008,5Y,3.946
Mo,1/7/2008,10Y,4.235
Tu,1/8/2008,2Y,3.978
Tu,1/8/2008,5Y,3.982
Tu,1/8/2008,10Y,4.261
We,1/9/2008,2Y,3.924
We,1/9/2008,5Y,3.918
We,1/9/2008,10Y,4.201
Th,1/10/2008,2Y,3.928
Th,1/10/2008,5Y,3.933
Th,1/10/2008,10Y,4.205
Fr,1/11/2008,2Y,3.913
Fr,1/11/2008,5Y,3.906
Fr,1/11/2008,10Y,4.2
Mo,1/14/2008,2Y,3.855
Mo,1/14/2008,5Y,3.86
Mo,1/14/2008,10Y,4.16
Tu,1/15/2008,2Y,3.833
Tu,1/15/2008,5Y,3.826
Tu,1/15/2008,10Y,4.131
We,1/16/2008,2Y,3.74
We,1/16/2008,5Y,3.75
We,1/16/2008,10Y,4.083
Th,1/17/2008,2Y,3.712
Th,1/17/2008,5Y,3.728
Th,1/17/2008,10Y,4.076
Fr,1/18/2008,2Y,3.687
Fr,1/18/2008,5Y,3.705
Fr,1/18/2008,10Y,4.076
Mo,1/21/2008,2Y,3.584
Mo,1/21/2008,5Y,3.617
Mo,1/21/2008,10Y,4.019
Tu,1/22/2008,2Y,3.574
Tu,1/22/2008,5Y,3.694
Tu,1/22/2008,10Y,4.103
We,1/23/2008,2Y,3.45
We,1/23/2008,5Y,3.552
We,1/23/2008,10Y,4.005
Th,1/24/2008,2Y,3.66
Th,1/24/2008,5Y,3.729
Th,1/24/2008,10Y,4.115
Fr,1/25/2008,2Y,3.644
Fr,1/25/2008,5Y,3.718
Fr,1/25/2008,10Y,4.096
Mo,1/28/2008,2Y,3.637
Mo,1/28/2008,5Y,3.676
Mo,1/28/2008,10Y,4.072
Tu,1/29/2008,2Y,3.674
Tu,1/29/2008,5Y,3.712
Tu,1/29/2008,10Y,4.119
We,1/30/2008,2Y,3.673
We,1/30/2008,5Y,3.727
We,1/30/2008,10Y,4.142
Th,1/31/2008,2Y,3.574
Th,1/31/2008,5Y,3.618
Th,1/31/2008,10Y,4.054
Fr,2/1/2008,2Y,3.574
Fr,2/1/2008,5Y,3.61
Fr,2/1/2008,10Y,4.032
Mo,2/4/2008,2Y,3.595
Mo,2/4/2008,5Y,3.622
Mo,2/4/2008,10Y,4.045
Tu,2/5/2008,2Y,3.474
Tu,2/5/2008,5Y,3.491
Tu,2/5/2008,10Y,3.963
We,2/6/2008,2Y,3.474
We,2/6/2008,5Y,3.521
We,2/6/2008,10Y,4.011
Th,2/7/2008,2Y,3.331
Th,2/7/2008,5Y,3.414
Th,2/7/2008,10Y,3.995
Fr,2/8/2008,2Y,3.298
Fr,2/8/2008,5Y,3.399
Fr,2/8/2008,10Y,3.973
Mo,2/11/2008,2Y,3.304
Mo,2/11/2008,5Y,3.387
Mo,2/11/2008,10Y,3.979
Tu,2/12/2008,2Y,3.358
Tu,2/12/2008,5Y,3.471
Tu,2/12/2008,10Y,4.063
We,2/13/2008,2Y,3.374
We,2/13/2008,5Y,3.475
We,2/13/2008,10Y,4.07
Th,2/14/2008,2Y,3.42
Th,2/14/2008,5Y,3.55
Th,2/14/2008,10Y,4.121
Fr,2/15/2008,2Y,3.378
Fr,2/15/2008,5Y,3.479
Fr,2/15/2008,10Y,4.079
Mo,2/18/2008,2Y,3.456
Mo,2/18/2008,5Y,3.574
Mo,2/18/2008,10Y,4.138
Tu,2/19/2008,2Y,3.438
Tu,2/19/2008,5Y,3.548
Tu,2/19/2008,10Y,4.116
We,2/20/2008,2Y,3.489
We,2/20/2008,5Y,3.6
We,2/20/2008,10Y,4.148
Th,2/21/2008,2Y,3.558
Th,2/21/2008,5Y,3.641
Th,2/21/2008,10Y,4.131
Fr,2/22/2008,2Y,3.54
Fr,2/22/2008,5Y,3.614
Fr,2/22/2008,10Y,4.124
Mo,2/25/2008,2Y,3.542
Mo,2/25/2008,5Y,3.633
Mo,2/25/2008,10Y,4.156
Tu,2/26/2008,2Y,3.585
Tu,2/26/2008,5Y,3.684
Tu,2/26/2008,10Y,4.193
We,2/27/2008,2Y,3.562
We,2/27/2008,5Y,3.669
We,2/27/2008,10Y,4.203
Th,2/28/2008,2Y,3.478
Th,2/28/2008,5Y,3.556
Th,2/28/2008,10Y,4.11
Fr,2/29/2008,2Y,3.415
Fr,2/29/2008,5Y,3.434
Fr,2/29/2008,10Y,4.008
Mo,3/3/2008,2Y,3.451
Mo,3/3/2008,5Y,3.443
Mo,3/3/2008,10Y,3.994
Tu,3/4/2008,2Y,3.363
Tu,3/4/2008,5Y,3.41
Tu,3/4/2008,10Y,3.977
We,3/5/2008,2Y,3.332
We,3/5/2008,5Y,3.559
We,3/5/2008,10Y,4.081
Th,3/6/2008,2Y,3.377
Th,3/6/2008,5Y,3.548
Th,3/6/2008,10Y,4.038
Fr,3/7/2008,2Y,3.343
Fr,3/7/2008,5Y,3.516
Fr,3/7/2008,10Y,4.033
Mo,3/10/2008,2Y,3.256
Mo,3/10/2008,5Y,3.416
Mo,3/10/2008,10Y,3.957
Tu,3/11/2008,2Y,3.391
Tu,3/11/2008,5Y,3.52
Tu,3/11/2008,10Y,3.981
We,3/12/2008,2Y,3.414
We,3/12/2008,5Y,3.541
We,3/12/2008,10Y,3.955
Th,3/13/2008,2Y,3.385
Th,3/13/2008,5Y,3.53
Th,3/13/2008,10Y,3.96
Fr,3/14/2008,2Y,3.326
Fr,3/14/2008,5Y,3.504
Fr,3/14/2008,10Y,3.934
Mo,3/17/2008,2Y,3.229
Mo,3/17/2008,5Y,3.436
Mo,3/17/2008,10Y,3.908
Tu,3/18/2008,2Y,3.41
Tu,3/18/2008,5Y,3.574
Tu,3/18/2008,10Y,3.996
We,3/19/2008,2Y,3.498
We,3/19/2008,5Y,3.629
We,3/19/2008,10Y,3.966
Th,3/20/2008,2Y,3.564
Th,3/20/2008,5Y,3.674
Th,3/20/2008,10Y,3.955
Fr,3/21/2008,2Y,3.562
Fr,3/21/2008,5Y,3.676
Fr,3/21/2008,10Y,3.957
Mo,3/24/2008,2Y,3.567
Mo,3/24/2008,5Y,3.68
Mo,3/24/2008,10Y,3.958
Tu,3/25/2008,2Y,3.706
Tu,3/25/2008,5Y,3.839
Tu,3/25/2008,10Y,4.08
We,3/26/2008,2Y,3.694
We,3/26/2008,5Y,3.818
We,3/26/2008,10Y,4.097
Th,3/27/2008,2Y,3.647
Th,3/27/2008,5Y,3.816
Th,3/27/2008,10Y,4.143
Fr,3/28/2008,2Y,3.69
Fr,3/28/2008,5Y,3.842
Fr,3/28/2008,10Y,4.148
Mo,3/31/2008,2Y,3.654
Mo,3/31/2008,5Y,3.79
Mo,3/31/2008,10Y,4.11
Tu,4/1/2008,2Y,3.712
Tu,4/1/2008,5Y,3.868
Tu,4/1/2008,10Y,4.165
We,4/2/2008,2Y,3.768
We,4/2/2008,5Y,3.892
We,4/2/2008,10Y,4.178
Th,4/3/2008,2Y,3.707
Th,4/3/2008,5Y,3.864
Th,4/3/2008,10Y,4.177
Fr,4/4/2008,2Y,3.694
Fr,4/4/2008,5Y,3.838
Fr,4/4/2008,10Y,4.137
Mo,4/7/2008,2Y,3.77
Mo,4/7/2008,5Y,3.915
Mo,4/7/2008,10Y,4.252
Tu,4/8/2008,2Y,3.75
Tu,4/8/2008,5Y,3.898
Tu,4/8/2008,10Y,4.254
We,4/9/2008,2Y,3.7
We,4/9/2008,5Y,3.861
We,4/9/2008,10Y,4.235
Th,4/10/2008,2Y,3.667
Th,4/10/2008,5Y,3.837
Th,4/10/2008,10Y,4.225
Fr,4/11/2008,2Y,3.619
Fr,4/11/2008,5Y,3.756
Fr,4/11/2008,10Y,4.144
Mo,4/14/2008,2Y,3.632
Mo,4/14/2008,5Y,3.768
Mo,4/14/2008,10Y,4.142
Tu,4/15/2008,2Y,3.705
Tu,4/15/2008,5Y,3.852
Tu,4/15/2008,10Y,4.202
We,4/16/2008,2Y,3.788
We,4/16/2008,5Y,3.935
We,4/16/2008,10Y,4.278
Th,4/17/2008,2Y,3.889
Th,4/17/2008,5Y,4.028
Th,4/17/2008,10Y,4.314
Fr,4/18/2008,2Y,4.035
Fr,4/18/2008,5Y,4.12
Fr,4/18/2008,10Y,4.36
Mo,4/21/2008,2Y,3.967
Mo,4/21/2008,5Y,4.06
Mo,4/21/2008,10Y,4.332
Tu,4/22/2008,2Y,4.052
Tu,4/22/2008,5Y,4.134
Tu,4/22/2008,10Y,4.357
We,4/23/2008,2Y,4.008
We,4/23/2008,5Y,4.104
We,4/23/2008,10Y,4.354
Th,4/24/2008,2Y,4.02
Th,4/24/2008,5Y,4.132
Th,4/24/2008,10Y,4.392
Fr,4/25/2008,2Y,4.001
Fr,4/25/2008,5Y,4.124
Fr,4/25/2008,10Y,4.383
Mo,4/28/2008,2Y,3.981
Mo,4/28/2008,5Y,4.129
Mo,4/28/2008,10Y,4.409
Tu,4/29/2008,2Y,3.904
Tu,4/29/2008,5Y,4.054
Tu,4/29/2008,10Y,4.35
We,4/30/2008,2Y,3.904
We,4/30/2008,5Y,4.047
We,4/30/2008,10Y,4.328
Th,5/1/2008,2Y,3.894
Th,5/1/2008,5Y,4.035
Th,5/1/2008,10Y,4.317
Fr,5/2/2008,2Y,3.963
Fr,5/2/2008,5Y,4.137
Fr,5/2/2008,10Y,4.394
Mo,5/5/2008,2Y,3.971
Mo,5/5/2008,5Y,4.101
Mo,5/5/2008,10Y,4.353
Tu,5/6/2008,2Y,3.908
Tu,5/6/2008,5Y,4.042
Tu,5/6/2008,10Y,4.331
We,5/7/2008,2Y,3.92
We,5/7/2008,5Y,4.054
We,5/7/2008,10Y,4.366
Th,5/8/2008,2Y,3.844
Th,5/8/2008,5Y,3.947
Th,5/8/2008,10Y,4.261
Fr,5/9/2008,2Y,3.819
Fr,5/9/2008,5Y,3.904
Fr,5/9/2008,10Y,4.208
Mo,5/12/2008,2Y,3.885
Mo,5/12/2008,5Y,3.953
Mo,5/12/2008,10Y,4.229
Tu,5/13/2008,2Y,3.974
Tu,5/13/2008,5Y,4.046
Tu,5/13/2008,10Y,4.311
We,5/14/2008,2Y,4.064
We,5/14/2008,5Y,4.125
We,5/14/2008,10Y,4.379
Th,5/15/2008,2Y,4.144
Th,5/15/2008,5Y,4.169
Th,5/15/2008,10Y,4.406
Fr,5/16/2008,2Y,4.128
Fr,5/16/2008,5Y,4.15
Fr,5/16/2008,10Y,4.361
Mo,5/19/2008,2Y,4.17
Mo,5/19/2008,5Y,4.191
Mo,5/19/2008,10Y,4.408
Tu,5/20/2008,2Y,4.147
Tu,5/20/2008,5Y,4.154
Tu,5/20/2008,10Y,4.377
We,5/21/2008,2Y,4.253
We,5/21/2008,5Y,4.237
We,5/21/2008,10Y,4.447
Th,5/22/2008,2Y,4.326
Th,5/22/2008,5Y,4.284
Th,5/22/2008,10Y,4.471
Fr,5/23/2008,2Y,4.334
Fr,5/23/2008,5Y,4.271
Fr,5/23/2008,10Y,4.451
Mo,5/26/2008,2Y,4.334
Mo,5/26/2008,5Y,4.292
Mo,5/26/2008,10Y,4.468
Tu,5/27/2008,2Y,4.311
Tu,5/27/2008,5Y,4.3
Tu,5/27/2008,10Y,4.488
We,5/28/2008,2Y,4.323
We,5/28/2008,5Y,4.334
We,5/28/2008,10Y,4.528
Th,5/29/2008,2Y,4.424
Th,5/29/2008,5Y,4.436
Th,5/29/2008,10Y,4.616
Fr,5/30/2008,2Y,4.402
Fr,5/30/2008,5Y,4.419
Fr,5/30/2008,10Y,4.592
Mo,6/2/2008,2Y,4.355
Mo,6/2/2008,5Y,4.344
Mo,6/2/2008,10Y,4.537
Tu,6/3/2008,2Y,4.442
Tu,6/3/2008,5Y,4.433
Tu,6/3/2008,10Y,4.611
We,6/4/2008,2Y,4.411
We,6/4/2008,5Y,4.377
We,6/4/2008,10Y,4.572
Th,6/5/2008,2Y,4.683
Th,6/5/2008,5Y,4.557
Th,6/5/2008,10Y,4.653
Fr,6/6/2008,2Y,4.702
Fr,6/6/2008,5Y,4.582
Fr,6/6/2008,10Y,4.607
Mo,6/9/2008,2Y,4.773
Mo,6/9/2008,5Y,4.715
Mo,6/9/2008,10Y,4.699
Tu,6/10/2008,2Y,4.723
Tu,6/10/2008,5Y,4.723
Tu,6/10/2008,10Y,4.729
We,6/11/2008,2Y,4.685
We,6/11/2008,5Y,4.715
We,6/11/2008,10Y,4.757
Th,6/12/2008,2Y,4.683
Th,6/12/2008,5Y,4.776
Th,6/12/2008,10Y,4.797
Fr,6/13/2008,2Y,4.725
Fr,6/13/2008,5Y,4.838
Fr,6/13/2008,10Y,4.825
Mo,6/16/2008,2Y,4.776
Mo,6/16/2008,5Y,4.899
Mo,6/16/2008,10Y,4.815
Tu,6/17/2008,2Y,4.736
Tu,6/17/2008,5Y,4.856
Tu,6/17/2008,10Y,4.789
We,6/18/2008,2Y,4.716
We,6/18/2008,5Y,4.853
We,6/18/2008,10Y,4.785
Th,6/19/2008,2Y,4.836
Th,6/19/2008,5Y,4.929
Th,6/19/2008,10Y,4.844
Fr,6/20/2008,2Y,4.736
Fr,6/20/2008,5Y,4.832
Fr,6/20/2008,10Y,4.79
Mo,6/23/2008,2Y,4.694
Mo,6/23/2008,5Y,4.783
Mo,6/23/2008,10Y,4.771
Tu,6/24/2008,2Y,4.671
Tu,6/24/2008,5Y,4.755
Tu,6/24/2008,10Y,4.778
We,6/25/2008,2Y,4.705
We,6/25/2008,5Y,4.772
We,6/25/2008,10Y,4.786
Th,6/26/2008,2Y,4.592
Th,6/26/2008,5Y,4.663
Th,6/26/2008,10Y,4.703
Fr,6/27/2008,2Y,4.57
Fr,6/27/2008,5Y,4.651
Fr,6/27/2008,10Y,4.712
Mo,6/30/2008,2Y,4.716
Mo,6/30/2008,5Y,4.8
Mo,6/30/2008,10Y,4.81
Tu,7/1/2008,2Y,4.693
Tu,7/1/2008,5Y,4.781
Tu,7/1/2008,10Y,4.791
We,7/2/2008,2Y,4.75
We,7/2/2008,5Y,4.83
We,7/2/2008,10Y,4.834
Th,7/3/2008,2Y,4.561
Th,7/3/2008,5Y,4.669
Th,7/3/2008,10Y,4.741
Fr,7/4/2008,2Y,4.521
Fr,7/4/2008,5Y,4.608
Fr,7/4/2008,10Y,4.688
Mo,7/7/2008,2Y,4.48
Mo,7/7/2008,5Y,4.535
Mo,7/7/2008,10Y,4.627
Tu,7/8/2008,2Y,4.51
Tu,7/8/2008,5Y,4.557
Tu,7/8/2008,10Y,4.628
We,7/9/2008,2Y,4.53
We,7/9/2008,5Y,4.571
We,7/9/2008,10Y,4.618
Th,7/10/2008,2Y,4.507
Th,7/10/2008,5Y,4.557
Th,7/10/2008,10Y,4.602
Fr,7/11/2008,2Y,4.523
Fr,7/11/2008,5Y,4.596
Fr,7/11/2008,10Y,4.629
Mo,7/14/2008,2Y,4.507
Mo,7/14/2008,5Y,4.564
Mo,7/14/2008,10Y,4.594
Tu,7/15/2008,2Y,4.431
Tu,7/15/2008,5Y,4.523
Tu,7/15/2008,10Y,4.592
We,7/16/2008,2Y,4.456
We,7/16/2008,5Y,4.563
We,7/16/2008,10Y,4.603
Th,7/17/2008,2Y,4.504
Th,7/17/2008,5Y,4.613
Th,7/17/2008,10Y,4.66
Fr,7/18/2008,2Y,4.65
Fr,7/18/2008,5Y,4.758
Fr,7/18/2008,10Y,4.785
Mo,7/21/2008,2Y,4.731
Mo,7/21/2008,5Y,4.807
Mo,7/21/2008,10Y,4.823
Tu,7/22/2008,2Y,4.696
Tu,7/22/2008,5Y,4.791
Tu,7/22/2008,10Y,4.816
We,7/23/2008,2Y,4.678
We,7/23/2008,5Y,4.79
We,7/23/2008,10Y,4.823
Th,7/24/2008,2Y,4.53
Th,7/24/2008,5Y,4.641
Th,7/24/2008,10Y,4.732
Fr,7/25/2008,2Y,4.524
Fr,7/25/2008,5Y,4.658
Fr,7/25/2008,10Y,4.78
Mo,7/28/2008,2Y,4.462
Mo,7/28/2008,5Y,4.571
Mo,7/28/2008,10Y,4.693
Tu,7/29/2008,2Y,4.446
Tu,7/29/2008,5Y,4.529
Tu,7/29/2008,10Y,4.647
We,7/30/2008,2Y,4.417
We,7/30/2008,5Y,4.475
We,7/30/2008,10Y,4.594
Th,7/31/2008,2Y,4.367
Th,7/31/2008,5Y,4.404
Th,7/31/2008,10Y,4.534
Fr,8/1/2008,2Y,4.37
Fr,8/1/2008,5Y,4.397
Fr,8/1/2008,10Y,4.525
Mo,8/4/2008,2Y,4.364
Mo,8/4/2008,5Y,4.383
Mo,8/4/2008,10Y,4.519
Tu,8/5/2008,2Y,4.364
Tu,8/5/2008,5Y,4.362
Tu,8/5/2008,10Y,4.494
We,8/6/2008,2Y,4.36
We,8/6/2008,5Y,4.377
We,8/6/2008,10Y,4.516
Th,8/7/2008,2Y,4.195
Th,8/7/2008,5Y,4.211
Th,8/7/2008,10Y,4.429
Fr,8/8/2008,2Y,4.167
Fr,8/8/2008,5Y,4.195
Fr,8/8/2008,10Y,4.424
Mo,8/11/2008,2Y,4.212
Mo,8/11/2008,5Y,4.227
Mo,8/11/2008,10Y,4.436
Tu,8/12/2008,2Y,4.154
Tu,8/12/2008,5Y,4.173
Tu,8/12/2008,10Y,4.392
We,8/13/2008,2Y,4.121
We,8/13/2008,5Y,4.132
We,8/13/2008,10Y,4.377
Th,8/14/2008,2Y,4.127
Th,8/14/2008,5Y,4.145
Th,8/14/2008,10Y,4.378
Fr,8/15/2008,2Y,4.103
Fr,8/15/2008,5Y,4.115
Fr,8/15/2008,10Y,4.343
Mo,8/18/2008,2Y,4.088
Mo,8/18/2008,5Y,4.095
Mo,8/18/2008,10Y,4.328
Tu,8/19/2008,2Y,4.081
Tu,8/19/2008,5Y,4.095
Tu,8/19/2008,10Y,4.352
We,8/20/2008,2Y,4.092
We,8/20/2008,5Y,4.086
We,8/20/2008,10Y,4.308
Th,8/21/2008,2Y,4.173
Th,8/21/2008,5Y,4.176
Th,8/21/2008,10Y,4.363
Fr,8/22/2008,2Y,4.226
Fr,8/22/2008,5Y,4.24
Fr,8/22/2008,10Y,4.407
Mo,8/25/2008,2Y,4.132
Mo,8/25/2008,5Y,4.118
Mo,8/25/2008,10Y,4.309
Tu,8/26/2008,2Y,4.084
Tu,8/26/2008,5Y,4.097
Tu,8/26/2008,10Y,4.301
We,8/27/2008,2Y,4.177
We,8/27/2008,5Y,4.195
We,8/27/2008,10Y,4.369
Th,8/28/2008,2Y,4.248
Th,8/28/2008,5Y,4.245
Th,8/28/2008,10Y,4.38
Fr,8/29/2008,2Y,4.204
Fr,8/29/2008,5Y,4.239
Fr,8/29/2008,10Y,4.38
Mo,9/1/2008,2Y,4.114
Mo,9/1/2008,5Y,4.152
Mo,9/1/2008,10Y,4.332
Tu,9/2/2008,2Y,4.167
Tu,9/2/2008,5Y,4.175
Tu,9/2/2008,10Y,4.348
We,9/3/2008,2Y,4.174
We,9/3/2008,5Y,4.16
We,9/3/2008,10Y,4.347
Th,9/4/2008,2Y,4.103
Th,9/4/2008,5Y,4.089
Th,9/4/2008,10Y,4.279
Fr,9/5/2008,2Y,4.033
Fr,9/5/2008,5Y,3.993
Fr,9/5/2008,10Y,4.231
Mo,9/8/2008,2Y,4.109
Mo,9/8/2008,5Y,4.061
Mo,9/8/2008,10Y,4.292
Tu,9/9/2008,2Y,4.076
Tu,9/9/2008,5Y,4.039
Tu,9/9/2008,10Y,4.283
We,9/10/2008,2Y,4.077
We,9/10/2008,5Y,4.06
We,9/10/2008,10Y,4.289
Th,9/11/2008,2Y,4.061
Th,9/11/2008,5Y,4.072
Th,9/11/2008,10Y,4.311
Fr,9/12/2008,2Y,4.14
Fr,9/12/2008,5Y,4.161
Fr,9/12/2008,10Y,4.409
Mo,9/15/2008,2Y,3.93
Mo,9/15/2008,5Y,3.987
Mo,9/15/2008,10Y,4.309
Tu,9/16/2008,2Y,3.879
Tu,9/16/2008,5Y,4.007
Tu,9/16/2008,10Y,4.274
We,9/17/2008,2Y,3.836
We,9/17/2008,5Y,3.987
We,9/17/2008,10Y,4.292
Th,9/18/2008,2Y,3.91
Th,9/18/2008,5Y,4.111
Th,9/18/2008,10Y,4.353
Fr,9/19/2008,2Y,4.229
Fr,9/19/2008,5Y,4.353
Fr,9/19/2008,10Y,4.48
Mo,9/22/2008,2Y,4.243
Mo,9/22/2008,5Y,4.362
Mo,9/22/2008,10Y,4.522
Tu,9/23/2008,2Y,4.103
Tu,9/23/2008,5Y,4.293
Tu,9/23/2008,10Y,4.493
We,9/24/2008,2Y,3.987
We,9/24/2008,5Y,4.197
We,9/24/2008,10Y,4.415
Th,9/25/2008,2Y,4.051
Th,9/25/2008,5Y,4.254
Th,9/25/2008,10Y,4.474
Fr,9/26/2008,2Y,3.873
Fr,9/26/2008,5Y,4.14
Fr,9/26/2008,10Y,4.419
Mo,9/29/2008,2Y,3.643
Mo,9/29/2008,5Y,3.968
Mo,9/29/2008,10Y,4.288
Tu,9/30/2008,2Y,3.661
Tu,9/30/2008,5Y,4.065
Tu,9/30/2008,10Y,4.345
We,10/1/2008,2Y,3.622
We,10/1/2008,5Y,4.024
We,10/1/2008,10Y,4.326
Th,10/2/2008,2Y,3.471
Th,10/2/2008,5Y,3.908
Th,10/2/2008,10Y,4.251
Fr,10/3/2008,2Y,3.411
Fr,10/3/2008,5Y,3.898
Fr,10/3/2008,10Y,4.229
Mo,10/6/2008,2Y,3.19
Mo,10/6/2008,5Y,3.698
Mo,10/6/2008,10Y,4.043
Tu,10/7/2008,2Y,3.251
Tu,10/7/2008,5Y,3.753
Tu,10/7/2008,10Y,4.042
We,10/8/2008,2Y,3.141
We,10/8/2008,5Y,3.74
We,10/8/2008,10Y,4.099
Th,10/9/2008,2Y,3.204
Th,10/9/2008,5Y,3.806
Th,10/9/2008,10Y,4.164
Fr,10/10/2008,2Y,3.158
Fr,10/10/2008,5Y,3.89
Fr,10/10/2008,10Y,4.299
Mo,10/13/2008,2Y,3.28
Mo,10/13/2008,5Y,4.024
Mo,10/13/2008,10Y,4.349
Tu,10/14/2008,2Y,3.328
Tu,10/14/2008,5Y,4.033
Tu,10/14/2008,10Y,4.343
We,10/15/2008,2Y,3.252
We,10/15/2008,5Y,3.987
We,10/15/2008,10Y,4.32
Th,10/16/2008,2Y,3.03
Th,10/16/2008,5Y,3.836
Th,10/16/2008,10Y,4.28
Fr,10/17/2008,2Y,3.072
Fr,10/17/2008,5Y,3.844
Fr,10/17/2008,10Y,4.233
Mo,10/20/2008,2Y,3.048
Mo,10/20/2008,5Y,3.799
Mo,10/20/2008,10Y,4.226
Tu,10/21/2008,2Y,2.99
Tu,10/21/2008,5Y,3.74
Tu,10/21/2008,10Y,4.157
We,10/22/2008,2Y,2.916
We,10/22/2008,5Y,3.624
We,10/22/2008,10Y,4.054
Th,10/23/2008,2Y,2.906
Th,10/23/2008,5Y,3.604
Th,10/23/2008,10Y,4.059
Fr,10/24/2008,2Y,2.799
Fr,10/24/2008,5Y,3.533
Fr,10/24/2008,10Y,4.028
Mo,10/27/2008,2Y,2.725
Mo,10/27/2008,5Y,3.5
Mo,10/27/2008,10Y,4.051
Tu,10/28/2008,2Y,2.687
Tu,10/28/2008,5Y,3.456
Tu,10/28/2008,10Y,4.058
We,10/29/2008,2Y,2.724
We,10/29/2008,5Y,3.449
We,10/29/2008,10Y,4.132
Th,10/30/2008,2Y,2.702
Th,10/30/2008,5Y,3.415
Th,10/30/2008,10Y,4.127
Fr,10/31/2008,2Y,2.795
Fr,10/31/2008,5Y,3.529
Fr,10/31/2008,10Y,4.302
Mo,11/3/2008,2Y,2.823
Mo,11/3/2008,5Y,3.496
Mo,11/3/2008,10Y,4.262
Tu,11/4/2008,2Y,2.849
Tu,11/4/2008,5Y,3.479
Tu,11/4/2008,10Y,4.235
We,11/5/2008,2Y,2.829
We,11/5/2008,5Y,3.386
We,11/5/2008,10Y,4.183
Th,11/6/2008,2Y,2.745
Th,11/6/2008,5Y,3.262
Th,11/6/2008,10Y,4.031
Fr,11/7/2008,2Y,2.703
Fr,11/7/2008,5Y,3.232
Fr,11/7/2008,10Y,3.972
Mo,11/10/2008,2Y,2.667
Mo,11/10/2008,5Y,3.209
Mo,11/10/2008,10Y,3.967
Tu,11/11/2008,2Y,2.611
Tu,11/11/2008,5Y,3.173
Tu,11/11/2008,10Y,3.951
We,11/12/2008,2Y,2.54
We,11/12/2008,5Y,3.152
We,11/12/2008,10Y,3.923
Th,11/13/2008,2Y,2.497
Th,11/13/2008,5Y,3.148
Th,11/13/2008,10Y,4.044
Fr,11/14/2008,2Y,2.466
Fr,11/14/2008,5Y,3.128
Fr,11/14/2008,10Y,3.996
Mo,11/17/2008,2Y,2.435
Mo,11/17/2008,5Y,3.129
Mo,11/17/2008,10Y,3.998
Tu,11/18/2008,2Y,2.433
Tu,11/18/2008,5Y,3.151
Tu,11/18/2008,10Y,3.96
We,11/19/2008,2Y,2.428
We,11/19/2008,5Y,3.102
We,11/19/2008,10Y,3.879
Th,11/20/2008,2Y,2.298
Th,11/20/2008,5Y,2.973
Th,11/20/2008,10Y,3.785
Fr,11/21/2008,2Y,2.357
Fr,11/21/2008,5Y,3.018
Fr,11/21/2008,10Y,3.809
Mo,11/24/2008,2Y,2.45
Mo,11/24/2008,5Y,3.09
Mo,11/24/2008,10Y,3.874
Tu,11/25/2008,2Y,2.51
Tu,11/25/2008,5Y,3.081
Tu,11/25/2008,10Y,3.785
We,11/26/2008,2Y,2.453
We,11/26/2008,5Y,2.987
We,11/26/2008,10Y,3.704
Th,11/27/2008,2Y,2.487
Th,11/27/2008,5Y,3.04
Th,11/27/2008,10Y,3.711
Fr,11/28/2008,2Y,2.462
Fr,11/28/2008,5Y,3.027
Fr,11/28/2008,10Y,3.678
Mo,12/1/2008,2Y,2.391
Mo,12/1/2008,5Y,2.914
Mo,12/1/2008,10Y,3.62
Tu,12/2/2008,2Y,2.386
Tu,12/2/2008,5Y,2.896
Tu,12/2/2008,10Y,3.503
We,12/3/2008,2Y,2.373
We,12/3/2008,5Y,2.933
We,12/3/2008,10Y,3.482
Th,12/4/2008,2Y,2.436
Th,12/4/2008,5Y,3.024
Th,12/4/2008,10Y,3.549
Fr,12/5/2008,2Y,2.388
Fr,12/5/2008,5Y,2.982
Fr,12/5/2008,10Y,3.502
Mo,12/8/2008,2Y,2.592
Mo,12/8/2008,5Y,3.202
Mo,12/8/2008,10Y,3.636
Tu,12/9/2008,2Y,2.61
Tu,12/9/2008,5Y,3.282
Tu,12/9/2008,10Y,3.71
We,12/10/2008,2Y,2.55
We,12/10/2008,5Y,3.215
We,12/10/2008,10Y,3.65
Th,12/11/2008,2Y,2.471
Th,12/11/2008,5Y,3.185
Th,12/11/2008,10Y,3.645
Fr,12/12/2008,2Y,2.51
Fr,12/12/2008,5Y,3.266
Fr,12/12/2008,10Y,3.732
Mo,12/15/2008,2Y,2.375
Mo,12/15/2008,5Y,3.151
Mo,12/15/2008,10Y,3.655
Tu,12/16/2008,2Y,2.305
Tu,12/16/2008,5Y,3.119
Tu,12/16/2008,10Y,3.611
We,12/17/2008,2Y,2.122
We,12/17/2008,5Y,2.942
We,12/17/2008,10Y,3.465
Th,12/18/2008,2Y,2.092
Th,12/18/2008,5Y,2.882
Th,12/18/2008,10Y,3.452
Fr,12/19/2008,2Y,2.033
Fr,12/19/2008,5Y,2.854
Fr,12/19/2008,10Y,3.472
Mo,12/22/2008,2Y,1.98
Mo,12/22/2008,5Y,2.789
Mo,12/22/2008,10Y,3.405
Tu,12/23/2008,2Y,1.943
Tu,12/23/2008,5Y,2.747
Tu,12/23/2008,10Y,3.408
We,12/24/2008,2Y,1.944
We,12/24/2008,5Y,2.742
We,12/24/2008,10Y,3.404
Th,12/25/2008,2Y,1.968
Th,12/25/2008,5Y,2.743
Th,12/25/2008,10Y,3.403
Fr,12/26/2008,2Y,1.966
Fr,12/26/2008,5Y,2.743
Fr,12/26/2008,10Y,3.403
Mo,12/29/2008,2Y,1.892
Mo,12/29/2008,5Y,2.688
Mo,12/29/2008,10Y,3.363
Tu,12/30/2008,2Y,1.918
Tu,12/30/2008,5Y,2.729
Tu,12/30/2008,10Y,3.41
We,12/31/2008,2Y,1.908
We,12/31/2008,5Y,2.733
We,12/31/2008,10Y,3.414
Th,1/1/2009,2Y,1.903
Th,1/1/2009,5Y,2.732
Th,1/1/2009,10Y,3.415
Fr,1/2/2009,2Y,1.879
Fr,1/2/2009,5Y,2.695
Fr,1/2/2009,10Y,3.391
Mo,1/5/2009,2Y,1.845
Mo,1/5/2009,5Y,2.707
Mo,1/5/2009,10Y,3.467
Tu,1/6/2009,2Y,1.889
Tu,1/6/2009,5Y,2.821
Tu,1/6/2009,10Y,3.619
We,1/7/2009,2Y,2.018
We,1/7/2009,5Y,2.81
We,1/7/2009,10Y,3.642
Th,1/8/2009,2Y,1.955
Th,1/8/2009,5Y,2.762
Th,1/8/2009,10Y,3.58
Fr,1/9/2009,2Y,1.867
Fr,1/9/2009,5Y,2.664
Fr,1/9/2009,10Y,3.472
Mo,1/12/2009,2Y,1.835
Mo,1/12/2009,5Y,2.654
Mo,1/12/2009,10Y,3.467
Tu,1/13/2009,2Y,1.854
Tu,1/13/2009,5Y,2.651
Tu,1/13/2009,10Y,3.48
We,1/14/2009,2Y,1.845
We,1/14/2009,5Y,2.603
We,1/14/2009,10Y,3.423
Th,1/15/2009,2Y,1.875
Th,1/15/2009,5Y,2.602
Th,1/15/2009,10Y,3.395
Fr,1/16/2009,2Y,1.833
Fr,1/16/2009,5Y,2.612
Fr,1/16/2009,10Y,3.44
Mo,1/19/2009,2Y,1.868
Mo,1/19/2009,5Y,2.693
Mo,1/19/2009,10Y,3.524
Tu,1/20/2009,2Y,1.851
Tu,1/20/2009,5Y,2.703
Tu,1/20/2009,10Y,3.561
We,1/21/2009,2Y,1.817
We,1/21/2009,5Y,2.71
We,1/21/2009,10Y,3.572
Th,1/22/2009,2Y,1.827
Th,1/22/2009,5Y,2.735
Th,1/22/2009,10Y,3.681
Fr,1/23/2009,2Y,1.789
Fr,1/23/2009,5Y,2.783
Fr,1/23/2009,10Y,3.793
Mo,1/26/2009,2Y,2.005
Mo,1/26/2009,5Y,2.94
Mo,1/26/2009,10Y,3.887
Tu,1/27/2009,2Y,2.001
Tu,1/27/2009,5Y,2.882
Tu,1/27/2009,10Y,3.807
We,1/28/2009,2Y,1.917
We,1/28/2009,5Y,2.827
We,1/28/2009,10Y,3.731
Th,1/29/2009,2Y,1.823
Th,1/29/2009,5Y,2.774
Th,1/29/2009,10Y,3.756
Fr,1/30/2009,2Y,1.767
Fr,1/30/2009,5Y,2.754
Fr,1/30/2009,10Y,3.806
Mo,2/2/2009,2Y,1.742
Mo,2/2/2009,5Y,2.699
Mo,2/2/2009,10Y,3.799
Tu,2/3/2009,2Y,1.727
Tu,2/3/2009,5Y,2.708
Tu,2/3/2009,10Y,3.824
We,2/4/2009,2Y,1.716
We,2/4/2009,5Y,2.68
We,2/4/2009,10Y,3.796
Th,2/5/2009,2Y,1.65
Th,2/5/2009,5Y,2.626
Th,2/5/2009,10Y,3.778
Fr,2/6/2009,2Y,1.633
Fr,2/6/2009,5Y,2.627
Fr,2/6/2009,10Y,3.792
Mo,2/9/2009,2Y,1.676
Mo,2/9/2009,5Y,2.657
Mo,2/9/2009,10Y,3.813
Tu,2/10/2009,2Y,1.687
Tu,2/10/2009,5Y,2.625
Tu,2/10/2009,10Y,3.751
We,2/11/2009,2Y,1.588
We,2/11/2009,5Y,2.679
We,2/11/2009,10Y,3.645
Th,2/12/2009,2Y,1.537
Th,2/12/2009,5Y,2.636
Th,2/12/2009,10Y,3.562
Fr,2/13/2009,2Y,1.552
Fr,2/13/2009,5Y,2.688
Fr,2/13/2009,10Y,3.596
Mo,2/16/2009,2Y,1.493
Mo,2/16/2009,5Y,2.63
Mo,2/16/2009,10Y,3.555
Tu,2/17/2009,2Y,1.433
Tu,2/17/2009,5Y,2.571
Tu,2/17/2009,10Y,3.512
We,2/18/2009,2Y,1.512
We,2/18/2009,5Y,2.616
We,2/18/2009,10Y,3.516
Th,2/19/2009,2Y,1.624
Th,2/19/2009,5Y,2.718
Th,2/19/2009,10Y,3.602
Fr,2/20/2009,2Y,1.56
Fr,2/20/2009,5Y,2.633
Fr,2/20/2009,10Y,3.528
Mo,2/23/2009,2Y,1.564
Mo,2/23/2009,5Y,2.647
Mo,2/23/2009,10Y,3.524
Tu,2/24/2009,2Y,1.535
Tu,2/24/2009,5Y,2.617
Tu,2/24/2009,10Y,3.515
We,2/25/2009,2Y,1.5
We,2/25/2009,5Y,2.597
We,2/25/2009,10Y,3.529
Th,2/26/2009,2Y,1.579
Th,2/26/2009,5Y,2.755
Th,2/26/2009,10Y,3.664
Fr,2/27/2009,2Y,1.553
Fr,2/27/2009,5Y,2.736
Fr,2/27/2009,10Y,3.661
Mo,3/2/2009,2Y,1.442
Mo,3/2/2009,5Y,2.619
Mo,3/2/2009,10Y,3.592
Tu,3/3/2009,2Y,1.423
Tu,3/3/2009,5Y,2.617
Tu,3/3/2009,10Y,3.631
We,3/4/2009,2Y,1.417
We,3/4/2009,5Y,2.675
We,3/4/2009,10Y,3.719
Th,3/5/2009,2Y,1.43
Th,3/5/2009,5Y,2.606
Th,3/5/2009,10Y,3.596
Fr,3/6/2009,2Y,1.439
Fr,3/6/2009,5Y,2.59
Fr,3/6/2009,10Y,3.537
Mo,3/9/2009,2Y,1.534
Mo,3/9/2009,5Y,2.658
Mo,3/9/2009,10Y,3.564
Tu,3/10/2009,2Y,1.577
Tu,3/10/2009,5Y,2.765
Tu,3/10/2009,10Y,3.624
We,3/11/2009,2Y,1.615
We,3/11/2009,5Y,2.79
We,3/11/2009,10Y,3.664
Th,3/12/2009,2Y,1.532
Th,3/12/2009,5Y,2.709
Th,3/12/2009,10Y,3.595
Fr,3/13/2009,2Y,1.515
Fr,3/13/2009,5Y,2.747
Fr,3/13/2009,10Y,3.609
Mo,3/16/2009,2Y,1.49
Mo,3/16/2009,5Y,2.772
Mo,3/16/2009,10Y,3.66
Tu,3/17/2009,2Y,1.541
Tu,3/17/2009,5Y,2.819
Tu,3/17/2009,10Y,3.703
We,3/18/2009,2Y,1.529
We,3/18/2009,5Y,2.846
We,3/18/2009,10Y,3.733
Th,3/19/2009,2Y,1.505
Th,3/19/2009,5Y,2.75
Th,3/19/2009,10Y,3.584
Fr,3/20/2009,2Y,1.434
Fr,3/20/2009,5Y,2.681
Fr,3/20/2009,10Y,3.51
Mo,3/23/2009,2Y,1.414
Mo,3/23/2009,5Y,2.729
Mo,3/23/2009,10Y,3.556
Tu,3/24/2009,2Y,1.45
Tu,3/24/2009,5Y,2.825
Tu,3/24/2009,10Y,3.66
We,3/25/2009,2Y,1.458
We,3/25/2009,5Y,2.821
We,3/25/2009,10Y,3.635
Th,3/26/2009,2Y,1.469
Th,3/26/2009,5Y,2.791
Th,3/26/2009,10Y,3.605
Fr,3/27/2009,2Y,1.389
Fr,3/27/2009,5Y,2.722
Fr,3/27/2009,10Y,3.584
Mo,3/30/2009,2Y,1.329
Mo,3/30/2009,5Y,2.665
Mo,3/30/2009,10Y,3.579
Tu,3/31/2009,2Y,1.311
Tu,3/31/2009,5Y,2.646
Tu,3/31/2009,10Y,3.553
We,4/1/2009,2Y,1.317
We,4/1/2009,5Y,2.625
We,4/1/2009,10Y,3.553
Th,4/2/2009,2Y,1.498
Th,4/2/2009,5Y,2.764
Th,4/2/2009,10Y,3.725
Fr,4/3/2009,2Y,1.574
Fr,4/3/2009,5Y,2.819
Fr,4/3/2009,10Y,3.746
Mo,4/6/2009,2Y,1.565
Mo,4/6/2009,5Y,2.798
Mo,4/6/2009,10Y,3.709
Tu,4/7/2009,2Y,1.519
Tu,4/7/2009,5Y,2.79
Tu,4/7/2009,10Y,3.722
We,4/8/2009,2Y,1.479
We,4/8/2009,5Y,2.788
We,4/8/2009,10Y,3.725
Th,4/9/2009,2Y,1.463
Th,4/9/2009,5Y,2.754
Th,4/9/2009,10Y,3.752
Fr,4/10/2009,2Y,1.455
Fr,4/10/2009,5Y,2.762
Fr,4/10/2009,10Y,3.733
Mo,4/13/2009,2Y,1.464
Mo,4/13/2009,5Y,2.762
Mo,4/13/2009,10Y,3.732
Tu,4/14/2009,2Y,1.46
Tu,4/14/2009,5Y,2.711
Tu,4/14/2009,10Y,3.691
We,4/15/2009,2Y,1.419
We,4/15/2009,5Y,2.627
We,4/15/2009,10Y,3.633
Th,4/16/2009,2Y,1.444
Th,4/16/2009,5Y,2.661
Th,4/16/2009,10Y,3.662
Fr,4/17/2009,2Y,1.526
Fr,4/17/2009,5Y,2.768
Fr,4/17/2009,10Y,3.744
Mo,4/20/2009,2Y,1.456
Mo,4/20/2009,5Y,2.642
Mo,4/20/2009,10Y,3.626
Tu,4/21/2009,2Y,1.472
Tu,4/21/2009,5Y,2.657
Tu,4/21/2009,10Y,3.624
We,4/22/2009,2Y,1.513
We,4/22/2009,5Y,2.734
We,4/22/2009,10Y,3.652
Th,4/23/2009,2Y,1.5
Th,4/23/2009,5Y,2.718
Th,4/23/2009,10Y,3.636
Fr,4/24/2009,2Y,1.446
Fr,4/24/2009,5Y,2.66
Fr,4/24/2009,10Y,3.615
Mo,4/27/2009,2Y,1.413
Mo,4/27/2009,5Y,2.633
Mo,4/27/2009,10Y,3.59
Tu,4/28/2009,2Y,1.372
Tu,4/28/2009,5Y,2.587
Tu,4/28/2009,10Y,3.575
We,4/29/2009,2Y,1.365
We,4/29/2009,5Y,2.565
We,4/29/2009,10Y,3.554
Th,4/30/2009,2Y,1.388
Th,4/30/2009,5Y,2.59
Th,4/30/2009,10Y,3.59
Fr,5/1/2009,2Y,1.385
Fr,5/1/2009,5Y,2.588
Fr,5/1/2009,10Y,3.59
Mo,5/4/2009,2Y,1.429
Mo,5/4/2009,5Y,2.662
Mo,5/4/2009,10Y,3.627
Tu,5/5/2009,2Y,1.391
Tu,5/5/2009,5Y,2.61
Tu,5/5/2009,10Y,3.596
We,5/6/2009,2Y,1.347
We,5/6/2009,5Y,2.601
We,5/6/2009,10Y,3.625
Th,5/7/2009,2Y,1.378
Th,5/7/2009,5Y,2.695
Th,5/7/2009,10Y,3.765
Fr,5/8/2009,2Y,1.29
Fr,5/8/2009,5Y,2.696
Fr,5/8/2009,10Y,3.802
Mo,5/11/2009,2Y,1.309
Mo,5/11/2009,5Y,2.67
Mo,5/11/2009,10Y,3.746
Tu,5/12/2009,2Y,1.339
Tu,5/12/2009,5Y,2.686
Tu,5/12/2009,10Y,3.783
We,5/13/2009,2Y,1.277
We,5/13/2009,5Y,2.6
We,5/13/2009,10Y,3.733
Th,5/14/2009,2Y,1.26
Th,5/14/2009,5Y,2.593
Th,5/14/2009,10Y,3.723
Fr,5/15/2009,2Y,1.249
Fr,5/15/2009,5Y,2.636
Fr,5/15/2009,10Y,3.762
Mo,5/18/2009,2Y,1.215
Mo,5/18/2009,5Y,2.615
Mo,5/18/2009,10Y,3.763
Tu,5/19/2009,2Y,1.283
Tu,5/19/2009,5Y,2.698
Tu,5/19/2009,10Y,3.82
We,5/20/2009,2Y,1.326
We,5/20/2009,5Y,2.709
We,5/20/2009,10Y,3.81
Th,5/21/2009,2Y,1.289
Th,5/21/2009,5Y,2.668
Th,5/21/2009,10Y,3.821
Fr,5/22/2009,2Y,1.301
Fr,5/22/2009,5Y,2.727
Fr,5/22/2009,10Y,3.869
Mo,5/25/2009,2Y,1.38
Mo,5/25/2009,5Y,2.812
Mo,5/25/2009,10Y,3.918
Tu,5/26/2009,2Y,1.396
Tu,5/26/2009,5Y,2.83
Tu,5/26/2009,10Y,3.941
We,5/27/2009,2Y,1.398
We,5/27/2009,5Y,2.853
We,5/27/2009,10Y,3.95
Th,5/28/2009,2Y,1.388
Th,5/28/2009,5Y,2.872
Th,5/28/2009,10Y,4.011
Fr,5/29/2009,2Y,1.33
Fr,5/29/2009,5Y,2.801
Fr,5/29/2009,10Y,3.953
Mo,6/1/2009,2Y,1.354
Mo,6/1/2009,5Y,2.861
Mo,6/1/2009,10Y,4.013
Tu,6/2/2009,2Y,1.311
Tu,6/2/2009,5Y,2.813
Tu,6/2/2009,10Y,3.991
We,6/3/2009,2Y,1.614
We,6/3/2009,5Y,2.736
We,6/3/2009,10Y,3.914
Th,6/4/2009,2Y,1.733
Th,6/4/2009,5Y,2.868
Th,6/4/2009,10Y,3.989
Fr,6/5/2009,2Y,1.884
Fr,6/5/2009,5Y,3.01
Fr,6/5/2009,10Y,4.053
Mo,6/8/2009,2Y,1.932
Mo,6/8/2009,5Y,3.003
Mo,6/8/2009,10Y,4.003
Tu,6/9/2009,2Y,1.87
Tu,6/9/2009,5Y,2.965
Tu,6/9/2009,10Y,3.965
We,6/10/2009,2Y,1.89
We,6/10/2009,5Y,2.981
We,6/10/2009,10Y,4.006
Th,6/11/2009,2Y,1.925
Th,6/11/2009,5Y,2.987
Th,6/11/2009,10Y,4.014
Fr,6/12/2009,2Y,1.89
Fr,6/12/2009,5Y,2.955
Fr,6/12/2009,10Y,3.965
Mo,6/15/2009,2Y,1.815
Mo,6/15/2009,5Y,2.856
Mo,6/15/2009,10Y,3.868
Tu,6/16/2009,2Y,1.795
Tu,6/16/2009,5Y,2.847
Tu,6/16/2009,10Y,3.876
We,6/17/2009,2Y,1.736
We,6/17/2009,5Y,2.792
We,6/17/2009,10Y,3.836
Th,6/18/2009,2Y,1.754
Th,6/18/2009,5Y,2.839
Th,6/18/2009,10Y,3.899
Fr,6/19/2009,2Y,1.686
Fr,6/19/2009,5Y,2.936
Fr,6/19/2009,10Y,3.845
Mo,6/22/2009,2Y,1.676
Mo,6/22/2009,5Y,2.905
Mo,6/22/2009,10Y,3.8
Tu,6/23/2009,2Y,1.695
Tu,6/23/2009,5Y,2.912
Tu,6/23/2009,10Y,3.834
We,6/24/2009,2Y,1.621
We,6/24/2009,5Y,2.858
We,6/24/2009,10Y,3.814
Th,6/25/2009,2Y,1.553
Th,6/25/2009,5Y,2.793
Th,6/25/2009,10Y,3.787
Fr,6/26/2009,2Y,1.547
Fr,6/26/2009,5Y,2.765
Fr,6/26/2009,10Y,3.756
Mo,6/29/2009,2Y,1.578
Mo,6/29/2009,5Y,2.764
Mo,6/29/2009,10Y,3.719
Tu,6/30/2009,2Y,1.576
Tu,6/30/2009,5Y,2.776
Tu,6/30/2009,10Y,3.729
We,7/1/2009,2Y,1.56
We,7/1/2009,5Y,2.786
We,7/1/2009,10Y,3.759
Th,7/2/2009,2Y,1.442
Th,7/2/2009,5Y,2.678
Th,7/2/2009,10Y,3.687
Fr,7/3/2009,2Y,1.454
Fr,7/3/2009,5Y,2.7
Fr,7/3/2009,10Y,3.703
Mo,7/6/2009,2Y,1.426
Mo,7/6/2009,5Y,2.666
Mo,7/6/2009,10Y,3.67
Tu,7/7/2009,2Y,1.436
Tu,7/7/2009,5Y,2.69
Tu,7/7/2009,10Y,3.757
We,7/8/2009,2Y,1.407
We,7/8/2009,5Y,2.673
We,7/8/2009,10Y,3.728
Th,7/9/2009,2Y,1.458
Th,7/9/2009,5Y,2.712
Th,7/9/2009,10Y,3.74
Fr,7/10/2009,2Y,1.427
Fr,7/10/2009,5Y,2.666
Fr,7/10/2009,10Y,3.698
Mo,7/13/2009,2Y,1.445
Mo,7/13/2009,5Y,2.682
Mo,7/13/2009,10Y,3.706
Tu,7/14/2009,2Y,1.465
Tu,7/14/2009,5Y,2.721
Tu,7/14/2009,10Y,3.734
We,7/15/2009,2Y,1.508
We,7/15/2009,5Y,2.777
We,7/15/2009,10Y,3.791
Th,7/16/2009,2Y,1.436
Th,7/16/2009,5Y,2.711
Th,7/16/2009,10Y,3.753
Fr,7/17/2009,2Y,1.471
Fr,7/17/2009,5Y,2.765
Fr,7/17/2009,10Y,3.809
Mo,7/20/2009,2Y,1.491
Mo,7/20/2009,5Y,2.77
Mo,7/20/2009,10Y,3.795
Tu,7/21/2009,2Y,1.447
Tu,7/21/2009,5Y,2.721
Tu,7/21/2009,10Y,3.73
We,7/22/2009,2Y,1.466
We,7/22/2009,5Y,2.726
We,7/22/2009,10Y,3.73
Th,7/23/2009,2Y,1.499
Th,7/23/2009,5Y,2.764
Th,7/23/2009,10Y,3.762
Fr,7/24/2009,2Y,1.51
Fr,7/24/2009,5Y,2.779
Fr,7/24/2009,10Y,3.773
Mo,7/27/2009,2Y,1.55
Mo,7/27/2009,5Y,2.788
Mo,7/27/2009,10Y,3.773
Tu,7/28/2009,2Y,1.503
Tu,7/28/2009,5Y,2.722
Tu,7/28/2009,10Y,3.706
We,7/29/2009,2Y,1.513
We,7/29/2009,5Y,2.714
We,7/29/2009,10Y,3.696
Th,7/30/2009,2Y,1.514
Th,7/30/2009,5Y,2.723
Th,7/30/2009,10Y,3.696
Fr,7/31/2009,2Y,1.437
Fr,7/31/2009,5Y,2.61
Fr,7/31/2009,10Y,3.569
Mo,8/3/2009,2Y,1.527
Mo,8/3/2009,5Y,2.697
Mo,8/3/2009,10Y,3.618
Tu,8/4/2009,2Y,1.579
Tu,8/4/2009,5Y,2.73
Tu,8/4/2009,10Y,3.622
We,8/5/2009,2Y,1.602
We,8/5/2009,5Y,2.74
We,8/5/2009,10Y,3.604
Th,8/6/2009,2Y,1.62
Th,8/6/2009,5Y,2.784
Th,8/6/2009,10Y,3.641
Fr,8/7/2009,2Y,1.747
Fr,8/7/2009,5Y,2.923
Fr,8/7/2009,10Y,3.751
Mo,8/10/2009,2Y,1.682
Mo,8/10/2009,5Y,2.857
Mo,8/10/2009,10Y,3.685
Tu,8/11/2009,2Y,1.624
Tu,8/11/2009,5Y,2.808
Tu,8/11/2009,10Y,3.667
We,8/12/2009,2Y,1.592
We,8/12/2009,5Y,2.792
We,8/12/2009,10Y,3.67
Th,8/13/2009,2Y,1.537
Th,8/13/2009,5Y,2.738
Th,8/13/2009,10Y,3.645
Fr,8/14/2009,2Y,1.471
Fr,8/14/2009,5Y,2.638
Fr,8/14/2009,10Y,3.555
Mo,8/17/2009,2Y,1.488
Mo,8/17/2009,5Y,2.649
Mo,8/17/2009,10Y,3.529
Tu,8/18/2009,2Y,1.496
Tu,8/18/2009,5Y,2.646
Tu,8/18/2009,10Y,3.543
We,8/19/2009,2Y,1.476
We,8/19/2009,5Y,2.611
We,8/19/2009,10Y,3.525
Th,8/20/2009,2Y,1.465
Th,8/20/2009,5Y,2.597
Th,8/20/2009,10Y,3.518
Fr,8/21/2009,2Y,1.567
Fr,8/21/2009,5Y,2.687
Fr,8/21/2009,10Y,3.564
Mo,8/24/2009,2Y,1.526
Mo,8/24/2009,5Y,2.655
Mo,8/24/2009,10Y,3.556
Tu,8/25/2009,2Y,1.51
Tu,8/25/2009,5Y,2.623
Tu,8/25/2009,10Y,3.524
We,8/26/2009,2Y,1.476
We,8/26/2009,5Y,2.587
We,8/26/2009,10Y,3.492
Th,8/27/2009,2Y,1.482
Th,8/27/2009,5Y,2.586
Th,8/27/2009,10Y,3.504
Fr,8/28/2009,2Y,1.481
Fr,8/28/2009,5Y,2.586
Fr,8/28/2009,10Y,3.52
Mo,8/31/2009,2Y,1.471
Mo,8/31/2009,5Y,2.593
Mo,8/31/2009,10Y,3.537
Tu,9/1/2009,2Y,1.416
Tu,9/1/2009,5Y,2.56
Tu,9/1/2009,10Y,3.545
We,9/2/2009,2Y,1.393
We,9/2/2009,5Y,2.555
We,9/2/2009,10Y,3.554
Th,9/3/2009,2Y,1.355
Th,9/3/2009,5Y,2.557
Th,9/3/2009,10Y,3.59
Fr,9/4/2009,2Y,1.324
Fr,9/4/2009,5Y,2.553
Fr,9/4/2009,10Y,3.583
Mo,9/7/2009,2Y,1.3
Mo,9/7/2009,5Y,2.536
Mo,9/7/2009,10Y,3.583
Tu,9/8/2009,2Y,1.302
Tu,9/8/2009,5Y,2.561
Tu,9/8/2009,10Y,3.622
We,9/9/2009,2Y,1.323
We,9/9/2009,5Y,2.599
We,9/9/2009,10Y,3.676
Th,9/10/2009,2Y,1.271
Th,9/10/2009,5Y,2.521
Th,9/10/2009,10Y,3.607
Fr,9/11/2009,2Y,1.253
Fr,9/11/2009,5Y,2.486
Fr,9/11/2009,10Y,3.529
Mo,9/14/2009,2Y,1.296
Mo,9/14/2009,5Y,2.534
Mo,9/14/2009,10Y,3.55
Tu,9/15/2009,2Y,1.308
Tu,9/15/2009,5Y,2.559
Tu,9/15/2009,10Y,3.56
We,9/16/2009,2Y,1.318
We,9/16/2009,5Y,2.586
We,9/16/2009,10Y,3.596
Th,9/17/2009,2Y,1.339
Th,9/17/2009,5Y,2.611
Th,9/17/2009,10Y,3.621
Fr,9/18/2009,2Y,1.338
Fr,9/18/2009,5Y,2.622
Fr,9/18/2009,10Y,3.628
Mo,9/21/2009,2Y,1.311
Mo,9/21/2009,5Y,2.599
Mo,9/21/2009,10Y,3.645
Tu,9/22/2009,2Y,1.323
Tu,9/22/2009,5Y,2.614
Tu,9/22/2009,10Y,3.659
We,9/23/2009,2Y,1.306
We,9/23/2009,5Y,2.592
We,9/23/2009,10Y,3.624
Th,9/24/2009,2Y,1.241
Th,9/24/2009,5Y,2.517
Th,9/24/2009,10Y,3.564
Fr,9/25/2009,2Y,1.258
Fr,9/25/2009,5Y,2.502
Fr,9/25/2009,10Y,3.525
Mo,9/28/2009,2Y,1.268
Mo,9/28/2009,5Y,2.508
Mo,9/28/2009,10Y,3.533
Tu,9/29/2009,2Y,1.291
Tu,9/29/2009,5Y,2.498
Tu,9/29/2009,10Y,3.513
We,9/30/2009,2Y,1.304
We,9/30/2009,5Y,2.519
We,9/30/2009,10Y,3.537
Th,10/1/2009,2Y,1.281
Th,10/1/2009,5Y,2.496
Th,10/1/2009,10Y,3.526
Fr,10/2/2009,2Y,1.265
Fr,10/2/2009,5Y,2.464
Fr,10/2/2009,10Y,3.481
Mo,10/5/2009,2Y,1.269
Mo,10/5/2009,5Y,2.46
Mo,10/5/2009,10Y,3.473
Tu,10/6/2009,2Y,1.286
Tu,10/6/2009,5Y,2.478
Tu,10/6/2009,10Y,3.506
We,10/7/2009,2Y,1.294
We,10/7/2009,5Y,2.45
We,10/7/2009,10Y,3.469
Th,10/8/2009,2Y,1.303
Th,10/8/2009,5Y,2.448
Th,10/8/2009,10Y,3.458
Fr,10/9/2009,2Y,1.423
Fr,10/9/2009,5Y,2.559
Fr,10/9/2009,10Y,3.533
Mo,10/12/2009,2Y,1.383
Mo,10/12/2009,5Y,2.532
Mo,10/12/2009,10Y,3.514
Tu,10/13/2009,2Y,1.356
Tu,10/13/2009,5Y,2.52
Tu,10/13/2009,10Y,3.526
We,10/14/2009,2Y,1.398
We,10/14/2009,5Y,2.574
We,10/14/2009,10Y,3.581
Th,10/15/2009,2Y,1.446
Th,10/15/2009,5Y,2.64
Th,10/15/2009,10Y,3.649
Fr,10/16/2009,2Y,1.467
Fr,10/16/2009,5Y,2.634
Fr,10/16/2009,10Y,3.618
Mo,10/19/2009,2Y,1.47
Mo,10/19/2009,5Y,2.623
Mo,10/19/2009,10Y,3.619
Tu,10/20/2009,2Y,1.415
Tu,10/20/2009,5Y,2.552
Tu,10/20/2009,10Y,3.548
We,10/21/2009,2Y,1.445
We,10/21/2009,5Y,2.602
We,10/21/2009,10Y,3.61
Th,10/22/2009,2Y,1.421
Th,10/22/2009,5Y,2.575
Th,10/22/2009,10Y,3.579
Fr,10/23/2009,2Y,1.431
Fr,10/23/2009,5Y,2.612
Fr,10/23/2009,10Y,3.622
Mo,10/26/2009,2Y,1.416
Mo,10/26/2009,5Y,2.614
Mo,10/26/2009,10Y,3.627
Tu,10/27/2009,2Y,1.343
Tu,10/27/2009,5Y,2.522
Tu,10/27/2009,10Y,3.55
We,10/28/2009,2Y,1.334
We,10/28/2009,5Y,2.515
We,10/28/2009,10Y,3.541
Th,10/29/2009,2Y,1.408
Th,10/29/2009,5Y,2.601
Th,10/29/2009,10Y,3.621
Fr,10/30/2009,2Y,1.341
Fr,10/30/2009,5Y,2.517
Fr,10/30/2009,10Y,3.533
Mo,11/2/2009,2Y,1.347
Mo,11/2/2009,5Y,2.517
Mo,11/2/2009,10Y,3.542
Tu,11/3/2009,2Y,1.336
Tu,11/3/2009,5Y,2.523
Tu,11/3/2009,10Y,3.571
We,11/4/2009,2Y,1.356
We,11/4/2009,5Y,2.561
We,11/4/2009,10Y,3.605
Th,11/5/2009,2Y,1.351
Th,11/5/2009,5Y,2.586
Th,11/5/2009,10Y,3.629
Fr,11/6/2009,2Y,1.325
Fr,11/6/2009,5Y,2.584
Fr,11/6/2009,10Y,3.649
Mo,11/9/2009,2Y,1.295
Mo,11/9/2009,5Y,2.532
Mo,11/9/2009,10Y,3.598
Tu,11/10/2009,2Y,1.291
Tu,11/10/2009,5Y,2.509
Tu,11/10/2009,10Y,3.565
We,11/11/2009,2Y,1.277
We,11/11/2009,5Y,2.511
We,11/11/2009,10Y,3.567
Th,11/12/2009,2Y,1.265
Th,11/12/2009,5Y,2.519
Th,11/12/2009,10Y,3.588
Fr,11/13/2009,2Y,1.257
Fr,11/13/2009,5Y,2.521
Fr,11/13/2009,10Y,3.619
Mo,11/16/2009,2Y,1.247
Mo,11/16/2009,5Y,2.499
Mo,11/16/2009,10Y,3.582
Tu,11/17/2009,2Y,1.241
Tu,11/17/2009,5Y,2.474
Tu,11/17/2009,10Y,3.533
We,11/18/2009,2Y,1.249
We,11/18/2009,5Y,2.488
We,11/18/2009,10Y,3.547
Th,11/19/2009,2Y,1.235
Th,11/19/2009,5Y,2.473
Th,11/19/2009,10Y,3.55
Fr,11/20/2009,2Y,1.273
Fr,11/20/2009,5Y,2.498
Fr,11/20/2009,10Y,3.534
Mo,11/23/2009,2Y,1.295
Mo,11/23/2009,5Y,2.523
Mo,11/23/2009,10Y,3.552
Tu,11/24/2009,2Y,1.27
Tu,11/24/2009,5Y,2.47
Tu,11/24/2009,10Y,3.513
We,11/25/2009,2Y,1.296
We,11/25/2009,5Y,2.481
We,11/25/2009,10Y,3.517
Th,11/26/2009,2Y,1.199
Th,11/26/2009,5Y,2.369
Th,11/26/2009,10Y,3.439
Fr,11/27/2009,2Y,1.215
Fr,11/27/2009,5Y,2.383
Fr,11/27/2009,10Y,3.434
Mo,11/30/2009,2Y,1.226
Mo,11/30/2009,5Y,2.366
Mo,11/30/2009,10Y,3.419
Tu,12/1/2009,2Y,1.212
Tu,12/1/2009,5Y,2.355
Tu,12/1/2009,10Y,3.414
We,12/2/2009,2Y,1.193
We,12/2/2009,5Y,2.343
We,12/2/2009,10Y,3.422
Th,12/3/2009,2Y,1.233
Th,12/3/2009,5Y,2.387
Th,12/3/2009,10Y,3.446
Fr,12/4/2009,2Y,1.295
Fr,12/4/2009,5Y,2.461
Fr,12/4/2009,10Y,3.487
Mo,12/7/2009,2Y,1.265
Mo,12/7/2009,5Y,2.411
Mo,12/7/2009,10Y,3.443
Tu,12/8/2009,2Y,1.171
Tu,12/8/2009,5Y,2.336
Tu,12/8/2009,10Y,3.412
We,12/9/2009,2Y,1.16
We,12/9/2009,5Y,2.337
We,12/9/2009,10Y,3.424
Th,12/10/2009,2Y,1.186
Th,12/10/2009,5Y,2.386
Th,12/10/2009,10Y,3.464
Fr,12/11/2009,2Y,1.212
Fr,12/11/2009,5Y,2.394
Fr,12/11/2009,10Y,3.471
Mo,12/14/2009,2Y,1.188
Mo,12/14/2009,5Y,2.362
Mo,12/14/2009,10Y,3.436
Tu,12/15/2009,2Y,1.204
Tu,12/15/2009,5Y,2.397
Tu,12/15/2009,10Y,3.478
We,12/16/2009,2Y,1.151
We,12/16/2009,5Y,2.332
We,12/16/2009,10Y,3.423
Th,12/17/2009,2Y,1.09
Th,12/17/2009,5Y,2.271
Th,12/17/2009,10Y,3.383
Fr,12/18/2009,2Y,1.094
Fr,12/18/2009,5Y,2.281
Fr,12/18/2009,10Y,3.383
Mo,12/21/2009,2Y,1.098
Mo,12/21/2009,5Y,2.315
Mo,12/21/2009,10Y,3.438
Tu,12/22/2009,2Y,1.116
Tu,12/22/2009,5Y,2.347
Tu,12/22/2009,10Y,3.492
We,12/23/2009,2Y,1.113
We,12/23/2009,5Y,2.368
We,12/23/2009,10Y,3.526
Th,12/24/2009,2Y,1.107
Th,12/24/2009,5Y,2.368
Th,12/24/2009,10Y,3.525
Fr,12/25/2009,2Y,1.108
Fr,12/25/2009,5Y,2.367
Fr,12/25/2009,10Y,3.522
Mo,12/28/2009,2Y,1.146
Mo,12/28/2009,5Y,2.402
Mo,12/28/2009,10Y,3.56
Tu,12/29/2009,2Y,1.205
Tu,12/29/2009,5Y,2.442
Tu,12/29/2009,10Y,3.563
We,12/30/2009,2Y,1.236
We,12/30/2009,5Y,2.475
We,12/30/2009,10Y,3.595
Th,12/31/2009,2Y,1.234
Th,12/31/2009,5Y,2.479
Th,12/31/2009,10Y,3.593
Fr,1/1/2010,2Y,1.232
Fr,1/1/2010,5Y,2.479
Fr,1/1/2010,10Y,3.594
Mo,1/4/2010,2Y,1.243
Mo,1/4/2010,5Y,2.484
Mo,1/4/2010,10Y,3.605
Tu,1/5/2010,2Y,1.195
Tu,1/5/2010,5Y,2.473
Tu,1/5/2010,10Y,3.592
We,1/6/2010,2Y,1.199
We,1/6/2010,5Y,2.489
We,1/6/2010,10Y,3.607
Th,1/7/2010,2Y,1.164
Th,1/7/2010,5Y,2.459
Th,1/7/2010,10Y,3.581
Fr,1/8/2010,2Y,1.146
Fr,1/8/2010,5Y,2.447
Fr,1/8/2010,10Y,3.572
Mo,1/11/2010,2Y,1.115
Mo,1/11/2010,5Y,2.412
Mo,1/11/2010,10Y,3.543
Tu,1/12/2010,2Y,1.107
Tu,1/12/2010,5Y,2.385
Tu,1/12/2010,10Y,3.523
We,1/13/2010,2Y,1.091
We,1/13/2010,5Y,2.366
We,1/13/2010,10Y,3.528
Th,1/14/2010,2Y,1.071
Th,1/14/2010,5Y,2.356
Th,1/14/2010,10Y,3.54
Fr,1/15/2010,2Y,1.035
Fr,1/15/2010,5Y,2.331
Fr,1/15/2010,10Y,3.504
Mo,1/18/2010,2Y,1.047
Mo,1/18/2010,5Y,2.333
Mo,1/18/2010,10Y,3.49
Tu,1/19/2010,2Y,1.089
Tu,1/19/2010,5Y,2.363
Tu,1/19/2010,10Y,3.512
We,1/20/2010,2Y,1.048
We,1/20/2010,5Y,2.311
We,1/20/2010,10Y,3.477
Th,1/21/2010,2Y,1.033
Th,1/21/2010,5Y,2.28
Th,1/21/2010,10Y,3.454
Fr,1/22/2010,2Y,1.206
Fr,1/22/2010,5Y,2.469
Fr,1/22/2010,10Y,3.463
Mo,1/25/2010,2Y,1.201
Mo,1/25/2010,5Y,2.448
Mo,1/25/2010,10Y,3.452
Tu,1/26/2010,2Y,1.201
Tu,1/26/2010,5Y,2.424
Tu,1/26/2010,10Y,3.437
We,1/27/2010,2Y,1.209
We,1/27/2010,5Y,2.431
We,1/27/2010,10Y,3.447
Th,1/28/2010,2Y,1.198
Th,1/28/2010,5Y,2.443
Th,1/28/2010,10Y,3.462
Fr,1/29/2010,2Y,1.197
Fr,1/29/2010,5Y,2.438
Fr,1/29/2010,10Y,3.461
Mo,2/1/2010,2Y,1.198
Mo,2/1/2010,5Y,2.425
Mo,2/1/2010,10Y,3.447
Tu,2/2/2010,2Y,1.199
Tu,2/2/2010,5Y,2.428
Tu,2/2/2010,10Y,3.454
We,2/3/2010,2Y,1.21
We,2/3/2010,5Y,2.444
We,2/3/2010,10Y,3.482
Th,2/4/2010,2Y,1.143
Th,2/4/2010,5Y,2.392
Th,2/4/2010,10Y,3.43
Fr,2/5/2010,2Y,1.08
Fr,2/5/2010,5Y,2.344
Fr,2/5/2010,10Y,3.483
Mo,2/8/2010,2Y,1.093
Mo,2/8/2010,5Y,2.365
Mo,2/8/2010,10Y,3.505
Tu,2/9/2010,2Y,1.133
Tu,2/9/2010,5Y,2.392
Tu,2/9/2010,10Y,3.547
We,2/10/2010,2Y,1.129
We,2/10/2010,5Y,2.403
We,2/10/2010,10Y,3.521
Th,2/11/2010,2Y,1.129
Th,2/11/2010,5Y,2.426
Th,2/11/2010,10Y,3.533
Fr,2/12/2010,2Y,1.062
Fr,2/12/2010,5Y,2.376
Fr,2/12/2010,10Y,3.498
Mo,2/15/2010,2Y,1.06
Mo,2/15/2010,5Y,2.395
Mo,2/15/2010,10Y,3.52
Tu,2/16/2010,2Y,1.059
Tu,2/16/2010,5Y,2.397
Tu,2/16/2010,10Y,3.523
We,2/17/2010,2Y,1.044
We,2/17/2010,5Y,2.382
We,2/17/2010,10Y,3.508
Th,2/18/2010,2Y,1.062
Th,2/18/2010,5Y,2.413
Th,2/18/2010,10Y,3.539
Fr,2/19/2010,2Y,1.069
Fr,2/19/2010,5Y,2.424
Fr,2/19/2010,10Y,3.568
Mo,2/22/2010,2Y,1.284
Mo,2/22/2010,5Y,2.408
Mo,2/22/2010,10Y,3.537
Tu,2/23/2010,2Y,1.215
Tu,2/23/2010,5Y,2.307
Tu,2/23/2010,10Y,3.439
We,2/24/2010,2Y,1.197
We,2/24/2010,5Y,2.299
We,2/24/2010,10Y,3.413
Th,2/25/2010,2Y,1.152
Th,2/25/2010,5Y,2.271
Th,2/25/2010,10Y,3.405
Fr,2/26/2010,2Y,1.154
Fr,2/26/2010,5Y,2.278
Fr,2/26/2010,10Y,3.403
Mo,3/1/2010,2Y,1.137
Mo,3/1/2010,5Y,2.258
Mo,3/1/2010,10Y,3.406
Tu,3/2/2010,2Y,1.14
Tu,3/2/2010,5Y,2.267
Tu,3/2/2010,10Y,3.411
We,3/3/2010,2Y,1.16
We,3/3/2010,5Y,2.285
We,3/3/2010,10Y,3.433
Th,3/4/2010,2Y,1.159
Th,3/4/2010,5Y,2.272
Th,3/4/2010,10Y,3.425
Fr,3/5/2010,2Y,1.184
Fr,3/5/2010,5Y,2.308
Fr,3/5/2010,10Y,3.446
Mo,3/8/2010,2Y,1.181
Mo,3/8/2010,5Y,2.312
Mo,3/8/2010,10Y,3.453
Tu,3/9/2010,2Y,1.166
Tu,3/9/2010,5Y,2.286
Tu,3/9/2010,10Y,3.434
We,3/10/2010,2Y,1.194
We,3/10/2010,5Y,2.305
We,3/10/2010,10Y,3.451
Th,3/11/2010,2Y,1.216
Th,3/11/2010,5Y,2.339
Th,3/11/2010,10Y,3.475
Fr,3/12/2010,2Y,1.229
Fr,3/12/2010,5Y,2.344
Fr,3/12/2010,10Y,3.462
Mo,3/15/2010,2Y,1.209
Mo,3/15/2010,5Y,2.334
Mo,3/15/2010,10Y,3.448
Tu,3/16/2010,2Y,1.182
Tu,3/16/2010,5Y,2.308
Tu,3/16/2010,10Y,3.422
We,3/17/2010,2Y,1.14
We,3/17/2010,5Y,2.265
We,3/17/2010,10Y,3.407
Th,3/18/2010,2Y,1.165
Th,3/18/2010,5Y,2.286
Th,3/18/2010,10Y,3.432
Fr,3/19/2010,2Y,1.179
Fr,3/19/2010,5Y,2.283
Fr,3/19/2010,10Y,3.42
Mo,3/22/2010,2Y,1.146
Mo,3/22/2010,5Y,2.258
Mo,3/22/2010,10Y,3.392
Tu,3/23/2010,2Y,1.13
Tu,3/23/2010,5Y,2.243
Tu,3/23/2010,10Y,3.374
We,3/24/2010,2Y,1.137
We,3/24/2010,5Y,2.271
We,3/24/2010,10Y,3.412
Th,3/25/2010,2Y,1.162
Th,3/25/2010,5Y,2.324
Th,3/25/2010,10Y,3.481
Fr,3/26/2010,2Y,1.15
Fr,3/26/2010,5Y,2.321
Fr,3/26/2010,10Y,3.476
Mo,3/29/2010,2Y,1.131
Mo,3/29/2010,5Y,2.293
Mo,3/29/2010,10Y,3.456
Tu,3/30/2010,2Y,1.127
Tu,3/30/2010,5Y,2.291
Tu,3/30/2010,10Y,3.438
We,3/31/2010,2Y,1.112
We,3/31/2010,5Y,2.268
We,3/31/2010,10Y,3.42
Th,4/1/2010,2Y,1.108
Th,4/1/2010,5Y,2.262
Th,4/1/2010,10Y,3.401
Fr,4/2/2010,2Y,1.109
Fr,4/2/2010,5Y,2.262
Fr,4/2/2010,10Y,3.397
Mo,4/5/2010,2Y,1.112
Mo,4/5/2010,5Y,2.263
Mo,4/5/2010,10Y,3.398
Tu,4/6/2010,2Y,1.147
Tu,4/6/2010,5Y,2.319
Tu,4/6/2010,10Y,3.473
We,4/7/2010,2Y,1.109
We,4/7/2010,5Y,2.278
We,4/7/2010,10Y,3.444
Th,4/8/2010,2Y,1.078
Th,4/8/2010,5Y,2.245
Th,4/8/2010,10Y,3.416
Fr,4/9/2010,2Y,1.132
Fr,4/9/2010,5Y,2.299
Fr,4/9/2010,10Y,3.462
Mo,4/12/2010,2Y,1.154
Mo,4/12/2010,5Y,2.308
Mo,4/12/2010,10Y,3.462
Tu,4/13/2010,2Y,1.131
Tu,4/13/2010,5Y,2.284
Tu,4/13/2010,10Y,3.435
We,4/14/2010,2Y,1.116
We,4/14/2010,5Y,2.274
We,4/14/2010,10Y,3.427
Th,4/15/2010,2Y,1.109
Th,4/15/2010,5Y,2.265
Th,4/15/2010,10Y,3.422
Fr,4/16/2010,2Y,1.06
Fr,4/16/2010,5Y,2.21
Fr,4/16/2010,10Y,3.377
Mo,4/19/2010,2Y,1.052
Mo,4/19/2010,5Y,2.208
Mo,4/19/2010,10Y,3.377
Tu,4/20/2010,2Y,1.068
Tu,4/20/2010,5Y,2.228
Tu,4/20/2010,10Y,3.393
We,4/21/2010,2Y,1.049
We,4/21/2010,5Y,2.21
We,4/21/2010,10Y,3.385
Th,4/22/2010,2Y,1.039
Th,4/22/2010,5Y,2.211
Th,4/22/2010,10Y,3.376
Fr,4/23/2010,2Y,1.073
Fr,4/23/2010,5Y,2.228
Fr,4/23/2010,10Y,3.371
Mo,4/26/2010,2Y,1.039
Mo,4/26/2010,5Y,2.208
Mo,4/26/2010,10Y,3.36
Tu,4/27/2010,2Y,0.959
Tu,4/27/2010,5Y,2.131
Tu,4/27/2010,10Y,3.266
We,4/28/2010,2Y,0.965
We,4/28/2010,5Y,2.143
We,4/28/2010,10Y,3.322
Th,4/29/2010,2Y,0.95
Th,4/29/2010,5Y,2.154
Th,4/29/2010,10Y,3.332
Fr,4/30/2010,2Y,0.918
Fr,4/30/2010,5Y,2.101
Fr,4/30/2010,10Y,3.289
Mo,5/3/2010,2Y,0.961
Mo,5/3/2010,5Y,2.138
Mo,5/3/2010,10Y,3.328
Tu,5/4/2010,2Y,0.844
Tu,5/4/2010,5Y,2.016
Tu,5/4/2010,10Y,3.23
We,5/5/2010,2Y,0.74
We,5/5/2010,5Y,1.915
We,5/5/2010,10Y,3.15
Th,5/6/2010,2Y,0.673
Th,5/6/2010,5Y,1.796
Th,5/6/2010,10Y,3.134
Fr,5/7/2010,2Y,0.706
Fr,5/7/2010,5Y,1.829
Fr,5/7/2010,10Y,3.15
Mo,5/10/2010,2Y,0.75
Mo,5/10/2010,5Y,1.897
Mo,5/10/2010,10Y,3.224
Tu,5/11/2010,2Y,0.748
Tu,5/11/2010,5Y,1.901
Tu,5/11/2010,10Y,3.216
We,5/12/2010,2Y,0.742
We,5/12/2010,5Y,1.894
We,5/12/2010,10Y,3.207
Th,5/13/2010,2Y,0.709
Th,5/13/2010,5Y,1.871
Th,5/13/2010,10Y,3.189
Fr,5/14/2010,2Y,0.671
Fr,5/14/2010,5Y,1.805
Fr,5/14/2010,10Y,3.116
Mo,5/17/2010,2Y,0.695
Mo,5/17/2010,5Y,1.831
Mo,5/17/2010,10Y,3.121
Tu,5/18/2010,2Y,0.694
Tu,5/18/2010,5Y,1.795
Tu,5/18/2010,10Y,3.078
We,5/19/2010,2Y,0.652
We,5/19/2010,5Y,1.738
We,5/19/2010,10Y,3.013
Th,5/20/2010,2Y,0.611
Th,5/20/2010,5Y,1.658
Th,5/20/2010,10Y,2.932
Fr,5/21/2010,2Y,0.696
Fr,5/21/2010,5Y,1.681
Fr,5/21/2010,10Y,2.919
Mo,5/24/2010,2Y,0.687
Mo,5/24/2010,5Y,1.67
Mo,5/24/2010,10Y,2.911
Tu,5/25/2010,2Y,0.651
Tu,5/25/2010,5Y,1.592
Tu,5/25/2010,10Y,2.85
We,5/26/2010,2Y,0.688
We,5/26/2010,5Y,1.664
We,5/26/2010,10Y,2.917
Th,5/27/2010,2Y,0.735
Th,5/27/2010,5Y,1.738
Th,5/27/2010,10Y,2.962
Fr,5/28/2010,2Y,0.718
Fr,5/28/2010,5Y,1.733
Fr,5/28/2010,10Y,2.941
Mo,5/31/2010,2Y,0.714
Mo,5/31/2010,5Y,1.719
Mo,5/31/2010,10Y,2.921
Tu,6/1/2010,2Y,0.707
Tu,6/1/2010,5Y,1.737
Tu,6/1/2010,10Y,2.962
We,6/2/2010,2Y,0.713
We,6/2/2010,5Y,1.751
We,6/2/2010,10Y,2.976
Th,6/3/2010,2Y,0.735
Th,6/3/2010,5Y,1.785
Th,6/3/2010,10Y,3.027
Fr,6/4/2010,2Y,0.758
Fr,6/4/2010,5Y,1.768
Fr,6/4/2010,10Y,3.011
Mo,6/7/2010,2Y,0.813
Mo,6/7/2010,5Y,1.84
Mo,6/7/2010,10Y,3.052
Tu,6/8/2010,2Y,0.795
Tu,6/8/2010,5Y,1.819
Tu,6/8/2010,10Y,3.068
We,6/9/2010,2Y,0.753
We,6/9/2010,5Y,1.783
We,6/9/2010,10Y,3.057
Th,6/10/2010,2Y,0.758
Th,6/10/2010,5Y,1.819
Th,6/10/2010,10Y,3.071
Fr,6/11/2010,2Y,0.728
Fr,6/11/2010,5Y,1.78
Fr,6/11/2010,10Y,3.025
Mo,6/14/2010,2Y,0.789
Mo,6/14/2010,5Y,1.865
Mo,6/14/2010,10Y,3.094
Tu,6/15/2010,2Y,0.803
Tu,6/15/2010,5Y,1.879
Tu,6/15/2010,10Y,3.11
We,6/16/2010,2Y,0.804
We,6/16/2010,5Y,1.898
We,6/16/2010,10Y,3.116
Th,6/17/2010,2Y,0.819
Th,6/17/2010,5Y,1.856
Th,6/17/2010,10Y,3.093
Fr,6/18/2010,2Y,0.865
Fr,6/18/2010,5Y,2.082
Fr,6/18/2010,10Y,3.11
Mo,6/21/2010,2Y,0.894
Mo,6/21/2010,5Y,2.066
Mo,6/21/2010,10Y,3.107
Tu,6/22/2010,2Y,0.873
Tu,6/22/2010,5Y,2.04
Tu,6/22/2010,10Y,3.067
We,6/23/2010,2Y,0.903
We,6/23/2010,5Y,2.04
We,6/23/2010,10Y,3.079
Th,6/24/2010,2Y,0.858
Th,6/24/2010,5Y,1.989
Th,6/24/2010,10Y,3.061
Fr,6/25/2010,2Y,0.905
Fr,6/25/2010,5Y,2.038
Fr,6/25/2010,10Y,3.092
Mo,6/28/2010,2Y,0.929
Mo,6/28/2010,5Y,2.056
Mo,6/28/2010,10Y,3.111
Tu,6/29/2010,2Y,0.905
Tu,6/29/2010,5Y,1.991
Tu,6/29/2010,10Y,3.067
We,6/30/2010,2Y,0.911
We,6/30/2010,5Y,1.987
We,6/30/2010,10Y,3.05
Th,7/1/2010,2Y,0.946
Th,7/1/2010,5Y,1.965
Th,7/1/2010,10Y,2.998
Fr,7/2/2010,2Y,0.917
Fr,7/2/2010,5Y,1.931
Fr,7/2/2010,10Y,2.98
Mo,7/5/2010,2Y,0.852
Mo,7/5/2010,5Y,1.863
Mo,7/5/2010,10Y,2.923
Tu,7/6/2010,2Y,0.85
Tu,7/6/2010,5Y,1.895
Tu,7/6/2010,10Y,2.958
We,7/7/2010,2Y,0.882
We,7/7/2010,5Y,1.909
We,7/7/2010,10Y,2.969
Th,7/8/2010,2Y,0.923
Th,7/8/2010,5Y,1.93
Th,7/8/2010,10Y,2.978
Fr,7/9/2010,2Y,0.969
Fr,7/9/2010,5Y,1.931
Fr,7/9/2010,10Y,2.962
Mo,7/12/2010,2Y,0.921
Mo,7/12/2010,5Y,1.894
Mo,7/12/2010,10Y,2.931
Tu,7/13/2010,2Y,0.935
Tu,7/13/2010,5Y,1.924
Tu,7/13/2010,10Y,2.966
We,7/14/2010,2Y,0.982
We,7/14/2010,5Y,1.974
We,7/14/2010,10Y,2.989
Th,7/15/2010,2Y,0.992
Th,7/15/2010,5Y,1.983
Th,7/15/2010,10Y,2.993
Fr,7/16/2010,2Y,0.958
Fr,7/16/2010,5Y,1.939
Fr,7/16/2010,10Y,2.952
Mo,7/19/2010,2Y,0.999
Mo,7/19/2010,5Y,2.006
Mo,7/19/2010,10Y,2.995
Tu,7/20/2010,2Y,0.956
Tu,7/20/2010,5Y,1.976
Tu,7/20/2010,10Y,2.973
We,7/21/2010,2Y,0.906
We,7/21/2010,5Y,1.951
We,7/21/2010,10Y,2.971
Th,7/22/2010,2Y,0.879
Th,7/22/2010,5Y,1.95
Th,7/22/2010,10Y,2.986
Fr,7/23/2010,2Y,0.893
Fr,7/23/2010,5Y,1.976
Fr,7/23/2010,10Y,2.998
Mo,7/26/2010,2Y,0.959
Mo,7/26/2010,5Y,2.025
Mo,7/26/2010,10Y,3.026
Tu,7/27/2010,2Y,1.003
Tu,7/27/2010,5Y,2.035
Tu,7/27/2010,10Y,3.031
We,7/28/2010,2Y,0.987
We,7/28/2010,5Y,2.005
We,7/28/2010,10Y,3.012
Th,7/29/2010,2Y,0.997
Th,7/29/2010,5Y,1.987
Th,7/29/2010,10Y,2.991
Fr,7/30/2010,2Y,0.967
Fr,7/30/2010,5Y,1.944
Fr,7/30/2010,10Y,2.945
Mo,8/2/2010,2Y,0.965
Mo,8/2/2010,5Y,1.967
Mo,8/2/2010,10Y,2.968
Tu,8/3/2010,2Y,0.921
Tu,8/3/2010,5Y,1.874
Tu,8/3/2010,10Y,2.886
We,8/4/2010,2Y,0.929
We,8/4/2010,5Y,1.876
We,8/4/2010,10Y,2.871
Th,8/5/2010,2Y,0.93
Th,8/5/2010,5Y,1.841
Th,8/5/2010,10Y,2.82
Fr,8/6/2010,2Y,0.924
Fr,8/6/2010,5Y,1.796
Fr,8/6/2010,10Y,2.772
Mo,8/9/2010,2Y,0.893
Mo,8/9/2010,5Y,1.786
Mo,8/9/2010,10Y,2.778
Tu,8/10/2010,2Y,0.89
Tu,8/10/2010,5Y,1.786
Tu,8/10/2010,10Y,2.819
We,8/11/2010,2Y,0.824
We,8/11/2010,5Y,1.698
We,8/11/2010,10Y,2.722
Th,8/12/2010,2Y,0.787
Th,8/12/2010,5Y,1.697
Th,8/12/2010,10Y,2.72
Fr,8/13/2010,2Y,0.776
Fr,8/13/2010,5Y,1.702
Fr,8/13/2010,10Y,2.721
Mo,8/16/2010,2Y,0.774
Mo,8/16/2010,5Y,1.678
Mo,8/16/2010,10Y,2.661
Tu,8/17/2010,2Y,0.786
Tu,8/17/2010,5Y,1.703
Tu,8/17/2010,10Y,2.68
We,8/18/2010,2Y,0.759
We,8/18/2010,5Y,1.661
We,8/18/2010,10Y,2.635
Th,8/19/2010,2Y,0.75
Th,8/19/2010,5Y,1.646
Th,8/19/2010,10Y,2.604
Fr,8/20/2010,2Y,0.707
Fr,8/20/2010,5Y,1.629
Fr,8/20/2010,10Y,2.582
Mo,8/23/2010,2Y,0.699
Mo,8/23/2010,5Y,1.633
Mo,8/23/2010,10Y,2.596
Tu,8/24/2010,2Y,0.672
Tu,8/24/2010,5Y,1.572
Tu,8/24/2010,10Y,2.508
We,8/25/2010,2Y,0.667
We,8/25/2010,5Y,1.569
We,8/25/2010,10Y,2.482
Th,8/26/2010,2Y,0.687
Th,8/26/2010,5Y,1.568
Th,8/26/2010,10Y,2.486
Fr,8/27/2010,2Y,0.713
Fr,8/27/2010,5Y,1.624
Fr,8/27/2010,10Y,2.535
Mo,8/30/2010,2Y,0.683
Mo,8/30/2010,5Y,1.548
Mo,8/30/2010,10Y,2.471
Tu,8/31/2010,2Y,0.668
Tu,8/31/2010,5Y,1.544
Tu,8/31/2010,10Y,2.467
We,9/1/2010,2Y,0.686
We,9/1/2010,5Y,1.607
We,9/1/2010,10Y,2.559
Th,9/2/2010,2Y,0.69
Th,9/2/2010,5Y,1.611
Th,9/2/2010,10Y,2.569
Fr,9/3/2010,2Y,0.721
Fr,9/3/2010,5Y,1.636
Fr,9/3/2010,10Y,2.633
Mo,9/6/2010,2Y,0.748
Mo,9/6/2010,5Y,1.641
Mo,9/6/2010,10Y,2.635
Tu,9/7/2010,2Y,0.71
Tu,9/7/2010,5Y,1.577
Tu,9/7/2010,10Y,2.575
We,9/8/2010,2Y,0.753
We,9/8/2010,5Y,1.627
We,9/8/2010,10Y,2.594
Th,9/9/2010,2Y,0.818
Th,9/9/2010,5Y,1.681
Th,9/9/2010,10Y,2.625
Fr,9/10/2010,2Y,0.862
Fr,9/10/2010,5Y,1.751
Fr,9/10/2010,10Y,2.692
Mo,9/13/2010,2Y,0.881
Mo,9/13/2010,5Y,1.764
Mo,9/13/2010,10Y,2.718
Tu,9/14/2010,2Y,0.874
Tu,9/14/2010,5Y,1.74
Tu,9/14/2010,10Y,2.701
We,9/15/2010,2Y,0.903
We,9/15/2010,5Y,1.781
We,9/15/2010,10Y,2.75
Th,9/16/2010,2Y,0.942
Th,9/16/2010,5Y,1.841
Th,9/16/2010,10Y,2.833
Fr,9/17/2010,2Y,0.916
Fr,9/17/2010,5Y,1.808
Fr,9/17/2010,10Y,2.781
Mo,9/20/2010,2Y,0.94
Mo,9/20/2010,5Y,1.843
Mo,9/20/2010,10Y,2.823
Tu,9/21/2010,2Y,0.93
Tu,9/21/2010,5Y,1.827
Tu,9/21/2010,10Y,2.805
We,9/22/2010,2Y,0.886
We,9/22/2010,5Y,1.739
We,9/22/2010,10Y,2.71
Th,9/23/2010,2Y,0.836
Th,9/23/2010,5Y,1.679
Th,9/23/2010,10Y,2.661
Fr,9/24/2010,2Y,0.863
Fr,9/24/2010,5Y,1.717
Fr,9/24/2010,10Y,2.701
Mo,9/27/2010,2Y,0.854
Mo,9/27/2010,5Y,1.661
Mo,9/27/2010,10Y,2.631
Tu,9/28/2010,2Y,0.865
Tu,9/28/2010,5Y,1.668
Tu,9/28/2010,10Y,2.614
We,9/29/2010,2Y,0.914
We,9/29/2010,5Y,1.704
We,9/29/2010,10Y,2.627
Th,9/30/2010,2Y,0.967
Th,9/30/2010,5Y,1.745
Th,9/30/2010,10Y,2.659
Fr,10/1/2010,2Y,0.985
Fr,10/1/2010,5Y,1.755
Fr,10/1/2010,10Y,2.654
Mo,10/4/2010,2Y,0.959
Mo,10/4/2010,5Y,1.72
Mo,10/4/2010,10Y,2.635
Tu,10/5/2010,2Y,0.937
Tu,10/5/2010,5Y,1.722
Tu,10/5/2010,10Y,2.648
We,10/6/2010,2Y,0.906
We,10/6/2010,5Y,1.665
We,10/6/2010,10Y,2.584
Th,10/7/2010,2Y,0.935
Th,10/7/2010,5Y,1.705
Th,10/7/2010,10Y,2.636
Fr,10/8/2010,2Y,0.918
Fr,10/8/2010,5Y,1.678
Fr,10/8/2010,10Y,2.668
Mo,10/11/2010,2Y,0.896
Mo,10/11/2010,5Y,1.677
Mo,10/11/2010,10Y,2.676
Tu,10/12/2010,2Y,0.879
Tu,10/12/2010,5Y,1.656
Tu,10/12/2010,10Y,2.659
We,10/13/2010,2Y,0.881
We,10/13/2010,5Y,1.657
We,10/13/2010,10Y,2.693
Th,10/14/2010,2Y,0.892
Th,10/14/2010,5Y,1.661
Th,10/14/2010,10Y,2.7
Fr,10/15/2010,2Y,0.914
Fr,10/15/2010,5Y,1.699
Fr,10/15/2010,10Y,2.762
Mo,10/18/2010,2Y,0.988
Mo,10/18/2010,5Y,1.75
Mo,10/18/2010,10Y,2.769
Tu,10/19/2010,2Y,1.012
Tu,10/19/2010,5Y,1.781
Tu,10/19/2010,10Y,2.802
We,10/20/2010,2Y,1.069
We,10/20/2010,5Y,1.834
We,10/20/2010,10Y,2.833
Th,10/21/2010,2Y,1.109
Th,10/21/2010,5Y,1.883
Th,10/21/2010,10Y,2.884
Fr,10/22/2010,2Y,1.12
Fr,10/22/2010,5Y,1.889
Fr,10/22/2010,10Y,2.874
Mo,10/25/2010,2Y,1.085
Mo,10/25/2010,5Y,1.85
Mo,10/25/2010,10Y,2.835
Tu,10/26/2010,2Y,1.13
Tu,10/26/2010,5Y,1.891
Tu,10/26/2010,10Y,2.878
We,10/27/2010,2Y,1.139
We,10/27/2010,5Y,1.914
We,10/27/2010,10Y,2.929
Th,10/28/2010,2Y,1.161
Th,10/28/2010,5Y,1.929
Th,10/28/2010,10Y,2.934
Fr,10/29/2010,2Y,1.137
Fr,10/29/2010,5Y,1.906
Fr,10/29/2010,10Y,2.913
Mo,11/1/2010,2Y,1.13
Mo,11/1/2010,5Y,1.88
Mo,11/1/2010,10Y,2.882
Tu,11/2/2010,2Y,1.147
Tu,11/2/2010,5Y,1.889
Tu,11/2/2010,10Y,2.88
We,11/3/2010,2Y,1.119
We,11/3/2010,5Y,1.827
We,11/3/2010,10Y,2.824
Th,11/4/2010,2Y,1.087
Th,11/4/2010,5Y,1.782
Th,11/4/2010,10Y,2.826
Fr,11/5/2010,2Y,1.078
Fr,11/5/2010,5Y,1.795
Fr,11/5/2010,10Y,2.852
Mo,11/8/2010,2Y,1.098
Mo,11/8/2010,5Y,1.805
Mo,11/8/2010,10Y,2.847
Tu,11/9/2010,2Y,1.111
Tu,11/9/2010,5Y,1.818
Tu,11/9/2010,10Y,2.863
We,11/10/2010,2Y,1.104
We,11/10/2010,5Y,1.812
We,11/10/2010,10Y,2.895
Th,11/11/2010,2Y,1.087
Th,11/11/2010,5Y,1.791
Th,11/11/2010,10Y,2.897
Fr,11/12/2010,2Y,1.146
Fr,11/12/2010,5Y,1.895
Fr,11/12/2010,10Y,2.955
Mo,11/15/2010,2Y,1.159
Mo,11/15/2010,5Y,1.928
Mo,11/15/2010,10Y,2.98
Tu,11/16/2010,2Y,1.169
Tu,11/16/2010,5Y,1.977
Tu,11/16/2010,10Y,3.044
We,11/17/2010,2Y,1.144
We,11/17/2010,5Y,1.971
We,11/17/2010,10Y,3.019
Th,11/18/2010,2Y,1.203
Th,11/18/2010,5Y,2.059
Th,11/18/2010,10Y,3.116
Fr,11/19/2010,2Y,1.203
Fr,11/19/2010,5Y,2.052
Fr,11/19/2010,10Y,3.103
Mo,11/22/2010,2Y,1.142
Mo,11/22/2010,5Y,1.984
Mo,11/22/2010,10Y,3.059
Tu,11/23/2010,2Y,1.047
Tu,11/23/2010,5Y,1.912
Tu,11/23/2010,10Y,3.002
We,11/24/2010,2Y,1.092
We,11/24/2010,5Y,2.008
We,11/24/2010,10Y,3.102
Th,11/25/2010,2Y,1.081
Th,11/25/2010,5Y,2.04
Th,11/25/2010,10Y,3.132
Fr,11/26/2010,2Y,1.067
Fr,11/26/2010,5Y,2.036
Fr,11/26/2010,10Y,3.138
Mo,11/29/2010,2Y,1.07
Mo,11/29/2010,5Y,2.075
Mo,11/29/2010,10Y,3.213
Tu,11/30/2010,2Y,1.06
Tu,11/30/2010,5Y,2.038
Tu,11/30/2010,10Y,3.154
We,12/1/2010,2Y,1.064
We,12/1/2010,5Y,2.104
We,12/1/2010,10Y,3.249
Th,12/2/2010,2Y,0.997
Th,12/2/2010,5Y,2.106
Th,12/2/2010,10Y,3.237
Fr,12/3/2010,2Y,0.971
Fr,12/3/2010,5Y,2.101
Fr,12/3/2010,10Y,3.264
Mo,12/6/2010,2Y,0.941
Mo,12/6/2010,5Y,2.045
Mo,12/6/2010,10Y,3.258
Tu,12/7/2010,2Y,0.982
Tu,12/7/2010,5Y,2.125
Tu,12/7/2010,10Y,3.32
We,12/8/2010,2Y,1.054
We,12/8/2010,5Y,2.228
We,12/8/2010,10Y,3.367
Th,12/9/2010,2Y,1.086
Th,12/9/2010,5Y,2.199
Th,12/9/2010,10Y,3.299
Fr,12/10/2010,2Y,1.137
Fr,12/10/2010,5Y,2.209
Fr,12/10/2010,10Y,3.296
Mo,12/13/2010,2Y,1.118
Mo,12/13/2010,5Y,2.213
Mo,12/13/2010,10Y,3.319
Tu,12/14/2010,2Y,1.13
Tu,12/14/2010,5Y,2.273
Tu,12/14/2010,10Y,3.35
We,12/15/2010,2Y,1.117
We,12/15/2010,5Y,2.275
We,12/15/2010,10Y,3.374
Th,12/16/2010,2Y,1.136
Th,12/16/2010,5Y,2.307
Th,12/16/2010,10Y,3.413
Fr,12/17/2010,2Y,1.129
Fr,12/17/2010,5Y,2.28
Fr,12/17/2010,10Y,3.394
Mo,12/20/2010,2Y,1.112
Mo,12/20/2010,5Y,2.21
Mo,12/20/2010,10Y,3.326
Tu,12/21/2010,2Y,1.116
Tu,12/21/2010,5Y,2.231
Tu,12/21/2010,10Y,3.339
We,12/22/2010,2Y,1.041
We,12/22/2010,5Y,2.16
We,12/22/2010,10Y,3.311
Th,12/23/2010,2Y,1.028
Th,12/23/2010,5Y,2.168
Th,12/23/2010,10Y,3.351
Fr,12/24/2010,2Y,1.029
Fr,12/24/2010,5Y,2.172
Fr,12/24/2010,10Y,3.35
Mo,12/27/2010,2Y,1.027
Mo,12/27/2010,5Y,2.211
Mo,12/27/2010,10Y,3.391
Tu,12/28/2010,2Y,0.985
Tu,12/28/2010,5Y,2.156
Tu,12/28/2010,10Y,3.349
We,12/29/2010,2Y,0.979
We,12/29/2010,5Y,2.191
We,12/29/2010,10Y,3.413
Th,12/30/2010,2Y,0.957
Th,12/30/2010,5Y,2.14
Th,12/30/2010,10Y,3.359
Fr,12/31/2010,2Y,0.96
Fr,12/31/2010,5Y,2.137
Fr,12/31/2010,10Y,3.362
Mo,1/3/2011,2Y,0.921
Mo,1/3/2011,5Y,2.105
Mo,1/3/2011,10Y,3.341
Tu,1/4/2011,2Y,0.929
Tu,1/4/2011,5Y,2.089
Tu,1/4/2011,10Y,3.284
We,1/5/2011,2Y,0.969
We,1/5/2011,5Y,2.147
We,1/5/2011,10Y,3.335
Th,1/6/2011,2Y,0.962
Th,1/6/2011,5Y,2.143
Th,1/6/2011,10Y,3.348
Fr,1/7/2011,2Y,1.051
Fr,1/7/2011,5Y,2.104
Fr,1/7/2011,10Y,3.333
Mo,1/10/2011,2Y,1.053
Mo,1/10/2011,5Y,2.109
Mo,1/10/2011,10Y,3.334
Tu,1/11/2011,2Y,1.063
Tu,1/11/2011,5Y,2.131
Tu,1/11/2011,10Y,3.362
We,1/12/2011,2Y,1.119
We,1/12/2011,5Y,2.195
We,1/12/2011,10Y,3.428
Th,1/13/2011,2Y,1.2
Th,1/13/2011,5Y,2.253
Th,1/13/2011,10Y,3.416
Fr,1/14/2011,2Y,1.286
Fr,1/14/2011,5Y,2.293
Fr,1/14/2011,10Y,3.404
Mo,1/17/2011,2Y,1.287
Mo,1/17/2011,5Y,2.298
Mo,1/17/2011,10Y,3.424
Tu,1/18/2011,2Y,1.353
Tu,1/18/2011,5Y,2.374
Tu,1/18/2011,10Y,3.492
We,1/19/2011,2Y,1.314
We,1/19/2011,5Y,2.331
We,1/19/2011,10Y,3.459
Th,1/20/2011,2Y,1.384
Th,1/20/2011,5Y,2.398
Th,1/20/2011,10Y,3.503
Fr,1/21/2011,2Y,1.419
Fr,1/21/2011,5Y,2.597
Fr,1/21/2011,10Y,3.491
Mo,1/24/2011,2Y,1.404
Mo,1/24/2011,5Y,2.582
Mo,1/24/2011,10Y,3.477
Tu,1/25/2011,2Y,1.42
Tu,1/25/2011,5Y,2.589
Tu,1/25/2011,10Y,3.471
We,1/26/2011,2Y,1.474
We,1/26/2011,5Y,2.646
We,1/26/2011,10Y,3.524
Th,1/27/2011,2Y,1.529
Th,1/27/2011,5Y,2.709
Th,1/27/2011,10Y,3.564
Fr,1/28/2011,2Y,1.525
Fr,1/28/2011,5Y,2.687
Fr,1/28/2011,10Y,3.522
Mo,1/31/2011,2Y,1.537
Mo,1/31/2011,5Y,2.692
Mo,1/31/2011,10Y,3.529
Tu,2/1/2011,2Y,1.533
Tu,2/1/2011,5Y,2.702
Tu,2/1/2011,10Y,3.57
We,2/2/2011,2Y,1.596
We,2/2/2011,5Y,2.739
We,2/2/2011,10Y,3.608
Th,2/3/2011,2Y,1.482
Th,2/3/2011,5Y,2.645
Th,2/3/2011,10Y,3.591
Fr,2/4/2011,2Y,1.557
Fr,2/4/2011,5Y,2.704
Fr,2/4/2011,10Y,3.615
Mo,2/7/2011,2Y,1.512
Mo,2/7/2011,5Y,2.691
Mo,2/7/2011,10Y,3.62
Tu,2/8/2011,2Y,1.578
Tu,2/8/2011,5Y,2.724
Tu,2/8/2011,10Y,3.625
We,2/9/2011,2Y,1.603
We,2/9/2011,5Y,2.765
We,2/9/2011,10Y,3.66
Th,2/10/2011,2Y,1.609
Th,2/10/2011,5Y,2.762
Th,2/10/2011,10Y,3.658
Fr,2/11/2011,2Y,1.587
Fr,2/11/2011,5Y,2.741
Fr,2/11/2011,10Y,3.66
Mo,2/14/2011,2Y,1.593
Mo,2/14/2011,5Y,2.744
Mo,2/14/2011,10Y,3.672
Tu,2/15/2011,2Y,1.599
Tu,2/15/2011,5Y,2.745
Tu,2/15/2011,10Y,3.665
We,2/16/2011,2Y,1.566
We,2/16/2011,5Y,2.697
We,2/16/2011,10Y,3.61
Th,2/17/2011,2Y,1.5
Th,2/17/2011,5Y,2.641
Th,2/17/2011,10Y,3.571
Fr,2/18/2011,2Y,1.543
Fr,2/18/2011,5Y,2.686
Fr,2/18/2011,10Y,3.614
Mo,2/21/2011,2Y,1.525
Mo,2/21/2011,5Y,2.641
Mo,2/21/2011,10Y,3.545
Tu,2/22/2011,2Y,1.567
Tu,2/22/2011,5Y,2.634
Tu,2/22/2011,10Y,3.506
We,2/23/2011,2Y,1.588
We,2/23/2011,5Y,2.646
We,2/23/2011,10Y,3.498
Th,2/24/2011,2Y,1.58
Th,2/24/2011,5Y,2.637
Th,2/24/2011,10Y,3.496
Fr,2/25/2011,2Y,1.588
Fr,2/25/2011,5Y,2.66
Fr,2/25/2011,10Y,3.517
Mo,2/28/2011,2Y,1.567
Mo,2/28/2011,5Y,2.67
Mo,2/28/2011,10Y,3.542
Tu,3/1/2011,2Y,1.575
Tu,3/1/2011,5Y,2.685
Tu,3/1/2011,10Y,3.556
We,3/2/2011,2Y,1.581
We,3/2/2011,5Y,2.704
We,3/2/2011,10Y,3.573
Th,3/3/2011,2Y,1.807
Th,3/3/2011,5Y,2.89
Th,3/3/2011,10Y,3.69
Fr,3/4/2011,2Y,1.787
Fr,3/4/2011,5Y,2.857
Fr,3/4/2011,10Y,3.63
Mo,3/7/2011,2Y,1.783
Mo,3/7/2011,5Y,2.861
Mo,3/7/2011,10Y,3.62
Tu,3/8/2011,2Y,1.782
Tu,3/8/2011,5Y,2.89
Tu,3/8/2011,10Y,3.666
We,3/9/2011,2Y,1.763
We,3/9/2011,5Y,2.872
We,3/9/2011,10Y,3.655
Th,3/10/2011,2Y,1.733
Th,3/10/2011,5Y,2.829
Th,3/10/2011,10Y,3.613
Fr,3/11/2011,2Y,1.682
Fr,3/11/2011,5Y,2.772
Fr,3/11/2011,10Y,3.562
Mo,3/14/2011,2Y,1.664
Mo,3/14/2011,5Y,2.754
Mo,3/14/2011,10Y,3.562
Tu,3/15/2011,2Y,1.561
Tu,3/15/2011,5Y,2.649
Tu,3/15/2011,10Y,3.47
We,3/16/2011,2Y,1.507
We,3/16/2011,5Y,2.593
We,3/16/2011,10Y,3.427
Th,3/17/2011,2Y,1.599
Th,3/17/2011,5Y,2.69
Th,3/17/2011,10Y,3.511
Fr,3/18/2011,2Y,1.661
Fr,3/18/2011,5Y,2.723
Fr,3/18/2011,10Y,3.525
Mo,3/21/2011,2Y,1.75
Mo,3/21/2011,5Y,2.791
Mo,3/21/2011,10Y,3.564
Tu,3/22/2011,2Y,1.715
Tu,3/22/2011,5Y,2.801
Tu,3/22/2011,10Y,3.595
We,3/23/2011,2Y,1.712
We,3/23/2011,5Y,2.799
We,3/23/2011,10Y,3.594
Th,3/24/2011,2Y,1.716
Th,3/24/2011,5Y,2.797
Th,3/24/2011,10Y,3.609
Fr,3/25/2011,2Y,1.756
Fr,3/25/2011,5Y,2.839
Fr,3/25/2011,10Y,3.634
Mo,3/28/2011,2Y,1.761
Mo,3/28/2011,5Y,2.851
Mo,3/28/2011,10Y,3.638
Tu,3/29/2011,2Y,1.803
Tu,3/29/2011,5Y,2.907
Tu,3/29/2011,10Y,3.681
We,3/30/2011,2Y,1.775
We,3/30/2011,5Y,2.904
We,3/30/2011,10Y,3.687
Th,3/31/2011,2Y,1.812
Th,3/31/2011,5Y,2.935
Th,3/31/2011,10Y,3.71
Fr,4/1/2011,2Y,1.833
Fr,4/1/2011,5Y,2.957
Fr,4/1/2011,10Y,3.722
Mo,4/4/2011,2Y,1.825
Mo,4/4/2011,5Y,2.94
Mo,4/4/2011,10Y,3.717
Tu,4/5/2011,2Y,1.851
Tu,4/5/2011,5Y,2.969
Tu,4/5/2011,10Y,3.737
We,4/6/2011,2Y,1.833
We,4/6/2011,5Y,2.976
We,4/6/2011,10Y,3.756
Th,4/7/2011,2Y,1.826
Th,4/7/2011,5Y,2.962
Th,4/7/2011,10Y,3.731
Fr,4/8/2011,2Y,1.895
Fr,4/8/2011,5Y,3.03
Fr,4/8/2011,10Y,3.779
Mo,4/11/2011,2Y,1.894
Mo,4/11/2011,5Y,3.028
Mo,4/11/2011,10Y,3.775
Tu,4/12/2011,2Y,1.834
Tu,4/12/2011,5Y,2.958
Tu,4/12/2011,10Y,3.728
We,4/13/2011,2Y,1.854
We,4/13/2011,5Y,2.976
We,4/13/2011,10Y,3.734
Th,4/14/2011,2Y,1.861
Th,4/14/2011,5Y,2.995
Th,4/14/2011,10Y,3.741
Fr,4/15/2011,2Y,1.864
Fr,4/15/2011,5Y,2.975
Fr,4/15/2011,10Y,3.702
Mo,4/18/2011,2Y,1.778
Mo,4/18/2011,5Y,2.877
Mo,4/18/2011,10Y,3.61
Tu,4/19/2011,2Y,1.817
Tu,4/19/2011,5Y,2.896
Tu,4/19/2011,10Y,3.602
We,4/20/2011,2Y,1.845
We,4/20/2011,5Y,2.947
We,4/20/2011,10Y,3.633
Th,4/21/2011,2Y,1.771
Th,4/21/2011,5Y,2.898
Th,4/21/2011,10Y,3.602
Fr,4/22/2011,2Y,1.771
Fr,4/22/2011,5Y,2.897
Fr,4/22/2011,10Y,3.602
Mo,4/25/2011,2Y,1.771
Mo,4/25/2011,5Y,2.897
Mo,4/25/2011,10Y,3.602
Tu,4/26/2011,2Y,1.756
Tu,4/26/2011,5Y,2.885
Tu,4/26/2011,10Y,3.607
We,4/27/2011,2Y,1.81
We,4/27/2011,5Y,2.943
We,4/27/2011,10Y,3.642
Th,4/28/2011,2Y,1.772
Th,4/28/2011,5Y,2.883
Th,4/28/2011,10Y,3.574
Fr,4/29/2011,2Y,1.773
Fr,4/29/2011,5Y,2.863
Fr,4/29/2011,10Y,3.559
Mo,5/2/2011,2Y,1.81
Mo,5/2/2011,5Y,2.876
Mo,5/2/2011,10Y,3.56
Tu,5/3/2011,2Y,1.874
Tu,5/3/2011,5Y,2.939
Tu,5/3/2011,10Y,3.592
We,5/4/2011,2Y,1.902
We,5/4/2011,5Y,2.955
We,5/4/2011,10Y,3.623
Th,5/5/2011,2Y,1.756
Th,5/5/2011,5Y,2.844
Th,5/5/2011,10Y,3.547
Fr,5/6/2011,2Y,1.766
Fr,5/6/2011,5Y,2.819
Fr,5/6/2011,10Y,3.499
Mo,5/9/2011,2Y,1.723
Mo,5/9/2011,5Y,2.759
Mo,5/9/2011,10Y,3.456
Tu,5/10/2011,2Y,1.727
Tu,5/10/2011,5Y,2.761
Tu,5/10/2011,10Y,3.463
We,5/11/2011,2Y,1.728
We,5/11/2011,5Y,2.754
We,5/11/2011,10Y,3.464
Th,5/12/2011,2Y,1.721
Th,5/12/2011,5Y,2.731
Th,5/12/2011,10Y,3.447
Fr,5/13/2011,2Y,1.729
Fr,5/13/2011,5Y,2.707
Fr,5/13/2011,10Y,3.416
Mo,5/16/2011,2Y,1.756
Mo,5/16/2011,5Y,2.741
Mo,5/16/2011,10Y,3.455
Tu,5/17/2011,2Y,1.738
Tu,5/17/2011,5Y,2.74
Tu,5/17/2011,10Y,3.435
We,5/18/2011,2Y,1.777
We,5/18/2011,5Y,2.779
We,5/18/2011,10Y,3.468
Th,5/19/2011,2Y,1.778
Th,5/19/2011,5Y,2.776
Th,5/19/2011,10Y,3.474
Fr,5/20/2011,2Y,2.009
Fr,5/20/2011,5Y,2.726
Fr,5/20/2011,10Y,3.434
Mo,5/23/2011,2Y,1.949
Mo,5/23/2011,5Y,2.671
Mo,5/23/2011,10Y,3.398
Tu,5/24/2011,2Y,1.957
Tu,5/24/2011,5Y,2.701
Tu,5/24/2011,10Y,3.447
We,5/25/2011,2Y,1.896
We,5/25/2011,5Y,2.651
We,5/25/2011,10Y,3.411
Th,5/26/2011,2Y,1.829
Th,5/26/2011,5Y,2.58
Th,5/26/2011,10Y,3.352
Fr,5/27/2011,2Y,1.788
Fr,5/27/2011,5Y,2.555
Fr,5/27/2011,10Y,3.341
Mo,5/30/2011,2Y,1.802
Mo,5/30/2011,5Y,2.559
Mo,5/30/2011,10Y,3.336
Tu,5/31/2011,2Y,1.823
Tu,5/31/2011,5Y,2.594
Tu,5/31/2011,10Y,3.385
We,6/1/2011,2Y,1.826
We,6/1/2011,5Y,2.569
We,6/1/2011,10Y,3.328
Th,6/2/2011,2Y,1.837
Th,6/2/2011,5Y,2.569
Th,6/2/2011,10Y,3.311
Fr,6/3/2011,2Y,1.891
Fr,6/3/2011,5Y,2.644
Fr,6/3/2011,10Y,3.353
Mo,6/6/2011,2Y,1.872
Mo,6/6/2011,5Y,2.616
Mo,6/6/2011,10Y,3.334
Tu,6/7/2011,2Y,1.924
Tu,6/7/2011,5Y,2.674
Tu,6/7/2011,10Y,3.405
We,6/8/2011,2Y,1.889
We,6/8/2011,5Y,2.636
We,6/8/2011,10Y,3.407
Th,6/9/2011,2Y,1.848
Th,6/9/2011,5Y,2.59
Th,6/9/2011,10Y,3.385
Fr,6/10/2011,2Y,1.774
Fr,6/10/2011,5Y,2.507
Fr,6/10/2011,10Y,3.331
Mo,6/13/2011,2Y,1.781
Mo,6/13/2011,5Y,2.515
Mo,6/13/2011,10Y,3.326
Tu,6/14/2011,2Y,1.82
Tu,6/14/2011,5Y,2.562
Tu,6/14/2011,10Y,3.375
We,6/15/2011,2Y,1.756
We,6/15/2011,5Y,2.488
We,6/15/2011,10Y,3.339
Th,6/16/2011,2Y,1.721
Th,6/16/2011,5Y,2.467
Th,6/16/2011,10Y,3.337
Fr,6/17/2011,2Y,1.76
Fr,6/17/2011,5Y,2.627
Fr,6/17/2011,10Y,3.361
Mo,6/20/2011,2Y,1.789
Mo,6/20/2011,5Y,2.659
Mo,6/20/2011,10Y,3.383
Tu,6/21/2011,2Y,1.788
Tu,6/21/2011,5Y,2.667
Tu,6/21/2011,10Y,3.396
We,6/22/2011,2Y,1.733
We,6/22/2011,5Y,2.622
We,6/22/2011,10Y,3.355
Th,6/23/2011,2Y,1.634
Th,6/23/2011,5Y,2.541
Th,6/23/2011,10Y,3.308
Fr,6/24/2011,2Y,1.638
Fr,6/24/2011,5Y,2.548
Fr,6/24/2011,10Y,3.291
Mo,6/27/2011,2Y,1.68
Mo,6/27/2011,5Y,2.593
Mo,6/27/2011,10Y,3.346
Tu,6/28/2011,2Y,1.732
Tu,6/28/2011,5Y,2.644
Tu,6/28/2011,10Y,3.358
We,6/29/2011,2Y,1.763
We,6/29/2011,5Y,2.686
We,6/29/2011,10Y,3.391
Th,6/30/2011,2Y,1.804
Th,6/30/2011,5Y,2.729
Th,6/30/2011,10Y,3.404
Fr,7/1/2011,2Y,1.836
Fr,7/1/2011,5Y,2.73
Fr,7/1/2011,10Y,3.407
Mo,7/4/2011,2Y,1.852
Mo,7/4/2011,5Y,2.734
Mo,7/4/2011,10Y,3.401
Tu,7/5/2011,2Y,1.819
Tu,7/5/2011,5Y,2.704
Tu,7/5/2011,10Y,3.396
We,7/6/2011,2Y,1.798
We,7/6/2011,5Y,2.648
We,7/6/2011,10Y,3.482
Th,7/7/2011,2Y,1.775
Th,7/7/2011,5Y,2.644
Th,7/7/2011,10Y,3.484
Fr,7/8/2011,2Y,1.686
Fr,7/8/2011,5Y,2.541
Fr,7/8/2011,10Y,3.411
Mo,7/11/2011,2Y,1.587
Mo,7/11/2011,5Y,2.458
Mo,7/11/2011,10Y,3.36
Tu,7/12/2011,2Y,1.626
Tu,7/12/2011,5Y,2.536
Tu,7/12/2011,10Y,3.413
We,7/13/2011,2Y,1.607
We,7/13/2011,5Y,2.566
We,7/13/2011,10Y,3.454
Th,7/14/2011,2Y,1.538
Th,7/14/2011,5Y,2.511
Th,7/14/2011,10Y,3.423
Fr,7/15/2011,2Y,1.511
Fr,7/15/2011,5Y,2.465
Fr,7/15/2011,10Y,3.364
Mo,7/18/2011,2Y,1.54
Mo,7/18/2011,5Y,2.473
Mo,7/18/2011,10Y,3.349
Tu,7/19/2011,2Y,1.572
Tu,7/19/2011,5Y,2.47
Tu,7/19/2011,10Y,3.345
We,7/20/2011,2Y,1.59
We,7/20/2011,5Y,2.503
We,7/20/2011,10Y,3.38
Th,7/21/2011,2Y,1.66
Th,7/21/2011,5Y,2.575
Th,7/21/2011,10Y,3.433
Fr,7/22/2011,2Y,1.648
Fr,7/22/2011,5Y,2.542
Fr,7/22/2011,10Y,3.408
Mo,7/25/2011,2Y,1.623
Mo,7/25/2011,5Y,2.492
Mo,7/25/2011,10Y,3.385
Tu,7/26/2011,2Y,1.603
Tu,7/26/2011,5Y,2.438
Tu,7/26/2011,10Y,3.333
We,7/27/2011,2Y,1.526
We,7/27/2011,5Y,2.332
We,7/27/2011,10Y,3.243
Th,7/28/2011,2Y,1.533
Th,7/28/2011,5Y,2.358
Th,7/28/2011,10Y,3.269
Fr,7/29/2011,2Y,1.489
Fr,7/29/2011,5Y,2.301
Fr,7/29/2011,10Y,3.219
Mo,8/1/2011,2Y,1.418
Mo,8/1/2011,5Y,2.204
Mo,8/1/2011,10Y,3.147
Tu,8/2/2011,2Y,1.418
Tu,8/2/2011,5Y,2.228
Tu,8/2/2011,10Y,3.167
We,8/3/2011,2Y,1.409
We,8/3/2011,5Y,2.259
We,8/3/2011,10Y,3.196
Th,8/4/2011,2Y,1.223
Th,8/4/2011,5Y,2.154
Th,8/4/2011,10Y,3.164
Fr,8/5/2011,2Y,1.116
Fr,8/5/2011,5Y,2.128
Fr,8/5/2011,10Y,3.146
Mo,8/8/2011,2Y,1.128
Mo,8/8/2011,5Y,2.12
Mo,8/8/2011,10Y,3.139
Tu,8/9/2011,2Y,1.18
Tu,8/9/2011,5Y,2.2
Tu,8/9/2011,10Y,3.218
We,8/10/2011,2Y,0.989
We,8/10/2011,5Y,2
We,8/10/2011,10Y,3.064
Th,8/11/2011,2Y,1.008
Th,8/11/2011,5Y,2.009
Th,8/11/2011,10Y,3.037
Fr,8/12/2011,2Y,0.984
Fr,8/12/2011,5Y,1.943
Fr,8/12/2011,10Y,2.971
Mo,8/15/2011,2Y,0.999
Mo,8/15/2011,5Y,1.917
Mo,8/15/2011,10Y,2.952
Tu,8/16/2011,2Y,1.034
Tu,8/16/2011,5Y,1.928
Tu,8/16/2011,10Y,2.959
We,8/17/2011,2Y,0.951
We,8/17/2011,5Y,1.774
We,8/17/2011,10Y,2.821
Th,8/18/2011,2Y,0.899
Th,8/18/2011,5Y,1.698
Th,8/18/2011,10Y,2.735
Fr,8/19/2011,2Y,0.932
Fr,8/19/2011,5Y,1.736
Fr,8/19/2011,10Y,2.749
Mo,8/22/2011,2Y,0.931
Mo,8/22/2011,5Y,1.752
Mo,8/22/2011,10Y,2.757
Tu,8/23/2011,2Y,0.975
Tu,8/23/2011,5Y,1.769
Tu,8/23/2011,10Y,2.784
We,8/24/2011,2Y,1.044
We,8/24/2011,5Y,1.824
We,8/24/2011,10Y,2.842
Th,8/25/2011,2Y,0.983
Th,8/25/2011,5Y,1.788
Th,8/25/2011,10Y,2.861
Fr,8/26/2011,2Y,1.018
Fr,8/26/2011,5Y,1.794
Fr,8/26/2011,10Y,2.817
Mo,8/29/2011,2Y,1.101
Mo,8/29/2011,5Y,1.875
Mo,8/29/2011,10Y,2.885
Tu,8/30/2011,2Y,1.008
Tu,8/30/2011,5Y,1.784
Tu,8/30/2011,10Y,2.818
We,8/31/2011,2Y,1.087
We,8/31/2011,5Y,1.903
We,8/31/2011,10Y,2.91
Th,9/1/2011,2Y,1.045
Th,9/1/2011,5Y,1.885
Th,9/1/2011,10Y,2.865
Fr,9/2/2011,2Y,0.974
Fr,9/2/2011,5Y,1.776
Fr,9/2/2011,10Y,2.755
Mo,9/5/2011,2Y,0.919
Mo,9/5/2011,5Y,1.709
Mo,9/5/2011,10Y,2.672
Tu,9/6/2011,2Y,0.938
Tu,9/6/2011,5Y,1.734
Tu,9/6/2011,10Y,2.685
We,9/7/2011,2Y,0.897
We,9/7/2011,5Y,1.708
We,9/7/2011,10Y,2.663
Th,9/8/2011,2Y,0.822
Th,9/8/2011,5Y,1.624
Th,9/8/2011,10Y,2.57
Fr,9/9/2011,2Y,0.8
Fr,9/9/2011,5Y,1.547
Fr,9/9/2011,10Y,2.479
Mo,9/12/2011,2Y,0.9
Mo,9/12/2011,5Y,1.633
Mo,9/12/2011,10Y,2.519
Tu,9/13/2011,2Y,1.001
Tu,9/13/2011,5Y,1.708
Tu,9/13/2011,10Y,2.585
We,9/14/2011,2Y,1.082
We,9/14/2011,5Y,1.803
We,9/14/2011,10Y,2.668
Th,9/15/2011,2Y,1.094
Th,9/15/2011,5Y,1.832
Th,9/15/2011,10Y,2.704
Fr,9/16/2011,2Y,0.988
Fr,9/16/2011,5Y,1.735
Fr,9/16/2011,10Y,2.599
Mo,9/19/2011,2Y,1.037
Mo,9/19/2011,5Y,1.764
Mo,9/19/2011,10Y,2.613
Tu,9/20/2011,2Y,1.057
Tu,9/20/2011,5Y,1.775
Tu,9/20/2011,10Y,2.614
We,9/21/2011,2Y,1.034
We,9/21/2011,5Y,1.765
We,9/21/2011,10Y,2.611
Th,9/22/2011,2Y,1.01
Th,9/22/2011,5Y,1.716
Th,9/22/2011,10Y,2.51
Fr,9/23/2011,2Y,0.995
Fr,9/23/2011,5Y,1.73
Fr,9/23/2011,10Y,2.552
Mo,9/26/2011,2Y,1.018
Mo,9/26/2011,5Y,1.721
Mo,9/26/2011,10Y,2.59
Tu,9/27/2011,2Y,1.051
Tu,9/27/2011,5Y,1.772
Tu,9/27/2011,10Y,2.685
We,9/28/2011,2Y,1.09
We,9/28/2011,5Y,1.826
We,9/28/2011,10Y,2.718
Th,9/29/2011,2Y,1.053
Th,9/29/2011,5Y,1.789
Th,9/29/2011,10Y,2.687
Fr,9/30/2011,2Y,1.016
Fr,9/30/2011,5Y,1.74
Fr,9/30/2011,10Y,2.596
Mo,10/3/2011,2Y,0.982
Mo,10/3/2011,5Y,1.705
Mo,10/3/2011,10Y,2.563
Tu,10/4/2011,2Y,0.995
Tu,10/4/2011,5Y,1.704
Tu,10/4/2011,10Y,2.546
We,10/5/2011,2Y,0.999
We,10/5/2011,5Y,1.791
We,10/5/2011,10Y,2.653
Th,10/6/2011,2Y,1.092
Th,10/6/2011,5Y,1.878
Th,10/6/2011,10Y,2.739
Fr,10/7/2011,2Y,1.059
Fr,10/7/2011,5Y,1.87
Fr,10/7/2011,10Y,2.748
Mo,10/10/2011,2Y,1.098
Mo,10/10/2011,5Y,1.974
Mo,10/10/2011,10Y,2.861
Tu,10/11/2011,2Y,1.09
Tu,10/11/2011,5Y,1.975
Tu,10/11/2011,10Y,2.884
We,10/12/2011,2Y,1.128
We,10/12/2011,5Y,2.065
We,10/12/2011,10Y,2.974
Th,10/13/2011,2Y,1.088
Th,10/13/2011,5Y,2.052
Th,10/13/2011,10Y,2.951
Fr,10/14/2011,2Y,1.201
Fr,10/14/2011,5Y,2.182
Fr,10/14/2011,10Y,3.123
Mo,10/17/2011,2Y,1.179
Mo,10/17/2011,5Y,2.112
Mo,10/17/2011,10Y,3.046
Tu,10/18/2011,2Y,1.278
Tu,10/18/2011,5Y,2.2
Tu,10/18/2011,10Y,3.128
We,10/19/2011,2Y,1.315
We,10/19/2011,5Y,2.284
We,10/19/2011,10Y,3.197
Th,10/20/2011,2Y,1.313
Th,10/20/2011,5Y,2.244
Th,10/20/2011,10Y,3.144
Fr,10/21/2011,2Y,1.35
Fr,10/21/2011,5Y,2.3
Fr,10/21/2011,10Y,3.237
Mo,10/24/2011,2Y,1.359
Mo,10/24/2011,5Y,2.321
Mo,10/24/2011,10Y,3.309
Tu,10/25/2011,2Y,1.154
Tu,10/25/2011,5Y,2.13
Tu,10/25/2011,10Y,3.174
We,10/26/2011,2Y,1.06
We,10/26/2011,5Y,1.97
We,10/26/2011,10Y,3.06
Th,10/27/2011,2Y,1.148
Th,10/27/2011,5Y,2.059
Th,10/27/2011,10Y,3.119
Fr,10/28/2011,2Y,1.116
Fr,10/28/2011,5Y,2.096
Fr,10/28/2011,10Y,3.151
Mo,10/31/2011,2Y,1.102
Mo,10/31/2011,5Y,2.033
Mo,10/31/2011,10Y,3.094
Tu,11/1/2011,2Y,1.037
Tu,11/1/2011,5Y,1.923
Tu,11/1/2011,10Y,2.946
We,11/2/2011,2Y,1.066
We,11/2/2011,5Y,1.995
We,11/2/2011,10Y,3.081
Th,11/3/2011,2Y,1.009
Th,11/3/2011,5Y,2.01
Th,11/3/2011,10Y,3.111
Fr,11/4/2011,2Y,1.038
Fr,11/4/2011,5Y,1.964
Fr,11/4/2011,10Y,3.042
Mo,11/7/2011,2Y,1.077
Mo,11/7/2011,5Y,1.967
Mo,11/7/2011,10Y,3.075
Tu,11/8/2011,2Y,1.086
Tu,11/8/2011,5Y,1.978
Tu,11/8/2011,10Y,3.085
We,11/9/2011,2Y,1.287
We,11/9/2011,5Y,2.142
We,11/9/2011,10Y,3.189
Th,11/10/2011,2Y,1.559
Th,11/10/2011,5Y,2.43
Th,11/10/2011,10Y,3.456
Fr,11/11/2011,2Y,1.438
Fr,11/11/2011,5Y,2.35
Fr,11/11/2011,10Y,3.365
Mo,11/14/2011,2Y,1.482
Mo,11/14/2011,5Y,2.353
Mo,11/14/2011,10Y,3.413
Tu,11/15/2011,2Y,1.751
Tu,11/15/2011,5Y,2.69
Tu,11/15/2011,10Y,3.672
We,11/16/2011,2Y,1.778
We,11/16/2011,5Y,2.738
We,11/16/2011,10Y,3.699
Th,11/17/2011,2Y,1.736
Th,11/17/2011,5Y,2.725
Th,11/17/2011,10Y,3.625
Fr,11/18/2011,2Y,1.59
Fr,11/18/2011,5Y,2.559
Fr,11/18/2011,10Y,3.457
Mo,11/21/2011,2Y,1.599
Mo,11/21/2011,5Y,2.579
Mo,11/21/2011,10Y,3.46
Tu,11/22/2011,2Y,1.662
Tu,11/22/2011,5Y,2.605
Tu,11/22/2011,10Y,3.522
We,11/23/2011,2Y,1.807
We,11/23/2011,5Y,2.788
We,11/23/2011,10Y,3.681
Th,11/24/2011,2Y,1.824
Th,11/24/2011,5Y,2.819
Th,11/24/2011,10Y,3.704
Fr,11/25/2011,2Y,1.827
Fr,11/25/2011,5Y,2.816
Fr,11/25/2011,10Y,3.677
Mo,11/28/2011,2Y,1.605
Mo,11/28/2011,5Y,2.646
Mo,11/28/2011,10Y,3.59
Tu,11/29/2011,2Y,1.511
Tu,11/29/2011,5Y,2.491
Tu,11/29/2011,10Y,3.51
We,11/30/2011,2Y,1.243
We,11/30/2011,5Y,2.198
We,11/30/2011,10Y,3.38
Th,12/1/2011,2Y,1.069
Th,12/1/2011,5Y,2.014
Th,12/1/2011,10Y,3.09
Fr,12/2/2011,2Y,1.174
Fr,12/2/2011,5Y,2.188
Fr,12/2/2011,10Y,3.253
Mo,12/5/2011,2Y,1.029
Mo,12/5/2011,5Y,2.031
Mo,12/5/2011,10Y,3.123
Tu,12/6/2011,2Y,1.059
Tu,12/6/2011,5Y,2.143
Tu,12/6/2011,10Y,3.227
We,12/7/2011,2Y,1.024
We,12/7/2011,5Y,2.15
We,12/7/2011,10Y,3.204
Th,12/8/2011,2Y,1.095
Th,12/8/2011,5Y,2.315
Th,12/8/2011,10Y,3.343
Fr,12/9/2011,2Y,1.005
Fr,12/9/2011,5Y,2.192
Fr,12/9/2011,10Y,3.256
Mo,12/12/2011,2Y,0.964
Mo,12/12/2011,5Y,2.205
Mo,12/12/2011,10Y,3.274
Tu,12/13/2011,2Y,0.982
Tu,12/13/2011,5Y,2.191
Tu,12/13/2011,10Y,3.254
We,12/14/2011,2Y,0.989
We,12/14/2011,5Y,2.124
We,12/14/2011,10Y,3.181
Th,12/15/2011,2Y,0.851
Th,12/15/2011,5Y,1.999
Th,12/15/2011,10Y,3.066
Fr,12/16/2011,2Y,0.846
Fr,12/16/2011,5Y,1.946
Fr,12/16/2011,10Y,3.047
Mo,12/19/2011,2Y,0.911
Mo,12/19/2011,5Y,2.008
Mo,12/19/2011,10Y,3.086
Tu,12/20/2011,2Y,0.886
Tu,12/20/2011,5Y,2.006
Tu,12/20/2011,10Y,3.092
We,12/21/2011,2Y,0.903
We,12/21/2011,5Y,2.01
We,12/21/2011,10Y,3.114
Th,12/22/2011,2Y,0.896
Th,12/22/2011,5Y,1.979
Th,12/22/2011,10Y,3.061
Fr,12/23/2011,2Y,0.809
Fr,12/23/2011,5Y,1.866
Fr,12/23/2011,10Y,2.983
Mo,12/26/2011,2Y,0.809
Mo,12/26/2011,5Y,1.866
Mo,12/26/2011,10Y,2.983
Tu,12/27/2011,2Y,0.749
Tu,12/27/2011,5Y,1.838
Tu,12/27/2011,10Y,2.957
We,12/28/2011,2Y,0.738
We,12/28/2011,5Y,1.829
We,12/28/2011,10Y,2.993
Th,12/29/2011,2Y,0.738
Th,12/29/2011,5Y,1.847
Th,12/29/2011,10Y,3.074
Fr,12/30/2011,2Y,0.738
Fr,12/30/2011,5Y,1.852
Fr,12/30/2011,10Y,3.137
Mo,1/2/2012,2Y,0.795
Mo,1/2/2012,5Y,1.984
Mo,1/2/2012,10Y,3.218
Tu,1/3/2012,2Y,0.825
Tu,1/3/2012,5Y,2.023
Tu,1/3/2012,10Y,3.281
We,1/4/2012,2Y,0.849
We,1/4/2012,5Y,2.062
We,1/4/2012,10Y,3.305
Th,1/5/2012,2Y,0.927
Th,1/5/2012,5Y,2.177
Th,1/5/2012,10Y,3.341
Fr,1/6/2012,2Y,0.964
Fr,1/6/2012,5Y,2.266
Fr,1/6/2012,10Y,3.358
Mo,1/9/2012,2Y,0.945
Mo,1/9/2012,5Y,2.196
Mo,1/9/2012,10Y,3.306
Tu,1/10/2012,2Y,0.882
Tu,1/10/2012,5Y,2.141
Tu,1/10/2012,10Y,3.241
We,1/11/2012,2Y,0.737
We,1/11/2012,5Y,2.01
We,1/11/2012,10Y,3.151
Th,1/12/2012,2Y,0.612
Th,1/12/2012,5Y,1.834
Th,1/12/2012,10Y,3.032
Fr,1/13/2012,2Y,0.664
Fr,1/13/2012,5Y,1.898
Fr,1/13/2012,10Y,3.065
Mo,1/16/2012,2Y,0.623
Mo,1/16/2012,5Y,1.831
Mo,1/16/2012,10Y,3.023
Tu,1/17/2012,2Y,0.679
Tu,1/17/2012,5Y,1.914
Tu,1/17/2012,10Y,3.11
We,1/18/2012,2Y,0.72
We,1/18/2012,5Y,1.929
We,1/18/2012,10Y,3.129
Th,1/19/2012,2Y,0.787
Th,1/19/2012,5Y,1.879
Th,1/19/2012,10Y,3.13
Fr,1/20/2012,2Y,0.769
Fr,1/20/2012,5Y,1.852
Fr,1/20/2012,10Y,3.081
Mo,1/23/2012,2Y,0.781
Mo,1/23/2012,5Y,1.89
Mo,1/23/2012,10Y,3.136
Tu,1/24/2012,2Y,0.771
Tu,1/24/2012,5Y,1.892
Tu,1/24/2012,10Y,3.156
We,1/25/2012,2Y,0.734
We,1/25/2012,5Y,1.854
We,1/25/2012,10Y,3.142
Th,1/26/2012,2Y,0.711
Th,1/26/2012,5Y,1.827
Th,1/26/2012,10Y,3.091
Fr,1/27/2012,2Y,0.745
Fr,1/27/2012,5Y,1.785
Fr,1/27/2012,10Y,3.026
Mo,1/30/2012,2Y,0.773
Mo,1/30/2012,5Y,1.779
Mo,1/30/2012,10Y,3.021
Tu,1/31/2012,2Y,0.751
Tu,1/31/2012,5Y,1.781
Tu,1/31/2012,10Y,3.044
We,2/1/2012,2Y,0.733
We,2/1/2012,5Y,1.766
We,2/1/2012,10Y,3.028
Th,2/2/2012,2Y,0.604
Th,2/2/2012,5Y,1.641
Th,2/2/2012,10Y,2.892
Fr,2/3/2012,2Y,0.555
Fr,2/3/2012,5Y,1.61
Fr,2/3/2012,10Y,2.891
Mo,2/6/2012,2Y,0.56
Mo,2/6/2012,5Y,1.593
Mo,2/6/2012,10Y,2.874
Tu,2/7/2012,2Y,0.575
Tu,2/7/2012,5Y,1.599
Tu,2/7/2012,10Y,2.899
We,2/8/2012,2Y,0.545
We,2/8/2012,5Y,1.62
We,2/8/2012,10Y,2.906
Th,2/9/2012,2Y,0.555
Th,2/9/2012,5Y,1.602
Th,2/9/2012,10Y,2.88
Fr,2/10/2012,2Y,0.572
Fr,2/10/2012,5Y,1.642
Fr,2/10/2012,10Y,2.909
Mo,2/13/2012,2Y,0.557
Mo,2/13/2012,5Y,1.633
Mo,2/13/2012,10Y,2.907
Tu,2/14/2012,2Y,0.576
Tu,2/14/2012,5Y,1.675
Tu,2/14/2012,10Y,2.942
We,2/15/2012,2Y,0.606
We,2/15/2012,5Y,1.734
We,2/15/2012,10Y,3.005
Th,2/16/2012,2Y,0.653
Th,2/16/2012,5Y,1.757
Th,2/16/2012,10Y,2.981
Fr,2/17/2012,2Y,0.651
Fr,2/17/2012,5Y,1.769
Fr,2/17/2012,10Y,2.999
Mo,2/20/2012,2Y,0.646
Mo,2/20/2012,5Y,1.726
Mo,2/20/2012,10Y,2.985
Tu,2/21/2012,2Y,0.653
Tu,2/21/2012,5Y,1.734
Tu,2/21/2012,10Y,2.991
We,2/22/2012,2Y,0.635
We,2/22/2012,5Y,1.697
We,2/22/2012,10Y,2.956
Th,2/23/2012,2Y,0.636
Th,2/23/2012,5Y,1.676
Th,2/23/2012,10Y,2.953
Fr,2/24/2012,2Y,0.618
Fr,2/24/2012,5Y,1.635
Fr,2/24/2012,10Y,2.947
Mo,2/27/2012,2Y,0.602
Mo,2/27/2012,5Y,1.634
Mo,2/27/2012,10Y,2.954
Tu,2/28/2012,2Y,0.582
Tu,2/28/2012,5Y,1.613
Tu,2/28/2012,10Y,2.927
We,2/29/2012,2Y,0.539
We,2/29/2012,5Y,1.569
We,2/29/2012,10Y,2.872
Th,3/1/2012,2Y,0.486
Th,3/1/2012,5Y,1.441
Th,3/1/2012,10Y,2.761
Fr,3/2/2012,2Y,0.465
Fr,3/2/2012,5Y,1.48
Fr,3/2/2012,10Y,2.781
Mo,3/5/2012,2Y,0.482
Mo,3/5/2012,5Y,1.513
Mo,3/5/2012,10Y,2.83
Tu,3/6/2012,2Y,0.514
Tu,3/6/2012,5Y,1.568
Tu,3/6/2012,10Y,2.866
We,3/7/2012,2Y,0.476
We,3/7/2012,5Y,1.517
We,3/7/2012,10Y,2.825
Th,3/8/2012,2Y,0.461
Th,3/8/2012,5Y,1.684
Th,3/8/2012,10Y,2.886
Fr,3/9/2012,2Y,0.461
Fr,3/9/2012,5Y,1.709
Fr,3/9/2012,10Y,2.883
Mo,3/12/2012,2Y,0.455
Mo,3/12/2012,5Y,1.736
Mo,3/12/2012,10Y,2.901
Tu,3/13/2012,2Y,0.473
Tu,3/13/2012,5Y,1.718
Tu,3/13/2012,10Y,2.894
We,3/14/2012,2Y,0.498
We,3/14/2012,5Y,1.737
We,3/14/2012,10Y,2.922
Th,3/15/2012,2Y,0.513
Th,3/15/2012,5Y,1.797
Th,3/15/2012,10Y,2.958
Fr,3/16/2012,2Y,0.567
Fr,3/16/2012,5Y,1.845
Fr,3/16/2012,10Y,3.007
Mo,3/19/2012,2Y,0.537
Mo,3/19/2012,5Y,1.845
Mo,3/19/2012,10Y,2.993
Tu,3/20/2012,2Y,0.533
Tu,3/20/2012,5Y,1.856
Tu,3/20/2012,10Y,3.008
We,3/21/2012,2Y,0.512
We,3/21/2012,5Y,1.828
We,3/21/2012,10Y,2.995
Th,3/22/2012,2Y,0.482
Th,3/22/2012,5Y,1.819
Th,3/22/2012,10Y,2.985
Fr,3/23/2012,2Y,0.446
Fr,3/23/2012,5Y,1.761
Fr,3/23/2012,10Y,2.937
Mo,3/26/2012,2Y,0.44
Mo,3/26/2012,5Y,1.742
Mo,3/26/2012,10Y,2.937
Tu,3/27/2012,2Y,0.429
Tu,3/27/2012,5Y,1.746
Tu,3/27/2012,10Y,2.949
We,3/28/2012,2Y,0.562
We,3/28/2012,5Y,1.743
We,3/28/2012,10Y,2.957
Th,3/29/2012,2Y,0.563
Th,3/29/2012,5Y,1.735
Th,3/29/2012,10Y,2.945
Fr,3/30/2012,2Y,0.535
Fr,3/30/2012,5Y,1.669
Fr,3/30/2012,10Y,2.88
Mo,4/2/2012,2Y,0.504
Mo,4/2/2012,5Y,1.673
Mo,4/2/2012,10Y,2.884
Tu,4/3/2012,2Y,0.506
Tu,4/3/2012,5Y,1.679
Tu,4/3/2012,10Y,2.906
We,4/4/2012,2Y,0.52
We,4/4/2012,5Y,1.732
We,4/4/2012,10Y,2.944
Th,4/5/2012,2Y,0.525
Th,4/5/2012,5Y,1.767
Th,4/5/2012,10Y,2.981
Fr,4/6/2012,2Y,0.525
Fr,4/6/2012,5Y,1.767
Fr,4/6/2012,10Y,2.981
Mo,4/9/2012,2Y,0.525
Mo,4/9/2012,5Y,1.767
Mo,4/9/2012,10Y,2.981
Tu,4/10/2012,2Y,0.538
Tu,4/10/2012,5Y,1.808
Tu,4/10/2012,10Y,2.993
We,4/11/2012,2Y,0.519
We,4/11/2012,5Y,1.758
We,4/11/2012,10Y,2.947
Th,4/12/2012,2Y,0.503
Th,4/12/2012,5Y,1.712
Th,4/12/2012,10Y,2.882
Fr,4/13/2012,2Y,0.52
Fr,4/13/2012,5Y,1.79
Fr,4/13/2012,10Y,2.943
Mo,4/16/2012,2Y,0.579
Mo,4/16/2012,5Y,1.868
Mo,4/16/2012,10Y,3.011
Tu,4/17/2012,2Y,0.592
Tu,4/17/2012,5Y,1.868
Tu,4/17/2012,10Y,3.005
We,4/18/2012,2Y,0.599
We,4/18/2012,5Y,1.858
We,4/18/2012,10Y,3.005
Th,4/19/2012,2Y,0.649
Th,4/19/2012,5Y,1.905
Th,4/19/2012,10Y,3.088
Fr,4/20/2012,2Y,0.902
Fr,4/20/2012,5Y,1.884
Fr,4/20/2012,10Y,3.081
Mo,4/23/2012,2Y,0.92
Mo,4/23/2012,5Y,1.881
Mo,4/23/2012,10Y,3.09
Tu,4/24/2012,2Y,0.852
Tu,4/24/2012,5Y,1.824
Tu,4/24/2012,10Y,3.023
We,4/25/2012,2Y,0.77
We,4/25/2012,5Y,1.769
We,4/25/2012,10Y,2.988
Th,4/26/2012,2Y,0.74
Th,4/26/2012,5Y,1.732
Th,4/26/2012,10Y,2.97
Fr,4/27/2012,2Y,0.738
Fr,4/27/2012,5Y,1.736
Fr,4/27/2012,10Y,2.993
Mo,4/30/2012,2Y,0.7
Mo,4/30/2012,5Y,1.709
Mo,4/30/2012,10Y,2.955
Tu,5/1/2012,2Y,0.7
Tu,5/1/2012,5Y,1.709
Tu,5/1/2012,10Y,2.963
We,5/2/2012,2Y,0.703
We,5/2/2012,5Y,1.702
We,5/2/2012,10Y,2.959
Th,5/3/2012,2Y,0.636
Th,5/3/2012,5Y,1.658
Th,5/3/2012,10Y,2.901
Fr,5/4/2012,2Y,0.577
Fr,5/4/2012,5Y,1.588
Fr,5/4/2012,10Y,2.818
Mo,5/7/2012,2Y,0.534
Mo,5/7/2012,5Y,1.561
Mo,5/7/2012,10Y,2.786
Tu,5/8/2012,2Y,0.603
Tu,5/8/2012,5Y,1.579
Tu,5/8/2012,10Y,2.804
We,5/9/2012,2Y,0.655
We,5/9/2012,5Y,1.644
We,5/9/2012,10Y,2.849
Th,5/10/2012,2Y,0.633
Th,5/10/2012,5Y,1.598
Th,5/10/2012,10Y,2.811
Fr,5/11/2012,2Y,0.641
Fr,5/11/2012,5Y,1.609
Fr,5/11/2012,10Y,2.797
Mo,5/14/2012,2Y,0.695
Mo,5/14/2012,5Y,1.662
Mo,5/14/2012,10Y,2.822
Tu,5/15/2012,2Y,0.752
Tu,5/15/2012,5Y,1.755
Tu,5/15/2012,10Y,2.892
We,5/16/2012,2Y,0.704
We,5/16/2012,5Y,1.724
We,5/16/2012,10Y,2.88
Th,5/17/2012,2Y,0.665
Th,5/17/2012,5Y,1.676
Th,5/17/2012,10Y,2.864
Fr,5/18/2012,2Y,0.622
Fr,5/18/2012,5Y,1.644
Fr,5/18/2012,10Y,2.844
Mo,5/21/2012,2Y,0.6
Mo,5/21/2012,5Y,1.622
Mo,5/21/2012,10Y,2.843
Tu,5/22/2012,2Y,0.556
Tu,5/22/2012,5Y,1.554
Tu,5/22/2012,10Y,2.78
We,5/23/2012,2Y,0.545
We,5/23/2012,5Y,1.517
We,5/23/2012,10Y,2.735
Th,5/24/2012,2Y,0.458
Th,5/24/2012,5Y,1.359
Th,5/24/2012,10Y,2.532
Fr,5/25/2012,2Y,0.435
Fr,5/25/2012,5Y,1.335
Fr,5/25/2012,10Y,2.51
Mo,5/28/2012,2Y,0.439
Mo,5/28/2012,5Y,1.333
Mo,5/28/2012,10Y,2.529
Tu,5/29/2012,2Y,0.441
Tu,5/29/2012,5Y,1.317
Tu,5/29/2012,10Y,2.508
We,5/30/2012,2Y,0.478
We,5/30/2012,5Y,1.326
We,5/30/2012,10Y,2.473
Th,5/31/2012,2Y,0.417
Th,5/31/2012,5Y,1.217
Th,5/31/2012,10Y,2.348
Fr,6/1/2012,2Y,0.386
Fr,6/1/2012,5Y,1.131
Fr,6/1/2012,10Y,2.245
Mo,6/4/2012,2Y,0.406
Mo,6/4/2012,5Y,1.188
Mo,6/4/2012,10Y,2.278
Tu,6/5/2012,2Y,0.412
Tu,6/5/2012,5Y,1.224
Tu,6/5/2012,10Y,2.314
We,6/6/2012,2Y,0.431
We,6/6/2012,5Y,1.304
We,6/6/2012,10Y,2.399
Th,6/7/2012,2Y,0.501
Th,6/7/2012,5Y,1.425
Th,6/7/2012,10Y,2.559
Fr,6/8/2012,2Y,0.481
Fr,6/8/2012,5Y,1.373
Fr,6/8/2012,10Y,2.505
Mo,6/11/2012,2Y,0.497
Mo,6/11/2012,5Y,1.42
Mo,6/11/2012,10Y,2.551
Tu,6/12/2012,2Y,0.551
Tu,6/12/2012,5Y,1.533
Tu,6/12/2012,10Y,2.72
We,6/13/2012,2Y,0.545
We,6/13/2012,5Y,1.539
We,6/13/2012,10Y,2.726
Th,6/14/2012,2Y,0.53
Th,6/14/2012,5Y,1.481
Th,6/14/2012,10Y,2.665
Fr,6/15/2012,2Y,0.463
Fr,6/15/2012,5Y,1.386
Fr,6/15/2012,10Y,2.576
Mo,6/18/2012,2Y,0.493
Mo,6/18/2012,5Y,1.426
Mo,6/18/2012,10Y,2.603
Tu,6/19/2012,2Y,0.547
Tu,6/19/2012,5Y,1.478
Tu,6/19/2012,10Y,2.644
We,6/20/2012,2Y,0.557
We,6/20/2012,5Y,1.491
We,6/20/2012,10Y,2.673
Th,6/21/2012,2Y,0.53
Th,6/21/2012,5Y,1.433
Th,6/21/2012,10Y,2.634
Fr,6/22/2012,2Y,0.532
Fr,6/22/2012,5Y,1.371
Fr,6/22/2012,10Y,2.595
Mo,6/25/2012,2Y,0.523
Mo,6/25/2012,5Y,1.341
Mo,6/25/2012,10Y,2.563
Tu,6/26/2012,2Y,0.527
Tu,6/26/2012,5Y,1.361
Tu,6/26/2012,10Y,2.624
We,6/27/2012,2Y,0.534
We,6/27/2012,5Y,1.387
We,6/27/2012,10Y,2.648
Th,6/28/2012,2Y,0.53
Th,6/28/2012,5Y,1.422
Th,6/28/2012,10Y,2.664
Fr,6/29/2012,2Y,0.497
Fr,6/29/2012,5Y,1.403
Fr,6/29/2012,10Y,2.679
Mo,7/2/2012,2Y,0.442
Mo,7/2/2012,5Y,1.33
Mo,7/2/2012,10Y,2.584
Tu,7/3/2012,2Y,0.378
Tu,7/3/2012,5Y,1.257
Tu,7/3/2012,10Y,2.534
We,7/4/2012,2Y,0.385
We,7/4/2012,5Y,1.255
We,7/4/2012,10Y,2.534
Th,7/5/2012,2Y,0.312
Th,7/5/2012,5Y,1.195
Th,7/5/2012,10Y,2.486
Fr,7/6/2012,2Y,0.181
Fr,7/6/2012,5Y,1.011
Fr,7/6/2012,10Y,2.366
Mo,7/9/2012,2Y,0.229
Mo,7/9/2012,5Y,1.047
Mo,7/9/2012,10Y,2.418
Tu,7/10/2012,2Y,0.178
Tu,7/10/2012,5Y,1.016
Tu,7/10/2012,10Y,2.386
We,7/11/2012,2Y,0.151
We,7/11/2012,5Y,0.945
We,7/11/2012,10Y,2.314
Th,7/12/2012,2Y,0.135
Th,7/12/2012,5Y,0.91
Th,7/12/2012,10Y,2.237
Fr,7/13/2012,2Y,0.083
Fr,7/13/2012,5Y,0.906
Fr,7/13/2012,10Y,2.217
Mo,7/16/2012,2Y,0.054
Mo,7/16/2012,5Y,0.813
Mo,7/16/2012,10Y,2.139
Tu,7/17/2012,2Y,0.072
Tu,7/17/2012,5Y,0.768
Tu,7/17/2012,10Y,2.08
We,7/18/2012,2Y,0.099
We,7/18/2012,5Y,0.778
We,7/18/2012,10Y,2.092
Th,7/19/2012,2Y,0.079
Th,7/19/2012,5Y,0.734
Th,7/19/2012,10Y,2.056
Fr,7/20/2012,2Y,0.125
Fr,7/20/2012,5Y,0.896
Fr,7/20/2012,10Y,2.067
Mo,7/23/2012,2Y,0.217
Mo,7/23/2012,5Y,0.986
Mo,7/23/2012,10Y,2.133
Tu,7/24/2012,2Y,0.319
Tu,7/24/2012,5Y,1.102
Tu,7/24/2012,10Y,2.257
We,7/25/2012,2Y,0.342
We,7/25/2012,5Y,1.13
We,7/25/2012,10Y,2.274
Th,7/26/2012,2Y,0.251
Th,7/26/2012,5Y,1.062
Th,7/26/2012,10Y,2.214
Fr,7/27/2012,2Y,0.212
Fr,7/27/2012,5Y,1.025
Fr,7/27/2012,10Y,2.214
Mo,7/30/2012,2Y,0.15
Mo,7/30/2012,5Y,0.935
Mo,7/30/2012,10Y,2.164
Tu,7/31/2012,2Y,0.126
Tu,7/31/2012,5Y,0.86
Tu,7/31/2012,10Y,2.056
We,8/1/2012,2Y,0.119
We,8/1/2012,5Y,0.883
We,8/1/2012,10Y,2.088
Th,8/2/2012,2Y,0.135
Th,8/2/2012,5Y,0.844
Th,8/2/2012,10Y,2.047
Fr,8/3/2012,2Y,0.167
Fr,8/3/2012,5Y,0.888
Fr,8/3/2012,10Y,2.104
Mo,8/6/2012,2Y,0.139
Mo,8/6/2012,5Y,0.884
Mo,8/6/2012,10Y,2.098
Tu,8/7/2012,2Y,0.186
Tu,8/7/2012,5Y,0.914
Tu,8/7/2012,10Y,2.144
We,8/8/2012,2Y,0.165
We,8/8/2012,5Y,0.876
We,8/8/2012,10Y,2.099
Th,8/9/2012,2Y,0.155
Th,8/9/2012,5Y,0.872
Th,8/9/2012,10Y,2.101
Fr,8/10/2012,2Y,0.145
Fr,8/10/2012,5Y,0.849
Fr,8/10/2012,10Y,2.069
Mo,8/13/2012,2Y,0.165
Mo,8/13/2012,5Y,0.88
Mo,8/13/2012,10Y,2.087
Tu,8/14/2012,2Y,0.153
Tu,8/14/2012,5Y,0.889
Tu,8/14/2012,10Y,2.101
We,8/15/2012,2Y,0.158
We,8/15/2012,5Y,0.952
We,8/15/2012,10Y,2.152
Th,8/16/2012,2Y,0.172
Th,8/16/2012,5Y,0.952
Th,8/16/2012,10Y,2.141
Fr,8/17/2012,2Y,0.167
Fr,8/17/2012,5Y,0.95
Fr,8/17/2012,10Y,2.128
Mo,8/20/2012,2Y,0.171
Mo,8/20/2012,5Y,0.95
Mo,8/20/2012,10Y,2.136
Tu,8/21/2012,2Y,0.189
Tu,8/21/2012,5Y,0.982
Tu,8/21/2012,10Y,2.161
We,8/22/2012,2Y,0.189
We,8/22/2012,5Y,0.971
We,8/22/2012,10Y,2.13
Th,8/23/2012,2Y,0.16
Th,8/23/2012,5Y,0.896
Th,8/23/2012,10Y,2.067
Fr,8/24/2012,2Y,0.169
Fr,8/24/2012,5Y,0.867
Fr,8/24/2012,10Y,2.048
Mo,8/27/2012,2Y,0.176
Mo,8/27/2012,5Y,0.866
Mo,8/27/2012,10Y,2.059
Tu,8/28/2012,2Y,0.168
Tu,8/28/2012,5Y,0.863
Tu,8/28/2012,10Y,2.068
We,8/29/2012,2Y,0.176
We,8/29/2012,5Y,0.908
We,8/29/2012,10Y,2.132
Th,8/30/2012,2Y,0.147
Th,8/30/2012,5Y,0.912
Th,8/30/2012,10Y,2.144
Fr,8/31/2012,2Y,0.131
Fr,8/31/2012,5Y,0.917
Fr,8/31/2012,10Y,2.153
Mo,9/3/2012,2Y,0.14
Mo,9/3/2012,5Y,0.952
Mo,9/3/2012,10Y,2.198
Tu,9/4/2012,2Y,0.121
Tu,9/4/2012,5Y,0.959
Tu,9/4/2012,10Y,2.211
We,9/5/2012,2Y,0.111
We,9/5/2012,5Y,0.974
We,9/5/2012,10Y,2.231
Th,9/6/2012,2Y,0.138
Th,9/6/2012,5Y,1
Th,9/6/2012,10Y,2.249
Fr,9/7/2012,2Y,0.153
Fr,9/7/2012,5Y,0.96
Fr,9/7/2012,10Y,2.201
Mo,9/10/2012,2Y,0.173
Mo,9/10/2012,5Y,0.996
Mo,9/10/2012,10Y,2.243
Tu,9/11/2012,2Y,0.16
Tu,9/11/2012,5Y,0.915
Tu,9/11/2012,10Y,2.162
We,9/12/2012,2Y,0.185
We,9/12/2012,5Y,0.937
We,9/12/2012,10Y,2.2
Th,9/13/2012,2Y,0.186
Th,9/13/2012,5Y,0.91
Th,9/13/2012,10Y,2.164
Fr,9/14/2012,2Y,0.227
Fr,9/14/2012,5Y,0.995
Fr,9/14/2012,10Y,2.255
Mo,9/17/2012,2Y,0.228
Mo,9/17/2012,5Y,0.996
Mo,9/17/2012,10Y,2.278
Tu,9/18/2012,2Y,0.222
Tu,9/18/2012,5Y,0.988
Tu,9/18/2012,10Y,2.256
We,9/19/2012,2Y,0.212
We,9/19/2012,5Y,0.984
We,9/19/2012,10Y,2.266
Th,9/20/2012,2Y,0.229
Th,9/20/2012,5Y,0.989
Th,9/20/2012,10Y,2.268
Fr,9/21/2012,2Y,0.203
Fr,9/21/2012,5Y,0.98
Fr,9/21/2012,10Y,2.268
Mo,9/24/2012,2Y,0.206
Mo,9/24/2012,5Y,0.972
Mo,9/24/2012,10Y,2.258
Tu,9/25/2012,2Y,0.21
Tu,9/25/2012,5Y,0.985
Tu,9/25/2012,10Y,2.275
We,9/26/2012,2Y,0.205
We,9/26/2012,5Y,0.945
We,9/26/2012,10Y,2.2
Th,9/27/2012,2Y,0.179
Th,9/27/2012,5Y,0.94
Th,9/27/2012,10Y,2.203
Fr,9/28/2012,2Y,0.172
Fr,9/28/2012,5Y,0.906
Fr,9/28/2012,10Y,2.174
Mo,10/1/2012,2Y,0.183
Mo,10/1/2012,5Y,0.923
Mo,10/1/2012,10Y,2.189
Tu,10/2/2012,2Y,0.177
Tu,10/2/2012,5Y,0.929
Tu,10/2/2012,10Y,2.19
We,10/3/2012,2Y,0.171
We,10/3/2012,5Y,0.934
We,10/3/2012,10Y,2.187
Th,10/4/2012,2Y,0.172
Th,10/4/2012,5Y,0.94
Th,10/4/2012,10Y,2.167
Fr,10/5/2012,2Y,0.169
Fr,10/5/2012,5Y,0.94
Fr,10/5/2012,10Y,2.278
Mo,10/8/2012,2Y,0.159
Mo,10/8/2012,5Y,0.934
Mo,10/8/2012,10Y,2.267
Tu,10/9/2012,2Y,0.141
Tu,10/9/2012,5Y,0.887
Tu,10/9/2012,10Y,2.228
We,10/10/2012,2Y,0.137
We,10/10/2012,5Y,0.867
We,10/10/2012,10Y,2.19
Th,10/11/2012,2Y,0.15
Th,10/11/2012,5Y,0.883
Th,10/11/2012,10Y,2.182
Fr,10/12/2012,2Y,0.154
Fr,10/12/2012,5Y,0.846
Fr,10/12/2012,10Y,2.146
Mo,10/15/2012,2Y,0.142
Mo,10/15/2012,5Y,0.844
Mo,10/15/2012,10Y,2.141
Tu,10/16/2012,2Y,0.154
Tu,10/16/2012,5Y,0.889
Tu,10/16/2012,10Y,2.205
We,10/17/2012,2Y,0.193
We,10/17/2012,5Y,0.926
We,10/17/2012,10Y,2.246
Th,10/18/2012,2Y,0.209
Th,10/18/2012,5Y,0.927
Th,10/18/2012,10Y,2.238
Fr,10/19/2012,2Y,0.198
Fr,10/19/2012,5Y,0.912
Fr,10/19/2012,10Y,2.206
Mo,10/22/2012,2Y,0.215
Mo,10/22/2012,5Y,0.923
Mo,10/22/2012,10Y,2.227
Tu,10/23/2012,2Y,0.205
Tu,10/23/2012,5Y,0.924
Tu,10/23/2012,10Y,2.232
We,10/24/2012,2Y,0.19
We,10/24/2012,5Y,0.917
We,10/24/2012,10Y,2.24
Th,10/25/2012,2Y,0.189
Th,10/25/2012,5Y,0.922
Th,10/25/2012,10Y,2.261
Fr,10/26/2012,2Y,0.187
Fr,10/26/2012,5Y,0.917
Fr,10/26/2012,10Y,2.248
Mo,10/29/2012,2Y,0.174
Mo,10/29/2012,5Y,0.915
Mo,10/29/2012,10Y,2.235
Tu,10/30/2012,2Y,0.172
Tu,10/30/2012,5Y,0.916
Tu,10/30/2012,10Y,2.235
We,10/31/2012,2Y,0.178
We,10/31/2012,5Y,0.924
We,10/31/2012,10Y,2.239
Th,11/1/2012,2Y,0.166
Th,11/1/2012,5Y,0.909
Th,11/1/2012,10Y,2.223
Fr,11/2/2012,2Y,0.158
Fr,11/2/2012,5Y,0.903
Fr,11/2/2012,10Y,2.22
Mo,11/5/2012,2Y,0.149
Mo,11/5/2012,5Y,0.892
Mo,11/5/2012,10Y,2.207
Tu,11/6/2012,2Y,0.148
Tu,11/6/2012,5Y,0.876
Tu,11/6/2012,10Y,2.198
We,11/7/2012,2Y,0.113
We,11/7/2012,5Y,0.844
We,11/7/2012,10Y,2.176
Th,11/8/2012,2Y,0.094
Th,11/8/2012,5Y,0.822
Th,11/8/2012,10Y,2.156
Fr,11/9/2012,2Y,0.098
Fr,11/9/2012,5Y,0.792
Fr,11/9/2012,10Y,2.125
Mo,11/12/2012,2Y,0.093
Mo,11/12/2012,5Y,0.78
Mo,11/12/2012,10Y,2.099
Tu,11/13/2012,2Y,0.095
Tu,11/13/2012,5Y,0.765
Tu,11/13/2012,10Y,2.066
We,11/14/2012,2Y,0.116
We,11/14/2012,5Y,0.777
We,11/14/2012,10Y,2.095
Th,11/15/2012,2Y,0.11
Th,11/15/2012,5Y,0.761
Th,11/15/2012,10Y,2.077
Fr,11/16/2012,2Y,0.101
Fr,11/16/2012,5Y,0.753
Fr,11/16/2012,10Y,2.069
Mo,11/19/2012,2Y,0.105
Mo,11/19/2012,5Y,0.755
Mo,11/19/2012,10Y,2.069
Tu,11/20/2012,2Y,0.137
Tu,11/20/2012,5Y,0.831
Tu,11/20/2012,10Y,2.147
We,11/21/2012,2Y,0.14
We,11/21/2012,5Y,0.859
We,11/21/2012,10Y,2.174
Th,11/22/2012,2Y,0.125
Th,11/22/2012,5Y,0.856
Th,11/22/2012,10Y,2.177
Fr,11/23/2012,2Y,0.117
Fr,11/23/2012,5Y,0.831
Fr,11/23/2012,10Y,2.156
Mo,11/26/2012,2Y,0.107
Mo,11/26/2012,5Y,0.806
Mo,11/26/2012,10Y,2.137
Tu,11/27/2012,2Y,0.111
Tu,11/27/2012,5Y,0.797
Tu,11/27/2012,10Y,2.119
We,11/28/2012,2Y,0.096
We,11/28/2012,5Y,0.745
We,11/28/2012,10Y,2.047
Th,11/29/2012,2Y,0.099
Th,11/29/2012,5Y,0.741
Th,11/29/2012,10Y,2.038
Fr,11/30/2012,2Y,0.111
Fr,11/30/2012,5Y,0.73
Fr,11/30/2012,10Y,2.046
Mo,12/3/2012,2Y,0.104
Mo,12/3/2012,5Y,0.743
Mo,12/3/2012,10Y,2.048
Tu,12/4/2012,2Y,0.11
Tu,12/4/2012,5Y,0.732
Tu,12/4/2012,10Y,2.028
We,12/5/2012,2Y,0.102
We,12/5/2012,5Y,0.705
We,12/5/2012,10Y,1.995
Th,12/6/2012,2Y,0.09
Th,12/6/2012,5Y,0.689
Th,12/6/2012,10Y,1.986
Fr,12/7/2012,2Y,0.023
Fr,12/7/2012,5Y,0.631
Fr,12/7/2012,10Y,1.953
Mo,12/10/2012,2Y,0.032
Mo,12/10/2012,5Y,0.619
Mo,12/10/2012,10Y,1.952
Tu,12/11/2012,2Y,0.035
Tu,12/11/2012,5Y,0.615
Tu,12/11/2012,10Y,1.954
We,12/12/2012,2Y,0.035
We,12/12/2012,5Y,0.602
We,12/12/2012,10Y,1.966
Th,12/13/2012,2Y,0.031
Th,12/13/2012,5Y,0.603
Th,12/13/2012,10Y,1.982
Fr,12/14/2012,2Y,0.027
Fr,12/14/2012,5Y,0.599
Fr,12/14/2012,10Y,1.972
Mo,12/17/2012,2Y,0.048
Mo,12/17/2012,5Y,0.624
Mo,12/17/2012,10Y,2.007
Tu,12/18/2012,2Y,0.061
Tu,12/18/2012,5Y,0.654
Tu,12/18/2012,10Y,2.037
We,12/19/2012,2Y,0.064
We,12/19/2012,5Y,0.642
We,12/19/2012,10Y,2.009
Th,12/20/2012,2Y,0.058
Th,12/20/2012,5Y,0.618
Th,12/20/2012,10Y,1.99
Fr,12/21/2012,2Y,0.049
Fr,12/21/2012,5Y,0.611
Fr,12/21/2012,10Y,1.977
Mo,12/24/2012,2Y,0.053
Mo,12/24/2012,5Y,0.605
Mo,12/24/2012,10Y,1.98
Tu,12/25/2012,2Y,0.053
Tu,12/25/2012,5Y,0.605
Tu,12/25/2012,10Y,1.98
We,12/26/2012,2Y,0.053
We,12/26/2012,5Y,0.605
We,12/26/2012,10Y,1.98
Th,12/27/2012,2Y,0.048
Th,12/27/2012,5Y,0.605
Th,12/27/2012,10Y,1.964
Fr,12/28/2012,2Y,0.05
Fr,12/28/2012,5Y,0.62
Fr,12/28/2012,10Y,1.987
Mo,12/31/2012,2Y,0.05
Mo,12/31/2012,5Y,0.622
Mo,12/31/2012,10Y,1.989
Tu,1/1/2013,2Y,0.05
Tu,1/1/2013,5Y,0.622
Tu,1/1/2013,10Y,1.989
We,1/2/2013,2Y,0.066
We,1/2/2013,5Y,0.679
We,1/2/2013,10Y,2.073
Th,1/3/2013,2Y,0.105
Th,1/3/2013,5Y,0.743
Th,1/3/2013,10Y,2.113
Fr,1/4/2013,2Y,0.145
Fr,1/4/2013,5Y,0.794
Fr,1/4/2013,10Y,2.138
Mo,1/7/2013,2Y,0.134
Mo,1/7/2013,5Y,0.779
Mo,1/7/2013,10Y,2.106
Tu,1/8/2013,2Y,0.118
Tu,1/8/2013,5Y,0.772
Tu,1/8/2013,10Y,2.105
We,1/9/2013,2Y,0.109
We,1/9/2013,5Y,0.758
We,1/9/2013,10Y,2.101
Th,1/10/2013,2Y,0.133
Th,1/10/2013,5Y,0.8
Th,1/10/2013,10Y,2.143
Fr,1/11/2013,2Y,0.151
Fr,1/11/2013,5Y,0.819
Fr,1/11/2013,10Y,2.151
Mo,1/14/2013,2Y,0.171
Mo,1/14/2013,5Y,0.825
Mo,1/14/2013,10Y,2.144
Tu,1/15/2013,2Y,0.167
Tu,1/15/2013,5Y,0.818
Tu,1/15/2013,10Y,2.123
We,1/16/2013,2Y,0.17
We,1/16/2013,5Y,0.812
We,1/16/2013,10Y,2.125
Th,1/17/2013,2Y,0.236
Th,1/17/2013,5Y,0.879
Th,1/17/2013,10Y,2.179
Fr,1/18/2013,2Y,0.223
Fr,1/18/2013,5Y,0.855
Fr,1/18/2013,10Y,2.127
Mo,1/21/2013,2Y,0.234
Mo,1/21/2013,5Y,1.099
Mo,1/21/2013,10Y,2.18
Tu,1/22/2013,2Y,0.205
Tu,1/22/2013,5Y,1.06
Tu,1/22/2013,10Y,2.148
We,1/23/2013,2Y,0.193
We,1/23/2013,5Y,1.039
We,1/23/2013,10Y,2.127
Th,1/24/2013,2Y,0.206
Th,1/24/2013,5Y,1.075
Th,1/24/2013,10Y,2.163
Fr,1/25/2013,2Y,0.281
Fr,1/25/2013,5Y,1.201
Fr,1/25/2013,10Y,2.221
Mo,1/28/2013,2Y,0.348
Mo,1/28/2013,5Y,1.263
Mo,1/28/2013,10Y,2.271
Tu,1/29/2013,2Y,0.355
Tu,1/29/2013,5Y,1.234
Tu,1/29/2013,10Y,2.262
We,1/30/2013,2Y,0.38
We,1/30/2013,5Y,1.253
We,1/30/2013,10Y,2.3
Th,1/31/2013,2Y,0.328
Th,1/31/2013,5Y,1.199
Th,1/31/2013,10Y,2.255
Fr,2/1/2013,2Y,0.327
Fr,2/1/2013,5Y,1.164
Fr,2/1/2013,10Y,2.247
Mo,2/4/2013,2Y,0.305
Mo,2/4/2013,5Y,1.152
Mo,2/4/2013,10Y,2.241
Tu,2/5/2013,2Y,0.321
Tu,2/5/2013,5Y,1.176
Tu,2/5/2013,10Y,2.272
We,2/6/2013,2Y,0.31
We,2/6/2013,5Y,1.181
We,2/6/2013,10Y,2.277
Th,2/7/2013,2Y,0.264
Th,2/7/2013,5Y,1.115
Th,2/7/2013,10Y,2.241
Fr,2/8/2013,2Y,0.257
Fr,2/8/2013,5Y,1.104
Fr,2/8/2013,10Y,2.233
Mo,2/11/2013,2Y,0.27
Mo,2/11/2013,5Y,1.123
Mo,2/11/2013,10Y,2.242
Tu,2/12/2013,2Y,0.272
Tu,2/12/2013,5Y,1.143
Tu,2/12/2013,10Y,2.261
We,2/13/2013,2Y,0.289
We,2/13/2013,5Y,1.168
We,2/13/2013,10Y,2.282
Th,2/14/2013,2Y,0.263
Th,2/14/2013,5Y,1.141
Th,2/14/2013,10Y,2.263
Fr,2/15/2013,2Y,0.247
Fr,2/15/2013,5Y,1.157
Fr,2/15/2013,10Y,2.275
Mo,2/18/2013,2Y,0.243
Mo,2/18/2013,5Y,1.154
Mo,2/18/2013,10Y,2.262
Tu,2/19/2013,2Y,0.232
Tu,2/19/2013,5Y,1.144
Tu,2/19/2013,10Y,2.257
We,2/20/2013,2Y,0.258
We,2/20/2013,5Y,1.153
We,2/20/2013,10Y,2.277
Th,2/21/2013,2Y,0.244
Th,2/21/2013,5Y,1.111
Th,2/21/2013,10Y,2.228
Fr,2/22/2013,2Y,0.21
Fr,2/22/2013,5Y,1.093
Fr,2/22/2013,10Y,2.225
Mo,2/25/2013,2Y,0.202
Mo,2/25/2013,5Y,1.076
Mo,2/25/2013,10Y,2.229
Tu,2/26/2013,2Y,0.182
Tu,2/26/2013,5Y,1.02
Tu,2/26/2013,10Y,2.168
We,2/27/2013,2Y,0.177
We,2/27/2013,5Y,1.019
We,2/27/2013,10Y,2.164
Th,2/28/2013,2Y,0.147
Th,2/28/2013,5Y,0.994
Th,2/28/2013,10Y,2.166
Fr,3/1/2013,2Y,0.135
Fr,3/1/2013,5Y,0.949
Fr,3/1/2013,10Y,2.11
Mo,3/4/2013,2Y,0.14
Mo,3/4/2013,5Y,0.938
Mo,3/4/2013,10Y,2.096
Tu,3/5/2013,2Y,0.159
Tu,3/5/2013,5Y,0.969
Tu,3/5/2013,10Y,2.121
We,3/6/2013,2Y,0.149
We,3/6/2013,5Y,0.963
We,3/6/2013,10Y,2.122
Th,3/7/2013,2Y,0.169
Th,3/7/2013,5Y,0.977
Th,3/7/2013,10Y,2.12
Fr,3/8/2013,2Y,0.181
Fr,3/8/2013,5Y,0.984
Fr,3/8/2013,10Y,2.123
Mo,3/11/2013,2Y,0.18
Mo,3/11/2013,5Y,0.975
Mo,3/11/2013,10Y,2.124
Tu,3/12/2013,2Y,0.204
Tu,3/12/2013,5Y,0.959
Tu,3/12/2013,10Y,2.101
We,3/13/2013,2Y,0.204
We,3/13/2013,5Y,0.944
We,3/13/2013,10Y,2.094
Th,3/14/2013,2Y,0.2
Th,3/14/2013,5Y,0.936
Th,3/14/2013,10Y,2.089
Fr,3/15/2013,2Y,0.181
Fr,3/15/2013,5Y,0.916
Fr,3/15/2013,10Y,2.064
Mo,3/18/2013,2Y,0.162
Mo,3/18/2013,5Y,0.876
Mo,3/18/2013,10Y,2.029
Tu,3/19/2013,2Y,0.158
Tu,3/19/2013,5Y,0.872
Tu,3/19/2013,10Y,2.005
We,3/20/2013,2Y,0.162
We,3/20/2013,5Y,0.904
We,3/20/2013,10Y,2.031
Th,3/21/2013,2Y,0.153
Th,3/21/2013,5Y,0.887
Th,3/21/2013,10Y,2.003
Fr,3/22/2013,2Y,0.149
Fr,3/22/2013,5Y,0.905
Fr,3/22/2013,10Y,2.015
Mo,3/25/2013,2Y,0.14
Mo,3/25/2013,5Y,0.888
Mo,3/25/2013,10Y,2.013
Tu,3/26/2013,2Y,0.128
Tu,3/26/2013,5Y,0.915
Tu,3/26/2013,10Y,2.05
We,3/27/2013,2Y,0.122
We,3/27/2013,5Y,0.872
We,3/27/2013,10Y,2.009
Th,3/28/2013,2Y,0.121
Th,3/28/2013,5Y,0.886
Th,3/28/2013,10Y,2.022
Fr,3/29/2013,2Y,0.121
Fr,3/29/2013,5Y,0.886
Fr,3/29/2013,10Y,2.022
Mo,4/1/2013,2Y,0.121
Mo,4/1/2013,5Y,0.886
Mo,4/1/2013,10Y,2.022
Tu,4/2/2013,2Y,0.129
Tu,4/2/2013,5Y,0.895
Tu,4/2/2013,10Y,2.011
We,4/3/2013,2Y,0.145
We,4/3/2013,5Y,0.866
We,4/3/2013,10Y,1.985
Th,4/4/2013,2Y,0.134
Th,4/4/2013,5Y,0.764
Th,4/4/2013,10Y,1.866
Fr,4/5/2013,2Y,0.13
Fr,4/5/2013,5Y,0.687
Fr,4/5/2013,10Y,1.75
Mo,4/8/2013,2Y,0.124
Mo,4/8/2013,5Y,0.704
Mo,4/8/2013,10Y,1.747
Tu,4/9/2013,2Y,0.137
Tu,4/9/2013,5Y,0.76
Tu,4/9/2013,10Y,1.795
We,4/10/2013,2Y,0.14
We,4/10/2013,5Y,0.825
We,4/10/2013,10Y,1.866
Th,4/11/2013,2Y,0.128
Th,4/11/2013,5Y,0.808
Th,4/11/2013,10Y,1.843
Fr,4/12/2013,2Y,0.122
Fr,4/12/2013,5Y,0.78
Fr,4/12/2013,10Y,1.805
Mo,4/15/2013,2Y,0.122
Mo,4/15/2013,5Y,0.764
Mo,4/15/2013,10Y,1.797
Tu,4/16/2013,2Y,0.126
Tu,4/16/2013,5Y,0.78
Tu,4/16/2013,10Y,1.818
We,4/17/2013,2Y,0.115
We,4/17/2013,5Y,0.737
We,4/17/2013,10Y,1.784
Th,4/18/2013,2Y,0.126
Th,4/18/2013,5Y,0.741
Th,4/18/2013,10Y,1.782
Fr,4/19/2013,2Y,0.13
Fr,4/19/2013,5Y,0.751
Fr,4/19/2013,10Y,1.791
Mo,4/22/2013,2Y,0.115
Mo,4/22/2013,5Y,0.708
Mo,4/22/2013,10Y,1.746
Tu,4/23/2013,2Y,0.108
Tu,4/23/2013,5Y,0.701
Tu,4/23/2013,10Y,1.744
We,4/24/2013,2Y,0.103
We,4/24/2013,5Y,0.689
We,4/24/2013,10Y,1.746
Th,4/25/2013,2Y,0.106
Th,4/25/2013,5Y,0.716
Th,4/25/2013,10Y,1.752
Fr,4/26/2013,2Y,0.098
Fr,4/26/2013,5Y,0.71
Fr,4/26/2013,10Y,1.738
Mo,4/29/2013,2Y,0.092
Mo,4/29/2013,5Y,0.71
Mo,4/29/2013,10Y,1.741
Tu,4/30/2013,2Y,0.087
Tu,4/30/2013,5Y,0.694
Tu,4/30/2013,10Y,1.708
We,5/1/2013,2Y,0.087
We,5/1/2013,5Y,0.694
We,5/1/2013,10Y,1.708
Th,5/2/2013,2Y,0.054
Th,5/2/2013,5Y,0.657
Th,5/2/2013,10Y,1.659
Fr,5/3/2013,2Y,0.062
Fr,5/3/2013,5Y,0.678
Fr,5/3/2013,10Y,1.818
Mo,5/6/2013,2Y,0.064
Mo,5/6/2013,5Y,0.668
Mo,5/6/2013,10Y,1.799
Tu,5/7/2013,2Y,0.09
Tu,5/7/2013,5Y,0.718
Tu,5/7/2013,10Y,1.839
We,5/8/2013,2Y,0.072
We,5/8/2013,5Y,0.692
We,5/8/2013,10Y,1.814
Th,5/9/2013,2Y,0.078
Th,5/9/2013,5Y,0.721
Th,5/9/2013,10Y,1.841
Fr,5/10/2013,2Y,0.105
Fr,5/10/2013,5Y,0.809
Fr,5/10/2013,10Y,1.952
Mo,5/13/2013,2Y,0.088
Mo,5/13/2013,5Y,0.777
Mo,5/13/2013,10Y,1.937
Tu,5/14/2013,2Y,0.098
Tu,5/14/2013,5Y,0.764
Tu,5/14/2013,10Y,1.944
We,5/15/2013,2Y,0.1
We,5/15/2013,5Y,0.764
We,5/15/2013,10Y,1.937
Th,5/16/2013,2Y,0.083
Th,5/16/2013,5Y,0.715
Th,5/16/2013,10Y,1.874
Fr,5/17/2013,2Y,0.073
Fr,5/17/2013,5Y,0.694
Fr,5/17/2013,10Y,1.857
Mo,5/20/2013,2Y,0.1
Mo,5/20/2013,5Y,0.715
Mo,5/20/2013,10Y,1.877
Tu,5/21/2013,2Y,0.102
Tu,5/21/2013,5Y,0.747
Tu,5/21/2013,10Y,1.9
We,5/22/2013,2Y,0.094
We,5/22/2013,5Y,0.731
We,5/22/2013,10Y,1.893
Th,5/23/2013,2Y,0.228
Th,5/23/2013,5Y,0.767
Th,5/23/2013,10Y,1.934
Fr,5/24/2013,2Y,0.228
Fr,5/24/2013,5Y,0.78
Fr,5/24/2013,10Y,1.939
Mo,5/27/2013,2Y,0.237
Mo,5/27/2013,5Y,0.804
Mo,5/27/2013,10Y,1.966
Tu,5/28/2013,2Y,0.255
Tu,5/28/2013,5Y,0.829
Tu,5/28/2013,10Y,2.004
We,5/29/2013,2Y,0.297
We,5/29/2013,5Y,0.893
We,5/29/2013,10Y,2.06
Th,5/30/2013,2Y,0.323
Th,5/30/2013,5Y,0.925
Th,5/30/2013,10Y,2.099
Fr,5/31/2013,2Y,0.313
Fr,5/31/2013,5Y,0.891
Fr,5/31/2013,10Y,2.071
Mo,6/3/2013,2Y,0.327
Mo,6/3/2013,5Y,0.914
Mo,6/3/2013,10Y,2.087
Tu,6/4/2013,2Y,0.336
Tu,6/4/2013,5Y,0.921
Tu,6/4/2013,10Y,2.078
We,6/5/2013,2Y,0.328
We,6/5/2013,5Y,0.905
We,6/5/2013,10Y,2.056
Th,6/6/2013,2Y,0.367
Th,6/6/2013,5Y,0.965
Th,6/6/2013,10Y,2.109
Fr,6/7/2013,2Y,0.423
Fr,6/7/2013,5Y,1.009
Fr,6/7/2013,10Y,2.126
Mo,6/10/2013,2Y,0.462
Mo,6/10/2013,5Y,1.057
Mo,6/10/2013,10Y,2.182
Tu,6/11/2013,2Y,0.506
Tu,6/11/2013,5Y,1.112
Tu,6/11/2013,10Y,2.21
We,6/12/2013,2Y,0.478
We,6/12/2013,5Y,1.085
We,6/12/2013,10Y,2.192
Th,6/13/2013,2Y,0.445
Th,6/13/2013,5Y,1.045
Th,6/13/2013,10Y,2.16
Fr,6/14/2013,2Y,0.412
Fr,6/14/2013,5Y,0.965
Fr,6/14/2013,10Y,2.086
Mo,6/17/2013,2Y,0.415
Mo,6/17/2013,5Y,0.954
Mo,6/17/2013,10Y,2.085
Tu,6/18/2013,2Y,0.442
Tu,6/18/2013,5Y,1.006
Tu,6/18/2013,10Y,2.126
We,6/19/2013,2Y,0.422
We,6/19/2013,5Y,0.99
We,6/19/2013,10Y,2.106
Th,6/20/2013,2Y,0.538
Th,6/20/2013,5Y,1.189
Th,6/20/2013,10Y,2.262
Fr,6/21/2013,2Y,0.559
Fr,6/21/2013,5Y,1.245
Fr,6/21/2013,10Y,2.316
Mo,6/24/2013,2Y,0.63
Mo,6/24/2013,5Y,1.504
Mo,6/24/2013,10Y,2.448
Tu,6/25/2013,2Y,0.585
Tu,6/25/2013,5Y,1.493
Tu,6/25/2013,10Y,2.451
We,6/26/2013,2Y,0.515
We,6/26/2013,5Y,1.38
We,6/26/2013,10Y,2.37
Th,6/27/2013,2Y,0.48
Th,6/27/2013,5Y,1.326
Th,6/27/2013,10Y,2.322
Fr,6/28/2013,2Y,0.463
Fr,6/28/2013,5Y,1.322
Fr,6/28/2013,10Y,2.343
Mo,7/1/2013,2Y,0.447
Mo,7/1/2013,5Y,1.29
Mo,7/1/2013,10Y,2.319
Tu,7/2/2013,2Y,0.428
Tu,7/2/2013,5Y,1.269
Tu,7/2/2013,10Y,2.309
We,7/3/2013,2Y,0.429
We,7/3/2013,5Y,1.264
We,7/3/2013,10Y,2.285
Th,7/4/2013,2Y,0.333
Th,7/4/2013,5Y,1.19
Th,7/4/2013,10Y,2.258
Fr,7/5/2013,2Y,0.332
Fr,7/5/2013,5Y,1.196
Fr,7/5/2013,10Y,2.294
Mo,7/8/2013,2Y,0.314
Mo,7/8/2013,5Y,1.145
Mo,7/8/2013,10Y,2.254
Tu,7/9/2013,2Y,0.296
Tu,7/9/2013,5Y,1.125
Tu,7/9/2013,10Y,2.237
We,7/10/2013,2Y,0.317
We,7/10/2013,5Y,1.161
We,7/10/2013,10Y,2.243
Th,7/11/2013,2Y,0.343
Th,7/11/2013,5Y,1.167
Th,7/11/2013,10Y,2.226
Fr,7/12/2013,2Y,0.338
Fr,7/12/2013,5Y,1.142
Fr,7/12/2013,10Y,2.189
Mo,7/15/2013,2Y,0.344
Mo,7/15/2013,5Y,1.159
Mo,7/15/2013,10Y,2.208
Tu,7/16/2013,2Y,0.322
Tu,7/16/2013,5Y,1.138
Tu,7/16/2013,10Y,2.188
We,7/17/2013,2Y,0.331
We,7/17/2013,5Y,1.131
We,7/17/2013,10Y,2.196
Th,7/18/2013,2Y,0.316
Th,7/18/2013,5Y,1.086
Th,7/18/2013,10Y,2.169
Fr,7/19/2013,2Y,0.315
Fr,7/19/2013,5Y,1.088
Fr,7/19/2013,10Y,2.185
Mo,7/22/2013,2Y,0.335
Mo,7/22/2013,5Y,1.091
Mo,7/22/2013,10Y,2.187
Tu,7/23/2013,2Y,0.372
Tu,7/23/2013,5Y,1.112
Tu,7/23/2013,10Y,2.212
We,7/24/2013,2Y,0.395
We,7/24/2013,5Y,1.15
We,7/24/2013,10Y,2.266
Th,7/25/2013,2Y,0.394
Th,7/25/2013,5Y,1.155
Th,7/25/2013,10Y,2.279
Fr,7/26/2013,2Y,0.391
Fr,7/26/2013,5Y,1.154
Fr,7/26/2013,10Y,2.275
Mo,7/29/2013,2Y,0.39
Mo,7/29/2013,5Y,1.163
Mo,7/29/2013,10Y,2.27
Tu,7/30/2013,2Y,0.384
Tu,7/30/2013,5Y,1.161
Tu,7/30/2013,10Y,2.262
We,7/31/2013,2Y,0.361
We,7/31/2013,5Y,1.13
We,7/31/2013,10Y,2.23
Th,8/1/2013,2Y,0.356
Th,8/1/2013,5Y,1.141
Th,8/1/2013,10Y,2.22
Fr,8/2/2013,2Y,0.36
Fr,8/2/2013,5Y,1.13
Fr,8/2/2013,10Y,2.194
Mo,8/5/2013,2Y,0.389
Mo,8/5/2013,5Y,1.187
Mo,8/5/2013,10Y,2.253
Tu,8/6/2013,2Y,0.38
Tu,8/6/2013,5Y,1.196
Tu,8/6/2013,10Y,2.265
We,8/7/2013,2Y,0.372
We,8/7/2013,5Y,1.192
We,8/7/2013,10Y,2.248
Th,8/8/2013,2Y,0.368
Th,8/8/2013,5Y,1.176
Th,8/8/2013,10Y,2.239
Fr,8/9/2013,2Y,0.362
Fr,8/9/2013,5Y,1.17
Fr,8/9/2013,10Y,2.231
Mo,8/12/2013,2Y,0.367
Mo,8/12/2013,5Y,1.18
Mo,8/12/2013,10Y,2.242
Tu,8/13/2013,2Y,0.414
Tu,8/13/2013,5Y,1.27
Tu,8/13/2013,10Y,2.348
We,8/14/2013,2Y,0.418
We,8/14/2013,5Y,1.252
We,8/14/2013,10Y,2.341
Th,8/15/2013,2Y,0.429
Th,8/15/2013,5Y,1.303
Th,8/15/2013,10Y,2.41
Fr,8/16/2013,2Y,0.422
Fr,8/16/2013,5Y,1.285
Fr,8/16/2013,10Y,2.397
Mo,8/19/2013,2Y,0.45
Mo,8/19/2013,5Y,1.336
Mo,8/19/2013,10Y,2.435
Tu,8/20/2013,2Y,0.443
Tu,8/20/2013,5Y,1.317
Tu,8/20/2013,10Y,2.397
We,8/21/2013,2Y,0.448
We,8/21/2013,5Y,1.337
We,8/21/2013,10Y,2.428
Th,8/22/2013,2Y,0.465
Th,8/22/2013,5Y,1.38
Th,8/22/2013,10Y,2.47
Fr,8/23/2013,2Y,0.49
Fr,8/23/2013,5Y,1.409
Fr,8/23/2013,10Y,2.472
Mo,8/26/2013,2Y,0.465
Mo,8/26/2013,5Y,1.388
Mo,8/26/2013,10Y,2.453
Tu,8/27/2013,2Y,0.452
Tu,8/27/2013,5Y,1.367
Tu,8/27/2013,10Y,2.433
We,8/28/2013,2Y,0.463
We,8/28/2013,5Y,1.366
We,8/28/2013,10Y,2.453
Th,8/29/2013,2Y,0.436
Th,8/29/2013,5Y,1.34
Th,8/29/2013,10Y,2.443
Fr,8/30/2013,2Y,0.439
Fr,8/30/2013,5Y,1.346
Fr,8/30/2013,10Y,2.47
Mo,9/2/2013,2Y,0.447
Mo,9/2/2013,5Y,1.384
Mo,9/2/2013,10Y,2.493
Tu,9/3/2013,2Y,0.462
Tu,9/3/2013,5Y,1.409
Tu,9/3/2013,10Y,2.517
We,9/4/2013,2Y,0.459
We,9/4/2013,5Y,1.416
We,9/4/2013,10Y,2.528
Th,9/5/2013,2Y,0.513
Th,9/5/2013,5Y,1.51
Th,9/5/2013,10Y,2.624
Fr,9/6/2013,2Y,0.469
Fr,9/6/2013,5Y,1.439
Fr,9/6/2013,10Y,2.547
Mo,9/9/2013,2Y,0.464
Mo,9/9/2013,5Y,1.444
Mo,9/9/2013,10Y,2.562
Tu,9/10/2013,2Y,0.487
Tu,9/10/2013,5Y,1.493
Tu,9/10/2013,10Y,2.628
We,9/11/2013,2Y,0.473
We,9/11/2013,5Y,1.453
We,9/11/2013,10Y,2.583
Th,9/12/2013,2Y,0.454
Th,9/12/2013,5Y,1.427
Th,9/12/2013,10Y,2.553
Fr,9/13/2013,2Y,0.46
Fr,9/13/2013,5Y,1.415
Fr,9/13/2013,10Y,2.535
Mo,9/16/2013,2Y,0.45
Mo,9/16/2013,5Y,1.362
Mo,9/16/2013,10Y,2.482
Tu,9/17/2013,2Y,0.443
Tu,9/17/2013,5Y,1.352
Tu,9/17/2013,10Y,2.48
We,9/18/2013,2Y,0.449
We,9/18/2013,5Y,1.38
We,9/18/2013,10Y,2.505
Th,9/19/2013,2Y,0.395
Th,9/19/2013,5Y,1.284
Th,9/19/2013,10Y,2.42
Fr,9/20/2013,2Y,0.408
Fr,9/20/2013,5Y,1.303
Fr,9/20/2013,10Y,2.45
Mo,9/23/2013,2Y,0.391
Mo,9/23/2013,5Y,1.276
Mo,9/23/2013,10Y,2.423
Tu,9/24/2013,2Y,0.375
Tu,9/24/2013,5Y,1.225
Tu,9/24/2013,10Y,2.356
We,9/25/2013,2Y,0.386
We,9/25/2013,5Y,1.237
We,9/25/2013,10Y,2.348
Th,9/26/2013,2Y,0.393
Th,9/26/2013,5Y,1.25
Th,9/26/2013,10Y,2.362
Fr,9/27/2013,2Y,0.374
Fr,9/27/2013,5Y,1.221
Fr,9/27/2013,10Y,2.335
Mo,9/30/2013,2Y,0.366
Mo,9/30/2013,5Y,1.202
Mo,9/30/2013,10Y,2.321
Tu,10/1/2013,2Y,0.369
Tu,10/1/2013,5Y,1.211
Tu,10/1/2013,10Y,2.325
We,10/2/2013,2Y,0.365
We,10/2/2013,5Y,1.216
We,10/2/2013,10Y,2.342
Th,10/3/2013,2Y,0.362
Th,10/3/2013,5Y,1.226
Th,10/3/2013,10Y,2.342
Fr,10/4/2013,2Y,0.38
Fr,10/4/2013,5Y,1.255
Fr,10/4/2013,10Y,2.362
Mo,10/7/2013,2Y,0.366
Mo,10/7/2013,5Y,1.231
Mo,10/7/2013,10Y,2.331
Tu,10/8/2013,2Y,0.369
Tu,10/8/2013,5Y,1.248
Tu,10/8/2013,10Y,2.339
We,10/9/2013,2Y,0.371
We,10/9/2013,5Y,1.253
We,10/9/2013,10Y,2.348
Th,10/10/2013,2Y,0.379
Th,10/10/2013,5Y,1.277
Th,10/10/2013,10Y,2.387
Fr,10/11/2013,2Y,0.38
Fr,10/11/2013,5Y,1.25
Fr,10/11/2013,10Y,2.376
Mo,10/14/2013,2Y,0.378
Mo,10/14/2013,5Y,1.239
Mo,10/14/2013,10Y,2.371
Tu,10/15/2013,2Y,0.413
Tu,10/15/2013,5Y,1.274
Tu,10/15/2013,10Y,2.417
We,10/16/2013,2Y,0.416
We,10/16/2013,5Y,1.285
We,10/16/2013,10Y,2.431
Th,10/17/2013,2Y,0.375
Th,10/17/2013,5Y,1.234
Th,10/17/2013,10Y,2.38
Fr,10/18/2013,2Y,0.366
Fr,10/18/2013,5Y,1.204
Fr,10/18/2013,10Y,2.345
Mo,10/21/2013,2Y,0.379
Mo,10/21/2013,5Y,1.22
Mo,10/21/2013,10Y,2.354
Tu,10/22/2013,2Y,0.345
Tu,10/22/2013,5Y,1.148
Tu,10/22/2013,10Y,2.289
We,10/23/2013,2Y,0.353
We,10/23/2013,5Y,1.134
We,10/23/2013,10Y,2.258
Th,10/24/2013,2Y,0.364
Th,10/24/2013,5Y,1.144
Th,10/24/2013,10Y,2.256
Fr,10/25/2013,2Y,0.369
Fr,10/25/2013,5Y,1.154
Fr,10/25/2013,10Y,2.251
Mo,10/28/2013,2Y,0.373
Mo,10/28/2013,5Y,1.15
Mo,10/28/2013,10Y,2.241
Tu,10/29/2013,2Y,0.36
Tu,10/29/2013,5Y,1.126
Tu,10/29/2013,10Y,2.223
We,10/30/2013,2Y,0.333
We,10/30/2013,5Y,1.09
We,10/30/2013,10Y,2.192
Th,10/31/2013,2Y,0.289
Th,10/31/2013,5Y,1.021
Th,10/31/2013,10Y,2.159
Fr,11/1/2013,2Y,0.276
Fr,11/1/2013,5Y,1
Fr,11/1/2013,10Y,2.147
Mo,11/4/2013,2Y,0.281
Mo,11/4/2013,5Y,1.01
Mo,11/4/2013,10Y,2.146
Tu,11/5/2013,2Y,0.308
Tu,11/5/2013,5Y,1.091
Tu,11/5/2013,10Y,2.217
We,11/6/2013,2Y,0.299
We,11/6/2013,5Y,1.089
We,11/6/2013,10Y,2.221
Th,11/7/2013,2Y,0.237
Th,11/7/2013,5Y,0.999
Th,11/7/2013,10Y,2.156
Fr,11/8/2013,2Y,0.259
Fr,11/8/2013,5Y,1.056
Fr,11/8/2013,10Y,2.222
Mo,11/11/2013,2Y,0.256
Mo,11/11/2013,5Y,1.05
Mo,11/11/2013,10Y,2.22
Tu,11/12/2013,2Y,0.255
Tu,11/12/2013,5Y,1.077
Tu,11/12/2013,10Y,2.258
We,11/13/2013,2Y,0.23
We,11/13/2013,5Y,1.031
We,11/13/2013,10Y,2.201
Th,11/14/2013,2Y,0.233
Th,11/14/2013,5Y,1.014
Th,11/14/2013,10Y,2.167
Fr,11/15/2013,2Y,0.246
Fr,11/15/2013,5Y,1.026
Fr,11/15/2013,10Y,2.181
Mo,11/18/2013,2Y,0.245
Mo,11/18/2013,5Y,1.013
Mo,11/18/2013,10Y,2.169
Tu,11/19/2013,2Y,0.253
Tu,11/19/2013,5Y,1.037
Tu,11/19/2013,10Y,2.2
We,11/20/2013,2Y,0.245
We,11/20/2013,5Y,1.017
We,11/20/2013,10Y,2.197
Th,11/21/2013,2Y,0.229
Th,11/21/2013,5Y,1.02
Th,11/21/2013,10Y,2.217
Fr,11/22/2013,2Y,0.257
Fr,11/22/2013,5Y,1.023
Fr,11/22/2013,10Y,2.204
Mo,11/25/2013,2Y,0.236
Mo,11/25/2013,5Y,1.012
Mo,11/25/2013,10Y,2.184
Tu,11/26/2013,2Y,0.225
Tu,11/26/2013,5Y,0.996
Tu,11/26/2013,10Y,2.158
We,11/27/2013,2Y,0.235
We,11/27/2013,5Y,1.014
We,11/27/2013,10Y,2.182
Th,11/28/2013,2Y,0.23
Th,11/28/2013,5Y,1.005
Th,11/28/2013,10Y,2.167
Fr,11/29/2013,2Y,0.225
Fr,11/29/2013,5Y,0.996
Fr,11/29/2013,10Y,2.15
Mo,12/2/2013,2Y,0.234
Mo,12/2/2013,5Y,1.014
Mo,12/2/2013,10Y,2.177
Tu,12/3/2013,2Y,0.226
Tu,12/3/2013,5Y,1.002
Tu,12/3/2013,10Y,2.34
We,12/4/2013,2Y,0.263
We,12/4/2013,5Y,1.069
We,12/4/2013,10Y,2.404
Th,12/5/2013,2Y,0.268
Th,12/5/2013,5Y,1.112
Th,12/5/2013,10Y,2.443
Fr,12/6/2013,2Y,0.283
Fr,12/6/2013,5Y,1.107
Fr,12/6/2013,10Y,2.442
Mo,12/9/2013,2Y,0.301
Mo,12/9/2013,5Y,1.102
Mo,12/9/2013,10Y,2.436
Tu,12/10/2013,2Y,0.298
Tu,12/10/2013,5Y,1.101
Tu,12/10/2013,10Y,2.425
We,12/11/2013,2Y,0.298
We,12/11/2013,5Y,1.095
We,12/11/2013,10Y,2.411
Th,12/12/2013,2Y,0.324
Th,12/12/2013,5Y,1.124
Th,12/12/2013,10Y,2.439
Fr,12/13/2013,2Y,0.324
Fr,12/13/2013,5Y,1.118
Fr,12/13/2013,10Y,2.427
Mo,12/16/2013,2Y,0.339
Mo,12/16/2013,5Y,1.131
Mo,12/16/2013,10Y,2.439
Tu,12/17/2013,2Y,0.325
Tu,12/17/2013,5Y,1.117
Tu,12/17/2013,10Y,2.433
We,12/18/2013,2Y,0.33
We,12/18/2013,5Y,1.142
We,12/18/2013,10Y,2.455
Th,12/19/2013,2Y,0.307
Th,12/19/2013,5Y,1.138
Th,12/19/2013,10Y,2.472
Fr,12/20/2013,2Y,0.3
Fr,12/20/2013,5Y,1.158
Fr,12/20/2013,10Y,2.466
Mo,12/23/2013,2Y,0.295
Mo,12/23/2013,5Y,1.168
Mo,12/23/2013,10Y,2.487
Tu,12/24/2013,2Y,0.299
Tu,12/24/2013,5Y,1.167
Tu,12/24/2013,10Y,2.483
We,12/25/2013,2Y,0.299
We,12/25/2013,5Y,1.167
We,12/25/2013,10Y,2.483
Th,12/26/2013,2Y,0.299
Th,12/26/2013,5Y,1.167
Th,12/26/2013,10Y,2.483
Fr,12/27/2013,2Y,0.307
Fr,12/27/2013,5Y,1.239
Fr,12/27/2013,10Y,2.574
Mo,12/30/2013,2Y,0.278
Mo,12/30/2013,5Y,1.219
Mo,12/30/2013,10Y,2.56
Tu,12/31/2013,2Y,0.278
Tu,12/31/2013,5Y,1.213
Tu,12/31/2013,10Y,2.553
We,1/1/2014,2Y,0.278
We,1/1/2014,5Y,1.213
We,1/1/2014,10Y,2.553
Th,1/2/2014,2Y,0.292
Th,1/2/2014,5Y,1.216
Th,1/2/2014,10Y,2.555
Fr,1/3/2014,2Y,0.273
Fr,1/3/2014,5Y,1.188
Fr,1/3/2014,10Y,2.547
Mo,1/6/2014,2Y,0.28
Mo,1/6/2014,5Y,1.176
Mo,1/6/2014,10Y,2.524
Tu,1/7/2014,2Y,0.291
Tu,1/7/2014,5Y,1.166
Tu,1/7/2014,10Y,2.493
We,1/8/2014,2Y,0.288
We,1/8/2014,5Y,1.185
We,1/8/2014,10Y,2.508
Th,1/9/2014,2Y,0.285
Th,1/9/2014,5Y,1.221
Th,1/9/2014,10Y,2.57
Fr,1/10/2014,2Y,0.265
Fr,1/10/2014,5Y,1.162
Fr,1/10/2014,10Y,2.501
Mo,1/13/2014,2Y,0.261
Mo,1/13/2014,5Y,1.143
Mo,1/13/2014,10Y,2.481
Tu,1/14/2014,2Y,0.283
Tu,1/14/2014,5Y,1.14
Tu,1/14/2014,10Y,2.464
We,1/15/2014,2Y,0.299
We,1/15/2014,5Y,1.16
We,1/15/2014,10Y,2.479
Th,1/16/2014,2Y,0.283
Th,1/16/2014,5Y,1.127
Th,1/16/2014,10Y,2.446
Fr,1/17/2014,2Y,0.268
Fr,1/17/2014,5Y,1.087
Fr,1/17/2014,10Y,2.412
Mo,1/20/2014,2Y,0.259
Mo,1/20/2014,5Y,1.058
Mo,1/20/2014,10Y,2.392
Tu,1/21/2014,2Y,0.268
Tu,1/21/2014,5Y,1.064
Tu,1/21/2014,10Y,2.405
We,1/22/2014,2Y,0.279
We,1/22/2014,5Y,1.091
We,1/22/2014,10Y,2.439
Th,1/23/2014,2Y,0.273
Th,1/23/2014,5Y,1.087
Th,1/23/2014,10Y,2.423
Fr,1/24/2014,2Y,0.254
Fr,1/24/2014,5Y,1.038
Fr,1/24/2014,10Y,2.375
Mo,1/27/2014,2Y,0.259
Mo,1/27/2014,5Y,1.03
Mo,1/27/2014,10Y,2.363
Tu,1/28/2014,2Y,0.253
Tu,1/28/2014,5Y,1.019
Tu,1/28/2014,10Y,2.363
We,1/29/2014,2Y,0.239
We,1/29/2014,5Y,0.997
We,1/29/2014,10Y,2.338
Th,1/30/2014,2Y,0.204
Th,1/30/2014,5Y,0.963
Th,1/30/2014,10Y,2.305
Fr,1/31/2014,2Y,0.178
Fr,1/31/2014,5Y,0.884
Fr,1/31/2014,10Y,2.227
Mo,2/3/2014,2Y,0.199
Mo,2/3/2014,5Y,0.885
Mo,2/3/2014,10Y,2.213
Tu,2/4/2014,2Y,0.193
Tu,2/4/2014,5Y,0.901
Tu,2/4/2014,10Y,2.23
We,2/5/2014,2Y,0.187
We,2/5/2014,5Y,0.903
We,2/5/2014,10Y,2.226
Th,2/6/2014,2Y,0.229
Th,2/6/2014,5Y,0.965
Th,2/6/2014,10Y,2.281
Fr,2/7/2014,2Y,0.201
Fr,2/7/2014,5Y,0.92
Fr,2/7/2014,10Y,2.242
Mo,2/10/2014,2Y,0.221
Mo,2/10/2014,5Y,0.946
Mo,2/10/2014,10Y,2.274
Tu,2/11/2014,2Y,0.215
Tu,2/11/2014,5Y,0.951
Tu,2/11/2014,10Y,2.278
We,2/12/2014,2Y,0.212
We,2/12/2014,5Y,0.974
We,2/12/2014,10Y,2.304
Th,2/13/2014,2Y,0.192
Th,2/13/2014,5Y,0.934
Th,2/13/2014,10Y,2.267
Fr,2/14/2014,2Y,0.198
Fr,2/14/2014,5Y,0.958
Fr,2/14/2014,10Y,2.278
Mo,2/17/2014,2Y,0.247
Mo,2/17/2014,5Y,1.112
Mo,2/17/2014,10Y,2.279
Tu,2/18/2014,2Y,0.236
Tu,2/18/2014,5Y,1.077
Tu,2/18/2014,10Y,2.251
We,2/19/2014,2Y,0.236
We,2/19/2014,5Y,1.076
We,2/19/2014,10Y,2.255
Th,2/20/2014,2Y,0.252
Th,2/20/2014,5Y,1.103
Th,2/20/2014,10Y,2.293
Fr,2/21/2014,2Y,0.245
Fr,2/21/2014,5Y,1.066
Fr,2/21/2014,10Y,2.255
Mo,2/24/2014,2Y,0.254
Mo,2/24/2014,5Y,1.088
Mo,2/24/2014,10Y,2.271
Tu,2/25/2014,2Y,0.248
Tu,2/25/2014,5Y,1.056
Tu,2/25/2014,10Y,2.228
We,2/26/2014,2Y,0.221
We,2/26/2014,5Y,1.018
We,2/26/2014,10Y,2.197
Th,2/27/2014,2Y,0.2
Th,2/27/2014,5Y,0.96
Th,2/27/2014,10Y,2.124
Fr,2/28/2014,2Y,0.243
Fr,2/28/2014,5Y,1.054
Fr,2/28/2014,10Y,2.194
Mo,3/3/2014,2Y,0.225
Mo,3/3/2014,5Y,1.001
Mo,3/3/2014,10Y,2.133
Tu,3/4/2014,2Y,0.231
Tu,3/4/2014,5Y,1.021
Tu,3/4/2014,10Y,2.17
We,3/5/2014,2Y,0.235
We,3/5/2014,5Y,1.012
We,3/5/2014,10Y,2.17
Th,3/6/2014,2Y,0.271
Th,3/6/2014,5Y,1.062
Th,3/6/2014,10Y,2.216
Fr,3/7/2014,2Y,0.283
Fr,3/7/2014,5Y,1.067
Fr,3/7/2014,10Y,2.214
Mo,3/10/2014,2Y,0.268
Mo,3/10/2014,5Y,1.048
Mo,3/10/2014,10Y,2.199
Tu,3/11/2014,2Y,0.273
Tu,3/11/2014,5Y,1.061
Tu,3/11/2014,10Y,2.218
We,3/12/2014,2Y,0.264
We,3/12/2014,5Y,1.025
We,3/12/2014,10Y,2.183
Th,3/13/2014,2Y,0.236
Th,3/13/2014,5Y,0.978
Th,3/13/2014,10Y,2.137
Fr,3/14/2014,2Y,0.249
Fr,3/14/2014,5Y,0.989
Fr,3/14/2014,10Y,2.122
Mo,3/17/2014,2Y,0.253
Mo,3/17/2014,5Y,1.001
Mo,3/17/2014,10Y,2.13
Tu,3/18/2014,2Y,0.253
Tu,3/18/2014,5Y,0.989
Tu,3/18/2014,10Y,2.119
We,3/19/2014,2Y,0.265
We,3/19/2014,5Y,1.019
We,3/19/2014,10Y,2.161
Th,3/20/2014,2Y,0.299
Th,3/20/2014,5Y,1.069
Th,3/20/2014,10Y,2.186
Fr,3/21/2014,2Y,0.292
Fr,3/21/2014,5Y,1.05
Fr,3/21/2014,10Y,2.158
Mo,3/24/2014,2Y,0.272
Mo,3/24/2014,5Y,1.012
Mo,3/24/2014,10Y,2.12
Tu,3/25/2014,2Y,0.259
Tu,3/25/2014,5Y,1.001
Tu,3/25/2014,10Y,2.118
We,3/26/2014,2Y,0.243
We,3/26/2014,5Y,0.972
We,3/26/2014,10Y,2.096
Th,3/27/2014,2Y,0.218
Th,3/27/2014,5Y,0.937
Th,3/27/2014,10Y,2.057
Fr,3/28/2014,2Y,0.218
Fr,3/28/2014,5Y,0.948
Fr,3/28/2014,10Y,2.063
Mo,3/31/2014,2Y,0.234
Mo,3/31/2014,5Y,0.965
Mo,3/31/2014,10Y,2.083
Tu,4/1/2014,2Y,0.254
Tu,4/1/2014,5Y,0.989
Tu,4/1/2014,10Y,2.099
We,4/2/2014,2Y,0.271
We,4/2/2014,5Y,1.013
We,4/2/2014,10Y,2.136
Th,4/3/2014,2Y,0.258
Th,4/3/2014,5Y,0.975
Th,4/3/2014,10Y,2.111
Fr,4/4/2014,2Y,0.238
Fr,4/4/2014,5Y,0.882
Fr,4/4/2014,10Y,2.029
Mo,4/7/2014,2Y,0.248
Mo,4/7/2014,5Y,0.904
Mo,4/7/2014,10Y,2.039
Tu,4/8/2014,2Y,0.256
Tu,4/8/2014,5Y,0.93
Tu,4/8/2014,10Y,2.056
We,4/9/2014,2Y,0.272
We,4/9/2014,5Y,0.961
We,4/9/2014,10Y,2.078
Th,4/10/2014,2Y,0.243
Th,4/10/2014,5Y,0.899
Th,4/10/2014,10Y,2.017
Fr,4/11/2014,2Y,0.251
Fr,4/11/2014,5Y,0.898
Fr,4/11/2014,10Y,2.009
Mo,4/14/2014,2Y,0.256
Mo,4/14/2014,5Y,0.899
Mo,4/14/2014,10Y,2.013
Tu,4/15/2014,2Y,0.23
Tu,4/15/2014,5Y,0.846
Tu,4/15/2014,10Y,1.948
We,4/16/2014,2Y,0.237
We,4/16/2014,5Y,0.856
We,4/16/2014,10Y,1.952
Th,4/17/2014,2Y,0.274
Th,4/17/2014,5Y,0.902
Th,4/17/2014,10Y,1.986
Fr,4/18/2014,2Y,0.274
Fr,4/18/2014,5Y,0.902
Fr,4/18/2014,10Y,1.986
Mo,4/21/2014,2Y,0.274
Mo,4/21/2014,5Y,0.902
Mo,4/21/2014,10Y,1.986
Tu,4/22/2014,2Y,0.274
Tu,4/22/2014,5Y,0.919
Tu,4/22/2014,10Y,2.009
We,4/23/2014,2Y,0.351
We,4/23/2014,5Y,0.922
We,4/23/2014,10Y,2.005
Th,4/24/2014,2Y,0.358
Th,4/24/2014,5Y,0.935
Th,4/24/2014,10Y,2.008
Fr,4/25/2014,2Y,0.336
Fr,4/25/2014,5Y,0.905
Fr,4/25/2014,10Y,1.972
Mo,4/28/2014,2Y,0.341
Mo,4/28/2014,5Y,0.915
Mo,4/28/2014,10Y,1.99
Tu,4/29/2014,2Y,0.316
Tu,4/29/2014,5Y,0.897
Tu,4/29/2014,10Y,1.994
We,4/30/2014,2Y,0.298
We,4/30/2014,5Y,0.863
We,4/30/2014,10Y,1.951
Th,5/1/2014,2Y,0.298
Th,5/1/2014,5Y,0.863
Th,5/1/2014,10Y,1.951
Fr,5/2/2014,2Y,0.268
Fr,5/2/2014,5Y,0.824
Fr,5/2/2014,10Y,1.924
Mo,5/5/2014,2Y,0.274
Mo,5/5/2014,5Y,0.835
Mo,5/5/2014,10Y,1.938
Tu,5/6/2014,2Y,0.286
Tu,5/6/2014,5Y,0.839
Tu,5/6/2014,10Y,1.927
We,5/7/2014,2Y,0.297
We,5/7/2014,5Y,0.862
We,5/7/2014,10Y,1.942
Th,5/8/2014,2Y,0.26
Th,5/8/2014,5Y,0.807
Th,5/8/2014,10Y,1.895
Fr,5/9/2014,2Y,0.269
Fr,5/9/2014,5Y,0.799
Fr,5/9/2014,10Y,1.897
Mo,5/12/2014,2Y,0.274
Mo,5/12/2014,5Y,0.814
Mo,5/12/2014,10Y,1.917
Tu,5/13/2014,2Y,0.254
Tu,5/13/2014,5Y,0.774
Tu,5/13/2014,10Y,1.879
We,5/14/2014,2Y,0.229
We,5/14/2014,5Y,0.709
We,5/14/2014,10Y,1.808
Th,5/15/2014,2Y,0.217
Th,5/15/2014,5Y,0.686
Th,5/15/2014,10Y,1.762
Fr,5/16/2014,2Y,0.231
Fr,5/16/2014,5Y,0.699
Fr,5/16/2014,10Y,1.784
Mo,5/19/2014,2Y,0.23
Mo,5/19/2014,5Y,0.716
Mo,5/19/2014,10Y,1.81
Tu,5/20/2014,2Y,0.227
Tu,5/20/2014,5Y,0.731
Tu,5/20/2014,10Y,1.833
We,5/21/2014,2Y,0.231
We,5/21/2014,5Y,0.737
We,5/21/2014,10Y,1.842
Th,5/22/2014,2Y,0.203
Th,5/22/2014,5Y,0.709
Th,5/22/2014,10Y,1.819
Fr,5/23/2014,2Y,0.191
Fr,5/23/2014,5Y,0.705
Fr,5/23/2014,10Y,1.815
Mo,5/26/2014,2Y,0.183
Mo,5/26/2014,5Y,0.702
Mo,5/26/2014,10Y,1.825
Tu,5/27/2014,2Y,0.177
Tu,5/27/2014,5Y,0.677
Tu,5/27/2014,10Y,1.791
We,5/28/2014,2Y,0.165
We,5/28/2014,5Y,0.639
We,5/28/2014,10Y,1.724
Th,5/29/2014,2Y,0.174
Th,5/29/2014,5Y,0.65
Th,5/29/2014,10Y,1.741
Fr,5/30/2014,2Y,0.186
Fr,5/30/2014,5Y,0.674
Fr,5/30/2014,10Y,1.766
Mo,6/2/2014,2Y,0.179
Mo,6/2/2014,5Y,0.674
Mo,6/2/2014,10Y,1.772
Tu,6/3/2014,2Y,0.189
Tu,6/3/2014,5Y,0.704
Tu,6/3/2014,10Y,1.811
We,6/4/2014,2Y,0.189
We,6/4/2014,5Y,0.722
We,6/4/2014,10Y,1.841
Th,6/5/2014,2Y,0.161
Th,6/5/2014,5Y,0.641
Th,6/5/2014,10Y,1.792
Fr,6/6/2014,2Y,0.134
Fr,6/6/2014,5Y,0.544
Fr,6/6/2014,10Y,1.703
Mo,6/9/2014,2Y,0.145
Mo,6/9/2014,5Y,0.567
Mo,6/9/2014,10Y,1.7
Tu,6/10/2014,2Y,0.19
Tu,6/10/2014,5Y,0.617
Tu,6/10/2014,10Y,1.757
We,6/11/2014,2Y,0.169
We,6/11/2014,5Y,0.607
We,6/11/2014,10Y,1.754
Th,6/12/2014,2Y,0.149
Th,6/12/2014,5Y,0.598
Th,6/12/2014,10Y,1.755
Fr,6/13/2014,2Y,0.131
Fr,6/13/2014,5Y,0.593
Fr,6/13/2014,10Y,1.731
Mo,6/16/2014,2Y,0.124
Mo,6/16/2014,5Y,0.589
Mo,6/16/2014,10Y,1.727
Tu,6/17/2014,2Y,0.143
Tu,6/17/2014,5Y,0.633
Tu,6/17/2014,10Y,1.769
We,6/18/2014,2Y,0.138
We,6/18/2014,5Y,0.615
We,6/18/2014,10Y,1.845
Th,6/19/2014,2Y,0.119
Th,6/19/2014,5Y,0.559
Th,6/19/2014,10Y,1.769
Fr,6/20/2014,2Y,0.126
Fr,6/20/2014,5Y,0.581
Fr,6/20/2014,10Y,1.792
Mo,6/23/2014,2Y,0.125
Mo,6/23/2014,5Y,0.578
Mo,6/23/2014,10Y,1.779
Tu,6/24/2014,2Y,0.122
Tu,6/24/2014,5Y,0.567
Tu,6/24/2014,10Y,1.759
We,6/25/2014,2Y,0.115
We,6/25/2014,5Y,0.639
We,6/25/2014,10Y,1.697
Th,6/26/2014,2Y,0.108
Th,6/26/2014,5Y,0.632
Th,6/26/2014,10Y,1.683
Fr,6/27/2014,2Y,0.121
Fr,6/27/2014,5Y,0.66
Fr,6/27/2014,10Y,1.705
Mo,6/30/2014,2Y,0.119
Mo,6/30/2014,5Y,0.643
Mo,6/30/2014,10Y,1.699
Tu,7/1/2014,2Y,0.111
Tu,7/1/2014,5Y,0.636
Tu,7/1/2014,10Y,1.704
We,7/2/2014,2Y,0.117
We,7/2/2014,5Y,0.663
We,7/2/2014,10Y,1.749
Th,7/3/2014,2Y,0.105
Th,7/3/2014,5Y,0.642
Th,7/3/2014,10Y,1.72
Fr,7/4/2014,2Y,0.103
Fr,7/4/2014,5Y,0.627
Fr,7/4/2014,10Y,1.695
Mo,7/7/2014,2Y,0.101
Mo,7/7/2014,5Y,0.616
Mo,7/7/2014,10Y,1.693
Tu,7/8/2014,2Y,0.091
Tu,7/8/2014,5Y,0.583
Tu,7/8/2014,10Y,1.652
We,7/9/2014,2Y,0.094
We,7/9/2014,5Y,0.59
We,7/9/2014,10Y,1.659
Th,7/10/2014,2Y,0.093
Th,7/10/2014,5Y,0.578
Th,7/10/2014,10Y,1.638
Fr,7/11/2014,2Y,0.091
Fr,7/11/2014,5Y,0.582
Fr,7/11/2014,10Y,1.64
Mo,7/14/2014,2Y,0.093
Mo,7/14/2014,5Y,0.587
Mo,7/14/2014,10Y,1.645
Tu,7/15/2014,2Y,0.095
Tu,7/15/2014,5Y,0.583
Tu,7/15/2014,10Y,1.635
We,7/16/2014,2Y,0.091
We,7/16/2014,5Y,0.569
We,7/16/2014,10Y,1.614
Th,7/17/2014,2Y,0.091
Th,7/17/2014,5Y,0.553
Th,7/17/2014,10Y,1.576
Fr,7/18/2014,2Y,0.099
Fr,7/18/2014,5Y,0.566
Fr,7/18/2014,10Y,1.573
Mo,7/21/2014,2Y,0.095
Mo,7/21/2014,5Y,0.557
Mo,7/21/2014,10Y,1.559
Tu,7/22/2014,2Y,0.101
Tu,7/22/2014,5Y,0.554
Tu,7/22/2014,10Y,1.568
We,7/23/2014,2Y,0.092
We,7/23/2014,5Y,0.532
We,7/23/2014,10Y,1.541
Th,7/24/2014,2Y,0.101
Th,7/24/2014,5Y,0.551
Th,7/24/2014,10Y,1.574
Fr,7/25/2014,2Y,0.094
Fr,7/25/2014,5Y,0.533
Fr,7/25/2014,10Y,1.551
Mo,7/28/2014,2Y,0.098
Mo,7/28/2014,5Y,0.537
Mo,7/28/2014,10Y,1.542
Tu,7/29/2014,2Y,0.094
Tu,7/29/2014,5Y,0.519
Tu,7/29/2014,10Y,1.504
We,7/30/2014,2Y,0.1
We,7/30/2014,5Y,0.543
We,7/30/2014,10Y,1.549
Th,7/31/2014,2Y,0.082
Th,7/31/2014,5Y,0.526
Th,7/31/2014,10Y,1.529
Fr,8/1/2014,2Y,0.082
Fr,8/1/2014,5Y,0.52
Fr,8/1/2014,10Y,1.515
Mo,8/4/2014,2Y,0.084
Mo,8/4/2014,5Y,0.52
Mo,8/4/2014,10Y,1.515
Tu,8/5/2014,2Y,0.088
Tu,8/5/2014,5Y,0.55
Tu,8/5/2014,10Y,1.565
We,8/6/2014,2Y,0.083
We,8/6/2014,5Y,0.522
We,8/6/2014,10Y,1.52
Th,8/7/2014,2Y,0.074
Th,8/7/2014,5Y,0.502
Th,8/7/2014,10Y,1.487
Fr,8/8/2014,2Y,0.073
Fr,8/8/2014,5Y,0.492
Fr,8/8/2014,10Y,1.457
Mo,8/11/2014,2Y,0.067
Mo,8/11/2014,5Y,0.498
Mo,8/11/2014,10Y,1.467
Tu,8/12/2014,2Y,0.069
Tu,8/12/2014,5Y,0.488
Tu,8/12/2014,10Y,1.46
We,8/13/2014,2Y,0.059
We,8/13/2014,5Y,0.452
We,8/13/2014,10Y,1.425
Th,8/14/2014,2Y,0.053
Th,8/14/2014,5Y,0.444
Th,8/14/2014,10Y,1.404
Fr,8/15/2014,2Y,0.041
Fr,8/15/2014,5Y,0.411
Fr,8/15/2014,10Y,1.339
Mo,8/18/2014,2Y,0.052
Mo,8/18/2014,5Y,0.458
Mo,8/18/2014,10Y,1.412
Tu,8/19/2014,2Y,0.046
Tu,8/19/2014,5Y,0.448
Tu,8/19/2014,10Y,1.391
We,8/20/2014,2Y,0.047
We,8/20/2014,5Y,0.438
We,8/20/2014,10Y,1.379
Th,8/21/2014,2Y,0.053
Th,8/21/2014,5Y,0.449
Th,8/21/2014,10Y,1.385
Fr,8/22/2014,2Y,0.049
Fr,8/22/2014,5Y,0.438
Fr,8/22/2014,10Y,1.368
Mo,8/25/2014,2Y,0.019
Mo,8/25/2014,5Y,0.383
Mo,8/25/2014,10Y,1.309
Tu,8/26/2014,2Y,0.03
Tu,8/26/2014,5Y,0.373
Tu,8/26/2014,10Y,1.274
We,8/27/2014,2Y,0.024
We,8/27/2014,5Y,0.353
We,8/27/2014,10Y,1.253
Th,8/28/2014,2Y,0.022
Th,8/28/2014,5Y,0.358
Th,8/28/2014,10Y,1.24
Fr,8/29/2014,2Y,0.013
Fr,8/29/2014,5Y,0.366
Fr,8/29/2014,10Y,1.253
Mo,9/1/2014,2Y,-0.003
Mo,9/1/2014,5Y,0.358
Mo,9/1/2014,10Y,1.254
Tu,9/2/2014,2Y,0.006
Tu,9/2/2014,5Y,0.388
Tu,9/2/2014,10Y,1.314
We,9/3/2014,2Y,0.019
We,9/3/2014,5Y,0.404
We,9/3/2014,10Y,1.334
Th,9/4/2014,2Y,-0.052
Th,9/4/2014,5Y,0.32
Th,9/4/2014,10Y,1.303
Fr,9/5/2014,2Y,-0.034
Fr,9/5/2014,5Y,0.291
Fr,9/5/2014,10Y,1.257
Mo,9/8/2014,2Y,-0.035
Mo,9/8/2014,5Y,0.305
Mo,9/8/2014,10Y,1.283
Tu,9/9/2014,2Y,-0.026
Tu,9/9/2014,5Y,0.348
Tu,9/9/2014,10Y,1.346
We,9/10/2014,2Y,-0.023
We,9/10/2014,5Y,0.355
We,9/10/2014,10Y,1.364
Th,9/11/2014,2Y,-0.021
Th,9/11/2014,5Y,0.386
Th,9/11/2014,10Y,1.4
Fr,9/12/2014,2Y,-0.001
Fr,9/12/2014,5Y,0.408
Fr,9/12/2014,10Y,1.429
Mo,9/15/2014,2Y,-0.003
Mo,9/15/2014,5Y,0.403
Mo,9/15/2014,10Y,1.426
Tu,9/16/2014,2Y,0.013
Tu,9/16/2014,5Y,0.423
Tu,9/16/2014,10Y,1.436
We,9/17/2014,2Y,0.007
We,9/17/2014,5Y,0.393
We,9/17/2014,10Y,1.405
Th,9/18/2014,2Y,0.018
Th,9/18/2014,5Y,0.439
Th,9/18/2014,10Y,1.439
Fr,9/19/2014,2Y,0.004
Fr,9/19/2014,5Y,0.393
Fr,9/19/2014,10Y,1.389
Mo,9/22/2014,2Y,-0.001
Mo,9/22/2014,5Y,0.362
Mo,9/22/2014,10Y,1.346
Tu,9/23/2014,2Y,0.004
Tu,9/23/2014,5Y,0.378
Tu,9/23/2014,10Y,1.349
We,9/24/2014,2Y,-0.007
We,9/24/2014,5Y,0.37
We,9/24/2014,10Y,1.34
Th,9/25/2014,2Y,-0.014
Th,9/25/2014,5Y,0.355
Th,9/25/2014,10Y,1.32
Fr,9/26/2014,2Y,-0.012
Fr,9/26/2014,5Y,0.346
Fr,9/26/2014,10Y,1.311
Mo,9/29/2014,2Y,-0.008
Mo,9/29/2014,5Y,0.345
Mo,9/29/2014,10Y,1.304
Tu,9/30/2014,2Y,-0.017
Tu,9/30/2014,5Y,0.331
Tu,9/30/2014,10Y,1.284
We,10/1/2014,2Y,-0.022
We,10/1/2014,5Y,0.312
We,10/1/2014,10Y,1.241
Th,10/2/2014,2Y,-0.016
Th,10/2/2014,5Y,0.332
Th,10/2/2014,10Y,1.249
Fr,10/3/2014,2Y,-0.011
Fr,10/3/2014,5Y,0.349
Fr,10/3/2014,10Y,1.264
Mo,10/6/2014,2Y,-0.008
Mo,10/6/2014,5Y,0.345
Mo,10/6/2014,10Y,1.254
Tu,10/7/2014,2Y,0.01
Tu,10/7/2014,5Y,0.356
Tu,10/7/2014,10Y,1.266
We,10/8/2014,2Y,0.002
We,10/8/2014,5Y,0.344
We,10/8/2014,10Y,1.26
Th,10/9/2014,2Y,0.004
Th,10/9/2014,5Y,0.331
Th,10/9/2014,10Y,1.249
Fr,10/10/2014,2Y,0.004
Fr,10/10/2014,5Y,0.337
Fr,10/10/2014,10Y,1.251
Mo,10/13/2014,2Y,0.008
Mo,10/13/2014,5Y,0.353
Mo,10/13/2014,10Y,1.266
Tu,10/14/2014,2Y,-0.003
Tu,10/14/2014,5Y,0.319
Tu,10/14/2014,10Y,1.199
We,10/15/2014,2Y,-0.011
We,10/15/2014,5Y,0.294
We,10/15/2014,10Y,1.131
Th,10/16/2014,2Y,0.036
Th,10/16/2014,5Y,0.398
Th,10/16/2014,10Y,1.261
Fr,10/17/2014,2Y,0.017
Fr,10/17/2014,5Y,0.408
Fr,10/17/2014,10Y,1.297
Mo,10/20/2014,2Y,0.009
Mo,10/20/2014,5Y,0.403
Mo,10/20/2014,10Y,1.311
Tu,10/21/2014,2Y,0.013
Tu,10/21/2014,5Y,0.386
Tu,10/21/2014,10Y,1.294
We,10/22/2014,2Y,0.013
We,10/22/2014,5Y,0.371
We,10/22/2014,10Y,1.284
Th,10/23/2014,2Y,0.012
Th,10/23/2014,5Y,0.377
Th,10/23/2014,10Y,1.299
Fr,10/24/2014,2Y,0.024
Fr,10/24/2014,5Y,0.389
Fr,10/24/2014,10Y,1.305
Mo,10/27/2014,2Y,0.016
Mo,10/27/2014,5Y,0.375
Mo,10/27/2014,10Y,1.283
Tu,10/28/2014,2Y,0.009
Tu,10/28/2014,5Y,0.37
Tu,10/28/2014,10Y,1.276
We,10/29/2014,2Y,0.007
We,10/29/2014,5Y,0.367
We,10/29/2014,10Y,1.279
Th,10/30/2014,2Y,-0.004
Th,10/30/2014,5Y,0.333
Th,10/30/2014,10Y,1.229
Fr,10/31/2014,2Y,-0.008
Fr,10/31/2014,5Y,0.291
Fr,10/31/2014,10Y,1.181
Mo,11/3/2014,2Y,0.006
Mo,11/3/2014,5Y,0.328
Mo,11/3/2014,10Y,1.211
Tu,11/4/2014,2Y,0.005
Tu,11/4/2014,5Y,0.301
Tu,11/4/2014,10Y,1.169
We,11/5/2014,2Y,-0.003
We,11/5/2014,5Y,0.301
We,11/5/2014,10Y,1.189
Th,11/6/2014,2Y,-0.001
Th,11/6/2014,5Y,0.293
Th,11/6/2014,10Y,1.188
Fr,11/7/2014,2Y,0.005
Fr,11/7/2014,5Y,0.286
Fr,11/7/2014,10Y,1.183
Mo,11/10/2014,2Y,0.003
Mo,11/10/2014,5Y,0.292
Mo,11/10/2014,10Y,1.189
Tu,11/11/2014,2Y,0.001
Tu,11/11/2014,5Y,0.279
Tu,11/11/2014,10Y,1.172
We,11/12/2014,2Y,0.001
We,11/12/2014,5Y,0.286
We,11/12/2014,10Y,1.171
Th,11/13/2014,2Y,0.002
Th,11/13/2014,5Y,0.286
Th,11/13/2014,10Y,1.163
Fr,11/14/2014,2Y,-0.003
Fr,11/14/2014,5Y,0.272
Fr,11/14/2014,10Y,1.139
Mo,11/17/2014,2Y,0.002
Mo,11/17/2014,5Y,0.28
Mo,11/17/2014,10Y,1.148
Tu,11/18/2014,2Y,0.012
Tu,11/18/2014,5Y,0.284
Tu,11/18/2014,10Y,1.145
We,11/19/2014,2Y,0.033
We,11/19/2014,5Y,0.332
We,11/19/2014,10Y,1.195
Th,11/20/2014,2Y,0.022
Th,11/20/2014,5Y,0.298
Th,11/20/2014,10Y,1.141
Fr,11/21/2014,2Y,0.009
Fr,11/21/2014,5Y,0.283
Fr,11/21/2014,10Y,1.11
Mo,11/24/2014,2Y,0.009
Mo,11/24/2014,5Y,0.282
Mo,11/24/2014,10Y,1.114
Tu,11/25/2014,2Y,0.008
Tu,11/25/2014,5Y,0.264
Tu,11/25/2014,10Y,1.066
We,11/26/2014,2Y,0.002
We,11/26/2014,5Y,0.27
We,11/26/2014,10Y,1.05
Th,11/27/2014,2Y,0.003
Th,11/27/2014,5Y,0.251
Th,11/27/2014,10Y,0.992
Fr,11/28/2014,2Y,0.004
Fr,11/28/2014,5Y,0.265
Fr,11/28/2014,10Y,0.969
Mo,12/1/2014,2Y,0.006
Mo,12/1/2014,5Y,0.272
Mo,12/1/2014,10Y,0.988
Tu,12/2/2014,2Y,0.001
Tu,12/2/2014,5Y,0.27
Tu,12/2/2014,10Y,1.012
We,12/3/2014,2Y,-0.005
We,12/3/2014,5Y,0.258
We,12/3/2014,10Y,1.016
Th,12/4/2014,2Y,0.002
Th,12/4/2014,5Y,0.27
Th,12/4/2014,10Y,1.037
Fr,12/5/2014,2Y,-0.001
Fr,12/5/2014,5Y,0.27
Fr,12/5/2014,10Y,1.03
Mo,12/8/2014,2Y,-0.012
Mo,12/8/2014,5Y,0.241
Mo,12/8/2014,10Y,0.97
Tu,12/9/2014,2Y,-0.007
Tu,12/9/2014,5Y,0.255
Tu,12/9/2014,10Y,0.965
We,12/10/2014,2Y,-0.005
We,12/10/2014,5Y,0.257
We,12/10/2014,10Y,0.961
Th,12/11/2014,2Y,-0.008
Th,12/11/2014,5Y,0.253
Th,12/11/2014,10Y,0.947
Fr,12/12/2014,2Y,-0.009
Fr,12/12/2014,5Y,0.238
Fr,12/12/2014,10Y,0.895
Mo,12/15/2014,2Y,-0.014
Mo,12/15/2014,5Y,0.235
Mo,12/15/2014,10Y,0.894
Tu,12/16/2014,2Y,-0.008
Tu,12/16/2014,5Y,0.233
Tu,12/16/2014,10Y,0.876
We,12/17/2014,2Y,-0.021
We,12/17/2014,5Y,0.226
We,12/17/2014,10Y,0.871
Th,12/18/2014,2Y,-0.015
Th,12/18/2014,5Y,0.227
Th,12/18/2014,10Y,0.891
Fr,12/19/2014,2Y,-0.033
Fr,12/19/2014,5Y,0.224
Fr,12/19/2014,10Y,0.887
Mo,12/22/2014,2Y,-0.04
Mo,12/22/2014,5Y,0.216
Mo,12/22/2014,10Y,0.877
Tu,12/23/2014,2Y,-0.037
Tu,12/23/2014,5Y,0.208
Tu,12/23/2014,10Y,0.867
We,12/24/2014,2Y,-0.035
We,12/24/2014,5Y,0.203
We,12/24/2014,10Y,0.86
Th,12/25/2014,2Y,-0.035
Th,12/25/2014,5Y,0.203
Th,12/25/2014,10Y,0.86
Fr,12/26/2014,2Y,-0.035
Fr,12/26/2014,5Y,0.203
Fr,12/26/2014,10Y,0.86
Mo,12/29/2014,2Y,-0.046
Mo,12/29/2014,5Y,0.171
Mo,12/29/2014,10Y,0.83
Tu,12/30/2014,2Y,-0.048
Tu,12/30/2014,5Y,0.172
Tu,12/30/2014,10Y,0.821
We,12/31/2014,2Y,-0.049
We,12/31/2014,5Y,0.168
We,12/31/2014,10Y,0.822
Th,1/1/2015,2Y,-0.049
Th,1/1/2015,5Y,0.168
Th,1/1/2015,10Y,0.822
Fr,1/2/2015,2Y,-0.068
Fr,1/2/2015,5Y,0.138
Fr,1/2/2015,10Y,0.778
Mo,1/5/2015,2Y,-0.054
Mo,1/5/2015,5Y,0.146
Mo,1/5/2015,10Y,0.803
Tu,1/6/2015,2Y,-0.053
Tu,1/6/2015,5Y,0.126
Tu,1/6/2015,10Y,0.73
We,1/7/2015,2Y,-0.06
We,1/7/2015,5Y,0.16
We,1/7/2015,10Y,0.785
Th,1/8/2015,2Y,-0.058
Th,1/8/2015,5Y,0.164
Th,1/8/2015,10Y,0.797
Fr,1/9/2015,2Y,-0.072
Fr,1/9/2015,5Y,0.148
Fr,1/9/2015,10Y,0.779
Mo,1/12/2015,2Y,-0.068
Mo,1/12/2015,5Y,0.145
Mo,1/12/2015,10Y,0.753
Tu,1/13/2015,2Y,-0.074
Tu,1/13/2015,5Y,0.115
Tu,1/13/2015,10Y,0.739
We,1/14/2015,2Y,-0.074
We,1/14/2015,5Y,0.07
We,1/14/2015,10Y,0.65
Th,1/15/2015,2Y,-0.094
Th,1/15/2015,5Y,0.075
Th,1/15/2015,10Y,0.671
Fr,1/16/2015,2Y,-0.108
Fr,1/16/2015,5Y,0.052
Fr,1/16/2015,10Y,0.632
Mo,1/19/2015,2Y,-0.108
Mo,1/19/2015,5Y,0.064
Mo,1/19/2015,10Y,0.636
Tu,1/20/2015,2Y,-0.088
Tu,1/20/2015,5Y,0.098
Tu,1/20/2015,10Y,0.646
We,1/21/2015,2Y,-0.087
We,1/21/2015,5Y,0.134
We,1/21/2015,10Y,0.703
Th,1/22/2015,2Y,-0.102
Th,1/22/2015,5Y,0.108
Th,1/22/2015,10Y,0.616
Fr,1/23/2015,2Y,-0.104
Fr,1/23/2015,5Y,0.068
Fr,1/23/2015,10Y,0.542
Mo,1/26/2015,2Y,-0.09
Mo,1/26/2015,5Y,0.098
Mo,1/26/2015,10Y,0.582
Tu,1/27/2015,2Y,-0.085
Tu,1/27/2015,5Y,0.107
Tu,1/27/2015,10Y,0.576
We,1/28/2015,2Y,-0.092
We,1/28/2015,5Y,0.091
We,1/28/2015,10Y,0.569
Th,1/29/2015,2Y,-0.101
Th,1/29/2015,5Y,0.085
Th,1/29/2015,10Y,0.596
Fr,1/30/2015,2Y,-0.099
Fr,1/30/2015,5Y,0.044
Fr,1/30/2015,10Y,0.535
Mo,2/2/2015,2Y,-0.094
Mo,2/2/2015,5Y,0.042
Mo,2/2/2015,10Y,0.547
Tu,2/3/2015,2Y,-0.108
Tu,2/3/2015,5Y,0.042
Tu,2/3/2015,10Y,0.576
We,2/4/2015,2Y,-0.108
We,2/4/2015,5Y,0.043
We,2/4/2015,10Y,0.593
Th,2/5/2015,2Y,-0.118
Th,2/5/2015,5Y,0.052
Th,2/5/2015,10Y,0.587
Fr,2/6/2015,2Y,-0.122
Fr,2/6/2015,5Y,0.062
Fr,2/6/2015,10Y,0.613
Mo,2/9/2015,2Y,-0.118
Mo,2/9/2015,5Y,0.064
Mo,2/9/2015,10Y,0.666
Tu,2/10/2015,2Y,-0.121
Tu,2/10/2015,5Y,0.076
Tu,2/10/2015,10Y,0.701
We,2/11/2015,2Y,-0.119
We,2/11/2015,5Y,0.063
We,2/11/2015,10Y,0.681
Th,2/12/2015,2Y,-0.118
Th,2/12/2015,5Y,0.047
Th,2/12/2015,10Y,0.64
Fr,2/13/2015,2Y,-0.115
Fr,2/13/2015,5Y,0.047
Fr,2/13/2015,10Y,0.644
Mo,2/16/2015,2Y,-0.122
Mo,2/16/2015,5Y,0.051
Mo,2/16/2015,10Y,0.656
Tu,2/17/2015,2Y,-0.11
Tu,2/17/2015,5Y,0.068
Tu,2/17/2015,10Y,0.69
We,2/18/2015,2Y,-0.112
We,2/18/2015,5Y,0.06
We,2/18/2015,10Y,0.69
Th,2/19/2015,2Y,-0.099
Th,2/19/2015,5Y,0.068
Th,2/19/2015,10Y,0.704
Fr,2/20/2015,2Y,-0.102
Fr,2/20/2015,5Y,0.057
Fr,2/20/2015,10Y,0.682
Mo,2/23/2015,2Y,-0.11
Mo,2/23/2015,5Y,0.09
Mo,2/23/2015,10Y,0.657
Tu,2/24/2015,2Y,-0.111
Tu,2/24/2015,5Y,0.091
Tu,2/24/2015,10Y,0.649
We,2/25/2015,2Y,-0.121
We,2/25/2015,5Y,0.066
We,2/25/2015,10Y,0.61
Th,2/26/2015,2Y,-0.142
Th,2/26/2015,5Y,0.041
Th,2/26/2015,10Y,0.575
Fr,2/27/2015,2Y,-0.136
Fr,2/27/2015,5Y,0.055
Fr,2/27/2015,10Y,0.603
Mo,3/2/2015,2Y,-0.131
Mo,3/2/2015,5Y,0.081
Mo,3/2/2015,10Y,0.636
Tu,3/3/2015,2Y,-0.135
Tu,3/3/2015,5Y,0.096
Tu,3/3/2015,10Y,0.666
We,3/4/2015,2Y,-0.124
We,3/4/2015,5Y,0.109
We,3/4/2015,10Y,0.675
Th,3/5/2015,2Y,-0.13
Th,3/5/2015,5Y,0.079
Th,3/5/2015,10Y,0.645
Fr,3/6/2015,2Y,-0.138
Fr,3/6/2015,5Y,0.084
Fr,3/6/2015,10Y,0.691
Mo,3/9/2015,2Y,-0.143
Mo,3/9/2015,5Y,0.049
Mo,3/9/2015,10Y,0.604
Tu,3/10/2015,2Y,-0.148
Tu,3/10/2015,5Y,0.026
Tu,3/10/2015,10Y,0.522
We,3/11/2015,2Y,-0.157
We,3/11/2015,5Y,0.017
We,3/11/2015,10Y,0.481
Th,3/12/2015,2Y,-0.152
Th,3/12/2015,5Y,0.031
Th,3/12/2015,10Y,0.492
Fr,3/13/2015,2Y,-0.151
Fr,3/13/2015,5Y,0.042
Fr,3/13/2015,10Y,0.496
Mo,3/16/2015,2Y,-0.14
Mo,3/16/2015,5Y,0.064
Mo,3/16/2015,10Y,0.515
Tu,3/17/2015,2Y,-0.135
Tu,3/17/2015,5Y,0.084
Tu,3/17/2015,10Y,0.534
We,3/18/2015,2Y,-0.149
We,3/18/2015,5Y,0.047
We,3/18/2015,10Y,0.472
Th,3/19/2015,2Y,-0.157
Th,3/19/2015,5Y,0.038
Th,3/19/2015,10Y,0.453
Fr,3/20/2015,2Y,-0.157
Fr,3/20/2015,5Y,0.036
Fr,3/20/2015,10Y,0.441
Mo,3/23/2015,2Y,-0.136
Mo,3/23/2015,5Y,0.082
Mo,3/23/2015,10Y,0.49
Tu,3/24/2015,2Y,-0.143
Tu,3/24/2015,5Y,0.09
Tu,3/24/2015,10Y,0.507
We,3/25/2015,2Y,-0.149
We,3/25/2015,5Y,0.08
We,3/25/2015,10Y,0.5
Th,3/26/2015,2Y,-0.162
Th,3/26/2015,5Y,0.064
Th,3/26/2015,10Y,0.493
Fr,3/27/2015,2Y,-0.165
Fr,3/27/2015,5Y,0.059
Fr,3/27/2015,10Y,0.499
Mo,3/30/2015,2Y,-0.167
Mo,3/30/2015,5Y,0.07
Mo,3/30/2015,10Y,0.505
Tu,3/31/2015,2Y,-0.171
Tu,3/31/2015,5Y,0.051
Tu,3/31/2015,10Y,0.474
We,4/1/2015,2Y,-0.176
We,4/1/2015,5Y,0.051
We,4/1/2015,10Y,0.451
Th,4/2/2015,2Y,-0.175
Th,4/2/2015,5Y,0.067
Th,4/2/2015,10Y,0.483
Fr,4/3/2015,2Y,-0.175
Fr,4/3/2015,5Y,0.067
Fr,4/3/2015,10Y,0.483
Mo,4/6/2015,2Y,-0.175
Mo,4/6/2015,5Y,0.067
Mo,4/6/2015,10Y,0.483
Tu,4/7/2015,2Y,-0.18
Tu,4/7/2015,5Y,0.044
Tu,4/7/2015,10Y,0.466
We,4/8/2015,2Y,-0.196
We,4/8/2015,5Y,0.011
We,4/8/2015,10Y,0.444
Th,4/9/2015,2Y,-0.189
Th,4/9/2015,5Y,0.009
Th,4/9/2015,10Y,0.447
Fr,4/10/2015,2Y,-0.186
Fr,4/10/2015,5Y,0.001
Fr,4/10/2015,10Y,0.433
Mo,4/13/2015,2Y,-0.186
Mo,4/13/2015,5Y,0.005
Mo,4/13/2015,10Y,0.431
Tu,4/14/2015,2Y,-0.196
Tu,4/14/2015,5Y,-0.001
Tu,4/14/2015,10Y,0.406
We,4/15/2015,2Y,-0.191
We,4/15/2015,5Y,-0.023
We,4/15/2015,10Y,0.351
Th,4/16/2015,2Y,-0.188
Th,4/16/2015,5Y,-0.016
Th,4/16/2015,10Y,0.351
Fr,4/17/2015,2Y,-0.182
Fr,4/17/2015,5Y,-0.003
Fr,4/17/2015,10Y,0.368
Mo,4/20/2015,2Y,-0.183
Mo,4/20/2015,5Y,-0.003
Mo,4/20/2015,10Y,0.356
Tu,4/21/2015,2Y,-0.177
Tu,4/21/2015,5Y,0.002
Tu,4/21/2015,10Y,0.368
We,4/22/2015,2Y,-0.174
We,4/22/2015,5Y,0.03
We,4/22/2015,10Y,0.414
Th,4/23/2015,2Y,-0.184
Th,4/23/2015,5Y,0.015
Th,4/23/2015,10Y,0.414
Fr,4/24/2015,2Y,-0.192
Fr,4/24/2015,5Y,0.016
Fr,4/24/2015,10Y,0.417
Mo,4/27/2015,2Y,-0.198
Mo,4/27/2015,5Y,0.015
Mo,4/27/2015,10Y,0.417
Tu,4/28/2015,2Y,-0.202
Tu,4/28/2015,5Y,0.006
Tu,4/28/2015,10Y,0.422
We,4/29/2015,2Y,-0.165
We,4/29/2015,5Y,0.095
We,4/29/2015,10Y,0.565
Th,4/30/2015,2Y,-0.155
Th,4/30/2015,5Y,0.131
Th,4/30/2015,10Y,0.638
Fr,5/1/2015,2Y,-0.157
Fr,5/1/2015,5Y,0.137
Fr,5/1/2015,10Y,0.647
Mo,5/4/2015,2Y,-0.153
Mo,5/4/2015,5Y,0.165
Mo,5/4/2015,10Y,0.724
Tu,5/5/2015,2Y,-0.167
Tu,5/5/2015,5Y,0.195
Tu,5/5/2015,10Y,0.816
We,5/6/2015,2Y,-0.16
We,5/6/2015,5Y,0.23
We,5/6/2015,10Y,0.899
Th,5/7/2015,2Y,-0.161
Th,5/7/2015,5Y,0.224
Th,5/7/2015,10Y,0.893
Fr,5/8/2015,2Y,-0.161
Fr,5/8/2015,5Y,0.192
Fr,5/8/2015,10Y,0.834
Mo,5/11/2015,2Y,-0.156
Mo,5/11/2015,5Y,0.217
Mo,5/11/2015,10Y,0.9
Tu,5/12/2015,2Y,-0.147
Tu,5/12/2015,5Y,0.25
Tu,5/12/2015,10Y,0.969
We,5/13/2015,2Y,-0.142
We,5/13/2015,5Y,0.254
We,5/13/2015,10Y,0.996
Th,5/14/2015,2Y,-0.136
Th,5/14/2015,5Y,0.253
Th,5/14/2015,10Y,0.969
Fr,5/15/2015,2Y,-0.147
Fr,5/15/2015,5Y,0.233
Fr,5/15/2015,10Y,0.899
Mo,5/18/2015,2Y,-0.149
Mo,5/18/2015,5Y,0.239
Mo,5/18/2015,10Y,0.932
Tu,5/19/2015,2Y,-0.161
Tu,5/19/2015,5Y,0.209
Tu,5/19/2015,10Y,0.869
We,5/20/2015,2Y,-0.16
We,5/20/2015,5Y,0.228
We,5/20/2015,10Y,0.914
Th,5/21/2015,2Y,-0.163
Th,5/21/2015,5Y,0.227
Th,5/21/2015,10Y,0.92
Fr,5/22/2015,2Y,-0.162
Fr,5/22/2015,5Y,0.214
Fr,5/22/2015,10Y,0.893
Mo,5/25/2015,2Y,-0.164
Mo,5/25/2015,5Y,0.215
Mo,5/25/2015,10Y,0.892
Tu,5/26/2015,2Y,-0.169
Tu,5/26/2015,5Y,0.176
Tu,5/26/2015,10Y,0.852
We,5/27/2015,2Y,-0.173
We,5/27/2015,5Y,0.17
We,5/27/2015,10Y,0.852
Th,5/28/2015,2Y,-0.173
Th,5/28/2015,5Y,0.165
Th,5/28/2015,10Y,0.837
Fr,5/29/2015,2Y,-0.177
Fr,5/29/2015,5Y,0.147
Fr,5/29/2015,10Y,0.794
Mo,6/1/2015,2Y,-0.17
Mo,6/1/2015,5Y,0.179
Mo,6/1/2015,10Y,0.861
Tu,6/2/2015,2Y,-0.149
Tu,6/2/2015,5Y,0.259
Tu,6/2/2015,10Y,1.022
We,6/3/2015,2Y,-0.143
We,6/3/2015,5Y,0.324
We,6/3/2015,10Y,1.169
Th,6/4/2015,2Y,-0.145
Th,6/4/2015,5Y,0.309
Th,6/4/2015,10Y,1.14
Fr,6/5/2015,2Y,-0.143
Fr,6/5/2015,5Y,0.331
Fr,6/5/2015,10Y,1.161
Mo,6/8/2015,2Y,-0.138
Mo,6/8/2015,5Y,0.347
Mo,6/8/2015,10Y,1.206
Tu,6/9/2015,2Y,-0.127
Tu,6/9/2015,5Y,0.394
Tu,6/9/2015,10Y,1.277
We,6/10/2015,2Y,-0.138
We,6/10/2015,5Y,0.389
We,6/10/2015,10Y,1.311
Th,6/11/2015,2Y,-0.139
Th,6/11/2015,5Y,0.355
Th,6/11/2015,10Y,1.211
Fr,6/12/2015,2Y,-0.135
Fr,6/12/2015,5Y,0.369
Fr,6/12/2015,10Y,1.211
Mo,6/15/2015,2Y,-0.124
Mo,6/15/2015,5Y,0.416
Mo,6/15/2015,10Y,1.274
Tu,6/16/2015,2Y,-0.13
Tu,6/16/2015,5Y,0.409
Tu,6/16/2015,10Y,1.251
We,6/17/2015,2Y,-0.139
We,6/17/2015,5Y,0.387
We,6/17/2015,10Y,1.236
Th,6/18/2015,2Y,-0.149
Th,6/18/2015,5Y,0.362
Th,6/18/2015,10Y,1.206
Fr,6/19/2015,2Y,-0.153
Fr,6/19/2015,5Y,0.343
Fr,6/19/2015,10Y,1.158
Mo,6/22/2015,2Y,-0.143
Mo,6/22/2015,5Y,0.372
Mo,6/22/2015,10Y,1.248
Tu,6/23/2015,2Y,-0.146
Tu,6/23/2015,5Y,0.348
Tu,6/23/2015,10Y,1.236
We,6/24/2015,2Y,-0.157
We,6/24/2015,5Y,0.352
We,6/24/2015,10Y,1.222
Th,6/25/2015,2Y,-0.171
Th,6/25/2015,5Y,0.347
Th,6/25/2015,10Y,1.233
Fr,6/26/2015,2Y,-0.165
Fr,6/26/2015,5Y,0.375
Fr,6/26/2015,10Y,1.296
Mo,6/29/2015,2Y,-0.161
Mo,6/29/2015,5Y,0.356
Mo,6/29/2015,10Y,1.236
Tu,6/30/2015,2Y,-0.17
Tu,6/30/2015,5Y,0.322
Tu,6/30/2015,10Y,1.193
We,7/1/2015,2Y,-0.191
We,7/1/2015,5Y,0.324
We,7/1/2015,10Y,1.242
Th,7/2/2015,2Y,-0.189
Th,7/2/2015,5Y,0.356
Th,7/2/2015,10Y,1.303
Fr,7/3/2015,2Y,-0.188
Fr,7/3/2015,5Y,0.326
Fr,7/3/2015,10Y,1.24
Mo,7/6/2015,2Y,-0.165
Mo,7/6/2015,5Y,0.339
Mo,7/6/2015,10Y,1.242
Tu,7/7/2015,2Y,-0.167
Tu,7/7/2015,5Y,0.314
Tu,7/7/2015,10Y,1.127
We,7/8/2015,2Y,-0.174
We,7/8/2015,5Y,0.305
We,7/8/2015,10Y,1.124
Th,7/9/2015,2Y,-0.172
Th,7/9/2015,5Y,0.294
Th,7/9/2015,10Y,1.154
Fr,7/10/2015,2Y,-0.153
Fr,7/10/2015,5Y,0.372
Fr,7/10/2015,10Y,1.281
Mo,7/13/2015,2Y,-0.16
Mo,7/13/2015,5Y,0.332
Mo,7/13/2015,10Y,1.254
Tu,7/14/2015,2Y,-0.163
Tu,7/14/2015,5Y,0.315
Tu,7/14/2015,10Y,1.217
We,7/15/2015,2Y,-0.171
We,7/15/2015,5Y,0.272
We,7/15/2015,10Y,1.136
Th,7/16/2015,2Y,-0.162
Th,7/16/2015,5Y,0.284
Th,7/16/2015,10Y,1.136
Fr,7/17/2015,2Y,-0.166
Fr,7/17/2015,5Y,0.258
Fr,7/17/2015,10Y,1.073
Mo,7/20/2015,2Y,-0.168
Mo,7/20/2015,5Y,0.237
Mo,7/20/2015,10Y,1.037
Tu,7/21/2015,2Y,-0.169
Tu,7/21/2015,5Y,0.262
Tu,7/21/2015,10Y,1.082
We,7/22/2015,2Y,-0.175
We,7/22/2015,5Y,0.237
We,7/22/2015,10Y,1.048
Th,7/23/2015,2Y,-0.173
Th,7/23/2015,5Y,0.216
Th,7/23/2015,10Y,1.027
Fr,7/24/2015,2Y,-0.173
Fr,7/24/2015,5Y,0.189
Fr,7/24/2015,10Y,0.966
Mo,7/27/2015,2Y,-0.174
Mo,7/27/2015,5Y,0.199
Mo,7/27/2015,10Y,0.973
Tu,7/28/2015,2Y,-0.185
Tu,7/28/2015,5Y,0.186
Tu,7/28/2015,10Y,0.975
We,7/29/2015,2Y,-0.196
We,7/29/2015,5Y,0.187
We,7/29/2015,10Y,1.008
Th,7/30/2015,2Y,-0.193
Th,7/30/2015,5Y,0.16
Th,7/30/2015,10Y,0.939
Fr,7/31/2015,2Y,-0.19
Fr,7/31/2015,5Y,0.17
Fr,7/31/2015,10Y,0.934
Mo,8/3/2015,2Y,-0.193
Mo,8/3/2015,5Y,0.167
Mo,8/3/2015,10Y,0.937
Tu,8/4/2015,2Y,-0.199
Tu,8/4/2015,5Y,0.16
Tu,8/4/2015,10Y,0.958
We,8/5/2015,2Y,-0.2
We,8/5/2015,5Y,0.205
We,8/5/2015,10Y,1.062
Th,8/6/2015,2Y,-0.198
Th,8/6/2015,5Y,0.184
Th,8/6/2015,10Y,1.008
Fr,8/7/2015,2Y,-0.207
Fr,8/7/2015,5Y,0.154
Fr,8/7/2015,10Y,0.964
Mo,8/10/2015,2Y,-0.21
Mo,8/10/2015,5Y,0.164
Mo,8/10/2015,10Y,1
Tu,8/11/2015,2Y,-0.209
Tu,8/11/2015,5Y,0.133
Tu,8/11/2015,10Y,0.928
We,8/12/2015,2Y,-0.212
We,8/12/2015,5Y,0.13
We,8/12/2015,10Y,0.925
Th,8/13/2015,2Y,-0.207
Th,8/13/2015,5Y,0.145
Th,8/13/2015,10Y,0.947
Fr,8/14/2015,2Y,-0.205
Fr,8/14/2015,5Y,0.164
Fr,8/14/2015,10Y,0.978
Mo,8/17/2015,2Y,-0.194
Mo,8/17/2015,5Y,0.152
Mo,8/17/2015,10Y,0.944
Tu,8/18/2015,2Y,-0.184
Tu,8/18/2015,5Y,0.182
Tu,8/18/2015,10Y,0.977
We,8/19/2015,2Y,-0.171
We,8/19/2015,5Y,0.176
We,8/19/2015,10Y,0.967
Th,8/20/2015,2Y,-0.177
Th,8/20/2015,5Y,0.152
Th,8/20/2015,10Y,0.944
Fr,8/21/2015,2Y,-0.178
Fr,8/21/2015,5Y,0.159
Fr,8/21/2015,10Y,0.948
Mo,8/24/2015,2Y,-0.173
Mo,8/24/2015,5Y,0.179
Mo,8/24/2015,10Y,0.975
Tu,8/25/2015,2Y,-0.156
Tu,8/25/2015,5Y,0.246
Tu,8/25/2015,10Y,1.119
We,8/26/2015,2Y,-0.157
We,8/26/2015,5Y,0.23
We,8/26/2015,10Y,1.079
Th,8/27/2015,2Y,-0.156
Th,8/27/2015,5Y,0.245
Th,8/27/2015,10Y,1.1
Fr,8/28/2015,2Y,-0.147
Fr,8/28/2015,5Y,0.255
Fr,8/28/2015,10Y,1.088
Mo,8/31/2015,2Y,-0.146
Mo,8/31/2015,5Y,0.279
Mo,8/31/2015,10Y,1.151
Tu,9/1/2015,2Y,-0.155
Tu,9/1/2015,5Y,0.283
Tu,9/1/2015,10Y,1.157
We,9/2/2015,2Y,-0.158
We,9/2/2015,5Y,0.258
We,9/2/2015,10Y,1.13
Th,9/3/2015,2Y,-0.182
Th,9/3/2015,5Y,0.196
Th,9/3/2015,10Y,1.063
Fr,9/4/2015,2Y,-0.186
Fr,9/4/2015,5Y,0.177
Fr,9/4/2015,10Y,1.013
Mo,9/7/2015,2Y,-0.179
Mo,9/7/2015,5Y,0.183
Mo,9/7/2015,10Y,1.123
Tu,9/8/2015,2Y,-0.168
Tu,9/8/2015,5Y,0.183
Tu,9/8/2015,10Y,1.1
We,9/9/2015,2Y,-0.168
We,9/9/2015,5Y,0.173
We,9/9/2015,10Y,1.098
Th,9/10/2015,2Y,-0.168
Th,9/10/2015,5Y,0.181
Th,9/10/2015,10Y,1.096
Fr,9/11/2015,2Y,-0.174
Fr,9/11/2015,5Y,0.165
Fr,9/11/2015,10Y,1.058
Mo,9/14/2015,2Y,-0.179
Mo,9/14/2015,5Y,0.163
Mo,9/14/2015,10Y,1.059
Tu,9/15/2015,2Y,-0.186
Tu,9/15/2015,5Y,0.189
Tu,9/15/2015,10Y,1.137
We,9/16/2015,2Y,-0.186
We,9/16/2015,5Y,0.217
We,9/16/2015,10Y,1.165
Th,9/17/2015,2Y,-0.176
Th,9/17/2015,5Y,0.232
Th,9/17/2015,10Y,1.163
Fr,9/18/2015,2Y,-0.189
Fr,9/18/2015,5Y,0.154
Fr,9/18/2015,10Y,1.031
Mo,9/21/2015,2Y,-0.186
Mo,9/21/2015,5Y,0.16
Mo,9/21/2015,10Y,1.058
Tu,9/22/2015,2Y,-0.196
Tu,9/22/2015,5Y,0.117
Tu,9/22/2015,10Y,0.968
We,9/23/2015,2Y,-0.192
We,9/23/2015,5Y,0.126
We,9/23/2015,10Y,0.975
Th,9/24/2015,2Y,-0.17
Th,9/24/2015,5Y,0.224
Th,9/24/2015,10Y,0.992
Fr,9/25/2015,2Y,-0.164
Fr,9/25/2015,5Y,0.233
Fr,9/25/2015,10Y,1.044
Mo,9/28/2015,2Y,-0.176
Mo,9/28/2015,5Y,0.217
Mo,9/28/2015,10Y,0.996
Tu,9/29/2015,2Y,-0.174
Tu,9/29/2015,5Y,0.228
Tu,9/29/2015,10Y,0.989
We,9/30/2015,2Y,-0.178
We,9/30/2015,5Y,0.218
We,9/30/2015,10Y,0.984
Th,10/1/2015,2Y,-0.202
Th,10/1/2015,5Y,0.173
Th,10/1/2015,10Y,0.928
Fr,10/2/2015,2Y,-0.2
Fr,10/2/2015,5Y,0.153
Fr,10/2/2015,10Y,0.891
Mo,10/5/2015,2Y,-0.192
Mo,10/5/2015,5Y,0.173
Mo,10/5/2015,10Y,0.946
Tu,10/6/2015,2Y,-0.189
Tu,10/6/2015,5Y,0.195
Tu,10/6/2015,10Y,0.976
We,10/7/2015,2Y,-0.19
We,10/7/2015,5Y,0.197
We,10/7/2015,10Y,0.965
Th,10/8/2015,2Y,-0.191
Th,10/8/2015,5Y,0.197
Th,10/8/2015,10Y,0.956
Fr,10/9/2015,2Y,-0.188
Fr,10/9/2015,5Y,0.214
Fr,10/9/2015,10Y,0.986
Mo,10/12/2015,2Y,-0.195
Mo,10/12/2015,5Y,0.191
Mo,10/12/2015,10Y,0.951
Tu,10/13/2015,2Y,-0.19
Tu,10/13/2015,5Y,0.193
Tu,10/13/2015,10Y,0.956
We,10/14/2015,2Y,-0.204
We,10/14/2015,5Y,0.157
We,10/14/2015,10Y,0.911
Th,10/15/2015,2Y,-0.201
Th,10/15/2015,5Y,0.166
Th,10/15/2015,10Y,0.922
Fr,10/16/2015,2Y,-0.208
Fr,10/16/2015,5Y,0.158
Fr,10/16/2015,10Y,0.916
Mo,10/19/2015,2Y,-0.209
Mo,10/19/2015,5Y,0.154
Mo,10/19/2015,10Y,0.93
Tu,10/20/2015,2Y,-0.188
Tu,10/20/2015,5Y,0.202
Tu,10/20/2015,10Y,0.995
We,10/21/2015,2Y,-0.203
We,10/21/2015,5Y,0.161
We,10/21/2015,10Y,0.928
Th,10/22/2015,2Y,-0.265
Th,10/22/2015,5Y,0.082
Th,10/22/2015,10Y,0.838
Fr,10/23/2015,2Y,-0.262
Fr,10/23/2015,5Y,0.08
Fr,10/23/2015,10Y,0.85
Mo,10/26/2015,2Y,-0.267
Mo,10/26/2015,5Y,0.078
Mo,10/26/2015,10Y,0.847
Tu,10/27/2015,2Y,-0.281
Tu,10/27/2015,5Y,0.047
Tu,10/27/2015,10Y,0.793
We,10/28/2015,2Y,-0.289
We,10/28/2015,5Y,0.033
We,10/28/2015,10Y,0.782
Th,10/29/2015,2Y,-0.279
Th,10/29/2015,5Y,0.092
Th,10/29/2015,10Y,0.871
Fr,10/30/2015,2Y,-0.277
Fr,10/30/2015,5Y,0.09
Fr,10/30/2015,10Y,0.864
Mo,11/2/2015,2Y,-0.256
Mo,11/2/2015,5Y,0.124
Mo,11/2/2015,10Y,0.924
Tu,11/3/2015,2Y,-0.261
Tu,11/3/2015,5Y,0.12
Tu,11/3/2015,10Y,0.936
We,11/4/2015,2Y,-0.257
We,11/4/2015,5Y,0.117
We,11/4/2015,10Y,0.953
Th,11/5/2015,2Y,-0.25
Th,11/5/2015,5Y,0.12
Th,11/5/2015,10Y,0.946
Fr,11/6/2015,2Y,-0.222
Fr,11/6/2015,5Y,0.169
Fr,11/6/2015,10Y,1.02
Mo,11/9/2015,2Y,-0.264
Mo,11/9/2015,5Y,0.117
Mo,11/9/2015,10Y,0.986
Tu,11/10/2015,2Y,-0.284
Tu,11/10/2015,5Y,0.083
Tu,11/10/2015,10Y,0.946
We,11/11/2015,2Y,-0.289
We,11/11/2015,5Y,0.073
We,11/11/2015,10Y,0.93
Th,11/12/2015,2Y,-0.294
Th,11/12/2015,5Y,0.081
Th,11/12/2015,10Y,0.923
Fr,11/13/2015,2Y,-0.307
Fr,11/13/2015,5Y,0.05
Fr,11/13/2015,10Y,0.873
Mo,11/16/2015,2Y,-0.308
Mo,11/16/2015,5Y,0.032
Mo,11/16/2015,10Y,0.851
Tu,11/17/2015,2Y,-0.314
Tu,11/17/2015,5Y,0.026
Tu,11/17/2015,10Y,0.847
We,11/18/2015,2Y,-0.301
We,11/18/2015,5Y,0.02
We,11/18/2015,10Y,0.825
Th,11/19/2015,2Y,-0.306
Th,11/19/2015,5Y,0.016
Th,11/19/2015,10Y,0.808
Fr,11/20/2015,2Y,-0.313
Fr,11/20/2015,5Y,0.015
Fr,11/20/2015,10Y,0.816
Mo,11/23/2015,2Y,-0.318
Mo,11/23/2015,5Y,0.035
Mo,11/23/2015,10Y,0.868
Tu,11/24/2015,2Y,-0.304
Tu,11/24/2015,5Y,0.044
Tu,11/24/2015,10Y,0.847
We,11/25/2015,2Y,-0.338
We,11/25/2015,5Y,-0.001
We,11/25/2015,10Y,0.799
Th,11/26/2015,2Y,-0.335
Th,11/26/2015,5Y,-0.002
Th,11/26/2015,10Y,0.797
Fr,11/27/2015,2Y,-0.336
Fr,11/27/2015,5Y,-0.017
Fr,11/27/2015,10Y,0.773
Mo,11/30/2015,2Y,-0.334
Mo,11/30/2015,5Y,-0.011
Mo,11/30/2015,10Y,0.789
Tu,12/1/2015,2Y,-0.355
Tu,12/1/2015,5Y,-0.03
Tu,12/1/2015,10Y,0.788
We,12/2/2015,2Y,-0.356
We,12/2/2015,5Y,-0.046
We,12/2/2015,10Y,0.784
Th,12/3/2015,2Y,-0.225
Th,12/3/2015,5Y,0.132
Th,12/3/2015,10Y,0.991
Fr,12/4/2015,2Y,-0.228
Fr,12/4/2015,5Y,0.14
Fr,12/4/2015,10Y,1.001
Mo,12/7/2015,2Y,-0.257
Mo,12/7/2015,5Y,0.074
Mo,12/7/2015,10Y,0.897
Tu,12/8/2015,2Y,-0.254
Tu,12/8/2015,5Y,0.068
Tu,12/8/2015,10Y,0.88
We,12/9/2015,2Y,-0.262
We,12/9/2015,5Y,0.067
We,12/9/2015,10Y,0.916
Th,12/10/2015,2Y,-0.278
Th,12/10/2015,5Y,0.046
Th,12/10/2015,10Y,0.884
Fr,12/11/2015,2Y,-0.294
Fr,12/11/2015,5Y,0.028
Fr,12/11/2015,10Y,0.86
Mo,12/14/2015,2Y,-0.285
Mo,12/14/2015,5Y,0.063
Mo,12/14/2015,10Y,0.92
Tu,12/15/2015,2Y,-0.287
Tu,12/15/2015,5Y,0.108
Tu,12/15/2015,10Y,0.977
We,12/16/2015,2Y,-0.282
We,12/16/2015,5Y,0.127
We,12/16/2015,10Y,1.009
Th,12/17/2015,2Y,-0.302
Th,12/17/2015,5Y,0.074
Th,12/17/2015,10Y,0.934
Fr,12/18/2015,2Y,-0.309
Fr,12/18/2015,5Y,0.05
Fr,12/18/2015,10Y,0.888
Mo,12/21/2015,2Y,-0.316
Mo,12/21/2015,5Y,0.047
Mo,12/21/2015,10Y,0.89
Tu,12/22/2015,2Y,-0.301
Tu,12/22/2015,5Y,0.076
Tu,12/22/2015,10Y,0.953
We,12/23/2015,2Y,-0.292
We,12/23/2015,5Y,0.097
We,12/23/2015,10Y,0.981
Th,12/24/2015,2Y,-0.291
Th,12/24/2015,5Y,0.104
Th,12/24/2015,10Y,0.996
Fr,12/25/2015,2Y,-0.291
Fr,12/25/2015,5Y,0.104
Fr,12/25/2015,10Y,0.996
Mo,12/28/2015,2Y,-0.299
Mo,12/28/2015,5Y,0.078
Mo,12/28/2015,10Y,0.915
Tu,12/29/2015,2Y,-0.299
Tu,12/29/2015,5Y,0.098
Tu,12/29/2015,10Y,0.989
We,12/30/2015,2Y,-0.317
We,12/30/2015,5Y,0.08
We,12/30/2015,10Y,0.986
Th,12/31/2015,2Y,-0.317
Th,12/31/2015,5Y,0.08
Th,12/31/2015,10Y,0.986
Fr,1/1/2016,2Y,-0.317
Fr,1/1/2016,5Y,0.08
Fr,1/1/2016,10Y,0.986
Mo,1/4/2016,2Y,-0.317
Mo,1/4/2016,5Y,0.069
Mo,1/4/2016,10Y,0.937
Tu,1/5/2016,2Y,-0.336
Tu,1/5/2016,5Y,0.039
Tu,1/5/2016,10Y,0.906
We,1/6/2016,2Y,-0.341
We,1/6/2016,5Y,0.021
We,1/6/2016,10Y,0.872
Th,1/7/2016,2Y,-0.338
Th,1/7/2016,5Y,0.052
Th,1/7/2016,10Y,0.916
Fr,1/8/2016,2Y,-0.349
Fr,1/8/2016,5Y,0.033
Fr,1/8/2016,10Y,0.879
Mo,1/11/2016,2Y,-0.338
Mo,1/11/2016,5Y,0.051
Mo,1/11/2016,10Y,0.918
Tu,1/12/2016,2Y,-0.337
Tu,1/12/2016,5Y,0.07
Tu,1/12/2016,10Y,0.917
We,1/13/2016,2Y,-0.338
We,1/13/2016,5Y,0.055
We,1/13/2016,10Y,0.879
Th,1/14/2016,2Y,-0.334
Th,1/14/2016,5Y,0.059
Th,1/14/2016,10Y,0.897
Fr,1/15/2016,2Y,-0.34
Fr,1/15/2016,5Y,0.038
Fr,1/15/2016,10Y,0.873
Mo,1/18/2016,2Y,-0.345
Mo,1/18/2016,5Y,0.029
Mo,1/18/2016,10Y,0.868
Tu,1/19/2016,2Y,-0.344
Tu,1/19/2016,5Y,0.026
Tu,1/19/2016,10Y,0.866
We,1/20/2016,2Y,-0.353
We,1/20/2016,5Y,0.009
We,1/20/2016,10Y,0.824
Th,1/21/2016,2Y,-0.38
Th,1/21/2016,5Y,-0.034
Th,1/21/2016,10Y,0.775
Fr,1/22/2016,2Y,-0.38
Fr,1/22/2016,5Y,-0.037
Fr,1/22/2016,10Y,0.798
Mo,1/25/2016,2Y,-0.376
Mo,1/25/2016,5Y,-0.048
Mo,1/25/2016,10Y,0.78
Tu,1/26/2016,2Y,-0.383
Tu,1/26/2016,5Y,-0.076
Tu,1/26/2016,10Y,0.748
We,1/27/2016,2Y,-0.376
We,1/27/2016,5Y,-0.06
We,1/27/2016,10Y,0.752
Th,1/28/2016,2Y,-0.381
Th,1/28/2016,5Y,-0.078
Th,1/28/2016,10Y,0.733
Fr,1/29/2016,2Y,-0.404
Fr,1/29/2016,5Y,-0.145
Fr,1/29/2016,10Y,0.635
Mo,2/1/2016,2Y,-0.387
Mo,2/1/2016,5Y,-0.114
Mo,2/1/2016,10Y,0.673
Tu,2/2/2016,2Y,-0.406
Tu,2/2/2016,5Y,-0.131
Tu,2/2/2016,10Y,0.642
We,2/3/2016,2Y,-0.419
We,2/3/2016,5Y,-0.151
We,2/3/2016,10Y,0.608
Th,2/4/2016,2Y,-0.405
Th,2/4/2016,5Y,-0.135
Th,2/4/2016,10Y,0.634
Fr,2/5/2016,2Y,-0.42
Fr,2/5/2016,5Y,-0.136
Fr,2/5/2016,10Y,0.632
Mo,2/8/2016,2Y,-0.44
Mo,2/8/2016,5Y,-0.153
Mo,2/8/2016,10Y,0.592
Tu,2/9/2016,2Y,-0.443
Tu,2/9/2016,5Y,-0.141
Tu,2/9/2016,10Y,0.609
We,2/10/2016,2Y,-0.44
We,2/10/2016,5Y,-0.135
We,2/10/2016,10Y,0.614
Th,2/11/2016,2Y,-0.448
Th,2/11/2016,5Y,-0.142
Th,2/11/2016,10Y,0.596
Fr,2/12/2016,2Y,-0.418
Fr,2/12/2016,5Y,-0.101
Fr,2/12/2016,10Y,0.654
Mo,2/15/2016,2Y,-0.422
Mo,2/15/2016,5Y,-0.153
Mo,2/15/2016,10Y,0.616
Tu,2/16/2016,2Y,-0.411
Tu,2/16/2016,5Y,-0.125
Tu,2/16/2016,10Y,0.653
We,2/17/2016,2Y,-0.403
We,2/17/2016,5Y,-0.127
We,2/17/2016,10Y,0.644
Th,2/18/2016,2Y,-0.41
Th,2/18/2016,5Y,-0.156
Th,2/18/2016,10Y,0.58
Fr,2/19/2016,2Y,-0.418
Fr,2/19/2016,5Y,-0.159
Fr,2/19/2016,10Y,0.565
Mo,2/22/2016,2Y,-0.422
Mo,2/22/2016,5Y,-0.176
Mo,2/22/2016,10Y,0.523
Tu,2/23/2016,2Y,-0.421
Tu,2/23/2016,5Y,-0.175
Tu,2/23/2016,10Y,0.54
We,2/24/2016,2Y,-0.411
We,2/24/2016,5Y,-0.174
We,2/24/2016,10Y,0.52
Th,2/25/2016,2Y,-0.425
Th,2/25/2016,5Y,-0.192
Th,2/25/2016,10Y,0.508
Fr,2/26/2016,2Y,-0.432
Fr,2/26/2016,5Y,-0.203
Fr,2/26/2016,10Y,0.5
Mo,2/29/2016,2Y,-0.458
Mo,2/29/2016,5Y,-0.239
Mo,2/29/2016,10Y,0.467
Tu,3/1/2016,2Y,-0.449
Tu,3/1/2016,5Y,-0.224
Tu,3/1/2016,10Y,0.504
We,3/2/2016,2Y,-0.434
We,3/2/2016,5Y,-0.195
We,3/2/2016,10Y,0.563
Th,3/3/2016,2Y,-0.459
Th,3/3/2016,5Y,-0.221
Th,3/3/2016,10Y,0.536
Fr,3/4/2016,2Y,-0.435
Fr,3/4/2016,5Y,-0.173
Fr,3/4/2016,10Y,0.579
Mo,3/7/2016,2Y,-0.451
Mo,3/7/2016,5Y,-0.196
Mo,3/7/2016,10Y,0.639
Tu,3/8/2016,2Y,-0.464
Tu,3/8/2016,5Y,-0.232
Tu,3/8/2016,10Y,0.579
We,3/9/2016,2Y,-0.444
We,3/9/2016,5Y,-0.198
We,3/9/2016,10Y,0.631
Th,3/10/2016,2Y,-0.39
Th,3/10/2016,5Y,-0.109
Th,3/10/2016,10Y,0.681
Fr,3/11/2016,2Y,-0.416
Fr,3/11/2016,5Y,-0.159
Fr,3/11/2016,10Y,0.617
Mo,3/14/2016,2Y,-0.421
Mo,3/14/2016,5Y,-0.148
Mo,3/14/2016,10Y,0.623
Tu,3/15/2016,2Y,-0.414
Tu,3/15/2016,5Y,-0.124
Tu,3/15/2016,10Y,0.668
We,3/16/2016,2Y,-0.414
We,3/16/2016,5Y,-0.13
We,3/16/2016,10Y,0.649
Th,3/17/2016,2Y,-0.413
Th,3/17/2016,5Y,-0.161
Th,3/17/2016,10Y,0.568
Fr,3/18/2016,2Y,-0.419
Fr,3/18/2016,5Y,-0.166
Fr,3/18/2016,10Y,0.554
Mo,3/21/2016,2Y,-0.425
Mo,3/21/2016,5Y,-0.165
Mo,3/21/2016,10Y,0.567
Tu,3/22/2016,2Y,-0.427
Tu,3/22/2016,5Y,-0.169
Tu,3/22/2016,10Y,0.552
We,3/23/2016,2Y,-0.434
We,3/23/2016,5Y,-0.179
We,3/23/2016,10Y,0.546
Th,3/24/2016,2Y,-0.428
Th,3/24/2016,5Y,-0.175
Th,3/24/2016,10Y,0.536
Fr,3/25/2016,2Y,-0.428
Fr,3/25/2016,5Y,-0.175
Fr,3/25/2016,10Y,0.536
Mo,3/28/2016,2Y,-0.428
Mo,3/28/2016,5Y,-0.175
Mo,3/28/2016,10Y,0.536
Tu,3/29/2016,2Y,-0.442
Tu,3/29/2016,5Y,-0.212
Tu,3/29/2016,10Y,0.478
We,3/30/2016,2Y,-0.438
We,3/30/2016,5Y,-0.204
We,3/30/2016,10Y,0.484
Th,3/31/2016,2Y,-0.443
Th,3/31/2016,5Y,-0.204
Th,3/31/2016,10Y,0.485
Fr,4/1/2016,2Y,-0.446
Fr,4/1/2016,5Y,-0.211
Fr,4/1/2016,10Y,0.459
Mo,4/4/2016,2Y,-0.439
Mo,4/4/2016,5Y,-0.213
Mo,4/4/2016,10Y,0.46
Tu,4/5/2016,2Y,-0.447
Tu,4/5/2016,5Y,-0.232
Tu,4/5/2016,10Y,0.437
We,4/6/2016,2Y,-0.448
We,4/6/2016,5Y,-0.231
We,4/6/2016,10Y,0.455
Th,4/7/2016,2Y,-0.461
Th,4/7/2016,5Y,-0.251
Th,4/7/2016,10Y,0.436
Fr,4/8/2016,2Y,-0.469
Fr,4/8/2016,5Y,-0.253
Fr,4/8/2016,10Y,0.432
Mo,4/11/2016,2Y,-0.468
Mo,4/11/2016,5Y,-0.252
Mo,4/11/2016,10Y,0.463
Tu,4/12/2016,2Y,-0.459
Tu,4/12/2016,5Y,-0.224
Tu,4/12/2016,10Y,0.521
We,4/13/2016,2Y,-0.464
We,4/13/2016,5Y,-0.24
We,4/13/2016,10Y,0.465
Th,4/14/2016,2Y,-0.457
Th,4/14/2016,5Y,-0.207
Th,4/14/2016,10Y,0.512
Fr,4/15/2016,2Y,-0.475
Fr,4/15/2016,5Y,-0.241
Fr,4/15/2016,10Y,0.47
Mo,4/18/2016,2Y,-0.467
Mo,4/18/2016,5Y,-0.229
Mo,4/18/2016,10Y,0.5
Tu,4/19/2016,2Y,-0.469
Tu,4/19/2016,5Y,-0.232
Tu,4/19/2016,10Y,0.509
We,4/20/2016,2Y,-0.468
We,4/20/2016,5Y,-0.23
We,4/20/2016,10Y,0.493
Th,4/21/2016,2Y,-0.458
Th,4/21/2016,5Y,-0.185
Th,4/21/2016,10Y,0.567
Fr,4/22/2016,2Y,-0.466
Fr,4/22/2016,5Y,-0.204
Fr,4/22/2016,10Y,0.565
Mo,4/25/2016,2Y,-0.462
Mo,4/25/2016,5Y,-0.187
Mo,4/25/2016,10Y,0.605
Tu,4/26/2016,2Y,-0.422
Tu,4/26/2016,5Y,-0.105
Tu,4/26/2016,10Y,0.635
We,4/27/2016,2Y,-0.419
We,4/27/2016,5Y,-0.108
We,4/27/2016,10Y,0.638
Th,4/28/2016,2Y,-0.418
Th,4/28/2016,5Y,-0.115
Th,4/28/2016,10Y,0.604
Fr,4/29/2016,2Y,-0.399
Fr,4/29/2016,5Y,-0.097
Fr,4/29/2016,10Y,0.634
Mo,5/2/2016,2Y,-0.395
Mo,5/2/2016,5Y,-0.097
Mo,5/2/2016,10Y,0.615
Tu,5/3/2016,2Y,-0.413
Tu,5/3/2016,5Y,-0.142
Tu,5/3/2016,10Y,0.559
We,5/4/2016,2Y,-0.415
We,5/4/2016,5Y,-0.143
We,5/4/2016,10Y,0.564
Th,5/5/2016,2Y,-0.43
Th,5/5/2016,5Y,-0.162
Th,5/5/2016,10Y,0.532
Fr,5/6/2016,2Y,-0.436
Fr,5/6/2016,5Y,-0.17
Fr,5/6/2016,10Y,0.52
Mo,5/9/2016,2Y,-0.444
Mo,5/9/2016,5Y,-0.181
Mo,5/9/2016,10Y,0.49
Tu,5/10/2016,2Y,-0.432
Tu,5/10/2016,5Y,-0.173
Tu,5/10/2016,10Y,0.488
We,5/11/2016,2Y,-0.437
We,5/11/2016,5Y,-0.18
We,5/11/2016,10Y,0.477
Th,5/12/2016,2Y,-0.434
Th,5/12/2016,5Y,-0.169
Th,5/12/2016,10Y,0.508
Fr,5/13/2016,2Y,-0.434
Fr,5/13/2016,5Y,-0.181
Fr,5/13/2016,10Y,0.47
Mo,5/16/2016,2Y,-0.432
Mo,5/16/2016,5Y,-0.175
Mo,5/16/2016,10Y,0.486
Tu,5/17/2016,2Y,-0.429
Tu,5/17/2016,5Y,-0.181
Tu,5/17/2016,10Y,0.474
We,5/18/2016,2Y,-0.424
We,5/18/2016,5Y,-0.165
We,5/18/2016,10Y,0.511
Th,5/19/2016,2Y,-0.417
Th,5/19/2016,5Y,-0.161
Th,5/19/2016,10Y,0.504
Fr,5/20/2016,2Y,-0.419
Fr,5/20/2016,5Y,-0.16
Fr,5/20/2016,10Y,0.502
Mo,5/23/2016,2Y,-0.422
Mo,5/23/2016,5Y,-0.16
Mo,5/23/2016,10Y,0.511
Tu,5/24/2016,2Y,-0.425
Tu,5/24/2016,5Y,-0.17
Tu,5/24/2016,10Y,0.504
We,5/25/2016,2Y,-0.438
We,5/25/2016,5Y,-0.186
We,5/25/2016,10Y,0.476
Th,5/26/2016,2Y,-0.444
Th,5/26/2016,5Y,-0.19
Th,5/26/2016,10Y,0.481
Fr,5/27/2016,2Y,-0.446
Fr,5/27/2016,5Y,-0.197
Fr,5/27/2016,10Y,0.468
Mo,5/30/2016,2Y,-0.441
Mo,5/30/2016,5Y,-0.179
Mo,5/30/2016,10Y,0.502
Tu,5/31/2016,2Y,-0.439
Tu,5/31/2016,5Y,-0.193
Tu,5/31/2016,10Y,0.476
We,6/1/2016,2Y,-0.442
We,6/1/2016,5Y,-0.19
We,6/1/2016,10Y,0.473
Th,6/2/2016,2Y,-0.442
Th,6/2/2016,5Y,-0.183
Th,6/2/2016,10Y,0.466
Fr,6/3/2016,2Y,-0.451
Fr,6/3/2016,5Y,-0.202
Fr,6/3/2016,10Y,0.412
Mo,6/6/2016,2Y,-0.453
Mo,6/6/2016,5Y,-0.18
Mo,6/6/2016,10Y,0.452
Tu,6/7/2016,2Y,-0.45
Tu,6/7/2016,5Y,-0.198
Tu,6/7/2016,10Y,0.406
We,6/8/2016,2Y,-0.442
We,6/8/2016,5Y,-0.198
We,6/8/2016,10Y,0.409
Th,6/9/2016,2Y,-0.447
Th,6/9/2016,5Y,-0.204
Th,6/9/2016,10Y,0.386
Fr,6/10/2016,2Y,-0.437
Fr,6/10/2016,5Y,-0.197
Fr,6/10/2016,10Y,0.387
Mo,6/13/2016,2Y,-0.441
Mo,6/13/2016,5Y,-0.19
Mo,6/13/2016,10Y,0.406
Tu,6/14/2016,2Y,-0.444
Tu,6/14/2016,5Y,-0.192
Tu,6/14/2016,10Y,0.423
We,6/15/2016,2Y,-0.453
We,6/15/2016,5Y,-0.204
We,6/15/2016,10Y,0.4
Th,6/16/2016,2Y,-0.449
Th,6/16/2016,5Y,-0.186
Th,6/16/2016,10Y,0.4
Fr,6/17/2016,2Y,-0.461
Fr,6/17/2016,5Y,-0.199
Fr,6/17/2016,10Y,0.426
Mo,6/20/2016,2Y,-0.458
Mo,6/20/2016,5Y,-0.229
Mo,6/20/2016,10Y,0.421
Tu,6/21/2016,2Y,-0.462
Tu,6/21/2016,5Y,-0.228
Tu,6/21/2016,10Y,0.415
We,6/22/2016,2Y,-0.462
We,6/22/2016,5Y,-0.222
We,6/22/2016,10Y,0.421
Th,6/23/2016,2Y,-0.454
Th,6/23/2016,5Y,-0.209
Th,6/23/2016,10Y,0.453
Fr,6/24/2016,2Y,-0.509
Fr,6/24/2016,5Y,-0.248
Fr,6/24/2016,10Y,0.381
Mo,6/27/2016,2Y,-0.508
Mo,6/27/2016,5Y,-0.274
Mo,6/27/2016,10Y,0.29
Tu,6/28/2016,2Y,-0.515
Tu,6/28/2016,5Y,-0.306
Tu,6/28/2016,10Y,0.24
We,6/29/2016,2Y,-0.525
We,6/29/2016,5Y,-0.328
We,6/29/2016,10Y,0.215
Th,6/30/2016,2Y,-0.548
Th,6/30/2016,5Y,-0.356
Th,6/30/2016,10Y,0.181
Fr,7/1/2016,2Y,-0.557
Fr,7/1/2016,5Y,-0.376
Fr,7/1/2016,10Y,0.156
Mo,7/4/2016,2Y,-0.573
Mo,7/4/2016,5Y,-0.393
Mo,7/4/2016,10Y,0.16
Tu,7/5/2016,2Y,-0.607
Tu,7/5/2016,5Y,-0.408
Tu,7/5/2016,10Y,0.131
We,7/6/2016,2Y,-0.612
We,7/6/2016,5Y,-0.398
We,7/6/2016,10Y,0.131
Th,7/7/2016,2Y,-0.613
Th,7/7/2016,5Y,-0.401
Th,7/7/2016,10Y,0.133
Fr,7/8/2016,2Y,-0.616
Fr,7/8/2016,5Y,-0.427
Fr,7/8/2016,10Y,0.102
Mo,7/11/2016,2Y,-0.602
Mo,7/11/2016,5Y,-0.421
Mo,7/11/2016,10Y,0.12
Tu,7/12/2016,2Y,-0.552
Tu,7/12/2016,5Y,-0.389
Tu,7/12/2016,10Y,0.19
We,7/13/2016,2Y,-0.56
We,7/13/2016,5Y,-0.405
We,7/13/2016,10Y,0.146
Th,7/14/2016,2Y,-0.548
Th,7/14/2016,5Y,-0.381
Th,7/14/2016,10Y,0.185
Fr,7/15/2016,2Y,-0.542
Fr,7/15/2016,5Y,-0.349
Fr,7/15/2016,10Y,0.23
Mo,7/18/2016,2Y,-0.545
Mo,7/18/2016,5Y,-0.358
Mo,7/18/2016,10Y,0.213
Tu,7/19/2016,2Y,-0.536
Tu,7/19/2016,5Y,-0.354
Tu,7/19/2016,10Y,0.203
We,7/20/2016,2Y,-0.525
We,7/20/2016,5Y,-0.344
We,7/20/2016,10Y,0.22
Th,7/21/2016,2Y,-0.527
Th,7/21/2016,5Y,-0.347
Th,7/21/2016,10Y,0.215
Fr,7/22/2016,2Y,-0.528
Fr,7/22/2016,5Y,-0.338
Fr,7/22/2016,10Y,0.208
Mo,7/25/2016,2Y,-0.537
Mo,7/25/2016,5Y,-0.351
Mo,7/25/2016,10Y,0.192
Tu,7/26/2016,2Y,-0.543
Tu,7/26/2016,5Y,-0.353
Tu,7/26/2016,10Y,0.192
We,7/27/2016,2Y,-0.554
We,7/27/2016,5Y,-0.386
We,7/27/2016,10Y,0.137
Th,7/28/2016,2Y,-0.547
Th,7/28/2016,5Y,-0.382
Th,7/28/2016,10Y,0.129
Fr,7/29/2016,2Y,-0.557
Fr,7/29/2016,5Y,-0.403
Fr,7/29/2016,10Y,0.101
Mo,8/1/2016,2Y,-0.552
Mo,8/1/2016,5Y,-0.393
Mo,8/1/2016,10Y,0.125
Tu,8/2/2016,2Y,-0.543
Tu,8/2/2016,5Y,-0.363
Tu,8/2/2016,10Y,0.187
We,8/3/2016,2Y,-0.542
We,8/3/2016,5Y,-0.366
We,8/3/2016,10Y,0.188
Th,8/4/2016,2Y,-0.556
Th,8/4/2016,5Y,-0.403
Th,8/4/2016,10Y,0.129
Fr,8/5/2016,2Y,-0.561
Fr,8/5/2016,5Y,-0.398
Fr,8/5/2016,10Y,0.153
Mo,8/8/2016,2Y,-0.567
Mo,8/8/2016,5Y,-0.408
Mo,8/8/2016,10Y,0.151
Tu,8/9/2016,2Y,-0.568
Tu,8/9/2016,5Y,-0.416
Tu,8/9/2016,10Y,0.139
We,8/10/2016,2Y,-0.584
We,8/10/2016,5Y,-0.443
We,8/10/2016,10Y,0.102
Th,8/11/2016,2Y,-0.576
Th,8/11/2016,5Y,-0.431
Th,8/11/2016,10Y,0.12
Fr,8/12/2016,2Y,-0.584
Fr,8/12/2016,5Y,-0.436
Fr,8/12/2016,10Y,0.111
Mo,8/15/2016,2Y,-0.569
Mo,8/15/2016,5Y,-0.41
Mo,8/15/2016,10Y,0.14
Tu,8/16/2016,2Y,-0.571
Tu,8/16/2016,5Y,-0.39
Tu,8/16/2016,10Y,0.193
We,8/17/2016,2Y,-0.575
We,8/17/2016,5Y,-0.395
We,8/17/2016,10Y,0.168
Th,8/18/2016,2Y,-0.58
Th,8/18/2016,5Y,-0.414
Th,8/18/2016,10Y,0.136
Fr,8/19/2016,2Y,-0.577
Fr,8/19/2016,5Y,-0.389
Fr,8/19/2016,10Y,0.186
Mo,8/22/2016,2Y,-0.585
Mo,8/22/2016,5Y,-0.418
Mo,8/22/2016,10Y,0.134
Tu,8/23/2016,2Y,-0.584
Tu,8/23/2016,5Y,-0.417
Tu,8/23/2016,10Y,0.133
We,8/24/2016,2Y,-0.581
We,8/24/2016,5Y,-0.406
We,8/24/2016,10Y,0.142
Th,8/25/2016,2Y,-0.574
Th,8/25/2016,5Y,-0.393
Th,8/25/2016,10Y,0.162
Fr,8/26/2016,2Y,-0.575
Fr,8/26/2016,5Y,-0.392
Fr,8/26/2016,10Y,0.168
Mo,8/29/2016,2Y,-0.581
Mo,8/29/2016,5Y,-0.401
Mo,8/29/2016,10Y,0.158
Tu,8/30/2016,2Y,-0.587
Tu,8/30/2016,5Y,-0.405
Tu,8/30/2016,10Y,0.145
We,8/31/2016,2Y,-0.586
We,8/31/2016,5Y,-0.389
We,8/31/2016,10Y,0.177
Th,9/1/2016,2Y,-0.589
Th,9/1/2016,5Y,-0.38
Th,9/1/2016,10Y,0.176
Fr,9/2/2016,2Y,-0.598
Fr,9/2/2016,5Y,-0.378
Fr,9/2/2016,10Y,0.187
Mo,9/5/2016,2Y,-0.602
Mo,9/5/2016,5Y,-0.387
Mo,9/5/2016,10Y,0.242
Tu,9/6/2016,2Y,-0.636
Tu,9/6/2016,5Y,-0.437
Tu,9/6/2016,10Y,0.173
We,9/7/2016,2Y,-0.634
We,9/7/2016,5Y,-0.451
We,9/7/2016,10Y,0.163
Th,9/8/2016,2Y,-0.612
Th,9/8/2016,5Y,-0.404
Th,9/8/2016,10Y,0.227
Fr,9/9/2016,2Y,-0.59
Fr,9/9/2016,5Y,-0.359
Fr,9/9/2016,10Y,0.304
Mo,9/12/2016,2Y,-0.585
Mo,9/12/2016,5Y,-0.345
Mo,9/12/2016,10Y,0.331
Tu,9/13/2016,2Y,-0.572
Tu,9/13/2016,5Y,-0.328
Tu,9/13/2016,10Y,0.367
We,9/14/2016,2Y,-0.609
We,9/14/2016,5Y,-0.374
We,9/14/2016,10Y,0.316
Th,9/15/2016,2Y,-0.605
Th,9/15/2016,5Y,-0.374
Th,9/15/2016,10Y,0.33
Fr,9/16/2016,2Y,-0.616
Fr,9/16/2016,5Y,-0.381
Fr,9/16/2016,10Y,0.306
Mo,9/19/2016,2Y,-0.612
Mo,9/19/2016,5Y,-0.37
Mo,9/19/2016,10Y,0.318
Tu,9/20/2016,2Y,-0.623
Tu,9/20/2016,5Y,-0.389
Tu,9/20/2016,10Y,0.278
We,9/21/2016,2Y,-0.609
We,9/21/2016,5Y,-0.383
We,9/21/2016,10Y,0.298
Th,9/22/2016,2Y,-0.624
Th,9/22/2016,5Y,-0.425
Th,9/22/2016,10Y,0.198
Fr,9/23/2016,2Y,-0.621
Fr,9/23/2016,5Y,-0.42
Fr,9/23/2016,10Y,0.212
Mo,9/26/2016,2Y,-0.626
Mo,9/26/2016,5Y,-0.441
Mo,9/26/2016,10Y,0.18
Tu,9/27/2016,2Y,-0.644
Tu,9/27/2016,5Y,-0.461
Tu,9/27/2016,10Y,0.164
We,9/28/2016,2Y,-0.644
We,9/28/2016,5Y,-0.459
We,9/28/2016,10Y,0.158
Th,9/29/2016,2Y,-0.637
Th,9/29/2016,5Y,-0.447
Th,9/29/2016,10Y,0.184
Fr,9/30/2016,2Y,-0.645
Fr,9/30/2016,5Y,-0.443
Fr,9/30/2016,10Y,0.183
Mo,10/3/2016,2Y,-0.645
Mo,10/3/2016,5Y,-0.431
Mo,10/3/2016,10Y,0.224
Tu,10/4/2016,2Y,-0.64
Tu,10/4/2016,5Y,-0.412
Tu,10/4/2016,10Y,0.263
We,10/5/2016,2Y,-0.624
We,10/5/2016,5Y,-0.373
We,10/5/2016,10Y,0.326
Th,10/6/2016,2Y,-0.626
Th,10/6/2016,5Y,-0.376
Th,10/6/2016,10Y,0.283
Fr,10/7/2016,2Y,-0.625
Fr,10/7/2016,5Y,-0.365
Fr,10/7/2016,10Y,0.312
Mo,10/10/2016,2Y,-0.62
Mo,10/10/2016,5Y,-0.36
Mo,10/10/2016,10Y,0.344
Tu,10/11/2016,2Y,-0.63
Tu,10/11/2016,5Y,-0.37
Tu,10/11/2016,10Y,0.318
We,10/12/2016,2Y,-0.618
We,10/12/2016,5Y,-0.348
We,10/12/2016,10Y,0.361
Th,10/13/2016,2Y,-0.622
Th,10/13/2016,5Y,-0.36
Th,10/13/2016,10Y,0.327
Fr,10/14/2016,2Y,-0.625
Fr,10/14/2016,5Y,-0.359
Fr,10/14/2016,10Y,0.334
Mo,10/17/2016,2Y,-0.625
Mo,10/17/2016,5Y,-0.363
Mo,10/17/2016,10Y,0.338
Tu,10/18/2016,2Y,-0.636
Tu,10/18/2016,5Y,-0.376
Tu,10/18/2016,10Y,0.318
We,10/19/2016,2Y,-0.638
We,10/19/2016,5Y,-0.377
We,10/19/2016,10Y,0.307
Th,10/20/2016,2Y,-0.636
Th,10/20/2016,5Y,-0.387
Th,10/20/2016,10Y,0.278
Fr,10/21/2016,2Y,-0.636
Fr,10/21/2016,5Y,-0.383
Fr,10/21/2016,10Y,0.283
Mo,10/24/2016,2Y,-0.63
Mo,10/24/2016,5Y,-0.377
Mo,10/24/2016,10Y,0.3
Tu,10/25/2016,2Y,-0.625
Tu,10/25/2016,5Y,-0.369
Tu,10/25/2016,10Y,0.305
We,10/26/2016,2Y,-0.617
We,10/26/2016,5Y,-0.339
We,10/26/2016,10Y,0.365
Th,10/27/2016,2Y,-0.602
Th,10/27/2016,5Y,-0.295
Th,10/27/2016,10Y,0.451
Fr,10/28/2016,2Y,-0.6
Fr,10/28/2016,5Y,-0.275
Fr,10/28/2016,10Y,0.464
Mo,10/31/2016,2Y,-0.602
Mo,10/31/2016,5Y,-0.278
Mo,10/31/2016,10Y,0.464
Tu,11/1/2016,2Y,-0.6
Tu,11/1/2016,5Y,-0.27
Tu,11/1/2016,10Y,0.497
We,11/2/2016,2Y,-0.614
We,11/2/2016,5Y,-0.297
We,11/2/2016,10Y,0.446
Th,11/3/2016,2Y,-0.613
Th,11/3/2016,5Y,-0.287
Th,11/3/2016,10Y,0.467
Fr,11/4/2016,2Y,-0.619
Fr,11/4/2016,5Y,-0.302
Fr,11/4/2016,10Y,0.46
Mo,11/7/2016,2Y,-0.618
Mo,11/7/2016,5Y,-0.297
Mo,11/7/2016,10Y,0.463
Tu,11/8/2016,2Y,-0.618
Tu,11/8/2016,5Y,-0.283
Tu,11/8/2016,10Y,0.497
We,11/9/2016,2Y,-0.63
We,11/9/2016,5Y,-0.287
We,11/9/2016,10Y,0.538
Th,11/10/2016,2Y,-0.606
Th,11/10/2016,5Y,-0.203
Th,11/10/2016,10Y,0.674
Fr,11/11/2016,2Y,-0.572
Fr,11/11/2016,5Y,-0.132
Fr,11/11/2016,10Y,0.744
Mo,11/14/2016,2Y,-0.58
Mo,11/14/2016,5Y,-0.11
Mo,11/14/2016,10Y,0.793
Tu,11/15/2016,2Y,-0.59
Tu,11/15/2016,5Y,-0.15
Tu,11/15/2016,10Y,0.725
We,11/16/2016,2Y,-0.592
We,11/16/2016,5Y,-0.142
We,11/16/2016,10Y,0.739
Th,11/17/2016,2Y,-0.594
Th,11/17/2016,5Y,-0.148
Th,11/17/2016,10Y,0.742
Fr,11/18/2016,2Y,-0.615
Fr,11/18/2016,5Y,-0.162
Fr,11/18/2016,10Y,0.757
Mo,11/21/2016,2Y,-0.549
Mo,11/21/2016,5Y,-0.023
Mo,11/21/2016,10Y,0.755
Tu,11/22/2016,2Y,-0.604
Tu,11/22/2016,5Y,-0.083
Tu,11/22/2016,10Y,0.705
We,11/23/2016,2Y,-0.578
We,11/23/2016,5Y,-0.033
We,11/23/2016,10Y,0.779
Th,11/24/2016,2Y,-0.601
Th,11/24/2016,5Y,-0.037
Th,11/24/2016,10Y,0.786
Fr,11/25/2016,2Y,-0.604
Fr,11/25/2016,5Y,-0.022
Fr,11/25/2016,10Y,0.785
Mo,11/28/2016,2Y,-0.625
Mo,11/28/2016,5Y,-0.039
Mo,11/28/2016,10Y,0.764
Tu,11/29/2016,2Y,-0.643
Tu,11/29/2016,5Y,-0.101
Tu,11/29/2016,10Y,0.696
We,11/30/2016,2Y,-0.635
We,11/30/2016,5Y,-0.086
We,11/30/2016,10Y,0.749
Th,12/1/2016,2Y,-0.628
Th,12/1/2016,5Y,-0.026
Th,12/1/2016,10Y,0.812
Fr,12/2/2016,2Y,-0.635
Fr,12/2/2016,5Y,-0.074
Fr,12/2/2016,10Y,0.716
Mo,12/5/2016,2Y,-0.603
Mo,12/5/2016,5Y,-0.021
Mo,12/5/2016,10Y,0.787
Tu,12/6/2016,2Y,-0.589
Tu,12/6/2016,5Y,-0.017
Tu,12/6/2016,10Y,0.801
We,12/7/2016,2Y,-0.575
We,12/7/2016,5Y,-0.029
We,12/7/2016,10Y,0.754
Th,12/8/2016,2Y,-0.634
Th,12/8/2016,5Y,-0.064
Th,12/8/2016,10Y,0.803
Fr,12/9/2016,2Y,-0.626
Fr,12/9/2016,5Y,-0.077
Fr,12/9/2016,10Y,0.809
Mo,12/12/2016,2Y,-0.615
Mo,12/12/2016,5Y,-0.036
Mo,12/12/2016,10Y,0.863
Tu,12/13/2016,2Y,-0.617
Tu,12/13/2016,5Y,-0.07
Tu,12/13/2016,10Y,0.794
We,12/14/2016,2Y,-0.628
We,12/14/2016,5Y,-0.096
We,12/14/2016,10Y,0.733
Th,12/15/2016,2Y,-0.626
Th,12/15/2016,5Y,-0.064
Th,12/15/2016,10Y,0.772
Fr,12/16/2016,2Y,-0.641
Fr,12/16/2016,5Y,-0.081
Fr,12/16/2016,10Y,0.764
Mo,12/19/2016,2Y,-0.661
Mo,12/19/2016,5Y,-0.116
Mo,12/19/2016,10Y,0.705
Tu,12/20/2016,2Y,-0.641
Tu,12/20/2016,5Y,-0.089
Tu,12/20/2016,10Y,0.714
We,12/21/2016,2Y,-0.646
We,12/21/2016,5Y,-0.107
We,12/21/2016,10Y,0.697
Th,12/22/2016,2Y,-0.662
Th,12/22/2016,5Y,-0.094
Th,12/22/2016,10Y,0.725
Fr,12/23/2016,2Y,-0.669
Fr,12/23/2016,5Y,-0.114
Fr,12/23/2016,10Y,0.686
Mo,12/26/2016,2Y,-0.669
Mo,12/26/2016,5Y,-0.114
Mo,12/26/2016,10Y,0.686
Tu,12/27/2016,2Y,-0.685
Tu,12/27/2016,5Y,-0.148
Tu,12/27/2016,10Y,0.664
We,12/28/2016,2Y,-0.692
We,12/28/2016,5Y,-0.145
We,12/28/2016,10Y,0.67
Th,12/29/2016,2Y,-0.71
Th,12/29/2016,5Y,-0.144
Th,12/29/2016,10Y,0.649
Fr,12/30/2016,2Y,-0.691
Fr,12/30/2016,5Y,-0.129
Fr,12/30/2016,10Y,0.681
Mo,1/2/2017,2Y,-0.677
Mo,1/2/2017,5Y,-0.143
Mo,1/2/2017,10Y,0.667
Tu,1/3/2017,2Y,-0.676
Tu,1/3/2017,5Y,-0.096
Tu,1/3/2017,10Y,0.774
We,1/4/2017,2Y,-0.686
We,1/4/2017,5Y,-0.085
We,1/4/2017,10Y,0.806
Th,1/5/2017,2Y,-0.641
Th,1/5/2017,5Y,-0.055
Th,1/5/2017,10Y,0.789
Fr,1/6/2017,2Y,-0.626
Fr,1/6/2017,5Y,-0.023
Fr,1/6/2017,10Y,0.828
Mo,1/9/2017,2Y,-0.633
Mo,1/9/2017,5Y,-0.034
Mo,1/9/2017,10Y,0.794
Tu,1/10/2017,2Y,-0.628
Tu,1/10/2017,5Y,-0.017
Tu,1/10/2017,10Y,0.803
We,1/11/2017,2Y,-0.624
We,1/11/2017,5Y,-0.023
We,1/11/2017,10Y,0.773
Th,1/12/2017,2Y,-0.607
Th,1/12/2017,5Y,-0.036
Th,1/12/2017,10Y,0.775
Fr,1/13/2017,2Y,-0.606
Fr,1/13/2017,5Y,-0.029
Fr,1/13/2017,10Y,0.802
Mo,1/16/2017,2Y,-0.593
Mo,1/16/2017,5Y,-0.047
Mo,1/16/2017,10Y,0.8
Tu,1/17/2017,2Y,-0.599
Tu,1/17/2017,5Y,-0.06
Tu,1/17/2017,10Y,0.79
We,1/18/2017,2Y,-0.599
We,1/18/2017,5Y,-0.05
We,1/18/2017,10Y,0.823
Th,1/19/2017,2Y,-0.576
Th,1/19/2017,5Y,-0.027
Th,1/19/2017,10Y,0.857
Fr,1/20/2017,2Y,-0.539
Fr,1/20/2017,5Y,0.006
Fr,1/20/2017,10Y,0.904
Mo,1/23/2017,2Y,-0.55
Mo,1/23/2017,5Y,-0.028
Mo,1/23/2017,10Y,0.852
Tu,1/24/2017,2Y,-0.531
Tu,1/24/2017,5Y,0.004
Tu,1/24/2017,10Y,0.897
We,1/25/2017,2Y,-0.496
We,1/25/2017,5Y,0.067
We,1/25/2017,10Y,0.966
Th,1/26/2017,2Y,-0.487
Th,1/26/2017,5Y,0.114
Th,1/26/2017,10Y,1.024
Fr,1/27/2017,2Y,-0.489
Fr,1/27/2017,5Y,0.122
Fr,1/27/2017,10Y,1.028
Mo,1/30/2017,2Y,-0.432
Mo,1/30/2017,5Y,0.165
Mo,1/30/2017,10Y,1.054
Tu,1/31/2017,2Y,-0.495
Tu,1/31/2017,5Y,0.135
Tu,1/31/2017,10Y,1.034
We,2/1/2017,2Y,-0.496
We,2/1/2017,5Y,0.163
We,2/1/2017,10Y,1.084
Th,2/2/2017,2Y,-0.55
Th,2/2/2017,5Y,0.106
Th,2/2/2017,10Y,1.043
Fr,2/3/2017,2Y,-0.562
Fr,2/3/2017,5Y,0.091
Fr,2/3/2017,10Y,1.077
Mo,2/6/2017,2Y,-0.542
Mo,2/6/2017,5Y,0.141
Mo,2/6/2017,10Y,1.136
Tu,2/7/2017,2Y,-0.566
Tu,2/7/2017,5Y,0.145
Tu,2/7/2017,10Y,1.109
We,2/8/2017,2Y,-0.564
We,2/8/2017,5Y,0.103
We,2/8/2017,10Y,1.002
Th,2/9/2017,2Y,-0.566
Th,2/9/2017,5Y,0.074
Th,2/9/2017,10Y,0.983
Fr,2/10/2017,2Y,-0.555
Fr,2/10/2017,5Y,0.12
Fr,2/10/2017,10Y,1.051
Mo,2/13/2017,2Y,-0.54
Mo,2/13/2017,5Y,0.121
Mo,2/13/2017,10Y,1.02
Tu,2/14/2017,2Y,-0.527
Tu,2/14/2017,5Y,0.116
Tu,2/14/2017,10Y,1.048
We,2/15/2017,2Y,-0.529
We,2/15/2017,5Y,0.102
We,2/15/2017,10Y,1.049
Th,2/16/2017,2Y,-0.52
Th,2/16/2017,5Y,0.085
Th,2/16/2017,10Y,1.013
Fr,2/17/2017,2Y,-0.517
Fr,2/17/2017,5Y,0.092
Fr,2/17/2017,10Y,1.033
Mo,2/20/2017,2Y,-0.468
Mo,2/20/2017,5Y,0.127
Mo,2/20/2017,10Y,1.056
Tu,2/21/2017,2Y,-0.438
Tu,2/21/2017,5Y,0.167
Tu,2/21/2017,10Y,1.086
We,2/22/2017,2Y,-0.478
We,2/22/2017,5Y,0.124
We,2/22/2017,10Y,1.011
Th,2/23/2017,2Y,-0.521
Th,2/23/2017,5Y,0.052
Th,2/23/2017,10Y,0.978
Fr,2/24/2017,2Y,-0.55
Fr,2/24/2017,5Y,0.012
Fr,2/24/2017,10Y,0.922
Mo,2/27/2017,2Y,-0.552
Mo,2/27/2017,5Y,0.001
Mo,2/27/2017,10Y,0.875
Tu,2/28/2017,2Y,-0.542
Tu,2/28/2017,5Y,0.014
Tu,2/28/2017,10Y,0.886
We,3/1/2017,2Y,-0.492
We,3/1/2017,5Y,0.065
We,3/1/2017,10Y,0.914
Th,3/2/2017,2Y,-0.501
Th,3/2/2017,5Y,0.061
Th,3/2/2017,10Y,0.923
Fr,3/3/2017,2Y,-0.501
Fr,3/3/2017,5Y,0.055
Fr,3/3/2017,10Y,0.936
Mo,3/6/2017,2Y,-0.536
Mo,3/6/2017,5Y,0.061
Mo,3/6/2017,10Y,0.959
Tu,3/7/2017,2Y,-0.559
Tu,3/7/2017,5Y,0.067
Tu,3/7/2017,10Y,0.959
We,3/8/2017,2Y,-0.498
We,3/8/2017,5Y,0.144
We,3/8/2017,10Y,1.018
Th,3/9/2017,2Y,-0.522
Th,3/9/2017,5Y,0.16
Th,3/9/2017,10Y,1.078
Fr,3/10/2017,2Y,-0.493
Fr,3/10/2017,5Y,0.221
Fr,3/10/2017,10Y,1.111
Mo,3/13/2017,2Y,-0.492
Mo,3/13/2017,5Y,0.23
Mo,3/13/2017,10Y,1.088
Tu,3/14/2017,2Y,-0.492
Tu,3/14/2017,5Y,0.232
Tu,3/14/2017,10Y,1.085
We,3/15/2017,2Y,-0.513
We,3/15/2017,5Y,0.194
We,3/15/2017,10Y,1.035
Th,3/16/2017,2Y,-0.478
Th,3/16/2017,5Y,0.262
Th,3/16/2017,10Y,1.088
Fr,3/17/2017,2Y,-0.476
Fr,3/17/2017,5Y,0.254
Fr,3/17/2017,10Y,1.106
Mo,3/20/2017,2Y,-0.457
Mo,3/20/2017,5Y,0.248
Mo,3/20/2017,10Y,1.117
Tu,3/21/2017,2Y,-0.457
Tu,3/21/2017,5Y,0.225
Tu,3/21/2017,10Y,1.095
We,3/22/2017,2Y,-0.49
We,3/22/2017,5Y,0.157
We,3/22/2017,10Y,1.044
Th,3/23/2017,2Y,-0.471
Th,3/23/2017,5Y,0.169
Th,3/23/2017,10Y,1.041
Fr,3/24/2017,2Y,-0.508
Fr,3/24/2017,5Y,0.12
Fr,3/24/2017,10Y,0.982
Mo,3/27/2017,2Y,-0.317
Mo,3/27/2017,5Y,0.128
Mo,3/27/2017,10Y,0.97
Tu,3/28/2017,2Y,-0.336
Tu,3/28/2017,5Y,0.107
Tu,3/28/2017,10Y,0.958
We,3/29/2017,2Y,-0.359
We,3/29/2017,5Y,0.072
We,3/29/2017,10Y,0.928
Th,3/30/2017,2Y,-0.314
Th,3/30/2017,5Y,0.106
Th,3/30/2017,10Y,0.939
Fr,3/31/2017,2Y,-0.305
Fr,3/31/2017,5Y,0.115
Fr,3/31/2017,10Y,0.966
Mo,4/3/2017,2Y,-0.348
Mo,4/3/2017,5Y,0.077
Mo,4/3/2017,10Y,0.948
Tu,4/4/2017,2Y,-0.325
Tu,4/4/2017,5Y,0.067
Tu,4/4/2017,10Y,0.924
We,4/5/2017,2Y,-0.355
We,4/5/2017,5Y,0.039
We,4/5/2017,10Y,0.92
Th,4/6/2017,2Y,-0.368
Th,4/6/2017,5Y,0.022
Th,4/6/2017,10Y,0.896
Fr,4/7/2017,2Y,-0.392
Fr,4/7/2017,5Y,-0.005
Fr,4/7/2017,10Y,0.888
Mo,4/10/2017,2Y,-0.337
Mo,4/10/2017,5Y,0.033
Mo,4/10/2017,10Y,0.927
Tu,4/11/2017,2Y,-0.311
Tu,4/11/2017,5Y,0.069
Tu,4/11/2017,10Y,0.96
We,4/12/2017,2Y,-0.344
We,4/12/2017,5Y,0.059
We,4/12/2017,10Y,0.925
Th,4/13/2017,2Y,-0.337
Th,4/13/2017,5Y,0.067
Th,4/13/2017,10Y,0.913
Fr,4/14/2017,2Y,-0.337
Fr,4/14/2017,5Y,0.067
Fr,4/14/2017,10Y,0.913
Mo,4/17/2017,2Y,-0.337
Mo,4/17/2017,5Y,0.067
Mo,4/17/2017,10Y,0.913
Tu,4/18/2017,2Y,-0.335
Tu,4/18/2017,5Y,0.076
Tu,4/18/2017,10Y,0.89
We,4/19/2017,2Y,-0.32
We,4/19/2017,5Y,0.09
We,4/19/2017,10Y,0.948
Th,4/20/2017,2Y,-0.334
Th,4/20/2017,5Y,0.063
Th,4/20/2017,10Y,0.921
Fr,4/21/2017,2Y,-0.311
Fr,4/21/2017,5Y,0.1
Fr,4/21/2017,10Y,0.933
Mo,4/24/2017,2Y,-0.455
Mo,4/24/2017,5Y,-0.087
Mo,4/24/2017,10Y,0.825
Tu,4/25/2017,2Y,-0.416
Tu,4/25/2017,5Y,-0.022
Tu,4/25/2017,10Y,0.894
We,4/26/2017,2Y,-0.426
We,4/26/2017,5Y,-0.024
We,4/26/2017,10Y,0.886
Th,4/27/2017,2Y,-0.47
Th,4/27/2017,5Y,-0.088
Th,4/27/2017,10Y,0.825
Fr,4/28/2017,2Y,-0.472
Fr,4/28/2017,5Y,-0.107
Fr,4/28/2017,10Y,0.832
Mo,5/1/2017,2Y,-0.472
Mo,5/1/2017,5Y,-0.107
Mo,5/1/2017,10Y,0.832
Tu,5/2/2017,2Y,-0.46
Tu,5/2/2017,5Y,-0.093
Tu,5/2/2017,10Y,0.815
We,5/3/2017,2Y,-0.461
We,5/3/2017,5Y,-0.086
We,5/3/2017,10Y,0.803
Th,5/4/2017,2Y,-0.452
Th,5/4/2017,5Y,-0.065
Th,5/4/2017,10Y,0.823
Fr,5/5/2017,2Y,-0.436
Fr,5/5/2017,5Y,-0.056
Fr,5/5/2017,10Y,0.84
Mo,5/8/2017,2Y,-0.433
Mo,5/8/2017,5Y,-0.058
Mo,5/8/2017,10Y,0.841
Tu,5/9/2017,2Y,-0.433
Tu,5/9/2017,5Y,-0.038
Tu,5/9/2017,10Y,0.864
We,5/10/2017,2Y,-0.441
We,5/10/2017,5Y,-0.047
We,5/10/2017,10Y,0.843
Th,5/11/2017,2Y,-0.442
Th,5/11/2017,5Y,-0.037
Th,5/11/2017,10Y,0.874
Fr,5/12/2017,2Y,-0.456
Fr,5/12/2017,5Y,-0.073
Fr,5/12/2017,10Y,0.839
Mo,5/15/2017,2Y,-0.43
Mo,5/15/2017,5Y,-0.062
Mo,5/15/2017,10Y,0.877
Tu,5/16/2017,2Y,-0.418
Tu,5/16/2017,5Y,-0.051
Tu,5/16/2017,10Y,0.888
We,5/17/2017,2Y,-0.438
We,5/17/2017,5Y,-0.102
We,5/17/2017,10Y,0.832
Th,5/18/2017,2Y,-0.46
Th,5/18/2017,5Y,-0.124
Th,5/18/2017,10Y,0.798
Fr,5/19/2017,2Y,-0.451
Fr,5/19/2017,5Y,-0.119
Fr,5/19/2017,10Y,0.803
Mo,5/22/2017,2Y,-0.428
Mo,5/22/2017,5Y,-0.095
Mo,5/22/2017,10Y,0.843
Tu,5/23/2017,2Y,-0.441
Tu,5/23/2017,5Y,-0.097
Tu,5/23/2017,10Y,0.84
We,5/24/2017,2Y,-0.455
We,5/24/2017,5Y,-0.114
We,5/24/2017,10Y,0.834
Th,5/25/2017,2Y,-0.484
Th,5/25/2017,5Y,-0.144
Th,5/25/2017,10Y,0.79
Fr,5/26/2017,2Y,-0.493
Fr,5/26/2017,5Y,-0.165
Fr,5/26/2017,10Y,0.754
Mo,5/29/2017,2Y,-0.502
Mo,5/29/2017,5Y,-0.19
Mo,5/29/2017,10Y,0.736
Tu,5/30/2017,2Y,-0.492
Tu,5/30/2017,5Y,-0.191
Tu,5/30/2017,10Y,0.727
We,5/31/2017,2Y,-0.52
We,5/31/2017,5Y,-0.203
We,5/31/2017,10Y,0.731
Th,6/1/2017,2Y,-0.519
Th,6/1/2017,5Y,-0.193
Th,6/1/2017,10Y,0.732
Fr,6/2/2017,2Y,-0.533
Fr,6/2/2017,5Y,-0.209
Fr,6/2/2017,10Y,0.707
Mo,6/5/2017,2Y,-0.521
Mo,6/5/2017,5Y,-0.192
Mo,6/5/2017,10Y,0.721
Tu,6/6/2017,2Y,-0.546
Tu,6/6/2017,5Y,-0.232
Tu,6/6/2017,10Y,0.667
We,6/7/2017,2Y,-0.522
We,6/7/2017,5Y,-0.209
We,6/7/2017,10Y,0.692
Th,6/8/2017,2Y,-0.533
Th,6/8/2017,5Y,-0.244
Th,6/8/2017,10Y,0.644
Fr,6/9/2017,2Y,-0.524
Fr,6/9/2017,5Y,-0.253
Fr,6/9/2017,10Y,0.642
Mo,6/12/2017,2Y,-0.529
Mo,6/12/2017,5Y,-0.268
Mo,6/12/2017,10Y,0.595
Tu,6/13/2017,2Y,-0.511
Tu,6/13/2017,5Y,-0.244
Tu,6/13/2017,10Y,0.606
We,6/14/2017,2Y,-0.507
We,6/14/2017,5Y,-0.257
We,6/14/2017,10Y,0.581
Th,6/15/2017,2Y,-0.487
Th,6/15/2017,5Y,-0.212
Th,6/15/2017,10Y,0.626
Fr,6/16/2017,2Y,-0.491
Fr,6/16/2017,5Y,-0.218
Fr,6/16/2017,10Y,0.63
Mo,6/19/2017,2Y,-0.486
Mo,6/19/2017,5Y,-0.208
Mo,6/19/2017,10Y,0.626
Tu,6/20/2017,2Y,-0.493
Tu,6/20/2017,5Y,-0.222
Tu,6/20/2017,10Y,0.601
We,6/21/2017,2Y,-0.489
We,6/21/2017,5Y,-0.215
We,6/21/2017,10Y,0.601
Th,6/22/2017,2Y,-0.487
Th,6/22/2017,5Y,-0.22
Th,6/22/2017,10Y,0.598
Fr,6/23/2017,2Y,-0.473
Fr,6/23/2017,5Y,-0.211
Fr,6/23/2017,10Y,0.604
Mo,6/26/2017,2Y,-0.472
Mo,6/26/2017,5Y,-0.206
Mo,6/26/2017,10Y,0.595
Tu,6/27/2017,2Y,-0.395
Tu,6/27/2017,5Y,-0.086
Tu,6/27/2017,10Y,0.732
We,6/28/2017,2Y,-0.424
We,6/28/2017,5Y,-0.118
We,6/28/2017,10Y,0.714
Th,6/29/2017,2Y,-0.389
Th,6/29/2017,5Y,-0.058
Th,6/29/2017,10Y,0.803
Fr,6/30/2017,2Y,-0.391
Fr,6/30/2017,5Y,-0.045
Fr,6/30/2017,10Y,0.813
Mo,7/3/2017,2Y,-0.395
Mo,7/3/2017,5Y,-0.058
Mo,7/3/2017,10Y,0.826
Tu,7/4/2017,2Y,-0.415
Tu,7/4/2017,5Y,-0.063
Tu,7/4/2017,10Y,0.819
We,7/5/2017,2Y,-0.407
We,7/5/2017,5Y,-0.06
We,7/5/2017,10Y,0.815
Th,7/6/2017,2Y,-0.367
Th,7/6/2017,5Y,0.012
Th,7/6/2017,10Y,0.915
Fr,7/7/2017,2Y,-0.37
Fr,7/7/2017,5Y,0.024
Fr,7/7/2017,10Y,0.937
Mo,7/10/2017,2Y,-0.384
Mo,7/10/2017,5Y,0
Mo,7/10/2017,10Y,0.907
Tu,7/11/2017,2Y,-0.38
Tu,7/11/2017,5Y,0.02
Tu,7/11/2017,10Y,0.916
We,7/12/2017,2Y,-0.399
We,7/12/2017,5Y,-0.011
We,7/12/2017,10Y,0.861
Th,7/13/2017,2Y,-0.392
Th,7/13/2017,5Y,0.004
Th,7/13/2017,10Y,0.879
Fr,7/14/2017,2Y,-0.389
Fr,7/14/2017,5Y,0.009
Fr,7/14/2017,10Y,0.857
Mo,7/17/2017,2Y,-0.401
Mo,7/17/2017,5Y,-0.01
Mo,7/17/2017,10Y,0.843
Tu,7/18/2017,2Y,-0.413
Tu,7/18/2017,5Y,-0.028
Tu,7/18/2017,10Y,0.813
We,7/19/2017,2Y,-0.413
We,7/19/2017,5Y,-0.034
We,7/19/2017,10Y,0.799
Th,7/20/2017,2Y,-0.409
Th,7/20/2017,5Y,-0.061
Th,7/20/2017,10Y,0.773
Fr,7/21/2017,2Y,-0.411
Fr,7/21/2017,5Y,-0.075
Fr,7/21/2017,10Y,0.75
Mo,7/24/2017,2Y,-0.419
Mo,7/24/2017,5Y,-0.084
Mo,7/24/2017,10Y,0.747
Tu,7/25/2017,2Y,-0.41
Tu,7/25/2017,5Y,-0.049
Tu,7/25/2017,10Y,0.812
We,7/26/2017,2Y,-0.425
We,7/26/2017,5Y,-0.063
We,7/26/2017,10Y,0.813
Th,7/27/2017,2Y,-0.436
Th,7/27/2017,5Y,-0.081
Th,7/27/2017,10Y,0.8
Fr,7/28/2017,2Y,-0.44
Fr,7/28/2017,5Y,-0.086
Fr,7/28/2017,10Y,0.804
Mo,7/31/2017,2Y,-0.455
Mo,7/31/2017,5Y,-0.084
Mo,7/31/2017,10Y,0.8
Tu,8/1/2017,2Y,-0.5
Tu,8/1/2017,5Y,-0.125
Tu,8/1/2017,10Y,0.744
We,8/2/2017,2Y,-0.51
We,8/2/2017,5Y,-0.126
We,8/2/2017,10Y,0.747
Th,8/3/2017,2Y,-0.505
Th,8/3/2017,5Y,-0.13
Th,8/3/2017,10Y,0.717
Fr,8/4/2017,2Y,-0.495
Fr,8/4/2017,5Y,-0.114
Fr,8/4/2017,10Y,0.744
Mo,8/7/2017,2Y,-0.49
Mo,8/7/2017,5Y,-0.12
Mo,8/7/2017,10Y,0.735
Tu,8/8/2017,2Y,-0.469
Tu,8/8/2017,5Y,-0.101
Tu,8/8/2017,10Y,0.754
We,8/9/2017,2Y,-0.489
We,8/9/2017,5Y,-0.137
We,8/9/2017,10Y,0.714
Th,8/10/2017,2Y,-0.489
Th,8/10/2017,5Y,-0.132
Th,8/10/2017,10Y,0.71
Fr,8/11/2017,2Y,-0.503
Fr,8/11/2017,5Y,-0.162
Fr,8/11/2017,10Y,0.675
Mo,8/14/2017,2Y,-0.502
Mo,8/14/2017,5Y,-0.15
Mo,8/14/2017,10Y,0.701
Tu,8/15/2017,2Y,-0.491
Tu,8/15/2017,5Y,-0.13
Tu,8/15/2017,10Y,0.724
We,8/16/2017,2Y,-0.484
We,8/16/2017,5Y,-0.126
We,8/16/2017,10Y,0.739
Th,8/17/2017,2Y,-0.476
Th,8/17/2017,5Y,-0.137
Th,8/17/2017,10Y,0.721
Fr,8/18/2017,2Y,-0.48
Fr,8/18/2017,5Y,-0.141
Fr,8/18/2017,10Y,0.709
Mo,8/21/2017,2Y,-0.49
Mo,8/21/2017,5Y,-0.155
Mo,8/21/2017,10Y,0.696
Tu,8/22/2017,2Y,-0.497
Tu,8/22/2017,5Y,-0.162
Tu,8/22/2017,10Y,0.701
We,8/23/2017,2Y,-0.509
We,8/23/2017,5Y,-0.176
We,8/23/2017,10Y,0.682
Th,8/24/2017,2Y,-0.514
Th,8/24/2017,5Y,-0.185
Th,8/24/2017,10Y,0.686
Fr,8/25/2017,2Y,-0.505
Fr,8/25/2017,5Y,-0.175
Fr,8/25/2017,10Y,0.693
Mo,8/28/2017,2Y,-0.519
Mo,8/28/2017,5Y,-0.193
Mo,8/28/2017,10Y,0.692
Tu,8/29/2017,2Y,-0.523
Tu,8/29/2017,5Y,-0.211
Tu,8/29/2017,10Y,0.654
We,8/30/2017,2Y,-0.525
We,8/30/2017,5Y,-0.203
We,8/30/2017,10Y,0.669
Th,8/31/2017,2Y,-0.529
Th,8/31/2017,5Y,-0.217
Th,8/31/2017,10Y,0.66
Fr,9/1/2017,2Y,-0.529
Fr,9/1/2017,5Y,-0.213
Fr,9/1/2017,10Y,0.683
Mo,9/4/2017,2Y,-0.538
Mo,9/4/2017,5Y,-0.225
Mo,9/4/2017,10Y,0.678
Tu,9/5/2017,2Y,-0.555
Tu,9/5/2017,5Y,-0.247
Tu,9/5/2017,10Y,0.646
We,9/6/2017,2Y,-0.539
We,9/6/2017,5Y,-0.229
We,9/6/2017,10Y,0.661
Th,9/7/2017,2Y,-0.563
Th,9/7/2017,5Y,-0.262
Th,9/7/2017,10Y,0.612
Fr,9/8/2017,2Y,-0.558
Fr,9/8/2017,5Y,-0.258
Fr,9/8/2017,10Y,0.614
Mo,9/11/2017,2Y,-0.549
Mo,9/11/2017,5Y,-0.244
Mo,9/11/2017,10Y,0.632
Tu,9/12/2017,2Y,-0.523
Tu,9/12/2017,5Y,-0.195
Tu,9/12/2017,10Y,0.697
We,9/13/2017,2Y,-0.517
We,9/13/2017,5Y,-0.193
We,9/13/2017,10Y,0.683
Th,9/14/2017,2Y,-0.507
Th,9/14/2017,5Y,-0.182
Th,9/14/2017,10Y,0.696
Fr,9/15/2017,2Y,-0.489
Fr,9/15/2017,5Y,-0.168
Fr,9/15/2017,10Y,0.707
Mo,9/18/2017,2Y,-0.482
Mo,9/18/2017,5Y,-0.161
Mo,9/18/2017,10Y,0.727
Tu,9/19/2017,2Y,-0.486
Tu,9/19/2017,5Y,-0.166
Tu,9/19/2017,10Y,0.723
We,9/20/2017,2Y,-0.482
We,9/20/2017,5Y,-0.168
We,9/20/2017,10Y,0.726
Th,9/21/2017,2Y,-0.484
Th,9/21/2017,5Y,-0.156
Th,9/21/2017,10Y,0.735
Fr,9/22/2017,2Y,-0.487
Fr,9/22/2017,5Y,-0.16
Fr,9/22/2017,10Y,0.73
Mo,9/25/2017,2Y,-0.521
Mo,9/25/2017,5Y,-0.055
Mo,9/25/2017,10Y,0.698
Tu,9/26/2017,2Y,-0.523
Tu,9/26/2017,5Y,-0.056
Tu,9/26/2017,10Y,0.704
We,9/27/2017,2Y,-0.503
We,9/27/2017,5Y,-0.016
We,9/27/2017,10Y,0.761
Th,9/28/2017,2Y,-0.5
Th,9/28/2017,5Y,-0.009
Th,9/28/2017,10Y,0.764
Fr,9/29/2017,2Y,-0.494
Fr,9/29/2017,5Y,-0.012
Fr,9/29/2017,10Y,0.742
Mo,10/2/2017,2Y,-0.504
Mo,10/2/2017,5Y,-0.018
Mo,10/2/2017,10Y,0.736
Tu,10/3/2017,2Y,-0.504
Tu,10/3/2017,5Y,-0.012
Tu,10/3/2017,10Y,0.748
We,10/4/2017,2Y,-0.496
We,10/4/2017,5Y,-0.002
We,10/4/2017,10Y,0.746
Th,10/5/2017,2Y,-0.489
Th,10/5/2017,5Y,0
Th,10/5/2017,10Y,0.733
Fr,10/6/2017,2Y,-0.496
Fr,10/6/2017,5Y,-0.001
Fr,10/6/2017,10Y,0.733
Mo,10/9/2017,2Y,-0.501
Mo,10/9/2017,5Y,-0.005
Mo,10/9/2017,10Y,0.716
Tu,10/10/2017,2Y,-0.5
Tu,10/10/2017,5Y,-0.007
Tu,10/10/2017,10Y,0.715
We,10/11/2017,2Y,-0.492
We,10/11/2017,5Y,0.014
We,10/11/2017,10Y,0.883
Th,10/12/2017,2Y,-0.508
Th,10/12/2017,5Y,-0.014
Th,10/12/2017,10Y,0.861
Fr,10/13/2017,2Y,-0.532
Fr,10/13/2017,5Y,-0.051
Fr,10/13/2017,10Y,0.815
Mo,10/16/2017,2Y,-0.543
Mo,10/16/2017,5Y,-0.076
Mo,10/16/2017,10Y,0.785
Tu,10/17/2017,2Y,-0.534
Tu,10/17/2017,5Y,-0.071
Tu,10/17/2017,10Y,0.775
We,10/18/2017,2Y,-0.522
We,10/18/2017,5Y,-0.054
We,10/18/2017,10Y,0.805
Th,10/19/2017,2Y,-0.539
Th,10/19/2017,5Y,-0.057
Th,10/19/2017,10Y,0.81
Fr,10/20/2017,2Y,-0.532
Fr,10/20/2017,5Y,-0.022
Fr,10/20/2017,10Y,0.86
Mo,10/23/2017,2Y,-0.544
Mo,10/23/2017,5Y,-0.042
Mo,10/23/2017,10Y,0.836
Tu,10/24/2017,2Y,-0.532
Tu,10/24/2017,5Y,-0.007
Tu,10/24/2017,10Y,0.877
We,10/25/2017,2Y,-0.533
We,10/25/2017,5Y,0.002
We,10/25/2017,10Y,0.881
Th,10/26/2017,2Y,-0.576
Th,10/26/2017,5Y,-0.064
Th,10/26/2017,10Y,0.821
Fr,10/27/2017,2Y,-0.61
Fr,10/27/2017,5Y,-0.104
Fr,10/27/2017,10Y,0.789
Mo,10/30/2017,2Y,-0.601
Mo,10/30/2017,5Y,-0.107
Mo,10/30/2017,10Y,0.761
Tu,10/31/2017,2Y,-0.6
Tu,10/31/2017,5Y,-0.108
Tu,10/31/2017,10Y,0.753
We,11/1/2017,2Y,-0.599
We,11/1/2017,5Y,-0.104
We,11/1/2017,10Y,0.761
Th,11/2/2017,2Y,-0.597
Th,11/2/2017,5Y,-0.104
Th,11/2/2017,10Y,0.758
Fr,11/3/2017,2Y,-0.599
Fr,11/3/2017,5Y,-0.107
Fr,11/3/2017,10Y,0.751
Mo,11/6/2017,2Y,-0.611
Mo,11/6/2017,5Y,-0.131
Mo,11/6/2017,10Y,0.722
Tu,11/7/2017,2Y,-0.619
Tu,11/7/2017,5Y,-0.154
Tu,11/7/2017,10Y,0.685
We,11/8/2017,2Y,-0.619
We,11/8/2017,5Y,-0.142
We,11/8/2017,10Y,0.695
Th,11/9/2017,2Y,-0.598
Th,11/9/2017,5Y,-0.109
Th,11/9/2017,10Y,0.748
Fr,11/10/2017,2Y,-0.587
Fr,11/10/2017,5Y,-0.087
Fr,11/10/2017,10Y,0.776
Mo,11/13/2017,2Y,-0.587
Mo,11/13/2017,5Y,-0.09
Mo,11/13/2017,10Y,0.777
Tu,11/14/2017,2Y,-0.587
Tu,11/14/2017,5Y,-0.1
Tu,11/14/2017,10Y,0.756
We,11/15/2017,2Y,-0.596
We,11/15/2017,5Y,-0.126
We,11/15/2017,10Y,0.73
Th,11/16/2017,2Y,-0.598
Th,11/16/2017,5Y,-0.128
Th,11/16/2017,10Y,0.726
Fr,11/17/2017,2Y,-0.605
Fr,11/17/2017,5Y,-0.133
Fr,11/17/2017,10Y,0.705
Mo,11/20/2017,2Y,-0.602
Mo,11/20/2017,5Y,-0.132
Mo,11/20/2017,10Y,0.694
Tu,11/21/2017,2Y,-0.602
Tu,11/21/2017,5Y,-0.139
Tu,11/21/2017,10Y,0.668
We,11/22/2017,2Y,-0.584
We,11/22/2017,5Y,-0.124
We,11/22/2017,10Y,0.663
Th,11/23/2017,2Y,-0.572
Th,11/23/2017,5Y,-0.101
Th,11/23/2017,10Y,0.675
Fr,11/24/2017,2Y,-0.57
Fr,11/24/2017,5Y,-0.094
Fr,11/24/2017,10Y,0.693
Mo,11/27/2017,2Y,-0.589
Mo,11/27/2017,5Y,-0.125
Mo,11/27/2017,10Y,0.672
Tu,11/28/2017,2Y,-0.593
Tu,11/28/2017,5Y,-0.126
Tu,11/28/2017,10Y,0.669
We,11/29/2017,2Y,-0.573
We,11/29/2017,5Y,-0.084
We,11/29/2017,10Y,0.708
Th,11/30/2017,2Y,-0.576
Th,11/30/2017,5Y,-0.1
Th,11/30/2017,10Y,0.68
Fr,12/1/2017,2Y,-0.602
Fr,12/1/2017,5Y,-0.15
Fr,12/1/2017,10Y,0.606
Mo,12/4/2017,2Y,-0.594
Mo,12/4/2017,5Y,-0.124
Mo,12/4/2017,10Y,0.648
Tu,12/5/2017,2Y,-0.601
Tu,12/5/2017,5Y,-0.147
Tu,12/5/2017,10Y,0.621
We,12/6/2017,2Y,-0.619
We,12/6/2017,5Y,-0.17
We,12/6/2017,10Y,0.609
Th,12/7/2017,2Y,-0.634
Th,12/7/2017,5Y,-0.179
Th,12/7/2017,10Y,0.607
Fr,12/8/2017,2Y,-0.613
Fr,12/8/2017,5Y,-0.153
Fr,12/8/2017,10Y,0.629
Mo,12/11/2017,2Y,-0.609
Mo,12/11/2017,5Y,-0.151
Mo,12/11/2017,10Y,0.62
Tu,12/12/2017,2Y,-0.6
Tu,12/12/2017,5Y,-0.141
Tu,12/12/2017,10Y,0.64
We,12/13/2017,2Y,-0.596
We,12/13/2017,5Y,-0.129
We,12/13/2017,10Y,0.656
Th,12/14/2017,2Y,-0.59
Th,12/14/2017,5Y,-0.129
Th,12/14/2017,10Y,0.644
Fr,12/15/2017,2Y,-0.58
Fr,12/15/2017,5Y,-0.126
Fr,12/15/2017,10Y,0.627
Mo,12/18/2017,2Y,-0.568
Mo,12/18/2017,5Y,-0.127
Mo,12/18/2017,10Y,0.627
Tu,12/19/2017,2Y,-0.55
Tu,12/19/2017,5Y,-0.078
Tu,12/19/2017,10Y,0.702
We,12/20/2017,2Y,-0.532
We,12/20/2017,5Y,-0.051
We,12/20/2017,10Y,0.73
Th,12/21/2017,2Y,-0.517
Th,12/21/2017,5Y,-0.039
Th,12/21/2017,10Y,0.732
Fr,12/22/2017,2Y,-0.512
Fr,12/22/2017,5Y,-0.027
Fr,12/22/2017,10Y,0.735
Mo,12/25/2017,2Y,-0.512
Mo,12/25/2017,5Y,-0.027
Mo,12/25/2017,10Y,0.735
Tu,12/26/2017,2Y,-0.512
Tu,12/26/2017,5Y,-0.027
Tu,12/26/2017,10Y,0.735
We,12/27/2017,2Y,-0.511
We,12/27/2017,5Y,-0.04
We,12/27/2017,10Y,0.713
Th,12/28/2017,2Y,-0.489
Th,12/28/2017,5Y,-0.008
Th,12/28/2017,10Y,0.762
Fr,12/29/2017,2Y,-0.488
Fr,12/29/2017,5Y,-0.01
Fr,12/29/2017,10Y,0.78
Mo,1/1/2018,2Y,-0.488
Mo,1/1/2018,5Y,-0.01
Mo,1/1/2018,10Y,0.78
Tu,1/2/2018,2Y,-0.469
Tu,1/2/2018,5Y,0.019
Tu,1/2/2018,10Y,0.819
We,1/3/2018,2Y,-0.476
We,1/3/2018,5Y,0.001
We,1/3/2018,10Y,0.794
Th,1/4/2018,2Y,-0.473
Th,1/4/2018,5Y,0.005
Th,1/4/2018,10Y,0.784
Fr,1/5/2018,2Y,-0.473
Fr,1/5/2018,5Y,0.002
Fr,1/5/2018,10Y,0.793
Mo,1/8/2018,2Y,-0.486
Mo,1/8/2018,5Y,-0.005
Mo,1/8/2018,10Y,0.786
Tu,1/9/2018,2Y,-0.482
Tu,1/9/2018,5Y,0.016
Tu,1/9/2018,10Y,0.815
We,1/10/2018,2Y,-0.485
We,1/10/2018,5Y,0.017
We,1/10/2018,10Y,0.811
Th,1/11/2018,2Y,-0.442
Th,1/11/2018,5Y,0.084
Th,1/11/2018,10Y,0.86
Fr,1/12/2018,2Y,-0.437
Fr,1/12/2018,5Y,0.091
Fr,1/12/2018,10Y,0.849
Mo,1/15/2018,2Y,-0.439
Mo,1/15/2018,5Y,0.093
Mo,1/15/2018,10Y,0.858
Tu,1/16/2018,2Y,-0.442
Tu,1/16/2018,5Y,0.084
Tu,1/16/2018,10Y,0.834
We,1/17/2018,2Y,-0.441
We,1/17/2018,5Y,0.084
We,1/17/2018,10Y,0.837
Th,1/18/2018,2Y,-0.445
Th,1/18/2018,5Y,0.084
Th,1/18/2018,10Y,0.846
Fr,1/19/2018,2Y,-0.457
Fr,1/19/2018,5Y,0.075
Fr,1/19/2018,10Y,0.84
Mo,1/22/2018,2Y,-0.461
Mo,1/22/2018,5Y,0.077
Mo,1/22/2018,10Y,0.841
Tu,1/23/2018,2Y,-0.458
Tu,1/23/2018,5Y,0.079
Tu,1/23/2018,10Y,0.839
We,1/24/2018,2Y,-0.46
We,1/24/2018,5Y,0.094
We,1/24/2018,10Y,0.857
Th,1/25/2018,2Y,-0.442
Th,1/25/2018,5Y,0.138
Th,1/25/2018,10Y,0.883
Fr,1/26/2018,2Y,-0.419
Fr,1/26/2018,5Y,0.179
Fr,1/26/2018,10Y,0.909
Mo,1/29/2018,2Y,-0.408
Mo,1/29/2018,5Y,0.208
Mo,1/29/2018,10Y,0.967
Tu,1/30/2018,2Y,-0.416
Tu,1/30/2018,5Y,0.199
Tu,1/30/2018,10Y,0.96
We,1/31/2018,2Y,-0.409
We,1/31/2018,5Y,0.214
We,1/31/2018,10Y,0.966
Th,2/1/2018,2Y,-0.416
Th,2/1/2018,5Y,0.208
Th,2/1/2018,10Y,0.974
Fr,2/2/2018,2Y,-0.414
Fr,2/2/2018,5Y,0.229
Fr,2/2/2018,10Y,1.016
Mo,2/5/2018,2Y,-0.428
Mo,2/5/2018,5Y,0.195
Mo,2/5/2018,10Y,0.993
Tu,2/6/2018,2Y,-0.437
Tu,2/6/2018,5Y,0.165
Tu,2/6/2018,10Y,0.954
We,2/7/2018,2Y,-0.419
We,2/7/2018,5Y,0.2
We,2/7/2018,10Y,0.982
Th,2/8/2018,2Y,-0.421
Th,2/8/2018,5Y,0.21
Th,2/8/2018,10Y,0.994
Fr,2/9/2018,2Y,-0.433
Fr,2/9/2018,5Y,0.2
Fr,2/9/2018,10Y,0.982
Mo,2/12/2018,2Y,-0.444
Mo,2/12/2018,5Y,0.201
Mo,2/12/2018,10Y,0.993
Tu,2/13/2018,2Y,-0.44
Tu,2/13/2018,5Y,0.2
Tu,2/13/2018,10Y,0.994
We,2/14/2018,2Y,-0.432
We,2/14/2018,5Y,0.208
We,2/14/2018,10Y,0.993
Th,2/15/2018,2Y,-0.423
Th,2/15/2018,5Y,0.215
Th,2/15/2018,10Y,1.005
Fr,2/16/2018,2Y,-0.434
Fr,2/16/2018,5Y,0.181
Fr,2/16/2018,10Y,0.95
Mo,2/19/2018,2Y,-0.433
Mo,2/19/2018,5Y,0.2
Mo,2/19/2018,10Y,0.99
Tu,2/20/2018,2Y,-0.441
Tu,2/20/2018,5Y,0.2
Tu,2/20/2018,10Y,0.999
We,2/21/2018,2Y,-0.436
We,2/21/2018,5Y,0.196
We,2/21/2018,10Y,0.986
Th,2/22/2018,2Y,-0.445
Th,2/22/2018,5Y,0.185
Th,2/22/2018,10Y,0.978
Fr,2/23/2018,2Y,-0.452
Fr,2/23/2018,5Y,0.162
Fr,2/23/2018,10Y,0.93
Mo,2/26/2018,2Y,-0.459
Mo,2/26/2018,5Y,0.159
Mo,2/26/2018,10Y,0.931
Tu,2/27/2018,2Y,-0.448
Tu,2/27/2018,5Y,0.177
Tu,2/27/2018,10Y,0.946
We,2/28/2018,2Y,-0.464
We,2/28/2018,5Y,0.148
We,2/28/2018,10Y,0.916
Th,3/1/2018,2Y,-0.475
Th,3/1/2018,5Y,0.144
Th,3/1/2018,10Y,0.907
Fr,3/2/2018,2Y,-0.468
Fr,3/2/2018,5Y,0.149
Fr,3/2/2018,10Y,0.918
Mo,3/5/2018,2Y,-0.472
Mo,3/5/2018,5Y,0.143
Mo,3/5/2018,10Y,0.904
Tu,3/6/2018,2Y,-0.477
Tu,3/6/2018,5Y,0.162
Tu,3/6/2018,10Y,0.926
We,3/7/2018,2Y,-0.476
We,3/7/2018,5Y,0.151
We,3/7/2018,10Y,0.897
Th,3/8/2018,2Y,-0.472
Th,3/8/2018,5Y,0.133
Th,3/8/2018,10Y,0.861
Fr,3/9/2018,2Y,-0.47
Fr,3/9/2018,5Y,0.153
Fr,3/9/2018,10Y,0.889
Mo,3/12/2018,2Y,-0.483
Mo,3/12/2018,5Y,0.137
Mo,3/12/2018,10Y,0.87
Tu,3/13/2018,2Y,-0.482
Tu,3/13/2018,5Y,0.133
Tu,3/13/2018,10Y,0.861
We,3/14/2018,2Y,-0.483
We,3/14/2018,5Y,0.113
We,3/14/2018,10Y,0.835
Th,3/15/2018,2Y,-0.489
Th,3/15/2018,5Y,0.088
Th,3/15/2018,10Y,0.82
Fr,3/16/2018,2Y,-0.501
Fr,3/16/2018,5Y,0.073
Fr,3/16/2018,10Y,0.814
Mo,3/19/2018,2Y,-0.494
Mo,3/19/2018,5Y,0.076
Mo,3/19/2018,10Y,0.815
Tu,3/20/2018,2Y,-0.483
Tu,3/20/2018,5Y,0.087
Tu,3/20/2018,10Y,0.823
We,3/21/2018,2Y,-0.479
We,3/21/2018,5Y,0.091
We,3/21/2018,10Y,0.827
Th,3/22/2018,2Y,-0.497
Th,3/22/2018,5Y,0.049
Th,3/22/2018,10Y,0.767
Fr,3/23/2018,2Y,-0.499
Fr,3/23/2018,5Y,0.045
Fr,3/23/2018,10Y,0.756
Mo,3/26/2018,2Y,-0.497
Mo,3/26/2018,5Y,0.047
Mo,3/26/2018,10Y,0.755
Tu,3/27/2018,2Y,-0.502
Tu,3/27/2018,5Y,0.029
Tu,3/27/2018,10Y,0.729
We,3/28/2018,2Y,-0.501
We,3/28/2018,5Y,0.026
We,3/28/2018,10Y,0.728
Th,3/29/2018,2Y,-0.507
Th,3/29/2018,5Y,0.006
Th,3/29/2018,10Y,0.718
Fr,3/30/2018,2Y,-0.507
Fr,3/30/2018,5Y,0.006
Fr,3/30/2018,10Y,0.718
Mo,4/2/2018,2Y,-0.507
Mo,4/2/2018,5Y,0.006
Mo,4/2/2018,10Y,0.718
Tu,4/3/2018,2Y,-0.501
Tu,4/3/2018,5Y,0.009
Tu,4/3/2018,10Y,0.728
We,4/4/2018,2Y,-0.511
We,4/4/2018,5Y,0.003
We,4/4/2018,10Y,0.72
Th,4/5/2018,2Y,-0.5
Th,4/5/2018,5Y,0.029
Th,4/5/2018,10Y,0.754
Fr,4/6/2018,2Y,-0.505
Fr,4/6/2018,5Y,0.012
Fr,4/6/2018,10Y,0.733
Mo,4/9/2018,2Y,-0.501
Mo,4/9/2018,5Y,0.02
Mo,4/9/2018,10Y,0.737
Tu,4/10/2018,2Y,-0.489
Tu,4/10/2018,5Y,0.039
Tu,4/10/2018,10Y,0.752
We,4/11/2018,2Y,-0.496
We,4/11/2018,5Y,0.034
We,4/11/2018,10Y,0.737
Th,4/12/2018,2Y,-0.501
Th,4/12/2018,5Y,0.034
Th,4/12/2018,10Y,0.749
Fr,4/13/2018,2Y,-0.509
Fr,4/13/2018,5Y,0.031
Fr,4/13/2018,10Y,0.738
Mo,4/16/2018,2Y,-0.503
Mo,4/16/2018,5Y,0.038
Mo,4/16/2018,10Y,0.749
Tu,4/17/2018,2Y,-0.508
Tu,4/17/2018,5Y,0.016
Tu,4/17/2018,10Y,0.727
We,4/18/2018,2Y,-0.497
We,4/18/2018,5Y,0.035
We,4/18/2018,10Y,0.746
Th,4/19/2018,2Y,-0.486
Th,4/19/2018,5Y,0.082
Th,4/19/2018,10Y,0.818
Fr,4/20/2018,2Y,-0.496
Fr,4/20/2018,5Y,0.067
Fr,4/20/2018,10Y,0.807
Mo,4/23/2018,2Y,-0.486
Mo,4/23/2018,5Y,0.093
Mo,4/23/2018,10Y,0.844
Tu,4/24/2018,2Y,-0.485
Tu,4/24/2018,5Y,0.092
Tu,4/24/2018,10Y,0.844
We,4/25/2018,2Y,-0.487
We,4/25/2018,5Y,0.1
We,4/25/2018,10Y,0.852
Th,4/26/2018,2Y,-0.5
Th,4/26/2018,5Y,0.069
Th,4/26/2018,10Y,0.814
Fr,4/27/2018,2Y,-0.507
Fr,4/27/2018,5Y,0.052
Fr,4/27/2018,10Y,0.793
Mo,4/30/2018,2Y,-0.51
Mo,4/30/2018,5Y,0.041
Mo,4/30/2018,10Y,0.784
Tu,5/1/2018,2Y,-0.51
Tu,5/1/2018,5Y,0.041
Tu,5/1/2018,10Y,0.784
We,5/2/2018,2Y,-0.505
We,5/2/2018,5Y,0.052
We,5/2/2018,10Y,0.8
Th,5/3/2018,2Y,-0.511
Th,5/3/2018,5Y,0.013
Th,5/3/2018,10Y,0.758
Fr,5/4/2018,2Y,-0.503
Fr,5/4/2018,5Y,0.029
Fr,5/4/2018,10Y,0.779
Mo,5/7/2018,2Y,-0.505
Mo,5/7/2018,5Y,0.021
Mo,5/7/2018,10Y,0.765
Tu,5/8/2018,2Y,-0.502
Tu,5/8/2018,5Y,0.042
Tu,5/8/2018,10Y,0.804
We,5/9/2018,2Y,-0.511
We,5/9/2018,5Y,0.041
We,5/9/2018,10Y,0.793
Th,5/10/2018,2Y,-0.514
Th,5/10/2018,5Y,0.041
Th,5/10/2018,10Y,0.795
Fr,5/11/2018,2Y,-0.513
Fr,5/11/2018,5Y,0.042
Fr,5/11/2018,10Y,0.784
Mo,5/14/2018,2Y,-0.49
Mo,5/14/2018,5Y,0.087
Mo,5/14/2018,10Y,0.834
Tu,5/15/2018,2Y,-0.485
Tu,5/15/2018,5Y,0.107
Tu,5/15/2018,10Y,0.86
We,5/16/2018,2Y,-0.485
We,5/16/2018,5Y,0.079
We,5/16/2018,10Y,0.841
Th,5/17/2018,2Y,-0.484
Th,5/17/2018,5Y,0.101
Th,5/17/2018,10Y,0.868
Fr,5/18/2018,2Y,-0.498
Fr,5/18/2018,5Y,0.06
Fr,5/18/2018,10Y,0.828
Mo,5/21/2018,2Y,-0.512
Mo,5/21/2018,5Y,0.03
Mo,5/21/2018,10Y,0.814
Tu,5/22/2018,2Y,-0.499
Tu,5/22/2018,5Y,0.041
Tu,5/22/2018,10Y,0.83
We,5/23/2018,2Y,-0.523
We,5/23/2018,5Y,0.003
We,5/23/2018,10Y,0.805
Th,5/24/2018,2Y,-0.541
Th,5/24/2018,5Y,-0.028
Th,5/24/2018,10Y,0.756
Fr,5/25/2018,2Y,-0.549
Fr,5/25/2018,5Y,-0.074
Fr,5/25/2018,10Y,0.708
Mo,5/28/2018,2Y,-0.576
Mo,5/28/2018,5Y,-0.103
Mo,5/28/2018,10Y,0.693
Tu,5/29/2018,2Y,-0.606
Tu,5/29/2018,5Y,-0.182
Tu,5/29/2018,10Y,0.648
We,5/30/2018,2Y,-0.482
We,5/30/2018,5Y,-0.073
We,5/30/2018,10Y,0.685
Th,5/31/2018,2Y,-0.511
Th,5/31/2018,5Y,-0.096
Th,5/31/2018,10Y,0.664
Fr,6/1/2018,2Y,-0.515
Fr,6/1/2018,5Y,-0.058
Fr,6/1/2018,10Y,0.704
Mo,6/4/2018,2Y,-0.519
Mo,6/4/2018,5Y,-0.055
Mo,6/4/2018,10Y,0.723
Tu,6/5/2018,2Y,-0.553
Tu,6/5/2018,5Y,-0.092
Tu,6/5/2018,10Y,0.692
We,6/6/2018,2Y,-0.504
We,6/6/2018,5Y,0.006
We,6/6/2018,10Y,0.8
Th,6/7/2018,2Y,-0.516
Th,6/7/2018,5Y,0.018
Th,6/7/2018,10Y,0.824
Fr,6/8/2018,2Y,-0.533
Fr,6/8/2018,5Y,-0.012
Fr,6/8/2018,10Y,0.814
Mo,6/11/2018,2Y,-0.508
Mo,6/11/2018,5Y,0.019
Mo,6/11/2018,10Y,0.904
Tu,6/12/2018,2Y,-0.507
Tu,6/12/2018,5Y,0.015
Tu,6/12/2018,10Y,0.876
We,6/13/2018,2Y,-0.512
We,6/13/2018,5Y,-0.013
We,6/13/2018,10Y,0.839
Th,6/14/2018,2Y,-0.543
Th,6/14/2018,5Y,-0.091
Th,6/14/2018,10Y,0.763
Fr,6/15/2018,2Y,-0.54
Fr,6/15/2018,5Y,-0.101
Fr,6/15/2018,10Y,0.73
Mo,6/18/2018,2Y,-0.541
Mo,6/18/2018,5Y,-0.116
Mo,6/18/2018,10Y,0.721
Tu,6/19/2018,2Y,-0.558
Tu,6/19/2018,5Y,-0.142
Tu,6/19/2018,10Y,0.7
We,6/20/2018,2Y,-0.565
We,6/20/2018,5Y,-0.146
We,6/20/2018,10Y,0.708
Th,6/21/2018,2Y,-0.576
Th,6/21/2018,5Y,-0.166
Th,6/21/2018,10Y,0.702
Fr,6/22/2018,2Y,-0.569
Fr,6/22/2018,5Y,-0.159
Fr,6/22/2018,10Y,0.707
Mo,6/25/2018,2Y,-0.464
Mo,6/25/2018,5Y,0.026
Mo,6/25/2018,10Y,0.714
Tu,6/26/2018,2Y,-0.451
Tu,6/26/2018,5Y,0.051
Tu,6/26/2018,10Y,0.736
We,6/27/2018,2Y,-0.462
We,6/27/2018,5Y,0.036
We,6/27/2018,10Y,0.711
Th,6/28/2018,2Y,-0.461
Th,6/28/2018,5Y,0.036
Th,6/28/2018,10Y,0.702
Fr,6/29/2018,2Y,-0.475
Fr,6/29/2018,5Y,0.014
Fr,6/29/2018,10Y,0.662
Mo,7/2/2018,2Y,-0.488
Mo,7/2/2018,5Y,0.002
Mo,7/2/2018,10Y,0.654
Tu,7/3/2018,2Y,-0.49
Tu,7/3/2018,5Y,-0.004
Tu,7/3/2018,10Y,0.635
We,7/4/2018,2Y,-0.479
We,7/4/2018,5Y,0.005
We,7/4/2018,10Y,0.643
Th,7/5/2018,2Y,-0.474
Th,7/5/2018,5Y,0.007
Th,7/5/2018,10Y,0.64
Fr,7/6/2018,2Y,-0.483
Fr,7/6/2018,5Y,0
Fr,7/6/2018,10Y,0.637
Mo,7/9/2018,2Y,-0.477
Mo,7/9/2018,5Y,0.006
Mo,7/9/2018,10Y,0.637
Tu,7/10/2018,2Y,-0.472
Tu,7/10/2018,5Y,0.024
Tu,7/10/2018,10Y,0.652
We,7/11/2018,2Y,-0.468
We,7/11/2018,5Y,0.022
We,7/11/2018,10Y,0.646
Th,7/12/2018,2Y,-0.46
Th,7/12/2018,5Y,0.022
Th,7/12/2018,10Y,0.636
Fr,7/13/2018,2Y,-0.457
Fr,7/13/2018,5Y,0.006
Fr,7/13/2018,10Y,0.616
Mo,7/16/2018,2Y,-0.445
Mo,7/16/2018,5Y,0.028
Mo,7/16/2018,10Y,0.647
Tu,7/17/2018,2Y,-0.445
Tu,7/17/2018,5Y,0.007
Tu,7/17/2018,10Y,0.625
We,7/18/2018,2Y,-0.446
We,7/18/2018,5Y,0.002
We,7/18/2018,10Y,0.627
Th,7/19/2018,2Y,-0.454
Th,7/19/2018,5Y,0.001
Th,7/19/2018,10Y,0.624
Fr,7/20/2018,2Y,-0.438
Fr,7/20/2018,5Y,0.034
Fr,7/20/2018,10Y,0.677
Mo,7/23/2018,2Y,-0.418
Mo,7/23/2018,5Y,0.064
Mo,7/23/2018,10Y,0.714
Tu,7/24/2018,2Y,-0.425
Tu,7/24/2018,5Y,0.054
Tu,7/24/2018,10Y,0.7
We,7/25/2018,2Y,-0.428
We,7/25/2018,5Y,0.052
We,7/25/2018,10Y,0.693
Th,7/26/2018,2Y,-0.431
Th,7/26/2018,5Y,0.056
Th,7/26/2018,10Y,0.697
Fr,7/27/2018,2Y,-0.421
Fr,7/27/2018,5Y,0.06
Fr,7/27/2018,10Y,0.699
Mo,7/30/2018,2Y,-0.402
Mo,7/30/2018,5Y,0.092
Mo,7/30/2018,10Y,0.744
Tu,7/31/2018,2Y,-0.391
Tu,7/31/2018,5Y,0.092
Tu,7/31/2018,10Y,0.729
We,8/1/2018,2Y,-0.372
We,8/1/2018,5Y,0.124
We,8/1/2018,10Y,0.775
Th,8/2/2018,2Y,-0.382
Th,8/2/2018,5Y,0.121
Th,8/2/2018,10Y,0.779
Fr,8/3/2018,2Y,-0.405
Fr,8/3/2018,5Y,0.087
Fr,8/3/2018,10Y,0.736
Mo,8/6/2018,2Y,-0.412
Mo,8/6/2018,5Y,0.068
Mo,8/6/2018,10Y,0.712
Tu,8/7/2018,2Y,-0.404
Tu,8/7/2018,5Y,0.079
Tu,8/7/2018,10Y,0.726
We,8/8/2018,2Y,-0.415
We,8/8/2018,5Y,0.067
We,8/8/2018,10Y,0.727
Th,8/9/2018,2Y,-0.432
Th,8/9/2018,5Y,0.047
Th,8/9/2018,10Y,0.71
Fr,8/10/2018,2Y,-0.465
Fr,8/10/2018,5Y,0.007
Fr,8/10/2018,10Y,0.667
Mo,8/13/2018,2Y,-0.466
Mo,8/13/2018,5Y,0.016
Mo,8/13/2018,10Y,0.678
Tu,8/14/2018,2Y,-0.457
Tu,8/14/2018,5Y,0.02
Tu,8/14/2018,10Y,0.68
We,8/15/2018,2Y,-0.461
We,8/15/2018,5Y,0.003
We,8/15/2018,10Y,0.666
Th,8/16/2018,2Y,-0.44
Th,8/16/2018,5Y,0.015
Th,8/16/2018,10Y,0.673
Fr,8/17/2018,2Y,-0.455
Fr,8/17/2018,5Y,0
Fr,8/17/2018,10Y,0.662
Mo,8/20/2018,2Y,-0.457
Mo,8/20/2018,5Y,-0.006
Mo,8/20/2018,10Y,0.651
Tu,8/21/2018,2Y,-0.441
Tu,8/21/2018,5Y,0.016
Tu,8/21/2018,10Y,0.67
We,8/22/2018,2Y,-0.423
We,8/22/2018,5Y,0.03
We,8/22/2018,10Y,0.684
Th,8/23/2018,2Y,-0.427
Th,8/23/2018,5Y,0.016
Th,8/23/2018,10Y,0.675
Fr,8/24/2018,2Y,-0.429
Fr,8/24/2018,5Y,0.024
Fr,8/24/2018,10Y,0.683
Mo,8/27/2018,2Y,-0.414
Mo,8/27/2018,5Y,0.049
Mo,8/27/2018,10Y,0.711
Tu,8/28/2018,2Y,-0.413
Tu,8/28/2018,5Y,0.05
Tu,8/28/2018,10Y,0.717
We,8/29/2018,2Y,-0.411
We,8/29/2018,5Y,0.072
We,8/29/2018,10Y,0.733
Th,8/30/2018,2Y,-0.447
Th,8/30/2018,5Y,0.032
Th,8/30/2018,10Y,0.69
Fr,8/31/2018,2Y,-0.447
Fr,8/31/2018,5Y,0.03
Fr,8/31/2018,10Y,0.68
Mo,9/3/2018,2Y,-0.441
Mo,9/3/2018,5Y,0.04
Mo,9/3/2018,10Y,0.692
Tu,9/4/2018,2Y,-0.425
Tu,9/4/2018,5Y,0.048
Tu,9/4/2018,10Y,0.69
We,9/5/2018,2Y,-0.409
We,9/5/2018,5Y,0.067
We,9/5/2018,10Y,0.716
Th,9/6/2018,2Y,-0.42
Th,9/6/2018,5Y,0.045
Th,9/6/2018,10Y,0.693
Fr,9/7/2018,2Y,-0.403
Fr,9/7/2018,5Y,0.068
Fr,9/7/2018,10Y,0.718
Mo,9/10/2018,2Y,-0.399
Mo,9/10/2018,5Y,0.071
Mo,9/10/2018,10Y,0.71
Tu,9/11/2018,2Y,-0.393
Tu,9/11/2018,5Y,0.088
Tu,9/11/2018,10Y,0.736
We,9/12/2018,2Y,-0.398
We,9/12/2018,5Y,0.077
We,9/12/2018,10Y,0.717
Th,9/13/2018,2Y,-0.392
Th,9/13/2018,5Y,0.094
Th,9/13/2018,10Y,0.731
Fr,9/14/2018,2Y,-0.376
Fr,9/14/2018,5Y,0.117
Fr,9/14/2018,10Y,0.765
Mo,9/17/2018,2Y,-0.368
Mo,9/17/2018,5Y,0.126
Mo,9/17/2018,10Y,0.77
Tu,9/18/2018,2Y,-0.357
Tu,9/18/2018,5Y,0.141
Tu,9/18/2018,10Y,0.787
We,9/19/2018,2Y,-0.363
We,9/19/2018,5Y,0.148
We,9/19/2018,10Y,0.797
Th,9/20/2018,2Y,-0.374
Th,9/20/2018,5Y,0.136
Th,9/20/2018,10Y,0.786
Fr,9/21/2018,2Y,-0.379
Fr,9/21/2018,5Y,0.13
Fr,9/21/2018,10Y,0.777
Mo,9/24/2018,2Y,-0.346
Mo,9/24/2018,5Y,0.185
Mo,9/24/2018,10Y,0.828
Tu,9/25/2018,2Y,-0.329
Tu,9/25/2018,5Y,0.209
Tu,9/25/2018,10Y,0.854
We,9/26/2018,2Y,-0.335
We,9/26/2018,5Y,0.201
We,9/26/2018,10Y,0.841
Th,9/27/2018,2Y,-0.336
Th,9/27/2018,5Y,0.215
Th,9/27/2018,10Y,0.843
Fr,9/28/2018,2Y,-0.364
Fr,9/28/2018,5Y,0.166
Fr,9/28/2018,10Y,0.802
Mo,10/1/2018,2Y,-0.367
Mo,10/1/2018,5Y,0.17
Mo,10/1/2018,10Y,0.824
Tu,10/2/2018,2Y,-0.385
Tu,10/2/2018,5Y,0.135
Tu,10/2/2018,10Y,0.783
We,10/3/2018,2Y,-0.357
We,10/3/2018,5Y,0.173
We,10/3/2018,10Y,0.817
Th,10/4/2018,2Y,-0.338
Th,10/4/2018,5Y,0.221
Th,10/4/2018,10Y,0.872
Fr,10/5/2018,2Y,-0.338
Fr,10/5/2018,5Y,0.243
Fr,10/5/2018,10Y,0.903
Mo,10/8/2018,2Y,-0.364
Mo,10/8/2018,5Y,0.214
Mo,10/8/2018,10Y,0.872
Tu,10/9/2018,2Y,-0.354
Tu,10/9/2018,5Y,0.233
Tu,10/9/2018,10Y,0.888
We,10/10/2018,2Y,-0.357
We,10/10/2018,5Y,0.236
We,10/10/2018,10Y,0.899
Th,10/11/2018,2Y,-0.37
Th,10/11/2018,5Y,0.222
Th,10/11/2018,10Y,0.879
Fr,10/12/2018,2Y,-0.383
Fr,10/12/2018,5Y,0.202
Fr,10/12/2018,10Y,0.864
Mo,10/15/2018,2Y,-0.393
Mo,10/15/2018,5Y,0.201
Mo,10/15/2018,10Y,0.866
Tu,10/16/2018,2Y,-0.396
Tu,10/16/2018,5Y,0.181
Tu,10/16/2018,10Y,0.84
We,10/17/2018,2Y,-0.409
We,10/17/2018,5Y,0.154
We,10/17/2018,10Y,0.813
Th,10/18/2018,2Y,-0.437
Th,10/18/2018,5Y,0.124
Th,10/18/2018,10Y,0.795
Fr,10/19/2018,2Y,-0.386
Fr,10/19/2018,5Y,0.186
Fr,10/19/2018,10Y,0.837
Mo,10/22/2018,2Y,-0.398
Mo,10/22/2018,5Y,0.165
Mo,10/22/2018,10Y,0.818
Tu,10/23/2018,2Y,-0.415
Tu,10/23/2018,5Y,0.134
Tu,10/23/2018,10Y,0.784
We,10/24/2018,2Y,-0.432
We,10/24/2018,5Y,0.114
We,10/24/2018,10Y,0.769
Th,10/25/2018,2Y,-0.418
Th,10/25/2018,5Y,0.124
Th,10/25/2018,10Y,0.769
Fr,10/26/2018,2Y,-0.434
Fr,10/26/2018,5Y,0.092
Fr,10/26/2018,10Y,0.736
Mo,10/29/2018,2Y,-0.43
Mo,10/29/2018,5Y,0.093
Mo,10/29/2018,10Y,0.74
Tu,10/30/2018,2Y,-0.431
Tu,10/30/2018,5Y,0.093
Tu,10/30/2018,10Y,0.741
We,10/31/2018,2Y,-0.435
We,10/31/2018,5Y,0.094
We,10/31/2018,10Y,0.749
Th,11/1/2018,2Y,-0.434
Th,11/1/2018,5Y,0.092
Th,11/1/2018,10Y,0.757
Fr,11/2/2018,2Y,-0.433
Fr,11/2/2018,5Y,0.109
Fr,11/2/2018,10Y,0.782
Mo,11/5/2018,2Y,-0.424
Mo,11/5/2018,5Y,0.117
Mo,11/5/2018,10Y,0.789
Tu,11/6/2018,2Y,-0.415
Tu,11/6/2018,5Y,0.128
Tu,11/6/2018,10Y,0.8
We,11/7/2018,2Y,-0.404
We,11/7/2018,5Y,0.142
We,11/7/2018,10Y,0.811
Th,11/8/2018,2Y,-0.399
Th,11/8/2018,5Y,0.15
Th,11/8/2018,10Y,0.819
Fr,11/9/2018,2Y,-0.411
Fr,11/9/2018,5Y,0.125
Fr,11/9/2018,10Y,0.785
Mo,11/12/2018,2Y,-0.418
Mo,11/12/2018,5Y,0.114
Mo,11/12/2018,10Y,0.779
Tu,11/13/2018,2Y,-0.407
Tu,11/13/2018,5Y,0.116
Tu,11/13/2018,10Y,0.783
We,11/14/2018,2Y,-0.414
We,11/14/2018,5Y,0.101
We,11/14/2018,10Y,0.78
Th,11/15/2018,2Y,-0.439
Th,11/15/2018,5Y,0.071
Th,11/15/2018,10Y,0.749
Fr,11/16/2018,2Y,-0.453
Fr,11/16/2018,5Y,0.082
Fr,11/16/2018,10Y,0.762
Mo,11/19/2018,2Y,-0.456
Mo,11/19/2018,5Y,0.091
Mo,11/19/2018,10Y,0.778
Tu,11/20/2018,2Y,-0.466
Tu,11/20/2018,5Y,0.08
Tu,11/20/2018,10Y,0.756
We,11/21/2018,2Y,-0.453
We,11/21/2018,5Y,0.081
We,11/21/2018,10Y,0.764
Th,11/22/2018,2Y,-0.455
Th,11/22/2018,5Y,0.071
Th,11/22/2018,10Y,0.749
Fr,11/23/2018,2Y,-0.455
Fr,11/23/2018,5Y,0.057
Fr,11/23/2018,10Y,0.72
Mo,11/26/2018,2Y,-0.445
Mo,11/26/2018,5Y,0.068
Mo,11/26/2018,10Y,0.737
Tu,11/27/2018,2Y,-0.45
Tu,11/27/2018,5Y,0.059
Tu,11/27/2018,10Y,0.729
We,11/28/2018,2Y,-0.446
We,11/28/2018,5Y,0.057
We,11/28/2018,10Y,0.728
Th,11/29/2018,2Y,-0.463
Th,11/29/2018,5Y,0.026
Th,11/29/2018,10Y,0.695
Fr,11/30/2018,2Y,-0.469
Fr,11/30/2018,5Y,0.019
Fr,11/30/2018,10Y,0.683
Mo,12/3/2018,2Y,-0.467
Mo,12/3/2018,5Y,0.015
Mo,12/3/2018,10Y,0.692
Tu,12/4/2018,2Y,-0.481
Tu,12/4/2018,5Y,-0.003
Tu,12/4/2018,10Y,0.664
We,12/5/2018,2Y,-0.469
We,12/5/2018,5Y,0.006
We,12/5/2018,10Y,0.677
Th,12/6/2018,2Y,-0.48
Th,12/6/2018,5Y,-0.015
Th,12/6/2018,10Y,0.661
Fr,12/7/2018,2Y,-0.457
Fr,12/7/2018,5Y,0.013
Fr,12/7/2018,10Y,0.685
Mo,12/10/2018,2Y,-0.436
Mo,12/10/2018,5Y,0.039
Mo,12/10/2018,10Y,0.691
Tu,12/11/2018,2Y,-0.445
Tu,12/11/2018,5Y,0.046
Tu,12/11/2018,10Y,0.711
We,12/12/2018,2Y,-0.43
We,12/12/2018,5Y,0.054
We,12/12/2018,10Y,0.73
Th,12/13/2018,2Y,-0.442
Th,12/13/2018,5Y,0.037
Th,12/13/2018,10Y,0.729
Fr,12/14/2018,2Y,-0.45
Fr,12/14/2018,5Y,0.014
Fr,12/14/2018,10Y,0.709
Mo,12/17/2018,2Y,-0.445
Mo,12/17/2018,5Y,0.035
Mo,12/17/2018,10Y,0.735
Tu,12/18/2018,2Y,-0.452
Tu,12/18/2018,5Y,0.031
Tu,12/18/2018,10Y,0.708
We,12/19/2018,2Y,-0.46
We,12/19/2018,5Y,0.025
We,12/19/2018,10Y,0.701
Th,12/20/2018,2Y,-0.465
Th,12/20/2018,5Y,0.018
Th,12/20/2018,10Y,0.674
Fr,12/21/2018,2Y,-0.474
Fr,12/21/2018,5Y,0.029
Fr,12/21/2018,10Y,0.693
Mo,12/24/2018,2Y,-0.474
Mo,12/24/2018,5Y,0.029
Mo,12/24/2018,10Y,0.693
Tu,12/25/2018,2Y,-0.474
Tu,12/25/2018,5Y,0.029
Tu,12/25/2018,10Y,0.693
We,12/26/2018,2Y,-0.474
We,12/26/2018,5Y,0.029
We,12/26/2018,10Y,0.693
Th,12/27/2018,2Y,-0.486
Th,12/27/2018,5Y,0.021
Th,12/27/2018,10Y,0.691
Fr,12/28/2018,2Y,-0.477
Fr,12/28/2018,5Y,0.031
Fr,12/28/2018,10Y,0.705
Mo,12/31/2018,2Y,-0.478
Mo,12/31/2018,5Y,0.031
Mo,12/31/2018,10Y,0.705
Tu,1/1/2019,2Y,-0.478
Tu,1/1/2019,5Y,0.031
Tu,1/1/2019,10Y,0.705
We,1/2/2019,2Y,-0.486
We,1/2/2019,5Y,-0.008
We,1/2/2019,10Y,0.648
Th,1/3/2019,2Y,-0.484
Th,1/3/2019,5Y,-0.022
Th,1/3/2019,10Y,0.651
Fr,1/4/2019,2Y,-0.467
Fr,1/4/2019,5Y,0.009
Fr,1/4/2019,10Y,0.697
Mo,1/7/2019,2Y,-0.445
Mo,1/7/2019,5Y,0.035
Mo,1/7/2019,10Y,0.724
Tu,1/8/2019,2Y,-0.442
Tu,1/8/2019,5Y,0.042
Tu,1/8/2019,10Y,0.731
We,1/9/2019,2Y,-0.453
We,1/9/2019,5Y,0.027
We,1/9/2019,10Y,0.712
Th,1/10/2019,2Y,-0.466
Th,1/10/2019,5Y,-0.002
Th,1/10/2019,10Y,0.672
Fr,1/11/2019,2Y,-0.467
Fr,1/11/2019,5Y,-0.007
Fr,1/11/2019,10Y,0.661
Mo,1/14/2019,2Y,-0.484
Mo,1/14/2019,5Y,-0.029
Mo,1/14/2019,10Y,0.637
Tu,1/15/2019,2Y,-0.501
Tu,1/15/2019,5Y,-0.06
Tu,1/15/2019,10Y,0.622
We,1/16/2019,2Y,-0.491
We,1/16/2019,5Y,-0.047
We,1/16/2019,10Y,0.634
Th,1/17/2019,2Y,-0.484
Th,1/17/2019,5Y,-0.035
Th,1/17/2019,10Y,0.641
Fr,1/18/2019,2Y,-0.475
Fr,1/18/2019,5Y,-0.013
Fr,1/18/2019,10Y,0.659
Mo,1/21/2019,2Y,-0.48
Mo,1/21/2019,5Y,-0.025
Mo,1/21/2019,10Y,0.654
Tu,1/22/2019,2Y,-0.484
Tu,1/22/2019,5Y,-0.041
Tu,1/22/2019,10Y,0.641
We,1/23/2019,2Y,-0.48
We,1/23/2019,5Y,-0.042
We,1/23/2019,10Y,0.633
Th,1/24/2019,2Y,-0.474
Th,1/24/2019,5Y,-0.07
Th,1/24/2019,10Y,0.583
Fr,1/25/2019,2Y,-0.474
Fr,1/25/2019,5Y,-0.063
Fr,1/25/2019,10Y,0.595
Mo,1/28/2019,2Y,-0.473
Mo,1/28/2019,5Y,-0.06
Mo,1/28/2019,10Y,0.606
Tu,1/29/2019,2Y,-0.463
Tu,1/29/2019,5Y,-0.058
Tu,1/29/2019,10Y,0.608
We,1/30/2019,2Y,-0.46
We,1/30/2019,5Y,-0.062
We,1/30/2019,10Y,0.594
Th,1/31/2019,2Y,-0.458
Th,1/31/2019,5Y,-0.082
Th,1/31/2019,10Y,0.552
Fr,2/1/2019,2Y,-0.471
Fr,2/1/2019,5Y,-0.081
Fr,2/1/2019,10Y,0.571
Mo,2/4/2019,2Y,-0.458
Mo,2/4/2019,5Y,-0.067
Mo,2/4/2019,10Y,0.582
Tu,2/5/2019,2Y,-0.453
Tu,2/5/2019,5Y,-0.064
Tu,2/5/2019,10Y,0.579
We,2/6/2019,2Y,-0.443
We,2/6/2019,5Y,-0.06
We,2/6/2019,10Y,0.575
Th,2/7/2019,2Y,-0.461
Th,2/7/2019,5Y,-0.089
Th,2/7/2019,10Y,0.548
Fr,2/8/2019,2Y,-0.46
Fr,2/8/2019,5Y,-0.094
Fr,2/8/2019,10Y,0.539
Mo,2/11/2019,2Y,-0.455
Mo,2/11/2019,5Y,-0.082
Mo,2/11/2019,10Y,0.563
Tu,2/12/2019,2Y,-0.455
Tu,2/12/2019,5Y,-0.074
Tu,2/12/2019,10Y,0.563
We,2/13/2019,2Y,-0.457
We,2/13/2019,5Y,-0.082
We,2/13/2019,10Y,0.549
Th,2/14/2019,2Y,-0.453
Th,2/14/2019,5Y,-0.088
Th,2/14/2019,10Y,0.527
Fr,2/15/2019,2Y,-0.459
Fr,2/15/2019,5Y,-0.087
Fr,2/15/2019,10Y,0.535
Mo,2/18/2019,2Y,-0.468
Mo,2/18/2019,5Y,-0.092
Mo,2/18/2019,10Y,0.543
Tu,2/19/2019,2Y,-0.463
Tu,2/19/2019,5Y,-0.091
Tu,2/19/2019,10Y,0.532
We,2/20/2019,2Y,-0.462
We,2/20/2019,5Y,-0.097
We,2/20/2019,10Y,0.524
Th,2/21/2019,2Y,-0.455
Th,2/21/2019,5Y,-0.072
Th,2/21/2019,10Y,0.541
Fr,2/22/2019,2Y,-0.464
Fr,2/22/2019,5Y,-0.094
Fr,2/22/2019,10Y,0.514
Mo,2/25/2019,2Y,-0.465
Mo,2/25/2019,5Y,-0.084
Mo,2/25/2019,10Y,0.522
Tu,2/26/2019,2Y,-0.465
Tu,2/26/2019,5Y,-0.085
Tu,2/26/2019,10Y,0.524
We,2/27/2019,2Y,-0.456
We,2/27/2019,5Y,-0.062
We,2/27/2019,10Y,0.55
Th,2/28/2019,2Y,-0.449
Th,2/28/2019,5Y,-0.05
Th,2/28/2019,10Y,0.568
Fr,3/1/2019,2Y,-0.439
Fr,3/1/2019,5Y,-0.041
Fr,3/1/2019,10Y,0.577
Mo,3/4/2019,2Y,-0.444
Mo,3/4/2019,5Y,-0.056
Mo,3/4/2019,10Y,0.557
Tu,3/5/2019,2Y,-0.439
Tu,3/5/2019,5Y,-0.051
Tu,3/5/2019,10Y,0.559
We,3/6/2019,2Y,-0.456
We,3/6/2019,5Y,-0.096
We,3/6/2019,10Y,0.51
Th,3/7/2019,2Y,-0.491
Th,3/7/2019,5Y,-0.164
Th,3/7/2019,10Y,0.42
Fr,3/8/2019,2Y,-0.482
Fr,3/8/2019,5Y,-0.16
Fr,3/8/2019,10Y,0.405
Mo,3/11/2019,2Y,-0.483
Mo,3/11/2019,5Y,-0.166
Mo,3/11/2019,10Y,0.407
Tu,3/12/2019,2Y,-0.483
Tu,3/12/2019,5Y,-0.156
Tu,3/12/2019,10Y,0.471
We,3/13/2019,2Y,-0.489
We,3/13/2019,5Y,-0.168
We,3/13/2019,10Y,0.462
Th,3/14/2019,2Y,-0.483
Th,3/14/2019,5Y,-0.155
Th,3/14/2019,10Y,0.466
Fr,3/15/2019,2Y,-0.479
Fr,3/15/2019,5Y,-0.164
Fr,3/15/2019,10Y,0.457
Mo,3/18/2019,2Y,-0.472
Mo,3/18/2019,5Y,-0.163
Mo,3/18/2019,10Y,0.453
Tu,3/19/2019,2Y,-0.47
Tu,3/19/2019,5Y,-0.158
Tu,3/19/2019,10Y,0.465
We,3/20/2019,2Y,-0.473
We,3/20/2019,5Y,-0.157
We,3/20/2019,10Y,0.456
Th,3/21/2019,2Y,-0.501
Th,3/21/2019,5Y,-0.194
Th,3/21/2019,10Y,0.4
Fr,3/22/2019,2Y,-0.517
Fr,3/22/2019,5Y,-0.222
Fr,3/22/2019,10Y,0.352
Mo,3/25/2019,2Y,-0.515
Mo,3/25/2019,5Y,-0.213
Mo,3/25/2019,10Y,0.352
Tu,3/26/2019,2Y,-0.51
Tu,3/26/2019,5Y,-0.205
Tu,3/26/2019,10Y,0.354
We,3/27/2019,2Y,-0.552
We,3/27/2019,5Y,-0.277
We,3/27/2019,10Y,0.298
Th,3/28/2019,2Y,-0.544
Th,3/28/2019,5Y,-0.256
Th,3/28/2019,10Y,0.31
Fr,3/29/2019,2Y,-0.544
Fr,3/29/2019,5Y,-0.267
Fr,3/29/2019,10Y,0.316
Mo,4/1/2019,2Y,-0.534
Mo,4/1/2019,5Y,-0.226
Mo,4/1/2019,10Y,0.371
Tu,4/2/2019,2Y,-0.541
Tu,4/2/2019,5Y,-0.247
Tu,4/2/2019,10Y,0.352
We,4/3/2019,2Y,-0.516
We,4/3/2019,5Y,-0.214
We,4/3/2019,10Y,0.396
Th,4/4/2019,2Y,-0.518
Th,4/4/2019,5Y,-0.227
Th,4/4/2019,10Y,0.365
Fr,4/5/2019,2Y,-0.513
Fr,4/5/2019,5Y,-0.229
Fr,4/5/2019,10Y,0.36
Mo,4/8/2019,2Y,-0.514
Mo,4/8/2019,5Y,-0.227
Mo,4/8/2019,10Y,0.362
Tu,4/9/2019,2Y,-0.514
Tu,4/9/2019,5Y,-0.244
Tu,4/9/2019,10Y,0.342
We,4/10/2019,2Y,-0.531
We,4/10/2019,5Y,-0.271
We,4/10/2019,10Y,0.321
Th,4/11/2019,2Y,-0.523
Th,4/11/2019,5Y,-0.256
Th,4/11/2019,10Y,0.33
Fr,4/12/2019,2Y,-0.509
Fr,4/12/2019,5Y,-0.209
Fr,4/12/2019,10Y,0.398
Mo,4/15/2019,2Y,-0.502
Mo,4/15/2019,5Y,-0.193
Mo,4/15/2019,10Y,0.418
Tu,4/16/2019,2Y,-0.512
Tu,4/16/2019,5Y,-0.195
Tu,4/16/2019,10Y,0.418
We,4/17/2019,2Y,-0.513
We,4/17/2019,5Y,-0.194
We,4/17/2019,10Y,0.422
Th,4/18/2019,2Y,-0.522
Th,4/18/2019,5Y,-0.23
Th,4/18/2019,10Y,0.368
Fr,4/19/2019,2Y,-0.522
Fr,4/19/2019,5Y,-0.23
Fr,4/19/2019,10Y,0.368
Mo,4/22/2019,2Y,-0.522
Mo,4/22/2019,5Y,-0.23
Mo,4/22/2019,10Y,0.368
Tu,4/23/2019,2Y,-0.518
Tu,4/23/2019,5Y,-0.215
Tu,4/23/2019,10Y,0.393
We,4/24/2019,2Y,-0.538
We,4/24/2019,5Y,-0.254
We,4/24/2019,10Y,0.345
Th,4/25/2019,2Y,-0.545
Th,4/25/2019,5Y,-0.244
Th,4/25/2019,10Y,0.369
Fr,4/26/2019,2Y,-0.554
Fr,4/26/2019,5Y,-0.262
Fr,4/26/2019,10Y,0.35
Mo,4/29/2019,2Y,-0.543
Mo,4/29/2019,5Y,-0.246
Mo,4/29/2019,10Y,0.364
Tu,4/30/2019,2Y,-0.559
Tu,4/30/2019,5Y,-0.246
Tu,4/30/2019,10Y,0.366
We,5/1/2019,2Y,-0.559
We,5/1/2019,5Y,-0.246
We,5/1/2019,10Y,0.366
Th,5/2/2019,2Y,-0.549
Th,5/2/2019,5Y,-0.244
Th,5/2/2019,10Y,0.373
Fr,5/3/2019,2Y,-0.546
Fr,5/3/2019,5Y,-0.246
Fr,5/3/2019,10Y,0.371
Mo,5/6/2019,2Y,-0.552
Mo,5/6/2019,5Y,-0.255
Mo,5/6/2019,10Y,0.355
Tu,5/7/2019,2Y,-0.558
Tu,5/7/2019,5Y,-0.276
Tu,5/7/2019,10Y,0.326
We,5/8/2019,2Y,-0.567
We,5/8/2019,5Y,-0.273
We,5/8/2019,10Y,0.33
Th,5/9/2019,2Y,-0.574
Th,5/9/2019,5Y,-0.266
Th,5/9/2019,10Y,0.343
Fr,5/10/2019,2Y,-0.567
Fr,5/10/2019,5Y,-0.266
Fr,5/10/2019,10Y,0.346
Mo,5/13/2019,2Y,-0.577
Mo,5/13/2019,5Y,-0.277
Mo,5/13/2019,10Y,0.331
Tu,5/14/2019,2Y,-0.575
Tu,5/14/2019,5Y,-0.278
Tu,5/14/2019,10Y,0.326
We,5/15/2019,2Y,-0.579
We,5/15/2019,5Y,-0.295
We,5/15/2019,10Y,0.303
Th,5/16/2019,2Y,-0.576
Th,5/16/2019,5Y,-0.301
Th,5/16/2019,10Y,0.293
Fr,5/17/2019,2Y,-0.569
Fr,5/17/2019,5Y,-0.304
Fr,5/17/2019,10Y,0.285
Mo,5/20/2019,2Y,-0.571
Mo,5/20/2019,5Y,-0.294
Mo,5/20/2019,10Y,0.309
Tu,5/21/2019,2Y,-0.559
Tu,5/21/2019,5Y,-0.279
Tu,5/21/2019,10Y,0.326
We,5/22/2019,2Y,-0.572
We,5/22/2019,5Y,-0.298
We,5/22/2019,10Y,0.305
Th,5/23/2019,2Y,-0.576
Th,5/23/2019,5Y,-0.319
Th,5/23/2019,10Y,0.281
Fr,5/24/2019,2Y,-0.58
Fr,5/24/2019,5Y,-0.319
Fr,5/24/2019,10Y,0.28
Mo,5/27/2019,2Y,-0.594
Mo,5/27/2019,5Y,-0.34
Mo,5/27/2019,10Y,0.259
Tu,5/28/2019,2Y,-0.587
Tu,5/28/2019,5Y,-0.345
Tu,5/28/2019,10Y,0.248
We,5/29/2019,2Y,-0.595
We,5/29/2019,5Y,-0.362
We,5/29/2019,10Y,0.225
Th,5/30/2019,2Y,-0.597
Th,5/30/2019,5Y,-0.367
Th,5/30/2019,10Y,0.235
Fr,5/31/2019,2Y,-0.623
Fr,5/31/2019,5Y,-0.391
Fr,5/31/2019,10Y,0.207
Mo,6/3/2019,2Y,-0.601
Mo,6/3/2019,5Y,-0.386
Mo,6/3/2019,10Y,0.2
Tu,6/4/2019,2Y,-0.601
Tu,6/4/2019,5Y,-0.39
Tu,6/4/2019,10Y,0.183
We,6/5/2019,2Y,-0.615
We,6/5/2019,5Y,-0.421
We,6/5/2019,10Y,0.152
Th,6/6/2019,2Y,-0.602
Th,6/6/2019,5Y,-0.423
Th,6/6/2019,10Y,0.113
Fr,6/7/2019,2Y,-0.624
Fr,6/7/2019,5Y,-0.452
Fr,6/7/2019,10Y,0.083
Mo,6/10/2019,2Y,-0.618
Mo,6/10/2019,5Y,-0.424
Mo,6/10/2019,10Y,0.135
Tu,6/11/2019,2Y,-0.613
Tu,6/11/2019,5Y,-0.422
Tu,6/11/2019,10Y,0.118
We,6/12/2019,2Y,-0.614
We,6/12/2019,5Y,-0.422
We,6/12/2019,10Y,0.111
Th,6/13/2019,2Y,-0.614
Th,6/13/2019,5Y,-0.417
Th,6/13/2019,10Y,0.109
Fr,6/14/2019,2Y,-0.634
Fr,6/14/2019,5Y,-0.432
Fr,6/14/2019,10Y,0.092
Mo,6/17/2019,2Y,-0.623
Mo,6/17/2019,5Y,-0.429
Mo,6/17/2019,10Y,0.105
Tu,6/18/2019,2Y,-0.687
Tu,6/18/2019,5Y,-0.523
Tu,6/18/2019,10Y,0.007
We,6/19/2019,2Y,-0.659
We,6/19/2019,5Y,-0.475
We,6/19/2019,10Y,0.046
Th,6/20/2019,2Y,-0.68
Th,6/20/2019,5Y,-0.506
Th,6/20/2019,10Y,0.011
Fr,6/21/2019,2Y,-0.664
Fr,6/21/2019,5Y,-0.47
Fr,6/21/2019,10Y,0.045
Mo,6/24/2019,2Y,-0.674
Mo,6/24/2019,5Y,-0.492
Mo,6/24/2019,10Y,0.022
Tu,6/25/2019,2Y,-0.676
Tu,6/25/2019,5Y,-0.51
Tu,6/25/2019,10Y,-0.006
We,6/26/2019,2Y,-0.667
We,6/26/2019,5Y,-0.487
We,6/26/2019,10Y,0.018
Th,6/27/2019,2Y,-0.675
Th,6/27/2019,5Y,-0.502
Th,6/27/2019,10Y,-0.002
Fr,6/28/2019,2Y,-0.688
Fr,6/28/2019,5Y,-0.519
Fr,6/28/2019,10Y,-0.007
Mo,7/1/2019,2Y,-0.699
Mo,7/1/2019,5Y,-0.549
Mo,7/1/2019,10Y,-0.05
Tu,7/2/2019,2Y,-0.7
Tu,7/2/2019,5Y,-0.556
Tu,7/2/2019,10Y,-0.058
We,7/3/2019,2Y,-0.698
We,7/3/2019,5Y,-0.57
We,7/3/2019,10Y,-0.104
Th,7/4/2019,2Y,-0.702
Th,7/4/2019,5Y,-0.586
Th,7/4/2019,10Y,-0.133
Fr,7/5/2019,2Y,-0.681
Fr,7/5/2019,5Y,-0.556
Fr,7/5/2019,10Y,-0.088
Mo,7/8/2019,2Y,-0.677
Mo,7/8/2019,5Y,-0.536
Mo,7/8/2019,10Y,-0.071
Tu,7/9/2019,2Y,-0.671
Tu,7/9/2019,5Y,-0.531
Tu,7/9/2019,10Y,-0.055
We,7/10/2019,2Y,-0.669
We,7/10/2019,5Y,-0.518
We,7/10/2019,10Y,-0.021
Th,7/11/2019,2Y,-0.67
Th,7/11/2019,5Y,-0.492
Th,7/11/2019,10Y,0.015
Fr,7/12/2019,2Y,-0.662
Fr,7/12/2019,5Y,-0.471
Fr,7/12/2019,10Y,0.059
Mo,7/15/2019,2Y,-0.674
Mo,7/15/2019,5Y,-0.504
Mo,7/15/2019,10Y,0.01
Tu,7/16/2019,2Y,-0.679
Tu,7/16/2019,5Y,-0.511
Tu,7/16/2019,10Y,0.006
We,7/17/2019,2Y,-0.69
We,7/17/2019,5Y,-0.547
We,7/17/2019,10Y,-0.039
Th,7/18/2019,2Y,-0.688
Th,7/18/2019,5Y,-0.562
Th,7/18/2019,10Y,-0.063
Fr,7/19/2019,2Y,-0.706
Fr,7/19/2019,5Y,-0.574
Fr,7/19/2019,10Y,-0.072
Mo,7/22/2019,2Y,-0.707
Mo,7/22/2019,5Y,-0.58
Mo,7/22/2019,10Y,-0.085
Tu,7/23/2019,2Y,-0.708
Tu,7/23/2019,5Y,-0.585
Tu,7/23/2019,10Y,-0.091
We,7/24/2019,2Y,-0.716
We,7/24/2019,5Y,-0.594
We,7/24/2019,10Y,-0.117
Th,7/25/2019,2Y,-0.709
Th,7/25/2019,5Y,-0.584
Th,7/25/2019,10Y,-0.11
Fr,7/26/2019,2Y,-0.696
Fr,7/26/2019,5Y,-0.583
Fr,7/26/2019,10Y,-0.124
Mo,7/29/2019,2Y,-0.702
Mo,7/29/2019,5Y,-0.595
Mo,7/29/2019,10Y,-0.141
Tu,7/30/2019,2Y,-0.696
Tu,7/30/2019,5Y,-0.594
Tu,7/30/2019,10Y,-0.143
We,7/31/2019,2Y,-0.713
We,7/31/2019,5Y,-0.623
We,7/31/2019,10Y,-0.186
Th,8/1/2019,2Y,-0.703
Th,8/1/2019,5Y,-0.615
Th,8/1/2019,10Y,-0.188
Fr,8/2/2019,2Y,-0.714
Fr,8/2/2019,5Y,-0.635
Fr,8/2/2019,10Y,-0.24
Mo,8/5/2019,2Y,-0.738
Mo,8/5/2019,5Y,-0.649
Mo,8/5/2019,10Y,-0.239
Tu,8/6/2019,2Y,-0.736
Tu,8/6/2019,5Y,-0.663
Tu,8/6/2019,10Y,-0.266
We,8/7/2019,2Y,-0.768
We,8/7/2019,5Y,-0.712
We,8/7/2019,10Y,-0.314
Th,8/8/2019,2Y,-0.758
Th,8/8/2019,5Y,-0.696
Th,8/8/2019,10Y,-0.283
Fr,8/9/2019,2Y,-0.767
Fr,8/9/2019,5Y,-0.683
Fr,8/9/2019,10Y,-0.27
Mo,8/12/2019,2Y,-0.781
Mo,8/12/2019,5Y,-0.696
Mo,8/12/2019,10Y,-0.288
Tu,8/13/2019,2Y,-0.776
Tu,8/13/2019,5Y,-0.711
Tu,8/13/2019,10Y,-0.317
We,8/14/2019,2Y,-0.773
We,8/14/2019,5Y,-0.736
We,8/14/2019,10Y,-0.372
Th,8/15/2019,2Y,-0.809
Th,8/15/2019,5Y,-0.798
Th,8/15/2019,10Y,-0.439
Fr,8/16/2019,2Y,-0.803
Fr,8/16/2019,5Y,-0.778
Fr,8/16/2019,10Y,-0.416
Mo,8/19/2019,2Y,-0.787
Mo,8/19/2019,5Y,-0.748
Mo,8/19/2019,10Y,-0.369
Tu,8/20/2019,2Y,-0.794
Tu,8/20/2019,5Y,-0.773
Tu,8/20/2019,10Y,-0.414
We,8/21/2019,2Y,-0.779
We,8/21/2019,5Y,-0.745
We,8/21/2019,10Y,-0.399
Th,8/22/2019,2Y,-0.764
Th,8/22/2019,5Y,-0.721
Th,8/22/2019,10Y,-0.361
Fr,8/23/2019,2Y,-0.794
Fr,8/23/2019,5Y,-0.745
Fr,8/23/2019,10Y,-0.375
Mo,8/26/2019,2Y,-0.802
Mo,8/26/2019,5Y,-0.737
Mo,8/26/2019,10Y,-0.376
Tu,8/27/2019,2Y,-0.809
Tu,8/27/2019,5Y,-0.757
Tu,8/27/2019,10Y,-0.416
We,8/28/2019,2Y,-0.813
We,8/28/2019,5Y,-0.756
We,8/28/2019,10Y,-0.435
Th,8/29/2019,2Y,-0.824
Th,8/29/2019,5Y,-0.764
Th,8/29/2019,10Y,-0.413
Fr,8/30/2019,2Y,-0.837
Fr,8/30/2019,5Y,-0.771
Fr,8/30/2019,10Y,-0.406
Mo,9/2/2019,2Y,-0.832
Mo,9/2/2019,5Y,-0.773
Mo,9/2/2019,10Y,-0.401
Tu,9/3/2019,2Y,-0.826
Tu,9/3/2019,5Y,-0.759
Tu,9/3/2019,10Y,-0.399
We,9/4/2019,2Y,-0.808
We,9/4/2019,5Y,-0.753
We,9/4/2019,10Y,-0.375
Th,9/5/2019,2Y,-0.786
Th,9/5/2019,5Y,-0.708
Th,9/5/2019,10Y,-0.294
Fr,9/6/2019,2Y,-0.786
Fr,9/6/2019,5Y,-0.731
Fr,9/6/2019,10Y,-0.343
Mo,9/9/2019,2Y,-0.778
Mo,9/9/2019,5Y,-0.702
Mo,9/9/2019,10Y,-0.283
Tu,9/10/2019,2Y,-0.757
Tu,9/10/2019,5Y,-0.681
Tu,9/10/2019,10Y,-0.245
We,9/11/2019,2Y,-0.756
We,9/11/2019,5Y,-0.693
We,9/11/2019,10Y,-0.264
Th,9/12/2019,2Y,-0.65
Th,9/12/2019,5Y,-0.606
Th,9/12/2019,10Y,-0.238
Fr,9/13/2019,2Y,-0.667
Fr,9/13/2019,5Y,-0.582
Fr,9/13/2019,10Y,-0.172
Mo,9/16/2019,2Y,-0.685
Mo,9/16/2019,5Y,-0.601
Mo,9/16/2019,10Y,-0.202
Tu,9/17/2019,2Y,-0.67
Tu,9/17/2019,5Y,-0.587
Tu,9/17/2019,10Y,-0.183
We,9/18/2019,2Y,-0.682
We,9/18/2019,5Y,-0.602
We,9/18/2019,10Y,-0.228
Th,9/19/2019,2Y,-0.676
Th,9/19/2019,5Y,-0.587
Th,9/19/2019,10Y,-0.217
Fr,9/20/2019,2Y,-0.671
Fr,9/20/2019,5Y,-0.583
Fr,9/20/2019,10Y,-0.222
Mo,9/23/2019,2Y,-0.689
Mo,9/23/2019,5Y,-0.625
Mo,9/23/2019,10Y,-0.29
Tu,9/24/2019,2Y,-0.68
Tu,9/24/2019,5Y,-0.626
Tu,9/24/2019,10Y,-0.298
We,9/25/2019,2Y,-0.677
We,9/25/2019,5Y,-0.616
We,9/25/2019,10Y,-0.276
Th,9/26/2019,2Y,-0.691
Th,9/26/2019,5Y,-0.627
Th,9/26/2019,10Y,-0.29
Fr,9/27/2019,2Y,-0.703
Fr,9/27/2019,5Y,-0.639
Fr,9/27/2019,10Y,-0.283
Mo,9/30/2019,2Y,-0.704
Mo,9/30/2019,5Y,-0.642
Mo,9/30/2019,10Y,-0.277
Tu,10/1/2019,2Y,-0.706
Tu,10/1/2019,5Y,-0.644
Tu,10/1/2019,10Y,-0.266
We,10/2/2019,2Y,-0.703
We,10/2/2019,5Y,-0.626
We,10/2/2019,10Y,-0.248
Th,10/3/2019,2Y,-0.716
Th,10/3/2019,5Y,-0.645
Th,10/3/2019,10Y,-0.29
Fr,10/4/2019,2Y,-0.714
Fr,10/4/2019,5Y,-0.648
Fr,10/4/2019,10Y,-0.283
Mo,10/7/2019,2Y,-0.698
Mo,10/7/2019,5Y,-0.633
Mo,10/7/2019,10Y,-0.275
Tu,10/8/2019,2Y,-0.706
Tu,10/8/2019,5Y,-0.653
Tu,10/8/2019,10Y,-0.259
We,10/9/2019,2Y,-0.68
We,10/9/2019,5Y,-0.62
We,10/9/2019,10Y,-0.22
Th,10/10/2019,2Y,-0.648
Th,10/10/2019,5Y,-0.559
Th,10/10/2019,10Y,-0.144
Fr,10/11/2019,2Y,-0.66
Fr,10/11/2019,5Y,-0.569
Fr,10/11/2019,10Y,-0.13
Mo,10/14/2019,2Y,-0.637
Mo,10/14/2019,5Y,-0.562
Mo,10/14/2019,10Y,-0.145
Tu,10/15/2019,2Y,-0.645
Tu,10/15/2019,5Y,-0.455
Tu,10/15/2019,10Y,-0.122
We,10/16/2019,2Y,-0.632
We,10/16/2019,5Y,-0.44
We,10/16/2019,10Y,-0.1
Th,10/17/2019,2Y,-0.629
Th,10/17/2019,5Y,-0.439
Th,10/17/2019,10Y,-0.117
Fr,10/18/2019,2Y,-0.62
Fr,10/18/2019,5Y,-0.419
Fr,10/18/2019,10Y,-0.079
Mo,10/21/2019,2Y,-0.616
Mo,10/21/2019,5Y,-0.398
Mo,10/21/2019,10Y,-0.044
Tu,10/22/2019,2Y,-0.617
Tu,10/22/2019,5Y,-0.408
Tu,10/22/2019,10Y,-0.066
We,10/23/2019,2Y,-0.622
We,10/23/2019,5Y,-0.424
We,10/23/2019,10Y,-0.094
Th,10/24/2019,2Y,-0.63
Th,10/24/2019,5Y,-0.439
Th,10/24/2019,10Y,-0.107
Fr,10/25/2019,2Y,-0.619
Fr,10/25/2019,5Y,-0.406
Fr,10/25/2019,10Y,-0.063
Mo,10/28/2019,2Y,-0.611
Mo,10/28/2019,5Y,-0.388
Mo,10/28/2019,10Y,-0.03
Tu,10/29/2019,2Y,-0.597
Tu,10/29/2019,5Y,-0.392
Tu,10/29/2019,10Y,-0.053
We,10/30/2019,2Y,-0.598
We,10/30/2019,5Y,-0.399
We,10/30/2019,10Y,-0.059
Th,10/31/2019,2Y,-0.626
Th,10/31/2019,5Y,-0.439
Th,10/31/2019,10Y,-0.099
Fr,11/1/2019,2Y,-0.621
Fr,11/1/2019,5Y,-0.422
Fr,11/1/2019,10Y,-0.072
Mo,11/4/2019,2Y,-0.607
Mo,11/4/2019,5Y,-0.406
Mo,11/4/2019,10Y,-0.045
Tu,11/5/2019,2Y,-0.595
Tu,11/5/2019,5Y,-0.386
Tu,11/5/2019,10Y,-0.014
We,11/6/2019,2Y,-0.601
We,11/6/2019,5Y,-0.399
We,11/6/2019,10Y,-0.04
Th,11/7/2019,2Y,-0.57
Th,11/7/2019,5Y,-0.322
Th,11/7/2019,10Y,0.055
Fr,11/8/2019,2Y,-0.584
Fr,11/8/2019,5Y,-0.35
Fr,11/8/2019,10Y,0.022
Mo,11/11/2019,2Y,-0.581
Mo,11/11/2019,5Y,-0.331
Mo,11/11/2019,10Y,0.05
Tu,11/12/2019,2Y,-0.588
Tu,11/12/2019,5Y,-0.34
Tu,11/12/2019,10Y,0.046
We,11/13/2019,2Y,-0.596
We,11/13/2019,5Y,-0.363
We,11/13/2019,10Y,0.011
Th,11/14/2019,2Y,-0.614
Th,11/14/2019,5Y,-0.393
Th,11/14/2019,10Y,-0.024
Fr,11/15/2019,2Y,-0.608
Fr,11/15/2019,5Y,-0.384
Fr,11/15/2019,10Y,-0.023
Mo,11/18/2019,2Y,-0.603
Mo,11/18/2019,5Y,-0.385
Mo,11/18/2019,10Y,-0.032
Tu,11/19/2019,2Y,-0.612
Tu,11/19/2019,5Y,-0.387
Tu,11/19/2019,10Y,-0.029
We,11/20/2019,2Y,-0.603
We,11/20/2019,5Y,-0.392
We,11/20/2019,10Y,-0.039
Th,11/21/2019,2Y,-0.587
Th,11/21/2019,5Y,-0.368
Th,11/21/2019,10Y,-0.018
Fr,11/22/2019,2Y,-0.607
Fr,11/22/2019,5Y,-0.39
Fr,11/22/2019,10Y,-0.045
Mo,11/25/2019,2Y,-0.6
Mo,11/25/2019,5Y,-0.385
Mo,11/25/2019,10Y,-0.04
Tu,11/26/2019,2Y,-0.597
Tu,11/26/2019,5Y,-0.398
Tu,11/26/2019,10Y,-0.062
We,11/27/2019,2Y,-0.599
We,11/27/2019,5Y,-0.398
We,11/27/2019,10Y,-0.06
Th,11/28/2019,2Y,-0.597
Th,11/28/2019,5Y,-0.391
Th,11/28/2019,10Y,-0.052
Fr,11/29/2019,2Y,-0.602
Fr,11/29/2019,5Y,-0.398
Fr,11/29/2019,10Y,-0.052
Mo,12/2/2019,2Y,-0.579
Mo,12/2/2019,5Y,-0.346
Mo,12/2/2019,10Y,0.027
Tu,12/3/2019,2Y,-0.603
Tu,12/3/2019,5Y,-0.401
Tu,12/3/2019,10Y,-0.046
We,12/4/2019,2Y,-0.603
We,12/4/2019,5Y,-0.38
We,12/4/2019,10Y,-0.009
Th,12/5/2019,2Y,-0.596
Th,12/5/2019,5Y,-0.359
Th,12/5/2019,10Y,0.021
Fr,12/6/2019,2Y,-0.596
Fr,12/6/2019,5Y,-0.35
Fr,12/6/2019,10Y,0.031
Mo,12/9/2019,2Y,-0.605
Mo,12/9/2019,5Y,-0.373
Mo,12/9/2019,10Y,0.008
Tu,12/10/2019,2Y,-0.615
Tu,12/10/2019,5Y,-0.372
Tu,12/10/2019,10Y,0.014
We,12/11/2019,2Y,-0.618
We,12/11/2019,5Y,-0.391
We,12/11/2019,10Y,-0.01
Th,12/12/2019,2Y,-0.613
Th,12/12/2019,5Y,-0.354
Th,12/12/2019,10Y,0.036
Fr,12/13/2019,2Y,-0.608
Fr,12/13/2019,5Y,-0.369
Fr,12/13/2019,10Y,0.003
Mo,12/16/2019,2Y,-0.622
Mo,12/16/2019,5Y,-0.368
Mo,12/16/2019,10Y,0.016
Tu,12/17/2019,2Y,-0.63
Tu,12/17/2019,5Y,-0.38
Tu,12/17/2019,10Y,0.002
We,12/18/2019,2Y,-0.622
We,12/18/2019,5Y,-0.343
We,12/18/2019,10Y,0.05
Th,12/19/2019,2Y,-0.619
Th,12/19/2019,5Y,-0.34
Th,12/19/2019,10Y,0.063
Fr,12/20/2019,2Y,-0.627
Fr,12/20/2019,5Y,-0.355
Fr,12/20/2019,10Y,0.05
Mo,12/23/2019,2Y,-0.625
Mo,12/23/2019,5Y,-0.351
Mo,12/23/2019,10Y,0.057
Tu,12/24/2019,2Y,-0.627
Tu,12/24/2019,5Y,-0.351
Tu,12/24/2019,10Y,0.057
We,12/25/2019,2Y,-0.627
We,12/25/2019,5Y,-0.351
We,12/25/2019,10Y,0.057
Th,12/26/2019,2Y,-0.627
Th,12/26/2019,5Y,-0.351
Th,12/26/2019,10Y,0.057
Fr,12/27/2019,2Y,-0.625
Fr,12/27/2019,5Y,-0.362
Fr,12/27/2019,10Y,0.043
Mo,12/30/2019,2Y,-0.603
Mo,12/30/2019,5Y,-0.307
Mo,12/30/2019,10Y,0.115
Tu,12/31/2019,2Y,-0.603
Tu,12/31/2019,5Y,-0.307
Tu,12/31/2019,10Y,0.115
We,1/1/2020,2Y,-0.604
We,1/1/2020,5Y,-0.307
We,1/1/2020,10Y,0.115
Th,1/2/2020,2Y,-0.587
Th,1/2/2020,5Y,-0.338
Th,1/2/2020,10Y,0.075
Fr,1/3/2020,2Y,-0.61
Fr,1/3/2020,5Y,-0.38
Fr,1/3/2020,10Y,0.023
Mo,1/6/2020,2Y,-0.609
Mo,1/6/2020,5Y,-0.372
Mo,1/6/2020,10Y,0.018
Tu,1/7/2020,2Y,-0.607
Tu,1/7/2020,5Y,-0.374
Tu,1/7/2020,10Y,0.015
We,1/8/2020,2Y,-0.583
We,1/8/2020,5Y,-0.343
We,1/8/2020,10Y,0.048
Th,1/9/2020,2Y,-0.581
Th,1/9/2020,5Y,-0.329
Th,1/9/2020,10Y,0.063
Fr,1/10/2020,2Y,-0.58
Fr,1/10/2020,5Y,-0.343
Fr,1/10/2020,10Y,0.042
Mo,1/13/2020,2Y,-0.567
Mo,1/13/2020,5Y,-0.31
Mo,1/13/2020,10Y,0.088
Tu,1/14/2020,2Y,-0.562
Tu,1/14/2020,5Y,-0.31
Tu,1/14/2020,10Y,0.08
We,1/15/2020,2Y,-0.568
We,1/15/2020,5Y,-0.328
We,1/15/2020,10Y,0.052
Th,1/16/2020,2Y,-0.567
Th,1/16/2020,5Y,-0.339
Th,1/16/2020,10Y,0.041
Fr,1/17/2020,2Y,-0.56
Fr,1/17/2020,5Y,-0.334
Fr,1/17/2020,10Y,0.043
Mo,1/20/2020,2Y,-0.558
Mo,1/20/2020,5Y,-0.334
Mo,1/20/2020,10Y,0.036
Tu,1/21/2020,2Y,-0.552
Tu,1/21/2020,5Y,-0.353
Tu,1/21/2020,10Y,0.007
We,1/22/2020,2Y,-0.552
We,1/22/2020,5Y,-0.362
We,1/22/2020,10Y,-0.008
Th,1/23/2020,2Y,-0.57
Th,1/23/2020,5Y,-0.399
Th,1/23/2020,10Y,-0.062
Fr,1/24/2020,2Y,-0.579
Fr,1/24/2020,5Y,-0.415
Fr,1/24/2020,10Y,-0.078
Mo,1/27/2020,2Y,-0.595
Mo,1/27/2020,5Y,-0.452
Mo,1/27/2020,10Y,-0.129
Tu,1/28/2020,2Y,-0.587
Tu,1/28/2020,5Y,-0.427
Tu,1/28/2020,10Y,-0.087
We,1/29/2020,2Y,-0.597
We,1/29/2020,5Y,-0.452
We,1/29/2020,10Y,-0.126
Th,1/30/2020,2Y,-0.615
Th,1/30/2020,5Y,-0.474
Th,1/30/2020,10Y,-0.149
Fr,1/31/2020,2Y,-0.63
Fr,1/31/2020,5Y,-0.506
Fr,1/31/2020,10Y,-0.177
Mo,2/3/2020,2Y,-0.634
Mo,2/3/2020,5Y,-0.507
Mo,2/3/2020,10Y,-0.181
Tu,2/4/2020,2Y,-0.617
Tu,2/4/2020,5Y,-0.48
Tu,2/4/2020,10Y,-0.141
We,2/5/2020,2Y,-0.609
We,2/5/2020,5Y,-0.454
We,2/5/2020,10Y,-0.104
Th,2/6/2020,2Y,-0.604
Th,2/6/2020,5Y,-0.455
Th,2/6/2020,10Y,-0.118
Fr,2/7/2020,2Y,-0.613
Fr,2/7/2020,5Y,-0.471
Fr,2/7/2020,10Y,-0.137
Mo,2/10/2020,2Y,-0.609
Mo,2/10/2020,5Y,-0.478
Mo,2/10/2020,10Y,-0.166
Tu,2/11/2020,2Y,-0.608
Tu,2/11/2020,5Y,-0.469
Tu,2/11/2020,10Y,-0.146
We,2/12/2020,2Y,-0.605
We,2/12/2020,5Y,-0.464
We,2/12/2020,10Y,-0.14
Th,2/13/2020,2Y,-0.616
Th,2/13/2020,5Y,-0.47
Th,2/13/2020,10Y,-0.145
Fr,2/14/2020,2Y,-0.629
Fr,2/14/2020,5Y,-0.483
Fr,2/14/2020,10Y,-0.158
Mo,2/17/2020,2Y,-0.622
Mo,2/17/2020,5Y,-0.48
Mo,2/17/2020,10Y,-0.164
Tu,2/18/2020,2Y,-0.615
Tu,2/18/2020,5Y,-0.477
Tu,2/18/2020,10Y,-0.167
We,2/19/2020,2Y,-0.616
We,2/19/2020,5Y,-0.492
We,2/19/2020,10Y,-0.185
Th,2/20/2020,2Y,-0.63
Th,2/20/2020,5Y,-0.506
Th,2/20/2020,10Y,-0.218
Fr,2/21/2020,2Y,-0.632
Fr,2/21/2020,5Y,-0.494
Fr,2/21/2020,10Y,-0.203
Mo,2/24/2020,2Y,-0.652
Mo,2/24/2020,5Y,-0.522
Mo,2/24/2020,10Y,-0.234
Tu,2/25/2020,2Y,-0.667
Tu,2/25/2020,5Y,-0.535
Tu,2/25/2020,10Y,-0.247
We,2/26/2020,2Y,-0.67
We,2/26/2020,5Y,-0.529
We,2/26/2020,10Y,-0.234
Th,2/27/2020,2Y,-0.676
Th,2/27/2020,5Y,-0.542
Th,2/27/2020,10Y,-0.259
Fr,2/28/2020,2Y,-0.692
Fr,2/28/2020,5Y,-0.568
Fr,2/28/2020,10Y,-0.291
Mo,3/2/2020,2Y,-0.754
Mo,3/2/2020,5Y,-0.602
Mo,3/2/2020,10Y,-0.302
Tu,3/3/2020,2Y,-0.752
Tu,3/3/2020,5Y,-0.623
Tu,3/3/2020,10Y,-0.327
We,3/4/2020,2Y,-0.775
We,3/4/2020,5Y,-0.634
We,3/4/2020,10Y,-0.325
Th,3/5/2020,2Y,-0.767
Th,3/5/2020,5Y,-0.646
Th,3/5/2020,10Y,-0.353
Fr,3/6/2020,2Y,-0.736
Fr,3/6/2020,5Y,-0.621
Fr,3/6/2020,10Y,-0.348
Mo,3/9/2020,2Y,-0.776
Mo,3/9/2020,5Y,-0.644
Mo,3/9/2020,10Y,-0.387
Tu,3/10/2020,2Y,-0.763
Tu,3/10/2020,5Y,-0.575
Tu,3/10/2020,10Y,-0.302
We,3/11/2020,2Y,-0.812
We,3/11/2020,5Y,-0.586
We,3/11/2020,10Y,-0.316
Th,3/12/2020,2Y,-0.708
Th,3/12/2020,5Y,-0.414
Th,3/12/2020,10Y,-0.112
Fr,3/13/2020,2Y,-0.646
Fr,3/13/2020,5Y,-0.297
Fr,3/13/2020,10Y,0.01
Mo,3/16/2020,2Y,-0.627
Mo,3/16/2020,5Y,-0.209
Mo,3/16/2020,10Y,0.159
Tu,3/17/2020,2Y,-0.56
Tu,3/17/2020,5Y,-0.166
Tu,3/17/2020,10Y,0.22
We,3/18/2020,2Y,-0.5
We,3/18/2020,5Y,-0.059
We,3/18/2020,10Y,0.342
Th,3/19/2020,2Y,-0.457
Th,3/19/2020,5Y,-0.084
Th,3/19/2020,10Y,0.224
Fr,3/20/2020,2Y,-0.493
Fr,3/20/2020,5Y,-0.212
Fr,3/20/2020,10Y,0.105
Mo,3/23/2020,2Y,-0.507
Mo,3/23/2020,5Y,-0.207
Mo,3/23/2020,10Y,0.104
Tu,3/24/2020,2Y,-0.465
Tu,3/24/2020,5Y,-0.163
Tu,3/24/2020,10Y,0.181
We,3/25/2020,2Y,-0.478
We,3/25/2020,5Y,-0.148
We,3/25/2020,10Y,0.212
Th,3/26/2020,2Y,-0.64
Th,3/26/2020,5Y,-0.347
Th,3/26/2020,10Y,0.008
Fr,3/27/2020,2Y,-0.657
Fr,3/27/2020,5Y,-0.404
Fr,3/27/2020,10Y,-0.066
Mo,3/30/2020,2Y,-0.623
Mo,3/30/2020,5Y,-0.389
Mo,3/30/2020,10Y,-0.052
Tu,3/31/2020,2Y,-0.595
Tu,3/31/2020,5Y,-0.353
Tu,3/31/2020,10Y,-0.021
We,4/1/2020,2Y,-0.569
We,4/1/2020,5Y,-0.324
We,4/1/2020,10Y,0.001
Th,4/2/2020,2Y,-0.527
Th,4/2/2020,5Y,-0.296
Th,4/2/2020,10Y,0.044
Fr,4/3/2020,2Y,-0.518
Fr,4/3/2020,5Y,-0.286
Fr,4/3/2020,10Y,0.068
Mo,4/6/2020,2Y,-0.497
Mo,4/6/2020,5Y,-0.292
Mo,4/6/2020,10Y,0.062
Tu,4/7/2020,2Y,-0.463
Tu,4/7/2020,5Y,-0.2
Tu,4/7/2020,10Y,0.173
We,4/8/2020,2Y,-0.451
We,4/8/2020,5Y,-0.205
We,4/8/2020,10Y,0.165
Th,4/9/2020,2Y,-0.524
Th,4/9/2020,5Y,-0.271
Th,4/9/2020,10Y,0.1
Fr,4/10/2020,2Y,-0.524
Fr,4/10/2020,5Y,-0.271
Fr,4/10/2020,10Y,0.1
Mo,4/13/2020,2Y,-0.524
Mo,4/13/2020,5Y,-0.271
Mo,4/13/2020,10Y,0.1
Tu,4/14/2020,2Y,-0.524
Tu,4/14/2020,5Y,-0.269
Tu,4/14/2020,10Y,0.095
We,4/15/2020,2Y,-0.494
We,4/15/2020,5Y,-0.293
We,4/15/2020,10Y,0.052
Th,4/16/2020,2Y,-0.486
Th,4/16/2020,5Y,-0.286
Th,4/16/2020,10Y,0.033
Fr,4/17/2020,2Y,-0.5
Fr,4/17/2020,5Y,-0.308
Fr,4/17/2020,10Y,0.026
Mo,4/20/2020,2Y,-0.464
Mo,4/20/2020,5Y,-0.268
Mo,4/20/2020,10Y,0.067
Tu,4/21/2020,2Y,-0.469
Tu,4/21/2020,5Y,-0.266
Tu,4/21/2020,10Y,0.07
We,4/22/2020,2Y,-0.444
We,4/22/2020,5Y,-0.218
We,4/22/2020,10Y,0.133
Th,4/23/2020,2Y,-0.505
Th,4/23/2020,5Y,-0.28
Th,4/23/2020,10Y,0.077
Fr,4/24/2020,2Y,-0.554
Fr,4/24/2020,5Y,-0.339
Fr,4/24/2020,10Y,0.02
Mo,4/27/2020,2Y,-0.524
Mo,4/27/2020,5Y,-0.322
Mo,4/27/2020,10Y,0.013
Tu,4/28/2020,2Y,-0.545
Tu,4/28/2020,5Y,-0.35
Tu,4/28/2020,10Y,-0.002
We,4/29/2020,2Y,-0.588
We,4/29/2020,5Y,-0.392
We,4/29/2020,10Y,-0.043
Th,4/30/2020,2Y,-0.639
Th,4/30/2020,5Y,-0.482
Th,4/30/2020,10Y,-0.113
Fr,5/1/2020,2Y,-0.639
Fr,5/1/2020,5Y,-0.482
Fr,5/1/2020,10Y,-0.113
Mo,5/4/2020,2Y,-0.6
Mo,5/4/2020,5Y,-0.452
Mo,5/4/2020,10Y,-0.062
Tu,5/5/2020,2Y,-0.617
Tu,5/5/2020,5Y,-0.467
Tu,5/5/2020,10Y,-0.07
We,5/6/2020,2Y,-0.539
We,5/6/2020,5Y,-0.39
We,5/6/2020,10Y,0.006
Th,5/7/2020,2Y,-0.57
Th,5/7/2020,5Y,-0.411
Th,5/7/2020,10Y,-0.029
Fr,5/8/2020,2Y,-0.578
Fr,5/8/2020,5Y,-0.444
Fr,5/8/2020,10Y,-0.038
Mo,5/11/2020,2Y,-0.539
Mo,5/11/2020,5Y,-0.406
Mo,5/11/2020,10Y,-0.009
Tu,5/12/2020,2Y,-0.523
Tu,5/12/2020,5Y,-0.401
Tu,5/12/2020,10Y,-0.026
We,5/13/2020,2Y,-0.546
We,5/13/2020,5Y,-0.425
We,5/13/2020,10Y,-0.05
Th,5/14/2020,2Y,-0.539
Th,5/14/2020,5Y,-0.419
Th,5/14/2020,10Y,-0.046
Fr,5/15/2020,2Y,-0.515
Fr,5/15/2020,5Y,-0.386
Fr,5/15/2020,10Y,-0.027
Mo,5/18/2020,2Y,-0.494
Mo,5/18/2020,5Y,-0.352
Mo,5/18/2020,10Y,-0.001
Tu,5/19/2020,2Y,-0.536
Tu,5/19/2020,5Y,-0.373
Tu,5/19/2020,10Y,-0.019
We,5/20/2020,2Y,-0.54
We,5/20/2020,5Y,-0.398
We,5/20/2020,10Y,-0.035
Th,5/21/2020,2Y,-0.555
Th,5/21/2020,5Y,-0.419
Th,5/21/2020,10Y,-0.059
Fr,5/22/2020,2Y,-0.536
Fr,5/22/2020,5Y,-0.404
Fr,5/22/2020,10Y,-0.036
Mo,5/25/2020,2Y,-0.535
Mo,5/25/2020,5Y,-0.411
Mo,5/25/2020,10Y,-0.047
Tu,5/26/2020,2Y,-0.507
Tu,5/26/2020,5Y,-0.367
Tu,5/26/2020,10Y,0.005
We,5/27/2020,2Y,-0.52
We,5/27/2020,5Y,-0.382
We,5/27/2020,10Y,-0.01
Th,5/28/2020,2Y,-0.539
Th,5/28/2020,5Y,-0.427
Th,5/28/2020,10Y,-0.061
Fr,5/29/2020,2Y,-0.547
Fr,5/29/2020,5Y,-0.447
Fr,5/29/2020,10Y,-0.079
Mo,6/1/2020,2Y,-0.531
Mo,6/1/2020,5Y,-0.418
Mo,6/1/2020,10Y,-0.03
Tu,6/2/2020,2Y,-0.541
Tu,6/2/2020,5Y,-0.428
Tu,6/2/2020,10Y,-0.051
We,6/3/2020,2Y,-0.519
We,6/3/2020,5Y,-0.387
We,6/3/2020,10Y,0.003
Th,6/4/2020,2Y,-0.503
Th,6/4/2020,5Y,-0.408
Th,6/4/2020,10Y,-0.007
Fr,6/5/2020,2Y,-0.524
Fr,6/5/2020,5Y,-0.399
Fr,6/5/2020,10Y,0.015
Mo,6/8/2020,2Y,-0.54
Mo,6/8/2020,5Y,-0.424
Mo,6/8/2020,10Y,0.043
Tu,6/9/2020,2Y,-0.523
Tu,6/9/2020,5Y,-0.394
Tu,6/9/2020,10Y,0.074
We,6/10/2020,2Y,-0.524
We,6/10/2020,5Y,-0.379
We,6/10/2020,10Y,0.074
Th,6/11/2020,2Y,-0.549
Th,6/11/2020,5Y,-0.433
Th,6/11/2020,10Y,-0.001
Fr,6/12/2020,2Y,-0.574
Fr,6/12/2020,5Y,-0.473
Fr,6/12/2020,10Y,-0.041
Mo,6/15/2020,2Y,-0.559
Mo,6/15/2020,5Y,-0.473
Mo,6/15/2020,10Y,-0.044
Tu,6/16/2020,2Y,-0.57
Tu,6/16/2020,5Y,-0.478
Tu,6/16/2020,10Y,-0.053
We,6/17/2020,2Y,-0.571
We,6/17/2020,5Y,-0.482
We,6/17/2020,10Y,-0.049
Th,6/18/2020,2Y,-0.563
Th,6/18/2020,5Y,-0.48
Th,6/18/2020,10Y,-0.074
Fr,6/19/2020,2Y,-0.582
Fr,6/19/2020,5Y,-0.487
Fr,6/19/2020,10Y,-0.092
Mo,6/22/2020,2Y,-0.613
Mo,6/22/2020,5Y,-0.519
Mo,6/22/2020,10Y,-0.12
Tu,6/23/2020,2Y,-0.584
Tu,6/23/2020,5Y,-0.492
Tu,6/23/2020,10Y,-0.086
We,6/24/2020,2Y,-0.596
We,6/24/2020,5Y,-0.509
We,6/24/2020,10Y,-0.106
Th,6/25/2020,2Y,-0.601
Th,6/25/2020,5Y,-0.522
Th,6/25/2020,10Y,-0.127
Fr,6/26/2020,2Y,-0.614
Fr,6/26/2020,5Y,-0.533
Fr,6/26/2020,10Y,-0.128
Mo,6/29/2020,2Y,-0.61
Mo,6/29/2020,5Y,-0.53
Mo,6/29/2020,10Y,-0.125
Tu,6/30/2020,2Y,-0.615
Tu,6/30/2020,5Y,-0.52
Tu,6/30/2020,10Y,-0.113
We,7/1/2020,2Y,-0.602
We,7/1/2020,5Y,-0.472
We,7/1/2020,10Y,-0.063
Th,7/2/2020,2Y,-0.627
Th,7/2/2020,5Y,-0.513
Th,7/2/2020,10Y,-0.113
Fr,7/3/2020,2Y,-0.62
Fr,7/3/2020,5Y,-0.509
Fr,7/3/2020,10Y,-0.113
Mo,7/6/2020,2Y,-0.619
Mo,7/6/2020,5Y,-0.513
Mo,7/6/2020,10Y,-0.123
Tu,7/7/2020,2Y,-0.614
Tu,7/7/2020,5Y,-0.503
Tu,7/7/2020,10Y,-0.121
We,7/8/2020,2Y,-0.601
We,7/8/2020,5Y,-0.502
We,7/8/2020,10Y,-0.128
Th,7/9/2020,2Y,-0.611
Th,7/9/2020,5Y,-0.514
Th,7/9/2020,10Y,-0.142
Fr,7/10/2020,2Y,-0.61
Fr,7/10/2020,5Y,-0.515
Fr,7/10/2020,10Y,-0.142
Mo,7/13/2020,2Y,-0.596
Mo,7/13/2020,5Y,-0.483
Mo,7/13/2020,10Y,-0.104
Tu,7/14/2020,2Y,-0.605
Tu,7/14/2020,5Y,-0.503
Tu,7/14/2020,10Y,-0.133
We,7/15/2020,2Y,-0.622
We,7/15/2020,5Y,-0.512
We,7/15/2020,10Y,-0.138
Th,7/16/2020,2Y,-0.64
Th,7/16/2020,5Y,-0.546
Th,7/16/2020,10Y,-0.155
Fr,7/17/2020,2Y,-0.623
Fr,7/17/2020,5Y,-0.52
Fr,7/17/2020,10Y,-0.141
Mo,7/20/2020,2Y,-0.631
Mo,7/20/2020,5Y,-0.54
Mo,7/20/2020,10Y,-0.167
Tu,7/21/2020,2Y,-0.629
Tu,7/21/2020,5Y,-0.545
Tu,7/21/2020,10Y,-0.164
We,7/22/2020,2Y,-0.648
We,7/22/2020,5Y,-0.568
We,7/22/2020,10Y,-0.186
Th,7/23/2020,2Y,-0.633
Th,7/23/2020,5Y,-0.552
Th,7/23/2020,10Y,-0.183
Fr,7/24/2020,2Y,-0.62
Fr,7/24/2020,5Y,-0.517
Fr,7/24/2020,10Y,-0.149
Mo,7/27/2020,2Y,-0.629
Mo,7/27/2020,5Y,-0.549
Mo,7/27/2020,10Y,-0.191
Tu,7/28/2020,2Y,-0.63
Tu,7/28/2020,5Y,-0.558
Tu,7/28/2020,10Y,-0.197
We,7/29/2020,2Y,-0.625
We,7/29/2020,5Y,-0.552
We,7/29/2020,10Y,-0.184
Th,7/30/2020,2Y,-0.643
Th,7/30/2020,5Y,-0.583
Th,7/30/2020,10Y,-0.219
Fr,7/31/2020,2Y,-0.64
Fr,7/31/2020,5Y,-0.573
Fr,7/31/2020,10Y,-0.193
Mo,8/3/2020,2Y,-0.633
Mo,8/3/2020,5Y,-0.572
Mo,8/3/2020,10Y,-0.205
Tu,8/4/2020,2Y,-0.63
Tu,8/4/2020,5Y,-0.596
Tu,8/4/2020,10Y,-0.24
We,8/5/2020,2Y,-0.614
We,8/5/2020,5Y,-0.567
We,8/5/2020,10Y,-0.204
Th,8/6/2020,2Y,-0.608
Th,8/6/2020,5Y,-0.577
Th,8/6/2020,10Y,-0.229
Fr,8/7/2020,2Y,-0.64
Fr,8/7/2020,5Y,-0.562
Fr,8/7/2020,10Y,-0.218
Mo,8/10/2020,2Y,-0.644
Mo,8/10/2020,5Y,-0.588
Mo,8/10/2020,10Y,-0.241
Tu,8/11/2020,2Y,-0.659
Tu,8/11/2020,5Y,-0.572
Tu,8/11/2020,10Y,-0.205
We,8/12/2020,2Y,-0.619
We,8/12/2020,5Y,-0.554
We,8/12/2020,10Y,-0.177
Th,8/13/2020,2Y,-0.6
Th,8/13/2020,5Y,-0.512
Th,8/13/2020,10Y,-0.127
Fr,8/14/2020,2Y,-0.601
Fr,8/14/2020,5Y,-0.507
Fr,8/14/2020,10Y,-0.132
Mo,8/17/2020,2Y,-0.614
Mo,8/17/2020,5Y,-0.537
Mo,8/17/2020,10Y,-0.162
Tu,8/18/2020,2Y,-0.633
Tu,8/18/2020,5Y,-0.543
Tu,8/18/2020,10Y,-0.174
We,8/19/2020,2Y,-0.621
We,8/19/2020,5Y,-0.548
We,8/19/2020,10Y,-0.185
Th,8/20/2020,2Y,-0.622
Th,8/20/2020,5Y,-0.563
Th,8/20/2020,10Y,-0.203
Fr,8/21/2020,2Y,-0.622
Fr,8/21/2020,5Y,-0.571
Fr,8/21/2020,10Y,-0.203
Mo,8/24/2020,2Y,-0.613
Mo,8/24/2020,5Y,-0.56
Mo,8/24/2020,10Y,-0.194
Tu,8/25/2020,2Y,-0.595
Tu,8/25/2020,5Y,-0.526
Tu,8/25/2020,10Y,-0.138
We,8/26/2020,2Y,-0.593
We,8/26/2020,5Y,-0.517
We,8/26/2020,10Y,-0.129
Th,8/27/2020,2Y,-0.601
Th,8/27/2020,5Y,-0.52
Th,8/27/2020,10Y,-0.116
Fr,8/28/2020,2Y,-0.605
Fr,8/28/2020,5Y,-0.525
Fr,8/28/2020,10Y,-0.11
Mo,8/31/2020,2Y,-0.598
Mo,8/31/2020,5Y,-0.509
Mo,8/31/2020,10Y,-0.097
Tu,9/1/2020,2Y,-0.618
Tu,9/1/2020,5Y,-0.537
Tu,9/1/2020,10Y,-0.122
We,9/2/2020,2Y,-0.623
We,9/2/2020,5Y,-0.584
We,9/2/2020,10Y,-0.184
Th,9/3/2020,2Y,-0.634
Th,9/3/2020,5Y,-0.588
Th,9/3/2020,10Y,-0.197
Fr,9/4/2020,2Y,-0.634
Fr,9/4/2020,5Y,-0.576
Fr,9/4/2020,10Y,-0.175
Mo,9/7/2020,2Y,-0.625
Mo,9/7/2020,5Y,-0.573
Mo,9/7/2020,10Y,-0.165
Tu,9/8/2020,2Y,-0.638
Tu,9/8/2020,5Y,-0.582
Tu,9/8/2020,10Y,-0.196
We,9/9/2020,2Y,-0.643
We,9/9/2020,5Y,-0.56
We,9/9/2020,10Y,-0.166
Th,9/10/2020,2Y,-0.619
Th,9/10/2020,5Y,-0.533
Th,9/10/2020,10Y,-0.142
Fr,9/11/2020,2Y,-0.64
Fr,9/11/2020,5Y,-0.563
Fr,9/11/2020,10Y,-0.191
Mo,9/14/2020,2Y,-0.638
Mo,9/14/2020,5Y,-0.565
Mo,9/14/2020,10Y,-0.202
Tu,9/15/2020,2Y,-0.632
Tu,9/15/2020,5Y,-0.565
Tu,9/15/2020,10Y,-0.212
We,9/16/2020,2Y,-0.633
We,9/16/2020,5Y,-0.576
We,9/16/2020,10Y,-0.224
Th,9/17/2020,2Y,-0.645
Th,9/17/2020,5Y,-0.593
Th,9/17/2020,10Y,-0.231
Fr,9/18/2020,2Y,-0.645
Fr,9/18/2020,5Y,-0.598
Fr,9/18/2020,10Y,-0.223
Mo,9/21/2020,2Y,-0.658
Mo,9/21/2020,5Y,-0.626
Mo,9/21/2020,10Y,-0.257
Tu,9/22/2020,2Y,-0.653
Tu,9/22/2020,5Y,-0.616
Tu,9/22/2020,10Y,-0.241
We,9/23/2020,2Y,-0.656
We,9/23/2020,5Y,-0.612
We,9/23/2020,10Y,-0.245
Th,9/24/2020,2Y,-0.659
Th,9/24/2020,5Y,-0.597
Th,9/24/2020,10Y,-0.227
Fr,9/25/2020,2Y,-0.666
Fr,9/25/2020,5Y,-0.612
Fr,9/25/2020,10Y,-0.254
Mo,9/28/2020,2Y,-0.664
Mo,9/28/2020,5Y,-0.613
Mo,9/28/2020,10Y,-0.253
Tu,9/29/2020,2Y,-0.669
Tu,9/29/2020,5Y,-0.628
Tu,9/29/2020,10Y,-0.268
We,9/30/2020,2Y,-0.666
We,9/30/2020,5Y,-0.609
We,9/30/2020,10Y,-0.244
Th,10/1/2020,2Y,-0.668
Th,10/1/2020,5Y,-0.623
Th,10/1/2020,10Y,-0.259
Fr,10/2/2020,2Y,-0.672
Fr,10/2/2020,5Y,-0.625
Fr,10/2/2020,10Y,-0.262
Mo,10/5/2020,2Y,-0.667
Mo,10/5/2020,5Y,-0.609
Mo,10/5/2020,10Y,-0.24
Tu,10/6/2020,2Y,-0.664
Tu,10/6/2020,5Y,-0.616
Tu,10/6/2020,10Y,-0.248
We,10/7/2020,2Y,-0.663
We,10/7/2020,5Y,-0.602
We,10/7/2020,10Y,-0.231
Th,10/8/2020,2Y,-0.679
Th,10/8/2020,5Y,-0.617
Th,10/8/2020,10Y,-0.26
Fr,10/9/2020,2Y,-0.689
Fr,10/9/2020,5Y,-0.625
Fr,10/9/2020,10Y,-0.267
Mo,10/12/2020,2Y,-0.692
Mo,10/12/2020,5Y,-0.637
Mo,10/12/2020,10Y,-0.286
Tu,10/13/2020,2Y,-0.695
Tu,10/13/2020,5Y,-0.646
Tu,10/13/2020,10Y,-0.296
We,10/14/2020,2Y,-0.696
We,10/14/2020,5Y,-0.661
We,10/14/2020,10Y,-0.312
Th,10/15/2020,2Y,-0.705
Th,10/15/2020,5Y,-0.678
Th,10/15/2020,10Y,-0.332
Fr,10/16/2020,2Y,-0.712
Fr,10/16/2020,5Y,-0.688
Fr,10/16/2020,10Y,-0.347
Mo,10/19/2020,2Y,-0.71
Mo,10/19/2020,5Y,-0.691
Mo,10/19/2020,10Y,-0.343
Tu,10/20/2020,2Y,-0.711
Tu,10/20/2020,5Y,-0.683
Tu,10/20/2020,10Y,-0.329
We,10/21/2020,2Y,-0.698
We,10/21/2020,5Y,-0.671
We,10/21/2020,10Y,-0.312
Th,10/22/2020,2Y,-0.699
Th,10/22/2020,5Y,-0.651
Th,10/22/2020,10Y,-0.287
Fr,10/23/2020,2Y,-0.692
Fr,10/23/2020,5Y,-0.657
Fr,10/23/2020,10Y,-0.301
Mo,10/26/2020,2Y,-0.699
Mo,10/26/2020,5Y,-0.655
Mo,10/26/2020,10Y,-0.3
Tu,10/27/2020,2Y,-0.718
Tu,10/27/2020,5Y,-0.681
Tu,10/27/2020,10Y,-0.329
We,10/28/2020,2Y,-0.717
We,10/28/2020,5Y,-0.677
We,10/28/2020,10Y,-0.329
Th,10/29/2020,2Y,-0.737
Th,10/29/2020,5Y,-0.704
Th,10/29/2020,10Y,-0.354
Fr,10/30/2020,2Y,-0.719
Fr,10/30/2020,5Y,-0.694
Fr,10/30/2020,10Y,-0.343
Mo,11/2/2020,2Y,-0.734
Mo,11/2/2020,5Y,-0.71
Mo,11/2/2020,10Y,-0.354
Tu,11/3/2020,2Y,-0.727
Tu,11/3/2020,5Y,-0.699
Tu,11/3/2020,10Y,-0.345
We,11/4/2020,2Y,-0.723
We,11/4/2020,5Y,-0.713
We,11/4/2020,10Y,-0.363
Th,11/5/2020,2Y,-0.709
Th,11/5/2020,5Y,-0.703
Th,11/5/2020,10Y,-0.365
Fr,11/6/2020,2Y,-0.7
Fr,11/6/2020,5Y,-0.699
Fr,11/6/2020,10Y,-0.357
Mo,11/9/2020,2Y,-0.673
Mo,11/9/2020,5Y,-0.631
Mo,11/9/2020,10Y,-0.256
Tu,11/10/2020,2Y,-0.666
Tu,11/10/2020,5Y,-0.608
Tu,11/10/2020,10Y,-0.241
We,11/11/2020,2Y,-0.673
We,11/11/2020,5Y,-0.62
We,11/11/2020,10Y,-0.268
Th,11/12/2020,2Y,-0.681
Th,11/12/2020,5Y,-0.636
Th,11/12/2020,10Y,-0.294
Fr,11/13/2020,2Y,-0.685
Fr,11/13/2020,5Y,-0.647
Fr,11/13/2020,10Y,-0.31
Mo,11/16/2020,2Y,-0.678
Mo,11/16/2020,5Y,-0.65
Mo,11/16/2020,10Y,-0.31
Tu,11/17/2020,2Y,-0.681
Tu,11/17/2020,5Y,-0.663
Tu,11/17/2020,10Y,-0.333
We,11/18/2020,2Y,-0.682
We,11/18/2020,5Y,-0.658
We,11/18/2020,10Y,-0.324
Th,11/19/2020,2Y,-0.684
Th,11/19/2020,5Y,-0.661
Th,11/19/2020,10Y,-0.339
Fr,11/20/2020,2Y,-0.694
Fr,11/20/2020,5Y,-0.673
Fr,11/20/2020,10Y,-0.35
Mo,11/23/2020,2Y,-0.691
Mo,11/23/2020,5Y,-0.678
Mo,11/23/2020,10Y,-0.345
Tu,11/24/2020,2Y,-0.684
Tu,11/24/2020,5Y,-0.658
Tu,11/24/2020,10Y,-0.331
We,11/25/2020,2Y,-0.687
We,11/25/2020,5Y,-0.66
We,11/25/2020,10Y,-0.334
Th,11/26/2020,2Y,-0.693
Th,11/26/2020,5Y,-0.67
Th,11/26/2020,10Y,-0.352
Fr,11/27/2020,2Y,-0.693
Fr,11/27/2020,5Y,-0.67
Fr,11/27/2020,10Y,-0.348
Mo,11/30/2020,2Y,-0.687
Mo,11/30/2020,5Y,-0.658
Mo,11/30/2020,10Y,-0.327
Tu,12/1/2020,2Y,-0.67
Tu,12/1/2020,5Y,-0.627
Tu,12/1/2020,10Y,-0.291
We,12/2/2020,2Y,-0.679
We,12/2/2020,5Y,-0.634
We,12/2/2020,10Y,-0.287
Th,12/3/2020,2Y,-0.693
Th,12/3/2020,5Y,-0.659
Th,12/3/2020,10Y,-0.321
Fr,12/4/2020,2Y,-0.699
Fr,12/4/2020,5Y,-0.663
Fr,12/4/2020,10Y,-0.312
Mo,12/7/2020,2Y,-0.717
Mo,12/7/2020,5Y,-0.679
Mo,12/7/2020,10Y,-0.342
Tu,12/8/2020,2Y,-0.731
Tu,12/8/2020,5Y,-0.7
Tu,12/8/2020,10Y,-0.366
We,12/9/2020,2Y,-0.734
We,12/9/2020,5Y,-0.7
We,12/9/2020,10Y,-0.363
Th,12/10/2020,2Y,-0.727
Th,12/10/2020,5Y,-0.697
Th,12/10/2020,10Y,-0.358
Fr,12/11/2020,2Y,-0.732
Fr,12/11/2020,5Y,-0.71
Fr,12/11/2020,10Y,-0.384
Mo,12/14/2020,2Y,-0.741
Mo,12/14/2020,5Y,-0.709
Mo,12/14/2020,10Y,-0.374
Tu,12/15/2020,2Y,-0.737
Tu,12/15/2020,5Y,-0.699
Tu,12/15/2020,10Y,-0.374
We,12/16/2020,2Y,-0.71
We,12/16/2020,5Y,-0.658
We,12/16/2020,10Y,-0.331
Th,12/17/2020,2Y,-0.711
Th,12/17/2020,5Y,-0.667
Th,12/17/2020,10Y,-0.333
Fr,12/18/2020,2Y,-0.717
Fr,12/18/2020,5Y,-0.669
Fr,12/18/2020,10Y,-0.334
Mo,12/21/2020,2Y,-0.706
Mo,12/21/2020,5Y,-0.67
Mo,12/21/2020,10Y,-0.341
Tu,12/22/2020,2Y,-0.706
Tu,12/22/2020,5Y,-0.674
Tu,12/22/2020,10Y,-0.353
We,12/23/2020,2Y,-0.676
We,12/23/2020,5Y,-0.644
We,12/23/2020,10Y,-0.313
Th,12/24/2020,2Y,-0.678
Th,12/24/2020,5Y,-0.644
Th,12/24/2020,10Y,-0.314
Fr,12/25/2020,2Y,-0.678
Fr,12/25/2020,5Y,-0.644
Fr,12/25/2020,10Y,-0.314
Mo,12/28/2020,2Y,-0.734
Mo,12/28/2020,5Y,-0.658
Mo,12/28/2020,10Y,-0.334
Tu,12/29/2020,2Y,-0.719
Tu,12/29/2020,5Y,-0.676
Tu,12/29/2020,10Y,-0.344
We,12/30/2020,2Y,-0.716
We,12/30/2020,5Y,-0.676
We,12/30/2020,10Y,-0.343
Th,12/31/2020,2Y,-0.717
Th,12/31/2020,5Y,-0.676
Th,12/31/2020,10Y,-0.343
Fr,1/1/2021,2Y,-0.717
Fr,1/1/2021,5Y,-0.676
Fr,1/1/2021,10Y,-0.343
Mo,1/4/2021,2Y,-0.682
Mo,1/4/2021,5Y,-0.677
Mo,1/4/2021,10Y,-0.37
Tu,1/5/2021,2Y,-0.686
Tu,1/5/2021,5Y,-0.661
Tu,1/5/2021,10Y,-0.34
We,1/6/2021,2Y,-0.679
We,1/6/2021,5Y,-0.65
We,1/6/2021,10Y,-0.323
Th,1/7/2021,2Y,-0.69
Th,1/7/2021,5Y,-0.653
Th,1/7/2021,10Y,-0.323
Fr,1/8/2021,2Y,-0.684
Fr,1/8/2021,5Y,-0.65
Fr,1/8/2021,10Y,-0.318
Mo,1/11/2021,2Y,-0.649
Mo,1/11/2021,5Y,-0.631
Mo,1/11/2021,10Y,-0.293
Tu,1/12/2021,2Y,-0.625
Tu,1/12/2021,5Y,-0.606
Tu,1/12/2021,10Y,-0.257
We,1/13/2021,2Y,-0.629
We,1/13/2021,5Y,-0.634
We,1/13/2021,10Y,-0.307
Th,1/14/2021,2Y,-0.646
Th,1/14/2021,5Y,-0.657
Th,1/14/2021,10Y,-0.329
Fr,1/15/2021,2Y,-0.636
Fr,1/15/2021,5Y,-0.654
Fr,1/15/2021,10Y,-0.321
Mo,1/18/2021,2Y,-0.623
Mo,1/18/2021,5Y,-0.636
Mo,1/18/2021,10Y,-0.305
Tu,1/19/2021,2Y,-0.602
Tu,1/19/2021,5Y,-0.63
Tu,1/19/2021,10Y,-0.306
We,1/20/2021,2Y,-0.624
We,1/20/2021,5Y,-0.636
We,1/20/2021,10Y,-0.304
Th,1/21/2021,2Y,-0.625
Th,1/21/2021,5Y,-0.619
Th,1/21/2021,10Y,-0.268
Fr,1/22/2021,2Y,-0.605
Fr,1/22/2021,5Y,-0.626
Fr,1/22/2021,10Y,-0.28
Mo,1/25/2021,2Y,-0.617
Mo,1/25/2021,5Y,-0.654
Mo,1/25/2021,10Y,-0.317
Tu,1/26/2021,2Y,-0.618
Tu,1/26/2021,5Y,-0.649
Tu,1/26/2021,10Y,-0.304
We,1/27/2021,2Y,-0.63
We,1/27/2021,5Y,-0.66
We,1/27/2021,10Y,-0.309
Th,1/28/2021,2Y,-0.633
Th,1/28/2021,5Y,-0.665
Th,1/28/2021,10Y,-0.306
Fr,1/29/2021,2Y,-0.638
Fr,1/29/2021,5Y,-0.651
Fr,1/29/2021,10Y,-0.282
Mo,2/1/2021,2Y,-0.629
Mo,2/1/2021,5Y,-0.644
Mo,2/1/2021,10Y,-0.281
Tu,2/2/2021,2Y,-0.632
Tu,2/2/2021,5Y,-0.627
Tu,2/2/2021,10Y,-0.254
We,2/3/2021,2Y,-0.64
We,2/3/2021,5Y,-0.622
We,2/3/2021,10Y,-0.239
Th,2/4/2021,2Y,-0.649
Th,2/4/2021,5Y,-0.612
Th,2/4/2021,10Y,-0.238
Fr,2/5/2021,2Y,-0.649
Fr,2/5/2021,5Y,-0.609
Fr,2/5/2021,10Y,-0.23
Mo,2/8/2021,2Y,-0.65
Mo,2/8/2021,5Y,-0.604
Mo,2/8/2021,10Y,-0.228
Tu,2/9/2021,2Y,-0.657
Tu,2/9/2021,5Y,-0.609
Tu,2/9/2021,10Y,-0.226
We,2/10/2021,2Y,-0.654
We,2/10/2021,5Y,-0.606
We,2/10/2021,10Y,-0.213
Th,2/11/2021,2Y,-0.652
Th,2/11/2021,5Y,-0.619
Th,2/11/2021,10Y,-0.235
Fr,2/12/2021,2Y,-0.65
Fr,2/12/2021,5Y,-0.596
Fr,2/12/2021,10Y,-0.2
Mo,2/15/2021,2Y,-0.641
Mo,2/15/2021,5Y,-0.567
Mo,2/15/2021,10Y,-0.156
Tu,2/16/2021,2Y,-0.643
Tu,2/16/2021,5Y,-0.552
Tu,2/16/2021,10Y,-0.118
We,2/17/2021,2Y,-0.641
We,2/17/2021,5Y,-0.56
We,2/17/2021,10Y,-0.129
Th,2/18/2021,2Y,-0.612
Th,2/18/2021,5Y,-0.534
Th,2/18/2021,10Y,-0.085
Fr,2/19/2021,2Y,-0.629
Fr,2/19/2021,5Y,-0.525
Fr,2/19/2021,10Y,-0.059
Mo,2/22/2021,2Y,-0.629
Mo,2/22/2021,5Y,-0.549
Mo,2/22/2021,10Y,-0.094
Tu,2/23/2021,2Y,-0.61
Tu,2/23/2021,5Y,-0.536
Tu,2/23/2021,10Y,-0.063
We,2/24/2021,2Y,-0.61
We,2/24/2021,5Y,-0.527
We,2/24/2021,10Y,-0.048
Th,2/25/2021,2Y,-0.565
Th,2/25/2021,5Y,-0.473
Th,2/25/2021,10Y,0.026
Fr,2/26/2021,2Y,-0.597
Fr,2/26/2021,5Y,-0.514
Fr,2/26/2021,10Y,-0.012
Mo,3/1/2021,2Y,-0.606
Mo,3/1/2021,5Y,-0.572
Mo,3/1/2021,10Y,-0.098
Tu,3/2/2021,2Y,-0.621
Tu,3/2/2021,5Y,-0.578
Tu,3/2/2021,10Y,-0.113
We,3/3/2021,2Y,-0.605
We,3/3/2021,5Y,-0.555
We,3/3/2021,10Y,-0.044
Th,3/4/2021,2Y,-0.62
Th,3/4/2021,5Y,-0.561
Th,3/4/2021,10Y,-0.063
Fr,3/5/2021,2Y,-0.619
Fr,3/5/2021,5Y,-0.551
Fr,3/5/2021,10Y,-0.05
Mo,3/8/2021,2Y,-0.627
Mo,3/8/2021,5Y,-0.539
Mo,3/8/2021,10Y,-0.034
Tu,3/9/2021,2Y,-0.609
Tu,3/9/2021,5Y,-0.551
Tu,3/9/2021,10Y,-0.059
We,3/10/2021,2Y,-0.617
We,3/10/2021,5Y,-0.559
We,3/10/2021,10Y,-0.066
Th,3/11/2021,2Y,-0.623
Th,3/11/2021,5Y,-0.576
Th,3/11/2021,10Y,-0.095
Fr,3/12/2021,2Y,-0.624
Fr,3/12/2021,5Y,-0.561
Fr,3/12/2021,10Y,-0.068
Mo,3/15/2021,2Y,-0.618
Mo,3/15/2021,5Y,-0.585
Mo,3/15/2021,10Y,-0.091
Tu,3/16/2021,2Y,-0.618
Tu,3/16/2021,5Y,-0.587
Tu,3/16/2021,10Y,-0.087
We,3/17/2021,2Y,-0.614
We,3/17/2021,5Y,-0.561
We,3/17/2021,10Y,-0.037
Th,3/18/2021,2Y,-0.639
Th,3/18/2021,5Y,-0.567
Th,3/18/2021,10Y,-0.019
Fr,3/19/2021,2Y,-0.643
Fr,3/19/2021,5Y,-0.586
Fr,3/19/2021,10Y,-0.049
Mo,3/22/2021,2Y,-0.646
Mo,3/22/2021,5Y,-0.596
Mo,3/22/2021,10Y,-0.062
Tu,3/23/2021,2Y,-0.648
Tu,3/23/2021,5Y,-0.606
Tu,3/23/2021,10Y,-0.095
We,3/24/2021,2Y,-0.646
We,3/24/2021,5Y,-0.61
We,3/24/2021,10Y,-0.111
Th,3/25/2021,2Y,-0.648
Th,3/25/2021,5Y,-0.623
Th,3/25/2021,10Y,-0.137
Fr,3/26/2021,2Y,-0.644
Fr,3/26/2021,5Y,-0.61
Fr,3/26/2021,10Y,-0.105
Mo,3/29/2021,2Y,-0.643
Mo,3/29/2021,5Y,-0.593
Mo,3/29/2021,10Y,-0.072
Tu,3/30/2021,2Y,-0.654
Tu,3/30/2021,5Y,-0.565
Tu,3/30/2021,10Y,-0.044
We,3/31/2021,2Y,-0.666
We,3/31/2021,5Y,-0.568
We,3/31/2021,10Y,-0.047
Th,4/1/2021,2Y,-0.687
Th,4/1/2021,5Y,-0.593
Th,4/1/2021,10Y,-0.081
Fr,4/2/2021,2Y,-0.687
Fr,4/2/2021,5Y,-0.593
Fr,4/2/2021,10Y,-0.081
Mo,4/5/2021,2Y,-0.687
Mo,4/5/2021,5Y,-0.593
Mo,4/5/2021,10Y,-0.081
Tu,4/6/2021,2Y,-0.678
Tu,4/6/2021,5Y,-0.585
Tu,4/6/2021,10Y,-0.064
We,4/7/2021,2Y,-0.682
We,4/7/2021,5Y,-0.592
We,4/7/2021,10Y,-0.075
Th,4/8/2021,2Y,-0.693
Th,4/8/2021,5Y,-0.599
Th,4/8/2021,10Y,-0.083
Fr,4/9/2021,2Y,-0.669
Fr,4/9/2021,5Y,-0.57
Fr,4/9/2021,10Y,-0.046
Mo,4/12/2021,2Y,-0.665
Mo,4/12/2021,5Y,-0.567
Mo,4/12/2021,10Y,-0.034
Tu,4/13/2021,2Y,-0.664
Tu,4/13/2021,5Y,-0.565
Tu,4/13/2021,10Y,-0.035
We,4/14/2021,2Y,-0.662
We,4/14/2021,5Y,-0.548
We,4/14/2021,10Y,-0.002
Th,4/15/2021,2Y,-0.668
Th,4/15/2021,5Y,-0.563
Th,4/15/2021,10Y,-0.036
Fr,4/16/2021,2Y,-0.663
Fr,4/16/2021,5Y,-0.559
Fr,4/16/2021,10Y,-0.011
Mo,4/19/2021,2Y,-0.656
Mo,4/19/2021,5Y,-0.542
Mo,4/19/2021,10Y,0.012
Tu,4/20/2021,2Y,-0.659
Tu,4/20/2021,5Y,-0.554
Tu,4/20/2021,10Y,0.076
We,4/21/2021,2Y,-0.663
We,4/21/2021,5Y,-0.557
We,4/21/2021,10Y,0.073
Th,4/22/2021,2Y,-0.652
Th,4/22/2021,5Y,-0.545
Th,4/22/2021,10Y,0.083
Fr,4/23/2021,2Y,-0.66
Fr,4/23/2021,5Y,-0.555
Fr,4/23/2021,10Y,0.079
Mo,4/26/2021,2Y,-0.656
Mo,4/26/2021,5Y,-0.547
Mo,4/26/2021,10Y,0.083
Tu,4/27/2021,2Y,-0.662
Tu,4/27/2021,5Y,-0.542
Tu,4/27/2021,10Y,0.091
We,4/28/2021,2Y,-0.658
We,4/28/2021,5Y,-0.53
We,4/28/2021,10Y,0.112
Th,4/29/2021,2Y,-0.654
Th,4/29/2021,5Y,-0.512
Th,4/29/2021,10Y,0.155
Fr,4/30/2021,2Y,-0.659
Fr,4/30/2021,5Y,-0.518
Fr,4/30/2021,10Y,0.156
Mo,5/3/2021,2Y,-0.661
Mo,5/3/2021,5Y,-0.527
Mo,5/3/2021,10Y,0.149
Tu,5/4/2021,2Y,-0.663
Tu,5/4/2021,5Y,-0.539
Tu,5/4/2021,10Y,0.122
We,5/5/2021,2Y,-0.659
We,5/5/2021,5Y,-0.532
We,5/5/2021,10Y,0.137
Th,5/6/2021,2Y,-0.656
Th,5/6/2021,5Y,-0.528
Th,5/6/2021,10Y,0.144
Fr,5/7/2021,2Y,-0.648
Fr,5/7/2021,5Y,-0.507
Fr,5/7/2021,10Y,0.168
Mo,5/10/2021,2Y,-0.653
Mo,5/10/2021,5Y,-0.514
Mo,5/10/2021,10Y,0.164
Tu,5/11/2021,2Y,-0.636
Tu,5/11/2021,5Y,-0.481
Tu,5/11/2021,10Y,0.22
We,5/12/2021,2Y,-0.624
We,5/12/2021,5Y,-0.457
We,5/12/2021,10Y,0.259
Th,5/13/2021,2Y,-0.628
Th,5/13/2021,5Y,-0.449
Th,5/13/2021,10Y,0.268
Fr,5/14/2021,2Y,-0.627
Fr,5/14/2021,5Y,-0.455
Fr,5/14/2021,10Y,0.26
Mo,5/17/2021,2Y,-0.617
Mo,5/17/2021,5Y,-0.443
Mo,5/17/2021,10Y,0.287
Tu,5/18/2021,2Y,-0.61
Tu,5/18/2021,5Y,-0.443
Tu,5/18/2021,10Y,0.292
We,5/19/2021,2Y,-0.62
We,5/19/2021,5Y,-0.442
We,5/19/2021,10Y,0.283
Th,5/20/2021,2Y,-0.632
Th,5/20/2021,5Y,-0.457
Th,5/20/2021,10Y,0.263
Fr,5/21/2021,2Y,-0.636
Fr,5/21/2021,5Y,-0.474
Fr,5/21/2021,10Y,0.245
Mo,5/24/2021,2Y,-0.643
Mo,5/24/2021,5Y,-0.48
Mo,5/24/2021,10Y,0.234
Tu,5/25/2021,2Y,-0.644
Tu,5/25/2021,5Y,-0.504
Tu,5/25/2021,10Y,0.195
We,5/26/2021,2Y,-0.661
We,5/26/2021,5Y,-0.523
We,5/26/2021,10Y,0.153
Th,5/27/2021,2Y,-0.653
Th,5/27/2021,5Y,-0.506
Th,5/27/2021,10Y,0.185
Fr,5/28/2021,2Y,-0.651
Fr,5/28/2021,5Y,-0.512
Fr,5/28/2021,10Y,0.172
Mo,5/31/2021,2Y,-0.65
Mo,5/31/2021,5Y,-0.512
Mo,5/31/2021,10Y,0.168
Tu,6/1/2021,2Y,-0.654
Tu,6/1/2021,5Y,-0.512
Tu,6/1/2021,10Y,0.177
We,6/2/2021,2Y,-0.657
We,6/2/2021,5Y,-0.525
We,6/2/2021,10Y,0.159
Th,6/3/2021,2Y,-0.652
Th,6/3/2021,5Y,-0.519
Th,6/3/2021,10Y,0.174
Fr,6/4/2021,2Y,-0.653
Fr,6/4/2021,5Y,-0.534
Fr,6/4/2021,10Y,0.153
Mo,6/7/2021,2Y,-0.645
Mo,6/7/2021,5Y,-0.52
Mo,6/7/2021,10Y,0.171
Tu,6/8/2021,2Y,-0.644
Tu,6/8/2021,5Y,-0.53
Tu,6/8/2021,10Y,0.141
We,6/9/2021,2Y,-0.658
We,6/9/2021,5Y,-0.544
We,6/9/2021,10Y,0.121
Th,6/10/2021,2Y,-0.66
Th,6/10/2021,5Y,-0.549
Th,6/10/2021,10Y,0.114
Fr,6/11/2021,2Y,-0.656
Fr,6/11/2021,5Y,-0.553
Fr,6/11/2021,10Y,0.096
Mo,6/14/2021,2Y,-0.64
Mo,6/14/2021,5Y,-0.533
Mo,6/14/2021,10Y,0.126
Tu,6/15/2021,2Y,-0.651
Tu,6/15/2021,5Y,-0.529
Tu,6/15/2021,10Y,0.146
We,6/16/2021,2Y,-0.655
We,6/16/2021,5Y,-0.538
We,6/16/2021,10Y,0.133
Th,6/17/2021,2Y,-0.652
Th,6/17/2021,5Y,-0.514
Th,6/17/2021,10Y,0.153
Fr,6/18/2021,2Y,-0.647
Fr,6/18/2021,5Y,-0.502
Fr,6/18/2021,10Y,0.16
Mo,6/21/2021,2Y,-0.633
Mo,6/21/2021,5Y,-0.491
Mo,6/21/2021,10Y,0.165
Tu,6/22/2021,2Y,-0.637
Tu,6/22/2021,5Y,-0.496
Tu,6/22/2021,10Y,0.169
We,6/23/2021,2Y,-0.645
We,6/23/2021,5Y,-0.509
We,6/23/2021,10Y,0.155
Th,6/24/2021,2Y,-0.635
Th,6/24/2021,5Y,-0.507
Th,6/24/2021,10Y,0.146
Fr,6/25/2021,2Y,-0.633
Fr,6/25/2021,5Y,-0.485
Fr,6/25/2021,10Y,0.195
Mo,6/28/2021,2Y,-0.642
Mo,6/28/2021,5Y,-0.512
Mo,6/28/2021,10Y,0.154
Tu,6/29/2021,2Y,-0.637
Tu,6/29/2021,5Y,-0.504
Tu,6/29/2021,10Y,0.169
We,6/30/2021,2Y,-0.644
We,6/30/2021,5Y,-0.528
We,6/30/2021,10Y,0.125
Th,7/1/2021,2Y,-0.649
Th,7/1/2021,5Y,-0.53
Th,7/1/2021,10Y,0.123
Fr,7/2/2021,2Y,-0.647
Fr,7/2/2021,5Y,-0.548
Fr,7/2/2021,10Y,0.092
Mo,7/5/2021,2Y,-0.643
Mo,7/5/2021,5Y,-0.531
Mo,7/5/2021,10Y,0.12
Tu,7/6/2021,2Y,-0.652
Tu,7/6/2021,5Y,-0.56
Tu,7/6/2021,10Y,0.06
We,7/7/2021,2Y,-0.649
We,7/7/2021,5Y,-0.564
We,7/7/2021,10Y,0.036
Th,7/8/2021,2Y,-0.651
Th,7/8/2021,5Y,-0.563
Th,7/8/2021,10Y,0.04
Fr,7/9/2021,2Y,-0.643
Fr,7/9/2021,5Y,-0.557
Fr,7/9/2021,10Y,0.052
Mo,7/12/2021,2Y,-0.639
Mo,7/12/2021,5Y,-0.555
Mo,7/12/2021,10Y,0.047
Tu,7/13/2021,2Y,-0.64
Tu,7/13/2021,5Y,-0.556
Tu,7/13/2021,10Y,0.038
We,7/14/2021,2Y,-0.654
We,7/14/2021,5Y,-0.574
We,7/14/2021,10Y,0.015
Th,7/15/2021,2Y,-0.662
Th,7/15/2021,5Y,-0.588
Th,7/15/2021,10Y,-0.001
Fr,7/16/2021,2Y,-0.662
Fr,7/16/2021,5Y,-0.601
Fr,7/16/2021,10Y,-0.017
Mo,7/19/2021,2Y,-0.671
Mo,7/19/2021,5Y,-0.614
Mo,7/19/2021,10Y,-0.04
Tu,7/20/2021,2Y,-0.686
Tu,7/20/2021,5Y,-0.635
Tu,7/20/2021,10Y,-0.058
We,7/21/2021,2Y,-0.681
We,7/21/2021,5Y,-0.632
We,7/21/2021,10Y,-0.047
Th,7/22/2021,2Y,-0.686
Th,7/22/2021,5Y,-0.649
Th,7/22/2021,10Y,-0.085
Fr,7/23/2021,2Y,-0.694
Fr,7/23/2021,5Y,-0.657
Fr,7/23/2021,10Y,-0.089
Mo,7/26/2021,2Y,-0.697
Mo,7/26/2021,5Y,-0.657
Mo,7/26/2021,10Y,-0.078
Tu,7/27/2021,2Y,-0.705
Tu,7/27/2021,5Y,-0.51
Tu,7/27/2021,10Y,-0.09
We,7/28/2021,2Y,-0.714
We,7/28/2021,5Y,-0.512
We,7/28/2021,10Y,-0.089
Th,7/29/2021,2Y,-0.716
Th,7/29/2021,5Y,-0.524
Th,7/29/2021,10Y,-0.097
Fr,7/30/2021,2Y,-0.717
Fr,7/30/2021,5Y,-0.528
Fr,7/30/2021,10Y,-0.107
Mo,8/2/2021,2Y,-0.721
Mo,8/2/2021,5Y,-0.55
Mo,8/2/2021,10Y,-0.138
Tu,8/3/2021,2Y,-0.711
Tu,8/3/2021,5Y,-0.545
Tu,8/3/2021,10Y,-0.135
We,8/4/2021,2Y,-0.722
We,8/4/2021,5Y,-0.562
We,8/4/2021,10Y,-0.153
Th,8/5/2021,2Y,-0.718
Th,8/5/2021,5Y,-0.559
Th,8/5/2021,10Y,-0.161
Fr,8/6/2021,2Y,-0.702
Fr,8/6/2021,5Y,-0.523
Fr,8/6/2021,10Y,-0.121
Mo,8/9/2021,2Y,-0.699
Mo,8/9/2021,5Y,-0.519
Mo,8/9/2021,10Y,-0.127
Tu,8/10/2021,2Y,-0.706
Tu,8/10/2021,5Y,-0.518
Tu,8/10/2021,10Y,-0.129
We,8/11/2021,2Y,-0.723
We,8/11/2021,5Y,-0.521
We,8/11/2021,10Y,-0.127
Th,8/12/2021,2Y,-0.715
Th,8/12/2021,5Y,-0.518
Th,8/12/2021,10Y,-0.129
Fr,8/13/2021,2Y,-0.706
Fr,8/13/2021,5Y,-0.515
Fr,8/13/2021,10Y,-0.131
Mo,8/16/2021,2Y,-0.708
Mo,8/16/2021,5Y,-0.514
Mo,8/16/2021,10Y,-0.124
Tu,8/17/2021,2Y,-0.709
Tu,8/17/2021,5Y,-0.513
Tu,8/17/2021,10Y,-0.125
We,8/18/2021,2Y,-0.722
We,8/18/2021,5Y,-0.523
We,8/18/2021,10Y,-0.135
Th,8/19/2021,2Y,-0.73
Th,8/19/2021,5Y,-0.529
Th,8/19/2021,10Y,-0.145
Fr,8/20/2021,2Y,-0.733
Fr,8/20/2021,5Y,-0.536
Fr,8/20/2021,10Y,-0.15
Mo,8/23/2021,2Y,-0.733
Mo,8/23/2021,5Y,-0.528
Mo,8/23/2021,10Y,-0.135
Tu,8/24/2021,2Y,-0.73
Tu,8/24/2021,5Y,-0.523
Tu,8/24/2021,10Y,-0.131
We,8/25/2021,2Y,-0.722
We,8/25/2021,5Y,-0.482
We,8/25/2021,10Y,-0.069
Th,8/26/2021,2Y,-0.721
Th,8/26/2021,5Y,-0.47
Th,8/26/2021,10Y,-0.053
Fr,8/27/2021,2Y,-0.719
Fr,8/27/2021,5Y,-0.482
Fr,8/27/2021,10Y,-0.07
Mo,8/30/2021,2Y,-0.721
Mo,8/30/2021,5Y,-0.493
Mo,8/30/2021,10Y,-0.087
Tu,8/31/2021,2Y,-0.704
Tu,8/31/2021,5Y,-0.451
Tu,8/31/2021,10Y,-0.032
We,9/1/2021,2Y,-0.702
We,9/1/2021,5Y,-0.455
We,9/1/2021,10Y,-0.027
Th,9/2/2021,2Y,-0.709
Th,9/2/2021,5Y,-0.469
Th,9/2/2021,10Y,-0.037
Fr,9/3/2021,2Y,-0.702
Fr,9/3/2021,5Y,-0.452
Fr,9/3/2021,10Y,-0.019
Mo,9/6/2021,2Y,-0.694
Mo,9/6/2021,5Y,-0.456
Mo,9/6/2021,10Y,-0.028
Tu,9/7/2021,2Y,-0.679
Tu,9/7/2021,5Y,-0.412
Tu,9/7/2021,10Y,0.024
We,9/8/2021,2Y,-0.677
We,9/8/2021,5Y,-0.412
We,9/8/2021,10Y,0.018
Th,9/9/2021,2Y,-0.69
Th,9/9/2021,5Y,-0.454
Th,9/9/2021,10Y,-0.036
Fr,9/10/2021,2Y,-0.683
Fr,9/10/2021,5Y,-0.425
Fr,9/10/2021,10Y,-0.001
Mo,9/13/2021,2Y,-0.687
Mo,9/13/2021,5Y,-0.43
Mo,9/13/2021,10Y,-0.002
Tu,9/14/2021,2Y,-0.689
Tu,9/14/2021,5Y,-0.436
Tu,9/14/2021,10Y,-0.017
We,9/15/2021,2Y,-0.686
We,9/15/2021,5Y,-0.413
We,9/15/2021,10Y,0.025
Th,9/16/2021,2Y,-0.696
Th,9/16/2021,5Y,-0.42
Th,9/16/2021,10Y,0.025
Fr,9/17/2021,2Y,-0.694
Fr,9/17/2021,5Y,-0.406
Fr,9/17/2021,10Y,0.047
Mo,9/20/2021,2Y,-0.706
Mo,9/20/2021,5Y,-0.428
Mo,9/20/2021,10Y,0.021
Tu,9/21/2021,2Y,-0.698
Tu,9/21/2021,5Y,-0.428
Tu,9/21/2021,10Y,0.018
We,9/22/2021,2Y,-0.699
We,9/22/2021,5Y,-0.43
We,9/22/2021,10Y,0.009
Th,9/23/2021,2Y,-0.693
Th,9/23/2021,5Y,-0.378
Th,9/23/2021,10Y,0.073
Fr,9/24/2021,2Y,-0.702
Fr,9/24/2021,5Y,-0.357
Fr,9/24/2021,10Y,0.111
Mo,9/27/2021,2Y,-0.697
Mo,9/27/2021,5Y,-0.348
Mo,9/27/2021,10Y,0.118
Tu,9/28/2021,2Y,-0.7
Tu,9/28/2021,5Y,-0.328
Tu,9/28/2021,10Y,0.148
We,9/29/2021,2Y,-0.695
We,9/29/2021,5Y,-0.338
We,9/29/2021,10Y,0.135
Th,9/30/2021,2Y,-0.694
Th,9/30/2021,5Y,-0.336
Th,9/30/2021,10Y,0.153
Fr,10/1/2021,2Y,-0.7
Fr,10/1/2021,5Y,-0.36
Fr,10/1/2021,10Y,0.122
Mo,10/4/2021,2Y,-0.7
Mo,10/4/2021,5Y,-0.354
Mo,10/4/2021,10Y,0.134
Tu,10/5/2021,2Y,-0.69
Tu,10/5/2021,5Y,-0.339
Tu,10/5/2021,10Y,0.159
We,10/6/2021,2Y,-0.69
We,10/6/2021,5Y,-0.334
We,10/6/2021,10Y,0.168
Th,10/7/2021,2Y,-0.698
Th,10/7/2021,5Y,-0.35
Th,10/7/2021,10Y,0.157
Fr,10/8/2021,2Y,-0.689
Fr,10/8/2021,5Y,-0.324
Fr,10/8/2021,10Y,0.19
Mo,10/11/2021,2Y,-0.68
Mo,10/11/2021,5Y,-0.298
Mo,10/11/2021,10Y,0.216
Tu,10/12/2021,2Y,-0.668
Tu,10/12/2021,5Y,-0.264
Tu,10/12/2021,10Y,0.245
We,10/13/2021,2Y,-0.672
We,10/13/2021,5Y,-0.277
We,10/13/2021,10Y,0.205
Th,10/14/2021,2Y,-0.691
Th,10/14/2021,5Y,-0.327
Th,10/14/2021,10Y,0.143
Fr,10/15/2021,2Y,-0.686
Fr,10/15/2021,5Y,-0.309
Fr,10/15/2021,10Y,0.172
Mo,10/18/2021,2Y,-0.648
Mo,10/18/2021,5Y,-0.256
Mo,10/18/2021,10Y,0.194
Tu,10/19/2021,2Y,-0.643
Tu,10/19/2021,5Y,-0.233
Tu,10/19/2021,10Y,0.237
We,10/20/2021,2Y,-0.675
We,10/20/2021,5Y,-0.27
We,10/20/2021,10Y,0.211
Th,10/21/2021,2Y,-0.659
Th,10/21/2021,5Y,-0.237
Th,10/21/2021,10Y,0.232
Fr,10/22/2021,2Y,-0.655
Fr,10/22/2021,5Y,-0.225
Fr,10/22/2021,10Y,0.232
Mo,10/25/2021,2Y,-0.67
Mo,10/25/2021,5Y,-0.252
Mo,10/25/2021,10Y,0.22
Tu,10/26/2021,2Y,-0.665
Tu,10/26/2021,5Y,-0.241
Tu,10/26/2021,10Y,0.224
We,10/27/2021,2Y,-0.663
We,10/27/2021,5Y,-0.272
We,10/27/2021,10Y,0.166
Th,10/28/2021,2Y,-0.654
Th,10/28/2021,5Y,-0.228
Th,10/28/2021,10Y,0.213
Fr,10/29/2021,2Y,-0.633
Fr,10/29/2021,5Y,-0.167
Fr,10/29/2021,10Y,0.268
Mo,11/1/2021,2Y,-0.636
Mo,11/1/2021,5Y,-0.182
Mo,11/1/2021,10Y,0.271
Tu,11/2/2021,2Y,-0.67
Tu,11/2/2021,5Y,-0.267
Tu,11/2/2021,10Y,0.186
We,11/3/2021,2Y,-0.671
We,11/3/2021,5Y,-0.27
We,11/3/2021,10Y,0.178
Th,11/4/2021,2Y,-0.736
Th,11/4/2021,5Y,-0.362
Th,11/4/2021,10Y,0.114
Fr,11/5/2021,2Y,-0.742
Fr,11/5/2021,5Y,-0.389
Fr,11/5/2021,10Y,0.06
Mo,11/8/2021,2Y,-0.74
Mo,11/8/2021,5Y,-0.366
Mo,11/8/2021,10Y,0.097
Tu,11/9/2021,2Y,-0.761
Tu,11/9/2021,5Y,-0.399
Tu,11/9/2021,10Y,0.042
We,11/10/2021,2Y,-0.761
We,11/10/2021,5Y,-0.335
We,11/10/2021,10Y,0.111
Th,11/11/2021,2Y,-0.778
Th,11/11/2021,5Y,-0.318
Th,11/11/2021,10Y,0.125
Fr,11/12/2021,2Y,-0.795
Fr,11/12/2021,5Y,-0.356
Fr,11/12/2021,10Y,0.096
Mo,11/15/2021,2Y,-0.773
Mo,11/15/2021,5Y,-0.314
Mo,11/15/2021,10Y,0.126
Tu,11/16/2021,2Y,-0.81
Tu,11/16/2021,5Y,-0.357
Tu,11/16/2021,10Y,0.109
We,11/17/2021,2Y,-0.81
We,11/17/2021,5Y,-0.358
We,11/17/2021,10Y,0.109
Th,11/18/2021,2Y,-0.802
Th,11/18/2021,5Y,-0.387
Th,11/18/2021,10Y,0.068
Fr,11/19/2021,2Y,-0.816
Fr,11/19/2021,5Y,-0.437
Fr,11/19/2021,10Y,0.002
Mo,11/22/2021,2Y,-0.801
Mo,11/22/2021,5Y,-0.391
Mo,11/22/2021,10Y,0.05
Tu,11/23/2021,2Y,-0.802
Tu,11/23/2021,5Y,-0.329
Tu,11/23/2021,10Y,0.136
We,11/24/2021,2Y,-0.826
We,11/24/2021,5Y,-0.337
We,11/24/2021,10Y,0.137
Th,11/25/2021,2Y,-0.812
Th,11/25/2021,5Y,-0.351
Th,11/25/2021,10Y,0.113
Fr,11/26/2021,2Y,-0.813
Fr,11/26/2021,5Y,-0.419
Fr,11/26/2021,10Y,0.033
Mo,11/29/2021,2Y,-0.802
Mo,11/29/2021,5Y,-0.406
Mo,11/29/2021,10Y,0.043
Tu,11/30/2021,2Y,-0.792
Tu,11/30/2021,5Y,-0.408
Tu,11/30/2021,10Y,0.009
We,12/1/2021,2Y,-0.776
We,12/1/2021,5Y,-0.377
We,12/1/2021,10Y,0.019
Th,12/2/2021,2Y,-0.797
Th,12/2/2021,5Y,-0.416
Th,12/2/2021,10Y,-0.012
Fr,12/3/2021,2Y,-0.798
Fr,12/3/2021,5Y,-0.425
Fr,12/3/2021,10Y,-0.033
Mo,12/6/2021,2Y,-0.79
Mo,12/6/2021,5Y,-0.425
Mo,12/6/2021,10Y,-0.036
Tu,12/7/2021,2Y,-0.779
Tu,12/7/2021,5Y,-0.408
Tu,12/7/2021,10Y,-0.026
We,12/8/2021,2Y,-0.761
We,12/8/2021,5Y,-0.359
We,12/8/2021,10Y,0.044
Th,12/9/2021,2Y,-0.766
Th,12/9/2021,5Y,-0.396
Th,12/9/2021,10Y,-0.002
Fr,12/10/2021,2Y,-0.738
Fr,12/10/2021,5Y,-0.383
Fr,12/10/2021,10Y,0
Mo,12/13/2021,2Y,-0.693
Mo,12/13/2021,5Y,-0.406
Mo,12/13/2021,10Y,-0.035
Tu,12/14/2021,2Y,-0.676
Tu,12/14/2021,5Y,-0.391
Tu,12/14/2021,10Y,-0.02
We,12/15/2021,2Y,-0.675
We,12/15/2021,5Y,-0.392
We,12/15/2021,10Y,-0.016
Th,12/16/2021,2Y,-0.672
Th,12/16/2021,5Y,-0.388
Th,12/16/2021,10Y,0.006
Fr,12/17/2021,2Y,-0.681
Fr,12/17/2021,5Y,-0.417
Fr,12/17/2021,10Y,-0.03
Mo,12/20/2021,2Y,-0.683
Mo,12/20/2021,5Y,-0.421
Mo,12/20/2021,10Y,-0.017
Tu,12/21/2021,2Y,-0.687
Tu,12/21/2021,5Y,-0.369
Tu,12/21/2021,10Y,0.057
We,12/22/2021,2Y,-0.697
We,12/22/2021,5Y,-0.353
We,12/22/2021,10Y,0.074
Th,12/23/2021,2Y,-0.696
Th,12/23/2021,5Y,-0.321
Th,12/23/2021,10Y,0.118
Fr,12/24/2021,2Y,-0.698
Fr,12/24/2021,5Y,-0.321
Fr,12/24/2021,10Y,0.119
Mo,12/27/2021,2Y,-0.671
Mo,12/27/2021,5Y,-0.299
Mo,12/27/2021,10Y,0.126
Tu,12/28/2021,2Y,-0.674
Tu,12/28/2021,5Y,-0.293
Tu,12/28/2021,10Y,0.127
We,12/29/2021,2Y,-0.68
We,12/29/2021,5Y,-0.263
We,12/29/2021,10Y,0.191
Th,12/30/2021,2Y,-0.693
Th,12/30/2021,5Y,-0.262
Th,12/30/2021,10Y,0.194
Fr,12/31/2021,2Y,-0.695
Fr,12/31/2021,5Y,-0.262
Fr,12/31/2021,10Y,0.195
Mo,1/3/2022,2Y,-0.68
Mo,1/3/2022,5Y,-0.221
Mo,1/3/2022,10Y,0.244
Tu,1/4/2022,2Y,-0.683
Tu,1/4/2022,5Y,-0.233
Tu,1/4/2022,10Y,0.233
We,1/5/2022,2Y,-0.671
We,1/5/2022,5Y,-0.242
We,1/5/2022,10Y,0.229
Th,1/6/2022,2Y,-0.664
Th,1/6/2022,5Y,-0.211
Th,1/6/2022,10Y,0.261
Fr,1/7/2022,2Y,-0.66
Fr,1/7/2022,5Y,-0.187
Fr,1/7/2022,10Y,0.285
Mo,1/10/2022,2Y,-0.651
Mo,1/10/2022,5Y,-0.178
Mo,1/10/2022,10Y,0.284
Tu,1/11/2022,2Y,-0.643
Tu,1/11/2022,5Y,-0.157
Tu,1/11/2022,10Y,0.347
We,1/12/2022,2Y,-0.639
We,1/12/2022,5Y,-0.183
We,1/12/2022,10Y,0.321
Th,1/13/2022,2Y,-0.642
Th,1/13/2022,5Y,-0.204
Th,1/13/2022,10Y,0.288
Fr,1/14/2022,2Y,-0.648
Fr,1/14/2022,5Y,-0.161
Fr,1/14/2022,10Y,0.332
Mo,1/17/2022,2Y,-0.645
Mo,1/17/2022,5Y,-0.137
Mo,1/17/2022,10Y,0.355
Tu,1/18/2022,2Y,-0.644
Tu,1/18/2022,5Y,-0.139
Tu,1/18/2022,10Y,0.368
We,1/19/2022,2Y,-0.643
We,1/19/2022,5Y,-0.134
We,1/19/2022,10Y,0.38
Th,1/20/2022,2Y,-0.645
Th,1/20/2022,5Y,-0.141
Th,1/20/2022,10Y,0.363
Fr,1/21/2022,2Y,-0.651
Fr,1/21/2022,5Y,-0.169
Fr,1/21/2022,10Y,0.332
Mo,1/24/2022,2Y,-0.653
Mo,1/24/2022,5Y,-0.199
Mo,1/24/2022,10Y,0.305
Tu,1/25/2022,2Y,-0.653
Tu,1/25/2022,5Y,-0.178
Tu,1/25/2022,10Y,0.331
We,1/26/2022,2Y,-0.65
We,1/26/2022,5Y,-0.174
We,1/26/2022,10Y,0.336
Th,1/27/2022,2Y,-0.66
Th,1/27/2022,5Y,-0.146
Th,1/27/2022,10Y,0.344
Fr,1/28/2022,2Y,-0.661
Fr,1/28/2022,5Y,-0.129
Fr,1/28/2022,10Y,0.367
Mo,1/31/2022,2Y,-0.65
Mo,1/31/2022,5Y,-0.049
Mo,1/31/2022,10Y,0.424
Tu,2/1/2022,2Y,-0.652
Tu,2/1/2022,5Y,-0.025
Tu,2/1/2022,10Y,0.451
We,2/2/2022,2Y,-0.642
We,2/2/2022,5Y,-0.004
We,2/2/2022,10Y,0.45
Th,2/3/2022,2Y,-0.578
Th,2/3/2022,5Y,0.147
Th,2/3/2022,10Y,0.575
Fr,2/4/2022,2Y,-0.526
Fr,2/4/2022,5Y,0.243
Fr,2/4/2022,10Y,0.643
Mo,2/7/2022,2Y,-0.263
Mo,2/7/2022,5Y,0.26
Mo,2/7/2022,10Y,0.665
Tu,2/8/2022,2Y,-0.267
Tu,2/8/2022,5Y,0.294
Tu,2/8/2022,10Y,0.718
We,2/9/2022,2Y,-0.322
We,2/9/2022,5Y,0.227
We,2/9/2022,10Y,0.663
Th,2/10/2022,2Y,-0.286
Th,2/10/2022,5Y,0.298
Th,2/10/2022,10Y,0.746
Fr,2/11/2022,2Y,-0.258
Fr,2/11/2022,5Y,0.301
Fr,2/11/2022,10Y,0.765
Mo,2/14/2022,2Y,-0.293
Mo,2/14/2022,5Y,0.267
Mo,2/14/2022,10Y,0.76
Tu,2/15/2022,2Y,-0.294
Tu,2/15/2022,5Y,0.269
Tu,2/15/2022,10Y,0.777
We,2/16/2022,2Y,-0.313
We,2/16/2022,5Y,0.247
We,2/16/2022,10Y,0.748
Th,2/17/2022,2Y,-0.365
Th,2/17/2022,5Y,0.184
Th,2/17/2022,10Y,0.702
Fr,2/18/2022,2Y,-0.383
Fr,2/18/2022,5Y,0.137
Fr,2/18/2022,10Y,0.684
Mo,2/21/2022,2Y,-0.363
Mo,2/21/2022,5Y,0.179
Mo,2/21/2022,10Y,0.715
Tu,2/22/2022,2Y,-0.313
Tu,2/22/2022,5Y,0.216
Tu,2/22/2022,10Y,0.733
We,2/23/2022,2Y,-0.295
We,2/23/2022,5Y,0.23
We,2/23/2022,10Y,0.731
Th,2/24/2022,2Y,-0.347
Th,2/24/2022,5Y,0.161
Th,2/24/2022,10Y,0.662
Fr,2/25/2022,2Y,-0.32
Fr,2/25/2022,5Y,0.212
Fr,2/25/2022,10Y,0.704
Mo,2/28/2022,2Y,-0.463
Mo,2/28/2022,5Y,0.054
Mo,2/28/2022,10Y,0.604
Tu,3/1/2022,2Y,-0.678
Tu,3/1/2022,5Y,-0.23
Tu,3/1/2022,10Y,0.362
We,3/2/2022,2Y,-0.535
We,3/2/2022,5Y,-0.054
We,3/2/2022,10Y,0.481
Th,3/3/2022,2Y,-0.535
Th,3/3/2022,5Y,-0.062
Th,3/3/2022,10Y,0.492
Fr,3/4/2022,2Y,-0.612
Fr,3/4/2022,5Y,-0.142
Fr,3/4/2022,10Y,0.431
Mo,3/7/2022,2Y,-0.585
Mo,3/7/2022,5Y,-0.102
Mo,3/7/2022,10Y,0.469
Tu,3/8/2022,2Y,-0.538
Tu,3/8/2022,5Y,-0.026
Tu,3/8/2022,10Y,0.556
We,3/9/2022,2Y,-0.435
We,3/9/2022,5Y,0.07
We,3/9/2022,10Y,0.658
Th,3/10/2022,2Y,-0.328
Th,3/10/2022,5Y,0.208
Th,3/10/2022,10Y,0.743
Fr,3/11/2022,2Y,-0.341
Fr,3/11/2022,5Y,0.202
Fr,3/11/2022,10Y,0.719
Mo,3/14/2022,2Y,-0.28
Mo,3/14/2022,5Y,0.295
Mo,3/14/2022,10Y,0.832
Tu,3/15/2022,2Y,-0.343
Tu,3/15/2022,5Y,0.236
Tu,3/15/2022,10Y,0.804
We,3/16/2022,2Y,-0.277
We,3/16/2022,5Y,0.304
We,3/16/2022,10Y,0.846
Th,3/17/2022,2Y,-0.286
Th,3/17/2022,5Y,0.3
Th,3/17/2022,10Y,0.833
Fr,3/18/2022,2Y,-0.288
Fr,3/18/2022,5Y,0.292
Fr,3/18/2022,10Y,0.827
Mo,3/21/2022,2Y,-0.24
Mo,3/21/2022,5Y,0.382
Mo,3/21/2022,10Y,0.924
Tu,3/22/2022,2Y,-0.2
Tu,3/22/2022,5Y,0.433
Tu,3/22/2022,10Y,0.958
We,3/23/2022,2Y,-0.205
We,3/23/2022,5Y,0.397
We,3/23/2022,10Y,0.923
Th,3/24/2022,2Y,-0.163
Th,3/24/2022,5Y,0.47
Th,3/24/2022,10Y,0.979
Fr,3/25/2022,2Y,-0.109
Fr,3/25/2022,5Y,0.544
Fr,3/25/2022,10Y,1.012
Mo,3/28/2022,2Y,-0.099
Mo,3/28/2022,5Y,0.553
Mo,3/28/2022,10Y,1.002
Tu,3/29/2022,2Y,-0.039
Tu,3/29/2022,5Y,0.628
Tu,3/29/2022,10Y,1.049
We,3/30/2022,2Y,0.018
We,3/30/2022,5Y,0.675
We,3/30/2022,10Y,1.073
Th,3/31/2022,2Y,-0.033
Th,3/31/2022,5Y,0.572
Th,3/31/2022,10Y,0.978
Fr,4/1/2022,2Y,-0.017
Fr,4/1/2022,5Y,0.593
Fr,4/1/2022,10Y,1.02
Mo,4/4/2022,2Y,-0.009
Mo,4/4/2022,5Y,0.588
Mo,4/4/2022,10Y,1.001
Tu,4/5/2022,2Y,0.049
Tu,4/5/2022,5Y,0.719
Tu,4/5/2022,10Y,1.15
We,4/6/2022,2Y,0.034
We,4/6/2022,5Y,0.717
We,4/6/2022,10Y,1.181
Th,4/7/2022,2Y,0.051
Th,4/7/2022,5Y,0.745
Th,4/7/2022,10Y,1.226
Fr,4/8/2022,2Y,0.115
Fr,4/8/2022,5Y,0.805
Fr,4/8/2022,10Y,1.259
Mo,4/11/2022,2Y,0.182
Mo,4/11/2022,5Y,0.853
Mo,4/11/2022,10Y,1.315
Tu,4/12/2022,2Y,0.135
Tu,4/12/2022,5Y,0.802
Tu,4/12/2022,10Y,1.295
We,4/13/2022,2Y,0.104
We,4/13/2022,5Y,0.781
We,4/13/2022,10Y,1.261
Th,4/14/2022,2Y,0.08
Th,4/14/2022,5Y,0.802
Th,4/14/2022,10Y,1.33
Fr,4/15/2022,2Y,0.08
Fr,4/15/2022,5Y,0.802
Fr,4/15/2022,10Y,1.33
Mo,4/18/2022,2Y,0.08
Mo,4/18/2022,5Y,0.802
Mo,4/18/2022,10Y,1.33
Tu,4/19/2022,2Y,0.07
Tu,4/19/2022,5Y,0.822
Tu,4/19/2022,10Y,1.379
We,4/20/2022,2Y,0.065
We,4/20/2022,5Y,0.803
We,4/20/2022,10Y,1.332
Th,4/21/2022,2Y,0.194
Th,4/21/2022,5Y,0.91
Th,4/21/2022,10Y,1.402
Fr,4/22/2022,2Y,0.28
Fr,4/22/2022,5Y,0.952
Fr,4/22/2022,10Y,1.42
Mo,4/25/2022,2Y,0.164
Mo,4/25/2022,5Y,0.805
Mo,4/25/2022,10Y,1.31
Tu,4/26/2022,2Y,0.164
Tu,4/26/2022,5Y,0.796
Tu,4/26/2022,10Y,1.313
We,4/27/2022,2Y,0.124
We,4/27/2022,5Y,0.762
We,4/27/2022,10Y,1.302
Th,4/28/2022,2Y,0.202
Th,4/28/2022,5Y,0.866
Th,4/28/2022,10Y,1.399
Fr,4/29/2022,2Y,0.249
Fr,4/29/2022,5Y,0.894
Fr,4/29/2022,10Y,1.457
Mo,5/2/2022,2Y,0.236
Mo,5/2/2022,5Y,0.913
Mo,5/2/2022,10Y,1.491
Tu,5/3/2022,2Y,0.264
Tu,5/3/2022,5Y,0.935
Tu,5/3/2022,10Y,1.481
We,5/4/2022,2Y,0.258
We,5/4/2022,5Y,0.952
We,5/4/2022,10Y,1.499
Th,5/5/2022,2Y,0.267
Th,5/5/2022,5Y,0.999
Th,5/5/2022,10Y,1.572
Fr,5/6/2022,2Y,0.308
Fr,5/6/2022,5Y,1.082
Fr,5/6/2022,10Y,1.655
Mo,5/9/2022,2Y,0.247
Mo,5/9/2022,5Y,1.013
Mo,5/9/2022,10Y,1.631
Tu,5/10/2022,2Y,0.18
Tu,5/10/2022,5Y,0.93
Tu,5/10/2022,10Y,1.533
We,5/11/2022,2Y,0.145
We,5/11/2022,5Y,0.893
We,5/11/2022,10Y,1.497
Th,5/12/2022,2Y,0.049
Th,5/12/2022,5Y,0.746
Th,5/12/2022,10Y,1.357
Fr,5/13/2022,2Y,0.104
Fr,5/13/2022,5Y,0.831
Fr,5/13/2022,10Y,1.458
Mo,5/16/2022,2Y,0.124
Mo,5/16/2022,5Y,0.841
Mo,5/16/2022,10Y,1.443
Tu,5/17/2022,2Y,0.233
Tu,5/17/2022,5Y,0.964
Tu,5/17/2022,10Y,1.548
We,5/18/2022,2Y,0.264
We,5/18/2022,5Y,0.967
We,5/18/2022,10Y,1.526
Th,5/19/2022,2Y,0.259
Th,5/19/2022,5Y,0.918
Th,5/19/2022,10Y,1.452
Fr,5/20/2022,2Y,0.236
Fr,5/20/2022,5Y,0.887
Fr,5/20/2022,10Y,1.468
Mo,5/23/2022,2Y,0.302
Mo,5/23/2022,5Y,0.976
Mo,5/23/2022,10Y,1.537
Tu,5/24/2022,2Y,0.261
Tu,5/24/2022,5Y,0.931
Tu,5/24/2022,10Y,1.495
We,5/25/2022,2Y,0.218
We,5/25/2022,5Y,0.896
We,5/25/2022,10Y,1.481
Th,5/26/2022,2Y,0.216
Th,5/26/2022,5Y,0.916
Th,5/26/2022,10Y,1.511
Fr,5/27/2022,2Y,0.212
Fr,5/27/2022,5Y,0.893
Fr,5/27/2022,10Y,1.477
Mo,5/30/2022,2Y,0.293
Mo,5/30/2022,5Y,0.994
Mo,5/30/2022,10Y,1.562
Tu,5/31/2022,2Y,0.344
Tu,5/31/2022,5Y,1.064
Tu,5/31/2022,10Y,1.636
We,6/1/2022,2Y,0.387
We,6/1/2022,5Y,1.129
We,6/1/2022,10Y,1.703
Th,6/2/2022,2Y,0.449
Th,6/2/2022,5Y,1.198
Th,6/2/2022,10Y,1.757
Fr,6/3/2022,2Y,0.452
Fr,6/3/2022,5Y,1.238
Fr,6/3/2022,10Y,1.799
Mo,6/6/2022,2Y,0.498
Mo,6/6/2022,5Y,1.276
Mo,6/6/2022,10Y,1.839
Tu,6/7/2022,2Y,0.494
Tu,6/7/2022,5Y,1.256
Tu,6/7/2022,10Y,1.804
We,6/8/2022,2Y,0.532
We,6/8/2022,5Y,1.307
We,6/8/2022,10Y,1.874
Th,6/9/2022,2Y,0.652
Th,6/9/2022,5Y,1.444
Th,6/9/2022,10Y,1.977
Fr,6/10/2022,2Y,0.802
Fr,6/10/2022,5Y,1.606
Fr,6/10/2022,10Y,2.093
Mo,6/13/2022,2Y,0.981
Mo,6/13/2022,5Y,1.803
Mo,6/13/2022,10Y,2.248
Tu,6/14/2022,2Y,1.066
Tu,6/14/2022,5Y,1.884
Tu,6/14/2022,10Y,2.387
We,6/15/2022,2Y,0.901
We,6/15/2022,5Y,1.72
We,6/15/2022,10Y,2.222
Th,6/16/2022,2Y,0.984
Th,6/16/2022,5Y,1.806
Th,6/16/2022,10Y,2.259
Fr,6/17/2022,2Y,0.896
Fr,6/17/2022,5Y,1.724
Fr,6/17/2022,10Y,2.199
Mo,6/20/2022,2Y,0.952
Mo,6/20/2022,5Y,1.815
Mo,6/20/2022,10Y,2.315
Tu,6/21/2022,2Y,0.944
Tu,6/21/2022,5Y,1.826
Tu,6/21/2022,10Y,2.332
We,6/22/2022,2Y,0.868
We,6/22/2022,5Y,1.83
We,6/22/2022,10Y,2.174
Th,6/23/2022,2Y,0.67
Th,6/23/2022,5Y,1.597
Th,6/23/2022,10Y,1.966
Fr,6/24/2022,2Y,0.66
Fr,6/24/2022,5Y,1.571
Fr,6/24/2022,10Y,1.968
Mo,6/27/2022,2Y,0.733
Mo,6/27/2022,5Y,1.693
Mo,6/27/2022,10Y,2.076
Tu,6/28/2022,2Y,0.786
Tu,6/28/2022,5Y,1.775
Tu,6/28/2022,10Y,2.172
We,6/29/2022,2Y,0.685
We,6/29/2022,5Y,1.647
We,6/29/2022,10Y,2.066
Th,6/30/2022,2Y,0.534
Th,6/30/2022,5Y,1.471
Th,6/30/2022,10Y,1.914
Fr,7/1/2022,2Y,0.417
Fr,7/1/2022,5Y,1.333
Fr,7/1/2022,10Y,1.794
Mo,7/4/2022,2Y,0.518
Mo,7/4/2022,5Y,1.468
Mo,7/4/2022,10Y,1.921
Tu,7/5/2022,2Y,0.381
Tu,7/5/2022,5Y,1.315
Tu,7/5/2022,10Y,1.783
We,7/6/2022,2Y,0.343
We,7/6/2022,5Y,1.279
We,7/6/2022,10Y,1.761
Th,7/7/2022,2Y,0.446
Th,7/7/2022,5Y,1.416
Th,7/7/2022,10Y,1.856
Fr,7/8/2022,2Y,0.472
Fr,7/8/2022,5Y,1.415
Fr,7/8/2022,10Y,1.877
Mo,7/11/2022,2Y,0.388
Mo,7/11/2022,5Y,1.301
Mo,7/11/2022,10Y,1.858
Tu,7/12/2022,2Y,0.304
Tu,7/12/2022,5Y,1.193
Tu,7/12/2022,10Y,1.729
We,7/13/2022,2Y,0.379
We,7/13/2022,5Y,1.239
We,7/13/2022,10Y,1.74
Th,7/14/2022,2Y,0.438
Th,7/14/2022,5Y,1.295
Th,7/14/2022,10Y,1.779
Fr,7/15/2022,2Y,0.386
Fr,7/15/2022,5Y,1.256
Fr,7/15/2022,10Y,1.743
Mo,7/18/2022,2Y,0.431
Mo,7/18/2022,5Y,1.334
Mo,7/18/2022,10Y,1.814
Tu,7/19/2022,2Y,0.538
Tu,7/19/2022,5Y,1.408
Tu,7/19/2022,10Y,1.845
We,7/20/2022,2Y,0.547
We,7/20/2022,5Y,1.4
We,7/20/2022,10Y,1.829
Th,7/21/2022,2Y,0.616
Th,7/21/2022,5Y,1.399
Th,7/21/2022,10Y,1.813
Fr,7/22/2022,2Y,0.397
Fr,7/22/2022,5Y,1.152
Fr,7/22/2022,10Y,1.617
Mo,7/25/2022,2Y,0.354
Mo,7/25/2022,5Y,1.127
Mo,7/25/2022,10Y,1.607
Tu,7/26/2022,2Y,0.291
Tu,7/26/2022,5Y,1.025
Tu,7/26/2022,10Y,1.516
We,7/27/2022,2Y,0.364
We,7/27/2022,5Y,1.065
We,7/27/2022,10Y,1.531
Th,7/28/2022,2Y,0.196
Th,7/28/2022,5Y,0.897
Th,7/28/2022,10Y,1.397
Fr,7/29/2022,2Y,0.182
Fr,7/29/2022,5Y,0.889
Fr,7/29/2022,10Y,1.375
Mo,8/1/2022,2Y,0.152
Mo,8/1/2022,5Y,0.87
Mo,8/1/2022,10Y,1.344
Tu,8/2/2022,2Y,0.274
Tu,8/2/2022,5Y,0.931
Tu,8/2/2022,10Y,1.404
We,8/3/2022,2Y,0.272
We,8/3/2022,5Y,0.978
We,8/3/2022,10Y,1.437
Th,8/4/2022,2Y,0.223
Th,8/4/2022,5Y,0.897
Th,8/4/2022,10Y,1.35
Fr,8/5/2022,2Y,0.356
Fr,8/5/2022,5Y,1.047
Fr,8/5/2022,10Y,1.488
Mo,8/8/2022,2Y,0.394
Mo,8/8/2022,5Y,1.014
Mo,8/8/2022,10Y,1.438
Tu,8/9/2022,2Y,0.436
Tu,8/9/2022,5Y,1.029
Tu,8/9/2022,10Y,1.468
We,8/10/2022,2Y,0.408
We,8/10/2022,5Y,1.005
We,8/10/2022,10Y,1.449
Th,8/11/2022,2Y,0.453
Th,8/11/2022,5Y,1.071
Th,8/11/2022,10Y,1.533
Fr,8/12/2022,2Y,0.492
Fr,8/12/2022,5Y,1.102
Fr,8/12/2022,10Y,1.541
Mo,8/15/2022,2Y,0.469
Mo,8/15/2022,5Y,1.026
Mo,8/15/2022,10Y,1.461
Tu,8/16/2022,2Y,0.466
Tu,8/16/2022,5Y,1.095
Tu,8/16/2022,10Y,1.537
We,8/17/2022,2Y,0.602
We,8/17/2022,5Y,1.243
We,8/17/2022,10Y,1.656
Th,8/18/2022,2Y,0.627
Th,8/18/2022,5Y,1.262
Th,8/18/2022,10Y,1.674
Fr,8/19/2022,2Y,0.702
Fr,8/19/2022,5Y,1.381
Fr,8/19/2022,10Y,1.804
Mo,8/22/2022,2Y,0.748
Mo,8/22/2022,5Y,1.469
Mo,8/22/2022,10Y,1.895
Tu,8/23/2022,2Y,0.698
Tu,8/23/2022,5Y,1.465
Tu,8/23/2022,10Y,1.917
We,8/24/2022,2Y,0.755
We,8/24/2022,5Y,1.535
We,8/24/2022,10Y,1.982
Th,8/25/2022,2Y,0.703
Th,8/25/2022,5Y,1.471
Th,8/25/2022,10Y,1.926
Fr,8/26/2022,2Y,0.794
Fr,8/26/2022,5Y,1.568
Fr,8/26/2022,10Y,2.014
Mo,8/29/2022,2Y,0.906
Mo,8/29/2022,5Y,1.687
Mo,8/29/2022,10Y,2.12
Tu,8/30/2022,2Y,0.962
Tu,8/30/2022,5Y,1.704
Tu,8/30/2022,10Y,2.127
We,8/31/2022,2Y,0.992
We,8/31/2022,5Y,1.737
We,8/31/2022,10Y,2.148
Th,9/1/2022,2Y,0.998
Th,9/1/2022,5Y,1.737
Th,9/1/2022,10Y,2.173
Fr,9/2/2022,2Y,0.913
Fr,9/2/2022,5Y,1.683
Fr,9/2/2022,10Y,2.143
Mo,9/5/2022,2Y,0.868
Mo,9/5/2022,5Y,1.735
Mo,9/5/2022,10Y,2.187
Tu,9/6/2022,2Y,0.883
Tu,9/6/2022,5Y,1.784
Tu,9/6/2022,10Y,2.223
We,9/7/2022,2Y,0.9
We,9/7/2022,5Y,1.73
We,9/7/2022,10Y,2.146
Th,9/8/2022,2Y,1.131
Th,9/8/2022,5Y,1.892
Th,9/8/2022,10Y,2.256
Fr,9/9/2022,2Y,1.202
Fr,9/9/2022,5Y,1.892
Fr,9/9/2022,10Y,2.264
Mo,9/12/2022,2Y,1.217
Mo,9/12/2022,5Y,1.839
Mo,9/12/2022,10Y,2.222
Tu,9/13/2022,2Y,1.279
Tu,9/13/2022,5Y,1.921
Tu,9/13/2022,10Y,2.286
We,9/14/2022,2Y,1.316
We,9/14/2022,5Y,1.934
We,9/14/2022,10Y,2.276
Th,9/15/2022,2Y,1.394
Th,9/15/2022,5Y,2.001
Th,9/15/2022,10Y,2.312
Fr,9/16/2022,2Y,1.465
Fr,9/16/2022,5Y,1.994
Fr,9/16/2022,10Y,2.302
Mo,9/19/2022,2Y,1.547
Mo,9/19/2022,5Y,2.053
Mo,9/19/2022,10Y,2.348
Tu,9/20/2022,2Y,1.634
Tu,9/20/2022,5Y,2.17
Tu,9/20/2022,10Y,2.474
We,9/21/2022,2Y,1.711
We,9/21/2022,5Y,2.176
We,9/21/2022,10Y,2.442
Th,9/22/2022,2Y,1.778
Th,9/22/2022,5Y,2.266
Th,9/22/2022,10Y,2.519
Fr,9/23/2022,2Y,1.843
Fr,9/23/2022,5Y,2.349
Fr,9/23/2022,10Y,2.595
Mo,9/26/2022,2Y,1.899
Mo,9/26/2022,5Y,2.44
Mo,9/26/2022,10Y,2.71
Tu,9/27/2022,2Y,1.892
Tu,9/27/2022,5Y,2.526
Tu,9/27/2022,10Y,2.832
We,9/28/2022,2Y,1.804
We,9/28/2022,5Y,2.392
We,9/28/2022,10Y,2.715
Th,9/29/2022,2Y,1.79
Th,9/29/2022,5Y,2.415
Th,9/29/2022,10Y,2.794
Fr,9/30/2022,2Y,1.783
Fr,9/30/2022,5Y,2.348
Fr,9/30/2022,10Y,2.716
Mo,10/3/2022,2Y,1.657
Mo,10/3/2022,5Y,2.156
Mo,10/3/2022,10Y,2.51
Tu,10/4/2022,2Y,1.624
Tu,10/4/2022,5Y,2.079
Tu,10/4/2022,10Y,2.459
We,10/5/2022,2Y,1.686
We,10/5/2022,5Y,2.243
We,10/5/2022,10Y,2.636
Th,10/6/2022,2Y,1.739
Th,10/6/2022,5Y,2.311
Th,10/6/2022,10Y,2.679
Fr,10/7/2022,2Y,1.852
Fr,10/7/2022,5Y,2.413
Fr,10/7/2022,10Y,2.795
Mo,10/10/2022,2Y,1.87
Mo,10/10/2022,5Y,2.483
Mo,10/10/2022,10Y,2.91
Tu,10/11/2022,2Y,1.841
Tu,10/11/2022,5Y,2.442
Tu,10/11/2022,10Y,2.88
We,10/12/2022,2Y,1.828
We,10/12/2022,5Y,2.452
We,10/12/2022,10Y,2.91
Th,10/13/2022,2Y,1.927
Th,10/13/2022,5Y,2.476
Th,10/13/2022,10Y,2.873
Fr,10/14/2022,2Y,1.971
Fr,10/14/2022,5Y,2.522
Fr,10/14/2022,10Y,2.936
Mo,10/17/2022,2Y,1.973
Mo,10/17/2022,5Y,2.479
Mo,10/17/2022,10Y,2.849
Tu,10/18/2022,2Y,1.942
Tu,10/18/2022,5Y,2.485
Tu,10/18/2022,10Y,2.856
We,10/19/2022,2Y,2.022
We,10/19/2022,5Y,2.61
We,10/19/2022,10Y,2.946
Th,10/20/2022,2Y,2.055
Th,10/20/2022,5Y,2.614
Th,10/20/2022,10Y,2.956
Fr,10/21/2022,2Y,2.044
Fr,10/21/2022,5Y,2.58
Fr,10/21/2022,10Y,2.967
Mo,10/24/2022,2Y,2.048
Mo,10/24/2022,5Y,2.505
Mo,10/24/2022,10Y,2.857
Tu,10/25/2022,2Y,2.023
Tu,10/25/2022,5Y,2.377
Tu,10/25/2022,10Y,2.695
We,10/26/2022,2Y,2.005
We,10/26/2022,5Y,2.335
We,10/26/2022,10Y,2.646
Th,10/27/2022,2Y,1.93
Th,10/27/2022,5Y,2.142
Th,10/27/2022,10Y,2.462
Fr,10/28/2022,2Y,2.012
Fr,10/28/2022,5Y,2.31
Fr,10/28/2022,10Y,2.61
Mo,10/31/2022,2Y,2.04
Mo,10/31/2022,5Y,2.333
Mo,10/31/2022,10Y,2.673
Tu,11/1/2022,2Y,2.034
Tu,11/1/2022,5Y,2.321
Tu,11/1/2022,10Y,2.672
We,11/2/2022,2Y,2.099
We,11/2/2022,5Y,2.348
We,11/2/2022,10Y,2.672
Th,11/3/2022,2Y,2.191
Th,11/3/2022,5Y,2.451
Th,11/3/2022,10Y,2.772
Fr,11/4/2022,2Y,2.236
Fr,11/4/2022,5Y,2.502
Fr,11/4/2022,10Y,2.828
Mo,11/7/2022,2Y,2.291
Mo,11/7/2022,5Y,2.552
Mo,11/7/2022,10Y,2.859
Tu,11/8/2022,2Y,2.3
Tu,11/8/2022,5Y,2.507
Tu,11/8/2022,10Y,2.794
We,11/9/2022,2Y,2.241
We,11/9/2022,5Y,2.408
We,11/9/2022,10Y,2.685
Th,11/10/2022,2Y,2.17
Th,11/10/2022,5Y,2.233
Th,11/10/2022,10Y,2.496
Fr,11/11/2022,2Y,2.263
Fr,11/11/2022,5Y,2.406
Fr,11/11/2022,10Y,2.665
Mo,11/14/2022,2Y,2.253
Mo,11/14/2022,5Y,2.401
Mo,11/14/2022,10Y,2.653
Tu,11/15/2022,2Y,2.195
Tu,11/15/2022,5Y,2.376
Tu,11/15/2022,10Y,2.597
We,11/16/2022,2Y,2.091
We,11/16/2022,5Y,2.26
We,11/16/2022,10Y,2.476
Th,11/17/2022,2Y,2.087
Th,11/17/2022,5Y,2.28
Th,11/17/2022,10Y,2.491
Fr,11/18/2022,2Y,2.064
Fr,11/18/2022,5Y,2.26
Fr,11/18/2022,10Y,2.479
Mo,11/21/2022,2Y,2.075
Mo,11/21/2022,5Y,2.242
Mo,11/21/2022,10Y,2.461
Tu,11/22/2022,2Y,2.064
Tu,11/22/2022,5Y,2.229
Tu,11/22/2022,10Y,2.447
We,11/23/2022,2Y,2.093
We,11/23/2022,5Y,2.215
We,11/23/2022,10Y,2.383
Th,11/24/2022,2Y,2.109
Th,11/24/2022,5Y,2.151
Th,11/24/2022,10Y,2.289
Fr,11/25/2022,2Y,2.191
Fr,11/25/2022,5Y,2.283
Fr,11/25/2022,10Y,2.433
Mo,11/28/2022,2Y,2.173
Mo,11/28/2022,5Y,2.299
Mo,11/28/2022,10Y,2.46
Tu,11/29/2022,2Y,2.149
Tu,11/29/2022,5Y,2.215
Tu,11/29/2022,10Y,2.388
We,11/30/2022,2Y,2.201
We,11/30/2022,5Y,2.213
We,11/30/2022,10Y,2.401
Th,12/1/2022,2Y,2.096
Th,12/1/2022,5Y,2.066
Th,12/1/2022,10Y,2.262
Fr,12/2/2022,2Y,2.142
Fr,12/2/2022,5Y,2.126
Fr,12/2/2022,10Y,2.307
Mo,12/5/2022,2Y,2.111
Mo,12/5/2022,5Y,2.141
Mo,12/5/2022,10Y,2.315
Tu,12/6/2022,2Y,2.094
Tu,12/6/2022,5Y,2.085
Tu,12/6/2022,10Y,2.25
We,12/7/2022,2Y,2.035
We,12/7/2022,5Y,2.059
We,12/7/2022,10Y,2.235
Th,12/8/2022,2Y,2.124
Th,12/8/2022,5Y,2.113
Th,12/8/2022,10Y,2.28
Fr,12/9/2022,2Y,2.172
Fr,12/9/2022,5Y,2.22
Fr,12/9/2022,10Y,2.394
Mo,12/12/2022,2Y,2.215
Mo,12/12/2022,5Y,2.25
Mo,12/12/2022,10Y,2.402
Tu,12/13/2022,2Y,2.18
Tu,12/13/2022,5Y,2.211
Tu,12/13/2022,10Y,2.394
We,12/14/2022,2Y,2.16
We,12/14/2022,5Y,2.206
We,12/14/2022,10Y,2.424
Th,12/15/2022,2Y,2.347
Th,12/15/2022,5Y,2.419
Th,12/15/2022,10Y,2.585
Fr,12/16/2022,2Y,2.414
Fr,12/16/2022,5Y,2.503
Fr,12/16/2022,10Y,2.673
Mo,12/19/2022,2Y,2.45
Mo,12/19/2022,5Y,2.527
Mo,12/19/2022,10Y,2.717
Tu,12/20/2022,2Y,2.397
Tu,12/20/2022,5Y,2.629
Tu,12/20/2022,10Y,2.834
We,12/21/2022,2Y,2.514
We,12/21/2022,5Y,2.641
We,12/21/2022,10Y,2.838
Th,12/22/2022,2Y,2.514
Th,12/22/2022,5Y,2.682
Th,12/22/2022,10Y,2.894
Fr,12/23/2022,2Y,2.571
Fr,12/23/2022,5Y,2.729
Fr,12/23/2022,10Y,2.926
Mo,12/26/2022,2Y,2.571
Mo,12/26/2022,5Y,2.729
Mo,12/26/2022,10Y,2.926
Tu,12/27/2022,2Y,2.726
Tu,12/27/2022,5Y,2.847
Tu,12/27/2022,10Y,3.048
We,12/28/2022,2Y,2.803
We,12/28/2022,5Y,2.826
We,12/28/2022,10Y,3.036
Th,12/29/2022,2Y,2.762
Th,12/29/2022,5Y,2.759
Th,12/29/2022,10Y,2.96
Fr,12/30/2022,2Y,2.831
Fr,12/30/2022,5Y,2.873
Fr,12/30/2022,10Y,3.106
Mo,1/2/2023,2Y,2.888
Mo,1/2/2023,5Y,2.773
Mo,1/2/2023,10Y,2.973
Tu,1/3/2023,2Y,2.837
Tu,1/3/2023,5Y,2.719
Tu,1/3/2023,10Y,2.913
We,1/4/2023,2Y,2.752
We,1/4/2023,5Y,2.586
We,1/4/2023,10Y,2.775
Th,1/5/2023,2Y,2.742
Th,1/5/2023,5Y,2.633
Th,1/5/2023,10Y,2.818
Fr,1/6/2023,2Y,2.668
Fr,1/6/2023,5Y,2.543
Fr,1/6/2023,10Y,2.717
Mo,1/9/2023,2Y,2.715
Mo,1/9/2023,5Y,2.557
Mo,1/9/2023,10Y,2.728
Tu,1/10/2023,2Y,2.737
Tu,1/10/2023,5Y,2.631
Tu,1/10/2023,10Y,2.798
We,1/11/2023,2Y,2.701
We,1/11/2023,5Y,2.509
We,1/11/2023,10Y,2.657
Th,1/12/2023,2Y,2.645
Th,1/12/2023,5Y,2.473
Th,1/12/2023,10Y,2.612
Fr,1/13/2023,2Y,2.663
Fr,1/13/2023,5Y,2.5
Fr,1/13/2023,10Y,2.632
Mo,1/16/2023,2Y,2.642
Mo,1/16/2023,5Y,2.489
Mo,1/16/2023,10Y,2.638
Tu,1/17/2023,2Y,2.546
Tu,1/17/2023,5Y,2.37
Tu,1/17/2023,10Y,2.537
We,1/18/2023,2Y,2.576
We,1/18/2023,5Y,2.318
We,1/18/2023,10Y,2.444
Th,1/19/2023,2Y,2.632
Th,1/19/2023,5Y,2.372
Th,1/19/2023,10Y,2.482
Fr,1/20/2023,2Y,2.678
Fr,1/20/2023,5Y,2.479
Fr,1/20/2023,10Y,2.622
Mo,1/23/2023,2Y,2.694
Mo,1/23/2023,5Y,2.523
Mo,1/23/2023,10Y,2.655
Tu,1/24/2023,2Y,2.664
Tu,1/24/2023,5Y,2.465
Tu,1/24/2023,10Y,2.585
We,1/25/2023,2Y,2.653
We,1/25/2023,5Y,2.458
We,1/25/2023,10Y,2.595
Th,1/26/2023,2Y,2.664
Th,1/26/2023,5Y,2.522
Th,1/26/2023,10Y,2.672
Fr,1/27/2023,2Y,2.664
Fr,1/27/2023,5Y,2.547
Fr,1/27/2023,10Y,2.7
Mo,1/30/2023,2Y,2.731
Mo,1/30/2023,5Y,2.649
Mo,1/30/2023,10Y,2.783
Tu,1/31/2023,2Y,2.71
Tu,1/31/2023,5Y,2.603
Tu,1/31/2023,10Y,2.748
We,2/1/2023,2Y,2.703
We,2/1/2023,5Y,2.604
We,2/1/2023,10Y,2.75
Th,2/2/2023,2Y,2.643
Th,2/2/2023,5Y,2.362
Th,2/2/2023,10Y,2.513
Fr,2/3/2023,2Y,2.688
Fr,2/3/2023,5Y,2.472
Fr,2/3/2023,10Y,2.64
Mo,2/6/2023,2Y,2.752
Mo,2/6/2023,5Y,2.58
Mo,2/6/2023,10Y,2.747
Tu,2/7/2023,2Y,2.802
Tu,2/7/2023,5Y,2.638
Tu,2/7/2023,10Y,2.793
We,2/8/2023,2Y,2.885
We,2/8/2023,5Y,2.641
We,2/8/2023,10Y,2.815
Th,2/9/2023,2Y,2.869
Th,2/9/2023,5Y,2.606
Th,2/9/2023,10Y,2.753
Fr,2/10/2023,2Y,2.945
Fr,2/10/2023,5Y,2.684
Fr,2/10/2023,10Y,2.826
Mo,2/13/2023,2Y,2.956
Mo,2/13/2023,5Y,2.702
Mo,2/13/2023,10Y,2.821
Tu,2/14/2023,2Y,2.995
Tu,2/14/2023,5Y,2.777
Tu,2/14/2023,10Y,2.891
We,2/15/2023,2Y,2.986
We,2/15/2023,5Y,2.814
We,2/15/2023,10Y,2.935
Th,2/16/2023,2Y,3.014
Th,2/16/2023,5Y,2.824
Th,2/16/2023,10Y,2.934
Fr,2/17/2023,2Y,2.949
Fr,2/17/2023,5Y,2.792
Fr,2/17/2023,10Y,2.899
Mo,2/20/2023,2Y,2.984
Mo,2/20/2023,5Y,2.825
Mo,2/20/2023,10Y,2.923
Tu,2/21/2023,2Y,3.037
Tu,2/21/2023,5Y,2.902
Tu,2/21/2023,10Y,3.007
We,2/22/2023,2Y,3.019
We,2/22/2023,5Y,2.89
We,2/22/2023,10Y,2.997
Th,2/23/2023,2Y,2.996
Th,2/23/2023,5Y,2.846
Th,2/23/2023,10Y,2.952
Fr,2/24/2023,2Y,3.108
Fr,2/24/2023,5Y,2.928
Fr,2/24/2023,10Y,3.012
Mo,2/27/2023,2Y,3.15
Mo,2/27/2023,5Y,2.967
Mo,2/27/2023,10Y,3.049
Tu,2/28/2023,2Y,3.205
Tu,2/28/2023,5Y,3.043
Tu,2/28/2023,10Y,3.116
We,3/1/2023,2Y,3.278
We,3/1/2023,5Y,3.125
We,3/1/2023,10Y,3.185
Th,3/2/2023,2Y,3.297
Th,3/2/2023,5Y,3.158
Th,3/2/2023,10Y,3.229
Fr,3/3/2023,2Y,3.3
Fr,3/3/2023,5Y,3.148
Fr,3/3/2023,10Y,3.194
Mo,3/6/2023,2Y,3.4
Mo,3/6/2023,5Y,3.2
Mo,3/6/2023,10Y,3.231
Tu,3/7/2023,2Y,3.369
Tu,3/7/2023,5Y,3.149
Tu,3/7/2023,10Y,3.185
We,3/8/2023,2Y,3.392
We,3/8/2023,5Y,3.135
We,3/8/2023,10Y,3.139
Th,3/9/2023,2Y,3.356
Th,3/9/2023,5Y,3.107
Th,3/9/2023,10Y,3.137
Fr,3/10/2023,2Y,3.209
Fr,3/10/2023,5Y,2.956
Fr,3/10/2023,10Y,3.01
Mo,3/13/2023,2Y,2.811
Mo,3/13/2023,5Y,2.685
Mo,3/13/2023,10Y,2.797
Tu,3/14/2023,2Y,3.005
Tu,3/14/2023,5Y,2.858
Tu,3/14/2023,10Y,2.938
We,3/15/2023,2Y,2.54
We,3/15/2023,5Y,2.507
We,3/15/2023,10Y,2.688
Th,3/16/2023,2Y,2.691
Th,3/16/2023,5Y,2.679
Th,3/16/2023,10Y,2.826
Fr,3/17/2023,2Y,2.529
Fr,3/17/2023,5Y,2.488
Fr,3/17/2023,10Y,2.676
Mo,3/20/2023,2Y,2.477
Mo,3/20/2023,5Y,2.471
Mo,3/20/2023,10Y,2.663
Tu,3/21/2023,2Y,2.72
Tu,3/21/2023,5Y,2.668
Tu,3/21/2023,10Y,2.813
We,3/22/2023,2Y,2.821
We,3/22/2023,5Y,2.736
We,3/22/2023,10Y,2.841
Th,3/23/2023,2Y,2.637
Th,3/23/2023,5Y,2.563
Th,3/23/2023,10Y,2.718
Fr,3/24/2023,2Y,2.503
Fr,3/24/2023,5Y,2.469
Fr,3/24/2023,10Y,2.653
Mo,3/27/2023,2Y,2.628
Mo,3/27/2023,5Y,2.57
Mo,3/27/2023,10Y,2.74
Tu,3/28/2023,2Y,2.69
Tu,3/28/2023,5Y,2.636
Tu,3/28/2023,10Y,2.803
We,3/29/2023,2Y,2.747
We,3/29/2023,5Y,2.666
We,3/29/2023,10Y,2.827
Th,3/30/2023,2Y,2.849
Th,3/30/2023,5Y,2.737
Th,3/30/2023,10Y,2.878
Fr,3/31/2023,2Y,2.787
Fr,3/31/2023,5Y,2.645
Fr,3/31/2023,10Y,2.79
Mo,4/3/2023,2Y,2.771
Mo,4/3/2023,5Y,2.612
Mo,4/3/2023,10Y,2.753
Tu,4/4/2023,2Y,2.711
Tu,4/4/2023,5Y,2.576
Tu,4/4/2023,10Y,2.757
We,4/5/2023,2Y,2.627
We,4/5/2023,5Y,2.498
We,4/5/2023,10Y,2.684
Th,4/6/2023,2Y,2.68
Th,4/6/2023,5Y,2.515
Th,4/6/2023,10Y,2.699
Fr,4/7/2023,2Y,2.68
Fr,4/7/2023,5Y,2.515
Fr,4/7/2023,10Y,2.699
Mo,4/10/2023,2Y,2.68
Mo,4/10/2023,5Y,2.515
Mo,4/10/2023,10Y,2.699
Tu,4/11/2023,2Y,2.822
Tu,4/11/2023,5Y,2.657
Tu,4/11/2023,10Y,2.824
We,4/12/2023,2Y,2.926
We,4/12/2023,5Y,2.731
We,4/12/2023,10Y,2.941
Th,4/13/2023,2Y,2.901
Th,4/13/2023,5Y,2.728
Th,4/13/2023,10Y,2.946
Fr,4/14/2023,2Y,3.004
Fr,4/14/2023,5Y,2.814
Fr,4/14/2023,10Y,3.004
Mo,4/17/2023,2Y,3.011
Mo,4/17/2023,5Y,2.836
Mo,4/17/2023,10Y,3.019
Tu,4/18/2023,2Y,3.027
Tu,4/18/2023,5Y,2.84
Tu,4/18/2023,10Y,3.023
We,4/19/2023,2Y,3.085
We,4/19/2023,5Y,2.892
We,4/19/2023,10Y,3.061
Th,4/20/2023,2Y,3.011
Th,4/20/2023,5Y,2.824
Th,4/20/2023,10Y,3
Fr,4/21/2023,2Y,3.045
Fr,4/21/2023,5Y,2.854
Fr,4/21/2023,10Y,3.041
Mo,4/24/2023,2Y,3.105
Mo,4/24/2023,5Y,2.894
Mo,4/24/2023,10Y,3.069
Tu,4/25/2023,2Y,2.979
Tu,4/25/2023,5Y,2.746
Tu,4/25/2023,10Y,2.948
We,4/26/2023,2Y,2.941
We,4/26/2023,5Y,2.737
We,4/26/2023,10Y,2.963
Th,4/27/2023,2Y,2.992
Th,4/27/2023,5Y,2.799
Th,4/27/2023,10Y,3.029
Fr,4/28/2023,2Y,2.847
Fr,4/28/2023,5Y,2.643
Fr,4/28/2023,10Y,2.883
Mo,5/1/2023,2Y,2.847
Mo,5/1/2023,5Y,2.642
Mo,5/1/2023,10Y,2.883
Tu,5/2/2023,2Y,2.801
Tu,5/2/2023,5Y,2.604
Tu,5/2/2023,10Y,2.847
We,5/3/2023,2Y,2.805
We,5/3/2023,5Y,2.596
We,5/3/2023,10Y,2.827
Th,5/4/2023,2Y,2.66
Th,5/4/2023,5Y,2.494
Th,5/4/2023,10Y,2.788
Fr,5/5/2023,2Y,2.741
Fr,5/5/2023,5Y,2.588
Fr,5/5/2023,10Y,2.874
Mo,5/8/2023,2Y,2.778
Mo,5/8/2023,5Y,2.629
Mo,5/8/2023,10Y,2.905
Tu,5/9/2023,2Y,2.806
Tu,5/9/2023,5Y,2.658
Tu,5/9/2023,10Y,2.937
We,5/10/2023,2Y,2.747
We,5/10/2023,5Y,2.589
We,5/10/2023,10Y,2.865
Th,5/11/2023,2Y,2.726
Th,5/11/2023,5Y,2.533
Th,5/11/2023,10Y,2.799
Fr,5/12/2023,2Y,2.771
Fr,5/12/2023,5Y,2.586
Fr,5/12/2023,10Y,2.854
Mo,5/15/2023,2Y,2.78
Mo,5/15/2023,5Y,2.611
Mo,5/15/2023,10Y,2.881
Tu,5/16/2023,2Y,2.84
Tu,5/16/2023,5Y,2.673
Tu,5/16/2023,10Y,2.931
We,5/17/2023,2Y,2.888
We,5/17/2023,5Y,2.69
We,5/17/2023,10Y,2.913
Th,5/18/2023,2Y,2.94
Th,5/18/2023,5Y,2.799
Th,5/18/2023,10Y,3.031
Fr,5/19/2023,2Y,2.921
Fr,5/19/2023,5Y,2.765
Fr,5/19/2023,10Y,3.002
Mo,5/22/2023,2Y,2.975
Mo,5/22/2023,5Y,2.806
Mo,5/22/2023,10Y,3.03
Tu,5/23/2023,2Y,2.973
Tu,5/23/2023,5Y,2.811
Tu,5/23/2023,10Y,3.039
We,5/24/2023,2Y,3.02
We,5/24/2023,5Y,2.834
We,5/24/2023,10Y,3.048
Th,5/25/2023,2Y,3.071
Th,5/25/2023,5Y,2.887
Th,5/25/2023,10Y,3.098
Fr,5/26/2023,2Y,3.097
Fr,5/26/2023,5Y,2.911
Fr,5/26/2023,10Y,3.11
Mo,5/29/2023,2Y,3.054
Mo,5/29/2023,5Y,2.812
Mo,5/29/2023,10Y,3.002
Tu,5/30/2023,2Y,2.953
Tu,5/30/2023,5Y,2.7
Tu,5/30/2023,10Y,2.904
We,5/31/2023,2Y,2.893
We,5/31/2023,5Y,2.627
We,5/31/2023,10Y,2.846
Th,6/1/2023,2Y,2.879
Th,6/1/2023,5Y,2.594
Th,6/1/2023,10Y,2.807
Fr,6/2/2023,2Y,2.981
Fr,6/2/2023,5Y,2.671
Fr,6/2/2023,10Y,2.857
Mo,6/5/2023,2Y,3.074
Mo,6/5/2023,5Y,2.732
Mo,6/5/2023,10Y,2.92
Tu,6/6/2023,2Y,3.028
Tu,6/6/2023,5Y,2.715
Tu,6/6/2023,10Y,2.913
We,6/7/2023,2Y,3.115
We,6/7/2023,5Y,2.804
We,6/7/2023,10Y,3.007
Th,6/8/2023,2Y,3.084
Th,6/8/2023,5Y,2.757
Th,6/8/2023,10Y,2.948
Fr,6/9/2023,2Y,3.085
Fr,6/9/2023,5Y,2.76
Fr,6/9/2023,10Y,2.916
Mo,6/12/2023,2Y,3.086
Mo,6/12/2023,5Y,2.751
Mo,6/12/2023,10Y,2.911
Tu,6/13/2023,2Y,3.143
Tu,6/13/2023,5Y,2.81
Tu,6/13/2023,10Y,2.942
We,6/14/2023,2Y,3.151
We,6/14/2023,5Y,2.843
We,6/14/2023,10Y,2.973
Th,6/15/2023,2Y,3.289
Th,6/15/2023,5Y,2.939
Th,6/15/2023,10Y,3.019
Fr,6/16/2023,2Y,3.281
Fr,6/16/2023,5Y,2.901
Fr,6/16/2023,10Y,2.973
Mo,6/19/2023,2Y,3.289
Mo,6/19/2023,5Y,2.945
Mo,6/19/2023,10Y,3.029
Tu,6/20/2023,2Y,3.249
Tu,6/20/2023,5Y,2.85
Tu,6/20/2023,10Y,2.921
We,6/21/2023,2Y,3.29
We,6/21/2023,5Y,2.895
We,6/21/2023,10Y,2.958
Th,6/22/2023,2Y,3.369
Th,6/22/2023,5Y,2.987
Th,6/22/2023,10Y,3.022
Fr,6/23/2023,2Y,3.268
Fr,6/23/2023,5Y,2.844
Fr,6/23/2023,10Y,2.876
Mo,6/26/2023,2Y,3.259
Mo,6/26/2023,5Y,2.798
Mo,6/26/2023,10Y,2.836
Tu,6/27/2023,2Y,3.32
Tu,6/27/2023,5Y,2.863
Tu,6/27/2023,10Y,2.875
We,6/28/2023,2Y,3.269
We,6/28/2023,5Y,2.81
We,6/28/2023,10Y,2.839
Th,6/29/2023,2Y,3.35
Th,6/29/2023,5Y,2.924
Th,6/29/2023,10Y,2.947
Fr,6/30/2023,2Y,3.362
Fr,6/30/2023,5Y,2.913
Fr,6/30/2023,10Y,2.928
Mo,7/3/2023,2Y,3.423
Mo,7/3/2023,5Y,2.975
Mo,7/3/2023,10Y,2.975
Tu,7/4/2023,2Y,3.39
Tu,7/4/2023,5Y,2.969
Tu,7/4/2023,10Y,2.998
We,7/5/2023,2Y,3.403
We,7/5/2023,5Y,2.972
We,7/5/2023,10Y,3.017
Th,7/6/2023,2Y,3.482
Th,7/6/2023,5Y,3.122
Th,7/6/2023,10Y,3.186
Fr,7/7/2023,2Y,3.436
Fr,7/7/2023,5Y,3.093
Fr,7/7/2023,10Y,3.183
Mo,7/10/2023,2Y,3.471
Mo,7/10/2023,5Y,3.107
Mo,7/10/2023,10Y,3.191
Tu,7/11/2023,2Y,3.496
Tu,7/11/2023,5Y,3.122
Tu,7/11/2023,10Y,3.206
We,7/12/2023,2Y,3.422
We,7/12/2023,5Y,3.015
We,7/12/2023,10Y,3.09
Th,7/13/2023,2Y,3.351
Th,7/13/2023,5Y,2.926
Th,7/13/2023,10Y,3.001
Fr,7/14/2023,2Y,3.389
Fr,7/14/2023,5Y,2.977
Fr,7/14/2023,10Y,3.036
Mo,7/17/2023,2Y,3.375
Mo,7/17/2023,5Y,2.951
Mo,7/17/2023,10Y,3.005
Tu,7/18/2023,2Y,3.296
Tu,7/18/2023,5Y,2.848
Tu,7/18/2023,10Y,2.905
We,7/19/2023,2Y,3.317
We,7/19/2023,5Y,2.883
We,7/19/2023,10Y,2.962
Th,7/20/2023,2Y,3.359
Th,7/20/2023,5Y,2.938
Th,7/20/2023,10Y,3.012
Fr,7/21/2023,2Y,3.342
Fr,7/21/2023,5Y,2.918
Fr,7/21/2023,10Y,2.991
Mo,7/24/2023,2Y,3.289
Mo,7/24/2023,5Y,2.861
Mo,7/24/2023,10Y,2.945
Tu,7/25/2023,2Y,3.303
Tu,7/25/2023,5Y,2.869
Tu,7/25/2023,10Y,2.951
We,7/26/2023,2Y,3.372
We,7/26/2023,5Y,2.936
We,7/26/2023,10Y,3.011
Th,7/27/2023,2Y,3.322
Th,7/27/2023,5Y,2.899
Th,7/27/2023,10Y,2.995
Fr,7/28/2023,2Y,3.301
Fr,7/28/2023,5Y,2.9
Fr,7/28/2023,10Y,3.029
Mo,7/31/2023,2Y,3.282
Mo,7/31/2023,5Y,2.89
Mo,7/31/2023,10Y,3.021
Tu,8/1/2023,2Y,3.302
Tu,8/1/2023,5Y,2.934
Tu,8/1/2023,10Y,3.093
We,8/2/2023,2Y,3.263
We,8/2/2023,5Y,2.897
We,8/2/2023,10Y,3.074
Th,8/3/2023,2Y,3.273
Th,8/3/2023,5Y,2.94
Th,8/3/2023,10Y,3.133
Fr,8/4/2023,2Y,3.289
Fr,8/4/2023,5Y,2.921
Fr,8/4/2023,10Y,3.09
Mo,8/7/2023,2Y,3.259
Mo,8/7/2023,5Y,2.92
Mo,8/7/2023,10Y,3.132
Tu,8/8/2023,2Y,3.204
Tu,8/8/2023,5Y,2.825
Tu,8/8/2023,10Y,2.996
We,8/9/2023,2Y,3.221
We,8/9/2023,5Y,2.855
We,8/9/2023,10Y,3.027
Th,8/10/2023,2Y,3.277
Th,8/10/2023,5Y,2.892
Th,8/10/2023,10Y,3.056
Fr,8/11/2023,2Y,3.328
Fr,8/11/2023,5Y,2.975
Fr,8/11/2023,10Y,3.152
Mo,8/14/2023,2Y,3.335
Mo,8/14/2023,5Y,3
Mo,8/14/2023,10Y,3.171
Tu,8/15/2023,2Y,3.357
Tu,8/15/2023,5Y,3.043
Tu,8/15/2023,10Y,3.211
We,8/16/2023,2Y,3.326
We,8/16/2023,5Y,3.015
We,8/16/2023,10Y,3.19
Th,8/17/2023,2Y,3.347
Th,8/17/2023,5Y,3.056
Th,8/17/2023,10Y,3.248
Fr,8/18/2023,2Y,3.305
Fr,8/18/2023,5Y,2.977
Fr,8/18/2023,10Y,3.162
Mo,8/21/2023,2Y,3.347
Mo,8/21/2023,5Y,3.056
Mo,8/21/2023,10Y,3.237
Tu,8/22/2023,2Y,3.322
Tu,8/22/2023,5Y,3.001
Tu,8/22/2023,10Y,3.17
We,8/23/2023,2Y,3.22
We,8/23/2023,5Y,2.865
We,8/23/2023,10Y,3.04
Th,8/24/2023,2Y,3.225
Th,8/24/2023,5Y,2.859
Th,8/24/2023,10Y,3.037
Fr,8/25/2023,2Y,3.271
Fr,8/25/2023,5Y,2.935
Fr,8/25/2023,10Y,3.086
Mo,8/28/2023,2Y,3.306
Mo,8/28/2023,5Y,2.942
Mo,8/28/2023,10Y,3.082
Tu,8/29/2023,2Y,3.3
Tu,8/29/2023,5Y,2.896
Tu,8/29/2023,10Y,3.026
We,8/30/2023,2Y,3.325
We,8/30/2023,5Y,2.929
We,8/30/2023,10Y,3.063
Th,8/31/2023,2Y,3.246
Th,8/31/2023,5Y,2.834
Th,8/31/2023,10Y,2.979
Fr,9/1/2023,2Y,3.266
Fr,9/1/2023,5Y,2.884
Fr,9/1/2023,10Y,3.07
Mo,9/4/2023,2Y,3.285
Mo,9/4/2023,5Y,2.922
Mo,9/4/2023,10Y,3.098
Tu,9/5/2023,2Y,3.31
Tu,9/5/2023,5Y,2.939
Tu,9/5/2023,10Y,3.136
We,9/6/2023,2Y,3.364
We,9/6/2023,5Y,3.006
We,9/6/2023,10Y,3.183
Th,9/7/2023,2Y,3.339
Th,9/7/2023,5Y,2.965
Th,9/7/2023,10Y,3.137
Fr,9/8/2023,2Y,3.34
Fr,9/8/2023,5Y,2.965
Fr,9/8/2023,10Y,3.14
Mo,9/11/2023,2Y,3.354
Mo,9/11/2023,5Y,2.994
Mo,9/11/2023,10Y,3.172
Tu,9/12/2023,2Y,3.387
Tu,9/12/2023,5Y,3.014
Tu,9/12/2023,10Y,3.18
We,9/13/2023,2Y,3.425
We,9/13/2023,5Y,3.048
We,9/13/2023,10Y,3.191
Th,9/14/2023,2Y,3.428
Th,9/14/2023,5Y,2.986
Th,9/14/2023,10Y,3.122
Fr,9/15/2023,2Y,3.479
Fr,9/15/2023,5Y,3.066
Fr,9/15/2023,10Y,3.219
Mo,9/18/2023,2Y,3.507
Mo,9/18/2023,5Y,3.107
Mo,9/18/2023,10Y,3.25
Tu,9/19/2023,2Y,3.522
Tu,9/19/2023,5Y,3.134
Tu,9/19/2023,10Y,3.278
We,9/20/2023,2Y,3.495
We,9/20/2023,5Y,3.098
We,9/20/2023,10Y,3.234
Th,9/21/2023,2Y,3.511
Th,9/21/2023,5Y,3.123
Th,9/21/2023,10Y,3.275
Fr,9/22/2023,2Y,3.509
Fr,9/22/2023,5Y,3.118
Fr,9/22/2023,10Y,3.285
Mo,9/25/2023,2Y,3.492
Mo,9/25/2023,5Y,3.13
Mo,9/25/2023,10Y,3.342
Tu,9/26/2023,2Y,3.494
Tu,9/26/2023,5Y,3.136
Tu,9/26/2023,10Y,3.363
We,9/27/2023,2Y,3.505
We,9/27/2023,5Y,3.188
We,9/27/2023,10Y,3.401
Th,9/28/2023,2Y,3.533
Th,9/28/2023,5Y,3.267
Th,9/28/2023,10Y,3.489
Fr,9/29/2023,2Y,3.489
Fr,9/29/2023,5Y,3.155
Fr,9/29/2023,10Y,3.397
Mo,10/2/2023,2Y,3.491
Mo,10/2/2023,5Y,3.2
Mo,10/2/2023,10Y,3.476
Tu,10/3/2023,2Y,3.479
Tu,10/3/2023,5Y,3.215
Tu,10/3/2023,10Y,3.531
We,10/4/2023,2Y,3.443
We,10/4/2023,5Y,3.193
We,10/4/2023,10Y,3.48
Th,10/5/2023,2Y,3.417
Th,10/5/2023,5Y,3.161
Th,10/5/2023,10Y,3.456
Fr,10/6/2023,2Y,3.414
Fr,10/6/2023,5Y,3.166
Fr,10/6/2023,10Y,3.47
Mo,10/9/2023,2Y,3.34
Mo,10/9/2023,5Y,3.099
Mo,10/9/2023,10Y,3.416
Tu,10/10/2023,2Y,3.385
Tu,10/10/2023,5Y,3.095
Tu,10/10/2023,10Y,3.386
We,10/11/2023,2Y,3.415
We,10/11/2023,5Y,3.073
We,10/11/2023,10Y,3.324
Th,10/12/2023,2Y,3.452
Th,10/12/2023,5Y,3.136
Th,10/12/2023,10Y,3.399
Fr,10/13/2023,2Y,3.442
Fr,10/13/2023,5Y,3.118
Fr,10/13/2023,10Y,3.366
Mo,10/16/2023,2Y,3.44
Mo,10/16/2023,5Y,3.146
Mo,10/16/2023,10Y,3.404
Tu,10/17/2023,2Y,3.518
Tu,10/17/2023,5Y,3.248
Tu,10/17/2023,10Y,3.502
We,10/18/2023,2Y,3.527
We,10/18/2023,5Y,3.279
We,10/18/2023,10Y,3.555
Th,10/19/2023,2Y,3.524
Th,10/19/2023,5Y,3.278
Th,10/19/2023,10Y,3.548
Fr,10/20/2023,2Y,3.467
Fr,10/20/2023,5Y,3.214
Fr,10/20/2023,10Y,3.512
Mo,10/23/2023,2Y,3.468
Mo,10/23/2023,5Y,3.207
Mo,10/23/2023,10Y,3.48
Tu,10/24/2023,2Y,3.454
Tu,10/24/2023,5Y,3.158
Tu,10/24/2023,10Y,3.449
We,10/25/2023,2Y,3.478
We,10/25/2023,5Y,3.217
We,10/25/2023,10Y,3.516
Th,10/26/2023,2Y,3.446
Th,10/26/2023,5Y,3.168
Th,10/26/2023,10Y,3.488
Fr,10/27/2023,2Y,3.418
Fr,10/27/2023,5Y,3.119
Fr,10/27/2023,10Y,3.449
Mo,10/30/2023,2Y,3.396
Mo,10/30/2023,5Y,3.088
Mo,10/30/2023,10Y,3.433
Tu,10/31/2023,2Y,3.384
Tu,10/31/2023,5Y,3.079
Tu,10/31/2023,10Y,3.426
We,11/1/2023,2Y,3.363
We,11/1/2023,5Y,3.043
We,11/1/2023,10Y,3.38
Th,11/2/2023,2Y,3.377
Th,11/2/2023,5Y,3.013
Th,11/2/2023,10Y,3.318
Fr,11/3/2023,2Y,3.35
Fr,11/3/2023,5Y,2.949
Fr,11/3/2023,10Y,3.235
Mo,11/6/2023,2Y,3.382
Mo,11/6/2023,5Y,3.03
Mo,11/6/2023,10Y,3.337
Tu,11/7/2023,2Y,3.364
Tu,11/7/2023,5Y,2.983
Tu,11/7/2023,10Y,3.252
We,11/8/2023,2Y,3.367
We,11/8/2023,5Y,2.968
We,11/8/2023,10Y,3.201
Th,11/9/2023,2Y,3.356
Th,11/9/2023,5Y,2.975
Th,11/9/2023,10Y,3.23
Fr,11/10/2023,2Y,3.384
Fr,11/10/2023,5Y,3.054
Fr,11/10/2023,10Y,3.299
Mo,11/13/2023,2Y,3.385
Mo,11/13/2023,5Y,3.048
Mo,11/13/2023,10Y,3.288
Tu,11/14/2023,2Y,3.3
Tu,11/14/2023,5Y,2.927
Tu,11/14/2023,10Y,3.158
We,11/15/2023,2Y,3.321
We,11/15/2023,5Y,2.953
We,11/15/2023,10Y,3.207
Th,11/16/2023,2Y,3.268
Th,11/16/2023,5Y,2.886
Th,11/16/2023,10Y,3.15
Fr,11/17/2023,2Y,3.304
Fr,11/17/2023,5Y,2.906
Fr,11/17/2023,10Y,3.152
Mo,11/20/2023,2Y,3.343
Mo,11/20/2023,5Y,2.939
Mo,11/20/2023,10Y,3.17
Tu,11/21/2023,2Y,3.313
Tu,11/21/2023,5Y,2.886
Tu,11/21/2023,10Y,3.125
We,11/22/2023,2Y,3.341
We,11/22/2023,5Y,2.908
We,11/22/2023,10Y,3.118
Th,11/23/2023,2Y,3.362
Th,11/23/2023,5Y,2.962
Th,11/23/2023,10Y,3.183
Fr,11/24/2023,2Y,3.374
Fr,11/24/2023,5Y,2.971
Fr,11/24/2023,10Y,3.199
Mo,11/27/2023,2Y,3.317
Mo,11/27/2023,5Y,2.866
Mo,11/27/2023,10Y,3.105
Tu,11/28/2023,2Y,3.284
Tu,11/28/2023,5Y,2.814
Tu,11/28/2023,10Y,3.06
We,11/29/2023,2Y,3.238
We,11/29/2023,5Y,2.732
We,11/29/2023,10Y,2.996
Th,11/30/2023,2Y,3.23
Th,11/30/2023,5Y,2.752
Th,11/30/2023,10Y,3.019
Fr,12/1/2023,2Y,3.097
Fr,12/1/2023,5Y,2.641
Fr,12/1/2023,10Y,2.924
Mo,12/4/2023,2Y,3.114
Mo,12/4/2023,5Y,2.647
Mo,12/4/2023,10Y,2.925
Tu,12/5/2023,2Y,3.057
Tu,12/5/2023,5Y,2.55
Tu,12/5/2023,10Y,2.802
We,12/6/2023,2Y,3.064
We,12/6/2023,5Y,2.507
We,12/6/2023,10Y,2.737
Th,12/7/2023,2Y,3.063
Th,12/7/2023,5Y,2.476
Th,12/7/2023,10Y,2.727
Fr,12/8/2023,2Y,3.129
Fr,12/8/2023,5Y,2.584
Fr,12/8/2023,10Y,2.827
Mo,12/11/2023,2Y,3.144
Mo,12/11/2023,5Y,2.592
Mo,12/11/2023,10Y,2.823
Tu,12/12/2023,2Y,3.15
Tu,12/12/2023,5Y,2.563
Tu,12/12/2023,10Y,2.77
We,12/13/2023,2Y,3.115
We,12/13/2023,5Y,2.512
We,12/13/2023,10Y,2.71
Th,12/14/2023,2Y,3.041
Th,12/14/2023,5Y,2.412
Th,12/14/2023,10Y,2.64
Fr,12/15/2023,2Y,2.999
Fr,12/15/2023,5Y,2.325
Fr,12/15/2023,10Y,2.545
Mo,12/18/2023,2Y,3.06
Mo,12/18/2023,5Y,2.372
Mo,12/18/2023,10Y,2.607
Tu,12/19/2023,2Y,3.014
Tu,12/19/2023,5Y,2.306
Tu,12/19/2023,10Y,2.522
We,12/20/2023,2Y,2.986
We,12/20/2023,5Y,2.253
We,12/20/2023,10Y,2.477
Th,12/21/2023,2Y,2.953
Th,12/21/2023,5Y,2.229
Th,12/21/2023,10Y,2.47
Fr,12/22/2023,2Y,2.957
Fr,12/22/2023,5Y,2.208
Fr,12/22/2023,10Y,2.479
Mo,12/25/2023,2Y,2.957
Mo,12/25/2023,5Y,2.208
Mo,12/25/2023,10Y,2.479
Tu,12/26/2023,2Y,2.957
Tu,12/26/2023,5Y,2.208
Tu,12/26/2023,10Y,2.479
We,12/27/2023,2Y,2.939
We,12/27/2023,5Y,2.149
We,12/27/2023,10Y,2.408
Th,12/28/2023,2Y,2.906
Th,12/28/2023,5Y,2.186
Th,12/28/2023,10Y,2.472
Fr,12/29/2023,2Y,2.928
Fr,12/29/2023,5Y,2.255
Fr,12/29/2023,10Y,2.557
Mo,1/1/2024,2Y,2.928
Mo,1/1/2024,5Y,2.255
Mo,1/1/2024,10Y,2.557
Tu,1/2/2024,2Y,2.981
Tu,1/2/2024,5Y,2.314
Tu,1/2/2024,10Y,2.595
We,1/3/2024,2Y,2.978
We,1/3/2024,5Y,2.273
We,1/3/2024,10Y,2.562
Th,1/4/2024,2Y,3.063
Th,1/4/2024,5Y,2.399
Th,1/4/2024,10Y,2.662
Fr,1/5/2024,2Y,3.089
Fr,1/5/2024,5Y,2.445
Fr,1/5/2024,10Y,2.696
Mo,1/8/2024,2Y,3.081
Mo,1/8/2024,5Y,2.416
Mo,1/8/2024,10Y,2.666
Tu,1/9/2024,2Y,3.129
Tu,1/9/2024,5Y,2.475
Tu,1/9/2024,10Y,2.717
We,1/10/2024,2Y,3.154
We,1/10/2024,5Y,2.505
We,1/10/2024,10Y,2.746
Th,1/11/2024,2Y,3.144
Th,1/11/2024,5Y,2.484
Th,1/11/2024,10Y,2.734
Fr,1/12/2024,2Y,3.064
Fr,1/12/2024,5Y,2.417
Fr,1/12/2024,10Y,2.677
Mo,1/15/2024,2Y,3.132
Mo,1/15/2024,5Y,2.476
Mo,1/15/2024,10Y,2.728
Tu,1/16/2024,2Y,3.148
Tu,1/16/2024,5Y,2.486
Tu,1/16/2024,10Y,2.751
We,1/17/2024,2Y,3.235
We,1/17/2024,5Y,2.581
We,1/17/2024,10Y,2.814
Th,1/18/2024,2Y,3.22
Th,1/18/2024,5Y,2.592
Th,1/18/2024,10Y,2.845
Fr,1/19/2024,2Y,3.266
Fr,1/19/2024,5Y,2.603
Fr,1/19/2024,10Y,2.83
Mo,1/22/2024,2Y,2.631
Mo,1/22/2024,5Y,2.551
Mo,1/22/2024,10Y,2.784
Tu,1/23/2024,2Y,2.662
Tu,1/23/2024,5Y,2.602
Tu,1/23/2024,10Y,2.847
We,1/24/2024,2Y,2.659
We,1/24/2024,5Y,2.59
We,1/24/2024,10Y,2.839
Th,1/25/2024,2Y,2.563
Th,1/25/2024,5Y,2.516
Th,1/25/2024,10Y,2.779
Fr,1/26/2024,2Y,2.566
Fr,1/26/2024,5Y,2.521
Fr,1/26/2024,10Y,2.786
Mo,1/29/2024,2Y,2.502
Mo,1/29/2024,5Y,2.443
Mo,1/29/2024,10Y,2.717
Tu,1/30/2024,2Y,2.543
Tu,1/30/2024,5Y,2.49
Tu,1/30/2024,10Y,2.755
We,1/31/2024,2Y,2.447
We,1/31/2024,5Y,2.379
We,1/31/2024,10Y,2.662
Th,2/1/2024,2Y,2.473
Th,2/1/2024,5Y,2.401
Th,2/1/2024,10Y,2.657
Fr,2/2/2024,2Y,2.587
Fr,2/2/2024,5Y,2.506
Fr,2/2/2024,10Y,2.743
Mo,2/5/2024,2Y,2.644
Mo,2/5/2024,5Y,2.569
Mo,2/5/2024,10Y,2.813
Tu,2/6/2024,2Y,2.627
Tu,2/6/2024,5Y,2.56
Tu,2/6/2024,10Y,2.797
We,2/7/2024,2Y,2.679
We,2/7/2024,5Y,2.598
We,2/7/2024,10Y,2.827
Th,2/8/2024,2Y,2.705
Th,2/8/2024,5Y,2.633
Th,2/8/2024,10Y,2.865
Fr,2/9/2024,2Y,2.768
Fr,2/9/2024,5Y,2.685
Fr,2/9/2024,10Y,2.892
Mo,2/12/2024,2Y,2.744
Mo,2/12/2024,5Y,2.649
Mo,2/12/2024,10Y,2.861
Tu,2/13/2024,2Y,2.821
Tu,2/13/2024,5Y,2.707
Tu,2/13/2024,10Y,2.891
We,2/14/2024,2Y,2.772
We,2/14/2024,5Y,2.639
We,2/14/2024,10Y,2.825
Th,2/15/2024,2Y,2.786
Th,2/15/2024,5Y,2.661
Th,2/15/2024,10Y,2.84
Fr,2/16/2024,2Y,2.845
Fr,2/16/2024,5Y,2.71
Fr,2/16/2024,10Y,2.876
Mo,2/19/2024,2Y,2.833
Mo,2/19/2024,5Y,2.707
Mo,2/19/2024,10Y,2.884
Tu,2/20/2024,2Y,2.783
Tu,2/20/2024,5Y,2.661
Tu,2/20/2024,10Y,2.848
We,2/21/2024,2Y,2.86
We,2/21/2024,5Y,2.744
We,2/21/2024,10Y,2.928
Th,2/22/2024,2Y,2.898
Th,2/22/2024,5Y,2.761
Th,2/22/2024,10Y,2.913
Fr,2/23/2024,2Y,2.843
Fr,2/23/2024,5Y,2.685
Fr,2/23/2024,10Y,2.826
Mo,2/26/2024,2Y,2.913
Mo,2/26/2024,5Y,2.764
Mo,2/26/2024,10Y,2.908
Tu,2/27/2024,2Y,2.928
Tu,2/27/2024,5Y,2.789
Tu,2/27/2024,10Y,2.939
We,2/28/2024,2Y,2.908
We,2/28/2024,5Y,2.775
We,2/28/2024,10Y,2.927
Th,2/29/2024,2Y,2.882
Th,2/29/2024,5Y,2.733
Th,2/29/2024,10Y,2.884
Fr,3/1/2024,2Y,2.887
Fr,3/1/2024,5Y,2.743
Fr,3/1/2024,10Y,2.901
Mo,3/4/2024,2Y,2.887
Mo,3/4/2024,5Y,2.719
Mo,3/4/2024,10Y,2.861
Tu,3/5/2024,2Y,2.84
Tu,3/5/2024,5Y,2.656
Tu,3/5/2024,10Y,2.788
We,3/6/2024,2Y,2.837
We,3/6/2024,5Y,2.648
We,3/6/2024,10Y,2.773
Th,3/7/2024,2Y,2.813
Th,3/7/2024,5Y,2.626
Th,3/7/2024,10Y,2.752
Fr,3/8/2024,2Y,2.734
Fr,3/8/2024,5Y,2.56
Fr,3/8/2024,10Y,2.718
Mo,3/11/2024,2Y,2.778
Mo,3/11/2024,5Y,2.611
Mo,3/11/2024,10Y,2.76
Tu,3/12/2024,2Y,2.808
Tu,3/12/2024,5Y,2.643
Tu,3/12/2024,10Y,2.776
We,3/13/2024,2Y,2.832
We,3/13/2024,5Y,2.662
We,3/13/2024,10Y,2.803
Th,3/14/2024,2Y,2.879
Th,3/14/2024,5Y,2.714
Th,3/14/2024,10Y,2.874
Fr,3/15/2024,2Y,2.906
Fr,3/15/2024,5Y,2.727
Fr,3/15/2024,10Y,2.88
Mo,3/18/2024,2Y,2.909
Mo,3/18/2024,5Y,2.74
Mo,3/18/2024,10Y,2.891
Tu,3/19/2024,2Y,2.871
Tu,3/19/2024,5Y,2.714
Tu,3/19/2024,10Y,2.885
We,3/20/2024,2Y,2.878
We,3/20/2024,5Y,2.711
We,3/20/2024,10Y,2.873
Th,3/21/2024,2Y,2.83
Th,3/21/2024,5Y,2.67
Th,3/21/2024,10Y,2.846
Fr,3/22/2024,2Y,2.792
Fr,3/22/2024,5Y,2.628
Fr,3/22/2024,10Y,2.798
Mo,3/25/2024,2Y,2.859
Mo,3/25/2024,5Y,2.694
Mo,3/25/2024,10Y,2.848
Tu,3/26/2024,2Y,2.848
Tu,3/26/2024,5Y,2.68
Tu,3/26/2024,10Y,2.833
We,3/27/2024,2Y,2.809
We,3/27/2024,5Y,2.63
We,3/27/2024,10Y,2.788
Th,3/28/2024,2Y,2.831
Th,3/28/2024,5Y,2.651
Th,3/28/2024,10Y,2.807
Fr,3/29/2024,2Y,2.831
Fr,3/29/2024,5Y,2.651
Fr,3/29/2024,10Y,2.807
Mo,4/1/2024,2Y,2.831
Mo,4/1/2024,5Y,2.651
Mo,4/1/2024,10Y,2.807
Tu,4/2/2024,2Y,2.836
Tu,4/2/2024,5Y,2.709
Tu,4/2/2024,10Y,2.92
We,4/3/2024,2Y,2.848
We,4/3/2024,5Y,2.712
We,4/3/2024,10Y,2.905
Th,4/4/2024,2Y,2.848
Th,4/4/2024,5Y,2.688
Th,4/4/2024,10Y,2.863
Fr,4/5/2024,2Y,2.863
Fr,4/5/2024,5Y,2.716
Fr,4/5/2024,10Y,2.907
Mo,4/8/2024,2Y,2.907
Mo,4/8/2024,5Y,2.76
Mo,4/8/2024,10Y,2.922
Tu,4/9/2024,2Y,2.877
Tu,4/9/2024,5Y,2.699
Tu,4/9/2024,10Y,2.86
We,4/10/2024,2Y,2.946
We,4/10/2024,5Y,2.781
We,4/10/2024,10Y,2.924
Th,4/11/2024,2Y,2.941
Th,4/11/2024,5Y,2.803
Th,4/11/2024,10Y,2.96
Fr,4/12/2024,2Y,2.848
Fr,4/12/2024,5Y,2.691
Fr,4/12/2024,10Y,2.861
Mo,4/15/2024,2Y,2.912
Mo,4/15/2024,5Y,2.771
Mo,4/15/2024,10Y,2.955
Tu,4/16/2024,2Y,2.942
Tu,4/16/2024,5Y,2.823
Tu,4/16/2024,10Y,3.007
We,4/17/2024,2Y,2.948
We,4/17/2024,5Y,2.807
We,4/17/2024,10Y,2.979
Th,4/18/2024,2Y,2.988
Th,4/18/2024,5Y,2.838
Th,4/18/2024,10Y,3.004
Fr,4/19/2024,2Y,3.009
Fr,4/19/2024,5Y,2.856
Fr,4/19/2024,10Y,3.01
Mo,4/22/2024,2Y,2.965
Mo,4/22/2024,5Y,2.818
Mo,4/22/2024,10Y,2.982
Tu,4/23/2024,2Y,2.988
Tu,4/23/2024,5Y,2.832
Tu,4/23/2024,10Y,2.998
We,4/24/2024,2Y,3.038
We,4/24/2024,5Y,2.914
We,4/24/2024,10Y,3.09
Th,4/25/2024,2Y,3.088
Th,4/25/2024,5Y,2.958
Th,4/25/2024,10Y,3.127
Fr,4/26/2024,2Y,3.06
Fr,4/26/2024,5Y,2.903
Fr,4/26/2024,10Y,3.065
Mo,4/29/2024,2Y,3.026
Mo,4/29/2024,5Y,2.846
Mo,4/29/2024,10Y,3.003
Tu,4/30/2024,2Y,3.101
Tu,4/30/2024,5Y,2.919
Tu,4/30/2024,10Y,3.053
We,5/1/2024,2Y,3.101
We,5/1/2024,5Y,2.919
We,5/1/2024,10Y,3.053
Th,5/2/2024,2Y,3.055
Th,5/2/2024,5Y,2.876
Th,5/2/2024,10Y,3.021
Fr,5/3/2024,2Y,2.996
Fr,5/3/2024,5Y,2.823
Fr,5/3/2024,10Y,2.972
Mo,5/6/2024,2Y,2.986
Mo,5/6/2024,5Y,2.801
Mo,5/6/2024,10Y,2.95
Tu,5/7/2024,2Y,2.972
Tu,5/7/2024,5Y,2.768
Tu,5/7/2024,10Y,2.897
We,5/8/2024,2Y,3.003
We,5/8/2024,5Y,2.81
We,5/8/2024,10Y,2.938
Th,5/9/2024,2Y,3.014
Th,5/9/2024,5Y,2.835
Th,5/9/2024,10Y,2.981
Fr,5/10/2024,2Y,3.043
Fr,5/10/2024,5Y,2.864
Fr,5/10/2024,10Y,3.001
Mo,5/13/2024,2Y,3.032
Mo,5/13/2024,5Y,2.857
Mo,5/13/2024,10Y,2.996
Tu,5/14/2024,2Y,3.064
Tu,5/14/2024,5Y,2.895
Tu,5/14/2024,10Y,3.034
We,5/15/2024,2Y,2.969
We,5/15/2024,5Y,2.77
We,5/15/2024,10Y,2.903
Th,5/16/2024,2Y,3.005
Th,5/16/2024,5Y,2.813
Th,5/16/2024,10Y,2.937
Fr,5/17/2024,2Y,3.057
Fr,5/17/2024,5Y,2.869
Fr,5/17/2024,10Y,2.99
Mo,5/20/2024,2Y,3.057
Mo,5/20/2024,5Y,2.877
Mo,5/20/2024,10Y,2.995
Tu,5/21/2024,2Y,3.039
Tu,5/21/2024,5Y,2.845
Tu,5/21/2024,10Y,2.971
We,5/22/2024,2Y,3.077
We,5/22/2024,5Y,2.89
We,5/22/2024,10Y,3.006
Th,5/23/2024,2Y,3.149
Th,5/23/2024,5Y,2.957
Th,5/23/2024,10Y,3.064
Fr,5/24/2024,2Y,3.149
Fr,5/24/2024,5Y,2.953
Fr,5/24/2024,10Y,3.055
Mo,5/27/2024,2Y,3.102
Mo,5/27/2024,5Y,2.912
Mo,5/27/2024,10Y,3.012
Tu,5/28/2024,2Y,3.127
Tu,5/28/2024,5Y,2.947
Tu,5/28/2024,10Y,3.065
We,5/29/2024,2Y,3.163
We,5/29/2024,5Y,3.019
We,5/29/2024,10Y,3.167
Th,5/30/2024,2Y,3.136
Th,5/30/2024,5Y,2.993
Th,5/30/2024,10Y,3.13
Fr,5/31/2024,2Y,3.156
Fr,5/31/2024,5Y,3.011
Fr,5/31/2024,10Y,3.136
Mo,6/3/2024,2Y,3.086
Mo,6/3/2024,5Y,2.924
Mo,6/3/2024,10Y,3.052
Tu,6/4/2024,2Y,3.055
Tu,6/4/2024,5Y,2.881
Tu,6/4/2024,10Y,3.014
We,6/5/2024,2Y,3.053
We,6/5/2024,5Y,2.872
We,6/5/2024,10Y,2.986
Th,6/6/2024,2Y,3.09
Th,6/6/2024,5Y,2.912
Th,6/6/2024,10Y,3.029
Fr,6/7/2024,2Y,3.154
Fr,6/7/2024,5Y,2.988
Fr,6/7/2024,10Y,3.097
Mo,6/10/2024,2Y,3.211
Mo,6/10/2024,5Y,3.074
Mo,6/10/2024,10Y,3.225
Tu,6/11/2024,2Y,3.176
Tu,6/11/2024,5Y,3.068
Tu,6/11/2024,10Y,3.226
We,6/12/2024,2Y,3.115
We,6/12/2024,5Y,2.979
We,6/12/2024,10Y,3.139
Th,6/13/2024,2Y,3.084
Th,6/13/2024,5Y,2.978
Th,6/13/2024,10Y,3.165
Fr,6/14/2024,2Y,3.045
Fr,6/14/2024,5Y,2.94
Fr,6/14/2024,10Y,3.124
Mo,6/17/2024,2Y,3.088
Mo,6/17/2024,5Y,2.973
Mo,6/17/2024,10Y,3.2
Tu,6/18/2024,2Y,3.083
Tu,6/18/2024,5Y,2.934
Tu,6/18/2024,10Y,3.165
We,6/19/2024,2Y,3.091
We,6/19/2024,5Y,2.968
We,6/19/2024,10Y,3.192
Th,6/20/2024,2Y,3.099
Th,6/20/2024,5Y,2.964
Th,6/20/2024,10Y,3.198
Fr,6/21/2024,2Y,3.08
Fr,6/21/2024,5Y,2.958
Fr,6/21/2024,10Y,3.207
Mo,6/24/2024,2Y,3.076
Mo,6/24/2024,5Y,2.948
Mo,6/24/2024,10Y,3.184
Tu,6/25/2024,2Y,3.062
Tu,6/25/2024,5Y,2.934
Tu,6/25/2024,10Y,3.164
We,6/26/2024,2Y,3.093
We,6/26/2024,5Y,2.988
We,6/26/2024,10Y,3.229
Th,6/27/2024,2Y,3.097
Th,6/27/2024,5Y,3.014
Th,6/27/2024,10Y,3.266
Fr,6/28/2024,2Y,3.116
Fr,6/28/2024,5Y,3.035
Fr,6/28/2024,10Y,3.296
Mo,7/1/2024,2Y,3.168
Mo,7/1/2024,5Y,3.084
Mo,7/1/2024,10Y,3.346
Tu,7/2/2024,2Y,3.133
Tu,7/2/2024,5Y,3.056
Tu,7/2/2024,10Y,3.315
We,7/3/2024,2Y,3.128
We,7/3/2024,5Y,3.01
We,7/3/2024,10Y,3.248
Th,7/4/2024,2Y,3.14
Th,7/4/2024,5Y,3.047
Th,7/4/2024,10Y,3.276
Fr,7/5/2024,2Y,3.066
Fr,7/5/2024,5Y,2.967
Fr,7/5/2024,10Y,3.21
Mo,7/8/2024,2Y,3.047
Mo,7/8/2024,5Y,2.94
Mo,7/8/2024,10Y,3.164
Tu,7/9/2024,2Y,3.092
Tu,7/9/2024,5Y,3.01
Tu,7/9/2024,10Y,3.242
We,7/10/2024,2Y,3.054
We,7/10/2024,5Y,2.957
We,7/10/2024,10Y,3.183
Th,7/11/2024,2Y,2.962
Th,7/11/2024,5Y,2.87
Th,7/11/2024,10Y,3.12
Fr,7/12/2024,2Y,2.984
Fr,7/12/2024,5Y,2.909
Fr,7/12/2024,10Y,3.151
Mo,7/15/2024,2Y,2.948
Mo,7/15/2024,5Y,2.869
Mo,7/15/2024,10Y,3.112
Tu,7/16/2024,2Y,2.914
Tu,7/16/2024,5Y,2.836
Tu,7/16/2024,10Y,3.081
We,7/17/2024,2Y,2.924
We,7/17/2024,5Y,2.843
We,7/17/2024,10Y,3.075
Th,7/18/2024,2Y,2.909
Th,7/18/2024,5Y,2.831
Th,7/18/2024,10Y,3.091
Fr,7/19/2024,2Y,2.923
Fr,7/19/2024,5Y,2.864
Fr,7/19/2024,10Y,3.133
Mo,7/22/2024,2Y,2.96
Mo,7/22/2024,5Y,2.896
Mo,7/22/2024,10Y,3.147
Tu,7/23/2024,2Y,2.918
Tu,7/23/2024,5Y,2.864
Tu,7/23/2024,10Y,3.129
We,7/24/2024,2Y,2.866
We,7/24/2024,5Y,2.847
We,7/24/2024,10Y,3.149
Th,7/25/2024,2Y,2.846
Th,7/25/2024,5Y,2.821
Th,7/25/2024,10Y,3.122
Fr,7/26/2024,2Y,2.827
Fr,7/26/2024,5Y,2.804
Fr,7/26/2024,10Y,3.115
Mo,7/29/2024,2Y,2.809
Mo,7/29/2024,5Y,2.775
Mo,7/29/2024,10Y,3.07
Tu,7/30/2024,2Y,2.772
Tu,7/30/2024,5Y,2.744
Tu,7/30/2024,10Y,3.051
We,7/31/2024,2Y,2.753
We,7/31/2024,5Y,2.7
We,7/31/2024,10Y,3.011
Th,8/1/2024,2Y,2.704
Th,8/1/2024,5Y,2.664
Th,8/1/2024,10Y,2.992
Fr,8/2/2024,2Y,2.624
Fr,8/2/2024,5Y,2.619
Fr,8/2/2024,10Y,2.965
Mo,8/5/2024,2Y,2.635
Mo,8/5/2024,5Y,2.643
Mo,8/5/2024,10Y,2.982
Tu,8/6/2024,2Y,2.649
Tu,8/6/2024,5Y,2.64
Tu,8/6/2024,10Y,2.956
We,8/7/2024,2Y,2.656
We,8/7/2024,5Y,2.663
We,8/7/2024,10Y,3.013
Th,8/8/2024,2Y,2.642
Th,8/8/2024,5Y,2.658
Th,8/8/2024,10Y,3.015
Fr,8/9/2024,2Y,2.632
Fr,8/9/2024,5Y,2.632
Fr,8/9/2024,10Y,2.969
Mo,8/12/2024,2Y,2.631
Mo,8/12/2024,5Y,2.637
Mo,8/12/2024,10Y,2.971
Tu,8/13/2024,2Y,2.576
Tu,8/13/2024,5Y,2.59
Tu,8/13/2024,10Y,2.923
We,8/14/2024,2Y,2.585
We,8/14/2024,5Y,2.585
We,8/14/2024,10Y,2.918
Th,8/15/2024,2Y,2.676
Th,8/15/2024,5Y,2.673
Th,8/15/2024,10Y,2.983
Fr,8/16/2024,2Y,2.663
Fr,8/16/2024,5Y,2.658
Fr,8/16/2024,10Y,2.977
Mo,8/19/2024,2Y,2.657
Mo,8/19/2024,5Y,2.654
Mo,8/19/2024,10Y,2.967
Tu,8/20/2024,2Y,2.63
Tu,8/20/2024,5Y,2.625
Tu,8/20/2024,10Y,2.942
We,8/21/2024,2Y,2.578
We,8/21/2024,5Y,2.579
We,8/21/2024,10Y,2.903
Th,8/22/2024,2Y,2.621
Th,8/22/2024,5Y,2.625
Th,8/22/2024,10Y,2.956
Fr,8/23/2024,2Y,2.594
Fr,8/23/2024,5Y,2.598
Fr,8/23/2024,10Y,2.931
Mo,8/26/2024,2Y,2.617
Mo,8/26/2024,5Y,2.627
Mo,8/26/2024,10Y,2.955
Tu,8/27/2024,2Y,2.636
Tu,8/27/2024,5Y,2.667
Tu,8/27/2024,10Y,3.014
We,8/28/2024,2Y,2.62
We,8/28/2024,5Y,2.643
We,8/28/2024,10Y,2.987
Th,8/29/2024,2Y,2.588
Th,8/29/2024,5Y,2.626
Th,8/29/2024,10Y,2.991
Fr,8/30/2024,2Y,2.62
Fr,8/30/2024,5Y,2.656
Fr,8/30/2024,10Y,3.022
Mo,9/2/2024,2Y,2.65
Mo,9/2/2024,5Y,2.681
Mo,9/2/2024,10Y,3.037
Tu,9/3/2024,2Y,2.62
Tu,9/3/2024,5Y,2.636
Tu,9/3/2024,10Y,3
We,9/4/2024,2Y,2.557
We,9/4/2024,5Y,2.572
We,9/4/2024,10Y,2.932
Th,9/5/2024,2Y,2.529
Th,9/5/2024,5Y,2.555
Th,9/5/2024,10Y,2.909
Fr,9/6/2024,2Y,2.458
Fr,9/6/2024,5Y,2.499
Fr,9/6/2024,10Y,2.879
Mo,9/9/2024,2Y,2.439
Mo,9/9/2024,5Y,2.492
Mo,9/9/2024,10Y,2.883
Tu,9/10/2024,2Y,2.397
Tu,9/10/2024,5Y,2.455
Tu,9/10/2024,10Y,2.844
We,9/11/2024,2Y,2.373
We,9/11/2024,5Y,2.43
We,9/11/2024,10Y,2.827
Th,9/12/2024,2Y,2.429
Th,9/12/2024,5Y,2.474
Th,9/12/2024,10Y,2.849
Fr,9/13/2024,2Y,2.413
Fr,9/13/2024,5Y,2.458
Fr,9/13/2024,10Y,2.837
Mo,9/16/2024,2Y,2.389
Mo,9/16/2024,5Y,2.452
Mo,9/16/2024,10Y,2.828
Tu,9/17/2024,2Y,2.43
Tu,9/17/2024,5Y,2.49
Tu,9/17/2024,10Y,2.856
We,9/18/2024,2Y,2.471
We,9/18/2024,5Y,2.542
We,9/18/2024,10Y,2.916
Th,9/19/2024,2Y,2.437
Th,9/19/2024,5Y,2.531
Th,9/19/2024,10Y,2.932
Fr,9/20/2024,2Y,2.447
Fr,9/20/2024,5Y,2.552
Fr,9/20/2024,10Y,2.963
Mo,9/23/2024,2Y,2.379
Mo,9/23/2024,5Y,2.503
Mo,9/23/2024,10Y,2.937
Tu,9/24/2024,2Y,2.326
Tu,9/24/2024,5Y,2.462
Tu,9/24/2024,10Y,2.915
We,9/25/2024,2Y,2.352
We,9/25/2024,5Y,2.513
We,9/25/2024,10Y,2.966
Th,9/26/2024,2Y,2.361
Th,9/26/2024,5Y,2.522
Th,9/26/2024,10Y,2.979
Fr,9/27/2024,2Y,2.308
Fr,9/27/2024,5Y,2.456
Fr,9/27/2024,10Y,2.919
Mo,9/30/2024,2Y,2.301
Mo,9/30/2024,5Y,2.447
Mo,9/30/2024,10Y,2.917
Tu,10/1/2024,2Y,2.23
Tu,10/1/2024,5Y,2.37
Tu,10/1/2024,10Y,2.816
We,10/2/2024,2Y,2.247
We,10/2/2024,5Y,2.398
We,10/2/2024,10Y,2.862
Th,10/3/2024,2Y,2.294
Th,10/3/2024,5Y,2.472
Th,10/3/2024,10Y,2.94
Fr,10/4/2024,2Y,2.396
Fr,10/4/2024,5Y,2.557
Fr,10/4/2024,10Y,2.986
Mo,10/7/2024,2Y,2.432
Mo,10/7/2024,5Y,2.601
Mo,10/7/2024,10Y,3.025
Tu,10/8/2024,2Y,2.413
Tu,10/8/2024,5Y,2.583
Tu,10/8/2024,10Y,3.011
We,10/9/2024,2Y,2.451
We,10/9/2024,5Y,2.61
We,10/9/2024,10Y,3.027
Th,10/10/2024,2Y,2.425
Th,10/10/2024,5Y,2.59
Th,10/10/2024,10Y,3.024
Fr,10/11/2024,2Y,2.425
Fr,10/11/2024,5Y,2.599
Fr,10/11/2024,10Y,3.038
Mo,10/14/2024,2Y,2.446
Mo,10/14/2024,5Y,2.61
Mo,10/14/2024,10Y,3.034
Tu,10/15/2024,2Y,2.395
Tu,10/15/2024,5Y,2.537
Tu,10/15/2024,10Y,2.956
We,10/16/2024,2Y,2.356
We,10/16/2024,5Y,2.498
We,10/16/2024,10Y,2.922
Th,10/17/2024,2Y,2.334
Th,10/17/2024,5Y,2.494
Th,10/17/2024,10Y,2.942
Fr,10/18/2024,2Y,2.29
Fr,10/18/2024,5Y,2.454
Fr,10/18/2024,10Y,2.898
Mo,10/21/2024,2Y,2.371
Mo,10/21/2024,5Y,2.554
Mo,10/21/2024,10Y,3.02
Tu,10/22/2024,2Y,2.389
Tu,10/22/2024,5Y,2.591
Tu,10/22/2024,10Y,3.056
We,10/23/2024,2Y,2.317
We,10/23/2024,5Y,2.544
We,10/23/2024,10Y,3.032
Th,10/24/2024,2Y,2.299
Th,10/24/2024,5Y,2.513
Th,10/24/2024,10Y,2.99
Fr,10/25/2024,2Y,2.345
Fr,10/25/2024,5Y,2.568
Fr,10/25/2024,10Y,3.045
Mo,10/28/2024,2Y,2.323
Mo,10/28/2024,5Y,2.542
Mo,10/28/2024,10Y,3.011
Tu,10/29/2024,2Y,2.367
Tu,10/29/2024,5Y,2.603
Tu,10/29/2024,10Y,3.079
We,10/30/2024,2Y,2.477
We,10/30/2024,5Y,2.702
We,10/30/2024,10Y,3.125
Th,10/31/2024,2Y,2.497
Th,10/31/2024,5Y,2.711
Th,10/31/2024,10Y,3.124
Fr,11/1/2024,2Y,2.465
Fr,11/1/2024,5Y,2.706
Fr,11/1/2024,10Y,3.163
Mo,11/4/2024,2Y,2.474
Mo,11/4/2024,5Y,2.706
Mo,11/4/2024,10Y,3.141
Tu,11/5/2024,2Y,2.505
Tu,11/5/2024,5Y,2.736
Tu,11/5/2024,10Y,3.158
We,11/6/2024,2Y,2.396
We,11/6/2024,5Y,2.67
We,11/6/2024,10Y,3.172
Th,11/7/2024,2Y,2.43
Th,11/7/2024,5Y,2.71
Th,11/7/2024,10Y,3.201
Fr,11/8/2024,2Y,2.406
Fr,11/8/2024,5Y,2.663
Fr,11/8/2024,10Y,3.119
Mo,11/11/2024,2Y,2.352
Mo,11/11/2024,5Y,2.614
Mo,11/11/2024,10Y,3.078
Tu,11/12/2024,2Y,2.344
Tu,11/12/2024,5Y,2.638
Tu,11/12/2024,10Y,3.123
We,11/13/2024,2Y,2.377
We,11/13/2024,5Y,2.673
We,11/13/2024,10Y,3.142
Th,11/14/2024,2Y,2.32
Th,11/14/2024,5Y,2.603
Th,11/14/2024,10Y,3.08
Fr,11/15/2024,2Y,2.327
Fr,11/15/2024,5Y,2.615
Fr,11/15/2024,10Y,3.083
Mo,11/18/2024,2Y,2.378
Mo,11/18/2024,5Y,2.653
Mo,11/18/2024,10Y,3.099
Tu,11/19/2024,2Y,2.346
Tu,11/19/2024,5Y,2.626
Tu,11/19/2024,10Y,3.075
We,11/20/2024,2Y,2.341
We,11/20/2024,5Y,2.644
We,11/20/2024,10Y,3.104
Th,11/21/2024,2Y,2.329
Th,11/21/2024,5Y,2.633
Th,11/21/2024,10Y,3.102
Fr,11/22/2024,2Y,2.213
Fr,11/22/2024,5Y,2.548
Fr,11/22/2024,10Y,3.044
Mo,11/25/2024,2Y,2.254
Mo,11/25/2024,5Y,2.663
Mo,11/25/2024,10Y,3.023
Tu,11/26/2024,2Y,2.252
Tu,11/26/2024,5Y,2.686
Tu,11/26/2024,10Y,3.048
We,11/27/2024,2Y,2.296
We,11/27/2024,5Y,2.667
We,11/27/2024,10Y,3.02
Th,11/28/2024,2Y,2.23
Th,11/28/2024,5Y,2.587
Th,11/28/2024,10Y,2.945
Fr,11/29/2024,2Y,2.167
Fr,11/29/2024,5Y,2.517
Fr,11/29/2024,10Y,2.894
Mo,12/2/2024,2Y,2.127
Mo,12/2/2024,5Y,2.53
Mo,12/2/2024,10Y,2.915
Tu,12/3/2024,2Y,2.159
Tu,12/3/2024,5Y,2.532
Tu,12/3/2024,10Y,2.904
We,12/4/2024,2Y,2.151
We,12/4/2024,5Y,2.53
We,12/4/2024,10Y,2.897
Th,12/5/2024,2Y,2.201
Th,12/5/2024,5Y,2.533
Th,12/5/2024,10Y,2.89
Fr,12/6/2024,2Y,2.17
Fr,12/6/2024,5Y,2.51
Fr,12/6/2024,10Y,2.876
Mo,12/9/2024,2Y,2.156
Mo,12/9/2024,5Y,2.499
Mo,12/9/2024,10Y,2.873
Tu,12/10/2024,2Y,2.105
Tu,12/10/2024,5Y,2.474
Tu,12/10/2024,10Y,2.88
We,12/11/2024,2Y,2.092
We,12/11/2024,5Y,2.483
We,12/11/2024,10Y,2.889
Th,12/12/2024,2Y,2.158
Th,12/12/2024,5Y,2.57
Th,12/12/2024,10Y,2.987
Fr,12/13/2024,2Y,2.234
Fr,12/13/2024,5Y,2.62
Fr,12/13/2024,10Y,3.04
Mo,12/16/2024,2Y,2.225
Mo,12/16/2024,5Y,2.626
Mo,12/16/2024,10Y,3.044
Tu,12/17/2024,2Y,2.236
Tu,12/17/2024,5Y,2.629
Tu,12/17/2024,10Y,3.034
We,12/18/2024,2Y,2.218
We,12/18/2024,5Y,2.625
We,12/18/2024,10Y,3.048
Th,12/19/2024,2Y,2.24
Th,12/19/2024,5Y,2.667
Th,12/19/2024,10Y,3.116
Fr,12/20/2024,2Y,2.221
Fr,12/20/2024,5Y,2.644
Fr,12/20/2024,10Y,3.077
Mo,12/23/2024,2Y,2.243
Mo,12/23/2024,5Y,2.691
Mo,12/23/2024,10Y,3.137
Tu,12/24/2024,2Y,2.242
Tu,12/24/2024,5Y,2.691
Tu,12/24/2024,10Y,3.137
We,12/25/2024,2Y,2.242
We,12/25/2024,5Y,2.691
We,12/25/2024,10Y,3.137
Th,12/26/2024,2Y,2.242
Th,12/26/2024,5Y,2.691
Th,12/26/2024,10Y,3.137
Fr,12/27/2024,2Y,2.279
Fr,12/27/2024,5Y,2.75
Fr,12/27/2024,10Y,3.21
Mo,12/30/2024,2Y,2.265
Mo,12/30/2024,5Y,2.718
Mo,12/30/2024,10Y,3.194
Tu,12/31/2024,2Y,2.264
Tu,12/31/2024,5Y,2.718
Tu,12/31/2024,10Y,3.194
We,1/1/2025,2Y,2.264
We,1/1/2025,5Y,2.718
We,1/1/2025,10Y,3.194
Th,1/2/2025,2Y,2.286
Th,1/2/2025,5Y,2.768
Th,1/2/2025,10Y,3.233
Fr,1/3/2025,2Y,2.347
Fr,1/3/2025,5Y,2.839
Fr,1/3/2025,10Y,3.286
Mo,1/6/2025,2Y,2.377
Mo,1/6/2025,5Y,2.831
Mo,1/6/2025,10Y,3.259
Tu,1/7/2025,2Y,2.381
Tu,1/7/2025,5Y,2.856
Tu,1/7/2025,10Y,3.299
We,1/8/2025,2Y,2.388
We,1/8/2025,5Y,2.889
We,1/8/2025,10Y,3.355
Th,1/9/2025,2Y,2.426
Th,1/9/2025,5Y,2.943
Th,1/9/2025,10Y,3.395
Fr,1/10/2025,2Y,2.476
Fr,1/10/2025,5Y,2.985
Fr,1/10/2025,10Y,3.427
Mo,1/13/2025,2Y,2.489
Mo,1/13/2025,5Y,3.007
Mo,1/13/2025,10Y,3.459
Tu,1/14/2025,2Y,2.51
Tu,1/14/2025,5Y,3.019
Tu,1/14/2025,10Y,3.471
We,1/15/2025,2Y,2.436
We,1/15/2025,5Y,2.902
We,1/15/2025,10Y,3.354
Th,1/16/2025,2Y,2.402
Th,1/16/2025,5Y,2.876
Th,1/16/2025,10Y,3.336
Fr,1/17/2025,2Y,2.38
Fr,1/17/2025,5Y,2.863
Fr,1/17/2025,10Y,3.311
Mo,1/20/2025,2Y,2.378
Mo,1/20/2025,5Y,2.854
Mo,1/20/2025,10Y,3.3
Tu,1/21/2025,2Y,2.365
Tu,1/21/2025,5Y,2.833
Tu,1/21/2025,10Y,3.273
We,1/22/2025,2Y,2.38
We,1/22/2025,5Y,2.823
We,1/22/2025,10Y,3.265
Th,1/23/2025,2Y,2.385
Th,1/23/2025,5Y,2.849
Th,1/23/2025,10Y,3.305
Fr,1/24/2025,2Y,2.426
Fr,1/24/2025,5Y,2.863
Fr,1/24/2025,10Y,3.301
Mo,1/27/2025,2Y,2.395
Mo,1/27/2025,5Y,2.828
Mo,1/27/2025,10Y,3.27
Tu,1/28/2025,2Y,2.407
Tu,1/28/2025,5Y,2.847
Tu,1/28/2025,10Y,3.294
We,1/29/2025,2Y,2.424
We,1/29/2025,5Y,2.877
We,1/29/2025,10Y,3.321
Th,1/30/2025,2Y,2.364
Th,1/30/2025,5Y,2.813
Th,1/30/2025,10Y,3.264
Fr,1/31/2025,2Y,2.277
Fr,1/31/2025,5Y,2.728
Fr,1/31/2025,10Y,3.204
Mo,2/3/2025,2Y,2.188
Mo,2/3/2025,5Y,2.632
Mo,2/3/2025,10Y,3.111
Tu,2/4/2025,2Y,2.201
Tu,2/4/2025,5Y,2.635
Tu,2/4/2025,10Y,3.109
We,2/5/2025,2Y,2.204
We,2/5/2025,5Y,2.624
We,2/5/2025,10Y,3.082
Th,2/6/2025,2Y,2.209
Th,2/6/2025,5Y,2.631
Th,2/6/2025,10Y,3.09
Fr,2/7/2025,2Y,2.2
Fr,2/7/2025,5Y,2.634
Fr,2/7/2025,10Y,3.092
Mo,2/10/2025,2Y,2.179
Mo,2/10/2025,5Y,2.623
Mo,2/10/2025,10Y,3.083
Tu,2/11/2025,2Y,2.285
Tu,2/11/2025,5Y,2.696
Tu,2/11/2025,10Y,3.206
We,2/12/2025,2Y,2.325
We,2/12/2025,5Y,2.734
We,2/12/2025,10Y,3.237
Th,2/13/2025,2Y,2.266
Th,2/13/2025,5Y,2.65
Th,2/13/2025,10Y,3.153
Fr,2/14/2025,2Y,2.287
Fr,2/14/2025,5Y,2.677
Fr,2/14/2025,10Y,3.172
Mo,2/17/2025,2Y,2.305
Mo,2/17/2025,5Y,2.704
Mo,2/17/2025,10Y,3.211
Tu,2/18/2025,2Y,2.289
Tu,2/18/2025,5Y,2.692
Tu,2/18/2025,10Y,3.204
We,2/19/2025,2Y,2.335
We,2/19/2025,5Y,2.77
We,2/19/2025,10Y,3.288
Th,2/20/2025,2Y,2.304
Th,2/20/2025,5Y,2.742
Th,2/20/2025,10Y,3.266
Fr,2/21/2025,2Y,2.259
Fr,2/21/2025,5Y,2.694
Fr,2/21/2025,10Y,3.217
Mo,2/24/2025,2Y,2.24
Mo,2/24/2025,5Y,2.682
Mo,2/24/2025,10Y,3.224
Tu,2/25/2025,2Y,2.219
Tu,2/25/2025,5Y,2.654
Tu,2/25/2025,10Y,3.195
We,2/26/2025,2Y,2.217
We,2/26/2025,5Y,2.614
We,2/26/2025,10Y,3.148
Th,2/27/2025,2Y,2.189
Th,2/27/2025,5Y,2.589
Th,2/27/2025,10Y,3.139
Fr,2/28/2025,2Y,2.179
Fr,2/28/2025,5Y,2.577
Fr,2/28/2025,10Y,3.144
Mo,3/3/2025,2Y,2.218
Mo,3/3/2025,5Y,2.626
Mo,3/3/2025,10Y,3.215
Tu,3/4/2025,2Y,2.192
Tu,3/4/2025,5Y,2.61
Tu,3/4/2025,10Y,3.229
We,3/5/2025,2Y,2.378
We,3/5/2025,5Y,2.877
We,3/5/2025,10Y,3.489
Th,3/6/2025,2Y,2.373
Th,3/6/2025,5Y,2.912
Th,3/6/2025,10Y,3.538
Fr,3/7/2025,2Y,2.388
Fr,3/7/2025,5Y,2.919
Fr,3/7/2025,10Y,3.553
Mo,3/10/2025,2Y,2.363
Mo,3/10/2025,5Y,2.891
Mo,3/10/2025,10Y,3.542
Tu,3/11/2025,2Y,2.344
Tu,3/11/2025,5Y,2.904
Tu,3/11/2025,10Y,3.585
We,3/12/2025,2Y,2.366
We,3/12/2025,5Y,2.894
We,3/12/2025,10Y,3.552
Th,3/13/2025,2Y,2.329
Th,3/13/2025,5Y,2.876
Th,3/13/2025,10Y,3.556
Fr,3/14/2025,2Y,2.332
Fr,3/14/2025,5Y,2.886
Fr,3/14/2025,10Y,3.566
Mo,3/17/2025,2Y,2.334
Mo,3/17/2025,5Y,2.841
Mo,3/17/2025,10Y,3.489
Tu,3/18/2025,2Y,2.321
Tu,3/18/2025,5Y,2.839
Tu,3/18/2025,10Y,3.487
We,3/19/2025,2Y,2.334
We,3/19/2025,5Y,2.84
We,3/19/2025,10Y,3.476
Th,3/20/2025,2Y,2.31
Th,3/20/2025,5Y,2.83
Th,3/20/2025,10Y,3.48
Fr,3/21/2025,2Y,2.274
Fr,3/21/2025,5Y,2.797
Fr,3/21/2025,10Y,3.462
Mo,3/24/2025,2Y,2.256
Mo,3/24/2025,5Y,2.789
Mo,3/24/2025,10Y,3.459
Tu,3/25/2025,2Y,2.267
Tu,3/25/2025,5Y,2.807
Tu,3/25/2025,10Y,3.482
We,3/26/2025,2Y,2.252
We,3/26/2025,5Y,2.801
We,3/26/2025,10Y,3.488
Th,3/27/2025,2Y,2.203
Th,3/27/2025,5Y,2.758
Th,3/27/2025,10Y,3.466
Fr,3/28/2025,2Y,2.158
Fr,3/28/2025,5Y,2.718
Fr,3/28/2025,10Y,3.432
Mo,3/31/2025,2Y,2.188
Mo,3/31/2025,5Y,2.745
Mo,3/31/2025,10Y,3.452
Tu,4/1/2025,2Y,2.161
Tu,4/1/2025,5Y,2.704
Tu,4/1/2025,10Y,3.4
We,4/2/2025,2Y,2.175
We,4/2/2025,5Y,2.72
We,4/2/2025,10Y,3.427
Th,4/3/2025,2Y,2.088
Th,4/3/2025,5Y,2.642
Th,4/3/2025,10Y,3.377
Fr,4/4/2025,2Y,1.992
Fr,4/4/2025,5Y,2.563
Fr,4/4/2025,10Y,3.331
Mo,4/7/2025,2Y,1.966
Mo,4/7/2025,5Y,2.574
Mo,4/7/2025,10Y,3.397
Tu,4/8/2025,2Y,2.016
Tu,4/8/2025,5Y,2.62
Tu,4/8/2025,10Y,3.389
We,4/9/2025,2Y,1.944
We,4/9/2025,5Y,2.588
We,4/9/2025,10Y,3.391
Th,4/10/2025,2Y,1.964
Th,4/10/2025,5Y,2.585
Th,4/10/2025,10Y,3.352
Fr,4/11/2025,2Y,2.001
Fr,4/11/2025,5Y,2.615
Fr,4/11/2025,10Y,3.351
Mo,4/14/2025,2Y,1.941
Mo,4/14/2025,5Y,2.539
Mo,4/14/2025,10Y,3.272
Tu,4/15/2025,2Y,1.951
Tu,4/15/2025,5Y,2.56
Tu,4/15/2025,10Y,3.293
We,4/16/2025,2Y,1.933
We,4/16/2025,5Y,2.53
We,4/16/2025,10Y,3.269
Th,4/17/2025,2Y,1.873
Th,4/17/2025,5Y,2.484
Th,4/17/2025,10Y,3.239
Fr,4/18/2025,2Y,1.873
Fr,4/18/2025,5Y,2.484
Fr,4/18/2025,10Y,3.239
Mo,4/21/2025,2Y,1.873
Mo,4/21/2025,5Y,2.484
Mo,4/21/2025,10Y,3.239
Tu,4/22/2025,2Y,1.85
Tu,4/22/2025,5Y,2.455
Tu,4/22/2025,10Y,3.212
We,4/23/2025,2Y,1.912
We,4/23/2025,5Y,2.487
We,4/23/2025,10Y,3.237
Th,4/24/2025,2Y,1.838
Th,4/24/2025,5Y,2.402
Th,4/24/2025,10Y,3.165
Fr,4/25/2025,2Y,1.872
Fr,4/25/2025,5Y,2.428
Fr,4/25/2025,10Y,3.187
Mo,4/28/2025,2Y,1.89
Mo,4/28/2025,5Y,2.465
Mo,4/28/2025,10Y,3.236
Tu,4/29/2025,2Y,1.89
Tu,4/29/2025,5Y,2.454
Tu,4/29/2025,10Y,3.217
We,4/30/2025,2Y,1.842
We,4/30/2025,5Y,2.391
We,4/30/2025,10Y,3.166
Th,5/1/2025,2Y,1.842
Th,5/1/2025,5Y,2.391
Th,5/1/2025,10Y,3.166
Fr,5/2/2025,2Y,1.915
Fr,5/2/2025,5Y,2.478
Fr,5/2/2025,10Y,3.248
Mo,5/5/2025,2Y,1.905
Mo,5/5/2025,5Y,2.458
Mo,5/5/2025,10Y,3.235
Tu,5/6/2025,2Y,1.89
Tu,5/6/2025,5Y,2.464
Tu,5/6/2025,10Y,3.258
We,5/7/2025,2Y,1.857
We,5/7/2025,5Y,2.416
We,5/7/2025,10Y,3.194
Th,5/8/2025,2Y,1.911
Th,5/8/2025,5Y,2.47
Th,5/8/2025,10Y,3.238
Fr,5/9/2025,2Y,1.92
Fr,5/9/2025,5Y,2.486
Fr,5/9/2025,10Y,3.264
Mo,5/12/2025,2Y,2.034
Mo,5/12/2025,5Y,2.589
Mo,5/12/2025,10Y,3.325
Tu,5/13/2025,2Y,2.049
Tu,5/13/2025,5Y,2.607
Tu,5/13/2025,10Y,3.353
We,5/14/2025,2Y,2.06
We,5/14/2025,5Y,2.639
We,5/14/2025,10Y,3.378
Th,5/15/2025,2Y,1.997
Th,5/15/2025,5Y,2.559
Th,5/15/2025,10Y,3.293
Fr,5/16/2025,2Y,1.974
Fr,5/16/2025,5Y,2.523
Fr,5/16/2025,10Y,3.262
Mo,5/19/2025,2Y,1.963
Mo,5/19/2025,5Y,2.514
Mo,5/19/2025,10Y,3.258
Tu,5/20/2025,2Y,1.964
Tu,5/20/2025,5Y,2.506
Tu,5/20/2025,10Y,3.262
We,5/21/2025,2Y,1.992
We,5/21/2025,5Y,2.553
We,5/21/2025,10Y,3.31
Th,5/22/2025,2Y,1.958
Th,5/22/2025,5Y,2.544
Th,5/22/2025,10Y,3.32
Fr,5/23/2025,2Y,1.9
Fr,5/23/2025,5Y,2.486
Fr,5/23/2025,10Y,3.26
Mo,5/26/2025,2Y,1.914
Mo,5/26/2025,5Y,2.474
Mo,5/26/2025,10Y,3.236
Tu,5/27/2025,2Y,1.921
Tu,5/27/2025,5Y,2.465
Tu,5/27/2025,10Y,3.204
We,5/28/2025,2Y,1.932
We,5/28/2025,5Y,2.476
We,5/28/2025,10Y,3.223
Th,5/29/2025,2Y,2.081
Th,5/29/2025,5Y,2.6
Th,5/29/2025,10Y,3.176
Fr,5/30/2025,2Y,2.072
Fr,5/30/2025,5Y,2.586
Fr,5/30/2025,10Y,3.159
Mo,6/2/2025,2Y,2.088
Mo,6/2/2025,5Y,2.607
Mo,6/2/2025,10Y,3.187
Tu,6/3/2025,2Y,2.089
Tu,6/3/2025,5Y,2.608
Tu,6/3/2025,10Y,3.189
We,6/4/2025,2Y,2.1
We,6/4/2025,5Y,2.626
We,6/4/2025,10Y,3.204
Th,6/5/2025,2Y,2.171
Th,6/5/2025,5Y,2.69
Th,6/5/2025,10Y,3.251
Fr,6/6/2025,2Y,2.176
Fr,6/6/2025,5Y,2.695
Fr,6/6/2025,10Y,3.244
Mo,6/9/2025,2Y,2.153
Mo,6/9/2025,5Y,2.679
Mo,6/9/2025,10Y,3.239
Tu,6/10/2025,2Y,2.139
Tu,6/10/2025,5Y,2.651
Tu,6/10/2025,10Y,3.202
We,6/11/2025,2Y,2.142
We,6/11/2025,5Y,2.665
We,6/11/2025,10Y,3.225
Th,6/12/2025,2Y,2.112
Th,6/12/2025,5Y,2.63
Th,6/12/2025,10Y,3.181
Fr,6/13/2025,2Y,2.164
Fr,6/13/2025,5Y,2.7
Fr,6/13/2025,10Y,3.252
Mo,6/16/2025,2Y,2.142
Mo,6/16/2025,5Y,2.672
Mo,6/16/2025,10Y,3.233
Tu,6/17/2025,2Y,2.169
Tu,6/17/2025,5Y,2.699
Tu,6/17/2025,10Y,3.248
We,6/18/2025,2Y,2.139
We,6/18/2025,5Y,2.665
We,6/18/2025,10Y,3.212
Th,6/19/2025,2Y,2.152
Th,6/19/2025,5Y,2.712
Th,6/19/2025,10Y,3.271
Fr,6/20/2025,2Y,2.149
Fr,6/20/2025,5Y,2.688
Fr,6/20/2025,10Y,3.244
Mo,6/23/2025,2Y,2.137
Mo,6/23/2025,5Y,2.675
Mo,6/23/2025,10Y,3.229
Tu,6/24/2025,2Y,2.141
Tu,6/24/2025,5Y,2.681
Tu,6/24/2025,10Y,3.25
We,6/25/2025,2Y,2.126
We,6/25/2025,5Y,2.68
We,6/25/2025,10Y,3.257
Th,6/26/2025,2Y,2.102
Th,6/26/2025,5Y,2.656
Th,6/26/2025,10Y,3.247
Fr,6/27/2025,2Y,2.135
Fr,6/27/2025,5Y,2.681
Fr,6/27/2025,10Y,3.264
Mo,6/30/2025,2Y,2.138
Mo,6/30/2025,5Y,2.692
Mo,6/30/2025,10Y,3.284
Tu,7/1/2025,2Y,2.123
Tu,7/1/2025,5Y,2.668
Tu,7/1/2025,10Y,3.25
We,7/2/2025,2Y,2.151
We,7/2/2025,5Y,2.726
We,7/2/2025,10Y,3.321
Th,7/3/2025,2Y,2.119
Th,7/3/2025,5Y,2.681
Th,7/3/2025,10Y,3.274
Fr,7/4/2025,2Y,2.102
Fr,7/4/2025,5Y,2.677
Fr,7/4/2025,10Y,3.278
Mo,7/7/2025,2Y,2.13
Mo,7/7/2025,5Y,2.715
Mo,7/7/2025,10Y,3.32
Tu,7/8/2025,2Y,2.159
Tu,7/8/2025,5Y,2.749
Tu,7/8/2025,10Y,3.364
We,7/9/2025,2Y,2.15
We,7/9/2025,5Y,2.746
We,7/9/2025,10Y,3.36
Th,7/10/2025,2Y,2.181
Th,7/10/2025,5Y,2.784
Th,7/10/2025,10Y,3.397
Fr,7/11/2025,2Y,2.192
Fr,7/11/2025,5Y,2.796
Fr,7/11/2025,10Y,3.412
Mo,7/14/2025,2Y,2.176
Mo,7/14/2025,5Y,2.802
Mo,7/14/2025,10Y,3.431
Tu,7/15/2025,2Y,2.161
Tu,7/15/2025,5Y,2.778
Tu,7/15/2025,10Y,3.405
We,7/16/2025,2Y,2.134
We,7/16/2025,5Y,2.742
We,7/16/2025,10Y,3.379
Th,7/17/2025,2Y,2.138
Th,7/17/2025,5Y,2.749
Th,7/17/2025,10Y,3.379
Fr,7/18/2025,2Y,2.146
Fr,7/18/2025,5Y,2.76
Fr,7/18/2025,10Y,3.398
Mo,7/21/2025,2Y,2.09
Mo,7/21/2025,5Y,2.667
Mo,7/21/2025,10Y,3.292
Tu,7/22/2025,2Y,2.075
Tu,7/22/2025,5Y,2.643
Tu,7/22/2025,10Y,3.263
We,7/23/2025,2Y,2.107
We,7/23/2025,5Y,2.677
We,7/23/2025,10Y,3.299
Th,7/24/2025,2Y,2.196
Th,7/24/2025,5Y,2.775
Th,7/24/2025,10Y,3.378
Fr,7/25/2025,2Y,2.206
Fr,7/25/2025,5Y,2.781
Fr,7/25/2025,10Y,3.385
Mo,7/28/2025,2Y,2.172
Mo,7/28/2025,5Y,2.743
Mo,7/28/2025,10Y,3.349
Tu,7/29/2025,2Y,2.191
Tu,7/29/2025,5Y,2.763
Tu,7/29/2025,10Y,3.363
We,7/30/2025,2Y,2.197
We,7/30/2025,5Y,2.765
We,7/30/2025,10Y,3.358
Th,7/31/2025,2Y,2.198
Th,7/31/2025,5Y,2.763
Th,7/31/2025,10Y,3.347
Fr,8/1/2025,2Y,2.166
Fr,8/1/2025,5Y,2.744
Fr,8/1/2025,10Y,3.346
Mo,8/4/2025,2Y,2.132
Mo,8/4/2025,5Y,2.688
Mo,8/4/2025,10Y,3.283
Tu,8/5/2025,2Y,2.138
Tu,8/5/2025,5Y,2.689
Tu,8/5/2025,10Y,3.284
We,8/6/2025,2Y,2.151
We,8/6/2025,5Y,2.709
We,8/6/2025,10Y,3.311
Th,8/7/2025,2Y,2.151
Th,8/7/2025,5Y,2.703
Th,8/7/2025,10Y,3.295
Fr,8/8/2025,2Y,2.187
Fr,8/8/2025,5Y,2.755
Fr,8/8/2025,10Y,3.348
Mo,8/11/2025,2Y,2.2
Mo,8/11/2025,5Y,2.762
Mo,8/11/2025,10Y,3.355
Tu,8/12/2025,2Y,2.213
Tu,8/12/2025,5Y,2.796
Tu,8/12/2025,10Y,3.408
We,8/13/2025,2Y,2.169
We,8/13/2025,5Y,2.729
We,8/13/2025,10Y,3.334
Th,8/14/2025,2Y,2.19
Th,8/14/2025,5Y,2.757
Th,8/14/2025,10Y,3.372
Fr,8/15/2025,2Y,2.23
Fr,8/15/2025,5Y,2.832
Fr,8/15/2025,10Y,3.467
Mo,8/18/2025,2Y,2.212
Mo,8/18/2025,5Y,2.813
Mo,8/18/2025,10Y,3.446
Tu,8/19/2025,2Y,2.205
Tu,8/19/2025,5Y,2.802
Tu,8/19/2025,10Y,3.435
We,8/20/2025,2Y,2.179
We,8/20/2025,5Y,2.78
We,8/20/2025,10Y,3.413
Th,8/21/2025,2Y,2.218
Th,8/21/2025,5Y,2.827
Th,8/21/2025,10Y,3.461
Fr,8/22/2025,2Y,2.188
Fr,8/22/2025,5Y,2.781
Fr,8/22/2025,10Y,3.42
Mo,8/25/2025,2Y,2.225
Mo,8/25/2025,5Y,2.866
Mo,8/25/2025,10Y,3.509
Tu,8/26/2025,2Y,2.205
Tu,8/26/2025,5Y,2.832
Tu,8/26/2025,10Y,3.498
We,8/27/2025,2Y,2.188
We,8/27/2025,5Y,2.828
We,8/27/2025,10Y,3.517
Th,8/28/2025,2Y,2.187
Th,8/28/2025,5Y,2.802
Th,8/28/2025,10Y,3.477
Fr,8/29/2025,2Y,2.193
Fr,8/29/2025,5Y,2.824
Fr,8/29/2025,10Y,3.511
Mo,9/1/2025,2Y,2.206
Mo,9/1/2025,5Y,2.842
Mo,9/1/2025,10Y,3.536
Tu,9/2/2025,2Y,2.233
Tu,9/2/2025,5Y,2.88
Tu,9/2/2025,10Y,3.582
We,9/3/2025,2Y,2.211
We,9/3/2025,5Y,2.847
We,9/3/2025,10Y,3.54
Th,9/4/2025,2Y,2.203
Th,9/4/2025,5Y,2.813
Th,9/4/2025,10Y,3.49
Fr,9/5/2025,2Y,2.165
Fr,9/5/2025,5Y,2.775
Fr,9/5/2025,10Y,3.447
Mo,9/8/2025,2Y,2.154
Mo,9/8/2025,5Y,2.749
Mo,9/8/2025,10Y,3.408
Tu,9/9/2025,2Y,2.163
Tu,9/9/2025,5Y,2.747
Tu,9/9/2025,10Y,3.468
We,9/10/2025,2Y,2.17
We,9/10/2025,5Y,2.747
We,9/10/2025,10Y,3.461
Th,9/11/2025,2Y,2.202
Th,9/11/2025,5Y,2.755
Th,9/11/2025,10Y,3.441
Fr,9/12/2025,2Y,2.242
Fr,9/12/2025,5Y,2.817
Fr,9/12/2025,10Y,3.506
Mo,9/15/2025,2Y,2.237
Mo,9/15/2025,5Y,2.801
Mo,9/15/2025,10Y,3.478
Tu,9/16/2025,2Y,2.225
Tu,9/16/2025,5Y,2.795
Tu,9/16/2025,10Y,3.488
We,9/17/2025,2Y,2.225
We,9/17/2025,5Y,2.799
We,9/17/2025,10Y,3.48
Th,9/18/2025,2Y,2.235
Th,9/18/2025,5Y,2.832
Th,9/18/2025,10Y,3.538
Fr,9/19/2025,2Y,2.245
Fr,9/19/2025,5Y,2.843
Fr,9/19/2025,10Y,3.553
Mo,9/22/2025,2Y,2.244
Mo,9/22/2025,5Y,2.841
Mo,9/22/2025,10Y,3.559
Tu,9/23/2025,2Y,2.25
Tu,9/23/2025,5Y,2.85
Tu,9/23/2025,10Y,3.563
We,9/24/2025,2Y,2.248
We,9/24/2025,5Y,2.849
We,9/24/2025,10Y,3.568
Th,9/25/2025,2Y,2.266
Th,9/25/2025,5Y,2.884
Th,9/25/2025,10Y,3.6
Fr,9/26/2025,2Y,2.254
Fr,9/26/2025,5Y,2.853
Fr,9/26/2025,10Y,3.568
Mo,9/29/2025,2Y,2.252
Mo,9/29/2025,5Y,2.83
Mo,9/29/2025,10Y,3.531
Tu,9/30/2025,2Y,2.25
Tu,9/30/2025,5Y,2.826
Tu,9/30/2025,10Y,3.533
We,10/1/2025,2Y,2.239
We,10/1/2025,5Y,2.814
We,10/1/2025,10Y,3.529
Th,10/2/2025,2Y,2.238
Th,10/2/2025,5Y,2.812
Th,10/2/2025,10Y,3.518
Fr,10/3/2025,2Y,2.247
Fr,10/3/2025,5Y,2.808
Fr,10/3/2025,10Y,3.507
Mo,10/6/2025,2Y,2.253
Mo,10/6/2025,5Y,2.843
Mo,10/6/2025,10Y,3.567
Tu,10/7/2025,2Y,2.25
Tu,10/7/2025,5Y,2.844
Tu,10/7/2025,10Y,3.569
We,10/8/2025,2Y,2.226
We,10/8/2025,5Y,2.798
We,10/8/2025,10Y,3.514
Th,10/9/2025,2Y,2.239
Th,10/9/2025,5Y,2.816
Th,10/9/2025,10Y,3.524
Fr,10/10/2025,2Y,2.198
Fr,10/10/2025,5Y,2.771
Fr,10/10/2025,10Y,3.478
Mo,10/13/2025,2Y,2.183
Mo,10/13/2025,5Y,2.754
Mo,10/13/2025,10Y,3.468
Tu,10/14/2025,2Y,2.155
Tu,10/14/2025,5Y,2.699
Tu,10/14/2025,10Y,3.394
We,10/15/2025,2Y,2.134
We,10/15/2025,5Y,2.65
We,10/15/2025,10Y,3.341
Th,10/16/2025,2Y,2.121
Th,10/16/2025,5Y,2.639
Th,10/16/2025,10Y,3.335
Fr,10/17/2025,2Y,2.123
Fr,10/17/2025,5Y,2.658
Fr,10/17/2025,10Y,3.36
Mo,10/20/2025,2Y,2.128
Mo,10/20/2025,5Y,2.664
Mo,10/20/2025,10Y,3.361
Tu,10/21/2025,2Y,2.125
Tu,10/21/2025,5Y,2.652
Tu,10/21/2025,10Y,3.341
We,10/22/2025,2Y,2.13
We,10/22/2025,5Y,2.656
We,10/22/2025,10Y,3.353
Th,10/23/2025,2Y,2.147
Th,10/23/2025,5Y,2.685
Th,10/23/2025,10Y,3.381
Fr,10/24/2025,2Y,2.193
Fr,10/24/2025,5Y,2.739
Fr,10/24/2025,10Y,3.432
Mo,10/27/2025,2Y,2.193
Mo,10/27/2025,5Y,2.726
Mo,10/27/2025,10Y,3.415
Tu,10/28/2025,2Y,2.193
Tu,10/28/2025,5Y,2.726
Tu,10/28/2025,10Y,3.418
We,10/29/2025,2Y,2.188
We,10/29/2025,5Y,2.711
We,10/29/2025,10Y,3.4
Th,10/30/2025,2Y,2.199
Th,10/30/2025,5Y,2.725
Th,10/30/2025,10Y,3.416
Fr,10/31/2025,2Y,2.185
Fr,10/31/2025,5Y,2.719
Fr,10/31/2025,10Y,3.42
Mo,11/3/2025,2Y,2.211
Mo,11/3/2025,5Y,2.744
Mo,11/3/2025,10Y,3.443
Tu,11/4/2025,2Y,2.204
Tu,11/4/2025,5Y,2.74
Tu,11/4/2025,10Y,3.437
We,11/5/2025,2Y,2.219
We,11/5/2025,5Y,2.758
We,11/5/2025,10Y,3.456
Th,11/6/2025,2Y,2.211
Th,11/6/2025,5Y,2.745
Th,11/6/2025,10Y,3.444
Fr,11/7/2025,2Y,2.216
Fr,11/7/2025,5Y,2.757
Fr,11/7/2025,10Y,3.462
Mo,11/10/2025,2Y,2.222
Mo,11/10/2025,5Y,2.748
Mo,11/10/2025,10Y,3.438
Tu,11/11/2025,2Y,2.213
Tu,11/11/2025,5Y,2.734
Tu,11/11/2025,10Y,3.423
We,11/12/2025,2Y,2.204
We,11/12/2025,5Y,2.702
We,11/12/2025,10Y,3.376
Th,11/13/2025,2Y,2.234
Th,11/13/2025,5Y,2.744
Th,11/13/2025,10Y,3.415
Fr,11/14/2025,2Y,2.25
Fr,11/14/2025,5Y,2.775
Fr,11/14/2025,10Y,3.458
Mo,11/17/2025,2Y,2.259
Mo,11/17/2025,5Y,2.775
Mo,11/17/2025,10Y,3.452
Tu,11/18/2025,2Y,2.246
Tu,11/18/2025,5Y,2.767
Tu,11/18/2025,10Y,3.457
We,11/19/2025,2Y,2.244
We,11/19/2025,5Y,2.767
We,11/19/2025,10Y,3.46
Th,11/20/2025,2Y,2.25
Th,11/20/2025,5Y,2.785
Th,11/20/2025,10Y,3.488
Fr,11/21/2025,2Y,2.245
Fr,11/21/2025,5Y,2.772
Fr,11/21/2025,10Y,3.472
Mo,11/24/2025,2Y,2.24
Mo,11/24/2025,5Y,2.751
Mo,11/24/2025,10Y,3.446
Tu,11/25/2025,2Y,2.24
Tu,11/25/2025,5Y,2.724
Tu,11/25/2025,10Y,3.406
We,11/26/2025,2Y,2.237
We,11/26/2025,5Y,2.714
We,11/26/2025,10Y,3.396
Th,11/27/2025,2Y,2.244
Th,11/27/2025,5Y,2.732
Th,11/27/2025,10Y,3.409
Fr,11/28/2025,2Y,2.242
Fr,11/28/2025,5Y,2.733
Fr,11/28/2025,10Y,3.408
Mo,12/1/2025,2Y,2.281
Mo,12/1/2025,5Y,2.799
Mo,12/1/2025,10Y,3.484
Tu,12/2/2025,2Y,2.271
Tu,12/2/2025,5Y,2.807
Tu,12/2/2025,10Y,3.489
We,12/3/2025,2Y,2.275
We,12/3/2025,5Y,2.803
We,12/3/2025,10Y,3.491
Th,12/4/2025,2Y,2.294
Th,12/4/2025,5Y,2.831
Th,12/4/2025,10Y,3.523
Fr,12/5/2025,2Y,2.308
Fr,12/5/2025,5Y,2.83
Fr,12/5/2025,10Y,3.523
Mo,12/8/2025,2Y,2.366
Mo,12/8/2025,5Y,2.897
Mo,12/8/2025,10Y,3.582
Tu,12/9/2025,2Y,2.362
Tu,12/9/2025,5Y,2.877
Tu,12/9/2025,10Y,3.554
We,12/10/2025,2Y,2.386
We,12/10/2025,5Y,2.897
We,12/10/2025,10Y,3.567
Th,12/11/2025,2Y,2.366
Th,12/11/2025,5Y,2.878
Th,12/11/2025,10Y,3.553
Fr,12/12/2025,2Y,2.362
Fr,12/12/2025,5Y,2.892
Fr,12/12/2025,10Y,3.576
Mo,12/15/2025,2Y,2.354
Mo,12/15/2025,5Y,2.887
Mo,12/15/2025,10Y,3.564
Tu,12/16/2025,2Y,2.328
Tu,12/16/2025,5Y,2.864
Tu,12/16/2025,10Y,3.547
We,12/17/2025,2Y,2.329
We,12/17/2025,5Y,2.878
We,12/17/2025,10Y,3.572
Th,12/18/2025,2Y,2.326
Th,12/18/2025,5Y,2.857
Th,12/18/2025,10Y,3.557
Fr,12/19/2025,2Y,2.346
Fr,12/19/2025,5Y,2.896
Fr,12/19/2025,10Y,3.611
Mo,12/22/2025,2Y,2.34
Mo,12/22/2025,5Y,2.893
Mo,12/22/2025,10Y,3.611
Tu,12/23/2025,2Y,2.328
Tu,12/23/2025,5Y,2.859
Tu,12/23/2025,10Y,3.561
We,12/24/2025,2Y,2.33
We,12/24/2025,5Y,2.859
We,12/24/2025,10Y,3.561
Th,12/25/2025,2Y,2.33
Th,12/25/2025,5Y,2.859
Th,12/25/2025,10Y,3.561
Fr,12/26/2025,2Y,2.33
Fr,12/26/2025,5Y,2.859
Fr,12/26/2025,10Y,3.561
Mo,12/29/2025,2Y,2.303
Mo,12/29/2025,5Y,2.821
Mo,12/29/2025,10Y,3.524
Tu,12/30/2025,2Y,2.31
Tu,12/30/2025,5Y,2.852
Tu,12/30/2025,10Y,3.562
We,12/31/2025,2Y,2.316
We,12/31/2025,5Y,2.853
We,12/31/2025,10Y,3.562
Th,1/1/2026,2Y,2.316
Th,1/1/2026,5Y,2.853
Th,1/1/2026,10Y,3.562
Fr,1/2/2026,2Y,2.33
Fr,1/2/2026,5Y,2.887
Fr,1/2/2026,10Y,3.61
Mo,1/5/2026,2Y,2.314
Mo,1/5/2026,5Y,2.857
Mo,1/5/2026,10Y,3.572
Tu,1/6/2026,2Y,2.285
Tu,1/6/2026,5Y,2.84
Tu,1/6/2026,10Y,3.553
We,1/7/2026,2Y,2.271
We,1/7/2026,5Y,2.813
We,1/7/2026,10Y,3.521
Th,1/8/2026,2Y,2.271
Th,1/8/2026,5Y,2.818
Th,1/8/2026,10Y,3.528
Fr,1/9/2026,2Y,2.268
Fr,1/9/2026,5Y,2.817
Fr,1/9/2026,10Y,3.522
Mo,1/12/2026,2Y,2.259
Mo,1/12/2026,5Y,2.802
Mo,1/12/2026,10Y,3.505
Tu,1/13/2026,2Y,2.259
Tu,1/13/2026,5Y,2.807
Tu,1/13/2026,10Y,3.521
We,1/14/2026,2Y,2.234
We,1/14/2026,5Y,2.778
We,1/14/2026,10Y,3.489
Th,1/15/2026,2Y,2.257
Th,1/15/2026,5Y,2.794
Th,1/15/2026,10Y,3.49
Fr,1/16/2026,2Y,2.273
Fr,1/16/2026,5Y,2.821
Fr,1/16/2026,10Y,3.517
Mo,1/19/2026,2Y,2.244
Mo,1/19/2026,5Y,2.785
Mo,1/19/2026,10Y,3.499
Tu,1/20/2026,2Y,2.237
Tu,1/20/2026,5Y,2.793
Tu,1/20/2026,10Y,3.526
We,1/21/2026,2Y,2.25
We,1/21/2026,5Y,2.806
We,1/21/2026,10Y,3.542
Th,1/22/2026,2Y,2.266
Th,1/22/2026,5Y,2.8
Th,1/22/2026,10Y,3.515
Fr,1/23/2026,2Y,2.273
Fr,1/23/2026,5Y,2.789
Fr,1/23/2026,10Y,3.493
Mo,1/26/2026,2Y,2.245
Mo,1/26/2026,5Y,2.747
Mo,1/26/2026,10Y,3.435
Tu,1/27/2026,2Y,2.24
Tu,1/27/2026,5Y,2.749
Tu,1/27/2026,10Y,3.436
We,1/28/2026,2Y,2.217
We,1/28/2026,5Y,2.731
We,1/28/2026,10Y,3.427
Th,1/29/2026,2Y,2.204
Th,1/29/2026,5Y,2.714
Th,1/29/2026,10Y,3.418
Fr,1/30/2026,2Y,2.209
Fr,1/30/2026,5Y,2.716
Fr,1/30/2026,10Y,3.425
Mo,2/2/2026,2Y,2.237
Mo,2/2/2026,5Y,2.745
Mo,2/2/2026,10Y,3.449
Tu,2/3/2026,2Y,2.24
Tu,2/3/2026,5Y,2.755
Tu,2/3/2026,10Y,3.466
We,2/4/2026,2Y,2.212
We,2/4/2026,5Y,2.733
We,2/4/2026,10Y,3.446
Th,2/5/2026,2Y,2.212
Th,2/5/2026,5Y,2.735
Th,2/5/2026,10Y,3.445
Fr,2/6/2026,2Y,2.206
Fr,2/6/2026,5Y,2.729
Fr,2/6/2026,10Y,3.446
Mo,2/9/2026,2Y,2.196
Mo,2/9/2026,5Y,2.717
Mo,2/9/2026,10Y,3.442
Tu,2/10/2026,2Y,2.183
Tu,2/10/2026,5Y,2.689
Tu,2/10/2026,10Y,3.405
We,2/11/2026,2Y,2.178
We,2/11/2026,5Y,2.678
We,2/11/2026,10Y,3.379
Th,2/12/2026,2Y,2.169
Th,2/12/2026,5Y,2.667
Th,2/12/2026,10Y,3.363
Fr,2/13/2026,2Y,2.152
Fr,2/13/2026,5Y,2.639
Fr,2/13/2026,10Y,3.34
Mo,2/16/2026,2Y,2.158
Mo,2/16/2026,5Y,2.646
Mo,2/16/2026,10Y,3.343
Tu,2/17/2026,2Y,2.157
Tu,2/17/2026,5Y,2.628
Tu,2/17/2026,10Y,3.315
We,2/18/2026,2Y,2.165
We,2/18/2026,5Y,2.628
We,2/18/2026,10Y,3.31
Th,2/19/2026,2Y,2.17
Th,2/19/2026,5Y,2.627
Th,2/19/2026,10Y,3.314
Fr,2/20/2026,2Y,2.174
Fr,2/20/2026,5Y,2.625
Fr,2/20/2026,10Y,3.299
Mo,2/23/2026,2Y,2.157
Mo,2/23/2026,5Y,2.599
Mo,2/23/2026,10Y,3.275
Tu,2/24/2026,2Y,2.162
Tu,2/24/2026,5Y,2.595
Tu,2/24/2026,10Y,3.267
We,2/25/2026,2Y,2.157
We,2/25/2026,5Y,2.586
We,2/25/2026,10Y,3.255
Th,2/26/2026,2Y,2.153
Th,2/26/2026,5Y,2.579
Th,2/26/2026,10Y,3.248
Fr,2/27/2026,2Y,2.117
Fr,2/27/2026,5Y,2.532
Fr,2/27/2026,10Y,3.217
Mo,3/2/2026,2Y,2.206
Mo,3/2/2026,5Y,2.624
Mo,3/2/2026,10Y,3.289
Tu,3/3/2026,2Y,2.298
Tu,3/3/2026,5Y,2.708
Tu,3/3/2026,10Y,3.373
We,3/4/2026,2Y,2.267
We,3/4/2026,5Y,2.683
We,3/4/2026,10Y,3.347
Th,3/5/2026,2Y,2.378
Th,3/5/2026,5Y,2.818
Th,3/5/2026,10Y,3.464
Fr,3/6/2026,2Y,2.461
Fr,3/6/2026,5Y,2.88
Fr,3/6/2026,10Y,3.51
Mo,3/9/2026,2Y,2.486
Mo,3/9/2026,5Y,2.889
Mo,3/9/2026,10Y,3.506
Tu,3/10/2026,2Y,2.392
Tu,3/10/2026,5Y,2.798
Tu,3/10/2026,10Y,3.443
We,3/11/2026,2Y,2.526
We,3/11/2026,5Y,2.937
We,3/11/2026,10Y,3.569
Th,3/12/2026,2Y,2.574
Th,3/12/2026,5Y,2.989
Th,3/12/2026,10Y,3.625
Fr,3/13/2026,2Y,2.606
Fr,3/13/2026,5Y,3.034
Fr,3/13/2026,10Y,3.671
Mo,3/16/2026,2Y,2.559
Mo,3/16/2026,5Y,2.972
Mo,3/16/2026,10Y,3.615
Tu,3/17/2026,2Y,2.531
Tu,3/17/2026,5Y,2.921
Tu,3/17/2026,10Y,3.554
We,3/18/2026,2Y,2.594
We,3/18/2026,5Y,2.979
We,3/18/2026,10Y,3.603
Th,3/19/2026,2Y,2.74
Th,3/19/2026,5Y,3.072
Th,3/19/2026,10Y,3.64
Fr,3/20/2026,2Y,2.839
Fr,3/20/2026,5Y,3.181
Fr,3/20/2026,10Y,3.754
Mo,3/23/2026,2Y,2.754
Mo,3/23/2026,5Y,3.111
Mo,3/23/2026,10Y,3.709
Tu,3/24/2026,2Y,2.86
Tu,3/24/2026,5Y,3.177
Tu,3/24/2026,10Y,3.757
We,3/25/2026,2Y,2.786
We,3/25/2026,5Y,3.084
We,3/25/2026,10Y,3.651
Th,3/26/2026,2Y,2.903
Th,3/26/2026,5Y,3.231
Th,3/26/2026,10Y,3.8
Fr,3/27/2026,2Y,2.867
Fr,3/27/2026,5Y,3.239
Fr,3/27/2026,10Y,3.832
Mo,3/30/2026,2Y,2.814
Mo,3/30/2026,5Y,3.174
Mo,3/30/2026,10Y,3.767
Tu,3/31/2026,2Y,2.811
Tu,3/31/2026,5Y,3.141
Tu,3/31/2026,10Y,3.721
We,4/1/2026,2Y,2.774
We,4/1/2026,5Y,3.098
We,4/1/2026,10Y,3.67
Th,4/2/2026,2Y,2.793
Th,4/2/2026,5Y,3.101
Th,4/2/2026,10Y,3.679
Fr,4/3/2026,2Y,2.793
Fr,4/3/2026,5Y,3.101
Fr,4/3/2026,10Y,3.679
Mo,4/6/2026,2Y,2.793
Mo,4/6/2026,5Y,3.101
Mo,4/6/2026,10Y,3.679
Tu,4/7/2026,2Y,2.904
Tu,4/7/2026,5Y,3.215
Tu,4/7/2026,10Y,3.779
We,4/8/2026,2Y,2.647
We,4/8/2026,5Y,2.984
We,4/8/2026,10Y,3.578
Th,4/9/2026,2Y,2.675
Th,4/9/2026,5Y,3.012
Th,4/9/2026,10Y,3.612
Fr,4/10/2026,2Y,2.754
Fr,4/10/2026,5Y,3.099
Fr,4/10/2026,10Y,3.705
Mo,4/13/2026,2Y,2.804
Mo,4/13/2026,5Y,3.146
Mo,4/13/2026,10Y,3.748
Tu,4/14/2026,2Y,2.687
Tu,4/14/2026,5Y,3.042
Tu,4/14/2026,10Y,3.656
We,4/15/2026,2Y,2.689
We,4/15/2026,5Y,3.06
We,4/15/2026,10Y,3.681
Th,4/16/2026,2Y,2.662
Th,4/16/2026,5Y,3.043
Th,4/16/2026,10Y,3.672
Fr,4/17/2026,2Y,2.542
Fr,4/17/2026,5Y,2.939
Fr,4/17/2026,10Y,3.577
Mo,4/20/2026,2Y,2.594
Mo,4/20/2026,5Y,2.973
Mo,4/20/2026,10Y,3.61
Tu,4/21/2026,2Y,2.657
Tu,4/21/2026,5Y,3.031
Tu,4/21/2026,10Y,3.655
We,4/22/2026,2Y,2.687
We,4/22/2026,5Y,3.047
We,4/22/2026,10Y,3.656
Th,4/23/2026,2Y,2.694
Th,4/23/2026,5Y,3.057
Th,4/23/2026,10Y,3.663
Fr,4/24/2026,2Y,2.678
Fr,4/24/2026,5Y,3.03
Fr,4/24/2026,10Y,3.637
Mo,4/27/2026,2Y,2.707
Mo,4/27/2026,5Y,3.071
Mo,4/27/2026,10Y,3.685
Tu,4/28/2026,2Y,2.787
Tu,4/28/2026,5Y,3.124
Tu,4/28/2026,10Y,3.722
We,4/29/2026,2Y,2.883
We,4/29/2026,5Y,3.197
We,4/29/2026,10Y,3.777
Th,4/30/2026,2Y,2.785
Th,4/30/2026,5Y,3.099
Th,4/30/2026,10Y,3.692
Fr,5/1/2026,2Y,2.785
Fr,5/1/2026,5Y,3.099
Fr,5/1/2026,10Y,3.692
Mo,5/4/2026,2Y,2.878
Mo,5/4/2026,5Y,3.174
Mo,5/4/2026,10Y,3.758
Tu,5/5/2026,2Y,2.822
Tu,5/5/2026,5Y,3.115
Tu,5/5/2026,10Y,3.71
We,5/6/2026,2Y,2.708
We,5/6/2026,5Y,3.017
We,5/6/2026,10Y,3.622
Th,5/7/2026,2Y,2.728
Th,5/7/2026,5Y,3.029
Th,5/7/2026,10Y,3.626
Fr,5/8/2026,2Y,2.733
Fr,5/8/2026,5Y,3.027
Fr,5/8/2026,10Y,3.621
Mo,5/11/2026,2Y,2.782
Mo,5/11/2026,5Y,3.07
Mo,5/11/2026,10Y,3.659
Tu,5/12/2026,2Y,2.849
Tu,5/12/2026,5Y,3.153
Tu,5/12/2026,10Y,3.738
We,5/13/2026,2Y,2.844
We,5/13/2026,5Y,3.147
We,5/13/2026,10Y,3.728
Th,5/14/2026,2Y,2.786
Th,5/14/2026,5Y,3.082
Th,5/14/2026,10Y,3.662
Fr,5/15/2026,2Y,2.875
Fr,5/15/2026,5Y,3.219
Fr,5/15/2026,10Y,3.818
Mo,5/18/2026,2Y,2.843
Mo,5/18/2026,5Y,3.177
Mo,5/18/2026,10Y,3.777
Tu,5/19/2026,2Y,2.884
Tu,5/19/2026,5Y,3.233
Tu,5/19/2026,10Y,3.83
We,5/20/2026,2Y,2.783
We,5/20/2026,5Y,3.118
We,5/20/2026,10Y,3.717
Th,5/21/2026,2Y,2.814
Th,5/21/2026,5Y,3.134
Th,5/21/2026,10Y,3.726
Fr,5/22/2026,2Y,2.772
Fr,5/22/2026,5Y,3.077
Fr,5/22/2026,10Y,3.663
Mo,5/25/2026,2Y,2.663
Mo,5/25/2026,5Y,2.967
Mo,5/25/2026,10Y,3.558
Tu,5/26/2026,2Y,2.727
Tu,5/26/2026,5Y,3.01
Tu,5/26/2026,10Y,3.59
We,5/27/2026,2Y,2.721
We,5/27/2026,5Y,3.009
We,5/27/2026,10Y,3.596
Th,5/28/2026,2Y,2.696
Th,5/28/2026,5Y,2.979
Th,5/28/2026,10Y,3.568
Fr,5/29/2026,2Y,2.67
Fr,5/29/2026,5Y,2.955
Fr,5/29/2026,10Y,3.549
Mo,6/1/2026,2Y,2.773
Mo,6/1/2026,5Y,3.045
Mo,6/1/2026,10Y,3.629
Tu,6/2/2026,2Y,2.765
Tu,6/2/2026,5Y,3.017
Tu,6/2/2026,10Y,3.594
We,6/3/2026,2Y,2.814
We,6/3/2026,5Y,3.092
We,6/3/2026,10Y,3.671
Th,6/4/2026,2Y,2.801
Th,6/4/2026,5Y,3.083
Th,6/4/2026,10Y,3.666
Fr,6/5/2026,2Y,2.831
Fr,6/5/2026,5Y,3.121
Fr,6/5/2026,10Y,3.693
Mo,6/8/2026,2Y,2.889
Mo,6/8/2026,5Y,3.275
Mo,6/8/2026,10Y,3.838
Tu,6/9/2026,2Y,2.843
Tu,6/9/2026,5Y,3.235
Tu,6/9/2026,10Y,3.808
We,6/10/2026,2Y,2.896
We,6/10/2026,5Y,3.284
We,6/10/2026,10Y,3.848
Th,6/11/2026,2Y,2.854
Th,6/11/2026,5Y,3.24
Th,6/11/2026,10Y,3.8
Fr,6/12/2026,2Y,2.787
Fr,6/12/2026,5Y,3.177
Fr,6/12/2026,10Y,3.744
Mo,6/15/2026,2Y,2.736
Mo,6/15/2026,5Y,3.122
Mo,6/15/2026,10Y,3.697
Tu,6/16/2026,2Y,2.726
Tu,6/16/2026,5Y,3.094
Tu,6/16/2026,10Y,3.661
We,6/17/2026,2Y,2.746
We,6/17/2026,5Y,3.108
We,6/17/2026,10Y,3.664
Th,6/18/2026,2Y,2.768
Th,6/18/2026,5Y,3.126
Th,6/18/2026,10Y,3.677
Fr,6/19/2026,2Y,2.808
Fr,6/19/2026,5Y,3.179
Fr,6/19/2026,10Y,3.741
Mo,6/22/2026,2Y,2.764
Mo,6/22/2026,5Y,3.141
Mo,6/22/2026,10Y,3.707
Tu,6/23/2026,2Y,2.745
Tu,6/23/2026,5Y,3.113
Tu,6/23/2026,10Y,3.68
We,6/24/2026,2Y,2.715
We,6/24/2026,5Y,3.069
We,6/24/2026,10Y,3.628
Th,6/25/2026,2Y,2.702
Th,6/25/2026,5Y,3.069
Th,6/25/2026,10Y,3.631
Fr,6/26/2026,2Y,2.693
Fr,6/26/2026,5Y,3.068
Fr,6/26/2026,10Y,3.633
Mo,6/29/2026,2Y,2.714
Mo,6/29/2026,5Y,3.074
Mo,6/29/2026,10Y,3.638
Tu,6/30/2026,2Y,2.703
Tu,6/30/2026,5Y,3.077
Tu,6/30/2026,10Y,3.651
We,7/1/2026,2Y,2.69
We,7/1/2026,5Y,3.09
We,7/1/2026,10Y,3.68
Th,7/2/2026,2Y,2.678
Th,7/2/2026,5Y,3.097
Th,7/2/2026,10Y,3.706
Fr,7/3/2026,2Y,2.713
Fr,7/3/2026,5Y,3.129
Fr,7/3/2026,10Y,3.723
Mo,7/6/2026,2Y,2.715
Mo,7/6/2026,5Y,3.138
Mo,7/6/2026,10Y,3.734
Tu,7/7/2026,2Y,2.758
Tu,7/7/2026,5Y,3.195
Tu,7/7/2026,10Y,3.79
We,7/8/2026,2Y,2.892
We,7/8/2026,5Y,3.336
We,7/8/2026,10Y,3.925
Th,7/9/2026,2Y,2.824
Th,7/9/2026,5Y,3.256
Th,7/9/2026,10Y,3.854
Fr,7/10/2026,2Y,2.823
Fr,7/10/2026,5Y,3.241
Fr,7/10/2026,10Y,3.828
Mo,7/13/2026,2Y,2.898
Mo,7/13/2026,5Y,3.309
Mo,7/13/2026,10Y,3.884
Tu,7/14/2026,2Y,2.921
Tu,7/14/2026,5Y,3.322
Tu,7/14/2026,10Y,3.891
We,7/15/2026,2Y,2.91
We,7/15/2026,5Y,3.335
We,7/15/2026,10Y,3.91
Th,7/16/2026,2Y,2.934
Th,7/16/2026,5Y,3.347
Th,7/16/2026,10Y,3.927
Fr,7/17/2026,2Y,2.95
Fr,7/17/2026,5Y,3.356
Fr,7/17/2026,10Y,3.926
Mo,7/20/2026,2Y,2.955
Mo,7/20/2026,5Y,3.369
Mo,7/20/2026,10Y,3.945
Tu,7/21/2026,2Y,2.969
Tu,7/21/2026,5Y,3.389
Tu,7/21/2026,10Y,3.962
We,7/22/2026,2Y,3.004
We,7/22/2026,5Y,3.408
We,7/22/2026,10Y,3.969
Th,7/23/2026,2Y,3.054
Th,7/23/2026,5Y,3.465
Th,7/23/2026,10Y,4.016
Fr,7/24/2026,2Y,2.998
Fr,7/24/2026,5Y,3.408
Fr,7/24/2026,10Y,3.968
Mo,7/27/2026,2Y,2.958
Mo,7/27/2026,5Y,3.366
Mo,7/27/2026,10Y,3.923
Tu,7/28/2026,2Y,2.913
Tu,7/28/2026,5Y,3.318
Tu,7/28/2026,10Y,3.883
We,7/29/2026,2Y,2.987
We,7/29/2026,5Y,3.404
We,7/29/2026,10Y,3.96
Th,7/30/2026,2Y,2.932
Th,7/30/2026,5Y,3.359
Th,7/30/2026,10Y,3.939
Fr,7/31/2026,2Y,2.99
Fr,7/31/2026,5Y,3.419
Fr,7/31/2026,10Y,3.998
Mo,8/3/2026,2Y,2.942
Mo,8/3/2026,5Y,3.357
Mo,8/3/2026,10Y,3.936
Tu,8/4/2026,2Y,2.881
Tu,8/4/2026,5Y,3.293
Tu,8/4/2026,10Y,3.882
We,8/5/2026,2Y,2.899
We,8/5/2026,5Y,3.316
We,8/5/2026,10Y,3.899
Th,8/6/2026,2Y,2.929
Th,8/6/2026,5Y,3.352
Th,8/6/2026,10Y,3.932
Fr,8/7/2026,2Y,2.917
Fr,8/7/2026,5Y,3.332
Fr,8/7/2026,10Y,3.916
Mo,8/10/2026,2Y,2.976
Mo,8/10/2026,5Y,3.4
Mo,8/10/2026,10Y,3.98
Tu,8/11/2026,2Y,2.97
Tu,8/11/2026,5Y,3.395
Tu,8/11/2026,10Y,3.977
We,8/12/2026,2Y,2.967
We,8/12/2026,5Y,3.397
We,8/12/2026,10Y,3.978
Th,8/13/2026,2Y,2.942
Th,8/13/2026,5Y,3.362
Th,8/13/2026,10Y,3.943
Fr,8/14/2026,2Y,2.982
Fr,8/14/2026,5Y,3.446
Fr,8/14/2026,10Y,4.045
Mo,8/17/2026,2Y,2.989
Mo,8/17/2026,5Y,3.46
Mo,8/17/2026,10Y,4.065
Tu,8/18/2026,2Y,3.034
Tu,8/18/2026,5Y,3.51
Tu,8/18/2026,10Y,4.113
We,8/19/2026,2Y,3.046
We,8/19/2026,5Y,3.514
We,8/19/2026,10Y,4.108
Th,8/20/2026,2Y,3.039
Th,8/20/2026,5Y,3.518
Th,8/20/2026,10Y,4.122
Fr,8/21/2026,2Y,3.034
Fr,8/21/2026,5Y,3.522
Fr,8/21/2026,10Y,4.132
Mo,8/24/2026,2Y,3.054
Mo,8/24/2026,5Y,3.522
Mo,8/24/2026,10Y,4.122
Tu,8/25/2026,2Y,2.99
Tu,8/25/2026,5Y,3.444
Tu,8/25/2026,10Y,4.049
We,8/26/2026,2Y,3.025
We,8/26/2026,5Y,3.485
We,8/26/2026,10Y,4.089
Th,8/27/2026,2Y,3.045
Th,8/27/2026,5Y,3.502
Th,8/27/2026,10Y,4.104
Fr,8/28/2026,2Y,3.081
Fr,8/28/2026,5Y,3.535
Fr,8/28/2026,10Y,4.126
Mo,8/31/2026,2Y,3.117
Mo,8/31/2026,5Y,3.577
Mo,8/31/2026,10Y,4.176
Tu,9/1/2026,2Y,3.146
Tu,9/1/2026,5Y,3.61
Tu,9/1/2026,10Y,4.206
We,9/2/2026,2Y,3.183
We,9/2/2026,5Y,3.656
We,9/2/2026,10Y,4.251
Th,9/3/2026,2Y,3.137
Th,9/3/2026,5Y,3.605
Th,9/3/2026,10Y,4.203
Fr,9/4/2026,2Y,3.129
Fr,9/4/2026,5Y,3.597
Fr,9/4/2026,10Y,4.195
Mo,9/7/2026,2Y,3.186
Mo,9/7/2026,5Y,3.652
Mo,9/7/2026,10Y,4.25
Tu,9/8/2026,2Y,3.179
Tu,9/8/2026,5Y,3.64
Tu,9/8/2026,10Y,4.232
We,9/9/2026,2Y,3.255
We,9/9/2026,5Y,3.752
We,9/9/2026,10Y,4.341
Th,9/10/2026,2Y,3.439
Th,9/10/2026,5Y,3.898
Th,9/10/2026,10Y,4.439
Fr,9/11/2026,2Y,3.396
Fr,9/11/2026,5Y,3.883
Fr,9/11/2026,10Y,4.452
Mo,9/14/2026,2Y,3.476
Mo,9/14/2026,5Y,3.93
Mo,9/14/2026,10Y,4.472
