,GTATS2Y Govt,GTATS5Y Govt,GTATS10Y Govt
,Last Price,Last Price,Last Price
Dates,PX_LAST,PX_LAST,PX_LAST
1/1/1999,#N/A N/A,#N/A N/A,#N/A N/A
1/4/1999,#N/A N/A,#N/A N/A,#N/A N/A
1/5/1999,#N/A N/A,#N/A N/A,#N/A N/A
1/6/1999,#N/A N/A,#N/A N/A,#N/A N/A
1/7/1999,#N/A N/A,#N/A N/A,#N/A N/A
1/8/1999,#N/A N/A,#N/A N/A,#N/A N/A
1/11/1999,#N/A N/A,#N/A N/A,#N/A N/A
1/12/1999,#N/A N/A,#N/A N/A,#N/A N/A
1/13/1999,#N/A N/A,#N/A N/A,#N/A N/A
1/14/1999,#N/A N/A,#N/A N/A,#N/A N/A
1/15/1999,#N/A N/A,#N/A N/A,#N/A N/A
1/18/1999,#N/A N/A,#N/A N/A,#N/A N/A
1/19/1999,#N/A N/A,#N/A N/A,#N/A N/A
1/20/1999,#N/A N/A,#N/A N/A,#N/A N/A
1/21/1999,#N/A N/A,#N/A N/A,#N/A N/A
1/22/1999,#N/A N/A,#N/A N/A,#N/A N/A
1/25/1999,#N/A N/A,#N/A N/A,#N/A N/A
1/26/1999,#N/A N/A,#N/A N/A,#N/A N/A
1/27/1999,#N/A N/A,#N/A N/A,#N/A N/A
1/28/1999,#N/A N/A,#N/A N/A,#N/A N/A
1/29/1999,#N/A N/A,#N/A N/A,#N/A N/A
2/1/1999,#N/A N/A,#N/A N/A,#N/A N/A
2/2/1999,#N/A N/A,#N/A N/A,#N/A N/A
2/3/1999,#N/A N/A,#N/A N/A,#N/A N/A
2/4/1999,#N/A N/A,#N/A N/A,#N/A N/A
2/5/1999,#N/A N/A,#N/A N/A,#N/A N/A
2/8/1999,#N/A N/A,#N/A N/A,#N/A N/A
2/9/1999,#N/A N/A,#N/A N/A,#N/A N/A
2/10/1999,#N/A N/A,#N/A N/A,#N/A N/A
2/11/1999,#N/A N/A,#N/A N/A,#N/A N/A
2/12/1999,#N/A N/A,#N/A N/A,#N/A N/A
2/15/1999,#N/A N/A,#N/A N/A,#N/A N/A
2/16/1999,#N/A N/A,#N/A N/A,#N/A N/A
2/17/1999,#N/A N/A,#N/A N/A,#N/A N/A
2/18/1999,#N/A N/A,#N/A N/A,#N/A N/A
2/19/1999,#N/A N/A,#N/A N/A,#N/A N/A
2/22/1999,#N/A N/A,#N/A N/A,#N/A N/A
2/23/1999,#N/A N/A,#N/A N/A,#N/A N/A
2/24/1999,#N/A N/A,#N/A N/A,#N/A N/A
2/25/1999,#N/A N/A,#N/A N/A,#N/A N/A
2/26/1999,#N/A N/A,#N/A N/A,#N/A N/A
3/1/1999,#N/A N/A,#N/A N/A,#N/A N/A
3/2/1999,#N/A N/A,#N/A N/A,#N/A N/A
3/3/1999,#N/A N/A,#N/A N/A,#N/A N/A
3/4/1999,#N/A N/A,#N/A N/A,#N/A N/A
3/5/1999,#N/A N/A,#N/A N/A,#N/A N/A
3/8/1999,#N/A N/A,#N/A N/A,#N/A N/A
3/9/1999,#N/A N/A,#N/A N/A,#N/A N/A
3/10/1999,#N/A N/A,#N/A N/A,#N/A N/A
3/11/1999,#N/A N/A,#N/A N/A,#N/A N/A
3/12/1999,#N/A N/A,#N/A N/A,#N/A N/A
3/15/1999,#N/A N/A,#N/A N/A,#N/A N/A
3/16/1999,#N/A N/A,#N/A N/A,#N/A N/A
3/17/1999,#N/A N/A,#N/A N/A,#N/A N/A
3/18/1999,#N/A N/A,#N/A N/A,#N/A N/A
3/19/1999,#N/A N/A,#N/A N/A,#N/A N/A
3/22/1999,#N/A N/A,#N/A N/A,#N/A N/A
3/23/1999,#N/A N/A,#N/A N/A,#N/A N/A
3/24/1999,#N/A N/A,#N/A N/A,#N/A N/A
3/25/1999,#N/A N/A,#N/A N/A,#N/A N/A
3/26/1999,#N/A N/A,#N/A N/A,#N/A N/A
3/29/1999,#N/A N/A,#N/A N/A,#N/A N/A
3/30/1999,#N/A N/A,#N/A N/A,#N/A N/A
3/31/1999,#N/A N/A,#N/A N/A,#N/A N/A
4/1/1999,#N/A N/A,#N/A N/A,#N/A N/A
4/2/1999,#N/A N/A,#N/A N/A,#N/A N/A
4/5/1999,#N/A N/A,#N/A N/A,#N/A N/A
4/6/1999,#N/A N/A,#N/A N/A,#N/A N/A
4/7/1999,#N/A N/A,#N/A N/A,#N/A N/A
4/8/1999,#N/A N/A,#N/A N/A,#N/A N/A
4/9/1999,#N/A N/A,#N/A N/A,#N/A N/A
4/12/1999,#N/A N/A,#N/A N/A,#N/A N/A
4/13/1999,#N/A N/A,#N/A N/A,#N/A N/A
4/14/1999,#N/A N/A,#N/A N/A,#N/A N/A
4/15/1999,#N/A N/A,#N/A N/A,#N/A N/A
4/16/1999,#N/A N/A,#N/A N/A,#N/A N/A
4/19/1999,#N/A N/A,#N/A N/A,#N/A N/A
4/20/1999,#N/A N/A,#N/A N/A,#N/A N/A
4/21/1999,#N/A N/A,#N/A N/A,#N/A N/A
4/22/1999,#N/A N/A,#N/A N/A,#N/A N/A
4/23/1999,#N/A N/A,#N/A N/A,#N/A N/A
4/26/1999,#N/A N/A,#N/A N/A,#N/A N/A
4/27/1999,#N/A N/A,#N/A N/A,#N/A N/A
4/28/1999,#N/A N/A,#N/A N/A,#N/A N/A
4/29/1999,#N/A N/A,#N/A N/A,#N/A N/A
4/30/1999,#N/A N/A,#N/A N/A,#N/A N/A
5/3/1999,#N/A N/A,#N/A N/A,#N/A N/A
5/4/1999,2.822,3.418,4.09
5/5/1999,2.817,3.418,4.123
5/6/1999,2.852,3.456,4.183
5/7/1999,2.821,3.436,4.179
5/10/1999,2.829,3.461,4.211
5/11/1999,2.793,3.455,4.232
5/12/1999,2.762,3.448,4.235
5/13/1999,2.78,3.479,4.053
5/14/1999,2.863,3.547,4.336
5/17/1999,2.837,3.516,4.321
5/18/1999,2.834,3.514,4.29
5/19/1999,2.868,3.558,4.31
5/20/1999,2.855,3.542,4.279
5/21/1999,2.802,3.509,4.24
5/24/1999,2.964,3.523,4.222
5/25/1999,2.809,3.523,4.222
5/26/1999,2.793,3.472,4.216
5/27/1999,2.829,3.523,4.282
5/28/1999,2.876,3.559,4.299
5/31/1999,2.946,3.578,4.314
6/1/1999,2.993,3.676,4.415
6/2/1999,2.995,3.735,4.453
6/3/1999,2.977,3.757,4.494
6/4/1999,3.028,3.757,4.494
6/7/1999,2.99,3.725,4.414
6/8/1999,2.941,3.723,4.448
6/9/1999,2.959,3.737,4.461
6/10/1999,3.118,3.877,4.583
6/11/1999,3.08,3.86,4.543
6/14/1999,3.076,3.85,4.526
6/15/1999,3.056,3.842,4.508
6/16/1999,3.051,3.823,4.471
6/17/1999,3.025,3.795,4.422
6/18/1999,3.016,3.791,4.457
6/21/1999,3.135,3.858,4.525
6/22/1999,3.155,3.933,4.615
6/23/1999,3.235,4.027,4.694
6/24/1999,3.38,4.127,4.806
6/25/1999,3.347,4.084,4.745
6/28/1999,3.231,4.104,4.749
6/29/1999,3.24,4.089,4.726
6/30/1999,3.219,4.092,4.74
7/1/1999,3.233,4.123,4.799
7/2/1999,3.182,4.093,4.796
7/5/1999,3.179,4.106,4.82
7/6/1999,3.26,4.173,4.894
7/7/1999,3.293,4.24,4.967
7/8/1999,3.272,4.289,4.961
7/9/1999,3.27,4.285,4.945
7/12/1999,3.243,4.267,4.92
7/13/1999,3.179,4.164,4.844
7/14/1999,3.175,4.182,4.844
7/15/1999,3.347,4.342,4.963
7/16/1999,3.336,4.321,4.928
7/19/1999,3.371,4.364,4.954
7/20/1999,3.346,4.295,4.884
7/21/1999,3.262,4.193,4.804
7/22/1999,3.303,4.213,4.842
7/23/1999,3.299,4.236,4.853
7/26/1999,3.299,4.221,4.867
7/27/1999,3.309,4.226,4.884
7/28/1999,3.314,4.238,4.883
7/29/1999,3.376,4.335,4.974
7/30/1999,3.43,4.43,5.023
8/2/1999,3.482,4.526,5.097
8/3/1999,3.517,4.535,5.117
8/4/1999,3.49,4.526,5.115
8/5/1999,3.523,4.622,5.191
8/6/1999,3.574,4.699,5.265
8/9/1999,3.608,4.701,5.277
8/10/1999,3.579,4.665,5.236
8/11/1999,3.55,4.631,5.219
8/12/1999,3.49,4.535,5.142
8/13/1999,3.479,4.49,5.113
8/16/1999,3.502,4.526,5.14
8/17/1999,3.449,4.466,5.092
8/18/1999,3.396,4.428,5.072
8/19/1999,3.392,4.416,5.057
8/20/1999,3.364,4.406,5.046
8/23/1999,3.375,4.383,5.013
8/24/1999,3.407,4.415,5.025
8/25/1999,3.37,4.353,4.974
8/26/1999,3.415,4.389,4.985
8/27/1999,3.453,4.43,5.031
8/30/1999,3.486,4.493,5.102
8/31/1999,3.499,4.518,5.134
9/1/1999,3.493,4.54,5.161
9/2/1999,3.505,4.65,5.258
9/3/1999,3.44,4.543,5.179
9/6/1999,3.429,4.535,5.172
9/7/1999,3.478,4.666,5.297
9/8/1999,3.501,4.637,5.259
9/9/1999,3.539,4.666,5.294
9/10/1999,3.526,4.664,5.283
9/13/1999,3.566,4.728,5.352
9/14/1999,3.563,4.745,5.38
9/15/1999,3.585,4.787,5.423
9/16/1999,3.513,4.705,5.353
9/17/1999,3.473,4.642,5.296
9/20/1999,3.492,4.695,5.328
9/21/1999,3.519,4.715,5.338
9/22/1999,3.52,4.708,5.334
9/23/1999,3.511,4.672,5.294
9/24/1999,3.447,4.592,5.23
9/27/1999,3.499,4.705,5.309
9/28/1999,3.522,4.702,5.308
9/29/1999,3.543,4.736,5.359
9/30/1999,3.548,4.724,5.32
10/1/1999,3.661,4.846,5.418
10/4/1999,3.757,4.899,5.425
10/5/1999,3.759,4.867,5.408
10/6/1999,3.785,4.904,5.425
10/7/1999,3.749,4.888,5.436
10/8/1999,3.759,4.908,5.464
10/11/1999,3.793,4.946,5.477
10/12/1999,3.866,5.032,5.565
10/13/1999,3.89,5.038,5.57
10/14/1999,3.963,5.185,5.692
10/15/1999,3.95,5.109,5.638
10/18/1999,3.928,5.087,5.639
10/19/1999,3.963,5.093,5.632
10/20/1999,4.003,5.164,5.7
10/21/1999,3.976,5.096,5.626
10/22/1999,3.947,5.09,5.62
10/25/1999,4,5.159,5.686
10/26/1999,4.006,5.157,5.651
10/27/1999,3.984,5.068,5.543
10/28/1999,3.935,4.974,5.44
10/29/1999,3.894,4.916,5.382
11/1/1999,3.898,4.905,5.344
11/2/1999,3.888,4.849,5.287
11/3/1999,3.894,4.892,5.327
11/4/1999,3.857,4.819,5.242
11/5/1999,4.154,4.745,5.233
11/8/1999,4.084,4.677,5.178
11/9/1999,4.076,4.672,5.207
11/10/1999,4.116,4.731,5.245
11/11/1999,4.096,4.68,5.233
11/12/1999,4.023,4.578,5.127
11/15/1999,4.062,4.639,5.163
11/16/1999,4.03,4.59,5.106
11/17/1999,4.131,4.705,5.217
11/18/1999,4.197,4.757,5.259
11/19/1999,4.238,4.8,5.306
11/22/1999,4.25,4.815,5.335
11/23/1999,4.239,4.806,5.329
11/24/1999,4.297,4.88,5.403
11/25/1999,4.295,4.883,5.393
11/26/1999,4.348,4.946,5.449
11/29/1999,4.361,4.953,5.461
11/30/1999,4.277,4.849,5.364
12/1/1999,4.26,4.831,5.33
12/2/1999,4.333,4.896,5.415
12/3/1999,4.295,4.85,5.368
12/6/1999,4.238,4.764,5.276
12/7/1999,4.228,4.73,5.245
12/8/1999,4.273,4.777,5.282
12/9/1999,4.249,4.735,5.256
12/10/1999,4.204,4.667,5.192
12/13/1999,4.224,4.69,5.233
12/14/1999,4.287,4.748,5.297
12/15/1999,4.263,4.715,5.251
12/16/1999,4.383,4.867,5.392
12/17/1999,4.424,4.923,5.446
12/20/1999,4.438,4.939,5.466
12/21/1999,4.393,4.904,5.438
12/22/1999,4.416,4.912,5.462
12/23/1999,4.389,4.885,5.436
12/24/1999,4.389,4.892,5.434
12/27/1999,4.388,4.885,5.444
12/28/1999,4.421,4.944,5.486
12/29/1999,4.424,4.958,5.506
12/30/1999,4.454,5.026,5.558
12/31/1999,4.407,5.028,5.558
1/3/2000,4.548,5.143,5.681
1/4/2000,4.537,5.128,5.699
1/5/2000,4.536,5.125,5.722
1/6/2000,4.56,5.157,5.776
1/7/2000,4.447,5.043,5.681
1/10/2000,4.412,4.994,5.641
1/11/2000,4.518,5.127,5.758
1/12/2000,4.514,5.164,5.777
1/13/2000,4.489,5.144,5.743
1/14/2000,4.481,5.163,5.781
1/17/2000,4.492,5.175,5.786
1/18/2000,4.535,5.245,5.869
1/19/2000,4.505,5.215,5.829
1/20/2000,4.506,5.234,5.816
1/21/2000,4.517,5.248,5.818
1/24/2000,4.524,5.249,5.797
1/25/2000,4.493,5.187,5.744
1/26/2000,4.531,5.229,5.756
1/27/2000,4.622,5.348,5.869
1/28/2000,4.612,5.331,5.879
1/31/2000,4.591,5.284,5.795
2/1/2000,4.554,5.206,5.718
2/2/2000,4.569,5.253,5.76
2/3/2000,4.557,5.252,5.713
2/4/2000,4.624,5.297,5.772
2/7/2000,4.633,5.315,5.795
2/8/2000,4.603,5.281,5.748
2/9/2000,4.641,5.318,5.782
2/10/2000,4.658,5.369,5.879
2/11/2000,4.653,5.365,5.868
2/14/2000,4.627,5.301,5.803
2/15/2000,4.625,5.324,5.829
2/16/2000,4.644,5.341,5.86
2/17/2000,4.668,5.358,5.856
2/18/2000,4.704,5.353,5.84
2/21/2000,4.706,5.305,5.78
2/22/2000,4.622,5.178,5.686
2/23/2000,4.624,5.209,5.71
2/24/2000,4.553,5.143,5.667
2/25/2000,4.565,5.179,5.712
2/28/2000,4.607,5.228,5.751
2/29/2000,4.612,5.238,5.762
3/1/2000,4.608,5.23,5.743
3/2/2000,4.648,5.281,5.79
3/3/2000,4.623,5.227,5.716
3/6/2000,4.635,5.231,5.71
3/7/2000,4.639,5.205,5.688
3/8/2000,4.65,5.211,5.71
3/9/2000,4.6,5.129,5.6
3/10/2000,4.636,5.183,5.619
3/13/2000,4.627,5.151,5.575
3/14/2000,4.659,5.192,5.606
3/15/2000,4.646,5.187,5.585
3/16/2000,4.578,5.121,5.53
3/17/2000,4.562,5.103,5.497
3/20/2000,4.568,5.106,5.501
3/21/2000,4.553,5.075,5.478
3/22/2000,4.572,5.105,5.515
3/23/2000,4.56,5.049,5.451
3/24/2000,4.592,5.105,5.505
3/27/2000,4.639,5.163,5.574
3/28/2000,4.601,5.117,5.538
3/29/2000,4.623,5.138,5.566
3/30/2000,4.583,5.079,5.514
3/31/2000,4.564,5.049,5.471
4/3/2000,4.548,5.03,5.447
4/4/2000,4.537,5.024,5.44
4/5/2000,4.546,5.04,5.394
4/6/2000,4.61,5.111,5.461
4/7/2000,4.612,5.105,5.451
4/10/2000,4.624,5.098,5.427
4/11/2000,4.625,5.087,5.428
4/12/2000,4.655,5.112,5.456
4/13/2000,4.667,5.124,5.463
4/14/2000,4.68,5.164,5.502
4/17/2000,4.637,5.131,5.488
4/18/2000,4.67,5.156,5.516
4/19/2000,4.696,5.182,5.542
4/20/2000,4.738,5.216,5.558
4/21/2000,4.739,5.218,5.562
4/24/2000,4.727,5.203,5.553
4/25/2000,4.777,5.262,5.597
4/26/2000,4.771,5.226,5.548
4/27/2000,4.813,5.243,5.568
4/28/2000,4.833,5.245,5.561
5/1/2000,4.833,5.24,5.559
5/2/2000,4.922,5.316,5.605
5/3/2000,4.993,5.395,5.68
5/4/2000,5.052,5.45,5.727
5/5/2000,5.062,5.472,5.722
5/8/2000,5.049,5.437,5.686
5/9/2000,5.022,5.403,5.654
5/10/2000,5.001,5.373,5.633
5/11/2000,5.111,5.479,5.723
5/12/2000,5.141,5.475,5.698
5/15/2000,5.084,5.434,5.682
5/16/2000,5.109,5.428,5.649
5/17/2000,5.25,5.535,5.728
5/18/2000,5.258,5.557,5.747
5/19/2000,5.302,5.602,5.762
5/22/2000,5.233,5.544,5.692
5/23/2000,5.215,5.545,5.696
5/24/2000,5.17,5.482,5.654
5/25/2000,5.122,5.425,5.598
5/26/2000,5.074,5.346,5.543
5/29/2000,5.111,5.39,5.581
5/30/2000,5.16,5.402,5.583
5/31/2000,5.196,5.375,5.53
6/1/2000,5.14,5.309,5.45
6/2/2000,5.05,5.216,5.427
6/5/2000,5.031,5.188,5.441
6/6/2000,5.028,5.207,5.497
6/7/2000,5.021,5.175,5.483
6/8/2000,5.191,5.338,5.532
6/9/2000,5.201,5.306,5.497
6/12/2000,5.138,5.317,5.498
6/13/2000,5.143,5.241,5.473
6/14/2000,5.138,5.257,5.505
6/15/2000,5.08,5.227,5.518
6/16/2000,5.045,5.187,5.444
6/19/2000,5.05,5.207,5.465
6/20/2000,5.093,5.231,5.469
6/21/2000,5.18,5.344,5.556
6/22/2000,5.195,5.373,5.587
6/23/2000,5.22,5.409,5.612
6/26/2000,5.21,5.405,5.593
6/27/2000,5.203,5.428,5.599
6/28/2000,5.234,5.437,5.605
6/29/2000,5.191,5.367,5.551
6/30/2000,5.188,5.367,5.577
7/3/2000,5.226,5.427,5.623
7/4/2000,5.226,5.449,5.631
7/5/2000,5.18,5.408,5.596
7/6/2000,5.218,5.483,5.672
7/7/2000,5.194,5.442,5.62
7/10/2000,5.214,5.458,5.637
7/11/2000,5.211,5.429,5.59
7/12/2000,5.244,5.462,5.626
7/13/2000,5.268,5.448,5.606
7/14/2000,5.309,5.498,5.656
7/17/2000,5.324,5.522,5.674
7/18/2000,5.331,5.531,5.675
7/19/2000,5.332,5.514,5.659
7/20/2000,5.299,5.469,5.6
7/21/2000,5.296,5.462,5.589
7/24/2000,5.32,5.466,5.586
7/25/2000,5.293,5.421,5.542
7/26/2000,5.276,5.386,5.495
7/27/2000,5.301,5.394,5.503
7/28/2000,5.304,5.41,5.53
7/31/2000,5.303,5.416,5.535
8/1/2000,5.273,5.359,5.482
8/2/2000,5.282,5.383,5.504
8/3/2000,5.283,5.396,5.519
8/4/2000,5.266,5.387,5.52
8/7/2000,5.232,5.357,5.498
8/8/2000,5.25,5.396,5.527
8/9/2000,5.275,5.401,5.506
8/10/2000,5.247,5.401,5.48
8/11/2000,5.32,5.407,5.48
8/14/2000,5.343,5.441,5.504
8/15/2000,5.373,5.488,5.549
8/16/2000,5.402,5.517,5.564
8/17/2000,5.391,5.511,5.561
8/18/2000,5.405,5.514,5.55
8/21/2000,5.442,5.568,5.593
8/22/2000,5.417,5.536,5.574
8/23/2000,5.386,5.495,5.543
8/24/2000,5.391,5.485,5.55
8/25/2000,5.416,5.51,5.567
8/28/2000,5.427,5.517,5.586
8/29/2000,5.418,5.53,5.637
8/30/2000,5.411,5.523,5.635
8/31/2000,5.381,5.503,5.629
9/1/2000,5.304,5.393,5.515
9/4/2000,5.296,5.395,5.519
9/5/2000,5.326,5.411,5.531
9/6/2000,5.378,5.468,5.554
9/7/2000,5.382,5.482,5.564
9/8/2000,5.372,5.494,5.586
9/11/2000,5.363,5.486,5.58
9/12/2000,5.344,5.477,5.591
9/13/2000,5.309,5.447,5.581
9/14/2000,5.281,5.424,5.574
9/15/2000,5.257,5.417,5.601
9/18/2000,5.251,5.433,5.639
9/19/2000,5.213,5.408,5.619
9/20/2000,5.227,5.414,5.629
9/21/2000,5.215,5.38,5.587
9/22/2000,5.172,5.342,5.552
9/25/2000,5.253,5.429,5.591
9/26/2000,5.237,5.403,5.565
9/27/2000,5.239,5.419,5.605
9/28/2000,5.256,5.407,5.577
9/29/2000,5.225,5.382,5.545
10/2/2000,5.193,5.366,5.551
10/3/2000,5.191,5.37,5.556
10/4/2000,5.206,5.381,5.568
10/5/2000,5.255,5.4,5.581
10/6/2000,5.251,5.384,5.562
10/9/2000,5.246,5.34,5.525
10/10/2000,5.25,5.342,5.519
10/11/2000,5.207,5.3,5.483
10/12/2000,5.171,5.267,5.473
10/13/2000,5.202,5.261,5.515
10/16/2000,5.228,5.295,5.526
10/17/2000,5.23,5.303,5.525
10/18/2000,5.23,5.296,5.511
10/19/2000,5.253,5.332,5.51
10/20/2000,5.275,5.349,5.499
10/23/2000,5.308,5.361,5.503
10/24/2000,5.304,5.36,5.504
10/25/2000,5.313,5.381,5.55
10/26/2000,5.307,5.367,5.536
10/27/2000,5.295,5.338,5.517
10/30/2000,5.298,5.347,5.523
10/31/2000,5.303,5.359,5.521
11/1/2000,5.267,5.326,5.5
11/2/2000,5.276,5.328,5.509
11/3/2000,5.265,5.33,5.514
11/6/2000,5.271,5.341,5.529
11/7/2000,5.275,5.351,5.544
11/8/2000,5.279,5.36,5.558
11/9/2000,5.262,5.335,5.535
11/10/2000,5.233,5.347,5.524
11/13/2000,5.195,5.31,5.489
11/14/2000,5.201,5.317,5.491
11/15/2000,5.191,5.309,5.49
11/16/2000,5.18,5.288,5.475
11/17/2000,5.184,5.286,5.481
11/20/2000,5.187,5.287,5.468
11/21/2000,5.205,5.306,5.481
11/22/2000,5.186,5.265,5.435
11/23/2000,5.188,5.269,5.431
11/24/2000,5.19,5.262,5.421
11/27/2000,5.182,5.254,5.418
11/28/2000,5.144,5.209,5.378
11/29/2000,5.11,5.178,5.37
11/30/2000,5.024,5.085,5.297
12/1/2000,5.037,5.092,5.297
12/4/2000,4.986,5.036,5.245
12/5/2000,4.953,5.014,5.247
12/6/2000,4.883,4.944,5.232
12/7/2000,4.881,4.96,5.251
12/8/2000,4.902,4.994,5.26
12/11/2000,4.922,5.018,5.261
12/12/2000,4.936,5.033,5.28
12/13/2000,4.876,4.966,5.223
12/14/2000,4.851,4.935,5.202
12/15/2000,4.816,4.883,5.161
12/18/2000,4.786,4.843,5.143
12/19/2000,4.81,4.884,5.184
12/20/2000,4.733,4.836,5.166
12/21/2000,4.735,4.861,5.184
12/22/2000,4.723,4.865,5.187
12/25/2000,4.734,4.837,5.186
12/26/2000,4.735,4.831,5.186
12/27/2000,4.687,4.833,5.18
12/28/2000,4.717,4.864,5.224
12/29/2000,4.675,4.78,5.167
1/1/2001,4.691,4.767,5.167
1/2/2001,4.526,4.669,5.063
1/3/2001,4.546,4.678,5.045
1/4/2001,4.481,4.679,5.054
1/5/2001,4.405,4.611,5.016
1/8/2001,4.417,4.614,5.029
1/9/2001,4.507,4.696,5.069
1/10/2001,4.593,4.76,5.1
1/11/2001,4.578,4.725,5.067
1/12/2001,4.68,4.809,5.146
1/15/2001,4.68,4.809,5.146
1/16/2001,4.607,4.801,5.155
1/17/2001,4.632,4.792,5.132
1/18/2001,4.575,4.748,5.115
1/19/2001,4.561,4.752,5.142
1/22/2001,4.568,4.77,5.16
1/23/2001,4.56,4.736,5.135
1/24/2001,4.645,4.802,5.165
1/25/2001,4.692,4.838,5.159
1/26/2001,4.682,4.824,5.159
1/29/2001,4.654,4.803,5.159
1/30/2001,4.594,4.75,5.159
1/31/2001,4.536,4.711,5.159
2/1/2001,4.551,4.721,5.159
2/2/2001,4.577,4.729,5.159
2/5/2001,4.544,4.705,5.159
2/6/2001,4.573,4.724,5.159
2/7/2001,4.556,4.706,5.074
2/8/2001,4.606,4.756,5.12
2/9/2001,4.583,4.725,5.093
2/12/2001,4.572,4.726,5.092
2/13/2001,4.552,4.706,5.07
2/14/2001,4.576,4.727,5.096
2/15/2001,4.665,4.809,5.152
2/16/2001,4.633,4.774,5.13
2/19/2001,4.629,4.756,5.112
2/20/2001,4.651,4.784,5.129
2/21/2001,4.656,4.794,5.158
2/22/2001,4.697,4.819,5.166
2/23/2001,4.662,4.783,5.138
2/26/2001,4.641,4.771,5.14
2/27/2001,4.571,4.69,5.071
2/28/2001,4.559,4.686,5.065
3/1/2001,4.569,4.695,5.069
3/2/2001,4.573,4.688,5.059
3/5/2001,4.589,4.715,5.084
3/6/2001,4.582,4.703,5.076
3/7/2001,4.558,4.697,5.075
3/8/2001,4.538,4.67,5.033
3/9/2001,4.554,4.682,5.045
3/12/2001,4.55,4.675,5.029
3/13/2001,4.558,4.693,5.056
3/14/2001,4.52,4.65,5.036
3/15/2001,4.485,4.652,5.032
3/16/2001,4.44,4.598,5.014
3/19/2001,4.468,4.625,5.051
3/20/2001,4.484,4.642,5.043
3/21/2001,4.388,4.573,4.994
3/22/2001,4.3,4.479,4.929
3/23/2001,4.314,4.508,4.954
3/26/2001,4.321,4.508,4.974
3/27/2001,4.317,4.519,5.006
3/28/2001,4.354,4.546,5
3/29/2001,4.341,4.565,5.041
3/30/2001,4.345,4.557,5.046
4/2/2001,4.351,4.555,5.057
4/3/2001,4.34,4.557,5.034
4/4/2001,4.345,4.587,5.086
4/5/2001,4.359,4.605,5.093
4/6/2001,4.326,4.558,5.044
4/9/2001,4.306,4.543,5.05
4/10/2001,4.351,4.593,5.096
4/11/2001,4.503,4.719,5.184
4/12/2001,4.595,4.753,5.182
4/13/2001,4.591,4.765,5.196
4/16/2001,4.582,4.764,5.182
4/17/2001,4.621,4.782,5.204
4/18/2001,4.578,4.75,5.218
4/19/2001,4.616,4.82,5.308
4/20/2001,4.634,4.795,5.272
4/23/2001,4.62,4.76,5.235
4/24/2001,4.693,4.828,5.277
4/25/2001,4.665,4.813,5.269
4/26/2001,4.604,4.739,5.219
4/27/2001,4.677,4.832,5.28
4/30/2001,4.804,4.94,5.37
5/1/2001,4.797,4.951,5.335
5/2/2001,4.778,4.912,5.324
5/3/2001,4.744,4.865,5.291
5/4/2001,4.697,4.813,5.26
5/7/2001,4.685,4.795,5.252
5/8/2001,4.672,4.8,5.247
5/9/2001,4.622,4.771,5.236
5/10/2001,4.452,4.695,5.233
5/11/2001,4.476,4.742,5.313
5/14/2001,4.513,4.815,5.38
5/15/2001,4.524,4.843,5.383
5/16/2001,4.507,4.823,5.37
5/17/2001,4.518,4.809,5.359
5/18/2001,4.555,4.835,5.354
5/21/2001,4.542,4.822,5.357
5/22/2001,4.577,4.853,5.402
5/23/2001,4.568,4.857,5.424
5/24/2001,4.535,4.855,5.451
5/25/2001,4.552,4.877,5.47
5/28/2001,4.505,4.842,5.451
5/29/2001,4.511,4.834,5.414
5/30/2001,4.494,4.837,5.421
5/31/2001,4.508,4.876,5.457
6/1/2001,4.463,4.88,5.333
6/4/2001,4.433,4.854,5.336
6/5/2001,4.363,4.781,5.281
6/6/2001,4.386,4.82,5.308
6/7/2001,4.401,4.84,5.351
6/8/2001,4.413,4.851,5.348
6/11/2001,4.405,4.84,5.336
6/12/2001,4.443,4.866,5.337
6/13/2001,4.472,4.88,5.344
6/14/2001,4.406,4.806,5.274
6/15/2001,4.388,4.789,5.276
6/18/2001,4.364,4.771,5.254
6/19/2001,4.375,4.794,5.301
6/20/2001,4.353,4.765,5.259
6/21/2001,4.331,4.738,5.221
6/22/2001,4.3,4.705,5.205
6/25/2001,4.271,4.697,5.224
6/26/2001,4.294,4.735,5.276
6/27/2001,4.296,4.725,5.246
6/28/2001,4.317,4.77,5.296
6/29/2001,4.403,4.842,5.377
7/2/2001,4.366,4.817,5.366
7/3/2001,4.441,4.881,5.4
7/4/2001,4.444,4.883,5.388
7/5/2001,4.481,4.898,5.392
7/6/2001,4.423,4.842,5.377
7/9/2001,4.456,4.884,5.388
7/10/2001,4.408,4.849,5.362
7/11/2001,4.358,4.803,5.317
7/12/2001,4.362,4.799,5.324
7/13/2001,4.385,4.823,5.344
7/16/2001,4.373,4.811,5.317
7/17/2001,4.379,4.8,5.303
7/18/2001,4.329,4.756,5.275
7/19/2001,4.351,4.77,5.261
7/20/2001,4.321,4.726,5.22
7/23/2001,4.297,4.713,5.219
7/24/2001,4.281,4.707,5.213
7/25/2001,4.297,4.719,5.231
7/26/2001,4.292,4.704,5.213
7/27/2001,4.248,4.654,5.166
7/30/2001,4.25,4.654,5.16
7/31/2001,4.228,4.631,5.132
8/1/2001,4.228,4.647,5.16
8/2/2001,4.256,4.673,5.179
8/3/2001,4.223,4.642,5.163
8/6/2001,4.209,4.622,5.147
8/7/2001,4.216,4.632,5.156
8/8/2001,4.22,4.649,5.163
8/9/2001,4.117,4.562,5.097
8/10/2001,4.081,4.536,5.067
8/13/2001,4.078,4.536,5.049
8/14/2001,4.103,4.577,5.088
8/15/2001,4.088,4.558,5.08
8/16/2001,4.08,4.557,5.064
8/17/2001,4.037,4.497,5.016
8/20/2001,4.038,4.502,5.029
8/21/2001,4.065,4.54,5.067
8/22/2001,4.082,4.565,5.093
8/23/2001,4.086,4.578,5.097
8/24/2001,4.135,4.628,5.13
8/27/2001,4.143,4.627,5.128
8/28/2001,4.069,4.548,5.077
8/29/2001,4.064,4.533,5.061
8/30/2001,3.991,4.47,5.032
8/31/2001,3.985,4.463,5.047
9/3/2001,3.964,4.448,5.044
9/4/2001,4.084,4.599,5.125
9/5/2001,4.115,4.617,5.151
9/6/2001,4.027,4.543,5.113
9/7/2001,3.951,4.468,5.068
9/10/2001,3.963,4.503,5.096
9/11/2001,3.686,4.307,5.005
9/12/2001,3.776,4.36,5.084
9/13/2001,3.8,4.378,5.118
9/14/2001,3.722,4.306,5.045
9/17/2001,3.741,4.339,5.08
9/18/2001,3.681,4.329,5.082
9/19/2001,3.632,4.321,5.094
9/20/2001,3.64,4.338,5.101
9/21/2001,3.62,4.348,5.136
9/24/2001,3.641,4.374,5.137
9/25/2001,3.612,4.319,5.078
9/26/2001,3.619,4.325,5.058
9/27/2001,3.578,4.271,5.022
9/28/2001,3.6,4.297,5.031
10/1/2001,3.579,4.286,5.011
10/2/2001,3.545,4.241,4.948
10/3/2001,3.455,4.169,4.877
10/4/2001,3.446,4.173,4.89
10/5/2001,3.434,4.156,4.874
10/8/2001,3.442,4.158,4.898
10/9/2001,3.48,4.199,4.94
10/10/2001,3.499,4.206,4.934
10/11/2001,3.565,4.243,4.945
10/12/2001,3.524,4.208,4.922
10/15/2001,3.485,4.175,4.882
10/16/2001,3.466,4.16,4.866
10/17/2001,3.484,4.178,4.875
10/18/2001,3.471,4.158,4.85
10/19/2001,3.435,4.136,4.856
10/22/2001,3.413,4.114,4.828
10/23/2001,3.434,4.125,4.828
10/24/2001,3.402,4.089,4.776
10/25/2001,3.362,4.024,4.716
10/26/2001,3.358,4.017,4.705
10/29/2001,3.278,3.968,4.658
10/30/2001,3.18,3.889,4.612
10/31/2001,3.205,3.903,4.619
11/1/2001,3.157,3.829,4.498
11/2/2001,3.155,3.852,4.579
11/5/2001,3.112,3.801,4.552
11/6/2001,3.08,3.796,4.556
11/7/2001,3.015,3.728,4.501
11/8/2001,3.067,3.788,4.53
11/9/2001,3.1,3.821,4.544
11/12/2001,3.064,3.787,4.541
11/13/2001,3.159,3.898,4.621
11/14/2001,3.243,3.986,4.702
11/15/2001,3.405,4.092,4.766
11/16/2001,3.48,4.165,4.802
11/19/2001,3.436,4.143,4.776
11/20/2001,3.425,4.149,4.781
11/21/2001,3.508,4.255,4.85
11/22/2001,3.54,4.29,4.869
11/23/2001,3.519,4.263,4.834
11/26/2001,3.469,4.226,4.801
11/27/2001,3.612,4.377,4.929
11/28/2001,3.516,4.293,4.876
11/29/2001,3.448,4.241,4.826
11/30/2001,3.392,4.161,4.783
12/3/2001,3.372,4.12,4.751
12/4/2001,3.363,4.11,4.727
12/5/2001,3.56,4.307,4.914
12/6/2001,3.654,4.381,4.974
12/7/2001,3.675,4.437,5.054
12/10/2001,3.624,4.406,5.044
12/11/2001,3.57,4.365,4.989
12/12/2001,3.481,4.272,4.912
12/13/2001,3.538,4.345,4.957
12/14/2001,3.55,4.345,4.935
12/17/2001,3.628,4.449,5.03
12/18/2001,3.543,4.371,4.995
12/19/2001,3.51,4.328,4.953
12/20/2001,3.526,4.354,4.982
12/21/2001,3.561,4.412,5.033
12/24/2001,3.564,4.418,5.043
12/25/2001,3.558,4.406,5.049
12/26/2001,3.559,4.409,5.049
12/27/2001,3.589,4.484,5.107
12/28/2001,3.579,4.499,5.146
12/31/2001,3.589,4.51,5.172
1/1/2002,3.577,4.51,5.172
1/2/2002,3.54,4.488,5.12
1/3/2002,3.534,4.467,5.083
1/4/2002,3.589,4.503,5.105
1/7/2002,3.549,4.398,4.995
1/8/2002,3.557,4.389,4.994
1/9/2002,3.649,4.476,5.053
1/10/2002,3.622,4.433,5.007
1/11/2002,3.654,4.428,4.98
1/14/2002,3.587,4.363,4.904
1/15/2002,3.645,4.397,4.924
1/16/2002,3.968,4.531,4.958
1/17/2002,3.992,4.547,4.995
1/18/2002,4.017,4.588,5.03
1/21/2002,4.002,4.556,5.003
1/22/2002,4.09,4.619,5.052
1/23/2002,4.07,4.602,5.013
1/24/2002,4.161,4.684,5.089
1/25/2002,4.237,4.784,5.17
1/28/2002,4.251,4.828,5.168
1/29/2002,4.192,4.774,5.144
1/30/2002,4.182,4.754,5.121
1/31/2002,4.197,4.752,5.092
2/1/2002,4.174,4.721,5.071
2/4/2002,4.101,4.659,5.017
2/5/2002,4.067,4.625,4.999
2/6/2002,4.056,4.625,5.021
2/7/2002,4.163,4.735,5.127
2/8/2002,4.129,4.713,5.105
2/11/2002,4.142,4.718,5.122
2/12/2002,4.164,4.746,5.163
2/13/2002,4.219,4.794,5.175
2/14/2002,4.197,4.774,5.141
2/15/2002,4.143,4.724,5.102
2/18/2002,4.144,4.716,5.099
2/19/2002,4.164,4.726,5.12
2/20/2002,4.174,4.737,5.13
2/21/2002,4.186,4.75,5.16
2/22/2002,4.129,4.686,5.104
2/25/2002,4.162,4.725,5.15
2/26/2002,4.179,4.734,5.151
2/27/2002,4.185,4.744,5.159
2/28/2002,4.173,4.74,5.15
3/1/2002,4.2,4.776,5.19
3/4/2002,4.235,4.801,5.214
3/5/2002,4.282,4.872,5.267
3/6/2002,4.307,4.903,5.322
3/7/2002,4.369,4.979,5.357
3/8/2002,4.42,5.004,5.354
3/11/2002,4.403,4.977,5.337
3/12/2002,4.4,4.967,5.333
3/13/2002,4.404,4.976,5.356
3/14/2002,4.438,5.004,5.392
3/15/2002,4.471,5.029,5.397
3/18/2002,4.462,5.026,5.38
3/19/2002,4.467,5.022,5.373
3/20/2002,4.478,5.021,5.386
3/21/2002,4.513,5.06,5.399
3/22/2002,4.545,5.084,5.427
3/25/2002,4.576,5.105,5.447
3/26/2002,4.535,5.077,5.405
3/27/2002,4.512,5.045,5.392
3/28/2002,4.536,5.069,5.416
3/29/2002,4.554,5.075,5.43
4/1/2002,4.554,5.075,5.43
4/2/2002,4.525,5.074,5.427
4/3/2002,4.472,5.024,5.376
4/4/2002,4.412,4.957,5.316
4/5/2002,4.387,4.944,5.312
4/8/2002,4.377,4.962,5.343
4/9/2002,4.393,4.981,5.356
4/10/2002,4.398,4.99,5.369
4/11/2002,4.388,4.964,5.332
4/12/2002,4.369,4.955,5.331
4/15/2002,4.331,4.902,5.291
4/16/2002,4.423,4.99,5.367
4/17/2002,4.392,4.965,5.373
4/18/2002,4.383,4.978,5.384
4/19/2002,4.398,4.982,5.386
4/22/2002,4.347,4.933,5.34
4/23/2002,4.36,4.951,5.372
4/24/2002,4.33,4.914,5.333
4/25/2002,4.257,4.856,5.29
4/26/2002,4.248,4.844,5.276
4/29/2002,4.284,4.882,5.319
4/30/2002,4.283,4.88,5.308
5/1/2002,4.288,4.88,5.315
5/2/2002,4.363,4.945,5.365
5/3/2002,4.32,4.896,5.3
5/6/2002,4.318,4.883,5.296
5/7/2002,4.305,4.874,5.287
5/8/2002,4.362,4.935,5.347
5/9/2002,4.404,4.953,5.379
5/10/2002,4.432,4.979,5.386
5/13/2002,4.454,4.983,5.389
5/14/2002,4.522,5.038,5.442
5/15/2002,4.526,5.033,5.438
5/16/2002,4.501,5.014,5.42
5/17/2002,4.539,5.036,5.441
5/20/2002,4.486,4.998,5.376
5/21/2002,4.43,4.956,5.355
5/22/2002,4.395,4.923,5.343
5/23/2002,4.385,4.911,5.318
5/24/2002,4.395,4.916,5.339
5/27/2002,4.432,4.952,5.368
5/28/2002,4.42,4.932,5.346
5/29/2002,4.398,4.902,5.331
5/30/2002,4.366,4.95,5.32
5/31/2002,4.407,4.97,5.348
6/3/2002,4.408,4.974,5.345
6/4/2002,4.36,4.925,5.311
6/5/2002,4.35,4.915,5.307
6/6/2002,4.348,4.918,5.311
6/7/2002,4.329,4.902,5.318
6/10/2002,4.298,4.877,5.293
6/11/2002,4.307,4.889,5.314
6/12/2002,4.271,4.847,5.279
6/13/2002,4.218,4.78,5.203
6/14/2002,4.151,4.721,5.155
6/17/2002,4.18,4.756,5.203
6/18/2002,4.175,4.74,5.174
6/19/2002,4.156,4.72,5.151
6/20/2002,4.161,4.743,5.16
6/21/2002,4.159,4.747,5.161
6/24/2002,4.103,4.698,5.123
6/25/2002,4.132,4.745,5.164
6/26/2002,4.049,4.662,5.08
6/27/2002,4.072,4.684,5.095
6/28/2002,4.052,4.693,5.138
7/1/2002,4.055,4.712,5.169
7/2/2002,4.009,4.662,5.125
7/3/2002,4.021,4.671,5.124
7/4/2002,4.062,4.711,5.168
7/5/2002,4.11,4.758,5.212
7/8/2002,4.095,4.746,5.195
7/9/2002,4.086,4.736,5.199
7/10/2002,4.021,4.67,5.124
7/11/2002,3.955,4.612,5.058
7/12/2002,3.946,4.594,5.047
7/15/2002,3.883,4.554,4.991
7/16/2002,3.914,4.581,5.032
7/17/2002,3.948,4.615,5.067
7/18/2002,3.939,4.605,5.061
7/19/2002,3.883,4.551,5.002
7/22/2002,3.838,4.513,4.978
7/23/2002,3.842,4.514,4.99
7/24/2002,3.754,4.417,4.924
7/25/2002,3.768,4.426,4.932
7/26/2002,3.71,4.39,4.919
7/29/2002,3.792,4.468,4.966
7/30/2002,3.782,4.476,4.978
7/31/2002,3.711,4.418,4.927
8/1/2002,3.646,4.352,4.863
8/2/2002,3.556,4.27,4.816
8/5/2002,3.448,4.177,4.736
8/6/2002,3.544,4.251,4.792
8/7/2002,3.479,4.188,4.714
8/8/2002,3.518,4.23,4.77
8/9/2002,3.536,4.224,4.738
8/12/2002,3.544,4.208,4.703
8/13/2002,3.512,4.177,4.67
8/14/2002,3.478,4.13,4.607
8/15/2002,3.666,4.307,4.755
8/16/2002,3.682,4.311,4.762
8/19/2002,3.695,4.331,4.783
8/20/2002,3.627,4.266,4.73
8/21/2002,3.714,4.354,4.809
8/22/2002,3.755,4.384,4.867
8/23/2002,3.698,4.331,4.829
8/26/2002,3.685,4.324,4.821
8/27/2002,3.701,4.321,4.836
8/28/2002,3.621,4.242,4.75
8/29/2002,3.571,4.207,4.729
8/30/2002,3.545,4.192,4.74
9/2/2002,3.468,4.106,4.676
9/3/2002,3.407,4.06,4.606
9/4/2002,3.373,4.046,4.606
9/5/2002,3.323,3.986,4.587
9/6/2002,3.298,3.971,4.584
9/9/2002,3.383,4.004,4.591
9/10/2002,3.44,4.078,4.642
9/11/2002,3.495,4.144,4.702
9/12/2002,3.401,4.056,4.636
9/13/2002,3.342,3.989,4.594
9/16/2002,3.304,3.937,4.536
9/17/2002,3.316,3.953,4.546
9/18/2002,3.274,3.911,4.512
9/19/2002,3.226,3.877,4.492
9/20/2002,3.261,3.912,4.539
9/23/2002,3.213,3.844,4.486
9/24/2002,3.175,3.794,4.46
9/25/2002,3.224,3.834,4.5
9/26/2002,3.271,3.893,4.528
9/27/2002,3.242,3.88,4.523
9/30/2002,3.112,3.762,4.438
10/1/2002,3.133,3.792,4.477
10/2/2002,3.172,3.861,4.554
10/3/2002,3.121,3.849,4.552
10/4/2002,3.09,3.834,4.53
10/7/2002,3.064,3.789,4.486
10/8/2002,3.079,3.784,4.471
10/9/2002,3.081,3.776,4.465
10/10/2002,3.182,3.853,4.519
10/11/2002,3.253,3.928,4.591
10/14/2002,3.258,3.946,4.622
10/15/2002,3.344,4.077,4.721
10/16/2002,3.367,4.113,4.754
10/17/2002,3.343,4.13,4.743
10/18/2002,3.319,4.11,4.752
10/21/2002,3.313,4.115,4.755
10/22/2002,3.331,4.134,4.788
10/23/2002,3.267,4.071,4.734
10/24/2002,3.286,4.109,4.784
10/25/2002,3.289,4.082,4.739
10/28/2002,3.224,4.015,4.696
10/29/2002,3.155,3.948,4.648
10/30/2002,3.194,3.988,4.686
10/31/2002,3.113,3.942,4.643
11/1/2002,3.136,3.944,4.65
11/4/2002,3.127,3.96,4.697
11/5/2002,3.187,4.008,4.737
11/6/2002,3.204,4.034,4.745
11/7/2002,3.17,3.965,4.66
11/8/2002,3.09,3.87,4.59
11/11/2002,3.05,3.84,4.56
11/12/2002,3.03,3.8,4.52
11/13/2002,3.04,3.81,4.53
11/14/2002,3.08,3.86,4.58
11/15/2002,3.08,3.87,4.58
11/18/2002,3.1,3.87,4.58
11/19/2002,3.06,3.85,4.55
11/20/2002,3.04,3.82,4.53
11/21/2002,3.08,3.89,4.61
11/22/2002,3.1,3.9,4.62
11/25/2002,3.13,3.92,4.64
11/26/2002,3.09,3.87,4.59
11/27/2002,3.14,3.94,4.63
11/28/2002,3.14,3.93,4.62
11/29/2002,3.12,3.89,4.58
12/2/2002,3.12,3.91,4.6
12/3/2002,3.08,3.88,4.56
12/4/2002,3.1,3.88,4.55
12/5/2002,3.06,3.86,4.526
12/6/2002,3,3.807,4.486
12/9/2002,2.947,3.756,4.459
12/10/2002,2.926,3.74,4.453
12/11/2002,2.905,3.712,4.435
12/12/2002,2.87,3.675,4.396
12/13/2002,2.858,3.66,4.392
12/16/2002,2.86,3.679,4.417
12/17/2002,2.835,3.64,4.4
12/18/2002,2.783,3.594,4.359
12/19/2002,2.796,3.596,4.36
12/20/2002,2.807,3.598,4.357
12/23/2002,2.796,3.579,4.347
12/24/2002,2.798,3.587,4.354
12/25/2002,2.798,3.587,4.354
12/26/2002,2.797,3.591,4.359
12/27/2002,2.716,3.499,4.265
12/30/2002,2.723,3.489,4.274
12/31/2002,2.715,3.485,4.27
1/1/2003,2.715,3.485,4.27
1/2/2003,2.798,3.6,4.373
1/3/2003,2.794,3.602,4.394
1/6/2003,2.741,3.561,4.373
1/7/2003,2.713,3.536,4.353
1/8/2003,2.667,3.481,4.296
1/9/2003,2.704,3.509,4.315
1/10/2003,2.675,3.477,4.295
1/13/2003,2.691,3.5,4.315
1/14/2003,2.683,3.489,4.3
1/15/2003,2.688,3.482,4.292
1/16/2003,2.707,3.485,4.296
1/17/2003,2.622,3.387,4.208
1/20/2003,2.609,3.357,4.184
1/21/2003,2.821,3.41,4.268
1/22/2003,2.801,3.394,4.152
1/23/2003,2.788,3.377,4.123
1/24/2003,2.759,3.33,4.052
1/27/2003,2.775,3.347,4.054
1/28/2003,2.791,3.363,4.092
1/29/2003,2.773,3.359,4.085
1/30/2003,2.795,3.387,4.123
1/31/2003,2.78,3.375,4.111
2/3/2003,2.792,3.375,4.123
2/4/2003,2.739,3.319,4.062
2/5/2003,2.743,3.332,4.076
2/6/2003,2.721,3.317,4.075
2/7/2003,2.679,3.275,4.045
2/10/2003,2.675,3.28,4.061
2/11/2003,2.664,3.262,4.055
2/12/2003,2.606,3.2,4.005
2/13/2003,2.57,3.143,3.975
2/14/2003,2.615,3.194,4.016
2/17/2003,2.623,3.206,4.028
2/18/2003,2.629,3.209,4.029
2/19/2003,2.576,3.141,3.963
2/20/2003,2.562,3.13,3.935
2/21/2003,2.586,3.162,3.968
2/24/2003,2.51,3.107,3.925
2/25/2003,2.482,3.085,3.91
2/26/2003,2.477,3.087,3.924
2/27/2003,2.543,3.155,3.967
2/28/2003,2.478,3.091,3.934
3/3/2003,2.459,3.074,3.904
3/4/2003,2.453,3.078,3.903
3/5/2003,2.452,3.082,3.891
3/6/2003,2.44,3.054,3.868
3/7/2003,2.406,3.03,3.839
3/10/2003,2.372,2.997,3.806
3/11/2003,2.405,3.024,3.819
3/12/2003,2.43,3.046,3.834
3/13/2003,2.612,3.23,3.981
3/14/2003,2.651,3.285,4.034
3/17/2003,2.759,3.438,4.155
3/18/2003,2.757,3.414,4.145
3/19/2003,2.841,3.525,4.245
3/20/2003,2.798,3.467,4.216
3/21/2003,2.862,3.532,4.294
3/24/2003,2.795,3.446,4.228
3/25/2003,2.775,3.436,4.214
3/26/2003,2.773,3.427,4.218
3/27/2003,2.73,3.381,4.175
3/28/2003,2.693,3.345,4.145
3/31/2003,2.598,3.23,4.057
4/1/2003,2.578,3.229,4.042
4/2/2003,2.661,3.339,4.126
4/3/2003,2.694,3.378,4.184
4/4/2003,2.677,3.37,4.193
4/7/2003,2.754,3.451,4.26
4/8/2003,2.734,3.426,4.23
4/9/2003,2.701,3.399,4.199
4/10/2003,2.651,3.336,4.142
4/11/2003,2.727,3.419,4.199
4/14/2003,2.797,3.47,4.227
4/15/2003,2.785,3.435,4.198
4/16/2003,2.774,3.406,4.154
4/17/2003,2.744,3.394,4.138
4/18/2003,2.758,3.414,4.149
4/21/2003,2.756,3.41,4.139
4/22/2003,2.685,3.339,4.105
4/23/2003,2.71,3.371,4.139
4/24/2003,2.64,3.301,4.078
4/25/2003,2.611,3.275,4.066
4/28/2003,2.63,3.3,4.088
4/29/2003,2.653,3.324,4.111
4/30/2003,2.591,3.248,4.058
5/1/2003,2.575,3.238,4.05
5/2/2003,2.573,3.251,4.049
5/5/2003,2.567,3.245,4.041
5/6/2003,2.559,3.245,4.045
5/7/2003,2.469,3.13,3.938
5/8/2003,2.46,3.092,3.9
5/9/2003,2.456,3.084,3.889
5/12/2003,2.424,3.067,3.872
5/13/2003,2.397,3.042,3.862
5/14/2003,2.389,3.03,3.865
5/15/2003,2.374,3.004,3.828
5/16/2003,2.347,2.965,3.786
5/19/2003,2.29,2.9,3.72
5/20/2003,2.287,2.895,3.709
5/21/2003,2.287,2.889,3.688
5/22/2003,2.284,2.883,3.674
5/23/2003,2.234,2.828,3.619
5/26/2003,2.224,2.814,3.6
5/27/2003,2.255,2.863,3.632
5/28/2003,2.308,2.926,3.728
5/29/2003,2.256,2.855,3.681
5/30/2003,2.249,2.852,3.677
6/2/2003,2.259,2.887,3.716
6/3/2003,2.141,2.756,3.746
6/4/2003,2.173,2.806,3.768
6/5/2003,2.099,2.709,3.716
6/6/2003,2.122,2.749,3.776
6/9/2003,2.073,2.669,3.699
6/10/2003,2.026,2.619,3.654
6/11/2003,1.997,2.585,3.622
6/12/2003,2.007,2.596,3.626
6/13/2003,1.974,2.558,3.57
6/16/2003,2.025,2.633,3.598
6/17/2003,2.088,2.718,3.684
6/18/2003,2.157,2.815,3.794
6/19/2003,2.125,2.798,3.792
6/20/2003,2.129,2.814,3.802
6/23/2003,2.129,2.797,3.789
6/24/2003,2.121,2.791,3.786
6/25/2003,2.08,2.755,3.746
6/26/2003,2.245,2.94,3.916
6/27/2003,2.275,2.984,3.95
6/30/2003,2.222,2.906,3.903
7/1/2003,2.189,2.896,3.906
7/2/2003,2.221,2.942,3.959
7/3/2003,2.248,2.993,4.018
7/4/2003,2.209,2.939,3.976
7/7/2003,2.263,3.005,4.029
7/8/2003,2.261,2.997,4.021
7/9/2003,2.261,2.988,4.007
7/10/2003,2.228,2.943,3.956
7/11/2003,2.234,2.945,3.958
7/14/2003,2.213,2.919,3.924
7/15/2003,2.314,3.073,4.078
7/16/2003,2.383,3.123,4.097
7/17/2003,2.405,3.145,4.12
7/18/2003,2.373,3.112,4.089
7/21/2003,2.412,3.158,4.128
7/22/2003,2.428,3.169,4.133
7/23/2003,2.379,3.127,4.069
7/24/2003,2.422,3.177,4.119
7/25/2003,2.385,3.11,4.054
7/28/2003,2.451,3.213,4.167
7/29/2003,2.441,3.2,4.146
7/30/2003,2.469,3.231,4.198
7/31/2003,2.568,3.343,4.249
8/1/2003,2.759,3.461,4.258
8/4/2003,2.698,3.408,4.207
8/5/2003,2.691,3.411,4.226
8/6/2003,2.662,3.381,4.2
8/7/2003,2.625,3.338,4.184
8/8/2003,2.543,3.217,4.069
8/11/2003,2.608,3.298,4.14
8/12/2003,2.603,3.294,4.129
8/13/2003,2.654,3.385,4.224
8/14/2003,2.726,3.46,4.271
8/15/2003,2.661,3.397,4.218
8/18/2003,2.679,3.403,4.222
8/19/2003,2.689,3.392,4.201
8/20/2003,2.686,3.418,4.236
8/21/2003,2.718,3.448,4.256
8/22/2003,2.732,3.444,4.245
8/25/2003,2.711,3.425,4.232
8/26/2003,2.728,3.43,4.233
8/27/2003,2.724,3.442,4.257
8/28/2003,2.71,3.422,4.227
8/29/2003,2.702,3.428,4.246
9/1/2003,2.718,3.458,4.272
9/2/2003,2.827,3.608,4.389
9/3/2003,2.834,3.613,4.414
9/4/2003,2.807,3.574,4.399
9/5/2003,2.719,3.497,4.357
9/8/2003,2.652,3.419,4.314
9/9/2003,2.674,3.451,4.342
9/10/2003,2.634,3.401,4.298
9/11/2003,2.668,3.452,4.317
9/12/2003,2.563,3.309,4.205
9/15/2003,2.573,3.334,4.222
9/16/2003,2.584,3.352,4.255
9/17/2003,2.552,3.315,4.229
9/18/2003,2.55,3.326,4.23
9/19/2003,2.528,3.292,4.203
9/22/2003,2.457,3.232,4.168
9/23/2003,2.449,3.214,4.147
9/24/2003,2.432,3.203,4.158
9/25/2003,2.407,3.174,4.135
9/26/2003,2.368,3.123,4.089
9/29/2003,2.378,3.139,4.134
9/30/2003,2.317,3.064,4.047
10/1/2003,2.319,3.077,4.054
10/2/2003,2.425,3.205,4.168
10/3/2003,2.588,3.36,4.262
10/6/2003,2.533,3.307,4.232
10/7/2003,2.536,3.327,4.26
10/8/2003,2.522,3.301,4.263
10/9/2003,2.593,3.382,4.31
10/10/2003,2.557,3.329,4.277
10/13/2003,2.62,3.409,4.335
10/14/2003,2.621,3.411,4.341
10/15/2003,2.693,3.485,4.393
10/16/2003,2.679,3.47,4.367
10/17/2003,2.733,3.498,4.376
10/20/2003,2.725,3.49,4.361
10/21/2003,2.665,3.433,4.323
10/22/2003,2.668,3.423,4.3
10/23/2003,2.687,3.462,4.353
10/24/2003,2.666,3.438,4.319
10/27/2003,2.701,3.471,4.346
10/28/2003,2.734,3.493,4.355
10/29/2003,2.709,3.479,4.363
10/30/2003,2.748,3.529,4.405
10/31/2003,2.711,3.48,4.363
11/3/2003,2.773,3.558,4.428
11/4/2003,2.747,3.526,4.394
11/5/2003,2.747,3.533,4.407
11/6/2003,2.81,3.621,4.493
11/7/2003,2.844,3.665,4.545
11/10/2003,2.816,3.64,4.512
11/11/2003,2.805,3.632,4.507
11/12/2003,2.801,3.621,4.507
11/13/2003,2.736,3.553,4.456
11/14/2003,2.675,3.49,4.398
11/17/2003,2.635,3.455,4.372
11/18/2003,2.608,3.421,4.351
11/19/2003,2.64,3.466,4.395
11/20/2003,2.627,3.447,4.384
11/21/2003,2.599,3.415,4.358
11/24/2003,2.682,3.513,4.451
11/25/2003,2.713,3.538,4.449
11/26/2003,2.722,3.538,4.444
11/27/2003,2.796,3.609,4.487
11/28/2003,2.804,3.62,4.493
12/1/2003,2.847,3.668,4.533
12/2/2003,2.805,3.629,4.522
12/3/2003,2.793,3.603,4.491
12/4/2003,2.777,3.588,4.485
12/5/2003,2.687,3.485,4.403
12/8/2003,2.669,3.476,4.387
12/9/2003,2.679,3.487,4.407
12/10/2003,2.676,3.478,4.39
12/11/2003,2.682,3.497,4.411
12/12/2003,2.596,3.402,4.337
12/15/2003,2.587,3.389,4.344
12/16/2003,2.587,3.391,4.339
12/17/2003,2.538,3.344,4.296
12/18/2003,2.538,3.343,4.312
12/19/2003,2.56,3.375,4.321
12/22/2003,2.547,3.351,4.3
12/23/2003,2.533,3.338,4.283
12/24/2003,2.528,3.339,4.297
12/25/2003,2.535,3.339,4.301
12/26/2003,2.53,3.34,4.299
12/29/2003,2.524,3.337,4.317
12/30/2003,2.54,3.369,4.338
12/31/2003,2.526,3.361,4.335
1/1/2004,2.527,3.361,4.333
1/2/2004,2.552,3.397,4.366
1/5/2004,2.532,3.375,4.371
1/6/2004,2.462,3.299,4.301
1/7/2004,2.44,3.272,4.285
1/8/2004,2.427,3.25,4.281
1/9/2004,2.326,3.144,4.177
1/12/2004,2.326,3.127,4.159
1/13/2004,2.342,3.149,4.178
1/14/2004,2.359,3.165,4.187
1/15/2004,2.381,3.183,4.187
1/16/2004,2.363,3.183,4.19
1/19/2004,2.374,3.189,4.201
1/20/2004,2.325,3.142,4.173
1/21/2004,2.341,3.162,4.194
1/22/2004,2.311,3.132,4.175
1/23/2004,2.297,3.099,4.138
1/26/2004,2.344,3.159,4.203
1/27/2004,2.636,3.493,4.244
1/28/2004,2.627,3.486,4.239
1/29/2004,2.777,3.632,4.349
1/30/2004,2.763,3.612,4.332
2/2/2004,2.736,3.592,4.324
2/3/2004,2.683,3.561,4.313
2/4/2004,2.671,3.549,4.288
2/5/2004,2.646,3.529,4.268
2/6/2004,2.6,3.485,4.234
2/9/2004,2.598,3.47,4.224
2/10/2004,2.615,3.482,4.234
2/11/2004,2.576,3.443,4.214
2/12/2004,2.566,3.44,4.214
2/13/2004,2.547,3.427,4.21
2/16/2004,2.555,3.427,4.204
2/17/2004,2.516,3.39,4.175
2/18/2004,2.516,3.386,4.177
2/19/2004,2.549,3.427,4.213
2/20/2004,2.58,3.448,4.228
2/23/2004,2.572,3.44,4.222
2/24/2004,2.506,3.385,4.184
2/25/2004,2.465,3.36,4.175
2/26/2004,2.472,3.368,4.182
2/27/2004,2.45,3.336,4.147
3/1/2004,2.476,3.352,4.155
3/2/2004,2.518,3.391,4.174
3/3/2004,2.568,3.453,4.221
3/4/2004,2.532,3.411,4.195
3/5/2004,2.39,3.263,4.089
3/8/2004,2.35,3.204,4.032
3/9/2004,2.341,3.194,4.013
3/10/2004,2.387,3.224,4.032
3/11/2004,2.365,3.204,4.018
3/12/2004,2.357,3.2,4.027
3/15/2004,2.341,3.182,3.998
3/16/2004,2.37,3.225,4.043
3/17/2004,2.318,3.177,4.009
3/18/2004,2.299,3.168,4.013
3/19/2004,2.304,3.174,4.009
3/22/2004,2.279,3.146,3.988
3/23/2004,2.306,3.168,4.007
3/24/2004,2.252,3.124,3.981
3/25/2004,2.219,3.094,3.968
3/26/2004,2.239,3.123,3.995
3/29/2004,2.308,3.213,4.094
3/30/2004,2.295,3.202,4.07
3/31/2004,2.3,3.185,4.057
4/1/2004,2.36,3.228,4.078
4/2/2004,2.525,3.397,4.194
4/5/2004,2.524,3.413,4.237
4/6/2004,2.475,3.373,4.197
4/7/2004,2.442,3.341,4.175
4/8/2004,2.451,3.353,4.185
4/9/2004,2.451,3.353,4.187
4/12/2004,2.455,3.358,4.177
4/13/2004,2.536,3.445,4.258
4/14/2004,2.571,3.48,4.282
4/15/2004,2.569,3.473,4.271
4/16/2004,2.525,3.422,4.225
4/19/2004,2.52,3.415,4.224
4/20/2004,2.551,3.45,4.256
4/21/2004,2.579,3.477,4.274
4/22/2004,2.556,3.462,4.27
4/23/2004,2.588,3.49,4.288
4/26/2004,2.605,3.502,4.291
4/27/2004,2.619,3.517,4.294
4/28/2004,2.631,3.524,4.299
4/29/2004,2.627,3.522,4.305
4/30/2004,2.603,3.495,4.281
5/3/2004,2.587,3.469,4.274
5/4/2004,2.599,3.481,4.261
5/5/2004,2.578,3.471,4.267
5/6/2004,2.644,3.536,4.317
5/7/2004,2.754,3.64,4.4
5/10/2004,2.744,3.63,4.39
5/11/2004,2.741,3.634,4.389
5/12/2004,2.754,3.658,4.42
5/13/2004,2.781,3.692,4.439
5/14/2004,2.746,3.656,4.406
5/17/2004,2.69,3.604,4.366
5/18/2004,2.708,3.623,4.386
5/19/2004,2.76,3.677,4.432
5/20/2004,2.745,3.657,4.417
5/21/2004,2.723,3.64,4.403
5/24/2004,2.745,3.665,4.426
5/25/2004,2.726,3.642,4.411
5/26/2004,2.706,3.612,4.382
5/27/2004,2.642,3.554,4.336
5/28/2004,2.703,3.612,4.38
5/31/2004,2.746,3.658,4.415
6/1/2004,2.75,3.659,4.426
6/2/2004,2.763,3.673,4.438
6/3/2004,2.766,3.677,4.44
6/4/2004,2.787,3.695,4.448
6/7/2004,2.777,3.687,4.436
6/8/2004,2.771,3.672,4.418
6/9/2004,2.804,3.709,4.448
6/10/2004,2.836,3.738,4.456
6/11/2004,2.903,3.783,4.48
6/14/2004,2.913,3.788,4.476
6/15/2004,2.829,3.695,4.402
6/16/2004,2.873,3.733,4.429
6/17/2004,2.894,3.755,4.438
6/18/2004,2.844,3.702,4.408
6/21/2004,2.832,3.689,4.394
6/22/2004,2.852,3.711,4.414
6/23/2004,2.835,3.707,4.416
6/24/2004,2.767,3.634,4.355
6/25/2004,2.774,3.656,4.379
6/28/2004,2.822,3.709,4.424
6/29/2004,2.833,3.716,4.425
6/30/2004,2.776,3.658,4.377
7/1/2004,2.754,3.655,4.379
7/2/2004,2.681,3.573,4.327
7/5/2004,2.679,3.573,4.326
7/6/2004,2.687,3.574,4.329
7/7/2004,2.652,3.544,4.296
7/8/2004,2.655,3.541,4.297
7/9/2004,2.659,3.544,4.294
7/12/2004,2.65,3.525,4.279
7/13/2004,2.702,3.587,4.333
7/14/2004,2.691,3.573,4.326
7/15/2004,2.695,3.573,4.322
7/16/2004,2.614,3.495,4.256
7/19/2004,2.609,3.494,4.257
7/20/2004,2.624,3.51,4.274
7/21/2004,2.71,3.6,4.34
7/22/2004,2.676,3.562,4.311
7/23/2004,2.692,3.572,4.305
7/26/2004,2.728,3.607,4.327
7/27/2004,2.749,3.632,4.347
7/28/2004,2.745,3.634,4.352
7/29/2004,2.721,3.606,4.33
7/30/2004,2.658,3.536,4.273
8/2/2004,2.637,3.513,4.255
8/3/2004,2.626,3.506,4.244
8/4/2004,2.611,3.486,4.23
8/5/2004,2.579,3.451,4.206
8/6/2004,2.489,3.356,4.134
8/9/2004,2.5,3.364,4.131
8/10/2004,2.498,3.355,4.12
8/11/2004,2.522,3.386,4.146
8/12/2004,2.504,3.364,4.125
8/13/2004,2.472,3.332,4.102
8/16/2004,2.511,3.377,4.143
8/17/2004,2.491,3.352,4.122
8/18/2004,2.498,3.367,4.138
8/19/2004,2.494,3.36,4.129
8/20/2004,2.477,3.342,4.118
8/23/2004,2.534,3.405,4.169
8/24/2004,2.545,3.408,4.168
8/25/2004,2.512,3.369,4.131
8/26/2004,2.502,3.352,4.12
8/27/2004,2.496,3.349,4.124
8/30/2004,2.498,3.349,4.118
8/31/2004,2.459,3.298,4.079
9/1/2004,2.473,3.318,4.1
9/2/2004,2.531,3.359,4.126
9/3/2004,2.633,3.46,4.2
9/6/2004,2.631,3.455,4.191
9/7/2004,2.67,3.473,4.195
9/8/2004,2.662,3.466,4.185
9/9/2004,2.613,3.403,4.128
9/10/2004,2.586,3.373,4.107
9/13/2004,2.621,3.398,4.118
9/14/2004,2.596,3.374,4.104
9/15/2004,2.617,3.389,4.111
9/16/2004,2.607,3.38,4.1
9/17/2004,2.583,3.353,4.073
9/20/2004,2.578,3.334,4.058
9/21/2004,2.588,3.344,4.064
9/22/2004,2.57,3.309,4.027
9/23/2004,2.528,3.271,3.996
9/24/2004,2.564,3.301,4.022
9/27/2004,2.541,3.262,3.989
9/28/2004,2.552,3.276,3.998
9/29/2004,2.579,3.317,4.043
9/30/2004,2.545,3.302,4.04
10/1/2004,2.553,3.326,4.071
10/4/2004,2.581,3.347,4.082
10/5/2004,2.549,3.304,4.046
10/6/2004,2.549,3.3,4.042
10/7/2004,2.554,3.317,4.066
10/8/2004,2.478,3.231,3.997
10/11/2004,2.476,3.234,4.006
10/12/2004,2.444,3.189,3.965
10/13/2004,2.449,3.194,3.963
10/14/2004,2.422,3.165,3.938
10/15/2004,2.408,3.166,3.949
10/18/2004,2.401,3.153,3.939
10/19/2004,2.404,3.169,3.96
10/20/2004,2.37,3.116,3.914
10/21/2004,2.379,3.128,3.912
10/22/2004,2.38,3.128,3.907
10/25/2004,2.35,3.092,3.874
10/26/2004,2.357,3.094,3.877
10/27/2004,2.382,3.121,3.895
10/28/2004,2.399,3.152,3.931
10/29/2004,2.397,3.138,3.917
11/1/2004,2.382,3.131,3.913
11/2/2004,2.428,3.176,3.95
11/3/2004,2.416,3.157,3.94
11/4/2004,2.385,3.106,3.891
11/5/2004,2.464,3.178,3.945
11/8/2004,2.476,3.175,3.94
11/9/2004,2.435,3.125,3.906
11/10/2004,2.432,3.134,3.908
11/11/2004,2.373,3.071,3.859
11/12/2004,2.349,3.034,3.816
11/15/2004,2.374,3.048,3.81
11/16/2004,2.389,3.044,3.784
11/17/2004,2.391,3.053,3.798
11/18/2004,2.436,3.101,3.842
11/19/2004,2.415,3.082,3.823
11/22/2004,2.389,3.046,3.798
11/23/2004,2.37,3.027,3.781
11/24/2004,2.35,3.018,3.779
11/25/2004,2.309,2.983,3.754
11/26/2004,2.31,2.989,3.753
11/29/2004,2.346,3.032,3.794
11/30/2004,2.327,3.011,3.777
12/1/2004,2.305,2.988,3.761
12/2/2004,2.366,3.058,3.81
12/3/2004,2.296,2.967,3.743
12/6/2004,2.262,2.924,3.697
12/7/2004,2.259,2.893,3.668
12/8/2004,2.261,2.88,3.645
12/9/2004,2.264,2.865,3.612
12/10/2004,2.267,2.867,3.6
12/13/2004,2.259,2.856,3.585
12/14/2004,2.269,2.864,3.585
12/15/2004,2.249,2.824,3.53
12/16/2004,2.298,2.89,3.562
12/17/2004,2.341,2.94,3.604
12/20/2004,2.316,2.899,3.586
12/21/2004,2.365,2.947,3.612
12/22/2004,2.39,2.965,3.616
12/23/2004,2.356,2.914,3.587
12/24/2004,2.353,2.916,3.587
12/27/2004,2.355,2.931,3.604
12/28/2004,2.391,3.011,3.65
12/29/2004,2.427,3.047,3.697
12/30/2004,2.395,3.002,3.674
12/31/2004,2.389,2.998,3.67
1/3/2005,2.38,2.966,3.635
1/4/2005,2.399,2.995,3.642
1/5/2005,2.391,2.985,3.642
1/6/2005,2.355,2.945,3.613
1/7/2005,2.352,2.934,3.595
1/10/2005,2.336,2.915,3.578
1/11/2005,2.342,2.923,3.585
1/12/2005,2.344,2.923,3.583
1/13/2005,2.299,2.87,3.545
1/14/2005,2.307,2.884,3.541
1/17/2005,2.313,2.879,3.526
1/18/2005,2.312,2.884,3.522
1/19/2005,2.313,2.871,3.504
1/20/2005,2.346,2.913,3.552
1/21/2005,2.324,2.892,3.551
1/24/2005,2.308,2.876,3.527
1/25/2005,2.304,2.886,3.532
1/26/2005,2.316,2.908,3.543
1/27/2005,2.339,2.937,3.569
1/28/2005,2.303,2.884,3.531
1/31/2005,2.309,2.885,3.525
2/1/2005,2.312,2.882,3.515
2/2/2005,2.333,2.903,3.529
2/3/2005,2.342,2.924,3.541
2/4/2005,2.314,2.877,3.479
2/7/2005,2.331,2.886,3.466
2/8/2005,2.339,2.879,3.451
2/9/2005,2.32,2.856,3.432
2/10/2005,2.301,2.838,3.433
2/11/2005,2.293,2.838,3.445
2/14/2005,2.308,2.865,3.468
2/15/2005,2.331,2.9,3.492
2/16/2005,2.334,2.916,3.525
2/17/2005,2.336,2.936,3.552
2/18/2005,2.366,3.014,3.638
2/21/2005,2.381,3.044,3.679
2/22/2005,2.367,3.027,3.676
2/23/2005,2.356,3.016,3.672
2/24/2005,2.369,3.037,3.698
2/25/2005,2.373,3.034,3.688
2/28/2005,2.367,3.037,3.691
3/1/2005,2.367,3.042,3.709
3/2/2005,2.373,3.065,3.749
3/3/2005,2.35,3.039,3.736
3/4/2005,2.316,2.971,3.673
3/7/2005,2.292,2.935,3.646
3/8/2005,2.3,2.968,3.686
3/9/2005,2.321,3.011,3.734
3/10/2005,2.325,3.02,3.751
3/11/2005,2.325,3.002,3.742
3/14/2005,2.323,3.023,3.745
3/15/2005,2.305,2.98,3.688
3/16/2005,2.335,2.982,3.651
3/17/2005,2.348,2.993,3.66
3/18/2005,2.36,3.02,3.682
3/21/2005,2.394,3.065,3.71
3/22/2005,2.379,3.029,3.672
3/23/2005,2.409,3.079,3.718
3/24/2005,2.403,3.057,3.691
3/25/2005,2.404,3.063,3.69
3/28/2005,2.403,3.061,3.691
3/29/2005,2.407,3.06,3.687
3/30/2005,2.382,3.015,3.657
3/31/2005,2.344,2.953,3.608
4/1/2005,2.325,2.932,3.6
4/4/2005,2.309,2.911,3.57
4/5/2005,2.318,2.919,3.58
4/6/2005,2.306,2.903,3.573
4/7/2005,2.276,2.858,3.532
4/8/2005,2.272,2.871,3.558
4/11/2005,2.263,2.854,3.537
4/12/2005,2.265,2.854,3.524
4/13/2005,2.253,2.831,3.495
4/14/2005,2.248,2.841,3.51
4/15/2005,2.214,2.794,3.473
4/18/2005,2.194,2.763,3.441
4/19/2005,2.177,2.743,3.421
4/20/2005,2.179,2.751,3.433
4/21/2005,2.193,2.772,3.46
4/22/2005,2.183,2.756,3.447
4/25/2005,2.173,2.747,3.427
4/26/2005,2.174,2.752,3.426
4/27/2005,2.156,2.715,3.394
4/28/2005,2.132,2.692,3.38
4/29/2005,2.13,2.685,3.379
5/2/2005,2.129,2.685,3.383
5/3/2005,2.106,2.659,3.363
5/4/2005,2.12,2.686,3.4
5/5/2005,2.108,2.673,3.386
5/6/2005,2.138,2.722,3.429
5/9/2005,2.127,2.702,3.402
5/10/2005,2.108,2.649,3.348
5/11/2005,2.103,2.624,3.31
5/12/2005,2.116,2.646,3.314
5/13/2005,2.12,2.638,3.294
5/16/2005,2.118,2.637,3.295
5/17/2005,2.114,2.63,3.29
5/18/2005,2.112,2.62,3.269
5/19/2005,2.348,2.721,3.384
5/20/2005,2.377,2.751,3.407
5/23/2005,2.36,2.718,3.367
5/24/2005,2.317,2.673,3.335
5/25/2005,2.29,2.665,3.34
5/26/2005,2.297,2.669,3.356
5/27/2005,2.291,2.668,3.364
5/30/2005,2.294,2.67,3.369
5/31/2005,2.249,2.614,3.306
6/1/2005,2.189,2.564,3.27
6/2/2005,2.196,2.563,3.245
6/3/2005,2.2,2.572,3.265
6/6/2005,2.176,2.556,3.248
6/7/2005,2.13,2.502,3.189
6/8/2005,2.101,2.476,3.159
6/9/2005,2.116,2.482,3.161
6/10/2005,2.145,2.509,3.177
6/13/2005,2.143,2.526,3.221
6/14/2005,2.158,2.545,3.233
6/15/2005,2.224,2.627,3.324
6/16/2005,2.241,2.65,3.342
6/17/2005,2.234,2.634,3.321
6/20/2005,2.188,2.611,3.327
6/21/2005,2.123,2.531,3.25
6/22/2005,2.071,2.465,3.175
6/23/2005,2.089,2.484,3.184
6/24/2005,2.088,2.472,3.165
6/27/2005,2.064,2.448,3.145
6/28/2005,2.099,2.49,3.194
6/29/2005,2.102,2.496,3.213
6/30/2005,2.073,2.454,3.16
7/1/2005,2.117,2.492,3.186
7/4/2005,2.156,2.519,3.202
7/5/2005,2.21,2.566,3.243
7/6/2005,2.217,2.575,3.251
7/7/2005,2.163,2.525,3.214
7/8/2005,2.196,2.541,3.213
7/11/2005,2.231,2.586,3.262
7/12/2005,2.238,2.583,3.258
7/13/2005,2.255,2.604,3.281
7/14/2005,2.272,2.63,3.318
7/15/2005,2.272,2.632,3.314
7/18/2005,2.258,2.61,3.29
7/19/2005,2.276,2.631,3.315
7/20/2005,2.286,2.644,3.333
7/21/2005,2.269,2.633,3.329
7/22/2005,2.228,2.578,3.268
7/25/2005,2.226,2.57,3.251
7/26/2005,2.253,2.599,3.275
7/27/2005,2.248,2.581,3.257
7/28/2005,2.268,2.597,3.267
7/29/2005,2.288,2.614,3.278
8/1/2005,2.324,2.666,3.334
8/2/2005,2.339,2.691,3.364
8/3/2005,2.331,2.679,3.354
8/4/2005,2.341,2.688,3.362
8/5/2005,2.379,2.74,3.407
8/8/2005,2.376,2.735,3.399
8/9/2005,2.39,2.748,3.403
8/10/2005,2.378,2.728,3.38
8/11/2005,2.367,2.712,3.37
8/12/2005,2.319,2.657,3.32
8/15/2005,2.291,2.634,3.308
8/16/2005,2.257,2.592,3.264
8/17/2005,2.254,2.593,3.261
8/18/2005,2.234,2.564,3.23
8/19/2005,2.243,2.57,3.229
8/22/2005,2.241,2.563,3.216
8/23/2005,2.26,2.563,3.2
8/24/2005,2.268,2.566,3.198
8/25/2005,2.239,2.54,3.171
8/26/2005,2.265,2.558,3.18
8/29/2005,2.275,2.563,3.18
8/30/2005,2.279,2.563,3.176
8/31/2005,2.238,2.512,3.127
9/1/2005,2.184,2.458,3.089
9/2/2005,2.166,2.451,3.083
9/5/2005,2.159,2.443,3.076
9/6/2005,2.192,2.476,3.103
9/7/2005,2.2,2.485,3.123
9/8/2005,2.188,2.467,3.093
9/9/2005,2.196,2.462,3.072
9/12/2005,2.251,2.531,3.149
9/13/2005,2.238,2.506,3.117
9/14/2005,2.251,2.513,3.115
9/15/2005,2.27,2.538,3.132
9/16/2005,2.274,2.542,3.133
9/19/2005,2.268,2.529,3.116
9/20/2005,2.258,2.524,3.109
9/21/2005,2.224,2.474,3.046
9/22/2005,2.222,2.476,3.051
9/23/2005,2.275,2.527,3.084
9/26/2005,2.319,2.586,3.146
9/27/2005,2.335,2.599,3.153
9/28/2005,2.353,2.612,3.15
9/29/2005,2.398,2.657,3.18
9/30/2005,2.401,2.652,3.17
10/3/2005,2.426,2.688,3.212
10/4/2005,2.421,2.684,3.197
10/5/2005,2.412,2.673,3.187
10/6/2005,2.451,2.696,3.199
10/7/2005,2.468,2.706,3.191
10/10/2005,2.46,2.695,3.176
10/11/2005,2.477,2.715,3.204
10/12/2005,2.485,2.736,3.238
10/13/2005,2.507,2.775,3.296
10/14/2005,2.499,2.776,3.304
10/17/2005,2.53,2.794,3.307
10/18/2005,2.519,2.784,3.299
10/19/2005,2.484,2.749,3.271
10/20/2005,2.529,2.789,3.301
10/21/2005,2.501,2.74,3.242
10/24/2005,2.498,2.737,3.247
10/25/2005,2.564,2.819,3.324
10/26/2005,2.604,2.872,3.389
10/27/2005,2.633,2.904,3.416
10/28/2005,2.642,2.915,3.417
10/31/2005,2.645,2.919,3.402
11/1/2005,2.663,2.943,3.431
11/2/2005,2.695,2.987,3.473
11/3/2005,2.694,2.993,3.483
11/4/2005,2.72,3.023,3.503
11/7/2005,2.741,3.044,3.512
11/8/2005,2.717,3.003,3.47
11/9/2005,2.772,3.074,3.533
11/10/2005,2.756,3.055,3.531
11/11/2005,2.753,3.045,3.519
11/14/2005,2.767,3.064,3.541
11/15/2005,2.731,3.022,3.509
11/16/2005,2.678,2.943,3.427
11/17/2005,2.709,2.975,3.444
11/18/2005,2.83,3.11,3.542
11/21/2005,2.787,3.043,3.485
11/22/2005,2.778,3.041,3.484
11/23/2005,2.77,3.026,3.471
11/24/2005,2.707,2.944,3.391
11/25/2005,2.722,2.958,3.4
11/28/2005,2.741,2.966,3.394
11/29/2005,2.774,3.018,3.448
11/30/2005,2.776,3.015,3.436
12/1/2005,2.723,2.956,3.39
12/2/2005,2.682,2.934,3.377
12/5/2005,2.709,2.951,3.396
12/6/2005,2.702,2.925,3.352
12/7/2005,2.72,2.96,3.385
12/8/2005,2.72,2.94,3.354
12/9/2005,2.782,3.019,3.422
12/12/2005,2.782,3.007,3.399
12/13/2005,2.791,3.006,3.38
12/14/2005,2.781,2.992,3.346
12/15/2005,2.788,3.003,3.351
12/16/2005,2.785,2.984,3.329
12/19/2005,2.786,2.988,3.322
12/20/2005,2.793,3.009,3.329
12/21/2005,2.833,3.056,3.373
12/22/2005,2.856,3.052,3.357
12/23/2005,2.836,3.015,3.307
12/26/2005,2.836,3.015,3.307
12/27/2005,2.838,3.019,3.317
12/28/2005,2.815,2.992,3.285
12/29/2005,2.847,3.026,3.31
12/30/2005,2.824,2.981,3.28
1/2/2006,2.859,3.038,3.319
1/3/2006,2.85,3.016,3.311
1/4/2006,2.748,2.924,3.264
1/5/2006,2.738,2.912,3.257
1/6/2006,2.745,2.916,3.245
1/9/2006,2.781,2.942,3.243
1/10/2006,2.837,2.981,3.269
1/11/2006,2.864,3.004,3.284
1/12/2006,2.841,2.98,3.259
1/13/2006,2.833,2.968,3.247
1/16/2006,2.83,2.969,3.258
1/17/2006,2.807,2.947,3.244
1/18/2006,2.823,2.968,3.262
1/19/2006,2.877,3.038,3.328
1/20/2006,2.889,3.059,3.351
1/23/2006,2.912,3.091,3.374
1/24/2006,2.894,3.066,3.364
1/25/2006,2.916,3.103,3.418
1/26/2006,2.934,3.142,3.476
1/27/2006,2.947,3.149,3.474
1/30/2006,2.97,3.163,3.469
1/31/2006,2.962,3.156,3.463
2/1/2006,3.006,3.206,3.517
2/2/2006,2.982,3.189,3.504
2/3/2006,2.958,3.161,3.482
2/6/2006,2.961,3.163,3.477
2/7/2006,2.974,3.179,3.501
2/8/2006,2.949,3.164,3.489
2/9/2006,2.931,3.147,3.469
2/10/2006,2.922,3.13,3.45
2/13/2006,2.946,3.165,3.489
2/14/2006,2.938,3.156,3.483
2/15/2006,2.934,3.151,3.484
2/16/2006,2.953,3.171,3.496
2/17/2006,2.913,3.119,3.439
2/20/2006,2.91,3.11,3.429
2/21/2006,2.933,3.127,3.432
2/22/2006,2.941,3.183,3.409
2/23/2006,3.003,3.252,3.409
2/24/2006,3.016,3.262,3.409
2/27/2006,3.056,3.31,3.409
2/28/2006,3.037,3.271,3.409
3/1/2006,3.051,3.289,3.409
3/2/2006,3.108,3.364,3.409
3/3/2006,3.133,3.399,3.409
3/6/2006,3.125,3.39,3.409
3/7/2006,3.127,3.393,3.409
3/8/2006,3.136,3.425,3.409
3/9/2006,3.133,3.424,3.409
3/10/2006,3.169,3.46,3.409
3/13/2006,3.177,3.47,3.409
3/14/2006,3.141,3.428,3.409
3/15/2006,3.183,3.475,3.409
3/16/2006,3.175,3.453,3.409
3/17/2006,3.206,3.487,3.409
3/20/2006,3.181,3.466,3.409
3/21/2006,3.195,3.474,3.409
3/22/2006,3.182,3.451,3.409
3/23/2006,3.19,3.472,3.409
3/24/2006,3.159,3.428,3.409
3/27/2006,3.151,3.424,3.409
3/28/2006,3.239,3.529,3.409
3/29/2006,3.271,3.564,3.409
3/30/2006,3.28,3.572,3.409
3/31/2006,3.271,3.567,3.409
4/3/2006,3.315,3.628,3.409
4/4/2006,3.306,3.639,3.409
4/5/2006,3.287,3.632,3.409
4/6/2006,3.262,3.635,3.409
4/7/2006,3.236,3.63,3.409
4/10/2006,3.262,3.64,3.409
4/11/2006,3.249,3.627,3.409
4/12/2006,3.264,3.638,3.409
4/13/2006,3.314,3.706,3.409
4/14/2006,3.314,3.706,3.409
4/17/2006,3.314,3.706,3.409
4/18/2006,3.294,3.687,3.409
4/19/2006,3.298,3.696,3.409
4/20/2006,3.283,3.665,3.409
4/21/2006,3.286,3.684,3.409
4/24/2006,3.296,3.683,4.003
4/25/2006,3.358,3.747,4.053
4/26/2006,3.39,3.764,4.052
4/27/2006,3.363,3.741,4.039
4/28/2006,3.355,3.727,4.011
5/1/2006,3.355,3.714,3.997
5/2/2006,3.358,3.74,4.034
5/3/2006,3.375,3.764,4.059
5/4/2006,3.378,3.782,4.087
5/5/2006,3.364,3.748,4.056
5/8/2006,3.385,3.767,4.068
5/9/2006,3.389,3.773,4.078
5/10/2006,3.363,3.742,4.051
5/11/2006,3.409,3.8,4.115
5/12/2006,3.37,3.784,4.125
5/15/2006,3.312,3.704,4.07
5/16/2006,3.273,3.662,4.028
5/17/2006,3.307,3.719,4.105
5/18/2006,3.28,3.667,4.05
5/19/2006,3.277,3.654,4.029
5/22/2006,3.237,3.578,3.952
5/23/2006,3.253,3.596,3.968
5/24/2006,3.238,3.569,3.927
5/25/2006,3.242,3.568,3.922
5/26/2006,3.251,3.576,3.924
5/29/2006,3.267,3.589,3.935
5/30/2006,3.315,3.635,3.979
5/31/2006,3.351,3.681,4.02
6/1/2006,3.367,3.694,4.029
6/2/2006,3.326,3.637,3.968
6/5/2006,3.381,3.694,4.005
6/6/2006,3.403,3.735,4.045
6/7/2006,3.408,3.734,4.042
6/8/2006,3.31,3.643,3.96
6/9/2006,3.304,3.642,3.972
6/12/2006,3.285,3.615,3.952
6/13/2006,3.268,3.577,3.904
6/14/2006,3.31,3.622,3.934
6/15/2006,3.339,3.675,3.986
6/16/2006,3.33,3.665,3.973
6/19/2006,3.375,3.708,4.003
6/20/2006,3.405,3.741,4.033
6/21/2006,3.417,3.759,4.048
6/22/2006,3.44,3.797,4.093
6/23/2006,3.464,3.82,4.117
6/26/2006,3.501,3.838,4.12
6/27/2006,3.511,3.842,4.119
6/28/2006,3.517,3.852,4.125
6/29/2006,3.488,3.812,4.092
6/30/2006,3.512,3.823,4.098
7/3/2006,3.516,3.838,4.116
7/4/2006,3.507,3.83,4.103
7/5/2006,3.552,3.882,4.166
7/6/2006,3.566,3.874,4.142
7/7/2006,3.542,3.832,4.096
7/10/2006,3.557,3.856,4.118
7/11/2006,3.524,3.809,4.08
7/12/2006,3.554,3.845,4.117
7/13/2006,3.516,3.794,4.077
7/14/2006,3.466,3.727,4.012
7/17/2006,3.475,3.745,4.023
7/18/2006,3.503,3.778,4.044
7/19/2006,3.493,3.753,4.014
7/20/2006,3.491,3.752,4.015
7/21/2006,3.468,3.718,3.984
7/24/2006,3.474,3.724,3.986
7/25/2006,3.47,3.725,3.994
7/26/2006,3.5,3.754,4.015
7/27/2006,3.469,3.714,3.979
7/28/2006,3.458,3.686,3.951
7/31/2006,3.459,3.688,3.951
8/1/2006,3.456,3.69,3.959
8/2/2006,3.467,3.699,3.964
8/3/2006,3.529,3.762,4.007
8/4/2006,3.503,3.704,3.937
8/7/2006,3.501,3.694,3.937
8/8/2006,3.506,3.692,3.933
8/9/2006,3.531,3.725,3.964
8/10/2006,3.522,3.718,3.962
8/11/2006,3.554,3.776,4.01
8/14/2006,3.591,3.806,4.035
8/15/2006,3.58,3.776,4
8/16/2006,3.569,3.744,3.964
8/17/2006,3.582,3.743,3.952
8/18/2006,3.585,3.737,3.935
8/21/2006,3.564,3.692,3.894
8/22/2006,3.488,3.618,3.839
8/23/2006,3.501,3.635,3.856
8/24/2006,3.496,3.62,3.84
8/25/2006,3.486,3.606,3.824
8/28/2006,3.484,3.604,3.824
8/29/2006,3.521,3.645,3.859
8/30/2006,3.509,3.621,3.831
8/31/2006,3.506,3.589,3.793
9/1/2006,3.514,3.581,3.777
9/4/2006,3.523,3.588,3.781
9/5/2006,3.556,3.624,3.82
9/6/2006,3.589,3.673,3.864
9/7/2006,3.597,3.665,3.849
9/8/2006,3.6,3.651,3.817
9/11/2006,3.627,3.679,3.835
9/12/2006,3.64,3.698,3.871
9/13/2006,3.632,3.671,3.823
9/14/2006,3.639,3.682,3.824
9/15/2006,3.634,3.674,3.809
9/18/2006,3.667,3.733,3.864
9/19/2006,3.631,3.68,3.813
9/20/2006,3.633,3.675,3.805
9/21/2006,3.621,3.654,3.786
9/22/2006,3.55,3.573,3.725
9/25/2006,3.495,3.53,3.694
9/26/2006,3.524,3.55,3.689
9/27/2006,3.546,3.571,3.704
9/28/2006,3.568,3.593,3.722
9/29/2006,3.585,3.61,3.739
10/2/2006,3.579,3.593,3.722
10/3/2006,3.604,3.629,3.77
10/4/2006,3.592,3.595,3.732
10/5/2006,3.592,3.606,3.745
10/6/2006,3.601,3.633,3.786
10/9/2006,3.623,3.649,3.795
10/10/2006,3.659,3.707,3.849
10/11/2006,3.661,3.706,3.845
10/12/2006,3.653,3.697,3.843
10/13/2006,3.665,3.722,3.873
10/16/2006,3.657,3.717,3.872
10/17/2006,3.639,3.691,3.841
10/18/2006,3.638,3.703,3.857
10/19/2006,3.655,3.723,3.88
10/20/2006,3.672,3.735,3.878
10/23/2006,3.697,3.776,3.917
10/24/2006,3.702,3.774,3.917
10/25/2006,3.711,3.784,3.924
10/26/2006,3.71,3.77,3.898
10/27/2006,3.699,3.737,3.847
10/30/2006,3.702,3.731,3.832
10/31/2006,3.663,3.677,3.779
11/1/2006,3.628,3.635,3.745
11/2/2006,3.656,3.664,3.777
11/3/2006,3.677,3.712,3.809
11/6/2006,3.697,3.735,3.828
11/7/2006,3.69,3.7,3.777
11/8/2006,3.714,3.722,3.793
11/9/2006,3.707,3.704,3.774
11/10/2006,3.673,3.662,3.746
11/13/2006,3.681,3.685,3.77
11/14/2006,3.681,3.665,3.744
11/15/2006,3.701,3.693,3.772
11/16/2006,3.712,3.706,3.782
11/17/2006,3.692,3.679,3.75
11/20/2006,3.663,3.66,3.74
11/21/2006,3.677,3.664,3.741
11/22/2006,3.664,3.655,3.74
11/23/2006,3.701,3.691,3.765
11/24/2006,3.678,3.642,3.719
11/27/2006,3.673,3.65,3.745
11/28/2006,3.665,3.632,3.724
11/29/2006,3.683,3.656,3.743
11/30/2006,3.669,3.633,3.717
12/1/2006,3.638,3.601,3.691
12/4/2006,3.618,3.598,3.695
12/5/2006,3.609,3.647,3.702
12/6/2006,3.634,3.668,3.713
12/7/2006,3.671,3.706,3.738
12/8/2006,3.683,3.723,3.76
12/11/2006,3.708,3.746,3.772
12/12/2006,3.716,3.744,3.764
12/13/2006,3.737,3.761,3.777
12/14/2006,3.769,3.8,3.813
12/15/2006,3.782,3.812,3.829
12/18/2006,3.794,3.834,3.865
12/19/2006,3.818,3.865,3.899
12/20/2006,3.819,3.862,3.894
12/21/2006,3.83,3.877,3.91
12/22/2006,3.836,3.887,3.917
12/25/2006,3.832,3.882,3.915
12/26/2006,3.832,3.88,3.911
12/27/2006,3.873,3.925,3.96
12/28/2006,3.89,3.948,3.988
12/29/2006,3.884,3.939,3.98
1/1/2007,3.881,3.937,3.979
1/2/2007,3.866,3.914,3.964
1/3/2007,3.872,3.927,3.98
1/4/2007,3.862,3.91,3.962
1/5/2007,3.899,3.962,4.013
1/8/2007,3.889,3.947,4.003
1/9/2007,3.912,3.972,4.031
1/10/2007,3.926,3.987,4.047
1/11/2007,3.9,3.968,4.04
1/12/2007,3.927,4.012,4.09
1/15/2007,3.925,4.006,4.083
1/16/2007,3.925,4.001,4.068
1/17/2007,3.922,4,4.068
1/18/2007,3.947,4.028,4.093
1/19/2007,3.952,4.024,4.081
1/22/2007,3.926,3.997,4.054
1/23/2007,3.936,4.003,4.054
1/24/2007,3.955,4.026,4.074
1/25/2007,3.97,4.054,4.114
1/26/2007,3.974,4.062,4.125
1/29/2007,3.992,4.081,4.153
1/30/2007,3.989,4.071,4.145
1/31/2007,3.986,4.063,4.135
2/1/2007,3.972,4.048,4.127
2/2/2007,3.933,4.007,4.098
2/5/2007,3.912,3.981,4.069
2/6/2007,3.924,3.986,4.067
2/7/2007,3.935,3.989,4.064
2/8/2007,3.963,4.022,4.082
2/9/2007,3.988,4.057,4.126
2/12/2007,3.987,4.067,4.143
2/13/2007,4.003,4.083,4.161
2/14/2007,3.989,4.059,4.135
2/15/2007,3.947,4.007,4.081
2/16/2007,3.967,4.023,4.086
2/19/2007,3.985,4.041,4.103
2/20/2007,3.981,4.04,4.098
2/21/2007,3.977,4.029,4.088
2/22/2007,4.002,4.06,4.124
2/23/2007,3.98,4.023,4.085
2/26/2007,3.945,3.972,4.033
2/27/2007,3.914,3.939,4.001
2/28/2007,3.891,3.921,3.995
3/1/2007,3.876,3.907,3.985
3/2/2007,3.851,3.889,3.974
3/5/2007,3.841,3.871,3.951
3/6/2007,3.864,3.885,3.955
3/7/2007,3.87,3.89,3.956
3/8/2007,3.891,3.904,3.968
3/9/2007,3.921,3.935,3.994
3/12/2007,3.904,3.908,3.969
3/13/2007,3.893,3.887,3.939
3/14/2007,3.866,3.858,3.918
3/15/2007,3.902,3.895,3.942
3/16/2007,3.908,3.901,3.944
3/19/2007,3.939,3.932,3.966
3/20/2007,3.927,3.915,3.949
3/21/2007,3.933,3.926,3.968
3/22/2007,3.932,3.931,3.99
3/23/2007,3.96,3.981,4.042
3/26/2007,3.962,3.982,4.045
3/27/2007,3.981,4.005,4.067
3/28/2007,3.984,4.013,4.075
3/29/2007,4.007,4.039,4.097
3/30/2007,4.018,4.05,4.103
4/2/2007,4.042,4.073,4.119
4/3/2007,4.047,4.085,4.143
4/4/2007,4.027,4.061,4.119
4/5/2007,4.041,4.083,4.142
4/6/2007,4.042,4.082,4.143
4/9/2007,4.041,4.082,4.144
4/10/2007,4.075,4.119,4.176
4/11/2007,4.092,4.137,4.191
4/12/2007,4.113,4.168,4.228
4/13/2007,4.145,4.213,4.278
4/16/2007,4.135,4.19,4.255
4/17/2007,4.122,4.169,4.23
4/18/2007,4.117,4.151,4.201
4/19/2007,4.142,4.186,4.243
4/20/2007,4.144,4.194,4.25
4/23/2007,4.132,4.174,4.228
4/24/2007,4.128,4.165,4.213
4/25/2007,4.14,4.186,4.234
4/26/2007,4.174,4.219,4.268
4/27/2007,4.177,4.22,4.269
4/30/2007,4.135,4.159,4.208
5/1/2007,4.135,4.153,4.202
5/2/2007,4.182,4.215,4.259
5/3/2007,4.192,4.23,4.279
5/4/2007,4.17,4.198,4.245
5/7/2007,4.19,4.221,4.26
5/8/2007,4.173,4.197,4.244
5/9/2007,4.18,4.21,4.257
5/10/2007,4.181,4.215,4.262
5/11/2007,4.177,4.213,4.262
5/14/2007,4.217,4.267,4.315
5/15/2007,4.251,4.299,4.345
5/16/2007,4.275,4.311,4.35
5/17/2007,4.287,4.321,4.358
5/18/2007,4.286,4.316,4.356
5/21/2007,4.3,4.327,4.368
5/22/2007,4.323,4.349,4.384
5/23/2007,4.357,4.382,4.414
5/24/2007,4.338,4.367,4.403
5/25/2007,4.369,4.399,4.425
5/28/2007,4.382,4.412,4.43
5/29/2007,4.39,4.415,4.441
5/30/2007,4.393,4.416,4.439
5/31/2007,4.422,4.447,4.464
6/1/2007,4.459,4.484,4.502
6/4/2007,4.455,4.477,4.501
6/5/2007,4.474,4.508,4.536
6/6/2007,4.427,4.468,4.503
6/7/2007,4.476,4.541,4.588
6/8/2007,4.476,4.559,4.612
6/11/2007,4.475,4.556,4.61
6/12/2007,4.511,4.599,4.652
6/13/2007,4.534,4.628,4.686
6/14/2007,4.523,4.622,4.689
6/15/2007,4.531,4.632,4.701
6/18/2007,4.519,4.627,4.706
6/19/2007,4.478,4.582,4.662
6/20/2007,4.519,4.626,4.686
6/21/2007,4.513,4.626,4.695
6/22/2007,4.501,4.624,4.701
6/25/2007,4.484,4.594,4.669
6/26/2007,4.475,4.575,4.651
6/27/2007,4.45,4.528,4.596
6/28/2007,4.485,4.56,4.614
6/29/2007,4.498,4.573,4.622
7/2/2007,4.455,4.518,4.565
7/3/2007,4.483,4.562,4.612
7/4/2007,4.515,4.603,4.657
7/5/2007,4.549,4.647,4.702
7/6/2007,4.569,4.679,4.736
7/9/2007,4.563,4.669,4.73
7/10/2007,4.509,4.589,4.65
7/11/2007,4.513,4.59,4.65
7/12/2007,4.547,4.635,4.692
7/13/2007,4.553,4.641,4.684
7/16/2007,4.532,4.608,4.648
7/17/2007,4.553,4.632,4.665
7/18/2007,4.521,4.586,4.614
7/19/2007,4.539,4.593,4.617
7/20/2007,4.469,4.487,4.51
7/23/2007,4.46,4.486,4.506
7/24/2007,4.443,4.471,4.497
7/25/2007,4.427,4.448,4.474
7/26/2007,4.336,4.363,4.408
7/27/2007,4.326,4.363,4.401
7/30/2007,4.314,4.339,4.388
7/31/2007,4.36,4.398,4.428
8/1/2007,4.353,4.389,4.433
8/2/2007,4.395,4.431,4.451
8/3/2007,4.347,4.371,4.399
8/6/2007,4.335,4.365,4.402
8/7/2007,4.366,4.393,4.423
8/8/2007,4.445,4.477,4.499
8/9/2007,4.365,4.415,4.466
8/10/2007,4.275,4.36,4.436
8/13/2007,4.286,4.377,4.448
8/14/2007,4.261,4.359,4.436
8/15/2007,4.192,4.301,4.406
8/16/2007,4.011,4.163,4.318
8/17/2007,4.027,4.171,4.35
8/20/2007,4.014,4.158,4.34
8/21/2007,3.936,4.089,4.299
8/22/2007,4.104,4.203,4.361
8/23/2007,4.083,4.182,4.337
8/24/2007,4.09,4.185,4.33
8/27/2007,4.08,4.17,4.321
8/28/2007,4.049,4.152,4.297
8/29/2007,4.041,4.147,4.295
8/30/2007,4.048,4.159,4.302
8/31/2007,4.085,4.192,4.314
9/3/2007,4.106,4.214,4.335
9/4/2007,4.106,4.22,4.346
9/5/2007,4.038,4.151,4.285
9/6/2007,4.033,4.147,4.281
9/7/2007,3.934,4.047,4.213
9/10/2007,3.904,4.008,4.163
9/11/2007,3.94,4.032,4.194
9/12/2007,3.981,4.064,4.223
9/13/2007,4.073,4.14,4.263
9/14/2007,4.061,4.124,4.261
9/17/2007,4.06,4.113,4.25
9/18/2007,4.12,4.198,4.311
9/19/2007,4.126,4.233,4.364
9/20/2007,4.147,4.274,4.413
9/21/2007,4.129,4.275,4.43
9/24/2007,4.122,4.279,4.436
9/25/2007,4.087,4.236,4.395
9/26/2007,4.146,4.302,4.449
9/27/2007,4.142,4.287,4.441
9/28/2007,4.107,4.242,4.394
10/1/2007,4.08,4.219,4.386
10/2/2007,4.083,4.219,4.379
10/3/2007,4.093,4.235,4.393
10/4/2007,4.043,4.176,4.345
10/5/2007,4.081,4.237,4.403
10/8/2007,4.098,4.237,4.41
10/9/2007,4.103,4.221,4.377
10/10/2007,4.134,4.261,4.405
10/11/2007,4.172,4.31,4.444
10/12/2007,4.236,4.359,4.475
10/15/2007,4.264,4.371,4.483
10/16/2007,4.239,4.364,4.491
10/17/2007,4.201,4.319,4.456
10/18/2007,4.121,4.229,4.389
10/19/2007,4.054,4.138,4.297
10/22/2007,4.03,4.12,4.257
10/23/2007,4.032,4.125,4.263
10/24/2007,3.971,4.075,4.21
10/25/2007,3.976,4.074,4.22
10/26/2007,4,4.093,4.232
10/29/2007,4.013,4.095,4.233
10/30/2007,4.039,4.107,4.253
10/31/2007,4.145,4.195,4.306
11/1/2007,4.088,4.141,4.274
11/2/2007,4.052,4.102,4.237
11/5/2007,4.049,4.088,4.23
11/6/2007,4.066,4.109,4.248
11/7/2007,4.023,4.066,4.255
11/8/2007,3.964,4.029,4.233
11/9/2007,3.916,3.981,4.195
11/12/2007,3.928,3.992,4.211
11/13/2007,3.951,4.027,4.235
11/14/2007,3.991,4.061,4.255
11/15/2007,3.943,4.013,4.229
11/16/2007,3.901,3.986,4.215
11/19/2007,3.804,3.915,4.166
11/20/2007,3.829,3.938,4.182
11/21/2007,3.752,3.857,4.151
11/22/2007,3.741,3.851,4.155
11/23/2007,3.786,3.887,4.167
11/26/2007,3.789,3.889,4.165
11/27/2007,3.806,3.908,4.178
11/28/2007,3.864,3.998,4.253
11/29/2007,3.815,3.95,4.207
11/30/2007,3.891,4.024,4.265
12/3/2007,3.831,3.948,4.206
12/4/2007,3.807,3.912,4.165
12/5/2007,3.794,3.928,4.167
12/6/2007,3.837,3.973,4.213
12/7/2007,3.949,4.092,4.32
12/10/2007,4.026,4.158,4.384
12/11/2007,3.971,4.121,4.361
12/12/2007,4.073,4.199,4.431
12/13/2007,4.069,4.179,4.407
12/14/2007,4.095,4.203,4.434
12/17/2007,4.067,4.192,4.414
12/18/2007,4.065,4.192,4.405
12/19/2007,4.035,4.177,4.407
12/20/2007,4.023,4.15,4.372
12/21/2007,4.062,4.195,4.432
12/24/2007,4.063,4.192,4.433
12/25/2007,4.061,4.191,4.433
12/26/2007,4.06,4.198,4.427
12/27/2007,4.107,4.24,4.469
12/28/2007,4.072,4.201,4.438
12/31/2007,4.066,4.198,4.432
1/1/2008,4.062,4.191,4.428
1/2/2008,3.917,4.026,4.302
1/3/2008,3.882,4.003,4.292
1/4/2008,3.836,3.938,4.244
1/7/2008,3.861,3.941,4.242
1/8/2008,3.91,3.979,4.261
1/9/2008,3.825,3.912,4.202
1/10/2008,3.853,3.93,4.207
1/11/2008,3.836,3.913,4.201
1/14/2008,3.786,3.864,4.16
1/15/2008,3.746,3.83,4.129
1/16/2008,3.655,3.757,4.082
1/17/2008,3.611,3.737,4.074
1/18/2008,3.568,3.712,4.071
1/21/2008,3.455,3.627,4.015
1/22/2008,3.49,3.7,4.086
1/23/2008,3.332,3.561,4.002
1/24/2008,3.567,3.744,4.112
1/25/2008,3.568,3.743,4.092
1/28/2008,3.541,3.696,4.067
1/29/2008,3.571,3.737,4.116
1/30/2008,3.576,3.752,4.146
1/31/2008,3.467,3.633,4.051
2/1/2008,3.471,3.627,4.024
2/4/2008,3.481,3.633,4.034
2/5/2008,3.334,3.501,3.953
2/6/2008,3.356,3.528,3.995
2/7/2008,3.226,3.42,3.981
2/8/2008,3.193,3.407,3.959
2/11/2008,3.172,3.394,3.956
2/12/2008,3.235,3.475,4.044
2/13/2008,3.236,3.482,4.055
2/14/2008,3.296,3.552,4.109
2/15/2008,3.229,3.48,4.067
2/18/2008,3.322,3.571,4.12
2/19/2008,3.296,3.543,4.096
2/20/2008,3.355,3.591,4.127
2/21/2008,3.451,3.637,4.115
2/22/2008,3.436,3.616,4.106
2/25/2008,3.433,3.637,4.138
2/26/2008,3.481,3.69,4.186
2/27/2008,3.448,3.668,4.2
2/28/2008,3.341,3.552,4.099
2/29/2008,3.229,3.428,3.989
3/3/2008,3.279,3.432,3.979
3/4/2008,3.262,3.406,3.95
3/5/2008,3.34,3.493,4.043
3/6/2008,3.367,3.495,4.006
3/7/2008,3.348,3.471,4.01
3/10/2008,3.265,3.38,3.939
3/11/2008,3.405,3.49,3.972
3/12/2008,3.415,3.518,3.947
3/13/2008,3.369,3.489,3.945
3/14/2008,3.312,3.455,3.925
3/17/2008,3.189,3.374,3.897
3/18/2008,3.346,3.517,3.978
3/19/2008,3.473,3.579,3.978
3/20/2008,3.537,3.641,3.969
3/21/2008,3.533,3.637,3.97
3/24/2008,3.512,3.632,3.973
3/25/2008,3.715,3.806,4.098
3/26/2008,3.699,3.789,4.103
3/27/2008,3.668,3.792,4.148
3/28/2008,3.709,3.824,4.147
3/31/2008,3.675,3.778,4.111
4/1/2008,3.735,3.86,4.175
4/2/2008,3.784,3.893,4.173
4/3/2008,3.735,3.922,4.286
4/4/2008,3.716,3.893,4.251
4/7/2008,3.781,3.964,4.316
4/8/2008,3.761,3.952,4.319
4/9/2008,3.716,3.921,4.298
4/10/2008,3.685,3.894,4.285
4/11/2008,3.646,3.828,4.221
4/14/2008,3.646,3.831,4.212
4/15/2008,3.716,3.906,4.271
4/16/2008,3.812,3.985,4.34
4/17/2008,3.918,4.071,4.385
4/18/2008,4.08,4.172,4.435
4/21/2008,4.007,4.122,4.41
4/22/2008,4.086,4.186,4.431
4/23/2008,4.043,4.161,4.427
4/24/2008,4.046,4.189,4.459
4/25/2008,4.027,4.18,4.451
4/28/2008,4.002,4.174,4.468
4/29/2008,3.924,4.101,4.414
4/30/2008,3.927,4.099,4.398
5/1/2008,3.922,4.092,4.398
5/2/2008,3.993,4.171,4.46
5/5/2008,3.994,4.139,4.426
5/6/2008,3.928,4.086,4.402
5/7/2008,3.934,4.096,4.434
5/8/2008,3.871,3.992,4.334
5/9/2008,3.85,3.945,4.28
5/12/2008,3.916,3.979,4.31
5/13/2008,4.007,4.071,4.389
5/14/2008,4.086,4.148,4.452
5/15/2008,4.164,4.195,4.49
5/16/2008,4.142,4.173,4.438
5/19/2008,4.173,4.211,4.478
5/20/2008,4.15,4.174,4.443
5/21/2008,4.265,4.261,4.518
5/22/2008,4.338,4.291,4.544
5/23/2008,4.345,4.271,4.524
5/26/2008,4.339,4.294,4.541
5/27/2008,4.33,4.305,4.558
5/28/2008,4.344,4.346,4.6
5/29/2008,4.438,4.444,4.689
5/30/2008,4.428,4.424,4.661
6/2/2008,4.376,4.35,4.603
6/3/2008,4.46,4.431,4.679
6/4/2008,4.417,4.371,4.642
6/5/2008,4.682,4.524,4.718
6/6/2008,4.711,4.538,4.658
6/9/2008,4.777,4.654,4.747
6/10/2008,4.727,4.683,4.786
6/11/2008,4.678,4.68,4.821
6/12/2008,4.678,4.736,4.865
6/13/2008,4.722,4.8,4.9
6/16/2008,4.78,4.855,4.891
6/17/2008,4.736,4.814,4.865
6/18/2008,4.718,4.823,4.861
6/19/2008,4.771,4.897,4.921
6/20/2008,4.698,4.812,4.868
6/23/2008,4.674,4.764,4.834
6/24/2008,4.652,4.743,4.838
6/25/2008,4.678,4.763,4.849
6/26/2008,4.607,4.659,4.763
6/27/2008,4.598,4.653,4.787
6/30/2008,4.739,4.794,4.888
7/1/2008,4.731,4.78,4.867
7/2/2008,4.775,4.832,4.904
7/3/2008,4.623,4.689,4.813
7/4/2008,4.6,4.625,4.76
7/7/2008,4.547,4.548,4.708
7/8/2008,4.553,4.556,4.716
7/9/2008,4.572,4.574,4.709
7/10/2008,4.554,4.541,4.698
7/11/2008,4.549,4.578,4.721
7/14/2008,4.516,4.544,4.69
7/15/2008,4.463,4.5,4.682
7/16/2008,4.479,4.538,4.696
7/17/2008,4.508,4.607,4.755
7/18/2008,4.631,4.747,4.866
7/21/2008,4.713,4.798,4.913
7/22/2008,4.686,4.792,4.909
7/23/2008,4.671,4.801,4.918
7/24/2008,4.552,4.664,4.83
7/25/2008,4.56,4.684,4.874
7/28/2008,4.509,4.599,4.794
7/29/2008,4.482,4.557,4.745
7/30/2008,4.447,4.508,4.694
7/31/2008,4.417,4.434,4.626
8/1/2008,4.433,4.433,4.621
8/4/2008,4.43,4.418,4.613
8/5/2008,4.429,4.396,4.586
8/6/2008,4.419,4.412,4.611
8/7/2008,4.279,4.239,4.524
8/8/2008,4.252,4.217,4.52
8/11/2008,4.293,4.246,4.535
8/12/2008,4.245,4.198,4.492
8/13/2008,4.213,4.157,4.475
8/14/2008,4.215,4.169,4.475
8/15/2008,4.201,4.139,4.441
8/18/2008,4.196,4.12,4.427
8/19/2008,4.187,4.132,4.443
8/20/2008,4.193,4.111,4.41
8/21/2008,4.248,4.179,4.459
8/22/2008,4.294,4.24,4.505
8/25/2008,4.234,4.132,4.417
8/26/2008,4.193,4.092,4.399
8/27/2008,4.259,4.177,4.463
8/28/2008,4.295,4.226,4.468
8/29/2008,4.265,4.222,4.465
9/1/2008,4.207,4.138,4.417
9/2/2008,4.238,4.165,4.44
9/3/2008,4.263,4.155,4.437
9/4/2008,4.222,4.085,4.382
9/5/2008,4.165,3.993,4.333
9/8/2008,4.197,4.056,4.394
9/9/2008,4.189,4.035,4.39
9/10/2008,4.205,4.051,4.402
9/11/2008,4.208,4.067,4.429
9/12/2008,4.258,4.163,4.517
9/15/2008,4.096,3.99,4.42
9/16/2008,4.049,3.991,4.373
9/17/2008,4.092,3.985,4.389
9/18/2008,4.106,4.076,4.448
9/19/2008,4.237,4.334,4.594
9/22/2008,4.257,4.37,4.636
9/23/2008,4.188,4.312,4.613
9/24/2008,4.086,4.212,4.538
9/25/2008,4.046,4.265,4.593
9/26/2008,3.895,4.166,4.532
9/29/2008,3.6,3.972,4.392
9/30/2008,3.601,4.056,4.442
10/1/2008,3.486,4.03,4.423
10/2/2008,3.347,3.929,4.366
10/3/2008,3.25,3.896,4.344
10/6/2008,3.003,3.712,4.173
10/7/2008,3.038,3.76,4.168
10/8/2008,2.969,3.755,4.209
10/9/2008,3.011,3.823,4.291
10/10/2008,2.901,3.896,4.417
10/13/2008,2.926,4.038,4.495
10/14/2008,3.057,4.065,4.49
10/15/2008,3.063,4.031,4.483
10/16/2008,2.982,3.902,4.441
10/17/2008,2.994,3.89,4.383
10/20/2008,3.041,3.857,4.388
10/21/2008,3.042,3.796,4.325
10/22/2008,2.966,3.671,4.241
10/23/2008,2.975,3.653,4.242
10/24/2008,2.853,3.583,4.24
10/27/2008,2.752,3.604,4.258
10/28/2008,2.749,3.627,4.291
10/29/2008,2.742,3.637,4.369
10/30/2008,2.725,3.685,4.394
10/31/2008,2.824,3.885,4.549
11/3/2008,2.872,3.881,4.574
11/4/2008,2.886,3.831,4.54
11/5/2008,2.849,3.747,4.485
11/6/2008,2.747,3.602,4.393
11/7/2008,2.705,3.554,4.331
11/10/2008,2.658,3.523,4.321
11/11/2008,2.582,3.502,4.301
11/12/2008,2.53,3.491,4.254
11/13/2008,2.506,3.472,4.276
11/14/2008,2.48,3.448,4.238
11/17/2008,2.771,3.415,4.222
11/18/2008,2.773,3.422,4.206
11/19/2008,2.764,3.379,4.12
11/20/2008,2.629,3.241,3.988
11/21/2008,2.673,3.295,3.996
11/24/2008,2.768,3.371,4.056
11/25/2008,2.808,3.351,3.994
11/26/2008,2.738,3.282,3.917
11/27/2008,2.761,3.319,3.938
11/28/2008,2.707,3.292,3.901
12/1/2008,2.65,3.181,3.825
12/2/2008,2.637,3.156,3.725
12/3/2008,2.626,3.19,3.725
12/4/2008,2.66,3.262,3.783
12/5/2008,2.616,3.275,3.751
12/8/2008,2.874,3.495,3.904
12/9/2008,2.944,3.575,4.017
12/10/2008,2.9,3.537,4.016
12/11/2008,2.836,3.503,4.057
12/12/2008,2.872,3.585,4.194
12/15/2008,2.804,3.523,4.132
12/16/2008,2.784,3.487,4.063
12/17/2008,2.585,3.342,3.917
12/18/2008,2.546,3.302,3.899
12/19/2008,2.527,3.265,3.911
12/22/2008,2.483,3.184,3.848
12/23/2008,2.444,3.146,3.847
12/24/2008,2.426,3.135,3.856
12/25/2008,2.433,3.148,3.864
12/26/2008,2.434,3.148,3.864
12/29/2008,2.456,3.089,3.81
12/30/2008,2.49,3.128,3.87
12/31/2008,2.483,3.126,3.855
1/1/2009,2.487,3.126,3.865
1/2/2009,2.463,3.097,3.838
1/5/2009,2.403,3.12,3.893
1/6/2009,2.41,3.265,4.035
1/7/2009,2.312,3.242,4.069
1/8/2009,2.236,3.206,4.006
1/9/2009,2.134,3.11,3.893
1/12/2009,2.106,3.094,3.873
1/13/2009,2.11,3.069,3.888
1/14/2009,2.088,3.041,3.855
1/15/2009,2.093,3.029,3.814
1/16/2009,2.046,3.037,3.851
1/19/2009,2.093,3.1,3.937
1/20/2009,2.07,3.095,3.97
1/21/2009,2.014,3.125,3.994
1/22/2009,2.042,3.193,4.086
1/23/2009,2.023,3.24,4.197
1/26/2009,2.218,3.39,4.309
1/27/2009,2.201,3.346,4.22
1/28/2009,2.145,3.314,4.18
1/29/2009,2.05,3.289,4.181
1/30/2009,1.998,3.266,4.225
2/2/2009,1.978,3.241,4.221
2/3/2009,1.958,3.269,4.296
2/4/2009,1.967,3.219,4.276
2/5/2009,1.908,3.18,4.251
2/6/2009,1.899,3.173,4.273
2/9/2009,1.945,3.224,4.292
2/10/2009,1.961,3.181,4.227
2/11/2009,1.869,3.051,4.137
2/12/2009,1.832,3.001,4.075
2/13/2009,1.867,3.043,4.144
2/16/2009,1.859,3.014,4.238
2/17/2009,1.887,3.007,4.304
2/18/2009,1.994,3.098,4.361
2/19/2009,2.1,3.22,4.364
2/20/2009,2.049,3.174,4.179
2/23/2009,2.065,3.184,4.183
2/24/2009,2.053,3.18,4.179
2/25/2009,2.016,3.18,4.159
2/26/2009,2.087,3.32,4.273
2/27/2009,2.038,3.292,4.216
3/2/2009,1.93,3.171,4.164
3/3/2009,1.929,3.186,4.198
3/4/2009,1.919,3.238,4.285
3/5/2009,1.939,3.154,4.155
3/6/2009,1.976,3.12,4.155
3/9/2009,2.065,3.308,4.175
3/10/2009,2.106,3.487,4.304
3/11/2009,2.147,3.507,4.313
3/12/2009,2.047,3.392,4.219
3/13/2009,2.037,3.233,4.212
3/16/2009,2.024,3.244,4.257
3/17/2009,2.016,3.437,4.309
3/18/2009,1.99,3.47,4.329
3/19/2009,1.963,3.397,4.186
3/20/2009,1.889,3.303,4.078
3/23/2009,1.889,3.306,4.073
3/24/2009,1.933,3.349,4.143
3/25/2009,1.922,3.33,4.099
3/26/2009,1.898,3.336,4.051
3/27/2009,1.838,3.253,4.055
3/30/2009,1.761,3.154,4.045
3/31/2009,1.732,3.115,4.042
4/1/2009,1.72,3.092,4.051
4/2/2009,1.904,3.259,4.158
4/3/2009,1.882,3.267,4.149
4/6/2009,1.864,3.094,4.126
4/7/2009,1.804,3.1,4.127
4/8/2009,1.768,3.076,4.13
4/9/2009,1.737,3.142,4.157
4/10/2009,1.762,3.142,4.136
4/13/2009,1.771,3.142,4.136
4/14/2009,1.719,3.121,4.111
4/15/2009,1.694,3.091,4.054
4/16/2009,1.721,3.014,4.079
4/17/2009,1.81,3.151,4.149
4/20/2009,1.727,3.057,4.029
4/21/2009,1.747,3.081,4.038
4/22/2009,1.795,3.105,4.075
4/23/2009,1.779,3.186,4.048
4/24/2009,1.722,3.136,4.018
4/27/2009,1.687,3.108,3.981
4/28/2009,1.655,3.074,4.003
4/29/2009,1.634,3.058,3.991
4/30/2009,1.663,3.075,4.021
5/1/2009,1.671,3.078,4.011
5/4/2009,1.705,3.136,4.065
5/5/2009,1.674,3.085,3.994
5/6/2009,1.627,3.055,3.998
5/7/2009,1.628,3.089,4.086
5/8/2009,1.472,3.077,4.113
5/11/2009,1.492,3.048,4.062
5/12/2009,1.526,3.067,4.093
5/13/2009,1.451,2.997,4.049
5/14/2009,1.435,2.996,4.041
5/15/2009,1.433,3.039,4.077
5/18/2009,1.391,3.03,4.07
5/19/2009,1.438,3.094,4.113
5/20/2009,1.452,3.114,4.099
5/21/2009,1.413,3.094,4.088
5/22/2009,1.417,3.146,4.164
5/25/2009,1.499,3.211,4.214
5/26/2009,1.494,3.234,4.232
5/27/2009,1.503,3.254,4.244
5/28/2009,1.492,3.292,4.323
5/29/2009,1.424,3.254,4.31
6/1/2009,1.451,3.313,4.361
6/2/2009,1.402,3.256,4.347
6/3/2009,1.395,3.209,4.274
6/4/2009,1.53,3.387,4.417
6/5/2009,1.663,3.517,4.487
6/8/2009,1.701,3.528,4.466
6/9/2009,1.628,3.526,4.444
6/10/2009,1.604,3.519,4.471
6/11/2009,1.63,3.539,4.467
6/12/2009,1.584,3.474,4.417
6/15/2009,1.509,3.367,4.322
6/16/2009,1.487,3.352,4.319
6/17/2009,1.42,3.299,4.301
6/18/2009,1.414,3.342,4.35
6/19/2009,1.352,3.287,4.302
6/22/2009,1.356,3.263,4.247
6/23/2009,1.37,3.279,4.26
6/24/2009,1.297,3.218,4.239
6/25/2009,1.25,3.15,4.2
6/26/2009,1.261,3.128,4.174
6/29/2009,1.297,3.137,4.138
6/30/2009,1.303,3.154,4.139
7/1/2009,1.291,3.158,4.159
7/2/2009,1.18,3.048,4.073
7/3/2009,1.195,3.058,4.076
7/6/2009,1.166,3.024,4.03
7/7/2009,1.173,3.035,4.042
7/8/2009,1.148,3.042,4.048
7/9/2009,1.184,3.087,4.077
7/10/2009,1.157,3.066,4.045
7/13/2009,1.179,3.073,4.058
7/14/2009,1.216,3.114,4.095
7/15/2009,1.226,3.15,4.107
7/16/2009,1.166,3.106,4.069
7/17/2009,1.199,3.152,4.116
7/20/2009,1.226,3.138,4.109
7/21/2009,1.159,3.058,4.045
7/22/2009,1.177,3.043,4.006
7/23/2009,1.2,3.067,4.039
7/24/2009,1.22,3.074,4.024
7/27/2009,1.256,3.063,4.02
7/28/2009,1.217,2.996,3.941
7/29/2009,1.212,2.968,3.909
7/30/2009,1.197,2.955,3.897
7/31/2009,1.131,2.844,3.773
8/3/2009,1.197,2.91,3.812
8/4/2009,1.228,2.932,3.812
8/5/2009,1.262,2.949,3.791
8/6/2009,1.295,2.993,3.823
8/7/2009,1.388,3.106,3.912
8/10/2009,1.345,3.039,3.821
8/11/2009,1.276,2.976,3.794
8/12/2009,1.231,2.975,3.834
8/13/2009,1.162,2.915,3.803
8/14/2009,1.11,2.834,3.721
8/17/2009,1.128,2.83,3.72
8/18/2009,1.134,2.828,3.725
8/19/2009,1.113,2.799,3.713
8/20/2009,1.1,2.791,3.71
8/21/2009,1.168,2.865,3.74
8/24/2009,1.118,2.842,3.735
8/25/2009,1.098,2.799,3.699
8/26/2009,1.071,2.768,3.685
8/27/2009,1.059,2.771,3.691
8/28/2009,1.05,2.783,3.71
8/31/2009,1.043,2.812,3.729
9/1/2009,1.004,2.795,3.769
9/2/2009,1.013,2.804,3.784
9/3/2009,0.964,2.802,3.825
9/4/2009,0.948,2.8,3.801
9/7/2009,0.91,2.786,3.805
9/8/2009,0.907,2.783,3.844
9/9/2009,0.948,2.808,3.854
9/10/2009,0.895,2.724,3.781
9/11/2009,0.886,2.666,3.703
9/14/2009,0.917,2.699,3.725
9/15/2009,0.958,2.71,3.72
9/16/2009,0.95,2.732,3.731
9/17/2009,0.976,2.74,3.745
9/18/2009,0.975,2.749,3.751
9/21/2009,0.972,2.735,3.756
9/22/2009,0.96,2.729,3.757
9/23/2009,0.941,2.706,3.744
9/24/2009,0.885,2.615,3.676
9/25/2009,0.905,2.593,3.649
9/28/2009,0.906,2.596,3.647
9/29/2009,0.946,2.611,3.633
9/30/2009,0.956,2.641,3.667
10/1/2009,0.943,2.624,3.654
10/2/2009,0.93,2.603,3.613
10/5/2009,0.918,2.599,3.603
10/6/2009,0.939,2.627,3.629
10/7/2009,0.949,2.59,3.6
10/8/2009,0.979,2.596,3.59
10/9/2009,1.078,2.693,3.658
10/12/2009,1.034,2.669,3.629
10/13/2009,1.014,2.654,3.633
10/14/2009,1.052,2.707,3.69
10/15/2009,1.091,2.765,3.764
10/16/2009,1.094,2.776,3.734
10/19/2009,1.099,2.756,3.727
10/20/2009,1.061,2.686,3.654
10/21/2009,1.088,2.716,3.694
10/22/2009,1.02,2.689,3.672
10/23/2009,1.02,2.714,3.695
10/26/2009,1.02,2.721,3.69
10/27/2009,1.02,2.636,3.609
10/28/2009,1.02,2.611,3.591
10/29/2009,1.02,2.686,3.672
10/30/2009,1.02,2.61,3.58
11/2/2009,1.02,2.601,3.577
11/3/2009,1.02,2.605,3.603
11/4/2009,1.02,2.64,3.639
11/5/2009,1.02,2.652,3.661
11/6/2009,1.02,2.659,3.683
11/9/2009,1.02,2.607,3.637
11/10/2009,1.02,2.589,3.589
11/11/2009,1.02,2.594,3.602
11/12/2009,1.02,2.593,3.63
11/13/2009,1.02,2.593,3.66
11/16/2009,1.02,2.574,3.63
11/17/2009,1.02,2.553,3.583
11/18/2009,1.02,2.558,3.597
11/19/2009,1.02,2.573,3.606
11/20/2009,1.02,2.613,3.627
11/23/2009,1.02,2.638,3.634
11/24/2009,1.02,2.603,3.601
11/25/2009,1.02,2.609,3.594
11/26/2009,1.02,2.513,3.523
11/27/2009,1.02,2.525,3.538
11/30/2009,1.02,2.515,3.518
12/1/2009,1.02,2.497,3.5
12/2/2009,1.02,2.501,3.505
12/3/2009,1.02,2.539,3.518
12/4/2009,1.02,2.603,3.566
12/7/2009,1.02,2.554,3.512
12/8/2009,1.02,2.491,3.498
12/9/2009,1.02,2.498,3.507
12/10/2009,1.02,2.548,3.537
12/11/2009,1.02,2.551,3.549
12/14/2009,1.02,2.531,3.519
12/15/2009,1.02,2.591,3.603
12/16/2009,1.02,2.527,3.542
12/17/2009,1.02,2.476,3.498
12/18/2009,1.02,2.501,3.546
12/21/2009,1.02,2.544,3.611
12/22/2009,1.02,2.564,3.623
12/23/2009,1.02,2.585,3.645
12/24/2009,1.02,2.588,3.651
12/25/2009,1.02,2.586,3.651
12/28/2009,1.02,2.623,3.678
12/29/2009,1.02,2.646,3.689
12/30/2009,1.02,2.685,3.71
12/31/2009,1.02,2.688,3.717
1/1/2010,1.02,2.689,3.71
1/4/2010,1.02,2.681,3.714
1/5/2010,1.02,2.659,3.705
1/6/2010,1.739,2.94,3.875
1/7/2010,1.707,2.9,3.821
1/8/2010,1.672,2.886,3.805
1/11/2010,1.641,2.863,3.772
1/12/2010,1.607,2.84,3.745
1/13/2010,1.618,2.811,3.747
1/14/2010,1.632,2.808,3.761
1/15/2010,1.61,2.796,3.739
1/18/2010,1.627,2.789,3.726
1/19/2010,1.64,2.798,3.733
1/20/2010,1.603,2.736,3.692
1/21/2010,1.6,2.715,3.678
1/22/2010,1.594,2.718,3.688
1/25/2010,1.59,2.706,3.668
1/26/2010,1.573,2.682,3.654
1/27/2010,1.569,2.689,3.659
1/28/2010,1.576,2.709,3.683
1/29/2010,1.569,2.691,3.669
2/1/2010,1.573,2.677,3.654
2/2/2010,1.578,2.669,3.663
2/3/2010,1.582,2.681,3.697
2/4/2010,1.543,2.641,3.669
2/5/2010,1.559,2.61,3.662
2/8/2010,1.564,2.649,3.694
2/9/2010,1.569,2.625,3.639
2/10/2010,1.536,2.619,3.639
2/11/2010,1.474,2.623,3.64
2/12/2010,1.418,2.571,3.62
2/15/2010,1.427,2.582,3.642
2/16/2010,1.437,2.586,3.648
2/17/2010,1.409,2.577,3.635
2/18/2010,1.424,2.622,3.683
2/19/2010,1.437,2.655,3.712
2/22/2010,1.424,2.646,3.69
2/23/2010,1.358,2.542,3.591
2/24/2010,1.334,2.525,3.572
2/25/2010,1.3,2.522,3.568
2/26/2010,1.305,2.517,3.548
3/1/2010,1.27,2.494,3.535
3/2/2010,1.256,2.491,3.541
3/3/2010,1.265,2.505,3.561
3/4/2010,1.264,2.494,3.549
3/5/2010,1.288,2.527,3.575
3/8/2010,1.283,2.537,3.583
3/9/2010,1.273,2.491,3.539
3/10/2010,1.299,2.493,3.544
3/11/2010,1.324,2.522,3.557
3/12/2010,1.333,2.514,3.542
3/15/2010,1.308,2.493,3.525
3/16/2010,1.281,2.471,3.498
3/17/2010,1.242,2.44,3.485
3/18/2010,1.27,2.483,3.509
3/19/2010,1.28,2.492,3.494
3/22/2010,1.255,2.468,3.454
3/23/2010,1.229,2.454,3.434
3/24/2010,1.227,2.478,3.462
3/25/2010,1.233,2.519,3.527
3/26/2010,1.229,2.515,3.513
3/29/2010,1.204,2.49,3.494
3/30/2010,1.197,2.477,3.481
3/31/2010,1.182,2.456,3.461
4/1/2010,1.176,2.455,3.453
4/2/2010,1.178,2.452,3.451
4/5/2010,1.171,2.461,3.459
4/6/2010,1.212,2.519,3.521
4/7/2010,1.177,2.485,3.504
4/8/2010,1.145,2.458,3.491
4/9/2010,1.191,2.505,3.517
4/12/2010,1.204,2.506,3.497
4/13/2010,1.182,2.48,3.47
4/14/2010,1.16,2.457,3.462
4/15/2010,1.147,2.456,3.458
4/16/2010,1.101,2.4,3.426
4/19/2010,1.099,2.412,3.437
4/20/2010,1.113,2.431,3.453
4/21/2010,1.101,2.419,3.443
4/22/2010,1.098,2.438,3.452
4/23/2010,1.133,2.455,3.449
4/26/2010,1.116,2.452,3.453
4/27/2010,1.061,2.423,3.432
4/28/2010,1.067,2.427,3.456
4/29/2010,1.059,2.434,3.443
4/30/2010,1.03,2.389,3.384
5/3/2010,1.071,2.432,3.414
5/4/2010,0.965,2.309,3.325
5/5/2010,0.866,2.226,3.247
5/6/2010,0.812,2.151,3.235
5/7/2010,0.861,2.206,3.294
5/10/2010,0.901,2.264,3.372
5/11/2010,0.879,2.242,3.346
5/12/2010,0.873,2.229,3.341
5/13/2010,0.838,2.199,3.329
5/14/2010,0.784,2.11,3.259
5/17/2010,0.797,2.127,3.253
5/18/2010,0.774,2.078,3.191
5/19/2010,0.696,2.02,3.112
5/20/2010,0.655,1.939,3.026
5/21/2010,0.681,1.949,3.008
5/24/2010,0.687,1.939,2.999
5/25/2010,0.647,1.867,2.937
5/26/2010,0.67,1.926,3.004
5/27/2010,0.708,1.998,3.053
5/28/2010,0.699,1.993,3.03
5/31/2010,0.705,1.981,3.011
6/1/2010,0.7,1.992,3.066
6/2/2010,0.727,2.013,3.077
6/3/2010,0.748,2.045,3.152
6/4/2010,0.85,2.119,3.258
6/7/2010,0.953,2.266,3.415
6/8/2010,0.961,2.245,3.351
6/9/2010,0.835,2.16,3.296
6/10/2010,0.796,2.088,3.225
6/11/2010,0.748,2.004,3.097
6/14/2010,0.778,2.075,3.163
6/15/2010,0.835,2.099,3.192
6/16/2010,0.827,2.117,3.188
6/17/2010,0.844,2.115,3.155
6/18/2010,0.866,2.154,3.195
6/21/2010,0.883,2.174,3.188
6/22/2010,0.835,2.121,3.139
6/23/2010,0.847,2.106,3.139
6/24/2010,0.787,2.023,3.09
6/25/2010,0.834,2.054,3.118
6/28/2010,0.862,2.055,3.124
6/29/2010,0.839,2.044,3.134
6/30/2010,0.862,2.066,3.16
7/1/2010,0.926,2.05,3.123
7/2/2010,0.913,2.009,3.107
7/5/2010,0.822,1.93,3.032
7/6/2010,0.804,1.965,2.999
7/7/2010,0.816,1.977,3.023
7/8/2010,0.83,1.989,3.029
7/9/2010,0.878,1.987,3.016
7/12/2010,0.812,1.933,2.974
7/13/2010,0.852,1.97,3.014
7/14/2010,0.915,2.011,3.034
7/15/2010,0.923,2.022,3.025
7/16/2010,0.898,1.976,2.97
7/19/2010,0.96,2.06,3.024
7/20/2010,0.916,2.035,3.002
7/21/2010,0.868,2.013,3.005
7/22/2010,0.853,2.023,3.037
7/23/2010,0.902,2.077,3.061
7/26/2010,0.937,2.131,3.11
7/27/2010,0.986,2.14,3.104
7/28/2010,0.966,2.106,3.1
7/29/2010,0.969,2.085,3.095
7/30/2010,0.984,2.068,3.076
8/2/2010,0.974,2.101,3.097
8/3/2010,0.921,2.005,2.989
8/4/2010,0.938,2,2.991
8/5/2010,0.934,1.958,2.933
8/6/2010,0.91,1.916,2.869
8/9/2010,0.909,1.902,2.873
8/10/2010,0.9,1.893,2.891
8/11/2010,0.848,1.795,2.803
8/12/2010,0.825,1.794,2.793
8/13/2010,0.825,1.784,2.776
8/16/2010,0.829,1.755,2.725
8/17/2010,0.855,1.789,2.758
8/18/2010,0.842,1.744,2.718
8/19/2010,0.841,1.736,2.685
8/20/2010,0.799,1.712,2.656
8/23/2010,0.785,1.716,2.671
8/24/2010,0.757,1.644,2.588
8/25/2010,0.782,1.653,2.571
8/26/2010,0.782,1.657,2.574
8/27/2010,0.81,1.706,2.6
8/30/2010,0.783,1.647,2.551
8/31/2010,0.767,1.633,2.539
9/1/2010,0.785,1.698,2.64
9/2/2010,0.778,1.718,2.668
9/3/2010,0.799,1.755,2.744
9/6/2010,0.81,1.735,2.752
9/7/2010,0.789,1.661,2.679
9/8/2010,0.81,1.711,2.683
9/9/2010,0.869,1.766,2.697
9/10/2010,0.918,1.83,2.761
9/13/2010,0.91,1.84,2.794
9/14/2010,0.905,1.821,2.786
9/15/2010,0.942,1.89,2.85
9/16/2010,0.988,1.957,2.937
9/17/2010,0.966,1.929,2.897
9/20/2010,0.993,1.961,2.95
9/21/2010,0.975,1.944,2.923
9/22/2010,0.932,1.844,2.824
9/23/2010,0.879,1.778,2.78
9/24/2010,0.918,1.824,2.824
9/27/2010,0.911,1.768,2.755
9/28/2010,0.929,1.785,2.762
9/29/2010,0.982,1.826,2.779
9/30/2010,1.04,1.861,2.804
10/1/2010,1.042,1.875,2.801
10/4/2010,1.037,1.831,2.768
10/5/2010,1.021,1.815,2.749
10/6/2010,0.98,1.755,2.692
10/7/2010,0.999,1.783,2.732
10/8/2010,0.988,1.759,2.711
10/11/2010,0.985,1.775,2.706
10/12/2010,0.956,1.733,2.673
10/13/2010,0.948,1.751,2.713
10/14/2010,0.967,1.755,2.722
10/15/2010,0.983,1.793,2.776
10/18/2010,1.041,1.834,2.791
10/19/2010,1.037,1.863,2.813
10/20/2010,1.076,1.911,2.839
10/21/2010,1.11,1.961,2.881
10/22/2010,1.123,1.964,2.875
10/25/2010,1.09,1.923,2.843
10/26/2010,1.148,1.973,2.884
10/27/2010,1.16,1.999,2.945
10/28/2010,1.175,2.007,2.945
10/29/2010,1.152,1.996,2.927
11/1/2010,1.146,1.98,2.892
11/2/2010,1.168,1.995,2.897
11/3/2010,1.144,1.925,2.848
11/4/2010,1.121,1.875,2.841
11/5/2010,1.123,1.886,2.884
11/8/2010,1.139,1.879,2.869
11/9/2010,1.149,1.896,2.868
11/10/2010,1.146,1.887,2.895
11/11/2010,1.132,1.866,2.894
11/12/2010,1.196,1.958,2.952
11/15/2010,1.192,1.994,2.98
11/16/2010,1.179,2.035,3.038
11/17/2010,1.153,2.035,3.018
11/18/2010,1.202,2.131,3.116
11/19/2010,1.193,2.1,3.094
11/22/2010,1.123,2.028,3.047
11/23/2010,1.024,1.941,2.987
11/24/2010,1.078,2.037,3.108
11/25/2010,1.102,2.113,3.16
11/26/2010,1.102,2.092,3.174
11/29/2010,1.11,2.138,3.232
11/30/2010,1.123,2.11,3.202
12/1/2010,1.141,2.186,3.26
12/2/2010,1.076,2.187,3.253
12/3/2010,1.04,2.179,3.289
12/6/2010,1.001,2.119,3.291
12/7/2010,1.046,2.206,3.37
12/8/2010,1.127,2.326,3.405
12/9/2010,1.167,2.306,3.338
12/10/2010,1.208,2.33,3.361
12/13/2010,1.175,2.334,3.387
12/14/2010,1.187,2.401,3.446
12/15/2010,1.177,2.392,3.444
12/16/2010,1.186,2.423,3.471
12/17/2010,1.17,2.384,3.431
12/20/2010,1.144,2.309,3.366
12/21/2010,1.144,2.325,3.37
12/22/2010,1.065,2.249,3.331
12/23/2010,1.475,2.642,3.496
12/24/2010,1.469,2.639,3.499
12/27/2010,1.49,2.685,3.541
12/28/2010,1.416,2.632,3.501
12/29/2010,1.421,2.663,3.553
12/30/2010,1.389,2.612,3.512
12/31/2010,1.371,2.597,3.507
1/3/2011,1.334,2.575,3.48
1/4/2011,1.327,2.561,3.436
1/5/2011,1.381,2.601,3.475
1/6/2011,1.359,2.601,3.488
1/7/2011,1.328,2.569,3.471
1/10/2011,1.338,2.565,3.464
1/11/2011,1.353,2.597,3.498
1/12/2011,1.418,2.66,3.563
1/13/2011,1.455,2.653,3.508
1/14/2011,1.522,2.682,3.504
1/17/2011,1.505,2.682,3.519
1/18/2011,1.559,2.757,3.574
1/19/2011,1.526,2.731,3.536
1/20/2011,1.607,2.784,3.579
1/21/2011,1.64,2.792,3.566
1/24/2011,1.64,2.777,3.544
1/25/2011,1.69,2.817,3.563
1/26/2011,1.756,2.878,3.614
1/27/2011,1.803,2.93,3.643
1/28/2011,1.815,2.916,3.613
1/31/2011,1.8,2.893,3.594
2/1/2011,1.819,2.894,3.61
2/2/2011,1.88,2.913,3.631
2/3/2011,1.777,2.852,3.63
2/4/2011,1.862,2.93,3.685
2/7/2011,1.822,2.906,3.688
2/8/2011,1.866,2.935,3.693
2/9/2011,1.9,2.982,3.745
2/10/2011,1.886,2.969,3.732
2/11/2011,1.854,2.934,3.72
2/14/2011,1.859,2.932,3.722
2/15/2011,1.885,2.928,3.731
2/16/2011,1.845,2.87,3.671
2/17/2011,1.774,2.805,3.635
2/18/2011,1.847,2.867,3.681
2/21/2011,1.819,2.816,3.623
2/22/2011,1.86,2.817,3.608
2/23/2011,1.879,2.82,3.592
2/24/2011,1.861,2.816,3.597
2/25/2011,1.862,2.825,3.603
2/28/2011,1.852,2.854,3.629
3/1/2011,1.856,2.85,3.611
3/2/2011,1.87,2.872,3.638
3/3/2011,2.089,3.048,3.752
3/4/2011,2.071,3.023,3.71
3/7/2011,2.077,3.042,3.709
3/8/2011,2.077,3.056,3.74
3/9/2011,2.086,3.051,3.733
3/10/2011,2.027,2.995,3.678
3/11/2011,1.972,2.939,3.628
3/14/2011,1.951,2.943,3.634
3/15/2011,1.838,2.831,3.545
3/16/2011,1.769,2.753,3.488
3/17/2011,1.889,2.872,3.576
3/18/2011,1.933,2.89,3.585
3/21/2011,2.025,2.951,3.624
3/22/2011,2.021,2.974,3.66
3/23/2011,2.021,2.969,3.657
3/24/2011,2.014,2.973,3.677
3/25/2011,2.048,2.996,3.691
3/28/2011,2.079,3.035,3.728
3/29/2011,2.098,3.08,3.763
3/30/2011,2.08,3.078,3.77
3/31/2011,2.112,3.12,3.798
4/1/2011,2.156,3.162,3.819
4/4/2011,2.144,3.134,3.793
4/5/2011,2.166,3.15,3.802
4/6/2011,2.153,3.158,3.822
4/7/2011,2.139,3.146,3.798
4/8/2011,2.223,3.208,3.854
4/11/2011,2.216,3.21,3.855
4/12/2011,2.157,3.143,3.807
4/13/2011,2.191,3.165,3.812
4/14/2011,2.201,3.178,3.809
4/15/2011,2.196,3.161,3.784
4/18/2011,2.092,3.033,3.676
4/19/2011,2.148,3.069,3.68
4/20/2011,2.186,3.112,3.705
4/21/2011,2.123,3.078,3.69
4/22/2011,2.122,3.078,3.69
4/25/2011,2.122,3.078,3.69
4/26/2011,2.114,3.063,3.679
4/27/2011,2.169,3.123,3.716
4/28/2011,2.128,3.048,3.628
4/29/2011,2.118,3.03,3.612
5/2/2011,2.152,3.047,3.618
5/3/2011,2.197,3.089,3.645
5/4/2011,2.244,3.121,3.663
5/5/2011,2.098,3.004,3.585
5/6/2011,2.106,2.986,3.55
5/9/2011,2.043,2.922,3.494
5/10/2011,2.061,2.938,3.518
5/11/2011,2.064,2.948,3.547
5/12/2011,2.035,2.912,3.52
5/13/2011,2.035,2.892,3.486
5/16/2011,2.057,2.918,3.527
5/17/2011,2.024,2.898,3.5
5/18/2011,2.061,2.932,3.529
5/19/2011,2.076,2.946,3.549
5/20/2011,2.014,2.876,3.494
5/23/2011,1.964,2.832,3.46
5/24/2011,1.973,2.855,3.505
5/25/2011,1.913,2.804,3.466
5/26/2011,1.875,2.757,3.424
5/27/2011,1.817,2.725,3.408
5/30/2011,1.834,2.727,3.409
5/31/2011,1.841,2.746,3.44
6/1/2011,1.837,2.717,3.394
6/2/2011,1.836,2.714,3.376
6/3/2011,1.895,2.773,3.415
6/6/2011,1.891,2.764,3.4
6/7/2011,1.933,2.814,3.461
6/8/2011,1.897,2.773,3.447
6/9/2011,1.859,2.737,3.427
6/10/2011,1.787,2.669,3.37
6/13/2011,1.795,2.678,3.377
6/14/2011,1.817,2.722,3.415
6/15/2011,1.769,2.677,3.416
6/16/2011,1.74,2.673,3.429
6/17/2011,1.774,2.699,3.445
6/20/2011,1.786,2.717,3.458
6/21/2011,1.812,2.74,3.485
6/22/2011,1.755,2.689,3.43
6/23/2011,1.651,2.593,3.38
6/24/2011,1.653,2.592,3.363
6/27/2011,1.69,2.638,3.42
6/28/2011,1.756,2.691,3.43
6/29/2011,1.798,2.755,3.468
6/30/2011,1.839,2.798,3.491
7/1/2011,1.879,2.813,3.503
7/4/2011,1.875,2.795,3.486
7/5/2011,1.842,2.779,3.475
7/6/2011,1.809,2.722,3.471
7/7/2011,1.805,2.755,3.482
7/8/2011,1.697,2.626,3.39
7/11/2011,1.582,2.517,3.325
7/12/2011,1.621,2.577,3.347
7/13/2011,1.603,2.598,3.377
7/14/2011,1.568,2.568,3.342
7/15/2011,1.534,2.52,3.285
7/18/2011,1.52,2.501,3.256
7/19/2011,1.53,2.513,3.262
7/20/2011,1.571,2.561,3.314
7/21/2011,1.666,2.664,3.389
7/22/2011,1.61,2.59,3.338
7/25/2011,1.577,2.555,3.31
7/26/2011,1.561,2.522,3.282
7/27/2011,1.503,2.432,3.196
7/28/2011,1.495,2.434,3.187
7/29/2011,1.428,2.354,3.115
8/1/2011,1.383,2.275,3.057
8/2/2011,1.353,2.243,3.033
8/3/2011,1.351,2.286,3.066
8/4/2011,1.174,2.17,2.998
8/5/2011,1.133,2.188,3.001
8/8/2011,1.043,2.086,2.886
8/9/2011,1.077,2.162,2.961
8/10/2011,0.861,1.947,2.791
8/11/2011,0.937,2.023,2.827
8/12/2011,0.949,2.002,2.823
8/15/2011,0.968,1.97,2.808
8/16/2011,1.004,1.991,2.831
8/17/2011,0.962,1.906,2.75
8/18/2011,0.897,1.826,2.655
8/19/2011,0.935,1.855,2.67
8/22/2011,0.951,1.864,2.684
8/23/2011,0.967,1.875,2.694
8/24/2011,1.03,1.941,2.77
8/25/2011,0.987,1.904,2.771
8/26/2011,0.994,1.887,2.73
8/29/2011,1.078,1.976,2.806
8/30/2011,1.004,1.903,2.761
8/31/2011,1.07,2.008,2.845
9/1/2011,1.017,1.975,2.805
9/2/2011,0.923,1.866,2.725
9/5/2011,0.849,1.809,2.652
9/6/2011,0.866,1.828,2.665
9/7/2011,0.856,1.824,2.677
9/8/2011,0.777,1.767,2.605
9/9/2011,0.719,1.673,2.524
9/12/2011,0.789,1.723,2.532
9/13/2011,0.906,1.805,2.566
9/14/2011,0.957,1.898,2.664
9/15/2011,1.011,1.96,2.7
9/16/2011,0.921,1.822,2.567
9/19/2011,0.895,1.804,2.568
9/20/2011,0.889,1.792,2.552
9/21/2011,0.879,1.823,2.557
9/22/2011,0.928,1.794,2.513
9/23/2011,0.977,1.817,2.559
9/26/2011,0.983,1.872,2.656
9/27/2011,1.048,1.945,2.788
9/28/2011,1.065,1.98,2.77
9/29/2011,1.033,1.952,2.745
9/30/2011,0.992,1.871,2.661
10/3/2011,0.948,1.841,2.629
10/4/2011,0.928,1.805,2.596
10/5/2011,0.919,1.849,2.649
10/6/2011,1.043,1.961,2.752
10/7/2011,1.026,1.98,2.796
10/10/2011,1.044,2.026,2.875
10/11/2011,1.04,2.024,2.887
10/12/2011,1.067,2.103,2.984
10/13/2011,1.012,2.041,2.939
10/14/2011,1.039,2.115,3.067
10/17/2011,0.986,2.047,2.985
10/18/2011,1.056,2.068,3.011
10/19/2011,1.155,2.139,3.07
10/20/2011,1.105,2.098,2.981
10/21/2011,1.113,2.151,3.056
10/24/2011,1.119,2.171,3.075
10/25/2011,1.017,2.057,2.988
10/26/2011,0.95,1.971,2.916
10/27/2011,1.052,2.063,3.032
10/28/2011,1.016,2.041,3.027
10/31/2011,0.99,1.967,2.96
11/1/2011,0.903,1.845,2.794
11/2/2011,0.921,1.935,2.899
11/3/2011,0.833,1.947,2.954
11/4/2011,0.887,1.951,2.941
11/7/2011,0.94,1.969,2.994
11/8/2011,0.908,2.007,2.97
11/9/2011,1.04,2.117,3.047
11/10/2011,1.351,2.425,3.311
11/11/2011,1.429,2.468,3.337
11/14/2011,1.402,2.488,3.386
11/15/2011,1.688,2.777,3.588
11/16/2011,1.756,2.821,3.59
11/17/2011,1.714,2.838,3.542
11/18/2011,1.573,2.712,3.361
11/21/2011,1.526,2.684,3.348
11/22/2011,1.607,2.798,3.46
11/23/2011,1.784,3.136,3.699
11/24/2011,1.833,3.152,3.721
11/25/2011,1.876,3.237,3.806
11/28/2011,1.781,3.042,3.679
11/29/2011,1.727,2.896,3.612
11/30/2011,1.444,2.515,3.451
12/1/2011,1.117,2.309,3.21
12/2/2011,1.121,2.291,3.22
12/5/2011,1.043,2.159,3.119
12/6/2011,1.087,2.257,3.177
12/7/2011,1.054,2.273,3.177
12/8/2011,1.033,2.296,3.192
12/9/2011,1.072,2.266,3.19
12/12/2011,1.006,2.227,3.13
12/13/2011,1.058,2.202,3.108
12/14/2011,0.984,2.132,3.004
12/15/2011,0.863,2.006,2.899
12/16/2011,0.803,1.947,2.851
12/19/2011,0.861,1.996,2.926
12/20/2011,0.99,2.288,2.999
12/21/2011,1.015,2.295,2.977
12/22/2011,1.011,2.338,2.971
12/23/2011,0.987,2.326,2.978
12/26/2011,0.987,2.326,2.978
12/27/2011,0.884,2.273,2.94
12/28/2011,0.917,2.212,2.879
12/29/2011,0.82,2.14,2.841
12/30/2011,0.901,2.137,2.872
1/2/2012,0.934,2.315,2.992
1/3/2012,0.946,2.359,3.079
1/4/2012,0.959,2.523,3.213
1/5/2012,1.133,2.628,3.329
1/6/2012,1.256,2.786,3.397
1/9/2012,1.116,2.639,3.244
1/10/2012,1.006,2.564,3.182
1/11/2012,0.919,2.392,3.049
1/12/2012,0.829,2.213,2.949
1/13/2012,0.747,2.321,3.025
1/16/2012,0.771,2.178,2.98
1/17/2012,0.793,2.238,3.005
1/18/2012,0.83,2.266,3.095
1/19/2012,0.82,2.262,3.106
1/20/2012,0.717,2.203,3.085
1/23/2012,0.734,2.184,3.087
1/24/2012,0.8,2.203,3.123
1/25/2012,0.729,2.189,3.093
1/26/2012,0.696,2.115,3.009
1/27/2012,0.752,2.038,2.916
1/30/2012,0.725,1.996,2.897
1/31/2012,0.722,2.024,2.889
2/1/2012,0.665,2.02,3.041
2/2/2012,0.624,1.875,2.943
2/3/2012,0.587,1.849,2.947
2/6/2012,0.569,1.842,2.931
2/7/2012,0.604,1.875,2.948
2/8/2012,0.579,1.881,2.955
2/9/2012,0.607,1.846,2.928
2/10/2012,0.641,1.835,2.909
2/13/2012,0.751,1.808,2.883
2/14/2012,0.758,1.855,2.916
2/15/2012,0.773,1.849,2.961
2/16/2012,0.825,1.902,2.972
2/17/2012,0.824,1.923,3.007
2/20/2012,0.832,1.913,2.988
2/21/2012,0.838,1.934,2.984
2/22/2012,0.803,1.89,2.949
2/23/2012,0.785,1.855,2.922
2/24/2012,0.766,1.837,2.923
2/27/2012,0.744,1.843,2.928
2/28/2012,0.781,1.842,2.952
2/29/2012,0.765,1.799,2.919
3/1/2012,0.749,1.748,2.848
3/2/2012,0.69,1.692,2.806
3/5/2012,0.716,1.718,2.832
3/6/2012,0.745,1.749,2.843
3/7/2012,0.709,1.734,2.821
3/8/2012,0.705,1.692,2.796
3/9/2012,0.696,1.67,2.782
3/12/2012,0.697,1.68,2.784
3/13/2012,0.692,1.682,2.777
3/14/2012,0.726,1.707,2.796
3/15/2012,0.753,1.743,2.827
3/16/2012,0.782,1.78,2.896
3/19/2012,0.783,1.782,2.881
3/20/2012,0.778,1.786,2.895
3/21/2012,0.767,1.776,2.887
3/22/2012,0.771,1.782,2.879
3/23/2012,0.711,1.749,2.824
3/26/2012,0.69,1.729,2.805
3/27/2012,0.68,1.724,2.822
3/28/2012,0.658,1.71,2.828
3/29/2012,0.682,1.711,2.813
3/30/2012,0.613,1.635,2.735
4/2/2012,0.601,1.632,2.742
4/3/2012,0.616,1.634,2.747
4/4/2012,0.614,1.659,2.769
4/5/2012,0.622,1.72,2.816
4/6/2012,0.622,1.72,2.816
4/9/2012,0.622,1.72,2.816
4/10/2012,0.642,1.742,2.832
4/11/2012,0.629,1.696,2.808
4/12/2012,0.582,1.623,2.771
4/13/2012,0.612,1.67,2.788
4/16/2012,0.654,1.708,2.849
4/17/2012,0.627,1.699,2.826
4/18/2012,0.634,1.683,2.799
4/19/2012,0.674,1.729,2.84
4/20/2012,0.691,1.752,2.841
4/23/2012,0.752,1.77,2.844
4/24/2012,0.683,1.714,2.796
4/25/2012,0.641,1.664,2.764
4/26/2012,0.622,1.625,2.715
4/27/2012,0.617,1.621,2.708
4/30/2012,0.589,1.549,2.656
5/1/2012,0.617,1.566,2.656
5/2/2012,0.574,1.554,2.647
5/3/2012,0.52,1.488,2.603
5/4/2012,0.506,1.494,2.601
5/7/2012,0.474,1.47,2.581
5/8/2012,0.483,1.437,2.557
5/9/2012,0.516,1.497,2.594
5/10/2012,0.498,1.444,2.545
5/11/2012,0.477,1.39,2.502
5/14/2012,0.51,1.412,2.496
5/15/2012,0.525,1.436,2.51
5/16/2012,0.514,1.434,2.523
5/17/2012,0.494,1.418,2.488
5/18/2012,0.541,1.455,2.484
5/21/2012,0.526,1.468,2.5
5/22/2012,0.48,1.412,2.453
5/23/2012,0.457,1.367,2.411
5/24/2012,0.384,1.246,2.263
5/25/2012,0.379,1.223,2.235
5/28/2012,0.368,1.254,2.247
5/29/2012,0.377,1.251,2.263
5/30/2012,0.408,1.255,2.215
5/31/2012,0.362,1.156,2.094
6/1/2012,0.332,1.056,1.971
6/4/2012,0.354,1.088,2.001
6/5/2012,0.37,1.085,2.029
6/6/2012,0.431,1.133,2.075
6/7/2012,0.444,1.24,2.222
6/8/2012,0.376,1.225,2.206
6/11/2012,0.434,1.255,2.249
6/12/2012,0.49,1.361,2.367
6/13/2012,0.507,1.376,2.391
6/14/2012,0.461,1.321,2.332
6/15/2012,0.385,1.243,2.228
6/18/2012,0.424,1.272,2.263
6/19/2012,0.432,1.325,2.297
6/20/2012,0.446,1.33,2.334
6/21/2012,0.427,1.308,2.326
6/22/2012,0.423,1.245,2.31
6/25/2012,0.423,1.264,2.311
6/26/2012,0.411,1.273,2.368
6/27/2012,0.427,1.266,2.376
6/28/2012,0.409,1.275,2.378
6/29/2012,0.395,1.26,2.401
7/2/2012,0.365,1.177,2.332
7/3/2012,0.309,1.111,2.288
7/4/2012,0.284,1.099,2.267
7/5/2012,0.203,1.007,2.203
7/6/2012,0.131,0.815,2.064
7/9/2012,0.161,0.874,2.142
7/10/2012,0.093,0.837,2.108
7/11/2012,0.065,0.783,2.053
7/12/2012,0.036,0.748,2.015
7/13/2012,-0.008,0.715,1.993
7/16/2012,-0.025,0.643,1.915
7/17/2012,0.018,0.615,1.866
7/18/2012,0.03,0.67,1.866
7/19/2012,0.033,0.653,1.85
7/20/2012,0.043,0.683,1.872
7/23/2012,0.127,0.777,1.926
7/24/2012,0.153,0.847,2.036
7/25/2012,0.18,0.874,2.056
7/26/2012,0.103,0.794,1.996
7/27/2012,0.079,0.773,2.004
7/30/2012,0.016,0.691,1.968
7/31/2012,0.005,0.637,1.866
8/1/2012,0.011,0.661,1.886
8/2/2012,0.023,0.64,1.858
8/3/2012,0.062,0.697,1.929
8/6/2012,0.04,0.679,1.917
8/7/2012,0.07,0.714,1.962
8/8/2012,0.052,0.672,1.927
8/9/2012,0.055,0.675,1.935
8/10/2012,0.055,0.645,1.905
8/13/2012,0.052,0.675,1.928
8/14/2012,0.043,0.671,1.928
8/15/2012,0.044,0.709,1.973
8/16/2012,0.05,0.733,1.972
8/17/2012,0.058,0.736,1.96
8/20/2012,0.06,0.756,1.982
8/21/2012,0.067,0.78,2.007
8/22/2012,0.059,0.946,2.114
8/23/2012,0.04,0.865,2.035
8/24/2012,0.043,0.837,2.01
8/27/2012,0.051,0.849,2.015
8/28/2012,0.074,0.878,2.021
8/29/2012,0.086,0.904,2.059
8/30/2012,0.074,0.884,2.037
8/31/2012,0.042,0.889,2.021
9/3/2012,0.056,0.905,2.042
9/4/2012,0.039,0.882,2.039
9/5/2012,0.031,0.886,2.046
9/6/2012,0.061,0.914,2.086
9/7/2012,0.096,0.912,2.074
9/10/2012,0.115,0.945,2.125
9/11/2012,0.095,0.892,2.054
9/12/2012,0.118,0.923,2.09
9/13/2012,0.12,0.898,2.06
9/14/2012,0.152,0.982,2.152
9/17/2012,0.144,0.999,2.167
9/18/2012,0.141,0.955,2.133
9/19/2012,0.129,0.952,2.137
9/20/2012,0.124,0.94,2.13
9/21/2012,0.118,0.93,2.125
9/24/2012,0.116,0.906,2.121
9/25/2012,0.119,0.904,2.114
9/26/2012,0.101,0.837,2.041
9/27/2012,0.093,0.842,2.045
9/28/2012,0.098,0.82,2.015
10/1/2012,0.104,0.838,2.034
10/2/2012,0.102,0.835,2.025
10/3/2012,0.095,0.826,2.019
10/4/2012,0.092,0.831,2.019
10/5/2012,0.104,0.847,2.045
10/8/2012,0.097,0.833,2.031
10/9/2012,0.08,0.818,2.001
10/10/2012,0.086,0.813,1.986
10/11/2012,0.093,0.823,1.98
10/12/2012,0.087,0.779,1.948
10/15/2012,0.087,0.788,1.941
10/16/2012,0.105,0.829,1.996
10/17/2012,0.119,0.868,2.042
10/18/2012,0.132,0.883,2.031
10/19/2012,0.133,0.87,2.014
10/22/2012,0.146,0.886,2.033
10/23/2012,0.145,0.871,2.025
10/24/2012,0.113,0.848,2.015
10/25/2012,0.11,0.851,2.032
10/26/2012,0.094,0.815,2.006
10/29/2012,0.098,0.806,1.988
10/30/2012,0.094,0.805,1.989
10/31/2012,0.101,0.81,1.978
11/1/2012,0.085,0.79,1.955
11/2/2012,0.077,0.777,1.95
11/5/2012,0.068,0.761,1.929
11/6/2012,0.06,0.739,1.885
11/7/2012,0.03,0.703,1.86
11/8/2012,0.025,0.686,1.841
11/9/2012,0.014,0.663,1.805
11/12/2012,0.013,0.652,1.782
11/13/2012,0.009,0.64,1.752
11/14/2012,0.019,0.664,1.781
11/15/2012,0.021,0.652,1.769
11/16/2012,0.014,0.651,1.772
11/19/2012,0.024,0.656,1.778
11/20/2012,0.037,0.71,1.838
11/21/2012,0.037,0.728,1.86
11/22/2012,0.033,0.725,1.856
11/23/2012,0.035,0.702,1.844
11/26/2012,0.028,0.686,1.826
11/27/2012,0.039,0.681,1.805
11/28/2012,0.015,0.634,1.737
11/29/2012,0.038,0.636,1.733
11/30/2012,0.046,0.636,1.745
12/3/2012,0.046,0.664,1.759
12/4/2012,0.061,0.662,1.758
12/5/2012,0.047,0.632,1.733
12/6/2012,0.027,0.62,1.722
12/7/2012,-0.016,0.559,1.695
12/10/2012,-0.004,0.552,1.7
12/11/2012,0.009,0.547,1.707
12/12/2012,0.013,0.546,1.719
12/13/2012,0.027,0.544,1.742
12/14/2012,0.024,0.549,1.728
12/17/2012,0.034,0.577,1.76
12/18/2012,0.049,0.61,1.807
12/19/2012,0.05,0.594,1.773
12/20/2012,0.047,0.576,1.758
12/21/2012,0.047,0.564,1.745
12/24/2012,0.047,0.558,1.743
12/25/2012,0.047,0.558,1.743
12/26/2012,0.047,0.558,1.743
12/27/2012,0.048,0.559,1.731
12/28/2012,0.041,0.556,1.736
12/31/2012,0.035,0.557,1.733
1/1/2013,0.035,0.557,1.733
1/2/2013,0.07,0.628,1.835
1/3/2013,0.103,0.8,1.873
1/4/2013,0.133,0.849,1.911
1/7/2013,0.134,0.824,1.874
1/8/2013,0.122,0.797,1.853
1/9/2013,0.116,0.758,1.826
1/10/2013,0.141,0.798,1.866
1/11/2013,0.15,0.828,1.883
1/14/2013,0.154,0.84,1.877
1/15/2013,0.145,0.835,1.86
1/16/2013,0.136,0.826,1.863
1/17/2013,0.197,0.889,1.921
1/18/2013,0.179,0.863,1.872
1/21/2013,0.206,0.885,1.908
1/22/2013,0.18,0.859,1.88
1/23/2013,0.174,0.83,1.853
1/24/2013,0.19,0.841,1.876
1/25/2013,0.253,0.965,1.933
1/28/2013,0.3,1.039,1.978
1/29/2013,0.274,1.019,1.974
1/30/2013,0.302,1.045,2.014
1/31/2013,0.283,1.004,1.978
2/1/2013,0.259,0.966,1.97
2/4/2013,0.228,0.937,1.933
2/5/2013,0.252,0.969,1.965
2/6/2013,0.251,0.967,1.965
2/7/2013,0.199,0.885,1.934
2/8/2013,0.195,0.875,1.927
2/11/2013,0.202,0.893,1.933
2/12/2013,0.215,0.919,1.958
2/13/2013,0.223,0.95,1.993
2/14/2013,0.192,0.917,1.971
2/15/2013,0.195,0.929,1.979
2/18/2013,0.19,0.927,1.96
2/19/2013,0.181,0.914,1.951
2/20/2013,0.193,0.934,1.969
2/21/2013,0.165,0.88,1.911
2/22/2013,0.133,0.851,1.906
2/25/2013,0.116,0.832,1.898
2/26/2013,0.078,0.771,1.831
2/27/2013,0.069,0.755,1.811
2/28/2013,0.052,0.734,1.813
3/1/2013,0.051,0.684,1.75
3/4/2013,0.065,0.664,1.733
3/5/2013,0.074,0.694,1.757
3/6/2013,0.064,0.691,1.749
3/7/2013,0.088,0.729,1.76
3/8/2013,0.102,0.728,1.75
3/11/2013,0.109,0.737,1.763
3/12/2013,0.111,0.726,1.752
3/13/2013,0.112,0.722,1.752
3/14/2013,0.121,0.716,1.748
3/15/2013,0.109,0.698,1.725
3/18/2013,0.092,0.661,1.692
3/19/2013,0.1,0.65,1.663
3/20/2013,0.112,0.674,1.687
3/21/2013,0.108,0.66,1.654
3/22/2013,0.109,0.677,1.675
3/25/2013,0.103,0.668,1.657
3/26/2013,0.099,0.694,1.691
3/27/2013,0.088,0.675,1.659
3/28/2013,0.105,0.718,1.689
3/29/2013,0.105,0.718,1.689
4/1/2013,0.105,0.718,1.689
4/2/2013,0.094,0.708,1.683
4/3/2013,0.082,0.668,1.665
4/4/2013,0.056,0.595,1.58
4/5/2013,0.06,0.545,1.475
4/8/2013,0.066,0.566,1.497
4/9/2013,0.078,0.634,1.576
4/10/2013,0.088,0.697,1.657
4/11/2013,0.077,0.67,1.63
4/12/2013,0.063,0.637,1.586
4/15/2013,0.059,0.628,1.577
4/16/2013,0.066,0.634,1.593
4/17/2013,0.137,0.583,1.707
4/18/2013,0.141,0.573,1.704
4/19/2013,0.138,0.582,1.712
4/22/2013,0.121,0.546,1.671
4/23/2013,0.124,0.54,1.671
4/24/2013,0.11,0.524,1.659
4/25/2013,0.119,0.538,1.661
4/26/2013,0.106,0.52,1.642
4/29/2013,0.095,0.519,1.638
4/30/2013,0.083,0.527,1.63
5/1/2013,0.091,0.524,1.63
5/2/2013,0.059,0.489,1.588
5/3/2013,0.083,0.521,1.643
5/6/2013,0.087,0.513,1.64
5/7/2013,0.109,0.556,1.669
5/8/2013,0.097,0.536,1.647
5/9/2013,0.097,0.556,1.667
5/10/2013,0.14,0.644,1.773
5/13/2013,0.124,0.615,1.758
5/14/2013,0.13,0.612,1.767
5/15/2013,0.122,0.605,1.76
5/16/2013,0.1,0.559,1.705
5/17/2013,0.081,0.54,1.686
5/20/2013,0.101,0.575,1.714
5/21/2013,0.109,0.599,1.742
5/22/2013,0.088,0.586,1.75
5/23/2013,0.11,0.606,1.775
5/24/2013,0.107,0.606,1.775
5/27/2013,0.122,0.646,1.808
5/28/2013,0.138,0.661,1.851
5/29/2013,0.18,0.716,1.905
5/30/2013,0.187,0.729,1.924
5/31/2013,0.166,0.699,1.896
6/3/2013,0.177,0.74,1.917
6/4/2013,0.18,0.739,1.909
6/5/2013,0.179,0.721,1.885
6/6/2013,0.212,0.758,1.913
6/7/2013,0.266,0.812,1.939
6/10/2013,0.296,0.873,2.001
6/11/2013,0.328,0.902,2.031
6/12/2013,0.283,0.866,2.008
6/13/2013,0.267,0.823,1.976
6/14/2013,0.242,0.764,1.912
6/17/2013,0.237,0.755,1.906
6/18/2013,0.273,0.805,1.952
6/19/2013,0.272,0.8,1.934
6/20/2013,0.365,0.98,2.079
6/21/2013,0.389,1.047,2.138
6/24/2013,0.431,1.173,2.286
6/25/2013,0.41,1.154,2.287
6/26/2013,0.355,1.054,2.208
6/27/2013,0.328,1.006,2.145
6/28/2013,0.321,0.993,2.155
7/1/2013,0.299,0.958,2.142
7/2/2013,0.264,0.934,2.127
7/3/2013,0.267,0.927,2.112
7/4/2013,0.195,0.867,2.09
7/5/2013,0.186,0.873,2.136
7/8/2013,0.152,0.828,2.11
7/9/2013,0.144,0.793,2.084
7/10/2013,0.171,0.823,2.077
7/11/2013,0.181,0.83,2.059
7/12/2013,0.17,0.816,2.012
7/15/2013,0.175,0.825,2.027
7/16/2013,0.156,0.796,2.014
7/17/2013,0.153,0.781,2.009
7/18/2013,0.139,0.745,1.982
7/19/2013,0.144,0.725,1.97
7/22/2013,0.152,0.729,1.963
7/23/2013,0.193,0.767,1.974
7/24/2013,0.206,0.83,2.051
7/25/2013,0.212,0.838,2.069
7/26/2013,0.213,0.847,2.075
7/29/2013,0.208,0.857,2.086
7/30/2013,0.206,0.852,2.097
7/31/2013,0.194,0.828,2.074
8/1/2013,0.2,0.832,2.073
8/2/2013,0.189,0.813,2.053
8/5/2013,0.208,0.854,2.087
8/6/2013,0.209,0.862,2.096
8/7/2013,0.205,0.86,2.083
8/8/2013,0.206,0.853,2.081
8/9/2013,0.199,0.849,2.07
8/12/2013,0.204,0.858,2.088
8/13/2013,0.257,0.941,2.187
8/14/2013,0.255,0.93,2.191
8/15/2013,0.277,0.975,2.255
8/16/2013,0.277,0.97,2.257
8/19/2013,0.304,1.02,2.304
8/20/2013,0.288,1.009,2.269
8/21/2013,0.294,1.019,2.293
8/22/2013,0.293,1.054,2.33
8/23/2013,0.312,1.081,2.332
8/26/2013,0.296,1.044,2.293
8/27/2013,0.289,1.042,2.277
8/28/2013,0.306,1.046,2.299
8/29/2013,0.278,1.026,2.283
8/30/2013,0.279,1.035,2.295
9/2/2013,0.307,1.064,2.331
9/3/2013,0.332,1.082,2.35
9/4/2013,0.326,1.076,2.361
9/5/2013,0.379,1.168,2.458
9/6/2013,0.326,1.087,2.383
9/9/2013,0.308,1.092,2.394
9/10/2013,0.321,1.135,2.463
9/11/2013,0.305,1.105,2.415
9/12/2013,0.281,1.08,2.391
9/13/2013,0.278,1.07,2.372
9/16/2013,0.257,1.031,2.332
9/17/2013,0.259,1.029,2.342
9/18/2013,0.271,1.055,2.379
9/19/2013,0.216,0.968,2.311
9/20/2013,0.246,0.986,2.333
9/23/2013,0.233,0.966,2.31
9/24/2013,0.221,0.927,2.231
9/25/2013,0.23,0.931,2.22
9/26/2013,0.236,0.931,2.241
9/27/2013,0.226,0.901,2.193
9/30/2013,0.227,0.889,2.181
10/1/2013,0.229,0.906,2.202
10/2/2013,0.226,0.907,2.207
10/3/2013,0.216,1.126,2.202
10/4/2013,0.228,1.157,2.227
10/7/2013,0.209,1.137,2.191
10/8/2013,0.229,1.149,2.194
10/9/2013,0.222,1.148,2.2
10/10/2013,0.228,1.183,2.246
10/11/2013,0.219,1.164,2.239
10/14/2013,0.228,1.157,2.235
10/15/2013,0.244,1.2,2.283
10/16/2013,0.258,1.215,2.303
10/17/2013,0.221,1.152,2.254
10/18/2013,0.214,1.114,2.217
10/21/2013,0.22,1.136,2.23
10/22/2013,0.194,1.07,2.166
10/23/2013,0.191,1.038,2.132
10/24/2013,0.196,1.051,2.135
10/25/2013,0.202,1.058,2.134
10/28/2013,0.211,1.06,2.13
10/29/2013,0.205,1.04,2.112
10/30/2013,0.187,1.003,2.068
10/31/2013,0.166,0.938,2.035
11/1/2013,0.155,0.913,2.032
11/4/2013,0.164,0.927,2.029
11/5/2013,0.189,0.994,2.091
11/6/2013,0.182,0.993,2.091
11/7/2013,0.128,0.905,2.026
11/8/2013,0.147,0.966,2.097
11/11/2013,0.141,0.96,2.093
11/12/2013,0.141,0.988,2.141
11/13/2013,0.124,0.957,2.108
11/14/2013,0.133,0.929,2.068
11/15/2013,0.141,0.938,2.081
11/18/2013,0.129,0.925,2.062
11/19/2013,0.146,0.955,2.089
11/20/2013,0.14,0.932,2.078
11/21/2013,0.138,0.943,2.091
11/22/2013,0.173,0.959,2.08
11/25/2013,0.159,0.95,2.064
11/26/2013,0.158,0.93,2.038
11/27/2013,0.166,0.95,2.066
11/28/2013,0.163,0.936,2.048
11/29/2013,0.161,0.928,2.039
12/2/2013,0.169,0.941,2.073
12/3/2013,0.157,0.928,2.052
12/4/2013,0.18,0.988,2.122
12/5/2013,0.203,1.034,2.164
12/6/2013,0.213,1.037,2.169
12/9/2013,0.227,1.04,2.168
12/10/2013,0.22,1.03,2.147
12/11/2013,0.232,1.02,2.13
12/12/2013,0.251,1.049,2.154
12/13/2013,0.249,1.039,2.143
12/16/2013,0.254,1.054,2.156
12/17/2013,0.237,1.029,2.136
12/18/2013,0.239,1.055,2.155
12/19/2013,0.224,1.061,2.173
12/20/2013,0.224,1.073,2.172
12/23/2013,0.234,1.078,2.193
12/24/2013,0.233,1.068,2.193
12/25/2013,0.233,1.068,2.193
12/26/2013,0.233,1.068,2.193
12/27/2013,0.23,1.136,2.273
12/30/2013,0.209,1.113,2.262
12/31/2013,0.217,1.105,2.259
1/1/2014,0.217,1.105,2.259
1/2/2014,0.203,1.108,2.258
1/3/2014,0.196,1.082,2.251
1/6/2014,0.19,1.067,2.223
1/7/2014,0.196,1.061,2.198
1/8/2014,0.201,1.08,2.217
1/9/2014,0.189,1.11,2.259
1/10/2014,0.18,1.058,2.198
1/13/2014,0.175,1.042,2.173
1/14/2014,0.202,1.033,2.154
1/15/2014,0.213,1.032,2.165
1/16/2014,0.195,0.991,2.123
1/17/2014,0.199,0.966,2.089
1/20/2014,0.196,0.946,2.072
1/21/2014,0.197,0.953,2.078
1/22/2014,0.197,0.978,2.106
1/23/2014,0.184,0.971,2.071
1/24/2014,0.162,0.922,2.016
1/27/2014,0.176,0.917,2.014
1/28/2014,0.165,0.917,2.013
1/29/2014,0.167,0.89,1.991
1/30/2014,0.147,0.86,1.977
1/31/2014,0.114,0.799,1.913
2/3/2014,0.125,0.783,1.894
2/4/2014,0.12,0.79,1.911
2/5/2014,0.122,0.788,1.901
2/6/2014,0.151,0.847,1.96
2/7/2014,0.136,0.803,1.931
2/10/2014,0.157,0.834,1.972
2/11/2014,0.153,0.833,1.977
2/12/2014,0.143,0.87,2.015
2/13/2014,0.13,0.825,1.972
2/14/2014,0.134,0.835,1.969
2/17/2014,0.137,0.829,1.965
2/18/2014,0.136,0.805,1.948
2/19/2014,0.131,0.809,1.948
2/20/2014,0.14,0.837,1.981
2/21/2014,0.139,0.81,1.948
2/24/2014,0.147,0.835,1.968
2/25/2014,0.14,0.816,1.933
2/26/2014,0.124,0.784,1.909
2/27/2014,0.114,0.74,1.854
2/28/2014,0.154,0.826,1.925
3/3/2014,0.14,0.757,1.844
3/4/2014,0.137,0.782,1.882
3/5/2014,0.144,0.776,1.882
3/6/2014,0.181,0.83,1.928
3/7/2014,0.189,0.83,1.928
3/10/2014,0.178,0.811,1.91
3/11/2014,0.172,0.814,1.921
3/12/2014,0.172,0.786,1.885
3/13/2014,0.169,0.746,1.832
3/14/2014,0.164,0.758,1.832
3/17/2014,0.163,0.767,1.842
3/18/2014,0.171,0.758,1.84
3/19/2014,0.182,0.783,1.871
3/20/2014,0.201,0.84,1.913
3/21/2014,0.197,0.825,1.885
3/24/2014,0.199,0.783,1.839
3/25/2014,0.193,0.778,1.842
3/26/2014,0.184,0.749,1.817
3/27/2014,0.167,0.707,1.774
3/28/2014,0.166,0.724,1.79
3/31/2014,0.174,0.743,1.809
4/1/2014,0.19,0.756,1.827
4/2/2014,0.19,0.785,1.865
4/3/2014,0.189,0.754,1.846
4/4/2014,0.18,0.681,1.769
4/7/2014,0.185,0.701,1.78
4/8/2014,0.178,0.716,1.791
4/9/2014,0.18,0.746,1.813
4/10/2014,0.166,0.693,1.755
4/11/2014,0.174,0.689,1.744
4/14/2014,0.169,0.697,1.757
4/15/2014,0.155,0.648,1.694
4/16/2014,0.157,0.66,1.701
4/17/2014,0.174,0.708,1.734
4/18/2014,0.174,0.708,1.734
4/21/2014,0.174,0.708,1.734
4/22/2014,0.171,0.721,1.752
4/23/2014,0.171,0.73,1.743
4/24/2014,0.189,0.746,1.752
4/25/2014,0.182,0.719,1.712
4/28/2014,0.182,0.727,1.737
4/29/2014,0.16,0.714,1.737
4/30/2014,0.165,0.68,1.697
5/1/2014,0.156,0.675,1.697
5/2/2014,0.157,0.643,1.676
5/5/2014,0.168,0.652,1.688
5/6/2014,0.171,0.645,1.684
5/7/2014,0.177,0.658,1.698
5/8/2014,0.151,0.609,1.662
5/9/2014,0.166,0.606,1.674
5/12/2014,0.163,0.621,1.694
5/13/2014,0.151,0.58,1.653
5/14/2014,0.135,0.52,1.586
5/15/2014,0.11,0.5,1.539
5/16/2014,0.115,0.515,1.559
5/19/2014,0.116,0.532,1.581
5/20/2014,0.11,0.544,1.605
5/21/2014,0.114,0.561,1.627
5/22/2014,0.108,0.536,1.61
5/23/2014,0.105,0.532,1.606
5/26/2014,0.101,0.529,1.61
5/27/2014,0.097,0.49,1.576
5/28/2014,0.099,0.455,1.514
5/29/2014,0.1,0.467,1.528
5/30/2014,0.105,0.482,1.545
6/2/2014,0.09,0.484,1.555
6/3/2014,0.088,0.509,1.595
6/4/2014,0.133,0.684,1.79
6/5/2014,0.121,0.62,1.746
6/6/2014,0.111,0.532,1.659
6/9/2014,0.117,0.551,1.657
6/10/2014,0.135,0.599,1.696
6/11/2014,0.117,0.595,1.708
6/12/2014,0.107,0.586,1.712
6/13/2014,0.095,0.578,1.693
6/16/2014,0.093,0.58,1.686
6/17/2014,0.107,0.609,1.729
6/18/2014,0.099,0.58,1.695
6/19/2014,0.089,0.536,1.629
6/20/2014,0.093,0.556,1.65
6/23/2014,0.093,0.543,1.632
6/24/2014,0.086,0.54,1.622
6/25/2014,0.082,0.507,1.564
6/26/2014,0.074,0.5,1.551
6/27/2014,0.09,0.522,1.566
6/30/2014,0.084,0.505,1.552
7/1/2014,0.069,0.496,1.556
7/2/2014,0.077,0.509,1.593
7/3/2014,0.064,0.488,1.579
7/4/2014,0.065,0.471,1.552
7/7/2014,0.061,0.461,1.538
7/8/2014,0.056,0.427,1.489
7/9/2014,0.063,0.438,1.501
7/10/2014,0.056,0.432,1.481
7/11/2014,0.055,0.428,1.481
7/14/2014,0.061,0.435,1.484
7/15/2014,0.055,0.43,1.468
7/16/2014,0.053,0.42,1.452
7/17/2014,0.053,0.407,1.413
7/18/2014,0.061,0.421,1.413
7/21/2014,0.057,0.412,1.397
7/22/2014,0.063,0.422,1.412
7/23/2014,0.056,0.404,1.387
7/24/2014,0.063,0.426,1.419
7/25/2014,0.056,0.408,1.395
7/28/2014,0.064,0.415,1.393
7/29/2014,0.056,0.397,1.36
7/30/2014,0.064,0.424,1.408
7/31/2014,0.051,0.404,1.391
8/1/2014,0.045,0.395,1.374
8/4/2014,0.051,0.396,1.373
8/5/2014,0.052,0.428,1.416
8/6/2014,0.036,0.399,1.367
8/7/2014,0.033,0.38,1.327
8/8/2014,0.028,0.38,1.312
8/11/2014,0.022,0.384,1.325
8/12/2014,0.024,0.379,1.33
8/13/2014,0.019,0.347,1.306
8/14/2014,0.029,0.341,1.284
8/15/2014,0.015,0.313,1.221
8/18/2014,0.021,0.349,1.283
8/19/2014,0.017,0.336,1.263
8/20/2014,0.017,0.328,1.248
8/21/2014,0.019,0.335,1.251
8/22/2014,0.024,0.334,1.24
8/25/2014,0,0.284,1.193
8/26/2014,0.01,0.276,1.164
8/27/2014,0.01,0.254,1.127
8/28/2014,0.013,0.261,1.116
8/29/2014,0.002,0.258,1.126
9/1/2014,-0.009,0.244,1.125
9/2/2014,0,0.274,1.188
9/3/2014,0.019,0.283,1.217
9/4/2014,-0.039,0.214,1.201
9/5/2014,-0.026,0.197,1.152
9/8/2014,-0.026,0.21,1.177
9/9/2014,-0.029,0.232,1.215
9/10/2014,-0.024,0.239,1.229
9/11/2014,-0.029,0.254,1.248
9/12/2014,-0.013,0.282,1.282
9/15/2014,-0.019,0.268,1.269
9/16/2014,-0.002,0.279,1.272
9/17/2014,-0.01,0.256,1.253
9/18/2014,0.006,0.299,1.288
9/19/2014,-0.009,0.255,1.236
9/22/2014,-0.009,0.243,1.203
9/23/2014,0.007,0.265,1.209
9/24/2014,0.001,0.256,1.194
9/25/2014,-0.012,0.235,1.169
9/26/2014,-0.016,0.23,1.167
9/29/2014,-0.015,0.231,1.163
9/30/2014,-0.028,0.219,1.147
10/1/2014,-0.032,0.198,1.1
10/2/2014,-0.022,0.214,1.105
10/3/2014,-0.014,0.227,1.117
10/6/2014,-0.019,0.22,1.106
10/7/2014,-0.011,0.226,1.112
10/8/2014,-0.012,0.218,1.112
10/9/2014,-0.011,0.208,1.107
10/10/2014,-0.02,0.213,1.099
10/13/2014,-0.01,0.229,1.112
10/14/2014,-0.023,0.192,1.053
10/15/2014,-0.036,0.158,0.98
10/16/2014,-0.014,0.254,1.077
10/17/2014,-0.005,0.26,1.103
10/20/2014,-0.023,0.239,1.101
10/21/2014,-0.009,0.235,1.094
10/22/2014,-0.004,0.22,1.089
10/23/2014,-0.005,0.227,1.113
10/24/2014,0.003,0.251,1.118
10/27/2014,-0.007,0.24,1.099
10/28/2014,-0.013,0.231,1.1
10/29/2014,-0.008,0.232,1.109
10/30/2014,-0.011,0.198,1.059
10/31/2014,-0.023,0.165,1.027
11/3/2014,-0.013,0.191,1.043
11/4/2014,-0.014,0.159,1.002
11/5/2014,-0.009,0.162,1.021
11/6/2014,-0.008,0.153,1.013
11/7/2014,-0.009,0.141,1.005
11/10/2014,0.001,0.148,1.012
11/11/2014,-0.01,0.146,1.001
11/12/2014,-0.005,0.143,0.989
11/13/2014,-0.004,0.136,0.979
11/14/2014,-0.005,0.134,0.961
11/17/2014,-0.001,0.144,0.971
11/18/2014,0.01,0.154,0.969
11/19/2014,0.023,0.202,1.018
11/20/2014,0.009,0.167,0.97
11/21/2014,-0.002,0.155,0.94
11/24/2014,-0.005,0.156,0.942
11/25/2014,-0.005,0.141,0.904
11/26/2014,-0.008,0.137,0.887
11/27/2014,-0.005,0.124,0.846
11/28/2014,0.003,0.136,0.836
12/1/2014,0.008,0.153,0.859
12/2/2014,-0.004,0.16,0.881
12/3/2014,-0.007,0.146,0.886
12/4/2014,-0.004,0.157,0.903
12/5/2014,-0.003,0.152,0.9
12/8/2014,-0.017,0.123,0.837
12/9/2014,-0.015,0.127,0.823
12/10/2014,-0.012,0.192,0.826
12/11/2014,-0.012,0.193,0.83
12/12/2014,-0.015,0.185,0.779
12/15/2014,-0.021,0.178,0.773
12/16/2014,-0.026,0.175,0.752
12/17/2014,-0.024,0.165,0.753
12/18/2014,-0.027,0.167,0.773
12/19/2014,-0.036,0.162,0.758
12/22/2014,-0.039,0.157,0.757
12/23/2014,-0.039,0.151,0.75
12/24/2014,-0.052,0.143,0.748
12/25/2014,-0.052,0.143,0.748
12/26/2014,-0.052,0.143,0.748
12/29/2014,-0.05,0.115,0.704
12/30/2014,-0.048,0.11,0.702
12/31/2014,-0.07,0.107,0.703
1/1/2015,-0.07,0.107,0.703
1/2/2015,-0.062,0.088,0.657
1/5/2015,-0.056,0.094,0.666
1/6/2015,-0.055,0.073,0.58
1/7/2015,-0.063,0.087,0.625
1/8/2015,-0.069,0.103,0.654
1/9/2015,-0.089,0.088,0.641
1/12/2015,-0.084,0.077,0.603
1/13/2015,-0.081,0.037,0.582
1/14/2015,-0.087,0.011,0.504
1/15/2015,-0.113,0.009,0.51
1/16/2015,-0.128,-0.003,0.49
1/19/2015,-0.133,0.001,0.495
1/20/2015,-0.118,0.04,0.518
1/21/2015,-0.128,0.076,0.586
1/22/2015,-0.142,0.043,0.498
1/23/2015,-0.14,-0.008,0.41
1/26/2015,-0.12,0.015,0.443
1/27/2015,-0.119,0.02,0.44
1/28/2015,-0.127,0.033,0.438
1/29/2015,-0.131,0.026,0.451
1/30/2015,-0.138,-0.017,0.38
2/2/2015,-0.133,-0.022,0.387
2/3/2015,-0.138,-0.021,0.404
2/4/2015,-0.131,-0.019,0.423
2/5/2015,-0.143,-0.017,0.427
2/6/2015,-0.148,-0.02,0.449
2/9/2015,-0.147,-0.009,0.436
2/10/2015,-0.156,0.016,0.461
2/11/2015,-0.161,0.003,0.443
2/12/2015,-0.152,-0.013,0.414
2/13/2015,-0.143,-0.011,0.431
2/16/2015,-0.147,-0.012,0.432
2/17/2015,-0.135,0.001,0.474
2/18/2015,-0.138,-0.016,0.479
2/19/2015,-0.132,-0.021,0.474
2/20/2015,-0.137,-0.032,0.459
2/23/2015,-0.136,-0.04,0.442
2/24/2015,-0.139,-0.038,0.449
2/25/2015,-0.149,-0.051,0.4
2/26/2015,-0.154,-0.065,0.369
2/27/2015,-0.149,-0.041,0.396
3/2/2015,-0.142,-0.016,0.428
3/3/2015,-0.135,-0.005,0.445
3/4/2015,-0.127,0.006,0.466
3/5/2015,-0.136,-0.02,0.433
3/6/2015,-0.141,-0.02,0.464
3/9/2015,-0.156,-0.056,0.381
3/10/2015,-0.173,-0.069,0.311
3/11/2015,-0.174,-0.064,0.286
3/12/2015,-0.17,-0.043,0.308
3/13/2015,-0.173,-0.026,0.321
3/16/2015,-0.158,0,0.337
3/17/2015,-0.152,0.003,0.364
3/18/2015,-0.174,-0.031,0.319
3/19/2015,-0.177,-0.033,0.308
3/20/2015,-0.176,-0.041,0.306
3/23/2015,-0.161,0.009,0.36
3/24/2015,-0.167,0.02,0.379
3/25/2015,-0.171,0.014,0.375
3/26/2015,-0.174,0.005,0.367
3/27/2015,-0.175,0.002,0.362
3/30/2015,-0.174,0.006,0.358
3/31/2015,-0.183,-0.018,0.316
4/1/2015,-0.188,-0.027,0.296
4/2/2015,-0.186,-0.003,0.329
4/3/2015,-0.186,-0.003,0.329
4/6/2015,-0.186,-0.003,0.329
4/7/2015,-0.195,-0.019,0.313
4/8/2015,-0.207,-0.052,0.29
4/9/2015,-0.204,-0.049,0.289
4/10/2015,-0.205,-0.065,0.281
4/13/2015,-0.208,-0.064,0.279
4/14/2015,-0.207,-0.074,0.259
4/15/2015,-0.211,-0.086,0.216
4/16/2015,-0.203,-0.082,0.203
4/17/2015,-0.178,-0.053,0.203
4/20/2015,-0.173,-0.052,0.195
4/21/2015,-0.174,-0.049,0.214
4/22/2015,-0.164,-0.011,0.266
4/23/2015,-0.175,-0.018,0.27
4/24/2015,-0.177,-0.016,0.268
4/27/2015,-0.185,-0.023,0.267
4/28/2015,-0.19,-0.029,0.27
4/29/2015,-0.144,0.066,0.401
4/30/2015,-0.126,0.106,0.472
5/1/2015,-0.12,0.118,0.482
5/4/2015,-0.111,0.139,0.559
5/5/2015,-0.116,0.171,0.638
5/6/2015,-0.114,0.203,0.714
5/7/2015,-0.113,0.197,0.71
5/8/2015,-0.114,0.166,0.661
5/11/2015,-0.106,0.199,0.738
5/12/2015,-0.093,0.22,0.798
5/13/2015,-0.084,0.236,0.835
5/14/2015,-0.085,0.227,0.817
5/15/2015,-0.099,0.2,0.744
5/18/2015,-0.103,0.21,0.77
5/19/2015,-0.119,0.179,0.707
5/20/2015,-0.126,0.195,0.753
5/21/2015,-0.133,0.193,0.759
5/22/2015,-0.139,0.179,0.728
5/25/2015,-0.138,0.179,0.727
5/26/2015,-0.154,0.142,0.68
5/27/2015,-0.155,0.135,0.681
5/28/2015,-0.155,0.132,0.662
5/29/2015,-0.161,0.11,0.624
6/1/2015,-0.15,0.141,0.682
6/2/2015,-0.118,0.218,0.846
6/3/2015,-0.098,0.295,1
6/4/2015,-0.109,0.279,0.967
6/5/2015,-0.104,0.302,0.988
6/8/2015,-0.093,0.316,1.028
6/9/2015,-0.074,0.357,1.1
6/10/2015,-0.091,0.353,1.129
6/11/2015,-0.098,0.321,1.037
6/12/2015,-0.112,0.311,1.019
6/15/2015,-0.106,0.353,1.066
6/16/2015,-0.11,0.335,1.06
6/17/2015,-0.116,0.322,1.053
6/18/2015,-0.119,0.298,1.028
6/19/2015,-0.126,0.272,0.979
6/22/2015,-0.106,0.325,1.077
6/23/2015,-0.116,0.304,1.058
6/24/2015,-0.111,0.296,1.189
6/25/2015,-0.117,0.291,1.202
6/26/2015,-0.109,0.315,1.249
6/29/2015,-0.119,0.285,1.17
6/30/2015,-0.132,0.249,1.138
7/1/2015,-0.156,0.257,1.196
7/2/2015,-0.157,0.286,1.261
7/3/2015,-0.168,0.259,1.219
7/6/2015,-0.155,0.263,1.217
7/7/2015,-0.174,0.22,1.09
7/8/2015,-0.171,0.221,1.093
7/9/2015,-0.167,0.21,1.122
7/10/2015,-0.124,0.304,1.261
7/13/2015,-0.144,0.263,1.215
7/14/2015,-0.146,0.242,1.181
7/15/2015,-0.158,0.197,1.091
7/16/2015,-0.146,0.209,1.084
7/17/2015,-0.154,0.183,1.02
7/20/2015,-0.153,0.166,0.984
7/21/2015,-0.153,0.181,1.026
7/22/2015,-0.158,0.173,1.004
7/23/2015,-0.163,0.156,0.989
7/24/2015,-0.164,0.131,0.938
7/27/2015,-0.166,0.138,0.941
7/28/2015,-0.176,0.128,0.955
7/29/2015,-0.181,0.132,0.981
7/30/2015,-0.187,0.097,0.906
7/31/2015,-0.18,0.099,0.901
8/3/2015,-0.184,0.089,0.895
8/4/2015,-0.185,0.087,0.911
8/5/2015,-0.179,0.133,1.022
8/6/2015,-0.176,0.115,0.972
8/7/2015,-0.193,0.085,0.923
8/10/2015,-0.194,0.094,0.96
8/11/2015,-0.202,0.066,0.891
8/12/2015,-0.211,0.058,0.876
8/13/2015,-0.205,0.076,0.899
8/14/2015,-0.2,0.098,0.928
8/17/2015,-0.195,0.079,0.896
8/18/2015,-0.19,0.103,0.921
8/19/2015,-0.191,0.096,0.908
8/20/2015,-0.191,0.076,0.883
8/21/2015,-0.192,0.08,0.885
8/24/2015,-0.19,0.103,0.921
8/25/2015,-0.166,0.183,1.06
8/26/2015,-0.162,0.165,1.027
8/27/2015,-0.157,0.176,1.053
8/28/2015,-0.146,0.181,1.045
8/31/2015,-0.137,0.211,1.101
9/1/2015,-0.151,0.219,1.101
9/2/2015,-0.152,0.201,1.08
9/3/2015,-0.186,0.141,1.015
9/4/2015,-0.185,0.127,0.954
9/7/2015,-0.176,0.121,0.974
9/8/2015,-0.178,0.12,0.967
9/9/2015,-0.184,0.113,0.973
9/10/2015,-0.183,0.114,0.969
9/11/2015,-0.193,0.093,0.928
9/14/2015,-0.199,0.091,0.929
9/15/2015,-0.188,0.127,1.012
9/16/2015,-0.178,0.147,1.046
9/17/2015,-0.16,0.163,1.046
9/18/2015,-0.19,0.09,0.924
9/21/2015,-0.193,0.091,0.949
9/22/2015,-0.205,0.047,0.864
9/23/2015,-0.194,0.056,0.873
9/24/2015,-0.189,0.065,0.888
9/25/2015,-0.186,0.075,0.933
9/28/2015,-0.196,0.059,0.889
9/29/2015,-0.188,0.06,0.892
9/30/2015,-0.191,0.053,0.887
10/1/2015,-0.208,0.018,0.824
10/2/2015,-0.202,0.004,0.793
10/5/2015,-0.194,0.024,0.851
10/6/2015,-0.185,0.047,0.882
10/7/2015,-0.186,0.045,0.873
10/8/2015,-0.182,0.045,0.864
10/9/2015,-0.186,0.058,0.892
10/12/2015,-0.196,0.034,0.854
10/13/2015,-0.191,0.04,0.864
10/14/2015,-0.204,0.011,0.817
10/15/2015,-0.207,0.022,0.825
10/16/2015,-0.213,0.019,0.823
10/19/2015,-0.215,0.026,0.839
10/20/2015,-0.192,0.066,0.907
10/21/2015,-0.201,0.028,0.842
10/22/2015,-0.263,-0.047,0.764
10/23/2015,-0.268,-0.043,0.773
10/26/2015,-0.271,-0.046,0.762
10/27/2015,-0.284,-0.074,0.713
10/28/2015,-0.29,-0.09,0.703
10/29/2015,-0.27,-0.032,0.789
10/30/2015,-0.263,-0.032,0.778
11/2/2015,-0.252,-0.011,0.83
11/3/2015,-0.265,-0.015,0.845
11/4/2015,-0.264,-0.016,0.864
11/5/2015,-0.263,-0.009,0.87
11/6/2015,-0.24,0.041,0.947
11/9/2015,-0.274,-0.016,0.921
11/10/2015,-0.296,-0.045,0.886
11/11/2015,-0.3,-0.05,0.876
11/12/2015,-0.294,-0.045,0.872
11/13/2015,-0.301,-0.075,0.821
11/16/2015,-0.305,-0.094,0.795
11/17/2015,-0.314,-0.104,0.788
11/18/2015,-0.311,-0.104,0.764
11/19/2015,-0.311,-0.111,0.738
11/20/2015,-0.321,-0.118,0.742
11/23/2015,-0.325,-0.101,0.788
11/24/2015,-0.308,-0.094,0.768
11/25/2015,-0.332,-0.137,0.727
11/26/2015,-0.334,-0.136,0.722
11/27/2015,-0.334,-0.134,0.708
11/30/2015,-0.333,-0.124,0.725
12/1/2015,-0.357,-0.14,0.723
12/2/2015,-0.358,-0.158,0.717
12/3/2015,-0.233,0.005,0.92
12/4/2015,-0.222,0.016,0.925
12/7/2015,-0.248,-0.052,0.826
12/8/2015,-0.245,-0.055,0.815
12/9/2015,-0.246,-0.058,0.842
12/10/2015,-0.262,-0.079,0.813
12/11/2015,-0.281,-0.099,0.789
12/14/2015,-0.269,-0.079,0.834
12/15/2015,-0.273,-0.041,0.896
12/16/2015,-0.262,-0.015,0.936
12/17/2015,-0.28,-0.065,0.861
12/18/2015,-0.289,-0.088,0.808
12/21/2015,-0.296,-0.085,0.809
12/22/2015,-0.277,-0.051,0.865
12/23/2015,-0.279,-0.032,0.893
12/24/2015,-0.272,-0.032,0.904
12/25/2015,-0.272,-0.032,0.904
12/28/2015,-0.279,-0.05,0.827
12/29/2015,-0.293,-0.022,0.9
12/30/2015,-0.311,-0.035,0.896
12/31/2015,-0.318,-0.037,0.896
1/1/2016,-0.318,-0.037,0.896
1/4/2016,-0.311,-0.059,0.843
1/5/2016,-0.333,-0.09,0.826
1/6/2016,-0.342,-0.095,0.796
1/7/2016,-0.341,-0.073,0.842
1/8/2016,-0.355,-0.07,0.822
1/11/2016,-0.345,-0.049,0.848
1/12/2016,-0.341,-0.045,0.839
1/13/2016,-0.344,-0.06,0.802
1/14/2016,-0.343,-0.058,0.811
1/15/2016,-0.35,-0.077,0.777
1/18/2016,-0.351,-0.08,0.774
1/19/2016,-0.352,-0.084,0.783
1/20/2016,-0.369,-0.112,0.732
1/21/2016,-0.398,-0.158,0.696
1/22/2016,-0.4,-0.156,0.717
1/25/2016,-0.403,-0.163,0.701
1/26/2016,-0.413,-0.18,0.676
1/27/2016,-0.404,-0.17,0.683
1/28/2016,-0.406,-0.193,0.656
1/29/2016,-0.439,-0.25,0.565
2/1/2016,-0.424,-0.222,0.596
2/2/2016,-0.433,-0.238,0.562
2/3/2016,-0.451,-0.257,0.535
2/4/2016,-0.441,-0.24,0.567
2/5/2016,-0.44,-0.244,0.566
2/8/2016,-0.458,-0.271,0.513
2/9/2016,-0.461,-0.265,0.538
2/10/2016,-0.454,-0.259,0.532
2/11/2016,-0.472,-0.271,0.516
2/12/2016,-0.44,-0.224,0.582
2/15/2016,-0.455,-0.249,0.558
2/16/2016,-0.449,-0.231,0.598
2/17/2016,-0.444,-0.229,0.586
2/18/2016,-0.455,-0.256,0.52
2/19/2016,-0.464,-0.262,0.504
2/22/2016,-0.46,-0.275,0.46
2/23/2016,-0.459,-0.277,0.465
2/24/2016,-0.449,-0.277,0.446
2/25/2016,-0.461,-0.299,0.427
2/26/2016,-0.477,-0.307,0.423
2/29/2016,-0.498,-0.343,0.383
3/1/2016,-0.491,-0.326,0.43
3/2/2016,-0.478,-0.29,0.493
3/3/2016,-0.503,-0.323,0.463
3/4/2016,-0.465,-0.267,0.521
3/7/2016,-0.476,-0.279,0.504
3/8/2016,-0.493,-0.311,0.443
3/9/2016,-0.465,-0.283,0.492
3/10/2016,-0.392,-0.201,0.543
3/11/2016,-0.408,-0.251,0.484
3/14/2016,-0.406,-0.247,0.486
3/15/2016,-0.401,-0.227,0.526
3/16/2016,-0.403,-0.23,0.513
3/17/2016,-0.418,-0.269,0.436
3/18/2016,-0.425,-0.278,0.417
3/21/2016,-0.427,-0.274,0.428
3/22/2016,-0.434,-0.278,0.412
3/23/2016,-0.434,-0.285,0.4
3/24/2016,-0.427,-0.278,0.385
3/25/2016,-0.427,-0.278,0.385
3/28/2016,-0.427,-0.278,0.385
3/29/2016,-0.445,-0.315,0.34
3/30/2016,-0.438,-0.3,0.352
3/31/2016,-0.436,-0.298,0.349
4/1/2016,-0.434,-0.301,0.331
4/4/2016,-0.432,-0.299,0.328
4/5/2016,-0.445,-0.315,0.302
4/6/2016,-0.447,-0.321,0.323
4/7/2016,-0.464,-0.343,0.298
4/8/2016,-0.474,-0.348,0.302
4/11/2016,-0.478,-0.348,0.325
4/12/2016,-0.472,-0.326,0.377
4/13/2016,-0.477,-0.333,0.329
4/14/2016,-0.467,-0.308,0.372
4/15/2016,-0.475,-0.33,0.332
4/18/2016,-0.469,-0.331,0.363
4/19/2016,-0.467,-0.331,0.371
4/20/2016,-0.465,-0.338,0.353
4/21/2016,-0.453,-0.29,0.424
4/22/2016,-0.462,-0.309,0.415
4/25/2016,-0.46,-0.295,0.445
4/26/2016,-0.454,-0.276,0.481
4/27/2016,-0.454,-0.288,0.476
4/28/2016,-0.461,-0.299,0.452
4/29/2016,-0.444,-0.28,0.483
5/2/2016,-0.436,-0.275,0.478
5/3/2016,-0.459,-0.313,0.422
5/4/2016,-0.46,-0.314,0.424
5/5/2016,-0.475,-0.337,0.393
5/6/2016,-0.479,-0.342,0.379
5/9/2016,-0.48,-0.353,0.356
5/10/2016,-0.478,-0.35,0.344
5/11/2016,-0.481,-0.356,0.336
5/12/2016,-0.476,-0.347,0.357
5/13/2016,-0.478,-0.352,0.325
5/16/2016,-0.475,-0.348,0.342
5/17/2016,-0.472,-0.35,0.327
5/18/2016,-0.468,-0.336,0.364
5/19/2016,-0.467,-0.329,0.365
5/20/2016,-0.472,-0.328,0.359
5/23/2016,-0.473,-0.325,0.368
5/24/2016,-0.474,-0.332,0.357
5/25/2016,-0.479,-0.348,0.328
5/26/2016,-0.487,-0.36,0.326
5/27/2016,-0.491,-0.367,0.314
5/30/2016,-0.488,-0.351,0.344
5/31/2016,-0.485,-0.36,0.316
6/1/2016,-0.481,-0.363,0.315
6/2/2016,-0.484,-0.363,0.299
6/3/2016,-0.491,-0.385,0.256
6/6/2016,-0.502,-0.377,0.286
6/7/2016,-0.496,-0.388,0.247
6/8/2016,-0.495,-0.387,0.245
6/9/2016,-0.504,-0.395,0.223
6/10/2016,-0.496,-0.388,0.216
6/13/2016,-0.502,-0.384,0.226
6/14/2016,-0.513,-0.393,0.239
6/15/2016,-0.507,-0.39,0.221
6/16/2016,-0.499,-0.26,0.384
6/17/2016,-0.502,-0.249,0.411
6/20/2016,-0.495,-0.257,0.402
6/21/2016,-0.495,-0.258,0.401
6/22/2016,-0.492,-0.258,0.404
6/23/2016,-0.474,-0.252,0.433
6/24/2016,-0.532,-0.321,0.346
6/27/2016,-0.549,-0.32,0.274
6/28/2016,-0.556,-0.341,0.26
6/29/2016,-0.551,-0.349,0.228
6/30/2016,-0.552,-0.369,0.197
7/1/2016,-0.548,-0.377,0.185
7/4/2016,-0.568,-0.414,0.172
7/5/2016,-0.583,-0.452,0.123
7/6/2016,-0.579,-0.453,0.122
7/7/2016,-0.584,-0.455,0.125
7/8/2016,-0.582,-0.479,0.089
7/11/2016,-0.598,-0.468,0.109
7/12/2016,-0.579,-0.432,0.18
7/13/2016,-0.589,-0.45,0.14
7/14/2016,-0.573,-0.432,0.18
7/15/2016,-0.561,-0.401,0.227
7/18/2016,-0.56,-0.412,0.203
7/19/2016,-0.551,-0.41,0.191
7/20/2016,-0.542,-0.397,0.206
7/21/2016,-0.536,-0.396,0.196
7/22/2016,-0.53,-0.389,0.187
7/25/2016,-0.532,-0.396,0.176
7/26/2016,-0.534,-0.392,0.176
7/27/2016,-0.55,-0.43,0.103
7/28/2016,-0.54,-0.431,0.085
7/29/2016,-0.561,-0.457,0.04
8/1/2016,-0.546,-0.449,0.056
8/2/2016,-0.536,-0.419,0.121
8/3/2016,-0.54,-0.421,0.125
8/4/2016,-0.552,-0.463,0.068
8/5/2016,-0.55,-0.457,0.096
8/8/2016,-0.563,-0.464,0.089
8/9/2016,-0.558,-0.465,0.069
8/10/2016,-0.569,-0.494,0.039
8/11/2016,-0.559,-0.476,0.059
8/12/2016,-0.564,-0.481,0.053
8/15/2016,-0.552,-0.455,0.084
8/16/2016,-0.552,-0.43,0.133
8/17/2016,-0.554,-0.436,0.107
8/18/2016,-0.56,-0.456,0.076
8/19/2016,-0.559,-0.428,0.136
8/22/2016,-0.563,-0.457,0.094
8/23/2016,-0.566,-0.451,0.099
8/24/2016,-0.557,-0.442,0.11
8/25/2016,-0.551,-0.434,0.132
8/26/2016,-0.558,-0.437,0.129
8/29/2016,-0.566,-0.452,0.119
8/30/2016,-0.566,-0.457,0.123
8/31/2016,-0.565,-0.446,0.146
9/1/2016,-0.564,-0.438,0.146
9/2/2016,-0.577,-0.43,0.155
9/5/2016,-0.579,-0.434,0.141
9/6/2016,-0.597,-0.485,0.071
9/7/2016,-0.589,-0.489,0.058
9/8/2016,-0.573,-0.443,0.119
9/9/2016,-0.563,-0.395,0.192
9/12/2016,-0.563,-0.38,0.213
9/13/2016,-0.554,-0.359,0.248
9/14/2016,-0.578,-0.401,0.195
9/15/2016,-0.578,-0.395,0.211
9/16/2016,-0.583,-0.416,0.192
9/19/2016,-0.59,-0.408,0.205
9/20/2016,-0.607,-0.426,0.169
9/21/2016,-0.603,-0.415,0.191
9/22/2016,-0.612,-0.463,0.098
9/23/2016,-0.614,-0.462,0.116
9/26/2016,-0.623,-0.487,0.084
9/27/2016,-0.643,-0.511,0.067
9/28/2016,-0.642,-0.504,0.065
9/29/2016,-0.638,-0.494,0.094
9/30/2016,-0.638,-0.487,0.094
10/3/2016,-0.643,-0.474,0.132
10/4/2016,-0.63,-0.464,0.168
10/5/2016,-0.626,-0.424,0.216
10/6/2016,-0.623,-0.423,0.194
10/7/2016,-0.625,-0.409,0.229
10/10/2016,-0.622,-0.395,0.26
10/11/2016,-0.627,-0.398,0.224
10/12/2016,-0.622,-0.369,0.265
10/13/2016,-0.626,-0.388,0.233
10/14/2016,-0.632,-0.386,0.239
10/17/2016,-0.63,-0.393,0.239
10/18/2016,-0.635,-0.41,0.22
10/19/2016,-0.633,-0.411,0.212
10/20/2016,-0.644,-0.417,0.181
10/21/2016,-0.634,-0.414,0.18
10/24/2016,-0.636,-0.407,0.197
10/25/2016,-0.629,-0.397,0.209
10/26/2016,-0.624,-0.367,0.264
10/27/2016,-0.613,-0.326,0.344
10/28/2016,-0.613,-0.32,0.342
10/31/2016,-0.617,-0.327,0.342
11/1/2016,-0.616,-0.313,0.362
11/2/2016,-0.625,-0.344,0.319
11/3/2016,-0.625,-0.323,0.348
11/4/2016,-0.628,-0.327,0.329
11/7/2016,-0.634,-0.318,0.341
11/8/2016,-0.637,-0.305,0.376
11/9/2016,-0.657,-0.311,0.403
11/10/2016,-0.645,-0.263,0.493
11/11/2016,-0.632,-0.218,0.562
11/14/2016,-0.638,-0.174,0.607
11/15/2016,-0.632,-0.2,0.564
11/16/2016,-0.577,-0.194,0.556
11/17/2016,-0.585,-0.196,0.544
11/18/2016,-0.605,-0.221,0.543
11/21/2016,-0.613,-0.24,0.544
11/22/2016,-0.667,-0.298,0.491
11/23/2016,-0.641,-0.264,0.544
11/24/2016,-0.66,-0.287,0.547
11/25/2016,-0.667,-0.285,0.543
11/28/2016,-0.683,-0.306,0.523
11/29/2016,-0.684,-0.317,0.514
11/30/2016,-0.676,-0.296,0.541
12/1/2016,-0.672,-0.251,0.613
12/2/2016,-0.661,-0.296,0.517
12/5/2016,-0.638,-0.257,0.554
12/6/2016,-0.612,-0.243,0.577
12/7/2016,-0.608,-0.263,0.549
12/8/2016,-0.67,-0.31,0.577
12/9/2016,-0.665,-0.327,0.594
12/12/2016,-0.653,-0.291,0.649
12/13/2016,-0.651,-0.315,0.596
12/14/2016,-0.658,-0.339,0.538
12/15/2016,-0.65,-0.31,0.601
12/16/2016,-0.658,-0.328,0.557
12/19/2016,-0.667,-0.361,0.489
12/20/2016,-0.658,-0.339,0.506
12/21/2016,-0.664,-0.345,0.475
12/22/2016,-0.697,-0.334,0.487
12/23/2016,-0.696,-0.356,0.447
12/26/2016,-0.696,-0.357,0.447
12/27/2016,-0.726,-0.391,0.433
12/28/2016,-0.72,-0.387,0.425
12/29/2016,-0.699,-0.383,0.399
12/30/2016,-0.698,-0.378,0.418
1/2/2017,-0.692,-0.393,0.402
1/3/2017,-0.689,-0.356,0.489
1/4/2017,-0.693,-0.358,0.512
1/5/2017,-0.663,-0.333,0.491
1/6/2017,-0.656,-0.305,0.542
1/9/2017,-0.669,-0.322,0.512
1/10/2017,-0.667,-0.318,0.526
1/11/2017,-0.659,-0.327,0.495
1/12/2017,-0.658,-0.331,0.494
1/13/2017,-0.657,-0.329,0.521
1/16/2017,-0.644,-0.349,0.517
1/17/2017,-0.653,-0.349,0.51
1/18/2017,-0.643,-0.331,0.54
1/19/2017,-0.626,-0.315,0.562
1/20/2017,-0.597,-0.287,0.601
1/23/2017,-0.611,-0.327,0.548
1/24/2017,-0.599,-0.3,0.591
1/25/2017,-0.58,-0.253,0.654
1/26/2017,-0.581,-0.226,0.696
1/27/2017,-0.583,-0.23,0.691
1/30/2017,-0.588,-0.234,0.696
1/31/2017,-0.594,-0.261,0.677
2/1/2017,-0.622,-0.252,0.714
2/2/2017,-0.642,-0.301,0.654
2/3/2017,-0.648,-0.315,0.65
2/6/2017,-0.654,-0.343,0.641
2/7/2017,-0.665,-0.35,0.617
2/8/2017,-0.664,-0.381,0.566
2/9/2017,-0.672,-0.369,0.569
2/10/2017,-0.677,-0.365,0.589
2/13/2017,-0.664,-0.361,0.597
2/14/2017,-0.671,-0.347,0.626
2/15/2017,-0.675,-0.345,0.636
2/16/2017,-0.67,-0.346,0.597
2/17/2017,-0.695,-0.36,0.584
2/20/2017,-0.719,-0.357,0.596
2/21/2017,-0.721,-0.354,0.6
2/22/2017,-0.752,-0.378,0.57
2/23/2017,-0.767,-0.417,0.51
2/24/2017,-0.807,-0.46,0.435
2/27/2017,-0.795,-0.449,0.424
2/28/2017,-0.76,-0.437,0.426
3/1/2017,-0.726,-0.373,0.491
3/2/2017,-0.733,-0.351,0.514
3/3/2017,-0.725,-0.329,0.533
3/6/2017,-0.752,-0.336,0.523
3/7/2017,-0.784,-0.377,0.512
3/8/2017,-0.75,-0.332,0.553
3/9/2017,-0.769,-0.311,0.601
3/10/2017,-0.752,-0.264,0.662
3/13/2017,-0.728,-0.261,0.653
3/14/2017,-0.728,-0.28,0.634
3/15/2017,-0.743,-0.295,0.601
3/16/2017,-0.72,-0.252,0.637
3/17/2017,-0.704,-0.254,0.629
3/20/2017,-0.676,-0.248,0.642
3/21/2017,-0.654,-0.223,0.657
3/22/2017,-0.684,-0.256,0.608
3/23/2017,-0.662,-0.239,0.621
3/24/2017,-0.674,-0.257,0.595
3/27/2017,-0.642,-0.252,0.59
3/28/2017,-0.645,-0.26,0.581
3/29/2017,-0.681,-0.317,0.543
3/30/2017,-0.676,-0.328,0.538
3/31/2017,-0.681,-0.336,0.531
4/3/2017,-0.729,-0.4,0.488
4/4/2017,-0.719,-0.409,0.449
4/5/2017,-0.727,-0.422,0.442
4/6/2017,-0.722,-0.41,0.443
4/7/2017,-0.727,-0.445,0.42
4/10/2017,-0.712,-0.466,0.423
4/11/2017,-0.716,-0.453,0.449
4/12/2017,-0.709,-0.458,0.434
4/13/2017,-0.728,-0.47,0.416
4/14/2017,-0.728,-0.47,0.416
4/17/2017,-0.728,-0.47,0.416
4/18/2017,-0.69,-0.471,0.394
4/19/2017,-0.658,-0.41,0.41
4/20/2017,-0.642,-0.377,0.454
4/21/2017,-0.595,-0.273,0.579
4/24/2017,-0.535,-0.206,0.61
4/25/2017,-0.536,-0.17,0.659
4/26/2017,-0.547,-0.194,0.636
4/27/2017,-0.588,-0.253,0.574
4/28/2017,-0.583,-0.237,0.591
5/1/2017,-0.583,-0.237,0.591
5/2/2017,-0.569,-0.222,0.606
5/3/2017,-0.586,-0.229,0.603
5/4/2017,-0.567,-0.185,0.657
5/5/2017,-0.558,-0.165,0.667
5/8/2017,-0.544,-0.167,0.661
5/9/2017,-0.542,-0.166,0.674
5/10/2017,-0.544,-0.164,0.663
5/11/2017,-0.546,-0.166,0.673
5/12/2017,-0.567,-0.189,0.642
5/15/2017,-0.557,-0.168,0.687
5/16/2017,-0.542,-0.151,0.704
5/17/2017,-0.562,-0.208,0.655
5/18/2017,-0.566,-0.23,0.626
5/19/2017,-0.563,-0.212,0.639
5/22/2017,-0.556,-0.195,0.671
5/23/2017,-0.547,-0.185,0.682
5/24/2017,-0.557,-0.197,0.676
5/25/2017,-0.565,-0.231,0.635
5/26/2017,-0.589,-0.252,0.604
5/29/2017,-0.622,-0.292,0.576
5/30/2017,-0.607,-0.288,0.576
5/31/2017,-0.612,-0.287,0.583
6/1/2017,-0.609,-0.283,0.581
6/2/2017,-0.625,-0.306,0.55
6/5/2017,-0.609,-0.289,0.563
6/6/2017,-0.633,-0.318,0.517
6/7/2017,-0.629,-0.3,0.536
6/8/2017,-0.642,-0.313,0.519
6/9/2017,-0.637,-0.313,0.529
6/12/2017,-0.633,-0.314,0.515
6/13/2017,-0.613,-0.299,0.527
6/14/2017,-0.613,-0.316,0.482
6/15/2017,-0.579,-0.254,0.531
6/16/2017,-0.577,-0.276,0.516
6/19/2017,-0.574,-0.265,0.516
6/20/2017,-0.574,-0.278,0.498
6/21/2017,-0.551,-0.266,0.51
6/22/2017,-0.553,-0.272,0.5
6/23/2017,-0.554,-0.271,0.502
6/26/2017,-0.55,-0.269,0.495
6/27/2017,-0.502,-0.149,0.627
6/28/2017,-0.514,-0.178,0.621
6/29/2017,-0.496,-0.117,0.7
6/30/2017,-0.512,-0.11,0.707
7/3/2017,-0.516,-0.117,0.714
7/4/2017,-0.53,-0.127,0.707
7/5/2017,-0.526,-0.128,0.7
7/6/2017,-0.5,-0.055,0.791
7/7/2017,-0.519,-0.071,0.81
7/10/2017,-0.523,-0.088,0.78
7/11/2017,-0.521,-0.075,0.786
7/12/2017,-0.533,-0.109,0.746
7/13/2017,-0.53,-0.095,0.766
7/14/2017,-0.525,-0.095,0.757
7/17/2017,-0.539,-0.118,0.736
7/18/2017,-0.55,-0.143,0.711
7/19/2017,-0.554,-0.149,0.701
7/20/2017,-0.555,-0.168,0.686
7/21/2017,-0.553,-0.189,0.661
7/24/2017,-0.559,-0.194,0.658
7/25/2017,-0.558,-0.158,0.717
7/26/2017,-0.565,-0.171,0.713
7/27/2017,-0.569,-0.191,0.688
7/28/2017,-0.571,-0.195,0.693
7/31/2017,-0.573,-0.189,0.697
8/1/2017,-0.586,-0.236,0.65
8/2/2017,-0.582,-0.234,0.639
8/3/2017,-0.583,-0.245,0.609
8/4/2017,-0.586,-0.24,0.629
8/7/2017,-0.577,-0.249,0.619
8/8/2017,-0.564,-0.238,0.633
8/9/2017,-0.583,-0.277,0.592
8/10/2017,-0.589,-0.281,0.583
8/11/2017,-0.605,-0.306,0.552
8/14/2017,-0.609,-0.292,0.575
8/15/2017,-0.6,-0.261,0.602
8/16/2017,-0.594,-0.255,0.61
8/17/2017,-0.591,-0.261,0.598
8/18/2017,-0.583,-0.262,0.596
8/21/2017,-0.598,-0.277,0.581
8/22/2017,-0.603,-0.281,0.583
8/23/2017,-0.609,-0.294,0.565
8/24/2017,-0.616,-0.3,0.567
8/25/2017,-0.609,-0.285,0.585
8/28/2017,-0.623,-0.302,0.591
8/29/2017,-0.621,-0.32,0.554
8/30/2017,-0.627,-0.309,0.562
8/31/2017,-0.628,-0.31,0.558
9/1/2017,-0.631,-0.308,0.573
9/4/2017,-0.64,-0.324,0.556
9/5/2017,-0.653,-0.35,0.522
9/6/2017,-0.633,-0.336,0.536
9/7/2017,-0.655,-0.369,0.5
9/8/2017,-0.653,-0.363,0.509
9/11/2017,-0.657,-0.347,0.537
9/12/2017,-0.632,-0.287,0.596
9/13/2017,-0.635,-0.291,0.58
9/14/2017,-0.64,-0.283,0.587
9/15/2017,-0.624,-0.258,0.601
9/18/2017,-0.611,-0.249,0.622
9/19/2017,-0.61,-0.253,0.62
9/20/2017,-0.606,-0.26,0.616
9/21/2017,-0.593,-0.243,0.623
9/22/2017,-0.606,-0.247,0.615
9/25/2017,-0.63,-0.291,0.572
9/26/2017,-0.632,-0.291,0.579
9/27/2017,-0.621,-0.253,0.633
9/28/2017,-0.619,-0.253,0.639
9/29/2017,-0.59,-0.163,0.621
10/2/2017,-0.603,-0.18,0.607
10/3/2017,-0.603,-0.173,0.621
10/4/2017,-0.601,-0.173,0.624
10/5/2017,-0.588,-0.161,0.622
10/6/2017,-0.593,-0.161,0.627
10/9/2017,-0.603,-0.166,0.62
10/10/2017,-0.601,-0.17,0.617
10/11/2017,-0.595,-0.152,0.644
10/12/2017,-0.601,-0.177,0.625
10/13/2017,-0.626,-0.206,0.58
10/16/2017,-0.64,-0.236,0.55
10/17/2017,-0.634,-0.228,0.542
10/18/2017,-0.624,-0.204,0.572
10/19/2017,-0.633,-0.206,0.568
10/20/2017,-0.616,-0.169,0.622
10/23/2017,-0.627,-0.192,0.598
10/24/2017,-0.606,-0.155,0.642
10/25/2017,-0.607,-0.147,0.648
10/26/2017,-0.645,-0.216,0.579
10/27/2017,-0.673,-0.252,0.549
10/30/2017,-0.662,-0.253,0.529
10/31/2017,-0.656,-0.249,0.53
11/1/2017,-0.653,-0.246,0.534
11/2/2017,-0.656,-0.248,0.534
11/3/2017,-0.659,-0.251,0.524
11/6/2017,-0.669,-0.275,0.489
11/7/2017,-0.673,-0.288,0.469
11/8/2017,-0.673,-0.288,0.472
11/9/2017,-0.66,-0.259,0.527
11/10/2017,-0.649,-0.235,0.555
11/13/2017,-0.651,-0.236,0.553
11/14/2017,-0.647,-0.244,0.532
11/15/2017,-0.654,-0.256,0.513
11/16/2017,-0.65,-0.256,0.51
11/17/2017,-0.657,-0.268,0.493
11/20/2017,-0.654,-0.266,0.496
11/21/2017,-0.652,-0.275,0.483
11/22/2017,-0.636,-0.266,0.487
11/23/2017,-0.628,-0.261,0.489
11/24/2017,-0.63,-0.259,0.504
11/27/2017,-0.641,-0.281,0.484
11/28/2017,-0.634,-0.281,0.482
11/29/2017,-0.623,-0.241,0.525
11/30/2017,-0.628,-0.258,0.505
12/1/2017,-0.65,-0.299,0.439
12/4/2017,-0.646,-0.286,0.47
12/5/2017,-0.669,-0.319,0.444
12/6/2017,-0.673,-0.343,0.423
12/7/2017,-0.68,-0.352,0.422
12/8/2017,-0.656,-0.319,0.437
12/11/2017,-0.648,-0.29,0.433
12/12/2017,-0.634,-0.275,0.458
12/13/2017,-0.618,-0.261,0.465
12/14/2017,-0.609,-0.247,0.461
12/15/2017,-0.59,-0.238,0.455
12/18/2017,-0.593,-0.233,0.459
12/19/2017,-0.592,-0.181,0.528
12/20/2017,-0.576,-0.155,0.558
12/21/2017,-0.567,-0.142,0.568
12/22/2017,-0.562,-0.132,0.563
12/25/2017,-0.562,-0.132,0.563
12/26/2017,-0.562,-0.132,0.563
12/27/2017,-0.571,-0.154,0.512
12/28/2017,-0.536,-0.124,0.562
12/29/2017,-0.528,-0.127,0.563
1/1/2018,-0.528,-0.127,0.563
1/2/2018,-0.514,-0.101,0.605
1/3/2018,-0.561,-0.129,0.584
1/4/2018,-0.553,-0.133,0.579
1/5/2018,-0.551,-0.131,0.588
1/8/2018,-0.555,-0.14,0.579
1/9/2018,-0.554,-0.118,0.608
1/10/2018,-0.548,-0.106,0.618
1/11/2018,-0.498,-0.043,0.663
1/12/2018,-0.511,-0.045,0.663
1/15/2018,-0.529,-0.045,0.672
1/16/2018,-0.528,-0.052,0.648
1/17/2018,-0.52,-0.051,0.653
1/18/2018,-0.53,-0.046,0.662
1/19/2018,-0.54,-0.058,0.652
1/22/2018,-0.547,-0.058,0.653
1/23/2018,-0.54,-0.045,0.66
1/24/2018,-0.537,-0.023,0.691
1/25/2018,-0.521,0.019,0.712
1/26/2018,-0.505,0.056,0.735
1/29/2018,-0.488,0.092,0.795
1/30/2018,-0.49,0.082,0.786
1/31/2018,-0.489,0.098,0.801
2/1/2018,-0.503,0.094,0.821
2/2/2018,-0.493,0.122,0.861
2/5/2018,-0.512,0.086,0.823
2/6/2018,-0.524,0.058,0.79
2/7/2018,-0.501,0.096,0.83
2/8/2018,-0.512,0.095,0.835
2/9/2018,-0.529,0.08,0.82
2/12/2018,-0.539,0.086,0.836
2/13/2018,-0.533,0.08,0.839
2/14/2018,-0.526,0.085,0.848
2/15/2018,-0.522,0.091,0.856
2/16/2018,-0.532,0.056,0.802
2/19/2018,-0.532,0.073,0.832
2/20/2018,-0.52,0.07,0.841
2/21/2018,-0.521,0.067,0.838
2/22/2018,-0.53,0.052,0.817
2/23/2018,-0.545,0.022,0.763
2/26/2018,-0.548,0.022,0.765
2/27/2018,-0.535,0.044,0.787
2/28/2018,-0.383,0.197,0.869
3/1/2018,-0.395,0.188,0.86
3/2/2018,-0.394,0.191,0.867
3/5/2018,-0.397,0.187,0.862
3/6/2018,-0.383,0.212,0.868
3/7/2018,-0.384,0.2,0.847
3/8/2018,-0.401,0.176,0.817
3/9/2018,-0.397,0.188,0.837
3/12/2018,-0.406,0.171,0.824
3/13/2018,-0.411,0.166,0.816
3/14/2018,-0.422,0.149,0.789
3/15/2018,-0.424,0.135,0.775
3/16/2018,-0.44,0.127,0.769
3/19/2018,-0.432,0.127,0.765
3/20/2018,-0.418,0.14,0.773
3/21/2018,-0.414,0.144,0.778
3/22/2018,-0.443,0.098,0.722
3/23/2018,-0.446,0.098,0.72
3/26/2018,-0.446,0.094,0.718
3/27/2018,-0.453,0.076,0.696
3/28/2018,-0.45,0.078,0.697
3/29/2018,-0.456,0.068,0.693
3/30/2018,-0.455,0.068,0.693
4/2/2018,-0.455,0.068,0.693
4/3/2018,-0.443,0.083,0.711
4/4/2018,-0.441,0.074,0.705
4/5/2018,-0.426,0.09,0.722
4/6/2018,-0.436,0.067,0.689
4/9/2018,-0.426,0.076,0.688
4/10/2018,-0.405,0.092,0.709
4/11/2018,-0.42,0.073,0.693
4/12/2018,-0.42,0.071,0.708
4/13/2018,-0.432,0.068,0.706
4/16/2018,-0.426,0.079,0.712
4/17/2018,-0.437,0.053,0.693
4/18/2018,-0.422,0.073,0.716
4/19/2018,-0.408,0.122,0.785
4/20/2018,-0.415,0.111,0.779
4/23/2018,-0.416,0.139,0.816
4/24/2018,-0.423,0.141,0.809
4/25/2018,-0.425,0.144,0.808
4/26/2018,-0.446,0.111,0.769
4/27/2018,-0.459,0.094,0.75
4/30/2018,-0.467,0.08,0.74
5/1/2018,-0.467,0.08,0.74
5/2/2018,-0.457,0.097,0.763
5/3/2018,-0.472,0.07,0.717
5/4/2018,-0.461,0.084,0.732
5/7/2018,-0.468,0.077,0.72
5/8/2018,-0.459,0.096,0.756
5/9/2018,-0.459,0.092,0.755
5/10/2018,-0.465,0.092,0.755
5/11/2018,-0.461,0.095,0.752
5/14/2018,-0.435,0.141,0.804
5/15/2018,-0.425,0.165,0.836
5/16/2018,-0.45,0.127,0.802
5/17/2018,-0.434,0.151,0.835
5/18/2018,-0.464,0.101,0.784
5/21/2018,-0.506,0.059,0.749
5/22/2018,-0.478,0.089,0.783
5/23/2018,-0.505,0.06,0.767
5/24/2018,-0.515,0.028,0.728
5/25/2018,-0.533,-0.011,0.694
5/28/2018,-0.564,-0.065,0.633
5/29/2018,-0.631,-0.111,0.617
5/30/2018,-0.512,0.015,0.704
5/31/2018,-0.509,-0.036,0.651
6/1/2018,-0.493,-0.036,0.676
6/4/2018,-0.493,-0.028,0.686
6/5/2018,-0.531,-0.063,0.65
6/6/2018,-0.47,0.021,0.756
6/7/2018,-0.485,0.039,0.776
6/8/2018,-0.516,0.014,0.761
6/11/2018,-0.486,0.067,0.802
6/12/2018,-0.483,0.068,0.796
6/13/2018,-0.493,0.044,0.77
6/14/2018,-0.541,-0.04,0.694
6/15/2018,-0.547,-0.052,0.661
6/18/2018,-0.552,-0.062,0.645
6/19/2018,-0.563,-0.084,0.626
6/20/2018,-0.573,-0.086,0.63
6/21/2018,-0.604,-0.117,0.612
6/22/2018,-0.595,-0.112,0.618
6/25/2018,-0.603,-0.116,0.613
6/26/2018,-0.581,-0.105,0.639
6/27/2018,-0.59,-0.117,0.613
6/28/2018,-0.59,-0.114,0.609
6/29/2018,-0.592,-0.132,0.57
7/2/2018,-0.602,-0.144,0.563
7/3/2018,-0.595,-0.142,0.551
7/4/2018,-0.582,-0.137,0.559
7/5/2018,-0.561,-0.134,0.554
7/6/2018,-0.554,-0.144,0.541
7/9/2018,-0.545,-0.133,0.536
7/10/2018,-0.508,-0.112,0.558
7/11/2018,-0.53,-0.117,0.55
7/12/2018,-0.54,-0.129,0.539
7/13/2018,-0.543,-0.14,0.52
7/16/2018,-0.538,-0.118,0.546
7/17/2018,-0.537,-0.136,0.528
7/18/2018,-0.535,-0.142,0.521
7/19/2018,-0.535,-0.141,0.513
7/20/2018,-0.52,-0.11,0.562
7/23/2018,-0.512,-0.087,0.595
7/24/2018,-0.519,-0.097,0.58
7/25/2018,-0.509,-0.092,0.576
7/26/2018,-0.514,-0.086,0.585
7/27/2018,-0.512,-0.088,0.58
7/30/2018,-0.493,-0.056,0.608
7/31/2018,-0.482,-0.05,0.601
8/1/2018,-0.469,-0.022,0.637
8/2/2018,-0.494,-0.039,0.636
8/3/2018,-0.506,-0.078,0.596
8/6/2018,-0.529,-0.091,0.582
8/7/2018,-0.52,-0.077,0.599
8/8/2018,-0.528,-0.094,0.588
8/9/2018,-0.55,-0.11,0.572
8/10/2018,-0.558,-0.156,0.526
8/13/2018,-0.571,-0.146,0.529
8/14/2018,-0.555,-0.14,0.541
8/15/2018,-0.567,-0.166,0.525
8/16/2018,-0.555,-0.152,0.539
8/17/2018,-0.568,-0.162,0.525
8/20/2018,-0.562,-0.158,0.512
8/21/2018,-0.556,-0.129,0.537
8/22/2018,-0.535,-0.109,0.55
8/23/2018,-0.533,-0.111,0.547
8/24/2018,-0.531,-0.109,0.552
8/27/2018,-0.512,-0.084,0.583
8/28/2018,-0.507,-0.078,0.589
8/29/2018,-0.496,-0.051,0.614
8/30/2018,-0.532,-0.103,0.562
8/31/2018,-0.531,-0.111,0.545
9/3/2018,-0.529,-0.108,0.552
9/4/2018,-0.51,-0.089,0.562
9/5/2018,-0.486,-0.065,0.577
9/6/2018,-0.499,-0.086,0.55
9/7/2018,-0.484,-0.067,0.581
9/10/2018,-0.479,-0.055,0.582
9/11/2018,-0.472,-0.035,0.609
9/12/2018,-0.492,-0.054,0.595
9/13/2018,-0.486,-0.041,0.607
9/14/2018,-0.481,-0.025,0.632
9/17/2018,-0.467,-0.011,0.64
9/18/2018,-0.464,-0.006,0.662
9/19/2018,-0.471,-0.006,0.673
9/20/2018,-0.47,-0.019,0.658
9/21/2018,-0.484,-0.028,0.652
9/24/2018,-0.454,0.031,0.702
9/25/2018,-0.447,0.053,0.733
9/26/2018,-0.444,0.045,0.717
9/27/2018,-0.442,0.057,0.726
9/28/2018,-0.464,-0.001,0.674
10/1/2018,-0.479,-0.007,0.675
10/2/2018,-0.503,-0.037,0.637
10/3/2018,-0.475,0.015,0.686
10/4/2018,-0.46,0.043,0.733
10/5/2018,-0.454,0.07,0.773
10/8/2018,-0.481,0.025,0.728
10/9/2018,-0.469,0.044,0.749
10/10/2018,-0.477,0.048,0.749
10/11/2018,-0.495,0.025,0.718
10/12/2018,-0.514,0.001,0.699
10/15/2018,-0.527,-0.001,0.704
10/16/2018,-0.523,-0.004,0.695
10/17/2018,-0.547,-0.03,0.669
10/18/2018,-0.586,-0.078,0.63
10/19/2018,-0.542,-0.016,0.685
10/22/2018,-0.559,-0.027,0.676
10/23/2018,-0.574,-0.058,0.64
10/24/2018,-0.591,-0.076,0.626
10/25/2018,-0.585,-0.069,0.629
10/26/2018,-0.607,-0.099,0.59
10/29/2018,-0.595,-0.095,0.593
10/30/2018,-0.601,-0.1,0.579
10/31/2018,-0.592,-0.086,0.592
11/1/2018,-0.594,-0.084,0.598
11/2/2018,-0.591,-0.074,0.623
11/5/2018,-0.59,-0.073,0.624
11/6/2018,-0.585,-0.064,0.637
11/7/2018,-0.556,-0.048,0.649
11/8/2018,-0.552,-0.04,0.658
11/9/2018,-0.571,-0.077,0.613
11/12/2018,-0.581,-0.086,0.609
11/13/2018,-0.575,-0.074,0.623
11/14/2018,-0.577,-0.09,0.622
11/15/2018,-0.601,-0.123,0.588
11/16/2018,-0.587,-0.115,0.594
11/19/2018,-0.586,-0.106,0.604
11/20/2018,-0.591,-0.111,0.595
11/21/2018,-0.579,-0.091,0.621
11/22/2018,-0.578,-0.093,0.617
11/23/2018,-0.584,-0.112,0.588
11/26/2018,-0.567,-0.094,0.6
11/27/2018,-0.58,-0.108,0.592
11/28/2018,-0.584,-0.108,0.594
11/29/2018,-0.596,-0.132,0.564
11/30/2018,-0.598,-0.14,0.555
12/3/2018,-0.603,-0.145,0.551
12/4/2018,-0.613,-0.172,0.513
12/5/2018,-0.604,-0.155,0.528
12/6/2018,-0.62,-0.182,0.493
12/7/2018,-0.595,-0.165,0.51
12/10/2018,-0.575,-0.142,0.512
12/11/2018,-0.583,-0.16,0.506
12/12/2018,-0.56,-0.112,0.545
12/13/2018,-0.57,-0.144,0.541
12/14/2018,-0.593,-0.175,0.507
12/17/2018,-0.591,-0.168,0.51
12/18/2018,-0.589,-0.166,0.499
12/19/2018,-0.59,-0.172,0.491
12/20/2018,-0.587,-0.176,0.477
12/21/2018,-0.582,-0.169,0.496
12/24/2018,-0.589,-0.17,0.496
12/25/2018,-0.589,-0.17,0.496
12/26/2018,-0.589,-0.17,0.496
12/27/2018,-0.597,-0.197,0.475
12/28/2018,-0.556,-0.188,0.484
12/31/2018,-0.563,-0.188,0.484
1/1/2019,-0.563,-0.188,0.484
1/2/2019,-0.572,-0.233,0.417
1/3/2019,-0.573,-0.246,0.416
1/4/2019,-0.557,-0.207,0.47
1/7/2019,-0.545,-0.19,0.486
1/8/2019,-0.54,-0.181,0.495
1/9/2019,-0.543,-0.19,0.49
1/10/2019,-0.539,-0.206,0.469
1/11/2019,-0.534,-0.209,0.455
1/14/2019,-0.54,-0.222,0.445
1/15/2019,-0.561,-0.248,0.419
1/16/2019,-0.546,-0.227,0.434
1/17/2019,-0.534,-0.206,0.448
1/18/2019,-0.528,-0.19,0.462
1/21/2019,-0.521,-0.195,0.454
1/22/2019,-0.525,-0.211,0.44
1/23/2019,-0.522,-0.212,0.432
1/24/2019,-0.519,-0.237,0.389
1/25/2019,-0.516,-0.216,0.402
1/28/2019,-0.52,-0.214,0.417
1/29/2019,-0.506,-0.215,0.409
1/30/2019,-0.499,-0.212,0.403
1/31/2019,-0.496,-0.235,0.361
2/1/2019,-0.513,-0.237,0.378
2/4/2019,-0.503,-0.22,0.391
2/5/2019,-0.497,-0.219,0.39
2/6/2019,-0.473,-0.216,0.382
2/7/2019,-0.494,-0.265,0.337
2/8/2019,-0.491,-0.278,0.315
2/11/2019,-0.484,-0.125,0.475
2/12/2019,-0.482,-0.114,0.485
2/13/2019,-0.479,-0.114,0.476
2/14/2019,-0.474,-0.121,0.456
2/15/2019,-0.478,-0.125,0.458
2/18/2019,-0.486,-0.127,0.461
2/19/2019,-0.487,-0.125,0.457
2/20/2019,-0.485,-0.128,0.449
2/21/2019,-0.468,-0.099,0.473
2/22/2019,-0.48,-0.126,0.451
2/25/2019,-0.474,-0.111,0.465
2/26/2019,-0.468,-0.105,0.471
2/27/2019,-0.459,-0.079,0.501
2/28/2019,-0.45,-0.053,0.528
3/1/2019,-0.442,-0.055,0.527
3/4/2019,-0.452,-0.072,0.501
3/5/2019,-0.449,-0.061,0.511
3/6/2019,-0.471,-0.099,0.462
3/7/2019,-0.501,-0.151,0.392
3/8/2019,-0.493,-0.138,0.38
3/11/2019,-0.5,-0.148,0.379
3/12/2019,-0.503,-0.156,0.369
3/13/2019,-0.505,-0.152,0.378
3/14/2019,-0.502,-0.14,0.395
3/15/2019,-0.495,-0.137,0.388
3/18/2019,-0.489,-0.142,0.384
3/19/2019,-0.491,-0.133,0.397
3/20/2019,-0.493,-0.138,0.385
3/21/2019,-0.515,-0.177,0.331
3/22/2019,-0.534,-0.225,0.269
3/25/2019,-0.539,-0.23,0.257
3/26/2019,-0.532,-0.218,0.272
3/27/2019,-0.569,-0.285,0.215
3/28/2019,-0.559,-0.268,0.226
3/29/2019,-0.561,-0.277,0.23
4/1/2019,-0.55,-0.241,0.282
4/2/2019,-0.559,-0.26,0.267
4/3/2019,-0.529,-0.217,0.321
4/4/2019,-0.532,-0.219,0.3
4/5/2019,-0.525,-0.214,0.307
4/8/2019,-0.531,-0.215,0.3
4/9/2019,-0.526,-0.226,0.28
4/10/2019,-0.54,-0.25,0.263
4/11/2019,-0.53,-0.237,0.275
4/12/2019,-0.508,-0.187,0.335
4/15/2019,-0.506,-0.189,0.34
4/16/2019,-0.509,-0.186,0.348
4/17/2019,-0.506,-0.177,0.358
4/18/2019,-0.518,-0.211,0.303
4/19/2019,-0.518,-0.211,0.303
4/22/2019,-0.518,-0.211,0.303
4/23/2019,-0.515,-0.2,0.321
4/24/2019,-0.534,-0.243,0.268
4/25/2019,-0.537,-0.241,0.285
4/26/2019,-0.545,-0.251,0.275
4/29/2019,-0.529,-0.231,0.3
4/30/2019,-0.536,-0.227,0.302
5/1/2019,-0.536,-0.227,0.302
5/2/2019,-0.54,-0.221,0.318
5/3/2019,-0.542,-0.222,0.31
5/6/2019,-0.547,-0.236,0.288
5/7/2019,-0.553,-0.265,0.253
5/8/2019,-0.563,-0.267,0.255
5/9/2019,-0.571,-0.268,0.265
5/10/2019,-0.56,-0.268,0.268
5/13/2019,-0.569,-0.276,0.243
5/14/2019,-0.57,-0.273,0.241
5/15/2019,-0.584,-0.294,0.218
5/16/2019,-0.576,-0.288,0.213
5/17/2019,-0.569,-0.294,0.205
5/20/2019,-0.561,-0.283,0.222
5/21/2019,-0.543,-0.264,0.248
5/22/2019,-0.558,-0.281,0.224
5/23/2019,-0.567,-0.305,0.191
5/24/2019,-0.565,-0.301,0.192
5/27/2019,-0.582,-0.321,0.164
5/28/2019,-0.582,-0.322,0.155
5/29/2019,-0.585,-0.336,0.136
5/30/2019,-0.591,-0.337,0.139
5/31/2019,-0.608,-0.357,0.117
6/3/2019,-0.592,-0.35,0.112
6/4/2019,-0.588,-0.352,0.107
6/5/2019,-0.614,-0.387,0.083
6/6/2019,-0.595,-0.376,0.062
6/7/2019,-0.608,-0.4,0.028
6/10/2019,-0.606,-0.385,0.075
6/11/2019,-0.608,-0.389,0.056
6/12/2019,-0.61,-0.394,0.046
6/13/2019,-0.609,-0.389,0.042
6/14/2019,-0.627,-0.399,0.03
6/17/2019,-0.617,-0.398,0.043
6/18/2019,-0.689,-0.49,-0.045
6/19/2019,-0.653,-0.444,-0.009
6/20/2019,-0.677,-0.47,-0.038
6/21/2019,-0.663,-0.437,-0.004
6/24/2019,-0.669,-0.456,-0.028
6/25/2019,-0.671,-0.47,-0.05
6/26/2019,-0.661,-0.446,-0.029
6/27/2019,-0.664,-0.468,-0.048
6/28/2019,-0.678,-0.487,-0.057
7/1/2019,-0.69,-0.51,-0.087
7/2/2019,-0.696,-0.513,-0.099
7/3/2019,-0.692,-0.517,-0.129
7/4/2019,-0.697,-0.533,-0.152
7/5/2019,-0.687,-0.508,-0.121
7/8/2019,-0.676,-0.502,-0.113
7/9/2019,-0.678,-0.495,-0.097
7/10/2019,-0.675,-0.479,-0.056
7/11/2019,-0.667,-0.458,-0.021
7/12/2019,-0.663,-0.444,0.004
7/15/2019,-0.672,-0.469,-0.04
7/16/2019,-0.673,-0.467,-0.04
7/17/2019,-0.689,-0.506,-0.084
7/18/2019,-0.694,-0.517,-0.106
7/19/2019,-0.711,-0.53,-0.117
7/22/2019,-0.718,-0.546,-0.138
7/23/2019,-0.72,-0.547,-0.144
7/24/2019,-0.722,-0.554,-0.165
7/25/2019,-0.708,-0.538,-0.149
7/26/2019,-0.697,-0.538,-0.161
7/29/2019,-0.705,-0.55,-0.18
7/30/2019,-0.698,-0.551,-0.186
7/31/2019,-0.714,-0.583,-0.224
8/1/2019,-0.713,-0.586,-0.23
8/2/2019,-0.716,-0.607,-0.273
8/5/2019,-0.745,-0.628,-0.291
8/6/2019,-0.744,-0.645,-0.31
8/7/2019,-0.782,-0.688,-0.357
8/8/2019,-0.778,-0.68,-0.331
8/9/2019,-0.781,-0.68,-0.326
8/12/2019,-0.791,-0.687,-0.341
8/13/2019,-0.789,-0.692,-0.354
8/14/2019,-0.787,-0.708,-0.398
8/15/2019,-0.826,-0.757,-0.463
8/16/2019,-0.821,-0.745,-0.435
8/19/2019,-0.803,-0.726,-0.399
8/20/2019,-0.813,-0.751,-0.441
8/21/2019,-0.792,-0.721,-0.423
8/22/2019,-0.772,-0.703,-0.4
8/23/2019,-0.801,-0.727,-0.426
8/26/2019,-0.799,-0.718,-0.418
8/27/2019,-0.799,-0.726,-0.448
8/28/2019,-0.795,-0.73,-0.464
8/29/2019,-0.814,-0.733,-0.44
8/30/2019,-0.832,-0.741,-0.444
9/2/2019,-0.83,-0.745,-0.449
9/3/2019,-0.813,-0.727,-0.444
9/4/2019,-0.792,-0.71,-0.414
9/5/2019,-0.762,-0.664,-0.333
9/6/2019,-0.768,-0.674,-0.38
9/9/2019,-0.75,-0.648,-0.316
9/10/2019,-0.733,-0.622,-0.281
9/11/2019,-0.737,-0.636,-0.301
9/12/2019,-0.645,-0.544,-0.262
9/13/2019,-0.639,-0.517,-0.202
9/16/2019,-0.658,-0.54,-0.235
9/17/2019,-0.647,-0.526,-0.225
9/18/2019,-0.661,-0.544,-0.26
9/19/2019,-0.653,-0.534,-0.257
9/20/2019,-0.651,-0.536,-0.269
9/23/2019,-0.677,-0.574,-0.329
9/24/2019,-0.669,-0.58,-0.344
9/25/2019,-0.672,-0.569,-0.315
9/26/2019,-0.687,-0.578,-0.33
9/27/2019,-0.71,-0.592,-0.32
9/30/2019,-0.706,-0.595,-0.325
10/1/2019,-0.707,-0.599,-0.317
10/2/2019,-0.7,-0.588,-0.3
10/3/2019,-0.717,-0.62,-0.339
10/4/2019,-0.718,-0.615,-0.337
10/7/2019,-0.709,-0.608,-0.323
10/8/2019,-0.721,-0.622,-0.34
10/9/2019,-0.693,-0.584,-0.297
10/10/2019,-0.649,-0.507,-0.222
10/11/2019,-0.659,-0.511,-0.2
10/14/2019,-0.64,-0.505,-0.216
10/15/2019,-0.627,-0.49,-0.186
10/16/2019,-0.616,-0.471,-0.168
10/17/2019,-0.61,-0.471,-0.187
10/18/2019,-0.615,-0.449,-0.155
10/21/2019,-0.612,-0.442,-0.12
10/22/2019,-0.613,-0.444,-0.14
10/23/2019,-0.608,-0.455,-0.164
10/24/2019,-0.619,-0.472,-0.174
10/25/2019,-0.605,-0.444,-0.132
10/28/2019,-0.6,-0.425,-0.104
10/29/2019,-0.586,-0.428,-0.121
10/30/2019,-0.587,-0.434,-0.124
10/31/2019,-0.613,-0.48,-0.174
11/1/2019,-0.608,-0.472,-0.149
11/4/2019,-0.598,-0.453,-0.12
11/5/2019,-0.591,-0.432,-0.083
11/6/2019,-0.591,-0.446,-0.116
11/7/2019,-0.56,-0.364,-0.017
11/8/2019,-0.567,-0.387,-0.047
11/11/2019,-0.564,-0.374,-0.024
11/12/2019,-0.575,-0.387,-0.038
11/13/2019,-0.585,-0.406,-0.072
11/14/2019,-0.601,-0.445,-0.12
11/15/2019,-0.595,-0.426,-0.102
11/18/2019,-0.59,-0.42,-0.105
11/19/2019,-0.597,-0.417,-0.106
11/20/2019,-0.603,-0.428,-0.111
11/21/2019,-0.584,-0.413,-0.092
11/22/2019,-0.598,-0.438,-0.125
11/25/2019,-0.589,-0.423,-0.115
11/26/2019,-0.59,-0.445,-0.138
11/27/2019,-0.593,-0.446,-0.145
11/28/2019,-0.587,-0.439,-0.135
11/29/2019,-0.591,-0.442,-0.134
12/2/2019,-0.574,-0.393,-0.061
12/3/2019,-0.602,-0.449,-0.131
12/4/2019,-0.592,-0.441,-0.098
12/5/2019,-0.586,-0.427,-0.077
12/6/2019,-0.587,-0.418,-0.065
12/9/2019,-0.598,-0.443,-0.086
12/10/2019,-0.609,-0.437,-0.075
12/11/2019,-0.614,-0.454,-0.1
12/12/2019,-0.6,-0.412,-0.049
12/13/2019,-0.598,-0.418,-0.076
12/16/2019,-0.602,-0.42,-0.063
12/17/2019,-0.616,-0.432,-0.079
12/18/2019,-0.616,-0.406,-0.036
12/19/2019,-0.605,-0.396,-0.022
12/20/2019,-0.618,-0.409,-0.038
12/23/2019,-0.617,-0.4,-0.032
12/24/2019,-0.636,-0.404,-0.033
12/25/2019,-0.636,-0.404,-0.033
12/26/2019,-0.636,-0.404,-0.033
12/27/2019,-0.614,-0.407,-0.05
12/30/2019,-0.585,-0.353,0.016
12/31/2019,-0.585,-0.353,0.016
1/1/2020,-0.591,-0.354,0.016
1/2/2020,-0.593,-0.391,-0.023
1/3/2020,-0.609,-0.435,-0.079
1/6/2020,-0.608,-0.434,-0.081
1/7/2020,-0.602,-0.433,-0.076
1/8/2020,-0.598,-0.401,-0.035
1/9/2020,-0.585,-0.374,-0.013
1/10/2020,-0.59,-0.393,-0.04
1/13/2020,-0.577,-0.366,0.004
1/14/2020,-0.571,-0.368,-0.007
1/15/2020,-0.581,-0.388,-0.034
1/16/2020,-0.576,-0.402,-0.049
1/17/2020,-0.581,-0.397,-0.044
1/20/2020,-0.576,-0.4,-0.047
1/21/2020,-0.573,-0.414,-0.075
1/22/2020,-0.58,-0.423,-0.089
1/23/2020,-0.592,-0.455,-0.138
1/24/2020,-0.603,-0.473,-0.164
1/27/2020,-0.611,-0.506,-0.208
1/28/2020,-0.612,-0.477,-0.171
1/29/2020,-0.622,-0.503,-0.21
1/30/2020,-0.641,-0.527,-0.237
1/31/2020,-0.645,-0.553,-0.265
2/3/2020,-0.644,-0.556,-0.271
2/4/2020,-0.623,-0.523,-0.227
2/5/2020,-0.619,-0.497,-0.19
2/6/2020,-0.607,-0.5,-0.202
2/7/2020,-0.616,-0.511,-0.222
2/10/2020,-0.615,-0.523,-0.247
2/11/2020,-0.618,-0.515,-0.23
2/12/2020,-0.616,-0.514,-0.223
2/13/2020,-0.626,-0.519,-0.231
2/14/2020,-0.63,-0.535,-0.249
2/17/2020,-0.632,-0.534,-0.25
2/18/2020,-0.627,-0.531,-0.255
2/19/2020,-0.627,-0.542,-0.265
2/20/2020,-0.627,-0.546,-0.288
2/21/2020,-0.627,-0.532,-0.275
2/24/2020,-0.658,-0.57,-0.311
2/25/2020,-0.673,-0.59,-0.335
2/26/2020,-0.676,-0.591,-0.322
2/27/2020,-0.698,-0.605,-0.337
2/28/2020,-0.724,-0.64,-0.388
3/2/2020,-0.737,-0.663,-0.382
3/3/2020,-0.726,-0.679,-0.404
3/4/2020,-0.756,-0.698,-0.424
3/5/2020,-0.773,-0.72,-0.451
3/6/2020,-0.77,-0.703,-0.434
3/9/2020,-0.865,-0.758,-0.469
3/10/2020,-0.804,-0.687,-0.391
3/11/2020,-0.8,-0.672,-0.371
3/12/2020,-0.783,-0.606,-0.299
3/13/2020,-0.738,-0.458,-0.088
3/16/2020,-0.639,-0.242,0.117
3/17/2020,-0.581,-0.163,0.147
3/18/2020,-0.485,-0.015,0.283
3/19/2020,-0.435,0.011,0.21
3/20/2020,-0.463,-0.116,0.106
3/23/2020,-0.442,-0.067,0.086
3/24/2020,-0.411,-0.06,0.14
3/25/2020,-0.338,-0.014,0.224
3/26/2020,-0.421,-0.212,0.067
3/27/2020,-0.602,-0.358,-0.062
3/30/2020,-0.611,-0.342,-0.04
3/31/2020,-0.59,-0.311,-0.008
4/1/2020,-0.544,-0.258,0.022
4/2/2020,-0.515,-0.236,0.047
4/3/2020,-0.504,-0.221,0.047
4/6/2020,-0.5,-0.234,0.053
4/7/2020,-0.435,-0.142,0.141
4/8/2020,-0.444,-0.157,0.15
4/9/2020,-0.484,-0.217,0.087
4/10/2020,-0.484,-0.217,0.087
4/13/2020,-0.484,-0.217,0.087
4/14/2020,-0.486,-0.236,0.06
4/15/2020,-0.499,-0.289,-0.006
4/16/2020,-0.49,-0.29,-0.009
4/17/2020,-0.501,-0.298,-0.019
4/20/2020,-0.461,-0.251,0.039
4/21/2020,-0.461,-0.258,0.01
4/22/2020,-0.448,-0.215,0.091
4/23/2020,-0.482,-0.253,0.041
4/24/2020,-0.535,-0.321,-0.023
4/27/2020,-0.522,-0.309,-0.032
4/28/2020,-0.547,-0.328,-0.047
4/29/2020,-0.579,-0.363,-0.088
4/30/2020,-0.645,-0.456,-0.174
5/1/2020,-0.645,-0.456,-0.174
5/4/2020,-0.63,-0.43,-0.136
5/5/2020,-0.66,-0.443,-0.137
5/6/2020,-0.609,-0.382,-0.075
5/7/2020,-0.636,-0.416,-0.109
5/8/2020,-0.656,-0.431,-0.108
5/11/2020,-0.631,-0.404,-0.079
5/12/2020,-0.608,-0.408,-0.095
5/13/2020,-0.623,-0.431,-0.129
5/14/2020,-0.615,-0.426,-0.134
5/15/2020,-0.605,-0.41,-0.112
5/18/2020,-0.583,-0.376,-0.065
5/19/2020,-0.574,-0.375,-0.087
5/20/2020,-0.584,-0.392,-0.105
5/21/2020,-0.601,-0.413,-0.128
5/22/2020,-0.582,-0.397,-0.112
5/25/2020,-0.578,-0.406,-0.123
5/26/2020,-0.548,-0.354,-0.064
5/27/2020,-0.559,-0.359,-0.067
5/28/2020,-0.57,-0.388,-0.111
5/29/2020,-0.574,-0.421,-0.133
6/1/2020,-0.574,-0.394,-0.095
6/2/2020,-0.57,-0.408,-0.116
6/3/2020,-0.542,-0.364,-0.056
6/4/2020,-0.545,-0.385,-0.066
6/5/2020,-0.535,-0.361,-0.024
6/8/2020,-0.559,-0.4,-0.068
6/9/2020,-0.523,-0.377,-0.051
6/10/2020,-0.525,-0.378,-0.054
6/11/2020,-0.57,-0.443,-0.127
6/12/2020,-0.591,-0.477,-0.155
6/15/2020,-0.569,-0.467,-0.165
6/16/2020,-0.574,-0.468,-0.157
6/17/2020,-0.576,-0.47,-0.151
6/18/2020,-0.586,-0.479,-0.166
6/19/2020,-0.596,-0.491,-0.185
6/22/2020,-0.606,-0.517,-0.208
6/23/2020,-0.588,-0.492,-0.178
6/24/2020,-0.601,-0.505,-0.208
6/25/2020,-0.612,-0.524,-0.233
6/26/2020,-0.623,-0.531,-0.238
6/29/2020,-0.622,-0.525,-0.231
6/30/2020,-0.613,-0.515,-0.221
7/1/2020,-0.581,-0.461,-0.168
7/2/2020,-0.609,-0.502,-0.213
7/3/2020,-0.621,-0.51,-0.221
7/6/2020,-0.622,-0.512,-0.227
7/7/2020,-0.617,-0.506,-0.227
7/8/2020,-0.612,-0.507,-0.233
7/9/2020,-0.624,-0.525,-0.255
7/10/2020,-0.628,-0.537,-0.26
7/13/2020,-0.604,-0.493,-0.215
7/14/2020,-0.611,-0.521,-0.245
7/15/2020,-0.616,-0.522,-0.245
7/16/2020,-0.624,-0.541,-0.265
7/17/2020,-0.627,-0.53,-0.248
7/20/2020,-0.637,-0.55,-0.273
7/21/2020,-0.626,-0.548,-0.268
7/22/2020,-0.651,-0.575,-0.297
7/23/2020,-0.63,-0.569,-0.29
7/24/2020,-0.606,-0.537,-0.256
7/27/2020,-0.637,-0.577,-0.301
7/28/2020,-0.645,-0.59,-0.31
7/29/2020,-0.638,-0.578,-0.296
7/30/2020,-0.666,-0.608,-0.333
7/31/2020,-0.652,-0.591,-0.312
8/3/2020,-0.647,-0.589,-0.31
8/4/2020,-0.643,-0.615,-0.343
8/5/2020,-0.641,-0.58,-0.301
8/6/2020,-0.646,-0.604,-0.329
8/7/2020,-0.641,-0.594,-0.321
8/10/2020,-0.654,-0.612,-0.345
8/11/2020,-0.643,-0.582,-0.305
8/12/2020,-0.639,-0.577,-0.287
8/13/2020,-0.611,-0.543,-0.245
8/14/2020,-0.618,-0.549,-0.249
8/17/2020,-0.628,-0.574,-0.28
8/18/2020,-0.634,-0.584,-0.289
8/19/2020,-0.642,-0.597,-0.3
8/20/2020,-0.651,-0.609,-0.319
8/21/2020,-0.653,-0.615,-0.328
8/24/2020,-0.65,-0.601,-0.313
8/25/2020,-0.623,-0.562,-0.259
8/26/2020,-0.616,-0.554,-0.247
8/27/2020,-0.621,-0.554,-0.237
8/28/2020,-0.638,-0.567,-0.246
8/31/2020,-0.623,-0.543,-0.232
9/1/2020,-0.646,-0.572,-0.257
9/2/2020,-0.681,-0.622,-0.314
9/3/2020,-0.687,-0.632,-0.328
9/4/2020,-0.684,-0.614,-0.306
9/7/2020,-0.679,-0.613,-0.302
9/8/2020,-0.676,-0.627,-0.327
9/9/2020,-0.663,-0.601,-0.297
9/10/2020,-0.643,-0.573,-0.272
9/11/2020,-0.667,-0.617,-0.319
9/14/2020,-0.676,-0.618,-0.323
9/15/2020,-0.656,-0.608,-0.323
9/16/2020,-0.658,-0.606,-0.327
9/17/2020,-0.668,-0.619,-0.333
9/18/2020,-0.67,-0.622,-0.333
9/21/2020,-0.695,-0.659,-0.369
9/22/2020,-0.683,-0.638,-0.346
9/23/2020,-0.674,-0.636,-0.345
9/24/2020,-0.667,-0.628,-0.343
9/25/2020,-0.677,-0.646,-0.368
9/28/2020,-0.67,-0.644,-0.365
9/29/2020,-0.674,-0.653,-0.374
9/30/2020,-0.66,-0.635,-0.357
10/1/2020,-0.67,-0.646,-0.37
10/2/2020,-0.666,-0.647,-0.373
10/5/2020,-0.653,-0.628,-0.351
10/6/2020,-0.666,-0.632,-0.355
10/7/2020,-0.657,-0.623,-0.342
10/8/2020,-0.675,-0.65,-0.37
10/9/2020,-0.682,-0.657,-0.375
10/12/2020,-0.696,-0.669,-0.394
10/13/2020,-0.704,-0.679,-0.404
10/14/2020,-0.715,-0.693,-0.427
10/15/2020,-0.727,-0.709,-0.45
10/16/2020,-0.74,-0.717,-0.458
10/19/2020,-0.745,-0.724,-0.454
10/20/2020,-0.737,-0.705,-0.436
10/21/2020,-0.73,-0.689,-0.416
10/22/2020,-0.716,-0.67,-0.398
10/23/2020,-0.714,-0.67,-0.407
10/26/2020,-0.715,-0.673,-0.409
10/27/2020,-0.74,-0.7,-0.439
10/28/2020,-0.749,-0.712,-0.44
10/29/2020,-0.779,-0.732,-0.456
10/30/2020,-0.765,-0.719,-0.445
11/2/2020,-0.782,-0.727,-0.455
11/3/2020,-0.774,-0.714,-0.437
11/4/2020,-0.78,-0.725,-0.457
11/5/2020,-0.773,-0.723,-0.462
11/6/2020,-0.774,-0.718,-0.452
11/9/2020,-0.728,-0.657,-0.365
11/10/2020,-0.715,-0.633,-0.342
11/11/2020,-0.708,-0.645,-0.37
11/12/2020,-0.716,-0.662,-0.397
11/13/2020,-0.728,-0.67,-0.409
11/16/2020,-0.718,-0.667,-0.402
11/17/2020,-0.718,-0.677,-0.42
11/18/2020,-0.718,-0.672,-0.41
11/19/2020,-0.723,-0.68,-0.43
11/20/2020,-0.739,-0.695,-0.442
11/23/2020,-0.738,-0.696,-0.436
11/24/2020,-0.728,-0.678,-0.417
11/25/2020,-0.736,-0.686,-0.421
11/26/2020,-0.733,-0.695,-0.439
11/27/2020,-0.732,-0.696,-0.441
11/30/2020,-0.719,-0.68,-0.423
12/1/2020,-0.696,-0.649,-0.378
12/2/2020,-0.697,-0.645,-0.37
12/3/2020,-0.716,-0.676,-0.408
12/4/2020,-0.718,-0.678,-0.401
12/7/2020,-0.726,-0.701,-0.442
12/8/2020,-0.743,-0.719,-0.462
12/9/2020,-0.74,-0.72,-0.46
12/10/2020,-0.734,-0.715,-0.458
12/11/2020,-0.745,-0.738,-0.485
12/14/2020,-0.735,-0.727,-0.468
12/15/2020,-0.727,-0.72,-0.463
12/16/2020,-0.7,-0.688,-0.416
12/17/2020,-0.697,-0.689,-0.426
12/18/2020,-0.697,-0.689,-0.429
12/21/2020,-0.718,-0.698,-0.439
12/22/2020,-0.709,-0.709,-0.453
12/23/2020,-0.692,-0.675,-0.407
12/24/2020,-0.693,-0.676,-0.407
12/25/2020,-0.693,-0.676,-0.407
12/28/2020,-0.704,-0.689,-0.422
12/29/2020,-0.723,-0.701,-0.428
12/30/2020,-0.706,-0.696,-0.433
12/31/2020,-0.707,-0.697,-0.433
1/1/2021,-0.707,-0.697,-0.433
1/4/2021,-0.706,-0.712,-0.464
1/5/2021,-0.704,-0.69,-0.43
1/6/2021,-0.69,-0.671,-0.409
1/7/2021,-0.698,-0.677,-0.411
1/8/2021,-0.701,-0.675,-0.416
1/11/2021,-0.694,-0.661,-0.393
1/12/2021,-0.682,-0.63,-0.356
1/13/2021,-0.694,-0.664,-0.405
1/14/2021,-0.71,-0.69,-0.428
1/15/2021,-0.703,-0.682,-0.416
1/18/2021,-0.69,-0.667,-0.399
1/19/2021,-0.686,-0.663,-0.403
1/20/2021,-0.685,-0.666,-0.401
1/21/2021,-0.672,-0.647,-0.367
1/22/2021,-0.678,-0.655,-0.377
1/25/2021,-0.694,-0.679,-0.416
1/26/2021,-0.691,-0.668,-0.396
1/27/2021,-0.704,-0.684,-0.407
1/28/2021,-0.71,-0.686,-0.398
1/29/2021,-0.702,-0.67,-0.386
2/1/2021,-0.695,-0.664,-0.387
2/2/2021,-0.685,-0.646,-0.362
2/3/2021,-0.683,-0.628,-0.337
2/4/2021,-0.683,-0.622,-0.33
2/5/2021,-0.687,-0.624,-0.323
2/8/2021,-0.684,-0.62,-0.326
2/9/2021,-0.686,-0.629,-0.327
2/10/2021,-0.684,-0.625,-0.313
2/11/2021,-0.677,-0.575,-0.263
2/12/2021,-0.664,-0.556,-0.23
2/15/2021,-0.649,-0.516,-0.183
2/16/2021,-0.639,-0.5,-0.146
2/17/2021,-0.632,-0.512,-0.151
2/18/2021,-0.617,-0.479,-0.121
2/19/2021,-0.619,-0.461,-0.081
2/22/2021,-0.627,-0.485,-0.117
2/23/2021,-0.623,-0.463,-0.087
2/24/2021,-0.617,-0.453,-0.067
2/25/2021,-0.579,-0.389,0.001
2/26/2021,-0.595,-0.417,-0.04
3/1/2021,-0.637,-0.493,-0.132
3/2/2021,-0.655,-0.511,-0.137
3/3/2021,-0.635,-0.469,-0.07
3/4/2021,-0.643,-0.488,-0.097
3/5/2021,-0.636,-0.488,-0.084
3/8/2021,-0.628,-0.458,-0.057
3/9/2021,-0.629,-0.474,-0.081
3/10/2021,-0.63,-0.48,-0.072
3/11/2021,-0.645,-0.497,-0.116
3/12/2021,-0.648,-0.495,-0.097
3/15/2021,-0.65,-0.518,-0.125
3/16/2021,-0.652,-0.522,-0.115
3/17/2021,-0.636,-0.489,-0.071
3/18/2021,-0.637,-0.48,-0.046
3/19/2021,-0.648,-0.506,-0.078
3/22/2021,-0.656,-0.518,-0.091
3/23/2021,-0.665,-0.535,-0.12
3/24/2021,-0.668,-0.544,-0.127
3/25/2021,-0.669,-0.556,-0.158
3/26/2021,-0.67,-0.534,-0.123
3/29/2021,-0.666,-0.514,-0.096
3/30/2021,-0.647,-0.481,-0.069
3/31/2021,-0.649,-0.488,-0.077
4/1/2021,-0.673,-0.522,-0.112
4/2/2021,-0.673,-0.522,-0.112
4/5/2021,-0.673,-0.522,-0.112
4/6/2021,-0.663,-0.508,-0.098
4/7/2021,-0.67,-0.514,-0.101
4/8/2021,-0.682,-0.527,-0.113
4/9/2021,-0.663,-0.492,-0.08
4/12/2021,-0.664,-0.483,-0.07
4/13/2021,-0.663,-0.474,-0.065
4/14/2021,-0.641,-0.455,-0.036
4/15/2021,-0.661,-0.485,-0.066
4/16/2021,-0.653,-0.468,-0.039
4/19/2021,-0.642,-0.453,-0.016
4/20/2021,-0.651,-0.473,-0.044
4/21/2021,-0.656,-0.473,-0.043
4/22/2021,-0.654,-0.464,-0.034
4/23/2021,-0.658,-0.472,-0.038
4/26/2021,-0.653,-0.461,-0.031
4/27/2021,-0.648,-0.455,-0.026
4/28/2021,-0.644,-0.44,-0.004
4/29/2021,-0.638,-0.419,0.031
4/30/2021,-0.646,-0.429,0.025
5/3/2021,-0.652,-0.433,0.022
5/4/2021,-0.662,-0.461,-0.01
5/5/2021,-0.657,-0.456,-0.002
5/6/2021,-0.662,-0.453,0.003
5/7/2021,-0.643,-0.431,0.025
5/10/2021,-0.647,-0.436,0.032
5/11/2021,-0.626,-0.394,0.074
5/12/2021,-0.612,-0.366,0.112
5/13/2021,-0.609,-0.35,0.124
5/14/2021,-0.617,-0.35,0.119
5/17/2021,-0.609,-0.333,0.146
5/18/2021,-0.604,-0.322,0.154
5/19/2021,-0.607,-0.329,0.148
5/20/2021,-0.629,-0.337,0.125
5/21/2021,-0.62,-0.36,0.102
5/24/2021,-0.635,-0.361,0.091
5/25/2021,-0.642,-0.392,0.061
5/26/2021,-0.647,-0.421,0.023
5/27/2021,-0.634,-0.398,0.052
5/28/2021,-0.642,-0.411,0.043
5/31/2021,-0.634,-0.41,0.038
6/1/2021,-0.625,-0.408,0.045
6/2/2021,-0.637,-0.425,0.026
6/3/2021,-0.631,-0.425,0.042
6/4/2021,-0.637,-0.454,0.017
6/7/2021,-0.625,-0.432,0.036
6/8/2021,-0.634,-0.454,0.008
6/9/2021,-0.641,-0.471,-0.015
6/10/2021,-0.648,-0.482,-0.028
6/11/2021,-0.646,-0.486,-0.042
6/14/2021,-0.639,-0.464,-0.019
6/15/2021,-0.643,-0.45,0.002
6/16/2021,-0.642,-0.463,-0.015
6/17/2021,-0.617,-0.434,0.008
6/18/2021,-0.604,-0.419,0.013
6/21/2021,-0.598,-0.4,0.035
6/22/2021,-0.603,-0.398,0.034
6/23/2021,-0.631,-0.409,0.02
6/24/2021,-0.629,-0.414,0.009
6/25/2021,-0.625,-0.384,0.051
6/28/2021,-0.62,-0.409,0.02
6/29/2021,-0.627,-0.394,0.036
6/30/2021,-0.636,-0.421,-0.005
7/1/2021,-0.645,-0.424,-0.005
7/2/2021,-0.653,-0.45,-0.04
7/5/2021,-0.643,-0.435,-0.016
7/6/2021,-0.679,-0.483,-0.079
7/7/2021,-0.685,-0.507,-0.107
7/8/2021,-0.682,-0.5,-0.104
7/9/2021,-0.678,-0.498,-0.089
7/12/2021,-0.672,-0.496,-0.093
7/13/2021,-0.674,-0.502,-0.098
7/14/2021,-0.679,-0.52,-0.121
7/15/2021,-0.683,-0.524,-0.129
7/16/2021,-0.68,-0.532,-0.15
7/19/2021,-0.692,-0.556,-0.17
7/20/2021,-0.704,-0.582,-0.186
7/21/2021,-0.696,-0.575,-0.171
7/22/2021,-0.707,-0.604,-0.207
7/23/2021,-0.721,-0.608,-0.204
7/26/2021,-0.715,-0.611,-0.192
7/27/2021,-0.728,-0.623,-0.21
7/28/2021,-0.729,-0.631,-0.212
7/29/2021,-0.738,-0.631,-0.212
7/30/2021,-0.746,-0.641,-0.224
8/2/2021,-0.75,-0.656,-0.26
8/3/2021,-0.752,-0.652,-0.254
8/4/2021,-0.763,-0.67,-0.266
8/5/2021,-0.764,-0.669,-0.264
8/6/2021,-0.745,-0.635,-0.234
8/9/2021,-0.74,-0.636,-0.236
8/10/2021,-0.751,-0.633,-0.235
8/11/2021,-0.739,-0.635,-0.24
8/12/2021,-0.743,-0.632,-0.238
8/13/2021,-0.734,-0.63,-0.245
8/16/2021,-0.743,-0.63,-0.243
8/17/2021,-0.738,-0.624,-0.243
8/18/2021,-0.756,-0.634,-0.254
8/19/2021,-0.754,-0.639,-0.26
8/20/2021,-0.752,-0.641,-0.265
8/23/2021,-0.772,-0.635,-0.252
8/24/2021,-0.774,-0.631,-0.248
8/25/2021,-0.783,-0.599,-0.192
8/26/2021,-0.766,-0.589,-0.176
8/27/2021,-0.776,-0.603,-0.194
8/30/2021,-0.79,-0.612,-0.21
8/31/2021,-0.766,-0.57,-0.158
9/1/2021,-0.771,-0.573,-0.15
9/2/2021,-0.768,-0.58,-0.16
9/3/2021,-0.76,-0.568,-0.141
9/6/2021,-0.771,-0.572,-0.147
9/7/2021,-0.768,-0.535,-0.097
9/8/2021,-0.758,-0.539,-0.099
9/9/2021,-0.763,-0.568,-0.15
9/10/2021,-0.754,-0.541,-0.119
9/13/2021,-0.76,-0.546,-0.116
9/14/2021,-0.76,-0.551,-0.126
9/15/2021,-0.759,-0.533,-0.09
9/16/2021,-0.766,-0.531,-0.088
9/17/2021,-0.766,-0.521,-0.069
9/20/2021,-0.777,-0.548,-0.103
9/21/2021,-0.774,-0.545,-0.099
9/22/2021,-0.775,-0.546,-0.105
9/23/2021,-0.752,-0.499,-0.044
9/24/2021,-0.764,-0.484,-0.013
9/27/2021,-0.755,-0.474,-0.006
9/28/2021,-0.737,-0.463,0.026
9/29/2021,-0.773,-0.472,0.011
9/30/2021,-0.755,-0.465,0.018
10/1/2021,-0.75,-0.484,-0.003
10/4/2021,-0.752,-0.476,0.01
10/5/2021,-0.742,-0.455,0.032
10/6/2021,-0.739,-0.453,0.04
10/7/2021,-0.752,-0.462,0.034
10/8/2021,-0.737,-0.441,0.065
10/11/2021,-0.739,-0.41,0.097
10/12/2021,-0.715,-0.37,0.127
10/13/2021,-0.721,-0.388,0.088
10/14/2021,-0.746,-0.448,0.026
10/15/2021,-0.732,-0.425,0.05
10/18/2021,-0.68,-0.375,0.069
10/19/2021,-0.677,-0.357,0.115
10/20/2021,-0.706,-0.391,0.093
10/21/2021,-0.688,-0.347,0.124
10/22/2021,-0.685,-0.339,0.118
10/25/2021,-0.707,-0.373,0.108
10/26/2021,-0.692,-0.363,0.105
10/27/2021,-0.677,-0.386,0.053
10/28/2021,-0.647,-0.357,0.101
10/29/2021,-0.628,-0.307,0.145
11/1/2021,-0.634,-0.318,0.143
11/2/2021,-0.678,-0.395,0.069
11/3/2021,-0.663,-0.395,0.061
11/4/2021,-0.717,-0.483,-0.007
11/5/2021,-0.733,-0.509,-0.063
11/8/2021,-0.723,-0.483,-0.027
11/9/2021,-0.742,-0.511,-0.082
11/10/2021,-0.727,-0.47,-0.025
11/11/2021,-0.754,-0.448,-0.011
11/12/2021,-0.776,-0.474,-0.038
11/15/2021,-0.727,-0.431,-0.011
11/16/2021,-0.768,-0.461,-0.022
11/17/2021,-0.781,-0.454,-0.017
11/18/2021,-0.793,-0.473,-0.043
11/19/2021,-0.809,-0.503,-0.098
11/22/2021,-0.78,-0.453,-0.051
11/23/2021,-0.781,-0.407,0.038
11/24/2021,-0.786,-0.413,0.031
11/25/2021,-0.775,-0.442,0.002
11/26/2021,-0.77,-0.52,-0.078
11/29/2021,-0.765,-0.514,-0.058
11/30/2021,-0.751,-0.519,-0.095
12/1/2021,-0.725,-0.492,-0.087
12/2/2021,-0.748,-0.514,-0.108
12/3/2021,-0.744,-0.524,-0.134
12/6/2021,-0.729,-0.518,-0.135
12/7/2021,-0.719,-0.494,-0.124
12/8/2021,-0.699,-0.448,-0.06
12/9/2021,-0.72,-0.482,-0.099
12/10/2021,-0.701,-0.472,-0.097
12/13/2021,-0.713,-0.494,-0.13
12/14/2021,-0.683,-0.484,-0.119
12/15/2021,-0.68,-0.481,-0.11
12/16/2021,-0.69,-0.478,-0.096
12/17/2021,-0.717,-0.504,-0.122
12/20/2021,-0.736,-0.503,-0.114
12/21/2021,-0.722,-0.455,-0.047
12/22/2021,-0.711,-0.445,-0.032
12/23/2021,-0.722,-0.414,0.013
12/24/2021,-0.723,-0.415,0.012
12/27/2021,-0.697,-0.392,0.022
12/28/2021,-0.694,-0.385,0.023
12/29/2021,-0.69,-0.368,0.079
12/30/2021,-0.683,-0.367,0.072
12/31/2021,-0.684,-0.367,0.072
1/3/2022,-0.659,-0.31,0.134
1/4/2022,-0.67,-0.318,0.126
1/5/2022,-0.664,-0.33,0.123
1/6/2022,-0.652,-0.301,0.151
1/7/2022,-0.644,-0.281,0.17
1/10/2022,-0.636,-0.273,0.178
1/11/2022,-0.626,-0.255,0.19
1/12/2022,-0.634,-0.279,0.159
1/13/2022,-0.646,-0.3,0.126
1/14/2022,-0.629,-0.263,0.172
1/17/2022,-0.619,-0.242,0.194
1/18/2022,-0.63,-0.235,0.206
1/19/2022,-0.625,-0.229,0.217
1/20/2022,-0.637,-0.233,0.207
1/21/2022,-0.673,-0.267,0.171
1/24/2022,-0.668,-0.308,0.131
1/25/2022,-0.682,-0.282,0.159
1/26/2022,-0.673,-0.272,0.166
1/27/2022,-0.647,-0.235,0.183
1/28/2022,-0.639,-0.225,0.196
1/31/2022,-0.59,-0.149,0.251
2/1/2022,-0.574,-0.127,0.278
2/2/2022,-0.585,-0.111,0.278
2/3/2022,-0.475,0.036,0.403
2/4/2022,-0.386,0.152,0.492
2/7/2022,-0.423,0.157,0.523
2/8/2022,-0.42,0.188,0.56
2/9/2022,-0.464,0.12,0.503
2/10/2022,-0.453,0.188,0.59
2/11/2022,-0.428,0.199,0.617
2/14/2022,-0.448,0.164,0.61
2/15/2022,-0.436,0.171,0.639
2/16/2022,-0.451,0.15,0.604
2/17/2022,-0.491,0.081,0.553
2/18/2022,-0.511,0.024,0.519
2/21/2022,-0.505,0.067,0.549
2/22/2022,-0.469,0.101,0.583
2/23/2022,-0.448,0.117,0.575
2/24/2022,-0.488,0.067,0.535
2/25/2022,-0.476,0.118,0.576
2/28/2022,-0.55,-0.016,0.494
3/1/2022,-0.655,-0.26,0.281
3/2/2022,-0.539,-0.074,0.401
3/3/2022,-0.563,-0.072,0.413
3/4/2022,-0.609,-0.162,0.347
3/7/2022,-0.594,-0.088,0.399
3/8/2022,-0.567,-0.024,0.492
3/9/2022,-0.532,0.039,0.592
3/10/2022,-0.427,0.187,0.671
3/11/2022,-0.442,0.198,0.655
3/14/2022,-0.408,0.274,0.768
3/15/2022,-0.471,0.176,0.725
3/16/2022,-0.426,0.241,0.777
3/17/2022,-0.454,0.233,0.763
3/18/2022,-0.464,0.211,0.746
3/21/2022,-0.436,0.299,0.842
3/22/2022,-0.407,0.342,0.874
3/23/2022,-0.427,0.316,0.807
3/24/2022,-0.429,0.372,0.869
3/25/2022,-0.391,0.451,0.915
3/28/2022,-0.369,0.444,0.892
3/29/2022,-0.309,0.528,0.954
3/30/2022,-0.236,0.575,0.992
3/31/2022,0.032,0.521,0.99
4/1/2022,0.053,0.542,1.017
4/4/2022,0.055,0.542,0.991
4/5/2022,0.145,0.67,1.123
4/6/2022,0.113,0.667,1.15
4/7/2022,0.12,0.69,1.188
4/8/2022,0.192,0.752,1.23
4/11/2022,0.259,0.798,1.305
4/12/2022,0.176,0.743,1.273
4/13/2022,0.141,0.714,1.253
4/14/2022,0.112,0.733,1.33
4/15/2022,0.112,0.733,1.33
4/18/2022,0.112,0.733,1.33
4/19/2022,0.125,0.771,1.372
4/20/2022,0.111,0.742,1.315
4/21/2022,0.278,0.848,1.395
4/22/2022,0.338,0.895,1.422
4/25/2022,0.206,0.735,1.291
4/26/2022,0.211,0.723,1.28
4/27/2022,0.155,0.678,1.276
4/28/2022,0.264,0.807,1.384
4/29/2022,0.287,0.852,1.42
5/2/2022,0.312,0.857,1.459
5/3/2022,0.318,0.898,1.473
5/4/2022,0.368,0.948,1.48
5/5/2022,0.357,0.971,1.547
5/6/2022,0.411,1.048,1.635
5/9/2022,0.339,1.034,1.615
5/10/2022,0.253,0.877,1.511
5/11/2022,0.243,0.857,1.483
5/12/2022,0.138,0.716,1.353
5/13/2022,0.194,0.786,1.458
5/16/2022,0.226,0.811,1.449
5/17/2022,0.344,0.937,1.554
5/18/2022,0.347,0.937,1.538
5/19/2022,0.342,0.891,1.467
5/20/2022,0.326,0.858,1.48
5/23/2022,0.357,0.949,1.569
5/24/2022,0.315,0.906,1.526
5/25/2022,0.309,0.872,1.501
5/26/2022,0.314,0.898,1.542
5/27/2022,0.317,0.874,1.506
5/30/2022,0.42,0.976,1.598
5/31/2022,0.494,1.041,1.666
6/1/2022,0.576,1.102,1.734
6/2/2022,0.612,1.192,1.786
6/3/2022,0.636,1.209,1.819
6/6/2022,0.665,1.274,1.854
6/7/2022,0.649,1.229,1.814
6/8/2022,0.694,1.288,1.867
6/9/2022,0.825,1.414,1.952
6/10/2022,0.96,1.55,2.062
6/13/2022,1.157,1.759,2.245
6/14/2022,1.242,1.839,2.363
6/15/2022,1.071,1.694,2.216
6/16/2022,1.177,1.813,2.273
6/17/2022,1.101,1.72,2.207
6/20/2022,1.144,1.807,2.299
6/21/2022,1.146,1.808,2.322
6/22/2022,1.04,1.661,2.178
6/23/2022,0.811,1.409,1.967
6/24/2022,0.794,1.407,1.971
6/27/2022,0.882,1.546,2.083
6/28/2022,0.922,1.616,2.171
6/29/2022,0.808,1.477,2.063
6/30/2022,0.61,1.269,1.899
7/1/2022,0.49,1.126,1.789
7/4/2022,0.597,1.251,1.893
7/5/2022,0.408,1.088,1.777
7/6/2022,0.366,1.043,1.759
7/7/2022,0.527,1.181,1.87
7/8/2022,0.513,1.147,1.894
7/11/2022,0.416,1.086,1.793
7/12/2022,0.306,0.966,1.674
7/13/2022,0.423,1.034,1.687
7/14/2022,0.461,1.081,1.726
7/15/2022,0.385,1.042,1.686
7/18/2022,0.445,1.121,1.766
7/19/2022,0.564,1.221,1.805
7/20/2022,0.566,1.179,1.779
7/21/2022,0.678,1.215,1.76
7/22/2022,0.41,0.954,1.562
7/25/2022,0.443,0.95,1.553
7/26/2022,0.359,0.861,1.461
7/27/2022,0.47,0.909,1.479
7/28/2022,0.276,0.689,1.36
7/29/2022,0.334,0.716,1.335
8/1/2022,0.296,0.69,1.298
8/2/2022,0.325,0.748,1.365
8/3/2022,0.442,0.817,1.418
8/4/2022,0.383,0.732,1.338
8/5/2022,0.511,0.885,1.485
8/8/2022,0.486,0.843,1.438
8/9/2022,0.532,0.859,1.442
8/10/2022,0.485,0.818,1.421
8/11/2022,0.499,0.875,1.51
8/12/2022,0.56,0.905,1.517
8/15/2022,0.466,0.829,1.432
8/16/2022,0.556,0.893,1.507
8/17/2022,0.678,1.046,1.627
8/18/2022,0.753,1.093,1.657
8/19/2022,0.849,1.208,1.794
8/22/2022,0.913,1.305,1.879
8/23/2022,0.882,1.283,1.908
8/24/2022,0.952,1.355,1.97
8/25/2022,0.936,1.299,1.922
8/26/2022,1.042,1.416,2.012
8/29/2022,1.168,1.556,2.127
8/30/2022,1.193,1.575,2.131
8/31/2022,1.226,1.628,2.16
9/1/2022,1.209,1.602,2.181
9/2/2022,1.117,1.537,2.142
9/5/2022,1.095,1.589,2.2
9/6/2022,1.101,1.65,2.259
9/7/2022,1.106,1.603,2.194
9/8/2022,1.326,1.774,2.313
9/9/2022,1.332,1.751,2.296
9/12/2022,1.3,1.737,2.251
9/13/2022,1.36,1.832,2.333
9/14/2022,1.395,1.828,2.327
9/15/2022,1.51,1.919,2.385
9/16/2022,1.532,1.883,2.356
9/19/2022,1.59,1.978,2.401
9/20/2022,1.677,2.105,2.513
9/21/2022,1.734,2.138,2.489
9/22/2022,1.824,2.234,2.558
9/23/2022,1.888,2.344,2.617
9/26/2022,1.944,2.424,2.724
9/27/2022,1.99,2.516,2.843
9/28/2022,1.847,2.373,2.759
9/29/2022,1.818,2.36,2.838
9/30/2022,1.837,2.302,2.805
10/3/2022,1.652,2.113,2.614
10/4/2022,1.626,2.046,2.538
10/5/2022,1.762,2.195,2.699
10/6/2022,1.822,2.292,2.75
10/7/2022,1.89,2.375,2.878
10/10/2022,1.911,2.467,3.026
10/11/2022,1.873,2.412,3.02
10/12/2022,1.837,2.408,3.027
10/13/2022,1.905,2.444,2.976
10/14/2022,1.97,2.506,3.054
10/17/2022,1.978,2.469,2.983
10/18/2022,1.956,2.485,2.99
10/19/2022,2.016,2.681,3.091
10/20/2022,2.053,2.682,3.112
10/21/2022,1.983,2.657,3.122
10/24/2022,1.984,2.601,3.033
10/25/2022,1.936,2.501,2.889
10/26/2022,1.943,2.442,2.823
10/27/2022,1.751,2.234,2.643
10/28/2022,1.893,2.398,2.764
10/31/2022,1.941,2.413,2.805
11/1/2022,1.958,2.406,2.827
11/2/2022,1.984,2.427,2.815
11/3/2022,2.07,2.52,2.92
11/4/2022,2.126,2.571,2.97
11/7/2022,2.164,2.615,3.006
11/8/2022,2.184,2.582,2.916
11/9/2022,2.115,2.46,2.801
11/10/2022,2.009,2.29,2.64
11/11/2022,2.196,2.453,2.753
11/14/2022,2.21,2.427,2.739
11/15/2022,2.21,2.406,2.702
11/16/2022,2.151,2.288,2.578
11/17/2022,2.205,2.316,2.593
11/18/2022,2.168,2.299,2.591
11/21/2022,2.149,2.273,2.57
11/22/2022,2.181,2.243,2.536
11/23/2022,2.232,2.243,2.492
11/24/2022,2.146,2.162,2.408
11/25/2022,2.265,2.294,2.543
11/28/2022,2.238,2.277,2.569
11/29/2022,2.158,2.176,2.504
11/30/2022,2.137,2.17,2.521
12/1/2022,2.023,2.03,2.4
12/2/2022,2.079,2.099,2.44
12/5/2022,2.089,2.126,2.464
12/6/2022,2.035,2.045,2.385
12/7/2022,2.01,1.999,2.375
12/8/2022,2.086,2.058,2.408
12/9/2022,2.179,2.16,2.523
12/12/2022,2.23,2.194,2.528
12/13/2022,2.16,2.158,2.514
12/14/2022,2.163,2.148,2.53
12/15/2022,2.407,2.362,2.68
12/16/2022,2.484,2.452,2.767
12/19/2022,2.489,2.479,2.813
12/20/2022,2.566,2.591,2.914
12/21/2022,2.571,2.624,2.915
12/22/2022,2.62,2.667,2.962
12/23/2022,2.665,2.768,2.938
12/26/2022,2.665,2.768,2.938
12/27/2022,2.751,2.822,3.123
12/28/2022,2.688,2.799,3.106
12/29/2022,2.712,2.759,3.044
12/30/2022,2.785,2.867,3.17
1/2/2023,2.727,2.738,3.045
1/3/2023,2.733,2.714,3.011
1/4/2023,2.663,2.623,2.864
1/5/2023,2.697,2.677,2.913
1/6/2023,2.636,2.58,2.808
1/9/2023,2.642,2.569,2.831
1/10/2023,2.677,2.655,2.899
1/11/2023,2.622,2.53,2.765
1/12/2023,2.583,2.48,2.719
1/13/2023,2.578,2.509,2.734
1/16/2023,2.598,2.491,2.736
1/17/2023,2.48,2.376,2.64
1/18/2023,2.489,2.311,2.546
1/19/2023,2.529,2.355,2.591
1/20/2023,2.5,2.466,2.713
1/23/2023,2.516,2.527,2.755
1/24/2023,2.482,2.464,2.691
1/25/2023,2.568,2.447,2.7
1/26/2023,2.615,2.486,2.767
1/27/2023,2.611,2.499,2.793
1/30/2023,2.686,2.629,2.884
1/31/2023,2.681,2.636,2.905
2/1/2023,2.702,2.646,2.909
2/2/2023,2.496,2.418,2.686
2/3/2023,2.581,2.528,2.826
2/6/2023,2.66,2.634,2.919
2/7/2023,2.744,2.698,2.954
2/8/2023,2.749,2.702,2.975
2/9/2023,2.739,2.661,2.914
2/10/2023,2.798,2.733,2.974
2/13/2023,2.817,2.723,2.973
2/14/2023,2.901,2.806,3.051
2/15/2023,2.924,2.842,3.099
2/16/2023,2.929,2.846,3.097
2/17/2023,2.915,2.822,3.063
2/20/2023,2.949,2.852,3.093
2/21/2023,3.009,2.927,3.172
2/22/2023,2.978,2.911,3.168
2/23/2023,2.968,2.887,3.115
2/24/2023,3.068,2.967,3.172
2/27/2023,3.109,3.001,3.212
2/28/2023,3.176,3.084,3.275
3/1/2023,3.243,3.154,3.345
3/2/2023,3.253,3.179,3.393
3/3/2023,3.265,3.178,3.356
3/6/2023,3.351,3.238,3.385
3/7/2023,3.341,3.181,3.32
3/8/2023,3.361,3.169,3.273
3/9/2023,3.319,3.132,3.269
3/10/2023,3.223,2.972,3.132
3/13/2023,2.84,2.711,2.92
3/14/2023,3.019,2.891,3.08
3/15/2023,2.6,2.526,2.818
3/16/2023,2.755,2.704,2.958
3/17/2023,2.51,2.49,2.785
3/20/2023,2.487,2.481,2.776
3/21/2023,2.749,2.685,2.933
3/22/2023,2.832,2.75,2.966
3/23/2023,2.641,2.578,2.835
3/24/2023,2.517,2.491,2.768
3/27/2023,2.64,2.596,2.864
3/28/2023,2.704,2.664,2.922
3/29/2023,2.754,2.708,2.951
3/30/2023,2.859,2.778,3.011
3/31/2023,2.791,2.682,2.925
4/3/2023,2.77,2.651,2.891
4/4/2023,2.693,2.6,2.889
4/5/2023,2.636,2.525,2.821
4/6/2023,2.656,2.528,2.829
4/7/2023,2.656,2.528,2.829
4/10/2023,2.656,2.528,2.829
4/11/2023,2.801,2.673,2.952
4/12/2023,2.902,2.753,3.008
4/13/2023,2.894,2.748,3.011
4/14/2023,2.981,2.827,3.067
4/17/2023,2.986,2.854,3.092
4/18/2023,2.986,2.877,3.092
4/19/2023,3.071,2.918,3.139
4/20/2023,3.001,2.841,3.064
4/21/2023,3.028,2.873,3.11
4/24/2023,3.07,2.917,3.143
4/25/2023,2.956,2.779,3.021
4/26/2023,2.874,2.78,3.048
4/27/2023,2.973,2.832,3.112
4/28/2023,2.843,2.675,2.966
5/1/2023,2.843,2.675,2.966
5/2/2023,2.778,2.626,2.924
5/3/2023,2.779,2.633,2.904
5/4/2023,2.627,2.516,2.857
5/5/2023,2.727,2.632,2.946
5/8/2023,2.763,2.672,2.975
5/9/2023,2.765,2.705,3.01
5/10/2023,2.718,2.636,2.957
5/11/2023,2.672,2.577,2.884
5/12/2023,2.712,2.627,2.95
5/15/2023,2.736,2.653,2.975
5/16/2023,2.79,2.716,3.022
5/17/2023,2.837,2.737,3.008
5/18/2023,2.894,2.828,3.122
5/19/2023,2.901,2.818,3.094
5/22/2023,2.949,2.861,3.139
5/23/2023,2.955,2.867,3.14
5/24/2023,2.981,2.887,3.136
5/25/2023,3.03,2.938,3.181
5/26/2023,3.072,2.946,3.194
5/29/2023,3.001,2.865,3.088
5/30/2023,2.9,2.754,2.997
5/31/2023,2.818,2.676,2.95
6/1/2023,2.83,2.657,2.923
6/2/2023,2.911,2.753,2.977
6/5/2023,3.027,2.816,3.042
6/6/2023,2.955,2.782,3.027
6/7/2023,3.01,2.876,3.122
6/8/2023,3.018,2.826,3.057
6/9/2023,3.017,2.831,3.031
6/12/2023,2.984,2.827,3.024
6/13/2023,3.041,2.877,3.051
6/14/2023,3.06,2.914,3.092
6/15/2023,3.203,3.013,3.131
6/16/2023,3.178,2.974,3.084
6/19/2023,3.24,3.014,3.138
6/20/2023,3.165,2.929,3.031
6/21/2023,3.223,2.965,3.062
6/22/2023,3.315,3.046,3.112
6/23/2023,3.213,2.909,2.97
6/26/2023,3.191,2.865,2.944
6/27/2023,3.272,2.925,2.986
6/28/2023,3.216,2.876,2.947
6/29/2023,3.288,2.983,3.051
6/30/2023,3.285,2.977,3.026
7/3/2023,3.354,3.036,3.069
7/4/2023,3.355,3.026,3.084
7/5/2023,3.332,3.028,3.097
7/6/2023,3.406,3.167,3.264
7/7/2023,3.364,3.143,3.262
7/10/2023,3.4,3.156,3.275
7/11/2023,3.409,3.174,3.288
7/12/2023,3.332,3.065,3.176
7/13/2023,3.292,2.981,3.085
7/14/2023,3.314,3.03,3.121
7/17/2023,3.264,3.001,3.075
7/18/2023,3.193,2.891,2.985
7/19/2023,3.19,2.928,3.044
7/20/2023,3.267,2.98,3.092
7/21/2023,3.225,2.956,3.074
7/24/2023,3.199,2.899,3.027
7/25/2023,3.222,2.908,3.032
7/26/2023,3.289,2.984,3.091
7/27/2023,3.231,2.938,3.073
7/28/2023,3.214,2.943,3.109
7/31/2023,3.269,2.938,3.097
8/1/2023,3.267,2.983,3.162
8/2/2023,3.231,2.951,3.14
8/3/2023,3.209,3.005,3.199
8/4/2023,3.214,2.983,3.154
8/7/2023,3.189,2.97,3.19
8/8/2023,3.143,2.878,3.06
8/9/2023,3.168,2.903,3.092
8/10/2023,3.197,2.943,3.117
8/11/2023,3.26,3.026,3.213
8/14/2023,3.272,3.043,3.234
8/15/2023,3.32,3.086,3.273
8/16/2023,3.299,3.059,3.252
8/17/2023,3.307,3.102,3.31
8/18/2023,3.251,3.024,3.226
8/21/2023,3.31,3.101,3.301
8/22/2023,3.309,3.051,3.233
8/23/2023,3.171,2.915,3.1
8/24/2023,3.16,2.912,3.107
8/25/2023,3.225,2.986,3.155
8/28/2023,3.256,2.998,3.151
8/29/2023,3.241,2.947,3.096
8/30/2023,3.261,2.98,3.136
8/31/2023,3.169,2.882,3.053
9/1/2023,3.175,2.934,3.142
9/4/2023,3.225,2.98,3.162
9/5/2023,3.243,2.99,3.199
9/6/2023,3.291,3.083,3.237
9/7/2023,3.278,3.03,3.187
9/8/2023,3.27,3.03,3.187
9/11/2023,3.288,3.048,3.219
9/12/2023,3.369,3.069,3.229
9/13/2023,3.397,3.102,3.242
9/14/2023,3.398,3.037,3.179
9/15/2023,3.411,3.116,3.267
9/18/2023,3.465,3.158,3.294
9/19/2023,3.471,3.188,3.324
9/20/2023,3.445,3.154,3.279
9/21/2023,3.468,3.171,3.321
9/22/2023,3.45,3.163,3.321
9/25/2023,3.433,3.182,3.381
9/26/2023,3.47,3.175,3.404
9/27/2023,3.481,3.227,3.441
9/28/2023,3.563,3.316,3.536
9/29/2023,3.463,3.205,3.444
10/2/2023,3.485,3.232,3.526
10/3/2023,3.479,3.255,3.584
10/4/2023,3.459,3.231,3.536
10/5/2023,3.42,3.189,3.51
10/6/2023,3.401,3.189,3.527
10/9/2023,3.32,3.087,3.41
10/10/2023,3.35,3.1,3.393
10/11/2023,3.381,3.077,3.336
10/12/2023,3.435,3.15,3.414
10/13/2023,3.412,3.119,3.37
10/16/2023,3.435,3.137,3.414
10/17/2023,3.512,3.233,3.504
10/18/2023,3.523,3.266,3.563
10/19/2023,3.535,3.278,3.557
10/20/2023,3.45,3.157,3.516
10/23/2023,3.455,3.174,3.488
10/24/2023,3.436,3.128,3.45
10/25/2023,3.45,3.167,3.521
10/26/2023,3.416,3.123,3.488
10/27/2023,3.383,3.097,3.455
10/30/2023,3.15,3.146,3.44
10/31/2023,3.14,3.132,3.431
11/1/2023,3.115,3.101,3.402
11/2/2023,3.119,3.066,3.342
11/3/2023,3.085,2.997,3.258
11/6/2023,3.142,3.082,3.357
11/7/2023,3.118,3.038,3.263
11/8/2023,3.135,3.028,3.213
11/9/2023,3.139,3.021,3.248
11/10/2023,3.197,3.094,3.315
11/13/2023,3.194,3.083,3.313
11/14/2023,3.105,2.957,3.175
11/15/2023,3.128,2.991,3.211
11/16/2023,3.049,2.917,3.149
11/17/2023,3.077,2.94,3.147
11/20/2023,3.121,2.973,3.178
11/21/2023,3.107,2.92,3.13
11/22/2023,3.119,2.942,3.122
11/23/2023,3.152,2.989,3.184
11/24/2023,3.18,3.018,3.203
11/27/2023,3.092,2.899,3.111
11/28/2023,3.047,2.839,3.056
11/29/2023,2.958,2.761,2.988
11/30/2023,2.948,2.774,3.012
12/1/2023,2.813,2.654,2.916
12/4/2023,2.816,2.668,2.918
12/5/2023,2.739,2.572,2.778
12/6/2023,2.715,2.532,2.731
12/7/2023,2.699,2.506,2.72
12/8/2023,2.838,2.615,2.84
12/11/2023,2.828,2.616,2.845
12/12/2023,2.839,2.596,2.791
12/13/2023,2.766,2.541,2.725
12/14/2023,2.665,2.455,2.656
12/15/2023,2.607,2.382,2.561
12/18/2023,2.638,2.428,2.626
12/19/2023,2.576,2.377,2.551
12/20/2023,2.523,2.327,2.513
12/21/2023,2.488,2.312,2.504
12/22/2023,2.457,2.299,2.511
12/25/2023,2.457,2.299,2.511
12/26/2023,2.457,2.299,2.511
12/27/2023,2.426,2.237,2.435
12/28/2023,2.395,2.262,2.487
12/29/2023,2.449,2.315,2.58
1/1/2024,2.45,2.315,2.58
1/2/2024,2.498,2.361,2.622
1/3/2024,2.49,2.314,2.58
1/4/2024,2.605,2.434,2.684
1/5/2024,2.636,2.48,2.716
1/8/2024,2.624,2.457,2.689
1/9/2024,2.675,2.515,2.745
1/10/2024,2.722,2.551,2.771
1/11/2024,2.713,2.533,2.761
1/12/2024,2.615,2.456,2.704
1/15/2024,2.696,2.521,2.747
1/16/2024,2.7,2.536,2.77
1/17/2024,2.794,2.631,2.84
1/18/2024,2.79,2.64,2.859
1/19/2024,2.833,2.654,2.841
1/22/2024,2.796,2.591,2.793
1/23/2024,2.82,2.634,2.852
1/24/2024,2.821,2.628,2.834
1/25/2024,2.723,2.549,2.775
1/26/2024,2.737,2.563,2.785
1/29/2024,2.615,2.487,2.771
1/30/2024,2.656,2.522,2.806
1/31/2024,2.555,2.407,2.703
2/1/2024,2.582,2.419,2.705
2/2/2024,2.702,2.528,2.795
2/5/2024,2.748,2.602,2.866
2/6/2024,2.735,2.569,2.836
2/7/2024,2.762,2.584,2.859
2/8/2024,2.801,2.638,2.901
2/9/2024,2.859,2.687,2.926
2/12/2024,2.836,2.664,2.9
2/13/2024,2.911,2.717,2.927
2/14/2024,2.88,2.663,2.863
2/15/2024,2.9,2.695,2.883
2/16/2024,2.944,2.742,2.92
2/19/2024,2.936,2.728,2.921
2/20/2024,2.892,2.687,2.883
2/21/2024,2.975,2.772,2.962
2/22/2024,3.024,2.793,2.935
2/23/2024,2.962,2.711,2.85
2/26/2024,3.031,2.77,2.923
2/27/2024,3.002,2.79,2.943
2/28/2024,3.015,2.779,2.933
2/29/2024,3.006,2.736,2.897
3/1/2024,2.985,2.746,2.907
3/4/2024,2.999,2.706,2.888
3/5/2024,2.945,2.645,2.809
3/6/2024,2.945,2.643,2.795
3/7/2024,2.912,2.604,2.774
3/8/2024,2.838,2.539,2.741
3/11/2024,2.848,2.586,2.788
3/12/2024,2.894,2.617,2.807
3/13/2024,2.926,2.631,2.83
3/14/2024,2.94,2.688,2.89
3/15/2024,2.977,2.705,2.911
3/18/2024,2.998,2.717,2.923
3/19/2024,2.961,2.688,2.916
3/20/2024,2.937,2.682,2.906
3/21/2024,2.882,2.648,2.879
3/22/2024,2.862,2.606,2.82
3/25/2024,2.921,2.67,2.872
3/26/2024,2.894,2.653,2.852
3/27/2024,2.868,2.602,2.808
3/28/2024,2.884,2.612,2.815
3/29/2024,2.884,2.612,2.815
4/1/2024,2.884,2.612,2.815
4/2/2024,2.879,2.67,2.931
4/3/2024,2.884,2.672,2.917
4/4/2024,2.898,2.646,2.863
4/5/2024,2.882,2.664,2.91
4/8/2024,2.946,2.711,2.944
4/9/2024,2.908,2.658,2.896
4/10/2024,2.996,2.729,2.946
4/11/2024,2.991,2.749,2.98
4/12/2024,2.887,2.636,2.939
4/15/2024,2.947,2.714,2.997
4/16/2024,2.977,2.758,3.016
4/17/2024,2.982,2.745,2.982
4/18/2024,3.008,2.782,3.008
4/19/2024,3.02,2.788,3.005
4/22/2024,3,2.752,2.971
4/23/2024,3.017,2.767,2.99
4/24/2024,3.07,2.841,3.08
4/25/2024,3.111,2.888,3.122
4/26/2024,3.082,2.837,3.064
4/29/2024,3.057,2.794,2.998
4/30/2024,3.132,2.903,3.055
5/1/2024,3.132,2.903,3.055
5/2/2024,3.09,2.857,3.024
5/3/2024,3.027,2.803,2.977
5/6/2024,3.022,2.79,2.957
5/7/2024,3.003,2.757,2.89
5/8/2024,3.033,2.796,2.927
5/9/2024,3.036,2.819,2.972
5/10/2024,3.069,2.852,2.991
5/13/2024,3.051,2.844,2.986
5/14/2024,3.081,2.883,3.027
5/15/2024,2.996,2.759,2.89
5/16/2024,3.025,2.804,2.921
5/17/2024,3.1,2.877,2.984
5/20/2024,3.105,2.887,2.992
5/21/2024,3.079,2.849,2.974
5/22/2024,3.105,2.89,3.012
5/23/2024,3.173,2.952,3.068
5/24/2024,3.188,2.949,3.055
5/27/2024,3.142,2.909,3.014
5/28/2024,3.17,2.949,3.071
5/29/2024,3.203,3.024,3.173
5/30/2024,3.172,2.995,3.136
5/31/2024,3.199,3.012,3.149
6/3/2024,3.132,2.925,3.057
6/4/2024,3.106,2.882,3.017
6/5/2024,3.097,2.874,3
6/6/2024,3.14,2.912,3.041
6/7/2024,3.192,2.994,3.113
6/10/2024,3.202,3.035,3.183
6/11/2024,3.164,2.981,3.141
6/12/2024,3.077,2.901,3.066
6/13/2024,3.026,2.85,3.029
6/14/2024,2.947,2.77,2.968
6/17/2024,3.044,2.812,3
6/18/2024,3.063,2.789,2.978
6/19/2024,3.093,2.806,2.989
6/20/2024,3.106,2.832,3.016
6/21/2024,3.09,2.806,3
6/24/2024,3.107,2.819,2.986
6/25/2024,3.11,2.81,2.965
6/26/2024,3.134,2.847,3.015
6/27/2024,3.131,2.85,3.012
6/28/2024,3.154,2.89,3.052
7/1/2024,3.236,2.981,3.12
7/2/2024,3.216,2.955,3.105
7/3/2024,3.211,2.917,3.058
7/4/2024,3.216,2.944,3.096
7/5/2024,3.148,2.883,3.049
7/8/2024,3.138,2.874,3.023
7/9/2024,3.163,2.893,3.076
7/10/2024,3.109,2.858,3.018
7/11/2024,3.031,2.76,2.954
7/12/2024,3.055,2.794,2.985
7/15/2024,2.981,2.752,2.953
7/16/2024,2.982,2.712,2.913
7/17/2024,2.994,2.72,2.902
7/18/2024,3.001,2.713,2.911
7/19/2024,2.97,2.736,2.948
7/22/2024,3.023,2.775,2.97
7/23/2024,2.968,2.714,2.928
7/24/2024,2.934,2.692,2.934
7/25/2024,2.906,2.672,2.911
7/26/2024,2.871,2.654,2.9
7/29/2024,2.855,2.62,2.855
7/30/2024,2.819,2.576,2.837
7/31/2024,2.788,2.542,2.799
8/1/2024,2.737,2.496,2.766
8/2/2024,2.639,2.418,2.72
8/5/2024,2.649,2.445,2.74
8/6/2024,2.669,2.463,2.734
8/7/2024,2.703,2.499,2.794
8/8/2024,2.693,2.488,2.786
8/9/2024,2.683,2.467,2.749
8/12/2024,2.701,2.469,2.748
8/13/2024,2.641,2.42,2.7
8/14/2024,2.656,2.424,2.695
8/15/2024,2.741,2.52,2.769
8/16/2024,2.728,2.505,2.76
8/19/2024,2.723,2.504,2.759
8/20/2024,2.701,2.477,2.729
8/21/2024,2.664,2.429,2.698
8/22/2024,2.703,2.483,2.749
8/23/2024,2.671,2.453,2.725
8/26/2024,2.703,2.483,2.75
8/27/2024,2.714,2.512,2.802
8/28/2024,2.702,2.491,2.771
8/29/2024,2.668,2.48,2.781
8/30/2024,2.69,2.512,2.81
9/2/2024,2.728,2.541,2.836
9/3/2024,2.692,2.49,2.78
9/4/2024,2.604,2.425,2.723
9/5/2024,2.6,2.413,2.712
9/6/2024,2.539,2.364,2.675
9/9/2024,2.524,2.347,2.671
9/10/2024,2.491,2.312,2.633
9/11/2024,2.464,2.283,2.613
9/12/2024,2.517,2.33,2.649
9/13/2024,2.465,2.318,2.643
9/16/2024,2.462,2.298,2.62
9/17/2024,2.467,2.336,2.643
9/18/2024,2.51,2.375,2.69
9/19/2024,2.474,2.356,2.7
9/20/2024,2.463,2.375,2.707
9/23/2024,2.388,2.304,2.659
9/24/2024,2.293,2.26,2.636
9/25/2024,2.333,2.296,2.672
9/26/2024,2.31,2.307,2.688
9/27/2024,2.264,2.245,2.632
9/30/2024,2.249,2.229,2.626
10/1/2024,2.205,2.146,2.536
10/2/2024,2.218,2.186,2.592
10/3/2024,2.26,2.24,2.656
10/4/2024,2.368,2.341,2.719
10/7/2024,2.4,2.39,2.765
10/8/2024,2.373,2.372,2.745
10/9/2024,2.42,2.399,2.758
10/10/2024,2.398,2.388,2.752
10/11/2024,2.389,2.394,2.76
10/14/2024,2.401,2.41,2.768
10/15/2024,2.354,2.353,2.706
10/16/2024,2.315,2.314,2.668
10/17/2024,2.279,2.317,2.686
10/18/2024,2.254,2.279,2.644
10/21/2024,2.309,2.367,2.743
10/22/2024,2.321,2.405,2.784
10/23/2024,2.25,2.355,2.763
10/24/2024,2.224,2.326,2.724
10/25/2024,2.248,2.37,2.76
10/28/2024,2.231,2.35,2.745
10/29/2024,2.301,2.396,2.804
10/30/2024,2.375,2.506,2.859
10/31/2024,2.5,2.514,2.86
11/1/2024,2.46,2.495,2.883
11/4/2024,2.467,2.506,2.87
11/5/2024,2.393,2.637,2.89
11/6/2024,2.311,2.564,2.874
11/7/2024,2.324,2.613,2.903
11/8/2024,2.291,2.553,2.819
11/11/2024,2.244,2.497,2.775
11/12/2024,2.24,2.522,2.816
11/13/2024,2.26,2.545,2.851
11/14/2024,2.212,2.491,2.786
11/15/2024,2.228,2.503,2.787
11/18/2024,2.276,2.53,2.8
11/19/2024,2.252,2.494,2.77
11/20/2024,2.242,2.498,2.789
11/21/2024,2.219,2.47,2.77
11/22/2024,2.101,2.384,2.687
11/25/2024,2.129,2.381,2.658
11/26/2024,2.14,2.381,2.652
11/27/2024,2.148,2.345,2.614
11/28/2024,2.108,2.296,2.565
11/29/2024,2.053,2.24,2.513
12/2/2024,2.013,2.204,2.478
12/3/2024,2.046,2.226,2.492
12/4/2024,2.047,2.232,2.482
12/5/2024,2.114,2.274,2.497
12/6/2024,2.092,2.248,2.486
12/9/2024,2.076,2.254,2.491
12/10/2024,2.047,2.236,2.49
12/11/2024,2.032,2.245,2.502
12/12/2024,2.097,2.325,2.583
12/13/2024,2.148,2.38,2.636
12/16/2024,2.134,2.365,2.633
12/17/2024,2.144,2.373,2.623
12/18/2024,2.124,2.375,2.64
12/19/2024,2.144,2.421,2.705
12/20/2024,2.126,2.394,2.677
12/23/2024,2.144,2.441,2.719
12/24/2024,2.15,2.445,2.719
12/25/2024,2.15,2.445,2.719
12/26/2024,2.15,2.445,2.719
12/27/2024,2.187,2.495,2.8
12/30/2024,2.175,2.463,2.771
12/31/2024,2.177,2.464,2.771
1/1/2025,2.177,2.464,2.771
1/2/2025,2.193,2.494,2.794
1/3/2025,2.259,2.555,2.841
1/6/2025,2.285,2.579,2.847
1/7/2025,2.284,2.592,2.886
1/8/2025,2.3,2.619,2.928
1/9/2025,2.354,2.656,2.954
1/10/2025,2.418,2.703,2.986
1/13/2025,2.426,2.723,3.016
1/14/2025,2.45,2.753,3.047
1/15/2025,2.389,2.643,2.94
1/16/2025,2.36,2.617,2.921
1/17/2025,2.403,2.605,2.905
1/20/2025,2.351,2.569,2.893
1/21/2025,2.346,2.574,2.873
1/22/2025,2.364,2.579,2.879
1/23/2025,2.366,2.606,2.908
1/24/2025,2.406,2.639,2.924
1/27/2025,2.365,2.614,2.898
1/28/2025,2.395,2.639,2.927
1/29/2025,2.398,2.649,2.945
1/30/2025,2.325,2.583,2.878
1/31/2025,2.239,2.5,2.813
2/3/2025,2.157,2.42,2.733
2/4/2025,2.176,2.429,2.745
2/5/2025,2.179,2.41,2.715
2/6/2025,2.184,2.426,2.732
2/7/2025,2.172,2.415,2.723
2/10/2025,2.151,2.402,2.711
2/11/2025,2.206,2.475,2.782
2/12/2025,2.257,2.522,2.825
2/13/2025,2.207,2.457,2.757
2/14/2025,2.233,2.474,2.772
2/17/2025,2.254,2.513,2.821
2/18/2025,2.236,2.512,2.895
2/19/2025,2.285,2.575,2.963
2/20/2025,2.251,2.551,2.94
2/21/2025,2.22,2.494,2.883
2/24/2025,2.194,2.491,2.895
2/25/2025,2.187,2.466,2.872
2/26/2025,2.207,2.447,2.846
2/27/2025,2.163,2.415,2.83
2/28/2025,2.155,2.4,2.826
3/3/2025,2.203,2.458,2.903
3/4/2025,2.183,2.433,2.902
3/5/2025,2.375,2.691,3.153
3/6/2025,2.38,2.718,3.18
3/7/2025,2.376,2.72,3.192
3/10/2025,2.357,2.7,3.188
3/11/2025,2.338,2.721,3.237
3/12/2025,2.362,2.721,3.207
3/13/2025,2.322,2.691,3.192
3/14/2025,2.328,2.708,3.216
3/17/2025,2.327,2.675,3.156
3/18/2025,2.31,2.667,3.157
3/19/2025,2.329,2.671,3.151
3/20/2025,2.302,2.645,3.14
3/21/2025,2.27,2.615,3.125
3/24/2025,2.251,2.615,3.131
3/25/2025,2.268,2.638,3.162
3/26/2025,2.256,2.633,3.165
3/27/2025,2.201,2.589,3.143
3/28/2025,2.153,2.542,3.102
3/31/2025,2.203,2.572,3.121
4/1/2025,2.176,2.541,3.072
4/2/2025,2.188,2.566,3.103
4/3/2025,2.107,2.476,3.041
4/4/2025,1.988,2.393,2.985
4/7/2025,2.007,2.398,3.044
4/8/2025,2.039,2.462,3.058
4/9/2025,1.937,2.41,3.036
4/10/2025,1.981,2.409,3.006
4/11/2025,2.013,2.443,3.012
4/14/2025,1.968,2.385,2.95
4/15/2025,1.967,2.417,2.973
4/16/2025,1.959,2.382,2.954
4/17/2025,1.879,2.331,2.914
4/18/2025,1.879,2.331,2.914
4/21/2025,1.879,2.331,2.914
4/22/2025,1.855,2.296,2.897
4/23/2025,1.929,2.352,2.936
4/24/2025,1.85,2.281,2.88
4/25/2025,1.884,2.306,2.898
4/28/2025,1.914,2.348,2.952
4/29/2025,1.911,2.335,2.93
4/30/2025,1.841,2.275,2.878
5/1/2025,1.841,2.275,2.878
5/2/2025,1.922,2.364,2.962
5/5/2025,1.917,2.345,2.948
5/6/2025,1.906,2.346,2.969
5/7/2025,1.869,2.288,2.898
5/8/2025,1.926,2.347,2.957
5/9/2025,1.93,2.365,2.981
5/12/2025,2.047,2.465,3.053
5/13/2025,2.051,2.47,3.072
5/14/2025,2.048,2.491,3.088
5/15/2025,1.985,2.413,3.009
5/16/2025,1.959,2.38,2.978
5/19/2025,1.946,2.373,2.979
5/20/2025,1.944,2.367,2.99
5/21/2025,1.967,2.411,3.031
5/22/2025,1.935,2.393,3.035
5/23/2025,1.862,2.324,2.97
5/26/2025,1.883,2.326,2.958
5/27/2025,1.887,2.313,2.92
5/28/2025,1.894,2.329,2.938
5/29/2025,1.863,2.288,2.893
5/30/2025,1.868,2.282,2.884
6/2/2025,1.883,2.302,2.907
6/3/2025,1.88,2.301,2.908
6/4/2025,1.888,2.313,2.909
6/5/2025,1.957,2.387,2.966
6/6/2025,1.966,2.396,2.959
6/9/2025,1.946,2.364,2.953
6/10/2025,1.931,2.336,2.915
6/11/2025,1.936,2.344,2.93
6/12/2025,1.907,2.305,2.883
6/13/2025,1.95,2.368,2.949
6/16/2025,1.936,2.347,2.936
6/17/2025,1.961,2.368,2.946
6/18/2025,1.938,2.335,2.909
6/19/2025,1.937,2.35,2.943
6/20/2025,1.941,2.345,2.931
6/23/2025,1.933,2.335,2.919
6/24/2025,1.941,2.345,2.944
6/25/2025,1.93,2.347,2.959
6/26/2025,1.913,2.33,2.953
6/27/2025,1.946,2.355,2.973
6/30/2025,1.949,2.361,2.985
7/1/2025,1.933,2.338,2.951
7/2/2025,1.948,2.38,3.005
7/3/2025,1.922,2.339,2.956
7/4/2025,1.903,2.323,2.949
7/7/2025,1.921,2.358,2.989
7/8/2025,1.968,2.392,3.039
7/9/2025,1.952,2.375,3.026
7/10/2025,1.968,2.418,3.058
7/11/2025,1.984,2.432,3.077
7/14/2025,1.961,2.424,3.08
7/15/2025,1.952,2.401,3.051
7/16/2025,1.92,2.365,3.021
7/17/2025,1.927,2.364,3.011
7/18/2025,1.928,2.375,3.03
7/21/2025,1.894,2.297,2.938
7/22/2025,1.885,2.277,2.912
7/23/2025,1.916,2.312,2.954
7/24/2025,2.008,2.407,3.025
7/25/2025,2.019,2.432,3.05
7/28/2025,1.991,2.398,3.014
7/29/2025,2.004,2.42,3.031
7/30/2025,2.024,2.429,3.028
7/31/2025,2.032,2.429,3.017
8/1/2025,1.984,2.402,3.002
8/4/2025,1.958,2.363,2.947
8/5/2025,1.954,2.359,2.932
8/6/2025,1.964,2.378,2.959
8/7/2025,1.971,2.37,2.933
8/8/2025,2.004,2.425,2.992
8/11/2025,2.01,2.43,2.997
8/12/2025,2.015,2.455,3.047
8/13/2025,1.981,2.396,2.98
8/14/2025,1.993,2.42,3.017
8/15/2025,2.022,2.48,3.096
8/18/2025,2.008,2.458,3.071
8/19/2025,2.004,2.447,3.055
8/20/2025,1.983,2.422,3.031
8/21/2025,2.018,2.466,3.076
8/22/2025,1.985,2.427,3.035
8/25/2025,2.01,2.474,3.085
8/26/2025,1.978,2.432,3.056
8/27/2025,1.966,2.405,3.035
8/28/2025,1.975,2.398,3.019
8/29/2025,1.98,2.414,3.04
9/1/2025,1.991,2.437,3.065
9/2/2025,2.014,2.464,3.096
9/3/2025,1.995,2.428,3.052
9/4/2025,1.999,2.409,3.02
9/5/2025,1.965,2.368,2.989
9/8/2025,1.961,2.363,2.96
9/9/2025,2.003,2.373,2.972
9/10/2025,1.979,2.375,2.964
9/11/2025,2.015,2.405,2.96
9/12/2025,2.04,2.45,3.016
9/15/2025,2.035,2.438,2.989
9/16/2025,2.024,2.43,2.993
9/17/2025,2.025,2.425,2.976
9/18/2025,2.03,2.448,3.03
9/19/2025,2.039,2.469,3.047
9/22/2025,2.036,2.461,3.051
9/23/2025,2.041,2.458,3.047
9/24/2025,2.036,2.456,3.044
9/25/2025,2.051,2.492,3.073
9/26/2025,2.04,2.467,3.045
9/29/2025,2.036,2.443,3.003
9/30/2025,2.129,2.569,3.005
10/1/2025,2.121,2.557,3.007
10/2/2025,2.121,2.561,2.997
10/3/2025,2.127,2.567,2.991
10/6/2025,2.117,2.572,3.011
10/7/2025,2.118,2.574,3.007
10/8/2025,2.1,2.543,2.978
10/9/2025,2.108,2.568,3
10/10/2025,2.066,2.497,2.945
10/13/2025,2.047,2.486,2.938
10/14/2025,2.031,2.457,2.894
10/15/2025,2.012,2.422,2.853
10/16/2025,2.005,2.423,2.858
10/17/2025,2.008,2.443,2.88
10/20/2025,2.013,2.451,2.88
10/21/2025,2.021,2.431,2.859
10/22/2025,2.01,2.434,2.863
10/23/2025,2.023,2.454,2.88
10/24/2025,2.066,2.504,2.928
10/27/2025,2.07,2.496,2.915
10/28/2025,2.069,2.498,2.921
10/29/2025,2.071,2.488,2.913
10/30/2025,2.083,2.506,2.932
10/31/2025,2.065,2.488,2.922
11/3/2025,2.09,2.523,2.952
11/4/2025,2.076,2.514,2.938
11/5/2025,2.085,2.53,2.958
11/6/2025,2.071,2.509,2.94
11/7/2025,2.073,2.518,2.956
11/10/2025,2.077,2.517,2.952
11/11/2025,2.069,2.505,2.946
11/12/2025,2.07,2.479,2.926
11/13/2025,2.087,2.51,2.966
11/14/2025,2.089,2.539,2.99
11/17/2025,2.086,2.539,2.985
11/18/2025,2.076,2.539,2.986
11/19/2025,2.068,2.544,2.993
11/20/2025,2.078,2.552,3.006
11/21/2025,2.072,2.544,2.994
11/24/2025,2.063,2.53,2.978
11/25/2025,2.071,2.514,2.954
11/26/2025,2.071,2.507,2.953
11/27/2025,2.081,2.523,2.957
11/28/2025,2.089,2.525,2.962
12/1/2025,2.123,2.585,3.025
12/2/2025,2.113,2.587,3.022
12/3/2025,2.114,2.579,3.018
12/4/2025,2.128,2.608,3.042
12/5/2025,2.145,2.624,3.062
12/8/2025,2.2,2.69,3.121
12/9/2025,2.2,2.674,3.105
12/10/2025,2.221,2.682,3.105
12/11/2025,2.2,2.666,3.096
12/12/2025,2.203,2.674,3.107
12/15/2025,2.198,2.673,3.102
12/16/2025,2.178,2.654,3.087
12/17/2025,2.18,2.675,3.11
12/18/2025,2.179,2.655,3.093
12/19/2025,2.201,2.695,3.137
12/22/2025,2.2,2.689,3.142
12/23/2025,2.195,2.665,3.106
12/24/2025,2.197,2.666,3.106
12/25/2025,2.197,2.666,3.106
12/26/2025,2.197,2.666,3.106
12/29/2025,2.162,2.632,3.074
12/30/2025,2.151,2.653,3.102
12/31/2025,2.156,2.657,3.102
1/1/2026,2.156,2.657,3.102
1/2/2026,2.183,2.686,3.149
1/5/2026,2.175,2.662,3.118
1/6/2026,2.15,2.636,3.09
1/7/2026,2.14,2.609,3.06
1/8/2026,2.143,2.621,3.069
1/9/2026,2.152,2.627,3.07
1/12/2026,2.144,2.615,3.048
1/13/2026,2.137,2.614,3.059
1/14/2026,2.12,2.585,3.025
1/15/2026,2.139,2.601,3.028
1/16/2026,2.149,2.618,3.044
1/19/2026,2.123,2.6,3.047
1/20/2026,2.116,2.608,3.08
1/21/2026,2.136,2.637,3.098
1/22/2026,2.156,2.653,3.091
1/23/2026,2.171,2.661,3.097
1/26/2026,2.14,2.62,3.052
1/27/2026,2.132,2.619,3.061
1/28/2026,2.112,2.597,3.043
1/29/2026,2.096,2.573,3.031
1/30/2026,2.102,2.571,3.139
2/2/2026,2.13,2.594,3.16
2/3/2026,2.137,2.605,3.178
2/4/2026,2.111,2.577,3.15
2/5/2026,2.109,2.569,3.136
2/6/2026,2.106,2.568,3.142
2/9/2026,2.106,2.57,3.144
2/10/2026,2.094,2.545,3.105
2/11/2026,2.088,2.537,3.08
2/12/2026,2.083,2.523,3.066
2/13/2026,2.06,2.496,3.044
2/16/2026,2.066,2.498,3.05
2/17/2026,2.063,2.493,3.036
2/18/2026,2.074,2.492,3.034
2/19/2026,2.08,2.494,3.042
2/20/2026,2.084,2.494,3.032
2/23/2026,2.065,2.466,3.005
2/24/2026,2.073,2.469,2.996
2/25/2026,2.077,2.467,2.99
2/26/2026,2.065,2.447,2.968
2/27/2026,2.023,2.386,2.923
3/2/2026,2.111,2.478,2.995
3/3/2026,2.182,2.547,3.05
3/4/2026,2.157,2.513,3.03
3/5/2026,2.264,2.63,3.13
3/6/2026,2.344,2.683,3.152
3/9/2026,2.362,2.705,3.165
3/10/2026,2.292,2.646,3.122
3/11/2026,2.424,2.775,3.228
3/12/2026,2.456,2.805,3.259
3/13/2026,2.486,2.839,3.289
3/16/2026,2.447,2.786,3.249
3/17/2026,2.42,2.737,3.198
3/18/2026,2.481,2.787,3.243
3/19/2026,2.627,2.856,3.269
3/20/2026,2.721,2.955,3.367
3/23/2026,2.621,2.917,3.336
3/24/2026,2.717,2.972,3.371
3/25/2026,2.654,2.904,3.273
3/26/2026,2.766,3.025,3.408
3/27/2026,2.728,3.026,3.437
3/30/2026,2.677,2.958,3.359
3/31/2026,2.666,2.919,3.306
4/1/2026,2.636,2.883,3.279
4/2/2026,2.659,2.876,3.296
4/3/2026,2.659,2.876,3.296
4/6/2026,2.659,2.876,3.296
4/7/2026,2.772,2.978,3.376
4/8/2026,2.549,2.781,3.228
4/9/2026,2.549,2.812,3.278
4/10/2026,2.627,2.877,3.329
4/13/2026,2.667,2.924,3.38
4/14/2026,2.554,2.839,3.304
4/15/2026,2.546,2.851,3.321
4/16/2026,2.514,2.831,3.305
4/17/2026,2.41,2.741,3.228
4/20/2026,2.458,2.764,3.253
4/21/2026,2.51,2.809,3.285
4/22/2026,2.532,2.82,3.287
4/23/2026,2.544,2.825,3.285
4/24/2026,2.538,2.818,3.263
4/27/2026,2.561,2.847,3.3
4/28/2026,2.647,2.911,3.337
4/29/2026,2.716,2.973,3.388
4/30/2026,2.624,2.871,3.306
5/1/2026,2.624,2.872,3.306
5/4/2026,2.706,2.933,3.365
5/5/2026,2.657,2.882,3.328
5/6/2026,2.569,2.801,3.251
5/7/2026,2.572,2.817,3.25
5/8/2026,2.58,2.816,3.254
5/11/2026,2.63,2.858,3.291
5/12/2026,2.696,2.932,3.355
5/13/2026,2.7,2.935,3.359
5/14/2026,2.638,2.872,3.295
5/15/2026,2.707,2.977,3.427
5/18/2026,2.682,2.954,3.396
5/19/2026,2.722,2.995,3.438
5/20/2026,2.631,2.896,3.337
5/21/2026,2.664,2.92,3.337
5/22/2026,2.62,2.866,3.272
5/25/2026,2.498,2.75,3.172
5/26/2026,2.562,2.793,3.208
5/27/2026,2.587,2.814,3.23
5/28/2026,2.549,2.784,3.201
5/29/2026,2.546,2.761,3.176
6/1/2026,2.629,2.833,3.237
6/2/2026,2.624,2.811,3.208
6/3/2026,2.68,2.878,3.271
6/4/2026,2.662,2.864,3.259
6/5/2026,2.698,2.895,3.278
6/8/2026,2.735,2.918,3.308
6/9/2026,2.698,2.884,3.281
6/10/2026,2.75,2.932,3.322
6/11/2026,2.721,2.888,3.278
6/12/2026,2.652,2.84,3.238
6/15/2026,2.622,2.789,3.196
6/16/2026,2.616,2.776,3.172
6/17/2026,2.625,2.787,3.17
6/18/2026,2.647,2.8,3.172
6/19/2026,2.676,2.853,3.231
6/22/2026,2.638,2.817,3.194
6/23/2026,2.612,2.787,3.161
6/24/2026,2.587,2.738,3.111
6/25/2026,2.565,2.726,3.106
6/26/2026,2.541,2.719,3.11
6/29/2026,2.568,2.729,3.113
6/30/2026,2.557,2.722,3.113
7/1/2026,2.541,2.725,3.134
7/2/2026,2.53,2.739,3.16
7/3/2026,2.567,2.775,3.191
7/6/2026,2.577,2.786,3.205
7/7/2026,2.615,2.835,3.257
7/8/2026,2.746,2.956,3.352
7/9/2026,2.686,2.905,3.308
7/10/2026,2.663,2.902,3.291
7/13/2026,2.745,2.959,3.338
7/14/2026,2.759,2.962,3.334
7/15/2026,2.757,2.967,3.346
7/16/2026,2.783,2.987,3.36
7/17/2026,2.804,2.996,3.348
7/20/2026,2.803,3.013,3.373
7/21/2026,2.798,3.031,3.392
7/22/2026,2.823,3.029,3.389
7/23/2026,2.903,3.071,3.428
7/24/2026,2.815,3.022,3.384
7/27/2026,2.786,2.989,3.338
7/28/2026,2.746,2.945,3.307
7/29/2026,2.811,3.025,3.385
7/30/2026,2.792,3.001,3.377
7/31/2026,2.839,3.052,3.427
8/3/2026,2.782,2.992,3.361
8/4/2026,2.727,2.932,3.316
8/5/2026,2.736,2.942,3.319
8/6/2026,2.76,2.978,3.342
8/7/2026,2.748,2.965,3.335
8/10/2026,2.795,3.025,3.387
8/11/2026,2.788,3.007,3.37
8/12/2026,2.797,3.004,3.37
8/13/2026,2.768,2.975,3.337
8/14/2026,2.8,3.02,3.406
8/17/2026,2.798,3.035,3.426
8/18/2026,2.855,3.084,3.472
8/19/2026,2.861,3.101,3.47
8/20/2026,2.855,3.087,3.466
8/21/2026,2.847,3.089,3.467
8/24/2026,2.878,3.095,3.461
8/25/2026,2.814,3.031,3.407
8/26/2026,2.84,3.068,3.44
8/27/2026,2.87,3.089,3.459
8/28/2026,2.894,3.128,3.486
8/31/2026,2.934,3.169,3.531
9/1/2026,2.953,3.192,3.553
9/2/2026,2.991,3.217,3.584
9/3/2026,2.953,3.188,3.549
9/4/2026,2.934,3.182,3.543
9/7/2026,2.971,3.239,3.594
9/8/2026,2.963,3.226,3.566
9/9/2026,3.003,3.288,3.635
9/10/2026,3.201,3.402,3.703
9/11/2026,3.143,3.379,3.703
9/14/2026,3.232,3.423,3.715
