,GTBEF2Y Govt,GTBEF15Y Govt,GTBEF10Y Govt
,Last Price,Last Price,Last Price
Dates,PX_LAST,PX_LAST,PX_LAST
1/1/1999,3.146,4.339,4.066
1/4/1999,3.096,4.238,4.019
1/5/1999,3.094,4.245,4.03
1/6/1999,3.087,4.239,3.799
1/7/1999,3.035,4.238,3.968
1/8/1999,3.043,4.212,4.025
1/11/1999,3.031,4.274,4.021
1/12/1999,2.988,4.268,4.001
1/13/1999,3.092,4.126,3.82
1/14/1999,2.988,4.197,3.912
1/15/1999,3.044,4.221,3.912
1/18/1999,3.024,4.204,3.95
1/19/1999,3.007,4.172,3.922
1/20/1999,3.015,4.181,3.937
1/21/1999,3.008,4.151,3.915
1/22/1999,2.958,4.108,3.868
1/25/1999,2.965,4.096,3.872
1/26/1999,2.982,4.098,3.87
1/27/1999,2.975,4.105,3.889
1/28/1999,2.977,4.101,3.89
1/29/1999,2.989,4.107,3.886
2/1/1999,3.044,4.15,3.925
2/2/1999,3.032,4.17,3.916
2/3/1999,3.044,4.205,3.935
2/4/1999,3.094,4.281,4.006
2/5/1999,3.078,4.259,3.992
2/8/1999,3.104,4.295,4.043
2/9/1999,3.083,4.251,4.002
2/10/1999,3.076,4.237,3.996
2/11/1999,3.064,4.235,3.972
2/12/1999,3.096,4.287,4.032
2/15/1999,3.147,4.365,4.101
2/16/1999,3.144,4.375,4.116
2/17/1999,3.133,4.35,4.099
2/18/1999,3.121,4.363,4.125
2/19/1999,3.08,4.341,4.096
2/22/1999,3.063,4.328,4.094
2/23/1999,3.06,4.302,4.069
2/24/1999,3.107,4.315,4.084
2/25/1999,3.169,4.4,4.171
2/26/1999,3.221,4.448,4.218
3/1/1999,3.328,4.539,4.306
3/2/1999,3.281,4.531,4.292
3/3/1999,3.31,4.584,4.345
3/4/1999,3.288,4.617,4.376
3/5/1999,3.151,4.48,4.243
3/8/1999,3.144,4.513,4.281
3/9/1999,3.152,4.583,4.344
3/10/1999,3.125,4.544,4.303
3/11/1999,3.078,4.486,4.239
3/12/1999,3.07,4.496,4.255
3/15/1999,3.063,4.49,4.247
3/16/1999,3.061,4.453,4.218
3/17/1999,3.049,4.419,4.18
3/18/1999,3.026,4.398,4.161
3/19/1999,3.049,4.419,4.183
3/22/1999,3.072,4.447,4.221
3/23/1999,3.064,4.495,4.248
3/24/1999,3.042,4.459,4.246
3/25/1999,3.029,4.446,4.234
3/26/1999,3.041,4.529,4.318
3/29/1999,3.013,4.531,4.314
3/30/1999,2.965,4.509,4.302
3/31/1999,2.966,4.473,4.268
4/1/1999,2.933,4.477,4.268
4/2/1999,2.961,4.477,4.244
4/5/1999,2.963,4.464,4.25
4/6/1999,2.907,4.376,4.174
4/7/1999,2.926,4.364,4.15
4/8/1999,2.95,4.37,5.284
4/9/1999,2.822,4.304,4.097
4/12/1999,2.783,4.268,4.059
4/13/1999,2.837,4.308,4.094
4/14/1999,2.828,4.294,4.08
4/15/1999,2.857,4.351,4.13
4/16/1999,2.854,4.361,4.138
4/19/1999,2.809,4.379,4.136
4/20/1999,2.775,4.34,4.098
4/21/1999,2.776,4.339,4.104
4/22/1999,2.773,4.344,4.111
4/23/1999,2.764,4.344,4.11
4/26/1999,2.782,4.376,4.127
4/27/1999,2.758,4.342,4.104
4/28/1999,2.786,4.363,4.131
4/29/1999,2.762,4.308,4.093
4/30/1999,2.774,4.377,4.136
5/3/1999,2.782,4.382,4.141
5/4/1999,2.8,4.435,4.186
5/5/1999,2.796,4.458,4.205
5/6/1999,2.804,4.526,4.265
5/7/1999,2.795,4.506,4.24
5/10/1999,2.787,4.498,4.246
5/11/1999,2.774,4.563,4.288
5/12/1999,2.771,4.571,4.294
5/13/1999,2.73,4.567,4.292
5/14/1999,2.871,4.684,4.391
5/17/1999,2.787,4.641,4.363
5/18/1999,2.794,4.626,4.344
5/19/1999,2.851,4.646,4.355
5/20/1999,2.844,4.624,4.328
5/21/1999,2.8,4.593,4.305
5/24/1999,2.797,4.556,4.29
5/25/1999,2.797,4.556,4.29
5/26/1999,2.797,4.556,4.29
5/27/1999,2.797,4.556,4.29
5/28/1999,2.861,4.693,4.406
5/31/1999,2.88,4.686,4.415
6/1/1999,2.927,4.776,4.505
6/2/1999,2.974,4.827,4.554
6/3/1999,2.926,4.795,4.533
6/4/1999,2.985,4.845,4.576
6/7/1999,2.96,4.81,4.548
6/8/1999,2.945,4.852,4.549
6/9/1999,2.953,4.857,4.571
6/10/1999,3.058,4.969,4.682
6/11/1999,3.032,4.955,4.669
6/14/1999,3.041,4.924,4.643
6/15/1999,3.009,4.885,4.596
6/16/1999,3.018,4.853,4.578
6/17/1999,2.992,4.831,4.523
6/18/1999,2.983,4.796,4.515
6/21/1999,3.061,4.891,4.607
6/22/1999,3.087,4.967,4.692
6/23/1999,3.142,5.009,4.749
6/24/1999,3.215,5.167,4.795
6/25/1999,3.177,5.103,4.825
6/28/1999,3.209,5.123,4.856
6/29/1999,3.16,5.058,4.802
6/30/1999,3.163,5.061,4.8
7/1/1999,3.201,5.12,4.874
7/2/1999,3.204,5.136,4.875
7/5/1999,3.154,5.141,4.892
7/6/1999,3.181,5.221,4.962
7/7/1999,3.232,5.3,5.049
7/8/1999,3.271,5.281,5.037
7/9/1999,3.245,5.281,5.034
7/12/1999,3.212,5.175,4.936
7/13/1999,3.132,5.139,4.882
7/14/1999,3.129,5.162,4.901
7/15/1999,3.294,5.108,4.905
7/16/1999,3.328,5.109,4.905
7/19/1999,3.38,5.234,5.014
7/20/1999,3.299,5.193,4.945
7/21/1999,3.202,5.107,4.873
7/22/1999,3.245,5.162,4.914
7/23/1999,3.242,5.161,4.937
7/26/1999,3.227,5.161,4.948
7/27/1999,3.243,5.184,4.967
7/28/1999,3.247,5.158,4.956
7/29/1999,3.306,5.252,5.043
7/30/1999,3.371,5.307,5.093
8/2/1999,3.418,5.371,5.168
8/3/1999,3.447,5.391,5.19
8/4/1999,3.42,5.404,5.186
8/5/1999,3.493,5.46,5.265
8/6/1999,3.534,5.526,5.351
8/9/1999,3.538,5.48,5.319
8/10/1999,3.498,5.518,5.301
8/11/1999,3.472,5.506,5.29
8/12/1999,3.444,5.43,5.206
8/13/1999,3.41,5.405,5.176
8/16/1999,3.42,5.424,5.192
8/17/1999,3.373,5.388,5.149
8/18/1999,3.339,5.37,5.13
8/19/1999,3.33,5.37,5.11
8/20/1999,3.276,5.37,5.104
8/23/1999,3.318,5.353,5.09
8/24/1999,3.373,5.362,5.11
8/25/1999,3.3,5.294,5.046
8/26/1999,3.408,5.354,5.068
8/27/1999,3.431,5.377,5.116
8/30/1999,3.487,5.462,5.2
8/31/1999,3.458,5.489,5.212
9/1/1999,3.45,5.477,5.227
9/2/1999,3.481,5.585,5.32
9/3/1999,3.366,5.511,5.254
9/6/1999,3.377,5.507,5.239
9/7/1999,3.466,5.615,5.367
9/8/1999,3.459,5.595,5.327
9/9/1999,3.509,5.641,5.346
9/10/1999,3.493,5.643,5.344
9/13/1999,3.558,5.738,5.416
9/14/1999,3.555,5.77,5.444
9/15/1999,3.575,5.805,5.487
9/16/1999,3.478,5.72,5.414
9/17/1999,3.468,5.664,5.351
9/20/1999,3.499,5.704,5.385
9/21/1999,3.524,5.704,5.394
9/22/1999,3.516,5.709,5.393
9/23/1999,3.48,5.641,5.348
9/24/1999,3.409,5.596,5.296
9/27/1999,3.502,5.673,5.364
9/28/1999,3.533,5.658,5.372
9/29/1999,3.533,5.683,5.43
9/30/1999,3.551,5.607,5.369
10/1/1999,3.68,5.716,5.465
10/4/1999,3.761,5.724,5.473
10/5/1999,3.738,5.727,5.457
10/6/1999,3.731,5.742,5.486
10/7/1999,3.722,5.769,5.497
10/8/1999,3.748,5.79,5.517
10/11/1999,3.767,5.797,5.524
10/12/1999,3.871,5.886,5.603
10/13/1999,3.872,5.884,5.622
10/14/1999,3.985,6.007,5.736
10/15/1999,3.925,5.94,5.681
10/18/1999,3.909,5.954,5.682
10/19/1999,3.95,5.953,5.675
10/20/1999,3.981,6.004,5.745
10/21/1999,3.943,5.923,5.667
10/22/1999,3.941,5.909,5.656
10/25/1999,3.997,5.992,5.731
10/26/1999,4.003,5.968,5.703
10/27/1999,3.936,5.841,5.581
10/28/1999,3.876,5.745,5.49
10/29/1999,3.844,5.634,5.388
11/1/1999,3.886,5.627,5.383
11/2/1999,3.872,5.566,5.323
11/3/1999,3.873,5.611,5.369
11/4/1999,3.819,5.516,5.288
11/5/1999,3.749,5.44,5.242
11/8/1999,3.715,5.409,5.199
11/9/1999,3.723,5.462,5.254
11/10/1999,3.765,5.488,5.269
11/11/1999,3.718,5.471,5.252
11/12/1999,3.65,5.391,5.127
11/15/1999,4.116,5.437,5.127
11/16/1999,4.078,5.362,5.112
11/17/1999,4.218,5.49,5.25
11/18/1999,4.237,5.528,5.289
11/19/1999,4.287,5.569,5.322
11/22/1999,4.302,5.577,5.337
11/23/1999,4.29,5.585,5.357
11/24/1999,4.351,5.662,5.426
11/25/1999,4.351,5.66,5.425
11/26/1999,4.394,5.72,5.48
11/29/1999,4.413,5.707,5.469
11/30/1999,4.342,5.628,5.387
12/1/1999,4.303,5.591,5.353
12/2/1999,4.404,5.67,5.444
12/3/1999,4.365,5.621,5.395
12/6/1999,4.294,5.528,5.289
12/7/1999,4.294,5.503,5.262
12/8/1999,4.312,5.562,5.323
12/9/1999,4.3,5.523,5.291
12/10/1999,4.253,5.468,5.23
12/13/1999,4.256,5.498,5.265
12/14/1999,4.319,5.564,5.331
12/15/1999,4.287,5.528,5.293
12/16/1999,4.414,5.669,5.446
12/17/1999,4.45,5.714,5.498
12/20/1999,4.449,5.744,5.524
12/21/1999,4.449,5.706,5.481
12/22/1999,4.445,5.723,5.497
12/23/1999,4.445,5.704,5.473
12/24/1999,4.441,5.718,5.478
12/27/1999,4.416,5.695,5.468
12/28/1999,4.485,5.749,5.531
12/29/1999,4.476,5.77,5.548
12/30/1999,4.464,5.822,5.599
12/31/1999,4.484,5.822,5.595
1/3/2000,4.607,5.822,5.706
1/4/2000,4.619,5.947,5.725
1/5/2000,4.582,5.945,5.747
1/6/2000,4.595,5.986,5.779
1/7/2000,4.492,5.878,5.673
1/10/2000,4.467,5.841,5.644
1/11/2000,4.553,5.983,5.776
1/12/2000,4.57,5.994,5.812
1/13/2000,4.549,5.958,5.764
1/14/2000,4.582,5.985,5.791
1/17/2000,4.562,5.987,5.79
1/18/2000,4.599,6.076,5.874
1/19/2000,4.57,6.029,5.895
1/20/2000,4.591,6.019,5.895
1/21/2000,4.599,6.009,5.883
1/24/2000,4.612,5.987,5.873
1/25/2000,4.574,5.935,5.813
1/26/2000,4.621,5.93,5.813
1/27/2000,4.713,6.025,5.92
1/28/2000,4.701,6.022,5.923
1/31/2000,4.667,5.938,5.831
2/1/2000,4.604,5.848,5.747
2/2/2000,4.626,5.865,5.776
2/3/2000,4.617,5.805,5.723
2/4/2000,4.651,5.885,5.81
2/7/2000,4.681,5.915,5.837
2/8/2000,4.647,5.855,5.78
2/9/2000,4.695,5.894,5.826
2/10/2000,4.712,5.958,5.887
2/11/2000,4.729,5.959,5.884
2/14/2000,4.729,5.959,5.884
2/15/2000,4.729,5.959,5.884
2/16/2000,4.729,5.959,5.884
2/17/2000,4.761,5.955,5.888
2/18/2000,4.8,5.937,5.872
2/21/2000,4.779,5.853,5.803
2/22/2000,4.697,5.781,5.718
2/23/2000,4.697,5.794,5.742
2/24/2000,4.619,5.739,5.692
2/25/2000,4.65,5.804,5.736
2/28/2000,4.659,5.846,5.771
2/29/2000,4.69,5.859,5.793
3/1/2000,4.677,5.856,5.77
3/2/2000,4.717,5.873,5.817
3/3/2000,4.713,5.809,5.739
3/6/2000,4.726,5.819,5.739
3/7/2000,4.722,5.809,5.733
3/8/2000,4.723,5.811,5.738
3/9/2000,4.652,5.711,5.633
3/10/2000,4.701,5.723,5.65
3/13/2000,4.679,5.686,5.611
3/14/2000,4.706,5.713,5.645
3/15/2000,4.698,5.68,5.623
3/16/2000,4.64,5.641,5.567
3/17/2000,4.631,5.611,5.527
3/20/2000,4.631,5.618,5.54
3/21/2000,4.6,5.566,5.518
3/22/2000,4.641,5.635,5.558
3/23/2000,4.609,5.566,5.489
3/24/2000,4.65,5.605,5.546
3/27/2000,4.691,5.68,5.605
3/28/2000,4.655,5.635,5.568
3/29/2000,4.687,5.674,5.605
3/30/2000,4.628,5.612,5.536
3/31/2000,4.592,5.58,5.504
4/3/2000,4.588,5.548,5.481
4/4/2000,4.574,5.528,5.461
4/5/2000,4.493,5.499,5.43
4/6/2000,4.57,5.571,5.5
4/7/2000,4.566,5.554,5.479
4/10/2000,4.589,5.536,5.462
4/11/2000,4.589,5.561,5.479
4/12/2000,4.612,5.566,5.488
4/13/2000,4.626,5.573,5.498
4/14/2000,4.622,5.6,5.523
4/17/2000,4.599,5.596,5.523
4/18/2000,4.645,5.642,5.555
4/19/2000,4.66,5.663,5.578
4/20/2000,4.707,5.676,5.608
4/21/2000,4.717,5.685,5.608
4/24/2000,4.717,5.705,5.601
4/25/2000,4.74,5.702,5.637
4/26/2000,4.727,5.641,5.572
4/27/2000,4.765,5.677,5.59
4/28/2000,4.78,5.662,5.593
5/1/2000,4.76,5.659,5.59
5/2/2000,4.842,5.705,5.637
5/3/2000,4.92,5.786,5.718
5/4/2000,4.987,5.847,5.758
5/5/2000,4.993,5.825,5.761
5/8/2000,4.994,5.787,5.723
5/9/2000,4.956,5.749,5.68
5/10/2000,4.924,5.728,5.66
5/11/2000,5.016,5.823,5.747
5/12/2000,5.095,5.786,5.723
5/15/2000,5.037,5.766,5.704
5/16/2000,5.014,5.736,5.674
5/17/2000,5.143,5.81,5.745
5/18/2000,5.158,5.809,5.763
5/19/2000,5.204,5.825,5.776
5/22/2000,5.136,5.744,5.7
5/23/2000,5.122,5.73,5.715
5/24/2000,5.065,5.717,5.657
5/25/2000,5.026,5.627,5.599
5/26/2000,4.978,5.578,5.546
5/29/2000,5.054,5.622,5.588
5/30/2000,5.071,5.623,5.599
5/31/2000,5.098,5.562,5.537
6/1/2000,5.039,5.507,5.464
6/2/2000,4.914,5.453,5.428
6/5/2000,4.914,5.487,5.436
6/6/2000,4.905,5.527,5.481
6/7/2000,4.907,5.547,5.482
6/8/2000,5.084,5.614,5.548
6/9/2000,5.049,5.583,5.508
6/12/2000,5.05,5.581,5.501
6/13/2000,5.005,5.516,5.467
6/14/2000,5.012,5.586,5.51
6/15/2000,4.962,5.594,5.53
6/16/2000,4.922,5.523,5.454
6/19/2000,4.964,5.547,5.475
6/20/2000,5.005,5.532,5.475
6/21/2000,5.068,5.607,5.554
6/22/2000,5.094,5.66,5.599
6/23/2000,5.13,5.658,5.615
6/26/2000,5.11,5.644,5.596
6/27/2000,5.105,5.657,5.599
6/28/2000,4.654,5.673,5.622
6/29/2000,5.081,5.608,5.553
6/30/2000,5.112,5.642,5.59
7/3/2000,5.128,5.708,5.644
7/4/2000,5.128,5.708,5.64
7/5/2000,5.072,5.677,5.614
7/6/2000,5.124,5.746,5.683
7/7/2000,5.114,5.684,5.625
7/10/2000,5.136,5.698,5.636
7/11/2000,5.126,5.653,5.585
7/12/2000,5.185,5.691,5.628
7/13/2000,5.18,5.655,5.596
7/14/2000,5.249,5.713,5.658
7/17/2000,5.255,5.737,5.675
7/18/2000,5.263,5.723,5.675
7/19/2000,5.263,5.69,5.657
7/20/2000,5.226,5.633,5.601
7/21/2000,5.243,5.629,5.598
7/24/2000,5.259,5.625,5.593
7/25/2000,5.238,5.589,5.554
7/26/2000,5.218,5.549,5.512
7/27/2000,5.246,5.551,5.52
7/28/2000,5.257,5.575,5.547
7/31/2000,5.252,5.581,5.552
8/1/2000,5.209,5.533,5.499
8/2/2000,5.216,5.556,5.516
8/3/2000,5.211,5.565,5.532
8/4/2000,5.201,5.575,5.535
8/7/2000,5.158,5.555,5.517
8/8/2000,5.169,5.586,5.544
8/9/2000,5.209,5.568,5.524
8/10/2000,5.166,5.536,5.501
8/11/2000,5.277,5.544,5.506
8/14/2000,5.294,5.564,5.532
8/15/2000,5.307,5.612,5.571
8/16/2000,5.341,5.616,5.583
8/17/2000,5.341,5.608,5.584
8/18/2000,5.336,5.604,5.57
8/21/2000,5.387,5.647,5.616
8/22/2000,5.338,5.627,5.596
8/23/2000,5.289,5.606,5.566
8/24/2000,5.307,5.619,5.583
8/25/2000,5.313,5.635,5.597
8/28/2000,5.325,5.652,5.61
8/29/2000,5.315,5.696,5.664
8/30/2000,5.294,5.692,5.66
8/31/2000,5.272,5.7,5.66
9/1/2000,5.171,5.589,5.554
9/4/2000,5.177,5.596,5.554
9/5/2000,5.168,5.607,5.571
9/6/2000,5.265,5.652,5.615
9/7/2000,5.248,5.648,5.611
9/8/2000,5.249,5.684,5.65
9/11/2000,5.261,5.674,5.639
9/12/2000,5.244,5.692,5.652
9/13/2000,5.223,5.679,5.643
9/14/2000,5.201,5.684,5.638
9/15/2000,5.184,5.73,5.678
9/18/2000,5.179,5.78,5.718
9/19/2000,5.15,5.763,5.698
9/20/2000,5.152,5.763,5.7
9/21/2000,5.158,5.708,5.666
9/22/2000,5.1,5.698,5.623
9/25/2000,5.189,5.73,5.65
9/26/2000,5.166,5.702,5.624
9/27/2000,5.173,5.735,5.659
9/28/2000,5.174,5.703,5.625
9/29/2000,5.145,5.67,5.591
10/2/2000,5.104,5.684,5.596
10/3/2000,5.098,5.693,5.609
10/4/2000,5.136,5.693,5.606
10/5/2000,5.178,5.708,5.618
10/6/2000,5.172,5.686,5.594
10/9/2000,5.132,5.653,5.566
10/10/2000,5.115,5.664,5.577
10/11/2000,5.085,5.624,5.551
10/12/2000,5.062,5.6,5.528
10/13/2000,5.08,5.679,5.586
10/16/2000,5.129,5.676,5.587
10/17/2000,5.123,5.681,5.596
10/18/2000,5.125,5.673,5.581
10/19/2000,5.156,5.68,5.584
10/20/2000,5.181,5.659,5.576
10/23/2000,5.212,5.666,5.58
10/24/2000,5.207,5.671,5.589
10/25/2000,5.227,5.715,5.633
10/26/2000,5.216,5.696,5.607
10/27/2000,5.199,5.676,5.588
10/30/2000,5.193,5.68,5.592
10/31/2000,5.189,5.676,5.583
11/1/2000,5.151,5.657,5.564
11/2/2000,5.152,5.674,5.579
11/3/2000,5.159,5.685,5.592
11/6/2000,5.185,5.692,5.599
11/7/2000,5.173,5.702,5.604
11/8/2000,5.182,5.714,5.616
11/9/2000,5.157,5.695,5.597
11/10/2000,5.126,5.689,5.585
11/13/2000,5.101,5.645,5.537
11/14/2000,5.101,5.663,5.554
11/15/2000,5.097,5.658,5.558
11/16/2000,5.085,5.643,5.54
11/17/2000,5.079,5.648,5.546
11/20/2000,5.092,5.632,5.528
11/21/2000,5.118,5.652,5.547
11/22/2000,5.094,5.589,5.489
11/23/2000,5.101,5.596,5.496
11/24/2000,5.121,5.579,5.481
11/27/2000,5.115,5.574,5.473
11/28/2000,5.071,5.535,5.445
11/29/2000,5.033,5.525,5.438
11/30/2000,4.956,5.455,5.358
12/1/2000,4.962,5.441,5.358
12/4/2000,4.937,5.423,5.333
12/5/2000,4.898,5.416,5.317
12/6/2000,4.833,5.407,5.292
12/7/2000,4.84,5.416,5.302
12/8/2000,4.873,5.424,5.32
12/11/2000,4.899,5.436,5.32
12/12/2000,4.9,5.457,5.341
12/13/2000,4.841,5.398,5.29
12/14/2000,4.794,5.356,5.254
12/15/2000,4.768,5.334,5.215
12/18/2000,4.728,5.31,5.203
12/19/2000,4.774,5.355,5.245
12/20/2000,4.694,5.354,5.235
12/21/2000,4.701,5.375,5.26
12/22/2000,4.687,5.37,5.261
12/25/2000,4.687,5.366,5.246
12/26/2000,4.64,5.366,5.248
12/27/2000,4.632,5.354,5.243
12/28/2000,4.7,5.393,5.293
12/29/2000,4.659,5.344,5.242
1/1/2001,4.615,5.335,5.233
1/2/2001,4.523,5.23,5.125
1/3/2001,4.515,5.201,5.104
1/4/2001,4.467,5.204,5.105
1/5/2001,4.356,5.164,5.061
1/8/2001,4.39,5.182,5.076
1/9/2001,4.486,5.226,5.126
1/10/2001,4.561,5.26,5.167
1/11/2001,4.505,5.226,5.12
1/12/2001,4.588,5.302,5.194
1/15/2001,4.588,5.302,5.194
1/16/2001,4.58,5.328,5.221
1/17/2001,4.579,5.293,5.184
1/18/2001,4.53,5.288,5.17
1/19/2001,4.494,5.317,5.209
1/22/2001,4.515,5.343,5.213
1/23/2001,4.5,5.314,5.19
1/24/2001,4.57,5.332,5.214
1/25/2001,4.627,5.329,5.207
1/26/2001,4.641,5.319,5.199
1/29/2001,4.598,5.317,5.196
1/30/2001,4.519,5.289,5.165
1/31/2001,4.467,5.271,5.143
2/1/2001,4.517,5.26,5.133
2/2/2001,4.51,5.254,5.117
2/5/2001,4.487,5.237,5.103
2/6/2001,4.516,5.236,5.118
2/7/2001,4.508,5.223,5.105
2/8/2001,4.558,5.255,5.136
2/9/2001,4.514,5.227,5.109
2/12/2001,4.521,5.223,5.099
2/13/2001,4.499,5.215,5.091
2/14/2001,4.534,5.241,5.126
2/15/2001,4.601,5.303,5.184
2/16/2001,4.608,5.278,5.188
2/19/2001,4.589,5.261,5.172
2/20/2001,4.632,5.283,5.195
2/21/2001,4.641,5.31,5.22
2/22/2001,4.67,5.324,5.229
2/23/2001,4.622,5.298,5.201
2/26/2001,4.592,5.301,5.204
2/27/2001,4.515,5.231,5.138
2/28/2001,4.504,5.237,5.127
3/1/2001,4.514,5.242,5.134
3/2/2001,4.523,5.222,5.117
3/5/2001,4.562,5.246,5.147
3/6/2001,4.533,5.234,5.135
3/7/2001,4.527,5.238,5.141
3/8/2001,4.497,5.202,5.103
3/9/2001,4.502,5.21,5.108
3/12/2001,4.512,5.199,5.099
3/13/2001,4.521,5.223,5.118
3/14/2001,4.481,5.213,5.1
3/15/2001,4.451,5.209,5.094
3/16/2001,4.401,5.185,5.065
3/19/2001,4.45,5.211,5.091
3/20/2001,4.455,5.225,5.103
3/21/2001,4.339,5.176,5.057
3/22/2001,4.254,5.12,5.002
3/23/2001,4.283,5.129,5.009
3/26/2001,4.282,5.153,5.032
3/27/2001,4.331,5.18,5.059
3/28/2001,4.308,5.171,5.053
3/29/2001,4.317,5.22,5.096
3/30/2001,4.331,5.216,5.095
4/2/2001,4.355,5.24,5.111
4/3/2001,4.294,5.209,5.08
4/4/2001,4.331,5.254,5.132
4/5/2001,4.34,5.253,5.133
4/6/2001,4.278,5.205,5.085
4/9/2001,4.272,5.213,5.095
4/10/2001,4.358,5.062,5.132
4/11/2001,4.487,5.318,5.211
4/12/2001,4.538,5.323,5.213
4/13/2001,4.563,5.323,5.209
4/16/2001,4.538,5.327,5.212
4/17/2001,4.557,5.354,5.239
4/18/2001,4.483,5.384,5.269
4/19/2001,4.591,5.441,5.328
4/20/2001,4.564,5.408,5.294
4/23/2001,4.548,5.377,5.26
4/24/2001,4.641,5.414,5.304
4/25/2001,4.613,5.413,5.302
4/26/2001,4.507,5.37,5.26
4/27/2001,4.627,5.432,5.328
4/30/2001,4.748,5.5,5.399
5/1/2001,4.791,5.495,5.397
5/2/2001,4.71,5.47,5.365
5/3/2001,4.677,5.441,5.336
5/4/2001,4.634,5.406,5.295
5/7/2001,4.607,5.406,5.3
5/8/2001,4.606,5.401,5.29
5/9/2001,4.534,5.393,5.282
5/10/2001,4.421,5.397,5.28
5/11/2001,4.474,5.475,5.364
5/14/2001,4.522,5.537,5.424
5/15/2001,4.543,5.526,5.419
5/16/2001,4.515,5.51,5.404
5/17/2001,4.518,5.49,5.378
5/18/2001,4.572,5.479,5.378
5/21/2001,4.571,5.481,5.392
5/22/2001,4.589,5.525,5.437
5/23/2001,4.572,5.559,5.461
5/24/2001,4.544,5.589,5.48
5/25/2001,4.566,5.606,5.503
5/28/2001,4.489,5.565,5.481
5/29/2001,4.499,5.542,5.448
5/30/2001,4.526,5.547,5.456
5/31/2001,4.551,5.565,5.471
6/1/2001,4.456,5.466,5.375
6/4/2001,4.411,5.476,5.373
6/5/2001,4.356,5.407,5.324
6/6/2001,4.421,5.455,5.36
6/7/2001,4.407,5.484,5.395
6/8/2001,4.417,5.466,5.386
6/11/2001,4.416,5.453,5.365
6/12/2001,4.438,5.463,5.378
6/13/2001,4.487,5.469,5.379
6/14/2001,4.395,5.404,5.315
6/15/2001,4.399,5.408,5.316
6/18/2001,4.376,5.391,5.307
6/19/2001,4.352,5.414,5.334
6/20/2001,4.368,5.392,5.309
6/21/2001,4.348,5.36,5.275
6/22/2001,4.313,5.351,5.263
6/25/2001,4.267,5.357,5.271
6/26/2001,4.288,5.384,5.299
6/27/2001,4.304,5.374,5.295
6/28/2001,4.306,5.427,5.342
6/29/2001,4.403,5.511,5.431
7/2/2001,4.356,5.498,5.419
7/3/2001,4.435,5.532,5.445
7/4/2001,4.452,5.529,5.448
7/5/2001,4.478,5.52,5.435
7/6/2001,4.425,5.476,5.401
7/9/2001,4.442,5.51,5.434
7/10/2001,4.394,5.481,5.394
7/11/2001,4.358,5.453,5.367
7/12/2001,4.361,5.472,5.388
7/13/2001,4.377,5.483,5.403
7/16/2001,4.376,5.463,5.376
7/17/2001,4.399,5.448,5.351
7/18/2001,4.351,5.413,5.326
7/19/2001,4.364,5.4,5.316
7/20/2001,4.322,5.36,5.275
7/23/2001,4.291,5.36,5.275
7/24/2001,4.285,5.355,5.275
7/25/2001,4.313,5.378,5.29
7/26/2001,4.298,5.347,5.258
7/27/2001,4.267,5.301,5.217
7/30/2001,4.254,5.294,5.211
7/31/2001,4.235,5.268,5.188
8/1/2001,4.245,5.306,5.223
8/2/2001,4.242,5.328,5.243
8/3/2001,4.204,5.305,5.22
8/6/2001,4.209,5.3,5.213
8/7/2001,4.232,5.306,5.218
8/8/2001,4.243,5.31,5.222
8/9/2001,4.123,5.252,5.158
8/10/2001,4.073,5.212,5.126
8/13/2001,4.07,5.201,5.11
8/14/2001,4.111,5.246,5.151
8/15/2001,4.088,5.241,5.144
8/16/2001,4.088,5.233,5.137
8/17/2001,4.037,5.174,5.08
8/20/2001,4.036,5.2,5.096
8/21/2001,4.077,5.232,5.13
8/22/2001,4.101,5.262,5.152
8/23/2001,4.096,5.259,5.155
8/24/2001,4.151,5.296,5.192
8/27/2001,4.149,5.28,5.176
8/28/2001,4.06,5.22,5.11
8/29/2001,4.071,5.205,5.106
8/30/2001,3.978,5.171,5.064
8/31/2001,3.97,5.203,5.098
9/3/2001,3.956,5.195,5.086
9/4/2001,4.087,5.302,5.198
9/5/2001,4.124,5.306,5.207
9/6/2001,4.036,5.249,5.153
9/7/2001,3.952,5.216,5.109
9/10/2001,3.975,5.256,5.168
9/11/2001,3.782,5.133,5.053
9/12/2001,3.793,5.262,5.162
9/13/2001,3.767,5.258,5.153
9/14/2001,3.72,5.209,5.1
9/17/2001,3.622,5.243,5.131
9/18/2001,3.606,5.248,5.139
9/19/2001,3.585,5.259,5.148
9/20/2001,3.577,5.263,5.152
9/21/2001,3.549,5.311,5.199
9/24/2001,3.579,5.302,5.192
9/25/2001,3.557,5.228,5.117
9/26/2001,3.574,5.18,5.087
9/27/2001,3.507,5.171,5.066
9/28/2001,3.544,5.176,5.091
10/1/2001,3.528,5.15,5.056
10/2/2001,3.48,5.067,4.97
10/3/2001,3.438,5.019,4.92
10/4/2001,3.396,5.034,4.947
10/5/2001,3.406,5.021,4.925
10/8/2001,3.41,5.046,4.952
10/9/2001,3.431,5.075,4.984
10/10/2001,3.449,5.057,4.975
10/11/2001,3.52,5.064,4.982
10/12/2001,3.471,5.051,4.967
10/15/2001,3.448,5.008,4.924
10/16/2001,3.404,4.991,4.907
10/17/2001,3.436,4.988,4.903
10/18/2001,3.44,4.965,4.88
10/19/2001,3.396,4.994,4.9
10/22/2001,3.366,4.958,4.87
10/23/2001,3.39,4.961,4.872
10/24/2001,3.354,4.909,4.822
10/25/2001,3.33,4.858,4.778
10/26/2001,3.327,4.849,4.768
10/29/2001,3.245,4.802,4.719
10/30/2001,3.186,4.754,4.667
10/31/2001,3.204,4.758,4.678
11/1/2001,3.148,4.616,4.539
11/2/2001,3.145,4.706,4.629
11/5/2001,3.099,4.667,4.593
11/6/2001,3.089,4.678,4.599
11/7/2001,3.001,4.618,4.543
11/8/2001,3.053,4.658,4.582
11/9/2001,3.07,4.671,4.598
11/12/2001,3.024,4.663,4.584
11/13/2001,3.113,4.756,4.68
11/14/2001,3.187,4.825,4.745
11/15/2001,3.377,4.888,4.811
11/16/2001,3.417,4.91,4.833
11/19/2001,3.357,4.873,4.799
11/20/2001,3.346,4.9,4.82
11/21/2001,3.424,4.961,4.878
11/22/2001,3.45,4.984,4.904
11/23/2001,3.432,4.957,4.875
11/26/2001,3.378,4.923,4.836
11/27/2001,3.499,5.037,4.958
11/28/2001,3.402,4.991,4.91
11/29/2001,3.369,4.959,4.881
11/30/2001,3.299,4.914,4.831
12/3/2001,3.274,4.872,4.792
12/4/2001,3.292,4.836,4.76
12/5/2001,3.492,5.028,4.961
12/6/2001,3.534,5.079,5.007
12/7/2001,3.531,5.156,5.093
12/10/2001,3.475,5.138,5.077
12/11/2001,3.442,5.073,5.017
12/12/2001,3.349,4.995,4.939
12/13/2001,3.429,5.068,5.001
12/14/2001,3.434,5.012,4.954
12/17/2001,3.492,5.111,5.045
12/18/2001,3.435,5.087,5.022
12/19/2001,3.418,5.057,4.992
12/20/2001,3.427,5.079,5.012
12/21/2001,3.443,5.134,5.05
12/24/2001,3.442,5.116,5.05
12/25/2001,3.434,5.113,5.05
12/26/2001,3.497,5.113,5.05
12/27/2001,3.467,5.183,5.118
12/28/2001,3.479,5.244,5.192
12/31/2001,3.484,5.243,5.246
1/1/2002,3.484,5.243,5.192
1/2/2002,3.402,5.212,5.147
1/3/2002,3.423,5.166,5.095
1/4/2002,3.468,5.196,5.126
1/7/2002,3.449,5.079,5.011
1/8/2002,3.453,5.098,5.032
1/9/2002,3.525,5.163,5.095
1/10/2002,3.513,5.117,5.05
1/11/2002,3.535,5.093,5.026
1/14/2002,3.474,5.025,4.961
1/15/2002,3.487,5.037,4.962
1/16/2002,3.469,5.047,4.969
1/17/2002,3.867,5.147,5.058
1/18/2002,3.908,5.179,5.094
1/21/2002,3.9,5.168,5.08
1/22/2002,3.994,5.219,5.135
1/23/2002,3.966,5.178,5.088
1/24/2002,4.061,5.269,5.178
1/25/2002,4.121,5.328,5.25
1/28/2002,4.136,5.301,5.24
1/29/2002,4.074,5.287,5.218
1/30/2002,4.068,5.254,5.186
1/31/2002,4.092,5.233,5.163
2/1/2002,4.047,5.2,5.14
2/4/2002,3.971,5.158,5.087
2/5/2002,3.936,5.147,5.078
2/6/2002,3.915,5.191,5.117
2/7/2002,4.017,5.288,5.182
2/8/2002,3.981,5.27,5.152
2/11/2002,4.01,5.279,5.165
2/12/2002,4.029,5.306,5.197
2/13/2002,4.088,5.31,5.214
2/14/2002,4.085,5.271,5.175
2/15/2002,4.016,5.238,5.134
2/18/2002,4.017,5.246,5.137
2/19/2002,4.042,5.281,5.17
2/20/2002,4.026,5.28,5.163
2/21/2002,4.06,5.306,5.192
2/22/2002,4.028,5.249,5.143
2/25/2002,4.039,5.3,5.187
2/26/2002,4.045,5.305,5.183
2/27/2002,4.048,5.292,5.19
2/28/2002,4.04,5.285,5.176
3/1/2002,4.083,5.33,5.228
3/4/2002,4.113,5.346,5.242
3/5/2002,4.157,5.403,5.299
3/6/2002,4.184,5.474,5.361
3/7/2002,4.248,5.493,5.395
3/8/2002,4.302,5.487,5.387
3/11/2002,4.294,5.464,5.364
3/12/2002,4.271,5.482,5.383
3/13/2002,4.28,5.489,5.387
3/14/2002,4.32,5.532,5.435
3/15/2002,4.356,5.52,5.429
3/18/2002,4.343,5.488,5.409
3/19/2002,4.354,5.496,5.409
3/20/2002,4.364,5.517,5.433
3/21/2002,4.409,5.519,5.438
3/22/2002,4.431,5.546,5.459
3/25/2002,4.467,5.574,5.482
3/26/2002,4.431,5.53,5.436
3/27/2002,4.418,5.532,5.434
3/28/2002,4.449,5.554,5.462
3/29/2002,4.43,5.559,5.474
4/1/2002,4.444,5.536,5.436
4/2/2002,4.421,5.552,5.46
4/3/2002,4.362,5.503,5.403
4/4/2002,4.334,5.447,5.353
4/5/2002,4.305,5.446,5.346
4/8/2002,4.302,5.494,5.387
4/9/2002,4.293,5.495,5.387
4/10/2002,4.313,5.507,5.404
4/11/2002,4.3,5.472,5.368
4/12/2002,4.266,5.462,5.363
4/15/2002,4.217,5.425,5.319
4/16/2002,4.32,5.497,5.394
4/17/2002,4.289,5.514,5.403
4/18/2002,4.255,5.512,5.402
4/19/2002,4.277,5.522,5.413
4/22/2002,4.228,5.472,5.364
4/23/2002,4.255,5.512,5.402
4/24/2002,4.218,5.472,5.362
4/25/2002,4.143,5.428,5.317
4/26/2002,4.14,5.415,5.31
4/29/2002,4.177,5.454,5.357
4/30/2002,4.169,5.446,5.339
5/1/2002,4.169,5.446,5.338
5/2/2002,4.268,5.501,5.404
5/3/2002,4.187,5.424,5.329
5/6/2002,4.21,5.426,5.325
5/7/2002,4.171,5.416,5.316
5/8/2002,4.236,5.484,5.382
5/9/2002,4.273,5.514,5.413
5/10/2002,4.293,5.502,5.41
5/13/2002,4.321,5.51,5.418
5/14/2002,4.39,5.553,5.475
5/15/2002,4.399,5.543,5.463
5/16/2002,4.376,5.524,5.441
5/17/2002,4.414,5.546,5.471
5/20/2002,4.361,5.48,5.403
5/21/2002,4.315,5.471,5.387
5/22/2002,4.282,5.451,5.364
5/23/2002,4.272,5.425,5.337
5/24/2002,4.289,5.463,5.375
5/27/2002,4.312,5.477,5.39
5/28/2002,4.297,5.463,5.372
5/29/2002,4.29,5.455,5.363
5/30/2002,4.249,5.439,5.346
5/31/2002,4.287,5.565,5.372
6/3/2002,4.305,5.558,5.372
6/4/2002,4.252,5.535,5.337
6/5/2002,4.229,5.525,5.326
6/6/2002,4.23,5.529,5.341
6/7/2002,4.215,5.546,5.345
6/10/2002,4.173,5.516,5.314
6/11/2002,4.196,5.532,5.329
6/12/2002,4.156,5.497,5.298
6/13/2002,4.113,5.44,5.236
6/14/2002,4.06,5.405,5.201
6/17/2002,4.088,5.433,5.233
6/18/2002,4.084,5.397,5.205
6/19/2002,4.07,5.373,5.185
6/20/2002,4.049,5.376,5.187
6/21/2002,4.05,5.365,5.184
6/24/2002,3.991,5.323,5.138
6/25/2002,4.041,5.384,5.2
6/26/2002,3.972,5.327,5.145
6/27/2002,3.973,5.333,5.149
6/28/2002,3.941,5.359,5.17
7/1/2002,3.947,5.401,5.203
7/2/2002,3.898,5.35,5.144
7/3/2002,3.917,5.365,5.161
7/4/2002,3.962,5.408,5.201
7/5/2002,4.013,5.447,5.239
7/8/2002,4.003,5.429,5.225
7/9/2002,3.982,5.42,5.218
7/10/2002,3.911,5.357,5.155
7/11/2002,3.856,5.292,5.09
7/12/2002,3.822,5.277,5.075
7/15/2002,3.772,5.236,5.028
7/16/2002,3.824,5.298,5.083
7/17/2002,3.848,5.311,5.101
7/18/2002,3.849,5.297,5.083
7/19/2002,3.782,5.251,5.034
7/22/2002,3.742,5.221,5.006
7/23/2002,3.743,5.224,5.012
7/24/2002,3.67,5.162,4.947
7/25/2002,3.677,5.172,4.969
7/26/2002,3.614,5.175,4.946
7/29/2002,3.712,5.252,5.01
7/30/2002,3.684,5.254,5.01
7/31/2002,3.616,5.203,4.966
8/1/2002,3.559,5.152,4.913
8/2/2002,3.472,5.074,4.834
8/5/2002,3.369,5.022,4.774
8/6/2002,3.496,5.078,4.832
8/7/2002,3.409,5.009,4.76
8/8/2002,3.456,5.057,4.805
8/9/2002,3.479,5.023,4.774
8/12/2002,3.503,4.992,4.741
8/13/2002,3.457,4.96,4.708
8/14/2002,3.427,4.88,4.633
8/15/2002,3.627,5.035,4.795
8/16/2002,3.628,5.022,4.785
8/19/2002,3.634,5.053,4.819
8/20/2002,3.564,4.999,4.766
8/21/2002,3.642,5.076,4.865
8/22/2002,3.672,5.127,4.893
8/23/2002,3.607,5.085,4.849
8/26/2002,3.595,5.083,4.848
8/27/2002,3.62,5.091,4.853
8/28/2002,3.531,5.012,4.775
8/29/2002,3.495,5.009,4.767
8/30/2002,3.453,5.01,4.765
9/2/2002,3.387,4.958,4.704
9/3/2002,3.332,4.892,4.638
9/4/2002,3.296,4.901,4.641
9/5/2002,3.241,4.881,4.605
9/6/2002,3.199,4.892,4.611
9/9/2002,3.29,4.884,4.616
9/10/2002,3.344,4.927,4.67
9/11/2002,3.412,4.992,4.741
9/12/2002,3.326,4.933,4.669
9/13/2002,3.27,4.898,4.634
9/16/2002,3.227,4.835,4.563
9/17/2002,3.239,4.844,4.578
9/18/2002,3.202,4.801,4.533
9/19/2002,3.164,4.784,4.504
9/20/2002,3.182,4.843,4.562
9/23/2002,3.139,4.803,4.515
9/24/2002,3.12,4.787,4.492
9/25/2002,3.175,4.827,4.525
9/26/2002,3.199,4.855,4.556
9/27/2002,3.168,4.856,4.546
9/30/2002,3.067,4.8,4.491
10/1/2002,3.079,4.851,4.51
10/2/2002,3.116,4.926,4.595
10/3/2002,3.058,4.924,4.585
10/4/2002,3.026,4.888,4.554
10/7/2002,3.026,4.857,4.514
10/8/2002,3.025,4.819,4.477
10/9/2002,3.03,4.838,4.495
10/10/2002,3.112,4.881,4.544
10/11/2002,3.182,4.953,4.617
10/14/2002,3.188,4.983,4.647
10/15/2002,3.266,5.076,4.75
10/16/2002,3.298,5.081,4.771
10/17/2002,3.271,5.069,4.757
10/18/2002,3.226,5.092,4.772
10/21/2002,3.232,5.118,4.79
10/22/2002,3.245,5.14,4.816
10/23/2002,3.152,5.079,4.749
10/24/2002,3.198,5.139,4.806
10/25/2002,3.211,5.095,4.762
10/28/2002,3.138,5.049,4.712
10/29/2002,3.07,5.003,4.658
10/30/2002,3.129,5.058,4.706
10/31/2002,3.069,5.019,4.67
11/1/2002,3.102,5.055,4.706
11/4/2002,3.062,5.055,4.716
11/5/2002,3.122,5.097,4.763
11/6/2002,3.127,5.09,4.758
11/7/2002,3.106,5.016,4.68
11/8/2002,3.024,4.944,4.601
11/11/2002,3.004,4.916,4.569
11/12/2002,2.977,4.884,4.531
11/13/2002,2.981,4.909,4.56
11/14/2002,2.994,4.96,4.608
11/15/2002,3,4.938,4.591
11/18/2002,3.013,4.953,4.604
11/19/2002,2.992,4.925,4.578
11/20/2002,2.983,4.907,4.562
11/21/2002,3.017,4.988,4.64
11/22/2002,3.037,4.988,4.638
11/25/2002,3.057,5,4.66
11/26/2002,3.022,4.941,4.612
11/27/2002,3.09,4.993,4.666
11/28/2002,3.062,4.988,4.653
11/29/2002,3.04,4.939,4.61
12/2/2002,3.054,4.956,4.634
12/3/2002,3.011,4.917,4.592
12/4/2002,3.03,4.905,4.584
12/5/2002,2.973,4.871,4.548
12/6/2002,2.929,4.84,4.518
12/9/2002,2.886,4.819,4.492
12/10/2002,2.871,4.824,4.488
12/11/2002,2.854,4.798,4.47
12/12/2002,2.802,4.738,4.41
12/13/2002,2.816,4.765,4.446
12/16/2002,2.829,4.778,4.459
12/17/2002,2.799,4.766,4.442
12/18/2002,2.745,4.724,4.39
12/19/2002,2.759,4.732,4.405
12/20/2002,2.748,4.735,4.4
12/23/2002,2.744,4.727,4.398
12/24/2002,2.735,4.727,4.4
12/25/2002,2.735,4.727,4.403
12/26/2002,2.735,4.73,4.403
12/27/2002,2.674,4.65,4.313
12/30/2002,2.687,4.65,4.312
12/31/2002,2.661,4.645,4.316
1/1/2003,2.668,4.649,4.316
1/2/2003,2.749,4.764,4.428
1/3/2003,2.74,4.785,4.45
1/6/2003,2.702,4.769,4.43
1/7/2003,2.663,4.738,4.396
1/8/2003,2.643,4.68,4.341
1/9/2003,2.68,4.712,4.368
1/10/2003,2.648,4.691,4.348
1/13/2003,2.654,4.703,4.354
1/14/2003,2.653,4.674,4.337
1/15/2003,2.664,4.675,4.335
1/16/2003,2.685,4.682,4.335
1/17/2003,2.622,4.598,4.244
1/20/2003,2.59,4.568,4.214
1/21/2003,2.619,4.541,4.202
1/22/2003,2.591,4.52,4.176
1/23/2003,2.574,4.486,4.152
1/24/2003,2.557,4.412,4.073
1/27/2003,2.571,4.412,4.072
1/28/2003,2.585,4.464,4.131
1/29/2003,2.564,4.455,4.126
1/30/2003,2.57,4.498,4.161
1/31/2003,2.685,4.511,4.239
2/3/2003,2.685,4.505,4.235
2/4/2003,2.653,4.459,4.18
2/5/2003,2.654,4.482,4.193
2/6/2003,2.617,4.482,4.184
2/7/2003,2.585,4.457,4.158
2/10/2003,2.589,4.492,4.18
2/11/2003,2.553,4.456,4.144
2/12/2003,2.511,4.45,4.122
2/13/2003,2.483,4.423,4.092
2/14/2003,2.52,4.452,4.124
2/17/2003,2.539,4.46,4.143
2/18/2003,2.534,4.468,4.143
2/19/2003,2.478,4.4,4.071
2/20/2003,2.487,4.401,4.056
2/21/2003,2.511,4.425,4.094
2/24/2003,2.417,4.382,4.046
2/25/2003,2.393,4.384,4.034
2/26/2003,2.374,4.378,4.038
2/27/2003,2.454,4.443,4.106
2/28/2003,2.392,4.39,4.053
3/3/2003,2.378,4.371,4.028
3/4/2003,2.378,4.39,4.047
3/5/2003,2.372,4.369,4.026
3/6/2003,2.348,4.353,4.006
3/7/2003,2.31,4.305,3.974
3/10/2003,2.281,4.271,3.943
3/11/2003,2.319,4.287,3.969
3/12/2003,2.342,4.291,3.983
3/13/2003,2.529,4.433,4.126
3/14/2003,2.553,4.472,4.169
3/17/2003,2.67,4.586,4.292
3/18/2003,2.655,4.584,4.297
3/19/2003,2.719,4.645,4.367
3/20/2003,2.671,4.618,4.344
3/21/2003,2.744,4.706,4.43
3/24/2003,2.666,4.623,4.351
3/25/2003,2.657,4.628,4.339
3/26/2003,2.652,4.627,4.329
3/27/2003,2.603,4.598,4.279
3/28/2003,2.568,4.57,4.252
3/31/2003,2.475,4.496,4.171
4/1/2003,2.459,4.491,4.16
4/2/2003,2.553,4.576,4.265
4/3/2003,2.567,4.625,4.32
4/4/2003,2.532,4.624,4.324
4/7/2003,2.622,4.682,4.393
4/8/2003,2.607,4.654,4.355
4/9/2003,2.556,4.631,4.324
4/10/2003,2.531,4.585,4.276
4/11/2003,2.606,4.637,4.34
4/14/2003,2.687,4.657,4.373
4/15/2003,2.682,4.626,4.332
4/16/2003,2.646,4.571,4.273
4/17/2003,2.606,4.566,4.258
4/18/2003,2.646,4.594,4.299
4/21/2003,2.646,4.595,4.307
4/22/2003,2.565,4.555,4.248
4/23/2003,2.585,4.582,4.272
4/24/2003,2.523,4.529,4.212
4/25/2003,2.487,4.522,4.206
4/28/2003,2.507,4.554,4.235
4/29/2003,2.532,4.579,4.258
4/30/2003,2.445,4.515,4.182
5/1/2003,2.481,4.54,4.215
5/2/2003,2.455,4.539,4.201
5/5/2003,2.439,4.516,4.182
5/6/2003,2.428,4.521,4.192
5/7/2003,2.344,4.425,4.08
5/8/2003,2.344,4.386,4.039
5/9/2003,2.333,4.378,4.032
5/12/2003,2.306,4.386,4.024
5/13/2003,2.28,4.37,4.015
5/14/2003,2.268,4.374,4.019
5/15/2003,2.257,4.32,3.981
5/16/2003,2.23,4.265,3.93
5/19/2003,2.161,4.194,3.863
5/20/2003,2.176,4.193,3.854
5/21/2003,2.18,4.168,3.826
5/22/2003,2.174,4.165,3.814
5/23/2003,2.131,4.108,3.754
5/26/2003,2.113,4.087,3.726
5/27/2003,2.143,4.138,3.792
5/28/2003,2.222,4.248,3.896
5/29/2003,2.158,4.185,3.81
5/30/2003,2.168,4.213,3.832
6/2/2003,2.156,4.257,3.876
6/3/2003,2.06,4.14,3.758
6/4/2003,2.089,4.154,3.778
6/5/2003,2.019,4.091,3.714
6/6/2003,2.028,4.142,3.774
6/9/2003,1.995,4.071,3.696
6/10/2003,1.908,4.021,3.636
6/11/2003,1.921,4.021,3.627
6/12/2003,1.92,4.018,3.628
6/13/2003,1.897,3.954,3.574
6/16/2003,1.956,3.986,3.613
6/17/2003,2.041,4.088,3.716
6/18/2003,2.066,4.158,3.784
6/19/2003,2.048,4.187,3.817
6/20/2003,2.037,4.174,3.803
6/23/2003,2.03,4.156,3.783
6/24/2003,2.029,4.165,3.791
6/25/2003,1.977,4.112,3.738
6/26/2003,2.142,4.267,3.916
6/27/2003,2.168,4.312,3.961
6/30/2003,2.101,4.253,3.9
7/1/2003,2.078,4.274,3.91
7/2/2003,2.104,4.323,3.963
7/3/2003,2.126,4.387,4.029
7/4/2003,2.085,4.346,3.983
7/7/2003,2.133,4.391,4.036
7/8/2003,2.128,4.4,4.029
7/9/2003,2.129,4.387,4.013
7/10/2003,2.1,4.334,3.965
7/11/2003,2.108,4.331,3.968
7/14/2003,2.092,4.302,3.937
7/15/2003,2.174,4.422,4.088
7/16/2003,2.228,4.446,4.108
7/17/2003,2.245,4.488,4.144
7/18/2003,2.221,4.451,4.112
7/21/2003,2.258,4.493,4.15
7/22/2003,2.268,4.485,4.147
7/23/2003,2.215,4.444,4.086
7/24/2003,2.267,4.488,4.143
7/25/2003,2.222,4.42,4.073
7/28/2003,2.272,4.536,4.184
7/29/2003,2.262,4.508,4.163
7/30/2003,2.288,4.528,4.188
7/31/2003,2.395,4.605,4.266
8/1/2003,2.569,4.588,4.273
8/4/2003,2.511,4.53,4.223
8/5/2003,2.509,4.559,4.243
8/6/2003,2.485,4.526,4.211
8/7/2003,2.444,4.488,4.174
8/8/2003,2.381,4.396,4.079
8/11/2003,2.45,4.465,4.149
8/12/2003,2.454,4.453,4.14
8/13/2003,2.486,4.554,4.25
8/14/2003,2.552,4.579,4.287
8/15/2003,2.485,4.527,4.234
8/18/2003,2.504,4.529,4.236
8/19/2003,2.519,4.515,4.217
8/20/2003,2.51,4.548,4.259
8/21/2003,2.53,4.555,4.273
8/22/2003,2.53,4.535,4.258
8/25/2003,2.518,4.535,4.25
8/26/2003,2.534,4.528,4.247
8/27/2003,2.531,4.566,4.279
8/28/2003,2.509,4.532,4.246
8/29/2003,2.502,4.547,4.262
9/1/2003,2.524,4.578,4.288
9/2/2003,2.618,4.702,4.414
9/3/2003,2.604,4.71,4.428
9/4/2003,2.57,4.692,4.407
9/5/2003,2.483,4.655,4.363
9/8/2003,2.421,4.601,4.314
9/9/2003,2.445,4.652,4.354
9/10/2003,2.41,4.599,4.304
9/11/2003,2.456,4.624,4.329
9/12/2003,2.364,4.507,4.202
9/15/2003,2.364,4.531,4.227
9/16/2003,2.382,4.553,4.244
9/17/2003,2.357,4.55,4.234
9/18/2003,2.352,4.561,4.236
9/19/2003,2.324,4.535,4.214
9/22/2003,2.281,4.505,4.18
9/23/2003,2.27,4.486,4.159
9/24/2003,2.265,4.509,4.169
9/25/2003,2.25,4.492,4.153
9/26/2003,2.217,4.443,4.099
9/29/2003,2.224,4.457,4.117
9/30/2003,2.161,4.404,4.06
10/1/2003,2.172,4.41,4.064
10/2/2003,2.277,4.509,4.174
10/3/2003,2.411,4.594,4.279
10/6/2003,2.355,4.545,4.241
10/7/2003,2.363,4.578,4.272
10/8/2003,2.348,4.565,4.262
10/9/2003,2.408,4.625,4.321
10/10/2003,2.376,4.572,4.265
10/13/2003,2.432,4.643,4.338
10/14/2003,2.422,4.642,4.343
10/15/2003,2.477,4.69,4.396
10/16/2003,2.459,4.649,4.359
10/17/2003,2.507,4.649,4.377
10/20/2003,2.502,4.633,4.365
10/21/2003,2.45,4.601,4.324
10/22/2003,2.439,4.579,4.303
10/23/2003,2.457,4.618,4.338
10/24/2003,2.435,4.601,4.324
10/27/2003,2.467,4.626,4.354
10/28/2003,2.496,4.635,4.366
10/29/2003,2.47,4.647,4.374
10/30/2003,2.746,4.682,4.416
10/31/2003,2.711,4.638,4.368
11/3/2003,2.77,4.693,4.435
11/4/2003,2.742,4.658,4.4
11/5/2003,2.759,4.667,4.414
11/6/2003,2.82,4.744,4.498
11/7/2003,2.86,4.772,4.536
11/10/2003,2.832,4.756,4.518
11/11/2003,2.824,4.759,4.514
11/12/2003,2.823,4.761,4.513
11/13/2003,2.755,4.714,4.458
11/14/2003,2.695,4.658,4.399
11/17/2003,2.651,4.638,4.376
11/18/2003,2.623,4.621,4.351
11/19/2003,2.649,4.673,4.399
11/20/2003,2.637,4.66,4.384
11/21/2003,2.609,4.626,4.359
11/24/2003,2.695,4.7,4.442
11/25/2003,2.735,4.708,4.455
11/26/2003,2.748,4.695,4.448
11/27/2003,2.816,4.727,4.494
11/28/2003,2.825,4.732,4.498
12/1/2003,2.87,4.763,4.536
12/2/2003,2.827,4.747,4.512
12/3/2003,2.805,4.735,4.501
12/4/2003,2.788,4.739,4.489
12/5/2003,2.69,4.637,4.387
12/8/2003,2.668,4.648,4.393
12/9/2003,2.681,4.667,4.411
12/10/2003,2.675,4.652,4.399
12/11/2003,2.685,4.671,4.418
12/12/2003,2.596,4.606,4.347
12/15/2003,2.589,4.611,4.352
12/16/2003,2.59,4.603,4.345
12/17/2003,2.546,4.559,4.306
12/18/2003,2.537,4.56,4.304
12/19/2003,2.568,4.582,4.333
12/22/2003,2.546,4.56,4.31
12/23/2003,2.533,4.541,4.294
12/24/2003,2.53,4.542,4.297
12/25/2003,2.532,4.541,4.297
12/26/2003,2.533,4.54,4.298
12/29/2003,2.518,4.559,4.309
12/30/2003,2.533,4.592,4.349
12/31/2003,2.526,4.591,4.344
1/1/2004,2.522,4.589,4.342
1/2/2004,2.536,4.628,4.382
1/5/2004,2.526,4.627,4.378
1/6/2004,2.448,4.56,4.307
1/7/2004,2.431,4.549,4.291
1/8/2004,2.414,4.542,4.271
1/9/2004,2.321,4.474,4.185
1/12/2004,2.315,4.459,4.165
1/13/2004,2.333,4.478,4.185
1/14/2004,2.357,4.478,4.192
1/15/2004,2.37,4.485,4.191
1/16/2004,2.356,4.499,4.203
1/19/2004,2.37,4.505,4.207
1/20/2004,2.322,4.478,4.178
1/21/2004,2.333,4.495,4.203
1/22/2004,2.308,4.474,4.182
1/23/2004,2.286,4.439,4.143
1/26/2004,2.335,4.509,4.213
1/27/2004,2.697,4.497,4.285
1/28/2004,2.685,4.495,4.282
1/29/2004,2.833,4.603,4.394
1/30/2004,2.82,4.579,4.369
2/2/2004,2.795,4.574,4.362
2/3/2004,2.74,4.551,4.336
2/4/2004,2.724,4.539,4.324
2/5/2004,2.701,4.52,4.305
2/6/2004,2.656,4.489,4.27
2/9/2004,2.649,4.48,4.261
2/10/2004,2.663,4.487,4.268
2/11/2004,2.63,4.458,4.244
2/12/2004,2.615,4.471,4.251
2/13/2004,2.601,4.455,4.234
2/16/2004,2.607,4.463,4.243
2/17/2004,2.567,4.436,4.215
2/18/2004,2.565,4.443,4.216
2/19/2004,2.601,4.479,4.251
2/20/2004,2.626,4.492,4.267
2/23/2004,2.619,4.481,4.259
2/24/2004,2.561,4.444,4.222
2/25/2004,2.522,4.442,4.214
2/26/2004,2.521,4.446,4.221
2/27/2004,2.503,4.413,4.185
3/1/2004,2.52,4.417,4.189
3/2/2004,2.574,4.432,4.209
3/3/2004,2.625,4.472,4.258
3/4/2004,2.585,4.443,4.229
3/5/2004,2.446,4.35,4.119
3/8/2004,2.393,4.296,4.061
3/9/2004,2.391,4.276,4.042
3/10/2004,2.436,4.292,4.063
3/11/2004,2.415,4.279,4.047
3/12/2004,2.407,4.275,4.042
3/15/2004,2.383,4.261,4.03
3/16/2004,2.413,4.302,4.075
3/17/2004,2.362,4.273,4.036
3/18/2004,2.347,4.266,4.032
3/19/2004,2.347,4.27,4.041
3/22/2004,2.322,4.251,4.021
3/23/2004,2.347,4.269,4.039
3/24/2004,2.295,4.246,4.01
3/25/2004,2.258,4.24,3.999
3/26/2004,2.284,4.268,4.029
3/29/2004,2.354,4.342,4.108
3/30/2004,2.346,4.33,4.099
3/31/2004,2.345,4.316,4.085
4/1/2004,2.404,4.339,4.112
4/2/2004,2.57,4.439,4.233
4/5/2004,2.57,4.459,4.255
4/6/2004,2.52,4.441,4.234
4/7/2004,2.492,4.417,4.208
4/8/2004,2.491,4.428,4.219
4/9/2004,2.494,4.427,4.219
4/12/2004,2.494,4.427,4.219
4/13/2004,2.578,4.499,4.294
4/14/2004,2.616,4.52,4.316
4/15/2004,2.609,4.503,4.302
4/16/2004,2.567,4.458,4.254
4/19/2004,2.564,4.462,4.254
4/20/2004,2.596,4.495,4.288
4/21/2004,2.626,4.51,4.303
4/22/2004,2.607,4.508,4.299
4/23/2004,2.641,4.525,4.317
4/26/2004,2.658,4.524,4.32
4/27/2004,2.675,4.524,4.321
4/28/2004,2.684,4.53,4.327
4/29/2004,2.674,4.536,4.333
4/30/2004,2.648,4.516,4.306
5/3/2004,2.633,4.493,4.283
5/4/2004,2.644,4.503,4.291
5/5/2004,2.626,4.509,4.296
5/6/2004,2.691,4.559,4.35
5/7/2004,2.8,4.626,4.431
5/10/2004,2.791,4.61,4.416
5/11/2004,2.787,4.61,4.416
5/12/2004,2.802,4.645,4.449
5/13/2004,2.829,4.662,4.466
5/14/2004,2.796,4.621,4.429
5/17/2004,2.743,4.589,4.391
5/18/2004,2.762,4.612,4.414
5/19/2004,2.813,4.658,4.46
5/20/2004,2.797,4.641,4.446
5/21/2004,2.775,4.627,4.432
5/24/2004,2.801,4.646,4.456
5/25/2004,2.776,4.632,4.44
5/26/2004,2.759,4.605,4.411
5/27/2004,2.696,4.568,4.365
5/28/2004,2.758,4.611,4.41
5/31/2004,2.797,4.654,4.456
6/1/2004,2.804,4.647,4.452
6/2/2004,2.818,4.658,4.463
6/3/2004,2.816,4.656,4.464
6/4/2004,2.841,4.661,4.473
6/7/2004,2.829,4.646,4.461
6/8/2004,2.821,4.63,4.442
6/9/2004,2.849,4.664,4.473
6/10/2004,2.891,4.662,4.482
6/11/2004,2.952,4.683,4.504
6/14/2004,2.962,4.676,4.499
6/15/2004,2.871,4.595,4.416
6/16/2004,2.914,4.629,4.449
6/17/2004,2.949,4.635,4.459
6/18/2004,2.898,4.605,4.429
6/21/2004,2.879,4.593,4.419
6/22/2004,2.9,4.617,4.438
6/23/2004,2.882,4.619,4.44
6/24/2004,2.811,4.562,4.378
6/25/2004,2.822,4.581,4.404
6/28/2004,2.87,4.623,4.45
6/29/2004,2.888,4.619,4.45
6/30/2004,2.822,4.57,4.399
7/1/2004,2.8,4.575,4.4
7/2/2004,2.74,4.523,4.343
7/5/2004,2.725,4.522,4.344
7/6/2004,2.732,4.527,4.344
7/7/2004,2.695,4.506,4.319
7/8/2004,2.696,4.503,4.315
7/9/2004,2.701,4.505,4.317
7/12/2004,2.691,4.491,4.304
7/13/2004,2.746,4.534,4.352
7/14/2004,2.736,4.525,4.342
7/15/2004,2.75,4.526,4.342
7/16/2004,2.66,4.472,4.282
7/19/2004,2.655,4.471,4.282
7/20/2004,2.681,4.488,4.298
7/21/2004,2.773,4.552,4.367
7/22/2004,2.741,4.518,4.333
7/23/2004,2.748,4.51,4.329
7/26/2004,2.794,4.532,4.354
7/27/2004,2.808,4.55,4.372
7/28/2004,2.804,4.557,4.379
7/29/2004,2.779,4.535,4.354
7/30/2004,2.728,4.479,4.295
8/2/2004,2.695,4.464,4.279
8/3/2004,2.695,4.453,4.272
8/4/2004,2.666,4.438,4.256
8/5/2004,2.646,4.412,4.231
8/6/2004,2.55,4.342,4.154
8/9/2004,2.56,4.349,4.16
8/10/2004,2.569,4.338,4.147
8/11/2004,2.593,4.363,4.174
8/12/2004,2.573,4.342,4.154
8/13/2004,2.528,4.323,4.132
8/16/2004,2.567,4.365,4.175
8/17/2004,2.546,4.344,4.152
8/18/2004,2.568,4.36,4.168
8/19/2004,2.549,4.352,4.159
8/20/2004,2.545,4.34,4.147
8/23/2004,2.591,4.392,4.201
8/24/2004,2.598,4.385,4.196
8/25/2004,2.563,4.348,4.16
8/26/2004,2.566,4.338,4.15
8/27/2004,2.546,4.342,4.152
8/30/2004,2.563,4.334,4.145
8/31/2004,2.522,4.297,4.104
9/1/2004,2.527,4.315,4.122
9/2/2004,2.589,4.345,4.152
9/3/2004,2.694,4.414,4.23
9/6/2004,2.68,4.402,4.217
9/7/2004,2.727,4.403,4.222
9/8/2004,2.724,4.387,4.207
9/9/2004,2.656,4.341,4.154
9/10/2004,2.628,4.321,4.13
9/13/2004,2.677,4.332,4.142
9/14/2004,2.639,4.318,4.13
9/15/2004,2.656,4.324,4.137
9/16/2004,2.646,4.312,4.126
9/17/2004,2.629,4.288,4.1
9/20/2004,2.614,4.272,4.085
9/21/2004,2.623,4.276,4.092
9/22/2004,2.601,4.235,4.055
9/23/2004,2.561,4.205,4.026
9/24/2004,2.599,4.225,4.048
9/27/2004,2.572,4.195,4.02
9/28/2004,2.587,4.205,4.03
9/29/2004,2.613,4.247,4.071
9/30/2004,2.582,4.252,4.071
10/1/2004,2.581,4.284,4.103
10/4/2004,2.627,4.293,4.114
10/5/2004,2.595,4.255,4.075
10/6/2004,2.584,4.249,4.07
10/7/2004,2.588,4.272,4.093
10/8/2004,2.51,4.207,4.022
10/11/2004,2.509,4.221,4.031
10/12/2004,2.477,4.18,3.989
10/13/2004,2.479,4.18,3.989
10/14/2004,2.451,4.157,3.963
10/15/2004,2.439,4.167,3.976
10/18/2004,2.426,4.16,3.965
10/19/2004,2.434,4.184,3.986
10/20/2004,2.399,4.138,3.938
10/21/2004,2.412,4.141,3.942
10/22/2004,2.415,4.137,3.936
10/25/2004,2.386,4.105,3.901
10/26/2004,2.387,4.108,3.903
10/27/2004,2.413,4.121,3.919
10/28/2004,2.438,4.157,3.96
10/29/2004,2.431,4.143,3.946
11/1/2004,2.42,4.136,3.942
11/2/2004,2.475,4.171,3.978
11/3/2004,2.461,4.16,3.966
11/4/2004,2.411,4.108,3.913
11/5/2004,2.506,4.164,3.973
11/8/2004,2.501,4.154,3.966
11/9/2004,2.451,4.118,3.928
11/10/2004,2.449,4.119,3.931
11/11/2004,2.397,4.074,3.879
11/12/2004,2.381,4.03,3.837
11/15/2004,2.396,4.029,3.833
11/16/2004,2.425,4.002,3.808
11/17/2004,2.415,4.02,3.824
11/18/2004,2.461,4.064,3.87
11/19/2004,2.444,4.038,3.847
11/22/2004,2.413,4.013,3.823
11/23/2004,2.394,3.996,3.806
11/24/2004,2.375,3.992,3.804
11/25/2004,2.334,3.965,3.776
11/26/2004,2.335,3.96,3.777
11/29/2004,2.37,4.003,3.82
11/30/2004,2.352,3.982,3.801
12/1/2004,2.326,3.964,3.785
12/2/2004,2.396,4.012,3.836
12/3/2004,2.335,3.942,3.759
12/6/2004,2.285,3.901,3.718
12/7/2004,2.278,3.875,3.69
12/8/2004,2.28,3.843,3.657
12/9/2004,2.283,3.816,3.631
12/10/2004,2.288,3.801,3.623
12/13/2004,2.278,3.784,3.607
12/14/2004,2.292,3.781,3.606
12/15/2004,2.271,3.721,3.546
12/16/2004,2.335,3.749,3.58
12/17/2004,2.361,3.794,3.624
12/20/2004,2.35,3.774,3.603
12/21/2004,2.387,3.802,3.631
12/22/2004,2.42,3.806,3.634
12/23/2004,2.379,3.781,3.601
12/24/2004,2.394,3.784,3.604
12/27/2004,2.401,3.801,3.622
12/28/2004,2.422,3.858,3.682
12/29/2004,2.464,3.892,3.719
12/30/2004,2.431,3.87,3.692
12/31/2004,2.428,3.867,3.688
1/3/2005,2.413,3.826,3.645
1/4/2005,2.434,3.836,3.659
1/5/2005,2.425,3.838,3.66
1/6/2005,2.383,3.808,3.629
1/7/2005,2.378,3.788,3.612
1/10/2005,2.375,3.773,3.594
1/11/2005,2.368,3.781,3.6
1/12/2005,2.371,3.784,3.601
1/13/2005,2.335,3.745,3.562
1/14/2005,2.331,3.735,3.56
1/17/2005,2.33,3.718,3.546
1/18/2005,2.351,3.71,3.541
1/19/2005,2.349,3.683,3.522
1/20/2005,2.363,3.736,3.573
1/21/2005,2.447,3.739,3.54
1/24/2005,2.429,3.709,3.515
1/25/2005,2.436,3.712,3.521
1/26/2005,2.454,3.72,3.532
1/27/2005,2.485,3.744,3.558
1/28/2005,2.438,3.706,3.514
1/31/2005,2.442,3.701,3.543
2/1/2005,2.445,3.688,3.532
2/2/2005,2.463,3.699,3.547
2/3/2005,2.48,3.71,3.559
2/4/2005,2.448,3.642,3.495
2/7/2005,2.466,3.62,3.483
2/8/2005,2.476,3.6,3.464
2/9/2005,2.447,3.583,3.445
2/10/2005,2.421,3.588,3.446
2/11/2005,2.421,3.61,3.461
2/14/2005,2.443,3.636,3.485
2/15/2005,2.473,3.658,3.51
2/16/2005,2.478,3.695,3.547
2/17/2005,2.491,3.722,3.572
2/18/2005,2.537,3.817,3.663
2/21/2005,2.556,3.851,3.698
2/22/2005,2.538,3.847,3.694
2/23/2005,2.524,3.849,3.693
2/24/2005,2.539,3.876,3.721
2/25/2005,2.541,3.859,3.707
2/28/2005,2.537,3.845,3.711
3/1/2005,2.532,3.884,3.73
3/2/2005,2.54,3.931,3.771
3/3/2005,2.517,3.917,3.755
3/4/2005,2.475,3.851,3.69
3/7/2005,2.446,3.821,3.666
3/8/2005,2.452,3.868,3.709
3/9/2005,2.483,3.92,3.758
3/10/2005,2.486,3.934,3.772
3/11/2005,2.474,3.93,3.763
3/14/2005,2.493,3.933,3.766
3/15/2005,2.465,3.873,3.706
3/16/2005,2.499,3.829,3.754
3/17/2005,2.509,3.841,3.768
3/18/2005,2.527,3.87,3.795
3/21/2005,2.572,3.894,3.824
3/22/2005,2.551,3.852,3.777
3/23/2005,2.593,3.901,3.828
3/24/2005,2.582,3.873,3.795
3/25/2005,2.583,3.877,3.799
3/28/2005,2.583,3.878,3.8
3/29/2005,2.579,3.87,3.792
3/30/2005,2.541,3.841,3.763
3/31/2005,2.486,3.794,3.71
4/1/2005,2.461,3.787,3.701
4/4/2005,2.45,3.759,3.673
4/5/2005,2.455,3.77,3.686
4/6/2005,2.44,3.771,3.68
4/7/2005,2.401,3.735,3.638
4/8/2005,2.404,3.771,3.669
4/11/2005,2.391,3.745,3.646
4/12/2005,2.397,3.73,3.633
4/13/2005,2.382,3.7,3.605
4/14/2005,2.386,3.717,3.625
4/15/2005,2.34,3.683,3.588
4/18/2005,2.314,3.653,3.558
4/19/2005,2.302,3.631,3.543
4/20/2005,2.305,3.644,3.557
4/21/2005,2.318,3.67,3.586
4/22/2005,2.305,3.655,3.569
4/25/2005,2.303,3.634,3.548
4/26/2005,2.305,3.632,3.546
4/27/2005,2.276,3.599,3.513
4/28/2005,2.253,3.589,3.502
4/29/2005,2.247,3.585,3.506
5/2/2005,2.245,3.591,3.508
5/3/2005,2.221,3.57,3.486
5/4/2005,2.242,3.61,3.526
5/5/2005,2.229,3.598,3.509
5/6/2005,2.267,3.638,3.554
5/9/2005,2.254,3.608,3.525
5/10/2005,2.218,3.55,3.468
5/11/2005,2.205,3.511,3.429
5/12/2005,2.226,3.519,3.437
5/13/2005,2.235,3.495,3.415
5/16/2005,2.229,3.501,3.417
5/17/2005,2.225,3.5,3.412
5/18/2005,2.221,3.474,3.39
5/19/2005,2.239,3.498,3.416
5/20/2005,2.265,3.519,3.439
5/23/2005,2.253,3.481,3.401
5/24/2005,2.212,3.456,3.37
5/25/2005,2.183,3.456,3.374
5/26/2005,2.186,3.484,3.391
5/27/2005,2.178,3.501,3.402
5/30/2005,2.179,3.506,3.405
5/31/2005,2.138,3.444,3.347
6/1/2005,2.084,3.414,3.313
6/2/2005,2.097,3.386,3.29
6/3/2005,2.107,3.4,3.306
6/6/2005,2.084,3.38,3.291
6/7/2005,2.04,3.321,3.233
6/8/2005,2.02,3.286,3.201
6/9/2005,2.033,3.285,3.201
6/10/2005,2.071,3.303,3.218
6/13/2005,2.065,3.348,3.26
6/14/2005,2.081,3.363,3.272
6/15/2005,2.137,3.457,3.359
6/16/2005,2.151,3.472,3.381
6/17/2005,2.139,3.448,3.355
6/20/2005,2.095,3.462,3.363
6/21/2005,2.037,3.382,3.284
6/22/2005,1.988,3.303,3.209
6/23/2005,2.009,3.314,3.219
6/24/2005,2.003,3.295,3.199
6/27/2005,1.981,3.274,3.177
6/28/2005,2.022,3.326,3.226
6/29/2005,2.021,3.352,3.246
6/30/2005,2,3.298,3.195
7/1/2005,2.048,3.322,3.218
7/4/2005,2.086,3.335,3.235
7/5/2005,2.137,3.375,3.276
7/6/2005,2.148,3.385,3.285
7/7/2005,2.101,3.35,3.246
7/8/2005,2.129,3.348,3.244
7/11/2005,2.154,3.401,3.294
7/12/2005,2.161,3.395,3.29
7/13/2005,2.176,3.418,3.313
7/14/2005,2.191,3.455,3.35
7/15/2005,2.194,3.452,3.348
7/18/2005,2.181,3.424,3.324
7/19/2005,2.197,3.448,3.352
7/20/2005,2.203,3.466,3.369
7/21/2005,2.188,3.463,3.365
7/22/2005,2.159,3.402,3.304
7/25/2005,2.155,3.383,3.285
7/26/2005,2.182,3.407,3.311
7/27/2005,2.177,3.388,3.292
7/28/2005,2.197,3.398,3.301
7/29/2005,2.216,3.407,3.312
8/1/2005,2.255,3.46,3.368
8/2/2005,2.265,3.488,3.396
8/3/2005,2.252,3.477,3.386
8/4/2005,2.262,3.482,3.391
8/5/2005,2.297,3.528,3.439
8/8/2005,2.291,3.519,3.431
8/9/2005,2.303,3.521,3.434
8/10/2005,2.29,3.498,3.411
8/11/2005,2.278,3.49,3.403
8/12/2005,2.237,3.442,3.353
8/15/2005,2.212,3.427,3.34
8/16/2005,2.178,3.386,3.298
8/17/2005,2.177,3.383,3.295
8/18/2005,2.16,3.352,3.263
8/19/2005,2.165,3.349,3.262
8/22/2005,2.163,3.339,3.251
8/23/2005,2.181,3.32,3.235
8/24/2005,2.19,3.316,3.23
8/25/2005,2.165,3.292,3.206
8/26/2005,2.194,3.297,3.211
8/29/2005,2.206,3.298,3.212
8/30/2005,2.208,3.296,3.21
8/31/2005,2.172,3.247,3.162
9/1/2005,2.123,3.21,3.125
9/2/2005,2.111,3.204,3.117
9/5/2005,2.106,3.194,3.109
9/6/2005,2.133,3.219,3.135
9/7/2005,2.142,3.236,3.155
9/8/2005,2.137,3.208,3.125
9/9/2005,2.15,3.187,3.104
9/12/2005,2.197,3.263,3.18
9/13/2005,2.184,3.236,3.149
9/14/2005,2.196,3.23,3.146
9/15/2005,2.217,3.246,3.163
9/16/2005,2.213,3.248,3.171
9/19/2005,2.21,3.233,3.148
9/20/2005,2.197,3.221,3.141
9/21/2005,2.174,3.155,3.08
9/22/2005,2.173,3.159,3.084
9/23/2005,2.221,3.191,3.116
9/26/2005,2.256,3.255,3.179
9/27/2005,2.268,3.26,3.183
9/28/2005,2.287,3.256,3.183
9/29/2005,2.325,3.278,3.208
9/30/2005,2.33,3.269,3.198
10/3/2005,2.344,3.312,3.243
10/4/2005,2.347,3.301,3.232
10/5/2005,2.336,3.282,3.22
10/6/2005,2.366,3.292,3.228
10/7/2005,2.397,3.28,3.221
10/10/2005,2.388,3.264,3.206
10/11/2005,2.397,3.291,3.233
10/12/2005,2.402,3.324,3.268
10/13/2005,2.41,3.383,3.325
10/14/2005,2.404,3.391,3.332
10/17/2005,2.442,3.397,3.335
10/18/2005,2.436,3.391,3.33
10/19/2005,2.401,3.363,3.3
10/20/2005,2.445,3.394,3.331
10/21/2005,2.42,3.332,3.271
10/24/2005,2.419,3.334,3.275
10/25/2005,2.483,3.412,3.351
10/26/2005,2.518,3.471,3.414
10/27/2005,2.548,3.501,3.44
10/28/2005,2.559,3.496,3.443
10/31/2005,2.563,3.483,3.427
11/1/2005,2.583,3.509,3.456
11/2/2005,2.61,3.55,3.495
11/3/2005,2.61,3.56,3.506
11/4/2005,2.637,3.583,3.528
11/7/2005,2.654,3.588,3.534
11/8/2005,2.64,3.547,3.492
11/9/2005,2.687,3.606,3.554
11/10/2005,2.67,3.603,3.551
11/11/2005,2.668,3.591,3.538
11/14/2005,2.687,3.616,3.561
11/15/2005,2.657,3.586,3.535
11/16/2005,2.616,3.507,3.453
11/17/2005,2.641,3.523,3.47
11/18/2005,2.748,3.611,3.568
11/21/2005,2.711,3.554,3.514
11/22/2005,2.71,3.551,3.512
11/23/2005,2.705,3.535,3.499
11/24/2005,2.655,3.456,3.419
11/25/2005,2.672,3.461,3.428
11/28/2005,2.694,3.457,3.42
11/29/2005,2.717,3.508,3.47
11/30/2005,2.721,3.498,3.461
12/1/2005,2.67,3.453,3.417
12/2/2005,2.64,3.441,3.405
12/5/2005,2.663,3.459,3.424
12/6/2005,2.655,3.415,3.382
12/7/2005,2.671,3.45,3.417
12/8/2005,2.679,3.423,3.389
12/9/2005,2.734,3.489,3.456
12/12/2005,2.728,3.466,3.432
12/13/2005,2.74,3.445,3.414
12/14/2005,2.748,3.413,3.38
12/15/2005,2.764,3.424,3.394
12/16/2005,2.765,3.392,3.365
12/19/2005,2.774,3.387,3.361
12/20/2005,2.783,3.396,3.37
12/21/2005,2.81,3.444,3.42
12/22/2005,2.811,3.406,3.381
12/23/2005,2.811,3.38,3.35
12/26/2005,2.8,3.406,3.373
12/27/2005,2.808,3.379,3.352
12/28/2005,2.783,3.347,3.322
12/29/2005,2.812,3.378,3.352
12/30/2005,2.793,3.358,3.327
1/2/2006,2.81,3.38,3.359
1/3/2006,2.791,3.375,3.35
1/4/2006,2.716,3.337,3.307
1/5/2006,2.692,3.33,3.298
1/6/2006,2.685,3.318,3.285
1/9/2006,2.726,3.316,3.284
1/10/2006,2.752,3.346,3.311
1/11/2006,2.783,3.357,3.323
1/12/2006,2.759,3.335,3.299
1/13/2006,2.743,3.326,3.287
1/16/2006,2.74,3.337,3.297
1/17/2006,2.72,3.329,3.288
1/18/2006,2.747,3.344,3.302
1/19/2006,2.773,3.403,3.362
1/20/2006,2.916,3.438,3.442
1/23/2006,2.924,3.438,3.452
1/24/2006,2.912,3.438,3.436
1/25/2006,2.946,3.438,3.497
1/26/2006,2.957,3.438,3.551
1/27/2006,2.965,3.438,3.543
1/30/2006,3.002,3.438,3.535
1/31/2006,2.991,3.438,3.53
2/1/2006,3.026,3.438,3.586
2/2/2006,3.002,3.438,3.567
2/3/2006,2.994,3.438,3.549
2/6/2006,2.998,3.438,3.544
2/7/2006,2.997,3.438,3.572
2/8/2006,2.985,3.438,3.561
2/9/2006,2.961,3.438,3.534
2/10/2006,2.964,3.438,3.532
2/13/2006,2.971,3.438,3.548
2/14/2006,2.972,3.438,3.55
2/15/2006,2.979,3.438,3.559
2/16/2006,2.99,3.438,3.567
2/17/2006,2.941,3.438,3.502
2/20/2006,2.936,3.438,3.493
2/21/2006,2.961,3.438,3.504
2/22/2006,2.961,3.438,3.475
2/23/2006,3.032,3.438,3.537
2/24/2006,3.044,3.438,3.548
2/27/2006,3.089,3.438,3.59
2/28/2006,3.069,3.438,3.545
3/1/2006,3.074,3.438,3.571
3/2/2006,3.129,3.438,3.634
3/3/2006,3.16,3.438,3.649
3/6/2006,3.15,3.438,3.639
3/7/2006,3.154,3.438,3.652
3/8/2006,3.177,3.438,3.693
3/9/2006,3.166,3.438,3.695
3/10/2006,3.203,3.438,3.734
3/13/2006,3.217,3.438,3.761
3/14/2006,3.184,3.438,3.7
3/15/2006,3.22,3.438,3.741
3/16/2006,3.214,3.438,3.71
3/17/2006,3.246,3.438,3.744
3/20/2006,3.226,3.438,3.717
3/21/2006,3.235,3.438,3.723
3/22/2006,3.218,3.438,3.703
3/23/2006,3.23,3.438,3.735
3/24/2006,3.192,3.438,3.695
3/27/2006,3.193,3.438,3.702
3/28/2006,3.279,3.438,3.792
3/29/2006,3.312,3.438,3.819
3/30/2006,3.329,3.438,3.844
3/31/2006,3.313,3.438,3.828
4/3/2006,3.356,3.438,3.877
4/4/2006,3.345,3.438,3.894
4/5/2006,3.338,3.438,3.909
4/6/2006,3.306,3.438,3.954
4/7/2006,3.282,3.438,3.956
4/10/2006,3.305,3.438,3.95
4/11/2006,3.294,3.438,3.932
4/12/2006,3.316,3.438,3.942
4/13/2006,3.352,3.438,4.008
4/14/2006,3.352,3.438,4.01
4/17/2006,3.352,3.438,4.01
4/18/2006,3.325,3.438,4.003
4/19/2006,3.328,3.438,4.004
4/20/2006,3.322,3.438,3.975
4/21/2006,3.33,3.438,3.998
4/24/2006,3.329,3.438,3.988
4/25/2006,3.373,3.438,4.034
4/26/2006,3.416,3.438,4.043
4/27/2006,3.383,3.438,4.01
4/28/2006,3.385,3.438,3.994
5/1/2006,3.385,3.438,3.991
5/2/2006,3.403,3.438,4.026
5/3/2006,3.402,3.438,4.049
5/4/2006,3.425,3.438,4.079
5/5/2006,3.408,3.438,4.046
5/8/2006,3.427,3.438,4.063
5/9/2006,3.423,3.438,4.074
5/10/2006,3.378,3.438,4.03
5/11/2006,3.443,3.438,4.108
5/12/2006,3.415,3.438,4.12
5/15/2006,3.338,3.438,4.057
5/16/2006,3.313,3.438,4.016
5/17/2006,3.346,3.438,4.092
5/18/2006,3.324,4.258,4.048
5/19/2006,3.317,4.219,4.012
5/22/2006,3.27,4.143,3.941
5/23/2006,3.288,4.161,3.957
5/24/2006,3.286,4.112,3.918
5/25/2006,3.277,4.104,3.91
5/26/2006,3.29,4.108,3.915
5/29/2006,3.303,4.111,3.919
5/30/2006,3.338,4.159,3.966
5/31/2006,3.387,4.209,4.009
6/1/2006,3.403,4.216,4.023
6/2/2006,3.369,4.152,3.955
6/5/2006,3.418,4.191,3.997
6/6/2006,3.435,4.223,4.017
6/7/2006,3.436,4.232,4.033
6/8/2006,3.336,4.149,3.943
6/9/2006,3.337,4.168,3.955
6/12/2006,3.319,4.146,3.937
6/13/2006,3.298,4.101,3.89
6/14/2006,3.345,4.132,3.921
6/15/2006,3.38,4.181,3.972
6/16/2006,3.37,4.166,3.959
6/19/2006,3.418,4.192,3.997
6/20/2006,3.447,4.217,4.018
6/21/2006,3.468,4.227,4.037
6/22/2006,3.488,4.278,4.082
6/23/2006,3.508,4.301,4.099
6/26/2006,3.542,4.304,4.104
6/27/2006,3.562,4.292,4.107
6/28/2006,3.552,4.297,4.11
6/29/2006,3.531,4.26,4.077
6/30/2006,3.548,4.265,4.08
7/3/2006,3.563,4.275,4.101
7/4/2006,3.547,4.264,4.089
7/5/2006,3.595,4.323,4.15
7/6/2006,3.607,4.297,4.126
7/7/2006,3.579,4.253,4.079
7/10/2006,3.6,4.276,4.103
7/11/2006,3.561,4.245,4.067
7/12/2006,3.595,4.281,4.104
7/13/2006,3.551,4.243,4.066
7/14/2006,3.505,4.189,4.003
7/17/2006,3.521,4.199,4.015
7/18/2006,3.552,4.218,4.037
7/19/2006,3.538,4.191,4.007
7/20/2006,3.541,4.187,4.006
7/21/2006,3.513,4.157,3.975
7/24/2006,3.517,4.159,3.978
7/25/2006,3.516,4.17,3.985
7/26/2006,3.547,4.194,4.008
7/27/2006,3.517,4.162,3.973
7/28/2006,3.501,4.132,3.944
7/31/2006,3.504,4.133,3.944
8/1/2006,3.5,4.142,3.957
8/2/2006,3.51,4.144,3.96
8/3/2006,3.574,4.176,4.002
8/4/2006,3.54,4.105,3.932
8/7/2006,3.538,4.105,3.93
8/8/2006,3.541,4.102,3.927
8/9/2006,3.567,4.133,3.958
8/10/2006,3.558,4.135,3.957
8/11/2006,3.601,4.173,4.004
8/14/2006,3.636,4.197,4.028
8/15/2006,3.622,4.164,3.994
8/16/2006,3.614,4.126,3.957
8/17/2006,3.62,4.11,3.945
8/18/2006,3.626,4.09,3.927
8/21/2006,3.595,4.052,3.888
8/22/2006,3.519,4.001,3.835
8/23/2006,3.532,4.021,3.854
8/24/2006,3.521,4.002,3.837
8/25/2006,3.514,3.99,3.82
8/28/2006,3.51,3.992,3.821
8/29/2006,3.551,4.026,3.854
8/30/2006,3.536,4,3.825
8/31/2006,3.529,3.961,3.787
9/1/2006,3.534,3.945,3.77
9/4/2006,3.549,3.947,3.775
9/5/2006,3.581,3.985,3.814
9/6/2006,3.618,4.027,3.857
9/7/2006,3.627,4.006,3.841
9/8/2006,3.634,3.976,3.81
9/11/2006,3.663,3.985,3.827
9/12/2006,3.675,4.019,3.862
9/13/2006,3.666,3.971,3.816
9/14/2006,3.672,3.969,3.816
9/15/2006,3.669,3.949,3.799
9/18/2006,3.704,4,3.856
9/19/2006,3.665,3.95,3.806
9/20/2006,3.667,3.942,3.798
9/21/2006,3.658,3.933,3.781
9/22/2006,3.575,3.866,3.722
9/25/2006,3.517,3.84,3.692
9/26/2006,3.547,3.829,3.688
9/27/2006,3.57,3.838,3.704
9/28/2006,3.592,3.857,3.72
9/29/2006,3.612,3.878,3.741
10/2/2006,3.607,3.859,3.721
10/3/2006,3.631,3.905,3.767
10/4/2006,3.616,3.867,3.73
10/5/2006,3.617,3.881,3.745
10/6/2006,3.627,3.917,3.785
10/9/2006,3.643,3.922,3.795
10/10/2006,3.684,3.968,3.846
10/11/2006,3.687,3.964,3.843
10/12/2006,3.679,3.96,3.838
10/13/2006,3.694,3.986,3.868
10/16/2006,3.69,3.99,3.868
10/17/2006,3.671,3.959,3.837
10/18/2006,3.668,3.975,3.853
10/19/2006,3.688,4.004,3.877
10/20/2006,3.705,3.996,3.875
10/23/2006,3.735,4.03,3.913
10/24/2006,3.741,4.024,3.912
10/25/2006,3.753,4.032,3.922
10/26/2006,3.752,4.006,3.899
10/27/2006,3.741,3.948,3.848
10/30/2006,3.745,3.93,3.831
10/31/2006,3.706,3.873,3.778
11/1/2006,3.67,3.834,3.742
11/2/2006,3.695,3.873,3.774
11/3/2006,3.738,3.905,3.807
11/6/2006,3.757,3.923,3.826
11/7/2006,3.747,3.868,3.775
11/8/2006,3.77,3.887,3.791
11/9/2006,3.763,3.872,3.775
11/10/2006,3.725,3.849,3.748
11/13/2006,3.732,3.874,3.775
11/14/2006,3.727,3.846,3.75
11/15/2006,3.742,3.873,3.779
11/16/2006,3.752,3.88,3.787
11/17/2006,3.734,3.849,3.758
11/20/2006,3.696,3.838,3.746
11/21/2006,3.707,3.837,3.747
11/22/2006,3.688,3.842,3.747
11/23/2006,3.718,3.866,3.771
11/24/2006,3.69,3.829,3.725
11/27/2006,3.681,3.853,3.751
11/28/2006,3.668,3.833,3.732
11/29/2006,3.685,3.851,3.75
11/30/2006,3.673,3.826,3.724
12/1/2006,3.64,3.796,3.694
12/4/2006,3.617,3.809,3.702
12/5/2006,3.642,3.815,3.711
12/6/2006,3.662,3.821,3.722
12/7/2006,3.708,3.845,3.748
12/8/2006,3.716,3.863,3.766
12/11/2006,3.736,3.875,3.777
12/12/2006,3.743,3.869,3.772
12/13/2006,3.756,3.875,3.785
12/14/2006,3.779,3.909,3.823
12/15/2006,3.789,3.933,3.842
12/18/2006,3.804,3.957,3.874
12/19/2006,3.826,3.994,3.91
12/20/2006,3.833,3.989,3.906
12/21/2006,3.846,4.005,3.921
12/22/2006,3.855,4.01,3.926
12/25/2006,3.833,4.009,3.926
12/26/2006,3.837,4.009,3.927
12/27/2006,3.877,4.056,3.971
12/28/2006,3.884,4.08,3.997
12/29/2006,3.883,4.069,3.993
1/1/2007,3.886,4.072,3.988
1/2/2007,3.879,4.055,3.973
1/3/2007,3.88,4.069,3.99
1/4/2007,3.879,4.05,3.97
1/5/2007,3.905,4.103,4.022
1/8/2007,3.888,4.095,4.014
1/9/2007,3.91,4.127,4.041
1/10/2007,3.925,4.144,4.059
1/11/2007,3.903,4.144,4.053
1/12/2007,3.933,4.195,4.106
1/15/2007,3.933,4.184,4.099
1/16/2007,3.935,4.166,4.085
1/17/2007,3.93,4.166,4.084
1/18/2007,3.953,4.19,4.108
1/19/2007,3.958,4.169,4.096
1/22/2007,3.931,4.138,4.07
1/23/2007,3.942,4.132,4.067
1/24/2007,3.963,4.151,4.087
1/25/2007,3.979,4.188,4.126
1/26/2007,3.984,4.202,4.14
1/29/2007,3.958,4.236,4.165
1/30/2007,3.995,4.228,4.161
1/31/2007,3.988,4.215,4.148
2/1/2007,3.972,4.21,4.141
2/2/2007,3.933,4.185,4.114
2/5/2007,3.911,4.162,4.088
2/6/2007,3.923,4.156,4.086
2/7/2007,3.935,4.15,4.082
2/8/2007,3.964,4.16,4.101
2/9/2007,3.988,4.206,4.145
2/12/2007,3.989,4.229,4.163
2/13/2007,4.006,4.249,4.182
2/14/2007,3.993,4.22,4.154
2/15/2007,3.954,4.171,4.1
2/16/2007,3.972,4.178,4.105
2/19/2007,3.991,4.194,4.122
2/20/2007,3.986,4.192,4.119
2/21/2007,3.983,4.176,4.106
2/22/2007,4.008,4.209,4.142
2/23/2007,3.987,4.174,4.103
2/26/2007,3.95,4.124,4.051
2/27/2007,3.921,4.094,4.019
2/28/2007,3.895,4.093,4.012
3/1/2007,3.881,4.085,4
3/2/2007,3.857,4.08,3.99
3/5/2007,3.85,4.062,3.968
3/6/2007,3.875,4.063,3.973
3/7/2007,3.88,4.071,3.974
3/8/2007,3.899,4.081,3.984
3/9/2007,3.925,4.111,4.01
3/12/2007,3.912,4.085,3.986
3/13/2007,3.904,4.059,3.961
3/14/2007,3.876,4.041,3.945
3/15/2007,3.912,4.066,3.972
3/16/2007,3.92,4.061,3.974
3/19/2007,3.952,4.084,3.997
3/20/2007,3.939,4.071,3.978
3/21/2007,3.945,4.092,3.994
3/22/2007,3.943,4.126,4.017
3/23/2007,3.971,4.18,4.071
3/26/2007,3.976,4.183,4.069
3/27/2007,3.993,4.202,4.09
3/28/2007,3.995,4.21,4.098
3/29/2007,4.019,4.229,4.118
3/30/2007,4.03,4.229,4.122
4/2/2007,4.053,4.238,4.134
4/3/2007,4.06,4.269,4.16
4/4/2007,4.04,4.246,4.133
4/5/2007,4.052,4.27,4.159
4/6/2007,4.056,4.271,4.16
4/9/2007,4.055,4.272,4.16
4/10/2007,4.089,4.302,4.192
4/11/2007,4.104,4.318,4.207
4/12/2007,4.124,4.356,4.244
4/13/2007,4.152,4.407,4.294
4/16/2007,4.141,4.381,4.269
4/17/2007,4.13,4.354,4.245
4/18/2007,4.125,4.323,4.218
4/19/2007,4.143,4.365,4.261
4/20/2007,4.148,4.369,4.268
4/23/2007,4.136,4.341,4.246
4/24/2007,4.131,4.322,4.229
4/25/2007,4.144,4.346,4.253
4/26/2007,4.176,4.376,4.287
4/27/2007,4.181,4.377,4.287
4/30/2007,4.141,4.31,4.223
5/1/2007,4.144,4.306,4.217
5/2/2007,4.19,4.371,4.279
5/3/2007,4.199,4.389,4.297
5/4/2007,4.177,4.353,4.262
5/7/2007,4.199,4.368,4.278
5/8/2007,4.183,4.353,4.26
5/9/2007,4.192,4.367,4.273
5/10/2007,4.194,4.372,4.279
5/11/2007,4.186,4.378,4.282
5/14/2007,4.231,4.426,4.332
5/15/2007,4.264,4.454,4.363
5/16/2007,4.287,4.455,4.366
5/17/2007,4.299,4.461,4.373
5/18/2007,4.294,4.46,4.372
5/21/2007,4.307,4.475,4.386
5/22/2007,4.325,4.488,4.401
5/23/2007,4.357,4.515,4.429
5/24/2007,4.334,4.506,4.42
5/25/2007,4.366,4.523,4.441
5/28/2007,4.375,4.529,4.446
5/29/2007,4.387,4.533,4.456
5/30/2007,4.387,4.532,4.452
5/31/2007,4.416,4.552,4.477
6/1/2007,4.453,4.588,4.515
6/4/2007,4.449,4.586,4.51
6/5/2007,4.463,4.622,4.548
6/6/2007,4.413,4.592,4.515
6/7/2007,4.465,4.676,4.601
6/8/2007,4.467,4.706,4.629
6/11/2007,4.465,4.705,4.624
6/12/2007,4.499,4.75,4.671
6/13/2007,4.519,4.787,4.705
6/14/2007,4.501,4.789,4.701
6/15/2007,4.511,4.81,4.719
6/18/2007,4.501,4.823,4.726
6/19/2007,4.461,4.775,4.681
6/20/2007,4.503,4.793,4.706
6/21/2007,4.492,4.794,4.713
6/22/2007,4.484,4.803,4.721
6/25/2007,4.463,4.768,4.689
6/26/2007,4.458,4.749,4.67
6/27/2007,4.436,4.703,4.619
6/28/2007,4.472,4.715,4.631
6/29/2007,4.487,4.724,4.64
7/2/2007,4.449,4.664,4.581
7/3/2007,4.474,4.713,4.631
7/4/2007,4.509,4.755,4.673
7/5/2007,4.54,4.799,4.722
7/6/2007,4.559,4.827,4.753
7/9/2007,4.549,4.82,4.747
7/10/2007,4.502,4.742,4.668
7/11/2007,4.507,4.749,4.662
7/12/2007,4.539,4.792,4.71
7/13/2007,4.546,4.787,4.706
7/16/2007,4.525,4.749,4.674
7/17/2007,4.547,4.767,4.693
7/18/2007,4.522,4.715,4.644
7/19/2007,4.533,4.715,4.645
7/20/2007,4.473,4.605,4.534
7/23/2007,4.468,4.612,4.535
7/24/2007,4.457,4.615,4.528
7/25/2007,4.436,4.593,4.51
7/26/2007,4.376,4.545,4.452
7/27/2007,4.358,4.552,4.45
7/30/2007,4.343,4.565,4.458
7/31/2007,4.382,4.583,4.488
8/1/2007,4.383,4.582,4.488
8/2/2007,4.411,4.598,4.508
8/3/2007,4.365,4.542,4.448
8/6/2007,4.365,4.55,4.452
8/7/2007,4.365,4.569,4.469
8/8/2007,4.451,4.639,4.544
8/9/2007,4.389,4.605,4.507
8/10/2007,4.301,4.586,4.483
8/13/2007,4.319,4.602,4.498
8/14/2007,4.297,4.586,4.479
8/15/2007,4.228,4.565,4.454
8/16/2007,4.057,4.496,4.376
8/17/2007,4.028,4.536,4.414
8/20/2007,4.035,4.537,4.401
8/21/2007,3.958,4.503,4.355
8/22/2007,4.114,4.55,4.421
8/23/2007,4.111,4.526,4.399
8/24/2007,4.098,4.516,4.394
8/27/2007,4.09,4.507,4.386
8/28/2007,4.06,4.492,4.374
8/29/2007,4.056,4.499,4.376
8/30/2007,4.072,4.509,4.388
8/31/2007,4.107,4.514,4.4
9/3/2007,4.123,4.535,4.424
9/4/2007,4.114,4.548,4.435
9/5/2007,4.059,4.485,4.369
9/6/2007,4.049,4.495,4.373
9/7/2007,3.96,4.427,4.304
9/10/2007,3.933,4.391,4.27
9/11/2007,3.978,4.423,4.288
9/12/2007,4.019,4.453,4.316
9/13/2007,4.089,4.483,4.348
9/14/2007,4.071,4.475,4.347
9/17/2007,4.072,4.449,4.336
9/18/2007,4.126,4.513,4.401
9/19/2007,4.12,4.575,4.459
9/20/2007,4.142,4.625,4.503
9/21/2007,4.127,4.65,4.528
9/24/2007,4.125,4.652,4.524
9/25/2007,4.099,4.618,4.492
9/26/2007,4.152,4.674,4.548
9/27/2007,4.158,4.656,4.537
9/28/2007,4.127,4.607,4.488
10/1/2007,4.099,4.6,4.481
10/2/2007,4.11,4.589,4.468
10/3/2007,4.111,4.588,4.47
10/4/2007,4.079,4.542,4.422
10/5/2007,4.1,4.593,4.48
10/8/2007,4.115,4.593,4.483
10/9/2007,4.12,4.559,4.449
10/10/2007,4.149,4.592,4.475
10/11/2007,4.16,4.626,4.508
10/12/2007,4.224,4.654,4.536
10/15/2007,4.224,4.663,4.544
10/16/2007,4.224,4.678,4.552
10/17/2007,4.224,4.645,4.521
10/18/2007,4.224,4.582,4.456
10/19/2007,4.098,4.488,4.358
10/22/2007,4.075,4.459,4.324
10/23/2007,4.078,4.463,4.33
10/24/2007,4.03,4.41,4.282
10/25/2007,4.03,4.43,4.296
10/26/2007,4.051,4.454,4.315
10/29/2007,4.07,4.449,4.306
10/30/2007,4.094,4.466,4.323
10/31/2007,4.173,4.511,4.373
11/1/2007,4.144,4.482,4.341
11/2/2007,4.092,4.454,4.312
11/5/2007,4.079,4.451,4.309
11/6/2007,4.097,4.468,4.323
11/7/2007,4.054,4.449,4.305
11/8/2007,4.012,4.443,4.297
11/9/2007,3.984,4.421,4.265
11/12/2007,4.001,4.429,4.279
11/13/2007,4.016,4.447,4.305
11/14/2007,4.046,4.464,4.323
11/15/2007,4.02,4.451,4.305
11/16/2007,4.006,4.461,4.29
11/19/2007,3.964,4.428,4.25
11/20/2007,3.978,4.445,4.262
11/21/2007,3.921,4.435,4.241
11/22/2007,3.92,4.463,4.244
11/23/2007,3.923,4.477,4.251
11/26/2007,3.925,4.477,4.247
11/27/2007,3.919,4.505,4.271
11/28/2007,3.948,4.572,4.336
11/29/2007,3.928,4.534,4.302
11/30/2007,3.984,4.585,4.352
12/3/2007,3.967,4.548,4.314
12/4/2007,3.951,4.508,4.271
12/5/2007,3.961,4.494,4.267
12/6/2007,4.01,4.519,4.3
12/7/2007,4.096,4.602,4.393
12/10/2007,4.155,4.65,4.451
12/11/2007,4.143,4.617,4.427
12/12/2007,4.166,4.667,4.487
12/13/2007,4.188,4.641,4.479
12/14/2007,4.196,4.658,4.503
12/17/2007,4.175,4.637,4.474
12/18/2007,4.158,4.613,4.454
12/19/2007,4.146,4.625,4.452
12/20/2007,4.124,4.586,4.42
12/21/2007,4.149,4.655,4.482
12/24/2007,4.143,4.659,4.479
12/25/2007,4.142,4.659,4.465
12/26/2007,4.142,4.659,4.47
12/27/2007,4.162,4.694,4.516
12/28/2007,4.133,4.656,4.479
12/31/2007,4.131,4.654,4.468
1/1/2008,4.138,4.651,4.464
1/2/2008,4.045,4.544,4.343
1/3/2008,4.026,4.554,4.338
1/4/2008,3.998,4.506,4.284
1/7/2008,4.007,4.516,4.288
1/8/2008,4.034,4.538,4.316
1/9/2008,3.996,4.493,4.272
1/10/2008,4.018,4.512,4.282
1/11/2008,3.998,4.519,4.276
1/14/2008,3.932,4.486,4.238
1/15/2008,3.906,4.459,4.212
1/16/2008,3.84,4.432,4.182
1/17/2008,3.839,4.417,4.173
1/18/2008,3.811,4.409,4.172
1/21/2008,3.697,4.375,4.115
1/22/2008,3.666,4.464,4.203
1/23/2008,3.549,4.376,4.099
1/24/2008,3.742,4.479,4.207
1/25/2008,3.744,4.453,4.19
1/28/2008,3.732,4.43,4.159
1/29/2008,3.763,4.471,4.202
1/30/2008,3.748,4.491,4.22
1/31/2008,3.51,4.401,4.202
2/1/2008,3.506,4.373,4.176
2/4/2008,3.519,4.377,4.185
2/5/2008,3.376,4.284,4.093
2/6/2008,3.387,4.333,4.144
2/7/2008,3.262,4.338,4.131
2/8/2008,3.232,4.317,4.121
2/11/2008,3.206,4.325,4.127
2/12/2008,3.261,4.421,4.223
2/13/2008,3.268,4.425,4.222
2/14/2008,3.326,4.465,4.26
2/15/2008,3.269,4.429,4.221
2/18/2008,3.35,4.481,4.268
2/19/2008,3.327,4.462,4.253
2/20/2008,3.382,4.486,4.283
2/21/2008,3.48,4.471,4.278
2/22/2008,3.462,4.468,4.28
2/25/2008,3.475,4.517,4.327
2/26/2008,3.512,4.564,4.369
2/27/2008,3.488,4.583,4.384
2/28/2008,3.385,4.486,4.292
2/29/2008,3.273,4.389,4.196
3/3/2008,3.323,4.38,4.192
3/4/2008,3.309,4.38,4.19
3/5/2008,3.395,4.472,4.261
3/6/2008,3.447,4.439,4.239
3/7/2008,3.424,4.444,4.244
3/10/2008,3.34,4.402,4.172
3/11/2008,3.473,4.42,4.2
3/12/2008,3.49,4.39,4.165
3/13/2008,3.445,4.399,4.175
3/14/2008,3.392,4.378,4.159
3/17/2008,3.28,4.4,4.16
3/18/2008,3.454,4.437,4.24
3/19/2008,3.533,4.396,4.199
3/20/2008,3.605,4.372,4.192
3/21/2008,3.588,4.361,4.19
3/24/2008,3.579,4.357,4.19
3/25/2008,3.764,4.453,4.302
3/26/2008,3.765,4.477,4.321
3/27/2008,3.718,4.545,4.338
3/28/2008,3.757,4.538,4.339
3/31/2008,3.718,4.501,4.304
4/1/2008,3.768,4.521,4.33
4/2/2008,3.828,4.522,4.326
4/3/2008,3.782,4.535,4.341
4/4/2008,3.763,4.483,4.286
4/7/2008,3.836,4.53,4.349
4/8/2008,3.817,4.55,4.352
4/9/2008,3.774,4.558,4.336
4/10/2008,3.737,4.527,4.318
4/11/2008,3.688,4.456,4.24
4/14/2008,3.688,4.463,4.238
4/15/2008,3.754,4.513,4.312
4/16/2008,3.835,4.589,4.383
4/17/2008,3.936,4.626,4.426
4/18/2008,4.094,4.666,4.469
4/21/2008,4.049,4.641,4.446
4/22/2008,4.143,4.658,4.472
4/23/2008,4.097,4.657,4.467
4/24/2008,4.099,4.709,4.504
4/25/2008,4.083,4.698,4.493
4/28/2008,4.063,4.715,4.509
4/29/2008,3.985,4.655,4.449
4/30/2008,3.984,4.62,4.418
5/1/2008,3.985,4.619,4.409
5/2/2008,4.046,4.679,4.493
5/5/2008,4.037,4.636,4.454
5/6/2008,3.967,4.608,4.427
5/7/2008,3.976,4.647,4.467
5/8/2008,3.892,4.551,4.365
5/9/2008,3.855,4.512,4.311
5/12/2008,3.91,4.534,4.333
5/13/2008,3.999,4.615,4.421
5/14/2008,4.099,4.679,4.482
5/15/2008,4.164,4.706,4.511
5/16/2008,4.154,4.655,4.464
5/19/2008,4.185,4.696,4.507
5/20/2008,4.165,4.674,4.486
5/21/2008,4.272,4.743,4.562
5/22/2008,4.338,4.761,4.595
5/23/2008,4.346,4.741,4.577
5/26/2008,4.358,4.76,4.597
5/27/2008,4.353,4.774,4.613
5/28/2008,4.365,4.812,4.652
5/29/2008,4.478,4.898,4.736
5/30/2008,4.457,4.862,4.702
6/2/2008,4.405,4.812,4.653
6/3/2008,4.469,4.881,4.717
6/4/2008,4.434,4.839,4.674
6/5/2008,4.703,4.895,4.758
6/6/2008,4.723,4.828,4.714
6/9/2008,4.774,4.887,4.809
6/10/2008,4.748,4.932,4.838
6/11/2008,4.715,4.991,4.869
6/12/2008,4.744,5.024,4.918
6/13/2008,4.796,5.052,4.961
6/16/2008,4.865,5.018,4.955
6/17/2008,4.81,4.996,4.932
6/18/2008,4.791,4.972,4.926
6/19/2008,4.858,5.013,4.984
6/20/2008,4.783,4.974,4.935
6/23/2008,4.743,4.98,4.915
6/24/2008,4.712,4.988,4.919
6/25/2008,4.738,5.001,4.933
6/26/2008,4.655,4.937,4.849
6/27/2008,4.63,4.971,4.855
6/30/2008,4.776,5.043,4.955
7/1/2008,4.763,5.034,4.94
7/2/2008,4.818,5.056,4.981
7/3/2008,4.655,4.981,4.886
7/4/2008,4.62,4.955,4.827
7/7/2008,4.579,4.895,4.766
7/8/2008,4.595,4.891,4.764
7/9/2008,4.62,4.875,4.765
7/10/2008,4.597,4.856,4.749
7/11/2008,4.609,4.87,4.768
7/14/2008,4.589,4.858,4.741
7/15/2008,4.523,4.865,4.746
7/16/2008,4.539,4.865,4.763
7/17/2008,4.578,4.9,4.821
7/18/2008,4.683,5.004,4.948
7/21/2008,4.745,5.03,5
7/22/2008,4.726,5.026,5.001
7/23/2008,4.727,5.029,5.01
7/24/2008,4.592,4.952,4.919
7/25/2008,4.568,4.998,4.967
7/28/2008,4.512,4.93,4.878
7/29/2008,4.49,4.896,4.831
7/30/2008,4.457,4.842,4.774
7/31/2008,4.411,4.785,4.712
8/1/2008,4.404,4.79,4.704
8/4/2008,4.397,4.771,4.691
8/5/2008,4.395,4.755,4.674
8/6/2008,4.392,4.775,4.695
8/7/2008,4.254,4.714,4.612
8/8/2008,4.221,4.726,4.606
8/11/2008,4.269,4.733,4.617
8/12/2008,4.209,4.686,4.576
8/13/2008,4.18,4.681,4.559
8/14/2008,4.195,4.68,4.566
8/15/2008,4.174,4.649,4.532
8/18/2008,4.161,4.637,4.517
8/19/2008,4.162,4.675,4.539
8/20/2008,4.184,4.631,4.502
8/21/2008,4.247,4.68,4.554
8/22/2008,4.303,4.71,4.599
8/25/2008,4.24,4.628,4.499
8/26/2008,4.185,4.631,4.487
8/27/2008,4.261,4.69,4.552
8/28/2008,4.311,4.678,4.559
8/29/2008,4.284,4.669,4.557
9/1/2008,4.225,4.625,4.506
9/2/2008,4.25,4.645,4.52
9/3/2008,4.268,4.66,4.521
9/4/2008,4.229,4.617,4.455
9/5/2008,4.166,4.58,4.409
9/8/2008,4.222,4.664,4.473
9/9/2008,4.19,4.64,4.455
9/10/2008,4.198,4.653,4.478
9/11/2008,4.187,4.691,4.501
9/12/2008,4.246,4.784,4.598
9/15/2008,4.059,4.678,4.482
9/16/2008,4.027,4.637,4.466
9/17/2008,4.031,4.663,4.501
9/18/2008,4.055,4.731,4.554
9/19/2008,4.305,4.843,4.691
9/22/2008,4.349,4.9,4.744
9/23/2008,4.263,4.877,4.737
9/24/2008,4.161,4.787,4.657
9/25/2008,4.184,4.825,4.714
9/26/2008,4.038,4.775,4.663
9/29/2008,3.789,4.658,4.593
9/30/2008,3.809,4.687,4.628
10/1/2008,3.721,4.641,4.589
10/2/2008,3.547,4.562,4.527
10/3/2008,3.456,4.547,4.491
10/6/2008,3.232,4.383,4.318
10/7/2008,3.3,4.356,4.315
10/8/2008,3.2,4.41,4.365
10/9/2008,3.271,4.477,4.448
10/10/2008,3.198,4.647,4.599
10/13/2008,3.202,4.712,4.66
10/14/2008,3.268,4.715,4.655
10/15/2008,3.271,4.733,4.59
10/16/2008,3.102,4.693,4.54
10/17/2008,3.071,4.635,4.489
10/20/2008,3.056,4.633,4.486
10/21/2008,3.014,4.573,4.413
10/22/2008,2.964,4.477,4.318
10/23/2008,2.955,4.446,4.327
10/24/2008,2.861,4.431,4.327
10/27/2008,2.803,4.456,4.338
10/28/2008,2.806,4.453,4.361
10/29/2008,2.786,4.541,4.436
10/30/2008,2.758,4.566,4.468
10/31/2008,2.857,4.734,4.63
11/3/2008,2.886,4.689,4.578
11/4/2008,2.878,4.672,4.562
11/5/2008,2.871,4.641,4.506
11/6/2008,2.766,4.562,4.431
11/7/2008,2.771,4.509,4.376
11/10/2008,2.728,4.479,4.365
11/11/2008,2.678,4.482,4.345
11/12/2008,2.652,4.444,4.286
11/13/2008,2.663,4.48,4.298
11/14/2008,2.641,4.441,4.247
11/17/2008,2.554,4.432,4.247
11/18/2008,2.588,4.417,4.254
11/19/2008,2.598,4.295,4.16
11/20/2008,2.755,4.165,4.042
11/21/2008,2.839,4.178,4.071
11/24/2008,2.933,4.232,4.141
11/25/2008,2.987,4.148,4.066
11/26/2008,3.168,4.072,3.999
11/27/2008,3.158,4.079,4.01
11/28/2008,3.131,4.038,3.987
12/1/2008,3.071,3.969,3.944
12/2/2008,3.061,3.857,3.833
12/3/2008,3.035,3.81,3.803
12/4/2008,3.126,3.871,3.883
12/5/2008,3.047,3.85,3.839
12/8/2008,3.255,3.994,3.982
12/9/2008,3.239,4.073,4.068
12/10/2008,3.159,4.068,4.036
12/11/2008,3.096,4.08,4.015
12/12/2008,3.16,4.174,4.097
12/15/2008,3.053,4.152,4.029
12/16/2008,3.023,4.086,3.971
12/17/2008,2.833,3.953,3.823
12/18/2008,2.795,3.914,3.804
12/19/2008,2.775,3.95,3.828
12/22/2008,2.713,3.9,3.771
12/23/2008,2.647,3.897,3.773
12/24/2008,2.624,3.903,3.771
12/25/2008,2.621,3.907,3.77
12/26/2008,2.619,3.907,3.77
12/29/2008,2.591,3.862,3.732
12/30/2008,2.629,3.901,3.779
12/31/2008,2.619,3.907,3.775
1/1/2009,2.619,3.908,3.776
1/2/2009,2.601,3.879,3.747
1/5/2009,2.572,3.937,3.805
1/6/2009,2.614,4.119,3.957
1/7/2009,2.532,4.161,3.995
1/8/2009,2.467,4.098,3.944
1/9/2009,2.389,4.021,3.88
1/12/2009,2.352,4.05,3.879
1/13/2009,2.368,4.144,3.938
1/14/2009,2.371,4.153,3.895
1/15/2009,2.394,4.16,3.885
1/16/2009,2.359,4.272,4.102
1/19/2009,2.412,4.337,4.18
1/20/2009,2.432,4.353,4.231
1/21/2009,2.481,4.478,4.307
1/22/2009,2.512,4.612,4.485
1/23/2009,2.499,4.75,4.58
1/26/2009,2.607,4.793,4.64
1/27/2009,2.539,4.624,4.516
1/28/2009,2.424,4.505,4.424
1/29/2009,2.337,4.391,4.384
1/30/2009,2.32,4.432,4.402
2/2/2009,2.285,4.437,4.395
2/3/2009,2.244,4.472,4.415
2/4/2009,2.202,4.414,4.31
2/5/2009,2.163,4.413,4.292
2/6/2009,2.13,4.438,4.323
2/9/2009,2.168,4.456,4.341
2/10/2009,2.189,4.416,4.274
2/11/2009,2.111,4.374,4.186
2/12/2009,2.053,4.327,4.143
2/13/2009,2.087,4.38,4.184
2/16/2009,2.029,4.427,4.238
2/17/2009,1.978,4.448,4.223
2/18/2009,2.06,4.429,4.187
2/19/2009,2.151,4.486,4.246
2/20/2009,2.091,4.417,4.175
2/23/2009,2.063,4.404,4.121
2/24/2009,2.019,4.394,4.115
2/25/2009,1.994,4.395,4.106
2/26/2009,2.077,4.516,4.222
2/27/2009,2.056,4.501,4.199
3/2/2009,1.931,4.429,4.125
3/3/2009,1.913,4.475,4.132
3/4/2009,1.898,4.512,4.182
3/5/2009,1.901,4.333,4.063
3/6/2009,1.916,4.3,4.01
3/9/2009,2.026,4.302,4.016
3/10/2009,2.073,4.353,4.058
3/11/2009,2.115,4.362,4.096
3/12/2009,2.045,4.266,4.018
3/13/2009,2.039,4.276,4.044
3/16/2009,2.017,4.288,4.056
3/17/2009,2.076,4.317,4.102
3/18/2009,2.053,4.32,4.121
3/19/2009,2.018,4.185,3.963
3/20/2009,1.95,4.113,3.864
3/23/2009,1.941,4.153,3.9
3/24/2009,2.005,4.265,4.028
3/25/2009,1.996,4.225,4.013
3/26/2009,1.986,4.191,3.994
3/27/2009,1.88,4.15,3.959
3/30/2009,1.81,4.163,3.953
3/31/2009,1.763,4.169,3.943
4/1/2009,1.757,4.173,3.957
4/2/2009,1.925,4.272,4.073
4/3/2009,1.985,4.253,4.06
4/6/2009,1.973,4.201,3.987
4/7/2009,1.929,4.233,4.011
4/8/2009,1.886,4.224,3.993
4/9/2009,1.857,4.243,4.014
4/10/2009,1.841,4.227,4.005
4/13/2009,1.842,4.225,4.009
4/14/2009,1.834,4.181,3.951
4/15/2009,1.796,4.142,3.894
4/16/2009,1.816,4.158,3.917
4/17/2009,1.882,4.22,3.987
4/20/2009,1.8,4.107,3.877
4/21/2009,1.819,4.113,3.88
4/22/2009,1.856,4.139,3.922
4/23/2009,1.826,4.095,3.892
4/24/2009,1.754,4.091,3.889
4/27/2009,1.703,4.08,3.863
4/28/2009,1.657,4.052,3.847
4/29/2009,1.654,4.043,3.835
4/30/2009,1.681,4.06,3.868
5/1/2009,1.659,4.057,3.861
5/4/2009,1.698,4.098,3.904
5/5/2009,1.642,4.052,3.848
5/6/2009,1.611,4.068,3.868
5/7/2009,1.622,4.193,3.971
5/8/2009,1.552,4.235,4.01
5/11/2009,1.597,4.201,3.962
5/12/2009,1.654,4.263,4.02
5/13/2009,1.572,4.229,3.986
5/14/2009,1.573,4.242,4.003
5/15/2009,1.545,4.267,4.034
5/18/2009,1.53,4.249,4.026
5/19/2009,1.576,4.286,4.075
5/20/2009,1.605,4.264,4.056
5/21/2009,1.541,4.267,4.029
5/22/2009,1.558,4.326,4.105
5/25/2009,1.646,4.38,4.171
5/26/2009,1.642,4.385,4.182
5/27/2009,1.647,4.373,4.179
5/28/2009,1.621,4.424,4.227
5/29/2009,1.536,4.393,4.181
6/1/2009,1.559,4.47,4.248
6/2/2009,1.533,4.445,4.214
6/3/2009,1.513,4.356,4.137
6/4/2009,1.68,4.443,4.236
6/5/2009,1.816,4.485,4.294
6/8/2009,1.857,4.427,4.241
6/9/2009,1.792,4.404,4.202
6/10/2009,1.765,4.44,4.25
6/11/2009,1.761,4.455,4.267
6/12/2009,1.721,4.416,4.208
6/15/2009,1.657,4.334,4.111
6/16/2009,1.638,4.343,4.113
6/17/2009,1.591,4.305,4.074
6/18/2009,1.569,4.355,4.132
6/19/2009,1.511,4.301,4.075
6/22/2009,1.491,4.26,4.026
6/23/2009,1.521,4.28,4.049
6/24/2009,1.441,4.272,4.036
6/25/2009,1.376,4.253,4.003
6/26/2009,1.393,4.217,3.981
6/29/2009,1.429,4.188,3.955
6/30/2009,1.428,4.183,3.962
7/1/2009,1.402,4.206,3.982
7/2/2009,1.277,4.132,3.908
7/3/2009,1.264,4.15,3.926
7/6/2009,1.224,4.115,3.896
7/7/2009,1.228,4.129,3.9
7/8/2009,1.209,4.119,3.888
7/9/2009,1.249,4.134,3.913
7/10/2009,1.22,4.098,3.884
7/13/2009,1.236,4.098,3.89
7/14/2009,1.266,4.119,3.92
7/15/2009,1.3,4.152,3.946
7/16/2009,1.23,4.119,3.911
7/17/2009,1.252,4.173,3.961
7/20/2009,1.284,4.169,3.954
7/21/2009,1.244,4.114,3.91
7/22/2009,1.27,4.108,3.894
7/23/2009,1.291,4.146,3.941
7/24/2009,1.292,4.142,3.955
7/27/2009,1.329,4.136,3.946
7/28/2009,1.286,4.066,3.881
7/29/2009,1.296,4.043,3.876
7/30/2009,1.299,4.027,3.87
7/31/2009,1.224,3.899,3.734
8/3/2009,1.312,3.945,3.781
8/4/2009,1.369,3.946,3.789
8/5/2009,1.403,3.926,3.787
8/6/2009,1.429,3.96,3.824
8/7/2009,1.54,4.049,3.918
8/10/2009,1.483,3.973,3.835
8/11/2009,1.415,3.969,3.839
8/12/2009,1.377,3.972,3.839
8/13/2009,1.316,3.965,3.826
8/14/2009,1.249,3.909,3.773
8/17/2009,1.267,3.907,3.763
8/18/2009,1.267,3.913,3.779
8/19/2009,1.253,3.888,3.752
8/20/2009,1.234,3.886,3.732
8/21/2009,1.327,3.909,3.757
8/24/2009,1.294,3.926,3.747
8/25/2009,1.273,3.915,3.709
8/26/2009,1.247,3.908,3.679
8/27/2009,1.241,3.917,3.68
8/28/2009,1.24,3.933,3.686
8/31/2009,1.239,3.95,3.707
9/1/2009,1.199,3.97,3.717
9/2/2009,1.205,3.983,3.724
9/3/2009,1.163,4.027,3.758
9/4/2009,1.126,4.003,3.739
9/7/2009,1.082,4.002,3.733
9/8/2009,1.075,4.026,3.767
9/9/2009,1.085,4.06,3.808
9/10/2009,1.039,4,3.731
9/11/2009,1.01,3.917,3.655
9/14/2009,1.044,3.934,3.683
9/15/2009,1.057,3.943,3.693
9/16/2009,1.065,3.967,3.721
9/17/2009,1.101,3.989,3.74
9/18/2009,1.096,4,3.757
9/21/2009,1.079,4.031,3.779
9/22/2009,1.085,4.038,3.788
9/23/2009,1.059,4.014,3.763
9/24/2009,1.003,3.958,3.69
9/25/2009,1.028,3.915,3.651
9/28/2009,1.032,3.908,3.66
9/29/2009,1.054,3.894,3.646
9/30/2009,1.08,3.924,3.664
10/1/2009,1.069,3.948,3.663
10/2/2009,1.066,3.908,3.622
10/5/2009,1.064,3.905,3.62
10/6/2009,1.077,3.937,3.65
10/7/2009,1.087,3.901,3.611
10/8/2009,1.098,3.892,3.602
10/9/2009,1.204,3.959,3.68
10/12/2009,1.156,3.941,3.658
10/13/2009,1.138,3.956,3.674
10/14/2009,1.173,3.998,3.715
10/15/2009,1.226,4.058,3.774
10/16/2009,1.234,4.027,3.746
10/19/2009,1.235,4.014,3.739
10/20/2009,1.191,3.947,3.663
10/21/2009,1.207,3.986,3.708
10/22/2009,1.184,3.946,3.684
10/23/2009,1.193,3.98,3.716
10/26/2009,1.174,3.979,3.714
10/27/2009,1.104,3.917,3.645
10/28/2009,1.094,3.908,3.629
10/29/2009,1.184,3.982,3.714
10/30/2009,1.127,3.909,3.633
11/2/2009,1.13,3.916,3.634
11/3/2009,1.117,3.944,3.656
11/4/2009,1.135,3.991,3.695
11/5/2009,1.128,4.006,3.72
11/6/2009,1.364,4.024,3.733
11/9/2009,1.331,3.987,3.686
11/10/2009,1.322,3.95,3.646
11/11/2009,1.31,3.945,3.65
11/12/2009,1.294,3.957,3.666
11/13/2009,1.291,3.994,3.706
11/16/2009,1.307,3.969,3.681
11/17/2009,1.281,3.908,3.62
11/18/2009,1.275,3.916,3.625
11/19/2009,1.272,3.923,3.635
11/20/2009,1.341,3.918,3.641
11/23/2009,1.367,3.945,3.655
11/24/2009,1.352,3.929,3.636
11/25/2009,1.369,3.938,3.639
11/26/2009,1.294,3.891,3.586
11/27/2009,1.32,3.901,3.593
11/30/2009,1.314,3.852,3.567
12/1/2009,1.294,3.854,3.558
12/2/2009,1.275,3.861,3.564
12/3/2009,1.311,3.874,3.58
12/4/2009,1.356,3.913,3.615
12/7/2009,1.314,3.862,3.571
12/8/2009,1.254,3.849,3.551
12/9/2009,1.253,3.881,3.591
12/10/2009,1.295,3.922,3.628
12/11/2009,1.292,3.929,3.625
12/14/2009,1.257,3.891,3.584
12/15/2009,1.277,3.93,3.636
12/16/2009,1.231,3.84,3.563
12/17/2009,1.17,3.798,3.525
12/18/2009,1.199,3.795,3.553
12/21/2009,1.218,3.852,3.608
12/22/2009,1.231,3.883,3.642
12/23/2009,1.235,3.92,3.67
12/24/2009,1.226,3.919,3.667
12/25/2009,1.226,3.919,3.664
12/28/2009,1.263,3.935,3.689
12/29/2009,1.309,3.943,3.662
12/30/2009,1.359,3.98,3.712
12/31/2009,1.358,3.975,3.709
1/1/2010,1.351,3.975,3.709
1/4/2010,1.364,3.966,3.712
1/5/2010,1.307,3.972,3.712
1/6/2010,1.3,3.99,3.734
1/7/2010,1.241,3.954,3.707
1/8/2010,1.224,3.931,3.695
1/11/2010,1.19,3.915,3.665
1/12/2010,1.193,3.909,3.645
1/13/2010,1.186,3.926,3.648
1/14/2010,1.458,3.959,3.897
1/15/2010,1.43,3.927,3.858
1/18/2010,1.433,3.922,3.842
1/19/2010,1.472,3.932,3.856
1/20/2010,1.467,3.905,3.822
1/21/2010,1.453,3.874,3.801
1/22/2010,1.45,3.885,3.817
1/25/2010,1.411,3.836,3.766
1/26/2010,1.387,3.803,3.732
1/27/2010,1.427,3.825,3.749
1/28/2010,1.459,3.858,3.785
1/29/2010,1.429,3.843,3.766
2/1/2010,1.425,3.815,3.736
2/2/2010,1.429,3.824,3.748
2/3/2010,1.45,3.847,3.769
2/4/2010,1.503,3.813,3.741
2/5/2010,1.49,3.787,3.723
2/8/2010,1.436,3.796,3.744
2/9/2010,1.418,3.78,3.705
2/10/2010,1.356,3.791,3.721
2/11/2010,1.34,3.793,3.73
2/12/2010,1.282,3.784,3.717
2/15/2010,1.291,3.822,3.756
2/16/2010,1.281,3.839,3.758
2/17/2010,1.264,3.82,3.739
2/18/2010,1.264,3.854,3.774
2/19/2010,1.247,3.867,3.782
2/22/2010,1.22,3.857,3.767
2/23/2010,1.166,3.77,3.684
2/24/2010,1.145,3.755,3.671
2/25/2010,1.133,3.769,3.676
2/26/2010,1.107,3.743,3.659
3/1/2010,1.075,3.736,3.647
3/2/2010,1.069,3.734,3.634
3/3/2010,1.101,3.74,3.648
3/4/2010,1.102,3.741,3.648
3/5/2010,1.12,3.77,3.671
3/8/2010,1.119,3.765,3.667
3/9/2010,1.109,3.756,3.654
3/10/2010,1.151,3.753,3.663
3/11/2010,1.175,3.764,3.676
3/12/2010,1.182,3.758,3.668
3/15/2010,1.155,3.746,3.656
3/16/2010,1.131,3.73,3.634
3/17/2010,1.082,3.724,3.622
3/18/2010,1.099,3.739,3.638
3/19/2010,1.117,3.722,3.626
3/22/2010,1.084,3.692,3.593
3/23/2010,1.054,3.659,3.565
3/24/2010,1.061,3.666,3.578
3/25/2010,1.08,3.698,3.622
3/26/2010,1.078,3.709,3.619
3/29/2010,1.053,3.684,3.595
3/30/2010,1.052,3.675,3.567
3/31/2010,1.042,3.651,3.541
4/1/2010,1.037,3.638,3.536
4/2/2010,1.035,3.638,3.537
4/5/2010,1.033,3.642,3.541
4/6/2010,1.071,3.7,3.603
4/7/2010,1.051,3.681,3.581
4/8/2010,1.048,3.653,3.548
4/9/2010,1.078,3.683,3.573
4/12/2010,1.078,3.675,3.564
4/13/2010,1.052,3.653,3.545
4/14/2010,1.036,3.674,3.553
4/15/2010,1.033,3.655,3.537
4/16/2010,0.981,3.62,3.502
4/19/2010,0.98,3.612,3.495
4/20/2010,0.994,3.624,3.506
4/21/2010,0.997,3.64,3.514
4/22/2010,1.031,3.689,3.551
4/23/2010,1.011,3.678,3.555
4/26/2010,1.022,3.69,3.567
4/27/2010,1,3.705,3.591
4/28/2010,1.025,3.714,3.612
4/29/2010,0.999,3.675,3.573
4/30/2010,0.956,3.614,3.487
5/3/2010,0.994,3.637,3.506
5/4/2010,0.937,3.577,3.443
5/5/2010,0.931,3.528,3.391
5/6/2010,1.02,3.61,3.479
5/7/2010,1.133,3.638,3.521
5/10/2010,0.862,3.608,3.425
5/11/2010,0.928,3.564,3.422
5/12/2010,0.89,3.541,3.397
5/13/2010,0.839,3.526,3.375
5/14/2010,0.803,3.439,3.309
5/17/2010,0.859,3.45,3.312
5/18/2010,0.742,3.389,3.232
5/19/2010,0.686,3.321,3.168
5/20/2010,0.671,3.28,3.124
5/21/2010,0.707,3.264,3.118
5/24/2010,0.717,3.259,3.114
5/25/2010,0.724,3.224,3.086
5/26/2010,0.752,3.301,3.162
5/27/2010,0.781,3.337,3.191
5/28/2010,0.764,3.304,3.17
5/31/2010,0.756,3.282,3.15
6/1/2010,0.737,3.368,3.246
6/2/2010,0.772,3.442,3.314
6/3/2010,0.819,3.561,3.433
6/4/2010,0.974,3.645,3.507
6/7/2010,1.057,3.75,3.586
6/8/2010,1.09,3.728,3.558
6/9/2010,1.017,3.703,3.538
6/10/2010,0.933,3.616,3.457
6/11/2010,0.868,3.509,3.36
6/14/2010,0.928,3.629,3.468
6/15/2010,0.937,3.621,3.474
6/16/2010,0.934,3.631,3.488
6/17/2010,0.931,3.621,3.483
6/18/2010,0.946,3.623,3.476
6/21/2010,0.916,3.585,3.436
6/22/2010,0.904,3.584,3.446
6/23/2010,0.929,3.649,3.504
6/24/2010,0.91,3.626,3.483
6/25/2010,0.993,3.69,3.557
6/28/2010,1.007,3.634,3.5
6/29/2010,0.984,3.605,3.469
6/30/2010,1,3.585,3.444
7/1/2010,1.037,3.519,3.391
7/2/2010,0.981,3.443,3.31
7/5/2010,0.896,3.366,3.235
7/6/2010,0.852,3.389,3.276
7/7/2010,0.877,3.396,3.288
7/8/2010,0.907,3.388,3.281
7/9/2010,0.907,3.36,3.244
7/12/2010,0.85,3.323,3.204
7/13/2010,0.876,3.341,3.223
7/14/2010,0.929,3.387,3.257
7/15/2010,0.989,3.404,3.281
7/16/2010,0.974,3.376,3.259
7/19/2010,1.004,3.436,3.313
7/20/2010,0.967,3.431,3.309
7/21/2010,0.937,3.44,3.319
7/22/2010,0.941,3.475,3.356
7/23/2010,0.963,3.478,3.361
7/26/2010,0.995,3.488,3.373
7/27/2010,0.97,3.44,3.326
7/28/2010,0.945,3.442,3.322
7/29/2010,0.933,3.435,3.309
7/30/2010,0.907,3.423,3.301
8/2/2010,0.9,3.441,3.32
8/3/2010,0.851,3.366,3.24
8/4/2010,0.871,3.328,3.214
8/5/2010,0.872,3.265,3.154
8/6/2010,0.874,3.196,3.085
8/9/2010,0.862,3.179,3.071
8/10/2010,0.856,3.228,3.115
8/11/2010,0.828,3.151,3.035
8/12/2010,0.798,3.145,3.032
8/13/2010,0.814,3.168,3.05
8/16/2010,0.799,3.119,3.011
8/17/2010,0.817,3.14,3.027
8/18/2010,0.801,3.094,2.977
8/19/2010,0.805,3.074,2.955
8/20/2010,0.762,3.068,2.953
8/23/2010,0.743,3.068,2.948
8/24/2010,0.717,2.978,2.86
8/25/2010,0.733,2.956,2.847
8/26/2010,0.75,2.969,2.857
8/27/2010,0.797,3.006,2.9
8/30/2010,0.807,2.949,2.832
8/31/2010,0.82,2.953,2.831
9/1/2010,0.821,3.033,2.91
9/2/2010,0.813,3.05,2.929
9/3/2010,0.86,3.115,2.991
9/6/2010,0.889,3.146,3.024
9/7/2010,0.894,3.12,2.996
9/8/2010,0.971,3.127,3.006
9/9/2010,1.05,3.157,3.038
9/10/2010,1.105,3.247,3.129
9/13/2010,1.14,3.29,3.167
9/14/2010,1.224,3.29,3.171
9/15/2010,1.209,3.328,3.207
9/16/2010,1.26,3.416,3.295
9/17/2010,1.239,3.401,3.287
9/20/2010,1.272,3.465,3.348
9/21/2010,1.204,3.401,3.281
9/22/2010,1.132,3.293,3.173
9/23/2010,1.098,3.294,3.174
9/24/2010,1.118,3.36,3.244
9/27/2010,1.089,3.241,3.125
9/28/2010,1.108,3.24,3.13
9/29/2010,1.165,3.245,3.131
9/30/2010,1.183,3.248,3.136
10/1/2010,1.167,3.222,3.101
10/4/2010,1.159,3.235,3.125
10/5/2010,1.164,3.254,3.148
10/6/2010,1.155,3.222,3.11
10/7/2010,1.171,3.282,3.166
10/8/2010,1.153,3.254,3.141
10/11/2010,1.113,3.24,3.124
10/12/2010,1.099,3.221,3.102
10/13/2010,1.121,3.274,3.154
10/14/2010,1.095,3.272,3.153
10/15/2010,1.117,3.31,3.196
10/18/2010,1.206,3.329,3.217
10/19/2010,1.249,3.371,3.261
10/20/2010,1.311,3.418,3.315
10/21/2010,1.345,3.46,3.355
10/22/2010,1.36,3.452,3.348
10/25/2010,1.329,3.393,3.288
10/26/2010,1.35,3.389,3.29
10/27/2010,1.394,3.47,3.372
10/28/2010,1.414,3.464,3.365
10/29/2010,1.359,3.416,3.322
11/1/2010,1.363,3.388,3.294
11/2/2010,1.407,3.406,3.314
11/3/2010,1.394,3.349,3.258
11/4/2010,1.353,3.355,3.264
11/5/2010,1.371,3.39,3.302
11/8/2010,1.434,3.417,3.329
11/9/2010,1.436,3.423,3.335
11/10/2010,1.461,3.483,3.389
11/11/2010,1.479,3.51,3.422
11/12/2010,1.52,3.52,3.434
11/15/2010,1.522,3.541,3.441
11/16/2010,1.562,3.618,3.514
11/17/2010,1.512,3.589,3.49
11/18/2010,1.568,3.705,3.599
11/19/2010,1.548,3.691,3.584
11/22/2010,1.495,3.648,3.548
11/23/2010,1.441,3.62,3.531
11/24/2010,1.491,3.706,3.61
11/25/2010,1.501,3.751,3.656
11/26/2010,1.489,3.767,3.678
11/29/2010,1.624,3.962,3.879
11/30/2010,1.755,4.075,3.997
12/1/2010,1.796,4.063,3.975
12/2/2010,1.703,4.017,3.916
12/3/2010,1.697,4.013,3.912
12/6/2010,1.724,4.062,3.957
12/7/2010,1.778,4.124,4.019
12/8/2010,1.792,4.115,4.003
12/9/2010,1.807,4.043,3.938
12/10/2010,1.894,4.076,3.966
12/13/2010,1.91,4.095,3.975
12/14/2010,2.103,4.154,4.043
12/15/2010,2.026,4.143,4.035
12/16/2010,1.99,4.091,3.984
12/17/2010,1.985,4.086,3.985
12/20/2010,1.994,4.045,3.96
12/21/2010,2.004,4.032,3.945
12/22/2010,1.954,4.042,3.948
12/23/2010,1.978,4.086,3.997
12/24/2010,1.971,4.085,3.996
12/27/2010,2.003,4.134,4.044
12/28/2010,1.963,4.086,3.999
12/29/2010,1.995,4.116,4.025
12/30/2010,1.974,4.056,3.964
12/31/2010,1.959,4.061,3.97
1/3/2011,1.942,4.041,3.948
1/4/2011,1.989,3.985,3.893
1/5/2011,1.993,4.04,3.94
1/6/2011,2.062,4.158,4.065
1/7/2011,2.087,4.215,4.128
1/10/2011,2.172,4.298,4.22
1/11/2011,2.153,4.349,4.27
1/12/2011,2.002,4.257,4.169
1/13/2011,1.913,4.134,4.047
1/14/2011,1.904,4.161,4.069
1/17/2011,1.911,4.211,4.12
1/18/2011,1.979,4.273,4.184
1/19/2011,1.854,4.225,4.258
1/20/2011,2.474,4.519,4.263
1/21/2011,2.45,4.474,4.188
1/24/2011,2.408,4.444,4.175
1/25/2011,2.442,4.478,4.196
1/26/2011,2.523,4.547,4.269
1/27/2011,2.596,4.59,4.319
1/28/2011,2.594,4.533,4.274
1/31/2011,2.576,4.523,4.254
2/1/2011,2.46,4.524,4.207
2/2/2011,2.424,4.474,4.132
2/3/2011,2.349,4.477,4.146
2/4/2011,2.39,4.478,4.146
2/7/2011,2.399,4.504,4.187
2/8/2011,2.507,4.526,4.216
2/9/2011,2.521,4.564,4.23
2/10/2011,2.541,4.558,4.24
2/11/2011,2.566,4.563,4.273
2/14/2011,2.586,4.583,4.292
2/15/2011,2.593,4.555,4.262
2/16/2011,2.549,4.515,4.216
2/17/2011,2.523,4.489,4.197
2/18/2011,2.548,4.52,4.228
2/21/2011,2.537,4.502,4.21
2/22/2011,2.573,4.474,4.188
2/23/2011,2.616,4.483,4.217
2/24/2011,2.623,4.499,4.235
2/25/2011,2.636,4.522,4.273
2/28/2011,2.573,4.53,4.258
3/1/2011,2.533,4.531,4.244
3/2/2011,2.523,4.554,4.247
3/3/2011,2.693,4.629,4.331
3/4/2011,2.669,4.573,4.276
3/7/2011,2.67,4.565,4.271
3/8/2011,2.713,4.634,4.338
3/9/2011,2.704,4.637,4.37
3/10/2011,2.638,4.601,4.33
3/11/2011,2.472,4.512,4.233
3/14/2011,2.363,4.42,4.135
3/15/2011,2.272,4.342,4.054
3/16/2011,2.199,4.29,3.979
3/17/2011,2.301,4.377,4.056
3/18/2011,2.306,4.394,4.062
3/21/2011,2.39,4.434,4.121
3/22/2011,2.392,4.482,4.198
3/23/2011,2.385,4.495,4.194
3/24/2011,2.373,4.489,4.193
3/25/2011,2.407,4.49,4.201
3/28/2011,2.415,4.504,4.22
3/29/2011,2.457,4.519,4.241
3/30/2011,2.452,4.514,4.253
3/31/2011,2.507,4.541,4.293
4/1/2011,2.514,4.563,4.286
4/4/2011,2.452,4.544,4.234
4/5/2011,2.471,4.567,4.257
4/6/2011,2.476,4.56,4.238
4/7/2011,2.472,4.556,4.231
4/8/2011,2.553,4.61,4.292
4/11/2011,2.526,4.61,4.268
4/12/2011,2.476,4.571,4.219
4/13/2011,2.511,4.568,4.234
4/14/2011,2.572,4.598,4.264
4/15/2011,2.637,4.616,4.301
4/18/2011,2.664,4.6,4.317
4/19/2011,2.638,4.58,4.301
4/20/2011,2.632,4.602,4.303
4/21/2011,2.592,4.588,4.286
4/22/2011,2.591,4.588,4.286
4/25/2011,2.591,4.588,4.286
4/26/2011,2.592,4.609,4.312
4/27/2011,2.663,4.669,4.321
4/28/2011,2.551,4.626,4.254
4/29/2011,2.542,4.593,4.222
5/2/2011,2.567,4.588,4.215
5/3/2011,2.588,4.626,4.252
5/4/2011,2.607,4.649,4.27
5/5/2011,2.499,4.614,4.225
5/6/2011,2.496,4.576,4.183
5/9/2011,2.478,4.58,4.189
5/10/2011,2.478,4.592,4.195
5/11/2011,2.443,4.6,4.194
5/12/2011,2.437,4.584,4.184
5/13/2011,2.432,4.554,4.165
5/16/2011,2.443,4.584,4.174
5/17/2011,2.442,4.57,4.164
5/18/2011,2.472,4.586,4.2
5/19/2011,2.482,4.56,4.195
5/20/2011,2.488,4.541,4.216
5/23/2011,2.493,4.534,4.212
5/24/2011,2.47,4.558,4.198
5/25/2011,2.443,4.524,4.175
5/26/2011,2.379,4.462,4.123
5/27/2011,2.386,4.464,4.144
5/30/2011,2.426,4.497,4.177
5/31/2011,2.392,4.501,4.167
6/1/2011,2.361,4.467,4.098
6/2/2011,2.34,4.446,4.057
6/3/2011,2.34,4.471,4.044
6/6/2011,2.374,4.496,4.09
6/7/2011,2.449,4.537,4.143
6/8/2011,2.465,4.517,4.155
6/9/2011,2.446,4.502,4.162
6/10/2011,2.397,4.446,4.115
6/13/2011,2.406,4.443,4.119
6/14/2011,2.419,4.469,4.127
6/15/2011,2.413,4.446,4.121
6/16/2011,2.425,4.473,4.128
6/17/2011,2.425,4.467,4.111
6/20/2011,2.445,4.5,4.129
6/21/2011,2.448,4.498,4.128
6/22/2011,2.418,4.455,4.1
6/23/2011,2.437,4.428,4.123
6/24/2011,2.499,4.419,4.132
6/27/2011,2.507,4.476,4.177
6/28/2011,2.492,4.468,4.141
6/29/2011,2.457,4.48,4.13
6/30/2011,2.403,4.462,4.086
7/1/2011,2.409,4.454,4.076
7/4/2011,2.415,4.457,4.081
7/5/2011,2.393,4.452,4.086
7/6/2011,2.415,4.443,4.118
7/7/2011,2.367,4.428,4.11
7/8/2011,2.359,4.399,4.097
7/11/2011,2.574,4.455,4.277
7/12/2011,2.575,4.503,4.261
7/13/2011,2.526,4.515,4.254
7/14/2011,2.512,4.529,4.289
7/15/2011,2.612,4.481,4.308
7/18/2011,2.709,4.513,4.358
7/19/2011,2.662,4.506,4.322
7/20/2011,2.562,4.533,4.295
7/21/2011,2.483,4.498,4.206
7/22/2011,2.58,4.544,4.251
7/25/2011,2.647,4.574,4.315
7/26/2011,2.685,4.562,4.304
7/27/2011,2.652,4.503,4.268
7/28/2011,2.707,4.517,4.322
7/29/2011,2.697,4.556,4.361
8/1/2011,2.648,4.601,4.363
8/2/2011,2.767,4.643,4.412
8/3/2011,2.773,4.652,4.446
8/4/2011,2.673,4.65,4.467
8/5/2011,2.559,4.604,4.442
8/8/2011,2.376,4.43,4.254
8/9/2011,2.361,4.464,4.234
8/10/2011,2.272,4.341,4.106
8/11/2011,2.261,4.355,4.118
8/12/2011,2.245,4.312,4.06
8/15/2011,2.247,4.307,4.013
8/16/2011,2.27,4.329,4.029
8/17/2011,2.174,4.184,3.866
8/18/2011,2.119,4.156,3.861
8/19/2011,2.218,4.144,3.887
8/22/2011,2.127,4.111,3.857
8/23/2011,2.162,4.154,3.892
8/24/2011,2.177,4.221,3.92
8/25/2011,2.166,4.204,3.928
8/26/2011,2.207,4.18,3.928
8/29/2011,2.265,4.237,3.971
8/30/2011,2.191,4.2,3.951
8/31/2011,2.238,4.279,4.017
9/1/2011,2.278,4.264,4.035
9/2/2011,2.276,4.238,4.015
9/5/2011,2.533,4.262,4.084
9/6/2011,2.583,4.328,4.148
9/7/2011,2.473,4.244,4.023
9/8/2011,2.399,4.141,3.909
9/9/2011,2.462,4.1,3.885
9/12/2011,2.624,4.153,3.957
9/13/2011,2.672,4.193,3.956
9/14/2011,2.699,4.265,4.034
9/15/2011,2.532,4.187,3.914
9/16/2011,2.251,3.967,3.7
9/19/2011,2.328,4.04,3.751
9/20/2011,2.336,4.068,3.777
9/21/2011,2.277,4.068,3.794
9/22/2011,2.152,3.989,3.678
9/23/2011,2.077,4.062,3.744
9/26/2011,2.058,4.091,3.807
9/27/2011,1.921,4.121,3.767
9/28/2011,1.904,4.159,3.809
9/29/2011,1.782,4.081,3.722
9/30/2011,1.746,3.975,3.64
10/3/2011,1.746,3.941,3.615
10/4/2011,1.991,4.09,3.806
10/5/2011,2.134,4.227,3.978
10/6/2011,2.274,4.305,4.047
10/7/2011,2.21,4.231,3.96
10/10/2011,2.283,4.302,4.052
10/11/2011,2.359,4.389,4.152
10/12/2011,2.364,4.465,4.209
10/13/2011,2.352,4.516,4.313
10/14/2011,2.461,4.625,4.381
10/17/2011,2.568,4.623,4.43
10/18/2011,2.7,4.64,4.447
10/19/2011,2.637,4.628,4.428
10/20/2011,2.571,4.596,4.386
10/21/2011,2.544,4.649,4.394
10/24/2011,2.545,4.718,4.433
10/25/2011,2.383,4.571,4.302
10/26/2011,2.308,4.504,4.248
10/27/2011,2.254,4.474,4.174
10/28/2011,2.347,4.548,4.283
10/31/2011,2.529,4.602,4.358
11/1/2011,2.692,4.646,4.385
11/2/2011,2.656,4.617,4.367
11/3/2011,2.55,4.632,4.36
11/4/2011,2.611,4.611,4.353
11/7/2011,2.651,4.594,4.314
11/8/2011,2.62,4.557,4.265
11/9/2011,2.939,4.625,4.354
11/10/2011,3.177,4.738,4.473
11/11/2011,3.05,4.764,4.441
11/14/2011,3.213,4.815,4.565
11/15/2011,3.707,5.111,4.879
11/16/2011,3.88,5.026,4.844
11/17/2011,3.939,4.988,4.865
11/18/2011,3.876,4.851,4.761
11/21/2011,3.891,4.94,4.793
11/22/2011,4.162,5.156,5.046
11/23/2011,4.832,5.457,5.453
11/24/2011,4.958,5.692,5.705
11/25/2011,4.989,5.761,5.814
11/28/2011,4.391,5.603,5.553
11/29/2011,3.79,5.425,5.284
11/30/2011,3.569,5.114,4.971
12/1/2011,3.538,4.819,4.708
12/2/2011,3.475,4.686,4.608
12/5/2011,3.17,4.432,4.304
12/6/2011,3.113,4.409,4.268
12/7/2011,3.213,4.521,4.428
12/8/2011,3.265,4.666,4.625
12/9/2011,3.147,4.549,4.503
12/12/2011,3.118,4.55,4.518
12/13/2011,3.043,4.515,4.445
12/14/2011,3.036,4.437,4.441
12/15/2011,2.76,4.315,4.253
12/16/2011,2.489,4.348,4.255
12/19/2011,2.585,4.433,4.345
12/20/2011,2.454,4.41,4.269
12/21/2011,2.48,4.381,4.312
12/22/2011,2.401,4.276,4.171
12/23/2011,2.193,4.195,4.052
12/26/2011,2.193,4.195,4.052
12/27/2011,2.198,4.167,4.009
12/28/2011,2.079,4.084,3.948
12/29/2011,2.171,4.106,4.016
12/30/2011,2.106,4.164,4.058
1/2/2012,2.199,4.24,4.181
1/3/2012,2.247,4.282,4.228
1/4/2012,2.282,4.385,4.343
1/5/2012,2.446,4.525,4.535
1/6/2012,2.527,4.587,4.596
1/9/2012,2.514,4.56,4.541
1/10/2012,2.357,4.468,4.411
1/11/2012,2.233,4.376,4.273
1/12/2012,1.939,4.229,4.027
1/13/2012,2.018,4.283,4.118
1/16/2012,1.864,4.216,4.071
1/17/2012,1.892,4.294,4.144
1/18/2012,1.883,4.336,4.152
1/19/2012,1.788,4.335,4.084
1/20/2012,1.737,4.291,4.078
1/23/2012,1.645,4.277,4.039
1/24/2012,1.684,4.276,3.999
1/25/2012,1.648,4.252,3.944
1/26/2012,1.609,4.184,3.806
1/27/2012,1.504,4.031,3.67
1/30/2012,1.458,4.044,3.67
1/31/2012,1.438,4.029,3.651
2/1/2012,1.305,3.981,3.536
2/2/2012,1.222,3.927,3.459
2/3/2012,1.229,3.942,3.522
2/6/2012,1.224,3.914,3.505
2/7/2012,1.297,3.943,3.52
2/8/2012,1.334,3.949,3.564
2/9/2012,1.315,3.924,3.535
2/10/2012,1.311,3.942,3.56
2/13/2012,1.244,3.885,3.506
2/14/2012,1.213,3.862,3.471
2/15/2012,1.247,3.9,3.531
2/16/2012,1.343,3.911,3.549
2/17/2012,1.355,3.951,3.591
2/20/2012,1.311,3.928,3.569
2/21/2012,1.34,3.947,3.615
2/22/2012,1.293,3.949,3.609
2/23/2012,1.268,3.963,3.65
2/24/2012,1.282,3.963,3.662
2/27/2012,1.196,3.959,3.631
2/28/2012,1.145,3.932,3.599
2/29/2012,1.094,3.896,3.573
3/1/2012,0.984,3.814,3.498
3/2/2012,0.869,3.781,3.436
3/5/2012,0.863,3.81,3.468
3/6/2012,0.932,3.852,3.518
3/7/2012,0.884,3.818,3.476
3/8/2012,0.88,3.753,3.403
3/9/2012,0.92,3.742,3.389
3/12/2012,0.947,3.764,3.397
3/13/2012,0.913,3.761,3.367
3/14/2012,0.941,3.796,3.383
3/15/2012,0.97,3.743,3.335
3/16/2012,1.286,3.7,3.299
3/19/2012,1.221,3.663,3.256
3/20/2012,1.239,3.694,3.297
3/21/2012,1.264,3.704,3.323
3/22/2012,1.315,3.714,3.36
3/23/2012,1.317,3.692,3.358
3/26/2012,1.28,3.652,3.315
3/27/2012,1.259,3.673,3.369
3/28/2012,1.242,3.694,3.407
3/29/2012,1.279,3.694,3.446
3/30/2012,1.241,3.63,3.387
4/2/2012,1.229,3.625,3.367
4/3/2012,1.168,3.625,3.35
4/4/2012,1.183,3.642,3.364
4/5/2012,1.21,3.706,3.421
4/6/2012,1.21,3.706,3.421
4/9/2012,1.21,3.706,3.421
4/10/2012,1.27,3.719,3.467
4/11/2012,1.227,3.689,3.42
4/12/2012,1.179,3.622,3.35
4/13/2012,1.198,3.628,3.371
4/16/2012,1.246,3.658,3.425
4/17/2012,1.218,3.649,3.391
4/18/2012,1.199,3.624,3.371
4/19/2012,1.231,3.683,3.424
4/20/2012,1.255,3.707,3.458
4/23/2012,1.287,3.721,3.479
4/24/2012,1.194,3.664,3.414
4/25/2012,1.144,3.639,3.375
4/26/2012,1.121,3.617,3.351
4/27/2012,1.112,3.611,3.339
4/30/2012,1.086,3.574,3.288
5/1/2012,1.088,3.574,3.29
5/2/2012,1.087,3.587,3.279
5/3/2012,0.96,3.541,3.197
5/4/2012,0.908,3.509,3.18
5/7/2012,0.859,3.467,3.144
5/8/2012,0.863,3.459,3.128
5/9/2012,0.921,3.549,3.23
5/10/2012,0.898,3.513,3.182
5/11/2012,0.851,3.484,3.151
5/14/2012,0.912,3.522,3.202
5/15/2012,0.954,3.585,3.249
5/16/2012,0.941,3.585,3.244
5/17/2012,1.007,3.631,3.302
5/18/2012,0.981,3.64,3.312
5/21/2012,0.924,3.624,3.284
5/22/2012,0.832,3.583,3.23
5/23/2012,0.822,3.563,3.23
5/24/2012,0.704,3.394,3.067
5/25/2012,0.676,3.385,3.05
5/28/2012,0.705,3.42,3.072
5/29/2012,0.719,3.402,3.07
5/30/2012,0.76,3.368,3.054
5/31/2012,0.718,3.249,2.943
6/1/2012,0.706,3.086,2.808
6/4/2012,0.686,3.074,2.812
6/5/2012,0.697,3.072,2.809
6/6/2012,0.701,3.116,2.849
6/7/2012,0.741,3.281,3.001
6/8/2012,0.739,3.271,2.968
6/11/2012,0.796,3.338,3.031
6/12/2012,0.914,3.493,3.188
6/13/2012,0.915,3.507,3.213
6/14/2012,0.885,3.492,3.17
6/15/2012,0.831,3.417,3.08
6/18/2012,0.841,3.466,3.121
6/19/2012,0.858,3.529,3.18
6/20/2012,0.804,3.532,3.188
6/21/2012,0.776,3.52,3.172
6/22/2012,0.767,3.512,3.153
6/25/2012,0.729,3.509,3.101
6/26/2012,0.712,3.535,3.099
6/27/2012,0.933,3.531,3.209
6/28/2012,0.93,3.553,3.217
6/29/2012,0.905,3.527,3.173
7/2/2012,0.807,3.39,3.013
7/3/2012,0.732,3.306,2.93
7/4/2012,0.724,3.308,2.93
7/5/2012,0.654,3.301,2.911
7/6/2012,0.517,3.162,2.775
7/9/2012,0.483,3.227,2.852
7/10/2012,0.402,3.193,2.782
7/11/2012,0.33,3.141,2.738
7/12/2012,0.306,3.097,2.675
7/13/2012,0.279,3.079,2.635
7/16/2012,0.243,2.975,2.534
7/17/2012,0.217,2.901,2.448
7/18/2012,0.282,2.91,2.473
7/19/2012,0.217,2.867,2.441
7/20/2012,0.24,2.855,2.45
7/23/2012,0.425,2.955,2.575
7/24/2012,0.576,3.139,2.783
7/25/2012,0.631,3.176,2.795
7/26/2012,0.538,3.116,2.726
7/27/2012,0.514,3.126,2.72
7/30/2012,0.45,3.078,2.657
7/31/2012,0.432,3.008,2.586
8/1/2012,0.444,3.032,2.596
8/2/2012,0.414,2.998,2.558
8/3/2012,0.362,2.987,2.538
8/6/2012,0.372,2.976,2.514
8/7/2012,0.405,3,2.541
8/8/2012,0.389,2.975,2.519
8/9/2012,0.357,2.962,2.503
8/10/2012,0.366,2.939,2.499
8/13/2012,0.413,2.998,2.561
8/14/2012,0.408,3.009,2.568
8/15/2012,0.405,3.042,2.603
8/16/2012,0.398,3.005,2.59
8/17/2012,0.397,2.993,2.581
8/20/2012,0.392,2.977,2.566
8/21/2012,0.414,2.981,2.594
8/22/2012,0.416,2.942,2.565
8/23/2012,0.41,2.875,2.514
8/24/2012,0.405,2.847,2.485
8/27/2012,0.416,2.869,2.49
8/28/2012,0.415,2.878,2.504
8/29/2012,0.424,2.931,2.559
8/30/2012,0.411,2.957,2.563
8/31/2012,0.381,2.981,2.551
9/3/2012,0.39,3.021,2.609
9/4/2012,0.377,3.039,2.629
9/5/2012,0.381,3.063,2.641
9/6/2012,0.374,3.085,2.677
9/7/2012,0.362,3.024,2.616
9/10/2012,0.371,3.079,2.666
9/11/2012,0.325,2.998,2.568
9/12/2012,0.319,2.992,2.564
9/13/2012,0.304,2.971,2.537
9/14/2012,0.306,3.052,2.612
9/17/2012,0.32,3.079,2.65
9/18/2012,0.317,3.034,2.625
9/19/2012,0.318,3.041,2.639
9/20/2012,0.34,3.042,2.646
9/21/2012,0.33,3.018,2.628
9/24/2012,0.33,2.985,2.601
9/25/2012,0.324,2.971,2.602
9/26/2012,0.331,2.902,2.555
9/27/2012,0.322,2.904,2.557
9/28/2012,0.325,2.881,2.526
10/1/2012,0.32,2.895,2.538
10/2/2012,0.313,2.9,2.54
10/3/2012,0.287,2.88,2.505
10/4/2012,0.268,2.862,2.486
10/5/2012,0.252,2.821,2.464
10/8/2012,0.243,2.814,2.45
10/9/2012,0.216,2.784,2.424
10/10/2012,0.193,2.781,2.413
10/11/2012,0.188,2.778,2.398
10/12/2012,0.177,2.739,2.361
10/15/2012,0.186,2.716,2.33
10/16/2012,0.185,2.764,2.375
10/17/2012,0.197,2.807,2.407
10/18/2012,0.233,2.808,2.406
10/19/2012,0.238,2.796,2.394
10/22/2012,0.264,2.845,2.437
10/23/2012,0.271,2.869,2.454
10/24/2012,0.265,2.886,2.463
10/25/2012,0.256,2.896,2.475
10/26/2012,0.245,2.891,2.449
10/29/2012,0.235,2.865,2.425
10/30/2012,0.232,2.857,2.425
10/31/2012,0.223,2.857,2.433
11/1/2012,0.215,2.839,2.42
11/2/2012,0.207,2.823,2.416
11/5/2012,0.205,2.812,2.405
11/6/2012,0.189,2.793,2.381
11/7/2012,0.169,2.752,2.346
11/8/2012,0.151,2.725,2.33
11/9/2012,0.146,2.697,2.301
11/12/2012,0.146,2.67,2.276
11/13/2012,0.144,2.649,2.246
11/14/2012,0.16,2.683,2.266
11/15/2012,0.141,2.698,2.249
11/16/2012,0.132,2.699,2.255
11/19/2012,0.139,2.685,2.261
11/20/2012,0.16,2.742,2.32
11/21/2012,0.17,2.77,2.34
11/22/2012,0.155,2.767,2.329
11/23/2012,0.144,2.739,2.289
11/26/2012,0.138,2.726,2.276
11/27/2012,0.135,2.673,2.248
11/28/2012,0.117,2.609,2.194
11/29/2012,0.106,2.586,2.168
11/30/2012,0.103,2.569,2.162
12/3/2012,0.108,2.569,2.162
12/4/2012,0.112,2.558,2.153
12/5/2012,0.115,2.536,2.134
12/6/2012,0.112,2.513,2.118
12/7/2012,0.061,2.517,2.089
12/10/2012,0.086,2.537,2.112
12/11/2012,0.094,2.537,2.114
12/12/2012,0.089,2.541,2.119
12/13/2012,0.091,2.536,2.129
12/14/2012,0.085,2.504,2.111
12/17/2012,0.103,2.534,2.144
12/18/2012,0.12,2.545,2.169
12/19/2012,0.096,2.481,2.099
12/20/2012,0.085,2.416,2.043
12/21/2012,0.084,2.413,2.045
12/24/2012,0.077,2.413,2.042
12/25/2012,0.077,2.413,2.042
12/26/2012,0.077,2.413,2.042
12/27/2012,0.085,2.403,2.035
12/28/2012,0.09,2.416,2.043
12/31/2012,0.087,2.41,2.045
1/1/2013,0.087,2.41,2.045
1/2/2013,0.097,2.513,2.132
1/3/2013,0.141,2.593,2.201
1/4/2013,0.192,2.646,2.245
1/7/2013,0.188,2.64,2.232
1/8/2013,0.188,2.651,2.218
1/9/2013,0.155,2.64,2.191
1/10/2013,0.177,2.668,2.205
1/11/2013,0.194,2.653,2.19
1/14/2013,0.223,2.645,2.185
1/15/2013,0.23,2.622,2.17
1/16/2013,0.245,2.641,2.197
1/17/2013,0.319,2.686,2.263
1/18/2013,0.305,2.62,2.236
1/21/2013,0.316,2.668,2.293
1/22/2013,0.293,2.66,2.256
1/23/2013,0.27,2.636,2.211
1/24/2013,0.355,2.745,2.374
1/25/2013,0.443,2.771,2.418
1/28/2013,0.498,2.798,2.472
1/29/2013,0.51,2.784,2.455
1/30/2013,0.552,2.818,2.512
1/31/2013,0.51,2.804,2.479
2/1/2013,0.504,2.798,2.47
2/4/2013,0.487,2.812,2.468
2/5/2013,0.488,2.837,2.489
2/6/2013,0.495,2.867,2.499
2/7/2013,0.449,2.853,2.473
2/8/2013,0.444,2.846,2.465
2/11/2013,0.452,2.859,2.473
2/12/2013,0.471,2.849,2.487
2/13/2013,0.483,2.871,2.509
2/14/2013,0.459,2.869,2.498
2/15/2013,0.434,2.878,2.504
2/18/2013,0.431,2.868,2.494
2/19/2013,0.412,2.849,2.483
2/20/2013,0.416,2.85,2.495
2/21/2013,0.389,2.809,2.441
2/22/2013,0.352,2.806,2.428
2/25/2013,0.337,2.805,2.428
2/26/2013,0.302,2.753,2.373
2/27/2013,0.307,2.749,2.359
2/28/2013,0.274,2.736,2.345
3/1/2013,0.256,2.692,2.296
3/4/2013,0.248,2.683,2.276
3/5/2013,0.276,2.719,2.295
3/6/2013,0.26,2.736,2.298
3/7/2013,0.293,2.735,2.304
3/8/2013,0.294,2.745,2.308
3/11/2013,0.287,2.755,2.306
3/12/2013,0.275,2.741,2.281
3/13/2013,0.266,2.73,2.268
3/14/2013,0.25,2.72,2.26
3/15/2013,0.232,2.707,2.235
3/18/2013,0.216,2.685,2.201
3/19/2013,0.22,2.648,2.188
3/20/2013,0.217,2.674,2.214
3/21/2013,0.206,2.641,2.2
3/22/2013,0.207,2.657,2.214
3/25/2013,0.198,2.674,2.216
3/26/2013,0.184,2.702,2.248
3/27/2013,0.183,2.663,2.218
3/28/2013,0.189,2.671,2.23
3/29/2013,0.189,2.671,2.23
4/1/2013,0.189,2.671,2.23
4/2/2013,0.192,2.664,2.221
4/3/2013,0.18,2.652,2.193
4/4/2013,0.154,2.554,2.072
4/5/2013,0.153,2.406,1.96
4/8/2013,0.145,2.371,1.954
4/9/2013,0.171,2.415,2.018
4/10/2013,0.191,2.5,2.102
4/11/2013,0.176,2.492,2.095
4/12/2013,0.16,2.481,2.055
4/15/2013,0.161,2.473,2.037
4/16/2013,0.154,2.479,2.043
4/17/2013,0.141,2.466,2.004
4/18/2013,0.152,2.468,2.008
4/19/2013,0.156,2.481,2.026
4/22/2013,0.144,2.436,1.985
4/23/2013,0.145,2.439,1.986
4/24/2013,0.139,2.436,1.993
4/25/2013,0.135,2.438,2.003
4/26/2013,0.12,2.423,1.986
4/29/2013,0.118,2.416,1.976
4/30/2013,0.11,2.389,1.955
5/1/2013,0.11,2.392,1.955
5/2/2013,0.07,2.34,1.911
5/3/2013,0.079,2.381,1.95
5/6/2013,0.077,2.364,1.934
5/7/2013,0.101,2.402,1.966
5/8/2013,0.092,2.378,1.942
5/9/2013,0.113,2.404,1.973
5/10/2013,0.141,2.513,2.076
5/13/2013,0.116,2.507,2.058
5/14/2013,0.119,2.517,2.073
5/15/2013,0.11,2.523,2.073
5/16/2013,0.09,2.463,2.012
5/17/2013,0.079,2.438,1.992
5/20/2013,0.107,2.463,2.016
5/21/2013,0.113,2.496,2.055
5/22/2013,0.106,2.498,2.054
5/23/2013,0.125,2.527,2.096
5/24/2013,0.12,2.531,2.101
5/27/2013,0.13,2.572,2.128
5/28/2013,0.154,2.605,2.155
5/29/2013,0.202,2.647,2.211
5/30/2013,0.229,2.7,2.262
5/31/2013,0.228,2.68,2.238
6/3/2013,0.241,2.701,2.252
6/4/2013,0.246,2.707,2.256
6/5/2013,0.243,2.694,2.238
6/6/2013,0.272,2.733,2.297
6/7/2013,0.32,2.757,2.33
6/10/2013,0.346,2.804,2.379
6/11/2013,0.372,2.825,2.425
6/12/2013,0.352,2.815,2.406
6/13/2013,0.325,2.81,2.384
6/14/2013,0.288,2.751,2.313
6/17/2013,0.289,2.758,2.312
6/18/2013,0.322,2.794,2.358
6/19/2013,0.3,2.797,2.351
6/20/2013,0.387,2.947,2.542
6/21/2013,0.419,2.994,2.623
6/24/2013,0.498,3.196,2.84
6/25/2013,0.475,3.194,2.845
6/26/2013,0.404,3.121,2.737
6/27/2013,0.384,3.055,2.646
6/28/2013,0.378,3.04,2.627
7/1/2013,0.355,3.006,2.593
7/2/2013,0.345,2.997,2.582
7/3/2013,0.346,2.991,2.596
7/4/2013,0.257,2.996,2.577
7/5/2013,0.231,3.034,2.603
7/8/2013,0.214,3.001,2.561
7/9/2013,0.199,2.987,2.535
7/10/2013,0.216,2.999,2.545
7/11/2013,0.242,3.009,2.547
7/12/2013,0.24,2.973,2.519
7/15/2013,0.252,2.986,2.533
7/16/2013,0.233,2.984,2.516
7/17/2013,0.24,2.983,2.516
7/18/2013,0.228,2.967,2.486
7/19/2013,0.243,2.974,2.509
7/22/2013,0.271,2.987,2.534
7/23/2013,0.296,2.978,2.529
7/24/2013,0.308,2.98,2.551
7/25/2013,0.289,2.977,2.553
7/26/2013,0.285,3.007,2.562
7/29/2013,0.286,3.001,2.547
7/30/2013,0.278,3.029,2.545
7/31/2013,0.268,2.988,2.518
8/1/2013,0.266,2.974,2.523
8/2/2013,0.258,2.948,2.496
8/5/2013,0.282,3.033,2.561
8/6/2013,0.277,3.048,2.576
8/7/2013,0.282,3.018,2.561
8/8/2013,0.277,3,2.538
8/9/2013,0.275,3.004,2.527
8/12/2013,0.283,3.037,2.541
8/13/2013,0.312,3.124,2.636
8/14/2013,0.308,3.12,2.63
8/15/2013,0.32,3.184,2.695
8/16/2013,0.302,3.176,2.68
8/19/2013,0.324,3.215,2.736
8/20/2013,0.323,3.178,2.709
8/21/2013,0.318,3.204,2.734
8/22/2013,0.337,3.257,2.792
8/23/2013,0.349,3.242,2.783
8/26/2013,0.333,3.218,2.764
8/27/2013,0.317,3.208,2.738
8/28/2013,0.316,3.223,2.742
8/29/2013,0.319,3.229,2.727
8/30/2013,0.31,3.222,2.739
9/2/2013,0.319,3.237,2.771
9/3/2013,0.341,3.26,2.786
9/4/2013,0.336,3.268,2.797
9/5/2013,0.37,3.327,2.89
9/6/2013,0.336,3.266,2.816
9/9/2013,0.334,3.317,2.837
9/10/2013,0.349,3.375,2.903
9/11/2013,0.334,3.332,2.852
9/12/2013,0.324,3.344,2.835
9/13/2013,0.316,3.318,2.814
9/16/2013,0.312,3.282,2.765
9/17/2013,0.313,3.264,2.758
9/18/2013,0.32,3.272,2.78
9/19/2013,0.282,3.219,2.698
9/20/2013,0.298,3.247,2.726
9/23/2013,0.278,3.214,2.694
9/24/2013,0.266,3.142,2.622
9/25/2013,0.289,3.113,2.606
9/26/2013,0.29,3.127,2.616
9/27/2013,0.279,3.094,2.584
9/30/2013,0.273,3.074,2.563
10/1/2013,0.277,3.075,2.57
10/2/2013,0.27,3.096,2.58
10/3/2013,0.271,3.114,2.586
10/4/2013,0.275,3.132,2.605
10/7/2013,0.272,3.103,2.572
10/8/2013,0.275,3.089,2.574
10/9/2013,0.274,3.083,2.576
10/10/2013,0.273,3.123,2.618
10/11/2013,0.276,3.12,2.611
10/14/2013,0.278,3.114,2.603
10/15/2013,0.284,3.158,2.65
10/16/2013,0.281,3.171,2.666
10/17/2013,0.254,3.128,2.613
10/18/2013,0.232,3.104,2.588
10/21/2013,0.242,3.122,2.616
10/22/2013,0.22,3.051,2.547
10/23/2013,0.229,3.025,2.522
10/24/2013,0.247,3.023,2.522
10/25/2013,0.323,3.013,2.515
10/28/2013,0.331,2.998,2.498
10/29/2013,0.325,2.984,2.481
10/30/2013,0.301,2.95,2.444
10/31/2013,0.27,2.91,2.404
11/1/2013,0.257,2.896,2.378
11/4/2013,0.255,2.9,2.383
11/5/2013,0.283,2.973,2.46
11/6/2013,0.274,2.986,2.467
11/7/2013,0.21,2.939,2.4
11/8/2013,0.223,2.985,2.457
11/11/2013,0.216,2.976,2.456
11/12/2013,0.221,3.027,2.504
11/13/2013,0.201,2.971,2.452
11/14/2013,0.203,2.936,2.418
11/15/2013,0.212,2.944,2.432
11/18/2013,0.189,2.893,2.383
11/19/2013,0.198,2.908,2.409
11/20/2013,0.185,2.913,2.4
11/21/2013,0.174,2.917,2.407
11/22/2013,0.191,2.896,2.388
11/25/2013,0.177,2.887,2.368
11/26/2013,0.176,2.868,2.35
11/27/2013,0.176,2.892,2.373
11/28/2013,0.173,2.875,2.354
11/29/2013,0.174,2.857,2.34
12/2/2013,0.182,2.868,2.36
12/3/2013,0.18,2.835,2.334
12/4/2013,0.21,2.894,2.396
12/5/2013,0.227,2.907,2.431
12/6/2013,0.242,2.904,2.435
12/9/2013,0.252,2.903,2.434
12/10/2013,0.245,2.888,2.419
12/11/2013,0.255,2.871,2.397
12/12/2013,0.273,2.881,2.417
12/13/2013,0.272,2.863,2.405
12/16/2013,0.303,2.878,2.414
12/17/2013,0.282,2.882,2.404
12/18/2013,0.275,2.896,2.426
12/19/2013,0.259,2.911,2.443
12/20/2013,0.251,2.918,2.449
12/23/2013,0.258,2.942,2.471
12/24/2013,0.254,2.943,2.469
12/25/2013,0.254,2.943,2.469
12/26/2013,0.254,2.943,2.469
12/27/2013,0.26,3.019,2.557
12/30/2013,0.246,3.01,2.554
12/31/2013,0.237,3.011,2.548
1/1/2014,0.237,3.011,2.548
1/2/2014,0.247,3.011,2.55
1/3/2014,0.245,3.015,2.541
1/6/2014,0.245,3.003,2.527
1/7/2014,0.249,2.975,2.497
1/8/2014,0.256,2.987,2.509
1/9/2014,0.259,3.049,2.57
1/10/2014,0.245,2.998,2.509
1/13/2014,0.237,2.975,2.468
1/14/2014,0.246,2.939,2.437
1/15/2014,0.248,2.944,2.441
1/16/2014,0.259,2.9,2.392
1/17/2014,0.241,2.853,2.346
1/20/2014,0.227,2.83,2.318
1/21/2014,0.225,2.836,2.329
1/22/2014,0.252,2.868,2.351
1/23/2014,0.248,2.851,2.331
1/24/2014,0.23,2.802,2.484
1/27/2014,0.24,2.789,2.482
1/28/2014,0.235,2.793,2.491
1/29/2014,0.231,2.772,2.462
1/30/2014,0.201,2.747,2.432
1/31/2014,0.175,2.676,2.355
2/3/2014,0.184,2.665,2.343
2/4/2014,0.184,2.69,2.366
2/5/2014,0.177,2.685,2.369
2/6/2014,0.202,2.735,2.427
2/7/2014,0.18,2.703,2.393
2/10/2014,0.197,2.744,2.437
2/11/2014,0.191,2.749,2.442
2/12/2014,0.187,2.764,2.463
2/13/2014,0.168,2.735,2.426
2/14/2014,0.171,2.741,2.436
2/17/2014,0.173,2.736,2.426
2/18/2014,0.258,2.715,2.4
2/19/2014,0.258,2.72,2.41
2/20/2014,0.28,2.764,2.453
2/21/2014,0.274,2.73,2.411
2/24/2014,0.284,2.748,2.427
2/25/2014,0.279,2.711,2.39
2/26/2014,0.254,2.679,2.354
2/27/2014,0.223,2.614,2.278
2/28/2014,0.264,2.669,2.331
3/3/2014,0.242,2.598,2.257
3/4/2014,0.24,2.621,2.282
3/5/2014,0.248,2.621,2.284
3/6/2014,0.288,2.675,2.339
3/7/2014,0.291,2.683,2.343
3/10/2014,0.28,2.685,2.336
3/11/2014,0.287,2.689,2.346
3/12/2014,0.29,2.661,2.307
3/13/2014,0.268,2.616,2.254
3/14/2014,0.275,2.6,2.236
3/17/2014,0.281,2.61,2.237
3/18/2014,0.277,2.596,2.228
3/19/2014,0.289,2.634,2.268
3/20/2014,0.339,2.648,2.293
3/21/2014,0.324,2.61,2.264
3/24/2014,0.299,2.569,2.22
3/25/2014,0.287,2.58,2.224
3/26/2014,0.274,2.57,2.203
3/27/2014,0.242,2.545,2.174
3/28/2014,0.252,2.536,2.182
3/31/2014,0.272,2.556,2.212
4/1/2014,0.277,2.579,2.228
4/2/2014,0.28,2.608,2.255
4/3/2014,0.267,2.585,2.227
4/4/2014,0.252,2.512,2.141
4/7/2014,0.262,2.529,2.156
4/8/2014,0.269,2.549,2.181
4/9/2014,0.286,2.577,2.206
4/10/2014,0.267,2.522,2.149
4/11/2014,0.279,2.507,2.142
4/14/2014,0.269,2.508,2.146
4/15/2014,0.244,2.441,2.085
4/16/2014,0.251,2.443,2.087
4/17/2014,0.283,2.46,2.11
4/18/2014,0.283,2.46,2.11
4/21/2014,0.283,2.46,2.11
4/22/2014,0.275,2.482,2.135
4/23/2014,0.283,2.478,2.131
4/24/2014,0.288,2.479,2.135
4/25/2014,0.276,2.445,2.096
4/28/2014,0.277,2.464,2.115
4/29/2014,0.252,2.476,2.122
4/30/2014,0.245,2.422,2.075
5/1/2014,0.246,2.422,2.075
5/2/2014,0.222,2.397,2.045
5/5/2014,0.228,2.408,2.06
5/6/2014,0.236,2.401,2.049
5/7/2014,0.241,2.414,2.065
5/8/2014,0.205,2.374,2.019
5/9/2014,0.216,2.394,2.025
5/12/2014,0.222,2.414,2.049
5/13/2014,0.206,2.385,2.01
5/14/2014,0.185,2.313,1.941
5/15/2014,0.18,2.271,1.908
5/16/2014,0.196,2.294,1.925
5/19/2014,0.188,2.316,1.949
5/20/2014,0.192,2.347,1.977
5/21/2014,0.197,2.353,1.988
5/22/2014,0.176,2.33,1.972
5/23/2014,0.163,2.332,1.969
5/26/2014,0.152,2.339,1.978
5/27/2014,0.15,2.302,1.927
5/28/2014,0.138,2.238,1.863
5/29/2014,0.147,2.256,1.878
5/30/2014,0.153,2.277,1.892
6/2/2014,0.146,2.284,1.896
6/3/2014,0.153,2.324,1.935
6/4/2014,0.15,2.35,1.966
6/5/2014,0.13,2.302,1.906
6/6/2014,0.11,2.22,1.808
6/9/2014,0.12,2.216,1.795
6/10/2014,0.141,2.262,1.853
6/11/2014,0.124,2.27,1.859
6/12/2014,0.112,2.286,1.868
6/13/2014,0.088,2.264,1.85
6/16/2014,0.077,2.259,1.843
6/17/2014,0.095,2.302,1.888
6/18/2014,0.091,2.273,1.86
6/19/2014,0.089,2.208,1.786
6/20/2014,0.092,2.231,1.806
6/23/2014,0.096,2.218,1.791
6/24/2014,0.093,2.196,1.769
6/25/2014,0.085,2.132,1.715
6/26/2014,0.077,2.11,1.693
6/27/2014,0.088,2.122,1.712
6/30/2014,0.083,2.108,1.695
7/1/2014,0.076,2.117,1.695
7/2/2014,0.075,2.158,1.734
7/3/2014,0.054,2.14,1.709
7/4/2014,0.043,2.116,1.683
7/7/2014,0.047,2.112,1.678
7/8/2014,0.043,2.063,1.635
7/9/2014,0.052,2.073,1.645
7/10/2014,0.055,2.056,1.631
7/11/2014,0.05,2.06,1.639
7/14/2014,0.052,2.069,1.649
7/15/2014,0.052,2.052,1.638
7/16/2014,0.045,2.024,1.615
7/17/2014,0.044,1.983,1.575
7/18/2014,0.054,1.979,1.572
7/21/2014,0.049,1.959,1.555
7/22/2014,0.054,1.964,1.563
7/23/2014,0.05,1.93,1.535
7/24/2014,0.048,1.95,1.564
7/25/2014,0.041,1.924,1.54
7/28/2014,0.045,1.912,1.533
7/29/2014,0.041,1.865,1.496
7/30/2014,0.044,1.915,1.549
7/31/2014,0.04,1.911,1.536
8/1/2014,0.04,1.905,1.525
8/4/2014,0.043,1.901,1.521
8/5/2014,0.047,1.943,1.57
8/6/2014,0.042,1.894,1.523
8/7/2014,0.037,1.856,1.488
8/8/2014,0.043,1.829,1.466
8/11/2014,0.04,1.843,1.475
8/12/2014,0.042,1.842,1.468
8/13/2014,0.038,1.819,1.431
8/14/2014,0.039,1.786,1.4
8/15/2014,0.026,1.715,1.335
8/18/2014,0.036,1.793,1.407
8/19/2014,0.029,1.763,1.378
8/20/2014,0.027,1.741,1.355
8/21/2014,0.032,1.741,1.359
8/22/2014,0.027,1.722,1.343
8/25/2014,0.006,1.668,1.286
8/26/2014,0.015,1.63,1.244
8/27/2014,0.014,1.608,1.218
8/28/2014,0.02,1.59,1.207
8/29/2014,0.006,1.611,1.225
9/1/2014,-0.016,1.627,1.227
9/2/2014,-0.007,1.687,1.285
9/3/2014,0.004,1.714,1.304
9/4/2014,-0.055,1.702,1.27
9/5/2014,-0.046,1.645,1.211
9/8/2014,-0.049,1.675,1.237
9/9/2014,-0.041,1.737,1.297
9/10/2014,-0.04,1.746,1.315
9/11/2014,-0.043,1.778,1.351
9/12/2014,-0.031,1.812,1.382
9/15/2014,-0.035,1.815,1.38
9/16/2014,-0.02,1.845,1.392
9/17/2014,-0.026,1.817,1.367
9/18/2014,-0.013,1.854,1.397
9/19/2014,-0.022,1.79,1.331
9/22/2014,-0.022,1.745,1.287
9/23/2014,-0.014,1.726,1.286
9/24/2014,-0.019,1.713,1.277
9/25/2014,-0.022,1.692,1.258
9/26/2014,-0.025,1.661,1.246
9/29/2014,-0.02,1.654,1.241
9/30/2014,-0.032,1.635,1.214
10/1/2014,-0.034,1.59,1.167
10/2/2014,-0.027,1.593,1.173
10/3/2014,-0.019,1.605,1.186
10/6/2014,-0.024,1.589,1.172
10/7/2014,-0.013,1.606,1.18
10/8/2014,-0.021,1.594,1.17
10/9/2014,-0.023,1.585,1.161
10/10/2014,-0.021,1.584,1.169
10/13/2014,-0.018,1.608,1.183
10/14/2014,-0.026,1.531,1.115
10/15/2014,-0.035,1.46,1.054
10/16/2014,-0.017,1.592,1.189
10/17/2014,-0.01,1.645,1.232
10/20/2014,-0.008,1.666,1.247
10/21/2014,0,1.647,1.224
10/22/2014,0,1.638,1.217
10/23/2014,-0.002,1.656,1.231
10/24/2014,0,1.661,1.233
10/27/2014,0.002,1.631,1.207
10/28/2014,0,1.616,1.195
10/29/2014,0.002,1.616,1.199
10/30/2014,-0.005,1.573,1.159
10/31/2014,-0.009,1.524,1.107
11/3/2014,-0.007,1.561,1.141
11/4/2014,-0.009,1.521,1.102
11/5/2014,-0.011,1.553,1.124
11/6/2014,-0.014,1.556,1.124
11/7/2014,-0.014,1.554,1.123
11/10/2014,-0.013,1.555,1.125
11/11/2014,-0.007,1.537,1.103
11/12/2014,-0.013,1.534,1.101
11/13/2014,-0.016,1.526,1.091
11/14/2014,-0.015,1.492,1.062
11/17/2014,-0.008,1.5,1.074
11/18/2014,0,1.501,1.073
11/19/2014,0.008,1.548,1.124
11/20/2014,-0.001,1.499,1.073
11/21/2014,-0.01,1.471,1.046
11/24/2014,-0.008,1.467,1.047
11/25/2014,-0.008,1.421,1.003
11/26/2014,-0.019,1.399,0.988
11/27/2014,-0.017,1.341,0.933
11/28/2014,-0.01,1.314,0.92
12/1/2014,-0.014,1.331,0.942
12/2/2014,-0.016,1.356,0.969
12/3/2014,-0.016,1.365,0.971
12/4/2014,-0.003,1.385,0.991
12/5/2014,-0.005,1.374,0.987
12/8/2014,-0.01,1.317,0.928
12/9/2014,-0.01,1.307,0.925
12/10/2014,-0.014,1.297,0.927
12/11/2014,-0.009,1.281,0.919
12/12/2014,-0.014,1.227,0.873
12/15/2014,-0.016,1.231,0.877
12/16/2014,-0.009,1.202,0.864
12/17/2014,-0.016,1.204,0.861
12/18/2014,-0.022,1.238,0.887
12/19/2014,-0.032,1.244,0.891
12/22/2014,-0.034,1.243,0.888
12/23/2014,-0.035,1.239,0.877
12/24/2014,-0.035,1.23,0.87
12/25/2014,-0.035,1.23,0.87
12/26/2014,-0.035,1.23,0.87
12/29/2014,-0.039,1.202,0.84
12/30/2014,-0.047,1.186,0.823
12/31/2014,-0.051,1.187,0.824
1/1/2015,-0.051,1.187,0.824
1/2/2015,-0.055,1.134,0.765
1/5/2015,-0.055,1.131,0.776
1/6/2015,-0.056,1.039,0.711
1/7/2015,-0.068,1.092,0.756
1/8/2015,-0.072,1.099,0.763
1/9/2015,-0.05,1.074,0.862
1/12/2015,-0.051,1.042,0.838
1/13/2015,-0.059,1.024,0.83
1/14/2015,-0.057,0.927,0.74
1/15/2015,-0.064,0.948,0.765
1/16/2015,-0.076,0.905,0.727
1/19/2015,-0.07,0.909,0.73
1/20/2015,-0.045,0.918,0.738
1/21/2015,-0.043,0.97,0.795
1/22/2015,-0.066,0.885,0.707
1/23/2015,-0.079,0.805,0.633
1/26/2015,-0.073,0.827,0.662
1/27/2015,-0.071,0.824,0.66
1/28/2015,-0.081,0.807,0.654
1/29/2015,-0.084,0.834,0.673
1/30/2015,-0.096,0.753,0.6
2/2/2015,-0.09,0.752,0.606
2/3/2015,-0.102,0.769,0.628
2/4/2015,-0.096,0.778,0.641
2/5/2015,-0.099,0.78,0.643
2/6/2015,-0.099,0.826,0.682
2/9/2015,-0.093,0.826,0.672
2/10/2015,-0.096,0.857,0.705
2/11/2015,-0.1,0.833,0.686
2/12/2015,-0.105,0.785,0.647
2/13/2015,-0.101,0.791,0.642
2/16/2015,-0.107,0.798,0.639
2/17/2015,-0.11,0.822,0.66
2/18/2015,-0.119,0.833,0.667
2/19/2015,-0.107,0.851,0.676
2/20/2015,-0.112,0.837,0.648
2/23/2015,-0.12,0.82,0.628
2/24/2015,-0.118,0.81,0.622
2/25/2015,-0.134,0.756,0.574
2/26/2015,-0.152,0.71,0.538
2/27/2015,-0.153,0.732,0.561
3/2/2015,-0.143,0.746,0.582
3/3/2015,-0.137,0.774,0.61
3/4/2015,-0.13,0.77,0.616
3/5/2015,-0.15,0.737,0.588
3/6/2015,-0.142,0.773,0.629
3/9/2015,-0.15,0.685,0.545
3/10/2015,-0.154,0.589,0.466
3/11/2015,-0.162,0.542,0.434
3/12/2015,-0.152,0.56,0.459
3/13/2015,-0.15,0.571,0.465
3/16/2015,-0.14,0.588,0.48
3/17/2015,-0.133,0.623,0.503
3/18/2015,-0.14,0.571,0.443
3/19/2015,-0.143,0.547,0.421
3/20/2015,-0.148,0.542,0.415
3/23/2015,-0.132,0.594,0.468
3/24/2015,-0.138,0.612,0.491
3/25/2015,-0.148,0.6,0.485
3/26/2015,-0.163,0.597,0.476
3/27/2015,-0.163,0.599,0.476
3/30/2015,-0.163,0.608,0.477
3/31/2015,-0.171,0.583,0.442
4/1/2015,-0.182,0.565,0.42
4/2/2015,-0.172,0.607,0.459
4/3/2015,-0.172,0.607,0.459
4/6/2015,-0.172,0.607,0.459
4/7/2015,-0.182,0.605,0.447
4/8/2015,-0.195,0.592,0.431
4/9/2015,-0.191,0.594,0.429
4/10/2015,-0.19,0.569,0.412
4/13/2015,-0.187,0.564,0.413
4/14/2015,-0.191,0.537,0.391
4/15/2015,-0.192,0.487,0.34
4/16/2015,-0.19,0.485,0.342
4/17/2015,-0.184,0.506,0.369
4/20/2015,-0.185,0.493,0.355
4/21/2015,-0.179,0.507,0.368
4/22/2015,-0.174,0.551,0.413
4/23/2015,-0.187,0.559,0.416
4/24/2015,-0.199,0.57,0.426
4/27/2015,-0.204,0.571,0.424
4/28/2015,-0.211,0.576,0.43
4/29/2015,-0.171,0.724,0.57
4/30/2015,-0.161,0.793,0.637
5/1/2015,-0.157,0.792,0.644
5/4/2015,-0.156,0.877,0.712
5/5/2015,-0.151,0.976,0.808
5/6/2015,-0.153,1.082,0.887
5/7/2015,-0.157,1.06,0.882
5/8/2015,-0.157,1.007,0.824
5/11/2015,-0.148,1.085,0.892
5/12/2015,-0.133,1.175,0.966
5/13/2015,-0.122,1.207,0.998
5/14/2015,-0.117,1.192,0.978
5/15/2015,-0.127,1.112,0.91
5/18/2015,-0.123,1.147,0.941
5/19/2015,-0.143,1.075,0.879
5/20/2015,-0.144,1.117,0.924
5/21/2015,-0.154,1.124,0.924
5/22/2015,-0.158,1.105,0.903
5/25/2015,-0.157,1.103,0.901
5/26/2015,-0.167,1.066,0.865
5/27/2015,-0.169,1.068,0.862
5/28/2015,-0.165,1.051,0.846
5/29/2015,-0.173,1.012,0.807
6/1/2015,-0.16,1.069,0.871
6/2/2015,-0.133,1.223,1.031
6/3/2015,-0.128,1.369,1.182
6/4/2015,-0.133,1.339,1.144
6/5/2015,-0.135,1.372,1.172
6/8/2015,-0.131,1.422,1.216
6/9/2015,-0.114,1.498,1.288
6/10/2015,-0.127,1.545,1.314
6/11/2015,-0.121,1.445,1.226
6/12/2015,-0.123,1.438,1.224
6/15/2015,-0.107,1.495,1.287
6/16/2015,-0.115,1.477,1.268
6/17/2015,-0.123,1.466,1.258
6/18/2015,-0.126,1.437,1.232
6/19/2015,-0.137,1.397,1.191
6/22/2015,-0.123,1.496,1.276
6/23/2015,-0.128,1.486,1.265
6/24/2015,-0.135,1.481,1.247
6/25/2015,-0.142,1.498,1.255
6/26/2015,-0.132,1.577,1.315
6/29/2015,-0.134,1.518,1.255
6/30/2015,-0.147,1.478,1.214
7/1/2015,-0.164,1.542,1.265
7/2/2015,-0.167,1.603,1.323
7/3/2015,-0.164,1.535,1.263
7/6/2015,-0.154,1.543,1.271
7/7/2015,-0.159,1.43,1.171
7/8/2015,-0.17,1.418,1.168
7/9/2015,-0.175,1.455,1.195
7/10/2015,-0.152,1.58,1.324
7/13/2015,-0.164,1.568,1.297
7/14/2015,-0.163,1.536,1.272
7/15/2015,-0.172,1.435,1.177
7/16/2015,-0.164,1.413,1.171
7/17/2015,-0.173,1.33,1.104
7/20/2015,-0.173,1.279,1.063
7/21/2015,-0.176,1.325,1.106
7/22/2015,-0.18,1.287,1.07
7/23/2015,-0.18,1.265,1.045
7/24/2015,-0.181,1.2,0.985
7/27/2015,-0.178,1.208,0.993
7/28/2015,-0.185,1.205,0.99
7/29/2015,-0.193,1.24,1.021
7/30/2015,-0.192,1.165,0.95
7/31/2015,-0.177,1.162,0.942
8/3/2015,-0.178,1.176,0.949
8/4/2015,-0.184,1.205,0.969
8/5/2015,-0.176,1.321,1.079
8/6/2015,-0.174,1.272,1.026
8/7/2015,-0.19,1.239,0.99
8/10/2015,-0.191,1.275,1.025
8/11/2015,-0.192,1.2,0.956
8/12/2015,-0.192,1.196,0.959
8/13/2015,-0.189,1.22,0.982
8/14/2015,-0.182,1.241,1.007
8/17/2015,-0.176,1.202,0.966
8/18/2015,-0.171,1.229,0.992
8/19/2015,-0.171,1.212,0.975
8/20/2015,-0.171,1.186,0.949
8/21/2015,-0.176,1.183,0.954
8/24/2015,-0.171,1.211,0.982
8/25/2015,-0.153,1.351,1.122
8/26/2015,-0.161,1.299,1.08
8/27/2015,-0.156,1.327,1.101
8/28/2015,-0.145,1.318,1.088
8/31/2015,-0.138,1.377,1.144
9/1/2015,-0.152,1.377,1.147
9/2/2015,-0.155,1.352,1.124
9/3/2015,-0.182,1.294,1.063
9/4/2015,-0.181,1.242,1.011
9/7/2015,-0.174,1.289,1.039
9/8/2015,-0.18,1.28,1.015
9/9/2015,-0.176,1.266,1.013
9/10/2015,-0.179,1.261,1.013
9/11/2015,-0.184,1.251,0.985
9/14/2015,-0.185,1.253,0.988
9/15/2015,-0.18,1.341,1.064
9/16/2015,-0.177,1.375,1.094
9/17/2015,-0.169,1.371,1.095
9/18/2015,-0.192,1.234,0.965
9/21/2015,-0.194,1.261,0.991
9/22/2015,-0.202,1.167,0.901
9/23/2015,-0.193,1.17,0.905
9/24/2015,-0.19,1.175,0.916
9/25/2015,-0.187,1.226,0.959
9/28/2015,-0.197,1.18,0.912
9/29/2015,-0.192,1.171,0.91
9/30/2015,-0.19,1.167,0.906
10/1/2015,-0.207,1.121,0.854
10/2/2015,-0.203,1.085,0.824
10/5/2015,-0.193,1.151,0.881
10/6/2015,-0.182,1.191,0.915
10/7/2015,-0.184,1.185,0.912
10/8/2015,-0.185,1.171,0.907
10/9/2015,-0.187,1.191,0.932
10/12/2015,-0.197,1.156,0.898
10/13/2015,-0.197,1.163,0.905
10/14/2015,-0.207,1.122,0.863
10/15/2015,-0.205,1.132,0.872
10/16/2015,-0.211,1.119,0.862
10/19/2015,-0.208,1.137,0.874
10/20/2015,-0.19,1.2,0.939
10/21/2015,-0.203,1.13,0.874
10/22/2015,-0.266,1.042,0.789
10/23/2015,-0.266,1.06,0.802
10/26/2015,-0.272,1.056,0.799
10/27/2015,-0.283,0.999,0.743
10/28/2015,-0.291,0.984,0.728
10/29/2015,-0.28,1.065,0.81
10/30/2015,-0.271,1.057,0.805
11/2/2015,-0.263,1.124,0.863
11/3/2015,-0.27,1.143,0.875
11/4/2015,-0.268,1.165,0.894
11/5/2015,-0.263,1.186,0.904
11/6/2015,-0.244,1.257,0.972
11/9/2015,-0.276,1.249,0.939
11/10/2015,-0.289,1.207,0.897
11/11/2015,-0.294,1.191,0.887
11/12/2015,-0.292,1.186,0.889
11/13/2015,-0.304,1.132,0.842
11/16/2015,-0.31,1.116,0.824
11/17/2015,-0.31,1.119,0.829
11/18/2015,-0.302,1.089,0.801
11/19/2015,-0.299,1.067,0.782
11/20/2015,-0.309,1.058,0.785
11/23/2015,-0.31,1.44,0.833
11/24/2015,-0.303,1.427,0.814
11/25/2015,-0.339,1.396,0.781
11/26/2015,-0.34,1.396,0.781
11/27/2015,-0.341,1.38,0.761
11/30/2015,-0.341,1.407,0.78
12/1/2015,-0.36,1.42,0.772
12/2/2015,-0.364,1.405,0.757
12/3/2015,-0.242,1.587,0.963
12/4/2015,-0.249,1.594,0.974
12/7/2015,-0.275,1.482,0.87
12/8/2015,-0.284,1.443,0.856
12/9/2015,-0.3,1.488,0.885
12/10/2015,-0.31,1.471,0.859
12/11/2015,-0.321,1.448,0.838
12/14/2015,-0.307,1.519,0.901
12/15/2015,-0.315,1.568,0.951
12/16/2015,-0.309,1.608,0.987
12/17/2015,-0.328,1.54,0.915
12/18/2015,-0.336,1.492,0.874
12/21/2015,-0.339,1.495,0.875
12/22/2015,-0.332,1.559,0.927
12/23/2015,-0.325,1.602,0.956
12/24/2015,-0.321,1.602,0.97
12/25/2015,-0.321,1.602,0.97
12/28/2015,-0.329,1.527,0.892
12/29/2015,-0.325,1.631,0.972
12/30/2015,-0.339,1.62,0.965
12/31/2015,-0.339,1.62,0.965
1/1/2016,-0.339,1.62,0.965
1/4/2016,-0.347,1.575,0.914
1/5/2016,-0.361,1.557,0.883
1/6/2016,-0.364,1.525,0.855
1/7/2016,-0.357,1.567,0.901
1/8/2016,-0.366,1.529,0.862
1/11/2016,-0.36,1.556,0.89
1/12/2016,-0.359,1.54,0.885
1/13/2016,-0.354,1.498,0.847
1/14/2016,-0.355,1.524,0.861
1/15/2016,-0.366,1.503,0.838
1/18/2016,-0.359,1.501,0.835
1/19/2016,-0.356,1.498,0.84
1/20/2016,-0.368,1.451,0.963
1/21/2016,-0.398,1.407,0.915
1/22/2016,-0.375,1.443,0.936
1/25/2016,-0.375,1.425,0.916
1/26/2016,-0.384,1.384,0.881
1/27/2016,-0.377,1.367,0.882
1/28/2016,-0.382,1.347,0.863
1/29/2016,-0.416,1.231,0.766
2/1/2016,-0.403,1.253,0.803
2/2/2016,-0.413,1.226,0.769
2/3/2016,-0.427,1.171,0.737
2/4/2016,-0.417,1.193,0.759
2/5/2016,-0.424,1.197,0.754
2/8/2016,-0.443,1.143,0.721
2/9/2016,-0.445,1.181,0.753
2/10/2016,-0.439,1.194,0.753
2/11/2016,-0.451,1.165,0.741
2/12/2016,-0.419,1.226,0.793
2/15/2016,-0.429,1.202,0.752
2/16/2016,-0.421,1.246,0.782
2/17/2016,-0.413,1.232,0.765
2/18/2016,-0.423,1.149,0.7
2/19/2016,-0.43,1.129,0.684
2/22/2016,-0.432,1.085,0.649
2/23/2016,-0.431,1.084,0.66
2/24/2016,-0.426,1.069,0.647
2/25/2016,-0.441,1.066,0.634
2/26/2016,-0.447,1.069,0.623
2/29/2016,-0.468,1.052,0.587
3/1/2016,-0.462,1.104,0.619
3/2/2016,-0.456,1.178,0.673
3/3/2016,-0.485,1.147,0.647
3/4/2016,-0.45,1.188,0.697
3/7/2016,-0.474,1.176,0.673
3/8/2016,-0.498,1.115,0.613
3/9/2016,-0.472,1.164,0.667
3/10/2016,-0.394,1.216,0.716
3/11/2016,-0.406,1.141,0.665
3/14/2016,-0.402,1.139,0.663
3/15/2016,-0.404,1.182,0.709
3/16/2016,-0.41,1.161,0.695
3/17/2016,-0.425,1.069,0.618
3/18/2016,-0.43,1.045,0.603
3/21/2016,-0.436,1.06,0.615
3/22/2016,-0.44,1.037,0.6
3/23/2016,-0.444,1.032,0.59
3/24/2016,-0.443,1.016,0.58
3/25/2016,-0.443,1.016,0.58
3/28/2016,-0.443,1.016,0.58
3/29/2016,-0.457,0.951,0.516
3/30/2016,-0.449,0.954,0.512
3/31/2016,-0.455,0.951,0.509
4/1/2016,-0.456,0.927,0.496
4/4/2016,-0.457,0.921,0.491
4/5/2016,-0.468,0.905,0.472
4/6/2016,-0.474,0.947,0.495
4/7/2016,-0.479,0.929,0.48
4/8/2016,-0.49,0.941,0.473
4/11/2016,-0.489,0.989,0.503
4/12/2016,-0.483,1.065,0.565
4/13/2016,-0.48,1.001,0.51
4/14/2016,-0.465,1.049,0.56
4/15/2016,-0.479,1.001,0.517
4/18/2016,-0.475,1.027,0.545
4/19/2016,-0.475,1.04,0.557
4/20/2016,-0.47,1.02,0.537
4/21/2016,-0.452,1.093,0.605
4/22/2016,-0.465,1.111,0.609
4/25/2016,-0.458,1.162,0.652
4/26/2016,-0.449,1.189,0.684
4/27/2016,-0.452,1.21,0.693
4/28/2016,-0.453,1.166,0.65
4/29/2016,-0.448,1.171,0.673
5/2/2016,-0.445,1.138,0.649
5/3/2016,-0.467,1.067,0.599
5/4/2016,-0.468,1.07,0.606
5/5/2016,-0.48,1.039,0.575
5/6/2016,-0.485,1.038,0.57
5/9/2016,-0.486,1.019,0.543
5/10/2016,-0.48,1.025,0.542
5/11/2016,-0.483,1.007,0.525
5/12/2016,-0.482,1.034,0.546
5/13/2016,-0.486,0.979,0.513
5/16/2016,-0.485,1.002,0.53
5/17/2016,-0.486,0.99,0.519
5/18/2016,-0.48,1.027,0.556
5/19/2016,-0.476,1.009,0.55
5/20/2016,-0.477,1.004,0.547
5/23/2016,-0.481,1.014,0.556
5/24/2016,-0.482,1.003,0.546
5/25/2016,-0.486,0.966,0.516
5/26/2016,-0.492,0.97,0.52
5/27/2016,-0.491,0.96,0.504
5/30/2016,-0.487,0.99,0.533
5/31/2016,-0.484,0.956,0.507
6/1/2016,-0.487,0.955,0.505
6/2/2016,-0.485,0.947,0.5
6/3/2016,-0.496,0.883,0.452
6/6/2016,-0.498,0.913,0.484
6/7/2016,-0.492,0.859,0.442
6/8/2016,-0.488,0.845,0.445
6/9/2016,-0.495,0.806,0.426
6/10/2016,-0.493,0.785,0.426
6/13/2016,-0.498,0.83,0.447
6/14/2016,-0.466,0.839,0.465
6/15/2016,-0.482,0.817,0.44
6/16/2016,-0.486,0.797,0.437
6/17/2016,-0.503,0.824,0.457
6/20/2016,-0.511,0.808,0.448
6/21/2016,-0.516,0.794,0.442
6/22/2016,-0.508,0.796,0.451
6/23/2016,-0.484,0.841,0.487
6/24/2016,-0.541,0.728,0.416
6/27/2016,-0.533,0.606,0.328
6/28/2016,-0.55,0.581,0.277
6/29/2016,-0.576,0.561,0.252
6/30/2016,-0.589,0.534,0.226
7/1/2016,-0.602,0.519,0.189
7/4/2016,-0.608,0.54,0.198
7/5/2016,-0.629,0.501,0.165
7/6/2016,-0.633,0.486,0.16
7/7/2016,-0.63,0.494,0.171
7/8/2016,-0.638,0.463,0.148
7/11/2016,-0.629,0.489,0.167
7/12/2016,-0.589,0.572,0.228
7/13/2016,-0.59,0.506,0.175
7/14/2016,-0.581,0.545,0.211
7/15/2016,-0.576,0.595,0.253
7/18/2016,-0.578,0.586,0.24
7/19/2016,-0.574,0.571,0.23
7/20/2016,-0.561,0.587,0.246
7/21/2016,-0.565,0.578,0.241
7/22/2016,-0.557,0.56,0.235
7/25/2016,-0.557,0.541,0.218
7/26/2016,-0.555,0.533,0.214
7/27/2016,-0.572,0.471,0.156
7/28/2016,-0.57,0.456,0.148
7/29/2016,-0.58,0.423,0.119
8/1/2016,-0.577,0.444,0.143
8/2/2016,-0.57,0.51,0.201
8/3/2016,-0.568,0.517,0.204
8/4/2016,-0.586,0.482,0.151
8/5/2016,-0.59,0.515,0.167
8/8/2016,-0.599,0.511,0.153
8/9/2016,-0.604,0.494,0.14
8/10/2016,-0.621,0.452,0.104
8/11/2016,-0.612,0.469,0.12
8/12/2016,-0.612,0.461,0.113
8/15/2016,-0.602,0.48,0.141
8/16/2016,-0.591,0.519,0.182
8/17/2016,-0.588,0.483,0.146
8/18/2016,-0.587,0.451,0.12
8/19/2016,-0.575,0.507,0.173
8/22/2016,-0.585,0.447,0.116
8/23/2016,-0.585,0.452,0.121
8/24/2016,-0.589,0.467,0.129
8/25/2016,-0.587,0.488,0.144
8/26/2016,-0.589,0.508,0.156
8/29/2016,-0.599,0.505,0.154
8/30/2016,-0.596,0.493,0.146
8/31/2016,-0.594,0.525,0.173
9/1/2016,-0.595,0.545,0.177
9/2/2016,-0.6,0.569,0.191
9/5/2016,-0.606,0.564,0.182
9/6/2016,-0.628,0.483,0.11
9/7/2016,-0.623,0.457,0.098
9/8/2016,-0.595,0.542,0.163
9/9/2016,-0.576,0.635,0.235
9/12/2016,-0.567,0.66,0.268
9/13/2016,-0.553,0.69,0.298
9/14/2016,-0.578,0.639,0.246
9/15/2016,-0.58,0.664,0.256
9/16/2016,-0.588,0.644,0.238
9/19/2016,-0.589,0.651,0.248
9/20/2016,-0.602,0.595,0.21
9/21/2016,-0.602,0.604,0.225
9/22/2016,-0.62,0.497,0.126
9/23/2016,-0.618,0.511,0.144
9/26/2016,-0.627,0.486,0.115
9/27/2016,-0.644,0.479,0.102
9/28/2016,-0.646,0.47,0.096
9/29/2016,-0.644,0.503,0.131
9/30/2016,-0.654,0.508,0.133
10/3/2016,-0.66,0.547,0.168
10/4/2016,-0.652,0.586,0.209
10/5/2016,-0.65,0.654,0.267
10/6/2016,-0.652,0.617,0.224
10/7/2016,-0.649,0.64,0.252
10/10/2016,-0.647,0.669,0.285
10/11/2016,-0.655,0.644,0.263
10/12/2016,-0.644,0.694,0.306
10/13/2016,-0.647,0.653,0.279
10/14/2016,-0.649,0.662,0.281
10/17/2016,-0.648,0.676,0.286
10/18/2016,-0.66,0.653,0.265
10/19/2016,-0.661,0.639,0.254
10/20/2016,-0.668,0.599,0.227
10/21/2016,-0.671,0.606,0.23
10/24/2016,-0.671,0.622,0.242
10/25/2016,-0.665,0.625,0.249
10/26/2016,-0.664,0.686,0.307
10/27/2016,-0.641,0.782,0.39
10/28/2016,-0.638,0.768,0.392
10/31/2016,-0.638,0.763,0.39
11/1/2016,-0.631,0.8,0.425
11/2/2016,-0.641,0.76,0.38
11/3/2016,-0.641,0.785,0.41
11/4/2016,-0.648,0.77,0.399
11/7/2016,-0.643,0.771,0.397
11/8/2016,-0.643,0.817,0.435
11/9/2016,-0.654,0.854,0.472
11/10/2016,-0.619,1,0.605
11/11/2016,-0.597,1.077,0.679
11/14/2016,-0.597,1.13,0.721
11/15/2016,-0.604,1.045,0.651
11/16/2016,-0.592,1.045,0.659
11/17/2016,-0.594,1.049,0.666
11/18/2016,-0.612,1.069,0.684
11/21/2016,-0.624,1.034,0.665
11/22/2016,-0.661,0.994,0.613
11/23/2016,-0.639,1.048,0.663
11/24/2016,-0.662,1.055,0.669
11/25/2016,-0.665,1.049,0.664
11/28/2016,-0.675,1.003,0.627
11/29/2016,-0.684,0.949,0.571
11/30/2016,-0.67,1.025,0.626
12/1/2016,-0.668,1.106,0.703
12/2/2016,-0.675,1.008,0.612
12/5/2016,-0.645,1.069,0.666
12/6/2016,-0.637,1.094,0.687
12/7/2016,-0.623,1.073,0.649
12/8/2016,-0.668,1.141,0.688
12/9/2016,-0.656,1.185,0.696
12/12/2016,-0.645,1.24,0.736
12/13/2016,-0.646,1.164,0.661
12/14/2016,-0.658,1.105,0.615
12/15/2016,-0.659,1.137,0.638
12/16/2016,-0.673,1.087,0.61
12/19/2016,-0.686,1.007,0.544
12/20/2016,-0.685,1.012,0.566
12/21/2016,-0.69,0.986,0.552
12/22/2016,-0.71,1.022,0.583
12/23/2016,-0.713,0.978,0.544
12/26/2016,-0.713,0.978,0.544
12/27/2016,-0.74,0.963,0.524
12/28/2016,-0.739,0.978,0.523
12/29/2016,-0.713,0.951,0.498
12/30/2016,-0.693,0.993,0.527
1/2/2017,-0.713,0.991,0.521
1/3/2017,-0.7,1.102,0.64
1/4/2017,-0.711,1.15,0.67
1/5/2017,-0.667,1.128,0.664
1/6/2017,-0.649,1.17,0.697
1/9/2017,-0.65,1.146,0.671
1/10/2017,-0.643,1.164,0.684
1/11/2017,-0.633,1.127,0.644
1/12/2017,-0.619,1.151,0.652
1/13/2017,-0.615,1.192,0.682
1/16/2017,-0.593,1.178,0.668
1/17/2017,-0.595,1.15,0.638
1/18/2017,-0.596,1.176,0.665
1/19/2017,-0.587,1.208,0.7
1/20/2017,-0.548,1.258,0.744
1/23/2017,-0.564,1.194,0.684
1/24/2017,-0.557,1.239,0.73
1/25/2017,-0.543,1.331,0.808
1/26/2017,-0.536,1.383,0.855
1/27/2017,-0.434,1.37,1.001
1/30/2017,-0.423,1.376,1.017
1/31/2017,-0.461,1.338,0.979
2/1/2017,-0.466,1.35,0.999
2/2/2017,-0.516,1.303,0.958
2/3/2017,-0.545,1.357,0.989
2/6/2017,-0.542,1.406,1.011
2/7/2017,-0.544,1.39,1.003
2/8/2017,-0.565,1.258,0.869
2/9/2017,-0.574,1.213,0.855
2/10/2017,-0.562,1.251,0.894
2/13/2017,-0.551,1.23,0.869
2/14/2017,-0.543,1.262,0.895
2/15/2017,-0.534,1.271,0.893
2/16/2017,-0.528,1.227,0.854
2/17/2017,-0.534,1.215,0.832
2/20/2017,-0.531,1.23,0.852
2/21/2017,-0.519,1.242,0.853
2/22/2017,-0.54,1.156,0.767
2/23/2017,-0.565,1.128,0.757
2/24/2017,-0.582,1.077,0.716
2/27/2017,-0.589,1.045,0.698
2/28/2017,-0.577,1.044,0.702
3/1/2017,-0.54,1.08,0.736
3/2/2017,-0.546,1.119,0.771
3/3/2017,-0.545,1.143,0.805
3/6/2017,-0.559,1.159,0.801
3/7/2017,-0.585,1.168,0.816
3/8/2017,-0.551,1.215,0.869
3/9/2017,-0.549,1.281,0.926
3/10/2017,-0.514,1.311,0.982
3/13/2017,-0.501,1.297,0.962
3/14/2017,-0.504,1.28,0.948
3/15/2017,-0.52,1.228,0.894
3/16/2017,-0.489,1.273,0.934
3/17/2017,-0.478,1.265,0.924
3/20/2017,-0.457,1.29,0.952
3/21/2017,-0.456,1.29,0.977
3/22/2017,-0.492,1.246,0.925
3/23/2017,-0.486,1.26,0.914
3/24/2017,-0.511,1.215,0.876
3/27/2017,-0.492,1.212,0.871
3/28/2017,-0.51,1.199,0.856
3/29/2017,-0.549,1.178,0.825
3/30/2017,-0.527,1.208,0.838
3/31/2017,-0.53,1.216,0.843
4/3/2017,-0.56,1.192,0.815
4/4/2017,-0.544,1.162,0.785
4/5/2017,-0.563,1.156,0.781
4/6/2017,-0.571,1.132,0.766
4/7/2017,-0.588,1.127,0.76
4/10/2017,-0.572,1.128,0.769
4/11/2017,-0.571,1.124,0.776
4/12/2017,-0.573,1.085,0.751
4/13/2017,-0.579,1.073,0.751
4/14/2017,-0.579,1.073,0.751
4/17/2017,-0.579,1.073,0.751
4/18/2017,-0.535,1.057,0.753
4/19/2017,-0.529,1.041,0.757
4/20/2017,-0.532,1.08,0.795
4/21/2017,-0.534,1.095,0.803
4/24/2017,-0.522,1.086,0.768
4/25/2017,-0.497,1.161,0.827
4/26/2017,-0.526,1.16,0.827
4/27/2017,-0.582,1.107,0.766
4/28/2017,-0.574,1.117,0.774
5/1/2017,-0.574,1.117,0.774
5/2/2017,-0.559,1.096,0.755
5/3/2017,-0.555,1.098,0.759
5/4/2017,-0.545,1.117,0.782
5/5/2017,-0.531,1.145,0.802
5/8/2017,-0.524,1.162,0.812
5/9/2017,-0.522,1.199,0.837
5/10/2017,-0.529,1.182,0.822
5/11/2017,-0.524,1.211,0.842
5/12/2017,-0.537,1.159,0.792
5/15/2017,-0.517,1.197,0.822
5/16/2017,-0.507,1.216,0.835
5/17/2017,-0.529,1.158,0.783
5/18/2017,-0.541,1.128,0.745
5/19/2017,-0.53,1.131,0.752
5/22/2017,-0.518,1.155,0.779
5/23/2017,-0.521,1.138,0.776
5/24/2017,-0.536,1.132,0.765
5/25/2017,-0.557,1.087,0.718
5/26/2017,-0.566,1.044,0.681
5/29/2017,-0.578,1.028,0.659
5/30/2017,-0.569,1.02,0.65
5/31/2017,-0.58,1.025,0.654
6/1/2017,-0.576,1.031,0.657
6/2/2017,-0.59,1.018,0.639
6/5/2017,-0.577,1.042,0.655
6/6/2017,-0.604,0.996,0.605
6/7/2017,-0.595,1.015,0.626
6/8/2017,-0.605,0.983,0.594
6/9/2017,-0.598,1.011,0.602
6/12/2017,-0.595,0.981,0.574
6/13/2017,-0.576,0.98,0.585
6/14/2017,-0.58,0.933,0.559
6/15/2017,-0.562,0.974,0.608
6/16/2017,-0.572,0.982,0.604
6/19/2017,-0.566,0.969,0.601
6/20/2017,-0.57,0.943,0.583
6/21/2017,-0.567,0.944,0.587
6/22/2017,-0.575,0.946,0.586
6/23/2017,-0.568,0.969,0.594
6/26/2017,-0.568,0.97,0.59
6/27/2017,-0.507,1.086,0.715
6/28/2017,-0.516,1.059,0.694
6/29/2017,-0.49,1.14,0.778
6/30/2017,-0.491,1.159,0.795
7/3/2017,-0.493,1.17,0.806
7/4/2017,-0.498,1.185,0.812
7/5/2017,-0.492,1.182,0.81
7/6/2017,-0.469,1.269,0.909
7/7/2017,-0.475,1.28,0.925
7/10/2017,-0.484,1.257,0.901
7/11/2017,-0.482,1.273,0.91
7/12/2017,-0.503,1.226,0.859
7/13/2017,-0.496,1.251,0.88
7/14/2017,-0.491,1.233,0.865
7/17/2017,-0.485,1.221,0.853
7/18/2017,-0.5,1.198,0.83
7/19/2017,-0.492,1.182,0.819
7/20/2017,-0.486,1.171,0.799
7/21/2017,-0.488,1.159,0.776
7/24/2017,-0.487,1.148,0.77
7/25/2017,-0.478,1.191,0.826
7/26/2017,-0.486,1.185,0.824
7/27/2017,-0.497,1.182,0.814
7/28/2017,-0.504,1.188,0.816
7/31/2017,-0.508,1.182,0.82
8/1/2017,-0.543,1.123,0.765
8/2/2017,-0.545,1.124,0.77
8/3/2017,-0.547,1.089,0.738
8/4/2017,-0.547,1.113,0.761
8/7/2017,-0.547,1.105,0.749
8/8/2017,-0.531,1.127,0.765
8/9/2017,-0.553,1.083,0.722
8/10/2017,-0.555,1.08,0.719
8/11/2017,-0.571,1.044,0.688
8/14/2017,-0.567,1.072,0.712
8/15/2017,-0.559,1.099,0.736
8/16/2017,-0.556,1.118,0.751
8/17/2017,-0.551,1.102,0.733
8/18/2017,-0.556,1.088,0.722
8/21/2017,-0.562,1.082,0.71
8/22/2017,-0.565,1.087,0.712
8/23/2017,-0.57,1.058,0.69
8/24/2017,-0.574,1.056,0.694
8/25/2017,-0.57,1.064,0.702
8/28/2017,-0.577,1.064,0.7
8/29/2017,-0.571,1.024,0.663
8/30/2017,-0.573,1.045,0.676
8/31/2017,-0.573,1.041,0.663
9/1/2017,-0.575,1.077,0.683
9/4/2017,-0.582,1.072,0.677
9/5/2017,-0.589,1.039,0.647
9/6/2017,-0.572,1.051,0.663
9/7/2017,-0.597,1.018,0.619
9/8/2017,-0.593,1.031,0.623
9/11/2017,-0.587,1.049,0.644
9/12/2017,-0.563,1.11,0.705
9/13/2017,-0.558,1.084,0.686
9/14/2017,-0.557,1.088,0.694
9/15/2017,-0.539,1.094,0.708
9/18/2017,-0.534,1.113,0.727
9/19/2017,-0.529,1.097,0.718
9/20/2017,-0.533,1.104,0.722
9/21/2017,-0.525,1.111,0.733
9/22/2017,-0.536,1.103,0.728
9/25/2017,-0.558,1.079,0.693
9/26/2017,-0.562,1.084,0.696
9/27/2017,-0.551,1.137,0.748
9/28/2017,-0.55,1.139,0.755
9/29/2017,-0.542,1.104,0.726
10/2/2017,-0.552,1.096,0.718
10/3/2017,-0.551,1.113,0.729
10/4/2017,-0.546,1.118,0.731
10/5/2017,-0.542,1.113,0.724
10/6/2017,-0.55,1.116,0.729
10/9/2017,-0.556,1.1,0.714
10/10/2017,-0.558,1.099,0.716
10/11/2017,-0.551,1.12,0.736
10/12/2017,-0.57,1.105,0.717
10/13/2017,-0.584,1.073,0.676
10/16/2017,-0.6,1.043,0.642
10/17/2017,-0.59,1.023,0.628
10/18/2017,-0.582,1.054,0.658
10/19/2017,-0.593,1.059,0.66
10/20/2017,-0.58,1.109,0.71
10/23/2017,-0.594,1.078,0.682
10/24/2017,-0.583,1.11,0.72
10/25/2017,-0.581,1.108,0.724
10/26/2017,-0.622,1.057,0.664
10/27/2017,-0.646,1.04,0.633
10/30/2017,-0.643,1.01,0.61
10/31/2017,-0.641,0.993,0.601
11/1/2017,-0.638,1.002,0.609
11/2/2017,-0.636,1.001,0.605
11/3/2017,-0.637,0.998,0.601
11/6/2017,-0.652,0.976,0.576
11/7/2017,-0.654,0.939,0.537
11/8/2017,-0.655,0.958,0.557
11/9/2017,-0.639,1.014,0.615
11/10/2017,-0.635,1.039,0.636
11/13/2017,-0.634,1.032,0.625
11/14/2017,-0.629,1.009,0.605
11/15/2017,-0.639,0.982,0.583
11/16/2017,-0.628,0.98,0.582
11/17/2017,-0.632,0.966,0.573
11/20/2017,-0.63,0.956,0.573
11/21/2017,-0.627,0.933,0.56
11/22/2017,-0.617,0.917,0.554
11/23/2017,-0.599,0.93,0.563
11/24/2017,-0.597,0.951,0.582
11/27/2017,-0.61,0.929,0.558
11/28/2017,-0.605,0.932,0.557
11/29/2017,-0.594,0.967,0.595
11/30/2017,-0.596,0.937,0.566
12/1/2017,-0.617,0.856,0.478
12/4/2017,-0.61,0.9,0.518
12/5/2017,-0.627,0.872,0.5
12/6/2017,-0.624,0.854,0.489
12/7/2017,-0.642,0.856,0.484
12/8/2017,-0.625,0.87,0.5
12/11/2017,-0.619,0.852,0.488
12/12/2017,-0.613,0.876,0.505
12/13/2017,-0.612,0.896,0.518
12/14/2017,-0.61,0.878,0.509
12/15/2017,-0.605,0.854,0.491
12/18/2017,-0.591,0.849,0.486
12/19/2017,-0.581,0.929,0.564
12/20/2017,-0.568,0.955,0.592
12/21/2017,-0.55,0.951,0.591
12/22/2017,-0.543,0.958,0.595
12/25/2017,-0.543,0.958,0.595
12/26/2017,-0.543,0.958,0.595
12/27/2017,-0.547,0.935,0.57
12/28/2017,-0.538,0.981,0.615
12/29/2017,-0.525,0.998,0.625
1/1/2018,-0.525,0.998,0.625
1/2/2018,-0.525,1.048,0.677
1/3/2018,-0.537,1.014,0.651
1/4/2018,-0.531,1.005,0.644
1/5/2018,-0.524,1.017,0.653
1/8/2018,-0.522,1.017,0.647
1/9/2018,-0.516,1.058,0.684
1/10/2018,-0.519,1.062,0.682
1/11/2018,-0.475,1.09,0.725
1/12/2018,-0.47,1.078,0.722
1/15/2018,-0.477,1.092,0.722
1/16/2018,-0.491,1.063,0.699
1/17/2018,-0.494,1.06,0.693
1/18/2018,-0.498,1.073,0.702
1/19/2018,-0.512,1.073,0.7
1/22/2018,-0.515,1.075,0.704
1/23/2018,-0.513,1.072,0.699
1/24/2018,-0.519,1.089,0.716
1/25/2018,-0.509,1.099,0.741
1/26/2018,-0.486,1.111,0.768
1/29/2018,-0.476,1.165,0.829
1/30/2018,-0.482,1.16,0.961
1/31/2018,-0.477,1.16,0.972
2/1/2018,-0.483,1.178,0.987
2/2/2018,-0.477,1.316,1.022
2/5/2018,-0.498,1.309,1
2/6/2018,-0.502,1.284,0.964
2/7/2018,-0.483,1.296,0.991
2/8/2018,-0.489,1.307,1.005
2/9/2018,-0.5,1.295,0.994
2/12/2018,-0.507,1.306,1.012
2/13/2018,-0.496,1.339,1.019
2/14/2018,-0.488,1.339,1.013
2/15/2018,-0.468,1.344,1.024
2/16/2018,-0.478,1.31,0.975
2/19/2018,-0.475,1.359,1.015
2/20/2018,-0.481,1.377,1.029
2/21/2018,-0.483,1.369,1.022
2/22/2018,-0.5,1.349,1
2/23/2018,-0.512,1.293,0.945
2/26/2018,-0.516,1.283,0.948
2/27/2018,-0.504,1.299,0.964
2/28/2018,-0.52,1.273,0.937
3/1/2018,-0.534,1.27,0.929
3/2/2018,-0.534,1.293,0.945
3/5/2018,-0.537,1.287,0.936
3/6/2018,-0.528,1.308,0.953
3/7/2018,-0.523,1.282,0.929
3/8/2018,-0.529,1.255,0.897
3/9/2018,-0.528,1.29,0.925
3/12/2018,-0.538,1.275,0.909
3/13/2018,-0.542,1.279,0.902
3/14/2018,-0.543,1.244,0.871
3/15/2018,-0.55,1.221,0.856
3/16/2018,-0.563,1.214,0.852
3/19/2018,-0.56,1.21,0.858
3/20/2018,-0.546,1.208,0.863
3/21/2018,-0.543,1.21,0.869
3/22/2018,-0.556,1.159,0.813
3/23/2018,-0.555,1.154,0.811
3/26/2018,-0.556,1.153,0.798
3/27/2018,-0.565,1.125,0.767
3/28/2018,-0.566,1.127,0.766
3/29/2018,-0.568,1.131,0.76
3/30/2018,-0.568,1.131,0.76
4/2/2018,-0.568,1.131,0.76
4/3/2018,-0.559,1.142,0.771
4/4/2018,-0.558,1.136,0.769
4/5/2018,-0.549,1.174,0.804
4/6/2018,-0.556,1.156,0.782
4/9/2018,-0.547,1.164,0.79
4/10/2018,-0.536,1.177,0.809
4/11/2018,-0.534,1.161,0.791
4/12/2018,-0.539,1.18,0.799
4/13/2018,-0.534,1.171,0.784
4/16/2018,-0.521,1.176,0.787
4/17/2018,-0.52,1.153,0.767
4/18/2018,-0.511,1.163,0.786
4/19/2018,-0.505,1.224,0.852
4/20/2018,-0.508,1.217,0.842
4/23/2018,-0.499,1.249,0.879
4/24/2018,-0.496,1.238,0.871
4/25/2018,-0.49,1.246,0.878
4/26/2018,-0.5,1.216,0.845
4/27/2018,-0.506,1.198,0.821
4/30/2018,-0.509,1.195,0.813
5/1/2018,-0.509,1.195,0.813
5/2/2018,-0.502,1.222,0.835
5/3/2018,-0.512,1.196,0.796
5/4/2018,-0.51,1.221,0.813
5/7/2018,-0.513,1.204,0.794
5/8/2018,-0.507,1.246,0.835
5/9/2018,-0.513,1.236,0.824
5/10/2018,-0.513,1.236,0.829
5/11/2018,-0.514,1.22,0.818
5/14/2018,-0.492,1.261,0.865
5/15/2018,-0.489,1.289,0.894
5/16/2018,-0.499,1.274,0.874
5/17/2018,-0.498,1.307,0.901
5/18/2018,-0.519,1.276,0.861
5/21/2018,-0.522,1.269,0.848
5/22/2018,-0.512,1.296,0.879
5/23/2018,-0.524,1.292,0.862
5/24/2018,-0.543,1.236,0.809
5/25/2018,-0.549,1.199,0.761
5/28/2018,-0.571,1.192,0.757
5/29/2018,-0.598,1.165,0.71
5/30/2018,-0.505,1.197,0.759
5/31/2018,-0.522,1.162,0.736
6/1/2018,-0.522,1.187,0.771
6/4/2018,-0.523,1.202,0.785
6/5/2018,-0.552,1.186,0.754
6/6/2018,-0.526,1.27,0.856
6/7/2018,-0.525,1.299,0.881
6/8/2018,-0.538,1.328,0.891
6/11/2018,-0.516,1.354,0.912
6/12/2018,-0.517,1.322,0.881
6/13/2018,-0.519,1.275,0.846
6/14/2018,-0.54,1.224,0.781
6/15/2018,-0.538,1.194,0.742
6/18/2018,-0.534,1.195,0.74
6/19/2018,-0.539,1.184,0.737
6/20/2018,-0.552,1.195,0.737
6/21/2018,-0.559,1.189,0.723
6/22/2018,-0.542,1.206,0.734
6/25/2018,-0.549,1.209,0.736
6/26/2018,-0.541,1.228,0.757
6/27/2018,-0.546,1.186,0.735
6/28/2018,-0.546,1.172,0.729
6/29/2018,-0.552,1.111,0.686
7/2/2018,-0.567,1.099,0.68
7/3/2018,-0.554,1.084,0.665
7/4/2018,-0.547,1.098,0.673
7/5/2018,-0.545,1.105,0.671
7/6/2018,-0.548,1.114,0.67
7/9/2018,-0.545,1.139,0.674
7/10/2018,-0.538,1.153,0.69
7/11/2018,-0.532,1.143,0.684
7/12/2018,-0.543,1.106,0.655
7/13/2018,-0.543,1.085,0.626
7/16/2018,-0.536,1.118,0.657
7/17/2018,-0.542,1.096,0.632
7/18/2018,-0.543,1.108,0.64
7/19/2018,-0.544,1.108,0.64
7/20/2018,-0.538,1.151,0.69
7/23/2018,-0.525,1.167,0.721
7/24/2018,-0.529,1.144,0.703
7/25/2018,-0.525,1.142,0.699
7/26/2018,-0.529,1.144,0.699
7/27/2018,-0.528,1.15,0.704
7/30/2018,-0.522,1.196,0.749
7/31/2018,-0.519,1.175,0.737
8/1/2018,-0.455,1.164,0.784
8/2/2018,-0.468,1.18,0.796
8/3/2018,-0.497,1.151,0.761
8/6/2018,-0.511,1.126,0.728
8/7/2018,-0.502,1.13,0.737
8/8/2018,-0.512,1.127,0.733
8/9/2018,-0.525,1.121,0.725
8/10/2018,-0.55,1.078,0.685
8/13/2018,-0.54,1.096,0.701
8/14/2018,-0.532,1.101,0.708
8/15/2018,-0.542,1.091,0.694
8/16/2018,-0.526,1.097,0.7
8/17/2018,-0.544,1.087,0.688
8/20/2018,-0.535,1.078,0.674
8/21/2018,-0.518,1.094,0.693
8/22/2018,-0.505,1.104,0.706
8/23/2018,-0.508,1.098,0.695
8/24/2018,-0.507,1.103,0.699
8/27/2018,-0.493,1.127,0.727
8/28/2018,-0.49,1.134,0.731
8/29/2018,-0.488,1.145,0.746
8/30/2018,-0.514,1.106,0.706
8/31/2018,-0.515,1.101,0.697
9/3/2018,-0.508,1.113,0.707
9/4/2018,-0.496,1.108,0.702
9/5/2018,-0.477,1.126,0.726
9/6/2018,-0.49,1.105,0.708
9/7/2018,-0.479,1.129,0.734
9/10/2018,-0.466,1.127,0.728
9/11/2018,-0.459,1.149,0.756
9/12/2018,-0.466,1.133,0.74
9/13/2018,-0.462,1.143,0.75
9/14/2018,-0.454,1.172,0.778
9/17/2018,-0.451,1.169,0.777
9/18/2018,-0.447,1.186,0.797
9/19/2018,-0.449,1.2,0.808
9/20/2018,-0.451,1.19,0.798
9/21/2018,-0.456,1.186,0.789
9/24/2018,-0.428,1.229,0.841
9/25/2018,-0.421,1.249,0.868
9/26/2018,-0.431,1.236,0.859
9/27/2018,-0.425,1.235,0.866
9/28/2018,-0.453,1.205,0.828
10/1/2018,-0.468,1.232,0.847
10/2/2018,-0.482,1.192,0.805
10/3/2018,-0.456,1.218,0.838
10/4/2018,-0.444,1.257,0.889
10/5/2018,-0.45,1.287,0.918
10/8/2018,-0.476,1.264,0.887
10/9/2018,-0.465,1.276,0.904
10/10/2018,-0.469,1.281,0.912
10/11/2018,-0.485,1.27,0.897
10/12/2018,-0.503,1.258,0.881
10/15/2018,-0.515,1.267,0.886
10/16/2018,-0.514,1.247,0.865
10/17/2018,-0.523,1.236,0.844
10/18/2018,-0.549,1.24,0.839
10/19/2018,-0.506,1.284,0.891
10/22/2018,-0.512,1.267,0.874
10/23/2018,-0.53,1.226,0.833
10/24/2018,-0.547,1.216,0.817
10/25/2018,-0.54,1.215,0.811
10/26/2018,-0.555,1.183,0.773
10/29/2018,-0.548,1.186,0.77
10/30/2018,-0.543,1.182,0.769
10/31/2018,-0.539,1.182,0.776
11/1/2018,-0.541,1.188,0.782
11/2/2018,-0.54,1.211,0.811
11/5/2018,-0.531,1.217,0.817
11/6/2018,-0.524,1.229,0.827
11/7/2018,-0.51,1.242,0.841
11/8/2018,-0.505,1.253,0.851
11/9/2018,-0.52,1.228,0.82
11/12/2018,-0.524,1.24,0.824
11/13/2018,-0.516,1.248,0.833
11/14/2018,-0.525,1.246,0.827
11/15/2018,-0.553,1.223,0.796
11/16/2018,-0.551,1.236,0.807
11/19/2018,-0.555,1.255,0.832
11/20/2018,-0.562,1.236,0.814
11/21/2018,-0.553,1.244,0.822
11/22/2018,-0.553,1.252,0.82
11/23/2018,-0.557,1.226,0.792
11/26/2018,-0.546,1.241,0.805
11/27/2018,-0.556,1.23,0.792
11/28/2018,-0.558,1.232,0.792
11/29/2018,-0.567,1.207,0.763
11/30/2018,-0.566,1.184,0.756
12/3/2018,-0.562,1.196,0.764
12/4/2018,-0.564,1.162,0.736
12/5/2018,-0.558,1.174,0.745
12/6/2018,-0.573,1.155,0.724
12/7/2018,-0.551,1.161,0.734
12/10/2018,-0.539,1.139,0.728
12/11/2018,-0.553,1.153,0.742
12/12/2018,-0.528,1.157,0.752
12/13/2018,-0.546,1.173,0.759
12/14/2018,-0.566,1.164,0.738
12/17/2018,-0.552,1.183,0.756
12/18/2018,-0.556,1.161,0.735
12/19/2018,-0.563,1.191,0.756
12/20/2018,-0.554,1.175,0.742
12/21/2018,-0.56,1.198,0.764
12/24/2018,-0.566,1.198,0.764
12/25/2018,-0.566,1.198,0.764
12/26/2018,-0.566,1.198,0.764
12/27/2018,-0.576,1.198,0.761
12/28/2018,-0.564,1.206,0.768
12/31/2018,-0.571,1.206,0.768
1/1/2019,-0.571,1.206,0.768
1/2/2019,-0.552,1.152,0.708
1/3/2019,-0.553,1.155,0.709
1/4/2019,-0.538,1.193,0.753
1/7/2019,-0.525,1.22,0.78
1/8/2019,-0.519,1.216,0.78
1/9/2019,-0.528,1.189,0.76
1/10/2019,-0.539,1.154,0.72
1/11/2019,-0.533,1.15,0.712
1/14/2019,-0.548,1.131,0.69
1/15/2019,-0.567,1.117,0.671
1/16/2019,-0.552,1.132,0.684
1/17/2019,-0.542,1.137,0.688
1/18/2019,-0.537,1.148,0.701
1/21/2019,-0.539,1.143,0.697
1/22/2019,-0.54,1.124,0.686
1/23/2019,-0.533,1.105,0.671
1/24/2019,-0.53,1.058,0.62
1/25/2019,-0.532,1.059,0.632
1/28/2019,-0.535,1.076,0.644
1/29/2019,-0.528,1.082,0.649
1/30/2019,-0.521,1.073,0.636
1/31/2019,-0.518,1.032,0.597
2/1/2019,-0.527,1.048,0.609
2/4/2019,-0.518,1.047,0.612
2/5/2019,-0.514,1.042,0.607
2/6/2019,-0.506,1.029,0.595
2/7/2019,-0.459,1.081,0.704
2/8/2019,-0.455,1.08,0.692
2/11/2019,-0.449,1.1,0.708
2/12/2019,-0.44,1.11,0.712
2/13/2019,-0.442,1.104,0.697
2/14/2019,-0.444,1.09,0.676
2/15/2019,-0.437,1.087,0.674
2/18/2019,-0.44,1.094,0.677
2/19/2019,-0.441,1.075,0.66
2/20/2019,-0.443,1.048,0.645
2/21/2019,-0.428,1.058,0.664
2/22/2019,-0.437,1.036,0.639
2/25/2019,-0.431,1.047,0.645
2/26/2019,-0.432,1.05,0.65
2/27/2019,-0.42,1.062,0.671
2/28/2019,-0.412,1.077,0.686
3/1/2019,-0.404,1.089,0.696
3/4/2019,-0.41,1.076,0.682
3/5/2019,-0.407,1.081,0.688
3/6/2019,-0.427,1.043,0.639
3/7/2019,-0.467,0.977,0.551
3/8/2019,-0.457,0.95,0.536
3/11/2019,-0.459,0.962,0.538
3/12/2019,-0.463,0.975,0.542
3/13/2019,-0.467,0.969,0.529
3/14/2019,-0.462,0.963,0.535
3/15/2019,-0.458,0.946,0.529
3/18/2019,-0.452,0.931,0.522
3/19/2019,-0.449,0.928,0.532
3/20/2019,-0.448,0.928,0.526
3/21/2019,-0.477,0.872,0.476
3/22/2019,-0.494,0.811,0.437
3/25/2019,-0.491,0.808,0.442
3/26/2019,-0.482,0.818,0.451
3/27/2019,-0.524,0.765,0.393
3/28/2019,-0.512,0.774,0.401
3/29/2019,-0.513,0.792,0.409
4/1/2019,-0.502,0.85,0.462
4/2/2019,-0.515,0.831,0.439
4/3/2019,-0.493,0.88,0.483
4/4/2019,-0.494,0.851,0.457
4/5/2019,-0.49,0.843,0.453
4/8/2019,-0.492,0.858,0.468
4/9/2019,-0.496,0.844,0.448
4/10/2019,-0.512,0.842,0.423
4/11/2019,-0.504,0.846,0.429
4/12/2019,-0.48,0.902,0.491
4/15/2019,-0.473,0.933,0.513
4/16/2019,-0.481,0.937,0.512
4/17/2019,-0.482,0.936,0.516
4/18/2019,-0.494,0.886,0.462
4/19/2019,-0.494,0.886,0.462
4/22/2019,-0.494,0.886,0.462
4/23/2019,-0.486,0.91,0.49
4/24/2019,-0.51,0.858,0.444
4/25/2019,-0.515,0.888,0.468
4/26/2019,-0.526,0.86,0.444
4/29/2019,-0.515,0.868,0.455
4/30/2019,-0.528,0.854,0.448
5/1/2019,-0.528,0.854,0.448
5/2/2019,-0.519,0.869,0.464
5/3/2019,-0.512,0.86,0.458
5/6/2019,-0.515,0.85,0.444
5/7/2019,-0.519,0.827,0.415
5/8/2019,-0.524,0.828,0.42
5/9/2019,-0.521,0.844,0.436
5/10/2019,-0.514,0.85,0.438
5/13/2019,-0.518,0.836,0.433
5/14/2019,-0.519,0.832,0.428
5/15/2019,-0.529,0.806,0.404
5/16/2019,-0.53,0.796,0.396
5/17/2019,-0.535,0.784,0.382
5/20/2019,-0.53,0.809,0.406
5/21/2019,-0.518,0.832,0.42
5/22/2019,-0.535,0.811,0.4
5/23/2019,-0.546,0.79,0.374
5/24/2019,-0.549,0.788,0.372
5/27/2019,-0.561,0.77,0.357
5/28/2019,-0.562,0.754,0.34
5/29/2019,-0.569,0.716,0.311
5/30/2019,-0.572,0.721,0.316
5/31/2019,-0.592,0.684,0.286
6/3/2019,-0.577,0.65,0.261
6/4/2019,-0.578,0.617,0.238
6/5/2019,-0.597,0.593,0.217
6/6/2019,-0.585,0.554,0.184
6/7/2019,-0.606,0.512,0.158
6/10/2019,-0.59,0.581,0.206
6/11/2019,-0.591,0.557,0.187
6/12/2019,-0.597,0.548,0.178
6/13/2019,-0.586,0.548,0.178
6/14/2019,-0.607,0.512,0.157
6/17/2019,-0.602,0.53,0.171
6/18/2019,-0.669,0.441,0.084
6/19/2019,-0.639,0.48,0.123
6/20/2019,-0.673,0.417,0.078
6/21/2019,-0.659,0.456,0.114
6/24/2019,-0.671,0.427,0.092
6/25/2019,-0.673,0.398,0.062
6/26/2019,-0.663,0.42,0.086
6/27/2019,-0.663,0.403,0.068
6/28/2019,-0.678,0.407,0.063
7/1/2019,-0.688,0.374,0.022
7/2/2019,-0.681,0.373,0.012
7/3/2019,-0.683,0.294,-0.042
7/4/2019,-0.69,0.261,-0.066
7/5/2019,-0.674,0.292,-0.02
7/8/2019,-0.668,0.325,-0.001
7/9/2019,-0.659,0.351,0.018
7/10/2019,-0.654,0.393,0.056
7/11/2019,-0.648,0.437,0.09
7/12/2019,-0.641,0.49,0.134
7/15/2019,-0.654,0.433,0.084
7/16/2019,-0.649,0.419,0.076
7/17/2019,-0.667,0.368,0.025
7/18/2019,-0.67,0.349,0.005
7/19/2019,-0.685,0.338,-0.01
7/22/2019,-0.691,0.319,-0.024
7/23/2019,-0.693,0.322,-0.025
7/24/2019,-0.699,0.295,-0.054
7/25/2019,-0.69,0.302,-0.046
7/26/2019,-0.678,0.282,-0.06
7/29/2019,-0.684,0.251,-0.081
7/30/2019,-0.678,0.245,-0.083
7/31/2019,-0.698,0.193,-0.124
8/1/2019,-0.688,0.176,-0.124
8/2/2019,-0.702,0.102,-0.171
8/5/2019,-0.726,0.104,-0.171
8/6/2019,-0.731,0.074,-0.198
8/7/2019,-0.766,-0.005,-0.269
8/8/2019,-0.755,0.052,-0.236
8/9/2019,-0.759,0.072,-0.22
8/12/2019,-0.769,0.054,-0.237
8/13/2019,-0.766,0.012,-0.266
8/14/2019,-0.773,-0.051,-0.322
8/15/2019,-0.814,-0.125,-0.389
8/16/2019,-0.805,-0.099,-0.364
8/19/2019,-0.789,-0.021,-0.316
8/20/2019,-0.795,-0.058,-0.354
8/21/2019,-0.775,-0.047,-0.338
8/22/2019,-0.76,0.002,-0.299
8/23/2019,-0.793,-0.011,-0.32
8/26/2019,-0.798,-0.019,-0.322
8/27/2019,-0.805,-0.071,-0.357
8/28/2019,-0.814,-0.109,-0.375
8/29/2019,-0.825,-0.077,-0.349
8/30/2019,-0.833,-0.064,-0.347
9/2/2019,-0.829,-0.049,-0.342
9/3/2019,-0.821,-0.063,-0.349
9/4/2019,-0.804,-0.045,-0.334
9/5/2019,-0.78,0.063,-0.246
9/6/2019,-0.778,0.002,-0.295
9/9/2019,-0.762,0.094,-0.231
9/10/2019,-0.745,0.143,-0.191
9/11/2019,-0.748,0.117,-0.212
9/12/2019,-0.641,0.12,-0.187
9/13/2019,-0.646,0.194,-0.124
9/16/2019,-0.664,0.161,-0.154
9/17/2019,-0.649,0.185,-0.135
9/18/2019,-0.661,0.119,-0.183
9/19/2019,-0.651,0.117,-0.174
9/20/2019,-0.646,0.102,-0.181
9/23/2019,-0.665,0.012,-0.253
9/24/2019,-0.661,-0.012,-0.263
9/25/2019,-0.66,0.007,-0.241
9/26/2019,-0.669,-0.033,-0.268
9/27/2019,-0.69,-0.025,-0.264
9/30/2019,-0.685,-0.019,-0.259
10/1/2019,-0.692,0.011,-0.245
10/2/2019,-0.689,0.047,-0.215
10/3/2019,-0.707,0.009,-0.257
10/4/2019,-0.708,0.021,-0.251
10/7/2019,-0.696,0.027,-0.244
10/8/2019,-0.71,0.006,-0.27
10/9/2019,-0.682,0.043,-0.232
10/10/2019,-0.647,0.105,-0.157
10/11/2019,-0.66,0.124,-0.148
10/14/2019,-0.641,0.105,-0.165
10/15/2019,-0.63,0.132,-0.134
10/16/2019,-0.621,0.153,-0.109
10/17/2019,-0.62,0.136,-0.123
10/18/2019,-0.627,0.173,-0.086
10/21/2019,-0.623,0.215,-0.047
10/22/2019,-0.627,0.189,-0.07
10/23/2019,-0.635,0.152,-0.103
10/24/2019,-0.648,0.136,-0.124
10/25/2019,-0.636,0.186,-0.078
10/28/2019,-0.628,0.222,-0.039
10/29/2019,-0.618,0.202,-0.059
10/30/2019,-0.615,0.205,-0.062
10/31/2019,-0.646,0.158,-0.103
11/1/2019,-0.633,0.2,-0.074
11/4/2019,-0.633,0.232,-0.052
11/5/2019,-0.616,0.253,-0.024
11/6/2019,-0.621,0.225,-0.05
11/7/2019,-0.591,0.322,0.05
11/8/2019,-0.6,0.284,0.016
11/11/2019,-0.599,0.316,0.041
11/12/2019,-0.609,0.305,0.031
11/13/2019,-0.617,0.264,-0.003
11/14/2019,-0.632,0.232,-0.037
11/15/2019,-0.635,0.234,-0.039
11/18/2019,-0.629,0.22,-0.054
11/19/2019,-0.637,0.229,-0.05
11/20/2019,-0.637,0.222,-0.059
11/21/2019,-0.622,0.243,-0.04
11/22/2019,-0.636,0.215,-0.064
11/25/2019,-0.63,0.223,-0.056
11/26/2019,-0.633,0.204,-0.074
11/27/2019,-0.633,0.194,-0.074
11/28/2019,-0.63,0.203,-0.067
11/29/2019,-0.628,0.202,-0.068
12/2/2019,-0.613,0.278,0.005
12/3/2019,-0.637,0.212,-0.062
12/4/2019,-0.632,0.25,-0.031
12/5/2019,-0.626,0.275,-0.003
12/6/2019,-0.629,0.287,0.003
12/9/2019,-0.643,0.267,-0.021
12/10/2019,-0.644,0.279,-0.009
12/11/2019,-0.643,0.256,-0.035
12/12/2019,-0.636,0.3,0.011
12/13/2019,-0.634,0.26,-0.021
12/16/2019,-0.641,0.276,-0.009
12/17/2019,-0.644,0.26,-0.025
12/18/2019,-0.64,0.303,0.021
12/19/2019,-0.637,0.314,0.033
12/20/2019,-0.633,0.303,0.02
12/23/2019,-0.635,0.318,0.03
12/24/2019,-0.657,0.317,0.029
12/25/2019,-0.657,0.317,0.029
12/26/2019,-0.657,0.317,0.029
12/27/2019,-0.63,0.31,0.016
12/30/2019,-0.609,0.381,0.086
12/31/2019,-0.609,0.381,0.086
1/1/2020,-0.616,0.38,0.086
1/2/2020,-0.602,0.345,0.046
1/3/2020,-0.622,0.297,-0.004
1/6/2020,-0.624,0.3,-0.005
1/7/2020,-0.623,0.299,-0.004
1/8/2020,-0.605,0.333,0.026
1/9/2020,-0.593,0.341,0.043
1/10/2020,-0.598,0.316,0.02
1/13/2020,-0.591,0.367,0.064
1/14/2020,-0.584,0.349,0.054
1/15/2020,-0.586,0.318,0.027
1/16/2020,-0.583,0.309,0.017
1/17/2020,-0.578,0.311,0.022
1/20/2020,-0.574,0.303,0.017
1/21/2020,-0.566,0.267,-0.012
1/22/2020,-0.565,0.256,-0.024
1/23/2020,-0.582,0.202,-0.077
1/24/2020,-0.589,0.184,-0.097
1/27/2020,-0.606,0.128,-0.146
1/28/2020,-0.598,0.164,-0.105
1/29/2020,-0.602,0.121,-0.143
1/30/2020,-0.613,0.099,-0.165
1/31/2020,-0.619,0.078,-0.191
2/3/2020,-0.621,0.076,-0.193
2/4/2020,-0.603,0.119,-0.154
2/5/2020,-0.596,0.154,-0.12
2/6/2020,-0.593,0.145,-0.131
2/7/2020,-0.599,0.123,-0.152
2/10/2020,-0.598,0.094,-0.18
2/11/2020,-0.596,0.117,-0.16
2/12/2020,-0.598,0.11,-0.157
2/13/2020,-0.605,0.106,-0.162
2/14/2020,-0.615,0.096,-0.176
2/17/2020,-0.605,0.096,-0.175
2/18/2020,-0.599,0.091,-0.182
2/19/2020,-0.598,0.07,-0.197
2/20/2020,-0.602,0.029,-0.227
2/21/2020,-0.603,0.029,-0.211
2/24/2020,-0.63,0.004,-0.241
2/25/2020,-0.64,-0.013,-0.254
2/26/2020,-0.64,0.007,-0.169
2/27/2020,-0.645,-0.015,-0.192
2/28/2020,-0.651,-0.058,-0.224
3/2/2020,-0.701,-0.068,-0.232
3/3/2020,-0.701,-0.092,-0.253
3/4/2020,-0.723,-0.091,-0.258
3/5/2020,-0.722,-0.119,-0.288
3/6/2020,-0.698,-0.138,-0.291
3/9/2020,-0.746,-0.202,-0.332
3/10/2020,-0.72,-0.127,-0.246
3/11/2020,-0.75,-0.141,-0.26
3/12/2020,-0.672,0.077,-0.056
3/13/2020,-0.622,0.208,0.072
3/16/2020,-0.603,0.351,0.216
3/17/2020,-0.561,0.394,0.273
3/18/2020,-0.477,0.517,0.393
3/19/2020,-0.445,0.413,0.273
3/20/2020,-0.488,0.312,0.158
3/23/2020,-0.497,0.335,0.154
3/24/2020,-0.457,0.425,0.225
3/25/2020,-0.454,0.487,0.259
3/26/2020,-0.549,0.336,0.06
3/27/2020,-0.574,0.24,-0.015
3/30/2020,-0.528,0.263,0.012
3/31/2020,-0.497,0.296,0.052
4/1/2020,-0.465,0.297,0.073
4/2/2020,-0.455,0.318,0.114
4/3/2020,-0.463,0.343,0.142
4/6/2020,-0.449,0.347,0.136
4/7/2020,-0.419,0.443,0.246
4/8/2020,-0.407,0.435,0.241
4/9/2020,-0.457,0.363,0.176
4/10/2020,-0.456,0.363,0.176
4/13/2020,-0.456,0.363,0.176
4/14/2020,-0.46,0.363,0.172
4/15/2020,-0.457,0.305,0.127
4/16/2020,-0.454,0.291,0.111
4/17/2020,-0.465,0.294,0.104
4/20/2020,-0.432,0.347,0.16
4/21/2020,-0.437,0.348,0.168
4/22/2020,-0.415,0.406,0.235
4/23/2020,-0.442,0.346,0.179
4/24/2020,-0.478,0.287,0.113
4/27/2020,-0.45,0.283,0.104
4/28/2020,-0.476,0.281,0.083
4/29/2020,-0.509,0.242,0.041
4/30/2020,-0.554,0.18,-0.031
5/1/2020,-0.554,0.18,-0.031
5/4/2020,-0.537,0.243,0.017
5/5/2020,-0.558,0.242,0.008
5/6/2020,-0.502,0.319,0.079
5/7/2020,-0.527,0.292,0.046
5/8/2020,-0.538,0.29,0.037
5/11/2020,-0.498,0.32,0.067
5/12/2020,-0.475,0.294,0.049
5/13/2020,-0.497,0.265,0.028
5/14/2020,-0.492,0.277,0.037
5/15/2020,-0.472,0.297,0.056
5/18/2020,-0.453,0.32,0.073
5/19/2020,-0.492,0.286,0.049
5/20/2020,-0.505,0.259,0.03
5/21/2020,-0.517,0.246,0.007
5/22/2020,-0.509,0.271,0.032
5/25/2020,-0.508,0.267,0.023
5/26/2020,-0.488,0.304,0.068
5/27/2020,-0.501,0.278,0.051
5/28/2020,-0.506,0.228,-0.005
5/29/2020,-0.516,0.204,-0.021
6/1/2020,-0.505,0.27,0.031
6/2/2020,-0.492,0.243,0.009
6/3/2020,-0.482,0.296,0.063
6/4/2020,-0.478,0.3,0.054
6/5/2020,-0.493,0.325,0.072
6/8/2020,-0.516,0.278,0.032
6/9/2020,-0.503,0.295,0.061
6/10/2020,-0.502,0.286,0.06
6/11/2020,-0.525,0.219,-0.015
6/12/2020,-0.543,0.194,-0.049
6/15/2020,-0.536,0.203,-0.048
6/16/2020,-0.533,0.187,-0.059
6/17/2020,-0.538,0.191,-0.056
6/18/2020,-0.523,0.146,-0.075
6/19/2020,-0.547,0.121,-0.094
6/22/2020,-0.57,0.095,-0.124
6/23/2020,-0.566,0.13,-0.103
6/24/2020,-0.58,0.097,-0.123
6/25/2020,-0.587,0.073,-0.142
6/26/2020,-0.598,0.072,-0.15
6/29/2020,-0.593,0.079,-0.146
6/30/2020,-0.59,0.1,-0.13
7/1/2020,-0.569,0.152,-0.076
7/2/2020,-0.594,0.103,-0.127
7/3/2020,-0.587,0.105,-0.129
7/6/2020,-0.587,0.095,-0.138
7/7/2020,-0.573,0.082,-0.138
7/8/2020,-0.565,0.073,-0.144
7/9/2020,-0.575,0.057,-0.158
7/10/2020,-0.575,0.05,-0.16
7/13/2020,-0.559,0.099,-0.124
7/14/2020,-0.565,0.061,-0.154
7/15/2020,-0.58,0.055,-0.16
7/16/2020,-0.597,0.046,-0.175
7/17/2020,-0.582,0.061,-0.159
7/20/2020,-0.591,0.024,-0.183
7/21/2020,-0.59,0.032,-0.176
7/22/2020,-0.602,0.004,-0.201
7/23/2020,-0.593,0.003,-0.198
7/24/2020,-0.589,0.035,-0.169
7/27/2020,-0.603,-0.011,-0.212
7/28/2020,-0.61,-0.019,-0.219
7/29/2020,-0.604,0.001,-0.207
7/30/2020,-0.622,-0.035,-0.242
7/31/2020,-0.622,-0.007,-0.217
8/3/2020,-0.611,-0.023,-0.228
8/4/2020,-0.615,-0.066,-0.264
8/5/2020,-0.605,-0.031,-0.228
8/6/2020,-0.643,-0.016,-0.255
8/7/2020,-0.646,-0.012,-0.246
8/10/2020,-0.664,-0.03,-0.267
8/11/2020,-0.659,0.007,-0.231
8/12/2020,-0.643,0.039,-0.205
8/13/2020,-0.619,0.092,-0.154
8/14/2020,-0.62,0.093,-0.153
8/17/2020,-0.636,0.063,-0.183
8/18/2020,-0.634,0.054,-0.193
8/19/2020,-0.64,0.041,-0.211
8/20/2020,-0.643,0.015,-0.229
8/21/2020,-0.65,0.014,-0.235
8/24/2020,-0.642,0.024,-0.221
8/25/2020,-0.616,0.081,-0.167
8/26/2020,-0.616,0.086,-0.16
8/27/2020,-0.625,0.107,-0.148
8/28/2020,-0.634,0.103,-0.156
8/31/2020,-0.621,0.114,-0.141
9/1/2020,-0.639,0.093,-0.161
9/2/2020,-0.651,0.032,-0.219
9/3/2020,-0.667,0.016,-0.225
9/4/2020,-0.666,0.04,-0.207
9/7/2020,-0.651,0.045,-0.198
9/8/2020,-0.661,0.009,-0.229
9/9/2020,-0.658,0.041,-0.201
9/10/2020,-0.63,0.059,-0.174
9/11/2020,-0.653,0.016,-0.22
9/14/2020,-0.653,0.008,-0.235
9/15/2020,-0.655,-0.003,-0.244
9/16/2020,-0.656,-0.032,-0.257
9/17/2020,-0.662,-0.044,-0.269
9/18/2020,-0.654,-0.044,-0.261
9/21/2020,-0.681,-0.087,-0.295
9/22/2020,-0.678,-0.067,-0.281
9/23/2020,-0.679,-0.067,-0.284
9/24/2020,-0.675,-0.05,-0.267
9/25/2020,-0.685,-0.082,-0.294
9/28/2020,-0.68,-0.083,-0.298
9/29/2020,-0.685,-0.102,-0.317
9/30/2020,-0.674,-0.077,-0.294
10/1/2020,-0.685,-0.087,-0.309
10/2/2020,-0.693,-0.089,-0.312
10/5/2020,-0.683,-0.069,-0.293
10/6/2020,-0.691,-0.07,-0.297
10/7/2020,-0.679,-0.049,-0.281
10/8/2020,-0.691,-0.08,-0.308
10/9/2020,-0.697,-0.088,-0.317
10/12/2020,-0.714,-0.107,-0.334
10/13/2020,-0.718,-0.117,-0.344
10/14/2020,-0.722,-0.127,-0.356
10/15/2020,-0.733,-0.152,-0.372
10/16/2020,-0.732,-0.16,-0.386
10/19/2020,-0.736,-0.15,-0.38
10/20/2020,-0.726,-0.141,-0.366
10/21/2020,-0.729,-0.125,-0.35
10/22/2020,-0.726,-0.099,-0.327
10/23/2020,-0.726,-0.114,-0.341
10/26/2020,-0.729,-0.118,-0.348
10/27/2020,-0.745,-0.144,-0.374
10/28/2020,-0.74,-0.145,-0.375
10/29/2020,-0.763,-0.17,-0.403
10/30/2020,-0.75,-0.159,-0.389
11/2/2020,-0.761,-0.169,-0.397
11/3/2020,-0.759,-0.164,-0.386
11/4/2020,-0.766,-0.186,-0.409
11/5/2020,-0.761,-0.185,-0.41
11/6/2020,-0.755,-0.167,-0.4
11/9/2020,-0.714,-0.068,-0.306
11/10/2020,-0.701,-0.056,-0.288
11/11/2020,-0.71,-0.089,-0.311
11/12/2020,-0.714,-0.122,-0.339
11/13/2020,-0.717,-0.138,-0.355
11/16/2020,-0.712,-0.141,-0.356
11/17/2020,-0.716,-0.166,-0.38
11/18/2020,-0.716,-0.157,-0.371
11/19/2020,-0.722,-0.174,-0.383
11/20/2020,-0.734,-0.178,-0.393
11/23/2020,-0.735,-0.17,-0.391
11/24/2020,-0.729,-0.158,-0.376
11/25/2020,-0.73,-0.164,-0.379
11/26/2020,-0.736,-0.184,-0.397
11/27/2020,-0.735,-0.182,-0.394
11/30/2020,-0.726,-0.161,-0.375
12/1/2020,-0.71,-0.119,-0.335
12/2/2020,-0.716,-0.112,-0.332
12/3/2020,-0.728,-0.143,-0.363
12/4/2020,-0.732,-0.131,-0.355
12/7/2020,-0.75,-0.16,-0.383
12/8/2020,-0.775,-0.183,-0.409
12/9/2020,-0.776,-0.178,-0.408
12/10/2020,-0.762,-0.18,-0.409
12/11/2020,-0.774,-0.214,-0.436
12/14/2020,-0.773,-0.201,-0.424
12/15/2020,-0.757,-0.195,-0.42
12/16/2020,-0.732,-0.153,-0.377
12/17/2020,-0.732,-0.157,-0.381
12/18/2020,-0.732,-0.162,-0.385
12/21/2020,-0.719,-0.171,-0.394
12/22/2020,-0.716,-0.183,-0.402
12/23/2020,-0.686,-0.144,-0.362
12/24/2020,-0.693,-0.145,-0.362
12/25/2020,-0.693,-0.145,-0.362
12/28/2020,-0.698,-0.159,-0.382
12/29/2020,-0.728,-0.169,-0.395
12/30/2020,-0.712,-0.171,-0.387
12/31/2020,-0.719,-0.172,-0.388
1/1/2021,-0.719,-0.172,-0.388
1/4/2021,-0.716,-0.196,-0.415
1/5/2021,-0.715,-0.17,-0.384
1/6/2021,-0.705,-0.158,-0.366
1/7/2021,-0.706,-0.159,-0.368
1/8/2021,-0.705,-0.156,-0.364
1/11/2021,-0.688,-0.127,-0.34
1/12/2021,-0.673,-0.09,-0.308
1/13/2021,-0.697,-0.137,-0.356
1/14/2021,-0.721,-0.158,-0.379
1/15/2021,-0.713,-0.145,-0.366
1/18/2021,-0.7,-0.129,-0.35
1/19/2021,-0.693,-0.13,-0.348
1/20/2021,-0.693,-0.13,-0.349
1/21/2021,-0.685,-0.097,-0.315
1/22/2021,-0.683,-0.112,-0.33
1/25/2021,-0.699,-0.148,-0.367
1/26/2021,-0.695,-0.127,-0.355
1/27/2021,-0.714,-0.119,-0.361
1/28/2021,-0.715,-0.112,-0.359
1/29/2021,-0.707,-0.09,-0.336
2/1/2021,-0.703,-0.092,-0.331
2/2/2021,-0.7,-0.066,-0.306
2/3/2021,-0.699,-0.043,-0.293
2/4/2021,-0.699,-0.042,-0.292
2/5/2021,-0.703,-0.031,-0.275
2/8/2021,-0.696,-0.025,-0.277
2/9/2021,-0.697,-0.021,-0.272
2/10/2021,-0.699,-0.009,-0.259
2/11/2021,-0.706,-0.023,-0.28
2/12/2021,-0.698,0.017,-0.245
2/15/2021,-0.686,0.06,-0.201
2/16/2021,-0.684,0.097,-0.164
2/17/2021,-0.689,0.085,-0.177
2/18/2021,-0.673,0.131,-0.133
2/19/2021,-0.664,0.161,-0.106
2/22/2021,-0.672,0.126,-0.147
2/23/2021,-0.67,0.158,-0.114
2/24/2021,-0.663,0.182,-0.096
2/25/2021,-0.638,0.245,-0.028
2/26/2021,-0.656,0.196,-0.066
3/1/2021,-0.679,0.116,-0.156
3/2/2021,-0.686,0.11,-0.171
3/3/2021,-0.674,0.178,-0.105
3/4/2021,-0.68,0.158,-0.123
3/5/2021,-0.678,0.169,-0.109
3/8/2021,-0.658,0.183,0.018
3/9/2021,-0.662,0.157,-0.007
3/10/2021,-0.665,0.155,-0.007
3/11/2021,-0.681,0.134,-0.033
3/12/2021,-0.678,0.169,0.001
3/15/2021,-0.687,0.156,-0.024
3/16/2021,-0.687,0.162,-0.022
3/17/2021,-0.679,0.219,0.029
3/18/2021,-0.679,0.236,0.043
3/19/2021,-0.696,0.208,0.017
3/22/2021,-0.697,0.203,0.008
3/23/2021,-0.703,0.17,-0.024
3/24/2021,-0.712,0.15,-0.042
3/25/2021,-0.714,0.12,-0.07
3/26/2021,-0.708,0.152,-0.04
3/29/2021,-0.7,0.182,-0.009
3/30/2021,-0.677,0.206,0.018
3/31/2021,-0.67,0.201,0.012
4/1/2021,-0.684,0.169,-0.019
4/2/2021,-0.684,0.169,-0.019
4/5/2021,-0.684,0.169,-0.019
4/6/2021,-0.676,0.183,0
4/7/2021,-0.68,0.176,-0.006
4/8/2021,-0.69,0.171,-0.014
4/9/2021,-0.669,0.203,0.021
4/12/2021,-0.663,0.219,0.034
4/13/2021,-0.661,0.22,0.032
4/14/2021,-0.653,0.251,0.061
4/15/2021,-0.671,0.217,0.026
4/16/2021,-0.663,0.243,0.05
4/19/2021,-0.656,0.263,0.069
4/20/2021,-0.661,0.239,0.05
4/21/2021,-0.666,0.235,0.047
4/22/2021,-0.659,0.243,0.056
4/23/2021,-0.668,0.24,0.052
4/26/2021,-0.666,0.24,0.055
4/27/2021,-0.664,0.248,0.062
4/28/2021,-0.659,0.267,0.088
4/29/2021,-0.65,0.316,0.131
4/30/2021,-0.652,0.322,0.136
5/3/2021,-0.66,0.318,0.129
5/4/2021,-0.669,0.292,0.102
5/5/2021,-0.667,0.309,0.116
5/6/2021,-0.666,0.318,0.118
5/7/2021,-0.651,0.343,0.141
5/10/2021,-0.658,0.335,0.138
5/11/2021,-0.639,0.385,0.19
5/12/2021,-0.63,0.423,0.23
5/13/2021,-0.628,0.432,0.241
5/14/2021,-0.633,0.424,0.233
5/17/2021,-0.63,0.448,0.257
5/18/2021,-0.627,0.455,0.265
5/19/2021,-0.628,0.445,0.258
5/20/2021,-0.634,0.417,0.235
5/21/2021,-0.642,0.396,0.218
5/24/2021,-0.646,0.389,0.209
5/25/2021,-0.659,0.352,0.172
5/26/2021,-0.671,0.309,0.13
5/27/2021,-0.661,0.34,0.156
5/28/2021,-0.667,0.329,0.143
5/31/2021,-0.667,0.322,0.134
6/1/2021,-0.662,0.329,0.144
6/2/2021,-0.668,0.305,0.126
6/3/2021,-0.668,0.317,0.143
6/4/2021,-0.668,0.295,0.122
6/7/2021,-0.666,0.312,0.143
6/8/2021,-0.67,0.281,0.112
6/9/2021,-0.676,0.263,0.093
6/10/2021,-0.685,0.262,0.086
6/11/2021,-0.686,0.243,0.065
6/14/2021,-0.679,0.271,0.091
6/15/2021,-0.67,0.287,0.112
6/16/2021,-0.672,0.275,0.099
6/17/2021,-0.662,0.29,0.121
6/18/2021,-0.661,0.293,0.131
6/21/2021,-0.652,0.302,0.137
6/22/2021,-0.652,0.307,0.142
6/23/2021,-0.661,0.292,0.126
6/24/2021,-0.663,0.281,0.116
6/25/2021,-0.651,0.33,0.164
6/28/2021,-0.667,0.29,0.125
6/29/2021,-0.662,0.304,0.142
6/30/2021,-0.671,0.257,0.1
7/1/2021,-0.674,0.254,0.099
7/2/2021,-0.681,0.22,0.062
7/5/2021,-0.674,0.245,0.088
7/6/2021,-0.688,0.182,0.03
7/7/2021,-0.688,0.143,0.001
7/8/2021,-0.693,0.143,0.005
7/9/2021,-0.687,0.159,0.015
7/12/2021,-0.685,0.159,0.013
7/13/2021,-0.68,0.153,0.009
7/14/2021,-0.691,0.127,-0.015
7/15/2021,-0.692,0.105,-0.033
7/16/2021,-0.698,0.088,-0.049
7/19/2021,-0.707,0.067,-0.066
7/20/2021,-0.726,0.05,-0.085
7/21/2021,-0.727,0.072,-0.069
7/22/2021,-0.731,0.038,-0.11
7/23/2021,-0.736,0.035,-0.113
7/26/2021,-0.734,0.052,-0.101
7/27/2021,-0.743,0.043,-0.111
7/28/2021,-0.751,0.052,-0.107
7/29/2021,-0.751,0.044,-0.115
7/30/2021,-0.748,0.036,-0.122
8/2/2021,-0.755,0.01,-0.154
8/3/2021,-0.746,0.016,-0.147
8/4/2021,-0.755,-0.001,-0.163
8/5/2021,-0.749,-0.015,-0.172
8/6/2021,-0.732,0.021,-0.133
8/9/2021,-0.725,0.011,-0.142
8/10/2021,-0.727,0.001,-0.145
8/11/2021,-0.728,0.01,-0.142
8/12/2021,-0.732,0.012,-0.142
8/13/2021,-0.724,0.009,-0.139
8/16/2021,-0.724,0.017,-0.136
8/17/2021,-0.725,0.012,-0.138
8/18/2021,-0.733,0.001,-0.152
8/19/2021,-0.735,-0.014,-0.164
8/20/2021,-0.738,-0.024,-0.171
8/23/2021,-0.739,-0.013,-0.157
8/24/2021,-0.734,-0.008,-0.154
8/25/2021,-0.72,0.062,-0.09
8/26/2021,-0.72,0.081,-0.07
8/27/2021,-0.725,0.066,-0.087
8/30/2021,-0.723,0.047,-0.105
8/31/2021,-0.704,0.099,-0.053
9/1/2021,-0.708,0.107,-0.05
9/2/2021,-0.714,0.094,-0.063
9/3/2021,-0.702,0.107,-0.046
9/6/2021,-0.703,0.096,-0.053
9/7/2021,-0.692,0.143,-0.003
9/8/2021,-0.69,0.138,-0.009
9/9/2021,-0.705,0.088,-0.056
9/10/2021,-0.701,0.12,-0.023
9/13/2021,-0.704,0.125,-0.022
9/14/2021,-0.708,0.111,-0.036
9/15/2021,-0.707,0.152,0.004
9/16/2021,-0.708,0.16,0.003
9/17/2021,-0.706,0.181,0.022
9/20/2021,-0.72,0.155,-0.004
9/21/2021,-0.715,0.154,-0.007
9/22/2021,-0.712,0.144,-0.016
9/23/2021,-0.698,0.207,0.05
9/24/2021,-0.702,0.244,0.084
9/27/2021,-0.697,0.249,0.091
9/28/2021,-0.699,0.271,0.117
9/29/2021,-0.694,0.262,0.106
9/30/2021,-0.695,0.278,0.121
10/1/2021,-0.711,0.248,0.09
10/4/2021,-0.717,0.268,0.101
10/5/2021,-0.709,0.292,0.124
10/6/2021,-0.707,0.303,0.137
10/7/2021,-0.722,0.293,0.126
10/8/2021,-0.712,0.325,0.162
10/11/2021,-0.703,0.347,0.186
10/12/2021,-0.686,0.375,0.215
10/13/2021,-0.691,0.322,0.172
10/14/2021,-0.723,0.259,0.109
10/15/2021,-0.707,0.286,0.136
10/18/2021,-0.667,0.294,0.159
10/19/2021,-0.663,0.338,0.2
10/20/2021,-0.694,0.315,0.172
10/21/2021,-0.681,0.329,0.197
10/22/2021,-0.677,0.326,0.205
10/25/2021,-0.696,0.32,0.19
10/26/2021,-0.687,0.32,0.193
10/27/2021,-0.666,0.257,0.134
10/28/2021,-0.645,0.304,0.18
10/29/2021,-0.617,0.352,0.238
11/1/2021,-0.646,0.351,0.23
11/2/2021,-0.698,0.287,0.147
11/3/2021,-0.699,0.275,0.137
11/4/2021,-0.775,0.234,0.078
11/5/2021,-0.792,0.178,0.028
11/8/2021,-0.78,0.221,0.066
11/9/2021,-0.797,0.162,0.015
11/10/2021,-0.712,0.229,0.08
11/11/2021,-0.73,0.239,0.092
11/12/2021,-0.778,0.216,0.062
11/15/2021,-0.736,0.242,0.088
11/16/2021,-0.791,0.241,0.08
11/17/2021,-0.784,0.25,0.087
11/18/2021,-0.781,0.203,0.049
11/19/2021,-0.779,0.156,-0.002
11/22/2021,-0.77,0.198,0.039
11/23/2021,-0.784,0.285,0.124
11/24/2021,-0.797,0.288,0.123
11/25/2021,-0.786,0.263,0.099
11/26/2021,-0.79,0.195,0.025
11/29/2021,-0.786,0.203,0.037
11/30/2021,-0.775,0.142,-0.005
12/1/2021,-0.751,0.151,0.005
12/2/2021,-0.766,0.126,-0.02
12/3/2021,-0.771,0.104,-0.048
12/6/2021,-0.754,0.104,-0.048
12/7/2021,-0.739,0.102,-0.039
12/8/2021,-0.716,0.165,0.027
12/9/2021,-0.72,0.128,-0.02
12/10/2021,-0.71,0.13,-0.019
12/13/2021,-0.708,0.091,-0.047
12/14/2021,-0.69,0.108,-0.027
12/15/2021,-0.679,0.109,-0.028
12/16/2021,-0.675,0.136,-0.005
12/17/2021,-0.686,0.106,-0.038
12/20/2021,-0.694,0.12,-0.028
12/21/2021,-0.683,0.196,0.046
12/22/2021,-0.695,0.209,0.06
12/23/2021,-0.677,0.258,0.106
12/24/2021,-0.682,0.258,0.106
12/27/2021,-0.659,0.265,0.112
12/28/2021,-0.657,0.261,0.113
12/29/2021,-0.645,0.325,0.178
12/30/2021,-0.657,0.325,0.18
12/31/2021,-0.662,0.324,0.181
1/3/2022,-0.628,0.369,0.225
1/4/2022,-0.652,0.364,0.225
1/5/2022,-0.659,0.351,0.216
1/6/2022,-0.661,0.385,0.251
1/7/2022,-0.642,0.401,0.276
1/10/2022,-0.646,0.394,0.276
1/11/2022,-0.636,0.404,0.289
1/12/2022,-0.653,0.373,0.254
1/13/2022,-0.668,0.337,0.219
1/14/2022,-0.647,0.387,0.263
1/17/2022,-0.646,0.413,0.286
1/18/2022,-0.647,0.425,0.289
1/19/2022,-0.647,0.433,0.298
1/20/2022,-0.656,0.412,0.277
1/21/2022,-0.669,0.382,0.254
1/24/2022,-0.686,0.358,0.229
1/25/2022,-0.685,0.391,0.257
1/26/2022,-0.675,0.405,0.261
1/27/2022,-0.662,0.407,0.27
1/28/2022,-0.657,0.424,0.289
1/31/2022,-0.611,0.476,0.346
2/1/2022,-0.607,0.505,0.369
2/2/2022,-0.604,0.497,0.366
2/3/2022,-0.503,0.593,0.497
2/4/2022,-0.426,0.643,0.571
2/7/2022,-0.425,0.675,0.596
2/8/2022,-0.426,0.732,0.649
2/9/2022,-0.46,0.682,0.593
2/10/2022,-0.436,0.765,0.68
2/11/2022,-0.421,0.787,0.702
2/14/2022,-0.439,0.787,0.697
2/15/2022,-0.435,0.825,0.723
2/16/2022,-0.454,0.824,0.693
2/17/2022,-0.493,0.786,0.642
2/18/2022,-0.509,0.771,0.625
2/21/2022,-0.501,0.801,0.654
2/22/2022,-0.504,0.822,0.672
2/23/2022,-0.5,0.822,0.671
2/24/2022,-0.55,0.765,0.602
2/25/2022,-0.521,0.8,0.642
2/28/2022,-0.602,0.722,0.547
3/1/2022,-0.69,0.534,0.313
3/2/2022,-0.606,0.667,0.451
3/3/2022,-0.599,0.682,0.462
3/4/2022,-0.66,0.637,0.416
3/7/2022,-0.632,0.657,0.442
3/8/2022,-0.585,0.746,0.528
3/9/2022,-0.492,0.846,0.629
3/10/2022,-0.193,1.038,0.807
3/11/2022,-0.206,1.003,0.786
3/14/2022,-0.144,1.121,0.897
3/15/2022,-0.205,1.123,0.869
3/16/2022,-0.137,1.155,0.903
3/17/2022,-0.167,1.124,0.888
3/18/2022,-0.17,1.113,0.872
3/21/2022,-0.111,1.203,0.956
3/22/2022,-0.07,1.246,0.981
3/23/2022,-0.061,1.236,0.956
3/24/2022,-0.023,1.257,1
3/25/2022,0.035,1.276,1.039
3/28/2022,0.051,1.258,1.031
3/29/2022,0.103,1.288,1.089
3/30/2022,0.151,1.307,1.117
3/31/2022,0.085,1.237,1.021
4/1/2022,0.111,1.267,1.049
4/4/2022,0.11,1.234,1.018
4/5/2022,0.189,1.366,1.163
4/6/2022,0.175,1.402,1.191
4/7/2022,0.191,1.432,1.235
4/8/2022,0.225,1.417,1.25
4/11/2022,0.295,1.488,1.319
4/12/2022,0.252,1.514,1.312
4/13/2022,0.236,1.51,1.279
4/14/2022,0.227,1.612,1.35
4/15/2022,0.227,1.612,1.35
4/18/2022,0.227,1.612,1.35
4/19/2022,0.233,1.68,1.41
4/20/2022,0.223,1.61,1.37
4/21/2022,0.348,1.684,1.446
4/22/2022,0.431,1.699,1.472
4/25/2022,0.307,1.629,1.361
4/26/2022,0.31,1.628,1.36
4/27/2022,0.274,1.628,1.354
4/28/2022,0.374,1.713,1.452
4/29/2022,0.438,1.774,1.51
5/2/2022,0.434,1.818,1.548
5/3/2022,0.457,1.811,1.542
5/4/2022,0.456,1.813,1.56
5/5/2022,0.478,1.893,1.632
5/6/2022,0.533,1.963,1.715
5/9/2022,0.479,1.951,1.69
5/10/2022,0.4,1.864,1.593
5/11/2022,0.373,1.844,1.556
5/12/2022,0.269,1.744,1.418
5/13/2022,0.334,1.842,1.521
5/16/2022,0.357,1.836,1.518
5/17/2022,0.468,1.913,1.618
5/18/2022,0.498,1.876,1.598
5/19/2022,0.493,1.805,1.524
5/20/2022,0.476,1.843,1.539
5/23/2022,0.546,1.914,1.613
5/24/2022,0.505,1.891,1.573
5/25/2022,0.47,1.883,1.557
5/26/2022,0.476,1.924,1.593
5/27/2022,0.475,1.884,1.555
5/30/2022,0.562,1.935,1.64
5/31/2022,0.618,1.984,1.709
6/1/2022,0.694,2.059,1.78
6/2/2022,0.738,2.104,1.837
6/3/2022,0.777,2.143,1.879
6/6/2022,0.809,2.196,1.927
6/7/2022,0.808,2.147,1.89
6/8/2022,0.846,2.189,1.959
6/9/2022,0.969,2.235,2.049
6/10/2022,1.119,2.327,2.168
6/13/2022,1.301,2.452,2.328
6/14/2022,1.397,2.622,2.471
6/15/2022,1.248,2.494,2.306
6/16/2022,1.327,2.535,2.348
6/17/2022,1.242,2.519,2.294
6/20/2022,1.302,2.64,2.398
6/21/2022,1.306,2.667,2.408
6/22/2022,1.202,2.523,2.256
6/23/2022,0.972,2.374,2.055
6/24/2022,0.961,2.373,2.053
6/27/2022,1.042,2.461,2.16
6/28/2022,1.11,2.56,2.257
6/29/2022,0.99,2.467,2.154
6/30/2022,0.809,2.342,2.006
7/1/2022,0.654,2.249,1.887
7/4/2022,0.759,2.368,2.012
7/5/2022,0.578,2.244,1.877
7/6/2022,0.501,2.247,1.856
7/7/2022,0.621,2.337,1.955
7/8/2022,0.61,2.387,1.977
7/11/2022,0.535,2.323,1.877
7/12/2022,0.433,2.185,1.75
7/13/2022,0.506,2.177,1.762
7/14/2022,0.576,2.205,1.8
7/15/2022,0.543,2.182,1.764
7/18/2022,0.597,2.252,1.838
7/19/2022,0.693,2.268,1.871
7/20/2022,0.686,2.263,1.861
7/21/2022,0.783,2.226,1.846
7/22/2022,0.548,2.055,1.651
7/25/2022,0.502,2.043,1.642
7/26/2022,0.427,1.953,1.551
7/27/2022,0.491,1.96,1.567
7/28/2022,0.337,1.84,1.432
7/29/2022,0.329,1.79,1.411
8/1/2022,0.311,1.755,1.379
8/2/2022,0.389,1.787,1.434
8/3/2022,0.431,1.807,1.469
8/4/2022,0.39,1.737,1.384
8/5/2022,0.516,1.864,1.523
8/8/2022,0.501,1.829,1.473
8/9/2022,0.535,1.862,1.503
8/10/2022,0.518,1.861,1.489
8/11/2022,0.555,1.945,1.569
8/12/2022,0.607,1.961,1.578
8/15/2022,0.561,1.882,1.495
8/16/2022,0.627,1.959,1.571
8/17/2022,0.764,2.05,1.697
8/18/2022,0.791,2.058,1.716
8/19/2022,0.877,2.184,1.846
8/22/2022,0.934,2.255,1.921
8/23/2022,0.921,2.278,1.939
8/24/2022,0.972,2.33,2.001
8/25/2022,0.92,2.311,1.948
8/26/2022,1.027,2.382,2.035
8/29/2022,1.159,2.479,2.149
8/30/2022,1.209,2.477,2.152
8/31/2022,1.247,2.488,2.174
9/1/2022,1.251,2.538,2.203
9/2/2022,1.194,2.527,2.181
9/5/2022,1.21,2.581,2.242
9/6/2022,1.191,2.601,2.275
9/7/2022,1.22,2.526,2.196
9/8/2022,1.411,2.616,2.312
9/9/2022,1.411,2.666,2.344
9/12/2022,1.391,2.625,2.296
9/13/2022,1.456,2.668,2.342
9/14/2022,1.484,2.629,2.318
9/15/2022,1.565,2.643,2.356
9/16/2022,1.594,2.636,2.338
9/19/2022,1.648,2.676,2.388
9/20/2022,1.777,2.784,2.51
9/21/2022,1.877,2.73,2.482
9/22/2022,1.89,2.773,2.563
9/23/2022,1.966,2.829,2.639
9/26/2022,2.005,2.942,2.755
9/27/2022,2.02,3.082,2.876
9/28/2022,1.875,2.994,2.763
9/29/2022,1.855,3.176,2.848
9/30/2022,1.795,3.075,2.767
10/3/2022,1.668,2.863,2.563
10/4/2022,1.618,2.828,2.512
10/5/2022,1.722,2.989,2.687
10/6/2022,1.794,3.008,2.732
10/7/2022,1.881,3.125,2.847
10/10/2022,1.983,3.246,2.961
10/11/2022,1.906,3.236,2.933
10/12/2022,1.888,3.293,2.966
10/13/2022,1.968,3.251,2.933
10/14/2022,1.997,3.381,2.999
10/17/2022,2.023,3.303,2.915
10/18/2022,2.04,3.312,2.922
10/19/2022,2.111,3.342,3.013
10/20/2022,2.13,3.341,3.023
10/21/2022,2.085,3.357,3.025
10/24/2022,2.039,3.25,2.913
10/25/2022,2.035,3.093,2.765
10/26/2022,2.027,3.05,2.717
10/27/2022,1.83,2.887,2.531
10/28/2022,1.966,2.996,2.675
10/31/2022,1.976,3.069,2.729
11/1/2022,1.99,3.077,2.724
11/2/2022,2.021,3.046,2.727
11/3/2022,2.116,3.105,2.829
11/4/2022,2.15,3.159,2.882
11/7/2022,2.204,3.168,2.905
11/8/2022,2.187,3.108,2.85
11/9/2022,2.134,3.032,2.755
11/10/2022,2.036,2.887,2.572
11/11/2022,2.154,3.048,2.733
11/14/2022,2.144,3.049,2.724
11/15/2022,2.149,2.99,2.669
11/16/2022,2.06,2.87,2.551
11/17/2022,2.104,2.869,2.565
11/18/2022,2.057,2.854,2.551
11/21/2022,2.06,2.825,2.536
11/22/2022,2.043,2.808,2.529
11/23/2022,2.067,2.717,2.471
11/24/2022,2.063,2.639,2.396
11/25/2022,2.167,2.754,2.538
11/28/2022,2.178,2.774,2.562
11/29/2022,2.093,2.704,2.491
11/30/2022,2.122,2.711,2.495
12/1/2022,2.022,2.6,2.359
12/2/2022,2.087,2.618,2.407
12/5/2022,2.134,2.624,2.447
12/6/2022,2.094,2.579,2.399
12/7/2022,2.066,2.562,2.347
12/8/2022,2.1,2.58,2.383
12/9/2022,2.196,2.696,2.521
12/12/2022,2.228,2.68,2.527
12/13/2022,2.173,2.679,2.503
12/14/2022,2.157,2.73,2.529
12/15/2022,2.358,2.862,2.689
12/16/2022,2.424,2.963,2.786
12/19/2022,2.459,3.007,2.835
12/20/2022,2.527,3.125,2.936
12/21/2022,2.546,3.123,2.935
12/22/2022,2.565,3.171,2.998
12/23/2022,2.588,3.194,3.031
12/26/2022,2.588,3.194,3.031
12/27/2022,2.672,3.331,3.153
12/28/2022,2.641,3.317,3.139
12/29/2022,2.622,3.251,3.063
12/30/2022,2.722,3.407,3.209
1/2/2023,2.679,3.271,3.074
1/3/2023,2.672,3.21,3.02
1/4/2023,2.599,3.079,2.885
1/5/2023,2.659,3.139,2.931
1/6/2023,2.598,3.057,2.828
1/9/2023,2.627,3.089,2.839
1/10/2023,2.674,3.148,2.89
1/11/2023,2.617,3.009,2.739
1/12/2023,2.578,2.948,2.681
1/13/2023,2.588,2.984,2.708
1/16/2023,2.566,2.98,2.716
1/17/2023,2.431,2.887,2.622
1/18/2023,2.428,2.774,2.531
1/19/2023,2.489,2.794,2.567
1/20/2023,2.544,2.958,2.708
1/23/2023,2.557,3.006,2.754
1/24/2023,2.511,2.921,2.691
1/25/2023,2.501,2.938,2.697
1/26/2023,2.549,3.02,2.774
1/27/2023,2.558,3.043,2.806
1/30/2023,2.654,3.112,2.895
1/31/2023,2.628,3.079,2.851
2/1/2023,2.655,3.088,2.847
2/2/2023,2.496,2.886,2.607
2/3/2023,2.536,3.013,2.736
2/6/2023,2.596,3.091,2.843
2/7/2023,2.652,3.112,2.892
2/8/2023,2.699,3.138,2.91
2/9/2023,2.708,3.075,2.845
2/10/2023,2.773,3.138,2.913
2/13/2023,2.791,3.115,2.914
2/14/2023,2.869,3.175,2.986
2/15/2023,2.909,3.25,3.032
2/16/2023,2.933,3.25,3.04
2/17/2023,2.91,3.226,3.009
2/20/2023,2.95,3.245,3.035
2/21/2023,3.009,3.328,3.121
2/22/2023,2.988,3.34,3.111
2/23/2023,2.975,3.287,3.066
2/24/2023,3.039,3.348,3.129
2/27/2023,3.106,3.409,3.165
2/28/2023,3.148,3.48,3.231
3/1/2023,3.206,3.533,3.29
3/2/2023,3.243,3.56,3.329
3/3/2023,3.236,3.513,3.295
3/6/2023,3.326,3.534,3.333
3/7/2023,3.304,3.481,3.286
3/8/2023,3.338,3.424,3.241
3/9/2023,3.293,3.434,3.234
3/10/2023,3.159,3.311,3.106
3/13/2023,2.806,3.123,2.899
3/14/2023,2.953,3.259,3.052
3/15/2023,2.467,3.019,2.794
3/16/2023,2.683,3.166,2.941
3/17/2023,2.521,3.017,2.774
3/20/2023,2.484,3.009,2.753
3/21/2023,2.734,3.164,2.925
3/22/2023,2.727,3.186,3.02
3/23/2023,2.564,3.085,2.891
3/24/2023,2.441,3.031,2.824
3/27/2023,2.557,3.122,2.902
3/28/2023,2.612,3.193,2.967
3/29/2023,2.647,3.201,2.99
3/30/2023,2.732,3.243,3.041
3/31/2023,2.673,3.165,2.952
4/3/2023,2.665,3.113,2.914
4/4/2023,2.611,3.136,2.925
4/5/2023,2.534,3.074,2.856
4/6/2023,2.557,3.092,2.87
4/7/2023,2.557,3.092,2.87
4/10/2023,2.557,3.092,2.87
4/11/2023,2.694,3.192,3.002
4/12/2023,2.795,3.226,3.047
4/13/2023,2.769,3.245,3.054
4/14/2023,2.877,3.294,3.111
4/17/2023,2.895,3.324,3.135
4/18/2023,2.901,3.325,3.142
4/19/2023,2.957,3.362,3.185
4/20/2023,2.889,3.318,3.122
4/21/2023,2.923,3.352,3.162
4/24/2023,2.973,3.371,3.184
4/25/2023,2.845,3.257,3.063
4/26/2023,2.796,3.281,3.078
4/27/2023,2.869,3.35,3.145
4/28/2023,2.734,3.213,3.001
5/1/2023,2.734,3.213,3.001
5/2/2023,2.671,3.167,2.958
5/3/2023,2.688,3.149,2.935
5/4/2023,2.542,3.135,2.898
5/5/2023,2.627,3.22,2.991
5/8/2023,2.67,3.241,3.023
5/9/2023,2.693,3.289,3.061
5/10/2023,2.631,3.222,2.989
5/11/2023,2.621,3.152,2.925
5/12/2023,2.663,3.214,2.98
5/15/2023,2.667,3.245,3.008
5/16/2023,2.724,3.294,3.062
5/17/2023,2.776,3.272,3.042
5/18/2023,2.839,3.395,3.154
5/19/2023,2.844,3.362,3.125
5/22/2023,2.876,3.388,3.154
5/23/2023,2.892,3.399,3.166
5/24/2023,2.922,3.402,3.177
5/25/2023,2.978,3.445,3.227
5/26/2023,3.007,3.456,3.23
5/29/2023,2.946,3.353,3.121
5/30/2023,2.847,3.256,3.027
5/31/2023,2.783,3.206,2.968
6/1/2023,2.767,3.187,2.936
6/2/2023,2.853,3.216,2.988
6/5/2023,2.942,3.268,3.053
6/6/2023,2.897,3.269,3.04
6/7/2023,2.996,3.354,3.138
6/8/2023,2.951,3.295,3.079
6/9/2023,2.96,3.259,3.047
6/12/2023,2.964,3.267,3.043
6/13/2023,3.012,3.289,3.079
6/14/2023,3.038,3.322,3.111
6/15/2023,3.142,3.339,3.153
6/16/2023,3.11,3.272,3.098
6/19/2023,3.17,3.327,3.149
6/20/2023,3.127,3.222,3.042
6/21/2023,3.156,3.242,3.081
6/22/2023,3.233,3.292,3.149
6/23/2023,3.134,3.167,3.007
6/26/2023,3.109,3.132,2.967
6/27/2023,3.173,3.165,3.01
6/28/2023,3.125,3.131,2.973
6/29/2023,3.218,3.22,3.077
6/30/2023,3.218,3.186,3.053
7/3/2023,3.28,3.212,3.098
7/4/2023,3.245,3.248,3.12
7/5/2023,3.26,3.272,3.138
7/6/2023,3.331,3.414,3.302
7/7/2023,3.293,3.425,3.299
7/10/2023,3.337,3.425,3.307
7/11/2023,3.368,3.446,3.323
7/12/2023,3.294,3.348,3.206
7/13/2023,3.228,3.278,3.123
7/14/2023,3.277,3.308,3.157
7/17/2023,3.26,3.28,3.127
7/18/2023,3.178,3.189,3.03
7/19/2023,3.219,3.245,3.085
7/20/2023,3.263,3.29,3.134
7/21/2023,3.247,3.269,3.113
7/24/2023,3.215,3.232,3.066
7/25/2023,3.222,3.237,3.073
7/26/2023,3.285,3.296,3.13
7/27/2023,3.241,3.283,3.114
7/28/2023,3.216,3.321,3.142
7/31/2023,3.203,3.316,3.13
8/1/2023,3.228,3.396,3.2
8/2/2023,3.184,3.387,3.185
8/3/2023,3.196,3.444,3.247
8/4/2023,3.193,3.392,3.204
8/7/2023,3.172,3.44,3.248
8/8/2023,3.11,3.306,3.114
8/9/2023,3.141,3.337,3.147
8/10/2023,3.152,3.436,3.176
8/11/2023,3.214,3.527,3.273
8/14/2023,3.236,3.54,3.292
8/15/2023,3.28,3.583,3.333
8/16/2023,3.247,3.554,3.314
8/17/2023,3.268,3.61,3.367
8/18/2023,3.204,3.534,3.279
8/21/2023,3.275,3.603,3.353
8/22/2023,3.245,3.531,3.286
8/23/2023,3.14,3.411,3.159
8/24/2023,3.133,3.415,3.159
8/25/2023,3.193,3.462,3.2
8/28/2023,3.23,3.461,3.196
8/29/2023,3.213,3.405,3.135
8/30/2023,3.238,3.429,3.172
8/31/2023,3.108,3.348,3.084
9/1/2023,3.116,3.444,3.171
9/4/2023,3.142,3.446,3.19
9/5/2023,3.204,3.496,3.228
9/6/2023,3.268,3.528,3.285
9/7/2023,3.243,3.49,3.242
9/8/2023,3.253,3.49,3.245
9/11/2023,3.273,3.525,3.277
9/12/2023,3.309,3.524,3.285
9/13/2023,3.351,3.51,3.293
9/14/2023,3.335,3.451,3.221
9/15/2023,3.391,3.552,3.314
9/18/2023,3.426,3.58,3.341
9/19/2023,3.461,3.606,3.37
9/20/2023,3.433,3.561,3.325
9/21/2023,3.429,3.595,3.365
9/22/2023,3.447,3.614,3.376
9/25/2023,3.427,3.695,3.433
9/26/2023,3.441,3.717,3.452
9/27/2023,3.439,3.757,3.492
9/28/2023,3.467,3.837,3.586
9/29/2023,3.396,3.759,3.494
10/2/2023,3.414,3.843,3.57
10/3/2023,3.393,3.917,3.628
10/4/2023,3.353,3.866,3.582
10/5/2023,3.328,3.862,3.559
10/6/2023,3.335,3.872,3.569
10/9/2023,3.277,3.766,3.459
10/10/2023,3.3,3.744,3.43
10/11/2023,3.319,3.663,3.371
10/12/2023,3.365,3.739,3.45
10/13/2023,3.346,3.708,3.415
10/16/2023,3.368,3.751,3.454
10/17/2023,3.451,3.84,3.551
10/18/2023,3.468,3.897,3.6
10/19/2023,3.444,3.888,3.596
10/20/2023,3.382,3.858,3.547
10/23/2023,3.383,3.823,3.516
10/24/2023,3.341,3.811,3.488
10/25/2023,3.366,3.898,3.559
10/26/2023,3.319,3.879,3.53
10/27/2023,3.269,3.849,3.489
10/30/2023,3.223,3.825,3.467
10/31/2023,3.235,3.815,3.457
11/1/2023,3.207,3.78,3.412
11/2/2023,3.211,3.717,3.353
11/3/2023,3.185,3.627,3.27
11/6/2023,3.22,3.721,3.375
11/7/2023,3.197,3.624,3.293
11/8/2023,3.2,3.56,3.244
11/9/2023,3.219,3.604,3.273
11/10/2023,3.274,3.649,3.332
11/13/2023,3.281,3.63,3.321
11/14/2023,3.19,3.504,3.19
11/15/2023,3.231,3.555,3.242
11/16/2023,3.196,3.505,3.194
11/17/2023,3.179,3.503,3.191
11/20/2023,3.239,3.514,3.208
11/21/2023,3.206,3.468,3.167
11/22/2023,3.022,3.452,3.161
11/23/2023,3.055,3.515,3.229
11/24/2023,3.086,3.53,3.245
11/27/2023,2.989,3.448,3.15
11/28/2023,2.942,3.419,3.105
11/29/2023,2.859,3.359,3.039
11/30/2023,2.864,3.37,3.061
12/1/2023,2.737,3.28,2.961
12/4/2023,2.748,3.261,2.965
12/5/2023,2.66,3.129,2.839
12/6/2023,2.665,3.056,2.775
12/7/2023,2.648,3.051,2.77
12/8/2023,2.729,3.143,2.87
12/11/2023,2.738,3.142,2.867
12/12/2023,2.717,3.089,2.816
12/13/2023,2.664,3.026,2.758
12/14/2023,2.557,2.972,2.688
12/15/2023,2.495,2.869,2.594
12/18/2023,2.546,2.93,2.657
12/19/2023,2.503,2.845,2.574
12/20/2023,2.454,2.796,2.529
12/21/2023,2.437,2.795,2.522
12/22/2023,2.409,2.807,2.533
12/25/2023,2.409,2.807,2.533
12/26/2023,2.409,2.807,2.533
12/27/2023,2.368,2.748,2.458
12/28/2023,2.365,2.812,2.522
12/29/2023,2.381,2.908,2.604
1/1/2024,2.381,2.908,2.604
1/2/2024,2.454,2.946,2.638
1/3/2024,2.426,2.92,2.603
1/4/2024,2.555,3.006,2.701
1/5/2024,2.595,3.034,2.736
1/8/2024,2.577,3.009,2.71
1/9/2024,2.63,3.061,2.755
1/10/2024,2.667,3.082,2.782
1/11/2024,2.64,3.078,2.77
1/12/2024,2.541,3.029,2.714
1/15/2024,2.61,3.078,2.763
1/16/2024,2.619,3.1,2.789
1/17/2024,2.717,3.145,2.952
1/18/2024,2.713,3.183,2.985
1/19/2024,2.758,3.164,2.97
1/22/2024,2.709,3.119,2.919
1/23/2024,2.731,3.187,2.98
1/24/2024,2.73,3.178,2.97
1/25/2024,2.64,3.124,2.908
1/26/2024,2.637,3.127,2.911
1/29/2024,2.572,3.066,2.843
1/30/2024,2.616,3.104,2.881
1/31/2024,2.516,3.016,2.785
2/1/2024,2.548,3.005,2.779
2/2/2024,2.659,3.077,2.868
2/5/2024,2.708,3.151,2.939
2/6/2024,2.694,3.136,2.921
2/7/2024,2.731,3.17,2.951
2/8/2024,2.767,3.194,2.978
2/9/2024,2.834,3.209,3.003
2/12/2024,2.805,3.176,2.971
2/13/2024,2.883,3.188,2.993
2/14/2024,2.84,3.136,2.925
2/15/2024,2.858,3.151,2.947
2/16/2024,2.909,3.18,2.981
2/19/2024,2.898,3.184,2.986
2/20/2024,2.859,3.148,2.948
2/21/2024,2.934,3.215,3.022
2/22/2024,2.979,3.179,2.999
2/23/2024,2.921,3.102,2.911
2/26/2024,2.994,3.192,3.002
2/27/2024,3.001,3.226,3.03
2/28/2024,2.989,3.214,3.021
2/29/2024,2.968,3.167,2.976
3/1/2024,2.956,3.183,2.99
3/4/2024,2.967,3.143,2.951
3/5/2024,2.911,3.066,2.872
3/6/2024,2.902,3.048,2.859
3/7/2024,2.877,3.029,2.838
3/8/2024,2.804,3.008,2.809
3/11/2024,2.853,3.049,2.848
3/12/2024,2.882,3.061,2.868
3/13/2024,2.91,3.09,2.894
3/14/2024,2.94,3.151,2.962
3/15/2024,2.969,3.15,2.964
3/18/2024,2.972,3.158,2.975
3/19/2024,2.935,3.16,2.97
3/20/2024,2.942,3.152,2.964
3/21/2024,2.897,3.137,2.942
3/22/2024,2.865,3.081,2.883
3/25/2024,2.921,3.128,2.934
3/26/2024,2.91,3.11,2.917
3/27/2024,2.862,3.072,2.871
3/28/2024,2.885,3.085,2.882
3/29/2024,2.885,3.085,2.882
4/1/2024,2.885,3.085,2.882
4/2/2024,2.881,3.198,2.993
4/3/2024,2.892,3.165,2.971
4/4/2024,2.902,3.125,2.927
4/5/2024,2.909,3.183,2.974
4/8/2024,2.948,3.191,2.993
4/9/2024,2.922,3.119,2.919
4/10/2024,2.992,3.171,2.98
4/11/2024,2.973,3.196,3.009
4/12/2024,2.895,3.104,2.911
4/15/2024,2.938,3.199,3.004
4/16/2024,2.98,3.248,3.057
4/17/2024,2.988,3.219,3.03
4/18/2024,3.021,3.244,3.057
4/19/2024,3.039,3.245,3.06
4/22/2024,3.002,3.227,3.037
4/23/2024,3.027,3.248,3.053
4/24/2024,3.075,3.337,3.141
4/25/2024,3.118,3.371,3.18
4/26/2024,3.094,3.309,3.119
4/29/2024,3.06,3.246,3.054
4/30/2024,3.136,3.287,3.104
5/1/2024,3.136,3.287,3.104
5/2/2024,3.09,3.252,3.071
5/3/2024,3.031,3.21,3.025
5/6/2024,3.019,3.192,3.005
5/7/2024,3.012,3.14,2.954
5/8/2024,3.041,3.181,2.996
5/9/2024,3.018,3.227,3.038
5/10/2024,3.052,3.246,3.057
5/13/2024,3.043,3.241,3.051
5/14/2024,3.07,3.28,3.09
5/15/2024,2.975,3.156,2.961
5/16/2024,3.009,3.19,2.997
5/17/2024,3.063,3.237,3.05
5/20/2024,3.068,3.244,3.055
5/21/2024,3.043,3.222,3.035
5/22/2024,3.084,3.25,3.061
5/23/2024,3.149,3.294,3.115
5/24/2024,3.148,3.282,3.106
5/27/2024,3.108,3.245,3.07
5/28/2024,3.134,3.298,3.125
5/29/2024,3.172,3.402,3.228
5/30/2024,3.142,3.378,3.195
5/31/2024,3.167,3.379,3.203
6/3/2024,3.099,3.299,3.116
6/4/2024,3.073,3.276,3.086
6/5/2024,3.069,3.251,3.064
6/6/2024,3.103,3.284,3.103
6/7/2024,3.166,3.346,3.171
6/10/2024,3.218,3.45,3.266
6/11/2024,3.193,3.411,3.214
6/12/2024,3.102,3.328,3.119
6/13/2024,3.057,3.334,3.129
6/14/2024,3.016,3.261,3.063
6/17/2024,3.073,3.285,3.088
6/18/2024,3.053,3.255,3.064
6/19/2024,3.059,3.275,3.086
6/20/2024,3.059,3.287,3.094
6/21/2024,3.011,3.29,3.084
6/24/2024,3.011,3.269,3.059
6/25/2024,3.001,3.322,3.042
6/26/2024,3.021,3.384,3.105
6/27/2024,3.008,3.392,3.127
6/28/2024,3.006,3.402,3.137
7/1/2024,3.052,3.478,3.219
7/2/2024,3.022,3.453,3.186
7/3/2024,3.023,3.407,3.132
7/4/2024,3.027,3.43,3.164
7/5/2024,2.955,3.389,3.118
7/8/2024,2.966,3.355,3.087
7/9/2024,3.012,3.431,3.158
7/10/2024,2.978,3.382,3.098
7/11/2024,2.901,3.336,3.03
7/12/2024,2.921,3.365,3.061
7/15/2024,2.888,3.332,3.025
7/16/2024,2.855,3.298,2.992
7/17/2024,2.866,3.285,2.982
7/18/2024,2.861,3.292,2.989
7/19/2024,2.874,3.334,3.023
7/22/2024,2.901,3.348,3.037
7/23/2024,2.854,3.3,2.992
7/24/2024,2.791,3.322,3.001
7/25/2024,2.768,3.304,2.991
7/26/2024,2.744,3.308,2.99
7/29/2024,2.731,3.257,2.945
7/30/2024,2.698,3.245,2.93
7/31/2024,2.674,3.202,2.889
8/1/2024,2.617,3.184,2.857
8/2/2024,2.545,3.16,2.821
8/5/2024,2.534,3.167,2.843
8/6/2024,2.555,3.147,2.825
8/7/2024,2.561,3.205,2.875
8/8/2024,2.544,3.213,2.872
8/9/2024,2.531,3.172,2.831
8/12/2024,2.532,3.172,2.831
8/13/2024,2.48,3.129,2.783
8/14/2024,2.493,3.125,2.779
8/15/2024,2.587,3.184,2.847
8/16/2024,2.575,3.18,2.843
8/19/2024,2.569,3.166,2.835
8/20/2024,2.54,3.134,2.807
8/21/2024,2.49,3.108,2.775
8/22/2024,2.531,3.155,2.828
8/23/2024,2.507,3.138,2.804
8/26/2024,2.528,3.151,2.826
8/27/2024,2.539,3.203,2.88
8/28/2024,2.523,3.174,2.852
8/29/2024,2.494,3.186,2.857
8/30/2024,2.533,3.214,2.884
9/2/2024,2.562,3.221,2.905
9/3/2024,2.536,3.183,2.865
9/4/2024,2.485,3.137,2.808
9/5/2024,2.453,3.126,2.791
9/6/2024,2.389,3.112,2.767
9/9/2024,2.373,3.117,2.77
9/10/2024,2.339,3.088,2.734
9/11/2024,2.315,3.078,2.713
9/12/2024,2.369,3.102,2.743
9/13/2024,2.346,3.092,2.731
9/16/2024,2.325,3.069,2.709
9/17/2024,2.36,3.083,2.732
9/18/2024,2.4,3.146,2.788
9/19/2024,2.363,3.173,2.795
9/20/2024,2.372,3.192,2.816
9/23/2024,2.3,3.171,2.779
9/24/2024,2.245,3.155,2.767
9/25/2024,2.256,3.196,2.805
9/26/2024,2.261,3.208,2.819
9/27/2024,2.209,3.146,2.756
9/30/2024,2.198,3.134,2.746
10/1/2024,2.145,3.04,2.649
10/2/2024,2.161,3.092,2.701
10/3/2024,2.211,3.162,2.77
10/4/2024,2.314,3.187,2.824
10/7/2024,2.351,3.218,2.867
10/8/2024,2.339,3.205,2.854
10/9/2024,2.371,3.221,2.875
10/10/2024,2.348,3.214,2.861
10/11/2024,2.35,3.221,2.867
10/14/2024,2.372,3.225,2.876
10/15/2024,2.333,3.166,2.817
10/16/2024,2.295,3.133,2.779
10/17/2024,2.276,3.167,2.799
10/18/2024,2.23,3.127,2.76
10/21/2024,2.303,3.242,2.867
10/22/2024,2.321,3.276,2.904
10/23/2024,2.255,3.257,2.883
10/24/2024,2.231,3.213,2.842
10/25/2024,2.269,3.256,2.89
10/28/2024,2.247,3.227,2.867
10/29/2024,2.284,3.283,2.927
10/30/2024,2.383,3.299,2.967
10/31/2024,2.413,3.285,2.973
11/1/2024,2.388,3.327,3.005
11/4/2024,2.398,3.277,2.977
11/5/2024,2.428,3.282,2.997
11/6/2024,2.323,3.318,2.998
11/7/2024,2.362,3.356,3.039
11/8/2024,2.357,3.273,2.96
11/11/2024,2.308,3.234,2.918
11/12/2024,2.308,3.279,2.957
11/13/2024,2.314,3.276,2.985
11/14/2024,2.256,3.226,2.931
11/15/2024,2.288,3.246,2.942
11/18/2024,2.332,3.247,2.851
11/19/2024,2.303,3.212,2.907
11/20/2024,2.289,3.233,2.931
11/21/2024,2.261,3.241,2.921
11/22/2024,2.127,3.198,2.855
11/25/2024,2.167,3.164,2.832
11/26/2024,2.163,3.18,2.845
11/27/2024,2.181,3.111,2.793
11/28/2024,2.114,3.053,2.728
11/29/2024,2.073,2.992,2.679
12/2/2024,2.018,2.985,2.664
12/3/2024,2.047,2.974,2.658
12/4/2024,2.057,2.971,2.649
12/5/2024,2.088,2.965,2.66
12/6/2024,2.078,2.968,2.652
12/9/2024,2.072,2.98,2.649
12/10/2024,2.035,2.998,2.667
12/11/2024,2.063,3.023,2.689
12/12/2024,2.123,3.118,2.785
12/13/2024,2.208,3.165,2.842
12/16/2024,2.203,3.168,2.842
12/17/2024,2.209,3.157,2.832
12/18/2024,2.197,3.173,2.845
12/19/2024,2.213,3.233,2.909
12/20/2024,2.188,3.202,2.879
12/23/2024,2.217,3.254,2.935
12/24/2024,2.222,3.255,2.935
12/25/2024,2.222,3.255,2.935
12/26/2024,2.222,3.255,2.935
12/27/2024,2.266,3.316,2.997
12/30/2024,2.244,3.295,2.973
12/31/2024,2.246,3.296,2.973
1/1/2025,2.246,3.296,2.973
1/2/2025,2.274,3.331,2.997
1/3/2025,2.333,3.381,3.056
1/6/2025,2.35,3.362,3.031
1/7/2025,2.356,3.415,3.071
1/8/2025,2.358,3.459,3.113
1/9/2025,2.385,3.487,3.148
1/10/2025,2.439,3.509,3.179
1/13/2025,2.453,3.532,3.206
1/14/2025,2.487,3.557,3.234
1/15/2025,2.403,3.461,3.127
1/16/2025,2.375,3.458,3.11
1/17/2025,2.366,3.432,3.093
1/20/2025,2.359,3.434,3.085
1/21/2025,2.347,3.404,3.059
1/22/2025,2.362,3.411,3.071
1/23/2025,2.379,3.447,3.105
1/24/2025,2.42,3.441,3.107
1/27/2025,2.386,3.411,3.075
1/28/2025,2.406,3.448,3.16
1/29/2025,2.428,3.476,3.184
1/30/2025,2.364,3.422,3.125
1/31/2025,2.283,3.373,3.063
2/3/2025,2.202,3.281,2.976
2/4/2025,2.218,3.278,2.978
2/5/2025,2.216,3.231,2.943
2/6/2025,2.216,3.236,2.949
2/7/2025,2.205,3.241,2.948
2/10/2025,2.187,3.232,2.941
2/11/2025,2.248,3.309,3.013
2/12/2025,2.285,3.342,3.049
2/13/2025,2.216,3.272,2.978
2/14/2025,2.243,3.292,2.995
2/17/2025,2.271,3.341,3.042
2/18/2025,2.26,3.34,3.046
2/19/2025,2.311,3.42,3.127
2/20/2025,2.281,3.414,3.112
2/21/2025,2.237,3.364,3.062
2/24/2025,2.219,3.372,3.065
2/25/2025,2.196,3.347,3.036
2/26/2025,2.195,3.31,3
2/27/2025,2.168,3.31,2.986
2/28/2025,2.159,3.326,2.989
3/3/2025,2.205,3.404,3.062
3/4/2025,2.181,3.435,3.079
3/5/2025,2.366,3.654,3.334
3/6/2025,2.373,3.701,3.388
3/7/2025,2.375,3.721,3.395
3/10/2025,2.348,3.724,3.388
3/11/2025,2.333,3.766,3.438
3/12/2025,2.353,3.74,3.408
3/13/2025,2.315,3.752,3.402
3/14/2025,2.319,3.762,3.418
3/17/2025,2.32,3.685,3.349
3/18/2025,2.306,3.7,3.358
3/19/2025,2.323,3.685,3.349
3/20/2025,2.299,3.682,3.341
3/21/2025,2.263,3.673,3.319
3/24/2025,2.255,3.669,3.316
3/25/2025,2.262,3.692,3.334
3/26/2025,2.246,3.69,3.333
3/27/2025,2.195,3.681,3.313
3/28/2025,2.148,3.649,3.278
3/31/2025,2.173,3.661,3.298
4/1/2025,2.147,3.602,3.247
4/2/2025,2.159,3.64,3.273
4/3/2025,2.077,3.608,3.216
4/4/2025,1.973,3.563,3.166
4/7/2025,1.962,3.623,3.23
4/8/2025,2.013,3.618,3.237
4/9/2025,1.931,3.604,3.228
4/10/2025,1.962,3.572,3.201
4/11/2025,1.998,3.546,3.192
4/14/2025,1.947,3.494,3.122
4/15/2025,1.959,3.522,3.141
4/16/2025,1.941,3.511,3.118
4/17/2025,1.875,3.488,3.084
4/18/2025,1.875,3.488,3.084
4/21/2025,1.875,3.488,3.084
4/22/2025,1.849,3.464,3.056
4/23/2025,1.918,3.503,3.09
4/24/2025,1.848,3.445,3.024
4/25/2025,1.879,3.468,3.051
4/28/2025,1.901,3.529,3.1
4/29/2025,1.896,3.511,3.079
4/30/2025,1.844,3.463,3.03
5/1/2025,1.844,3.463,3.03
5/2/2025,1.921,3.545,3.12
5/5/2025,1.912,3.531,3.107
5/6/2025,1.903,3.553,3.126
5/7/2025,1.868,3.491,3.066
5/8/2025,1.926,3.542,3.112
5/9/2025,1.938,3.562,3.134
5/12/2025,2.058,3.611,3.2
5/13/2025,2.069,3.643,3.226
5/14/2025,2.077,3.657,3.239
5/15/2025,2.014,3.572,3.155
5/16/2025,1.987,3.539,3.122
5/19/2025,1.976,3.536,3.112
5/20/2025,1.976,3.557,3.123
5/21/2025,2.006,3.605,3.168
5/22/2025,1.97,3.617,3.171
5/23/2025,1.904,3.56,3.109
5/26/2025,1.916,3.523,3.089
5/27/2025,1.92,3.487,3.057
5/28/2025,1.919,3.512,3.076
5/29/2025,1.886,3.471,3.03
5/30/2025,1.888,3.452,3.019
6/2/2025,1.905,3.48,3.049
6/3/2025,1.897,3.484,3.052
6/4/2025,1.91,3.487,3.063
6/5/2025,1.98,3.521,3.113
6/6/2025,1.984,3.51,3.104
6/9/2025,1.958,3.506,3.095
6/10/2025,1.938,3.469,3.057
6/11/2025,1.936,3.501,3.071
6/12/2025,1.906,3.45,3.028
6/13/2025,1.951,3.53,3.105
6/16/2025,1.936,3.519,3.093
6/17/2025,1.963,3.529,3.107
6/18/2025,1.945,3.496,3.071
6/19/2025,1.947,3.549,3.119
6/20/2025,1.953,3.527,3.094
6/23/2025,1.949,3.511,3.083
6/24/2025,1.96,3.539,3.105
6/25/2025,1.949,3.552,3.121
6/26/2025,1.93,3.553,3.113
6/27/2025,1.97,3.569,3.143
6/30/2025,1.969,3.588,3.157
7/1/2025,1.956,3.561,3.131
7/2/2025,1.972,3.623,3.197
7/3/2025,1.944,3.582,3.156
7/4/2025,1.927,3.594,3.156
7/7/2025,1.946,3.634,3.194
7/8/2025,1.982,3.674,3.231
7/9/2025,1.969,3.673,3.221
7/10/2025,1.999,3.71,3.25
7/11/2025,2.011,3.723,3.266
7/14/2025,1.99,3.75,3.28
7/15/2025,1.976,3.725,3.26
7/16/2025,1.949,3.7,3.228
7/17/2025,1.954,3.693,3.227
7/18/2025,1.96,3.719,3.25
7/21/2025,1.919,3.624,3.157
7/22/2025,1.906,3.598,3.132
7/23/2025,1.937,3.641,3.17
7/24/2025,2.023,3.706,3.243
7/25/2025,2.035,3.706,3.246
7/28/2025,2.003,3.674,3.213
7/29/2025,2.024,3.686,3.224
7/30/2025,2.033,3.681,3.221
7/31/2025,2.039,3.663,3.211
8/1/2025,2.003,3.668,3.206
8/4/2025,1.976,3.6,3.143
8/5/2025,1.987,3.593,3.141
8/6/2025,1.996,3.613,3.163
8/7/2025,1.997,3.586,3.145
8/8/2025,2.025,3.629,3.197
8/11/2025,2.035,3.639,3.205
8/12/2025,2.039,3.69,3.246
8/13/2025,2.007,3.617,3.174
8/14/2025,2.01,3.666,3.218
8/15/2025,2.04,3.762,3.312
8/18/2025,2.029,3.743,3.286
8/19/2025,2.024,3.732,3.274
8/20/2025,1.998,3.707,3.248
8/21/2025,2.074,3.754,3.298
8/22/2025,2.043,3.721,3.255
8/25/2025,2.072,3.797,3.328
8/26/2025,2.05,3.773,3.294
8/27/2025,2.028,3.785,3.284
8/28/2025,2.044,3.744,3.26
8/29/2025,2.052,3.784,3.296
9/1/2025,2.067,3.814,3.321
9/2/2025,2.093,3.848,3.36
9/3/2025,2.077,3.803,3.312
9/4/2025,2.073,3.761,3.278
9/5/2025,2.004,3.733,3.229
9/8/2025,1.996,3.693,3.198
9/9/2025,2.012,3.7,3.206
9/10/2025,2.027,3.689,3.198
9/11/2025,2.061,3.661,3.19
9/12/2025,2.098,3.71,3.252
9/15/2025,2.098,3.684,3.221
9/16/2025,2.086,3.694,3.226
9/17/2025,2.089,3.67,3.21
9/18/2025,2.099,3.737,3.263
9/19/2025,2.103,3.746,3.276
9/22/2025,2.101,3.763,3.282
9/23/2025,2.109,3.761,3.284
9/24/2025,2.106,3.766,3.292
9/25/2025,2.127,3.787,3.323
9/26/2025,2.117,3.765,3.294
9/29/2025,2.111,3.72,3.254
9/30/2025,2.112,3.721,3.259
10/1/2025,2.104,3.718,3.253
10/2/2025,2.102,3.701,3.239
10/3/2025,2.108,3.695,3.234
10/6/2025,2.112,3.737,3.275
10/7/2025,2.116,3.744,3.275
10/8/2025,2.101,3.71,3.243
10/9/2025,2.109,3.721,3.256
10/10/2025,2.072,3.678,3.214
10/13/2025,2.052,3.671,3.203
10/14/2025,2.038,3.606,3.146
10/15/2025,2.017,3.569,3.108
10/16/2025,2.009,3.57,3.102
10/17/2025,2.008,3.592,3.123
10/20/2025,2.003,3.591,3.127
10/21/2025,1.994,3.56,3.102
10/22/2025,2.004,3.565,3.112
10/23/2025,2.012,3.59,3.134
10/24/2025,2.057,3.631,3.181
10/27/2025,2.05,3.615,3.164
10/28/2025,2.053,3.616,3.167
10/29/2025,2.046,3.604,3.152
10/30/2025,2.053,3.618,3.165
10/31/2025,2.038,3.63,3.163
11/3/2025,2.06,3.657,3.196
11/4/2025,2.056,3.654,3.187
11/5/2025,2.067,3.677,3.211
11/6/2025,2.055,3.662,3.196
11/7/2025,2.06,3.684,3.214
11/10/2025,2.072,3.657,3.198
11/11/2025,2.069,3.648,3.189
11/12/2025,2.063,3.61,3.153
11/13/2025,2.093,3.661,3.198
11/14/2025,2.106,3.693,3.233
11/17/2025,2.113,3.68,3.227
11/18/2025,2.095,3.697,3.232
11/19/2025,2.09,3.71,3.239
11/20/2025,2.097,3.748,3.262
11/21/2025,2.093,3.742,3.246
11/24/2025,2.084,3.706,3.215
11/25/2025,2.08,3.671,3.179
11/26/2025,2.08,3.661,3.172
11/27/2025,2.089,3.675,3.188
11/28/2025,2.083,3.67,3.186
12/1/2025,2.118,3.734,3.255
12/2/2025,2.103,3.742,3.255
12/3/2025,2.111,3.747,3.255
12/4/2025,2.127,3.77,3.284
12/5/2025,2.148,3.775,3.301
12/8/2025,2.202,3.816,3.361
12/9/2025,2.199,3.791,3.337
12/10/2025,2.215,3.799,3.345
12/11/2025,2.2,3.788,3.329
12/12/2025,2.189,3.816,3.347
12/15/2025,2.188,3.805,3.337
12/16/2025,2.172,3.796,3.323
12/17/2025,2.172,3.823,3.346
12/18/2025,2.171,3.815,3.329
12/19/2025,2.19,3.88,3.384
12/22/2025,2.184,3.88,3.389
12/23/2025,2.177,3.829,3.347
12/24/2025,2.18,3.829,3.348
12/25/2025,2.18,3.829,3.348
12/26/2025,2.18,3.829,3.348
12/29/2025,2.156,3.794,3.311
12/30/2025,2.16,3.828,3.35
12/31/2025,2.17,3.828,3.35
1/1/2026,2.17,3.828,3.35
1/2/2026,2.182,3.889,3.397
1/5/2026,2.168,3.86,3.358
1/6/2026,2.139,3.841,3.329
1/7/2026,2.125,3.801,3.296
1/8/2026,2.134,3.804,3.301
1/9/2026,2.136,3.804,3.299
1/12/2026,2.132,3.768,3.278
1/13/2026,2.13,3.785,3.288
1/14/2026,2.111,3.761,3.259
1/15/2026,2.132,3.757,3.261
1/16/2026,2.145,3.783,3.409
1/19/2026,2.119,3.785,3.404
1/20/2026,2.11,3.811,3.433
1/21/2026,2.123,3.831,3.456
1/22/2026,2.139,3.811,3.44
1/23/2026,2.15,3.796,3.425
1/26/2026,2.123,3.752,3.38
1/27/2026,2.124,3.762,3.379
1/28/2026,2.096,3.758,3.368
1/29/2026,2.09,3.759,3.361
1/30/2026,2.092,3.764,3.367
2/2/2026,2.118,3.776,3.385
2/3/2026,2.119,3.791,3.402
2/4/2026,2.093,3.779,3.379
2/5/2026,2.093,3.78,3.376
2/6/2026,2.086,3.779,3.375
2/9/2026,2.084,3.781,3.367
2/10/2026,2.071,3.748,3.334
2/11/2026,2.06,3.717,3.311
2/12/2026,2.053,3.701,3.297
2/13/2026,2.033,3.682,3.275
2/16/2026,2.039,3.683,3.273
2/17/2026,2.038,3.652,3.25
2/18/2026,2.043,3.648,3.249
2/19/2026,2.05,3.648,3.252
2/20/2026,2.051,3.632,3.241
2/23/2026,2.045,3.616,3.22
2/24/2026,2.128,3.605,3.208
2/25/2026,2.125,3.592,3.193
2/26/2026,2.131,3.575,3.183
2/27/2026,2.084,3.547,3.15
3/2/2026,2.175,3.603,3.215
3/3/2026,2.252,3.667,3.285
3/4/2026,2.228,3.654,3.272
3/5/2026,2.338,3.732,3.37
3/6/2026,2.418,3.753,3.418
3/9/2026,2.453,3.757,3.421
3/10/2026,2.362,3.731,3.356
3/11/2026,2.496,3.816,3.481
3/12/2026,2.542,3.867,3.532
3/13/2026,2.571,3.909,3.572
3/16/2026,2.519,3.867,3.518
3/17/2026,2.493,3.813,3.463
3/18/2026,2.555,3.838,3.515
3/19/2026,2.695,3.846,3.541
3/20/2026,2.789,3.947,3.652
3/23/2026,2.703,3.896,3.595
3/24/2026,2.803,3.947,3.644
3/25/2026,2.729,3.855,3.549
3/26/2026,2.855,3.992,3.697
3/27/2026,2.816,4.027,3.718
3/30/2026,2.758,3.978,3.664
3/31/2026,2.738,3.943,3.616
4/1/2026,2.711,3.91,3.563
4/2/2026,2.723,3.915,3.565
4/3/2026,2.723,3.915,3.565
4/6/2026,2.723,3.915,3.565
4/7/2026,2.825,4.001,3.668
4/8/2026,2.601,3.85,3.488
4/9/2026,2.63,3.89,3.53
4/10/2026,2.707,3.976,3.62
4/13/2026,2.753,4.011,3.657
4/14/2026,2.639,3.929,3.565
4/15/2026,2.642,3.957,3.592
4/16/2026,2.612,3.951,3.587
4/17/2026,2.5,3.871,3.498
4/20/2026,2.548,3.902,3.533
4/21/2026,2.607,3.936,3.579
4/22/2026,2.638,3.93,3.571
4/23/2026,2.645,3.932,3.576
4/24/2026,2.627,3.911,3.557
4/27/2026,2.661,3.965,3.615
4/28/2026,2.737,3.987,3.646
4/29/2026,2.831,4.017,3.695
4/30/2026,2.729,3.946,3.612
5/1/2026,2.729,3.946,3.612
5/4/2026,2.814,4.003,3.677
5/5/2026,2.754,3.969,3.631
5/6/2026,2.646,3.901,3.549
5/7/2026,2.663,3.905,3.555
5/8/2026,2.667,3.902,3.549
5/11/2026,2.711,3.935,3.587
5/12/2026,2.782,4.005,3.661
5/13/2026,2.777,3.995,3.65
5/14/2026,2.72,3.934,3.583
5/15/2026,2.811,4.076,3.736
5/18/2026,2.776,4.044,3.698
5/19/2026,2.825,4.09,3.748
5/20/2026,2.721,3.989,3.64
5/21/2026,2.749,3.997,3.651
5/22/2026,2.707,3.939,3.586
5/25/2026,2.594,3.845,3.484
5/26/2026,2.655,3.867,3.512
5/27/2026,2.65,3.876,3.518
5/28/2026,2.624,3.85,3.491
5/29/2026,2.594,3.836,3.466
6/1/2026,2.692,3.899,3.543
6/2/2026,2.682,3.866,3.507
6/3/2026,2.735,3.932,3.577
6/4/2026,2.722,3.92,3.568
6/5/2026,2.758,3.931,3.595
6/8/2026,2.77,3.959,3.624
6/9/2026,2.726,3.941,3.597
6/10/2026,2.779,3.977,3.635
6/11/2026,2.738,3.937,3.59
6/12/2026,2.671,3.898,3.541
6/15/2026,2.622,3.862,3.495
6/16/2026,2.615,3.832,3.461
6/17/2026,2.635,3.826,3.463
6/18/2026,2.651,3.827,3.471
6/19/2026,2.695,3.89,3.535
6/22/2026,2.652,3.86,3.501
6/23/2026,2.633,3.832,3.475
6/24/2026,2.6,3.78,3.421
6/25/2026,2.581,3.776,3.418
6/26/2026,2.58,3.783,3.422
6/29/2026,2.598,3.787,3.426
6/30/2026,2.583,3.799,3.431
7/1/2026,2.568,3.831,3.456
7/2/2026,2.547,3.862,3.479
7/3/2026,2.581,3.874,3.5
7/6/2026,2.583,3.882,3.505
7/7/2026,2.629,3.928,3.56
7/8/2026,2.763,4.027,3.677
7/9/2026,2.692,3.966,3.609
7/10/2026,2.7,3.941,3.589
7/13/2026,2.748,3.99,3.64
7/14/2026,2.792,3.996,3.646
7/15/2026,2.774,4.008,3.66
7/16/2026,2.797,4.023,3.673
7/17/2026,2.809,4.018,3.673
7/20/2026,2.817,4.042,3.696
7/21/2026,2.833,4.054,3.713
7/22/2026,2.868,4.053,3.722
7/23/2026,2.919,4.088,3.767
7/24/2026,2.856,4.053,3.725
7/27/2026,2.824,4.013,3.675
7/28/2026,2.776,3.98,3.636
7/29/2026,2.849,4.04,3.708
7/30/2026,2.8,4.032,3.689
7/31/2026,2.852,4.085,3.745
8/3/2026,2.81,4.024,3.682
8/4/2026,2.743,3.982,3.627
8/5/2026,2.762,3.994,3.644
8/6/2026,2.79,4.022,3.675
8/7/2026,2.776,4.008,3.656
8/10/2026,2.833,4.066,3.714
8/11/2026,2.828,4.062,3.703
8/12/2026,2.822,4.063,3.703
8/13/2026,2.802,4.029,3.668
8/14/2026,2.839,4.128,3.758
8/17/2026,2.842,4.142,3.771
8/18/2026,2.891,4.181,3.82
8/19/2026,2.897,4.171,3.821
8/20/2026,2.888,4.185,3.826
8/21/2026,2.883,4.195,3.834
8/24/2026,2.9,4.184,3.82
8/25/2026,2.845,4.112,3.752
8/26/2026,2.873,4.148,3.788
8/27/2026,2.89,4.167,3.803
8/28/2026,2.922,4.177,3.827
8/31/2026,2.953,4.222,3.872
9/1/2026,2.987,4.238,3.893
9/2/2026,3.023,4.265,3.928
9/3/2026,2.976,4.232,3.887
9/4/2026,2.967,4.241,3.894
9/7/2026,3.021,4.3,3.952
9/8/2026,3.012,4.279,3.932
9/9/2026,3.076,4.381,4.032
9/10/2026,3.255,4.441,4.118
9/11/2026,3.205,4.438,4.11
9/14/2026,3.275,4.436,4.136
