Fr,9/25/2026,3.274,,Fr,9/25/2026,3.409,,Fr,9/25/2026,3.6
Th,9/24/2026,3.321,,Th,9/24/2026,3.437,,Th,9/24/2026,3.598
We,9/23/2026,3.326,,We,9/23/2026,3.414,,We,9/23/2026,3.553
Tu,9/22/2026,3.223,,Tu,9/22/2026,3.295,,Tu,9/22/2026,3.461
Mo,9/21/2026,3.209,,Mo,9/21/2026,3.285,,Mo,9/21/2026,3.455
,,,,,,,,,,
Fr,9/18/2026,3.276,,Fr,9/18/2026,3.356,,Fr,9/18/2026,3.517
Th,9/17/2026,3.222,,Th,9/17/2026,3.3,,Th,9/17/2026,3.475
We,9/16/2026,3.213,,We,9/16/2026,3.312,,We,9/16/2026,3.505
Tu,9/15/2026,3.252,,Tu,9/15/2026,3.349,,Tu,9/15/2026,3.535
Mo,9/14/2026,3.26,,Mo,9/14/2026,3.333,,Mo,9/14/2026,3.516
,,,,,,,,,,
Fr,9/11/2026,3.192,,Fr,9/11/2026,3.291,,Fr,9/11/2026,3.503
Th,9/10/2026,3.233,,Th,9/10/2026,3.311,,Th,9/10/2026,3.499
We,9/9/2026,3.068,,We,9/9/2026,3.203,,We,9/9/2026,3.442
Tu,9/8/2026,2.996,,Tu,9/8/2026,3.123,,Tu,9/8/2026,3.365
Mo,9/7/2026,3.002,,Mo,9/7/2026,3.132,,Mo,9/7/2026,3.385
,,,,,,,,,,
Fr,9/4/2026,2.946,,Fr,9/4/2026,3.079,,Fr,9/4/2026,3.338
Th,9/3/2026,2.952,,Th,9/3/2026,3.081,,Th,9/3/2026,3.342
We,9/2/2026,2.995,,We,9/2/2026,3.121,,We,9/2/2026,3.375
Tu,9/1/2026,2.96,,Tu,9/1/2026,3.087,,Tu,9/1/2026,3.343
Mo,8/31/2026,2.934,,Mo,8/31/2026,3.062,,Mo,8/31/2026,3.323
,,,,,,,,,,
Fr,8/28/2026,2.902,,Fr,8/28/2026,3.022,,Fr,8/28/2026,3.277
Th,8/27/2026,2.861,,Th,8/27/2026,2.982,,Th,8/27/2026,3.252
We,8/26/2026,2.839,,We,8/26/2026,2.961,,We,8/26/2026,3.233
Tu,8/25/2026,2.809,,Tu,8/25/2026,2.928,,Tu,8/25/2026,3.2
Mo,8/24/2026,2.869,,Mo,8/24/2026,2.986,,Mo,8/24/2026,3.251
,,,,,,,,,,
Fr,8/21/2026,2.844,,Fr,8/21/2026,2.983,,Fr,8/21/2026,3.257
Th,8/20/2026,2.851,,Th,8/20/2026,2.986,,Th,8/20/2026,3.258
We,8/19/2026,2.863,,We,8/19/2026,2.99,,We,8/19/2026,3.26
Tu,8/18/2026,2.849,,Tu,8/18/2026,2.978,,Tu,8/18/2026,3.258
Mo,8/17/2026,2.8,,Mo,8/17/2026,2.933,,Mo,8/17/2026,3.22
,,,,,,,,,,
Fr,8/14/2026,2.796,,Fr,8/14/2026,2.923,,Fr,8/14/2026,3.203
Th,8/13/2026,2.765,,Th,8/13/2026,2.867,,Th,8/13/2026,3.13
We,8/12/2026,2.785,,We,8/12/2026,2.896,,We,8/12/2026,3.159
Tu,8/11/2026,2.787,,Tu,8/11/2026,2.894,,Tu,8/11/2026,3.157
Mo,8/10/2026,2.798,,Mo,8/10/2026,2.915,,Mo,8/10/2026,3.178
,,,,,,,,,,
Fr,8/7/2026,2.747,,Fr,8/7/2026,2.861,,Fr,8/7/2026,3.131
Th,8/6/2026,2.758,,Th,8/6/2026,2.874,,Th,8/6/2026,3.139
We,8/5/2026,2.728,,We,8/5/2026,2.84,,We,8/5/2026,3.11
Tu,8/4/2026,2.713,,Tu,8/4/2026,2.829,,Tu,8/4/2026,3.106
Mo,8/3/2026,2.773,,Mo,8/3/2026,2.886,,Mo,8/3/2026,3.151
,,,,,,,,,,
Fr,7/31/2026,2.817,,Fr,7/31/2026,2.941,,Fr,7/31/2026,3.205
Th,7/30/2026,2.761,,Th,7/30/2026,2.885,,Th,7/30/2026,3.154
We,7/29/2026,2.813,,We,7/29/2026,2.918,,We,7/29/2026,3.16
Tu,7/28/2026,2.744,,Tu,7/28/2026,2.846,,Tu,7/28/2026,3.103
Mo,7/27/2026,2.79,,Mo,7/27/2026,2.888,,Mo,7/27/2026,3.132
,,,,,,,,,,
Fr,7/24/2026,2.826,,Fr,7/24/2026,2.929,,Fr,7/24/2026,3.171
Th,7/23/2026,2.882,,Th,7/23/2026,2.975,,Th,7/23/2026,3.202
We,7/22/2026,2.838,,We,7/22/2026,2.937,,We,7/22/2026,3.17
Tu,7/21/2026,2.801,,Tu,7/21/2026,2.915,,Tu,7/21/2026,3.163
Mo,7/20/2026,2.788,,Mo,7/20/2026,2.873,,Mo,7/20/2026,3.149
,,,,,,,,,,
Fr,7/17/2026,2.782,,Fr,7/17/2026,2.857,,Fr,7/17/2026,3.124
Th,7/16/2026,2.763,,Th,7/16/2026,2.848,,Th,7/16/2026,3.132
We,7/15/2026,2.738,,We,7/15/2026,2.832,,We,7/15/2026,3.12
Tu,7/14/2026,2.749,,Tu,7/14/2026,2.831,,Tu,7/14/2026,3.112
Mo,7/13/2026,2.719,,Mo,7/13/2026,2.817,,Mo,7/13/2026,3.107
,,,,,,,,,,
Fr,7/10/2026,2.645,,Fr,7/10/2026,2.76,,Fr,7/10/2026,3.064
Th,7/9/2026,2.644,,Th,7/9/2026,2.765,,Th,7/9/2026,3.081
We,7/8/2026,2.706,,We,7/8/2026,2.816,,We,7/8/2026,3.091
Tu,7/7/2026,2.582,,Tu,7/7/2026,2.704,,Tu,7/7/2026,2.993
Mo,7/6/2026,2.541,,Mo,7/6/2026,2.655,,Mo,7/6/2026,2.947
,,,,,,,,,,
Fr,7/3/2026,2.533,,Fr,7/3/2026,2.648,,Fr,7/3/2026,2.934
Th,7/2/2026,2.496,,Th,7/2/2026,2.61,,Th,7/2/2026,2.903
We,7/1/2026,2.508,,We,7/1/2026,2.6,,We,7/1/2026,2.878
Tu,6/30/2026,2.524,,Tu,6/30/2026,2.594,,Tu,6/30/2026,2.858
Mo,6/29/2026,2.537,,Mo,6/29/2026,2.598,,Mo,6/29/2026,2.856
,,,,,,,,,,
Fr,6/26/2026,2.514,,Fr,6/26/2026,2.585,,Fr,6/26/2026,2.85
Th,6/25/2026,2.525,,Th,6/25/2026,2.595,,Th,6/25/2026,2.856
We,6/24/2026,2.544,,We,6/24/2026,2.605,,We,6/24/2026,2.864
Tu,6/23/2026,2.576,,Tu,6/23/2026,2.648,,Tu,6/23/2026,2.918
Mo,6/22/2026,2.599,,Mo,6/22/2026,2.681,,Mo,6/22/2026,2.951
,,,,,,,,,,
Fr,6/19/2026,2.642,,Fr,6/19/2026,2.719,,Fr,6/19/2026,2.984
Th,6/18/2026,2.604,,Th,6/18/2026,2.672,,Th,6/18/2026,2.928
We,6/17/2026,2.584,,We,6/17/2026,2.656,,We,6/17/2026,2.926
Tu,6/16/2026,2.563,,Tu,6/16/2026,2.646,,Tu,6/16/2026,2.929
Mo,6/15/2026,2.57,,Mo,6/15/2026,2.663,,Mo,6/15/2026,2.953
,,,,,,,,,,
Fr,6/12/2026,2.615,,Fr,6/12/2026,2.711,,Fr,6/12/2026,2.994
Th,6/11/2026,2.675,,Th,6/11/2026,2.757,,Th,6/11/2026,3.031
We,6/10/2026,2.714,,We,6/10/2026,2.8,,We,6/10/2026,3.075
Tu,6/9/2026,2.664,,Tu,6/9/2026,2.756,,Tu,6/9/2026,3.042
Mo,6/8/2026,2.704,,Mo,6/8/2026,2.788,,Mo,6/8/2026,3.059
,,,,,,,,,,
Fr,6/5/2026,2.688,,Fr,6/5/2026,2.767,,Fr,6/5/2026,3.038
Th,6/4/2026,2.658,,Th,6/4/2026,2.737,,Th,6/4/2026,3.021
We,6/3/2026,2.668,,We,6/3/2026,2.752,,We,6/3/2026,3.034
Tu,6/2/2026,2.617,,Tu,6/2/2026,2.692,,Tu,6/2/2026,2.974
Mo,6/1/2026,2.625,,Mo,6/1/2026,2.715,,Mo,6/1/2026,3.002
,,,,,,,,,,
Fr,5/29/2026,2.526,,Fr,5/29/2026,2.636,,Fr,5/29/2026,2.937
Th,5/28/2026,2.555,,Th,5/28/2026,2.662,,Th,5/28/2026,2.961
We,5/27/2026,2.581,,We,5/27/2026,2.69,,We,5/27/2026,2.986
Tu,5/26/2026,2.586,,Tu,5/26/2026,2.688,,Tu,5/26/2026,2.978
Mo,5/25/2026,2.531,,Mo,5/25/2026,2.648,,Mo,5/25/2026,2.945
,,,,,,,,,,
Fr,5/22/2026,2.64,,Fr,5/22/2026,2.748,,Fr,5/22/2026,3.037
Th,5/21/2026,2.683,,Th,5/21/2026,2.804,,Th,5/21/2026,3.098
We,5/20/2026,2.653,,We,5/20/2026,2.79,,We,5/20/2026,3.095
Tu,5/19/2026,2.755,,Tu,5/19/2026,2.891,,Tu,5/19/2026,3.191
Mo,5/18/2026,2.706,,Mo,5/18/2026,2.843,,Mo,5/18/2026,3.147
,,,,,,,,,,
Fr,5/15/2026,2.735,,Fr,5/15/2026,2.868,,Fr,5/15/2026,3.166
Th,5/14/2026,2.649,,Th,5/14/2026,2.755,,Th,5/14/2026,3.042
We,5/13/2026,2.707,,We,5/13/2026,2.816,,We,5/13/2026,3.099
Tu,5/12/2026,2.709,,Tu,5/12/2026,2.813,,Tu,5/12/2026,3.1
Mo,5/11/2026,2.643,,Mo,5/11/2026,2.746,,Mo,5/11/2026,3.039
,,,,,,,,,,
Fr,5/8/2026,2.595,,Fr,5/8/2026,2.706,,Fr,5/8/2026,3.004
Th,5/7/2026,2.582,,Th,5/7/2026,2.701,,Th,5/7/2026,3.001
We,5/6/2026,2.565,,We,5/6/2026,2.693,,We,5/6/2026,2.999
Tu,5/5/2026,2.672,,Tu,5/5/2026,2.77,,Tu,5/5/2026,3.062
Mo,5/4/2026,2.726,,Mo,5/4/2026,2.806,,Mo,5/4/2026,3.086
,,,,,,,,,,
Th,4/30/2026,2.64,,Th,4/30/2026,2.746,,Th,4/30/2026,3.035
We,4/29/2026,2.74,,We,4/29/2026,2.834,,We,4/29/2026,3.109
Tu,4/28/2026,2.647,,Tu,4/28/2026,2.768,,Tu,4/28/2026,3.066
Mo,4/27/2026,2.57,,Mo,4/27/2026,2.718,,Mo,4/27/2026,3.032
,,,,,,,,,,
Fr,4/24/2026,2.541,,Fr,4/24/2026,2.684,,Fr,4/24/2026,2.992
Th,4/23/2026,2.562,,Th,4/23/2026,2.704,,Th,4/23/2026,3.007
We,4/22/2026,2.554,,We,4/22/2026,2.698,,We,4/22/2026,3.007
Tu,4/21/2026,2.519,,Tu,4/21/2026,2.677,,Tu,4/21/2026,3.002
Mo,4/20/2026,2.455,,Mo,4/20/2026,2.634,,Mo,4/20/2026,2.979
,,,,,,,,,,
Fr,4/17/2026,2.405,,Fr,4/17/2026,2.61,,Fr,4/17/2026,2.958
Th,4/16/2026,2.514,,Th,4/16/2026,2.695,,Th,4/16/2026,3.03
We,4/15/2026,2.541,,We,4/15/2026,2.715,,We,4/15/2026,3.042
Tu,4/14/2026,2.536,,Tu,4/14/2026,2.702,,Tu,4/14/2026,3.022
Mo,4/13/2026,2.644,,Mo,4/13/2026,2.784,,Mo,4/13/2026,3.091
,,,,,,,,,,
Fr,4/10/2026,2.598,,Fr,4/10/2026,2.741,,Fr,4/10/2026,3.056
Th,4/9/2026,2.516,,Th,4/9/2026,2.668,,Th,4/9/2026,2.986
We,4/8/2026,2.489,,We,4/8/2026,2.633,,We,4/8/2026,2.942
Tu,4/7/2026,2.715,,Tu,4/7/2026,2.815,,Tu,4/7/2026,3.083
,,,,,,,,,,
Th,4/2/2026,2.612,,Th,4/2/2026,2.707,,Th,4/2/2026,2.991
We,4/1/2026,2.593,,We,4/1/2026,2.707,,We,4/1/2026,2.984
Tu,3/31/2026,2.613,,Tu,3/31/2026,2.725,,Tu,3/31/2026,3.002
Mo,3/30/2026,2.617,,Mo,3/30/2026,2.749,,Mo,3/30/2026,3.033
,,,,,,,,,,
Fr,3/27/2026,2.67,,Fr,3/27/2026,2.807,,Fr,3/27/2026,3.092
Th,3/26/2026,2.71,,Th,3/26/2026,2.807,,Th,3/26/2026,3.071
We,3/25/2026,2.598,,We,3/25/2026,2.691,,We,3/25/2026,2.956
Tu,3/24/2026,2.669,,Tu,3/24/2026,2.756,,Tu,3/24/2026,3.026
Mo,3/23/2026,2.571,,Mo,3/23/2026,2.709,,Mo,3/23/2026,3.002
,,,,,,,,,,
Fr,3/20/2026,2.669,,Fr,3/20/2026,2.768,,Fr,3/20/2026,3.041
Th,3/19/2026,2.585,,Th,3/19/2026,2.683,,Th,3/19/2026,2.957
We,3/18/2026,2.441,,We,3/18/2026,2.612,,We,3/18/2026,2.938
Tu,3/17/2026,2.379,,Tu,3/17/2026,2.563,,Tu,3/17/2026,2.904
Mo,3/16/2026,2.398,,Mo,3/16/2026,2.601,,Mo,3/16/2026,2.95
,,,,,,,,,,
Fr,3/13/2026,2.437,,Fr,3/13/2026,2.635,,Fr,3/13/2026,2.98
Th,3/12/2026,2.413,,Th,3/12/2026,2.61,,Th,3/12/2026,2.955
We,3/11/2026,2.372,,We,3/11/2026,2.591,,We,3/11/2026,2.931
Tu,3/10/2026,2.248,,Tu,3/10/2026,2.477,,Tu,3/10/2026,2.834
Mo,3/9/2026,2.312,,Mo,3/9/2026,2.519,,Mo,3/9/2026,2.855
,,,,,,,,,,
Fr,3/6/2026,2.307,,Fr,3/6/2026,2.521,,Fr,3/6/2026,2.858
Th,3/5/2026,2.237,,Th,3/5/2026,2.485,,Th,3/5/2026,2.84
We,3/4/2026,2.128,,We,3/4/2026,2.367,,We,3/4/2026,2.749
Tu,3/3/2026,2.15,,Tu,3/3/2026,2.377,,Tu,3/3/2026,2.751
Mo,3/2/2026,2.085,,Mo,3/2/2026,2.325,,Mo,3/2/2026,2.711
,,,,,,,,,,
Fr,2/27/2026,1.995,,Fr,2/27/2026,2.237,,Fr,2/27/2026,2.643
Th,2/26/2026,2.037,,Th,2/26/2026,2.295,,Th,2/26/2026,2.69
We,2/25/2026,2.043,,We,2/25/2026,2.306,,We,2/25/2026,2.706
Tu,2/24/2026,2.041,,Tu,2/24/2026,2.305,,Tu,2/24/2026,2.706
Mo,2/23/2026,2.033,,Mo,2/23/2026,2.305,,Mo,2/23/2026,2.71
,,,,,,,,,,
Fr,2/20/2026,2.052,,Fr,2/20/2026,2.335,,Fr,2/20/2026,2.737
Th,2/19/2026,2.047,,Th,2/19/2026,2.334,,Th,2/19/2026,2.742
We,2/18/2026,2.044,,We,2/18/2026,2.333,,We,2/18/2026,2.738
Tu,2/17/2026,2.034,,Tu,2/17/2026,2.327,,Tu,2/17/2026,2.737
Mo,2/16/2026,2.038,,Mo,2/16/2026,2.338,,Mo,2/16/2026,2.753
,,,,,,,,,,
Fr,2/13/2026,2.035,,Fr,2/13/2026,2.336,,Fr,2/13/2026,2.754
Th,2/12/2026,2.055,,Th,2/12/2026,2.364,,Th,2/12/2026,2.777
We,2/11/2026,2.063,,We,2/11/2026,2.376,,We,2/11/2026,2.791
Tu,2/10/2026,2.065,,Tu,2/10/2026,2.381,,Tu,2/10/2026,2.808
Mo,2/9/2026,2.075,,Mo,2/9/2026,2.405,,Mo,2/9/2026,2.84
,,,,,,,,,,
Fr,2/6/2026,2.082,,Fr,2/6/2026,2.412,,Fr,2/6/2026,2.841
Th,2/5/2026,2.091,,Th,2/5/2026,2.42,,Th,2/5/2026,2.842
We,2/4/2026,2.091,,We,2/4/2026,2.43,,We,2/4/2026,2.858
Tu,2/3/2026,2.118,,Tu,2/3/2026,2.461,,Tu,2/3/2026,2.89
Mo,2/2/2026,2.112,,Mo,2/2/2026,2.447,,Mo,2/2/2026,2.867
,,,,,,,,,,
Fr,1/30/2026,2.085,,Fr,1/30/2026,2.416,,Fr,1/30/2026,2.842
Th,1/29/2026,2.078,,Th,1/29/2026,2.417,,Th,1/29/2026,2.839
We,1/28/2026,2.096,,We,1/28/2026,2.439,,We,1/28/2026,2.856
Tu,1/27/2026,2.121,,Tu,1/27/2026,2.466,,Tu,1/27/2026,2.874
Mo,1/26/2026,2.102,,Mo,1/26/2026,2.464,,Mo,1/26/2026,2.866
,,,,,,,,,,
Fr,1/23/2026,2.127,,Fr,1/23/2026,2.5,,Fr,1/23/2026,2.905
Th,1/22/2026,2.11,,Th,1/22/2026,2.479,,Th,1/22/2026,2.887
We,1/21/2026,2.085,,We,1/21/2026,2.46,,We,1/21/2026,2.881
Tu,1/20/2026,2.068,,Tu,1/20/2026,2.436,,Tu,1/20/2026,2.858
Mo,1/19/2026,2.078,,Mo,1/19/2026,2.434,,Mo,1/19/2026,2.838
,,,,,,,,,,
Fr,1/16/2026,2.109,,Fr,1/16/2026,2.452,,Fr,1/16/2026,2.834
Th,1/15/2026,2.096,,Th,1/15/2026,2.386,,Th,1/15/2026,2.818
We,1/14/2026,2.073,,We,1/14/2026,2.367,,We,1/14/2026,2.813
Tu,1/13/2026,2.091,,Tu,1/13/2026,2.397,,Tu,1/13/2026,2.846
Mo,1/12/2026,2.093,,Mo,1/12/2026,2.399,,Mo,1/12/2026,2.84
,,,,,,,,,,
Fr,1/9/2026,2.105,,Fr,1/9/2026,2.418,,Fr,1/9/2026,2.862
Th,1/8/2026,2.093,,Th,1/8/2026,2.41,,Th,1/8/2026,2.862
We,1/7/2026,2.088,,We,1/7/2026,2.397,,We,1/7/2026,2.811
Tu,1/6/2026,2.098,,Tu,1/6/2026,2.423,,Tu,1/6/2026,2.841
Mo,1/5/2026,2.125,,Mo,1/5/2026,2.452,,Mo,1/5/2026,2.869
,,,,,,,,,,
Fr,1/2/2026,2.138,,Fr,1/2/2026,2.475,,Fr,1/2/2026,2.899
We,12/31/2025,2.12,,We,12/31/2025,2.447,,We,12/31/2025,2.854
Tu,12/30/2025,2.119,,Tu,12/30/2025,2.447,,Tu,12/30/2025,2.854
Mo,12/29/2025,2.113,,Mo,12/29/2025,2.429,,Mo,12/29/2025,2.828
,,,,,,,,,,
We,12/24/2025,2.14,,We,12/24/2025,2.463,,We,12/24/2025,2.861
Tu,12/23/2025,2.14,,Tu,12/23/2025,2.463,,Tu,12/23/2025,2.861
Mo,12/22/2025,2.147,,Mo,12/22/2025,2.484,,Mo,12/22/2025,2.896
,,,,,,,,,,
Fr,12/19/2025,2.152,,Fr,12/19/2025,2.487,,Fr,12/19/2025,2.894
Th,12/18/2025,2.135,,Th,12/18/2025,2.448,,Th,12/18/2025,2.848
We,12/17/2025,2.135,,We,12/17/2025,2.464,,We,12/17/2025,2.863
Tu,12/16/2025,2.132,,Tu,12/16/2025,2.451,,Tu,12/16/2025,2.844
Mo,12/15/2025,2.149,,Mo,12/15/2025,2.468,,Mo,12/15/2025,2.852
,,,,,,,,,,
Fr,12/12/2025,2.152,,Fr,12/12/2025,2.466,,Fr,12/12/2025,2.856
Th,12/11/2025,2.156,,Th,12/11/2025,2.462,,Th,12/11/2025,2.842
We,12/10/2025,2.174,,We,12/10/2025,2.475,,We,12/10/2025,2.85
Tu,12/9/2025,2.151,,Tu,12/9/2025,2.465,,Tu,12/9/2025,2.848
Mo,12/8/2025,2.157,,Mo,12/8/2025,2.478,,Mo,12/8/2025,2.861
,,,,,,,,,,
Fr,12/5/2025,2.093,,Fr,12/5/2025,2.4,,Fr,12/5/2025,2.797
Th,12/4/2025,2.071,,Th,12/4/2025,2.369,,Th,12/4/2025,2.77
We,12/3/2025,2.054,,We,12/3/2025,2.339,,We,12/3/2025,2.746
Tu,12/2/2025,2.049,,Tu,12/2/2025,2.344,,Tu,12/2/2025,2.748
Mo,12/1/2025,2.061,,Mo,12/1/2025,2.342,,Mo,12/1/2025,2.749
,,,,,,,,,,
Fr,11/28/2025,2.026,,Fr,11/28/2025,2.287,,Fr,11/28/2025,2.688
Th,11/27/2025,2.025,,Th,11/27/2025,2.282,,Th,11/27/2025,2.679
We,11/26/2025,2.016,,We,11/26/2025,2.267,,We,11/26/2025,2.67
Tu,11/25/2025,2.013,,Tu,11/25/2025,2.269,,Tu,11/25/2025,2.671
Mo,11/24/2025,2.009,,Mo,11/24/2025,2.278,,Mo,11/24/2025,2.691
,,,,,,,,,,
Fr,11/21/2025,2.012,,Fr,11/21/2025,2.284,,Fr,11/21/2025,2.702
Th,11/20/2025,2.018,,Th,11/20/2025,2.293,,Th,11/20/2025,2.715
We,11/19/2025,2.015,,We,11/19/2025,2.293,,We,11/19/2025,2.711
Tu,11/18/2025,2.017,,Tu,11/18/2025,2.292,,Tu,11/18/2025,2.706
Mo,11/17/2025,2.04,,Mo,11/17/2025,2.308,,Mo,11/17/2025,2.711
,,,,,,,,,,
Fr,11/14/2025,2.034,,Fr,11/14/2025,2.311,,Fr,11/14/2025,2.719
Th,11/13/2025,2.026,,Th,11/13/2025,2.292,,Th,11/13/2025,2.687
We,11/12/2025,1.996,,We,11/12/2025,2.246,,We,11/12/2025,2.643
Tu,11/11/2025,1.999,,Tu,11/11/2025,2.258,,Tu,11/11/2025,2.657
Mo,11/10/2025,2.003,,Mo,11/10/2025,2.267,,Mo,11/10/2025,2.667
,,,,,,,,,,
Fr,11/7/2025,1.987,,Fr,11/7/2025,2.254,,Fr,11/7/2025,2.665
Th,11/6/2025,1.985,,Th,11/6/2025,2.246,,Th,11/6/2025,2.649
We,11/5/2025,2.002,,We,11/5/2025,2.268,,We,11/5/2025,2.672
Tu,11/4/2025,1.994,,Tu,11/4/2025,2.254,,Tu,11/4/2025,2.653
Mo,11/3/2025,1.994,,Mo,11/3/2025,2.267,,Mo,11/3/2025,2.666
,,,,,,,,,,
Fr,10/31/2025,1.966,,Fr,10/31/2025,2.231,,Fr,10/31/2025,2.632
Th,10/30/2025,1.984,,Th,10/30/2025,2.251,,Th,10/30/2025,2.642
We,10/29/2025,1.972,,We,10/29/2025,2.231,,We,10/29/2025,2.62
Tu,10/28/2025,1.972,,Tu,10/28/2025,2.232,,Tu,10/28/2025,2.622
Mo,10/27/2025,1.97,,Mo,10/27/2025,2.226,,Mo,10/27/2025,2.615
,,,,,,,,,,
Fr,10/24/2025,1.967,,Fr,10/24/2025,2.23,,Fr,10/24/2025,2.625
Th,10/23/2025,1.924,,Th,10/23/2025,2.18,,Th,10/23/2025,2.582
We,10/22/2025,1.907,,We,10/22/2025,2.158,,We,10/22/2025,2.562
Tu,10/21/2025,1.905,,Tu,10/21/2025,2.153,,Tu,10/21/2025,2.551
Mo,10/20/2025,1.906,,Mo,10/20/2025,2.167,,Mo,10/20/2025,2.576
,,,,,,,,,,
Fr,10/17/2025,1.906,,Fr,10/17/2025,2.166,,Fr,10/17/2025,2.58
Th,10/16/2025,1.906,,Th,10/16/2025,2.157,,Th,10/16/2025,2.569
We,10/15/2025,1.919,,We,10/15/2025,2.164,,We,10/15/2025,2.57
Tu,10/14/2025,1.932,,Tu,10/14/2025,2.2,,Tu,10/14/2025,2.609
Mo,10/13/2025,1.94,,Mo,10/13/2025,2.216,,Mo,10/13/2025,2.635
,,,,,,,,,,
Fr,10/10/2025,1.957,,Fr,10/10/2025,2.235,,Fr,10/10/2025,2.643
Th,10/9/2025,1.994,,Th,10/9/2025,2.293,,Th,10/9/2025,2.702
We,10/8/2025,1.986,,We,10/8/2025,2.269,,We,10/8/2025,2.678
Tu,10/7/2025,2.001,,Tu,10/7/2025,2.296,,Tu,10/7/2025,2.708
Mo,10/6/2025,2.003,,Mo,10/6/2025,2.304,,Mo,10/6/2025,2.718
,,,,,,,,,,
Fr,10/3/2025,2.015,,Fr,10/3/2025,2.301,,Fr,10/3/2025,2.697
Th,10/2/2025,2.007,,Th,10/2/2025,2.295,,Th,10/2/2025,2.698
We,10/1/2025,2.01,,We,10/1/2025,2.299,,We,10/1/2025,2.712
Tu,9/30/2025,2.018,,Tu,9/30/2025,2.308,,Tu,9/30/2025,2.71
Mo,9/29/2025,2.02,,Mo,9/29/2025,2.31,,Mo,9/29/2025,2.707
,,,,,,,,,,
Fr,9/26/2025,2.027,,Fr,9/26/2025,2.333,,Fr,9/26/2025,2.745
Th,9/25/2025,2.036,,Th,9/25/2025,2.358,,Th,9/25/2025,2.773
We,9/24/2025,2.019,,We,9/24/2025,2.325,,We,9/24/2025,2.747
Tu,9/23/2025,2.019,,Tu,9/23/2025,2.327,,Tu,9/23/2025,2.748
Mo,9/22/2025,2.014,,Mo,9/22/2025,2.318,,Mo,9/22/2025,2.747
,,,,,,,,,,
Fr,9/19/2025,2.019,,Fr,9/19/2025,2.324,,Fr,9/19/2025,2.746
Th,9/18/2025,2.007,,Th,9/18/2025,2.304,,Th,9/18/2025,2.724
We,9/17/2025,2,,We,9/17/2025,2.276,,We,9/17/2025,2.673
Tu,9/16/2025,2,,Tu,9/16/2025,2.283,,Tu,9/16/2025,2.692
Mo,9/15/2025,2.016,,Mo,9/15/2025,2.294,,Mo,9/15/2025,2.69
,,,,,,,,,,
Fr,9/12/2025,2.016,,Fr,9/12/2025,2.306,,Fr,9/12/2025,2.714
Th,9/11/2025,1.983,,Th,9/11/2025,2.255,,Th,9/11/2025,2.655
We,9/10/2025,1.949,,We,9/10/2025,2.224,,We,9/10/2025,2.65
Tu,9/9/2025,1.939,,Tu,9/9/2025,2.224,,Tu,9/9/2025,2.658
Mo,9/8/2025,1.923,,Mo,9/8/2025,2.207,,Mo,9/8/2025,2.641
,,,,,,,,,,
Fr,9/5/2025,1.927,,Fr,9/5/2025,2.218,,Fr,9/5/2025,2.661
Th,9/4/2025,1.961,,Th,9/4/2025,2.268,,Th,9/4/2025,2.718
We,9/3/2025,1.96,,We,9/3/2025,2.279,,We,9/3/2025,2.739
Tu,9/2/2025,1.971,,Tu,9/2/2025,2.311,,Tu,9/2/2025,2.784
Mo,9/1/2025,1.951,,Mo,9/1/2025,2.276,,Mo,9/1/2025,2.746
,,,,,,,,,,
Fr,8/29/2025,1.937,,Fr,8/29/2025,2.256,,Fr,8/29/2025,2.723
Th,8/28/2025,1.931,,Th,8/28/2025,2.241,,Th,8/28/2025,2.693
We,8/27/2025,1.913,,We,8/27/2025,2.235,,We,8/27/2025,2.699
Tu,8/26/2025,1.935,,Tu,8/26/2025,2.267,,Tu,8/26/2025,2.722
Mo,8/25/2025,1.969,,Mo,8/25/2025,2.313,,Mo,8/25/2025,2.756
,,,,,,,,,,
Fr,8/22/2025,1.945,,Fr,8/22/2025,2.275,,Fr,8/22/2025,2.72
Th,8/21/2025,1.969,,Th,8/21/2025,2.313,,Th,8/21/2025,2.756
We,8/20/2025,1.929,,We,8/20/2025,2.272,,We,8/20/2025,2.716
Tu,8/19/2025,1.955,,Tu,8/19/2025,2.305,,Tu,8/19/2025,2.749
Mo,8/18/2025,1.956,,Mo,8/18/2025,2.317,,Mo,8/18/2025,2.762
,,,,,,,,,,
Fr,8/15/2025,1.97,,Fr,8/15/2025,2.339,,Fr,8/15/2025,2.787
Th,8/14/2025,1.942,,Th,8/14/2025,2.281,,Th,8/14/2025,2.711
We,8/13/2025,1.931,,We,8/13/2025,2.255,,We,8/13/2025,2.679
Tu,8/12/2025,1.965,,Tu,8/12/2025,2.316,,Tu,8/12/2025,2.743
Mo,8/11/2025,1.961,,Mo,8/11/2025,2.287,,Mo,8/11/2025,2.695
,,,,,,,,,,
Fr,8/8/2025,1.952,,Fr,8/8/2025,2.281,,Fr,8/8/2025,2.688
Th,8/7/2025,1.916,,Th,8/7/2025,2.225,,Th,8/7/2025,2.629
We,8/6/2025,1.915,,We,8/6/2025,2.233,,We,8/6/2025,2.649
Tu,8/5/2025,1.905,,Tu,8/5/2025,2.213,,Tu,8/5/2025,2.622
Mo,8/4/2025,1.899,,Mo,8/4/2025,2.215,,Mo,8/4/2025,2.623
,,,,,,,,,,
Fr,8/1/2025,1.925,,Fr,8/1/2025,2.259,,Fr,8/1/2025,2.677
Th,7/31/2025,1.96,,Th,7/31/2025,2.293,,Th,7/31/2025,2.693
We,7/30/2025,1.951,,We,7/30/2025,2.294,,We,7/30/2025,2.704
Tu,7/29/2025,1.939,,Tu,7/29/2025,2.291,,Tu,7/29/2025,2.707
Mo,7/28/2025,1.916,,Mo,7/28/2025,2.265,,Mo,7/28/2025,2.688
,,,,,,,,,,
Fr,7/25/2025,1.945,,Fr,7/25/2025,2.297,,Fr,7/25/2025,2.716
Th,7/24/2025,1.929,,Th,7/24/2025,2.279,,Th,7/24/2025,2.701
We,7/23/2025,1.84,,We,7/23/2025,2.192,,We,7/23/2025,2.638
Tu,7/22/2025,1.809,,Tu,7/22/2025,2.15,,Tu,7/22/2025,2.589
Mo,7/21/2025,1.821,,Mo,7/21/2025,2.167,,Mo,7/21/2025,2.612
,,,,,,,,,,
Fr,7/18/2025,1.865,,Fr,7/18/2025,2.238,,Fr,7/18/2025,2.694
Th,7/17/2025,1.858,,Th,7/17/2025,2.227,,Th,7/17/2025,2.673
We,7/16/2025,1.854,,We,7/16/2025,2.229,,We,7/16/2025,2.686
Tu,7/15/2025,1.881,,Tu,7/15/2025,2.261,,Tu,7/15/2025,2.711
Mo,7/14/2025,1.873,,Mo,7/14/2025,2.277,,Mo,7/14/2025,2.728
,,,,,,,,,,
Fr,7/11/2025,1.896,,Fr,7/11/2025,2.285,,Fr,7/11/2025,2.723
Th,7/10/2025,1.886,,Th,7/10/2025,2.271,,Th,7/10/2025,2.703
We,7/9/2025,1.855,,We,7/9/2025,2.237,,We,7/9/2025,2.671
Tu,7/8/2025,1.868,,Tu,7/8/2025,2.252,,Tu,7/8/2025,2.686
Mo,7/7/2025,1.833,,Mo,7/7/2025,2.16,,Mo,7/7/2025,2.642
,,,,,,,,,,
Fr,7/4/2025,1.811,,Fr,7/4/2025,2.124,,Fr,7/4/2025,2.606
Th,7/3/2025,1.831,,Th,7/3/2025,2.141,,Th,7/3/2025,2.613
We,7/2/2025,1.859,,We,7/2/2025,2.182,,We,7/2/2025,2.659
Tu,7/1/2025,1.844,,Tu,7/1/2025,2.146,,Tu,7/1/2025,2.572
Mo,6/30/2025,1.857,,Mo,6/30/2025,2.169,,Mo,6/30/2025,2.605
,,,,,,,,,,
Fr,6/27/2025,1.857,,Fr,6/27/2025,2.161,,Fr,6/27/2025,2.59
Th,6/26/2025,1.821,,Th,6/26/2025,2.133,,Th,6/26/2025,2.568
We,6/25/2025,1.839,,We,6/25/2025,2.141,,We,6/25/2025,2.564
Tu,6/24/2025,1.848,,Tu,6/24/2025,2.13,,Tu,6/24/2025,2.542
Mo,6/23/2025,1.836,,Mo,6/23/2025,2.109,,Mo,6/23/2025,2.506
,,,,,,,,,,
Fr,6/20/2025,1.845,,Fr,6/20/2025,2.117,,Fr,6/20/2025,2.516
Th,6/19/2025,1.837,,Th,6/19/2025,2.121,,Th,6/19/2025,2.52
We,6/18/2025,1.838,,We,6/18/2025,2.102,,We,6/18/2025,2.496
Tu,6/17/2025,1.864,,Tu,6/17/2025,2.14,,Tu,6/17/2025,2.533
Mo,6/16/2025,1.838,,Mo,6/16/2025,2.119,,Mo,6/16/2025,2.525
,,,,,,,,,,
Fr,6/13/2025,1.851,,Fr,6/13/2025,2.134,,Fr,6/13/2025,2.533
Th,6/12/2025,1.81,,Th,6/12/2025,2.078,,Th,6/12/2025,2.475
We,6/11/2025,1.841,,We,6/11/2025,2.125,,We,6/11/2025,2.534
Tu,6/10/2025,1.842,,Tu,6/10/2025,2.122,,Tu,6/10/2025,2.522
Mo,6/9/2025,1.862,,Mo,6/9/2025,2.155,,Mo,6/9/2025,2.564
,,,,,,,,,,
Fr,6/6/2025,1.879,,Fr,6/6/2025,2.175,,Fr,6/6/2025,2.573
Th,6/5/2025,1.869,,Th,6/5/2025,2.169,,Th,6/5/2025,2.579
We,6/4/2025,1.792,,We,6/4/2025,2.095,,We,6/4/2025,2.526
Tu,6/3/2025,1.781,,Tu,6/3/2025,2.081,,Tu,6/3/2025,2.524
Mo,6/2/2025,1.787,,Mo,6/2/2025,2.083,,Mo,6/2/2025,2.523
,,,,,,,,,,
Fr,5/30/2025,1.772,,Fr,5/30/2025,2.063,,Fr,5/30/2025,2.499
Th,5/29/2025,1.764,,Th,5/29/2025,2.067,,Th,5/29/2025,2.506
We,5/28/2025,1.795,,We,5/28/2025,2.106,,We,5/28/2025,2.553
Tu,5/27/2025,1.785,,Tu,5/27/2025,2.092,,Tu,5/27/2025,2.531
Mo,5/26/2025,1.776,,Mo,5/26/2025,2.097,,Mo,5/26/2025,2.559
,,,,,,,,,,
Fr,5/23/2025,1.759,,Fr,5/23/2025,2.096,,Fr,5/23/2025,2.566
Th,5/22/2025,1.827,,Th,5/22/2025,2.171,,Th,5/22/2025,2.642
We,5/21/2025,1.867,,We,5/21/2025,2.192,,We,5/21/2025,2.644
Tu,5/20/2025,1.838,,Tu,5/20/2025,2.15,,Tu,5/20/2025,2.605
Mo,5/19/2025,1.839,,Mo,5/19/2025,2.148,,Mo,5/19/2025,2.587
,,,,,,,,,,
Fr,5/16/2025,1.85,,Fr,5/16/2025,2.153,,Fr,5/16/2025,2.589
Th,5/15/2025,1.876,,Th,5/15/2025,2.189,,Th,5/15/2025,2.62
We,5/14/2025,1.937,,We,5/14/2025,2.268,,We,5/14/2025,2.697
Tu,5/13/2025,1.932,,Tu,5/13/2025,2.244,,Tu,5/13/2025,2.678
Mo,5/12/2025,1.909,,Mo,5/12/2025,2.22,,Mo,5/12/2025,2.647
,,,,,,,,,,
Fr,5/9/2025,1.781,,Fr,5/9/2025,2.098,,Fr,5/9/2025,2.561
Th,5/8/2025,1.769,,Th,5/8/2025,2.078,,Th,5/8/2025,2.532
We,5/7/2025,1.71,,We,5/7/2025,2.012,,We,5/7/2025,2.473
Tu,5/6/2025,1.739,,Tu,5/6/2025,2.063,,Tu,5/6/2025,2.539
Mo,5/5/2025,1.75,,Mo,5/5/2025,2.059,,Mo,5/5/2025,2.516
,,,,,,,,,,
Fr,5/2/2025,1.759,,Fr,5/2/2025,2.078,,Fr,5/2/2025,2.532
We,4/30/2025,1.683,,We,4/30/2025,1.984,,We,4/30/2025,2.443
Tu,4/29/2025,1.734,,Tu,4/29/2025,2.044,,Tu,4/29/2025,2.496
Mo,4/28/2025,1.739,,Mo,4/28/2025,2.058,,Mo,4/28/2025,2.519
,,,,,,,,,,
Fr,4/25/2025,1.716,,Fr,4/25/2025,2.015,,Fr,4/25/2025,2.468
Th,4/24/2025,1.681,,Th,4/24/2025,1.986,,Th,4/24/2025,2.446
We,4/23/2025,1.743,,We,4/23/2025,2.047,,We,4/23/2025,2.496
Tu,4/22/2025,1.658,,Tu,4/22/2025,1.981,,Tu,4/22/2025,2.442
,,,,,,,,,,
Th,4/17/2025,1.682,,Th,4/17/2025,2.017,,Th,4/17/2025,2.469
We,4/16/2025,1.744,,We,4/16/2025,2.059,,We,4/16/2025,2.506
Tu,4/15/2025,1.763,,Tu,4/15/2025,2.088,,Tu,4/15/2025,2.532
Mo,4/14/2025,1.755,,Mo,4/14/2025,2.072,,Mo,4/14/2025,2.509
,,,,,,,,,,
Fr,4/11/2025,1.784,,Fr,4/11/2025,2.13,,Fr,4/11/2025,2.567
Th,4/10/2025,1.781,,Th,4/10/2025,2.111,,Th,4/10/2025,2.577
We,4/9/2025,1.721,,We,4/9/2025,2.1,,We,4/9/2025,2.589
Tu,4/8/2025,1.831,,Tu,4/8/2025,2.172,,Tu,4/8/2025,2.629
Mo,4/7/2025,1.774,,Mo,4/7/2025,2.108,,Mo,4/7/2025,2.61
,,,,,,,,,,
Fr,4/4/2025,1.822,,Fr,4/4/2025,2.126,,Fr,4/4/2025,2.576
Th,4/3/2025,1.945,,Th,4/3/2025,2.231,,Th,4/3/2025,2.65
We,4/2/2025,2.035,,We,4/2/2025,2.327,,We,4/2/2025,2.72
Tu,4/1/2025,2.019,,Tu,4/1/2025,2.302,,Tu,4/1/2025,2.685
Mo,3/31/2025,2.045,,Mo,3/31/2025,2.337,,Mo,3/31/2025,2.736
,,,,,,,,,,
Fr,3/28/2025,2.017,,Fr,3/28/2025,2.318,,Fr,3/28/2025,2.726
Th,3/27/2025,2.065,,Th,3/27/2025,2.371,,Th,3/27/2025,2.772
We,3/26/2025,2.116,,We,3/26/2025,2.413,,We,3/26/2025,2.794
Tu,3/25/2025,2.134,,Tu,3/25/2025,2.426,,Tu,3/25/2025,2.796
Mo,3/24/2025,2.118,,Mo,3/24/2025,2.402,,Mo,3/24/2025,2.77
,,,,,,,,,,
Fr,3/21/2025,2.128,,Fr,3/21/2025,2.402,,Fr,3/21/2025,2.764
Th,3/20/2025,2.168,,Th,3/20/2025,2.435,,Th,3/20/2025,2.779
We,3/19/2025,2.192,,We,3/19/2025,2.464,,We,3/19/2025,2.802
Tu,3/18/2025,2.172,,Tu,3/18/2025,2.458,,Tu,3/18/2025,2.809
Mo,3/17/2025,2.186,,Mo,3/17/2025,2.471,,Mo,3/17/2025,2.817
,,,,,,,,,,
Fr,3/14/2025,2.181,,Fr,3/14/2025,2.5,,Fr,3/14/2025,2.874
Th,3/13/2025,2.178,,Th,3/13/2025,2.484,,Th,3/13/2025,2.853
We,3/12/2025,2.22,,We,3/12/2025,2.52,,We,3/12/2025,2.876
Tu,3/11/2025,2.194,,Tu,3/11/2025,2.517,,Tu,3/11/2025,2.895
Mo,3/10/2025,2.211,,Mo,3/10/2025,2.489,,Mo,3/10/2025,2.832
,,,,,,,,,,
Fr,3/7/2025,2.242,,Fr,3/7/2025,2.514,,Fr,3/7/2025,2.835
Th,3/6/2025,2.241,,Th,3/6/2025,2.518,,Th,3/6/2025,2.832
We,3/5/2025,2.245,,We,3/5/2025,2.484,,We,3/5/2025,2.791
Tu,3/4/2025,2.033,,Tu,3/4/2025,2.183,,Tu,3/4/2025,2.493
Mo,3/3/2025,2.063,,Mo,3/3/2025,2.208,,Mo,3/3/2025,2.49
,,,,,,,,,,
Fr,2/28/2025,2.021,,Fr,2/28/2025,2.149,,Fr,2/28/2025,2.405
Th,2/27/2025,2.031,,Th,2/27/2025,2.163,,Th,2/27/2025,2.413
We,2/26/2025,2.064,,We,2/26/2025,2.195,,We,2/26/2025,2.432
Tu,2/25/2025,2.06,,Tu,2/25/2025,2.213,,Tu,2/25/2025,2.457
Mo,2/24/2025,2.083,,Mo,2/24/2025,2.233,,Mo,2/24/2025,2.476
,,,,,,,,,,
Fr,2/21/2025,2.102,,Fr,2/21/2025,2.239,,Fr,2/21/2025,2.469
Th,2/20/2025,2.148,,Th,2/20/2025,2.3,,Th,2/20/2025,2.532
We,2/19/2025,2.173,,We,2/19/2025,2.326,,We,2/19/2025,2.556
Tu,2/18/2025,2.127,,Tu,2/18/2025,2.265,,Tu,2/18/2025,2.492
Mo,2/17/2025,2.135,,Mo,2/17/2025,2.265,,Mo,2/17/2025,2.488
,,,,,,,,,,
Fr,2/14/2025,2.11,,Fr,2/14/2025,2.224,,Fr,2/14/2025,2.431
Th,2/13/2025,2.083,,Th,2/13/2025,2.206,,Th,2/13/2025,2.417
We,2/12/2025,2.132,,We,2/12/2025,2.265,,We,2/12/2025,2.476
Tu,2/11/2025,2.079,,Tu,2/11/2025,2.209,,Tu,2/11/2025,2.429
Mo,2/10/2025,2.021,,Mo,2/10/2025,2.141,,Mo,2/10/2025,2.36
,,,,,,,,,,
Fr,2/7/2025,2.043,,Fr,2/7/2025,2.152,,Fr,2/7/2025,2.37
Th,2/6/2025,2.054,,Th,2/6/2025,2.163,,Th,2/6/2025,2.377
We,2/5/2025,2.051,,We,2/5/2025,2.153,,We,2/5/2025,2.364
Tu,2/4/2025,2.046,,Tu,2/4/2025,2.169,,Tu,2/4/2025,2.395
Mo,2/3/2025,2.025,,Mo,2/3/2025,2.153,,Mo,2/3/2025,2.383
,,,,,,,,,,
Fr,1/31/2025,2.11,,Fr,1/31/2025,2.233,,Fr,1/31/2025,2.458
Th,1/30/2025,2.199,,Th,1/30/2025,2.313,,Th,1/30/2025,2.517
We,1/29/2025,2.267,,We,1/29/2025,2.381,,We,1/29/2025,2.582
Tu,1/28/2025,2.263,,Tu,1/28/2025,2.363,,Tu,1/28/2025,2.563
Mo,1/27/2025,2.245,,Mo,1/27/2025,2.339,,Mo,1/27/2025,2.53
,,,,,,,,,,
Fr,1/24/2025,2.286,,Fr,1/24/2025,2.38,,Fr,1/24/2025,2.568
Th,1/23/2025,2.241,,Th,1/23/2025,2.348,,Th,1/23/2025,2.548
We,1/22/2025,2.233,,We,1/22/2025,2.334,,We,1/22/2025,2.529
Tu,1/21/2025,2.212,,Tu,1/21/2025,2.317,,Tu,1/21/2025,2.509
Mo,1/20/2025,2.219,,Mo,1/20/2025,2.327,,Mo,1/20/2025,2.526
,,,,,,,,,,
Fr,1/17/2025,2.224,,Fr,1/17/2025,2.337,,Fr,1/17/2025,2.532
Th,1/16/2025,2.226,,Th,1/16/2025,2.343,,Th,1/16/2025,2.544
We,1/15/2025,2.255,,We,1/15/2025,2.364,,We,1/15/2025,2.559
Tu,1/14/2025,2.315,,Tu,1/14/2025,2.457,,Tu,1/14/2025,2.65
Mo,1/13/2025,2.289,,Mo,1/13/2025,2.394,,Mo,1/13/2025,2.612
,,,,,,,,,,
Fr,1/10/2025,2.28,,Fr,1/10/2025,2.378,,Fr,1/10/2025,2.593
Th,1/9/2025,2.227,,Th,1/9/2025,2.329,,Th,1/9/2025,2.565
We,1/8/2025,2.199,,We,1/8/2025,2.297,,We,1/8/2025,2.546
Tu,1/7/2025,2.191,,Tu,1/7/2025,2.276,,Tu,1/7/2025,2.481
Mo,1/6/2025,2.19,,Mo,1/6/2025,2.261,,Mo,1/6/2025,2.446
,,,,,,,,,,
Fr,1/3/2025,2.156,,Fr,1/3/2025,2.227,,Fr,1/3/2025,2.423
Th,1/2/2025,2.094,,Th,1/2/2025,2.168,,Th,1/2/2025,2.376
Tu,12/31/2024,2.077,,Tu,12/31/2024,2.152,,Tu,12/31/2024,2.364
Mo,12/30/2024,2.077,,Mo,12/30/2024,2.152,,Mo,12/30/2024,2.365
,,,,,,,,,,
Fr,12/27/2024,2.092,,Fr,12/27/2024,2.188,,Fr,12/27/2024,2.395
Tu,12/24/2024,2.051,,Tu,12/24/2024,2.124,,Tu,12/24/2024,2.32
Mo,12/23/2024,2.051,,Mo,12/23/2024,2.124,,Mo,12/23/2024,2.32
,,,,,,,,,,
Fr,12/20/2024,2.024,,Fr,12/20/2024,2.087,,Fr,12/20/2024,2.283
Th,12/19/2024,2.045,,Th,12/19/2024,2.11,,Th,12/19/2024,2.303
We,12/18/2024,2.024,,We,12/18/2024,2.068,,We,12/18/2024,2.244
Tu,12/17/2024,2.047,,Tu,12/17/2024,2.065,,Tu,12/17/2024,2.229
Mo,12/16/2024,2.046,,Mo,12/16/2024,2.069,,Mo,12/16/2024,2.246
,,,,,,,,,,
Fr,12/13/2024,2.067,,Fr,12/13/2024,2.086,,Fr,12/13/2024,2.256
Th,12/12/2024,2.016,,Th,12/12/2024,2.035,,Th,12/12/2024,2.204
We,12/11/2024,1.947,,We,12/11/2024,1.952,,We,12/11/2024,2.126
Tu,12/10/2024,1.958,,Tu,12/10/2024,1.953,,Tu,12/10/2024,2.12
Mo,12/9/2024,1.994,,Mo,12/9/2024,1.975,,Mo,12/9/2024,2.12
,,,,,,,,,,
Fr,12/6/2024,1.997,,Fr,12/6/2024,1.967,,Fr,12/6/2024,2.106
Th,12/5/2024,2.012,,Th,12/5/2024,1.983,,Th,12/5/2024,2.11
We,12/4/2024,1.947,,We,12/4/2024,1.915,,We,12/4/2024,2.059
Tu,12/3/2024,1.935,,Tu,12/3/2024,1.9,,Tu,12/3/2024,2.053
Mo,12/2/2024,1.893,,Mo,12/2/2024,1.867,,Mo,12/2/2024,2.032
,,,,,,,,,,
Fr,11/29/2024,1.945,,Fr,11/29/2024,1.924,,Fr,11/29/2024,2.086
Th,11/28/2024,1.994,,Th,11/28/2024,1.971,,Th,11/28/2024,2.125
We,11/27/2024,2.029,,We,11/27/2024,2.008,,We,11/27/2024,2.159
Tu,11/26/2024,2.013,,Tu,11/26/2024,2.028,,Tu,11/26/2024,2.185
Mo,11/25/2024,2.018,,Mo,11/25/2024,2.047,,Mo,11/25/2024,2.208
,,,,,,,,,,
Fr,11/22/2024,1.987,,Fr,11/22/2024,2.055,,Fr,11/22/2024,2.241
Th,11/21/2024,2.102,,Th,11/21/2024,2.14,,Th,11/21/2024,2.316
We,11/20/2024,2.126,,We,11/20/2024,2.176,,We,11/20/2024,2.349
Tu,11/19/2024,2.133,,Tu,11/19/2024,2.168,,Tu,11/19/2024,2.336
Mo,11/18/2024,2.17,,Mo,11/18/2024,2.201,,Mo,11/18/2024,2.371
,,,,,,,,,,
Fr,11/15/2024,2.116,,Fr,11/15/2024,2.174,,Fr,11/15/2024,2.354
Th,11/14/2024,2.096,,Th,11/14/2024,2.152,,Th,11/14/2024,2.339
We,11/13/2024,2.151,,We,11/13/2024,2.216,,We,11/13/2024,2.387
Tu,11/12/2024,2.121,,Tu,11/12/2024,2.182,,Tu,11/12/2024,2.36
Mo,11/11/2024,2.132,,Mo,11/11/2024,2.154,,Mo,11/11/2024,2.325
,,,,,,,,,,
Fr,11/8/2024,2.18,,Fr,11/8/2024,2.201,,Fr,11/8/2024,2.365
Th,11/7/2024,2.209,,Th,11/7/2024,2.257,,Th,11/7/2024,2.444
We,11/6/2024,2.173,,We,11/6/2024,2.205,,We,11/6/2024,2.404
Tu,11/5/2024,2.295,,Tu,11/5/2024,2.287,,Tu,11/5/2024,2.424
Mo,11/4/2024,2.259,,Mo,11/4/2024,2.256,,Mo,11/4/2024,2.392
,,,,,,,,,,
Fr,11/1/2024,2.245,,Fr,11/1/2024,2.253,,Fr,11/1/2024,2.404
Th,10/31/2024,2.276,,Th,10/31/2024,2.265,,Th,10/31/2024,2.388
We,10/30/2024,2.255,,We,10/30/2024,2.257,,We,10/30/2024,2.387
Tu,10/29/2024,2.138,,Tu,10/29/2024,2.157,,Tu,10/29/2024,2.336
Mo,10/28/2024,2.096,,Mo,10/28/2024,2.101,,Mo,10/28/2024,2.285
,,,,,,,,,,
Fr,10/25/2024,2.112,,Fr,10/25/2024,2.113,,Fr,10/25/2024,2.29
Th,10/24/2024,2.072,,Th,10/24/2024,2.076,,Th,10/24/2024,2.265
We,10/23/2024,2.096,,We,10/23/2024,2.111,,We,10/23/2024,2.303
Tu,10/22/2024,2.168,,Tu,10/22/2024,2.142,,Tu,10/22/2024,2.317
Mo,10/21/2024,2.177,,Mo,10/21/2024,2.109,,Mo,10/21/2024,2.281
,,,,,,,,,,
Fr,10/18/2024,2.104,,Fr,10/18/2024,2.017,,Fr,10/18/2024,2.182
Th,10/17/2024,2.142,,Th,10/17/2024,2.049,,Th,10/17/2024,2.208
We,10/16/2024,2.166,,We,10/16/2024,2.04,,We,10/16/2024,2.183
Tu,10/15/2024,2.208,,Tu,10/15/2024,2.081,,Tu,10/15/2024,2.221
Mo,10/14/2024,2.254,,Mo,10/14/2024,2.136,,Mo,10/14/2024,2.273
,,,,,,,,,,
Fr,10/11/2024,2.232,,Fr,10/11/2024,2.119,,Fr,10/11/2024,2.265
Th,10/10/2024,2.23,,Th,10/10/2024,2.111,,Th,10/10/2024,2.256
We,10/9/2024,2.257,,We,10/9/2024,2.125,,We,10/9/2024,2.256
Tu,10/8/2024,2.225,,Tu,10/8/2024,2.1,,Tu,10/8/2024,2.242
Mo,10/7/2024,2.243,,Mo,10/7/2024,2.121,,Mo,10/7/2024,2.254
,,,,,,,,,,
Fr,10/4/2024,2.2,,Fr,10/4/2024,2.07,,Fr,10/4/2024,2.209
Th,10/3/2024,2.078,,Th,10/3/2024,1.971,,Th,10/3/2024,2.143
We,10/2/2024,2.035,,We,10/2/2024,1.918,,We,10/2/2024,2.089
Tu,10/1/2024,2.016,,Tu,10/1/2024,1.872,,Tu,10/1/2024,2.035
Mo,9/30/2024,2.064,,Mo,9/30/2024,1.944,,Mo,9/30/2024,2.122
,,,,,,,,,,
Fr,9/27/2024,2.074,,Fr,9/27/2024,1.951,,Fr,9/27/2024,2.132
Th,9/26/2024,2.125,,Th,9/26/2024,2.003,,Th,9/26/2024,2.181
We,9/25/2024,2.118,,We,9/25/2024,1.995,,We,9/25/2024,2.173
Tu,9/24/2024,2.094,,Tu,9/24/2024,1.965,,Tu,9/24/2024,2.146
Mo,9/23/2024,2.146,,Mo,9/23/2024,1.998,,Mo,9/23/2024,2.155
,,,,,,,,,,
Fr,9/20/2024,2.227,,Fr,9/20/2024,2.064,,Fr,9/20/2024,2.206
Th,9/19/2024,2.219,,Th,9/19/2024,2.052,,Th,9/19/2024,2.196
We,9/18/2024,2.262,,We,9/18/2024,2.07,,We,9/18/2024,2.189
Tu,9/17/2024,2.224,,Tu,9/17/2024,2.03,,Tu,9/17/2024,2.142
Mo,9/16/2024,2.18,,Mo,9/16/2024,1.994,,Mo,9/16/2024,2.121
,,,,,,,,,,
Fr,9/13/2024,2.206,,Fr,9/13/2024,2.017,,Fr,9/13/2024,2.147
Th,9/12/2024,2.22,,Th,9/12/2024,2.023,,Th,9/12/2024,2.149
We,9/11/2024,2.148,,We,9/11/2024,1.969,,We,9/11/2024,2.11
Tu,9/10/2024,2.174,,Tu,9/10/2024,1.991,,Tu,9/10/2024,2.129
Mo,9/9/2024,2.21,,Mo,9/9/2024,2.032,,Mo,9/9/2024,2.167
,,,,,,,,,,
Fr,9/6/2024,2.226,,Fr,9/6/2024,2.044,,Fr,9/6/2024,2.17
Th,9/5/2024,2.292,,Th,9/5/2024,2.092,,Th,9/5/2024,2.206
We,9/4/2024,2.32,,We,9/4/2024,2.109,,We,9/4/2024,2.223
Tu,9/3/2024,2.376,,Tu,9/3/2024,2.169,,Tu,9/3/2024,2.275
Mo,9/2/2024,2.416,,Mo,9/2/2024,2.222,,Mo,9/2/2024,2.336
,,,,,,,,,,
Fr,8/30/2024,2.388,,Fr,8/30/2024,2.187,,Fr,8/30/2024,2.298
Th,8/29/2024,2.352,,Th,8/29/2024,2.153,,Th,8/29/2024,2.272
We,8/28/2024,2.381,,We,8/28/2024,2.162,,We,8/28/2024,2.258
Tu,8/27/2024,2.399,,Tu,8/27/2024,2.184,,Tu,8/27/2024,2.287
Mo,8/26/2024,2.392,,Mo,8/26/2024,2.159,,Mo,8/26/2024,2.245
,,,,,,,,,,
Fr,8/23/2024,2.37,,Fr,8/23/2024,2.13,,Fr,8/23/2024,2.223
Th,8/22/2024,2.393,,Th,8/22/2024,2.155,,Th,8/22/2024,2.242
We,8/21/2024,2.352,,We,8/21/2024,2.103,,We,8/21/2024,2.189
Tu,8/20/2024,2.402,,Tu,8/20/2024,2.139,,Tu,8/20/2024,2.213
Mo,8/19/2024,2.429,,Mo,8/19/2024,2.173,,Mo,8/19/2024,2.244
,,,,,,,,,,
Fr,8/16/2024,2.43,,Fr,8/16/2024,2.172,,Fr,8/16/2024,2.245
Th,8/15/2024,2.455,,Th,8/15/2024,2.191,,Th,8/15/2024,2.26
We,8/14/2024,2.35,,We,8/14/2024,2.09,,We,8/14/2024,2.179
Tu,8/13/2024,2.334,,Tu,8/13/2024,2.088,,Tu,8/13/2024,2.183
Mo,8/12/2024,2.387,,Mo,8/12/2024,2.133,,Mo,8/12/2024,2.223
,,,,,,,,,,
Fr,8/9/2024,2.379,,Fr,8/9/2024,2.129,,Fr,8/9/2024,2.223
Th,8/8/2024,2.391,,Th,8/8/2024,2.157,,Th,8/8/2024,2.265
We,8/7/2024,2.404,,We,8/7/2024,2.165,,We,8/7/2024,2.267
Tu,8/6/2024,2.383,,Tu,8/6/2024,2.119,,Tu,8/6/2024,2.198
Mo,8/5/2024,2.346,,Mo,8/5/2024,2.094,,Mo,8/5/2024,2.188
,,,,,,,,,,
Fr,8/2/2024,2.345,,Fr,8/2/2024,2.075,,Fr,8/2/2024,2.172
Th,8/1/2024,2.447,,Th,8/1/2024,2.16,,Th,8/1/2024,2.242
We,7/31/2024,2.525,,We,7/31/2024,2.229,,We,7/31/2024,2.302
Tu,7/30/2024,2.546,,Tu,7/30/2024,2.26,,Tu,7/30/2024,2.337
Mo,7/29/2024,2.588,,Mo,7/29/2024,2.289,,Mo,7/29/2024,2.356
,,,,,,,,,,
Fr,7/26/2024,2.612,,Fr,7/26/2024,2.329,,Fr,7/26/2024,2.406
Th,7/25/2024,2.629,,Th,7/25/2024,2.345,,Th,7/25/2024,2.416
We,7/24/2024,2.649,,We,7/24/2024,2.368,,We,7/24/2024,2.442
Tu,7/23/2024,2.707,,Tu,7/23/2024,2.394,,Tu,7/23/2024,2.436
Mo,7/22/2024,2.824,,Mo,7/22/2024,2.458,,Mo,7/22/2024,2.493
,,,,,,,,,,
Fr,7/19/2024,2.777,,Fr,7/19/2024,2.419,,Fr,7/19/2024,2.466
Th,7/18/2024,2.761,,Th,7/18/2024,2.391,,Th,7/18/2024,2.43
We,7/17/2024,2.771,,We,7/17/2024,2.395,,We,7/17/2024,2.419
Tu,7/16/2024,2.758,,Tu,7/16/2024,2.389,,Tu,7/16/2024,2.425
Mo,7/15/2024,2.793,,Mo,7/15/2024,2.441,,Mo,7/15/2024,2.47
,,,,,,,,,,
Fr,7/12/2024,2.816,,Fr,7/12/2024,2.472,,Fr,7/12/2024,2.494
Th,7/11/2024,2.787,,Th,7/11/2024,2.437,,Th,7/11/2024,2.461
We,7/10/2024,2.893,,We,7/10/2024,2.524,,We,7/10/2024,2.531
Tu,7/9/2024,2.921,,Tu,7/9/2024,2.56,,Tu,7/9/2024,2.578
Mo,7/8/2024,2.902,,Mo,7/8/2024,2.525,,Mo,7/8/2024,2.538
,,,,,,,,,,
Fr,7/5/2024,2.884,,Fr,7/5/2024,2.528,,Fr,7/5/2024,2.553
Th,7/4/2024,2.939,,Th,7/4/2024,2.588,,Th,7/4/2024,2.606
We,7/3/2024,2.916,,We,7/3/2024,2.559,,We,7/3/2024,2.583
Tu,7/2/2024,2.901,,Tu,7/2/2024,2.577,,Tu,7/2/2024,2.6
Mo,7/1/2024,2.919,,Mo,7/1/2024,2.585,,Mo,7/1/2024,2.605
,,,,,,,,,,
Fr,6/28/2024,2.828,,Fr,6/28/2024,2.479,,Fr,6/28/2024,2.497
Th,6/27/2024,2.804,,Th,6/27/2024,2.441,,Th,6/27/2024,2.447
We,6/26/2024,2.821,,We,6/26/2024,2.454,,We,6/26/2024,2.45
Tu,6/25/2024,2.803,,Tu,6/25/2024,2.421,,Tu,6/25/2024,2.408
Mo,6/24/2024,2.802,,Mo,6/24/2024,2.428,,Mo,6/24/2024,2.417
,,,,,,,,,,
Fr,6/21/2024,2.782,,Fr,6/21/2024,2.41,,Fr,6/21/2024,2.408
Th,6/20/2024,2.825,,Th,6/20/2024,2.446,,Th,6/20/2024,2.431
We,6/19/2024,2.805,,We,6/19/2024,2.418,,We,6/19/2024,2.403
Tu,6/18/2024,2.799,,Tu,6/18/2024,2.413,,Tu,6/18/2024,2.395
Mo,6/17/2024,2.81,,Mo,6/17/2024,2.422,,Mo,6/17/2024,2.412
,,,,,,,,,,
Fr,6/14/2024,2.759,,Fr,6/14/2024,2.371,,Fr,6/14/2024,2.359
Th,6/13/2024,2.868,,Th,6/13/2024,2.479,,Th,6/13/2024,2.469
We,6/12/2024,2.95,,We,6/12/2024,2.558,,We,6/12/2024,2.529
Tu,6/11/2024,3.018,,Tu,6/11/2024,2.647,,Tu,6/11/2024,2.621
Mo,6/10/2024,3.083,,Mo,6/10/2024,2.706,,Mo,6/10/2024,2.669
,,,,,,,,,,
Fr,6/7/2024,3.082,,Fr,6/7/2024,2.681,,Fr,6/7/2024,2.618
Th,6/6/2024,3.014,,Th,6/6/2024,2.603,,Th,6/6/2024,2.548
We,6/5/2024,2.977,,We,6/5/2024,2.559,,We,6/5/2024,2.511
Tu,6/4/2024,2.99,,Tu,6/4/2024,2.574,,Tu,6/4/2024,2.533
Mo,6/3/2024,3.024,,Mo,6/3/2024,2.618,,Mo,6/3/2024,2.579
,,,,,,,,,,
Fr,5/31/2024,3.093,,Fr,5/31/2024,2.706,,Fr,5/31/2024,2.663
Th,5/30/2024,3.073,,Th,5/30/2024,2.686,,Th,5/30/2024,2.651
We,5/29/2024,3.098,,We,5/29/2024,2.716,,We,5/29/2024,2.689
Tu,5/28/2024,3.056,,Tu,5/28/2024,2.642,,Tu,5/28/2024,2.591
Mo,5/27/2024,3.035,,Mo,5/27/2024,2.608,,Mo,5/27/2024,2.546
,,,,,,,,,,
Fr,5/24/2024,3.084,,Fr,5/24/2024,2.65,,Fr,5/24/2024,2.583
Th,5/23/2024,3.076,,Th,5/23/2024,2.657,,Th,5/23/2024,2.595
We,5/22/2024,3.006,,We,5/22/2024,2.583,,We,5/22/2024,2.534
Tu,5/21/2024,2.967,,Tu,5/21/2024,2.543,,Tu,5/21/2024,2.498
Mo,5/20/2024,2.99,,Mo,5/20/2024,2.572,,Mo,5/20/2024,2.528
,,,,,,,,,,
Fr,5/17/2024,2.983,,Fr,5/17/2024,2.56,,Fr,5/17/2024,2.515
Th,5/16/2024,2.923,,Th,5/16/2024,2.499,,Th,5/16/2024,2.459
We,5/15/2024,2.891,,We,5/15/2024,2.456,,We,5/15/2024,2.422
Tu,5/14/2024,2.983,,Tu,5/14/2024,2.577,,Tu,5/14/2024,2.547
Mo,5/13/2024,2.95,,Mo,5/13/2024,2.539,,Mo,5/13/2024,2.509
,,,,,,,,,,
Fr,5/10/2024,2.963,,Fr,5/10/2024,2.548,,Fr,5/10/2024,2.516
Th,5/9/2024,2.932,,Th,5/9/2024,2.52,,Th,5/9/2024,2.494
We,5/8/2024,2.927,,We,5/8/2024,2.499,,We,5/8/2024,2.462
Tu,5/7/2024,2.896,,Tu,5/7/2024,2.456,,Tu,5/7/2024,2.419
Mo,5/6/2024,2.909,,Mo,5/6/2024,2.491,,Mo,5/6/2024,2.467
,,,,,,,,,,
Fr,5/3/2024,2.92,,Fr,5/3/2024,2.513,,Fr,5/3/2024,2.494
Th,5/2/2024,2.985,,Th,5/2/2024,2.571,,Th,5/2/2024,2.54
Tu,4/30/2024,3.03,,Tu,4/30/2024,2.615,,Tu,4/30/2024,2.583
Mo,4/29/2024,2.954,,Mo,4/29/2024,2.547,,Mo,4/29/2024,2.532
,,,,,,,,,,
Fr,4/26/2024,2.982,,Fr,4/26/2024,2.585,,Fr,4/26/2024,2.574
Th,4/25/2024,3.008,,Th,4/25/2024,2.633,,Th,4/25/2024,2.629
We,4/24/2024,2.962,,We,4/24/2024,2.587,,We,4/24/2024,2.587
Tu,4/23/2024,2.913,,Tu,4/23/2024,2.509,,Tu,4/23/2024,2.501
Mo,4/22/2024,2.962,,Mo,4/22/2024,2.493,,Mo,4/22/2024,2.485
,,,,,,,,,,
Fr,4/19/2024,2.997,,Fr,4/19/2024,2.523,,Fr,4/19/2024,2.499
Th,4/18/2024,2.978,,Th,4/18/2024,2.511,,Th,4/18/2024,2.496
We,4/17/2024,2.941,,We,4/17/2024,2.474,,We,4/17/2024,2.464
Tu,4/16/2024,2.934,,Tu,4/16/2024,2.483,,Tu,4/16/2024,2.485
Mo,4/15/2024,2.908,,Mo,4/15/2024,2.439,,Mo,4/15/2024,2.439
,,,,,,,,,,
Fr,4/12/2024,2.851,,Fr,4/12/2024,2.364,,Fr,4/12/2024,2.358
Th,4/11/2024,2.958,,Th,4/11/2024,2.476,,Th,4/11/2024,2.462
We,4/10/2024,2.962,,We,4/10/2024,2.459,,We,4/10/2024,2.434
Tu,4/9/2024,2.885,,Tu,4/9/2024,2.384,,Tu,4/9/2024,2.37
Mo,4/8/2024,2.923,,Mo,4/8/2024,2.439,,Mo,4/8/2024,2.434
,,,,,,,,,,
Fr,4/5/2024,2.871,,Fr,4/5/2024,2.388,,Fr,4/5/2024,2.397
Th,4/4/2024,2.86,,Th,4/4/2024,2.363,,Th,4/4/2024,2.36
We,4/3/2024,2.85,,We,4/3/2024,2.378,,We,4/3/2024,2.394
Tu,4/2/2024,2.836,,Tu,4/2/2024,2.379,,Tu,4/2/2024,2.398
,,,,,,,,,,
Th,3/28/2024,2.846,,Th,3/28/2024,2.32,,Th,3/28/2024,2.297
We,3/27/2024,2.824,,We,3/27/2024,2.311,,We,3/27/2024,2.291
Tu,3/26/2024,2.869,,Tu,3/26/2024,2.37,,Tu,3/26/2024,2.349
Mo,3/25/2024,2.881,,Mo,3/25/2024,2.388,,Mo,3/25/2024,2.371
,,,,,,,,,,
Fr,3/22/2024,2.824,,Fr,3/22/2024,2.331,,Fr,3/22/2024,2.322
Th,3/21/2024,2.871,,Th,3/21/2024,2.403,,Th,3/21/2024,2.404
We,3/20/2024,2.921,,We,3/20/2024,2.445,,We,3/20/2024,2.431
Tu,3/19/2024,2.914,,Tu,3/19/2024,2.451,,Tu,3/19/2024,2.449
Mo,3/18/2024,2.947,,Mo,3/18/2024,2.476,,Mo,3/18/2024,2.458
,,,,,,,,,,
Fr,3/15/2024,2.943,,Fr,3/15/2024,2.467,,Fr,3/15/2024,2.441
Th,3/14/2024,2.912,,Th,3/14/2024,2.449,,Th,3/14/2024,2.424
We,3/13/2024,2.884,,We,3/13/2024,2.391,,We,3/13/2024,2.366
Tu,3/12/2024,2.843,,Tu,3/12/2024,2.357,,Tu,3/12/2024,2.329
Mo,3/11/2024,2.8,,Mo,3/11/2024,2.319,,Mo,3/11/2024,2.302
,,,,,,,,,,
Fr,3/8/2024,2.756,,Fr,3/8/2024,2.276,,Fr,3/8/2024,2.266
Th,3/7/2024,2.83,,Th,3/7/2024,2.341,,Th,3/7/2024,2.305
We,3/6/2024,2.851,,We,3/6/2024,2.36,,We,3/6/2024,2.32
Tu,3/5/2024,2.846,,Tu,3/5/2024,2.358,,Tu,3/5/2024,2.322
Mo,3/4/2024,2.899,,Mo,3/4/2024,2.417,,Mo,3/4/2024,2.39
,,,,,,,,,,
Fr,3/1/2024,2.886,,Fr,3/1/2024,2.426,,Fr,3/1/2024,2.412
Th,2/29/2024,2.898,,Th,2/29/2024,2.43,,Th,2/29/2024,2.41
We,2/28/2024,2.911,,We,2/28/2024,2.464,,We,2/28/2024,2.458
Tu,2/27/2024,2.924,,Tu,2/27/2024,2.47,,Tu,2/27/2024,2.463
Mo,2/26/2024,2.92,,Mo,2/26/2024,2.451,,Mo,2/26/2024,2.438
,,,,,,,,,,
Fr,2/23/2024,2.85,,Fr,2/23/2024,2.371,,Fr,2/23/2024,2.361
Th,2/22/2024,2.901,,Th,2/22/2024,2.446,,Th,2/22/2024,2.439
We,2/21/2024,2.848,,We,2/21/2024,2.423,,We,2/21/2024,2.448
Tu,2/20/2024,2.77,,Tu,2/20/2024,2.343,,Tu,2/20/2024,2.372
Mo,2/19/2024,2.811,,Mo,2/19/2024,2.385,,Mo,2/19/2024,2.41
,,,,,,,,,,
Fr,2/16/2024,2.813,,Fr,2/16/2024,2.388,,Fr,2/16/2024,2.401
Th,2/15/2024,2.751,,Th,2/15/2024,2.33,,Th,2/15/2024,2.358
We,2/14/2024,2.725,,We,2/14/2024,2.3,,We,2/14/2024,2.335
Tu,2/13/2024,2.761,,Tu,2/13/2024,2.356,,Tu,2/13/2024,2.392
Mo,2/12/2024,2.687,,Mo,2/12/2024,2.303,,Mo,2/12/2024,2.36
,,,,,,,,,,
Fr,2/9/2024,2.713,,Fr,2/9/2024,2.334,,Fr,2/9/2024,2.38
Th,2/8/2024,2.657,,Th,2/8/2024,2.282,,Th,2/8/2024,2.352
We,2/7/2024,2.623,,We,2/7/2024,2.239,,We,2/7/2024,2.315
Tu,2/6/2024,2.59,,Tu,2/6/2024,2.213,,Tu,2/6/2024,2.291
Mo,2/5/2024,2.608,,Mo,2/5/2024,2.235,,Mo,2/5/2024,2.314
,,,,,,,,,,
Fr,2/2/2024,2.56,,Fr,2/2/2024,2.164,,Fr,2/2/2024,2.24
Th,2/1/2024,2.447,,Th,2/1/2024,2.05,,Th,2/1/2024,2.146
We,1/31/2024,2.415,,We,1/31/2024,2.049,,We,1/31/2024,2.165
Tu,1/30/2024,2.515,,Tu,1/30/2024,2.162,,Tu,1/30/2024,2.267
Mo,1/29/2024,2.57,,Mo,1/29/2024,2.124,,Mo,1/29/2024,2.234
,,,,,,,,,,
Fr,1/26/2024,2.628,,Fr,1/26/2024,2.195,,Fr,1/26/2024,2.298
Th,1/25/2024,2.612,,Th,1/25/2024,2.185,,Th,1/25/2024,2.289
We,1/24/2024,2.706,,We,1/24/2024,2.255,,We,1/24/2024,2.34
Tu,1/23/2024,2.709,,Tu,1/23/2024,2.264,,Tu,1/23/2024,2.35
Mo,1/22/2024,2.684,,Mo,1/22/2024,2.223,,Mo,1/22/2024,2.289
,,,,,,,,,,
Fr,1/19/2024,2.734,,Fr,1/19/2024,2.279,,Fr,1/19/2024,2.34
Th,1/18/2024,2.681,,Th,1/18/2024,2.253,,Th,1/18/2024,2.347
We,1/17/2024,2.694,,We,1/17/2024,2.24,,We,1/17/2024,2.314
Tu,1/16/2024,2.594,,Tu,1/16/2024,2.151,,Tu,1/16/2024,2.257
Mo,1/15/2024,2.583,,Mo,1/15/2024,2.137,,Mo,1/15/2024,2.232
,,,,,,,,,,
Fr,1/12/2024,2.512,,Fr,1/12/2024,2.075,,Fr,1/12/2024,2.183
Th,1/11/2024,2.622,,Th,1/11/2024,2.151,,Th,1/11/2024,2.234
We,1/10/2024,2.645,,We,1/10/2024,2.168,,We,1/10/2024,2.21
Tu,1/9/2024,2.598,,Tu,1/9/2024,2.131,,Tu,1/9/2024,2.187
Mo,1/8/2024,2.544,,Mo,1/8/2024,2.071,,Mo,1/8/2024,2.135
,,,,,,,,,,
Fr,1/5/2024,2.564,,Fr,1/5/2024,2.099,,Fr,1/5/2024,2.155
Th,1/4/2024,2.523,,Th,1/4/2024,2.06,,Th,1/4/2024,2.123
We,1/3/2024,2.409,,We,1/3/2024,1.94,,We,1/3/2024,2.023
Tu,1/2/2024,2.446,,Tu,1/2/2024,1.99,,Tu,1/2/2024,2.066
,,,,,,,,,,
Fr,12/29/2023,2.392,,Fr,12/29/2023,1.942,,Fr,12/29/2023,2.021
Th,12/28/2023,2.369,,Th,12/28/2023,1.882,,Th,12/28/2023,1.943
We,12/27/2023,2.39,,We,12/27/2023,1.854,,We,12/27/2023,1.893
,,,,,,,,,,
Fr,12/22/2023,2.418,,Fr,12/22/2023,1.913,,Fr,12/22/2023,1.977
Th,12/21/2023,2.446,,Th,12/21/2023,1.926,,Th,12/21/2023,1.963
We,12/20/2023,2.466,,We,12/20/2023,1.949,,We,12/20/2023,1.969
Tu,12/19/2023,2.509,,Tu,12/19/2023,1.997,,Tu,12/19/2023,2.015
Mo,12/18/2023,2.547,,Mo,12/18/2023,2.049,,Mo,12/18/2023,2.077
,,,,,,,,,,
Fr,12/15/2023,2.496,,Fr,12/15/2023,1.996,,Fr,12/15/2023,2.014
Th,12/14/2023,2.547,,Th,12/14/2023,2.073,,Th,12/14/2023,2.112
We,12/13/2023,2.65,,We,12/13/2023,2.161,,We,12/13/2023,2.171
Tu,12/12/2023,2.704,,Tu,12/12/2023,2.207,,Tu,12/12/2023,2.224
Mo,12/11/2023,2.705,,Mo,12/11/2023,2.231,,Mo,12/11/2023,2.269
,,,,,,,,,,
Fr,12/8/2023,2.689,,Fr,12/8/2023,2.23,,Fr,12/8/2023,2.275
Th,12/7/2023,2.59,,Th,12/7/2023,2.133,,Th,12/7/2023,2.189
We,12/6/2023,2.607,,We,12/6/2023,2.159,,We,12/6/2023,2.198
Tu,12/5/2023,2.601,,Tu,12/5/2023,2.187,,Tu,12/5/2023,2.245
Mo,12/4/2023,2.68,,Mo,12/4/2023,2.27,,Mo,12/4/2023,2.352
,,,,,,,,,,
Fr,12/1/2023,2.676,,Fr,12/1/2023,2.261,,Fr,12/1/2023,2.36
Th,11/30/2023,2.812,,Th,11/30/2023,2.372,,Th,11/30/2023,2.445
We,11/29/2023,2.822,,We,11/29/2023,2.362,,We,11/29/2023,2.43
Tu,11/28/2023,2.914,,Tu,11/28/2023,2.445,,Tu,11/28/2023,2.495
Mo,11/27/2023,2.981,,Mo,11/27/2023,2.51,,Mo,11/27/2023,2.547
,,,,,,,,,,
Fr,11/24/2023,3.068,,Fr,11/24/2023,2.615,,Fr,11/24/2023,2.642
Th,11/23/2023,3.039,,Th,11/23/2023,2.591,,Th,11/23/2023,2.617
We,11/22/2023,3.017,,We,11/22/2023,2.54,,We,11/22/2023,2.558
Tu,11/21/2023,2.978,,Tu,11/21/2023,2.518,,Tu,11/21/2023,2.565
Mo,11/20/2023,3.009,,Mo,11/20/2023,2.567,,Mo,11/20/2023,2.61
,,,,,,,,,,
Fr,11/17/2023,2.958,,Fr,11/17/2023,2.529,,Fr,11/17/2023,2.586
Th,11/16/2023,2.944,,Th,11/16/2023,2.516,,Th,11/16/2023,2.589
We,11/15/2023,3.005,,We,11/15/2023,2.582,,We,11/15/2023,2.642
Tu,11/14/2023,2.984,,Tu,11/14/2023,2.551,,Tu,11/14/2023,2.599
Mo,11/13/2023,3.075,,Mo,11/13/2023,2.662,,Mo,11/13/2023,2.711
,,,,,,,,,,
Fr,11/10/2023,3.058,,Fr,11/10/2023,2.653,,Fr,11/10/2023,2.716
Th,11/9/2023,3.001,,Th,11/9/2023,2.574,,Th,11/9/2023,2.645
We,11/8/2023,2.992,,We,11/8/2023,2.565,,We,11/8/2023,2.615
Tu,11/7/2023,2.978,,Tu,11/7/2023,2.574,,Tu,11/7/2023,2.657
Mo,11/6/2023,3.006,,Mo,11/6/2023,2.623,,Mo,11/6/2023,2.737
,,,,,,,,,,
Fr,11/3/2023,2.955,,Fr,11/3/2023,2.54,,Fr,11/3/2023,2.643
Th,11/2/2023,2.991,,Th,11/2/2023,2.596,,Th,11/2/2023,2.715
We,11/1/2023,2.971,,We,11/1/2023,2.612,,We,11/1/2023,2.762
Tu,10/31/2023,3.011,,Tu,10/31/2023,2.652,,Tu,10/31/2023,2.804
Mo,10/30/2023,3.008,,Mo,10/30/2023,2.665,,Mo,10/30/2023,2.82
,,,,,,,,,,
Fr,10/27/2023,3.031,,Fr,10/27/2023,2.681,,Fr,10/27/2023,2.83
Th,10/26/2023,3.069,,Th,10/26/2023,2.721,,Th,10/26/2023,2.86
We,10/25/2023,3.119,,We,10/25/2023,2.767,,We,10/25/2023,2.888
Tu,10/24/2023,3.088,,Tu,10/24/2023,2.721,,Tu,10/24/2023,2.825
Mo,10/23/2023,3.127,,Mo,10/23/2023,2.776,,Mo,10/23/2023,2.871
,,,,,,,,,,
Fr,10/20/2023,3.117,,Fr,10/20/2023,2.781,,Fr,10/20/2023,2.888
Th,10/19/2023,3.198,,Th,10/19/2023,2.844,,Th,10/19/2023,2.929
We,10/18/2023,3.192,,We,10/18/2023,2.838,,We,10/18/2023,2.923
Tu,10/17/2023,3.243,,Tu,10/17/2023,2.81,,Tu,10/17/2023,2.88
Mo,10/16/2023,3.15,,Mo,10/16/2023,2.708,,Mo,10/16/2023,2.783
,,,,,,,,,,
Fr,10/13/2023,3.134,,Fr,10/13/2023,2.677,,Fr,10/13/2023,2.735
Th,10/12/2023,3.151,,Th,10/12/2023,2.712,,Th,10/12/2023,2.784
We,10/11/2023,3.094,,We,10/11/2023,2.654,,We,10/11/2023,2.716
Tu,10/10/2023,3.066,,Tu,10/10/2023,2.662,,Tu,10/10/2023,2.773
Mo,10/9/2023,3.029,,Mo,10/9/2023,2.64,,Mo,10/9/2023,2.77
,,,,,,,,,,
Fr,10/6/2023,3.128,,Fr,10/6/2023,2.756,,Fr,10/6/2023,2.883
Th,10/5/2023,3.132,,Th,10/5/2023,2.763,,Th,10/5/2023,2.876
We,10/4/2023,3.175,,We,10/4/2023,2.812,,We,10/4/2023,2.917
Tu,10/3/2023,3.206,,Tu,10/3/2023,2.842,,Tu,10/3/2023,2.966
Mo,10/2/2023,3.223,,Mo,10/2/2023,2.83,,Mo,10/2/2023,2.921
,,,,,,,,,,
Fr,9/29/2023,3.198,,Fr,9/29/2023,2.774,,Fr,9/29/2023,2.838
Th,9/28/2023,3.281,,Th,9/28/2023,2.887,,Th,9/28/2023,2.928
We,9/27/2023,3.234,,We,9/27/2023,2.807,,We,9/27/2023,2.84
Tu,9/26/2023,3.221,,Tu,9/26/2023,2.767,,Tu,9/26/2023,2.805
Mo,9/25/2023,3.224,,Mo,9/25/2023,2.761,,Mo,9/25/2023,2.794
,,,,,,,,,,
Fr,9/22/2023,3.248,,Fr,9/22/2023,2.746,,Fr,9/22/2023,2.737
Th,9/21/2023,3.253,,Th,9/21/2023,2.753,,Th,9/21/2023,2.734
We,9/20/2023,3.254,,We,9/20/2023,2.73,,We,9/20/2023,2.699
Tu,9/19/2023,3.281,,Tu,9/19/2023,2.766,,Tu,9/19/2023,2.735
Mo,9/18/2023,3.25,,Mo,9/18/2023,2.732,,Mo,9/18/2023,2.705
,,,,,,,,,,
Fr,9/15/2023,3.21,,Fr,9/15/2023,2.69,,Fr,9/15/2023,2.673
Th,9/14/2023,3.149,,Th,9/14/2023,2.616,,Th,9/14/2023,2.591
We,9/13/2023,3.166,,We,9/13/2023,2.678,,We,9/13/2023,2.649
Tu,9/12/2023,3.12,,Tu,9/12/2023,2.65,,Tu,9/12/2023,2.641
Mo,9/11/2023,3.092,,Mo,9/11/2023,2.633,,Mo,9/11/2023,2.636
,,,,,,,,,,
Fr,9/8/2023,3.073,,Fr,9/8/2023,2.612,,Fr,9/8/2023,2.608
Th,9/7/2023,3.076,,Th,9/7/2023,2.612,,Th,9/7/2023,2.611
We,9/6/2023,3.112,,We,9/6/2023,2.656,,We,9/6/2023,2.652
Tu,9/5/2023,3.031,,Tu,9/5/2023,2.589,,Tu,9/5/2023,2.61
Mo,9/4/2023,3.016,,Mo,9/4/2023,2.567,,Mo,9/4/2023,2.577
,,,,,,,,,,
Fr,9/1/2023,2.984,,Fr,9/1/2023,2.525,,Fr,9/1/2023,2.546
Th,8/31/2023,2.967,,Th,8/31/2023,2.472,,Th,8/31/2023,2.462
We,8/30/2023,3.062,,We,8/30/2023,2.568,,We,8/30/2023,2.542
Tu,8/29/2023,3.033,,Tu,8/29/2023,2.537,,Tu,8/29/2023,2.508
Mo,8/28/2023,3.051,,Mo,8/28/2023,2.59,,Mo,8/28/2023,2.561
,,,,,,,,,,
Fr,8/25/2023,3.027,,Fr,8/25/2023,2.582,,Fr,8/25/2023,2.559
Th,8/24/2023,2.95,,Th,8/24/2023,2.509,,Th,8/24/2023,2.51
We,8/23/2023,2.961,,We,8/23/2023,2.515,,We,8/23/2023,2.515
Tu,8/22/2023,3.081,,Tu,8/22/2023,2.65,,Tu,8/22/2023,2.642
Mo,8/21/2023,3.106,,Mo,8/21/2023,2.7,,Mo,8/21/2023,2.701
,,,,,,,,,,
Fr,8/18/2023,3.038,,Fr,8/18/2023,2.621,,Fr,8/18/2023,2.619
Th,8/17/2023,3.1,,Th,8/17/2023,2.701,,Th,8/17/2023,2.707
We,8/16/2023,3.076,,We,8/16/2023,2.658,,We,8/16/2023,2.647
Tu,8/15/2023,3.102,,Tu,8/15/2023,2.685,,Tu,8/15/2023,2.671
Mo,8/14/2023,3.069,,Mo,8/14/2023,2.648,,Mo,8/14/2023,2.635
,,,,,,,,,,
Fr,8/11/2023,3.033,,Fr,8/11/2023,2.626,,Fr,8/11/2023,2.622
Th,8/10/2023,2.962,,Th,8/10/2023,2.54,,Th,8/10/2023,2.526
We,8/9/2023,2.941,,We,8/9/2023,2.507,,We,8/9/2023,2.495
Tu,8/8/2023,2.91,,Tu,8/8/2023,2.483,,Tu,8/8/2023,2.465
Mo,8/7/2023,2.968,,Mo,8/7/2023,2.585,,Mo,8/7/2023,2.598
,,,,,,,,,,
Fr,8/4/2023,3.008,,Fr,8/4/2023,2.579,,Fr,8/4/2023,2.559
Th,8/3/2023,3.007,,Th,8/3/2023,2.6,,Th,8/3/2023,2.601
We,8/2/2023,2.997,,We,8/2/2023,2.549,,We,8/2/2023,2.53
Tu,8/1/2023,3.048,,Tu,8/1/2023,2.582,,Tu,8/1/2023,2.554
Mo,7/31/2023,3.031,,Mo,7/31/2023,2.533,,Mo,7/31/2023,2.489
,,,,,,,,,,
Fr,7/28/2023,3.044,,Fr,7/28/2023,2.543,,Fr,7/28/2023,2.491
Th,7/27/2023,3.063,,Th,7/27/2023,2.54,,Th,7/27/2023,2.471
We,7/26/2023,3.108,,We,7/26/2023,2.579,,We,7/26/2023,2.481
Tu,7/25/2023,3.046,,Tu,7/25/2023,2.506,,Tu,7/25/2023,2.422
Mo,7/24/2023,3.026,,Mo,7/24/2023,2.501,,Mo,7/24/2023,2.419
,,,,,,,,,,
Fr,7/21/2023,3.084,,Fr,7/21/2023,2.551,,Fr,7/21/2023,2.465
Th,7/20/2023,3.103,,Th,7/20/2023,2.567,,Th,7/20/2023,2.483
We,7/19/2023,3.057,,We,7/19/2023,2.511,,We,7/19/2023,2.434
Tu,7/18/2023,3.04,,Tu,7/18/2023,2.477,,Tu,7/18/2023,2.382
Mo,7/17/2023,3.184,,Mo,7/17/2023,2.576,,Mo,7/17/2023,2.476
,,,,,,,,,,
Fr,7/14/2023,3.197,,Fr,7/14/2023,2.606,,Fr,7/14/2023,2.509
Th,7/13/2023,3.141,,Th,7/13/2023,2.56,,Th,7/13/2023,2.477
We,7/12/2023,3.213,,We,7/12/2023,2.647,,We,7/12/2023,2.566
Tu,7/11/2023,3.303,,Tu,7/11/2023,2.764,,Tu,7/11/2023,2.646
Mo,7/10/2023,3.281,,Mo,7/10/2023,2.753,,Mo,7/10/2023,2.636
,,,,,,,,,,
Fr,7/7/2023,3.246,,Fr,7/7/2023,2.735,,Fr,7/7/2023,2.634
Th,7/6/2023,3.284,,Th,7/6/2023,2.748,,Th,7/6/2023,2.624
We,7/5/2023,3.223,,We,7/5/2023,2.604,,We,7/5/2023,2.475
Tu,7/4/2023,3.212,,Tu,7/4/2023,2.599,,Tu,7/4/2023,2.451
Mo,7/3/2023,3.249,,Mo,7/3/2023,2.612,,Mo,7/3/2023,2.435
,,,,,,,,,,
Fr,6/30/2023,3.188,,Fr,6/30/2023,2.546,,Fr,6/30/2023,2.39
Th,6/29/2023,3.186,,Th,6/29/2023,2.565,,Th,6/29/2023,2.414
We,6/28/2023,3.092,,We,6/28/2023,2.459,,We,6/28/2023,2.312
Tu,6/27/2023,3.144,,Tu,6/27/2023,2.511,,Tu,6/27/2023,2.354
Mo,6/26/2023,3.077,,Mo,6/26/2023,2.446,,Mo,6/26/2023,2.307
,,,,,,,,,,
Fr,6/23/2023,3.099,,Fr,6/23/2023,2.492,,Fr,6/23/2023,2.352
Th,6/22/2023,3.208,,Th,6/22/2023,2.636,,Th,6/22/2023,2.491
We,6/21/2023,3.129,,We,6/21/2023,2.56,,We,6/21/2023,2.433
Tu,6/20/2023,3.097,,Tu,6/20/2023,2.52,,Tu,6/20/2023,2.402
Mo,6/19/2023,3.146,,Mo,6/19/2023,2.614,,Mo,6/19/2023,2.515
,,,,,,,,,,
Fr,6/16/2023,3.11,,Fr,6/16/2023,2.577,,Fr,6/16/2023,2.472
Th,6/15/2023,3.112,,Th,6/15/2023,2.597,,Th,6/15/2023,2.501
We,6/14/2023,3,,We,6/14/2023,2.499,,We,6/14/2023,2.448
Tu,6/13/2023,2.958,,Tu,6/13/2023,2.468,,Tu,6/13/2023,2.42
Mo,6/12/2023,2.899,,Mo,6/12/2023,2.418,,Mo,6/12/2023,2.384
,,,,,,,,,,
Fr,6/9/2023,2.907,,Fr,6/9/2023,2.418,,Fr,6/9/2023,2.375
Th,6/8/2023,2.888,,Th,6/8/2023,2.417,,Th,6/8/2023,2.4
We,6/7/2023,2.922,,We,6/7/2023,2.471,,We,6/7/2023,2.453
Tu,6/6/2023,2.835,,Tu,6/6/2023,2.38,,Tu,6/6/2023,2.37
Mo,6/5/2023,2.875,,Mo,6/5/2023,2.4,,Mo,6/5/2023,2.377
,,,,,,,,,,
Fr,6/2/2023,2.796,,Fr,6/2/2023,2.335,,Fr,6/2/2023,2.311
Th,6/1/2023,2.7,,Th,6/1/2023,2.241,,Th,6/1/2023,2.246
We,5/31/2023,2.707,,We,5/31/2023,2.275,,We,5/31/2023,2.28
Tu,5/30/2023,2.772,,Tu,5/30/2023,2.354,,Tu,5/30/2023,2.339
Mo,5/29/2023,2.871,,Mo,5/29/2023,2.457,,Mo,5/29/2023,2.432
,,,,,,,,,,
Fr,5/26/2023,2.932,,Fr,5/26/2023,2.555,,Fr,5/26/2023,2.537
Th,5/25/2023,2.892,,Th,5/25/2023,2.527,,Th,5/25/2023,2.521
We,5/24/2023,2.838,,We,5/24/2023,2.468,,We,5/24/2023,2.47
Tu,5/23/2023,2.806,,Tu,5/23/2023,2.449,,Tu,5/23/2023,2.466
Mo,5/22/2023,2.801,,Mo,5/22/2023,2.445,,Mo,5/22/2023,2.457
,,,,,,,,,,
Fr,5/19/2023,2.744,,Fr,5/19/2023,2.401,,Fr,5/19/2023,2.425
Th,5/18/2023,2.747,,Th,5/18/2023,2.412,,Th,5/18/2023,2.444
We,5/17/2023,2.692,,We,5/17/2023,2.324,,We,5/17/2023,2.334
Tu,5/16/2023,2.641,,Tu,5/16/2023,2.303,,Tu,5/16/2023,2.351
Mo,5/15/2023,2.591,,Mo,5/15/2023,2.243,,Mo,5/15/2023,2.306
,,,,,,,,,,
Fr,5/12/2023,2.584,,Fr,5/12/2023,2.218,,Fr,5/12/2023,2.274
Th,5/11/2023,2.528,,Th,5/11/2023,2.167,,Th,5/11/2023,2.223
We,5/10/2023,2.567,,We,5/10/2023,2.224,,We,5/10/2023,2.286
Tu,5/9/2023,2.625,,Tu,5/9/2023,2.288,,Tu,5/9/2023,2.347
Mo,5/8/2023,2.606,,Mo,5/8/2023,2.265,,Mo,5/8/2023,2.317
,,,,,,,,,,
Fr,5/5/2023,2.563,,Fr,5/5/2023,2.228,,Fr,5/5/2023,2.289
Th,5/4/2023,2.463,,Th,5/4/2023,2.117,,Th,5/4/2023,2.188
We,5/3/2023,2.63,,We,5/3/2023,2.242,,We,5/3/2023,2.246
Tu,5/2/2023,2.61,,Tu,5/2/2023,2.24,,Tu,5/2/2023,2.256
,,,,,,,,,,
Fr,4/28/2023,2.675,,Fr,4/28/2023,2.3,,Fr,4/28/2023,2.31
Th,4/27/2023,2.812,,Th,4/27/2023,2.457,,Th,4/27/2023,2.457
We,4/26/2023,2.752,,We,4/26/2023,2.395,,We,4/26/2023,2.394
Tu,4/25/2023,2.833,,Tu,4/25/2023,2.409,,Tu,4/25/2023,2.381
Mo,4/24/2023,2.968,,Mo,4/24/2023,2.556,,Mo,4/24/2023,2.506
,,,,,,,,,,
Fr,4/21/2023,2.91,,Fr,4/21/2023,2.517,,Fr,4/21/2023,2.479
Th,4/20/2023,2.884,,Th,4/20/2023,2.489,,Th,4/20/2023,2.443
We,4/19/2023,2.957,,We,4/19/2023,2.563,,We,4/19/2023,2.513
Tu,4/18/2023,2.898,,Tu,4/18/2023,2.516,,Tu,4/18/2023,2.474
Mo,4/17/2023,2.867,,Mo,4/17/2023,2.49,,Mo,4/17/2023,2.47
,,,,,,,,,,
Fr,4/14/2023,2.865,,Fr,4/14/2023,2.467,,Fr,4/14/2023,2.436
Th,4/13/2023,2.769,,Th,4/13/2023,2.387,,Th,4/13/2023,2.369
We,4/12/2023,2.784,,We,4/12/2023,2.391,,We,4/12/2023,2.366
Tu,4/11/2023,2.695,,Tu,4/11/2023,2.316,,Tu,4/11/2023,2.307
,,,,,,,,,,
Th,4/6/2023,2.546,,Th,4/6/2023,2.177,,Th,4/6/2023,2.181
We,4/5/2023,2.513,,We,4/5/2023,2.172,,We,4/5/2023,2.179
Tu,4/4/2023,2.588,,Tu,4/4/2023,2.236,,Tu,4/4/2023,2.246
Mo,4/3/2023,2.663,,Mo,4/3/2023,2.282,,Mo,4/3/2023,2.251
,,,,,,,,,,
Fr,3/31/2023,2.673,,Fr,3/31/2023,2.305,,Fr,3/31/2023,2.289
Th,3/30/2023,2.736,,Th,3/30/2023,2.4,,Th,3/30/2023,2.369
We,3/29/2023,2.642,,We,3/29/2023,2.323,,We,3/29/2023,2.325
Tu,3/28/2023,2.575,,Tu,3/28/2023,2.273,,Tu,3/28/2023,2.285
Mo,3/27/2023,2.51,,Mo,3/27/2023,2.207,,Mo,3/27/2023,2.224
,,,,,,,,,,
Fr,3/24/2023,2.381,,Fr,3/24/2023,2.092,,Fr,3/24/2023,2.124
Th,3/23/2023,2.515,,Th,3/23/2023,2.193,,Th,3/23/2023,2.192
We,3/22/2023,2.695,,We,3/22/2023,2.367,,We,3/22/2023,2.325
Tu,3/21/2023,2.602,,Tu,3/21/2023,2.305,,Tu,3/21/2023,2.288
Mo,3/20/2023,2.344,,Mo,3/20/2023,2.095,,Mo,3/20/2023,2.12
,,,,,,,,,,
Fr,3/17/2023,2.371,,Fr,3/17/2023,2.088,,Fr,3/17/2023,2.102
Th,3/16/2023,2.591,,Th,3/16/2023,2.31,,Th,3/16/2023,2.285
We,3/15/2023,2.389,,We,3/15/2023,2.128,,We,3/15/2023,2.124
Tu,3/14/2023,2.871,,Tu,3/14/2023,2.503,,Tu,3/14/2023,2.414
Mo,3/13/2023,2.673,,Mo,3/13/2023,2.321,,Mo,3/13/2023,2.253
,,,,,,,,,,
Fr,3/10/2023,3.081,,Fr,3/10/2023,2.637,,Fr,3/10/2023,2.504
Th,3/9/2023,3.263,,Th,3/9/2023,2.789,,Th,3/9/2023,2.638
We,3/8/2023,3.325,,We,3/8/2023,2.828,,We,3/8/2023,2.644
Tu,3/7/2023,3.298,,Tu,3/7/2023,2.84,,Tu,3/7/2023,2.688
Mo,3/6/2023,3.303,,Mo,3/6/2023,2.891,,Mo,3/6/2023,2.744
,,,,,,,,,,
Fr,3/3/2023,3.201,,Fr,3/3/2023,2.83,,Fr,3/3/2023,2.711
Th,3/2/2023,3.201,,Th,3/2/2023,2.836,,Th,3/2/2023,2.746
We,3/1/2023,3.193,,We,3/1/2023,2.812,,We,3/1/2023,2.707
Tu,2/28/2023,3.128,,Tu,2/28/2023,2.736,,Tu,2/28/2023,2.648
Mo,2/27/2023,3.061,,Mo,2/27/2023,2.66,,Mo,2/27/2023,2.578
,,,,,,,,,,
Fr,2/24/2023,3.021,,Fr,2/24/2023,2.628,,Fr,2/24/2023,2.535
Th,2/23/2023,2.901,,Th,2/23/2023,2.547,,Th,2/23/2023,2.475
We,2/22/2023,2.912,,We,2/22/2023,2.576,,We,2/22/2023,2.518
Tu,2/21/2023,2.94,,Tu,2/21/2023,2.597,,Tu,2/21/2023,2.527
Mo,2/20/2023,2.889,,Mo,2/20/2023,2.534,,Mo,2/20/2023,2.459
,,,,,,,,,,
Fr,2/17/2023,2.866,,Fr,2/17/2023,2.505,,Fr,2/17/2023,2.438
Th,2/16/2023,2.87,,Th,2/16/2023,2.531,,Th,2/16/2023,2.475
We,2/15/2023,2.867,,We,2/15/2023,2.524,,We,2/15/2023,2.472
Tu,2/14/2023,2.848,,Tu,2/14/2023,2.499,,Tu,2/14/2023,2.434
Mo,2/13/2023,2.775,,Mo,2/13/2023,2.419,,Mo,2/13/2023,2.367
,,,,,,,,,,
Fr,2/10/2023,2.752,,Fr,2/10/2023,2.397,,Fr,2/10/2023,2.362
Th,2/9/2023,2.682,,Th,2/9/2023,2.326,,Th,2/9/2023,2.298
We,2/8/2023,2.708,,We,2/8/2023,2.364,,We,2/8/2023,2.36
Tu,2/7/2023,2.693,,Tu,2/7/2023,2.368,,Tu,2/7/2023,2.344
Mo,2/6/2023,2.61,,Mo,2/6/2023,2.299,,Mo,2/6/2023,2.292
,,,,,,,,,,
Fr,2/3/2023,2.538,,Fr,2/3/2023,2.195,,Fr,2/3/2023,2.189
Th,2/2/2023,2.478,,Th,2/2/2023,2.09,,Th,2/2/2023,2.073
We,2/1/2023,2.658,,We,2/1/2023,2.313,,We,2/1/2023,2.282
Tu,1/31/2023,2.644,,Tu,1/31/2023,2.306,,Tu,1/31/2023,2.283
Mo,1/30/2023,2.671,,Mo,1/30/2023,2.348,,Mo,1/30/2023,2.315
,,,,,,,,,,
Fr,1/27/2023,2.571,,Fr,1/27/2023,2.251,,Fr,1/27/2023,2.237
Th,1/26/2023,2.572,,Th,1/26/2023,2.228,,Th,1/26/2023,2.209
We,1/25/2023,2.519,,We,1/25/2023,2.168,,We,1/25/2023,2.151
Tu,1/24/2023,2.533,,Tu,1/24/2023,2.183,,Tu,1/24/2023,2.149
Mo,1/23/2023,2.584,,Mo,1/23/2023,2.235,,Mo,1/23/2023,2.202
,,,,,,,,,,
Fr,1/20/2023,2.564,,Fr,1/20/2023,2.204,,Fr,1/20/2023,2.172
Th,1/19/2023,2.513,,Th,1/19/2023,2.114,,Th,1/19/2023,2.058
We,1/18/2023,2.449,,We,1/18/2023,2.049,,We,1/18/2023,2.016
Tu,1/17/2023,2.444,,Tu,1/17/2023,2.091,,Tu,1/17/2023,2.087
Mo,1/16/2023,2.56,,Mo,1/16/2023,2.184,,Mo,1/16/2023,2.171
,,,,,,,,,,
Fr,1/13/2023,2.577,,Fr,1/13/2023,2.196,,Fr,1/13/2023,2.165
Th,1/12/2023,2.549,,Th,1/12/2023,2.174,,Th,1/12/2023,2.153
We,1/11/2023,2.576,,We,1/11/2023,2.217,,We,1/11/2023,2.2
Tu,1/10/2023,2.641,,Tu,1/10/2023,2.337,,Tu,1/10/2023,2.304
Mo,1/9/2023,2.601,,Mo,1/9/2023,2.263,,Mo,1/9/2023,2.226
,,,,,,,,,,
Fr,1/6/2023,2.573,,Fr,1/6/2023,2.245,,Fr,1/6/2023,2.207
Th,1/5/2023,2.632,,Th,1/5/2023,2.344,,Th,1/5/2023,2.312
We,1/4/2023,2.567,,We,1/4/2023,2.288,,We,1/4/2023,2.268
Tu,1/3/2023,2.66,,Tu,1/3/2023,2.411,,Tu,1/3/2023,2.384
Mo,1/2/2023,2.675,,Mo,1/2/2023,2.458,,Mo,1/2/2023,2.436
,,,,,,,,,,
Fr,12/30/2022,2.738,,Fr,12/30/2022,2.566,,Fr,12/30/2022,2.565
Th,12/29/2022,2.638,,Th,12/29/2022,2.451,,Th,12/29/2022,2.433
We,12/28/2022,2.65,,We,12/28/2022,2.511,,We,12/28/2022,2.494
Tu,12/27/2022,2.666,,Tu,12/27/2022,2.534,,Tu,12/27/2022,2.518
,,,,,,,,,,
Fr,12/23/2022,2.648,,Fr,12/23/2022,2.439,,Fr,12/23/2022,2.393
Th,12/22/2022,2.541,,Th,12/22/2022,2.37,,Th,12/22/2022,2.357
We,12/21/2022,2.515,,We,12/21/2022,2.339,,We,12/21/2022,2.308
Tu,12/20/2022,2.498,,Tu,12/20/2022,2.325,,Tu,12/20/2022,2.298
Mo,12/19/2022,2.432,,Mo,12/19/2022,2.234,,Mo,12/19/2022,2.199
,,,,,,,,,,
Fr,12/16/2022,2.415,,Fr,12/16/2022,2.216,,Fr,12/16/2022,2.148
Th,12/15/2022,2.361,,Th,12/15/2022,2.152,,Th,12/15/2022,2.078
We,12/14/2022,2.123,,We,12/14/2022,1.927,,We,12/14/2022,1.936
Tu,12/13/2022,2.134,,Tu,12/13/2022,1.936,,Tu,12/13/2022,1.92
Mo,12/12/2022,2.188,,Mo,12/12/2022,1.971,,Mo,12/12/2022,1.935
,,,,,,,,,,
Fr,12/9/2022,2.141,,Fr,12/9/2022,1.938,,Fr,12/9/2022,1.928
Th,12/8/2022,2.05,,Th,12/8/2022,1.826,,Th,12/8/2022,1.815
We,12/7/2022,1.985,,We,12/7/2022,1.772,,We,12/7/2022,1.778
Tu,12/6/2022,2.04,,Tu,12/6/2022,1.808,,Tu,12/6/2022,1.794
Mo,12/5/2022,2.109,,Mo,12/5/2022,1.883,,Mo,12/5/2022,1.877
,,,,,,,,,,
Fr,12/2/2022,2.096,,Fr,12/2/2022,1.863,,Fr,12/2/2022,1.851
Th,12/1/2022,2.01,,Th,12/1/2022,1.791,,Th,12/1/2022,1.81
We,11/30/2022,2.112,,We,11/30/2022,1.929,,We,11/30/2022,1.926
Tu,11/29/2022,2.088,,Tu,11/29/2022,1.918,,Tu,11/29/2022,1.918
Mo,11/28/2022,2.163,,Mo,11/28/2022,2.002,,Mo,11/28/2022,1.986
,,,,,,,,,,
Fr,11/25/2022,2.178,,Fr,11/25/2022,2.005,,Fr,11/25/2022,1.971
Th,11/24/2022,2.094,,Th,11/24/2022,1.891,,Th,11/24/2022,1.847
We,11/23/2022,2.129,,We,11/23/2022,1.959,,We,11/23/2022,1.926
Tu,11/22/2022,2.088,,Tu,11/22/2022,1.957,,Tu,11/22/2022,1.975
Mo,11/21/2022,2.083,,Mo,11/21/2022,1.966,,Mo,11/21/2022,1.989
,,,,,,,,,,
Fr,11/18/2022,2.081,,Fr,11/18/2022,1.979,,Fr,11/18/2022,2.01
Th,11/17/2022,2.098,,Th,11/17/2022,1.982,,Th,11/17/2022,2.015
We,11/16/2022,2.084,,We,11/16/2022,1.951,,We,11/16/2022,1.994
Tu,11/15/2022,2.157,,Tu,11/15/2022,2.061,,Tu,11/15/2022,2.105
Mo,11/14/2022,2.168,,Mo,11/14/2022,2.078,,Mo,11/14/2022,2.143
,,,,,,,,,,
Fr,11/11/2022,2.188,,Fr,11/11/2022,2.083,,Fr,11/11/2022,2.157
Th,11/10/2022,2.039,,Th,11/10/2022,1.92,,Th,11/10/2022,2.005
We,11/9/2022,2.171,,We,11/9/2022,2.085,,We,11/9/2022,2.167
Tu,11/8/2022,2.252,,Tu,11/8/2022,2.192,,Tu,11/8/2022,2.278
Mo,11/7/2022,2.202,,Mo,11/7/2022,2.23,,Mo,11/7/2022,2.341
,,,,,,,,,,
Fr,11/4/2022,2.12,,Fr,11/4/2022,2.168,,Fr,11/4/2022,2.292
Th,11/3/2022,2.075,,Th,11/3/2022,2.12,,Th,11/3/2022,2.242
We,11/2/2022,1.966,,We,11/2/2022,2.014,,We,11/2/2022,2.135
Tu,11/1/2022,1.933,,Tu,11/1/2022,1.98,,Tu,11/1/2022,2.129
Mo,10/31/2022,1.927,,Mo,10/31/2022,2,,Mo,10/31/2022,2.139
,,,,,,,,,,
Fr,10/28/2022,1.925,,Fr,10/28/2022,1.99,,Fr,10/28/2022,2.099
Th,10/27/2022,1.765,,Th,10/27/2022,1.814,,Th,10/27/2022,1.959
We,10/26/2022,1.936,,We,10/26/2022,1.992,,We,10/26/2022,2.109
Tu,10/25/2022,1.961,,Tu,10/25/2022,2.029,,Tu,10/25/2022,2.167
Mo,10/24/2022,1.992,,Mo,10/24/2022,2.144,,Mo,10/24/2022,2.327
,,,,,,,,,,
Fr,10/21/2022,2.029,,Fr,10/21/2022,2.207,,Fr,10/21/2022,2.413
Th,10/20/2022,2.104,,Th,10/20/2022,2.235,,Th,10/20/2022,2.399
We,10/19/2022,2.077,,We,10/19/2022,2.204,,We,10/19/2022,2.371
Tu,10/18/2022,1.953,,Tu,10/18/2022,2.08,,Tu,10/18/2022,2.281
Mo,10/17/2022,1.942,,Mo,10/17/2022,2.074,,Mo,10/17/2022,2.266
,,,,,,,,,,
Fr,10/14/2022,1.945,,Fr,10/14/2022,2.109,,Fr,10/14/2022,2.343
Th,10/13/2022,1.904,,Th,10/13/2022,2.07,,Th,10/13/2022,2.281
We,10/12/2022,1.804,,We,10/12/2022,2.041,,We,10/12/2022,2.309
Tu,10/11/2022,1.824,,Tu,10/11/2022,2.054,,Tu,10/11/2022,2.294
Mo,10/10/2022,1.886,,Mo,10/10/2022,2.125,,Mo,10/10/2022,2.337
,,,,,,,,,,
Fr,10/7/2022,1.85,,Fr,10/7/2022,2.035,,Fr,10/7/2022,2.191
Th,10/6/2022,1.777,,Th,10/6/2022,1.944,,Th,10/6/2022,2.082
We,10/5/2022,1.675,,We,10/5/2022,1.865,,We,10/5/2022,2.029
Tu,10/4/2022,1.543,,Tu,10/4/2022,1.7,,Tu,10/4/2022,1.867
Mo,10/3/2022,1.601,,Mo,10/3/2022,1.763,,Mo,10/3/2022,1.913
,,,,,,,,,,
Fr,9/30/2022,1.747,,Fr,9/30/2022,1.959,,Fr,9/30/2022,2.105
Th,9/29/2022,1.785,,Th,9/29/2022,2.024,,Th,9/29/2022,2.178
We,9/28/2022,1.826,,We,9/28/2022,2.02,,We,9/28/2022,2.115
Tu,9/27/2022,1.963,,Tu,9/27/2022,2.164,,Tu,9/27/2022,2.226
Mo,9/26/2022,1.932,,Mo,9/26/2022,2.09,,Mo,9/26/2022,2.111
,,,,,,,,,,
Fr,9/23/2022,1.9,,Fr,9/23/2022,2.013,,Fr,9/23/2022,2.02
Th,9/22/2022,1.826,,Th,9/22/2022,1.932,,Th,9/22/2022,1.961
We,9/21/2022,1.744,,We,9/21/2022,1.833,,We,9/21/2022,1.889
Tu,9/20/2022,1.7,,Tu,9/20/2022,1.819,,Tu,9/20/2022,1.923
Mo,9/19/2022,1.598,,Mo,9/19/2022,1.701,,Mo,9/19/2022,1.802
,,,,,,,,,,
Fr,9/16/2022,1.516,,Fr,9/16/2022,1.641,,Fr,9/16/2022,1.754
Th,9/15/2022,1.52,,Th,9/15/2022,1.652,,Th,9/15/2022,1.766
We,9/14/2022,1.405,,We,9/14/2022,1.573,,We,9/14/2022,1.712
Tu,9/13/2022,1.381,,Tu,9/13/2022,1.574,,Tu,9/13/2022,1.726
Mo,9/12/2022,1.304,,Mo,9/12/2022,1.488,,Mo,9/12/2022,1.65
,,,,,,,,,,
Fr,9/9/2022,1.31,,Fr,9/9/2022,1.532,,Fr,9/9/2022,1.694
Th,9/8/2022,1.313,,Th,9/8/2022,1.548,,Th,9/8/2022,1.712
We,9/7/2022,1.086,,We,9/7/2022,1.368,,We,9/7/2022,1.573
Tu,9/6/2022,1.091,,Tu,9/6/2022,1.409,,Tu,9/6/2022,1.634
Mo,9/5/2022,1.11,,Mo,9/5/2022,1.349,,Mo,9/5/2022,1.56
,,,,,,,,,,
Fr,9/2/2022,1.084,,Fr,9/2/2022,1.301,,Fr,9/2/2022,1.521
Th,9/1/2022,1.168,,Th,9/1/2022,1.362,,Th,9/1/2022,1.558
We,8/31/2022,1.184,,We,8/31/2022,1.383,,We,8/31/2022,1.537
Tu,8/30/2022,1.139,,Tu,8/30/2022,1.333,,Tu,8/30/2022,1.508
Mo,8/29/2022,1.082,,Mo,8/29/2022,1.3,,Mo,8/29/2022,1.5
,,,,,,,,,,
Fr,8/26/2022,0.968,,Fr,8/26/2022,1.172,,Fr,8/26/2022,1.386
Th,8/25/2022,0.857,,Th,8/25/2022,1.081,,Th,8/25/2022,1.313
We,8/24/2022,0.91,,We,8/24/2022,1.151,,We,8/24/2022,1.367
Tu,8/23/2022,0.838,,Tu,8/23/2022,1.097,,Tu,8/23/2022,1.316
Mo,8/22/2022,0.878,,Mo,8/22/2022,1.117,,Mo,8/22/2022,1.303
,,,,,,,,,,
Fr,8/19/2022,0.809,,Fr,8/19/2022,1.035,,Fr,8/19/2022,1.227
Th,8/18/2022,0.734,,Th,8/18/2022,0.916,,Th,8/18/2022,1.099
We,8/17/2022,0.717,,We,8/17/2022,0.891,,We,8/17/2022,1.08
Tu,8/16/2022,0.563,,Tu,8/16/2022,0.738,,Tu,8/16/2022,0.969
Mo,8/15/2022,0.516,,Mo,8/15/2022,0.675,,Mo,8/15/2022,0.897
,,,,,,,,,,
Fr,8/12/2022,0.598,,Fr,8/12/2022,0.75,,Fr,8/12/2022,0.985
Th,8/11/2022,0.551,,Th,8/11/2022,0.706,,Th,8/11/2022,0.969
We,8/10/2022,0.524,,We,8/10/2022,0.648,,We,8/10/2022,0.886
Tu,8/9/2022,0.571,,Tu,8/9/2022,0.682,,Tu,8/9/2022,0.917
Mo,8/8/2022,0.438,,Mo,8/8/2022,0.664,,Mo,8/8/2022,0.895
,,,,,,,,,,
Fr,8/5/2022,0.456,,Fr,8/5/2022,0.706,,Fr,8/5/2022,0.952
Th,8/4/2022,0.324,,Th,8/4/2022,0.536,,Th,8/4/2022,0.8
We,8/3/2022,0.38,,We,8/3/2022,0.61,,We,8/3/2022,0.871
Tu,8/2/2022,0.307,,Tu,8/2/2022,0.536,,Tu,8/2/2022,0.816
Mo,8/1/2022,0.239,,Mo,8/1/2022,0.486,,Mo,8/1/2022,0.776
,,,,,,,,,,
Fr,7/29/2022,0.264,,Fr,7/29/2022,0.524,,Fr,7/29/2022,0.814
Th,7/28/2022,0.234,,Th,7/28/2022,0.519,,Th,7/28/2022,0.823
We,7/27/2022,0.425,,We,7/27/2022,0.701,,We,7/27/2022,0.943
Tu,7/26/2022,0.333,,Tu,7/26/2022,0.657,,Tu,7/26/2022,0.922
Mo,7/25/2022,0.395,,Mo,7/25/2022,0.752,,Mo,7/25/2022,1.015
,,,,,,,,,,
Fr,7/22/2022,0.405,,Fr,7/22/2022,0.771,,Fr,7/22/2022,1.027
Th,7/21/2022,0.646,,Th,7/21/2022,1.017,,Th,7/21/2022,1.218
We,7/20/2022,0.592,,We,7/20/2022,1.007,,We,7/20/2022,1.253
Tu,7/19/2022,0.62,,Tu,7/19/2022,1.009,,Tu,7/19/2022,1.273
Mo,7/18/2022,0.497,,Mo,7/18/2022,0.901,,Mo,7/18/2022,1.211
,,,,,,,,,,
Fr,7/15/2022,0.44,,Fr,7/15/2022,0.824,,Fr,7/15/2022,1.129
Th,7/14/2022,0.486,,Th,7/14/2022,0.866,,Th,7/14/2022,1.174
We,7/13/2022,0.438,,We,7/13/2022,0.829,,We,7/13/2022,1.141
Tu,7/12/2022,0.341,,Tu,7/12/2022,0.767,,Tu,7/12/2022,1.129
Mo,7/11/2022,0.426,,Mo,7/11/2022,0.859,,Mo,7/11/2022,1.242
,,,,,,,,,,
Fr,7/8/2022,0.512,,Fr,7/8/2022,0.96,,Fr,7/8/2022,1.341
Th,7/7/2022,0.538,,Th,7/7/2022,0.972,,Th,7/7/2022,1.314
We,7/6/2022,0.374,,We,7/6/2022,0.815,,We,7/6/2022,1.203
Tu,7/5/2022,0.42,,Tu,7/5/2022,0.858,,Tu,7/5/2022,1.175
Mo,7/4/2022,0.607,,Mo,7/4/2022,1.038,,Mo,7/4/2022,1.33
,,,,,,,,,,
Fr,7/1/2022,0.499,,Fr,7/1/2022,0.921,,Fr,7/1/2022,1.229
Th,6/30/2022,0.632,,Th,6/30/2022,1.056,,Th,6/30/2022,1.333
We,6/29/2022,0.827,,We,6/29/2022,1.276,,We,6/29/2022,1.517
Tu,6/28/2022,0.938,,Tu,6/28/2022,1.413,,Tu,6/28/2022,1.624
Mo,6/27/2022,0.878,,Mo,6/27/2022,1.285,,Mo,6/27/2022,1.544
,,,,,,,,,,
Fr,6/24/2022,0.794,,Fr,6/24/2022,1.157,,Fr,6/24/2022,1.437
Th,6/23/2022,0.796,,Th,6/23/2022,1.155,,Th,6/23/2022,1.425
We,6/22/2022,1.042,,We,6/22/2022,1.415,,We,6/22/2022,1.633
Tu,6/21/2022,1.133,,Tu,6/21/2022,1.547,,Tu,6/21/2022,1.767
Mo,6/20/2022,1.139,,Mo,6/20/2022,1.546,,Mo,6/20/2022,1.745
,,,,,,,,,,
Fr,6/17/2022,1.071,,Fr,6/17/2022,1.452,,Fr,6/17/2022,1.657
Th,6/16/2022,1.153,,Th,6/16/2022,1.539,,Th,6/16/2022,1.71
We,6/15/2022,1.064,,We,6/15/2022,1.433,,We,6/15/2022,1.639
Tu,6/14/2022,1.22,,Tu,6/14/2022,1.569,,Tu,6/14/2022,1.751
Mo,6/13/2022,1.138,,Mo,6/13/2022,1.488,,Mo,6/13/2022,1.629
,,,,,,,,,,
Fr,6/10/2022,0.962,,Fr,6/10/2022,1.326,,Fr,6/10/2022,1.514
Th,6/9/2022,0.825,,Th,6/9/2022,1.191,,Th,6/9/2022,1.426
We,6/8/2022,0.69,,We,6/8/2022,1.074,,We,6/8/2022,1.351
Tu,6/7/2022,0.657,,Tu,6/7/2022,1.025,,Tu,6/7/2022,1.29
Mo,6/6/2022,0.673,,Mo,6/6/2022,1.047,,Mo,6/6/2022,1.319
,,,,,,,,,,
Fr,6/3/2022,0.642,,Fr,6/3/2022,1.011,,Fr,6/3/2022,1.27
Th,6/2/2022,0.614,,Th,6/2/2022,0.969,,Th,6/2/2022,1.234
We,6/1/2022,0.547,,We,6/1/2022,0.893,,We,6/1/2022,1.184
Tu,5/31/2022,0.494,,Tu,5/31/2022,0.832,,Tu,5/31/2022,1.12
Mo,5/30/2022,0.44,,Mo,5/30/2022,0.768,,Mo,5/30/2022,1.053
,,,,,,,,,,
Fr,5/27/2022,0.337,,Fr,5/27/2022,0.656,,Fr,5/27/2022,0.96
Th,5/26/2022,0.341,,Th,5/26/2022,0.679,,Th,5/26/2022,0.996
We,5/25/2022,0.331,,We,5/25/2022,0.653,,We,5/25/2022,0.949
Tu,5/24/2022,0.366,,Tu,5/24/2022,0.683,,Tu,5/24/2022,0.965
Mo,5/23/2022,0.404,,Mo,5/23/2022,0.735,,Mo,5/23/2022,1.014
,,,,,,,,,,
Fr,5/20/2022,0.327,,Fr,5/20/2022,0.651,,Fr,5/20/2022,0.941
Th,5/19/2022,0.357,,Th,5/19/2022,0.688,,Th,5/19/2022,0.947
We,5/18/2022,0.374,,We,5/18/2022,0.733,,We,5/18/2022,1.027
Tu,5/17/2022,0.366,,Tu,5/17/2022,0.73,,Tu,5/17/2022,1.043
Mo,5/16/2022,0.128,,Mo,5/16/2022,0.603,,Mo,5/16/2022,0.935
,,,,,,,,,,
Fr,5/13/2022,0.098,,Fr,5/13/2022,0.595,,Fr,5/13/2022,0.944
Th,5/12/2022,0.041,,Th,5/12/2022,0.511,,Th,5/12/2022,0.837
We,5/11/2022,0.134,,We,5/11/2022,0.656,,We,5/11/2022,0.983
Tu,5/10/2022,0.156,,Tu,5/10/2022,0.687,,Tu,5/10/2022,0.998
Mo,5/9/2022,0.224,,Mo,5/9/2022,0.765,,Mo,5/9/2022,1.093
,,,,,,,,,,
Fr,5/6/2022,0.313,,Fr,5/6/2022,0.848,,Fr,5/6/2022,1.129
Th,5/5/2022,0.278,,Th,5/5/2022,0.764,,Th,5/5/2022,1.042
We,5/4/2022,0.264,,We,5/4/2022,0.713,,We,5/4/2022,0.969
Tu,5/3/2022,0.268,,Tu,5/3/2022,0.704,,Tu,5/3/2022,0.963
Mo,5/2/2022,0.237,,Mo,5/2/2022,0.678,,Mo,5/2/2022,0.965
,,,,,,,,,,
Fr,4/29/2022,0.254,,Fr,4/29/2022,0.674,,Fr,4/29/2022,0.937
Th,4/28/2022,0.194,,Th,4/28/2022,0.634,,Th,4/28/2022,0.898
We,4/27/2022,0.093,,We,4/27/2022,0.526,,We,4/27/2022,0.799
Tu,4/26/2022,0.142,,Tu,4/26/2022,0.573,,Tu,4/26/2022,0.812
Mo,4/25/2022,0.139,,Mo,4/25/2022,0.587,,Mo,4/25/2022,0.835
,,,,,,,,,,
Fr,4/22/2022,0.276,,Fr,4/22/2022,0.75,,Fr,4/22/2022,0.969
Th,4/21/2022,0.188,,Th,4/21/2022,0.7,,Th,4/21/2022,0.945
We,4/20/2022,0.04,,We,4/20/2022,0.579,,We,4/20/2022,0.854
Tu,4/19/2022,0.049,,Tu,4/19/2022,0.608,,Tu,4/19/2022,0.908
,,,,,,,,,,
Th,4/14/2022,0.038,,Th,4/14/2022,0.57,,Th,4/14/2022,0.839
We,4/13/2022,0.068,,We,4/13/2022,0.546,,We,4/13/2022,0.764
Tu,4/12/2022,0.069,,Tu,4/12/2022,0.568,,Tu,4/12/2022,0.788
Mo,4/11/2022,0.128,,Mo,4/11/2022,0.623,,Mo,4/11/2022,0.814
,,,,,,,,,,
Fr,4/8/2022,0.046,,Fr,4/8/2022,0.525,,Fr,4/8/2022,0.704
Th,4/7/2022,-0.019,,Th,4/7/2022,0.474,,Th,4/7/2022,0.679
We,4/6/2022,-0.047,,We,4/6/2022,0.437,,We,4/6/2022,0.645
Tu,4/5/2022,-0.029,,Tu,4/5/2022,0.438,,Tu,4/5/2022,0.612
Mo,4/4/2022,-0.09,,Mo,4/4/2022,0.34,,Mo,4/4/2022,0.503
,,,,,,,,,,
Fr,4/1/2022,-0.076,,Fr,4/1/2022,0.374,,Fr,4/1/2022,0.553
Th,3/31/2022,-0.08,,Th,3/31/2022,0.371,,Th,3/31/2022,0.545
We,3/30/2022,-0.003,,We,3/30/2022,0.479,,We,3/30/2022,0.643
Tu,3/29/2022,-0.062,,Tu,3/29/2022,0.428,,Tu,3/29/2022,0.63
Mo,3/28/2022,-0.125,,Mo,3/28/2022,0.359,,Mo,3/28/2022,0.576
,,,,,,,,,,
Fr,3/25/2022,-0.144,,Fr,3/25/2022,0.349,,Fr,3/25/2022,0.584
Th,3/24/2022,-0.207,,Th,3/24/2022,0.265,,Th,3/24/2022,0.529
We,3/23/2022,-0.259,,We,3/23/2022,0.188,,We,3/23/2022,0.464
Tu,3/22/2022,-0.242,,Tu,3/22/2022,0.219,,Tu,3/22/2022,0.502
Mo,3/21/2022,-0.293,,Mo,3/21/2022,0.172,,Mo,3/21/2022,0.467
,,,,,,,,,,
Fr,3/18/2022,-0.35,,Fr,3/18/2022,0.084,,Fr,3/18/2022,0.37
Th,3/17/2022,-0.346,,Th,3/17/2022,0.099,,Th,3/17/2022,0.382
We,3/16/2022,-0.342,,We,3/16/2022,0.09,,We,3/16/2022,0.389
Tu,3/15/2022,-0.427,,Tu,3/15/2022,0.013,,Tu,3/15/2022,0.33
Mo,3/14/2022,-0.354,,Mo,3/14/2022,0.08,,Mo,3/14/2022,0.365
,,,,,,,,,,
Fr,3/11/2022,-0.419,,Fr,3/11/2022,-0.015,,Fr,3/11/2022,0.246
Th,3/10/2022,-0.397,,Th,3/10/2022,-0.009,,Th,3/10/2022,0.27
We,3/9/2022,-0.505,,We,3/9/2022,-0.116,,We,3/9/2022,0.213
Tu,3/8/2022,-0.627,,Tu,3/8/2022,-0.215,,Tu,3/8/2022,0.109
Mo,3/7/2022,-0.699,,Mo,3/7/2022,-0.32,,Mo,3/7/2022,-0.019
,,,,,,,,,,
Fr,3/4/2022,-0.744,,Fr,3/4/2022,-0.376,,Fr,3/4/2022,-0.073
Th,3/3/2022,-0.641,,Th,3/3/2022,-0.271,,Th,3/3/2022,0.016
We,3/2/2022,-0.627,,We,3/2/2022,-0.257,,We,3/2/2022,0.023
Tu,3/1/2022,-0.745,,Tu,3/1/2022,-0.408,,Tu,3/1/2022,-0.076
Mo,2/28/2022,-0.539,,Mo,2/28/2022,-0.164,,Mo,2/28/2022,0.132
,,,,,,,,,,
Fr,2/25/2022,-0.387,,Fr,2/25/2022,-0.004,,Fr,2/25/2022,0.229
Th,2/24/2022,-0.427,,Th,2/24/2022,-0.077,,Th,2/24/2022,0.169
We,2/23/2022,-0.367,,We,2/23/2022,0.002,,We,2/23/2022,0.226
Tu,2/22/2022,-0.406,,Tu,2/22/2022,-0.003,,Tu,2/22/2022,0.241
Mo,2/21/2022,-0.459,,Mo,2/21/2022,-0.049,,Mo,2/21/2022,0.205
,,,,,,,,,,
Fr,2/18/2022,-0.483,,Fr,2/18/2022,-0.075,,Fr,2/18/2022,0.19
Th,2/17/2022,-0.435,,Th,2/17/2022,-0.021,,Th,2/17/2022,0.229
We,2/16/2022,-0.369,,We,2/16/2022,0.039,,We,2/16/2022,0.274
Tu,2/15/2022,-0.353,,Tu,2/15/2022,0.052,,Tu,2/15/2022,0.306
Mo,2/14/2022,-0.369,,Mo,2/14/2022,0.041,,Mo,2/14/2022,0.281
,,,,,,,,,,
Fr,2/11/2022,-0.334,,Fr,2/11/2022,0.08,,Fr,2/11/2022,0.294
Th,2/10/2022,-0.339,,Th,2/10/2022,0.08,,Th,2/10/2022,0.281
We,2/9/2022,-0.355,,We,2/9/2022,0.018,,We,2/9/2022,0.21
Tu,2/8/2022,-0.305,,Tu,2/8/2022,0.078,,Tu,2/8/2022,0.263
Mo,2/7/2022,-0.295,,Mo,2/7/2022,0.051,,Mo,2/7/2022,0.225
,,,,,,,,,,
Fr,2/4/2022,-0.256,,Fr,2/4/2022,0.044,,Fr,2/4/2022,0.203
Th,2/3/2022,-0.343,,Th,2/3/2022,-0.052,,Th,2/3/2022,0.139
We,2/2/2022,-0.467,,We,2/2/2022,-0.183,,We,2/2/2022,0.038
Tu,2/1/2022,-0.48,,Tu,2/1/2022,-0.205,,Tu,2/1/2022,0.034
Mo,1/31/2022,-0.536,,Mo,1/31/2022,-0.227,,Mo,1/31/2022,0.009
,,,,,,,,,,
Fr,1/28/2022,-0.613,,Fr,1/28/2022,-0.308,,Fr,1/28/2022,-0.047
Th,1/27/2022,-0.621,,Th,1/27/2022,-0.322,,Th,1/27/2022,-0.06
We,1/26/2022,-0.651,,We,1/26/2022,-0.356,,We,1/26/2022,-0.076
Tu,1/25/2022,-0.656,,Tu,1/25/2022,-0.362,,Tu,1/25/2022,-0.082
Mo,1/24/2022,-0.66,,Mo,1/24/2022,-0.381,,Mo,1/24/2022,-0.109
,,,,,,,,,,
Fr,1/21/2022,-0.625,,Fr,1/21/2022,-0.335,,Fr,1/21/2022,-0.067
Th,1/20/2022,-0.585,,Th,1/20/2022,-0.299,,Th,1/20/2022,-0.027
We,1/19/2022,-0.578,,We,1/19/2022,-0.344,,We,1/19/2022,-0.014
Tu,1/18/2022,-0.579,,Tu,1/18/2022,-0.348,,Tu,1/18/2022,-0.02
Mo,1/17/2022,-0.571,,Mo,1/17/2022,-0.345,,Mo,1/17/2022,-0.027
,,,,,,,,,,
Fr,1/14/2022,-0.588,,Fr,1/14/2022,-0.367,,Fr,1/14/2022,-0.048
Th,1/13/2022,-0.608,,Th,1/13/2022,-0.403,,Th,1/13/2022,-0.092
We,1/12/2022,-0.597,,We,1/12/2022,-0.381,,We,1/12/2022,-0.061
Tu,1/11/2022,-0.584,,Tu,1/11/2022,-0.356,,Tu,1/11/2022,-0.029
Mo,1/10/2022,-0.594,,Mo,1/10/2022,-0.375,,Mo,1/10/2022,-0.036
,,,,,,,,,,
Fr,1/7/2022,-0.599,,Fr,1/7/2022,-0.383,,Fr,1/7/2022,-0.045
Th,1/6/2022,-0.608,,Th,1/6/2022,-0.404,,Th,1/6/2022,-0.063
We,1/5/2022,-0.626,,We,1/5/2022,-0.433,,We,1/5/2022,-0.086
Tu,1/4/2022,-0.622,,Tu,1/4/2022,-0.423,,Tu,1/4/2022,-0.124
Mo,1/3/2022,-0.611,,Mo,1/3/2022,-0.416,,Mo,1/3/2022,-0.122
,,,,,,,,,,
Fr,12/31/2021,-0.636,,Fr,12/31/2021,-0.461,,Fr,12/31/2021,-0.182
Th,12/30/2021,-0.635,,Th,12/30/2021,-0.461,,Th,12/30/2021,-0.182
We,12/29/2021,-0.64,,We,12/29/2021,-0.467,,We,12/29/2021,-0.188
Tu,12/28/2021,-0.652,,Tu,12/28/2021,-0.49,,Tu,12/28/2021,-0.24
Mo,12/27/2021,-0.654,,Mo,12/27/2021,-0.497,,Mo,12/27/2021,-0.246
,,,,,,,,,,
Fr,12/24/2021,-0.687,,Fr,12/24/2021,-0.521,,Fr,12/24/2021,-0.253
Th,12/23/2021,-0.686,,Th,12/23/2021,-0.52,,Th,12/23/2021,-0.253
We,12/22/2021,-0.702,,We,12/22/2021,-0.547,,We,12/22/2021,-0.295
Tu,12/21/2021,-0.707,,Tu,12/21/2021,-0.568,,Tu,12/21/2021,-0.309
Mo,12/20/2021,-0.738,,Mo,12/20/2021,-0.617,,Mo,12/20/2021,-0.371
,,,,,,,,,,
Fr,12/17/2021,-0.727,,Fr,12/17/2021,-0.614,,Fr,12/17/2021,-0.382
Th,12/16/2021,-0.7,,Th,12/16/2021,-0.589,,Th,12/16/2021,-0.352
We,12/15/2021,-0.688,,We,12/15/2021,-0.588,,We,12/15/2021,-0.364
Tu,12/14/2021,-0.692,,Tu,12/14/2021,-0.595,,Tu,12/14/2021,-0.371
Mo,12/13/2021,-0.711,,Mo,12/13/2021,-0.608,,Mo,12/13/2021,-0.384
,,,,,,,,,,
Fr,12/10/2021,-0.702,,Fr,12/10/2021,-0.585,,Fr,12/10/2021,-0.349
Th,12/9/2021,-0.71,,Th,12/9/2021,-0.598,,Th,12/9/2021,-0.356
We,12/8/2021,-0.684,,We,12/8/2021,-0.559,,We,12/8/2021,-0.315
Tu,12/7/2021,-0.712,,Tu,12/7/2021,-0.606,,Tu,12/7/2021,-0.377
Mo,12/6/2021,-0.732,,Mo,12/6/2021,-0.631,,Mo,12/6/2021,-0.391
,,,,,,,,,,
Fr,12/3/2021,-0.751,,Fr,12/3/2021,-0.637,,Fr,12/3/2021,-0.391
Th,12/2/2021,-0.746,,Th,12/2/2021,-0.631,,Th,12/2/2021,-0.372
We,12/1/2021,-0.722,,We,12/1/2021,-0.598,,We,12/1/2021,-0.345
Tu,11/30/2021,-0.746,,Tu,11/30/2021,-0.622,,Tu,11/30/2021,-0.351
Mo,11/29/2021,-0.759,,Mo,11/29/2021,-0.628,,Mo,11/29/2021,-0.319
,,,,,,,,,,
Fr,11/26/2021,-0.767,,Fr,11/26/2021,-0.645,,Fr,11/26/2021,-0.338
Th,11/25/2021,-0.747,,Th,11/25/2021,-0.575,,Th,11/25/2021,-0.253
We,11/24/2021,-0.753,,We,11/24/2021,-0.56,,We,11/24/2021,-0.23
Tu,11/23/2021,-0.736,,Tu,11/23/2021,-0.548,,Tu,11/23/2021,-0.222
Mo,11/22/2021,-0.751,,Mo,11/22/2021,-0.601,,Mo,11/22/2021,-0.303
,,,,,,,,,,
Fr,11/19/2021,-0.785,,Fr,11/19/2021,-0.641,,Fr,11/19/2021,-0.344
Th,11/18/2021,-0.752,,Th,11/18/2021,-0.582,,Th,11/18/2021,-0.277
We,11/17/2021,-0.735,,We,11/17/2021,-0.565,,We,11/17/2021,-0.248
Tu,11/16/2021,-0.738,,Tu,11/16/2021,-0.561,,Tu,11/16/2021,-0.244
Mo,11/15/2021,-0.697,,Mo,11/15/2021,-0.524,,Mo,11/15/2021,-0.23
,,,,,,,,,,
Fr,11/12/2021,-0.749,,Fr,11/12/2021,-0.571,,Fr,11/12/2021,-0.26
Th,11/11/2021,-0.704,,Th,11/11/2021,-0.52,,Th,11/11/2021,-0.233
We,11/10/2021,-0.707,,We,11/10/2021,-0.54,,We,11/10/2021,-0.25
Tu,11/9/2021,-0.75,,Tu,11/9/2021,-0.588,,Tu,11/9/2021,-0.3
Mo,11/8/2021,-0.731,,Mo,11/8/2021,-0.558,,Mo,11/8/2021,-0.245
,,,,,,,,,,
Fr,11/5/2021,-0.738,,Fr,11/5/2021,-0.583,,Fr,11/5/2021,-0.283
Th,11/4/2021,-0.719,,Th,11/4/2021,-0.561,,Th,11/4/2021,-0.227
We,11/3/2021,-0.663,,We,11/3/2021,-0.479,,We,11/3/2021,-0.17
Tu,11/2/2021,-0.674,,Tu,11/2/2021,-0.478,,Tu,11/2/2021,-0.166
Mo,11/1/2021,-0.614,,Mo,11/1/2021,-0.404,,Mo,11/1/2021,-0.104
,,,,,,,,,,
Fr,10/29/2021,-0.591,,Fr,10/29/2021,-0.392,,Fr,10/29/2021,-0.107
Th,10/28/2021,-0.624,,Th,10/28/2021,-0.439,,Th,10/28/2021,-0.137
We,10/27/2021,-0.647,,We,10/27/2021,-0.469,,We,10/27/2021,-0.18
Tu,10/26/2021,-0.665,,Tu,10/26/2021,-0.443,,Tu,10/26/2021,-0.119
Mo,10/25/2021,-0.671,,Mo,10/25/2021,-0.455,,Mo,10/25/2021,-0.116
,,,,,,,,,,
Fr,10/22/2021,-0.643,,Fr,10/22/2021,-0.425,,Fr,10/22/2021,-0.107
Th,10/21/2021,-0.65,,Th,10/21/2021,-0.434,,Th,10/21/2021,-0.103
We,10/20/2021,-0.664,,We,10/20/2021,-0.475,,We,10/20/2021,-0.127
Tu,10/19/2021,-0.631,,Tu,10/19/2021,-0.443,,Tu,10/19/2021,-0.107
Mo,10/18/2021,-0.631,,Mo,10/18/2021,-0.464,,Mo,10/18/2021,-0.149
,,,,,,,,,,
Fr,10/15/2021,-0.687,,Fr,10/15/2021,-0.52,,Fr,10/15/2021,-0.169
Th,10/14/2021,-0.698,,Th,10/14/2021,-0.54,,Th,10/14/2021,-0.192
We,10/13/2021,-0.673,,We,10/13/2021,-0.482,,We,10/13/2021,-0.129
Tu,10/12/2021,-0.666,,Tu,10/12/2021,-0.467,,Tu,10/12/2021,-0.087
Mo,10/11/2021,-0.68,,Mo,10/11/2021,-0.505,,Mo,10/11/2021,-0.122
,,,,,,,,,,
Fr,10/8/2021,-0.697,,Fr,10/8/2021,-0.534,,Fr,10/8/2021,-0.152
Th,10/7/2021,-0.71,,Th,10/7/2021,-0.561,,Th,10/7/2021,-0.186
We,10/6/2021,-0.7,,We,10/6/2021,-0.552,,We,10/6/2021,-0.183
Tu,10/5/2021,-0.701,,Tu,10/5/2021,-0.556,,Tu,10/5/2021,-0.189
Mo,10/4/2021,-0.708,,Mo,10/4/2021,-0.576,,Mo,10/4/2021,-0.215
,,,,,,,,,,
Fr,10/1/2021,-0.707,,Fr,10/1/2021,-0.583,,Fr,10/1/2021,-0.226
Th,9/30/2021,-0.695,,Th,9/30/2021,-0.558,,Th,9/30/2021,-0.2
We,9/29/2021,-0.694,,We,9/29/2021,-0.56,,We,9/29/2021,-0.214
Tu,9/28/2021,-0.691,,Tu,9/28/2021,-0.552,,Tu,9/28/2021,-0.2
Mo,9/27/2021,-0.693,,Mo,9/27/2021,-0.562,,Mo,9/27/2021,-0.224
,,,,,,,,,,
Fr,9/24/2021,-0.695,,Fr,9/24/2021,-0.571,,Fr,9/24/2021,-0.229
Th,9/23/2021,-0.695,,Th,9/23/2021,-0.585,,Th,9/23/2021,-0.259
We,9/22/2021,-0.715,,We,9/22/2021,-0.636,,We,9/22/2021,-0.325
Tu,9/21/2021,-0.717,,Tu,9/21/2021,-0.634,,Tu,9/21/2021,-0.318
Mo,9/20/2021,-0.722,,Mo,9/20/2021,-0.637,,Mo,9/20/2021,-0.321
,,,,,,,,,,
Fr,9/17/2021,-0.703,,Fr,9/17/2021,-0.609,,Fr,9/17/2021,-0.281
Th,9/16/2021,-0.707,,Th,9/16/2021,-0.623,,Th,9/16/2021,-0.303
We,9/15/2021,-0.704,,We,9/15/2021,-0.626,,We,9/15/2021,-0.307
Tu,9/14/2021,-0.707,,Tu,9/14/2021,-0.646,,Tu,9/14/2021,-0.341
Mo,9/13/2021,-0.71,,Mo,9/13/2021,-0.643,,Mo,9/13/2021,-0.332
,,,,,,,,,,
Fr,9/10/2021,-0.709,,Fr,9/10/2021,-0.64,,Fr,9/10/2021,-0.332
Th,9/9/2021,-0.715,,Th,9/9/2021,-0.662,,Th,9/9/2021,-0.362
We,9/8/2021,-0.7,,We,9/8/2021,-0.634,,We,9/8/2021,-0.324
Tu,9/7/2021,-0.702,,Tu,9/7/2021,-0.633,,Tu,9/7/2021,-0.323
Mo,9/6/2021,-0.719,,Mo,9/6/2021,-0.673,,Mo,9/6/2021,-0.368
,,,,,,,,,,
Fr,9/3/2021,-0.716,,Fr,9/3/2021,-0.674,,Fr,9/3/2021,-0.363
Th,9/2/2021,-0.726,,Th,9/2/2021,-0.694,,Th,9/2/2021,-0.386
We,9/1/2021,-0.721,,We,9/1/2021,-0.683,,We,9/1/2021,-0.375
Tu,8/31/2021,-0.722,,Tu,8/31/2021,-0.68,,Tu,8/31/2021,-0.385
Mo,8/30/2021,-0.744,,Mo,8/30/2021,-0.719,,Mo,8/30/2021,-0.441
,,,,,,,,,,
Fr,8/27/2021,-0.743,,Fr,8/27/2021,-0.71,,Fr,8/27/2021,-0.425
Th,8/26/2021,-0.739,,Th,8/26/2021,-0.698,,Th,8/26/2021,-0.408
We,8/25/2021,-0.74,,We,8/25/2021,-0.707,,We,8/25/2021,-0.423
Tu,8/24/2021,-0.75,,Tu,8/24/2021,-0.739,,Tu,8/24/2021,-0.479
Mo,8/23/2021,-0.752,,Mo,8/23/2021,-0.743,,Mo,8/23/2021,-0.482
,,,,,,,,,,
Fr,8/20/2021,-0.755,,Fr,8/20/2021,-0.75,,Fr,8/20/2021,-0.496
Th,8/19/2021,-0.752,,Th,8/19/2021,-0.745,,Th,8/19/2021,-0.491
We,8/18/2021,-0.748,,We,8/18/2021,-0.74,,We,8/18/2021,-0.483
Tu,8/17/2021,-0.741,,Tu,8/17/2021,-0.731,,Tu,8/17/2021,-0.472
Mo,8/16/2021,-0.743,,Mo,8/16/2021,-0.728,,Mo,8/16/2021,-0.47
,,,,,,,,,,
Fr,8/13/2021,-0.743,,Fr,8/13/2021,-0.731,,Fr,8/13/2021,-0.468
Th,8/12/2021,-0.751,,Th,8/12/2021,-0.726,,Th,8/12/2021,-0.461
We,8/11/2021,-0.753,,We,8/11/2021,-0.731,,We,8/11/2021,-0.465
Tu,8/10/2021,-0.751,,Tu,8/10/2021,-0.725,,Tu,8/10/2021,-0.458
Mo,8/9/2021,-0.753,,Mo,8/9/2021,-0.726,,Mo,8/9/2021,-0.461
,,,,,,,,,,
Fr,8/6/2021,-0.761,,Fr,8/6/2021,-0.73,,Fr,8/6/2021,-0.457
Th,8/5/2021,-0.78,,Th,8/5/2021,-0.765,,Th,8/5/2021,-0.5
We,8/4/2021,-0.785,,We,8/4/2021,-0.769,,We,8/4/2021,-0.502
Tu,8/3/2021,-0.775,,Tu,8/3/2021,-0.749,,Tu,8/3/2021,-0.483
Mo,8/2/2021,-0.779,,Mo,8/2/2021,-0.757,,Mo,8/2/2021,-0.488
,,,,,,,,,,
Fr,7/30/2021,-0.767,,Fr,7/30/2021,-0.744,,Fr,7/30/2021,-0.462
Th,7/29/2021,-0.762,,Th,7/29/2021,-0.737,,Th,7/29/2021,-0.451
We,7/28/2021,-0.76,,We,7/28/2021,-0.739,,We,7/28/2021,-0.451
Tu,7/27/2021,-0.749,,Tu,7/27/2021,-0.725,,Tu,7/27/2021,-0.442
Mo,7/26/2021,-0.736,,Mo,7/26/2021,-0.705,,Mo,7/26/2021,-0.419
,,,,,,,,,,
Fr,7/23/2021,-0.731,,Fr,7/23/2021,-0.705,,Fr,7/23/2021,-0.421
Th,7/22/2021,-0.725,,Th,7/22/2021,-0.704,,Th,7/22/2021,-0.427
We,7/21/2021,-0.719,,We,7/21/2021,-0.684,,We,7/21/2021,-0.396
Tu,7/20/2021,-0.718,,Tu,7/20/2021,-0.69,,Tu,7/20/2021,-0.411
Mo,7/19/2021,-0.696,,Mo,7/19/2021,-0.658,,Mo,7/19/2021,-0.387
,,,,,,,,,,
Fr,7/16/2021,-0.687,,Fr,7/16/2021,-0.639,,Fr,7/16/2021,-0.355
Th,7/15/2021,-0.682,,Th,7/15/2021,-0.626,,Th,7/15/2021,-0.335
We,7/14/2021,-0.683,,We,7/14/2021,-0.62,,We,7/14/2021,-0.32
Tu,7/13/2021,-0.676,,Tu,7/13/2021,-0.602,,Tu,7/13/2021,-0.295
Mo,7/12/2021,-0.678,,Mo,7/12/2021,-0.6,,Mo,7/12/2021,-0.296
,,,,,,,,,,
Fr,7/9/2021,-0.68,,Fr,7/9/2021,-0.599,,Fr,7/9/2021,-0.294
Th,7/8/2021,-0.687,,Th,7/8/2021,-0.606,,Th,7/8/2021,-0.308
We,7/7/2021,-0.682,,We,7/7/2021,-0.597,,We,7/7/2021,-0.299
Tu,7/6/2021,-0.682,,Tu,7/6/2021,-0.622,,Tu,7/6/2021,-0.269
Mo,7/5/2021,-0.666,,Mo,7/5/2021,-0.586,,Mo,7/5/2021,-0.212
,,,,,,,,,,
Fr,7/2/2021,-0.674,,Fr,7/2/2021,-0.606,,Fr,7/2/2021,-0.236
Th,7/1/2021,-0.671,,Th,7/1/2021,-0.59,,Th,7/1/2021,-0.202
We,6/30/2021,-0.667,,We,6/30/2021,-0.589,,We,6/30/2021,-0.209
Tu,6/29/2021,-0.656,,Tu,6/29/2021,-0.564,,Tu,6/29/2021,-0.171
Mo,6/28/2021,-0.658,,Mo,6/28/2021,-0.575,,Mo,6/28/2021,-0.191
,,,,,,,,,,
Fr,6/25/2021,-0.652,,Fr,6/25/2021,-0.553,,Fr,6/25/2021,-0.156
Th,6/24/2021,-0.654,,Th,6/24/2021,-0.573,,Th,6/24/2021,-0.19
We,6/23/2021,-0.657,,We,6/23/2021,-0.57,,We,6/23/2021,-0.179
Tu,6/22/2021,-0.653,,Tu,6/22/2021,-0.558,,Tu,6/22/2021,-0.165
Mo,6/21/2021,-0.657,,Mo,6/21/2021,-0.562,,Mo,6/21/2021,-0.173
,,,,,,,,,,
Fr,6/18/2021,-0.671,,Fr,6/18/2021,-0.589,,Fr,6/18/2021,-0.202
Th,6/17/2021,-0.673,,Th,6/17/2021,-0.599,,Th,6/17/2021,-0.197
We,6/16/2021,-0.681,,We,6/16/2021,-0.621,,We,6/16/2021,-0.25
Tu,6/15/2021,-0.676,,Tu,6/15/2021,-0.604,,Tu,6/15/2021,-0.232
Mo,6/14/2021,-0.678,,Mo,6/14/2021,-0.617,,Mo,6/14/2021,-0.252
,,,,,,,,,,
Fr,6/11/2021,-0.687,,Fr,6/11/2021,-0.634,,Fr,6/11/2021,-0.274
Th,6/10/2021,-0.69,,Th,6/10/2021,-0.629,,Th,6/10/2021,-0.257
We,6/9/2021,-0.682,,We,6/9/2021,-0.616,,We,6/9/2021,-0.245
Tu,6/8/2021,-0.674,,Tu,6/8/2021,-0.601,,Tu,6/8/2021,-0.225
Mo,6/7/2021,-0.669,,Mo,6/7/2021,-0.584,,Mo,6/7/2021,-0.199
,,,,,,,,,,
Fr,6/4/2021,-0.676,,Fr,6/4/2021,-0.599,,Fr,6/4/2021,-0.214
Th,6/3/2021,-0.675,,Th,6/3/2021,-0.581,,Th,6/3/2021,-0.184
We,6/2/2021,-0.67,,We,6/2/2021,-0.581,,We,6/2/2021,-0.199
Tu,6/1/2021,-0.666,,Tu,6/1/2021,-0.566,,Tu,6/1/2021,-0.179
Mo,5/31/2021,-0.668,,Mo,5/31/2021,-0.568,,Mo,5/31/2021,-0.188
,,,,,,,,,,
Fr,5/28/2021,-0.669,,Fr,5/28/2021,-0.57,,Fr,5/28/2021,-0.183
Th,5/27/2021,-0.665,,Th,5/27/2021,-0.556,,Th,5/27/2021,-0.173
We,5/26/2021,-0.671,,We,5/26/2021,-0.579,,We,5/26/2021,-0.207
Tu,5/25/2021,-0.668,,Tu,5/25/2021,-0.555,,Tu,5/25/2021,-0.168
Mo,5/24/2021,-0.661,,Mo,5/24/2021,-0.532,,Mo,5/24/2021,-0.141
,,,,,,,,,,
Fr,5/21/2021,-0.66,,Fr,5/21/2021,-0.523,,Fr,5/21/2021,-0.131
Th,5/20/2021,-0.654,,Th,5/20/2021,-0.501,,Th,5/20/2021,-0.11
We,5/19/2021,-0.655,,We,5/19/2021,-0.508,,We,5/19/2021,-0.111
Tu,5/18/2021,-0.653,,Tu,5/18/2021,-0.507,,Tu,5/18/2021,-0.104
Mo,5/17/2021,-0.66,,Mo,5/17/2021,-0.512,,Mo,5/17/2021,-0.116
,,,,,,,,,,
Fr,5/14/2021,-0.662,,Fr,5/14/2021,-0.522,,Fr,5/14/2021,-0.131
Th,5/13/2021,-0.662,,Th,5/13/2021,-0.514,,Th,5/13/2021,-0.121
We,5/12/2021,-0.662,,We,5/12/2021,-0.52,,We,5/12/2021,-0.125
Tu,5/11/2021,-0.672,,Tu,5/11/2021,-0.551,,Tu,5/11/2021,-0.162
Mo,5/10/2021,-0.693,,Mo,5/10/2021,-0.593,,Mo,5/10/2021,-0.213
,,,,,,,,,,
Fr,5/7/2021,-0.689,,Fr,5/7/2021,-0.589,,Fr,5/7/2021,-0.216
Th,5/6/2021,-0.697,,Th,5/6/2021,-0.602,,Th,5/6/2021,-0.226
We,5/5/2021,-0.698,,We,5/5/2021,-0.605,,We,5/5/2021,-0.228
Tu,5/4/2021,-0.701,,Tu,5/4/2021,-0.609,,Tu,5/4/2021,-0.239
Mo,5/3/2021,-0.69,,Mo,5/3/2021,-0.584,,Mo,5/3/2021,-0.205
,,,,,,,,,,
Fr,4/30/2021,-0.69,,Fr,4/30/2021,-0.578,,Fr,4/30/2021,-0.203
Th,4/29/2021,-0.683,,Th,4/29/2021,-0.564,,Th,4/29/2021,-0.194
We,4/28/2021,-0.689,,We,4/28/2021,-0.586,,We,4/28/2021,-0.232
Tu,4/27/2021,-0.693,,Tu,4/27/2021,-0.601,,Tu,4/27/2021,-0.25
Mo,4/26/2021,-0.695,,Mo,4/26/2021,-0.602,,Mo,4/26/2021,-0.254
,,,,,,,,,,
Fr,4/23/2021,-0.697,,Fr,4/23/2021,-0.608,,Fr,4/23/2021,-0.259
Th,4/22/2021,-0.695,,Th,4/22/2021,-0.601,,Th,4/22/2021,-0.253
We,4/21/2021,-0.701,,We,4/21/2021,-0.608,,We,4/21/2021,-0.263
Tu,4/20/2021,-0.698,,Tu,4/20/2021,-0.606,,Tu,4/20/2021,-0.263
Mo,4/19/2021,-0.686,,Mo,4/19/2021,-0.584,,Mo,4/19/2021,-0.235
,,,,,,,,,,
Fr,4/16/2021,-0.696,,Fr,4/16/2021,-0.611,,Fr,4/16/2021,-0.264
Th,4/15/2021,-0.704,,Th,4/15/2021,-0.63,,Th,4/15/2021,-0.292
We,4/14/2021,-0.694,,We,4/14/2021,-0.605,,We,4/14/2021,-0.259
Tu,4/13/2021,-0.707,,Tu,4/13/2021,-0.633,,Tu,4/13/2021,-0.293
Mo,4/12/2021,-0.711,,Mo,4/12/2021,-0.635,,Mo,4/12/2021,-0.295
,,,,,,,,,,
Fr,4/9/2021,-0.707,,Fr,4/9/2021,-0.635,,Fr,4/9/2021,-0.304
Th,4/8/2021,-0.719,,Th,4/8/2021,-0.669,,Th,4/8/2021,-0.336
We,4/7/2021,-0.708,,We,4/7/2021,-0.659,,We,4/7/2021,-0.325
Tu,4/6/2021,-0.706,,Tu,4/6/2021,-0.65,,Tu,4/6/2021,-0.317
,,,,,,,,,,
Th,4/1/2021,-0.712,,Th,4/1/2021,-0.661,,Th,4/1/2021,-0.329
We,3/31/2021,-0.695,,We,3/31/2021,-0.629,,We,3/31/2021,-0.293
Tu,3/30/2021,-0.698,,Tu,3/30/2021,-0.626,,Tu,3/30/2021,-0.288
Mo,3/29/2021,-0.714,,Mo,3/29/2021,-0.659,,Mo,3/29/2021,-0.32
,,,,,,,,,,
Fr,3/26/2021,-0.724,,Fr,3/26/2021,-0.68,,Fr,3/26/2021,-0.348
Th,3/25/2021,-0.722,,Th,3/25/2021,-0.699,,Th,3/25/2021,-0.385
We,3/24/2021,-0.717,,We,3/24/2021,-0.683,,We,3/24/2021,-0.354
Tu,3/23/2021,-0.716,,Tu,3/23/2021,-0.673,,Tu,3/23/2021,-0.343
Mo,3/22/2021,-0.707,,Mo,3/22/2021,-0.657,,Mo,3/22/2021,-0.312
,,,,,,,,,,
Fr,3/19/2021,-0.702,,Fr,3/19/2021,-0.646,,Fr,3/19/2021,-0.295
Th,3/18/2021,-0.689,,Th,3/18/2021,-0.619,,Th,3/18/2021,-0.265
We,3/17/2021,-0.689,,We,3/17/2021,-0.626,,We,3/17/2021,-0.292
Tu,3/16/2021,-0.695,,Tu,3/16/2021,-0.649,,Tu,3/16/2021,-0.337
Mo,3/15/2021,-0.699,,Mo,3/15/2021,-0.648,,Mo,3/15/2021,-0.335
,,,,,,,,,,
Fr,3/12/2021,-0.692,,Fr,3/12/2021,-0.621,,Fr,3/12/2021,-0.307
Th,3/11/2021,-0.696,,Th,3/11/2021,-0.634,,Th,3/11/2021,-0.335
We,3/10/2021,-0.688,,We,3/10/2021,-0.617,,We,3/10/2021,-0.315
Tu,3/9/2021,-0.686,,Tu,3/9/2021,-0.611,,Tu,3/9/2021,-0.301
Mo,3/8/2021,-0.686,,Mo,3/8/2021,-0.596,,Mo,3/8/2021,-0.278
,,,,,,,,,,
Fr,3/5/2021,-0.696,,Fr,3/5/2021,-0.618,,Fr,3/5/2021,-0.303
Th,3/4/2021,-0.692,,Th,3/4/2021,-0.623,,Th,3/4/2021,-0.313
We,3/3/2021,-0.686,,We,3/3/2021,-0.606,,We,3/3/2021,-0.289
Tu,3/2/2021,-0.699,,Tu,3/2/2021,-0.647,,Tu,3/2/2021,-0.353
Mo,3/1/2021,-0.694,,Mo,3/1/2021,-0.632,,Mo,3/1/2021,-0.336
,,,,,,,,,,
Fr,2/26/2021,-0.668,,Fr,2/26/2021,-0.569,,Fr,2/26/2021,-0.262
Th,2/25/2021,-0.659,,Th,2/25/2021,-0.547,,Th,2/25/2021,-0.233
We,2/24/2021,-0.69,,We,2/24/2021,-0.613,,We,2/24/2021,-0.305
Tu,2/23/2021,-0.69,,Tu,2/23/2021,-0.617,,Tu,2/23/2021,-0.317
Mo,2/22/2021,-0.693,,Mo,2/22/2021,-0.631,,Mo,2/22/2021,-0.34
,,,,,,,,,,
Fr,2/19/2021,-0.688,,Fr,2/19/2021,-0.611,,Fr,2/19/2021,-0.307
Th,2/18/2021,-0.693,,Th,2/18/2021,-0.632,,Th,2/18/2021,-0.347
We,2/17/2021,-0.702,,We,2/17/2021,-0.652,,We,2/17/2021,-0.369
Tu,2/16/2021,-0.695,,Tu,2/16/2021,-0.635,,Tu,2/16/2021,-0.349
Mo,2/15/2021,-0.701,,Mo,2/15/2021,-0.651,,Mo,2/15/2021,-0.383
,,,,,,,,,,
Fr,2/12/2021,-0.713,,Fr,2/12/2021,-0.685,,Fr,2/12/2021,-0.429
Th,2/11/2021,-0.722,,Th,2/11/2021,-0.707,,Th,2/11/2021,-0.459
We,2/10/2021,-0.718,,We,2/10/2021,-0.693,,We,2/10/2021,-0.438
Tu,2/9/2021,-0.717,,Tu,2/9/2021,-0.693,,Tu,2/9/2021,-0.447
Mo,2/8/2021,-0.715,,Mo,2/8/2021,-0.688,,Mo,2/8/2021,-0.447
,,,,,,,,,,
Fr,2/5/2021,-0.718,,Fr,2/5/2021,-0.69,,Fr,2/5/2021,-0.448
Th,2/4/2021,-0.716,,Th,2/4/2021,-0.689,,Th,2/4/2021,-0.455
We,2/3/2021,-0.718,,We,2/3/2021,-0.696,,We,2/3/2021,-0.466
Tu,2/2/2021,-0.727,,Tu,2/2/2021,-0.713,,Tu,2/2/2021,-0.49
Mo,2/1/2021,-0.728,,Mo,2/1/2021,-0.731,,Mo,2/1/2021,-0.517
,,,,,,,,,,
Fr,1/29/2021,-0.738,,Fr,1/29/2021,-0.736,,Fr,1/29/2021,-0.519
Th,1/28/2021,-0.749,,Th,1/28/2021,-0.753,,Th,1/28/2021,-0.54
We,1/27/2021,-0.746,,We,1/27/2021,-0.753,,We,1/27/2021,-0.547
Tu,1/26/2021,-0.728,,Tu,1/26/2021,-0.736,,Tu,1/26/2021,-0.535
Mo,1/25/2021,-0.731,,Mo,1/25/2021,-0.746,,Mo,1/25/2021,-0.551
,,,,,,,,,,
Fr,1/22/2021,-0.713,,Fr,1/22/2021,-0.718,,Fr,1/22/2021,-0.514
Th,1/21/2021,-0.703,,Th,1/21/2021,-0.7,,Th,1/21/2021,-0.497
We,1/20/2021,-0.713,,We,1/20/2021,-0.724,,We,1/20/2021,-0.53
Tu,1/19/2021,-0.711,,Tu,1/19/2021,-0.717,,Tu,1/19/2021,-0.527
Mo,1/18/2021,-0.72,,Mo,1/18/2021,-0.722,,Mo,1/18/2021,-0.528
,,,,,,,,,,
Fr,1/15/2021,-0.726,,Fr,1/15/2021,-0.736,,Fr,1/15/2021,-0.544
Th,1/14/2021,-0.732,,Th,1/14/2021,-0.743,,Th,1/14/2021,-0.55
We,1/13/2021,-0.709,,We,1/13/2021,-0.709,,We,1/13/2021,-0.523
Tu,1/12/2021,-0.695,,Tu,1/12/2021,-0.69,,Tu,1/12/2021,-0.469
Mo,1/11/2021,-0.703,,Mo,1/11/2021,-0.718,,Mo,1/11/2021,-0.498
,,,,,,,,,,
Fr,1/8/2021,-0.707,,Fr,1/8/2021,-0.732,,Fr,1/8/2021,-0.522
Th,1/7/2021,-0.709,,Th,1/7/2021,-0.737,,Th,1/7/2021,-0.525
We,1/6/2021,-0.708,,We,1/6/2021,-0.732,,We,1/6/2021,-0.523
Tu,1/5/2021,-0.721,,Tu,1/5/2021,-0.749,,Tu,1/5/2021,-0.579
Mo,1/4/2021,-0.727,,Mo,1/4/2021,-0.765,,Mo,1/4/2021,-0.606
,,,,,,,,,,
Th,12/31/2020,-0.715,,Th,12/31/2020,-0.742,,Th,12/31/2020,-0.572
We,12/30/2020,-0.714,,We,12/30/2020,-0.741,,We,12/30/2020,-0.572
Tu,12/29/2020,-0.724,,Tu,12/29/2020,-0.743,,Tu,12/29/2020,-0.574
Mo,12/28/2020,-0.715,,Mo,12/28/2020,-0.737,,Mo,12/28/2020,-0.567
,,,,,,,,,,
Th,12/24/2020,-0.713,,Th,12/24/2020,-0.723,,Th,12/24/2020,-0.55
We,12/23/2020,-0.712,,We,12/23/2020,-0.723,,We,12/23/2020,-0.55
Tu,12/22/2020,-0.743,,Tu,12/22/2020,-0.765,,Tu,12/22/2020,-0.597
Mo,12/21/2020,-0.741,,Mo,12/21/2020,-0.757,,Mo,12/21/2020,-0.582
,,,,,,,,,,
Fr,12/18/2020,-0.734,,Fr,12/18/2020,-0.748,,Fr,12/18/2020,-0.574
Th,12/17/2020,-0.732,,Th,12/17/2020,-0.75,,Th,12/17/2020,-0.572
We,12/16/2020,-0.734,,We,12/16/2020,-0.748,,We,12/16/2020,-0.568
Tu,12/15/2020,-0.766,,Tu,12/15/2020,-0.791,,Tu,12/15/2020,-0.612
Mo,12/14/2020,-0.777,,Mo,12/14/2020,-0.801,,Mo,12/14/2020,-0.621
,,,,,,,,,,
Fr,12/11/2020,-0.788,,Fr,12/11/2020,-0.814,,Fr,12/11/2020,-0.638
Th,12/10/2020,-0.773,,Th,12/10/2020,-0.79,,Th,12/10/2020,-0.605
We,12/9/2020,-0.779,,We,12/9/2020,-0.796,,We,12/9/2020,-0.606
Tu,12/8/2020,-0.778,,Tu,12/8/2020,-0.796,,Tu,12/8/2020,-0.608
Mo,12/7/2020,-0.765,,Mo,12/7/2020,-0.779,,Mo,12/7/2020,-0.583
,,,,,,,,,,
Fr,12/4/2020,-0.752,,Fr,12/4/2020,-0.756,,Fr,12/4/2020,-0.549
Th,12/3/2020,-0.743,,Th,12/3/2020,-0.753,,Th,12/3/2020,-0.557
We,12/2/2020,-0.722,,We,12/2/2020,-0.718,,We,12/2/2020,-0.521
Tu,12/1/2020,-0.724,,Tu,12/1/2020,-0.72,,Tu,12/1/2020,-0.53
Mo,11/30/2020,-0.749,,Mo,11/30/2020,-0.754,,Mo,11/30/2020,-0.572
,,,,,,,,,,
Fr,11/27/2020,-0.762,,Fr,11/27/2020,-0.772,,Fr,11/27/2020,-0.589
Th,11/26/2020,-0.763,,Th,11/26/2020,-0.767,,Th,11/26/2020,-0.589
We,11/25/2020,-0.756,,We,11/25/2020,-0.756,,We,11/25/2020,-0.568
Tu,11/24/2020,-0.751,,Tu,11/24/2020,-0.747,,Tu,11/24/2020,-0.564
Mo,11/23/2020,-0.761,,Mo,11/23/2020,-0.763,,Mo,11/23/2020,-0.582
,,,,,,,,,,
Fr,11/20/2020,-0.76,,Fr,11/20/2020,-0.764,,Fr,11/20/2020,-0.584
Th,11/19/2020,-0.742,,Th,11/19/2020,-0.75,,Th,11/19/2020,-0.572
We,11/18/2020,-0.735,,We,11/18/2020,-0.74,,We,11/18/2020,-0.555
Tu,11/17/2020,-0.733,,Tu,11/17/2020,-0.745,,Tu,11/17/2020,-0.563
Mo,11/16/2020,-0.727,,Mo,11/16/2020,-0.734,,Mo,11/16/2020,-0.546
,,,,,,,,,,
Fr,11/13/2020,-0.734,,Fr,11/13/2020,-0.74,,Fr,11/13/2020,-0.549
Th,11/12/2020,-0.729,,Th,11/12/2020,-0.732,,Th,11/12/2020,-0.537
We,11/11/2020,-0.721,,We,11/11/2020,-0.712,,We,11/11/2020,-0.508
Tu,11/10/2020,-0.716,,Tu,11/10/2020,-0.7,,Tu,11/10/2020,-0.486
Mo,11/9/2020,-0.735,,Mo,11/9/2020,-0.725,,Mo,11/9/2020,-0.511
,,,,,,,,,,
Fr,11/6/2020,-0.785,,Fr,11/6/2020,-0.804,,Fr,11/6/2020,-0.621
Th,11/5/2020,-0.793,,Th,11/5/2020,-0.814,,Th,11/5/2020,-0.638
We,11/4/2020,-0.799,,We,11/4/2020,-0.82,,We,11/4/2020,-0.639
Tu,11/3/2020,-0.798,,Tu,11/3/2020,-0.809,,Tu,11/3/2020,-0.62
Mo,11/2/2020,-0.809,,Mo,11/2/2020,-0.826,,Mo,11/2/2020,-0.64
,,,,,,,,,,
Fr,10/30/2020,-0.798,,Fr,10/30/2020,-0.822,,Fr,10/30/2020,-0.628
Th,10/29/2020,-0.812,,Th,10/29/2020,-0.834,,Th,10/29/2020,-0.638
We,10/28/2020,-0.793,,We,10/28/2020,-0.816,,We,10/28/2020,-0.627
Tu,10/27/2020,-0.78,,Tu,10/27/2020,-0.804,,Tu,10/27/2020,-0.616
Mo,10/26/2020,-0.761,,Mo,10/26/2020,-0.775,,Mo,10/26/2020,-0.581
,,,,,,,,,,
Fr,10/23/2020,-0.762,,Fr,10/23/2020,-0.775,,Fr,10/23/2020,-0.576
Th,10/22/2020,-0.77,,Th,10/22/2020,-0.776,,Th,10/22/2020,-0.568
We,10/21/2020,-0.779,,We,10/21/2020,-0.791,,We,10/21/2020,-0.589
Tu,10/20/2020,-0.785,,Tu,10/20/2020,-0.804,,Tu,10/20/2020,-0.607
Mo,10/19/2020,-0.792,,Mo,10/19/2020,-0.815,,Mo,10/19/2020,-0.629
,,,,,,,,,,
Fr,10/16/2020,-0.779,,Fr,10/16/2020,-0.803,,Fr,10/16/2020,-0.622
Th,10/15/2020,-0.773,,Th,10/15/2020,-0.794,,Th,10/15/2020,-0.612
We,10/14/2020,-0.75,,We,10/14/2020,-0.767,,We,10/14/2020,-0.582
Tu,10/13/2020,-0.739,,Tu,10/13/2020,-0.751,,Tu,10/13/2020,-0.557
Mo,10/12/2020,-0.732,,Mo,10/12/2020,-0.743,,Mo,10/12/2020,-0.545
,,,,,,,,,,
Fr,10/9/2020,-0.719,,Fr,10/9/2020,-0.732,,Fr,10/9/2020,-0.528
Th,10/8/2020,-0.712,,Th,10/8/2020,-0.723,,Th,10/8/2020,-0.524
We,10/7/2020,-0.697,,We,10/7/2020,-0.694,,We,10/7/2020,-0.495
Tu,10/6/2020,-0.702,,Tu,10/6/2020,-0.705,,Tu,10/6/2020,-0.509
Mo,10/5/2020,-0.704,,Mo,10/5/2020,-0.708,,Mo,10/5/2020,-0.51
,,,,,,,,,,
Fr,10/2/2020,-0.717,,Fr,10/2/2020,-0.728,,Fr,10/2/2020,-0.537
Th,10/1/2020,-0.711,,Th,10/1/2020,-0.724,,Th,10/1/2020,-0.536
We,9/30/2020,-0.705,,We,9/30/2020,-0.713,,We,9/30/2020,-0.523
Tu,9/29/2020,-0.714,,Tu,9/29/2020,-0.728,,Tu,9/29/2020,-0.546
Mo,9/28/2020,-0.709,,Mo,9/28/2020,-0.717,,Mo,9/28/2020,-0.528
,,,,,,,,,,
Fr,9/25/2020,-0.712,,Fr,9/25/2020,-0.72,,Fr,9/25/2020,-0.53
Th,9/24/2020,-0.703,,Th,9/24/2020,-0.704,,Th,9/24/2020,-0.502
We,9/23/2020,-0.709,,We,9/23/2020,-0.712,,We,9/23/2020,-0.506
Tu,9/22/2020,-0.718,,Tu,9/22/2020,-0.713,,Tu,9/22/2020,-0.506
Mo,9/21/2020,-0.729,,Mo,9/21/2020,-0.731,,Mo,9/21/2020,-0.53
,,,,,,,,,,
Fr,9/18/2020,-0.7,,Fr,9/18/2020,-0.692,,Fr,9/18/2020,-0.487
Th,9/17/2020,-0.705,,Th,9/17/2020,-0.694,,Th,9/17/2020,-0.492
We,9/16/2020,-0.695,,We,9/16/2020,-0.682,,We,9/16/2020,-0.485
Tu,9/15/2020,-0.694,,Tu,9/15/2020,-0.685,,Tu,9/15/2020,-0.48
Mo,9/14/2020,-0.705,,Mo,9/14/2020,-0.691,,Mo,9/14/2020,-0.482
,,,,,,,,,,
Fr,9/11/2020,-0.699,,Fr,9/11/2020,-0.692,,Fr,9/11/2020,-0.482
Th,9/10/2020,-0.673,,Th,9/10/2020,-0.648,,Th,9/10/2020,-0.434
We,9/9/2020,-0.698,,We,9/9/2020,-0.677,,We,9/9/2020,-0.464
Tu,9/8/2020,-0.711,,Tu,9/8/2020,-0.702,,Tu,9/8/2020,-0.496
Mo,9/7/2020,-0.705,,Mo,9/7/2020,-0.691,,Mo,9/7/2020,-0.463
,,,,,,,,,,
Fr,9/4/2020,-0.705,,Fr,9/4/2020,-0.694,,Fr,9/4/2020,-0.474
Th,9/3/2020,-0.712,,Th,9/3/2020,-0.709,,Th,9/3/2020,-0.49
We,9/2/2020,-0.704,,We,9/2/2020,-0.7,,We,9/2/2020,-0.475
Tu,9/1/2020,-0.681,,Tu,9/1/2020,-0.658,,Tu,9/1/2020,-0.421
Mo,8/31/2020,-0.658,,Mo,8/31/2020,-0.631,,Mo,8/31/2020,-0.398
,,,,,,,,,,
Fr,8/28/2020,-0.672,,Fr,8/28/2020,-0.652,,Fr,8/28/2020,-0.41
Th,8/27/2020,-0.664,,Th,8/27/2020,-0.642,,Th,8/27/2020,-0.408
We,8/26/2020,-0.656,,We,8/26/2020,-0.637,,We,8/26/2020,-0.417
Tu,8/25/2020,-0.664,,Tu,8/25/2020,-0.65,,Tu,8/25/2020,-0.433
Mo,8/24/2020,-0.682,,Mo,8/24/2020,-0.69,,Mo,8/24/2020,-0.492
,,,,,,,,,,
Fr,8/21/2020,-0.689,,Fr,8/21/2020,-0.705,,Fr,8/21/2020,-0.509
Th,8/20/2020,-0.683,,Th,8/20/2020,-0.694,,Th,8/20/2020,-0.497
We,8/19/2020,-0.675,,We,8/19/2020,-0.677,,We,8/19/2020,-0.474
Tu,8/18/2020,-0.664,,Tu,8/18/2020,-0.664,,Tu,8/18/2020,-0.464
Mo,8/17/2020,-0.664,,Mo,8/17/2020,-0.658,,Mo,8/17/2020,-0.453
,,,,,,,,,,
Fr,8/14/2020,-0.654,,Fr,8/14/2020,-0.636,,Fr,8/14/2020,-0.423
Th,8/13/2020,-0.651,,Th,8/13/2020,-0.628,,Th,8/13/2020,-0.414
We,8/12/2020,-0.667,,We,8/12/2020,-0.658,,We,8/12/2020,-0.449
Tu,8/11/2020,-0.686,,Tu,8/11/2020,-0.683,,Tu,8/11/2020,-0.479
Mo,8/10/2020,-0.71,,Mo,8/10/2020,-0.718,,Mo,8/10/2020,-0.528
,,,,,,,,,,
Fr,8/7/2020,-0.691,,Fr,8/7/2020,-0.695,,Fr,8/7/2020,-0.51
Th,8/6/2020,-0.706,,Th,8/6/2020,-0.716,,Th,8/6/2020,-0.532
We,8/5/2020,-0.702,,We,8/5/2020,-0.697,,We,8/5/2020,-0.507
Tu,8/4/2020,-0.713,,Tu,8/4/2020,-0.733,,Tu,8/4/2020,-0.553
Mo,8/3/2020,-0.706,,Mo,8/3/2020,-0.713,,Mo,8/3/2020,-0.524
,,,,,,,,,,
Fr,7/31/2020,-0.72,,Fr,7/31/2020,-0.722,,Fr,7/31/2020,-0.525
Th,7/30/2020,-0.721,,Th,7/30/2020,-0.731,,Th,7/30/2020,-0.543
We,7/29/2020,-0.69,,We,7/29/2020,-0.692,,We,7/29/2020,-0.501
Tu,7/28/2020,-0.694,,Tu,7/28/2020,-0.7,,Tu,7/28/2020,-0.509
Mo,7/27/2020,-0.674,,Mo,7/27/2020,-0.68,,Mo,7/27/2020,-0.493
,,,,,,,,,,
Fr,7/24/2020,-0.662,,Fr,7/24/2020,-0.645,,Fr,7/24/2020,-0.449
Th,7/23/2020,-0.678,,Th,7/23/2020,-0.676,,Th,7/23/2020,-0.482
We,7/22/2020,-0.695,,We,7/22/2020,-0.692,,We,7/22/2020,-0.492
Tu,7/21/2020,-0.677,,Tu,7/21/2020,-0.664,,Tu,7/21/2020,-0.462
Mo,7/20/2020,-0.679,,Mo,7/20/2020,-0.663,,Mo,7/20/2020,-0.462
,,,,,,,,,,
Fr,7/17/2020,-0.673,,Fr,7/17/2020,-0.651,,Fr,7/17/2020,-0.45
Th,7/16/2020,-0.69,,Th,7/16/2020,-0.672,,Th,7/16/2020,-0.468
We,7/15/2020,-0.675,,We,7/15/2020,-0.653,,We,7/15/2020,-0.446
Tu,7/14/2020,-0.67,,Tu,7/14/2020,-0.65,,Tu,7/14/2020,-0.448
Mo,7/13/2020,-0.67,,Mo,7/13/2020,-0.631,,Mo,7/13/2020,-0.419
,,,,,,,,,,
Fr,7/10/2020,-0.7,,Fr,7/10/2020,-0.677,,Fr,7/10/2020,-0.469
Th,7/9/2020,-0.69,,Th,7/9/2020,-0.665,,Th,7/9/2020,-0.464
We,7/8/2020,-0.676,,We,7/8/2020,-0.648,,We,7/8/2020,-0.441
Tu,7/7/2020,-0.678,,Tu,7/7/2020,-0.664,,Tu,7/7/2020,-0.43
Mo,7/6/2020,-0.692,,Mo,7/6/2020,-0.679,,Mo,7/6/2020,-0.434
,,,,,,,,,,
Fr,7/3/2020,-0.693,,Fr,7/3/2020,-0.684,,Fr,7/3/2020,-0.434
Th,7/2/2020,-0.686,,Th,7/2/2020,-0.677,,Th,7/2/2020,-0.43
We,7/1/2020,-0.663,,We,7/1/2020,-0.643,,We,7/1/2020,-0.396
Tu,6/30/2020,-0.695,,Tu,6/30/2020,-0.7,,Tu,6/30/2020,-0.456
Mo,6/29/2020,-0.698,,Mo,6/29/2020,-0.706,,Mo,6/29/2020,-0.472
,,,,,,,,,,
Fr,6/26/2020,-0.709,,Fr,6/26/2020,-0.718,,Fr,6/26/2020,-0.483
Th,6/25/2020,-0.698,,Th,6/25/2020,-0.707,,Th,6/25/2020,-0.471
We,6/24/2020,-0.683,,We,6/24/2020,-0.682,,We,6/24/2020,-0.443
Tu,6/23/2020,-0.668,,Tu,6/23/2020,-0.659,,Tu,6/23/2020,-0.409
Mo,6/22/2020,-0.696,,Mo,6/22/2020,-0.683,,Mo,6/22/2020,-0.44
,,,,,,,,,,
Fr,6/19/2020,-0.678,,Fr,6/19/2020,-0.656,,Fr,6/19/2020,-0.418
Th,6/18/2020,-0.659,,Th,6/18/2020,-0.642,,Th,6/18/2020,-0.41
We,6/17/2020,-0.665,,We,6/17/2020,-0.642,,We,6/17/2020,-0.396
Tu,6/16/2020,-0.661,,Tu,6/16/2020,-0.642,,Tu,6/16/2020,-0.428
Mo,6/15/2020,-0.669,,Mo,6/15/2020,-0.657,,Mo,6/15/2020,-0.448
,,,,,,,,,,
Fr,6/12/2020,-0.679,,Fr,6/12/2020,-0.659,,Fr,6/12/2020,-0.441
Th,6/11/2020,-0.657,,Th,6/11/2020,-0.635,,Th,6/11/2020,-0.415
We,6/10/2020,-0.623,,We,6/10/2020,-0.572,,We,6/10/2020,-0.333
Tu,6/9/2020,-0.619,,Tu,6/9/2020,-0.565,,Tu,6/9/2020,-0.311
Mo,6/8/2020,-0.628,,Mo,6/8/2020,-0.579,,Mo,6/8/2020,-0.32
,,,,,,,,,,
Fr,6/5/2020,-0.607,,Fr,6/5/2020,-0.546,,Fr,6/5/2020,-0.278
Th,6/4/2020,-0.615,,Th,6/4/2020,-0.569,,Th,6/4/2020,-0.323
We,6/3/2020,-0.641,,We,6/3/2020,-0.582,,We,6/3/2020,-0.356
Tu,6/2/2020,-0.665,,Tu,6/2/2020,-0.628,,Tu,6/2/2020,-0.417
Mo,6/1/2020,-0.667,,Mo,6/1/2020,-0.627,,Mo,6/1/2020,-0.404
,,,,,,,,,,
Fr,5/29/2020,-0.668,,Fr,5/29/2020,-0.646,,Fr,5/29/2020,-0.449
Th,5/28/2020,-0.643,,Th,5/28/2020,-0.616,,Th,5/28/2020,-0.42
We,5/27/2020,-0.64,,We,5/27/2020,-0.609,,We,5/27/2020,-0.415
Tu,5/26/2020,-0.653,,Tu,5/26/2020,-0.624,,Tu,5/26/2020,-0.431
Mo,5/25/2020,-0.688,,Mo,5/25/2020,-0.68,,Mo,5/25/2020,-0.496
,,,,,,,,,,
Fr,5/22/2020,-0.692,,Fr,5/22/2020,-0.679,,Fr,5/22/2020,-0.49
Th,5/21/2020,-0.698,,Th,5/21/2020,-0.687,,Th,5/21/2020,-0.497
We,5/20/2020,-0.683,,We,5/20/2020,-0.663,,We,5/20/2020,-0.471
Tu,5/19/2020,-0.683,,Tu,5/19/2020,-0.662,,Tu,5/19/2020,-0.465
Mo,5/18/2020,-0.701,,Mo,5/18/2020,-0.676,,Mo,5/18/2020,-0.468
,,,,,,,,,,
Fr,5/15/2020,-0.744,,Fr,5/15/2020,-0.732,,Fr,5/15/2020,-0.533
Th,5/14/2020,-0.751,,Th,5/14/2020,-0.745,,Th,5/14/2020,-0.545
We,5/13/2020,-0.749,,We,5/13/2020,-0.739,,We,5/13/2020,-0.533
Tu,5/12/2020,-0.735,,Tu,5/12/2020,-0.721,,Tu,5/12/2020,-0.508
Mo,5/11/2020,-0.758,,Mo,5/11/2020,-0.73,,Mo,5/11/2020,-0.513
,,,,,,,,,,
Fr,5/8/2020,-0.785,,Fr,5/8/2020,-0.757,,Fr,5/8/2020,-0.539
Th,5/7/2020,-0.772,,Th,5/7/2020,-0.751,,Th,5/7/2020,-0.547
We,5/6/2020,-0.758,,We,5/6/2020,-0.724,,We,5/6/2020,-0.509
Tu,5/5/2020,-0.805,,Tu,5/5/2020,-0.778,,Tu,5/5/2020,-0.581
Mo,5/4/2020,-0.764,,Mo,5/4/2020,-0.756,,Mo,5/4/2020,-0.565
,,,,,,,,,,
Th,4/30/2020,-0.777,,Th,4/30/2020,-0.77,,Th,4/30/2020,-0.589
We,4/29/2020,-0.72,,We,4/29/2020,-0.676,,We,4/29/2020,-0.497
Tu,4/28/2020,-0.702,,Tu,4/28/2020,-0.657,,Tu,4/28/2020,-0.471
Mo,4/27/2020,-0.68,,Mo,4/27/2020,-0.633,,Mo,4/27/2020,-0.456
,,,,,,,,,,
Fr,4/24/2020,-0.716,,Fr,4/24/2020,-0.666,,Fr,4/24/2020,-0.476
Th,4/23/2020,-0.684,,Th,4/23/2020,-0.619,,Th,4/23/2020,-0.427
We,4/22/2020,-0.675,,We,4/22/2020,-0.61,,We,4/22/2020,-0.41
Tu,4/21/2020,-0.698,,Tu,4/21/2020,-0.661,,Tu,4/21/2020,-0.479
Mo,4/20/2020,-0.684,,Mo,4/20/2020,-0.635,,Mo,4/20/2020,-0.451
,,,,,,,,,,
Fr,4/17/2020,-0.705,,Fr,4/17/2020,-0.662,,Fr,4/17/2020,-0.475
Th,4/16/2020,-0.701,,Th,4/16/2020,-0.661,,Th,4/16/2020,-0.476
We,4/15/2020,-0.711,,We,4/15/2020,-0.657,,We,4/15/2020,-0.468
Tu,4/14/2020,-0.679,,Tu,4/14/2020,-0.597,,Tu,4/14/2020,-0.381
,,,,,,,,,,
Th,4/9/2020,-0.659,,Th,4/9/2020,-0.572,,Th,4/9/2020,-0.351
We,4/8/2020,-0.625,,We,4/8/2020,-0.534,,We,4/8/2020,-0.309
Tu,4/7/2020,-0.635,,Tu,4/7/2020,-0.53,,Tu,4/7/2020,-0.313
Mo,4/6/2020,-0.672,,Mo,4/6/2020,-0.613,,Mo,4/6/2020,-0.427
,,,,,,,,,,
Fr,4/3/2020,-0.688,,Fr,4/3/2020,-0.616,,Fr,4/3/2020,-0.444
Th,4/2/2020,-0.667,,Th,4/2/2020,-0.604,,Th,4/2/2020,-0.438
We,4/1/2020,-0.67,,We,4/1/2020,-0.619,,We,4/1/2020,-0.463
Tu,3/31/2020,-0.702,,Tu,3/31/2020,-0.657,,Tu,3/31/2020,-0.474
Mo,3/30/2020,-0.716,,Mo,3/30/2020,-0.673,,Mo,3/30/2020,-0.495
,,,,,,,,,,
Fr,3/27/2020,-0.719,,Fr,3/27/2020,-0.654,,Fr,3/27/2020,-0.479
Th,3/26/2020,-0.66,,Th,3/26/2020,-0.557,,Th,3/26/2020,-0.365
We,3/25/2020,-0.614,,We,3/25/2020,-0.462,,We,3/25/2020,-0.266
Tu,3/24/2020,-0.649,,Tu,3/24/2020,-0.51,,Tu,3/24/2020,-0.327
Mo,3/23/2020,-0.71,,Mo,3/23/2020,-0.554,,Mo,3/23/2020,-0.38
,,,,,,,,,,
Fr,3/20/2020,-0.693,,Fr,3/20/2020,-0.523,,Fr,3/20/2020,-0.326
Th,3/19/2020,-0.69,,Th,3/19/2020,-0.423,,Th,3/19/2020,-0.198
We,3/18/2020,-0.779,,We,3/18/2020,-0.499,,We,3/18/2020,-0.24
Tu,3/17/2020,-0.861,,Tu,3/17/2020,-0.662,,Tu,3/17/2020,-0.438
Mo,3/16/2020,-0.904,,Mo,3/16/2020,-0.701,,Mo,3/16/2020,-0.465
,,,,,,,,,,
Fr,3/13/2020,-0.892,,Fr,3/13/2020,-0.752,,Fr,3/13/2020,-0.548
Th,3/12/2020,-0.953,,Th,3/12/2020,-0.88,,Th,3/12/2020,-0.748
We,3/11/2020,-0.963,,We,3/11/2020,-0.917,,We,3/11/2020,-0.745
Tu,3/10/2020,-0.968,,Tu,3/10/2020,-0.946,,Tu,3/10/2020,-0.794
Mo,3/9/2020,-1.014,,Mo,3/9/2020,-0.991,,Mo,3/9/2020,-0.858
,,,,,,,,,,
Fr,3/6/2020,-0.867,,Fr,3/6/2020,-0.865,,Fr,3/6/2020,-0.712
Th,3/5/2020,-0.863,,Th,3/5/2020,-0.865,,Th,3/5/2020,-0.688
We,3/4/2020,-0.849,,We,3/4/2020,-0.831,,We,3/4/2020,-0.641
Tu,3/3/2020,-0.818,,Tu,3/3/2020,-0.81,,Tu,3/3/2020,-0.627
Mo,3/2/2020,-0.83,,Mo,3/2/2020,-0.806,,Mo,3/2/2020,-0.627
,,,,,,,,,,
Fr,2/28/2020,-0.776,,Fr,2/28/2020,-0.766,,Fr,2/28/2020,-0.609
Th,2/27/2020,-0.74,,Th,2/27/2020,-0.727,,Th,2/27/2020,-0.545
We,2/26/2020,-0.703,,We,2/26/2020,-0.694,,We,2/26/2020,-0.507
Tu,2/25/2020,-0.697,,Tu,2/25/2020,-0.688,,Tu,2/25/2020,-0.514
Mo,2/24/2020,-0.68,,Mo,2/24/2020,-0.661,,Mo,2/24/2020,-0.483
,,,,,,,,,,
Fr,2/21/2020,-0.647,,Fr,2/21/2020,-0.617,,Fr,2/21/2020,-0.432
Th,2/20/2020,-0.65,,Th,2/20/2020,-0.632,,Th,2/20/2020,-0.446
We,2/19/2020,-0.648,,We,2/19/2020,-0.625,,We,2/19/2020,-0.42
Tu,2/18/2020,-0.651,,Tu,2/18/2020,-0.618,,Tu,2/18/2020,-0.409
Mo,2/17/2020,-0.655,,Mo,2/17/2020,-0.619,,Mo,2/17/2020,-0.402
,,,,,,,,,,
Fr,2/14/2020,-0.661,,Fr,2/14/2020,-0.618,,Fr,2/14/2020,-0.402
Th,2/13/2020,-0.65,,Th,2/13/2020,-0.603,,Th,2/13/2020,-0.387
We,2/12/2020,-0.641,,We,2/12/2020,-0.597,,We,2/12/2020,-0.379
Tu,2/11/2020,-0.644,,Tu,2/11/2020,-0.606,,Tu,2/11/2020,-0.393
Mo,2/10/2020,-0.645,,Mo,2/10/2020,-0.615,,Mo,2/10/2020,-0.412
,,,,,,,,,,
Fr,2/7/2020,-0.646,,Fr,2/7/2020,-0.603,,Fr,2/7/2020,-0.386
Th,2/6/2020,-0.638,,Th,2/6/2020,-0.593,,Th,2/6/2020,-0.371
We,2/5/2020,-0.648,,We,2/5/2020,-0.591,,We,2/5/2020,-0.361
Tu,2/4/2020,-0.658,,Tu,2/4/2020,-0.619,,Tu,2/4/2020,-0.4
Mo,2/3/2020,-0.677,,Mo,2/3/2020,-0.649,,Mo,2/3/2020,-0.444
,,,,,,,,,,
Fr,1/31/2020,-0.674,,Fr,1/31/2020,-0.644,,Fr,1/31/2020,-0.436
Th,1/30/2020,-0.66,,Th,1/30/2020,-0.618,,Th,1/30/2020,-0.407
We,1/29/2020,-0.642,,We,1/29/2020,-0.595,,We,1/29/2020,-0.378
Tu,1/28/2020,-0.629,,Tu,1/28/2020,-0.598,,Tu,1/28/2020,-0.342
Mo,1/27/2020,-0.632,,Mo,1/27/2020,-0.624,,Mo,1/27/2020,-0.387
,,,,,,,,,,
Fr,1/24/2020,-0.616,,Fr,1/24/2020,-0.589,,Fr,1/24/2020,-0.336
Th,1/23/2020,-0.606,,Th,1/23/2020,-0.571,,Th,1/23/2020,-0.309
We,1/22/2020,-0.592,,We,1/22/2020,-0.54,,We,1/22/2020,-0.261
Tu,1/21/2020,-0.587,,Tu,1/21/2020,-0.531,,Tu,1/21/2020,-0.25
Mo,1/20/2020,-0.592,,Mo,1/20/2020,-0.516,,Mo,1/20/2020,-0.22
,,,,,,,,,,
Fr,1/17/2020,-0.595,,Fr,1/17/2020,-0.517,,Fr,1/17/2020,-0.216
Th,1/16/2020,-0.596,,Th,1/16/2020,-0.52,,Th,1/16/2020,-0.22
We,1/15/2020,-0.597,,We,1/15/2020,-0.506,,We,1/15/2020,-0.201
Tu,1/14/2020,-0.588,,Tu,1/14/2020,-0.486,,Tu,1/14/2020,-0.172
Mo,1/13/2020,-0.592,,Mo,1/13/2020,-0.484,,Mo,1/13/2020,-0.161
,,,,,,,,,,
Fr,1/10/2020,-0.604,,Fr,1/10/2020,-0.507,,Fr,1/10/2020,-0.201
Th,1/9/2020,-0.6,,Th,1/9/2020,-0.494,,Th,1/9/2020,-0.182
We,1/8/2020,-0.614,,We,1/8/2020,-0.524,,We,1/8/2020,-0.21
Tu,1/7/2020,-0.63,,Tu,1/7/2020,-0.557,,Tu,1/7/2020,-0.286
Mo,1/6/2020,-0.63,,Mo,1/6/2020,-0.556,,Mo,1/6/2020,-0.289
,,,,,,,,,,
Fr,1/3/2020,-0.63,,Fr,1/3/2020,-0.556,,Fr,1/3/2020,-0.284
Th,1/2/2020,-0.613,,Th,1/2/2020,-0.511,,Th,1/2/2020,-0.226
Mo,12/30/2019,-0.612,,Mo,12/30/2019,-0.476,,Mo,12/30/2019,-0.188
,,,,,,,,,,
Fr,12/27/2019,-0.641,,Fr,12/27/2019,-0.533,,Fr,12/27/2019,-0.258
Tu,12/24/2019,-0.643,,Tu,12/24/2019,-0.526,,Tu,12/24/2019,-0.245
Mo,12/23/2019,-0.64,,Mo,12/23/2019,-0.525,,Mo,12/23/2019,-0.245
,,,,,,,,,,
Fr,12/20/2019,-0.643,,Fr,12/20/2019,-0.528,,Fr,12/20/2019,-0.254
Th,12/19/2019,-0.637,,Th,12/19/2019,-0.517,,Th,12/19/2019,-0.237
We,12/18/2019,-0.639,,We,12/18/2019,-0.527,,We,12/18/2019,-0.252
Tu,12/17/2019,-0.646,,Tu,12/17/2019,-0.554,,Tu,12/17/2019,-0.296
Mo,12/16/2019,-0.634,,Mo,12/16/2019,-0.541,,Mo,12/16/2019,-0.278
,,,,,,,,,,
Fr,12/13/2019,-0.626,,Fr,12/13/2019,-0.538,,Fr,12/13/2019,-0.291
Th,12/12/2019,-0.633,,Th,12/12/2019,-0.537,,Th,12/12/2019,-0.271
We,12/11/2019,-0.646,,We,12/11/2019,-0.578,,We,12/11/2019,-0.323
Tu,12/10/2019,-0.643,,Tu,12/10/2019,-0.561,,Tu,12/10/2019,-0.297
Mo,12/9/2019,-0.644,,Mo,12/9/2019,-0.568,,Mo,12/9/2019,-0.309
,,,,,,,,,,
Fr,12/6/2019,-0.632,,Fr,12/6/2019,-0.545,,Fr,12/6/2019,-0.288
Th,12/5/2019,-0.63,,Th,12/5/2019,-0.553,,Th,12/5/2019,-0.296
We,12/4/2019,-0.633,,We,12/4/2019,-0.57,,We,12/4/2019,-0.317
Tu,12/3/2019,-0.641,,Tu,12/3/2019,-0.588,,Tu,12/3/2019,-0.35
Mo,12/2/2019,-0.618,,Mo,12/2/2019,-0.531,,Mo,12/2/2019,-0.283
,,,,,,,,,,
Fr,11/29/2019,-0.636,,Fr,11/29/2019,-0.585,,Fr,11/29/2019,-0.362
Th,11/28/2019,-0.637,,Th,11/28/2019,-0.589,,Th,11/28/2019,-0.362
We,11/27/2019,-0.64,,We,11/27/2019,-0.595,,We,11/27/2019,-0.374
Tu,11/26/2019,-0.642,,Tu,11/26/2019,-0.598,,Tu,11/26/2019,-0.373
Mo,11/25/2019,-0.634,,Mo,11/25/2019,-0.583,,Mo,11/25/2019,-0.35
,,,,,,,,,,
Fr,11/22/2019,-0.643,,Fr,11/22/2019,-0.587,,Fr,11/22/2019,-0.36
Th,11/21/2019,-0.63,,Th,11/21/2019,-0.562,,Th,11/21/2019,-0.328
We,11/20/2019,-0.645,,We,11/20/2019,-0.585,,We,11/20/2019,-0.348
Tu,11/19/2019,-0.638,,Tu,11/19/2019,-0.581,,Tu,11/19/2019,-0.341
Mo,11/18/2019,-0.632,,Mo,11/18/2019,-0.581,,Mo,11/18/2019,-0.337
,,,,,,,,,,
Fr,11/15/2019,-0.641,,Fr,11/15/2019,-0.586,,Fr,11/15/2019,-0.336
Th,11/14/2019,-0.649,,Th,11/14/2019,-0.597,,Th,11/14/2019,-0.353
We,11/13/2019,-0.631,,We,11/13/2019,-0.56,,We,11/13/2019,-0.302
Tu,11/12/2019,-0.629,,Tu,11/12/2019,-0.529,,Tu,11/12/2019,-0.254
Mo,11/11/2019,-0.619,,Mo,11/11/2019,-0.521,,Mo,11/11/2019,-0.246
,,,,,,,,,,
Fr,11/8/2019,-0.621,,Fr,11/8/2019,-0.531,,Fr,11/8/2019,-0.264
Th,11/7/2019,-0.617,,Th,11/7/2019,-0.511,,Th,11/7/2019,-0.236
We,11/6/2019,-0.643,,We,11/6/2019,-0.585,,We,11/6/2019,-0.335
Tu,11/5/2019,-0.643,,Tu,11/5/2019,-0.576,,Tu,11/5/2019,-0.311
Mo,11/4/2019,-0.655,,Mo,11/4/2019,-0.602,,Mo,11/4/2019,-0.352
,,,,,,,,,,
Fr,11/1/2019,-0.663,,Fr,11/1/2019,-0.618,,Fr,11/1/2019,-0.384
Th,10/31/2019,-0.668,,Th,10/31/2019,-0.628,,Th,10/31/2019,-0.409
We,10/30/2019,-0.639,,We,10/30/2019,-0.584,,We,10/30/2019,-0.356
Tu,10/29/2019,-0.64,,Tu,10/29/2019,-0.584,,Tu,10/29/2019,-0.353
Mo,10/28/2019,-0.65,,Mo,10/28/2019,-0.585,,Mo,10/28/2019,-0.333
,,,,,,,,,,
Fr,10/25/2019,-0.66,,Fr,10/25/2019,-0.605,,Fr,10/25/2019,-0.364
Th,10/24/2019,-0.674,,Th,10/24/2019,-0.631,,Th,10/24/2019,-0.406
We,10/23/2019,-0.663,,We,10/23/2019,-0.622,,We,10/23/2019,-0.395
Tu,10/22/2019,-0.664,,Tu,10/22/2019,-0.611,,Tu,10/22/2019,-0.37
Mo,10/21/2019,-0.671,,Mo,10/21/2019,-0.609,,Mo,10/21/2019,-0.345
,,,,,,,,,,
Fr,10/18/2019,-0.673,,Fr,10/18/2019,-0.622,,Fr,10/18/2019,-0.384
Th,10/17/2019,-0.676,,Th,10/17/2019,-0.642,,Th,10/17/2019,-0.41
We,10/16/2019,-0.682,,We,10/16/2019,-0.64,,We,10/16/2019,-0.388
Tu,10/15/2019,-0.696,,Tu,10/15/2019,-0.659,,Tu,10/15/2019,-0.418
Mo,10/14/2019,-0.711,,Mo,10/14/2019,-0.686,,Mo,10/14/2019,-0.458
,,,,,,,,,,
Fr,10/11/2019,-0.729,,Fr,10/11/2019,-0.697,,Fr,10/11/2019,-0.444
Th,10/10/2019,-0.72,,Th,10/10/2019,-0.696,,Th,10/10/2019,-0.471
We,10/9/2019,-0.763,,We,10/9/2019,-0.764,,We,10/9/2019,-0.55
Tu,10/8/2019,-0.79,,Tu,10/8/2019,-0.804,,Tu,10/8/2019,-0.596
Mo,10/7/2019,-0.781,,Mo,10/7/2019,-0.787,,Mo,10/7/2019,-0.576
,,,,,,,,,,
Fr,10/4/2019,-0.789,,Fr,10/4/2019,-0.799,,Fr,10/4/2019,-0.588
Th,10/3/2019,-0.787,,Th,10/3/2019,-0.8,,Th,10/3/2019,-0.592
We,10/2/2019,-0.772,,We,10/2/2019,-0.768,,We,10/2/2019,-0.548
Tu,10/1/2019,-0.777,,Tu,10/1/2019,-0.778,,Tu,10/1/2019,-0.566
Mo,9/30/2019,-0.773,,Mo,9/30/2019,-0.775,,Mo,9/30/2019,-0.573
,,,,,,,,,,
Fr,9/27/2019,-0.776,,Fr,9/27/2019,-0.774,,Fr,9/27/2019,-0.575
Th,9/26/2019,-0.756,,Th,9/26/2019,-0.763,,Th,9/26/2019,-0.584
We,9/25/2019,-0.74,,We,9/25/2019,-0.752,,We,9/25/2019,-0.576
Tu,9/24/2019,-0.741,,Tu,9/24/2019,-0.764,,Tu,9/24/2019,-0.602
Mo,9/23/2019,-0.747,,Mo,9/23/2019,-0.756,,Mo,9/23/2019,-0.582
,,,,,,,,,,
Fr,9/20/2019,-0.725,,Fr,9/20/2019,-0.716,,Fr,9/20/2019,-0.523
Th,9/19/2019,-0.729,,Th,9/19/2019,-0.716,,Th,9/19/2019,-0.509
We,9/18/2019,-0.736,,We,9/18/2019,-0.726,,We,9/18/2019,-0.512
Tu,9/17/2019,-0.72,,Tu,9/17/2019,-0.712,,Tu,9/17/2019,-0.476
Mo,9/16/2019,-0.732,,Mo,9/16/2019,-0.725,,Mo,9/16/2019,-0.482
,,,,,,,,,,
Fr,9/13/2019,-0.715,,Fr,9/13/2019,-0.705,,Fr,9/13/2019,-0.45
Th,9/12/2019,-0.729,,Th,9/12/2019,-0.745,,Th,9/12/2019,-0.518
We,9/11/2019,-0.847,,We,9/11/2019,-0.836,,We,9/11/2019,-0.565
Tu,9/10/2019,-0.848,,Tu,9/10/2019,-0.83,,Tu,9/10/2019,-0.55
Mo,9/9/2019,-0.862,,Mo,9/9/2019,-0.856,,Mo,9/9/2019,-0.587
,,,,,,,,,,
Fr,9/6/2019,-0.875,,Fr,9/6/2019,-0.885,,Fr,9/6/2019,-0.64
Th,9/5/2019,-0.874,,Th,9/5/2019,-0.864,,Th,9/5/2019,-0.595
We,9/4/2019,-0.898,,We,9/4/2019,-0.905,,We,9/4/2019,-0.677
Tu,9/3/2019,-0.919,,Tu,9/3/2019,-0.924,,Tu,9/3/2019,-0.708
Mo,9/2/2019,-0.934,,Mo,9/2/2019,-0.935,,Mo,9/2/2019,-0.704
,,,,,,,,,,
Fr,8/30/2019,-0.933,,Fr,8/30/2019,-0.927,,Fr,8/30/2019,-0.702
Th,8/29/2019,-0.914,,Th,8/29/2019,-0.908,,Th,8/29/2019,-0.694
We,8/28/2019,-0.893,,We,8/28/2019,-0.897,,We,8/28/2019,-0.716
Tu,8/27/2019,-0.894,,Tu,8/27/2019,-0.891,,Tu,8/27/2019,-0.695
Mo,8/26/2019,-0.901,,Mo,8/26/2019,-0.881,,Mo,8/26/2019,-0.669
,,,,,,,,,,
Fr,8/23/2019,-0.898,,Fr,8/23/2019,-0.891,,Fr,8/23/2019,-0.677
Th,8/22/2019,-0.869,,Th,8/22/2019,-0.864,,Th,8/22/2019,-0.646
We,8/21/2019,-0.893,,We,8/21/2019,-0.885,,We,8/21/2019,-0.672
Tu,8/20/2019,-0.911,,Tu,8/20/2019,-0.91,,Tu,8/20/2019,-0.692
Mo,8/19/2019,-0.904,,Mo,8/19/2019,-0.882,,Mo,8/19/2019,-0.65
,,,,,,,,,,
Fr,8/16/2019,-0.919,,Fr,8/16/2019,-0.895,,Fr,8/16/2019,-0.687
Th,8/15/2019,-0.919,,Th,8/15/2019,-0.907,,Th,8/15/2019,-0.715
We,8/14/2019,-0.88,,We,8/14/2019,-0.86,,We,8/14/2019,-0.652
Tu,8/13/2019,-0.882,,Tu,8/13/2019,-0.845,,Tu,8/13/2019,-0.611
Mo,8/12/2019,-0.884,,Mo,8/12/2019,-0.837,,Mo,8/12/2019,-0.593
,,,,,,,,,,
Fr,8/9/2019,-0.87,,Fr,8/9/2019,-0.826,,Fr,8/9/2019,-0.578
Th,8/8/2019,-0.857,,Th,8/8/2019,-0.816,,Th,8/8/2019,-0.562
We,8/7/2019,-0.862,,We,8/7/2019,-0.821,,We,8/7/2019,-0.583
Tu,8/6/2019,-0.824,,Tu,8/6/2019,-0.776,,Tu,8/6/2019,-0.538
Mo,8/5/2019,-0.816,,Mo,8/5/2019,-0.758,,Mo,8/5/2019,-0.517
,,,,,,,,,,
Fr,8/2/2019,-0.794,,Fr,8/2/2019,-0.74,,Fr,8/2/2019,-0.497
Th,8/1/2019,-0.782,,Th,8/1/2019,-0.718,,Th,8/1/2019,-0.451
We,7/31/2019,-0.785,,We,7/31/2019,-0.717,,We,7/31/2019,-0.442
Tu,7/30/2019,-0.767,,Tu,7/30/2019,-0.684,,Tu,7/30/2019,-0.401
Mo,7/29/2019,-0.77,,Mo,7/29/2019,-0.682,,Mo,7/29/2019,-0.393
,,,,,,,,,,
Fr,7/26/2019,-0.758,,Fr,7/26/2019,-0.672,,Fr,7/26/2019,-0.378
Th,7/25/2019,-0.767,,Th,7/25/2019,-0.675,,Th,7/25/2019,-0.364
We,7/24/2019,-0.788,,We,7/24/2019,-0.691,,We,7/24/2019,-0.38
Tu,7/23/2019,-0.782,,Tu,7/23/2019,-0.678,,Tu,7/23/2019,-0.356
Mo,7/22/2019,-0.781,,Mo,7/22/2019,-0.676,,Mo,7/22/2019,-0.348
,,,,,,,,,,
Fr,7/19/2019,-0.777,,Fr,7/19/2019,-0.661,,Fr,7/19/2019,-0.325
Th,7/18/2019,-0.759,,Th,7/18/2019,-0.646,,Th,7/18/2019,-0.312
We,7/17/2019,-0.755,,We,7/17/2019,-0.633,,We,7/17/2019,-0.292
Tu,7/16/2019,-0.741,,Tu,7/16/2019,-0.597,,Tu,7/16/2019,-0.246
Mo,7/15/2019,-0.74,,Mo,7/15/2019,-0.598,,Mo,7/15/2019,-0.254
,,,,,,,,,,
Fr,7/12/2019,-0.734,,Fr,7/12/2019,-0.573,,Fr,7/12/2019,-0.212
Th,7/11/2019,-0.736,,Th,7/11/2019,-0.582,,Th,7/11/2019,-0.228
We,7/10/2019,-0.74,,We,7/10/2019,-0.604,,We,7/10/2019,-0.309
Tu,7/9/2019,-0.743,,Tu,7/9/2019,-0.625,,Tu,7/9/2019,-0.356
Mo,7/8/2019,-0.749,,Mo,7/8/2019,-0.63,,Mo,7/8/2019,-0.368
,,,,,,,,,,
Fr,7/5/2019,-0.756,,Fr,7/5/2019,-0.639,,Fr,7/5/2019,-0.365
Th,7/4/2019,-0.766,,Th,7/4/2019,-0.657,,Th,7/4/2019,-0.4
We,7/3/2019,-0.762,,We,7/3/2019,-0.649,,We,7/3/2019,-0.387
Tu,7/2/2019,-0.767,,Tu,7/2/2019,-0.692,,Tu,7/2/2019,-0.369
Mo,7/1/2019,-0.763,,Mo,7/1/2019,-0.688,,Mo,7/1/2019,-0.358
,,,,,,,,,,
Fr,6/28/2019,-0.758,,Fr,6/28/2019,-0.666,,Fr,6/28/2019,-0.329
Th,6/27/2019,-0.744,,Th,6/27/2019,-0.652,,Th,6/27/2019,-0.322
We,6/26/2019,-0.736,,We,6/26/2019,-0.633,,We,6/26/2019,-0.304
Tu,6/25/2019,-0.746,,Tu,6/25/2019,-0.66,,Tu,6/25/2019,-0.332
Mo,6/24/2019,-0.749,,Mo,6/24/2019,-0.65,,Mo,6/24/2019,-0.308
,,,,,,,,,,
Fr,6/21/2019,-0.743,,Fr,6/21/2019,-0.632,,Fr,6/21/2019,-0.286
Th,6/20/2019,-0.763,,Th,6/20/2019,-0.662,,Th,6/20/2019,-0.32
We,6/19/2019,-0.743,,We,6/19/2019,-0.639,,We,6/19/2019,-0.289
Tu,6/18/2019,-0.77,,Tu,6/18/2019,-0.687,,Tu,6/18/2019,-0.321
Mo,6/17/2019,-0.697,,Mo,6/17/2019,-0.603,,Mo,6/17/2019,-0.245
,,,,,,,,,,
Fr,6/14/2019,-0.701,,Fr,6/14/2019,-0.605,,Fr,6/14/2019,-0.256
Th,6/13/2019,-0.683,,Th,6/13/2019,-0.593,,Th,6/13/2019,-0.242
We,6/12/2019,-0.685,,We,6/12/2019,-0.598,,We,6/12/2019,-0.238
Tu,6/11/2019,-0.679,,Tu,6/11/2019,-0.592,,Tu,6/11/2019,-0.233
Mo,6/10/2019,-0.68,,Mo,6/10/2019,-0.593,,Mo,6/10/2019,-0.22
,,,,,,,,,,
Fr,6/7/2019,-0.678,,Fr,6/7/2019,-0.602,,Fr,6/7/2019,-0.258
Th,6/6/2019,-0.663,,Th,6/6/2019,-0.586,,Th,6/6/2019,-0.24
We,6/5/2019,-0.687,,We,6/5/2019,-0.608,,We,6/5/2019,-0.227
Tu,6/4/2019,-0.658,,Tu,6/4/2019,-0.574,,Tu,6/4/2019,-0.208
Mo,6/3/2019,-0.659,,Mo,6/3/2019,-0.572,,Mo,6/3/2019,-0.202
,,,,,,,,,,
Fr,5/31/2019,-0.673,,Fr,5/31/2019,-0.582,,Fr,5/31/2019,-0.204
Th,5/30/2019,-0.65,,Th,5/30/2019,-0.563,,Th,5/30/2019,-0.176
We,5/29/2019,-0.653,,We,5/29/2019,-0.563,,We,5/29/2019,-0.18
Tu,5/28/2019,-0.648,,Tu,5/28/2019,-0.553,,Tu,5/28/2019,-0.162
Mo,5/27/2019,-0.657,,Mo,5/27/2019,-0.54,,Mo,5/27/2019,-0.145
,,,,,,,,,,
Fr,5/24/2019,-0.64,,Fr,5/24/2019,-0.519,,Fr,5/24/2019,-0.118
Th,5/23/2019,-0.643,,Th,5/23/2019,-0.526,,Th,5/23/2019,-0.121
We,5/22/2019,-0.635,,We,5/22/2019,-0.505,,We,5/22/2019,-0.087
Tu,5/21/2019,-0.632,,Tu,5/21/2019,-0.49,,Tu,5/21/2019,-0.064
Mo,5/20/2019,-0.648,,Mo,5/20/2019,-0.509,,Mo,5/20/2019,-0.089
,,,,,,,,,,
Fr,5/17/2019,-0.653,,Fr,5/17/2019,-0.515,,Fr,5/17/2019,-0.105
Th,5/16/2019,-0.653,,Th,5/16/2019,-0.509,,Th,5/16/2019,-0.096
We,5/15/2019,-0.657,,We,5/15/2019,-0.511,,We,5/15/2019,-0.099
Tu,5/14/2019,-0.639,,Tu,5/14/2019,-0.489,,Tu,5/14/2019,-0.071
Mo,5/13/2019,-0.634,,Mo,5/13/2019,-0.484,,Mo,5/13/2019,-0.071
,,,,,,,,,,
Fr,5/10/2019,-0.622,,Fr,5/10/2019,-0.472,,Fr,5/10/2019,-0.045
Th,5/9/2019,-0.633,,Th,5/9/2019,-0.473,,Th,5/9/2019,-0.048
We,5/8/2019,-0.62,,We,5/8/2019,-0.465,,We,5/8/2019,-0.045
Tu,5/7/2019,-0.611,,Tu,5/7/2019,-0.46,,Tu,5/7/2019,-0.039
Mo,5/6/2019,-0.599,,Mo,5/6/2019,-0.427,,Mo,5/6/2019,0.005
,,,,,,,,,,
Fr,5/3/2019,-0.593,,Fr,5/3/2019,-0.414,,Fr,5/3/2019,0.024
Th,5/2/2019,-0.591,,Th,5/2/2019,-0.413,,Th,5/2/2019,0.029
Tu,4/30/2019,-0.59,,Tu,4/30/2019,-0.416,,Tu,4/30/2019,0.012
Mo,4/29/2019,-0.587,,Mo,4/29/2019,-0.422,,Mo,4/29/2019,0.002
,,,,,,,,,,
Fr,4/26/2019,-0.604,,Fr,4/26/2019,-0.441,,Fr,4/26/2019,-0.023
Th,4/25/2019,-0.599,,Th,4/25/2019,-0.429,,Th,4/25/2019,-0.01
We,4/24/2019,-0.594,,We,4/24/2019,-0.428,,We,4/24/2019,-0.014
Tu,4/23/2019,-0.58,,Tu,4/23/2019,-0.387,,Tu,4/23/2019,0.04
,,,,,,,,,,
Th,4/18/2019,-0.581,,Th,4/18/2019,-0.397,,Th,4/18/2019,0.023
We,4/17/2019,-0.576,,We,4/17/2019,-0.364,,We,4/17/2019,0.079
Tu,4/16/2019,-0.575,,Tu,4/16/2019,-0.376,,Tu,4/16/2019,0.065
Mo,4/15/2019,-0.567,,Mo,4/15/2019,-0.377,,Mo,4/15/2019,0.055
,,,,,,,,,,
Fr,4/12/2019,-0.566,,Fr,4/12/2019,-0.377,,Fr,4/12/2019,0.054
Th,4/11/2019,-0.586,,Th,4/11/2019,-0.427,,Th,4/11/2019,-0.01
We,4/10/2019,-0.597,,We,4/10/2019,-0.443,,We,4/10/2019,-0.027
Tu,4/9/2019,-0.582,,Tu,4/9/2019,-0.419,,Tu,4/9/2019,-0.011
Mo,4/8/2019,-0.585,,Mo,4/8/2019,-0.409,,Mo,4/8/2019,0.005
,,,,,,,,,,
Fr,4/5/2019,-0.583,,Fr,4/5/2019,-0.409,,Fr,4/5/2019,0.004
Th,4/4/2019,-0.589,,Th,4/4/2019,-0.414,,Th,4/4/2019,-0.007
We,4/3/2019,-0.589,,We,4/3/2019,-0.407,,We,4/3/2019,0.006
Tu,4/2/2019,-0.618,,Tu,4/2/2019,-0.449,,Tu,4/2/2019,-0.05
Mo,4/1/2019,-0.608,,Mo,4/1/2019,-0.426,,Mo,4/1/2019,-0.028
,,,,,,,,,,
Fr,3/29/2019,-0.611,,Fr,3/29/2019,-0.453,,Fr,3/29/2019,-0.072
Th,3/28/2019,-0.603,,Th,3/28/2019,-0.442,,Th,3/28/2019,-0.071
We,3/27/2019,-0.612,,We,3/27/2019,-0.458,,We,3/27/2019,-0.082
Tu,3/26/2019,-0.569,,Tu,3/26/2019,-0.391,,Tu,3/26/2019,-0.017
Mo,3/25/2019,-0.573,,Mo,3/25/2019,-0.4,,Mo,3/25/2019,-0.028
,,,,,,,,,,
Fr,3/22/2019,-0.571,,Fr,3/22/2019,-0.401,,Fr,3/22/2019,-0.016
Th,3/21/2019,-0.556,,Th,3/21/2019,-0.365,,Th,3/21/2019,0.04
We,3/20/2019,-0.537,,We,3/20/2019,-0.332,,We,3/20/2019,0.083
Tu,3/19/2019,-0.534,,Tu,3/19/2019,-0.326,,Tu,3/19/2019,0.095
Mo,3/18/2019,-0.537,,Mo,3/18/2019,-0.336,,Mo,3/18/2019,0.082
,,,,,,,,,,
Fr,3/15/2019,-0.547,,Fr,3/15/2019,-0.342,,Fr,3/15/2019,0.082
Th,3/14/2019,-0.551,,Th,3/14/2019,-0.344,,Th,3/14/2019,0.084
We,3/13/2019,-0.555,,We,3/13/2019,-0.36,,We,3/13/2019,0.063
Tu,3/12/2019,-0.552,,Tu,3/12/2019,-0.366,,Tu,3/12/2019,0.054
Mo,3/11/2019,-0.546,,Mo,3/11/2019,-0.358,,Mo,3/11/2019,0.067
,,,,,,,,,,
Fr,3/8/2019,-0.542,,Fr,3/8/2019,-0.351,,Fr,3/8/2019,0.067
Th,3/7/2019,-0.555,,Th,3/7/2019,-0.37,,Th,3/7/2019,0.064
We,3/6/2019,-0.527,,We,3/6/2019,-0.316,,We,3/6/2019,0.126
Tu,3/5/2019,-0.51,,Tu,3/5/2019,-0.281,,Tu,3/5/2019,0.167
Mo,3/4/2019,-0.516,,Mo,3/4/2019,-0.291,,Mo,3/4/2019,0.156
,,,,,,,,,,
Fr,3/1/2019,-0.516,,Fr,3/1/2019,-0.276,,Fr,3/1/2019,0.182
Th,2/28/2019,-0.528,,Th,2/28/2019,-0.279,,Th,2/28/2019,0.182
We,2/27/2019,-0.535,,We,2/27/2019,-0.304,,We,2/27/2019,0.147
Tu,2/26/2019,-0.541,,Tu,2/26/2019,-0.33,,Tu,2/26/2019,0.117
Mo,2/25/2019,-0.564,,Mo,2/25/2019,-0.337,,Mo,2/25/2019,0.108
,,,,,,,,,,
Fr,2/22/2019,-0.571,,Fr,2/22/2019,-0.352,,Fr,2/22/2019,0.094
Th,2/21/2019,-0.56,,Th,2/21/2019,-0.325,,Th,2/21/2019,0.126
We,2/20/2019,-0.574,,We,2/20/2019,-0.355,,We,2/20/2019,0.098
Tu,2/19/2019,-0.572,,Tu,2/19/2019,-0.352,,Tu,2/19/2019,0.104
Mo,2/18/2019,-0.573,,Mo,2/18/2019,-0.354,,Mo,2/18/2019,0.108
,,,,,,,,,,
Fr,2/15/2019,-0.563,,Fr,2/15/2019,-0.354,,Fr,2/15/2019,0.101
Th,2/14/2019,-0.559,,Th,2/14/2019,-0.349,,Th,2/14/2019,0.102
We,2/13/2019,-0.566,,We,2/13/2019,-0.343,,We,2/13/2019,0.122
Tu,2/12/2019,-0.574,,Tu,2/12/2019,-0.343,,Tu,2/12/2019,0.131
Mo,2/11/2019,-0.577,,Mo,2/11/2019,-0.354,,Mo,2/11/2019,0.118
,,,,,,,,,,
Fr,2/8/2019,-0.584,,Fr,2/8/2019,-0.369,,Fr,2/8/2019,0.086
Th,2/7/2019,-0.584,,Th,2/7/2019,-0.351,,Th,2/7/2019,0.114
We,2/6/2019,-0.561,,We,2/6/2019,-0.303,,We,2/6/2019,0.16
Tu,2/5/2019,-0.57,,Tu,2/5/2019,-0.304,,Tu,2/5/2019,0.169
Mo,2/4/2019,-0.575,,Mo,2/4/2019,-0.306,,Mo,2/4/2019,0.175
,,,,,,,,,,
Fr,2/1/2019,-0.587,,Fr,2/1/2019,-0.319,,Fr,2/1/2019,0.165
Th,1/31/2019,-0.569,,Th,1/31/2019,-0.318,,Th,1/31/2019,0.148
We,1/30/2019,-0.57,,We,1/30/2019,-0.294,,We,1/30/2019,0.187
Tu,1/29/2019,-0.575,,Tu,1/29/2019,-0.296,,Tu,1/29/2019,0.199
Mo,1/28/2019,-0.587,,Mo,1/28/2019,-0.295,,Mo,1/28/2019,0.203
,,,,,,,,,,
Fr,1/25/2019,-0.586,,Fr,1/25/2019,-0.298,,Fr,1/25/2019,0.191
Th,1/24/2019,-0.591,,Th,1/24/2019,-0.318,,Th,1/24/2019,0.179
We,1/23/2019,-0.588,,We,1/23/2019,-0.292,,We,1/23/2019,0.223
Tu,1/22/2019,-0.596,,Tu,1/22/2019,-0.357,,Tu,1/22/2019,0.234
Mo,1/21/2019,-0.589,,Mo,1/21/2019,-0.341,,Mo,1/21/2019,0.253
,,,,,,,,,,
Fr,1/18/2019,-0.587,,Fr,1/18/2019,-0.335,,Fr,1/18/2019,0.261
Th,1/17/2019,-0.595,,Th,1/17/2019,-0.354,,Th,1/17/2019,0.241
We,1/16/2019,-0.609,,We,1/16/2019,-0.374,,We,1/16/2019,0.222
Tu,1/15/2019,-0.625,,Tu,1/15/2019,-0.398,,Tu,1/15/2019,0.204
Mo,1/14/2019,-0.604,,Mo,1/14/2019,-0.368,,Mo,1/14/2019,0.228
,,,,,,,,,,
Fr,1/11/2019,-0.592,,Fr,1/11/2019,-0.354,,Fr,1/11/2019,0.237
Th,1/10/2019,-0.597,,Th,1/10/2019,-0.351,,Th,1/10/2019,0.253
We,1/9/2019,-0.589,,We,1/9/2019,-0.333,,We,1/9/2019,0.276
Tu,1/8/2019,-0.582,,Tu,1/8/2019,-0.323,,Tu,1/8/2019,0.225
Mo,1/7/2019,-0.591,,Mo,1/7/2019,-0.331,,Mo,1/7/2019,0.219
,,,,,,,,,,
Fr,1/4/2019,-0.604,,Fr,1/4/2019,-0.348,,Fr,1/4/2019,0.206
Th,1/3/2019,-0.619,,Th,1/3/2019,-0.388,,Th,1/3/2019,0.151
We,1/2/2019,-0.622,,We,1/2/2019,-0.374,,We,1/2/2019,0.164
Mo,12/31/2018,-0.62,,Mo,12/31/2018,-0.32,,Mo,12/31/2018,0.239
,,,,,,,,,,
Fr,12/28/2018,-0.619,,Fr,12/28/2018,-0.319,,Fr,12/28/2018,0.238
Th,12/27/2018,-0.636,,Th,12/27/2018,-0.328,,Th,12/27/2018,0.228
Mo,12/24/2018,-0.616,,Mo,12/24/2018,-0.303,,Mo,12/24/2018,0.247
,,,,,,,,,,
Fr,12/21/2018,-0.615,,Fr,12/21/2018,-0.303,,Fr,12/21/2018,0.247
Th,12/20/2018,-0.606,,Th,12/20/2018,-0.306,,Th,12/20/2018,0.227
We,12/19/2018,-0.61,,We,12/19/2018,-0.301,,We,12/19/2018,0.238
Tu,12/18/2018,-0.609,,Tu,12/18/2018,-0.296,,Tu,12/18/2018,0.243
Mo,12/17/2018,-0.614,,Mo,12/17/2018,-0.298,,Mo,12/17/2018,0.255
,,,,,,,,,,
Fr,12/14/2018,-0.615,,Fr,12/14/2018,-0.306,,Fr,12/14/2018,0.251
Th,12/13/2018,-0.588,,Th,12/13/2018,-0.274,,Th,12/13/2018,0.283
We,12/12/2018,-0.57,,We,12/12/2018,-0.255,,We,12/12/2018,0.277
Tu,12/11/2018,-0.606,,Tu,12/11/2018,-0.302,,Tu,12/11/2018,0.231
Mo,12/10/2018,-0.582,,Mo,12/10/2018,-0.286,,Mo,12/10/2018,0.245
,,,,,,,,,,
Fr,12/7/2018,-0.605,,Fr,12/7/2018,-0.306,,Fr,12/7/2018,0.248
Th,12/6/2018,-0.628,,Th,12/6/2018,-0.322,,Th,12/6/2018,0.235
We,12/5/2018,-0.612,,We,12/5/2018,-0.291,,We,12/5/2018,0.275
Tu,12/4/2018,-0.62,,Tu,12/4/2018,-0.303,,Tu,12/4/2018,0.261
Mo,12/3/2018,-0.61,,Mo,12/3/2018,-0.276,,Mo,12/3/2018,0.305
,,,,,,,,,,
Fr,11/30/2018,-0.602,,Fr,11/30/2018,-0.271,,Fr,11/30/2018,0.312
Th,11/29/2018,-0.603,,Th,11/29/2018,-0.265,,Th,11/29/2018,0.32
We,11/28/2018,-0.589,,We,11/28/2018,-0.238,,We,11/28/2018,0.349
Tu,11/27/2018,-0.585,,Tu,11/27/2018,-0.238,,Tu,11/27/2018,0.348
Mo,11/26/2018,-0.575,,Mo,11/26/2018,-0.224,,Mo,11/26/2018,0.36
,,,,,,,,,,
Fr,11/23/2018,-0.586,,Fr,11/23/2018,-0.241,,Fr,11/23/2018,0.339
Th,11/22/2018,-0.582,,Th,11/22/2018,-0.223,,Th,11/22/2018,0.369
We,11/21/2018,-0.583,,We,11/21/2018,-0.22,,We,11/21/2018,0.375
Tu,11/20/2018,-0.598,,Tu,11/20/2018,-0.238,,Tu,11/20/2018,0.349
Mo,11/19/2018,-0.592,,Mo,11/19/2018,-0.225,,Mo,11/19/2018,0.371
,,,,,,,,,,
Fr,11/16/2018,-0.594,,Fr,11/16/2018,-0.232,,Fr,11/16/2018,0.366
Th,11/15/2018,-0.598,,Th,11/15/2018,-0.237,,Th,11/15/2018,0.359
We,11/14/2018,-0.579,,We,11/14/2018,-0.198,,We,11/14/2018,0.397
Tu,11/13/2018,-0.573,,Tu,11/13/2018,-0.184,,Tu,11/13/2018,0.408
Mo,11/12/2018,-0.615,,Mo,11/12/2018,-0.196,,Mo,11/12/2018,0.397
,,,,,,,,,,
Fr,11/9/2018,-0.605,,Fr,11/9/2018,-0.18,,Fr,11/9/2018,0.406
Th,11/8/2018,-0.589,,Th,11/8/2018,-0.143,,Th,11/8/2018,0.456
We,11/7/2018,-0.592,,We,11/7/2018,-0.15,,We,11/7/2018,0.446
Tu,11/6/2018,-0.608,,Tu,11/6/2018,-0.166,,Tu,11/6/2018,0.433
Mo,11/5/2018,-0.615,,Mo,11/5/2018,-0.173,,Mo,11/5/2018,0.425
,,,,,,,,,,
Fr,11/2/2018,-0.622,,Fr,11/2/2018,-0.175,,Fr,11/2/2018,0.426
Th,11/1/2018,-0.625,,Th,11/1/2018,-0.189,,Th,11/1/2018,0.398
We,10/31/2018,-0.624,,We,10/31/2018,-0.194,,We,10/31/2018,0.384
Tu,10/30/2018,-0.631,,Tu,10/30/2018,-0.208,,Tu,10/30/2018,0.368
Mo,10/29/2018,-0.629,,Mo,10/29/2018,-0.203,,Mo,10/29/2018,0.376
,,,,,,,,,,
Fr,10/26/2018,-0.637,,Fr,10/26/2018,-0.219,,Fr,10/26/2018,0.351
Th,10/25/2018,-0.62,,Th,10/25/2018,-0.184,,Th,10/25/2018,0.396
We,10/24/2018,-0.627,,We,10/24/2018,-0.189,,We,10/24/2018,0.395
Tu,10/23/2018,-0.612,,Tu,10/23/2018,-0.171,,Tu,10/23/2018,0.408
Mo,10/22/2018,-0.596,,Mo,10/22/2018,-0.142,,Mo,10/22/2018,0.447
,,,,,,,,,,
Fr,10/19/2018,-0.588,,Fr,10/19/2018,-0.13,,Fr,10/19/2018,0.458
Th,10/18/2018,-0.623,,Th,10/18/2018,-0.182,,Th,10/18/2018,0.415
We,10/17/2018,-0.583,,We,10/17/2018,-0.134,,We,10/17/2018,0.46
Tu,10/16/2018,-0.57,,Tu,10/16/2018,-0.107,,Tu,10/16/2018,0.49
Mo,10/15/2018,-0.573,,Mo,10/15/2018,-0.1,,Mo,10/15/2018,0.501
,,,,,,,,,,
Fr,10/12/2018,-0.565,,Fr,10/12/2018,-0.098,,Fr,10/12/2018,0.497
Th,10/11/2018,-0.545,,Th,10/11/2018,-0.071,,Th,10/11/2018,0.517
We,10/10/2018,-0.531,,We,10/10/2018,-0.048,,We,10/10/2018,0.551
Tu,10/9/2018,-0.531,,Tu,10/9/2018,-0.051,,Tu,10/9/2018,0.547
Mo,10/8/2018,-0.549,,Mo,10/8/2018,-0.069,,Mo,10/8/2018,0.528
,,,,,,,,,,
Fr,10/5/2018,-0.519,,Fr,10/5/2018,-0.024,,Fr,10/5/2018,0.572
Th,10/4/2018,-0.524,,Th,10/4/2018,-0.05,,Th,10/4/2018,0.53
We,10/3/2018,-0.539,,We,10/3/2018,-0.093,,We,10/3/2018,0.474
Tu,10/2/2018,-0.569,,Tu,10/2/2018,-0.145,,Tu,10/2/2018,0.421
Mo,10/1/2018,-0.548,,Mo,10/1/2018,-0.102,,Mo,10/1/2018,0.47
,,,,,,,,,,
Fr,9/28/2018,-0.532,,Fr,9/28/2018,-0.092,,Fr,9/28/2018,0.469
Th,9/27/2018,-0.502,,Th,9/27/2018,-0.034,,Th,9/27/2018,0.528
We,9/26/2018,-0.506,,We,9/26/2018,-0.044,,We,9/26/2018,0.525
Tu,9/25/2018,-0.504,,Tu,9/25/2018,-0.034,,Tu,9/25/2018,0.542
Mo,9/24/2018,-0.515,,Mo,9/24/2018,-0.065,,Mo,9/24/2018,0.509
,,,,,,,,,,
Fr,9/21/2018,-0.543,,Fr,9/21/2018,-0.118,,Fr,9/21/2018,0.46
Th,9/20/2018,-0.536,,Th,9/20/2018,-0.107,,Th,9/20/2018,0.47
We,9/19/2018,-0.532,,We,9/19/2018,-0.098,,We,9/19/2018,0.486
Tu,9/18/2018,-0.528,,Tu,9/18/2018,-0.099,,Tu,9/18/2018,0.479
Mo,9/17/2018,-0.536,,Mo,9/17/2018,-0.115,,Mo,9/17/2018,0.457
,,,,,,,,,,
Fr,9/14/2018,-0.546,,Fr,9/14/2018,-0.131,,Fr,9/14/2018,0.449
Th,9/13/2018,-0.55,,Th,9/13/2018,-0.15,,Th,9/13/2018,0.421
We,9/12/2018,-0.553,,We,9/12/2018,-0.16,,We,9/12/2018,0.409
Tu,9/11/2018,-0.544,,Tu,9/11/2018,-0.145,,Tu,9/11/2018,0.429
Mo,9/10/2018,-0.551,,Mo,9/10/2018,-0.164,,Mo,9/10/2018,0.4
,,,,,,,,,,
Fr,9/7/2018,-0.561,,Fr,9/7/2018,-0.177,,Fr,9/7/2018,0.386
Th,9/6/2018,-0.579,,Th,9/6/2018,-0.198,,Th,9/6/2018,0.353
We,9/5/2018,-0.566,,We,9/5/2018,-0.177,,We,9/5/2018,0.379
Tu,9/4/2018,-0.59,,Tu,9/4/2018,-0.207,,Tu,9/4/2018,0.355
Mo,9/3/2018,-0.611,,Mo,9/3/2018,-0.228,,Mo,9/3/2018,0.332
,,,,,,,,,,
Fr,8/31/2018,-0.611,,Fr,8/31/2018,-0.233,,Fr,8/31/2018,0.325
Th,8/30/2018,-0.611,,Th,8/30/2018,-0.223,,Th,8/30/2018,0.344
We,8/29/2018,-0.58,,We,8/29/2018,-0.17,,We,8/29/2018,0.403
Tu,8/28/2018,-0.585,,Tu,8/28/2018,-0.191,,Tu,8/28/2018,0.379
Mo,8/27/2018,-0.587,,Mo,8/27/2018,-0.197,,Mo,8/27/2018,0.375
,,,,,,,,,,
Fr,8/24/2018,-0.602,,Fr,8/24/2018,-0.221,,Fr,8/24/2018,0.343
Th,8/23/2018,-0.601,,Th,8/23/2018,-0.229,,Th,8/23/2018,0.338
We,8/22/2018,-0.597,,We,8/22/2018,-0.229,,We,8/22/2018,0.342
Tu,8/21/2018,-0.609,,Tu,8/21/2018,-0.249,,Tu,8/21/2018,0.329
Mo,8/20/2018,-0.65,,Mo,8/20/2018,-0.276,,Mo,8/20/2018,0.301
,,,,,,,,,,
Fr,8/17/2018,-0.658,,Fr,8/17/2018,-0.273,,Fr,8/17/2018,0.304
Th,8/16/2018,-0.645,,Th,8/16/2018,-0.256,,Th,8/16/2018,0.318
We,8/15/2018,-0.654,,We,8/15/2018,-0.27,,We,8/15/2018,0.303
Tu,8/14/2018,-0.644,,Tu,8/14/2018,-0.247,,Tu,8/14/2018,0.326
Mo,8/13/2018,-0.653,,Mo,8/13/2018,-0.258,,Mo,8/13/2018,0.31
,,,,,,,,,,
Fr,8/10/2018,-0.643,,Fr,8/10/2018,-0.25,,Fr,8/10/2018,0.315
Th,8/9/2018,-0.619,,Th,8/9/2018,-0.2,,Th,8/9/2018,0.373
We,8/8/2018,-0.601,,We,8/8/2018,-0.178,,We,8/8/2018,0.396
Tu,8/7/2018,-0.588,,Tu,8/7/2018,-0.163,,Tu,8/7/2018,0.406
Mo,8/6/2018,-0.597,,Mo,8/6/2018,-0.175,,Mo,8/6/2018,0.387
,,,,,,,,,,
Fr,8/3/2018,-0.595,,Fr,8/3/2018,-0.164,,Fr,8/3/2018,0.406
Th,8/2/2018,-0.576,,Th,8/2/2018,-0.123,,Th,8/2/2018,0.459
We,8/1/2018,-0.561,,We,8/1/2018,-0.103,,We,8/1/2018,0.475
Tu,7/31/2018,-0.579,,Tu,7/31/2018,-0.128,,Tu,7/31/2018,0.442
Mo,7/30/2018,-0.591,,Mo,7/30/2018,-0.134,,Mo,7/30/2018,0.444
,,,,,,,,,,
Fr,7/27/2018,-0.606,,Fr,7/27/2018,-0.168,,Fr,7/27/2018,0.402
Th,7/26/2018,-0.61,,Th,7/26/2018,-0.166,,Th,7/26/2018,0.402
We,7/25/2018,-0.607,,We,7/25/2018,-0.172,,We,7/25/2018,0.394
Tu,7/24/2018,-0.616,,Tu,7/24/2018,-0.258,,Tu,7/24/2018,0.395
Mo,7/23/2018,-0.609,,Mo,7/23/2018,-0.252,,Mo,7/23/2018,0.405
,,,,,,,,,,
Fr,7/20/2018,-0.626,,Fr,7/20/2018,-0.281,,Fr,7/20/2018,0.369
Th,7/19/2018,-0.637,,Th,7/19/2018,-0.307,,Th,7/19/2018,0.329
We,7/18/2018,-0.639,,We,7/18/2018,-0.305,,We,7/18/2018,0.339
Tu,7/17/2018,-0.635,,Tu,7/17/2018,-0.301,,Tu,7/17/2018,0.344
Mo,7/16/2018,-0.634,,Mo,7/16/2018,-0.289,,Mo,7/16/2018,0.361
,,,,,,,,,,
Fr,7/13/2018,-0.641,,Fr,7/13/2018,-0.309,,Fr,7/13/2018,0.338
Th,7/12/2018,-0.646,,Th,7/12/2018,-0.296,,Th,7/12/2018,0.355
We,7/11/2018,-0.637,,We,7/11/2018,-0.281,,We,7/11/2018,0.366
Tu,7/10/2018,-0.644,,Tu,7/10/2018,-0.277,,Tu,7/10/2018,0.318
Mo,7/9/2018,-0.657,,Mo,7/9/2018,-0.297,,Mo,7/9/2018,0.298
,,,,,,,,,,
Fr,7/6/2018,-0.663,,Fr,7/6/2018,-0.303,,Fr,7/6/2018,0.29
Th,7/5/2018,-0.657,,Th,7/5/2018,-0.296,,Th,7/5/2018,0.297
We,7/4/2018,-0.666,,We,7/4/2018,-0.296,,We,7/4/2018,0.303
Tu,7/3/2018,-0.679,,Tu,7/3/2018,-0.307,,Tu,7/3/2018,0.292
Mo,7/2/2018,-0.689,,Mo,7/2/2018,-0.314,,Mo,7/2/2018,0.302
,,,,,,,,,,
Fr,6/29/2018,-0.674,,Fr,6/29/2018,-0.306,,Fr,6/29/2018,0.3
Th,6/28/2018,-0.674,,Th,6/28/2018,-0.302,,Th,6/28/2018,0.317
We,6/27/2018,-0.679,,We,6/27/2018,-0.304,,We,6/27/2018,0.319
Tu,6/26/2018,-0.674,,Tu,6/26/2018,-0.288,,Tu,6/26/2018,0.339
Mo,6/25/2018,-0.682,,Mo,6/25/2018,-0.308,,Mo,6/25/2018,0.325
,,,,,,,,,,
Fr,6/22/2018,-0.675,,Fr,6/22/2018,-0.302,,Fr,6/22/2018,0.335
Th,6/21/2018,-0.677,,Th,6/21/2018,-0.311,,Th,6/21/2018,0.333
We,6/20/2018,-0.644,,We,6/20/2018,-0.265,,We,6/20/2018,0.375
Tu,6/19/2018,-0.632,,Tu,6/19/2018,-0.263,,Tu,6/19/2018,0.37
Mo,6/18/2018,-0.626,,Mo,6/18/2018,-0.239,,Mo,6/18/2018,0.396
,,,,,,,,,,
Fr,6/15/2018,-0.626,,Fr,6/15/2018,-0.231,,Fr,6/15/2018,0.401
Th,6/14/2018,-0.632,,Th,6/14/2018,-0.217,,Th,6/14/2018,0.424
We,6/13/2018,-0.597,,We,6/13/2018,-0.15,,We,6/13/2018,0.48
Tu,6/12/2018,-0.596,,Tu,6/12/2018,-0.142,,Tu,6/12/2018,0.489
Mo,6/11/2018,-0.609,,Mo,6/11/2018,-0.148,,Mo,6/11/2018,0.491
,,,,,,,,,,
Fr,6/8/2018,-0.658,,Fr,6/8/2018,-0.2,,Fr,6/8/2018,0.446
Th,6/7/2018,-0.621,,Th,6/7/2018,-0.155,,Th,6/7/2018,0.481
We,6/6/2018,-0.608,,We,6/6/2018,-0.168,,We,6/6/2018,0.462
Tu,6/5/2018,-0.661,,Tu,6/5/2018,-0.256,,Tu,6/5/2018,0.366
Mo,6/4/2018,-0.631,,Mo,6/4/2018,-0.207,,Mo,6/4/2018,0.416
,,,,,,,,,,
Fr,6/1/2018,-0.639,,Fr,6/1/2018,-0.228,,Fr,6/1/2018,0.382
Th,5/31/2018,-0.667,,Th,5/31/2018,-0.275,,Th,5/31/2018,0.338
We,5/30/2018,-0.667,,We,5/30/2018,-0.263,,We,5/30/2018,0.369
Mo,5/28/2018,-0.681,,Tu,5/29/2018,-0.393,,Tu,5/29/2018,0.257
,,,,Mo,5/28/2018,-0.285,,Mo,5/28/2018,0.341
Fr,5/25/2018,-0.632,,,,,,,,
Th,5/24/2018,-0.6,,Fr,5/25/2018,-0.222,,Fr,5/25/2018,0.403
We,5/23/2018,-0.587,,Th,5/24/2018,-0.157,,Th,5/24/2018,0.47
Tu,5/22/2018,-0.611,,We,5/23/2018,-0.134,,We,5/23/2018,0.505
Mo,5/21/2018,-0.63,,Tu,5/22/2018,-0.082,,Tu,5/22/2018,0.558
,,,,Mo,5/21/2018,-0.11,,Mo,5/21/2018,0.521
Fr,5/18/2018,-0.594,,,,,,,,
Th,5/17/2018,-0.57,,Fr,5/18/2018,-0.058,,Fr,5/18/2018,0.577
We,5/16/2018,-0.581,,Th,5/17/2018,-0.009,,Th,5/17/2018,0.637
Tu,5/15/2018,-0.555,,We,5/16/2018,-0.032,,We,5/16/2018,0.604
Mo,5/14/2018,-0.565,,Tu,5/15/2018,0.008,,Tu,5/15/2018,0.643
,,,,Mo,5/14/2018,-0.013,,Mo,5/14/2018,0.609
Fr,5/11/2018,-0.588,,,,,,,,
Th,5/10/2018,-0.59,,Fr,5/11/2018,-0.062,,Fr,5/11/2018,0.557
We,5/9/2018,-0.586,,Th,5/10/2018,-0.067,,Th,5/10/2018,0.555
Tu,5/8/2018,-0.584,,We,5/9/2018,-0.065,,We,5/9/2018,0.557
Mo,5/7/2018,-0.587,,Tu,5/8/2018,-0.061,,Tu,5/8/2018,0.56
,,,,Mo,5/7/2018,-0.081,,Mo,5/7/2018,0.529
Fr,5/4/2018,-0.587,,,,,,,,
Th,5/3/2018,-0.592,,Fr,5/4/2018,-0.073,,Fr,5/4/2018,0.542
We,5/2/2018,-0.581,,Th,5/3/2018,-0.088,,Th,5/3/2018,0.53
Mo,4/30/2018,-0.592,,We,5/2/2018,-0.044,,We,5/2/2018,0.579
,,,,Mo,4/30/2018,-0.061,,Mo,4/30/2018,0.557
Fr,4/27/2018,-0.584,,,,,,,,
Th,4/26/2018,-0.572,,Fr,4/27/2018,-0.048,,Fr,4/27/2018,0.569
We,4/25/2018,-0.56,,Th,4/26/2018,-0.03,,Th,4/26/2018,0.591
Tu,4/24/2018,-0.556,,We,4/25/2018,0.004,,We,4/25/2018,0.631
Mo,4/23/2018,-0.558,,Tu,4/24/2018,-0.004,,Tu,4/24/2018,0.629
,,,,Mo,4/23/2018,-0.003,,Mo,4/23/2018,0.634
Fr,4/20/2018,-0.569,,,,,,,,
Th,4/19/2018,-0.563,,Fr,4/20/2018,-0.033,,Fr,4/20/2018,0.588
We,4/18/2018,-0.575,,Th,4/19/2018,-0.018,,Th,4/19/2018,0.598
Tu,4/17/2018,-0.587,,We,4/18/2018,-0.071,,We,4/18/2018,0.529
Mo,4/16/2018,-0.583,,Tu,4/17/2018,-0.095,,Tu,4/17/2018,0.505
,,,,Mo,4/16/2018,-0.078,,Mo,4/16/2018,0.523
Fr,4/13/2018,-0.59,,,,,,,,
Th,4/12/2018,-0.585,,Fr,4/13/2018,-0.09,,Fr,4/13/2018,0.509
We,4/11/2018,-0.579,,Th,4/12/2018,-0.085,,Th,4/12/2018,0.513
Tu,4/10/2018,-0.578,,We,4/11/2018,-0.084,,We,4/11/2018,0.497
Mo,4/9/2018,-0.589,,Tu,4/10/2018,-0.076,,Tu,4/10/2018,0.513
,,,,Mo,4/9/2018,-0.092,,Mo,4/9/2018,0.503
Fr,4/6/2018,-0.596,,,,,,,,
Th,4/5/2018,-0.589,,Fr,4/6/2018,-0.103,,Fr,4/6/2018,0.495
We,4/4/2018,-0.6,,Th,4/5/2018,-0.082,,Th,4/5/2018,0.522
Tu,4/3/2018,-0.603,,We,4/4/2018,-0.099,,We,4/4/2018,0.498
,,,,Tu,4/3/2018,-0.096,,Tu,4/3/2018,0.499
Th,3/29/2018,-0.613,,,,,,,,
We,3/28/2018,-0.614,,Th,3/29/2018,-0.106,,Th,3/29/2018,0.494
Tu,3/27/2018,-0.62,,We,3/28/2018,-0.095,,We,3/28/2018,0.5
Mo,3/26/2018,-0.614,,Tu,3/27/2018,-0.093,,Tu,3/27/2018,0.501
,,,,Mo,3/26/2018,-0.073,,Mo,3/26/2018,0.521
Fr,3/23/2018,-0.62,,,,,,,,
Th,3/22/2018,-0.614,,Fr,3/23/2018,-0.073,,Fr,3/23/2018,0.524
We,3/21/2018,-0.596,,Th,3/22/2018,-0.074,,Th,3/22/2018,0.527
Tu,3/20/2018,-0.594,,We,3/21/2018,-0.024,,We,3/21/2018,0.59
Mo,3/19/2018,-0.602,,Tu,3/20/2018,-0.03,,Tu,3/20/2018,0.582
,,,,Mo,3/19/2018,-0.04,,Mo,3/19/2018,0.567
Fr,3/16/2018,-0.602,,,,,,,,
Th,3/15/2018,-0.587,,Fr,3/16/2018,-0.041,,Fr,3/16/2018,0.568
We,3/14/2018,-0.584,,Th,3/15/2018,-0.031,,Th,3/15/2018,0.574
Tu,3/13/2018,-0.583,,We,3/14/2018,-0.019,,We,3/14/2018,0.59
Mo,3/12/2018,-0.581,,Tu,3/13/2018,0.001,,Tu,3/13/2018,0.617
,,,,Mo,3/12/2018,0.008,,Mo,3/12/2018,0.63
Fr,3/9/2018,-0.568,,,,,,,,
Th,3/8/2018,-0.569,,Fr,3/9/2018,0.025,,Fr,3/9/2018,0.644
We,3/7/2018,-0.552,,Th,3/8/2018,0.014,,Th,3/8/2018,0.625
Tu,3/6/2018,-0.556,,We,3/7/2018,0.035,,We,3/7/2018,0.653
Mo,3/5/2018,-0.561,,Tu,3/6/2018,0.039,,Tu,3/6/2018,0.672
,,,,Mo,3/5/2018,0.009,,Mo,3/5/2018,0.64
Fr,3/2/2018,-0.561,,,,,,,,
Th,3/1/2018,-0.563,,Fr,3/2/2018,0.013,,Fr,3/2/2018,0.648
We,2/28/2018,-0.548,,Th,3/1/2018,0.012,,Th,3/1/2018,0.641
Tu,2/27/2018,-0.532,,We,2/28/2018,0.021,,We,2/28/2018,0.653
Mo,2/26/2018,-0.546,,Tu,2/27/2018,0.045,,Tu,2/27/2018,0.676
,,,,Mo,2/26/2018,0.026,,Mo,2/26/2018,0.65
Fr,2/23/2018,-0.544,,,,,,,,
Th,2/22/2018,-0.53,,Fr,2/23/2018,0.025,,Fr,2/23/2018,0.65
We,2/21/2018,-0.521,,Th,2/22/2018,0.061,,Th,2/22/2018,0.703
Tu,2/20/2018,-0.511,,We,2/21/2018,0.075,,We,2/21/2018,0.719
Mo,2/19/2018,-0.574,,Tu,2/20/2018,0.08,,Tu,2/20/2018,0.732
,,,,Mo,2/19/2018,0.086,,Mo,2/19/2018,0.732
Fr,2/16/2018,-0.576,,,,,,,,
Th,2/15/2018,-0.566,,Fr,2/16/2018,0.07,,Fr,2/16/2018,0.704
We,2/14/2018,-0.573,,Th,2/15/2018,0.106,,Th,2/15/2018,0.761
Tu,2/13/2018,-0.579,,We,2/14/2018,0.1,,We,2/14/2018,0.754
Mo,2/12/2018,-0.585,,Tu,2/13/2018,0.094,,Tu,2/13/2018,0.747
,,,,Mo,2/12/2018,0.098,,Mo,2/12/2018,0.753
Fr,2/9/2018,-0.576,,,,,,,,
Th,2/8/2018,-0.556,,Fr,2/9/2018,0.093,,Fr,2/9/2018,0.741
We,2/7/2018,-0.551,,Th,2/8/2018,0.107,,Th,2/8/2018,0.759
Tu,2/6/2018,-0.573,,We,2/7/2018,0.099,,We,2/7/2018,0.742
Mo,2/5/2018,-0.566,,Tu,2/6/2018,0.053,,Tu,2/6/2018,0.69
,,,,Mo,2/5/2018,0.085,,Mo,2/5/2018,0.733
Fr,2/2/2018,-0.548,,,,,,,,
Th,2/1/2018,-0.548,,Fr,2/2/2018,0.121,,Fr,2/2/2018,0.765
We,1/31/2018,-0.535,,Th,2/1/2018,0.098,,Th,2/1/2018,0.718
Tu,1/30/2018,-0.538,,We,1/31/2018,0.102,,We,1/31/2018,0.695
Mo,1/29/2018,-0.533,,Tu,1/30/2018,-0.018,,Tu,1/30/2018,0.68
,,,,Mo,1/29/2018,-0.006,,Mo,1/29/2018,0.691
Fr,1/26/2018,-0.553,,,,,,,,
Th,1/25/2018,-0.576,,Fr,1/26/2018,-0.039,,Fr,1/26/2018,0.626
We,1/24/2018,-0.594,,Th,1/25/2018,-0.08,,Th,1/25/2018,0.609
Tu,1/23/2018,-0.598,,We,1/24/2018,-0.123,,We,1/24/2018,0.586
Mo,1/22/2018,-0.61,,Tu,1/23/2018,-0.142,,Tu,1/23/2018,0.559
,,,,Mo,1/22/2018,-0.148,,Mo,1/22/2018,0.565
Fr,1/19/2018,-0.61,,,,,,,,
Th,1/18/2018,-0.593,,Fr,1/19/2018,-0.143,,Fr,1/19/2018,0.566
We,1/17/2018,-0.58,,Th,1/18/2018,-0.131,,Th,1/18/2018,0.57
Tu,1/16/2018,-0.579,,We,1/17/2018,-0.13,,We,1/17/2018,0.56
Mo,1/15/2018,-0.583,,Tu,1/16/2018,-0.128,,Tu,1/16/2018,0.559
,,,,Mo,1/15/2018,-0.124,,Mo,1/15/2018,0.584
Fr,1/12/2018,-0.574,,,,,,,,
Th,1/11/2018,-0.577,,Fr,1/12/2018,-0.124,,Fr,1/12/2018,0.577
We,1/10/2018,-0.621,,Th,1/11/2018,-0.133,,Th,1/11/2018,0.579
Tu,1/9/2018,-0.621,,We,1/10/2018,-0.196,,We,1/10/2018,0.54
Mo,1/8/2018,-0.624,,Tu,1/9/2018,-0.201,,Tu,1/9/2018,0.464
,,,,Mo,1/8/2018,-0.22,,Mo,1/8/2018,0.429
Fr,1/5/2018,-0.614,,,,,,,,
Th,1/4/2018,-0.616,,Fr,1/5/2018,-0.21,,Fr,1/5/2018,0.436
We,1/3/2018,-0.626,,Th,1/4/2018,-0.21,,Th,1/4/2018,0.432
Tu,1/2/2018,-0.624,,We,1/3/2018,-0.209,,We,1/3/2018,0.438
,,,,Tu,1/2/2018,-0.191,,Tu,1/2/2018,0.464
Fr,12/29/2017,-0.639,,,,,,,,
Th,12/28/2017,-0.62,,Fr,12/29/2017,-0.207,,Fr,12/29/2017,0.423
We,12/27/2017,-0.665,,Th,12/28/2017,-0.206,,Th,12/28/2017,0.42
,,,,We,12/27/2017,-0.235,,We,12/27/2017,0.379
Fr,12/22/2017,-0.65,,,,,,,,
Th,12/21/2017,-0.661,,Fr,12/22/2017,-0.216,,Fr,12/22/2017,0.418
We,12/20/2017,-0.682,,Th,12/21/2017,-0.233,,Th,12/21/2017,0.415
Tu,12/19/2017,-0.695,,We,12/20/2017,-0.254,,We,12/20/2017,0.403
Mo,12/18/2017,-0.715,,Tu,12/19/2017,-0.282,,Tu,12/19/2017,0.376
,,,,Mo,12/18/2017,-0.332,,Mo,12/18/2017,0.307
Fr,12/15/2017,-0.724,,,,,,,,
Th,12/14/2017,-0.736,,Fr,12/15/2017,-0.34,,Fr,12/15/2017,0.299
We,12/13/2017,-0.748,,Th,12/14/2017,-0.348,,Th,12/14/2017,0.31
Tu,12/12/2017,-0.743,,We,12/13/2017,-0.36,,We,12/13/2017,0.312
Mo,12/11/2017,-0.743,,Tu,12/12/2017,-0.357,,Tu,12/12/2017,0.312
,,,,Mo,12/11/2017,-0.366,,Mo,12/11/2017,0.291
Fr,12/8/2017,-0.745,,,,,,,,
Th,12/7/2017,-0.767,,Fr,12/8/2017,-0.369,,Fr,12/8/2017,0.305
We,12/6/2017,-0.752,,Th,12/7/2017,-0.391,,Th,12/7/2017,0.292
Tu,12/5/2017,-0.736,,We,12/6/2017,-0.383,,We,12/6/2017,0.294
Mo,12/4/2017,-0.711,,Tu,12/5/2017,-0.358,,Tu,12/5/2017,0.318
,,,,Mo,12/4/2017,-0.331,,Mo,12/4/2017,0.342
Fr,12/1/2017,-0.711,,,,,,,,
Th,11/30/2017,-0.69,,Fr,12/1/2017,-0.351,,Fr,12/1/2017,0.304
We,11/29/2017,-0.688,,Th,11/30/2017,-0.31,,Th,11/30/2017,0.366
Tu,11/28/2017,-0.705,,We,11/29/2017,-0.301,,We,11/29/2017,0.383
Mo,11/27/2017,-0.712,,Tu,11/28/2017,-0.342,,Tu,11/28/2017,0.338
,,,,Mo,11/27/2017,-0.344,,Mo,11/27/2017,0.34
Fr,11/24/2017,-0.701,,,,,,,,
Th,11/23/2017,-0.701,,Fr,11/24/2017,-0.328,,Fr,11/24/2017,0.359
We,11/22/2017,-0.706,,Th,11/23/2017,-0.333,,Th,11/23/2017,0.346
Tu,11/21/2017,-0.724,,We,11/22/2017,-0.337,,We,11/22/2017,0.348
Mo,11/20/2017,-0.719,,Tu,11/21/2017,-0.35,,Tu,11/21/2017,0.349
,,,,Mo,11/20/2017,-0.347,,Mo,11/20/2017,0.361
Fr,11/17/2017,-0.718,,,,,,,,
Th,11/16/2017,-0.712,,Fr,11/17/2017,-0.352,,Fr,11/17/2017,0.359
We,11/15/2017,-0.718,,Th,11/16/2017,-0.344,,Th,11/16/2017,0.375
Tu,11/14/2017,-0.747,,We,11/15/2017,-0.348,,We,11/15/2017,0.375
Mo,11/13/2017,-0.747,,Tu,11/14/2017,-0.333,,Tu,11/14/2017,0.396
,,,,Mo,11/13/2017,-0.327,,Mo,11/13/2017,0.415
Fr,11/10/2017,-0.751,,,,,,,,
Th,11/9/2017,-0.756,,Fr,11/10/2017,-0.329,,Fr,11/10/2017,0.409
We,11/8/2017,-0.765,,Th,11/9/2017,-0.354,,Th,11/9/2017,0.374
Tu,11/7/2017,-0.766,,We,11/8/2017,-0.382,,We,11/8/2017,0.325
Mo,11/6/2017,-0.769,,Tu,11/7/2017,-0.382,,Tu,11/7/2017,0.326
,,,,Mo,11/6/2017,-0.374,,Mo,11/6/2017,0.334
Fr,11/3/2017,-0.759,,,,,,,,
Th,11/2/2017,-0.754,,Fr,11/3/2017,-0.352,,Fr,11/3/2017,0.362
We,11/1/2017,-0.754,,Th,11/2/2017,-0.348,,Th,11/2/2017,0.371
Tu,10/31/2017,-0.754,,We,11/1/2017,-0.347,,We,11/1/2017,0.371
Mo,10/30/2017,-0.759,,Tu,10/31/2017,-0.351,,Tu,10/31/2017,0.362
,,,,Mo,10/30/2017,-0.356,,Mo,10/30/2017,0.365
Fr,10/27/2017,-0.773,,,,,,,,
Th,10/26/2017,-0.749,,Fr,10/27/2017,-0.358,,Fr,10/27/2017,0.382
We,10/25/2017,-0.709,,Th,10/26/2017,-0.32,,Th,10/26/2017,0.414
Tu,10/24/2017,-0.71,,We,10/25/2017,-0.252,,We,10/25/2017,0.48
Mo,10/23/2017,-0.732,,Tu,10/24/2017,-0.26,,Tu,10/24/2017,0.474
,,,,Mo,10/23/2017,-0.297,,Mo,10/23/2017,0.43
Fr,10/20/2017,-0.721,,,,,,,,
Th,10/19/2017,-0.736,,Fr,10/20/2017,-0.275,,Fr,10/20/2017,0.451
We,10/18/2017,-0.729,,Th,10/19/2017,-0.314,,Th,10/19/2017,0.394
Tu,10/17/2017,-0.737,,We,10/18/2017,-0.311,,We,10/18/2017,0.395
Mo,10/16/2017,-0.744,,Tu,10/17/2017,-0.334,,Tu,10/17/2017,0.363
,,,,Mo,10/16/2017,-0.343,,Mo,10/16/2017,0.37
Fr,10/13/2017,-0.731,,,,,,,,
Th,10/12/2017,-0.711,,Fr,10/13/2017,-0.316,,Fr,10/13/2017,0.402
We,10/11/2017,-0.7,,Th,10/12/2017,-0.283,,Th,10/12/2017,0.443
Tu,10/10/2017,-0.705,,We,10/11/2017,-0.258,,We,10/11/2017,0.461
Mo,10/9/2017,-0.707,,Tu,10/10/2017,-0.274,,Tu,10/10/2017,0.44
,,,,Mo,10/9/2017,-0.271,,Mo,10/9/2017,0.442
Fr,10/6/2017,-0.704,,,,,,,,
Th,10/5/2017,-0.698,,Fr,10/6/2017,-0.266,,Fr,10/6/2017,0.458
We,10/4/2017,-0.709,,Th,10/5/2017,-0.268,,Th,10/5/2017,0.454
Tu,10/3/2017,-0.71,,We,10/4/2017,-0.282,,We,10/4/2017,0.452
Mo,10/2/2017,-0.71,,Tu,10/3/2017,-0.28,,Tu,10/3/2017,0.46
,,,,Mo,10/2/2017,-0.285,,Mo,10/2/2017,0.449
Fr,9/29/2017,-0.697,,,,,,,,
Th,9/28/2017,-0.704,,Fr,9/29/2017,-0.269,,Fr,9/29/2017,0.462
We,9/27/2017,-0.705,,Th,9/28/2017,-0.263,,Th,9/28/2017,0.477
Tu,9/26/2017,-0.722,,We,9/27/2017,-0.268,,We,9/27/2017,0.466
Mo,9/25/2017,-0.715,,Tu,9/26/2017,-0.309,,Tu,9/26/2017,0.406
,,,,Mo,9/25/2017,-0.309,,Mo,9/25/2017,0.399
Fr,9/22/2017,-0.688,,,,,,,,
Th,9/21/2017,-0.685,,Fr,9/22/2017,-0.26,,Fr,9/22/2017,0.445
We,9/20/2017,-0.694,,Th,9/21/2017,-0.26,,Th,9/21/2017,0.453
Tu,9/19/2017,-0.691,,We,9/20/2017,-0.278,,We,9/20/2017,0.441
Mo,9/18/2017,-0.695,,Tu,9/19/2017,-0.273,,Tu,9/19/2017,0.45
,,,,Mo,9/18/2017,-0.267,,Mo,9/18/2017,0.453
Fr,9/15/2017,-0.703,,,,,,,,
Th,9/14/2017,-0.721,,Fr,9/15/2017,-0.279,,Fr,9/15/2017,0.43
We,9/13/2017,-0.723,,Th,9/14/2017,-0.31,,Th,9/14/2017,0.411
Tu,9/12/2017,-0.732,,We,9/13/2017,-0.322,,We,9/13/2017,0.399
Mo,9/11/2017,-0.757,,Tu,9/12/2017,-0.324,,Tu,9/12/2017,0.399
,,,,Mo,9/11/2017,-0.371,,Mo,9/11/2017,0.334
Fr,9/8/2017,-0.765,,,,,,,,
Th,9/7/2017,-0.764,,Fr,9/8/2017,-0.386,,Fr,9/8/2017,0.31
We,9/6/2017,-0.737,,Th,9/7/2017,-0.391,,Th,9/7/2017,0.304
Tu,9/5/2017,-0.755,,We,9/6/2017,-0.358,,We,9/6/2017,0.345
Mo,9/4/2017,-0.74,,Tu,9/5/2017,-0.369,,Tu,9/5/2017,0.336
,,,,Mo,9/4/2017,-0.35,,Mo,9/4/2017,0.364
Fr,9/1/2017,-0.731,,,,,,,,
Th,8/31/2017,-0.733,,Fr,9/1/2017,-0.335,,Fr,9/1/2017,0.376
We,8/30/2017,-0.731,,Th,8/31/2017,-0.345,,Th,8/31/2017,0.36
Tu,8/29/2017,-0.726,,We,8/30/2017,-0.345,,We,8/30/2017,0.357
Mo,8/28/2017,-0.751,,Tu,8/29/2017,-0.36,,Tu,8/29/2017,0.34
,,,,Mo,8/28/2017,-0.333,,Mo,8/28/2017,0.374
Fr,8/25/2017,-0.736,,,,,,,,
Th,8/24/2017,-0.743,,Fr,8/25/2017,-0.316,,Fr,8/25/2017,0.378
We,8/23/2017,-0.736,,Th,8/24/2017,-0.322,,Th,8/24/2017,0.374
Tu,8/22/2017,-0.725,,We,8/23/2017,-0.315,,We,8/23/2017,0.376
Mo,8/21/2017,-0.721,,Tu,8/22/2017,-0.295,,Tu,8/22/2017,0.398
,,,,Mo,8/21/2017,-0.286,,Mo,8/21/2017,0.398
Fr,8/18/2017,-0.709,,,,,,,,
Th,8/17/2017,-0.71,,Fr,8/18/2017,-0.267,,Fr,8/18/2017,0.413
We,8/16/2017,-0.715,,Th,8/17/2017,-0.262,,Th,8/17/2017,0.422
Tu,8/15/2017,-0.714,,We,8/16/2017,-0.251,,We,8/16/2017,0.442
Mo,8/14/2017,-0.725,,Tu,8/15/2017,-0.259,,Tu,8/15/2017,0.43
,,,,Mo,8/14/2017,-0.287,,Mo,8/14/2017,0.404
Fr,8/11/2017,-0.723,,,,,,,,
Th,8/10/2017,-0.701,,Fr,8/11/2017,-0.301,,Fr,8/11/2017,0.38
We,8/9/2017,-0.695,,Th,8/10/2017,-0.271,,Th,8/10/2017,0.412
Tu,8/8/2017,-0.669,,We,8/9/2017,-0.265,,We,8/9/2017,0.424
Mo,8/7/2017,-0.686,,Tu,8/8/2017,-0.224,,Tu,8/8/2017,0.472
,,,,Mo,8/7/2017,-0.24,,Mo,8/7/2017,0.456
Fr,8/4/2017,-0.692,,,,,,,,
Th,8/3/2017,-0.689,,Fr,8/4/2017,-0.233,,Fr,8/4/2017,0.466
We,8/2/2017,-0.698,,Th,8/3/2017,-0.237,,Th,8/3/2017,0.45
Tu,8/1/2017,-0.706,,We,8/2/2017,-0.227,,We,8/2/2017,0.483
Mo,7/31/2017,-0.688,,Tu,8/1/2017,-0.225,,Tu,8/1/2017,0.488
,,,,Mo,7/31/2017,-0.182,,Mo,7/31/2017,0.541
Fr,7/28/2017,-0.685,,,,,,,,
Th,7/27/2017,-0.678,,Fr,7/28/2017,-0.186,,Fr,7/28/2017,0.54
We,7/26/2017,-0.668,,Th,7/27/2017,-0.182,,Th,7/27/2017,0.534
Tu,7/25/2017,-0.656,,We,7/26/2017,-0.158,,We,7/26/2017,0.558
Mo,7/24/2017,-0.66,,Tu,7/25/2017,-0.147,,Tu,7/25/2017,0.564
,,,,Mo,7/24/2017,-0.184,,Mo,7/24/2017,0.506
Fr,7/21/2017,-0.645,,,,,,,,
Th,7/20/2017,-0.647,,Fr,7/21/2017,-0.18,,Fr,7/21/2017,0.505
We,7/19/2017,-0.645,,Th,7/20/2017,-0.159,,Th,7/20/2017,0.528
Tu,7/18/2017,-0.645,,We,7/19/2017,-0.14,,We,7/19/2017,0.54
Mo,7/17/2017,-0.629,,Tu,7/18/2017,-0.135,,Tu,7/18/2017,0.551
,,,,Mo,7/17/2017,-0.116,,Mo,7/17/2017,0.578
Fr,7/14/2017,-0.617,,,,,,,,
Th,7/13/2017,-0.619,,Fr,7/14/2017,-0.102,,Fr,7/14/2017,0.592
We,7/12/2017,-0.626,,Th,7/13/2017,-0.108,,Th,7/13/2017,0.6
Tu,7/11/2017,-0.608,,We,7/12/2017,-0.125,,We,7/12/2017,0.576
Mo,7/10/2017,-0.616,,Tu,7/11/2017,-0.096,,Tu,7/11/2017,0.548
,,,,Mo,7/10/2017,-0.112,,Mo,7/10/2017,0.539
Fr,7/7/2017,-0.605,,,,,,,,
Th,7/6/2017,-0.586,,Fr,7/7/2017,-0.092,,Fr,7/7/2017,0.571
We,7/5/2017,-0.608,,Th,7/6/2017,-0.077,,Th,7/6/2017,0.56
Tu,7/4/2017,-0.617,,We,7/5/2017,-0.151,,We,7/5/2017,0.468
Mo,7/3/2017,-0.595,,Tu,7/4/2017,-0.24,,Tu,7/4/2017,0.474
,,,,Mo,7/3/2017,-0.234,,Mo,7/3/2017,0.475
Fr,6/30/2017,-0.581,,,,,,,,
Th,6/29/2017,-0.572,,Fr,6/30/2017,-0.229,,Fr,6/30/2017,0.465
We,6/28/2017,-0.587,,Th,6/29/2017,-0.233,,Th,6/29/2017,0.45
Tu,6/27/2017,-0.568,,We,6/28/2017,-0.292,,We,6/28/2017,0.367
Mo,6/26/2017,-0.627,,Tu,6/27/2017,-0.266,,Tu,6/27/2017,0.368
,,,,Mo,6/26/2017,-0.385,,Mo,6/26/2017,0.243
Fr,6/23/2017,-0.63,,,,,,,,
Th,6/22/2017,-0.636,,Fr,6/23/2017,-0.386,,Fr,6/23/2017,0.253
We,6/21/2017,-0.64,,Th,6/22/2017,-0.385,,Th,6/22/2017,0.25
Tu,6/20/2017,-0.657,,We,6/21/2017,-0.38,,We,6/21/2017,0.264
Mo,6/19/2017,-0.661,,Tu,6/20/2017,-0.404,,Tu,6/20/2017,0.26
,,,,Mo,6/19/2017,-0.396,,Mo,6/19/2017,0.279
Fr,6/16/2017,-0.666,,,,,,,,
Th,6/15/2017,-0.66,,Fr,6/16/2017,-0.406,,Fr,6/16/2017,0.275
We,6/14/2017,-0.697,,Th,6/15/2017,-0.39,,Th,6/15/2017,0.281
Tu,6/13/2017,-0.708,,We,6/14/2017,-0.457,,We,6/14/2017,0.225
Mo,6/12/2017,-0.731,,Tu,6/13/2017,-0.439,,Tu,6/13/2017,0.265
,,,,Mo,6/12/2017,-0.457,,Mo,6/12/2017,0.247
Fr,6/9/2017,-0.74,,,,,,,,
Th,6/8/2017,-0.741,,Fr,6/9/2017,-0.455,,Fr,6/9/2017,0.261
We,6/7/2017,-0.731,,Th,6/8/2017,-0.455,,Th,6/8/2017,0.254
Tu,6/6/2017,-0.74,,We,6/7/2017,-0.449,,We,6/7/2017,0.267
Mo,6/5/2017,-0.714,,Tu,6/6/2017,-0.466,,Tu,6/6/2017,0.25
,,,,Mo,6/5/2017,-0.435,,Mo,6/5/2017,0.285
Fr,6/2/2017,-0.73,,,,,,,,
Th,6/1/2017,-0.716,,Fr,6/2/2017,-0.451,,Fr,6/2/2017,0.272
We,5/31/2017,-0.723,,Th,6/1/2017,-0.43,,Th,6/1/2017,0.303
Tu,5/30/2017,-0.717,,We,5/31/2017,-0.435,,We,5/31/2017,0.302
Mo,5/29/2017,-0.723,,Tu,5/30/2017,-0.435,,Tu,5/30/2017,0.29
,,,,Mo,5/29/2017,-0.44,,Mo,5/29/2017,0.294
Fr,5/26/2017,-0.692,,,,,,,,
Th,5/25/2017,-0.679,,Fr,5/26/2017,-0.4,,Fr,5/26/2017,0.328
We,5/24/2017,-0.659,,Th,5/25/2017,-0.378,,Th,5/25/2017,0.36
Tu,5/23/2017,-0.652,,We,5/24/2017,-0.342,,We,5/24/2017,0.401
Mo,5/22/2017,-0.681,,Tu,5/23/2017,-0.328,,Tu,5/23/2017,0.408
,,,,Mo,5/22/2017,-0.337,,Mo,5/22/2017,0.395
Fr,5/19/2017,-0.688,,,,,,,,
Th,5/18/2017,-0.702,,Fr,5/19/2017,-0.353,,Fr,5/19/2017,0.366
We,5/17/2017,-0.691,,Th,5/18/2017,-0.375,,Th,5/18/2017,0.342
Tu,5/16/2017,-0.665,,We,5/17/2017,-0.354,,We,5/17/2017,0.376
Mo,5/15/2017,-0.683,,Tu,5/16/2017,-0.299,,Tu,5/16/2017,0.433
,,,,Mo,5/15/2017,-0.315,,Mo,5/15/2017,0.418
Fr,5/12/2017,-0.684,,,,,,,,
Th,5/11/2017,-0.674,,Fr,5/12/2017,-0.327,,Fr,5/12/2017,0.389
We,5/10/2017,-0.67,,Th,5/11/2017,-0.303,,Th,5/11/2017,0.43
Tu,5/9/2017,-0.676,,We,5/10/2017,-0.302,,We,5/10/2017,0.419
Mo,5/8/2017,-0.672,,Tu,5/9/2017,-0.304,,Tu,5/9/2017,0.428
,,,,Mo,5/8/2017,-0.308,,Mo,5/8/2017,0.416
Fr,5/5/2017,-0.686,,,,,,,,
Th,5/4/2017,-0.705,,Fr,5/5/2017,-0.304,,Fr,5/5/2017,0.416
We,5/3/2017,-0.726,,Th,5/4/2017,-0.327,,Th,5/4/2017,0.392
Tu,5/2/2017,-0.727,,We,5/3/2017,-0.377,,We,5/3/2017,0.324
,,,,Tu,5/2/2017,-0.375,,Tu,5/2/2017,0.326
Fr,4/28/2017,-0.74,,,,,,,,
Th,4/27/2017,-0.747,,Fr,4/28/2017,-0.39,,Fr,4/28/2017,0.315
We,4/26/2017,-0.7,,Th,4/27/2017,-0.405,,Th,4/27/2017,0.294
Tu,4/25/2017,-0.686,,We,4/26/2017,-0.347,,We,4/26/2017,0.35
Mo,4/24/2017,-0.701,,Tu,4/25/2017,-0.324,,Tu,4/25/2017,0.376
,,,,Mo,4/24/2017,-0.357,,Mo,4/24/2017,0.327
Fr,4/21/2017,-0.799,,,,,,,,
Th,4/20/2017,-0.798,,Fr,4/21/2017,-0.444,,Fr,4/21/2017,0.251
We,4/19/2017,-0.81,,Th,4/20/2017,-0.448,,Th,4/20/2017,0.242
Tu,4/18/2017,-0.869,,We,4/19/2017,-0.477,,We,4/19/2017,0.201
,,,,Tu,4/18/2017,-0.537,,Tu,4/18/2017,0.155
Th,4/13/2017,-0.869,,,,,,,,
We,4/12/2017,-0.849,,Th,4/13/2017,-0.524,,Th,4/13/2017,0.186
Tu,4/11/2017,-0.859,,We,4/12/2017,-0.513,,We,4/12/2017,0.196
Mo,4/10/2017,-0.85,,Tu,4/11/2017,-0.517,,Tu,4/11/2017,0.203
,,,,Mo,4/10/2017,-0.517,,Mo,4/10/2017,0.204
Fr,4/7/2017,-0.816,,,,,,,,
Th,4/6/2017,-0.788,,Fr,4/7/2017,-0.487,,Fr,4/7/2017,0.226
We,4/5/2017,-0.804,,Th,4/6/2017,-0.453,,Th,4/6/2017,0.261
Tu,4/4/2017,-0.797,,We,4/5/2017,-0.466,,We,4/5/2017,0.256
Mo,4/3/2017,-0.813,,Tu,4/4/2017,-0.456,,Tu,4/4/2017,0.256
,,,,Mo,4/3/2017,-0.45,,Mo,4/3/2017,0.275
Fr,3/31/2017,-0.75,,,,,,,,
Th,3/30/2017,-0.743,,Fr,3/31/2017,-0.386,,Fr,3/31/2017,0.325
We,3/29/2017,-0.757,,Th,3/30/2017,-0.371,,Th,3/30/2017,0.33
Tu,3/28/2017,-0.709,,We,3/29/2017,-0.374,,We,3/29/2017,0.342
Mo,3/27/2017,-0.715,,Tu,3/28/2017,-0.314,,Tu,3/28/2017,0.386
,,,,Mo,3/27/2017,-0.306,,Mo,3/27/2017,0.399
Fr,3/24/2017,-0.75,,,,,,,,
Th,3/23/2017,-0.744,,Fr,3/24/2017,-0.32,,Fr,3/24/2017,0.401
We,3/22/2017,-0.776,,Th,3/23/2017,-0.306,,Th,3/23/2017,0.429
Tu,3/21/2017,-0.752,,We,3/22/2017,-0.332,,We,3/22/2017,0.406
Mo,3/20/2017,-0.788,,Tu,3/21/2017,-0.298,,Tu,3/21/2017,0.457
,,,,Mo,3/20/2017,-0.335,,Mo,3/20/2017,0.438
Fr,3/17/2017,-0.783,,,,,,,,
Th,3/16/2017,-0.8,,Fr,3/17/2017,-0.332,,Fr,3/17/2017,0.432
We,3/15/2017,-0.83,,Th,3/16/2017,-0.328,,Th,3/16/2017,0.445
Tu,3/14/2017,-0.819,,We,3/15/2017,-0.362,,We,3/15/2017,0.412
Mo,3/13/2017,-0.816,,Tu,3/14/2017,-0.341,,Tu,3/14/2017,0.443
,,,,Mo,3/13/2017,-0.313,,Mo,3/13/2017,0.469
Fr,3/10/2017,-0.842,,,,,,,,
Th,3/9/2017,-0.868,,Fr,3/10/2017,-0.311,,Fr,3/10/2017,0.481
We,3/8/2017,-0.856,,Th,3/9/2017,-0.387,,Th,3/9/2017,0.423
Tu,3/7/2017,-0.88,,We,3/8/2017,-0.425,,We,3/8/2017,0.367
Mo,3/6/2017,-0.833,,Tu,3/7/2017,-0.476,,Tu,3/7/2017,0.317
,,,,Mo,3/6/2017,-0.436,,Mo,3/6/2017,0.338
Fr,3/3/2017,-0.814,,,,,,,,
Th,3/2/2017,-0.84,,Fr,3/3/2017,-0.421,,Fr,3/3/2017,0.353
We,3/1/2017,-0.837,,Th,3/2/2017,-0.474,,Th,3/2/2017,0.315
Tu,2/28/2017,-0.909,,We,3/1/2017,-0.502,,We,3/1/2017,0.28
Mo,2/27/2017,-0.936,,Tu,2/28/2017,-0.575,,Tu,2/28/2017,0.206
,,,,Mo,2/27/2017,-0.587,,Mo,2/27/2017,0.197
Fr,2/24/2017,-0.956,,,,,,,,
Th,2/23/2017,-0.919,,Fr,2/24/2017,-0.6,,Fr,2/24/2017,0.184
We,2/22/2017,-0.892,,Th,2/23/2017,-0.566,,Th,2/23/2017,0.23
Tu,2/21/2017,-0.872,,We,2/22/2017,-0.529,,We,2/22/2017,0.277
Mo,2/20/2017,-0.857,,Tu,2/21/2017,-0.495,,Tu,2/21/2017,0.298
,,,,Mo,2/20/2017,-0.49,,Mo,2/20/2017,0.295
Fr,2/17/2017,-0.822,,,,,,,,
Th,2/16/2017,-0.783,,Fr,2/17/2017,-0.465,,Fr,2/17/2017,0.3
We,2/15/2017,-0.801,,Th,2/16/2017,-0.425,,Th,2/16/2017,0.347
Tu,2/14/2017,-0.805,,We,2/15/2017,-0.422,,We,2/15/2017,0.372
Mo,2/13/2017,-0.801,,Tu,2/14/2017,-0.423,,Tu,2/14/2017,0.364
,,,,Mo,2/13/2017,-0.435,,Mo,2/13/2017,0.33
Fr,2/10/2017,-0.8,,,,,,,,
Th,2/9/2017,-0.784,,Fr,2/10/2017,-0.444,,Fr,2/10/2017,0.318
We,2/8/2017,-0.799,,Th,2/9/2017,-0.439,,Th,2/9/2017,0.31
Tu,2/7/2017,-0.788,,We,2/8/2017,-0.455,,We,2/8/2017,0.294
Mo,2/6/2017,-0.78,,Tu,2/7/2017,-0.415,,Tu,2/7/2017,0.348
,,,,Mo,2/6/2017,-0.403,,Mo,2/6/2017,0.368
Fr,2/3/2017,-0.749,,,,,,,,
Th,2/2/2017,-0.746,,Fr,2/3/2017,-0.356,,Fr,2/3/2017,0.41
We,2/1/2017,-0.723,,Th,2/2/2017,-0.34,,Th,2/2/2017,0.424
Tu,1/31/2017,-0.71,,We,2/1/2017,-0.297,,We,2/1/2017,0.466
Mo,1/30/2017,-0.686,,Tu,1/31/2017,-0.406,,Tu,1/31/2017,0.434
,,,,Mo,1/30/2017,-0.385,,Mo,1/30/2017,0.447
Fr,1/27/2017,-0.674,,,,,,,,
Th,1/26/2017,-0.658,,Fr,1/27/2017,-0.369,,Fr,1/27/2017,0.46
We,1/25/2017,-0.663,,Th,1/26/2017,-0.363,,Th,1/26/2017,0.482
Tu,1/24/2017,-0.68,,We,1/25/2017,-0.379,,We,1/25/2017,0.463
Mo,1/23/2017,-0.694,,Tu,1/24/2017,-0.424,,Tu,1/24/2017,0.406
,,,,Mo,1/23/2017,-0.455,,Mo,1/23/2017,0.361
Fr,1/20/2017,-0.68,,,,,,,,
Th,1/19/2017,-0.71,,Fr,1/20/2017,-0.417,,Fr,1/20/2017,0.42
We,1/18/2017,-0.725,,Th,1/19/2017,-0.451,,Th,1/19/2017,0.378
Tu,1/17/2017,-0.742,,We,1/18/2017,-0.471,,We,1/18/2017,0.353
Mo,1/16/2017,-0.747,,Tu,1/17/2017,-0.497,,Tu,1/17/2017,0.32
,,,,Mo,1/16/2017,-0.505,,Mo,1/16/2017,0.321
Fr,1/13/2017,-0.724,,,,,,,,
Th,1/12/2017,-0.725,,Fr,1/13/2017,-0.478,,Fr,1/13/2017,0.336
We,1/11/2017,-0.724,,Th,1/12/2017,-0.487,,Th,1/12/2017,0.312
Tu,1/10/2017,-0.734,,We,1/11/2017,-0.483,,We,1/11/2017,0.324
Mo,1/9/2017,-0.744,,Tu,1/10/2017,-0.473,,Tu,1/10/2017,0.283
,,,,Mo,1/9/2017,-0.489,,Mo,1/9/2017,0.275
Fr,1/6/2017,-0.735,,,,,,,,
Th,1/5/2017,-0.741,,Fr,1/6/2017,-0.472,,Fr,1/6/2017,0.296
We,1/4/2017,-0.788,,Th,1/5/2017,-0.504,,Th,1/5/2017,0.24
Tu,1/3/2017,-0.786,,We,1/4/2017,-0.52,,We,1/4/2017,0.273
Mo,1/2/2017,-0.794,,Tu,1/3/2017,-0.518,,Tu,1/3/2017,0.261
,,,,Mo,1/2/2017,-0.554,,Mo,1/2/2017,0.185
Fr,12/30/2016,-0.8,,,,,,,,
Th,12/29/2016,-0.802,,Fr,12/30/2016,-0.543,,Fr,12/30/2016,0.204
We,12/28/2016,-0.829,,Th,12/29/2016,-0.555,,Th,12/29/2016,0.171
Tu,12/27/2016,-0.837,,We,12/28/2016,-0.559,,We,12/28/2016,0.191
,,,,Tu,12/27/2016,-0.56,,Tu,12/27/2016,0.203
Fr,12/23/2016,-0.808,,,,,,,,
Th,12/22/2016,-0.805,,Fr,12/23/2016,-0.529,,Fr,12/23/2016,0.218
We,12/21/2016,-0.801,,Th,12/22/2016,-0.503,,Th,12/22/2016,0.257
Tu,12/20/2016,-0.795,,We,12/21/2016,-0.507,,We,12/21/2016,0.243
Mo,12/19/2016,-0.812,,Tu,12/20/2016,-0.497,,Tu,12/20/2016,0.265
,,,,Mo,12/19/2016,-0.523,,Mo,12/19/2016,0.244
Fr,12/16/2016,-0.805,,,,,,,,
Th,12/15/2016,-0.789,,Fr,12/16/2016,-0.475,,Fr,12/16/2016,0.312
We,12/14/2016,-0.781,,Th,12/15/2016,-0.446,,Th,12/15/2016,0.362
Tu,12/13/2016,-0.757,,We,12/14/2016,-0.473,,We,12/14/2016,0.298
Mo,12/12/2016,-0.754,,Tu,12/13/2016,-0.441,,Tu,12/13/2016,0.356
,,,,Mo,12/12/2016,-0.417,,Mo,12/12/2016,0.396
Fr,12/9/2016,-0.771,,,,,,,,
Th,12/8/2016,-0.749,,Fr,12/9/2016,-0.444,,Fr,12/9/2016,0.362
We,12/7/2016,-0.685,,Th,12/8/2016,-0.402,,Th,12/8/2016,0.38
Tu,12/6/2016,-0.702,,We,12/7/2016,-0.366,,We,12/7/2016,0.343
Mo,12/5/2016,-0.718,,Tu,12/6/2016,-0.348,,Tu,12/6/2016,0.37
,,,,Mo,12/5/2016,-0.385,,Mo,12/5/2016,0.33
Fr,12/2/2016,-0.746,,,,,,,,
Th,12/1/2016,-0.741,,Fr,12/2/2016,-0.426,,Fr,12/2/2016,0.279
We,11/30/2016,-0.735,,Th,12/1/2016,-0.385,,Th,12/1/2016,0.366
Tu,11/29/2016,-0.758,,We,11/30/2016,-0.432,,We,11/30/2016,0.273
Mo,11/28/2016,-0.765,,Tu,11/29/2016,-0.46,,Tu,11/29/2016,0.219
,,,,Mo,11/28/2016,-0.466,,Mo,11/28/2016,0.203
Fr,11/25/2016,-0.757,,,,,,,,
Th,11/24/2016,-0.742,,Fr,11/25/2016,-0.437,,Fr,11/25/2016,0.238
We,11/23/2016,-0.713,,Th,11/24/2016,-0.431,,Th,11/24/2016,0.257
Tu,11/22/2016,-0.744,,We,11/23/2016,-0.398,,We,11/23/2016,0.261
Mo,11/21/2016,-0.688,,Tu,11/22/2016,-0.435,,Tu,11/22/2016,0.218
,,,,Mo,11/21/2016,-0.372,,Mo,11/21/2016,0.272
Fr,11/18/2016,-0.674,,,,,,,,
Th,11/17/2016,-0.643,,Fr,11/18/2016,-0.367,,Fr,11/18/2016,0.27
We,11/16/2016,-0.64,,Th,11/17/2016,-0.344,,Th,11/17/2016,0.277
Tu,11/15/2016,-0.632,,We,11/16/2016,-0.333,,We,11/16/2016,0.296
Mo,11/14/2016,-0.62,,Tu,11/15/2016,-0.335,,Tu,11/15/2016,0.306
,,,,Mo,11/14/2016,-0.329,,Mo,11/14/2016,0.317
Fr,11/11/2016,-0.61,,,,,,,,
Th,11/10/2016,-0.625,,Fr,11/11/2016,-0.333,,Fr,11/11/2016,0.307
We,11/9/2016,-0.634,,Th,11/10/2016,-0.367,,Th,11/10/2016,0.272
Tu,11/8/2016,-0.638,,We,11/9/2016,-0.407,,We,11/9/2016,0.202
Mo,11/7/2016,-0.639,,Tu,11/8/2016,-0.403,,Tu,11/8/2016,0.186
,,,,Mo,11/7/2016,-0.419,,Mo,11/7/2016,0.152
Fr,11/4/2016,-0.645,,,,,,,,
Th,11/3/2016,-0.639,,Fr,11/4/2016,-0.429,,Fr,11/4/2016,0.133
We,11/2/2016,-0.64,,Th,11/3/2016,-0.411,,Th,11/3/2016,0.157
Tu,11/1/2016,-0.627,,We,11/2/2016,-0.428,,We,11/2/2016,0.129
Mo,10/31/2016,-0.626,,Tu,11/1/2016,-0.395,,Tu,11/1/2016,0.177
,,,,Mo,10/31/2016,-0.402,,Mo,10/31/2016,0.161
Fr,10/28/2016,-0.624,,,,,,,,
Th,10/27/2016,-0.629,,Fr,10/28/2016,-0.393,,Fr,10/28/2016,0.166
We,10/26/2016,-0.644,,Th,10/27/2016,-0.397,,Th,10/27/2016,0.169
Tu,10/25/2016,-0.654,,We,10/26/2016,-0.437,,We,10/26/2016,0.084
Mo,10/24/2016,-0.659,,Tu,10/25/2016,-0.475,,Tu,10/25/2016,0.029
,,,,Mo,10/24/2016,-0.488,,Mo,10/24/2016,0.022
Fr,10/21/2016,-0.667,,,,,,,,
Th,10/20/2016,-0.672,,Fr,10/21/2016,-0.499,,Fr,10/21/2016,0.005
We,10/19/2016,-0.671,,Th,10/20/2016,-0.507,,Th,10/20/2016,0.002
Tu,10/18/2016,-0.674,,We,10/19/2016,-0.501,,We,10/19/2016,0.028
Mo,10/17/2016,-0.663,,Tu,10/18/2016,-0.501,,Tu,10/18/2016,0.034
,,,,Mo,10/17/2016,-0.489,,Mo,10/17/2016,0.053
Fr,10/14/2016,-0.666,,,,,,,,
Th,10/13/2016,-0.665,,Fr,10/14/2016,-0.485,,Fr,10/14/2016,0.056
We,10/12/2016,-0.66,,Th,10/13/2016,-0.487,,Th,10/13/2016,0.037
Tu,10/11/2016,-0.674,,We,10/12/2016,-0.467,,We,10/12/2016,0.065
Mo,10/10/2016,-0.669,,Tu,10/11/2016,-0.492,,Tu,10/11/2016,0.024
,,,,Mo,10/10/2016,-0.482,,Mo,10/10/2016,0.054
Fr,10/7/2016,-0.671,,,,,,,,
Th,10/6/2016,-0.677,,Fr,10/7/2016,-0.495,,Fr,10/7/2016,0.018
We,10/5/2016,-0.678,,Th,10/6/2016,-0.518,,Th,10/6/2016,-0.02
Tu,10/4/2016,-0.689,,We,10/5/2016,-0.515,,We,10/5/2016,-0.006
Mo,10/3/2016,-0.694,,Tu,10/4/2016,-0.549,,Tu,10/4/2016,-0.056
,,,,Mo,10/3/2016,-0.566,,Mo,10/3/2016,-0.094
Fr,9/30/2016,-0.693,,,,,,,,
Th,9/29/2016,-0.696,,Fr,9/30/2016,-0.577,,Fr,9/30/2016,-0.122
We,9/28/2016,-0.702,,Th,9/29/2016,-0.579,,Th,9/29/2016,-0.119
Tu,9/27/2016,-0.708,,We,9/28/2016,-0.599,,We,9/28/2016,-0.147
Mo,9/26/2016,-0.688,,Tu,9/27/2016,-0.6,,Tu,9/27/2016,-0.141
,,,,Mo,9/26/2016,-0.576,,Mo,9/26/2016,-0.118
Fr,9/23/2016,-0.677,,,,,,,,
Th,9/22/2016,-0.676,,Fr,9/23/2016,-0.549,,Fr,9/23/2016,-0.083
We,9/21/2016,-0.663,,Th,9/22/2016,-0.554,,Th,9/22/2016,-0.098
Tu,9/20/2016,-0.668,,We,9/21/2016,-0.505,,We,9/21/2016,0.001
Mo,9/19/2016,-0.657,,Tu,9/20/2016,-0.513,,Tu,9/20/2016,-0.019
,,,,Mo,9/19/2016,-0.498,,Mo,9/19/2016,0.015
Fr,9/16/2016,-0.66,,,,,,,,
Th,9/15/2016,-0.652,,Fr,9/16/2016,-0.503,,Fr,9/16/2016,0.006
We,9/14/2016,-0.654,,Th,9/15/2016,-0.486,,Th,9/15/2016,0.03
Tu,9/13/2016,-0.628,,We,9/14/2016,-0.495,,We,9/14/2016,0.02
Mo,9/12/2016,-0.635,,Tu,9/13/2016,-0.461,,Tu,9/13/2016,0.069
,,,,Mo,9/12/2016,-0.475,,Mo,9/12/2016,0.037
Fr,9/9/2016,-0.64,,,,,,,,
Th,9/8/2016,-0.651,,Fr,9/9/2016,-0.488,,Fr,9/9/2016,0.009
We,9/7/2016,-0.676,,Th,9/8/2016,-0.524,,Th,9/8/2016,-0.063
Tu,9/6/2016,-0.679,,We,9/7/2016,-0.568,,We,9/7/2016,-0.118
Mo,9/5/2016,-0.647,,Tu,9/6/2016,-0.559,,Tu,9/6/2016,-0.112
,,,,Mo,9/5/2016,-0.511,,Mo,9/5/2016,-0.049
Fr,9/2/2016,-0.638,,,,,,,,
Th,9/1/2016,-0.63,,Fr,9/2/2016,-0.502,,Fr,9/2/2016,-0.045
We,8/31/2016,-0.625,,Th,9/1/2016,-0.51,,Th,9/1/2016,-0.068
Tu,8/30/2016,-0.624,,We,8/31/2016,-0.504,,We,8/31/2016,-0.066
Mo,8/29/2016,-0.629,,Tu,8/30/2016,-0.518,,Tu,8/30/2016,-0.093
,,,,Mo,8/29/2016,-0.515,,Mo,8/29/2016,-0.085
Fr,8/26/2016,-0.62,,,,,,,,
Th,8/25/2016,-0.619,,Fr,8/26/2016,-0.502,,Fr,8/26/2016,-0.073
We,8/24/2016,-0.63,,Th,8/25/2016,-0.502,,Th,8/25/2016,-0.072
Tu,8/23/2016,-0.635,,We,8/24/2016,-0.515,,We,8/24/2016,-0.091
Mo,8/22/2016,-0.629,,Tu,8/23/2016,-0.523,,Tu,8/23/2016,-0.097
,,,,Mo,8/22/2016,-0.526,,Mo,8/22/2016,-0.091
Fr,8/19/2016,-0.615,,,,,,,,
Th,8/18/2016,-0.624,,Fr,8/19/2016,-0.496,,Fr,8/19/2016,-0.034
We,8/17/2016,-0.619,,Th,8/18/2016,-0.525,,Th,8/18/2016,-0.083
Tu,8/16/2016,-0.614,,We,8/17/2016,-0.505,,We,8/17/2016,-0.051
Mo,8/15/2016,-0.615,,Tu,8/16/2016,-0.501,,Tu,8/16/2016,-0.031
,,,,Mo,8/15/2016,-0.521,,Mo,8/15/2016,-0.076
Fr,8/12/2016,-0.629,,,,,,,,
Th,8/11/2016,-0.631,,Fr,8/12/2016,-0.548,,Fr,8/12/2016,-0.11
We,8/10/2016,-0.64,,Th,8/11/2016,-0.543,,Th,8/11/2016,-0.094
Tu,8/9/2016,-0.627,,We,8/10/2016,-0.556,,We,8/10/2016,-0.11
Mo,8/8/2016,-0.626,,Tu,8/9/2016,-0.53,,Tu,8/9/2016,-0.078
,,,,Mo,8/8/2016,-0.527,,Mo,8/8/2016,-0.067
Fr,8/5/2016,-0.619,,,,,,,,
Th,8/4/2016,-0.615,,Fr,8/5/2016,-0.519,,Fr,8/5/2016,-0.068
We,8/3/2016,-0.598,,Th,8/4/2016,-0.527,,Th,8/4/2016,-0.097
Tu,8/2/2016,-0.606,,We,8/3/2016,-0.485,,We,8/3/2016,-0.039
Mo,8/1/2016,-0.623,,Tu,8/2/2016,-0.481,,Tu,8/2/2016,-0.038
,,,,Mo,8/1/2016,-0.514,,Mo,8/1/2016,-0.1
Fr,7/29/2016,-0.632,,,,,,,,
Th,7/28/2016,-0.621,,Fr,7/29/2016,-0.529,,Fr,7/29/2016,-0.121
We,7/27/2016,-0.625,,Th,7/28/2016,-0.51,,Th,7/28/2016,-0.091
Tu,7/26/2016,-0.613,,We,7/27/2016,-0.515,,We,7/27/2016,-0.081
Mo,7/25/2016,-0.616,,Tu,7/26/2016,-0.489,,Tu,7/26/2016,-0.029
,,,,Mo,7/25/2016,-0.497,,Mo,7/25/2016,-0.043
Fr,7/22/2016,-0.618,,,,,,,,
Th,7/21/2016,-0.624,,Fr,7/22/2016,-0.489,,Fr,7/22/2016,-0.031
We,7/20/2016,-0.631,,Th,7/21/2016,-0.499,,Th,7/21/2016,-0.018
Tu,7/19/2016,-0.646,,We,7/20/2016,-0.5,,We,7/20/2016,-0.012
Mo,7/18/2016,-0.652,,Tu,7/19/2016,-0.566,,Tu,7/19/2016,-0.031
,,,,Mo,7/18/2016,-0.564,,Mo,7/18/2016,-0.017
Fr,7/15/2016,-0.653,,,,,,,,
Th,7/14/2016,-0.664,,Fr,7/15/2016,-0.552,,Fr,7/15/2016,0.005
We,7/13/2016,-0.676,,Th,7/14/2016,-0.576,,Th,7/14/2016,-0.041
Tu,7/12/2016,-0.67,,We,7/13/2016,-0.596,,We,7/13/2016,-0.075
Mo,7/11/2016,-0.7,,Tu,7/12/2016,-0.578,,Tu,7/12/2016,-0.091
,,,,Mo,7/11/2016,-0.616,,Mo,7/11/2016,-0.168
Fr,7/8/2016,-0.696,,,,,,,,
Th,7/7/2016,-0.685,,Fr,7/8/2016,-0.625,,Fr,7/8/2016,-0.189
We,7/6/2016,-0.681,,Th,7/7/2016,-0.608,,Th,7/7/2016,-0.171
Tu,7/5/2016,-0.684,,We,7/6/2016,-0.605,,We,7/6/2016,-0.177
Mo,7/4/2016,-0.673,,Tu,7/5/2016,-0.61,,Tu,7/5/2016,-0.186
,,,,Mo,7/4/2016,-0.58,,Mo,7/4/2016,-0.142
Fr,7/1/2016,-0.653,,,,,,,,
Th,6/30/2016,-0.663,,Fr,7/1/2016,-0.563,,Fr,7/1/2016,-0.127
We,6/29/2016,-0.654,,Th,6/30/2016,-0.569,,Th,6/30/2016,-0.131
Tu,6/28/2016,-0.661,,We,6/29/2016,-0.558,,We,6/29/2016,-0.127
Mo,6/27/2016,-0.654,,Tu,6/28/2016,-0.561,,Tu,6/28/2016,-0.113
,,,,Mo,6/27/2016,-0.55,,Mo,6/27/2016,-0.117
Fr,6/24/2016,-0.649,,,,,,,,
Th,6/23/2016,-0.568,,Fr,6/24/2016,-0.532,,Fr,6/24/2016,-0.049
We,6/22/2016,-0.585,,Th,6/23/2016,-0.438,,Th,6/23/2016,0.093
Tu,6/21/2016,-0.585,,We,6/22/2016,-0.458,,We,6/22/2016,0.061
Mo,6/20/2016,-0.589,,Tu,6/21/2016,-0.468,,Tu,6/21/2016,0.049
,,,,Mo,6/20/2016,-0.472,,Mo,6/20/2016,0.05
Fr,6/17/2016,-0.609,,,,,,,,
Th,6/16/2016,-0.605,,Fr,6/17/2016,-0.499,,Fr,6/17/2016,0.018
We,6/15/2016,-0.596,,Th,6/16/2016,-0.501,,Th,6/16/2016,-0.025
Tu,6/14/2016,-0.584,,We,6/15/2016,-0.484,,We,6/15/2016,-0.011
Mo,6/13/2016,-0.553,,Tu,6/14/2016,-0.469,,Tu,6/14/2016,-0.004
,,,,Mo,6/13/2016,-0.433,,Mo,6/13/2016,0.023
Fr,6/10/2016,-0.547,,,,,,,,
Th,6/9/2016,-0.549,,Fr,6/10/2016,-0.429,,Fr,6/10/2016,0.02
We,6/8/2016,-0.542,,Th,6/9/2016,-0.426,,Th,6/9/2016,0.032
Tu,6/7/2016,-0.541,,We,6/8/2016,-0.416,,We,6/8/2016,0.054
Mo,6/6/2016,-0.545,,Tu,6/7/2016,-0.42,,Tu,6/7/2016,0.049
,,,,Mo,6/6/2016,-0.409,,Mo,6/6/2016,0.085
Fr,6/3/2016,-0.537,,,,,,,,
Th,6/2/2016,-0.522,,Fr,6/3/2016,-0.413,,Fr,6/3/2016,0.067
We,6/1/2016,-0.517,,Th,6/2/2016,-0.385,,Th,6/2/2016,0.113
Tu,5/31/2016,-0.517,,We,6/1/2016,-0.382,,We,6/1/2016,0.135
Mo,5/30/2016,-0.518,,Tu,5/31/2016,-0.378,,Tu,5/31/2016,0.138
,,,,Mo,5/30/2016,-0.367,,Mo,5/30/2016,0.166
Fr,5/27/2016,-0.525,,,,,,,,
Th,5/26/2016,-0.522,,Fr,5/27/2016,-0.383,,Fr,5/27/2016,0.137
We,5/25/2016,-0.515,,Th,5/26/2016,-0.378,,Th,5/26/2016,0.145
Tu,5/24/2016,-0.509,,We,5/25/2016,-0.366,,We,5/25/2016,0.151
Mo,5/23/2016,-0.51,,Tu,5/24/2016,-0.352,,Tu,5/24/2016,0.176
,,,,Mo,5/23/2016,-0.351,,Mo,5/23/2016,0.176
Fr,5/20/2016,-0.508,,,,,,,,
Th,5/19/2016,-0.507,,Fr,5/20/2016,-0.354,,Fr,5/20/2016,0.164
We,5/18/2016,-0.51,,Th,5/19/2016,-0.354,,Th,5/19/2016,0.169
Tu,5/17/2016,-0.512,,We,5/18/2016,-0.362,,We,5/18/2016,0.167
Mo,5/16/2016,-0.516,,Tu,5/17/2016,-0.379,,Tu,5/17/2016,0.132
,,,,Mo,5/16/2016,-0.374,,Mo,5/16/2016,0.142
Fr,5/13/2016,-0.515,,,,,,,,
Th,5/12/2016,-0.515,,Fr,5/13/2016,-0.382,,Fr,5/13/2016,0.123
We,5/11/2016,-0.516,,Th,5/12/2016,-0.377,,Th,5/12/2016,0.154
Tu,5/10/2016,-0.51,,We,5/11/2016,-0.386,,We,5/11/2016,0.125
Mo,5/9/2016,-0.517,,Tu,5/10/2016,-0.381,,Tu,5/10/2016,0.123
,,,,Mo,5/9/2016,-0.388,,Mo,5/9/2016,0.125
Fr,5/6/2016,-0.517,,,,,,,,
Th,5/5/2016,-0.512,,Fr,5/6/2016,-0.376,,Fr,5/6/2016,0.143
We,5/4/2016,-0.498,,Th,5/5/2016,-0.365,,Th,5/5/2016,0.161
Tu,5/3/2016,-0.498,,We,5/4/2016,-0.332,,We,5/4/2016,0.203
Mo,5/2/2016,-0.478,,Tu,5/3/2016,-0.333,,Tu,5/3/2016,0.2
,,,,Mo,5/2/2016,-0.288,,Mo,5/2/2016,0.266
Fr,4/29/2016,-0.485,,,,,,,,
Th,4/28/2016,-0.499,,Fr,4/29/2016,-0.289,,Fr,4/29/2016,0.271
We,4/27/2016,-0.495,,Th,4/28/2016,-0.311,,Th,4/28/2016,0.256
Tu,4/26/2016,-0.493,,We,4/27/2016,-0.3,,We,4/27/2016,0.286
Mo,4/25/2016,-0.502,,Tu,4/26/2016,-0.288,,Tu,4/26/2016,0.299
,,,,Mo,4/25/2016,-0.311,,Mo,4/25/2016,0.263
Fr,4/22/2016,-0.504,,,,,,,,
Th,4/21/2016,-0.488,,Fr,4/22/2016,-0.333,,Fr,4/22/2016,0.23
We,4/20/2016,-0.507,,Th,4/21/2016,-0.312,,Th,4/21/2016,0.238
Tu,4/19/2016,-0.506,,We,4/20/2016,-0.366,,We,4/20/2016,0.153
Mo,4/18/2016,-0.506,,Tu,4/19/2016,-0.363,,Tu,4/19/2016,0.168
,,,,Mo,4/18/2016,-0.363,,Mo,4/18/2016,0.16
Fr,4/15/2016,-0.513,,,,,,,,
Th,4/14/2016,-0.507,,Fr,4/15/2016,-0.383,,Fr,4/15/2016,0.127
We,4/13/2016,-0.52,,Th,4/14/2016,-0.356,,Th,4/14/2016,0.166
Tu,4/12/2016,-0.517,,We,4/13/2016,-0.382,,We,4/13/2016,0.127
Mo,4/11/2016,-0.524,,Tu,4/12/2016,-0.369,,Tu,4/12/2016,0.164
,,,,Mo,4/11/2016,-0.396,,Mo,4/11/2016,0.11
Fr,4/8/2016,-0.518,,,,,,,,
Th,4/7/2016,-0.511,,Fr,4/8/2016,-0.392,,Fr,4/8/2016,0.095
We,4/6/2016,-0.491,,Th,4/7/2016,-0.387,,Th,4/7/2016,0.089
Tu,4/5/2016,-0.489,,We,4/6/2016,-0.36,,We,4/6/2016,0.118
Mo,4/4/2016,-0.478,,Tu,4/5/2016,-0.358,,Tu,4/5/2016,0.098
,,,,Mo,4/4/2016,-0.336,,Mo,4/4/2016,0.13
Fr,4/1/2016,-0.484,,,,,,,,
Th,3/31/2016,-0.489,,Fr,4/1/2016,-0.334,,Fr,4/1/2016,0.133
We,3/30/2016,-0.492,,Th,3/31/2016,-0.329,,Th,3/31/2016,0.152
Tu,3/29/2016,-0.5,,We,3/30/2016,-0.332,,We,3/30/2016,0.156
,,,,Tu,3/29/2016,-0.348,,Tu,3/29/2016,0.137
Th,3/24/2016,-0.486,,,,,,,,
We,3/23/2016,-0.49,,Th,3/24/2016,-0.308,,Th,3/24/2016,0.179
Tu,3/22/2016,-0.483,,We,3/23/2016,-0.312,,We,3/23/2016,0.193
Mo,3/21/2016,-0.481,,Tu,3/22/2016,-0.302,,Tu,3/22/2016,0.21
,,,,Mo,3/21/2016,-0.296,,Mo,3/21/2016,0.23
Fr,3/18/2016,-0.478,,,,,,,,
Th,3/17/2016,-0.471,,Fr,3/18/2016,-0.296,,Fr,3/18/2016,0.211
We,3/16/2016,-0.456,,Th,3/17/2016,-0.287,,Th,3/17/2016,0.229
Tu,3/15/2016,-0.454,,We,3/16/2016,-0.246,,We,3/16/2016,0.31
Mo,3/14/2016,-0.463,,Tu,3/15/2016,-0.245,,Tu,3/15/2016,0.315
,,,,Mo,3/14/2016,-0.265,,Mo,3/14/2016,0.279
Fr,3/11/2016,-0.467,,,,,,,,
Th,3/10/2016,-0.456,,Fr,3/11/2016,-0.279,,Fr,3/11/2016,0.27
We,3/9/2016,-0.542,,Th,3/10/2016,-0.239,,Th,3/10/2016,0.305
Tu,3/8/2016,-0.568,,We,3/9/2016,-0.34,,We,3/9/2016,0.24
Mo,3/7/2016,-0.553,,Tu,3/8/2016,-0.381,,Tu,3/8/2016,0.181
,,,,Mo,3/7/2016,-0.364,,Mo,3/7/2016,0.224
Fr,3/4/2016,-0.542,,,,,,,,
Th,3/3/2016,-0.585,,Fr,3/4/2016,-0.345,,Fr,3/4/2016,0.237
We,3/2/2016,-0.554,,Th,3/3/2016,-0.398,,Th,3/3/2016,0.169
Tu,3/1/2016,-0.565,,We,3/2/2016,-0.361,,We,3/2/2016,0.206
Mo,2/29/2016,-0.574,,Tu,3/1/2016,-0.39,,Tu,3/1/2016,0.145
,,,,Mo,2/29/2016,-0.408,,Mo,2/29/2016,0.106
Fr,2/26/2016,-0.549,,,,,,,,
Th,2/25/2016,-0.539,,Fr,2/26/2016,-0.369,,Fr,2/26/2016,0.146
We,2/24/2016,-0.523,,Th,2/25/2016,-0.359,,Th,2/25/2016,0.137
Tu,2/23/2016,-0.532,,We,2/24/2016,-0.334,,We,2/24/2016,0.153
Mo,2/22/2016,-0.536,,Tu,2/23/2016,-0.329,,Tu,2/23/2016,0.183
,,,,Mo,2/22/2016,-0.338,,Mo,2/22/2016,0.175
Fr,2/19/2016,-0.534,,,,,,,,
Th,2/18/2016,-0.522,,Fr,2/19/2016,-0.326,,Fr,2/19/2016,0.201
We,2/17/2016,-0.513,,Th,2/18/2016,-0.318,,Th,2/18/2016,0.217
Tu,2/16/2016,-0.519,,We,2/17/2016,-0.296,,We,2/17/2016,0.268
Mo,2/15/2016,-0.523,,Tu,2/16/2016,-0.298,,Tu,2/16/2016,0.265
,,,,Mo,2/15/2016,-0.313,,Mo,2/15/2016,0.237
Fr,2/12/2016,-0.511,,,,,,,,
Th,2/11/2016,-0.545,,Fr,2/12/2016,-0.287,,Fr,2/12/2016,0.26
We,2/10/2016,-0.517,,Th,2/11/2016,-0.327,,Th,2/11/2016,0.186
Tu,2/9/2016,-0.523,,We,2/10/2016,-0.291,,We,2/10/2016,0.241
Mo,2/8/2016,-0.514,,Tu,2/9/2016,-0.294,,Tu,2/9/2016,0.233
,,,,Mo,2/8/2016,-0.288,,Mo,2/8/2016,0.217
Fr,2/5/2016,-0.496,,,,,,,,
Th,2/4/2016,-0.49,,Fr,2/5/2016,-0.249,,Fr,2/5/2016,0.295
We,2/3/2016,-0.504,,Th,2/4/2016,-0.245,,Th,2/4/2016,0.302
Tu,2/2/2016,-0.48,,We,2/3/2016,-0.263,,We,2/3/2016,0.274
Mo,2/1/2016,-0.47,,Tu,2/2/2016,-0.311,,Tu,2/2/2016,0.306
,,,,Mo,2/1/2016,-0.288,,Mo,2/1/2016,0.35
Fr,1/29/2016,-0.49,,,,,,,,
Th,1/28/2016,-0.452,,Fr,1/29/2016,-0.313,,Fr,1/29/2016,0.324
We,1/27/2016,-0.446,,Th,1/28/2016,-0.261,,Th,1/28/2016,0.403
Tu,1/26/2016,-0.46,,We,1/27/2016,-0.237,,We,1/27/2016,0.443
Mo,1/25/2016,-0.451,,Tu,1/26/2016,-0.248,,Tu,1/26/2016,0.445
,,,,Mo,1/25/2016,-0.235,,Mo,1/25/2016,0.471
Fr,1/22/2016,-0.449,,,,,,,,
Th,1/21/2016,-0.45,,Fr,1/22/2016,-0.228,,Fr,1/22/2016,0.483
We,1/20/2016,-0.417,,Th,1/21/2016,-0.24,,Th,1/21/2016,0.449
Tu,1/19/2016,-0.399,,We,1/20/2016,-0.198,,We,1/20/2016,0.481
Mo,1/18/2016,-0.4,,Tu,1/19/2016,-0.167,,Tu,1/19/2016,0.548
,,,,Mo,1/18/2016,-0.166,,Mo,1/18/2016,0.536
Fr,1/15/2016,-0.397,,,,,,,,
Th,1/14/2016,-0.386,,Fr,1/15/2016,-0.16,,Fr,1/15/2016,0.539
We,1/13/2016,-0.387,,Th,1/14/2016,-0.137,,Th,1/14/2016,0.573
Tu,1/12/2016,-0.388,,We,1/13/2016,-0.133,,We,1/13/2016,0.566
Mo,1/11/2016,-0.387,,Tu,1/12/2016,-0.114,,Tu,1/12/2016,0.532
,,,,Mo,1/11/2016,-0.116,,Mo,1/11/2016,0.54
Fr,1/8/2016,-0.398,,,,,,,,
Th,1/7/2016,-0.386,,Fr,1/8/2016,-0.136,,Fr,1/8/2016,0.513
We,1/6/2016,-0.388,,Th,1/7/2016,-0.116,,Th,1/7/2016,0.538
Tu,1/5/2016,-0.379,,We,1/6/2016,-0.133,,We,1/6/2016,0.502
Mo,1/4/2016,-0.355,,Tu,1/5/2016,-0.113,,Tu,1/5/2016,0.539
,,,,Mo,1/4/2016,-0.071,,Mo,1/4/2016,0.565
Th,12/31/2015,-0.349,,,,,,,,
We,12/30/2015,-0.349,,Th,12/31/2015,-0.047,,Th,12/31/2015,0.628
Tu,12/29/2015,-0.337,,We,12/30/2015,-0.047,,We,12/30/2015,0.628
Mo,12/28/2015,-0.342,,Tu,12/29/2015,-0.034,,Tu,12/29/2015,0.628
,,,,Mo,12/28/2015,-0.06,,Mo,12/28/2015,0.562
Th,12/24/2015,-0.337,,,,,,,,
We,12/23/2015,-0.342,,We,12/23/2015,-0.038,,Th,12/24/2015,0.635
Tu,12/22/2015,-0.349,,Tu,12/22/2015,-0.06,,We,12/23/2015,0.626
Mo,12/21/2015,-0.366,,Mo,12/21/2015,-0.096,,Tu,12/22/2015,0.601
,,,,,,,,Mo,12/21/2015,0.549
Fr,12/18/2015,-0.358,,Fr,12/18/2015,-0.099,,,,
Th,12/17/2015,-0.349,,Th,12/17/2015,-0.073,,Fr,12/18/2015,0.547
We,12/16/2015,-0.331,,We,12/16/2015,-0.024,,Th,12/17/2015,0.598
Tu,12/15/2015,-0.342,,Tu,12/15/2015,-0.05,,We,12/16/2015,0.677
Mo,12/14/2015,-0.341,,Mo,12/14/2015,-0.094,,Tu,12/15/2015,0.64
,,,,,,,,Mo,12/14/2015,0.573
Fr,12/11/2015,-0.353,,Fr,12/11/2015,-0.111,,,,
Th,12/10/2015,-0.337,,Th,12/10/2015,-0.091,,Fr,12/11/2015,0.539
We,12/9/2015,-0.323,,We,12/9/2015,-0.07,,Th,12/10/2015,0.567
Tu,12/8/2015,-0.316,,Tu,12/8/2015,-0.073,,We,12/9/2015,0.599
Mo,12/7/2015,-0.324,,Mo,12/7/2015,-0.075,,Tu,12/8/2015,0.57
,,,,,,,,Mo,12/7/2015,0.581
Fr,12/4/2015,-0.307,,Fr,12/4/2015,-0.012,,,,
Th,12/3/2015,-0.313,,Th,12/3/2015,-0.039,,Fr,12/4/2015,0.677
We,12/2/2015,-0.445,,We,12/2/2015,-0.218,,Th,12/3/2015,0.665
Tu,12/1/2015,-0.442,,Tu,12/1/2015,-0.2,,We,12/2/2015,0.469
Mo,11/30/2015,-0.419,,Mo,11/30/2015,-0.183,,Tu,12/1/2015,0.467
,,,,,,,,Mo,11/30/2015,0.472
Fr,11/27/2015,-0.419,,Fr,11/27/2015,-0.193,,,,
Th,11/26/2015,-0.421,,Th,11/26/2015,-0.193,,Fr,11/27/2015,0.459
We,11/25/2015,-0.422,,We,11/25/2015,-0.189,,Th,11/26/2015,0.469
Tu,11/24/2015,-0.383,,Tu,11/24/2015,-0.138,,We,11/25/2015,0.47
Mo,11/23/2015,-0.395,,Mo,11/23/2015,-0.142,,Tu,11/24/2015,0.516
,,,,,,,,Mo,11/23/2015,0.529
Fr,11/20/2015,-0.393,,Fr,11/20/2015,-0.156,,,,
Th,11/19/2015,-0.384,,Th,11/19/2015,-0.148,,Fr,11/20/2015,0.479
We,11/18/2015,-0.377,,We,11/18/2015,-0.137,,Th,11/19/2015,0.478
Tu,11/17/2015,-0.382,,Tu,11/17/2015,-0.135,,We,11/18/2015,0.505
Mo,11/16/2015,-0.369,,Mo,11/16/2015,-0.125,,Tu,11/17/2015,0.523
,,,,,,,,Mo,11/16/2015,0.529
Fr,11/13/2015,-0.373,,Fr,11/13/2015,-0.108,,,,
Th,11/12/2015,-0.357,,Th,11/12/2015,-0.08,,Fr,11/13/2015,0.558
We,11/11/2015,-0.362,,We,11/11/2015,-0.088,,Th,11/12/2015,0.607
Tu,11/10/2015,-0.355,,Tu,11/10/2015,-0.082,,We,11/11/2015,0.61
Mo,11/9/2015,-0.332,,Mo,11/9/2015,-0.054,,Tu,11/10/2015,0.62
,,,,,,,,Mo,11/9/2015,0.661
Fr,11/6/2015,-0.294,,Fr,11/6/2015,0.004,,,,
Th,11/5/2015,-0.32,,Th,11/5/2015,-0.053,,Fr,11/6/2015,0.692
We,11/4/2015,-0.321,,We,11/4/2015,-0.061,,Th,11/5/2015,0.606
Tu,11/3/2015,-0.324,,Tu,11/3/2015,-0.062,,We,11/4/2015,0.598
Mo,11/2/2015,-0.307,,Mo,11/2/2015,-0.059,,Tu,11/3/2015,0.573
,,,,,,,,Mo,11/2/2015,0.557
Fr,10/30/2015,-0.317,,Fr,10/30/2015,-0.079,,,,
Th,10/29/2015,-0.328,,Th,10/29/2015,-0.079,,Fr,10/30/2015,0.517
We,10/28/2015,-0.347,,We,10/28/2015,-0.141,,Th,10/29/2015,0.53
Tu,10/27/2015,-0.341,,Tu,10/27/2015,-0.132,,We,10/28/2015,0.438
Mo,10/26/2015,-0.328,,Mo,10/26/2015,-0.1,,Tu,10/27/2015,0.442
,,,,,,,,Mo,10/26/2015,0.499
Fr,10/23/2015,-0.322,,Fr,10/23/2015,-0.1,,,,
Th,10/22/2015,-0.32,,Th,10/22/2015,-0.1,,Fr,10/23/2015,0.511
We,10/21/2015,-0.259,,We,10/21/2015,-0.03,,Th,10/22/2015,0.495
Tu,10/20/2015,-0.245,,Tu,10/20/2015,0.005,,We,10/21/2015,0.567
Mo,10/19/2015,-0.27,,Mo,10/19/2015,-0.037,,Tu,10/20/2015,0.625
,,,,,,,,Mo,10/19/2015,0.564
Fr,10/16/2015,-0.272,,Fr,10/16/2015,-0.04,,,,
Th,10/15/2015,-0.264,,Th,10/15/2015,-0.034,,Fr,10/16/2015,0.547
We,10/14/2015,-0.263,,We,10/14/2015,-0.045,,Th,10/15/2015,0.549
Tu,10/13/2015,-0.255,,Tu,10/13/2015,-0.015,,We,10/14/2015,0.54
Mo,10/12/2015,-0.259,,Mo,10/12/2015,-0.021,,Tu,10/13/2015,0.586
,,,,,,,,Mo,10/12/2015,0.577
Fr,10/9/2015,-0.251,,Fr,10/9/2015,0,,,,
Th,10/8/2015,-0.251,,Th,10/8/2015,-0.011,,Fr,10/9/2015,0.615
We,10/7/2015,-0.252,,We,10/7/2015,-0.012,,Th,10/8/2015,0.585
Tu,10/6/2015,-0.251,,Tu,10/6/2015,-0.012,,We,10/7/2015,0.592
Mo,10/5/2015,-0.262,,Mo,10/5/2015,-0.033,,Tu,10/6/2015,0.595
,,,,,,,,Mo,10/5/2015,0.565
Fr,10/2/2015,-0.269,,Fr,10/2/2015,-0.054,,,,
Th,10/1/2015,-0.271,,Th,10/1/2015,-0.043,,Fr,10/2/2015,0.509
We,9/30/2015,-0.255,,We,9/30/2015,-0.007,,Th,10/1/2015,0.535
Tu,9/29/2015,-0.255,,Tu,9/29/2015,-0.001,,We,9/30/2015,0.586
Mo,9/28/2015,-0.259,,Mo,9/28/2015,-0.008,,Tu,9/29/2015,0.582
,,,,,,,,Mo,9/28/2015,0.585
Fr,9/25/2015,-0.246,,Fr,9/25/2015,0.019,,,,
Th,9/24/2015,-0.25,,Th,9/24/2015,0.006,,Fr,9/25/2015,0.647
We,9/23/2015,-0.258,,We,9/23/2015,-0.006,,Th,9/24/2015,0.602
Tu,9/22/2015,-0.265,,Tu,9/22/2015,-0.015,,We,9/23/2015,0.596
Mo,9/21/2015,-0.237,,Mo,9/21/2015,0.04,,Tu,9/22/2015,0.589
,,,,,,,,Mo,9/21/2015,0.683
Fr,9/18/2015,-0.238,,Fr,9/18/2015,0.037,,,,
Th,9/17/2015,-0.207,,Th,9/17/2015,0.105,,Fr,9/18/2015,0.662
We,9/16/2015,-0.223,,We,9/16/2015,0.082,,Th,9/17/2015,0.779
Tu,9/15/2015,-0.232,,Tu,9/15/2015,0.066,,We,9/16/2015,0.773
Mo,9/14/2015,-0.239,,Mo,9/14/2015,0.017,,Tu,9/15/2015,0.742
,,,,,,,,Mo,9/14/2015,0.654
Fr,9/11/2015,-0.234,,Fr,9/11/2015,0.019,,,,
Th,9/10/2015,-0.228,,Th,9/10/2015,0.042,,Fr,9/11/2015,0.652
We,9/9/2015,-0.229,,We,9/9/2015,0.043,,Th,9/10/2015,0.694
Tu,9/8/2015,-0.225,,Tu,9/8/2015,0.042,,We,9/9/2015,0.697
Mo,9/7/2015,-0.229,,Mo,9/7/2015,0.042,,Tu,9/8/2015,0.675
,,,,,,,,Mo,9/7/2015,0.674
Fr,9/4/2015,-0.239,,Fr,9/4/2015,0.05,,,,
Th,9/3/2015,-0.243,,Th,9/3/2015,0.064,,Fr,9/4/2015,0.666
We,9/2/2015,-0.211,,We,9/2/2015,0.118,,Th,9/3/2015,0.723
Tu,9/1/2015,-0.217,,Tu,9/1/2015,0.133,,We,9/2/2015,0.781
Mo,8/31/2015,-0.207,,Mo,8/31/2015,0.126,,Tu,9/1/2015,0.796
,,,,,,,,Mo,8/31/2015,0.797
Fr,8/28/2015,-0.212,,Fr,8/28/2015,0.097,,,,
Th,8/27/2015,-0.226,,Th,8/27/2015,0.08,,Fr,8/28/2015,0.741
We,8/26/2015,-0.232,,We,8/26/2015,0.066,,Th,8/27/2015,0.741
Tu,8/25/2015,-0.242,,Tu,8/25/2015,0.083,,We,8/26/2015,0.703
Mo,8/24/2015,-0.256,,Mo,8/24/2015,0.003,,Tu,8/25/2015,0.729
,,,,,,,,Mo,8/24/2015,0.591
Fr,8/21/2015,-0.258,,Fr,8/21/2015,-0.013,,,,
Th,8/20/2015,-0.259,,Th,8/20/2015,-0.005,,Fr,8/21/2015,0.563
We,8/19/2015,-0.26,,We,8/19/2015,0.018,,Th,8/20/2015,0.581
Tu,8/18/2015,-0.257,,Tu,8/18/2015,0.028,,We,8/19/2015,0.618
Mo,8/17/2015,-0.259,,Mo,8/17/2015,0.015,,Tu,8/18/2015,0.641
,,,,,,,,Mo,8/17/2015,0.626
Fr,8/14/2015,-0.272,,Fr,8/14/2015,0.035,,,,
Th,8/13/2015,-0.28,,Th,8/13/2015,0.011,,Fr,8/14/2015,0.659
We,8/12/2015,-0.286,,We,8/12/2015,-0.004,,Th,8/13/2015,0.629
Tu,8/11/2015,-0.277,,Tu,8/11/2015,0.009,,We,8/12/2015,0.603
Mo,8/10/2015,-0.27,,Mo,8/10/2015,0.039,,Tu,8/11/2015,0.631
,,,,,,,,Mo,8/10/2015,0.697
Fr,8/7/2015,-0.263,,Fr,8/7/2015,0.025,,,,
Th,8/6/2015,-0.244,,Th,8/6/2015,0.059,,Fr,8/7/2015,0.661
We,8/5/2015,-0.248,,We,8/5/2015,0.078,,Th,8/6/2015,0.708
Tu,8/4/2015,-0.252,,Tu,8/4/2015,0.027,,We,8/5/2015,0.753
Mo,8/3/2015,-0.243,,Mo,8/3/2015,0.032,,Tu,8/4/2015,0.638
,,,,,,,,Mo,8/3/2015,0.628
Fr,7/31/2015,-0.235,,Fr,7/31/2015,0.044,,,,
Th,7/30/2015,-0.241,,Th,7/30/2015,0.039,,Fr,7/31/2015,0.643
We,7/29/2015,-0.244,,We,7/29/2015,0.072,,Th,7/30/2015,0.649
Tu,7/28/2015,-0.236,,Tu,7/28/2015,0.068,,We,7/29/2015,0.716
Mo,7/27/2015,-0.226,,Mo,7/27/2015,0.077,,Tu,7/28/2015,0.689
,,,,,,,,Mo,7/27/2015,0.69
Fr,7/24/2015,-0.227,,Fr,7/24/2015,0.07,,,,
Th,7/23/2015,-0.23,,Th,7/23/2015,0.092,,Fr,7/24/2015,0.69
We,7/22/2015,-0.23,,We,7/22/2015,0.101,,Th,7/23/2015,0.741
Tu,7/21/2015,-0.223,,Tu,7/21/2015,0.121,,We,7/22/2015,0.746
Mo,7/20/2015,-0.22,,Mo,7/20/2015,0.111,,Tu,7/21/2015,0.78
,,,,,,,,Mo,7/20/2015,0.761
Fr,7/17/2015,-0.222,,Fr,7/17/2015,0.12,,,,
Th,7/16/2015,-0.222,,Th,7/16/2015,0.146,,Fr,7/17/2015,0.787
We,7/15/2015,-0.234,,We,7/15/2015,0.128,,Th,7/16/2015,0.832
Tu,7/14/2015,-0.23,,Tu,7/14/2015,0.16,,We,7/15/2015,0.827
Mo,7/13/2015,-0.227,,Mo,7/13/2015,0.172,,Tu,7/14/2015,0.835
,,,,,,,,Mo,7/13/2015,0.854
Fr,7/10/2015,-0.212,,Fr,7/10/2015,0.219,,,,
Th,7/9/2015,-0.259,,Th,7/9/2015,0.103,,Fr,7/10/2015,0.896
We,7/8/2015,-0.265,,We,7/8/2015,0.092,,Th,7/9/2015,0.718
Tu,7/7/2015,-0.265,,Tu,7/7/2015,0.06,,We,7/8/2015,0.67
Mo,7/6/2015,-0.252,,Mo,7/6/2015,0.106,,Tu,7/7/2015,0.642
,,,,,,,,Mo,7/6/2015,0.763
Fr,7/3/2015,-0.256,,Fr,7/3/2015,0.123,,,,
Th,7/2/2015,-0.252,,Th,7/2/2015,0.158,,Fr,7/3/2015,0.789
We,7/1/2015,-0.242,,We,7/1/2015,0.152,,Th,7/2/2015,0.844
Tu,6/30/2015,-0.229,,Tu,6/30/2015,0.073,,We,7/1/2015,0.812
Mo,6/29/2015,-0.216,,Mo,6/29/2015,0.107,,Tu,6/30/2015,0.763
,,,,,,,,Mo,6/29/2015,0.794
Fr,6/26/2015,-0.193,,Fr,6/26/2015,0.167,,,,
Th,6/25/2015,-0.204,,Th,6/25/2015,0.131,,Fr,6/26/2015,0.921
We,6/24/2015,-0.2,,We,6/24/2015,0.137,,Th,6/25/2015,0.861
Tu,6/23/2015,-0.192,,Tu,6/23/2015,0.148,,We,6/24/2015,0.843
Mo,6/22/2015,-0.192,,Mo,6/22/2015,0.163,,Tu,6/23/2015,0.871
,,,,,,,,Mo,6/22/2015,0.883
Fr,6/19/2015,-0.206,,Fr,6/19/2015,0.102,,,,
Th,6/18/2015,-0.201,,Th,6/18/2015,0.133,,Fr,6/19/2015,0.75
We,6/17/2015,-0.198,,We,6/17/2015,0.133,,Th,6/18/2015,0.806
Tu,6/16/2015,-0.197,,Tu,6/16/2015,0.133,,We,6/17/2015,0.807
Mo,6/15/2015,-0.187,,Mo,6/15/2015,0.153,,Tu,6/16/2015,0.796
,,,,,,,,Mo,6/15/2015,0.823
Fr,6/12/2015,-0.187,,Fr,6/12/2015,0.152,,,,
Th,6/11/2015,-0.172,,Th,6/11/2015,0.182,,Fr,6/12/2015,0.833
We,6/10/2015,-0.167,,We,6/10/2015,0.219,,Th,6/11/2015,0.883
Tu,6/9/2015,-0.16,,Tu,6/9/2015,0.226,,We,6/10/2015,0.98
Mo,6/8/2015,-0.172,,Mo,6/8/2015,0.181,,Tu,6/9/2015,0.949
,,,,,,,,Mo,6/8/2015,0.878
Fr,6/5/2015,-0.182,,Fr,6/5/2015,0.167,,,,
Th,6/4/2015,-0.189,,Th,6/4/2015,0.159,,Fr,6/5/2015,0.843
We,6/3/2015,-0.187,,We,6/3/2015,0.182,,Th,6/4/2015,0.837
Tu,6/2/2015,-0.197,,Tu,6/2/2015,0.101,,We,6/3/2015,0.881
Mo,6/1/2015,-0.219,,Mo,6/1/2015,0.027,,Tu,6/2/2015,0.713
,,,,,,,,Mo,6/1/2015,0.54
Fr,5/29/2015,-0.229,,Fr,5/29/2015,-0.004,,,,
Th,5/28/2015,-0.229,,Th,5/28/2015,0.023,,Fr,5/29/2015,0.486
We,5/27/2015,-0.232,,We,5/27/2015,0.022,,Th,5/28/2015,0.529
Tu,5/26/2015,-0.229,,Tu,5/26/2015,0.024,,We,5/27/2015,0.553
Mo,5/25/2015,-0.216,,Mo,5/25/2015,0.062,,Tu,5/26/2015,0.545
,,,,,,,,Mo,5/25/2015,0.603
Fr,5/22/2015,-0.219,,Fr,5/22/2015,0.059,,,,
Th,5/21/2015,-0.224,,Th,5/21/2015,0.07,,Fr,5/22/2015,0.602
We,5/20/2015,-0.216,,We,5/20/2015,0.069,,Th,5/21/2015,0.638
Tu,5/19/2015,-0.214,,Tu,5/19/2015,0.055,,We,5/20/2015,0.631
Mo,5/18/2015,-0.198,,Mo,5/18/2015,0.083,,Tu,5/19/2015,0.593
,,,,,,,,Mo,5/18/2015,0.648
Fr,5/15/2015,-0.199,,Fr,5/15/2015,0.082,,,,
Th,5/14/2015,-0.187,,Th,5/14/2015,0.111,,Fr,5/15/2015,0.623
We,5/13/2015,-0.192,,We,5/13/2015,0.12,,Th,5/14/2015,0.701
Tu,5/12/2015,-0.201,,Tu,5/12/2015,0.104,,We,5/13/2015,0.723
Mo,5/11/2015,-0.208,,Mo,5/11/2015,0.084,,Tu,5/12/2015,0.674
,,,,,,,,Mo,5/11/2015,0.609
Fr,5/8/2015,-0.208,,Fr,5/8/2015,0.058,,,,
Th,5/7/2015,-0.208,,Th,5/7/2015,0.085,,Fr,5/8/2015,0.546
We,5/6/2015,-0.222,,We,5/6/2015,0.086,,Th,5/7/2015,0.589
Tu,5/5/2015,-0.225,,Tu,5/5/2015,0.056,,We,5/6/2015,0.585
Mo,5/4/2015,-0.219,,Mo,5/4/2015,0.038,,Tu,5/5/2015,0.514
,,,,,,,,Mo,5/4/2015,0.452
Th,4/30/2015,-0.224,,Th,4/30/2015,0.007,,,,
We,4/29/2015,-0.238,,We,4/29/2015,-0.037,,Th,4/30/2015,0.364
Tu,4/28/2015,-0.274,,Tu,4/28/2015,-0.117,,We,4/29/2015,0.284
Mo,4/27/2015,-0.271,,Mo,4/27/2015,-0.109,,Tu,4/28/2015,0.162
,,,,,,,,Mo,4/27/2015,0.161
Fr,4/24/2015,-0.264,,Fr,4/24/2015,-0.102,,,,
Th,4/23/2015,-0.267,,Th,4/23/2015,-0.103,,Fr,4/24/2015,0.154
We,4/22/2015,-0.263,,We,4/22/2015,-0.099,,Th,4/23/2015,0.164
Tu,4/21/2015,-0.269,,Tu,4/21/2015,-0.141,,We,4/22/2015,0.164
Mo,4/20/2015,-0.269,,Mo,4/20/2015,-0.147,,Tu,4/21/2015,0.1
,,,,,,,,Mo,4/20/2015,0.074
Fr,4/17/2015,-0.272,,Fr,4/17/2015,-0.155,,,,
Th,4/16/2015,-0.277,,Th,4/16/2015,-0.152,,Fr,4/17/2015,0.077
We,4/15/2015,-0.276,,We,4/15/2015,-0.15,,Th,4/16/2015,0.084
Tu,4/14/2015,-0.281,,Tu,4/14/2015,-0.138,,We,4/15/2015,0.106
Mo,4/13/2015,-0.279,,Mo,4/13/2015,-0.13,,Tu,4/14/2015,0.137
,,,,,,,,Mo,4/13/2015,0.156
Fr,4/10/2015,-0.281,,Fr,4/10/2015,-0.13,,,,
Th,4/9/2015,-0.278,,Th,4/9/2015,-0.133,,Fr,4/10/2015,0.154
We,4/8/2015,-0.286,,We,4/8/2015,-0.137,,Th,4/9/2015,0.159
Tu,4/7/2015,-0.269,,Tu,4/7/2015,-0.107,,We,4/8/2015,0.162
,,,,,,,,Tu,4/7/2015,0.185
Th,4/2/2015,-0.257,,Th,4/2/2015,-0.089,,,,
We,4/1/2015,-0.259,,We,4/1/2015,-0.109,,Th,4/2/2015,0.193
Tu,3/31/2015,-0.255,,Tu,3/31/2015,-0.102,,We,4/1/2015,0.166
Mo,3/30/2015,-0.249,,Mo,3/30/2015,-0.084,,Tu,3/31/2015,0.18
,,,,,,,,Mo,3/30/2015,0.205
Fr,3/27/2015,-0.249,,Fr,3/27/2015,-0.095,,,,
Th,3/26/2015,-0.248,,Th,3/26/2015,-0.089,,Fr,3/27/2015,0.206
We,3/25/2015,-0.237,,We,3/25/2015,-0.075,,Th,3/26/2015,0.214
Tu,3/24/2015,-0.224,,Tu,3/24/2015,-0.061,,We,3/25/2015,0.219
Mo,3/23/2015,-0.228,,Mo,3/23/2015,-0.071,,Tu,3/24/2015,0.235
,,,,,,,,Mo,3/23/2015,0.223
Fr,3/20/2015,-0.24,,Fr,3/20/2015,-0.113,,,,
Th,3/19/2015,-0.237,,Th,3/19/2015,-0.105,,Fr,3/20/2015,0.183
We,3/18/2015,-0.234,,We,3/18/2015,-0.104,,Th,3/19/2015,0.186
Tu,3/17/2015,-0.209,,Tu,3/17/2015,-0.054,,We,3/18/2015,0.196
Mo,3/16/2015,-0.215,,Mo,3/16/2015,-0.058,,Tu,3/17/2015,0.281
,,,,,,,,Mo,3/16/2015,0.278
Fr,3/13/2015,-0.234,,Fr,3/13/2015,-0.092,,,,
Th,3/12/2015,-0.236,,Th,3/12/2015,-0.098,,Fr,3/13/2015,0.256
We,3/11/2015,-0.241,,We,3/11/2015,-0.122,,Th,3/12/2015,0.247
Tu,3/10/2015,-0.24,,Tu,3/10/2015,-0.119,,We,3/11/2015,0.208
Mo,3/9/2015,-0.222,,Mo,3/9/2015,-0.085,,Tu,3/10/2015,0.233
,,,,,,,,Mo,3/9/2015,0.311
Fr,3/6/2015,-0.211,,Fr,3/6/2015,-0.053,,,,
Th,3/5/2015,-0.205,,Th,3/5/2015,-0.068,,Fr,3/6/2015,0.393
We,3/4/2015,-0.206,,We,3/4/2015,-0.041,,Th,3/5/2015,0.347
Tu,3/3/2015,-0.213,,Tu,3/3/2015,-0.062,,We,3/4/2015,0.382
Mo,3/2/2015,-0.216,,Mo,3/2/2015,-0.064,,Tu,3/3/2015,0.361
,,,,,,,,Mo,3/2/2015,0.355
Fr,2/27/2015,-0.229,,Fr,2/27/2015,-0.088,,,,
Th,2/26/2015,-0.238,,Th,2/26/2015,-0.106,,Fr,2/27/2015,0.327
We,2/25/2015,-0.234,,We,2/25/2015,-0.092,,Th,2/26/2015,0.297
Tu,2/24/2015,-0.222,,Tu,2/24/2015,-0.066,,We,2/25/2015,0.324
Mo,2/23/2015,-0.22,,Mo,2/23/2015,-0.075,,Tu,2/24/2015,0.374
,,,,,,,,Mo,2/23/2015,0.364
Fr,2/20/2015,-0.225,,Fr,2/20/2015,-0.075,,,,
Th,2/19/2015,-0.217,,Th,2/19/2015,-0.063,,Fr,2/20/2015,0.365
We,2/18/2015,-0.226,,We,2/18/2015,-0.062,,Th,2/19/2015,0.379
Tu,2/17/2015,-0.216,,Tu,2/17/2015,-0.049,,We,2/18/2015,0.38
Mo,2/16/2015,-0.227,,Mo,2/16/2015,-0.071,,Tu,2/17/2015,0.37
,,,,,,,,Mo,2/16/2015,0.333
Fr,2/13/2015,-0.223,,Fr,2/13/2015,-0.068,,,,
Th,2/12/2015,-0.226,,Th,2/12/2015,-0.075,,Fr,2/13/2015,0.341
We,2/11/2015,-0.222,,We,2/11/2015,-0.057,,Th,2/12/2015,0.318
Tu,2/10/2015,-0.219,,Tu,2/10/2015,-0.044,,We,2/11/2015,0.354
Mo,2/9/2015,-0.205,,Mo,2/9/2015,-0.047,,Tu,2/10/2015,0.369
,,,,,,,,Mo,2/9/2015,0.354
Fr,2/6/2015,-0.209,,Fr,2/6/2015,-0.039,,,,
Th,2/5/2015,-0.197,,Th,2/5/2015,-0.031,,Fr,2/6/2015,0.374
We,2/4/2015,-0.193,,We,2/4/2015,-0.036,,Th,2/5/2015,0.365
Tu,2/3/2015,-0.196,,Tu,2/3/2015,-0.039,,We,2/4/2015,0.365
Mo,2/2/2015,-0.185,,Mo,2/2/2015,-0.047,,Tu,2/3/2015,0.344
,,,,,,,,Mo,2/2/2015,0.312
Fr,1/30/2015,-0.187,,Fr,1/30/2015,-0.051,,,,
Th,1/29/2015,-0.18,,Th,1/29/2015,-0.019,,Fr,1/30/2015,0.302
We,1/28/2015,-0.171,,We,1/28/2015,-0.017,,Th,1/29/2015,0.358
Tu,1/27/2015,-0.158,,Tu,1/27/2015,0.015,,We,1/28/2015,0.352
Mo,1/26/2015,-0.151,,Mo,1/26/2015,0.015,,Tu,1/27/2015,0.381
,,,,,,,,Mo,1/26/2015,0.394
Fr,1/23/2015,-0.169,,Fr,1/23/2015,-0.026,,,,
Th,1/22/2015,-0.173,,Th,1/22/2015,0.014,,Fr,1/23/2015,0.361
We,1/21/2015,-0.168,,We,1/21/2015,0.038,,Th,1/22/2015,0.446
Tu,1/20/2015,-0.159,,Tu,1/20/2015,-0.033,,We,1/21/2015,0.523
Mo,1/19/2015,-0.171,,Mo,1/19/2015,-0.051,,Tu,1/20/2015,0.448
,,,,,,,,Mo,1/19/2015,0.439
Fr,1/16/2015,-0.165,,Fr,1/16/2015,-0.051,,,,
Th,1/15/2015,-0.148,,Th,1/15/2015,-0.045,,Fr,1/16/2015,0.452
We,1/14/2015,-0.122,,We,1/14/2015,-0.017,,Th,1/15/2015,0.473
Tu,1/13/2015,-0.124,,Tu,1/13/2015,-0.001,,We,1/14/2015,0.423
Mo,1/12/2015,-0.117,,Mo,1/12/2015,0.002,,Tu,1/13/2015,0.476
,,,,,,,,Mo,1/12/2015,0.478
Fr,1/9/2015,-0.122,,Fr,1/9/2015,-0.005,,,,
Th,1/8/2015,-0.106,,Th,1/8/2015,0.007,,Fr,1/9/2015,0.491
We,1/7/2015,-0.111,,We,1/7/2015,-0.003,,Th,1/8/2015,0.509
Tu,1/6/2015,-0.108,,Tu,1/6/2015,-0.008,,We,1/7/2015,0.483
Mo,1/5/2015,-0.103,,Mo,1/5/2015,0.008,,Tu,1/6/2015,0.445
,,,,,,,,Mo,1/5/2015,0.517
Fr,1/2/2015,-0.114,,Fr,1/2/2015,-0.006,,,,
We,12/31/2014,-0.11,,We,12/31/2014,0.008,,Fr,1/2/2015,0.497
Tu,12/30/2014,-0.109,,Tu,12/30/2014,0.009,,We,12/31/2014,0.538
Mo,12/29/2014,-0.102,,Mo,12/29/2014,0.013,,Tu,12/30/2014,0.539
,,,,,,,,Mo,12/29/2014,0.543
We,12/24/2014,-0.099,,We,12/24/2014,0.05,,,,
Tu,12/23/2014,-0.095,,Tu,12/23/2014,0.054,,We,12/24/2014,0.587
Mo,12/22/2014,-0.097,,Mo,12/22/2014,0.053,,Tu,12/23/2014,0.591
,,,,,,,,Mo,12/22/2014,0.6
Fr,12/19/2014,-0.086,,Fr,12/19/2014,0.055,,,,
Th,12/18/2014,-0.079,,Th,12/18/2014,0.07,,Fr,12/19/2014,0.592
We,12/17/2014,-0.074,,We,12/17/2014,0.063,,Th,12/18/2014,0.616
Tu,12/16/2014,-0.064,,Tu,12/16/2014,0.071,,We,12/17/2014,0.591
Mo,12/15/2014,-0.056,,Mo,12/15/2014,0.075,,Tu,12/16/2014,0.595
,,,,,,,,Mo,12/15/2014,0.622
Fr,12/12/2014,-0.046,,Fr,12/12/2014,0.078,,,,
Th,12/11/2014,-0.037,,Th,12/11/2014,0.09,,Fr,12/12/2014,0.623
We,12/10/2014,-0.031,,We,12/10/2014,0.094,,Th,12/11/2014,0.676
Tu,12/9/2014,-0.037,,Tu,12/9/2014,0.096,,We,12/10/2014,0.68
Mo,12/8/2014,-0.037,,Mo,12/8/2014,0.1,,Tu,12/9/2014,0.685
,,,,,,,,Mo,12/8/2014,0.712
Fr,12/5/2014,-0.017,,Fr,12/5/2014,0.138,,,,
Th,12/4/2014,-0.019,,Th,12/4/2014,0.136,,Fr,12/5/2014,0.78
We,12/3/2014,-0.034,,We,12/3/2014,0.125,,Th,12/4/2014,0.772
Tu,12/2/2014,-0.032,,Tu,12/2/2014,0.14,,We,12/3/2014,0.747
Mo,12/1/2014,-0.028,,Mo,12/1/2014,0.137,,Tu,12/2/2014,0.741
,,,,,,,,Mo,12/1/2014,0.727
Fr,11/28/2014,-0.034,,Fr,11/28/2014,0.111,,,,
Th,11/27/2014,-0.042,,Th,11/27/2014,0.105,,Fr,11/28/2014,0.7
We,11/26/2014,-0.044,,We,11/26/2014,0.11,,Th,11/27/2014,0.7
Tu,11/25/2014,-0.039,,Tu,11/25/2014,0.113,,We,11/26/2014,0.735
Mo,11/24/2014,-0.039,,Mo,11/24/2014,0.122,,Tu,11/25/2014,0.747
,,,,,,,,Mo,11/24/2014,0.78
Fr,11/21/2014,-0.041,,Fr,11/21/2014,0.119,,,,
Th,11/20/2014,-0.023,,Th,11/20/2014,0.137,,Fr,11/21/2014,0.769
We,11/19/2014,-0.016,,We,11/19/2014,0.175,,Th,11/20/2014,0.798
Tu,11/18/2014,-0.03,,Tu,11/18/2014,0.126,,We,11/19/2014,0.848
Mo,11/17/2014,-0.039,,Mo,11/17/2014,0.118,,Tu,11/18/2014,0.796
,,,,,,,,Mo,11/17/2014,0.801
Fr,11/14/2014,-0.046,,Fr,11/14/2014,0.104,,,,
Th,11/13/2014,-0.047,,Th,11/13/2014,0.103,,Fr,11/14/2014,0.784
We,11/12/2014,-0.048,,We,11/12/2014,0.114,,Th,11/13/2014,0.798
Tu,11/11/2014,-0.05,,Tu,11/11/2014,0.121,,We,11/12/2014,0.809
Mo,11/10/2014,-0.053,,Mo,11/10/2014,0.125,,Tu,11/11/2014,0.826
,,,,,,,,Mo,11/10/2014,0.834
Fr,11/7/2014,-0.061,,Fr,11/7/2014,0.109,,,,
Th,11/6/2014,-0.061,,Th,11/6/2014,0.118,,Fr,11/7/2014,0.816
We,11/5/2014,-0.061,,We,11/5/2014,0.12,,Th,11/6/2014,0.826
Tu,11/4/2014,-0.055,,Tu,11/4/2014,0.115,,We,11/5/2014,0.826
Mo,11/3/2014,-0.05,,Mo,11/3/2014,0.143,,Tu,11/4/2014,0.806
,,,,,,,,Mo,11/3/2014,0.852
Fr,10/31/2014,-0.058,,Fr,10/31/2014,0.125,,,,
Th,10/30/2014,-0.045,,Th,10/30/2014,0.14,,Fr,10/31/2014,0.84
We,10/29/2014,-0.041,,We,10/29/2014,0.174,,Th,10/30/2014,0.844
Tu,10/28/2014,-0.049,,Tu,10/28/2014,0.163,,We,10/29/2014,0.897
Mo,10/27/2014,-0.046,,Mo,10/27/2014,0.155,,Tu,10/28/2014,0.876
,,,,,,,,Mo,10/27/2014,0.868
Fr,10/24/2014,-0.04,,Fr,10/24/2014,0.169,,,,
Th,10/23/2014,-0.046,,Th,10/23/2014,0.165,,Fr,10/24/2014,0.891
We,10/22/2014,-0.046,,We,10/22/2014,0.149,,Th,10/23/2014,0.901
Tu,10/21/2014,-0.051,,Tu,10/21/2014,0.159,,We,10/22/2014,0.87
Mo,10/20/2014,-0.066,,Mo,10/20/2014,0.143,,Tu,10/21/2014,0.87
,,,,,,,,Mo,10/20/2014,0.848
Fr,10/17/2014,-0.054,,Fr,10/17/2014,0.165,,,,
Th,10/16/2014,-0.054,,Th,10/16/2014,0.154,,Fr,10/17/2014,0.858
We,10/15/2014,-0.064,,We,10/15/2014,0.096,,Th,10/16/2014,0.819
Tu,10/14/2014,-0.053,,Tu,10/14/2014,0.138,,We,10/15/2014,0.755
Mo,10/13/2014,-0.048,,Mo,10/13/2014,0.165,,Tu,10/14/2014,0.837
,,,,,,,,Mo,10/13/2014,0.894
Fr,10/10/2014,-0.057,,Fr,10/10/2014,0.151,,,,
Th,10/9/2014,-0.064,,Th,10/9/2014,0.153,,Fr,10/10/2014,0.886
We,10/8/2014,-0.067,,We,10/8/2014,0.155,,Th,10/9/2014,0.905
Tu,10/7/2014,-0.067,,Tu,10/7/2014,0.152,,We,10/8/2014,0.907
Mo,10/6/2014,-0.072,,Mo,10/6/2014,0.152,,Tu,10/7/2014,0.905
,,,,,,,,Mo,10/6/2014,0.906
Fr,10/3/2014,-0.068,,Fr,10/3/2014,0.161,,,,
Th,10/2/2014,-0.075,,Th,10/2/2014,0.143,,Fr,10/3/2014,0.925
We,10/1/2014,-0.087,,We,10/1/2014,0.126,,Th,10/2/2014,0.902
Tu,9/30/2014,-0.083,,Tu,9/30/2014,0.146,,We,10/1/2014,0.901
Mo,9/29/2014,-0.071,,Mo,9/29/2014,0.168,,Tu,9/30/2014,0.946
,,,,,,,,Mo,9/29/2014,0.963
Fr,9/26/2014,-0.071,,Fr,9/26/2014,0.172,,,,
Th,9/25/2014,-0.067,,Th,9/25/2014,0.174,,Fr,9/26/2014,0.971
We,9/24/2014,-0.057,,We,9/24/2014,0.206,,Th,9/25/2014,0.972
Tu,9/23/2014,-0.051,,Tu,9/23/2014,0.206,,We,9/24/2014,1.003
Mo,9/22/2014,-0.067,,Mo,9/22/2014,0.192,,Tu,9/23/2014,1.012
,,,,,,,,Mo,9/22/2014,1.01
Fr,9/19/2014,-0.071,,Fr,9/19/2014,0.201,,,,
Th,9/18/2014,-0.058,,Th,9/18/2014,0.24,,Fr,9/19/2014,1.042
We,9/17/2014,-0.069,,We,9/17/2014,0.202,,Th,9/18/2014,1.081
Tu,9/16/2014,-0.06,,Tu,9/16/2014,0.217,,We,9/17/2014,1.049
Mo,9/15/2014,-0.073,,Mo,9/15/2014,0.219,,Tu,9/16/2014,1.06
,,,,,,,,Mo,9/15/2014,1.066
Fr,9/12/2014,-0.06,,Fr,9/12/2014,0.237,,,,
Th,9/11/2014,-0.076,,Th,9/11/2014,0.21,,Fr,9/12/2014,1.082
We,9/10/2014,-0.07,,We,9/10/2014,0.216,,Th,9/11/2014,1.039
Tu,9/9/2014,-0.077,,Tu,9/9/2014,0.218,,We,9/10/2014,1.046
Mo,9/8/2014,-0.072,,Mo,9/8/2014,0.202,,Tu,9/9/2014,0.996
,,,,,,,,Mo,9/8/2014,0.952
Fr,9/5/2014,-0.074,,Fr,9/5/2014,0.192,,,,
Th,9/4/2014,-0.08,,Th,9/4/2014,0.197,,Fr,9/5/2014,0.928
We,9/3/2014,-0.023,,We,9/3/2014,0.251,,Th,9/4/2014,0.969
Tu,9/2/2014,-0.036,,Tu,9/2/2014,0.171,,We,9/3/2014,0.954
Mo,9/1/2014,-0.047,,Mo,9/1/2014,0.156,,Tu,9/2/2014,0.93
,,,,,,,,Mo,9/1/2014,0.881
Fr,8/29/2014,-0.033,,Fr,8/29/2014,0.172,,,,
Th,8/28/2014,-0.02,,Th,8/28/2014,0.18,,Fr,8/29/2014,0.89
We,8/27/2014,-0.02,,We,8/27/2014,0.177,,Th,8/28/2014,0.883
Tu,8/26/2014,-0.02,,Tu,8/26/2014,0.193,,We,8/27/2014,0.909
Mo,8/25/2014,-0.035,,Mo,8/25/2014,0.182,,Tu,8/26/2014,0.938
,,,,,,,,Mo,8/25/2014,0.947
Fr,8/22/2014,0.002,,Fr,8/22/2014,0.221,,,,
Th,8/21/2014,0.005,,Th,8/21/2014,0.223,,Fr,8/22/2014,0.981
We,8/20/2014,0.001,,We,8/20/2014,0.216,,Th,8/21/2014,0.992
Tu,8/19/2014,-0.01,,Tu,8/19/2014,0.221,,We,8/20/2014,0.989
Mo,8/18/2014,-0.005,,Mo,8/18/2014,0.228,,Tu,8/19/2014,1
,,,,,,,,Mo,8/18/2014,1.013
Fr,8/15/2014,-0.014,,Fr,8/15/2014,0.191,,,,
Th,8/14/2014,0.003,,Th,8/14/2014,0.221,,Fr,8/15/2014,0.952
We,8/13/2014,-0.011,,We,8/13/2014,0.211,,Th,8/14/2014,1.017
Tu,8/12/2014,-0.007,,Tu,8/12/2014,0.244,,We,8/13/2014,1.026
Mo,8/11/2014,-0.004,,Mo,8/11/2014,0.254,,Tu,8/12/2014,1.058
,,,,,,,,Mo,8/11/2014,1.058
Fr,8/8/2014,0.006,,Fr,8/8/2014,0.257,,,,
Th,8/7/2014,0.004,,Th,8/7/2014,0.251,,Fr,8/8/2014,1.052
We,8/6/2014,0.005,,We,8/6/2014,0.266,,Th,8/7/2014,1.061
Tu,8/5/2014,0.026,,Tu,8/5/2014,0.317,,We,8/6/2014,1.1
Mo,8/4/2014,0.022,,Mo,8/4/2014,0.295,,Tu,8/5/2014,1.167
,,,,,,,,Mo,8/4/2014,1.134
Fr,8/1/2014,0.018,,Fr,8/1/2014,0.287,,,,
Th,7/31/2014,0.022,,Th,7/31/2014,0.301,,Fr,8/1/2014,1.13
We,7/30/2014,0.034,,We,7/30/2014,0.327,,Th,7/31/2014,1.154
Tu,7/29/2014,0.028,,Tu,7/29/2014,0.296,,We,7/30/2014,1.169
Mo,7/28/2014,0.031,,Mo,7/28/2014,0.313,,Tu,7/29/2014,1.119
,,,,,,,,Mo,7/28/2014,1.147
Fr,7/25/2014,0.024,,Fr,7/25/2014,0.301,,,,
Th,7/24/2014,0.031,,Th,7/24/2014,0.324,,Fr,7/25/2014,1.146
We,7/23/2014,0.025,,We,7/23/2014,0.301,,Th,7/24/2014,1.176
Tu,7/22/2014,0.029,,Tu,7/22/2014,0.318,,We,7/23/2014,1.145
Mo,7/21/2014,0.022,,Mo,7/21/2014,0.304,,Tu,7/22/2014,1.165
,,,,,,,,Mo,7/21/2014,1.147
Fr,7/18/2014,0.025,,Fr,7/18/2014,0.308,,,,
Th,7/17/2014,0.017,,Th,7/17/2014,0.291,,Fr,7/18/2014,1.154
We,7/16/2014,0.017,,We,7/16/2014,0.307,,Th,7/17/2014,1.148
Tu,7/15/2014,0.019,,Tu,7/15/2014,0.31,,We,7/16/2014,1.191
Mo,7/14/2014,0.021,,Mo,7/14/2014,0.311,,Tu,7/15/2014,1.203
,,,,,,,,Mo,7/14/2014,1.208
Fr,7/11/2014,0.016,,Fr,7/11/2014,0.304,,,,
Th,7/10/2014,0.016,,Th,7/10/2014,0.303,,Fr,7/11/2014,1.202
We,7/9/2014,0.02,,We,7/9/2014,0.32,,Th,7/10/2014,1.198
Tu,7/8/2014,0.015,,Tu,7/8/2014,0.311,,We,7/9/2014,1.227
Mo,7/7/2014,0.015,,Mo,7/7/2014,0.337,,Tu,7/8/2014,1.218
,,,,,,,,Mo,7/7/2014,1.255
Fr,7/4/2014,0.018,,Fr,7/4/2014,0.343,,,,
Th,7/3/2014,0.02,,Th,7/3/2014,0.356,,Fr,7/4/2014,1.264
We,7/2/2014,0.025,,We,7/2/2014,0.361,,Th,7/3/2014,1.288
Tu,7/1/2014,0.019,,Tu,7/1/2014,0.335,,We,7/2/2014,1.286
Mo,6/30/2014,0.025,,Mo,6/30/2014,0.341,,Tu,7/1/2014,1.246
,,,,,,,,Mo,6/30/2014,1.244
Fr,6/27/2014,0.033,,Fr,6/27/2014,0.366,,,,
Th,6/26/2014,0.023,,Th,6/26/2014,0.342,,Fr,6/27/2014,1.261
We,6/25/2014,0.029,,We,6/25/2014,0.35,,Th,6/26/2014,1.244
Tu,6/24/2014,0.035,,Tu,6/24/2014,0.385,,We,6/25/2014,1.26
Mo,6/23/2014,0.038,,Mo,6/23/2014,0.385,,Tu,6/24/2014,1.319
,,,,,,,,Mo,6/23/2014,1.322
Fr,6/20/2014,0.035,,Fr,6/20/2014,0.397,,,,
Th,6/19/2014,0.032,,Th,6/19/2014,0.374,,Fr,6/20/2014,1.343
We,6/18/2014,0.036,,We,6/18/2014,0.408,,Th,6/19/2014,1.321
Tu,6/17/2014,0.042,,Tu,6/17/2014,0.429,,We,6/18/2014,1.374
Mo,6/16/2014,0.026,,Mo,6/16/2014,0.389,,Tu,6/17/2014,1.399
,,,,,,,,Mo,6/16/2014,1.353
Fr,6/13/2014,0.026,,Fr,6/13/2014,0.393,,,,
Th,6/12/2014,0.032,,Th,6/12/2014,0.398,,Fr,6/13/2014,1.361
We,6/11/2014,0.038,,We,6/11/2014,0.41,,Th,6/12/2014,1.386
Tu,6/10/2014,0.063,,Tu,6/10/2014,0.431,,We,6/11/2014,1.396
Mo,6/9/2014,0.058,,Mo,6/9/2014,0.409,,Tu,6/10/2014,1.403
,,,,,,,,Mo,6/9/2014,1.378
Fr,6/6/2014,0.051,,Fr,6/6/2014,0.373,,,,
Th,6/5/2014,0.045,,Th,6/5/2014,0.418,,Fr,6/6/2014,1.351
We,6/4/2014,0.053,,We,6/4/2014,0.476,,Th,6/5/2014,1.403
Tu,6/3/2014,0.058,,Tu,6/3/2014,0.46,,We,6/4/2014,1.431
Mo,6/2/2014,0.059,,Mo,6/2/2014,0.436,,Tu,6/3/2014,1.407
,,,,,,,,Mo,6/2/2014,1.368
Fr,5/30/2014,0.061,,Fr,5/30/2014,0.428,,,,
Th,5/29/2014,0.059,,Th,5/29/2014,0.42,,Fr,5/30/2014,1.357
We,5/28/2014,0.05,,We,5/28/2014,0.404,,Th,5/29/2014,1.353
Tu,5/27/2014,0.052,,Tu,5/27/2014,0.433,,We,5/28/2014,1.337
Mo,5/26/2014,0.053,,Mo,5/26/2014,0.454,,Tu,5/27/2014,1.388
,,,,,,,,Mo,5/26/2014,1.415
Fr,5/23/2014,0.061,,Fr,5/23/2014,0.459,,,,
Th,5/22/2014,0.063,,Th,5/22/2014,0.454,,Fr,5/23/2014,1.412
We,5/21/2014,0.081,,We,5/21/2014,0.475,,Th,5/22/2014,1.407
Tu,5/20/2014,0.077,,Tu,5/20/2014,0.455,,We,5/21/2014,1.423
Mo,5/19/2014,0.089,,Mo,5/19/2014,0.461,,Tu,5/20/2014,1.35
,,,,,,,,Mo,5/19/2014,1.342
Fr,5/16/2014,0.092,,Fr,5/16/2014,0.453,,,,
Th,5/15/2014,0.087,,Th,5/15/2014,0.434,,Fr,5/16/2014,1.329
We,5/14/2014,0.099,,We,5/14/2014,0.477,,Th,5/15/2014,1.305
Tu,5/13/2014,0.107,,Tu,5/13/2014,0.526,,We,5/14/2014,1.367
Mo,5/12/2014,0.129,,Mo,5/12/2014,0.564,,Tu,5/13/2014,1.42
,,,,,,,,Mo,5/12/2014,1.463
Fr,5/9/2014,0.132,,Fr,5/9/2014,0.559,,,,
Th,5/8/2014,0.116,,Th,5/8/2014,0.559,,Fr,5/9/2014,1.454
We,5/7/2014,0.147,,We,5/7/2014,0.611,,Th,5/8/2014,1.445
Tu,5/6/2014,0.146,,Tu,5/6/2014,0.54,,We,5/7/2014,1.472
Mo,5/5/2014,0.136,,Mo,5/5/2014,0.531,,Tu,5/6/2014,1.459
,,,,,,,,Mo,5/5/2014,1.457
Fr,5/2/2014,0.124,,Fr,5/2/2014,0.523,,,,
We,4/30/2014,0.14,,We,4/30/2014,0.551,,Fr,5/2/2014,1.449
Tu,4/29/2014,0.142,,Tu,4/29/2014,0.57,,We,4/30/2014,1.468
Mo,4/28/2014,0.17,,Mo,4/28/2014,0.59,,Tu,4/29/2014,1.498
,,,,,,,,Mo,4/28/2014,1.496
Fr,4/25/2014,0.168,,Fr,4/25/2014,0.586,,,,
Th,4/24/2014,0.183,,Th,4/24/2014,0.622,,Fr,4/25/2014,1.483
We,4/23/2014,0.171,,We,4/23/2014,0.604,,Th,4/24/2014,1.529
Tu,4/22/2014,0.169,,Tu,4/22/2014,0.6,,We,4/23/2014,1.521
,,,,,,,,Tu,4/22/2014,1.533
Th,4/17/2014,0.169,,Th,4/17/2014,0.59,,,,
We,4/16/2014,0.132,,We,4/16/2014,0.55,,Th,4/17/2014,1.514
Tu,4/15/2014,0.124,,Tu,4/15/2014,0.535,,We,4/16/2014,1.484
Mo,4/14/2014,0.154,,Mo,4/14/2014,0.588,,Tu,4/15/2014,1.471
,,,,,,,,Mo,4/14/2014,1.525
Fr,4/11/2014,0.156,,Fr,4/11/2014,0.578,,,,
Th,4/10/2014,0.157,,Th,4/10/2014,0.589,,Fr,4/11/2014,1.502
We,4/9/2014,0.18,,We,4/9/2014,0.643,,Th,4/10/2014,1.52
Tu,4/8/2014,0.171,,Tu,4/8/2014,0.626,,We,4/9/2014,1.574
Mo,4/7/2014,0.168,,Mo,4/7/2014,0.605,,Tu,4/8/2014,1.556
,,,,,,,,Mo,4/7/2014,1.538
Fr,4/4/2014,0.161,,Fr,4/4/2014,0.603,,,,
Th,4/3/2014,0.181,,Th,4/3/2014,0.659,,Fr,4/4/2014,1.552
We,4/2/2014,0.187,,We,4/2/2014,0.68,,Th,4/3/2014,1.602
Tu,4/1/2014,0.172,,Tu,4/1/2014,0.642,,We,4/2/2014,1.615
Mo,3/31/2014,0.158,,Mo,3/31/2014,0.628,,Tu,4/1/2014,1.572
,,,,,,,,Mo,3/31/2014,1.565
Fr,3/28/2014,0.141,,Fr,3/28/2014,0.609,,,,
Th,3/27/2014,0.135,,Th,3/27/2014,0.594,,Fr,3/28/2014,1.548
We,3/26/2014,0.159,,We,3/26/2014,0.618,,Th,3/27/2014,1.535
Tu,3/25/2014,0.168,,Tu,3/25/2014,0.633,,We,3/26/2014,1.567
Mo,3/24/2014,0.185,,Mo,3/24/2014,0.644,,Tu,3/25/2014,1.576
,,,,,,,,Mo,3/24/2014,1.577
Fr,3/21/2014,0.205,,Fr,3/21/2014,0.696,,,,
Th,3/20/2014,0.208,,Th,3/20/2014,0.7,,Fr,3/21/2014,1.63
We,3/19/2014,0.172,,We,3/19/2014,0.64,,Th,3/20/2014,1.645
Tu,3/18/2014,0.157,,Tu,3/18/2014,0.609,,We,3/19/2014,1.598
Mo,3/17/2014,0.155,,Mo,3/17/2014,0.611,,Tu,3/18/2014,1.566
,,,,,,,,Mo,3/17/2014,1.566
Fr,3/14/2014,0.15,,Fr,3/14/2014,0.596,,,,
Th,3/13/2014,0.14,,Th,3/13/2014,0.584,,Fr,3/14/2014,1.545
We,3/12/2014,0.158,,We,3/12/2014,0.631,,Th,3/13/2014,1.54
Tu,3/11/2014,0.166,,Tu,3/11/2014,0.666,,We,3/12/2014,1.595
Mo,3/10/2014,0.165,,Mo,3/10/2014,0.661,,Tu,3/11/2014,1.637
,,,,,,,,Mo,3/10/2014,1.624
Fr,3/7/2014,0.177,,Fr,3/7/2014,0.684,,,,
Th,3/6/2014,0.162,,Th,3/6/2014,0.679,,Fr,3/7/2014,1.652
We,3/5/2014,0.117,,We,3/5/2014,0.629,,Th,3/6/2014,1.646
Tu,3/4/2014,0.111,,Tu,3/4/2014,0.627,,We,3/5/2014,1.604
Mo,3/3/2014,0.105,,Mo,3/3/2014,0.6,,Tu,3/4/2014,1.597
,,,,,,,,Mo,3/3/2014,1.55
Fr,2/28/2014,0.127,,Fr,2/28/2014,0.667,,,,
Th,2/27/2014,0.088,,Th,2/27/2014,0.588,,Fr,2/28/2014,1.623
We,2/26/2014,0.098,,We,2/26/2014,0.633,,Th,2/27/2014,1.562
Tu,2/25/2014,0.12,,Tu,2/25/2014,0.666,,We,2/26/2014,1.616
Mo,2/24/2014,0.126,,Mo,2/24/2014,0.687,,Tu,2/25/2014,1.645
,,,,,,,,Mo,2/24/2014,1.678
Fr,2/21/2014,0.118,,Fr,2/21/2014,0.663,,,,
Th,2/20/2014,0.122,,Th,2/20/2014,0.685,,Fr,2/21/2014,1.661
We,2/19/2014,0.108,,We,2/19/2014,0.652,,Th,2/20/2014,1.689
Tu,2/18/2014,0.108,,Tu,2/18/2014,0.653,,We,2/19/2014,1.66
Mo,2/17/2014,0.111,,Mo,2/17/2014,0.673,,Tu,2/18/2014,1.666
,,,,,,,,Mo,2/17/2014,1.683
Fr,2/14/2014,0.11,,Fr,2/14/2014,0.673,,,,
Th,2/13/2014,0.105,,Th,2/13/2014,0.653,,Fr,2/14/2014,1.678
We,2/12/2014,0.124,,We,2/12/2014,0.702,,Th,2/13/2014,1.666
Tu,2/11/2014,0.104,,Tu,2/11/2014,0.681,,We,2/12/2014,1.714
Mo,2/10/2014,0.11,,Mo,2/10/2014,0.681,,Tu,2/11/2014,1.685
,,,,,,,,Mo,2/10/2014,1.678
Fr,2/7/2014,0.09,,Fr,2/7/2014,0.661,,,,
Th,2/6/2014,0.12,,Th,2/6/2014,0.709,,Fr,2/7/2014,1.66
We,2/5/2014,0.074,,We,2/5/2014,0.644,,Th,2/6/2014,1.694
Tu,2/4/2014,0.08,,Tu,2/4/2014,0.651,,We,2/5/2014,1.635
Mo,2/3/2014,0.076,,Mo,2/3/2014,0.65,,Tu,2/4/2014,1.649
,,,,,,,,Mo,2/3/2014,1.643
Fr,1/31/2014,0.066,,Fr,1/31/2014,0.649,,,,
Th,1/30/2014,0.092,,Th,1/30/2014,0.704,,Fr,1/31/2014,1.658
We,1/29/2014,0.108,,We,1/29/2014,0.719,,Th,1/30/2014,1.714
Tu,1/28/2014,0.121,,Tu,1/28/2014,0.756,,We,1/29/2014,1.74
Mo,1/27/2014,0.132,,Mo,1/27/2014,0.756,,Tu,1/28/2014,1.676
,,,,,,,,Mo,1/27/2014,1.664
Fr,1/24/2014,0.123,,Fr,1/24/2014,0.747,,,,
Th,1/23/2014,0.154,,Th,1/23/2014,0.799,,Fr,1/24/2014,1.657
We,1/22/2014,0.169,,We,1/22/2014,0.836,,Th,1/23/2014,1.708
Tu,1/21/2014,0.157,,Tu,1/21/2014,0.816,,We,1/22/2014,1.756
Mo,1/20/2014,0.162,,Mo,1/20/2014,0.821,,Tu,1/21/2014,1.738
,,,,,,,,Mo,1/20/2014,1.74
Fr,1/17/2014,0.17,,Fr,1/17/2014,0.84,,,,
Th,1/16/2014,0.175,,Th,1/16/2014,0.871,,Fr,1/17/2014,1.752
We,1/15/2014,0.212,,We,1/15/2014,0.922,,Th,1/16/2014,1.779
Tu,1/14/2014,0.202,,Tu,1/14/2014,0.805,,We,1/15/2014,1.824
Mo,1/13/2014,0.179,,Mo,1/13/2014,0.804,,Tu,1/14/2014,1.813
,,,,,,,,Mo,1/13/2014,1.816
Fr,1/10/2014,0.184,,Fr,1/10/2014,0.828,,,,
Th,1/9/2014,0.21,,Th,1/9/2014,0.901,,Fr,1/10/2014,1.842
We,1/8/2014,0.226,,We,1/8/2014,0.902,,Th,1/9/2014,1.914
Tu,1/7/2014,0.212,,Tu,1/7/2014,0.877,,We,1/8/2014,1.903
Mo,1/6/2014,0.209,,Mo,1/6/2014,0.892,,Tu,1/7/2014,1.885
,,,,,,,,Mo,1/6/2014,1.906
Fr,1/3/2014,0.206,,Fr,1/3/2014,0.921,,,,
Th,1/2/2014,0.211,,Th,1/2/2014,0.93,,Fr,1/3/2014,1.942
Tu,12/31/2013,0.207,,Tu,12/31/2013,0.917,,Th,1/2/2014,1.94
Mo,12/30/2013,0.206,,Mo,12/30/2013,0.923,,Tu,12/31/2013,1.925
,,,,,,,,Mo,12/30/2013,1.929
Fr,12/27/2013,0.239,,Fr,12/27/2013,0.956,,,,
Tu,12/24/2013,0.225,,Tu,12/24/2013,0.883,,Fr,12/27/2013,1.954
Mo,12/23/2013,0.225,,Mo,12/23/2013,0.885,,Tu,12/24/2013,1.89
,,,,,,,,Mo,12/23/2013,1.88
Fr,12/20/2013,0.222,,Fr,12/20/2013,0.88,,,,
Th,12/19/2013,0.214,,Th,12/19/2013,0.86,,Fr,12/20/2013,1.869
We,12/18/2013,0.231,,We,12/18/2013,0.845,,Th,12/19/2013,1.871
Tu,12/17/2013,0.229,,Tu,12/17/2013,0.805,,We,12/18/2013,1.846
Mo,12/16/2013,0.251,,Mo,12/16/2013,0.823,,Tu,12/17/2013,1.826
,,,,,,,,Mo,12/16/2013,1.834
Fr,12/13/2013,0.242,,Fr,12/13/2013,0.813,,,,
Th,12/12/2013,0.25,,Th,12/12/2013,0.825,,Fr,12/13/2013,1.827
We,12/11/2013,0.231,,We,12/11/2013,0.792,,Th,12/12/2013,1.838
Tu,12/10/2013,0.216,,Tu,12/10/2013,0.799,,We,12/11/2013,1.813
Mo,12/9/2013,0.224,,Mo,12/9/2013,0.801,,Tu,12/10/2013,1.834
,,,,,,,,Mo,12/9/2013,1.838
Fr,12/6/2013,0.213,,Fr,12/6/2013,0.806,,,,
Th,12/5/2013,0.205,,Th,12/5/2013,0.822,,Fr,12/6/2013,1.841
We,12/4/2013,0.165,,We,12/4/2013,0.757,,Th,12/5/2013,1.86
Tu,12/3/2013,0.122,,Tu,12/3/2013,0.679,,We,12/4/2013,1.814
Mo,12/2/2013,0.128,,Mo,12/2/2013,0.685,,Tu,12/3/2013,1.724
,,,,,,,,Mo,12/2/2013,1.743
Fr,11/29/2013,0.114,,Fr,11/29/2013,0.651,,,,
Th,11/28/2013,0.119,,Th,11/28/2013,0.655,,Fr,11/29/2013,1.692
We,11/27/2013,0.129,,We,11/27/2013,0.668,,Th,11/28/2013,1.694
Tu,11/26/2013,0.121,,Tu,11/26/2013,0.646,,We,11/27/2013,1.716
Mo,11/25/2013,0.128,,Mo,11/25/2013,0.667,,Tu,11/26/2013,1.686
,,,,,,,,Mo,11/25/2013,1.722
Fr,11/22/2013,0.133,,Fr,11/22/2013,0.685,,,,
Th,11/21/2013,0.097,,Th,11/21/2013,0.658,,Fr,11/22/2013,1.746
We,11/20/2013,0.097,,We,11/20/2013,0.64,,Th,11/21/2013,1.74
Tu,11/19/2013,0.116,,Tu,11/19/2013,0.661,,We,11/20/2013,1.714
Mo,11/18/2013,0.105,,Mo,11/18/2013,0.632,,Tu,11/19/2013,1.719
,,,,,,,,Mo,11/18/2013,1.68
Fr,11/15/2013,0.107,,Fr,11/15/2013,0.646,,,,
Th,11/14/2013,0.102,,Th,11/14/2013,0.629,,Fr,11/15/2013,1.705
We,11/13/2013,0.098,,We,11/13/2013,0.642,,Th,11/14/2013,1.7
Tu,11/12/2013,0.1,,Tu,11/12/2013,0.686,,We,11/13/2013,1.735
Mo,11/11/2013,0.094,,Mo,11/11/2013,0.677,,Tu,11/12/2013,1.789
,,,,,,,,Mo,11/11/2013,1.753
Fr,11/8/2013,0.098,,Fr,11/8/2013,0.687,,,,
Th,11/7/2013,0.084,,Th,11/7/2013,0.625,,Fr,11/8/2013,1.757
We,11/6/2013,0.132,,We,11/6/2013,0.71,,Th,11/7/2013,1.684
Tu,11/5/2013,0.138,,Tu,11/5/2013,0.722,,We,11/6/2013,1.74
Mo,11/4/2013,0.113,,Mo,11/4/2013,0.657,,Tu,11/5/2013,1.742
,,,,,,,,Mo,11/4/2013,1.676
Fr,11/1/2013,0.112,,Fr,11/1/2013,0.662,,,,
Th,10/31/2013,0.113,,Th,10/31/2013,0.657,,Fr,11/1/2013,1.691
We,10/30/2013,0.154,,We,10/30/2013,0.705,,Th,10/31/2013,1.673
Tu,10/29/2013,0.179,,Tu,10/29/2013,0.755,,We,10/30/2013,1.687
Mo,10/28/2013,0.188,,Mo,10/28/2013,0.77,,Tu,10/29/2013,1.74
,,,,,,,,Mo,10/28/2013,1.749
Fr,10/25/2013,0.183,,Fr,10/25/2013,0.772,,,,
Th,10/24/2013,0.174,,Th,10/24/2013,0.77,,Fr,10/25/2013,1.755
We,10/23/2013,0.158,,We,10/23/2013,0.755,,Th,10/24/2013,1.764
Tu,10/22/2013,0.153,,Tu,10/22/2013,0.772,,We,10/23/2013,1.766
Mo,10/21/2013,0.181,,Mo,10/21/2013,0.826,,Tu,10/22/2013,1.795
,,,,,,,,Mo,10/21/2013,1.847
Fr,10/18/2013,0.172,,Fr,10/18/2013,0.807,,,,
Th,10/17/2013,0.18,,Th,10/17/2013,0.84,,Fr,10/18/2013,1.831
We,10/16/2013,0.214,,We,10/16/2013,0.912,,Th,10/17/2013,1.867
Tu,10/15/2013,0.198,,Tu,10/15/2013,0.885,,We,10/16/2013,1.928
Mo,10/14/2013,0.174,,Mo,10/14/2013,0.836,,Tu,10/15/2013,1.913
,,,,,,,,Mo,10/14/2013,1.858
Fr,10/11/2013,0.178,,Fr,10/11/2013,0.849,,,,
Th,10/10/2013,0.18,,Th,10/10/2013,0.867,,Fr,10/11/2013,1.863
We,10/9/2013,0.173,,We,10/9/2013,0.829,,Th,10/10/2013,1.868
Tu,10/8/2013,0.17,,Tu,10/8/2013,0.835,,We,10/9/2013,1.811
Mo,10/7/2013,0.16,,Mo,10/7/2013,0.824,,Tu,10/8/2013,1.81
,,,,,,,,Mo,10/7/2013,1.802
Fr,10/4/2013,0.173,,Fr,10/4/2013,0.86,,,,
Th,10/3/2013,0.154,,Th,10/3/2013,0.81,,Fr,10/4/2013,1.84
We,10/2/2013,0.16,,We,10/2/2013,0.819,,Th,10/3/2013,1.792
Tu,10/1/2013,0.168,,Tu,10/1/2013,0.821,,We,10/2/2013,1.81
Mo,9/30/2013,0.166,,Mo,9/30/2013,0.791,,Tu,10/1/2013,1.804
,,,,,,,,Mo,9/30/2013,1.778
Fr,9/27/2013,0.167,,Fr,9/27/2013,0.796,,,,
Th,9/26/2013,0.188,,Th,9/26/2013,0.836,,Fr,9/27/2013,1.777
We,9/25/2013,0.188,,We,9/25/2013,0.838,,Th,9/26/2013,1.83
Tu,9/24/2013,0.18,,Tu,9/24/2013,0.845,,We,9/25/2013,1.822
Mo,9/23/2013,0.194,,Mo,9/23/2013,0.903,,Tu,9/24/2013,1.845
,,,,,,,,Mo,9/23/2013,1.917
Fr,9/20/2013,0.209,,Fr,9/20/2013,0.932,,,,
Th,9/19/2013,0.186,,Th,9/19/2013,0.914,,Fr,9/20/2013,1.942
We,9/18/2013,0.236,,We,9/18/2013,1.011,,Th,9/19/2013,1.92
Tu,9/17/2013,0.212,,Tu,9/17/2013,0.972,,We,9/18/2013,2
Mo,9/16/2013,0.208,,Mo,9/16/2013,0.956,,Tu,9/17/2013,1.963
,,,,,,,,Mo,9/16/2013,1.937
Fr,9/13/2013,0.22,,Fr,9/13/2013,0.989,,,,
Th,9/12/2013,0.225,,Th,9/12/2013,1.006,,Fr,9/13/2013,1.975
We,9/11/2013,0.251,,We,9/11/2013,1.046,,Th,9/12/2013,1.999
Tu,9/10/2013,0.27,,Tu,9/10/2013,1.077,,We,9/11/2013,2.045
Mo,9/9/2013,0.255,,Mo,9/9/2013,1.022,,Tu,9/10/2013,2.026
,,,,,,,,Mo,9/9/2013,1.959
Fr,9/6/2013,0.265,,Fr,9/6/2013,1.017,,,,
Th,9/5/2013,0.328,,Th,9/5/2013,1.115,,Fr,9/6/2013,1.949
We,9/4/2013,0.274,,We,9/4/2013,1.01,,Th,9/5/2013,2.041
Tu,9/3/2013,0.281,,Tu,9/3/2013,0.903,,We,9/4/2013,1.94
Mo,9/2/2013,0.26,,Mo,9/2/2013,0.87,,Tu,9/3/2013,1.94
,,,,,,,,Mo,9/2/2013,1.904
Fr,8/30/2013,0.235,,Fr,8/30/2013,0.817,,,,
Th,8/29/2013,0.233,,Th,8/29/2013,0.819,,Fr,8/30/2013,1.855
We,8/28/2013,0.25,,We,8/28/2013,0.838,,Th,8/29/2013,1.855
Tu,8/27/2013,0.235,,Tu,8/27/2013,0.816,,We,8/28/2013,1.875
Mo,8/26/2013,0.265,,Mo,8/26/2013,0.857,,Tu,8/27/2013,1.846
,,,,,,,,Mo,8/26/2013,1.893
Fr,8/23/2013,0.281,,Fr,8/23/2013,0.9,,,,
Th,8/22/2013,0.26,,Th,8/22/2013,0.858,,Fr,8/23/2013,1.934
We,8/21/2013,0.248,,We,8/21/2013,0.818,,Th,8/22/2013,1.919
Tu,8/20/2013,0.204,,Tu,8/20/2013,0.788,,We,8/21/2013,1.87
Mo,8/19/2013,0.226,,Mo,8/19/2013,0.831,,Tu,8/20/2013,1.84
,,,,,,,,Mo,8/19/2013,1.896
Fr,8/16/2013,0.218,,Fr,8/16/2013,0.814,,,,
Th,8/15/2013,0.229,,Th,8/15/2013,0.825,,Fr,8/16/2013,1.88
We,8/14/2013,0.216,,We,8/14/2013,0.781,,Th,8/15/2013,1.882
Tu,8/13/2013,0.223,,Tu,8/13/2013,0.783,,We,8/14/2013,1.821
Mo,8/12/2013,0.166,,Mo,8/12/2013,0.676,,Tu,8/13/2013,1.807
,,,,,,,,Mo,8/12/2013,1.701
Fr,8/9/2013,0.16,,Fr,8/9/2013,0.664,,,,
Th,8/8/2013,0.162,,Th,8/8/2013,0.672,,Fr,8/9/2013,1.679
We,8/7/2013,0.165,,We,8/7/2013,0.68,,Th,8/8/2013,1.686
Tu,8/6/2013,0.169,,Tu,8/6/2013,0.69,,We,8/7/2013,1.686
Mo,8/5/2013,0.167,,Mo,8/5/2013,0.679,,Tu,8/6/2013,1.701
,,,,,,,,Mo,8/5/2013,1.686
Fr,8/2/2013,0.151,,Fr,8/2/2013,0.646,,,,
Th,8/1/2013,0.152,,Th,8/1/2013,0.664,,Fr,8/2/2013,1.65
We,7/31/2013,0.15,,We,7/31/2013,0.651,,Th,8/1/2013,1.666
Tu,7/30/2013,0.151,,Tu,7/30/2013,0.657,,We,7/31/2013,1.669
Mo,7/29/2013,0.159,,Mo,7/29/2013,0.653,,Tu,7/30/2013,1.667
,,,,,,,,Mo,7/29/2013,1.663
Fr,7/26/2013,0.149,,Fr,7/26/2013,0.644,,,,
Th,7/25/2013,0.154,,Th,7/25/2013,0.648,,Fr,7/26/2013,1.665
We,7/24/2013,0.159,,We,7/24/2013,0.648,,Th,7/25/2013,1.67
Tu,7/23/2013,0.133,,Tu,7/23/2013,0.576,,We,7/24/2013,1.645
Mo,7/22/2013,0.1,,Mo,7/22/2013,0.516,,Tu,7/23/2013,1.55
,,,,,,,,Mo,7/22/2013,1.514
Fr,7/19/2013,0.084,,Fr,7/19/2013,0.506,,,,
Th,7/18/2013,0.073,,Th,7/18/2013,0.5,,Fr,7/19/2013,1.518
We,7/17/2013,0.086,,We,7/17/2013,0.523,,Th,7/18/2013,1.518
Tu,7/16/2013,0.088,,Tu,7/16/2013,0.535,,We,7/17/2013,1.542
Mo,7/15/2013,0.117,,Mo,7/15/2013,0.575,,Tu,7/16/2013,1.55
,,,,,,,,Mo,7/15/2013,1.577
Fr,7/12/2013,0.101,,Fr,7/12/2013,0.558,,,,
Th,7/11/2013,0.117,,Th,7/11/2013,0.589,,Fr,7/12/2013,1.559
We,7/10/2013,0.104,,We,7/10/2013,0.604,,Th,7/11/2013,1.622
Tu,7/9/2013,0.08,,Tu,7/9/2013,0.567,,We,7/10/2013,1.657
Mo,7/8/2013,0.09,,Mo,7/8/2013,0.61,,Tu,7/9/2013,1.653
,,,,,,,,Mo,7/8/2013,1.697
Fr,7/5/2013,0.111,,Fr,7/5/2013,0.637,,,,
Th,7/4/2013,0.111,,Th,7/4/2013,0.604,,Fr,7/5/2013,1.718
We,7/3/2013,0.166,,We,7/3/2013,0.66,,Th,7/4/2013,1.647
Tu,7/2/2013,0.173,,Tu,7/2/2013,0.697,,We,7/3/2013,1.659
Mo,7/1/2013,0.195,,Mo,7/1/2013,0.724,,Tu,7/2/2013,1.703
,,,,,,,,Mo,7/1/2013,1.719
Fr,6/28/2013,0.187,,Fr,6/28/2013,0.734,,,,
Th,6/27/2013,0.182,,Th,6/27/2013,0.735,,Fr,6/28/2013,1.728
We,6/26/2013,0.2,,We,6/26/2013,0.768,,Th,6/27/2013,1.724
Tu,6/25/2013,0.236,,Tu,6/25/2013,0.826,,We,6/26/2013,1.766
Mo,6/24/2013,0.268,,Mo,6/24/2013,0.863,,Tu,6/25/2013,1.803
,,,,,,,,Mo,6/24/2013,1.811
Fr,6/21/2013,0.262,,Fr,6/21/2013,0.798,,,,
Th,6/20/2013,0.244,,Th,6/20/2013,0.748,,Fr,6/21/2013,1.724
We,6/19/2013,0.162,,We,6/19/2013,0.594,,Th,6/20/2013,1.664
Tu,6/18/2013,0.174,,Tu,6/18/2013,0.601,,We,6/19/2013,1.557
Mo,6/17/2013,0.134,,Mo,6/17/2013,0.545,,Tu,6/18/2013,1.569
,,,,,,,,Mo,6/17/2013,1.52
Fr,6/14/2013,0.125,,Fr,6/14/2013,0.538,,,,
Th,6/13/2013,0.148,,Th,6/13/2013,0.587,,Fr,6/14/2013,1.513
We,6/12/2013,0.175,,We,6/12/2013,0.625,,Th,6/13/2013,1.561
Tu,6/11/2013,0.205,,Tu,6/11/2013,0.65,,We,6/12/2013,1.584
Mo,6/10/2013,0.198,,Mo,6/10/2013,0.644,,Tu,6/11/2013,1.6
,,,,,,,,Mo,6/10/2013,1.6
Fr,6/7/2013,0.177,,Fr,6/7/2013,0.588,,,,
Th,6/6/2013,0.134,,Th,6/6/2013,0.547,,Fr,6/7/2013,1.545
We,6/5/2013,0.1,,We,6/5/2013,0.528,,Th,6/6/2013,1.52
Tu,6/4/2013,0.102,,Tu,6/4/2013,0.533,,We,6/5/2013,1.51
Mo,6/3/2013,0.097,,Mo,6/3/2013,0.517,,Tu,6/4/2013,1.542
,,,,,,,,Mo,6/3/2013,1.521
Fr,5/31/2013,0.067,,Fr,5/31/2013,0.487,,,,
Th,5/30/2013,0.079,,Th,5/30/2013,0.517,,Fr,5/31/2013,1.504
We,5/29/2013,0.078,,We,5/29/2013,0.528,,Th,5/30/2013,1.516
Tu,5/28/2013,0.037,,Tu,5/28/2013,0.493,,We,5/29/2013,1.532
Mo,5/27/2013,0.027,,Mo,5/27/2013,0.465,,Tu,5/28/2013,1.497
,,,,,,,,Mo,5/27/2013,1.456
Fr,5/24/2013,0.007,,Fr,5/24/2013,0.43,,,,
Th,5/23/2013,0.007,,Th,5/23/2013,0.447,,Fr,5/24/2013,1.43
We,5/22/2013,-0.005,,We,5/22/2013,0.418,,Th,5/23/2013,1.443
Tu,5/21/2013,0.005,,Tu,5/21/2013,0.427,,We,5/22/2013,1.426
Mo,5/20/2013,-0.007,,Mo,5/20/2013,0.402,,Tu,5/21/2013,1.39
,,,,,,,,Mo,5/20/2013,1.376
Fr,5/17/2013,-0.032,,Fr,5/17/2013,0.354,,,,
Th,5/16/2013,-0.01,,Th,5/16/2013,0.365,,Fr,5/17/2013,1.325
We,5/15/2013,0.022,,We,5/15/2013,0.415,,Th,5/16/2013,1.33
Tu,5/14/2013,0.025,,Tu,5/14/2013,0.416,,We,5/15/2013,1.382
Mo,5/13/2013,0.025,,Mo,5/13/2013,0.408,,Tu,5/14/2013,1.373
,,,,,,,,Mo,5/13/2013,1.355
Fr,5/10/2013,0.049,,Fr,5/10/2013,0.437,,,,
Th,5/9/2013,0.004,,Th,5/9/2013,0.353,,Fr,5/10/2013,1.379
We,5/8/2013,0.01,,We,5/8/2013,0.362,,Th,5/9/2013,1.269
Tu,5/7/2013,0.027,,Tu,5/7/2013,0.385,,We,5/8/2013,1.269
Mo,5/6/2013,-0.004,,Mo,5/6/2013,0.323,,Tu,5/7/2013,1.298
,,,,,,,,Mo,5/6/2013,1.243
Fr,5/3/2013,-0.002,,Fr,5/3/2013,0.325,,,,
Th,5/2/2013,-0.032,,Th,5/2/2013,0.281,,Fr,5/3/2013,1.239
Tu,4/30/2013,0.011,,Tu,4/30/2013,0.332,,Th,5/2/2013,1.165
Mo,4/29/2013,-0.001,,Mo,4/29/2013,0.312,,Tu,4/30/2013,1.215
,,,,,,,,Mo,4/29/2013,1.203
Fr,4/26/2013,-0.002,,Fr,4/26/2013,0.302,,,,
Th,4/25/2013,0.009,,Th,4/25/2013,0.322,,Fr,4/26/2013,1.205
We,4/24/2013,0.011,,We,4/24/2013,0.313,,Th,4/25/2013,1.237
Tu,4/23/2013,0.016,,Tu,4/23/2013,0.332,,We,4/24/2013,1.238
Mo,4/22/2013,0.01,,Mo,4/22/2013,0.3,,Tu,4/23/2013,1.26
,,,,,,,,Mo,4/22/2013,1.231
Fr,4/19/2013,0.019,,Fr,4/19/2013,0.327,,,,
Th,4/18/2013,0.012,,Th,4/18/2013,0.3,,Fr,4/19/2013,1.25
We,4/17/2013,0.005,,We,4/17/2013,0.296,,Th,4/18/2013,1.225
Tu,4/16/2013,0.026,,Tu,4/16/2013,0.341,,We,4/17/2013,1.228
Mo,4/15/2013,0.013,,Mo,4/15/2013,0.304,,Tu,4/16/2013,1.276
,,,,,,,,Mo,4/15/2013,1.244
Fr,4/12/2013,0.014,,Fr,4/12/2013,0.316,,,,
Th,4/11/2013,0.028,,Th,4/11/2013,0.352,,Fr,4/12/2013,1.26
We,4/10/2013,0.047,,We,4/10/2013,0.365,,Th,4/11/2013,1.301
Tu,4/9/2013,0.03,,Tu,4/9/2013,0.33,,We,4/10/2013,1.303
Mo,4/8/2013,0.021,,Mo,4/8/2013,0.312,,Tu,4/9/2013,1.26
,,,,,,,,Mo,4/8/2013,1.236
Fr,4/5/2013,0.011,,Fr,4/5/2013,0.285,,,,
Th,4/4/2013,-0.012,,Th,4/4/2013,0.278,,Fr,4/5/2013,1.211
We,4/3/2013,-0.003,,We,4/3/2013,0.317,,Th,4/4/2013,1.238
Tu,4/2/2013,-0.007,,Tu,4/2/2013,0.331,,We,4/3/2013,1.287
,,,,,,,,Tu,4/2/2013,1.306
Th,3/28/2013,-0.026,,Th,3/28/2013,0.311,,,,
We,3/27/2013,-0.021,,We,3/27/2013,0.287,,Th,3/28/2013,1.288
Tu,3/26/2013,0.003,,Tu,3/26/2013,0.348,,We,3/27/2013,1.269
Mo,3/25/2013,0.009,,Mo,3/25/2013,0.339,,Tu,3/26/2013,1.344
,,,,,,,,Mo,3/25/2013,1.326
Fr,3/22/2013,0.026,,Fr,3/22/2013,0.383,,,,
Th,3/21/2013,0.026,,Th,3/21/2013,0.37,,Fr,3/22/2013,1.378
We,3/20/2013,0.02,,We,3/20/2013,0.375,,Th,3/21/2013,1.365
Tu,3/19/2013,0.001,,Tu,3/19/2013,0.337,,We,3/20/2013,1.386
Mo,3/18/2013,0.019,,Mo,3/18/2013,0.382,,Tu,3/19/2013,1.346
,,,,,,,,Mo,3/18/2013,1.406
Fr,3/15/2013,0.044,,Fr,3/15/2013,0.428,,,,
Th,3/14/2013,0.061,,Th,3/14/2013,0.447,,Fr,3/15/2013,1.454
We,3/13/2013,0.057,,We,3/13/2013,0.454,,Th,3/14/2013,1.472
Tu,3/12/2013,0.068,,Tu,3/12/2013,0.458,,We,3/13/2013,1.48
Mo,3/11/2013,0.076,,Mo,3/11/2013,0.493,,Tu,3/12/2013,1.48
,,,,,,,,Mo,3/11/2013,1.516
Fr,3/8/2013,0.086,,Fr,3/8/2013,0.507,,,,
Th,3/7/2013,0.083,,Th,3/7/2013,0.49,,Fr,3/8/2013,1.524
We,3/6/2013,0.037,,We,3/6/2013,0.439,,Th,3/7/2013,1.491
Tu,3/5/2013,0.054,,Tu,3/5/2013,0.442,,We,3/6/2013,1.456
Mo,3/4/2013,0.03,,Mo,3/4/2013,0.414,,Tu,3/5/2013,1.449
,,,,,,,,Mo,3/4/2013,1.418
Fr,3/1/2013,0.027,,Fr,3/1/2013,0.403,,,,
Th,2/28/2013,0.037,,Th,2/28/2013,0.434,,Fr,3/1/2013,1.41
We,2/27/2013,0.07,,We,2/27/2013,0.451,,Th,2/28/2013,1.453
Tu,2/26/2013,0.068,,Tu,2/26/2013,0.45,,We,2/27/2013,1.451
Mo,2/25/2013,0.121,,Mo,2/25/2013,0.542,,Tu,2/26/2013,1.452
,,,,,,,,Mo,2/25/2013,1.555
Fr,2/22/2013,0.125,,Fr,2/22/2013,0.561,,,,
Th,2/21/2013,0.166,,Th,2/21/2013,0.582,,Fr,2/22/2013,1.567
We,2/20/2013,0.196,,We,2/20/2013,0.656,,Th,2/21/2013,1.573
Tu,2/19/2013,0.174,,Tu,2/19/2013,0.631,,We,2/20/2013,1.653
Mo,2/18/2013,0.177,,Mo,2/18/2013,0.636,,Tu,2/19/2013,1.621
,,,,,,,,Mo,2/18/2013,1.629
Fr,2/15/2013,0.184,,Fr,2/15/2013,0.656,,,,
Th,2/14/2013,0.179,,Th,2/14/2013,0.648,,Fr,2/15/2013,1.652
We,2/13/2013,0.221,,We,2/13/2013,0.695,,Th,2/14/2013,1.642
Tu,2/12/2013,0.187,,Tu,2/12/2013,0.657,,We,2/13/2013,1.671
Mo,2/11/2013,0.181,,Mo,2/11/2013,0.635,,Tu,2/12/2013,1.629
,,,,,,,,Mo,2/11/2013,1.609
Fr,2/8/2013,0.178,,Fr,2/8/2013,0.629,,,,
Th,2/7/2013,0.173,,Th,2/7/2013,0.625,,Fr,2/8/2013,1.609
We,2/6/2013,0.211,,We,2/6/2013,0.679,,Th,2/7/2013,1.604
Tu,2/5/2013,0.232,,Tu,2/5/2013,0.698,,We,2/6/2013,1.63
Mo,2/4/2013,0.201,,Mo,2/4/2013,0.667,,Tu,2/5/2013,1.65
,,,,,,,,Mo,2/4/2013,1.611
Fr,2/1/2013,0.245,,Fr,2/1/2013,0.728,,,,
Th,1/31/2013,0.266,,Th,1/31/2013,0.762,,Fr,2/1/2013,1.672
We,1/30/2013,0.285,,We,1/30/2013,0.799,,Th,1/31/2013,1.679
Tu,1/29/2013,0.27,,Tu,1/29/2013,0.779,,We,1/30/2013,1.71
Mo,1/28/2013,0.296,,Mo,1/28/2013,0.801,,Tu,1/29/2013,1.69
,,,,,,,,Mo,1/28/2013,1.692
Fr,1/25/2013,0.254,,Fr,1/25/2013,0.727,,,,
Th,1/24/2013,0.174,,Th,1/24/2013,0.629,,Fr,1/25/2013,1.636
We,1/23/2013,0.155,,We,1/23/2013,0.595,,Th,1/24/2013,1.571
Tu,1/22/2013,0.168,,Tu,1/22/2013,0.633,,We,1/23/2013,1.543
Mo,1/21/2013,0.197,,Mo,1/21/2013,0.657,,Tu,1/22/2013,1.572
,,,,,,,,Mo,1/21/2013,1.593
Fr,1/18/2013,0.181,,Fr,1/18/2013,0.61,,,,
Th,1/17/2013,0.194,,Th,1/17/2013,0.652,,Fr,1/18/2013,1.554
We,1/16/2013,0.122,,We,1/16/2013,0.582,,Th,1/17/2013,1.607
Tu,1/15/2013,0.135,,Tu,1/15/2013,0.59,,We,1/16/2013,1.565
Mo,1/14/2013,0.134,,Mo,1/14/2013,0.614,,Tu,1/15/2013,1.576
,,,,,,,,Mo,1/14/2013,1.55
Fr,1/11/2013,0.132,,Fr,1/11/2013,0.624,,,,
Th,1/10/2013,0.095,,Th,1/10/2013,0.603,,Fr,1/11/2013,1.582
We,1/9/2013,0.055,,We,1/9/2013,0.529,,Th,1/10/2013,1.56
Tu,1/8/2013,0.063,,Tu,1/8/2013,0.487,,We,1/9/2013,1.476
Mo,1/7/2013,0.068,,Mo,1/7/2013,0.506,,Tu,1/8/2013,1.49
,,,,,,,,Mo,1/7/2013,1.515
Fr,1/4/2013,0.073,,Fr,1/4/2013,0.513,,,,
Th,1/3/2013,0.047,,Th,1/3/2013,0.454,,Fr,1/4/2013,1.535
We,1/2/2013,0.029,,We,1/2/2013,0.406,,Th,1/3/2013,1.478
Mo,12/31/2012,-0.021,,Mo,12/31/2012,0.292,,We,1/2/2013,1.441
,,,,,,,,Mo,12/31/2012,1.314
Fr,12/28/2012,-0.017,,Fr,12/28/2012,0.296,,,,
Th,12/27/2012,-0.003,,Th,12/27/2012,0.309,,Fr,12/28/2012,1.308
,,,,Mo,12/24/2012,0.353,,Th,12/27/2012,1.314
Fr,12/21/2012,-0.013,,,,,,,,
We,12/19/2012,-0.008,,Fr,12/21/2012,0.346,,Fr,12/21/2012,1.375
Tu,12/18/2012,-0.003,,Th,12/20/2012,0.381,,Th,12/20/2012,1.416
Mo,12/17/2012,-0.013,,We,12/19/2012,0.389,,We,12/19/2012,1.429
,,,,Tu,12/18/2012,0.387,,Tu,12/18/2012,1.41
Fr,12/14/2012,-0.045,,Mo,12/17/2012,0.362,,Mo,12/17/2012,1.372
Th,12/13/2012,-0.058,,,,,,,,
We,12/12/2012,-0.058,,Fr,12/14/2012,0.329,,Fr,12/14/2012,1.347
Tu,12/11/2012,-0.073,,Th,12/13/2012,0.322,,Th,12/13/2012,1.352
Mo,12/10/2012,-0.075,,We,12/12/2012,0.319,,We,12/12/2012,1.334
,,,,Tu,12/11/2012,0.307,,Tu,12/11/2012,1.318
Fr,12/7/2012,-0.08,,Mo,12/10/2012,0.3,,Mo,12/10/2012,1.305
Th,12/6/2012,-0.05,,,,,,,,
Tu,12/4/2012,0.012,,Fr,12/7/2012,0.289,,Fr,12/7/2012,1.294
Mo,12/3/2012,0.022,,Th,12/6/2012,0.304,,Th,12/6/2012,1.295
,,,,We,12/5/2012,0.37,,We,12/5/2012,1.347
Fr,11/30/2012,0.007,,Tu,12/4/2012,0.418,,Tu,12/4/2012,1.393
We,11/28/2012,-0.015,,Mo,12/3/2012,0.434,,Mo,12/3/2012,1.409
Tu,11/27/2012,0.017,,,,,,,,
Mo,11/26/2012,-0.002,,Fr,11/30/2012,0.405,,Fr,11/30/2012,1.385
,,,,Th,11/29/2012,0.396,,Th,11/29/2012,1.366
Fr,11/23/2012,-0.005,,We,11/28/2012,0.386,,We,11/28/2012,1.368
We,11/21/2012,0.007,,Tu,11/27/2012,0.456,,Tu,11/27/2012,1.439
Tu,11/20/2012,-0.002,,Mo,11/26/2012,0.424,,Mo,11/26/2012,1.413
Mo,11/19/2012,-0.024,,,,,,,,
,,,,Fr,11/23/2012,0.438,,Fr,11/23/2012,1.435
Fr,11/16/2012,-0.036,,Th,11/22/2012,0.437,,Th,11/22/2012,1.43
Th,11/15/2012,-0.032,,We,11/21/2012,0.439,,We,11/21/2012,1.43
We,11/14/2012,-0.025,,Tu,11/20/2012,0.42,,Tu,11/20/2012,1.417
Tu,11/13/2012,-0.036,,Mo,11/19/2012,0.368,,Mo,11/19/2012,1.355
Mo,11/12/2012,-0.038,,,,,,,,
,,,,Fr,11/16/2012,0.349,,Fr,11/16/2012,1.33
Fr,11/9/2012,-0.036,,Th,11/15/2012,0.357,,Th,11/15/2012,1.338
Th,11/8/2012,-0.035,,We,11/14/2012,0.368,,We,11/14/2012,1.341
We,11/7/2012,-0.041,,Tu,11/13/2012,0.364,,Tu,11/13/2012,1.338
Tu,11/6/2012,-0.008,,Mo,11/12/2012,0.362,,Mo,11/12/2012,1.343
Mo,11/5/2012,-0.011,,,,,,,,
,,,,Fr,11/9/2012,0.363,,Fr,11/9/2012,1.347
Fr,11/2/2012,0.003,,Th,11/8/2012,0.367,,Th,11/8/2012,1.363
Th,11/1/2012,0.016,,We,11/7/2012,0.38,,We,11/7/2012,1.379
We,10/31/2012,0.035,,Tu,11/6/2012,0.445,,Tu,11/6/2012,1.438
Tu,10/30/2012,0.038,,Mo,11/5/2012,0.441,,Mo,11/5/2012,1.427
Mo,10/29/2012,0.027,,,,,,,,
,,,,Fr,11/2/2012,0.46,,Fr,11/2/2012,1.449
Fr,10/26/2012,0.048,,Th,11/1/2012,0.477,,Th,11/1/2012,1.454
Th,10/25/2012,0.08,,We,10/31/2012,0.491,,We,10/31/2012,1.462
We,10/24/2012,0.078,,Tu,10/30/2012,0.501,,Tu,10/30/2012,1.478
Tu,10/23/2012,0.104,,Mo,10/29/2012,0.484,,Mo,10/29/2012,1.457
Mo,10/22/2012,0.12,,,,,,,,
,,,,Fr,10/26/2012,0.531,,Fr,10/26/2012,1.536
Fr,10/19/2012,0.109,,Th,10/25/2012,0.586,,Th,10/25/2012,1.582
Th,10/18/2012,0.109,,We,10/24/2012,0.568,,We,10/24/2012,1.555
We,10/17/2012,0.095,,Tu,10/23/2012,0.599,,Tu,10/23/2012,1.571
Tu,10/16/2012,0.079,,Mo,10/22/2012,0.639,,Mo,10/22/2012,1.617
Mo,10/15/2012,0.05,,,,,,,,
,,,,Fr,10/19/2012,0.62,,Fr,10/19/2012,1.593
Fr,10/12/2012,0.039,,Th,10/18/2012,0.642,,Th,10/18/2012,1.632
Th,10/11/2012,0.047,,We,10/17/2012,0.637,,We,10/17/2012,1.633
We,10/10/2012,0.043,,Tu,10/16/2012,0.57,,Tu,10/16/2012,1.543
Tu,10/9/2012,0.037,,Mo,10/15/2012,0.515,,Mo,10/15/2012,1.472
Mo,10/8/2012,0.042,,,,,,,,
,,,,Fr,10/12/2012,0.492,,Fr,10/12/2012,1.444
Fr,10/5/2012,0.055,,Th,10/11/2012,0.535,,Th,10/11/2012,1.501
Th,10/4/2012,0.039,,We,10/10/2012,0.53,,We,10/10/2012,1.489
We,10/3/2012,0.029,,Tu,10/9/2012,0.53,,Tu,10/9/2012,1.473
Tu,10/2/2012,0.039,,Mo,10/8/2012,0.538,,Mo,10/8/2012,1.474
Mo,10/1/2012,0.044,,,,,,,,
,,,,Fr,10/5/2012,0.564,,Fr,10/5/2012,1.52
Fr,9/28/2012,0.018,,Th,10/4/2012,0.513,,Th,10/4/2012,1.446
Th,9/27/2012,0.039,,We,10/3/2012,0.513,,We,10/3/2012,1.446
We,9/26/2012,0.036,,Tu,10/2/2012,0.53,,Tu,10/2/2012,1.455
Tu,9/25/2012,0.067,,Mo,10/1/2012,0.534,,Mo,10/1/2012,1.449
Mo,9/24/2012,0.038,,,,,,,,
,,,,Fr,9/28/2012,0.509,,Fr,9/28/2012,1.441
Fr,9/21/2012,0.032,,Th,9/27/2012,0.532,,Th,9/27/2012,1.457
Th,9/20/2012,0.041,,We,9/26/2012,0.518,,We,9/26/2012,1.455
We,9/19/2012,0.066,,Tu,9/25/2012,0.603,,Tu,9/25/2012,1.583
Tu,9/18/2012,0.073,,Mo,9/24/2012,0.568,,Mo,9/24/2012,1.558
Mo,9/17/2012,0.081,,,,,,,,
,,,,Fr,9/21/2012,0.592,,Fr,9/21/2012,1.596
Fr,9/14/2012,0.101,,Th,9/20/2012,0.579,,Th,9/20/2012,1.573
Th,9/13/2012,0.058,,We,9/19/2012,0.639,,We,9/19/2012,1.621
We,9/12/2012,0.076,,Tu,9/18/2012,0.651,,Tu,9/18/2012,1.636
Tu,9/11/2012,0.043,,Mo,9/17/2012,0.669,,Mo,9/17/2012,1.671
Mo,9/10/2012,0.038,,,,,,,,
,,,,Fr,9/14/2012,0.707,,Fr,9/14/2012,1.705
Fr,9/7/2012,0.03,,Th,9/13/2012,0.593,,Th,9/13/2012,1.553
Th,9/6/2012,0.032,,We,9/12/2012,0.638,,We,9/12/2012,1.616
We,9/5/2012,-0.017,,Tu,9/11/2012,0.47,,Tu,9/11/2012,1.542
Tu,9/4/2012,-0.035,,Mo,9/10/2012,0.463,,Mo,9/10/2012,1.546
Mo,9/3/2012,-0.04,,,,,,,,
,,,,Fr,9/7/2012,0.442,,Fr,9/7/2012,1.518
Fr,8/31/2012,-0.037,,Th,9/6/2012,0.471,,Th,9/6/2012,1.558
Th,8/30/2012,-0.04,,We,9/5/2012,0.384,,We,9/5/2012,1.478
We,8/29/2012,-0.002,,Tu,9/4/2012,0.353,,Tu,9/4/2012,1.39
Tu,8/28/2012,-0.015,,Mo,9/3/2012,0.355,,Mo,9/3/2012,1.377
Mo,8/27/2012,-0.004,,,,,,,,
,,,,Fr,8/31/2012,0.333,,Fr,8/31/2012,1.333
Fr,8/24/2012,-0.015,,Th,8/30/2012,0.317,,Th,8/30/2012,1.321
Th,8/23/2012,-0.015,,We,8/29/2012,0.382,,We,8/29/2012,1.38
We,8/22/2012,0.005,,Tu,8/28/2012,0.35,,Tu,8/28/2012,1.34
Tu,8/21/2012,0.003,,Mo,8/27/2012,0.356,,Mo,8/27/2012,1.351
Mo,8/20/2012,-0.025,,,,,,,,
,,,,Fr,8/24/2012,0.351,,Fr,8/24/2012,1.353
Fr,8/17/2012,-0.044,,Th,8/23/2012,0.364,,Th,8/23/2012,1.376
Th,8/16/2012,-0.039,,We,8/22/2012,0.418,,We,8/22/2012,1.46
We,8/15/2012,-0.025,,Tu,8/21/2012,0.485,,Tu,8/21/2012,1.556
Tu,8/14/2012,-0.038,,Mo,8/20/2012,0.441,,Mo,8/20/2012,1.508
Mo,8/13/2012,-0.049,,,,,,,,
,,,,Fr,8/17/2012,0.423,,Fr,8/17/2012,1.494
Fr,8/10/2012,-0.077,,Th,8/16/2012,0.455,,Th,8/16/2012,1.525
Th,8/9/2012,-0.06,,We,8/15/2012,0.496,,We,8/15/2012,1.562
We,8/8/2012,-0.055,,Tu,8/14/2012,0.422,,Tu,8/14/2012,1.467
Tu,8/7/2012,-0.033,,Mo,8/13/2012,0.375,,Mo,8/13/2012,1.401
Mo,8/6/2012,-0.062,,,,,,,,
,,,,Fr,8/10/2012,0.343,,Fr,8/10/2012,1.384
Fr,8/3/2012,-0.024,,Th,8/9/2012,0.392,,Th,8/9/2012,1.433
Th,8/2/2012,-0.092,,We,8/8/2012,0.393,,We,8/8/2012,1.42
We,8/1/2012,-0.078,,Tu,8/7/2012,0.447,,Tu,8/7/2012,1.483
Tu,7/31/2012,-0.094,,Mo,8/6/2012,0.38,,Mo,8/6/2012,1.394
Mo,7/30/2012,-0.083,,,,,,,,
,,,,Fr,8/3/2012,0.425,,Fr,8/3/2012,1.422
Fr,7/27/2012,-0.032,,Th,8/2/2012,0.264,,Th,8/2/2012,1.225
Th,7/26/2012,-0.053,,We,8/1/2012,0.356,,We,8/1/2012,1.367
We,7/25/2012,-0.064,,Tu,7/31/2012,0.303,,Tu,7/31/2012,1.284
Tu,7/24/2012,-0.072,,Mo,7/30/2012,0.37,,Mo,7/30/2012,1.374
Mo,7/23/2012,-0.066,,,,,,,,
,,,,Fr,7/27/2012,0.416,,Fr,7/27/2012,1.397
Fr,7/20/2012,-0.077,,Th,7/26/2012,0.352,,Th,7/26/2012,1.32
Th,7/19/2012,-0.056,,We,7/25/2012,0.323,,We,7/25/2012,1.261
We,7/18/2012,-0.063,,Tu,7/24/2012,0.302,,Tu,7/24/2012,1.235
Tu,7/17/2012,-0.05,,Mo,7/23/2012,0.273,,Mo,7/23/2012,1.174
Mo,7/16/2012,-0.058,,,,,,,,
,,,,Fr,7/20/2012,0.238,,Fr,7/20/2012,1.166
Fr,7/13/2012,-0.045,,Th,7/19/2012,0.277,,Th,7/19/2012,1.216
Th,7/12/2012,-0.037,,We,7/18/2012,0.261,,We,7/18/2012,1.198
We,7/11/2012,-0.018,,Tu,7/17/2012,0.29,,Tu,7/17/2012,1.231
Mo,7/9/2012,-0.005,,Mo,7/16/2012,0.281,,Mo,7/16/2012,1.231
,,,,,,,,,,
Fr,7/6/2012,-0.013,,Fr,7/13/2012,0.307,,Fr,7/13/2012,1.258
Th,7/5/2012,0.012,,Th,7/12/2012,0.306,,Th,7/12/2012,1.248
We,7/4/2012,0.07,,We,7/11/2012,0.325,,We,7/11/2012,1.27
Tu,7/3/2012,0.088,,Tu,7/10/2012,0.346,,Tu,7/10/2012,1.319
Mo,7/2/2012,0.096,,Mo,7/9/2012,0.34,,Mo,7/9/2012,1.32
,,,,,,,,,,
Fr,6/29/2012,0.12,,Fr,7/6/2012,0.339,,Fr,7/6/2012,1.326
Th,6/28/2012,0.103,,Th,7/5/2012,0.393,,Th,7/5/2012,1.381
We,6/27/2012,0.123,,We,7/4/2012,0.482,,We,7/4/2012,1.452
Tu,6/26/2012,0.097,,Tu,7/3/2012,0.554,,Tu,7/3/2012,1.531
Mo,6/25/2012,0.072,,Mo,7/2/2012,0.565,,Mo,7/2/2012,1.518
,,,,,,,,,,
Fr,6/22/2012,0.133,,Fr,6/29/2012,0.61,,Fr,6/29/2012,1.581
Th,6/21/2012,0.102,,Th,6/28/2012,0.573,,Th,6/28/2012,1.512
We,6/20/2012,0.148,,We,6/27/2012,0.625,,We,6/27/2012,1.566
Tu,6/19/2012,0.084,,Tu,6/26/2012,0.563,,Tu,6/26/2012,1.504
Mo,6/18/2012,0.023,,Mo,6/25/2012,0.531,,Mo,6/25/2012,1.462
,,,,,,,,,,
Fr,6/15/2012,0.066,,Fr,6/22/2012,0.64,,Fr,6/22/2012,1.58
Th,6/14/2012,0.081,,Th,6/21/2012,0.6,,Th,6/21/2012,1.533
We,6/13/2012,0.124,,We,6/20/2012,0.659,,We,6/20/2012,1.613
Tu,6/12/2012,0.093,,Tu,6/19/2012,0.576,,Tu,6/19/2012,1.528
Mo,6/11/2012,0.055,,Mo,6/18/2012,0.467,,Mo,6/18/2012,1.41
,,,,,,,,,,
Fr,6/8/2012,0.04,,Fr,6/15/2012,0.509,,Fr,6/15/2012,1.436
Th,6/7/2012,0.072,,Th,6/14/2012,0.551,,Th,6/14/2012,1.486
We,6/6/2012,0.066,,We,6/13/2012,0.583,,We,6/13/2012,1.487
Tu,6/5/2012,0.007,,Tu,6/12/2012,0.539,,Tu,6/12/2012,1.424
Mo,6/4/2012,0.01,,Mo,6/11/2012,0.435,,Mo,6/11/2012,1.304
,,,,,,,,,,
Fr,6/1/2012,0.01,,Fr,6/8/2012,0.444,,Fr,6/8/2012,1.328
We,5/30/2012,0.007,,Th,6/7/2012,0.489,,Th,6/7/2012,1.373
Tu,5/29/2012,0.039,,We,6/6/2012,0.479,,We,6/6/2012,1.334
Mo,5/28/2012,0.027,,Tu,6/5/2012,0.375,,Tu,6/5/2012,1.206
,,,,Mo,6/4/2012,0.355,,Mo,6/4/2012,1.207
Fr,5/25/2012,0.044,,,,,,,,
Th,5/24/2012,0.063,,Fr,6/1/2012,0.326,,Fr,6/1/2012,1.172
We,5/23/2012,0.051,,Th,5/31/2012,0.336,,Th,5/31/2012,1.199
Tu,5/22/2012,0.058,,We,5/30/2012,0.372,,We,5/30/2012,1.267
Mo,5/21/2012,0.045,,Tu,5/29/2012,0.434,,Tu,5/29/2012,1.358
,,,,Mo,5/28/2012,0.427,,Mo,5/28/2012,1.363
Fr,5/18/2012,0.048,,,,,,,,
Th,5/17/2012,0.04,,Fr,5/25/2012,0.448,,Fr,5/25/2012,1.368
We,5/16/2012,0.068,,Th,5/24/2012,0.469,,Th,5/24/2012,1.39
Tu,5/15/2012,0.069,,We,5/23/2012,0.448,,We,5/23/2012,1.383
Mo,5/14/2012,0.061,,Tu,5/22/2012,0.514,,Tu,5/22/2012,1.467
,,,,Mo,5/21/2012,0.489,,Mo,5/21/2012,1.43
Fr,5/11/2012,0.088,,,,,,,,
Th,5/10/2012,0.072,,Fr,5/18/2012,0.487,,Fr,5/18/2012,1.424
We,5/9/2012,0.067,,Th,5/17/2012,0.463,,Th,5/17/2012,1.411
Tu,5/8/2012,0.087,,We,5/16/2012,0.523,,We,5/16/2012,1.468
Mo,5/7/2012,0.097,,Tu,5/15/2012,0.513,,Tu,5/15/2012,1.469
,,,,Mo,5/14/2012,0.504,,Mo,5/14/2012,1.456
Fr,5/4/2012,0.079,,,,,,,,
Th,5/3/2012,0.085,,Fr,5/11/2012,0.545,,Fr,5/11/2012,1.515
We,5/2/2012,0.077,,Th,5/10/2012,0.548,,Th,5/10/2012,1.538
Mo,4/30/2012,0.076,,We,5/9/2012,0.531,,We,5/9/2012,1.516
,,,,Tu,5/8/2012,0.527,,Tu,5/8/2012,1.541
Fr,4/27/2012,0.099,,Mo,5/7/2012,0.579,,Mo,5/7/2012,1.603
Th,4/26/2012,0.092,,,,,,,,
We,4/25/2012,0.121,,Fr,5/4/2012,0.548,,Fr,5/4/2012,1.583
Tu,4/24/2012,0.127,,Th,5/3/2012,0.581,,Th,5/3/2012,1.611
Mo,4/23/2012,0.102,,We,5/2/2012,0.565,,We,5/2/2012,1.608
,,,,Mo,4/30/2012,0.599,,Mo,4/30/2012,1.662
Fr,4/20/2012,0.136,,,,,,,,
Th,4/19/2012,0.124,,Fr,4/27/2012,0.639,,Fr,4/27/2012,1.697
We,4/18/2012,0.136,,Th,4/26/2012,0.627,,Th,4/26/2012,1.682
Tu,4/17/2012,0.144,,We,4/25/2012,0.692,,We,4/25/2012,1.74
Mo,4/16/2012,0.134,,Tu,4/24/2012,0.664,,Tu,4/24/2012,1.697
,,,,Mo,4/23/2012,0.614,,Mo,4/23/2012,1.643
Fr,4/13/2012,0.124,,,,,,,,
Th,4/12/2012,0.134,,Fr,4/20/2012,0.672,,Fr,4/20/2012,1.707
We,4/11/2012,0.137,,Th,4/19/2012,0.65,,Th,4/19/2012,1.691
Tu,4/10/2012,0.091,,We,4/18/2012,0.673,,We,4/18/2012,1.719
,,,,Tu,4/17/2012,0.696,,Tu,4/17/2012,1.749
Th,4/5/2012,0.138,,Mo,4/16/2012,0.667,,Mo,4/16/2012,1.716
We,4/4/2012,0.185,,,,,,,,
Tu,4/3/2012,0.201,,Fr,4/13/2012,0.67,,Fr,4/13/2012,1.733
Mo,4/2/2012,0.209,,Th,4/12/2012,0.698,,Th,4/12/2012,1.787
,,,,We,4/11/2012,0.679,,We,4/11/2012,1.778
Fr,3/30/2012,0.204,,Tu,4/10/2012,0.621,,Tu,4/10/2012,1.641
Th,3/29/2012,0.206,,,,,,,,
We,3/28/2012,0.209,,Th,4/5/2012,0.714,,Th,4/5/2012,1.734
Tu,3/27/2012,0.237,,We,4/4/2012,0.772,,We,4/4/2012,1.787
Mo,3/26/2012,0.26,,Tu,4/3/2012,0.801,,Tu,4/3/2012,1.802
,,,,Mo,4/2/2012,0.803,,Mo,4/2/2012,1.803
Fr,3/23/2012,0.228,,,,,,,,
Th,3/22/2012,0.258,,Fr,3/30/2012,0.794,,Fr,3/30/2012,1.792
We,3/21/2012,0.288,,Th,3/29/2012,0.799,,Th,3/29/2012,1.806
Tu,3/20/2012,0.331,,We,3/28/2012,0.828,,We,3/28/2012,1.831
Mo,3/19/2012,0.336,,Tu,3/27/2012,0.88,,Tu,3/27/2012,1.888
,,,,Mo,3/26/2012,0.951,,Mo,3/26/2012,1.952
Fr,3/16/2012,0.331,,,,,,,,
Th,3/15/2012,0.278,,Fr,3/23/2012,0.879,,Fr,3/23/2012,1.864
We,3/14/2012,0.245,,Th,3/22/2012,0.919,,Th,3/22/2012,1.91
Tu,3/13/2012,0.177,,We,3/21/2012,0.987,,We,3/21/2012,1.978
Mo,3/12/2012,0.152,,Tu,3/20/2012,1.059,,Tu,3/20/2012,2.039
,,,,Mo,3/19/2012,1.074,,Mo,3/19/2012,2.054
Fr,3/9/2012,0.156,,,,,,,,
Th,3/8/2012,0.155,,Fr,3/16/2012,1.062,,Fr,3/16/2012,2.049
We,3/7/2012,0.148,,Th,3/15/2012,0.97,,Th,3/15/2012,1.966
Tu,3/6/2012,0.165,,We,3/14/2012,0.93,,We,3/14/2012,1.953
Mo,3/5/2012,0.182,,Tu,3/13/2012,0.799,,Tu,3/13/2012,1.82
,,,,Mo,3/12/2012,0.746,,Mo,3/12/2012,1.756
Fr,3/2/2012,0.158,,,,,,,,
Th,3/1/2012,0.213,,Fr,3/9/2012,0.776,,Fr,3/9/2012,1.793
We,2/29/2012,0.188,,Th,3/8/2012,0.78,,Th,3/8/2012,1.797
Tu,2/28/2012,0.197,,We,3/7/2012,0.769,,We,3/7/2012,1.771
Mo,2/27/2012,0.199,,Tu,3/6/2012,0.781,,Tu,3/6/2012,1.776
,,,,Mo,3/5/2012,0.822,,Mo,3/5/2012,1.825
Fr,2/24/2012,0.235,,,,,,,,
Th,2/23/2012,0.255,,Fr,3/2/2012,0.781,,Fr,3/2/2012,1.799
We,2/22/2012,0.26,,Th,3/1/2012,0.856,,Th,3/1/2012,1.863
Tu,2/21/2012,0.258,,We,2/29/2012,0.813,,We,2/29/2012,1.817
Mo,2/20/2012,0.256,,Tu,2/28/2012,0.784,,Tu,2/28/2012,1.799
,,,,Mo,2/27/2012,0.795,,Mo,2/27/2012,1.828
Fr,2/17/2012,0.25,,,,,,,,
Th,2/16/2012,0.242,,Fr,2/24/2012,0.85,,Fr,2/24/2012,1.882
We,2/15/2012,0.211,,Th,2/23/2012,0.867,,Th,2/23/2012,1.882
Tu,2/14/2012,0.238,,We,2/22/2012,0.87,,We,2/22/2012,1.89
Mo,2/13/2012,0.253,,Tu,2/21/2012,0.94,,Tu,2/21/2012,1.98
,,,,Mo,2/20/2012,0.931,,Mo,2/20/2012,1.959
Fr,2/10/2012,0.236,,,,,,,,
Th,2/9/2012,0.266,,Fr,2/17/2012,0.908,,Fr,2/17/2012,1.923
We,2/8/2012,0.247,,Th,2/16/2012,0.891,,Th,2/16/2012,1.895
Tu,2/7/2012,0.22,,We,2/15/2012,0.848,,We,2/15/2012,1.86
Mo,2/6/2012,0.176,,Tu,2/14/2012,0.889,,Tu,2/14/2012,1.901
,,,,Mo,2/13/2012,0.895,,Mo,2/13/2012,1.93
Fr,2/3/2012,0.201,,,,,,,,
Th,2/2/2012,0.204,,Fr,2/10/2012,0.864,,Fr,2/10/2012,1.905
We,2/1/2012,0.177,,Th,2/9/2012,0.956,,Th,2/9/2012,2.015
Tu,1/31/2012,0.156,,We,2/8/2012,0.92,,We,2/8/2012,1.981
Mo,1/30/2012,0.172,,Tu,2/7/2012,0.906,,Tu,2/7/2012,1.962
,,,,Mo,2/6/2012,0.824,,Mo,2/6/2012,1.886
Fr,1/27/2012,0.188,,,,,,,,
Th,1/26/2012,0.175,,Fr,2/3/2012,0.869,,Fr,2/3/2012,1.931
We,1/25/2012,0.191,,Th,2/2/2012,0.805,,Th,2/2/2012,1.85
Tu,1/24/2012,0.217,,We,2/1/2012,0.784,,We,2/1/2012,1.85
Mo,1/23/2012,0.197,,Tu,1/31/2012,0.736,,Tu,1/31/2012,1.786
,,,,Mo,1/30/2012,0.769,,Mo,1/30/2012,1.791
Fr,1/20/2012,0.205,,,,,,,,
Th,1/19/2012,0.21,,Fr,1/27/2012,0.811,,Fr,1/27/2012,1.856
We,1/18/2012,0.2,,Th,1/26/2012,0.815,,Th,1/26/2012,1.869
Tu,1/17/2012,0.18,,We,1/25/2012,0.902,,We,1/25/2012,1.943
Mo,1/16/2012,0.148,,Tu,1/24/2012,0.956,,Tu,1/24/2012,1.991
,,,,Mo,1/23/2012,0.916,,Mo,1/23/2012,1.969
Fr,1/13/2012,0.15,,,,,,,,
Th,1/12/2012,0.159,,Fr,1/20/2012,0.887,,Fr,1/20/2012,1.927
We,1/11/2012,0.137,,Th,1/19/2012,0.838,,Th,1/19/2012,1.857
Tu,1/10/2012,0.168,,We,1/18/2012,0.776,,We,1/18/2012,1.782
Mo,1/9/2012,0.139,,Tu,1/17/2012,0.769,,Tu,1/17/2012,1.789
,,,,Mo,1/16/2012,0.743,,Mo,1/16/2012,1.767
Fr,1/6/2012,0.163,,,,,,,,
Th,1/5/2012,0.17,,Fr,1/13/2012,0.746,,Fr,1/13/2012,1.762
We,1/4/2012,0.177,,Th,1/12/2012,0.828,,Th,1/12/2012,1.832
Tu,1/3/2012,0.185,,We,1/11/2012,0.74,,We,1/11/2012,1.812
Mo,1/2/2012,0.198,,Tu,1/10/2012,0.826,,Tu,1/10/2012,1.881
,,,,Mo,1/9/2012,0.771,,Mo,1/9/2012,1.842
Fr,12/30/2011,0.139,,,,,,,,
Th,12/29/2011,0.156,,Fr,1/6/2012,0.78,,Fr,1/6/2012,1.851
We,12/28/2011,0.165,,Th,1/5/2012,0.789,,Th,1/5/2012,1.861
Tu,12/27/2011,0.163,,We,1/4/2012,0.821,,We,1/4/2012,1.921
,,,,Tu,1/3/2012,0.801,,Tu,1/3/2012,1.895
Fr,12/23/2011,0.22,,Mo,1/2/2012,0.814,,Mo,1/2/2012,1.902
Th,12/22/2011,0.224,,,,,,,,
We,12/21/2011,0.228,,Fr,12/30/2011,0.753,,Fr,12/30/2011,1.825
Tu,12/20/2011,0.208,,Th,12/29/2011,0.786,,Th,12/29/2011,1.839
Mo,12/19/2011,0.206,,We,12/28/2011,0.835,,We,12/28/2011,1.891
,,,,Tu,12/27/2011,0.834,,Tu,12/27/2011,1.917
Fr,12/16/2011,0.216,,,,,,,,
Th,12/15/2011,0.251,,Fr,12/23/2011,0.884,,Fr,12/23/2011,1.957
We,12/14/2011,0.27,,Th,12/22/2011,0.875,,Th,12/22/2011,1.941
Tu,12/13/2011,0.269,,We,12/21/2011,0.863,,We,12/21/2011,1.931
Mo,12/12/2011,0.246,,Tu,12/20/2011,0.864,,Tu,12/20/2011,1.951
,,,,Mo,12/19/2011,0.811,,Mo,12/19/2011,1.878
Fr,12/9/2011,0.315,,,,,,,,
Th,12/8/2011,0.285,,Fr,12/16/2011,0.811,,Fr,12/16/2011,1.849
We,12/7/2011,0.308,,Th,12/15/2011,0.874,,Th,12/15/2011,1.942
Tu,12/6/2011,0.335,,We,12/14/2011,0.855,,We,12/14/2011,1.917
Mo,12/5/2011,0.336,,Tu,12/13/2011,0.945,,Tu,12/13/2011,2.024
,,,,Mo,12/12/2011,0.924,,Mo,12/12/2011,2.017
Fr,12/2/2011,0.299,,,,,,,,
Th,12/1/2011,0.296,,Fr,12/9/2011,1.028,,Fr,12/9/2011,2.146
We,11/30/2011,0.331,,Th,12/8/2011,0.969,,Th,12/8/2011,2.013
Tu,11/29/2011,0.431,,We,12/7/2011,1.034,,We,12/7/2011,2.1
Mo,11/28/2011,0.443,,Tu,12/6/2011,1.104,,Tu,12/6/2011,2.184
,,,,Mo,12/5/2011,1.09,,Mo,12/5/2011,2.2
Fr,11/25/2011,0.456,,,,,,,,
Th,11/24/2011,0.467,,Fr,12/2/2011,1.041,,Fr,12/2/2011,2.131
We,11/23/2011,0.44,,Th,12/1/2011,1.045,,Th,12/1/2011,2.175
Tu,11/22/2011,0.381,,We,11/30/2011,1.16,,We,11/30/2011,2.276
Mo,11/21/2011,0.403,,Tu,11/29/2011,1.297,,Tu,11/29/2011,2.327
,,,,Mo,11/28/2011,1.277,,Mo,11/28/2011,2.297
Fr,11/18/2011,0.462,,,,,,,,
Th,11/17/2011,0.441,,Fr,11/25/2011,1.229,,Fr,11/25/2011,2.26
We,11/16/2011,0.391,,Th,11/24/2011,1.188,,Th,11/24/2011,2.191
Tu,11/15/2011,0.303,,We,11/23/2011,1.126,,We,11/23/2011,2.145
Mo,11/14/2011,0.306,,Tu,11/22/2011,1.005,,Tu,11/22/2011,1.917
,,,,Mo,11/21/2011,1.032,,Mo,11/21/2011,1.913
Fr,11/11/2011,0.399,,,,,,,,
Th,11/10/2011,0.372,,Fr,11/18/2011,1.092,,Fr,11/18/2011,1.964
We,11/9/2011,0.35,,Th,11/17/2011,1.029,,Th,11/17/2011,1.89
Tu,11/8/2011,0.394,,We,11/16/2011,0.95,,We,11/16/2011,1.813
Mo,11/7/2011,0.373,,Tu,11/15/2011,0.881,,Tu,11/15/2011,1.78
,,,,Mo,11/14/2011,0.888,,Mo,11/14/2011,1.779
Fr,11/4/2011,0.401,,,,,,,,
Th,11/3/2011,0.401,,Fr,11/11/2011,1.027,,Fr,11/11/2011,1.886
We,11/2/2011,0.421,,Th,11/10/2011,0.941,,Th,11/10/2011,1.776
Tu,11/1/2011,0.409,,We,11/9/2011,0.882,,We,11/9/2011,1.719
Mo,10/31/2011,0.536,,Tu,11/8/2011,0.931,,Tu,11/8/2011,1.799
,,,,Mo,11/7/2011,0.906,,Mo,11/7/2011,1.778
Fr,10/28/2011,0.601,,,,,,,,
Th,10/27/2011,0.655,,Fr,11/4/2011,0.966,,Fr,11/4/2011,1.822
We,10/26/2011,0.515,,Th,11/3/2011,1.04,,Th,11/3/2011,1.911
Tu,10/25/2011,0.562,,We,11/2/2011,0.99,,We,11/2/2011,1.825
Mo,10/24/2011,0.656,,Tu,11/1/2011,0.952,,Tu,11/1/2011,1.767
,,,,Mo,10/31/2011,1.159,,Mo,10/31/2011,2.024
Fr,10/21/2011,0.659,,,,,,,,
Th,10/20/2011,0.587,,Fr,10/28/2011,1.299,,Fr,10/28/2011,2.176
We,10/19/2011,0.616,,Th,10/27/2011,1.344,,Th,10/27/2011,2.205
Tu,10/18/2011,0.58,,We,10/26/2011,1.172,,We,10/26/2011,2.036
Mo,10/17/2011,0.577,,Tu,10/25/2011,1.232,,Tu,10/25/2011,2.057
,,,,Mo,10/24/2011,1.328,,Mo,10/24/2011,2.12
Fr,10/14/2011,0.659,,,,,,,,
Th,10/13/2011,0.62,,Fr,10/21/2011,1.32,,Fr,10/21/2011,2.104
We,10/12/2011,0.702,,Th,10/20/2011,1.198,,Th,10/20/2011,1.996
Tu,10/11/2011,0.647,,We,10/19/2011,1.255,,We,10/19/2011,2.057
Mo,10/10/2011,0.647,,Tu,10/18/2011,1.212,,Tu,10/18/2011,2.011
,,,,Mo,10/17/2011,1.269,,Mo,10/17/2011,2.097
Fr,10/7/2011,0.599,,,,,,,,
Th,10/6/2011,0.607,,Fr,10/14/2011,1.383,,Fr,10/14/2011,2.197
We,10/5/2011,0.494,,Th,10/13/2011,1.314,,Th,10/13/2011,2.104
Tu,10/4/2011,0.455,,We,10/12/2011,1.414,,We,10/12/2011,2.188
Mo,10/3/2011,0.491,,Tu,10/11/2011,1.323,,Tu,10/11/2011,2.087
,,,,Mo,10/10/2011,1.324,,Mo,10/10/2011,2.081
Fr,9/30/2011,0.547,,,,,,,,
Th,9/29/2011,0.597,,Fr,10/7/2011,1.246,,Fr,10/7/2011,2
We,9/28/2011,0.592,,Th,10/6/2011,1.21,,Th,10/6/2011,1.94
Tu,9/27/2011,0.529,,We,10/5/2011,1.109,,We,10/5/2011,1.838
Mo,9/26/2011,0.449,,Tu,10/4/2011,1.017,,Tu,10/4/2011,1.724
,,,,Mo,10/3/2011,1.097,,Mo,10/3/2011,1.814
Fr,9/23/2011,0.389,,,,,,,,
Th,9/22/2011,0.397,,Fr,9/30/2011,1.165,,Fr,9/30/2011,1.885
We,9/21/2011,0.44,,Th,9/29/2011,1.273,,Th,9/29/2011,2.005
Tu,9/20/2011,0.46,,We,9/28/2011,1.288,,We,9/28/2011,2.01
Mo,9/19/2011,0.462,,Tu,9/27/2011,1.093,,Tu,9/27/2011,1.96
,,,,Mo,9/26/2011,0.977,,Mo,9/26/2011,1.827
Fr,9/16/2011,0.507,,,,,,,,
Th,9/15/2011,0.598,,Fr,9/23/2011,0.903,,Fr,9/23/2011,1.745
We,9/14/2011,0.558,,Th,9/22/2011,0.866,,Th,9/22/2011,1.673
Tu,9/13/2011,0.498,,We,9/21/2011,0.943,,We,9/21/2011,1.77
Mo,9/12/2011,0.431,,Tu,9/20/2011,0.956,,Tu,9/20/2011,1.789
,,,,Mo,9/19/2011,0.957,,Mo,9/19/2011,1.799
Fr,9/9/2011,0.386,,,,,,,,
Th,9/8/2011,0.434,,Fr,9/16/2011,1.011,,Fr,9/16/2011,1.861
We,9/7/2011,0.482,,Th,9/15/2011,1.088,,Th,9/15/2011,1.927
Tu,9/6/2011,0.431,,We,9/14/2011,1.028,,We,9/14/2011,1.876
Mo,9/5/2011,0.421,,Tu,9/13/2011,0.939,,Tu,9/13/2011,1.792
,,,,Mo,9/12/2011,0.878,,Mo,9/12/2011,1.741
Fr,9/2/2011,0.515,,,,,,,,
Th,9/1/2011,0.639,,Fr,9/9/2011,0.864,,Fr,9/9/2011,1.77
We,8/31/2011,0.714,,Th,9/8/2011,0.962,,Th,9/8/2011,1.868
Tu,8/30/2011,0.652,,We,9/7/2011,1.007,,We,9/7/2011,1.905
Mo,8/29/2011,0.736,,Tu,9/6/2011,0.963,,Tu,9/6/2011,1.846
,,,,Mo,9/5/2011,0.944,,Mo,9/5/2011,1.845
Fr,8/26/2011,0.647,,,,,,,,
Th,8/25/2011,0.642,,Fr,9/2/2011,1.072,,Fr,9/2/2011,2.006
We,8/24/2011,0.71,,Th,9/1/2011,1.225,,Th,9/1/2011,2.143
Tu,8/23/2011,0.66,,We,8/31/2011,1.309,,We,8/31/2011,2.217
Mo,8/22/2011,0.624,,Tu,8/30/2011,1.214,,Tu,8/30/2011,2.15
,,,,Mo,8/29/2011,1.318,,Mo,8/29/2011,2.224
Fr,8/19/2011,0.642,,,,,,,,
Th,8/18/2011,0.587,,Fr,8/26/2011,1.229,,Fr,8/26/2011,2.154
We,8/17/2011,0.693,,Th,8/25/2011,1.237,,Th,8/25/2011,2.183
Tu,8/16/2011,0.733,,We,8/24/2011,1.296,,We,8/24/2011,2.205
Mo,8/15/2011,0.708,,Tu,8/23/2011,1.237,,Tu,8/23/2011,2.126
,,,,Mo,8/22/2011,1.21,,Mo,8/22/2011,2.101
Fr,8/12/2011,0.685,,,,,,,,
Th,8/11/2011,0.656,,Fr,8/19/2011,1.214,,Fr,8/19/2011,2.103
We,8/10/2011,0.568,,Th,8/18/2011,1.17,,Th,8/18/2011,2.086
Tu,8/9/2011,0.772,,We,8/17/2011,1.267,,We,8/17/2011,2.201
Mo,8/8/2011,0.718,,Tu,8/16/2011,1.388,,Tu,8/16/2011,2.322
,,,,Mo,8/15/2011,1.392,,Mo,8/15/2011,2.324
Fr,8/5/2011,0.76,,,,,,,,
Th,8/4/2011,0.839,,Fr,8/12/2011,1.405,,Fr,8/12/2011,2.332
We,8/3/2011,1.044,,Th,8/11/2011,1.405,,Th,8/11/2011,2.314
Tu,8/2/2011,1.062,,We,8/10/2011,1.281,,We,8/10/2011,2.19
Mo,8/1/2011,1.094,,Tu,8/9/2011,1.496,,Tu,8/9/2011,2.363
,,,,Mo,8/8/2011,1.382,,Mo,8/8/2011,2.26
Fr,7/29/2011,1.158,,,,,,,,
Th,7/28/2011,1.236,,Fr,8/5/2011,1.446,,Fr,8/5/2011,2.345
We,7/27/2011,1.258,,Th,8/4/2011,1.431,,Th,8/4/2011,2.299
Tu,7/26/2011,1.333,,We,8/3/2011,1.574,,We,8/3/2011,2.401
Mo,7/25/2011,1.326,,Tu,8/2/2011,1.574,,Tu,8/2/2011,2.414
,,,,Mo,8/1/2011,1.622,,Mo,8/1/2011,2.452
Fr,7/22/2011,1.383,,,,,,,,
Th,7/21/2011,1.417,,Fr,7/29/2011,1.719,,Fr,7/29/2011,2.537
We,7/20/2011,1.297,,Th,7/28/2011,1.821,,Th,7/28/2011,2.632
Tu,7/19/2011,1.237,,We,7/27/2011,1.834,,We,7/27/2011,2.65
Mo,7/18/2011,1.189,,Tu,7/26/2011,1.919,,Tu,7/26/2011,2.738
,,,,Mo,7/25/2011,1.939,,Mo,7/25/2011,2.762
Fr,7/15/2011,1.211,,,,,,,,
Th,7/14/2011,1.234,,Fr,7/22/2011,2.009,,Fr,7/22/2011,2.826
We,7/13/2011,1.273,,Th,7/21/2011,2.063,,Th,7/21/2011,2.876
Tu,7/12/2011,1.283,,We,7/20/2011,1.93,,We,7/20/2011,2.765
Mo,7/11/2011,1.255,,Tu,7/19/2011,1.849,,Tu,7/19/2011,2.676
,,,,Mo,7/18/2011,1.814,,Mo,7/18/2011,2.646
Fr,7/8/2011,1.449,,,,,,,,
Th,7/7/2011,1.566,,Fr,7/15/2011,1.846,,Fr,7/15/2011,2.694
We,7/6/2011,1.577,,Th,7/14/2011,1.889,,Th,7/14/2011,2.736
Tu,7/5/2011,1.637,,We,7/13/2011,1.91,,We,7/13/2011,2.746
Mo,7/4/2011,1.664,,Tu,7/12/2011,1.898,,Tu,7/12/2011,2.709
,,,,Mo,7/11/2011,1.836,,Mo,7/11/2011,2.67
Fr,7/1/2011,1.647,,,,,,,,
Th,6/30/2011,1.603,,Fr,7/8/2011,2.027,,Fr,7/8/2011,2.828
We,6/29/2011,1.55,,Th,7/7/2011,2.18,,Th,7/7/2011,2.965
Tu,6/28/2011,1.466,,We,7/6/2011,2.165,,We,7/6/2011,2.932
Mo,6/27/2011,1.381,,Tu,7/5/2011,2.262,,Tu,7/5/2011,3.007
,,,,Mo,7/4/2011,2.293,,Mo,7/4/2011,3.018
Fr,6/24/2011,1.352,,,,,,,,
Th,6/23/2011,1.368,,Fr,7/1/2011,2.292,,Fr,7/1/2011,3.032
We,6/22/2011,1.477,,Th,6/30/2011,2.277,,Th,6/30/2011,3.023
Tu,6/21/2011,1.53,,We,6/29/2011,2.217,,We,6/29/2011,2.982
Mo,6/20/2011,1.52,,Tu,6/28/2011,2.127,,Tu,6/28/2011,2.932
,,,,Mo,6/27/2011,2.04,,Mo,6/27/2011,2.889
Fr,6/17/2011,1.51,,,,,,,,
Th,6/16/2011,1.439,,Fr,6/24/2011,2.003,,Fr,6/24/2011,2.833
We,6/15/2011,1.499,,Th,6/23/2011,2.017,,Th,6/23/2011,2.865
Tu,6/14/2011,1.588,,We,6/22/2011,2.137,,We,6/22/2011,2.941
Mo,6/13/2011,1.535,,Tu,6/21/2011,2.186,,Tu,6/21/2011,2.978
,,,,Mo,6/20/2011,2.176,,Mo,6/20/2011,2.963
Fr,6/10/2011,1.534,,,,,,,,
Th,6/9/2011,1.61,,Fr,6/17/2011,2.163,,Fr,6/17/2011,2.958
We,6/8/2011,1.659,,Th,6/16/2011,2.091,,Th,6/16/2011,2.915
Tu,6/7/2011,1.7,,We,6/15/2011,2.149,,We,6/15/2011,2.952
Mo,6/6/2011,1.662,,Tu,6/14/2011,2.236,,Tu,6/14/2011,3.013
,,,,Mo,6/13/2011,2.176,,Mo,6/13/2011,2.957
Fr,6/3/2011,1.688,,,,,,,,
Th,6/2/2011,1.636,,Fr,6/10/2011,2.17,,Fr,6/10/2011,2.96
We,6/1/2011,1.607,,Th,6/9/2011,2.257,,Th,6/9/2011,3.029
Tu,5/31/2011,1.601,,We,6/8/2011,2.313,,We,6/8/2011,3.053
Mo,5/30/2011,1.581,,Tu,6/7/2011,2.377,,Tu,6/7/2011,3.092
,,,,Mo,6/6/2011,2.321,,Mo,6/6/2011,3.023
Fr,5/27/2011,1.559,,,,,,,,
Th,5/26/2011,1.61,,Fr,6/3/2011,2.364,,Fr,6/3/2011,3.057
We,5/25/2011,1.656,,Th,6/2/2011,2.276,,Th,6/2/2011,2.989
Tu,5/24/2011,1.704,,We,6/1/2011,2.254,,We,6/1/2011,2.986
Mo,5/23/2011,1.689,,Tu,5/31/2011,2.277,,Tu,5/31/2011,3.019
,,,,Mo,5/30/2011,2.245,,Mo,5/30/2011,2.975
Fr,5/20/2011,1.767,,,,,,,,
Th,5/19/2011,1.829,,Fr,5/27/2011,2.243,,Fr,5/27/2011,2.984
We,5/18/2011,1.824,,Th,5/26/2011,2.278,,Th,5/26/2011,2.995
Tu,5/17/2011,1.789,,We,5/25/2011,2.337,,We,5/25/2011,3.047
Mo,5/16/2011,1.804,,Tu,5/24/2011,2.376,,Tu,5/24/2011,3.068
,,,,Mo,5/23/2011,2.344,,Mo,5/23/2011,3.013
Fr,5/13/2011,1.774,,,,,,,,
Th,5/12/2011,1.769,,Fr,5/20/2011,2.411,,Fr,5/20/2011,3.055
We,5/11/2011,1.798,,Th,5/19/2011,2.48,,Th,5/19/2011,3.112
Tu,5/10/2011,1.705,,We,5/18/2011,2.484,,We,5/18/2011,3.119
Mo,5/9/2011,1.696,,Tu,5/17/2011,2.45,,Tu,5/17/2011,3.092
,,,,Mo,5/16/2011,2.46,,Mo,5/16/2011,3.115
Fr,5/6/2011,1.757,,,,,,,,
Th,5/5/2011,1.757,,Fr,5/13/2011,2.425,,Fr,5/13/2011,3.076
We,5/4/2011,1.904,,Th,5/12/2011,2.443,,Th,5/12/2011,3.107
Tu,5/3/2011,1.874,,We,5/11/2011,2.471,,We,5/11/2011,3.127
Mo,5/2/2011,1.804,,Tu,5/10/2011,2.476,,Tu,5/10/2011,3.121
,,,,Mo,5/9/2011,2.466,,Mo,5/9/2011,3.102
Fr,4/29/2011,1.767,,,,,,,,
Th,4/28/2011,1.768,,Fr,5/6/2011,2.551,,Fr,5/6/2011,3.169
We,4/27/2011,1.803,,Th,5/5/2011,2.576,,Th,5/5/2011,3.213
Tu,4/26/2011,1.728,,We,5/4/2011,2.697,,We,5/4/2011,3.294
,,,,Tu,5/3/2011,2.679,,Tu,5/3/2011,3.277
Th,4/21/2011,1.754,,Mo,5/2/2011,2.62,,Mo,5/2/2011,3.244
We,4/20/2011,1.826,,,,,,,,
Tu,4/19/2011,1.794,,Fr,4/29/2011,2.599,,Fr,4/29/2011,3.238
Mo,4/18/2011,1.734,,Th,4/28/2011,2.624,,Th,4/28/2011,3.262
,,,,We,4/27/2011,2.677,,We,4/27/2011,3.29
Fr,4/15/2011,1.842,,Tu,4/26/2011,2.609,,Tu,4/26/2011,3.247
Th,4/14/2011,1.865,,,,,,,,
We,4/13/2011,1.86,,Th,4/21/2011,2.631,,Th,4/21/2011,3.259
Tu,4/12/2011,1.85,,We,4/20/2011,2.682,,We,4/20/2011,3.303
Mo,4/11/2011,1.909,,Tu,4/19/2011,2.616,,Tu,4/19/2011,3.274
,,,,Mo,4/18/2011,2.574,,Mo,4/18/2011,3.246
Fr,4/8/2011,1.903,,,,,,,,
Th,4/7/2011,1.824,,Fr,4/15/2011,2.706,,Fr,4/15/2011,3.377
We,4/6/2011,1.835,,Th,4/14/2011,2.749,,Th,4/14/2011,3.427
Tu,4/5/2011,1.833,,We,4/13/2011,2.748,,We,4/13/2011,3.434
Mo,4/4/2011,1.806,,Tu,4/12/2011,2.747,,Tu,4/12/2011,3.44
,,,,Mo,4/11/2011,2.812,,Mo,4/11/2011,3.489
Fr,4/1/2011,1.817,,,,,,,,
Th,3/31/2011,1.787,,Fr,4/8/2011,2.804,,Fr,4/8/2011,3.48
We,3/30/2011,1.755,,Th,4/7/2011,2.728,,Th,4/7/2011,3.42
Tu,3/29/2011,1.772,,We,4/6/2011,2.741,,We,4/6/2011,3.429
Mo,3/28/2011,1.732,,Tu,4/5/2011,2.714,,Tu,4/5/2011,3.391
,,,,Mo,4/4/2011,2.685,,Mo,4/4/2011,3.367
Fr,3/25/2011,1.729,,,,,,,,
Th,3/24/2011,1.677,,Fr,4/1/2011,2.697,,Fr,4/1/2011,3.371
We,3/23/2011,1.687,,Th,3/31/2011,2.671,,Th,3/31/2011,3.352
Tu,3/22/2011,1.699,,We,3/30/2011,2.643,,We,3/30/2011,3.338
Mo,3/21/2011,1.728,,Tu,3/29/2011,2.65,,Tu,3/29/2011,3.331
,,,,Mo,3/28/2011,2.595,,Mo,3/28/2011,3.289
Fr,3/18/2011,1.629,,,,,,,,
Th,3/17/2011,1.565,,Fr,3/25/2011,2.582,,Fr,3/25/2011,3.278
We,3/16/2011,1.47,,Th,3/24/2011,2.526,,Th,3/24/2011,3.243
Tu,3/15/2011,1.524,,We,3/23/2011,2.534,,We,3/23/2011,3.235
Mo,3/14/2011,1.635,,Tu,3/22/2011,2.55,,Tu,3/22/2011,3.256
,,,,Mo,3/21/2011,2.536,,Mo,3/21/2011,3.232
Fr,3/11/2011,1.647,,,,,,,,
Th,3/10/2011,1.695,,Fr,3/18/2011,2.465,,Fr,3/18/2011,3.187
We,3/9/2011,1.73,,Th,3/17/2011,2.425,,Th,3/17/2011,3.167
Tu,3/8/2011,1.741,,We,3/16/2011,2.329,,We,3/16/2011,3.089
Mo,3/7/2011,1.748,,Tu,3/15/2011,2.393,,Tu,3/15/2011,3.136
,,,,Mo,3/14/2011,2.507,,Mo,3/14/2011,3.225
Fr,3/4/2011,1.76,,,,,,,,
Th,3/3/2011,1.773,,Fr,3/11/2011,2.505,,Fr,3/11/2011,3.212
We,3/2/2011,1.538,,Th,3/10/2011,2.549,,Th,3/10/2011,3.248
Tu,3/1/2011,1.522,,We,3/9/2011,2.596,,We,3/9/2011,3.289
Mo,2/28/2011,1.511,,Tu,3/8/2011,2.617,,Tu,3/8/2011,3.304
,,,,Mo,3/7/2011,2.595,,Mo,3/7/2011,3.271
Fr,2/25/2011,1.536,,,,,,,,
Th,2/24/2011,1.526,,Fr,3/4/2011,2.588,,Fr,3/4/2011,3.272
We,2/23/2011,1.541,,Th,3/3/2011,2.619,,Th,3/3/2011,3.325
Tu,2/22/2011,1.422,,We,3/2/2011,2.421,,We,3/2/2011,3.195
Mo,2/21/2011,1.376,,Tu,3/1/2011,2.407,,Tu,3/1/2011,3.177
,,,,Mo,2/28/2011,2.386,,Mo,2/28/2011,3.169
Fr,2/18/2011,1.396,,,,,,,,
Th,2/17/2011,1.319,,Fr,2/25/2011,2.372,,Fr,2/25/2011,3.15
We,2/16/2011,1.377,,Th,2/24/2011,2.351,,Th,2/24/2011,3.129
Tu,2/15/2011,1.407,,We,2/23/2011,2.367,,We,2/23/2011,3.138
Mo,2/14/2011,1.395,,Tu,2/22/2011,2.353,,Tu,2/22/2011,3.144
,,,,Mo,2/21/2011,2.366,,Mo,2/21/2011,3.182
Fr,2/11/2011,1.406,,,,,,,,
Th,2/10/2011,1.447,,Fr,2/18/2011,2.414,,Fr,2/18/2011,3.252
We,2/9/2011,1.455,,Th,2/17/2011,2.337,,Th,2/17/2011,3.181
Tu,2/8/2011,1.433,,We,2/16/2011,2.411,,We,2/16/2011,3.235
Mo,2/7/2011,1.36,,Tu,2/15/2011,2.452,,Tu,2/15/2011,3.28
,,,,Mo,2/14/2011,2.455,,Mo,2/14/2011,3.294
Fr,2/4/2011,1.435,,,,,,,,
Th,2/3/2011,1.351,,Fr,2/11/2011,2.465,,Fr,2/11/2011,3.292
We,2/2/2011,1.482,,Th,2/10/2011,2.496,,Th,2/10/2011,3.299
Tu,2/1/2011,1.405,,We,2/9/2011,2.511,,We,2/9/2011,3.305
Mo,1/31/2011,1.368,,Tu,2/8/2011,2.469,,Tu,2/8/2011,3.253
,,,,Mo,2/7/2011,2.432,,Mo,2/7/2011,3.25
Fr,1/28/2011,1.362,,,,,,,,
Th,1/27/2011,1.365,,Fr,2/4/2011,2.461,,Fr,2/4/2011,3.259
We,1/26/2011,1.317,,Th,2/3/2011,2.377,,Th,2/3/2011,3.214
Tu,1/25/2011,1.267,,We,2/2/2011,2.482,,We,2/2/2011,3.257
Mo,1/24/2011,1.255,,Tu,2/1/2011,2.433,,Tu,2/1/2011,3.219
,,,,Mo,1/31/2011,2.386,,Mo,1/31/2011,3.153
Fr,1/21/2011,1.289,,,,,,,,
Th,1/20/2011,1.252,,Fr,1/28/2011,2.381,,Fr,1/28/2011,3.146
We,1/19/2011,1.159,,Th,1/27/2011,2.413,,Th,1/27/2011,3.205
Tu,1/18/2011,1.199,,We,1/26/2011,2.373,,We,1/26/2011,3.183
Mo,1/17/2011,1.138,,Tu,1/25/2011,2.317,,Tu,1/25/2011,3.144
,,,,Mo,1/24/2011,2.316,,Mo,1/24/2011,3.15
Fr,1/14/2011,1.151,,,,,,,,
Th,1/13/2011,1.088,,Fr,1/21/2011,2.341,,Fr,1/21/2011,3.176
We,1/12/2011,0.982,,Th,1/20/2011,2.306,,Th,1/20/2011,3.163
Tu,1/11/2011,0.894,,We,1/19/2011,2.215,,We,1/19/2011,3.105
Mo,1/10/2011,0.862,,Tu,1/18/2011,2.233,,Tu,1/18/2011,3.115
,,,,Mo,1/17/2011,2.166,,Mo,1/17/2011,3.038
Fr,1/7/2011,0.866,,,,,,,,
Th,1/6/2011,0.896,,Fr,1/14/2011,2.17,,Fr,1/14/2011,3.028
We,1/5/2011,0.907,,Th,1/13/2011,2.143,,Th,1/13/2011,3.044
Tu,1/4/2011,0.824,,We,1/12/2011,2.079,,We,1/12/2011,3.052
Mo,1/3/2011,0.825,,Tu,1/11/2011,1.829,,Tu,1/11/2011,2.925
,,,,Mo,1/10/2011,1.792,,Mo,1/10/2011,2.87
Fr,12/31/2010,0.864,,,,,,,,
Th,12/30/2010,0.863,,Fr,1/7/2011,1.798,,Fr,1/7/2011,2.869
We,12/29/2010,0.889,,Th,1/6/2011,1.849,,Th,1/6/2011,2.913
Tu,12/28/2010,0.891,,We,1/5/2011,1.862,,We,1/5/2011,2.938
Mo,12/27/2010,0.947,,Tu,1/4/2011,1.793,,Tu,1/4/2011,2.891
,,,,Mo,1/3/2011,1.812,,Mo,1/3/2011,2.922
Fr,12/24/2010,0.943,,,,,,,,
Th,12/23/2010,0.94,,Fr,12/31/2010,1.838,,Fr,12/31/2010,2.963
We,12/22/2010,0.953,,Th,12/30/2010,1.833,,Th,12/30/2010,2.959
Tu,12/21/2010,1.036,,We,12/29/2010,1.899,,We,12/29/2010,3.018
Mo,12/20/2010,1.032,,Tu,12/28/2010,1.883,,Tu,12/28/2010,2.976
,,,,Mo,12/27/2010,1.933,,Mo,12/27/2010,3.031
Fr,12/17/2010,1.058,,,,,,,,
Th,12/16/2010,1.078,,Fr,12/24/2010,1.895,,Fr,12/24/2010,2.982
We,12/15/2010,1.065,,Th,12/23/2010,1.895,,Th,12/23/2010,2.977
Tu,12/14/2010,1.084,,We,12/22/2010,1.892,,We,12/22/2010,2.952
Mo,12/13/2010,1.062,,Tu,12/21/2010,1.969,,Tu,12/21/2010,2.986
,,,,Mo,12/20/2010,1.952,,Mo,12/20/2010,2.967
Fr,12/10/2010,1.078,,,,,,,,
Th,12/9/2010,1.019,,Fr,12/17/2010,2.036,,Fr,12/17/2010,3.029
We,12/8/2010,0.999,,Th,12/16/2010,2.075,,Th,12/16/2010,3.065
Tu,12/7/2010,0.869,,We,12/15/2010,2.041,,We,12/15/2010,3.03
Mo,12/6/2010,0.809,,Tu,12/14/2010,2.061,,Tu,12/14/2010,3.026
,,,,Mo,12/13/2010,2,,Mo,12/13/2010,2.976
Fr,12/3/2010,0.858,,,,,,,,
Th,12/2/2010,0.864,,Fr,12/10/2010,1.986,,Fr,12/10/2010,2.954
We,12/1/2010,0.873,,Th,12/9/2010,1.961,,Th,12/9/2010,2.947
Tu,11/30/2010,0.856,,We,12/8/2010,1.971,,We,12/8/2010,3.014
Mo,11/29/2010,0.913,,Tu,12/7/2010,1.842,,Tu,12/7/2010,2.948
,,,,Mo,12/6/2010,1.751,,Mo,12/6/2010,2.853
Fr,11/26/2010,0.928,,,,,,,,
Th,11/25/2010,0.959,,Fr,12/3/2010,1.824,,Fr,12/3/2010,2.857
We,11/24/2010,0.966,,Th,12/2/2010,1.807,,Th,12/2/2010,2.819
Tu,11/23/2010,0.93,,We,12/1/2010,1.772,,We,12/1/2010,2.78
Mo,11/22/2010,1.036,,Tu,11/30/2010,1.674,,Tu,11/30/2010,2.67
,,,,Mo,11/29/2010,1.771,,Mo,11/29/2010,2.757
Fr,11/19/2010,1.107,,,,,,,,
Th,11/18/2010,1.108,,Fr,11/26/2010,1.765,,Fr,11/26/2010,2.734
We,11/17/2010,1.046,,Th,11/25/2010,1.777,,Th,11/25/2010,2.712
Tu,11/16/2010,1.057,,We,11/24/2010,1.75,,We,11/24/2010,2.711
Mo,11/15/2010,1.042,,Tu,11/23/2010,1.659,,Tu,11/23/2010,2.552
,,,,Mo,11/22/2010,1.763,,Mo,11/22/2010,2.65
Fr,11/12/2010,1.024,,,,,,,,
Th,11/11/2010,0.945,,Fr,11/19/2010,1.829,,Fr,11/19/2010,2.703
We,11/10/2010,0.97,,Th,11/18/2010,1.827,,Th,11/18/2010,2.704
Tu,11/9/2010,0.928,,We,11/17/2010,1.724,,We,11/17/2010,2.601
Mo,11/8/2010,0.922,,Tu,11/16/2010,1.718,,Tu,11/16/2010,2.622
,,,,Mo,11/15/2010,1.672,,Mo,11/15/2010,2.563
Fr,11/5/2010,0.915,,,,,,,,
Th,11/4/2010,0.925,,Fr,11/12/2010,1.628,,Fr,11/12/2010,2.512
We,11/3/2010,0.962,,Th,11/11/2010,1.52,,Th,11/11/2010,2.435
Tu,11/2/2010,0.991,,We,11/10/2010,1.548,,We,11/10/2010,2.441
Mo,11/1/2010,0.978,,Tu,11/9/2010,1.55,,Tu,11/9/2010,2.407
,,,,Mo,11/8/2010,1.542,,Mo,11/8/2010,2.39
Fr,10/29/2010,0.989,,,,,,,,
Th,10/28/2010,1.029,,Fr,11/5/2010,1.557,,Fr,11/5/2010,2.417
We,10/27/2010,1.02,,Th,11/4/2010,1.561,,Th,11/4/2010,2.396
Tu,10/26/2010,1.011,,We,11/3/2010,1.622,,We,11/3/2010,2.418
Mo,10/25/2010,0.963,,Tu,11/2/2010,1.681,,Tu,11/2/2010,2.47
,,,,Mo,11/1/2010,1.682,,Mo,11/1/2010,2.481
Fr,10/22/2010,1.003,,,,,,,,
Th,10/21/2010,0.996,,Fr,10/29/2010,1.712,,Fr,10/29/2010,2.518
We,10/20/2010,0.958,,Th,10/28/2010,1.749,,Th,10/28/2010,2.564
Tu,10/19/2010,0.897,,We,10/27/2010,1.741,,We,10/27/2010,2.565
Mo,10/18/2010,0.885,,Tu,10/26/2010,1.714,,Tu,10/26/2010,2.507
,,,,Mo,10/25/2010,1.65,,Mo,10/25/2010,2.45
Fr,10/15/2010,0.814,,,,,,,,
Th,10/14/2010,0.797,,Fr,10/22/2010,1.677,,Fr,10/22/2010,2.474
We,10/13/2010,0.783,,Th,10/21/2010,1.67,,Th,10/21/2010,2.484
Tu,10/12/2010,0.776,,We,10/20/2010,1.614,,We,10/20/2010,2.44
Mo,10/11/2010,0.793,,Tu,10/19/2010,1.562,,Tu,10/19/2010,2.414
,,,,Mo,10/18/2010,1.526,,Mo,10/18/2010,2.385
Fr,10/8/2010,0.786,,,,,,,,
Th,10/7/2010,0.802,,Fr,10/15/2010,1.479,,Fr,10/15/2010,2.371
We,10/6/2010,0.771,,Th,10/14/2010,1.433,,Th,10/14/2010,2.295
Tu,10/5/2010,0.803,,We,10/13/2010,1.419,,We,10/13/2010,2.282
Mo,10/4/2010,0.83,,Tu,10/12/2010,1.389,,Tu,10/12/2010,2.243
,,,,Mo,10/11/2010,1.429,,Mo,10/11/2010,2.272
Fr,10/1/2010,0.853,,,,,,,,
Th,9/30/2010,0.834,,Fr,10/8/2010,1.421,,Fr,10/8/2010,2.254
We,9/29/2010,0.785,,Th,10/7/2010,1.447,,Th,10/7/2010,2.262
Tu,9/28/2010,0.733,,We,10/6/2010,1.412,,We,10/6/2010,2.224
Mo,9/27/2010,0.721,,Tu,10/5/2010,1.467,,Tu,10/5/2010,2.279
,,,,Mo,10/4/2010,1.458,,Mo,10/4/2010,2.252
Fr,9/24/2010,0.729,,,,,,,,
Th,9/23/2010,0.695,,Fr,10/1/2010,1.505,,Fr,10/1/2010,2.286
We,9/22/2010,0.75,,Th,9/30/2010,1.483,,Th,9/30/2010,2.278
Tu,9/21/2010,0.796,,We,9/29/2010,1.446,,We,9/29/2010,2.24
Mo,9/20/2010,0.807,,Tu,9/28/2010,1.413,,Tu,9/28/2010,2.246
,,,,Mo,9/27/2010,1.416,,Mo,9/27/2010,2.269
Fr,9/17/2010,0.774,,,,,,,,
Th,9/16/2010,0.811,,Fr,9/24/2010,1.477,,Fr,9/24/2010,2.342
We,9/15/2010,0.751,,Th,9/23/2010,1.439,,Th,9/23/2010,2.285
Tu,9/14/2010,0.72,,We,9/22/2010,1.51,,We,9/22/2010,2.349
Mo,9/13/2010,0.745,,Tu,9/21/2010,1.462,,Tu,9/21/2010,2.453
,,,,Mo,9/20/2010,1.473,,Mo,9/20/2010,2.467
Fr,9/10/2010,0.736,,,,,,,,
Th,9/9/2010,0.7,,Fr,9/17/2010,1.434,,Fr,9/17/2010,2.427
We,9/8/2010,0.629,,Th,9/16/2010,1.476,,Th,9/16/2010,2.478
Tu,9/7/2010,0.573,,We,9/15/2010,1.389,,We,9/15/2010,2.404
Mo,9/6/2010,0.632,,Tu,9/14/2010,1.347,,Tu,9/14/2010,2.371
,,,,Mo,9/13/2010,1.385,,Mo,9/13/2010,2.427
Fr,9/3/2010,0.641,,,,,,,,
Th,9/2/2010,0.615,,Fr,9/10/2010,1.374,,Fr,9/10/2010,2.4
We,9/1/2010,0.616,,Th,9/9/2010,1.32,,Th,9/9/2010,2.336
Tu,8/31/2010,0.59,,We,9/8/2010,1.255,,We,9/8/2010,2.297
Mo,8/30/2010,0.605,,Tu,9/7/2010,1.209,,Tu,9/7/2010,2.255
,,,,Mo,9/6/2010,1.306,,Mo,9/6/2010,2.336
Fr,8/27/2010,0.633,,,,,,,,
Th,8/26/2010,0.607,,Fr,9/3/2010,1.34,,Fr,9/3/2010,2.354
We,8/25/2010,0.588,,Th,9/2/2010,1.294,,Th,9/2/2010,2.283
Tu,8/24/2010,0.586,,We,9/1/2010,1.268,,We,9/1/2010,2.224
Mo,8/23/2010,0.608,,Tu,8/31/2010,1.199,,Tu,8/31/2010,2.116
,,,,Mo,8/30/2010,1.209,,Mo,8/30/2010,2.135
Fr,8/20/2010,0.61,,,,,,,,
Th,8/19/2010,0.658,,Fr,8/27/2010,1.281,,Fr,8/27/2010,2.2
We,8/18/2010,0.652,,Th,8/26/2010,1.231,,Th,8/26/2010,2.157
Tu,8/17/2010,0.668,,We,8/25/2010,1.225,,We,8/25/2010,2.146
Mo,8/16/2010,0.644,,Tu,8/24/2010,1.227,,Tu,8/24/2010,2.18
,,,,Mo,8/23/2010,1.292,,Mo,8/23/2010,2.286
Fr,8/13/2010,0.655,,,,,,,,
Th,8/12/2010,0.663,,Fr,8/20/2010,1.289,,Fr,8/20/2010,2.271
We,8/11/2010,0.691,,Th,8/19/2010,1.314,,Th,8/19/2010,2.312
Tu,8/10/2010,0.705,,We,8/18/2010,1.325,,We,8/18/2010,2.347
Mo,8/9/2010,0.72,,Tu,8/17/2010,1.363,,Tu,8/17/2010,2.363
,,,,Mo,8/16/2010,1.334,,Mo,8/16/2010,2.33
Fr,8/6/2010,0.746,,,,,,,,
Th,8/5/2010,0.746,,Fr,8/13/2010,1.364,,Fr,8/13/2010,2.393
We,8/4/2010,0.735,,Th,8/12/2010,1.374,,Th,8/12/2010,2.421
Tu,8/3/2010,0.725,,We,8/11/2010,1.378,,We,8/11/2010,2.428
Mo,8/2/2010,0.786,,Tu,8/10/2010,1.496,,Tu,8/10/2010,2.537
,,,,Mo,8/9/2010,1.511,,Mo,8/9/2010,2.525
Fr,7/30/2010,0.784,,,,,,,,
Th,7/29/2010,0.833,,Fr,8/6/2010,1.517,,Fr,8/6/2010,2.519
We,7/28/2010,0.85,,Th,8/5/2010,1.547,,Th,8/5/2010,2.562
Tu,7/27/2010,0.876,,We,8/4/2010,1.575,,We,8/4/2010,2.604
Mo,7/26/2010,0.831,,Tu,8/3/2010,1.58,,Tu,8/3/2010,2.607
,,,,Mo,8/2/2010,1.683,,Mo,8/2/2010,2.698
Fr,7/23/2010,0.749,,,,,,,,
Th,7/22/2010,0.703,,Fr,7/30/2010,1.653,,Fr,7/30/2010,2.669
We,7/21/2010,0.726,,Th,7/29/2010,1.713,,Th,7/29/2010,2.717
Tu,7/20/2010,0.775,,We,7/28/2010,1.743,,We,7/28/2010,2.749
Mo,7/19/2010,0.824,,Tu,7/27/2010,1.772,,Tu,7/27/2010,2.77
,,,,Mo,7/26/2010,1.75,,Mo,7/26/2010,2.761
Fr,7/16/2010,0.776,,,,,,,,
Th,7/15/2010,0.785,,Fr,7/23/2010,1.673,,Fr,7/23/2010,2.706
We,7/14/2010,0.768,,Th,7/22/2010,1.614,,Th,7/22/2010,2.665
Tu,7/13/2010,0.728,,We,7/21/2010,1.616,,We,7/21/2010,2.638
Mo,7/12/2010,0.695,,Tu,7/20/2010,1.642,,Tu,7/20/2010,2.636
,,,,Mo,7/19/2010,1.669,,Mo,7/19/2010,2.65
Fr,7/9/2010,0.768,,,,,,,,
Th,7/8/2010,0.724,,Fr,7/16/2010,1.605,,Fr,7/16/2010,2.606
We,7/7/2010,0.672,,Th,7/15/2010,1.621,,Th,7/15/2010,2.653
Tu,7/6/2010,0.648,,We,7/14/2010,1.61,,We,7/14/2010,2.655
Mo,7/5/2010,0.625,,Tu,7/13/2010,1.574,,Tu,7/13/2010,2.641
,,,,Mo,7/12/2010,1.533,,Mo,7/12/2010,2.589
Fr,7/2/2010,0.666,,,,,,,,
Th,7/1/2010,0.677,,Fr,7/9/2010,1.588,,Fr,7/9/2010,2.634
We,6/30/2010,0.6,,Th,7/8/2010,1.564,,Th,7/8/2010,2.632
Tu,6/29/2010,0.548,,We,7/7/2010,1.52,,We,7/7/2010,2.598
Mo,6/28/2010,0.562,,Tu,7/6/2010,1.5,,Tu,7/6/2010,2.589
,,,,Mo,7/5/2010,1.457,,Mo,7/5/2010,2.543
Fr,6/25/2010,0.569,,,,,,,,
Th,6/24/2010,0.536,,Fr,7/2/2010,1.486,,Fr,7/2/2010,2.583
We,6/23/2010,0.586,,Th,7/1/2010,1.475,,Th,7/1/2010,2.566
Tu,6/22/2010,0.581,,We,6/30/2010,1.458,,We,6/30/2010,2.577
Mo,6/21/2010,0.633,,Tu,6/29/2010,1.439,,Tu,6/29/2010,2.559
,,,,Mo,6/28/2010,1.469,,Mo,6/28/2010,2.585
Fr,6/18/2010,0.581,,,,,,,,
Th,6/17/2010,0.52,,Fr,6/25/2010,1.495,,Fr,6/25/2010,2.611
We,6/16/2010,0.497,,Th,6/24/2010,1.484,,Th,6/24/2010,2.602
Tu,6/15/2010,0.509,,We,6/23/2010,1.553,,We,6/23/2010,2.647
Mo,6/14/2010,0.495,,Tu,6/22/2010,1.587,,Tu,6/22/2010,2.692
,,,,Mo,6/21/2010,1.659,,Mo,6/21/2010,2.766
Fr,6/11/2010,0.464,,,,,,,,
Th,6/10/2010,0.512,,Fr,6/18/2010,1.6,,Fr,6/18/2010,2.729
We,6/9/2010,0.484,,Th,6/17/2010,1.51,,Th,6/17/2010,2.663
Tu,6/8/2010,0.455,,We,6/16/2010,1.507,,We,6/16/2010,2.671
Mo,6/7/2010,0.483,,Tu,6/15/2010,1.52,,Tu,6/15/2010,2.674
,,,,Mo,6/14/2010,1.497,,Mo,6/14/2010,2.638
Fr,6/4/2010,0.476,,,,,,,,
Th,6/3/2010,0.501,,Fr,6/11/2010,1.456,,Fr,6/11/2010,2.566
We,6/2/2010,0.5,,Th,6/10/2010,1.493,,Th,6/10/2010,2.61
Tu,6/1/2010,0.499,,We,6/9/2010,1.443,,We,6/9/2010,2.567
Mo,5/31/2010,0.514,,Tu,6/8/2010,1.4,,Tu,6/8/2010,2.512
,,,,Mo,6/7/2010,1.446,,Mo,6/7/2010,2.563
Fr,5/28/2010,0.519,,,,,,,,
Th,5/27/2010,0.539,,Fr,6/4/2010,1.448,,Fr,6/4/2010,2.584
We,5/26/2010,0.5,,Th,6/3/2010,1.556,,Th,6/3/2010,2.676
Tu,5/25/2010,0.472,,We,6/2/2010,1.552,,We,6/2/2010,2.655
Mo,5/24/2010,0.515,,Tu,6/1/2010,1.557,,Tu,6/1/2010,2.675
,,,,Mo,5/31/2010,1.557,,Mo,5/31/2010,2.66
Fr,5/21/2010,0.512,,,,,,,,
Th,5/20/2010,0.481,,Fr,5/28/2010,1.572,,Fr,5/28/2010,2.682
We,5/19/2010,0.509,,Th,5/27/2010,1.576,,Th,5/27/2010,2.704
Tu,5/18/2010,0.561,,We,5/26/2010,1.508,,We,5/26/2010,2.645
Mo,5/17/2010,0.565,,Tu,5/25/2010,1.425,,Tu,5/25/2010,2.578
,,,,Mo,5/24/2010,1.511,,Mo,5/24/2010,2.655
Fr,5/14/2010,0.556,,,,,,,,
Th,5/13/2010,0.603,,Fr,5/21/2010,1.519,,Fr,5/21/2010,2.666
We,5/12/2010,0.64,,Th,5/20/2010,1.506,,Th,5/20/2010,2.685
Tu,5/11/2010,0.579,,We,5/19/2010,1.591,,We,5/19/2010,2.766
Mo,5/10/2010,0.602,,Tu,5/18/2010,1.651,,Tu,5/18/2010,2.831
,,,,Mo,5/17/2010,1.678,,Mo,5/17/2010,2.863
Fr,5/7/2010,0.532,,,,,,,,
Th,5/6/2010,0.518,,Fr,5/14/2010,1.652,,Fr,5/14/2010,2.86
We,5/5/2010,0.604,,Th,5/13/2010,1.733,,Th,5/13/2010,2.94
Tu,5/4/2010,0.713,,We,5/12/2010,1.752,,We,5/12/2010,2.942
Mo,5/3/2010,0.813,,Tu,5/11/2010,1.763,,Tu,5/11/2010,2.937
,,,,Mo,5/10/2010,1.787,,Mo,5/10/2010,2.955
Fr,4/30/2010,0.771,,,,,,,,
Th,4/29/2010,0.798,,Fr,5/7/2010,1.647,,Fr,5/7/2010,2.797
We,4/28/2010,0.792,,Th,5/6/2010,1.642,,Th,5/6/2010,2.793
Tu,4/27/2010,0.804,,We,5/5/2010,1.781,,We,5/5/2010,2.861
Mo,4/26/2010,0.879,,Tu,5/4/2010,1.89,,Tu,5/4/2010,2.949
,,,,Mo,5/3/2010,2.016,,Mo,5/3/2010,3.065
Fr,4/23/2010,0.902,,,,,,,,
Th,4/22/2010,0.865,,Fr,4/30/2010,1.968,,Fr,4/30/2010,3.017
We,4/21/2010,0.876,,Th,4/29/2010,2.012,,Th,4/29/2010,3.062
Tu,4/20/2010,0.893,,We,4/28/2010,1.993,,We,4/28/2010,3.037
Mo,4/19/2010,0.874,,Tu,4/27/2010,1.979,,Tu,4/27/2010,2.939
,,,,Mo,4/26/2010,2.07,,Mo,4/26/2010,3.046
Fr,4/16/2010,0.889,,,,,,,,
Th,4/15/2010,0.939,,Fr,4/23/2010,2.09,,Fr,4/23/2010,3.061
We,4/14/2010,0.953,,Th,4/22/2010,2.068,,Th,4/22/2010,3.052
Tu,4/13/2010,0.972,,We,4/21/2010,2.089,,We,4/21/2010,3.079
Mo,4/12/2010,0.993,,Tu,4/20/2010,2.114,,Tu,4/20/2010,3.098
,,,,Mo,4/19/2010,2.096,,Mo,4/19/2010,3.078
Fr,4/9/2010,0.968,,,,,,,,
Th,4/8/2010,0.917,,Fr,4/16/2010,2.106,,Fr,4/16/2010,3.084
We,4/7/2010,0.953,,Th,4/15/2010,2.175,,Th,4/15/2010,3.132
Tu,4/6/2010,0.979,,We,4/14/2010,2.19,,We,4/14/2010,3.138
,,,,Tu,4/13/2010,2.176,,Tu,4/13/2010,3.146
Th,4/1/2010,0.952,,Mo,4/12/2010,2.206,,Mo,4/12/2010,3.177
We,3/31/2010,0.958,,,,,,,,
Tu,3/30/2010,0.97,,Fr,4/9/2010,2.185,,Fr,4/9/2010,3.166
Mo,3/29/2010,0.98,,Th,4/8/2010,2.118,,Th,4/8/2010,3.096
,,,,We,4/7/2010,2.153,,We,4/7/2010,3.119
Fr,3/26/2010,1,,Tu,4/6/2010,2.191,,Tu,4/6/2010,3.143
Th,3/25/2010,0.996,,,,,,,,
We,3/24/2010,0.972,,Th,4/1/2010,2.13,,Th,4/1/2010,3.088
Tu,3/23/2010,0.96,,We,3/31/2010,2.136,,We,3/31/2010,3.092
Mo,3/22/2010,0.975,,Tu,3/30/2010,2.161,,Tu,3/30/2010,3.11
,,,,Mo,3/29/2010,2.175,,Mo,3/29/2010,3.132
Fr,3/19/2010,1.003,,,,,,,,
Th,3/18/2010,0.993,,Fr,3/26/2010,2.202,,Fr,3/26/2010,3.15
We,3/17/2010,0.971,,Th,3/25/2010,2.189,,Th,3/25/2010,3.152
Tu,3/16/2010,1.009,,We,3/24/2010,2.132,,We,3/24/2010,3.079
Mo,3/15/2010,1.034,,Tu,3/23/2010,2.099,,Tu,3/23/2010,3.056
,,,,Mo,3/22/2010,2.104,,Mo,3/22/2010,3.07
Fr,3/12/2010,1.049,,,,,,,,
Th,3/11/2010,1.039,,Fr,3/19/2010,2.136,,Fr,3/19/2010,3.109
We,3/10/2010,1.01,,Th,3/18/2010,2.137,,Th,3/18/2010,3.127
Tu,3/9/2010,0.984,,We,3/17/2010,2.123,,We,3/17/2010,3.111
Mo,3/8/2010,0.999,,Tu,3/16/2010,2.168,,Tu,3/16/2010,3.139
,,,,Mo,3/15/2010,2.185,,Mo,3/15/2010,3.155
Fr,3/5/2010,1,,,,,,,,
Th,3/4/2010,0.977,,Fr,3/12/2010,2.202,,Fr,3/12/2010,3.167
We,3/3/2010,0.972,,Th,3/11/2010,2.195,,Th,3/11/2010,3.179
Tu,3/2/2010,0.948,,We,3/10/2010,2.158,,We,3/10/2010,3.153
Mo,3/1/2010,0.946,,Tu,3/9/2010,2.141,,Tu,3/9/2010,3.132
,,,,Mo,3/8/2010,2.176,,Mo,3/8/2010,3.165
Fr,2/26/2010,0.955,,,,,,,,
Th,2/25/2010,0.943,,Fr,3/5/2010,2.172,,Fr,3/5/2010,3.156
We,2/24/2010,0.985,,Th,3/4/2010,2.142,,Th,3/4/2010,3.123
Tu,2/23/2010,1.008,,We,3/3/2010,2.156,,We,3/3/2010,3.138
Mo,2/22/2010,1.071,,Tu,3/2/2010,2.133,,Tu,3/2/2010,3.116
,,,,Mo,3/1/2010,2.125,,Mo,3/1/2010,3.108
Fr,2/19/2010,1.086,,,,,,,,
Th,2/18/2010,1.076,,Fr,2/26/2010,2.127,,Fr,2/26/2010,3.101
We,2/17/2010,1.061,,Th,2/25/2010,2.123,,Th,2/25/2010,3.11
Tu,2/16/2010,0.972,,We,2/24/2010,2.156,,We,2/24/2010,3.135
Mo,2/15/2010,0.973,,Tu,2/23/2010,2.17,,Tu,2/23/2010,3.167
,,,,Mo,2/22/2010,2.278,,Mo,2/22/2010,3.27
Fr,2/12/2010,0.983,,,,,,,,
Th,2/11/2010,1.048,,Fr,2/19/2010,2.29,,Fr,2/19/2010,3.285
We,2/10/2010,1.042,,Th,2/18/2010,2.26,,Th,2/18/2010,3.251
Tu,2/9/2010,1.036,,We,2/17/2010,2.214,,We,2/17/2010,3.194
Mo,2/8/2010,0.996,,Tu,2/16/2010,2.222,,Tu,2/16/2010,3.205
,,,,Mo,2/15/2010,2.222,,Mo,2/15/2010,3.204
Fr,2/5/2010,0.989,,,,,,,,
Th,2/4/2010,1.064,,Fr,2/12/2010,2.218,,Fr,2/12/2010,3.192
We,2/3/2010,1.137,,Th,2/11/2010,2.28,,Th,2/11/2010,3.234
Tu,2/2/2010,1.127,,We,2/10/2010,2.243,,We,2/10/2010,3.198
Mo,2/1/2010,1.122,,Tu,2/9/2010,2.209,,Tu,2/9/2010,3.152
,,,,Mo,2/8/2010,2.176,,Mo,2/8/2010,3.145
Fr,1/29/2010,1.118,,,,,,,,
Th,1/28/2010,1.12,,Fr,2/5/2010,2.161,,Fr,2/5/2010,3.12
We,1/27/2010,1.131,,Th,2/4/2010,2.227,,Th,2/4/2010,3.163
Tu,1/26/2010,1.119,,We,2/3/2010,2.305,,We,2/3/2010,3.223
Mo,1/25/2010,1.11,,Tu,2/2/2010,2.281,,Tu,2/2/2010,3.195
,,,,Mo,2/1/2010,2.274,,Mo,2/1/2010,3.186
Fr,1/22/2010,1.112,,,,,,,,
Th,1/21/2010,1.12,,Fr,1/29/2010,2.276,,Fr,1/29/2010,3.196
We,1/20/2010,1.134,,Th,1/28/2010,2.277,,Th,1/28/2010,3.201
Tu,1/19/2010,1.178,,We,1/27/2010,2.287,,We,1/27/2010,3.2
Mo,1/18/2010,1.141,,Tu,1/26/2010,2.288,,Tu,1/26/2010,3.207
,,,,Mo,1/25/2010,2.295,,Mo,1/25/2010,3.217
Fr,1/15/2010,1.135,,,,,,,,
Th,1/14/2010,1.179,,Fr,1/22/2010,2.294,,Fr,1/22/2010,3.215
We,1/13/2010,1.198,,Th,1/21/2010,2.3,,Th,1/21/2010,3.207
Tu,1/12/2010,1.21,,We,1/20/2010,2.323,,We,1/20/2010,3.223
Mo,1/11/2010,1.225,,Tu,1/19/2010,2.391,,Tu,1/19/2010,3.277
,,,,Mo,1/18/2010,2.359,,Mo,1/18/2010,3.248
Fr,1/8/2010,1.244,,,,,,,,
Th,1/7/2010,1.264,,Fr,1/15/2010,2.361,,Fr,1/15/2010,3.262
We,1/6/2010,1.294,,Th,1/14/2010,2.401,,Th,1/14/2010,3.298
Tu,1/5/2010,1.286,,We,1/13/2010,2.419,,We,1/13/2010,3.303
Mo,1/4/2010,1.347,,Tu,1/12/2010,2.331,,Tu,1/12/2010,3.313
,,,,Mo,1/11/2010,2.361,,Mo,1/11/2010,3.347
Th,12/31/2009,1.331,,,,,,,,
We,12/30/2009,1.329,,Fr,1/8/2010,2.39,,Fr,1/8/2010,3.385
Tu,12/29/2009,1.29,,Th,1/7/2010,2.388,,Th,1/7/2010,3.37
Mo,12/28/2009,1.225,,We,1/6/2010,2.412,,We,1/6/2010,3.381
,,,,Tu,1/5/2010,2.391,,Tu,1/5/2010,3.373
Th,12/24/2009,1.191,,Mo,1/4/2010,2.426,,Mo,1/4/2010,3.391
We,12/23/2009,1.191,,,,,,,,
Tu,12/22/2009,1.185,,Th,12/31/2009,2.423,,Th,12/31/2009,3.387
Mo,12/21/2009,1.163,,We,12/30/2009,2.422,,We,12/30/2009,3.387
,,,,Tu,12/29/2009,2.394,,Tu,12/29/2009,3.368
Fr,12/18/2009,1.149,,Mo,12/28/2009,2.345,,Mo,12/28/2009,3.352
Th,12/17/2009,1.15,,,,,,,,
We,12/16/2009,1.208,,Th,12/24/2009,2.306,,Th,12/24/2009,3.322
Tu,12/15/2009,1.257,,We,12/23/2009,2.305,,We,12/23/2009,3.317
Mo,12/14/2009,1.238,,Tu,12/22/2009,2.261,,Tu,12/22/2009,3.264
,,,,Mo,12/21/2009,2.205,,Mo,12/21/2009,3.194
Fr,12/11/2009,1.26,,,,,,,,
Th,12/10/2009,1.238,,Fr,12/18/2009,2.164,,Fr,12/18/2009,3.137
We,12/9/2009,1.21,,Th,12/17/2009,2.165,,Th,12/17/2009,3.142
Tu,12/8/2009,1.23,,We,12/16/2009,2.229,,We,12/16/2009,3.198
Mo,12/7/2009,1.325,,Tu,12/15/2009,2.288,,Tu,12/15/2009,3.236
,,,,Mo,12/14/2009,2.24,,Mo,12/14/2009,3.185
Fr,12/4/2009,1.345,,,,,,,,
Th,12/3/2009,1.294,,Fr,12/11/2009,2.27,,Fr,12/11/2009,3.209
We,12/2/2009,1.24,,Th,12/10/2009,2.241,,Th,12/10/2009,3.178
Tu,12/1/2009,1.238,,We,12/9/2009,2.191,,We,12/9/2009,3.137
Mo,11/30/2009,1.257,,Tu,12/8/2009,2.205,,Tu,12/8/2009,3.14
,,,,Mo,12/7/2009,2.286,,Mo,12/7/2009,3.185
Fr,11/27/2009,1.25,,,,,,,,
Th,11/26/2009,1.251,,Fr,12/4/2009,2.344,,Fr,12/4/2009,3.238
We,11/25/2009,1.35,,Th,12/3/2009,2.262,,Th,12/3/2009,3.177
Tu,11/24/2009,1.324,,We,12/2/2009,2.212,,We,12/2/2009,3.161
Mo,11/23/2009,1.347,,Tu,12/1/2009,2.214,,Tu,12/1/2009,3.152
,,,,Mo,11/30/2009,2.233,,Mo,11/30/2009,3.159
Fr,11/20/2009,1.324,,,,,,,,
Th,11/19/2009,1.296,,Fr,11/27/2009,2.25,,Fr,11/27/2009,3.168
We,11/18/2009,1.312,,Th,11/26/2009,2.256,,Th,11/26/2009,3.166
Tu,11/17/2009,1.176,,We,11/25/2009,2.373,,We,11/25/2009,3.265
Mo,11/16/2009,1.178,,Tu,11/24/2009,2.358,,Tu,11/24/2009,3.254
,,,,Mo,11/23/2009,2.385,,Mo,11/23/2009,3.274
Fr,11/13/2009,1.198,,,,,,,,
Th,11/12/2009,1.213,,Fr,11/20/2009,2.362,,Fr,11/20/2009,3.254
We,11/11/2009,1.227,,Th,11/19/2009,2.346,,Th,11/19/2009,3.271
Tu,11/10/2009,1.239,,We,11/18/2009,2.362,,We,11/18/2009,3.289
Mo,11/9/2009,1.243,,Tu,11/17/2009,2.352,,Tu,11/17/2009,3.283
,,,,Mo,11/16/2009,2.378,,Mo,11/16/2009,3.323
Fr,11/6/2009,1.276,,,,,,,,
Th,11/5/2009,1.304,,Fr,11/13/2009,2.422,,Fr,11/13/2009,3.381
We,11/4/2009,1.308,,Th,11/12/2009,2.425,,Th,11/12/2009,3.362
Tu,11/3/2009,1.281,,We,11/11/2009,2.418,,We,11/11/2009,3.343
Mo,11/2/2009,1.295,,Tu,11/10/2009,2.418,,Tu,11/10/2009,3.28
,,,,Mo,11/9/2009,2.439,,Mo,11/9/2009,3.318
Fr,10/30/2009,1.288,,,,,,,,
Th,10/29/2009,1.356,,Fr,11/6/2009,2.49,,Fr,11/6/2009,3.364
We,10/28/2009,1.284,,Th,11/5/2009,2.489,,Th,11/5/2009,3.347
Tu,10/27/2009,1.293,,We,11/4/2009,2.461,,We,11/4/2009,3.318
Mo,10/26/2009,1.366,,Tu,11/3/2009,2.413,,Tu,11/3/2009,3.263
,,,,Mo,11/2/2009,2.411,,Mo,11/2/2009,3.237
Fr,10/23/2009,1.378,,,,,,,,
Th,10/22/2009,1.374,,Fr,10/30/2009,2.411,,Fr,10/30/2009,3.231
We,10/21/2009,1.4,,Th,10/29/2009,2.503,,Th,10/29/2009,3.324
Tu,10/20/2009,1.365,,We,10/28/2009,2.42,,We,10/28/2009,3.258
Mo,10/19/2009,1.42,,Tu,10/27/2009,2.433,,Tu,10/27/2009,3.269
,,,,Mo,10/26/2009,2.522,,Mo,10/26/2009,3.354
Fr,10/16/2009,1.416,,,,,,,,
Th,10/15/2009,1.391,,Fr,10/23/2009,2.509,,Fr,10/23/2009,3.348
We,10/14/2009,1.337,,Th,10/22/2009,2.471,,Th,10/22/2009,3.305
Tu,10/13/2009,1.296,,We,10/21/2009,2.491,,We,10/21/2009,3.319
Mo,10/12/2009,1.328,,Tu,10/20/2009,2.422,,Tu,10/20/2009,3.235
,,,,Mo,10/19/2009,2.486,,Mo,10/19/2009,3.301
Fr,10/9/2009,1.37,,,,,,,,
Th,10/8/2009,1.246,,Fr,10/16/2009,2.477,,Fr,10/16/2009,3.286
We,10/7/2009,1.236,,Th,10/15/2009,2.47,,Th,10/15/2009,3.297
Tu,10/6/2009,1.228,,We,10/14/2009,2.395,,We,10/14/2009,3.227
Mo,10/5/2009,1.211,,Tu,10/13/2009,2.338,,Tu,10/13/2009,3.164
,,,,Mo,10/12/2009,2.371,,Mo,10/12/2009,3.182
Fr,10/2/2009,1.204,,,,,,,,
Th,10/1/2009,1.225,,Fr,10/9/2009,2.396,,Fr,10/9/2009,3.204
We,9/30/2009,1.265,,Th,10/8/2009,2.285,,Th,10/8/2009,3.115
Tu,9/29/2009,1.246,,We,10/7/2009,2.292,,We,10/7/2009,3.123
Mo,9/28/2009,1.22,,Tu,10/6/2009,2.323,,Tu,10/6/2009,3.158
,,,,Mo,10/5/2009,2.306,,Mo,10/5/2009,3.124
Fr,9/25/2009,1.215,,,,,,,,
Th,9/24/2009,1.195,,Fr,10/2/2009,2.307,,Fr,10/2/2009,3.122
We,9/23/2009,1.261,,Th,10/1/2009,2.332,,Th,10/1/2009,3.157
Tu,9/22/2009,1.273,,We,9/30/2009,2.401,,We,9/30/2009,3.22
Mo,9/21/2009,1.262,,Tu,9/29/2009,2.399,,Tu,9/29/2009,3.229
,,,,Mo,9/28/2009,2.41,,Mo,9/28/2009,3.254
Fr,9/18/2009,1.288,,,,,,,,
Th,9/17/2009,1.291,,Fr,9/25/2009,2.409,,Fr,9/25/2009,3.256
We,9/16/2009,1.262,,Th,9/24/2009,2.428,,Th,9/24/2009,3.305
Tu,9/15/2009,1.252,,We,9/23/2009,2.51,,We,9/23/2009,3.373
Mo,9/14/2009,1.236,,Tu,9/22/2009,2.402,,Tu,9/22/2009,3.395
,,,,Mo,9/21/2009,2.391,,Mo,9/21/2009,3.379
Fr,9/11/2009,1.199,,,,,,,,
Th,9/10/2009,1.224,,Fr,9/18/2009,2.412,,Fr,9/18/2009,3.376
We,9/9/2009,1.267,,Th,9/17/2009,2.401,,Th,9/17/2009,3.366
Tu,9/8/2009,1.055,,We,9/16/2009,2.369,,We,9/16/2009,3.337
Mo,9/7/2009,1.052,,Tu,9/15/2009,2.332,,Tu,9/15/2009,3.292
,,,,Mo,9/14/2009,2.307,,Mo,9/14/2009,3.257
Fr,9/4/2009,1.094,,,,,,,,
Th,9/3/2009,1.14,,Fr,9/11/2009,2.266,,Fr,9/11/2009,3.236
We,9/2/2009,1.172,,Th,9/10/2009,2.303,,Th,9/10/2009,3.304
Tu,9/1/2009,1.193,,We,9/9/2009,2.368,,We,9/9/2009,3.362
Mo,8/31/2009,1.244,,Tu,9/8/2009,2.306,,Tu,9/8/2009,3.274
,,,,Mo,9/7/2009,2.282,,Mo,9/7/2009,3.232
Fr,8/28/2009,1.255,,,,,,,,
Th,8/27/2009,1.258,,Fr,9/4/2009,2.309,,Fr,9/4/2009,3.242
We,8/26/2009,1.271,,Th,9/3/2009,2.318,,Th,9/3/2009,3.243
Tu,8/25/2009,1.306,,We,9/2/2009,2.321,,We,9/2/2009,3.231
Mo,8/24/2009,1.33,,Tu,9/1/2009,2.337,,Tu,9/1/2009,3.241
,,,,Mo,8/31/2009,2.375,,Mo,8/31/2009,3.257
Fr,8/21/2009,1.375,,,,,,,,
Th,8/20/2009,1.278,,Fr,8/28/2009,2.371,,Fr,8/28/2009,3.25
We,8/19/2009,1.29,,Th,8/27/2009,2.369,,Th,8/27/2009,3.245
Tu,8/18/2009,1.317,,We,8/26/2009,2.361,,We,8/26/2009,3.235
Mo,8/17/2009,1.313,,Tu,8/25/2009,2.394,,Tu,8/25/2009,3.269
,,,,Mo,8/24/2009,2.431,,Mo,8/24/2009,3.305
Fr,8/14/2009,1.299,,,,,,,,
Th,8/13/2009,1.374,,Fr,8/21/2009,2.457,,Fr,8/21/2009,3.312
We,8/12/2009,1.432,,Th,8/20/2009,2.371,,Th,8/20/2009,3.255
Tu,8/11/2009,1.468,,We,8/19/2009,2.384,,We,8/19/2009,3.249
Mo,8/10/2009,1.526,,Tu,8/18/2009,2.441,,Tu,8/18/2009,3.295
,,,,Mo,8/17/2009,2.447,,Mo,8/17/2009,3.284
Fr,8/7/2009,1.581,,,,,,,,
Th,8/6/2009,1.46,,Fr,8/14/2009,2.452,,Fr,8/14/2009,3.317
We,8/5/2009,1.425,,Th,8/13/2009,2.555,,Th,8/13/2009,3.424
Tu,8/4/2009,1.398,,We,8/12/2009,2.605,,We,8/12/2009,3.456
Mo,8/3/2009,1.347,,Tu,8/11/2009,2.624,,Tu,8/11/2009,3.473
,,,,Mo,8/10/2009,2.671,,Mo,8/10/2009,3.483
Fr,7/31/2009,1.263,,,,,,,,
Th,7/30/2009,1.339,,Fr,8/7/2009,2.712,,Fr,8/7/2009,3.51
We,7/29/2009,1.33,,Th,8/6/2009,2.571,,Th,8/6/2009,3.374
Tu,7/28/2009,1.324,,We,8/5/2009,2.53,,We,8/5/2009,3.339
Mo,7/27/2009,1.364,,Tu,8/4/2009,2.511,,Tu,8/4/2009,3.346
,,,,Mo,8/3/2009,2.483,,Mo,8/3/2009,3.344
Fr,7/24/2009,1.324,,,,,,,,
Th,7/23/2009,1.297,,Fr,7/31/2009,2.406,,Fr,7/31/2009,3.3
We,7/22/2009,1.263,,Th,7/30/2009,2.517,,Th,7/30/2009,3.43
Tu,7/21/2009,1.244,,We,7/29/2009,2.509,,We,7/29/2009,3.424
Mo,7/20/2009,1.276,,Tu,7/28/2009,2.515,,Tu,7/28/2009,3.427
,,,,Mo,7/27/2009,2.575,,Mo,7/27/2009,3.487
Fr,7/17/2009,1.253,,,,,,,,
Th,7/16/2009,1.22,,Fr,7/24/2009,2.546,,Fr,7/24/2009,3.477
We,7/15/2009,1.272,,Th,7/23/2009,2.513,,Th,7/23/2009,3.459
Tu,7/14/2009,1.235,,We,7/22/2009,2.451,,We,7/22/2009,3.38
Mo,7/13/2009,1.212,,Tu,7/21/2009,2.444,,Tu,7/21/2009,3.369
,,,,Mo,7/20/2009,2.48,,Mo,7/20/2009,3.417
Fr,7/10/2009,1.199,,,,,,,,
Th,7/9/2009,1.229,,Fr,7/17/2009,2.466,,Fr,7/17/2009,3.4
We,7/8/2009,1.183,,Th,7/16/2009,2.401,,Th,7/16/2009,3.337
Tu,7/7/2009,1.219,,We,7/15/2009,2.445,,We,7/15/2009,3.367
Mo,7/6/2009,1.211,,Tu,7/14/2009,2.383,,Tu,7/14/2009,3.304
,,,,Mo,7/13/2009,2.341,,Mo,7/13/2009,3.266
Fr,7/3/2009,1.237,,,,,,,,
Th,7/2/2009,1.229,,Fr,7/10/2009,2.335,,Fr,7/10/2009,3.259
We,7/1/2009,1.35,,Th,7/9/2009,2.378,,Th,7/9/2009,3.299
Tu,6/30/2009,1.365,,We,7/8/2009,2.34,,We,7/8/2009,3.277
Mo,6/29/2009,1.364,,Tu,7/7/2009,2.377,,Tu,7/7/2009,3.318
,,,,Mo,7/6/2009,2.36,,Mo,7/6/2009,3.3
Fr,6/26/2009,1.324,,,,,,,,
Th,6/25/2009,1.324,,Fr,7/3/2009,2.395,,Fr,7/3/2009,3.34
We,6/24/2009,1.395,,Th,7/2/2009,2.38,,Th,7/2/2009,3.328
Tu,6/23/2009,1.47,,We,7/1/2009,2.494,,We,7/1/2009,3.414
Mo,6/22/2009,1.445,,Tu,6/30/2009,2.493,,Tu,6/30/2009,3.386
,,,,Mo,6/29/2009,2.482,,Mo,6/29/2009,3.369
Fr,6/19/2009,1.453,,,,,,,,
Th,6/18/2009,1.518,,Fr,6/26/2009,2.474,,Fr,6/26/2009,3.391
We,6/17/2009,1.524,,Th,6/25/2009,2.494,,Th,6/25/2009,3.426
Tu,6/16/2009,1.589,,We,6/24/2009,2.55,,We,6/24/2009,3.45
Mo,6/15/2009,1.618,,Tu,6/23/2009,2.6,,Tu,6/23/2009,3.463
,,,,Mo,6/22/2009,2.596,,Mo,6/22/2009,3.45
Fr,6/12/2009,1.682,,,,,,,,
Th,6/11/2009,1.73,,Fr,6/19/2009,2.628,,Fr,6/19/2009,3.502
We,6/10/2009,1.692,,Th,6/18/2009,2.696,,Th,6/18/2009,3.547
Tu,6/9/2009,1.667,,We,6/17/2009,2.644,,We,6/17/2009,3.481
Mo,6/8/2009,1.724,,Tu,6/16/2009,2.702,,Tu,6/16/2009,3.525
,,,,Mo,6/15/2009,2.716,,Mo,6/15/2009,3.522
Fr,6/5/2009,1.674,,,,,,,,
Th,6/4/2009,1.517,,Fr,6/12/2009,2.826,,Fr,6/12/2009,3.634
We,6/3/2009,1.396,,Th,6/11/2009,2.874,,Th,6/11/2009,3.698
Tu,6/2/2009,1.411,,We,6/10/2009,2.846,,We,6/10/2009,3.688
Mo,6/1/2009,1.439,,Tu,6/9/2009,2.823,,Tu,6/9/2009,3.636
,,,,Mo,6/8/2009,2.846,,Mo,6/8/2009,3.676
Fr,5/29/2009,1.419,,,,,,,,
Th,5/28/2009,1.397,,Fr,6/5/2009,2.846,,Fr,6/5/2009,3.722
We,5/27/2009,1.411,,Th,6/4/2009,2.7,,Th,6/4/2009,3.638
Tu,5/26/2009,1.407,,We,6/3/2009,2.595,,We,6/3/2009,3.573
Mo,5/25/2009,1.396,,Tu,6/2/2009,2.663,,Tu,6/2/2009,3.659
,,,,Mo,6/1/2009,2.694,,Mo,6/1/2009,3.669
Fr,5/22/2009,1.308,,,,,,,,
Th,5/21/2009,1.284,,Fr,5/29/2009,2.632,,Fr,5/29/2009,3.589
We,5/20/2009,1.338,,Th,5/28/2009,2.705,,Th,5/28/2009,3.66
Tu,5/19/2009,1.301,,We,5/27/2009,2.694,,We,5/27/2009,3.626
Mo,5/18/2009,1.229,,Tu,5/26/2009,2.668,,Tu,5/26/2009,3.621
,,,,Mo,5/25/2009,2.637,,Mo,5/25/2009,3.604
Fr,5/15/2009,1.259,,,,,,,,
Th,5/14/2009,1.264,,Fr,5/22/2009,2.538,,Fr,5/22/2009,3.547
We,5/13/2009,1.286,,Th,5/21/2009,2.467,,Th,5/21/2009,3.37
Tu,5/12/2009,1.37,,We,5/20/2009,2.533,,We,5/20/2009,3.433
Mo,5/11/2009,1.339,,Tu,5/19/2009,2.515,,Tu,5/19/2009,3.438
,,,,Mo,5/18/2009,2.416,,Mo,5/18/2009,3.358
Fr,5/8/2009,1.305,,,,,,,,
Th,5/7/2009,1.371,,Fr,5/15/2009,2.424,,Fr,5/15/2009,3.365
We,5/6/2009,1.329,,Th,5/14/2009,2.387,,Th,5/14/2009,3.305
Tu,5/5/2009,1.363,,We,5/13/2009,2.422,,We,5/13/2009,3.343
Mo,5/4/2009,1.388,,Tu,5/12/2009,2.511,,Tu,5/12/2009,3.407
,,,,Mo,5/11/2009,2.497,,Mo,5/11/2009,3.388
Th,4/30/2009,1.337,,,,,,,,
We,4/29/2009,1.317,,Fr,5/8/2009,2.523,,Fr,5/8/2009,3.447
Tu,4/28/2009,1.324,,Th,5/7/2009,2.504,,Th,5/7/2009,3.38
Mo,4/27/2009,1.36,,We,5/6/2009,2.39,,We,5/6/2009,3.24
,,,,Tu,5/5/2009,2.388,,Tu,5/5/2009,3.211
Fr,4/24/2009,1.376,,Mo,5/4/2009,2.43,,Mo,5/4/2009,3.243
Th,4/23/2009,1.445,,,,,,,,
We,4/22/2009,1.462,,Th,4/30/2009,2.354,,Th,4/30/2009,3.178
Tu,4/21/2009,1.408,,We,4/29/2009,2.324,,We,4/29/2009,3.131
Mo,4/20/2009,1.383,,Tu,4/28/2009,2.338,,Tu,4/28/2009,3.141
,,,,Mo,4/27/2009,2.37,,Mo,4/27/2009,3.161
Fr,4/17/2009,1.467,,,,,,,,
Th,4/16/2009,1.368,,Fr,4/24/2009,2.395,,Fr,4/24/2009,3.191
We,4/15/2009,1.336,,Th,4/23/2009,2.439,,Th,4/23/2009,3.222
Tu,4/14/2009,1.373,,We,4/22/2009,2.428,,We,4/22/2009,3.209
,,,,Tu,4/21/2009,2.338,,Tu,4/21/2009,3.14
Th,4/9/2009,1.382,,Mo,4/20/2009,2.332,,Mo,4/20/2009,3.149
We,4/8/2009,1.426,,,,,,,,
Tu,4/7/2009,1.456,,Fr,4/17/2009,2.449,,Fr,4/17/2009,3.27
Mo,4/6/2009,1.502,,Th,4/16/2009,2.337,,Th,4/16/2009,3.176
,,,,We,4/15/2009,2.299,,We,4/15/2009,3.142
Fr,4/3/2009,1.506,,Tu,4/14/2009,2.378,,Tu,4/14/2009,3.199
Th,4/2/2009,1.414,,,,,,,,
We,4/1/2009,1.23,,Th,4/9/2009,2.422,,Th,4/9/2009,3.257
Tu,3/31/2009,1.235,,We,4/8/2009,2.431,,We,4/8/2009,3.214
Mo,3/30/2009,1.263,,Tu,4/7/2009,2.44,,Tu,4/7/2009,3.217
,,,,Mo,4/6/2009,2.464,,Mo,4/6/2009,3.218
Fr,3/27/2009,1.312,,,,,,,,
Th,3/26/2009,1.413,,Fr,4/3/2009,2.476,,Fr,4/3/2009,3.221
We,3/25/2009,1.405,,Th,4/2/2009,2.397,,Th,4/2/2009,3.16
Tu,3/24/2009,1.396,,We,4/1/2009,2.214,,We,4/1/2009,2.994
Mo,3/23/2009,1.334,,Tu,3/31/2009,2.233,,Tu,3/31/2009,2.994
,,,,Mo,3/30/2009,2.261,,Mo,3/30/2009,3.026
Fr,3/20/2009,1.319,,,,,,,,
Th,3/19/2009,1.394,,Fr,3/27/2009,2.338,,Fr,3/27/2009,3.086
We,3/18/2009,1.404,,Th,3/26/2009,2.365,,Th,3/26/2009,3.13
Tu,3/17/2009,1.412,,We,3/25/2009,2.369,,We,3/25/2009,3.146
Mo,3/16/2009,1.353,,Tu,3/24/2009,2.357,,Tu,3/24/2009,3.149
,,,,Mo,3/23/2009,2.247,,Mo,3/23/2009,3.019
Fr,3/13/2009,1.331,,,,,,,,
Th,3/12/2009,1.297,,Fr,3/20/2009,2.211,,Fr,3/20/2009,2.974
We,3/11/2009,1.365,,Th,3/19/2009,2.275,,Th,3/19/2009,3.045
Tu,3/10/2009,1.314,,We,3/18/2009,2.378,,We,3/18/2009,3.221
Mo,3/9/2009,1.269,,Tu,3/17/2009,2.356,,Tu,3/17/2009,3.191
,,,,Mo,3/16/2009,2.3,,Mo,3/16/2009,3.145
Fr,3/6/2009,1.176,,,,,,,,
Th,3/5/2009,1.175,,Fr,3/13/2009,2.241,,Fr,3/13/2009,3.059
We,3/4/2009,1.174,,Th,3/12/2009,2.183,,Th,3/12/2009,3.007
Tu,3/3/2009,1.181,,We,3/11/2009,2.273,,We,3/11/2009,3.07
Mo,3/2/2009,1.199,,Tu,3/10/2009,2.212,,Tu,3/10/2009,3
,,,,Mo,3/9/2009,2.123,,Mo,3/9/2009,2.936
Fr,2/27/2009,1.311,,,,,,,,
Th,2/26/2009,1.344,,Fr,3/6/2009,2.065,,Fr,3/6/2009,2.925
We,2/25/2009,1.255,,Th,3/5/2009,2.116,,Th,3/5/2009,3.017
Tu,2/24/2009,1.284,,We,3/4/2009,2.175,,We,3/4/2009,3.136
Mo,2/23/2009,1.318,,Tu,3/3/2009,2.118,,Tu,3/3/2009,3.048
,,,,Mo,3/2/2009,2.121,,Mo,3/2/2009,3.03
Fr,2/20/2009,1.309,,,,,,,,
Th,2/19/2009,1.372,,Fr,2/27/2009,2.234,,Fr,2/27/2009,3.112
We,2/18/2009,1.247,,Th,2/26/2009,2.261,,Th,2/26/2009,3.128
Tu,2/17/2009,1.165,,We,2/25/2009,2.114,,We,2/25/2009,2.993
Mo,2/16/2009,1.234,,Tu,2/24/2009,2.132,,Tu,2/24/2009,2.988
,,,,Mo,2/23/2009,2.173,,Mo,2/23/2009,3.014
Fr,2/13/2009,1.31,,,,,,,,
Th,2/12/2009,1.303,,Fr,2/20/2009,2.162,,Fr,2/20/2009,3.014
We,2/11/2009,1.36,,Th,2/19/2009,2.245,,Th,2/19/2009,3.08
Tu,2/10/2009,1.458,,We,2/18/2009,2.121,,We,2/18/2009,2.994
Mo,2/9/2009,1.446,,Tu,2/17/2009,2.062,,Tu,2/17/2009,2.975
,,,,Mo,2/16/2009,2.142,,Mo,2/16/2009,3.037
Fr,2/6/2009,1.394,,,,,,,,
Th,2/5/2009,1.415,,Fr,2/13/2009,2.23,,Fr,2/13/2009,3.107
We,2/4/2009,1.485,,Th,2/12/2009,2.205,,Th,2/12/2009,3.083
Tu,2/3/2009,1.482,,We,2/11/2009,2.289,,We,2/11/2009,3.189
Mo,2/2/2009,1.5,,Tu,2/10/2009,2.428,,Tu,2/10/2009,3.343
,,,,Mo,2/9/2009,2.457,,Mo,2/9/2009,3.403
Fr,1/30/2009,1.532,,,,,,,,
Th,1/29/2009,1.567,,Fr,2/6/2009,2.409,,Fr,2/6/2009,3.371
We,1/28/2009,1.614,,Th,2/5/2009,2.393,,Th,2/5/2009,3.339
Tu,1/27/2009,1.665,,We,2/4/2009,2.468,,We,2/4/2009,3.363
Mo,1/26/2009,1.65,,Tu,2/3/2009,2.452,,Tu,2/3/2009,3.335
,,,,Mo,2/2/2009,2.442,,Mo,2/2/2009,3.284
Fr,1/23/2009,1.429,,,,,,,,
Th,1/22/2009,1.436,,Fr,1/30/2009,2.494,,Fr,1/30/2009,3.296
We,1/21/2009,1.429,,Th,1/29/2009,2.491,,Th,1/29/2009,3.259
Tu,1/20/2009,1.493,,We,1/28/2009,2.498,,We,1/28/2009,3.233
Mo,1/19/2009,1.528,,Tu,1/27/2009,2.525,,Tu,1/27/2009,3.26
,,,,Mo,1/26/2009,2.528,,Mo,1/26/2009,3.327
Fr,1/16/2009,1.478,,,,,,,,
Th,1/15/2009,1.525,,Fr,1/23/2009,2.38,,Fr,1/23/2009,3.237
We,1/14/2009,1.493,,Th,1/22/2009,2.293,,Th,1/22/2009,3.108
Tu,1/13/2009,1.507,,We,1/21/2009,2.228,,We,1/21/2009,2.999
Mo,1/12/2009,1.494,,Tu,1/20/2009,2.261,,Tu,1/20/2009,3.019
,,,,Mo,1/19/2009,2.277,,Mo,1/19/2009,2.996
Fr,1/9/2009,1.511,,,,,,,,
Th,1/8/2009,1.587,,Fr,1/16/2009,2.201,,Fr,1/16/2009,2.93
We,1/7/2009,1.648,,Th,1/15/2009,2.195,,Th,1/15/2009,2.89
Tu,1/6/2009,1.739,,We,1/14/2009,2.206,,We,1/14/2009,2.934
Mo,1/5/2009,1.688,,Tu,1/13/2009,2.226,,Tu,1/13/2009,2.991
,,,,Mo,1/12/2009,2.248,,Mo,1/12/2009,2.986
Fr,1/2/2009,1.727,,,,,,,,
We,12/31/2008,1.755,,Fr,1/9/2009,2.265,,Fr,1/9/2009,3.017
Tu,12/30/2008,1.76,,Th,1/8/2009,2.366,,Th,1/8/2009,3.127
Mo,12/29/2008,1.714,,We,1/7/2009,2.421,,We,1/7/2009,3.198
,,,,Tu,1/6/2009,2.44,,Tu,1/6/2009,3.153
We,12/24/2008,1.748,,Mo,1/5/2009,2.316,,Mo,1/5/2009,3.013
Tu,12/23/2008,1.754,,,,,,,,
Mo,12/22/2008,1.794,,Fr,1/2/2009,2.288,,Fr,1/2/2009,2.957
,,,,We,12/31/2008,2.318,,We,12/31/2008,2.951
Fr,12/19/2008,1.83,,Tu,12/30/2008,2.316,,Tu,12/30/2008,2.949
Th,12/18/2008,1.853,,Mo,12/29/2008,2.274,,Mo,12/29/2008,2.909
We,12/17/2008,1.871,,,,,,,,
Tu,12/16/2008,2.081,,We,12/24/2008,2.329,,We,12/24/2008,2.942
Mo,12/15/2008,2.117,,Tu,12/23/2008,2.336,,Tu,12/23/2008,2.945
,,,,Mo,12/22/2008,2.36,,Mo,12/22/2008,2.937
Fr,12/12/2008,2.251,,,,,,,,
Th,12/11/2008,2.208,,Fr,12/19/2008,2.428,,Fr,12/19/2008,3.002
We,12/10/2008,2.274,,Th,12/18/2008,2.436,,Th,12/18/2008,2.974
Tu,12/9/2008,2.297,,We,12/17/2008,2.466,,We,12/17/2008,2.987
Mo,12/8/2008,2.253,,Tu,12/16/2008,2.641,,Tu,12/16/2008,3.135
,,,,Mo,12/15/2008,2.675,,Mo,12/15/2008,3.197
Fr,12/5/2008,2.054,,,,,,,,
Th,12/4/2008,2.144,,Fr,12/12/2008,2.802,,Fr,12/12/2008,3.297
We,12/3/2008,2.096,,Th,12/11/2008,2.714,,Th,12/11/2008,3.215
Tu,12/2/2008,2.115,,We,12/10/2008,2.748,,We,12/10/2008,3.208
Mo,12/1/2008,2.122,,Tu,12/9/2008,2.799,,Tu,12/9/2008,3.233
,,,,Mo,12/8/2008,2.719,,Mo,12/8/2008,3.155
Fr,11/28/2008,2.188,,,,,,,,
Th,11/27/2008,2.23,,Fr,12/5/2008,2.517,,Fr,12/5/2008,3.029
We,11/26/2008,2.211,,Th,12/4/2008,2.562,,Th,12/4/2008,3.096
Tu,11/25/2008,2.266,,We,12/3/2008,2.503,,We,12/3/2008,3.036
Mo,11/24/2008,2.206,,Tu,12/2/2008,2.477,,Tu,12/2/2008,3.048
,,,,Mo,12/1/2008,2.517,,Mo,12/1/2008,3.164
Fr,11/21/2008,2.091,,,,,,,,
Th,11/20/2008,2.051,,Fr,11/28/2008,2.651,,Fr,11/28/2008,3.258
We,11/19/2008,2.177,,Th,11/27/2008,2.681,,Th,11/27/2008,3.294
Tu,11/18/2008,2.183,,We,11/26/2008,2.646,,We,11/26/2008,3.284
Mo,11/17/2008,2.183,,Tu,11/25/2008,2.731,,Tu,11/25/2008,3.35
,,,,Mo,11/24/2008,2.736,,Mo,11/24/2008,3.426
Fr,11/14/2008,2.22,,,,,,,,
Th,11/13/2008,2.266,,Fr,11/21/2008,2.662,,Fr,11/21/2008,3.39
We,11/12/2008,2.283,,Th,11/20/2008,2.625,,Th,11/20/2008,3.401
Tu,11/11/2008,2.356,,We,11/19/2008,2.754,,We,11/19/2008,3.542
Mo,11/10/2008,2.403,,Tu,11/18/2008,2.812,,Tu,11/18/2008,3.646
,,,,Mo,11/17/2008,2.815,,Mo,11/17/2008,3.661
Fr,11/7/2008,2.411,,,,,,,,
Th,11/6/2008,2.43,,Fr,11/14/2008,2.825,,Fr,11/14/2008,3.673
We,11/5/2008,2.514,,Th,11/13/2008,2.853,,Th,11/13/2008,3.64
Tu,11/4/2008,2.532,,We,11/12/2008,2.863,,We,11/12/2008,3.631
Mo,11/3/2008,2.524,,Tu,11/11/2008,2.903,,Tu,11/11/2008,3.671
,,,,Mo,11/10/2008,2.932,,Mo,11/10/2008,3.683
Fr,10/31/2008,2.542,,,,,,,,
Th,10/30/2008,2.474,,Fr,11/7/2008,2.948,,Fr,11/7/2008,3.681
We,10/29/2008,2.525,,Th,11/6/2008,2.963,,Th,11/6/2008,3.704
Tu,10/28/2008,2.548,,We,11/5/2008,3.07,,We,11/5/2008,3.767
Mo,10/27/2008,2.598,,Tu,11/4/2008,3.129,,Tu,11/4/2008,3.804
,,,,Mo,11/3/2008,3.153,,Mo,11/3/2008,3.831
Fr,10/24/2008,2.667,,,,,,,,
Th,10/23/2008,2.777,,Fr,10/31/2008,3.196,,Fr,10/31/2008,3.9
We,10/22/2008,2.806,,Th,10/30/2008,3.107,,Th,10/30/2008,3.771
Tu,10/21/2008,2.896,,We,10/29/2008,3.145,,We,10/29/2008,3.787
Mo,10/20/2008,2.939,,Tu,10/28/2008,3.161,,Tu,10/28/2008,3.752
,,,,Mo,10/27/2008,3.216,,Mo,10/27/2008,3.76
Fr,10/17/2008,2.953,,,,,,,,
Th,10/16/2008,2.901,,Fr,10/24/2008,3.259,,Fr,10/24/2008,3.751
We,10/15/2008,3.128,,Th,10/23/2008,3.334,,Th,10/23/2008,3.779
Tu,10/14/2008,3.196,,We,10/22/2008,3.37,,We,10/22/2008,3.807
Mo,10/13/2008,3.151,,Tu,10/21/2008,3.506,,Tu,10/21/2008,3.94
,,,,Mo,10/20/2008,3.548,,Mo,10/20/2008,4.011
Fr,10/10/2008,3.038,,,,,,,,
Th,10/9/2008,3.076,,Fr,10/17/2008,3.583,,Fr,10/17/2008,4.014
We,10/8/2008,3.036,,Th,10/16/2008,3.586,,Th,10/16/2008,4.069
Tu,10/7/2008,3.171,,We,10/15/2008,3.705,,We,10/15/2008,4.123
Mo,10/6/2008,3.061,,Tu,10/14/2008,3.74,,Tu,10/14/2008,4.116
,,,,Mo,10/13/2008,3.702,,Mo,10/13/2008,4.074
Fr,10/3/2008,3.284,,,,,,,,
Th,10/2/2008,3.296,,Fr,10/10/2008,3.562,,Fr,10/10/2008,3.996
We,10/1/2008,3.422,,Th,10/9/2008,3.508,,Th,10/9/2008,3.877
Tu,9/30/2008,3.476,,We,10/8/2008,3.442,,We,10/8/2008,3.803
Mo,9/29/2008,3.436,,Tu,10/7/2008,3.472,,Tu,10/7/2008,3.752
,,,,Mo,10/6/2008,3.403,,Mo,10/6/2008,3.753
Fr,9/26/2008,3.662,,,,,,,,
Th,9/25/2008,3.846,,Fr,10/3/2008,3.599,,Fr,10/3/2008,3.924
We,9/24/2008,3.762,,Th,10/2/2008,3.614,,Th,10/2/2008,3.931
Tu,9/23/2008,3.901,,We,10/1/2008,3.732,,We,10/1/2008,3.995
Mo,9/22/2008,4.024,,Tu,9/30/2008,3.768,,Tu,9/30/2008,4.015
,,,,Mo,9/29/2008,3.691,,Mo,9/29/2008,3.972
Fr,9/19/2008,4.003,,,,,,,,
Th,9/18/2008,3.672,,Fr,9/26/2008,3.907,,Fr,9/26/2008,4.164
We,9/17/2008,3.633,,Th,9/25/2008,4.026,,Th,9/25/2008,4.23
Tu,9/16/2008,3.675,,We,9/24/2008,3.972,,We,9/24/2008,4.164
Mo,9/15/2008,3.723,,Tu,9/23/2008,4.067,,Tu,9/23/2008,4.241
,,,,Mo,9/22/2008,4.139,,Mo,9/22/2008,4.257
Fr,9/12/2008,3.963,,,,,,,,
Th,9/11/2008,4.001,,Fr,9/19/2008,4.111,,Fr,9/19/2008,4.208
We,9/10/2008,4.019,,Th,9/18/2008,3.814,,Th,9/18/2008,4.036
Tu,9/9/2008,4.006,,We,9/17/2008,3.769,,We,9/17/2008,4.016
Mo,9/8/2008,4.035,,Tu,9/16/2008,3.753,,Tu,9/16/2008,3.996
,,,,Mo,9/15/2008,3.791,,Mo,9/15/2008,4.051
Fr,9/5/2008,3.968,,,,,,,,
Th,9/4/2008,4.058,,Fr,9/12/2008,3.987,,Fr,9/12/2008,4.185
We,9/3/2008,4.12,,Th,9/11/2008,3.901,,Th,9/11/2008,4.081
Tu,9/2/2008,4.091,,We,9/10/2008,3.893,,We,9/10/2008,4.066
Mo,9/1/2008,4.029,,Tu,9/9/2008,3.873,,Tu,9/9/2008,4.043
,,,,Mo,9/8/2008,3.899,,Mo,9/8/2008,4.064
Fr,8/29/2008,4.111,,,,,,,,
Th,8/28/2008,4.152,,Fr,9/5/2008,3.833,,Fr,9/5/2008,4.001
We,8/27/2008,4.087,,Th,9/4/2008,3.946,,Th,9/4/2008,4.07
Tu,8/26/2008,3.989,,We,9/3/2008,4.022,,We,9/3/2008,4.14
Mo,8/25/2008,4.038,,Tu,9/2/2008,4.033,,Tu,9/2/2008,4.141
,,,,Mo,9/1/2008,4.005,,Mo,9/1/2008,4.126
Fr,8/22/2008,4.133,,,,,,,,
Th,8/21/2008,4.08,,Fr,8/29/2008,4.095,,Fr,8/29/2008,4.176
We,8/20/2008,3.993,,Th,8/28/2008,4.101,,Th,8/28/2008,4.179
Tu,8/19/2008,3.975,,We,8/27/2008,4.048,,We,8/27/2008,4.174
Mo,8/18/2008,3.983,,Tu,8/26/2008,3.955,,Tu,8/26/2008,4.114
,,,,Mo,8/25/2008,3.988,,Mo,8/25/2008,4.121
Fr,8/15/2008,4.001,,,,,,,,
Th,8/14/2008,4.024,,Fr,8/22/2008,4.114,,Fr,8/22/2008,4.219
We,8/13/2008,4.011,,Th,8/21/2008,4.046,,Th,8/21/2008,4.175
Tu,8/12/2008,4.046,,We,8/20/2008,3.959,,We,8/20/2008,4.123
Mo,8/11/2008,4.102,,Tu,8/19/2008,3.966,,Tu,8/19/2008,4.165
,,,,Mo,8/18/2008,3.97,,Mo,8/18/2008,4.143
Fr,8/8/2008,4.055,,,,,,,,
Th,8/7/2008,4.09,,Fr,8/15/2008,3.995,,Fr,8/15/2008,4.165
We,8/6/2008,4.243,,Th,8/14/2008,4.022,,Th,8/14/2008,4.203
Tu,8/5/2008,4.25,,We,8/13/2008,4.008,,We,8/13/2008,4.206
Mo,8/4/2008,4.251,,Tu,8/12/2008,4.052,,Tu,8/12/2008,4.23
,,,,Mo,8/11/2008,4.104,,Mo,8/11/2008,4.273
Fr,8/1/2008,4.263,,,,,,,,
Th,7/31/2008,4.26,,Fr,8/8/2008,4.075,,Fr,8/8/2008,4.261
We,7/30/2008,4.315,,Th,8/7/2008,4.092,,Th,8/7/2008,4.262
Tu,7/29/2008,4.344,,We,8/6/2008,4.256,,We,8/6/2008,4.341
Mo,7/28/2008,4.357,,Tu,8/5/2008,4.237,,Tu,8/5/2008,4.31
,,,,Mo,8/4/2008,4.256,,Mo,8/4/2008,4.334
Fr,7/25/2008,4.419,,,,,,,,
Th,7/24/2008,4.429,,Fr,8/1/2008,4.274,,Fr,8/1/2008,4.349
We,7/23/2008,4.582,,Th,7/31/2008,4.272,,Th,7/31/2008,4.355
Tu,7/22/2008,4.593,,We,7/30/2008,4.348,,We,7/30/2008,4.416
Mo,7/21/2008,4.625,,Tu,7/29/2008,4.403,,Tu,7/29/2008,4.477
,,,,Mo,7/28/2008,4.445,,Mo,7/28/2008,4.525
Fr,7/18/2008,4.54,,,,,,,,
Th,7/17/2008,4.38,,Fr,7/25/2008,4.53,,Fr,7/25/2008,4.604
We,7/16/2008,4.332,,Th,7/24/2008,4.512,,Th,7/24/2008,4.566
Tu,7/15/2008,4.308,,We,7/23/2008,4.66,,We,7/23/2008,4.662
Mo,7/14/2008,4.392,,Tu,7/22/2008,4.65,,Tu,7/22/2008,4.641
,,,,Mo,7/21/2008,4.665,,Mo,7/21/2008,4.635
Fr,7/11/2008,4.413,,,,,,,,
Th,7/10/2008,4.398,,Fr,7/18/2008,4.599,,Fr,7/18/2008,4.571
We,7/9/2008,4.419,,Th,7/17/2008,4.44,,Th,7/17/2008,4.443
Tu,7/8/2008,4.397,,We,7/16/2008,4.385,,We,7/16/2008,4.392
Mo,7/7/2008,4.369,,Tu,7/15/2008,4.35,,Tu,7/15/2008,4.385
,,,,Mo,7/14/2008,4.399,,Mo,7/14/2008,4.398
Fr,7/4/2008,4.405,,,,,,,,
Th,7/3/2008,4.445,,Fr,7/11/2008,4.433,,Fr,7/11/2008,4.427
We,7/2/2008,4.633,,Th,7/10/2008,4.393,,Th,7/10/2008,4.4
Tu,7/1/2008,4.574,,We,7/9/2008,4.41,,We,7/9/2008,4.413
Mo,6/30/2008,4.597,,Tu,7/8/2008,4.394,,Tu,7/8/2008,4.413
,,,,Mo,7/7/2008,4.385,,Mo,7/7/2008,4.427
Fr,6/27/2008,4.443,,,,,,,,
Th,6/26/2008,4.462,,Fr,7/4/2008,4.463,,Fr,7/4/2008,4.495
We,6/25/2008,4.567,,Th,7/3/2008,4.531,,Th,7/3/2008,4.556
Tu,6/24/2008,4.539,,We,7/2/2008,4.681,,We,7/2/2008,4.653
Mo,6/23/2008,4.564,,Tu,7/1/2008,4.622,,Tu,7/1/2008,4.607
,,,,Mo,6/30/2008,4.636,,Mo,6/30/2008,4.621
Fr,6/20/2008,4.605,,,,,,,,
Th,6/19/2008,4.7,,Fr,6/27/2008,4.486,,Fr,6/27/2008,4.523
We,6/18/2008,4.633,,Th,6/26/2008,4.502,,Th,6/26/2008,4.516
Tu,6/17/2008,4.65,,We,6/25/2008,4.609,,We,6/25/2008,4.613
Mo,6/16/2008,4.698,,Tu,6/24/2008,4.59,,Tu,6/24/2008,4.602
,,,,Mo,6/23/2008,4.619,,Mo,6/23/2008,4.599
Fr,6/13/2008,4.621,,,,,,,,
Th,6/12/2008,4.548,,Fr,6/20/2008,4.674,,Fr,6/20/2008,4.628
We,6/11/2008,4.632,,Th,6/19/2008,4.763,,Th,6/19/2008,4.681
Tu,6/10/2008,4.658,,We,6/18/2008,4.681,,We,6/18/2008,4.613
Mo,6/9/2008,4.689,,Tu,6/17/2008,4.675,,Tu,6/17/2008,4.609
,,,,Mo,6/16/2008,4.722,,Mo,6/16/2008,4.63
Fr,6/6/2008,4.636,,,,,,,,
Th,6/5/2008,4.624,,Fr,6/13/2008,4.663,,Fr,6/13/2008,4.641
We,6/4/2008,4.336,,Th,6/12/2008,4.598,,Th,6/12/2008,4.597
Tu,6/3/2008,4.365,,We,6/11/2008,4.534,,We,6/11/2008,4.553
Mo,6/2/2008,4.275,,Tu,6/10/2008,4.545,,Tu,6/10/2008,4.52
,,,,Mo,6/9/2008,4.541,,Mo,6/9/2008,4.491
Fr,5/30/2008,4.316,,,,,,,,
Th,5/29/2008,4.339,,Fr,6/6/2008,4.43,,Fr,6/6/2008,4.421
We,5/28/2008,4.222,,Th,6/5/2008,4.429,,Th,6/5/2008,4.469
Tu,5/27/2008,4.209,,We,6/4/2008,4.253,,We,6/4/2008,4.384
Mo,5/26/2008,4.21,,Tu,6/3/2008,4.312,,Tu,6/3/2008,4.427
,,,,Mo,6/2/2008,4.226,,Mo,6/2/2008,4.347
Fr,5/23/2008,4.205,,,,,,,,
Th,5/22/2008,4.194,,Fr,5/30/2008,4.303,,Fr,5/30/2008,4.405
We,5/21/2008,4.114,,Th,5/29/2008,4.322,,Th,5/29/2008,4.43
Tu,5/20/2008,3.995,,We,5/28/2008,4.218,,We,5/28/2008,4.347
Mo,5/19/2008,4.017,,Tu,5/27/2008,4.182,,Tu,5/27/2008,4.306
,,,,Mo,5/26/2008,4.169,,Mo,5/26/2008,4.284
Fr,5/16/2008,3.977,,,,,,,,
Th,5/15/2008,3.978,,Fr,5/23/2008,4.149,,Fr,5/23/2008,4.266
We,5/14/2008,3.906,,Th,5/22/2008,4.159,,Th,5/22/2008,4.298
Tu,5/13/2008,3.812,,We,5/21/2008,4.115,,We,5/21/2008,4.264
Mo,5/12/2008,3.758,,Tu,5/20/2008,4.02,,Tu,5/20/2008,4.19
,,,,Mo,5/19/2008,4.056,,Mo,5/19/2008,4.22
Fr,5/9/2008,3.699,,,,,,,,
Th,5/8/2008,3.744,,Fr,5/16/2008,4.006,,Fr,5/16/2008,4.177
We,5/7/2008,3.781,,Th,5/15/2008,4.022,,Th,5/15/2008,4.21
Tu,5/6/2008,3.767,,We,5/14/2008,3.97,,We,5/14/2008,4.164
Mo,5/5/2008,3.823,,Tu,5/13/2008,3.889,,Tu,5/13/2008,4.094
,,,,Mo,5/12/2008,3.794,,Mo,5/12/2008,4.011
Fr,5/2/2008,3.828,,,,,,,,
We,4/30/2008,3.757,,Fr,5/9/2008,3.754,,Fr,5/9/2008,3.995
Tu,4/29/2008,3.762,,Th,5/8/2008,3.809,,Th,5/8/2008,4.064
Mo,4/28/2008,3.84,,We,5/7/2008,3.913,,We,5/7/2008,4.176
,,,,Tu,5/6/2008,3.89,,Tu,5/6/2008,4.133
Fr,4/25/2008,3.856,,Mo,5/5/2008,3.942,,Mo,5/5/2008,4.158
Th,4/24/2008,3.869,,,,,,,,
We,4/23/2008,3.859,,Fr,5/2/2008,3.977,,Fr,5/2/2008,4.198
Tu,4/22/2008,3.901,,We,4/30/2008,3.877,,We,4/30/2008,4.123
Mo,4/21/2008,3.796,,Tu,4/29/2008,3.871,,Tu,4/29/2008,4.138
,,,,Mo,4/28/2008,3.938,,Mo,4/28/2008,4.201
Fr,4/18/2008,3.832,,,,,,,,
Th,4/17/2008,3.685,,Fr,4/25/2008,3.936,,Fr,4/25/2008,4.178
We,4/16/2008,3.567,,Th,4/24/2008,3.941,,Th,4/24/2008,4.182
Tu,4/15/2008,3.492,,We,4/23/2008,3.917,,We,4/23/2008,4.146
Mo,4/14/2008,3.421,,Tu,4/22/2008,3.944,,Tu,4/22/2008,4.148
,,,,Mo,4/21/2008,3.869,,Mo,4/21/2008,4.115
Fr,4/11/2008,3.41,,,,,,,,
Th,4/10/2008,3.466,,Fr,4/18/2008,3.917,,Fr,4/18/2008,4.133
We,4/9/2008,3.506,,Th,4/17/2008,3.801,,Th,4/17/2008,4.076
Tu,4/8/2008,3.544,,We,4/16/2008,3.708,,We,4/16/2008,4.037
Mo,4/7/2008,3.568,,Tu,4/15/2008,3.624,,Tu,4/15/2008,3.964
,,,,Mo,4/14/2008,3.549,,Mo,4/14/2008,3.908
Fr,4/4/2008,3.486,,,,,,,,
Th,4/3/2008,3.503,,Fr,4/11/2008,3.54,,Fr,4/11/2008,3.91
We,4/2/2008,3.557,,Th,4/10/2008,3.621,,Th,4/10/2008,3.982
Tu,4/1/2008,3.498,,We,4/9/2008,3.652,,We,4/9/2008,4.005
Mo,3/31/2008,3.431,,Tu,4/8/2008,3.684,,Tu,4/8/2008,4.021
,,,,Mo,4/7/2008,3.754,,Mo,4/7/2008,4.013
Fr,3/28/2008,3.465,,,,,,,,
Th,3/27/2008,3.421,,Fr,4/4/2008,3.668,,Fr,4/4/2008,3.946
We,3/26/2008,3.465,,Th,4/3/2008,3.689,,Th,4/3/2008,3.982
Tu,3/25/2008,3.471,,We,4/2/2008,3.721,,We,4/2/2008,3.993
,,,,Tu,4/1/2008,3.682,,Tu,4/1/2008,3.974
Th,3/20/2008,3.287,,Mo,3/31/2008,3.6,,Mo,3/31/2008,3.899
We,3/19/2008,3.23,,,,,,,,
Tu,3/18/2008,3.117,,Fr,3/28/2008,3.649,,Fr,3/28/2008,3.938
Mo,3/17/2008,2.943,,Th,3/27/2008,3.636,,Th,3/27/2008,3.924
,,,,We,3/26/2008,3.648,,We,3/26/2008,3.876
Fr,3/14/2008,3.246,,Tu,3/25/2008,3.662,,Tu,3/25/2008,3.883
Th,3/13/2008,3.31,,,,,,,,
We,3/12/2008,3.353,,Th,3/20/2008,3.504,,Th,3/20/2008,3.752
Tu,3/11/2008,3.332,,We,3/19/2008,3.449,,We,3/19/2008,3.761
Mo,3/10/2008,3.185,,Tu,3/18/2008,3.389,,Tu,3/18/2008,3.761
,,,,Mo,3/17/2008,3.243,,Mo,3/17/2008,3.688
Fr,3/7/2008,3.267,,,,,,,,
Th,3/6/2008,3.305,,Fr,3/14/2008,3.32,,Fr,3/14/2008,3.732
We,3/5/2008,3.262,,Th,3/13/2008,3.354,,Th,3/13/2008,3.76
Tu,3/4/2008,3.191,,We,3/12/2008,3.387,,We,3/12/2008,3.771
Mo,3/3/2008,3.204,,Tu,3/11/2008,3.358,,Tu,3/11/2008,3.789
,,,,Mo,3/10/2008,3.246,,Mo,3/10/2008,3.731
Fr,2/29/2008,3.16,,,,,,,,
Th,2/28/2008,3.268,,Fr,3/7/2008,3.333,,Fr,3/7/2008,3.788
We,2/27/2008,3.361,,Th,3/6/2008,3.378,,Th,3/6/2008,3.809
Tu,2/26/2008,3.387,,We,3/5/2008,3.396,,We,3/5/2008,3.861
Mo,2/25/2008,3.339,,Tu,3/4/2008,3.318,,Tu,3/4/2008,3.806
,,,,Mo,3/3/2008,3.368,,Mo,3/3/2008,3.86
Fr,2/22/2008,3.336,,,,,,,,
Th,2/21/2008,3.348,,Fr,2/29/2008,3.368,,Fr,2/29/2008,3.891
We,2/20/2008,3.237,,Th,2/28/2008,3.497,,Th,2/28/2008,4.001
Tu,2/19/2008,3.178,,We,2/27/2008,3.604,,We,2/27/2008,4.088
Mo,2/18/2008,3.197,,Tu,2/26/2008,3.62,,Tu,2/26/2008,4.074
,,,,Mo,2/25/2008,3.565,,Mo,2/25/2008,4.036
Fr,2/15/2008,3.117,,,,,,,,
Th,2/14/2008,3.181,,Fr,2/22/2008,3.547,,Fr,2/22/2008,4.003
We,2/13/2008,3.121,,Th,2/21/2008,3.577,,Th,2/21/2008,4.015
Tu,2/12/2008,3.123,,We,2/20/2008,3.535,,We,2/20/2008,4.025
Mo,2/11/2008,3.058,,Tu,2/19/2008,3.486,,Tu,2/19/2008,3.994
,,,,Mo,2/18/2008,3.512,,Mo,2/18/2008,4.015
Fr,2/8/2008,3.089,,,,,,,,
Th,2/7/2008,3.118,,Fr,2/15/2008,3.424,,Fr,2/15/2008,3.955
We,2/6/2008,3.251,,Th,2/14/2008,3.495,,Th,2/14/2008,4.005
Tu,2/5/2008,3.257,,We,2/13/2008,3.422,,We,2/13/2008,3.956
Mo,2/4/2008,3.387,,Tu,2/12/2008,3.413,,Tu,2/12/2008,3.945
,,,,Mo,2/11/2008,3.331,,Mo,2/11/2008,3.859
Fr,2/1/2008,3.376,,,,,,,,
Th,1/31/2008,3.373,,Fr,2/8/2008,3.344,,Fr,2/8/2008,3.864
We,1/30/2008,3.48,,Th,2/7/2008,3.35,,Th,2/7/2008,3.877
Tu,1/29/2008,3.472,,We,2/6/2008,3.455,,We,2/6/2008,3.895
Mo,1/28/2008,3.43,,Tu,2/5/2008,3.43,,Tu,2/5/2008,3.846
,,,,Mo,2/4/2008,3.56,,Mo,2/4/2008,3.932
Fr,1/25/2008,3.457,,,,,,,,
Th,1/24/2008,3.462,,Fr,2/1/2008,3.549,,Fr,2/1/2008,3.919
We,1/23/2008,3.239,,Th,1/31/2008,3.552,,Th,1/31/2008,3.93
Tu,1/22/2008,3.386,,We,1/30/2008,3.656,,We,1/30/2008,4.018
Mo,1/21/2008,3.353,,Tu,1/29/2008,3.638,,Tu,1/29/2008,3.994
,,,,Mo,1/28/2008,3.593,,Mo,1/28/2008,3.948
Fr,1/18/2008,3.476,,,,,,,,
Th,1/17/2008,3.518,,Fr,1/25/2008,3.641,,Fr,1/25/2008,3.977
We,1/16/2008,3.56,,Th,1/24/2008,3.643,,Th,1/24/2008,3.998
Tu,1/15/2008,3.651,,We,1/23/2008,3.467,,We,1/23/2008,3.889
Mo,1/14/2008,3.682,,Tu,1/22/2008,3.603,,Tu,1/22/2008,3.992
,,,,Mo,1/21/2008,3.538,,Mo,1/21/2008,3.912
Fr,1/11/2008,3.728,,,,,,,,
Th,1/10/2008,3.747,,Fr,1/18/2008,3.626,,Fr,1/18/2008,3.974
We,1/9/2008,3.741,,Th,1/17/2008,3.649,,Th,1/17/2008,3.975
Tu,1/8/2008,3.826,,We,1/16/2008,3.664,,We,1/16/2008,3.978
Mo,1/7/2008,3.78,,Tu,1/15/2008,3.732,,Tu,1/15/2008,4.024
,,,,Mo,1/14/2008,3.765,,Mo,1/14/2008,4.054
Fr,1/4/2008,3.731,,,,,,,,
Th,1/3/2008,3.78,,Fr,1/11/2008,3.81,,Fr,1/11/2008,4.087
We,1/2/2008,3.819,,Th,1/10/2008,3.826,,Th,1/10/2008,4.089
Mo,12/31/2007,3.964,,We,1/9/2008,3.825,,We,1/9/2008,4.089
,,,,Tu,1/8/2008,3.893,,Tu,1/8/2008,4.153
Fr,12/28/2007,3.977,,Mo,1/7/2008,3.859,,Mo,1/7/2008,4.125
Th,12/27/2007,4.019,,,,,,,,
Mo,12/24/2007,3.969,,Fr,1/4/2008,3.863,,Fr,1/4/2008,4.135
,,,,Th,1/3/2008,3.93,,Th,1/3/2008,4.193
Fr,12/21/2007,3.969,,We,1/2/2008,3.956,,We,1/2/2008,4.21
Th,12/20/2007,3.951,,Mo,12/31/2007,4.119,,Mo,12/31/2007,4.307
We,12/19/2007,3.989,,,,,,,,
Tu,12/18/2007,4.032,,Fr,12/28/2007,4.127,,Fr,12/28/2007,4.313
Mo,12/17/2007,4.031,,Th,12/27/2007,4.166,,Th,12/27/2007,4.346
,,,,Mo,12/24/2007,4.118,,Mo,12/24/2007,4.306
Fr,12/14/2007,4.044,,,,,,,,
Th,12/13/2007,4.012,,Fr,12/21/2007,4.119,,Fr,12/21/2007,4.304
We,12/12/2007,4.012,,Th,12/20/2007,4.073,,Th,12/20/2007,4.25
Tu,12/11/2007,3.899,,We,12/19/2007,4.098,,We,12/19/2007,4.284
Mo,12/10/2007,3.931,,Tu,12/18/2007,4.113,,Tu,12/18/2007,4.285
,,,,Mo,12/17/2007,4.106,,Mo,12/17/2007,4.289
Fr,12/7/2007,3.908,,,,,,,,
Th,12/6/2007,3.812,,Fr,12/14/2007,4.114,,Fr,12/14/2007,4.305
We,12/5/2007,3.793,,Th,12/13/2007,4.092,,Th,12/13/2007,4.282
Tu,12/4/2007,3.786,,We,12/12/2007,4.104,,We,12/12/2007,4.306
Mo,12/3/2007,3.779,,Tu,12/11/2007,4.019,,Tu,12/11/2007,4.24
,,,,Mo,12/10/2007,4.048,,Mo,12/10/2007,4.268
Fr,11/30/2007,3.831,,,,,,,,
Th,11/29/2007,3.73,,Fr,12/7/2007,3.976,,Fr,12/7/2007,4.199
We,11/28/2007,3.79,,Th,12/6/2007,3.855,,Th,12/6/2007,4.083
Tu,11/27/2007,3.679,,We,12/5/2007,3.806,,We,12/5/2007,4.033
Mo,11/26/2007,3.641,,Tu,12/4/2007,3.787,,Tu,12/4/2007,4.026
,,,,Mo,12/3/2007,3.826,,Mo,12/3/2007,4.067
Fr,11/23/2007,3.645,,,,,,,,
Th,11/22/2007,3.614,,Fr,11/30/2007,3.911,,Fr,11/30/2007,4.126
We,11/21/2007,3.651,,Th,11/29/2007,3.834,,Th,11/29/2007,4.066
Tu,11/20/2007,3.733,,We,11/28/2007,3.893,,We,11/28/2007,4.111
Mo,11/19/2007,3.702,,Tu,11/27/2007,3.798,,Tu,11/27/2007,4.037
,,,,Mo,11/26/2007,3.779,,Mo,11/26/2007,4.021
Fr,11/16/2007,3.798,,,,,,,,
Th,11/15/2007,3.844,,Fr,11/23/2007,3.779,,Fr,11/23/2007,4.044
We,11/14/2007,3.895,,Th,11/22/2007,3.75,,Th,11/22/2007,4.028
Tu,11/13/2007,3.855,,We,11/21/2007,3.762,,We,11/21/2007,4.013
Mo,11/12/2007,3.829,,Tu,11/20/2007,3.847,,Tu,11/20/2007,4.056
,,,,Mo,11/19/2007,3.83,,Mo,11/19/2007,4.051
Fr,11/9/2007,3.813,,,,,,,,
Th,11/8/2007,3.858,,Fr,11/16/2007,3.905,,Fr,11/16/2007,4.1
We,11/7/2007,3.907,,Th,11/15/2007,3.933,,Th,11/15/2007,4.117
Tu,11/6/2007,3.946,,We,11/14/2007,3.982,,We,11/14/2007,4.146
Mo,11/5/2007,3.929,,Tu,11/13/2007,3.947,,Tu,11/13/2007,4.127
,,,,Mo,11/12/2007,3.911,,Mo,11/12/2007,4.1
Fr,11/2/2007,3.944,,,,,,,,
Th,11/1/2007,3.983,,Fr,11/9/2007,3.902,,Fr,11/9/2007,4.087
We,10/31/2007,4.056,,Th,11/8/2007,3.952,,Th,11/8/2007,4.126
Tu,10/30/2007,3.954,,We,11/7/2007,3.997,,We,11/7/2007,4.152
Mo,10/29/2007,3.955,,Tu,11/6/2007,4.039,,Tu,11/6/2007,4.183
,,,,Mo,11/5/2007,4.018,,Mo,11/5/2007,4.167
Fr,10/26/2007,3.948,,,,,,,,
Th,10/25/2007,3.921,,Fr,11/2/2007,4.032,,Fr,11/2/2007,4.177
We,10/24/2007,3.916,,Th,11/1/2007,4.079,,Th,11/1/2007,4.206
Tu,10/23/2007,3.984,,We,10/31/2007,4.132,,We,10/31/2007,4.239
Mo,10/22/2007,3.981,,Tu,10/30/2007,4.051,,Tu,10/30/2007,4.187
,,,,Mo,10/29/2007,4.04,,Mo,10/29/2007,4.171
Fr,10/19/2007,3.996,,,,,,,,
Th,10/18/2007,4.063,,Fr,10/26/2007,4.041,,Fr,10/26/2007,4.173
We,10/17/2007,4.155,,Th,10/25/2007,4.023,,Th,10/25/2007,4.16
Tu,10/16/2007,4.197,,We,10/24/2007,4.026,,We,10/24/2007,4.15
Mo,10/15/2007,4.231,,Tu,10/23/2007,4.075,,Tu,10/23/2007,4.199
,,,,Mo,10/22/2007,4.07,,Mo,10/22/2007,4.191
Fr,10/12/2007,4.196,,,,,,,,
Th,10/11/2007,4.114,,Fr,10/19/2007,4.093,,Fr,10/19/2007,4.225
We,10/10/2007,4.068,,Th,10/18/2007,4.184,,Th,10/18/2007,4.324
Tu,10/9/2007,4.049,,We,10/17/2007,4.274,,We,10/17/2007,4.394
Mo,10/8/2007,4.043,,Tu,10/16/2007,4.316,,Tu,10/16/2007,4.436
,,,,Mo,10/15/2007,4.321,,Mo,10/15/2007,4.429
Fr,10/5/2007,4.023,,,,,,,,
Th,10/4/2007,3.973,,Fr,10/12/2007,4.309,,Fr,10/12/2007,4.421
We,10/3/2007,4.024,,Th,10/11/2007,4.26,,Th,10/11/2007,4.394
Tu,10/2/2007,4.007,,We,10/10/2007,4.205,,We,10/10/2007,4.352
Mo,10/1/2007,4.004,,Tu,10/9/2007,4.16,,Tu,10/9/2007,4.319
,,,,Mo,10/8/2007,4.179,,Mo,10/8/2007,4.353
Fr,9/28/2007,4.028,,,,,,,,
Th,9/27/2007,4.067,,Fr,10/5/2007,4.17,,Fr,10/5/2007,4.35
We,9/26/2007,4.076,,Th,10/4/2007,4.1,,Th,10/4/2007,4.289
Tu,9/25/2007,4.012,,We,10/3/2007,4.154,,We,10/3/2007,4.334
Mo,9/24/2007,4.049,,Tu,10/2/2007,4.135,,Tu,10/2/2007,4.317
,,,,Mo,10/1/2007,4.14,,Mo,10/1/2007,4.323
Fr,9/21/2007,4.057,,,,,,,,
Th,9/20/2007,4.077,,Fr,9/28/2007,4.163,,Fr,9/28/2007,4.329
We,9/19/2007,4.055,,Th,9/27/2007,4.213,,Th,9/27/2007,4.379
Tu,9/18/2007,4.044,,We,9/26/2007,4.23,,We,9/26/2007,4.385
Mo,9/17/2007,3.982,,Tu,9/25/2007,4.168,,Tu,9/25/2007,4.327
,,,,Mo,9/24/2007,4.207,,Mo,9/24/2007,4.365
Fr,9/14/2007,3.986,,,,,,,,
Th,9/13/2007,3.987,,Fr,9/21/2007,4.204,,Fr,9/21/2007,4.358
We,9/12/2007,3.908,,Th,9/20/2007,4.203,,Th,9/20/2007,4.342
Tu,9/11/2007,3.927,,We,9/19/2007,4.161,,We,9/19/2007,4.284
Mo,9/10/2007,3.885,,Tu,9/18/2007,4.128,,Tu,9/18/2007,4.219
,,,,Mo,9/17/2007,4.039,,Mo,9/17/2007,4.154
Fr,9/7/2007,3.913,,,,,,,,
Th,9/6/2007,4.017,,Fr,9/14/2007,4.054,,Fr,9/14/2007,4.166
We,9/5/2007,4.008,,Th,9/13/2007,4.068,,Th,9/13/2007,4.17
Tu,9/4/2007,4.058,,We,9/12/2007,3.987,,We,9/12/2007,4.125
Mo,9/3/2007,4.038,,Tu,9/11/2007,3.953,,Tu,9/11/2007,4.094
,,,,Mo,9/10/2007,3.93,,Mo,9/10/2007,4.072
Fr,8/31/2007,4.013,,,,,,,,
Th,8/30/2007,3.976,,Fr,9/7/2007,3.975,,Fr,9/7/2007,4.122
We,8/29/2007,3.972,,Th,9/6/2007,4.085,,Th,9/6/2007,4.206
Tu,8/28/2007,3.981,,We,9/5/2007,4.083,,We,9/5/2007,4.21
Mo,8/27/2007,4.014,,Tu,9/4/2007,4.146,,Tu,9/4/2007,4.275
,,,,Mo,9/3/2007,4.138,,Mo,9/3/2007,4.263
Fr,8/24/2007,4.024,,,,,,,,
Th,8/23/2007,4.013,,Fr,8/31/2007,4.115,,Fr,8/31/2007,4.242
We,8/22/2007,4.033,,Th,8/30/2007,4.08,,Th,8/30/2007,4.232
Tu,8/21/2007,3.863,,We,8/29/2007,4.072,,We,8/29/2007,4.225
Mo,8/20/2007,3.944,,Tu,8/28/2007,4.078,,Tu,8/28/2007,4.228
,,,,Mo,8/27/2007,4.097,,Mo,8/27/2007,4.252
Fr,8/17/2007,3.961,,,,,,,,
Th,8/16/2007,3.946,,Fr,8/24/2007,4.118,,Fr,8/24/2007,4.262
We,8/15/2007,4.136,,Th,8/23/2007,4.11,,Th,8/23/2007,4.268
Tu,8/14/2007,4.2,,We,8/22/2007,4.13,,We,8/22/2007,4.295
Mo,8/13/2007,4.227,,Tu,8/21/2007,4.01,,Tu,8/21/2007,4.23
,,,,Mo,8/20/2007,4.069,,Mo,8/20/2007,4.273
Fr,8/10/2007,4.213,,,,,,,,
Th,8/9/2007,4.296,,Fr,8/17/2007,4.08,,Fr,8/17/2007,4.287
We,8/8/2007,4.384,,Th,8/16/2007,4.072,,Th,8/16/2007,4.246
Tu,8/7/2007,4.302,,We,8/15/2007,4.222,,We,8/15/2007,4.335
Mo,8/6/2007,4.267,,Tu,8/14/2007,4.274,,Tu,8/14/2007,4.36
,,,,Mo,8/13/2007,4.295,,Mo,8/13/2007,4.371
Fr,8/3/2007,4.278,,,,,,,,
Th,8/2/2007,4.33,,Fr,8/10/2007,4.282,,Fr,8/10/2007,4.354
We,8/1/2007,4.285,,Th,8/9/2007,4.341,,Th,8/9/2007,4.388
Tu,7/31/2007,4.299,,We,8/8/2007,4.404,,We,8/8/2007,4.425
Mo,7/30/2007,4.248,,Tu,8/7/2007,4.317,,Tu,8/7/2007,4.345
,,,,Mo,8/6/2007,4.29,,Mo,8/6/2007,4.323
Fr,7/27/2007,4.27,,,,,,,,
Th,7/26/2007,4.284,,Fr,8/3/2007,4.294,,Fr,8/3/2007,4.317
We,7/25/2007,4.377,,Th,8/2/2007,4.349,,Th,8/2/2007,4.374
Tu,7/24/2007,4.395,,We,8/1/2007,4.311,,We,8/1/2007,4.348
Mo,7/23/2007,4.413,,Tu,7/31/2007,4.319,,Tu,7/31/2007,4.347
,,,,Mo,7/30/2007,4.272,,Mo,7/30/2007,4.304
Fr,7/20/2007,4.417,,,,,,,,
Th,7/19/2007,4.494,,Fr,7/27/2007,4.298,,Fr,7/27/2007,4.323
We,7/18/2007,4.478,,Th,7/26/2007,4.302,,Th,7/26/2007,4.331
Tu,7/17/2007,4.511,,We,7/25/2007,4.393,,We,7/25/2007,4.404
Mo,7/16/2007,4.491,,Tu,7/24/2007,4.416,,Tu,7/24/2007,4.431
,,,,Mo,7/23/2007,4.434,,Mo,7/23/2007,4.44
Fr,7/13/2007,4.517,,,,,,,,
Th,7/12/2007,4.509,,Fr,7/20/2007,4.432,,Fr,7/20/2007,4.438
We,7/11/2007,4.478,,Th,7/19/2007,4.542,,Th,7/19/2007,4.55
Tu,7/10/2007,4.473,,We,7/18/2007,4.537,,We,7/18/2007,4.544
Mo,7/9/2007,4.526,,Tu,7/17/2007,4.58,,Tu,7/17/2007,4.596
,,,,Mo,7/16/2007,4.556,,Mo,7/16/2007,4.579
Fr,7/6/2007,4.537,,,,,,,,
Th,7/5/2007,4.516,,Fr,7/13/2007,4.591,,Fr,7/13/2007,4.618
We,7/4/2007,4.481,,Th,7/12/2007,4.587,,Th,7/12/2007,4.62
Tu,7/3/2007,4.446,,We,7/11/2007,4.542,,We,7/11/2007,4.577
Mo,7/2/2007,4.417,,Tu,7/10/2007,4.543,,Tu,7/10/2007,4.589
,,,,Mo,7/9/2007,4.622,,Mo,7/9/2007,4.669
Fr,6/29/2007,4.462,,,,,,,,
Th,6/28/2007,4.451,,Fr,7/6/2007,4.631,,Fr,7/6/2007,4.677
We,6/27/2007,4.414,,Th,7/5/2007,4.598,,Th,7/5/2007,4.647
Tu,6/26/2007,4.439,,We,7/4/2007,4.554,,We,7/4/2007,4.604
Mo,6/25/2007,4.446,,Tu,7/3/2007,4.514,,Tu,7/3/2007,4.562
,,,,Mo,7/2/2007,4.47,,Mo,7/2/2007,4.511
Fr,6/22/2007,4.463,,,,,,,,
Th,6/21/2007,4.475,,Fr,6/29/2007,4.527,,Fr,6/29/2007,4.574
We,6/20/2007,4.483,,Th,6/28/2007,4.513,,Th,6/28/2007,4.566
Tu,6/19/2007,4.453,,We,6/27/2007,4.484,,We,6/27/2007,4.547
Mo,6/18/2007,4.493,,Tu,6/26/2007,4.532,,Tu,6/26/2007,4.602
,,,,Mo,6/25/2007,4.553,,Mo,6/25/2007,4.622
Fr,6/15/2007,4.505,,,,,,,,
Th,6/14/2007,4.498,,Fr,6/22/2007,4.58,,Fr,6/22/2007,4.653
We,6/13/2007,4.512,,Th,6/21/2007,4.583,,Th,6/21/2007,4.646
Tu,6/12/2007,4.503,,We,6/20/2007,4.582,,We,6/20/2007,4.64
Mo,6/11/2007,4.467,,Tu,6/19/2007,4.548,,Tu,6/19/2007,4.62
,,,,Mo,6/18/2007,4.591,,Mo,6/18/2007,4.663
Fr,6/8/2007,4.47,,,,,,,,
Th,6/7/2007,4.468,,Fr,6/15/2007,4.595,,Fr,6/15/2007,4.657
We,6/6/2007,4.412,,Th,6/14/2007,4.587,,Th,6/14/2007,4.644
Tu,6/5/2007,4.45,,We,6/13/2007,4.593,,We,6/13/2007,4.644
Mo,6/4/2007,4.432,,Tu,6/12/2007,4.562,,Tu,6/12/2007,4.611
,,,,Mo,6/11/2007,4.521,,Mo,6/11/2007,4.565
Fr,6/1/2007,4.434,,,,,,,,
Th,5/31/2007,4.394,,Fr,6/8/2007,4.522,,Fr,6/8/2007,4.572
We,5/30/2007,4.365,,Th,6/7/2007,4.508,,Th,6/7/2007,4.545
Tu,5/29/2007,4.363,,We,6/6/2007,4.433,,We,6/6/2007,4.461
Mo,5/28/2007,4.347,,Tu,6/5/2007,4.472,,Tu,6/5/2007,4.496
,,,,Mo,6/4/2007,4.441,,Mo,6/4/2007,4.456
Fr,5/25/2007,4.343,,,,,,,,
Th,5/24/2007,4.31,,Fr,6/1/2007,4.452,,Fr,6/1/2007,4.461
We,5/23/2007,4.333,,Th,5/31/2007,4.412,,Th,5/31/2007,4.422
Tu,5/22/2007,4.301,,We,5/30/2007,4.383,,We,5/30/2007,4.399
Mo,5/21/2007,4.282,,Tu,5/29/2007,4.382,,Tu,5/29/2007,4.402
,,,,Mo,5/28/2007,4.372,,Mo,5/28/2007,4.392
Fr,5/18/2007,4.275,,,,,,,,
Th,5/17/2007,4.279,,Fr,5/25/2007,4.366,,Fr,5/25/2007,4.387
We,5/16/2007,4.271,,Th,5/24/2007,4.335,,Th,5/24/2007,4.369
Tu,5/15/2007,4.246,,We,5/23/2007,4.35,,We,5/23/2007,4.381
Mo,5/14/2007,4.213,,Tu,5/22/2007,4.319,,Tu,5/22/2007,4.338
,,,,Mo,5/21/2007,4.299,,Mo,5/21/2007,4.322
Fr,5/11/2007,4.171,,,,,,,,
Th,5/10/2007,4.174,,Fr,5/18/2007,4.288,,Fr,5/18/2007,4.311
We,5/9/2007,4.175,,Th,5/17/2007,4.292,,Th,5/17/2007,4.312
Tu,5/8/2007,4.168,,We,5/16/2007,4.282,,We,5/16/2007,4.303
Mo,5/7/2007,4.186,,Tu,5/15/2007,4.268,,Tu,5/15/2007,4.299
,,,,Mo,5/14/2007,4.237,,Mo,5/14/2007,4.269
Fr,5/4/2007,4.164,,,,,,,,
Th,5/3/2007,4.187,,Fr,5/11/2007,4.187,,Fr,5/11/2007,4.217
We,5/2/2007,4.18,,Th,5/10/2007,4.184,,Th,5/10/2007,4.214
Mo,4/30/2007,4.128,,We,5/9/2007,4.18,,We,5/9/2007,4.208
,,,,Tu,5/8/2007,4.169,,Tu,5/8/2007,4.195
Fr,4/27/2007,4.17,,Mo,5/7/2007,4.19,,Mo,5/7/2007,4.212
Th,4/26/2007,4.167,,,,,,,,
We,4/25/2007,4.133,,Fr,5/4/2007,4.17,,Fr,5/4/2007,4.195
Tu,4/24/2007,4.12,,Th,5/3/2007,4.199,,Th,5/3/2007,4.23
Mo,4/23/2007,4.125,,We,5/2/2007,4.185,,We,5/2/2007,4.21
,,,,Mo,4/30/2007,4.134,,Mo,4/30/2007,4.154
Fr,4/20/2007,4.135,,,,,,,,
Th,4/19/2007,4.133,,Fr,4/27/2007,4.191,,Fr,4/27/2007,4.22
We,4/18/2007,4.112,,Th,4/26/2007,4.189,,Th,4/26/2007,4.22
Tu,4/17/2007,4.118,,We,4/25/2007,4.152,,We,4/25/2007,4.188
Mo,4/16/2007,4.131,,Tu,4/24/2007,4.133,,Tu,4/24/2007,4.163
,,,,Mo,4/23/2007,4.142,,Mo,4/23/2007,4.18
Fr,4/13/2007,4.141,,,,,,,,
Th,4/12/2007,4.113,,Fr,4/20/2007,4.16,,Fr,4/20/2007,4.203
We,4/11/2007,4.092,,Th,4/19/2007,4.153,,Th,4/19/2007,4.197
Tu,4/10/2007,4.077,,We,4/18/2007,4.118,,We,4/18/2007,4.154
,,,,Tu,4/17/2007,4.136,,Tu,4/17/2007,4.182
Th,4/5/2007,4.039,,Mo,4/16/2007,4.153,,Mo,4/16/2007,4.207
We,4/4/2007,4.024,,,,,,,,
Tu,4/3/2007,4.045,,Fr,4/13/2007,4.177,,Fr,4/13/2007,4.231
Mo,4/2/2007,4.041,,Th,4/12/2007,4.132,,Th,4/12/2007,4.182
,,,,We,4/11/2007,4.101,,We,4/11/2007,4.143
Fr,3/30/2007,4.016,,Tu,4/10/2007,4.085,,Tu,4/10/2007,4.128
Th,3/29/2007,4.006,,,,,,,,
We,3/28/2007,3.981,,Th,4/5/2007,4.046,,Th,4/5/2007,4.095
Tu,3/27/2007,3.981,,We,4/4/2007,4.026,,We,4/4/2007,4.071
Mo,3/26/2007,3.962,,Tu,4/3/2007,4.052,,Tu,4/3/2007,4.097
,,,,Mo,4/2/2007,4.039,,Mo,4/2/2007,4.072
Fr,3/23/2007,3.96,,,,,,,,
Th,3/22/2007,3.93,,Fr,3/30/2007,4.018,,Fr,3/30/2007,4.057
We,3/21/2007,3.934,,Th,3/29/2007,4.007,,Th,3/29/2007,4.053
Tu,3/20/2007,3.928,,We,3/28/2007,3.983,,We,3/28/2007,4.031
Mo,3/19/2007,3.941,,Tu,3/27/2007,3.982,,Tu,3/27/2007,4.022
,,,,Mo,3/26/2007,3.957,,Mo,3/26/2007,4.001
Fr,3/16/2007,3.909,,,,,,,,
Th,3/15/2007,3.904,,Fr,3/23/2007,3.957,,Fr,3/23/2007,4.001
We,3/14/2007,3.866,,Th,3/22/2007,3.91,,Th,3/22/2007,3.949
Tu,3/13/2007,3.921,,We,3/21/2007,3.904,,We,3/21/2007,3.927
Mo,3/12/2007,3.925,,Tu,3/20/2007,3.892,,Tu,3/20/2007,3.909
,,,,Mo,3/19/2007,3.908,,Mo,3/19/2007,3.926
Fr,3/9/2007,3.938,,,,,,,,
Th,3/8/2007,3.906,,Fr,3/16/2007,3.879,,Fr,3/16/2007,3.905
We,3/7/2007,3.882,,Th,3/15/2007,3.872,,Th,3/15/2007,3.907
Tu,3/6/2007,3.867,,We,3/14/2007,3.833,,We,3/14/2007,3.882
Mo,3/5/2007,3.842,,Tu,3/13/2007,3.862,,Tu,3/13/2007,3.905
,,,,Mo,3/12/2007,3.881,,Mo,3/12/2007,3.932
Fr,3/2/2007,3.833,,,,,,,,
Th,3/1/2007,3.862,,Fr,3/9/2007,3.904,,Fr,3/9/2007,3.959
We,2/28/2007,3.876,,Th,3/8/2007,3.871,,Th,3/8/2007,3.929
Tu,2/27/2007,3.897,,We,3/7/2007,3.85,,We,3/7/2007,3.92
Mo,2/26/2007,3.933,,Tu,3/6/2007,3.851,,Tu,3/6/2007,3.918
,,,,Mo,3/5/2007,3.835,,Mo,3/5/2007,3.915
Fr,2/23/2007,3.968,,,,,,,,
Th,2/22/2007,3.989,,Fr,3/2/2007,3.856,,Fr,3/2/2007,3.938
We,2/21/2007,3.965,,Th,3/1/2007,3.877,,Th,3/1/2007,3.947
Tu,2/20/2007,3.969,,We,2/28/2007,3.892,,We,2/28/2007,3.957
Mo,2/19/2007,3.973,,Tu,2/27/2007,3.91,,Tu,2/27/2007,3.965
,,,,Mo,2/26/2007,3.944,,Mo,2/26/2007,3.995
Fr,2/16/2007,3.955,,,,,,,,
Th,2/15/2007,3.933,,Fr,2/23/2007,3.996,,Fr,2/23/2007,4.047
We,2/14/2007,3.969,,Th,2/22/2007,4.034,,Th,2/22/2007,4.086
Tu,2/13/2007,3.982,,We,2/21/2007,4.003,,We,2/21/2007,4.053
Mo,2/12/2007,3.964,,Tu,2/20/2007,4.013,,Tu,2/20/2007,4.063
,,,,Mo,2/19/2007,4.014,,Mo,2/19/2007,4.066
Fr,2/9/2007,3.967,,,,,,,,
Th,2/8/2007,3.947,,Fr,2/16/2007,3.994,,Fr,2/16/2007,4.05
We,2/7/2007,3.92,,Th,2/15/2007,3.976,,Th,2/15/2007,4.044
Tu,2/6/2007,3.909,,We,2/14/2007,4.028,,We,2/14/2007,4.099
Mo,2/5/2007,3.893,,Tu,2/13/2007,4.051,,Tu,2/13/2007,4.125
,,,,Mo,2/12/2007,4.033,,Mo,2/12/2007,4.108
Fr,2/2/2007,3.913,,,,,,,,
Th,2/1/2007,3.952,,Fr,2/9/2007,4.026,,Fr,2/9/2007,4.091
We,1/31/2007,3.968,,Th,2/8/2007,3.991,,Th,2/8/2007,4.047
Tu,1/30/2007,3.999,,We,2/7/2007,3.957,,We,2/7/2007,4.03
Mo,1/29/2007,4.005,,Tu,2/6/2007,3.954,,Tu,2/6/2007,4.03
,,,,Mo,2/5/2007,3.947,,Mo,2/5/2007,4.031
Fr,1/26/2007,3.969,,,,,,,,
Th,1/25/2007,3.97,,Fr,2/2/2007,3.974,,Fr,2/2/2007,4.061
We,1/24/2007,3.959,,Th,2/1/2007,4.018,,Th,2/1/2007,4.091
Tu,1/23/2007,3.942,,We,1/31/2007,4.036,,We,1/31/2007,4.1
Mo,1/22/2007,3.933,,Tu,1/30/2007,4.043,,Tu,1/30/2007,4.11
,,,,Mo,1/29/2007,4.057,,Mo,1/29/2007,4.119
Fr,1/19/2007,3.961,,,,,,,,
Th,1/18/2007,3.96,,Fr,1/26/2007,4.039,,Fr,1/26/2007,4.092
We,1/17/2007,3.939,,Th,1/25/2007,4.036,,Th,1/25/2007,4.079
Tu,1/16/2007,3.95,,We,1/24/2007,4.009,,We,1/24/2007,4.04
Mo,1/15/2007,3.949,,Tu,1/23/2007,3.986,,Tu,1/23/2007,4.02
,,,,Mo,1/22/2007,3.979,,Mo,1/22/2007,4.021
Fr,1/12/2007,3.95,,,,,,,,
Th,1/11/2007,3.923,,Fr,1/19/2007,4.008,,Fr,1/19/2007,4.05
We,1/10/2007,3.952,,Th,1/18/2007,4.008,,Th,1/18/2007,4.062
Tu,1/9/2007,3.938,,We,1/17/2007,3.982,,We,1/17/2007,4.04
Mo,1/8/2007,3.915,,Tu,1/16/2007,3.983,,Tu,1/16/2007,4.04
,,,,Mo,1/15/2007,3.986,,Mo,1/15/2007,4.054
Fr,1/5/2007,3.925,,,,,,,,
Th,1/4/2007,3.887,,Fr,1/12/2007,3.992,,Fr,1/12/2007,4.063
We,1/3/2007,3.892,,Th,1/11/2007,3.951,,Th,1/11/2007,4.014
Tu,1/2/2007,3.882,,We,1/10/2007,3.973,,We,1/10/2007,4.021
,,,,Tu,1/9/2007,3.958,,Tu,1/9/2007,4.004
Fr,12/29/2006,3.903,,Mo,1/8/2007,3.934,,Mo,1/8/2007,3.973
Th,12/28/2006,3.907,,,,,,,,
We,12/27/2006,3.892,,Fr,1/5/2007,3.948,,Fr,1/5/2007,3.982
,,,,Th,1/4/2007,3.896,,Th,1/4/2007,3.933
Fr,12/22/2006,3.859,,We,1/3/2007,3.914,,We,1/3/2007,3.954
Th,12/21/2006,3.85,,Tu,1/2/2007,3.899,,Tu,1/2/2007,3.937
We,12/20/2006,3.837,,,,,,,,
Tu,12/19/2006,3.835,,Fr,12/29/2006,3.921,,Fr,12/29/2006,3.948
Mo,12/18/2006,3.813,,Th,12/28/2006,3.934,,Th,12/28/2006,3.954
,,,,We,12/27/2006,3.912,,We,12/27/2006,3.925
Fr,12/15/2006,3.803,,,,,,,,
Th,12/14/2006,3.788,,Fr,12/22/2006,3.873,,Fr,12/22/2006,3.881
We,12/13/2006,3.763,,Th,12/21/2006,3.864,,Th,12/21/2006,3.875
Tu,12/12/2006,3.757,,We,12/20/2006,3.85,,We,12/20/2006,3.86
Mo,12/11/2006,3.751,,Tu,12/19/2006,3.85,,Tu,12/19/2006,3.864
,,,,Mo,12/18/2006,3.822,,Mo,12/18/2006,3.828
Fr,12/8/2006,3.725,,,,,,,,
Th,12/7/2006,3.714,,Fr,12/15/2006,3.801,,Fr,12/15/2006,3.799
We,12/6/2006,3.673,,Th,12/14/2006,3.786,,Th,12/14/2006,3.782
Tu,12/5/2006,3.647,,We,12/13/2006,3.747,,We,12/13/2006,3.751
Mo,12/4/2006,3.613,,Tu,12/12/2006,3.727,,Tu,12/12/2006,3.739
,,,,Mo,12/11/2006,3.725,,Mo,12/11/2006,3.745
Fr,12/1/2006,3.627,,,,,,,,
Th,11/30/2006,3.658,,Fr,12/8/2006,3.702,,Fr,12/8/2006,3.728
We,11/29/2006,3.68,,Th,12/7/2006,3.681,,Th,12/7/2006,3.712
Tu,11/28/2006,3.656,,We,12/6/2006,3.641,,We,12/6/2006,3.688
Mo,11/27/2006,3.667,,Tu,12/5/2006,3.621,,Tu,12/5/2006,3.68
,,,,Mo,12/4/2006,3.603,,Mo,12/4/2006,3.671
Fr,11/24/2006,3.675,,,,,,,,
Th,11/23/2006,3.716,,Fr,12/1/2006,3.6,,Fr,12/1/2006,3.664
We,11/22/2006,3.674,,Th,11/30/2006,3.635,,Th,11/30/2006,3.695
Tu,11/21/2006,3.693,,We,11/29/2006,3.663,,We,11/29/2006,3.72
Mo,11/20/2006,3.68,,Tu,11/28/2006,3.641,,Tu,11/28/2006,3.705
,,,,Mo,11/27/2006,3.657,,Mo,11/27/2006,3.723
Fr,11/17/2006,3.711,,,,,,,,
Th,11/16/2006,3.737,,Fr,11/24/2006,3.649,,Fr,11/24/2006,3.699
We,11/15/2006,3.723,,Th,11/23/2006,3.7,,Th,11/23/2006,3.745
Tu,11/14/2006,3.702,,We,11/22/2006,3.662,,We,11/22/2006,3.72
Mo,11/13/2006,3.71,,Tu,11/21/2006,3.671,,Tu,11/21/2006,3.722
,,,,Mo,11/20/2006,3.666,,Mo,11/20/2006,3.719
Fr,11/10/2006,3.692,,,,,,,,
Th,11/9/2006,3.735,,Fr,11/17/2006,3.685,,Fr,11/17/2006,3.73
We,11/8/2006,3.75,,Th,11/16/2006,3.716,,Th,11/16/2006,3.748
Tu,11/7/2006,3.721,,We,11/15/2006,3.703,,We,11/15/2006,3.74
Mo,11/6/2006,3.742,,Tu,11/14/2006,3.673,,Tu,11/14/2006,3.712
,,,,Mo,11/13/2006,3.696,,Mo,11/13/2006,3.738
Fr,11/3/2006,3.718,,,,,,,,
Th,11/2/2006,3.67,,Fr,11/10/2006,3.671,,Fr,11/10/2006,3.714
We,11/1/2006,3.637,,Th,11/9/2006,3.71,,Th,11/9/2006,3.741
Tu,10/31/2006,3.678,,We,11/8/2006,3.73,,We,11/8/2006,3.758
Mo,10/30/2006,3.724,,Tu,11/7/2006,3.705,,Tu,11/7/2006,3.739
,,,,Mo,11/6/2006,3.745,,Mo,11/6/2006,3.792
Fr,10/27/2006,3.72,,,,,,,,
Th,10/26/2006,3.739,,Fr,11/3/2006,3.725,,Fr,11/3/2006,3.773
We,10/25/2006,3.743,,Th,11/2/2006,3.672,,Th,11/2/2006,3.74
Tu,10/24/2006,3.733,,We,11/1/2006,3.644,,We,11/1/2006,3.706
Mo,10/23/2006,3.73,,Tu,10/31/2006,3.683,,Tu,10/31/2006,3.741
,,,,Mo,10/30/2006,3.743,,Mo,10/30/2006,3.793
Fr,10/20/2006,3.698,,,,,,,,
Th,10/19/2006,3.678,,Fr,10/27/2006,3.75,,Fr,10/27/2006,3.809
We,10/18/2006,3.658,,Th,10/26/2006,3.788,,Th,10/26/2006,3.858
Tu,10/17/2006,3.653,,We,10/25/2006,3.807,,We,10/25/2006,3.884
Mo,10/16/2006,3.677,,Tu,10/24/2006,3.795,,Tu,10/24/2006,3.875
,,,,Mo,10/23/2006,3.796,,Mo,10/23/2006,3.877
Fr,10/13/2006,3.68,,,,,,,,
Th,10/12/2006,3.661,,Fr,10/20/2006,3.751,,Fr,10/20/2006,3.839
We,10/11/2006,3.672,,Th,10/19/2006,3.742,,Th,10/19/2006,3.841
Tu,10/10/2006,3.677,,We,10/18/2006,3.723,,We,10/18/2006,3.817
Mo,10/9/2006,3.623,,Tu,10/17/2006,3.707,,Tu,10/17/2006,3.8
,,,,Mo,10/16/2006,3.736,,Mo,10/16/2006,3.83
Fr,10/6/2006,3.603,,,,,,,,
Th,10/5/2006,3.587,,Fr,10/13/2006,3.737,,Fr,10/13/2006,3.832
We,10/4/2006,3.582,,Th,10/12/2006,3.711,,Th,10/12/2006,3.803
Tu,10/3/2006,3.605,,We,10/11/2006,3.72,,We,10/11/2006,3.808
Mo,10/2/2006,3.575,,Tu,10/10/2006,3.724,,Tu,10/10/2006,3.811
,,,,Mo,10/9/2006,3.659,,Mo,10/9/2006,3.76
Fr,9/29/2006,3.585,,,,,,,,
Th,9/28/2006,3.565,,Fr,10/6/2006,3.646,,Fr,10/6/2006,3.752
We,9/27/2006,3.543,,Th,10/5/2006,3.617,,Th,10/5/2006,3.711
Tu,9/26/2006,3.518,,We,10/4/2006,3.609,,We,10/4/2006,3.697
Mo,9/25/2006,3.489,,Tu,10/3/2006,3.646,,Tu,10/3/2006,3.735
,,,,Mo,10/2/2006,3.609,,Mo,10/2/2006,3.69
Fr,9/22/2006,3.547,,,,,,,,
Th,9/21/2006,3.633,,Fr,9/29/2006,3.628,,Fr,9/29/2006,3.709
We,9/20/2006,3.654,,Th,9/28/2006,3.608,,Th,9/28/2006,3.689
Tu,9/19/2006,3.659,,We,9/27/2006,3.588,,We,9/27/2006,3.672
Mo,9/18/2006,3.707,,Tu,9/26/2006,3.554,,Tu,9/26/2006,3.658
,,,,Mo,9/25/2006,3.532,,Mo,9/25/2006,3.663
Fr,9/15/2006,3.661,,,,,,,,
Th,9/14/2006,3.665,,Fr,9/22/2006,3.574,,Fr,9/22/2006,3.694
We,9/13/2006,3.656,,Th,9/21/2006,3.655,,Th,9/21/2006,3.752
Tu,9/12/2006,3.688,,We,9/20/2006,3.682,,We,9/20/2006,3.773
Mo,9/11/2006,3.671,,Tu,9/19/2006,3.684,,Tu,9/19/2006,3.78
,,,,Mo,9/18/2006,3.739,,Mo,9/18/2006,3.831
Fr,9/8/2006,3.637,,,,,,,,
Th,9/7/2006,3.638,,Fr,9/15/2006,3.677,,Fr,9/15/2006,3.776
We,9/6/2006,3.625,,Th,9/14/2006,3.685,,Th,9/14/2006,3.792
Tu,9/5/2006,3.578,,We,9/13/2006,3.673,,We,9/13/2006,3.79
Mo,9/4/2006,3.539,,Tu,9/12/2006,3.705,,Tu,9/12/2006,3.839
,,,,Mo,9/11/2006,3.682,,Mo,9/11/2006,3.803
Fr,9/1/2006,3.525,,,,,,,,
Th,8/31/2006,3.522,,Fr,9/8/2006,3.656,,Fr,9/8/2006,3.787
We,8/30/2006,3.53,,Th,9/7/2006,3.672,,Th,9/7/2006,3.817
Tu,8/29/2006,3.547,,We,9/6/2006,3.681,,We,9/6/2006,3.831
Mo,8/28/2006,3.508,,Tu,9/5/2006,3.629,,Tu,9/5/2006,3.787
,,,,Mo,9/4/2006,3.588,,Mo,9/4/2006,3.748
Fr,8/25/2006,3.512,,,,,,,,
Th,8/24/2006,3.524,,Fr,9/1/2006,3.581,,Fr,9/1/2006,3.745
We,8/23/2006,3.531,,Th,8/31/2006,3.588,,Th,8/31/2006,3.76
Tu,8/22/2006,3.517,,We,8/30/2006,3.623,,We,8/30/2006,3.801
Mo,8/21/2006,3.599,,Tu,8/29/2006,3.647,,Tu,8/29/2006,3.828
,,,,Mo,8/28/2006,3.603,,Mo,8/28/2006,3.795
Fr,8/18/2006,3.63,,,,,,,,
Th,8/17/2006,3.627,,Fr,8/25/2006,3.608,,Fr,8/25/2006,3.793
We,8/16/2006,3.619,,Th,8/24/2006,3.622,,Th,8/24/2006,3.809
Tu,8/15/2006,3.63,,We,8/23/2006,3.637,,We,8/23/2006,3.827
Mo,8/14/2006,3.643,,Tu,8/22/2006,3.617,,Tu,8/22/2006,3.808
,,,,Mo,8/21/2006,3.689,,Mo,8/21/2006,3.861
Fr,8/11/2006,3.611,,,,,,,,
Th,8/10/2006,3.563,,Fr,8/18/2006,3.737,,Fr,8/18/2006,3.902
We,8/9/2006,3.57,,Th,8/17/2006,3.744,,Th,8/17/2006,3.92
Tu,8/8/2006,3.544,,We,8/16/2006,3.747,,We,8/16/2006,3.932
Mo,8/7/2006,3.541,,Tu,8/15/2006,3.78,,Tu,8/15/2006,3.97
,,,,Mo,8/14/2006,3.812,,Mo,8/14/2006,4.006
Fr,8/4/2006,3.547,,,,,,,,
Th,8/3/2006,3.582,,Fr,8/11/2006,3.783,,Fr,8/11/2006,3.981
We,8/2/2006,3.517,,Th,8/10/2006,3.723,,Th,8/10/2006,3.933
Tu,8/1/2006,3.508,,We,8/9/2006,3.729,,We,8/9/2006,3.934
Mo,7/31/2006,3.512,,Tu,8/8/2006,3.695,,Tu,8/8/2006,3.903
,,,,Mo,8/7/2006,3.698,,Mo,8/7/2006,3.907
Fr,7/28/2006,3.512,,,,,,,,
Th,7/27/2006,3.53,,Fr,8/4/2006,3.706,,Fr,8/4/2006,3.906
We,7/26/2006,3.562,,Th,8/3/2006,3.77,,Th,8/3/2006,3.974
Tu,7/25/2006,3.531,,We,8/2/2006,3.706,,We,8/2/2006,3.934
Mo,7/24/2006,3.531,,Tu,8/1/2006,3.696,,Tu,8/1/2006,3.929
,,,,Mo,7/31/2006,3.695,,Mo,7/31/2006,3.921
Fr,7/21/2006,3.527,,,,,,,,
Th,7/20/2006,3.556,,Fr,7/28/2006,3.693,,Fr,7/28/2006,3.92
We,7/19/2006,3.557,,Th,7/27/2006,3.722,,Th,7/27/2006,3.948
Tu,7/18/2006,3.569,,We,7/26/2006,3.763,,We,7/26/2006,3.983
Mo,7/17/2006,3.533,,Tu,7/25/2006,3.732,,Tu,7/25/2006,3.963
,,,,Mo,7/24/2006,3.73,,Mo,7/24/2006,3.956
Fr,7/14/2006,3.52,,,,,,,,
Th,7/13/2006,3.574,,Fr,7/21/2006,3.729,,Fr,7/21/2006,3.956
We,7/12/2006,3.62,,Th,7/20/2006,3.762,,Th,7/20/2006,3.985
Tu,7/11/2006,3.586,,We,7/19/2006,3.762,,We,7/19/2006,3.984
Mo,7/10/2006,3.621,,Tu,7/18/2006,3.789,,Tu,7/18/2006,4.014
,,,,Mo,7/17/2006,3.757,,Mo,7/17/2006,3.993
Fr,7/7/2006,3.605,,,,,,,,
Th,7/6/2006,3.631,,Fr,7/14/2006,3.742,,Fr,7/14/2006,3.983
We,7/5/2006,3.619,,Th,7/13/2006,3.808,,Th,7/13/2006,4.048
Tu,7/4/2006,3.575,,We,7/12/2006,3.861,,We,7/12/2006,4.087
Mo,7/3/2006,3.585,,Tu,7/11/2006,3.826,,Tu,7/11/2006,4.051
,,,,Mo,7/10/2006,3.873,,Mo,7/10/2006,4.087
Fr,6/30/2006,3.574,,,,,,,,
Th,6/29/2006,3.557,,Fr,7/7/2006,3.849,,Fr,7/7/2006,4.065
We,6/28/2006,3.589,,Th,7/6/2006,3.893,,Th,7/6/2006,4.113
Tu,6/27/2006,3.588,,We,7/5/2006,3.903,,We,7/5/2006,4.137
Mo,6/26/2006,3.572,,Tu,7/4/2006,3.84,,Tu,7/4/2006,4.078
,,,,Mo,7/3/2006,3.859,,Mo,7/3/2006,4.092
Fr,6/23/2006,3.539,,,,,,,,
Th,6/22/2006,3.517,,Fr,6/30/2006,3.84,,Fr,6/30/2006,4.071
We,6/21/2006,3.482,,Th,6/29/2006,3.826,,Th,6/29/2006,4.066
Tu,6/20/2006,3.461,,We,6/28/2006,3.863,,We,6/28/2006,4.097
Mo,6/19/2006,3.43,,Tu,6/27/2006,3.86,,Tu,6/27/2006,4.094
,,,,Mo,6/26/2006,3.851,,Mo,6/26/2006,4.092
Fr,6/16/2006,3.385,,,,,,,,
Th,6/15/2006,3.394,,Fr,6/23/2006,3.83,,Fr,6/23/2006,4.081
We,6/14/2006,3.361,,Th,6/22/2006,3.808,,Th,6/22/2006,4.061
Tu,6/13/2006,3.319,,We,6/21/2006,3.775,,We,6/21/2006,4.015
Mo,6/12/2006,3.335,,Tu,6/20/2006,3.752,,Tu,6/20/2006,3.995
,,,,Mo,6/19/2006,3.726,,Mo,6/19/2006,3.976
Fr,6/9/2006,3.355,,,,,,,,
Th,6/8/2006,3.335,,Fr,6/16/2006,3.673,,Fr,6/16/2006,3.939
We,6/7/2006,3.442,,Th,6/15/2006,3.685,,Th,6/15/2006,3.95
Tu,6/6/2006,3.428,,We,6/14/2006,3.629,,We,6/14/2006,3.9
Mo,6/5/2006,3.41,,Tu,6/13/2006,3.584,,Tu,6/13/2006,3.868
,,,,Mo,6/12/2006,3.624,,Mo,6/12/2006,3.914
Fr,6/2/2006,3.338,,,,,,,,
Th,6/1/2006,3.373,,Fr,6/9/2006,3.649,,Fr,6/9/2006,3.934
We,5/31/2006,3.355,,Th,6/8/2006,3.633,,Th,6/8/2006,3.915
Tu,5/30/2006,3.318,,We,6/7/2006,3.739,,We,6/7/2006,4.008
Mo,5/29/2006,3.282,,Tu,6/6/2006,3.727,,Tu,6/6/2006,3.99
,,,,Mo,6/5/2006,3.699,,Mo,6/5/2006,3.97
Fr,5/26/2006,3.264,,,,,,,,
Th,5/25/2006,3.258,,Fr,6/2/2006,3.648,,Fr,6/2/2006,3.929
We,5/24/2006,3.263,,Th,6/1/2006,3.711,,Th,6/1/2006,3.996
Tu,5/23/2006,3.274,,We,5/31/2006,3.697,,We,5/31/2006,3.982
Mo,5/22/2006,3.256,,Tu,5/30/2006,3.646,,Tu,5/30/2006,3.939
,,,,Mo,5/29/2006,3.595,,Mo,5/29/2006,3.891
Fr,5/19/2006,3.302,,,,,,,,
Th,5/18/2006,3.314,,Fr,5/26/2006,3.584,,Fr,5/26/2006,3.884
We,5/17/2006,3.336,,Th,5/25/2006,3.577,,Th,5/25/2006,3.879
Tu,5/16/2006,3.295,,We,5/24/2006,3.584,,We,5/24/2006,3.891
Mo,5/15/2006,3.329,,Tu,5/23/2006,3.611,,Tu,5/23/2006,3.932
,,,,Mo,5/22/2006,3.591,,Mo,5/22/2006,3.916
Fr,5/12/2006,3.409,,,,,,,,
Th,5/11/2006,3.437,,Fr,5/19/2006,3.666,,Fr,5/19/2006,3.99
We,5/10/2006,3.379,,Th,5/18/2006,3.698,,Th,5/18/2006,4.032
Tu,5/9/2006,3.418,,We,5/17/2006,3.737,,We,5/17/2006,4.077
Mo,5/8/2006,3.417,,Tu,5/16/2006,3.684,,Tu,5/16/2006,3.978
,,,,Mo,5/15/2006,3.72,,Mo,5/15/2006,4.018
Fr,5/5/2006,3.394,,,,,,,,
Th,5/4/2006,3.416,,Fr,5/12/2006,3.81,,Fr,5/12/2006,4.081
We,5/3/2006,3.398,,Th,5/11/2006,3.821,,Th,5/11/2006,4.069
Tu,5/2/2006,3.403,,We,5/10/2006,3.745,,We,5/10/2006,3.989
,,,,Tu,5/9/2006,3.798,,Tu,5/9/2006,4.031
Fr,4/28/2006,3.379,,Mo,5/8/2006,3.793,,Mo,5/8/2006,4.018
Th,4/27/2006,3.379,,,,,,,,
We,4/26/2006,3.412,,Fr,5/5/2006,3.763,,Fr,5/5/2006,4.002
Tu,4/25/2006,3.371,,Th,5/4/2006,3.8,,Th,5/4/2006,4.034
Mo,4/24/2006,3.32,,We,5/3/2006,3.777,,We,5/3/2006,4.007
,,,,Tu,5/2/2006,3.76,,Tu,5/2/2006,3.984
Fr,4/21/2006,3.314,,,,,,,,
Th,4/20/2006,3.302,,Fr,4/28/2006,3.735,,Fr,4/28/2006,3.951
We,4/19/2006,3.313,,Th,4/27/2006,3.74,,Th,4/27/2006,3.966
Tu,4/18/2006,3.307,,We,4/26/2006,3.783,,We,4/26/2006,3.997
,,,,Tu,4/25/2006,3.755,,Tu,4/25/2006,3.986
Th,4/13/2006,3.328,,Mo,4/24/2006,3.698,,Mo,4/24/2006,3.941
We,4/12/2006,3.289,,,,,,,,
Tu,4/11/2006,3.272,,Fr,4/21/2006,3.696,,Fr,4/21/2006,3.952
Mo,4/10/2006,3.282,,Th,4/20/2006,3.678,,Th,4/20/2006,3.929
,,,,We,4/19/2006,3.698,,We,4/19/2006,3.954
Fr,4/7/2006,3.265,,Tu,4/18/2006,3.698,,Tu,4/18/2006,3.947
Th,4/6/2006,3.281,,,,,,,,
We,4/5/2006,3.313,,Th,4/13/2006,3.718,,Th,4/13/2006,3.952
Tu,4/4/2006,3.323,,We,4/12/2006,3.657,,We,4/12/2006,3.886
Mo,4/3/2006,3.334,,Tu,4/11/2006,3.639,,Tu,4/11/2006,3.875
,,,,Mo,4/10/2006,3.65,,Mo,4/10/2006,3.892
Fr,3/31/2006,3.29,,,,,,,,
Th,3/30/2006,3.306,,Fr,4/7/2006,3.641,,Fr,4/7/2006,3.896
We,3/29/2006,3.289,,Th,4/6/2006,3.655,,Th,4/6/2006,3.896
Tu,3/28/2006,3.256,,We,4/5/2006,3.641,,We,4/5/2006,3.85
Mo,3/27/2006,3.17,,Tu,4/4/2006,3.648,,Tu,4/4/2006,3.839
,,,,Mo,4/3/2006,3.641,,Mo,4/3/2006,3.822
Fr,3/24/2006,3.175,,,,,,,,
Th,3/23/2006,3.212,,Fr,3/31/2006,3.585,,Fr,3/31/2006,3.771
We,3/22/2006,3.201,,Th,3/30/2006,3.601,,Th,3/30/2006,3.786
Tu,3/21/2006,3.211,,We,3/29/2006,3.579,,We,3/29/2006,3.761
Mo,3/20/2006,3.206,,Tu,3/28/2006,3.541,,Tu,3/28/2006,3.731
,,,,Mo,3/27/2006,3.44,,Mo,3/27/2006,3.642
Fr,3/17/2006,3.232,,,,,,,,
Th,3/16/2006,3.2,,Fr,3/24/2006,3.44,,Fr,3/24/2006,3.634
We,3/15/2006,3.205,,Th,3/23/2006,3.491,,Th,3/23/2006,3.675
Tu,3/14/2006,3.173,,We,3/22/2006,3.464,,We,3/22/2006,3.644
Mo,3/13/2006,3.21,,Tu,3/21/2006,3.451,,Tu,3/21/2006,3.665
,,,,Mo,3/20/2006,3.446,,Mo,3/20/2006,3.663
Fr,3/10/2006,3.194,,,,,,,,
Th,3/9/2006,3.157,,Fr,3/17/2006,3.475,,Fr,3/17/2006,3.691
We,3/8/2006,3.172,,Th,3/16/2006,3.44,,Th,3/16/2006,3.658
Tu,3/7/2006,3.118,,We,3/15/2006,3.459,,We,3/15/2006,3.688
Mo,3/6/2006,3.106,,Tu,3/14/2006,3.418,,Tu,3/14/2006,3.654
,,,,Mo,3/13/2006,3.474,,Mo,3/13/2006,3.712
Fr,3/3/2006,3.111,,,,,,,,
Th,3/2/2006,3.087,,Fr,3/10/2006,3.449,,Fr,3/10/2006,3.687
We,3/1/2006,3.028,,Th,3/9/2006,3.412,,Th,3/9/2006,3.648
Tu,2/28/2006,3.021,,We,3/8/2006,3.421,,We,3/8/2006,3.644
Mo,2/27/2006,3.038,,Tu,3/7/2006,3.383,,Tu,3/7/2006,3.599
,,,,Mo,3/6/2006,3.38,,Mo,3/6/2006,3.585
Fr,2/24/2006,2.997,,,,,,,,
Th,2/23/2006,2.979,,Fr,3/3/2006,3.384,,Fr,3/3/2006,3.591
We,2/22/2006,2.914,,Th,3/2/2006,3.354,,Th,3/2/2006,3.573
Tu,2/21/2006,2.914,,We,3/1/2006,3.276,,We,3/1/2006,3.511
Mo,2/20/2006,2.891,,Tu,2/28/2006,3.262,,Tu,2/28/2006,3.489
,,,,Mo,2/27/2006,3.303,,Mo,2/27/2006,3.532
Fr,2/17/2006,2.896,,,,,,,,
Th,2/16/2006,2.936,,Fr,2/24/2006,3.252,,Fr,2/24/2006,3.49
We,2/15/2006,2.93,,Th,2/23/2006,3.244,,Th,2/23/2006,3.479
Tu,2/14/2006,2.924,,We,2/22/2006,3.167,,We,2/22/2006,3.419
Mo,2/13/2006,2.929,,Tu,2/21/2006,3.185,,Tu,2/21/2006,3.448
,,,,Mo,2/20/2006,3.16,,Mo,2/20/2006,3.436
Fr,2/10/2006,2.918,,,,,,,,
Th,2/9/2006,2.923,,Fr,2/17/2006,3.172,,Fr,2/17/2006,3.447
We,2/8/2006,2.946,,Th,2/16/2006,3.239,,Th,2/16/2006,3.512
Tu,2/7/2006,2.956,,We,2/15/2006,3.226,,We,2/15/2006,3.506
Mo,2/6/2006,2.956,,Tu,2/14/2006,3.22,,Tu,2/14/2006,3.498
,,,,Mo,2/13/2006,3.218,,Mo,2/13/2006,3.492
Fr,2/3/2006,2.956,,,,,,,,
Th,2/2/2006,2.967,,Fr,2/10/2006,3.203,,Fr,2/10/2006,3.476
We,2/1/2006,2.989,,Th,2/9/2006,3.212,,Th,2/9/2006,3.477
Tu,1/31/2006,2.955,,We,2/8/2006,3.236,,We,2/8/2006,3.504
Mo,1/30/2006,2.96,,Tu,2/7/2006,3.251,,Tu,2/7/2006,3.514
,,,,Mo,2/6/2006,3.232,,Mo,2/6/2006,3.486
Fr,1/27/2006,2.937,,,,,,,,
Th,1/26/2006,2.932,,Fr,2/3/2006,3.231,,Fr,2/3/2006,3.489
We,1/25/2006,2.92,,Th,2/2/2006,3.252,,Th,2/2/2006,3.508
Tu,1/24/2006,2.892,,We,2/1/2006,3.271,,We,2/1/2006,3.525
Mo,1/23/2006,2.914,,Tu,1/31/2006,3.22,,Tu,1/31/2006,3.467
,,,,Mo,1/30/2006,3.224,,Mo,1/30/2006,3.473
Fr,1/20/2006,2.903,,,,,,,,
Th,1/19/2006,2.886,,Fr,1/27/2006,3.217,,Fr,1/27/2006,3.48
We,1/18/2006,2.836,,Th,1/26/2006,3.219,,Th,1/26/2006,3.488
Tu,1/17/2006,2.819,,We,1/25/2006,3.18,,We,1/25/2006,3.433
Mo,1/16/2006,2.836,,Tu,1/24/2006,3.127,,Tu,1/24/2006,3.37
,,,,Mo,1/23/2006,3.148,,Mo,1/23/2006,3.385
Fr,1/13/2006,2.841,,,,,,,,
Th,1/12/2006,2.852,,Fr,1/20/2006,3.129,,Fr,1/20/2006,3.375
We,1/11/2006,2.874,,Th,1/19/2006,3.103,,Th,1/19/2006,3.339
Tu,1/10/2006,2.846,,We,1/18/2006,3.029,,We,1/18/2006,3.281
Mo,1/9/2006,2.808,,Tu,1/17/2006,3.005,,Tu,1/17/2006,3.267
,,,,Mo,1/16/2006,3.026,,Mo,1/16/2006,3.276
Fr,1/6/2006,2.765,,,,,,,,
Th,1/5/2006,2.765,,Fr,1/13/2006,3.019,,Fr,1/13/2006,3.264
We,1/4/2006,2.776,,Th,1/12/2006,3.037,,Th,1/12/2006,3.275
Tu,1/3/2006,2.878,,We,1/11/2006,3.058,,We,1/11/2006,3.297
Mo,1/2/2006,2.899,,Tu,1/10/2006,3.041,,Tu,1/10/2006,3.287
,,,,Mo,1/9/2006,3.001,,Mo,1/9/2006,3.259
Fr,12/30/2005,2.862,,,,,,,,
Th,12/29/2005,2.888,,Fr,1/6/2006,2.975,,Fr,1/6/2006,3.262
We,12/28/2005,2.845,,Th,1/5/2006,2.977,,Th,1/5/2006,3.273
Tu,12/27/2005,2.872,,We,1/4/2006,2.988,,We,1/4/2006,3.285
,,,,Tu,1/3/2006,3.078,,Tu,1/3/2006,3.326
Fr,12/23/2005,2.882,,Mo,1/2/2006,3.099,,Mo,1/2/2006,3.332
Th,12/22/2005,2.887,,,,,,,,
We,12/21/2005,2.893,,Fr,12/30/2005,3.068,,Fr,12/30/2005,3.309
Tu,12/20/2005,2.845,,Th,12/29/2005,3.091,,Th,12/29/2005,3.329
Mo,12/19/2005,2.823,,We,12/28/2005,3.047,,We,12/28/2005,3.298
,,,,Tu,12/27/2005,3.076,,Tu,12/27/2005,3.325
Fr,12/16/2005,2.829,,,,,,,,
Th,12/15/2005,2.844,,Fr,12/23/2005,3.085,,Fr,12/23/2005,3.326
We,12/14/2005,2.823,,Th,12/22/2005,3.115,,Th,12/22/2005,3.357
Tu,12/13/2005,2.798,,We,12/21/2005,3.135,,We,12/21/2005,3.397
Mo,12/12/2005,2.786,,Tu,12/20/2005,3.069,,Tu,12/20/2005,3.348
,,,,Mo,12/19/2005,3.053,,Mo,12/19/2005,3.339
Fr,12/9/2005,2.793,,,,,,,,
Th,12/8/2005,2.715,,Fr,12/16/2005,3.046,,Fr,12/16/2005,3.345
We,12/7/2005,2.7,,Th,12/15/2005,3.075,,Th,12/15/2005,3.38
Tu,12/6/2005,2.663,,We,12/14/2005,3.052,,We,12/14/2005,3.367
Mo,12/5/2005,2.656,,Tu,12/13/2005,3.079,,Tu,12/13/2005,3.403
,,,,Mo,12/12/2005,3.083,,Mo,12/12/2005,3.422
Fr,12/2/2005,2.642,,,,,,,,
Th,12/1/2005,2.691,,Fr,12/9/2005,3.097,,Fr,12/9/2005,3.445
We,11/30/2005,2.76,,Th,12/8/2005,3.012,,Th,12/8/2005,3.377
Tu,11/29/2005,2.764,,We,12/7/2005,3.037,,We,12/7/2005,3.407
Mo,11/28/2005,2.731,,Tu,12/6/2005,3,,Tu,12/6/2005,3.373
,,,,Mo,12/5/2005,3.032,,Mo,12/5/2005,3.416
Fr,11/25/2005,2.717,,,,,,,,
Th,11/24/2005,2.704,,Fr,12/2/2005,3.015,,Fr,12/2/2005,3.397
We,11/23/2005,2.771,,Th,12/1/2005,3.032,,Th,12/1/2005,3.407
Tu,11/22/2005,2.775,,We,11/30/2005,3.093,,We,11/30/2005,3.455
Mo,11/21/2005,2.774,,Tu,11/29/2005,3.095,,Tu,11/29/2005,3.467
,,,,Mo,11/28/2005,3.042,,Mo,11/28/2005,3.418
Fr,11/18/2005,2.829,,,,,,,,
Th,11/17/2005,2.701,,Fr,11/25/2005,3.037,,Fr,11/25/2005,3.427
We,11/16/2005,2.665,,Th,11/24/2005,3.028,,Th,11/24/2005,3.42
Tu,11/15/2005,2.716,,We,11/23/2005,3.11,,We,11/23/2005,3.499
Mo,11/14/2005,2.756,,Tu,11/22/2005,3.121,,Tu,11/22/2005,3.484
,,,,Mo,11/21/2005,3.126,,Mo,11/21/2005,3.485
Fr,11/11/2005,2.733,,,,,,,,
Th,11/10/2005,2.738,,Fr,11/18/2005,3.188,,Fr,11/18/2005,3.539
We,11/9/2005,2.761,,Th,11/17/2005,3.066,,Th,11/17/2005,3.444
Tu,11/8/2005,2.699,,We,11/16/2005,3.039,,We,11/16/2005,3.427
Mo,11/7/2005,2.725,,Tu,11/15/2005,3.119,,Tu,11/15/2005,3.506
,,,,Mo,11/14/2005,3.164,,Mo,11/14/2005,3.537
Fr,11/4/2005,2.7,,,,,,,,
Th,11/3/2005,2.673,,Fr,11/11/2005,3.14,,Fr,11/11/2005,3.512
We,11/2/2005,2.68,,Th,11/10/2005,3.151,,Th,11/10/2005,3.523
Tu,11/1/2005,2.645,,We,11/9/2005,3.165,,We,11/9/2005,3.523
Mo,10/31/2005,2.629,,Tu,11/8/2005,3.096,,Tu,11/8/2005,3.462
,,,,Mo,11/7/2005,3.137,,Mo,11/7/2005,3.501
Fr,10/28/2005,2.623,,,,,,,,
Th,10/27/2005,2.616,,Fr,11/4/2005,3.118,,Fr,11/4/2005,3.494
We,10/26/2005,2.585,,Th,11/3/2005,3.087,,Th,11/3/2005,3.473
Tu,10/25/2005,2.55,,We,11/2/2005,3.078,,We,11/2/2005,3.46
Mo,10/24/2005,2.482,,Tu,11/1/2005,3.03,,Tu,11/1/2005,3.418
,,,,Mo,10/31/2005,3.007,,Mo,10/31/2005,3.391
Fr,10/21/2005,2.483,,,,,,,,
Th,10/20/2005,2.519,,Fr,10/28/2005,3.002,,Fr,10/28/2005,3.406
We,10/19/2005,2.471,,Th,10/27/2005,2.988,,Th,10/27/2005,3.402
Tu,10/18/2005,2.506,,We,10/26/2005,2.955,,We,10/26/2005,3.378
Mo,10/17/2005,2.516,,Tu,10/25/2005,2.896,,Tu,10/25/2005,3.311
,,,,Mo,10/24/2005,2.812,,Mo,10/24/2005,3.236
Fr,10/14/2005,2.487,,,,,,,,
Th,10/13/2005,2.494,,Fr,10/21/2005,2.816,,Fr,10/21/2005,3.231
We,10/12/2005,2.477,,Th,10/20/2005,2.866,,Th,10/20/2005,3.29
Tu,10/11/2005,2.469,,We,10/19/2005,2.83,,We,10/19/2005,3.26
Mo,10/10/2005,2.452,,Tu,10/18/2005,2.863,,Tu,10/18/2005,3.289
,,,,Mo,10/17/2005,2.87,,Mo,10/17/2005,3.295
Fr,10/7/2005,2.461,,,,,,,,
Th,10/6/2005,2.443,,Fr,10/14/2005,2.857,,Fr,10/14/2005,3.291
We,10/5/2005,2.403,,Th,10/13/2005,2.853,,Th,10/13/2005,3.283
Tu,10/4/2005,2.413,,We,10/12/2005,2.806,,We,10/12/2005,3.223
Mo,10/3/2005,2.418,,Tu,10/11/2005,2.783,,Tu,10/11/2005,3.188
,,,,Mo,10/10/2005,2.763,,Mo,10/10/2005,3.162
Fr,9/30/2005,2.394,,,,,,,,
Th,9/29/2005,2.392,,Fr,10/7/2005,2.772,,Fr,10/7/2005,3.176
We,9/28/2005,2.346,,Th,10/6/2005,2.769,,Th,10/6/2005,3.186
Tu,9/27/2005,2.326,,We,10/5/2005,2.751,,We,10/5/2005,3.174
Mo,9/26/2005,2.31,,Tu,10/4/2005,2.761,,Tu,10/4/2005,3.185
,,,,Mo,10/3/2005,2.766,,Mo,10/3/2005,3.193
Fr,9/23/2005,2.267,,,,,,,,
Th,9/22/2005,2.213,,Fr,9/30/2005,2.732,,Fr,9/30/2005,3.148
We,9/21/2005,2.213,,Th,9/29/2005,2.736,,Th,9/29/2005,3.157
Tu,9/20/2005,2.23,,We,9/28/2005,2.691,,We,9/28/2005,3.128
Mo,9/19/2005,2.238,,Tu,9/27/2005,2.679,,Tu,9/27/2005,3.129
,,,,Mo,9/26/2005,2.666,,Mo,9/26/2005,3.122
Fr,9/16/2005,2.25,,,,,,,,
Th,9/15/2005,2.245,,Fr,9/23/2005,2.605,,Fr,9/23/2005,3.06
We,9/14/2005,2.225,,Th,9/22/2005,2.557,,Th,9/22/2005,3.028
Tu,9/13/2005,2.214,,We,9/21/2005,2.558,,We,9/21/2005,3.024
Mo,9/12/2005,2.228,,Tu,9/20/2005,2.545,,Tu,9/20/2005,3.086
,,,,Mo,9/19/2005,2.55,,Mo,9/19/2005,3.092
Fr,9/9/2005,2.173,,,,,,,,
Th,9/8/2005,2.162,,Fr,9/16/2005,2.566,,Fr,9/16/2005,3.115
We,9/7/2005,2.164,,Th,9/15/2005,2.559,,Th,9/15/2005,3.107
Tu,9/6/2005,2.156,,We,9/14/2005,2.533,,We,9/14/2005,3.089
Mo,9/5/2005,2.126,,Tu,9/13/2005,2.528,,Tu,9/13/2005,3.093
,,,,Mo,9/12/2005,2.552,,Mo,9/12/2005,3.123
Fr,9/2/2005,2.131,,,,,,,,
Th,9/1/2005,2.145,,Fr,9/9/2005,2.484,,Fr,9/9/2005,3.048
We,8/31/2005,2.199,,Th,9/8/2005,2.491,,Th,9/8/2005,3.068
Tu,8/30/2005,2.242,,We,9/7/2005,2.511,,We,9/7/2005,3.097
Mo,8/29/2005,2.237,,Tu,9/6/2005,2.501,,Tu,9/6/2005,3.077
,,,,Mo,9/5/2005,2.468,,Mo,9/5/2005,3.05
Fr,8/26/2005,2.225,,,,,,,,
Th,8/25/2005,2.197,,Fr,9/2/2005,2.476,,Fr,9/2/2005,3.059
We,8/24/2005,2.219,,Th,9/1/2005,2.484,,Th,9/1/2005,3.065
Tu,8/23/2005,2.212,,We,8/31/2005,2.539,,We,8/31/2005,3.102
Mo,8/22/2005,2.194,,Tu,8/30/2005,2.592,,Tu,8/30/2005,3.151
,,,,Mo,8/29/2005,2.593,,Mo,8/29/2005,3.153
Fr,8/19/2005,2.197,,,,,,,,
Th,8/18/2005,2.187,,Fr,8/26/2005,2.586,,Fr,8/26/2005,3.15
We,8/17/2005,2.204,,Th,8/25/2005,2.568,,Th,8/25/2005,3.143
Tu,8/16/2005,2.206,,We,8/24/2005,2.596,,We,8/24/2005,3.17
Mo,8/15/2005,2.239,,Tu,8/23/2005,2.596,,Tu,8/23/2005,3.176
,,,,Mo,8/22/2005,2.599,,Mo,8/22/2005,3.192
Fr,8/12/2005,2.265,,,,,,,,
Th,8/11/2005,2.313,,Fr,8/19/2005,2.604,,Fr,8/19/2005,3.204
We,8/10/2005,2.328,,Th,8/18/2005,2.6,,Th,8/18/2005,3.205
Tu,8/9/2005,2.341,,We,8/17/2005,2.628,,We,8/17/2005,3.236
Mo,8/8/2005,2.328,,Tu,8/16/2005,2.63,,Tu,8/16/2005,3.241
,,,,Mo,8/15/2005,2.673,,Mo,8/15/2005,3.284
Fr,8/5/2005,2.334,,,,,,,,
Th,8/4/2005,2.296,,Fr,8/12/2005,2.696,,Fr,8/12/2005,3.293
We,8/3/2005,2.286,,Th,8/11/2005,2.753,,Th,8/11/2005,3.342
Tu,8/2/2005,2.298,,We,8/10/2005,2.769,,We,8/10/2005,3.35
Mo,8/1/2005,2.286,,Tu,8/9/2005,2.788,,Tu,8/9/2005,3.372
,,,,Mo,8/8/2005,2.777,,Mo,8/8/2005,3.368
Fr,7/29/2005,2.25,,,,,,,,
Th,7/28/2005,2.229,,Fr,8/5/2005,2.781,,Fr,8/5/2005,3.377
We,7/27/2005,2.206,,Th,8/4/2005,2.728,,Th,8/4/2005,3.33
Tu,7/26/2005,2.212,,We,8/3/2005,2.719,,We,8/3/2005,3.324
Mo,7/25/2005,2.184,,Tu,8/2/2005,2.729,,Tu,8/2/2005,3.331
,,,,Mo,8/1/2005,2.702,,Mo,8/1/2005,3.297
Fr,7/22/2005,2.186,,,,,,,,
Th,7/21/2005,2.221,,Fr,7/29/2005,2.647,,Fr,7/29/2005,3.243
We,7/20/2005,2.236,,Th,7/28/2005,2.63,,Th,7/28/2005,3.232
Tu,7/19/2005,2.229,,We,7/27/2005,2.614,,We,7/27/2005,3.222
Mo,7/18/2005,2.211,,Tu,7/26/2005,2.633,,Tu,7/26/2005,3.239
,,,,Mo,7/25/2005,2.603,,Mo,7/25/2005,3.213
Fr,7/15/2005,2.225,,,,,,,,
Th,7/14/2005,2.222,,Fr,7/22/2005,2.614,,Fr,7/22/2005,3.231
We,7/13/2005,2.205,,Th,7/21/2005,2.666,,Th,7/21/2005,3.292
Tu,7/12/2005,2.188,,We,7/20/2005,2.678,,We,7/20/2005,3.301
Mo,7/11/2005,2.184,,Tu,7/19/2005,2.663,,Tu,7/19/2005,3.283
,,,,Mo,7/18/2005,2.642,,Mo,7/18/2005,3.259
Fr,7/8/2005,2.146,,,,,,,,
Th,7/7/2005,2.113,,Fr,7/15/2005,2.664,,Fr,7/15/2005,3.283
We,7/6/2005,2.168,,Th,7/14/2005,2.66,,Th,7/14/2005,3.287
Tu,7/5/2005,2.161,,We,7/13/2005,2.631,,We,7/13/2005,3.249
Mo,7/4/2005,2.107,,Tu,7/12/2005,2.61,,Tu,7/12/2005,3.226
,,,,Mo,7/11/2005,2.613,,Mo,7/11/2005,3.231
Fr,7/1/2005,2.066,,,,,,,,
Th,6/30/2005,2.023,,Fr,7/8/2005,2.567,,Fr,7/8/2005,3.181
We,6/29/2005,2.047,,Th,7/7/2005,2.553,,Th,7/7/2005,3.184
Tu,6/28/2005,2.047,,We,7/6/2005,2.602,,We,7/6/2005,3.22
Mo,6/27/2005,2.01,,Tu,7/5/2005,2.592,,Tu,7/5/2005,3.213
,,,,Mo,7/4/2005,2.543,,Mo,7/4/2005,3.173
Fr,6/24/2005,2.035,,,,,,,,
Th,6/23/2005,2.035,,Fr,7/1/2005,2.516,,Fr,7/1/2005,3.157
We,6/22/2005,2.015,,Th,6/30/2005,2.481,,Th,6/30/2005,3.134
Tu,6/21/2005,2.066,,We,6/29/2005,2.519,,We,6/29/2005,3.187
Mo,6/20/2005,2.13,,Tu,6/28/2005,2.514,,Tu,6/28/2005,3.164
,,,,Mo,6/27/2005,2.474,,Mo,6/27/2005,3.115
Fr,6/17/2005,2.176,,,,,,,,
Th,6/16/2005,2.19,,Fr,6/24/2005,2.499,,Fr,6/24/2005,3.135
We,6/15/2005,2.173,,Th,6/23/2005,2.511,,Th,6/23/2005,3.156
Tu,6/14/2005,2.086,,We,6/22/2005,2.493,,We,6/22/2005,3.146
Mo,6/13/2005,2.073,,Tu,6/21/2005,2.559,,Tu,6/21/2005,3.222
,,,,Mo,6/20/2005,2.639,,Mo,6/20/2005,3.298
Fr,6/10/2005,2.082,,,,,,,,
Th,6/9/2005,2.048,,Fr,6/17/2005,2.66,,Fr,6/17/2005,3.291
We,6/8/2005,2.033,,Th,6/16/2005,2.677,,Th,6/16/2005,3.313
Tu,6/7/2005,2.053,,We,6/15/2005,2.651,,We,6/15/2005,3.294
Mo,6/6/2005,2.094,,Tu,6/14/2005,2.567,,Tu,6/14/2005,3.201
,,,,Mo,6/13/2005,2.548,,Mo,6/13/2005,3.188
Fr,6/3/2005,2.114,,,,,,,,
Th,6/2/2005,2.102,,Fr,6/10/2005,2.529,,Fr,6/10/2005,3.145
We,6/1/2005,2.089,,Th,6/9/2005,2.506,,Th,6/9/2005,3.131
Tu,5/31/2005,2.141,,We,6/8/2005,2.495,,We,6/8/2005,3.128
Mo,5/30/2005,2.182,,Tu,6/7/2005,2.519,,Tu,6/7/2005,3.158
,,,,Mo,6/6/2005,2.575,,Mo,6/6/2005,3.216
Fr,5/27/2005,2.179,,,,,,,,
Th,5/26/2005,2.189,,Fr,6/3/2005,2.586,,Fr,6/3/2005,3.237
We,5/25/2005,2.184,,Th,6/2/2005,2.584,,Th,6/2/2005,3.217
Tu,5/24/2005,2.213,,We,6/1/2005,2.587,,We,6/1/2005,3.239
Mo,5/23/2005,2.257,,Tu,5/31/2005,2.638,,Tu,5/31/2005,3.274
,,,,Mo,5/30/2005,2.691,,Mo,5/30/2005,3.332
Fr,5/20/2005,2.272,,,,,,,,
Th,5/19/2005,2.24,,Fr,5/27/2005,2.689,,Fr,5/27/2005,3.333
We,5/18/2005,2.221,,Th,5/26/2005,2.69,,Th,5/26/2005,3.323
Tu,5/17/2005,2.224,,We,5/25/2005,2.685,,We,5/25/2005,3.306
Mo,5/16/2005,2.228,,Tu,5/24/2005,2.698,,Tu,5/24/2005,3.302
,,,,Mo,5/23/2005,2.745,,Mo,5/23/2005,3.339
Fr,5/13/2005,2.234,,,,,,,,
Th,5/12/2005,2.227,,Fr,5/20/2005,2.775,,Fr,5/20/2005,3.378
We,5/11/2005,2.206,,Th,5/19/2005,2.745,,Th,5/19/2005,3.354
Tu,5/10/2005,2.216,,We,5/18/2005,2.718,,We,5/18/2005,3.33
Mo,5/9/2005,2.253,,Tu,5/17/2005,2.73,,Tu,5/17/2005,3.303
,,,,Mo,5/16/2005,2.737,,Mo,5/16/2005,3.308
Fr,5/6/2005,2.267,,,,,,,,
Th,5/5/2005,2.229,,Fr,5/13/2005,2.74,,Fr,5/13/2005,3.307
We,5/4/2005,2.242,,Th,5/12/2005,2.75,,Th,5/12/2005,3.33
Tu,5/3/2005,2.223,,We,5/11/2005,2.726,,We,5/11/2005,3.322
Mo,5/2/2005,2.249,,Tu,5/10/2005,2.758,,Tu,5/10/2005,3.36
,,,,Mo,5/9/2005,2.814,,Mo,5/9/2005,3.417
Fr,4/29/2005,2.248,,,,,,,,
Th,4/28/2005,2.257,,Fr,5/6/2005,2.834,,Fr,5/6/2005,3.445
We,4/27/2005,2.282,,Th,5/5/2005,2.781,,Th,5/5/2005,3.401
Tu,4/26/2005,2.312,,We,5/4/2005,2.794,,We,5/4/2005,3.416
Mo,4/25/2005,2.309,,Tu,5/3/2005,2.764,,Tu,5/3/2005,3.378
,,,,Mo,5/2/2005,2.787,,Mo,5/2/2005,3.399
Fr,4/22/2005,2.312,,,,,,,,
Th,4/21/2005,2.328,,Fr,4/29/2005,2.79,,Fr,4/29/2005,3.396
We,4/20/2005,2.314,,Th,4/28/2005,2.796,,Th,4/28/2005,3.398
Tu,4/19/2005,2.309,,We,4/27/2005,2.818,,We,4/27/2005,3.413
Mo,4/18/2005,2.325,,Tu,4/26/2005,2.855,,Tu,4/26/2005,3.449
,,,,Mo,4/25/2005,2.851,,Mo,4/25/2005,3.45
Fr,4/15/2005,2.35,,,,,,,,
Th,4/14/2005,2.394,,Fr,4/22/2005,2.862,,Fr,4/22/2005,3.469
We,4/13/2005,2.393,,Th,4/21/2005,2.88,,Th,4/21/2005,3.486
Tu,4/12/2005,2.408,,We,4/20/2005,2.856,,We,4/20/2005,3.455
Mo,4/11/2005,2.399,,Tu,4/19/2005,2.849,,Tu,4/19/2005,3.443
,,,,Mo,4/18/2005,2.868,,Mo,4/18/2005,3.46
Fr,4/8/2005,2.412,,,,,,,,
Th,4/7/2005,2.411,,Fr,4/15/2005,2.902,,Fr,4/15/2005,3.491
We,4/6/2005,2.45,,Th,4/14/2005,2.95,,Th,4/14/2005,3.531
Tu,4/5/2005,2.465,,We,4/13/2005,2.942,,We,4/13/2005,3.513
Mo,4/4/2005,2.457,,Tu,4/12/2005,2.967,,Tu,4/12/2005,3.545
,,,,Mo,4/11/2005,2.968,,Mo,4/11/2005,3.557
Fr,4/1/2005,2.467,,,,,,,,
Th,3/31/2005,2.492,,Fr,4/8/2005,2.984,,Fr,4/8/2005,3.58
We,3/30/2005,2.55,,Th,4/7/2005,2.967,,Th,4/7/2005,3.549
Tu,3/29/2005,2.588,,We,4/6/2005,3.011,,We,4/6/2005,3.59
,,,,Tu,4/5/2005,3.028,,Tu,4/5/2005,3.597
Th,3/24/2005,2.589,,Mo,4/4/2005,3.017,,Mo,4/4/2005,3.584
We,3/23/2005,2.597,,,,,,,,
Tu,3/22/2005,2.558,,Fr,4/1/2005,3.036,,Fr,4/1/2005,3.613
Mo,3/21/2005,2.581,,Th,3/31/2005,3.061,,Th,3/31/2005,3.622
,,,,We,3/30/2005,3.045,,We,3/30/2005,3.672
Fr,3/18/2005,2.538,,Tu,3/29/2005,3.088,,Tu,3/29/2005,3.703
Th,3/17/2005,2.522,,,,,,,,
We,3/16/2005,2.512,,Th,3/24/2005,3.087,,Th,3/24/2005,3.705
Tu,3/15/2005,2.432,,We,3/23/2005,3.112,,We,3/23/2005,3.738
Mo,3/14/2005,2.453,,Tu,3/22/2005,3.062,,Tu,3/22/2005,3.687
,,,,Mo,3/21/2005,3.102,,Mo,3/21/2005,3.731
Fr,3/11/2005,2.435,,,,,,,,
Th,3/10/2005,2.446,,Fr,3/18/2005,3.061,,Fr,3/18/2005,3.703
We,3/9/2005,2.442,,Th,3/17/2005,3.03,,Th,3/17/2005,3.681
Tu,3/8/2005,2.413,,We,3/16/2005,3.02,,We,3/16/2005,3.668
Mo,3/7/2005,2.398,,Tu,3/15/2005,3.021,,Tu,3/15/2005,3.712
,,,,Mo,3/14/2005,3.067,,Mo,3/14/2005,3.77
Fr,3/4/2005,2.428,,,,,,,,
Th,3/3/2005,2.466,,Fr,3/11/2005,3.047,,Fr,3/11/2005,3.767
We,3/2/2005,2.486,,Th,3/10/2005,3.062,,Th,3/10/2005,3.776
Tu,3/1/2005,2.481,,We,3/9/2005,3.055,,We,3/9/2005,3.764
Mo,2/28/2005,2.491,,Tu,3/8/2005,3.004,,Tu,3/8/2005,3.712
,,,,Mo,3/7/2005,2.97,,Mo,3/7/2005,3.671
Fr,2/25/2005,2.493,,,,,,,,
Th,2/24/2005,2.486,,Fr,3/4/2005,3.007,,Fr,3/4/2005,3.696
We,2/23/2005,2.473,,Th,3/3/2005,3.079,,Th,3/3/2005,3.759
Tu,2/22/2005,2.487,,We,3/2/2005,3.105,,We,3/2/2005,3.775
Mo,2/21/2005,2.504,,Tu,3/1/2005,3.08,,Tu,3/1/2005,3.733
,,,,Mo,2/28/2005,3.076,,Mo,2/28/2005,3.715
Fr,2/18/2005,2.484,,,,,,,,
Th,2/17/2005,2.444,,Fr,2/25/2005,3.069,,Fr,2/25/2005,3.71
We,2/16/2005,2.432,,Th,2/24/2005,3.074,,Th,2/24/2005,3.724
Tu,2/15/2005,2.426,,We,2/23/2005,3.053,,We,2/23/2005,3.695
Mo,2/14/2005,2.396,,Tu,2/22/2005,3.064,,Tu,2/22/2005,3.696
,,,,Mo,2/21/2005,3.077,,Mo,2/21/2005,3.7
Fr,2/11/2005,2.377,,,,,,,,
Th,2/10/2005,2.377,,Fr,2/18/2005,3.047,,Fr,2/18/2005,3.664
We,2/9/2005,2.404,,Th,2/17/2005,2.968,,Th,2/17/2005,3.573
Tu,2/8/2005,2.43,,We,2/16/2005,2.95,,We,2/16/2005,3.548
Mo,2/7/2005,2.423,,Tu,2/15/2005,2.931,,Tu,2/15/2005,3.513
,,,,Mo,2/14/2005,2.895,,Mo,2/14/2005,3.488
Fr,2/4/2005,2.402,,,,,,,,
Th,2/3/2005,2.433,,Fr,2/11/2005,2.869,,Fr,2/11/2005,3.463
We,2/2/2005,2.415,,Th,2/10/2005,2.869,,Th,2/10/2005,3.445
Tu,2/1/2005,2.399,,We,2/9/2005,2.889,,We,2/9/2005,3.444
Mo,1/31/2005,2.398,,Tu,2/8/2005,2.912,,Tu,2/8/2005,3.463
,,,,Mo,2/7/2005,2.922,,Mo,2/7/2005,3.482
Fr,1/28/2005,2.391,,,,,,,,
Th,1/27/2005,2.434,,Fr,2/4/2005,2.916,,Fr,2/4/2005,3.497
We,1/26/2005,2.405,,Th,2/3/2005,2.964,,Th,2/3/2005,3.561
Tu,1/25/2005,2.39,,We,2/2/2005,2.941,,We,2/2/2005,3.548
Mo,1/24/2005,2.382,,Tu,2/1/2005,2.922,,Tu,2/1/2005,3.534
,,,,Mo,1/31/2005,2.927,,Mo,1/31/2005,3.547
Fr,1/21/2005,2.401,,,,,,,,
Th,1/20/2005,2.423,,Fr,1/28/2005,2.923,,Fr,1/28/2005,3.549
We,1/19/2005,2.393,,Th,1/27/2005,2.976,,Th,1/27/2005,3.593
Tu,1/18/2005,2.396,,We,1/26/2005,2.947,,We,1/26/2005,3.565
Mo,1/17/2005,2.39,,Tu,1/25/2005,2.927,,Tu,1/25/2005,3.554
,,,,Mo,1/24/2005,2.915,,Mo,1/24/2005,3.546
Fr,1/14/2005,2.392,,,,,,,,
Th,1/13/2005,2.378,,Fr,1/21/2005,2.932,,Fr,1/21/2005,3.573
We,1/12/2005,2.432,,Th,1/20/2005,2.952,,Th,1/20/2005,3.574
Tu,1/11/2005,2.428,,We,1/19/2005,2.909,,We,1/19/2005,3.523
Mo,1/10/2005,2.422,,Tu,1/18/2005,2.923,,Tu,1/18/2005,3.542
,,,,Mo,1/17/2005,2.916,,Mo,1/17/2005,3.545
Fr,1/7/2005,2.439,,,,,,,,
Th,1/6/2005,2.441,,Fr,1/14/2005,2.921,,Fr,1/14/2005,3.56
We,1/5/2005,2.484,,Th,1/13/2005,2.909,,Th,1/13/2005,3.561
Tu,1/4/2005,2.491,,We,1/12/2005,2.963,,We,1/12/2005,3.602
Mo,1/3/2005,2.47,,Tu,1/11/2005,2.958,,Tu,1/11/2005,3.598
,,,,Mo,1/10/2005,2.95,,Mo,1/10/2005,3.592
Fr,12/31/2004,2.481,,,,,,,,
Th,12/30/2004,2.489,,Fr,1/7/2005,2.97,,Fr,1/7/2005,3.61
We,12/29/2004,2.521,,Th,1/6/2005,2.98,,Th,1/6/2005,3.625
Tu,12/28/2004,2.479,,We,1/5/2005,3.022,,We,1/5/2005,3.654
Mo,12/27/2004,2.437,,Tu,1/4/2005,3.028,,Tu,1/4/2005,3.653
,,,,Mo,1/3/2005,2.997,,Mo,1/3/2005,3.639
Fr,12/24/2004,2.429,,,,,,,,
Th,12/23/2004,2.427,,Fr,12/31/2004,3.031,,Fr,12/31/2004,3.683
We,12/22/2004,2.469,,Th,12/30/2004,3.038,,Th,12/30/2004,3.688
Tu,12/21/2004,2.437,,We,12/29/2004,3.081,,We,12/29/2004,3.712
Mo,12/20/2004,2.378,,Tu,12/28/2004,3.039,,Tu,12/28/2004,3.677
,,,,Mo,12/27/2004,2.964,,Mo,12/27/2004,3.619
Fr,12/17/2004,2.405,,,,,,,,
Th,12/16/2004,2.362,,Fr,12/24/2004,2.946,,Fr,12/24/2004,3.601
We,12/15/2004,2.303,,Th,12/23/2004,2.944,,Th,12/23/2004,3.598
Tu,12/14/2004,2.326,,We,12/22/2004,2.995,,We,12/22/2004,3.629
Mo,12/13/2004,2.316,,Tu,12/21/2004,2.979,,Tu,12/21/2004,3.625
,,,,Mo,12/20/2004,2.929,,Mo,12/20/2004,3.598
Fr,12/10/2004,2.326,,,,,,,,
Th,12/9/2004,2.32,,Fr,12/17/2004,2.971,,Fr,12/17/2004,3.619
We,12/8/2004,2.297,,Th,12/16/2004,2.918,,Th,12/16/2004,3.574
Tu,12/7/2004,2.292,,We,12/15/2004,2.849,,We,12/15/2004,3.538
Mo,12/6/2004,2.291,,Tu,12/14/2004,2.891,,Tu,12/14/2004,3.596
,,,,Mo,12/13/2004,2.882,,Mo,12/13/2004,3.597
Fr,12/3/2004,2.328,,,,,,,,
Th,12/2/2004,2.404,,Fr,12/10/2004,2.893,,Fr,12/10/2004,3.612
We,12/1/2004,2.325,,Th,12/9/2004,2.894,,Th,12/9/2004,3.623
Tu,11/30/2004,2.351,,We,12/8/2004,2.911,,We,12/8/2004,3.648
Mo,11/29/2004,2.369,,Tu,12/7/2004,2.924,,Tu,12/7/2004,3.681
,,,,Mo,12/6/2004,2.952,,Mo,12/6/2004,3.711
Fr,11/26/2004,2.331,,,,,,,,
Th,11/25/2004,2.327,,Fr,12/3/2004,2.997,,Fr,12/3/2004,3.752
We,11/24/2004,2.367,,Th,12/2/2004,3.091,,Th,12/2/2004,3.827
Tu,11/23/2004,2.389,,We,12/1/2004,3.021,,We,12/1/2004,3.776
Mo,11/22/2004,2.412,,Tu,11/30/2004,3.043,,Tu,11/30/2004,3.793
,,,,Mo,11/29/2004,3.065,,Mo,11/29/2004,3.816
Fr,11/19/2004,2.441,,,,,,,,
Th,11/18/2004,2.462,,Fr,11/26/2004,3.02,,Fr,11/26/2004,3.773
We,11/17/2004,2.412,,Th,11/25/2004,3.017,,Th,11/25/2004,3.774
Tu,11/16/2004,2.41,,We,11/24/2004,3.047,,We,11/24/2004,3.798
Mo,11/15/2004,2.397,,Tu,11/23/2004,3.054,,Tu,11/23/2004,3.743
,,,,Mo,11/22/2004,3.074,,Mo,11/22/2004,3.76
Fr,11/12/2004,2.364,,,,,,,,
Th,11/11/2004,2.393,,Fr,11/19/2004,3.106,,Fr,11/19/2004,3.785
We,11/10/2004,2.45,,Th,11/18/2004,3.129,,Th,11/18/2004,3.808
Tu,11/9/2004,2.448,,We,11/17/2004,3.081,,We,11/17/2004,3.763
Mo,11/8/2004,2.503,,Tu,11/16/2004,3.072,,Tu,11/16/2004,3.747
,,,,Mo,11/15/2004,3.073,,Mo,11/15/2004,3.772
Fr,11/5/2004,2.493,,,,,,,,
Th,11/4/2004,2.41,,Fr,11/12/2004,3.06,,Fr,11/12/2004,3.778
We,11/3/2004,2.447,,Th,11/11/2004,3.096,,Th,11/11/2004,3.817
Tu,11/2/2004,2.463,,We,11/10/2004,3.154,,We,11/10/2004,3.866
Mo,11/1/2004,2.416,,Tu,11/9/2004,3.147,,Tu,11/9/2004,3.862
,,,,Mo,11/8/2004,3.197,,Mo,11/8/2004,3.898
Fr,10/29/2004,2.429,,,,,,,,
Th,10/28/2004,2.438,,Fr,11/5/2004,3.2,,Fr,11/5/2004,3.903
We,10/27/2004,2.41,,Th,11/4/2004,3.13,,Th,11/4/2004,3.843
Tu,10/26/2004,2.385,,We,11/3/2004,3.183,,We,11/3/2004,3.894
Mo,10/25/2004,2.384,,Tu,11/2/2004,3.2,,Tu,11/2/2004,3.905
,,,,Mo,11/1/2004,3.155,,Mo,11/1/2004,3.866
Fr,10/22/2004,2.416,,,,,,,,
Th,10/21/2004,2.406,,Fr,10/29/2004,3.164,,Fr,10/29/2004,3.873
We,10/20/2004,2.394,,Th,10/28/2004,3.178,,Th,10/28/2004,3.89
Tu,10/19/2004,2.431,,We,10/27/2004,3.143,,We,10/27/2004,3.845
Mo,10/18/2004,2.424,,Tu,10/26/2004,3.118,,Tu,10/26/2004,3.829
,,,,Mo,10/25/2004,3.117,,Mo,10/25/2004,3.825
Fr,10/15/2004,2.435,,,,,,,,
Th,10/14/2004,2.449,,Fr,10/22/2004,3.157,,Fr,10/22/2004,3.862
We,10/13/2004,2.476,,Th,10/21/2004,3.153,,Th,10/21/2004,3.867
Tu,10/12/2004,2.47,,We,10/20/2004,3.147,,We,10/20/2004,3.865
Mo,10/11/2004,2.505,,Tu,10/19/2004,3.194,,Tu,10/19/2004,3.912
,,,,Mo,10/18/2004,3.178,,Mo,10/18/2004,3.89
Fr,10/8/2004,2.506,,,,,,,,
Th,10/7/2004,2.586,,Fr,10/15/2004,3.193,,Fr,10/15/2004,3.9
We,10/6/2004,2.583,,Th,10/14/2004,3.19,,Th,10/14/2004,3.89
Tu,10/5/2004,2.581,,We,10/13/2004,3.217,,We,10/13/2004,3.915
Mo,10/4/2004,2.613,,Tu,10/12/2004,3.211,,Tu,10/12/2004,3.913
,,,,Mo,10/11/2004,3.254,,Mo,10/11/2004,3.955
Fr,10/1/2004,2.579,,,,,,,,
Th,9/30/2004,2.583,,Fr,10/8/2004,3.249,,Fr,10/8/2004,3.947
We,9/29/2004,2.61,,Th,10/7/2004,3.336,,Th,10/7/2004,4.017
Tu,9/28/2004,2.586,,We,10/6/2004,3.321,,We,10/6/2004,3.994
Mo,9/27/2004,2.572,,Tu,10/5/2004,3.322,,Tu,10/5/2004,3.996
,,,,Mo,10/4/2004,3.362,,Mo,10/4/2004,4.034
Fr,9/24/2004,2.597,,,,,,,,
Th,9/23/2004,2.561,,Fr,10/1/2004,3.339,,Fr,10/1/2004,4.023
We,9/22/2004,2.604,,Th,9/30/2004,3.317,,Th,9/30/2004,3.991
Tu,9/21/2004,2.571,,We,9/29/2004,3.33,,We,9/29/2004,3.989
Mo,9/20/2004,2.558,,Tu,9/28/2004,3.297,,Tu,9/28/2004,3.95
,,,,Mo,9/27/2004,3.279,,Mo,9/27/2004,3.942
Fr,9/17/2004,2.562,,,,,,,,
Th,9/16/2004,2.586,,Fr,9/24/2004,3.312,,Fr,9/24/2004,3.971
We,9/15/2004,2.595,,Th,9/23/2004,3.283,,Th,9/23/2004,3.948
Tu,9/14/2004,2.581,,We,9/22/2004,3.32,,We,9/22/2004,3.979
Mo,9/13/2004,2.603,,Tu,9/21/2004,3.357,,Tu,9/21/2004,4.017
,,,,Mo,9/20/2004,3.348,,Mo,9/20/2004,4.01
Fr,9/10/2004,2.566,,,,,,,,
Th,9/9/2004,2.595,,Fr,9/17/2004,3.363,,Fr,9/17/2004,4.025
We,9/8/2004,2.639,,Th,9/16/2004,3.396,,Th,9/16/2004,4.053
Tu,9/7/2004,2.645,,We,9/15/2004,3.403,,We,9/15/2004,4.063
Mo,9/6/2004,2.599,,Tu,9/14/2004,3.392,,Tu,9/14/2004,4.058
,,,,Mo,9/13/2004,3.412,,Mo,9/13/2004,4.071
Fr,9/3/2004,2.6,,,,,,,,
Th,9/2/2004,2.482,,Fr,9/10/2004,3.386,,Fr,9/10/2004,4.057
We,9/1/2004,2.431,,Th,9/9/2004,3.415,,Th,9/9/2004,4.08
Tu,8/31/2004,2.415,,We,9/8/2004,3.481,,We,9/8/2004,4.136
Mo,8/30/2004,2.454,,Tu,9/7/2004,3.486,,Tu,9/7/2004,4.142
,,,,Mo,9/6/2004,3.468,,Mo,9/6/2004,4.136
Fr,8/27/2004,2.451,,,,,,,,
Th,8/26/2004,2.459,,Fr,9/3/2004,3.477,,Fr,9/3/2004,4.148
We,8/25/2004,2.469,,Th,9/2/2004,3.378,,Th,9/2/2004,4.071
Tu,8/24/2004,2.501,,We,9/1/2004,3.339,,We,9/1/2004,4.04
Mo,8/23/2004,2.491,,Tu,8/31/2004,3.32,,Tu,8/31/2004,4.023
,,,,Mo,8/30/2004,3.374,,Mo,8/30/2004,4.065
Fr,8/20/2004,2.435,,,,,,,,
Th,8/19/2004,2.449,,Fr,8/27/2004,3.372,,Fr,8/27/2004,4.071
We,8/18/2004,2.457,,Th,8/26/2004,3.376,,Th,8/26/2004,4.068
Tu,8/17/2004,2.445,,We,8/25/2004,3.39,,We,8/25/2004,4.078
Mo,8/16/2004,2.468,,Tu,8/24/2004,3.325,,Tu,8/24/2004,4.115
,,,,Mo,8/23/2004,3.32,,Mo,8/23/2004,4.116
Fr,8/13/2004,2.43,,,,,,,,
Th,8/12/2004,2.466,,Fr,8/20/2004,3.261,,Fr,8/20/2004,4.063
We,8/11/2004,2.485,,Th,8/19/2004,3.277,,Th,8/19/2004,4.074
Tu,8/10/2004,2.459,,We,8/18/2004,3.283,,We,8/18/2004,4.082
Mo,8/9/2004,2.462,,Tu,8/17/2004,3.27,,Tu,8/17/2004,4.068
,,,,Mo,8/16/2004,3.294,,Mo,8/16/2004,4.089
Fr,8/6/2004,2.457,,,,,,,,
Th,8/5/2004,2.54,,Fr,8/13/2004,3.248,,Fr,8/13/2004,4.047
We,8/4/2004,2.577,,Th,8/12/2004,3.283,,Th,8/12/2004,4.072
Tu,8/3/2004,2.593,,We,8/11/2004,3.306,,We,8/11/2004,4.093
Mo,8/2/2004,2.605,,Tu,8/10/2004,3.275,,Tu,8/10/2004,4.065
,,,,Mo,8/9/2004,3.284,,Mo,8/9/2004,4.079
Fr,7/30/2004,2.626,,,,,,,,
Th,7/29/2004,2.691,,Fr,8/6/2004,3.276,,Fr,8/6/2004,4.074
We,7/28/2004,2.712,,Th,8/5/2004,3.372,,Th,8/5/2004,4.152
Tu,7/27/2004,2.717,,We,8/4/2004,3.409,,We,8/4/2004,4.178
Mo,7/26/2004,2.693,,Tu,8/3/2004,3.429,,Tu,8/3/2004,4.191
,,,,Mo,8/2/2004,3.437,,Mo,8/2/2004,4.2
Fr,7/23/2004,2.658,,,,,,,,
Th,7/22/2004,2.641,,Fr,7/30/2004,3.458,,Fr,7/30/2004,4.216
We,7/21/2004,2.671,,Th,7/29/2004,3.529,,Th,7/29/2004,4.273
Tu,7/20/2004,2.581,,We,7/28/2004,3.559,,We,7/28/2004,4.298
Mo,7/19/2004,2.57,,Tu,7/27/2004,3.556,,Tu,7/27/2004,4.289
,,,,Mo,7/26/2004,3.531,,Mo,7/26/2004,4.27
Fr,7/16/2004,2.572,,,,,,,,
Th,7/15/2004,2.647,,Fr,7/23/2004,3.494,,Fr,7/23/2004,4.247
We,7/14/2004,2.643,,Th,7/22/2004,3.482,,Th,7/22/2004,4.251
Tu,7/13/2004,2.653,,We,7/21/2004,3.52,,We,7/21/2004,4.283
Mo,7/12/2004,2.599,,Tu,7/20/2004,3.428,,Tu,7/20/2004,4.214
,,,,Mo,7/19/2004,3.41,,Mo,7/19/2004,4.196
Fr,7/9/2004,2.609,,,,,,,,
Th,7/8/2004,2.604,,Fr,7/16/2004,3.411,,Fr,7/16/2004,4.197
We,7/7/2004,2.604,,Th,7/15/2004,3.49,,Th,7/15/2004,4.258
Tu,7/6/2004,2.639,,We,7/14/2004,3.488,,We,7/14/2004,4.258
Mo,7/5/2004,2.633,,Tu,7/13/2004,3.502,,Tu,7/13/2004,4.267
,,,,Mo,7/12/2004,3.44,,Mo,7/12/2004,4.22
Fr,7/2/2004,2.638,,,,,,,,
Th,7/1/2004,2.705,,Fr,7/9/2004,3.458,,Fr,7/9/2004,4.235
We,6/30/2004,2.723,,Th,7/8/2004,3.455,,Th,7/8/2004,4.232
Tu,6/29/2004,2.776,,We,7/7/2004,3.459,,We,7/7/2004,4.236
Mo,6/28/2004,2.77,,Tu,7/6/2004,3.489,,Tu,7/6/2004,4.259
,,,,Mo,7/5/2004,3.487,,Mo,7/5/2004,4.259
Fr,6/25/2004,2.719,,,,,,,,
Th,6/24/2004,2.707,,Fr,7/2/2004,3.489,,Fr,7/2/2004,4.262
We,6/23/2004,2.781,,Th,7/1/2004,3.569,,Th,7/1/2004,4.32
Tu,6/22/2004,2.71,,We,6/30/2004,3.572,,We,6/30/2004,4.318
Mo,6/21/2004,2.685,,Tu,6/29/2004,3.633,,Tu,6/29/2004,4.371
,,,,Mo,6/28/2004,3.627,,Mo,6/28/2004,4.37
Fr,6/18/2004,2.694,,,,,,,,
Th,6/17/2004,2.744,,Fr,6/25/2004,3.572,,Fr,6/25/2004,4.325
We,6/16/2004,2.721,,Th,6/24/2004,3.548,,Th,6/24/2004,4.299
Tu,6/15/2004,2.679,,We,6/23/2004,3.626,,We,6/23/2004,4.363
Mo,6/14/2004,2.76,,Tu,6/22/2004,3.63,,Tu,6/22/2004,4.362
,,,,Mo,6/21/2004,3.608,,Mo,6/21/2004,4.342
Fr,6/11/2004,2.752,,,,,,,,
Th,6/10/2004,2.699,,Fr,6/18/2004,3.619,,Fr,6/18/2004,4.353
We,6/9/2004,2.656,,Th,6/17/2004,3.674,,Th,6/17/2004,4.385
Tu,6/8/2004,2.626,,We,6/16/2004,3.653,,We,6/16/2004,4.373
Mo,6/7/2004,2.628,,Tu,6/15/2004,3.613,,Tu,6/15/2004,4.346
,,,,Mo,6/14/2004,3.709,,Mo,6/14/2004,4.423
Fr,6/4/2004,2.635,,,,,,,,
Th,6/3/2004,2.605,,Fr,6/11/2004,3.705,,Fr,6/11/2004,4.426
We,6/2/2004,2.6,,Th,6/10/2004,3.656,,Th,6/10/2004,4.403
Tu,6/1/2004,2.582,,We,6/9/2004,3.628,,We,6/9/2004,4.396
Mo,5/31/2004,2.578,,Tu,6/8/2004,3.587,,Tu,6/8/2004,4.365
,,,,Mo,6/7/2004,3.602,,Mo,6/7/2004,4.383
Fr,5/28/2004,2.532,,,,,,,,
Th,5/27/2004,2.46,,Fr,6/4/2004,3.608,,Fr,6/4/2004,4.395
We,5/26/2004,2.522,,Th,6/3/2004,3.595,,Th,6/3/2004,4.387
Tu,5/25/2004,2.542,,We,6/2/2004,3.591,,We,6/2/2004,4.383
Mo,5/24/2004,2.562,,Tu,6/1/2004,3.578,,Tu,6/1/2004,4.369
,,,,Mo,5/31/2004,3.578,,Mo,5/31/2004,4.374
Fr,5/21/2004,2.539,,,,,,,,
Th,5/20/2004,2.562,,Fr,5/28/2004,3.531,,Fr,5/28/2004,4.328
We,5/19/2004,2.582,,Th,5/27/2004,3.473,,Th,5/27/2004,4.284
Tu,5/18/2004,2.534,,We,5/26/2004,3.534,,We,5/26/2004,4.33
Mo,5/17/2004,2.514,,Tu,5/25/2004,3.565,,Tu,5/25/2004,4.322
,,,,Mo,5/24/2004,3.591,,Mo,5/24/2004,4.337
Fr,5/14/2004,2.567,,,,,,,,
Th,5/13/2004,2.608,,Fr,5/21/2004,3.567,,Fr,5/21/2004,4.31
We,5/12/2004,2.578,,Th,5/20/2004,3.581,,Th,5/20/2004,4.328
Tu,5/11/2004,2.564,,We,5/19/2004,3.603,,We,5/19/2004,4.343
Mo,5/10/2004,2.567,,Tu,5/18/2004,3.545,,Tu,5/18/2004,4.293
,,,,Mo,5/17/2004,3.525,,Mo,5/17/2004,4.273
Fr,5/7/2004,2.582,,,,,,,,
Th,5/6/2004,2.478,,Fr,5/14/2004,3.575,,Fr,5/14/2004,4.309
We,5/5/2004,2.413,,Th,5/13/2004,3.613,,Th,5/13/2004,4.348
Tu,5/4/2004,2.433,,We,5/12/2004,3.579,,We,5/12/2004,4.325
Mo,5/3/2004,2.422,,Tu,5/11/2004,3.557,,Tu,5/11/2004,4.292
,,,,Mo,5/10/2004,3.552,,Mo,5/10/2004,4.291
Fr,4/30/2004,2.439,,,,,,,,
Th,4/29/2004,2.463,,Fr,5/7/2004,3.561,,Fr,5/7/2004,4.302
We,4/28/2004,2.466,,Th,5/6/2004,3.453,,Th,5/6/2004,4.215
Tu,4/27/2004,2.46,,We,5/5/2004,3.388,,We,5/5/2004,4.163
Mo,4/26/2004,2.445,,Tu,5/4/2004,3.399,,Tu,5/4/2004,4.157
,,,,Mo,5/3/2004,3.385,,Mo,5/3/2004,4.152
Fr,4/23/2004,2.428,,,,,,,,
Th,4/22/2004,2.394,,Fr,4/30/2004,3.411,,Fr,4/30/2004,4.175
We,4/21/2004,2.415,,Th,4/29/2004,3.435,,Th,4/29/2004,4.196
Tu,4/20/2004,2.389,,We,4/28/2004,3.439,,We,4/28/2004,4.193
Mo,4/19/2004,2.357,,Tu,4/27/2004,3.432,,Tu,4/27/2004,4.19
,,,,Mo,4/26/2004,3.419,,Mo,4/26/2004,4.187
Fr,4/16/2004,2.361,,,,,,,,
Th,4/15/2004,2.404,,Fr,4/23/2004,3.407,,Fr,4/23/2004,4.181
We,4/14/2004,2.404,,Th,4/22/2004,3.377,,Th,4/22/2004,4.163
Tu,4/13/2004,2.37,,We,4/21/2004,3.389,,We,4/21/2004,4.167
,,,,Tu,4/20/2004,3.362,,Tu,4/20/2004,4.151
Th,4/8/2004,2.281,,Mo,4/19/2004,3.326,,Mo,4/19/2004,4.112
We,4/7/2004,2.275,,,,,,,,
Tu,4/6/2004,2.309,,Fr,4/16/2004,3.333,,Fr,4/16/2004,4.113
Mo,4/5/2004,2.359,,Th,4/15/2004,3.383,,Th,4/15/2004,4.156
,,,,We,4/14/2004,3.388,,We,4/14/2004,4.168
Fr,4/2/2004,2.366,,Tu,4/13/2004,3.354,,Tu,4/13/2004,4.144
Th,4/1/2004,2.193,,,,,,,,
We,3/31/2004,2.134,,Th,4/8/2004,3.261,,Th,4/8/2004,4.068
Tu,3/30/2004,2.128,,We,4/7/2004,3.249,,We,4/7/2004,4.056
Mo,3/29/2004,2.154,,Tu,4/6/2004,3.282,,Tu,4/6/2004,4.081
,,,,Mo,4/5/2004,3.321,,Mo,4/5/2004,4.101
Fr,3/26/2004,2.083,,,,,,,,
Th,3/25/2004,2.064,,Fr,4/2/2004,3.306,,Fr,4/2/2004,4.08
We,3/24/2004,2.101,,Th,4/1/2004,3.134,,Th,4/1/2004,3.957
Tu,3/23/2004,2.112,,We,3/31/2004,3.093,,We,3/31/2004,3.931
Mo,3/22/2004,2.086,,Tu,3/30/2004,3.106,,Tu,3/30/2004,3.943
,,,,Mo,3/29/2004,3.118,,Mo,3/29/2004,3.954
Fr,3/19/2004,2.106,,,,,,,,
Th,3/18/2004,2.106,,Fr,3/26/2004,3.024,,Fr,3/26/2004,3.87
We,3/17/2004,2.123,,Th,3/25/2004,2.998,,Th,3/25/2004,3.846
Tu,3/16/2004,2.167,,We,3/24/2004,3.029,,We,3/24/2004,3.86
Mo,3/15/2004,2.145,,Tu,3/23/2004,3.078,,Tu,3/23/2004,3.888
,,,,Mo,3/22/2004,3.051,,Mo,3/22/2004,3.87
Fr,3/12/2004,2.157,,,,,,,,
Th,3/11/2004,2.164,,Fr,3/19/2004,3.081,,Fr,3/19/2004,3.891
We,3/10/2004,2.183,,Th,3/18/2004,3.071,,Th,3/18/2004,3.884
Tu,3/9/2004,2.138,,We,3/17/2004,3.081,,We,3/17/2004,3.89
Mo,3/8/2004,2.146,,Tu,3/16/2004,3.127,,Tu,3/16/2004,3.926
,,,,Mo,3/15/2004,3.083,,Mo,3/15/2004,3.885
Fr,3/5/2004,2.179,,,,,,,,
Th,3/4/2004,2.312,,Fr,3/12/2004,3.103,,Fr,3/12/2004,3.901
We,3/3/2004,2.342,,Th,3/11/2004,3.113,,Th,3/11/2004,3.909
Tu,3/2/2004,2.281,,We,3/10/2004,3.131,,We,3/10/2004,3.928
Mo,3/1/2004,2.238,,Tu,3/9/2004,3.102,,Tu,3/9/2004,3.91
,,,,Mo,3/8/2004,3.112,,Mo,3/8/2004,3.926
Fr,2/27/2004,2.215,,,,,,,,
Th,2/26/2004,2.241,,Fr,3/5/2004,3.17,,Fr,3/5/2004,3.984
We,2/25/2004,2.239,,Th,3/4/2004,3.321,,Th,3/4/2004,4.095
Tu,2/24/2004,2.279,,We,3/3/2004,3.361,,We,3/3/2004,4.12
Mo,2/23/2004,2.342,,Tu,3/2/2004,3.301,,Tu,3/2/2004,4.07
,,,,Mo,3/1/2004,3.262,,Mo,3/1/2004,4.054
Fr,2/20/2004,2.348,,,,,,,,
Th,2/19/2004,2.319,,Fr,2/27/2004,3.244,,Fr,2/27/2004,4.051
We,2/18/2004,2.283,,Th,2/26/2004,3.275,,Th,2/26/2004,4.088
Tu,2/17/2004,2.288,,We,2/25/2004,3.272,,We,2/25/2004,4.082
Mo,2/16/2004,2.324,,Tu,2/24/2004,3.295,,Tu,2/24/2004,4.086
,,,,Mo,2/23/2004,3.35,,Mo,2/23/2004,4.128
Fr,2/13/2004,2.315,,,,,,,,
Th,2/12/2004,2.33,,Fr,2/20/2004,3.358,,Fr,2/20/2004,4.135
We,2/11/2004,2.351,,Th,2/19/2004,3.336,,Th,2/19/2004,4.122
Tu,2/10/2004,2.377,,We,2/18/2004,3.289,,We,2/18/2004,4.08
Mo,2/9/2004,2.359,,Tu,2/17/2004,3.294,,Tu,2/17/2004,4.083
,,,,Mo,2/16/2004,3.332,,Mo,2/16/2004,4.109
Fr,2/6/2004,2.362,,,,,,,,
Th,2/5/2004,2.406,,Fr,2/13/2004,3.333,,Fr,2/13/2004,4.103
We,2/4/2004,2.428,,Th,2/12/2004,3.343,,Th,2/12/2004,4.119
Tu,2/3/2004,2.441,,We,2/11/2004,3.361,,We,2/11/2004,4.115
Mo,2/2/2004,2.497,,Tu,2/10/2004,3.268,,Tu,2/10/2004,4.138
,,,,Mo,2/9/2004,3.253,,Mo,2/9/2004,4.132
Fr,1/30/2004,2.524,,,,,,,,
Th,1/29/2004,2.536,,Fr,2/6/2004,3.263,,Fr,2/6/2004,4.144
We,1/28/2004,2.386,,Th,2/5/2004,3.309,,Th,2/5/2004,4.177
Tu,1/27/2004,2.4,,We,2/4/2004,3.328,,We,2/4/2004,4.195
Mo,1/26/2004,2.411,,Tu,2/3/2004,3.34,,Tu,2/3/2004,4.206
,,,,Mo,2/2/2004,3.377,,Mo,2/2/2004,4.229
Fr,1/23/2004,2.355,,,,,,,,
Th,1/22/2004,2.383,,Fr,1/30/2004,3.402,,Fr,1/30/2004,4.24
We,1/21/2004,2.407,,Th,1/29/2004,3.421,,Th,1/29/2004,4.264
Tu,1/20/2004,2.398,,We,1/28/2004,3.271,,We,1/28/2004,4.147
Mo,1/19/2004,2.449,,Tu,1/27/2004,3.28,,Tu,1/27/2004,4.15
,,,,Mo,1/26/2004,3.302,,Mo,1/26/2004,4.166
Fr,1/16/2004,2.437,,,,,,,,
Th,1/15/2004,2.454,,Fr,1/23/2004,3.232,,Fr,1/23/2004,4.095
We,1/14/2004,2.439,,Th,1/22/2004,3.278,,Th,1/22/2004,4.138
Tu,1/13/2004,2.412,,We,1/21/2004,3.306,,We,1/21/2004,4.157
Mo,1/12/2004,2.392,,Tu,1/20/2004,3.282,,Tu,1/20/2004,4.137
,,,,Mo,1/19/2004,3.327,,Mo,1/19/2004,4.163
Fr,1/9/2004,2.407,,,,,,,,
Th,1/8/2004,2.503,,Fr,1/16/2004,3.32,,Fr,1/16/2004,4.152
We,1/7/2004,2.518,,Th,1/15/2004,3.318,,Th,1/15/2004,4.148
Tu,1/6/2004,2.534,,We,1/14/2004,3.314,,We,1/14/2004,4.154
Mo,1/5/2004,2.608,,Tu,1/13/2004,3.292,,Tu,1/13/2004,4.141
,,,,Mo,1/12/2004,3.271,,Mo,1/12/2004,4.123
Fr,1/2/2004,2.616,,,,,,,,
We,12/31/2003,2.605,,Fr,1/9/2004,3.286,,Fr,1/9/2004,4.141
Tu,12/30/2003,2.611,,Th,1/8/2004,3.393,,Th,1/8/2004,4.229
Mo,12/29/2003,2.588,,We,1/7/2004,3.416,,We,1/7/2004,4.245
,,,,Tu,1/6/2004,3.448,,Tu,1/6/2004,4.262
We,12/24/2003,2.607,,Mo,1/5/2004,3.522,,Mo,1/5/2004,4.325
Tu,12/23/2003,2.606,,,,,,,,
Mo,12/22/2003,2.62,,Fr,1/2/2004,3.538,,Fr,1/2/2004,4.33
,,,,We,12/31/2003,3.504,,We,12/31/2003,4.292
Fr,12/19/2003,2.642,,Tu,12/30/2003,3.51,,Tu,12/30/2003,4.296
Th,12/18/2003,2.61,,Mo,12/29/2003,3.474,,Mo,12/29/2003,4.264
We,12/17/2003,2.619,,,,,,,,
Tu,12/16/2003,2.665,,We,12/24/2003,3.474,,We,12/24/2003,4.251
Mo,12/15/2003,2.66,,Tu,12/23/2003,3.471,,Tu,12/23/2003,4.249
,,,,Mo,12/22/2003,3.483,,Mo,12/22/2003,4.267
Fr,12/12/2003,2.677,,,,,,,,
Th,12/11/2003,2.765,,Fr,12/19/2003,3.507,,Fr,12/19/2003,4.289
We,12/10/2003,2.758,,Th,12/18/2003,3.477,,Th,12/18/2003,4.264
Tu,12/9/2003,2.669,,We,12/17/2003,3.477,,We,12/17/2003,4.267
Mo,12/8/2003,2.648,,Tu,12/16/2003,3.526,,Tu,12/16/2003,4.307
,,,,Mo,12/15/2003,3.532,,Mo,12/15/2003,4.309
Fr,12/5/2003,2.659,,,,,,,,
Th,12/4/2003,2.751,,Fr,12/12/2003,3.539,,Fr,12/12/2003,4.304
We,12/3/2003,2.779,,Th,12/11/2003,3.633,,Th,12/11/2003,4.376
Tu,12/2/2003,2.802,,We,12/10/2003,3.608,,We,12/10/2003,4.355
Mo,12/1/2003,2.853,,Tu,12/9/2003,3.622,,Tu,12/9/2003,4.37
,,,,Mo,12/8/2003,3.608,,Mo,12/8/2003,4.351
Fr,11/28/2003,2.812,,,,,,,,
Th,11/27/2003,2.803,,Fr,12/5/2003,3.611,,Fr,12/5/2003,4.344
We,11/26/2003,2.728,,Th,12/4/2003,3.719,,Th,12/4/2003,4.451
Tu,11/25/2003,2.714,,We,12/3/2003,3.734,,We,12/3/2003,4.46
Mo,11/24/2003,2.682,,Tu,12/2/2003,3.757,,Tu,12/2/2003,4.47
,,,,Mo,12/1/2003,3.79,,Mo,12/1/2003,4.495
Fr,11/21/2003,2.592,,,,,,,,
Th,11/20/2003,2.622,,Fr,11/28/2003,3.743,,Fr,11/28/2003,4.457
We,11/19/2003,2.635,,Th,11/27/2003,3.732,,Th,11/27/2003,4.457
Tu,11/18/2003,2.603,,We,11/26/2003,3.664,,We,11/26/2003,4.412
Mo,11/17/2003,2.631,,Tu,11/25/2003,3.664,,Tu,11/25/2003,4.416
,,,,Mo,11/24/2003,3.638,,Mo,11/24/2003,4.405
Fr,11/14/2003,2.671,,,,,,,,
Th,11/13/2003,2.736,,Fr,11/21/2003,3.546,,Fr,11/21/2003,4.323
We,11/12/2003,2.804,,Th,11/20/2003,3.578,,Th,11/20/2003,4.35
Tu,11/11/2003,2.807,,We,11/19/2003,3.598,,We,11/19/2003,4.366
Mo,11/10/2003,2.816,,Tu,11/18/2003,3.561,,Tu,11/18/2003,4.318
,,,,Mo,11/17/2003,3.594,,Mo,11/17/2003,4.341
Fr,11/7/2003,2.843,,,,,,,,
Th,11/6/2003,2.802,,Fr,11/14/2003,3.629,,Fr,11/14/2003,4.365
We,11/5/2003,2.738,,Th,11/13/2003,3.687,,Th,11/13/2003,4.422
Tu,11/4/2003,2.72,,We,11/12/2003,3.757,,We,11/12/2003,4.474
Mo,11/3/2003,2.746,,Tu,11/11/2003,3.762,,Tu,11/11/2003,4.473
,,,,Mo,11/10/2003,3.767,,Mo,11/10/2003,4.48
Fr,10/31/2003,2.686,,,,,,,,
Th,10/30/2003,2.72,,Fr,11/7/2003,3.793,,Fr,11/7/2003,4.497
We,10/29/2003,2.678,,Th,11/6/2003,3.743,,Th,11/6/2003,4.456
Tu,10/28/2003,2.704,,We,11/5/2003,3.654,,We,11/5/2003,4.375
Mo,10/27/2003,2.673,,Tu,11/4/2003,3.646,,Tu,11/4/2003,4.363
,,,,Mo,11/3/2003,3.678,,Mo,11/3/2003,4.394
Fr,10/24/2003,2.634,,,,,,,,
Th,10/23/2003,2.662,,Fr,10/31/2003,3.601,,Fr,10/31/2003,4.331
We,10/22/2003,2.64,,Th,10/30/2003,3.648,,Th,10/30/2003,4.37
Tu,10/21/2003,2.639,,We,10/29/2003,3.597,,We,10/29/2003,4.33
Mo,10/20/2003,2.695,,Tu,10/28/2003,3.609,,Tu,10/28/2003,4.303
,,,,Mo,10/27/2003,3.589,,Mo,10/27/2003,4.294
Fr,10/17/2003,2.7,,,,,,,,
Th,10/16/2003,2.66,,Fr,10/24/2003,3.556,,Fr,10/24/2003,4.265
We,10/15/2003,2.664,,Th,10/23/2003,3.577,,Th,10/23/2003,4.281
Tu,10/14/2003,2.597,,We,10/22/2003,3.538,,We,10/22/2003,4.246
Mo,10/13/2003,2.598,,Tu,10/21/2003,3.553,,Tu,10/21/2003,4.272
,,,,Mo,10/20/2003,3.609,,Mo,10/20/2003,4.31
Fr,10/10/2003,2.533,,,,,,,,
Th,10/9/2003,2.564,,Fr,10/17/2003,3.615,,Fr,10/17/2003,4.323
We,10/8/2003,2.504,,Th,10/16/2003,3.586,,Th,10/16/2003,4.298
Tu,10/7/2003,2.515,,We,10/15/2003,3.604,,We,10/15/2003,4.336
Mo,10/6/2003,2.514,,Tu,10/14/2003,3.533,,Tu,10/14/2003,4.285
,,,,Mo,10/13/2003,3.53,,Mo,10/13/2003,4.277
Fr,10/3/2003,2.568,,,,,,,,
Th,10/2/2003,2.417,,Fr,10/10/2003,3.456,,Fr,10/10/2003,4.2
We,10/1/2003,2.299,,Th,10/9/2003,3.496,,Th,10/9/2003,4.253
Tu,9/30/2003,2.297,,We,10/8/2003,3.352,,We,10/8/2003,4.199
Mo,9/29/2003,2.358,,Tu,10/7/2003,3.372,,Tu,10/7/2003,4.202
,,,,Mo,10/6/2003,3.352,,Mo,10/6/2003,4.171
Fr,9/26/2003,2.348,,,,,,,,
Th,9/25/2003,2.384,,Fr,10/3/2003,3.395,,Fr,10/3/2003,4.21
We,9/24/2003,2.418,,Th,10/2/2003,3.244,,Th,10/2/2003,4.11
Tu,9/23/2003,2.345,,We,10/1/2003,3.107,,We,10/1/2003,3.997
Mo,9/22/2003,2.356,,Tu,9/30/2003,3.097,,Tu,9/30/2003,3.995
,,,,Mo,9/29/2003,3.172,,Mo,9/29/2003,4.055
Fr,9/19/2003,2.415,,,,,,,,
Th,9/18/2003,2.439,,Fr,9/26/2003,3.155,,Fr,9/26/2003,4.029
We,9/17/2003,2.443,,Th,9/25/2003,3.203,,Th,9/25/2003,4.084
Tu,9/16/2003,2.468,,We,9/24/2003,3.244,,We,9/24/2003,4.109
Mo,9/15/2003,2.454,,Tu,9/23/2003,3.247,,Tu,9/23/2003,4.101
,,,,Mo,9/22/2003,3.266,,Mo,9/22/2003,4.126
Fr,9/12/2003,2.442,,,,,,,,
Th,9/11/2003,2.547,,Fr,9/19/2003,3.329,,Fr,9/19/2003,4.16
We,9/10/2003,2.498,,Th,9/18/2003,3.363,,Th,9/18/2003,4.188
Tu,9/9/2003,2.52,,We,9/17/2003,3.356,,We,9/17/2003,4.186
Mo,9/8/2003,2.493,,Tu,9/16/2003,3.387,,Tu,9/16/2003,4.195
,,,,Mo,9/15/2003,3.374,,Mo,9/15/2003,4.176
Fr,9/5/2003,2.56,,,,,,,,
Th,9/4/2003,2.676,,Fr,9/12/2003,3.346,,Fr,9/12/2003,4.154
We,9/3/2003,2.718,,Th,9/11/2003,3.485,,Th,9/11/2003,4.278
Tu,9/2/2003,2.714,,We,9/10/2003,3.436,,We,9/10/2003,4.256
Mo,9/1/2003,2.61,,Tu,9/9/2003,3.482,,Tu,9/9/2003,4.301
,,,,Mo,9/8/2003,3.454,,Mo,9/8/2003,4.271
Fr,8/29/2003,2.593,,,,,,,,
Th,8/28/2003,2.598,,Fr,9/5/2003,3.531,,Fr,9/5/2003,4.314
We,8/27/2003,2.608,,Th,9/4/2003,3.614,,Th,9/4/2003,4.354
Tu,8/26/2003,2.62,,We,9/3/2003,3.653,,We,9/3/2003,4.376
Mo,8/25/2003,2.596,,Tu,9/2/2003,3.632,,Tu,9/2/2003,4.343
,,,,Mo,9/1/2003,3.484,,Mo,9/1/2003,4.216
Fr,8/22/2003,2.62,,,,,,,,
Th,8/21/2003,2.61,,Fr,8/29/2003,3.463,,Fr,8/29/2003,4.197
We,8/20/2003,2.576,,Th,8/28/2003,3.456,,Th,8/28/2003,4.181
Tu,8/19/2003,2.576,,We,8/27/2003,3.473,,We,8/27/2003,4.208
Mo,8/18/2003,2.566,,Tu,8/26/2003,3.463,,Tu,8/26/2003,4.18
,,,,Mo,8/25/2003,3.459,,Mo,8/25/2003,4.177
Fr,8/15/2003,2.54,,,,,,,,
Th,8/14/2003,2.612,,Fr,8/22/2003,3.481,,Fr,8/22/2003,4.186
We,8/13/2003,2.533,,Th,8/21/2003,3.483,,Th,8/21/2003,4.198
Tu,8/12/2003,2.494,,We,8/20/2003,3.45,,We,8/20/2003,4.182
Mo,8/11/2003,2.493,,Tu,8/19/2003,3.429,,Tu,8/19/2003,4.146
,,,,Mo,8/18/2003,3.432,,Mo,8/18/2003,4.16
Fr,8/8/2003,2.42,,,,,,,,
Th,8/7/2003,2.493,,Fr,8/15/2003,3.427,,Fr,8/15/2003,4.16
We,8/6/2003,2.532,,Th,8/14/2003,3.484,,Th,8/14/2003,4.211
Tu,8/5/2003,2.562,,We,8/13/2003,3.396,,We,8/13/2003,4.179
Mo,8/4/2003,2.58,,Tu,8/12/2003,3.308,,Tu,8/12/2003,4.077
,,,,Mo,8/11/2003,3.313,,Mo,8/11/2003,4.089
Fr,8/1/2003,2.643,,,,,,,,
Th,7/31/2003,2.456,,Fr,8/8/2003,3.235,,Fr,8/8/2003,4.015
We,7/30/2003,2.356,,Th,8/7/2003,3.351,,Th,8/7/2003,4.102
Tu,7/29/2003,2.33,,We,8/6/2003,3.396,,We,8/6/2003,4.138
Mo,7/28/2003,2.341,,Tu,8/5/2003,3.424,,Tu,8/5/2003,4.162
,,,,Mo,8/4/2003,3.425,,Mo,8/4/2003,4.143
Fr,7/25/2003,2.278,,,,,,,,
Th,7/24/2003,2.323,,Fr,8/1/2003,3.48,,Fr,8/1/2003,4.194
We,7/23/2003,2.273,,Th,7/31/2003,3.363,,Th,7/31/2003,4.19
Tu,7/22/2003,2.324,,We,7/30/2003,3.257,,We,7/30/2003,4.124
Mo,7/21/2003,2.309,,Tu,7/29/2003,3.22,,Tu,7/29/2003,4.084
,,,,Mo,7/28/2003,3.241,,Mo,7/28/2003,4.112
Fr,7/18/2003,2.27,,,,,,,,
Th,7/17/2003,2.301,,Fr,7/25/2003,3.134,,Fr,7/25/2003,4
We,7/16/2003,2.282,,Th,7/24/2003,3.208,,Th,7/24/2003,4.075
Tu,7/15/2003,2.211,,We,7/23/2003,3.145,,We,7/23/2003,4.02
Mo,7/14/2003,2.116,,Tu,7/22/2003,3.199,,Tu,7/22/2003,4.079
,,,,Mo,7/21/2003,3.188,,Mo,7/21/2003,4.08
Fr,7/11/2003,2.138,,,,,,,,
Th,7/10/2003,2.133,,Fr,7/18/2003,3.14,,Fr,7/18/2003,4.041
We,7/9/2003,2.168,,Th,7/17/2003,3.179,,Th,7/17/2003,4.079
Tu,7/8/2003,2.159,,We,7/16/2003,3.146,,We,7/16/2003,4.043
Mo,7/7/2003,2.163,,Tu,7/15/2003,3.09,,Tu,7/15/2003,4.027
,,,,Mo,7/14/2003,2.945,,Mo,7/14/2003,3.882
Fr,7/4/2003,2.105,,,,,,,,
Th,7/3/2003,2.149,,Fr,7/11/2003,2.979,,Fr,7/11/2003,3.917
We,7/2/2003,2.123,,Th,7/10/2003,2.98,,Th,7/10/2003,3.916
Tu,7/1/2003,2.093,,We,7/9/2003,3.035,,We,7/9/2003,3.969
Mo,6/30/2003,2.125,,Tu,7/8/2003,3.043,,Tu,7/8/2003,3.976
,,,,Mo,7/7/2003,3.051,,Mo,7/7/2003,3.984
Fr,6/27/2003,2.179,,,,,,,,
Th,6/26/2003,2.153,,Fr,7/4/2003,2.986,,Fr,7/4/2003,3.932
We,6/25/2003,1.98,,Th,7/3/2003,3.038,,Th,7/3/2003,3.978
Tu,6/24/2003,2.022,,We,7/2/2003,2.992,,We,7/2/2003,3.921
Mo,6/23/2003,2.029,,Tu,7/1/2003,2.929,,Tu,7/1/2003,3.799
,,,,Mo,6/30/2003,2.949,,Mo,6/30/2003,3.802
Fr,6/20/2003,2.032,,,,,,,,
Th,6/19/2003,2.024,,Fr,6/27/2003,3.011,,Fr,6/27/2003,3.848
We,6/18/2003,2.057,,Th,6/26/2003,2.969,,Th,6/26/2003,3.806
Tu,6/17/2003,2.004,,We,6/25/2003,2.792,,We,6/25/2003,3.643
Mo,6/16/2003,1.944,,Tu,6/24/2003,2.823,,Tu,6/24/2003,3.682
,,,,Mo,6/23/2003,2.825,,Mo,6/23/2003,3.681
Fr,6/13/2003,1.888,,,,,,,,
Th,6/12/2003,1.917,,Fr,6/20/2003,2.848,,Fr,6/20/2003,3.697
We,6/11/2003,1.904,,Th,6/19/2003,2.837,,Th,6/19/2003,3.687
Tu,6/10/2003,1.926,,We,6/18/2003,2.849,,We,6/18/2003,3.684
Mo,6/9/2003,1.985,,Tu,6/17/2003,2.738,,Tu,6/17/2003,3.551
,,,,Mo,6/16/2003,2.647,,Mo,6/16/2003,3.499
Fr,6/6/2003,2.025,,,,,,,,
Th,6/5/2003,2.006,,Fr,6/13/2003,2.586,,Fr,6/13/2003,3.465
We,6/4/2003,2.056,,Th,6/12/2003,2.625,,Th,6/12/2003,3.523
Tu,6/3/2003,2.024,,We,6/11/2003,2.614,,We,6/11/2003,3.522
Mo,6/2/2003,2.127,,Tu,6/10/2003,2.653,,Tu,6/10/2003,3.555
,,,,Mo,6/9/2003,2.696,,Mo,6/9/2003,3.592
Fr,5/30/2003,2.116,,,,,,,,
Th,5/29/2003,2.124,,Fr,6/6/2003,2.778,,Fr,6/6/2003,3.679
We,5/28/2003,2.169,,Th,6/5/2003,2.739,,Th,6/5/2003,3.609
Tu,5/27/2003,2.119,,We,6/4/2003,2.831,,We,6/4/2003,3.67
Mo,5/26/2003,2.081,,Tu,6/3/2003,2.788,,Tu,6/3/2003,3.644
,,,,Mo,6/2/2003,2.911,,Mo,6/2/2003,3.757
Fr,5/23/2003,2.096,,,,,,,,
Th,5/22/2003,2.149,,Fr,5/30/2003,2.879,,Fr,5/30/2003,3.721
We,5/21/2003,2.152,,Th,5/29/2003,2.872,,Th,5/29/2003,3.708
Tu,5/20/2003,2.151,,We,5/28/2003,2.942,,We,5/28/2003,3.774
Mo,5/19/2003,2.149,,Tu,5/27/2003,2.873,,Tu,5/27/2003,3.675
,,,,Mo,5/26/2003,2.819,,Mo,5/26/2003,3.615
Fr,5/16/2003,2.209,,,,,,,,
Th,5/15/2003,2.232,,Fr,5/23/2003,2.832,,Fr,5/23/2003,3.64
We,5/14/2003,2.247,,Th,5/22/2003,2.88,,Th,5/22/2003,3.7
Tu,5/13/2003,2.255,,We,5/21/2003,2.892,,We,5/21/2003,3.717
Mo,5/12/2003,2.276,,Tu,5/20/2003,2.902,,Tu,5/20/2003,3.746
,,,,Mo,5/19/2003,2.906,,Mo,5/19/2003,3.755
Fr,5/9/2003,2.316,,,,,,,,
Th,5/8/2003,2.318,,Fr,5/16/2003,2.976,,Fr,5/16/2003,3.824
We,5/7/2003,2.312,,Th,5/15/2003,3.018,,Th,5/15/2003,3.874
Tu,5/6/2003,2.398,,We,5/14/2003,3.041,,We,5/14/2003,3.906
Mo,5/5/2003,2.403,,Tu,5/13/2003,3.057,,Tu,5/13/2003,3.902
,,,,Mo,5/12/2003,3.069,,Mo,5/12/2003,3.907
Fr,5/2/2003,2.411,,,,,,,,
We,4/30/2003,2.427,,Fr,5/9/2003,3.091,,Fr,5/9/2003,3.926
Tu,4/29/2003,2.488,,Th,5/8/2003,3.108,,Th,5/8/2003,3.944
Mo,4/28/2003,2.473,,We,5/7/2003,3.144,,We,5/7/2003,3.973
,,,,Tu,5/6/2003,3.264,,Tu,5/6/2003,4.083
Fr,4/25/2003,2.453,,Mo,5/5/2003,3.261,,Mo,5/5/2003,4.077
Th,4/24/2003,2.478,,,,,,,,
We,4/23/2003,2.546,,Fr,5/2/2003,3.261,,Fr,5/2/2003,4.082
Tu,4/22/2003,2.515,,We,4/30/2003,3.273,,We,4/30/2003,4.092
,,,,Tu,4/29/2003,3.337,,Tu,4/29/2003,4.146
Th,4/17/2003,2.575,,Mo,4/28/2003,3.31,,Mo,4/28/2003,4.12
We,4/16/2003,2.601,,,,,,,,
Tu,4/15/2003,2.612,,Fr,4/25/2003,3.285,,Fr,4/25/2003,4.101
Mo,4/14/2003,2.62,,Th,4/24/2003,3.305,,Th,4/24/2003,4.108
,,,,We,4/23/2003,3.369,,We,4/23/2003,4.166
Fr,4/11/2003,2.548,,Tu,4/22/2003,3.335,,Tu,4/22/2003,4.125
Th,4/10/2003,2.462,,,,,,,,
We,4/9/2003,2.51,,Th,4/17/2003,3.391,,Th,4/17/2003,4.157
Tu,4/8/2003,2.539,,We,4/16/2003,3.41,,We,4/16/2003,4.172
Mo,4/7/2003,2.571,,Tu,4/15/2003,3.436,,Tu,4/15/2003,4.209
,,,,Mo,4/14/2003,3.466,,Mo,4/14/2003,4.233
Fr,4/4/2003,2.492,,,,,,,,
Th,4/3/2003,2.508,,Fr,4/11/2003,3.416,,Fr,4/11/2003,4.207
We,4/2/2003,2.476,,Th,4/10/2003,3.333,,Th,4/10/2003,4.145
Tu,4/1/2003,2.389,,We,4/9/2003,3.4,,We,4/9/2003,4.205
Mo,3/31/2003,2.407,,Tu,4/8/2003,3.424,,Tu,4/8/2003,4.226
,,,,Mo,4/7/2003,3.455,,Mo,4/7/2003,4.257
Fr,3/28/2003,2.503,,,,,,,,
Th,3/27/2003,2.54,,Fr,4/4/2003,3.375,,Fr,4/4/2003,4.186
We,3/26/2003,2.58,,Th,4/3/2003,3.385,,Th,4/3/2003,4.178
Tu,3/25/2003,2.568,,We,4/2/2003,3.336,,We,4/2/2003,4.12
Mo,3/24/2003,2.578,,Tu,4/1/2003,3.227,,Tu,4/1/2003,4.035
,,,,Mo,3/31/2003,3.24,,Mo,3/31/2003,4.044
Fr,3/21/2003,2.642,,,,,,,,
Th,3/20/2003,2.581,,Fr,3/28/2003,3.344,,Fr,3/28/2003,4.129
We,3/19/2003,2.63,,Th,3/27/2003,3.378,,Th,3/27/2003,4.156
Tu,3/18/2003,2.562,,We,3/26/2003,3.427,,We,3/26/2003,4.201
Mo,3/17/2003,2.572,,Tu,3/25/2003,3.433,,Tu,3/25/2003,4.206
,,,,Mo,3/24/2003,3.445,,Mo,3/24/2003,4.206
Fr,3/14/2003,2.481,,,,,,,,
Th,3/13/2003,2.43,,Fr,3/21/2003,3.522,,Fr,3/21/2003,4.277
We,3/12/2003,2.277,,Th,3/20/2003,3.454,,Th,3/20/2003,4.196
Tu,3/11/2003,2.243,,We,3/19/2003,3.507,,We,3/19/2003,4.227
Mo,3/10/2003,2.214,,Tu,3/18/2003,3.396,,Tu,3/18/2003,4.133
,,,,Mo,3/17/2003,3.415,,Mo,3/17/2003,4.154
Fr,3/7/2003,2.244,,,,,,,,
Th,3/6/2003,2.276,,Fr,3/14/2003,3.269,,Fr,3/14/2003,4.025
We,3/5/2003,2.284,,Th,3/13/2003,3.208,,Th,3/13/2003,3.971
Tu,3/4/2003,2.275,,We,3/12/2003,3.031,,We,3/12/2003,3.831
Mo,3/3/2003,2.28,,Tu,3/11/2003,3,,Tu,3/11/2003,3.819
,,,,Mo,3/10/2003,2.969,,Mo,3/10/2003,3.805
Fr,2/28/2003,2.295,,,,,,,,
Th,2/27/2003,2.36,,Fr,3/7/2003,3.002,,Fr,3/7/2003,3.839
We,2/26/2003,2.304,,Th,3/6/2003,3.022,,Th,3/6/2003,3.87
Tu,2/25/2003,2.304,,We,3/5/2003,3.039,,We,3/5/2003,3.881
Mo,2/24/2003,2.33,,Tu,3/4/2003,3.033,,Tu,3/4/2003,3.895
,,,,Mo,3/3/2003,3.032,,Mo,3/3/2003,3.899
Fr,2/21/2003,2.421,,,,,,,,
Th,2/20/2003,2.4,,Fr,2/28/2003,3.055,,Fr,2/28/2003,3.918
We,2/19/2003,2.407,,Th,2/27/2003,3.11,,Th,2/27/2003,3.954
Tu,2/18/2003,2.454,,We,2/26/2003,3.051,,We,2/26/2003,3.894
Mo,2/17/2003,2.444,,Tu,2/25/2003,3.047,,Tu,2/25/2003,3.878
,,,,Mo,2/24/2003,3.073,,Mo,2/24/2003,3.887
Fr,2/14/2003,2.441,,,,,,,,
Th,2/13/2003,2.394,,Fr,2/21/2003,3.127,,Fr,2/21/2003,3.937
We,2/12/2003,2.428,,Th,2/20/2003,3.102,,Th,2/20/2003,3.904
Tu,2/11/2003,2.484,,We,2/19/2003,3.114,,We,2/19/2003,3.927
Mo,2/10/2003,2.488,,Tu,2/18/2003,3.185,,Tu,2/18/2003,3.996
,,,,Mo,2/17/2003,3.169,,Mo,2/17/2003,3.983
Fr,2/7/2003,2.49,,,,,,,,
Th,2/6/2003,2.53,,Fr,2/14/2003,3.157,,Fr,2/14/2003,3.976
We,2/5/2003,2.561,,Th,2/13/2003,3.108,,Th,2/13/2003,3.931
Tu,2/4/2003,2.561,,We,2/12/2003,3.163,,We,2/12/2003,3.963
Mo,2/3/2003,2.609,,Tu,2/11/2003,3.228,,Tu,2/11/2003,4.011
,,,,Mo,2/10/2003,3.237,,Mo,2/10/2003,4.016
Fr,1/31/2003,2.596,,,,,,,,
Th,1/30/2003,2.613,,Fr,2/7/2003,3.232,,Fr,2/7/2003,3.997
We,1/29/2003,2.59,,Th,2/6/2003,3.276,,Th,2/6/2003,4.025
Tu,1/28/2003,2.609,,We,2/5/2003,3.289,,We,2/5/2003,4.027
Mo,1/27/2003,2.594,,Tu,2/4/2003,3.207,,Tu,2/4/2003,4.017
,,,,Mo,2/3/2003,3.267,,Mo,2/3/2003,4.081
Fr,1/24/2003,2.573,,,,,,,,
Th,1/23/2003,2.597,,Fr,1/31/2003,3.266,,Fr,1/31/2003,4.072
We,1/22/2003,2.605,,Th,1/30/2003,3.28,,Th,1/30/2003,4.085
Tu,1/21/2003,2.626,,We,1/29/2003,3.252,,We,1/29/2003,4.044
Mo,1/20/2003,2.606,,Tu,1/28/2003,3.258,,Tu,1/28/2003,4.054
,,,,Mo,1/27/2003,3.241,,Mo,1/27/2003,4.022
Fr,1/17/2003,2.628,,,,,,,,
Th,1/16/2003,2.715,,Fr,1/24/2003,3.226,,Fr,1/24/2003,4.025
We,1/15/2003,2.692,,Th,1/23/2003,3.268,,Th,1/23/2003,4.097
Tu,1/14/2003,2.689,,We,1/22/2003,3.278,,We,1/22/2003,4.12
Mo,1/13/2003,2.704,,Tu,1/21/2003,3.291,,Tu,1/21/2003,4.131
,,,,Mo,1/20/2003,3.289,,Mo,1/20/2003,4.146
Fr,1/10/2003,2.684,,,,,,,,
Th,1/9/2003,2.708,,Fr,1/17/2003,3.317,,Fr,1/17/2003,4.174
We,1/8/2003,2.665,,Th,1/16/2003,3.419,,Th,1/16/2003,4.263
Tu,1/7/2003,2.714,,We,1/15/2003,3.416,,We,1/15/2003,4.269
Mo,1/6/2003,2.74,,Tu,1/14/2003,3.421,,Tu,1/14/2003,4.272
,,,,Mo,1/13/2003,3.436,,Mo,1/13/2003,4.286
Fr,1/3/2003,2.798,,,,,,,,
Th,1/2/2003,2.8,,Fr,1/10/2003,3.41,,Fr,1/10/2003,4.265
Tu,12/31/2002,2.721,,Th,1/9/2003,3.433,,Th,1/9/2003,4.284
Mo,12/30/2002,2.727,,We,1/8/2003,3.405,,We,1/8/2003,4.272
,,,,Tu,1/7/2003,3.452,,Tu,1/7/2003,4.286
Fr,12/27/2002,2.722,,Mo,1/6/2003,3.481,,Mo,1/6/2003,4.312
Tu,12/24/2002,2.811,,,,,,,,
Mo,12/23/2002,2.804,,Fr,1/3/2003,3.519,,Fr,1/3/2003,4.333
,,,,Th,1/2/2003,3.508,,Th,1/2/2003,4.311
Fr,12/20/2002,2.814,,Tu,12/31/2002,3.395,,Tu,12/31/2002,4.204
Th,12/19/2002,2.812,,Mo,12/30/2002,3.405,,Mo,12/30/2002,4.211
We,12/18/2002,2.802,,,,,,,,
Tu,12/17/2002,2.829,,Fr,12/27/2002,3.412,,Fr,12/27/2002,4.197
Mo,12/16/2002,2.856,,Tu,12/24/2002,3.5,,Tu,12/24/2002,4.286
,,,,Mo,12/23/2002,3.495,,Mo,12/23/2002,4.283
Fr,12/13/2002,2.851,,,,,,,,
Th,12/12/2002,2.859,,Fr,12/20/2002,3.508,,Fr,12/20/2002,4.294
We,12/11/2002,2.902,,Th,12/19/2002,3.51,,Th,12/19/2002,4.292
Tu,12/10/2002,2.912,,We,12/18/2002,3.499,,We,12/18/2002,4.286
Mo,12/9/2002,2.93,,Tu,12/17/2002,3.552,,Tu,12/17/2002,4.331
,,,,Mo,12/16/2002,3.587,,Mo,12/16/2002,4.344
Fr,12/6/2002,2.995,,,,,,,,
Th,12/5/2002,3.059,,Fr,12/13/2002,3.575,,Fr,12/13/2002,4.32
We,12/4/2002,3.08,,Th,12/12/2002,3.576,,Th,12/12/2002,4.318
Tu,12/3/2002,3.07,,We,12/11/2002,3.618,,We,12/11/2002,4.36
Mo,12/2/2002,3.11,,Tu,12/10/2002,3.645,,Tu,12/10/2002,4.378
,,,,Mo,12/9/2002,3.664,,Mo,12/9/2002,4.384
Fr,11/29/2002,3.1,,,,,,,,
Th,11/28/2002,3.12,,Fr,12/6/2002,3.72,,Fr,12/6/2002,4.412
We,11/27/2002,3.12,,Th,12/5/2002,3.776,,Th,12/5/2002,4.451
Tu,11/26/2002,3.05,,We,12/4/2002,3.79,,We,12/4/2002,4.48
Mo,11/25/2002,3.09,,Tu,12/3/2002,3.78,,Tu,12/3/2002,4.47
,,,,Mo,12/2/2002,3.82,,Mo,12/2/2002,4.52
Fr,11/22/2002,3.07,,,,,,,,
Th,11/21/2002,3.06,,Fr,11/29/2002,3.8,,Fr,11/29/2002,4.49
We,11/20/2002,3.02,,Th,11/28/2002,3.82,,Th,11/28/2002,4.53
Tu,11/19/2002,3.04,,We,11/27/2002,3.83,,We,11/27/2002,4.54
Mo,11/18/2002,3.06,,Tu,11/26/2002,3.77,,Tu,11/26/2002,4.49
,,,,Mo,11/25/2002,3.82,,Mo,11/25/2002,4.54
Fr,11/15/2002,3.05,,,,,,,,
Th,11/14/2002,3.05,,Fr,11/22/2002,3.79,,Fr,11/22/2002,4.51
We,11/13/2002,3.01,,Th,11/21/2002,3.78,,Th,11/21/2002,4.5
Tu,11/12/2002,3,,We,11/20/2002,3.71,,We,11/20/2002,4.41
Mo,11/11/2002,3.02,,Tu,11/19/2002,3.74,,Tu,11/19/2002,4.44
,,,,Mo,11/18/2002,3.76,,Mo,11/18/2002,4.47
Fr,11/8/2002,3.06,,,,,,,,
Th,11/7/2002,3.14,,Fr,11/15/2002,3.74,,Fr,11/15/2002,4.46
We,11/6/2002,3.174,,Th,11/14/2002,3.74,,Th,11/14/2002,4.46
Tu,11/5/2002,3.155,,We,11/13/2002,3.69,,We,11/13/2002,4.41
Mo,11/4/2002,3.096,,Tu,11/12/2002,3.68,,Tu,11/12/2002,4.39
,,,,Mo,11/11/2002,3.71,,Mo,11/11/2002,4.44
Fr,11/1/2002,3.108,,,,,,,,
Th,10/31/2002,3.081,,Fr,11/8/2002,3.75,,Fr,11/8/2002,4.47
We,10/30/2002,3.16,,Th,11/7/2002,3.84,,Th,11/7/2002,4.54
Tu,10/29/2002,3.12,,We,11/6/2002,3.905,,We,11/6/2002,4.621
Mo,10/28/2002,3.185,,Tu,11/5/2002,3.879,,Tu,11/5/2002,4.613
,,,,Mo,11/4/2002,3.821,,Mo,11/4/2002,4.567
Fr,10/25/2002,3.251,,,,,,,,
Th,10/24/2002,3.243,,Fr,11/1/2002,3.803,,Fr,11/1/2002,4.552
We,10/23/2002,3.222,,Th,10/31/2002,3.784,,Th,10/31/2002,4.511
Tu,10/22/2002,3.289,,We,10/30/2002,3.84,,We,10/30/2002,4.552
Mo,10/21/2002,3.269,,Tu,10/29/2002,3.795,,Tu,10/29/2002,4.498
,,,,Mo,10/28/2002,3.864,,Mo,10/28/2002,4.554
Fr,10/18/2002,3.274,,,,,,,,
Th,10/17/2002,3.287,,Fr,10/25/2002,3.934,,Fr,10/25/2002,4.595
We,10/16/2002,3.317,,Th,10/24/2002,3.965,,Th,10/24/2002,4.637
Tu,10/15/2002,3.29,,We,10/23/2002,3.921,,We,10/23/2002,4.592
Mo,10/14/2002,3.2,,Tu,10/22/2002,3.99,,Tu,10/22/2002,4.645
,,,,Mo,10/21/2002,3.965,,Mo,10/21/2002,4.614
Fr,10/11/2002,3.188,,,,,,,,
Th,10/10/2002,3.105,,Fr,10/18/2002,3.954,,Fr,10/18/2002,4.6
We,10/9/2002,3.019,,Th,10/17/2002,3.955,,Th,10/17/2002,4.591
Tu,10/8/2002,3.015,,We,10/16/2002,3.965,,We,10/16/2002,4.605
Mo,10/7/2002,3.014,,Tu,10/15/2002,3.907,,Tu,10/15/2002,4.565
,,,,Mo,10/14/2002,3.783,,Mo,10/14/2002,4.462
Fr,10/4/2002,3.033,,,,,,,,
Th,10/3/2002,3.074,,Fr,10/11/2002,3.765,,Fr,10/11/2002,4.425
We,10/2/2002,3.128,,Th,10/10/2002,3.692,,Th,10/10/2002,4.355
Tu,10/1/2002,3.083,,We,10/9/2002,3.612,,We,10/9/2002,4.299
Mo,9/30/2002,3.071,,Tu,10/8/2002,3.621,,Tu,10/8/2002,4.303
,,,,Mo,10/7/2002,3.625,,Mo,10/7/2002,4.321
Fr,9/27/2002,3.191,,,,,,,,
Th,9/26/2002,3.204,,Fr,10/4/2002,3.651,,Fr,10/4/2002,4.366
We,9/25/2002,3.153,,Th,10/3/2002,3.667,,Th,10/3/2002,4.384
Tu,9/24/2002,3.102,,We,10/2/2002,3.693,,We,10/2/2002,4.381
Mo,9/23/2002,3.134,,Tu,10/1/2002,3.62,,Tu,10/1/2002,4.301
,,,,Mo,9/30/2002,3.601,,Mo,9/30/2002,4.272
Fr,9/20/2002,3.188,,,,,,,,
Th,9/19/2002,3.171,,Fr,9/27/2002,3.706,,Fr,9/27/2002,4.342
We,9/18/2002,3.198,,Th,9/26/2002,3.724,,Th,9/26/2002,4.344
Tu,9/17/2002,3.236,,We,9/25/2002,3.677,,We,9/25/2002,4.318
Mo,9/16/2002,3.231,,Tu,9/24/2002,3.639,,Tu,9/24/2002,4.281
,,,,Mo,9/23/2002,3.683,,Mo,9/23/2002,4.309
Fr,9/13/2002,3.267,,,,,,,,
Th,9/12/2002,3.325,,Fr,9/20/2002,3.743,,Fr,9/20/2002,4.357
We,9/11/2002,3.428,,Th,9/19/2002,3.711,,Th,9/19/2002,4.308
Tu,9/10/2002,3.37,,We,9/18/2002,3.74,,We,9/18/2002,4.338
Mo,9/9/2002,3.304,,Tu,9/17/2002,3.776,,Tu,9/17/2002,4.367
,,,,Mo,9/16/2002,3.773,,Mo,9/16/2002,4.359
Fr,9/6/2002,3.215,,,,,,,,
Th,9/5/2002,3.247,,Fr,9/13/2002,3.827,,Fr,9/13/2002,4.413
We,9/4/2002,3.306,,Th,9/12/2002,3.885,,Th,9/12/2002,4.45
Tu,9/3/2002,3.348,,We,9/11/2002,3.976,,We,9/11/2002,4.521
Mo,9/2/2002,3.399,,Tu,9/10/2002,3.909,,Tu,9/10/2002,4.463
,,,,Mo,9/9/2002,3.849,,Mo,9/9/2002,4.411
Fr,8/30/2002,3.477,,,,,,,,
Th,8/29/2002,3.497,,Fr,9/6/2002,3.802,,Fr,9/6/2002,4.406
We,8/28/2002,3.542,,Th,9/5/2002,3.83,,Th,9/5/2002,4.403
Tu,8/27/2002,3.625,,We,9/4/2002,3.886,,We,9/4/2002,4.429
Mo,8/26/2002,3.609,,Tu,9/3/2002,3.888,,Tu,9/3/2002,4.429
,,,,Mo,9/2/2002,3.964,,Mo,9/2/2002,4.503
Fr,8/23/2002,3.614,,,,,,,,
Th,8/22/2002,3.673,,Fr,8/30/2002,4.049,,Fr,8/30/2002,4.568
We,8/21/2002,3.657,,Th,8/29/2002,4.066,,Th,8/29/2002,4.563
Tu,8/20/2002,3.565,,We,8/28/2002,4.104,,We,8/28/2002,4.581
Mo,8/19/2002,3.635,,Tu,8/27/2002,4.18,,Tu,8/27/2002,4.653
,,,,Mo,8/26/2002,4.184,,Mo,8/26/2002,4.659
Fr,8/16/2002,3.621,,,,,,,,
Th,8/15/2002,3.598,,Fr,8/23/2002,4.184,,Fr,8/23/2002,4.654
We,8/14/2002,3.406,,Th,8/22/2002,4.229,,Th,8/22/2002,4.687
Tu,8/13/2002,3.431,,We,8/21/2002,4.202,,We,8/21/2002,4.652
Mo,8/12/2002,3.469,,Tu,8/20/2002,4.113,,Tu,8/20/2002,4.559
,,,,Mo,8/19/2002,4.177,,Mo,8/19/2002,4.605
Fr,8/9/2002,3.452,,,,,,,,
Th,8/8/2002,3.427,,Fr,8/16/2002,4.155,,Fr,8/16/2002,4.57
We,8/7/2002,3.387,,Th,8/15/2002,4.153,,Th,8/15/2002,4.57
Tu,8/6/2002,3.459,,We,8/14/2002,3.913,,We,8/14/2002,4.435
Mo,8/5/2002,3.347,,Tu,8/13/2002,3.955,,Tu,8/13/2002,4.499
,,,,Mo,8/12/2002,3.99,,Mo,8/12/2002,4.535
Fr,8/2/2002,3.446,,,,,,,,
Th,8/1/2002,3.551,,Fr,8/9/2002,4.005,,Fr,8/9/2002,4.561
We,7/31/2002,3.618,,Th,8/8/2002,4.011,,Th,8/8/2002,4.596
Tu,7/30/2002,3.69,,We,8/7/2002,3.972,,We,8/7/2002,4.556
Mo,7/29/2002,3.695,,Tu,8/6/2002,4.036,,Tu,8/6/2002,4.618
,,,,Mo,8/5/2002,3.956,,Mo,8/5/2002,4.564
Fr,7/26/2002,3.608,,,,,,,,
Th,7/25/2002,3.668,,Fr,8/2/2002,4.039,,Fr,8/2/2002,4.632
We,7/24/2002,3.66,,Th,8/1/2002,4.131,,Th,8/1/2002,4.7
Tu,7/23/2002,3.76,,We,7/31/2002,4.196,,We,7/31/2002,4.752
Mo,7/22/2002,3.756,,Tu,7/30/2002,4.26,,Tu,7/30/2002,4.795
,,,,Mo,7/29/2002,4.253,,Mo,7/29/2002,4.787
Fr,7/19/2002,3.803,,,,,,,,
Th,7/18/2002,3.858,,Fr,7/26/2002,4.179,,Fr,7/26/2002,4.729
We,7/17/2002,3.868,,Th,7/25/2002,4.216,,Th,7/25/2002,4.745
Tu,7/16/2002,3.827,,We,7/24/2002,4.211,,We,7/24/2002,4.735
Mo,7/15/2002,3.802,,Tu,7/23/2002,4.307,,Tu,7/23/2002,4.812
,,,,Mo,7/22/2002,4.301,,Mo,7/22/2002,4.81
Fr,7/12/2002,3.853,,,,,,,,
Th,7/11/2002,3.875,,Fr,7/19/2002,4.342,,Fr,7/19/2002,4.84
We,7/10/2002,3.938,,Th,7/18/2002,4.396,,Th,7/18/2002,4.884
Tu,7/9/2002,4.008,,We,7/17/2002,4.402,,We,7/17/2002,4.897
Mo,7/8/2002,4.022,,Tu,7/16/2002,4.371,,Tu,7/16/2002,4.868
,,,,Mo,7/15/2002,4.333,,Mo,7/15/2002,4.828
Fr,7/5/2002,3.99,,,,,,,,
Th,7/4/2002,3.931,,Fr,7/12/2002,4.382,,Fr,7/12/2002,4.875
We,7/3/2002,3.888,,Th,7/11/2002,4.394,,Th,7/11/2002,4.894
Tu,7/2/2002,3.877,,We,7/10/2002,4.457,,We,7/10/2002,4.945
Mo,7/1/2002,3.926,,Tu,7/9/2002,4.524,,Tu,7/9/2002,5.006
,,,,Mo,7/8/2002,4.531,,Mo,7/8/2002,5.006
Fr,6/28/2002,3.925,,,,,,,,
Th,6/27/2002,3.945,,Fr,7/5/2002,4.545,,Fr,7/5/2002,5.015
We,6/26/2002,3.927,,Th,7/4/2002,4.503,,Th,7/4/2002,4.972
Tu,6/25/2002,4.011,,We,7/3/2002,4.461,,We,7/3/2002,4.934
Mo,6/24/2002,3.972,,Tu,7/2/2002,4.452,,Tu,7/2/2002,4.925
,,,,Mo,7/1/2002,4.508,,Mo,7/1/2002,4.973
Fr,6/21/2002,4.025,,,,,,,,
Th,6/20/2002,4.028,,Fr,6/28/2002,4.491,,Fr,6/28/2002,4.942
We,6/19/2002,4.019,,Th,6/27/2002,4.489,,Th,6/27/2002,4.92
Tu,6/18/2002,4.038,,We,6/26/2002,4.468,,We,6/26/2002,4.897
Mo,6/17/2002,4.043,,Tu,6/25/2002,4.553,,Tu,6/25/2002,4.977
,,,,Mo,6/24/2002,4.504,,Mo,6/24/2002,4.928
Fr,6/14/2002,4.011,,,,,,,,
Th,6/13/2002,4.072,,Fr,6/21/2002,4.556,,Fr,6/21/2002,4.966
We,6/12/2002,4.131,,Th,6/20/2002,4.555,,Th,6/20/2002,4.97
Tu,6/11/2002,4.159,,We,6/19/2002,4.532,,We,6/19/2002,4.952
Mo,6/10/2002,4.148,,Tu,6/18/2002,4.557,,Tu,6/18/2002,4.984
,,,,Mo,6/17/2002,4.57,,Mo,6/17/2002,5.008
Fr,6/7/2002,4.176,,,,,,,,
Th,6/6/2002,4.192,,Fr,6/14/2002,4.535,,Fr,6/14/2002,4.973
We,6/5/2002,4.19,,Th,6/13/2002,4.599,,Th,6/13/2002,5.022
Tu,6/4/2002,4.202,,We,6/12/2002,4.666,,We,6/12/2002,5.09
Mo,6/3/2002,4.253,,Tu,6/11/2002,4.704,,Tu,6/11/2002,5.125
,,,,Mo,6/10/2002,4.687,,Mo,6/10/2002,5.105
Fr,5/31/2002,4.247,,,,,,,,
Th,5/30/2002,4.196,,Fr,6/7/2002,4.723,,Fr,6/7/2002,5.131
We,5/29/2002,4.226,,Th,6/6/2002,4.738,,Th,6/6/2002,5.13
Tu,5/28/2002,4.257,,We,6/5/2002,4.736,,We,6/5/2002,5.126
Mo,5/27/2002,4.256,,Tu,6/4/2002,4.743,,Tu,6/4/2002,5.127
,,,,Mo,6/3/2002,4.793,,Mo,6/3/2002,5.164
Fr,5/24/2002,4.221,,,,,,,,
Th,5/23/2002,4.211,,Fr,5/31/2002,4.8,,Fr,5/31/2002,5.168
We,5/22/2002,4.218,,Th,5/30/2002,4.764,,Th,5/30/2002,5.14
Tu,5/21/2002,4.252,,We,5/29/2002,4.778,,We,5/29/2002,5.155
Mo,5/20/2002,4.303,,Tu,5/28/2002,4.802,,Tu,5/28/2002,5.169
,,,,Mo,5/27/2002,4.816,,Mo,5/27/2002,5.19
Fr,5/17/2002,4.351,,,,,,,,
Th,5/16/2002,4.309,,Fr,5/24/2002,4.784,,Fr,5/24/2002,5.16
We,5/15/2002,4.33,,Th,5/23/2002,4.77,,Th,5/23/2002,5.146
Tu,5/14/2002,4.316,,We,5/22/2002,4.785,,We,5/22/2002,5.164
Mo,5/13/2002,4.236,,Tu,5/21/2002,4.811,,Tu,5/21/2002,5.18
,,,,Mo,5/20/2002,4.832,,Mo,5/20/2002,5.189
Fr,5/10/2002,4.209,,,,,,,,
Th,5/9/2002,4.178,,Fr,5/17/2002,4.9,,Fr,5/17/2002,5.258
We,5/8/2002,4.143,,Th,5/16/2002,4.874,,Th,5/16/2002,5.238
Tu,5/7/2002,4.082,,We,5/15/2002,4.901,,We,5/15/2002,5.252
Mo,5/6/2002,4.103,,Tu,5/14/2002,4.906,,Tu,5/14/2002,5.254
,,,,Mo,5/13/2002,4.843,,Mo,5/13/2002,5.202
Fr,5/3/2002,4.1,,,,,,,,
Th,5/2/2002,4.153,,Fr,5/10/2002,4.831,,Fr,5/10/2002,5.199
Tu,4/30/2002,4.07,,Th,5/9/2002,4.81,,Th,5/9/2002,5.193
Mo,4/29/2002,4.068,,We,5/8/2002,4.776,,We,5/8/2002,5.16
,,,,Tu,5/7/2002,4.711,,Tu,5/7/2002,5.102
Fr,4/26/2002,4.031,,Mo,5/6/2002,4.715,,Mo,5/6/2002,5.115
Th,4/25/2002,4.041,,,,,,,,
We,4/24/2002,4.106,,Fr,5/3/2002,4.72,,Fr,5/3/2002,5.116
Tu,4/23/2002,4.134,,Th,5/2/2002,4.787,,Th,5/2/2002,5.181
Mo,4/22/2002,4.11,,Tu,4/30/2002,4.71,,Tu,4/30/2002,5.122
,,,,Mo,4/29/2002,4.711,,Mo,4/29/2002,5.134
Fr,4/19/2002,4.162,,,,,,,,
Th,4/18/2002,4.141,,Fr,4/26/2002,4.669,,Fr,4/26/2002,5.092
We,4/17/2002,4.151,,Th,4/25/2002,4.685,,Th,4/25/2002,5.109
Tu,4/16/2002,4.186,,We,4/24/2002,4.75,,We,4/24/2002,5.151
Mo,4/15/2002,4.097,,Tu,4/23/2002,4.785,,Tu,4/23/2002,5.19
,,,,Mo,4/22/2002,4.762,,Mo,4/22/2002,5.159
Fr,4/12/2002,4.139,,,,,,,,
Th,4/11/2002,4.159,,Fr,4/19/2002,4.811,,Fr,4/19/2002,5.204
We,4/10/2002,4.168,,Th,4/18/2002,4.797,,Th,4/18/2002,5.201
Tu,4/9/2002,4.165,,We,4/17/2002,4.79,,We,4/17/2002,5.187
Mo,4/8/2002,4.156,,Tu,4/16/2002,4.808,,Tu,4/16/2002,5.184
,,,,Mo,4/15/2002,4.713,,Mo,4/15/2002,5.109
Fr,4/5/2002,4.173,,,,,,,,
Th,4/4/2002,4.199,,Fr,4/12/2002,4.766,,Fr,4/12/2002,5.148
We,4/3/2002,4.254,,Th,4/11/2002,4.777,,Th,4/11/2002,5.152
Tu,4/2/2002,4.314,,We,4/10/2002,4.799,,We,4/10/2002,5.187
,,,,Tu,4/9/2002,4.787,,Tu,4/9/2002,5.177
Th,3/28/2002,4.321,,Mo,4/8/2002,4.769,,Mo,4/8/2002,5.165
We,3/27/2002,4.296,,,,,,,,
Tu,3/26/2002,4.32,,Fr,4/5/2002,4.753,,Fr,4/5/2002,5.135
Mo,3/25/2002,4.351,,Th,4/4/2002,4.773,,Th,4/4/2002,5.141
,,,,We,4/3/2002,4.833,,We,4/3/2002,5.201
Fr,3/22/2002,4.32,,Tu,4/2/2002,4.892,,Tu,4/2/2002,5.252
Th,3/21/2002,4.292,,,,,,,,
We,3/20/2002,4.254,,Th,3/28/2002,4.902,,Th,3/28/2002,5.251
Tu,3/19/2002,4.246,,We,3/27/2002,4.885,,We,3/27/2002,5.224
Mo,3/18/2002,4.241,,Tu,3/26/2002,4.91,,Tu,3/26/2002,5.239
,,,,Mo,3/25/2002,4.944,,Mo,3/25/2002,5.278
Fr,3/15/2002,4.249,,,,,,,,
Th,3/14/2002,4.214,,Fr,3/22/2002,4.917,,Fr,3/22/2002,5.257
We,3/13/2002,4.091,,Th,3/21/2002,4.881,,Th,3/21/2002,5.227
Tu,3/12/2002,4.079,,We,3/20/2002,4.848,,We,3/20/2002,5.213
Mo,3/11/2002,4.095,,Tu,3/19/2002,4.84,,Tu,3/19/2002,5.202
,,,,Mo,3/18/2002,4.843,,Mo,3/18/2002,5.209
Fr,3/8/2002,4.117,,,,,,,,
Th,3/7/2002,4.068,,Fr,3/15/2002,4.855,,Fr,3/15/2002,5.226
We,3/6/2002,3.974,,Th,3/14/2002,4.83,,Th,3/14/2002,5.22
Tu,3/5/2002,3.974,,We,3/13/2002,4.799,,We,3/13/2002,5.184
Mo,3/4/2002,3.944,,Tu,3/12/2002,4.796,,Tu,3/12/2002,5.165
,,,,Mo,3/11/2002,4.803,,Mo,3/11/2002,5.156
Fr,3/1/2002,3.902,,,,,,,,
Th,2/28/2002,3.872,,Fr,3/8/2002,4.827,,Fr,3/8/2002,5.176
We,2/27/2002,3.88,,Th,3/7/2002,4.797,,Th,3/7/2002,5.176
Tu,2/26/2002,3.876,,We,3/6/2002,4.728,,We,3/6/2002,5.141
Mo,2/25/2002,3.859,,Tu,3/5/2002,4.68,,Tu,3/5/2002,5.087
,,,,Mo,3/4/2002,4.613,,Mo,3/4/2002,5.033
Fr,2/22/2002,3.826,,,,,,,,
Th,2/21/2002,3.885,,Fr,3/1/2002,4.584,,Fr,3/1/2002,5.009
We,2/20/2002,3.869,,Th,2/28/2002,4.546,,Th,2/28/2002,4.964
Tu,2/19/2002,3.851,,We,2/27/2002,4.558,,We,2/27/2002,4.972
Mo,2/18/2002,3.833,,Tu,2/26/2002,4.544,,Tu,2/26/2002,4.97
,,,,Mo,2/25/2002,4.529,,Mo,2/25/2002,4.966
Fr,2/15/2002,3.839,,,,,,,,
Th,2/14/2002,3.895,,Fr,2/22/2002,4.486,,Fr,2/22/2002,4.921
We,2/13/2002,3.92,,Th,2/21/2002,4.552,,Th,2/21/2002,4.977
Tu,2/12/2002,3.859,,We,2/20/2002,4.537,,We,2/20/2002,4.951
Mo,2/11/2002,3.839,,Tu,2/19/2002,4.485,,Tu,2/19/2002,4.939
,,,,Mo,2/18/2002,4.47,,Mo,2/18/2002,4.921
Fr,2/8/2002,3.829,,,,,,,,
Th,2/7/2002,3.855,,Fr,2/15/2002,4.475,,Fr,2/15/2002,4.924
We,2/6/2002,3.748,,Th,2/14/2002,4.531,,Th,2/14/2002,4.965
Tu,2/5/2002,3.773,,We,2/13/2002,4.552,,We,2/13/2002,4.992
Mo,2/4/2002,3.804,,Tu,2/12/2002,4.497,,Tu,2/12/2002,4.973
,,,,Mo,2/11/2002,4.461,,Mo,2/11/2002,4.93
Fr,2/1/2002,3.884,,,,,,,,
Th,1/31/2002,3.902,,Fr,2/8/2002,4.451,,Fr,2/8/2002,4.915
We,1/30/2002,3.893,,Th,2/7/2002,4.474,,Th,2/7/2002,4.927
Tu,1/29/2002,3.908,,We,2/6/2002,4.357,,We,2/6/2002,4.825
Mo,1/28/2002,3.97,,Tu,2/5/2002,4.363,,Tu,2/5/2002,4.809
,,,,Mo,2/4/2002,4.391,,Mo,2/4/2002,4.829
Fr,1/25/2002,3.958,,,,,,,,
Th,1/24/2002,3.889,,Fr,2/1/2002,4.47,,Fr,2/1/2002,4.88
We,1/23/2002,3.789,,Th,1/31/2002,4.505,,Th,1/31/2002,4.905
Tu,1/22/2002,3.801,,We,1/30/2002,4.507,,We,1/30/2002,4.929
Mo,1/21/2002,3.699,,Tu,1/29/2002,4.524,,Tu,1/29/2002,4.953
,,,,Mo,1/28/2002,4.571,,Mo,1/28/2002,4.974
Fr,1/18/2002,3.71,,,,,,,,
Th,1/17/2002,3.689,,Fr,1/25/2002,4.548,,Fr,1/25/2002,4.972
We,1/16/2002,3.661,,Th,1/24/2002,4.441,,Th,1/24/2002,4.884
Tu,1/15/2002,3.692,,We,1/23/2002,4.344,,We,1/23/2002,4.818
Mo,1/14/2002,3.633,,Tu,1/22/2002,4.367,,Tu,1/22/2002,4.857
,,,,Mo,1/21/2002,4.293,,Mo,1/21/2002,4.805
Fr,1/11/2002,3.716,,,,,,,,
Th,1/10/2002,3.691,,Fr,1/18/2002,4.316,,Fr,1/18/2002,4.832
We,1/9/2002,3.72,,Th,1/17/2002,4.282,,Th,1/17/2002,4.794
Tu,1/8/2002,3.614,,We,1/16/2002,4.262,,We,1/16/2002,4.761
Mo,1/7/2002,3.615,,Tu,1/15/2002,4.287,,Tu,1/15/2002,4.772
,,,,Mo,1/14/2002,4.246,,Mo,1/14/2002,4.751
Fr,1/4/2002,3.677,,,,,,,,
Th,1/3/2002,3.615,,Fr,1/11/2002,4.322,,Fr,1/11/2002,4.823
We,1/2/2002,3.62,,Th,1/10/2002,4.33,,Th,1/10/2002,4.861
,,,,We,1/9/2002,4.365,,We,1/9/2002,4.907
Fr,12/28/2001,3.644,,Tu,1/8/2002,4.28,,Tu,1/8/2002,4.857
Th,12/27/2001,3.648,,Mo,1/7/2002,4.291,,Mo,1/7/2002,4.86
Mo,12/24/2001,3.603,,,,,,,,
,,,,Fr,1/4/2002,4.402,,Fr,1/4/2002,4.975
Fr,12/21/2001,3.593,,Th,1/3/2002,4.356,,Th,1/3/2002,4.94
Th,12/20/2001,3.558,,We,1/2/2002,4.374,,We,1/2/2002,4.957
We,12/19/2001,3.552,,,,,,,,
Tu,12/18/2001,3.583,,Fr,12/28/2001,4.386,,Fr,12/28/2001,4.996
Mo,12/17/2001,3.679,,Th,12/27/2001,4.368,,Th,12/27/2001,4.939
,,,,Mo,12/24/2001,4.306,,Mo,12/24/2001,4.871
Fr,12/14/2001,3.588,,,,,,,,
Th,12/13/2001,3.571,,Fr,12/21/2001,4.297,,Fr,12/21/2001,4.874
We,12/12/2001,3.507,,Th,12/20/2001,4.251,,Th,12/20/2001,4.818
Tu,12/11/2001,3.608,,We,12/19/2001,4.233,,We,12/19/2001,4.79
Mo,12/10/2001,3.654,,Tu,12/18/2001,4.262,,Tu,12/18/2001,4.828
,,,,Mo,12/17/2001,4.351,,Mo,12/17/2001,4.855
Fr,12/7/2001,3.701,,,,,,,,
Th,12/6/2001,3.689,,Fr,12/14/2001,4.252,,Fr,12/14/2001,4.762
We,12/5/2001,3.593,,Th,12/13/2001,4.239,,Th,12/13/2001,4.772
Tu,12/4/2001,3.38,,We,12/12/2001,4.166,,We,12/12/2001,4.709
Mo,12/3/2001,3.371,,Tu,12/11/2001,4.264,,Tu,12/11/2001,4.785
,,,,Mo,12/10/2001,4.315,,Mo,12/10/2001,4.834
Fr,11/30/2001,3.387,,,,,,,,
Th,11/29/2001,3.455,,Fr,12/7/2001,4.35,,Fr,12/7/2001,4.861
We,11/28/2001,3.523,,Th,12/6/2001,4.269,,Th,12/6/2001,4.747
Tu,11/27/2001,3.624,,We,12/5/2001,4.178,,We,12/5/2001,4.69
Mo,11/26/2001,3.473,,Tu,12/4/2001,3.981,,Tu,12/4/2001,4.498
,,,,Mo,12/3/2001,3.988,,Mo,12/3/2001,4.524
Fr,11/23/2001,3.519,,,,,,,,
Th,11/22/2001,3.528,,Fr,11/30/2001,4.026,,Fr,11/30/2001,4.555
We,11/21/2001,3.474,,Th,11/29/2001,4.113,,Th,11/29/2001,4.599
Tu,11/20/2001,3.365,,We,11/28/2001,4.173,,We,11/28/2001,4.653
Mo,11/19/2001,3.365,,Tu,11/27/2001,4.257,,Tu,11/27/2001,4.705
,,,,Mo,11/26/2001,4.104,,Mo,11/26/2001,4.572
Fr,11/16/2001,3.408,,,,,,,,
Th,11/15/2001,3.332,,Fr,11/23/2001,4.137,,Fr,11/23/2001,4.602
We,11/14/2001,3.202,,Th,11/22/2001,4.166,,Th,11/22/2001,4.631
Tu,11/13/2001,3.125,,We,11/21/2001,4.127,,We,11/21/2001,4.623
Mo,11/12/2001,3.024,,Tu,11/20/2001,4.017,,Tu,11/20/2001,4.545
,,,,Mo,11/19/2001,4.018,,Mo,11/19/2001,4.536
Fr,11/9/2001,3.061,,,,,,,,
Th,11/8/2001,3.023,,Fr,11/16/2001,4.036,,Fr,11/16/2001,4.559
We,11/7/2001,2.961,,Th,11/15/2001,3.975,,Th,11/15/2001,4.538
Tu,11/6/2001,3.031,,We,11/14/2001,3.872,,We,11/14/2001,4.474
Mo,11/5/2001,3.063,,Tu,11/13/2001,3.776,,Tu,11/13/2001,4.397
,,,,Mo,11/12/2001,3.671,,Mo,11/12/2001,4.312
Fr,11/2/2001,3.104,,,,,,,,
Th,11/1/2001,3.094,,Fr,11/9/2001,3.687,,Fr,11/9/2001,4.319
We,10/31/2001,3.14,,Th,11/8/2001,3.654,,Th,11/8/2001,4.303
Tu,10/30/2001,3.122,,We,11/7/2001,3.594,,We,11/7/2001,4.266
Mo,10/29/2001,3.22,,Tu,11/6/2001,3.65,,Tu,11/6/2001,4.318
,,,,Mo,11/5/2001,3.647,,Mo,11/5/2001,4.307
Fr,10/26/2001,3.284,,,,,,,,
Th,10/25/2001,3.283,,Fr,11/2/2001,3.692,,Fr,11/2/2001,4.334
We,10/24/2001,3.322,,Th,11/1/2001,3.669,,Th,11/1/2001,4.265
Tu,10/23/2001,3.357,,We,10/31/2001,3.741,,We,10/31/2001,4.397
Mo,10/22/2001,3.335,,Tu,10/30/2001,3.733,,Tu,10/30/2001,4.404
,,,,Mo,10/29/2001,3.808,,Mo,10/29/2001,4.457
Fr,10/19/2001,3.357,,,,,,,,
Th,10/18/2001,3.396,,Fr,10/26/2001,3.853,,Fr,10/26/2001,4.501
We,10/17/2001,3.409,,Th,10/25/2001,3.856,,Th,10/25/2001,4.512
Tu,10/16/2001,3.382,,We,10/24/2001,3.904,,We,10/24/2001,4.566
Mo,10/15/2001,3.399,,Tu,10/23/2001,3.934,,Tu,10/23/2001,4.613
,,,,Mo,10/22/2001,3.911,,Mo,10/22/2001,4.604
Fr,10/12/2001,3.437,,,,,,,,
Th,10/11/2001,3.484,,Fr,10/19/2001,3.935,,Fr,10/19/2001,4.625
We,10/10/2001,3.416,,Th,10/18/2001,3.966,,Th,10/18/2001,4.626
Tu,10/9/2001,3.397,,We,10/17/2001,3.985,,We,10/17/2001,4.653
Mo,10/8/2001,3.344,,Tu,10/16/2001,3.966,,Tu,10/16/2001,4.645
,,,,Mo,10/15/2001,3.979,,Mo,10/15/2001,4.658
Fr,10/5/2001,3.329,,,,,,,,
Th,10/4/2001,3.341,,Fr,10/12/2001,4.011,,Fr,10/12/2001,4.692
We,10/3/2001,3.339,,Th,10/11/2001,4.038,,Th,10/11/2001,4.722
Tu,10/2/2001,3.415,,We,10/10/2001,3.996,,We,10/10/2001,4.693
Mo,10/1/2001,3.452,,Tu,10/9/2001,3.982,,Tu,10/9/2001,4.7
,,,,Mo,10/8/2001,3.939,,Mo,10/8/2001,4.667
Fr,9/28/2001,3.481,,,,,,,,
Th,9/27/2001,3.451,,Fr,10/5/2001,3.936,,Fr,10/5/2001,4.653
We,9/26/2001,3.496,,Th,10/4/2001,3.954,,Th,10/4/2001,4.683
Tu,9/25/2001,3.491,,We,10/3/2001,3.943,,We,10/3/2001,4.662
Mo,9/24/2001,3.519,,Tu,10/2/2001,4.009,,Tu,10/2/2001,4.712
,,,,Mo,10/1/2001,4.053,,Mo,10/1/2001,4.766
Fr,9/21/2001,3.485,,,,,,,,
Th,9/20/2001,3.494,,Fr,9/28/2001,4.062,,Fr,9/28/2001,4.791
We,9/19/2001,3.483,,Th,9/27/2001,4.04,,Th,9/27/2001,4.78
Tu,9/18/2001,3.518,,We,9/26/2001,4.093,,We,9/26/2001,4.816
Mo,9/17/2001,3.555,,Tu,9/25/2001,4.082,,Tu,9/25/2001,4.839
,,,,Mo,9/24/2001,4.129,,Mo,9/24/2001,4.9
Fr,9/14/2001,3.565,,,,,,,,
Th,9/13/2001,3.637,,Fr,9/21/2001,4.086,,Fr,9/21/2001,4.886
We,9/12/2001,3.718,,Th,9/20/2001,4.075,,Th,9/20/2001,4.848
Tu,9/11/2001,3.647,,We,9/19/2001,4.053,,We,9/19/2001,4.834
Mo,9/10/2001,3.945,,Tu,9/18/2001,4.044,,Tu,9/18/2001,4.816
,,,,Mo,9/17/2001,4.051,,Mo,9/17/2001,4.804
Fr,9/7/2001,3.93,,,,,,,,
Th,9/6/2001,4.014,,Fr,9/14/2001,4.014,,Fr,9/14/2001,4.77
We,9/5/2001,4.097,,Th,9/13/2001,4.106,,Th,9/13/2001,4.838
Tu,9/4/2001,4.07,,We,9/12/2001,4.093,,We,9/12/2001,4.823
Mo,9/3/2001,3.93,,Tu,9/11/2001,4.031,,Tu,9/11/2001,4.752
,,,,Mo,9/10/2001,4.258,,Mo,9/10/2001,4.856
Fr,8/31/2001,3.947,,,,,,,,
Th,8/30/2001,3.937,,Fr,9/7/2001,4.222,,Fr,9/7/2001,4.821
We,8/29/2001,4.014,,Th,9/6/2001,4.292,,Th,9/6/2001,4.864
Tu,8/28/2001,4.014,,We,9/5/2001,4.35,,We,9/5/2001,4.903
Mo,8/27/2001,4.084,,Tu,9/4/2001,4.316,,Tu,9/4/2001,4.887
,,,,Mo,9/3/2001,4.174,,Mo,9/3/2001,4.785
Fr,8/24/2001,4.07,,,,,,,,
Th,8/23/2001,4.018,,Fr,8/31/2001,4.201,,Fr,8/31/2001,4.788
We,8/22/2001,4.011,,Th,8/30/2001,4.22,,Th,8/30/2001,4.773
Tu,8/21/2001,3.991,,We,8/29/2001,4.281,,We,8/29/2001,4.804
Mo,8/20/2001,3.964,,Tu,8/28/2001,4.293,,Tu,8/28/2001,4.81
,,,,Mo,8/27/2001,4.362,,Mo,8/27/2001,4.871
Fr,8/17/2001,3.963,,,,,,,,
Th,8/16/2001,4.012,,Fr,8/24/2001,4.361,,Fr,8/24/2001,4.88
We,8/15/2001,4.021,,Th,8/23/2001,4.317,,Th,8/23/2001,4.845
Tu,8/14/2001,4.039,,We,8/22/2001,4.325,,We,8/22/2001,4.837
Mo,8/13/2001,4.014,,Tu,8/21/2001,4.303,,Tu,8/21/2001,4.814
,,,,Mo,8/20/2001,4.259,,Mo,8/20/2001,4.774
Fr,8/10/2001,4.013,,,,,,,,
Th,8/9/2001,4.046,,Fr,8/17/2001,4.246,,Fr,8/17/2001,4.755
We,8/8/2001,4.146,,Th,8/16/2001,4.31,,Th,8/16/2001,4.806
Tu,8/7/2001,4.135,,We,8/15/2001,4.31,,We,8/15/2001,4.818
Mo,8/6/2001,4.119,,Tu,8/14/2001,4.336,,Tu,8/14/2001,4.829
,,,,Mo,8/13/2001,4.299,,Mo,8/13/2001,4.79
Fr,8/3/2001,4.126,,,,,,,,
Th,8/2/2001,4.16,,Fr,8/10/2001,4.297,,Fr,8/10/2001,4.802
We,8/1/2001,4.133,,Th,8/9/2001,4.326,,Th,8/9/2001,4.832
Tu,7/31/2001,4.134,,We,8/8/2001,4.409,,We,8/8/2001,4.9
Mo,7/30/2001,4.154,,Tu,8/7/2001,4.403,,Tu,8/7/2001,4.897
,,,,Mo,8/6/2001,4.402,,Mo,8/6/2001,4.894
Fr,7/27/2001,4.152,,,,,,,,
Th,7/26/2001,4.2,,Fr,8/3/2001,4.423,,Fr,8/3/2001,4.909
We,7/25/2001,4.2,,Th,8/2/2001,4.449,,Th,8/2/2001,4.922
Tu,7/24/2001,4.189,,We,8/1/2001,4.421,,We,8/1/2001,4.906
Mo,7/23/2001,4.2,,Tu,7/31/2001,4.413,,Tu,7/31/2001,4.88
,,,,Mo,7/30/2001,4.428,,Mo,7/30/2001,4.903
Fr,7/20/2001,4.223,,,,,,,,
Th,7/19/2001,4.259,,Fr,7/27/2001,4.429,,Fr,7/27/2001,4.904
We,7/18/2001,4.235,,Th,7/26/2001,4.488,,Th,7/26/2001,4.956
Tu,7/17/2001,4.275,,We,7/25/2001,4.501,,We,7/25/2001,4.97
Mo,7/16/2001,4.267,,Tu,7/24/2001,4.48,,Tu,7/24/2001,4.951
,,,,Mo,7/23/2001,4.482,,Mo,7/23/2001,4.957
Fr,7/13/2001,4.283,,,,,,,,
Th,7/12/2001,4.255,,Fr,7/20/2001,4.49,,Fr,7/20/2001,4.957
We,7/11/2001,4.247,,Th,7/19/2001,4.532,,Th,7/19/2001,4.995
Tu,7/10/2001,4.301,,We,7/18/2001,4.518,,We,7/18/2001,5.009
Mo,7/9/2001,4.339,,Tu,7/17/2001,4.558,,Tu,7/17/2001,5.031
,,,,Mo,7/16/2001,4.565,,Mo,7/16/2001,5.05
Fr,7/6/2001,4.313,,,,,,,,
Th,7/5/2001,4.355,,Fr,7/13/2001,4.583,,Fr,7/13/2001,5.077
We,7/4/2001,4.32,,Th,7/12/2001,4.559,,Th,7/12/2001,5.059
Tu,7/3/2001,4.314,,We,7/11/2001,4.558,,We,7/11/2001,5.052
Mo,7/2/2001,4.244,,Tu,7/10/2001,4.604,,Tu,7/10/2001,5.097
,,,,Mo,7/9/2001,4.642,,Mo,7/9/2001,5.114
Fr,6/29/2001,4.281,,,,,,,,
Th,6/28/2001,4.195,,Fr,7/6/2001,4.601,,Fr,7/6/2001,5.08
We,6/27/2001,4.171,,Th,7/5/2001,4.655,,Th,7/5/2001,5.113
Tu,6/26/2001,4.173,,We,7/4/2001,4.648,,We,7/4/2001,5.121
Mo,6/25/2001,4.182,,Tu,7/3/2001,4.634,,Tu,7/3/2001,5.127
,,,,Mo,7/2/2001,4.568,,Mo,7/2/2001,5.093
Fr,6/22/2001,4.218,,,,,,,,
Th,6/21/2001,4.244,,Fr,6/29/2001,4.59,,Fr,6/29/2001,5.102
We,6/20/2001,4.264,,Th,6/28/2001,4.509,,Th,6/28/2001,5.018
Tu,6/19/2001,4.3,,We,6/27/2001,4.474,,We,6/27/2001,4.972
Mo,6/18/2001,4.285,,Tu,6/26/2001,4.478,,Tu,6/26/2001,4.981
,,,,Mo,6/25/2001,4.446,,Mo,6/25/2001,4.95
Fr,6/15/2001,4.31,,,,,,,,
Th,6/14/2001,4.334,,Fr,6/22/2001,4.465,,Fr,6/22/2001,4.94
We,6/13/2001,4.394,,Th,6/21/2001,4.503,,Th,6/21/2001,4.952
Tu,6/12/2001,4.356,,We,6/20/2001,4.53,,We,6/20/2001,4.991
Mo,6/11/2001,4.317,,Tu,6/19/2001,4.556,,Tu,6/19/2001,5.02
,,,,Mo,6/18/2001,4.539,,Mo,6/18/2001,4.996
Fr,6/8/2001,4.328,,,,,,,,
Th,6/7/2001,4.308,,Fr,6/15/2001,4.565,,Fr,6/15/2001,5.014
We,6/6/2001,4.288,,Th,6/14/2001,4.574,,Th,6/14/2001,5.023
Tu,6/5/2001,4.27,,We,6/13/2001,4.645,,We,6/13/2001,5.086
Mo,6/4/2001,4.295,,Tu,6/12/2001,4.626,,Tu,6/12/2001,5.083
,,,,Mo,6/11/2001,4.596,,Mo,6/11/2001,5.058
Fr,6/1/2001,4.319,,,,,,,,
Th,5/31/2001,4.386,,Fr,6/8/2001,4.604,,Fr,6/8/2001,5.073
We,5/30/2001,4.336,,Th,6/7/2001,4.59,,Th,6/7/2001,5.077
Tu,5/29/2001,4.323,,We,6/6/2001,4.569,,We,6/6/2001,5.042
Mo,5/28/2001,4.311,,Tu,6/5/2001,4.534,,Tu,6/5/2001,5.013
,,,,Mo,6/4/2001,4.607,,Mo,6/4/2001,5.07
Fr,5/25/2001,4.376,,,,,,,,
Th,5/24/2001,4.355,,Fr,6/1/2001,4.633,,Fr,6/1/2001,5.076
We,5/23/2001,4.379,,Th,5/31/2001,4.731,,Th,5/31/2001,5.173
Tu,5/22/2001,4.387,,We,5/30/2001,4.69,,We,5/30/2001,5.153
Mo,5/21/2001,4.358,,Tu,5/29/2001,4.691,,Tu,5/29/2001,5.151
,,,,Mo,5/28/2001,4.707,,Mo,5/28/2001,5.182
Fr,5/18/2001,4.373,,,,,,,,
Th,5/17/2001,4.329,,Fr,5/25/2001,4.736,,Fr,5/25/2001,5.199
We,5/16/2001,4.32,,Th,5/24/2001,4.714,,Th,5/24/2001,5.175
Tu,5/15/2001,4.332,,We,5/23/2001,4.712,,We,5/23/2001,5.155
Mo,5/14/2001,4.314,,Tu,5/22/2001,4.712,,Tu,5/22/2001,5.111
,,,,Mo,5/21/2001,4.675,,Mo,5/21/2001,5.072
Fr,5/11/2001,4.262,,,,,,,,
Th,5/10/2001,4.245,,Fr,5/18/2001,4.687,,Fr,5/18/2001,5.07
We,5/9/2001,4.404,,Th,5/17/2001,4.657,,Th,5/17/2001,5.071
Tu,5/8/2001,4.47,,We,5/16/2001,4.658,,We,5/16/2001,5.08
Mo,5/7/2001,4.477,,Tu,5/15/2001,4.676,,Tu,5/15/2001,5.097
,,,,Mo,5/14/2001,4.656,,Mo,5/14/2001,5.087
Fr,5/4/2001,4.506,,,,,,,,
Th,5/3/2001,4.551,,Fr,5/11/2001,4.583,,Fr,5/11/2001,5.016
We,5/2/2001,4.59,,Th,5/10/2001,4.537,,Th,5/10/2001,4.933
Mo,4/30/2001,4.626,,We,5/9/2001,4.61,,We,5/9/2001,4.934
,,,,Tu,5/8/2001,4.635,,Tu,5/8/2001,4.948
Fr,4/27/2001,4.49,,Mo,5/7/2001,4.629,,Mo,5/7/2001,4.953
Th,4/26/2001,4.404,,,,,,,,
We,4/25/2001,4.489,,Fr,5/4/2001,4.646,,Fr,5/4/2001,4.955
Tu,4/24/2001,4.526,,Th,5/3/2001,4.693,,Th,5/3/2001,4.987
Mo,4/23/2001,4.426,,We,5/2/2001,4.732,,We,5/2/2001,5.02
,,,,Mo,4/30/2001,4.748,,Mo,4/30/2001,5.032
Fr,4/20/2001,4.446,,,,,,,,
Th,4/19/2001,4.446,,Fr,4/27/2001,4.64,,Fr,4/27/2001,4.974
We,4/18/2001,4.378,,Th,4/26/2001,4.55,,Th,4/26/2001,4.907
Tu,4/17/2001,4.421,,We,4/25/2001,4.623,,We,4/25/2001,4.954
,,,,Tu,4/24/2001,4.632,,Tu,4/24/2001,4.962
Th,4/12/2001,4.395,,Mo,4/23/2001,4.57,,Mo,4/23/2001,4.92
We,4/11/2001,4.31,,,,,,,,
Tu,4/10/2001,4.161,,Fr,4/20/2001,4.612,,Fr,4/20/2001,4.951
Mo,4/9/2001,4.105,,Th,4/19/2001,4.631,,Th,4/19/2001,4.976
,,,,We,4/18/2001,4.546,,We,4/18/2001,4.907
Fr,4/6/2001,4.125,,Tu,4/17/2001,4.58,,Tu,4/17/2001,4.885
Th,4/5/2001,4.178,,,,,,,,
We,4/4/2001,4.158,,Th,4/12/2001,4.545,,Th,4/12/2001,4.846
Tu,4/3/2001,4.141,,We,4/11/2001,4.511,,We,4/11/2001,4.844
Mo,4/2/2001,4.148,,Tu,4/10/2001,4.394,,Tu,4/10/2001,4.77
,,,,Mo,4/9/2001,4.322,,Mo,4/9/2001,4.721
Fr,3/30/2001,4.138,,,,,,,,
Th,3/29/2001,4.141,,Fr,4/6/2001,4.333,,Fr,4/6/2001,4.712
We,3/28/2001,4.143,,Th,4/5/2001,4.379,,Th,4/5/2001,4.756
Tu,3/27/2001,4.123,,We,4/4/2001,4.365,,We,4/4/2001,4.753
Mo,3/26/2001,4.093,,Tu,4/3/2001,4.332,,Tu,4/3/2001,4.711
,,,,Mo,4/2/2001,4.334,,Mo,4/2/2001,4.719
Fr,3/23/2001,4.094,,,,,,,,
Th,3/22/2001,4.078,,Fr,3/30/2001,4.334,,Fr,3/30/2001,4.705
We,3/21/2001,4.166,,Th,3/29/2001,4.338,,Th,3/29/2001,4.702
Tu,3/20/2001,4.264,,We,3/28/2001,4.315,,We,3/28/2001,4.666
Mo,3/19/2001,4.239,,Tu,3/27/2001,4.289,,Tu,3/27/2001,4.66
,,,,Mo,3/26/2001,4.274,,Mo,3/26/2001,4.639
Fr,3/16/2001,4.202,,,,,,,,
Th,3/15/2001,4.262,,Fr,3/23/2001,4.274,,Fr,3/23/2001,4.621
We,3/14/2001,4.303,,Th,3/22/2001,4.247,,Th,3/22/2001,4.603
Tu,3/13/2001,4.417,,We,3/21/2001,4.343,,We,3/21/2001,4.659
Mo,3/12/2001,4.402,,Tu,3/20/2001,4.406,,Tu,3/20/2001,4.699
,,,,Mo,3/19/2001,4.385,,Mo,3/19/2001,4.688
Fr,3/9/2001,4.4,,,,,,,,
Th,3/8/2001,4.382,,Fr,3/16/2001,4.352,,Fr,3/16/2001,4.665
We,3/7/2001,4.409,,Th,3/15/2001,4.399,,Th,3/15/2001,4.697
Tu,3/6/2001,4.426,,We,3/14/2001,4.433,,We,3/14/2001,4.697
Mo,3/5/2001,4.429,,Tu,3/13/2001,4.489,,Tu,3/13/2001,4.735
,,,,Mo,3/12/2001,4.473,,Mo,3/12/2001,4.708
Fr,3/2/2001,4.397,,,,,,,,
Th,3/1/2001,4.392,,Fr,3/9/2001,4.479,,Fr,3/9/2001,4.717
We,2/28/2001,4.374,,Th,3/8/2001,4.458,,Th,3/8/2001,4.709
Tu,2/27/2001,4.374,,We,3/7/2001,4.477,,We,3/7/2001,4.751
Mo,2/26/2001,4.465,,Tu,3/6/2001,4.49,,Tu,3/6/2001,4.751
,,,,Mo,3/5/2001,4.513,,Mo,3/5/2001,4.758
Fr,2/23/2001,4.485,,,,,,,,
Th,2/22/2001,4.526,,Fr,3/2/2001,4.492,,Fr,3/2/2001,4.735
We,2/21/2001,4.505,,Th,3/1/2001,4.489,,Th,3/1/2001,4.746
Tu,2/20/2001,4.495,,We,2/28/2001,4.482,,We,2/28/2001,4.754
Mo,2/19/2001,4.482,,Tu,2/27/2001,4.491,,Tu,2/27/2001,4.757
,,,,Mo,2/26/2001,4.569,,Mo,2/26/2001,4.83
Fr,2/16/2001,4.491,,,,,,,,
Th,2/15/2001,4.533,,Fr,2/23/2001,4.583,,Fr,2/23/2001,4.828
We,2/14/2001,4.444,,Th,2/22/2001,4.618,,Th,2/22/2001,4.852
Tu,2/13/2001,4.404,,We,2/21/2001,4.597,,We,2/21/2001,4.84
Mo,2/12/2001,4.426,,Tu,2/20/2001,4.589,,Tu,2/20/2001,4.818
,,,,Mo,2/19/2001,4.573,,Mo,2/19/2001,4.802
Fr,2/9/2001,4.422,,,,,,,,
Th,2/8/2001,4.459,,Fr,2/16/2001,4.592,,Fr,2/16/2001,4.818
We,2/7/2001,4.407,,Th,2/15/2001,4.62,,Th,2/15/2001,4.841
Tu,2/6/2001,4.427,,We,2/14/2001,4.529,,We,2/14/2001,4.784
Mo,2/5/2001,4.399,,Tu,2/13/2001,4.494,,Tu,2/13/2001,4.761
,,,,Mo,2/12/2001,4.513,,Mo,2/12/2001,4.764
Fr,2/2/2001,4.42,,,,,,,,
Th,2/1/2001,4.403,,Fr,2/9/2001,4.509,,Fr,2/9/2001,4.771
We,1/31/2001,4.386,,Th,2/8/2001,4.542,,Th,2/8/2001,4.796
Tu,1/30/2001,4.43,,We,2/7/2001,4.489,,We,2/7/2001,4.755
Mo,1/29/2001,4.506,,Tu,2/6/2001,4.503,,Tu,2/6/2001,4.774
,,,,Mo,2/5/2001,4.482,,Mo,2/5/2001,4.768
Fr,1/26/2001,4.535,,,,,,,,
Th,1/25/2001,4.542,,Fr,2/2/2001,4.507,,Fr,2/2/2001,4.787
We,1/24/2001,4.484,,Th,2/1/2001,4.496,,Th,2/1/2001,4.789
Tu,1/23/2001,4.39,,We,1/31/2001,4.495,,We,1/31/2001,4.797
Mo,1/22/2001,4.42,,Tu,1/30/2001,4.537,,Tu,1/30/2001,4.822
,,,,Mo,1/29/2001,4.588,,Mo,1/29/2001,4.848
Fr,1/19/2001,4.389,,,,,,,,
Th,1/18/2001,4.411,,Fr,1/26/2001,4.608,,Fr,1/26/2001,4.852
We,1/17/2001,4.475,,Th,1/25/2001,4.63,,Th,1/25/2001,4.878
Tu,1/16/2001,4.445,,We,1/24/2001,4.586,,We,1/24/2001,4.877
,,,,Tu,1/23/2001,4.515,,Tu,1/23/2001,4.846
Fr,1/12/2001,4.476,,Mo,1/22/2001,4.543,,Mo,1/22/2001,4.866
Th,1/11/2001,4.382,,,,,,,,
We,1/10/2001,4.399,,Fr,1/19/2001,4.513,,Fr,1/19/2001,4.844
Tu,1/9/2001,4.321,,Th,1/18/2001,4.506,,Th,1/18/2001,4.811
Mo,1/8/2001,4.217,,We,1/17/2001,4.547,,We,1/17/2001,4.822
,,,,Tu,1/16/2001,4.55,,Tu,1/16/2001,4.847
Fr,1/5/2001,4.206,,,,,,,,
Th,1/4/2001,4.286,,Fr,1/12/2001,4.542,,Fr,1/12/2001,4.83
We,1/3/2001,4.344,,Th,1/11/2001,4.462,,Th,1/11/2001,4.76
Tu,1/2/2001,4.332,,We,1/10/2001,4.501,,We,1/10/2001,4.785
,,,,Tu,1/9/2001,4.432,,Tu,1/9/2001,4.75
Fr,12/29/2000,4.446,,Mo,1/8/2001,4.346,,Mo,1/8/2001,4.706
Th,12/28/2000,4.51,,,,,,,,
We,12/27/2000,4.496,,Fr,1/5/2001,4.341,,Fr,1/5/2001,4.693
,,,,Th,1/4/2001,4.401,,Th,1/4/2001,4.73
Fr,12/22/2000,4.54,,We,1/3/2001,4.398,,We,1/3/2001,4.719
Th,12/21/2000,4.552,,Tu,1/2/2001,4.38,,Tu,1/2/2001,4.739
We,12/20/2000,4.562,,,,,,,,
Tu,12/19/2000,4.629,,Fr,12/29/2000,4.508,,Fr,12/29/2000,4.851
Mo,12/18/2000,4.594,,Th,12/28/2000,4.582,,Th,12/28/2000,4.905
,,,,We,12/27/2000,4.551,,We,12/27/2000,4.863
Fr,12/15/2000,4.619,,,,,,,,
Th,12/14/2000,4.645,,Fr,12/22/2000,4.584,,Fr,12/22/2000,4.871
We,12/13/2000,4.728,,Th,12/21/2000,4.579,,Th,12/21/2000,4.868
Tu,12/12/2000,4.788,,We,12/20/2000,4.556,,We,12/20/2000,4.848
Mo,12/11/2000,4.789,,Tu,12/19/2000,4.602,,Tu,12/19/2000,4.883
,,,,Mo,12/18/2000,4.558,,Mo,12/18/2000,4.848
Fr,12/8/2000,4.758,,,,,,,,
Th,12/7/2000,4.737,,Fr,12/15/2000,4.604,,Fr,12/15/2000,4.874
We,12/6/2000,4.716,,Th,12/14/2000,4.655,,Th,12/14/2000,4.913
Tu,12/5/2000,4.785,,We,12/13/2000,4.69,,We,12/13/2000,4.935
Mo,12/4/2000,4.808,,Tu,12/12/2000,4.758,,Tu,12/12/2000,4.986
,,,,Mo,12/11/2000,4.759,,Mo,12/11/2000,4.967
Fr,12/1/2000,4.854,,,,,,,,
Th,11/30/2000,4.831,,Fr,12/8/2000,4.734,,Fr,12/8/2000,4.958
We,11/29/2000,4.909,,Th,12/7/2000,4.705,,Th,12/7/2000,4.945
Tu,11/28/2000,4.948,,We,12/6/2000,4.687,,We,12/6/2000,4.93
Mo,11/27/2000,4.989,,Tu,12/5/2000,4.763,,Tu,12/5/2000,4.944
,,,,Mo,12/4/2000,4.777,,Mo,12/4/2000,4.943
Fr,11/24/2000,4.994,,,,,,,,
Th,11/23/2000,4.986,,Fr,12/1/2000,4.832,,Fr,12/1/2000,4.998
We,11/22/2000,4.978,,Th,11/30/2000,4.828,,Th,11/30/2000,5
Tu,11/21/2000,4.998,,We,11/29/2000,4.907,,We,11/29/2000,5.072
Mo,11/20/2000,4.979,,Tu,11/28/2000,4.937,,Tu,11/28/2000,5.077
,,,,Mo,11/27/2000,4.983,,Mo,11/27/2000,5.119
Fr,11/17/2000,4.973,,,,,,,,
Th,11/16/2000,4.967,,Fr,11/24/2000,4.992,,Fr,11/24/2000,5.12
We,11/15/2000,4.98,,Th,11/23/2000,4.998,,Th,11/23/2000,5.134
Tu,11/14/2000,4.987,,We,11/22/2000,4.991,,We,11/22/2000,5.135
Mo,11/13/2000,4.971,,Tu,11/21/2000,5.021,,Tu,11/21/2000,5.185
,,,,Mo,11/20/2000,5,,Mo,11/20/2000,5.172
Fr,11/10/2000,5.006,,,,,,,,
Th,11/9/2000,5.043,,Fr,11/17/2000,4.998,,Fr,11/17/2000,5.185
We,11/8/2000,5.067,,Th,11/16/2000,5,,Th,11/16/2000,5.18
Tu,11/7/2000,5.06,,We,11/15/2000,5.02,,We,11/15/2000,5.197
Mo,11/6/2000,5.057,,Tu,11/14/2000,5.024,,Tu,11/14/2000,5.186
,,,,Mo,11/13/2000,5.023,,Mo,11/13/2000,5.184
Fr,11/3/2000,5.05,,,,,,,,
Th,11/2/2000,5.045,,Fr,11/10/2000,5.06,,Fr,11/10/2000,5.218
We,11/1/2000,5.037,,Th,11/9/2000,5.085,,Th,11/9/2000,5.227
Tu,10/31/2000,5.082,,We,11/8/2000,5.113,,We,11/8/2000,5.248
Mo,10/30/2000,5.075,,Tu,11/7/2000,5.099,,Tu,11/7/2000,5.238
,,,,Mo,11/6/2000,5.087,,Mo,11/6/2000,5.227
Fr,10/27/2000,5.061,,,,,,,,
Th,10/26/2000,5.086,,Fr,11/3/2000,5.077,,Fr,11/3/2000,5.212
We,10/25/2000,5.093,,Th,11/2/2000,5.071,,Th,11/2/2000,5.209
Tu,10/24/2000,5.079,,We,11/1/2000,5.055,,We,11/1/2000,5.197
Mo,10/23/2000,5.086,,Tu,10/31/2000,5.073,,Tu,10/31/2000,5.215
,,,,Mo,10/30/2000,5.059,,Mo,10/30/2000,5.217
Fr,10/20/2000,5.062,,,,,,,,
Th,10/19/2000,5.038,,Fr,10/27/2000,5.047,,Fr,10/27/2000,5.209
We,10/18/2000,4.993,,Th,10/26/2000,5.078,,Th,10/26/2000,5.232
Tu,10/17/2000,5.005,,We,10/25/2000,5.097,,We,10/25/2000,5.249
Mo,10/16/2000,4.997,,Tu,10/24/2000,5.067,,Tu,10/24/2000,5.206
,,,,Mo,10/23/2000,5.075,,Mo,10/23/2000,5.204
Fr,10/13/2000,4.97,,,,,,,,
Th,10/12/2000,4.949,,Fr,10/20/2000,5.062,,Fr,10/20/2000,5.198
We,10/11/2000,4.982,,Th,10/19/2000,5.041,,Th,10/19/2000,5.202
Tu,10/10/2000,5.032,,We,10/18/2000,5.009,,We,10/18/2000,5.198
Mo,10/9/2000,5.032,,Tu,10/17/2000,5.019,,Tu,10/17/2000,5.219
,,,,Mo,10/16/2000,5.008,,Mo,10/16/2000,5.21
Fr,10/6/2000,5.068,,,,,,,,
Th,10/5/2000,5.076,,Fr,10/13/2000,4.975,,Fr,10/13/2000,5.197
We,10/4/2000,5.017,,Th,10/12/2000,4.969,,Th,10/12/2000,5.173
Tu,10/3/2000,5.002,,We,10/11/2000,5.005,,We,10/11/2000,5.184
Mo,10/2/2000,5.004,,Tu,10/10/2000,5.052,,Tu,10/10/2000,5.222
,,,,Mo,10/9/2000,5.052,,Mo,10/9/2000,5.22
Fr,9/29/2000,5.043,,,,,,,,
Th,9/28/2000,5.073,,Fr,10/6/2000,5.096,,Fr,10/6/2000,5.252
We,9/27/2000,5.069,,Th,10/5/2000,5.117,,Th,10/5/2000,5.27
Tu,9/26/2000,5.07,,We,10/4/2000,5.082,,We,10/4/2000,5.251
Mo,9/25/2000,5.096,,Tu,10/3/2000,5.068,,Tu,10/3/2000,5.242
,,,,Mo,10/2/2000,5.046,,Mo,10/2/2000,5.237
Fr,9/22/2000,4.993,,,,,,,,
Th,9/21/2000,5.057,,Fr,9/29/2000,5.057,,Fr,9/29/2000,5.23
We,9/20/2000,5.063,,Th,9/28/2000,5.086,,Th,9/28/2000,5.264
Tu,9/19/2000,5.064,,We,9/27/2000,5.099,,We,9/27/2000,5.289
Mo,9/18/2000,5.091,,Tu,9/26/2000,5.067,,Tu,9/26/2000,5.247
,,,,Mo,9/25/2000,5.1,,Mo,9/25/2000,5.272
Fr,9/15/2000,5.096,,,,,,,,
Th,9/14/2000,5.119,,Fr,9/22/2000,5.034,,Fr,9/22/2000,5.238
We,9/13/2000,5.142,,Th,9/21/2000,5.085,,Th,9/21/2000,5.275
Tu,9/12/2000,5.186,,We,9/20/2000,5.12,,We,9/20/2000,5.319
Mo,9/11/2000,5.207,,Tu,9/19/2000,5.117,,Tu,9/19/2000,5.318
,,,,Mo,9/18/2000,5.144,,Mo,9/18/2000,5.341
Fr,9/8/2000,5.214,,,,,,,,
Th,9/7/2000,5.217,,Fr,9/15/2000,5.131,,Fr,9/15/2000,5.297
We,9/6/2000,5.224,,Th,9/14/2000,5.143,,Th,9/14/2000,5.27
Tu,9/5/2000,5.148,,We,9/13/2000,5.154,,We,9/13/2000,5.278
Mo,9/4/2000,5.106,,Tu,9/12/2000,5.18,,Tu,9/12/2000,5.283
,,,,Mo,9/11/2000,5.191,,Mo,9/11/2000,5.274
Fr,9/1/2000,5.12,,,,,,,,
Th,8/31/2000,5.211,,Fr,9/8/2000,5.207,,Fr,9/8/2000,5.277
We,8/30/2000,5.239,,Th,9/7/2000,5.193,,Th,9/7/2000,5.245
Tu,8/29/2000,5.251,,We,9/6/2000,5.197,,We,9/6/2000,5.232
Mo,8/28/2000,5.262,,Tu,9/5/2000,5.14,,Tu,9/5/2000,5.209
,,,,Mo,9/4/2000,5.115,,Mo,9/4/2000,5.194
Fr,8/25/2000,5.248,,,,,,,,
Th,8/24/2000,5.223,,Fr,9/1/2000,5.114,,Fr,9/1/2000,5.187
We,8/23/2000,5.224,,Th,8/31/2000,5.237,,Th,8/31/2000,5.298
Tu,8/22/2000,5.264,,We,8/30/2000,5.26,,We,8/30/2000,5.299
Mo,8/21/2000,5.3,,Tu,8/29/2000,5.259,,Tu,8/29/2000,5.3
,,,,Mo,8/28/2000,5.236,,Mo,8/28/2000,5.248
Fr,8/18/2000,5.248,,,,,,,,
Th,8/17/2000,5.236,,Fr,8/25/2000,5.222,,Fr,8/25/2000,5.23
We,8/16/2000,5.238,,Th,8/24/2000,5.202,,Th,8/24/2000,5.216
Tu,8/15/2000,5.21,,We,8/23/2000,5.208,,We,8/23/2000,5.218
Mo,8/14/2000,5.181,,Tu,8/22/2000,5.238,,Tu,8/22/2000,5.244
,,,,Mo,8/21/2000,5.263,,Mo,8/21/2000,5.258
Fr,8/11/2000,5.152,,,,,,,,
Th,8/10/2000,5.056,,Fr,8/18/2000,5.208,,Fr,8/18/2000,5.208
We,8/9/2000,5.08,,Th,8/17/2000,5.197,,Th,8/17/2000,5.207
Tu,8/8/2000,5.058,,We,8/16/2000,5.221,,We,8/16/2000,5.205
Mo,8/7/2000,5.032,,Tu,8/15/2000,5.189,,Tu,8/15/2000,5.199
,,,,Mo,8/14/2000,5.141,,Mo,8/14/2000,5.156
Fr,8/4/2000,5.072,,,,,,,,
Th,8/3/2000,5.086,,Fr,8/11/2000,5.109,,Fr,8/11/2000,5.135
We,8/2/2000,5.078,,Th,8/10/2000,5.073,,Th,8/10/2000,5.147
Tu,8/1/2000,5.06,,We,8/9/2000,5.107,,We,8/9/2000,5.171
Mo,7/31/2000,5.106,,Tu,8/8/2000,5.107,,Tu,8/8/2000,5.193
,,,,Mo,8/7/2000,5.073,,Mo,8/7/2000,5.166
Fr,7/28/2000,5.112,,,,,,,,
Th,7/27/2000,5.108,,Fr,8/4/2000,5.104,,Fr,8/4/2000,5.187
We,7/26/2000,5.088,,Th,8/3/2000,5.116,,Th,8/3/2000,5.188
Tu,7/25/2000,5.11,,We,8/2/2000,5.102,,We,8/2/2000,5.175
Mo,7/24/2000,5.138,,Tu,8/1/2000,5.086,,Tu,8/1/2000,5.157
,,,,Mo,7/31/2000,5.141,,Mo,7/31/2000,5.206
Fr,7/21/2000,5.12,,,,,,,,
Th,7/20/2000,5.119,,Fr,7/28/2000,5.135,,Fr,7/28/2000,5.198
We,7/19/2000,5.15,,Th,7/27/2000,5.122,,Th,7/27/2000,5.173
Tu,7/18/2000,5.156,,We,7/26/2000,5.113,,We,7/26/2000,5.165
Mo,7/17/2000,5.15,,Tu,7/25/2000,5.144,,Tu,7/25/2000,5.218
,,,,Mo,7/24/2000,5.178,,Mo,7/24/2000,5.257
Fr,7/14/2000,5.127,,,,,,,,
Th,7/13/2000,5.077,,Fr,7/21/2000,5.171,,Fr,7/21/2000,5.258
We,7/12/2000,5.059,,Th,7/20/2000,5.174,,Th,7/20/2000,5.268
Tu,7/11/2000,5.021,,We,7/19/2000,5.207,,We,7/19/2000,5.314
Mo,7/10/2000,5.016,,Tu,7/18/2000,5.223,,Tu,7/18/2000,5.329
,,,,Mo,7/17/2000,5.213,,Mo,7/17/2000,5.324
Fr,7/7/2000,4.991,,,,,,,,
Th,7/6/2000,5.015,,Fr,7/14/2000,5.19,,Fr,7/14/2000,5.302
We,7/5/2000,4.952,,Th,7/13/2000,5.134,,Th,7/13/2000,5.255
Tu,7/4/2000,5.01,,We,7/12/2000,5.139,,We,7/12/2000,5.275
Mo,7/3/2000,4.999,,Tu,7/11/2000,5.104,,Tu,7/11/2000,5.244
,,,,Mo,7/10/2000,5.12,,Mo,7/10/2000,5.283
Fr,6/30/2000,4.95,,,,,,,,
Th,6/29/2000,4.956,,Fr,7/7/2000,5.089,,Fr,7/7/2000,5.258
We,6/28/2000,4.999,,Th,7/6/2000,5.123,,Th,7/6/2000,5.309
Tu,6/27/2000,4.984,,We,7/5/2000,5.046,,We,7/5/2000,5.232
Mo,6/26/2000,4.99,,Tu,7/4/2000,5.087,,Tu,7/4/2000,5.269
,,,,Mo,7/3/2000,5.08,,Mo,7/3/2000,5.267
Fr,6/23/2000,4.992,,,,,,,,
Th,6/22/2000,4.967,,Fr,6/30/2000,5.022,,Fr,6/30/2000,5.221
We,6/21/2000,4.947,,Th,6/29/2000,5.03,,Th,6/29/2000,5.2
Tu,6/20/2000,4.853,,We,6/28/2000,5.095,,We,6/28/2000,5.249
Mo,6/19/2000,4.804,,Tu,6/27/2000,5.09,,Tu,6/27/2000,5.244
,,,,Mo,6/26/2000,5.096,,Mo,6/26/2000,5.236
Fr,6/16/2000,4.777,,,,,,,,
Th,6/15/2000,4.826,,Fr,6/23/2000,5.102,,Fr,6/23/2000,5.257
We,6/14/2000,4.891,,Th,6/22/2000,5.076,,Th,6/22/2000,5.23
Tu,6/13/2000,4.905,,We,6/21/2000,5.046,,We,6/21/2000,5.202
Mo,6/12/2000,4.964,,Tu,6/20/2000,4.951,,Tu,6/20/2000,5.112
,,,,Mo,6/19/2000,4.93,,Mo,6/19/2000,5.111
Fr,6/9/2000,4.968,,,,,,,,
Th,6/8/2000,4.987,,Fr,6/16/2000,4.918,,Fr,6/16/2000,5.09
We,6/7/2000,4.77,,Th,6/15/2000,4.964,,Th,6/15/2000,5.161
Tu,6/6/2000,4.76,,We,6/14/2000,4.995,,We,6/14/2000,5.151
Mo,6/5/2000,4.757,,Tu,6/13/2000,4.978,,Tu,6/13/2000,5.119
,,,,Mo,6/12/2000,5.042,,Mo,6/12/2000,5.153
Fr,6/2/2000,4.779,,,,,,,,
Th,6/1/2000,4.905,,Fr,6/9/2000,5.038,,Fr,6/9/2000,5.147
We,5/31/2000,4.942,,Th,6/8/2000,5.063,,Th,6/8/2000,5.185
Tu,5/30/2000,4.924,,We,6/7/2000,4.899,,We,6/7/2000,5.126
Mo,5/29/2000,4.854,,Tu,6/6/2000,4.898,,Tu,6/6/2000,5.138
,,,,Mo,6/5/2000,4.875,,Mo,6/5/2000,5.095
Fr,5/26/2000,4.804,,,,,,,,
Th,5/25/2000,4.86,,Fr,6/2/2000,4.892,,Fr,6/2/2000,5.089
We,5/24/2000,4.888,,Th,6/1/2000,5.006,,Th,6/1/2000,5.113
Tu,5/23/2000,4.958,,We,5/31/2000,5.046,,We,5/31/2000,5.191
Mo,5/22/2000,4.986,,Tu,5/30/2000,5.075,,Tu,5/30/2000,5.241
,,,,Mo,5/29/2000,5.052,,Mo,5/29/2000,5.239
Fr,5/19/2000,5.05,,,,,,,,
Th,5/18/2000,5.021,,Fr,5/26/2000,5.008,,Fr,5/26/2000,5.202
We,5/17/2000,5.01,,Th,5/25/2000,5.083,,Th,5/25/2000,5.259
Tu,5/16/2000,4.852,,We,5/24/2000,5.137,,We,5/24/2000,5.313
Mo,5/15/2000,4.836,,Tu,5/23/2000,5.2,,Tu,5/23/2000,5.342
,,,,Mo,5/22/2000,5.212,,Mo,5/22/2000,5.333
Fr,5/12/2000,4.899,,,,,,,,
Th,5/11/2000,4.875,,Fr,5/19/2000,5.273,,Fr,5/19/2000,5.416
We,5/10/2000,4.751,,Th,5/18/2000,5.278,,Th,5/18/2000,5.422
Tu,5/9/2000,4.786,,We,5/17/2000,5.274,,We,5/17/2000,5.414
Mo,5/8/2000,4.806,,Tu,5/16/2000,5.187,,Tu,5/16/2000,5.348
,,,,Mo,5/15/2000,5.188,,Mo,5/15/2000,5.375
Fr,5/5/2000,4.825,,,,,,,,
Th,5/4/2000,4.819,,Fr,5/12/2000,5.23,,Fr,5/12/2000,5.394
We,5/3/2000,4.76,,Th,5/11/2000,5.231,,Th,5/11/2000,5.419
Tu,5/2/2000,4.695,,We,5/10/2000,5.122,,We,5/10/2000,5.337
,,,,Tu,5/9/2000,5.156,,Tu,5/9/2000,5.355
Fr,4/28/2000,4.594,,Mo,5/8/2000,5.184,,Mo,5/8/2000,5.388
Th,4/27/2000,4.58,,,,,,,,
We,4/26/2000,4.539,,Fr,5/5/2000,5.22,,Fr,5/5/2000,5.421
Tu,4/25/2000,4.56,,Th,5/4/2000,5.202,,Th,5/4/2000,5.431
,,,,We,5/3/2000,5.146,,We,5/3/2000,5.391
Th,4/20/2000,4.516,,Tu,5/2/2000,5.08,,Tu,5/2/2000,5.343
We,4/19/2000,4.455,,,,,,,,
Tu,4/18/2000,4.429,,Fr,4/28/2000,4.998,,Fr,4/28/2000,5.298
Mo,4/17/2000,4.41,,Th,4/27/2000,4.994,,Th,4/27/2000,5.301
,,,,We,4/26/2000,4.969,,We,4/26/2000,5.283
Fr,4/14/2000,4.451,,Tu,4/25/2000,5.003,,Tu,4/25/2000,5.334
Th,4/13/2000,4.437,,,,,,,,
We,4/12/2000,4.422,,Th,4/20/2000,4.961,,Th,4/20/2000,5.294
Tu,4/11/2000,4.39,,We,4/19/2000,4.921,,We,4/19/2000,5.28
Mo,4/10/2000,4.393,,Tu,4/18/2000,4.895,,Tu,4/18/2000,5.253
,,,,Mo,4/17/2000,4.873,,Mo,4/17/2000,5.225
Fr,4/7/2000,4.368,,,,,,,,
Th,4/6/2000,4.36,,Fr,4/14/2000,4.904,,Fr,4/14/2000,5.237
We,4/5/2000,4.291,,Th,4/13/2000,4.861,,Th,4/13/2000,5.198
Tu,4/4/2000,4.391,,We,4/12/2000,4.837,,We,4/12/2000,5.186
Mo,4/3/2000,4.405,,Tu,4/11/2000,4.815,,Tu,4/11/2000,5.162
,,,,Mo,4/10/2000,4.82,,Mo,4/10/2000,5.163
Fr,3/31/2000,4.423,,,,,,,,
Th,3/30/2000,4.451,,Fr,4/7/2000,4.829,,Fr,4/7/2000,5.184
We,3/29/2000,4.494,,Th,4/6/2000,4.842,,Th,4/6/2000,5.202
Tu,3/28/2000,4.465,,We,4/5/2000,4.765,,We,4/5/2000,5.132
Mo,3/27/2000,4.51,,Tu,4/4/2000,4.841,,Tu,4/4/2000,5.182
,,,,Mo,4/3/2000,4.839,,Mo,4/3/2000,5.194
Fr,3/24/2000,4.463,,,,,,,,
Th,3/23/2000,4.425,,Fr,3/31/2000,4.854,,Fr,3/31/2000,5.216
We,3/22/2000,4.442,,Th,3/30/2000,4.885,,Th,3/30/2000,5.257
Tu,3/21/2000,4.421,,We,3/29/2000,4.935,,We,3/29/2000,5.308
Mo,3/20/2000,4.411,,Tu,3/28/2000,4.907,,Tu,3/28/2000,5.278
,,,,Mo,3/27/2000,4.951,,Mo,3/27/2000,5.316
Fr,3/17/2000,4.41,,,,,,,,
Th,3/16/2000,4.434,,Fr,3/24/2000,4.889,,Fr,3/24/2000,5.248
We,3/15/2000,4.493,,Th,3/23/2000,4.841,,Th,3/23/2000,5.199
Tu,3/14/2000,4.5,,We,3/22/2000,4.89,,We,3/22/2000,5.257
Mo,3/13/2000,4.468,,Tu,3/21/2000,4.867,,Tu,3/21/2000,5.221
,,,,Mo,3/20/2000,4.903,,Mo,3/20/2000,5.242
Fr,3/10/2000,4.488,,,,,,,,
Th,3/9/2000,4.43,,Fr,3/17/2000,4.904,,Fr,3/17/2000,5.241
We,3/8/2000,4.48,,Th,3/16/2000,4.921,,Th,3/16/2000,5.272
Tu,3/7/2000,4.469,,We,3/15/2000,4.991,,We,3/15/2000,5.333
Mo,3/6/2000,4.461,,Tu,3/14/2000,5.002,,Tu,3/14/2000,5.359
,,,,Mo,3/13/2000,4.961,,Mo,3/13/2000,5.325
Fr,3/3/2000,4.461,,,,,,,,
Th,3/2/2000,4.473,,Fr,3/10/2000,5.001,,Fr,3/10/2000,5.37
We,3/1/2000,4.433,,Th,3/9/2000,4.956,,Th,3/9/2000,5.345
Tu,2/29/2000,4.439,,We,3/8/2000,5.049,,We,3/8/2000,5.453
Mo,2/28/2000,4.43,,Tu,3/7/2000,5.044,,Tu,3/7/2000,5.432
,,,,Mo,3/6/2000,5.071,,Mo,3/6/2000,5.454
Fr,2/25/2000,4.393,,,,,,,,
Th,2/24/2000,4.384,,Fr,3/3/2000,5.073,,Fr,3/3/2000,5.461
We,2/23/2000,4.451,,Th,3/2/2000,5.121,,Th,3/2/2000,5.527
Tu,2/22/2000,4.434,,We,3/1/2000,5.077,,We,3/1/2000,5.486
Mo,2/21/2000,4.516,,Tu,2/29/2000,5.088,,Tu,2/29/2000,5.5
,,,,Mo,2/28/2000,5.08,,Mo,2/28/2000,5.488
Fr,2/18/2000,4.523,,,,,,,,
Th,2/17/2000,4.479,,Fr,2/25/2000,5.027,,Fr,2/25/2000,5.45
We,2/16/2000,4.438,,Th,2/24/2000,4.995,,Th,2/24/2000,5.398
Tu,2/15/2000,4.419,,We,2/23/2000,5.053,,We,2/23/2000,5.443
Mo,2/14/2000,4.407,,Tu,2/22/2000,5.019,,Tu,2/22/2000,5.415
,,,,Mo,2/21/2000,5.145,,Mo,2/21/2000,5.514
Fr,2/11/2000,4.453,,,,,,,,
Th,2/10/2000,4.451,,Fr,2/18/2000,5.193,,Fr,2/18/2000,5.571
We,2/9/2000,4.432,,Th,2/17/2000,5.198,,Th,2/17/2000,5.594
Tu,2/8/2000,4.39,,We,2/16/2000,5.174,,We,2/16/2000,5.594
Mo,2/7/2000,4.417,,Tu,2/15/2000,5.122,,Tu,2/15/2000,5.562
,,,,Mo,2/14/2000,5.112,,Mo,2/14/2000,5.538
Fr,2/4/2000,4.383,,,,,,,,
Th,2/3/2000,4.345,,Fr,2/11/2000,5.171,,Fr,2/11/2000,5.599
We,2/2/2000,4.351,,Th,2/10/2000,5.168,,Th,2/10/2000,5.595
Tu,2/1/2000,4.326,,We,2/9/2000,5.125,,We,2/9/2000,5.516
Mo,1/31/2000,4.385,,Tu,2/8/2000,5.069,,Tu,2/8/2000,5.482
,,,,Mo,2/7/2000,5.097,,Mo,2/7/2000,5.53
Fr,1/28/2000,4.401,,,,,,,,
Th,1/27/2000,4.41,,Fr,2/4/2000,5.068,,Fr,2/4/2000,5.494
We,1/26/2000,4.313,,Th,2/3/2000,5.016,,Th,2/3/2000,5.443
Tu,1/25/2000,4.27,,We,2/2/2000,4.999,,We,2/2/2000,5.47
Mo,1/24/2000,4.305,,Tu,2/1/2000,4.98,,Tu,2/1/2000,5.459
,,,,Mo,1/31/2000,5.052,,Mo,1/31/2000,5.541
Fr,1/21/2000,4.291,,,,,,,,
Th,1/20/2000,4.285,,Fr,1/28/2000,5.092,,Fr,1/28/2000,5.63
We,1/19/2000,4.278,,Th,1/27/2000,5.114,,Th,1/27/2000,5.628
Tu,1/18/2000,4.321,,We,1/26/2000,5.006,,We,1/26/2000,5.526
Mo,1/17/2000,4.294,,Tu,1/25/2000,4.994,,Tu,1/25/2000,5.515
,,,,Mo,1/24/2000,5.056,,Mo,1/24/2000,5.57
Fr,1/14/2000,4.291,,,,,,,,
Th,1/13/2000,4.286,,Fr,1/21/2000,5.063,,Fr,1/21/2000,5.584
We,1/12/2000,4.314,,Th,1/20/2000,5.036,,Th,1/20/2000,5.581
Tu,1/11/2000,4.316,,We,1/19/2000,5.014,,We,1/19/2000,5.601
Mo,1/10/2000,4.23,,Tu,1/18/2000,5.042,,Tu,1/18/2000,5.644
,,,,Mo,1/17/2000,4.977,,Mo,1/17/2000,5.559
Fr,1/7/2000,4.246,,,,,,,,
Th,1/6/2000,4.352,,Fr,1/14/2000,4.965,,Fr,1/14/2000,5.552
We,1/5/2000,4.344,,Th,1/13/2000,4.938,,Th,1/13/2000,5.514
Tu,1/4/2000,4.338,,We,1/12/2000,4.961,,We,1/12/2000,5.549
Mo,1/3/2000,4.336,,Tu,1/11/2000,4.936,,Tu,1/11/2000,5.541
,,,,Mo,1/10/2000,4.802,,Mo,1/10/2000,5.415
Th,12/30/1999,4.208,,,,,,,,
We,12/29/1999,4.191,,Fr,1/7/2000,4.832,,Fr,1/7/2000,5.443
Tu,12/28/1999,4.194,,Th,1/6/2000,4.956,,Th,1/6/2000,5.545
Mo,12/27/1999,4.155,,We,1/5/2000,4.936,,We,1/5/2000,5.516
,,,,Tu,1/4/2000,4.92,,Tu,1/4/2000,5.492
Fr,12/24/1999,4.17,,Mo,1/3/2000,4.923,,Mo,1/3/2000,5.478
Th,12/23/1999,4.168,,,,,,,,
We,12/22/1999,4.186,,Th,12/30/1999,4.79,,Th,12/30/1999,5.355
Tu,12/21/1999,4.16,,We,12/29/1999,4.728,,We,12/29/1999,5.309
Mo,12/20/1999,4.193,,Tu,12/28/1999,4.713,,Tu,12/28/1999,5.297
,,,,Mo,12/27/1999,4.659,,Mo,12/27/1999,5.249
Fr,12/17/1999,4.21,,,,,,,,
Th,12/16/1999,4.19,,Fr,12/24/1999,4.669,,Fr,12/24/1999,5.243
We,12/15/1999,4.063,,Th,12/23/1999,4.668,,Th,12/23/1999,5.243
Tu,12/14/1999,3.992,,We,12/22/1999,4.698,,We,12/22/1999,5.263
Mo,12/13/1999,3.931,,Tu,12/21/1999,4.685,,Tu,12/21/1999,5.23
,,,,Mo,12/20/1999,4.728,,Mo,12/20/1999,5.264
Fr,12/10/1999,3.912,,,,,,,,
Th,12/9/1999,3.96,,Fr,12/17/1999,4.714,,Fr,12/17/1999,5.242
We,12/8/1999,3.98,,Th,12/16/1999,4.663,,Th,12/16/1999,5.199
Tu,12/7/1999,3.943,,We,12/15/1999,4.497,,We,12/15/1999,5.042
Mo,12/6/1999,3.942,,Tu,12/14/1999,4.55,,Tu,12/14/1999,5.088
,,,,Mo,12/13/1999,4.501,,Mo,12/13/1999,5.021
Fr,12/3/1999,4.014,,,,,,,,
Th,12/2/1999,4.06,,Fr,12/10/1999,4.462,,Fr,12/10/1999,4.973
We,12/1/1999,3.972,,Th,12/9/1999,4.535,,Th,12/9/1999,5.037
Tu,11/30/1999,3.983,,We,12/8/1999,4.598,,We,12/8/1999,5.069
Mo,11/29/1999,4.053,,Tu,12/7/1999,4.551,,Tu,12/7/1999,5.028
,,,,Mo,12/6/1999,4.567,,Mo,12/6/1999,5.051
Fr,11/26/1999,4.042,,,,,,,,
Th,11/25/1999,4.012,,Fr,12/3/1999,4.646,,Fr,12/3/1999,5.136
We,11/24/1999,4.012,,Th,12/2/1999,4.707,,Th,12/2/1999,5.19
Tu,11/23/1999,3.954,,We,12/1/1999,4.615,,We,12/1/1999,5.098
Mo,11/22/1999,3.967,,Tu,11/30/1999,4.632,,Tu,11/30/1999,5.125
,,,,Mo,11/29/1999,4.751,,Mo,11/29/1999,5.229
Fr,11/19/1999,3.951,,,,,,,,
Th,11/18/1999,3.901,,Fr,11/26/1999,4.738,,Fr,11/26/1999,5.212
We,11/17/1999,3.849,,Th,11/25/1999,4.687,,Th,11/25/1999,5.159
Tu,11/16/1999,3.737,,We,11/24/1999,4.683,,We,11/24/1999,5.169
Mo,11/15/1999,3.769,,Tu,11/23/1999,4.6,,Tu,11/23/1999,5.1
,,,,Mo,11/22/1999,4.603,,Mo,11/22/1999,5.093
Fr,11/12/1999,3.73,,,,,,,,
Th,11/11/1999,3.814,,Fr,11/19/1999,4.596,,Fr,11/19/1999,5.075
We,11/10/1999,3.839,,Th,11/18/1999,4.537,,Th,11/18/1999,5.034
Tu,11/9/1999,3.799,,We,11/17/1999,4.472,,We,11/17/1999,4.978
Mo,11/8/1999,3.787,,Tu,11/16/1999,4.339,,Tu,11/16/1999,4.859
,,,,Mo,11/15/1999,4.398,,Mo,11/15/1999,4.92
Fr,11/5/1999,3.837,,,,,,,,
Th,11/4/1999,3.868,,Fr,11/12/1999,4.341,,Fr,11/12/1999,4.88
We,11/3/1999,3.908,,Th,11/11/1999,4.428,,Th,11/11/1999,4.985
Tu,11/2/1999,3.884,,We,11/10/1999,4.462,,We,11/10/1999,5
Mo,11/1/1999,3.92,,Tu,11/9/1999,4.405,,Tu,11/9/1999,4.966
,,,,Mo,11/8/1999,4.407,,Mo,11/8/1999,4.934
Fr,10/29/1999,3.907,,,,,,,,
Th,10/28/1999,3.962,,Fr,11/5/1999,4.488,,Fr,11/5/1999,4.982
We,10/27/1999,4.04,,Th,11/4/1999,4.548,,Th,11/4/1999,5.035
Tu,10/26/1999,4.112,,We,11/3/1999,4.633,,We,11/3/1999,5.124
Mo,10/25/1999,4.115,,Tu,11/2/1999,4.594,,Tu,11/2/1999,5.078
,,,,Mo,11/1/1999,4.645,,Mo,11/1/1999,5.119
Fr,10/22/1999,4.054,,,,,,,,
Th,10/21/1999,4.066,,Fr,10/29/1999,4.641,,Fr,10/29/1999,5.157
We,10/20/1999,4.13,,Th,10/28/1999,4.708,,Th,10/28/1999,5.228
Tu,10/19/1999,4.077,,We,10/27/1999,4.79,,We,10/27/1999,5.329
Mo,10/18/1999,4.041,,Tu,10/26/1999,4.875,,Tu,10/26/1999,5.427
,,,,Mo,10/25/1999,4.892,,Mo,10/25/1999,5.469
Fr,10/15/1999,4.055,,,,,,,,
Th,10/14/1999,4.116,,Fr,10/22/1999,4.806,,Fr,10/22/1999,5.4
We,10/13/1999,4.023,,Th,10/21/1999,4.803,,Th,10/21/1999,5.404
Tu,10/12/1999,4.009,,We,10/20/1999,4.88,,We,10/20/1999,5.468
Mo,10/11/1999,3.92,,Tu,10/19/1999,4.795,,Tu,10/19/1999,5.39
,,,,Mo,10/18/1999,4.785,,Mo,10/18/1999,5.402
Fr,10/8/1999,3.893,,,,,,,,
Th,10/7/1999,3.862,,Fr,10/15/1999,4.799,,Fr,10/15/1999,5.403
We,10/6/1999,3.886,,Th,10/14/1999,4.877,,Th,10/14/1999,5.456
Tu,10/5/1999,3.866,,We,10/13/1999,4.737,,We,10/13/1999,5.335
Mo,10/4/1999,3.896,,Tu,10/12/1999,4.725,,Tu,10/12/1999,5.33
,,,,Mo,10/11/1999,4.633,,Mo,10/11/1999,5.238
Fr,10/1/1999,3.83,,,,,,,,
Th,9/30/1999,3.662,,Fr,10/8/1999,4.614,,Fr,10/8/1999,5.225
We,9/29/1999,3.643,,Th,10/7/1999,4.578,,Th,10/7/1999,5.199
Tu,9/28/1999,3.629,,We,10/6/1999,4.592,,We,10/6/1999,5.188
Mo,9/27/1999,3.633,,Tu,10/5/1999,4.565,,Tu,10/5/1999,5.167
,,,,Mo,10/4/1999,4.6,,Mo,10/4/1999,5.18
Fr,9/24/1999,3.513,,,,,,,,
Th,9/23/1999,3.59,,Fr,10/1/1999,4.578,,Fr,10/1/1999,5.185
We,9/22/1999,3.631,,Th,9/30/1999,4.424,,Th,9/30/1999,5.08
Tu,9/21/1999,3.646,,We,9/29/1999,4.459,,We,9/29/1999,5.126
Mo,9/20/1999,3.538,,Tu,9/28/1999,4.422,,Tu,9/28/1999,5.076
,,,,Mo,9/27/1999,4.421,,Mo,9/27/1999,5.079
Fr,9/17/1999,3.516,,,,,,,,
Th,9/16/1999,3.551,,Fr,9/24/1999,4.313,,Fr,9/24/1999,5.002
We,9/15/1999,3.639,,Th,9/23/1999,4.393,,Th,9/23/1999,5.06
Tu,9/14/1999,3.604,,We,9/22/1999,4.445,,We,9/22/1999,5.102
Mo,9/13/1999,3.61,,Tu,9/21/1999,4.454,,Tu,9/21/1999,5.092
,,,,Mo,9/20/1999,4.438,,Mo,9/20/1999,5.085
Fr,9/10/1999,3.554,,,,,,,,
Th,9/9/1999,3.553,,Fr,9/17/1999,4.402,,Fr,9/17/1999,5.055
We,9/8/1999,3.511,,Th,9/16/1999,4.458,,Th,9/16/1999,5.107
Tu,9/7/1999,3.508,,We,9/15/1999,4.554,,We,9/15/1999,5.187
Mo,9/6/1999,3.407,,Tu,9/14/1999,4.498,,Tu,9/14/1999,5.138
,,,,Mo,9/13/1999,4.485,,Mo,9/13/1999,5.113
Fr,9/3/1999,3.399,,,,,,,,
Th,9/2/1999,3.537,,Fr,9/10/1999,4.409,,Fr,9/10/1999,5.042
We,9/1/1999,3.48,,Th,9/9/1999,4.429,,Th,9/9/1999,5.05
Tu,8/31/1999,3.462,,We,9/8/1999,4.384,,We,9/8/1999,5.012
Mo,8/30/1999,3.47,,Tu,9/7/1999,4.444,,Tu,9/7/1999,5.051
,,,,Mo,9/6/1999,4.317,,Mo,9/6/1999,4.929
Fr,8/27/1999,3.424,,,,,,,,
Th,8/26/1999,3.38,,Fr,9/3/1999,4.331,,Fr,9/3/1999,4.939
We,8/25/1999,3.334,,Th,9/2/1999,4.445,,Th,9/2/1999,5.019
Tu,8/24/1999,3.386,,We,9/1/1999,4.333,,We,9/1/1999,4.923
Mo,8/23/1999,3.33,,Tu,8/31/1999,4.307,,Tu,8/31/1999,4.891
,,,,Mo,8/30/1999,4.29,,Mo,8/30/1999,4.877
Fr,8/20/1999,3.316,,,,,,,,
Th,8/19/1999,3.348,,Fr,8/27/1999,4.219,,Fr,8/27/1999,4.796
We,8/18/1999,3.363,,Th,8/26/1999,4.179,,Th,8/26/1999,4.76
Tu,8/17/1999,3.398,,We,8/25/1999,4.141,,We,8/25/1999,4.735
Mo,8/16/1999,3.443,,Tu,8/24/1999,4.157,,Tu,8/24/1999,4.804
,,,,Mo,8/23/1999,4.111,,Mo,8/23/1999,4.79
Fr,8/13/1999,3.414,,,,,,,,
Th,8/12/1999,3.436,,Fr,8/20/1999,4.112,,Fr,8/20/1999,4.815
We,8/11/1999,3.494,,Th,8/19/1999,4.121,,Th,8/19/1999,4.822
Tu,8/10/1999,3.526,,We,8/18/1999,4.146,,We,8/18/1999,4.842
Mo,8/9/1999,3.567,,Tu,8/17/1999,4.18,,Tu,8/17/1999,4.858
,,,,Mo,8/16/1999,4.233,,Mo,8/16/1999,4.9
Fr,8/6/1999,3.547,,,,,,,,
Th,8/5/1999,3.511,,Fr,8/13/1999,4.195,,Fr,8/13/1999,4.878
We,8/4/1999,3.47,,Th,8/12/1999,4.241,,Th,8/12/1999,4.899
Tu,8/3/1999,3.489,,We,8/11/1999,4.347,,We,8/11/1999,4.98
Mo,8/2/1999,3.465,,Tu,8/10/1999,4.388,,Tu,8/10/1999,4.991
,,,,Mo,8/9/1999,4.438,,Mo,8/9/1999,5.037
Fr,7/30/1999,3.389,,,,,,,,
Th,7/29/1999,3.312,,Fr,8/6/1999,4.456,,Fr,8/6/1999,5.04
We,7/28/1999,3.231,,Th,8/5/1999,4.393,,Th,8/5/1999,4.976
Tu,7/27/1999,3.218,,We,8/4/1999,4.297,,We,8/4/1999,4.895
Mo,7/26/1999,3.208,,Tu,8/3/1999,4.298,,Tu,8/3/1999,4.891
,,,,Mo,8/2/1999,4.282,,Mo,8/2/1999,4.877
Fr,7/23/1999,3.243,,,,,,,,
Th,7/22/1999,3.239,,Fr,7/30/1999,4.186,,Fr,7/30/1999,4.811
We,7/21/1999,3.192,,Th,7/29/1999,4.08,,Th,7/29/1999,4.763
Tu,7/20/1999,3.277,,We,7/28/1999,3.97,,We,7/28/1999,4.676
Mo,7/19/1999,3.347,,Tu,7/27/1999,3.952,,Tu,7/27/1999,4.685
,,,,Mo,7/26/1999,3.931,,Mo,7/26/1999,4.679
Fr,7/16/1999,3.293,,,,,,,,
Th,7/15/1999,3.273,,Fr,7/23/1999,3.962,,Fr,7/23/1999,4.666
We,7/14/1999,3.106,,Th,7/22/1999,3.951,,Th,7/22/1999,4.642
Tu,7/13/1999,3.142,,We,7/21/1999,3.92,,We,7/21/1999,4.621
Mo,7/12/1999,3.222,,Tu,7/20/1999,4.041,,Tu,7/20/1999,4.698
,,,,Mo,7/19/1999,4.138,,Mo,7/19/1999,4.77
Fr,7/9/1999,3.225,,,,,,,,
Th,7/8/1999,3.236,,Fr,7/16/1999,4.1,,Fr,7/16/1999,4.755
We,7/7/1999,3.188,,Th,7/15/1999,4.131,,Th,7/15/1999,4.798
Tu,7/6/1999,3.159,,We,7/14/1999,3.944,,We,7/14/1999,4.677
Mo,7/5/1999,3.117,,Tu,7/13/1999,3.934,,Tu,7/13/1999,4.635
,,,,Mo,7/12/1999,4.028,,Mo,7/12/1999,4.707
Fr,7/2/1999,3.123,,,,,,,,
Th,7/1/1999,3.156,,Fr,7/9/1999,4.052,,Fr,7/9/1999,4.725
We,6/30/1999,3.169,,Th,7/8/1999,4.053,,Th,7/8/1999,4.756
Tu,6/29/1999,3.174,,We,7/7/1999,4.003,,We,7/7/1999,4.753
Mo,6/28/1999,3.198,,Tu,7/6/1999,3.92,,Tu,7/6/1999,4.681
,,,,Mo,7/5/1999,3.852,,Mo,7/5/1999,4.609
Fr,6/25/1999,3.19,,,,,,,,
Th,6/24/1999,3.207,,Fr,7/2/1999,3.86,,Fr,7/2/1999,4.588
We,6/23/1999,3.137,,Th,7/1/1999,3.871,,Th,7/1/1999,4.566
Tu,6/22/1999,3.086,,We,6/30/1999,3.847,,We,6/30/1999,4.511
Mo,6/21/1999,3.054,,Tu,6/29/1999,3.858,,Tu,6/29/1999,4.513
,,,,Mo,6/28/1999,3.882,,Mo,6/28/1999,4.54
Fr,6/18/1999,2.973,,,,,,,,
Th,6/17/1999,2.977,,Fr,6/25/1999,3.864,,Fr,6/25/1999,4.532
We,6/16/1999,2.996,,Th,6/24/1999,3.896,,Th,6/24/1999,4.58
Tu,6/15/1999,3.008,,We,6/23/1999,3.795,,We,6/23/1999,4.46
Mo,6/14/1999,3.006,,Tu,6/22/1999,3.705,,Tu,6/22/1999,4.38
,,,,Mo,6/21/1999,3.649,,Mo,6/21/1999,4.311
Fr,6/11/1999,3.012,,,,,,,,
Th,6/10/1999,3.008,,Fr,6/18/1999,3.568,,Fr,6/18/1999,4.228
We,6/9/1999,2.909,,Th,6/17/1999,3.58,,Th,6/17/1999,4.225
Tu,6/8/1999,2.891,,We,6/16/1999,3.604,,We,6/16/1999,4.261
Mo,6/7/1999,2.912,,Tu,6/15/1999,3.612,,Tu,6/15/1999,4.288
,,,,Mo,6/14/1999,3.62,,Mo,6/14/1999,4.318
Fr,6/4/1999,2.935,,,,,,,,
Th,6/3/1999,2.9,,Fr,6/11/1999,3.622,,Fr,6/11/1999,4.341
We,6/2/1999,2.913,,Th,6/10/1999,3.625,,Th,6/10/1999,4.367
Tu,6/1/1999,2.875,,We,6/9/1999,3.483,,We,6/9/1999,4.257
Mo,5/31/1999,2.789,,Tu,6/8/1999,3.457,,Tu,6/8/1999,4.235
,,,,Mo,6/7/1999,3.467,,Mo,6/7/1999,4.231
Fr,5/28/1999,2.766,,,,,,,,
Th,5/27/1999,2.736,,Fr,6/4/1999,3.498,,Fr,6/4/1999,4.276
We,5/26/1999,2.705,,Th,6/3/1999,3.45,,Th,6/3/1999,4.245
Tu,5/25/1999,2.7,,We,6/2/1999,3.473,,We,6/2/1999,4.253
Mo,5/24/1999,2.73,,Tu,6/1/1999,3.421,,Tu,6/1/1999,4.218
,,,,Mo,5/31/1999,3.317,,Mo,5/31/1999,4.116
Fr,5/21/1999,2.728,,,,,,,,
Th,5/20/1999,2.765,,Fr,5/28/1999,3.293,,Fr,5/28/1999,4.103
We,5/19/1999,2.767,,Th,5/27/1999,3.265,,Th,5/27/1999,4.088
Tu,5/18/1999,2.729,,We,5/26/1999,3.23,,We,5/26/1999,4.034
Mo,5/17/1999,2.735,,Tu,5/25/1999,3.238,,Tu,5/25/1999,4.033
,,,,Mo,5/24/1999,3.291,,Mo,5/24/1999,4.047
Fr,5/14/1999,2.751,,,,,,,,
Th,5/13/1999,2.673,,Fr,5/21/1999,3.263,,Fr,5/21/1999,4.052
We,5/12/1999,2.681,,Th,5/20/1999,3.302,,Th,5/20/1999,4.087
Tu,5/11/1999,2.702,,We,5/19/1999,3.314,,We,5/19/1999,4.119
Mo,5/10/1999,2.716,,Tu,5/18/1999,3.246,,Tu,5/18/1999,4.112
,,,,Mo,5/17/1999,3.244,,Mo,5/17/1999,4.147
Fr,5/7/1999,2.714,,,,,,,,
Th,5/6/1999,2.732,,Fr,5/14/1999,3.244,,Fr,5/14/1999,4.151
We,5/5/1999,2.725,,Th,5/13/1999,3.15,,Th,5/13/1999,4.045
Tu,5/4/1999,2.725,,We,5/12/1999,3.152,,We,5/12/1999,4.059
Mo,5/3/1999,2.7,,Tu,5/11/1999,3.148,,Tu,5/11/1999,4.057
,,,,Mo,5/10/1999,3.138,,Mo,5/10/1999,4.043
Fr,4/30/1999,2.694,,,,,,,,
Th,4/29/1999,2.675,,Fr,5/7/1999,3.128,,Fr,5/7/1999,3.999
We,4/28/1999,2.694,,Th,5/6/1999,3.155,,Th,5/6/1999,4.014
Tu,4/27/1999,2.675,,We,5/5/1999,3.125,,We,5/5/1999,3.96
Mo,4/26/1999,2.688,,Tu,5/4/1999,3.124,,Tu,5/4/1999,3.942
,,,,Mo,5/3/1999,3.087,,Mo,5/3/1999,3.891
Fr,4/23/1999,2.676,,,,,,,,
Th,4/22/1999,2.688,,Fr,4/30/1999,3.089,,Fr,4/30/1999,3.868
We,4/21/1999,2.695,,Th,4/29/1999,3.052,,Th,4/29/1999,3.838
Tu,4/20/1999,2.698,,We,4/28/1999,3.088,,We,4/28/1999,3.874
Mo,4/19/1999,2.736,,Tu,4/27/1999,3.063,,Tu,4/27/1999,3.854
,,,,Mo,4/26/1999,3.083,,Mo,4/26/1999,3.884
Fr,4/16/1999,2.753,,,,,,,,
Th,4/15/1999,2.763,,Fr,4/23/1999,3.069,,Fr,4/23/1999,3.853
We,4/14/1999,2.736,,Th,4/22/1999,3.088,,Th,4/22/1999,3.852
Tu,4/13/1999,2.748,,We,4/21/1999,3.081,,We,4/21/1999,3.838
Mo,4/12/1999,2.744,,Tu,4/20/1999,3.093,,Tu,4/20/1999,3.837
,,,,Mo,4/19/1999,3.126,,Mo,4/19/1999,3.877
Fr,4/9/1999,2.75,,,,,,,,
Th,4/8/1999,2.83,,Fr,4/16/1999,3.148,,Fr,4/16/1999,3.871
We,4/7/1999,2.84,,Th,4/15/1999,3.156,,Th,4/15/1999,3.866
Tu,4/6/1999,2.825,,We,4/14/1999,3.119,,We,4/14/1999,3.824
Mo,4/5/1999,2.86,,Tu,4/13/1999,3.112,,Tu,4/13/1999,3.836
,,,,Mo,4/12/1999,3.065,,Mo,4/12/1999,3.802
Fr,4/2/1999,2.86,,,,,,,,
Th,4/1/1999,2.861,,Fr,4/9/1999,3.079,,Fr,4/9/1999,3.843
We,3/31/1999,2.878,,Th,4/8/1999,3.154,,Th,4/8/1999,3.909
Tu,3/30/1999,2.887,,We,4/7/1999,3.146,,We,4/7/1999,3.901
Mo,3/29/1999,2.92,,Tu,4/6/1999,3.138,,Tu,4/6/1999,3.922
,,,,Mo,4/5/1999,3.206,,Mo,4/5/1999,4.004
Fr,3/26/1999,2.946,,,,,,,,
Th,3/25/1999,2.963,,Fr,4/2/1999,3.206,,Fr,4/2/1999,4.004
We,3/24/1999,2.99,,Th,4/1/1999,3.208,,Th,4/1/1999,4.003
Tu,3/23/1999,3.012,,We,3/31/1999,3.228,,We,3/31/1999,4.001
Mo,3/22/1999,3.004,,Tu,3/30/1999,3.257,,Tu,3/30/1999,4.038
,,,,Mo,3/29/1999,3.287,,Mo,3/29/1999,4.045
Fr,3/19/1999,2.996,,,,,,,,
Th,3/18/1999,2.968,,Fr,3/26/1999,3.317,,Fr,3/26/1999,4.045
We,3/17/1999,2.991,,Th,3/25/1999,3.281,,Th,3/25/1999,3.977
Tu,3/16/1999,3.012,,We,3/24/1999,3.301,,We,3/24/1999,3.995
Mo,3/15/1999,3.013,,Tu,3/23/1999,3.32,,Tu,3/23/1999,4
,,,,Mo,3/22/1999,3.297,,Mo,3/22/1999,3.972
Fr,3/12/1999,3.022,,,,,,,,
Th,3/11/1999,3.029,,Fr,3/19/1999,3.274,,Fr,3/19/1999,3.925
We,3/10/1999,3.064,,Th,3/18/1999,3.254,,Th,3/18/1999,3.918
Tu,3/9/1999,3.083,,We,3/17/1999,3.283,,We,3/17/1999,3.942
Mo,3/8/1999,3.065,,Tu,3/16/1999,3.301,,Tu,3/16/1999,3.982
,,,,Mo,3/15/1999,3.312,,Mo,3/15/1999,4.019
Fr,3/5/1999,3.086,,,,,,,,
Th,3/4/1999,3.201,,Fr,3/12/1999,3.315,,Fr,3/12/1999,4.028
We,3/3/1999,3.233,,Th,3/11/1999,3.323,,Th,3/11/1999,4.065
Tu,3/2/1999,3.214,,We,3/10/1999,3.372,,We,3/10/1999,4.083
Mo,3/1/1999,3.224,,Tu,3/9/1999,3.4,,Tu,3/9/1999,4.107
,,,,Mo,3/8/1999,3.366,,Mo,3/8/1999,4.061
Fr,2/26/1999,3.128,,,,,,,,
Th,2/25/1999,3.058,,Fr,3/5/1999,3.369,,Fr,3/5/1999,4.012
We,2/24/1999,3,,Th,3/4/1999,3.525,,Th,3/4/1999,4.176
Tu,2/23/1999,2.956,,We,3/3/1999,3.518,,We,3/3/1999,4.131
Mo,2/22/1999,2.971,,Tu,3/2/1999,3.472,,Tu,3/2/1999,4.08
,,,,Mo,3/1/1999,3.495,,Mo,3/1/1999,4.097
Fr,2/19/1999,2.978,,,,,,,,
Th,2/18/1999,3.006,,Fr,2/26/1999,3.406,,Fr,2/26/1999,4.011
We,2/17/1999,3.019,,Th,2/25/1999,3.34,,Th,2/25/1999,3.953
Tu,2/16/1999,3.015,,We,2/24/1999,3.274,,We,2/24/1999,3.877
Mo,2/15/1999,3.017,,Tu,2/23/1999,3.246,,Tu,2/23/1999,3.86
,,,,Mo,2/22/1999,3.272,,Mo,2/22/1999,3.883
Fr,2/12/1999,2.986,,,,,,,,
Th,2/11/1999,2.967,,Fr,2/19/1999,3.3,,Fr,2/19/1999,3.9
We,2/10/1999,2.973,,Th,2/18/1999,3.34,,Th,2/18/1999,3.923
Tu,2/9/1999,2.958,,We,2/17/1999,3.34,,We,2/17/1999,3.897
Mo,2/8/1999,2.997,,Tu,2/16/1999,3.357,,Tu,2/16/1999,3.914
,,,,Mo,2/15/1999,3.362,,Mo,2/15/1999,3.912
Fr,2/5/1999,2.962,,,,,,,,
Th,2/4/1999,2.989,,Fr,2/12/1999,3.288,,Fr,2/12/1999,3.839
We,2/3/1999,2.935,,Th,2/11/1999,3.24,,Th,2/11/1999,3.778
Tu,2/2/1999,2.929,,We,2/10/1999,3.264,,We,2/10/1999,3.794
Mo,2/1/1999,2.917,,Tu,2/9/1999,3.271,,Tu,2/9/1999,3.793
,,,,Mo,2/8/1999,3.311,,Mo,2/8/1999,3.838
Fr,1/29/1999,2.844,,,,,,,,
Th,1/28/1999,2.859,,Fr,2/5/1999,3.257,,Fr,2/5/1999,3.781
We,1/27/1999,2.837,,Th,2/4/1999,3.277,,Th,2/4/1999,3.809
Tu,1/26/1999,2.825,,We,2/3/1999,3.214,,We,2/3/1999,3.727
Mo,1/25/1999,2.817,,Tu,2/2/1999,3.187,,Tu,2/2/1999,3.689
,,,,Mo,2/1/1999,3.183,,Mo,2/1/1999,3.673
Fr,1/22/1999,2.81,,,,,,,,
Th,1/21/1999,2.837,,Fr,1/29/1999,3.127,,Fr,1/29/1999,3.632
We,1/20/1999,2.845,,Th,1/28/1999,3.117,,Th,1/28/1999,3.641
Tu,1/19/1999,2.833,,We,1/27/1999,3.108,,We,1/27/1999,3.64
Mo,1/18/1999,2.822,,Tu,1/26/1999,3.106,,Tu,1/26/1999,3.64
,,,,Mo,1/25/1999,3.106,,Mo,1/25/1999,3.639
Fr,1/15/1999,2.844,,,,,,,,
Th,1/14/1999,2.894,,Fr,1/22/1999,3.104,,Fr,1/22/1999,3.638
We,1/13/1999,2.945,,Th,1/21/1999,3.149,,Th,1/21/1999,3.662
Tu,1/12/1999,2.961,,We,1/20/1999,3.161,,We,1/20/1999,3.69
Mo,1/11/1999,2.986,,Tu,1/19/1999,3.123,,Tu,1/19/1999,3.661
,,,,Mo,1/18/1999,3.121,,Mo,1/18/1999,3.672
Fr,1/8/1999,2.967,,,,,,,,
Th,1/7/1999,2.998,,Fr,1/15/1999,3.151,,Fr,1/15/1999,3.694
We,1/6/1999,3.035,,Th,1/14/1999,3.317,,Th,1/14/1999,3.678
Tu,1/5/1999,3.042,,Tu,1/12/1999,3.237,,We,1/13/1999,3.707
Mo,1/4/1999,3.074,,Mo,1/11/1999,3.269,,Tu,1/12/1999,3.773
,,,,,,,,Mo,1/11/1999,3.788
,,,,Fr,1/8/1999,3.238,,,,
,,,,Th,1/7/1999,3.276,,Fr,1/8/1999,3.727
,,,,We,1/6/1999,3.28,,Th,1/7/1999,3.745
,,,,Tu,1/5/1999,3.267,,We,1/6/1999,3.717
,,,,Mo,1/4/1999,3.265,,Tu,1/5/1999,3.794
,,,,,,,,Mo,1/4/1999,3.786
