Start Date,1/1/1999,,
End Date,,,
,,,
,GTFIM2Y Govt,GTFIM5Y Govt,GTFIM10Y Govt
,Last Price,Last Price,Last Price
Dates,PX_LAST,PX_LAST,PX_LAST
1/1/1999,3.166,#N/A N/A,4.005
1/4/1999,3.126,#N/A N/A,3.905
1/5/1999,3.115,#N/A N/A,3.917
1/6/1999,3.195,#N/A N/A,3.917
1/7/1999,3.079,#N/A N/A,3.903
1/8/1999,3.056,#N/A N/A,3.901
1/11/1999,3.051,#N/A N/A,3.972
1/12/1999,3.053,#N/A N/A,3.966
1/13/1999,2.996,#N/A N/A,3.87
1/14/1999,2.982,#N/A N/A,3.882
1/15/1999,2.951,#N/A N/A,3.888
1/18/1999,2.936,#N/A N/A,3.871
1/19/1999,2.921,#N/A N/A,3.856
1/20/1999,2.929,#N/A N/A,3.91
1/21/1999,2.914,#N/A N/A,3.872
1/22/1999,2.894,#N/A N/A,3.845
1/25/1999,2.89,#N/A N/A,3.838
1/26/1999,2.866,#N/A N/A,3.848
1/27/1999,2.904,#N/A N/A,3.873
1/28/1999,2.877,#N/A N/A,3.867
1/29/1999,2.899,#N/A N/A,3.866
2/1/1999,2.929,#N/A N/A,3.873
2/2/1999,2.958,#N/A N/A,3.922
2/3/1999,2.983,#N/A N/A,3.945
2/4/1999,2.986,#N/A N/A,3.99
2/5/1999,2.982,#N/A N/A,3.984
2/8/1999,3.007,#N/A N/A,4.036
2/9/1999,2.973,#N/A N/A,3.982
2/10/1999,2.973,#N/A N/A,3.983
2/11/1999,2.964,#N/A N/A,3.986
2/12/1999,2.981,#N/A N/A,4.031
2/15/1999,3,#N/A N/A,4.109
2/16/1999,2.978,#N/A N/A,4.093
2/17/1999,2.983,#N/A N/A,4.098
2/18/1999,3,#N/A N/A,4.111
2/19/1999,2.973,#N/A N/A,4.098
2/22/1999,2.962,#N/A N/A,4.091
2/23/1999,2.946,#N/A N/A,4.042
2/24/1999,2.955,#N/A N/A,4.059
2/25/1999,2.998,#N/A N/A,4.133
2/26/1999,3.029,#N/A N/A,4.213
3/1/1999,3.082,#N/A N/A,4.286
3/2/1999,3.131,#N/A N/A,4.317
3/3/1999,3.13,#N/A N/A,4.309
3/4/1999,3.106,#N/A N/A,4.398
3/5/1999,3.042,#N/A N/A,4.247
3/8/1999,3.063,#N/A N/A,4.278
3/9/1999,3.074,#N/A N/A,4.328
3/10/1999,3.037,#N/A N/A,4.286
3/11/1999,3.019,#N/A N/A,4.274
3/12/1999,2.991,#N/A N/A,4.228
3/15/1999,2.991,#N/A N/A,4.229
3/16/1999,2.983,#N/A N/A,4.204
3/17/1999,2.971,#N/A N/A,4.15
3/18/1999,2.958,#N/A N/A,4.139
3/19/1999,2.966,#N/A N/A,4.14
3/22/1999,3.004,#N/A N/A,4.187
3/23/1999,2.992,#N/A N/A,4.213
3/24/1999,2.966,#N/A N/A,4.201
3/25/1999,2.945,#N/A N/A,4.195
3/26/1999,2.978,#N/A N/A,4.263
3/29/1999,2.937,#N/A N/A,4.288
3/30/1999,2.907,#N/A N/A,4.274
3/31/1999,2.896,#N/A N/A,4.228
4/1/1999,2.883,#N/A N/A,4.214
4/2/1999,2.884,#N/A N/A,4.214
4/5/1999,2.884,#N/A N/A,4.214
4/6/1999,2.836,#N/A N/A,4.16
4/7/1999,2.831,#N/A N/A,4.111
4/8/1999,2.836,#N/A N/A,4.115
4/9/1999,2.73,#N/A N/A,4.022
4/12/1999,2.705,#N/A N/A,3.995
4/13/1999,2.7,#N/A N/A,4.024
4/14/1999,2.685,#N/A N/A,4.028
4/15/1999,2.694,#N/A N/A,4.054
4/16/1999,2.699,#N/A N/A,4.075
4/19/1999,2.682,#N/A N/A,4.104
4/20/1999,2.651,#N/A N/A,4.037
4/21/1999,2.627,#N/A N/A,4.023
4/22/1999,2.633,#N/A N/A,4.04
4/23/1999,2.633,#N/A N/A,4.046
4/26/1999,2.634,#N/A N/A,4.078
4/27/1999,2.624,#N/A N/A,4.045
4/28/1999,2.616,#N/A N/A,4.062
4/29/1999,2.615,#N/A N/A,4.044
4/30/1999,2.618,#N/A N/A,4.045
5/3/1999,2.626,#N/A N/A,4.095
5/4/1999,2.626,#N/A N/A,4.116
5/5/1999,2.626,#N/A N/A,4.147
5/6/1999,2.65,#N/A N/A,4.194
5/7/1999,2.639,#N/A N/A,4.182
5/10/1999,2.648,#N/A N/A,4.234
5/11/1999,2.622,#N/A N/A,4.214
5/12/1999,2.62,#N/A N/A,4.252
5/13/1999,2.644,#N/A N/A,4.264
5/14/1999,2.637,#N/A N/A,4.292
5/17/1999,2.643,#N/A N/A,4.329
5/18/1999,2.623,#N/A N/A,4.297
5/19/1999,2.65,#N/A N/A,4.301
5/20/1999,2.636,#N/A N/A,4.272
5/21/1999,2.625,#N/A N/A,4.246
5/24/1999,2.597,#N/A N/A,4.226
5/25/1999,2.597,#N/A N/A,4.231
5/26/1999,2.593,#N/A N/A,4.245
5/27/1999,2.611,#N/A N/A,4.295
5/28/1999,2.896,#N/A N/A,4.321
5/31/1999,2.914,#N/A N/A,4.338
6/1/1999,2.968,#N/A N/A,4.412
6/2/1999,3.021,#N/A N/A,4.488
6/3/1999,2.999,#N/A N/A,4.434
6/4/1999,3.047,#N/A N/A,4.492
6/7/1999,3.04,#N/A N/A,4.478
6/8/1999,3.007,#N/A N/A,4.463
6/9/1999,3.021,#N/A N/A,4.48
6/10/1999,3.105,#N/A N/A,4.603
6/11/1999,3.139,#N/A N/A,4.597
6/14/1999,3.144,#N/A N/A,4.595
6/15/1999,3.121,#N/A N/A,4.542
6/16/1999,3.117,#N/A N/A,4.511
6/17/1999,3.121,#N/A N/A,4.522
6/18/1999,3.092,#N/A N/A,4.455
6/21/1999,3.141,#N/A N/A,4.487
6/22/1999,3.195,#N/A N/A,4.618
6/23/1999,3.274,#N/A N/A,4.706
6/24/1999,3.313,#N/A N/A,4.809
6/25/1999,3.322,#N/A N/A,4.753
6/28/1999,3.342,#N/A N/A,4.791
6/29/1999,3.324,#N/A N/A,4.752
6/30/1999,3.319,#N/A N/A,4.74
7/1/1999,3.32,#N/A N/A,4.801
7/2/1999,3.31,#N/A N/A,4.833
7/5/1999,3.319,#N/A N/A,4.844
7/6/1999,3.367,#N/A N/A,4.943
7/7/1999,3.382,#N/A N/A,4.982
7/8/1999,3.457,#N/A N/A,5.038
7/9/1999,3.4,#N/A N/A,4.951
7/12/1999,3.427,#N/A N/A,4.974
7/13/1999,3.334,#N/A N/A,4.839
7/14/1999,3.337,#N/A N/A,4.887
7/15/1999,3.44,#N/A N/A,4.91
7/16/1999,3.529,#N/A N/A,4.962
7/19/1999,3.588,#N/A N/A,4.993
7/20/1999,3.529,#N/A N/A,4.943
7/21/1999,3.416,#N/A N/A,4.818
7/22/1999,3.421,#N/A N/A,4.814
7/23/1999,3.454,#N/A N/A,4.862
7/26/1999,3.432,#N/A N/A,4.892
7/27/1999,3.425,#N/A N/A,4.881
7/28/1999,3.437,#N/A N/A,4.897
7/29/1999,3.499,#N/A N/A,4.975
7/30/1999,3.559,#N/A N/A,5.014
8/2/1999,3.665,#N/A N/A,5.163
8/3/1999,3.675,#N/A N/A,5.127
8/4/1999,3.649,#N/A N/A,5.134
8/5/1999,3.699,#N/A N/A,5.176
8/6/1999,3.745,#N/A N/A,5.268
8/9/1999,3.798,#N/A N/A,5.326
8/10/1999,3.767,#N/A N/A,5.267
8/11/1999,3.727,#N/A N/A,5.24
8/12/1999,3.667,#N/A N/A,5.168
8/13/1999,3.646,#N/A N/A,5.134
8/16/1999,3.659,#N/A N/A,5.157
8/17/1999,3.623,#N/A N/A,5.12
8/18/1999,3.568,#N/A N/A,5.093
8/19/1999,3.539,#N/A N/A,5.074
8/20/1999,3.513,#N/A N/A,5.064
8/23/1999,3.499,#N/A N/A,5.027
8/24/1999,3.551,#N/A N/A,5.049
8/25/1999,3.511,#N/A N/A,5.003
8/26/1999,3.543,#N/A N/A,4.997
8/27/1999,3.604,#N/A N/A,5.065
8/30/1999,3.638,#N/A N/A,5.13
8/31/1999,3.643,#N/A N/A,5.159
9/1/1999,3.666,#N/A N/A,5.183
9/2/1999,3.717,#N/A N/A,5.264
9/3/1999,3.622,#N/A N/A,5.196
9/6/1999,3.604,#N/A N/A,5.194
9/7/1999,3.683,#N/A N/A,5.264
9/8/1999,3.698,#N/A N/A,5.307
9/9/1999,3.737,#N/A N/A,5.313
9/10/1999,3.72,#N/A N/A,5.314
9/13/1999,3.769,#N/A N/A,5.369
9/14/1999,3.763,#N/A N/A,5.388
9/15/1999,3.782,#N/A N/A,5.438
9/16/1999,3.717,#N/A N/A,5.378
9/17/1999,3.651,#N/A N/A,5.303
9/20/1999,3.669,#N/A N/A,5.337
9/21/1999,3.706,#N/A N/A,5.351
9/22/1999,3.688,#N/A N/A,5.341
9/23/1999,3.664,#N/A N/A,5.315
9/24/1999,3.576,#N/A N/A,5.247
9/27/1999,3.663,#N/A N/A,5.293
9/28/1999,3.688,#N/A N/A,5.313
9/29/1999,3.712,#N/A N/A,5.359
9/30/1999,3.748,#N/A N/A,5.341
10/1/1999,3.9,#N/A N/A,5.421
10/4/1999,3.981,#N/A N/A,5.429
10/5/1999,3.97,#N/A N/A,5.414
10/6/1999,4.001,#N/A N/A,5.443
10/7/1999,3.963,#N/A N/A,5.445
10/8/1999,3.97,#N/A N/A,5.462
10/11/1999,3.996,#N/A N/A,5.475
10/12/1999,4.084,#N/A N/A,5.561
10/13/1999,4.083,#N/A N/A,5.557
10/14/1999,4.192,#N/A N/A,5.672
10/15/1999,4.13,#N/A N/A,5.631
10/18/1999,4.118,#N/A N/A,5.627
10/19/1999,4.147,#N/A N/A,5.633
10/20/1999,4.222,#N/A N/A,5.7
10/21/1999,4.152,#N/A N/A,5.627
10/22/1999,4.149,#N/A N/A,5.627
10/25/1999,4.197,#N/A N/A,5.686
10/26/1999,4.2,#N/A N/A,5.672
10/27/1999,4.143,#N/A N/A,5.573
10/28/1999,4.083,#N/A N/A,5.487
10/29/1999,4.043,#N/A N/A,5.391
11/1/1999,4.075,#N/A N/A,5.354
11/2/1999,4.051,#N/A N/A,5.347
11/3/1999,4.059,#N/A N/A,5.336
11/4/1999,3.988,#N/A N/A,5.263
11/5/1999,3.959,#N/A N/A,5.198
11/8/1999,3.902,#N/A N/A,5.155
11/9/1999,3.878,#N/A N/A,5.168
11/10/1999,3.936,#N/A N/A,5.232
11/11/1999,3.914,#N/A N/A,5.206
11/12/1999,3.841,#N/A N/A,5.105
11/15/1999,3.869,#N/A N/A,5.134
11/16/1999,3.84,#N/A N/A,5.077
11/17/1999,3.947,#N/A N/A,5.189
11/18/1999,3.984,#N/A N/A,5.231
11/19/1999,4.046,#N/A N/A,5.27
11/22/1999,4.064,#N/A N/A,5.293
11/23/1999,4.044,#N/A N/A,5.299
11/24/1999,4.094,#N/A N/A,5.377
11/25/1999,4.096,#N/A N/A,5.367
11/26/1999,4.142,#N/A N/A,5.42
11/29/1999,4.151,#N/A N/A,5.429
11/30/1999,4.1,#N/A N/A,5.327
12/1/1999,4.079,#N/A N/A,5.308
12/2/1999,4.148,#N/A N/A,5.382
12/3/1999,4.125,#N/A N/A,5.342
12/6/1999,4.051,#N/A N/A,5.238
12/7/1999,4.066,#N/A N/A,5.212
12/8/1999,4.115,#N/A N/A,5.25
12/9/1999,4.1,#N/A N/A,5.222
12/10/1999,4.066,#N/A N/A,5.163
12/13/1999,4.081,#N/A N/A,5.19
12/14/1999,4.126,#N/A N/A,5.256
12/15/1999,4.109,#N/A N/A,5.226
12/16/1999,4.216,#N/A N/A,5.373
12/17/1999,4.25,#N/A N/A,5.426
12/20/1999,4.23,#N/A N/A,5.453
12/21/1999,4.188,#N/A N/A,5.424
12/22/1999,4.208,#N/A N/A,5.45
12/23/1999,4.188,#N/A N/A,5.418
12/24/1999,4.195,#N/A N/A,5.418
12/27/1999,4.185,#N/A N/A,5.426
12/28/1999,4.197,#N/A N/A,5.472
12/29/1999,4.205,#N/A N/A,5.481
12/30/1999,4.24,#N/A N/A,5.524
12/31/1999,4.24,#N/A N/A,5.519
1/3/2000,4.324,#N/A N/A,5.649
1/4/2000,4.338,#N/A N/A,5.666
1/5/2000,4.316,#N/A N/A,5.683
1/6/2000,4.339,#N/A N/A,5.732
1/7/2000,4.267,#N/A N/A,5.642
1/10/2000,4.236,#N/A N/A,5.597
1/11/2000,4.315,#N/A N/A,5.728
1/12/2000,4.285,#N/A N/A,5.744
1/13/2000,4.258,#N/A N/A,5.709
1/14/2000,4.235,#N/A N/A,5.739
1/17/2000,4.248,#N/A N/A,5.75
1/18/2000,4.287,#N/A N/A,5.832
1/19/2000,4.263,#N/A N/A,5.803
1/20/2000,4.261,#N/A N/A,5.808
1/21/2000,4.271,#N/A N/A,5.79
1/24/2000,4.292,#N/A N/A,5.776
1/25/2000,4.252,#N/A N/A,5.711
1/26/2000,4.283,#N/A N/A,5.719
1/27/2000,4.369,#N/A N/A,5.824
1/28/2000,4.362,#N/A N/A,5.831
1/31/2000,4.368,#N/A N/A,5.749
2/1/2000,4.324,#N/A N/A,5.667
2/2/2000,4.357,#N/A N/A,5.671
2/3/2000,4.355,#N/A N/A,5.645
2/4/2000,4.378,#N/A N/A,5.689
2/7/2000,4.402,#N/A N/A,5.72
2/8/2000,4.381,#N/A N/A,5.685
2/9/2000,4.399,#N/A N/A,5.72
2/10/2000,4.412,#N/A N/A,5.783
2/11/2000,4.402,#N/A N/A,5.797
2/14/2000,4.362,#N/A N/A,5.75
2/15/2000,4.378,#N/A N/A,5.781
2/16/2000,4.388,#N/A N/A,5.803
2/17/2000,4.422,#N/A N/A,5.808
2/18/2000,4.49,#N/A N/A,5.787
2/21/2000,4.478,#N/A N/A,5.723
2/22/2000,4.412,#N/A N/A,5.628
2/23/2000,4.414,#N/A N/A,5.648
2/24/2000,4.36,#N/A N/A,5.609
2/25/2000,4.36,#N/A N/A,5.652
2/28/2000,4.389,#N/A N/A,5.686
2/29/2000,4.405,#N/A N/A,5.779
3/1/2000,4.395,#N/A N/A,5.751
3/2/2000,4.42,#N/A N/A,5.815
3/3/2000,4.415,#N/A N/A,5.733
3/6/2000,4.419,#N/A N/A,5.738
3/7/2000,4.428,#N/A N/A,5.703
3/8/2000,4.447,#N/A N/A,5.711
3/9/2000,4.36,#N/A N/A,5.588
3/10/2000,4.436,#N/A N/A,5.585
3/13/2000,4.406,#N/A N/A,5.535
3/14/2000,4.424,#N/A N/A,5.582
3/15/2000,4.433,#N/A N/A,5.564
3/16/2000,4.398,#N/A N/A,5.505
3/17/2000,4.361,#N/A N/A,5.467
3/20/2000,4.351,#N/A N/A,5.454
3/21/2000,4.341,#N/A N/A,5.427
3/22/2000,4.351,#N/A N/A,5.461
3/23/2000,4.312,#N/A N/A,5.402
3/24/2000,4.363,#N/A N/A,5.463
3/27/2000,4.392,#N/A N/A,5.531
3/28/2000,4.365,#N/A N/A,5.492
3/29/2000,4.384,#N/A N/A,5.513
3/30/2000,4.362,#N/A N/A,5.453
3/31/2000,4.359,#N/A N/A,5.415
4/3/2000,4.37,#N/A N/A,5.394
4/4/2000,4.348,#N/A N/A,5.402
4/5/2000,4.287,#N/A N/A,5.36
4/6/2000,4.349,#N/A N/A,5.424
4/7/2000,4.367,#N/A N/A,5.418
4/10/2000,4.38,#N/A N/A,5.396
4/11/2000,4.377,#N/A N/A,5.386
4/12/2000,4.403,#N/A N/A,5.411
4/13/2000,4.416,#N/A N/A,5.427
4/14/2000,4.431,#N/A N/A,5.464
4/17/2000,4.405,#N/A N/A,5.449
4/18/2000,4.417,#N/A N/A,5.481
4/19/2000,4.444,#N/A N/A,5.504
4/20/2000,4.475,#N/A N/A,5.509
4/21/2000,4.479,#N/A N/A,5.527
4/24/2000,4.471,#N/A N/A,5.524
4/25/2000,4.535,#N/A N/A,5.559
4/26/2000,4.531,#N/A N/A,5.502
4/27/2000,4.553,#N/A N/A,5.517
4/28/2000,4.573,#N/A N/A,5.512
5/1/2000,4.562,#N/A N/A,5.513
5/2/2000,4.667,#N/A N/A,5.559
5/3/2000,4.729,#N/A N/A,5.63
5/4/2000,4.791,#N/A N/A,5.678
5/5/2000,4.825,#N/A N/A,5.675
5/8/2000,4.798,#N/A N/A,5.637
5/9/2000,4.79,#N/A N/A,5.605
5/10/2000,4.78,#N/A N/A,5.584
5/11/2000,4.851,#N/A N/A,5.67
5/12/2000,4.891,#N/A N/A,5.649
5/15/2000,4.867,#N/A N/A,5.631
5/16/2000,4.867,#N/A N/A,5.631
5/17/2000,5.024,#N/A N/A,5.61
5/18/2000,5.03,#N/A N/A,5.625
5/19/2000,5.064,#N/A N/A,5.627
5/22/2000,4.999,#N/A N/A,5.544
5/23/2000,5,#N/A N/A,5.573
5/24/2000,4.941,#N/A N/A,5.535
5/25/2000,4.926,#N/A N/A,5.473
5/26/2000,4.88,#N/A N/A,5.419
5/29/2000,4.906,#N/A N/A,5.453
5/30/2000,4.956,#N/A N/A,5.456
5/31/2000,4.988,#N/A N/A,5.402
6/1/2000,4.97,#N/A N/A,5.323
6/2/2000,4.879,#N/A N/A,5.302
6/5/2000,4.839,#N/A N/A,5.3
6/6/2000,4.824,#N/A N/A,5.346
6/7/2000,4.796,#N/A N/A,5.336
6/8/2000,4.991,#N/A N/A,5.395
6/9/2000,4.981,#N/A N/A,5.36
6/12/2000,4.979,#N/A N/A,5.361
6/13/2000,4.917,#N/A N/A,5.325
6/14/2000,4.917,#N/A N/A,5.361
6/15/2000,4.88,#N/A N/A,5.378
6/16/2000,4.848,#N/A N/A,5.308
6/19/2000,4.878,#N/A N/A,5.333
6/20/2000,4.889,#N/A N/A,5.337
6/21/2000,4.944,#N/A N/A,5.416
6/22/2000,4.982,#N/A N/A,5.443
6/23/2000,4.999,#N/A N/A,5.467
6/26/2000,5.024,#N/A N/A,5.452
6/27/2000,5.009,#N/A N/A,5.451
6/28/2000,5.038,#N/A N/A,5.458
6/29/2000,5.013,#N/A N/A,5.41
6/30/2000,4.998,#N/A N/A,5.418
7/3/2000,5.017,#N/A N/A,5.477
7/4/2000,5.025,#N/A N/A,5.484
7/5/2000,4.985,#N/A N/A,5.45
7/6/2000,5.024,#N/A N/A,5.528
7/7/2000,5.007,#N/A N/A,5.473
7/10/2000,5.024,#N/A N/A,5.499
7/11/2000,5.029,#N/A N/A,5.457
7/12/2000,5.054,#N/A N/A,5.487
7/13/2000,5.083,#N/A N/A,5.467
7/14/2000,5.116,#N/A N/A,5.512
7/17/2000,5.126,#N/A N/A,5.536
7/18/2000,5.141,#N/A N/A,5.53
7/19/2000,5.154,#N/A N/A,5.524
7/20/2000,5.12,#N/A N/A,5.48
7/21/2000,5.124,#N/A N/A,5.463
7/24/2000,5.148,#N/A N/A,5.464
7/25/2000,5.121,#N/A N/A,5.422
7/26/2000,5.104,#N/A N/A,5.375
7/27/2000,5.125,#N/A N/A,5.381
7/28/2000,5.14,#N/A N/A,5.407
7/31/2000,5.126,#N/A N/A,5.412
8/1/2000,5.099,#N/A N/A,5.364
8/2/2000,5.122,#N/A N/A,5.384
8/3/2000,5.114,#N/A N/A,5.398
8/4/2000,5.1,#N/A N/A,5.399
8/7/2000,5.064,#N/A N/A,5.379
8/8/2000,5.064,#N/A N/A,5.409
8/9/2000,5.064,#N/A N/A,5.385
8/10/2000,5.064,#N/A N/A,5.362
8/11/2000,5.064,#N/A N/A,5.356
8/14/2000,5.064,#N/A N/A,5.378
8/15/2000,5.064,#N/A N/A,5.421
8/16/2000,5.064,#N/A N/A,5.428
8/17/2000,5.064,#N/A N/A,5.427
8/18/2000,5.064,#N/A N/A,5.43
8/21/2000,5.064,#N/A N/A,5.48
8/22/2000,5.064,#N/A N/A,5.463
8/23/2000,5.064,#N/A N/A,5.436
8/24/2000,5.064,#N/A N/A,5.438
8/25/2000,5.064,#N/A N/A,5.448
8/28/2000,5.064,#N/A N/A,5.467
8/29/2000,5.064,#N/A N/A,5.52
8/30/2000,5.064,#N/A N/A,5.52
8/31/2000,5.064,#N/A N/A,5.517
9/1/2000,5.064,#N/A N/A,5.404
9/4/2000,5.064,#N/A N/A,5.413
9/5/2000,5.064,#N/A N/A,5.426
9/6/2000,5.064,#N/A N/A,5.447
9/7/2000,5.064,#N/A N/A,5.458
9/8/2000,5.064,#N/A N/A,5.492
9/11/2000,5.064,#N/A N/A,5.486
9/12/2000,5.064,#N/A N/A,5.497
9/13/2000,5.064,#N/A N/A,5.482
9/14/2000,5.064,#N/A N/A,5.472
9/15/2000,5.064,#N/A N/A,5.506
9/18/2000,5.064,#N/A N/A,5.543
9/19/2000,5.064,#N/A N/A,5.52
9/20/2000,5.064,#N/A N/A,5.528
9/21/2000,5.064,#N/A N/A,5.486
9/22/2000,5.064,#N/A N/A,5.451
9/25/2000,5.064,#N/A N/A,5.488
9/26/2000,5.064,#N/A N/A,5.461
9/27/2000,5.064,#N/A N/A,5.498
9/28/2000,5.064,#N/A N/A,5.472
9/29/2000,5.064,#N/A N/A,5.437
10/2/2000,5.064,#N/A N/A,5.445
10/3/2000,5.064,#N/A N/A,5.448
10/4/2000,5.064,#N/A N/A,5.458
10/5/2000,5.064,#N/A N/A,5.472
10/6/2000,5.064,#N/A N/A,5.456
10/9/2000,5.064,#N/A N/A,5.428
10/10/2000,5.064,#N/A N/A,5.433
10/11/2000,5.064,#N/A N/A,5.398
10/12/2000,5.064,#N/A N/A,5.386
10/13/2000,5.064,#N/A N/A,5.413
10/16/2000,5.064,#N/A N/A,5.426
10/17/2000,5.064,#N/A N/A,5.434
10/18/2000,5.064,#N/A N/A,5.419
10/19/2000,5.064,#N/A N/A,5.43
10/20/2000,5.064,#N/A N/A,5.424
10/23/2000,5.064,#N/A N/A,5.432
10/24/2000,5.064,#N/A N/A,5.437
10/25/2000,5.064,#N/A N/A,5.476
10/26/2000,5.064,#N/A N/A,5.461
10/27/2000,5.064,#N/A N/A,5.438
10/30/2000,5.064,#N/A N/A,5.448
10/31/2000,5.064,#N/A N/A,5.449
11/1/2000,5.064,#N/A N/A,5.426
11/2/2000,5.064,#N/A N/A,5.435
11/3/2000,5.064,#N/A N/A,5.438
11/6/2000,5.064,#N/A N/A,5.457
11/7/2000,5.064,#N/A N/A,5.469
11/8/2000,5.064,#N/A N/A,5.484
11/9/2000,5.064,#N/A N/A,5.458
11/10/2000,5.064,#N/A N/A,5.447
11/13/2000,5.064,#N/A N/A,5.411
11/14/2000,5.064,#N/A N/A,5.411
11/15/2000,5.064,#N/A N/A,5.408
11/16/2000,5.064,#N/A N/A,5.394
11/17/2000,5.064,#N/A N/A,5.399
11/20/2000,5.064,#N/A N/A,5.386
11/21/2000,5.064,#N/A N/A,5.395
11/22/2000,5.064,#N/A N/A,5.344
11/23/2000,5.064,#N/A N/A,5.343
11/24/2000,5.064,#N/A N/A,5.332
11/27/2000,5.064,#N/A N/A,5.33
11/28/2000,5.064,#N/A N/A,5.292
11/29/2000,5.064,#N/A N/A,5.285
11/30/2000,5.064,#N/A N/A,5.219
12/1/2000,5.064,#N/A N/A,5.214
12/4/2000,5.064,#N/A N/A,5.164
12/5/2000,5.064,#N/A N/A,5.172
12/6/2000,5.064,#N/A N/A,5.159
12/7/2000,5.064,#N/A N/A,5.17
12/8/2000,5.064,#N/A N/A,5.187
12/11/2000,5.064,#N/A N/A,5.196
12/12/2000,5.064,#N/A N/A,5.213
12/13/2000,5.064,#N/A N/A,5.153
12/14/2000,5.064,#N/A N/A,5.133
12/15/2000,5.064,#N/A N/A,5.085
12/18/2000,5.064,#N/A N/A,5.059
12/19/2000,5.064,#N/A N/A,5.098
12/20/2000,5.064,#N/A N/A,5.069
12/21/2000,5.064,#N/A N/A,5.08
12/22/2000,5.064,#N/A N/A,5.082
12/25/2000,5.064,#N/A N/A,5.081
12/26/2000,5.064,#N/A N/A,5.081
12/27/2000,5.064,#N/A N/A,5.073
12/28/2000,5.064,#N/A N/A,5.113
12/29/2000,5.064,#N/A N/A,5.06
1/1/2001,5.064,#N/A N/A,5.054
1/2/2001,5.064,#N/A N/A,4.951
1/3/2001,5.064,#N/A N/A,4.933
1/4/2001,5.064,#N/A N/A,4.938
1/5/2001,5.064,#N/A N/A,4.899
1/8/2001,5.064,#N/A N/A,4.912
1/9/2001,5.064,#N/A N/A,4.961
1/10/2001,5.064,#N/A N/A,5.001
1/11/2001,5.064,#N/A N/A,4.976
1/12/2001,5.064,#N/A N/A,5.039
1/15/2001,5.064,#N/A N/A,5.037
1/16/2001,5.064,#N/A N/A,5.062
1/17/2001,5.064,#N/A N/A,5.044
1/18/2001,5.064,#N/A N/A,5.029
1/19/2001,5.064,#N/A N/A,5.062
1/22/2001,5.064,#N/A N/A,5.084
1/23/2001,5.064,#N/A N/A,5.065
1/24/2001,5.064,#N/A N/A,5.097
1/25/2001,5.064,#N/A N/A,5.088
1/26/2001,5.064,#N/A N/A,5.061
1/29/2001,5.064,#N/A N/A,5.059
1/30/2001,5.064,#N/A N/A,5.032
1/31/2001,5.064,#N/A N/A,5.009
2/1/2001,5.064,#N/A N/A,4.999
2/2/2001,5.064,#N/A N/A,4.999
2/5/2001,5.064,#N/A N/A,4.979
2/6/2001,5.064,#N/A N/A,4.982
2/7/2001,5.064,#N/A N/A,4.966
2/8/2001,5.064,#N/A N/A,5.007
2/9/2001,5.064,#N/A N/A,4.984
2/12/2001,5.064,#N/A N/A,4.981
2/13/2001,5.064,#N/A N/A,4.977
2/14/2001,5.064,#N/A N/A,5
2/15/2001,5.064,#N/A N/A,5.061
2/16/2001,5.064,#N/A N/A,5.042
2/19/2001,5.064,#N/A N/A,5.027
2/20/2001,5.064,#N/A N/A,5.043
2/21/2001,5.064,#N/A N/A,5.064
2/22/2001,5.064,#N/A N/A,5.077
2/23/2001,5.064,#N/A N/A,5.049
2/26/2001,5.064,#N/A N/A,5.055
2/27/2001,5.064,#N/A N/A,4.985
2/28/2001,5.064,#N/A N/A,4.98
3/1/2001,5.064,#N/A N/A,4.975
3/2/2001,5.064,#N/A N/A,4.966
3/5/2001,5.064,#N/A N/A,4.988
3/6/2001,5.064,#N/A N/A,4.983
3/7/2001,5.064,#N/A N/A,4.983
3/8/2001,5.064,#N/A N/A,4.945
3/9/2001,5.064,#N/A N/A,4.945
3/12/2001,5.064,#N/A N/A,4.938
3/13/2001,5.064,#N/A N/A,4.965
3/14/2001,5.064,#N/A N/A,4.942
3/15/2001,5.064,#N/A N/A,4.944
3/16/2001,5.064,#N/A N/A,4.912
3/19/2001,5.064,#N/A N/A,4.937
3/20/2001,5.064,#N/A N/A,4.948
3/21/2001,5.064,#N/A N/A,4.907
3/22/2001,5.064,#N/A N/A,4.849
3/23/2001,5.064,#N/A N/A,4.868
3/26/2001,5.064,#N/A N/A,4.883
3/27/2001,5.064,#N/A N/A,4.906
3/28/2001,5.064,#N/A N/A,4.911
3/29/2001,5.064,#N/A N/A,4.948
3/30/2001,5.064,#N/A N/A,4.949
4/2/2001,5.064,#N/A N/A,4.962
4/3/2001,5.064,#N/A N/A,4.956
4/4/2001,5.064,#N/A N/A,4.995
4/5/2001,5.064,#N/A N/A,5.003
4/6/2001,5.064,#N/A N/A,4.958
4/9/2001,5.064,#N/A N/A,4.966
4/10/2001,5.064,#N/A N/A,5.016
4/11/2001,5.064,#N/A N/A,5.09
4/12/2001,5.064,#N/A N/A,5.096
4/13/2001,5.064,#N/A N/A,5.095
4/16/2001,5.064,#N/A N/A,5.095
4/17/2001,5.064,#N/A N/A,5.133
4/18/2001,5.064,#N/A N/A,5.174
4/19/2001,5.064,#N/A N/A,5.227
4/20/2001,5.064,#N/A N/A,5.195
4/23/2001,5.064,#N/A N/A,5.16
4/24/2001,5.064,#N/A N/A,5.203
4/25/2001,5.064,#N/A N/A,5.195
4/26/2001,5.064,#N/A N/A,5.146
4/27/2001,5.064,#N/A N/A,5.213
4/30/2001,5.064,#N/A N/A,5.271
5/1/2001,5.064,#N/A N/A,5.269
5/2/2001,5.064,#N/A N/A,5.264
5/3/2001,5.064,#N/A N/A,5.229
5/4/2001,5.064,#N/A N/A,5.196
5/7/2001,5.064,#N/A N/A,5.191
5/8/2001,5.064,#N/A N/A,5.187
5/9/2001,5.064,#N/A N/A,5.171
5/10/2001,5.064,#N/A N/A,5.169
5/11/2001,5.064,#N/A N/A,5.252
5/14/2001,5.064,#N/A N/A,5.313
5/15/2001,5.064,#N/A N/A,5.32
5/16/2001,5.064,#N/A N/A,5.308
5/17/2001,4.489,#N/A N/A,5.302
5/18/2001,4.522,#N/A N/A,5.298
5/21/2001,4.507,#N/A N/A,5.3
5/22/2001,4.535,#N/A N/A,5.335
5/23/2001,4.528,#N/A N/A,5.367
5/24/2001,4.508,#N/A N/A,5.381
5/25/2001,4.525,#N/A N/A,5.408
5/28/2001,4.469,#N/A N/A,5.387
5/29/2001,4.473,#N/A N/A,5.357
5/30/2001,4.476,#N/A N/A,5.361
5/31/2001,4.523,#N/A N/A,5.39
6/1/2001,4.451,#N/A N/A,5.294
6/4/2001,4.42,#N/A N/A,5.291
6/5/2001,4.368,#N/A N/A,5.234
6/6/2001,4.374,#N/A N/A,5.257
6/7/2001,4.401,#N/A N/A,5.289
6/8/2001,4.411,#N/A N/A,5.292
6/11/2001,4.401,#N/A N/A,5.276
6/12/2001,4.433,#N/A N/A,5.303
6/13/2001,4.467,#N/A N/A,5.309
6/14/2001,4.409,#N/A N/A,5.246
6/15/2001,4.391,#N/A N/A,5.233
6/18/2001,4.37,#N/A N/A,5.218
6/19/2001,4.385,#N/A N/A,5.245
6/20/2001,4.355,#N/A N/A,5.22
6/21/2001,4.334,#N/A N/A,5.181
6/22/2001,4.304,#N/A N/A,5.167
6/25/2001,4.275,#N/A N/A,5.177
6/26/2001,4.298,#N/A N/A,5.206
6/27/2001,4.294,#N/A N/A,5.199
6/28/2001,4.312,#N/A N/A,5.246
6/29/2001,4.391,#N/A N/A,5.333
7/2/2001,4.352,#N/A N/A,5.325
7/3/2001,4.415,#N/A N/A,5.347
7/4/2001,4.431,#N/A N/A,5.352
7/5/2001,4.465,#N/A N/A,5.34
7/6/2001,4.428,#N/A N/A,5.312
7/9/2001,4.448,#N/A N/A,5.342
7/10/2001,4.414,#N/A N/A,5.327
7/11/2001,4.355,#N/A N/A,5.279
7/12/2001,4.366,#N/A N/A,5.286
7/13/2001,4.386,#N/A N/A,5.304
7/16/2001,4.369,#N/A N/A,5.279
7/17/2001,4.373,#N/A N/A,5.26
7/18/2001,4.332,#N/A N/A,5.237
7/19/2001,4.349,#N/A N/A,5.226
7/20/2001,4.314,#N/A N/A,5.184
7/23/2001,4.288,#N/A N/A,5.183
7/24/2001,4.277,#N/A N/A,5.179
7/25/2001,4.289,#N/A N/A,5.197
7/26/2001,4.29,#N/A N/A,5.186
7/27/2001,4.242,#N/A N/A,5.135
7/30/2001,4.241,#N/A N/A,5.128
7/31/2001,4.222,#N/A N/A,5.102
8/1/2001,4.225,#N/A N/A,5.124
8/2/2001,4.25,#N/A N/A,5.142
8/3/2001,4.221,#N/A N/A,5.129
8/6/2001,4.213,#N/A N/A,5.113
8/7/2001,4.23,#N/A N/A,5.118
8/8/2001,4.227,#N/A N/A,5.12
8/9/2001,4.128,#N/A N/A,5.051
8/10/2001,4.09,#N/A N/A,5.017
8/13/2001,4.089,#N/A N/A,5.007
8/14/2001,4.114,#N/A N/A,5.039
8/15/2001,4.095,#N/A N/A,5.034
8/16/2001,4.087,#N/A N/A,5.021
8/17/2001,4.047,#N/A N/A,4.97
8/20/2001,4.049,#N/A N/A,4.988
8/21/2001,4.077,#N/A N/A,5.03
8/22/2001,4.098,#N/A N/A,5.055
8/23/2001,4.103,#N/A N/A,5.06
8/24/2001,4.156,#N/A N/A,5.092
8/27/2001,4.166,#N/A N/A,5.086
8/28/2001,4.094,#N/A N/A,5.02
8/29/2001,4.091,#N/A N/A,5.015
8/30/2001,4.015,#N/A N/A,4.977
8/31/2001,4.018,#N/A N/A,4.993
9/3/2001,3.999,#N/A N/A,4.995
9/4/2001,4.127,#N/A N/A,5.109
9/5/2001,4.157,#N/A N/A,5.117
9/6/2001,4.092,#N/A N/A,5.073
9/7/2001,4.01,#N/A N/A,5.032
9/10/2001,4.01,#N/A N/A,5.068
9/11/2001,3.808,#N/A N/A,5.019
9/12/2001,3.817,#N/A N/A,5.049
9/13/2001,3.834,#N/A N/A,5.075
9/14/2001,3.758,#N/A N/A,5.007
9/17/2001,3.774,#N/A N/A,5.044
9/18/2001,3.715,#N/A N/A,5.045
9/19/2001,3.676,#N/A N/A,5.063
9/20/2001,3.683,#N/A N/A,5.076
9/21/2001,3.668,#N/A N/A,5.111
9/24/2001,3.699,#N/A N/A,5.117
9/25/2001,3.665,#N/A N/A,5.051
9/26/2001,3.667,#N/A N/A,5.029
9/27/2001,3.624,#N/A N/A,4.993
9/28/2001,3.654,#N/A N/A,5.01
10/1/2001,3.633,#N/A N/A,4.982
10/2/2001,3.597,#N/A N/A,4.915
10/3/2001,3.514,#N/A N/A,4.849
10/4/2001,3.512,#N/A N/A,4.873
10/5/2001,3.499,#N/A N/A,4.851
10/8/2001,3.513,#N/A N/A,4.873
10/9/2001,3.557,#N/A N/A,4.908
10/10/2001,3.568,#N/A N/A,4.898
10/11/2001,3.631,#N/A N/A,4.921
10/12/2001,3.59,#N/A N/A,4.888
10/15/2001,3.558,#N/A N/A,4.864
10/16/2001,3.533,#N/A N/A,4.848
10/17/2001,3.546,#N/A N/A,4.857
10/18/2001,3.531,#N/A N/A,4.831
10/19/2001,3.495,#N/A N/A,4.832
10/22/2001,3.478,#N/A N/A,4.808
10/23/2001,3.498,#N/A N/A,4.815
10/24/2001,3.466,#N/A N/A,4.768
10/25/2001,3.419,#N/A N/A,4.711
10/26/2001,3.417,#N/A N/A,4.695
10/29/2001,3.351,#N/A N/A,4.653
10/30/2001,3.246,#N/A N/A,4.604
10/31/2001,3.265,#N/A N/A,4.609
11/1/2001,3.216,#N/A N/A,4.484
11/2/2001,3.222,#N/A N/A,4.569
11/5/2001,3.18,#N/A N/A,4.535
11/6/2001,3.151,#N/A N/A,4.546
11/7/2001,3.08,#N/A N/A,4.491
11/8/2001,3.129,#N/A N/A,4.529
11/9/2001,3.162,#N/A N/A,4.548
11/12/2001,3.132,#N/A N/A,4.545
11/13/2001,3.226,#N/A N/A,4.632
11/14/2001,3.308,#N/A N/A,4.707
11/15/2001,3.455,#N/A N/A,4.768
11/16/2001,3.542,#N/A N/A,4.804
11/19/2001,3.502,#N/A N/A,4.772
11/20/2001,3.484,#N/A N/A,4.776
11/21/2001,3.568,#N/A N/A,4.857
11/22/2001,3.602,#N/A N/A,4.868
11/23/2001,3.582,#N/A N/A,4.842
11/26/2001,3.533,#N/A N/A,4.806
11/27/2001,3.684,#N/A N/A,4.94
11/28/2001,3.588,#N/A N/A,4.89
11/29/2001,3.532,#N/A N/A,4.841
11/30/2001,3.467,#N/A N/A,4.796
12/3/2001,3.443,#N/A N/A,4.754
12/4/2001,3.444,#N/A N/A,4.724
12/5/2001,3.637,#N/A N/A,4.915
12/6/2001,3.747,#N/A N/A,4.975
12/7/2001,3.765,#N/A N/A,5.081
12/10/2001,3.717,#N/A N/A,5.055
12/11/2001,3.66,#N/A N/A,5.005
12/12/2001,3.568,#N/A N/A,4.92
12/13/2001,3.628,#N/A N/A,4.952
12/14/2001,3.64,#N/A N/A,4.958
12/17/2001,3.725,#N/A N/A,5.049
12/18/2001,3.644,#N/A N/A,5.009
12/19/2001,3.605,#N/A N/A,4.967
12/20/2001,3.62,#N/A N/A,4.998
12/21/2001,3.64,#N/A N/A,5.048
12/24/2001,3.645,#N/A N/A,5.055
12/25/2001,3.64,#N/A N/A,5.053
12/26/2001,3.64,#N/A N/A,5.053
12/27/2001,3.675,#N/A N/A,5.118
12/28/2001,3.662,#N/A N/A,5.178
12/31/2001,3.657,#N/A N/A,5.18
1/1/2002,3.645,#N/A N/A,5.179
1/2/2002,3.643,#N/A N/A,5.131
1/3/2002,3.641,#N/A N/A,5.088
1/4/2002,3.695,#N/A N/A,5.118
1/7/2002,3.649,#N/A N/A,5
1/8/2002,3.645,#N/A N/A,5.001
1/9/2002,3.74,#N/A N/A,5.062
1/10/2002,3.704,#N/A N/A,5.019
1/11/2002,3.744,#N/A N/A,4.988
1/14/2002,3.653,#N/A N/A,4.915
1/15/2002,3.704,#N/A N/A,4.936
1/16/2002,3.681,#N/A N/A,4.928
1/17/2002,3.713,#N/A N/A,4.97
1/18/2002,3.736,#N/A N/A,4.998
1/21/2002,3.727,#N/A N/A,4.974
1/22/2002,3.819,#N/A N/A,5.024
1/23/2002,3.803,#N/A N/A,4.99
1/24/2002,3.893,#N/A N/A,5.068
1/25/2002,3.969,#N/A N/A,5.152
1/28/2002,3.98,#N/A N/A,5.167
1/29/2002,3.92,#N/A N/A,5.141
1/30/2002,3.9,#N/A N/A,5.113
1/31/2002,3.916,#N/A N/A,5.09
2/1/2002,3.884,#N/A N/A,5.05
2/4/2002,3.799,#N/A N/A,4.998
2/5/2002,3.787,#N/A N/A,4.97
2/6/2002,3.773,#N/A N/A,4.998
2/7/2002,3.877,#N/A N/A,5.106
2/8/2002,3.842,#N/A N/A,5.095
2/11/2002,3.862,#N/A N/A,5.108
2/12/2002,3.874,#N/A N/A,5.141
2/13/2002,3.936,#N/A N/A,5.165
2/14/2002,3.906,#N/A N/A,5.128
2/15/2002,3.865,#N/A N/A,5.085
2/18/2002,3.855,#N/A N/A,5.077
2/19/2002,3.868,#N/A N/A,5.099
2/20/2002,3.882,#N/A N/A,5.109
2/21/2002,3.892,#N/A N/A,5.137
2/22/2002,3.83,#N/A N/A,5.077
2/25/2002,3.867,#N/A N/A,5.124
2/26/2002,3.884,#N/A N/A,5.133
2/27/2002,3.88,#N/A N/A,5.135
2/28/2002,3.864,#N/A N/A,5.125
3/1/2002,3.92,#N/A N/A,5.162
3/4/2002,3.965,#N/A N/A,5.194
3/5/2002,4.006,#N/A N/A,5.251
3/6/2002,4.014,#N/A N/A,5.301
3/7/2002,4.066,#N/A N/A,5.333
3/8/2002,4.119,#N/A N/A,5.337
3/11/2002,4.104,#N/A N/A,5.317
3/12/2002,4.098,#N/A N/A,5.321
3/13/2002,4.101,#N/A N/A,5.334
3/14/2002,4.137,#N/A N/A,5.374
3/15/2002,4.171,#N/A N/A,5.38
3/18/2002,4.164,#N/A N/A,5.359
3/19/2002,4.168,#N/A N/A,5.35
3/20/2002,4.173,#N/A N/A,5.366
3/21/2002,4.21,#N/A N/A,5.378
3/22/2002,4.241,#N/A N/A,5.408
3/25/2002,4.276,#N/A N/A,5.425
3/26/2002,4.241,#N/A N/A,5.383
3/27/2002,4.225,#N/A N/A,5.367
3/28/2002,4.239,#N/A N/A,5.405
3/29/2002,4.242,#N/A N/A,5.405
4/1/2002,4.275,#N/A N/A,5.405
4/2/2002,4.25,#N/A N/A,5.405
4/3/2002,4.201,#N/A N/A,5.355
4/4/2002,4.162,#N/A N/A,5.284
4/5/2002,4.146,#N/A N/A,5.279
4/8/2002,4.125,#N/A N/A,5.313
4/9/2002,4.134,#N/A N/A,5.326
4/10/2002,4.131,#N/A N/A,5.335
4/11/2002,4.118,#N/A N/A,5.306
4/12/2002,4.095,#N/A N/A,5.302
4/15/2002,4.053,#N/A N/A,5.262
4/16/2002,4.137,#N/A N/A,5.337
4/17/2002,4.106,#N/A N/A,5.343
4/18/2002,4.082,#N/A N/A,5.346
4/19/2002,4.092,#N/A N/A,5.349
4/22/2002,4.048,#N/A N/A,5.294
4/23/2002,4.061,#N/A N/A,5.326
4/24/2002,4.031,#N/A N/A,5.289
4/25/2002,3.965,#N/A N/A,5.246
4/26/2002,3.958,#N/A N/A,5.233
4/29/2002,3.984,#N/A N/A,5.275
4/30/2002,3.981,#N/A N/A,5.259
5/1/2002,3.958,#N/A N/A,5.265
5/2/2002,4.067,#N/A N/A,5.321
5/3/2002,4.026,#N/A N/A,5.256
5/6/2002,4.022,#N/A N/A,5.252
5/7/2002,4.002,#N/A N/A,5.324
5/8/2002,4.057,#N/A N/A,5.381
5/9/2002,4.095,#N/A N/A,5.409
5/10/2002,4.13,#N/A N/A,5.419
5/13/2002,4.149,#N/A N/A,5.422
5/14/2002,4.236,#N/A N/A,5.474
5/15/2002,4.241,#N/A N/A,5.466
5/16/2002,4.221,#N/A N/A,5.451
5/17/2002,4.272,#N/A N/A,5.475
5/20/2002,4.232,#N/A N/A,5.407
5/21/2002,4.172,#N/A N/A,5.396
5/22/2002,4.139,#N/A N/A,5.381
5/23/2002,4.14,#N/A N/A,5.357
5/24/2002,4.149,#N/A N/A,5.376
5/27/2002,4.192,#N/A N/A,5.403
5/28/2002,4.183,#N/A N/A,5.382
5/29/2002,4.159,#N/A N/A,5.37
5/30/2002,4.129,#N/A N/A,5.354
5/31/2002,4.156,#N/A N/A,5.379
6/3/2002,4.167,#N/A N/A,5.376
6/4/2002,4.105,#N/A N/A,5.34
6/5/2002,4.098,#N/A N/A,5.337
6/6/2002,4.096,#N/A N/A,5.344
6/7/2002,4.078,#N/A N/A,5.345
6/10/2002,4.057,#N/A N/A,5.318
6/11/2002,4.067,#N/A N/A,5.335
6/12/2002,4.033,#N/A N/A,5.299
6/13/2002,3.987,#N/A N/A,5.237
6/14/2002,3.926,#N/A N/A,5.192
6/17/2002,3.96,#N/A N/A,5.224
6/18/2002,3.96,#N/A N/A,5.201
6/19/2002,4.061,#N/A N/A,5.173
6/20/2002,4.063,#N/A N/A,5.192
6/21/2002,4.061,#N/A N/A,5.185
6/24/2002,3.995,#N/A N/A,5.143
6/25/2002,4.04,#N/A N/A,5.196
6/26/2002,3.959,#N/A N/A,5.128
6/27/2002,3.972,#N/A N/A,5.143
6/28/2002,3.946,#N/A N/A,5.169
7/1/2002,3.952,#N/A N/A,5.198
7/2/2002,3.906,#N/A N/A,5.147
7/3/2002,3.913,#N/A N/A,5.155
7/4/2002,3.955,#N/A N/A,5.196
7/5/2002,4.003,#N/A N/A,5.238
7/8/2002,3.985,#N/A N/A,5.221
7/9/2002,3.971,#N/A N/A,5.222
7/10/2002,3.9,#N/A N/A,5.157
7/11/2002,3.838,#N/A N/A,5.103
7/12/2002,3.815,#N/A N/A,5.084
7/15/2002,3.764,#N/A N/A,5.036
7/16/2002,3.805,#N/A N/A,5.083
7/17/2002,3.83,#N/A N/A,5.102
7/18/2002,3.824,#N/A N/A,5.088
7/19/2002,3.764,#N/A N/A,5.046
7/22/2002,3.715,#N/A N/A,5.016
7/23/2002,3.717,#N/A N/A,5.021
7/24/2002,3.635,#N/A N/A,4.941
7/25/2002,3.653,#N/A N/A,4.959
7/26/2002,3.595,#N/A N/A,4.942
7/29/2002,3.675,#N/A N/A,5.002
7/30/2002,3.671,#N/A N/A,5.004
7/31/2002,3.599,#N/A N/A,4.962
8/1/2002,3.544,#N/A N/A,4.906
8/2/2002,3.46,#N/A N/A,4.836
8/5/2002,3.374,#N/A N/A,4.774
8/6/2002,3.468,#N/A N/A,4.83
8/7/2002,3.425,#N/A N/A,4.764
8/8/2002,3.451,#N/A N/A,4.808
8/9/2002,3.479,#N/A N/A,4.774
8/12/2002,3.493,#N/A N/A,4.749
8/13/2002,3.456,#N/A N/A,4.715
8/14/2002,3.422,#N/A N/A,4.649
8/15/2002,3.603,#N/A N/A,4.781
8/16/2002,3.616,#N/A N/A,4.79
8/19/2002,3.629,#N/A N/A,4.824
8/20/2002,3.57,#N/A N/A,4.774
8/21/2002,3.637,#N/A N/A,4.867
8/22/2002,3.654,#N/A N/A,4.9
8/23/2002,3.608,#N/A N/A,4.865
8/26/2002,3.595,#N/A N/A,4.866
8/27/2002,3.604,#N/A N/A,4.863
8/28/2002,3.528,#N/A N/A,4.787
8/29/2002,3.481,#N/A N/A,4.774
8/30/2002,3.462,#N/A N/A,4.78
9/2/2002,3.39,#N/A N/A,4.71
9/3/2002,3.331,#N/A N/A,4.637
9/4/2002,3.304,#N/A N/A,4.638
9/5/2002,3.253,#N/A N/A,4.615
9/6/2002,3.216,#N/A N/A,4.613
9/9/2002,3.288,#N/A N/A,4.617
9/10/2002,3.351,#N/A N/A,4.671
9/11/2002,3.403,#N/A N/A,4.734
9/12/2002,3.32,#N/A N/A,4.663
9/13/2002,3.256,#N/A N/A,4.629
9/16/2002,3.224,#N/A N/A,4.568
9/17/2002,3.233,#N/A N/A,4.576
9/18/2002,3.197,#N/A N/A,4.545
9/19/2002,3.166,#N/A N/A,4.519
9/20/2002,3.19,#N/A N/A,4.573
9/23/2002,3.141,#N/A N/A,4.526
9/24/2002,3.106,#N/A N/A,4.5
9/25/2002,3.152,#N/A N/A,4.543
9/26/2002,3.183,#N/A N/A,4.564
9/27/2002,3.153,#N/A N/A,4.558
9/30/2002,3.04,#N/A N/A,4.491
10/1/2002,3.046,#N/A N/A,4.515
10/2/2002,3.082,#N/A N/A,4.592
10/3/2002,3.04,#N/A N/A,4.589
10/4/2002,3.009,#N/A N/A,4.564
10/7/2002,2.989,#N/A N/A,4.521
10/8/2002,2.988,#N/A N/A,4.492
10/9/2002,2.992,#N/A N/A,4.495
10/10/2002,3.087,#N/A N/A,4.555
10/11/2002,3.155,#N/A N/A,4.623
10/14/2002,3.158,#N/A N/A,4.66
10/15/2002,3.244,#N/A N/A,4.764
10/16/2002,3.268,#N/A N/A,4.799
10/17/2002,3.234,#N/A N/A,4.781
10/18/2002,3.219,#N/A N/A,4.792
10/21/2002,3.201,#N/A N/A,4.806
10/22/2002,3.214,#N/A N/A,4.833
10/23/2002,3.133,#N/A N/A,4.776
10/24/2002,3.161,#N/A N/A,4.82
10/25/2002,3.176,#N/A N/A,4.776
10/28/2002,3.12,#N/A N/A,4.731
10/29/2002,3.053,#N/A N/A,4.677
10/30/2002,3.107,#N/A N/A,4.726
10/31/2002,3.039,#N/A N/A,4.677
11/1/2002,3.065,#N/A N/A,4.728
11/4/2002,3.044,#N/A N/A,4.74
11/5/2002,3.102,#N/A N/A,4.787
11/6/2002,3.119,#N/A N/A,4.791
11/7/2002,3.106,#N/A N/A,4.713
11/8/2002,3.024,#N/A N/A,4.633
11/11/2002,2.997,#N/A N/A,4.602
11/12/2002,2.974,#N/A N/A,4.557
11/13/2002,2.978,#N/A N/A,4.573
11/14/2002,3,#N/A N/A,4.625
11/15/2002,2.995,#N/A N/A,4.612
11/18/2002,3.004,#N/A N/A,4.618
11/19/2002,2.983,#N/A N/A,4.585
11/20/2002,2.963,#N/A N/A,4.555
11/21/2002,3.01,#N/A N/A,4.642
11/22/2002,3.017,#N/A N/A,4.655
11/25/2002,3.034,#N/A N/A,4.681
11/26/2002,3,#N/A N/A,4.621
11/27/2002,3.052,#N/A N/A,4.674
11/28/2002,3.043,#N/A N/A,4.662
11/29/2002,3.023,#N/A N/A,4.627
12/2/2002,3.024,#N/A N/A,4.647
12/3/2002,3.027,#N/A N/A,4.594
12/4/2002,3.017,#N/A N/A,4.585
12/5/2002,2.966,#N/A N/A,4.552
12/6/2002,2.924,#N/A N/A,4.516
12/9/2002,2.88,#N/A N/A,4.486
12/10/2002,2.86,#N/A N/A,4.48
12/11/2002,2.836,#N/A N/A,4.462
12/12/2002,2.805,#N/A N/A,4.416
12/13/2002,2.787,#N/A N/A,4.414
12/16/2002,2.804,#N/A N/A,4.432
12/17/2002,2.773,#N/A N/A,4.416
12/18/2002,2.728,#N/A N/A,4.37
12/19/2002,2.784,#N/A N/A,4.377
12/20/2002,2.788,#N/A N/A,4.373
12/23/2002,2.749,#N/A N/A,4.363
12/24/2002,2.742,#N/A N/A,4.364
12/25/2002,2.745,#N/A N/A,4.362
12/26/2002,2.749,#N/A N/A,4.362
12/27/2002,2.684,#N/A N/A,4.278
12/30/2002,2.682,#N/A N/A,4.294
12/31/2002,2.671,#N/A N/A,4.286
1/1/2003,2.653,#N/A N/A,4.286
1/2/2003,2.744,#N/A N/A,4.395
1/3/2003,2.735,#N/A N/A,4.422
1/6/2003,2.674,#N/A N/A,4.399
1/7/2003,2.657,#N/A N/A,4.378
1/8/2003,2.621,#N/A N/A,4.323
1/9/2003,2.662,#N/A N/A,4.343
1/10/2003,2.632,#N/A N/A,4.327
1/13/2003,2.643,#N/A N/A,4.345
1/14/2003,2.637,#N/A N/A,4.325
1/15/2003,2.648,#N/A N/A,4.324
1/16/2003,2.667,#N/A N/A,4.328
1/17/2003,2.614,#N/A N/A,4.252
1/20/2003,2.595,#N/A N/A,4.224
1/21/2003,2.612,#N/A N/A,4.202
1/22/2003,2.586,#N/A N/A,4.188
1/23/2003,2.581,#N/A N/A,4.162
1/24/2003,2.554,#N/A N/A,4.1
1/27/2003,2.567,#N/A N/A,4.096
1/28/2003,2.576,#N/A N/A,4.136
1/29/2003,2.554,#N/A N/A,4.128
1/30/2003,2.575,#N/A N/A,4.168
1/31/2003,2.567,#N/A N/A,4.159
2/3/2003,2.572,#N/A N/A,4.169
2/4/2003,2.536,#N/A N/A,4.106
2/5/2003,2.525,#N/A N/A,4.116
2/6/2003,2.494,#N/A N/A,4.116
2/7/2003,2.455,#N/A N/A,4.089
2/10/2003,2.446,#N/A N/A,4.094
2/11/2003,2.443,#N/A N/A,4.095
2/12/2003,2.404,#N/A N/A,4.051
2/13/2003,2.379,#N/A N/A,4.018
2/14/2003,2.414,#N/A N/A,4.061
2/17/2003,2.407,#N/A N/A,4.072
2/18/2003,2.412,#N/A N/A,4.077
2/19/2003,2.384,#N/A N/A,4.003
2/20/2003,2.385,#N/A N/A,3.98
2/21/2003,2.405,#N/A N/A,4.017
2/24/2003,2.307,#N/A N/A,3.969
2/25/2003,2.291,#N/A N/A,3.956
2/26/2003,2.286,#N/A N/A,3.971
2/27/2003,2.35,#N/A N/A,4.021
2/28/2003,2.286,#N/A N/A,3.971
3/3/2003,2.275,#N/A N/A,3.954
3/4/2003,2.272,#N/A N/A,3.957
3/5/2003,2.266,#N/A N/A,3.943
3/6/2003,2.278,#N/A N/A,3.927
3/7/2003,2.25,#N/A N/A,3.899
3/10/2003,2.226,#N/A N/A,3.864
3/11/2003,2.247,#N/A N/A,3.885
3/12/2003,2.267,#N/A N/A,3.899
3/13/2003,2.374,#N/A N/A,4.039
3/14/2003,2.406,#N/A N/A,4.09
3/17/2003,2.463,#N/A N/A,4.223
3/18/2003,2.44,#N/A N/A,4.205
3/19/2003,2.443,#N/A N/A,4.3
3/20/2003,2.443,#N/A N/A,4.269
3/21/2003,2.443,#N/A N/A,4.352
3/24/2003,2.443,#N/A N/A,4.277
3/25/2003,2.443,#N/A N/A,4.276
3/26/2003,2.443,#N/A N/A,4.272
3/27/2003,2.443,#N/A N/A,4.222
3/28/2003,2.443,#N/A N/A,4.197
3/31/2003,2.443,#N/A N/A,4.108
4/1/2003,2.443,#N/A N/A,4.097
4/2/2003,2.443,#N/A N/A,4.184
4/3/2003,2.443,#N/A N/A,4.237
4/4/2003,2.443,#N/A N/A,4.248
4/7/2003,2.443,#N/A N/A,4.314
4/8/2003,2.443,#N/A N/A,4.28
4/9/2003,2.443,#N/A N/A,4.261
4/10/2003,2.443,#N/A N/A,4.202
4/11/2003,2.443,#N/A N/A,4.267
4/14/2003,2.443,#N/A N/A,4.293
4/15/2003,2.443,#N/A N/A,4.265
4/16/2003,2.443,#N/A N/A,4.223
4/17/2003,2.443,#N/A N/A,4.21
4/18/2003,2.443,#N/A N/A,4.213
4/21/2003,2.443,#N/A N/A,4.202
4/22/2003,2.443,#N/A N/A,4.173
4/23/2003,2.443,#N/A N/A,4.21
4/24/2003,2.443,#N/A N/A,4.15
4/25/2003,2.443,#N/A N/A,4.143
4/28/2003,2.443,#N/A N/A,4.166
4/29/2003,2.443,#N/A N/A,4.19
4/30/2003,2.443,#N/A N/A,4.134
5/1/2003,2.443,#N/A N/A,4.131
5/2/2003,2.443,#N/A N/A,4.129
5/5/2003,2.443,#N/A N/A,4.122
5/6/2003,2.443,#N/A N/A,4.128
5/7/2003,2.443,#N/A N/A,4.017
5/8/2003,2.443,#N/A N/A,3.983
5/9/2003,2.443,#N/A N/A,3.973
5/12/2003,2.443,#N/A N/A,3.957
5/13/2003,2.443,#N/A N/A,3.949
5/14/2003,2.443,#N/A N/A,3.957
5/15/2003,2.443,#N/A N/A,3.925
5/16/2003,2.443,#N/A N/A,3.872
5/19/2003,2.443,#N/A N/A,3.805
5/20/2003,2.443,#N/A N/A,3.795
5/21/2003,2.443,#N/A N/A,3.771
5/22/2003,2.443,#N/A N/A,3.758
5/23/2003,2.443,#N/A N/A,3.698
5/26/2003,2.443,#N/A N/A,3.676
5/27/2003,2.443,#N/A N/A,3.732
5/28/2003,2.443,#N/A N/A,3.824
5/29/2003,2.443,#N/A N/A,3.749
5/30/2003,2.443,#N/A N/A,3.764
6/2/2003,2.443,#N/A N/A,3.806
6/3/2003,2.443,#N/A N/A,3.686
6/4/2003,2.443,#N/A N/A,3.712
6/5/2003,2.443,#N/A N/A,3.652
6/6/2003,2.443,#N/A N/A,3.715
6/9/2003,2.443,#N/A N/A,3.63
6/10/2003,2.443,#N/A N/A,3.589
6/11/2003,2.443,#N/A N/A,3.56
6/12/2003,2.443,#N/A N/A,3.562
6/13/2003,2.443,#N/A N/A,3.505
6/16/2003,2.443,#N/A N/A,3.551
6/17/2003,2.443,#N/A N/A,3.647
6/18/2003,2.443,#N/A N/A,3.73
6/19/2003,2.443,#N/A N/A,3.728
6/20/2003,2.443,#N/A N/A,3.753
6/23/2003,2.443,#N/A N/A,3.727
6/24/2003,2.443,#N/A N/A,3.728
6/25/2003,2.443,#N/A N/A,3.688
6/26/2003,2.443,#N/A N/A,3.861
6/27/2003,2.443,#N/A N/A,3.907
6/30/2003,2.443,#N/A N/A,3.852
7/1/2003,2.443,#N/A N/A,3.852
7/2/2003,2.443,#N/A N/A,3.909
7/3/2003,2.443,#N/A N/A,3.972
7/4/2003,2.443,#N/A N/A,3.926
7/7/2003,2.443,#N/A N/A,3.97
7/8/2003,2.443,#N/A N/A,3.971
7/9/2003,2.443,#N/A N/A,3.959
7/10/2003,2.443,#N/A N/A,3.91
7/11/2003,2.443,#N/A N/A,3.914
7/14/2003,2.443,#N/A N/A,3.878
7/15/2003,2.443,#N/A N/A,4.013
7/16/2003,2.443,#N/A N/A,4.048
7/17/2003,2.443,#N/A N/A,4.086
7/18/2003,2.443,#N/A N/A,4.051
7/21/2003,2.443,#N/A N/A,4.091
7/22/2003,2.443,#N/A N/A,4.089
7/23/2003,2.443,#N/A N/A,4.03
7/24/2003,2.443,#N/A N/A,4.083
7/25/2003,2.443,#N/A N/A,4.01
7/28/2003,2.443,#N/A N/A,4.124
7/29/2003,2.443,#N/A N/A,4.089
7/30/2003,2.443,#N/A N/A,4.124
7/31/2003,2.443,#N/A N/A,4.201
8/1/2003,2.443,#N/A N/A,4.208
8/4/2003,2.443,#N/A N/A,4.164
8/5/2003,2.443,#N/A N/A,4.184
8/6/2003,2.443,#N/A N/A,4.155
8/7/2003,2.443,#N/A N/A,4.12
8/8/2003,2.443,#N/A N/A,4.023
8/11/2003,2.443,#N/A N/A,4.096
8/12/2003,2.443,#N/A N/A,4.085
8/13/2003,2.443,#N/A N/A,4.189
8/14/2003,2.443,#N/A N/A,4.228
8/15/2003,2.443,#N/A N/A,4.177
8/18/2003,2.443,#N/A N/A,4.182
8/19/2003,2.443,#N/A N/A,4.158
8/20/2003,2.443,#N/A N/A,4.201
8/21/2003,2.443,#N/A N/A,4.213
8/22/2003,2.443,#N/A N/A,4.201
8/25/2003,2.443,#N/A N/A,4.188
8/26/2003,2.443,#N/A N/A,4.196
8/27/2003,2.443,#N/A N/A,4.219
8/28/2003,2.443,#N/A N/A,4.187
8/29/2003,2.443,#N/A N/A,4.201
9/1/2003,2.443,#N/A N/A,4.224
9/2/2003,2.443,#N/A N/A,4.352
9/3/2003,2.443,#N/A N/A,4.372
9/4/2003,2.443,#N/A N/A,4.353
9/5/2003,2.443,#N/A N/A,4.307
9/8/2003,2.443,#N/A N/A,4.254
9/9/2003,2.443,#N/A N/A,4.295
9/10/2003,2.443,#N/A N/A,4.247
9/11/2003,2.443,#N/A N/A,4.272
9/12/2003,2.443,#N/A N/A,4.144
9/15/2003,2.443,#N/A N/A,4.169
9/16/2003,2.443,#N/A N/A,4.186
9/17/2003,2.443,#N/A N/A,4.177
9/18/2003,2.443,#N/A N/A,4.175
9/19/2003,2.443,#N/A N/A,4.151
9/22/2003,2.443,#N/A N/A,4.114
9/23/2003,2.443,#N/A N/A,4.091
9/24/2003,2.443,#N/A N/A,4.101
9/25/2003,2.443,#N/A N/A,4.077
9/26/2003,2.443,#N/A N/A,4.026
9/29/2003,2.443,#N/A N/A,4.054
9/30/2003,2.443,#N/A N/A,3.991
10/1/2003,2.443,#N/A N/A,3.997
10/2/2003,2.443,#N/A N/A,4.107
10/3/2003,2.443,#N/A N/A,4.212
10/6/2003,2.443,#N/A N/A,4.175
10/7/2003,2.443,#N/A N/A,4.205
10/8/2003,2.443,#N/A N/A,4.198
10/9/2003,2.443,#N/A N/A,4.256
10/10/2003,2.443,#N/A N/A,4.202
10/13/2003,2.443,#N/A N/A,4.276
10/14/2003,2.443,#N/A N/A,4.285
10/15/2003,2.443,#N/A N/A,4.335
10/16/2003,2.443,#N/A N/A,4.299
10/17/2003,2.443,#N/A N/A,4.322
10/20/2003,2.443,#N/A N/A,4.309
10/21/2003,2.443,#N/A N/A,4.269
10/22/2003,2.443,#N/A N/A,4.246
10/23/2003,2.443,#N/A N/A,4.281
10/24/2003,2.443,#N/A N/A,4.263
10/27/2003,2.443,#N/A N/A,4.294
10/28/2003,2.443,#N/A N/A,4.305
10/29/2003,2.443,#N/A N/A,4.312
10/30/2003,2.443,#N/A N/A,4.352
10/31/2003,2.443,#N/A N/A,4.312
11/3/2003,2.443,#N/A N/A,4.379
11/4/2003,2.443,#N/A N/A,4.345
11/5/2003,2.443,#N/A N/A,4.358
11/6/2003,2.443,#N/A N/A,4.441
11/7/2003,2.443,#N/A N/A,4.479
11/10/2003,2.443,#N/A N/A,4.458
11/11/2003,2.443,#N/A N/A,4.453
11/12/2003,2.443,#N/A N/A,4.452
11/13/2003,2.443,#N/A N/A,4.398
11/14/2003,2.443,#N/A N/A,4.336
11/17/2003,2.443,#N/A N/A,4.312
11/18/2003,2.443,#N/A N/A,4.294
11/19/2003,2.443,#N/A N/A,4.337
11/20/2003,2.443,#N/A N/A,4.327
11/21/2003,2.443,#N/A N/A,4.3
11/24/2003,2.443,#N/A N/A,4.382
11/25/2003,2.443,#N/A N/A,4.398
11/26/2003,2.443,#N/A N/A,4.39
11/27/2003,2.443,#N/A N/A,4.435
11/28/2003,2.443,#N/A N/A,4.439
12/1/2003,2.443,#N/A N/A,4.476
12/2/2003,2.443,#N/A N/A,4.455
12/3/2003,2.443,#N/A N/A,4.439
12/4/2003,2.443,#N/A N/A,4.43
12/5/2003,2.443,#N/A N/A,4.326
12/8/2003,2.443,#N/A N/A,4.329
12/9/2003,2.443,#N/A N/A,4.349
12/10/2003,2.443,#N/A N/A,4.336
12/11/2003,2.443,#N/A N/A,4.355
12/12/2003,2.443,#N/A N/A,4.28
12/15/2003,2.443,#N/A N/A,4.288
12/16/2003,2.443,#N/A N/A,4.28
12/17/2003,2.443,#N/A N/A,4.24
12/18/2003,2.443,#N/A N/A,4.236
12/19/2003,2.443,#N/A N/A,4.265
12/22/2003,2.443,#N/A N/A,4.242
12/23/2003,2.443,#N/A N/A,4.226
12/24/2003,2.443,#N/A N/A,4.228
12/25/2003,2.443,#N/A N/A,4.228
12/26/2003,2.443,#N/A N/A,4.229
12/29/2003,2.443,#N/A N/A,4.24
12/30/2003,2.443,#N/A N/A,4.273
12/31/2003,2.443,#N/A N/A,4.272
1/1/2004,2.443,#N/A N/A,4.269
1/2/2004,2.443,#N/A N/A,4.308
1/5/2004,2.443,#N/A N/A,4.308
1/6/2004,2.443,#N/A N/A,4.237
1/7/2004,2.443,#N/A N/A,4.218
1/8/2004,2.443,#N/A N/A,4.195
1/9/2004,2.443,#N/A N/A,4.112
1/12/2004,2.443,#N/A N/A,4.095
1/13/2004,2.443,#N/A N/A,4.11
1/14/2004,2.443,#N/A N/A,4.119
1/15/2004,2.443,#N/A N/A,4.121
1/16/2004,2.443,#N/A N/A,4.133
1/19/2004,2.443,#N/A N/A,4.133
1/20/2004,2.443,#N/A N/A,4.105
1/21/2004,2.443,#N/A N/A,4.128
1/22/2004,2.443,#N/A N/A,4.111
1/23/2004,2.443,#N/A N/A,4.069
1/26/2004,2.443,#N/A N/A,4.14
1/27/2004,2.443,#N/A N/A,4.128
1/28/2004,2.443,#N/A N/A,4.125
1/29/2004,2.443,#N/A N/A,4.24
1/30/2004,2.443,#N/A N/A,4.22
2/2/2004,2.443,#N/A N/A,4.209
2/3/2004,2.642,#N/A N/A,4.18
2/4/2004,2.628,#N/A N/A,4.17
2/5/2004,2.606,#N/A N/A,4.153
2/6/2004,2.569,#N/A N/A,4.116
2/9/2004,2.555,#N/A N/A,4.103
2/10/2004,2.574,#N/A N/A,4.113
2/11/2004,2.54,#N/A N/A,4.085
2/12/2004,2.522,#N/A N/A,4.092
2/13/2004,2.503,#N/A N/A,4.073
2/16/2004,2.514,#N/A N/A,4.082
2/17/2004,2.475,#N/A N/A,4.053
2/18/2004,2.47,#N/A N/A,4.05
2/19/2004,2.515,#N/A N/A,4.091
2/20/2004,2.542,#N/A N/A,4.105
2/23/2004,2.536,#N/A N/A,4.098
2/24/2004,2.468,#N/A N/A,4.058
2/25/2004,2.434,#N/A N/A,4.053
2/26/2004,2.435,#N/A N/A,4.061
2/27/2004,2.414,#N/A N/A,4.025
3/1/2004,2.434,#N/A N/A,4.025
3/2/2004,2.475,#N/A N/A,4.044
3/3/2004,2.531,#N/A N/A,4.095
3/4/2004,2.497,#N/A N/A,4.068
3/5/2004,2.354,#N/A N/A,3.956
3/8/2004,2.313,#N/A N/A,3.896
3/9/2004,2.308,#N/A N/A,3.882
3/10/2004,2.35,#N/A N/A,3.901
3/11/2004,2.328,#N/A N/A,3.884
3/12/2004,2.321,#N/A N/A,3.876
3/15/2004,2.307,#N/A N/A,3.862
3/16/2004,2.33,#N/A N/A,3.901
3/17/2004,2.282,#N/A N/A,3.866
3/18/2004,2.263,#N/A N/A,3.86
3/19/2004,2.264,#N/A N/A,3.865
3/22/2004,2.24,#N/A N/A,3.842
3/23/2004,2.269,#N/A N/A,3.859
3/24/2004,2.217,#N/A N/A,3.831
3/25/2004,2.181,#N/A N/A,3.818
3/26/2004,2.202,#N/A N/A,3.844
3/29/2004,2.274,#N/A N/A,3.929
3/30/2004,2.258,#N/A N/A,3.916
3/31/2004,2.262,#N/A N/A,3.902
4/1/2004,2.326,#N/A N/A,3.929
4/2/2004,2.489,#N/A N/A,4.054
4/5/2004,2.485,#N/A N/A,4.078
4/6/2004,2.433,#N/A N/A,4.055
4/7/2004,2.4,#N/A N/A,4.03
4/8/2004,2.407,#N/A N/A,4.042
4/9/2004,2.407,#N/A N/A,4.041
4/12/2004,2.406,#N/A N/A,4.038
4/13/2004,2.496,#N/A N/A,4.122
4/14/2004,2.53,#N/A N/A,4.144
4/15/2004,2.527,#N/A N/A,4.131
4/16/2004,2.483,#N/A N/A,4.085
4/19/2004,2.479,#N/A N/A,4.085
4/20/2004,2.51,#N/A N/A,4.122
4/21/2004,2.537,#N/A N/A,4.138
4/22/2004,2.515,#N/A N/A,4.134
4/23/2004,2.547,#N/A N/A,4.155
4/26/2004,2.566,#N/A N/A,4.158
4/27/2004,2.58,#N/A N/A,4.345
4/28/2004,2.586,#N/A N/A,4.355
4/29/2004,2.577,#N/A N/A,4.358
4/30/2004,2.556,#N/A N/A,4.336
5/3/2004,2.542,#N/A N/A,4.312
5/4/2004,2.549,#N/A N/A,4.315
5/5/2004,2.528,#N/A N/A,4.319
5/6/2004,2.591,#N/A N/A,4.373
5/7/2004,2.703,#N/A N/A,4.457
5/10/2004,2.689,#N/A N/A,4.446
5/11/2004,2.686,#N/A N/A,4.448
5/12/2004,2.7,#N/A N/A,4.478
5/13/2004,2.728,#N/A N/A,4.499
5/14/2004,2.69,#N/A N/A,4.459
5/17/2004,2.636,#N/A N/A,4.424
5/18/2004,2.652,#N/A N/A,4.443
5/19/2004,2.706,#N/A N/A,4.492
5/20/2004,2.689,#N/A N/A,4.475
5/21/2004,2.67,#N/A N/A,4.456
5/24/2004,2.694,#N/A N/A,4.479
5/25/2004,2.673,#N/A N/A,4.463
5/26/2004,2.655,#N/A N/A,4.435
5/27/2004,2.597,#N/A N/A,4.391
5/28/2004,2.654,#N/A N/A,4.436
5/31/2004,2.681,#N/A N/A,4.48
6/1/2004,2.706,#N/A N/A,4.479
6/2/2004,2.72,#N/A N/A,4.491
6/3/2004,2.725,#N/A N/A,4.494
6/4/2004,2.745,#N/A N/A,4.502
6/7/2004,2.736,#N/A N/A,4.49
6/8/2004,2.729,#N/A N/A,4.472
6/9/2004,2.757,#N/A N/A,4.502
6/10/2004,2.795,#N/A N/A,4.508
6/11/2004,2.85,#N/A N/A,4.531
6/14/2004,2.864,#N/A N/A,4.527
6/15/2004,2.783,#N/A N/A,4.446
6/16/2004,2.821,#N/A N/A,4.478
6/17/2004,2.848,#N/A N/A,4.489
6/18/2004,2.796,#N/A N/A,4.455
6/21/2004,2.787,#N/A N/A,4.444
6/22/2004,2.805,#N/A N/A,4.463
6/23/2004,2.789,#N/A N/A,4.465
6/24/2004,2.722,#N/A N/A,4.401
6/25/2004,2.732,#N/A N/A,4.425
6/28/2004,2.779,#N/A N/A,4.47
6/29/2004,2.79,#N/A N/A,4.471
6/30/2004,2.734,#N/A N/A,4.419
7/1/2004,2.709,#N/A N/A,4.419
7/2/2004,2.633,#N/A N/A,4.361
7/5/2004,2.629,#N/A N/A,4.362
7/6/2004,2.637,#N/A N/A,4.36
7/7/2004,2.606,#N/A N/A,4.337
7/8/2004,2.604,#N/A N/A,4.332
7/9/2004,2.61,#N/A N/A,4.333
7/12/2004,2.6,#N/A N/A,4.319
7/13/2004,2.652,#N/A N/A,4.366
7/14/2004,2.642,#N/A N/A,4.356
7/15/2004,2.646,#N/A N/A,4.357
7/16/2004,2.572,#N/A N/A,4.296
7/19/2004,2.568,#N/A N/A,4.294
7/20/2004,2.582,#N/A N/A,4.312
7/21/2004,2.665,#N/A N/A,4.38
7/22/2004,2.635,#N/A N/A,4.352
7/23/2004,2.652,#N/A N/A,4.347
7/26/2004,2.682,#N/A N/A,4.37
7/27/2004,2.711,#N/A N/A,4.389
7/28/2004,2.711,#N/A N/A,4.401
7/29/2004,2.682,#N/A N/A,4.378
7/30/2004,2.622,#N/A N/A,4.319
8/2/2004,2.599,#N/A N/A,4.302
8/3/2004,2.589,#N/A N/A,4.295
8/4/2004,2.573,#N/A N/A,4.282
8/5/2004,2.537,#N/A N/A,4.253
8/6/2004,2.459,#N/A N/A,4.178
8/9/2004,2.468,#N/A N/A,4.181
8/10/2004,2.465,#N/A N/A,4.168
8/11/2004,2.488,#N/A N/A,4.194
8/12/2004,2.474,#N/A N/A,4.174
8/13/2004,2.442,#N/A N/A,4.152
8/16/2004,2.476,#N/A N/A,4.191
8/17/2004,2.456,#N/A N/A,4.171
8/18/2004,2.464,#N/A N/A,4.183
8/19/2004,2.461,#N/A N/A,4.177
8/20/2004,2.447,#N/A N/A,4.166
8/23/2004,2.5,#N/A N/A,4.22
8/24/2004,2.51,#N/A N/A,4.216
8/25/2004,2.476,#N/A N/A,4.178
8/26/2004,2.469,#N/A N/A,4.167
8/27/2004,2.46,#N/A N/A,4.17
8/30/2004,2.465,#N/A N/A,4.163
8/31/2004,2.425,#N/A N/A,4.121
9/1/2004,2.443,#N/A N/A,4.139
9/2/2004,2.491,#N/A N/A,4.169
9/3/2004,2.596,#N/A N/A,4.245
9/6/2004,2.593,#N/A N/A,4.235
9/7/2004,2.63,#N/A N/A,4.241
9/8/2004,2.626,#N/A N/A,4.228
9/9/2004,2.578,#N/A N/A,4.178
9/10/2004,2.551,#N/A N/A,4.156
9/13/2004,2.585,#N/A N/A,4.166
9/14/2004,2.558,#N/A N/A,4.151
9/15/2004,2.573,#N/A N/A,4.158
9/16/2004,2.564,#N/A N/A,4.146
9/17/2004,2.536,#N/A N/A,4.117
9/20/2004,2.536,#N/A N/A,4.101
9/21/2004,2.546,#N/A N/A,4.108
9/22/2004,2.526,#N/A N/A,4.067
9/23/2004,2.487,#N/A N/A,4.039
9/24/2004,2.518,#N/A N/A,4.06
9/27/2004,2.496,#N/A N/A,4.031
9/28/2004,2.508,#N/A N/A,4.039
9/29/2004,2.531,#N/A N/A,4.079
9/30/2004,2.5,#N/A N/A,4.078
10/1/2004,2.502,#N/A N/A,4.11
10/4/2004,2.534,#N/A N/A,4.121
10/5/2004,2.505,#N/A N/A,4.084
10/6/2004,2.507,#N/A N/A,4.08
10/7/2004,2.51,#N/A N/A,4.105
10/8/2004,2.438,#N/A N/A,4.035
10/11/2004,2.437,#N/A N/A,4.043
10/12/2004,2.409,#N/A N/A,4.003
10/13/2004,2.414,#N/A N/A,4.003
10/14/2004,2.39,#N/A N/A,3.977
10/15/2004,2.376,#N/A N/A,3.987
10/18/2004,2.361,#N/A N/A,3.976
10/19/2004,2.367,#N/A N/A,3.997
10/20/2004,2.333,#N/A N/A,3.95
10/21/2004,2.345,#N/A N/A,3.954
10/22/2004,2.352,#N/A N/A,3.949
10/25/2004,2.323,#N/A N/A,3.913
10/26/2004,2.326,#N/A N/A,3.915
10/27/2004,2.345,#N/A N/A,3.93
10/28/2004,2.374,#N/A N/A,3.976
10/29/2004,2.37,#N/A N/A,3.959
11/1/2004,2.353,#N/A N/A,3.957
11/2/2004,2.398,#N/A N/A,3.993
11/3/2004,2.387,#N/A N/A,3.982
11/4/2004,2.348,#N/A N/A,3.93
11/5/2004,2.426,#N/A N/A,3.99
11/8/2004,2.436,#N/A N/A,3.984
11/9/2004,2.394,#N/A N/A,3.948
11/10/2004,2.391,#N/A N/A,3.951
11/11/2004,2.338,#N/A N/A,3.901
11/12/2004,2.314,#N/A N/A,3.859
11/15/2004,2.34,#N/A N/A,3.857
11/16/2004,2.359,#N/A N/A,3.831
11/17/2004,2.36,#N/A N/A,3.847
11/18/2004,2.396,#N/A N/A,3.892
11/19/2004,2.38,#N/A N/A,3.868
11/22/2004,2.356,#N/A N/A,3.843
11/23/2004,2.337,#N/A N/A,3.826
11/24/2004,2.317,#N/A N/A,3.824
11/25/2004,2.281,#N/A N/A,3.797
11/26/2004,2.283,#N/A N/A,3.796
11/29/2004,2.316,#N/A N/A,3.84
11/30/2004,2.298,#N/A N/A,3.819
12/1/2004,2.275,#N/A N/A,3.802
12/2/2004,2.339,#N/A N/A,3.855
12/3/2004,2.276,#N/A N/A,3.778
12/6/2004,2.238,#N/A N/A,3.738
12/7/2004,2.23,#N/A N/A,3.711
12/8/2004,2.235,#N/A N/A,3.678
12/9/2004,2.238,#N/A N/A,3.648
12/10/2004,2.434,#N/A N/A,3.638
12/13/2004,2.425,#N/A N/A,3.614
12/14/2004,2.438,#N/A N/A,3.614
12/15/2004,2.412,#N/A N/A,3.554
12/16/2004,2.469,#N/A N/A,3.587
12/17/2004,2.518,#N/A N/A,3.634
12/20/2004,2.482,#N/A N/A,3.611
12/21/2004,2.542,#N/A N/A,3.638
12/22/2004,2.569,#N/A N/A,3.641
12/23/2004,2.524,#N/A N/A,3.611
12/24/2004,2.527,#N/A N/A,3.613
12/27/2004,2.536,#N/A N/A,3.634
12/28/2004,2.585,#N/A N/A,3.691
12/29/2004,2.627,#N/A N/A,3.726
12/30/2004,2.594,#N/A N/A,3.701
12/31/2004,2.582,#N/A N/A,3.696
1/3/2005,2.57,#N/A N/A,3.654
1/4/2005,2.594,#N/A N/A,3.666
1/5/2005,2.584,#N/A N/A,3.67
1/6/2005,2.54,#N/A N/A,3.638
1/7/2005,2.536,#N/A N/A,3.621
1/10/2005,2.517,#N/A N/A,3.603
1/11/2005,2.523,#N/A N/A,3.61
1/12/2005,2.525,#N/A N/A,3.611
1/13/2005,2.472,#N/A N/A,3.571
1/14/2005,2.485,#N/A N/A,3.568
1/17/2005,2.482,#N/A N/A,3.553
1/18/2005,2.488,#N/A N/A,3.551
1/19/2005,2.485,#N/A N/A,3.531
1/20/2005,2.515,#N/A N/A,3.582
1/21/2005,2.494,#N/A N/A,3.581
1/24/2005,2.477,#N/A N/A,3.554
1/25/2005,2.483,#N/A N/A,3.559
1/26/2005,2.501,#N/A N/A,3.569
1/27/2005,2.532,#N/A N/A,3.597
1/28/2005,2.489,#N/A N/A,3.552
1/31/2005,2.493,#N/A N/A,3.547
2/1/2005,2.495,#N/A N/A,3.533
2/2/2005,2.512,#N/A N/A,3.548
2/3/2005,2.533,#N/A N/A,3.56
2/4/2005,2.499,#N/A N/A,3.494
2/7/2005,2.518,#N/A N/A,3.478
2/8/2005,2.523,#N/A N/A,3.459
2/9/2005,2.497,#N/A N/A,3.439
2/10/2005,2.473,#N/A N/A,3.439
2/11/2005,2.474,#N/A N/A,3.456
2/14/2005,2.496,#N/A N/A,3.482
2/15/2005,2.526,#N/A N/A,3.504
2/16/2005,2.536,#N/A N/A,3.539
2/17/2005,2.552,#N/A N/A,3.567
2/18/2005,2.6,#N/A N/A,3.655
2/21/2005,2.621,#N/A N/A,3.694
2/22/2005,2.604,#N/A N/A,3.687
2/23/2005,2.589,#N/A N/A,3.687
2/24/2005,2.604,#N/A N/A,3.711
2/25/2005,2.607,#N/A N/A,3.7
2/28/2005,2.604,#N/A N/A,3.702
3/1/2005,2.599,#N/A N/A,3.72
3/2/2005,2.608,#N/A N/A,3.763
3/3/2005,2.582,#N/A N/A,3.747
3/4/2005,2.536,#N/A N/A,3.686
3/7/2005,2.505,#N/A N/A,3.661
3/8/2005,2.519,#N/A N/A,3.701
3/9/2005,2.549,#N/A N/A,3.754
3/10/2005,2.552,#N/A N/A,3.767
3/11/2005,2.538,#N/A N/A,3.759
3/14/2005,2.557,#N/A N/A,3.764
3/15/2005,2.529,#N/A N/A,3.704
3/16/2005,2.554,#N/A N/A,3.661
3/17/2005,2.565,#N/A N/A,3.674
3/18/2005,2.585,#N/A N/A,3.702
3/21/2005,2.629,#N/A N/A,3.729
3/22/2005,2.603,#N/A N/A,3.688
3/23/2005,2.642,#N/A N/A,3.739
3/24/2005,2.63,#N/A N/A,3.708
3/25/2005,2.636,#N/A N/A,3.711
3/28/2005,2.638,#N/A N/A,3.712
3/29/2005,2.627,#N/A N/A,3.707
3/30/2005,2.588,#N/A N/A,3.674
3/31/2005,2.532,#N/A N/A,3.623
4/1/2005,2.509,#N/A N/A,3.614
4/4/2005,2.492,#N/A N/A,3.585
4/5/2005,2.499,#N/A N/A,3.596
4/6/2005,2.484,#N/A N/A,3.589
4/7/2005,2.445,#N/A N/A,3.545
4/8/2005,2.446,#N/A N/A,3.573
4/11/2005,2.432,#N/A N/A,3.551
4/12/2005,2.439,#N/A N/A,3.539
4/13/2005,2.423,#N/A N/A,3.508
4/14/2005,2.424,#N/A N/A,3.526
4/15/2005,2.38,#N/A N/A,3.489
4/18/2005,2.354,#N/A N/A,3.459
4/19/2005,2.338,#N/A N/A,3.443
4/20/2005,2.342,#N/A N/A,3.453
4/21/2005,2.358,#N/A N/A,3.48
4/22/2005,2.344,#N/A N/A,3.465
4/25/2005,2.342,#N/A N/A,3.444
4/26/2005,2.345,#N/A N/A,3.443
4/27/2005,2.316,#N/A N/A,3.409
4/28/2005,2.293,#N/A N/A,3.396
4/29/2005,2.283,#N/A N/A,3.396
5/2/2005,2.286,#N/A N/A,3.399
5/3/2005,2.258,#N/A N/A,3.378
5/4/2005,2.281,#N/A N/A,3.418
5/5/2005,2.266,#N/A N/A,3.404
5/6/2005,2.308,#N/A N/A,3.446
5/9/2005,2.293,#N/A N/A,3.42
5/10/2005,2.254,#N/A N/A,3.363
5/11/2005,2.242,#N/A N/A,3.324
5/12/2005,2.262,#N/A N/A,3.331
5/13/2005,2.268,#N/A N/A,3.309
5/16/2005,2.261,#N/A N/A,3.311
5/17/2005,2.257,#N/A N/A,3.305
5/18/2005,2.252,#N/A N/A,3.282
5/19/2005,2.27,#N/A N/A,3.306
5/20/2005,2.301,#N/A N/A,3.331
5/23/2005,2.284,#N/A N/A,3.293
5/24/2005,2.238,#N/A N/A,3.26
5/25/2005,2.21,#N/A N/A,3.265
5/26/2005,2.215,#N/A N/A,3.281
5/27/2005,2.204,#N/A N/A,3.291
5/30/2005,2.21,#N/A N/A,3.294
5/31/2005,2.164,#N/A N/A,3.232
6/1/2005,2.109,#N/A N/A,3.198
6/2/2005,2.117,#N/A N/A,3.175
6/3/2005,2.125,#N/A N/A,3.194
6/6/2005,2.104,#N/A N/A,3.174
6/7/2005,2.058,#N/A N/A,3.117
6/8/2005,2.034,#N/A N/A,3.084
6/9/2005,2.046,#N/A N/A,3.09
6/10/2005,2.079,#N/A N/A,3.104
6/13/2005,2.078,#N/A N/A,3.146
6/14/2005,2.092,#N/A N/A,3.159
6/15/2005,2.156,#N/A N/A,3.249
6/16/2005,2.173,#N/A N/A,3.269
6/17/2005,2.159,#N/A N/A,3.246
6/20/2005,2.117,#N/A N/A,3.254
6/21/2005,2.055,#N/A N/A,3.174
6/22/2005,2.004,#N/A N/A,3.099
6/23/2005,2.024,#N/A N/A,3.108
6/24/2005,2.024,#N/A N/A,3.087
6/27/2005,1.998,#N/A N/A,3.067
6/28/2005,2.032,#N/A N/A,3.114
6/29/2005,2.033,#N/A N/A,3.135
6/30/2005,2.008,#N/A N/A,3.081
7/1/2005,2.051,#N/A N/A,3.105
7/4/2005,2.093,#N/A N/A,3.121
7/5/2005,2.145,#N/A N/A,3.162
7/6/2005,2.151,#N/A N/A,3.17
7/7/2005,2.102,#N/A N/A,3.13
7/8/2005,2.132,#N/A N/A,3.129
7/11/2005,2.17,#N/A N/A,3.178
7/12/2005,2.171,#N/A N/A,3.174
7/13/2005,2.186,#N/A N/A,3.198
7/14/2005,2.201,#N/A N/A,3.234
7/15/2005,2.204,#N/A N/A,3.232
7/18/2005,2.189,#N/A N/A,3.207
7/19/2005,2.206,#N/A N/A,3.233
7/20/2005,2.211,#N/A N/A,3.25
7/21/2005,2.195,#N/A N/A,3.247
7/22/2005,2.157,#N/A N/A,3.186
7/25/2005,2.156,#N/A N/A,3.168
7/26/2005,2.186,#N/A N/A,3.194
7/27/2005,2.178,#N/A N/A,3.176
7/28/2005,2.2,#N/A N/A,3.185
7/29/2005,2.219,#N/A N/A,3.195
8/1/2005,2.255,#N/A N/A,3.251
8/2/2005,2.268,#N/A N/A,3.28
8/3/2005,2.259,#N/A N/A,3.27
8/4/2005,2.267,#N/A N/A,3.276
8/5/2005,2.304,#N/A N/A,3.323
8/8/2005,2.302,#N/A N/A,3.315
8/9/2005,2.315,#N/A N/A,3.317
8/10/2005,2.304,#N/A N/A,3.294
8/11/2005,2.291,#N/A N/A,3.287
8/12/2005,2.251,#N/A N/A,3.24
8/15/2005,2.225,#N/A N/A,3.224
8/16/2005,2.193,#N/A N/A,3.181
8/17/2005,2.188,#N/A N/A,3.177
8/18/2005,2.171,#N/A N/A,3.147
8/19/2005,2.18,#N/A N/A,3.144
8/22/2005,2.177,#N/A N/A,3.135
8/23/2005,2.196,#N/A N/A,3.121
8/24/2005,2.203,#N/A N/A,3.117
8/25/2005,2.181,#N/A N/A,3.093
8/26/2005,2.206,#N/A N/A,3.099
8/29/2005,2.219,#N/A N/A,3.102
8/30/2005,2.226,#N/A N/A,3.101
8/31/2005,2.183,#N/A N/A,3.052
9/1/2005,2.13,#N/A N/A,3.016
9/2/2005,2.111,#N/A N/A,3.008
9/5/2005,2.105,#N/A N/A,2.999
9/6/2005,2.133,#N/A N/A,3.025
9/7/2005,2.142,#N/A N/A,3.044
9/8/2005,2.135,#N/A N/A,3.017
9/9/2005,2.144,#N/A N/A,2.997
9/12/2005,2.199,#N/A N/A,3.072
9/13/2005,2.187,#N/A N/A,3.043
9/14/2005,2.199,#N/A N/A,3.039
9/15/2005,2.219,#N/A N/A,3.057
9/16/2005,2.239,#N/A N/A,3.085
9/19/2005,2.216,#N/A N/A,3.043
9/20/2005,2.206,#N/A N/A,3.032
9/21/2005,2.178,#N/A N/A,2.971
9/22/2005,2.176,#N/A N/A,2.975
9/23/2005,2.225,#N/A N/A,3.007
9/26/2005,2.266,#N/A N/A,3.07
9/27/2005,2.283,#N/A N/A,3.076
9/28/2005,2.3,#N/A N/A,3.077
9/29/2005,2.344,#N/A N/A,3.102
9/30/2005,2.348,#N/A N/A,3.093
10/3/2005,2.37,#N/A N/A,3.138
10/4/2005,2.366,#N/A N/A,3.126
10/5/2005,2.356,#N/A N/A,3.114
10/6/2005,2.39,#N/A N/A,3.126
10/7/2005,2.409,#N/A N/A,3.118
10/10/2005,2.403,#N/A N/A,3.103
10/11/2005,2.415,#N/A N/A,3.128
10/12/2005,2.421,#N/A N/A,3.161
10/13/2005,2.438,#N/A N/A,3.219
10/14/2005,2.433,#N/A N/A,3.226
10/17/2005,2.461,#N/A N/A,3.229
10/18/2005,2.453,#N/A N/A,3.223
10/19/2005,2.42,#N/A N/A,3.195
10/20/2005,2.465,#N/A N/A,3.226
10/21/2005,2.436,#N/A N/A,3.168
10/24/2005,2.435,#N/A N/A,3.172
10/25/2005,2.5,#N/A N/A,3.247
10/26/2005,2.534,#N/A N/A,3.316
10/27/2005,2.568,#N/A N/A,3.339
10/28/2005,2.578,#N/A N/A,3.343
10/31/2005,2.583,#N/A N/A,3.33
11/1/2005,2.6,#N/A N/A,3.356
11/2/2005,2.633,#N/A N/A,3.398
11/3/2005,2.634,#N/A N/A,3.408
11/4/2005,2.657,#N/A N/A,3.431
11/7/2005,2.682,#N/A N/A,3.439
11/8/2005,2.665,#N/A N/A,3.4
11/9/2005,2.719,#N/A N/A,3.458
11/10/2005,2.705,#N/A N/A,3.459
11/11/2005,2.703,#N/A N/A,3.447
11/14/2005,2.723,#N/A N/A,3.47
11/15/2005,2.69,#N/A N/A,3.441
11/16/2005,2.644,#N/A N/A,3.36
11/17/2005,2.674,#N/A N/A,3.378
11/18/2005,2.787,#N/A N/A,3.474
11/21/2005,2.745,#N/A N/A,3.422
11/22/2005,2.74,#N/A N/A,3.418
11/23/2005,2.733,#N/A N/A,3.405
11/24/2005,2.677,#N/A N/A,3.324
11/25/2005,2.69,#N/A N/A,3.331
11/28/2005,2.709,#N/A N/A,3.327
11/29/2005,2.744,#N/A N/A,3.376
11/30/2005,2.745,#N/A N/A,3.37
12/1/2005,2.692,#N/A N/A,3.323
12/2/2005,2.654,#N/A N/A,3.313
12/5/2005,2.677,#N/A N/A,3.33
12/6/2005,2.669,#N/A N/A,3.288
12/7/2005,2.686,#N/A N/A,3.323
12/8/2005,2.688,#N/A N/A,3.295
12/9/2005,2.747,#N/A N/A,3.362
12/12/2005,2.743,#N/A N/A,3.339
12/13/2005,2.754,#N/A N/A,3.321
12/14/2005,2.734,#N/A N/A,3.287
12/15/2005,2.766,#N/A N/A,3.301
12/16/2005,2.759,#N/A N/A,3.268
12/19/2005,2.765,#N/A N/A,3.264
12/20/2005,2.781,#N/A N/A,3.272
12/21/2005,2.812,#N/A N/A,3.322
12/22/2005,2.815,#N/A N/A,3.285
12/23/2005,2.804,#N/A N/A,3.255
12/26/2005,2.804,#N/A N/A,3.26
12/27/2005,2.807,#N/A N/A,3.254
12/28/2005,2.782,#N/A N/A,3.222
12/29/2005,2.819,#N/A N/A,3.253
12/30/2005,2.802,#N/A N/A,3.236
1/2/2006,2.831,#N/A N/A,3.258
1/3/2006,2.814,#N/A N/A,3.25
1/4/2006,2.721,#N/A N/A,3.207
1/5/2006,2.704,#N/A N/A,3.198
1/6/2006,2.7,#N/A N/A,3.185
1/9/2006,2.815,#N/A N/A,3.186
1/10/2006,2.862,#N/A N/A,3.213
1/11/2006,2.887,#N/A N/A,3.227
1/12/2006,2.865,#N/A N/A,3.207
1/13/2006,2.848,#N/A N/A,3.194
1/16/2006,2.844,#N/A N/A,3.205
1/17/2006,2.827,#N/A N/A,3.198
1/18/2006,2.843,#N/A N/A,3.213
1/19/2006,2.903,#N/A N/A,3.274
1/20/2006,2.929,#N/A N/A,3.31
1/23/2006,2.937,#N/A N/A,3.32
1/24/2006,2.92,#N/A N/A,3.306
1/25/2006,2.946,#N/A N/A,3.371
1/26/2006,2.971,#N/A N/A,3.426
1/27/2006,2.976,#N/A N/A,3.423
1/30/2006,3.002,#N/A N/A,3.419
1/31/2006,3.002,#N/A N/A,3.415
2/1/2006,3.037,#N/A N/A,3.473
2/2/2006,3.015,#N/A N/A,3.457
2/3/2006,3.002,#N/A N/A,3.438
2/6/2006,3.006,#N/A N/A,3.436
2/7/2006,3.011,#N/A N/A,3.463
2/8/2006,2.998,#N/A N/A,3.453
2/9/2006,2.971,#N/A N/A,3.427
2/10/2006,2.962,#N/A N/A,3.427
2/13/2006,2.976,#N/A N/A,3.443
2/14/2006,2.971,#N/A N/A,3.444
2/15/2006,2.975,#N/A N/A,3.453
2/16/2006,2.984,#N/A N/A,3.461
2/17/2006,2.936,#N/A N/A,3.397
2/20/2006,2.931,#N/A N/A,3.387
2/21/2006,2.958,#N/A N/A,3.399
2/22/2006,2.958,#N/A N/A,3.37
2/23/2006,3.02,#N/A N/A,3.431
2/24/2006,3.034,#N/A N/A,3.442
2/27/2006,3.083,#N/A N/A,3.486
2/28/2006,3.061,#N/A N/A,3.442
3/1/2006,3.07,#N/A N/A,3.468
3/2/2006,3.124,#N/A N/A,3.534
3/3/2006,3.156,#N/A N/A,3.551
3/6/2006,3.152,#N/A N/A,3.546
3/7/2006,3.161,#N/A N/A,3.562
3/8/2006,3.185,#N/A N/A,3.606
3/9/2006,3.171,#N/A N/A,3.608
3/10/2006,3.208,#N/A N/A,3.647
3/13/2006,3.227,#N/A N/A,3.673
3/14/2006,3.19,#N/A N/A,3.612
3/15/2006,3.223,#N/A N/A,3.648
3/16/2006,3.219,#N/A N/A,3.614
3/17/2006,3.247,#N/A N/A,3.647
3/20/2006,3.219,#N/A N/A,3.618
3/21/2006,3.224,#N/A N/A,3.622
3/22/2006,3.216,#N/A N/A,3.602
3/23/2006,3.23,#N/A N/A,3.633
3/24/2006,3.188,#N/A N/A,3.593
3/27/2006,3.189,#N/A N/A,3.599
3/28/2006,3.282,#N/A N/A,3.69
3/29/2006,3.312,#N/A N/A,3.723
3/30/2006,3.331,#N/A N/A,3.749
3/31/2006,3.317,#N/A N/A,3.735
4/3/2006,3.36,#N/A N/A,3.786
4/4/2006,3.351,#N/A N/A,3.805
4/5/2006,3.338,#N/A N/A,3.817
4/6/2006,3.315,#N/A N/A,3.861
4/7/2006,3.301,#N/A N/A,3.862
4/10/2006,3.316,#N/A N/A,3.858
4/11/2006,3.313,#N/A N/A,3.841
4/12/2006,3.323,#N/A N/A,3.855
4/13/2006,3.362,#N/A N/A,3.923
4/14/2006,3.357,#N/A N/A,3.926
4/17/2006,3.362,#N/A N/A,3.923
4/18/2006,3.343,#N/A N/A,3.921
4/19/2006,3.344,#N/A N/A,3.923
4/20/2006,3.33,#N/A N/A,3.898
4/21/2006,3.34,#N/A N/A,3.92
4/24/2006,3.346,#N/A N/A,3.913
4/25/2006,3.4,#N/A N/A,3.961
4/26/2006,3.436,#N/A N/A,3.971
4/27/2006,3.402,#N/A N/A,3.938
4/28/2006,3.403,#N/A N/A,3.923
5/1/2006,3.403,#N/A N/A,3.92
5/2/2006,3.423,#N/A N/A,3.954
5/3/2006,3.425,#N/A N/A,3.974
5/4/2006,3.44,#N/A N/A,4.001
5/5/2006,3.421,#N/A N/A,3.965
5/8/2006,3.446,#N/A N/A,3.981
5/9/2006,3.441,#N/A N/A,3.991
5/10/2006,3.399,#N/A N/A,3.947
5/11/2006,3.459,#N/A N/A,4.027
5/12/2006,3.435,#N/A N/A,4.04
5/15/2006,3.356,#N/A N/A,3.974
5/16/2006,3.321,#N/A N/A,3.933
5/17/2006,3.358,#N/A N/A,4.007
5/18/2006,3.333,#N/A N/A,3.959
5/19/2006,3.324,#N/A N/A,3.923
5/22/2006,3.269,#N/A N/A,3.852
5/23/2006,3.29,#N/A N/A,3.866
5/24/2006,3.281,#N/A N/A,3.825
5/25/2006,3.281,#N/A N/A,3.812
5/26/2006,3.287,#N/A N/A,3.82
5/29/2006,3.307,#N/A N/A,3.826
5/30/2006,3.343,#N/A N/A,3.874
5/31/2006,3.39,#N/A N/A,3.92
6/1/2006,3.411,#N/A N/A,3.934
6/2/2006,3.376,#N/A N/A,3.866
6/5/2006,3.428,#N/A N/A,3.909
6/6/2006,3.444,#N/A N/A,3.93
6/7/2006,3.451,#N/A N/A,3.947
6/8/2006,3.37,#N/A N/A,3.876
6/9/2006,3.352,#N/A N/A,3.873
6/12/2006,3.329,#N/A N/A,3.856
6/13/2006,3.309,#N/A N/A,3.809
6/14/2006,3.353,#N/A N/A,3.839
6/15/2006,3.39,#N/A N/A,3.89
6/16/2006,3.382,#N/A N/A,3.88
6/19/2006,3.431,#N/A N/A,3.919
6/20/2006,3.458,#N/A N/A,3.941
6/21/2006,3.476,#N/A N/A,3.962
6/22/2006,3.492,#N/A N/A,4.006
6/23/2006,3.519,#N/A N/A,4.026
6/26/2006,3.558,#N/A N/A,4.039
6/27/2006,3.574,#N/A N/A,4.133
6/28/2006,3.571,#N/A N/A,4.137
6/29/2006,3.54,#N/A N/A,4.102
6/30/2006,3.556,#N/A N/A,4.105
7/3/2006,3.568,#N/A N/A,4.127
7/4/2006,3.558,#N/A N/A,4.114
7/5/2006,3.601,#N/A N/A,4.174
7/6/2006,3.611,#N/A N/A,4.151
7/7/2006,3.585,#N/A N/A,4.102
7/10/2006,3.6,#N/A N/A,4.124
7/11/2006,3.563,#N/A N/A,4.085
7/12/2006,3.595,#N/A N/A,4.123
7/13/2006,3.55,#N/A N/A,4.084
7/14/2006,3.492,#N/A N/A,4.019
7/17/2006,3.507,#N/A N/A,4.03
7/18/2006,3.542,#N/A N/A,4.052
7/19/2006,3.532,#N/A N/A,4.022
7/20/2006,3.533,#N/A N/A,4.022
7/21/2006,3.505,#N/A N/A,3.991
7/24/2006,3.514,#N/A N/A,3.993
7/25/2006,3.515,#N/A N/A,4.001
7/26/2006,3.546,#N/A N/A,4.023
7/27/2006,3.51,#N/A N/A,3.987
7/28/2006,3.495,#N/A N/A,3.961
7/31/2006,3.495,#N/A N/A,3.961
8/1/2006,3.492,#N/A N/A,3.97
8/2/2006,3.5,#N/A N/A,3.975
8/3/2006,3.563,#N/A N/A,4.015
8/4/2006,3.532,#N/A N/A,3.949
8/7/2006,3.525,#N/A N/A,3.948
8/8/2006,3.532,#N/A N/A,3.945
8/9/2006,3.556,#N/A N/A,3.976
8/10/2006,3.55,#N/A N/A,3.975
8/11/2006,3.592,#N/A N/A,4.021
8/14/2006,3.626,#N/A N/A,4.048
8/15/2006,3.615,#N/A N/A,4.012
8/16/2006,3.601,#N/A N/A,3.976
8/17/2006,3.608,#N/A N/A,3.963
8/18/2006,3.61,#N/A N/A,3.946
8/21/2006,3.58,#N/A N/A,3.905
8/22/2006,3.5,#N/A N/A,3.851
8/23/2006,3.51,#N/A N/A,3.868
8/24/2006,3.503,#N/A N/A,3.85
8/25/2006,3.49,#N/A N/A,3.834
8/28/2006,3.486,#N/A N/A,3.836
8/29/2006,3.525,#N/A N/A,3.869
8/30/2006,3.512,#N/A N/A,3.841
8/31/2006,3.501,#N/A N/A,3.8
9/1/2006,3.505,#N/A N/A,3.784
9/4/2006,3.515,#N/A N/A,3.788
9/5/2006,3.547,#N/A N/A,3.827
9/6/2006,3.588,#N/A N/A,3.871
9/7/2006,3.596,#N/A N/A,3.855
9/8/2006,3.597,#N/A N/A,3.823
9/11/2006,3.627,#N/A N/A,3.842
9/12/2006,3.637,#N/A N/A,3.876
9/13/2006,3.624,#N/A N/A,3.829
9/14/2006,3.632,#N/A N/A,3.831
9/15/2006,3.628,#N/A N/A,3.814
9/18/2006,3.666,#N/A N/A,3.87
9/19/2006,3.624,#N/A N/A,3.819
9/20/2006,3.615,#N/A N/A,3.81
9/21/2006,3.594,#N/A N/A,3.793
9/22/2006,3.509,#N/A N/A,3.731
9/25/2006,3.45,#N/A N/A,3.7
9/26/2006,3.477,#N/A N/A,3.694
9/27/2006,3.502,#N/A N/A,3.709
9/28/2006,3.527,#N/A N/A,3.726
9/29/2006,3.552,#N/A N/A,3.741
10/2/2006,3.546,#N/A N/A,3.725
10/3/2006,3.574,#N/A N/A,3.77
10/4/2006,3.553,#N/A N/A,3.733
10/5/2006,3.556,#N/A N/A,3.747
10/6/2006,3.569,#N/A N/A,3.785
10/9/2006,3.587,#N/A N/A,3.795
10/10/2006,3.63,#N/A N/A,3.845
10/11/2006,3.634,#N/A N/A,3.844
10/12/2006,3.623,#N/A N/A,3.839
10/13/2006,3.639,#N/A N/A,3.87
10/16/2006,3.634,#N/A N/A,3.869
10/17/2006,3.612,#N/A N/A,3.839
10/18/2006,3.613,#N/A N/A,3.856
10/19/2006,3.631,#N/A N/A,3.882
10/20/2006,3.651,#N/A N/A,3.878
10/23/2006,3.683,#N/A N/A,3.917
10/24/2006,3.689,#N/A N/A,3.916
10/25/2006,3.697,#N/A N/A,3.925
10/26/2006,3.694,#N/A N/A,3.901
10/27/2006,3.676,#N/A N/A,3.849
10/30/2006,3.68,#N/A N/A,3.833
10/31/2006,3.637,#N/A N/A,3.781
11/1/2006,3.595,#N/A N/A,3.745
11/2/2006,3.625,#N/A N/A,3.778
11/3/2006,3.672,#N/A N/A,3.811
11/6/2006,3.694,#N/A N/A,3.831
11/7/2006,3.68,#N/A N/A,3.776
11/8/2006,3.703,#N/A N/A,3.784
11/9/2006,3.693,#N/A N/A,3.764
11/10/2006,3.657,#N/A N/A,3.737
11/13/2006,3.675,#N/A N/A,3.763
11/14/2006,3.67,#N/A N/A,3.736
11/15/2006,3.69,#N/A N/A,3.763
11/16/2006,3.705,#N/A N/A,3.772
11/17/2006,3.68,#N/A N/A,3.743
11/20/2006,3.649,#N/A N/A,3.732
11/21/2006,3.66,#N/A N/A,3.733
11/22/2006,3.643,#N/A N/A,3.733
11/23/2006,3.681,#N/A N/A,3.757
11/24/2006,3.649,#N/A N/A,3.713
11/27/2006,3.639,#N/A N/A,3.736
11/28/2006,3.633,#N/A N/A,3.719
11/29/2006,3.653,#N/A N/A,3.734
11/30/2006,3.635,#N/A N/A,3.709
12/1/2006,3.601,#N/A N/A,3.679
12/4/2006,3.584,#N/A N/A,3.685
12/5/2006,3.61,#N/A N/A,3.693
12/6/2006,3.634,#N/A N/A,3.702
12/7/2006,3.676,#N/A N/A,3.729
12/8/2006,3.684,#N/A N/A,3.749
12/11/2006,3.698,#N/A N/A,3.765
12/12/2006,3.704,#N/A N/A,3.76
12/13/2006,3.725,#N/A N/A,3.774
12/14/2006,3.761,#N/A N/A,3.809
12/15/2006,3.766,#N/A N/A,3.83
12/18/2006,3.783,#N/A N/A,3.86
12/19/2006,3.806,#N/A N/A,3.897
12/20/2006,3.808,#N/A N/A,3.893
12/21/2006,3.82,#N/A N/A,3.907
12/22/2006,3.829,#N/A N/A,3.915
12/25/2006,3.827,#N/A N/A,3.912
12/26/2006,3.829,#N/A N/A,3.912
12/27/2006,3.867,#N/A N/A,3.96
12/28/2006,3.879,#N/A N/A,3.986
12/29/2006,3.872,#N/A N/A,3.977
1/1/2007,3.87,#N/A N/A,3.972
1/2/2007,3.854,#N/A N/A,3.962
1/3/2007,3.86,#N/A N/A,3.978
1/4/2007,3.852,#N/A N/A,3.959
1/5/2007,3.897,#N/A N/A,4.012
1/8/2007,3.879,#N/A N/A,4.001
1/9/2007,3.9,#N/A N/A,4.029
1/10/2007,3.917,#N/A N/A,4.045
1/11/2007,3.89,#N/A N/A,4.039
1/12/2007,3.919,#N/A N/A,4.088
1/15/2007,3.918,#N/A N/A,4.081
1/16/2007,3.92,#N/A N/A,4.068
1/17/2007,3.917,#N/A N/A,4.068
1/18/2007,3.94,#N/A N/A,4.089
1/19/2007,3.944,#N/A N/A,4.076
1/22/2007,3.919,#N/A N/A,4.046
1/23/2007,3.929,#N/A N/A,4.043
1/24/2007,3.948,#N/A N/A,4.062
1/25/2007,3.961,#N/A N/A,4.101
1/26/2007,3.967,#N/A N/A,4.115
1/29/2007,3.99,#N/A N/A,4.142
1/30/2007,3.985,#N/A N/A,4.133
1/31/2007,3.981,#N/A N/A,4.122
2/1/2007,3.963,#N/A N/A,4.114
2/2/2007,3.925,#N/A N/A,4.084
2/5/2007,3.903,#N/A N/A,4.055
2/6/2007,3.916,#N/A N/A,4.053
2/7/2007,3.933,#N/A N/A,4.052
2/8/2007,3.959,#N/A N/A,4.069
2/9/2007,3.981,#N/A N/A,4.113
2/12/2007,3.976,#N/A N/A,4.131
2/13/2007,3.992,#N/A N/A,4.148
2/14/2007,3.976,#N/A N/A,4.121
2/15/2007,3.936,#N/A N/A,4.067
2/16/2007,3.961,#N/A N/A,4.073
2/19/2007,3.979,#N/A N/A,4.089
2/20/2007,3.968,#N/A N/A,4.087
2/21/2007,3.966,#N/A N/A,4.08
2/22/2007,3.996,#N/A N/A,4.114
2/23/2007,3.968,#N/A N/A,4.074
2/26/2007,3.934,#N/A N/A,4.022
2/27/2007,3.902,#N/A N/A,3.99
2/28/2007,3.88,#N/A N/A,3.983
3/1/2007,3.869,#N/A N/A,3.972
3/2/2007,3.841,#N/A N/A,3.963
3/5/2007,3.84,#N/A N/A,3.938
3/6/2007,3.862,#N/A N/A,3.941
3/7/2007,3.868,#N/A N/A,3.944
3/8/2007,3.887,#N/A N/A,3.954
3/9/2007,3.916,#N/A N/A,3.983
3/12/2007,3.903,#N/A N/A,3.955
3/13/2007,3.891,#N/A N/A,3.928
3/14/2007,3.865,#N/A N/A,3.906
3/15/2007,3.898,#N/A N/A,3.932
3/16/2007,3.905,#N/A N/A,3.932
3/19/2007,3.934,#N/A N/A,3.953
3/20/2007,3.924,#N/A N/A,3.936
3/21/2007,3.929,#N/A N/A,3.954
3/22/2007,3.927,#N/A N/A,3.975
3/23/2007,3.954,#N/A N/A,4.03
3/26/2007,3.962,#N/A N/A,4.032
3/27/2007,3.98,#N/A N/A,4.052
3/28/2007,3.982,#N/A N/A,4.063
3/29/2007,4.004,#N/A N/A,4.083
3/30/2007,4.014,#N/A N/A,4.087
4/2/2007,4.04,#N/A N/A,4.105
4/3/2007,4.045,#N/A N/A,4.13
4/4/2007,4.026,#N/A N/A,4.106
4/5/2007,4.038,#N/A N/A,4.131
4/6/2007,4.057,#N/A N/A,4.135
4/9/2007,4.058,#N/A N/A,4.133
4/10/2007,4.072,#N/A N/A,4.165
4/11/2007,4.089,#N/A N/A,4.181
4/12/2007,4.11,#N/A N/A,4.218
4/13/2007,4.138,#N/A N/A,4.266
4/16/2007,4.126,#N/A N/A,4.243
4/17/2007,4.12,#N/A N/A,4.218
4/18/2007,4.113,#N/A N/A,4.19
4/19/2007,4.13,#N/A N/A,4.234
4/20/2007,4.135,#N/A N/A,4.24
4/23/2007,4.126,#N/A N/A,4.216
4/24/2007,4.12,#N/A N/A,4.201
4/25/2007,4.131,#N/A N/A,4.225
4/26/2007,4.164,#N/A N/A,4.257
4/27/2007,4.17,#N/A N/A,4.257
4/30/2007,4.124,#N/A N/A,4.192
5/1/2007,4.135,#N/A N/A,4.184
5/2/2007,4.175,#N/A N/A,4.25
5/3/2007,4.184,#N/A N/A,4.266
5/4/2007,4.164,#N/A N/A,4.23
5/7/2007,4.184,#N/A N/A,4.247
5/8/2007,4.167,#N/A N/A,4.23
5/9/2007,4.175,#N/A N/A,4.242
5/10/2007,4.173,#N/A N/A,4.247
5/11/2007,4.17,#N/A N/A,4.249
5/14/2007,4.21,#N/A N/A,4.302
5/15/2007,4.245,#N/A N/A,4.334
5/16/2007,4.27,#N/A N/A,4.338
5/17/2007,4.285,#N/A N/A,4.347
5/18/2007,4.28,#N/A N/A,4.346
5/21/2007,4.287,#N/A N/A,4.362
5/22/2007,4.308,#N/A N/A,4.379
5/23/2007,4.341,#N/A N/A,4.408
5/24/2007,4.322,#N/A N/A,4.396
5/25/2007,4.352,#N/A N/A,4.417
5/28/2007,4.378,#N/A N/A,4.429
5/29/2007,4.374,#N/A N/A,4.432
5/30/2007,4.375,#N/A N/A,4.43
5/31/2007,4.403,#N/A N/A,4.455
6/1/2007,4.439,#N/A N/A,4.49
6/4/2007,4.44,#N/A N/A,4.487
6/5/2007,4.453,#N/A N/A,4.525
6/6/2007,4.404,#N/A N/A,4.492
6/7/2007,4.455,#N/A N/A,4.576
6/8/2007,4.458,#N/A N/A,4.606
6/11/2007,4.456,#N/A N/A,4.601
6/12/2007,4.491,#N/A N/A,4.647
6/13/2007,4.512,#N/A N/A,4.683
6/14/2007,4.495,#N/A N/A,4.682
6/15/2007,4.508,#N/A N/A,4.698
6/18/2007,4.492,#N/A N/A,4.705
6/19/2007,4.454,#N/A N/A,4.659
6/20/2007,4.501,#N/A N/A,4.687
6/21/2007,4.492,#N/A N/A,4.693
6/22/2007,4.475,#N/A N/A,4.701
6/25/2007,4.456,#N/A N/A,4.667
6/26/2007,4.458,#N/A N/A,4.648
6/27/2007,4.428,#N/A N/A,4.592
6/28/2007,4.47,#N/A N/A,4.609
6/29/2007,4.484,#N/A N/A,4.617
7/2/2007,4.44,#N/A N/A,4.558
7/3/2007,4.468,#N/A N/A,4.608
7/4/2007,4.5,#N/A N/A,4.651
7/5/2007,4.535,#N/A N/A,4.699
7/6/2007,4.554,#N/A N/A,4.732
7/9/2007,4.546,#N/A N/A,4.724
7/10/2007,4.487,#N/A N/A,4.643
7/11/2007,4.496,#N/A N/A,4.64
7/12/2007,4.526,#N/A N/A,4.683
7/13/2007,4.535,#N/A N/A,4.676
7/16/2007,4.513,#N/A N/A,4.64
7/17/2007,4.532,#N/A N/A,4.658
7/18/2007,4.506,#N/A N/A,4.609
7/19/2007,4.522,#N/A N/A,4.614
7/20/2007,4.455,#N/A N/A,4.501
7/23/2007,4.453,#N/A N/A,4.504
7/24/2007,4.438,#N/A N/A,4.495
7/25/2007,4.418,#N/A N/A,4.471
7/26/2007,4.348,#N/A N/A,4.412
7/27/2007,4.328,#N/A N/A,4.413
7/30/2007,4.308,#N/A N/A,4.407
7/31/2007,4.343,#N/A N/A,4.443
8/1/2007,4.336,#N/A N/A,4.442
8/2/2007,4.372,#N/A N/A,4.46
8/3/2007,4.33,#N/A N/A,4.403
8/6/2007,4.318,#N/A N/A,4.409
8/7/2007,4.349,#N/A N/A,4.43
8/8/2007,4.419,#N/A N/A,4.504
8/9/2007,4.349,#N/A N/A,4.467
8/10/2007,4.271,#N/A N/A,4.438
8/13/2007,4.284,#N/A N/A,4.45
8/14/2007,4.267,#N/A N/A,4.435
8/15/2007,4.203,#N/A N/A,4.407
8/16/2007,4.034,#N/A N/A,4.323
8/17/2007,4.035,#N/A N/A,4.364
8/20/2007,4.026,#N/A N/A,4.349
8/21/2007,3.96,#N/A N/A,4.305
8/22/2007,4.104,#N/A N/A,4.372
8/23/2007,4.114,#N/A N/A,4.348
8/24/2007,4.111,#N/A N/A,4.341
8/27/2007,4.102,#N/A N/A,4.333
8/28/2007,4.068,#N/A N/A,4.31
8/29/2007,4.07,#N/A N/A,4.306
8/30/2007,4.077,#N/A N/A,4.314
8/31/2007,4.106,#N/A N/A,4.326
9/3/2007,4.124,#N/A N/A,4.347
9/4/2007,4.122,#N/A N/A,4.359
9/5/2007,4.07,#N/A N/A,4.295
9/6/2007,4.058,#N/A N/A,4.301
9/7/2007,3.957,#N/A N/A,4.23
9/10/2007,3.935,#N/A N/A,4.2
9/11/2007,3.971,#N/A N/A,4.218
9/12/2007,4.008,#N/A N/A,4.241
9/13/2007,4.08,#N/A N/A,4.278
9/14/2007,4.066,#N/A N/A,4.271
9/17/2007,4.075,#N/A N/A,4.255
9/18/2007,4.13,#N/A N/A,4.321
9/19/2007,4.122,#N/A N/A,4.373
9/20/2007,4.148,#N/A N/A,4.424
9/21/2007,4.126,#N/A N/A,4.444
9/24/2007,4.124,#N/A N/A,4.45
9/25/2007,4.095,#N/A N/A,4.415
9/26/2007,4.148,#N/A N/A,4.472
9/27/2007,4.151,#N/A N/A,4.461
9/28/2007,4.12,#N/A N/A,4.412
10/1/2007,4.101,#N/A N/A,4.407
10/2/2007,4.101,#N/A N/A,4.399
10/3/2007,4.113,#N/A N/A,4.408
10/4/2007,4.064,#N/A N/A,4.362
10/5/2007,4.081,#N/A N/A,4.42
10/8/2007,4.096,#N/A N/A,4.424
10/9/2007,4.099,#N/A N/A,4.39
10/10/2007,4.127,#N/A N/A,4.422
10/11/2007,4.14,#N/A N/A,4.461
10/12/2007,4.225,4.37,4.489
10/15/2007,4.258,4.382,4.496
10/16/2007,4.243,4.377,4.506
10/17/2007,4.235,4.333,4.472
10/18/2007,4.175,4.245,4.409
10/19/2007,4.107,4.154,4.313
10/22/2007,4.07,4.137,4.282
10/23/2007,4.075,4.141,4.287
10/24/2007,4.023,4.089,4.239
10/25/2007,4.013,4.09,4.25
10/26/2007,4.03,4.111,4.269
10/29/2007,4.045,4.112,4.264
10/30/2007,4.071,4.123,4.282
10/31/2007,4.139,4.203,4.335
11/1/2007,4.113,4.152,4.3
11/2/2007,4.085,4.112,4.268
11/5/2007,4.071,4.101,4.264
11/6/2007,4.081,4.12,4.279
11/7/2007,4.051,4.08,4.256
11/8/2007,4,4.035,4.233
11/9/2007,3.968,3.988,4.198
11/12/2007,3.979,3.996,4.213
11/13/2007,3.995,4.034,4.238
11/14/2007,4.029,4.065,4.254
11/15/2007,3.998,4.005,4.228
11/16/2007,3.981,3.982,4.218
11/19/2007,3.932,3.907,4.17
11/20/2007,3.93,3.927,4.181
11/21/2007,3.868,3.849,4.144
11/22/2007,3.861,3.857,4.144
11/23/2007,3.861,3.897,4.153
11/26/2007,3.856,3.893,4.147
11/27/2007,3.867,3.919,4.16
11/28/2007,3.913,4.009,4.228
11/29/2007,3.877,3.956,4.187
11/30/2007,3.906,4.026,4.25
12/3/2007,3.894,3.948,4.186
12/4/2007,3.894,3.916,4.145
12/5/2007,3.884,3.923,4.144
12/6/2007,3.943,3.977,4.19
12/7/2007,4.035,4.094,4.296
12/10/2007,4.09,4.16,4.356
12/11/2007,4.09,4.12,4.333
12/12/2007,4.13,4.2,4.396
12/13/2007,4.146,4.183,4.382
12/14/2007,4.155,4.206,4.407
12/17/2007,4.125,4.189,4.388
12/18/2007,4.109,4.188,4.381
12/19/2007,4.088,4.167,4.382
12/20/2007,4.07,4.143,4.344
12/21/2007,4.095,4.189,4.403
12/24/2007,4.1,4.186,4.409
12/25/2007,4.103,4.184,4.4
12/26/2007,4.106,4.198,4.41
12/27/2007,4.117,4.24,4.443
12/28/2007,4.092,4.191,4.408
12/31/2007,4.079,4.187,4.401
1/1/2008,4.082,4.186,4.399
1/2/2008,4.004,4.023,4.272
1/3/2008,3.974,4.001,4.27
1/4/2008,3.94,3.936,4.209
1/7/2008,3.958,3.945,4.217
1/8/2008,3.98,3.981,4.246
1/9/2008,3.941,3.92,4.188
1/10/2008,3.951,3.939,4.192
1/11/2008,3.929,3.917,4.189
1/14/2008,3.869,3.871,4.144
1/15/2008,3.848,3.834,4.113
1/16/2008,3.76,3.764,4.07
1/17/2008,3.745,3.744,4.061
1/18/2008,3.714,3.726,4.06
1/21/2008,3.615,3.642,3.999
1/22/2008,3.574,3.71,4.084
1/23/2008,3.467,3.579,3.984
1/24/2008,3.676,3.754,4.093
1/25/2008,3.67,3.749,4.075
1/28/2008,3.658,3.704,4.047
1/29/2008,3.684,3.745,4.095
1/30/2008,3.679,3.762,4.121
1/31/2008,3.594,3.648,4.033
2/1/2008,3.593,3.639,4.015
2/4/2008,3.615,3.652,4.024
2/5/2008,3.515,3.523,3.938
2/6/2008,3.503,3.549,3.979
2/7/2008,3.376,3.451,3.959
2/8/2008,3.329,3.43,3.936
2/11/2008,3.338,3.418,3.937
2/12/2008,3.378,3.496,4.029
2/13/2008,3.394,3.505,4.044
2/14/2008,3.435,3.575,4.093
2/15/2008,3.415,3.505,4.045
2/18/2008,3.48,3.597,4.104
2/19/2008,3.472,3.569,4.084
2/20/2008,3.528,3.617,4.116
2/21/2008,3.594,3.653,4.107
2/22/2008,3.567,3.623,4.099
2/25/2008,3.573,3.642,4.132
2/26/2008,3.622,3.699,4.17
2/27/2008,3.593,3.684,4.181
2/28/2008,3.538,3.576,4.091
2/29/2008,3.474,3.455,3.983
3/3/2008,3.516,3.457,3.965
3/4/2008,3.535,3.429,3.936
3/5/2008,3.602,3.534,4.022
3/6/2008,3.662,3.532,3.986
3/7/2008,3.613,3.491,3.984
3/10/2008,3.57,3.411,3.927
3/11/2008,3.666,3.518,3.957
3/12/2008,3.681,3.534,3.941
3/13/2008,3.665,3.505,3.944
3/14/2008,3.648,3.462,3.919
3/17/2008,3.52,3.387,3.903
3/18/2008,3.618,3.518,3.98
3/19/2008,3.675,3.577,3.975
3/20/2008,3.468,3.643,3.954
3/21/2008,3.43,3.635,3.959
3/24/2008,3.415,3.635,3.963
3/25/2008,3.626,3.805,4.07
3/26/2008,3.617,3.789,4.063
3/27/2008,3.565,3.787,4.101
3/28/2008,3.609,3.815,4.103
3/31/2008,3.567,3.782,4.065
4/1/2008,3.629,3.849,4.123
4/2/2008,3.694,3.891,4.137
4/3/2008,3.634,3.86,4.135
4/4/2008,3.624,3.838,4.102
4/7/2008,3.706,3.909,4.166
4/8/2008,3.679,3.899,4.166
4/9/2008,3.629,3.857,4.149
4/10/2008,3.596,3.831,4.152
4/11/2008,3.54,3.756,4.076
4/14/2008,3.549,3.77,4.076
4/15/2008,3.616,3.845,4.137
4/16/2008,3.706,3.925,4.212
4/17/2008,3.806,4.025,4.265
4/18/2008,3.953,4.134,4.317
4/21/2008,3.897,4.079,4.281
4/22/2008,3.984,4.152,4.307
4/23/2008,3.929,4.123,4.307
4/24/2008,3.949,4.141,4.342
4/25/2008,3.93,4.135,4.338
4/28/2008,3.918,4.137,4.362
4/29/2008,3.838,4.062,4.301
4/30/2008,3.838,4.06,4.287
5/1/2008,3.829,4.047,4.279
5/2/2008,3.915,4.146,4.362
5/5/2008,3.904,4.115,4.332
5/6/2008,3.844,4.056,4.296
5/7/2008,3.857,4.059,4.333
5/8/2008,3.778,3.967,4.225
5/9/2008,3.734,3.913,4.161
5/12/2008,3.798,3.968,4.182
5/13/2008,3.887,4.052,4.267
5/14/2008,3.977,4.132,4.334
5/15/2008,4.05,4.18,4.369
5/16/2008,4.049,4.164,4.326
5/19/2008,4.094,4.204,4.369
5/20/2008,4.066,4.172,4.338
5/21/2008,4.18,4.261,4.413
5/22/2008,4.249,4.309,4.44
5/23/2008,4.257,4.304,4.415
5/26/2008,4.265,4.318,4.43
5/27/2008,4.26,4.323,4.45
5/28/2008,4.277,4.358,4.493
5/29/2008,4.382,4.457,4.582
5/30/2008,4.364,4.443,4.556
6/2/2008,4.308,4.373,4.501
6/3/2008,4.389,4.457,4.58
6/4/2008,4.333,4.394,4.537
6/5/2008,4.585,4.578,4.623
6/6/2008,4.603,4.605,4.581
6/9/2008,4.666,4.705,4.664
6/10/2008,4.641,4.706,4.705
6/11/2008,4.621,4.697,4.736
6/12/2008,4.658,4.748,4.787
6/13/2008,4.724,4.831,4.829
6/16/2008,4.797,4.896,4.824
6/17/2008,4.747,4.849,4.799
6/18/2008,4.744,4.852,4.798
6/19/2008,4.821,4.93,4.863
6/20/2008,4.732,4.844,4.808
6/23/2008,4.692,4.793,4.775
6/24/2008,4.663,4.768,4.775
6/25/2008,4.697,4.79,4.786
6/26/2008,4.606,4.686,4.695
6/27/2008,4.59,4.671,4.697
6/30/2008,4.753,4.822,4.801
7/1/2008,4.724,4.794,4.78
7/2/2008,4.787,4.859,4.826
7/3/2008,4.573,4.692,4.727
7/4/2008,4.529,4.64,4.672
7/7/2008,4.482,4.57,4.607
7/8/2008,4.502,4.583,4.61
7/9/2008,4.523,4.596,4.606
7/10/2008,4.498,4.582,4.593
7/11/2008,4.504,4.611,4.618
7/14/2008,4.494,4.581,4.592
7/15/2008,4.413,4.518,4.581
7/16/2008,4.432,4.549,4.594
7/17/2008,4.481,4.605,4.65
7/18/2008,4.637,4.754,4.779
7/21/2008,4.714,4.814,4.832
7/22/2008,4.676,4.787,4.826
7/23/2008,4.667,4.79,4.839
7/24/2008,4.518,4.642,4.741
7/25/2008,4.509,4.654,4.781
7/28/2008,4.445,4.57,4.7
7/29/2008,4.432,4.532,4.649
7/30/2008,4.397,4.481,4.587
7/31/2008,4.349,4.414,4.527
8/1/2008,4.35,4.41,4.521
8/4/2008,4.338,4.396,4.507
8/5/2008,4.332,4.38,4.484
8/6/2008,4.327,4.39,4.509
8/7/2008,4.167,4.229,4.418
8/8/2008,4.14,4.208,4.415
8/11/2008,4.177,4.234,4.423
8/12/2008,4.122,4.183,4.379
8/13/2008,4.085,4.138,4.36
8/14/2008,4.095,4.151,4.359
8/15/2008,4.069,4.123,4.324
8/18/2008,4.053,4.102,4.307
8/19/2008,4.041,4.094,4.329
8/20/2008,4.057,4.095,4.286
8/21/2008,4.141,4.184,4.341
8/22/2008,4.192,4.247,4.385
8/25/2008,4.107,4.125,4.286
8/26/2008,4.049,4.097,4.276
8/27/2008,4.147,4.188,4.347
8/28/2008,4.208,4.249,4.359
8/29/2008,4.172,4.236,4.357
9/1/2008,4.09,4.151,4.304
9/2/2008,4.141,4.183,4.319
9/3/2008,4.148,4.174,4.319
9/4/2008,4.081,4.105,4.253
9/5/2008,4.002,4.013,4.184
9/8/2008,4.075,4.082,4.249
9/9/2008,4.037,4.051,4.239
9/10/2008,4.041,4.065,4.261
9/11/2008,4.017,4.06,4.275
9/12/2008,4.101,4.143,4.38
9/15/2008,3.873,3.947,4.254
9/16/2008,3.821,3.914,4.223
9/17/2008,3.768,3.865,4.258
9/18/2008,3.825,3.979,4.291
9/19/2008,4.132,4.27,4.445
9/22/2008,4.164,4.304,4.497
9/23/2008,4.035,4.214,4.471
9/24/2008,3.931,4.11,4.395
9/25/2008,4.001,4.181,4.461
9/26/2008,3.819,4.046,4.399
9/29/2008,3.586,3.841,4.245
9/30/2008,3.633,3.912,4.29
10/1/2008,3.576,3.891,4.27
10/2/2008,3.442,3.79,4.213
10/3/2008,3.423,3.775,4.215
10/6/2008,3.173,3.564,4.043
10/7/2008,3.232,3.631,4.042
10/8/2008,3.102,3.575,4.097
10/9/2008,3.154,3.66,4.168
10/10/2008,3.113,3.697,4.3
10/13/2008,3.22,3.834,4.365
10/14/2008,3.284,3.872,4.372
10/15/2008,3.217,3.827,4.348
10/16/2008,2.991,3.663,4.296
10/17/2008,3.049,3.685,4.244
10/20/2008,3.049,3.653,4.243
10/21/2008,2.991,3.602,4.163
10/22/2008,2.915,3.482,4.053
10/23/2008,2.902,3.46,4.041
10/24/2008,2.786,3.376,4.029
10/27/2008,2.725,3.348,4.044
10/28/2008,2.684,3.313,4.045
10/29/2008,2.693,3.373,4.097
10/30/2008,2.652,3.433,4.107
10/31/2008,2.746,3.596,4.272
11/3/2008,2.774,3.568,4.234
11/4/2008,2.793,3.544,4.22
11/5/2008,2.786,3.526,4.329
11/6/2008,2.691,3.396,4.246
11/7/2008,2.682,3.371,4.183
11/10/2008,2.66,3.343,4.166
11/11/2008,2.609,3.297,4.152
11/12/2008,2.553,3.264,4.116
11/13/2008,2.54,3.253,4.13
11/14/2008,2.508,3.221,4.096
11/17/2008,2.433,3.219,4.093
11/18/2008,2.42,3.22,4.086
11/19/2008,2.423,3.16,3.982
11/20/2008,2.286,3.036,3.847
11/21/2008,2.337,3.092,3.86
11/24/2008,2.441,3.17,3.933
11/25/2008,2.451,3.173,3.862
11/26/2008,2.387,3.098,3.794
11/27/2008,2.399,3.152,3.807
11/28/2008,2.371,3.177,3.775
12/1/2008,2.31,3.055,3.698
12/2/2008,2.284,3.027,3.585
12/3/2008,2.257,3.056,3.632
12/4/2008,2.299,3.128,3.688
12/5/2008,2.245,3.119,3.633
12/8/2008,2.465,3.317,3.782
12/9/2008,2.539,3.422,3.869
12/10/2008,2.487,3.351,3.861
12/11/2008,2.434,3.341,3.914
12/12/2008,2.462,3.486,4.007
12/15/2008,2.421,3.386,3.925
12/16/2008,2.371,3.352,3.874
12/17/2008,2.193,3.184,3.722
12/18/2008,2.18,3.157,3.709
12/19/2008,2.143,3.13,3.721
12/22/2008,2.092,3.078,3.669
12/23/2008,2.062,3.051,3.683
12/24/2008,2.048,3.051,3.661
12/25/2008,2.041,3.049,3.645
12/26/2008,2.039,3.049,3.645
12/29/2008,1.994,2.982,3.641
12/30/2008,2.048,3.035,3.681
12/31/2008,2.009,3.031,3.672
1/1/2009,2.004,3.031,3.673
1/2/2009,2.015,2.983,3.664
1/5/2009,1.981,3.008,3.718
1/6/2009,2.005,3.105,3.868
1/7/2009,1.911,3.079,3.9
1/8/2009,1.882,3.025,3.844
1/9/2009,1.796,2.928,3.728
1/12/2009,1.765,2.905,3.713
1/13/2009,1.764,2.887,3.736
1/14/2009,1.769,2.854,3.684
1/15/2009,1.764,2.854,3.654
1/16/2009,1.7,2.867,3.753
1/19/2009,1.701,2.967,3.847
1/20/2009,1.673,3.015,3.862
1/21/2009,1.609,3.053,3.888
1/22/2009,1.607,3.108,3.994
1/23/2009,1.604,3.182,4.107
1/26/2009,1.8,3.305,4.206
1/27/2009,1.784,3.216,4.123
1/28/2009,2.113,3.122,4.048
1/29/2009,2.033,3.046,4.026
1/30/2009,1.975,3.027,4.075
2/2/2009,1.939,2.982,4.057
2/3/2009,1.893,2.953,4.091
2/4/2009,1.878,2.945,4.068
2/5/2009,1.806,2.936,4.031
2/6/2009,1.785,2.906,4.044
2/9/2009,1.816,2.943,4.058
2/10/2009,1.832,2.913,3.999
2/11/2009,1.731,2.776,3.902
2/12/2009,1.662,2.731,3.816
2/13/2009,1.666,2.76,3.858
2/16/2009,1.601,2.708,3.88
2/17/2009,1.538,2.642,3.83
2/18/2009,1.599,2.687,3.833
2/19/2009,1.704,2.814,3.905
2/20/2009,1.644,2.726,3.832
2/23/2009,1.649,2.74,3.813
2/24/2009,1.621,2.707,3.783
2/25/2009,1.583,2.684,3.776
2/26/2009,1.662,2.832,3.908
2/27/2009,1.63,2.794,3.897
3/2/2009,1.513,2.681,3.805
3/3/2009,1.505,2.674,3.822
3/4/2009,1.492,2.709,3.912
3/5/2009,1.496,2.647,3.783
3/6/2009,1.508,2.623,3.696
3/9/2009,1.607,2.688,3.697
3/10/2009,1.64,2.769,3.764
3/11/2009,1.661,2.828,3.822
3/12/2009,1.596,2.795,3.785
3/13/2009,1.6,2.848,3.846
3/16/2009,1.61,2.885,3.889
3/17/2009,1.629,2.903,3.917
3/18/2009,1.614,2.88,3.932
3/19/2009,1.585,2.795,3.774
3/20/2009,1.507,2.722,3.706
3/23/2009,1.515,2.745,3.743
3/24/2009,1.573,2.833,3.863
3/25/2009,1.573,2.833,3.839
3/26/2009,1.563,2.801,3.797
3/27/2009,1.476,2.719,3.799
3/30/2009,1.413,2.652,3.704
3/31/2009,1.385,2.604,3.671
4/1/2009,1.387,2.58,3.679
4/2/2009,1.548,2.753,3.809
4/3/2009,1.623,2.791,3.846
4/6/2009,1.605,2.719,3.821
4/7/2009,1.549,2.697,3.842
4/8/2009,1.537,2.701,3.843
4/9/2009,1.509,2.676,3.877
4/10/2009,1.505,2.671,3.875
4/13/2009,1.511,2.667,3.867
4/14/2009,1.494,2.63,3.818
4/15/2009,1.456,2.547,3.769
4/16/2009,1.478,2.574,3.807
4/17/2009,1.556,2.675,3.885
4/20/2009,1.508,2.558,3.76
4/21/2009,1.528,2.563,3.753
4/22/2009,1.579,2.632,3.823
4/23/2009,1.551,2.606,3.776
4/24/2009,1.504,2.545,3.75
4/27/2009,1.477,2.509,3.723
4/28/2009,1.433,2.473,3.709
4/29/2009,1.411,2.444,3.694
4/30/2009,1.432,2.457,3.728
5/1/2009,1.417,2.451,3.721
5/4/2009,1.464,2.497,3.794
5/5/2009,1.459,2.448,3.756
5/6/2009,1.422,2.437,3.786
5/7/2009,1.439,2.529,3.913
5/8/2009,1.38,2.476,3.951
5/11/2009,1.397,2.457,3.866
5/12/2009,1.436,2.468,3.866
5/13/2009,1.35,2.395,3.82
5/14/2009,1.318,2.433,3.808
5/15/2009,1.304,2.444,3.868
5/18/2009,1.273,2.431,3.861
5/19/2009,1.343,2.513,3.92
5/20/2009,1.387,2.543,3.913
5/21/2009,1.339,2.481,3.891
5/22/2009,1.35,2.537,3.96
5/25/2009,1.45,2.643,4.008
5/26/2009,1.449,2.644,4.017
5/27/2009,1.436,2.68,4.038
5/28/2009,1.436,2.706,4.089
5/29/2009,1.361,2.641,4.035
6/1/2009,1.35,2.667,4.092
6/2/2009,1.33,2.613,4.078
6/3/2009,1.33,2.546,3.989
6/4/2009,1.45,2.672,4.057
6/5/2009,1.599,2.833,4.143
6/8/2009,1.651,2.844,4.098
6/9/2009,1.589,2.804,4.058
6/10/2009,1.597,2.827,4.106
6/11/2009,1.606,2.851,4.12
6/12/2009,1.569,2.799,4.064
6/15/2009,1.484,2.7,3.957
6/16/2009,1.463,2.685,3.957
6/17/2009,1.403,2.631,3.918
6/18/2009,1.39,2.671,3.987
6/19/2009,1.327,2.586,3.928
6/22/2009,1.313,2.557,3.881
6/23/2009,1.329,2.574,3.898
6/24/2009,1.249,2.514,3.888
6/25/2009,1.197,2.456,3.859
6/26/2009,1.199,2.453,3.829
6/29/2009,1.225,2.465,3.8
6/30/2009,1.236,2.474,3.815
7/1/2009,1.218,2.457,3.838
7/2/2009,1.116,2.744,3.762
7/3/2009,1.125,2.764,3.769
7/6/2009,1.088,2.729,3.736
7/7/2009,1.092,2.742,3.746
7/8/2009,1.075,2.722,3.73
7/9/2009,1.102,2.756,3.753
7/10/2009,1.078,2.716,3.714
7/13/2009,1.09,2.723,3.711
7/14/2009,1.117,2.742,3.728
7/15/2009,1.142,2.787,3.776
7/16/2009,1.082,2.74,3.736
7/17/2009,1.11,2.799,3.801
7/20/2009,1.126,2.801,3.799
7/21/2009,1.092,2.761,3.74
7/22/2009,1.104,2.759,3.734
7/23/2009,1.134,2.803,3.778
7/24/2009,1.153,2.833,3.797
7/27/2009,1.189,2.855,3.803
7/28/2009,1.149,2.797,3.751
7/29/2009,1.152,2.786,3.742
7/30/2009,1.143,2.795,3.74
7/31/2009,1.073,2.679,3.61
8/3/2009,1.148,2.754,3.653
8/4/2009,1.196,2.785,3.652
8/5/2009,1.232,2.797,3.643
8/6/2009,1.257,2.842,3.674
8/7/2009,1.352,2.983,3.792
8/10/2009,1.306,2.916,3.737
8/11/2009,1.254,2.864,3.709
8/12/2009,1.215,2.855,3.715
8/13/2009,1.162,2.808,3.693
8/14/2009,1.112,2.715,3.594
8/17/2009,1.128,2.714,3.568
8/18/2009,1.134,2.716,3.578
8/19/2009,1.113,2.68,3.565
8/20/2009,1.097,2.669,3.557
8/21/2009,1.164,2.757,3.606
8/24/2009,1.13,2.72,3.596
8/25/2009,1.109,2.682,3.56
8/26/2009,1.082,2.655,3.529
8/27/2009,1.071,2.659,3.54
8/28/2009,1.064,2.667,3.553
8/31/2009,1.047,2.672,3.572
9/1/2009,1.014,2.637,3.579
9/2/2009,1.023,2.631,3.591
9/3/2009,0.98,2.631,3.625
9/4/2009,0.973,2.626,3.613
9/7/2009,0.934,2.599,3.601
9/8/2009,0.929,2.618,3.639
9/9/2009,0.956,2.659,3.682
9/10/2009,0.929,2.583,3.611
9/11/2009,0.922,2.544,3.538
9/14/2009,0.951,2.585,3.559
9/15/2009,0.968,2.61,3.585
9/16/2009,0.979,2.64,3.609
9/17/2009,1.005,2.665,3.627
9/18/2009,1.004,2.68,3.64
9/21/2009,0.986,2.658,3.645
9/22/2009,0.972,2.675,3.655
9/23/2009,0.952,2.634,3.631
9/24/2009,0.912,2.568,3.567
9/25/2009,0.931,2.558,3.521
9/28/2009,0.927,2.558,3.525
9/29/2009,0.946,2.548,3.504
9/30/2009,0.956,2.561,3.529
10/1/2009,0.931,2.544,3.529
10/2/2009,0.922,2.507,3.477
10/5/2009,0.916,2.49,3.472
10/6/2009,0.92,2.507,3.508
10/7/2009,0.946,2.487,3.471
10/8/2009,0.961,2.494,3.464
10/9/2009,1.047,2.601,3.554
10/12/2009,1.003,2.582,3.53
10/13/2009,0.98,2.563,3.519
10/14/2009,1.008,2.612,3.568
10/15/2009,1.048,2.688,3.634
10/16/2009,1.058,2.68,3.618
10/19/2009,1.074,2.68,3.61
10/20/2009,1.035,2.607,3.543
10/21/2009,1.055,2.644,3.608
10/22/2009,1.032,2.617,3.579
10/23/2009,1.036,2.64,3.611
10/26/2009,1.036,2.656,3.612
10/27/2009,1.036,2.567,3.538
10/28/2009,1.036,2.558,3.525
10/29/2009,1.036,2.643,3.594
10/30/2009,1.036,2.555,3.509
11/2/2009,1.036,2.552,3.511
11/3/2009,1.036,2.556,3.535
11/4/2009,1.036,2.597,3.58
11/5/2009,1.036,2.622,3.607
11/6/2009,1.036,2.616,3.622
11/9/2009,1.036,2.561,3.575
11/10/2009,1.036,2.531,3.536
11/11/2009,1.036,2.531,3.538
11/12/2009,1.036,2.534,3.56
11/13/2009,1.036,2.547,3.582
11/16/2009,1.036,2.519,3.542
11/17/2009,1.036,2.491,3.494
11/18/2009,1.036,2.491,3.499
11/19/2009,1.036,2.482,3.492
11/20/2009,1.036,2.523,3.497
11/23/2009,1.036,2.537,3.518
11/24/2009,1.036,2.506,3.491
11/25/2009,1.036,2.524,3.49
11/26/2009,1.036,2.411,3.402
11/27/2009,1.036,2.428,3.417
11/30/2009,1.036,2.411,3.4
12/1/2009,1.036,2.389,3.394
12/2/2009,1.036,2.378,3.403
12/3/2009,1.036,2.426,3.418
12/4/2009,1.036,2.499,3.476
12/7/2009,1.036,2.439,3.415
12/8/2009,1.036,2.36,3.381
12/9/2009,1.036,2.362,3.396
12/10/2009,1.036,2.421,3.44
12/11/2009,1.036,2.423,3.462
12/14/2009,1.036,2.392,3.428
12/15/2009,1.036,2.429,3.47
12/16/2009,1.036,2.359,3.417
12/17/2009,1.036,2.295,3.363
12/18/2009,1.036,2.299,3.354
12/21/2009,1.036,2.338,3.408
12/22/2009,1.036,2.367,3.465
12/23/2009,1.036,2.376,3.493
12/24/2009,1.036,2.387,3.494
12/25/2009,1.036,2.386,3.486
12/28/2009,1.036,2.428,3.53
12/29/2009,1.036,2.439,3.542
12/30/2009,1.036,2.479,3.572
12/31/2009,1.036,2.478,3.561
1/1/2010,1.036,2.479,3.557
1/4/2010,1.036,2.489,3.558
1/5/2010,1.036,2.464,3.555
1/6/2010,1.036,2.486,3.581
1/7/2010,1.036,2.453,3.558
1/8/2010,1.036,2.448,3.547
1/11/2010,1.036,2.419,3.509
1/12/2010,1.036,2.395,3.477
1/13/2010,1.036,2.379,3.48
1/14/2010,1.036,2.377,3.496
1/15/2010,1.036,2.348,3.461
1/18/2010,1.036,2.351,3.448
1/19/2010,1.036,2.38,3.475
1/20/2010,1.036,2.32,3.429
1/21/2010,1.036,2.303,3.421
1/22/2010,1.036,2.311,3.422
1/25/2010,1.036,2.298,3.42
1/26/2010,1.036,2.279,3.406
1/27/2010,1.036,2.28,3.403
1/28/2010,1.036,2.294,3.423
1/29/2010,1.036,2.284,3.419
2/1/2010,1.036,2.269,3.409
2/2/2010,1.036,2.269,3.415
2/3/2010,1.036,2.279,3.441
2/4/2010,1.036,2.208,3.39
2/5/2010,1.036,2.158,3.361
2/8/2010,1.036,2.159,3.383
2/9/2010,1.036,2.163,3.366
2/10/2010,1.036,2.169,3.401
2/11/2010,1.036,2.193,3.405
2/12/2010,1.036,2.14,3.362
2/15/2010,1.036,2.155,3.375
2/16/2010,1.036,2.153,3.379
2/17/2010,1.036,2.14,3.362
2/18/2010,1.036,2.178,3.403
2/19/2010,1.036,2.201,3.411
2/22/2010,1.036,2.195,3.39
2/23/2010,1.036,2.095,3.289
2/24/2010,1.036,2.082,3.258
2/25/2010,1.036,2.055,3.246
2/26/2010,1.036,2.064,3.234
3/1/2010,1.036,2.047,3.231
3/2/2010,1.036,2.05,3.237
3/3/2010,1.036,2.069,3.26
3/4/2010,1.036,2.056,3.249
3/5/2010,1.036,2.089,3.28
3/8/2010,1.036,2.092,3.292
3/9/2010,1.036,2.064,3.256
3/10/2010,1.036,2.089,3.275
3/11/2010,1.036,2.122,3.3
3/12/2010,1.036,2.125,3.288
3/15/2010,1.036,2.113,3.405
3/16/2010,1.036,2.091,3.38
3/17/2010,1.036,2.051,3.357
3/18/2010,1.036,2.075,3.382
3/19/2010,1.036,2.073,3.363
3/22/2010,1.036,2.042,3.325
3/23/2010,1.036,2.028,3.311
3/24/2010,1.036,2.054,3.334
3/25/2010,1.036,2.097,3.411
3/26/2010,1.036,2.099,3.4
3/29/2010,1.036,2.069,3.385
3/30/2010,1.036,2.053,3.367
3/31/2010,1.036,2.031,3.344
4/1/2010,1.036,2.025,3.337
4/2/2010,1.036,2.023,3.333
4/5/2010,1.137,2.349,3.337
4/6/2010,1.171,2.42,3.402
4/7/2010,1.136,2.387,3.377
4/8/2010,1.106,2.352,3.352
4/9/2010,1.157,2.412,3.406
4/12/2010,1.169,2.411,3.41
4/13/2010,1.151,2.384,3.382
4/14/2010,1.13,2.377,3.377
4/15/2010,1.117,2.371,3.375
4/16/2010,1.069,2.315,3.338
4/19/2010,1.064,2.314,3.333
4/20/2010,1.067,2.295,3.339
4/21/2010,1.046,2.276,3.331
4/22/2010,1.031,2.259,3.32
4/23/2010,1.071,2.282,3.326
4/26/2010,1.05,2.269,3.323
4/27/2010,0.98,2.194,3.222
4/28/2010,0.987,2.221,3.283
4/29/2010,0.996,2.232,3.291
4/30/2010,0.966,2.182,3.235
5/3/2010,1.009,2.221,3.269
5/4/2010,0.888,2.095,3.167
5/5/2010,0.779,1.98,3.073
5/6/2010,0.709,1.892,3.068
5/7/2010,0.725,1.904,3.079
5/10/2010,0.781,1.984,3.167
5/11/2010,0.747,1.954,3.145
5/12/2010,0.741,1.942,3.142
5/13/2010,0.704,1.916,3.128
5/14/2010,0.668,1.847,3.061
5/17/2010,0.686,1.876,3.07
5/18/2010,0.69,1.841,3.025
5/19/2010,0.645,1.78,2.959
5/20/2010,0.604,1.694,2.877
5/21/2010,0.628,1.712,2.86
5/24/2010,0.631,1.711,2.854
5/25/2010,0.569,1.627,2.785
5/26/2010,0.606,1.7,2.853
5/27/2010,0.651,1.777,2.903
5/28/2010,0.645,1.781,2.884
5/31/2010,0.64,1.759,2.862
6/1/2010,0.627,1.759,2.888
6/2/2010,0.622,1.754,2.872
6/3/2010,0.638,1.778,2.914
6/4/2010,0.632,1.726,2.869
6/7/2010,0.651,1.78,2.898
6/8/2010,0.642,1.767,2.877
6/9/2010,0.634,1.742,2.879
6/10/2010,0.65,1.788,2.911
6/11/2010,0.603,1.734,2.868
6/14/2010,0.63,1.785,2.93
6/15/2010,0.648,1.81,2.95
6/16/2010,0.636,1.793,2.936
6/17/2010,0.642,1.787,2.925
6/18/2010,0.72,1.84,2.956
6/21/2010,0.779,1.866,2.962
6/22/2010,0.726,1.815,2.926
6/23/2010,0.731,1.797,2.9
6/24/2010,0.687,1.739,2.861
6/25/2010,0.728,1.753,2.882
6/28/2010,0.727,1.733,2.864
6/29/2010,0.703,1.7,2.828
6/30/2010,0.734,1.7,2.826
7/1/2010,0.781,1.677,2.793
7/2/2010,0.78,1.682,2.79
7/5/2010,0.753,1.637,2.748
7/6/2010,0.775,1.683,2.791
7/7/2010,0.796,1.699,2.8
7/8/2010,0.831,1.74,2.824
7/9/2010,0.865,1.749,2.816
7/12/2010,0.788,1.696,2.778
7/13/2010,0.813,1.724,2.812
7/14/2010,0.855,1.768,2.85
7/15/2010,0.85,1.782,2.845
7/16/2010,0.843,1.74,2.8
7/19/2010,0.894,1.799,2.844
7/20/2010,0.844,1.771,2.832
7/21/2010,0.801,1.752,2.838
7/22/2010,0.774,1.75,2.861
7/23/2010,0.821,1.798,2.885
7/26/2010,0.897,1.858,2.929
7/27/2010,0.942,1.885,2.944
7/28/2010,0.931,1.898,2.933
7/29/2010,0.922,1.894,2.916
7/30/2010,0.886,1.866,2.883
8/2/2010,0.886,1.893,2.911
8/3/2010,0.823,1.79,2.82
8/4/2010,0.828,1.78,2.805
8/5/2010,0.832,1.747,2.747
8/6/2010,0.83,1.702,2.702
8/9/2010,0.808,1.684,2.703
8/10/2010,0.796,1.673,2.727
8/11/2010,0.727,1.564,2.626
8/12/2010,0.689,1.561,2.619
8/13/2010,0.677,1.556,2.601
8/16/2010,0.673,1.527,2.544
8/17/2010,0.693,1.555,2.579
8/18/2010,0.676,1.511,2.53
8/19/2010,0.682,1.504,2.499
8/20/2010,0.635,1.484,2.463
8/23/2010,0.629,1.492,2.483
8/24/2010,0.606,1.428,2.394
8/25/2010,0.607,1.436,2.367
8/26/2010,0.628,1.441,2.379
8/27/2010,0.655,1.481,2.421
8/30/2010,0.628,1.426,2.356
8/31/2010,0.613,1.413,2.338
9/1/2010,0.642,1.474,2.439
9/2/2010,0.65,1.491,2.47
9/3/2010,0.68,1.533,2.538
9/6/2010,0.689,1.513,2.531
9/7/2010,0.646,1.447,2.455
9/8/2010,0.689,1.506,2.486
9/9/2010,0.753,1.562,2.523
9/10/2010,0.791,1.627,2.586
9/13/2010,0.808,1.65,2.61
9/14/2010,0.779,1.612,2.569
9/15/2010,0.813,1.654,2.619
9/16/2010,0.87,1.72,2.698
9/17/2010,0.846,1.681,2.652
9/20/2010,0.875,1.728,2.695
9/21/2010,0.86,1.711,2.676
9/22/2010,0.816,1.629,2.585
9/23/2010,0.773,1.564,2.526
9/24/2010,0.802,1.604,2.574
9/27/2010,0.794,1.551,2.499
9/28/2010,0.803,1.556,2.483
9/29/2010,0.86,1.591,2.494
9/30/2010,0.909,1.631,2.534
10/1/2010,0.918,1.646,2.531
10/4/2010,0.891,1.601,2.502
10/5/2010,0.869,1.606,2.529
10/6/2010,0.832,1.55,2.463
10/7/2010,0.858,1.589,2.506
10/8/2010,0.845,1.566,2.48
10/11/2010,0.84,1.567,2.494
10/12/2010,0.826,1.526,2.462
10/13/2010,0.83,1.543,2.497
10/14/2010,0.845,1.549,2.508
10/15/2010,0.867,1.588,2.573
10/18/2010,0.932,1.636,2.592
10/19/2010,0.94,1.664,2.621
10/20/2010,1.002,1.717,2.652
10/21/2010,1.032,1.768,2.701
10/22/2010,1.039,1.781,2.693
10/25/2010,1.003,1.746,2.666
10/26/2010,1.05,1.798,2.716
10/27/2010,1.061,1.825,2.775
10/28/2010,1.074,1.829,2.773
10/29/2010,1.047,1.803,2.745
11/1/2010,1.044,1.775,2.711
11/2/2010,1.06,1.769,2.688
11/3/2010,1.027,1.719,2.642
11/4/2010,0.998,1.664,2.63
11/5/2010,0.993,1.669,2.654
11/8/2010,0.996,1.668,2.641
11/9/2010,1.006,1.674,2.653
11/10/2010,1.005,1.675,2.683
11/11/2010,0.984,1.649,2.691
11/12/2010,1.038,1.737,2.756
11/15/2010,1.047,1.798,2.797
11/16/2010,1.062,1.832,2.856
11/17/2010,1.036,1.839,2.832
11/18/2010,1.102,1.934,2.935
11/19/2010,1.1,1.933,2.93
11/22/2010,1.045,1.86,2.878
11/23/2010,0.935,1.768,2.809
11/24/2010,0.964,1.854,2.918
11/25/2010,0.957,1.89,2.954
11/26/2010,0.946,1.89,2.972
11/29/2010,0.952,1.92,3.026
11/30/2010,0.923,1.86,2.947
12/1/2010,0.939,1.917,3.036
12/2/2010,0.933,1.947,3.052
12/3/2010,0.909,1.947,3.079
12/6/2010,0.859,1.88,3.064
12/7/2010,0.909,1.968,3.159
12/8/2010,0.999,2.087,3.208
12/9/2010,1.009,2.039,3.134
12/10/2010,1.064,2.056,3.151
12/13/2010,1.045,2.066,3.179
12/14/2010,1.058,2.127,3.228
12/15/2010,1.018,2.113,3.236
12/16/2010,1.029,2.146,3.264
12/17/2010,1.012,2.105,3.228
12/20/2010,0.985,2.031,3.152
12/21/2010,0.991,2.049,3.164
12/22/2010,0.905,1.977,3.127
12/23/2010,0.885,1.978,3.159
12/24/2010,0.874,1.972,3.143
12/27/2010,0.885,2.025,3.209
12/28/2010,0.841,1.958,3.159
12/29/2010,0.821,1.984,3.209
12/30/2010,0.801,1.93,3.154
12/31/2010,0.787,1.927,3.157
1/3/2011,0.776,1.911,3.156
1/4/2011,0.792,1.89,3.089
1/5/2011,0.873,1.955,3.151
1/6/2011,0.867,1.944,3.136
1/7/2011,0.866,1.905,3.105
1/10/2011,0.861,1.881,3.099
1/11/2011,0.891,1.902,3.126
1/12/2011,0.966,2.015,3.236
1/13/2011,1.071,2.089,3.22
1/14/2011,1.128,2.341,3.229
1/17/2011,1.126,2.357,3.234
1/18/2011,1.146,2.405,3.297
1/19/2011,1.097,2.388,3.279
1/20/2011,1.183,2.474,3.335
1/21/2011,1.222,2.504,3.338
1/24/2011,1.191,2.468,3.319
1/25/2011,1.21,2.484,3.319
1/26/2011,1.275,2.539,3.361
1/27/2011,1.333,2.596,3.394
1/28/2011,1.316,2.558,3.342
1/31/2011,1.315,2.557,3.346
2/1/2011,1.342,2.589,3.402
2/2/2011,1.413,2.624,3.437
2/3/2011,1.298,2.536,3.419
2/4/2011,1.372,2.61,3.464
2/7/2011,1.31,2.583,3.462
2/8/2011,1.384,2.614,3.465
2/9/2011,1.411,2.656,3.505
2/10/2011,1.416,2.636,3.485
2/11/2011,1.389,2.61,3.481
2/14/2011,1.391,2.607,3.484
2/15/2011,1.405,2.61,3.471
2/16/2011,1.366,2.567,3.426
2/17/2011,1.317,2.51,3.375
2/18/2011,1.383,2.579,3.436
2/21/2011,1.378,2.529,3.368
2/22/2011,1.422,2.526,3.334
2/23/2011,1.442,2.543,3.333
2/24/2011,1.425,2.532,3.326
2/25/2011,1.423,2.555,3.347
2/28/2011,1.391,2.568,3.371
3/1/2011,1.388,2.583,3.377
3/2/2011,1.398,2.6,3.39
3/3/2011,1.634,2.787,3.52
3/4/2011,1.615,2.752,3.47
3/7/2011,1.604,2.756,3.466
3/8/2011,1.601,2.781,3.506
3/9/2011,1.599,2.766,3.494
3/10/2011,1.567,2.72,3.451
3/11/2011,1.518,2.675,3.413
3/14/2011,1.508,2.676,3.42
3/15/2011,1.407,2.566,3.327
3/16/2011,1.36,2.503,3.278
3/17/2011,1.444,2.6,3.362
3/18/2011,1.509,2.636,3.378
3/21/2011,1.601,2.707,3.423
3/22/2011,1.578,2.724,3.452
3/23/2011,1.572,2.714,3.442
3/24/2011,1.558,2.706,3.448
3/25/2011,1.602,2.757,3.475
3/28/2011,1.608,2.767,3.484
3/29/2011,1.642,2.823,3.532
3/30/2011,1.619,2.828,3.547
3/31/2011,1.644,2.859,3.565
4/1/2011,1.659,2.887,3.584
4/4/2011,1.656,2.877,3.58
4/5/2011,1.67,2.896,3.595
4/6/2011,1.663,2.906,3.615
4/7/2011,1.652,2.888,3.597
4/8/2011,1.725,2.969,3.66
4/11/2011,1.725,2.976,3.663
4/12/2011,1.666,2.904,3.606
4/13/2011,1.673,2.909,3.706
4/14/2011,1.695,2.917,3.707
4/15/2011,1.684,2.874,3.654
4/18/2011,1.594,2.749,3.533
4/19/2011,1.643,2.789,3.556
4/20/2011,1.676,2.834,3.588
4/21/2011,1.606,2.784,3.553
4/22/2011,1.606,2.784,3.553
4/25/2011,1.606,2.784,3.553
4/26/2011,1.594,2.771,3.545
4/27/2011,1.664,2.841,3.588
4/28/2011,1.637,2.795,3.531
4/29/2011,1.65,2.772,3.511
5/2/2011,1.679,2.79,3.516
5/3/2011,1.734,2.854,3.563
5/4/2011,1.754,2.881,3.597
5/5/2011,1.611,2.763,3.514
5/6/2011,1.631,2.728,3.453
5/9/2011,1.601,2.648,3.403
5/10/2011,1.599,2.646,3.419
5/11/2011,1.602,2.642,3.423
5/12/2011,1.575,2.604,3.403
5/13/2011,1.584,2.585,3.374
5/16/2011,1.614,2.613,3.405
5/17/2011,1.598,2.605,3.376
5/18/2011,1.631,2.641,3.408
5/19/2011,1.637,2.643,3.407
5/20/2011,1.583,2.582,3.359
5/23/2011,1.53,2.522,3.32
5/24/2011,1.55,2.566,3.379
5/25/2011,1.51,2.53,3.35
5/26/2011,1.474,2.469,3.295
5/27/2011,1.44,2.431,3.28
5/30/2011,1.451,2.441,3.277
5/31/2011,1.488,2.455,3.303
6/1/2011,1.494,2.43,3.269
6/2/2011,1.513,2.451,3.274
6/3/2011,1.549,2.533,3.331
6/6/2011,1.535,2.491,3.302
6/7/2011,1.582,2.552,3.373
6/8/2011,1.765,2.504,3.338
6/9/2011,1.72,2.453,3.314
6/10/2011,1.652,2.376,3.253
6/13/2011,1.649,2.389,3.258
6/14/2011,1.706,2.449,3.306
6/15/2011,1.612,2.368,3.254
6/16/2011,1.566,2.336,3.236
6/17/2011,1.639,2.412,3.275
6/20/2011,1.653,2.437,3.296
6/21/2011,1.653,2.44,3.302
6/22/2011,1.602,2.391,3.257
6/23/2011,1.508,2.294,3.199
6/24/2011,1.511,2.303,3.183
6/27/2011,1.537,2.347,3.239
6/28/2011,1.619,2.42,3.27
6/29/2011,1.653,2.485,3.306
6/30/2011,1.707,2.549,3.336
7/1/2011,1.744,2.547,3.334
7/4/2011,1.75,2.548,3.322
7/5/2011,1.721,2.522,3.314
7/6/2011,1.687,2.462,3.272
7/7/2011,1.667,2.461,3.289
7/8/2011,1.555,2.328,3.191
7/11/2011,1.417,2.193,3.099
7/12/2011,1.446,2.258,3.129
7/13/2011,1.4,2.247,3.151
7/14/2011,1.359,2.218,3.127
7/15/2011,1.328,2.178,3.078
7/18/2011,1.32,2.153,3.037
7/19/2011,1.341,2.19,3.064
7/20/2011,1.39,2.258,3.13
7/21/2011,1.5,2.374,3.222
7/22/2011,1.48,2.307,3.183
7/25/2011,1.414,2.26,3.145
7/26/2011,1.433,2.241,3.114
7/27/2011,1.345,2.149,3.02
7/28/2011,1.337,2.153,3.02
7/29/2011,1.257,2.052,2.931
8/1/2011,1.208,1.968,2.854
8/2/2011,1.186,1.942,2.84
8/3/2011,1.163,1.949,2.837
8/4/2011,0.966,1.808,2.729
8/5/2011,0.889,1.791,2.753
8/8/2011,0.843,1.706,2.666
8/9/2011,0.891,1.809,2.766
8/10/2011,0.695,1.598,2.58
8/11/2011,0.776,1.708,2.682
8/12/2011,0.798,1.708,2.696
8/15/2011,0.82,1.698,2.685
8/16/2011,0.846,1.706,2.708
8/17/2011,0.779,1.608,2.603
8/18/2011,0.689,1.505,2.487
8/19/2011,0.724,1.546,2.511
8/22/2011,0.71,1.543,2.506
8/23/2011,0.759,1.568,2.536
8/24/2011,0.815,1.635,2.598
8/25/2011,0.772,1.605,2.611
8/26/2011,0.793,1.612,2.587
8/29/2011,0.872,1.699,2.654
8/30/2011,0.794,1.602,2.584
8/31/2011,0.855,1.694,2.657
9/1/2011,0.795,1.635,2.603
9/2/2011,0.707,1.525,2.496
9/5/2011,0.651,1.425,2.372
9/6/2011,0.646,1.456,2.387
9/7/2011,0.656,1.434,2.399
9/8/2011,0.613,1.367,2.344
9/9/2011,0.551,1.281,2.244
9/12/2011,0.587,1.316,2.245
9/13/2011,0.64,1.385,2.314
9/14/2011,0.701,1.456,2.383
9/15/2011,0.718,1.499,2.406
9/16/2011,0.616,1.403,2.308
9/19/2011,0.603,1.396,2.28
9/20/2011,0.608,1.397,2.271
9/21/2011,0.597,1.389,2.255
9/22/2011,0.57,1.322,2.185
9/23/2011,0.556,1.349,2.244
9/26/2011,0.576,1.391,2.287
9/27/2011,0.627,1.502,2.413
9/28/2011,0.663,1.559,2.453
9/29/2011,0.665,1.541,2.447
9/30/2011,0.604,1.452,2.329
10/3/2011,0.564,1.394,2.266
10/4/2011,0.546,1.331,2.192
10/5/2011,0.614,1.408,2.298
10/6/2011,0.712,1.504,2.395
10/7/2011,0.682,1.527,2.448
10/10/2011,0.751,1.586,2.54
10/11/2011,0.757,1.592,2.544
10/12/2011,0.813,1.668,2.629
10/13/2011,0.743,1.575,2.561
10/14/2011,0.78,1.64,2.662
10/17/2011,0.694,1.537,2.56
10/18/2011,0.713,1.501,2.494
10/19/2011,0.749,1.556,2.554
10/20/2011,0.725,1.504,2.491
10/21/2011,0.796,1.611,2.585
10/24/2011,0.798,1.62,2.611
10/25/2011,0.706,1.517,2.542
10/26/2011,0.657,1.442,2.492
10/27/2011,0.777,1.585,2.616
10/28/2011,0.733,1.544,2.586
10/31/2011,0.672,1.423,2.463
11/1/2011,0.554,1.234,2.232
11/2/2011,0.566,1.285,2.306
11/3/2011,0.53,1.323,2.388
11/4/2011,0.528,1.268,2.299
11/7/2011,0.48,1.212,2.271
11/8/2011,0.499,1.236,2.276
11/9/2011,0.497,1.228,2.224
11/10/2011,0.592,1.299,2.314
11/11/2011,0.624,1.385,2.41
11/14/2011,0.596,1.376,2.379
11/15/2011,0.819,1.559,2.489
11/16/2011,0.809,1.58,2.527
11/17/2011,0.83,1.643,2.584
11/18/2011,0.803,1.629,2.605
11/21/2011,0.768,1.605,2.581
11/22/2011,0.77,1.594,2.67
11/23/2011,0.852,1.738,2.836
11/24/2011,0.857,1.768,2.953
11/25/2011,0.846,1.807,2.966
11/28/2011,0.722,1.686,2.946
11/29/2011,0.676,1.653,2.924
11/30/2011,0.438,1.46,2.839
12/1/2011,0.419,1.356,2.686
12/2/2011,0.446,1.351,2.648
12/5/2011,0.489,1.331,2.71
12/6/2011,0.472,1.346,2.698
12/7/2011,0.448,1.338,2.635
12/8/2011,0.442,1.369,2.598
12/9/2011,0.468,1.405,2.685
12/12/2011,0.404,1.323,2.559
12/13/2011,0.422,1.34,2.509
12/14/2011,0.403,1.27,2.414
12/15/2011,0.375,1.223,2.408
12/16/2011,0.341,1.17,2.343
12/19/2011,0.338,1.179,2.371
12/20/2011,0.341,1.219,2.439
12/21/2011,0.372,1.221,2.404
12/22/2011,0.365,1.214,2.411
12/23/2011,0.36,1.23,2.42
12/26/2011,0.36,1.23,2.42
12/27/2011,0.293,1.168,2.377
12/28/2011,0.299,1.167,2.357
12/29/2011,0.292,1.124,2.301
12/30/2011,0.274,1.069,2.297
1/2/2012,0.326,1.148,2.37
1/3/2012,0.316,1.134,2.364
1/4/2012,0.322,1.146,2.373
1/5/2012,0.319,1.114,2.314
1/6/2012,0.308,1.125,2.301
1/9/2012,0.284,1.109,2.287
1/10/2012,0.315,1.146,2.321
1/11/2012,0.271,1.032,2.234
1/12/2012,0.283,1.006,2.214
1/13/2012,0.278,0.954,2.141
1/16/2012,0.215,0.882,2.091
1/17/2012,0.24,0.919,2.113
1/18/2012,0.259,0.923,2.108
1/19/2012,0.251,0.986,2.183
1/20/2012,0.247,1.098,2.302
1/23/2012,0.246,1.101,2.345
1/24/2012,0.289,1.165,2.402
1/25/2012,0.274,1.117,2.34
1/26/2012,0.261,1.06,2.286
1/27/2012,0.27,1.035,2.27
1/30/2012,0.263,1.01,2.22
1/31/2012,0.245,0.973,2.255
2/1/2012,0.254,0.987,2.267
2/2/2012,0.28,1.007,2.269
2/3/2012,0.267,1.047,2.358
2/6/2012,0.266,1.016,2.332
2/7/2012,0.317,1.063,2.375
2/8/2012,0.339,1.081,2.398
2/9/2012,0.338,1.095,2.426
2/10/2012,0.327,1.02,2.328
2/13/2012,0.336,1.044,2.361
2/14/2012,0.329,1.043,2.353
2/15/2012,0.33,1.014,2.321
2/16/2012,0.36,1.079,2.344
2/17/2012,0.364,1.101,2.38
2/20/2012,0.358,1.103,2.399
2/21/2012,0.366,1.106,2.419
2/22/2012,0.359,1.05,2.329
2/23/2012,0.358,1.042,2.323
2/24/2012,0.345,1.028,2.325
2/27/2012,0.314,0.981,2.269
2/28/2012,0.308,0.974,2.248
2/29/2012,0.288,0.987,2.253
3/1/2012,0.251,1.011,2.269
3/2/2012,0.229,0.947,2.219
3/5/2012,0.242,0.977,2.247
3/6/2012,0.234,0.942,2.215
3/7/2012,0.213,0.918,2.202
3/8/2012,0.199,0.898,2.206
3/9/2012,0.212,0.909,2.222
3/12/2012,0.206,0.886,2.195
3/13/2012,0.205,0.912,2.253
3/14/2012,0.259,1.008,2.366
3/15/2012,0.295,1.047,2.391
3/16/2012,0.316,1.112,2.457
3/19/2012,0.31,1.102,2.444
3/20/2012,0.311,1.088,2.416
3/21/2012,0.284,1.032,2.354
3/22/2012,0.286,1.017,2.314
3/23/2012,0.269,1.012,2.281
3/26/2012,0.283,1.078,2.365
3/27/2012,0.261,1.019,2.326
3/28/2012,0.258,0.975,2.263
3/29/2012,0.261,0.952,2.252
3/30/2012,0.248,0.94,2.211
4/2/2012,0.243,0.945,2.204
4/3/2012,0.486,1.399,2.198
4/4/2012,0.462,1.372,2.176
4/5/2012,0.433,1.35,2.15
4/6/2012,0.433,1.35,2.15
4/9/2012,0.433,1.35,2.15
4/10/2012,0.389,1.298,2.099
4/11/2012,0.424,1.334,2.127
4/12/2012,0.396,1.336,2.134
4/13/2012,0.383,1.32,2.11
4/16/2012,0.402,1.34,2.122
4/17/2012,0.41,1.365,2.147
4/18/2012,0.399,1.335,2.112
4/19/2012,0.413,1.339,2.12
4/20/2012,0.422,1.371,2.144
4/23/2012,0.41,1.356,2.134
4/24/2012,0.404,1.367,2.15
4/25/2012,0.394,1.367,2.15
4/26/2012,0.34,1.3,2.086
4/27/2012,0.344,1.306,2.09
4/30/2012,0.305,1.265,2.047
5/1/2012,0.304,1.253,2.037
5/2/2012,0.276,1.22,1.995
5/3/2012,0.27,1.203,1.983
5/4/2012,0.219,1.154,1.937
5/7/2012,0.223,1.179,1.956
5/8/2012,0.201,1.137,1.919
5/9/2012,0.204,1.142,1.927
5/10/2012,0.197,1.119,1.884
5/11/2012,0.203,1.083,1.843
5/14/2012,0.176,1.045,1.801
5/15/2012,0.186,1.065,1.806
5/16/2012,0.192,1.075,1.804
5/17/2012,0.17,1.016,1.75
5/18/2012,0.184,1.036,1.748
5/21/2012,0.195,1.039,1.757
5/22/2012,0.206,1.053,1.777
5/23/2012,0.188,0.98,1.699
5/24/2012,0.191,0.971,1.675
5/25/2012,0.174,0.945,1.649
5/28/2012,0.153,0.918,1.645
5/29/2012,0.16,0.916,1.64
5/30/2012,0.148,0.858,1.556
5/31/2012,0.159,0.803,1.487
6/1/2012,0.171,0.773,1.437
6/4/2012,0.177,0.8,1.477
6/5/2012,0.166,0.814,1.48
6/6/2012,0.218,0.927,1.618
6/7/2012,0.231,0.984,1.688
6/8/2012,0.203,0.956,1.651
6/11/2012,0.196,0.965,1.644
6/12/2012,0.246,1.073,1.773
6/13/2012,0.281,1.109,1.819
6/14/2012,0.238,1.085,1.814
6/15/2012,0.21,1.041,1.766
6/18/2012,0.175,1.037,1.781
6/19/2012,0.243,1.144,1.901
6/20/2012,0.3,1.22,1.971
6/21/2012,0.261,1.148,1.882
6/22/2012,0.287,1.176,1.921
6/25/2012,0.222,1.062,1.807
6/26/2012,0.247,1.102,1.865
6/27/2012,0.27,1.159,1.916
6/28/2012,0.25,1.11,1.864
6/29/2012,0.256,1.132,1.915
7/2/2012,0.223,1.082,1.846
7/3/2012,0.197,1.053,1.831
7/4/2012,0.178,0.986,1.74
7/5/2012,0.126,0.904,1.659
7/6/2012,0.041,0.789,1.54
7/9/2012,0.042,0.781,1.524
7/10/2012,0.052,0.791,1.529
7/11/2012,0.008,0.762,1.492
7/12/2012,0.003,0.744,1.472
7/13/2012,0.018,0.747,1.49
7/16/2012,0.013,0.732,1.48
7/17/2012,0,0.714,1.461
7/18/2012,-0.016,0.667,1.432
7/19/2012,-0.007,0.672,1.439
7/20/2012,-0.015,0.634,1.397
7/23/2012,-0.002,0.691,1.438
7/24/2012,-0.009,0.709,1.492
7/25/2012,-0.007,0.687,1.482
7/26/2012,0,0.688,1.5
7/27/2012,0.015,0.731,1.546
7/30/2012,-0.037,0.671,1.509
7/31/2012,-0.056,0.604,1.424
8/1/2012,-0.048,0.62,1.454
8/2/2012,-0.069,0.526,1.322
8/3/2012,0.003,0.669,1.501
8/6/2012,-0.037,0.622,1.468
8/7/2012,-0.011,0.67,1.557
8/8/2012,-0.024,0.615,1.502
8/9/2012,-0.026,0.619,1.52
8/10/2012,-0.049,0.579,1.472
8/13/2012,-0.015,0.616,1.502
8/14/2012,-0.003,0.676,1.574
8/15/2012,0.008,0.75,1.66
8/16/2012,-0.003,0.713,1.626
8/17/2012,0.002,0.702,1.622
8/20/2012,0.021,0.723,1.645
8/21/2012,0.05,0.768,1.689
8/22/2012,0.035,0.712,1.624
8/23/2012,0.012,0.668,1.552
8/24/2012,0.019,0.657,1.526
8/27/2012,0.03,0.662,1.522
8/28/2012,0.03,0.653,1.508
8/29/2012,0.043,0.686,1.545
8/30/2012,0.007,0.61,1.478
8/31/2012,0.008,0.589,1.457
9/3/2012,0.01,0.621,1.5
9/4/2012,0.015,0.644,1.517
9/5/2012,0.034,0.675,1.565
9/6/2012,0.08,0.766,1.641
9/7/2012,0.076,0.748,1.603
9/10/2012,0.075,0.779,1.653
9/11/2012,0.078,0.778,1.629
9/12/2012,0.095,0.805,1.878
9/13/2012,0.075,0.742,1.805
9/14/2012,0.118,0.841,1.94
9/17/2012,0.097,0.81,1.916
9/18/2012,0.09,0.801,1.887
9/19/2012,0.079,0.823,1.904
9/20/2012,0.057,0.779,1.867
9/21/2012,0.055,0.794,1.881
9/24/2012,0.059,0.79,1.844
9/25/2012,0.081,0.792,1.848
9/26/2012,0.045,0.709,1.721
9/27/2012,0.049,0.727,1.735
9/28/2012,0.034,0.691,1.725
10/1/2012,0.06,0.708,1.735
10/2/2012,0.053,0.709,1.74
10/3/2012,0.045,0.687,1.732
10/4/2012,0.054,0.688,1.75
10/5/2012,0.067,0.73,1.809
10/8/2012,0.053,0.718,1.767
10/9/2012,0.048,0.703,1.765
10/10/2012,0.049,0.691,1.757
10/11/2012,0.051,0.695,1.759
10/12/2012,0.043,0.648,1.7
10/15/2012,0.055,0.667,1.727
10/16/2012,0.081,0.72,1.791
10/17/2012,0.102,0.776,1.868
10/18/2012,0.11,0.785,1.869
10/19/2012,0.114,0.764,1.833
10/22/2012,0.125,0.789,1.857
10/23/2012,0.114,0.751,1.807
10/24/2012,0.087,0.716,1.791
10/25/2012,0.093,0.734,1.8
10/26/2012,0.061,0.688,1.758
10/29/2012,0.041,0.638,1.689
10/30/2012,0.051,0.665,1.716
10/31/2012,0.051,0.676,1.728
11/1/2012,0.035,0.66,1.72
11/2/2012,0.016,0.654,1.722
11/5/2012,0.009,0.666,1.716
11/6/2012,0.006,0.665,1.725
11/7/2012,-0.02,0.608,1.677
11/8/2012,-0.013,0.592,1.651
11/9/2012,-0.012,0.591,1.637
11/12/2012,-0.013,0.579,1.623
11/13/2012,-0.015,0.568,1.609
11/14/2012,-0.011,0.568,1.616
11/15/2012,-0.018,0.556,1.615
11/16/2012,-0.018,0.552,1.615
11/19/2012,-0.006,0.564,1.632
11/20/2012,0.013,0.605,1.681
11/21/2012,0.019,0.621,1.698
11/22/2012,0.016,0.606,1.683
11/23/2012,0.018,0.604,1.685
11/26/2012,0.015,0.587,1.659
11/27/2012,0.026,0.609,1.673
11/28/2012,-0.003,0.537,1.597
11/29/2012,0.011,0.549,1.605
11/30/2012,0.012,0.557,1.625
12/3/2012,0.027,0.586,1.648
12/4/2012,0.019,0.581,1.631
12/5/2012,0.007,0.548,1.591
12/6/2012,-0.037,0.498,1.547
12/7/2012,-0.067,0.479,1.549
12/10/2012,-0.058,0.491,1.56
12/11/2012,-0.044,0.49,1.56
12/12/2012,-0.027,0.484,1.566
12/13/2012,-0.014,0.476,1.575
12/14/2012,-0.01,0.471,1.561
12/17/2012,0.01,0.508,1.603
12/18/2012,0.011,0.528,1.639
12/19/2012,0.019,0.527,1.648
12/20/2012,0.018,0.515,1.624
12/21/2012,0.017,0.479,1.58
12/24/2012,0.002,0.474,1.58
12/25/2012,0.002,0.474,1.58
12/26/2012,0.002,0.474,1.58
12/27/2012,0.032,0.446,1.515
12/28/2012,0.033,0.435,1.515
12/31/2012,0.021,0.427,1.515
1/1/2013,0.021,0.427,1.515
1/2/2013,0.045,0.542,1.638
1/3/2013,0.054,0.601,1.69
1/4/2013,0.079,0.649,1.745
1/7/2013,0.076,0.639,1.716
1/8/2013,0.064,0.617,1.685
1/9/2013,0.058,0.59,1.668
1/10/2013,0.1,0.665,1.75
1/11/2013,0.127,0.69,1.762
1/14/2013,0.123,0.685,1.738
1/15/2013,0.116,0.665,1.704
1/16/2013,0.109,0.661,1.699
1/17/2013,0.164,0.738,1.741
1/18/2013,0.152,0.689,1.691
1/21/2013,0.163,0.733,1.732
1/22/2013,0.139,0.704,1.714
1/23/2013,0.138,0.665,1.676
1/24/2013,0.146,0.692,1.705
1/25/2013,0.217,0.786,1.777
1/28/2013,0.257,0.861,1.847
1/29/2013,0.235,0.844,1.847
1/30/2013,0.252,0.861,1.881
1/31/2013,0.235,0.837,1.865
2/1/2013,0.209,0.818,1.865
2/4/2013,0.175,0.791,1.815
2/5/2013,0.197,0.832,1.837
2/6/2013,0.185,0.819,1.824
2/7/2013,0.149,0.75,1.797
2/8/2013,0.153,0.738,1.79
2/11/2013,0.154,0.738,1.791
2/12/2013,0.16,0.754,1.811
2/13/2013,0.172,0.784,1.851
2/14/2013,0.147,0.753,1.826
2/15/2013,0.147,0.768,1.836
2/18/2013,0.137,0.754,1.829
2/19/2013,0.14,0.757,1.826
2/20/2013,0.153,0.783,1.842
2/21/2013,0.131,0.722,1.773
2/22/2013,0.09,0.686,1.754
2/25/2013,0.089,0.665,1.735
2/26/2013,0.058,0.603,1.651
2/27/2013,0.048,0.62,1.662
2/28/2013,0.021,0.596,1.656
3/1/2013,0.016,0.559,1.596
3/4/2013,0.021,0.563,1.595
3/5/2013,0.044,0.582,1.609
3/6/2013,0.027,0.575,1.619
3/7/2013,0.069,0.621,1.655
3/8/2013,0.072,0.629,1.676
3/11/2013,0.071,0.624,1.674
3/12/2013,0.064,0.6,1.65
3/13/2013,0.059,0.59,1.653
3/14/2013,0.06,0.586,1.645
3/15/2013,0.048,0.576,1.645
3/18/2013,0.03,0.536,1.598
3/19/2013,0.025,0.52,1.554
3/20/2013,0.034,0.554,1.591
3/21/2013,0.038,0.541,1.559
3/22/2013,0.036,0.552,1.579
3/25/2013,0.027,0.516,1.539
3/26/2013,0.016,0.532,1.565
3/27/2013,0.01,0.505,1.512
3/28/2013,0.011,0.544,1.545
3/29/2013,0.011,0.544,1.545
4/1/2013,0.011,0.544,1.545
4/2/2013,0.02,0.558,1.553
4/3/2013,0.025,0.535,1.521
4/4/2013,0.009,0.487,1.456
4/5/2013,0.004,0.461,1.395
4/8/2013,0.011,0.475,1.421
4/9/2013,0.021,0.505,1.465
4/10/2013,0.025,0.546,1.51
4/11/2013,0.023,0.528,1.497
4/12/2013,0.019,0.493,1.467
4/15/2013,0.018,0.479,1.446
4/16/2013,0.026,0.507,1.468
4/17/2013,0.015,0.459,1.426
4/18/2013,0.013,0.467,1.424
4/19/2013,0.014,0.483,1.439
4/22/2013,0.01,0.456,1.414
4/23/2013,0.009,0.449,1.421
4/24/2013,0.009,0.437,1.405
4/25/2013,0.013,0.445,1.414
4/26/2013,0.005,0.418,1.377
4/29/2013,0.002,0.419,1.367
4/30/2013,0.009,0.424,1.375
5/1/2013,0.016,0.423,1.368
5/2/2013,-0.027,0.364,1.325
5/3/2013,-0.009,0.4,1.388
5/6/2013,-0.007,0.39,1.389
5/7/2013,0.011,0.441,1.42
5/8/2013,0.006,0.412,1.4
5/9/2013,0.003,0.417,1.41
5/10/2013,0.036,0.5,1.517
5/13/2013,0.087,0.5,1.593
5/14/2013,0.089,0.5,1.604
5/15/2013,0.074,0.5,1.608
5/16/2013,0.044,0.5,1.553
5/17/2013,0.028,0.5,1.542
5/20/2013,0.056,0.5,1.582
5/21/2013,0.065,0.5,1.602
5/22/2013,0.053,0.5,1.609
5/23/2013,0.073,0.5,1.636
5/24/2013,0.072,0.5,1.631
5/27/2013,0.092,0.5,1.66
5/28/2013,0.113,0.5,1.707
5/29/2013,0.166,0.5,1.752
5/30/2013,0.167,0.5,1.744
5/31/2013,0.155,0.5,1.732
6/3/2013,0.179,0.5,1.754
6/4/2013,0.182,0.5,1.771
6/5/2013,0.171,0.5,1.743
6/6/2013,0.201,0.5,1.763
6/7/2013,0.235,0.5,1.795
6/10/2013,0.263,0.5,1.864
6/11/2013,0.268,0.5,1.895
6/12/2013,0.237,0.5,1.864
6/13/2013,0.218,0.5,1.822
6/14/2013,0.192,0.5,1.76
6/17/2013,0.202,0.5,1.765
6/18/2013,0.244,0.5,1.807
6/19/2013,0.226,0.5,1.803
6/20/2013,0.31,0.5,1.939
6/21/2013,0.326,0.5,2
6/24/2013,0.323,0.5,2.135
6/25/2013,0.291,0.5,2.12
6/26/2013,0.263,0.5,2.059
6/27/2013,0.238,0.5,1.998
6/28/2013,0.249,0.5,2.001
7/1/2013,0.251,0.5,1.987
7/2/2013,0.228,0.5,1.971
7/3/2013,0.223,0.5,1.952
7/4/2013,0.16,0.5,1.931
7/5/2013,0.146,0.5,1.978
7/8/2013,0.112,0.5,1.946
7/9/2013,0.106,0.5,1.899
7/10/2013,0.13,0.5,1.914
7/11/2013,0.146,0.5,1.898
7/12/2013,0.128,0.5,1.846
7/15/2013,0.145,0.5,1.867
7/16/2013,0.116,0.5,1.841
7/17/2013,0.112,0.5,1.831
7/18/2013,0.097,0.5,1.802
7/19/2013,0.108,0.5,1.795
7/22/2013,0.126,0.5,1.799
7/23/2013,0.155,0.5,1.829
7/24/2013,0.18,0.5,1.908
7/25/2013,0.166,0.5,1.934
7/26/2013,0.152,0.5,1.939
7/29/2013,0.154,0.5,1.939
7/30/2013,0.153,0.5,1.94
7/31/2013,0.142,0.5,1.928
8/1/2013,0.15,0.5,1.927
8/2/2013,0.152,0.5,1.913
8/5/2013,0.17,0.5,1.956
8/6/2013,0.177,0.5,1.96
8/7/2013,0.167,0.5,1.948
8/8/2013,0.172,0.5,1.938
8/9/2013,0.169,0.5,1.935
8/12/2013,0.182,0.5,1.949
8/13/2013,0.234,0.5,2.046
8/14/2013,0.232,0.5,2.055
8/15/2013,0.254,0.5,2.122
8/16/2013,0.237,0.5,2.118
8/19/2013,0.241,0.5,2.151
8/20/2013,0.222,0.5,2.116
8/21/2013,0.224,0.5,2.144
8/22/2013,0.233,0.5,2.189
8/23/2013,0.254,0.5,2.204
8/26/2013,0.238,0.5,2.163
8/27/2013,0.212,0.5,2.12
8/28/2013,0.226,0.5,2.142
8/29/2013,0.211,0.5,2.134
8/30/2013,0.211,1.159,2.134
9/2/2013,0.23,1.189,2.172
9/3/2013,0.249,1.219,2.206
9/4/2013,0.241,1.222,2.211
9/5/2013,0.292,1.332,2.313
9/6/2013,0.237,1.237,2.228
9/9/2013,0.229,1.242,2.241
9/10/2013,0.247,1.293,2.302
9/11/2013,0.229,1.253,2.268
9/12/2013,0.206,1.216,2.23
9/13/2013,0.203,1.201,2.209
9/16/2013,0.195,1.175,2.175
9/17/2013,0.197,1.169,2.184
9/18/2013,0.22,1.195,2.218
9/19/2013,0.181,1.095,2.139
9/20/2013,0.221,1.131,2.171
9/23/2013,0.184,1.095,2.148
9/24/2013,0.174,1.048,2.076
9/25/2013,0.188,1.051,2.059
9/26/2013,0.186,1.06,2.074
9/27/2013,0.17,1.032,2.026
9/30/2013,0.168,1.011,1.998
10/1/2013,0.17,1.033,2.016
10/2/2013,0.161,1.029,2.011
10/3/2013,0.155,1.036,2.009
10/4/2013,0.18,1.074,2.064
10/7/2013,0.165,1.049,2.037
10/8/2013,0.178,1.052,2.04
10/9/2013,0.184,1.048,2.04
10/10/2013,0.188,1.088,2.089
10/11/2013,0.187,1.081,2.095
10/14/2013,0.185,1.072,2.099
10/15/2013,0.202,1.11,2.15
10/16/2013,0.212,1.126,2.166
10/17/2013,0.175,1.064,2.109
10/18/2013,0.17,1.022,2.059
10/21/2013,0.186,1.041,2.074
10/22/2013,0.149,0.987,2.014
10/23/2013,0.14,0.961,1.98
10/24/2013,0.161,0.982,1.978
10/25/2013,0.174,0.978,1.976
10/28/2013,0.178,0.979,1.969
10/29/2013,0.17,0.962,1.952
10/30/2013,0.152,0.92,1.908
10/31/2013,0.116,0.856,1.878
11/1/2013,0.122,0.847,1.892
11/4/2013,0.123,0.851,1.883
11/5/2013,0.144,0.922,1.959
11/6/2013,0.14,0.91,1.956
11/7/2013,0.093,0.83,1.895
11/8/2013,0.103,0.886,1.968
11/11/2013,0.095,0.885,1.965
11/12/2013,0.094,0.908,2.01
11/13/2013,0.077,0.863,1.955
11/14/2013,0.082,0.842,1.914
11/15/2013,0.093,0.852,1.921
11/18/2013,0.089,0.838,1.903
11/19/2013,0.107,0.867,1.939
11/20/2013,0.083,0.848,1.931
11/21/2013,0.095,0.854,1.946
11/22/2013,0.126,0.872,1.932
11/25/2013,0.122,0.861,1.911
11/26/2013,0.111,0.853,1.887
11/27/2013,0.114,0.869,1.92
11/28/2013,0.108,0.856,1.903
11/29/2013,0.102,0.855,1.902
12/2/2013,0.114,0.876,1.937
12/3/2013,0.105,0.856,1.911
12/4/2013,0.129,0.926,1.987
12/5/2013,0.166,0.976,2.029
12/6/2013,0.163,0.973,2.027
12/9/2013,0.173,0.965,2.024
12/10/2013,0.167,0.955,2.016
12/11/2013,0.178,0.949,1.99
12/12/2013,0.196,0.981,2.017
12/13/2013,0.194,0.979,2.014
12/16/2013,0.201,0.989,2.024
12/17/2013,0.185,0.968,2.019
12/18/2013,0.184,0.996,2.039
12/19/2013,0.177,1.002,2.052
12/20/2013,0.186,1.017,2.051
12/23/2013,0.191,1.023,2.063
12/24/2013,0.196,1.022,2.062
12/25/2013,0.196,1.022,2.062
12/26/2013,0.196,1.022,2.062
12/27/2013,0.182,1.082,2.136
12/30/2013,0.166,1.058,2.124
12/31/2013,0.168,1.058,2.118
1/1/2014,0.168,1.058,2.118
1/2/2014,0.174,1.06,2.122
1/3/2014,0.167,1.039,2.116
1/6/2014,0.172,1.026,2.087
1/7/2014,0.175,1.017,2.062
1/8/2014,0.182,1.046,2.084
1/9/2014,0.187,1.063,2.108
1/10/2014,0.163,1.009,2.043
1/13/2014,0.166,0.993,2.022
1/14/2014,0.191,0.988,2.008
1/15/2014,0.199,0.999,2.026
1/16/2014,0.173,0.968,1.985
1/17/2014,0.164,0.923,1.951
1/20/2014,0.164,0.905,1.937
1/21/2014,0.16,0.908,1.938
1/22/2014,0.16,0.928,1.965
1/23/2014,0.15,0.912,1.932
1/24/2014,0.132,0.864,1.881
1/27/2014,0.148,0.875,1.891
1/28/2014,0.141,0.859,1.892
1/29/2014,0.136,0.829,1.86
1/30/2014,0.117,0.801,1.835
1/31/2014,0.094,0.731,1.771
2/3/2014,0.109,0.73,1.752
2/4/2014,0.113,0.744,1.768
2/5/2014,0.107,0.739,1.761
2/6/2014,0.121,0.8,1.817
2/7/2014,0.095,0.754,1.781
2/10/2014,0.111,0.773,1.802
2/11/2014,0.112,0.779,1.812
2/12/2014,0.112,0.795,1.838
2/13/2014,0.101,0.753,1.795
2/14/2014,0.112,0.765,1.803
2/17/2014,0.11,0.763,1.803
2/18/2014,0.117,0.743,1.788
2/19/2014,0.113,0.749,1.971
2/20/2014,0.126,0.781,2.005
2/21/2014,0.129,0.765,1.981
2/24/2014,0.135,0.787,1.99
2/25/2014,0.138,0.757,1.952
2/26/2014,0.121,0.72,1.911
2/27/2014,0.116,0.67,1.853
2/28/2014,0.144,0.751,1.918
3/3/2014,0.127,0.69,1.854
3/4/2014,0.117,0.717,1.904
3/5/2014,0.114,0.72,1.91
3/6/2014,0.164,0.77,1.958
3/7/2014,0.181,0.763,1.95
3/10/2014,0.168,0.74,1.926
3/11/2014,0.171,0.743,1.937
3/12/2014,0.174,0.716,1.899
3/13/2014,0.154,0.672,1.848
3/14/2014,0.166,0.693,1.852
3/17/2014,0.173,0.701,1.871
3/18/2014,0.178,0.701,1.879
3/19/2014,0.184,0.73,1.914
3/20/2014,0.212,0.786,1.953
3/21/2014,0.207,0.774,1.932
3/24/2014,0.188,0.729,1.89
3/25/2014,0.168,0.728,1.892
3/26/2014,0.158,0.692,1.87
3/27/2014,0.14,0.654,1.832
3/28/2014,0.148,0.669,1.849
3/31/2014,0.159,0.679,1.864
4/1/2014,0.173,0.702,1.878
4/2/2014,0.171,0.728,1.907
4/3/2014,0.174,0.699,1.891
4/4/2014,0.153,0.63,1.826
4/7/2014,0.16,0.646,1.827
4/8/2014,0.157,0.674,1.852
4/9/2014,0.164,0.708,1.877
4/10/2014,0.156,0.661,1.821
4/11/2014,0.167,0.667,1.817
4/14/2014,0.164,0.671,1.828
4/15/2014,0.149,0.615,1.765
4/16/2014,0.156,0.627,1.769
4/17/2014,0.187,0.67,1.802
4/18/2014,0.187,0.67,1.802
4/21/2014,0.187,0.67,1.802
4/22/2014,0.174,0.685,1.821
4/23/2014,0.172,0.693,1.815
4/24/2014,0.187,0.71,1.822
4/25/2014,0.174,0.68,1.781
4/28/2014,0.176,0.687,1.796
4/29/2014,0.149,0.666,1.795
4/30/2014,0.146,0.632,1.755
5/1/2014,0.148,0.634,1.755
5/2/2014,0.142,0.601,1.73
5/5/2014,0.152,0.612,1.741
5/6/2014,0.157,0.622,1.745
5/7/2014,0.158,0.642,1.761
5/8/2014,0.136,0.594,1.718
5/9/2014,0.148,0.597,1.734
5/12/2014,0.147,0.605,1.755
5/13/2014,0.125,0.565,1.721
5/14/2014,0.113,0.51,1.659
5/15/2014,0.099,0.477,1.615
5/16/2014,0.115,0.485,1.636
5/19/2014,0.114,0.495,1.647
5/20/2014,0.106,0.5,1.662
5/21/2014,0.109,0.52,1.679
5/22/2014,0.102,0.499,1.656
5/23/2014,0.096,0.498,1.651
5/26/2014,0.093,0.487,1.647
5/27/2014,0.092,0.462,1.619
5/28/2014,0.088,0.431,1.567
5/29/2014,0.087,0.447,1.582
5/30/2014,0.086,0.461,1.601
6/2/2014,0.078,0.47,1.62
6/3/2014,0.072,0.492,1.66
6/4/2014,0.064,0.506,1.682
6/5/2014,0.058,0.449,1.646
6/6/2014,0.068,0.368,1.552
6/9/2014,0.073,0.379,1.56
6/10/2014,0.072,0.432,1.605
6/11/2014,0.043,0.421,1.607
6/12/2014,0.037,0.399,1.609
6/13/2014,0.022,0.381,1.579
6/16/2014,0.02,0.367,1.568
6/17/2014,0.035,0.407,1.613
6/18/2014,0.026,0.386,1.583
6/19/2014,0.025,0.351,1.525
6/20/2014,0.026,0.373,1.554
6/23/2014,0.029,0.368,1.535
6/24/2014,0.025,0.363,1.528
6/25/2014,0.016,0.327,1.47
6/26/2014,0.009,0.329,1.449
6/27/2014,0.017,0.352,1.457
6/30/2014,0.011,0.331,1.437
7/1/2014,0.014,0.321,1.438
7/2/2014,0.019,0.337,1.468
7/3/2014,0.011,0.317,1.455
7/4/2014,0.011,0.305,1.432
7/7/2014,0.005,0.3,1.423
7/8/2014,0.003,0.278,1.383
7/9/2014,0.008,0.287,1.39
7/10/2014,0.012,0.277,1.37
7/11/2014,0.008,0.277,1.373
7/14/2014,0.011,0.286,1.379
7/15/2014,0.004,0.284,1.37
7/16/2014,0.002,0.271,1.353
7/17/2014,0,0.256,1.311
7/18/2014,0.004,0.269,1.308
7/21/2014,0.007,0.26,1.294
7/22/2014,0.016,0.278,1.307
7/23/2014,0.016,0.265,1.285
7/24/2014,0.014,0.283,1.313
7/25/2014,0.013,0.267,1.287
7/28/2014,0.019,0.275,1.285
7/29/2014,0.009,0.259,1.252
7/30/2014,0.012,0.282,1.299
7/31/2014,0.016,0.259,1.282
8/1/2014,0.014,0.251,1.267
8/4/2014,0.018,0.26,1.269
8/5/2014,0.021,0.277,1.298
8/6/2014,0.021,0.249,1.246
8/7/2014,0.014,0.239,1.206
8/8/2014,0.021,0.253,1.201
8/11/2014,0.016,0.26,1.214
8/12/2014,0.017,0.265,1.227
8/13/2014,0.015,0.243,1.215
8/14/2014,0.04,0.363,1.202
8/15/2014,0.02,0.329,1.136
8/18/2014,0.029,0.37,1.2
8/19/2014,0.023,0.355,1.182
8/20/2014,0.019,0.336,1.162
8/21/2014,0.021,0.347,1.163
8/22/2014,0.021,0.352,1.154
8/25/2014,-0.019,0.308,1.106
8/26/2014,0.003,0.3,1.084
8/27/2014,0.01,0.262,1.04
8/28/2014,0.017,0.278,1.031
8/29/2014,0.002,0.281,1.047
9/1/2014,-0.013,0.266,1.043
9/2/2014,-0.005,0.291,1.101
9/3/2014,0.005,0.302,1.131
9/4/2014,-0.049,0.237,1.115
9/5/2014,-0.049,0.219,1.063
9/8/2014,-0.047,0.236,1.092
9/9/2014,-0.05,0.26,1.141
9/10/2014,-0.047,0.26,1.149
9/11/2014,-0.052,0.29,1.164
9/12/2014,-0.042,0.323,1.204
9/15/2014,-0.051,0.312,1.196
9/16/2014,-0.041,0.321,1.192
9/17/2014,-0.053,0.295,1.168
9/18/2014,-0.042,0.341,1.2
9/19/2014,-0.058,0.294,1.146
9/22/2014,-0.053,0.275,1.11
9/23/2014,-0.037,0.288,1.119
9/24/2014,-0.034,0.277,1.104
9/25/2014,-0.04,0.251,1.079
9/26/2014,-0.043,0.249,1.081
9/29/2014,-0.04,0.249,1.076
9/30/2014,-0.051,0.224,1.053
10/1/2014,-0.051,0.204,1.009
10/2/2014,-0.041,0.222,1.013
10/3/2014,-0.041,0.239,1.038
10/6/2014,-0.039,0.237,1.036
10/7/2014,-0.035,0.245,1.043
10/8/2014,-0.038,0.232,1.035
10/9/2014,-0.038,0.216,1.024
10/10/2014,-0.036,0.22,1.015
10/13/2014,-0.028,0.237,1.027
10/14/2014,-0.039,0.211,0.971
10/15/2014,-0.047,0.173,0.906
10/16/2014,-0.039,0.253,1.001
10/17/2014,-0.034,0.261,1.031
10/20/2014,-0.032,0.243,1.031
10/21/2014,-0.022,0.244,1.027
10/22/2014,-0.02,0.241,1.019
10/23/2014,-0.022,0.247,1.04
10/24/2014,-0.01,0.269,1.032
10/27/2014,-0.013,0.251,1.01
10/28/2014,-0.02,0.25,1.014
10/29/2014,-0.016,0.257,1.035
10/30/2014,-0.018,0.217,0.982
10/31/2014,-0.024,0.196,0.954
11/3/2014,-0.012,0.203,0.966
11/4/2014,-0.01,0.18,0.924
11/5/2014,-0.009,0.176,0.941
11/6/2014,-0.015,0.163,0.932
11/7/2014,-0.015,0.148,0.921
11/10/2014,-0.006,0.161,0.931
11/11/2014,-0.013,0.16,0.922
11/12/2014,-0.015,0.159,0.907
11/13/2014,-0.02,0.158,0.901
11/14/2014,-0.016,0.142,0.883
11/17/2014,-0.018,0.156,0.899
11/18/2014,-0.005,0.162,0.902
11/19/2014,0.004,0.215,0.954
11/20/2014,-0.003,0.183,0.909
11/21/2014,-0.017,0.169,0.877
11/24/2014,-0.011,0.16,0.877
11/25/2014,-0.015,0.147,0.832
11/26/2014,-0.024,0.142,0.819
11/27/2014,-0.013,0.134,0.776
11/28/2014,-0.007,0.143,0.771
12/1/2014,0.004,0.164,0.802
12/2/2014,-0.007,0.166,0.818
12/3/2014,-0.014,0.155,0.824
12/4/2014,0.001,0.169,0.847
12/5/2014,-0.003,0.164,0.847
12/8/2014,-0.019,0.135,0.786
12/9/2014,-0.017,0.139,0.771
12/10/2014,-0.009,0.143,0.773
12/11/2014,-0.013,0.143,0.764
12/12/2014,-0.014,0.131,0.723
12/15/2014,-0.025,0.128,0.722
12/16/2014,-0.014,0.131,0.712
12/17/2014,-0.018,0.128,0.716
12/18/2014,-0.019,0.136,0.734
12/19/2014,-0.045,0.117,0.712
12/22/2014,-0.057,0.109,0.71
12/23/2014,-0.054,0.106,0.701
12/24/2014,-0.051,0.108,0.698
12/25/2014,-0.051,0.108,0.698
12/26/2014,-0.051,0.108,0.698
12/29/2014,-0.056,0.069,0.654
12/30/2014,-0.06,0.061,0.647
12/31/2014,-0.056,0.058,0.65
1/1/2015,-0.056,0.058,0.65
1/2/2015,-0.073,0.035,0.595
1/5/2015,-0.073,0.042,0.605
1/6/2015,-0.079,0.02,0.523
1/7/2015,-0.097,0.03,0.563
1/8/2015,-0.091,0.054,0.585
1/9/2015,-0.112,0.033,0.57
1/12/2015,-0.107,0.022,0.539
1/13/2015,-0.113,0.016,0.527
1/14/2015,-0.119,-0.015,0.457
1/15/2015,-0.129,-0.024,0.461
1/16/2015,-0.141,-0.032,0.443
1/19/2015,-0.147,-0.021,0.451
1/20/2015,-0.131,0.017,0.464
1/21/2015,-0.131,0.05,0.533
1/22/2015,-0.102,0.077,0.451
1/23/2015,-0.118,0.026,0.366
1/26/2015,-0.096,0.066,0.407
1/27/2015,-0.106,0.064,0.402
1/28/2015,-0.117,0.05,0.39
1/29/2015,-0.125,0.047,0.404
1/30/2015,-0.129,0.012,0.342
2/2/2015,-0.123,0.011,0.349
2/3/2015,-0.143,0.017,0.371
2/4/2015,-0.148,0.018,0.394
2/5/2015,-0.16,0.014,0.398
2/6/2015,-0.175,0.022,0.42
2/9/2015,-0.175,0.023,0.41
2/10/2015,-0.166,0.04,0.437
2/11/2015,-0.166,0.023,0.421
2/12/2015,-0.174,0.002,0.387
2/13/2015,-0.154,0.01,0.398
2/16/2015,-0.155,0.004,0.392
2/17/2015,-0.134,0.021,0.417
2/18/2015,-0.138,0.009,0.424
2/19/2015,-0.134,0.013,0.426
2/20/2015,-0.142,0,0.411
2/23/2015,-0.14,-0.018,0.395
2/24/2015,-0.142,-0.018,0.389
2/25/2015,-0.159,-0.04,0.345
2/26/2015,-0.164,-0.052,0.318
2/27/2015,-0.159,-0.036,0.342
3/2/2015,-0.139,-0.003,0.379
3/3/2015,-0.141,0.012,0.392
3/4/2015,-0.127,0.03,0.411
3/5/2015,-0.131,0.001,0.372
3/6/2015,-0.134,-0.002,0.395
3/9/2015,-0.173,-0.046,0.306
3/10/2015,-0.169,-0.077,0.239
3/11/2015,-0.176,-0.075,0.221
3/12/2015,-0.173,-0.044,0.247
3/13/2015,-0.168,-0.033,0.261
3/16/2015,-0.16,-0.002,0.285
3/17/2015,-0.163,0.012,0.302
3/18/2015,-0.187,-0.029,0.24
3/19/2015,-0.185,-0.016,0.241
3/20/2015,-0.188,-0.024,0.234
3/23/2015,-0.174,0.03,0.286
3/24/2015,-0.179,0.042,0.301
3/25/2015,-0.189,0.025,0.296
3/26/2015,-0.2,0.006,0.291
3/27/2015,-0.206,-0.002,0.286
3/30/2015,-0.208,0.001,0.28
3/31/2015,-0.22,-0.016,0.251
4/1/2015,-0.226,-0.03,0.236
4/2/2015,-0.225,-0.009,0.266
4/3/2015,-0.225,-0.009,0.266
4/6/2015,-0.225,-0.009,0.266
4/7/2015,-0.229,-0.03,0.251
4/8/2015,-0.244,-0.063,0.224
4/9/2015,-0.24,-0.065,0.219
4/10/2015,-0.238,-0.066,0.213
4/13/2015,-0.236,-0.069,0.21
4/14/2015,-0.239,-0.078,0.186
4/15/2015,-0.231,-0.089,0.153
4/16/2015,-0.228,-0.086,0.139
4/17/2015,-0.225,-0.078,0.142
4/20/2015,-0.221,-0.07,0.141
4/21/2015,-0.22,-0.065,0.162
4/22/2015,-0.215,-0.03,0.22
4/23/2015,-0.225,-0.04,0.22
4/24/2015,-0.223,-0.04,0.215
4/27/2015,-0.229,-0.045,0.213
4/28/2015,-0.234,-0.05,0.21
4/29/2015,-0.198,0.039,0.331
4/30/2015,-0.185,0.077,0.4
5/1/2015,-0.183,0.085,0.412
5/4/2015,-0.177,0.113,0.487
5/5/2015,-0.19,0.139,0.559
5/6/2015,-0.187,0.171,0.635
5/7/2015,-0.189,0.174,0.649
5/8/2015,-0.189,0.143,0.602
5/11/2015,-0.19,0.172,0.671
5/12/2015,-0.174,0.196,0.731
5/13/2015,-0.168,0.198,0.759
5/14/2015,-0.17,0.19,0.737
5/15/2015,-0.176,0.166,0.668
5/18/2015,-0.184,0.18,0.698
5/19/2015,-0.197,0.139,0.645
5/20/2015,-0.198,0.152,0.686
5/21/2015,-0.203,0.149,0.687
5/22/2015,-0.2,0.138,0.655
5/25/2015,-0.196,0.136,0.654
5/26/2015,-0.209,0.101,0.605
5/27/2015,-0.205,0.098,0.612
5/28/2015,-0.199,0.097,0.593
5/29/2015,-0.195,0.073,0.55
6/1/2015,-0.188,0.099,0.602
6/2/2015,-0.167,0.172,0.762
6/3/2015,-0.162,0.236,0.903
6/4/2015,-0.162,0.209,0.86
6/5/2015,-0.16,0.227,0.876
6/8/2015,-0.153,0.251,0.922
6/9/2015,-0.138,0.301,1.005
6/10/2015,-0.147,0.301,1.035
6/11/2015,-0.144,0.263,0.948
6/12/2015,-0.157,0.247,0.931
6/15/2015,-0.154,0.292,0.97
6/16/2015,-0.168,0.273,0.954
6/17/2015,-0.176,0.282,0.952
6/18/2015,-0.182,0.268,0.922
6/19/2015,-0.188,0.244,0.877
6/22/2015,-0.186,0.28,0.97
6/23/2015,-0.19,0.266,0.952
6/24/2015,-0.2,0.265,0.93
6/25/2015,-0.206,0.259,0.947
6/26/2015,-0.2,0.287,0.998
6/29/2015,-0.215,0.251,0.915
6/30/2015,-0.231,0.222,0.891
7/1/2015,-0.238,0.211,0.934
7/2/2015,-0.234,0.23,0.991
7/3/2015,-0.23,0.2,0.938
7/6/2015,-0.22,0.206,0.927
7/7/2015,-0.234,0.165,0.824
7/8/2015,-0.233,0.162,0.826
7/9/2015,-0.228,0.156,0.854
7/10/2015,-0.19,0.241,0.997
7/13/2015,-0.193,0.201,0.95
7/14/2015,-0.194,0.193,0.928
7/15/2015,-0.197,0.161,0.852
7/16/2015,-0.181,0.176,0.853
7/17/2015,-0.184,0.16,0.791
7/20/2015,-0.19,0.139,0.751
7/21/2015,-0.191,0.148,0.775
7/22/2015,-0.197,0.137,0.752
7/23/2015,-0.195,0.117,0.739
7/24/2015,-0.196,0.092,0.688
7/27/2015,-0.194,0.096,0.689
7/28/2015,-0.201,0.084,0.693
7/29/2015,-0.212,0.085,0.721
7/30/2015,-0.212,0.052,0.658
7/31/2015,-0.207,0.063,0.659
8/3/2015,-0.213,0.062,0.651
8/4/2015,-0.216,0.059,0.665
8/5/2015,-0.212,0.107,0.767
8/6/2015,-0.211,0.091,0.724
8/7/2015,-0.226,0.061,0.676
8/10/2015,-0.226,0.07,0.706
8/11/2015,-0.232,0.099,0.777
8/12/2015,-0.233,0.091,0.76
8/13/2015,-0.23,0.106,0.785
8/14/2015,-0.227,0.128,0.814
8/17/2015,-0.216,0.111,0.784
8/18/2015,-0.216,0.133,0.809
8/19/2015,-0.215,0.12,0.786
8/20/2015,-0.221,0.102,0.755
8/21/2015,-0.22,0.105,0.752
8/24/2015,-0.216,0.123,0.785
8/25/2015,-0.194,0.203,0.915
8/26/2015,-0.189,0.183,0.885
8/27/2015,-0.188,0.186,0.906
8/28/2015,-0.18,0.199,0.909
8/31/2015,-0.185,0.231,0.964
9/1/2015,-0.197,0.243,0.973
9/2/2015,-0.201,0.227,0.957
9/3/2015,-0.22,0.173,0.983
9/4/2015,-0.215,0.154,0.932
9/7/2015,-0.211,0.145,0.955
9/8/2015,-0.208,0.143,0.957
9/9/2015,-0.215,0.139,0.965
9/10/2015,-0.211,0.141,0.956
9/11/2015,-0.218,0.119,0.915
9/14/2015,-0.217,0.117,0.916
9/15/2015,-0.214,0.16,0.996
9/16/2015,-0.209,0.183,1.02
9/17/2015,-0.204,0.204,1.026
9/18/2015,-0.235,0.131,0.912
9/21/2015,-0.236,0.132,0.936
9/22/2015,-0.256,0.086,0.851
9/23/2015,-0.244,0.096,0.864
9/24/2015,-0.235,0.113,0.876
9/25/2015,-0.234,0.123,0.917
9/28/2015,-0.245,0.105,0.874
9/29/2015,-0.239,0.112,0.876
9/30/2015,-0.24,0.103,0.864
10/1/2015,-0.251,0.06,0.802
10/2/2015,-0.242,0.045,0.775
10/5/2015,-0.233,0.06,0.829
10/6/2015,-0.224,0.085,0.858
10/7/2015,-0.225,0.081,0.854
10/8/2015,-0.227,0.081,0.844
10/9/2015,-0.225,0.082,0.868
10/12/2015,-0.233,0.058,0.831
10/13/2015,-0.229,0.059,0.84
10/14/2015,-0.239,0.02,0.798
10/15/2015,-0.237,0.028,0.81
10/16/2015,-0.24,0.025,0.808
10/19/2015,-0.242,0.042,0.832
10/20/2015,-0.221,0.101,0.895
10/21/2015,-0.236,0.055,0.828
10/22/2015,-0.291,-0.017,0.753
10/23/2015,-0.297,-0.019,0.757
10/26/2015,-0.304,-0.015,0.752
10/27/2015,-0.317,-0.045,0.706
10/28/2015,-0.323,-0.053,0.696
10/29/2015,-0.305,0.003,0.787
10/30/2015,-0.296,0.002,0.774
11/2/2015,-0.283,0.032,0.823
11/3/2015,-0.295,0.028,0.837
11/4/2015,-0.292,0.029,0.86
11/5/2015,-0.289,0.032,0.865
11/6/2015,-0.266,0.085,0.944
11/9/2015,-0.305,0.029,0.907
11/10/2015,-0.328,-0.003,0.864
11/11/2015,-0.332,0.008,0.855
11/12/2015,-0.33,0.015,0.85
11/13/2015,-0.344,-0.021,0.788
11/16/2015,-0.347,-0.037,0.763
11/17/2015,-0.356,-0.041,0.771
11/18/2015,-0.348,-0.043,0.757
11/19/2015,-0.347,-0.053,0.733
11/20/2015,-0.354,-0.061,0.734
11/23/2015,-0.36,-0.05,0.779
11/24/2015,-0.345,-0.044,0.758
11/25/2015,-0.381,-0.086,0.715
11/26/2015,-0.378,-0.086,0.718
11/27/2015,-0.374,-0.084,0.702
11/30/2015,-0.368,-0.072,0.72
12/1/2015,-0.386,-0.08,0.717
12/2/2015,-0.386,-0.105,0.71
12/3/2015,-0.254,0.062,0.905
12/4/2015,-0.249,0.073,0.929
12/7/2015,-0.28,0.006,0.831
12/8/2015,-0.281,0.003,0.825
12/9/2015,-0.284,-0.002,0.85
12/10/2015,-0.303,-0.026,0.826
12/11/2015,-0.321,-0.049,0.799
12/14/2015,-0.307,-0.026,0.842
12/15/2015,-0.312,0.013,0.916
12/16/2015,-0.305,0.037,0.952
12/17/2015,-0.329,-0.013,0.881
12/18/2015,-0.335,-0.037,0.832
12/21/2015,-0.349,-0.037,0.841
12/22/2015,-0.339,0,0.892
12/23/2015,-0.329,0.023,0.923
12/24/2015,-0.329,0.023,0.896
12/25/2015,-0.329,0.023,0.896
12/28/2015,-0.334,0.004,0.862
12/29/2015,-0.332,0.027,0.925
12/30/2015,-0.342,0.01,0.916
12/31/2015,-0.349,0.01,0.916
1/1/2016,-0.349,0.01,0.916
1/4/2016,-0.35,-0.014,0.857
1/5/2016,-0.373,-0.048,0.829
1/6/2016,-0.379,-0.056,0.798
1/7/2016,-0.376,-0.026,0.833
1/8/2016,-0.389,-0.036,0.808
1/11/2016,-0.38,-0.012,0.84
1/12/2016,-0.381,0.003,0.84
1/13/2016,-0.385,-0.024,0.804
1/14/2016,-0.382,-0.02,0.819
1/15/2016,-0.387,-0.043,0.786
1/18/2016,-0.387,-0.045,0.781
1/19/2016,-0.381,-0.051,0.783
1/20/2016,-0.39,-0.078,0.739
1/21/2016,-0.417,-0.12,0.707
1/22/2016,-0.42,-0.109,0.737
1/25/2016,-0.414,-0.119,0.721
1/26/2016,-0.418,-0.132,0.707
1/27/2016,-0.396,-0.124,0.714
1/28/2016,-0.391,-0.149,0.669
1/29/2016,-0.423,-0.212,0.576
2/1/2016,-0.411,-0.192,0.604
2/2/2016,-0.424,-0.208,0.567
2/3/2016,-0.46,-0.211,0.542
2/4/2016,-0.448,-0.195,0.559
2/5/2016,-0.453,-0.2,0.544
2/8/2016,-0.474,-0.198,0.508
2/9/2016,-0.484,-0.169,0.545
2/10/2016,-0.478,-0.182,0.531
2/11/2016,-0.499,-0.196,0.515
2/12/2016,-0.465,-0.156,0.592
2/15/2016,-0.477,-0.187,0.566
2/16/2016,-0.47,-0.171,0.596
2/17/2016,-0.472,-0.171,0.583
2/18/2016,-0.486,-0.197,0.516
2/19/2016,-0.488,-0.202,0.494
2/22/2016,-0.485,-0.215,0.464
2/23/2016,-0.491,-0.213,0.471
2/24/2016,-0.477,-0.218,0.452
2/25/2016,-0.49,-0.24,0.433
2/26/2016,-0.497,-0.255,0.428
2/29/2016,-0.52,-0.289,0.41
3/1/2016,-0.506,-0.274,0.447
3/2/2016,-0.49,-0.25,0.494
3/3/2016,-0.515,-0.284,0.455
3/4/2016,-0.472,-0.231,0.505
3/7/2016,-0.489,-0.253,0.481
3/8/2016,-0.498,-0.273,0.435
3/9/2016,-0.426,-0.177,0.582
3/10/2016,-0.347,-0.097,0.632
3/11/2016,-0.374,-0.147,0.581
3/14/2016,-0.373,-0.138,0.584
3/15/2016,-0.37,-0.121,0.62
3/16/2016,-0.371,-0.125,0.606
3/17/2016,-0.388,-0.159,0.529
3/18/2016,-0.398,-0.165,0.512
3/21/2016,-0.399,-0.158,0.531
3/22/2016,-0.402,-0.156,0.522
3/23/2016,-0.409,-0.161,0.515
3/24/2016,-0.403,-0.155,0.507
3/25/2016,-0.403,-0.155,0.507
3/28/2016,-0.403,-0.155,0.507
3/29/2016,-0.426,-0.2,0.445
3/30/2016,-0.42,-0.194,0.448
3/31/2016,-0.42,-0.197,0.434
4/1/2016,-0.42,-0.204,0.401
4/4/2016,-0.417,-0.21,0.385
4/5/2016,-0.43,-0.222,0.37
4/6/2016,-0.43,-0.219,0.392
4/7/2016,-0.448,-0.249,0.367
4/8/2016,-0.452,-0.254,0.37
4/11/2016,-0.455,-0.255,0.399
4/12/2016,-0.447,-0.221,0.458
4/13/2016,-0.465,-0.243,0.421
4/14/2016,-0.456,-0.21,0.467
4/15/2016,-0.47,-0.235,0.432
4/18/2016,-0.462,-0.215,0.464
4/19/2016,-0.463,-0.223,0.469
4/20/2016,-0.467,-0.225,0.453
4/21/2016,-0.445,-0.177,0.527
4/22/2016,-0.46,-0.199,0.516
4/25/2016,-0.454,-0.179,0.547
4/26/2016,-0.444,-0.161,0.578
4/27/2016,-0.446,-0.172,0.57
4/28/2016,-0.453,-0.185,0.541
4/29/2016,-0.426,-0.154,0.575
5/2/2016,-0.412,-0.151,0.56
5/3/2016,-0.434,-0.196,0.503
5/4/2016,-0.436,-0.197,0.504
5/5/2016,-0.447,-0.227,0.463
5/6/2016,-0.451,-0.233,0.443
5/9/2016,-0.456,-0.24,0.423
5/10/2016,-0.45,-0.234,0.415
5/11/2016,-0.464,-0.238,0.41
5/12/2016,-0.468,-0.228,0.432
5/13/2016,-0.476,-0.239,0.399
5/16/2016,-0.472,-0.231,0.413
5/17/2016,-0.468,-0.241,0.401
5/18/2016,-0.458,-0.221,0.446
5/19/2016,-0.452,-0.21,0.45
5/20/2016,-0.45,-0.213,0.447
5/23/2016,-0.455,-0.21,0.457
5/24/2016,-0.457,-0.222,0.453
5/25/2016,-0.467,-0.245,0.418
5/26/2016,-0.473,-0.253,0.415
5/27/2016,-0.478,-0.257,0.408
5/30/2016,-0.471,-0.239,0.436
5/31/2016,-0.473,-0.255,0.408
6/1/2016,-0.474,-0.256,0.402
6/2/2016,-0.474,-0.257,0.386
6/3/2016,-0.492,-0.284,0.341
6/6/2016,-0.492,-0.271,0.368
6/7/2016,-0.488,-0.276,0.341
6/8/2016,-0.481,-0.273,0.351
6/9/2016,-0.485,-0.28,0.334
6/10/2016,-0.474,-0.28,0.331
6/13/2016,-0.467,-0.277,0.345
6/14/2016,-0.484,-0.295,0.341
6/15/2016,-0.488,-0.299,0.318
6/16/2016,-0.482,-0.292,0.306
6/17/2016,-0.493,-0.291,0.33
6/20/2016,-0.494,-0.295,0.328
6/21/2016,-0.501,-0.3,0.338
6/22/2016,-0.5,-0.308,0.35
6/23/2016,-0.486,-0.286,0.383
6/24/2016,-0.558,-0.357,0.292
6/27/2016,-0.558,-0.376,0.216
6/28/2016,-0.567,-0.396,0.188
6/29/2016,-0.578,-0.402,0.162
6/30/2016,-0.583,-0.42,0.143
7/1/2016,-0.586,-0.429,0.126
7/4/2016,-0.614,-0.45,0.118
7/5/2016,-0.632,-0.479,0.074
7/6/2016,-0.636,-0.481,0.076
7/7/2016,-0.632,-0.484,0.094
7/8/2016,-0.645,-0.501,0.07
7/11/2016,-0.633,-0.498,0.085
7/12/2016,-0.603,-0.468,0.144
7/13/2016,-0.611,-0.486,0.093
7/14/2016,-0.601,-0.469,0.126
7/15/2016,-0.56,-0.444,0.167
7/18/2016,-0.558,-0.444,0.147
7/19/2016,-0.566,-0.448,0.116
7/20/2016,-0.583,-0.434,0.128
7/21/2016,-0.574,-0.427,0.121
7/22/2016,-0.562,-0.415,0.124
7/25/2016,-0.56,-0.416,0.122
7/26/2016,-0.556,-0.41,0.126
7/27/2016,-0.573,-0.447,0.065
7/28/2016,-0.566,-0.456,0.054
7/29/2016,-0.575,-0.485,0.014
8/1/2016,-0.583,-0.48,0.024
8/2/2016,-0.573,-0.45,0.085
8/3/2016,-0.576,-0.444,0.096
8/4/2016,-0.603,-0.468,0.05
8/5/2016,-0.601,-0.467,0.065
8/8/2016,-0.596,-0.485,0.041
8/9/2016,-0.597,-0.487,0.03
8/10/2016,-0.605,-0.506,0.009
8/11/2016,-0.6,-0.498,0.023
8/12/2016,-0.599,-0.506,0.017
8/15/2016,-0.584,-0.478,0.052
8/16/2016,-0.584,-0.46,0.099
8/17/2016,-0.586,-0.467,0.072
8/18/2016,-0.591,-0.481,0.041
8/19/2016,-0.582,-0.446,0.097
8/22/2016,-0.602,-0.473,0.049
8/23/2016,-0.601,-0.468,0.05
8/24/2016,-0.6,-0.461,0.057
8/25/2016,-0.595,-0.447,0.084
8/26/2016,-0.599,-0.457,0.074
8/29/2016,-0.607,-0.472,0.059
8/30/2016,-0.601,-0.467,0.056
8/31/2016,-0.595,-0.461,0.07
9/1/2016,-0.6,-0.465,0.066
9/2/2016,-0.609,-0.466,0.081
9/5/2016,-0.614,-0.466,0.081
9/6/2016,-0.638,-0.517,0.016
9/7/2016,-0.639,-0.526,0.009
9/8/2016,-0.614,-0.485,0.064
9/9/2016,-0.594,-0.449,0.133
9/12/2016,-0.586,-0.438,0.148
9/13/2016,-0.565,-0.421,0.175
9/14/2016,-0.589,-0.458,0.138
9/15/2016,-0.585,-0.446,0.151
9/16/2016,-0.601,-0.455,0.127
9/19/2016,-0.599,-0.445,0.135
9/20/2016,-0.611,-0.462,0.096
9/21/2016,-0.609,-0.454,0.106
9/22/2016,-0.631,-0.5,0.016
9/23/2016,-0.633,-0.498,0.035
9/26/2016,-0.645,-0.521,-0.001
9/27/2016,-0.67,-0.541,-0.014
9/28/2016,-0.666,-0.535,-0.009
9/29/2016,-0.661,-0.518,0.022
9/30/2016,-0.656,-0.516,0.025
10/3/2016,-0.653,-0.497,0.067
10/4/2016,-0.648,-0.484,0.094
10/5/2016,-0.646,-0.453,0.141
10/6/2016,-0.645,-0.459,0.125
10/7/2016,-0.643,-0.449,0.152
10/10/2016,-0.641,-0.44,0.186
10/11/2016,-0.648,-0.457,0.153
10/12/2016,-0.651,-0.435,0.197
10/13/2016,-0.652,-0.459,0.171
10/14/2016,-0.646,-0.458,0.178
10/17/2016,-0.648,-0.46,0.184
10/18/2016,-0.66,-0.473,0.162
10/19/2016,-0.659,-0.474,0.151
10/20/2016,-0.66,-0.475,0.124
10/21/2016,-0.654,-0.466,0.131
10/24/2016,-0.643,-0.448,0.147
10/25/2016,-0.638,-0.437,0.151
10/26/2016,-0.629,-0.411,0.209
10/27/2016,-0.609,-0.366,0.293
10/28/2016,-0.605,-0.347,0.296
10/31/2016,-0.608,-0.355,0.292
11/1/2016,-0.603,-0.338,0.324
11/2/2016,-0.616,-0.373,0.277
11/3/2016,-0.612,-0.37,0.302
11/4/2016,-0.616,-0.388,0.287
11/7/2016,-0.613,-0.382,0.298
11/8/2016,-0.614,-0.368,0.331
11/9/2016,-0.632,-0.374,0.36
11/10/2016,-0.614,-0.323,0.447
11/11/2016,-0.589,-0.251,0.51
11/14/2016,-0.582,-0.24,0.529
11/15/2016,-0.6,-0.279,0.489
11/16/2016,-0.596,-0.282,0.473
11/17/2016,-0.591,-0.291,0.465
11/18/2016,-0.608,-0.304,0.463
11/21/2016,-0.62,-0.317,0.46
11/22/2016,-0.668,-0.391,0.404
11/23/2016,-0.644,-0.354,0.45
11/24/2016,-0.659,-0.364,0.441
11/25/2016,-0.666,-0.358,0.441
11/28/2016,-0.682,-0.381,0.42
11/29/2016,-0.693,-0.399,0.395
11/30/2016,-0.692,-0.387,0.436
12/1/2016,-0.675,-0.322,0.531
12/2/2016,-0.678,-0.359,0.435
12/5/2016,-0.65,-0.309,0.49
12/6/2016,-0.643,-0.282,0.519
12/7/2016,-0.632,-0.295,0.488
12/8/2016,-0.686,-0.347,0.517
12/9/2016,-0.679,-0.355,0.524
12/12/2016,-0.669,-0.329,0.566
12/13/2016,-0.665,-0.353,0.516
12/14/2016,-0.674,-0.394,0.453
12/15/2016,-0.679,-0.369,0.502
12/16/2016,-0.687,-0.401,0.457
12/19/2016,-0.702,-0.447,0.392
12/20/2016,-0.685,-0.417,0.412
12/21/2016,-0.684,-0.424,0.388
12/22/2016,-0.684,-0.423,0.403
12/23/2016,-0.693,-0.439,0.364
12/26/2016,-0.693,-0.439,0.364
12/27/2016,-0.719,-0.476,0.35
12/28/2016,-0.711,-0.48,0.339
12/29/2016,-0.692,-0.477,0.315
12/30/2016,-0.673,-0.473,0.342
1/2/2017,-0.692,-0.485,0.327
1/3/2017,-0.682,-0.444,0.414
1/4/2017,-0.687,-0.438,0.438
1/5/2017,-0.65,-0.415,0.42
1/6/2017,-0.642,-0.394,0.473
1/9/2017,-0.65,-0.401,0.455
1/10/2017,-0.65,-0.379,0.457
1/11/2017,-0.641,-0.382,0.424
1/12/2017,-0.639,-0.377,0.421
1/13/2017,-0.646,-0.37,0.45
1/16/2017,-0.654,-0.387,0.445
1/17/2017,-0.662,-0.387,0.441
1/18/2017,-0.651,-0.365,0.486
1/19/2017,-0.633,-0.348,0.506
1/20/2017,-0.612,-0.318,0.559
1/23/2017,-0.625,-0.349,0.51
1/24/2017,-0.613,-0.327,0.55
1/25/2017,-0.592,-0.29,0.615
1/26/2017,-0.583,-0.267,0.647
1/27/2017,-0.59,-0.269,0.635
1/30/2017,-0.608,-0.266,0.645
1/31/2017,-0.626,-0.294,0.608
2/1/2017,-0.63,-0.287,0.643
2/2/2017,-0.647,-0.328,0.591
2/3/2017,-0.659,-0.349,0.595
2/6/2017,-0.676,-0.386,0.589
2/7/2017,-0.688,-0.372,0.571
2/8/2017,-0.685,-0.392,0.501
2/9/2017,-0.672,-0.385,0.497
2/10/2017,-0.669,-0.363,0.532
2/13/2017,-0.662,-0.351,0.54
2/14/2017,-0.671,-0.369,0.555
2/15/2017,-0.675,-0.369,0.552
2/16/2017,-0.665,-0.366,0.511
2/17/2017,-0.688,-0.394,0.483
2/20/2017,-0.7,-0.204,0.478
2/21/2017,-0.713,-0.205,0.491
2/22/2017,-0.742,-0.225,0.468
2/23/2017,-0.765,-0.274,0.415
2/24/2017,-0.793,-0.312,0.35
2/27/2017,-0.783,-0.304,0.344
2/28/2017,-0.758,-0.284,0.347
3/1/2017,-0.72,-0.229,0.406
3/2/2017,-0.71,-0.224,0.431
3/3/2017,-0.748,-0.199,0.463
3/6/2017,-0.791,-0.21,0.463
3/7/2017,-0.816,-0.23,0.464
3/8/2017,-0.77,-0.18,0.504
3/9/2017,-0.797,-0.155,0.549
3/10/2017,-0.781,-0.084,0.595
3/13/2017,-0.76,-0.082,0.577
3/14/2017,-0.742,-0.077,0.557
3/15/2017,-0.76,-0.116,0.516
3/16/2017,-0.731,-0.077,0.546
3/17/2017,-0.723,-0.092,0.543
3/20/2017,-0.743,-0.105,0.554
3/21/2017,-0.713,-0.075,0.558
3/22/2017,-0.736,-0.108,0.509
3/23/2017,-0.714,-0.083,0.525
3/24/2017,-0.721,-0.119,0.502
3/27/2017,-0.691,-0.109,0.499
3/28/2017,-0.699,-0.126,0.486
3/29/2017,-0.749,-0.175,0.449
3/30/2017,-0.732,-0.169,0.448
3/31/2017,-0.726,-0.175,0.439
4/3/2017,-0.782,-0.22,0.399
4/4/2017,-0.764,-0.219,0.37
4/5/2017,-0.763,-0.235,0.358
4/6/2017,-0.742,-0.234,0.354
4/7/2017,-0.743,-0.272,0.329
4/10/2017,-0.747,-0.296,0.33
4/11/2017,-0.75,-0.294,0.34
4/12/2017,-0.748,-0.3,0.313
4/13/2017,-0.768,-0.317,0.301
4/14/2017,-0.768,-0.317,0.301
4/17/2017,-0.768,-0.317,0.301
4/18/2017,-0.748,-0.296,0.287
4/19/2017,-0.704,-0.245,0.319
4/20/2017,-0.696,-0.213,0.37
4/21/2017,-0.698,-0.204,0.386
4/24/2017,-0.646,-0.175,0.418
4/25/2017,-0.634,-0.131,0.47
4/26/2017,-0.645,-0.157,0.452
4/27/2017,-0.688,-0.223,0.393
4/28/2017,-0.681,-0.217,0.402
5/1/2017,-0.682,-0.217,0.402
5/2/2017,-0.664,-0.203,0.404
5/3/2017,-0.665,-0.2,0.405
5/4/2017,-0.652,-0.17,0.458
5/5/2017,-0.643,-0.149,0.473
5/8/2017,-0.627,-0.159,0.469
5/9/2017,-0.64,-0.149,0.485
5/10/2017,-0.644,-0.152,0.475
5/11/2017,-0.646,-0.15,0.488
5/12/2017,-0.649,-0.174,0.453
5/15/2017,-0.652,-0.156,0.486
5/16/2017,-0.637,-0.15,0.501
5/17/2017,-0.656,-0.199,0.448
5/18/2017,-0.655,-0.22,0.405
5/19/2017,-0.649,-0.2,0.419
5/22/2017,-0.636,-0.177,0.452
5/23/2017,-0.634,-0.17,0.463
5/24/2017,-0.644,-0.186,0.456
5/25/2017,-0.66,-0.222,0.415
5/26/2017,-0.669,-0.243,0.383
5/29/2017,-0.697,-0.282,0.351
5/30/2017,-0.683,-0.276,0.345
5/31/2017,-0.688,-0.275,0.354
6/1/2017,-0.693,-0.274,0.354
6/2/2017,-0.706,-0.3,0.323
6/5/2017,-0.694,-0.282,0.339
6/6/2017,-0.726,-0.313,0.303
6/7/2017,-0.723,-0.295,0.321
6/8/2017,-0.737,-0.311,0.305
6/9/2017,-0.735,-0.309,0.315
6/12/2017,-0.728,-0.308,0.314
6/13/2017,-0.715,-0.292,0.329
6/14/2017,-0.708,-0.311,0.296
6/15/2017,-0.673,-0.254,0.344
6/16/2017,-0.674,-0.27,0.332
6/19/2017,-0.668,-0.263,0.333
6/20/2017,-0.665,-0.272,0.308
6/21/2017,-0.652,-0.256,0.31
6/22/2017,-0.648,-0.268,0.301
6/23/2017,-0.638,-0.268,0.307
6/26/2017,-0.637,-0.267,0.302
6/27/2017,-0.592,-0.159,0.43
6/28/2017,-0.616,-0.186,0.421
6/29/2017,-0.61,-0.144,0.489
6/30/2017,-0.62,-0.138,0.497
7/3/2017,-0.627,-0.141,0.506
7/4/2017,-0.636,-0.138,0.509
7/5/2017,-0.635,-0.134,0.502
7/6/2017,-0.623,-0.068,0.589
7/7/2017,-0.648,-0.08,0.608
7/10/2017,-0.653,-0.097,0.585
7/11/2017,-0.646,-0.083,0.592
7/12/2017,-0.654,-0.111,0.551
7/13/2017,-0.656,-0.096,0.574
7/14/2017,-0.66,-0.091,0.565
7/17/2017,-0.668,-0.107,0.558
7/18/2017,-0.684,-0.126,0.537
7/19/2017,-0.681,-0.131,0.528
7/20/2017,-0.682,-0.148,0.513
7/21/2017,-0.681,-0.163,0.491
7/24/2017,-0.689,-0.167,0.492
7/25/2017,-0.694,-0.133,0.549
7/26/2017,-0.7,-0.145,0.541
7/27/2017,-0.705,-0.165,0.523
7/28/2017,-0.717,-0.171,0.53
7/31/2017,-0.71,-0.168,0.531
8/1/2017,-0.71,-0.205,0.48
8/2/2017,-0.702,-0.206,0.477
8/3/2017,-0.691,-0.212,0.446
8/4/2017,-0.691,-0.208,0.464
8/7/2017,-0.685,-0.21,0.453
8/8/2017,-0.665,-0.193,0.468
8/9/2017,-0.681,-0.225,0.425
8/10/2017,-0.688,-0.227,0.418
8/11/2017,-0.693,-0.253,0.391
8/14/2017,-0.698,-0.239,0.412
8/15/2017,-0.619,-0.143,0.439
8/16/2017,-0.618,-0.135,0.449
8/17/2017,-0.616,-0.144,0.43
8/18/2017,-0.614,-0.147,0.424
8/21/2017,-0.628,-0.161,0.41
8/22/2017,-0.635,-0.167,0.41
8/23/2017,-0.646,-0.188,0.387
8/24/2017,-0.652,-0.194,0.386
8/25/2017,-0.646,-0.186,0.395
8/28/2017,-0.662,-0.2,0.392
8/29/2017,-0.66,-0.222,0.355
8/30/2017,-0.663,-0.215,0.354
8/31/2017,-0.668,-0.215,0.356
9/1/2017,-0.667,-0.213,0.371
9/4/2017,-0.676,-0.23,0.357
9/5/2017,-0.685,-0.253,0.328
9/6/2017,-0.666,-0.24,0.338
9/7/2017,-0.688,-0.274,0.295
9/8/2017,-0.691,-0.273,0.295
9/11/2017,-0.683,-0.259,0.503
9/12/2017,-0.658,-0.21,0.57
9/13/2017,-0.654,-0.207,0.568
9/14/2017,-0.647,-0.194,0.58
9/15/2017,-0.633,-0.166,0.599
9/18/2017,-0.625,-0.156,0.615
9/19/2017,-0.62,-0.159,0.61
9/20/2017,-0.625,-0.161,0.605
9/21/2017,-0.619,-0.143,0.615
9/22/2017,-0.623,-0.146,0.607
9/25/2017,-0.658,-0.191,0.567
9/26/2017,-0.691,-0.193,0.574
9/27/2017,-0.663,-0.155,0.628
9/28/2017,-0.666,-0.156,0.635
9/29/2017,-0.66,-0.163,0.617
10/2/2017,-0.671,-0.177,0.606
10/3/2017,-0.671,-0.168,0.619
10/4/2017,-0.665,-0.16,0.618
10/5/2017,-0.653,-0.151,0.619
10/6/2017,-0.656,-0.151,0.621
10/9/2017,-0.658,-0.161,0.604
10/10/2017,-0.657,-0.17,0.6
10/11/2017,-0.648,-0.152,0.619
10/12/2017,-0.662,-0.177,0.602
10/13/2017,-0.681,-0.209,0.556
10/16/2017,-0.692,-0.237,0.524
10/17/2017,-0.686,-0.228,0.516
10/18/2017,-0.685,-0.204,0.55
10/19/2017,-0.686,-0.206,0.554
10/20/2017,-0.676,-0.168,0.607
10/23/2017,-0.681,-0.193,0.587
10/24/2017,-0.667,-0.158,0.63
10/25/2017,-0.672,-0.152,0.636
10/26/2017,-0.704,-0.22,0.571
10/27/2017,-0.725,-0.259,0.537
10/30/2017,-0.714,-0.258,0.519
10/31/2017,-0.713,-0.253,0.517
11/1/2017,-0.712,-0.25,0.527
11/2/2017,-0.712,-0.251,0.526
11/3/2017,-0.714,-0.255,0.517
11/6/2017,-0.726,-0.278,0.493
11/7/2017,-0.729,-0.288,0.477
11/8/2017,-0.731,-0.288,0.48
11/9/2017,-0.721,-0.259,0.531
11/10/2017,-0.722,-0.234,0.559
11/13/2017,-0.717,-0.232,0.562
11/14/2017,-0.711,-0.239,0.545
11/15/2017,-0.716,-0.253,0.526
11/16/2017,-0.711,-0.251,0.524
11/17/2017,-0.724,-0.277,0.507
11/20/2017,-0.723,-0.274,0.504
11/21/2017,-0.722,-0.278,0.489
11/22/2017,-0.711,-0.263,0.492
11/23/2017,-0.704,-0.257,0.497
11/24/2017,-0.7,-0.25,0.518
11/27/2017,-0.708,-0.268,0.503
11/28/2017,-0.706,-0.267,0.5
11/29/2017,-0.695,-0.231,0.541
11/30/2017,-0.692,-0.243,0.521
12/1/2017,-0.703,-0.286,0.456
12/4/2017,-0.699,-0.268,0.491
12/5/2017,-0.723,-0.303,0.46
12/6/2017,-0.731,-0.324,0.44
12/7/2017,-0.748,-0.335,0.439
12/8/2017,-0.722,-0.306,0.453
12/11/2017,-0.719,-0.305,0.443
12/12/2017,-0.711,-0.297,0.464
12/13/2017,-0.72,-0.289,0.468
12/14/2017,-0.702,-0.278,0.47
12/15/2017,-0.693,-0.268,0.461
12/18/2017,-0.672,-0.261,0.464
12/19/2017,-0.659,-0.214,0.531
12/20/2017,-0.656,-0.192,0.564
12/21/2017,-0.654,-0.179,0.575
12/22/2017,-0.646,-0.167,0.575
12/25/2017,-0.646,-0.167,0.575
12/26/2017,-0.646,-0.167,0.575
12/27/2017,-0.658,-0.185,0.54
12/28/2017,-0.623,-0.159,0.583
12/29/2017,-0.632,-0.156,0.588
1/1/2018,-0.632,-0.156,0.588
1/2/2018,-0.611,-0.139,0.627
1/3/2018,-0.618,-0.151,0.595
1/4/2018,-0.608,-0.15,0.591
1/5/2018,-0.601,-0.144,0.601
1/8/2018,-0.608,-0.146,0.593
1/9/2018,-0.605,-0.126,0.626
1/10/2018,-0.603,-0.126,0.632
1/11/2018,-0.568,-0.066,0.677
1/12/2018,-0.555,-0.06,0.677
1/15/2018,-0.553,-0.059,0.685
1/16/2018,-0.549,-0.064,0.661
1/17/2018,-0.553,-0.062,0.665
1/18/2018,-0.557,-0.061,0.676
1/19/2018,-0.558,-0.072,0.672
1/22/2018,-0.57,-0.071,0.674
1/23/2018,-0.57,-0.063,0.673
1/24/2018,-0.563,-0.041,0.7
1/25/2018,-0.554,0.001,0.726
1/26/2018,-0.542,0.041,0.747
1/29/2018,-0.539,0.074,0.815
1/30/2018,-0.552,0.066,0.805
1/31/2018,-0.562,0.08,0.812
2/1/2018,-0.576,0.073,0.83
2/2/2018,-0.573,0.094,0.871
2/5/2018,-0.591,0.061,0.841
2/6/2018,-0.594,0.036,0.8
2/7/2018,-0.576,0.071,0.834
2/8/2018,-0.581,0.065,0.839
2/9/2018,-0.59,0.049,0.828
2/12/2018,-0.599,0.054,0.844
2/13/2018,-0.588,0.054,0.849
2/14/2018,-0.58,0.063,0.856
2/15/2018,-0.568,0.069,0.863
2/16/2018,-0.571,0.034,0.813
2/19/2018,-0.571,0.049,0.84
2/20/2018,-0.572,0.042,0.841
2/21/2018,-0.572,0.041,0.839
2/22/2018,-0.571,0.03,0.828
2/23/2018,-0.574,-0.002,0.776
2/26/2018,-0.576,0.002,0.778
2/27/2018,-0.565,0.015,0.8
2/28/2018,-0.574,-0.007,0.772
3/1/2018,-0.591,-0.014,0.76
3/2/2018,-0.592,-0.013,0.769
3/5/2018,-0.596,-0.017,0.763
3/6/2018,-0.589,0.013,0.786
3/7/2018,-0.583,0.003,0.757
3/8/2018,-0.596,-0.02,0.725
3/9/2018,-0.595,-0.008,0.744
3/12/2018,-0.608,-0.02,0.732
3/13/2018,-0.599,-0.022,0.73
3/14/2018,-0.599,-0.034,0.708
3/15/2018,-0.598,-0.043,0.691
3/16/2018,-0.608,-0.053,0.685
3/19/2018,-0.602,-0.051,0.682
3/20/2018,-0.596,-0.043,0.696
3/21/2018,-0.599,-0.042,0.697
3/22/2018,-0.614,-0.087,0.634
3/23/2018,-0.613,-0.085,0.627
3/26/2018,-0.609,-0.087,0.622
3/27/2018,-0.613,-0.104,0.6
3/28/2018,-0.605,-0.108,0.607
3/29/2018,-0.608,-0.121,0.597
3/30/2018,-0.609,-0.121,0.597
4/2/2018,-0.609,-0.121,0.597
4/3/2018,-0.602,-0.109,0.602
4/4/2018,-0.598,-0.111,0.602
4/5/2018,-0.587,-0.098,0.627
4/6/2018,-0.598,-0.113,0.603
4/9/2018,-0.594,-0.104,0.611
4/10/2018,-0.586,-0.087,0.632
4/11/2018,-0.589,-0.094,0.615
4/12/2018,-0.595,-0.095,0.628
4/13/2018,-0.601,-0.101,0.622
4/16/2018,-0.592,-0.097,0.632
4/17/2018,-0.599,-0.117,0.612
4/18/2018,-0.592,-0.102,0.627
4/19/2018,-0.583,-0.059,0.697
4/20/2018,-0.585,-0.073,0.689
4/23/2018,-0.579,-0.049,0.728
4/24/2018,-0.578,-0.051,0.729
4/25/2018,-0.578,-0.046,0.732
4/26/2018,-0.587,-0.076,0.693
4/27/2018,-0.603,-0.092,0.671
4/30/2018,-0.596,-0.104,0.66
5/1/2018,-0.596,-0.104,0.66
5/2/2018,-0.578,-0.086,0.681
5/3/2018,-0.585,-0.118,0.635
5/4/2018,-0.58,-0.106,0.65
5/7/2018,-0.584,-0.113,0.633
5/8/2018,-0.582,-0.092,0.668
5/9/2018,-0.584,-0.098,0.663
5/10/2018,-0.587,-0.101,0.66
5/11/2018,-0.588,-0.095,0.659
5/14/2018,-0.567,-0.051,0.709
5/15/2018,-0.564,-0.032,0.743
5/16/2018,-0.586,-0.069,0.715
5/17/2018,-0.581,-0.046,0.751
5/18/2018,-0.599,-0.09,0.695
5/21/2018,-0.629,-0.128,0.664
5/22/2018,-0.612,-0.097,0.696
5/23/2018,-0.629,-0.132,0.665
5/24/2018,-0.629,-0.152,0.636
5/25/2018,-0.65,-0.187,0.585
5/28/2018,-0.664,-0.226,0.528
5/29/2018,-0.729,-0.317,0.469
5/30/2018,-0.609,-0.187,0.571
5/31/2018,-0.626,-0.201,0.537
6/1/2018,-0.601,-0.189,0.565
6/4/2018,-0.6,-0.183,0.589
6/5/2018,-0.626,-0.224,0.555
6/6/2018,-0.591,-0.134,0.652
6/7/2018,-0.608,-0.133,0.669
6/8/2018,-0.633,-0.166,0.656
6/11/2018,-0.609,-0.124,0.692
6/12/2018,-0.608,-0.133,0.683
6/13/2018,-0.615,-0.155,0.662
6/14/2018,-0.644,-0.234,0.59
6/15/2018,-0.645,-0.248,0.567
6/18/2018,-0.639,-0.256,0.557
6/19/2018,-0.648,-0.284,0.534
6/20/2018,-0.657,-0.287,0.538
6/21/2018,-0.688,-0.323,0.503
6/22/2018,-0.684,-0.312,0.507
6/25/2018,-0.695,-0.312,0.502
6/26/2018,-0.682,-0.29,0.521
6/27/2018,-0.684,-0.296,0.505
6/28/2018,-0.678,-0.29,0.502
6/29/2018,-0.673,-0.313,0.471
7/2/2018,-0.683,-0.323,0.466
7/3/2018,-0.669,-0.318,0.447
7/4/2018,-0.655,-0.307,0.454
7/5/2018,-0.643,-0.304,0.454
7/6/2018,-0.647,-0.31,0.449
7/9/2018,-0.642,-0.303,0.445
7/10/2018,-0.633,-0.282,0.469
7/11/2018,-0.634,-0.283,0.459
7/12/2018,-0.635,-0.293,0.446
7/13/2018,-0.63,-0.3,0.42
7/16/2018,-0.627,-0.282,0.445
7/17/2018,-0.635,-0.293,0.424
7/18/2018,-0.638,-0.297,0.425
7/19/2018,-0.636,-0.298,0.419
7/20/2018,-0.629,-0.269,0.465
7/23/2018,-0.617,-0.239,0.506
7/24/2018,-0.621,-0.25,0.499
7/25/2018,-0.628,-0.247,0.499
7/26/2018,-0.629,-0.242,0.507
7/27/2018,-0.628,-0.24,0.502
7/30/2018,-0.619,-0.215,0.538
7/31/2018,-0.616,-0.211,0.53
8/1/2018,-0.6,-0.185,0.57
8/2/2018,-0.609,-0.193,0.567
8/3/2018,-0.624,-0.229,0.528
8/6/2018,-0.624,-0.24,0.508
8/7/2018,-0.531,-0.038,0.524
8/8/2018,-0.543,-0.053,0.513
8/9/2018,-0.563,-0.075,0.496
8/10/2018,-0.585,-0.117,0.449
8/13/2018,-0.589,-0.118,0.452
8/14/2018,-0.582,-0.106,0.462
8/15/2018,-0.594,-0.125,0.442
8/16/2018,-0.579,-0.111,0.46
8/17/2018,-0.597,-0.126,0.444
8/20/2018,-0.591,-0.126,0.433
8/21/2018,-0.569,-0.101,0.459
8/22/2018,-0.556,-0.083,0.474
8/23/2018,-0.555,-0.085,0.468
8/24/2018,-0.555,-0.079,0.471
8/27/2018,-0.536,-0.057,0.49
8/28/2018,-0.534,-0.054,0.498
8/29/2018,-0.527,-0.041,0.521
8/30/2018,-0.56,-0.093,0.47
8/31/2018,-0.562,-0.102,0.454
9/3/2018,-0.565,-0.096,0.463
9/4/2018,-0.547,-0.076,0.476
9/5/2018,-0.522,-0.054,0.492
9/6/2018,-0.535,-0.074,0.466
9/7/2018,-0.516,-0.055,0.488
9/10/2018,-0.509,-0.046,0.494
9/11/2018,-0.5,-0.028,0.64
9/12/2018,-0.511,-0.044,0.626
9/13/2018,-0.508,-0.033,0.637
9/14/2018,-0.501,-0.012,0.666
9/17/2018,-0.496,0.005,0.684
9/18/2018,-0.49,0.019,0.704
9/19/2018,-0.492,0.023,0.713
9/20/2018,-0.498,0.013,0.699
9/21/2018,-0.504,0.003,0.688
9/24/2018,-0.473,0.057,0.739
9/25/2018,-0.466,0.08,0.763
9/26/2018,-0.466,0.07,0.751
9/27/2018,-0.461,0.081,0.761
9/28/2018,-0.492,0.029,0.72
10/1/2018,-0.51,0.02,0.72
10/2/2018,-0.53,-0.013,0.675
10/3/2018,-0.499,0.036,0.72
10/4/2018,-0.483,0.078,0.771
10/5/2018,-0.479,0.103,0.811
10/8/2018,-0.507,0.062,0.772
10/9/2018,-0.49,0.078,0.797
10/10/2018,-0.494,0.082,0.805
10/11/2018,-0.51,0.06,0.778
10/12/2018,-0.529,0.034,0.756
10/15/2018,-0.536,0.03,0.756
10/16/2018,-0.534,0.024,0.745
10/17/2018,-0.55,-0.002,0.712
10/18/2018,-0.591,-0.05,0.674
10/19/2018,-0.544,0.007,0.732
10/22/2018,-0.557,-0.004,0.723
10/23/2018,-0.577,-0.032,0.684
10/24/2018,-0.594,-0.053,0.669
10/25/2018,-0.554,-0.049,0.668
10/26/2018,-0.575,-0.081,0.626
10/29/2018,-0.566,-0.067,0.64
10/30/2018,-0.568,-0.072,0.634
10/31/2018,-0.551,-0.059,0.643
11/1/2018,-0.545,-0.056,0.646
11/2/2018,-0.536,-0.047,0.673
11/5/2018,-0.529,-0.044,0.678
11/6/2018,-0.523,-0.039,0.693
11/7/2018,-0.523,-0.025,0.714
11/8/2018,-0.537,-0.017,0.727
11/9/2018,-0.545,-0.055,0.677
11/12/2018,-0.549,-0.068,0.669
11/13/2018,-0.539,-0.057,0.68
11/14/2018,-0.548,-0.06,0.669
11/15/2018,-0.566,-0.084,0.636
11/16/2018,-0.562,-0.08,0.641
11/19/2018,-0.557,-0.07,0.652
11/20/2018,-0.558,-0.068,0.65
11/21/2018,-0.54,-0.046,0.672
11/22/2018,-0.541,-0.05,0.667
11/23/2018,-0.547,-0.068,0.638
11/26/2018,-0.535,-0.053,0.651
11/27/2018,-0.545,-0.069,0.64
11/28/2018,-0.539,-0.069,0.64
11/29/2018,-0.553,-0.099,0.607
11/30/2018,-0.552,-0.105,0.594
12/3/2018,-0.555,-0.111,0.592
12/4/2018,-0.565,-0.136,0.549
12/5/2018,-0.546,-0.122,0.561
12/6/2018,-0.543,-0.152,0.525
12/7/2018,-0.531,-0.134,0.539
12/10/2018,-0.518,-0.115,0.539
12/11/2018,-0.539,-0.13,0.536
12/12/2018,-0.509,-0.089,0.575
12/13/2018,-0.529,-0.111,0.578
12/14/2018,-0.549,-0.141,0.555
12/17/2018,-0.546,-0.135,0.56
12/18/2018,-0.545,-0.137,0.549
12/19/2018,-0.545,-0.145,0.544
12/20/2018,-0.545,-0.152,0.527
12/21/2018,-0.542,-0.148,0.546
12/24/2018,-0.543,-0.148,0.546
12/25/2018,-0.543,-0.148,0.546
12/26/2018,-0.543,-0.148,0.546
12/27/2018,-0.574,-0.173,0.527
12/28/2018,-0.554,-0.159,0.542
12/31/2018,-0.555,-0.16,0.542
1/1/2019,-0.555,-0.16,0.542
1/2/2019,-0.544,-0.203,0.472
1/3/2019,-0.541,-0.214,0.465
1/4/2019,-0.527,-0.176,0.508
1/7/2019,-0.507,-0.162,0.522
1/8/2019,-0.503,-0.159,0.535
1/9/2019,-0.509,-0.165,0.531
1/10/2019,-0.513,-0.18,0.509
1/11/2019,-0.512,-0.183,0.498
1/14/2019,-0.524,-0.195,0.487
1/15/2019,-0.545,-0.223,0.467
1/16/2019,-0.528,-0.198,0.479
1/17/2019,-0.518,-0.182,0.489
1/18/2019,-0.512,-0.17,0.503
1/21/2019,-0.511,-0.181,0.495
1/22/2019,-0.516,-0.195,0.474
1/23/2019,-0.512,-0.199,0.463
1/24/2019,-0.515,-0.222,0.421
1/25/2019,-0.51,-0.205,0.435
1/28/2019,-0.51,-0.202,0.448
1/29/2019,-0.504,-0.2,0.45
1/30/2019,-0.503,-0.198,0.444
1/31/2019,-0.5,-0.221,0.402
2/1/2019,-0.512,-0.221,0.421
2/4/2019,-0.504,-0.215,0.423
2/5/2019,-0.496,-0.204,0.42
2/6/2019,-0.488,-0.203,0.406
2/7/2019,-0.507,-0.248,0.369
2/8/2019,-0.499,-0.262,0.342
2/11/2019,-0.497,-0.241,0.369
2/12/2019,-0.49,-0.23,0.378
2/13/2019,-0.478,-0.228,0.367
2/14/2019,-0.472,-0.228,0.357
2/15/2019,-0.473,-0.234,0.355
2/18/2019,-0.485,-0.235,0.363
2/19/2019,-0.484,-0.232,0.36
2/20/2019,-0.487,-0.237,0.352
2/21/2019,-0.473,-0.207,0.377
2/22/2019,-0.48,-0.235,0.351
2/25/2019,-0.477,-0.218,0.368
2/26/2019,-0.471,-0.213,0.378
2/27/2019,-0.464,-0.189,0.408
2/28/2019,-0.46,-0.167,0.436
3/1/2019,-0.455,-0.168,0.435
3/4/2019,-0.459,-0.183,0.414
3/5/2019,-0.451,-0.178,0.424
3/6/2019,-0.475,-0.213,0.382
3/7/2019,-0.516,-0.265,0.315
3/8/2019,-0.496,-0.249,0.307
3/11/2019,-0.504,-0.256,0.303
3/12/2019,-0.505,-0.264,0.292
3/13/2019,-0.508,-0.264,0.299
3/14/2019,-0.504,-0.248,0.315
3/15/2019,-0.502,-0.246,0.311
3/18/2019,-0.489,-0.244,0.309
3/19/2019,-0.49,-0.238,0.322
3/20/2019,-0.486,-0.245,0.309
3/21/2019,-0.507,-0.275,0.264
3/22/2019,-0.524,-0.311,0.203
3/25/2019,-0.526,-0.31,0.192
3/26/2019,-0.522,-0.304,0.21
3/27/2019,-0.567,-0.366,0.147
3/28/2019,-0.56,-0.349,0.16
3/29/2019,-0.561,-0.36,0.165
4/1/2019,-0.553,-0.33,0.219
4/2/2019,-0.562,-0.352,0.198
4/3/2019,-0.532,-0.311,0.25
4/4/2019,-0.538,-0.318,0.231
4/5/2019,-0.53,-0.312,0.239
4/8/2019,-0.534,-0.314,0.232
4/9/2019,-0.532,-0.328,0.208
4/10/2019,-0.551,-0.351,0.186
4/11/2019,-0.54,-0.345,0.197
4/12/2019,-0.519,-0.297,0.267
4/15/2019,-0.517,-0.292,0.278
4/16/2019,-0.524,-0.29,0.288
4/17/2019,-0.523,-0.281,0.298
4/18/2019,-0.532,-0.312,0.243
4/19/2019,-0.532,-0.312,0.243
4/22/2019,-0.532,-0.312,0.243
4/23/2019,-0.529,-0.304,0.26
4/24/2019,-0.546,-0.34,0.21
4/25/2019,-0.549,-0.342,0.219
4/26/2019,-0.555,-0.351,0.208
4/29/2019,-0.542,-0.328,0.232
4/30/2019,-0.542,-0.327,0.229
5/1/2019,-0.542,-0.327,0.229
5/2/2019,-0.542,-0.322,0.241
5/3/2019,-0.543,-0.326,0.233
5/6/2019,-0.55,-0.339,0.212
5/7/2019,-0.564,-0.364,0.178
5/8/2019,-0.569,-0.369,0.178
5/9/2019,-0.576,-0.368,0.183
5/10/2019,-0.567,-0.364,0.181
5/13/2019,-0.578,-0.375,0.156
5/14/2019,-0.575,-0.375,0.159
5/15/2019,-0.578,-0.393,0.133
5/16/2019,-0.568,-0.39,0.136
5/17/2019,-0.562,-0.394,0.126
5/20/2019,-0.552,-0.388,0.141
5/21/2019,-0.538,-0.371,0.167
5/22/2019,-0.543,-0.389,0.144
5/23/2019,-0.556,-0.406,0.111
5/24/2019,-0.55,-0.4,0.109
5/27/2019,-0.568,-0.42,0.083
5/28/2019,-0.566,-0.429,0.069
5/29/2019,-0.566,-0.44,0.052
5/30/2019,-0.566,-0.437,0.058
5/31/2019,-0.583,-0.448,0.038
6/3/2019,-0.573,-0.441,0.032
6/4/2019,-0.573,-0.45,0.019
6/5/2019,-0.595,-0.483,-0.004
6/6/2019,-0.573,-0.47,-0.028
6/7/2019,-0.597,-0.462,0.043
6/10/2019,-0.593,-0.448,0.095
6/11/2019,-0.592,-0.453,0.078
6/12/2019,-0.596,-0.455,0.074
6/13/2019,-0.596,-0.453,0.071
6/14/2019,-0.613,-0.464,0.057
6/17/2019,-0.608,-0.461,0.066
6/18/2019,-0.676,-0.549,-0.024
6/19/2019,-0.642,-0.502,0.01
6/20/2019,-0.663,-0.528,-0.021
6/21/2019,-0.643,-0.5,0.011
6/24/2019,-0.648,-0.511,-0.01
6/25/2019,-0.656,-0.524,-0.032
6/26/2019,-0.643,-0.501,-0.005
6/27/2019,-0.656,-0.523,-0.023
6/28/2019,-0.661,-0.532,-0.03
7/1/2019,-0.679,-0.557,-0.065
7/2/2019,-0.687,-0.562,-0.078
7/3/2019,-0.682,-0.562,-0.11
7/4/2019,-0.693,-0.583,-0.135
7/5/2019,-0.684,-0.56,-0.097
7/8/2019,-0.675,-0.551,-0.097
7/9/2019,-0.67,-0.546,-0.081
7/10/2019,-0.666,-0.524,-0.037
7/11/2019,-0.665,-0.503,-0.003
7/12/2019,-0.663,-0.49,0.025
7/15/2019,-0.674,-0.515,-0.016
7/16/2019,-0.677,-0.515,-0.017
7/17/2019,-0.701,-0.551,-0.064
7/18/2019,-0.721,-0.565,-0.087
7/19/2019,-0.728,-0.583,-0.1
7/22/2019,-0.734,-0.597,-0.12
7/23/2019,-0.734,-0.603,-0.124
7/24/2019,-0.741,-0.612,-0.146
7/25/2019,-0.721,-0.598,-0.132
7/26/2019,-0.72,-0.6,-0.148
7/29/2019,-0.721,-0.61,-0.163
7/30/2019,-0.72,-0.613,-0.17
7/31/2019,-0.73,-0.637,-0.201
8/1/2019,-0.721,-0.629,-0.2
8/2/2019,-0.728,-0.647,-0.243
8/5/2019,-0.749,-0.666,-0.261
8/6/2019,-0.76,-0.679,-0.282
8/7/2019,-0.791,-0.728,-0.332
8/8/2019,-0.786,-0.727,-0.309
8/9/2019,-0.793,-0.722,-0.314
8/12/2019,-0.814,-0.728,-0.327
8/13/2019,-0.81,-0.738,-0.345
8/14/2019,-0.807,-0.749,-0.383
8/15/2019,-0.843,-0.796,-0.444
8/16/2019,-0.839,-0.782,-0.417
8/19/2019,-0.83,-0.771,-0.377
8/20/2019,-0.834,-0.791,-0.417
8/21/2019,-0.815,-0.76,-0.403
8/22/2019,-0.791,-0.741,-0.381
8/23/2019,-0.821,-0.769,-0.41
8/26/2019,-0.819,-0.756,-0.403
8/27/2019,-0.814,-0.773,-0.432
8/28/2019,-0.812,-0.771,-0.449
8/29/2019,-0.832,-0.785,-0.423
8/30/2019,-0.847,-0.79,-0.422
9/2/2019,-0.847,-0.796,-0.421
9/3/2019,-0.833,-0.785,-0.418
9/4/2019,-0.816,-0.768,-0.393
9/5/2019,-0.795,-0.725,-0.314
9/6/2019,-0.797,-0.744,-0.36
9/9/2019,-0.786,-0.714,-0.306
9/10/2019,-0.77,-0.689,-0.274
9/11/2019,-0.774,-0.695,-0.289
9/12/2019,-0.662,-0.601,-0.247
9/13/2019,-0.653,-0.579,-0.196
9/16/2019,-0.673,-0.607,-0.23
9/17/2019,-0.659,-0.592,-0.215
9/18/2019,-0.676,-0.605,-0.25
9/19/2019,-0.67,-0.597,-0.244
9/20/2019,-0.667,-0.595,-0.255
9/23/2019,-0.691,-0.635,-0.316
9/24/2019,-0.682,-0.641,-0.327
9/25/2019,-0.682,-0.625,-0.303
9/26/2019,-0.694,-0.641,-0.324
9/27/2019,-0.717,-0.655,-0.316
9/30/2019,-0.71,-0.656,-0.308
10/1/2019,-0.704,-0.659,-0.3
10/2/2019,-0.699,-0.646,-0.283
10/3/2019,-0.709,-0.675,-0.325
10/4/2019,-0.707,-0.677,-0.323
10/7/2019,-0.704,-0.667,-0.31
10/8/2019,-0.711,-0.677,-0.329
10/9/2019,-0.684,-0.637,-0.287
10/10/2019,-0.645,-0.573,-0.212
10/11/2019,-0.659,-0.577,-0.193
10/14/2019,-0.638,-0.563,-0.21
10/15/2019,-0.627,-0.538,-0.179
10/16/2019,-0.618,-0.522,-0.166
10/17/2019,-0.615,-0.526,-0.183
10/18/2019,-0.623,-0.511,-0.155
10/21/2019,-0.628,-0.5,-0.117
10/22/2019,-0.616,-0.502,-0.134
10/23/2019,-0.62,-0.511,-0.159
10/24/2019,-0.639,-0.526,-0.172
10/25/2019,-0.625,-0.499,-0.131
10/28/2019,-0.625,-0.481,-0.099
10/29/2019,-0.613,-0.479,-0.121
10/30/2019,-0.614,-0.482,-0.124
10/31/2019,-0.645,-0.534,-0.166
11/1/2019,-0.641,-0.527,-0.143
11/4/2019,-0.641,-0.512,-0.113
11/5/2019,-0.629,-0.488,-0.077
11/6/2019,-0.632,-0.497,-0.102
11/7/2019,-0.607,-0.424,-0.002
11/8/2019,-0.613,-0.443,-0.032
11/11/2019,-0.612,-0.431,-0.012
11/12/2019,-0.621,-0.444,-0.024
11/13/2019,-0.627,-0.466,-0.056
11/14/2019,-0.642,-0.502,-0.098
11/15/2019,-0.642,-0.491,-0.079
11/18/2019,-0.628,-0.481,-0.087
11/19/2019,-0.635,-0.485,-0.089
11/20/2019,-0.642,-0.489,-0.092
11/21/2019,-0.629,-0.473,-0.072
11/22/2019,-0.642,-0.502,-0.105
11/25/2019,-0.63,-0.496,-0.094
11/26/2019,-0.634,-0.509,-0.117
11/27/2019,-0.637,-0.509,-0.124
11/28/2019,-0.629,-0.502,-0.113
11/29/2019,-0.629,-0.501,-0.116
12/2/2019,-0.624,-0.451,-0.039
12/3/2019,-0.65,-0.507,-0.106
12/4/2019,-0.634,-0.492,-0.075
12/5/2019,-0.631,-0.475,-0.052
12/6/2019,-0.633,-0.466,-0.04
12/9/2019,-0.644,-0.485,-0.06
12/10/2019,-0.633,-0.478,-0.048
12/11/2019,-0.639,-0.494,-0.075
12/12/2019,-0.628,-0.459,-0.033
12/13/2019,-0.623,-0.464,-0.068
12/16/2019,-0.629,-0.465,-0.056
12/17/2019,-0.639,-0.48,-0.065
12/18/2019,-0.635,-0.455,-0.021
12/19/2019,-0.636,-0.446,-0.006
12/20/2019,-0.639,-0.465,-0.022
12/23/2019,-0.64,-0.456,-0.015
12/24/2019,-0.665,-0.461,-0.015
12/25/2019,-0.665,-0.461,-0.015
12/26/2019,-0.665,-0.461,-0.015
12/27/2019,-0.639,-0.463,-0.024
12/30/2019,-0.613,-0.413,0.043
12/31/2019,-0.613,-0.413,0.043
1/1/2020,-0.621,-0.414,0.043
1/2/2020,-0.61,-0.446,0.003
1/3/2020,-0.627,-0.484,-0.053
1/6/2020,-0.627,-0.483,-0.058
1/7/2020,-0.628,-0.485,-0.055
1/8/2020,-0.615,-0.455,-0.015
1/9/2020,-0.598,-0.433,0.005
1/10/2020,-0.607,-0.446,-0.022
1/13/2020,-0.596,-0.424,0.018
1/14/2020,-0.59,-0.423,0.006
1/15/2020,-0.599,-0.439,-0.019
1/16/2020,-0.597,-0.45,-0.031
1/17/2020,-0.597,-0.447,-0.022
1/20/2020,-0.593,-0.444,-0.023
1/21/2020,-0.586,-0.457,-0.054
1/22/2020,-0.588,-0.462,-0.066
1/23/2020,-0.599,-0.489,-0.115
1/24/2020,-0.612,-0.506,-0.138
1/27/2020,-0.62,-0.533,-0.187
1/28/2020,-0.621,-0.51,-0.145
1/29/2020,-0.636,-0.538,-0.181
1/30/2020,-0.65,-0.562,-0.208
1/31/2020,-0.665,-0.586,-0.237
2/3/2020,-0.664,-0.589,-0.243
2/4/2020,-0.647,-0.564,-0.197
2/5/2020,-0.64,-0.538,-0.162
2/6/2020,-0.63,-0.54,-0.171
2/7/2020,-0.635,-0.555,-0.19
2/10/2020,-0.637,-0.569,-0.218
2/11/2020,-0.639,-0.564,-0.202
2/12/2020,-0.637,-0.561,-0.193
2/13/2020,-0.646,-0.566,-0.203
2/14/2020,-0.655,-0.581,-0.219
2/17/2020,-0.65,-0.578,-0.22
2/18/2020,-0.646,-0.577,-0.226
2/19/2020,-0.644,-0.584,-0.237
2/20/2020,-0.648,-0.587,-0.261
2/21/2020,-0.644,-0.577,-0.25
2/24/2020,-0.681,-0.613,-0.29
2/25/2020,-0.691,-0.632,-0.308
2/26/2020,-0.688,-0.627,-0.294
2/27/2020,-0.706,-0.636,-0.309
2/28/2020,-0.731,-0.668,-0.361
3/2/2020,-0.774,-0.694,-0.357
3/3/2020,-0.771,-0.705,-0.378
3/4/2020,-0.794,-0.722,-0.399
3/5/2020,-0.808,-0.75,-0.428
3/6/2020,-0.795,-0.717,-0.397
3/9/2020,-0.9,-0.783,-0.477
3/10/2020,-0.817,-0.725,-0.403
3/11/2020,-0.828,-0.712,-0.372
3/12/2020,-0.823,-0.669,-0.344
3/13/2020,-0.761,-0.52,-0.102
3/16/2020,-0.769,-0.45,0.031
3/17/2020,-0.723,-0.399,0.086
3/18/2020,-0.653,-0.256,0.267
3/19/2020,-0.568,-0.233,0.21
3/20/2020,-0.574,-0.306,0.096
3/23/2020,-0.585,-0.333,0.063
3/24/2020,-0.534,-0.28,0.138
3/25/2020,-0.51,-0.245,0.196
3/26/2020,-0.547,-0.359,0.039
3/27/2020,-0.618,-0.5,-0.091
3/30/2020,-0.623,-0.491,-0.085
3/31/2020,-0.608,-0.48,-0.064
4/1/2020,-0.57,-0.428,-0.018
4/2/2020,-0.551,-0.4,0.003
4/3/2020,-0.573,-0.37,-0.003
4/6/2020,-0.537,-0.366,0.009
4/7/2020,-0.508,-0.297,0.11
4/8/2020,-0.498,-0.3,0.112
4/9/2020,-0.526,-0.365,0.059
4/10/2020,-0.526,-0.365,0.059
4/13/2020,-0.526,-0.365,0.059
4/14/2020,-0.532,-0.382,0.028
4/15/2020,-0.534,-0.397,-0.032
4/16/2020,-0.519,-0.382,-0.028
4/17/2020,-0.519,-0.411,-0.025
4/20/2020,-0.494,-0.374,0.014
4/21/2020,-0.498,-0.391,-0.018
4/22/2020,-0.474,-0.348,0.054
4/23/2020,-0.478,-0.396,0.012
4/24/2020,-0.515,-0.453,-0.05
4/27/2020,-0.467,-0.434,-0.05
4/28/2020,-0.495,-0.465,-0.074
4/29/2020,-0.511,-0.515,-0.115
4/30/2020,-0.548,-0.59,-0.195
5/1/2020,-0.548,-0.59,-0.195
5/4/2020,-0.535,-0.582,-0.171
5/5/2020,-0.568,-0.6,-0.171
5/6/2020,-0.526,-0.513,-0.097
5/7/2020,-0.541,-0.543,-0.132
5/8/2020,-0.538,-0.559,-0.134
5/11/2020,-0.521,-0.526,-0.108
5/12/2020,-0.499,-0.528,-0.117
5/13/2020,-0.515,-0.544,-0.151
5/14/2020,-0.51,-0.544,-0.156
5/15/2020,-0.512,-0.537,-0.14
5/18/2020,-0.484,-0.473,-0.078
5/19/2020,-0.53,-0.485,-0.115
5/20/2020,-0.518,-0.493,-0.13
5/21/2020,-0.521,-0.524,-0.153
5/22/2020,-0.534,-0.519,-0.137
5/25/2020,-0.533,-0.517,-0.148
5/26/2020,-0.511,-0.471,-0.095
5/27/2020,-0.517,-0.493,-0.101
5/28/2020,-0.542,-0.521,-0.146
5/29/2020,-0.561,-0.548,-0.179
6/1/2020,-0.576,-0.538,-0.13
6/2/2020,-0.565,-0.543,-0.145
6/3/2020,-0.55,-0.502,-0.084
6/4/2020,-0.525,-0.511,-0.098
6/5/2020,-0.52,-0.494,-0.065
6/8/2020,-0.529,-0.527,-0.109
6/9/2020,-0.51,-0.491,-0.094
6/10/2020,-0.491,-0.483,-0.092
6/11/2020,-0.52,-0.535,-0.172
6/12/2020,-0.533,-0.561,-0.194
6/15/2020,-0.526,-0.548,-0.201
6/16/2020,-0.535,-0.559,-0.195
6/17/2020,-0.536,-0.564,-0.196
6/18/2020,-0.535,-0.562,-0.214
6/19/2020,-0.546,-0.578,-0.238
6/22/2020,-0.558,-0.6,-0.257
6/23/2020,-0.542,-0.581,-0.23
6/24/2020,-0.547,-0.579,-0.245
6/25/2020,-0.555,-0.591,-0.265
6/26/2020,-0.567,-0.606,-0.274
6/29/2020,-0.571,-0.599,-0.262
6/30/2020,-0.576,-0.61,-0.256
7/1/2020,-0.552,-0.561,-0.205
7/2/2020,-0.574,-0.604,-0.255
7/3/2020,-0.581,-0.608,-0.256
7/6/2020,-0.582,-0.608,-0.258
7/7/2020,-0.577,-0.597,-0.259
7/8/2020,-0.571,-0.605,-0.271
7/9/2020,-0.582,-0.615,-0.291
7/10/2020,-0.59,-0.623,-0.292
7/13/2020,-0.565,-0.579,-0.243
7/14/2020,-0.575,-0.603,-0.276
7/15/2020,-0.585,-0.607,-0.276
7/16/2020,-0.599,-0.63,-0.297
7/17/2020,-0.582,-0.614,-0.279
7/20/2020,-0.579,-0.632,-0.303
7/21/2020,-0.577,-0.621,-0.3
7/22/2020,-0.592,-0.653,-0.327
7/23/2020,-0.58,-0.629,-0.314
7/24/2020,-0.572,-0.603,-0.284
7/27/2020,-0.582,-0.636,-0.327
7/28/2020,-0.596,-0.652,-0.341
7/29/2020,-0.591,-0.641,-0.332
7/30/2020,-0.617,-0.669,-0.372
7/31/2020,-0.604,-0.656,-0.352
8/3/2020,-0.594,-0.639,-0.352
8/4/2020,-0.602,-0.657,-0.385
8/5/2020,-0.594,-0.633,-0.342
8/6/2020,-0.645,-0.604,-0.3
8/7/2020,-0.632,-0.586,-0.283
8/10/2020,-0.654,-0.613,-0.309
8/11/2020,-0.635,-0.577,-0.262
8/12/2020,-0.626,-0.57,-0.243
8/13/2020,-0.607,-0.542,-0.205
8/14/2020,-0.608,-0.543,-0.207
8/17/2020,-0.623,-0.567,-0.24
8/18/2020,-0.626,-0.575,-0.247
8/19/2020,-0.636,-0.59,-0.259
8/20/2020,-0.648,-0.604,-0.281
8/21/2020,-0.648,-0.613,-0.287
8/24/2020,-0.641,-0.593,-0.253
8/25/2020,-0.616,-0.555,-0.208
8/26/2020,-0.611,-0.544,-0.208
8/27/2020,-0.616,-0.55,-0.199
8/28/2020,-0.626,-0.558,-0.21
8/31/2020,-0.618,-0.541,-0.194
9/1/2020,-0.632,-0.57,-0.213
9/2/2020,-0.656,-0.612,-0.264
9/3/2020,-0.675,-0.618,-0.279
9/4/2020,-0.666,-0.605,-0.264
9/7/2020,-0.653,-0.597,-0.257
9/8/2020,-0.656,-0.615,-0.29
9/9/2020,-0.644,-0.583,-0.256
9/10/2020,-0.622,-0.554,-0.232
9/11/2020,-0.646,-0.598,-0.284
9/14/2020,-0.65,-0.596,-0.292
9/15/2020,-0.66,-0.589,-0.289
9/16/2020,-0.67,-0.593,-0.305
9/17/2020,-0.664,-0.623,-0.309
9/18/2020,-0.67,-0.626,-0.305
9/21/2020,-0.677,-0.635,-0.347
9/22/2020,-0.68,-0.623,-0.32
9/23/2020,-0.675,-0.619,-0.309
9/24/2020,-0.676,-0.611,-0.303
9/25/2020,-0.68,-0.631,-0.33
9/28/2020,-0.681,-0.63,-0.325
9/29/2020,-0.68,-0.641,-0.341
9/30/2020,-0.675,-0.627,-0.318
10/1/2020,-0.678,-0.64,-0.335
10/2/2020,-0.681,-0.645,-0.348
10/5/2020,-0.669,-0.629,-0.326
10/6/2020,-0.681,-0.628,-0.331
10/7/2020,-0.669,-0.618,-0.319
10/8/2020,-0.686,-0.643,-0.348
10/9/2020,-0.694,-0.653,-0.357
10/12/2020,-0.702,-0.659,-0.375
10/13/2020,-0.712,-0.667,-0.386
10/14/2020,-0.72,-0.681,-0.408
10/15/2020,-0.737,-0.694,-0.418
10/16/2020,-0.743,-0.702,-0.428
10/19/2020,-0.75,-0.71,-0.434
10/20/2020,-0.75,-0.695,-0.41
10/21/2020,-0.747,-0.678,-0.394
10/22/2020,-0.732,-0.662,-0.376
10/23/2020,-0.739,-0.664,-0.388
10/26/2020,-0.74,-0.666,-0.393
10/27/2020,-0.757,-0.692,-0.424
10/28/2020,-0.76,-0.701,-0.425
10/29/2020,-0.781,-0.718,-0.443
10/30/2020,-0.773,-0.707,-0.434
11/2/2020,-0.79,-0.716,-0.446
11/3/2020,-0.78,-0.708,-0.43
11/4/2020,-0.795,-0.725,-0.451
11/5/2020,-0.786,-0.722,-0.45
11/6/2020,-0.779,-0.711,-0.437
11/9/2020,-0.725,-0.643,-0.335
11/10/2020,-0.723,-0.62,-0.308
11/11/2020,-0.725,-0.633,-0.334
11/12/2020,-0.739,-0.655,-0.364
11/13/2020,-0.748,-0.664,-0.381
11/16/2020,-0.746,-0.665,-0.383
11/17/2020,-0.744,-0.671,-0.403
11/18/2020,-0.743,-0.668,-0.394
11/19/2020,-0.749,-0.676,-0.408
11/20/2020,-0.763,-0.691,-0.421
11/23/2020,-0.766,-0.69,-0.419
11/24/2020,-0.757,-0.674,-0.399
11/25/2020,-0.765,-0.683,-0.403
11/26/2020,-0.772,-0.697,-0.421
11/27/2020,-0.759,-0.692,-0.421
11/30/2020,-0.746,-0.677,-0.4
12/1/2020,-0.731,-0.655,-0.355
12/2/2020,-0.732,-0.663,-0.348
12/3/2020,-0.744,-0.682,-0.392
12/4/2020,-0.753,-0.69,-0.384
12/7/2020,-0.757,-0.699,-0.417
12/8/2020,-0.768,-0.717,-0.431
12/9/2020,-0.774,-0.718,-0.43
12/10/2020,-0.767,-0.718,-0.427
12/11/2020,-0.77,-0.739,-0.457
12/14/2020,-0.762,-0.734,-0.445
12/15/2020,-0.762,-0.73,-0.438
12/16/2020,-0.746,-0.699,-0.401
12/17/2020,-0.74,-0.704,-0.409
12/18/2020,-0.741,-0.699,-0.415
12/21/2020,-0.755,-0.722,-0.424
12/22/2020,-0.75,-0.725,-0.436
12/23/2020,-0.729,-0.689,-0.385
12/24/2020,-0.732,-0.69,-0.385
12/25/2020,-0.732,-0.69,-0.385
12/28/2020,-0.745,-0.713,-0.409
12/29/2020,-0.76,-0.73,-0.434
12/30/2020,-0.75,-0.725,-0.425
12/31/2020,-0.754,-0.726,-0.425
1/1/2021,-0.754,-0.726,-0.425
1/4/2021,-0.732,-0.719,-0.455
1/5/2021,-0.723,-0.706,-0.421
1/6/2021,-0.717,-0.685,-0.396
1/7/2021,-0.721,-0.691,-0.396
1/8/2021,-0.726,-0.687,-0.398
1/11/2021,-0.731,-0.686,-0.373
1/12/2021,-0.717,-0.656,-0.344
1/13/2021,-0.711,-0.669,-0.393
1/14/2021,-0.721,-0.686,-0.415
1/15/2021,-0.726,-0.686,-0.402
1/18/2021,-0.717,-0.682,-0.389
1/19/2021,-0.713,-0.675,-0.392
1/20/2021,-0.706,-0.673,-0.388
1/21/2021,-0.701,-0.645,-0.356
1/22/2021,-0.71,-0.669,-0.365
1/25/2021,-0.718,-0.683,-0.401
1/26/2021,-0.715,-0.673,-0.382
1/27/2021,-0.731,-0.689,-0.391
1/28/2021,-0.743,-0.696,-0.38
1/29/2021,-0.725,-0.681,-0.363
2/1/2021,-0.708,-0.675,-0.36
2/2/2021,-0.718,-0.667,-0.338
2/3/2021,-0.707,-0.647,-0.317
2/4/2021,-0.702,-0.643,-0.311
2/5/2021,-0.706,-0.647,-0.306
2/8/2021,-0.704,-0.641,-0.301
2/9/2021,-0.712,-0.644,-0.301
2/10/2021,-0.711,-0.644,-0.29
2/11/2021,-0.715,-0.642,-0.309
2/12/2021,-0.703,-0.617,-0.278
2/15/2021,-0.69,-0.589,-0.231
2/16/2021,-0.683,-0.569,-0.197
2/17/2021,-0.686,-0.6,-0.204
2/18/2021,-0.667,-0.568,-0.178
2/19/2021,-0.668,-0.549,-0.14
2/22/2021,-0.675,-0.567,-0.177
2/23/2021,-0.666,-0.553,-0.151
2/24/2021,-0.668,-0.55,-0.133
2/25/2021,-0.649,-0.485,-0.062
2/26/2021,-0.669,-0.524,-0.102
3/1/2021,-0.693,-0.593,-0.179
3/2/2021,-0.697,-0.6,-0.192
3/3/2021,-0.682,-0.56,-0.127
3/4/2021,-0.689,-0.574,-0.149
3/5/2021,-0.698,-0.571,-0.129
3/8/2021,-0.694,-0.551,-0.111
3/9/2021,-0.696,-0.564,-0.143
3/10/2021,-0.695,-0.568,-0.153
3/11/2021,-0.69,-0.543,-0.175
3/12/2021,-0.685,-0.537,-0.15
3/15/2021,-0.687,-0.555,-0.175
3/16/2021,-0.682,-0.554,-0.175
3/17/2021,-0.66,-0.522,-0.131
3/18/2021,-0.661,-0.518,-0.108
3/19/2021,-0.674,-0.547,-0.133
3/22/2021,-0.679,-0.557,-0.146
3/23/2021,-0.69,-0.577,-0.175
3/24/2021,-0.694,-0.588,-0.188
3/25/2021,-0.697,-0.597,-0.217
3/26/2021,-0.686,-0.577,-0.182
3/29/2021,-0.688,-0.57,-0.157
3/30/2021,-0.663,-0.533,-0.125
3/31/2021,-0.663,-0.543,-0.142
4/1/2021,-0.679,-0.575,-0.175
4/2/2021,-0.679,-0.575,-0.175
4/5/2021,-0.679,-0.575,-0.175
4/6/2021,-0.672,-0.564,-0.156
4/7/2021,-0.684,-0.574,-0.162
4/8/2021,-0.702,-0.592,-0.175
4/9/2021,-0.69,-0.559,-0.138
4/12/2021,-0.69,-0.547,-0.129
4/13/2021,-0.687,-0.537,-0.125
4/14/2021,-0.678,-0.517,-0.094
4/15/2021,-0.69,-0.542,-0.123
4/16/2021,-0.681,-0.521,-0.096
4/19/2021,-0.674,-0.505,-0.073
4/20/2021,-0.685,-0.528,-0.102
4/21/2021,-0.688,-0.525,-0.102
4/22/2021,-0.687,-0.517,-0.096
4/23/2021,-0.687,-0.527,-0.102
4/26/2021,-0.686,-0.52,-0.095
4/27/2021,-0.684,-0.512,-0.085
4/28/2021,-0.681,-0.501,-0.069
4/29/2021,-0.675,-0.479,-0.03
4/30/2021,-0.682,-0.484,-0.033
5/3/2021,-0.684,-0.49,-0.039
5/4/2021,-0.691,-0.516,-0.068
5/5/2021,-0.684,-0.515,-0.061
5/6/2021,-0.686,-0.508,-0.057
5/7/2021,-0.669,-0.479,-0.031
5/10/2021,-0.677,-0.487,-0.032
5/11/2021,-0.659,-0.448,0.011
5/12/2021,-0.65,-0.418,0.053
5/13/2021,-0.649,-0.404,0.062
5/14/2021,-0.653,-0.399,0.061
5/17/2021,-0.649,-0.388,0.08
5/18/2021,-0.653,-0.391,0.089
5/19/2021,-0.65,-0.386,0.08
5/20/2021,-0.651,-0.406,0.063
5/21/2021,-0.66,-0.433,0.039
5/24/2021,-0.659,-0.439,0.028
5/25/2021,-0.665,-0.471,-0.004
5/26/2021,-0.671,-0.493,-0.046
5/27/2021,-0.664,-0.471,-0.014
5/28/2021,-0.668,-0.486,-0.026
5/31/2021,-0.669,-0.487,-0.034
6/1/2021,-0.661,-0.479,-0.026
6/2/2021,-0.659,-0.502,-0.046
6/3/2021,-0.664,-0.499,-0.028
6/4/2021,-0.663,-0.514,-0.053
6/7/2021,-0.656,-0.495,-0.037
6/8/2021,-0.662,-0.518,-0.063
6/9/2021,-0.668,-0.53,-0.083
6/10/2021,-0.677,-0.54,-0.094
6/11/2021,-0.677,-0.545,-0.109
6/14/2021,-0.669,-0.524,-0.082
6/15/2021,-0.683,-0.524,-0.06
6/16/2021,-0.684,-0.531,-0.08
6/17/2021,-0.67,-0.491,-0.057
6/18/2021,-0.661,-0.481,-0.051
6/21/2021,-0.65,-0.46,-0.033
6/22/2021,-0.649,-0.458,-0.029
6/23/2021,-0.66,-0.473,-0.044
6/24/2021,-0.66,-0.476,-0.054
6/25/2021,-0.65,-0.448,-0.014
6/28/2021,-0.661,-0.484,-0.05
6/29/2021,-0.657,-0.475,-0.031
6/30/2021,-0.661,-0.5,-0.075
7/1/2021,-0.67,-0.507,-0.081
7/2/2021,-0.674,-0.518,-0.108
7/5/2021,-0.673,-0.499,0.018
7/6/2021,-0.684,-0.541,-0.042
7/7/2021,-0.689,-0.561,-0.065
7/8/2021,-0.695,-0.566,-0.062
7/9/2021,-0.689,-0.561,-0.057
7/12/2021,-0.684,-0.561,-0.058
7/13/2021,-0.68,-0.562,-0.057
7/14/2021,-0.688,-0.58,-0.085
7/15/2021,-0.69,-0.585,-0.101
7/16/2021,-0.69,-0.598,-0.117
7/19/2021,-0.693,-0.616,-0.144
7/20/2021,-0.709,-0.634,-0.163
7/21/2021,-0.714,-0.629,-0.142
7/22/2021,-0.725,-0.652,-0.18
7/23/2021,-0.732,-0.657,-0.179
7/26/2021,-0.734,-0.658,-0.172
7/27/2021,-0.744,-0.677,-0.183
7/28/2021,-0.753,-0.686,-0.181
7/29/2021,-0.763,-0.691,-0.192
7/30/2021,-0.767,-0.7,-0.209
8/2/2021,-0.788,-0.719,-0.236
8/3/2021,-0.782,-0.715,-0.234
8/4/2021,-0.793,-0.727,-0.251
8/5/2021,-0.789,-0.721,-0.25
8/6/2021,-0.773,-0.686,-0.217
8/9/2021,-0.772,-0.681,-0.221
8/10/2021,-0.769,-0.68,-0.217
8/11/2021,-0.773,-0.686,-0.222
8/12/2021,-0.768,-0.678,-0.215
8/13/2021,-0.764,-0.679,-0.225
8/16/2021,-0.767,-0.675,-0.22
8/17/2021,-0.767,-0.668,-0.222
8/18/2021,-0.773,-0.674,-0.236
8/19/2021,-0.778,-0.679,-0.247
8/20/2021,-0.781,-0.682,-0.258
8/23/2021,-0.772,-0.677,-0.247
8/24/2021,-0.768,-0.677,-0.246
8/25/2021,-0.755,-0.644,-0.192
8/26/2021,-0.752,-0.635,-0.175
8/27/2021,-0.761,-0.648,-0.188
8/30/2021,-0.769,-0.655,-0.207
8/31/2021,-0.744,-0.613,-0.154
9/1/2021,-0.746,-0.617,-0.149
9/2/2021,-0.761,-0.632,-0.168
9/3/2021,-0.748,-0.617,-0.145
9/6/2021,-0.756,-0.616,-0.151
9/7/2021,-0.744,-0.577,-0.104
9/8/2021,-0.749,-0.582,-0.108
9/9/2021,-0.77,-0.616,-0.151
9/10/2021,-0.759,-0.592,-0.119
9/13/2021,-0.769,-0.594,-0.121
9/14/2021,-0.778,-0.598,-0.128
9/15/2021,-0.773,-0.584,-0.097
9/16/2021,-0.775,-0.578,-0.09
9/17/2021,-0.775,-0.569,-0.071
9/20/2021,-0.786,-0.592,-0.103
9/21/2021,-0.786,-0.585,-0.102
9/22/2021,-0.786,-0.587,-0.11
9/23/2021,-0.776,-0.545,-0.047
9/24/2021,-0.77,-0.532,-0.014
9/27/2021,-0.761,-0.523,-0.005
9/28/2021,-0.756,-0.512,0.022
9/29/2021,-0.754,-0.52,0.015
9/30/2021,-0.728,-0.517,0.027
10/1/2021,-0.743,-0.54,0.008
10/4/2021,-0.746,-0.537,0.015
10/5/2021,-0.737,-0.521,0.043
10/6/2021,-0.715,-0.453,0.047
10/7/2021,-0.723,-0.465,0.041
10/8/2021,-0.71,-0.439,0.067
10/11/2021,-0.674,-0.408,0.096
10/12/2021,-0.663,-0.382,0.123
10/13/2021,-0.666,-0.393,0.086
10/14/2021,-0.691,-0.45,0.02
10/15/2021,-0.676,-0.43,0.049
10/18/2021,-0.606,-0.374,0.084
10/19/2021,-0.625,-0.352,0.127
10/20/2021,-0.649,-0.382,0.102
10/21/2021,-0.63,-0.343,0.124
10/22/2021,-0.624,-0.331,0.122
10/25/2021,-0.65,-0.364,0.114
10/26/2021,-0.644,-0.354,0.111
10/27/2021,-0.632,-0.37,0.058
10/28/2021,-0.605,-0.333,0.104
10/29/2021,-0.579,-0.281,0.143
11/1/2021,-0.609,-0.301,0.145
11/2/2021,-0.667,-0.401,0.063
11/3/2021,-0.652,-0.39,0.058
11/4/2021,-0.721,-0.469,-0.011
11/5/2021,-0.743,-0.502,-0.065
11/8/2021,-0.737,-0.454,-0.025
11/9/2021,-0.763,-0.48,-0.077
11/10/2021,-0.747,-0.422,-0.016
11/11/2021,-0.756,-0.403,0.005
11/12/2021,-0.785,-0.457,-0.016
11/15/2021,-0.743,-0.415,0.004
11/16/2021,-0.797,-0.462,-0.017
11/17/2021,-0.803,-0.475,-0.002
11/18/2021,-0.792,-0.487,-0.033
11/19/2021,-0.809,-0.549,-0.093
11/22/2021,-0.76,-0.498,-0.047
11/23/2021,-0.75,-0.437,0.044
11/24/2021,-0.771,-0.437,0.033
11/25/2021,-0.755,-0.455,0.006
11/26/2021,-0.737,-0.515,-0.068
11/29/2021,-0.728,-0.498,-0.05
11/30/2021,-0.711,-0.503,-0.088
12/1/2021,-0.678,-0.475,-0.083
12/2/2021,-0.701,-0.501,-0.108
12/3/2021,-0.707,-0.523,-0.134
12/6/2021,-0.692,-0.514,-0.137
12/7/2021,-0.676,-0.493,-0.125
12/8/2021,-0.643,-0.444,-0.064
12/9/2021,-0.671,-0.483,-0.107
12/10/2021,-0.663,-0.473,-0.099
12/13/2021,-0.675,-0.502,-0.137
12/14/2021,-0.654,-0.488,-0.119
12/15/2021,-0.647,-0.493,-0.119
12/16/2021,-0.662,-0.494,-0.105
12/17/2021,-0.69,-0.519,-0.135
12/20/2021,-0.699,-0.516,-0.123
12/21/2021,-0.669,-0.466,-0.056
12/22/2021,-0.674,-0.436,-0.034
12/23/2021,-0.642,-0.409,0.005
12/24/2021,-0.643,-0.409,0.005
12/27/2021,-0.631,-0.392,0.013
12/28/2021,-0.628,-0.384,0.02
12/29/2021,-0.617,-0.36,0.074
12/30/2021,-0.595,-0.352,0.082
12/31/2021,-0.596,-0.353,0.082
1/3/2022,-0.596,-0.314,0.136
1/4/2022,-0.605,-0.318,0.125
1/5/2022,-0.61,-0.338,0.122
1/6/2022,-0.612,-0.309,0.145
1/7/2022,-0.599,-0.287,0.171
1/10/2022,-0.601,-0.282,0.173
1/11/2022,-0.637,-0.269,0.183
1/12/2022,-0.644,-0.293,0.16
1/13/2022,-0.669,-0.315,0.132
1/14/2022,-0.655,-0.257,0.172
1/17/2022,-0.644,-0.222,0.199
1/18/2022,-0.651,-0.236,0.208
1/19/2022,-0.656,-0.233,0.219
1/20/2022,-0.667,-0.233,0.198
1/21/2022,-0.696,-0.256,0.173
1/24/2022,-0.72,-0.307,0.142
1/25/2022,-0.711,-0.283,0.169
1/26/2022,-0.71,-0.269,0.181
1/27/2022,-0.686,-0.235,0.185
1/28/2022,-0.665,-0.225,0.207
1/31/2022,-0.602,-0.153,0.263
2/1/2022,-0.594,-0.13,0.288
2/2/2022,-0.588,-0.11,0.289
2/3/2022,-0.47,0.038,0.398
2/4/2022,-0.387,0.125,0.476
2/7/2022,-0.418,0.165,0.505
2/8/2022,-0.407,0.181,0.545
2/9/2022,-0.447,0.111,0.491
2/10/2022,-0.416,0.181,0.571
2/11/2022,-0.406,0.192,0.6
2/14/2022,-0.431,0.164,0.605
2/15/2022,-0.421,0.17,0.629
2/16/2022,-0.442,0.146,0.594
2/17/2022,-0.51,0.084,0.552
2/18/2022,-0.551,0.042,0.525
2/21/2022,-0.538,0.093,0.56
2/22/2022,-0.52,0.128,0.581
2/23/2022,-0.484,0.157,0.574
2/24/2022,-0.505,0.103,0.54
2/25/2022,-0.465,0.162,0.578
2/28/2022,-0.549,0.026,0.514
3/1/2022,-0.707,-0.222,0.316
3/2/2022,-0.534,-0.039,0.442
3/3/2022,-0.527,-0.056,0.444
3/4/2022,-0.571,-0.137,0.393
3/7/2022,-0.533,-0.08,0.429
3/8/2022,-0.482,-0.021,0.554
3/9/2022,-0.463,0.076,0.626
3/10/2022,-0.381,0.202,0.704
3/11/2022,-0.42,0.208,0.705
3/14/2022,-0.388,0.268,0.811
3/15/2022,-0.458,0.175,0.734
3/16/2022,-0.397,0.248,0.775
3/17/2022,-0.415,0.25,0.735
3/18/2022,-0.414,0.239,0.727
3/21/2022,-0.373,0.323,0.841
3/22/2022,-0.342,0.392,0.866
3/23/2022,-0.369,0.357,0.828
3/24/2022,-0.341,0.412,0.868
3/25/2022,-0.276,0.479,0.912
3/28/2022,-0.273,0.486,0.895
3/29/2022,-0.206,0.574,0.955
3/30/2022,-0.186,0.623,0.993
3/31/2022,-0.257,0.517,0.893
4/1/2022,-0.257,0.53,0.919
4/4/2022,-0.252,0.538,0.891
4/5/2022,-0.207,0.657,1.031
4/6/2022,-0.23,0.644,1.063
4/7/2022,-0.207,0.667,1.091
4/8/2022,-0.151,0.73,1.124
4/11/2022,-0.105,0.78,1.194
4/12/2022,-0.16,0.712,1.168
4/13/2022,-0.146,0.718,1.16
4/14/2022,-0.162,0.749,1.246
4/15/2022,-0.162,0.749,1.246
4/18/2022,-0.162,0.749,1.246
4/19/2022,-0.163,0.737,1.293
4/20/2022,-0.165,0.722,1.24
4/21/2022,-0.036,0.842,1.323
4/22/2022,0.026,0.906,1.351
4/25/2022,-0.083,0.767,1.228
4/26/2022,-0.082,0.763,1.211
4/27/2022,-0.11,0.696,1.179
4/28/2022,-0.016,0.824,1.306
4/29/2022,0.05,0.866,1.343
5/2/2022,0.013,0.867,1.381
5/3/2022,0.043,0.916,1.381
5/4/2022,0.056,0.924,1.392
5/5/2022,0.041,0.962,1.458
5/6/2022,0.061,1.03,1.54
5/9/2022,-0.006,0.976,1.52
5/10/2022,-0.053,0.873,1.414
5/11/2022,-0.075,0.851,1.395
5/12/2022,-0.086,0.718,1.266
5/13/2022,-0.016,0.82,1.372
5/16/2022,0.019,0.832,1.364
5/17/2022,0.122,0.931,1.474
5/18/2022,0.155,0.941,1.454
5/19/2022,0.137,0.904,1.381
5/20/2022,0.168,0.882,1.387
5/23/2022,0.193,0.978,1.473
5/24/2022,0.188,0.885,1.448
5/25/2022,0.139,0.868,1.415
5/26/2022,0.106,0.885,1.438
5/27/2022,0.102,0.873,1.406
5/30/2022,0.121,0.974,1.525
5/31/2022,0.196,1.041,1.574
6/1/2022,0.243,1.107,1.651
6/2/2022,0.23,1.181,1.701
6/3/2022,0.25,1.211,1.731
6/6/2022,0.257,1.231,1.772
6/7/2022,0.265,1.211,1.741
6/8/2022,0.312,1.25,1.796
6/9/2022,0.429,1.383,1.878
6/10/2022,1.05,1.611,2.043
6/13/2022,1.219,1.795,2.236
6/14/2022,1.306,1.888,2.35
6/15/2022,1.134,1.735,2.22
6/16/2022,1.192,1.84,2.281
6/17/2022,1.097,1.748,2.211
6/20/2022,1.172,1.845,2.291
6/21/2022,1.16,1.846,2.312
6/22/2022,1.073,1.71,2.18
6/23/2022,0.822,1.456,1.973
6/24/2022,0.825,1.45,1.978
6/27/2022,0.949,1.578,2.085
6/28/2022,0.994,1.648,2.177
6/29/2022,0.912,1.511,2.074
6/30/2022,0.725,1.292,1.899
7/1/2022,0.594,1.156,1.781
7/4/2022,0.722,1.272,1.881
7/5/2022,0.553,1.116,1.741
7/6/2022,0.51,1.079,1.722
7/7/2022,0.67,1.236,1.827
7/8/2022,0.64,1.232,1.86
7/11/2022,0.552,1.131,1.757
7/12/2022,0.496,1.031,1.638
7/13/2022,0.558,1.088,1.65
7/14/2022,0.61,1.129,1.677
7/15/2022,0.561,1.09,1.647
7/18/2022,0.612,1.169,1.73
7/19/2022,0.73,1.273,1.781
7/20/2022,0.716,1.253,1.765
7/21/2022,0.766,1.275,1.743
7/22/2022,0.511,1.026,1.55
7/25/2022,0.492,1.012,1.53
7/26/2022,0.431,0.919,1.436
7/27/2022,0.527,0.97,1.457
7/28/2022,0.33,0.791,1.331
7/29/2022,0.364,0.79,1.316
8/1/2022,0.334,0.761,1.267
8/2/2022,0.39,0.813,1.32
8/3/2022,0.456,0.882,1.375
8/4/2022,0.395,0.809,1.295
8/5/2022,0.506,0.973,1.443
8/8/2022,0.504,0.935,1.393
8/9/2022,0.529,0.954,1.422
8/10/2022,0.525,0.911,1.393
8/11/2022,0.531,0.968,1.487
8/12/2022,0.627,1.016,1.495
8/15/2022,0.499,0.928,1.411
8/16/2022,0.548,0.991,1.482
8/17/2022,0.754,1.147,1.597
8/18/2022,0.769,1.171,1.62
8/19/2022,0.83,1.286,1.753
8/22/2022,0.932,1.375,1.826
8/23/2022,0.88,1.354,1.839
8/24/2022,0.987,1.424,1.907
8/25/2022,0.912,1.362,1.862
8/26/2022,1.045,1.463,1.941
8/29/2022,1.173,1.586,2.063
8/30/2022,1.161,1.615,2.065
8/31/2022,1.262,1.67,2.097
9/1/2022,1.205,1.656,2.119
9/2/2022,1.109,1.59,2.081
9/5/2022,1.133,1.634,2.13
9/6/2022,1.126,1.688,2.194
9/7/2022,1.126,1.647,2.127
9/8/2022,1.299,1.812,2.254
9/9/2022,1.329,1.79,2.248
9/12/2022,1.389,1.746,2.208
9/13/2022,1.488,1.845,2.284
9/14/2022,1.543,1.86,2.277
9/15/2022,1.657,1.946,2.337
9/16/2022,1.701,1.938,2.331
9/19/2022,1.784,2.007,2.389
9/20/2022,1.839,2.121,2.503
9/21/2022,1.862,2.145,2.475
9/22/2022,1.932,2.25,2.563
9/23/2022,2.009,2.331,2.633
9/26/2022,2.04,2.411,2.732
9/27/2022,2.055,2.495,2.846
9/28/2022,1.935,2.345,2.733
9/29/2022,1.896,2.372,2.812
9/30/2022,1.878,2.351,2.763
10/3/2022,1.744,2.162,2.576
10/4/2022,1.666,2.111,2.525
10/5/2022,1.811,2.273,2.695
10/6/2022,1.864,2.357,2.744
10/7/2022,1.957,2.447,2.862
10/10/2022,1.981,2.544,3.002
10/11/2022,1.929,2.471,2.966
10/12/2022,1.896,2.472,2.986
10/13/2022,1.987,2.494,2.948
10/14/2022,2.068,2.54,3.021
10/17/2022,2.06,2.51,2.945
10/18/2022,2.067,2.522,2.981
10/19/2022,2.164,2.656,3.073
10/20/2022,2.185,2.696,3.099
10/21/2022,2.089,2.663,3.114
10/24/2022,2.049,2.598,3.007
10/25/2022,1.972,2.485,2.846
10/26/2022,1.936,2.45,2.781
10/27/2022,1.744,2.248,2.606
10/28/2022,1.899,2.419,2.719
10/31/2022,1.913,2.431,2.769
11/1/2022,1.933,2.414,2.772
11/2/2022,1.968,2.441,2.766
11/3/2022,2.071,2.55,2.865
11/4/2022,2.12,2.607,2.917
11/7/2022,2.185,2.669,2.955
11/8/2022,2.182,2.628,2.895
11/9/2022,2.111,2.517,2.79
11/10/2022,1.989,2.355,2.629
11/11/2022,2.13,2.522,2.777
11/14/2022,2.128,2.526,2.754
11/15/2022,2.142,2.494,2.702
11/16/2022,2.085,2.382,2.582
11/17/2022,2.109,2.398,2.6
11/18/2022,2.085,2.37,2.59
11/21/2022,2.091,2.355,2.568
11/22/2022,2.102,2.326,2.558
11/23/2022,2.116,2.312,2.494
11/24/2022,2.081,2.233,2.401
11/25/2022,2.178,2.358,2.531
11/28/2022,2.144,2.357,2.555
11/29/2022,2.082,2.278,2.477
11/30/2022,2.111,2.285,2.495
12/1/2022,1.996,2.154,2.365
12/2/2022,2.076,2.219,2.41
12/5/2022,2.074,2.246,2.426
12/6/2022,2.024,2.172,2.354
12/7/2022,1.982,2.138,2.345
12/8/2022,2.048,2.189,2.384
12/9/2022,2.129,2.298,2.501
12/12/2022,2.185,2.325,2.509
12/13/2022,2.115,2.288,2.492
12/14/2022,2.108,2.286,2.516
12/15/2022,2.356,2.504,2.65
12/16/2022,2.418,2.54,2.733
12/19/2022,2.424,2.546,2.781
12/20/2022,2.502,2.639,2.883
12/21/2022,2.534,2.652,2.877
12/22/2022,2.56,2.706,2.932
12/23/2022,2.624,2.674,2.947
12/26/2022,2.624,2.674,2.947
12/27/2022,2.628,2.825,3.076
12/28/2022,2.62,2.79,3.06
12/29/2022,2.585,2.756,2.987
12/30/2022,2.741,2.873,3.117
1/2/2023,2.669,2.822,3.001
1/3/2023,2.638,2.781,2.954
1/4/2023,2.565,2.684,2.834
1/5/2023,2.619,2.718,2.88
1/6/2023,2.591,2.66,2.781
1/9/2023,2.614,2.68,2.799
1/10/2023,2.622,2.749,2.876
1/11/2023,2.579,2.634,2.731
1/12/2023,2.54,2.566,2.683
1/13/2023,2.54,2.589,2.713
1/16/2023,2.572,2.569,2.717
1/17/2023,2.413,2.427,2.601
1/18/2023,2.444,2.394,2.512
1/19/2023,2.511,2.446,2.556
1/20/2023,2.571,2.542,2.682
1/23/2023,2.567,2.566,2.723
1/24/2023,2.527,2.503,2.67
1/25/2023,2.514,2.501,2.676
1/26/2023,2.55,2.554,2.742
1/27/2023,2.555,2.551,2.765
1/30/2023,2.65,2.662,2.85
1/31/2023,2.611,2.592,2.818
2/1/2023,2.639,2.581,2.817
2/2/2023,2.445,2.364,2.593
2/3/2023,2.529,2.472,2.727
2/6/2023,2.579,2.555,2.828
2/7/2023,2.67,2.632,2.874
2/8/2023,2.671,2.636,2.889
2/9/2023,2.661,2.607,2.829
2/10/2023,2.783,2.69,2.895
2/13/2023,2.763,2.71,2.887
2/14/2023,2.837,2.777,2.954
2/15/2023,2.854,2.815,2.992
2/16/2023,2.857,2.813,2.995
2/17/2023,2.849,2.788,2.96
2/20/2023,2.873,2.821,2.984
2/21/2023,3.001,2.888,3.062
2/22/2023,2.975,2.898,3.059
2/23/2023,2.967,2.868,3.013
2/24/2023,3.083,2.949,3.076
2/27/2023,3.122,2.981,3.114
2/28/2023,3.19,3.057,3.187
3/1/2023,3.257,3.13,3.246
3/2/2023,3.273,3.163,3.29
3/3/2023,3.278,3.162,3.257
3/6/2023,3.375,3.235,3.292
3/7/2023,3.39,3.194,3.237
3/8/2023,3.396,3.169,3.191
3/9/2023,3.333,3.129,3.187
3/10/2023,3.148,2.971,3.046
3/13/2023,2.76,2.651,2.818
3/14/2023,2.949,2.842,2.977
3/15/2023,2.503,2.48,2.723
3/16/2023,2.737,2.68,2.866
3/17/2023,2.531,2.485,2.701
3/20/2023,2.529,2.51,2.705
3/21/2023,2.794,2.704,2.857
3/22/2023,2.874,2.749,2.886
3/23/2023,2.557,2.538,2.756
3/24/2023,2.455,2.418,2.696
3/27/2023,2.564,2.526,2.796
3/28/2023,2.639,2.552,2.853
3/29/2023,2.689,2.618,2.887
3/30/2023,2.782,2.688,2.93
3/31/2023,2.719,2.597,2.852
4/3/2023,2.695,2.562,2.805
4/4/2023,2.618,2.503,2.803
4/5/2023,2.554,2.451,2.735
4/6/2023,2.597,2.46,2.746
4/7/2023,2.597,2.46,2.746
4/10/2023,2.597,2.46,2.746
4/11/2023,2.753,2.607,2.868
4/12/2023,2.838,2.671,2.93
4/13/2023,2.825,2.665,2.934
4/14/2023,2.916,2.745,2.992
4/17/2023,2.921,2.759,3.023
4/18/2023,2.927,2.799,3.028
4/19/2023,2.935,2.864,3.071
4/20/2023,2.872,2.8,3
4/21/2023,2.866,2.824,3.04
4/24/2023,2.981,2.861,3.068
4/25/2023,2.847,2.718,2.95
4/26/2023,2.756,2.708,2.976
4/27/2023,2.837,2.78,3.042
4/28/2023,2.657,2.69,2.951
5/1/2023,2.657,2.69,2.951
5/2/2023,2.598,2.632,2.901
5/3/2023,2.625,2.627,2.886
5/4/2023,2.469,2.513,2.828
5/5/2023,2.58,2.619,2.924
5/8/2023,2.602,2.652,2.955
5/9/2023,2.636,2.682,2.991
5/10/2023,2.587,2.616,2.927
5/11/2023,2.526,2.563,2.861
5/12/2023,2.615,2.621,2.912
5/15/2023,2.62,2.648,2.934
5/16/2023,2.66,2.712,2.993
5/17/2023,2.707,2.722,2.974
5/18/2023,2.762,2.807,3.094
5/19/2023,2.781,2.794,3.063
5/22/2023,2.822,2.837,3.095
5/23/2023,2.826,2.845,3.107
5/24/2023,2.849,2.86,3.113
5/25/2023,2.915,2.917,3.154
5/26/2023,2.953,2.941,3.17
5/29/2023,2.887,2.871,3.064
5/30/2023,2.818,2.757,2.957
5/31/2023,2.768,2.685,2.897
6/1/2023,2.747,2.646,2.864
6/2/2023,2.833,2.742,2.923
6/5/2023,2.932,2.796,2.986
6/6/2023,2.896,2.769,2.981
6/7/2023,2.983,2.861,3.074
6/8/2023,2.935,2.797,3.017
6/9/2023,2.969,2.794,2.988
6/12/2023,2.958,2.785,2.992
6/13/2023,3.023,2.84,3.012
6/14/2023,3.074,2.874,3.047
6/15/2023,3.184,2.966,3.102
6/16/2023,3.162,2.928,3.048
6/19/2023,3.207,2.974,3.093
6/20/2023,3.132,2.879,2.984
6/21/2023,3.171,2.927,3.017
6/22/2023,3.257,2.995,3.085
6/23/2023,3.162,2.846,2.946
6/26/2023,3.155,2.802,2.906
6/27/2023,3.228,2.87,2.948
6/28/2023,3.179,2.812,2.911
6/29/2023,3.278,2.925,3.014
6/30/2023,3.289,2.908,2.992
7/3/2023,3.356,2.975,3.043
7/4/2023,3.318,2.956,3.051
7/5/2023,3.325,2.973,3.075
7/6/2023,3.403,3.114,3.236
7/7/2023,3.369,3.099,3.239
7/10/2023,3.415,3.109,3.244
7/11/2023,3.429,3.123,3.259
7/12/2023,3.355,3.015,3.141
7/13/2023,3.307,2.925,3.051
7/14/2023,3.361,2.976,3.075
7/17/2023,3.33,2.94,3.042
7/18/2023,3.241,2.846,2.943
7/19/2023,3.279,2.887,2.999
7/20/2023,3.301,2.94,3.043
7/21/2023,3.272,2.921,3.026
7/24/2023,3.224,2.862,2.979
7/25/2023,3.224,2.876,2.984
7/26/2023,3.294,2.951,3.043
7/27/2023,3.252,2.916,3.031
7/28/2023,3.226,2.917,3.061
7/31/2023,3.217,2.91,3.055
8/1/2023,3.239,2.961,3.121
8/2/2023,3.198,2.926,3.099
8/3/2023,3.215,2.974,3.158
8/4/2023,3.214,2.95,3.12
8/7/2023,3.203,2.955,3.162
8/8/2023,3.118,2.855,3.028
8/9/2023,3.145,2.886,3.054
8/10/2023,3.179,2.917,3.086
8/11/2023,3.247,3.001,3.183
8/14/2023,3.263,3.026,3.2
8/15/2023,3.306,3.061,3.243
8/16/2023,3.291,3.035,3.226
8/17/2023,3.316,3.08,3.283
8/18/2023,3.254,3.005,3.199
8/21/2023,3.321,3.087,3.275
8/22/2023,3.297,3.046,3.206
8/23/2023,3.199,2.904,3.079
8/24/2023,3.181,2.897,3.075
8/25/2023,3.227,2.975,3.127
8/28/2023,3.265,2.98,3.123
8/29/2023,3.237,2.934,3.066
8/30/2023,3.26,2.962,3.103
8/31/2023,3.153,2.86,3.015
9/1/2023,3.181,2.921,3.107
9/4/2023,3.197,2.955,3.123
9/5/2023,3.234,2.975,3.159
9/6/2023,3.295,3.038,3.199
9/7/2023,3.253,2.997,3.151
9/8/2023,3.252,2.993,3.152
9/11/2023,3.262,3.018,3.177
9/12/2023,3.297,3.035,3.195
9/13/2023,3.32,3.068,3.188
9/14/2023,3.323,2.997,3.128
9/15/2023,3.366,3.075,3.229
9/18/2023,3.388,3.117,3.26
9/19/2023,3.432,3.15,3.293
9/20/2023,3.414,3.114,3.249
9/21/2023,3.407,3.136,3.281
9/22/2023,3.403,3.138,3.286
9/25/2023,3.381,3.15,3.346
9/26/2023,3.404,3.162,3.361
9/27/2023,3.446,3.199,3.406
9/28/2023,3.477,3.292,3.495
9/29/2023,3.405,3.209,3.426
10/2/2023,3.422,3.27,3.503
10/3/2023,3.404,3.292,3.563
10/4/2023,3.378,3.262,3.514
10/5/2023,3.336,3.224,3.487
10/6/2023,3.328,3.232,3.498
10/9/2023,3.259,3.119,3.387
10/10/2023,3.299,3.132,3.373
10/11/2023,3.334,3.116,3.308
10/12/2023,3.282,3.189,3.38
10/13/2023,3.265,3.158,3.347
10/16/2023,3.273,3.187,3.383
10/17/2023,3.361,3.29,3.489
10/18/2023,3.376,3.319,3.531
10/19/2023,3.379,3.327,3.53
10/20/2023,3.305,3.265,3.494
10/23/2023,3.31,3.256,3.466
10/24/2023,3.275,3.203,3.428
10/25/2023,3.307,3.258,3.496
10/26/2023,3.269,3.212,3.467
10/27/2023,3.23,3.163,3.436
10/30/2023,3.199,3.132,3.417
10/31/2023,3.208,3.123,3.408
11/1/2023,3.17,3.075,3.361
11/2/2023,3.186,3.046,3.302
11/3/2023,3.153,2.979,3.221
11/6/2023,3.2,3.062,3.313
11/7/2023,3.176,3.003,3.233
11/8/2023,3.184,2.989,3.188
11/9/2023,3.187,2.998,3.218
11/10/2023,3.225,3.072,3.292
11/13/2023,3.243,3.07,3.276
11/14/2023,3.136,2.949,3.148
11/15/2023,3.172,2.973,3.196
11/16/2023,3.111,2.908,3.138
11/17/2023,3.109,2.915,3.134
11/20/2023,3.162,2.948,3.159
11/21/2023,3.126,2.908,3.117
11/22/2023,3.149,2.924,3.107
11/23/2023,3.163,2.976,3.178
11/24/2023,3.202,2.987,3.194
11/27/2023,3.128,2.88,3.099
11/28/2023,3.063,2.812,3.05
11/29/2023,2.976,2.734,2.987
11/30/2023,2.964,2.743,3.008
12/1/2023,2.835,2.633,2.917
12/4/2023,2.855,2.646,2.918
12/5/2023,2.765,2.55,2.792
12/6/2023,2.771,2.52,2.733
12/7/2023,2.76,2.503,2.732
12/8/2023,2.861,2.611,2.832
12/11/2023,2.857,2.615,2.842
12/12/2023,2.86,2.592,2.784
12/13/2023,2.809,2.531,2.721
12/14/2023,2.701,2.434,2.647
12/15/2023,2.652,2.362,2.554
12/18/2023,2.704,2.411,2.622
12/19/2023,2.658,2.356,2.555
12/20/2023,2.612,2.312,2.503
12/21/2023,2.592,2.286,2.499
12/22/2023,2.555,2.256,2.514
12/25/2023,2.555,2.256,2.514
12/26/2023,2.555,2.256,2.514
12/27/2023,2.535,2.22,2.434
12/28/2023,2.502,2.247,2.486
12/29/2023,2.525,2.306,2.563
1/1/2024,2.525,2.306,2.563
1/2/2024,2.579,2.361,2.602
1/3/2024,2.539,2.321,2.56
1/4/2024,2.668,2.448,2.661
1/5/2024,2.691,2.481,2.7
1/8/2024,2.692,2.451,2.67
1/9/2024,2.74,2.503,2.724
1/10/2024,2.784,2.535,2.754
1/11/2024,2.759,2.512,2.739
1/12/2024,2.66,2.44,2.688
1/15/2024,2.724,2.511,2.744
1/16/2024,2.733,2.526,2.766
1/17/2024,2.824,2.614,2.832
1/18/2024,2.812,2.627,2.863
1/19/2024,2.866,2.649,2.843
1/22/2024,2.815,2.599,2.801
1/23/2024,2.838,2.646,2.863
1/24/2024,2.837,2.64,2.85
1/25/2024,2.746,2.562,2.775
1/26/2024,2.749,2.567,2.782
1/29/2024,2.706,2.498,2.716
1/30/2024,2.725,2.544,2.756
1/31/2024,2.622,2.433,2.652
2/1/2024,2.673,2.444,2.653
2/2/2024,2.791,2.55,2.741
2/5/2024,2.832,2.616,2.811
2/6/2024,2.818,2.603,2.797
2/7/2024,2.841,2.631,2.827
2/8/2024,2.852,2.67,2.85
2/9/2024,2.939,2.719,2.883
2/12/2024,2.907,2.688,2.86
2/13/2024,2.983,2.744,2.89
2/14/2024,2.942,2.671,2.818
2/15/2024,2.971,2.685,2.837
2/16/2024,3.037,2.741,2.868
2/19/2024,3.04,2.722,2.883
2/20/2024,2.973,2.67,2.823
2/21/2024,3.074,2.754,2.901
2/22/2024,3.11,2.774,2.887
2/23/2024,3.063,2.696,2.801
2/26/2024,3.147,2.783,2.882
2/27/2024,3.127,2.796,2.91
2/28/2024,3.123,2.788,2.9
2/29/2024,3.117,2.761,2.865
3/1/2024,3.095,2.759,2.882
3/4/2024,3.099,2.745,2.849
3/5/2024,3.056,2.692,2.782
3/6/2024,3.066,2.684,2.766
3/7/2024,3.029,2.668,2.752
3/8/2024,2.949,2.598,2.716
3/11/2024,3.003,2.64,2.763
3/12/2024,3.043,2.655,2.779
3/13/2024,3.084,2.673,2.802
3/14/2024,2.923,2.727,2.872
3/15/2024,2.959,2.747,2.879
3/18/2024,2.964,2.753,2.885
3/19/2024,2.929,2.735,2.885
3/20/2024,2.926,2.721,2.868
3/21/2024,2.879,2.689,2.842
3/22/2024,2.861,2.646,2.79
3/25/2024,2.906,2.689,2.839
3/26/2024,2.904,2.675,2.824
3/27/2024,2.866,2.633,2.775
3/28/2024,2.885,2.644,2.784
3/29/2024,2.884,2.644,2.784
4/1/2024,2.884,2.644,2.784
4/2/2024,2.882,2.7,2.888
4/3/2024,2.905,2.702,2.876
4/4/2024,2.915,2.685,2.84
4/5/2024,2.922,2.708,2.874
4/8/2024,2.959,2.73,2.882
4/9/2024,2.94,2.676,2.821
4/10/2024,2.998,2.757,2.887
4/11/2024,2.987,2.771,2.918
4/12/2024,2.909,2.667,2.817
4/15/2024,2.962,2.753,2.902
4/16/2024,2.987,2.799,2.955
4/17/2024,2.999,2.787,2.933
4/18/2024,3.028,2.827,2.958
4/19/2024,3.056,2.845,2.957
4/22/2024,3.01,2.815,2.934
4/23/2024,3.014,2.802,2.948
4/24/2024,3.07,2.895,3.032
4/25/2024,3.128,2.943,3.079
4/26/2024,3.094,2.888,3.025
4/29/2024,3.046,2.826,2.959
4/30/2024,3.128,2.896,3.006
5/1/2024,3.128,2.896,3.006
5/2/2024,3.073,2.858,2.987
5/3/2024,3.017,2.802,2.938
5/6/2024,3.004,2.798,2.926
5/7/2024,2.999,2.761,2.866
5/8/2024,3.026,2.802,2.909
5/9/2024,3.033,2.825,2.949
5/10/2024,3.069,2.856,2.967
5/13/2024,3.065,2.855,2.978
5/14/2024,3.088,2.915,2.996
5/15/2024,2.988,2.773,2.866
5/16/2024,3.031,2.817,2.905
5/17/2024,3.079,2.878,2.961
5/20/2024,3.096,2.895,2.978
5/21/2024,3.058,2.849,2.947
5/22/2024,3.111,2.897,2.984
5/23/2024,3.177,2.963,3.083
5/24/2024,3.183,2.96,3.069
5/27/2024,3.144,2.917,3.029
5/28/2024,3.158,2.96,3.084
5/29/2024,3.189,3.031,3.184
5/30/2024,3.156,2.997,3.147
5/31/2024,3.184,3.023,3.151
6/3/2024,3.113,2.934,3.067
6/4/2024,3.085,2.895,3.032
6/5/2024,3.084,2.884,3.006
6/6/2024,3.12,2.922,3.053
6/7/2024,3.179,2.998,3.122
6/10/2024,3.181,3.059,3.207
6/11/2024,3.163,3.007,3.166
6/12/2024,3.104,2.922,3.081
6/13/2024,3.069,2.886,3.089
6/14/2024,2.995,2.834,3.007
6/17/2024,3.073,2.847,3.031
6/18/2024,3.029,2.807,3.003
6/19/2024,3.053,2.83,3.019
6/20/2024,3.069,2.851,3.024
6/21/2024,3.031,2.826,3.024
6/24/2024,3.059,2.824,3.019
6/25/2024,3.055,2.817,2.997
6/26/2024,3.082,2.854,3.05
6/27/2024,3.076,2.861,3.062
6/28/2024,3.069,2.893,3.08
7/1/2024,3.151,2.964,3.158
7/2/2024,3.11,2.936,3.139
7/3/2024,3.102,2.898,3.085
7/4/2024,3.13,2.928,3.114
7/5/2024,3.048,2.854,3.057
7/8/2024,3.042,2.848,3.025
7/9/2024,3.02,2.881,3.087
7/10/2024,3.012,2.838,3.035
7/11/2024,2.915,2.761,2.971
7/12/2024,2.905,2.793,3.004
7/15/2024,2.915,2.769,2.974
7/16/2024,2.887,2.73,2.933
7/17/2024,2.897,2.742,2.927
7/18/2024,2.887,2.733,2.935
7/19/2024,2.904,2.766,2.974
7/22/2024,2.945,2.793,2.995
7/23/2024,2.896,2.752,2.944
7/24/2024,2.837,2.732,2.952
7/25/2024,2.818,2.694,2.929
7/26/2024,2.796,2.687,2.922
7/29/2024,2.773,2.652,2.883
7/30/2024,2.733,2.625,2.862
7/31/2024,2.705,2.592,2.835
8/1/2024,2.648,2.522,2.797
8/2/2024,2.541,2.472,2.753
8/5/2024,2.54,2.491,2.766
8/6/2024,2.572,2.498,2.76
8/7/2024,2.594,2.534,2.823
8/8/2024,2.58,2.526,2.823
8/9/2024,2.572,2.497,2.777
8/12/2024,2.583,2.499,2.777
8/13/2024,2.525,2.452,2.731
8/14/2024,2.532,2.456,2.72
8/15/2024,2.633,2.554,2.794
8/16/2024,2.615,2.542,2.786
8/19/2024,2.618,2.541,2.78
8/20/2024,2.594,2.519,2.755
8/21/2024,2.546,2.479,2.721
8/22/2024,2.587,2.527,2.775
8/23/2024,2.564,2.496,2.752
8/26/2024,2.584,2.524,2.775
8/27/2024,2.588,2.553,2.825
8/28/2024,2.573,2.532,2.793
8/29/2024,2.542,2.503,2.798
8/30/2024,2.569,2.527,2.823
9/2/2024,2.593,2.56,2.846
9/3/2024,2.557,2.51,2.794
9/4/2024,2.492,2.432,2.742
9/5/2024,2.477,2.426,2.721
9/6/2024,2.404,2.373,2.696
9/9/2024,2.393,2.367,2.7
9/10/2024,2.363,2.328,2.658
9/11/2024,2.335,2.305,2.635
9/12/2024,2.398,2.351,2.674
9/13/2024,2.377,2.345,2.671
9/16/2024,2.355,2.328,2.65
9/17/2024,2.391,2.365,2.674
9/18/2024,2.424,2.406,2.727
9/19/2024,2.393,2.389,2.734
9/20/2024,2.402,2.403,2.743
9/23/2024,2.315,2.349,2.697
9/24/2024,2.255,2.315,2.666
9/25/2024,2.272,2.344,2.697
9/26/2024,2.267,2.335,2.709
9/27/2024,2.226,2.292,2.651
9/30/2024,2.251,2.251,2.647
10/1/2024,2.206,2.189,2.552
10/2/2024,2.203,2.225,2.604
10/3/2024,2.246,2.288,2.669
10/4/2024,2.345,2.386,2.727
10/7/2024,2.391,2.435,2.772
10/8/2024,2.372,2.413,2.753
10/9/2024,2.403,2.44,2.77
10/10/2024,2.382,2.432,2.767
10/11/2024,2.383,2.439,2.778
10/14/2024,2.4,2.455,2.791
10/15/2024,2.36,2.399,2.726
10/16/2024,2.316,2.351,2.688
10/17/2024,2.291,2.346,2.704
10/18/2024,2.247,2.311,2.665
10/21/2024,2.316,2.398,2.76
10/22/2024,2.331,2.432,2.795
10/23/2024,2.264,2.389,2.775
10/24/2024,2.242,2.36,2.739
10/25/2024,2.279,2.4,2.775
10/28/2024,2.26,2.381,2.761
10/29/2024,2.297,2.436,2.817
10/30/2024,2.407,2.539,2.869
10/31/2024,2.428,2.539,2.871
11/1/2024,2.405,2.534,2.89
11/4/2024,2.409,2.538,2.875
11/5/2024,2.443,2.57,2.904
11/6/2024,2.344,2.492,2.898
11/7/2024,2.39,2.542,2.931
11/8/2024,2.364,2.489,2.844
11/11/2024,2.312,2.433,2.806
11/12/2024,2.302,2.45,2.84
11/13/2024,2.324,2.476,2.86
11/14/2024,2.271,2.417,2.795
11/15/2024,2.263,2.424,2.801
11/18/2024,2.326,2.458,2.817
11/19/2024,2.302,2.438,2.793
11/20/2024,2.322,2.447,2.816
11/21/2024,2.264,2.418,2.795
11/22/2024,2.111,2.331,2.72
11/25/2024,2.138,2.331,2.682
11/26/2024,2.146,2.323,2.676
11/27/2024,2.138,2.306,2.64
11/28/2024,2.093,2.27,2.591
11/29/2024,2.037,2.217,2.547
12/2/2024,2.04,2.164,2.515
12/3/2024,2.076,2.196,2.527
12/4/2024,2.077,2.206,2.515
12/5/2024,2.133,2.242,2.527
12/6/2024,2.122,2.212,2.518
12/9/2024,2.111,2.215,2.523
12/10/2024,2.074,2.184,2.524
12/11/2024,2.051,2.194,2.543
12/12/2024,2.135,2.274,2.623
12/13/2024,2.183,2.326,2.681
12/16/2024,2.159,2.308,2.675
12/17/2024,2.165,2.32,2.67
12/18/2024,2.145,2.32,2.688
12/19/2024,2.163,2.357,2.749
12/20/2024,2.148,2.339,2.723
12/23/2024,2.16,2.373,2.764
12/24/2024,2.17,2.372,2.764
12/25/2024,2.17,2.372,2.764
12/26/2024,2.17,2.372,2.764
12/27/2024,2.198,2.435,2.842
12/30/2024,2.181,2.402,2.819
12/31/2024,2.184,2.402,2.819
1/1/2025,2.184,2.402,2.819
1/2/2025,2.211,2.425,2.845
1/3/2025,2.271,2.49,2.891
1/6/2025,2.296,2.519,2.894
1/7/2025,2.296,2.533,2.928
1/8/2025,2.308,2.553,2.969
1/9/2025,2.334,2.584,2.988
1/10/2025,2.378,2.636,3.018
1/13/2025,2.388,2.657,3.043
1/14/2025,2.406,2.686,3.074
1/15/2025,2.345,2.598,2.971
1/16/2025,2.322,2.569,2.954
1/17/2025,2.312,2.561,2.94
1/20/2025,2.312,2.549,2.933
1/21/2025,2.3,2.534,2.914
1/22/2025,2.324,2.549,2.921
1/23/2025,2.315,2.556,2.942
1/24/2025,2.36,2.59,2.957
1/27/2025,2.341,2.544,2.922
1/28/2025,2.324,2.562,2.952
1/29/2025,2.335,2.587,2.972
1/30/2025,2.269,2.519,2.909
1/31/2025,2.178,2.433,2.848
2/3/2025,2.109,2.352,2.769
2/4/2025,2.123,2.369,2.777
2/5/2025,2.13,2.365,2.745
2/6/2025,2.136,2.368,2.765
2/7/2025,2.112,2.347,2.752
2/10/2025,2.091,2.325,2.741
2/11/2025,2.14,2.385,2.809
2/12/2025,2.18,2.431,2.849
2/13/2025,2.143,2.375,2.782
2/14/2025,2.169,2.403,2.803
2/17/2025,2.188,2.437,2.854
2/18/2025,2.167,2.43,2.858
2/19/2025,2.189,2.487,2.927
2/20/2025,2.172,2.461,2.906
2/21/2025,2.141,2.407,2.845
2/24/2025,2.117,2.398,2.853
2/25/2025,2.095,2.377,2.832
2/26/2025,2.101,2.36,2.803
2/27/2025,2.067,2.327,2.782
2/28/2025,2.065,2.315,2.777
3/3/2025,2.1,2.361,2.855
3/4/2025,2.091,2.344,2.863
3/5/2025,2.262,2.606,3.128
3/6/2025,2.262,2.627,3.17
3/7/2025,2.259,2.631,3.175
3/10/2025,2.245,2.608,3.164
3/11/2025,2.231,2.619,3.214
3/12/2025,2.257,2.627,3.188
3/13/2025,2.212,2.59,3.173
3/14/2025,2.22,2.602,3.194
3/17/2025,2.223,2.583,3.142
3/18/2025,2.21,2.57,3.137
3/19/2025,2.224,2.58,3.134
3/20/2025,2.206,2.551,3.12
3/21/2025,2.169,2.52,3.111
3/24/2025,2.162,2.51,3.11
3/25/2025,2.177,2.528,3.136
3/26/2025,2.157,2.52,3.139
3/27/2025,2.11,2.478,3.118
3/28/2025,2.073,2.428,3.076
3/31/2025,2.105,2.458,3.092
4/1/2025,2.086,2.423,3.041
4/2/2025,2.098,2.447,3.074
4/3/2025,2.022,2.35,3.011
4/4/2025,1.932,2.256,2.95
4/7/2025,1.911,2.257,2.995
4/8/2025,1.953,2.323,3.016
4/9/2025,1.864,2.26,2.994
4/10/2025,1.909,2.266,2.97
4/11/2025,1.929,2.322,2.994
4/14/2025,1.887,2.255,2.914
4/15/2025,1.896,2.275,2.941
4/16/2025,1.878,2.234,2.915
4/17/2025,1.806,2.179,2.871
4/18/2025,1.806,2.179,2.871
4/21/2025,1.806,2.179,2.871
4/22/2025,1.777,2.139,2.843
4/23/2025,1.844,2.204,2.896
4/24/2025,1.788,2.135,2.837
4/25/2025,1.818,2.158,2.859
4/28/2025,1.833,2.197,2.914
4/29/2025,1.832,2.185,2.892
4/30/2025,1.802,2.127,2.84
5/1/2025,1.802,2.127,2.84
5/2/2025,1.854,2.215,2.925
5/5/2025,1.852,2.198,2.908
5/6/2025,1.938,2.422,3.035
5/7/2025,1.902,2.369,2.969
5/8/2025,1.958,2.432,3.025
5/9/2025,1.969,2.45,3.051
5/12/2025,2.069,2.556,3.128
5/13/2025,2.066,2.562,3.141
5/14/2025,2.067,2.58,3.152
5/15/2025,2.003,2.503,3.071
5/16/2025,1.975,2.469,3.04
5/19/2025,1.966,2.463,3.038
5/20/2025,1.967,2.471,3.046
5/21/2025,2,2.517,3.088
5/22/2025,1.963,2.498,3.09
5/23/2025,1.899,2.432,3.025
5/26/2025,1.911,2.437,3.013
5/27/2025,1.915,2.42,2.982
5/28/2025,1.925,2.436,3.002
5/29/2025,1.896,2.392,2.956
5/30/2025,1.898,2.384,2.946
6/2/2025,1.917,2.404,2.971
6/3/2025,1.912,2.402,2.972
6/4/2025,1.918,2.415,2.977
6/5/2025,1.99,2.488,3.034
6/6/2025,1.999,2.493,3.028
6/9/2025,1.978,2.476,3.019
6/10/2025,1.961,2.442,2.975
6/11/2025,1.961,2.446,2.989
6/12/2025,1.93,2.409,2.94
6/13/2025,1.971,2.469,3.006
6/16/2025,1.958,2.447,2.989
6/17/2025,1.983,2.465,3
6/18/2025,1.957,2.431,2.964
6/19/2025,1.961,2.448,2.997
6/20/2025,1.966,2.443,2.988
6/23/2025,1.953,2.436,2.978
6/24/2025,1.962,2.45,2.997
6/25/2025,1.956,2.456,3.01
6/26/2025,1.937,2.439,3.003
6/27/2025,1.972,2.466,3.023
6/30/2025,1.975,2.471,3.039
7/1/2025,1.961,2.45,3.008
7/2/2025,1.978,2.484,3.061
7/3/2025,1.951,2.434,3.005
7/4/2025,1.924,2.42,2.999
7/7/2025,1.948,2.456,3.038
7/8/2025,1.982,2.496,3.08
7/9/2025,1.963,2.485,3.069
7/10/2025,1.992,2.516,3.101
7/11/2025,2.003,2.526,3.118
7/14/2025,1.981,2.518,3.126
7/15/2025,1.968,2.486,3.1
7/16/2025,1.943,2.452,3.072
7/17/2025,1.949,2.454,3.061
7/18/2025,1.956,2.466,3.077
7/21/2025,1.908,2.385,2.985
7/22/2025,1.89,2.369,2.959
7/23/2025,1.931,2.413,3.006
7/24/2025,2.026,2.512,3.082
7/25/2025,2.037,2.536,3.102
7/28/2025,2.005,2.505,3.071
7/29/2025,2.03,2.523,3.088
7/30/2025,2.051,2.531,3.089
7/31/2025,2.052,2.528,3.077
8/1/2025,2.019,2.498,3.062
8/4/2025,1.987,2.439,3.004
8/5/2025,1.995,2.43,2.993
8/6/2025,2.005,2.45,3.019
8/7/2025,2.008,2.441,3
8/8/2025,2.043,2.497,3.056
8/11/2025,2.052,2.5,3.065
8/12/2025,2.062,2.532,3.112
8/13/2025,2.025,2.473,3.047
8/14/2025,2.038,2.497,3.079
8/15/2025,2.069,2.56,3.163
8/18/2025,2.053,2.532,3.137
8/19/2025,2.051,2.518,3.125
8/20/2025,2.024,2.504,3.1
8/21/2025,2.068,2.552,3.143
8/22/2025,2.038,2.508,3.104
8/25/2025,2.066,2.552,3.148
8/26/2025,2.033,2.505,3.116
8/27/2025,2.014,2.49,3.1
8/28/2025,2.024,2.486,3.085
8/29/2025,2.022,2.501,3.112
9/1/2025,2.046,2.52,3.133
9/2/2025,2.072,2.555,3.172
9/3/2025,2.046,2.514,3.122
9/4/2025,2.046,2.494,3.089
9/5/2025,2.007,2.449,3.043
9/8/2025,2,2.44,3.02
9/9/2025,2.011,2.447,3.033
9/10/2025,2.027,2.451,3.027
9/11/2025,2.056,2.476,3.025
9/12/2025,2.098,2.523,3.082
9/15/2025,2.087,2.509,3.054
9/16/2025,2.076,2.503,3.059
9/17/2025,2.069,2.499,3.043
9/18/2025,2.074,2.524,3.092
9/19/2025,2.087,2.542,3.114
9/22/2025,2.085,2.54,3.114
9/23/2025,2.085,2.546,3.113
9/24/2025,2.086,2.546,3.116
9/25/2025,2.098,2.584,3.146
9/26/2025,2.086,2.557,3.119
9/29/2025,2.081,2.534,3.08
9/30/2025,2.082,2.532,3.085
10/1/2025,2.078,2.521,3.08
10/2/2025,2.075,2.515,3.07
10/3/2025,2.084,2.516,3.064
10/6/2025,2.076,2.525,3.089
10/7/2025,2.073,2.515,3.081
10/8/2025,2.054,2.475,3.044
10/9/2025,2.066,2.501,3.072
10/10/2025,2.029,2.451,3.015
10/13/2025,2.014,2.435,3.007
10/14/2025,1.998,2.413,2.966
10/15/2025,1.986,2.376,2.925
10/16/2025,1.974,2.367,2.926
10/17/2025,1.981,2.391,2.953
10/20/2025,1.973,2.397,2.947
10/21/2025,1.972,2.385,2.929
10/22/2025,1.974,2.386,2.929
10/23/2025,1.99,2.407,2.949
10/24/2025,2.035,2.464,3
10/27/2025,2.037,2.455,2.985
10/28/2025,2.041,2.46,2.988
10/29/2025,2.037,2.451,2.983
10/30/2025,2.051,2.468,3.002
10/31/2025,2.031,2.444,2.993
11/3/2025,2.055,2.474,3.022
11/4/2025,2.045,2.46,3.008
11/5/2025,2.055,2.476,3.027
11/6/2025,2.038,2.457,3.008
11/7/2025,2.042,2.468,3.026
11/10/2025,2.056,2.475,3.021
11/11/2025,2.053,2.462,3.007
11/12/2025,2.048,2.446,2.986
11/13/2025,2.08,2.49,3.029
11/14/2025,2.088,2.515,3.06
11/17/2025,2.092,2.51,3.05
11/18/2025,2.072,2.498,3.049
11/19/2025,2.069,2.502,3.059
11/20/2025,2.069,2.51,3.069
11/21/2025,2.062,2.503,3.059
11/24/2025,2.058,2.493,3.042
11/25/2025,2.065,2.479,3.017
11/26/2025,2.066,2.474,3.015
11/27/2025,2.075,2.489,3.024
11/28/2025,2.075,2.491,3.031
12/1/2025,2.1,2.547,3.097
12/2/2025,2.097,2.546,3.098
12/3/2025,2.092,2.54,3.091
12/4/2025,2.106,2.567,3.117
12/5/2025,2.12,2.584,3.136
12/8/2025,2.181,2.657,3.197
12/9/2025,2.174,2.643,3.185
12/10/2025,2.191,2.652,3.186
12/11/2025,2.172,2.634,3.173
12/12/2025,2.166,2.636,3.182
12/15/2025,2.165,2.632,3.173
12/16/2025,2.15,2.612,3.162
12/17/2025,2.151,2.629,3.182
12/18/2025,2.147,2.612,3.162
12/19/2025,2.164,2.649,3.21
12/22/2025,2.157,2.649,3.208
12/23/2025,2.152,2.626,3.169
12/24/2025,2.155,2.627,3.169
12/25/2025,2.155,2.627,3.169
12/26/2025,2.155,2.627,3.169
12/29/2025,2.131,2.589,3.135
12/30/2025,2.131,2.609,3.162
12/31/2025,2.139,2.614,3.162
1/1/2026,2.139,2.614,3.162
1/2/2026,2.148,2.643,3.206
1/5/2026,2.138,2.615,3.173
1/6/2026,2.116,2.589,3.149
1/7/2026,2.104,2.565,3.125
1/8/2026,2.11,2.576,3.134
1/9/2026,2.119,2.581,3.131
1/12/2026,2.112,2.564,3.111
1/13/2026,2.11,2.562,3.117
1/14/2026,2.098,2.534,3.085
1/15/2026,2.117,2.552,3.09
1/16/2026,2.127,2.571,3.108
1/19/2026,2.102,2.552,3.109
1/20/2026,2.096,2.563,3.137
1/21/2026,2.109,2.585,3.164
1/22/2026,2.127,2.596,3.159
1/23/2026,2.143,2.601,3.16
1/26/2026,2.123,2.561,3.115
1/27/2026,2.116,2.564,3.126
1/28/2026,2.094,2.541,3.11
1/29/2026,2.081,2.523,3.093
1/30/2026,2.087,2.525,3.096
2/2/2026,2.11,2.557,3.122
2/3/2026,2.114,2.567,3.14
2/4/2026,2.09,2.536,3.109
2/5/2026,2.09,2.53,3.101
2/6/2026,2.085,2.528,3.107
2/9/2026,2.088,2.521,3.106
2/10/2026,2.085,2.506,3.08
2/11/2026,2.085,2.503,3.063
2/12/2026,2.073,2.485,3.047
2/13/2026,2.05,2.454,3.022
2/16/2026,2.061,2.456,3.021
2/17/2026,2.053,2.439,2.998
2/18/2026,2.061,2.44,2.994
2/19/2026,2.064,2.442,2.995
2/20/2026,2.068,2.444,2.989
2/23/2026,2.054,2.416,2.961
2/24/2026,2.062,2.416,2.956
2/25/2026,2.074,2.421,2.954
2/26/2026,2.071,2.409,2.944
2/27/2026,2.036,2.356,2.899
3/2/2026,2.117,2.444,2.966
3/3/2026,2.164,2.509,3.022
3/4/2026,2.149,2.485,3.004
3/5/2026,2.246,2.6,3.102
3/6/2026,2.335,2.655,3.137
3/9/2026,2.343,2.661,3.148
3/10/2026,2.279,2.616,3.115
3/11/2026,2.404,2.746,3.219
3/12/2026,2.45,2.765,3.243
3/13/2026,2.48,2.801,3.276
3/16/2026,2.43,2.754,3.234
3/17/2026,2.393,2.723,3.181
3/18/2026,2.452,2.772,3.221
3/19/2026,2.634,2.851,3.25
3/20/2026,2.734,2.942,3.335
3/23/2026,2.644,2.882,3.301
3/24/2026,2.738,2.949,3.346
3/25/2026,2.665,2.89,3.267
3/26/2026,2.779,3.019,3.407
3/27/2026,2.725,3.009,3.422
3/30/2026,2.677,2.941,3.353
3/31/2026,2.666,2.912,3.319
4/1/2026,2.634,2.881,3.274
4/2/2026,2.656,2.883,3.277
4/3/2026,2.656,2.883,3.277
4/6/2026,2.656,2.883,3.277
4/7/2026,2.753,2.993,3.373
4/8/2026,2.522,2.78,3.241
4/9/2026,2.542,2.812,3.277
4/10/2026,2.617,2.866,3.344
4/13/2026,2.658,2.905,3.375
4/14/2026,2.551,2.816,3.295
4/15/2026,2.558,2.827,3.319
4/16/2026,2.529,2.819,3.316
4/17/2026,2.425,2.731,3.232
4/20/2026,2.475,2.768,3.26
4/21/2026,2.536,2.824,3.296
4/22/2026,2.565,2.846,3.304
4/23/2026,2.589,2.856,3.308
4/24/2026,2.559,2.831,3.288
4/27/2026,2.575,2.856,3.316
4/28/2026,2.668,2.917,3.356
4/29/2026,2.759,2.988,3.409
4/30/2026,2.667,2.889,3.329
5/1/2026,2.667,2.889,3.329
5/4/2026,2.75,2.956,3.379
5/5/2026,2.655,2.904,3.344
5/6/2026,2.579,2.81,3.263
5/7/2026,2.603,2.826,3.266
5/8/2026,2.611,2.827,3.266
5/11/2026,2.654,2.871,3.308
5/12/2026,2.722,2.942,3.374
5/13/2026,2.715,2.939,3.371
5/14/2026,2.671,2.877,3.317
5/15/2026,2.742,2.994,3.45
5/18/2026,2.708,2.972,3.426
5/19/2026,2.742,3.011,3.465
5/20/2026,2.714,2.985,3.438
5/21/2026,2.73,3.005,3.447
5/22/2026,2.691,2.945,3.379
5/25/2026,2.569,2.837,3.277
5/26/2026,2.601,2.874,3.316
5/27/2026,2.617,2.881,3.324
5/28/2026,2.594,2.863,3.301
5/29/2026,2.586,2.838,3.275
6/1/2026,2.672,2.912,3.341
6/2/2026,2.654,2.888,3.311
6/3/2026,2.707,2.952,3.371
6/4/2026,2.697,2.943,3.359
6/5/2026,2.731,2.976,3.379
6/8/2026,2.746,3.003,3.403
6/9/2026,2.704,2.972,3.387
6/10/2026,2.754,3.015,3.425
6/11/2026,2.707,2.967,3.38
6/12/2026,2.658,2.917,3.339
6/15/2026,2.613,2.87,3.293
6/16/2026,2.603,2.848,3.265
6/17/2026,2.622,2.861,3.268
6/18/2026,2.63,2.88,3.277
6/19/2026,2.681,2.936,3.342
6/22/2026,2.633,2.897,3.303
6/23/2026,2.611,2.862,3.268
6/24/2026,2.582,2.825,3.217
6/25/2026,2.556,2.81,3.204
6/26/2026,2.536,2.8,3.199
6/29/2026,2.572,2.819,3.212
6/30/2026,2.562,2.809,3.213
7/1/2026,2.55,2.823,3.237
7/2/2026,2.537,2.834,3.264
7/3/2026,2.579,2.872,3.295
7/6/2026,2.581,2.876,3.302
7/7/2026,2.515,2.89,3.353
7/8/2026,2.752,3.026,3.448
7/9/2026,2.694,2.978,3.41
7/10/2026,2.653,2.967,3.391
7/13/2026,2.685,3.025,3.436
7/14/2026,2.769,3.027,3.438
7/15/2026,2.767,3.039,3.446
7/16/2026,2.793,3.065,3.464
7/17/2026,2.81,3.068,3.455
7/20/2026,2.814,3.082,3.473
7/21/2026,2.829,3.099,3.488
7/22/2026,2.865,3.118,3.492
7/23/2026,2.893,3.158,3.517
7/24/2026,2.826,3.259,3.478
7/27/2026,2.79,3.062,3.435
7/28/2026,2.743,3.022,3.415
7/29/2026,2.827,3.098,3.475
7/30/2026,2.765,3.064,3.47
7/31/2026,2.821,3.122,3.52
8/3/2026,2.776,3.057,3.464
8/4/2026,2.719,2.998,3.419
8/5/2026,2.732,3.013,3.428
8/6/2026,2.754,3.044,3.457
8/7/2026,2.746,3.031,3.446
8/10/2026,2.803,3.085,3.496
8/11/2026,2.78,3.07,3.482
8/12/2026,2.791,3.072,3.482
8/13/2026,2.768,3.042,3.452
8/14/2026,2.783,3.1,3.521
8/17/2026,2.805,3.114,3.54
8/18/2026,2.855,3.18,3.585
8/19/2026,2.883,3.191,3.586
8/20/2026,2.86,3.174,3.578
8/21/2026,2.856,3.17,3.574
8/24/2026,2.871,3.153,3.568
8/25/2026,2.808,3.099,3.517
8/26/2026,2.841,3.137,3.549
8/27/2026,2.87,3.167,3.569
8/28/2026,2.903,3.2,3.593
8/31/2026,2.935,3.242,3.638
9/1/2026,2.961,3.264,3.659
9/2/2026,2.985,3.29,3.688
9/3/2026,2.95,3.252,3.648
9/4/2026,2.948,3.247,3.649
9/7/2026,3.007,3.305,3.699
9/8/2026,2.997,3.309,3.682
9/9/2026,3.055,3.363,3.749
9/10/2026,3.198,3.475,3.811
9/11/2026,3.145,3.443,3.812
9/14/2026,3.222,3.501,3.818
