,GTFRF2Y Govt,GTFRF5Y Govt,GTFRF10Y Govt
,Last Price,Last Price,Last Price
Dates,PX_LAST,PX_LAST,PX_LAST
1-Jan,3.126,3.421,3.933
4-Jan,3.084,3.342,3.825
5-Jan,3.084,3.335,3.843
6-Jan,3.09,3.333,3.828
7-Jan,3.053,3.342,3.847
8-Jan,3.03,3.312,3.822
11-Jan,3.067,3.333,3.887
12-Jan,3.038,3.312,3.872
13-Jan,2.988,3.233,3.797
14-Jan,2.986,3.239,3.781
15-Jan,2.954,3.216,3.799
18-Jan,2.929,3.201,3.777
19-Jan,2.915,3.206,3.766
20-Jan,2.929,3.229,3.792
21-Jan,2.932,3.222,3.761
22-Jan,2.901,3.185,3.723
25-Jan,2.907,3.178,3.726
26-Jan,2.919,3.18,3.726
27-Jan,2.929,3.184,3.725
28-Jan,2.93,3.188,3.727
29-Jan,2.913,3.254,3.733
1-Feb,2.974,3.293,3.771
2-Feb,2.986,3.304,3.791
3-Feb,2.996,3.325,3.825
4-Feb,3.026,3.375,3.905
5-Feb,2.995,3.356,3.878
8-Feb,3.047,3.417,3.929
9-Feb,3.025,3.39,3.883
10-Feb,3.016,3.369,3.877
11-Feb,3.015,3.35,3.865
12-Feb,3.034,3.403,3.929
15-Feb,3.046,3.473,4.006
16-Feb,3.05,3.476,4.007
17-Feb,3.027,3.456,3.991
18-Feb,3.025,3.459,4.011
19-Feb,3.003,3.424,3.981
22-Feb,3,3.415,3.968
23-Feb,2.991,3.382,3.943
24-Feb,3.023,3.415,3.963
25-Feb,3.073,3.486,4.043
26-Feb,3.122,3.54,4.097
1-Mar,3.183,3.644,4.203
2-Mar,3.199,3.625,4.186
3-Mar,3.201,3.655,4.239
4-Mar,3.191,3.657,4.271
5-Mar,3.09,3.503,4.109
8-Mar,3.089,3.507,4.16
9-Mar,3.08,3.534,4.209
10-Mar,3.058,3.509,4.185
11-Mar,3.026,3.469,4.155
12-Mar,3.008,3.441,4.126
15-Mar,3.014,3.439,4.123
16-Mar,3.009,3.423,4.08
17-Mar,3.002,3.402,4.048
18-Mar,2.982,3.375,4.029
19-Mar,2.999,3.399,4.043
22-Mar,3.01,3.424,4.087
23-Mar,3.019,3.456,4.116
24-Mar,2.992,3.426,4.106
25-Mar,2.971,3.412,4.097
26-Mar,2.994,3.461,4.185
29-Mar,2.965,3.442,4.189
30-Mar,2.921,3.404,4.164
31-Mar,2.903,3.375,4.123
1-Apr,2.901,3.359,4.116
2-Apr,2.897,3.358,4.115
5-Apr,2.895,3.358,4.1
6-Apr,2.842,3.294,4.016
7-Apr,2.865,3.308,4.01
8-Apr,2.806,3.311,4.018
9-Apr,2.739,3.23,3.949
12-Apr,2.725,3.22,3.898
13-Apr,2.724,3.266,3.94
14-Apr,2.72,3.264,3.939
15-Apr,2.737,3.287,3.983
16-Apr,2.733,3.286,3.988
19-Apr,2.709,3.264,3.981
20-Apr,2.681,3.219,3.944
21-Apr,2.669,3.209,3.944
22-Apr,2.671,3.213,3.95
23-Apr,2.764,3.201,3.949
26-Apr,2.772,3.22,3.982
27-Apr,2.761,3.194,3.948
28-Apr,2.782,3.222,3.985
29-Apr,2.764,3.189,3.958
30-Apr,2.786,3.219,3.991
3-May,2.785,3.222,4.001
4-May,2.817,3.277,4.06
5-May,2.805,3.278,4.069
6-May,2.815,3.293,4.122
7-May,2.804,3.276,4.101
10-May,2.81,3.291,4.131
11-May,2.805,3.297,4.151
12-May,2.802,3.297,4.162
13-May,2.796,3.284,4.139
14-May,2.87,3.402,4.266
17-May,2.855,3.394,4.246
18-May,2.847,3.384,4.221
19-May,2.877,3.411,4.237
20-May,2.855,3.403,4.209
21-May,2.84,3.375,4.168
24-May,2.812,3.346,4.175
25-May,2.806,3.347,4.156
26-May,2.815,3.342,4.163
27-May,2.837,3.391,4.221
28-May,2.86,3.409,4.237
31-May,2.878,3.43,4.249
1-Jun,2.965,3.541,4.352
2-Jun,2.993,3.587,4.388
3-Jun,2.964,3.557,4.366
4-Jun,2.993,3.605,4.406
7-Jun,2.984,3.585,4.355
8-Jun,2.957,3.56,4.365
9-Jun,2.967,3.568,4.383
10-Jun,3.068,3.704,4.511
11-Jun,3.078,3.71,4.478
14-Jun,3.073,3.713,4.458
15-Jun,3.071,3.7,4.465
16-Jun,3.068,3.685,4.43
17-Jun,3.055,3.658,4.377
18-Jun,3.046,3.644,4.381
21-Jun,3.1,3.731,4.474
22-Jun,3.151,3.791,4.528
23-Jun,3.208,3.876,4.602
24-Jun,3.266,3.982,4.721
25-Jun,3.25,3.943,4.653
28-Jun,3.262,3.967,4.663
29-Jun,3.252,3.943,4.643
30-Jun,3.248,3.94,4.657
1-Jul,3.233,3.962,4.715
2-Jul,3.225,3.961,4.732
5-Jul,3.209,3.965,4.742
6-Jul,3.245,4.036,4.823
7-Jul,3.277,4.122,4.898
8-Jul,3.318,4.18,4.898
9-Jul,3.304,4.167,4.869
12-Jul,3.308,4.151,4.839
13-Jul,3.228,4.045,4.761
14-Jul,3.212,4.046,4.769
15-Jul,3.373,4.216,4.903
16-Jul,3.385,4.199,4.864
19-Jul,3.427,4.219,4.881
20-Jul,3.375,4.134,4.811
21-Jul,3.288,4.012,4.731
22-Jul,3.317,4.06,4.757
23-Jul,3.321,4.054,4.791
26-Jul,3.302,4.029,4.796
27-Jul,3.305,4.054,4.808
28-Jul,3.296,4.062,4.806
29-Jul,3.351,4.181,4.903
30-Jul,3.422,4.29,4.961
2-Aug,3.5,4.383,5.022
3-Aug,3.508,4.377,5.037
4-Aug,3.476,4.366,5.036
5-Aug,3.522,4.451,5.125
6-Aug,3.56,4.516,5.191
9-Aug,3.573,4.486,5.166
10-Aug,3.529,4.456,5.135
11-Aug,3.502,4.403,5.119
12-Aug,3.446,4.299,5.031
13-Aug,3.423,4.249,5.008
16-Aug,3.444,4.292,5.035
17-Aug,3.422,4.25,4.988
18-Aug,3.38,4.215,4.973
19-Aug,3.374,4.198,4.956
20-Aug,3.346,4.179,4.938
23-Aug,3.349,4.184,4.915
24-Aug,3.407,4.231,4.931
25-Aug,3.359,4.156,4.868
26-Aug,3.413,4.21,4.89
27-Aug,3.458,4.244,4.935
30-Aug,3.504,4.318,5.019
31-Aug,3.499,4.334,5.052
1-Sep,3.505,4.36,5.074
2-Sep,3.555,4.469,5.174
3-Sep,3.457,4.352,5.089
6-Sep,3.438,4.342,5.087
7-Sep,3.533,4.472,5.224
8-Sep,3.518,4.408,5.162
9-Sep,3.558,4.461,5.195
10-Sep,3.568,4.443,5.192
13-Sep,3.615,4.518,5.249
14-Sep,3.62,4.531,5.282
15-Sep,3.66,4.586,5.323
16-Sep,3.577,4.49,5.249
17-Sep,3.534,4.437,5.193
20-Sep,3.553,4.473,5.227
21-Sep,3.59,4.497,5.232
22-Sep,3.576,4.488,5.236
23-Sep,3.538,4.432,5.19
24-Sep,3.463,4.358,5.12
27-Sep,3.56,4.468,5.206
28-Sep,3.581,4.47,5.21
29-Sep,3.602,4.506,5.274
30-Sep,3.601,4.465,5.222
1-Oct,3.781,4.625,5.337
4-Oct,3.829,4.654,5.328
5-Oct,3.813,4.614,5.305
6-Oct,3.826,4.637,5.329
7-Oct,3.805,4.625,5.339
8-Oct,3.84,4.663,5.361
11-Oct,3.875,4.683,5.364
12-Oct,3.964,4.778,5.456
13-Oct,3.966,4.792,5.465
14-Oct,4.075,4.935,5.587
15-Oct,4.007,4.855,5.526
18-Oct,3.997,4.836,5.525
19-Oct,4.096,4.842,5.517
20-Oct,4.149,4.928,5.585
21-Oct,4.108,4.842,5.51
22-Oct,4.12,4.843,5.521
25-Oct,4.182,4.931,5.599
26-Oct,4.181,4.919,5.556
27-Oct,4.116,4.833,5.447
28-Oct,4.05,4.744,5.347
29-Oct,4,4.68,5.278
1-Nov,4.006,4.683,5.223
2-Nov,4.012,4.631,5.17
3-Nov,4.067,4.683,5.231
4-Nov,4.009,4.599,5.134
5-Nov,3.969,4.533,5.075
8-Nov,3.892,4.456,5.033
9-Nov,3.894,4.451,5.066
10-Nov,3.947,4.509,5.104
11-Nov,3.927,4.481,5.094
12-Nov,3.848,4.38,4.978
15-Nov,3.876,4.446,5.023
16-Nov,3.853,4.39,4.951
17-Nov,3.956,4.53,5.088
18-Nov,4.019,4.587,5.131
19-Nov,4.072,4.61,5.182
22-Nov,4.082,4.617,5.198
23-Nov,4.071,4.606,5.202
24-Nov,4.129,4.679,5.283
25-Nov,4.129,4.683,5.283
26-Nov,4.179,4.739,5.336
29-Nov,4.189,4.755,5.351
30-Nov,4.116,4.635,5.241
1-Dec,4.095,4.608,5.208
2-Dec,4.187,4.69,5.307
3-Dec,4.144,4.629,5.246
6-Dec,4.075,4.56,5.15
7-Dec,4.079,4.544,5.119
8-Dec,4.112,4.587,5.182
9-Dec,4.091,4.538,5.144
10-Dec,4.056,4.471,5.075
13-Dec,4.079,4.505,5.124
14-Dec,4.138,4.571,5.193
15-Dec,4.121,4.524,5.151
16-Dec,4.241,4.684,5.314
17-Dec,4.282,4.747,5.367
20-Dec,4.29,4.759,5.386
21-Dec,4.262,4.714,5.353
22-Dec,4.291,4.731,5.377
23-Dec,4.277,4.706,5.35
24-Dec,4.274,4.711,5.351
27-Dec,4.277,4.7,5.354
28-Dec,4.299,4.759,5.404
29-Dec,4.292,4.779,5.429
30-Dec,4.314,4.837,5.48
31-Dec,4.288,4.851,5.478
3-Jan,4.412,4.964,5.593
4-Jan,4.413,4.958,5.611
5-Jan,4.406,4.968,5.643
6-Jan,4.406,4.991,5.678
7-Jan,4.307,4.862,5.567
10-Jan,4.277,4.834,5.53
11-Jan,4.366,4.969,5.657
12-Jan,4.381,5,5.67
13-Jan,4.347,4.97,5.635
14-Jan,4.343,5.006,5.665
17-Jan,4.355,5.019,5.672
18-Jan,4.39,5.074,5.758
19-Jan,4.349,5.045,5.718
20-Jan,4.359,5.059,5.713
21-Jan,4.367,5.064,5.705
24-Jan,4.385,5.069,5.698
25-Jan,4.351,5.009,5.637
26-Jan,4.395,5.043,5.649
27-Jan,4.482,5.151,5.751
28-Jan,4.47,5.13,5.733
31-Jan,4.448,5.08,5.657
1-Feb,4.556,5.099,5.592
2-Feb,4.582,5.109,5.611
3-Feb,4.568,5.108,5.572
4-Feb,4.625,5.182,5.636
7-Feb,4.653,5.201,5.661
8-Feb,4.623,5.172,5.607
9-Feb,4.662,5.226,5.646
10-Feb,4.685,5.268,5.718
11-Feb,4.677,5.265,5.711
14-Feb,4.637,5.213,5.654
15-Feb,4.656,5.232,5.682
16-Feb,4.492,5.253,5.716
17-Feb,4.527,5.264,5.718
18-Feb,4.579,5.265,5.703
21-Feb,4.564,5.217,5.64
22-Feb,4.475,5.095,5.542
23-Feb,4.487,5.129,5.577
24-Feb,4.42,5.064,5.529
25-Feb,4.431,5.097,5.585
28-Feb,4.465,5.143,5.625
29-Feb,4.478,5.153,5.634
1-Mar,4.472,5.139,5.614
2-Mar,4.508,5.186,5.652
3-Mar,4.495,5.144,5.577
6-Mar,4.503,5.148,5.573
7-Mar,4.506,5.117,5.55
8-Mar,4.52,5.123,5.571
9-Mar,4.462,5.041,5.462
10-Mar,4.513,5.086,5.489
13-Mar,4.498,5.044,5.444
14-Mar,4.575,5.085,5.48
15-Mar,4.576,5.075,5.45
16-Mar,4.502,5.002,5.391
17-Mar,4.482,4.983,5.361
20-Mar,4.491,4.98,5.362
21-Mar,4.456,4.949,5.34
22-Mar,4.48,4.979,5.377
23-Mar,4.459,4.934,5.317
24-Mar,4.5,4.987,5.377
27-Mar,4.538,5.05,5.442
28-Mar,4.501,4.998,5.395
29-Mar,4.524,5.025,5.431
30-Mar,4.475,4.981,5.381
31-Mar,4.447,4.945,5.341
3-Apr,4.431,4.925,5.316
4-Apr,4.419,4.928,5.313
5-Apr,4.337,4.85,5.255
6-Apr,4.408,4.925,5.321
7-Apr,4.413,4.922,5.307
10-Apr,4.444,4.913,5.282
11-Apr,4.422,4.906,5.284
12-Apr,4.462,4.938,5.305
13-Apr,4.478,4.96,5.315
14-Apr,4.489,4.995,5.356
17-Apr,4.458,4.969,5.344
18-Apr,4.475,4.993,5.372
19-Apr,4.511,5.019,5.394
20-Apr,4.531,5.048,5.408
21-Apr,4.532,5.056,5.412
24-Apr,4.53,5.036,5.41
25-Apr,4.585,5.092,5.454
26-Apr,4.565,5.046,5.391
27-Apr,4.601,5.069,5.414
28-Apr,4.613,5.078,5.408
1-May,4.618,5.079,5.41
2-May,4.708,5.16,5.461
3-May,4.772,5.233,5.542
4-May,4.842,5.294,5.584
5-May,4.861,5.319,5.584
8-May,4.844,5.283,5.538
9-May,4.819,5.254,5.502
10-May,4.79,5.214,5.482
11-May,4.901,5.327,5.578
12-May,4.935,5.32,5.552
15-May,4.879,5.274,5.534
16-May,4.902,5.274,5.5
17-May,5.041,5.395,5.583
18-May,5.049,5.407,5.59
19-May,5.095,5.427,5.606
22-May,5.03,5.356,5.524
23-May,5.011,5.344,5.52
24-May,4.941,5.272,5.47
25-May,4.915,5.204,5.412
26-May,4.868,5.113,5.353
29-May,4.911,5.16,5.4
30-May,4.973,5.184,5.417
31-May,4.992,5.153,5.361
1-Jun,4.96,5.103,5.275
2-Jun,4.845,4.988,5.243
5-Jun,4.821,4.97,5.244
6-Jun,4.816,4.999,5.285
7-Jun,4.801,5.002,5.286
8-Jun,5.01,5.161,5.367
9-Jun,4.986,5.13,5.322
12-Jun,4.98,5.132,5.324
13-Jun,4.921,5.068,5.283
14-Jun,4.909,5.079,5.324
15-Jun,4.853,5.047,5.327
16-Jun,4.828,4.998,5.25
19-Jun,4.865,5.017,5.275
20-Jun,4.901,5.043,5.279
21-Jun,4.981,5.147,5.366
22-Jun,5.01,5.175,5.397
23-Jun,5.036,5.207,5.428
26-Jun,5.032,5.204,5.399
27-Jun,5.03,5.201,5.404
28-Jun,5.053,5.205,5.414
29-Jun,5.006,5.135,5.357
30-Jun,5.004,5.134,5.379
3-Jul,5.038,5.187,5.437
4-Jul,5.044,5.197,5.439
5-Jul,4.988,5.152,5.401
6-Jul,5.046,5.229,5.477
7-Jul,5.025,5.194,5.413
10-Jul,5.044,5.217,5.439
11-Jul,5.044,5.189,5.385
12-Jul,5.071,5.224,5.423
13-Jul,5.09,5.212,5.398
14-Jul,5.144,5.269,5.454
17-Jul,5.163,5.29,5.47
18-Jul,5.178,5.301,5.467
19-Jul,5.194,5.284,5.443
20-Jul,5.171,5.245,5.394
21-Jul,5.175,5.251,5.385
24-Jul,5.186,5.26,5.385
25-Jul,5.165,5.216,5.345
26-Jul,5.142,5.184,5.303
27-Jul,5.167,5.195,5.317
28-Jul,5.169,5.203,5.346
31-Jul,5.165,5.211,5.354
1-Aug,5.117,5.154,5.299
2-Aug,5.137,5.171,5.318
3-Aug,5.142,5.185,5.33
4-Aug,5.128,5.181,5.333
7-Aug,5.09,5.15,5.31
8-Aug,5.111,5.187,5.34
9-Aug,5.136,5.181,5.32
10-Aug,5.109,5.15,5.293
11-Aug,5.192,5.193,5.305
14-Aug,5.224,5.226,5.329
15-Aug,5.251,5.268,5.372
16-Aug,5.281,5.299,5.378
17-Aug,5.281,5.289,5.37
18-Aug,5.299,5.293,5.362
21-Aug,5.352,5.348,5.418
22-Aug,5.312,5.321,5.396
23-Aug,5.275,5.292,5.374
24-Aug,5.271,5.282,5.375
25-Aug,5.299,5.307,5.392
28-Aug,5.309,5.318,5.409
29-Aug,5.301,5.338,5.468
30-Aug,5.294,5.338,5.469
31-Aug,5.264,5.319,5.463
1-Sep,5.176,5.203,5.342
4-Sep,5.171,5.201,5.357
5-Sep,5.2,5.226,5.374
6-Sep,5.252,5.27,5.4
7-Sep,5.239,5.278,5.413
8-Sep,5.248,5.296,5.444
11-Sep,5.244,5.294,5.438
12-Sep,5.227,5.287,5.446
13-Sep,5.2,5.259,5.431
14-Sep,5.171,5.235,5.425
15-Sep,5.143,5.225,5.461
18-Sep,5.141,5.238,5.499
19-Sep,5.111,5.213,5.477
20-Sep,5.115,5.218,5.477
21-Sep,5.103,5.19,5.429
22-Sep,5.06,5.14,5.39
25-Sep,5.154,5.23,5.434
26-Sep,5.131,5.198,5.407
27-Sep,5.132,5.209,5.442
28-Sep,5.136,5.197,5.414
29-Sep,5.112,5.169,5.381
2-Oct,5.08,5.159,5.393
3-Oct,5.072,5.16,5.395
4-Oct,5.088,5.172,5.4
5-Oct,5.148,5.194,5.408
6-Oct,5.14,5.179,5.384
9-Oct,5.112,5.136,5.349
10-Oct,5.111,5.137,5.356
11-Oct,5.067,5.099,5.312
12-Oct,5.034,5.073,5.304
13-Oct,5.06,5.083,5.334
16-Oct,5.084,5.115,5.342
17-Oct,5.088,5.124,5.352
18-Oct,5.082,5.111,5.345
19-Oct,5.13,5.138,5.351
20-Oct,5.148,5.142,5.343
23-Oct,5.177,5.153,5.343
24-Oct,5.166,5.146,5.346
25-Oct,5.174,5.178,5.396
26-Oct,5.173,5.157,5.377
27-Oct,5.146,5.126,5.356
30-Oct,5.152,5.139,5.359
31-Oct,5.158,5.151,5.36
1-Nov,5.114,5.124,5.34
2-Nov,5.127,5.128,5.347
3-Nov,5.13,5.133,5.326
6-Nov,5.137,5.148,5.338
7-Nov,5.14,5.161,5.351
8-Nov,5.148,5.178,5.367
9-Nov,5.127,5.161,5.36
10-Nov,5.087,5.14,5.352
13-Nov,5.064,5.109,5.315
14-Nov,5.082,5.104,5.317
15-Nov,5.071,5.097,5.313
16-Nov,5.063,5.077,5.298
17-Nov,5.058,5.071,5.303
20-Nov,5.066,5.073,5.291
21-Nov,5.081,5.088,5.302
22-Nov,5.062,5.059,5.247
23-Nov,5.062,5.061,5.249
24-Nov,5.063,5.059,5.241
27-Nov,5.058,5.056,5.235
28-Nov,5.018,5.02,5.197
29-Nov,4.977,4.994,5.195
30-Nov,4.905,4.913,5.117
1-Dec,4.912,4.903,5.117
4-Dec,4.872,4.852,5.07
5-Dec,4.847,4.837,5.067
6-Dec,4.774,4.766,5.048
7-Dec,4.781,4.776,5.07
8-Dec,4.802,4.808,5.089
11-Dec,4.83,4.834,5.096
12-Dec,4.835,4.838,5.111
13-Dec,4.783,4.776,5.051
14-Dec,4.76,4.74,5.035
15-Dec,4.724,4.69,4.993
18-Dec,4.689,4.646,4.964
19-Dec,4.718,4.68,5.015
20-Dec,4.641,4.63,4.992
21-Dec,4.643,4.65,5.016
22-Dec,4.618,4.656,5.024
25-Dec,4.606,4.647,5.022
26-Dec,4.606,4.647,5.022
27-Dec,4.588,4.629,5.015
28-Dec,4.605,4.658,5.062
29-Dec,4.546,4.587,5.007
1-Jan,4.546,4.587,5.007
2-Jan,4.429,4.457,4.894
3-Jan,4.44,4.476,4.874
4-Jan,4.379,4.48,4.88
5-Jan,4.303,4.421,4.838
8-Jan,4.317,4.428,4.848
9-Jan,4.414,4.511,4.894
10-Jan,4.496,4.577,4.929
11-Jan,4.461,4.544,4.9
12-Jan,4.539,4.627,4.98
15-Jan,4.539,4.627,4.98
16-Jan,4.525,4.613,4.988
17-Jan,4.536,4.606,4.959
18-Jan,4.472,4.565,4.951
19-Jan,4.448,4.571,4.984
22-Jan,4.47,4.596,5.005
23-Jan,4.452,4.573,4.986
24-Jan,4.532,4.642,5.023
25-Jan,4.577,4.688,5.019
26-Jan,4.576,4.671,4.999
29-Jan,4.553,4.655,4.994
30-Jan,4.487,4.604,4.962
31-Jan,4.432,4.567,4.939
1-Feb,4.441,4.572,4.931
2-Feb,4.468,4.583,4.928
5-Feb,4.453,4.559,4.909
6-Feb,4.476,4.573,4.919
7-Feb,4.459,4.559,4.904
8-Feb,4.502,4.609,4.939
9-Feb,4.471,4.578,4.908
12-Feb,4.469,4.584,4.902
13-Feb,4.455,4.564,4.898
14-Feb,4.488,4.588,4.921
15-Feb,4.571,4.672,4.982
16-Feb,4.537,4.642,4.961
19-Feb,4.528,4.63,4.947
20-Feb,4.55,4.652,4.965
21-Feb,4.552,4.653,4.99
22-Feb,4.574,4.673,4.999
23-Feb,4.539,4.634,4.975
26-Feb,4.518,4.619,4.974
27-Feb,4.431,4.54,4.896
28-Feb,4.431,4.541,4.897
1-Mar,4.445,4.547,4.888
2-Mar,4.448,4.547,4.876
5-Mar,4.474,4.569,4.902
6-Mar,4.47,4.554,4.897
7-Mar,4.442,4.55,4.902
8-Mar,4.407,4.522,4.855
9-Mar,4.424,4.543,4.865
12-Mar,4.425,4.537,4.853
13-Mar,4.437,4.547,4.886
14-Mar,4.383,4.498,4.847
15-Mar,4.358,4.468,4.844
16-Mar,4.314,4.42,4.805
19-Mar,4.351,4.456,4.826
20-Mar,4.373,4.483,4.84
21-Mar,4.284,4.416,4.805
22-Mar,4.19,4.321,4.75
23-Mar,4.197,4.355,4.771
26-Mar,4.198,4.355,4.784
27-Mar,4.212,4.369,4.809
28-Mar,4.24,4.397,4.811
29-Mar,4.238,4.41,4.853
30-Mar,4.239,4.41,4.85
2-Apr,4.252,4.414,4.871
3-Apr,4.243,4.417,4.86
4-Apr,4.263,4.457,4.901
5-Apr,4.275,4.475,4.903
6-Apr,4.219,4.418,4.855
9-Apr,4.205,4.408,4.868
10-Apr,4.253,4.465,4.92
11-Apr,4.413,4.586,4.996
12-Apr,4.475,4.623,5.002
13-Apr,4.494,4.636,5.008
16-Apr,4.486,4.637,5.007
17-Apr,4.502,4.66,5.036
18-Apr,4.436,4.627,5.053
19-Apr,4.519,4.71,5.127
20-Apr,4.521,4.689,5.093
23-Apr,4.5,4.66,5.059
24-Apr,4.598,4.726,5.104
25-Apr,4.563,4.708,5.094
26-Apr,4.478,4.636,5.038
27-Apr,4.563,4.711,5.113
30-Apr,4.696,4.82,5.173
1-May,4.702,4.83,5.172
2-May,4.662,4.79,5.163
3-May,4.632,4.755,5.144
4-May,4.581,4.725,5.106
7-May,4.56,4.706,5.104
8-May,4.556,4.709,5.095
9-May,4.494,4.682,5.083
10-May,4.358,4.618,5.083
11-May,4.383,4.664,5.171
14-May,4.434,4.734,5.232
15-May,4.455,4.751,5.24
16-May,4.433,4.739,5.223
17-May,4.438,4.732,5.213
18-May,4.482,4.751,5.21
21-May,4.47,4.747,5.212
22-May,4.504,4.787,5.257
23-May,4.493,4.791,5.289
24-May,4.467,4.795,5.311
25-May,4.487,4.828,5.333
28-May,4.436,4.796,5.311
29-May,4.43,4.79,5.272
30-May,4.42,4.786,5.277
31-May,4.447,4.818,5.295
1-Jun,4.373,4.713,5.19
4-Jun,4.349,4.679,5.186
5-Jun,4.298,4.606,5.13
6-Jun,4.302,4.638,5.164
7-Jun,4.321,4.663,5.198
8-Jun,4.335,4.688,5.202
11-Jun,4.33,4.685,5.184
12-Jun,4.366,4.713,5.205
13-Jun,4.412,4.734,5.207
14-Jun,4.352,4.661,5.14
15-Jun,4.342,4.653,5.146
18-Jun,4.316,4.627,5.121
19-Jun,4.329,4.644,5.145
20-Jun,4.295,4.62,5.117
21-Jun,4.272,4.59,5.071
22-Jun,4.241,4.552,5.062
25-Jun,4.21,4.54,5.081
26-Jun,4.234,4.577,5.111
27-Jun,4.234,4.576,5.099
28-Jun,4.251,4.614,5.156
29-Jun,4.34,4.692,5.236
2-Jul,4.308,4.664,5.22
3-Jul,4.37,4.722,5.258
4-Jul,4.372,4.729,5.252
5-Jul,4.405,4.743,5.245
6-Jul,4.361,4.691,5.206
9-Jul,4.385,4.731,5.244
10-Jul,4.346,4.699,5.227
11-Jul,4.292,4.654,5.181
12-Jul,4.304,4.662,5.189
13-Jul,4.329,4.693,5.212
16-Jul,4.314,4.673,5.181
17-Jul,4.322,4.66,5.161
18-Jul,4.281,4.621,5.133
19-Jul,4.305,4.63,5.125
20-Jul,4.271,4.588,5.083
23-Jul,4.244,4.575,5.077
24-Jul,4.232,4.572,5.072
25-Jul,4.248,4.587,5.092
26-Jul,4.247,4.575,5.075
27-Jul,4.202,4.517,5.021
30-Jul,4.198,4.521,5.022
31-Jul,4.181,4.505,4.996
1-Aug,4.179,4.512,5.025
2-Aug,4.207,4.54,5.041
3-Aug,4.175,4.516,5.023
6-Aug,4.169,4.491,5.011
7-Aug,4.184,4.5,5.017
8-Aug,4.185,4.511,5.023
9-Aug,4.094,4.427,4.954
10-Aug,4.06,4.395,4.918
13-Aug,4.059,4.397,4.91
14-Aug,4.083,4.435,4.948
15-Aug,4.068,4.416,4.939
16-Aug,4.062,4.407,4.925
17-Aug,4.011,4.345,4.87
20-Aug,4.014,4.354,4.889
21-Aug,4.037,4.392,4.931
22-Aug,4.056,4.418,4.956
23-Aug,4.065,4.425,4.963
24-Aug,4.113,4.468,5.001
27-Aug,4.121,4.467,4.99
28-Aug,4.05,4.397,4.926
29-Aug,4.044,4.387,4.923
30-Aug,3.973,4.328,4.887
31-Aug,3.97,4.321,4.907
3-Sep,3.948,4.301,4.906
4-Sep,4.076,4.449,5.018
5-Sep,4.105,4.474,5.031
6-Sep,4.033,4.408,4.978
7-Sep,3.949,4.336,4.935
10-Sep,3.959,4.366,4.97
11-Sep,3.701,4.15,4.869
12-Sep,3.758,4.218,4.944
13-Sep,3.765,4.236,4.957
14-Sep,3.687,4.15,4.888
17-Sep,3.681,4.177,4.922
18-Sep,3.619,4.167,4.934
19-Sep,3.583,4.156,4.947
20-Sep,3.581,4.176,4.961
21-Sep,3.559,4.185,4.998
24-Sep,3.591,4.219,5.014
25-Sep,3.558,4.173,4.954
26-Sep,3.564,4.174,4.932
27-Sep,3.52,4.123,4.892
28-Sep,3.54,4.149,4.901
1-Oct,3.517,4.139,4.878
2-Oct,3.482,4.08,4.811
3-Oct,3.399,4.009,4.758
4-Oct,3.398,4.022,4.781
5-Oct,3.379,4.015,4.754
8-Oct,3.385,4.019,4.77
9-Oct,3.44,4.063,4.808
10-Oct,3.454,4.07,4.8
11-Oct,3.52,4.116,4.83
12-Oct,3.48,4.081,4.799
15-Oct,3.44,4.053,4.761
16-Oct,3.501,4.042,4.744
17-Oct,3.528,4.065,4.752
18-Oct,3.507,4.045,4.725
19-Oct,3.473,4.02,4.726
22-Oct,3.456,3.996,4.702
23-Oct,3.474,4.004,4.713
24-Oct,3.445,3.971,4.669
25-Oct,3.395,3.911,4.655
26-Oct,3.395,3.91,4.644
29-Oct,3.327,3.86,4.598
30-Oct,3.23,3.794,4.542
31-Oct,3.245,3.801,4.532
1-Nov,3.18,3.726,4.404
2-Nov,3.188,3.738,4.479
5-Nov,3.142,3.689,4.45
6-Nov,3.12,3.692,4.462
7-Nov,3.056,3.631,4.406
8-Nov,3.11,3.691,4.446
9-Nov,3.142,3.72,4.461
12-Nov,3.112,3.707,4.451
13-Nov,3.218,3.814,4.541
14-Nov,3.3,3.902,4.613
15-Nov,3.452,4.014,4.677
16-Nov,3.533,4.071,4.7
19-Nov,3.483,4.054,4.674
20-Nov,3.472,4.053,4.686
21-Nov,3.577,4.159,4.764
22-Nov,3.6,4.19,4.773
23-Nov,3.583,4.16,4.741
26-Nov,3.541,4.13,4.7
27-Nov,3.682,4.282,4.837
28-Nov,3.59,4.192,4.782
29-Nov,3.535,4.14,4.733
30-Nov,3.471,4.06,4.677
3-Dec,3.452,4.018,4.642
4-Dec,3.451,4.007,4.616
5-Dec,3.659,4.202,4.817
6-Dec,3.759,4.289,4.863
7-Dec,3.787,4.354,4.969
10-Dec,3.747,4.325,4.929
11-Dec,3.702,4.279,4.885
12-Dec,3.603,4.184,4.808
13-Dec,3.664,4.258,4.879
14-Dec,3.67,4.269,4.857
17-Dec,3.745,4.37,4.95
18-Dec,3.639,4.356,4.902
19-Dec,3.61,4.324,4.864
20-Dec,3.617,4.342,4.892
21-Dec,3.659,4.404,4.951
24-Dec,3.667,4.42,4.935
25-Dec,3.652,4.398,4.935
26-Dec,3.652,4.398,4.935
27-Dec,3.707,4.474,5.016
28-Dec,3.706,4.501,5.071
31-Dec,3.701,4.528,5.069
1-Jan,3.707,4.528,5.069
2-Jan,3.687,4.482,5.027
3-Jan,3.676,4.458,4.986
4-Jan,3.728,4.504,5.021
7-Jan,3.664,4.391,4.905
8-Jan,3.665,4.394,4.92
9-Jan,3.762,4.474,4.979
10-Jan,3.729,4.427,4.922
11-Jan,3.744,4.413,4.889
14-Jan,3.671,4.35,4.826
15-Jan,3.727,4.38,4.851
16-Jan,3.699,4.349,4.838
17-Jan,3.724,4.375,4.871
18-Jan,3.741,4.407,4.902
21-Jan,3.731,4.383,4.877
22-Jan,3.81,4.44,4.934
23-Jan,3.787,4.418,4.898
24-Jan,3.882,4.509,4.975
25-Jan,3.958,4.614,5.066
28-Jan,3.987,4.639,5.06
29-Jan,3.936,4.593,5.037
30-Jan,3.922,4.576,5.012
31-Jan,3.932,4.577,4.983
1-Feb,3.91,4.537,4.954
4-Feb,3.838,4.46,4.903
5-Feb,3.809,4.439,4.884
6-Feb,3.785,4.442,4.909
7-Feb,3.902,4.561,5.018
8-Feb,3.872,4.534,5
11-Feb,3.881,4.543,5.016
12-Feb,3.9,4.573,5.054
13-Feb,3.966,4.629,5.071
14-Feb,3.95,4.607,5.047
15-Feb,3.904,4.556,5
18-Feb,3.89,4.55,4.998
19-Feb,3.904,4.566,5.018
20-Feb,3.918,4.571,5.021
21-Feb,3.922,4.586,5.046
22-Feb,3.865,4.522,4.988
25-Feb,3.897,4.564,5.037
26-Feb,3.91,4.576,5.043
27-Feb,3.92,4.587,5.05
28-Feb,3.914,4.574,5.038
1-Mar,3.94,4.611,5.081
4-Mar,3.977,4.64,5.106
5-Mar,4.017,4.712,5.161
6-Mar,4.034,4.751,5.213
7-Mar,4.1,4.812,5.243
8-Mar,4.162,4.837,5.244
11-Mar,4.143,4.817,5.223
12-Mar,4.137,4.813,5.232
13-Mar,4.139,4.819,5.246
14-Mar,4.169,4.85,5.302
15-Mar,4.207,4.874,5.306
18-Mar,4.2,4.861,5.284
19-Mar,4.203,4.856,5.273
20-Mar,4.209,4.867,5.29
21-Mar,4.259,4.897,5.297
22-Mar,4.279,4.93,5.329
25-Mar,4.315,4.957,5.35
26-Mar,4.273,4.919,5.309
27-Mar,4.249,4.894,5.298
28-Mar,4.272,4.922,5.33
29-Mar,4.286,4.941,5.333
1-Apr,4.285,4.939,5.332
2-Apr,4.271,4.914,5.328
3-Apr,4.217,4.861,5.275
4-Apr,4.169,4.795,5.212
5-Apr,4.152,4.778,5.208
8-Apr,4.139,4.797,5.242
9-Apr,4.145,4.817,5.257
10-Apr,4.157,4.827,5.272
11-Apr,4.147,4.805,5.233
12-Apr,4.124,4.791,5.229
15-Apr,4.079,4.744,5.191
16-Apr,4.166,4.838,5.267
17-Apr,4.13,4.822,5.275
18-Apr,4.105,4.825,5.282
19-Apr,4.124,4.839,5.287
22-Apr,4.074,4.79,5.245
23-Apr,4.09,4.812,5.283
24-Apr,4.057,4.776,5.244
25-Apr,3.991,4.712,5.202
26-Apr,3.982,4.703,5.183
29-Apr,4.018,4.743,5.228
30-Apr,4.024,4.741,5.211
1-May,4.026,4.744,5.216
2-May,4.11,4.817,5.264
3-May,4.206,4.749,5.194
6-May,4.203,4.74,5.193
7-May,4.183,4.733,5.182
8-May,4.233,4.795,5.242
9-May,4.275,4.826,5.272
10-May,4.307,4.848,5.279
13-May,4.324,4.863,5.285
14-May,4.407,4.927,5.339
15-May,4.412,4.923,5.331
16-May,4.391,4.898,5.316
17-May,4.434,4.929,5.34
20-May,4.386,4.858,5.266
21-May,4.339,4.838,5.258
22-May,4.304,4.809,5.243
23-May,4.298,4.791,5.227
24-May,4.311,4.738,5.245
27-May,4.345,4.77,5.275
28-May,4.333,4.752,5.254
29-May,4.308,4.854,5.238
30-May,4.278,4.835,5.223
31-May,4.32,4.871,5.256
3-Jun,4.331,4.862,5.252
4-Jun,4.274,4.818,5.214
5-Jun,4.264,4.808,5.213
6-Jun,4.255,4.804,5.213
7-Jun,4.241,4.801,5.217
10-Jun,4.208,4.766,5.191
11-Jun,4.22,4.784,5.208
12-Jun,4.183,4.743,5.171
13-Jun,4.127,4.676,5.107
14-Jun,4.059,4.615,5.06
17-Jun,4.087,4.649,5.097
18-Jun,4.082,4.633,5.069
19-Jun,4.068,4.611,5.038
20-Jun,4.072,4.626,5.056
21-Jun,4.076,4.635,5.051
24-Jun,4.021,4.586,5.016
25-Jun,4.065,4.631,5.064
26-Jun,3.981,4.548,4.984
27-Jun,4.001,4.57,5.005
28-Jun,3.981,4.575,5.03
1-Jul,3.982,4.595,5.067
2-Jul,3.931,4.541,5.018
3-Jul,3.946,4.546,5.028
4-Jul,3.992,4.586,5.065
5-Jul,4.045,4.632,5.108
8-Jul,4.034,4.619,5.092
9-Jul,4.02,4.611,5.091
10-Jul,3.954,4.545,5.029
11-Jul,3.884,4.484,4.974
12-Jul,3.868,4.472,4.955
15-Jul,3.812,4.43,4.904
16-Jul,3.843,4.465,4.948
17-Jul,3.881,4.5,4.975
18-Jul,3.865,4.49,4.96
19-Jul,3.815,4.438,4.915
22-Jul,3.77,4.399,4.883
23-Jul,3.776,4.402,4.892
24-Jul,3.678,4.311,4.819
25-Jul,3.688,4.314,4.834
26-Jul,3.632,4.283,4.818
29-Jul,3.721,4.36,4.877
30-Jul,3.711,4.366,4.885
31-Jul,3.636,4.304,4.835
1-Aug,3.57,4.24,4.774
2-Aug,3.476,4.155,4.712
5-Aug,3.375,4.065,4.641
6-Aug,3.478,4.14,4.699
7-Aug,3.409,4.073,4.634
8-Aug,3.446,4.114,4.678
9-Aug,3.469,4.107,4.645
12-Aug,3.482,4.089,4.618
13-Aug,3.446,4.052,4.582
14-Aug,3.412,4.002,4.519
15-Aug,3.603,4.185,4.658
16-Aug,3.623,4.194,4.667
19-Aug,3.639,4.211,4.694
20-Aug,3.568,4.145,4.644
21-Aug,3.656,4.231,4.732
22-Aug,3.67,4.258,4.771
23-Aug,3.613,4.212,4.737
26-Aug,3.601,4.207,4.738
27-Aug,3.618,4.207,4.738
28-Aug,3.539,4.132,4.664
29-Aug,3.498,4.094,4.647
30-Aug,3.477,4.079,4.654
2-Sep,3.401,3.999,4.583
3-Sep,3.345,3.928,4.507
4-Sep,3.304,3.929,4.509
5-Sep,3.246,3.874,4.485
6-Sep,3.218,3.846,4.482
9-Sep,3.304,3.893,4.49
10-Sep,3.361,3.954,4.542
11-Sep,3.421,4.012,4.604
12-Sep,3.327,3.925,4.537
13-Sep,3.27,3.878,4.5
16-Sep,3.233,3.822,4.443
17-Sep,3.24,3.83,4.451
18-Sep,3.204,3.785,4.417
19-Sep,3.175,3.739,4.38
20-Sep,3.193,3.783,4.473
23-Sep,3.142,3.728,4.426
24-Sep,3.108,3.68,4.401
25-Sep,3.155,3.745,4.427
26-Sep,3.196,3.777,4.462
27-Sep,3.167,3.766,4.454
30-Sep,3.053,3.641,4.405
1-Oct,3.061,3.676,4.422
2-Oct,3.1,3.762,4.499
3-Oct,3.166,3.732,4.496
4-Oct,3.119,3.696,4.475
7-Oct,3.119,3.675,4.427
8-Oct,3.121,3.672,4.417
9-Oct,3.128,3.668,4.413
10-Oct,3.227,3.746,4.472
11-Oct,3.3,3.821,4.552
14-Oct,3.302,3.84,4.576
15-Oct,3.395,3.967,4.679
16-Oct,3.422,4.017,4.718
17-Oct,3.391,4.009,4.695
18-Oct,3.374,4.003,4.706
21-Oct,3.37,4.009,4.722
22-Oct,3.393,4.035,4.752
23-Oct,3.322,3.962,4.697
24-Oct,3.349,4.005,4.744
25-Oct,3.348,3.97,4.698
28-Oct,3.282,3.906,4.651
29-Oct,3.219,3.831,4.597
30-Oct,3.259,3.871,4.649
31-Oct,3.18,3.809,4.594
1-Nov,3.202,3.824,4.643
4-Nov,3.193,3.841,4.654
5-Nov,3.249,3.901,4.701
6-Nov,3.265,3.926,4.708
7-Nov,3.234,3.858,4.629
8-Nov,3.15,3.77,4.55
11-Nov,3.11,3.73,4.52
12-Nov,3.09,3.7,4.48
13-Nov,3.1,3.71,4.49
14-Nov,3.14,3.76,4.54
15-Nov,3.14,3.76,4.54
18-Nov,3.15,3.77,4.55
19-Nov,3.12,3.75,4.52
20-Nov,3.1,3.72,4.49
21-Nov,3.15,3.79,4.58
22-Nov,3.15,3.8,4.59
25-Nov,3.18,3.84,4.63
26-Nov,3.14,3.78,4.57
27-Nov,3.21,3.84,4.62
28-Nov,3.2,3.84,4.61
29-Nov,3.18,3.8,4.56
2-Dec,3.19,3.83,4.59
3-Dec,3.14,3.79,4.55
4-Dec,3.16,3.8,4.54
5-Dec,3.132,3.783,4.516
6-Dec,3.073,3.723,4.476
9-Dec,3.015,3.67,4.449
10-Dec,3.001,3.654,4.449
11-Dec,2.977,3.629,4.429
12-Dec,2.937,3.584,4.381
13-Dec,2.931,3.583,4.389
16-Dec,2.934,3.59,4.412
17-Dec,2.897,3.555,4.394
18-Dec,2.839,3.501,4.348
19-Dec,2.852,3.508,4.356
20-Dec,2.858,3.507,4.352
23-Dec,2.848,3.497,4.347
24-Dec,2.851,3.5,4.35
25-Dec,2.851,3.5,4.348
26-Dec,2.851,3.499,4.351
27-Dec,2.767,3.407,4.26
30-Dec,2.774,3.399,4.273
31-Dec,2.763,3.391,4.262
1-Jan,2.764,3.387,4.264
2-Jan,2.845,3.504,4.377
3-Jan,2.843,3.515,4.392
6-Jan,2.789,3.475,4.372
7-Jan,2.762,3.444,4.345
8-Jan,2.713,3.393,4.289
9-Jan,2.749,3.418,4.314
10-Jan,2.721,3.396,4.3
13-Jan,2.738,3.421,4.319
14-Jan,2.724,3.408,4.297
15-Jan,2.727,3.405,4.287
16-Jan,2.747,3.412,4.289
17-Jan,2.664,3.307,4.198
20-Jan,2.636,3.285,4.17
21-Jan,2.655,3.281,4.153
22-Jan,2.634,3.27,4.143
23-Jan,2.631,3.254,4.119
24-Jan,2.6,3.301,4.05
27-Jan,2.624,3.319,4.062
28-Jan,2.636,3.339,4.099
29-Jan,2.612,3.331,4.091
30-Jan,2.631,3.352,4.127
31-Jan,2.618,3.342,4.123
3-Feb,2.63,3.338,4.127
4-Feb,2.58,3.283,4.066
5-Feb,2.575,3.302,4.081
6-Feb,2.545,3.286,4.076
7-Feb,2.501,3.245,4.049
10-Feb,2.496,3.261,4.07
11-Feb,2.489,3.242,4.056
12-Feb,2.43,3.18,4.009
13-Feb,2.391,3.126,3.977
14-Feb,2.444,3.175,4.025
17-Feb,2.453,3.19,4.033
18-Feb,2.47,3.199,4.043
19-Feb,2.425,3.131,3.971
20-Feb,2.419,3.12,3.947
21-Feb,2.445,3.152,3.985
24-Feb,2.361,3.096,3.938
25-Feb,2.341,3.072,3.93
26-Feb,2.343,3.076,3.948
27-Feb,2.413,3.134,4.001
28-Feb,2.34,3.069,3.952
3-Mar,2.329,3.058,3.933
4-Mar,2.322,3.063,3.936
5-Mar,2.326,3.069,3.924
6-Mar,2.321,3.036,3.897
7-Mar,2.29,3.015,3.923
10-Mar,2.258,2.983,3.888
11-Mar,2.285,3.016,3.907
12-Mar,2.319,3.042,3.921
13-Mar,2.479,3.221,4.058
14-Mar,2.517,3.278,4.105
17-Mar,2.605,3.421,4.242
18-Mar,2.599,3.41,4.222
19-Mar,2.662,3.519,4.322
20-Mar,2.618,3.469,4.284
21-Mar,2.68,3.535,4.365
24-Mar,2.614,3.452,4.283
25-Mar,2.594,3.428,4.292
26-Mar,2.602,3.427,4.282
27-Mar,2.551,3.381,4.246
28-Mar,2.519,3.349,4.21
31-Mar,2.434,3.24,4.124
1-Apr,2.42,3.234,4.115
2-Apr,2.493,3.34,4.209
3-Apr,2.52,3.39,4.257
4-Apr,2.501,3.38,4.261
7-Apr,2.583,3.46,4.33
8-Apr,2.559,3.432,4.298
9-Apr,2.53,3.403,4.266
10-Apr,2.489,3.338,4.218
11-Apr,2.557,3.424,4.279
14-Apr,2.627,3.469,4.302
15-Apr,2.621,3.438,4.269
16-Apr,2.606,3.407,4.227
17-Apr,2.584,3.396,4.225
18-Apr,2.585,3.405,4.24
21-Apr,2.586,3.403,4.23
22-Apr,2.53,3.34,4.191
23-Apr,2.554,3.374,4.23
24-Apr,2.489,3.302,4.168
25-Apr,2.458,3.277,4.163
28-Apr,2.475,3.297,4.184
29-Apr,2.493,3.326,4.206
30-Apr,2.433,3.257,4.148
1-May,2.422,3.241,4.143
2-May,2.419,3.251,4.15
5-May,2.408,3.247,4.137
6-May,2.402,3.249,4.146
7-May,2.322,3.133,4.037
8-May,2.338,3.093,4
9-May,2.333,3.086,3.992
12-May,2.299,3.061,3.972
13-May,2.273,3.052,3.967
14-May,2.27,3.035,3.971
15-May,2.255,3.01,3.934
16-May,2.227,2.973,3.884
19-May,2.174,2.905,3.815
20-May,2.173,2.903,3.804
21-May,2.174,2.891,3.782
22-May,2.173,2.885,3.766
23-May,2.123,2.831,3.706
26-May,2.11,2.821,3.685
27-May,2.142,2.862,3.74
28-May,2.185,2.922,3.828
29-May,2.142,2.857,3.76
30-May,2.134,2.854,3.776
2-Jun,2.138,2.887,3.819
3-Jun,2.035,2.755,3.701
4-Jun,2.064,2.803,3.729
5-Jun,1.986,2.704,3.666
6-Jun,2.005,2.745,3.722
9-Jun,1.969,2.667,3.64
10-Jun,1.92,2.624,3.596
11-Jun,1.896,2.586,3.568
12-Jun,1.909,2.601,3.569
13-Jun,1.877,2.565,3.511
16-Jun,1.927,2.623,3.556
17-Jun,1.981,2.714,3.647
18-Jun,2.029,2.812,3.731
19-Jun,1.994,2.799,3.718
20-Jun,2.002,2.813,3.753
23-Jun,1.998,2.795,3.728
24-Jun,1.99,2.786,3.722
25-Jun,1.951,2.751,3.681
26-Jun,2.102,2.944,3.865
27-Jun,2.125,2.985,3.91
30-Jun,2.074,2.907,3.85
1-Jul,2.047,2.896,3.854
2-Jul,2.069,2.948,3.908
3-Jul,2.089,2.998,3.972
4-Jul,2.059,2.949,3.928
7-Jul,2.102,3.015,3.985
8-Jul,2.097,3.123,3.977
9-Jul,2.098,3.115,3.96
10-Jul,2.074,3.063,3.904
11-Jul,2.077,3.062,3.903
14-Jul,2.066,3.036,3.873
15-Jul,2.14,3.194,4.028
16-Jul,2.183,3.245,4.043
17-Jul,2.2,3.263,4.07
18-Jul,2.175,3.227,4.038
21-Jul,2.21,3.286,4.083
22-Jul,2.216,3.289,4.084
23-Jul,2.322,3.228,4.013
24-Jul,2.375,3.295,4.079
25-Jul,2.325,3.227,4.008
28-Jul,2.39,3.324,4.116
29-Jul,2.383,3.313,4.108
30-Jul,2.408,3.335,4.123
31-Jul,2.512,3.445,4.202
1-Aug,2.701,3.558,4.21
4-Aug,2.636,3.502,4.155
5-Aug,2.617,3.501,4.178
6-Aug,2.587,3.471,4.143
7-Aug,2.551,3.426,4.107
8-Aug,2.474,3.306,4.011
11-Aug,2.545,3.385,4.088
12-Aug,2.541,3.378,4.075
13-Aug,2.578,3.462,4.188
14-Aug,2.653,3.554,4.226
15-Aug,2.588,3.49,4.172
18-Aug,2.617,3.499,4.176
19-Aug,2.622,3.49,4.153
20-Aug,2.623,3.512,4.197
21-Aug,2.654,3.541,4.207
22-Aug,2.659,3.541,4.193
25-Aug,2.64,3.527,4.192
26-Aug,2.653,3.526,4.181
27-Aug,2.65,3.543,4.211
28-Aug,2.631,3.52,4.181
29-Aug,2.626,3.527,4.198
1-Sep,2.647,3.566,4.229
2-Sep,2.757,3.723,4.362
3-Sep,2.755,3.73,4.378
4-Sep,2.717,3.689,4.357
5-Sep,2.628,3.614,4.356
8-Sep,2.562,3.538,4.299
9-Sep,2.58,3.566,4.341
10-Sep,2.549,3.517,4.297
11-Sep,2.597,3.564,4.322
12-Sep,2.493,3.42,4.188
15-Sep,2.507,3.449,4.213
16-Sep,2.516,3.465,4.233
17-Sep,2.487,3.429,4.218
18-Sep,2.49,3.438,4.227
19-Sep,2.463,3.403,4.201
22-Sep,2.401,3.337,4.161
23-Sep,2.39,3.325,4.142
24-Sep,2.379,3.31,4.151
25-Sep,2.351,3.283,4.14
26-Sep,2.318,3.229,4.084
29-Sep,2.333,3.249,4.112
30-Sep,2.265,3.178,4.05
1-Oct,2.273,3.19,4.058
2-Oct,2.382,3.327,4.156
3-Oct,2.534,3.484,4.262
6-Oct,2.475,3.431,4.217
7-Oct,2.476,3.453,4.249
8-Oct,2.462,3.428,4.238
9-Oct,2.526,3.515,4.299
10-Oct,2.493,3.458,4.242
13-Oct,2.553,3.54,4.318
14-Oct,2.556,3.542,4.325
15-Oct,2.615,3.613,4.377
16-Oct,2.607,3.605,4.345
17-Oct,2.649,3.626,4.364
20-Oct,2.645,3.617,4.349
21-Oct,2.589,3.561,4.309
22-Oct,2.582,3.545,4.285
23-Oct,2.599,3.58,4.319
24-Oct,2.578,3.556,4.302
27-Oct,2.614,3.592,4.326
28-Oct,2.643,3.615,4.343
29-Oct,2.614,3.602,4.353
30-Oct,2.653,3.654,4.391
31-Oct,2.622,3.607,4.347
3-Nov,2.681,3.685,4.413
4-Nov,2.655,3.654,4.382
5-Nov,2.672,3.659,4.394
6-Nov,2.734,3.745,4.476
7-Nov,2.775,3.797,4.511
10-Nov,2.749,3.769,4.493
11-Nov,2.74,3.759,4.486
12-Nov,2.734,3.747,4.484
13-Nov,2.668,3.679,4.429
14-Nov,2.61,3.619,4.373
17-Nov,2.57,3.587,4.349
18-Nov,2.547,3.554,4.326
19-Nov,2.573,3.594,4.376
20-Nov,2.563,3.572,4.361
21-Nov,2.538,3.543,4.335
24-Nov,2.621,3.636,4.416
25-Nov,2.652,3.664,4.428
26-Nov,2.662,3.662,4.42
27-Nov,2.73,3.728,4.466
28-Nov,2.736,3.738,4.467
1-Dec,2.775,3.79,4.503
2-Dec,2.739,3.758,4.48
3-Dec,2.717,3.731,4.468
4-Dec,2.692,3.715,4.456
5-Dec,2.604,3.614,4.35
8-Dec,2.583,3.6,4.355
9-Dec,2.596,3.617,4.375
10-Dec,2.588,3.605,4.361
11-Dec,2.593,3.625,4.382
12-Dec,2.51,3.533,4.309
15-Dec,2.501,3.517,4.312
16-Dec,2.498,3.517,4.306
17-Dec,2.457,3.467,4.266
18-Dec,2.445,3.466,4.266
19-Dec,2.471,3.491,4.292
22-Dec,2.451,3.472,4.269
23-Dec,2.444,3.456,4.251
24-Dec,2.435,3.462,4.256
25-Dec,2.435,3.462,4.257
26-Dec,2.436,3.462,4.257
29-Dec,2.424,3.457,4.267
30-Dec,2.431,3.493,4.303
31-Dec,2.417,3.485,4.301
1-Jan,2.416,3.486,4.298
2-Jan,2.441,3.517,4.342
5-Jan,2.432,3.505,4.339
6-Jan,2.361,3.429,4.272
7-Jan,2.346,3.405,4.255
8-Jan,2.332,3.378,4.234
9-Jan,2.253,3.272,4.149
12-Jan,2.244,3.261,4.132
13-Jan,2.258,3.284,4.151
14-Jan,2.279,3.302,4.159
15-Jan,2.29,3.312,4.163
16-Jan,2.272,3.314,4.171
19-Jan,2.282,3.328,4.178
20-Jan,2.236,3.283,4.151
21-Jan,2.245,3.302,4.17
22-Jan,2.228,3.271,4.152
23-Jan,2.206,3.231,4.111
26-Jan,2.634,3.399,4.182
27-Jan,2.62,3.376,4.173
28-Jan,2.611,3.363,4.167
29-Jan,2.754,3.514,4.284
30-Jan,2.744,3.495,4.262
2-Feb,2.719,3.471,4.254
3-Feb,2.663,3.431,4.228
4-Feb,2.649,3.42,4.217
5-Feb,2.628,3.4,4.196
6-Feb,2.582,3.357,4.161
9-Feb,2.58,3.346,4.149
10-Feb,2.594,3.363,4.155
11-Feb,2.562,3.319,4.129
12-Feb,2.545,3.32,4.135
13-Feb,2.529,3.307,4.118
16-Feb,2.536,3.309,4.127
17-Feb,2.499,3.267,4.1
18-Feb,2.496,3.263,4.097
19-Feb,2.53,3.307,4.133
20-Feb,2.563,3.333,4.149
23-Feb,2.556,3.322,4.141
24-Feb,2.491,3.266,4.101
25-Feb,2.45,3.235,4.096
26-Feb,2.457,3.24,4.102
27-Feb,2.432,3.207,4.067
1-Mar,2.456,3.223,4.069
2-Mar,2.504,3.269,4.091
3-Mar,2.553,3.325,4.139
4-Mar,2.514,3.282,4.116
5-Mar,2.378,3.127,4.003
8-Mar,2.336,3.07,3.946
9-Mar,2.325,3.057,3.931
10-Mar,2.369,3.091,3.949
11-Mar,2.351,3.073,3.935
12-Mar,2.343,3.068,3.927
15-Mar,2.323,3.052,3.913
16-Mar,2.352,3.096,3.952
17-Mar,2.299,3.051,3.917
18-Mar,2.278,3.038,3.91
19-Mar,2.279,3.046,3.914
22-Mar,2.255,3.018,3.891
23-Mar,2.283,3.04,3.965
24-Mar,2.229,2.991,3.937
25-Mar,2.195,2.958,3.925
26-Mar,2.216,2.989,3.951
29-Mar,2.289,3.081,4.038
30-Mar,2.274,3.068,4.024
31-Mar,2.28,3.05,4.01
1-Apr,2.338,3.095,4.038
2-Apr,2.502,3.274,4.161
5-Apr,2.502,3.289,4.128
6-Apr,2.45,3.244,4.104
7-Apr,2.415,3.213,4.079
8-Apr,2.422,3.227,4.091
9-Apr,2.419,3.228,4.09
12-Apr,2.419,3.227,4.09
13-Apr,2.508,3.322,4.168
14-Apr,2.544,3.355,4.191
15-Apr,2.543,3.35,4.179
16-Apr,2.5,3.299,4.189
19-Apr,2.496,3.292,4.192
20-Apr,2.53,3.327,4.228
21-Apr,2.556,3.354,4.244
22-Apr,2.536,3.339,4.239
23-Apr,2.566,3.372,4.259
26-Apr,2.59,3.384,4.259
27-Apr,2.601,3.396,4.261
28-Apr,2.611,3.404,4.266
29-Apr,2.605,3.401,4.271
30-Apr,2.581,3.375,4.246
3-May,2.562,3.348,4.222
4-May,2.572,3.363,4.23
5-May,2.55,3.353,4.236
6-May,2.62,3.415,4.288
7-May,2.735,3.524,4.372
10-May,2.723,3.517,4.36
11-May,2.717,3.519,4.36
12-May,2.73,3.541,4.393
13-May,2.755,3.571,4.41
14-May,2.721,3.537,4.37
17-May,2.667,3.488,4.334
18-May,2.685,3.509,4.355
19-May,2.732,3.563,4.403
20-May,2.717,3.54,4.387
21-May,2.697,3.526,4.372
24-May,2.724,3.548,4.398
25-May,2.702,3.524,4.383
26-May,2.682,3.493,4.353
27-May,2.616,3.43,4.307
28-May,2.68,3.493,4.354
31-May,2.726,3.543,4.4
1-Jun,2.725,3.54,4.397
2-Jun,2.737,3.552,4.41
3-Jun,2.74,3.557,4.411
4-Jun,2.76,3.571,4.419
7-Jun,2.753,3.565,4.407
8-Jun,2.744,3.552,4.389
9-Jun,2.775,3.593,4.423
10-Jun,2.814,3.622,4.428
11-Jun,2.875,3.672,4.452
14-Jun,2.885,3.677,4.447
15-Jun,2.797,3.579,4.361
16-Jun,2.838,3.621,4.398
17-Jun,2.865,3.642,4.409
18-Jun,2.816,3.699,4.377
21-Jun,2.808,3.683,4.364
22-Jun,2.827,3.709,4.386
23-Jun,2.81,3.701,4.384
24-Jun,2.741,3.625,4.32
25-Jun,2.751,3.648,4.344
28-Jun,2.799,3.702,4.39
29-Jun,2.809,3.709,4.39
30-Jun,2.754,3.651,4.337
1-Jul,2.732,3.645,4.339
2-Jul,2.659,3.569,4.284
5-Jul,2.657,3.568,4.284
6-Jul,2.664,3.57,4.283
7-Jul,2.627,3.537,4.257
8-Jul,2.628,3.533,4.253
9-Jul,2.633,3.537,4.255
12-Jul,2.622,3.52,4.24
13-Jul,2.678,3.582,4.287
14-Jul,2.666,3.567,4.277
15-Jul,2.67,3.569,4.278
16-Jul,2.593,3.491,4.216
19-Jul,2.585,3.491,4.216
20-Jul,2.601,3.508,4.234
21-Jul,2.691,3.603,4.304
22-Jul,2.656,3.563,4.272
23-Jul,2.675,3.576,4.267
26-Jul,2.711,3.611,4.293
27-Jul,2.736,3.636,4.312
28-Jul,2.736,3.635,4.319
29-Jul,2.709,3.609,4.295
30-Jul,2.647,3.539,4.235
2-Aug,2.625,3.517,4.217
3-Aug,2.615,3.51,4.211
4-Aug,2.596,3.485,4.194
5-Aug,2.564,3.454,4.168
6-Aug,2.483,3.358,4.091
9-Aug,2.492,3.366,4.097
10-Aug,2.489,3.357,4.084
11-Aug,2.513,3.387,4.109
12-Aug,2.495,3.366,4.088
13-Aug,2.464,3.336,4.065
16-Aug,2.504,3.379,4.108
17-Aug,2.481,3.355,4.085
18-Aug,2.49,3.369,4.102
19-Aug,2.485,3.359,4.094
20-Aug,2.471,3.345,4.083
23-Aug,2.526,3.406,4.138
24-Aug,2.536,3.409,4.133
25-Aug,2.501,3.371,4.094
26-Aug,2.492,3.356,4.085
27-Aug,2.484,3.353,4.088
30-Aug,2.49,3.352,4.082
31-Aug,2.448,3.301,4.04
1-Sep,2.465,3.321,4.059
2-Sep,2.516,3.359,4.09
3-Sep,2.623,3.466,4.168
6-Sep,2.62,3.457,4.154
7-Sep,2.659,3.475,4.16
8-Sep,2.655,3.463,4.196
9-Sep,2.607,3.402,4.141
10-Sep,2.578,3.373,4.119
13-Sep,2.616,3.396,4.13
14-Sep,2.59,3.376,4.118
15-Sep,2.605,3.388,4.124
16-Sep,2.595,3.38,4.112
17-Sep,2.572,3.349,4.087
20-Sep,2.574,3.334,4.072
21-Sep,2.583,3.342,4.077
22-Sep,2.559,3.305,4.035
23-Sep,2.521,3.267,4.014
24-Sep,2.558,3.3,4.035
27-Sep,2.532,3.264,4.006
28-Sep,2.549,3.279,4.019
29-Sep,2.569,3.316,4.058
30-Sep,2.539,3.299,4.056
1-Oct,2.536,3.323,4.088
4-Oct,2.571,3.347,4.097
5-Oct,2.537,3.302,4.06
6-Oct,2.536,3.298,4.054
7-Oct,2.541,3.316,4.078
8-Oct,2.463,3.229,4.005
11-Oct,2.462,3.233,4.015
12-Oct,2.433,3.19,3.971
13-Oct,2.433,3.192,3.972
14-Oct,2.408,3.164,3.947
15-Oct,2.398,3.167,3.963
18-Oct,2.389,3.151,3.951
19-Oct,2.396,3.167,3.974
20-Oct,2.362,3.116,3.925
21-Oct,2.377,3.125,3.929
22-Oct,2.382,3.126,3.921
25-Oct,2.349,3.09,3.887
26-Oct,2.352,3.09,3.887
27-Oct,2.378,3.116,3.905
28-Oct,2.399,3.151,3.944
29-Oct,2.391,3.137,3.93
1-Nov,2.378,3.127,3.926
2-Nov,2.423,3.173,3.963
3-Nov,2.413,3.151,3.949
4-Nov,2.371,3.098,3.899
5-Nov,2.454,3.172,3.96
8-Nov,2.462,3.168,3.951
9-Nov,2.415,3.119,3.913
10-Nov,2.414,3.126,3.92
11-Nov,2.358,3.064,3.867
12-Nov,2.329,3.028,3.826
15-Nov,2.362,3.043,3.826
16-Nov,2.378,3.042,3.801
17-Nov,2.38,3.051,3.816
18-Nov,2.422,3.097,3.864
19-Nov,2.404,3.074,3.837
22-Nov,2.378,3.039,3.812
23-Nov,2.359,3.019,3.795
24-Nov,2.341,3.01,3.796
25-Nov,2.302,2.976,3.768
26-Nov,2.302,2.98,3.769
29-Nov,2.338,3.025,3.813
30-Nov,2.32,3.003,3.791
1-Dec,2.296,2.981,3.774
2-Dec,2.358,3.051,3.826
3-Dec,2.292,2.958,3.747
6-Dec,2.253,2.914,3.704
7-Dec,2.247,2.886,3.674
8-Dec,2.25,2.869,3.643
9-Dec,2.258,2.857,3.616
10-Dec,2.262,2.857,3.605
13-Dec,2.253,2.847,3.588
14-Dec,2.27,2.856,3.589
15-Dec,2.251,2.813,3.53
16-Dec,2.297,2.879,3.566
17-Dec,2.34,2.932,3.611
20-Dec,2.317,2.888,3.589
21-Dec,2.364,2.937,3.618
22-Dec,2.385,2.952,3.622
23-Dec,2.344,2.901,3.589
24-Dec,2.342,2.903,3.592
27-Dec,2.353,2.918,3.612
28-Dec,2.388,2.974,3.67
29-Dec,2.422,3.03,3.709
30-Dec,2.384,2.982,3.679
31-Dec,2.378,2.98,3.677
3-Jan,2.37,2.949,3.631
4-Jan,2.39,2.977,3.646
5-Jan,2.381,2.972,3.649
6-Jan,2.345,2.93,3.621
7-Jan,2.34,2.927,3.606
10-Jan,2.325,2.907,3.588
11-Jan,2.334,2.914,3.596
12-Jan,2.335,2.917,3.597
13-Jan,2.289,2.864,3.557
14-Jan,2.298,2.876,3.555
17-Jan,2.297,2.871,3.541
18-Jan,2.302,2.878,3.537
19-Jan,2.3,2.864,3.518
20-Jan,2.325,2.907,3.569
21-Jan,2.305,2.888,3.567
24-Jan,2.287,2.872,3.541
25-Jan,2.291,2.884,3.547
26-Jan,2.3,2.903,3.558
27-Jan,2.323,2.932,3.584
28-Jan,2.286,2.881,3.541
31-Jan,2.293,2.884,3.538
1-Feb,2.295,2.882,3.529
2-Feb,2.308,2.899,3.545
3-Feb,2.323,2.922,3.557
4-Feb,2.297,2.876,3.49
7-Feb,2.315,2.883,3.478
8-Feb,2.544,3.032,3.503
9-Feb,2.518,3.009,3.483
10-Feb,2.492,2.996,3.484
11-Feb,2.494,2.999,3.5
14-Feb,2.513,3.022,3.525
15-Feb,2.545,3.056,3.549
16-Feb,2.554,3.079,3.583
17-Feb,2.564,3.098,3.608
18-Feb,2.614,3.182,3.702
21-Feb,2.634,3.215,3.738
22-Feb,2.618,3.204,3.733
23-Feb,2.603,3.196,3.731
24-Feb,2.616,3.217,3.76
25-Feb,2.62,3.21,3.744
28-Feb,2.617,3.212,3.752
1-Mar,2.611,3.22,3.769
2-Mar,2.62,3.247,3.811
3-Mar,2.598,3.222,3.795
4-Mar,2.554,3.153,3.731
7-Mar,2.52,3.121,3.703
8-Mar,2.533,3.157,3.748
9-Mar,2.563,3.207,3.798
10-Mar,2.567,3.215,3.813
11-Mar,2.553,3.202,3.803
14-Mar,2.571,3.219,3.807
15-Mar,2.546,3.177,3.747
16-Mar,2.572,3.166,3.706
17-Mar,2.584,3.177,3.718
18-Mar,2.602,3.203,3.743
21-Mar,2.586,3.146,3.772
22-Mar,2.559,3.108,3.728
23-Mar,2.598,3.153,3.779
24-Mar,2.591,3.132,3.748
25-Mar,2.59,3.136,3.75
28-Mar,2.591,3.136,3.75
29-Mar,2.587,3.133,3.744
30-Mar,2.548,3.09,3.712
31-Mar,2.491,3.026,3.66
1-Apr,2.469,3.004,3.654
4-Apr,2.458,2.985,3.623
5-Apr,2.464,2.996,3.638
6-Apr,2.448,2.979,3.63
7-Apr,2.409,2.936,3.59
8-Apr,2.409,2.95,3.622
11-Apr,2.396,2.936,3.599
12-Apr,2.402,2.935,3.588
13-Apr,2.387,2.911,3.558
14-Apr,2.387,2.919,3.575
15-Apr,2.343,2.875,3.536
18-Apr,2.319,2.842,3.503
19-Apr,2.301,2.82,3.483
20-Apr,2.307,2.828,3.497
21-Apr,2.322,2.851,3.526
22-Apr,2.309,2.833,3.51
25-Apr,2.306,2.822,3.489
26-Apr,2.309,2.828,3.486
27-Apr,2.281,2.788,3.451
28-Apr,2.255,2.766,3.441
29-Apr,2.246,2.757,3.44
2-May,2.246,2.757,3.446
3-May,2.222,2.732,3.425
4-May,2.242,2.762,3.466
5-May,2.227,2.748,3.449
6-May,2.266,2.806,3.495
9-May,2.249,2.781,3.466
10-May,2.213,2.724,3.408
11-May,2.204,2.695,3.369
12-May,2.223,2.721,3.377
13-May,2.232,2.713,3.353
16-May,2.227,2.712,3.356
17-May,2.221,2.705,3.348
18-May,2.218,2.694,3.326
19-May,2.239,2.723,3.353
20-May,2.271,2.753,3.377
23-May,2.256,2.72,3.338
24-May,2.211,2.676,3.308
25-May,2.184,2.665,3.312
26-May,2.189,2.67,3.33
27-May,2.182,2.67,3.342
30-May,2.183,2.673,3.348
31-May,2.142,2.617,3.289
1-Jun,2.086,2.564,3.254
2-Jun,2.099,2.565,3.23
3-Jun,2.113,2.573,3.249
6-Jun,2.088,2.557,3.23
7-Jun,2.045,2.501,3.171
8-Jun,2.027,2.475,3.137
9-Jun,2.038,2.482,3.138
10-Jun,2.07,2.51,3.152
13-Jun,2.066,2.53,3.191
14-Jun,2.079,2.55,3.206
15-Jun,2.136,2.629,3.295
16-Jun,2.147,2.656,3.321
17-Jun,2.137,2.638,3.295
20-Jun,2.092,2.614,3.302
21-Jun,2.038,2.534,3.224
22-Jun,1.994,2.468,3.149
23-Jun,2.012,2.487,3.159
24-Jun,2.013,2.476,3.139
27-Jun,1.99,2.448,3.118
28-Jun,2.03,2.49,3.166
29-Jun,2.033,2.495,3.183
30-Jun,2.01,2.454,3.132
1-Jul,2.055,2.491,3.159
4-Jul,2.093,2.517,3.177
5-Jul,2.144,2.566,3.218
6-Jul,2.151,2.575,3.226
7-Jul,2.1,2.523,3.186
8-Jul,2.132,2.539,3.186
11-Jul,2.166,2.586,3.237
12-Jul,2.171,2.582,3.232
13-Jul,2.187,2.602,3.254
14-Jul,2.201,2.629,3.291
15-Jul,2.202,2.633,3.287
18-Jul,2.192,2.611,3.263
19-Jul,2.205,2.631,3.288
20-Jul,2.21,2.646,3.307
21-Jul,2.196,2.635,3.304
22-Jul,2.163,2.583,3.242
25-Jul,2.16,2.572,3.22
26-Jul,2.186,2.602,3.245
27-Jul,2.181,2.584,3.229
28-Jul,2.2,2.6,3.239
29-Jul,2.219,2.618,3.25
1-Aug,2.25,2.669,3.305
2-Aug,2.264,2.696,3.335
3-Aug,2.251,2.683,3.324
4-Aug,2.262,2.693,3.333
5-Aug,2.295,2.745,3.379
8-Aug,2.292,2.74,3.369
9-Aug,2.305,2.754,3.374
10-Aug,2.293,2.734,3.351
11-Aug,2.28,2.719,3.34
12-Aug,2.233,2.662,3.291
15-Aug,2.212,2.641,3.28
16-Aug,2.181,2.599,3.236
17-Aug,2.18,2.599,3.235
18-Aug,2.164,2.571,3.202
19-Aug,2.173,2.577,3.202
22-Aug,2.171,2.569,3.188
23-Aug,2.187,2.569,3.172
24-Aug,2.196,2.571,3.172
25-Aug,2.17,2.542,3.147
26-Aug,2.202,2.563,3.157
29-Aug,2.213,2.57,3.158
30-Aug,2.213,2.568,3.154
31-Aug,2.174,2.514,3.104
1-Sep,2.123,2.46,3.064
2-Sep,2.112,2.451,3.057
5-Sep,2.107,2.444,3.049
6-Sep,2.135,2.476,3.076
7-Sep,2.141,2.487,3.096
8-Sep,2.137,2.533,3.066
9-Sep,2.147,2.529,3.046
12-Sep,2.196,2.598,3.123
13-Sep,2.185,2.572,3.138
14-Sep,2.2,2.578,3.136
15-Sep,2.216,2.605,3.152
16-Sep,2.22,2.612,3.158
19-Sep,2.211,2.594,3.136
20-Sep,2.206,2.591,3.13
21-Sep,2.176,2.54,3.067
22-Sep,2.178,2.543,3.071
23-Sep,2.227,2.592,3.106
26-Sep,2.262,2.653,3.168
27-Sep,2.277,2.667,3.175
28-Sep,2.29,2.677,3.174
29-Sep,2.333,2.722,3.202
30-Sep,2.336,2.718,3.194
3-Oct,2.353,2.753,3.238
4-Oct,2.352,2.747,3.229
5-Oct,2.339,2.735,3.215
6-Oct,2.373,2.756,3.22
7-Oct,2.396,2.76,3.21
10-Oct,2.388,2.75,3.197
11-Oct,2.401,2.771,3.224
12-Oct,2.404,2.794,3.259
13-Oct,2.416,2.84,3.317
14-Oct,2.409,2.845,3.326
17-Oct,2.483,2.859,3.331
18-Oct,2.474,2.851,3.326
19-Oct,2.441,2.817,3.297
20-Oct,2.489,2.856,3.327
21-Oct,2.458,2.806,3.268
24-Oct,2.458,2.802,3.274
25-Oct,2.525,2.887,3.349
26-Oct,2.559,2.942,3.404
27-Oct,2.59,2.972,3.434
28-Oct,2.601,2.983,3.436
31-Oct,2.607,2.988,3.423
1-Nov,2.626,3.01,3.45
2-Nov,2.655,3.056,3.492
3-Nov,2.654,3.064,3.502
4-Nov,2.677,3.093,3.52
7-Nov,2.701,3.115,3.531
8-Nov,2.677,3.073,3.491
9-Nov,2.734,3.142,3.555
10-Nov,2.718,3.125,3.553
11-Nov,2.717,3.114,3.542
14-Nov,2.74,3.136,3.569
15-Nov,2.707,3.094,3.534
16-Nov,2.655,3.014,3.45
17-Nov,2.686,3.044,3.468
18-Nov,2.806,3.171,3.564
21-Nov,2.758,3.106,3.506
22-Nov,2.754,3.103,3.506
23-Nov,2.746,3.09,3.493
24-Nov,2.692,3.005,3.413
25-Nov,2.709,3.017,3.421
28-Nov,2.726,3.024,3.414
29-Nov,2.758,3.079,3.467
30-Nov,2.758,3.075,3.457
1-Dec,2.698,3.016,3.412
2-Dec,2.67,3,3.398
5-Dec,2.697,3.017,3.419
6-Dec,2.681,2.982,3.374
7-Dec,2.704,3.014,3.41
8-Dec,2.711,2.992,3.381
9-Dec,2.772,3.076,3.45
12-Dec,2.764,3.058,3.427
13-Dec,2.779,3.056,3.407
14-Dec,2.771,3.033,3.373
15-Dec,2.793,3.057,3.387
16-Dec,2.79,3.024,3.356
19-Dec,2.793,3.032,3.35
20-Dec,2.796,3.049,3.36
21-Dec,2.839,3.112,3.41
22-Dec,2.835,3.091,3.36
23-Dec,2.835,3.063,3.331
26-Dec,2.842,3.068,3.335
27-Dec,2.832,3.066,3.331
28-Dec,2.803,3.025,3.3
29-Dec,2.839,3.073,3.33
30-Dec,2.822,3.04,3.304
2-Jan,2.852,3.082,3.336
3-Jan,2.836,3.06,3.33
4-Jan,2.746,2.971,3.289
5-Jan,2.729,2.961,3.279
6-Jan,2.719,2.957,3.264
9-Jan,2.762,2.987,3.264
10-Jan,2.792,3.029,3.29
11-Jan,2.816,3.048,3.295
12-Jan,2.792,3.022,3.276
13-Jan,2.788,3.008,3.263
16-Jan,2.778,3.013,3.277
17-Jan,2.761,2.991,3.271
18-Jan,2.771,3.016,3.285
19-Jan,2.822,3.088,3.346
20-Jan,2.833,3.114,3.381
23-Jan,2.843,3.131,3.395
24-Jan,2.826,3.112,3.38
25-Jan,2.843,3.162,3.442
26-Jan,2.854,3.199,3.497
27-Jan,2.864,3.196,3.488
30-Jan,2.882,3.209,3.481
31-Jan,2.878,3.204,3.477
1-Feb,2.91,3.254,3.532
2-Feb,2.879,3.232,3.514
3-Feb,2.883,3.214,3.493
6-Feb,2.886,3.219,3.489
7-Feb,2.836,3.278,3.518
8-Feb,2.818,3.265,3.507
9-Feb,2.81,3.24,3.481
10-Feb,2.805,3.236,3.479
13-Feb,2.816,3.254,3.495
14-Feb,2.808,3.255,3.499
15-Feb,2.809,3.257,3.507
16-Feb,2.821,3.264,3.515
17-Feb,2.786,3.196,3.452
20-Feb,2.797,3.185,3.442
21-Feb,2.818,3.21,3.453
22-Feb,2.964,3.19,3.452
23-Feb,3.036,3.269,3.511
24-Feb,3.053,3.279,3.522
27-Feb,3.095,3.331,3.565
28-Feb,3.075,3.29,3.524
1-Mar,3.081,3.306,3.548
2-Mar,3.133,3.379,3.609
3-Mar,3.161,3.412,3.622
6-Mar,3.156,3.412,3.615
7-Mar,3.162,3.41,3.631
8-Mar,3.184,3.452,3.674
9-Mar,3.169,3.44,3.678
10-Mar,3.207,3.483,3.716
13-Mar,3.229,3.508,3.742
14-Mar,3.192,3.448,3.684
15-Mar,3.225,3.49,3.719
16-Mar,3.22,3.47,3.69
17-Mar,3.254,3.505,3.723
20-Mar,3.233,3.478,3.695
21-Mar,3.234,3.48,3.699
22-Mar,3.218,3.462,3.677
23-Mar,3.235,3.488,3.709
24-Mar,3.199,3.437,3.669
27-Mar,3.2,3.44,3.676
28-Mar,3.287,3.545,3.768
29-Mar,3.32,3.58,3.799
30-Mar,3.337,3.602,3.825
31-Mar,3.323,3.581,3.807
3-Apr,3.362,3.636,3.859
4-Apr,3.362,3.641,3.882
5-Apr,3.347,3.634,3.894
6-Apr,3.315,3.649,3.935
7-Apr,3.3,3.635,3.937
10-Apr,3.318,3.645,3.933
11-Apr,3.313,3.631,3.913
12-Apr,3.325,3.651,3.922
13-Apr,3.362,3.712,3.989
14-Apr,3.367,3.712,3.994
17-Apr,3.367,3.712,3.993
18-Apr,3.34,3.691,3.986
19-Apr,3.347,3.693,3.989
20-Apr,3.336,3.672,3.966
21-Apr,3.344,3.692,3.99
24-Apr,3.351,3.69,3.98
25-Apr,3.408,3.748,4.029
26-Apr,3.442,3.775,4.031
27-Apr,3.409,3.73,4
28-Apr,3.413,3.727,3.984
1-May,3.413,3.729,3.982
2-May,3.437,3.753,4.017
3-May,3.432,3.768,4.039
4-May,3.45,3.793,4.064
5-May,3.43,3.758,4.032
8-May,3.454,3.785,4.05
9-May,3.449,3.79,4.06
10-May,3.404,3.735,4.017
11-May,3.463,3.815,4.096
12-May,3.431,3.802,4.109
15-May,3.356,3.713,4.045
16-May,3.322,3.677,4.002
17-May,3.352,3.73,4.08
18-May,3.336,3.692,4.034
19-May,3.332,3.664,3.994
22-May,3.281,3.589,3.922
23-May,3.305,3.609,3.939
24-May,3.305,3.585,3.9
25-May,3.3,3.581,3.891
26-May,3.309,3.591,3.895
29-May,3.321,3.601,3.901
30-May,3.363,3.65,3.948
31-May,3.406,3.699,3.992
1-Jun,3.419,3.714,4.005
2-Jun,3.38,3.65,3.938
5-Jun,3.441,3.709,3.978
6-Jun,3.442,3.736,4.003
7-Jun,3.455,3.749,4.025
8-Jun,3.334,3.631,3.934
9-Jun,3.36,3.662,3.951
12-Jun,3.341,3.635,3.931
13-Jun,3.324,3.597,3.884
14-Jun,3.365,3.639,3.917
15-Jun,3.401,3.694,3.968
16-Jun,3.393,3.683,3.955
19-Jun,3.443,3.731,3.989
20-Jun,3.468,3.756,4.01
21-Jun,3.488,3.779,4.029
22-Jun,3.501,3.809,4.075
23-Jun,3.536,3.833,4.093
26-Jun,3.568,3.853,4.104
27-Jun,3.588,3.861,4.106
28-Jun,3.583,3.862,4.107
29-Jun,3.553,3.827,4.074
30-Jun,3.575,3.841,4.079
3-Jul,3.589,3.859,4.099
4-Jul,3.572,3.845,4.086
5-Jul,3.614,3.903,4.148
6-Jul,3.624,3.898,4.124
7-Jul,3.599,3.855,4.075
10-Jul,3.616,3.876,4.096
11-Jul,3.58,3.833,4.059
12-Jul,3.61,3.863,4.095
13-Jul,3.565,3.815,4.055
14-Jul,3.512,3.747,3.989
17-Jul,3.526,3.761,4.001
18-Jul,3.559,3.793,4.023
19-Jul,3.546,3.767,3.993
20-Jul,3.546,3.769,3.995
21-Jul,3.521,3.738,3.964
24-Jul,3.526,3.74,3.967
25-Jul,3.582,3.771,3.974
26-Jul,3.62,3.799,3.994
27-Jul,3.581,3.762,3.959
28-Jul,3.561,3.734,3.931
31-Jul,3.559,3.735,3.93
1-Aug,3.553,3.735,3.938
2-Aug,3.56,3.743,3.942
3-Aug,3.627,3.806,3.983
4-Aug,3.585,3.743,3.916
7-Aug,3.582,3.736,3.917
8-Aug,3.583,3.732,3.912
9-Aug,3.609,3.764,3.944
10-Aug,3.6,3.759,3.942
11-Aug,3.651,3.818,3.99
14-Aug,3.681,3.846,4.015
15-Aug,3.666,3.813,3.979
16-Aug,3.652,3.78,3.942
17-Aug,3.66,3.777,3.93
18-Aug,3.661,3.768,3.912
21-Aug,3.629,3.719,3.87
22-Aug,3.545,3.648,3.816
23-Aug,3.558,3.665,3.834
24-Aug,3.548,3.651,3.817
25-Aug,3.533,3.637,3.801
28-Aug,3.528,3.631,3.801
29-Aug,3.567,3.677,3.836
30-Aug,3.549,3.652,3.807
31-Aug,3.538,3.615,3.765
1-Sep,3.54,3.608,3.749
4-Sep,3.553,3.615,3.755
5-Sep,3.586,3.658,3.794
6-Sep,3.625,3.706,3.838
7-Sep,3.629,3.692,3.821
8-Sep,3.63,3.679,3.794
11-Sep,3.66,3.706,3.812
12-Sep,3.673,3.727,3.847
13-Sep,3.66,3.696,3.8
14-Sep,3.672,3.709,3.802
15-Sep,3.673,3.7,3.786
18-Sep,3.718,3.762,3.842
19-Sep,3.669,3.705,3.792
20-Sep,3.658,3.701,3.784
21-Sep,3.639,3.672,3.76
22-Sep,3.555,3.595,3.703
25-Sep,3.5,3.554,3.671
26-Sep,3.53,3.573,3.668
27-Sep,3.555,3.595,3.683
28-Sep,3.577,3.616,3.699
29-Sep,3.597,3.638,3.72
2-Oct,3.586,3.616,3.699
3-Oct,3.619,3.656,3.746
4-Oct,3.597,3.618,3.709
5-Oct,3.599,3.628,3.723
6-Oct,3.615,3.66,3.762
9-Oct,3.63,3.673,3.771
10-Oct,3.683,3.741,3.823
11-Oct,3.679,3.737,3.821
12-Oct,3.668,3.726,3.815
13-Oct,3.687,3.753,3.858
16-Oct,3.684,3.753,3.857
17-Oct,3.66,3.724,3.826
18-Oct,3.663,3.74,3.841
19-Oct,3.685,3.757,3.867
20-Oct,3.705,3.767,3.864
23-Oct,3.738,3.811,3.9
24-Oct,3.741,3.806,3.899
25-Oct,3.751,3.816,3.91
26-Oct,3.746,3.798,3.883
27-Oct,3.727,3.76,3.834
30-Oct,3.73,3.752,3.818
31-Oct,3.682,3.694,3.766
1-Nov,3.64,3.652,3.732
2-Nov,3.673,3.684,3.766
3-Nov,3.723,3.74,3.8
6-Nov,3.745,3.759,3.819
7-Nov,3.727,3.72,3.766
8-Nov,3.756,3.748,3.784
9-Nov,3.739,3.726,3.767
10-Nov,3.695,3.683,3.739
13-Nov,3.713,3.711,3.765
14-Nov,3.706,3.687,3.739
15-Nov,3.728,3.716,3.769
16-Nov,3.742,3.731,3.779
17-Nov,3.717,3.699,3.747
20-Nov,3.686,3.68,3.736
21-Nov,3.7,3.686,3.737
22-Nov,3.683,3.677,3.736
23-Nov,3.726,3.715,3.764
24-Nov,3.687,3.664,3.718
27-Nov,3.682,3.671,3.743
28-Nov,3.673,3.656,3.727
29-Nov,3.699,3.681,3.744
30-Nov,3.675,3.654,3.716
1-Dec,3.64,3.62,3.687
4-Dec,3.626,3.62,3.695
5-Dec,3.653,3.639,3.704
6-Dec,3.676,3.662,3.712
7-Dec,3.719,3.704,3.736
8-Dec,3.728,3.723,3.754
11-Dec,3.751,3.748,3.771
12-Dec,3.757,3.749,3.765
13-Dec,3.779,3.767,3.778
14-Dec,3.804,3.802,3.815
15-Dec,3.818,3.815,3.834
18-Dec,3.83,3.837,3.865
19-Dec,3.847,3.864,3.901
20-Dec,3.849,3.864,3.897
21-Dec,3.86,3.878,3.913
22-Dec,3.871,3.885,3.919
25-Dec,3.866,3.883,3.919
26-Dec,3.866,3.884,3.92
27-Dec,3.904,3.925,3.965
28-Dec,3.917,3.947,3.991
29-Dec,3.913,3.934,3.981
1-Jan,3.912,3.937,3.984
2-Jan,3.893,3.912,3.966
3-Jan,3.9,3.924,3.984
4-Jan,3.892,3.907,3.977
5-Jan,3.926,3.954,4.028
8-Jan,3.918,3.943,4.019
9-Jan,3.94,3.966,4.047
10-Jan,3.955,3.983,4.063
11-Jan,3.928,3.961,4.056
12-Jan,3.956,4.003,4.106
15-Jan,3.957,3.999,4.098
16-Jan,3.958,3.997,4.085
17-Jan,3.952,3.995,4.086
18-Jan,3.973,4.021,4.11
19-Jan,3.979,4.019,4.099
22-Jan,3.955,3.991,4.071
23-Jan,3.967,3.999,4.069
24-Jan,3.985,4.021,4.088
25-Jan,3.995,4.047,4.128
26-Jan,3.997,4.05,4.138
29-Jan,4.015,4.067,4.155
30-Jan,4.011,4.056,4.157
31-Jan,4.006,4.048,4.147
1-Feb,3.981,4.041,4.14
2-Feb,3.943,3.998,4.109
5-Feb,3.92,3.972,4.083
6-Feb,3.935,3.978,4.082
7-Feb,3.944,3.982,4.079
8-Feb,3.968,4.017,4.096
9-Feb,3.996,4.053,4.14
12-Feb,3.995,4.059,4.156
13-Feb,4.012,4.077,4.173
14-Feb,3.999,4.053,4.146
15-Feb,3.961,3.999,4.091
16-Feb,3.983,4.019,4.1
19-Feb,4.001,4.038,4.116
20-Feb,3.993,4.036,4.111
21-Feb,3.991,4.026,4.101
22-Feb,4.015,4.057,4.136
23-Feb,3.996,4.02,4.096
26-Feb,3.961,3.968,4.044
27-Feb,3.928,3.936,4.014
28-Feb,3.908,3.918,4.009
1-Mar,3.896,3.901,3.997
2-Mar,3.869,3.88,3.986
5-Mar,3.869,3.859,3.965
6-Mar,3.891,3.876,3.968
7-Mar,3.895,3.879,3.97
8-Mar,3.919,3.893,3.98
9-Mar,3.95,3.928,4.007
12-Mar,3.935,3.902,3.979
13-Mar,3.922,3.881,3.952
14-Mar,3.9,3.854,3.929
15-Mar,3.938,3.893,3.956
16-Mar,3.946,3.903,3.955
19-Mar,3.975,3.934,3.976
20-Mar,3.963,3.917,3.959
21-Mar,3.971,3.931,3.982
22-Mar,3.968,3.936,4.005
23-Mar,3.994,3.983,4.057
26-Mar,3.997,3.981,4.057
27-Mar,4.014,4.006,4.078
28-Mar,4.013,4.01,4.089
29-Mar,4.033,4.032,4.109
30-Mar,4.042,4.04,4.113
2-Apr,4.068,4.067,4.128
3-Apr,4.071,4.076,4.153
4-Apr,4.048,4.05,4.126
5-Apr,4.061,4.072,4.149
6-Apr,4.065,4.073,4.152
9-Apr,4.067,4.074,4.152
10-Apr,4.094,4.106,4.181
11-Apr,4.109,4.122,4.195
12-Apr,4.13,4.153,4.233
13-Apr,4.161,4.2,4.284
16-Apr,4.151,4.172,4.258
17-Apr,4.141,4.151,4.234
18-Apr,4.137,4.134,4.206
19-Apr,4.159,4.172,4.25
20-Apr,4.162,4.176,4.255
23-Apr,4.153,4.157,4.231
24-Apr,4.146,4.147,4.211
25-Apr,4.156,4.168,4.236
26-Apr,4.188,4.203,4.269
27-Apr,4.19,4.204,4.266
30-Apr,4.154,4.14,4.198
1-May,4.155,4.132,4.192
2-May,4.198,4.203,4.256
3-May,4.205,4.218,4.273
4-May,4.186,4.186,4.237
7-May,4.205,4.208,4.252
8-May,4.189,4.186,4.236
9-May,4.197,4.198,4.25
10-May,4.193,4.202,4.255
11-May,4.193,4.206,4.261
14-May,4.228,4.258,4.313
15-May,4.262,4.29,4.345
16-May,4.289,4.301,4.348
17-May,4.298,4.311,4.356
18-May,4.298,4.308,4.355
21-May,4.302,4.318,4.366
22-May,4.322,4.34,4.383
23-May,4.352,4.375,4.413
24-May,4.327,4.357,4.399
25-May,4.363,4.391,4.422
28-May,4.368,4.402,4.43
29-May,4.381,4.407,4.436
30-May,4.382,4.406,4.433
31-May,4.407,4.436,4.457
1-Jun,4.44,4.477,4.495
4-Jun,4.434,4.468,4.491
5-Jun,4.446,4.497,4.53
6-Jun,4.405,4.455,4.496
7-Jun,4.448,4.529,4.583
8-Jun,4.451,4.544,4.607
11-Jun,4.452,4.542,4.601
12-Jun,4.479,4.585,4.645
13-Jun,4.491,4.615,4.679
14-Jun,4.479,4.606,4.681
15-Jun,4.486,4.617,4.694
18-Jun,4.478,4.611,4.701
19-Jun,4.439,4.567,4.655
20-Jun,4.477,4.611,4.682
21-Jun,4.47,4.61,4.689
22-Jun,4.462,4.608,4.697
25-Jun,4.447,4.579,4.664
26-Jun,4.475,4.579,4.648
27-Jun,4.448,4.53,4.594
28-Jun,4.485,4.558,4.612
29-Jun,4.5,4.571,4.62
2-Jul,4.461,4.513,4.56
3-Jul,4.489,4.559,4.614
4-Jul,4.521,4.598,4.657
5-Jul,4.554,4.642,4.706
6-Jul,4.574,4.676,4.74
9-Jul,4.564,4.665,4.73
10-Jul,4.511,4.586,4.648
11-Jul,4.52,4.587,4.649
12-Jul,4.554,4.633,4.69
13-Jul,4.563,4.637,4.683
16-Jul,4.538,4.604,4.648
17-Jul,4.556,4.629,4.664
18-Jul,4.527,4.584,4.612
19-Jul,4.545,4.594,4.615
20-Jul,4.47,4.484,4.503
23-Jul,4.467,4.484,4.512
24-Jul,4.45,4.468,4.499
25-Jul,4.432,4.445,4.475
26-Jul,4.338,4.358,4.412
27-Jul,4.327,4.362,4.414
30-Jul,4.31,4.339,4.404
31-Jul,4.359,4.387,4.439
1-Aug,4.344,4.379,4.445
2-Aug,4.389,4.413,4.463
3-Aug,4.336,4.351,4.406
6-Aug,4.327,4.35,4.414
7-Aug,4.36,4.379,4.435
8-Aug,4.439,4.461,4.51
9-Aug,4.349,4.396,4.472
10-Aug,4.267,4.343,4.44
13-Aug,4.279,4.354,4.453
14-Aug,4.252,4.331,4.437
15-Aug,4.185,4.277,4.41
16-Aug,4.003,4.132,4.324
17-Aug,4.011,4.144,4.365
20-Aug,4.003,4.129,4.35
21-Aug,3.932,4.074,4.309
22-Aug,4.102,4.189,4.373
23-Aug,4.088,4.168,4.346
24-Aug,4.093,4.175,4.343
27-Aug,4.081,4.16,4.333
28-Aug,4.048,4.139,4.309
29-Aug,4.039,4.133,4.308
30-Aug,4.042,4.143,4.316
31-Aug,4.079,4.18,4.328
3-Sep,4.094,4.2,4.352
4-Sep,4.088,4.208,4.367
5-Sep,4.022,4.137,4.303
6-Sep,4.025,4.139,4.31
7-Sep,3.924,4.042,4.233
10-Sep,3.903,4.01,4.198
11-Sep,3.94,4.039,4.216
12-Sep,3.987,4.076,4.24
13-Sep,4.074,4.145,4.277
14-Sep,4.051,4.122,4.27
17-Sep,4.05,4.104,4.249
18-Sep,4.109,4.195,4.316
19-Sep,4.117,4.229,4.371
20-Sep,4.139,4.269,4.426
21-Sep,4.118,4.268,4.445
24-Sep,4.11,4.274,4.455
25-Sep,4.073,4.229,4.415
26-Sep,4.138,4.297,4.473
27-Sep,4.133,4.278,4.461
28-Sep,4.088,4.228,4.413
1-Oct,4.067,4.209,4.41
2-Oct,4.069,4.206,4.403
3-Oct,4.081,4.23,4.414
4-Oct,4.035,4.169,4.358
5-Oct,4.074,4.231,4.418
8-Oct,4.092,4.236,4.421
9-Oct,4.095,4.219,4.386
10-Oct,4.128,4.261,4.419
11-Oct,4.165,4.309,4.453
12-Oct,4.234,4.362,4.485
15-Oct,4.267,4.373,4.49
16-Oct,4.239,4.368,4.5
17-Oct,4.203,4.323,4.467
18-Oct,4.126,4.234,4.406
19-Oct,4.066,4.144,4.306
22-Oct,4.046,4.127,4.275
23-Oct,4.057,4.13,4.28
24-Oct,3.997,4.079,4.232
25-Oct,3.993,4.078,4.244
26-Oct,4.015,4.097,4.262
29-Oct,4.029,4.1,4.259
30-Oct,4.047,4.111,4.278
31-Oct,4.148,4.192,4.331
1-Nov,4.096,4.134,4.296
2-Nov,4.053,4.093,4.267
5-Nov,4.048,4.079,4.288
6-Nov,4.063,4.1,4.299
7-Nov,4.028,4.057,4.272
8-Nov,3.981,4.016,4.25
9-Nov,3.945,3.968,4.21
12-Nov,3.956,3.979,4.225
13-Nov,3.98,4.016,4.247
14-Nov,4.016,4.051,4.267
15-Nov,3.959,4,4.242
16-Nov,3.931,3.981,4.232
19-Nov,3.867,3.911,4.183
20-Nov,3.901,3.931,4.194
21-Nov,3.826,3.855,4.157
22-Nov,3.829,3.851,4.157
23-Nov,3.831,3.885,4.165
26-Nov,3.827,3.885,4.156
27-Nov,3.844,3.91,4.174
28-Nov,3.906,3.998,4.244
29-Nov,3.855,3.947,4.2
30-Nov,3.928,4.023,4.262
3-Dec,3.877,3.937,4.198
4-Dec,3.87,3.903,4.155
5-Dec,3.873,3.917,4.159
6-Dec,3.943,3.97,4.203
7-Dec,4.037,4.09,4.309
10-Dec,4.081,4.153,4.372
11-Dec,4.068,4.12,4.351
12-Dec,4.124,4.193,4.411
13-Dec,4.125,4.178,4.398
14-Dec,4.157,4.202,4.425
17-Dec,4.145,4.188,4.404
18-Dec,4.128,4.187,4.396
19-Dec,4.087,4.17,4.4
20-Dec,4.069,4.143,4.365
21-Dec,4.102,4.189,4.428
24-Dec,4.108,4.19,4.431
25-Dec,4.098,4.188,4.429
26-Dec,4.098,4.191,4.429
27-Dec,4.158,4.238,4.467
28-Dec,4.101,4.198,4.427
31-Dec,4.074,4.19,4.422
1-Jan,4.066,4.189,4.42
2-Jan,3.989,4.023,4.294
3-Jan,3.965,4.004,4.294
4-Jan,3.926,3.94,4.234
7-Jan,3.941,3.946,4.235
8-Jan,3.978,3.982,4.261
9-Jan,3.924,3.918,4.201
10-Jan,3.928,3.933,4.205
11-Jan,3.913,3.906,4.2
14-Jan,3.855,3.86,4.16
15-Jan,3.833,3.826,4.131
16-Jan,3.74,3.75,4.083
17-Jan,3.712,3.728,4.076
18-Jan,3.687,3.705,4.076
21-Jan,3.584,3.617,4.019
22-Jan,3.574,3.694,4.103
23-Jan,3.45,3.552,4.005
24-Jan,3.66,3.729,4.115
25-Jan,3.644,3.718,4.096
28-Jan,3.637,3.676,4.072
29-Jan,3.674,3.712,4.119
30-Jan,3.673,3.727,4.142
31-Jan,3.574,3.618,4.054
1-Feb,3.574,3.61,4.032
4-Feb,3.595,3.622,4.045
5-Feb,3.474,3.491,3.963
6-Feb,3.474,3.521,4.011
7-Feb,3.331,3.414,3.995
8-Feb,3.298,3.399,3.973
11-Feb,3.304,3.387,3.979
12-Feb,3.358,3.471,4.063
13-Feb,3.374,3.475,4.07
14-Feb,3.42,3.55,4.121
15-Feb,3.378,3.479,4.079
18-Feb,3.456,3.574,4.138
19-Feb,3.438,3.548,4.116
20-Feb,3.489,3.6,4.148
21-Feb,3.558,3.641,4.131
22-Feb,3.54,3.614,4.124
25-Feb,3.542,3.633,4.156
26-Feb,3.585,3.684,4.193
27-Feb,3.562,3.669,4.203
28-Feb,3.478,3.556,4.11
29-Feb,3.415,3.434,4.008
3-Mar,3.451,3.443,3.994
4-Mar,3.363,3.41,3.977
5-Mar,3.332,3.559,4.081
6-Mar,3.377,3.548,4.038
7-Mar,3.343,3.516,4.033
10-Mar,3.256,3.416,3.957
11-Mar,3.391,3.52,3.981
12-Mar,3.414,3.541,3.955
13-Mar,3.385,3.53,3.96
14-Mar,3.326,3.504,3.934
17-Mar,3.229,3.436,3.908
18-Mar,3.41,3.574,3.996
19-Mar,3.498,3.629,3.966
20-Mar,3.564,3.674,3.955
21-Mar,3.562,3.676,3.957
24-Mar,3.567,3.68,3.958
25-Mar,3.706,3.839,4.08
26-Mar,3.694,3.818,4.097
27-Mar,3.647,3.816,4.143
28-Mar,3.69,3.842,4.148
31-Mar,3.654,3.79,4.11
1-Apr,3.712,3.868,4.165
2-Apr,3.768,3.892,4.178
3-Apr,3.707,3.864,4.177
4-Apr,3.694,3.838,4.137
7-Apr,3.77,3.915,4.252
8-Apr,3.75,3.898,4.254
9-Apr,3.7,3.861,4.235
10-Apr,3.667,3.837,4.225
11-Apr,3.619,3.756,4.144
14-Apr,3.632,3.768,4.142
15-Apr,3.705,3.852,4.202
16-Apr,3.788,3.935,4.278
17-Apr,3.889,4.028,4.314
18-Apr,4.035,4.12,4.36
21-Apr,3.967,4.06,4.332
22-Apr,4.052,4.134,4.357
23-Apr,4.008,4.104,4.354
24-Apr,4.02,4.132,4.392
25-Apr,4.001,4.124,4.383
28-Apr,3.981,4.129,4.409
29-Apr,3.904,4.054,4.35
30-Apr,3.904,4.047,4.328
1-May,3.894,4.035,4.317
2-May,3.963,4.137,4.394
5-May,3.971,4.101,4.353
6-May,3.908,4.042,4.331
7-May,3.92,4.054,4.366
8-May,3.844,3.947,4.261
9-May,3.819,3.904,4.208
12-May,3.885,3.953,4.229
13-May,3.974,4.046,4.311
14-May,4.064,4.125,4.379
15-May,4.144,4.169,4.406
16-May,4.128,4.15,4.361
19-May,4.17,4.191,4.408
20-May,4.147,4.154,4.377
21-May,4.253,4.237,4.447
22-May,4.326,4.284,4.471
23-May,4.334,4.271,4.451
26-May,4.334,4.292,4.468
27-May,4.311,4.3,4.488
28-May,4.323,4.334,4.528
29-May,4.424,4.436,4.616
30-May,4.402,4.419,4.592
2-Jun,4.355,4.344,4.537
3-Jun,4.442,4.433,4.611
4-Jun,4.411,4.377,4.572
5-Jun,4.683,4.557,4.653
6-Jun,4.702,4.582,4.607
9-Jun,4.773,4.715,4.699
10-Jun,4.723,4.723,4.729
11-Jun,4.685,4.715,4.757
12-Jun,4.683,4.776,4.797
13-Jun,4.725,4.838,4.825
16-Jun,4.776,4.899,4.815
17-Jun,4.736,4.856,4.789
18-Jun,4.716,4.853,4.785
19-Jun,4.836,4.929,4.844
20-Jun,4.736,4.832,4.79
23-Jun,4.694,4.783,4.771
24-Jun,4.671,4.755,4.778
25-Jun,4.705,4.772,4.786
26-Jun,4.592,4.663,4.703
27-Jun,4.57,4.651,4.712
30-Jun,4.716,4.8,4.81
1-Jul,4.693,4.781,4.791
2-Jul,4.75,4.83,4.834
3-Jul,4.561,4.669,4.741
4-Jul,4.521,4.608,4.688
7-Jul,4.48,4.535,4.627
8-Jul,4.51,4.557,4.628
9-Jul,4.53,4.571,4.618
10-Jul,4.507,4.557,4.602
11-Jul,4.523,4.596,4.629
14-Jul,4.507,4.564,4.594
15-Jul,4.431,4.523,4.592
16-Jul,4.456,4.563,4.603
17-Jul,4.504,4.613,4.66
18-Jul,4.65,4.758,4.785
21-Jul,4.731,4.807,4.823
22-Jul,4.696,4.791,4.816
23-Jul,4.678,4.79,4.823
24-Jul,4.53,4.641,4.732
25-Jul,4.524,4.658,4.78
28-Jul,4.462,4.571,4.693
29-Jul,4.446,4.529,4.647
30-Jul,4.417,4.475,4.594
31-Jul,4.367,4.404,4.534
1-Aug,4.37,4.397,4.525
4-Aug,4.364,4.383,4.519
5-Aug,4.364,4.362,4.494
6-Aug,4.36,4.377,4.516
7-Aug,4.195,4.211,4.429
8-Aug,4.167,4.195,4.424
11-Aug,4.212,4.227,4.436
12-Aug,4.154,4.173,4.392
13-Aug,4.121,4.132,4.377
14-Aug,4.127,4.145,4.378
15-Aug,4.103,4.115,4.343
18-Aug,4.088,4.095,4.328
19-Aug,4.081,4.095,4.352
20-Aug,4.092,4.086,4.308
21-Aug,4.173,4.176,4.363
22-Aug,4.226,4.24,4.407
25-Aug,4.132,4.118,4.309
26-Aug,4.084,4.097,4.301
27-Aug,4.177,4.195,4.369
28-Aug,4.248,4.245,4.38
29-Aug,4.204,4.239,4.38
1-Sep,4.114,4.152,4.332
2-Sep,4.167,4.175,4.348
3-Sep,4.174,4.16,4.347
4-Sep,4.103,4.089,4.279
5-Sep,4.033,3.993,4.231
8-Sep,4.109,4.061,4.292
9-Sep,4.076,4.039,4.283
10-Sep,4.077,4.06,4.289
11-Sep,4.061,4.072,4.311
12-Sep,4.14,4.161,4.409
15-Sep,3.93,3.987,4.309
16-Sep,3.879,4.007,4.274
17-Sep,3.836,3.987,4.292
18-Sep,3.91,4.111,4.353
19-Sep,4.229,4.353,4.48
22-Sep,4.243,4.362,4.522
23-Sep,4.103,4.293,4.493
24-Sep,3.987,4.197,4.415
25-Sep,4.051,4.254,4.474
26-Sep,3.873,4.14,4.419
29-Sep,3.643,3.968,4.288
30-Sep,3.661,4.065,4.345
1-Oct,3.622,4.024,4.326
2-Oct,3.471,3.908,4.251
3-Oct,3.411,3.898,4.229
6-Oct,3.19,3.698,4.043
7-Oct,3.251,3.753,4.042
8-Oct,3.141,3.74,4.099
9-Oct,3.204,3.806,4.164
10-Oct,3.158,3.89,4.299
13-Oct,3.28,4.024,4.349
14-Oct,3.328,4.033,4.343
15-Oct,3.252,3.987,4.32
16-Oct,3.03,3.836,4.28
17-Oct,3.072,3.844,4.233
20-Oct,3.048,3.799,4.226
21-Oct,2.99,3.74,4.157
22-Oct,2.916,3.624,4.054
23-Oct,2.906,3.604,4.059
24-Oct,2.799,3.533,4.028
27-Oct,2.725,3.5,4.051
28-Oct,2.687,3.456,4.058
29-Oct,2.724,3.449,4.132
30-Oct,2.702,3.415,4.127
31-Oct,2.795,3.529,4.302
3-Nov,2.823,3.496,4.262
4-Nov,2.849,3.479,4.235
5-Nov,2.829,3.386,4.183
6-Nov,2.745,3.262,4.031
7-Nov,2.703,3.232,3.972
10-Nov,2.667,3.209,3.967
11-Nov,2.611,3.173,3.951
12-Nov,2.54,3.152,3.923
13-Nov,2.497,3.148,4.044
14-Nov,2.466,3.128,3.996
17-Nov,2.435,3.129,3.998
18-Nov,2.433,3.151,3.96
19-Nov,2.428,3.102,3.879
20-Nov,2.298,2.973,3.785
21-Nov,2.357,3.018,3.809
24-Nov,2.45,3.09,3.874
25-Nov,2.51,3.081,3.785
26-Nov,2.453,2.987,3.704
27-Nov,2.487,3.04,3.711
28-Nov,2.462,3.027,3.678
1-Dec,2.391,2.914,3.62
2-Dec,2.386,2.896,3.503
3-Dec,2.373,2.933,3.482
4-Dec,2.436,3.024,3.549
5-Dec,2.388,2.982,3.502
8-Dec,2.592,3.202,3.636
9-Dec,2.61,3.282,3.71
10-Dec,2.55,3.215,3.65
11-Dec,2.471,3.185,3.645
12-Dec,2.51,3.266,3.732
15-Dec,2.375,3.151,3.655
16-Dec,2.305,3.119,3.611
17-Dec,2.122,2.942,3.465
18-Dec,2.092,2.882,3.452
19-Dec,2.033,2.854,3.472
22-Dec,1.98,2.789,3.405
23-Dec,1.943,2.747,3.408
24-Dec,1.944,2.742,3.404
25-Dec,1.968,2.743,3.403
26-Dec,1.966,2.743,3.403
29-Dec,1.892,2.688,3.363
30-Dec,1.918,2.729,3.41
31-Dec,1.908,2.733,3.414
1-Jan,1.903,2.732,3.415
2-Jan,1.879,2.695,3.391
5-Jan,1.845,2.707,3.467
6-Jan,1.889,2.821,3.619
7-Jan,2.018,2.81,3.642
8-Jan,1.955,2.762,3.58
9-Jan,1.867,2.664,3.472
12-Jan,1.835,2.654,3.467
13-Jan,1.854,2.651,3.48
14-Jan,1.845,2.603,3.423
15-Jan,1.875,2.602,3.395
16-Jan,1.833,2.612,3.44
19-Jan,1.868,2.693,3.524
20-Jan,1.851,2.703,3.561
21-Jan,1.817,2.71,3.572
22-Jan,1.827,2.735,3.681
23-Jan,1.789,2.783,3.793
26-Jan,2.005,2.94,3.887
27-Jan,2.001,2.882,3.807
28-Jan,1.917,2.827,3.731
29-Jan,1.823,2.774,3.756
30-Jan,1.767,2.754,3.806
2-Feb,1.742,2.699,3.799
3-Feb,1.727,2.708,3.824
4-Feb,1.716,2.68,3.796
5-Feb,1.65,2.626,3.778
6-Feb,1.633,2.627,3.792
9-Feb,1.676,2.657,3.813
10-Feb,1.687,2.625,3.751
11-Feb,1.588,2.679,3.645
12-Feb,1.537,2.636,3.562
13-Feb,1.552,2.688,3.596
16-Feb,1.493,2.63,3.555
17-Feb,1.433,2.571,3.512
18-Feb,1.512,2.616,3.516
19-Feb,1.624,2.718,3.602
20-Feb,1.56,2.633,3.528
23-Feb,1.564,2.647,3.524
24-Feb,1.535,2.617,3.515
25-Feb,1.5,2.597,3.529
26-Feb,1.579,2.755,3.664
27-Feb,1.553,2.736,3.661
2-Mar,1.442,2.619,3.592
3-Mar,1.423,2.617,3.631
4-Mar,1.417,2.675,3.719
5-Mar,1.43,2.606,3.596
6-Mar,1.439,2.59,3.537
9-Mar,1.534,2.658,3.564
10-Mar,1.577,2.765,3.624
11-Mar,1.615,2.79,3.664
12-Mar,1.532,2.709,3.595
13-Mar,1.515,2.747,3.609
16-Mar,1.49,2.772,3.66
17-Mar,1.541,2.819,3.703
18-Mar,1.529,2.846,3.733
19-Mar,1.505,2.75,3.584
20-Mar,1.434,2.681,3.51
23-Mar,1.414,2.729,3.556
24-Mar,1.45,2.825,3.66
25-Mar,1.458,2.821,3.635
26-Mar,1.469,2.791,3.605
27-Mar,1.389,2.722,3.584
30-Mar,1.329,2.665,3.579
31-Mar,1.311,2.646,3.553
1-Apr,1.317,2.625,3.553
2-Apr,1.498,2.764,3.725
3-Apr,1.574,2.819,3.746
6-Apr,1.565,2.798,3.709
7-Apr,1.519,2.79,3.722
8-Apr,1.479,2.788,3.725
9-Apr,1.463,2.754,3.752
10-Apr,1.455,2.762,3.733
13-Apr,1.464,2.762,3.732
14-Apr,1.46,2.711,3.691
15-Apr,1.419,2.627,3.633
16-Apr,1.444,2.661,3.662
17-Apr,1.526,2.768,3.744
20-Apr,1.456,2.642,3.626
21-Apr,1.472,2.657,3.624
22-Apr,1.513,2.734,3.652
23-Apr,1.5,2.718,3.636
24-Apr,1.446,2.66,3.615
27-Apr,1.413,2.633,3.59
28-Apr,1.372,2.587,3.575
29-Apr,1.365,2.565,3.554
30-Apr,1.388,2.59,3.59
1-May,1.385,2.588,3.59
4-May,1.429,2.662,3.627
5-May,1.391,2.61,3.596
6-May,1.347,2.601,3.625
7-May,1.378,2.695,3.765
8-May,1.29,2.696,3.802
11-May,1.309,2.67,3.746
12-May,1.339,2.686,3.783
13-May,1.277,2.6,3.733
14-May,1.26,2.593,3.723
15-May,1.249,2.636,3.762
18-May,1.215,2.615,3.763
19-May,1.283,2.698,3.82
20-May,1.326,2.709,3.81
21-May,1.289,2.668,3.821
22-May,1.301,2.727,3.869
25-May,1.38,2.812,3.918
26-May,1.396,2.83,3.941
27-May,1.398,2.853,3.95
28-May,1.388,2.872,4.011
29-May,1.33,2.801,3.953
1-Jun,1.354,2.861,4.013
2-Jun,1.311,2.813,3.991
3-Jun,1.614,2.736,3.914
4-Jun,1.733,2.868,3.989
5-Jun,1.884,3.01,4.053
8-Jun,1.932,3.003,4.003
9-Jun,1.87,2.965,3.965
10-Jun,1.89,2.981,4.006
11-Jun,1.925,2.987,4.014
12-Jun,1.89,2.955,3.965
15-Jun,1.815,2.856,3.868
16-Jun,1.795,2.847,3.876
17-Jun,1.736,2.792,3.836
18-Jun,1.754,2.839,3.899
19-Jun,1.686,2.936,3.845
22-Jun,1.676,2.905,3.8
23-Jun,1.695,2.912,3.834
24-Jun,1.621,2.858,3.814
25-Jun,1.553,2.793,3.787
26-Jun,1.547,2.765,3.756
29-Jun,1.578,2.764,3.719
30-Jun,1.576,2.776,3.729
1-Jul,1.56,2.786,3.759
2-Jul,1.442,2.678,3.687
3-Jul,1.454,2.7,3.703
6-Jul,1.426,2.666,3.67
7-Jul,1.436,2.69,3.757
8-Jul,1.407,2.673,3.728
9-Jul,1.458,2.712,3.74
10-Jul,1.427,2.666,3.698
13-Jul,1.445,2.682,3.706
14-Jul,1.465,2.721,3.734
15-Jul,1.508,2.777,3.791
16-Jul,1.436,2.711,3.753
17-Jul,1.471,2.765,3.809
20-Jul,1.491,2.77,3.795
21-Jul,1.447,2.721,3.73
22-Jul,1.466,2.726,3.73
23-Jul,1.499,2.764,3.762
24-Jul,1.51,2.779,3.773
27-Jul,1.55,2.788,3.773
28-Jul,1.503,2.722,3.706
29-Jul,1.513,2.714,3.696
30-Jul,1.514,2.723,3.696
31-Jul,1.437,2.61,3.569
3-Aug,1.527,2.697,3.618
4-Aug,1.579,2.73,3.622
5-Aug,1.602,2.74,3.604
6-Aug,1.62,2.784,3.641
7-Aug,1.747,2.923,3.751
10-Aug,1.682,2.857,3.685
11-Aug,1.624,2.808,3.667
12-Aug,1.592,2.792,3.67
13-Aug,1.537,2.738,3.645
14-Aug,1.471,2.638,3.555
17-Aug,1.488,2.649,3.529
18-Aug,1.496,2.646,3.543
19-Aug,1.476,2.611,3.525
20-Aug,1.465,2.597,3.518
21-Aug,1.567,2.687,3.564
24-Aug,1.526,2.655,3.556
25-Aug,1.51,2.623,3.524
26-Aug,1.476,2.587,3.492
27-Aug,1.482,2.586,3.504
28-Aug,1.481,2.586,3.52
31-Aug,1.471,2.593,3.537
1-Sep,1.416,2.56,3.545
2-Sep,1.393,2.555,3.554
3-Sep,1.355,2.557,3.59
4-Sep,1.324,2.553,3.583
7-Sep,1.3,2.536,3.583
8-Sep,1.302,2.561,3.622
9-Sep,1.323,2.599,3.676
10-Sep,1.271,2.521,3.607
11-Sep,1.253,2.486,3.529
14-Sep,1.296,2.534,3.55
15-Sep,1.308,2.559,3.56
16-Sep,1.318,2.586,3.596
17-Sep,1.339,2.611,3.621
18-Sep,1.338,2.622,3.628
21-Sep,1.311,2.599,3.645
22-Sep,1.323,2.614,3.659
23-Sep,1.306,2.592,3.624
24-Sep,1.241,2.517,3.564
25-Sep,1.258,2.502,3.525
28-Sep,1.268,2.508,3.533
29-Sep,1.291,2.498,3.513
30-Sep,1.304,2.519,3.537
1-Oct,1.281,2.496,3.526
2-Oct,1.265,2.464,3.481
5-Oct,1.269,2.46,3.473
6-Oct,1.286,2.478,3.506
7-Oct,1.294,2.45,3.469
8-Oct,1.303,2.448,3.458
9-Oct,1.423,2.559,3.533
12-Oct,1.383,2.532,3.514
13-Oct,1.356,2.52,3.526
14-Oct,1.398,2.574,3.581
15-Oct,1.446,2.64,3.649
16-Oct,1.467,2.634,3.618
19-Oct,1.47,2.623,3.619
20-Oct,1.415,2.552,3.548
21-Oct,1.445,2.602,3.61
22-Oct,1.421,2.575,3.579
23-Oct,1.431,2.612,3.622
26-Oct,1.416,2.614,3.627
27-Oct,1.343,2.522,3.55
28-Oct,1.334,2.515,3.541
29-Oct,1.408,2.601,3.621
30-Oct,1.341,2.517,3.533
2-Nov,1.347,2.517,3.542
3-Nov,1.336,2.523,3.571
4-Nov,1.356,2.561,3.605
5-Nov,1.351,2.586,3.629
6-Nov,1.325,2.584,3.649
9-Nov,1.295,2.532,3.598
10-Nov,1.291,2.509,3.565
11-Nov,1.277,2.511,3.567
12-Nov,1.265,2.519,3.588
13-Nov,1.257,2.521,3.619
16-Nov,1.247,2.499,3.582
17-Nov,1.241,2.474,3.533
18-Nov,1.249,2.488,3.547
19-Nov,1.235,2.473,3.55
20-Nov,1.273,2.498,3.534
23-Nov,1.295,2.523,3.552
24-Nov,1.27,2.47,3.513
25-Nov,1.296,2.481,3.517
26-Nov,1.199,2.369,3.439
27-Nov,1.215,2.383,3.434
30-Nov,1.226,2.366,3.419
1-Dec,1.212,2.355,3.414
2-Dec,1.193,2.343,3.422
3-Dec,1.233,2.387,3.446
4-Dec,1.295,2.461,3.487
7-Dec,1.265,2.411,3.443
8-Dec,1.171,2.336,3.412
9-Dec,1.16,2.337,3.424
10-Dec,1.186,2.386,3.464
11-Dec,1.212,2.394,3.471
14-Dec,1.188,2.362,3.436
15-Dec,1.204,2.397,3.478
16-Dec,1.151,2.332,3.423
17-Dec,1.09,2.271,3.383
18-Dec,1.094,2.281,3.383
21-Dec,1.098,2.315,3.438
22-Dec,1.116,2.347,3.492
23-Dec,1.113,2.368,3.526
24-Dec,1.107,2.368,3.525
25-Dec,1.108,2.367,3.522
28-Dec,1.146,2.402,3.56
29-Dec,1.205,2.442,3.563
30-Dec,1.236,2.475,3.595
31-Dec,1.234,2.479,3.593
1-Jan,1.232,2.479,3.594
4-Jan,1.243,2.484,3.605
5-Jan,1.195,2.473,3.592
6-Jan,1.199,2.489,3.607
7-Jan,1.164,2.459,3.581
8-Jan,1.146,2.447,3.572
11-Jan,1.115,2.412,3.543
12-Jan,1.107,2.385,3.523
13-Jan,1.091,2.366,3.528
14-Jan,1.071,2.356,3.54
15-Jan,1.035,2.331,3.504
18-Jan,1.047,2.333,3.49
19-Jan,1.089,2.363,3.512
20-Jan,1.048,2.311,3.477
21-Jan,1.033,2.28,3.454
22-Jan,1.206,2.469,3.463
25-Jan,1.201,2.448,3.452
26-Jan,1.201,2.424,3.437
27-Jan,1.209,2.431,3.447
28-Jan,1.198,2.443,3.462
29-Jan,1.197,2.438,3.461
1-Feb,1.198,2.425,3.447
2-Feb,1.199,2.428,3.454
3-Feb,1.21,2.444,3.482
4-Feb,1.143,2.392,3.43
5-Feb,1.08,2.344,3.483
8-Feb,1.093,2.365,3.505
9-Feb,1.133,2.392,3.547
10-Feb,1.129,2.403,3.521
11-Feb,1.129,2.426,3.533
12-Feb,1.062,2.376,3.498
15-Feb,1.06,2.395,3.52
16-Feb,1.059,2.397,3.523
17-Feb,1.044,2.382,3.508
18-Feb,1.062,2.413,3.539
19-Feb,1.069,2.424,3.568
22-Feb,1.284,2.408,3.537
23-Feb,1.215,2.307,3.439
24-Feb,1.197,2.299,3.413
25-Feb,1.152,2.271,3.405
26-Feb,1.154,2.278,3.403
1-Mar,1.137,2.258,3.406
2-Mar,1.14,2.267,3.411
3-Mar,1.16,2.285,3.433
4-Mar,1.159,2.272,3.425
5-Mar,1.184,2.308,3.446
8-Mar,1.181,2.312,3.453
9-Mar,1.166,2.286,3.434
10-Mar,1.194,2.305,3.451
11-Mar,1.216,2.339,3.475
12-Mar,1.229,2.344,3.462
15-Mar,1.209,2.334,3.448
16-Mar,1.182,2.308,3.422
17-Mar,1.14,2.265,3.407
18-Mar,1.165,2.286,3.432
19-Mar,1.179,2.283,3.42
22-Mar,1.146,2.258,3.392
23-Mar,1.13,2.243,3.374
24-Mar,1.137,2.271,3.412
25-Mar,1.162,2.324,3.481
26-Mar,1.15,2.321,3.476
29-Mar,1.131,2.293,3.456
30-Mar,1.127,2.291,3.438
31-Mar,1.112,2.268,3.42
1-Apr,1.108,2.262,3.401
2-Apr,1.109,2.262,3.397
5-Apr,1.112,2.263,3.398
6-Apr,1.147,2.319,3.473
7-Apr,1.109,2.278,3.444
8-Apr,1.078,2.245,3.416
9-Apr,1.132,2.299,3.462
12-Apr,1.154,2.308,3.462
13-Apr,1.131,2.284,3.435
14-Apr,1.116,2.274,3.427
15-Apr,1.109,2.265,3.422
16-Apr,1.06,2.21,3.377
19-Apr,1.052,2.208,3.377
20-Apr,1.068,2.228,3.393
21-Apr,1.049,2.21,3.385
22-Apr,1.039,2.211,3.376
23-Apr,1.073,2.228,3.371
26-Apr,1.039,2.208,3.36
27-Apr,0.959,2.131,3.266
28-Apr,0.965,2.143,3.322
29-Apr,0.95,2.154,3.332
30-Apr,0.918,2.101,3.289
3-May,0.961,2.138,3.328
4-May,0.844,2.016,3.23
5-May,0.74,1.915,3.15
6-May,0.673,1.796,3.134
7-May,0.706,1.829,3.15
10-May,0.75,1.897,3.224
11-May,0.748,1.901,3.216
12-May,0.742,1.894,3.207
13-May,0.709,1.871,3.189
14-May,0.671,1.805,3.116
17-May,0.695,1.831,3.121
18-May,0.694,1.795,3.078
19-May,0.652,1.738,3.013
20-May,0.611,1.658,2.932
21-May,0.696,1.681,2.919
24-May,0.687,1.67,2.911
25-May,0.651,1.592,2.85
26-May,0.688,1.664,2.917
27-May,0.735,1.738,2.962
28-May,0.718,1.733,2.941
31-May,0.714,1.719,2.921
1-Jun,0.707,1.737,2.962
2-Jun,0.713,1.751,2.976
3-Jun,0.735,1.785,3.027
4-Jun,0.758,1.768,3.011
7-Jun,0.813,1.84,3.052
8-Jun,0.795,1.819,3.068
9-Jun,0.753,1.783,3.057
10-Jun,0.758,1.819,3.071
11-Jun,0.728,1.78,3.025
14-Jun,0.789,1.865,3.094
15-Jun,0.803,1.879,3.11
16-Jun,0.804,1.898,3.116
17-Jun,0.819,1.856,3.093
18-Jun,0.865,2.082,3.11
21-Jun,0.894,2.066,3.107
22-Jun,0.873,2.04,3.067
23-Jun,0.903,2.04,3.079
24-Jun,0.858,1.989,3.061
25-Jun,0.905,2.038,3.092
28-Jun,0.929,2.056,3.111
29-Jun,0.905,1.991,3.067
30-Jun,0.911,1.987,3.05
1-Jul,0.946,1.965,2.998
2-Jul,0.917,1.931,2.98
5-Jul,0.852,1.863,2.923
6-Jul,0.85,1.895,2.958
7-Jul,0.882,1.909,2.969
8-Jul,0.923,1.93,2.978
9-Jul,0.969,1.931,2.962
12-Jul,0.921,1.894,2.931
13-Jul,0.935,1.924,2.966
14-Jul,0.982,1.974,2.989
15-Jul,0.992,1.983,2.993
16-Jul,0.958,1.939,2.952
19-Jul,0.999,2.006,2.995
20-Jul,0.956,1.976,2.973
21-Jul,0.906,1.951,2.971
22-Jul,0.879,1.95,2.986
23-Jul,0.893,1.976,2.998
26-Jul,0.959,2.025,3.026
27-Jul,1.003,2.035,3.031
28-Jul,0.987,2.005,3.012
29-Jul,0.997,1.987,2.991
30-Jul,0.967,1.944,2.945
2-Aug,0.965,1.967,2.968
3-Aug,0.921,1.874,2.886
4-Aug,0.929,1.876,2.871
5-Aug,0.93,1.841,2.82
6-Aug,0.924,1.796,2.772
9-Aug,0.893,1.786,2.778
10-Aug,0.89,1.786,2.819
11-Aug,0.824,1.698,2.722
12-Aug,0.787,1.697,2.72
13-Aug,0.776,1.702,2.721
16-Aug,0.774,1.678,2.661
17-Aug,0.786,1.703,2.68
18-Aug,0.759,1.661,2.635
19-Aug,0.75,1.646,2.604
20-Aug,0.707,1.629,2.582
23-Aug,0.699,1.633,2.596
24-Aug,0.672,1.572,2.508
25-Aug,0.667,1.569,2.482
26-Aug,0.687,1.568,2.486
27-Aug,0.713,1.624,2.535
30-Aug,0.683,1.548,2.471
31-Aug,0.668,1.544,2.467
1-Sep,0.686,1.607,2.559
2-Sep,0.69,1.611,2.569
3-Sep,0.721,1.636,2.633
6-Sep,0.748,1.641,2.635
7-Sep,0.71,1.577,2.575
8-Sep,0.753,1.627,2.594
9-Sep,0.818,1.681,2.625
10-Sep,0.862,1.751,2.692
13-Sep,0.881,1.764,2.718
14-Sep,0.874,1.74,2.701
15-Sep,0.903,1.781,2.75
16-Sep,0.942,1.841,2.833
17-Sep,0.916,1.808,2.781
20-Sep,0.94,1.843,2.823
21-Sep,0.93,1.827,2.805
22-Sep,0.886,1.739,2.71
23-Sep,0.836,1.679,2.661
24-Sep,0.863,1.717,2.701
27-Sep,0.854,1.661,2.631
28-Sep,0.865,1.668,2.614
29-Sep,0.914,1.704,2.627
30-Sep,0.967,1.745,2.659
1-Oct,0.985,1.755,2.654
4-Oct,0.959,1.72,2.635
5-Oct,0.937,1.722,2.648
6-Oct,0.906,1.665,2.584
7-Oct,0.935,1.705,2.636
8-Oct,0.918,1.678,2.668
11-Oct,0.896,1.677,2.676
12-Oct,0.879,1.656,2.659
13-Oct,0.881,1.657,2.693
14-Oct,0.892,1.661,2.7
15-Oct,0.914,1.699,2.762
18-Oct,0.988,1.75,2.769
19-Oct,1.012,1.781,2.802
20-Oct,1.069,1.834,2.833
21-Oct,1.109,1.883,2.884
22-Oct,1.12,1.889,2.874
25-Oct,1.085,1.85,2.835
26-Oct,1.13,1.891,2.878
27-Oct,1.139,1.914,2.929
28-Oct,1.161,1.929,2.934
29-Oct,1.137,1.906,2.913
1-Nov,1.13,1.88,2.882
2-Nov,1.147,1.889,2.88
3-Nov,1.119,1.827,2.824
4-Nov,1.087,1.782,2.826
5-Nov,1.078,1.795,2.852
8-Nov,1.098,1.805,2.847
9-Nov,1.111,1.818,2.863
10-Nov,1.104,1.812,2.895
11-Nov,1.087,1.791,2.897
12-Nov,1.146,1.895,2.955
15-Nov,1.159,1.928,2.98
16-Nov,1.169,1.977,3.044
17-Nov,1.144,1.971,3.019
18-Nov,1.203,2.059,3.116
19-Nov,1.203,2.052,3.103
22-Nov,1.142,1.984,3.059
23-Nov,1.047,1.912,3.002
24-Nov,1.092,2.008,3.102
25-Nov,1.081,2.04,3.132
26-Nov,1.067,2.036,3.138
29-Nov,1.07,2.075,3.213
30-Nov,1.06,2.038,3.154
1-Dec,1.064,2.104,3.249
2-Dec,0.997,2.106,3.237
3-Dec,0.971,2.101,3.264
6-Dec,0.941,2.045,3.258
7-Dec,0.982,2.125,3.32
8-Dec,1.054,2.228,3.367
9-Dec,1.086,2.199,3.299
10-Dec,1.137,2.209,3.296
13-Dec,1.118,2.213,3.319
14-Dec,1.13,2.273,3.35
15-Dec,1.117,2.275,3.374
16-Dec,1.136,2.307,3.413
17-Dec,1.129,2.28,3.394
20-Dec,1.112,2.21,3.326
21-Dec,1.116,2.231,3.339
22-Dec,1.041,2.16,3.311
23-Dec,1.028,2.168,3.351
24-Dec,1.029,2.172,3.35
27-Dec,1.027,2.211,3.391
28-Dec,0.985,2.156,3.349
29-Dec,0.979,2.191,3.413
30-Dec,0.957,2.14,3.359
31-Dec,0.96,2.137,3.362
3-Jan,0.921,2.105,3.341
4-Jan,0.929,2.089,3.284
5-Jan,0.969,2.147,3.335
6-Jan,0.962,2.143,3.348
7-Jan,1.051,2.104,3.333
10-Jan,1.053,2.109,3.334
11-Jan,1.063,2.131,3.362
12-Jan,1.119,2.195,3.428
13-Jan,1.2,2.253,3.416
14-Jan,1.286,2.293,3.404
17-Jan,1.287,2.298,3.424
18-Jan,1.353,2.374,3.492
19-Jan,1.314,2.331,3.459
20-Jan,1.384,2.398,3.503
21-Jan,1.419,2.597,3.491
24-Jan,1.404,2.582,3.477
25-Jan,1.42,2.589,3.471
26-Jan,1.474,2.646,3.524
27-Jan,1.529,2.709,3.564
28-Jan,1.525,2.687,3.522
31-Jan,1.537,2.692,3.529
1-Feb,1.533,2.702,3.57
2-Feb,1.596,2.739,3.608
3-Feb,1.482,2.645,3.591
4-Feb,1.557,2.704,3.615
7-Feb,1.512,2.691,3.62
8-Feb,1.578,2.724,3.625
9-Feb,1.603,2.765,3.66
10-Feb,1.609,2.762,3.658
11-Feb,1.587,2.741,3.66
14-Feb,1.593,2.744,3.672
15-Feb,1.599,2.745,3.665
16-Feb,1.566,2.697,3.61
17-Feb,1.5,2.641,3.571
18-Feb,1.543,2.686,3.614
21-Feb,1.525,2.641,3.545
22-Feb,1.567,2.634,3.506
23-Feb,1.588,2.646,3.498
24-Feb,1.58,2.637,3.496
25-Feb,1.588,2.66,3.517
28-Feb,1.567,2.67,3.542
1-Mar,1.575,2.685,3.556
2-Mar,1.581,2.704,3.573
3-Mar,1.807,2.89,3.69
4-Mar,1.787,2.857,3.63
7-Mar,1.783,2.861,3.62
8-Mar,1.782,2.89,3.666
9-Mar,1.763,2.872,3.655
10-Mar,1.733,2.829,3.613
11-Mar,1.682,2.772,3.562
14-Mar,1.664,2.754,3.562
15-Mar,1.561,2.649,3.47
16-Mar,1.507,2.593,3.427
17-Mar,1.599,2.69,3.511
18-Mar,1.661,2.723,3.525
21-Mar,1.75,2.791,3.564
22-Mar,1.715,2.801,3.595
23-Mar,1.712,2.799,3.594
24-Mar,1.716,2.797,3.609
25-Mar,1.756,2.839,3.634
28-Mar,1.761,2.851,3.638
29-Mar,1.803,2.907,3.681
30-Mar,1.775,2.904,3.687
31-Mar,1.812,2.935,3.71
1-Apr,1.833,2.957,3.722
4-Apr,1.825,2.94,3.717
5-Apr,1.851,2.969,3.737
6-Apr,1.833,2.976,3.756
7-Apr,1.826,2.962,3.731
8-Apr,1.895,3.03,3.779
11-Apr,1.894,3.028,3.775
12-Apr,1.834,2.958,3.728
13-Apr,1.854,2.976,3.734
14-Apr,1.861,2.995,3.741
15-Apr,1.864,2.975,3.702
18-Apr,1.778,2.877,3.61
19-Apr,1.817,2.896,3.602
20-Apr,1.845,2.947,3.633
21-Apr,1.771,2.898,3.602
22-Apr,1.771,2.897,3.602
25-Apr,1.771,2.897,3.602
26-Apr,1.756,2.885,3.607
27-Apr,1.81,2.943,3.642
28-Apr,1.772,2.883,3.574
29-Apr,1.773,2.863,3.559
2-May,1.81,2.876,3.56
3-May,1.874,2.939,3.592
4-May,1.902,2.955,3.623
5-May,1.756,2.844,3.547
6-May,1.766,2.819,3.499
9-May,1.723,2.759,3.456
10-May,1.727,2.761,3.463
11-May,1.728,2.754,3.464
12-May,1.721,2.731,3.447
13-May,1.729,2.707,3.416
16-May,1.756,2.741,3.455
17-May,1.738,2.74,3.435
18-May,1.777,2.779,3.468
19-May,1.778,2.776,3.474
20-May,2.009,2.726,3.434
23-May,1.949,2.671,3.398
24-May,1.957,2.701,3.447
25-May,1.896,2.651,3.411
26-May,1.829,2.58,3.352
27-May,1.788,2.555,3.341
30-May,1.802,2.559,3.336
31-May,1.823,2.594,3.385
1-Jun,1.826,2.569,3.328
2-Jun,1.837,2.569,3.311
3-Jun,1.891,2.644,3.353
6-Jun,1.872,2.616,3.334
7-Jun,1.924,2.674,3.405
8-Jun,1.889,2.636,3.407
9-Jun,1.848,2.59,3.385
10-Jun,1.774,2.507,3.331
13-Jun,1.781,2.515,3.326
14-Jun,1.82,2.562,3.375
15-Jun,1.756,2.488,3.339
16-Jun,1.721,2.467,3.337
17-Jun,1.76,2.627,3.361
20-Jun,1.789,2.659,3.383
21-Jun,1.788,2.667,3.396
22-Jun,1.733,2.622,3.355
23-Jun,1.634,2.541,3.308
24-Jun,1.638,2.548,3.291
27-Jun,1.68,2.593,3.346
28-Jun,1.732,2.644,3.358
29-Jun,1.763,2.686,3.391
30-Jun,1.804,2.729,3.404
1-Jul,1.836,2.73,3.407
4-Jul,1.852,2.734,3.401
5-Jul,1.819,2.704,3.396
6-Jul,1.798,2.648,3.482
7-Jul,1.775,2.644,3.484
8-Jul,1.686,2.541,3.411
11-Jul,1.587,2.458,3.36
12-Jul,1.626,2.536,3.413
13-Jul,1.607,2.566,3.454
14-Jul,1.538,2.511,3.423
15-Jul,1.511,2.465,3.364
18-Jul,1.54,2.473,3.349
19-Jul,1.572,2.47,3.345
20-Jul,1.59,2.503,3.38
21-Jul,1.66,2.575,3.433
22-Jul,1.648,2.542,3.408
25-Jul,1.623,2.492,3.385
26-Jul,1.603,2.438,3.333
27-Jul,1.526,2.332,3.243
28-Jul,1.533,2.358,3.269
29-Jul,1.489,2.301,3.219
1-Aug,1.418,2.204,3.147
2-Aug,1.418,2.228,3.167
3-Aug,1.409,2.259,3.196
4-Aug,1.223,2.154,3.164
5-Aug,1.116,2.128,3.146
8-Aug,1.128,2.12,3.139
9-Aug,1.18,2.2,3.218
10-Aug,0.989,2,3.064
11-Aug,1.008,2.009,3.037
12-Aug,0.984,1.943,2.971
15-Aug,0.999,1.917,2.952
16-Aug,1.034,1.928,2.959
17-Aug,0.951,1.774,2.821
18-Aug,0.899,1.698,2.735
19-Aug,0.932,1.736,2.749
22-Aug,0.931,1.752,2.757
23-Aug,0.975,1.769,2.784
24-Aug,1.044,1.824,2.842
25-Aug,0.983,1.788,2.861
26-Aug,1.018,1.794,2.817
29-Aug,1.101,1.875,2.885
30-Aug,1.008,1.784,2.818
31-Aug,1.087,1.903,2.91
1-Sep,1.045,1.885,2.865
2-Sep,0.974,1.776,2.755
5-Sep,0.919,1.709,2.672
6-Sep,0.938,1.734,2.685
7-Sep,0.897,1.708,2.663
8-Sep,0.822,1.624,2.57
9-Sep,0.8,1.547,2.479
12-Sep,0.9,1.633,2.519
13-Sep,1.001,1.708,2.585
14-Sep,1.082,1.803,2.668
15-Sep,1.094,1.832,2.704
16-Sep,0.988,1.735,2.599
19-Sep,1.037,1.764,2.613
20-Sep,1.057,1.775,2.614
21-Sep,1.034,1.765,2.611
22-Sep,1.01,1.716,2.51
23-Sep,0.995,1.73,2.552
26-Sep,1.018,1.721,2.59
27-Sep,1.051,1.772,2.685
28-Sep,1.09,1.826,2.718
29-Sep,1.053,1.789,2.687
30-Sep,1.016,1.74,2.596
3-Oct,0.982,1.705,2.563
4-Oct,0.995,1.704,2.546
5-Oct,0.999,1.791,2.653
6-Oct,1.092,1.878,2.739
7-Oct,1.059,1.87,2.748
10-Oct,1.098,1.974,2.861
11-Oct,1.09,1.975,2.884
12-Oct,1.128,2.065,2.974
13-Oct,1.088,2.052,2.951
14-Oct,1.201,2.182,3.123
17-Oct,1.179,2.112,3.046
18-Oct,1.278,2.2,3.128
19-Oct,1.315,2.284,3.197
20-Oct,1.313,2.244,3.144
21-Oct,1.35,2.3,3.237
24-Oct,1.359,2.321,3.309
25-Oct,1.154,2.13,3.174
26-Oct,1.06,1.97,3.06
27-Oct,1.148,2.059,3.119
28-Oct,1.116,2.096,3.151
31-Oct,1.102,2.033,3.094
1-Nov,1.037,1.923,2.946
2-Nov,1.066,1.995,3.081
3-Nov,1.009,2.01,3.111
4-Nov,1.038,1.964,3.042
7-Nov,1.077,1.967,3.075
8-Nov,1.086,1.978,3.085
9-Nov,1.287,2.142,3.189
10-Nov,1.559,2.43,3.456
11-Nov,1.438,2.35,3.365
14-Nov,1.482,2.353,3.413
15-Nov,1.751,2.69,3.672
16-Nov,1.778,2.738,3.699
17-Nov,1.736,2.725,3.625
18-Nov,1.59,2.559,3.457
21-Nov,1.599,2.579,3.46
22-Nov,1.662,2.605,3.522
23-Nov,1.807,2.788,3.681
24-Nov,1.824,2.819,3.704
25-Nov,1.827,2.816,3.677
28-Nov,1.605,2.646,3.59
29-Nov,1.511,2.491,3.51
30-Nov,1.243,2.198,3.38
1-Dec,1.069,2.014,3.09
2-Dec,1.174,2.188,3.253
5-Dec,1.029,2.031,3.123
6-Dec,1.059,2.143,3.227
7-Dec,1.024,2.15,3.204
8-Dec,1.095,2.315,3.343
9-Dec,1.005,2.192,3.256
12-Dec,0.964,2.205,3.274
13-Dec,0.982,2.191,3.254
14-Dec,0.989,2.124,3.181
15-Dec,0.851,1.999,3.066
16-Dec,0.846,1.946,3.047
19-Dec,0.911,2.008,3.086
20-Dec,0.886,2.006,3.092
21-Dec,0.903,2.01,3.114
22-Dec,0.896,1.979,3.061
23-Dec,0.809,1.866,2.983
26-Dec,0.809,1.866,2.983
27-Dec,0.749,1.838,2.957
28-Dec,0.738,1.829,2.993
29-Dec,0.738,1.847,3.074
30-Dec,0.738,1.852,3.137
2-Jan,0.795,1.984,3.218
3-Jan,0.825,2.023,3.281
4-Jan,0.849,2.062,3.305
5-Jan,0.927,2.177,3.341
6-Jan,0.964,2.266,3.358
9-Jan,0.945,2.196,3.306
10-Jan,0.882,2.141,3.241
11-Jan,0.737,2.01,3.151
12-Jan,0.612,1.834,3.032
13-Jan,0.664,1.898,3.065
16-Jan,0.623,1.831,3.023
17-Jan,0.679,1.914,3.11
18-Jan,0.72,1.929,3.129
19-Jan,0.787,1.879,3.13
20-Jan,0.769,1.852,3.081
23-Jan,0.781,1.89,3.136
24-Jan,0.771,1.892,3.156
25-Jan,0.734,1.854,3.142
26-Jan,0.711,1.827,3.091
27-Jan,0.745,1.785,3.026
30-Jan,0.773,1.779,3.021
31-Jan,0.751,1.781,3.044
1-Feb,0.733,1.766,3.028
2-Feb,0.604,1.641,2.892
3-Feb,0.555,1.61,2.891
6-Feb,0.56,1.593,2.874
7-Feb,0.575,1.599,2.899
8-Feb,0.545,1.62,2.906
9-Feb,0.555,1.602,2.88
10-Feb,0.572,1.642,2.909
13-Feb,0.557,1.633,2.907
14-Feb,0.576,1.675,2.942
15-Feb,0.606,1.734,3.005
16-Feb,0.653,1.757,2.981
17-Feb,0.651,1.769,2.999
20-Feb,0.646,1.726,2.985
21-Feb,0.653,1.734,2.991
22-Feb,0.635,1.697,2.956
23-Feb,0.636,1.676,2.953
24-Feb,0.618,1.635,2.947
27-Feb,0.602,1.634,2.954
28-Feb,0.582,1.613,2.927
29-Feb,0.539,1.569,2.872
1-Mar,0.486,1.441,2.761
2-Mar,0.465,1.48,2.781
5-Mar,0.482,1.513,2.83
6-Mar,0.514,1.568,2.866
7-Mar,0.476,1.517,2.825
8-Mar,0.461,1.684,2.886
9-Mar,0.461,1.709,2.883
12-Mar,0.455,1.736,2.901
13-Mar,0.473,1.718,2.894
14-Mar,0.498,1.737,2.922
15-Mar,0.513,1.797,2.958
16-Mar,0.567,1.845,3.007
19-Mar,0.537,1.845,2.993
20-Mar,0.533,1.856,3.008
21-Mar,0.512,1.828,2.995
22-Mar,0.482,1.819,2.985
23-Mar,0.446,1.761,2.937
26-Mar,0.44,1.742,2.937
27-Mar,0.429,1.746,2.949
28-Mar,0.562,1.743,2.957
29-Mar,0.563,1.735,2.945
30-Mar,0.535,1.669,2.88
2-Apr,0.504,1.673,2.884
3-Apr,0.506,1.679,2.906
4-Apr,0.52,1.732,2.944
5-Apr,0.525,1.767,2.981
6-Apr,0.525,1.767,2.981
9-Apr,0.525,1.767,2.981
10-Apr,0.538,1.808,2.993
11-Apr,0.519,1.758,2.947
12-Apr,0.503,1.712,2.882
13-Apr,0.52,1.79,2.943
16-Apr,0.579,1.868,3.011
17-Apr,0.592,1.868,3.005
18-Apr,0.599,1.858,3.005
19-Apr,0.649,1.905,3.088
20-Apr,0.902,1.884,3.081
23-Apr,0.92,1.881,3.09
24-Apr,0.852,1.824,3.023
25-Apr,0.77,1.769,2.988
26-Apr,0.74,1.732,2.97
27-Apr,0.738,1.736,2.993
30-Apr,0.7,1.709,2.955
1-May,0.7,1.709,2.963
2-May,0.703,1.702,2.959
3-May,0.636,1.658,2.901
4-May,0.577,1.588,2.818
7-May,0.534,1.561,2.786
8-May,0.603,1.579,2.804
9-May,0.655,1.644,2.849
10-May,0.633,1.598,2.811
11-May,0.641,1.609,2.797
14-May,0.695,1.662,2.822
15-May,0.752,1.755,2.892
16-May,0.704,1.724,2.88
17-May,0.665,1.676,2.864
18-May,0.622,1.644,2.844
21-May,0.6,1.622,2.843
22-May,0.556,1.554,2.78
23-May,0.545,1.517,2.735
24-May,0.458,1.359,2.532
25-May,0.435,1.335,2.51
28-May,0.439,1.333,2.529
29-May,0.441,1.317,2.508
30-May,0.478,1.326,2.473
31-May,0.417,1.217,2.348
1-Jun,0.386,1.131,2.245
4-Jun,0.406,1.188,2.278
5-Jun,0.412,1.224,2.314
6-Jun,0.431,1.304,2.399
7-Jun,0.501,1.425,2.559
8-Jun,0.481,1.373,2.505
11-Jun,0.497,1.42,2.551
12-Jun,0.551,1.533,2.72
13-Jun,0.545,1.539,2.726
14-Jun,0.53,1.481,2.665
15-Jun,0.463,1.386,2.576
18-Jun,0.493,1.426,2.603
19-Jun,0.547,1.478,2.644
20-Jun,0.557,1.491,2.673
21-Jun,0.53,1.433,2.634
22-Jun,0.532,1.371,2.595
25-Jun,0.523,1.341,2.563
26-Jun,0.527,1.361,2.624
27-Jun,0.534,1.387,2.648
28-Jun,0.53,1.422,2.664
29-Jun,0.497,1.403,2.679
2-Jul,0.442,1.33,2.584
3-Jul,0.378,1.257,2.534
4-Jul,0.385,1.255,2.534
5-Jul,0.312,1.195,2.486
6-Jul,0.181,1.011,2.366
9-Jul,0.229,1.047,2.418
10-Jul,0.178,1.016,2.386
11-Jul,0.151,0.945,2.314
12-Jul,0.135,0.91,2.237
13-Jul,0.083,0.906,2.217
16-Jul,0.054,0.813,2.139
17-Jul,0.072,0.768,2.08
18-Jul,0.099,0.778,2.092
19-Jul,0.079,0.734,2.056
20-Jul,0.125,0.896,2.067
23-Jul,0.217,0.986,2.133
24-Jul,0.319,1.102,2.257
25-Jul,0.342,1.13,2.274
26-Jul,0.251,1.062,2.214
27-Jul,0.212,1.025,2.214
30-Jul,0.15,0.935,2.164
31-Jul,0.126,0.86,2.056
1-Aug,0.119,0.883,2.088
2-Aug,0.135,0.844,2.047
3-Aug,0.167,0.888,2.104
6-Aug,0.139,0.884,2.098
7-Aug,0.186,0.914,2.144
8-Aug,0.165,0.876,2.099
9-Aug,0.155,0.872,2.101
10-Aug,0.145,0.849,2.069
13-Aug,0.165,0.88,2.087
14-Aug,0.153,0.889,2.101
15-Aug,0.158,0.952,2.152
16-Aug,0.172,0.952,2.141
17-Aug,0.167,0.95,2.128
20-Aug,0.171,0.95,2.136
21-Aug,0.189,0.982,2.161
22-Aug,0.189,0.971,2.13
23-Aug,0.16,0.896,2.067
24-Aug,0.169,0.867,2.048
27-Aug,0.176,0.866,2.059
28-Aug,0.168,0.863,2.068
29-Aug,0.176,0.908,2.132
30-Aug,0.147,0.912,2.144
31-Aug,0.131,0.917,2.153
3-Sep,0.14,0.952,2.198
4-Sep,0.121,0.959,2.211
5-Sep,0.111,0.974,2.231
6-Sep,0.138,1,2.249
7-Sep,0.153,0.96,2.201
10-Sep,0.173,0.996,2.243
11-Sep,0.16,0.915,2.162
12-Sep,0.185,0.937,2.2
13-Sep,0.186,0.91,2.164
14-Sep,0.227,0.995,2.255
17-Sep,0.228,0.996,2.278
18-Sep,0.222,0.988,2.256
19-Sep,0.212,0.984,2.266
20-Sep,0.229,0.989,2.268
21-Sep,0.203,0.98,2.268
24-Sep,0.206,0.972,2.258
25-Sep,0.21,0.985,2.275
26-Sep,0.205,0.945,2.2
27-Sep,0.179,0.94,2.203
28-Sep,0.172,0.906,2.174
1-Oct,0.183,0.923,2.189
2-Oct,0.177,0.929,2.19
3-Oct,0.171,0.934,2.187
4-Oct,0.172,0.94,2.167
5-Oct,0.169,0.94,2.278
8-Oct,0.159,0.934,2.267
9-Oct,0.141,0.887,2.228
10-Oct,0.137,0.867,2.19
11-Oct,0.15,0.883,2.182
12-Oct,0.154,0.846,2.146
15-Oct,0.142,0.844,2.141
16-Oct,0.154,0.889,2.205
17-Oct,0.193,0.926,2.246
18-Oct,0.209,0.927,2.238
19-Oct,0.198,0.912,2.206
22-Oct,0.215,0.923,2.227
23-Oct,0.205,0.924,2.232
24-Oct,0.19,0.917,2.24
25-Oct,0.189,0.922,2.261
26-Oct,0.187,0.917,2.248
29-Oct,0.174,0.915,2.235
30-Oct,0.172,0.916,2.235
31-Oct,0.178,0.924,2.239
1-Nov,0.166,0.909,2.223
2-Nov,0.158,0.903,2.22
5-Nov,0.149,0.892,2.207
6-Nov,0.148,0.876,2.198
7-Nov,0.113,0.844,2.176
8-Nov,0.094,0.822,2.156
9-Nov,0.098,0.792,2.125
12-Nov,0.093,0.78,2.099
13-Nov,0.095,0.765,2.066
14-Nov,0.116,0.777,2.095
15-Nov,0.11,0.761,2.077
16-Nov,0.101,0.753,2.069
19-Nov,0.105,0.755,2.069
20-Nov,0.137,0.831,2.147
21-Nov,0.14,0.859,2.174
22-Nov,0.125,0.856,2.177
23-Nov,0.117,0.831,2.156
26-Nov,0.107,0.806,2.137
27-Nov,0.111,0.797,2.119
28-Nov,0.096,0.745,2.047
29-Nov,0.099,0.741,2.038
30-Nov,0.111,0.73,2.046
3-Dec,0.104,0.743,2.048
4-Dec,0.11,0.732,2.028
5-Dec,0.102,0.705,1.995
6-Dec,0.09,0.689,1.986
7-Dec,0.023,0.631,1.953
10-Dec,0.032,0.619,1.952
11-Dec,0.035,0.615,1.954
12-Dec,0.035,0.602,1.966
13-Dec,0.031,0.603,1.982
14-Dec,0.027,0.599,1.972
17-Dec,0.048,0.624,2.007
18-Dec,0.061,0.654,2.037
19-Dec,0.064,0.642,2.009
20-Dec,0.058,0.618,1.99
21-Dec,0.049,0.611,1.977
24-Dec,0.053,0.605,1.98
25-Dec,0.053,0.605,1.98
26-Dec,0.053,0.605,1.98
27-Dec,0.048,0.605,1.964
28-Dec,0.05,0.62,1.987
31-Dec,0.05,0.622,1.989
1-Jan,0.05,0.622,1.989
2-Jan,0.066,0.679,2.073
3-Jan,0.105,0.743,2.113
4-Jan,0.145,0.794,2.138
7-Jan,0.134,0.779,2.106
8-Jan,0.118,0.772,2.105
9-Jan,0.109,0.758,2.101
10-Jan,0.133,0.8,2.143
11-Jan,0.151,0.819,2.151
14-Jan,0.171,0.825,2.144
15-Jan,0.167,0.818,2.123
16-Jan,0.17,0.812,2.125
17-Jan,0.236,0.879,2.179
18-Jan,0.223,0.855,2.127
21-Jan,0.234,1.099,2.18
22-Jan,0.205,1.06,2.148
23-Jan,0.193,1.039,2.127
24-Jan,0.206,1.075,2.163
25-Jan,0.281,1.201,2.221
28-Jan,0.348,1.263,2.271
29-Jan,0.355,1.234,2.262
30-Jan,0.38,1.253,2.3
31-Jan,0.328,1.199,2.255
1-Feb,0.327,1.164,2.247
4-Feb,0.305,1.152,2.241
5-Feb,0.321,1.176,2.272
6-Feb,0.31,1.181,2.277
7-Feb,0.264,1.115,2.241
8-Feb,0.257,1.104,2.233
11-Feb,0.27,1.123,2.242
12-Feb,0.272,1.143,2.261
13-Feb,0.289,1.168,2.282
14-Feb,0.263,1.141,2.263
15-Feb,0.247,1.157,2.275
18-Feb,0.243,1.154,2.262
19-Feb,0.232,1.144,2.257
20-Feb,0.258,1.153,2.277
21-Feb,0.244,1.111,2.228
22-Feb,0.21,1.093,2.225
25-Feb,0.202,1.076,2.229
26-Feb,0.182,1.02,2.168
27-Feb,0.177,1.019,2.164
28-Feb,0.147,0.994,2.166
1-Mar,0.135,0.949,2.11
4-Mar,0.14,0.938,2.096
5-Mar,0.159,0.969,2.121
6-Mar,0.149,0.963,2.122
7-Mar,0.169,0.977,2.12
8-Mar,0.181,0.984,2.123
11-Mar,0.18,0.975,2.124
12-Mar,0.204,0.959,2.101
13-Mar,0.204,0.944,2.094
14-Mar,0.2,0.936,2.089
15-Mar,0.181,0.916,2.064
18-Mar,0.162,0.876,2.029
19-Mar,0.158,0.872,2.005
20-Mar,0.162,0.904,2.031
21-Mar,0.153,0.887,2.003
22-Mar,0.149,0.905,2.015
25-Mar,0.14,0.888,2.013
26-Mar,0.128,0.915,2.05
27-Mar,0.122,0.872,2.009
28-Mar,0.121,0.886,2.022
29-Mar,0.121,0.886,2.022
1-Apr,0.121,0.886,2.022
2-Apr,0.129,0.895,2.011
3-Apr,0.145,0.866,1.985
4-Apr,0.134,0.764,1.866
5-Apr,0.13,0.687,1.75
8-Apr,0.124,0.704,1.747
9-Apr,0.137,0.76,1.795
10-Apr,0.14,0.825,1.866
11-Apr,0.128,0.808,1.843
12-Apr,0.122,0.78,1.805
15-Apr,0.122,0.764,1.797
16-Apr,0.126,0.78,1.818
17-Apr,0.115,0.737,1.784
18-Apr,0.126,0.741,1.782
19-Apr,0.13,0.751,1.791
22-Apr,0.115,0.708,1.746
23-Apr,0.108,0.701,1.744
24-Apr,0.103,0.689,1.746
25-Apr,0.106,0.716,1.752
26-Apr,0.098,0.71,1.738
29-Apr,0.092,0.71,1.741
30-Apr,0.087,0.694,1.708
1-May,0.087,0.694,1.708
2-May,0.054,0.657,1.659
3-May,0.062,0.678,1.818
6-May,0.064,0.668,1.799
7-May,0.09,0.718,1.839
8-May,0.072,0.692,1.814
9-May,0.078,0.721,1.841
10-May,0.105,0.809,1.952
13-May,0.088,0.777,1.937
14-May,0.098,0.764,1.944
15-May,0.1,0.764,1.937
16-May,0.083,0.715,1.874
17-May,0.073,0.694,1.857
20-May,0.1,0.715,1.877
21-May,0.102,0.747,1.9
22-May,0.094,0.731,1.893
23-May,0.228,0.767,1.934
24-May,0.228,0.78,1.939
27-May,0.237,0.804,1.966
28-May,0.255,0.829,2.004
29-May,0.297,0.893,2.06
30-May,0.323,0.925,2.099
31-May,0.313,0.891,2.071
3-Jun,0.327,0.914,2.087
4-Jun,0.336,0.921,2.078
5-Jun,0.328,0.905,2.056
6-Jun,0.367,0.965,2.109
7-Jun,0.423,1.009,2.126
10-Jun,0.462,1.057,2.182
11-Jun,0.506,1.112,2.21
12-Jun,0.478,1.085,2.192
13-Jun,0.445,1.045,2.16
14-Jun,0.412,0.965,2.086
17-Jun,0.415,0.954,2.085
18-Jun,0.442,1.006,2.126
19-Jun,0.422,0.99,2.106
20-Jun,0.538,1.189,2.262
21-Jun,0.559,1.245,2.316
24-Jun,0.63,1.504,2.448
25-Jun,0.585,1.493,2.451
26-Jun,0.515,1.38,2.37
27-Jun,0.48,1.326,2.322
28-Jun,0.463,1.322,2.343
1-Jul,0.447,1.29,2.319
2-Jul,0.428,1.269,2.309
3-Jul,0.429,1.264,2.285
4-Jul,0.333,1.19,2.258
5-Jul,0.332,1.196,2.294
8-Jul,0.314,1.145,2.254
9-Jul,0.296,1.125,2.237
10-Jul,0.317,1.161,2.243
11-Jul,0.343,1.167,2.226
12-Jul,0.338,1.142,2.189
15-Jul,0.344,1.159,2.208
16-Jul,0.322,1.138,2.188
17-Jul,0.331,1.131,2.196
18-Jul,0.316,1.086,2.169
19-Jul,0.315,1.088,2.185
22-Jul,0.335,1.091,2.187
23-Jul,0.372,1.112,2.212
24-Jul,0.395,1.15,2.266
25-Jul,0.394,1.155,2.279
26-Jul,0.391,1.154,2.275
29-Jul,0.39,1.163,2.27
30-Jul,0.384,1.161,2.262
31-Jul,0.361,1.13,2.23
1-Aug,0.356,1.141,2.22
2-Aug,0.36,1.13,2.194
5-Aug,0.389,1.187,2.253
6-Aug,0.38,1.196,2.265
7-Aug,0.372,1.192,2.248
8-Aug,0.368,1.176,2.239
9-Aug,0.362,1.17,2.231
12-Aug,0.367,1.18,2.242
13-Aug,0.414,1.27,2.348
14-Aug,0.418,1.252,2.341
15-Aug,0.429,1.303,2.41
16-Aug,0.422,1.285,2.397
19-Aug,0.45,1.336,2.435
20-Aug,0.443,1.317,2.397
21-Aug,0.448,1.337,2.428
22-Aug,0.465,1.38,2.47
23-Aug,0.49,1.409,2.472
26-Aug,0.465,1.388,2.453
27-Aug,0.452,1.367,2.433
28-Aug,0.463,1.366,2.453
29-Aug,0.436,1.34,2.443
30-Aug,0.439,1.346,2.47
2-Sep,0.447,1.384,2.493
3-Sep,0.462,1.409,2.517
4-Sep,0.459,1.416,2.528
5-Sep,0.513,1.51,2.624
6-Sep,0.469,1.439,2.547
9-Sep,0.464,1.444,2.562
10-Sep,0.487,1.493,2.628
11-Sep,0.473,1.453,2.583
12-Sep,0.454,1.427,2.553
13-Sep,0.46,1.415,2.535
16-Sep,0.45,1.362,2.482
17-Sep,0.443,1.352,2.48
18-Sep,0.449,1.38,2.505
19-Sep,0.395,1.284,2.42
20-Sep,0.408,1.303,2.45
23-Sep,0.391,1.276,2.423
24-Sep,0.375,1.225,2.356
25-Sep,0.386,1.237,2.348
26-Sep,0.393,1.25,2.362
27-Sep,0.374,1.221,2.335
30-Sep,0.366,1.202,2.321
1-Oct,0.369,1.211,2.325
2-Oct,0.365,1.216,2.342
3-Oct,0.362,1.226,2.342
4-Oct,0.38,1.255,2.362
7-Oct,0.366,1.231,2.331
8-Oct,0.369,1.248,2.339
9-Oct,0.371,1.253,2.348
10-Oct,0.379,1.277,2.387
11-Oct,0.38,1.25,2.376
14-Oct,0.378,1.239,2.371
15-Oct,0.413,1.274,2.417
16-Oct,0.416,1.285,2.431
17-Oct,0.375,1.234,2.38
18-Oct,0.366,1.204,2.345
21-Oct,0.379,1.22,2.354
22-Oct,0.345,1.148,2.289
23-Oct,0.353,1.134,2.258
24-Oct,0.364,1.144,2.256
25-Oct,0.369,1.154,2.251
28-Oct,0.373,1.15,2.241
29-Oct,0.36,1.126,2.223
30-Oct,0.333,1.09,2.192
31-Oct,0.289,1.021,2.159
1-Nov,0.276,1,2.147
4-Nov,0.281,1.01,2.146
5-Nov,0.308,1.091,2.217
6-Nov,0.299,1.089,2.221
7-Nov,0.237,0.999,2.156
8-Nov,0.259,1.056,2.222
11-Nov,0.256,1.05,2.22
12-Nov,0.255,1.077,2.258
13-Nov,0.23,1.031,2.201
14-Nov,0.233,1.014,2.167
15-Nov,0.246,1.026,2.181
18-Nov,0.245,1.013,2.169
19-Nov,0.253,1.037,2.2
20-Nov,0.245,1.017,2.197
21-Nov,0.229,1.02,2.217
22-Nov,0.257,1.023,2.204
25-Nov,0.236,1.012,2.184
26-Nov,0.225,0.996,2.158
27-Nov,0.235,1.014,2.182
28-Nov,0.23,1.005,2.167
29-Nov,0.225,0.996,2.15
2-Dec,0.234,1.014,2.177
3-Dec,0.226,1.002,2.34
4-Dec,0.263,1.069,2.404
5-Dec,0.268,1.112,2.443
6-Dec,0.283,1.107,2.442
9-Dec,0.301,1.102,2.436
10-Dec,0.298,1.101,2.425
11-Dec,0.298,1.095,2.411
12-Dec,0.324,1.124,2.439
13-Dec,0.324,1.118,2.427
16-Dec,0.339,1.131,2.439
17-Dec,0.325,1.117,2.433
18-Dec,0.33,1.142,2.455
19-Dec,0.307,1.138,2.472
20-Dec,0.3,1.158,2.466
23-Dec,0.295,1.168,2.487
24-Dec,0.299,1.167,2.483
25-Dec,0.299,1.167,2.483
26-Dec,0.299,1.167,2.483
27-Dec,0.307,1.239,2.574
30-Dec,0.278,1.219,2.56
31-Dec,0.278,1.213,2.553
1-Jan,0.278,1.213,2.553
2-Jan,0.292,1.216,2.555
3-Jan,0.273,1.188,2.547
6-Jan,0.28,1.176,2.524
7-Jan,0.291,1.166,2.493
8-Jan,0.288,1.185,2.508
9-Jan,0.285,1.221,2.57
10-Jan,0.265,1.162,2.501
13-Jan,0.261,1.143,2.481
14-Jan,0.283,1.14,2.464
15-Jan,0.299,1.16,2.479
16-Jan,0.283,1.127,2.446
17-Jan,0.268,1.087,2.412
20-Jan,0.259,1.058,2.392
21-Jan,0.268,1.064,2.405
22-Jan,0.279,1.091,2.439
23-Jan,0.273,1.087,2.423
24-Jan,0.254,1.038,2.375
27-Jan,0.259,1.03,2.363
28-Jan,0.253,1.019,2.363
29-Jan,0.239,0.997,2.338
30-Jan,0.204,0.963,2.305
31-Jan,0.178,0.884,2.227
3-Feb,0.199,0.885,2.213
4-Feb,0.193,0.901,2.23
5-Feb,0.187,0.903,2.226
6-Feb,0.229,0.965,2.281
7-Feb,0.201,0.92,2.242
10-Feb,0.221,0.946,2.274
11-Feb,0.215,0.951,2.278
12-Feb,0.212,0.974,2.304
13-Feb,0.192,0.934,2.267
14-Feb,0.198,0.958,2.278
17-Feb,0.247,1.112,2.279
18-Feb,0.236,1.077,2.251
19-Feb,0.236,1.076,2.255
20-Feb,0.252,1.103,2.293
21-Feb,0.245,1.066,2.255
24-Feb,0.254,1.088,2.271
25-Feb,0.248,1.056,2.228
26-Feb,0.221,1.018,2.197
27-Feb,0.2,0.96,2.124
28-Feb,0.243,1.054,2.194
3-Mar,0.225,1.001,2.133
4-Mar,0.231,1.021,2.17
5-Mar,0.235,1.012,2.17
6-Mar,0.271,1.062,2.216
7-Mar,0.283,1.067,2.214
10-Mar,0.268,1.048,2.199
11-Mar,0.273,1.061,2.218
12-Mar,0.264,1.025,2.183
13-Mar,0.236,0.978,2.137
14-Mar,0.249,0.989,2.122
17-Mar,0.253,1.001,2.13
18-Mar,0.253,0.989,2.119
19-Mar,0.265,1.019,2.161
20-Mar,0.299,1.069,2.186
21-Mar,0.292,1.05,2.158
24-Mar,0.272,1.012,2.12
25-Mar,0.259,1.001,2.118
26-Mar,0.243,0.972,2.096
27-Mar,0.218,0.937,2.057
28-Mar,0.218,0.948,2.063
31-Mar,0.234,0.965,2.083
1-Apr,0.254,0.989,2.099
2-Apr,0.271,1.013,2.136
3-Apr,0.258,0.975,2.111
4-Apr,0.238,0.882,2.029
7-Apr,0.248,0.904,2.039
8-Apr,0.256,0.93,2.056
9-Apr,0.272,0.961,2.078
10-Apr,0.243,0.899,2.017
11-Apr,0.251,0.898,2.009
14-Apr,0.256,0.899,2.013
15-Apr,0.23,0.846,1.948
16-Apr,0.237,0.856,1.952
17-Apr,0.274,0.902,1.986
18-Apr,0.274,0.902,1.986
21-Apr,0.274,0.902,1.986
22-Apr,0.274,0.919,2.009
23-Apr,0.351,0.922,2.005
24-Apr,0.358,0.935,2.008
25-Apr,0.336,0.905,1.972
28-Apr,0.341,0.915,1.99
29-Apr,0.316,0.897,1.994
30-Apr,0.298,0.863,1.951
1-May,0.298,0.863,1.951
2-May,0.268,0.824,1.924
5-May,0.274,0.835,1.938
6-May,0.286,0.839,1.927
7-May,0.297,0.862,1.942
8-May,0.26,0.807,1.895
9-May,0.269,0.799,1.897
12-May,0.274,0.814,1.917
13-May,0.254,0.774,1.879
14-May,0.229,0.709,1.808
15-May,0.217,0.686,1.762
16-May,0.231,0.699,1.784
19-May,0.23,0.716,1.81
20-May,0.227,0.731,1.833
21-May,0.231,0.737,1.842
22-May,0.203,0.709,1.819
23-May,0.191,0.705,1.815
26-May,0.183,0.702,1.825
27-May,0.177,0.677,1.791
28-May,0.165,0.639,1.724
29-May,0.174,0.65,1.741
30-May,0.186,0.674,1.766
2-Jun,0.179,0.674,1.772
3-Jun,0.189,0.704,1.811
4-Jun,0.189,0.722,1.841
5-Jun,0.161,0.641,1.792
6-Jun,0.134,0.544,1.703
9-Jun,0.145,0.567,1.7
10-Jun,0.19,0.617,1.757
11-Jun,0.169,0.607,1.754
12-Jun,0.149,0.598,1.755
13-Jun,0.131,0.593,1.731
16-Jun,0.124,0.589,1.727
17-Jun,0.143,0.633,1.769
18-Jun,0.138,0.615,1.845
19-Jun,0.119,0.559,1.769
20-Jun,0.126,0.581,1.792
23-Jun,0.125,0.578,1.779
24-Jun,0.122,0.567,1.759
25-Jun,0.115,0.639,1.697
26-Jun,0.108,0.632,1.683
27-Jun,0.121,0.66,1.705
30-Jun,0.119,0.643,1.699
1-Jul,0.111,0.636,1.704
2-Jul,0.117,0.663,1.749
3-Jul,0.105,0.642,1.72
4-Jul,0.103,0.627,1.695
7-Jul,0.101,0.616,1.693
8-Jul,0.091,0.583,1.652
9-Jul,0.094,0.59,1.659
10-Jul,0.093,0.578,1.638
11-Jul,0.091,0.582,1.64
14-Jul,0.093,0.587,1.645
15-Jul,0.095,0.583,1.635
16-Jul,0.091,0.569,1.614
17-Jul,0.091,0.553,1.576
18-Jul,0.099,0.566,1.573
21-Jul,0.095,0.557,1.559
22-Jul,0.101,0.554,1.568
23-Jul,0.092,0.532,1.541
24-Jul,0.101,0.551,1.574
25-Jul,0.094,0.533,1.551
28-Jul,0.098,0.537,1.542
29-Jul,0.094,0.519,1.504
30-Jul,0.1,0.543,1.549
31-Jul,0.082,0.526,1.529
1-Aug,0.082,0.52,1.515
4-Aug,0.084,0.52,1.515
5-Aug,0.088,0.55,1.565
6-Aug,0.083,0.522,1.52
7-Aug,0.074,0.502,1.487
8-Aug,0.073,0.492,1.457
11-Aug,0.067,0.498,1.467
12-Aug,0.069,0.488,1.46
13-Aug,0.059,0.452,1.425
14-Aug,0.053,0.444,1.404
15-Aug,0.041,0.411,1.339
18-Aug,0.052,0.458,1.412
19-Aug,0.046,0.448,1.391
20-Aug,0.047,0.438,1.379
21-Aug,0.053,0.449,1.385
22-Aug,0.049,0.438,1.368
25-Aug,0.019,0.383,1.309
26-Aug,0.03,0.373,1.274
27-Aug,0.024,0.353,1.253
28-Aug,0.022,0.358,1.24
29-Aug,0.013,0.366,1.253
1-Sep,-0.003,0.358,1.254
2-Sep,0.006,0.388,1.314
3-Sep,0.019,0.404,1.334
4-Sep,-0.052,0.32,1.303
5-Sep,-0.034,0.291,1.257
8-Sep,-0.035,0.305,1.283
9-Sep,-0.026,0.348,1.346
10-Sep,-0.023,0.355,1.364
11-Sep,-0.021,0.386,1.4
12-Sep,-0.001,0.408,1.429
15-Sep,-0.003,0.403,1.426
16-Sep,0.013,0.423,1.436
17-Sep,0.007,0.393,1.405
18-Sep,0.018,0.439,1.439
19-Sep,0.004,0.393,1.389
22-Sep,-0.001,0.362,1.346
23-Sep,0.004,0.378,1.349
24-Sep,-0.007,0.37,1.34
25-Sep,-0.014,0.355,1.32
26-Sep,-0.012,0.346,1.311
29-Sep,-0.008,0.345,1.304
30-Sep,-0.017,0.331,1.284
1-Oct,-0.022,0.312,1.241
2-Oct,-0.016,0.332,1.249
3-Oct,-0.011,0.349,1.264
6-Oct,-0.008,0.345,1.254
7-Oct,0.01,0.356,1.266
8-Oct,0.002,0.344,1.26
9-Oct,0.004,0.331,1.249
10-Oct,0.004,0.337,1.251
13-Oct,0.008,0.353,1.266
14-Oct,-0.003,0.319,1.199
15-Oct,-0.011,0.294,1.131
16-Oct,0.036,0.398,1.261
17-Oct,0.017,0.408,1.297
20-Oct,0.009,0.403,1.311
21-Oct,0.013,0.386,1.294
22-Oct,0.013,0.371,1.284
23-Oct,0.012,0.377,1.299
24-Oct,0.024,0.389,1.305
27-Oct,0.016,0.375,1.283
28-Oct,0.009,0.37,1.276
29-Oct,0.007,0.367,1.279
30-Oct,-0.004,0.333,1.229
31-Oct,-0.008,0.291,1.181
3-Nov,0.006,0.328,1.211
4-Nov,0.005,0.301,1.169
5-Nov,-0.003,0.301,1.189
6-Nov,-0.001,0.293,1.188
7-Nov,0.005,0.286,1.183
10-Nov,0.003,0.292,1.189
11-Nov,0.001,0.279,1.172
12-Nov,0.001,0.286,1.171
13-Nov,0.002,0.286,1.163
14-Nov,-0.003,0.272,1.139
17-Nov,0.002,0.28,1.148
18-Nov,0.012,0.284,1.145
19-Nov,0.033,0.332,1.195
20-Nov,0.022,0.298,1.141
21-Nov,0.009,0.283,1.11
24-Nov,0.009,0.282,1.114
25-Nov,0.008,0.264,1.066
26-Nov,0.002,0.27,1.05
27-Nov,0.003,0.251,0.992
28-Nov,0.004,0.265,0.969
1-Dec,0.006,0.272,0.988
2-Dec,0.001,0.27,1.012
3-Dec,-0.005,0.258,1.016
4-Dec,0.002,0.27,1.037
5-Dec,-0.001,0.27,1.03
8-Dec,-0.012,0.241,0.97
9-Dec,-0.007,0.255,0.965
10-Dec,-0.005,0.257,0.961
11-Dec,-0.008,0.253,0.947
12-Dec,-0.009,0.238,0.895
15-Dec,-0.014,0.235,0.894
16-Dec,-0.008,0.233,0.876
17-Dec,-0.021,0.226,0.871
18-Dec,-0.015,0.227,0.891
19-Dec,-0.033,0.224,0.887
22-Dec,-0.04,0.216,0.877
23-Dec,-0.037,0.208,0.867
24-Dec,-0.035,0.203,0.86
25-Dec,-0.035,0.203,0.86
26-Dec,-0.035,0.203,0.86
29-Dec,-0.046,0.171,0.83
30-Dec,-0.048,0.172,0.821
31-Dec,-0.049,0.168,0.822
1-Jan,-0.049,0.168,0.822
2-Jan,-0.068,0.138,0.778
5-Jan,-0.054,0.146,0.803
6-Jan,-0.053,0.126,0.73
7-Jan,-0.06,0.16,0.785
8-Jan,-0.058,0.164,0.797
9-Jan,-0.072,0.148,0.779
12-Jan,-0.068,0.145,0.753
13-Jan,-0.074,0.115,0.739
14-Jan,-0.074,0.07,0.65
15-Jan,-0.094,0.075,0.671
16-Jan,-0.108,0.052,0.632
19-Jan,-0.108,0.064,0.636
20-Jan,-0.088,0.098,0.646
21-Jan,-0.087,0.134,0.703
22-Jan,-0.102,0.108,0.616
23-Jan,-0.104,0.068,0.542
26-Jan,-0.09,0.098,0.582
27-Jan,-0.085,0.107,0.576
28-Jan,-0.092,0.091,0.569
29-Jan,-0.101,0.085,0.596
30-Jan,-0.099,0.044,0.535
2-Feb,-0.094,0.042,0.547
3-Feb,-0.108,0.042,0.576
4-Feb,-0.108,0.043,0.593
5-Feb,-0.118,0.052,0.587
6-Feb,-0.122,0.062,0.613
9-Feb,-0.118,0.064,0.666
10-Feb,-0.121,0.076,0.701
11-Feb,-0.119,0.063,0.681
12-Feb,-0.118,0.047,0.64
13-Feb,-0.115,0.047,0.644
16-Feb,-0.122,0.051,0.656
17-Feb,-0.11,0.068,0.69
18-Feb,-0.112,0.06,0.69
19-Feb,-0.099,0.068,0.704
20-Feb,-0.102,0.057,0.682
23-Feb,-0.11,0.09,0.657
24-Feb,-0.111,0.091,0.649
25-Feb,-0.121,0.066,0.61
26-Feb,-0.142,0.041,0.575
27-Feb,-0.136,0.055,0.603
2-Mar,-0.131,0.081,0.636
3-Mar,-0.135,0.096,0.666
4-Mar,-0.124,0.109,0.675
5-Mar,-0.13,0.079,0.645
6-Mar,-0.138,0.084,0.691
9-Mar,-0.143,0.049,0.604
10-Mar,-0.148,0.026,0.522
11-Mar,-0.157,0.017,0.481
12-Mar,-0.152,0.031,0.492
13-Mar,-0.151,0.042,0.496
16-Mar,-0.14,0.064,0.515
17-Mar,-0.135,0.084,0.534
18-Mar,-0.149,0.047,0.472
19-Mar,-0.157,0.038,0.453
20-Mar,-0.157,0.036,0.441
23-Mar,-0.136,0.082,0.49
24-Mar,-0.143,0.09,0.507
25-Mar,-0.149,0.08,0.5
26-Mar,-0.162,0.064,0.493
27-Mar,-0.165,0.059,0.499
30-Mar,-0.167,0.07,0.505
31-Mar,-0.171,0.051,0.474
1-Apr,-0.176,0.051,0.451
2-Apr,-0.175,0.067,0.483
3-Apr,-0.175,0.067,0.483
6-Apr,-0.175,0.067,0.483
7-Apr,-0.18,0.044,0.466
8-Apr,-0.196,0.011,0.444
9-Apr,-0.189,0.009,0.447
10-Apr,-0.186,0.001,0.433
13-Apr,-0.186,0.005,0.431
14-Apr,-0.196,-0.001,0.406
15-Apr,-0.191,-0.023,0.351
16-Apr,-0.188,-0.016,0.351
17-Apr,-0.182,-0.003,0.368
20-Apr,-0.183,-0.003,0.356
21-Apr,-0.177,0.002,0.368
22-Apr,-0.174,0.03,0.414
23-Apr,-0.184,0.015,0.414
24-Apr,-0.192,0.016,0.417
27-Apr,-0.198,0.015,0.417
28-Apr,-0.202,0.006,0.422
29-Apr,-0.165,0.095,0.565
30-Apr,-0.155,0.131,0.638
1-May,-0.157,0.137,0.647
4-May,-0.153,0.165,0.724
5-May,-0.167,0.195,0.816
6-May,-0.16,0.23,0.899
7-May,-0.161,0.224,0.893
8-May,-0.161,0.192,0.834
11-May,-0.156,0.217,0.9
12-May,-0.147,0.25,0.969
13-May,-0.142,0.254,0.996
14-May,-0.136,0.253,0.969
15-May,-0.147,0.233,0.899
18-May,-0.149,0.239,0.932
19-May,-0.161,0.209,0.869
20-May,-0.16,0.228,0.914
21-May,-0.163,0.227,0.92
22-May,-0.162,0.214,0.893
25-May,-0.164,0.215,0.892
26-May,-0.169,0.176,0.852
27-May,-0.173,0.17,0.852
28-May,-0.173,0.165,0.837
29-May,-0.177,0.147,0.794
1-Jun,-0.17,0.179,0.861
2-Jun,-0.149,0.259,1.022
3-Jun,-0.143,0.324,1.169
4-Jun,-0.145,0.309,1.14
5-Jun,-0.143,0.331,1.161
8-Jun,-0.138,0.347,1.206
9-Jun,-0.127,0.394,1.277
10-Jun,-0.138,0.389,1.311
11-Jun,-0.139,0.355,1.211
12-Jun,-0.135,0.369,1.211
15-Jun,-0.124,0.416,1.274
16-Jun,-0.13,0.409,1.251
17-Jun,-0.139,0.387,1.236
18-Jun,-0.149,0.362,1.206
19-Jun,-0.153,0.343,1.158
22-Jun,-0.143,0.372,1.248
23-Jun,-0.146,0.348,1.236
24-Jun,-0.157,0.352,1.222
25-Jun,-0.171,0.347,1.233
26-Jun,-0.165,0.375,1.296
29-Jun,-0.161,0.356,1.236
30-Jun,-0.17,0.322,1.193
1-Jul,-0.191,0.324,1.242
2-Jul,-0.189,0.356,1.303
3-Jul,-0.188,0.326,1.24
6-Jul,-0.165,0.339,1.242
7-Jul,-0.167,0.314,1.127
8-Jul,-0.174,0.305,1.124
9-Jul,-0.172,0.294,1.154
10-Jul,-0.153,0.372,1.281
13-Jul,-0.16,0.332,1.254
14-Jul,-0.163,0.315,1.217
15-Jul,-0.171,0.272,1.136
16-Jul,-0.162,0.284,1.136
17-Jul,-0.166,0.258,1.073
20-Jul,-0.168,0.237,1.037
21-Jul,-0.169,0.262,1.082
22-Jul,-0.175,0.237,1.048
23-Jul,-0.173,0.216,1.027
24-Jul,-0.173,0.189,0.966
27-Jul,-0.174,0.199,0.973
28-Jul,-0.185,0.186,0.975
29-Jul,-0.196,0.187,1.008
30-Jul,-0.193,0.16,0.939
31-Jul,-0.19,0.17,0.934
3-Aug,-0.193,0.167,0.937
4-Aug,-0.199,0.16,0.958
5-Aug,-0.2,0.205,1.062
6-Aug,-0.198,0.184,1.008
7-Aug,-0.207,0.154,0.964
10-Aug,-0.21,0.164,1
11-Aug,-0.209,0.133,0.928
12-Aug,-0.212,0.13,0.925
13-Aug,-0.207,0.145,0.947
14-Aug,-0.205,0.164,0.978
17-Aug,-0.194,0.152,0.944
18-Aug,-0.184,0.182,0.977
19-Aug,-0.171,0.176,0.967
20-Aug,-0.177,0.152,0.944
21-Aug,-0.178,0.159,0.948
24-Aug,-0.173,0.179,0.975
25-Aug,-0.156,0.246,1.119
26-Aug,-0.157,0.23,1.079
27-Aug,-0.156,0.245,1.1
28-Aug,-0.147,0.255,1.088
31-Aug,-0.146,0.279,1.151
1-Sep,-0.155,0.283,1.157
2-Sep,-0.158,0.258,1.13
3-Sep,-0.182,0.196,1.063
4-Sep,-0.186,0.177,1.013
7-Sep,-0.179,0.183,1.123
8-Sep,-0.168,0.183,1.1
9-Sep,-0.168,0.173,1.098
10-Sep,-0.168,0.181,1.096
11-Sep,-0.174,0.165,1.058
14-Sep,-0.179,0.163,1.059
15-Sep,-0.186,0.189,1.137
16-Sep,-0.186,0.217,1.165
17-Sep,-0.176,0.232,1.163
18-Sep,-0.189,0.154,1.031
21-Sep,-0.186,0.16,1.058
22-Sep,-0.196,0.117,0.968
23-Sep,-0.192,0.126,0.975
24-Sep,-0.17,0.224,0.992
25-Sep,-0.164,0.233,1.044
28-Sep,-0.176,0.217,0.996
29-Sep,-0.174,0.228,0.989
30-Sep,-0.178,0.218,0.984
1-Oct,-0.202,0.173,0.928
2-Oct,-0.2,0.153,0.891
5-Oct,-0.192,0.173,0.946
6-Oct,-0.189,0.195,0.976
7-Oct,-0.19,0.197,0.965
8-Oct,-0.191,0.197,0.956
9-Oct,-0.188,0.214,0.986
12-Oct,-0.195,0.191,0.951
13-Oct,-0.19,0.193,0.956
14-Oct,-0.204,0.157,0.911
15-Oct,-0.201,0.166,0.922
16-Oct,-0.208,0.158,0.916
19-Oct,-0.209,0.154,0.93
20-Oct,-0.188,0.202,0.995
21-Oct,-0.203,0.161,0.928
22-Oct,-0.265,0.082,0.838
23-Oct,-0.262,0.08,0.85
26-Oct,-0.267,0.078,0.847
27-Oct,-0.281,0.047,0.793
28-Oct,-0.289,0.033,0.782
29-Oct,-0.279,0.092,0.871
30-Oct,-0.277,0.09,0.864
2-Nov,-0.256,0.124,0.924
3-Nov,-0.261,0.12,0.936
4-Nov,-0.257,0.117,0.953
5-Nov,-0.25,0.12,0.946
6-Nov,-0.222,0.169,1.02
9-Nov,-0.264,0.117,0.986
10-Nov,-0.284,0.083,0.946
11-Nov,-0.289,0.073,0.93
12-Nov,-0.294,0.081,0.923
13-Nov,-0.307,0.05,0.873
16-Nov,-0.308,0.032,0.851
17-Nov,-0.314,0.026,0.847
18-Nov,-0.301,0.02,0.825
19-Nov,-0.306,0.016,0.808
20-Nov,-0.313,0.015,0.816
23-Nov,-0.318,0.035,0.868
24-Nov,-0.304,0.044,0.847
25-Nov,-0.338,-0.001,0.799
26-Nov,-0.335,-0.002,0.797
27-Nov,-0.336,-0.017,0.773
30-Nov,-0.334,-0.011,0.789
1-Dec,-0.355,-0.03,0.788
2-Dec,-0.356,-0.046,0.784
3-Dec,-0.225,0.132,0.991
4-Dec,-0.228,0.14,1.001
7-Dec,-0.257,0.074,0.897
8-Dec,-0.254,0.068,0.88
9-Dec,-0.262,0.067,0.916
10-Dec,-0.278,0.046,0.884
11-Dec,-0.294,0.028,0.86
14-Dec,-0.285,0.063,0.92
15-Dec,-0.287,0.108,0.977
16-Dec,-0.282,0.127,1.009
17-Dec,-0.302,0.074,0.934
18-Dec,-0.309,0.05,0.888
21-Dec,-0.316,0.047,0.89
22-Dec,-0.301,0.076,0.953
23-Dec,-0.292,0.097,0.981
24-Dec,-0.291,0.104,0.996
25-Dec,-0.291,0.104,0.996
28-Dec,-0.299,0.078,0.915
29-Dec,-0.299,0.098,0.989
30-Dec,-0.317,0.08,0.986
31-Dec,-0.317,0.08,0.986
1-Jan,-0.317,0.08,0.986
4-Jan,-0.317,0.069,0.937
5-Jan,-0.336,0.039,0.906
6-Jan,-0.341,0.021,0.872
7-Jan,-0.338,0.052,0.916
8-Jan,-0.349,0.033,0.879
11-Jan,-0.338,0.051,0.918
12-Jan,-0.337,0.07,0.917
13-Jan,-0.338,0.055,0.879
14-Jan,-0.334,0.059,0.897
15-Jan,-0.34,0.038,0.873
18-Jan,-0.345,0.029,0.868
19-Jan,-0.344,0.026,0.866
20-Jan,-0.353,0.009,0.824
21-Jan,-0.38,-0.034,0.775
22-Jan,-0.38,-0.037,0.798
25-Jan,-0.376,-0.048,0.78
26-Jan,-0.383,-0.076,0.748
27-Jan,-0.376,-0.06,0.752
28-Jan,-0.381,-0.078,0.733
29-Jan,-0.404,-0.145,0.635
1-Feb,-0.387,-0.114,0.673
2-Feb,-0.406,-0.131,0.642
3-Feb,-0.419,-0.151,0.608
4-Feb,-0.405,-0.135,0.634
5-Feb,-0.42,-0.136,0.632
8-Feb,-0.44,-0.153,0.592
9-Feb,-0.443,-0.141,0.609
10-Feb,-0.44,-0.135,0.614
11-Feb,-0.448,-0.142,0.596
12-Feb,-0.418,-0.101,0.654
15-Feb,-0.422,-0.153,0.616
16-Feb,-0.411,-0.125,0.653
17-Feb,-0.403,-0.127,0.644
18-Feb,-0.41,-0.156,0.58
19-Feb,-0.418,-0.159,0.565
22-Feb,-0.422,-0.176,0.523
23-Feb,-0.421,-0.175,0.54
24-Feb,-0.411,-0.174,0.52
25-Feb,-0.425,-0.192,0.508
26-Feb,-0.432,-0.203,0.5
29-Feb,-0.458,-0.239,0.467
1-Mar,-0.449,-0.224,0.504
2-Mar,-0.434,-0.195,0.563
3-Mar,-0.459,-0.221,0.536
4-Mar,-0.435,-0.173,0.579
7-Mar,-0.451,-0.196,0.639
8-Mar,-0.464,-0.232,0.579
9-Mar,-0.444,-0.198,0.631
10-Mar,-0.39,-0.109,0.681
11-Mar,-0.416,-0.159,0.617
14-Mar,-0.421,-0.148,0.623
15-Mar,-0.414,-0.124,0.668
16-Mar,-0.414,-0.13,0.649
17-Mar,-0.413,-0.161,0.568
18-Mar,-0.419,-0.166,0.554
21-Mar,-0.425,-0.165,0.567
22-Mar,-0.427,-0.169,0.552
23-Mar,-0.434,-0.179,0.546
24-Mar,-0.428,-0.175,0.536
25-Mar,-0.428,-0.175,0.536
28-Mar,-0.428,-0.175,0.536
29-Mar,-0.442,-0.212,0.478
30-Mar,-0.438,-0.204,0.484
31-Mar,-0.443,-0.204,0.485
1-Apr,-0.446,-0.211,0.459
4-Apr,-0.439,-0.213,0.46
5-Apr,-0.447,-0.232,0.437
6-Apr,-0.448,-0.231,0.455
7-Apr,-0.461,-0.251,0.436
8-Apr,-0.469,-0.253,0.432
11-Apr,-0.468,-0.252,0.463
12-Apr,-0.459,-0.224,0.521
13-Apr,-0.464,-0.24,0.465
14-Apr,-0.457,-0.207,0.512
15-Apr,-0.475,-0.241,0.47
18-Apr,-0.467,-0.229,0.5
19-Apr,-0.469,-0.232,0.509
20-Apr,-0.468,-0.23,0.493
21-Apr,-0.458,-0.185,0.567
22-Apr,-0.466,-0.204,0.565
25-Apr,-0.462,-0.187,0.605
26-Apr,-0.422,-0.105,0.635
27-Apr,-0.419,-0.108,0.638
28-Apr,-0.418,-0.115,0.604
29-Apr,-0.399,-0.097,0.634
2-May,-0.395,-0.097,0.615
3-May,-0.413,-0.142,0.559
4-May,-0.415,-0.143,0.564
5-May,-0.43,-0.162,0.532
6-May,-0.436,-0.17,0.52
9-May,-0.444,-0.181,0.49
10-May,-0.432,-0.173,0.488
11-May,-0.437,-0.18,0.477
12-May,-0.434,-0.169,0.508
13-May,-0.434,-0.181,0.47
16-May,-0.432,-0.175,0.486
17-May,-0.429,-0.181,0.474
18-May,-0.424,-0.165,0.511
19-May,-0.417,-0.161,0.504
20-May,-0.419,-0.16,0.502
23-May,-0.422,-0.16,0.511
24-May,-0.425,-0.17,0.504
25-May,-0.438,-0.186,0.476
26-May,-0.444,-0.19,0.481
27-May,-0.446,-0.197,0.468
30-May,-0.441,-0.179,0.502
31-May,-0.439,-0.193,0.476
1-Jun,-0.442,-0.19,0.473
2-Jun,-0.442,-0.183,0.466
3-Jun,-0.451,-0.202,0.412
6-Jun,-0.453,-0.18,0.452
7-Jun,-0.45,-0.198,0.406
8-Jun,-0.442,-0.198,0.409
9-Jun,-0.447,-0.204,0.386
10-Jun,-0.437,-0.197,0.387
13-Jun,-0.441,-0.19,0.406
14-Jun,-0.444,-0.192,0.423
15-Jun,-0.453,-0.204,0.4
16-Jun,-0.449,-0.186,0.4
17-Jun,-0.461,-0.199,0.426
20-Jun,-0.458,-0.229,0.421
21-Jun,-0.462,-0.228,0.415
22-Jun,-0.462,-0.222,0.421
23-Jun,-0.454,-0.209,0.453
24-Jun,-0.509,-0.248,0.381
27-Jun,-0.508,-0.274,0.29
28-Jun,-0.515,-0.306,0.24
29-Jun,-0.525,-0.328,0.215
30-Jun,-0.548,-0.356,0.181
1-Jul,-0.557,-0.376,0.156
4-Jul,-0.573,-0.393,0.16
5-Jul,-0.607,-0.408,0.131
6-Jul,-0.612,-0.398,0.131
7-Jul,-0.613,-0.401,0.133
8-Jul,-0.616,-0.427,0.102
11-Jul,-0.602,-0.421,0.12
12-Jul,-0.552,-0.389,0.19
13-Jul,-0.56,-0.405,0.146
14-Jul,-0.548,-0.381,0.185
15-Jul,-0.542,-0.349,0.23
18-Jul,-0.545,-0.358,0.213
19-Jul,-0.536,-0.354,0.203
20-Jul,-0.525,-0.344,0.22
21-Jul,-0.527,-0.347,0.215
22-Jul,-0.528,-0.338,0.208
25-Jul,-0.537,-0.351,0.192
26-Jul,-0.543,-0.353,0.192
27-Jul,-0.554,-0.386,0.137
28-Jul,-0.547,-0.382,0.129
29-Jul,-0.557,-0.403,0.101
1-Aug,-0.552,-0.393,0.125
2-Aug,-0.543,-0.363,0.187
3-Aug,-0.542,-0.366,0.188
4-Aug,-0.556,-0.403,0.129
5-Aug,-0.561,-0.398,0.153
8-Aug,-0.567,-0.408,0.151
9-Aug,-0.568,-0.416,0.139
10-Aug,-0.584,-0.443,0.102
11-Aug,-0.576,-0.431,0.12
12-Aug,-0.584,-0.436,0.111
15-Aug,-0.569,-0.41,0.14
16-Aug,-0.571,-0.39,0.193
17-Aug,-0.575,-0.395,0.168
18-Aug,-0.58,-0.414,0.136
19-Aug,-0.577,-0.389,0.186
22-Aug,-0.585,-0.418,0.134
23-Aug,-0.584,-0.417,0.133
24-Aug,-0.581,-0.406,0.142
25-Aug,-0.574,-0.393,0.162
26-Aug,-0.575,-0.392,0.168
29-Aug,-0.581,-0.401,0.158
30-Aug,-0.587,-0.405,0.145
31-Aug,-0.586,-0.389,0.177
1-Sep,-0.589,-0.38,0.176
2-Sep,-0.598,-0.378,0.187
5-Sep,-0.602,-0.387,0.242
6-Sep,-0.636,-0.437,0.173
7-Sep,-0.634,-0.451,0.163
8-Sep,-0.612,-0.404,0.227
9-Sep,-0.59,-0.359,0.304
12-Sep,-0.585,-0.345,0.331
13-Sep,-0.572,-0.328,0.367
14-Sep,-0.609,-0.374,0.316
15-Sep,-0.605,-0.374,0.33
16-Sep,-0.616,-0.381,0.306
19-Sep,-0.612,-0.37,0.318
20-Sep,-0.623,-0.389,0.278
21-Sep,-0.609,-0.383,0.298
22-Sep,-0.624,-0.425,0.198
23-Sep,-0.621,-0.42,0.212
26-Sep,-0.626,-0.441,0.18
27-Sep,-0.644,-0.461,0.164
28-Sep,-0.644,-0.459,0.158
29-Sep,-0.637,-0.447,0.184
30-Sep,-0.645,-0.443,0.183
3-Oct,-0.645,-0.431,0.224
4-Oct,-0.64,-0.412,0.263
5-Oct,-0.624,-0.373,0.326
6-Oct,-0.626,-0.376,0.283
7-Oct,-0.625,-0.365,0.312
10-Oct,-0.62,-0.36,0.344
11-Oct,-0.63,-0.37,0.318
12-Oct,-0.618,-0.348,0.361
13-Oct,-0.622,-0.36,0.327
14-Oct,-0.625,-0.359,0.334
17-Oct,-0.625,-0.363,0.338
18-Oct,-0.636,-0.376,0.318
19-Oct,-0.638,-0.377,0.307
20-Oct,-0.636,-0.387,0.278
21-Oct,-0.636,-0.383,0.283
24-Oct,-0.63,-0.377,0.3
25-Oct,-0.625,-0.369,0.305
26-Oct,-0.617,-0.339,0.365
27-Oct,-0.602,-0.295,0.451
28-Oct,-0.6,-0.275,0.464
31-Oct,-0.602,-0.278,0.464
1-Nov,-0.6,-0.27,0.497
2-Nov,-0.614,-0.297,0.446
3-Nov,-0.613,-0.287,0.467
4-Nov,-0.619,-0.302,0.46
7-Nov,-0.618,-0.297,0.463
8-Nov,-0.618,-0.283,0.497
9-Nov,-0.63,-0.287,0.538
10-Nov,-0.606,-0.203,0.674
11-Nov,-0.572,-0.132,0.744
14-Nov,-0.58,-0.11,0.793
15-Nov,-0.59,-0.15,0.725
16-Nov,-0.592,-0.142,0.739
17-Nov,-0.594,-0.148,0.742
18-Nov,-0.615,-0.162,0.757
21-Nov,-0.549,-0.023,0.755
22-Nov,-0.604,-0.083,0.705
23-Nov,-0.578,-0.033,0.779
24-Nov,-0.601,-0.037,0.786
25-Nov,-0.604,-0.022,0.785
28-Nov,-0.625,-0.039,0.764
29-Nov,-0.643,-0.101,0.696
30-Nov,-0.635,-0.086,0.749
1-Dec,-0.628,-0.026,0.812
2-Dec,-0.635,-0.074,0.716
5-Dec,-0.603,-0.021,0.787
6-Dec,-0.589,-0.017,0.801
7-Dec,-0.575,-0.029,0.754
8-Dec,-0.634,-0.064,0.803
9-Dec,-0.626,-0.077,0.809
12-Dec,-0.615,-0.036,0.863
13-Dec,-0.617,-0.07,0.794
14-Dec,-0.628,-0.096,0.733
15-Dec,-0.626,-0.064,0.772
16-Dec,-0.641,-0.081,0.764
19-Dec,-0.661,-0.116,0.705
20-Dec,-0.641,-0.089,0.714
21-Dec,-0.646,-0.107,0.697
22-Dec,-0.662,-0.094,0.725
23-Dec,-0.669,-0.114,0.686
26-Dec,-0.669,-0.114,0.686
27-Dec,-0.685,-0.148,0.664
28-Dec,-0.692,-0.145,0.67
29-Dec,-0.71,-0.144,0.649
30-Dec,-0.691,-0.129,0.681
2-Jan,-0.677,-0.143,0.667
3-Jan,-0.676,-0.096,0.774
4-Jan,-0.686,-0.085,0.806
5-Jan,-0.641,-0.055,0.789
6-Jan,-0.626,-0.023,0.828
9-Jan,-0.633,-0.034,0.794
10-Jan,-0.628,-0.017,0.803
11-Jan,-0.624,-0.023,0.773
12-Jan,-0.607,-0.036,0.775
13-Jan,-0.606,-0.029,0.802
16-Jan,-0.593,-0.047,0.8
17-Jan,-0.599,-0.06,0.79
18-Jan,-0.599,-0.05,0.823
19-Jan,-0.576,-0.027,0.857
20-Jan,-0.539,0.006,0.904
23-Jan,-0.55,-0.028,0.852
24-Jan,-0.531,0.004,0.897
25-Jan,-0.496,0.067,0.966
26-Jan,-0.487,0.114,1.024
27-Jan,-0.489,0.122,1.028
30-Jan,-0.432,0.165,1.054
31-Jan,-0.495,0.135,1.034
1-Feb,-0.496,0.163,1.084
2-Feb,-0.55,0.106,1.043
3-Feb,-0.562,0.091,1.077
6-Feb,-0.542,0.141,1.136
7-Feb,-0.566,0.145,1.109
8-Feb,-0.564,0.103,1.002
9-Feb,-0.566,0.074,0.983
10-Feb,-0.555,0.12,1.051
13-Feb,-0.54,0.121,1.02
14-Feb,-0.527,0.116,1.048
15-Feb,-0.529,0.102,1.049
16-Feb,-0.52,0.085,1.013
17-Feb,-0.517,0.092,1.033
20-Feb,-0.468,0.127,1.056
21-Feb,-0.438,0.167,1.086
22-Feb,-0.478,0.124,1.011
23-Feb,-0.521,0.052,0.978
24-Feb,-0.55,0.012,0.922
27-Feb,-0.552,0.001,0.875
28-Feb,-0.542,0.014,0.886
1-Mar,-0.492,0.065,0.914
2-Mar,-0.501,0.061,0.923
3-Mar,-0.501,0.055,0.936
6-Mar,-0.536,0.061,0.959
7-Mar,-0.559,0.067,0.959
8-Mar,-0.498,0.144,1.018
9-Mar,-0.522,0.16,1.078
10-Mar,-0.493,0.221,1.111
13-Mar,-0.492,0.23,1.088
14-Mar,-0.492,0.232,1.085
15-Mar,-0.513,0.194,1.035
16-Mar,-0.478,0.262,1.088
17-Mar,-0.476,0.254,1.106
20-Mar,-0.457,0.248,1.117
21-Mar,-0.457,0.225,1.095
22-Mar,-0.49,0.157,1.044
23-Mar,-0.471,0.169,1.041
24-Mar,-0.508,0.12,0.982
27-Mar,-0.317,0.128,0.97
28-Mar,-0.336,0.107,0.958
29-Mar,-0.359,0.072,0.928
30-Mar,-0.314,0.106,0.939
31-Mar,-0.305,0.115,0.966
3-Apr,-0.348,0.077,0.948
4-Apr,-0.325,0.067,0.924
5-Apr,-0.355,0.039,0.92
6-Apr,-0.368,0.022,0.896
7-Apr,-0.392,-0.005,0.888
10-Apr,-0.337,0.033,0.927
11-Apr,-0.311,0.069,0.96
12-Apr,-0.344,0.059,0.925
13-Apr,-0.337,0.067,0.913
14-Apr,-0.337,0.067,0.913
17-Apr,-0.337,0.067,0.913
18-Apr,-0.335,0.076,0.89
19-Apr,-0.32,0.09,0.948
20-Apr,-0.334,0.063,0.921
21-Apr,-0.311,0.1,0.933
24-Apr,-0.455,-0.087,0.825
25-Apr,-0.416,-0.022,0.894
26-Apr,-0.426,-0.024,0.886
27-Apr,-0.47,-0.088,0.825
28-Apr,-0.472,-0.107,0.832
1-May,-0.472,-0.107,0.832
2-May,-0.46,-0.093,0.815
3-May,-0.461,-0.086,0.803
4-May,-0.452,-0.065,0.823
5-May,-0.436,-0.056,0.84
8-May,-0.433,-0.058,0.841
9-May,-0.433,-0.038,0.864
10-May,-0.441,-0.047,0.843
11-May,-0.442,-0.037,0.874
12-May,-0.456,-0.073,0.839
15-May,-0.43,-0.062,0.877
16-May,-0.418,-0.051,0.888
17-May,-0.438,-0.102,0.832
18-May,-0.46,-0.124,0.798
19-May,-0.451,-0.119,0.803
22-May,-0.428,-0.095,0.843
23-May,-0.441,-0.097,0.84
24-May,-0.455,-0.114,0.834
25-May,-0.484,-0.144,0.79
26-May,-0.493,-0.165,0.754
29-May,-0.502,-0.19,0.736
30-May,-0.492,-0.191,0.727
31-May,-0.52,-0.203,0.731
1-Jun,-0.519,-0.193,0.732
2-Jun,-0.533,-0.209,0.707
5-Jun,-0.521,-0.192,0.721
6-Jun,-0.546,-0.232,0.667
7-Jun,-0.522,-0.209,0.692
8-Jun,-0.533,-0.244,0.644
9-Jun,-0.524,-0.253,0.642
12-Jun,-0.529,-0.268,0.595
13-Jun,-0.511,-0.244,0.606
14-Jun,-0.507,-0.257,0.581
15-Jun,-0.487,-0.212,0.626
16-Jun,-0.491,-0.218,0.63
19-Jun,-0.486,-0.208,0.626
20-Jun,-0.493,-0.222,0.601
21-Jun,-0.489,-0.215,0.601
22-Jun,-0.487,-0.22,0.598
23-Jun,-0.473,-0.211,0.604
26-Jun,-0.472,-0.206,0.595
27-Jun,-0.395,-0.086,0.732
28-Jun,-0.424,-0.118,0.714
29-Jun,-0.389,-0.058,0.803
30-Jun,-0.391,-0.045,0.813
3-Jul,-0.395,-0.058,0.826
4-Jul,-0.415,-0.063,0.819
5-Jul,-0.407,-0.06,0.815
6-Jul,-0.367,0.012,0.915
7-Jul,-0.37,0.024,0.937
10-Jul,-0.384,0,0.907
11-Jul,-0.38,0.02,0.916
12-Jul,-0.399,-0.011,0.861
13-Jul,-0.392,0.004,0.879
14-Jul,-0.389,0.009,0.857
17-Jul,-0.401,-0.01,0.843
18-Jul,-0.413,-0.028,0.813
19-Jul,-0.413,-0.034,0.799
20-Jul,-0.409,-0.061,0.773
21-Jul,-0.411,-0.075,0.75
24-Jul,-0.419,-0.084,0.747
25-Jul,-0.41,-0.049,0.812
26-Jul,-0.425,-0.063,0.813
27-Jul,-0.436,-0.081,0.8
28-Jul,-0.44,-0.086,0.804
31-Jul,-0.455,-0.084,0.8
1-Aug,-0.5,-0.125,0.744
2-Aug,-0.51,-0.126,0.747
3-Aug,-0.505,-0.13,0.717
4-Aug,-0.495,-0.114,0.744
7-Aug,-0.49,-0.12,0.735
8-Aug,-0.469,-0.101,0.754
9-Aug,-0.489,-0.137,0.714
10-Aug,-0.489,-0.132,0.71
11-Aug,-0.503,-0.162,0.675
14-Aug,-0.502,-0.15,0.701
15-Aug,-0.491,-0.13,0.724
16-Aug,-0.484,-0.126,0.739
17-Aug,-0.476,-0.137,0.721
18-Aug,-0.48,-0.141,0.709
21-Aug,-0.49,-0.155,0.696
22-Aug,-0.497,-0.162,0.701
23-Aug,-0.509,-0.176,0.682
24-Aug,-0.514,-0.185,0.686
25-Aug,-0.505,-0.175,0.693
28-Aug,-0.519,-0.193,0.692
29-Aug,-0.523,-0.211,0.654
30-Aug,-0.525,-0.203,0.669
31-Aug,-0.529,-0.217,0.66
1-Sep,-0.529,-0.213,0.683
4-Sep,-0.538,-0.225,0.678
5-Sep,-0.555,-0.247,0.646
6-Sep,-0.539,-0.229,0.661
7-Sep,-0.563,-0.262,0.612
8-Sep,-0.558,-0.258,0.614
11-Sep,-0.549,-0.244,0.632
12-Sep,-0.523,-0.195,0.697
13-Sep,-0.517,-0.193,0.683
14-Sep,-0.507,-0.182,0.696
15-Sep,-0.489,-0.168,0.707
18-Sep,-0.482,-0.161,0.727
19-Sep,-0.486,-0.166,0.723
20-Sep,-0.482,-0.168,0.726
21-Sep,-0.484,-0.156,0.735
22-Sep,-0.487,-0.16,0.73
25-Sep,-0.521,-0.055,0.698
26-Sep,-0.523,-0.056,0.704
27-Sep,-0.503,-0.016,0.761
28-Sep,-0.5,-0.009,0.764
29-Sep,-0.494,-0.012,0.742
2-Oct,-0.504,-0.018,0.736
3-Oct,-0.504,-0.012,0.748
4-Oct,-0.496,-0.002,0.746
5-Oct,-0.489,0,0.733
6-Oct,-0.496,-0.001,0.733
9-Oct,-0.501,-0.005,0.716
10-Oct,-0.5,-0.007,0.715
11-Oct,-0.492,0.014,0.883
12-Oct,-0.508,-0.014,0.861
13-Oct,-0.532,-0.051,0.815
16-Oct,-0.543,-0.076,0.785
17-Oct,-0.534,-0.071,0.775
18-Oct,-0.522,-0.054,0.805
19-Oct,-0.539,-0.057,0.81
20-Oct,-0.532,-0.022,0.86
23-Oct,-0.544,-0.042,0.836
24-Oct,-0.532,-0.007,0.877
25-Oct,-0.533,0.002,0.881
26-Oct,-0.576,-0.064,0.821
27-Oct,-0.61,-0.104,0.789
30-Oct,-0.601,-0.107,0.761
31-Oct,-0.6,-0.108,0.753
1-Nov,-0.599,-0.104,0.761
2-Nov,-0.597,-0.104,0.758
3-Nov,-0.599,-0.107,0.751
6-Nov,-0.611,-0.131,0.722
7-Nov,-0.619,-0.154,0.685
8-Nov,-0.619,-0.142,0.695
9-Nov,-0.598,-0.109,0.748
10-Nov,-0.587,-0.087,0.776
13-Nov,-0.587,-0.09,0.777
14-Nov,-0.587,-0.1,0.756
15-Nov,-0.596,-0.126,0.73
16-Nov,-0.598,-0.128,0.726
17-Nov,-0.605,-0.133,0.705
20-Nov,-0.602,-0.132,0.694
21-Nov,-0.602,-0.139,0.668
22-Nov,-0.584,-0.124,0.663
23-Nov,-0.572,-0.101,0.675
24-Nov,-0.57,-0.094,0.693
27-Nov,-0.589,-0.125,0.672
28-Nov,-0.593,-0.126,0.669
29-Nov,-0.573,-0.084,0.708
30-Nov,-0.576,-0.1,0.68
1-Dec,-0.602,-0.15,0.606
4-Dec,-0.594,-0.124,0.648
5-Dec,-0.601,-0.147,0.621
6-Dec,-0.619,-0.17,0.609
7-Dec,-0.634,-0.179,0.607
8-Dec,-0.613,-0.153,0.629
11-Dec,-0.609,-0.151,0.62
12-Dec,-0.6,-0.141,0.64
13-Dec,-0.596,-0.129,0.656
14-Dec,-0.59,-0.129,0.644
15-Dec,-0.58,-0.126,0.627
18-Dec,-0.568,-0.127,0.627
19-Dec,-0.55,-0.078,0.702
20-Dec,-0.532,-0.051,0.73
21-Dec,-0.517,-0.039,0.732
22-Dec,-0.512,-0.027,0.735
25-Dec,-0.512,-0.027,0.735
26-Dec,-0.512,-0.027,0.735
27-Dec,-0.511,-0.04,0.713
28-Dec,-0.489,-0.008,0.762
29-Dec,-0.488,-0.01,0.78
1-Jan,-0.488,-0.01,0.78
2-Jan,-0.469,0.019,0.819
3-Jan,-0.476,0.001,0.794
4-Jan,-0.473,0.005,0.784
5-Jan,-0.473,0.002,0.793
8-Jan,-0.486,-0.005,0.786
9-Jan,-0.482,0.016,0.815
10-Jan,-0.485,0.017,0.811
11-Jan,-0.442,0.084,0.86
12-Jan,-0.437,0.091,0.849
15-Jan,-0.439,0.093,0.858
16-Jan,-0.442,0.084,0.834
17-Jan,-0.441,0.084,0.837
18-Jan,-0.445,0.084,0.846
19-Jan,-0.457,0.075,0.84
22-Jan,-0.461,0.077,0.841
23-Jan,-0.458,0.079,0.839
24-Jan,-0.46,0.094,0.857
25-Jan,-0.442,0.138,0.883
26-Jan,-0.419,0.179,0.909
29-Jan,-0.408,0.208,0.967
30-Jan,-0.416,0.199,0.96
31-Jan,-0.409,0.214,0.966
1-Feb,-0.416,0.208,0.974
2-Feb,-0.414,0.229,1.016
5-Feb,-0.428,0.195,0.993
6-Feb,-0.437,0.165,0.954
7-Feb,-0.419,0.2,0.982
8-Feb,-0.421,0.21,0.994
9-Feb,-0.433,0.2,0.982
12-Feb,-0.444,0.201,0.993
13-Feb,-0.44,0.2,0.994
14-Feb,-0.432,0.208,0.993
15-Feb,-0.423,0.215,1.005
16-Feb,-0.434,0.181,0.95
19-Feb,-0.433,0.2,0.99
20-Feb,-0.441,0.2,0.999
21-Feb,-0.436,0.196,0.986
22-Feb,-0.445,0.185,0.978
23-Feb,-0.452,0.162,0.93
26-Feb,-0.459,0.159,0.931
27-Feb,-0.448,0.177,0.946
28-Feb,-0.464,0.148,0.916
1-Mar,-0.475,0.144,0.907
2-Mar,-0.468,0.149,0.918
5-Mar,-0.472,0.143,0.904
6-Mar,-0.477,0.162,0.926
7-Mar,-0.476,0.151,0.897
8-Mar,-0.472,0.133,0.861
9-Mar,-0.47,0.153,0.889
12-Mar,-0.483,0.137,0.87
13-Mar,-0.482,0.133,0.861
14-Mar,-0.483,0.113,0.835
15-Mar,-0.489,0.088,0.82
16-Mar,-0.501,0.073,0.814
19-Mar,-0.494,0.076,0.815
20-Mar,-0.483,0.087,0.823
21-Mar,-0.479,0.091,0.827
22-Mar,-0.497,0.049,0.767
23-Mar,-0.499,0.045,0.756
26-Mar,-0.497,0.047,0.755
27-Mar,-0.502,0.029,0.729
28-Mar,-0.501,0.026,0.728
29-Mar,-0.507,0.006,0.718
30-Mar,-0.507,0.006,0.718
2-Apr,-0.507,0.006,0.718
3-Apr,-0.501,0.009,0.728
4-Apr,-0.511,0.003,0.72
5-Apr,-0.5,0.029,0.754
6-Apr,-0.505,0.012,0.733
9-Apr,-0.501,0.02,0.737
10-Apr,-0.489,0.039,0.752
11-Apr,-0.496,0.034,0.737
12-Apr,-0.501,0.034,0.749
13-Apr,-0.509,0.031,0.738
16-Apr,-0.503,0.038,0.749
17-Apr,-0.508,0.016,0.727
18-Apr,-0.497,0.035,0.746
19-Apr,-0.486,0.082,0.818
20-Apr,-0.496,0.067,0.807
23-Apr,-0.486,0.093,0.844
24-Apr,-0.485,0.092,0.844
25-Apr,-0.487,0.1,0.852
26-Apr,-0.5,0.069,0.814
27-Apr,-0.507,0.052,0.793
30-Apr,-0.51,0.041,0.784
1-May,-0.51,0.041,0.784
2-May,-0.505,0.052,0.8
3-May,-0.511,0.013,0.758
4-May,-0.503,0.029,0.779
7-May,-0.505,0.021,0.765
8-May,-0.502,0.042,0.804
9-May,-0.511,0.041,0.793
10-May,-0.514,0.041,0.795
11-May,-0.513,0.042,0.784
14-May,-0.49,0.087,0.834
15-May,-0.485,0.107,0.86
16-May,-0.485,0.079,0.841
17-May,-0.484,0.101,0.868
18-May,-0.498,0.06,0.828
21-May,-0.512,0.03,0.814
22-May,-0.499,0.041,0.83
23-May,-0.523,0.003,0.805
24-May,-0.541,-0.028,0.756
25-May,-0.549,-0.074,0.708
28-May,-0.576,-0.103,0.693
29-May,-0.606,-0.182,0.648
30-May,-0.482,-0.073,0.685
31-May,-0.511,-0.096,0.664
1-Jun,-0.515,-0.058,0.704
4-Jun,-0.519,-0.055,0.723
5-Jun,-0.553,-0.092,0.692
6-Jun,-0.504,0.006,0.8
7-Jun,-0.516,0.018,0.824
8-Jun,-0.533,-0.012,0.814
11-Jun,-0.508,0.019,0.904
12-Jun,-0.507,0.015,0.876
13-Jun,-0.512,-0.013,0.839
14-Jun,-0.543,-0.091,0.763
15-Jun,-0.54,-0.101,0.73
18-Jun,-0.541,-0.116,0.721
19-Jun,-0.558,-0.142,0.7
20-Jun,-0.565,-0.146,0.708
21-Jun,-0.576,-0.166,0.702
22-Jun,-0.569,-0.159,0.707
25-Jun,-0.464,0.026,0.714
26-Jun,-0.451,0.051,0.736
27-Jun,-0.462,0.036,0.711
28-Jun,-0.461,0.036,0.702
29-Jun,-0.475,0.014,0.662
2-Jul,-0.488,0.002,0.654
3-Jul,-0.49,-0.004,0.635
4-Jul,-0.479,0.005,0.643
5-Jul,-0.474,0.007,0.64
6-Jul,-0.483,0,0.637
9-Jul,-0.477,0.006,0.637
10-Jul,-0.472,0.024,0.652
11-Jul,-0.468,0.022,0.646
12-Jul,-0.46,0.022,0.636
13-Jul,-0.457,0.006,0.616
16-Jul,-0.445,0.028,0.647
17-Jul,-0.445,0.007,0.625
18-Jul,-0.446,0.002,0.627
19-Jul,-0.454,0.001,0.624
20-Jul,-0.438,0.034,0.677
23-Jul,-0.418,0.064,0.714
24-Jul,-0.425,0.054,0.7
25-Jul,-0.428,0.052,0.693
26-Jul,-0.431,0.056,0.697
27-Jul,-0.421,0.06,0.699
30-Jul,-0.402,0.092,0.744
31-Jul,-0.391,0.092,0.729
1-Aug,-0.372,0.124,0.775
2-Aug,-0.382,0.121,0.779
3-Aug,-0.405,0.087,0.736
6-Aug,-0.412,0.068,0.712
7-Aug,-0.404,0.079,0.726
8-Aug,-0.415,0.067,0.727
9-Aug,-0.432,0.047,0.71
10-Aug,-0.465,0.007,0.667
13-Aug,-0.466,0.016,0.678
14-Aug,-0.457,0.02,0.68
15-Aug,-0.461,0.003,0.666
16-Aug,-0.44,0.015,0.673
17-Aug,-0.455,0,0.662
20-Aug,-0.457,-0.006,0.651
21-Aug,-0.441,0.016,0.67
22-Aug,-0.423,0.03,0.684
23-Aug,-0.427,0.016,0.675
24-Aug,-0.429,0.024,0.683
27-Aug,-0.414,0.049,0.711
28-Aug,-0.413,0.05,0.717
29-Aug,-0.411,0.072,0.733
30-Aug,-0.447,0.032,0.69
31-Aug,-0.447,0.03,0.68
3-Sep,-0.441,0.04,0.692
4-Sep,-0.425,0.048,0.69
5-Sep,-0.409,0.067,0.716
6-Sep,-0.42,0.045,0.693
7-Sep,-0.403,0.068,0.718
10-Sep,-0.399,0.071,0.71
11-Sep,-0.393,0.088,0.736
12-Sep,-0.398,0.077,0.717
13-Sep,-0.392,0.094,0.731
14-Sep,-0.376,0.117,0.765
17-Sep,-0.368,0.126,0.77
18-Sep,-0.357,0.141,0.787
19-Sep,-0.363,0.148,0.797
20-Sep,-0.374,0.136,0.786
21-Sep,-0.379,0.13,0.777
24-Sep,-0.346,0.185,0.828
25-Sep,-0.329,0.209,0.854
26-Sep,-0.335,0.201,0.841
27-Sep,-0.336,0.215,0.843
28-Sep,-0.364,0.166,0.802
1-Oct,-0.367,0.17,0.824
2-Oct,-0.385,0.135,0.783
3-Oct,-0.357,0.173,0.817
4-Oct,-0.338,0.221,0.872
5-Oct,-0.338,0.243,0.903
8-Oct,-0.364,0.214,0.872
9-Oct,-0.354,0.233,0.888
10-Oct,-0.357,0.236,0.899
11-Oct,-0.37,0.222,0.879
12-Oct,-0.383,0.202,0.864
15-Oct,-0.393,0.201,0.866
16-Oct,-0.396,0.181,0.84
17-Oct,-0.409,0.154,0.813
18-Oct,-0.437,0.124,0.795
19-Oct,-0.386,0.186,0.837
22-Oct,-0.398,0.165,0.818
23-Oct,-0.415,0.134,0.784
24-Oct,-0.432,0.114,0.769
25-Oct,-0.418,0.124,0.769
26-Oct,-0.434,0.092,0.736
29-Oct,-0.43,0.093,0.74
30-Oct,-0.431,0.093,0.741
31-Oct,-0.435,0.094,0.749
1-Nov,-0.434,0.092,0.757
2-Nov,-0.433,0.109,0.782
5-Nov,-0.424,0.117,0.789
6-Nov,-0.415,0.128,0.8
7-Nov,-0.404,0.142,0.811
8-Nov,-0.399,0.15,0.819
9-Nov,-0.411,0.125,0.785
12-Nov,-0.418,0.114,0.779
13-Nov,-0.407,0.116,0.783
14-Nov,-0.414,0.101,0.78
15-Nov,-0.439,0.071,0.749
16-Nov,-0.453,0.082,0.762
19-Nov,-0.456,0.091,0.778
20-Nov,-0.466,0.08,0.756
21-Nov,-0.453,0.081,0.764
22-Nov,-0.455,0.071,0.749
23-Nov,-0.455,0.057,0.72
26-Nov,-0.445,0.068,0.737
27-Nov,-0.45,0.059,0.729
28-Nov,-0.446,0.057,0.728
29-Nov,-0.463,0.026,0.695
30-Nov,-0.469,0.019,0.683
3-Dec,-0.467,0.015,0.692
4-Dec,-0.481,-0.003,0.664
5-Dec,-0.469,0.006,0.677
6-Dec,-0.48,-0.015,0.661
7-Dec,-0.457,0.013,0.685
10-Dec,-0.436,0.039,0.691
11-Dec,-0.445,0.046,0.711
12-Dec,-0.43,0.054,0.73
13-Dec,-0.442,0.037,0.729
14-Dec,-0.45,0.014,0.709
17-Dec,-0.445,0.035,0.735
18-Dec,-0.452,0.031,0.708
19-Dec,-0.46,0.025,0.701
20-Dec,-0.465,0.018,0.674
21-Dec,-0.474,0.029,0.693
24-Dec,-0.474,0.029,0.693
25-Dec,-0.474,0.029,0.693
26-Dec,-0.474,0.029,0.693
27-Dec,-0.486,0.021,0.691
28-Dec,-0.477,0.031,0.705
31-Dec,-0.478,0.031,0.705
1-Jan,-0.478,0.031,0.705
2-Jan,-0.486,-0.008,0.648
3-Jan,-0.484,-0.022,0.651
4-Jan,-0.467,0.009,0.697
7-Jan,-0.445,0.035,0.724
8-Jan,-0.442,0.042,0.731
9-Jan,-0.453,0.027,0.712
10-Jan,-0.466,-0.002,0.672
11-Jan,-0.467,-0.007,0.661
14-Jan,-0.484,-0.029,0.637
15-Jan,-0.501,-0.06,0.622
16-Jan,-0.491,-0.047,0.634
17-Jan,-0.484,-0.035,0.641
18-Jan,-0.475,-0.013,0.659
21-Jan,-0.48,-0.025,0.654
22-Jan,-0.484,-0.041,0.641
23-Jan,-0.48,-0.042,0.633
24-Jan,-0.474,-0.07,0.583
25-Jan,-0.474,-0.063,0.595
28-Jan,-0.473,-0.06,0.606
29-Jan,-0.463,-0.058,0.608
30-Jan,-0.46,-0.062,0.594
31-Jan,-0.458,-0.082,0.552
1-Feb,-0.471,-0.081,0.571
4-Feb,-0.458,-0.067,0.582
5-Feb,-0.453,-0.064,0.579
6-Feb,-0.443,-0.06,0.575
7-Feb,-0.461,-0.089,0.548
8-Feb,-0.46,-0.094,0.539
11-Feb,-0.455,-0.082,0.563
12-Feb,-0.455,-0.074,0.563
13-Feb,-0.457,-0.082,0.549
14-Feb,-0.453,-0.088,0.527
15-Feb,-0.459,-0.087,0.535
18-Feb,-0.468,-0.092,0.543
19-Feb,-0.463,-0.091,0.532
20-Feb,-0.462,-0.097,0.524
21-Feb,-0.455,-0.072,0.541
22-Feb,-0.464,-0.094,0.514
25-Feb,-0.465,-0.084,0.522
26-Feb,-0.465,-0.085,0.524
27-Feb,-0.456,-0.062,0.55
28-Feb,-0.449,-0.05,0.568
1-Mar,-0.439,-0.041,0.577
4-Mar,-0.444,-0.056,0.557
5-Mar,-0.439,-0.051,0.559
6-Mar,-0.456,-0.096,0.51
7-Mar,-0.491,-0.164,0.42
8-Mar,-0.482,-0.16,0.405
11-Mar,-0.483,-0.166,0.407
12-Mar,-0.483,-0.156,0.471
13-Mar,-0.489,-0.168,0.462
14-Mar,-0.483,-0.155,0.466
15-Mar,-0.479,-0.164,0.457
18-Mar,-0.472,-0.163,0.453
19-Mar,-0.47,-0.158,0.465
20-Mar,-0.473,-0.157,0.456
21-Mar,-0.501,-0.194,0.4
22-Mar,-0.517,-0.222,0.352
25-Mar,-0.515,-0.213,0.352
26-Mar,-0.51,-0.205,0.354
27-Mar,-0.552,-0.277,0.298
28-Mar,-0.544,-0.256,0.31
29-Mar,-0.544,-0.267,0.316
1-Apr,-0.534,-0.226,0.371
2-Apr,-0.541,-0.247,0.352
3-Apr,-0.516,-0.214,0.396
4-Apr,-0.518,-0.227,0.365
5-Apr,-0.513,-0.229,0.36
8-Apr,-0.514,-0.227,0.362
9-Apr,-0.514,-0.244,0.342
10-Apr,-0.531,-0.271,0.321
11-Apr,-0.523,-0.256,0.33
12-Apr,-0.509,-0.209,0.398
15-Apr,-0.502,-0.193,0.418
16-Apr,-0.512,-0.195,0.418
17-Apr,-0.513,-0.194,0.422
18-Apr,-0.522,-0.23,0.368
19-Apr,-0.522,-0.23,0.368
22-Apr,-0.522,-0.23,0.368
23-Apr,-0.518,-0.215,0.393
24-Apr,-0.538,-0.254,0.345
25-Apr,-0.545,-0.244,0.369
26-Apr,-0.554,-0.262,0.35
29-Apr,-0.543,-0.246,0.364
30-Apr,-0.559,-0.246,0.366
1-May,-0.559,-0.246,0.366
2-May,-0.549,-0.244,0.373
3-May,-0.546,-0.246,0.371
6-May,-0.552,-0.255,0.355
7-May,-0.558,-0.276,0.326
8-May,-0.567,-0.273,0.33
9-May,-0.574,-0.266,0.343
10-May,-0.567,-0.266,0.346
13-May,-0.577,-0.277,0.331
14-May,-0.575,-0.278,0.326
15-May,-0.579,-0.295,0.303
16-May,-0.576,-0.301,0.293
17-May,-0.569,-0.304,0.285
20-May,-0.571,-0.294,0.309
21-May,-0.559,-0.279,0.326
22-May,-0.572,-0.298,0.305
23-May,-0.576,-0.319,0.281
24-May,-0.58,-0.319,0.28
27-May,-0.594,-0.34,0.259
28-May,-0.587,-0.345,0.248
29-May,-0.595,-0.362,0.225
30-May,-0.597,-0.367,0.235
31-May,-0.623,-0.391,0.207
3-Jun,-0.601,-0.386,0.2
4-Jun,-0.601,-0.39,0.183
5-Jun,-0.615,-0.421,0.152
6-Jun,-0.602,-0.423,0.113
7-Jun,-0.624,-0.452,0.083
10-Jun,-0.618,-0.424,0.135
11-Jun,-0.613,-0.422,0.118
12-Jun,-0.614,-0.422,0.111
13-Jun,-0.614,-0.417,0.109
14-Jun,-0.634,-0.432,0.092
17-Jun,-0.623,-0.429,0.105
18-Jun,-0.687,-0.523,0.007
19-Jun,-0.659,-0.475,0.046
20-Jun,-0.68,-0.506,0.011
21-Jun,-0.664,-0.47,0.045
24-Jun,-0.674,-0.492,0.022
25-Jun,-0.676,-0.51,-0.006
26-Jun,-0.667,-0.487,0.018
27-Jun,-0.675,-0.502,-0.002
28-Jun,-0.688,-0.519,-0.007
1-Jul,-0.699,-0.549,-0.05
2-Jul,-0.7,-0.556,-0.058
3-Jul,-0.698,-0.57,-0.104
4-Jul,-0.702,-0.586,-0.133
5-Jul,-0.681,-0.556,-0.088
8-Jul,-0.677,-0.536,-0.071
9-Jul,-0.671,-0.531,-0.055
10-Jul,-0.669,-0.518,-0.021
11-Jul,-0.67,-0.492,0.015
12-Jul,-0.662,-0.471,0.059
15-Jul,-0.674,-0.504,0.01
16-Jul,-0.679,-0.511,0.006
17-Jul,-0.69,-0.547,-0.039
18-Jul,-0.688,-0.562,-0.063
19-Jul,-0.706,-0.574,-0.072
22-Jul,-0.707,-0.58,-0.085
23-Jul,-0.708,-0.585,-0.091
24-Jul,-0.716,-0.594,-0.117
25-Jul,-0.709,-0.584,-0.11
26-Jul,-0.696,-0.583,-0.124
29-Jul,-0.702,-0.595,-0.141
30-Jul,-0.696,-0.594,-0.143
31-Jul,-0.713,-0.623,-0.186
1-Aug,-0.703,-0.615,-0.188
2-Aug,-0.714,-0.635,-0.24
5-Aug,-0.738,-0.649,-0.239
6-Aug,-0.736,-0.663,-0.266
7-Aug,-0.768,-0.712,-0.314
8-Aug,-0.758,-0.696,-0.283
9-Aug,-0.767,-0.683,-0.27
12-Aug,-0.781,-0.696,-0.288
13-Aug,-0.776,-0.711,-0.317
14-Aug,-0.773,-0.736,-0.372
15-Aug,-0.809,-0.798,-0.439
16-Aug,-0.803,-0.778,-0.416
19-Aug,-0.787,-0.748,-0.369
20-Aug,-0.794,-0.773,-0.414
21-Aug,-0.779,-0.745,-0.399
22-Aug,-0.764,-0.721,-0.361
23-Aug,-0.794,-0.745,-0.375
26-Aug,-0.802,-0.737,-0.376
27-Aug,-0.809,-0.757,-0.416
28-Aug,-0.813,-0.756,-0.435
29-Aug,-0.824,-0.764,-0.413
30-Aug,-0.837,-0.771,-0.406
2-Sep,-0.832,-0.773,-0.401
3-Sep,-0.826,-0.759,-0.399
4-Sep,-0.808,-0.753,-0.375
5-Sep,-0.786,-0.708,-0.294
6-Sep,-0.786,-0.731,-0.343
9-Sep,-0.778,-0.702,-0.283
10-Sep,-0.757,-0.681,-0.245
11-Sep,-0.756,-0.693,-0.264
12-Sep,-0.65,-0.606,-0.238
13-Sep,-0.667,-0.582,-0.172
16-Sep,-0.685,-0.601,-0.202
17-Sep,-0.67,-0.587,-0.183
18-Sep,-0.682,-0.602,-0.228
19-Sep,-0.676,-0.587,-0.217
20-Sep,-0.671,-0.583,-0.222
23-Sep,-0.689,-0.625,-0.29
24-Sep,-0.68,-0.626,-0.298
25-Sep,-0.677,-0.616,-0.276
26-Sep,-0.691,-0.627,-0.29
27-Sep,-0.703,-0.639,-0.283
30-Sep,-0.704,-0.642,-0.277
1-Oct,-0.706,-0.644,-0.266
2-Oct,-0.703,-0.626,-0.248
3-Oct,-0.716,-0.645,-0.29
4-Oct,-0.714,-0.648,-0.283
7-Oct,-0.698,-0.633,-0.275
8-Oct,-0.706,-0.653,-0.259
9-Oct,-0.68,-0.62,-0.22
10-Oct,-0.648,-0.559,-0.144
11-Oct,-0.66,-0.569,-0.13
14-Oct,-0.637,-0.562,-0.145
15-Oct,-0.645,-0.455,-0.122
16-Oct,-0.632,-0.44,-0.1
17-Oct,-0.629,-0.439,-0.117
18-Oct,-0.62,-0.419,-0.079
21-Oct,-0.616,-0.398,-0.044
22-Oct,-0.617,-0.408,-0.066
23-Oct,-0.622,-0.424,-0.094
24-Oct,-0.63,-0.439,-0.107
25-Oct,-0.619,-0.406,-0.063
28-Oct,-0.611,-0.388,-0.03
29-Oct,-0.597,-0.392,-0.053
30-Oct,-0.598,-0.399,-0.059
31-Oct,-0.626,-0.439,-0.099
1-Nov,-0.621,-0.422,-0.072
4-Nov,-0.607,-0.406,-0.045
5-Nov,-0.595,-0.386,-0.014
6-Nov,-0.601,-0.399,-0.04
7-Nov,-0.57,-0.322,0.055
8-Nov,-0.584,-0.35,0.022
11-Nov,-0.581,-0.331,0.05
12-Nov,-0.588,-0.34,0.046
13-Nov,-0.596,-0.363,0.011
14-Nov,-0.614,-0.393,-0.024
15-Nov,-0.608,-0.384,-0.023
18-Nov,-0.603,-0.385,-0.032
19-Nov,-0.612,-0.387,-0.029
20-Nov,-0.603,-0.392,-0.039
21-Nov,-0.587,-0.368,-0.018
22-Nov,-0.607,-0.39,-0.045
25-Nov,-0.6,-0.385,-0.04
26-Nov,-0.597,-0.398,-0.062
27-Nov,-0.599,-0.398,-0.06
28-Nov,-0.597,-0.391,-0.052
29-Nov,-0.602,-0.398,-0.052
2-Dec,-0.579,-0.346,0.027
3-Dec,-0.603,-0.401,-0.046
4-Dec,-0.603,-0.38,-0.009
5-Dec,-0.596,-0.359,0.021
6-Dec,-0.596,-0.35,0.031
9-Dec,-0.605,-0.373,0.008
10-Dec,-0.615,-0.372,0.014
11-Dec,-0.618,-0.391,-0.01
12-Dec,-0.613,-0.354,0.036
13-Dec,-0.608,-0.369,0.003
16-Dec,-0.622,-0.368,0.016
17-Dec,-0.63,-0.38,0.002
18-Dec,-0.622,-0.343,0.05
19-Dec,-0.619,-0.34,0.063
20-Dec,-0.627,-0.355,0.05
23-Dec,-0.625,-0.351,0.057
24-Dec,-0.627,-0.351,0.057
25-Dec,-0.627,-0.351,0.057
26-Dec,-0.627,-0.351,0.057
27-Dec,-0.625,-0.362,0.043
30-Dec,-0.603,-0.307,0.115
31-Dec,-0.603,-0.307,0.115
1-Jan,-0.604,-0.307,0.115
2-Jan,-0.587,-0.338,0.075
3-Jan,-0.61,-0.38,0.023
6-Jan,-0.609,-0.372,0.018
7-Jan,-0.607,-0.374,0.015
8-Jan,-0.583,-0.343,0.048
9-Jan,-0.581,-0.329,0.063
10-Jan,-0.58,-0.343,0.042
13-Jan,-0.567,-0.31,0.088
14-Jan,-0.562,-0.31,0.08
15-Jan,-0.568,-0.328,0.052
16-Jan,-0.567,-0.339,0.041
17-Jan,-0.56,-0.334,0.043
20-Jan,-0.558,-0.334,0.036
21-Jan,-0.552,-0.353,0.007
22-Jan,-0.552,-0.362,-0.008
23-Jan,-0.57,-0.399,-0.062
24-Jan,-0.579,-0.415,-0.078
27-Jan,-0.595,-0.452,-0.129
28-Jan,-0.587,-0.427,-0.087
29-Jan,-0.597,-0.452,-0.126
30-Jan,-0.615,-0.474,-0.149
31-Jan,-0.63,-0.506,-0.177
3-Feb,-0.634,-0.507,-0.181
4-Feb,-0.617,-0.48,-0.141
5-Feb,-0.609,-0.454,-0.104
6-Feb,-0.604,-0.455,-0.118
7-Feb,-0.613,-0.471,-0.137
10-Feb,-0.609,-0.478,-0.166
11-Feb,-0.608,-0.469,-0.146
12-Feb,-0.605,-0.464,-0.14
13-Feb,-0.616,-0.47,-0.145
14-Feb,-0.629,-0.483,-0.158
17-Feb,-0.622,-0.48,-0.164
18-Feb,-0.615,-0.477,-0.167
19-Feb,-0.616,-0.492,-0.185
20-Feb,-0.63,-0.506,-0.218
21-Feb,-0.632,-0.494,-0.203
24-Feb,-0.652,-0.522,-0.234
25-Feb,-0.667,-0.535,-0.247
26-Feb,-0.67,-0.529,-0.234
27-Feb,-0.676,-0.542,-0.259
28-Feb,-0.692,-0.568,-0.291
2-Mar,-0.754,-0.602,-0.302
3-Mar,-0.752,-0.623,-0.327
4-Mar,-0.775,-0.634,-0.325
5-Mar,-0.767,-0.646,-0.353
6-Mar,-0.736,-0.621,-0.348
9-Mar,-0.776,-0.644,-0.387
10-Mar,-0.763,-0.575,-0.302
11-Mar,-0.812,-0.586,-0.316
12-Mar,-0.708,-0.414,-0.112
13-Mar,-0.646,-0.297,0.01
16-Mar,-0.627,-0.209,0.159
17-Mar,-0.56,-0.166,0.22
18-Mar,-0.5,-0.059,0.342
19-Mar,-0.457,-0.084,0.224
20-Mar,-0.493,-0.212,0.105
23-Mar,-0.507,-0.207,0.104
24-Mar,-0.465,-0.163,0.181
25-Mar,-0.478,-0.148,0.212
26-Mar,-0.64,-0.347,0.008
27-Mar,-0.657,-0.404,-0.066
30-Mar,-0.623,-0.389,-0.052
31-Mar,-0.595,-0.353,-0.021
1-Apr,-0.569,-0.324,0.001
2-Apr,-0.527,-0.296,0.044
3-Apr,-0.518,-0.286,0.068
6-Apr,-0.497,-0.292,0.062
7-Apr,-0.463,-0.2,0.173
8-Apr,-0.451,-0.205,0.165
9-Apr,-0.524,-0.271,0.1
10-Apr,-0.524,-0.271,0.1
13-Apr,-0.524,-0.271,0.1
14-Apr,-0.524,-0.269,0.095
15-Apr,-0.494,-0.293,0.052
16-Apr,-0.486,-0.286,0.033
17-Apr,-0.5,-0.308,0.026
20-Apr,-0.464,-0.268,0.067
21-Apr,-0.469,-0.266,0.07
22-Apr,-0.444,-0.218,0.133
23-Apr,-0.505,-0.28,0.077
24-Apr,-0.554,-0.339,0.02
27-Apr,-0.524,-0.322,0.013
28-Apr,-0.545,-0.35,-0.002
29-Apr,-0.588,-0.392,-0.043
30-Apr,-0.639,-0.482,-0.113
1-May,-0.639,-0.482,-0.113
4-May,-0.6,-0.452,-0.062
5-May,-0.617,-0.467,-0.07
6-May,-0.539,-0.39,0.006
7-May,-0.57,-0.411,-0.029
8-May,-0.578,-0.444,-0.038
11-May,-0.539,-0.406,-0.009
12-May,-0.523,-0.401,-0.026
13-May,-0.546,-0.425,-0.05
14-May,-0.539,-0.419,-0.046
15-May,-0.515,-0.386,-0.027
18-May,-0.494,-0.352,-0.001
19-May,-0.536,-0.373,-0.019
20-May,-0.54,-0.398,-0.035
21-May,-0.555,-0.419,-0.059
22-May,-0.536,-0.404,-0.036
25-May,-0.535,-0.411,-0.047
26-May,-0.507,-0.367,0.005
27-May,-0.52,-0.382,-0.01
28-May,-0.539,-0.427,-0.061
29-May,-0.547,-0.447,-0.079
1-Jun,-0.531,-0.418,-0.03
2-Jun,-0.541,-0.428,-0.051
3-Jun,-0.519,-0.387,0.003
4-Jun,-0.503,-0.408,-0.007
5-Jun,-0.524,-0.399,0.015
8-Jun,-0.54,-0.424,0.043
9-Jun,-0.523,-0.394,0.074
10-Jun,-0.524,-0.379,0.074
11-Jun,-0.549,-0.433,-0.001
12-Jun,-0.574,-0.473,-0.041
15-Jun,-0.559,-0.473,-0.044
16-Jun,-0.57,-0.478,-0.053
17-Jun,-0.571,-0.482,-0.049
18-Jun,-0.563,-0.48,-0.074
19-Jun,-0.582,-0.487,-0.092
22-Jun,-0.613,-0.519,-0.12
23-Jun,-0.584,-0.492,-0.086
24-Jun,-0.596,-0.509,-0.106
25-Jun,-0.601,-0.522,-0.127
26-Jun,-0.614,-0.533,-0.128
29-Jun,-0.61,-0.53,-0.125
30-Jun,-0.615,-0.52,-0.113
1-Jul,-0.602,-0.472,-0.063
2-Jul,-0.627,-0.513,-0.113
3-Jul,-0.62,-0.509,-0.113
6-Jul,-0.619,-0.513,-0.123
7-Jul,-0.614,-0.503,-0.121
8-Jul,-0.601,-0.502,-0.128
9-Jul,-0.611,-0.514,-0.142
10-Jul,-0.61,-0.515,-0.142
13-Jul,-0.596,-0.483,-0.104
14-Jul,-0.605,-0.503,-0.133
15-Jul,-0.622,-0.512,-0.138
16-Jul,-0.64,-0.546,-0.155
17-Jul,-0.623,-0.52,-0.141
20-Jul,-0.631,-0.54,-0.167
21-Jul,-0.629,-0.545,-0.164
22-Jul,-0.648,-0.568,-0.186
23-Jul,-0.633,-0.552,-0.183
24-Jul,-0.62,-0.517,-0.149
27-Jul,-0.629,-0.549,-0.191
28-Jul,-0.63,-0.558,-0.197
29-Jul,-0.625,-0.552,-0.184
30-Jul,-0.643,-0.583,-0.219
31-Jul,-0.64,-0.573,-0.193
3-Aug,-0.633,-0.572,-0.205
4-Aug,-0.63,-0.596,-0.24
5-Aug,-0.614,-0.567,-0.204
6-Aug,-0.608,-0.577,-0.229
7-Aug,-0.64,-0.562,-0.218
10-Aug,-0.644,-0.588,-0.241
11-Aug,-0.659,-0.572,-0.205
12-Aug,-0.619,-0.554,-0.177
13-Aug,-0.6,-0.512,-0.127
14-Aug,-0.601,-0.507,-0.132
17-Aug,-0.614,-0.537,-0.162
18-Aug,-0.633,-0.543,-0.174
19-Aug,-0.621,-0.548,-0.185
20-Aug,-0.622,-0.563,-0.203
21-Aug,-0.622,-0.571,-0.203
24-Aug,-0.613,-0.56,-0.194
25-Aug,-0.595,-0.526,-0.138
26-Aug,-0.593,-0.517,-0.129
27-Aug,-0.601,-0.52,-0.116
28-Aug,-0.605,-0.525,-0.11
31-Aug,-0.598,-0.509,-0.097
1-Sep,-0.618,-0.537,-0.122
2-Sep,-0.623,-0.584,-0.184
3-Sep,-0.634,-0.588,-0.197
4-Sep,-0.634,-0.576,-0.175
7-Sep,-0.625,-0.573,-0.165
8-Sep,-0.638,-0.582,-0.196
9-Sep,-0.643,-0.56,-0.166
10-Sep,-0.619,-0.533,-0.142
11-Sep,-0.64,-0.563,-0.191
14-Sep,-0.638,-0.565,-0.202
15-Sep,-0.632,-0.565,-0.212
16-Sep,-0.633,-0.576,-0.224
17-Sep,-0.645,-0.593,-0.231
18-Sep,-0.645,-0.598,-0.223
21-Sep,-0.658,-0.626,-0.257
22-Sep,-0.653,-0.616,-0.241
23-Sep,-0.656,-0.612,-0.245
24-Sep,-0.659,-0.597,-0.227
25-Sep,-0.666,-0.612,-0.254
28-Sep,-0.664,-0.613,-0.253
29-Sep,-0.669,-0.628,-0.268
30-Sep,-0.666,-0.609,-0.244
1-Oct,-0.668,-0.623,-0.259
2-Oct,-0.672,-0.625,-0.262
5-Oct,-0.667,-0.609,-0.24
6-Oct,-0.664,-0.616,-0.248
7-Oct,-0.663,-0.602,-0.231
8-Oct,-0.679,-0.617,-0.26
9-Oct,-0.689,-0.625,-0.267
12-Oct,-0.692,-0.637,-0.286
13-Oct,-0.695,-0.646,-0.296
14-Oct,-0.696,-0.661,-0.312
15-Oct,-0.705,-0.678,-0.332
16-Oct,-0.712,-0.688,-0.347
19-Oct,-0.71,-0.691,-0.343
20-Oct,-0.711,-0.683,-0.329
21-Oct,-0.698,-0.671,-0.312
22-Oct,-0.699,-0.651,-0.287
23-Oct,-0.692,-0.657,-0.301
26-Oct,-0.699,-0.655,-0.3
27-Oct,-0.718,-0.681,-0.329
28-Oct,-0.717,-0.677,-0.329
29-Oct,-0.737,-0.704,-0.354
30-Oct,-0.719,-0.694,-0.343
2-Nov,-0.734,-0.71,-0.354
3-Nov,-0.727,-0.699,-0.345
4-Nov,-0.723,-0.713,-0.363
5-Nov,-0.709,-0.703,-0.365
6-Nov,-0.7,-0.699,-0.357
9-Nov,-0.673,-0.631,-0.256
10-Nov,-0.666,-0.608,-0.241
11-Nov,-0.673,-0.62,-0.268
12-Nov,-0.681,-0.636,-0.294
13-Nov,-0.685,-0.647,-0.31
16-Nov,-0.678,-0.65,-0.31
17-Nov,-0.681,-0.663,-0.333
18-Nov,-0.682,-0.658,-0.324
19-Nov,-0.684,-0.661,-0.339
20-Nov,-0.694,-0.673,-0.35
23-Nov,-0.691,-0.678,-0.345
24-Nov,-0.684,-0.658,-0.331
25-Nov,-0.687,-0.66,-0.334
26-Nov,-0.693,-0.67,-0.352
27-Nov,-0.693,-0.67,-0.348
30-Nov,-0.687,-0.658,-0.327
1-Dec,-0.67,-0.627,-0.291
2-Dec,-0.679,-0.634,-0.287
3-Dec,-0.693,-0.659,-0.321
4-Dec,-0.699,-0.663,-0.312
7-Dec,-0.717,-0.679,-0.342
8-Dec,-0.731,-0.7,-0.366
9-Dec,-0.734,-0.7,-0.363
10-Dec,-0.727,-0.697,-0.358
11-Dec,-0.732,-0.71,-0.384
14-Dec,-0.741,-0.709,-0.374
15-Dec,-0.737,-0.699,-0.374
16-Dec,-0.71,-0.658,-0.331
17-Dec,-0.711,-0.667,-0.333
18-Dec,-0.717,-0.669,-0.334
21-Dec,-0.706,-0.67,-0.341
22-Dec,-0.706,-0.674,-0.353
23-Dec,-0.676,-0.644,-0.313
24-Dec,-0.678,-0.644,-0.314
25-Dec,-0.678,-0.644,-0.314
28-Dec,-0.734,-0.658,-0.334
29-Dec,-0.719,-0.676,-0.344
30-Dec,-0.716,-0.676,-0.343
31-Dec,-0.717,-0.676,-0.343
1-Jan,-0.717,-0.676,-0.343
4-Jan,-0.682,-0.677,-0.37
5-Jan,-0.686,-0.661,-0.34
6-Jan,-0.679,-0.65,-0.323
7-Jan,-0.69,-0.653,-0.323
8-Jan,-0.684,-0.65,-0.318
11-Jan,-0.649,-0.631,-0.293
12-Jan,-0.625,-0.606,-0.257
13-Jan,-0.629,-0.634,-0.307
14-Jan,-0.646,-0.657,-0.329
15-Jan,-0.636,-0.654,-0.321
18-Jan,-0.623,-0.636,-0.305
19-Jan,-0.602,-0.63,-0.306
20-Jan,-0.624,-0.636,-0.304
21-Jan,-0.625,-0.619,-0.268
22-Jan,-0.605,-0.626,-0.28
25-Jan,-0.617,-0.654,-0.317
26-Jan,-0.618,-0.649,-0.304
27-Jan,-0.63,-0.66,-0.309
28-Jan,-0.633,-0.665,-0.306
29-Jan,-0.638,-0.651,-0.282
1-Feb,-0.629,-0.644,-0.281
2-Feb,-0.632,-0.627,-0.254
3-Feb,-0.64,-0.622,-0.239
4-Feb,-0.649,-0.612,-0.238
5-Feb,-0.649,-0.609,-0.23
8-Feb,-0.65,-0.604,-0.228
9-Feb,-0.657,-0.609,-0.226
10-Feb,-0.654,-0.606,-0.213
11-Feb,-0.652,-0.619,-0.235
12-Feb,-0.65,-0.596,-0.2
15-Feb,-0.641,-0.567,-0.156
16-Feb,-0.643,-0.552,-0.118
17-Feb,-0.641,-0.56,-0.129
18-Feb,-0.612,-0.534,-0.085
19-Feb,-0.629,-0.525,-0.059
22-Feb,-0.629,-0.549,-0.094
23-Feb,-0.61,-0.536,-0.063
24-Feb,-0.61,-0.527,-0.048
25-Feb,-0.565,-0.473,0.026
26-Feb,-0.597,-0.514,-0.012
1-Mar,-0.606,-0.572,-0.098
2-Mar,-0.621,-0.578,-0.113
3-Mar,-0.605,-0.555,-0.044
4-Mar,-0.62,-0.561,-0.063
5-Mar,-0.619,-0.551,-0.05
8-Mar,-0.627,-0.539,-0.034
9-Mar,-0.609,-0.551,-0.059
10-Mar,-0.617,-0.559,-0.066
11-Mar,-0.623,-0.576,-0.095
12-Mar,-0.624,-0.561,-0.068
15-Mar,-0.618,-0.585,-0.091
16-Mar,-0.618,-0.587,-0.087
17-Mar,-0.614,-0.561,-0.037
18-Mar,-0.639,-0.567,-0.019
19-Mar,-0.643,-0.586,-0.049
22-Mar,-0.646,-0.596,-0.062
23-Mar,-0.648,-0.606,-0.095
24-Mar,-0.646,-0.61,-0.111
25-Mar,-0.648,-0.623,-0.137
26-Mar,-0.644,-0.61,-0.105
29-Mar,-0.643,-0.593,-0.072
30-Mar,-0.654,-0.565,-0.044
31-Mar,-0.666,-0.568,-0.047
1-Apr,-0.687,-0.593,-0.081
2-Apr,-0.687,-0.593,-0.081
5-Apr,-0.687,-0.593,-0.081
6-Apr,-0.678,-0.585,-0.064
7-Apr,-0.682,-0.592,-0.075
8-Apr,-0.693,-0.599,-0.083
9-Apr,-0.669,-0.57,-0.046
12-Apr,-0.665,-0.567,-0.034
13-Apr,-0.664,-0.565,-0.035
14-Apr,-0.662,-0.548,-0.002
15-Apr,-0.668,-0.563,-0.036
16-Apr,-0.663,-0.559,-0.011
19-Apr,-0.656,-0.542,0.012
20-Apr,-0.659,-0.554,0.076
21-Apr,-0.663,-0.557,0.073
22-Apr,-0.652,-0.545,0.083
23-Apr,-0.66,-0.555,0.079
26-Apr,-0.656,-0.547,0.083
27-Apr,-0.662,-0.542,0.091
28-Apr,-0.658,-0.53,0.112
29-Apr,-0.654,-0.512,0.155
30-Apr,-0.659,-0.518,0.156
3-May,-0.661,-0.527,0.149
4-May,-0.663,-0.539,0.122
5-May,-0.659,-0.532,0.137
6-May,-0.656,-0.528,0.144
7-May,-0.648,-0.507,0.168
10-May,-0.653,-0.514,0.164
11-May,-0.636,-0.481,0.22
12-May,-0.624,-0.457,0.259
13-May,-0.628,-0.449,0.268
14-May,-0.627,-0.455,0.26
17-May,-0.617,-0.443,0.287
18-May,-0.61,-0.443,0.292
19-May,-0.62,-0.442,0.283
20-May,-0.632,-0.457,0.263
21-May,-0.636,-0.474,0.245
24-May,-0.643,-0.48,0.234
25-May,-0.644,-0.504,0.195
26-May,-0.661,-0.523,0.153
27-May,-0.653,-0.506,0.185
28-May,-0.651,-0.512,0.172
31-May,-0.65,-0.512,0.168
1-Jun,-0.654,-0.512,0.177
2-Jun,-0.657,-0.525,0.159
3-Jun,-0.652,-0.519,0.174
4-Jun,-0.653,-0.534,0.153
7-Jun,-0.645,-0.52,0.171
8-Jun,-0.644,-0.53,0.141
9-Jun,-0.658,-0.544,0.121
10-Jun,-0.66,-0.549,0.114
11-Jun,-0.656,-0.553,0.096
14-Jun,-0.64,-0.533,0.126
15-Jun,-0.651,-0.529,0.146
16-Jun,-0.655,-0.538,0.133
17-Jun,-0.652,-0.514,0.153
18-Jun,-0.647,-0.502,0.16
21-Jun,-0.633,-0.491,0.165
22-Jun,-0.637,-0.496,0.169
23-Jun,-0.645,-0.509,0.155
24-Jun,-0.635,-0.507,0.146
25-Jun,-0.633,-0.485,0.195
28-Jun,-0.642,-0.512,0.154
29-Jun,-0.637,-0.504,0.169
30-Jun,-0.644,-0.528,0.125
1-Jul,-0.649,-0.53,0.123
2-Jul,-0.647,-0.548,0.092
5-Jul,-0.643,-0.531,0.12
6-Jul,-0.652,-0.56,0.06
7-Jul,-0.649,-0.564,0.036
8-Jul,-0.651,-0.563,0.04
9-Jul,-0.643,-0.557,0.052
12-Jul,-0.639,-0.555,0.047
13-Jul,-0.64,-0.556,0.038
14-Jul,-0.654,-0.574,0.015
15-Jul,-0.662,-0.588,-0.001
16-Jul,-0.662,-0.601,-0.017
19-Jul,-0.671,-0.614,-0.04
20-Jul,-0.686,-0.635,-0.058
21-Jul,-0.681,-0.632,-0.047
22-Jul,-0.686,-0.649,-0.085
23-Jul,-0.694,-0.657,-0.089
26-Jul,-0.697,-0.657,-0.078
27-Jul,-0.705,-0.51,-0.09
28-Jul,-0.714,-0.512,-0.089
29-Jul,-0.716,-0.524,-0.097
30-Jul,-0.717,-0.528,-0.107
2-Aug,-0.721,-0.55,-0.138
3-Aug,-0.711,-0.545,-0.135
4-Aug,-0.722,-0.562,-0.153
5-Aug,-0.718,-0.559,-0.161
6-Aug,-0.702,-0.523,-0.121
9-Aug,-0.699,-0.519,-0.127
10-Aug,-0.706,-0.518,-0.129
11-Aug,-0.723,-0.521,-0.127
12-Aug,-0.715,-0.518,-0.129
13-Aug,-0.706,-0.515,-0.131
16-Aug,-0.708,-0.514,-0.124
17-Aug,-0.709,-0.513,-0.125
18-Aug,-0.722,-0.523,-0.135
19-Aug,-0.73,-0.529,-0.145
20-Aug,-0.733,-0.536,-0.15
23-Aug,-0.733,-0.528,-0.135
24-Aug,-0.73,-0.523,-0.131
25-Aug,-0.722,-0.482,-0.069
26-Aug,-0.721,-0.47,-0.053
27-Aug,-0.719,-0.482,-0.07
30-Aug,-0.721,-0.493,-0.087
31-Aug,-0.704,-0.451,-0.032
1-Sep,-0.702,-0.455,-0.027
2-Sep,-0.709,-0.469,-0.037
3-Sep,-0.702,-0.452,-0.019
6-Sep,-0.694,-0.456,-0.028
7-Sep,-0.679,-0.412,0.024
8-Sep,-0.677,-0.412,0.018
9-Sep,-0.69,-0.454,-0.036
10-Sep,-0.683,-0.425,-0.001
13-Sep,-0.687,-0.43,-0.002
14-Sep,-0.689,-0.436,-0.017
15-Sep,-0.686,-0.413,0.025
16-Sep,-0.696,-0.42,0.025
17-Sep,-0.694,-0.406,0.047
20-Sep,-0.706,-0.428,0.021
21-Sep,-0.698,-0.428,0.018
22-Sep,-0.699,-0.43,0.009
23-Sep,-0.693,-0.378,0.073
24-Sep,-0.702,-0.357,0.111
27-Sep,-0.697,-0.348,0.118
28-Sep,-0.7,-0.328,0.148
29-Sep,-0.695,-0.338,0.135
30-Sep,-0.694,-0.336,0.153
1-Oct,-0.7,-0.36,0.122
4-Oct,-0.7,-0.354,0.134
5-Oct,-0.69,-0.339,0.159
6-Oct,-0.69,-0.334,0.168
7-Oct,-0.698,-0.35,0.157
8-Oct,-0.689,-0.324,0.19
11-Oct,-0.68,-0.298,0.216
12-Oct,-0.668,-0.264,0.245
13-Oct,-0.672,-0.277,0.205
14-Oct,-0.691,-0.327,0.143
15-Oct,-0.686,-0.309,0.172
18-Oct,-0.648,-0.256,0.194
19-Oct,-0.643,-0.233,0.237
20-Oct,-0.675,-0.27,0.211
21-Oct,-0.659,-0.237,0.232
22-Oct,-0.655,-0.225,0.232
25-Oct,-0.67,-0.252,0.22
26-Oct,-0.665,-0.241,0.224
27-Oct,-0.663,-0.272,0.166
28-Oct,-0.654,-0.228,0.213
29-Oct,-0.633,-0.167,0.268
1-Nov,-0.636,-0.182,0.271
2-Nov,-0.67,-0.267,0.186
3-Nov,-0.671,-0.27,0.178
4-Nov,-0.736,-0.362,0.114
5-Nov,-0.742,-0.389,0.06
8-Nov,-0.74,-0.366,0.097
9-Nov,-0.761,-0.399,0.042
10-Nov,-0.761,-0.335,0.111
11-Nov,-0.778,-0.318,0.125
12-Nov,-0.795,-0.356,0.096
15-Nov,-0.773,-0.314,0.126
16-Nov,-0.81,-0.357,0.109
17-Nov,-0.81,-0.358,0.109
18-Nov,-0.802,-0.387,0.068
19-Nov,-0.816,-0.437,0.002
22-Nov,-0.801,-0.391,0.05
23-Nov,-0.802,-0.329,0.136
24-Nov,-0.826,-0.337,0.137
25-Nov,-0.812,-0.351,0.113
26-Nov,-0.813,-0.419,0.033
29-Nov,-0.802,-0.406,0.043
30-Nov,-0.792,-0.408,0.009
1-Dec,-0.776,-0.377,0.019
2-Dec,-0.797,-0.416,-0.012
3-Dec,-0.798,-0.425,-0.033
6-Dec,-0.79,-0.425,-0.036
7-Dec,-0.779,-0.408,-0.026
8-Dec,-0.761,-0.359,0.044
9-Dec,-0.766,-0.396,-0.002
10-Dec,-0.738,-0.383,0
13-Dec,-0.693,-0.406,-0.035
14-Dec,-0.676,-0.391,-0.02
15-Dec,-0.675,-0.392,-0.016
16-Dec,-0.672,-0.388,0.006
17-Dec,-0.681,-0.417,-0.03
20-Dec,-0.683,-0.421,-0.017
21-Dec,-0.687,-0.369,0.057
22-Dec,-0.697,-0.353,0.074
23-Dec,-0.696,-0.321,0.118
24-Dec,-0.698,-0.321,0.119
27-Dec,-0.671,-0.299,0.126
28-Dec,-0.674,-0.293,0.127
29-Dec,-0.68,-0.263,0.191
30-Dec,-0.693,-0.262,0.194
31-Dec,-0.695,-0.262,0.195
3-Jan,-0.68,-0.221,0.244
4-Jan,-0.683,-0.233,0.233
5-Jan,-0.671,-0.242,0.229
6-Jan,-0.664,-0.211,0.261
7-Jan,-0.66,-0.187,0.285
10-Jan,-0.651,-0.178,0.284
11-Jan,-0.643,-0.157,0.347
12-Jan,-0.639,-0.183,0.321
13-Jan,-0.642,-0.204,0.288
14-Jan,-0.648,-0.161,0.332
17-Jan,-0.645,-0.137,0.355
18-Jan,-0.644,-0.139,0.368
19-Jan,-0.643,-0.134,0.38
20-Jan,-0.645,-0.141,0.363
21-Jan,-0.651,-0.169,0.332
24-Jan,-0.653,-0.199,0.305
25-Jan,-0.653,-0.178,0.331
26-Jan,-0.65,-0.174,0.336
27-Jan,-0.66,-0.146,0.344
28-Jan,-0.661,-0.129,0.367
31-Jan,-0.65,-0.049,0.424
1-Feb,-0.652,-0.025,0.451
2-Feb,-0.642,-0.004,0.45
3-Feb,-0.578,0.147,0.575
4-Feb,-0.526,0.243,0.643
7-Feb,-0.263,0.26,0.665
8-Feb,-0.267,0.294,0.718
9-Feb,-0.322,0.227,0.663
10-Feb,-0.286,0.298,0.746
11-Feb,-0.258,0.301,0.765
14-Feb,-0.293,0.267,0.76
15-Feb,-0.294,0.269,0.777
16-Feb,-0.313,0.247,0.748
17-Feb,-0.365,0.184,0.702
18-Feb,-0.383,0.137,0.684
21-Feb,-0.363,0.179,0.715
22-Feb,-0.313,0.216,0.733
23-Feb,-0.295,0.23,0.731
24-Feb,-0.347,0.161,0.662
25-Feb,-0.32,0.212,0.704
28-Feb,-0.463,0.054,0.604
1-Mar,-0.678,-0.23,0.362
2-Mar,-0.535,-0.054,0.481
3-Mar,-0.535,-0.062,0.492
4-Mar,-0.612,-0.142,0.431
7-Mar,-0.585,-0.102,0.469
8-Mar,-0.538,-0.026,0.556
9-Mar,-0.435,0.07,0.658
10-Mar,-0.328,0.208,0.743
11-Mar,-0.341,0.202,0.719
14-Mar,-0.28,0.295,0.832
15-Mar,-0.343,0.236,0.804
16-Mar,-0.277,0.304,0.846
17-Mar,-0.286,0.3,0.833
18-Mar,-0.288,0.292,0.827
21-Mar,-0.24,0.382,0.924
22-Mar,-0.2,0.433,0.958
23-Mar,-0.205,0.397,0.923
24-Mar,-0.163,0.47,0.979
25-Mar,-0.109,0.544,1.012
28-Mar,-0.099,0.553,1.002
29-Mar,-0.039,0.628,1.049
30-Mar,0.018,0.675,1.073
31-Mar,-0.033,0.572,0.978
1-Apr,-0.017,0.593,1.02
4-Apr,-0.009,0.588,1.001
5-Apr,0.049,0.719,1.15
6-Apr,0.034,0.717,1.181
7-Apr,0.051,0.745,1.226
8-Apr,0.115,0.805,1.259
11-Apr,0.182,0.853,1.315
12-Apr,0.135,0.802,1.295
13-Apr,0.104,0.781,1.261
14-Apr,0.08,0.802,1.33
15-Apr,0.08,0.802,1.33
18-Apr,0.08,0.802,1.33
19-Apr,0.07,0.822,1.379
20-Apr,0.065,0.803,1.332
21-Apr,0.194,0.91,1.402
22-Apr,0.28,0.952,1.42
25-Apr,0.164,0.805,1.31
26-Apr,0.164,0.796,1.313
27-Apr,0.124,0.762,1.302
28-Apr,0.202,0.866,1.399
29-Apr,0.249,0.894,1.457
2-May,0.236,0.913,1.491
3-May,0.264,0.935,1.481
4-May,0.258,0.952,1.499
5-May,0.267,0.999,1.572
6-May,0.308,1.082,1.655
9-May,0.247,1.013,1.631
10-May,0.18,0.93,1.533
11-May,0.145,0.893,1.497
12-May,0.049,0.746,1.357
13-May,0.104,0.831,1.458
16-May,0.124,0.841,1.443
17-May,0.233,0.964,1.548
18-May,0.264,0.967,1.526
19-May,0.259,0.918,1.452
20-May,0.236,0.887,1.468
23-May,0.302,0.976,1.537
24-May,0.261,0.931,1.495
25-May,0.218,0.896,1.481
26-May,0.216,0.916,1.511
27-May,0.212,0.893,1.477
30-May,0.293,0.994,1.562
31-May,0.344,1.064,1.636
1-Jun,0.387,1.129,1.703
2-Jun,0.449,1.198,1.757
3-Jun,0.452,1.238,1.799
6-Jun,0.498,1.276,1.839
7-Jun,0.494,1.256,1.804
8-Jun,0.532,1.307,1.874
9-Jun,0.652,1.444,1.977
10-Jun,0.802,1.606,2.093
13-Jun,0.981,1.803,2.248
14-Jun,1.066,1.884,2.387
15-Jun,0.901,1.72,2.222
16-Jun,0.984,1.806,2.259
17-Jun,0.896,1.724,2.199
20-Jun,0.952,1.815,2.315
21-Jun,0.944,1.826,2.332
22-Jun,0.868,1.83,2.174
23-Jun,0.67,1.597,1.966
24-Jun,0.66,1.571,1.968
27-Jun,0.733,1.693,2.076
28-Jun,0.786,1.775,2.172
29-Jun,0.685,1.647,2.066
30-Jun,0.534,1.471,1.914
1-Jul,0.417,1.333,1.794
4-Jul,0.518,1.468,1.921
5-Jul,0.381,1.315,1.783
6-Jul,0.343,1.279,1.761
7-Jul,0.446,1.416,1.856
8-Jul,0.472,1.415,1.877
11-Jul,0.388,1.301,1.858
12-Jul,0.304,1.193,1.729
13-Jul,0.379,1.239,1.74
14-Jul,0.438,1.295,1.779
15-Jul,0.386,1.256,1.743
18-Jul,0.431,1.334,1.814
19-Jul,0.538,1.408,1.845
20-Jul,0.547,1.4,1.829
21-Jul,0.616,1.399,1.813
22-Jul,0.397,1.152,1.617
25-Jul,0.354,1.127,1.607
26-Jul,0.291,1.025,1.516
27-Jul,0.364,1.065,1.531
28-Jul,0.196,0.897,1.397
29-Jul,0.182,0.889,1.375
1-Aug,0.152,0.87,1.344
2-Aug,0.274,0.931,1.404
3-Aug,0.272,0.978,1.437
4-Aug,0.223,0.897,1.35
5-Aug,0.356,1.047,1.488
8-Aug,0.394,1.014,1.438
9-Aug,0.436,1.029,1.468
10-Aug,0.408,1.005,1.449
11-Aug,0.453,1.071,1.533
12-Aug,0.492,1.102,1.541
15-Aug,0.469,1.026,1.461
16-Aug,0.466,1.095,1.537
17-Aug,0.602,1.243,1.656
18-Aug,0.627,1.262,1.674
19-Aug,0.702,1.381,1.804
22-Aug,0.748,1.469,1.895
23-Aug,0.698,1.465,1.917
24-Aug,0.755,1.535,1.982
25-Aug,0.703,1.471,1.926
26-Aug,0.794,1.568,2.014
29-Aug,0.906,1.687,2.12
30-Aug,0.962,1.704,2.127
31-Aug,0.992,1.737,2.148
1-Sep,0.998,1.737,2.173
2-Sep,0.913,1.683,2.143
5-Sep,0.868,1.735,2.187
6-Sep,0.883,1.784,2.223
7-Sep,0.9,1.73,2.146
8-Sep,1.131,1.892,2.256
9-Sep,1.202,1.892,2.264
12-Sep,1.217,1.839,2.222
13-Sep,1.279,1.921,2.286
14-Sep,1.316,1.934,2.276
15-Sep,1.394,2.001,2.312
16-Sep,1.465,1.994,2.302
19-Sep,1.547,2.053,2.348
20-Sep,1.634,2.17,2.474
21-Sep,1.711,2.176,2.442
22-Sep,1.778,2.266,2.519
23-Sep,1.843,2.349,2.595
26-Sep,1.899,2.44,2.71
27-Sep,1.892,2.526,2.832
28-Sep,1.804,2.392,2.715
29-Sep,1.79,2.415,2.794
30-Sep,1.783,2.348,2.716
3-Oct,1.657,2.156,2.51
4-Oct,1.624,2.079,2.459
5-Oct,1.686,2.243,2.636
6-Oct,1.739,2.311,2.679
7-Oct,1.852,2.413,2.795
10-Oct,1.87,2.483,2.91
11-Oct,1.841,2.442,2.88
12-Oct,1.828,2.452,2.91
13-Oct,1.927,2.476,2.873
14-Oct,1.971,2.522,2.936
17-Oct,1.973,2.479,2.849
18-Oct,1.942,2.485,2.856
19-Oct,2.022,2.61,2.946
20-Oct,2.055,2.614,2.956
21-Oct,2.044,2.58,2.967
24-Oct,2.048,2.505,2.857
25-Oct,2.023,2.377,2.695
26-Oct,2.005,2.335,2.646
27-Oct,1.93,2.142,2.462
28-Oct,2.012,2.31,2.61
31-Oct,2.04,2.333,2.673
1-Nov,2.034,2.321,2.672
2-Nov,2.099,2.348,2.672
3-Nov,2.191,2.451,2.772
4-Nov,2.236,2.502,2.828
7-Nov,2.291,2.552,2.859
8-Nov,2.3,2.507,2.794
9-Nov,2.241,2.408,2.685
10-Nov,2.17,2.233,2.496
11-Nov,2.263,2.406,2.665
14-Nov,2.253,2.401,2.653
15-Nov,2.195,2.376,2.597
16-Nov,2.091,2.26,2.476
17-Nov,2.087,2.28,2.491
18-Nov,2.064,2.26,2.479
21-Nov,2.075,2.242,2.461
22-Nov,2.064,2.229,2.447
23-Nov,2.093,2.215,2.383
24-Nov,2.109,2.151,2.289
25-Nov,2.191,2.283,2.433
28-Nov,2.173,2.299,2.46
29-Nov,2.149,2.215,2.388
30-Nov,2.201,2.213,2.401
1-Dec,2.096,2.066,2.262
2-Dec,2.142,2.126,2.307
5-Dec,2.111,2.141,2.315
6-Dec,2.094,2.085,2.25
7-Dec,2.035,2.059,2.235
8-Dec,2.124,2.113,2.28
9-Dec,2.172,2.22,2.394
12-Dec,2.215,2.25,2.402
13-Dec,2.18,2.211,2.394
14-Dec,2.16,2.206,2.424
15-Dec,2.347,2.419,2.585
16-Dec,2.414,2.503,2.673
19-Dec,2.45,2.527,2.717
20-Dec,2.397,2.629,2.834
21-Dec,2.514,2.641,2.838
22-Dec,2.514,2.682,2.894
23-Dec,2.571,2.729,2.926
26-Dec,2.571,2.729,2.926
27-Dec,2.726,2.847,3.048
28-Dec,2.803,2.826,3.036
29-Dec,2.762,2.759,2.96
30-Dec,2.831,2.873,3.106
2-Jan,2.888,2.773,2.973
3-Jan,2.837,2.719,2.913
4-Jan,2.752,2.586,2.775
5-Jan,2.742,2.633,2.818
6-Jan,2.668,2.543,2.717
9-Jan,2.715,2.557,2.728
10-Jan,2.737,2.631,2.798
11-Jan,2.701,2.509,2.657
12-Jan,2.645,2.473,2.612
13-Jan,2.663,2.5,2.632
16-Jan,2.642,2.489,2.638
17-Jan,2.546,2.37,2.537
18-Jan,2.576,2.318,2.444
19-Jan,2.632,2.372,2.482
20-Jan,2.678,2.479,2.622
23-Jan,2.694,2.523,2.655
24-Jan,2.664,2.465,2.585
25-Jan,2.653,2.458,2.595
26-Jan,2.664,2.522,2.672
27-Jan,2.664,2.547,2.7
30-Jan,2.731,2.649,2.783
31-Jan,2.71,2.603,2.748
1-Feb,2.703,2.604,2.75
2-Feb,2.643,2.362,2.513
3-Feb,2.688,2.472,2.64
6-Feb,2.752,2.58,2.747
7-Feb,2.802,2.638,2.793
8-Feb,2.885,2.641,2.815
9-Feb,2.869,2.606,2.753
10-Feb,2.945,2.684,2.826
13-Feb,2.956,2.702,2.821
14-Feb,2.995,2.777,2.891
15-Feb,2.986,2.814,2.935
16-Feb,3.014,2.824,2.934
17-Feb,2.949,2.792,2.899
20-Feb,2.984,2.825,2.923
21-Feb,3.037,2.902,3.007
22-Feb,3.019,2.89,2.997
23-Feb,2.996,2.846,2.952
24-Feb,3.108,2.928,3.012
27-Feb,3.15,2.967,3.049
28-Feb,3.205,3.043,3.116
1-Mar,3.278,3.125,3.185
2-Mar,3.297,3.158,3.229
3-Mar,3.3,3.148,3.194
6-Mar,3.4,3.2,3.231
7-Mar,3.369,3.149,3.185
8-Mar,3.392,3.135,3.139
9-Mar,3.356,3.107,3.137
10-Mar,3.209,2.956,3.01
13-Mar,2.811,2.685,2.797
14-Mar,3.005,2.858,2.938
15-Mar,2.54,2.507,2.688
16-Mar,2.691,2.679,2.826
17-Mar,2.529,2.488,2.676
20-Mar,2.477,2.471,2.663
21-Mar,2.72,2.668,2.813
22-Mar,2.821,2.736,2.841
23-Mar,2.637,2.563,2.718
24-Mar,2.503,2.469,2.653
27-Mar,2.628,2.57,2.74
28-Mar,2.69,2.636,2.803
29-Mar,2.747,2.666,2.827
30-Mar,2.849,2.737,2.878
31-Mar,2.787,2.645,2.79
3-Apr,2.771,2.612,2.753
4-Apr,2.711,2.576,2.757
5-Apr,2.627,2.498,2.684
6-Apr,2.68,2.515,2.699
7-Apr,2.68,2.515,2.699
10-Apr,2.68,2.515,2.699
11-Apr,2.822,2.657,2.824
12-Apr,2.926,2.731,2.941
13-Apr,2.901,2.728,2.946
14-Apr,3.004,2.814,3.004
17-Apr,3.011,2.836,3.019
18-Apr,3.027,2.84,3.023
19-Apr,3.085,2.892,3.061
20-Apr,3.011,2.824,3
21-Apr,3.045,2.854,3.041
24-Apr,3.105,2.894,3.069
25-Apr,2.979,2.746,2.948
26-Apr,2.941,2.737,2.963
27-Apr,2.992,2.799,3.029
28-Apr,2.847,2.643,2.883
1-May,2.847,2.642,2.883
2-May,2.801,2.604,2.847
3-May,2.805,2.596,2.827
4-May,2.66,2.494,2.788
5-May,2.741,2.588,2.874
8-May,2.778,2.629,2.905
9-May,2.806,2.658,2.937
10-May,2.747,2.589,2.865
11-May,2.726,2.533,2.799
12-May,2.771,2.586,2.854
15-May,2.78,2.611,2.881
16-May,2.84,2.673,2.931
17-May,2.888,2.69,2.913
18-May,2.94,2.799,3.031
19-May,2.921,2.765,3.002
22-May,2.975,2.806,3.03
23-May,2.973,2.811,3.039
24-May,3.02,2.834,3.048
25-May,3.071,2.887,3.098
26-May,3.097,2.911,3.11
29-May,3.054,2.812,3.002
30-May,2.953,2.7,2.904
31-May,2.893,2.627,2.846
1-Jun,2.879,2.594,2.807
2-Jun,2.981,2.671,2.857
5-Jun,3.074,2.732,2.92
6-Jun,3.028,2.715,2.913
7-Jun,3.115,2.804,3.007
8-Jun,3.084,2.757,2.948
9-Jun,3.085,2.76,2.916
12-Jun,3.086,2.751,2.911
13-Jun,3.143,2.81,2.942
14-Jun,3.151,2.843,2.973
15-Jun,3.289,2.939,3.019
16-Jun,3.281,2.901,2.973
19-Jun,3.289,2.945,3.029
20-Jun,3.249,2.85,2.921
21-Jun,3.29,2.895,2.958
22-Jun,3.369,2.987,3.022
23-Jun,3.268,2.844,2.876
26-Jun,3.259,2.798,2.836
27-Jun,3.32,2.863,2.875
28-Jun,3.269,2.81,2.839
29-Jun,3.35,2.924,2.947
30-Jun,3.362,2.913,2.928
3-Jul,3.423,2.975,2.975
4-Jul,3.39,2.969,2.998
5-Jul,3.403,2.972,3.017
6-Jul,3.482,3.122,3.186
7-Jul,3.436,3.093,3.183
10-Jul,3.471,3.107,3.191
11-Jul,3.496,3.122,3.206
12-Jul,3.422,3.015,3.09
13-Jul,3.351,2.926,3.001
14-Jul,3.389,2.977,3.036
17-Jul,3.375,2.951,3.005
18-Jul,3.296,2.848,2.905
19-Jul,3.317,2.883,2.962
20-Jul,3.359,2.938,3.012
21-Jul,3.342,2.918,2.991
24-Jul,3.289,2.861,2.945
25-Jul,3.303,2.869,2.951
26-Jul,3.372,2.936,3.011
27-Jul,3.322,2.899,2.995
28-Jul,3.301,2.9,3.029
31-Jul,3.282,2.89,3.021
1-Aug,3.302,2.934,3.093
2-Aug,3.263,2.897,3.074
3-Aug,3.273,2.94,3.133
4-Aug,3.289,2.921,3.09
7-Aug,3.259,2.92,3.132
8-Aug,3.204,2.825,2.996
9-Aug,3.221,2.855,3.027
10-Aug,3.277,2.892,3.056
11-Aug,3.328,2.975,3.152
14-Aug,3.335,3,3.171
15-Aug,3.357,3.043,3.211
16-Aug,3.326,3.015,3.19
17-Aug,3.347,3.056,3.248
18-Aug,3.305,2.977,3.162
21-Aug,3.347,3.056,3.237
22-Aug,3.322,3.001,3.17
23-Aug,3.22,2.865,3.04
24-Aug,3.225,2.859,3.037
25-Aug,3.271,2.935,3.086
28-Aug,3.306,2.942,3.082
29-Aug,3.3,2.896,3.026
30-Aug,3.325,2.929,3.063
31-Aug,3.246,2.834,2.979
1-Sep,3.266,2.884,3.07
4-Sep,3.285,2.922,3.098
5-Sep,3.31,2.939,3.136
6-Sep,3.364,3.006,3.183
7-Sep,3.339,2.965,3.137
8-Sep,3.34,2.965,3.14
11-Sep,3.354,2.994,3.172
12-Sep,3.387,3.014,3.18
13-Sep,3.425,3.048,3.191
14-Sep,3.428,2.986,3.122
15-Sep,3.479,3.066,3.219
18-Sep,3.507,3.107,3.25
19-Sep,3.522,3.134,3.278
20-Sep,3.495,3.098,3.234
21-Sep,3.511,3.123,3.275
22-Sep,3.509,3.118,3.285
25-Sep,3.492,3.13,3.342
26-Sep,3.494,3.136,3.363
27-Sep,3.505,3.188,3.401
28-Sep,3.533,3.267,3.489
29-Sep,3.489,3.155,3.397
2-Oct,3.491,3.2,3.476
3-Oct,3.479,3.215,3.531
4-Oct,3.443,3.193,3.48
5-Oct,3.417,3.161,3.456
6-Oct,3.414,3.166,3.47
9-Oct,3.34,3.099,3.416
10-Oct,3.385,3.095,3.386
11-Oct,3.415,3.073,3.324
12-Oct,3.452,3.136,3.399
13-Oct,3.442,3.118,3.366
16-Oct,3.44,3.146,3.404
17-Oct,3.518,3.248,3.502
18-Oct,3.527,3.279,3.555
19-Oct,3.524,3.278,3.548
20-Oct,3.467,3.214,3.512
23-Oct,3.468,3.207,3.48
24-Oct,3.454,3.158,3.449
25-Oct,3.478,3.217,3.516
26-Oct,3.446,3.168,3.488
27-Oct,3.418,3.119,3.449
30-Oct,3.396,3.088,3.433
31-Oct,3.384,3.079,3.426
1-Nov,3.363,3.043,3.38
2-Nov,3.377,3.013,3.318
3-Nov,3.35,2.949,3.235
6-Nov,3.382,3.03,3.337
7-Nov,3.364,2.983,3.252
8-Nov,3.367,2.968,3.201
9-Nov,3.356,2.975,3.23
10-Nov,3.384,3.054,3.299
13-Nov,3.385,3.048,3.288
14-Nov,3.3,2.927,3.158
15-Nov,3.321,2.953,3.207
16-Nov,3.268,2.886,3.15
17-Nov,3.304,2.906,3.152
20-Nov,3.343,2.939,3.17
21-Nov,3.313,2.886,3.125
22-Nov,3.341,2.908,3.118
23-Nov,3.362,2.962,3.183
24-Nov,3.374,2.971,3.199
27-Nov,3.317,2.866,3.105
28-Nov,3.284,2.814,3.06
29-Nov,3.238,2.732,2.996
30-Nov,3.23,2.752,3.019
1-Dec,3.097,2.641,2.924
4-Dec,3.114,2.647,2.925
5-Dec,3.057,2.55,2.802
6-Dec,3.064,2.507,2.737
7-Dec,3.063,2.476,2.727
8-Dec,3.129,2.584,2.827
11-Dec,3.144,2.592,2.823
12-Dec,3.15,2.563,2.77
13-Dec,3.115,2.512,2.71
14-Dec,3.041,2.412,2.64
15-Dec,2.999,2.325,2.545
18-Dec,3.06,2.372,2.607
19-Dec,3.014,2.306,2.522
20-Dec,2.986,2.253,2.477
21-Dec,2.953,2.229,2.47
22-Dec,2.957,2.208,2.479
25-Dec,2.957,2.208,2.479
26-Dec,2.957,2.208,2.479
27-Dec,2.939,2.149,2.408
28-Dec,2.906,2.186,2.472
29-Dec,2.928,2.255,2.557
1-Jan,2.928,2.255,2.557
2-Jan,2.981,2.314,2.595
3-Jan,2.978,2.273,2.562
4-Jan,3.063,2.399,2.662
5-Jan,3.089,2.445,2.696
8-Jan,3.081,2.416,2.666
9-Jan,3.129,2.475,2.717
10-Jan,3.154,2.505,2.746
11-Jan,3.144,2.484,2.734
12-Jan,3.064,2.417,2.677
15-Jan,3.132,2.476,2.728
16-Jan,3.148,2.486,2.751
17-Jan,3.235,2.581,2.814
18-Jan,3.22,2.592,2.845
19-Jan,3.266,2.603,2.83
22-Jan,2.631,2.551,2.784
23-Jan,2.662,2.602,2.847
24-Jan,2.659,2.59,2.839
25-Jan,2.563,2.516,2.779
26-Jan,2.566,2.521,2.786
29-Jan,2.502,2.443,2.717
30-Jan,2.543,2.49,2.755
31-Jan,2.447,2.379,2.662
1-Feb,2.473,2.401,2.657
2-Feb,2.587,2.506,2.743
5-Feb,2.644,2.569,2.813
6-Feb,2.627,2.56,2.797
7-Feb,2.679,2.598,2.827
8-Feb,2.705,2.633,2.865
9-Feb,2.768,2.685,2.892
12-Feb,2.744,2.649,2.861
13-Feb,2.821,2.707,2.891
14-Feb,2.772,2.639,2.825
15-Feb,2.786,2.661,2.84
16-Feb,2.845,2.71,2.876
19-Feb,2.833,2.707,2.884
20-Feb,2.783,2.661,2.848
21-Feb,2.86,2.744,2.928
22-Feb,2.898,2.761,2.913
23-Feb,2.843,2.685,2.826
26-Feb,2.913,2.764,2.908
27-Feb,2.928,2.789,2.939
28-Feb,2.908,2.775,2.927
29-Feb,2.882,2.733,2.884
1-Mar,2.887,2.743,2.901
4-Mar,2.887,2.719,2.861
5-Mar,2.84,2.656,2.788
6-Mar,2.837,2.648,2.773
7-Mar,2.813,2.626,2.752
8-Mar,2.734,2.56,2.718
11-Mar,2.778,2.611,2.76
12-Mar,2.808,2.643,2.776
13-Mar,2.832,2.662,2.803
14-Mar,2.879,2.714,2.874
15-Mar,2.906,2.727,2.88
18-Mar,2.909,2.74,2.891
19-Mar,2.871,2.714,2.885
20-Mar,2.878,2.711,2.873
21-Mar,2.83,2.67,2.846
22-Mar,2.792,2.628,2.798
25-Mar,2.859,2.694,2.848
26-Mar,2.848,2.68,2.833
27-Mar,2.809,2.63,2.788
28-Mar,2.831,2.651,2.807
29-Mar,2.831,2.651,2.807
1-Apr,2.831,2.651,2.807
2-Apr,2.836,2.709,2.92
3-Apr,2.848,2.712,2.905
4-Apr,2.848,2.688,2.863
5-Apr,2.863,2.716,2.907
8-Apr,2.907,2.76,2.922
9-Apr,2.877,2.699,2.86
10-Apr,2.946,2.781,2.924
11-Apr,2.941,2.803,2.96
12-Apr,2.848,2.691,2.861
15-Apr,2.912,2.771,2.955
16-Apr,2.942,2.823,3.007
17-Apr,2.948,2.807,2.979
18-Apr,2.988,2.838,3.004
19-Apr,3.009,2.856,3.01
22-Apr,2.965,2.818,2.982
23-Apr,2.988,2.832,2.998
24-Apr,3.038,2.914,3.09
25-Apr,3.088,2.958,3.127
26-Apr,3.06,2.903,3.065
29-Apr,3.026,2.846,3.003
30-Apr,3.101,2.919,3.053
1-May,3.101,2.919,3.053
2-May,3.055,2.876,3.021
3-May,2.996,2.823,2.972
6-May,2.986,2.801,2.95
7-May,2.972,2.768,2.897
8-May,3.003,2.81,2.938
9-May,3.014,2.835,2.981
10-May,3.043,2.864,3.001
13-May,3.032,2.857,2.996
14-May,3.064,2.895,3.034
15-May,2.969,2.77,2.903
16-May,3.005,2.813,2.937
17-May,3.057,2.869,2.99
20-May,3.057,2.877,2.995
21-May,3.039,2.845,2.971
22-May,3.077,2.89,3.006
23-May,3.149,2.957,3.064
24-May,3.149,2.953,3.055
27-May,3.102,2.912,3.012
28-May,3.127,2.947,3.065
29-May,3.163,3.019,3.167
30-May,3.136,2.993,3.13
31-May,3.156,3.011,3.136
3-Jun,3.086,2.924,3.052
4-Jun,3.055,2.881,3.014
5-Jun,3.053,2.872,2.986
6-Jun,3.09,2.912,3.029
7-Jun,3.154,2.988,3.097
10-Jun,3.211,3.074,3.225
11-Jun,3.176,3.068,3.226
12-Jun,3.115,2.979,3.139
13-Jun,3.084,2.978,3.165
14-Jun,3.045,2.94,3.124
17-Jun,3.088,2.973,3.2
18-Jun,3.083,2.934,3.165
19-Jun,3.091,2.968,3.192
20-Jun,3.099,2.964,3.198
21-Jun,3.08,2.958,3.207
24-Jun,3.076,2.948,3.184
25-Jun,3.062,2.934,3.164
26-Jun,3.093,2.988,3.229
27-Jun,3.097,3.014,3.266
28-Jun,3.116,3.035,3.296
1-Jul,3.168,3.084,3.346
2-Jul,3.133,3.056,3.315
3-Jul,3.128,3.01,3.248
4-Jul,3.14,3.047,3.276
5-Jul,3.066,2.967,3.21
8-Jul,3.047,2.94,3.164
9-Jul,3.092,3.01,3.242
10-Jul,3.054,2.957,3.183
11-Jul,2.962,2.87,3.12
12-Jul,2.984,2.909,3.151
15-Jul,2.948,2.869,3.112
16-Jul,2.914,2.836,3.081
17-Jul,2.924,2.843,3.075
18-Jul,2.909,2.831,3.091
19-Jul,2.923,2.864,3.133
22-Jul,2.96,2.896,3.147
23-Jul,2.918,2.864,3.129
24-Jul,2.866,2.847,3.149
25-Jul,2.846,2.821,3.122
26-Jul,2.827,2.804,3.115
29-Jul,2.809,2.775,3.07
30-Jul,2.772,2.744,3.051
31-Jul,2.753,2.7,3.011
1-Aug,2.704,2.664,2.992
2-Aug,2.624,2.619,2.965
5-Aug,2.635,2.643,2.982
6-Aug,2.649,2.64,2.956
7-Aug,2.656,2.663,3.013
8-Aug,2.642,2.658,3.015
9-Aug,2.632,2.632,2.969
12-Aug,2.631,2.637,2.971
13-Aug,2.576,2.59,2.923
14-Aug,2.585,2.585,2.918
15-Aug,2.676,2.673,2.983
16-Aug,2.663,2.658,2.977
19-Aug,2.657,2.654,2.967
20-Aug,2.63,2.625,2.942
21-Aug,2.578,2.579,2.903
22-Aug,2.621,2.625,2.956
23-Aug,2.594,2.598,2.931
26-Aug,2.617,2.627,2.955
27-Aug,2.636,2.667,3.014
28-Aug,2.62,2.643,2.987
29-Aug,2.588,2.626,2.991
30-Aug,2.62,2.656,3.022
2-Sep,2.65,2.681,3.037
3-Sep,2.62,2.636,3
4-Sep,2.557,2.572,2.932
5-Sep,2.529,2.555,2.909
6-Sep,2.458,2.499,2.879
9-Sep,2.439,2.492,2.883
10-Sep,2.397,2.455,2.844
11-Sep,2.373,2.43,2.827
12-Sep,2.429,2.474,2.849
13-Sep,2.413,2.458,2.837
16-Sep,2.389,2.452,2.828
17-Sep,2.43,2.49,2.856
18-Sep,2.471,2.542,2.916
19-Sep,2.437,2.531,2.932
20-Sep,2.447,2.552,2.963
23-Sep,2.379,2.503,2.937
24-Sep,2.326,2.462,2.915
25-Sep,2.352,2.513,2.966
26-Sep,2.361,2.522,2.979
27-Sep,2.308,2.456,2.919
30-Sep,2.301,2.447,2.917
1-Oct,2.23,2.37,2.816
2-Oct,2.247,2.398,2.862
3-Oct,2.294,2.472,2.94
4-Oct,2.396,2.557,2.986
7-Oct,2.432,2.601,3.025
8-Oct,2.413,2.583,3.011
9-Oct,2.451,2.61,3.027
10-Oct,2.425,2.59,3.024
11-Oct,2.425,2.599,3.038
14-Oct,2.446,2.61,3.034
15-Oct,2.395,2.537,2.956
16-Oct,2.356,2.498,2.922
17-Oct,2.334,2.494,2.942
18-Oct,2.29,2.454,2.898
21-Oct,2.371,2.554,3.02
22-Oct,2.389,2.591,3.056
23-Oct,2.317,2.544,3.032
24-Oct,2.299,2.513,2.99
25-Oct,2.345,2.568,3.045
28-Oct,2.323,2.542,3.011
29-Oct,2.367,2.603,3.079
30-Oct,2.477,2.702,3.125
31-Oct,2.497,2.711,3.124
1-Nov,2.465,2.706,3.163
4-Nov,2.474,2.706,3.141
5-Nov,2.505,2.736,3.158
6-Nov,2.396,2.67,3.172
7-Nov,2.43,2.71,3.201
8-Nov,2.406,2.663,3.119
11-Nov,2.352,2.614,3.078
12-Nov,2.344,2.638,3.123
13-Nov,2.377,2.673,3.142
14-Nov,2.32,2.603,3.08
15-Nov,2.327,2.615,3.083
18-Nov,2.378,2.653,3.099
19-Nov,2.346,2.626,3.075
20-Nov,2.341,2.644,3.104
21-Nov,2.329,2.633,3.102
22-Nov,2.213,2.548,3.044
25-Nov,2.254,2.663,3.023
26-Nov,2.252,2.686,3.048
27-Nov,2.296,2.667,3.02
28-Nov,2.23,2.587,2.945
29-Nov,2.167,2.517,2.894
2-Dec,2.127,2.53,2.915
3-Dec,2.159,2.532,2.904
4-Dec,2.151,2.53,2.897
5-Dec,2.201,2.533,2.89
6-Dec,2.17,2.51,2.876
9-Dec,2.156,2.499,2.873
10-Dec,2.105,2.474,2.88
11-Dec,2.092,2.483,2.889
12-Dec,2.158,2.57,2.987
13-Dec,2.234,2.62,3.04
16-Dec,2.225,2.626,3.044
17-Dec,2.236,2.629,3.034
18-Dec,2.218,2.625,3.048
19-Dec,2.24,2.667,3.116
20-Dec,2.221,2.644,3.077
23-Dec,2.243,2.691,3.137
24-Dec,2.242,2.691,3.137
25-Dec,2.242,2.691,3.137
26-Dec,2.242,2.691,3.137
27-Dec,2.279,2.75,3.21
30-Dec,2.265,2.718,3.194
31-Dec,2.264,2.718,3.194
1-Jan,2.264,2.718,3.194
2-Jan,2.286,2.768,3.233
3-Jan,2.347,2.839,3.286
6-Jan,2.377,2.831,3.259
7-Jan,2.381,2.856,3.299
8-Jan,2.388,2.889,3.355
9-Jan,2.426,2.943,3.395
10-Jan,2.476,2.985,3.427
13-Jan,2.489,3.007,3.459
14-Jan,2.51,3.019,3.471
15-Jan,2.436,2.902,3.354
16-Jan,2.402,2.876,3.336
17-Jan,2.38,2.863,3.311
20-Jan,2.378,2.854,3.3
21-Jan,2.365,2.833,3.273
22-Jan,2.38,2.823,3.265
23-Jan,2.385,2.849,3.305
24-Jan,2.426,2.863,3.301
27-Jan,2.395,2.828,3.27
28-Jan,2.407,2.847,3.294
29-Jan,2.424,2.877,3.321
30-Jan,2.364,2.813,3.264
31-Jan,2.277,2.728,3.204
3-Feb,2.188,2.632,3.111
4-Feb,2.201,2.635,3.109
5-Feb,2.204,2.624,3.082
6-Feb,2.209,2.631,3.09
7-Feb,2.2,2.634,3.092
10-Feb,2.179,2.623,3.083
11-Feb,2.285,2.696,3.206
12-Feb,2.325,2.734,3.237
13-Feb,2.266,2.65,3.153
14-Feb,2.287,2.677,3.172
17-Feb,2.305,2.704,3.211
18-Feb,2.289,2.692,3.204
19-Feb,2.335,2.77,3.288
20-Feb,2.304,2.742,3.266
21-Feb,2.259,2.694,3.217
24-Feb,2.24,2.682,3.224
25-Feb,2.219,2.654,3.195
26-Feb,2.217,2.614,3.148
27-Feb,2.189,2.589,3.139
28-Feb,2.179,2.577,3.144
3-Mar,2.218,2.626,3.215
4-Mar,2.192,2.61,3.229
5-Mar,2.378,2.877,3.489
6-Mar,2.373,2.912,3.538
7-Mar,2.388,2.919,3.553
10-Mar,2.363,2.891,3.542
11-Mar,2.344,2.904,3.585
12-Mar,2.366,2.894,3.552
13-Mar,2.329,2.876,3.556
14-Mar,2.332,2.886,3.566
17-Mar,2.334,2.841,3.489
18-Mar,2.321,2.839,3.487
19-Mar,2.334,2.84,3.476
20-Mar,2.31,2.83,3.48
21-Mar,2.274,2.797,3.462
24-Mar,2.256,2.789,3.459
25-Mar,2.267,2.807,3.482
26-Mar,2.252,2.801,3.488
27-Mar,2.203,2.758,3.466
28-Mar,2.158,2.718,3.432
31-Mar,2.188,2.745,3.452
1-Apr,2.161,2.704,3.4
2-Apr,2.175,2.72,3.427
3-Apr,2.088,2.642,3.377
4-Apr,1.992,2.563,3.331
7-Apr,1.966,2.574,3.397
8-Apr,2.016,2.62,3.389
9-Apr,1.944,2.588,3.391
10-Apr,1.964,2.585,3.352
11-Apr,2.001,2.615,3.351
14-Apr,1.941,2.539,3.272
15-Apr,1.951,2.56,3.293
16-Apr,1.933,2.53,3.269
17-Apr,1.873,2.484,3.239
18-Apr,1.873,2.484,3.239
21-Apr,1.873,2.484,3.239
22-Apr,1.85,2.455,3.212
23-Apr,1.912,2.487,3.237
24-Apr,1.838,2.402,3.165
25-Apr,1.872,2.428,3.187
28-Apr,1.89,2.465,3.236
29-Apr,1.89,2.454,3.217
30-Apr,1.842,2.391,3.166
1-May,1.842,2.391,3.166
2-May,1.915,2.478,3.248
5-May,1.905,2.458,3.235
6-May,1.89,2.464,3.258
7-May,1.857,2.416,3.194
8-May,1.911,2.47,3.238
9-May,1.92,2.486,3.264
12-May,2.034,2.589,3.325
13-May,2.049,2.607,3.353
14-May,2.06,2.639,3.378
15-May,1.997,2.559,3.293
16-May,1.974,2.523,3.262
19-May,1.963,2.514,3.258
20-May,1.964,2.506,3.262
21-May,1.992,2.553,3.31
22-May,1.958,2.544,3.32
23-May,1.9,2.486,3.26
26-May,1.914,2.474,3.236
27-May,1.921,2.465,3.204
28-May,1.932,2.476,3.223
29-May,2.081,2.6,3.176
30-May,2.072,2.586,3.159
2-Jun,2.088,2.607,3.187
3-Jun,2.089,2.608,3.189
4-Jun,2.1,2.626,3.204
5-Jun,2.171,2.69,3.251
6-Jun,2.176,2.695,3.244
9-Jun,2.153,2.679,3.239
10-Jun,2.139,2.651,3.202
11-Jun,2.142,2.665,3.225
12-Jun,2.112,2.63,3.181
13-Jun,2.164,2.7,3.252
16-Jun,2.142,2.672,3.233
17-Jun,2.169,2.699,3.248
18-Jun,2.139,2.665,3.212
19-Jun,2.152,2.712,3.271
20-Jun,2.149,2.688,3.244
23-Jun,2.137,2.675,3.229
24-Jun,2.141,2.681,3.25
25-Jun,2.126,2.68,3.257
26-Jun,2.102,2.656,3.247
27-Jun,2.135,2.681,3.264
30-Jun,2.138,2.692,3.284
1-Jul,2.123,2.668,3.25
2-Jul,2.151,2.726,3.321
3-Jul,2.119,2.681,3.274
4-Jul,2.102,2.677,3.278
7-Jul,2.13,2.715,3.32
8-Jul,2.159,2.749,3.364
9-Jul,2.15,2.746,3.36
10-Jul,2.181,2.784,3.397
11-Jul,2.192,2.796,3.412
14-Jul,2.176,2.802,3.431
15-Jul,2.161,2.778,3.405
16-Jul,2.134,2.742,3.379
17-Jul,2.138,2.749,3.379
18-Jul,2.146,2.76,3.398
21-Jul,2.09,2.667,3.292
22-Jul,2.075,2.643,3.263
23-Jul,2.107,2.677,3.299
24-Jul,2.196,2.775,3.378
25-Jul,2.206,2.781,3.385
28-Jul,2.172,2.743,3.349
29-Jul,2.191,2.763,3.363
30-Jul,2.197,2.765,3.358
31-Jul,2.198,2.763,3.347
1-Aug,2.166,2.744,3.346
4-Aug,2.132,2.688,3.283
5-Aug,2.138,2.689,3.284
6-Aug,2.151,2.709,3.311
7-Aug,2.151,2.703,3.295
8-Aug,2.187,2.755,3.348
11-Aug,2.2,2.762,3.355
12-Aug,2.213,2.796,3.408
13-Aug,2.169,2.729,3.334
14-Aug,2.19,2.757,3.372
15-Aug,2.23,2.832,3.467
18-Aug,2.212,2.813,3.446
19-Aug,2.205,2.802,3.435
20-Aug,2.179,2.78,3.413
21-Aug,2.218,2.827,3.461
22-Aug,2.188,2.781,3.42
25-Aug,2.225,2.866,3.509
26-Aug,2.205,2.832,3.498
27-Aug,2.188,2.828,3.517
28-Aug,2.187,2.802,3.477
29-Aug,2.193,2.824,3.511
1-Sep,2.206,2.842,3.536
2-Sep,2.233,2.88,3.582
3-Sep,2.211,2.847,3.54
4-Sep,2.203,2.813,3.49
5-Sep,2.165,2.775,3.447
8-Sep,2.154,2.749,3.408
9-Sep,2.163,2.747,3.468
10-Sep,2.17,2.747,3.461
11-Sep,2.202,2.755,3.441
12-Sep,2.242,2.817,3.506
15-Sep,2.237,2.801,3.478
16-Sep,2.225,2.795,3.488
17-Sep,2.225,2.799,3.48
18-Sep,2.235,2.832,3.538
19-Sep,2.245,2.843,3.553
22-Sep,2.244,2.841,3.559
23-Sep,2.25,2.85,3.563
24-Sep,2.248,2.849,3.568
25-Sep,2.266,2.884,3.6
26-Sep,2.254,2.853,3.568
29-Sep,2.252,2.83,3.531
30-Sep,2.25,2.826,3.533
1-Oct,2.239,2.814,3.529
2-Oct,2.238,2.812,3.518
3-Oct,2.247,2.808,3.507
6-Oct,2.253,2.843,3.567
7-Oct,2.25,2.844,3.569
8-Oct,2.226,2.798,3.514
9-Oct,2.239,2.816,3.524
10-Oct,2.198,2.771,3.478
13-Oct,2.183,2.754,3.468
14-Oct,2.155,2.699,3.394
15-Oct,2.134,2.65,3.341
16-Oct,2.121,2.639,3.335
17-Oct,2.123,2.658,3.36
20-Oct,2.128,2.664,3.361
21-Oct,2.125,2.652,3.341
22-Oct,2.13,2.656,3.353
23-Oct,2.147,2.685,3.381
24-Oct,2.193,2.739,3.432
27-Oct,2.193,2.726,3.415
28-Oct,2.193,2.726,3.418
29-Oct,2.188,2.711,3.4
30-Oct,2.199,2.725,3.416
31-Oct,2.185,2.719,3.42
3-Nov,2.211,2.744,3.443
4-Nov,2.204,2.74,3.437
5-Nov,2.219,2.758,3.456
6-Nov,2.211,2.745,3.444
7-Nov,2.216,2.757,3.462
10-Nov,2.222,2.748,3.438
11-Nov,2.213,2.734,3.423
12-Nov,2.204,2.702,3.376
13-Nov,2.234,2.744,3.415
14-Nov,2.25,2.775,3.458
17-Nov,2.259,2.775,3.452
18-Nov,2.246,2.767,3.457
19-Nov,2.244,2.767,3.46
20-Nov,2.25,2.785,3.488
21-Nov,2.245,2.772,3.472
24-Nov,2.24,2.751,3.446
25-Nov,2.24,2.724,3.406
26-Nov,2.237,2.714,3.396
27-Nov,2.244,2.732,3.409
28-Nov,2.242,2.733,3.408
1-Dec,2.281,2.799,3.484
2-Dec,2.271,2.807,3.489
3-Dec,2.275,2.803,3.491
4-Dec,2.294,2.831,3.523
5-Dec,2.308,2.83,3.523
8-Dec,2.366,2.897,3.582
9-Dec,2.362,2.877,3.554
10-Dec,2.386,2.897,3.567
11-Dec,2.366,2.878,3.553
12-Dec,2.362,2.892,3.576
15-Dec,2.354,2.887,3.564
16-Dec,2.328,2.864,3.547
17-Dec,2.329,2.878,3.572
18-Dec,2.326,2.857,3.557
19-Dec,2.346,2.896,3.611
22-Dec,2.34,2.893,3.611
23-Dec,2.328,2.859,3.561
24-Dec,2.33,2.859,3.561
25-Dec,2.33,2.859,3.561
26-Dec,2.33,2.859,3.561
29-Dec,2.303,2.821,3.524
30-Dec,2.31,2.852,3.562
31-Dec,2.316,2.853,3.562
1-Jan,2.316,2.853,3.562
2-Jan,2.33,2.887,3.61
5-Jan,2.314,2.857,3.572
6-Jan,2.285,2.84,3.553
7-Jan,2.271,2.813,3.521
8-Jan,2.271,2.818,3.528
9-Jan,2.268,2.817,3.522
12-Jan,2.259,2.802,3.505
13-Jan,2.259,2.807,3.521
14-Jan,2.234,2.778,3.489
15-Jan,2.257,2.794,3.49
16-Jan,2.273,2.821,3.517
19-Jan,2.244,2.785,3.499
20-Jan,2.237,2.793,3.526
21-Jan,2.25,2.806,3.542
22-Jan,2.266,2.8,3.515
23-Jan,2.273,2.789,3.493
26-Jan,2.245,2.747,3.435
27-Jan,2.24,2.749,3.436
28-Jan,2.217,2.731,3.427
29-Jan,2.204,2.714,3.418
30-Jan,2.209,2.716,3.425
2-Feb,2.237,2.745,3.449
3-Feb,2.24,2.755,3.466
4-Feb,2.212,2.733,3.446
5-Feb,2.212,2.735,3.445
6-Feb,2.206,2.729,3.446
9-Feb,2.196,2.717,3.442
10-Feb,2.183,2.689,3.405
11-Feb,2.178,2.678,3.379
12-Feb,2.169,2.667,3.363
13-Feb,2.152,2.639,3.34
16-Feb,2.158,2.646,3.343
17-Feb,2.157,2.628,3.315
18-Feb,2.165,2.628,3.31
19-Feb,2.17,2.627,3.314
20-Feb,2.174,2.625,3.299
23-Feb,2.157,2.599,3.275
24-Feb,2.162,2.595,3.267
25-Feb,2.157,2.586,3.255
26-Feb,2.153,2.579,3.248
27-Feb,2.117,2.532,3.217
2-Mar,2.206,2.624,3.289
3-Mar,2.298,2.708,3.373
4-Mar,2.267,2.683,3.347
5-Mar,2.378,2.818,3.464
6-Mar,2.461,2.88,3.51
9-Mar,2.486,2.889,3.506
10-Mar,2.392,2.798,3.443
11-Mar,2.526,2.937,3.569
12-Mar,2.574,2.989,3.625
13-Mar,2.606,3.034,3.671
16-Mar,2.559,2.972,3.615
17-Mar,2.531,2.921,3.554
18-Mar,2.594,2.979,3.603
19-Mar,2.74,3.072,3.64
20-Mar,2.839,3.181,3.754
23-Mar,2.754,3.111,3.709
24-Mar,2.86,3.177,3.757
25-Mar,2.786,3.084,3.651
26-Mar,2.903,3.231,3.8
27-Mar,2.867,3.239,3.832
30-Mar,2.814,3.174,3.767
31-Mar,2.811,3.141,3.721
1-Apr,2.774,3.098,3.67
2-Apr,2.793,3.101,3.679
3-Apr,2.793,3.101,3.679
6-Apr,2.793,3.101,3.679
7-Apr,2.904,3.215,3.779
8-Apr,2.647,2.984,3.578
9-Apr,2.675,3.012,3.612
10-Apr,2.754,3.099,3.705
13-Apr,2.804,3.146,3.748
14-Apr,2.687,3.042,3.656
15-Apr,2.689,3.06,3.681
16-Apr,2.662,3.043,3.672
17-Apr,2.542,2.939,3.577
20-Apr,2.594,2.973,3.61
21-Apr,2.657,3.031,3.655
22-Apr,2.687,3.047,3.656
23-Apr,2.694,3.057,3.663
24-Apr,2.678,3.03,3.637
27-Apr,2.707,3.071,3.685
28-Apr,2.787,3.124,3.722
29-Apr,2.883,3.197,3.777
30-Apr,2.785,3.099,3.692
1-May,2.785,3.099,3.692
4-May,2.878,3.174,3.758
5-May,2.822,3.115,3.71
6-May,2.708,3.017,3.622
7-May,2.728,3.029,3.626
8-May,2.733,3.027,3.621
11-May,2.782,3.07,3.659
12-May,2.849,3.153,3.738
13-May,2.844,3.147,3.728
14-May,2.786,3.082,3.662
15-May,2.875,3.219,3.818
18-May,2.843,3.177,3.777
19-May,2.884,3.233,3.83
20-May,2.783,3.118,3.717
21-May,2.814,3.134,3.726
22-May,2.772,3.077,3.663
25-May,2.663,2.967,3.558
26-May,2.727,3.01,3.59
27-May,2.721,3.009,3.596
28-May,2.696,2.979,3.568
29-May,2.67,2.955,3.549
1-Jun,2.773,3.045,3.629
2-Jun,2.765,3.017,3.594
3-Jun,2.814,3.092,3.671
4-Jun,2.801,3.083,3.666
5-Jun,2.831,3.121,3.693
8-Jun,2.889,3.275,3.838
9-Jun,2.843,3.235,3.808
10-Jun,2.896,3.284,3.848
11-Jun,2.854,3.24,3.8
12-Jun,2.787,3.177,3.744
15-Jun,2.736,3.122,3.697
16-Jun,2.726,3.094,3.661
17-Jun,2.746,3.108,3.664
18-Jun,2.768,3.126,3.677
19-Jun,2.808,3.179,3.741
22-Jun,2.764,3.141,3.707
23-Jun,2.745,3.113,3.68
24-Jun,2.715,3.069,3.628
25-Jun,2.702,3.069,3.631
26-Jun,2.693,3.068,3.633
29-Jun,2.714,3.074,3.638
30-Jun,2.703,3.077,3.651
1-Jul,2.69,3.09,3.68
2-Jul,2.678,3.097,3.706
3-Jul,2.713,3.129,3.723
6-Jul,2.715,3.138,3.734
7-Jul,2.758,3.195,3.79
8-Jul,2.892,3.336,3.925
9-Jul,2.824,3.256,3.854
10-Jul,2.823,3.241,3.828
13-Jul,2.898,3.309,3.884
14-Jul,2.921,3.322,3.891
15-Jul,2.91,3.335,3.91
16-Jul,2.934,3.347,3.927
17-Jul,2.95,3.356,3.926
20-Jul,2.955,3.369,3.945
21-Jul,2.969,3.389,3.962
22-Jul,3.004,3.408,3.969
23-Jul,3.054,3.465,4.016
24-Jul,2.998,3.408,3.968
27-Jul,2.958,3.366,3.923
28-Jul,2.913,3.318,3.883
29-Jul,2.987,3.404,3.96
30-Jul,2.932,3.359,3.939
31-Jul,2.99,3.419,3.998
3-Aug,2.942,3.357,3.936
4-Aug,2.881,3.293,3.882
5-Aug,2.899,3.316,3.899
6-Aug,2.929,3.352,3.932
7-Aug,2.917,3.332,3.916
10-Aug,2.976,3.4,3.98
11-Aug,2.97,3.395,3.977
12-Aug,2.967,3.397,3.978
13-Aug,2.942,3.362,3.943
14-Aug,2.982,3.446,4.045
17-Aug,2.989,3.46,4.065
18-Aug,3.034,3.51,4.113
19-Aug,3.046,3.514,4.108
20-Aug,3.039,3.518,4.122
21-Aug,3.034,3.522,4.132
24-Aug,3.054,3.522,4.122
25-Aug,2.99,3.444,4.049
26-Aug,3.025,3.485,4.089
27-Aug,3.045,3.502,4.104
28-Aug,3.081,3.535,4.126
31-Aug,3.117,3.577,4.176
1-Sep,3.146,3.61,4.206
2-Sep,3.183,3.656,4.251
3-Sep,3.137,3.605,4.203
4-Sep,3.129,3.597,4.195
7-Sep,3.186,3.652,4.25
8-Sep,3.179,3.64,4.232
9-Sep,3.255,3.752,4.341
10-Sep,3.439,3.898,4.439
11-Sep,3.396,3.883,4.452
14-Sep,3.476,3.93,4.472
