,GTGRD2Y Govt,GTGRD5Y Govt,GTGRD10Y Govt
,Last Price,Last Price,Last Price
Dates,PX_LAST,PX_LAST,PX_LAST
1-Jan,#N/A N/A,#N/A N/A,#N/A N/A
4-Jan,#N/A N/A,#N/A N/A,#N/A N/A
5-Jan,#N/A N/A,#N/A N/A,#N/A N/A
6-Jan,#N/A N/A,#N/A N/A,#N/A N/A
7-Jan,#N/A N/A,#N/A N/A,#N/A N/A
8-Jan,#N/A N/A,#N/A N/A,#N/A N/A
11-Jan,#N/A N/A,#N/A N/A,#N/A N/A
12-Jan,#N/A N/A,#N/A N/A,#N/A N/A
13-Jan,#N/A N/A,#N/A N/A,#N/A N/A
14-Jan,#N/A N/A,#N/A N/A,#N/A N/A
15-Jan,#N/A N/A,#N/A N/A,#N/A N/A
18-Jan,#N/A N/A,#N/A N/A,#N/A N/A
19-Jan,#N/A N/A,#N/A N/A,#N/A N/A
20-Jan,#N/A N/A,#N/A N/A,#N/A N/A
21-Jan,#N/A N/A,#N/A N/A,#N/A N/A
22-Jan,#N/A N/A,#N/A N/A,#N/A N/A
25-Jan,#N/A N/A,#N/A N/A,#N/A N/A
26-Jan,#N/A N/A,#N/A N/A,#N/A N/A
27-Jan,#N/A N/A,#N/A N/A,#N/A N/A
28-Jan,#N/A N/A,#N/A N/A,#N/A N/A
29-Jan,#N/A N/A,#N/A N/A,#N/A N/A
1-Feb,#N/A N/A,#N/A N/A,#N/A N/A
2-Feb,#N/A N/A,#N/A N/A,#N/A N/A
3-Feb,#N/A N/A,#N/A N/A,#N/A N/A
4-Feb,#N/A N/A,#N/A N/A,#N/A N/A
5-Feb,#N/A N/A,#N/A N/A,#N/A N/A
8-Feb,#N/A N/A,#N/A N/A,#N/A N/A
9-Feb,#N/A N/A,#N/A N/A,#N/A N/A
10-Feb,#N/A N/A,#N/A N/A,#N/A N/A
11-Feb,#N/A N/A,#N/A N/A,#N/A N/A
12-Feb,#N/A N/A,#N/A N/A,#N/A N/A
15-Feb,#N/A N/A,#N/A N/A,#N/A N/A
16-Feb,#N/A N/A,#N/A N/A,#N/A N/A
17-Feb,#N/A N/A,#N/A N/A,#N/A N/A
18-Feb,#N/A N/A,#N/A N/A,#N/A N/A
19-Feb,#N/A N/A,#N/A N/A,#N/A N/A
22-Feb,#N/A N/A,#N/A N/A,#N/A N/A
23-Feb,#N/A N/A,#N/A N/A,#N/A N/A
24-Feb,#N/A N/A,#N/A N/A,#N/A N/A
25-Feb,#N/A N/A,#N/A N/A,#N/A N/A
26-Feb,#N/A N/A,#N/A N/A,#N/A N/A
1-Mar,#N/A N/A,#N/A N/A,#N/A N/A
2-Mar,#N/A N/A,#N/A N/A,#N/A N/A
3-Mar,#N/A N/A,#N/A N/A,#N/A N/A
4-Mar,#N/A N/A,#N/A N/A,#N/A N/A
5-Mar,#N/A N/A,#N/A N/A,#N/A N/A
8-Mar,#N/A N/A,#N/A N/A,#N/A N/A
9-Mar,#N/A N/A,#N/A N/A,#N/A N/A
10-Mar,#N/A N/A,#N/A N/A,#N/A N/A
11-Mar,#N/A N/A,#N/A N/A,#N/A N/A
12-Mar,#N/A N/A,#N/A N/A,#N/A N/A
15-Mar,#N/A N/A,#N/A N/A,#N/A N/A
16-Mar,#N/A N/A,#N/A N/A,#N/A N/A
17-Mar,#N/A N/A,#N/A N/A,#N/A N/A
18-Mar,#N/A N/A,#N/A N/A,#N/A N/A
19-Mar,#N/A N/A,#N/A N/A,#N/A N/A
22-Mar,#N/A N/A,#N/A N/A,#N/A N/A
23-Mar,#N/A N/A,#N/A N/A,#N/A N/A
24-Mar,#N/A N/A,#N/A N/A,#N/A N/A
25-Mar,#N/A N/A,#N/A N/A,#N/A N/A
26-Mar,#N/A N/A,#N/A N/A,#N/A N/A
29-Mar,#N/A N/A,#N/A N/A,#N/A N/A
30-Mar,#N/A N/A,#N/A N/A,#N/A N/A
31-Mar,#N/A N/A,#N/A N/A,#N/A N/A
1-Apr,#N/A N/A,#N/A N/A,#N/A N/A
2-Apr,#N/A N/A,#N/A N/A,#N/A N/A
5-Apr,#N/A N/A,#N/A N/A,#N/A N/A
6-Apr,#N/A N/A,#N/A N/A,#N/A N/A
7-Apr,#N/A N/A,#N/A N/A,#N/A N/A
8-Apr,#N/A N/A,#N/A N/A,#N/A N/A
9-Apr,#N/A N/A,#N/A N/A,#N/A N/A
12-Apr,#N/A N/A,#N/A N/A,#N/A N/A
13-Apr,#N/A N/A,#N/A N/A,#N/A N/A
14-Apr,#N/A N/A,#N/A N/A,#N/A N/A
15-Apr,#N/A N/A,#N/A N/A,#N/A N/A
16-Apr,#N/A N/A,#N/A N/A,#N/A N/A
19-Apr,#N/A N/A,#N/A N/A,#N/A N/A
20-Apr,#N/A N/A,#N/A N/A,#N/A N/A
21-Apr,#N/A N/A,#N/A N/A,#N/A N/A
22-Apr,#N/A N/A,#N/A N/A,#N/A N/A
23-Apr,#N/A N/A,#N/A N/A,#N/A N/A
26-Apr,#N/A N/A,#N/A N/A,#N/A N/A
27-Apr,#N/A N/A,#N/A N/A,#N/A N/A
28-Apr,#N/A N/A,#N/A N/A,#N/A N/A
29-Apr,#N/A N/A,#N/A N/A,#N/A N/A
30-Apr,#N/A N/A,#N/A N/A,#N/A N/A
3-May,#N/A N/A,#N/A N/A,#N/A N/A
4-May,#N/A N/A,#N/A N/A,#N/A N/A
5-May,#N/A N/A,#N/A N/A,#N/A N/A
6-May,#N/A N/A,#N/A N/A,#N/A N/A
7-May,#N/A N/A,#N/A N/A,#N/A N/A
10-May,#N/A N/A,#N/A N/A,#N/A N/A
11-May,#N/A N/A,#N/A N/A,#N/A N/A
12-May,#N/A N/A,#N/A N/A,#N/A N/A
13-May,#N/A N/A,#N/A N/A,#N/A N/A
14-May,#N/A N/A,#N/A N/A,#N/A N/A
17-May,#N/A N/A,#N/A N/A,#N/A N/A
18-May,#N/A N/A,#N/A N/A,#N/A N/A
19-May,#N/A N/A,#N/A N/A,#N/A N/A
20-May,#N/A N/A,#N/A N/A,#N/A N/A
21-May,#N/A N/A,#N/A N/A,#N/A N/A
24-May,#N/A N/A,#N/A N/A,#N/A N/A
25-May,#N/A N/A,#N/A N/A,#N/A N/A
26-May,#N/A N/A,#N/A N/A,#N/A N/A
27-May,#N/A N/A,#N/A N/A,#N/A N/A
28-May,#N/A N/A,#N/A N/A,#N/A N/A
31-May,#N/A N/A,#N/A N/A,#N/A N/A
1-Jun,#N/A N/A,#N/A N/A,#N/A N/A
2-Jun,#N/A N/A,#N/A N/A,#N/A N/A
3-Jun,#N/A N/A,#N/A N/A,#N/A N/A
4-Jun,#N/A N/A,#N/A N/A,#N/A N/A
7-Jun,#N/A N/A,#N/A N/A,#N/A N/A
8-Jun,#N/A N/A,#N/A N/A,#N/A N/A
9-Jun,#N/A N/A,#N/A N/A,#N/A N/A
10-Jun,#N/A N/A,#N/A N/A,#N/A N/A
11-Jun,#N/A N/A,#N/A N/A,#N/A N/A
14-Jun,#N/A N/A,#N/A N/A,#N/A N/A
15-Jun,#N/A N/A,#N/A N/A,#N/A N/A
16-Jun,#N/A N/A,#N/A N/A,#N/A N/A
17-Jun,#N/A N/A,#N/A N/A,#N/A N/A
18-Jun,#N/A N/A,#N/A N/A,#N/A N/A
21-Jun,#N/A N/A,#N/A N/A,#N/A N/A
22-Jun,#N/A N/A,#N/A N/A,#N/A N/A
23-Jun,#N/A N/A,#N/A N/A,#N/A N/A
24-Jun,#N/A N/A,#N/A N/A,#N/A N/A
25-Jun,#N/A N/A,#N/A N/A,#N/A N/A
28-Jun,#N/A N/A,#N/A N/A,#N/A N/A
29-Jun,#N/A N/A,#N/A N/A,#N/A N/A
30-Jun,#N/A N/A,#N/A N/A,#N/A N/A
1-Jul,#N/A N/A,#N/A N/A,#N/A N/A
2-Jul,#N/A N/A,#N/A N/A,#N/A N/A
5-Jul,#N/A N/A,#N/A N/A,#N/A N/A
6-Jul,#N/A N/A,#N/A N/A,#N/A N/A
7-Jul,#N/A N/A,#N/A N/A,#N/A N/A
8-Jul,#N/A N/A,#N/A N/A,#N/A N/A
9-Jul,#N/A N/A,#N/A N/A,#N/A N/A
12-Jul,#N/A N/A,#N/A N/A,#N/A N/A
13-Jul,#N/A N/A,#N/A N/A,#N/A N/A
14-Jul,#N/A N/A,#N/A N/A,#N/A N/A
15-Jul,#N/A N/A,#N/A N/A,#N/A N/A
16-Jul,#N/A N/A,#N/A N/A,#N/A N/A
19-Jul,#N/A N/A,#N/A N/A,#N/A N/A
20-Jul,#N/A N/A,#N/A N/A,#N/A N/A
21-Jul,#N/A N/A,#N/A N/A,#N/A N/A
22-Jul,#N/A N/A,#N/A N/A,#N/A N/A
23-Jul,#N/A N/A,#N/A N/A,#N/A N/A
26-Jul,#N/A N/A,#N/A N/A,#N/A N/A
27-Jul,#N/A N/A,#N/A N/A,#N/A N/A
28-Jul,#N/A N/A,#N/A N/A,#N/A N/A
29-Jul,#N/A N/A,#N/A N/A,#N/A N/A
30-Jul,#N/A N/A,#N/A N/A,#N/A N/A
2-Aug,#N/A N/A,#N/A N/A,#N/A N/A
3-Aug,#N/A N/A,#N/A N/A,#N/A N/A
4-Aug,#N/A N/A,#N/A N/A,#N/A N/A
5-Aug,#N/A N/A,#N/A N/A,#N/A N/A
6-Aug,#N/A N/A,#N/A N/A,#N/A N/A
9-Aug,#N/A N/A,#N/A N/A,#N/A N/A
10-Aug,#N/A N/A,#N/A N/A,#N/A N/A
11-Aug,#N/A N/A,#N/A N/A,#N/A N/A
12-Aug,#N/A N/A,#N/A N/A,#N/A N/A
13-Aug,#N/A N/A,#N/A N/A,#N/A N/A
16-Aug,#N/A N/A,#N/A N/A,#N/A N/A
17-Aug,#N/A N/A,#N/A N/A,#N/A N/A
18-Aug,#N/A N/A,#N/A N/A,#N/A N/A
19-Aug,#N/A N/A,#N/A N/A,#N/A N/A
20-Aug,#N/A N/A,#N/A N/A,#N/A N/A
23-Aug,#N/A N/A,#N/A N/A,#N/A N/A
24-Aug,#N/A N/A,#N/A N/A,#N/A N/A
25-Aug,#N/A N/A,#N/A N/A,#N/A N/A
26-Aug,#N/A N/A,#N/A N/A,#N/A N/A
27-Aug,#N/A N/A,#N/A N/A,#N/A N/A
30-Aug,#N/A N/A,#N/A N/A,#N/A N/A
31-Aug,#N/A N/A,#N/A N/A,#N/A N/A
1-Sep,#N/A N/A,#N/A N/A,#N/A N/A
2-Sep,#N/A N/A,#N/A N/A,#N/A N/A
3-Sep,#N/A N/A,#N/A N/A,#N/A N/A
6-Sep,#N/A N/A,#N/A N/A,#N/A N/A
7-Sep,#N/A N/A,#N/A N/A,#N/A N/A
8-Sep,#N/A N/A,#N/A N/A,#N/A N/A
9-Sep,#N/A N/A,#N/A N/A,#N/A N/A
10-Sep,#N/A N/A,#N/A N/A,#N/A N/A
13-Sep,#N/A N/A,#N/A N/A,#N/A N/A
14-Sep,#N/A N/A,#N/A N/A,#N/A N/A
15-Sep,#N/A N/A,#N/A N/A,#N/A N/A
16-Sep,#N/A N/A,#N/A N/A,#N/A N/A
17-Sep,#N/A N/A,#N/A N/A,#N/A N/A
20-Sep,#N/A N/A,#N/A N/A,#N/A N/A
21-Sep,#N/A N/A,#N/A N/A,#N/A N/A
22-Sep,#N/A N/A,#N/A N/A,#N/A N/A
23-Sep,#N/A N/A,#N/A N/A,#N/A N/A
24-Sep,#N/A N/A,#N/A N/A,#N/A N/A
27-Sep,#N/A N/A,#N/A N/A,#N/A N/A
28-Sep,#N/A N/A,#N/A N/A,#N/A N/A
29-Sep,#N/A N/A,#N/A N/A,#N/A N/A
30-Sep,#N/A N/A,#N/A N/A,#N/A N/A
1-Oct,#N/A N/A,#N/A N/A,#N/A N/A
4-Oct,#N/A N/A,#N/A N/A,#N/A N/A
5-Oct,#N/A N/A,#N/A N/A,#N/A N/A
6-Oct,#N/A N/A,#N/A N/A,#N/A N/A
7-Oct,#N/A N/A,#N/A N/A,#N/A N/A
8-Oct,#N/A N/A,#N/A N/A,#N/A N/A
11-Oct,#N/A N/A,#N/A N/A,#N/A N/A
12-Oct,#N/A N/A,#N/A N/A,#N/A N/A
13-Oct,#N/A N/A,#N/A N/A,#N/A N/A
14-Oct,#N/A N/A,#N/A N/A,#N/A N/A
15-Oct,#N/A N/A,#N/A N/A,#N/A N/A
18-Oct,#N/A N/A,#N/A N/A,#N/A N/A
19-Oct,#N/A N/A,#N/A N/A,#N/A N/A
20-Oct,#N/A N/A,#N/A N/A,#N/A N/A
21-Oct,#N/A N/A,#N/A N/A,#N/A N/A
22-Oct,#N/A N/A,#N/A N/A,#N/A N/A
25-Oct,#N/A N/A,#N/A N/A,#N/A N/A
26-Oct,#N/A N/A,#N/A N/A,#N/A N/A
27-Oct,#N/A N/A,#N/A N/A,#N/A N/A
28-Oct,#N/A N/A,#N/A N/A,#N/A N/A
29-Oct,#N/A N/A,#N/A N/A,#N/A N/A
1-Nov,#N/A N/A,#N/A N/A,#N/A N/A
2-Nov,#N/A N/A,#N/A N/A,#N/A N/A
3-Nov,#N/A N/A,#N/A N/A,#N/A N/A
4-Nov,#N/A N/A,#N/A N/A,#N/A N/A
5-Nov,#N/A N/A,#N/A N/A,#N/A N/A
8-Nov,#N/A N/A,#N/A N/A,#N/A N/A
9-Nov,#N/A N/A,#N/A N/A,#N/A N/A
10-Nov,#N/A N/A,#N/A N/A,#N/A N/A
11-Nov,#N/A N/A,#N/A N/A,#N/A N/A
12-Nov,#N/A N/A,#N/A N/A,#N/A N/A
15-Nov,#N/A N/A,#N/A N/A,#N/A N/A
16-Nov,#N/A N/A,#N/A N/A,#N/A N/A
17-Nov,#N/A N/A,#N/A N/A,#N/A N/A
18-Nov,#N/A N/A,#N/A N/A,#N/A N/A
19-Nov,#N/A N/A,#N/A N/A,#N/A N/A
22-Nov,#N/A N/A,#N/A N/A,#N/A N/A
23-Nov,#N/A N/A,#N/A N/A,#N/A N/A
24-Nov,#N/A N/A,#N/A N/A,#N/A N/A
25-Nov,#N/A N/A,#N/A N/A,#N/A N/A
26-Nov,#N/A N/A,#N/A N/A,#N/A N/A
29-Nov,#N/A N/A,#N/A N/A,#N/A N/A
30-Nov,#N/A N/A,#N/A N/A,#N/A N/A
1-Dec,#N/A N/A,#N/A N/A,#N/A N/A
2-Dec,#N/A N/A,#N/A N/A,#N/A N/A
3-Dec,#N/A N/A,#N/A N/A,#N/A N/A
6-Dec,#N/A N/A,#N/A N/A,#N/A N/A
7-Dec,#N/A N/A,#N/A N/A,#N/A N/A
8-Dec,#N/A N/A,#N/A N/A,#N/A N/A
9-Dec,#N/A N/A,#N/A N/A,#N/A N/A
10-Dec,#N/A N/A,#N/A N/A,#N/A N/A
13-Dec,#N/A N/A,#N/A N/A,#N/A N/A
14-Dec,#N/A N/A,#N/A N/A,#N/A N/A
15-Dec,#N/A N/A,#N/A N/A,#N/A N/A
16-Dec,#N/A N/A,#N/A N/A,#N/A N/A
17-Dec,#N/A N/A,#N/A N/A,#N/A N/A
20-Dec,#N/A N/A,#N/A N/A,#N/A N/A
21-Dec,#N/A N/A,#N/A N/A,#N/A N/A
22-Dec,#N/A N/A,#N/A N/A,#N/A N/A
23-Dec,#N/A N/A,#N/A N/A,#N/A N/A
24-Dec,#N/A N/A,#N/A N/A,#N/A N/A
27-Dec,#N/A N/A,#N/A N/A,#N/A N/A
28-Dec,#N/A N/A,#N/A N/A,#N/A N/A
29-Dec,#N/A N/A,#N/A N/A,#N/A N/A
30-Dec,#N/A N/A,#N/A N/A,#N/A N/A
31-Dec,#N/A N/A,#N/A N/A,#N/A N/A
3-Jan,#N/A N/A,#N/A N/A,#N/A N/A
4-Jan,#N/A N/A,#N/A N/A,#N/A N/A
5-Jan,#N/A N/A,#N/A N/A,#N/A N/A
6-Jan,#N/A N/A,#N/A N/A,#N/A N/A
7-Jan,#N/A N/A,#N/A N/A,#N/A N/A
10-Jan,#N/A N/A,#N/A N/A,#N/A N/A
11-Jan,#N/A N/A,#N/A N/A,#N/A N/A
12-Jan,#N/A N/A,#N/A N/A,#N/A N/A
13-Jan,#N/A N/A,#N/A N/A,#N/A N/A
14-Jan,#N/A N/A,#N/A N/A,#N/A N/A
17-Jan,#N/A N/A,#N/A N/A,#N/A N/A
18-Jan,#N/A N/A,#N/A N/A,#N/A N/A
19-Jan,#N/A N/A,#N/A N/A,#N/A N/A
20-Jan,#N/A N/A,#N/A N/A,#N/A N/A
21-Jan,#N/A N/A,#N/A N/A,#N/A N/A
24-Jan,#N/A N/A,#N/A N/A,#N/A N/A
25-Jan,#N/A N/A,#N/A N/A,#N/A N/A
26-Jan,#N/A N/A,#N/A N/A,#N/A N/A
27-Jan,#N/A N/A,#N/A N/A,#N/A N/A
28-Jan,#N/A N/A,#N/A N/A,#N/A N/A
31-Jan,#N/A N/A,#N/A N/A,#N/A N/A
1-Feb,#N/A N/A,#N/A N/A,#N/A N/A
2-Feb,#N/A N/A,#N/A N/A,#N/A N/A
3-Feb,#N/A N/A,#N/A N/A,#N/A N/A
4-Feb,#N/A N/A,#N/A N/A,#N/A N/A
7-Feb,#N/A N/A,#N/A N/A,#N/A N/A
8-Feb,#N/A N/A,#N/A N/A,#N/A N/A
9-Feb,#N/A N/A,#N/A N/A,#N/A N/A
10-Feb,#N/A N/A,#N/A N/A,#N/A N/A
11-Feb,#N/A N/A,#N/A N/A,#N/A N/A
14-Feb,#N/A N/A,#N/A N/A,#N/A N/A
15-Feb,#N/A N/A,#N/A N/A,#N/A N/A
16-Feb,#N/A N/A,#N/A N/A,#N/A N/A
17-Feb,#N/A N/A,#N/A N/A,#N/A N/A
18-Feb,#N/A N/A,#N/A N/A,#N/A N/A
21-Feb,#N/A N/A,#N/A N/A,#N/A N/A
22-Feb,#N/A N/A,#N/A N/A,#N/A N/A
23-Feb,#N/A N/A,#N/A N/A,#N/A N/A
24-Feb,#N/A N/A,#N/A N/A,#N/A N/A
25-Feb,#N/A N/A,#N/A N/A,#N/A N/A
28-Feb,#N/A N/A,#N/A N/A,#N/A N/A
29-Feb,#N/A N/A,#N/A N/A,#N/A N/A
1-Mar,#N/A N/A,#N/A N/A,#N/A N/A
2-Mar,#N/A N/A,#N/A N/A,#N/A N/A
3-Mar,#N/A N/A,#N/A N/A,#N/A N/A
6-Mar,#N/A N/A,#N/A N/A,#N/A N/A
7-Mar,#N/A N/A,#N/A N/A,#N/A N/A
8-Mar,#N/A N/A,#N/A N/A,#N/A N/A
9-Mar,#N/A N/A,#N/A N/A,#N/A N/A
10-Mar,#N/A N/A,#N/A N/A,#N/A N/A
13-Mar,#N/A N/A,#N/A N/A,#N/A N/A
14-Mar,#N/A N/A,#N/A N/A,#N/A N/A
15-Mar,#N/A N/A,#N/A N/A,#N/A N/A
16-Mar,#N/A N/A,#N/A N/A,#N/A N/A
17-Mar,#N/A N/A,#N/A N/A,#N/A N/A
20-Mar,#N/A N/A,#N/A N/A,#N/A N/A
21-Mar,#N/A N/A,#N/A N/A,#N/A N/A
22-Mar,#N/A N/A,#N/A N/A,#N/A N/A
23-Mar,#N/A N/A,#N/A N/A,#N/A N/A
24-Mar,#N/A N/A,#N/A N/A,#N/A N/A
27-Mar,#N/A N/A,#N/A N/A,#N/A N/A
28-Mar,#N/A N/A,#N/A N/A,#N/A N/A
29-Mar,#N/A N/A,#N/A N/A,#N/A N/A
30-Mar,#N/A N/A,#N/A N/A,#N/A N/A
31-Mar,#N/A N/A,#N/A N/A,#N/A N/A
3-Apr,#N/A N/A,#N/A N/A,#N/A N/A
4-Apr,#N/A N/A,#N/A N/A,#N/A N/A
5-Apr,#N/A N/A,#N/A N/A,#N/A N/A
6-Apr,#N/A N/A,#N/A N/A,#N/A N/A
7-Apr,#N/A N/A,#N/A N/A,#N/A N/A
10-Apr,#N/A N/A,#N/A N/A,#N/A N/A
11-Apr,#N/A N/A,#N/A N/A,#N/A N/A
12-Apr,#N/A N/A,#N/A N/A,#N/A N/A
13-Apr,#N/A N/A,#N/A N/A,#N/A N/A
14-Apr,#N/A N/A,#N/A N/A,#N/A N/A
17-Apr,#N/A N/A,#N/A N/A,#N/A N/A
18-Apr,#N/A N/A,#N/A N/A,#N/A N/A
19-Apr,#N/A N/A,#N/A N/A,#N/A N/A
20-Apr,#N/A N/A,#N/A N/A,#N/A N/A
21-Apr,#N/A N/A,#N/A N/A,#N/A N/A
24-Apr,#N/A N/A,#N/A N/A,#N/A N/A
25-Apr,#N/A N/A,#N/A N/A,#N/A N/A
26-Apr,#N/A N/A,#N/A N/A,#N/A N/A
27-Apr,#N/A N/A,#N/A N/A,#N/A N/A
28-Apr,#N/A N/A,#N/A N/A,#N/A N/A
1-May,#N/A N/A,#N/A N/A,#N/A N/A
2-May,#N/A N/A,#N/A N/A,#N/A N/A
3-May,#N/A N/A,#N/A N/A,#N/A N/A
4-May,#N/A N/A,#N/A N/A,#N/A N/A
5-May,#N/A N/A,#N/A N/A,#N/A N/A
8-May,#N/A N/A,#N/A N/A,#N/A N/A
9-May,#N/A N/A,#N/A N/A,#N/A N/A
10-May,#N/A N/A,#N/A N/A,#N/A N/A
11-May,#N/A N/A,#N/A N/A,#N/A N/A
12-May,#N/A N/A,#N/A N/A,#N/A N/A
15-May,#N/A N/A,#N/A N/A,#N/A N/A
16-May,#N/A N/A,#N/A N/A,#N/A N/A
17-May,#N/A N/A,#N/A N/A,#N/A N/A
18-May,#N/A N/A,#N/A N/A,#N/A N/A
19-May,#N/A N/A,#N/A N/A,#N/A N/A
22-May,#N/A N/A,#N/A N/A,#N/A N/A
23-May,#N/A N/A,#N/A N/A,#N/A N/A
24-May,#N/A N/A,#N/A N/A,#N/A N/A
25-May,#N/A N/A,#N/A N/A,#N/A N/A
26-May,#N/A N/A,#N/A N/A,#N/A N/A
29-May,#N/A N/A,#N/A N/A,#N/A N/A
30-May,#N/A N/A,#N/A N/A,#N/A N/A
31-May,#N/A N/A,#N/A N/A,#N/A N/A
1-Jun,#N/A N/A,#N/A N/A,#N/A N/A
2-Jun,#N/A N/A,#N/A N/A,#N/A N/A
5-Jun,#N/A N/A,#N/A N/A,#N/A N/A
6-Jun,#N/A N/A,#N/A N/A,#N/A N/A
7-Jun,#N/A N/A,#N/A N/A,#N/A N/A
8-Jun,#N/A N/A,#N/A N/A,#N/A N/A
9-Jun,#N/A N/A,#N/A N/A,#N/A N/A
12-Jun,#N/A N/A,#N/A N/A,#N/A N/A
13-Jun,#N/A N/A,#N/A N/A,#N/A N/A
14-Jun,#N/A N/A,#N/A N/A,#N/A N/A
15-Jun,#N/A N/A,#N/A N/A,#N/A N/A
16-Jun,#N/A N/A,#N/A N/A,#N/A N/A
19-Jun,#N/A N/A,#N/A N/A,#N/A N/A
20-Jun,#N/A N/A,#N/A N/A,#N/A N/A
21-Jun,#N/A N/A,#N/A N/A,#N/A N/A
22-Jun,#N/A N/A,#N/A N/A,#N/A N/A
23-Jun,#N/A N/A,#N/A N/A,#N/A N/A
26-Jun,#N/A N/A,#N/A N/A,#N/A N/A
27-Jun,#N/A N/A,#N/A N/A,#N/A N/A
28-Jun,#N/A N/A,#N/A N/A,#N/A N/A
29-Jun,#N/A N/A,#N/A N/A,#N/A N/A
30-Jun,#N/A N/A,#N/A N/A,#N/A N/A
3-Jul,#N/A N/A,#N/A N/A,#N/A N/A
4-Jul,#N/A N/A,#N/A N/A,#N/A N/A
5-Jul,#N/A N/A,#N/A N/A,#N/A N/A
6-Jul,#N/A N/A,#N/A N/A,#N/A N/A
7-Jul,#N/A N/A,#N/A N/A,#N/A N/A
10-Jul,#N/A N/A,#N/A N/A,#N/A N/A
11-Jul,#N/A N/A,#N/A N/A,#N/A N/A
12-Jul,#N/A N/A,#N/A N/A,#N/A N/A
13-Jul,#N/A N/A,#N/A N/A,#N/A N/A
14-Jul,#N/A N/A,#N/A N/A,#N/A N/A
17-Jul,#N/A N/A,#N/A N/A,#N/A N/A
18-Jul,#N/A N/A,#N/A N/A,#N/A N/A
19-Jul,#N/A N/A,#N/A N/A,#N/A N/A
20-Jul,#N/A N/A,#N/A N/A,#N/A N/A
21-Jul,#N/A N/A,#N/A N/A,#N/A N/A
24-Jul,#N/A N/A,#N/A N/A,#N/A N/A
25-Jul,#N/A N/A,#N/A N/A,#N/A N/A
26-Jul,#N/A N/A,#N/A N/A,#N/A N/A
27-Jul,#N/A N/A,#N/A N/A,#N/A N/A
28-Jul,#N/A N/A,#N/A N/A,#N/A N/A
31-Jul,#N/A N/A,#N/A N/A,#N/A N/A
1-Aug,#N/A N/A,#N/A N/A,#N/A N/A
2-Aug,#N/A N/A,#N/A N/A,#N/A N/A
3-Aug,#N/A N/A,#N/A N/A,#N/A N/A
4-Aug,#N/A N/A,#N/A N/A,#N/A N/A
7-Aug,#N/A N/A,#N/A N/A,#N/A N/A
8-Aug,#N/A N/A,#N/A N/A,#N/A N/A
9-Aug,#N/A N/A,#N/A N/A,#N/A N/A
10-Aug,#N/A N/A,#N/A N/A,#N/A N/A
11-Aug,#N/A N/A,#N/A N/A,#N/A N/A
14-Aug,#N/A N/A,#N/A N/A,#N/A N/A
15-Aug,#N/A N/A,#N/A N/A,#N/A N/A
16-Aug,#N/A N/A,#N/A N/A,#N/A N/A
17-Aug,#N/A N/A,#N/A N/A,#N/A N/A
18-Aug,#N/A N/A,#N/A N/A,#N/A N/A
21-Aug,#N/A N/A,#N/A N/A,#N/A N/A
22-Aug,#N/A N/A,#N/A N/A,#N/A N/A
23-Aug,#N/A N/A,#N/A N/A,#N/A N/A
24-Aug,#N/A N/A,#N/A N/A,#N/A N/A
25-Aug,#N/A N/A,#N/A N/A,#N/A N/A
28-Aug,#N/A N/A,#N/A N/A,#N/A N/A
29-Aug,#N/A N/A,#N/A N/A,#N/A N/A
30-Aug,#N/A N/A,#N/A N/A,#N/A N/A
31-Aug,#N/A N/A,#N/A N/A,#N/A N/A
1-Sep,#N/A N/A,#N/A N/A,#N/A N/A
4-Sep,#N/A N/A,#N/A N/A,#N/A N/A
5-Sep,#N/A N/A,#N/A N/A,#N/A N/A
6-Sep,#N/A N/A,#N/A N/A,#N/A N/A
7-Sep,#N/A N/A,#N/A N/A,#N/A N/A
8-Sep,#N/A N/A,#N/A N/A,#N/A N/A
11-Sep,#N/A N/A,#N/A N/A,#N/A N/A
12-Sep,#N/A N/A,#N/A N/A,#N/A N/A
13-Sep,#N/A N/A,#N/A N/A,#N/A N/A
14-Sep,#N/A N/A,#N/A N/A,#N/A N/A
15-Sep,#N/A N/A,#N/A N/A,#N/A N/A
18-Sep,#N/A N/A,#N/A N/A,#N/A N/A
19-Sep,#N/A N/A,#N/A N/A,#N/A N/A
20-Sep,#N/A N/A,#N/A N/A,#N/A N/A
21-Sep,#N/A N/A,#N/A N/A,#N/A N/A
22-Sep,#N/A N/A,#N/A N/A,#N/A N/A
25-Sep,#N/A N/A,#N/A N/A,#N/A N/A
26-Sep,#N/A N/A,#N/A N/A,#N/A N/A
27-Sep,#N/A N/A,#N/A N/A,#N/A N/A
28-Sep,#N/A N/A,#N/A N/A,#N/A N/A
29-Sep,#N/A N/A,#N/A N/A,#N/A N/A
2-Oct,#N/A N/A,#N/A N/A,#N/A N/A
3-Oct,#N/A N/A,#N/A N/A,#N/A N/A
4-Oct,#N/A N/A,#N/A N/A,#N/A N/A
5-Oct,#N/A N/A,#N/A N/A,#N/A N/A
6-Oct,#N/A N/A,#N/A N/A,#N/A N/A
9-Oct,#N/A N/A,#N/A N/A,#N/A N/A
10-Oct,#N/A N/A,#N/A N/A,#N/A N/A
11-Oct,#N/A N/A,#N/A N/A,#N/A N/A
12-Oct,#N/A N/A,#N/A N/A,#N/A N/A
13-Oct,#N/A N/A,#N/A N/A,#N/A N/A
16-Oct,#N/A N/A,#N/A N/A,#N/A N/A
17-Oct,#N/A N/A,#N/A N/A,#N/A N/A
18-Oct,#N/A N/A,#N/A N/A,#N/A N/A
19-Oct,#N/A N/A,#N/A N/A,#N/A N/A
20-Oct,#N/A N/A,#N/A N/A,#N/A N/A
23-Oct,#N/A N/A,#N/A N/A,#N/A N/A
24-Oct,#N/A N/A,#N/A N/A,#N/A N/A
25-Oct,#N/A N/A,#N/A N/A,#N/A N/A
26-Oct,#N/A N/A,#N/A N/A,#N/A N/A
27-Oct,#N/A N/A,#N/A N/A,#N/A N/A
30-Oct,#N/A N/A,#N/A N/A,#N/A N/A
31-Oct,#N/A N/A,#N/A N/A,#N/A N/A
1-Nov,#N/A N/A,#N/A N/A,#N/A N/A
2-Nov,#N/A N/A,#N/A N/A,#N/A N/A
3-Nov,#N/A N/A,#N/A N/A,#N/A N/A
6-Nov,#N/A N/A,#N/A N/A,#N/A N/A
7-Nov,#N/A N/A,#N/A N/A,#N/A N/A
8-Nov,#N/A N/A,#N/A N/A,#N/A N/A
9-Nov,#N/A N/A,#N/A N/A,#N/A N/A
10-Nov,#N/A N/A,#N/A N/A,#N/A N/A
13-Nov,#N/A N/A,#N/A N/A,#N/A N/A
14-Nov,#N/A N/A,#N/A N/A,#N/A N/A
15-Nov,#N/A N/A,#N/A N/A,#N/A N/A
16-Nov,#N/A N/A,#N/A N/A,#N/A N/A
17-Nov,#N/A N/A,#N/A N/A,#N/A N/A
20-Nov,#N/A N/A,#N/A N/A,#N/A N/A
21-Nov,#N/A N/A,#N/A N/A,#N/A N/A
22-Nov,#N/A N/A,#N/A N/A,#N/A N/A
23-Nov,#N/A N/A,#N/A N/A,#N/A N/A
24-Nov,#N/A N/A,#N/A N/A,#N/A N/A
27-Nov,#N/A N/A,#N/A N/A,#N/A N/A
28-Nov,#N/A N/A,#N/A N/A,#N/A N/A
29-Nov,#N/A N/A,#N/A N/A,#N/A N/A
30-Nov,#N/A N/A,#N/A N/A,#N/A N/A
1-Dec,#N/A N/A,#N/A N/A,#N/A N/A
4-Dec,#N/A N/A,#N/A N/A,#N/A N/A
5-Dec,#N/A N/A,#N/A N/A,#N/A N/A
6-Dec,#N/A N/A,#N/A N/A,#N/A N/A
7-Dec,#N/A N/A,#N/A N/A,#N/A N/A
8-Dec,#N/A N/A,#N/A N/A,#N/A N/A
11-Dec,#N/A N/A,#N/A N/A,#N/A N/A
12-Dec,#N/A N/A,#N/A N/A,#N/A N/A
13-Dec,#N/A N/A,#N/A N/A,#N/A N/A
14-Dec,#N/A N/A,#N/A N/A,#N/A N/A
15-Dec,#N/A N/A,#N/A N/A,#N/A N/A
18-Dec,#N/A N/A,#N/A N/A,#N/A N/A
19-Dec,#N/A N/A,#N/A N/A,#N/A N/A
20-Dec,#N/A N/A,#N/A N/A,#N/A N/A
21-Dec,#N/A N/A,#N/A N/A,#N/A N/A
22-Dec,#N/A N/A,#N/A N/A,#N/A N/A
25-Dec,#N/A N/A,#N/A N/A,#N/A N/A
26-Dec,#N/A N/A,#N/A N/A,#N/A N/A
27-Dec,#N/A N/A,#N/A N/A,#N/A N/A
28-Dec,#N/A N/A,#N/A N/A,#N/A N/A
29-Dec,#N/A N/A,#N/A N/A,#N/A N/A
1-Jan,#N/A N/A,#N/A N/A,#N/A N/A
2-Jan,#N/A N/A,#N/A N/A,#N/A N/A
3-Jan,#N/A N/A,#N/A N/A,#N/A N/A
4-Jan,#N/A N/A,#N/A N/A,#N/A N/A
5-Jan,#N/A N/A,#N/A N/A,#N/A N/A
8-Jan,#N/A N/A,#N/A N/A,#N/A N/A
9-Jan,#N/A N/A,#N/A N/A,#N/A N/A
10-Jan,#N/A N/A,#N/A N/A,#N/A N/A
11-Jan,#N/A N/A,#N/A N/A,#N/A N/A
12-Jan,#N/A N/A,#N/A N/A,#N/A N/A
15-Jan,#N/A N/A,#N/A N/A,#N/A N/A
16-Jan,#N/A N/A,#N/A N/A,#N/A N/A
17-Jan,#N/A N/A,#N/A N/A,#N/A N/A
18-Jan,#N/A N/A,#N/A N/A,#N/A N/A
19-Jan,#N/A N/A,#N/A N/A,#N/A N/A
22-Jan,#N/A N/A,#N/A N/A,#N/A N/A
23-Jan,#N/A N/A,#N/A N/A,#N/A N/A
24-Jan,#N/A N/A,#N/A N/A,#N/A N/A
25-Jan,#N/A N/A,#N/A N/A,#N/A N/A
26-Jan,#N/A N/A,#N/A N/A,#N/A N/A
29-Jan,#N/A N/A,#N/A N/A,#N/A N/A
30-Jan,#N/A N/A,#N/A N/A,#N/A N/A
31-Jan,#N/A N/A,#N/A N/A,#N/A N/A
1-Feb,#N/A N/A,#N/A N/A,#N/A N/A
2-Feb,#N/A N/A,#N/A N/A,#N/A N/A
5-Feb,#N/A N/A,#N/A N/A,#N/A N/A
6-Feb,#N/A N/A,#N/A N/A,#N/A N/A
7-Feb,#N/A N/A,#N/A N/A,#N/A N/A
8-Feb,#N/A N/A,#N/A N/A,#N/A N/A
9-Feb,#N/A N/A,#N/A N/A,#N/A N/A
12-Feb,#N/A N/A,#N/A N/A,#N/A N/A
13-Feb,#N/A N/A,#N/A N/A,#N/A N/A
14-Feb,#N/A N/A,#N/A N/A,#N/A N/A
15-Feb,#N/A N/A,#N/A N/A,#N/A N/A
16-Feb,#N/A N/A,#N/A N/A,#N/A N/A
19-Feb,#N/A N/A,#N/A N/A,#N/A N/A
20-Feb,#N/A N/A,#N/A N/A,#N/A N/A
21-Feb,#N/A N/A,#N/A N/A,#N/A N/A
22-Feb,#N/A N/A,#N/A N/A,#N/A N/A
23-Feb,#N/A N/A,#N/A N/A,#N/A N/A
26-Feb,#N/A N/A,#N/A N/A,#N/A N/A
27-Feb,#N/A N/A,#N/A N/A,#N/A N/A
28-Feb,#N/A N/A,#N/A N/A,#N/A N/A
1-Mar,#N/A N/A,#N/A N/A,#N/A N/A
2-Mar,#N/A N/A,#N/A N/A,#N/A N/A
5-Mar,#N/A N/A,#N/A N/A,#N/A N/A
6-Mar,#N/A N/A,#N/A N/A,#N/A N/A
7-Mar,#N/A N/A,#N/A N/A,#N/A N/A
8-Mar,#N/A N/A,#N/A N/A,#N/A N/A
9-Mar,#N/A N/A,#N/A N/A,#N/A N/A
12-Mar,#N/A N/A,#N/A N/A,#N/A N/A
13-Mar,#N/A N/A,#N/A N/A,#N/A N/A
14-Mar,#N/A N/A,#N/A N/A,#N/A N/A
15-Mar,#N/A N/A,#N/A N/A,#N/A N/A
16-Mar,#N/A N/A,#N/A N/A,#N/A N/A
19-Mar,#N/A N/A,#N/A N/A,#N/A N/A
20-Mar,#N/A N/A,#N/A N/A,#N/A N/A
21-Mar,#N/A N/A,#N/A N/A,#N/A N/A
22-Mar,#N/A N/A,#N/A N/A,#N/A N/A
23-Mar,#N/A N/A,#N/A N/A,#N/A N/A
26-Mar,#N/A N/A,#N/A N/A,#N/A N/A
27-Mar,#N/A N/A,#N/A N/A,#N/A N/A
28-Mar,#N/A N/A,#N/A N/A,#N/A N/A
29-Mar,#N/A N/A,#N/A N/A,#N/A N/A
30-Mar,#N/A N/A,#N/A N/A,#N/A N/A
2-Apr,#N/A N/A,#N/A N/A,#N/A N/A
3-Apr,#N/A N/A,#N/A N/A,#N/A N/A
4-Apr,#N/A N/A,#N/A N/A,#N/A N/A
5-Apr,#N/A N/A,#N/A N/A,#N/A N/A
6-Apr,#N/A N/A,#N/A N/A,#N/A N/A
9-Apr,#N/A N/A,#N/A N/A,#N/A N/A
10-Apr,#N/A N/A,#N/A N/A,#N/A N/A
11-Apr,#N/A N/A,#N/A N/A,#N/A N/A
12-Apr,#N/A N/A,#N/A N/A,#N/A N/A
13-Apr,#N/A N/A,#N/A N/A,#N/A N/A
16-Apr,#N/A N/A,#N/A N/A,#N/A N/A
17-Apr,#N/A N/A,#N/A N/A,#N/A N/A
18-Apr,#N/A N/A,#N/A N/A,#N/A N/A
19-Apr,#N/A N/A,#N/A N/A,#N/A N/A
20-Apr,#N/A N/A,#N/A N/A,#N/A N/A
23-Apr,#N/A N/A,#N/A N/A,#N/A N/A
24-Apr,#N/A N/A,#N/A N/A,#N/A N/A
25-Apr,#N/A N/A,#N/A N/A,#N/A N/A
26-Apr,#N/A N/A,#N/A N/A,#N/A N/A
27-Apr,#N/A N/A,#N/A N/A,#N/A N/A
30-Apr,#N/A N/A,#N/A N/A,#N/A N/A
1-May,#N/A N/A,#N/A N/A,#N/A N/A
2-May,#N/A N/A,#N/A N/A,#N/A N/A
3-May,#N/A N/A,#N/A N/A,#N/A N/A
4-May,#N/A N/A,#N/A N/A,#N/A N/A
7-May,#N/A N/A,#N/A N/A,#N/A N/A
8-May,#N/A N/A,#N/A N/A,#N/A N/A
9-May,#N/A N/A,#N/A N/A,#N/A N/A
10-May,#N/A N/A,#N/A N/A,#N/A N/A
11-May,#N/A N/A,#N/A N/A,#N/A N/A
14-May,#N/A N/A,#N/A N/A,#N/A N/A
15-May,#N/A N/A,#N/A N/A,#N/A N/A
16-May,#N/A N/A,#N/A N/A,#N/A N/A
17-May,#N/A N/A,#N/A N/A,#N/A N/A
18-May,#N/A N/A,#N/A N/A,#N/A N/A
21-May,#N/A N/A,#N/A N/A,#N/A N/A
22-May,#N/A N/A,#N/A N/A,#N/A N/A
23-May,#N/A N/A,#N/A N/A,#N/A N/A
24-May,#N/A N/A,#N/A N/A,#N/A N/A
25-May,#N/A N/A,#N/A N/A,#N/A N/A
28-May,#N/A N/A,#N/A N/A,#N/A N/A
29-May,#N/A N/A,#N/A N/A,#N/A N/A
30-May,#N/A N/A,#N/A N/A,#N/A N/A
31-May,#N/A N/A,#N/A N/A,#N/A N/A
1-Jun,#N/A N/A,#N/A N/A,#N/A N/A
4-Jun,#N/A N/A,#N/A N/A,#N/A N/A
5-Jun,#N/A N/A,#N/A N/A,#N/A N/A
6-Jun,#N/A N/A,#N/A N/A,#N/A N/A
7-Jun,#N/A N/A,#N/A N/A,#N/A N/A
8-Jun,#N/A N/A,#N/A N/A,#N/A N/A
11-Jun,#N/A N/A,#N/A N/A,#N/A N/A
12-Jun,#N/A N/A,#N/A N/A,#N/A N/A
13-Jun,#N/A N/A,#N/A N/A,#N/A N/A
14-Jun,#N/A N/A,#N/A N/A,#N/A N/A
15-Jun,#N/A N/A,#N/A N/A,#N/A N/A
18-Jun,#N/A N/A,#N/A N/A,#N/A N/A
19-Jun,#N/A N/A,#N/A N/A,#N/A N/A
20-Jun,#N/A N/A,#N/A N/A,#N/A N/A
21-Jun,#N/A N/A,#N/A N/A,#N/A N/A
22-Jun,#N/A N/A,#N/A N/A,#N/A N/A
25-Jun,#N/A N/A,#N/A N/A,#N/A N/A
26-Jun,#N/A N/A,#N/A N/A,#N/A N/A
27-Jun,#N/A N/A,#N/A N/A,#N/A N/A
28-Jun,#N/A N/A,#N/A N/A,#N/A N/A
29-Jun,#N/A N/A,#N/A N/A,#N/A N/A
2-Jul,#N/A N/A,#N/A N/A,#N/A N/A
3-Jul,#N/A N/A,#N/A N/A,#N/A N/A
4-Jul,#N/A N/A,#N/A N/A,#N/A N/A
5-Jul,#N/A N/A,#N/A N/A,#N/A N/A
6-Jul,#N/A N/A,#N/A N/A,#N/A N/A
9-Jul,#N/A N/A,#N/A N/A,#N/A N/A
10-Jul,#N/A N/A,#N/A N/A,#N/A N/A
11-Jul,#N/A N/A,#N/A N/A,#N/A N/A
12-Jul,#N/A N/A,#N/A N/A,#N/A N/A
13-Jul,#N/A N/A,#N/A N/A,#N/A N/A
16-Jul,#N/A N/A,#N/A N/A,#N/A N/A
17-Jul,#N/A N/A,#N/A N/A,#N/A N/A
18-Jul,#N/A N/A,#N/A N/A,#N/A N/A
19-Jul,#N/A N/A,#N/A N/A,#N/A N/A
20-Jul,#N/A N/A,#N/A N/A,#N/A N/A
23-Jul,#N/A N/A,#N/A N/A,#N/A N/A
24-Jul,#N/A N/A,#N/A N/A,#N/A N/A
25-Jul,#N/A N/A,#N/A N/A,#N/A N/A
26-Jul,#N/A N/A,#N/A N/A,#N/A N/A
27-Jul,#N/A N/A,#N/A N/A,#N/A N/A
30-Jul,#N/A N/A,#N/A N/A,#N/A N/A
31-Jul,#N/A N/A,#N/A N/A,#N/A N/A
1-Aug,#N/A N/A,#N/A N/A,#N/A N/A
2-Aug,#N/A N/A,#N/A N/A,#N/A N/A
3-Aug,#N/A N/A,#N/A N/A,#N/A N/A
6-Aug,#N/A N/A,#N/A N/A,#N/A N/A
7-Aug,#N/A N/A,#N/A N/A,#N/A N/A
8-Aug,#N/A N/A,#N/A N/A,#N/A N/A
9-Aug,#N/A N/A,#N/A N/A,#N/A N/A
10-Aug,#N/A N/A,#N/A N/A,#N/A N/A
13-Aug,#N/A N/A,#N/A N/A,#N/A N/A
14-Aug,#N/A N/A,#N/A N/A,#N/A N/A
15-Aug,#N/A N/A,#N/A N/A,#N/A N/A
16-Aug,#N/A N/A,#N/A N/A,#N/A N/A
17-Aug,#N/A N/A,#N/A N/A,#N/A N/A
20-Aug,#N/A N/A,#N/A N/A,#N/A N/A
21-Aug,#N/A N/A,#N/A N/A,#N/A N/A
22-Aug,#N/A N/A,#N/A N/A,#N/A N/A
23-Aug,#N/A N/A,#N/A N/A,#N/A N/A
24-Aug,#N/A N/A,#N/A N/A,#N/A N/A
27-Aug,#N/A N/A,#N/A N/A,#N/A N/A
28-Aug,#N/A N/A,#N/A N/A,#N/A N/A
29-Aug,#N/A N/A,#N/A N/A,#N/A N/A
30-Aug,#N/A N/A,#N/A N/A,#N/A N/A
31-Aug,#N/A N/A,#N/A N/A,#N/A N/A
3-Sep,#N/A N/A,#N/A N/A,#N/A N/A
4-Sep,#N/A N/A,#N/A N/A,#N/A N/A
5-Sep,#N/A N/A,#N/A N/A,#N/A N/A
6-Sep,#N/A N/A,#N/A N/A,#N/A N/A
7-Sep,#N/A N/A,#N/A N/A,#N/A N/A
10-Sep,#N/A N/A,#N/A N/A,#N/A N/A
11-Sep,#N/A N/A,#N/A N/A,#N/A N/A
12-Sep,#N/A N/A,#N/A N/A,#N/A N/A
13-Sep,#N/A N/A,#N/A N/A,#N/A N/A
14-Sep,#N/A N/A,#N/A N/A,#N/A N/A
17-Sep,#N/A N/A,#N/A N/A,#N/A N/A
18-Sep,#N/A N/A,#N/A N/A,#N/A N/A
19-Sep,#N/A N/A,#N/A N/A,#N/A N/A
20-Sep,#N/A N/A,#N/A N/A,#N/A N/A
21-Sep,#N/A N/A,#N/A N/A,#N/A N/A
24-Sep,#N/A N/A,#N/A N/A,#N/A N/A
25-Sep,#N/A N/A,#N/A N/A,#N/A N/A
26-Sep,#N/A N/A,#N/A N/A,#N/A N/A
27-Sep,#N/A N/A,#N/A N/A,#N/A N/A
28-Sep,#N/A N/A,#N/A N/A,#N/A N/A
1-Oct,#N/A N/A,#N/A N/A,#N/A N/A
2-Oct,#N/A N/A,#N/A N/A,#N/A N/A
3-Oct,#N/A N/A,#N/A N/A,#N/A N/A
4-Oct,#N/A N/A,#N/A N/A,#N/A N/A
5-Oct,#N/A N/A,#N/A N/A,#N/A N/A
8-Oct,#N/A N/A,#N/A N/A,#N/A N/A
9-Oct,#N/A N/A,#N/A N/A,#N/A N/A
10-Oct,#N/A N/A,#N/A N/A,#N/A N/A
11-Oct,#N/A N/A,#N/A N/A,#N/A N/A
12-Oct,#N/A N/A,#N/A N/A,#N/A N/A
15-Oct,#N/A N/A,#N/A N/A,#N/A N/A
16-Oct,#N/A N/A,#N/A N/A,#N/A N/A
17-Oct,#N/A N/A,#N/A N/A,#N/A N/A
18-Oct,#N/A N/A,#N/A N/A,#N/A N/A
19-Oct,#N/A N/A,#N/A N/A,#N/A N/A
22-Oct,#N/A N/A,#N/A N/A,#N/A N/A
23-Oct,#N/A N/A,#N/A N/A,#N/A N/A
24-Oct,#N/A N/A,#N/A N/A,#N/A N/A
25-Oct,#N/A N/A,#N/A N/A,#N/A N/A
26-Oct,#N/A N/A,#N/A N/A,#N/A N/A
29-Oct,#N/A N/A,#N/A N/A,#N/A N/A
30-Oct,#N/A N/A,#N/A N/A,#N/A N/A
31-Oct,#N/A N/A,#N/A N/A,#N/A N/A
1-Nov,#N/A N/A,#N/A N/A,#N/A N/A
2-Nov,#N/A N/A,#N/A N/A,#N/A N/A
5-Nov,#N/A N/A,#N/A N/A,#N/A N/A
6-Nov,#N/A N/A,#N/A N/A,#N/A N/A
7-Nov,#N/A N/A,#N/A N/A,#N/A N/A
8-Nov,#N/A N/A,#N/A N/A,#N/A N/A
9-Nov,#N/A N/A,#N/A N/A,#N/A N/A
12-Nov,#N/A N/A,#N/A N/A,#N/A N/A
13-Nov,#N/A N/A,#N/A N/A,#N/A N/A
14-Nov,#N/A N/A,#N/A N/A,#N/A N/A
15-Nov,#N/A N/A,#N/A N/A,#N/A N/A
16-Nov,#N/A N/A,#N/A N/A,#N/A N/A
19-Nov,#N/A N/A,#N/A N/A,#N/A N/A
20-Nov,#N/A N/A,#N/A N/A,#N/A N/A
21-Nov,#N/A N/A,#N/A N/A,#N/A N/A
22-Nov,#N/A N/A,#N/A N/A,#N/A N/A
23-Nov,#N/A N/A,#N/A N/A,#N/A N/A
26-Nov,#N/A N/A,#N/A N/A,#N/A N/A
27-Nov,#N/A N/A,#N/A N/A,#N/A N/A
28-Nov,#N/A N/A,#N/A N/A,#N/A N/A
29-Nov,#N/A N/A,#N/A N/A,#N/A N/A
30-Nov,#N/A N/A,#N/A N/A,#N/A N/A
3-Dec,#N/A N/A,#N/A N/A,#N/A N/A
4-Dec,#N/A N/A,#N/A N/A,#N/A N/A
5-Dec,#N/A N/A,#N/A N/A,#N/A N/A
6-Dec,#N/A N/A,#N/A N/A,#N/A N/A
7-Dec,#N/A N/A,#N/A N/A,#N/A N/A
10-Dec,#N/A N/A,#N/A N/A,#N/A N/A
11-Dec,#N/A N/A,#N/A N/A,#N/A N/A
12-Dec,#N/A N/A,#N/A N/A,#N/A N/A
13-Dec,#N/A N/A,#N/A N/A,#N/A N/A
14-Dec,#N/A N/A,#N/A N/A,#N/A N/A
17-Dec,#N/A N/A,#N/A N/A,#N/A N/A
18-Dec,#N/A N/A,#N/A N/A,#N/A N/A
19-Dec,#N/A N/A,#N/A N/A,#N/A N/A
20-Dec,#N/A N/A,#N/A N/A,#N/A N/A
21-Dec,#N/A N/A,#N/A N/A,#N/A N/A
24-Dec,#N/A N/A,#N/A N/A,#N/A N/A
25-Dec,#N/A N/A,#N/A N/A,#N/A N/A
26-Dec,#N/A N/A,#N/A N/A,#N/A N/A
27-Dec,#N/A N/A,#N/A N/A,#N/A N/A
28-Dec,#N/A N/A,#N/A N/A,#N/A N/A
31-Dec,#N/A N/A,#N/A N/A,#N/A N/A
1-Jan,#N/A N/A,#N/A N/A,#N/A N/A
2-Jan,#N/A N/A,#N/A N/A,#N/A N/A
3-Jan,#N/A N/A,#N/A N/A,#N/A N/A
4-Jan,#N/A N/A,#N/A N/A,#N/A N/A
7-Jan,#N/A N/A,#N/A N/A,#N/A N/A
8-Jan,#N/A N/A,#N/A N/A,#N/A N/A
9-Jan,#N/A N/A,#N/A N/A,#N/A N/A
10-Jan,#N/A N/A,#N/A N/A,#N/A N/A
11-Jan,#N/A N/A,#N/A N/A,#N/A N/A
14-Jan,#N/A N/A,#N/A N/A,#N/A N/A
15-Jan,#N/A N/A,#N/A N/A,#N/A N/A
16-Jan,#N/A N/A,#N/A N/A,#N/A N/A
17-Jan,#N/A N/A,#N/A N/A,#N/A N/A
18-Jan,#N/A N/A,#N/A N/A,#N/A N/A
21-Jan,#N/A N/A,#N/A N/A,#N/A N/A
22-Jan,#N/A N/A,#N/A N/A,#N/A N/A
23-Jan,#N/A N/A,#N/A N/A,#N/A N/A
24-Jan,#N/A N/A,#N/A N/A,#N/A N/A
25-Jan,#N/A N/A,#N/A N/A,#N/A N/A
28-Jan,#N/A N/A,#N/A N/A,#N/A N/A
29-Jan,#N/A N/A,#N/A N/A,#N/A N/A
30-Jan,#N/A N/A,#N/A N/A,#N/A N/A
31-Jan,#N/A N/A,#N/A N/A,#N/A N/A
1-Feb,#N/A N/A,#N/A N/A,#N/A N/A
4-Feb,#N/A N/A,#N/A N/A,#N/A N/A
5-Feb,#N/A N/A,#N/A N/A,#N/A N/A
6-Feb,#N/A N/A,#N/A N/A,#N/A N/A
7-Feb,#N/A N/A,#N/A N/A,#N/A N/A
8-Feb,#N/A N/A,#N/A N/A,#N/A N/A
11-Feb,#N/A N/A,#N/A N/A,#N/A N/A
12-Feb,#N/A N/A,#N/A N/A,#N/A N/A
13-Feb,#N/A N/A,#N/A N/A,#N/A N/A
14-Feb,#N/A N/A,#N/A N/A,#N/A N/A
15-Feb,#N/A N/A,#N/A N/A,#N/A N/A
18-Feb,#N/A N/A,#N/A N/A,#N/A N/A
19-Feb,#N/A N/A,#N/A N/A,#N/A N/A
20-Feb,#N/A N/A,#N/A N/A,#N/A N/A
21-Feb,#N/A N/A,#N/A N/A,#N/A N/A
22-Feb,#N/A N/A,#N/A N/A,#N/A N/A
25-Feb,#N/A N/A,#N/A N/A,#N/A N/A
26-Feb,#N/A N/A,#N/A N/A,#N/A N/A
27-Feb,#N/A N/A,#N/A N/A,#N/A N/A
28-Feb,#N/A N/A,#N/A N/A,#N/A N/A
1-Mar,#N/A N/A,#N/A N/A,#N/A N/A
4-Mar,#N/A N/A,#N/A N/A,#N/A N/A
5-Mar,#N/A N/A,#N/A N/A,#N/A N/A
6-Mar,#N/A N/A,#N/A N/A,#N/A N/A
7-Mar,#N/A N/A,#N/A N/A,#N/A N/A
8-Mar,#N/A N/A,#N/A N/A,#N/A N/A
11-Mar,#N/A N/A,#N/A N/A,#N/A N/A
12-Mar,#N/A N/A,#N/A N/A,#N/A N/A
13-Mar,#N/A N/A,#N/A N/A,#N/A N/A
14-Mar,#N/A N/A,#N/A N/A,#N/A N/A
15-Mar,#N/A N/A,#N/A N/A,#N/A N/A
18-Mar,#N/A N/A,#N/A N/A,#N/A N/A
19-Mar,#N/A N/A,#N/A N/A,#N/A N/A
20-Mar,#N/A N/A,#N/A N/A,#N/A N/A
21-Mar,#N/A N/A,#N/A N/A,#N/A N/A
22-Mar,#N/A N/A,#N/A N/A,#N/A N/A
25-Mar,#N/A N/A,#N/A N/A,#N/A N/A
26-Mar,#N/A N/A,#N/A N/A,#N/A N/A
27-Mar,#N/A N/A,#N/A N/A,#N/A N/A
28-Mar,#N/A N/A,#N/A N/A,#N/A N/A
29-Mar,#N/A N/A,#N/A N/A,#N/A N/A
1-Apr,#N/A N/A,#N/A N/A,#N/A N/A
2-Apr,#N/A N/A,#N/A N/A,#N/A N/A
3-Apr,#N/A N/A,#N/A N/A,#N/A N/A
4-Apr,#N/A N/A,#N/A N/A,#N/A N/A
5-Apr,#N/A N/A,#N/A N/A,#N/A N/A
8-Apr,#N/A N/A,#N/A N/A,#N/A N/A
9-Apr,#N/A N/A,#N/A N/A,#N/A N/A
10-Apr,#N/A N/A,#N/A N/A,#N/A N/A
11-Apr,#N/A N/A,#N/A N/A,#N/A N/A
12-Apr,#N/A N/A,#N/A N/A,#N/A N/A
15-Apr,#N/A N/A,#N/A N/A,#N/A N/A
16-Apr,#N/A N/A,#N/A N/A,#N/A N/A
17-Apr,#N/A N/A,#N/A N/A,#N/A N/A
18-Apr,#N/A N/A,#N/A N/A,#N/A N/A
19-Apr,#N/A N/A,#N/A N/A,#N/A N/A
22-Apr,#N/A N/A,#N/A N/A,#N/A N/A
23-Apr,#N/A N/A,#N/A N/A,#N/A N/A
24-Apr,#N/A N/A,#N/A N/A,#N/A N/A
25-Apr,#N/A N/A,#N/A N/A,#N/A N/A
26-Apr,#N/A N/A,#N/A N/A,#N/A N/A
29-Apr,#N/A N/A,#N/A N/A,#N/A N/A
30-Apr,#N/A N/A,#N/A N/A,#N/A N/A
1-May,#N/A N/A,#N/A N/A,#N/A N/A
2-May,#N/A N/A,#N/A N/A,#N/A N/A
3-May,#N/A N/A,#N/A N/A,#N/A N/A
6-May,#N/A N/A,#N/A N/A,#N/A N/A
7-May,#N/A N/A,#N/A N/A,#N/A N/A
8-May,#N/A N/A,#N/A N/A,#N/A N/A
9-May,#N/A N/A,#N/A N/A,#N/A N/A
10-May,#N/A N/A,#N/A N/A,#N/A N/A
13-May,#N/A N/A,#N/A N/A,#N/A N/A
14-May,#N/A N/A,#N/A N/A,#N/A N/A
15-May,#N/A N/A,#N/A N/A,#N/A N/A
16-May,#N/A N/A,#N/A N/A,#N/A N/A
17-May,#N/A N/A,#N/A N/A,#N/A N/A
20-May,#N/A N/A,#N/A N/A,#N/A N/A
21-May,#N/A N/A,#N/A N/A,#N/A N/A
22-May,#N/A N/A,#N/A N/A,#N/A N/A
23-May,#N/A N/A,#N/A N/A,#N/A N/A
24-May,#N/A N/A,#N/A N/A,#N/A N/A
27-May,#N/A N/A,#N/A N/A,#N/A N/A
28-May,#N/A N/A,#N/A N/A,#N/A N/A
29-May,#N/A N/A,#N/A N/A,#N/A N/A
30-May,#N/A N/A,#N/A N/A,#N/A N/A
31-May,#N/A N/A,#N/A N/A,#N/A N/A
3-Jun,#N/A N/A,#N/A N/A,#N/A N/A
4-Jun,#N/A N/A,#N/A N/A,#N/A N/A
5-Jun,#N/A N/A,#N/A N/A,#N/A N/A
6-Jun,#N/A N/A,#N/A N/A,#N/A N/A
7-Jun,#N/A N/A,#N/A N/A,#N/A N/A
10-Jun,#N/A N/A,#N/A N/A,#N/A N/A
11-Jun,#N/A N/A,#N/A N/A,#N/A N/A
12-Jun,#N/A N/A,#N/A N/A,#N/A N/A
13-Jun,#N/A N/A,#N/A N/A,#N/A N/A
14-Jun,#N/A N/A,#N/A N/A,#N/A N/A
17-Jun,#N/A N/A,#N/A N/A,#N/A N/A
18-Jun,#N/A N/A,#N/A N/A,#N/A N/A
19-Jun,#N/A N/A,#N/A N/A,#N/A N/A
20-Jun,#N/A N/A,#N/A N/A,#N/A N/A
21-Jun,#N/A N/A,#N/A N/A,#N/A N/A
24-Jun,#N/A N/A,#N/A N/A,#N/A N/A
25-Jun,#N/A N/A,#N/A N/A,#N/A N/A
26-Jun,#N/A N/A,#N/A N/A,#N/A N/A
27-Jun,#N/A N/A,#N/A N/A,#N/A N/A
28-Jun,#N/A N/A,#N/A N/A,#N/A N/A
1-Jul,#N/A N/A,#N/A N/A,#N/A N/A
2-Jul,#N/A N/A,#N/A N/A,#N/A N/A
3-Jul,#N/A N/A,#N/A N/A,#N/A N/A
4-Jul,#N/A N/A,#N/A N/A,#N/A N/A
5-Jul,#N/A N/A,#N/A N/A,#N/A N/A
8-Jul,#N/A N/A,#N/A N/A,#N/A N/A
9-Jul,#N/A N/A,#N/A N/A,#N/A N/A
10-Jul,#N/A N/A,#N/A N/A,#N/A N/A
11-Jul,#N/A N/A,#N/A N/A,#N/A N/A
12-Jul,#N/A N/A,#N/A N/A,#N/A N/A
15-Jul,#N/A N/A,#N/A N/A,#N/A N/A
16-Jul,#N/A N/A,#N/A N/A,#N/A N/A
17-Jul,#N/A N/A,#N/A N/A,#N/A N/A
18-Jul,#N/A N/A,#N/A N/A,#N/A N/A
19-Jul,#N/A N/A,#N/A N/A,#N/A N/A
22-Jul,#N/A N/A,#N/A N/A,#N/A N/A
23-Jul,#N/A N/A,#N/A N/A,#N/A N/A
24-Jul,#N/A N/A,#N/A N/A,#N/A N/A
25-Jul,#N/A N/A,#N/A N/A,#N/A N/A
26-Jul,#N/A N/A,#N/A N/A,#N/A N/A
29-Jul,#N/A N/A,#N/A N/A,#N/A N/A
30-Jul,#N/A N/A,#N/A N/A,#N/A N/A
31-Jul,#N/A N/A,#N/A N/A,#N/A N/A
1-Aug,#N/A N/A,#N/A N/A,#N/A N/A
2-Aug,#N/A N/A,#N/A N/A,#N/A N/A
5-Aug,#N/A N/A,#N/A N/A,#N/A N/A
6-Aug,#N/A N/A,#N/A N/A,#N/A N/A
7-Aug,#N/A N/A,#N/A N/A,#N/A N/A
8-Aug,#N/A N/A,#N/A N/A,#N/A N/A
9-Aug,#N/A N/A,#N/A N/A,#N/A N/A
12-Aug,#N/A N/A,#N/A N/A,#N/A N/A
13-Aug,#N/A N/A,#N/A N/A,#N/A N/A
14-Aug,#N/A N/A,#N/A N/A,#N/A N/A
15-Aug,#N/A N/A,#N/A N/A,#N/A N/A
16-Aug,#N/A N/A,#N/A N/A,#N/A N/A
19-Aug,#N/A N/A,#N/A N/A,#N/A N/A
20-Aug,#N/A N/A,#N/A N/A,#N/A N/A
21-Aug,#N/A N/A,#N/A N/A,#N/A N/A
22-Aug,#N/A N/A,#N/A N/A,#N/A N/A
23-Aug,#N/A N/A,#N/A N/A,#N/A N/A
26-Aug,#N/A N/A,#N/A N/A,#N/A N/A
27-Aug,#N/A N/A,#N/A N/A,#N/A N/A
28-Aug,#N/A N/A,#N/A N/A,#N/A N/A
29-Aug,#N/A N/A,#N/A N/A,#N/A N/A
30-Aug,#N/A N/A,#N/A N/A,#N/A N/A
2-Sep,#N/A N/A,#N/A N/A,#N/A N/A
3-Sep,#N/A N/A,#N/A N/A,#N/A N/A
4-Sep,#N/A N/A,#N/A N/A,#N/A N/A
5-Sep,#N/A N/A,#N/A N/A,#N/A N/A
6-Sep,#N/A N/A,#N/A N/A,#N/A N/A
9-Sep,#N/A N/A,#N/A N/A,#N/A N/A
10-Sep,#N/A N/A,#N/A N/A,#N/A N/A
11-Sep,#N/A N/A,#N/A N/A,#N/A N/A
12-Sep,#N/A N/A,#N/A N/A,#N/A N/A
13-Sep,#N/A N/A,#N/A N/A,#N/A N/A
16-Sep,#N/A N/A,#N/A N/A,#N/A N/A
17-Sep,#N/A N/A,#N/A N/A,#N/A N/A
18-Sep,#N/A N/A,#N/A N/A,#N/A N/A
19-Sep,#N/A N/A,#N/A N/A,#N/A N/A
20-Sep,#N/A N/A,#N/A N/A,#N/A N/A
23-Sep,#N/A N/A,#N/A N/A,#N/A N/A
24-Sep,#N/A N/A,#N/A N/A,#N/A N/A
25-Sep,#N/A N/A,#N/A N/A,#N/A N/A
26-Sep,#N/A N/A,#N/A N/A,#N/A N/A
27-Sep,#N/A N/A,#N/A N/A,#N/A N/A
30-Sep,#N/A N/A,#N/A N/A,#N/A N/A
1-Oct,#N/A N/A,#N/A N/A,#N/A N/A
2-Oct,#N/A N/A,#N/A N/A,#N/A N/A
3-Oct,#N/A N/A,#N/A N/A,#N/A N/A
4-Oct,#N/A N/A,#N/A N/A,#N/A N/A
7-Oct,#N/A N/A,#N/A N/A,#N/A N/A
8-Oct,#N/A N/A,#N/A N/A,#N/A N/A
9-Oct,#N/A N/A,#N/A N/A,#N/A N/A
10-Oct,#N/A N/A,#N/A N/A,#N/A N/A
11-Oct,#N/A N/A,#N/A N/A,#N/A N/A
14-Oct,#N/A N/A,#N/A N/A,#N/A N/A
15-Oct,#N/A N/A,#N/A N/A,#N/A N/A
16-Oct,#N/A N/A,#N/A N/A,#N/A N/A
17-Oct,#N/A N/A,#N/A N/A,#N/A N/A
18-Oct,#N/A N/A,#N/A N/A,#N/A N/A
21-Oct,#N/A N/A,#N/A N/A,#N/A N/A
22-Oct,#N/A N/A,#N/A N/A,#N/A N/A
23-Oct,#N/A N/A,#N/A N/A,#N/A N/A
24-Oct,#N/A N/A,#N/A N/A,#N/A N/A
25-Oct,#N/A N/A,#N/A N/A,#N/A N/A
28-Oct,#N/A N/A,#N/A N/A,#N/A N/A
29-Oct,#N/A N/A,#N/A N/A,#N/A N/A
30-Oct,#N/A N/A,#N/A N/A,#N/A N/A
31-Oct,#N/A N/A,#N/A N/A,#N/A N/A
1-Nov,#N/A N/A,#N/A N/A,#N/A N/A
4-Nov,#N/A N/A,#N/A N/A,#N/A N/A
5-Nov,#N/A N/A,#N/A N/A,#N/A N/A
6-Nov,#N/A N/A,#N/A N/A,#N/A N/A
7-Nov,#N/A N/A,#N/A N/A,#N/A N/A
8-Nov,#N/A N/A,#N/A N/A,#N/A N/A
11-Nov,#N/A N/A,#N/A N/A,#N/A N/A
12-Nov,#N/A N/A,#N/A N/A,#N/A N/A
13-Nov,#N/A N/A,#N/A N/A,#N/A N/A
14-Nov,#N/A N/A,#N/A N/A,#N/A N/A
15-Nov,#N/A N/A,#N/A N/A,#N/A N/A
18-Nov,#N/A N/A,#N/A N/A,#N/A N/A
19-Nov,#N/A N/A,#N/A N/A,#N/A N/A
20-Nov,#N/A N/A,#N/A N/A,#N/A N/A
21-Nov,#N/A N/A,#N/A N/A,#N/A N/A
22-Nov,#N/A N/A,#N/A N/A,#N/A N/A
25-Nov,#N/A N/A,#N/A N/A,#N/A N/A
26-Nov,#N/A N/A,#N/A N/A,#N/A N/A
27-Nov,#N/A N/A,#N/A N/A,#N/A N/A
28-Nov,#N/A N/A,#N/A N/A,#N/A N/A
29-Nov,#N/A N/A,#N/A N/A,#N/A N/A
2-Dec,#N/A N/A,#N/A N/A,#N/A N/A
3-Dec,#N/A N/A,#N/A N/A,#N/A N/A
4-Dec,#N/A N/A,#N/A N/A,#N/A N/A
5-Dec,#N/A N/A,#N/A N/A,#N/A N/A
6-Dec,#N/A N/A,#N/A N/A,#N/A N/A
9-Dec,#N/A N/A,#N/A N/A,#N/A N/A
10-Dec,#N/A N/A,#N/A N/A,#N/A N/A
11-Dec,#N/A N/A,#N/A N/A,#N/A N/A
12-Dec,#N/A N/A,#N/A N/A,#N/A N/A
13-Dec,#N/A N/A,#N/A N/A,#N/A N/A
16-Dec,#N/A N/A,#N/A N/A,#N/A N/A
17-Dec,#N/A N/A,#N/A N/A,#N/A N/A
18-Dec,#N/A N/A,#N/A N/A,#N/A N/A
19-Dec,#N/A N/A,#N/A N/A,#N/A N/A
20-Dec,#N/A N/A,#N/A N/A,#N/A N/A
23-Dec,#N/A N/A,#N/A N/A,#N/A N/A
24-Dec,#N/A N/A,#N/A N/A,#N/A N/A
25-Dec,#N/A N/A,#N/A N/A,#N/A N/A
26-Dec,#N/A N/A,#N/A N/A,#N/A N/A
27-Dec,#N/A N/A,#N/A N/A,#N/A N/A
30-Dec,#N/A N/A,#N/A N/A,#N/A N/A
31-Dec,#N/A N/A,#N/A N/A,#N/A N/A
1-Jan,#N/A N/A,#N/A N/A,#N/A N/A
2-Jan,#N/A N/A,#N/A N/A,#N/A N/A
3-Jan,#N/A N/A,#N/A N/A,#N/A N/A
6-Jan,#N/A N/A,#N/A N/A,#N/A N/A
7-Jan,#N/A N/A,#N/A N/A,#N/A N/A
8-Jan,#N/A N/A,#N/A N/A,#N/A N/A
9-Jan,#N/A N/A,#N/A N/A,#N/A N/A
10-Jan,#N/A N/A,#N/A N/A,#N/A N/A
13-Jan,#N/A N/A,#N/A N/A,#N/A N/A
14-Jan,#N/A N/A,#N/A N/A,#N/A N/A
15-Jan,#N/A N/A,#N/A N/A,#N/A N/A
16-Jan,#N/A N/A,#N/A N/A,#N/A N/A
17-Jan,#N/A N/A,#N/A N/A,#N/A N/A
20-Jan,#N/A N/A,#N/A N/A,#N/A N/A
21-Jan,#N/A N/A,#N/A N/A,#N/A N/A
22-Jan,#N/A N/A,#N/A N/A,#N/A N/A
23-Jan,#N/A N/A,#N/A N/A,#N/A N/A
24-Jan,#N/A N/A,#N/A N/A,#N/A N/A
27-Jan,#N/A N/A,#N/A N/A,#N/A N/A
28-Jan,#N/A N/A,#N/A N/A,#N/A N/A
29-Jan,#N/A N/A,#N/A N/A,#N/A N/A
30-Jan,#N/A N/A,#N/A N/A,#N/A N/A
31-Jan,#N/A N/A,#N/A N/A,#N/A N/A
3-Feb,#N/A N/A,#N/A N/A,#N/A N/A
4-Feb,#N/A N/A,#N/A N/A,#N/A N/A
5-Feb,#N/A N/A,#N/A N/A,#N/A N/A
6-Feb,#N/A N/A,#N/A N/A,#N/A N/A
7-Feb,#N/A N/A,#N/A N/A,#N/A N/A
10-Feb,#N/A N/A,#N/A N/A,#N/A N/A
11-Feb,#N/A N/A,#N/A N/A,#N/A N/A
12-Feb,#N/A N/A,#N/A N/A,#N/A N/A
13-Feb,#N/A N/A,#N/A N/A,#N/A N/A
14-Feb,#N/A N/A,#N/A N/A,#N/A N/A
17-Feb,#N/A N/A,#N/A N/A,#N/A N/A
18-Feb,#N/A N/A,#N/A N/A,#N/A N/A
19-Feb,#N/A N/A,#N/A N/A,#N/A N/A
20-Feb,#N/A N/A,#N/A N/A,#N/A N/A
21-Feb,#N/A N/A,#N/A N/A,#N/A N/A
24-Feb,#N/A N/A,#N/A N/A,#N/A N/A
25-Feb,#N/A N/A,#N/A N/A,#N/A N/A
26-Feb,#N/A N/A,#N/A N/A,#N/A N/A
27-Feb,#N/A N/A,#N/A N/A,#N/A N/A
28-Feb,#N/A N/A,#N/A N/A,#N/A N/A
3-Mar,#N/A N/A,#N/A N/A,#N/A N/A
4-Mar,#N/A N/A,#N/A N/A,#N/A N/A
5-Mar,#N/A N/A,#N/A N/A,#N/A N/A
6-Mar,#N/A N/A,#N/A N/A,#N/A N/A
7-Mar,#N/A N/A,#N/A N/A,#N/A N/A
10-Mar,#N/A N/A,#N/A N/A,#N/A N/A
11-Mar,#N/A N/A,#N/A N/A,#N/A N/A
12-Mar,#N/A N/A,#N/A N/A,#N/A N/A
13-Mar,#N/A N/A,#N/A N/A,#N/A N/A
14-Mar,#N/A N/A,#N/A N/A,#N/A N/A
17-Mar,#N/A N/A,#N/A N/A,#N/A N/A
18-Mar,#N/A N/A,#N/A N/A,#N/A N/A
19-Mar,#N/A N/A,#N/A N/A,#N/A N/A
20-Mar,#N/A N/A,#N/A N/A,#N/A N/A
21-Mar,#N/A N/A,#N/A N/A,#N/A N/A
24-Mar,#N/A N/A,#N/A N/A,#N/A N/A
25-Mar,#N/A N/A,#N/A N/A,#N/A N/A
26-Mar,#N/A N/A,#N/A N/A,#N/A N/A
27-Mar,#N/A N/A,#N/A N/A,#N/A N/A
28-Mar,#N/A N/A,#N/A N/A,#N/A N/A
31-Mar,#N/A N/A,#N/A N/A,#N/A N/A
1-Apr,#N/A N/A,#N/A N/A,#N/A N/A
2-Apr,#N/A N/A,#N/A N/A,#N/A N/A
3-Apr,#N/A N/A,#N/A N/A,#N/A N/A
4-Apr,#N/A N/A,#N/A N/A,#N/A N/A
7-Apr,#N/A N/A,#N/A N/A,#N/A N/A
8-Apr,#N/A N/A,#N/A N/A,#N/A N/A
9-Apr,#N/A N/A,#N/A N/A,#N/A N/A
10-Apr,#N/A N/A,#N/A N/A,#N/A N/A
11-Apr,#N/A N/A,#N/A N/A,#N/A N/A
14-Apr,#N/A N/A,#N/A N/A,#N/A N/A
15-Apr,#N/A N/A,#N/A N/A,#N/A N/A
16-Apr,#N/A N/A,#N/A N/A,#N/A N/A
17-Apr,#N/A N/A,#N/A N/A,#N/A N/A
18-Apr,#N/A N/A,#N/A N/A,#N/A N/A
21-Apr,#N/A N/A,#N/A N/A,#N/A N/A
22-Apr,#N/A N/A,#N/A N/A,#N/A N/A
23-Apr,#N/A N/A,#N/A N/A,#N/A N/A
24-Apr,#N/A N/A,#N/A N/A,#N/A N/A
25-Apr,#N/A N/A,#N/A N/A,#N/A N/A
28-Apr,#N/A N/A,#N/A N/A,#N/A N/A
29-Apr,#N/A N/A,#N/A N/A,#N/A N/A
30-Apr,#N/A N/A,#N/A N/A,#N/A N/A
1-May,#N/A N/A,#N/A N/A,#N/A N/A
2-May,#N/A N/A,#N/A N/A,#N/A N/A
5-May,#N/A N/A,#N/A N/A,#N/A N/A
6-May,#N/A N/A,#N/A N/A,#N/A N/A
7-May,#N/A N/A,#N/A N/A,#N/A N/A
8-May,#N/A N/A,#N/A N/A,#N/A N/A
9-May,#N/A N/A,#N/A N/A,#N/A N/A
12-May,#N/A N/A,#N/A N/A,#N/A N/A
13-May,#N/A N/A,#N/A N/A,#N/A N/A
14-May,#N/A N/A,#N/A N/A,#N/A N/A
15-May,#N/A N/A,#N/A N/A,#N/A N/A
16-May,#N/A N/A,#N/A N/A,#N/A N/A
19-May,#N/A N/A,#N/A N/A,#N/A N/A
20-May,#N/A N/A,#N/A N/A,#N/A N/A
21-May,#N/A N/A,#N/A N/A,#N/A N/A
22-May,#N/A N/A,#N/A N/A,#N/A N/A
23-May,#N/A N/A,#N/A N/A,#N/A N/A
26-May,#N/A N/A,#N/A N/A,#N/A N/A
27-May,#N/A N/A,#N/A N/A,#N/A N/A
28-May,#N/A N/A,#N/A N/A,#N/A N/A
29-May,#N/A N/A,#N/A N/A,#N/A N/A
30-May,#N/A N/A,#N/A N/A,#N/A N/A
2-Jun,#N/A N/A,#N/A N/A,#N/A N/A
3-Jun,#N/A N/A,#N/A N/A,#N/A N/A
4-Jun,#N/A N/A,#N/A N/A,#N/A N/A
5-Jun,#N/A N/A,#N/A N/A,#N/A N/A
6-Jun,#N/A N/A,#N/A N/A,#N/A N/A
9-Jun,#N/A N/A,#N/A N/A,#N/A N/A
10-Jun,#N/A N/A,#N/A N/A,#N/A N/A
11-Jun,#N/A N/A,#N/A N/A,#N/A N/A
12-Jun,#N/A N/A,#N/A N/A,#N/A N/A
13-Jun,#N/A N/A,#N/A N/A,#N/A N/A
16-Jun,#N/A N/A,#N/A N/A,#N/A N/A
17-Jun,#N/A N/A,#N/A N/A,#N/A N/A
18-Jun,#N/A N/A,#N/A N/A,#N/A N/A
19-Jun,#N/A N/A,#N/A N/A,#N/A N/A
20-Jun,#N/A N/A,#N/A N/A,#N/A N/A
23-Jun,#N/A N/A,#N/A N/A,#N/A N/A
24-Jun,#N/A N/A,#N/A N/A,#N/A N/A
25-Jun,#N/A N/A,#N/A N/A,#N/A N/A
26-Jun,#N/A N/A,#N/A N/A,#N/A N/A
27-Jun,#N/A N/A,#N/A N/A,#N/A N/A
30-Jun,#N/A N/A,#N/A N/A,#N/A N/A
1-Jul,#N/A N/A,#N/A N/A,#N/A N/A
2-Jul,#N/A N/A,#N/A N/A,#N/A N/A
3-Jul,#N/A N/A,#N/A N/A,#N/A N/A
4-Jul,#N/A N/A,#N/A N/A,#N/A N/A
7-Jul,#N/A N/A,#N/A N/A,#N/A N/A
8-Jul,#N/A N/A,#N/A N/A,#N/A N/A
9-Jul,#N/A N/A,#N/A N/A,#N/A N/A
10-Jul,#N/A N/A,#N/A N/A,#N/A N/A
11-Jul,#N/A N/A,#N/A N/A,#N/A N/A
14-Jul,#N/A N/A,#N/A N/A,#N/A N/A
15-Jul,#N/A N/A,#N/A N/A,#N/A N/A
16-Jul,#N/A N/A,#N/A N/A,#N/A N/A
17-Jul,#N/A N/A,#N/A N/A,#N/A N/A
18-Jul,#N/A N/A,#N/A N/A,#N/A N/A
21-Jul,#N/A N/A,#N/A N/A,#N/A N/A
22-Jul,#N/A N/A,#N/A N/A,#N/A N/A
23-Jul,#N/A N/A,#N/A N/A,#N/A N/A
24-Jul,#N/A N/A,#N/A N/A,#N/A N/A
25-Jul,#N/A N/A,#N/A N/A,#N/A N/A
28-Jul,#N/A N/A,#N/A N/A,#N/A N/A
29-Jul,#N/A N/A,#N/A N/A,#N/A N/A
30-Jul,#N/A N/A,#N/A N/A,#N/A N/A
31-Jul,#N/A N/A,#N/A N/A,#N/A N/A
1-Aug,#N/A N/A,#N/A N/A,#N/A N/A
4-Aug,#N/A N/A,#N/A N/A,#N/A N/A
5-Aug,#N/A N/A,#N/A N/A,#N/A N/A
6-Aug,#N/A N/A,#N/A N/A,#N/A N/A
7-Aug,#N/A N/A,#N/A N/A,#N/A N/A
8-Aug,#N/A N/A,#N/A N/A,#N/A N/A
11-Aug,#N/A N/A,#N/A N/A,#N/A N/A
12-Aug,#N/A N/A,#N/A N/A,#N/A N/A
13-Aug,#N/A N/A,#N/A N/A,#N/A N/A
14-Aug,#N/A N/A,#N/A N/A,#N/A N/A
15-Aug,#N/A N/A,#N/A N/A,#N/A N/A
18-Aug,#N/A N/A,#N/A N/A,#N/A N/A
19-Aug,#N/A N/A,#N/A N/A,#N/A N/A
20-Aug,#N/A N/A,#N/A N/A,#N/A N/A
21-Aug,#N/A N/A,#N/A N/A,#N/A N/A
22-Aug,#N/A N/A,#N/A N/A,#N/A N/A
25-Aug,#N/A N/A,#N/A N/A,#N/A N/A
26-Aug,#N/A N/A,#N/A N/A,#N/A N/A
27-Aug,#N/A N/A,#N/A N/A,#N/A N/A
28-Aug,#N/A N/A,#N/A N/A,#N/A N/A
29-Aug,#N/A N/A,#N/A N/A,#N/A N/A
1-Sep,#N/A N/A,#N/A N/A,#N/A N/A
2-Sep,#N/A N/A,#N/A N/A,#N/A N/A
3-Sep,#N/A N/A,#N/A N/A,#N/A N/A
4-Sep,#N/A N/A,#N/A N/A,#N/A N/A
5-Sep,#N/A N/A,#N/A N/A,#N/A N/A
8-Sep,#N/A N/A,#N/A N/A,#N/A N/A
9-Sep,#N/A N/A,#N/A N/A,#N/A N/A
10-Sep,#N/A N/A,#N/A N/A,#N/A N/A
11-Sep,#N/A N/A,#N/A N/A,#N/A N/A
12-Sep,#N/A N/A,#N/A N/A,#N/A N/A
15-Sep,#N/A N/A,#N/A N/A,#N/A N/A
16-Sep,#N/A N/A,#N/A N/A,#N/A N/A
17-Sep,#N/A N/A,#N/A N/A,#N/A N/A
18-Sep,#N/A N/A,#N/A N/A,#N/A N/A
19-Sep,#N/A N/A,#N/A N/A,#N/A N/A
22-Sep,#N/A N/A,#N/A N/A,#N/A N/A
23-Sep,#N/A N/A,#N/A N/A,#N/A N/A
24-Sep,#N/A N/A,#N/A N/A,#N/A N/A
25-Sep,#N/A N/A,#N/A N/A,#N/A N/A
26-Sep,#N/A N/A,#N/A N/A,#N/A N/A
29-Sep,#N/A N/A,#N/A N/A,#N/A N/A
30-Sep,#N/A N/A,#N/A N/A,#N/A N/A
1-Oct,#N/A N/A,#N/A N/A,#N/A N/A
2-Oct,#N/A N/A,#N/A N/A,#N/A N/A
3-Oct,#N/A N/A,#N/A N/A,#N/A N/A
6-Oct,#N/A N/A,#N/A N/A,#N/A N/A
7-Oct,#N/A N/A,#N/A N/A,#N/A N/A
8-Oct,#N/A N/A,#N/A N/A,#N/A N/A
9-Oct,#N/A N/A,#N/A N/A,#N/A N/A
10-Oct,#N/A N/A,#N/A N/A,#N/A N/A
13-Oct,#N/A N/A,#N/A N/A,#N/A N/A
14-Oct,#N/A N/A,#N/A N/A,#N/A N/A
15-Oct,#N/A N/A,#N/A N/A,#N/A N/A
16-Oct,#N/A N/A,#N/A N/A,#N/A N/A
17-Oct,#N/A N/A,#N/A N/A,#N/A N/A
20-Oct,#N/A N/A,#N/A N/A,#N/A N/A
21-Oct,#N/A N/A,#N/A N/A,#N/A N/A
22-Oct,#N/A N/A,#N/A N/A,#N/A N/A
23-Oct,#N/A N/A,#N/A N/A,#N/A N/A
24-Oct,#N/A N/A,#N/A N/A,#N/A N/A
27-Oct,#N/A N/A,#N/A N/A,#N/A N/A
28-Oct,#N/A N/A,#N/A N/A,#N/A N/A
29-Oct,#N/A N/A,#N/A N/A,#N/A N/A
30-Oct,#N/A N/A,#N/A N/A,#N/A N/A
31-Oct,#N/A N/A,#N/A N/A,#N/A N/A
3-Nov,#N/A N/A,#N/A N/A,#N/A N/A
4-Nov,#N/A N/A,#N/A N/A,#N/A N/A
5-Nov,#N/A N/A,#N/A N/A,#N/A N/A
6-Nov,#N/A N/A,#N/A N/A,#N/A N/A
7-Nov,#N/A N/A,#N/A N/A,#N/A N/A
10-Nov,#N/A N/A,#N/A N/A,#N/A N/A
11-Nov,#N/A N/A,#N/A N/A,#N/A N/A
12-Nov,#N/A N/A,#N/A N/A,#N/A N/A
13-Nov,#N/A N/A,#N/A N/A,#N/A N/A
14-Nov,#N/A N/A,#N/A N/A,#N/A N/A
17-Nov,#N/A N/A,#N/A N/A,#N/A N/A
18-Nov,#N/A N/A,#N/A N/A,#N/A N/A
19-Nov,#N/A N/A,#N/A N/A,#N/A N/A
20-Nov,#N/A N/A,#N/A N/A,#N/A N/A
21-Nov,#N/A N/A,#N/A N/A,#N/A N/A
24-Nov,#N/A N/A,#N/A N/A,#N/A N/A
25-Nov,#N/A N/A,#N/A N/A,#N/A N/A
26-Nov,#N/A N/A,#N/A N/A,#N/A N/A
27-Nov,#N/A N/A,#N/A N/A,#N/A N/A
28-Nov,#N/A N/A,#N/A N/A,#N/A N/A
1-Dec,#N/A N/A,#N/A N/A,#N/A N/A
2-Dec,#N/A N/A,#N/A N/A,#N/A N/A
3-Dec,#N/A N/A,#N/A N/A,#N/A N/A
4-Dec,#N/A N/A,#N/A N/A,#N/A N/A
5-Dec,#N/A N/A,#N/A N/A,#N/A N/A
8-Dec,#N/A N/A,#N/A N/A,#N/A N/A
9-Dec,#N/A N/A,#N/A N/A,#N/A N/A
10-Dec,#N/A N/A,#N/A N/A,#N/A N/A
11-Dec,#N/A N/A,#N/A N/A,#N/A N/A
12-Dec,#N/A N/A,#N/A N/A,#N/A N/A
15-Dec,#N/A N/A,#N/A N/A,#N/A N/A
16-Dec,#N/A N/A,#N/A N/A,#N/A N/A
17-Dec,#N/A N/A,#N/A N/A,#N/A N/A
18-Dec,#N/A N/A,#N/A N/A,#N/A N/A
19-Dec,#N/A N/A,#N/A N/A,#N/A N/A
22-Dec,#N/A N/A,#N/A N/A,#N/A N/A
23-Dec,#N/A N/A,#N/A N/A,#N/A N/A
24-Dec,#N/A N/A,#N/A N/A,#N/A N/A
25-Dec,#N/A N/A,#N/A N/A,#N/A N/A
26-Dec,#N/A N/A,#N/A N/A,#N/A N/A
29-Dec,#N/A N/A,#N/A N/A,#N/A N/A
30-Dec,#N/A N/A,#N/A N/A,#N/A N/A
31-Dec,#N/A N/A,#N/A N/A,#N/A N/A
1-Jan,#N/A N/A,#N/A N/A,#N/A N/A
2-Jan,#N/A N/A,#N/A N/A,#N/A N/A
5-Jan,#N/A N/A,#N/A N/A,#N/A N/A
6-Jan,#N/A N/A,#N/A N/A,#N/A N/A
7-Jan,#N/A N/A,#N/A N/A,#N/A N/A
8-Jan,#N/A N/A,#N/A N/A,#N/A N/A
9-Jan,#N/A N/A,#N/A N/A,#N/A N/A
12-Jan,#N/A N/A,#N/A N/A,#N/A N/A
13-Jan,#N/A N/A,#N/A N/A,#N/A N/A
14-Jan,#N/A N/A,#N/A N/A,#N/A N/A
15-Jan,#N/A N/A,#N/A N/A,#N/A N/A
16-Jan,#N/A N/A,#N/A N/A,#N/A N/A
19-Jan,#N/A N/A,#N/A N/A,#N/A N/A
20-Jan,#N/A N/A,#N/A N/A,#N/A N/A
21-Jan,#N/A N/A,#N/A N/A,#N/A N/A
22-Jan,#N/A N/A,#N/A N/A,#N/A N/A
23-Jan,#N/A N/A,#N/A N/A,#N/A N/A
26-Jan,#N/A N/A,#N/A N/A,#N/A N/A
27-Jan,#N/A N/A,#N/A N/A,#N/A N/A
28-Jan,#N/A N/A,#N/A N/A,#N/A N/A
29-Jan,#N/A N/A,#N/A N/A,#N/A N/A
30-Jan,#N/A N/A,#N/A N/A,#N/A N/A
2-Feb,#N/A N/A,#N/A N/A,#N/A N/A
3-Feb,#N/A N/A,#N/A N/A,#N/A N/A
4-Feb,#N/A N/A,#N/A N/A,#N/A N/A
5-Feb,#N/A N/A,#N/A N/A,#N/A N/A
6-Feb,#N/A N/A,#N/A N/A,#N/A N/A
9-Feb,#N/A N/A,#N/A N/A,#N/A N/A
10-Feb,#N/A N/A,#N/A N/A,#N/A N/A
11-Feb,#N/A N/A,#N/A N/A,#N/A N/A
12-Feb,#N/A N/A,#N/A N/A,#N/A N/A
13-Feb,#N/A N/A,#N/A N/A,#N/A N/A
16-Feb,#N/A N/A,#N/A N/A,#N/A N/A
17-Feb,#N/A N/A,#N/A N/A,#N/A N/A
18-Feb,#N/A N/A,#N/A N/A,#N/A N/A
19-Feb,#N/A N/A,#N/A N/A,#N/A N/A
20-Feb,#N/A N/A,#N/A N/A,#N/A N/A
23-Feb,#N/A N/A,#N/A N/A,#N/A N/A
24-Feb,#N/A N/A,#N/A N/A,#N/A N/A
25-Feb,#N/A N/A,#N/A N/A,#N/A N/A
26-Feb,#N/A N/A,#N/A N/A,#N/A N/A
27-Feb,#N/A N/A,#N/A N/A,#N/A N/A
1-Mar,#N/A N/A,#N/A N/A,#N/A N/A
2-Mar,#N/A N/A,#N/A N/A,#N/A N/A
3-Mar,#N/A N/A,#N/A N/A,#N/A N/A
4-Mar,#N/A N/A,#N/A N/A,#N/A N/A
5-Mar,#N/A N/A,#N/A N/A,#N/A N/A
8-Mar,#N/A N/A,#N/A N/A,#N/A N/A
9-Mar,#N/A N/A,#N/A N/A,#N/A N/A
10-Mar,#N/A N/A,#N/A N/A,#N/A N/A
11-Mar,#N/A N/A,#N/A N/A,#N/A N/A
12-Mar,#N/A N/A,#N/A N/A,#N/A N/A
15-Mar,#N/A N/A,#N/A N/A,#N/A N/A
16-Mar,#N/A N/A,#N/A N/A,#N/A N/A
17-Mar,#N/A N/A,#N/A N/A,#N/A N/A
18-Mar,#N/A N/A,#N/A N/A,#N/A N/A
19-Mar,#N/A N/A,#N/A N/A,#N/A N/A
22-Mar,#N/A N/A,#N/A N/A,#N/A N/A
23-Mar,#N/A N/A,#N/A N/A,#N/A N/A
24-Mar,#N/A N/A,#N/A N/A,#N/A N/A
25-Mar,#N/A N/A,#N/A N/A,#N/A N/A
26-Mar,#N/A N/A,#N/A N/A,#N/A N/A
29-Mar,#N/A N/A,#N/A N/A,#N/A N/A
30-Mar,#N/A N/A,#N/A N/A,#N/A N/A
31-Mar,#N/A N/A,#N/A N/A,#N/A N/A
1-Apr,#N/A N/A,#N/A N/A,#N/A N/A
2-Apr,#N/A N/A,#N/A N/A,#N/A N/A
5-Apr,#N/A N/A,#N/A N/A,#N/A N/A
6-Apr,#N/A N/A,#N/A N/A,#N/A N/A
7-Apr,#N/A N/A,#N/A N/A,#N/A N/A
8-Apr,#N/A N/A,#N/A N/A,#N/A N/A
9-Apr,#N/A N/A,#N/A N/A,#N/A N/A
12-Apr,#N/A N/A,#N/A N/A,#N/A N/A
13-Apr,#N/A N/A,#N/A N/A,#N/A N/A
14-Apr,#N/A N/A,#N/A N/A,#N/A N/A
15-Apr,#N/A N/A,#N/A N/A,#N/A N/A
16-Apr,#N/A N/A,#N/A N/A,#N/A N/A
19-Apr,#N/A N/A,#N/A N/A,#N/A N/A
20-Apr,#N/A N/A,#N/A N/A,#N/A N/A
21-Apr,#N/A N/A,#N/A N/A,#N/A N/A
22-Apr,#N/A N/A,#N/A N/A,#N/A N/A
23-Apr,#N/A N/A,#N/A N/A,#N/A N/A
26-Apr,#N/A N/A,#N/A N/A,#N/A N/A
27-Apr,#N/A N/A,#N/A N/A,#N/A N/A
28-Apr,#N/A N/A,#N/A N/A,#N/A N/A
29-Apr,#N/A N/A,#N/A N/A,#N/A N/A
30-Apr,#N/A N/A,#N/A N/A,#N/A N/A
3-May,#N/A N/A,#N/A N/A,#N/A N/A
4-May,#N/A N/A,#N/A N/A,#N/A N/A
5-May,#N/A N/A,#N/A N/A,#N/A N/A
6-May,#N/A N/A,#N/A N/A,#N/A N/A
7-May,#N/A N/A,#N/A N/A,#N/A N/A
10-May,#N/A N/A,#N/A N/A,#N/A N/A
11-May,#N/A N/A,#N/A N/A,#N/A N/A
12-May,#N/A N/A,#N/A N/A,#N/A N/A
13-May,#N/A N/A,#N/A N/A,#N/A N/A
14-May,#N/A N/A,#N/A N/A,#N/A N/A
17-May,#N/A N/A,#N/A N/A,#N/A N/A
18-May,#N/A N/A,#N/A N/A,#N/A N/A
19-May,#N/A N/A,#N/A N/A,#N/A N/A
20-May,#N/A N/A,#N/A N/A,#N/A N/A
21-May,#N/A N/A,#N/A N/A,#N/A N/A
24-May,#N/A N/A,#N/A N/A,#N/A N/A
25-May,#N/A N/A,#N/A N/A,#N/A N/A
26-May,#N/A N/A,#N/A N/A,#N/A N/A
27-May,#N/A N/A,#N/A N/A,#N/A N/A
28-May,#N/A N/A,#N/A N/A,#N/A N/A
31-May,#N/A N/A,#N/A N/A,#N/A N/A
1-Jun,#N/A N/A,#N/A N/A,#N/A N/A
2-Jun,#N/A N/A,#N/A N/A,#N/A N/A
3-Jun,#N/A N/A,#N/A N/A,#N/A N/A
4-Jun,#N/A N/A,#N/A N/A,#N/A N/A
7-Jun,#N/A N/A,#N/A N/A,#N/A N/A
8-Jun,#N/A N/A,#N/A N/A,#N/A N/A
9-Jun,#N/A N/A,#N/A N/A,#N/A N/A
10-Jun,#N/A N/A,#N/A N/A,#N/A N/A
11-Jun,#N/A N/A,#N/A N/A,#N/A N/A
14-Jun,#N/A N/A,#N/A N/A,#N/A N/A
15-Jun,#N/A N/A,#N/A N/A,#N/A N/A
16-Jun,#N/A N/A,#N/A N/A,#N/A N/A
17-Jun,#N/A N/A,#N/A N/A,#N/A N/A
18-Jun,#N/A N/A,#N/A N/A,#N/A N/A
21-Jun,#N/A N/A,#N/A N/A,#N/A N/A
22-Jun,#N/A N/A,#N/A N/A,#N/A N/A
23-Jun,#N/A N/A,#N/A N/A,#N/A N/A
24-Jun,#N/A N/A,#N/A N/A,#N/A N/A
25-Jun,#N/A N/A,#N/A N/A,#N/A N/A
28-Jun,#N/A N/A,#N/A N/A,#N/A N/A
29-Jun,#N/A N/A,#N/A N/A,#N/A N/A
30-Jun,#N/A N/A,#N/A N/A,#N/A N/A
1-Jul,#N/A N/A,#N/A N/A,#N/A N/A
2-Jul,#N/A N/A,#N/A N/A,#N/A N/A
5-Jul,#N/A N/A,#N/A N/A,#N/A N/A
6-Jul,#N/A N/A,#N/A N/A,#N/A N/A
7-Jul,#N/A N/A,#N/A N/A,#N/A N/A
8-Jul,#N/A N/A,#N/A N/A,#N/A N/A
9-Jul,#N/A N/A,#N/A N/A,#N/A N/A
12-Jul,#N/A N/A,#N/A N/A,#N/A N/A
13-Jul,#N/A N/A,#N/A N/A,#N/A N/A
14-Jul,#N/A N/A,#N/A N/A,#N/A N/A
15-Jul,#N/A N/A,#N/A N/A,#N/A N/A
16-Jul,#N/A N/A,#N/A N/A,#N/A N/A
19-Jul,#N/A N/A,#N/A N/A,#N/A N/A
20-Jul,#N/A N/A,#N/A N/A,#N/A N/A
21-Jul,#N/A N/A,#N/A N/A,#N/A N/A
22-Jul,#N/A N/A,#N/A N/A,#N/A N/A
23-Jul,#N/A N/A,#N/A N/A,#N/A N/A
26-Jul,#N/A N/A,#N/A N/A,#N/A N/A
27-Jul,#N/A N/A,#N/A N/A,#N/A N/A
28-Jul,#N/A N/A,#N/A N/A,#N/A N/A
29-Jul,#N/A N/A,#N/A N/A,#N/A N/A
30-Jul,#N/A N/A,#N/A N/A,#N/A N/A
2-Aug,#N/A N/A,#N/A N/A,#N/A N/A
3-Aug,#N/A N/A,#N/A N/A,#N/A N/A
4-Aug,#N/A N/A,#N/A N/A,#N/A N/A
5-Aug,#N/A N/A,#N/A N/A,#N/A N/A
6-Aug,#N/A N/A,#N/A N/A,#N/A N/A
9-Aug,#N/A N/A,#N/A N/A,#N/A N/A
10-Aug,#N/A N/A,#N/A N/A,#N/A N/A
11-Aug,#N/A N/A,#N/A N/A,#N/A N/A
12-Aug,#N/A N/A,#N/A N/A,#N/A N/A
13-Aug,#N/A N/A,#N/A N/A,#N/A N/A
16-Aug,#N/A N/A,#N/A N/A,#N/A N/A
17-Aug,#N/A N/A,#N/A N/A,#N/A N/A
18-Aug,#N/A N/A,#N/A N/A,#N/A N/A
19-Aug,#N/A N/A,#N/A N/A,#N/A N/A
20-Aug,#N/A N/A,#N/A N/A,#N/A N/A
23-Aug,#N/A N/A,#N/A N/A,#N/A N/A
24-Aug,#N/A N/A,#N/A N/A,#N/A N/A
25-Aug,#N/A N/A,#N/A N/A,#N/A N/A
26-Aug,#N/A N/A,#N/A N/A,#N/A N/A
27-Aug,#N/A N/A,#N/A N/A,#N/A N/A
30-Aug,#N/A N/A,#N/A N/A,#N/A N/A
31-Aug,#N/A N/A,#N/A N/A,#N/A N/A
1-Sep,#N/A N/A,#N/A N/A,#N/A N/A
2-Sep,#N/A N/A,#N/A N/A,#N/A N/A
3-Sep,#N/A N/A,#N/A N/A,#N/A N/A
6-Sep,#N/A N/A,#N/A N/A,#N/A N/A
7-Sep,#N/A N/A,#N/A N/A,#N/A N/A
8-Sep,#N/A N/A,#N/A N/A,#N/A N/A
9-Sep,#N/A N/A,#N/A N/A,#N/A N/A
10-Sep,#N/A N/A,#N/A N/A,#N/A N/A
13-Sep,#N/A N/A,#N/A N/A,#N/A N/A
14-Sep,#N/A N/A,#N/A N/A,#N/A N/A
15-Sep,#N/A N/A,#N/A N/A,#N/A N/A
16-Sep,#N/A N/A,#N/A N/A,#N/A N/A
17-Sep,#N/A N/A,#N/A N/A,#N/A N/A
20-Sep,#N/A N/A,#N/A N/A,#N/A N/A
21-Sep,#N/A N/A,#N/A N/A,#N/A N/A
22-Sep,#N/A N/A,#N/A N/A,#N/A N/A
23-Sep,#N/A N/A,#N/A N/A,#N/A N/A
24-Sep,#N/A N/A,#N/A N/A,#N/A N/A
27-Sep,#N/A N/A,#N/A N/A,#N/A N/A
28-Sep,#N/A N/A,#N/A N/A,#N/A N/A
29-Sep,#N/A N/A,#N/A N/A,#N/A N/A
30-Sep,#N/A N/A,#N/A N/A,#N/A N/A
1-Oct,#N/A N/A,#N/A N/A,#N/A N/A
4-Oct,#N/A N/A,#N/A N/A,#N/A N/A
5-Oct,#N/A N/A,#N/A N/A,#N/A N/A
6-Oct,#N/A N/A,#N/A N/A,#N/A N/A
7-Oct,#N/A N/A,#N/A N/A,#N/A N/A
8-Oct,#N/A N/A,#N/A N/A,#N/A N/A
11-Oct,#N/A N/A,#N/A N/A,#N/A N/A
12-Oct,#N/A N/A,#N/A N/A,#N/A N/A
13-Oct,#N/A N/A,#N/A N/A,#N/A N/A
14-Oct,#N/A N/A,#N/A N/A,#N/A N/A
15-Oct,#N/A N/A,#N/A N/A,#N/A N/A
18-Oct,#N/A N/A,#N/A N/A,#N/A N/A
19-Oct,#N/A N/A,#N/A N/A,#N/A N/A
20-Oct,#N/A N/A,#N/A N/A,#N/A N/A
21-Oct,#N/A N/A,#N/A N/A,#N/A N/A
22-Oct,#N/A N/A,#N/A N/A,#N/A N/A
25-Oct,#N/A N/A,#N/A N/A,#N/A N/A
26-Oct,#N/A N/A,#N/A N/A,#N/A N/A
27-Oct,#N/A N/A,#N/A N/A,#N/A N/A
28-Oct,#N/A N/A,#N/A N/A,#N/A N/A
29-Oct,#N/A N/A,#N/A N/A,#N/A N/A
1-Nov,#N/A N/A,#N/A N/A,#N/A N/A
2-Nov,#N/A N/A,#N/A N/A,#N/A N/A
3-Nov,#N/A N/A,#N/A N/A,#N/A N/A
4-Nov,#N/A N/A,#N/A N/A,#N/A N/A
5-Nov,#N/A N/A,#N/A N/A,#N/A N/A
8-Nov,#N/A N/A,#N/A N/A,#N/A N/A
9-Nov,#N/A N/A,#N/A N/A,#N/A N/A
10-Nov,#N/A N/A,#N/A N/A,#N/A N/A
11-Nov,#N/A N/A,#N/A N/A,#N/A N/A
12-Nov,#N/A N/A,#N/A N/A,#N/A N/A
15-Nov,#N/A N/A,#N/A N/A,#N/A N/A
16-Nov,#N/A N/A,#N/A N/A,#N/A N/A
17-Nov,#N/A N/A,#N/A N/A,#N/A N/A
18-Nov,#N/A N/A,#N/A N/A,#N/A N/A
19-Nov,#N/A N/A,#N/A N/A,#N/A N/A
22-Nov,#N/A N/A,#N/A N/A,#N/A N/A
23-Nov,#N/A N/A,#N/A N/A,#N/A N/A
24-Nov,#N/A N/A,#N/A N/A,#N/A N/A
25-Nov,#N/A N/A,#N/A N/A,#N/A N/A
26-Nov,#N/A N/A,#N/A N/A,#N/A N/A
29-Nov,#N/A N/A,#N/A N/A,#N/A N/A
30-Nov,#N/A N/A,#N/A N/A,#N/A N/A
1-Dec,#N/A N/A,#N/A N/A,#N/A N/A
2-Dec,#N/A N/A,#N/A N/A,#N/A N/A
3-Dec,#N/A N/A,#N/A N/A,#N/A N/A
6-Dec,#N/A N/A,#N/A N/A,#N/A N/A
7-Dec,#N/A N/A,#N/A N/A,#N/A N/A
8-Dec,#N/A N/A,#N/A N/A,#N/A N/A
9-Dec,#N/A N/A,#N/A N/A,#N/A N/A
10-Dec,#N/A N/A,#N/A N/A,#N/A N/A
13-Dec,#N/A N/A,#N/A N/A,#N/A N/A
14-Dec,#N/A N/A,#N/A N/A,#N/A N/A
15-Dec,#N/A N/A,#N/A N/A,#N/A N/A
16-Dec,#N/A N/A,#N/A N/A,#N/A N/A
17-Dec,#N/A N/A,#N/A N/A,#N/A N/A
20-Dec,#N/A N/A,#N/A N/A,#N/A N/A
21-Dec,#N/A N/A,#N/A N/A,#N/A N/A
22-Dec,#N/A N/A,#N/A N/A,#N/A N/A
23-Dec,#N/A N/A,#N/A N/A,#N/A N/A
24-Dec,#N/A N/A,#N/A N/A,#N/A N/A
27-Dec,#N/A N/A,#N/A N/A,#N/A N/A
28-Dec,#N/A N/A,#N/A N/A,#N/A N/A
29-Dec,#N/A N/A,#N/A N/A,#N/A N/A
30-Dec,#N/A N/A,#N/A N/A,#N/A N/A
31-Dec,#N/A N/A,#N/A N/A,#N/A N/A
3-Jan,#N/A N/A,#N/A N/A,#N/A N/A
4-Jan,#N/A N/A,#N/A N/A,#N/A N/A
5-Jan,#N/A N/A,#N/A N/A,#N/A N/A
6-Jan,#N/A N/A,#N/A N/A,#N/A N/A
7-Jan,#N/A N/A,#N/A N/A,#N/A N/A
10-Jan,#N/A N/A,#N/A N/A,#N/A N/A
11-Jan,#N/A N/A,#N/A N/A,#N/A N/A
12-Jan,#N/A N/A,#N/A N/A,#N/A N/A
13-Jan,#N/A N/A,#N/A N/A,#N/A N/A
14-Jan,#N/A N/A,#N/A N/A,#N/A N/A
17-Jan,#N/A N/A,#N/A N/A,#N/A N/A
18-Jan,#N/A N/A,#N/A N/A,#N/A N/A
19-Jan,#N/A N/A,#N/A N/A,#N/A N/A
20-Jan,#N/A N/A,#N/A N/A,#N/A N/A
21-Jan,#N/A N/A,#N/A N/A,#N/A N/A
24-Jan,#N/A N/A,#N/A N/A,#N/A N/A
25-Jan,#N/A N/A,#N/A N/A,#N/A N/A
26-Jan,#N/A N/A,#N/A N/A,#N/A N/A
27-Jan,#N/A N/A,#N/A N/A,#N/A N/A
28-Jan,#N/A N/A,#N/A N/A,#N/A N/A
31-Jan,#N/A N/A,#N/A N/A,#N/A N/A
1-Feb,#N/A N/A,#N/A N/A,#N/A N/A
2-Feb,#N/A N/A,#N/A N/A,#N/A N/A
3-Feb,#N/A N/A,#N/A N/A,#N/A N/A
4-Feb,#N/A N/A,#N/A N/A,#N/A N/A
7-Feb,#N/A N/A,#N/A N/A,#N/A N/A
8-Feb,#N/A N/A,#N/A N/A,#N/A N/A
9-Feb,#N/A N/A,#N/A N/A,#N/A N/A
10-Feb,#N/A N/A,#N/A N/A,#N/A N/A
11-Feb,#N/A N/A,#N/A N/A,#N/A N/A
14-Feb,#N/A N/A,#N/A N/A,#N/A N/A
15-Feb,#N/A N/A,#N/A N/A,#N/A N/A
16-Feb,#N/A N/A,#N/A N/A,#N/A N/A
17-Feb,#N/A N/A,#N/A N/A,#N/A N/A
18-Feb,#N/A N/A,#N/A N/A,#N/A N/A
21-Feb,#N/A N/A,#N/A N/A,#N/A N/A
22-Feb,#N/A N/A,#N/A N/A,#N/A N/A
23-Feb,#N/A N/A,#N/A N/A,#N/A N/A
24-Feb,#N/A N/A,#N/A N/A,#N/A N/A
25-Feb,#N/A N/A,#N/A N/A,#N/A N/A
28-Feb,#N/A N/A,#N/A N/A,#N/A N/A
1-Mar,#N/A N/A,#N/A N/A,#N/A N/A
2-Mar,#N/A N/A,#N/A N/A,#N/A N/A
3-Mar,#N/A N/A,#N/A N/A,#N/A N/A
4-Mar,#N/A N/A,#N/A N/A,#N/A N/A
7-Mar,#N/A N/A,#N/A N/A,#N/A N/A
8-Mar,#N/A N/A,#N/A N/A,#N/A N/A
9-Mar,#N/A N/A,#N/A N/A,#N/A N/A
10-Mar,#N/A N/A,#N/A N/A,#N/A N/A
11-Mar,#N/A N/A,#N/A N/A,#N/A N/A
14-Mar,#N/A N/A,#N/A N/A,#N/A N/A
15-Mar,#N/A N/A,#N/A N/A,#N/A N/A
16-Mar,#N/A N/A,#N/A N/A,#N/A N/A
17-Mar,#N/A N/A,#N/A N/A,#N/A N/A
18-Mar,#N/A N/A,#N/A N/A,#N/A N/A
21-Mar,#N/A N/A,#N/A N/A,#N/A N/A
22-Mar,#N/A N/A,#N/A N/A,#N/A N/A
23-Mar,#N/A N/A,#N/A N/A,#N/A N/A
24-Mar,#N/A N/A,#N/A N/A,#N/A N/A
25-Mar,#N/A N/A,#N/A N/A,#N/A N/A
28-Mar,#N/A N/A,#N/A N/A,#N/A N/A
29-Mar,#N/A N/A,#N/A N/A,#N/A N/A
30-Mar,#N/A N/A,#N/A N/A,#N/A N/A
31-Mar,#N/A N/A,#N/A N/A,#N/A N/A
1-Apr,#N/A N/A,#N/A N/A,#N/A N/A
4-Apr,#N/A N/A,#N/A N/A,#N/A N/A
5-Apr,#N/A N/A,#N/A N/A,#N/A N/A
6-Apr,#N/A N/A,#N/A N/A,#N/A N/A
7-Apr,#N/A N/A,#N/A N/A,#N/A N/A
8-Apr,#N/A N/A,#N/A N/A,#N/A N/A
11-Apr,#N/A N/A,#N/A N/A,#N/A N/A
12-Apr,#N/A N/A,#N/A N/A,#N/A N/A
13-Apr,#N/A N/A,#N/A N/A,#N/A N/A
14-Apr,#N/A N/A,#N/A N/A,#N/A N/A
15-Apr,#N/A N/A,#N/A N/A,#N/A N/A
18-Apr,#N/A N/A,#N/A N/A,#N/A N/A
19-Apr,#N/A N/A,#N/A N/A,#N/A N/A
20-Apr,#N/A N/A,#N/A N/A,#N/A N/A
21-Apr,#N/A N/A,#N/A N/A,#N/A N/A
22-Apr,#N/A N/A,#N/A N/A,#N/A N/A
25-Apr,#N/A N/A,#N/A N/A,#N/A N/A
26-Apr,#N/A N/A,#N/A N/A,#N/A N/A
27-Apr,#N/A N/A,#N/A N/A,#N/A N/A
28-Apr,#N/A N/A,#N/A N/A,#N/A N/A
29-Apr,#N/A N/A,#N/A N/A,#N/A N/A
2-May,#N/A N/A,#N/A N/A,#N/A N/A
3-May,#N/A N/A,#N/A N/A,#N/A N/A
4-May,#N/A N/A,#N/A N/A,#N/A N/A
5-May,#N/A N/A,#N/A N/A,#N/A N/A
6-May,#N/A N/A,#N/A N/A,#N/A N/A
9-May,#N/A N/A,#N/A N/A,#N/A N/A
10-May,#N/A N/A,#N/A N/A,#N/A N/A
11-May,#N/A N/A,#N/A N/A,#N/A N/A
12-May,#N/A N/A,#N/A N/A,#N/A N/A
13-May,#N/A N/A,#N/A N/A,#N/A N/A
16-May,#N/A N/A,#N/A N/A,#N/A N/A
17-May,#N/A N/A,#N/A N/A,#N/A N/A
18-May,#N/A N/A,#N/A N/A,#N/A N/A
19-May,#N/A N/A,#N/A N/A,#N/A N/A
20-May,#N/A N/A,#N/A N/A,#N/A N/A
23-May,#N/A N/A,#N/A N/A,#N/A N/A
24-May,#N/A N/A,#N/A N/A,#N/A N/A
25-May,#N/A N/A,#N/A N/A,#N/A N/A
26-May,#N/A N/A,#N/A N/A,#N/A N/A
27-May,#N/A N/A,#N/A N/A,#N/A N/A
30-May,#N/A N/A,#N/A N/A,#N/A N/A
31-May,#N/A N/A,#N/A N/A,#N/A N/A
1-Jun,#N/A N/A,#N/A N/A,#N/A N/A
2-Jun,#N/A N/A,#N/A N/A,#N/A N/A
3-Jun,#N/A N/A,#N/A N/A,#N/A N/A
6-Jun,#N/A N/A,#N/A N/A,#N/A N/A
7-Jun,#N/A N/A,#N/A N/A,#N/A N/A
8-Jun,#N/A N/A,#N/A N/A,#N/A N/A
9-Jun,#N/A N/A,#N/A N/A,#N/A N/A
10-Jun,#N/A N/A,#N/A N/A,#N/A N/A
13-Jun,#N/A N/A,#N/A N/A,#N/A N/A
14-Jun,#N/A N/A,#N/A N/A,#N/A N/A
15-Jun,#N/A N/A,#N/A N/A,#N/A N/A
16-Jun,#N/A N/A,#N/A N/A,#N/A N/A
17-Jun,#N/A N/A,#N/A N/A,#N/A N/A
20-Jun,#N/A N/A,#N/A N/A,#N/A N/A
21-Jun,#N/A N/A,#N/A N/A,#N/A N/A
22-Jun,#N/A N/A,#N/A N/A,#N/A N/A
23-Jun,#N/A N/A,#N/A N/A,#N/A N/A
24-Jun,#N/A N/A,#N/A N/A,#N/A N/A
27-Jun,#N/A N/A,#N/A N/A,#N/A N/A
28-Jun,#N/A N/A,#N/A N/A,#N/A N/A
29-Jun,#N/A N/A,#N/A N/A,#N/A N/A
30-Jun,#N/A N/A,#N/A N/A,#N/A N/A
1-Jul,#N/A N/A,#N/A N/A,#N/A N/A
4-Jul,#N/A N/A,#N/A N/A,#N/A N/A
5-Jul,#N/A N/A,#N/A N/A,#N/A N/A
6-Jul,#N/A N/A,#N/A N/A,#N/A N/A
7-Jul,#N/A N/A,#N/A N/A,#N/A N/A
8-Jul,#N/A N/A,#N/A N/A,#N/A N/A
11-Jul,#N/A N/A,#N/A N/A,#N/A N/A
12-Jul,#N/A N/A,#N/A N/A,#N/A N/A
13-Jul,#N/A N/A,#N/A N/A,#N/A N/A
14-Jul,#N/A N/A,#N/A N/A,#N/A N/A
15-Jul,#N/A N/A,#N/A N/A,#N/A N/A
18-Jul,#N/A N/A,#N/A N/A,#N/A N/A
19-Jul,#N/A N/A,#N/A N/A,#N/A N/A
20-Jul,#N/A N/A,#N/A N/A,#N/A N/A
21-Jul,#N/A N/A,#N/A N/A,#N/A N/A
22-Jul,#N/A N/A,#N/A N/A,#N/A N/A
25-Jul,#N/A N/A,#N/A N/A,#N/A N/A
26-Jul,#N/A N/A,#N/A N/A,#N/A N/A
27-Jul,#N/A N/A,#N/A N/A,#N/A N/A
28-Jul,#N/A N/A,#N/A N/A,#N/A N/A
29-Jul,#N/A N/A,#N/A N/A,#N/A N/A
1-Aug,#N/A N/A,#N/A N/A,#N/A N/A
2-Aug,#N/A N/A,#N/A N/A,#N/A N/A
3-Aug,#N/A N/A,#N/A N/A,#N/A N/A
4-Aug,#N/A N/A,#N/A N/A,#N/A N/A
5-Aug,#N/A N/A,#N/A N/A,#N/A N/A
8-Aug,#N/A N/A,#N/A N/A,#N/A N/A
9-Aug,#N/A N/A,#N/A N/A,#N/A N/A
10-Aug,#N/A N/A,#N/A N/A,#N/A N/A
11-Aug,#N/A N/A,#N/A N/A,#N/A N/A
12-Aug,#N/A N/A,#N/A N/A,#N/A N/A
15-Aug,#N/A N/A,#N/A N/A,#N/A N/A
16-Aug,#N/A N/A,#N/A N/A,#N/A N/A
17-Aug,#N/A N/A,#N/A N/A,#N/A N/A
18-Aug,#N/A N/A,#N/A N/A,#N/A N/A
19-Aug,#N/A N/A,#N/A N/A,#N/A N/A
22-Aug,#N/A N/A,#N/A N/A,#N/A N/A
23-Aug,#N/A N/A,#N/A N/A,#N/A N/A
24-Aug,#N/A N/A,#N/A N/A,#N/A N/A
25-Aug,#N/A N/A,#N/A N/A,#N/A N/A
26-Aug,#N/A N/A,#N/A N/A,#N/A N/A
29-Aug,#N/A N/A,#N/A N/A,#N/A N/A
30-Aug,#N/A N/A,#N/A N/A,#N/A N/A
31-Aug,#N/A N/A,#N/A N/A,#N/A N/A
1-Sep,#N/A N/A,#N/A N/A,#N/A N/A
2-Sep,#N/A N/A,#N/A N/A,#N/A N/A
5-Sep,#N/A N/A,#N/A N/A,#N/A N/A
6-Sep,#N/A N/A,#N/A N/A,#N/A N/A
7-Sep,#N/A N/A,#N/A N/A,#N/A N/A
8-Sep,#N/A N/A,#N/A N/A,#N/A N/A
9-Sep,#N/A N/A,#N/A N/A,#N/A N/A
12-Sep,#N/A N/A,#N/A N/A,#N/A N/A
13-Sep,#N/A N/A,#N/A N/A,#N/A N/A
14-Sep,#N/A N/A,#N/A N/A,#N/A N/A
15-Sep,#N/A N/A,#N/A N/A,#N/A N/A
16-Sep,#N/A N/A,#N/A N/A,#N/A N/A
19-Sep,#N/A N/A,#N/A N/A,#N/A N/A
20-Sep,#N/A N/A,#N/A N/A,#N/A N/A
21-Sep,#N/A N/A,#N/A N/A,#N/A N/A
22-Sep,#N/A N/A,#N/A N/A,#N/A N/A
23-Sep,#N/A N/A,#N/A N/A,#N/A N/A
26-Sep,#N/A N/A,#N/A N/A,#N/A N/A
27-Sep,#N/A N/A,#N/A N/A,#N/A N/A
28-Sep,#N/A N/A,#N/A N/A,#N/A N/A
29-Sep,#N/A N/A,#N/A N/A,#N/A N/A
30-Sep,#N/A N/A,#N/A N/A,#N/A N/A
3-Oct,#N/A N/A,#N/A N/A,#N/A N/A
4-Oct,#N/A N/A,#N/A N/A,#N/A N/A
5-Oct,#N/A N/A,#N/A N/A,#N/A N/A
6-Oct,#N/A N/A,#N/A N/A,#N/A N/A
7-Oct,#N/A N/A,#N/A N/A,#N/A N/A
10-Oct,#N/A N/A,#N/A N/A,#N/A N/A
11-Oct,#N/A N/A,#N/A N/A,#N/A N/A
12-Oct,#N/A N/A,#N/A N/A,#N/A N/A
13-Oct,#N/A N/A,#N/A N/A,#N/A N/A
14-Oct,#N/A N/A,#N/A N/A,#N/A N/A
17-Oct,#N/A N/A,#N/A N/A,#N/A N/A
18-Oct,#N/A N/A,#N/A N/A,#N/A N/A
19-Oct,#N/A N/A,#N/A N/A,#N/A N/A
20-Oct,#N/A N/A,#N/A N/A,#N/A N/A
21-Oct,#N/A N/A,#N/A N/A,#N/A N/A
24-Oct,#N/A N/A,#N/A N/A,#N/A N/A
25-Oct,#N/A N/A,#N/A N/A,#N/A N/A
26-Oct,#N/A N/A,#N/A N/A,#N/A N/A
27-Oct,#N/A N/A,#N/A N/A,#N/A N/A
28-Oct,#N/A N/A,#N/A N/A,#N/A N/A
31-Oct,#N/A N/A,#N/A N/A,#N/A N/A
1-Nov,#N/A N/A,#N/A N/A,#N/A N/A
2-Nov,#N/A N/A,#N/A N/A,#N/A N/A
3-Nov,#N/A N/A,#N/A N/A,#N/A N/A
4-Nov,#N/A N/A,#N/A N/A,#N/A N/A
7-Nov,#N/A N/A,#N/A N/A,#N/A N/A
8-Nov,#N/A N/A,#N/A N/A,#N/A N/A
9-Nov,#N/A N/A,#N/A N/A,#N/A N/A
10-Nov,#N/A N/A,#N/A N/A,#N/A N/A
11-Nov,#N/A N/A,#N/A N/A,#N/A N/A
14-Nov,#N/A N/A,#N/A N/A,#N/A N/A
15-Nov,#N/A N/A,#N/A N/A,#N/A N/A
16-Nov,#N/A N/A,#N/A N/A,#N/A N/A
17-Nov,#N/A N/A,#N/A N/A,#N/A N/A
18-Nov,#N/A N/A,#N/A N/A,#N/A N/A
21-Nov,#N/A N/A,#N/A N/A,#N/A N/A
22-Nov,#N/A N/A,#N/A N/A,#N/A N/A
23-Nov,#N/A N/A,#N/A N/A,#N/A N/A
24-Nov,#N/A N/A,#N/A N/A,#N/A N/A
25-Nov,#N/A N/A,#N/A N/A,#N/A N/A
28-Nov,#N/A N/A,#N/A N/A,#N/A N/A
29-Nov,#N/A N/A,#N/A N/A,#N/A N/A
30-Nov,#N/A N/A,#N/A N/A,#N/A N/A
1-Dec,#N/A N/A,#N/A N/A,#N/A N/A
2-Dec,#N/A N/A,#N/A N/A,#N/A N/A
5-Dec,#N/A N/A,#N/A N/A,#N/A N/A
6-Dec,#N/A N/A,#N/A N/A,#N/A N/A
7-Dec,#N/A N/A,#N/A N/A,#N/A N/A
8-Dec,#N/A N/A,#N/A N/A,#N/A N/A
9-Dec,#N/A N/A,#N/A N/A,#N/A N/A
12-Dec,#N/A N/A,#N/A N/A,#N/A N/A
13-Dec,#N/A N/A,#N/A N/A,#N/A N/A
14-Dec,#N/A N/A,#N/A N/A,#N/A N/A
15-Dec,#N/A N/A,#N/A N/A,#N/A N/A
16-Dec,#N/A N/A,#N/A N/A,#N/A N/A
19-Dec,#N/A N/A,#N/A N/A,#N/A N/A
20-Dec,#N/A N/A,#N/A N/A,#N/A N/A
21-Dec,#N/A N/A,#N/A N/A,#N/A N/A
22-Dec,#N/A N/A,#N/A N/A,#N/A N/A
23-Dec,#N/A N/A,#N/A N/A,#N/A N/A
26-Dec,#N/A N/A,#N/A N/A,#N/A N/A
27-Dec,#N/A N/A,#N/A N/A,#N/A N/A
28-Dec,#N/A N/A,#N/A N/A,#N/A N/A
29-Dec,#N/A N/A,#N/A N/A,#N/A N/A
30-Dec,#N/A N/A,#N/A N/A,#N/A N/A
2-Jan,#N/A N/A,#N/A N/A,#N/A N/A
3-Jan,#N/A N/A,#N/A N/A,#N/A N/A
4-Jan,#N/A N/A,#N/A N/A,#N/A N/A
5-Jan,#N/A N/A,#N/A N/A,#N/A N/A
6-Jan,#N/A N/A,#N/A N/A,#N/A N/A
9-Jan,#N/A N/A,#N/A N/A,#N/A N/A
10-Jan,#N/A N/A,#N/A N/A,#N/A N/A
11-Jan,#N/A N/A,#N/A N/A,#N/A N/A
12-Jan,#N/A N/A,#N/A N/A,#N/A N/A
13-Jan,#N/A N/A,#N/A N/A,#N/A N/A
16-Jan,#N/A N/A,#N/A N/A,#N/A N/A
17-Jan,#N/A N/A,#N/A N/A,#N/A N/A
18-Jan,#N/A N/A,#N/A N/A,#N/A N/A
19-Jan,#N/A N/A,#N/A N/A,#N/A N/A
20-Jan,#N/A N/A,#N/A N/A,#N/A N/A
23-Jan,#N/A N/A,#N/A N/A,#N/A N/A
24-Jan,#N/A N/A,#N/A N/A,#N/A N/A
25-Jan,#N/A N/A,#N/A N/A,#N/A N/A
26-Jan,#N/A N/A,#N/A N/A,#N/A N/A
27-Jan,#N/A N/A,#N/A N/A,#N/A N/A
30-Jan,#N/A N/A,#N/A N/A,#N/A N/A
31-Jan,#N/A N/A,#N/A N/A,#N/A N/A
1-Feb,#N/A N/A,#N/A N/A,#N/A N/A
2-Feb,#N/A N/A,#N/A N/A,#N/A N/A
3-Feb,#N/A N/A,#N/A N/A,#N/A N/A
6-Feb,#N/A N/A,#N/A N/A,#N/A N/A
7-Feb,#N/A N/A,#N/A N/A,#N/A N/A
8-Feb,#N/A N/A,#N/A N/A,#N/A N/A
9-Feb,#N/A N/A,#N/A N/A,#N/A N/A
10-Feb,#N/A N/A,#N/A N/A,#N/A N/A
13-Feb,#N/A N/A,#N/A N/A,#N/A N/A
14-Feb,#N/A N/A,#N/A N/A,#N/A N/A
15-Feb,#N/A N/A,#N/A N/A,#N/A N/A
16-Feb,#N/A N/A,#N/A N/A,#N/A N/A
17-Feb,#N/A N/A,#N/A N/A,#N/A N/A
20-Feb,#N/A N/A,#N/A N/A,#N/A N/A
21-Feb,#N/A N/A,#N/A N/A,#N/A N/A
22-Feb,#N/A N/A,#N/A N/A,#N/A N/A
23-Feb,#N/A N/A,#N/A N/A,#N/A N/A
24-Feb,#N/A N/A,#N/A N/A,#N/A N/A
27-Feb,#N/A N/A,#N/A N/A,#N/A N/A
28-Feb,#N/A N/A,#N/A N/A,#N/A N/A
1-Mar,#N/A N/A,#N/A N/A,#N/A N/A
2-Mar,#N/A N/A,#N/A N/A,#N/A N/A
3-Mar,#N/A N/A,#N/A N/A,#N/A N/A
6-Mar,#N/A N/A,#N/A N/A,#N/A N/A
7-Mar,#N/A N/A,#N/A N/A,#N/A N/A
8-Mar,#N/A N/A,#N/A N/A,#N/A N/A
9-Mar,#N/A N/A,#N/A N/A,#N/A N/A
10-Mar,#N/A N/A,#N/A N/A,#N/A N/A
13-Mar,#N/A N/A,#N/A N/A,#N/A N/A
14-Mar,#N/A N/A,#N/A N/A,#N/A N/A
15-Mar,#N/A N/A,#N/A N/A,#N/A N/A
16-Mar,#N/A N/A,#N/A N/A,#N/A N/A
17-Mar,#N/A N/A,#N/A N/A,#N/A N/A
20-Mar,#N/A N/A,#N/A N/A,#N/A N/A
21-Mar,#N/A N/A,#N/A N/A,#N/A N/A
22-Mar,#N/A N/A,#N/A N/A,#N/A N/A
23-Mar,#N/A N/A,#N/A N/A,#N/A N/A
24-Mar,#N/A N/A,#N/A N/A,#N/A N/A
27-Mar,#N/A N/A,#N/A N/A,#N/A N/A
28-Mar,#N/A N/A,#N/A N/A,#N/A N/A
29-Mar,#N/A N/A,#N/A N/A,#N/A N/A
30-Mar,#N/A N/A,#N/A N/A,#N/A N/A
31-Mar,#N/A N/A,#N/A N/A,#N/A N/A
3-Apr,#N/A N/A,#N/A N/A,#N/A N/A
4-Apr,#N/A N/A,#N/A N/A,#N/A N/A
5-Apr,#N/A N/A,#N/A N/A,#N/A N/A
6-Apr,#N/A N/A,#N/A N/A,#N/A N/A
7-Apr,#N/A N/A,#N/A N/A,#N/A N/A
10-Apr,#N/A N/A,#N/A N/A,#N/A N/A
11-Apr,#N/A N/A,#N/A N/A,#N/A N/A
12-Apr,#N/A N/A,#N/A N/A,#N/A N/A
13-Apr,#N/A N/A,#N/A N/A,#N/A N/A
14-Apr,#N/A N/A,#N/A N/A,#N/A N/A
17-Apr,#N/A N/A,#N/A N/A,#N/A N/A
18-Apr,#N/A N/A,#N/A N/A,#N/A N/A
19-Apr,#N/A N/A,#N/A N/A,#N/A N/A
20-Apr,#N/A N/A,#N/A N/A,#N/A N/A
21-Apr,#N/A N/A,#N/A N/A,#N/A N/A
24-Apr,#N/A N/A,#N/A N/A,#N/A N/A
25-Apr,#N/A N/A,#N/A N/A,#N/A N/A
26-Apr,#N/A N/A,#N/A N/A,#N/A N/A
27-Apr,#N/A N/A,#N/A N/A,#N/A N/A
28-Apr,#N/A N/A,#N/A N/A,#N/A N/A
1-May,#N/A N/A,#N/A N/A,#N/A N/A
2-May,#N/A N/A,#N/A N/A,#N/A N/A
3-May,#N/A N/A,#N/A N/A,#N/A N/A
4-May,#N/A N/A,#N/A N/A,#N/A N/A
5-May,#N/A N/A,#N/A N/A,#N/A N/A
8-May,#N/A N/A,#N/A N/A,#N/A N/A
9-May,#N/A N/A,#N/A N/A,#N/A N/A
10-May,#N/A N/A,#N/A N/A,#N/A N/A
11-May,#N/A N/A,#N/A N/A,#N/A N/A
12-May,#N/A N/A,#N/A N/A,#N/A N/A
15-May,#N/A N/A,#N/A N/A,#N/A N/A
16-May,#N/A N/A,#N/A N/A,#N/A N/A
17-May,#N/A N/A,#N/A N/A,#N/A N/A
18-May,#N/A N/A,#N/A N/A,#N/A N/A
19-May,#N/A N/A,#N/A N/A,#N/A N/A
22-May,#N/A N/A,#N/A N/A,#N/A N/A
23-May,#N/A N/A,#N/A N/A,#N/A N/A
24-May,#N/A N/A,#N/A N/A,#N/A N/A
25-May,#N/A N/A,#N/A N/A,#N/A N/A
26-May,#N/A N/A,#N/A N/A,#N/A N/A
29-May,#N/A N/A,#N/A N/A,#N/A N/A
30-May,#N/A N/A,#N/A N/A,#N/A N/A
31-May,#N/A N/A,#N/A N/A,#N/A N/A
1-Jun,#N/A N/A,#N/A N/A,#N/A N/A
2-Jun,#N/A N/A,#N/A N/A,#N/A N/A
5-Jun,#N/A N/A,#N/A N/A,#N/A N/A
6-Jun,#N/A N/A,#N/A N/A,#N/A N/A
7-Jun,#N/A N/A,#N/A N/A,#N/A N/A
8-Jun,#N/A N/A,#N/A N/A,#N/A N/A
9-Jun,#N/A N/A,#N/A N/A,#N/A N/A
12-Jun,#N/A N/A,#N/A N/A,#N/A N/A
13-Jun,#N/A N/A,#N/A N/A,#N/A N/A
14-Jun,#N/A N/A,#N/A N/A,#N/A N/A
15-Jun,#N/A N/A,#N/A N/A,#N/A N/A
16-Jun,#N/A N/A,#N/A N/A,#N/A N/A
19-Jun,#N/A N/A,#N/A N/A,#N/A N/A
20-Jun,#N/A N/A,#N/A N/A,#N/A N/A
21-Jun,#N/A N/A,#N/A N/A,#N/A N/A
22-Jun,#N/A N/A,#N/A N/A,#N/A N/A
23-Jun,#N/A N/A,#N/A N/A,#N/A N/A
26-Jun,#N/A N/A,#N/A N/A,#N/A N/A
27-Jun,#N/A N/A,#N/A N/A,#N/A N/A
28-Jun,#N/A N/A,#N/A N/A,#N/A N/A
29-Jun,#N/A N/A,#N/A N/A,#N/A N/A
30-Jun,#N/A N/A,#N/A N/A,#N/A N/A
3-Jul,#N/A N/A,#N/A N/A,#N/A N/A
4-Jul,#N/A N/A,#N/A N/A,#N/A N/A
5-Jul,#N/A N/A,#N/A N/A,#N/A N/A
6-Jul,#N/A N/A,#N/A N/A,#N/A N/A
7-Jul,#N/A N/A,#N/A N/A,#N/A N/A
10-Jul,#N/A N/A,#N/A N/A,#N/A N/A
11-Jul,#N/A N/A,#N/A N/A,#N/A N/A
12-Jul,#N/A N/A,#N/A N/A,#N/A N/A
13-Jul,#N/A N/A,#N/A N/A,#N/A N/A
14-Jul,#N/A N/A,#N/A N/A,#N/A N/A
17-Jul,#N/A N/A,#N/A N/A,#N/A N/A
18-Jul,#N/A N/A,#N/A N/A,#N/A N/A
19-Jul,#N/A N/A,#N/A N/A,#N/A N/A
20-Jul,#N/A N/A,#N/A N/A,#N/A N/A
21-Jul,#N/A N/A,#N/A N/A,#N/A N/A
24-Jul,#N/A N/A,#N/A N/A,#N/A N/A
25-Jul,#N/A N/A,#N/A N/A,#N/A N/A
26-Jul,#N/A N/A,#N/A N/A,#N/A N/A
27-Jul,#N/A N/A,#N/A N/A,#N/A N/A
28-Jul,#N/A N/A,#N/A N/A,#N/A N/A
31-Jul,#N/A N/A,#N/A N/A,#N/A N/A
1-Aug,#N/A N/A,#N/A N/A,#N/A N/A
2-Aug,#N/A N/A,#N/A N/A,#N/A N/A
3-Aug,#N/A N/A,#N/A N/A,#N/A N/A
4-Aug,#N/A N/A,#N/A N/A,#N/A N/A
7-Aug,#N/A N/A,#N/A N/A,#N/A N/A
8-Aug,#N/A N/A,#N/A N/A,#N/A N/A
9-Aug,#N/A N/A,#N/A N/A,#N/A N/A
10-Aug,#N/A N/A,#N/A N/A,#N/A N/A
11-Aug,#N/A N/A,#N/A N/A,#N/A N/A
14-Aug,#N/A N/A,#N/A N/A,#N/A N/A
15-Aug,#N/A N/A,#N/A N/A,#N/A N/A
16-Aug,#N/A N/A,#N/A N/A,#N/A N/A
17-Aug,#N/A N/A,#N/A N/A,#N/A N/A
18-Aug,#N/A N/A,#N/A N/A,#N/A N/A
21-Aug,#N/A N/A,#N/A N/A,#N/A N/A
22-Aug,#N/A N/A,#N/A N/A,#N/A N/A
23-Aug,#N/A N/A,#N/A N/A,#N/A N/A
24-Aug,#N/A N/A,#N/A N/A,#N/A N/A
25-Aug,#N/A N/A,#N/A N/A,#N/A N/A
28-Aug,#N/A N/A,#N/A N/A,#N/A N/A
29-Aug,#N/A N/A,#N/A N/A,#N/A N/A
30-Aug,#N/A N/A,#N/A N/A,#N/A N/A
31-Aug,#N/A N/A,#N/A N/A,#N/A N/A
1-Sep,#N/A N/A,#N/A N/A,#N/A N/A
4-Sep,#N/A N/A,#N/A N/A,#N/A N/A
5-Sep,#N/A N/A,#N/A N/A,#N/A N/A
6-Sep,#N/A N/A,#N/A N/A,#N/A N/A
7-Sep,#N/A N/A,#N/A N/A,#N/A N/A
8-Sep,#N/A N/A,#N/A N/A,#N/A N/A
11-Sep,#N/A N/A,#N/A N/A,#N/A N/A
12-Sep,#N/A N/A,#N/A N/A,#N/A N/A
13-Sep,#N/A N/A,#N/A N/A,#N/A N/A
14-Sep,#N/A N/A,#N/A N/A,#N/A N/A
15-Sep,#N/A N/A,#N/A N/A,#N/A N/A
18-Sep,#N/A N/A,#N/A N/A,#N/A N/A
19-Sep,#N/A N/A,#N/A N/A,#N/A N/A
20-Sep,#N/A N/A,#N/A N/A,#N/A N/A
21-Sep,#N/A N/A,#N/A N/A,#N/A N/A
22-Sep,#N/A N/A,#N/A N/A,#N/A N/A
25-Sep,#N/A N/A,#N/A N/A,#N/A N/A
26-Sep,#N/A N/A,#N/A N/A,#N/A N/A
27-Sep,#N/A N/A,#N/A N/A,#N/A N/A
28-Sep,#N/A N/A,#N/A N/A,#N/A N/A
29-Sep,#N/A N/A,#N/A N/A,#N/A N/A
2-Oct,#N/A N/A,#N/A N/A,#N/A N/A
3-Oct,#N/A N/A,#N/A N/A,#N/A N/A
4-Oct,#N/A N/A,#N/A N/A,#N/A N/A
5-Oct,#N/A N/A,#N/A N/A,#N/A N/A
6-Oct,#N/A N/A,#N/A N/A,#N/A N/A
9-Oct,#N/A N/A,#N/A N/A,#N/A N/A
10-Oct,#N/A N/A,#N/A N/A,#N/A N/A
11-Oct,#N/A N/A,#N/A N/A,#N/A N/A
12-Oct,#N/A N/A,#N/A N/A,#N/A N/A
13-Oct,#N/A N/A,#N/A N/A,#N/A N/A
16-Oct,#N/A N/A,#N/A N/A,#N/A N/A
17-Oct,#N/A N/A,#N/A N/A,#N/A N/A
18-Oct,#N/A N/A,#N/A N/A,#N/A N/A
19-Oct,#N/A N/A,#N/A N/A,#N/A N/A
20-Oct,#N/A N/A,#N/A N/A,#N/A N/A
23-Oct,#N/A N/A,#N/A N/A,#N/A N/A
24-Oct,#N/A N/A,#N/A N/A,#N/A N/A
25-Oct,#N/A N/A,#N/A N/A,#N/A N/A
26-Oct,#N/A N/A,#N/A N/A,#N/A N/A
27-Oct,#N/A N/A,#N/A N/A,#N/A N/A
30-Oct,#N/A N/A,#N/A N/A,#N/A N/A
31-Oct,#N/A N/A,#N/A N/A,#N/A N/A
1-Nov,#N/A N/A,#N/A N/A,#N/A N/A
2-Nov,#N/A N/A,#N/A N/A,#N/A N/A
3-Nov,#N/A N/A,#N/A N/A,#N/A N/A
6-Nov,#N/A N/A,#N/A N/A,#N/A N/A
7-Nov,#N/A N/A,#N/A N/A,#N/A N/A
8-Nov,#N/A N/A,#N/A N/A,#N/A N/A
9-Nov,#N/A N/A,#N/A N/A,#N/A N/A
10-Nov,#N/A N/A,#N/A N/A,#N/A N/A
13-Nov,#N/A N/A,#N/A N/A,#N/A N/A
14-Nov,#N/A N/A,#N/A N/A,#N/A N/A
15-Nov,#N/A N/A,#N/A N/A,#N/A N/A
16-Nov,#N/A N/A,#N/A N/A,#N/A N/A
17-Nov,#N/A N/A,#N/A N/A,#N/A N/A
20-Nov,#N/A N/A,#N/A N/A,#N/A N/A
21-Nov,#N/A N/A,#N/A N/A,#N/A N/A
22-Nov,#N/A N/A,#N/A N/A,#N/A N/A
23-Nov,#N/A N/A,#N/A N/A,#N/A N/A
24-Nov,#N/A N/A,#N/A N/A,#N/A N/A
27-Nov,#N/A N/A,#N/A N/A,#N/A N/A
28-Nov,#N/A N/A,#N/A N/A,#N/A N/A
29-Nov,#N/A N/A,#N/A N/A,#N/A N/A
30-Nov,#N/A N/A,#N/A N/A,#N/A N/A
1-Dec,#N/A N/A,#N/A N/A,#N/A N/A
4-Dec,#N/A N/A,#N/A N/A,#N/A N/A
5-Dec,#N/A N/A,#N/A N/A,#N/A N/A
6-Dec,#N/A N/A,#N/A N/A,#N/A N/A
7-Dec,#N/A N/A,#N/A N/A,#N/A N/A
8-Dec,#N/A N/A,#N/A N/A,#N/A N/A
11-Dec,#N/A N/A,#N/A N/A,#N/A N/A
12-Dec,#N/A N/A,#N/A N/A,#N/A N/A
13-Dec,#N/A N/A,#N/A N/A,#N/A N/A
14-Dec,#N/A N/A,#N/A N/A,#N/A N/A
15-Dec,#N/A N/A,#N/A N/A,#N/A N/A
18-Dec,#N/A N/A,#N/A N/A,#N/A N/A
19-Dec,#N/A N/A,#N/A N/A,#N/A N/A
20-Dec,#N/A N/A,#N/A N/A,#N/A N/A
21-Dec,#N/A N/A,#N/A N/A,#N/A N/A
22-Dec,#N/A N/A,#N/A N/A,#N/A N/A
25-Dec,#N/A N/A,#N/A N/A,#N/A N/A
26-Dec,#N/A N/A,#N/A N/A,#N/A N/A
27-Dec,#N/A N/A,#N/A N/A,#N/A N/A
28-Dec,#N/A N/A,#N/A N/A,#N/A N/A
29-Dec,#N/A N/A,#N/A N/A,#N/A N/A
1-Jan,#N/A N/A,#N/A N/A,#N/A N/A
2-Jan,#N/A N/A,#N/A N/A,#N/A N/A
3-Jan,#N/A N/A,#N/A N/A,#N/A N/A
4-Jan,#N/A N/A,#N/A N/A,#N/A N/A
5-Jan,#N/A N/A,#N/A N/A,#N/A N/A
8-Jan,#N/A N/A,#N/A N/A,#N/A N/A
9-Jan,#N/A N/A,#N/A N/A,#N/A N/A
10-Jan,#N/A N/A,#N/A N/A,#N/A N/A
11-Jan,#N/A N/A,#N/A N/A,#N/A N/A
12-Jan,#N/A N/A,#N/A N/A,#N/A N/A
15-Jan,#N/A N/A,#N/A N/A,#N/A N/A
16-Jan,#N/A N/A,#N/A N/A,#N/A N/A
17-Jan,#N/A N/A,#N/A N/A,#N/A N/A
18-Jan,#N/A N/A,#N/A N/A,#N/A N/A
19-Jan,#N/A N/A,#N/A N/A,#N/A N/A
22-Jan,#N/A N/A,#N/A N/A,#N/A N/A
23-Jan,#N/A N/A,#N/A N/A,#N/A N/A
24-Jan,#N/A N/A,#N/A N/A,#N/A N/A
25-Jan,#N/A N/A,#N/A N/A,#N/A N/A
26-Jan,#N/A N/A,#N/A N/A,#N/A N/A
29-Jan,#N/A N/A,#N/A N/A,#N/A N/A
30-Jan,#N/A N/A,#N/A N/A,#N/A N/A
31-Jan,#N/A N/A,#N/A N/A,#N/A N/A
1-Feb,#N/A N/A,#N/A N/A,#N/A N/A
2-Feb,#N/A N/A,#N/A N/A,#N/A N/A
5-Feb,#N/A N/A,#N/A N/A,#N/A N/A
6-Feb,#N/A N/A,#N/A N/A,#N/A N/A
7-Feb,#N/A N/A,#N/A N/A,#N/A N/A
8-Feb,#N/A N/A,#N/A N/A,#N/A N/A
9-Feb,#N/A N/A,#N/A N/A,#N/A N/A
12-Feb,#N/A N/A,#N/A N/A,#N/A N/A
13-Feb,#N/A N/A,#N/A N/A,#N/A N/A
14-Feb,#N/A N/A,#N/A N/A,#N/A N/A
15-Feb,#N/A N/A,#N/A N/A,#N/A N/A
16-Feb,#N/A N/A,#N/A N/A,#N/A N/A
19-Feb,#N/A N/A,#N/A N/A,#N/A N/A
20-Feb,#N/A N/A,#N/A N/A,#N/A N/A
21-Feb,#N/A N/A,#N/A N/A,#N/A N/A
22-Feb,#N/A N/A,#N/A N/A,#N/A N/A
23-Feb,#N/A N/A,#N/A N/A,#N/A N/A
26-Feb,#N/A N/A,#N/A N/A,#N/A N/A
27-Feb,#N/A N/A,#N/A N/A,#N/A N/A
28-Feb,#N/A N/A,#N/A N/A,#N/A N/A
1-Mar,#N/A N/A,#N/A N/A,#N/A N/A
2-Mar,3.939,3.991,4.184
5-Mar,3.933,3.968,4.158
6-Mar,3.964,3.98,4.155
7-Mar,3.978,3.987,4.158
8-Mar,3.994,4,4.168
9-Mar,4.018,4.031,4.195
12-Mar,4.004,4.006,4.17
13-Mar,3.991,3.994,4.152
14-Mar,3.964,3.968,4.135
15-Mar,3.993,4.004,4.165
16-Mar,3.999,4.01,4.161
19-Mar,4.03,4.037,4.185
20-Mar,4.02,4.016,4.168
21-Mar,4.027,4.027,4.188
22-Mar,4.026,4.031,4.211
23-Mar,4.048,4.078,4.26
26-Mar,4.054,4.077,4.256
27-Mar,4.073,4.101,4.274
28-Mar,4.073,4.104,4.28
29-Mar,4.097,4.129,4.301
30-Mar,4.11,4.141,4.306
2-Apr,4.134,4.158,4.317
3-Apr,4.139,4.169,4.337
4-Apr,4.117,4.14,4.303
5-Apr,4.128,4.16,4.322
6-Apr,4.131,4.158,4.322
9-Apr,4.132,4.157,4.323
10-Apr,4.159,4.194,4.353
11-Apr,4.175,4.208,4.37
12-Apr,4.195,4.24,4.409
13-Apr,4.223,4.285,4.47
16-Apr,4.218,4.268,4.453
17-Apr,4.206,4.247,4.426
18-Apr,4.198,4.228,4.4
19-Apr,4.217,4.264,4.443
20-Apr,4.221,4.271,4.448
23-Apr,4.211,4.252,4.426
24-Apr,4.206,4.239,4.413
25-Apr,4.217,4.258,4.429
26-Apr,4.248,4.293,4.467
27-Apr,4.255,4.295,4.46
30-Apr,4.217,4.236,4.396
1-May,4.215,4.24,4.393
2-May,4.26,4.306,4.448
3-May,4.271,4.316,4.463
4-May,4.25,4.282,4.428
7-May,4.266,4.3,4.44
8-May,4.251,4.277,4.422
9-May,4.255,4.291,4.435
10-May,4.257,4.295,4.44
11-May,4.257,4.298,4.441
14-May,4.295,4.345,4.495
15-May,4.332,4.38,4.529
16-May,4.356,4.384,4.53
17-May,4.372,4.397,4.538
18-May,4.368,4.395,4.54
21-May,4.375,4.409,4.552
22-May,4.394,4.427,4.565
23-May,4.424,4.464,4.595
24-May,4.406,4.451,4.585
25-May,4.432,4.478,4.599
28-May,4.442,4.489,4.607
29-May,4.456,4.497,4.614
30-May,4.46,4.496,4.611
31-May,4.484,4.521,4.631
1-Jun,4.519,4.56,4.666
4-Jun,4.515,4.55,4.66
5-Jun,4.526,4.576,4.697
6-Jun,4.487,4.53,4.661
7-Jun,4.527,4.605,4.745
8-Jun,4.523,4.622,4.772
11-Jun,4.522,4.625,4.769
12-Jun,4.553,4.668,4.812
13-Jun,4.573,4.705,4.857
14-Jun,4.561,4.703,4.863
15-Jun,4.564,4.713,4.883
18-Jun,4.554,4.716,4.89
19-Jun,4.519,4.668,4.84
20-Jun,4.553,4.714,4.86
21-Jun,4.544,4.713,4.867
22-Jun,4.532,4.709,4.877
25-Jun,4.51,4.678,4.842
26-Jun,4.507,4.659,4.825
27-Jun,4.493,4.616,4.775
28-Jun,4.529,4.643,4.793
29-Jun,4.552,4.66,4.813
2-Jul,4.52,4.608,4.754
3-Jul,4.544,4.644,4.798
4-Jul,4.574,4.679,4.834
5-Jul,4.607,4.722,4.879
6-Jul,4.626,4.755,4.915
9-Jul,4.617,4.743,4.908
10-Jul,4.57,4.668,4.836
11-Jul,4.579,4.677,4.844
12-Jul,4.606,4.724,4.888
13-Jul,4.618,4.739,4.881
16-Jul,4.597,4.698,4.852
17-Jul,4.619,4.726,4.87
18-Jul,4.595,4.678,4.818
19-Jul,4.609,4.685,4.817
20-Jul,4.55,4.579,4.712
23-Jul,4.549,4.592,4.716
24-Jul,4.535,4.573,4.709
25-Jul,4.513,4.549,4.687
26-Jul,4.444,4.483,4.642
27-Jul,4.435,4.502,4.655
30-Jul,4.422,4.511,4.659
31-Jul,4.46,4.528,4.674
1-Aug,4.457,4.517,4.667
2-Aug,4.489,4.549,4.675
3-Aug,4.449,4.491,4.626
6-Aug,4.433,4.491,4.635
7-Aug,4.46,4.513,4.651
8-Aug,4.525,4.584,4.712
9-Aug,4.451,4.529,4.682
10-Aug,4.367,4.474,4.65
13-Aug,4.384,4.484,4.66
14-Aug,4.367,4.463,4.643
15-Aug,4.314,4.427,4.637
16-Aug,4.155,4.304,4.561
17-Aug,4.121,4.319,4.598
20-Aug,4.093,4.304,4.595
21-Aug,4.043,4.247,4.555
22-Aug,4.193,4.357,4.61
23-Aug,4.201,4.338,4.583
24-Aug,4.197,4.348,4.577
27-Aug,4.188,4.33,4.584
28-Aug,4.154,4.308,4.553
29-Aug,4.173,4.312,4.563
30-Aug,4.177,4.326,4.567
31-Aug,4.219,4.358,4.568
3-Sep,4.253,4.372,4.58
4-Sep,4.25,4.387,4.594
5-Sep,4.213,4.314,4.536
6-Sep,4.221,4.317,4.55
7-Sep,4.143,4.222,4.473
10-Sep,4.132,4.188,4.43
11-Sep,4.162,4.22,4.443
12-Sep,4.192,4.247,4.467
13-Sep,4.221,4.31,4.499
14-Sep,4.197,4.306,4.505
17-Sep,4.196,4.288,4.482
18-Sep,4.252,4.368,4.54
19-Sep,4.243,4.377,4.578
20-Sep,4.262,4.417,4.631
21-Sep,4.252,4.41,4.644
24-Sep,4.257,4.414,4.654
25-Sep,4.236,4.381,4.623
26-Sep,4.29,4.442,4.683
27-Sep,4.3,4.423,4.674
28-Sep,4.24,4.366,4.628
1-Oct,4.208,4.349,4.625
2-Oct,4.203,4.343,4.607
3-Oct,4.207,4.365,4.617
4-Oct,4.156,4.3,4.568
5-Oct,4.185,4.364,4.62
8-Oct,4.209,4.362,4.621
9-Oct,4.21,4.339,4.591
10-Oct,4.247,4.379,4.621
11-Oct,4.271,4.426,4.65
12-Oct,4.335,4.472,4.68
15-Oct,4.362,4.48,4.69
16-Oct,4.319,4.475,4.7
17-Oct,4.289,4.44,4.666
18-Oct,4.216,4.361,4.61
19-Oct,4.149,4.27,4.514
22-Oct,4.13,4.251,4.476
23-Oct,4.136,4.257,4.482
24-Oct,4.075,4.198,4.432
25-Oct,4.082,4.203,4.452
26-Oct,4.111,4.23,4.475
29-Oct,4.118,4.227,4.474
30-Oct,4.147,4.243,4.494
31-Oct,4.242,4.324,4.542
1-Nov,4.198,4.27,4.518
2-Nov,4.162,4.229,4.487
5-Nov,4.165,4.221,4.485
6-Nov,4.191,4.239,4.491
7-Nov,4.164,4.191,4.463
8-Nov,4.118,4.162,4.444
9-Nov,4.074,4.117,4.406
12-Nov,4.093,4.132,4.417
13-Nov,4.117,4.169,4.429
14-Nov,4.146,4.197,4.449
15-Nov,4.115,4.142,4.427
16-Nov,4.075,4.137,4.424
19-Nov,4.013,4.061,4.381
20-Nov,4.042,4.102,4.405
21-Nov,3.993,4.058,4.381
22-Nov,4.015,4.083,4.383
23-Nov,4.034,4.107,4.387
26-Nov,4.037,4.108,4.38
27-Nov,4.04,4.137,4.388
28-Nov,4.088,4.206,4.459
29-Nov,4.039,4.159,4.422
30-Nov,4.087,4.209,4.463
3-Dec,4.046,4.137,4.409
4-Dec,4.047,4.105,4.365
5-Dec,4.046,4.112,4.372
6-Dec,4.076,4.147,4.405
7-Dec,4.16,4.253,4.505
10-Dec,4.207,4.312,4.557
11-Dec,4.196,4.29,4.533
12-Dec,4.252,4.365,4.597
13-Dec,4.26,4.354,4.59
14-Dec,4.286,4.379,4.62
17-Dec,4.256,4.358,4.604
18-Dec,4.249,4.338,4.598
19-Dec,4.239,4.321,4.601
20-Dec,4.219,4.294,4.565
21-Dec,4.239,4.342,4.626
24-Dec,4.244,4.34,4.624
25-Dec,4.25,4.337,4.617
26-Dec,4.255,4.343,4.625
27-Dec,4.26,4.382,4.667
28-Dec,4.236,4.335,4.635
31-Dec,4.232,4.331,4.629
1-Jan,4.231,4.328,4.623
2-Jan,4.147,4.167,4.514
3-Jan,4.123,4.161,4.505
4-Jan,4.098,4.114,4.454
7-Jan,4.108,4.133,4.463
8-Jan,4.127,4.161,4.489
9-Jan,4.084,4.111,4.44
10-Jan,4.094,4.122,4.453
11-Jan,4.067,4.088,4.453
14-Jan,4,4.034,4.409
15-Jan,3.972,3.996,4.382
16-Jan,3.887,3.926,4.338
17-Jan,3.864,3.89,4.323
18-Jan,3.842,3.868,4.318
21-Jan,3.745,3.787,4.272
22-Jan,3.707,3.858,4.361
23-Jan,3.584,3.736,4.264
24-Jan,3.777,3.919,4.374
25-Jan,3.781,3.924,4.364
28-Jan,3.77,3.855,4.318
29-Jan,3.805,3.89,4.365
30-Jan,3.796,3.919,4.389
31-Jan,3.719,3.824,4.303
1-Feb,3.725,3.809,4.279
4-Feb,3.757,3.817,4.288
5-Feb,3.656,3.688,4.215
6-Feb,3.667,3.713,4.265
7-Feb,3.531,3.606,4.246
8-Feb,3.481,3.6,4.222
11-Feb,3.496,3.603,4.239
12-Feb,3.414,3.696,4.33
13-Feb,3.412,3.697,4.339
14-Feb,3.471,3.764,4.382
15-Feb,3.412,3.711,4.347
18-Feb,3.501,3.796,4.393
19-Feb,3.479,3.775,4.375
20-Feb,3.547,3.836,4.414
21-Feb,3.623,3.89,4.416
22-Feb,3.595,3.871,4.421
25-Feb,3.6,3.894,4.491
26-Feb,3.641,3.946,4.517
27-Feb,3.622,3.92,4.525
28-Feb,3.507,3.824,4.433
29-Feb,3.419,3.722,4.335
3-Mar,3.468,3.756,4.332
4-Mar,3.471,3.749,4.325
5-Mar,3.565,3.862,4.428
6-Mar,3.631,3.909,4.439
7-Mar,3.639,3.942,4.457
10-Mar,3.528,3.836,4.407
11-Mar,3.653,3.91,4.424
12-Mar,3.664,3.916,4.411
13-Mar,3.657,3.95,4.441
14-Mar,3.599,3.902,4.412
17-Mar,3.496,3.867,4.403
18-Mar,3.643,3.945,4.426
19-Mar,3.734,3.979,4.372
20-Mar,3.793,4.016,4.355
21-Mar,3.791,4.009,4.358
24-Mar,3.789,4.008,4.359
25-Mar,3.971,4.155,4.465
26-Mar,3.934,4.142,4.481
27-Mar,3.885,4.109,4.502
28-Mar,3.897,4.121,4.504
31-Mar,3.85,4.067,4.459
1-Apr,3.918,4.134,4.481
2-Apr,3.97,4.152,4.476
3-Apr,3.911,4.118,4.491
4-Apr,3.902,4.098,4.438
7-Apr,3.964,4.15,4.486
8-Apr,3.934,4.144,4.522
9-Apr,3.894,4.119,4.515
10-Apr,3.855,4.101,4.507
11-Apr,3.792,4.029,4.435
14-Apr,3.801,4.042,4.445
15-Apr,3.873,4.13,4.509
16-Apr,3.958,4.206,4.577
17-Apr,4.042,4.287,4.604
18-Apr,4.176,4.367,4.644
21-Apr,4.104,4.292,4.627
22-Apr,4.215,4.377,4.668
23-Apr,4.177,4.342,4.659
24-Apr,4.202,4.358,4.692
25-Apr,4.189,4.344,4.672
28-Apr,4.166,4.342,4.686
29-Apr,4.086,4.261,4.628
30-Apr,4.074,4.224,4.591
1-May,4.081,4.218,4.579
2-May,4.111,4.283,4.649
5-May,4.115,4.259,4.619
6-May,4.05,4.213,4.6
7-May,4.062,4.222,4.62
8-May,4.032,4.149,4.531
9-May,4.013,4.126,4.589
12-May,4.076,4.185,4.603
13-May,4.168,4.27,4.658
14-May,4.249,4.351,4.725
15-May,4.321,4.408,4.778
16-May,4.3,4.377,4.729
19-May,4.347,4.417,4.778
20-May,4.326,4.389,4.758
21-May,4.406,4.472,4.818
22-May,4.472,4.512,4.844
23-May,4.488,4.524,4.835
26-May,4.489,4.539,4.855
27-May,4.483,4.55,4.871
28-May,4.485,4.581,4.906
29-May,4.592,4.684,4.994
30-May,4.579,4.671,4.969
2-Jun,4.528,4.613,4.924
3-Jun,4.572,4.701,4.99
4-Jun,4.547,4.647,4.951
5-Jun,4.802,4.846,5.023
6-Jun,4.868,4.899,5.01
9-Jun,4.978,5.071,5.128
10-Jun,4.925,5.087,5.184
11-Jun,4.851,5.048,5.206
12-Jun,4.881,5.096,5.255
13-Jun,4.946,5.165,5.31
16-Jun,5.015,5.233,5.314
17-Jun,4.949,5.178,5.282
18-Jun,4.934,5.148,5.27
19-Jun,5.012,5.223,5.319
20-Jun,4.922,5.139,5.276
23-Jun,4.887,5.103,5.257
24-Jun,4.881,5.084,5.272
25-Jun,4.922,5.093,5.27
26-Jun,4.845,4.997,5.189
27-Jun,4.832,4.988,5.206
30-Jun,4.976,5.14,5.284
1-Jul,4.957,5.119,5.272
2-Jul,5.011,5.163,5.301
3-Jul,4.846,5.008,5.201
4-Jul,4.804,4.949,5.154
7-Jul,4.765,4.885,5.083
8-Jul,4.771,4.899,5.077
9-Jul,4.805,4.923,5.067
10-Jul,4.784,4.9,5.057
11-Jul,4.797,4.924,5.065
14-Jul,4.762,4.888,5.047
15-Jul,4.696,4.849,5.046
16-Jul,4.725,4.884,5.063
17-Jul,4.772,4.921,5.113
18-Jul,4.894,5.053,5.22
21-Jul,4.992,5.111,5.265
22-Jul,4.945,5.088,5.262
23-Jul,4.936,5.096,5.274
24-Jul,4.792,4.959,5.19
25-Jul,4.77,4.961,5.222
28-Jul,4.721,4.891,5.137
29-Jul,4.7,4.86,5.112
30-Jul,4.674,4.813,5.06
31-Jul,4.62,4.74,5
1-Aug,4.613,4.739,4.998
4-Aug,4.6,4.729,4.986
5-Aug,4.598,4.715,4.961
6-Aug,4.575,4.717,4.963
7-Aug,4.429,4.559,4.883
8-Aug,4.409,4.54,4.877
11-Aug,4.431,4.573,4.892
12-Aug,4.394,4.519,4.866
13-Aug,4.356,4.484,4.859
14-Aug,4.371,4.496,4.863
15-Aug,4.343,4.471,4.832
18-Aug,4.336,4.45,4.813
19-Aug,4.337,4.528,4.851
20-Aug,4.36,4.524,4.805
21-Aug,4.442,4.598,4.849
22-Aug,4.489,4.668,4.894
25-Aug,4.407,4.557,4.826
26-Aug,4.354,4.546,4.823
27-Aug,4.439,4.637,4.888
28-Aug,4.507,4.694,4.877
29-Aug,4.466,4.69,4.882
1-Sep,4.39,4.604,4.833
2-Sep,4.42,4.619,4.839
3-Sep,4.425,4.602,4.836
4-Sep,4.377,4.537,4.776
5-Sep,4.306,4.477,4.746
8-Sep,4.363,4.561,4.822
9-Sep,4.333,4.567,4.805
10-Sep,4.311,4.584,4.814
11-Sep,4.32,4.607,4.826
12-Sep,4.373,4.668,4.907
15-Sep,4.195,4.527,4.847
16-Sep,4.16,4.532,4.818
17-Sep,4.195,4.549,4.856
18-Sep,4.241,4.649,4.911
19-Sep,4.422,4.859,5.007
22-Sep,4.457,4.854,5.006
23-Sep,4.401,4.827,4.999
24-Sep,4.289,4.744,4.93
25-Sep,4.345,4.796,4.971
26-Sep,4.207,4.707,4.928
29-Sep,4.015,4.598,4.908
30-Sep,4.073,4.657,4.951
1-Oct,4.007,4.61,4.888
2-Oct,3.868,4.506,4.829
3-Oct,3.786,4.474,4.791
6-Oct,3.602,4.291,4.645
7-Oct,3.673,4.366,4.661
8-Oct,3.574,4.369,4.747
9-Oct,3.632,4.47,4.847
10-Oct,3.611,4.541,4.988
13-Oct,3.704,4.642,5.009
14-Oct,3.76,4.625,4.977
15-Oct,3.693,4.55,4.959
16-Oct,3.511,4.4,4.923
17-Oct,3.51,4.447,4.896
20-Oct,3.508,4.386,4.903
21-Oct,3.448,4.348,4.861
22-Oct,3.355,4.281,4.813
23-Oct,3.408,4.374,4.862
24-Oct,3.359,4.333,4.906
27-Oct,3.373,4.376,4.959
28-Oct,3.398,4.382,4.973
29-Oct,3.683,4.664,5.277
30-Oct,3.676,4.718,5.349
31-Oct,3.833,4.888,5.512
3-Nov,3.838,4.887,5.477
4-Nov,3.766,4.81,5.35
5-Nov,3.747,4.783,5.271
6-Nov,3.665,4.685,5.214
7-Nov,3.64,4.66,5.082
10-Nov,3.579,4.572,5.051
11-Nov,3.5,4.594,5.064
12-Nov,3.406,4.64,5.097
13-Nov,3.423,4.684,5.151
14-Nov,3.386,4.586,5.058
17-Nov,3.402,4.648,5.128
18-Nov,3.419,4.671,5.073
19-Nov,3.423,4.616,4.98
20-Nov,3.974,4.39,4.863
21-Nov,4.069,4.474,4.894
24-Nov,4.103,4.538,4.918
25-Nov,4.098,4.52,4.898
26-Nov,4.013,4.411,4.863
27-Nov,4.046,4.396,4.905
28-Nov,4,4.352,4.839
1-Dec,3.951,4.291,4.826
2-Dec,3.938,4.246,4.691
3-Dec,3.911,4.26,4.667
4-Dec,4.012,4.384,4.766
5-Dec,3.928,4.365,4.714
8-Dec,4.164,4.584,4.846
9-Dec,4.123,4.638,4.912
10-Dec,4.084,4.66,4.905
11-Dec,4.274,4.929,5.126
12-Dec,4.552,5.233,5.362
15-Dec,4.5,5.236,5.403
16-Dec,4.447,5.213,5.327
17-Dec,4.362,5.104,5.226
18-Dec,4.34,5.086,5.256
19-Dec,4.33,5.088,5.261
22-Dec,4.324,5.05,5.244
23-Dec,4.296,4.971,5.225
24-Dec,4.298,4.994,5.207
25-Dec,4.32,4.96,5.207
26-Dec,4.323,4.962,5.212
29-Dec,4.242,4.947,5.198
30-Dec,4.193,4.952,5.227
31-Dec,4.156,4.961,5.225
1-Jan,4.158,4.956,5.225
2-Jan,4.101,4.914,5.188
5-Jan,3.979,4.847,5.16
6-Jan,4.015,4.94,5.303
7-Jan,3.869,4.841,5.308
8-Jan,3.77,4.761,5.248
9-Jan,3.791,4.797,5.273
12-Jan,3.844,4.888,5.332
13-Jan,3.858,4.966,5.382
14-Jan,3.869,4.97,5.38
15-Jan,3.874,5.076,5.428
16-Jan,3.822,5.178,5.449
19-Jan,3.893,5.276,5.513
20-Jan,4.042,5.441,5.703
21-Jan,4.054,5.455,5.783
22-Jan,4.053,5.632,6.022
23-Jan,4.036,5.732,6.205
26-Jan,4.111,5.805,6.179
27-Jan,4.065,5.643,6.027
28-Jan,3.858,5.397,5.894
29-Jan,3.582,5.17,5.731
30-Jan,3.476,5.223,5.815
2-Feb,3.459,5.223,5.798
3-Feb,3.462,5.235,5.783
4-Feb,3.328,5.115,5.689
5-Feb,3.288,5.09,5.702
6-Feb,3.275,5.089,5.706
9-Feb,3.287,5.018,5.628
10-Feb,3.297,5.024,5.633
11-Feb,3.265,4.965,5.663
12-Feb,3.244,5.014,5.725
13-Feb,3.34,5.141,5.853
16-Feb,3.342,5.146,5.951
17-Feb,3.355,5.155,5.965
18-Feb,3.35,5.114,5.906
19-Feb,3.329,5.037,5.76
20-Feb,3.228,4.903,5.519
23-Feb,3.167,4.791,5.41
24-Feb,3.242,4.868,5.471
25-Feb,3.207,4.832,5.452
26-Feb,3.289,4.972,5.583
27-Feb,3.311,4.992,5.678
2-Mar,3.209,4.926,5.617
3-Mar,3.209,4.915,5.718
4-Mar,3.234,4.971,5.829
5-Mar,3.277,4.942,5.741
6-Mar,3.325,4.968,5.731
9-Mar,3.418,5.037,5.694
10-Mar,3.411,5.062,5.751
11-Mar,3.393,5.117,5.76
12-Mar,3.337,5.033,5.76
13-Mar,3.301,5.056,5.76
16-Mar,3.279,5.088,5.76
17-Mar,3.275,5.078,6.004
18-Mar,3.248,5.185,5.974
19-Mar,3.184,5.002,5.804
20-Mar,2.984,4.714,5.633
23-Mar,2.988,4.723,5.636
24-Mar,3.042,4.829,5.751
25-Mar,3.037,4.765,5.639
26-Mar,3.051,4.748,5.649
27-Mar,2.957,4.759,5.654
30-Mar,2.953,4.882,5.744
31-Mar,2.932,4.92,5.74
1-Apr,2.917,4.862,5.706
2-Apr,3.05,4.919,5.762
3-Apr,3.071,4.869,5.708
6-Apr,3.022,4.815,5.632
7-Apr,3.004,4.829,5.655
8-Apr,2.928,4.789,5.602
9-Apr,2.865,4.777,5.561
10-Apr,2.874,4.777,5.552
13-Apr,2.879,4.779,5.551
14-Apr,2.859,4.737,5.517
15-Apr,2.758,4.701,5.469
16-Apr,2.723,4.682,5.448
17-Apr,2.786,4.732,5.487
20-Apr,2.648,4.618,5.378
21-Apr,2.681,4.693,5.463
22-Apr,2.693,4.685,5.42
23-Apr,2.66,4.649,5.332
24-Apr,2.616,4.601,5.312
27-Apr,2.63,4.598,5.306
28-Apr,2.61,4.571,5.294
29-Apr,2.592,4.539,5.317
30-Apr,2.544,4.526,5.318
1-May,2.534,4.514,5.316
4-May,2.57,4.547,5.333
5-May,2.41,4.419,5.223
6-May,2.385,4.299,5.225
7-May,2.219,4.168,5.12
8-May,2.096,4.06,5.072
11-May,2.138,4.038,5.078
12-May,2.175,4.116,5.202
13-May,2.188,4.109,5.21
14-May,2.164,4.157,5.233
15-May,2.117,4.053,5.16
18-May,2.089,4.031,5.143
19-May,2.133,4.035,5.138
20-May,2.148,4.015,5.111
21-May,2.127,4.024,5.135
22-May,2.141,4.027,5.229
25-May,2.218,4.104,5.272
26-May,2.226,4.138,5.333
27-May,2.21,4.159,5.36
28-May,2.182,4.228,5.485
29-May,2.141,4.226,5.446
1-Jun,2.137,4.243,5.504
2-Jun,2.133,4.253,5.489
3-Jun,2.11,4.222,5.446
4-Jun,2.209,4.395,5.566
5-Jun,2.327,4.504,5.584
8-Jun,2.374,4.492,5.533
9-Jun,2.322,4.48,5.526
10-Jun,2.277,4.449,5.527
11-Jun,2.249,4.431,5.471
12-Jun,2.212,4.361,5.353
15-Jun,2.158,4.28,5.234
16-Jun,2.151,4.282,5.246
17-Jun,2.1,4.248,5.244
18-Jun,2.141,4.278,5.309
19-Jun,2.019,4.166,5.252
22-Jun,1.999,4.141,5.27
23-Jun,2.006,4.139,5.325
24-Jun,1.884,4.021,5.251
25-Jun,1.825,3.883,5.188
26-Jun,1.808,3.848,5.148
29-Jun,1.856,3.739,5.049
30-Jun,1.854,3.69,5.041
1-Jul,1.822,3.676,5.041
2-Jul,1.689,3.604,4.93
3-Jul,1.704,3.602,4.934
6-Jul,1.692,3.58,4.878
7-Jul,1.7,3.633,4.914
8-Jul,1.711,3.737,5.007
9-Jul,1.743,3.747,4.998
10-Jul,1.723,3.734,5.002
13-Jul,1.729,3.747,5.008
14-Jul,1.761,3.741,5.014
15-Jul,1.777,3.733,4.993
16-Jul,1.681,3.646,4.924
17-Jul,1.711,3.661,4.949
20-Jul,1.726,3.587,4.846
21-Jul,1.662,3.521,4.772
22-Jul,1.666,3.543,4.778
23-Jul,1.663,3.547,4.784
24-Jul,1.65,3.591,4.862
27-Jul,1.693,3.563,4.846
28-Jul,1.639,3.461,4.735
29-Jul,1.65,3.435,4.666
30-Jul,1.645,3.409,4.621
31-Jul,1.589,3.331,4.52
3-Aug,1.657,3.382,4.543
4-Aug,1.699,3.422,4.545
5-Aug,1.739,3.445,4.505
6-Aug,1.757,3.492,4.521
7-Aug,1.871,3.602,4.612
10-Aug,1.861,3.52,4.562
11-Aug,1.784,3.465,4.564
12-Aug,1.764,3.489,4.589
13-Aug,1.7,3.451,4.587
14-Aug,1.664,3.395,4.524
17-Aug,1.674,3.416,4.546
18-Aug,1.67,3.401,4.532
19-Aug,1.651,3.369,4.55
20-Aug,1.618,3.335,4.537
21-Aug,1.675,3.398,4.52
24-Aug,1.636,3.368,4.521
25-Aug,1.614,3.29,4.449
26-Aug,1.6,3.287,4.43
27-Aug,1.581,3.267,4.433
28-Aug,1.572,3.309,4.431
31-Aug,1.551,3.346,4.492
1-Sep,1.547,3.362,4.546
2-Sep,1.564,3.43,4.575
3-Sep,1.535,3.504,4.671
4-Sep,1.509,3.483,4.665
7-Sep,1.462,3.483,4.695
8-Sep,1.413,3.45,4.683
9-Sep,1.376,3.434,4.685
10-Sep,1.326,3.379,4.644
11-Sep,1.302,3.309,4.538
14-Sep,1.304,3.342,4.549
15-Sep,1.314,3.331,4.531
16-Sep,1.337,3.321,4.521
17-Sep,1.364,3.335,4.537
18-Sep,1.375,3.332,4.53
21-Sep,1.349,3.328,4.558
22-Sep,1.34,3.318,4.554
23-Sep,1.315,3.276,4.537
24-Sep,1.271,3.218,4.461
25-Sep,1.32,3.248,4.467
28-Sep,1.29,3.273,4.474
29-Sep,1.304,3.298,4.46
30-Sep,1.348,3.361,4.52
1-Oct,1.377,3.376,4.537
2-Oct,1.38,3.318,4.467
5-Oct,1.358,3.244,4.428
6-Oct,1.344,3.259,4.468
7-Oct,1.385,3.231,4.441
8-Oct,1.389,3.237,4.416
9-Oct,1.496,3.314,4.465
12-Oct,1.447,3.289,4.453
13-Oct,1.423,3.299,4.479
14-Oct,1.451,3.351,4.532
15-Oct,1.482,3.43,4.621
16-Oct,1.496,3.482,4.655
19-Oct,1.5,3.466,4.654
20-Oct,1.474,3.385,4.581
21-Oct,1.492,3.392,4.631
22-Oct,1.445,3.363,4.618
23-Oct,1.463,3.431,4.69
26-Oct,1.439,3.433,4.689
27-Oct,1.379,3.363,4.638
28-Oct,1.372,3.353,4.621
29-Oct,1.444,3.465,4.706
30-Oct,1.41,3.404,4.654
2-Nov,1.42,3.387,4.632
3-Nov,1.409,3.393,4.654
4-Nov,1.433,3.439,4.7
5-Nov,1.423,3.472,4.723
6-Nov,1.4,3.48,4.746
9-Nov,1.374,3.41,4.693
10-Nov,1.357,3.396,4.667
11-Nov,1.357,3.395,4.665
12-Nov,1.337,3.398,4.682
13-Nov,1.348,3.468,4.781
16-Nov,1.439,3.596,4.862
17-Nov,1.378,3.542,4.76
18-Nov,1.373,3.631,4.849
19-Nov,1.406,3.733,4.968
20-Nov,1.508,3.81,4.977
23-Nov,1.515,3.786,4.936
24-Nov,1.59,3.837,4.99
25-Nov,1.648,3.926,5.059
26-Nov,1.821,4.079,5.182
27-Nov,1.79,3.972,5.11
30-Nov,1.823,3.909,4.995
1-Dec,1.767,3.751,4.881
2-Dec,1.745,3.706,4.848
3-Dec,1.816,3.774,4.89
4-Dec,1.897,3.936,5.003
7-Dec,2.074,4.124,5.137
8-Dec,2.738,4.449,5.35
9-Dec,3.167,4.779,5.605
10-Dec,3.172,4.587,5.448
11-Dec,2.948,4.501,5.293
14-Dec,3.109,4.726,5.473
15-Dec,3.389,5.026,5.734
16-Dec,3.167,4.769,5.516
17-Dec,3.355,4.931,5.674
18-Dec,3.407,5.023,5.796
21-Dec,3.56,5.234,5.963
22-Dec,3.403,5.02,5.747
23-Dec,3.356,4.992,5.74
24-Dec,3.332,4.988,5.739
25-Dec,3.285,4.988,5.739
28-Dec,3.387,4.997,5.732
29-Dec,3.43,4.949,5.734
30-Dec,3.448,4.964,5.774
31-Dec,3.445,4.96,5.774
1-Jan,3.44,4.96,5.774
4-Jan,3.178,4.8,5.722
5-Jan,2.986,4.704,5.652
6-Jan,2.997,4.69,5.652
7-Jan,2.906,4.628,5.643
8-Jan,2.784,4.586,5.585
11-Jan,2.754,4.523,5.522
12-Jan,2.978,4.784,5.658
13-Jan,3.155,5.018,5.88
14-Jan,3.603,5.298,6.074
15-Jan,3.71,5.251,5.996
18-Jan,3.746,5.243,5.929
19-Jan,3.765,5.275,5.92
20-Jan,4.409,5.698,6.161
21-Jan,4.385,5.649,6.088
22-Jan,4.863,5.946,6.263
25-Jan,4.7,5.876,6.194
26-Jan,4.705,5.925,6.244
27-Jan,5.023,6.349,6.756
28-Jan,5.266,6.674,7.162
29-Jan,5.88,6.666,6.854
1-Feb,6.004,6.428,6.626
2-Feb,6.09,6.487,6.731
3-Feb,6.533,6.442,6.72
4-Feb,6.405,6.446,6.69
5-Feb,6.388,6.394,6.625
8-Feb,6.631,6.581,6.77
9-Feb,6.314,6.314,6.396
10-Feb,5.524,5.925,6.026
11-Feb,5.177,5.904,5.966
12-Feb,5.147,5.974,6.153
15-Feb,5.181,6.062,6.253
16-Feb,5.487,6.265,6.409
17-Feb,5.36,6.158,6.378
18-Feb,5.673,6.316,6.544
19-Feb,5.578,6.209,6.46
22-Feb,5.424,6.138,6.426
23-Feb,5.528,6.228,6.487
24-Feb,5.738,6.33,6.524
25-Feb,6.382,6.675,6.661
26-Feb,6.143,6.241,6.362
1-Mar,5.779,6.115,6.268
2-Mar,5.59,6.039,6.163
3-Mar,5.343,5.904,5.996
4-Mar,5.265,5.951,6.093
5-Mar,4.784,5.919,6.067
8-Mar,4.624,5.808,6.225
9-Mar,4.758,5.893,6.264
10-Mar,4.699,5.848,6.246
11-Mar,4.912,5.942,6.327
12-Mar,4.803,5.799,6.226
15-Mar,4.682,5.732,6.21
16-Mar,4.535,5.614,6.138
17-Mar,4.465,5.502,6.108
18-Mar,4.863,5.707,6.264
19-Mar,5.125,5.835,6.348
22-Mar,5.263,6.015,6.443
23-Mar,4.971,5.838,6.305
24-Mar,5.015,5.856,6.361
25-Mar,4.656,5.659,6.28
26-Mar,4.461,5.548,6.202
29-Mar,4.624,5.756,6.293
30-Mar,4.909,5.953,6.441
31-Mar,5.119,6.108,6.529
1-Apr,5.106,6.098,6.543
2-Apr,5.114,6.105,6.545
5-Apr,5.118,6.106,6.542
6-Apr,6.295,6.72,6.982
7-Apr,6.684,6.944,7.169
8-Apr,7.367,7.245,7.364
9-Apr,6.895,6.872,7.151
12-Apr,6.013,6.46,6.672
13-Apr,6.1,6.609,6.811
14-Apr,6.661,7.075,7.078
15-Apr,6.355,7.001,7.138
16-Apr,6.746,7.274,7.387
19-Apr,7.094,7.453,7.613
20-Apr,7.299,7.698,7.881
21-Apr,7.782,8.119,8.093
22-Apr,10.223,9.386,8.839
23-Apr,10.222,9.464,8.656
26-Apr,13.157,10.793,9.561
27-Apr,15.355,11.692,9.69
28-Apr,15.909,11.422,9.971
29-Apr,12.886,10.534,9.036
30-Apr,12.718,10.624,8.962
3-May,10.279,10.368,8.501
4-May,13.817,11.58,9.397
5-May,14.906,12.484,10.172
6-May,16.361,13.31,11.309
7-May,18.266,14.585,12.449
10-May,7.532,7.706,7.766
11-May,7.023,7.6,7.443
12-May,6.984,7.483,7.243
13-May,6.873,7.522,7.356
14-May,7.274,8.221,7.714
17-May,7.244,8.382,8.055
18-May,6.626,7.813,7.565
19-May,7.388,8.181,7.822
20-May,7.238,8.132,7.781
21-May,7.316,8.198,7.824
24-May,7.318,8.192,7.788
25-May,7.327,8.145,7.726
26-May,7.262,8.093,7.697
27-May,7.198,8.122,7.704
28-May,7.198,8.137,7.667
31-May,7.251,8.225,7.707
1-Jun,7.431,8.448,7.85
2-Jun,7.631,8.557,8.024
3-Jun,7.533,8.598,8.08
4-Jun,7.686,8.638,8.141
7-Jun,7.611,8.63,8.123
8-Jun,7.536,8.616,8.119
9-Jun,7.577,8.652,8.152
10-Jun,7.523,8.684,8.141
11-Jun,7.638,8.662,8.182
14-Jun,7.826,8.767,8.339
15-Jun,8.623,9.433,9.082
16-Jun,8.603,9.603,9.341
17-Jun,8.611,9.517,9.339
18-Jun,8.748,9.698,9.421
21-Jun,8.929,9.846,9.487
22-Jun,9.301,10.178,9.798
23-Jun,10.021,10.77,10.368
24-Jun,10.044,10.816,10.41
25-Jun,10.107,10.913,10.418
28-Jun,10.113,11.016,10.587
29-Jun,10.039,10.948,10.452
30-Jun,10.041,10.872,10.426
1-Jul,9.777,10.748,10.275
2-Jul,9.424,10.583,10.211
5-Jul,9.407,10.588,10.203
6-Jul,9.428,10.558,10.148
7-Jul,9.42,10.687,10.158
8-Jul,9.595,10.826,10.276
9-Jul,9.692,10.962,10.271
12-Jul,9.687,10.898,10.232
13-Jul,9.601,10.873,10.196
14-Jul,9.7,10.914,10.262
15-Jul,9.683,10.962,10.322
16-Jul,9.712,10.929,10.249
19-Jul,9.847,11.038,10.43
20-Jul,9.959,11.031,10.463
21-Jul,10.16,11.083,10.496
22-Jul,10.175,11.046,10.406
23-Jul,10.277,11.06,10.38
26-Jul,10.272,10.908,10.371
27-Jul,10.22,10.791,10.269
28-Jul,10.093,10.607,10.222
29-Jul,9.862,10.58,10.22
30-Jul,9.915,10.656,10.297
2-Aug,9.719,10.692,10.19
3-Aug,9.63,10.59,10.088
4-Aug,9.789,10.731,10.228
5-Aug,9.653,10.693,10.196
6-Aug,9.631,10.665,10.147
9-Aug,9.583,10.71,10.169
10-Aug,9.795,10.775,10.316
11-Aug,9.908,10.876,10.36
12-Aug,10.027,10.989,10.395
13-Aug,10.218,11.132,10.483
16-Aug,10.56,11.367,10.695
17-Aug,10.661,11.39,10.689
18-Aug,10.603,11.343,10.589
19-Aug,10.658,11.372,10.647
20-Aug,10.789,11.561,10.752
23-Aug,11.046,11.656,10.907
24-Aug,11.321,11.757,11.03
25-Aug,11.838,12.151,11.407
26-Aug,11.642,12.111,11.415
27-Aug,11.595,12.138,11.446
30-Aug,11.592,12.08,11.406
31-Aug,11.228,12.024,11.348
1-Sep,11.003,11.863,11.326
2-Sep,10.546,11.737,11.292
3-Sep,10.306,11.727,11.322
6-Sep,10.362,11.982,11.479
7-Sep,10.495,12.044,11.674
8-Sep,10.626,12.259,11.816
9-Sep,10.267,12.073,11.703
10-Sep,10.031,12.114,11.732
13-Sep,9.617,11.856,11.371
14-Sep,9.655,11.846,11.37
15-Sep,9.619,11.889,11.482
16-Sep,9.651,11.877,11.55
17-Sep,9.633,11.879,11.56
20-Sep,9.479,11.795,11.56
21-Sep,9.31,11.534,11.294
22-Sep,9.105,11.286,11.039
23-Sep,9.119,11.25,11.034
24-Sep,9.097,11.219,11.047
27-Sep,8.955,11.042,10.898
28-Sep,8.963,10.851,10.807
29-Sep,8.737,10.703,10.645
30-Sep,8.357,10.389,10.452
1-Oct,8.162,9.899,10.146
4-Oct,8.006,9.889,10.019
5-Oct,7.958,9.841,10.017
6-Oct,7.893,9.771,9.882
7-Oct,7.864,9.819,9.814
8-Oct,7.884,9.777,9.771
11-Oct,7.565,9.198,9.269
12-Oct,7.374,8.975,9.03
13-Oct,7.178,8.649,8.784
14-Oct,7.315,8.843,8.886
15-Oct,7.478,9.043,8.894
18-Oct,7.561,9.153,8.879
19-Oct,7.665,9.344,9.015
20-Oct,7.751,9.439,9.049
21-Oct,7.844,9.595,9.296
22-Oct,7.859,9.626,9.357
25-Oct,7.766,9.606,9.36
26-Oct,7.997,9.851,9.666
27-Oct,8.679,10.568,10.391
28-Oct,8.712,10.619,10.405
29-Oct,9.082,11.175,10.561
1-Nov,9.469,11.497,10.704
2-Nov,9.692,11.674,10.79
3-Nov,9.683,11.692,10.854
4-Nov,10.035,12.095,11.212
5-Nov,10.333,12.177,11.458
8-Nov,10.279,12.227,11.407
9-Nov,10.126,12.049,11.318
10-Nov,10.681,12.511,11.551
11-Nov,11.307,12.522,11.595
12-Nov,10.822,12.449,11.389
15-Nov,10.748,12.167,11.42
16-Nov,11.291,12.514,11.619
17-Nov,11.281,12.367,11.634
18-Nov,11.06,12.226,11.599
19-Nov,10.935,12.264,11.564
22-Nov,11.195,12.481,11.833
23-Nov,11.77,12.647,11.881
24-Nov,11.733,12.65,11.921
25-Nov,11.555,12.559,11.934
26-Nov,11.512,12.287,11.773
29-Nov,11.402,12.237,11.785
30-Nov,11.634,12.383,11.857
1-Dec,11.735,12.344,11.809
2-Dec,11.663,12.264,11.652
3-Dec,11.199,12.196,11.563
6-Dec,11.469,12.383,11.623
7-Dec,11.582,12.441,11.659
8-Dec,11.513,12.505,11.69
9-Dec,11.664,12.606,11.688
10-Dec,11.739,12.611,11.683
13-Dec,11.71,12.584,11.682
14-Dec,11.719,12.616,11.74
15-Dec,11.823,12.742,11.859
16-Dec,11.796,12.775,11.921
17-Dec,11.788,12.773,11.903
20-Dec,11.793,12.782,11.901
21-Dec,11.767,12.816,11.965
22-Dec,11.695,12.795,12.014
23-Dec,11.912,13.192,12.204
24-Dec,11.943,13.2,12.186
27-Dec,12.032,13.275,12.283
28-Dec,12.091,13.302,12.289
29-Dec,12.159,13.491,12.489
30-Dec,12.185,13.474,12.484
31-Dec,12.238,13.469,12.472
3-Jan,12.284,13.575,12.521
4-Jan,12.946,13.899,12.591
5-Jan,13.05,13.941,12.617
6-Jan,13.053,13.987,12.638
7-Jan,13.16,14.167,12.605
10-Jan,12.525,13.673,12.293
11-Jan,11.977,12.988,11.683
12-Jan,10.873,12.275,11.225
13-Jan,10.858,12.219,11.158
14-Jan,10.677,12.177,11.109
17-Jan,10.499,12.054,11.05
18-Jan,10.692,12.386,11.285
19-Jan,10.727,12.358,11.337
20-Jan,10.424,12.317,11.251
21-Jan,10.382,12.256,11.176
24-Jan,10.278,12.251,11.108
25-Jan,10.399,12.299,11.215
26-Jan,10.572,12.608,11.333
27-Jan,13.32,12.645,11.385
28-Jan,12.952,12.554,11.332
31-Jan,12.93,12.358,11.214
1-Feb,12.757,12.084,10.926
2-Feb,12.572,11.846,10.689
3-Feb,12.634,11.98,10.765
4-Feb,12.767,11.989,10.823
7-Feb,12.822,12.08,10.927
8-Feb,13.106,12.22,11.074
9-Feb,13.284,12.317,11.153
10-Feb,13.283,12.408,11.266
11-Feb,13.207,12.453,11.371
14-Feb,13.178,12.533,11.454
15-Feb,13.37,12.764,11.654
16-Feb,13.516,13.052,11.71
17-Feb,13.546,13.029,11.647
18-Feb,13.572,12.977,11.574
21-Feb,13.549,12.924,11.578
22-Feb,13.614,13.019,11.615
23-Feb,13.685,13.064,11.62
24-Feb,13.769,13.153,11.711
25-Feb,13.809,13.259,11.741
28-Feb,14.055,13.255,11.779
1-Mar,14.247,13.39,11.905
2-Mar,14.405,13.439,11.928
3-Mar,14.634,13.535,11.965
4-Mar,15.223,13.71,12.125
7-Mar,15.605,13.934,12.211
8-Mar,16.028,14.286,12.696
9-Mar,16.354,14.525,12.755
10-Mar,16.635,14.626,12.619
11-Mar,16.706,14.564,12.66
14-Mar,15.992,14.039,12.304
15-Mar,15.986,14.106,12.331
16-Mar,15.318,13.826,12.2
17-Mar,15.154,13.716,12.165
18-Mar,14.499,13.4,12.083
21-Mar,14.089,13.434,12.133
22-Mar,14.551,13.704,12.388
23-Mar,14.527,13.756,12.424
24-Mar,14.514,13.714,12.444
25-Mar,14.574,13.716,12.449
28-Mar,14.577,13.81,12.499
29-Mar,14.992,14.071,12.573
30-Mar,15.03,14.096,12.632
31-Mar,15.394,14.189,12.736
1-Apr,15.502,14.214,12.666
4-Apr,15.554,14.255,12.618
5-Apr,15.54,14.296,12.567
6-Apr,15.691,14.047,12.598
7-Apr,15.932,14.524,12.704
8-Apr,15.925,14.53,12.741
11-Apr,16.044,14.588,12.762
12-Apr,16.066,14.624,12.774
13-Apr,16.575,14.884,12.826
14-Apr,17.318,15.107,13.156
15-Apr,17.967,15.351,13.712
18-Apr,19.727,16.258,14.405
19-Apr,20.106,15.889,14.337
20-Apr,21.341,16.177,14.584
21-Apr,22.207,16.319,14.719
22-Apr,22.207,16.319,14.718
25-Apr,22.207,16.319,14.718
26-Apr,23.512,17.079,15.174
27-Apr,24.644,17.723,15.991
28-Apr,24.17,16.828,15.545
29-Apr,24.37,16.709,15.355
2-May,24.568,16.818,15.404
3-May,24.067,16.336,15.118
4-May,24.029,16.205,15.251
5-May,24.553,16.324,15.367
6-May,24.581,16.024,15.35
9-May,24.843,16.169,15.553
10-May,24.436,15.99,15.243
11-May,24.541,15.953,15.387
12-May,24.187,15.772,15.319
13-May,24.151,15.943,15.267
16-May,24.165,15.82,15.443
17-May,24.247,15.64,15.455
18-May,24.255,15.906,15.628
19-May,24.174,16.167,15.809
20-May,24.726,16.773,16.375
23-May,25.468,17.324,16.819
24-May,24.975,16.819,16.544
25-May,25.257,17.032,16.525
26-May,24.429,16.54,16.186
27-May,24.584,16.416,16.224
30-May,24.55,16.491,16.16
31-May,24.115,16.331,15.844
1-Jun,23.815,16.426,15.963
2-Jun,23.824,16.496,16.061
3-Jun,22.135,16.191,15.74
6-Jun,21.839,16.282,15.662
7-Jun,22.002,16.381,15.702
8-Jun,23.201,16.727,15.95
9-Jun,24.83,17.393,16.444
10-Jun,25.128,17.867,16.525
13-Jun,25.175,18.118,16.753
14-Jun,25.587,18.59,17.156
15-Jun,27.002,19.571,17.439
16-Jun,28.62,20.188,17.685
17-Jun,26.987,18.435,16.595
20-Jun,27.289,19.177,16.988
21-Jun,26.449,18.98,16.628
22-Jun,26.709,19.112,16.478
23-Jun,27.364,19.241,16.573
24-Jun,27.125,19.031,16.479
27-Jun,28.318,19.169,16.466
28-Jun,27.355,18.922,16.121
29-Jun,26.357,18.792,15.919
30-Jun,25.781,18.28,15.974
1-Jul,25.697,18.227,15.969
4-Jul,25.251,18.347,16.102
5-Jul,25.953,18.573,16.186
6-Jul,27.424,19.382,16.399
7-Jul,27.81,19.608,16.342
8-Jul,28.979,20.15,16.409
11-Jul,29.736,20.823,16.559
12-Jul,28.973,21.057,16.304
13-Jul,28.732,20.762,16.491
14-Jul,29.861,20.442,16.598
15-Jul,31.661,20.853,17.073
18-Jul,34.488,20.808,17.682
19-Jul,37.155,20.778,17.501
20-Jul,36.508,20.126,16.842
21-Jul,32.214,18.975,15.988
22-Jul,26.304,15.553,14.208
25-Jul,26.794,15.796,14.369
26-Jul,27.005,16.052,14.334
27-Jul,28.886,16.202,14.407
28-Jul,28.987,16.333,14.435
29-Jul,31.631,16.554,14.489
1-Aug,31.499,16.527,14.45
2-Aug,31.725,16.708,14.541
3-Aug,32.388,16.878,14.663
4-Aug,32.723,16.953,14.79
5-Aug,32.526,17.089,14.866
8-Aug,32.718,17.083,14.719
9-Aug,33.453,17.17,14.839
10-Aug,32.961,17.176,14.847
11-Aug,32.908,17.592,15.197
12-Aug,33.069,17.627,15.202
15-Aug,33.47,17.494,15.075
16-Aug,33.262,17.741,15.223
17-Aug,33.794,18.02,15.352
18-Aug,34.129,18.462,15.653
19-Aug,36.513,18.572,16.171
22-Aug,37.131,19.018,16.381
23-Aug,38.407,19.27,16.926
24-Aug,42.176,21.207,17.493
25-Aug,43.417,21.719,17.657
26-Aug,41.825,21.142,17.298
29-Aug,43.492,21.238,17.536
30-Aug,40.708,20.986,17.316
31-Aug,41.322,20.989,17.399
1-Sep,41.286,20.902,17.367
2-Sep,44.593,21.289,17.602
5-Sep,47.426,22.403,18.458
6-Sep,48.471,22.848,18.804
7-Sep,51.264,23.208,19.116
8-Sep,51.386,23.269,19.159
9-Sep,53.183,24.133,19.559
12-Sep,63.731,26.086,21.958
13-Sep,69.851,27.988,22.947
14-Sep,68.552,28.123,24.032
15-Sep,56.966,25.387,21.594
16-Sep,51.831,24.97,20.221
19-Sep,58.281,27.594,22.009
20-Sep,60.621,28.208,22.287
21-Sep,62.811,27.91,22.54
22-Sep,62.815,27.963,22.554
23-Sep,65.791,28.366,22.619
26-Sep,67.112,28.092,22.98
27-Sep,66.305,27.289,22.365
28-Sep,65.859,27.089,22.107
29-Sep,61.61,26.138,21.759
30-Sep,59.1,25.877,21.811
3-Oct,59.19,25.717,21.751
4-Oct,61.375,26.905,22.208
5-Oct,62.352,27.198,22.313
6-Oct,62.449,27.363,22.342
7-Oct,63.628,27.452,22.566
10-Oct,69.428,28.515,22.926
11-Oct,69.245,27.974,23.061
12-Oct,69.524,28.245,23.118
13-Oct,69.453,28.22,23.063
14-Oct,70.311,28.306,23.024
17-Oct,70.942,28.258,23.086
18-Oct,72.475,28.941,23.351
19-Oct,72.648,29.129,23.376
20-Oct,72.847,28.874,22.989
21-Oct,73.258,29.098,23.126
24-Oct,74.222,29.102,23.416
25-Oct,75.86,29.24,22.914
26-Oct,75.545,29.761,24.326
27-Oct,72.913,26.705,22.437
28-Oct,73.299,26.607,22.379
31-Oct,72.942,27.82,22.314
1-Nov,78.755,28.879,23.441
2-Nov,90.095,32.88,24.378
3-Nov,95.055,34.986,25.284
4-Nov,91.121,35.596,25.576
7-Nov,97.594,35.906,26.386
8-Nov,98.225,35.895,26.48
9-Nov,100.474,35.534,26.362
10-Nov,100.587,37.472,26.918
11-Nov,99.975,36.324,26.919
14-Nov,100.577,38.072,26.917
15-Nov,101.348,39.107,26.923
16-Nov,103.231,41.863,26.587
17-Nov,101.669,41.145,26.801
18-Nov,101.604,39.763,26.693
21-Nov,102.815,39.047,26.679
22-Nov,103.969,42.201,27.294
23-Nov,107.999,42.393,27.455
24-Nov,111.267,43.877,28.202
25-Nov,110.902,43.519,28.199
28-Nov,116.928,43.384,29.114
29-Nov,116.761,43.066,30.084
30-Nov,117.452,43.519,30.093
1-Dec,117.43,43.51,30.095
2-Dec,122.451,45.265,28.627
5-Dec,125.911,48.364,30
6-Dec,124.977,46.268,30.81
7-Dec,129.894,48.515,31.598
8-Dec,131.775,49.275,32.21
9-Dec,134.884,49.314,32.503
12-Dec,136.722,49.242,32.003
13-Dec,138.09,49.706,32.444
14-Dec,133.57,50.045,32.117
15-Dec,135.131,50.046,32.09
16-Dec,135.091,50.047,32.057
19-Dec,134.903,50.057,32.062
20-Dec,134.919,50.076,32.203
21-Dec,134.922,50.151,33.043
22-Dec,135.891,49.711,32.276
23-Dec,135.894,49.281,31.983
26-Dec,135.894,49.281,31.983
27-Dec,122.367,48.761,31.667
28-Dec,122.453,49.704,32.663
29-Dec,122.444,49.705,32.26
30-Dec,125.937,49.78,31.676
2-Jan,122.775,49.742,31.678
3-Jan,124.057,49.113,31.93
4-Jan,124.053,49.206,31.812
5-Jan,124.205,49.949,32.042
6-Jan,125.141,50.287,31.853
9-Jan,152.737,52.037,32.466
10-Jan,160.462,50.796,32.151
11-Jan,155.344,48.818,31.765
12-Jan,158.273,48.652,31.388
13-Jan,152.077,48.041,31.333
16-Jan,155.142,48.274,31.044
17-Jan,152.727,50.747,30.874
18-Jan,158.818,51.864,30.782
19-Jan,163.831,52.227,30.962
20-Jan,166.04,50.34,31.166
23-Jan,159.085,50.391,30.674
24-Jan,159.336,47.868,30.559
25-Jan,159.31,47.948,30.849
26-Jan,183.249,48.883,30.799
27-Jan,158.906,47.833,31.239
30-Jan,169.131,46.942,31.306
31-Jan,166.807,48.508,31.531
1-Feb,169.471,48.441,31.626
2-Feb,164.966,48.471,31.759
3-Feb,166.889,47.684,31.645
6-Feb,171.175,49.195,31.622
7-Feb,171.61,49.26,31.467
8-Feb,173.887,48.881,31.225
9-Feb,173.866,48.665,31.125
10-Feb,169.959,48.519,31.385
13-Feb,170.396,48.731,31.356
14-Feb,170.836,49.392,31.452
15-Feb,184.555,48.962,31.717
16-Feb,186.794,52.032,31.817
17-Feb,189.506,50.756,32.243
20-Feb,171.844,49.737,31.848
21-Feb,190.042,51.038,31.476
22-Feb,203.25,52.814,32.258
23-Feb,198.818,52,31.957
24-Feb,202.33,51.502,32.203
27-Feb,206.003,51.985,32.426
28-Feb,200.092,50.977,32.318
29-Feb,203.982,51.724,32.605
1-Mar,203.282,54.059,33.515
2-Mar,208.405,53.702,33.702
5-Mar,209.568,53.326,33
6-Mar,207.619,55.996,33.003
7-Mar,230.37,57.371,33.012
8-Mar,219.498,56.614,33.015
9-Mar,220.146,53.528,33.012
12-Mar,205.602,53.562,33.021
13-Mar,205.602,53.562,18.632
14-Mar,205.602,53.562,17.839
15-Mar,205.602,53.562,17.679
16-Mar,205.602,53.562,17.785
19-Mar,205.602,53.562,17.747
20-Mar,205.602,53.562,17.753
21-Mar,205.602,53.562,17.748
22-Mar,205.602,53.562,18.714
23-Mar,205.602,53.562,19.561
26-Mar,205.602,53.562,19.889
27-Mar,205.602,53.562,19.617
28-Mar,205.602,53.562,19.765
29-Mar,205.602,53.562,20.309
30-Mar,205.602,53.562,20.549
2-Apr,205.602,53.562,20.568
3-Apr,205.602,53.562,20.742
4-Apr,205.602,53.562,21.506
5-Apr,205.602,53.562,21.496
6-Apr,205.602,53.562,21.496
9-Apr,205.602,53.562,21.496
10-Apr,205.602,53.562,21.673
11-Apr,205.602,53.562,21.342
12-Apr,205.602,53.562,20.679
13-Apr,205.602,53.562,20.638
16-Apr,205.602,53.562,20.643
17-Apr,205.602,53.562,20.705
18-Apr,205.602,53.562,20.745
19-Apr,205.602,53.562,20.738
20-Apr,205.602,53.562,20.906
23-Apr,205.602,53.562,21.048
24-Apr,205.602,53.562,20.929
25-Apr,205.602,53.562,20.973
26-Apr,205.602,53.562,20.718
27-Apr,205.602,53.562,20.128
30-Apr,205.602,53.562,19.895
1-May,205.602,53.562,20.031
2-May,205.602,53.562,20
3-May,205.602,53.562,20.129
4-May,205.602,53.562,20.225
7-May,205.602,53.562,22.428
8-May,205.602,53.562,22.69
9-May,205.602,53.562,23.229
10-May,205.602,53.562,23.707
11-May,205.602,53.562,24.237
14-May,205.602,53.562,26.94
15-May,205.602,53.562,28.623
16-May,205.602,53.562,28.08
17-May,205.602,53.562,28.387
18-May,205.602,53.562,28.551
21-May,205.602,53.562,28.658
22-May,205.602,53.562,28.835
23-May,205.602,53.562,29.196
24-May,205.602,53.562,29.325
25-May,205.602,53.562,29.463
28-May,205.602,53.562,28.72
29-May,205.602,53.562,28.848
30-May,205.602,53.562,29.223
31-May,205.602,53.562,29.902
1-Jun,205.602,53.562,29.763
4-Jun,205.602,53.562,29.527
5-Jun,205.602,53.562,29.595
6-Jun,205.602,53.562,27.916
7-Jun,205.602,53.562,28.05
8-Jun,205.602,53.562,28.308
11-Jun,205.602,53.562,28.112
12-Jun,205.602,53.562,28.592
13-Jun,205.602,53.562,28.429
14-Jun,205.602,53.562,27.982
15-Jun,205.602,53.562,26.386
18-Jun,205.602,53.562,25.623
19-Jun,205.602,53.562,25.824
20-Jun,205.602,53.562,26.636
21-Jun,205.602,53.562,26.345
22-Jun,205.602,53.562,26.497
25-Jun,205.602,53.562,26.502
26-Jun,205.602,53.562,26.385
27-Jun,205.602,53.562,26.141
28-Jun,205.602,53.562,26.118
29-Jun,205.602,53.562,25.389
2-Jul,205.602,53.562,25.271
3-Jul,205.602,53.562,25.609
4-Jul,205.602,53.562,25.53
5-Jul,205.602,53.562,25.271
6-Jul,205.602,53.562,25.201
9-Jul,205.602,53.562,25.214
10-Jul,205.602,53.562,25.282
11-Jul,205.602,53.562,25.041
12-Jul,205.602,53.562,24.857
13-Jul,205.602,53.562,24.472
16-Jul,205.602,53.562,24.453
17-Jul,205.602,53.562,24.119
18-Jul,205.602,53.562,24.24
19-Jul,205.602,53.562,24.758
20-Jul,205.602,53.562,25.155
23-Jul,205.602,53.562,27.02
24-Jul,205.602,53.562,27.461
25-Jul,205.602,53.562,27.066
26-Jul,205.602,53.562,26.954
27-Jul,205.602,53.562,26.284
30-Jul,205.602,53.562,25.044
31-Jul,205.602,53.562,25.003
1-Aug,205.602,53.562,25.584
2-Aug,205.602,53.562,25.321
3-Aug,205.602,53.562,24.917
6-Aug,205.602,53.562,24.693
7-Aug,205.602,53.562,24.138
8-Aug,205.602,53.562,23.834
9-Aug,205.602,53.562,23.779
10-Aug,205.602,53.562,23.872
13-Aug,205.602,53.562,23.982
14-Aug,205.602,53.562,24.056
15-Aug,205.602,53.562,24.089
16-Aug,205.602,53.562,24.177
17-Aug,205.602,53.562,23.964
20-Aug,205.602,53.562,23.894
21-Aug,205.602,53.562,23.73
22-Aug,205.602,53.562,23.442
23-Aug,205.602,53.562,23.369
24-Aug,205.602,53.562,23.581
27-Aug,205.602,53.562,23.499
28-Aug,205.602,53.562,23.554
29-Aug,205.602,53.562,23.538
30-Aug,205.602,53.562,23.544
31-Aug,205.602,53.562,23.066
3-Sep,205.602,53.562,22.585
4-Sep,205.602,53.562,21.599
5-Sep,205.602,53.562,21.673
6-Sep,205.602,53.562,21.478
7-Sep,205.602,53.562,21.308
10-Sep,205.602,53.562,21.522
11-Sep,205.602,53.562,21.331
12-Sep,205.602,53.562,20.442
13-Sep,205.602,53.562,20.488
14-Sep,205.602,53.562,20.523
17-Sep,205.602,53.562,20.562
18-Sep,205.602,53.562,20.409
19-Sep,205.602,53.562,19.998
20-Sep,205.602,53.562,20.271
21-Sep,205.602,53.562,19.694
24-Sep,205.602,53.562,19.197
25-Sep,205.602,53.562,19.204
26-Sep,205.602,53.562,19.46
27-Sep,205.602,53.562,19.588
28-Sep,205.602,53.562,19.265
1-Oct,205.602,53.562,19.12
2-Oct,205.602,53.562,18.993
3-Oct,205.602,53.562,19.004
4-Oct,205.602,53.562,18.874
5-Oct,205.602,53.562,18.242
8-Oct,205.602,53.562,18.118
9-Oct,205.602,53.562,18.107
10-Oct,205.602,53.562,18.19
11-Oct,205.602,53.562,18.14
12-Oct,205.602,53.562,17.865
15-Oct,205.602,53.562,17.399
16-Oct,205.602,53.562,17.444
17-Oct,205.602,53.562,17.294
18-Oct,205.602,53.562,16.88
19-Oct,205.602,53.562,16.296
22-Oct,205.602,53.562,16.425
23-Oct,205.602,53.562,16.877
24-Oct,205.602,53.562,16.843
25-Oct,205.602,53.562,16.935
26-Oct,205.602,53.562,17.049
29-Oct,205.602,53.562,17.337
30-Oct,205.602,53.562,17.428
31-Oct,205.602,53.562,17.536
1-Nov,205.602,53.562,17.961
2-Nov,205.602,53.562,17.977
5-Nov,205.602,53.562,17.669
6-Nov,205.602,53.562,17.032
7-Nov,205.602,53.562,17.157
8-Nov,205.602,53.562,17.794
9-Nov,205.602,53.562,17.774
12-Nov,205.602,53.562,17.701
13-Nov,205.602,53.562,17.587
14-Nov,205.602,53.562,17.458
15-Nov,205.602,53.562,17.372
16-Nov,205.602,53.562,17.29
19-Nov,205.602,53.562,17.061
20-Nov,205.602,53.562,16.938
21-Nov,205.602,53.562,16.589
22-Nov,205.602,53.562,16.21
23-Nov,205.602,53.562,16.306
26-Nov,205.602,53.562,16.337
27-Nov,205.602,53.562,16.073
28-Nov,205.602,53.562,16.225
29-Nov,205.602,53.562,16.183
30-Nov,205.602,53.562,15.986
3-Dec,205.602,53.562,14.727
4-Dec,205.602,53.562,14.906
5-Dec,205.602,53.562,15.005
6-Dec,205.602,53.562,14.667
7-Dec,205.602,53.562,14.155
10-Dec,205.602,53.562,13.527
11-Dec,205.602,53.562,12.941
12-Dec,205.602,53.562,12.995
13-Dec,205.602,53.562,12.831
14-Dec,205.602,53.562,12.863
17-Dec,205.602,53.562,12.823
18-Dec,205.602,53.562,12.663
19-Dec,205.602,53.562,11.466
20-Dec,205.602,53.562,11.517
21-Dec,205.602,53.562,11.643
24-Dec,205.602,53.562,11.643
25-Dec,205.602,53.562,11.643
26-Dec,205.602,53.562,11.643
27-Dec,205.602,53.562,11.671
28-Dec,205.602,53.562,11.676
31-Dec,205.602,53.562,11.676
1-Jan,205.602,53.562,11.676
2-Jan,205.602,53.562,11.447
3-Jan,205.602,53.562,11.199
4-Jan,205.602,53.562,11.083
7-Jan,205.602,53.562,11.107
8-Jan,205.602,53.562,11.191
9-Jan,205.602,53.562,11.474
10-Jan,205.602,53.562,11.599
11-Jan,205.602,53.562,11.625
14-Jan,205.602,53.562,11.622
15-Jan,205.602,53.562,11.579
16-Jan,205.602,53.562,11.574
17-Jan,205.602,53.562,11.177
18-Jan,205.602,53.562,10.866
21-Jan,205.602,53.562,10.336
22-Jan,205.602,53.562,10.263
23-Jan,205.602,53.562,10.456
24-Jan,205.602,53.562,10.363
25-Jan,205.602,53.562,10.204
28-Jan,205.602,53.562,10.062
29-Jan,205.602,53.562,10.063
30-Jan,205.602,53.562,10.291
31-Jan,205.602,53.562,10.538
1-Feb,205.602,53.562,10.588
4-Feb,205.602,53.562,10.807
5-Feb,205.602,53.562,10.784
6-Feb,205.602,53.562,10.777
7-Feb,205.602,53.562,10.748
8-Feb,205.602,53.562,10.814
11-Feb,205.602,53.562,11.085
12-Feb,205.602,53.562,11.131
13-Feb,205.602,53.562,10.761
14-Feb,205.602,53.562,10.715
15-Feb,205.602,53.562,10.797
18-Feb,205.602,53.562,10.899
19-Feb,205.602,53.562,11.001
20-Feb,205.602,53.562,10.945
21-Feb,205.602,53.562,11.018
22-Feb,205.602,53.562,10.95
25-Feb,205.602,53.562,10.764
26-Feb,205.602,53.562,11.006
27-Feb,205.602,53.562,11.183
28-Feb,205.602,53.562,10.874
1-Mar,205.602,53.562,10.923
4-Mar,205.602,53.562,11.004
5-Mar,205.602,53.562,10.899
6-Mar,205.602,53.562,10.762
7-Mar,205.602,53.562,10.716
8-Mar,205.602,53.562,10.461
11-Mar,205.602,53.562,10.494
12-Mar,205.602,53.562,10.518
13-Mar,205.602,53.562,10.581
14-Mar,205.602,53.562,10.639
15-Mar,205.602,53.562,10.669
18-Mar,205.602,53.562,11.115
19-Mar,205.602,53.562,11.78
20-Mar,205.602,53.562,11.621
21-Mar,205.602,53.562,11.759
22-Mar,205.602,53.562,11.704
25-Mar,205.602,53.562,11.627
26-Mar,205.602,53.562,11.964
27-Mar,205.602,53.562,12.661
28-Mar,205.602,53.562,12.263
29-Mar,205.602,53.562,12.263
1-Apr,205.602,53.562,12.263
2-Apr,205.602,53.562,12.041
3-Apr,205.602,53.562,11.879
4-Apr,205.602,53.562,11.884
5-Apr,205.602,53.562,12.027
8-Apr,205.602,53.562,11.596
9-Apr,205.602,53.562,11.455
10-Apr,205.602,53.562,11.12
11-Apr,205.602,53.562,11.19
12-Apr,205.602,53.562,11.218
15-Apr,205.602,53.562,11.233
16-Apr,205.602,53.562,11.232
17-Apr,205.602,53.562,11.209
18-Apr,205.602,53.562,11.298
19-Apr,205.602,53.562,11.31
22-Apr,205.602,53.562,11.351
23-Apr,205.602,53.562,11.183
24-Apr,205.602,53.562,11.18
25-Apr,205.602,53.562,11.281
26-Apr,205.602,53.562,11.297
29-Apr,205.602,53.562,11.058
30-Apr,205.602,53.562,10.883
1-May,205.602,53.562,10.825
2-May,205.602,53.562,10.098
3-May,205.602,53.562,9.669
6-May,205.602,53.562,9.798
7-May,205.602,53.562,9.583
8-May,205.602,53.562,9.452
9-May,205.602,53.562,9.519
10-May,205.602,53.562,9.484
13-May,205.602,53.562,9.581
14-May,205.602,53.562,9.197
15-May,205.602,53.562,8.693
16-May,205.602,53.562,8.448
17-May,205.602,53.562,8.172
20-May,205.602,53.562,8.049
21-May,205.602,53.562,8.111
22-May,205.602,53.562,8.042
23-May,205.602,53.562,8.736
24-May,205.602,53.562,8.753
27-May,205.602,53.562,8.791
28-May,205.602,53.562,8.541
29-May,205.602,53.562,8.693
30-May,205.602,53.562,8.944
31-May,205.602,53.562,9.272
3-Jun,205.602,53.562,9.264
4-Jun,205.602,53.562,8.938
5-Jun,205.602,53.562,9.164
6-Jun,205.602,53.562,9.295
7-Jun,205.602,53.562,9.344
10-Jun,205.602,53.562,9.453
11-Jun,205.602,53.562,9.861
12-Jun,205.602,53.562,10.229
13-Jun,205.602,53.562,9.954
14-Jun,205.602,53.562,9.819
17-Jun,205.602,53.562,9.949
18-Jun,205.602,53.562,9.938
19-Jun,205.602,53.562,10.035
20-Jun,205.602,53.562,10.507
21-Jun,205.602,53.562,11.117
24-Jun,205.602,53.562,11.41
25-Jun,205.602,53.562,11.294
26-Jun,205.602,53.562,10.837
27-Jun,205.602,53.562,10.519
28-Jun,205.602,53.562,10.797
1-Jul,205.602,53.562,10.784
2-Jul,205.602,53.562,10.931
3-Jul,205.602,53.562,11.347
4-Jul,205.602,53.562,11.455
5-Jul,205.602,53.562,11.127
8-Jul,205.602,53.562,10.725
9-Jul,205.602,53.562,10.782
10-Jul,205.602,53.562,10.849
11-Jul,205.602,53.562,10.722
12-Jul,205.602,53.562,10.623
15-Jul,205.602,53.562,10.363
16-Jul,205.602,53.562,10.256
17-Jul,205.602,53.562,10.225
18-Jul,205.602,53.562,10.079
19-Jul,205.602,53.562,9.985
22-Jul,205.602,53.562,10.029
23-Jul,205.602,53.562,10.027
24-Jul,205.602,53.562,10.095
25-Jul,205.602,53.562,10.063
26-Jul,205.602,53.562,9.933
29-Jul,205.602,53.562,9.917
30-Jul,205.602,53.562,9.928
31-Jul,205.602,53.562,9.939
1-Aug,205.602,53.562,9.817
2-Aug,205.602,53.562,9.774
5-Aug,205.602,53.562,9.753
6-Aug,205.602,53.562,9.703
7-Aug,205.602,53.562,9.741
8-Aug,205.602,53.562,9.628
9-Aug,205.602,53.562,9.609
12-Aug,205.602,53.562,9.666
13-Aug,205.602,53.562,9.575
14-Aug,205.602,53.562,9.57
15-Aug,205.602,53.562,9.58
16-Aug,205.602,53.562,9.488
19-Aug,205.602,53.562,9.614
20-Aug,205.602,53.562,9.879
21-Aug,205.602,53.562,10.03
22-Aug,205.602,53.562,9.921
23-Aug,205.602,53.562,9.911
26-Aug,205.602,53.562,9.898
27-Aug,205.602,53.562,10.143
28-Aug,205.602,53.562,10.192
29-Aug,205.602,53.562,10.153
30-Aug,205.602,53.562,10.158
2-Sep,205.602,53.562,10.161
3-Sep,205.602,53.562,10.162
4-Sep,205.602,53.562,10.286
5-Sep,205.602,53.562,10.34
6-Sep,205.602,53.562,10.336
9-Sep,205.602,53.562,10.37
10-Sep,205.602,53.562,10.119
11-Sep,205.602,53.562,10.119
12-Sep,205.602,53.562,10.167
13-Sep,205.602,53.562,10.218
16-Sep,205.602,53.562,10.209
17-Sep,205.602,53.562,10.165
18-Sep,205.602,53.562,10.19
19-Sep,205.602,53.562,9.953
20-Sep,205.602,53.562,9.727
23-Sep,205.602,53.562,9.785
24-Sep,205.602,53.562,9.693
25-Sep,205.602,53.562,9.526
26-Sep,205.602,53.562,9.558
27-Sep,205.602,53.562,9.341
30-Sep,205.602,53.562,9.194
1-Oct,205.602,53.562,9.057
2-Oct,205.602,53.562,9.186
3-Oct,205.602,53.562,9.145
4-Oct,205.602,53.562,9.077
7-Oct,205.602,53.562,9.022
8-Oct,205.602,53.562,9.105
9-Oct,205.602,53.562,9.112
10-Oct,205.602,53.562,8.95
11-Oct,205.602,53.562,8.757
14-Oct,205.602,53.562,8.568
15-Oct,205.602,53.562,8.278
16-Oct,205.602,53.562,8.266
17-Oct,205.602,53.562,8.285
18-Oct,205.602,53.562,8.27
21-Oct,205.602,53.562,8.288
22-Oct,205.602,53.562,8.377
23-Oct,205.602,53.562,8.436
24-Oct,205.602,53.562,8.48
25-Oct,205.602,53.562,8.486
28-Oct,205.602,53.562,8.513
29-Oct,205.602,53.562,8.397
30-Oct,205.602,53.562,8.314
31-Oct,205.602,53.562,7.967
1-Nov,205.602,53.562,7.849
4-Nov,205.602,53.562,7.83
5-Nov,205.602,53.562,7.995
6-Nov,205.602,53.562,7.952
7-Nov,205.602,53.562,7.892
8-Nov,205.602,53.562,8.107
11-Nov,205.602,53.562,8.039
12-Nov,205.602,53.562,8.447
13-Nov,205.602,53.562,8.477
14-Nov,205.602,53.562,8.341
15-Nov,205.602,53.562,8.34
18-Nov,205.602,53.562,8.337
19-Nov,205.602,53.562,8.42
20-Nov,205.602,53.562,8.459
21-Nov,205.602,53.562,8.533
22-Nov,205.602,53.562,8.667
25-Nov,205.602,53.562,8.683
26-Nov,205.602,53.562,8.698
27-Nov,205.602,53.562,8.731
28-Nov,205.602,53.562,8.715
29-Nov,205.602,53.562,8.679
2-Dec,205.602,53.562,8.643
3-Dec,205.602,53.562,8.67
4-Dec,205.602,53.562,8.703
5-Dec,205.602,53.562,8.796
6-Dec,205.602,53.562,8.788
9-Dec,205.602,53.562,8.772
10-Dec,205.602,53.562,8.69
11-Dec,205.602,53.562,8.618
12-Dec,205.602,53.562,8.657
13-Dec,205.602,53.562,8.668
16-Dec,205.602,53.562,8.73
17-Dec,205.602,53.562,8.651
18-Dec,205.602,53.562,8.668
19-Dec,205.602,53.562,8.55
20-Dec,205.602,53.562,8.446
23-Dec,205.602,53.562,8.332
24-Dec,205.602,53.562,8.159
25-Dec,205.602,53.562,8.159
26-Dec,205.602,53.562,8.159
27-Dec,205.602,53.562,8.32
30-Dec,205.602,53.562,8.269
31-Dec,205.602,53.562,8.268
1-Jan,205.602,53.562,8.268
2-Jan,205.602,53.562,8.137
3-Jan,205.602,53.562,8.091
6-Jan,205.602,53.562,8.102
7-Jan,205.602,53.562,7.745
8-Jan,205.602,53.562,7.627
9-Jan,205.602,53.562,7.626
10-Jan,205.602,53.562,7.618
13-Jan,205.602,53.562,7.663
14-Jan,205.602,53.562,7.741
15-Jan,205.602,53.562,7.671
16-Jan,205.602,53.562,7.734
17-Jan,205.602,53.562,7.768
20-Jan,205.602,53.562,7.882
21-Jan,205.602,53.562,7.94
22-Jan,205.602,53.562,8.108
23-Jan,205.602,53.562,8.128
24-Jan,205.602,53.562,8.333
27-Jan,205.602,53.562,8.462
28-Jan,205.602,53.562,8.437
29-Jan,205.602,53.562,8.5
30-Jan,205.602,53.562,8.489
31-Jan,205.602,53.562,8.511
3-Feb,205.602,53.562,8.266
4-Feb,205.602,53.562,8.206
5-Feb,205.602,53.562,7.909
6-Feb,205.602,53.562,7.73
7-Feb,205.602,53.562,7.675
10-Feb,205.602,53.562,7.526
11-Feb,205.602,53.562,7.32
12-Feb,205.602,53.562,7.327
13-Feb,205.602,53.562,7.589
14-Feb,205.602,53.562,7.488
17-Feb,205.602,53.562,7.454
18-Feb,205.602,53.562,7.462
19-Feb,205.602,53.562,7.466
20-Feb,205.602,53.562,7.538
21-Feb,205.602,53.562,7.555
24-Feb,205.602,53.562,7.437
25-Feb,205.602,53.562,7.291
26-Feb,205.602,53.562,7.127
27-Feb,205.602,53.562,6.958
28-Feb,205.602,53.562,6.899
3-Mar,205.602,53.562,6.978
4-Mar,205.602,53.562,6.879
5-Mar,205.602,53.562,6.756
6-Mar,205.602,53.562,6.586
7-Mar,205.602,53.562,6.758
10-Mar,205.602,53.562,6.863
11-Mar,205.602,53.562,6.929
12-Mar,205.602,53.562,7.057
13-Mar,205.602,53.562,7.139
14-Mar,205.602,53.562,7.157
17-Mar,205.602,53.562,6.972
18-Mar,205.602,53.562,6.766
19-Mar,205.602,53.562,6.758
20-Mar,205.602,53.562,6.888
21-Mar,205.602,53.562,6.844
24-Mar,205.602,53.562,6.656
25-Mar,205.602,53.562,6.676
26-Mar,205.602,53.562,6.773
27-Mar,205.602,53.562,6.817
28-Mar,205.602,53.562,6.604
31-Mar,205.602,53.562,6.512
1-Apr,205.602,53.562,6.403
2-Apr,205.602,53.562,6.141
3-Apr,205.602,53.562,6.084
4-Apr,205.602,53.562,6.086
7-Apr,205.602,53.562,6.112
8-Apr,205.602,53.562,6.099
9-Apr,205.602,53.562,5.834
10-Apr,205.602,53.562,5.885
11-Apr,205.602,53.562,6.206
14-Apr,205.602,5.146,6.315
15-Apr,205.602,5.016,6.197
16-Apr,205.602,4.93,6.147
17-Apr,205.602,4.807,5.995
18-Apr,205.602,4.807,5.995
21-Apr,205.602,4.807,5.995
22-Apr,205.602,4.767,5.908
23-Apr,205.602,4.797,6.028
24-Apr,205.602,4.879,6.113
25-Apr,205.602,4.971,6.26
28-Apr,205.602,5.009,6.325
29-Apr,205.602,4.979,6.22
30-Apr,205.602,4.897,6.111
1-May,205.602,4.9,6.114
2-May,205.602,4.876,6.076
5-May,205.602,4.875,6.082
6-May,205.602,4.833,6.074
7-May,205.602,4.79,6.071
8-May,205.602,4.738,6.028
9-May,205.602,4.767,6.042
12-May,205.602,4.895,6.174
13-May,205.602,4.931,6.329
14-May,205.602,4.893,6.243
15-May,205.602,5.163,6.727
16-May,205.602,5.127,6.781
19-May,205.602,5.133,6.69
20-May,205.602,5.143,6.706
21-May,205.602,5.057,6.423
22-May,205.602,5.096,6.46
23-May,205.602,5.073,6.426
26-May,205.602,4.868,6.182
27-May,205.602,4.863,6.182
28-May,205.602,4.859,6.229
29-May,205.602,4.802,6.214
30-May,205.602,4.783,6.208
2-Jun,205.602,4.775,6.19
3-Jun,205.602,4.829,6.295
4-Jun,205.602,4.83,6.326
5-Jun,205.602,4.72,6.165
6-Jun,205.602,4.235,5.714
9-Jun,205.602,4.153,5.663
10-Jun,205.602,3.968,5.53
11-Jun,205.602,4.036,5.664
12-Jun,205.602,4.039,5.698
13-Jun,205.602,4.087,5.731
16-Jun,205.602,4.114,5.8
17-Jun,205.602,4.228,5.911
18-Jun,205.602,4.19,5.857
19-Jun,205.602,4.105,5.819
20-Jun,205.602,4.171,5.93
23-Jun,205.602,4.136,5.913
24-Jun,205.602,4.016,5.772
25-Jun,205.602,3.986,5.794
26-Jun,205.602,4.034,5.801
27-Jun,205.602,4.151,5.87
30-Jun,205.602,4.216,5.905
1-Jul,205.602,4.171,5.89
2-Jul,205.602,4.115,5.913
3-Jul,205.602,4.078,5.912
4-Jul,205.602,4.016,5.873
7-Jul,205.602,4.004,5.883
8-Jul,205.602,4.153,5.966
9-Jul,205.602,4.212,6.033
10-Jul,205.602,4.334,6.233
11-Jul,205.602,4.202,6.197
14-Jul,205.602,4.142,6.184
15-Jul,205.602,4.239,6.221
16-Jul,205.602,4.18,6.186
17-Jul,205.602,4.198,6.175
18-Jul,205.602,4.215,6.181
21-Jul,205.602,4.202,6.188
22-Jul,205.602,4.217,6.206
23-Jul,205.602,4.243,6.21
24-Jul,205.602,4.217,6.092
25-Jul,205.602,4.064,5.869
28-Jul,205.602,4.037,5.796
29-Jul,205.602,4.048,5.811
30-Jul,205.602,4.11,5.859
31-Jul,205.602,4.197,5.968
1-Aug,205.602,4.33,6.051
4-Aug,205.602,4.363,6.129
5-Aug,205.602,4.769,6.387
6-Aug,205.602,4.996,6.478
7-Aug,205.602,4.902,6.452
8-Aug,205.602,4.908,6.414
11-Aug,205.602,4.817,6.281
12-Aug,205.602,4.782,6.248
13-Aug,205.602,4.752,6.215
14-Aug,205.602,4.581,5.974
15-Aug,205.602,4.438,5.837
18-Aug,205.602,4.393,5.845
19-Aug,205.602,4.343,5.811
20-Aug,205.602,4.243,5.716
21-Aug,205.602,4.178,5.696
22-Aug,205.602,4.177,5.799
25-Aug,205.602,3.934,5.634
26-Aug,205.602,3.924,5.607
27-Aug,205.602,3.925,5.578
28-Aug,205.602,4.08,5.706
29-Aug,205.602,4.09,5.765
1-Sep,205.602,3.991,5.691
2-Sep,205.602,4.079,5.793
3-Sep,205.602,4.051,5.808
4-Sep,205.602,3.869,5.612
5-Sep,205.602,3.783,5.525
8-Sep,205.602,3.847,5.517
9-Sep,205.602,3.976,5.538
10-Sep,205.602,4.089,5.578
11-Sep,205.602,4.082,5.571
12-Sep,205.602,4.18,5.657
15-Sep,205.602,4.198,5.662
16-Sep,205.602,4.245,5.737
17-Sep,205.602,4.237,5.711
18-Sep,205.602,4.268,5.759
19-Sep,205.602,4.208,5.722
22-Sep,205.602,4.27,5.832
23-Sep,205.602,4.456,6.004
24-Sep,205.602,4.636,6.171
25-Sep,205.602,4.59,6.097
26-Sep,205.602,4.597,6.08
29-Sep,205.602,4.894,6.409
30-Sep,205.602,4.742,6.567
1-Oct,205.602,4.68,6.419
2-Oct,205.602,4.704,6.396
3-Oct,205.602,4.624,6.271
6-Oct,205.602,4.732,6.373
7-Oct,205.602,4.898,6.586
8-Oct,205.602,4.876,6.611
9-Oct,205.602,4.754,6.56
10-Oct,205.602,4.69,6.531
13-Oct,205.602,4.826,6.628
14-Oct,205.602,5.005,6.924
15-Oct,205.602,5.712,7.732
16-Oct,205.602,7.485,8.802
17-Oct,205.602,6.999,7.934
20-Oct,205.602,7.55,7.942
21-Oct,205.602,7.117,7.583
22-Oct,205.602,6.794,7.229
23-Oct,205.602,6.683,7.301
24-Oct,205.602,6.187,7.229
27-Oct,205.602,6.685,7.412
28-Oct,205.602,6.507,7.35
29-Oct,205.602,6.562,7.481
30-Oct,205.602,6.921,7.985
31-Oct,205.602,7.136,7.961
3-Nov,205.602,7.1,8.061
4-Nov,205.602,6.874,7.933
5-Nov,205.602,6.882,7.921
6-Nov,205.602,6.664,7.865
7-Nov,205.602,6.998,7.937
10-Nov,205.602,7.072,7.961
11-Nov,205.602,7.215,8.062
12-Nov,205.602,7.104,7.929
13-Nov,205.602,7.147,8.047
14-Nov,205.602,7.013,7.967
17-Nov,205.602,7.019,7.96
18-Nov,205.602,7.226,8.183
19-Nov,205.602,7.233,8.109
20-Nov,205.602,7.311,8.156
21-Nov,205.602,6.713,7.833
24-Nov,205.602,6.843,7.809
25-Nov,205.602,6.753,7.872
26-Nov,205.602,7.163,8.167
27-Nov,205.602,7.369,8.285
28-Nov,205.602,7.1,8.238
1-Dec,205.602,6.769,7.914
2-Dec,205.602,6.683,7.694
3-Dec,205.602,6.598,7.556
4-Dec,205.602,6.563,7.466
5-Dec,205.602,6.243,7.114
8-Dec,205.602,6.334,7.14
9-Dec,205.602,7.794,8.065
10-Dec,205.602,8.552,8.434
11-Dec,205.602,9.513,8.939
12-Dec,205.602,9.519,8.985
15-Dec,205.602,8.994,8.678
16-Dec,205.602,9.782,8.924
17-Dec,205.602,9.405,8.625
18-Dec,205.602,9.07,8.481
19-Dec,205.602,8.703,8.293
22-Dec,205.602,8.465,8.188
23-Dec,205.602,8.878,8.332
24-Dec,205.602,9.038,8.352
25-Dec,205.602,9.038,8.352
26-Dec,205.602,9.038,8.352
29-Dec,205.602,10.152,9.397
30-Dec,205.602,11,9.462
31-Dec,205.602,11.166,9.416
1-Jan,205.602,11.166,9.416
2-Jan,205.602,10.133,9.121
5-Jan,205.602,10.916,9.508
6-Jan,205.602,11.184,9.613
7-Jan,205.602,12.28,10.483
8-Jan,205.602,11.564,9.941
9-Jan,205.602,11.336,9.979
12-Jan,205.602,10.216,9.333
13-Jan,205.602,9.632,8.964
14-Jan,205.602,9.363,8.808
15-Jan,205.602,9.74,8.972
16-Jan,205.602,9.992,9.184
19-Jan,205.602,9.977,9.26
20-Jan,205.602,10.261,9.586
21-Jan,205.602,9.97,9.219
22-Jan,205.602,9.432,8.77
23-Jan,205.602,8.902,8.292
26-Jan,205.602,10.424,8.955
27-Jan,205.602,11.654,9.354
28-Jan,205.602,13.241,10.209
29-Jan,205.602,13.422,10.021
30-Jan,205.602,14.8,10.983
2-Feb,205.602,15,10.787
3-Feb,205.602,12.793,9.386
4-Feb,205.602,12.808,9.531
5-Feb,205.602,13.214,9.536
6-Feb,205.602,13.971,9.942
9-Feb,205.602,16.018,10.583
10-Feb,205.602,15.139,10.074
11-Feb,205.602,16.029,10.424
12-Feb,205.602,14.727,9.865
13-Feb,205.602,13.106,9.121
16-Feb,205.602,14.258,9.482
17-Feb,205.602,15.297,10.073
18-Feb,205.602,14.62,9.834
19-Feb,205.602,14.113,9.778
20-Feb,205.602,14.122,9.732
23-Feb,205.602,12.785,9.109
24-Feb,205.602,10.768,8.491
25-Feb,205.602,11.435,8.727
26-Feb,205.602,11.764,9.078
27-Feb,205.602,12.5,9.288
2-Mar,205.602,12.569,9.41
3-Mar,205.602,12.177,9.339
4-Mar,205.602,12.373,9.469
5-Mar,205.602,12.263,9.339
6-Mar,205.602,11.864,9.25
9-Mar,205.602,13.389,9.908
10-Mar,205.602,13.77,10.23
11-Mar,205.602,14.648,10.506
12-Mar,205.602,14.192,10.304
13-Mar,205.602,15.153,10.606
16-Mar,205.602,15.679,10.619
17-Mar,205.602,15.458,10.656
18-Mar,205.602,16.498,11.071
19-Mar,205.602,18.095,11.817
20-Mar,205.602,15.998,11.179
23-Mar,205.602,16.324,11.332
24-Mar,205.602,15.257,10.644
25-Mar,205.602,15.302,10.747
26-Mar,205.602,15.356,10.931
27-Mar,205.602,15.945,10.837
30-Mar,205.602,15.644,10.986
31-Mar,205.602,16.736,11.472
1-Apr,205.602,16.622,11.656
2-Apr,205.602,16.986,11.876
3-Apr,205.602,16.986,11.876
6-Apr,205.602,16.986,11.876
7-Apr,205.602,15.282,11.314
8-Apr,205.602,15.511,11.376
9-Apr,205.602,15.017,11.11
10-Apr,205.602,15.055,11.068
13-Apr,205.602,15.433,11.416
14-Apr,205.602,16.265,11.716
15-Apr,205.602,16.903,11.913
16-Apr,205.602,18.043,12.575
17-Apr,205.602,18.311,12.707
20-Apr,205.602,19.302,13.104
21-Apr,205.602,20.018,13.436
22-Apr,205.602,18.361,12.674
23-Apr,205.602,17.208,12.143
24-Apr,205.602,17.787,12.538
27-Apr,205.602,15.698,11.538
28-Apr,19.983,15.698,10.822
29-Apr,21.555,15.698,11.235
30-Apr,19.018,15.698,10.349
1-May,18.661,15.698,10.349
4-May,19.06,15.698,10.345
5-May,20.551,15.698,10.948
6-May,21.394,15.698,11.096
7-May,20.341,15.698,10.749
8-May,20.371,15.698,10.514
11-May,20.839,15.698,10.757
12-May,20.941,15.698,10.748
13-May,20.349,15.698,10.374
14-May,20.082,15.698,10.383
15-May,20.401,15.698,10.591
18-May,23.494,15.698,11.151
19-May,22.263,15.698,10.909
20-May,22.438,15.698,11.021
21-May,22.9,15.698,11.064
22-May,23.425,15.698,11.229
25-May,22.628,15.698,11.204
26-May,24.479,15.698,11.66
27-May,22.876,15.698,10.836
28-May,22.921,15.698,10.929
29-May,22.948,15.698,11.057
1-Jun,24.33,15.698,11.27
2-Jun,22.981,15.698,11.157
3-Jun,21.975,15.698,10.526
4-Jun,22.54,15.698,10.719
5-Jun,24.531,15.698,10.94
8-Jun,25.254,15.698,11.104
9-Jun,25.157,15.698,11.372
10-Jun,25.683,15.698,11.405
11-Jun,24.306,15.698,11.041
12-Jun,25.539,15.698,11.558
15-Jun,28.911,15.698,12.025
16-Jun,29.628,15.698,12.716
17-Jun,29.255,15.698,12.767
18-Jun,28.05,15.698,12.658
19-Jun,28.183,15.698,12.407
22-Jun,23.309,15.698,10.901
23-Jun,20.52,15.698,10.363
24-Jun,21.592,15.698,10.598
25-Jun,21.029,15.698,10.724
26-Jun,20.687,15.698,10.661
29-Jun,36.4,15.698,14.711
30-Jun,37.198,15.698,14.992
1-Jul,36.033,15.698,14.666
2-Jul,34.811,15.698,14.422
3-Jul,34.823,15.698,14.322
6-Jul,50.91,15.698,17.681
7-Jul,54.946,15.698,18.385
8-Jul,56.805,15.698,18.703
9-Jul,54.393,15.698,17.866
10-Jul,30.474,15.698,13.252
13-Jul,24.401,15.698,11.763
14-Jul,26.021,15.698,12.251
15-Jul,26.226,15.698,12.302
16-Jul,23.987,15.698,11.435
17-Jul,21.237,15.698,11.006
20-Jul,20.616,15.698,11.011
21-Jul,21.48,15.698,11.328
22-Jul,22.635,15.698,11.692
23-Jul,19.574,15.698,11.139
24-Jul,18.797,15.698,11.328
27-Jul,19.64,15.698,11.522
28-Jul,21.022,15.698,11.687
29-Jul,21.691,15.698,11.953
30-Jul,20.966,15.698,11.874
31-Jul,20.48,15.698,11.811
3-Aug,21.081,15.698,11.716
4-Aug,20.579,15.698,11.612
5-Aug,20.167,15.698,11.576
6-Aug,20.239,15.698,11.578
7-Aug,20.258,15.698,11.544
10-Aug,17.728,15.698,10.9
11-Aug,14.087,15.698,10.069
12-Aug,13.738,15.698,10.157
13-Aug,12.879,15.698,9.875
14-Aug,12.398,15.698,9.398
17-Aug,10.022,15.698,8.898
18-Aug,10.734,15.698,9.172
19-Aug,10.561,15.698,9.178
20-Aug,12.239,15.698,9.368
21-Aug,12.216,15.698,9.53
24-Aug,13.587,15.698,9.775
25-Aug,12.753,15.698,9.276
26-Aug,12.091,15.698,9.07
27-Aug,10.923,15.698,8.998
28-Aug,10.975,15.698,9.02
31-Aug,10.767,15.698,9.099
1-Sep,11.347,15.698,9.119
2-Sep,11.848,15.698,9.192
3-Sep,10.659,15.698,8.893
4-Sep,10.117,15.698,8.976
7-Sep,10.368,15.698,8.87
8-Sep,10.248,15.698,8.565
9-Sep,9.979,15.698,8.278
10-Sep,10.119,15.698,8.403
11-Sep,11.264,15.698,8.487
14-Sep,11.605,15.698,8.533
15-Sep,11.437,15.698,8.492
16-Sep,10.986,15.698,8.428
17-Sep,10.647,15.698,8.239
18-Sep,10.246,15.698,8.072
21-Sep,9.564,15.698,8.079
22-Sep,10.313,15.698,8.068
23-Sep,10.427,15.698,8.108
24-Sep,11.383,15.698,8.251
25-Sep,10.899,15.698,8.091
28-Sep,10.726,15.698,8.108
29-Sep,10.635,15.698,8.128
30-Sep,10.609,15.698,8.157
1-Oct,10.042,15.698,8.018
2-Oct,10.029,15.698,8.019
5-Oct,9.555,15.698,7.879
6-Oct,9.088,15.698,7.788
7-Oct,8.493,15.698,7.622
8-Oct,8.66,15.698,7.646
9-Oct,9.025,15.698,7.705
12-Oct,9.306,15.698,7.784
13-Oct,9.213,15.698,7.772
14-Oct,9.352,15.698,7.799
15-Oct,9.368,15.698,7.829
16-Oct,8.538,15.698,7.796
19-Oct,7.786,15.698,7.461
20-Oct,7.788,15.698,7.515
21-Oct,8.151,15.698,7.544
22-Oct,7.629,15.698,7.599
23-Oct,7.023,15.698,7.407
26-Oct,7.437,15.698,7.532
27-Oct,8.105,15.698,7.555
28-Oct,7.297,15.698,7.719
29-Oct,7.332,15.698,7.811
30-Oct,8.162,15.698,7.737
2-Nov,8.595,15.698,7.904
3-Nov,7.808,15.698,7.708
4-Nov,7.79,15.698,7.624
5-Nov,7.507,15.698,7.628
6-Nov,7.229,15.698,7.615
9-Nov,7.445,15.698,7.597
10-Nov,7.308,15.698,7.531
11-Nov,7.168,15.698,7.449
12-Nov,6.532,15.698,7.193
13-Nov,6.228,15.698,7.079
16-Nov,6.195,15.698,7.032
17-Nov,5.794,15.698,6.874
18-Nov,6.051,15.698,6.931
19-Nov,5.881,15.698,6.832
20-Nov,6.242,15.698,6.959
23-Nov,7.284,15.698,7.22
24-Nov,6.981,15.698,7.225
25-Nov,7.045,15.698,7.115
26-Nov,6.886,15.698,7.188
27-Nov,6.735,15.698,7.19
30-Nov,7.086,15.698,7.382
1-Dec,7.332,15.698,7.539
2-Dec,7.406,15.698,7.639
3-Dec,7.427,15.698,7.784
4-Dec,7.978,15.698,8.088
7-Dec,9.195,15.698,8.483
8-Dec,8.379,15.698,8.187
9-Dec,8.29,15.698,8.289
10-Dec,8.344,15.698,8.444
11-Dec,8.553,15.698,8.506
14-Dec,8.934,15.698,8.527
15-Dec,8.993,15.698,8.605
16-Dec,7.382,15.698,8.125
17-Dec,7.27,15.698,8.062
18-Dec,7.37,15.698,7.948
21-Dec,7.369,15.698,8.061
22-Dec,7.645,15.698,8.029
23-Dec,7.369,15.698,8.152
24-Dec,7.369,15.698,8.09
25-Dec,7.369,15.698,8.09
28-Dec,7.37,15.698,8.054
29-Dec,7.368,15.698,8.06
30-Dec,7.174,15.698,8.068
31-Dec,7.174,15.698,8.068
1-Jan,7.174,15.698,8.068
4-Jan,7.392,15.698,8.033
5-Jan,8.61,15.698,8.326
6-Jan,8.567,15.698,8.35
7-Jan,9.413,15.698,8.552
8-Jan,9.153,15.698,8.555
11-Jan,8.468,15.698,8.342
12-Jan,8.485,15.698,8.344
13-Jan,8.583,15.698,8.357
14-Jan,9.096,15.698,8.456
15-Jan,9.566,15.698,8.758
18-Jan,11.139,15.698,8.998
19-Jan,11.138,15.698,8.976
20-Jan,12.549,15.698,9.929
21-Jan,14.75,15.698,9.793
22-Jan,13.105,15.698,9.005
25-Jan,13.173,15.698,9.238
26-Jan,13.353,15.698,9.493
27-Jan,13.646,15.698,9.266
28-Jan,13.897,15.698,9.384
29-Jan,13.421,15.698,9.346
1-Feb,11.203,15.698,9.171
2-Feb,10.735,15.698,9.294
3-Feb,10.363,15.698,9.223
4-Feb,10.829,15.698,9.361
5-Feb,11.569,15.698,9.447
8-Feb,12.877,15.698,10.063
9-Feb,14.699,15.698,10.63
10-Feb,14.188,15.698,10.795
11-Feb,15.34,15.698,11.345
12-Feb,14.52,15.698,11.274
15-Feb,13.971,15.698,11.08
16-Feb,12.784,15.698,10.89
17-Feb,12.185,15.698,10.759
18-Feb,11.037,15.698,10.333
19-Feb,11.329,15.698,10.397
22-Feb,11.136,15.698,10.434
23-Feb,10.799,15.698,10.4
24-Feb,11.816,15.698,10.484
25-Feb,11.56,15.698,10.446
26-Feb,11.291,15.698,10.152
29-Feb,11.187,15.698,10.073
1-Mar,11.239,15.698,9.975
2-Mar,10.523,15.698,9.728
3-Mar,10.682,15.698,9.502
4-Mar,10.331,15.698,9.561
7-Mar,9.416,15.698,9.622
8-Mar,8.813,15.698,9.25
9-Mar,9.376,15.698,9.243
10-Mar,8.664,15.698,8.936
11-Mar,7.141,15.698,8.742
14-Mar,6.712,15.698,8.577
15-Mar,7.7,15.698,8.602
16-Mar,9.333,15.698,8.737
17-Mar,8.974,15.698,8.633
18-Mar,8.483,15.698,8.464
21-Mar,9.332,15.698,8.587
22-Mar,9.692,15.698,8.658
23-Mar,9.197,15.698,8.611
24-Mar,9.235,15.698,8.632
25-Mar,9.235,15.698,8.632
28-Mar,9.235,15.698,8.632
29-Mar,9.275,15.698,8.655
30-Mar,9.152,15.698,8.496
31-Mar,8.768,15.698,8.478
1-Apr,8.432,15.698,8.466
4-Apr,10.2,15.698,8.747
5-Apr,11.053,15.698,8.909
6-Apr,11.074,15.698,8.939
7-Apr,10.233,15.698,8.952
8-Apr,9.745,15.698,8.838
11-Apr,9.766,15.698,8.803
12-Apr,10.699,15.698,8.966
13-Apr,11.865,15.698,9.171
14-Apr,11.8,15.698,9.17
15-Apr,11.026,15.698,8.838
18-Apr,10.886,15.698,8.891
19-Apr,11.913,15.698,9.111
20-Apr,11.675,15.698,9.165
21-Apr,10.383,15.698,8.63
22-Apr,9.469,15.698,8.344
25-Apr,9.409,15.698,8.43
26-Apr,9.902,15.698,8.5
27-Apr,10.884,15.698,8.813
28-Apr,10.256,15.698,8.739
29-Apr,9.371,15.698,8.411
2-May,9.472,15.698,8.418
3-May,9.712,15.698,8.473
4-May,9.441,15.698,8.556
5-May,9.908,15.698,8.454
6-May,9.477,15.698,8.342
9-May,9.081,15.698,8.25
10-May,7.237,15.698,7.625
11-May,7.46,15.698,7.389
12-May,8.195,15.698,7.326
13-May,8.683,15.698,7.337
16-May,8.702,15.698,7.301
17-May,8.555,15.698,7.277
18-May,8.688,15.698,7.354
19-May,8.758,15.698,7.402
20-May,9.115,15.698,7.381
23-May,7.629,15.698,7.146
24-May,7.759,15.698,7.124
25-May,6.859,15.698,7.051
26-May,6.577,15.698,7.112
27-May,6.725,15.698,7.166
30-May,6.636,15.698,7.141
31-May,7.003,15.698,7.176
1-Jun,6.66,15.698,7.199
2-Jun,6.695,15.698,7.215
3-Jun,6.871,15.698,7.217
6-Jun,7.161,15.698,7.271
7-Jun,7.711,15.698,7.392
8-Jun,7.397,15.698,7.314
9-Jun,7.311,15.698,7.318
10-Jun,7.824,15.698,7.413
13-Jun,9.562,15.698,7.745
14-Jun,11.257,15.698,8.111
15-Jun,10.735,15.698,8.084
16-Jun,10.888,15.698,8.208
17-Jun,9.158,15.698,8.051
20-Jun,7.6,15.698,7.703
21-Jun,8.538,15.698,7.804
22-Jun,7.591,15.698,7.866
23-Jun,7.027,15.698,7.659
24-Jun,9.152,15.698,8.476
27-Jun,8.929,15.698,8.593
28-Jun,8.125,15.698,8.494
29-Jun,6.845,15.698,8.078
30-Jun,7.208,15.698,8.183
1-Jul,6.682,15.698,7.779
4-Jul,6.929,15.698,7.807
5-Jul,7.337,15.698,7.875
6-Jul,7.212,15.698,7.859
7-Jul,7.145,15.698,7.871
8-Jul,6.873,15.698,7.877
11-Jul,6.95,15.698,7.764
12-Jul,6.946,15.698,7.781
13-Jul,6.796,15.698,7.782
14-Jul,6.872,15.698,7.735
15-Jul,6.906,15.698,7.738
18-Jul,7.142,15.698,7.797
19-Jul,7.466,15.698,7.834
20-Jul,7.653,15.698,7.857
21-Jul,7.589,15.698,7.918
22-Jul,7.44,15.698,7.911
25-Jul,7.176,15.698,7.999
26-Jul,7.202,15.698,7.99
27-Jul,7.024,15.698,7.983
28-Jul,7.006,15.698,7.982
29-Jul,7.005,15.698,8.068
1-Aug,6.904,15.698,8.109
2-Aug,7.231,15.698,8.166
3-Aug,7.256,15.698,8.239
4-Aug,7.266,15.698,8.224
5-Aug,7.266,15.698,8.217
8-Aug,7.266,15.698,8.22
9-Aug,7.266,15.698,8.192
10-Aug,7.266,15.698,8.167
11-Aug,7.266,15.698,8.091
12-Aug,7.266,15.698,8.064
15-Aug,7.266,15.698,8.055
16-Aug,7.266,15.698,8.051
17-Aug,7.266,15.698,8.023
18-Aug,7.266,15.698,7.973
19-Aug,7.266,15.698,7.957
22-Aug,7.266,15.698,7.969
23-Aug,7.266,15.698,7.975
24-Aug,7.266,15.698,7.955
25-Aug,7.266,15.698,7.972
26-Aug,7.266,15.698,7.953
29-Aug,7.266,15.698,7.95
30-Aug,7.266,15.698,8.006
31-Aug,7.266,15.698,8.01
1-Sep,7.266,15.698,8.025
2-Sep,7.266,15.698,8.017
5-Sep,7.266,15.698,8.041
6-Sep,7.266,15.698,8.141
7-Sep,7.266,15.698,8.148
8-Sep,7.266,15.698,8.164
9-Sep,7.266,15.698,8.208
12-Sep,7.266,15.698,8.271
13-Sep,7.266,15.698,8.308
14-Sep,7.266,15.698,8.391
15-Sep,7.266,15.698,8.516
16-Sep,7.266,15.698,8.526
19-Sep,7.266,15.698,8.555
20-Sep,7.266,15.698,8.431
21-Sep,7.266,15.698,8.423
22-Sep,7.266,15.698,8.341
23-Sep,7.266,15.698,8.311
26-Sep,7.266,15.698,8.315
27-Sep,7.266,15.698,8.303
28-Sep,7.266,15.698,8.189
29-Sep,7.266,15.698,8.182
30-Sep,7.266,15.698,8.192
3-Oct,7.266,15.698,8.188
4-Oct,7.266,15.698,8.189
5-Oct,7.266,15.698,8.195
6-Oct,7.266,15.698,8.188
7-Oct,7.266,15.698,8.23
10-Oct,7.266,15.698,8.2
11-Oct,7.266,15.698,8.202
12-Oct,7.266,15.698,8.232
13-Oct,7.266,15.698,8.316
14-Oct,7.266,15.698,8.297
17-Oct,7.266,15.698,8.362
18-Oct,7.266,15.698,8.369
19-Oct,7.266,15.698,8.363
20-Oct,7.266,15.698,8.366
21-Oct,7.266,15.698,8.363
24-Oct,7.266,15.698,8.345
25-Oct,7.266,15.698,8.315
26-Oct,7.266,15.698,8.189
27-Oct,7.266,15.698,8.299
28-Oct,7.266,15.698,8.301
31-Oct,7.266,15.698,8.217
1-Nov,7.266,15.698,8.027
2-Nov,7.266,15.698,7.829
3-Nov,7.266,15.698,7.717
4-Nov,7.266,15.698,7.688
7-Nov,7.266,15.698,7.329
8-Nov,7.266,15.698,7.2
9-Nov,7.266,15.698,7.28
10-Nov,7.266,15.698,7.189
11-Nov,7.266,15.698,7.093
14-Nov,7.266,15.698,7.315
15-Nov,7.266,15.698,7.302
16-Nov,7.266,15.698,7.324
17-Nov,7.266,15.698,7.249
18-Nov,7.266,15.698,6.992
21-Nov,7.266,15.698,6.857
22-Nov,7.266,15.698,6.842
23-Nov,7.266,15.698,6.853
24-Nov,7.266,15.698,6.866
25-Nov,7.266,15.698,6.876
28-Nov,7.266,15.698,6.901
29-Nov,7.266,15.698,6.868
30-Nov,7.266,15.698,6.515
1-Dec,7.266,15.698,6.45
2-Dec,7.266,15.698,6.437
5-Dec,7.266,15.698,6.476
6-Dec,7.266,15.698,6.676
7-Dec,7.266,15.698,6.611
8-Dec,7.266,15.698,6.593
9-Dec,7.266,15.698,6.633
12-Dec,7.266,15.698,6.659
13-Dec,7.266,15.698,6.721
14-Dec,7.266,15.698,7.037
15-Dec,7.266,15.698,7.235
16-Dec,7.266,15.698,7.139
19-Dec,7.266,15.698,7.125
20-Dec,7.266,15.698,7.179
21-Dec,7.266,15.698,7.178
22-Dec,7.266,15.698,7.181
23-Dec,7.266,15.698,7.241
26-Dec,7.266,15.698,7.241
27-Dec,7.266,15.698,7.124
28-Dec,7.266,15.698,7.02
29-Dec,7.266,15.698,7.025
30-Dec,7.266,15.698,7.02
2-Jan,7.266,15.698,7.039
3-Jan,7.266,15.698,6.893
4-Jan,7.266,15.698,6.757
5-Jan,7.266,15.698,6.725
6-Jan,7.266,15.698,6.778
9-Jan,7.266,15.698,6.826
10-Jan,7.266,15.698,6.808
11-Jan,7.266,15.698,6.827
12-Jan,6.95,15.698,6.845
13-Jan,7.108,15.698,6.89
16-Jan,7.157,15.698,6.938
17-Jan,7.22,15.698,7.05
18-Jan,7.2,15.698,7.038
19-Jan,7.116,15.698,6.997
20-Jan,7.054,15.698,7.022
23-Jan,6.869,15.698,6.93
24-Jan,6.736,15.698,6.898
25-Jan,6.588,15.698,6.817
26-Jan,6.754,15.698,6.858
27-Jan,7.433,15.698,7.106
30-Jan,8.466,15.698,7.518
31-Jan,8.7,15.698,7.735
1-Feb,8.274,15.698,7.545
2-Feb,8.182,15.698,7.471
3-Feb,8.234,15.698,7.436
6-Feb,8.729,15.698,7.568
7-Feb,9.464,15.698,7.715
8-Feb,9.173,15.698,7.624
9-Feb,9.81,15.698,7.706
10-Feb,8.575,15.698,7.264
13-Feb,9.024,15.698,7.408
14-Feb,9.103,15.698,7.43
15-Feb,9.628,15.698,7.635
16-Feb,9.56,15.698,7.676
17-Feb,9.667,15.698,7.712
20-Feb,9.088,15.698,7.406
21-Feb,7.937,15.698,7.103
22-Feb,8.047,15.698,7.191
23-Feb,8.129,15.698,7.21
24-Feb,7.705,15.698,7.077
27-Feb,7.702,15.698,7.051
28-Feb,7.909,15.698,7.058
1-Mar,7.471,15.698,6.826
2-Mar,7.767,15.698,6.926
3-Mar,7.725,15.698,6.953
6-Mar,7.763,15.698,7.003
7-Mar,8.041,15.698,7.107
8-Mar,7.968,15.698,7.093
9-Mar,7.894,15.698,7.108
10-Mar,7.753,15.698,7.092
13-Mar,7.817,15.698,7.094
14-Mar,8.08,15.698,7.197
15-Mar,8.044,15.698,7.234
16-Mar,7.921,15.698,7.247
17-Mar,8.118,15.698,7.302
20-Mar,8.384,15.698,7.37
21-Mar,8.042,15.698,7.343
22-Mar,8.078,15.698,7.303
23-Mar,8.189,15.698,7.29
24-Mar,8.379,15.698,7.309
27-Mar,8.114,15.698,7.185
28-Mar,7.797,15.698,7.027
29-Mar,7.446,15.698,6.875
30-Mar,7.485,15.698,6.853
31-Mar,7.481,15.698,6.899
3-Apr,7.51,15.698,6.921
4-Apr,7.715,15.698,6.989
5-Apr,7.641,15.698,6.995
6-Apr,7.663,15.698,7.013
7-Apr,7.443,15.698,6.785
10-Apr,7.246,15.698,6.706
11-Apr,7.123,15.698,6.632
12-Apr,7.025,15.698,6.57
13-Apr,7.05,15.698,6.574
14-Apr,7.049,15.698,6.574
17-Apr,7.049,15.698,6.574
18-Apr,7.132,15.698,6.677
19-Apr,7.072,15.698,6.6
20-Apr,7.033,15.698,6.6
21-Apr,6.831,15.698,6.549
24-Apr,6.382,15.698,6.361
25-Apr,6.502,15.698,6.347
26-Apr,6.445,15.698,6.317
27-Apr,6.37,15.698,6.306
28-Apr,6.205,15.698,6.251
1-May,6.205,15.698,6.251
2-May,5.791,15.698,5.915
3-May,5.703,15.698,5.928
4-May,5.535,15.698,5.893
5-May,5.436,15.698,5.77
8-May,5.419,15.698,5.611
9-May,5.326,15.698,5.579
10-May,5.319,15.698,5.573
11-May,5.332,15.698,5.584
12-May,5.358,15.698,5.61
15-May,5.407,15.698,5.617
16-May,5.41,15.698,5.649
17-May,5.438,15.698,5.643
18-May,5.63,15.698,5.703
19-May,5.518,15.698,5.619
22-May,5.362,15.698,5.57
23-May,5.532,15.698,5.718
24-May,5.807,15.698,6.008
25-May,5.708,15.698,5.968
26-May,5.621,15.698,5.909
29-May,5.609,15.698,5.922
30-May,5.689,15.698,5.99
31-May,5.706,15.698,6.022
1-Jun,5.738,15.698,6.034
2-Jun,5.67,15.698,5.991
5-Jun,5.676,15.698,5.982
6-Jun,5.635,15.698,6.008
7-Jun,5.52,15.698,5.991
8-Jun,5.464,15.698,5.993
9-Jun,5.19,15.698,5.936
12-Jun,4.917,15.698,5.802
13-Jun,4.724,15.698,5.771
14-Jun,4.703,15.698,5.739
15-Jun,4.817,15.698,5.799
16-Jun,4.588,15.698,5.615
19-Jun,4.227,15.698,5.575
20-Jun,4.088,15.698,5.508
21-Jun,4.026,15.698,5.505
22-Jun,3.985,15.698,5.51
23-Jun,3.843,15.698,5.373
26-Jun,3.865,15.698,5.361
27-Jun,4.026,15.698,5.424
28-Jun,3.983,15.698,5.437
29-Jun,3.781,15.698,5.367
30-Jun,3.683,15.698,5.36
3-Jul,3.482,15.698,5.35
4-Jul,3.375,15.698,5.265
5-Jul,3.484,15.698,5.3
6-Jul,3.615,15.698,5.309
7-Jul,3.594,15.698,5.359
10-Jul,3.554,15.698,5.329
11-Jul,3.541,15.698,5.316
12-Jul,3.528,15.698,5.298
13-Jul,3.447,15.698,5.295
14-Jul,3.449,15.698,5.276
17-Jul,3.37,15.698,5.236
18-Jul,3.334,15.698,5.203
19-Jul,3.352,15.698,5.207
20-Jul,3.374,15.698,5.22
21-Jul,3.344,15.698,5.219
24-Jul,3.179,15.698,5.216
25-Jul,3.202,15.698,5.247
26-Jul,3.184,15.698,5.255
27-Jul,3.225,15.698,5.27
28-Jul,3.283,4.521,5.325
31-Jul,3.288,4.556,5.342
1-Aug,3.286,4.557,5.391
2-Aug,3.211,4.557,5.418
3-Aug,3.13,4.564,5.462
4-Aug,3.183,4.559,5.408
7-Aug,3.157,4.554,5.407
8-Aug,3.149,4.539,5.407
9-Aug,3.137,4.545,5.454
10-Aug,3.145,4.567,5.466
11-Aug,3.217,4.6,5.507
14-Aug,3.197,4.586,5.482
15-Aug,3.205,4.602,5.518
16-Aug,3.165,4.609,5.537
17-Aug,3.166,4.634,5.567
18-Aug,3.16,4.651,5.575
21-Aug,3.142,4.615,5.574
22-Aug,3.066,4.576,5.521
23-Aug,3.053,4.579,5.514
24-Aug,3.027,4.555,5.501
25-Aug,3.072,4.553,5.489
28-Aug,3.07,4.552,5.49
29-Aug,3.027,4.557,5.477
30-Aug,3.012,4.561,5.479
31-Aug,2.988,4.558,5.48
1-Sep,2.981,4.556,5.479
4-Sep,2.95,4.56,5.477
5-Sep,2.934,4.513,5.445
6-Sep,2.904,4.469,5.431
7-Sep,2.808,4.446,5.421
8-Sep,2.783,4.433,5.422
11-Sep,2.749,4.406,5.422
12-Sep,2.739,4.349,5.411
13-Sep,2.712,4.331,5.394
14-Sep,2.679,4.334,5.367
15-Sep,2.715,4.347,5.395
18-Sep,2.756,4.393,5.428
19-Sep,2.819,4.439,5.49
20-Sep,2.853,4.457,5.538
21-Sep,2.811,4.427,5.524
22-Sep,2.812,4.402,5.499
25-Sep,2.823,4.415,5.517
26-Sep,3.056,4.558,5.6
27-Sep,3.271,4.733,5.73
28-Sep,3.125,4.651,5.657
29-Sep,2.999,4.604,5.598
2-Oct,2.943,4.558,5.526
3-Oct,3.001,4.575,5.544
4-Oct,3.015,4.582,5.54
5-Oct,3.042,4.568,5.543
6-Oct,3.031,4.57,5.55
9-Oct,3.029,4.568,5.543
10-Oct,3.017,4.552,5.535
11-Oct,3.045,4.534,5.516
12-Oct,3.049,4.542,5.529
13-Oct,3.064,4.53,5.49
16-Oct,3.047,4.518,5.445
17-Oct,3.039,4.505,5.416
18-Oct,3.04,4.504,5.467
19-Oct,3.108,4.537,5.51
20-Oct,3.098,4.535,5.505
23-Oct,3.126,4.539,5.514
24-Oct,3.16,4.536,5.492
25-Oct,3.157,4.566,5.522
26-Oct,3.133,4.535,5.505
27-Oct,3.091,4.505,5.491
30-Oct,3.12,4.491,5.501
31-Oct,3.06,4.407,5.428
1-Nov,2.903,4.289,5.219
2-Nov,2.802,4.094,5.036
3-Nov,2.796,4.096,5.088
6-Nov,2.818,4.088,5.066
7-Nov,2.827,4.092,5.033
8-Nov,2.913,4.111,5.069
9-Nov,2.936,4.125,5.1
10-Nov,2.933,4.125,5.122
13-Nov,2.819,4.098,5.027
14-Nov,2.823,4.086,5.041
15-Nov,2.833,4.082,5.056
16-Nov,2.812,4.068,5.15
17-Nov,2.814,4.065,5.176
20-Nov,2.834,4.074,5.206
21-Nov,2.847,4.074,5.264
22-Nov,2.853,4.095,5.279
23-Nov,2.871,4.111,5.303
24-Nov,2.867,4.12,5.293
27-Nov,2.837,4.113,5.301
28-Nov,2.868,4.147,5.301
29-Nov,2.786,4.132,5.358
30-Nov,2.712,4.113,5.354
1-Dec,2.578,4.025,5.367
4-Dec,2.52,3.863,5.314
5-Dec,2.337,3.692,4.789
6-Dec,2.348,3.687,4.774
7-Dec,2.315,3.672,4.746
8-Dec,2.169,3.592,4.473
11-Dec,2.187,3.616,4.468
12-Dec,2.005,3.477,4.339
13-Dec,1.925,3.408,4.237
14-Dec,1.895,3.313,4.081
15-Dec,1.863,3.243,3.931
18-Dec,1.855,3.281,3.917
19-Dec,1.895,3.444,4.058
20-Dec,1.765,3.424,4.069
21-Dec,1.622,3.385,4.047
22-Dec,1.603,3.413,4.077
25-Dec,1.603,3.413,4.077
26-Dec,1.603,3.413,4.077
27-Dec,1.622,3.406,4.061
28-Dec,1.544,3.447,4.075
29-Dec,1.543,3.424,4.073
1-Jan,1.543,3.602,4.073
2-Jan,1.555,3.605,4.061
3-Jan,1.498,3.547,3.983
4-Jan,1.341,3.314,3.823
5-Jan,1.324,3.183,3.729
8-Jan,1.327,3.121,3.657
9-Jan,1.336,3.084,3.652
10-Jan,1.409,3.127,3.675
11-Jan,1.417,3.209,3.852
12-Jan,1.377,3.166,3.861
15-Jan,1.364,3.147,3.86
16-Jan,1.312,2.953,3.752
17-Jan,1.265,2.824,3.736
18-Jan,1.234,2.881,3.768
19-Jan,1.238,2.883,3.802
22-Jan,1.168,2.859,3.816
23-Jan,1.122,2.778,3.731
24-Jan,1.218,2.772,3.692
25-Jan,1.285,2.801,3.68
26-Jan,1.247,2.787,3.631
29-Jan,1.282,2.838,3.633
30-Jan,1.319,2.884,3.655
31-Jan,1.307,3,3.713
1-Feb,1.262,2.932,3.675
2-Feb,1.247,2.888,3.65
5-Feb,1.279,2.995,3.707
6-Feb,1.304,3.033,3.709
7-Feb,1.204,2.922,3.651
8-Feb,1.281,3.083,3.786
9-Feb,1.782,3.488,4.079
12-Feb,1.742,3.6,4.239
13-Feb,1.768,3.696,4.352
14-Feb,1.735,3.757,4.432
15-Feb,1.589,3.478,4.377
16-Feb,1.605,3.36,4.239
19-Feb,1.645,3.353,4.221
20-Feb,1.72,3.498,4.344
21-Feb,1.609,3.519,4.383
22-Feb,1.627,3.465,4.328
23-Feb,1.641,3.549,4.355
26-Feb,1.655,3.578,4.38
27-Feb,1.572,3.538,4.349
28-Feb,1.54,3.58,4.382
1-Mar,1.541,3.672,4.443
2-Mar,1.498,3.59,4.326
5-Mar,1.369,3.609,4.34
6-Mar,1.165,3.54,4.277
7-Mar,1.177,3.498,4.216
8-Mar,1.177,3.393,4.13
9-Mar,1.177,3.427,4.16
12-Mar,1.177,3.393,4.144
13-Mar,1.177,3.363,4.121
14-Mar,1.177,3.409,4.146
15-Mar,1.177,3.489,4.193
16-Mar,1.177,3.453,4.169
19-Mar,1.177,3.432,4.173
20-Mar,1.177,3.398,4.157
21-Mar,1.177,3.456,4.197
22-Mar,1.177,3.494,4.274
23-Mar,1.177,3.544,4.362
26-Mar,1.177,3.571,4.405
27-Mar,1.177,3.449,4.348
28-Mar,1.177,3.451,4.336
29-Mar,1.177,3.356,4.288
30-Mar,1.177,3.356,4.288
2-Apr,1.177,3.356,4.288
3-Apr,1.177,3.334,4.234
4-Apr,1.177,3.163,4.07
5-Apr,1.177,3.115,3.984
6-Apr,1.177,3.106,3.987
9-Apr,1.177,3.105,3.975
10-Apr,1.177,3.153,4.041
11-Apr,1.177,3.199,4.075
12-Apr,1.177,3.149,3.995
13-Apr,1.177,3.212,4.072
16-Apr,1.177,3.195,4.025
17-Apr,1.177,3.17,3.998
18-Apr,1.177,3.111,3.975
19-Apr,1.177,3.161,4.013
20-Apr,1.177,3.159,4.019
23-Apr,1.177,3.126,4.014
24-Apr,1.177,3.026,3.97
25-Apr,1.177,3.035,3.955
26-Apr,1.177,2.984,3.92
27-Apr,1.177,2.947,3.9
30-Apr,1.177,2.836,3.835
1-May,1.177,2.836,3.835
2-May,1.177,2.936,3.905
3-May,1.177,3,3.974
4-May,1.177,3.055,4.1
7-May,1.177,3.055,4.1
8-May,1.177,3.102,4.174
9-May,1.177,3.125,4.169
10-May,1.177,3.071,4.059
11-May,1.177,2.987,4.001
14-May,1.177,3.022,4.028
15-May,1.177,3.136,4.1
16-May,1.177,3.396,4.335
17-May,1.177,3.442,4.414
18-May,1.177,3.522,4.497
21-May,1.177,3.482,4.495
22-May,1.177,3.342,4.359
23-May,1.177,3.321,4.335
24-May,1.177,3.203,4.232
25-May,1.177,3.317,4.369
28-May,1.177,3.343,4.414
29-May,1.177,3.807,4.738
30-May,1.177,3.706,4.548
31-May,1.177,3.784,4.547
1-Jun,1.177,3.787,4.467
4-Jun,1.177,3.742,4.428
5-Jun,1.177,3.767,4.486
6-Jun,1.177,3.856,4.558
7-Jun,1.177,3.816,4.547
8-Jun,1.177,3.947,4.648
11-Jun,1.177,3.683,4.476
12-Jun,1.177,3.734,4.503
13-Jun,1.177,3.797,4.544
14-Jun,1.177,3.788,4.557
15-Jun,1.177,3.714,4.452
18-Jun,1.177,3.572,4.388
19-Jun,1.177,3.504,4.344
20-Jun,1.177,3.508,4.332
21-Jun,1.177,3.432,4.279
22-Jun,1.177,3.254,4.114
25-Jun,1.177,3.26,4.098
26-Jun,1.177,3.255,4.08
27-Jun,1.177,3.205,4.004
28-Jun,1.177,3.188,4.017
29-Jun,1.177,3.048,3.93
2-Jul,1.177,3.072,3.947
3-Jul,1.177,3.04,3.927
4-Jul,1.177,3.046,3.94
5-Jul,1.177,3.094,4.002
6-Jul,1.177,2.991,3.927
9-Jul,1.177,2.871,3.842
10-Jul,1.177,2.802,3.822
11-Jul,1.177,2.861,3.853
12-Jul,1.177,2.871,3.85
13-Jul,1.177,2.877,3.829
16-Jul,1.177,2.894,3.838
17-Jul,1.177,2.889,3.828
18-Jul,1.177,2.911,3.838
19-Jul,1.177,2.934,3.842
20-Jul,1.177,2.944,3.847
23-Jul,1.177,2.914,3.83
24-Jul,1.177,2.905,3.835
25-Jul,1.177,2.84,3.806
26-Jul,1.177,2.853,3.819
27-Jul,1.177,2.841,3.811
30-Jul,1.177,2.871,3.859
31-Jul,1.177,2.965,3.938
1-Aug,1.177,2.945,3.941
2-Aug,1.177,3.139,4.053
3-Aug,1.177,3.134,4.06
6-Aug,1.177,3.019,3.967
7-Aug,1.177,2.991,3.968
8-Aug,1.177,2.995,3.975
9-Aug,1.177,3.148,4.087
10-Aug,1.177,3.178,4.187
13-Aug,1.177,3.243,4.248
14-Aug,1.177,3.216,4.228
15-Aug,1.177,3.234,4.243
16-Aug,1.177,3.24,4.293
17-Aug,1.177,3.254,4.312
20-Aug,1.177,3.237,4.295
21-Aug,1.177,3.17,4.201
22-Aug,1.177,3.13,4.174
23-Aug,1.177,3.114,4.151
24-Aug,1.177,3.134,4.164
27-Aug,1.177,3.133,4.164
28-Aug,1.177,3.109,4.154
29-Aug,1.177,3.18,4.2
30-Aug,1.177,3.354,4.343
31-Aug,1.177,3.374,4.367
3-Sep,1.177,3.396,4.423
4-Sep,1.177,3.51,4.526
5-Sep,1.177,3.506,4.524
6-Sep,1.177,3.376,4.386
7-Sep,1.177,3.334,4.268
10-Sep,1.177,3.228,4.173
11-Sep,1.177,3.163,4.064
12-Sep,1.177,3.163,4.063
13-Sep,1.177,3.073,4.006
14-Sep,1.177,3.1,4.067
17-Sep,1.177,3.051,4.015
18-Sep,1.177,3.054,4.058
19-Sep,1.177,3.081,4.079
20-Sep,1.177,3.052,4.052
21-Sep,1.177,3.062,4.048
24-Sep,1.177,3.127,4.09
25-Sep,1.177,3.076,4.046
26-Sep,1.177,3.062,4.025
27-Sep,1.177,3.102,4.022
28-Sep,1.177,3.199,4.152
1-Oct,1.177,3.235,4.193
2-Oct,1.177,3.3,4.277
3-Oct,1.177,3.433,4.378
4-Oct,1.177,3.509,4.467
5-Oct,1.177,3.455,4.48
8-Oct,1.177,3.555,4.611
9-Oct,1.177,3.499,4.558
10-Oct,1.177,3.413,4.44
11-Oct,1.177,3.461,4.472
12-Oct,1.177,3.374,4.383
15-Oct,1.177,3.364,4.368
16-Oct,1.177,3.319,4.256
17-Oct,1.177,3.336,4.301
18-Oct,1.177,3.466,4.416
19-Oct,1.177,3.374,4.328
22-Oct,1.177,3.334,4.308
23-Oct,1.177,3.346,4.29
24-Oct,1.177,3.329,4.276
25-Oct,1.177,3.269,4.215
26-Oct,1.177,3.322,4.276
29-Oct,1.177,3.277,4.182
30-Oct,1.177,3.283,4.23
31-Oct,1.177,3.275,4.213
1-Nov,1.177,3.281,4.211
2-Nov,1.177,3.322,4.272
5-Nov,1.177,3.315,4.269
6-Nov,1.177,3.326,4.314
7-Nov,1.177,3.33,4.285
8-Nov,1.177,3.338,4.314
9-Nov,1.177,3.373,4.363
12-Nov,1.177,3.383,4.391
13-Nov,1.177,3.418,4.428
14-Nov,1.177,3.45,4.48
15-Nov,1.177,3.477,4.558
16-Nov,1.177,3.434,4.549
19-Nov,1.177,3.429,4.547
20-Nov,1.177,3.599,4.665
21-Nov,1.177,3.56,4.633
22-Nov,1.177,3.466,4.558
23-Nov,1.177,3.456,4.536
26-Nov,1.177,3.286,4.373
27-Nov,1.177,3.276,4.347
28-Nov,1.177,3.294,4.319
29-Nov,1.177,3.203,4.253
30-Nov,1.177,3.197,4.248
3-Dec,1.177,3.148,4.186
4-Dec,1.177,3.184,4.217
5-Dec,1.177,3.139,4.135
6-Dec,1.177,3.259,4.235
7-Dec,1.177,3.253,4.21
10-Dec,1.177,3.277,4.233
11-Dec,1.177,3.285,4.245
12-Dec,1.177,3.272,4.25
13-Dec,1.177,3.258,4.217
14-Dec,1.177,3.288,4.224
17-Dec,1.177,3.333,4.324
18-Dec,1.177,3.386,4.362
19-Dec,1.177,3.299,4.274
20-Dec,1.177,3.23,4.271
21-Dec,1.177,3.251,4.332
24-Dec,1.177,3.231,4.33
25-Dec,1.177,3.231,4.33
26-Dec,1.177,3.231,4.33
27-Dec,1.177,3.283,4.365
28-Dec,1.177,3.262,4.347
31-Dec,1.177,3.182,4.346
1-Jan,1.177,3.182,4.346
2-Jan,1.177,3.276,4.368
3-Jan,1.177,3.291,4.388
4-Jan,1.177,3.279,4.386
7-Jan,1.177,3.246,4.36
8-Jan,1.177,3.223,4.326
9-Jan,1.177,3.188,4.286
10-Jan,1.177,3.248,4.305
11-Jan,1.177,3.23,4.281
14-Jan,1.177,3.195,4.275
15-Jan,1.177,3.132,4.252
16-Jan,1.177,3.088,4.221
17-Jan,1.177,3.042,4.201
18-Jan,1.177,3.006,4.168
21-Jan,1.177,2.953,4.139
22-Jan,1.177,2.949,4.111
23-Jan,1.177,3.061,4.158
24-Jan,1.177,3.048,4.125
25-Jan,1.177,2.99,4.06
28-Jan,1.177,2.973,4.039
29-Jan,1.177,2.911,3.957
30-Jan,1.177,2.877,3.906
31-Jan,1.177,2.813,3.85
1-Feb,1.177,2.841,3.902
4-Feb,1.177,2.807,3.884
5-Feb,1.177,3.281,3.884
6-Feb,1.177,3.291,3.885
7-Feb,1.177,3.345,3.984
8-Feb,1.177,3.353,4.002
11-Feb,1.177,3.355,3.996
12-Feb,1.177,3.281,3.925
13-Feb,1.177,3.237,3.892
14-Feb,1.177,3.221,3.842
15-Feb,1.177,3.203,3.803
18-Feb,1.177,3.134,3.756
19-Feb,1.177,3.102,3.755
20-Feb,1.177,3.075,3.76
21-Feb,1.177,3.053,3.78
22-Feb,1.177,3.052,3.797
25-Feb,1.177,3.005,3.766
26-Feb,1.177,2.918,3.713
27-Feb,1.177,2.892,3.684
28-Feb,1.177,2.833,3.652
1-Mar,1.177,2.792,3.633
4-Mar,1.177,2.811,3.661
5-Mar,1.177,2.78,3.695
6-Mar,1.177,2.796,3.736
7-Mar,1.177,2.893,3.802
8-Mar,1.177,2.845,3.76
11-Mar,1.177,2.777,3.702
12-Mar,1.177,2.713,3.871
13-Mar,1.177,2.651,3.818
14-Mar,1.177,2.631,3.807
15-Mar,1.177,2.622,3.785
18-Mar,1.177,2.567,3.731
19-Mar,1.177,2.586,3.743
20-Mar,1.177,2.602,3.774
21-Mar,1.177,2.56,3.722
22-Mar,1.177,2.588,3.751
25-Mar,1.177,2.591,3.757
26-Mar,1.177,2.617,3.778
27-Mar,1.177,2.618,3.769
28-Mar,1.177,2.623,3.77
29-Mar,1.177,2.582,3.728
1-Apr,1.177,2.556,3.703
2-Apr,1.177,2.524,3.68
3-Apr,1.177,2.484,3.643
4-Apr,1.177,2.428,3.602
5-Apr,1.177,2.3,3.519
8-Apr,1.177,2.264,3.472
9-Apr,1.177,2.264,3.451
10-Apr,1.177,2.22,3.41
11-Apr,1.177,2.175,3.339
12-Apr,1.177,2.147,3.284
15-Apr,1.177,2.146,3.275
16-Apr,1.177,2.152,3.296
17-Apr,1.177,2.193,3.309
18-Apr,1.177,2.19,3.303
19-Apr,1.177,2.19,3.303
22-Apr,1.177,2.19,3.303
23-Apr,1.177,2.203,3.309
24-Apr,1.177,2.174,3.285
25-Apr,1.177,2.173,3.29
26-Apr,1.177,2.17,3.289
29-Apr,1.177,2.17,3.299
30-Apr,1.177,2.239,3.358
1-May,1.177,2.239,3.358
2-May,1.177,2.208,3.332
3-May,1.177,2.197,3.334
6-May,1.177,2.196,3.333
7-May,1.177,2.207,3.339
8-May,1.177,2.304,3.43
9-May,1.177,2.394,3.524
10-May,1.177,2.376,3.5
13-May,1.177,2.389,3.549
14-May,1.177,2.343,3.548
15-May,1.177,2.348,3.544
16-May,1.177,2.228,3.452
17-May,1.177,2.179,3.419
20-May,1.177,2.131,3.409
21-May,1.177,2.061,3.374
22-May,1.177,2.102,3.399
23-May,1.177,2.097,3.417
24-May,1.177,2.029,3.348
27-May,1.177,1.881,3.122
28-May,1.177,1.938,3.168
29-May,1.177,1.91,3.12
30-May,1.177,1.827,3.042
31-May,1.177,1.712,2.892
3-Jun,1.177,1.656,2.856
4-Jun,1.177,1.711,2.921
5-Jun,1.177,1.76,2.942
6-Jun,1.177,1.689,2.898
7-Jun,1.177,1.615,2.808
10-Jun,1.177,1.629,2.816
11-Jun,1.177,1.579,2.767
12-Jun,1.177,1.562,2.739
13-Jun,1.177,1.525,2.689
14-Jun,1.177,1.518,2.698
17-Jun,1.177,1.523,2.704
18-Jun,1.177,1.261,2.492
19-Jun,1.177,1.241,2.467
20-Jun,1.177,1.424,2.549
21-Jun,1.177,1.323,2.52
24-Jun,1.177,1.247,2.408
25-Jun,1.177,1.295,2.46
26-Jun,1.177,1.273,2.436
27-Jun,1.177,1.29,2.45
28-Jun,1.177,1.277,2.432
1-Jul,1.177,1.205,2.279
2-Jul,1.177,1.11,2.16
3-Jul,1.177,1.016,2.038
4-Jul,1.177,1.025,2.043
5-Jul,1.177,1.109,2.123
8-Jul,1.177,1.109,2.067
9-Jul,1.177,1.221,2.184
10-Jul,1.177,1.253,2.264
11-Jul,1.177,1.205,2.246
12-Jul,1.177,1.276,2.332
15-Jul,1.177,1.22,2.291
16-Jul,1.177,1.178,2.225
17-Jul,1.177,1.169,2.221
18-Jul,1.177,1.112,2.124
19-Jul,1.177,1.129,2.138
22-Jul,1.177,1.091,2.096
23-Jul,1.177,1.047,2.038
24-Jul,1.177,1.005,1.981
25-Jul,1.177,1.02,1.995
26-Jul,1.177,1.069,2.048
29-Jul,1.177,1.048,2.028
30-Jul,1.177,1.079,2.05
31-Jul,1.177,1.053,2.021
1-Aug,1.177,1.08,2.034
2-Aug,1.177,1.094,2.027
5-Aug,1.177,1.093,2.033
6-Aug,1.177,1.1,2.035
7-Aug,1.177,1.076,1.971
8-Aug,1.177,1.115,2.03
9-Aug,1.177,1.205,2.119
12-Aug,1.177,1.224,2.147
13-Aug,1.177,1.192,2.109
14-Aug,1.177,1.152,2.029
15-Aug,1.177,1.129,2.002
16-Aug,1.177,1.086,1.95
19-Aug,1.177,1.145,2.016
20-Aug,1.177,1.138,1.982
21-Aug,1.177,1.14,1.979
22-Aug,1.177,1.123,1.951
23-Aug,1.177,1.12,1.94
26-Aug,1.177,1.119,1.939
27-Aug,1.177,1.033,1.806
28-Aug,1.177,0.976,1.714
29-Aug,1.177,0.894,1.558
30-Aug,1.177,0.941,1.612
2-Sep,1.177,0.932,1.598
3-Sep,1.177,0.93,1.602
4-Sep,1.177,0.905,1.558
5-Sep,1.177,0.878,1.571
6-Sep,1.177,0.857,1.578
9-Sep,1.177,0.862,1.591
10-Sep,1.177,0.886,1.636
11-Sep,1.177,0.876,1.642
12-Sep,1.177,0.786,1.536
13-Sep,1.177,0.819,1.563
16-Sep,1.177,0.786,1.526
17-Sep,1.177,0.765,1.487
18-Sep,1.177,0.695,1.379
19-Sep,1.177,0.715,1.36
20-Sep,1.177,0.702,1.33
23-Sep,1.177,0.688,1.314
24-Sep,1.177,0.681,1.317
25-Sep,1.177,0.684,1.324
26-Sep,1.177,0.688,1.33
27-Sep,1.177,0.696,1.32
30-Sep,1.177,0.693,1.333
1-Oct,1.177,0.691,1.345
2-Oct,1.177,0.693,1.348
3-Oct,1.177,0.676,1.336
4-Oct,1.177,0.673,1.335
7-Oct,1.177,0.685,1.408
8-Oct,1.177,0.685,1.434
9-Oct,1.177,0.684,1.409
10-Oct,1.177,0.687,1.436
11-Oct,1.177,0.684,1.43
14-Oct,1.177,0.681,1.422
15-Oct,1.177,0.67,1.395
16-Oct,1.177,0.66,1.383
17-Oct,1.177,0.642,1.377
18-Oct,1.177,0.596,1.304
21-Oct,1.177,0.59,1.314
22-Oct,1.177,0.525,1.275
23-Oct,1.177,0.509,1.264
24-Oct,1.177,0.485,1.228
25-Oct,1.177,0.439,1.199
28-Oct,1.177,0.451,1.21
29-Oct,1.177,0.439,1.224
30-Oct,1.177,0.414,1.185
31-Oct,1.177,0.379,1.15
1-Nov,1.177,0.4,1.176
4-Nov,1.177,0.392,1.178
5-Nov,1.177,0.402,1.195
6-Nov,1.177,0.398,1.189
7-Nov,1.177,0.419,1.231
8-Nov,1.177,0.438,1.304
11-Nov,1.177,0.457,1.341
12-Nov,1.177,0.498,1.381
13-Nov,1.177,0.499,1.386
14-Nov,1.177,0.523,1.447
15-Nov,1.177,0.542,1.439
18-Nov,1.177,0.525,1.421
19-Nov,1.177,0.517,1.42
20-Nov,1.177,0.509,1.382
21-Nov,1.177,0.509,1.385
22-Nov,1.177,0.517,1.375
25-Nov,1.177,0.52,1.353
26-Nov,1.177,0.525,1.365
27-Nov,1.177,0.543,1.393
28-Nov,1.177,0.559,1.41
29-Nov,1.177,0.572,1.428
2-Dec,1.177,0.606,1.499
3-Dec,1.177,0.621,1.531
4-Dec,1.177,0.629,1.529
5-Dec,1.177,0.618,1.523
6-Dec,1.177,0.611,1.492
9-Dec,1.177,0.549,1.369
10-Dec,1.177,0.522,1.351
11-Dec,1.177,0.506,1.355
12-Dec,1.177,0.473,1.342
13-Dec,1.177,0.463,1.34
16-Dec,1.177,0.435,1.33
17-Dec,1.177,0.431,1.335
18-Dec,1.177,0.368,1.272
19-Dec,1.177,0.481,1.371
20-Dec,1.177,0.513,1.419
23-Dec,1.177,0.518,1.428
24-Dec,1.177,0.501,1.415
25-Dec,1.177,0.501,1.415
26-Dec,1.177,0.501,1.415
27-Dec,1.177,0.492,1.424
30-Dec,1.177,0.486,1.426
31-Dec,1.177,0.489,1.431
1-Jan,1.177,0.489,1.431
2-Jan,1.177,0.461,1.409
3-Jan,1.177,0.452,1.394
6-Jan,1.177,0.448,1.392
7-Jan,1.177,0.457,1.385
8-Jan,1.177,0.461,1.383
9-Jan,1.177,0.458,1.372
10-Jan,1.177,0.454,1.346
13-Jan,1.177,0.461,1.38
14-Jan,1.177,0.468,1.387
15-Jan,1.177,0.477,1.384
16-Jan,1.177,0.477,1.399
17-Jan,1.177,0.474,1.406
20-Jan,1.177,0.474,1.404
21-Jan,1.177,0.446,1.369
22-Jan,1.177,0.454,1.357
23-Jan,1.177,0.433,1.317
24-Jan,1.177,0.417,1.294
27-Jan,1.177,0.322,1.162
28-Jan,1.177,0.332,1.175
29-Jan,1.177,0.336,1.157
30-Jan,1.177,0.327,1.147
31-Jan,1.177,0.323,1.156
3-Feb,1.177,0.365,1.18
4-Feb,1.177,0.347,1.161
5-Feb,1.177,0.324,1.159
6-Feb,1.177,0.326,1.126
7-Feb,1.177,0.309,1.04
10-Feb,1.177,0.29,1.01
11-Feb,1.177,0.299,1.002
12-Feb,1.177,0.295,0.956
13-Feb,1.177,0.282,0.932
14-Feb,1.177,0.294,0.928
17-Feb,1.177,0.3,0.932
18-Feb,1.177,0.314,0.965
19-Feb,1.177,0.311,0.955
20-Feb,1.177,0.3,0.958
21-Feb,1.177,0.283,0.946
24-Feb,1.177,0.314,0.993
25-Feb,1.177,0.35,1.048
26-Feb,1.177,0.422,1.14
27-Feb,1.177,0.474,1.219
28-Feb,1.177,0.521,1.298
2-Mar,1.177,0.577,1.352
3-Mar,1.177,0.488,1.211
4-Mar,1.177,0.487,1.19
5-Mar,1.177,0.523,1.261
6-Mar,1.177,0.718,1.394
9-Mar,1.177,1.275,1.834
10-Mar,1.177,1.142,1.602
11-Mar,1.177,1.072,1.53
12-Mar,1.177,1.745,2.037
13-Mar,1.177,1.729,2.09
16-Mar,1.177,2.478,2.718
17-Mar,1.177,3.423,3.618
18-Mar,1.177,3.577,3.802
19-Mar,1.177,1.696,2.407
20-Mar,1.177,1.727,2.393
23-Mar,1.177,1.955,2.442
24-Mar,1.177,1.833,2.395
25-Mar,1.177,1.773,2.291
26-Mar,1.177,1.184,1.564
27-Mar,1.177,1.12,1.528
30-Mar,1.177,1.199,1.603
31-Mar,1.177,1.259,1.628
1-Apr,1.177,1.34,1.735
2-Apr,1.177,1.372,1.77
3-Apr,1.177,1.467,1.915
6-Apr,1.177,1.43,1.876
7-Apr,1.177,1.386,1.812
8-Apr,1.177,1.375,1.791
9-Apr,1.177,1.356,1.768
10-Apr,1.177,1.355,1.768
13-Apr,1.177,1.355,1.768
14-Apr,1.177,1.457,1.897
15-Apr,1.177,1.55,2.04
16-Apr,1.177,1.606,2.104
17-Apr,1.177,1.614,2.108
20-Apr,1.177,1.744,2.209
21-Apr,1.177,1.88,2.463
22-Apr,1.177,2.058,2.523
23-Apr,1.177,1.807,2.327
24-Apr,1.177,1.798,2.29
27-Apr,1.177,1.73,2.195
28-Apr,1.177,1.705,2.151
29-Apr,1.177,1.717,2.155
30-Apr,1.177,1.657,2.139
1-May,1.177,1.657,2.139
4-May,1.177,1.621,2.142
5-May,1.177,1.635,2.164
6-May,1.177,1.626,2.162
7-May,1.177,1.649,2.171
8-May,1.177,1.663,2.164
11-May,1.177,1.611,2.153
12-May,1.177,1.558,2.14
13-May,1.177,1.451,2.077
14-May,1.177,1.387,2.038
15-May,1.177,1.39,2.05
18-May,1.177,1.315,1.977
19-May,1.177,1.172,1.843
20-May,1.177,1.134,1.789
21-May,1.177,1.062,1.733
22-May,1.177,1.043,1.692
25-May,1.177,1.017,1.658
26-May,1.177,1.016,1.639
27-May,1.177,0.947,1.566
28-May,1.177,0.857,1.495
29-May,1.177,0.867,1.499
1-Jun,1.177,0.864,1.493
2-Jun,1.177,0.86,1.495
3-Jun,1.177,0.861,1.496
4-Jun,1.177,0.673,1.374
5-Jun,1.177,0.606,1.338
8-Jun,1.177,0.644,1.399
9-Jun,1.177,0.647,1.447
10-Jun,1.177,0.6,1.376
11-Jun,1.177,0.563,1.307
12-Jun,1.177,0.528,1.267
15-Jun,1.177,0.49,1.196
16-Jun,1.177,0.461,1.134
17-Jun,1.177,0.479,1.169
18-Jun,1.177,0.675,1.263
19-Jun,1.177,0.681,1.274
22-Jun,1.177,0.676,1.272
23-Jun,1.177,0.71,1.281
24-Jun,1.177,0.686,1.26
25-Jun,1.177,0.726,1.293
26-Jun,1.177,0.687,1.264
29-Jun,1.177,0.659,1.251
30-Jun,1.177,0.607,1.2
1-Jul,1.177,0.554,1.169
2-Jul,1.177,0.562,1.17
3-Jul,1.177,0.536,1.152
6-Jul,1.177,0.518,1.141
7-Jul,1.177,0.496,1.105
8-Jul,1.177,0.489,1.098
9-Jul,1.177,0.482,1.09
10-Jul,1.177,0.556,1.2
13-Jul,1.177,0.57,1.208
14-Jul,1.177,0.607,1.271
15-Jul,1.177,0.617,1.273
16-Jul,1.177,0.597,1.225
17-Jul,1.177,0.557,1.185
20-Jul,1.177,0.518,1.125
21-Jul,1.177,0.472,1.117
22-Jul,1.177,0.483,1.119
23-Jul,1.177,0.431,1.066
24-Jul,1.177,0.448,1.06
27-Jul,1.177,0.449,1.071
28-Jul,1.177,0.443,1.069
29-Jul,1.177,0.436,1.066
30-Jul,1.177,0.425,1.06
31-Jul,1.177,0.44,1.082
3-Aug,0.188,0.442,1.081
4-Aug,0.172,0.411,1.039
5-Aug,0.167,0.41,1.039
6-Aug,0.148,0.387,1.014
7-Aug,0.144,0.381,1.006
10-Aug,0.147,0.391,1.042
11-Aug,0.161,0.41,1.069
12-Aug,0.164,0.417,1.079
13-Aug,0.173,0.441,1.11
14-Aug,0.188,0.457,1.125
17-Aug,0.177,0.437,1.099
18-Aug,0.182,0.428,1.086
19-Aug,0.18,0.424,1.083
20-Aug,0.174,0.424,1.086
21-Aug,0.174,0.427,1.087
24-Aug,0.172,0.426,1.077
25-Aug,0.183,0.438,1.089
26-Aug,0.198,0.451,1.095
27-Aug,0.183,0.441,1.093
28-Aug,0.177,0.44,1.093
31-Aug,0.179,0.441,1.09
1-Sep,0.206,0.47,1.145
2-Sep,0.193,0.452,1.129
3-Sep,0.183,0.424,1.115
4-Sep,0.179,0.423,1.13
7-Sep,0.204,0.451,1.146
8-Sep,0.205,0.456,1.165
9-Sep,0.186,0.433,1.147
10-Sep,0.179,0.426,1.124
11-Sep,0.169,0.414,1.109
14-Sep,0.165,0.397,1.081
15-Sep,0.172,0.408,1.081
16-Sep,0.165,0.403,1.065
17-Sep,0.163,0.402,1.065
18-Sep,0.163,0.404,1.071
21-Sep,0.171,0.411,1.073
22-Sep,0.169,0.408,1.05
23-Sep,0.15,0.394,1.012
24-Sep,0.152,0.406,1.02
25-Sep,0.154,0.419,1.018
28-Sep,0.159,0.429,1.031
29-Sep,0.157,0.426,1.012
30-Sep,0.16,0.421,1.019
1-Oct,0.163,0.432,1.011
2-Oct,0.163,0.419,0.981
5-Oct,0.161,0.415,0.974
6-Oct,0.16,0.411,0.97
7-Oct,0.129,0.378,0.931
8-Oct,0.106,0.341,0.888
9-Oct,0.092,0.328,0.864
12-Oct,0.065,0.298,0.809
13-Oct,0.057,0.282,0.779
14-Oct,0.056,0.275,0.765
15-Oct,0.075,0.313,0.822
16-Oct,0.071,0.29,0.781
19-Oct,0.079,0.306,0.815
20-Oct,0.099,0.319,0.843
21-Oct,0.118,0.361,0.91
22-Oct,0.115,0.372,0.928
23-Oct,0.107,0.361,0.918
26-Oct,0.096,0.358,0.915
27-Oct,0.114,0.38,0.926
28-Oct,0.154,0.44,1.048
29-Oct,0.114,0.372,0.938
30-Oct,0.114,0.36,0.928
2-Nov,0.106,0.355,0.92
3-Nov,0.066,0.315,0.89
4-Nov,0.051,0.287,0.851
5-Nov,-0.001,0.232,0.827
6-Nov,0.001,0.231,0.81
9-Nov,0.029,0.254,0.863
10-Nov,-0.018,0.223,0.835
11-Nov,-0.028,0.178,0.815
12-Nov,-0.039,0.165,0.799
13-Nov,-0.05,0.125,0.749
16-Nov,-0.069,0.082,0.712
17-Nov,-0.086,0.05,0.665
18-Nov,-0.096,0.044,0.659
19-Nov,-0.081,0.078,0.685
20-Nov,-0.083,0.079,0.688
23-Nov,-0.098,0.039,0.664
24-Nov,-0.099,0.034,0.665
25-Nov,-0.098,0.04,0.68
26-Nov,-0.106,0.035,0.665
27-Nov,-0.108,0.032,0.647
30-Nov,-0.116,0.023,0.633
1-Dec,-0.11,0.035,0.652
2-Dec,-0.096,0.084,0.689
3-Dec,-0.106,0.07,0.628
4-Dec,-0.11,0.056,0.627
7-Dec,-0.113,0.051,0.627
8-Dec,-0.106,0.057,0.63
9-Dec,-0.113,0.037,0.605
10-Dec,-0.12,0.044,0.607
11-Dec,-0.131,0.032,0.592
14-Dec,-0.133,0.035,0.595
15-Dec,-0.144,0.014,0.554
16-Dec,-0.14,0.019,0.577
17-Dec,-0.145,0.019,0.578
18-Dec,-0.087,0.081,0.64
21-Dec,-0.085,0.093,0.65
22-Dec,-0.088,0.092,0.651
23-Dec,-0.093,0.089,0.641
24-Dec,-0.095,0.091,0.642
25-Dec,-0.095,0.091,0.642
28-Dec,-0.099,0.089,0.641
29-Dec,-0.106,0.079,0.623
30-Dec,-0.113,0.076,0.618
31-Dec,-0.117,0.076,0.621
1-Jan,-0.117,0.076,0.621
4-Jan,-0.118,0.074,0.621
5-Jan,-0.122,0.063,0.608
6-Jan,-0.123,0.066,0.615
7-Jan,-0.139,0.047,0.607
8-Jan,-0.147,0.035,0.583
11-Jan,-0.131,0.055,0.628
12-Jan,-0.11,0.08,0.678
13-Jan,-0.115,0.08,0.666
14-Jan,-0.117,0.08,0.679
15-Jan,-0.129,0.068,0.652
18-Jan,-0.128,0.075,0.679
19-Jan,-0.134,0.068,0.666
20-Jan,-0.146,0.043,0.638
21-Jan,-0.141,0.047,0.65
22-Jan,-0.113,0.067,0.687
25-Jan,-0.118,0.06,0.668
26-Jan,-0.12,0.052,0.673
27-Jan,-0.118,0.046,0.672
28-Jan,-0.118,0.043,0.676
29-Jan,-0.117,0.046,0.676
1-Feb,-0.127,0.036,0.665
2-Feb,-0.137,0.036,0.666
3-Feb,-0.152,0.012,0.635
4-Feb,-0.153,0.018,0.641
5-Feb,-0.151,0.029,0.755
8-Feb,-0.152,0.033,0.76
9-Feb,-0.152,0.039,0.771
10-Feb,-0.156,0.039,0.783
11-Feb,-0.17,0.022,0.754
12-Feb,-0.181,0.003,0.748
15-Feb,-0.181,0.006,0.768
16-Feb,-0.184,0.007,0.767
17-Feb,-0.185,0.027,0.808
18-Feb,-0.158,0.076,0.871
19-Feb,-0.15,0.103,0.886
22-Feb,-0.145,0.109,0.881
23-Feb,-0.14,0.127,0.926
24-Feb,-0.108,0.127,1.012
25-Feb,-0.067,0.433,1.124
26-Feb,-0.078,0.423,1.106
1-Mar,-0.102,0.378,1.001
2-Mar,-0.113,0.369,0.996
3-Mar,-0.112,0.375,0.989
4-Mar,-0.124,0.355,0.96
5-Mar,-0.121,0.354,0.96
8-Mar,-0.13,0.341,0.945
9-Mar,-0.146,0.278,0.893
10-Mar,-0.165,0.215,0.837
11-Mar,-0.19,0.176,0.776
12-Mar,-0.187,0.198,0.818
15-Mar,-0.189,0.196,0.821
16-Mar,-0.183,0.226,0.863
17-Mar,-0.176,0.268,0.969
18-Mar,-0.18,0.254,0.952
19-Mar,-0.188,0.208,0.914
22-Mar,-0.191,0.192,0.905
23-Mar,-0.197,0.161,0.858
24-Mar,-0.099,0.198,0.852
25-Mar,-0.125,0.191,0.852
26-Mar,-0.107,0.205,0.857
29-Mar,-0.111,0.207,0.867
30-Mar,-0.123,0.21,0.889
31-Mar,-0.135,0.196,0.862
1-Apr,-0.125,0.174,0.818
2-Apr,-0.125,0.174,0.818
5-Apr,-0.125,0.174,0.818
6-Apr,-0.104,0.197,0.847
7-Apr,-0.106,0.183,0.851
8-Apr,-0.184,0.126,0.822
9-Apr,-0.184,0.152,0.862
12-Apr,-0.186,0.159,0.872
13-Apr,-0.189,0.176,0.906
14-Apr,-0.201,0.186,0.917
15-Apr,-0.226,0.143,0.893
16-Apr,-0.253,0.14,0.896
19-Apr,-0.328,0.101,0.904
20-Apr,-0.346,0.089,0.909
21-Apr,-0.354,0.076,0.894
22-Apr,-0.352,0.082,0.888
23-Apr,-0.35,0.089,0.896
26-Apr,-0.351,0.09,0.898
27-Apr,-0.35,0.085,0.908
28-Apr,-0.344,0.106,0.946
29-Apr,-0.337,0.128,0.978
30-Apr,-0.334,0.137,0.981
3-May,-0.34,0.136,0.981
4-May,-0.332,0.16,0.995
5-May,-0.327,0.172,0.97
6-May,-0.314,0.17,0.962
7-May,-0.305,0.219,0.993
10-May,-0.295,0.209,0.977
11-May,-0.288,0.25,1.006
12-May,-0.284,0.244,1.025
13-May,-0.276,0.253,1.046
14-May,-0.277,0.266,1.058
17-May,-0.252,0.29,1.087
18-May,-0.259,0.274,1.07
19-May,-0.255,0.282,1.073
20-May,-0.27,0.245,1.013
21-May,-0.283,0.21,0.968
24-May,-0.295,0.193,0.946
25-May,-0.306,0.143,0.894
26-May,-0.318,0.115,0.851
27-May,-0.319,0.133,0.869
28-May,-0.323,0.109,0.825
31-May,-0.326,0.103,0.822
1-Jun,-0.327,0.112,0.825
2-Jun,-0.33,0.1,0.808
3-Jun,-0.332,0.102,0.804
4-Jun,-0.327,0.106,0.814
7-Jun,-0.324,0.11,0.825
8-Jun,-0.315,0.114,0.856
9-Jun,-0.323,0.086,0.826
10-Jun,-0.332,0.044,0.797
11-Jun,-0.353,-0.011,0.731
14-Jun,-0.351,-0.004,0.744
15-Jun,-0.352,-0.001,0.744
16-Jun,-0.354,-0.01,0.736
17-Jun,-0.349,0.003,0.777
18-Jun,-0.344,0.031,0.811
21-Jun,-0.35,0.031,0.81
22-Jun,-0.341,0.049,0.841
23-Jun,-0.342,0.047,0.829
24-Jun,-0.348,0.038,0.825
25-Jun,-0.345,0.05,0.846
28-Jun,-0.353,0.035,0.831
29-Jun,-0.357,0.045,0.837
30-Jun,-0.362,0.029,0.817
1-Jul,-0.354,0.043,0.828
2-Jul,-0.365,0.011,0.791
5-Jul,-0.367,-0.001,0.803
6-Jul,-0.376,-0.04,0.753
7-Jul,-0.381,-0.049,0.732
8-Jul,-0.398,-0.05,0.75
9-Jul,-0.401,-0.051,0.749
12-Jul,-0.402,-0.066,0.736
13-Jul,-0.427,-0.084,0.708
14-Jul,-0.435,-0.099,0.696
15-Jul,-0.445,-0.102,0.693
16-Jul,-0.453,-0.123,0.671
19-Jul,-0.457,-0.12,0.679
20-Jul,-0.454,-0.12,0.674
21-Jul,-0.454,-0.114,0.677
22-Jul,-0.451,-0.124,0.66
23-Jul,-0.455,-0.129,0.65
26-Jul,-0.452,-0.128,0.64
27-Jul,-0.459,-0.143,0.618
28-Jul,-0.457,-0.155,0.611
29-Jul,-0.466,-0.167,0.6
30-Jul,-0.465,-0.172,0.598
2-Aug,-0.475,-0.207,0.562
3-Aug,-0.48,-0.219,0.556
4-Aug,-0.488,-0.231,0.543
5-Aug,-0.506,-0.246,0.534
6-Aug,-0.503,-0.236,0.547
9-Aug,-0.506,-0.251,0.536
10-Aug,-0.52,-0.244,0.534
11-Aug,-0.521,-0.234,0.544
12-Aug,-0.522,-0.241,0.534
13-Aug,-0.533,-0.228,0.542
16-Aug,-0.525,-0.228,0.551
17-Aug,-0.529,-0.225,0.548
18-Aug,-0.531,-0.225,0.544
19-Aug,-0.52,-0.214,0.551
20-Aug,-0.521,-0.217,0.555
23-Aug,-0.519,-0.209,0.574
24-Aug,-0.509,-0.212,0.568
25-Aug,-0.434,-0.169,0.636
26-Aug,-0.39,-0.096,0.693
27-Aug,-0.398,-0.102,0.688
30-Aug,-0.405,-0.102,0.688
31-Aug,-0.381,-0.055,0.756
1-Sep,-0.383,-0.016,0.754
2-Sep,-0.386,-0.019,0.742
3-Sep,-0.384,0,0.779
6-Sep,-0.385,0.019,0.797
7-Sep,-0.368,0.064,0.867
8-Sep,-0.37,0.051,0.857
9-Sep,-0.381,-0.018,0.756
10-Sep,-0.381,-0.017,0.77
13-Sep,-0.387,-0.034,0.755
14-Sep,-0.398,-0.039,0.746
15-Sep,-0.401,-0.01,0.778
16-Sep,-0.414,-0.008,0.79
17-Sep,-0.405,0.023,0.811
20-Sep,-0.405,0.017,0.792
21-Sep,-0.415,-0.002,0.743
22-Sep,-0.416,-0.003,0.733
23-Sep,-0.41,0.021,0.768
24-Sep,-0.398,0.049,0.809
27-Sep,-0.398,0.044,0.806
28-Sep,-0.381,0.073,0.846
29-Sep,-0.401,0.056,0.828
30-Sep,-0.397,0.072,0.849
1-Oct,-0.404,0.041,0.833
4-Oct,-0.403,0.071,0.844
5-Oct,-0.402,0.083,0.867
6-Oct,-0.393,0.112,0.903
7-Oct,-0.398,0.101,0.872
8-Oct,-0.388,0.111,0.891
11-Oct,-0.375,0.138,0.915
12-Oct,-0.38,0.151,0.927
13-Oct,-0.384,0.149,0.918
14-Oct,-0.393,0.124,0.888
15-Oct,-0.39,0.145,0.906
18-Oct,-0.351,0.23,0.963
19-Oct,-0.343,0.264,1.004
20-Oct,-0.347,0.249,0.992
21-Oct,-0.345,0.276,1.014
22-Oct,-0.329,0.301,1.026
25-Oct,-0.332,0.29,1.017
26-Oct,-0.331,0.286,1.035
27-Oct,-0.337,0.265,1.008
28-Oct,-0.292,0.336,1.065
29-Oct,-0.187,0.545,1.311
1-Nov,-0.187,0.548,1.321
2-Nov,-0.21,0.461,1.213
3-Nov,-0.255,0.435,1.184
4-Nov,-0.262,0.343,1.102
5-Nov,-0.295,0.305,1.07
8-Nov,-0.298,0.32,1.083
9-Nov,-0.289,0.297,1.07
10-Nov,-0.275,0.343,1.14
11-Nov,-0.252,0.373,1.195
12-Nov,-0.256,0.385,1.208
15-Nov,-0.267,0.378,1.224
16-Nov,-0.275,0.367,1.217
17-Nov,-0.282,0.362,1.213
18-Nov,-0.295,0.33,1.175
19-Nov,-0.307,0.305,1.154
22-Nov,-0.311,0.34,1.203
23-Nov,-0.299,0.43,1.299
24-Nov,-0.296,0.493,1.345
25-Nov,-0.314,0.453,1.328
26-Nov,-0.32,0.398,1.282
29-Nov,-0.318,0.382,1.283
30-Nov,-0.322,0.37,1.245
1-Dec,-0.325,0.375,1.196
2-Dec,-0.34,0.391,1.195
3-Dec,-0.334,0.403,1.194
6-Dec,-0.343,0.442,1.242
7-Dec,-0.343,0.429,1.24
8-Dec,-0.342,0.485,1.367
9-Dec,-0.345,0.465,1.359
10-Dec,-0.354,0.455,1.356
13-Dec,-0.352,0.428,1.324
14-Dec,-0.355,0.428,1.302
15-Dec,-0.357,0.395,1.212
16-Dec,-0.358,0.394,1.192
17-Dec,-0.356,0.418,1.187
20-Dec,-0.357,0.448,1.216
21-Dec,-0.335,0.504,1.266
22-Dec,-0.348,0.534,1.283
23-Dec,-0.329,0.573,1.319
24-Dec,-0.339,0.574,1.319
27-Dec,-0.309,0.578,1.322
28-Dec,-0.317,0.57,1.311
29-Dec,-0.347,0.589,1.342
30-Dec,-0.363,0.556,1.315
31-Dec,-0.373,0.557,1.315
3-Jan,-0.35,0.569,1.307
4-Jan,-0.357,0.561,1.296
5-Jan,-0.357,0.601,1.357
6-Jan,-0.358,0.627,1.383
7-Jan,-0.343,0.714,1.515
10-Jan,-0.342,0.725,1.545
11-Jan,-0.341,0.731,1.569
12-Jan,-0.339,0.702,1.524
13-Jan,-0.339,0.697,1.512
14-Jan,-0.34,0.702,1.514
17-Jan,-0.332,0.735,1.584
18-Jan,-0.308,0.743,1.61
19-Jan,-0.293,0.773,1.712
20-Jan,-0.305,0.751,1.69
21-Jan,-0.295,0.738,1.682
24-Jan,-0.296,0.709,1.646
25-Jan,-0.298,0.708,1.639
26-Jan,-0.293,0.731,1.844
27-Jan,-0.286,0.729,1.839
28-Jan,-0.283,0.751,1.853
31-Jan,-0.279,0.775,1.88
1-Feb,-0.264,0.811,1.908
2-Feb,-0.262,0.819,1.91
3-Feb,-0.204,0.953,2.072
4-Feb,-0.101,1.162,2.252
7-Feb,0.134,1.388,2.483
8-Feb,0.141,1.376,2.471
9-Feb,0.092,1.316,2.443
10-Feb,0.092,1.396,2.552
11-Feb,0.116,1.437,2.62
14-Feb,0.114,1.448,2.634
15-Feb,0.115,1.467,2.686
16-Feb,0.112,1.501,2.652
17-Feb,0.09,1.463,2.604
18-Feb,0.06,1.438,2.563
21-Feb,0.064,1.434,2.553
22-Feb,0.062,1.452,2.602
23-Feb,0.07,1.475,2.61
24-Feb,0.047,1.422,2.572
25-Feb,0.034,1.431,2.555
28-Feb,0.032,1.363,2.512
1-Mar,-0.074,1.15,2.302
2-Mar,-0.053,1.2,2.352
3-Mar,-0.069,1.205,2.363
4-Mar,-0.09,1.155,2.348
7-Mar,-0.074,1.183,2.38
8-Mar,-0.081,1.185,2.32
9-Mar,-0.084,1.212,2.371
10-Mar,-0.032,1.361,2.54
11-Mar,-0.024,1.348,2.567
14-Mar,-0.022,1.483,2.684
15-Mar,-0.034,1.451,2.638
16-Mar,-0.051,1.473,2.646
17-Mar,-0.065,1.488,2.634
18-Mar,-0.071,1.49,2.627
21-Mar,-0.053,1.541,2.672
22-Mar,-0.049,1.58,2.726
23-Mar,-0.024,1.583,2.718
24-Mar,-0.001,1.655,2.786
25-Mar,-0.008,1.672,2.795
28-Mar,0.03,1.703,2.817
29-Mar,0.078,1.759,2.841
30-Mar,0.01,1.714,2.752
31-Mar,0.545,1.572,2.651
1-Apr,0.545,1.553,2.661
4-Apr,0.502,1.526,2.597
5-Apr,0.506,1.555,2.649
6-Apr,0.505,1.601,2.734
7-Apr,0.503,1.648,2.803
8-Apr,0.56,1.72,2.882
11-Apr,0.563,1.708,2.858
12-Apr,0.543,1.682,2.837
13-Apr,0.512,1.77,2.821
14-Apr,0.591,1.894,2.902
15-Apr,0.591,1.894,2.902
18-Apr,0.591,1.894,2.903
19-Apr,0.618,1.933,2.953
20-Apr,0.631,1.853,2.876
21-Apr,0.741,1.956,2.952
22-Apr,0.777,1.989,2.975
25-Apr,0.758,1.953,2.954
26-Apr,0.868,2.217,2.978
27-Apr,0.889,2.294,3.017
28-Apr,1.091,2.362,3.183
29-Apr,1.219,2.439,3.327
2-May,1.227,2.479,3.366
3-May,1.285,2.46,3.366
4-May,1.277,2.497,3.4
5-May,1.243,2.482,3.434
6-May,1.345,2.556,3.558
9-May,1.414,2.59,3.609
10-May,1.29,2.474,3.492
11-May,1.226,2.4,3.432
12-May,1.14,2.286,3.343
13-May,1.203,2.378,3.471
16-May,1.215,2.4,3.517
17-May,1.246,2.467,3.556
18-May,1.283,2.457,3.575
19-May,1.291,2.436,3.533
20-May,1.452,2.605,3.71
23-May,1.681,2.627,3.725
24-May,1.448,2.455,3.613
25-May,1.387,2.407,3.556
26-May,1.338,2.353,3.527
27-May,1.329,2.302,3.484
30-May,1.356,2.294,3.518
31-May,1.364,2.304,3.562
1-Jun,1.391,2.416,3.651
2-Jun,1.403,2.437,3.698
3-Jun,1.443,2.501,3.708
6-Jun,1.434,2.592,3.866
7-Jun,1.421,2.539,3.801
8-Jun,1.486,2.608,3.956
9-Jun,1.625,2.755,4.103
10-Jun,1.87,3.077,4.38
13-Jun,1.998,3.245,4.498
14-Jun,2.426,3.576,4.688
15-Jun,2.06,3.128,4.226
16-Jun,2.124,3.162,4.252
17-Jun,2.054,2.996,4.014
20-Jun,1.94,2.997,4.003
21-Jun,1.918,2.964,3.927
22-Jun,1.876,2.871,3.859
23-Jun,1.713,2.707,3.757
24-Jun,1.641,2.65,3.766
27-Jun,1.666,2.717,3.839
28-Jun,1.662,2.769,3.873
29-Jun,1.611,2.655,3.659
30-Jun,1.622,2.683,3.606
1-Jul,1.551,2.566,3.492
4-Jul,1.577,2.732,3.494
5-Jul,1.556,2.673,3.392
6-Jul,1.506,2.648,3.287
7-Jul,1.614,2.829,3.525
8-Jul,1.589,2.814,3.672
11-Jul,1.546,2.649,3.591
12-Jul,1.527,2.541,3.461
13-Jul,1.541,2.509,3.437
14-Jul,1.645,2.578,3.487
15-Jul,1.651,2.635,3.499
18-Jul,1.655,2.619,3.465
19-Jul,1.688,2.653,3.453
20-Jul,1.688,2.682,3.453
21-Jul,1.842,2.815,3.543
22-Jul,1.725,2.581,3.234
25-Jul,1.684,2.374,3.067
26-Jul,1.631,2.199,2.96
27-Jul,1.656,2.421,3.017
28-Jul,1.565,2.354,2.915
29-Jul,1.493,2.433,2.945
1-Aug,1.429,2.344,2.887
2-Aug,1.488,2.463,2.963
3-Aug,1.484,2.444,3.012
4-Aug,1.476,2.433,2.952
5-Aug,1.525,2.533,3.049
8-Aug,1.517,2.498,3.066
9-Aug,1.537,2.561,3.189
10-Aug,1.496,2.533,3.18
11-Aug,1.478,2.527,3.218
12-Aug,1.496,2.536,3.224
15-Aug,1.465,2.479,3.172
16-Aug,1.545,2.586,3.32
17-Aug,1.653,2.75,3.499
18-Aug,1.651,2.791,3.536
19-Aug,1.711,2.883,3.685
22-Aug,1.768,2.969,3.794
23-Aug,1.774,2.984,3.922
24-Aug,1.84,3.072,3.974
25-Aug,1.78,2.963,3.882
26-Aug,1.85,3.052,3.955
29-Aug,1.971,3.185,4.04
30-Aug,1.963,3.148,4.019
31-Aug,2.022,3.272,4.089
1-Sep,2.074,3.341,4.194
2-Sep,2.021,3.293,4.182
5-Sep,2.111,3.339,4.279
6-Sep,2.093,3.307,4.22
7-Sep,2.09,3.23,4.137
8-Sep,2.184,3.34,4.212
9-Sep,2.236,3.415,4.263
12-Sep,2.264,3.345,4.177
13-Sep,2.295,3.375,4.229
14-Sep,2.331,3.368,4.231
15-Sep,2.349,3.409,4.236
16-Sep,2.389,3.438,4.26
19-Sep,2.439,3.544,4.335
20-Sep,2.511,3.684,4.447
21-Sep,2.531,3.704,4.443
22-Sep,2.537,3.761,4.481
23-Sep,2.577,3.864,4.571
26-Sep,2.638,3.975,4.697
27-Sep,2.71,4.099,4.905
28-Sep,2.692,4.059,4.844
29-Sep,2.677,4.098,4.887
30-Sep,2.607,3.998,4.836
3-Oct,2.493,3.831,4.733
4-Oct,2.438,3.7,4.621
5-Oct,2.483,3.802,4.684
6-Oct,2.558,3.916,4.747
7-Oct,2.611,3.983,4.813
10-Oct,2.638,4.103,4.868
11-Oct,2.626,4.121,4.915
12-Oct,2.638,4.087,4.957
13-Oct,2.672,4.095,4.869
14-Oct,2.679,4.135,4.923
17-Oct,2.657,4.131,4.912
18-Oct,2.711,4.187,4.977
19-Oct,2.786,4.269,5.055
20-Oct,2.797,4.267,5.036
21-Oct,2.783,4.303,5.037
24-Oct,2.687,4.149,4.832
25-Oct,2.627,3.942,4.657
26-Oct,2.611,3.914,4.618
27-Oct,2.504,3.692,4.379
28-Oct,2.573,3.804,4.475
31-Oct,2.627,3.866,4.602
1-Nov,2.617,3.822,4.567
2-Nov,2.629,3.811,4.564
3-Nov,2.667,3.884,4.653
4-Nov,2.692,3.894,4.707
7-Nov,2.752,3.925,4.747
8-Nov,2.711,3.874,4.669
9-Nov,2.811,3.815,4.618
10-Nov,2.707,3.616,4.425
11-Nov,2.771,3.683,4.514
14-Nov,2.729,3.566,4.318
15-Nov,2.704,3.499,4.251
16-Nov,2.681,3.403,4.229
17-Nov,2.666,3.402,4.257
18-Nov,2.659,3.378,4.245
21-Nov,2.65,3.359,4.25
22-Nov,2.649,3.276,4.217
23-Nov,2.663,3.217,4.167
24-Nov,2.61,3.136,4.055
25-Nov,2.669,3.241,4.14
28-Nov,2.646,3.271,4.19
29-Nov,2.623,3.189,4.137
30-Nov,2.652,3.185,4.127
1-Dec,2.55,2.912,3.859
2-Dec,2.574,2.949,3.878
5-Dec,2.638,2.955,3.862
6-Dec,2.571,2.9,3.724
7-Dec,2.574,2.779,3.685
8-Dec,2.674,2.875,3.835
9-Dec,2.787,3.006,3.976
12-Dec,2.756,2.981,3.963
13-Dec,2.797,2.989,3.969
14-Dec,2.84,3.009,4.004
15-Dec,3.046,3.222,4.151
16-Dec,3.117,3.383,4.287
19-Dec,3.17,3.396,4.31
20-Dec,3.209,3.49,4.421
21-Dec,3.202,3.495,4.452
22-Dec,3.179,3.519,4.491
23-Dec,3.197,3.55,4.51
26-Dec,3.198,3.55,4.51
27-Dec,3.191,3.559,4.527
28-Dec,3.197,3.579,4.561
29-Dec,3.184,3.543,4.459
30-Dec,3.209,3.598,4.565
2-Jan,3.196,3.557,4.611
3-Jan,3.201,3.545,4.591
4-Jan,3.155,3.435,4.477
5-Jan,3.176,3.449,4.421
6-Jan,3.165,3.404,4.337
9-Jan,3.182,3.424,4.374
10-Jan,3.199,3.445,4.365
11-Jan,3.074,3.247,4.136
12-Jan,3.136,3.183,4.039
13-Jan,3.145,3.236,4.103
16-Jan,3.148,3.265,4.129
17-Jan,3.051,3.23,4.095
18-Jan,3.059,3.121,3.967
19-Jan,3.068,3.201,4.025
20-Jan,3.079,3.28,4.14
23-Jan,3.103,3.295,4.187
24-Jan,3.087,3.267,4.236
25-Jan,3.078,3.279,4.213
26-Jan,3.086,3.28,4.214
27-Jan,3.092,3.33,4.24
30-Jan,3.101,3.37,4.302
31-Jan,3.093,3.372,4.289
1-Feb,3.113,3.387,4.289
2-Feb,3.06,3.202,4.012
3-Feb,3.043,3.206,3.995
6-Feb,3.07,3.297,4.109
7-Feb,3.078,3.387,4.182
8-Feb,3.11,3.43,4.213
9-Feb,3.089,3.388,4.14
10-Feb,3.124,3.44,4.188
13-Feb,3.142,3.456,4.184
14-Feb,3.156,3.504,4.218
15-Feb,3.159,3.525,4.232
16-Feb,3.197,3.567,4.259
17-Feb,3.19,3.603,4.277
20-Feb,3.222,3.633,4.319
21-Feb,3.254,3.699,4.417
22-Feb,3.262,3.741,4.412
23-Feb,3.26,3.695,4.354
24-Feb,3.302,3.732,4.372
27-Feb,3.3,3.736,4.373
28-Feb,3.385,3.799,4.425
1-Mar,3.387,3.863,4.47
2-Mar,3.384,3.885,4.518
3-Mar,3.367,3.875,4.464
6-Mar,3.383,3.879,4.482
7-Mar,3.414,3.892,4.476
8-Mar,3.434,3.848,4.429
9-Mar,3.483,3.814,4.392
10-Mar,3.366,3.748,4.315
13-Mar,3.351,3.71,4.274
14-Mar,3.299,3.784,4.308
15-Mar,3.263,3.721,4.206
16-Mar,3.296,3.741,4.262
17-Mar,3.241,3.632,4.13
20-Mar,3.132,3.601,4.083
21-Mar,3.191,3.646,4.181
22-Mar,3.169,3.669,4.194
23-Mar,3.105,3.594,4.126
24-Mar,3.066,3.553,4.062
27-Mar,3.084,3.497,4.081
28-Mar,3.105,3.528,4.176
29-Mar,3.101,3.537,4.208
30-Mar,3.151,3.559,4.27
31-Mar,3.173,3.48,4.191
3-Apr,3.171,3.491,4.17
4-Apr,3.163,3.482,4.139
5-Apr,3.136,3.728,4.067
6-Apr,3.142,3.734,4.072
7-Apr,3.142,3.734,4.072
10-Apr,3.142,3.734,4.072
11-Apr,3.19,3.811,4.176
12-Apr,3.182,3.825,4.231
13-Apr,3.139,3.834,4.251
14-Apr,3.163,3.889,4.283
17-Apr,3.163,3.897,4.304
18-Apr,3.175,3.89,4.313
19-Apr,3.224,3.896,4.313
20-Apr,3.203,3.848,4.28
21-Apr,3.213,3.871,4.288
24-Apr,3.203,3.872,4.271
25-Apr,3.138,3.778,4.197
26-Apr,3.139,3.801,4.201
27-Apr,3.13,3.858,4.277
28-Apr,3.094,3.717,4.16
1-May,3.094,3.717,4.16
2-May,3.108,3.717,4.169
3-May,3.1,3.681,4.075
4-May,3.099,3.596,4.039
5-May,3.116,3.603,4.016
8-May,3.112,3.617,4.049
9-May,3.124,3.712,4.11
10-May,3.095,3.628,4.065
11-May,3.095,3.575,3.999
12-May,3.095,3.547,3.999
15-May,3.085,3.56,3.989
16-May,3.098,3.613,4.03
17-May,3.087,3.588,3.976
18-May,3.106,3.62,4.014
19-May,3.099,3.579,3.995
22-May,3.061,3.418,3.853
23-May,3.06,3.41,3.856
24-May,3.098,3.443,3.877
25-May,3.128,3.487,3.887
26-May,3.133,3.499,3.892
29-May,3.109,3.416,3.83
30-May,3.113,3.347,3.77
31-May,3.066,3.304,3.749
1-Jun,3.053,3.246,3.699
2-Jun,3.069,3.273,3.675
5-Jun,3.081,3.314,3.72
6-Jun,3.083,3.281,3.721
7-Jun,3.144,3.332,3.766
8-Jun,3.141,3.209,3.671
9-Jun,3.165,3.228,3.642
12-Jun,3.219,3.29,3.695
13-Jun,3.212,3.285,3.686
14-Jun,3.239,3.367,3.752
15-Jun,3.309,3.484,3.848
16-Jun,3.329,3.438,3.759
19-Jun,3.355,3.501,3.797
20-Jun,3.335,3.435,3.706
21-Jun,3.362,3.452,3.72
22-Jun,3.369,3.466,3.713
23-Jun,3.277,3.355,3.583
26-Jun,3.269,3.327,3.523
27-Jun,3.284,3.352,3.554
28-Jun,3.275,3.368,3.567
29-Jun,3.351,3.485,3.67
30-Jun,3.361,3.486,3.65
3-Jul,3.38,3.541,3.689
4-Jul,3.374,3.616,3.775
5-Jul,3.359,3.567,3.779
6-Jul,3.399,3.696,3.968
7-Jul,3.336,3.668,3.952
10-Jul,3.222,3.703,4.07
11-Jul,3.252,3.71,4.073
12-Jul,3.178,3.567,3.936
13-Jul,3.15,3.5,3.886
14-Jul,3.341,3.564,3.943
17-Jul,3.276,3.534,3.916
18-Jul,3.27,3.434,3.794
19-Jul,3.28,3.424,3.808
20-Jul,3.326,3.462,3.84
21-Jul,3.367,3.481,3.788
24-Jul,3.326,3.443,3.746
25-Jul,3.32,3.435,3.74
26-Jul,3.357,3.47,3.757
27-Jul,3.359,3.471,3.764
28-Jul,3.315,3.479,3.81
31-Jul,3.293,3.416,3.746
1-Aug,3.347,3.5,3.849
2-Aug,3.32,3.49,3.803
3-Aug,3.325,3.506,3.858
4-Aug,3.314,3.452,3.773
7-Aug,3.309,3.485,3.859
8-Aug,3.248,3.449,3.788
9-Aug,3.265,3.469,3.806
10-Aug,3.263,3.476,3.815
11-Aug,3.291,3.511,3.885
14-Aug,3.286,3.513,3.877
15-Aug,3.343,3.591,3.958
16-Aug,3.333,3.559,3.932
17-Aug,3.367,3.602,3.978
18-Aug,3.309,3.556,3.918
21-Aug,3.337,3.617,3.983
22-Aug,3.296,3.557,3.927
23-Aug,3.21,3.459,3.828
24-Aug,3.22,3.456,3.823
25-Aug,3.251,3.507,3.872
28-Aug,3.279,3.502,3.874
29-Aug,3.28,3.433,3.8
30-Aug,3.294,3.473,3.844
31-Aug,3.277,3.409,3.765
1-Sep,3.29,3.479,3.828
4-Sep,3.321,3.547,3.905
5-Sep,3.316,3.543,3.912
6-Sep,3.395,3.633,4.001
7-Sep,3.364,3.605,3.957
8-Sep,3.357,3.605,3.949
11-Sep,3.379,3.6,3.978
12-Sep,3.393,3.649,4.024
13-Sep,3.441,3.707,4.044
14-Sep,3.399,3.607,3.959
15-Sep,3.447,3.671,4.072
18-Sep,3.515,3.733,4.13
19-Sep,3.521,3.727,4.107
20-Sep,3.455,3.645,4.05
21-Sep,3.494,3.718,4.133
22-Sep,3.473,3.743,4.174
25-Sep,3.471,3.783,4.227
26-Sep,3.519,3.831,4.283
27-Sep,3.562,3.877,4.351
28-Sep,3.572,3.927,4.454
29-Sep,3.495,3.826,4.336
2-Oct,3.517,3.849,4.378
3-Oct,3.496,3.869,4.456
4-Oct,3.509,3.823,4.369
5-Oct,3.46,3.791,4.332
6-Oct,3.47,3.807,4.384
9-Oct,3.412,3.716,4.29
10-Oct,3.399,3.699,4.272
11-Oct,3.407,3.689,4.206
12-Oct,3.42,3.74,4.28
13-Oct,3.417,3.74,4.288
16-Oct,3.424,3.78,4.306
17-Oct,3.496,3.825,4.346
18-Oct,3.527,3.877,4.405
19-Oct,3.507,3.875,4.398
20-Oct,3.454,3.811,4.36
23-Oct,3.437,3.741,4.273
24-Oct,3.425,3.72,4.24
25-Oct,3.453,3.775,4.266
26-Oct,3.399,3.67,4.187
27-Oct,3.357,3.628,4.155
30-Oct,3.316,3.577,4.132
31-Oct,3.317,3.61,4.163
1-Nov,3.278,3.582,4.148
2-Nov,3.282,3.513,4.084
3-Nov,3.229,3.393,3.939
6-Nov,3.256,3.464,4.03
7-Nov,3.233,3.402,3.944
8-Nov,3.256,3.344,3.885
9-Nov,3.215,3.366,3.899
10-Nov,3.267,3.424,3.963
13-Nov,3.278,3.425,3.961
14-Nov,3.231,3.354,3.886
15-Nov,3.243,3.351,3.871
16-Nov,3.199,3.289,3.82
17-Nov,3.225,3.319,3.836
20-Nov,3.229,3.3,3.809
21-Nov,3.173,3.254,3.751
22-Nov,3.191,3.293,3.765
23-Nov,3.242,3.322,3.842
24-Nov,3.237,3.29,3.815
27-Nov,3.186,3.2,3.764
28-Nov,3.131,3.141,3.715
29-Nov,3.097,3.059,3.629
30-Nov,3.082,3.13,3.672
1-Dec,2.941,2.972,3.569
4-Dec,2.936,2.983,3.536
5-Dec,2.882,2.871,3.388
6-Dec,2.89,2.852,3.348
7-Dec,2.89,2.854,3.359
8-Dec,2.996,2.921,3.443
11-Dec,2.998,2.925,3.448
12-Dec,2.994,2.92,3.428
13-Dec,2.97,2.887,3.408
14-Dec,2.883,2.753,3.271
15-Dec,2.886,2.656,3.164
18-Dec,2.838,2.695,3.195
19-Dec,2.76,2.637,3.133
20-Dec,2.733,2.56,3.059
21-Dec,2.719,2.53,3.045
22-Dec,2.688,2.472,2.999
25-Dec,2.688,2.472,2.999
26-Dec,2.688,2.472,2.999
27-Dec,2.664,2.438,2.957
28-Dec,2.685,2.474,3.011
29-Dec,2.76,2.511,3.051
1-Jan,2.76,2.511,3.051
2-Jan,2.805,2.521,3.098
3-Jan,2.757,2.509,3.089
4-Jan,2.836,2.647,3.24
5-Jan,2.876,2.706,3.307
8-Jan,2.854,2.688,3.277
9-Jan,2.879,2.725,3.301
10-Jan,2.906,2.714,3.297
11-Jan,2.9,2.712,3.296
12-Jan,2.806,2.656,3.227
15-Jan,2.865,2.732,3.299
16-Jan,2.881,2.758,3.323
17-Jan,2.97,2.846,3.391
18-Jan,2.956,2.836,3.397
19-Jan,2.972,2.827,3.351
22-Jan,2.944,2.78,3.309
23-Jan,2.978,2.838,3.389
24-Jan,2.964,2.828,3.362
25-Jan,2.887,2.738,3.276
26-Jan,2.9,2.736,3.304
29-Jan,2.843,2.653,3.213
30-Jan,2.894,2.721,3.264
31-Jan,2.826,2.661,3.201
1-Feb,2.838,2.685,3.215
2-Feb,2.921,2.774,3.296
5-Feb,2.978,2.864,3.374
6-Feb,2.626,2.878,3.462
7-Feb,2.645,2.9,3.478
8-Feb,2.653,2.92,3.482
9-Feb,2.69,2.965,3.507
12-Feb,2.668,2.914,3.47
13-Feb,2.742,2.963,3.489
14-Feb,2.698,2.908,3.435
15-Feb,2.727,2.916,3.45
16-Feb,2.77,2.963,3.478
19-Feb,2.767,2.971,3.481
20-Feb,2.707,2.919,3.44
21-Feb,2.771,2.988,3.529
22-Feb,2.803,2.98,3.501
23-Feb,2.713,2.89,3.403
26-Feb,2.772,2.991,3.489
27-Feb,2.779,2.996,3.499
28-Feb,2.784,2.999,3.5
29-Feb,2.801,2.971,3.453
1-Mar,2.817,3.01,3.481
4-Mar,2.82,2.955,3.442
5-Mar,2.757,2.913,3.389
6-Mar,2.737,2.871,3.341
7-Mar,2.681,2.831,3.318
8-Mar,2.663,2.769,3.269
11-Mar,2.688,2.806,3.289
12-Mar,2.703,2.804,3.275
13-Mar,2.687,2.8,3.291
14-Mar,2.755,2.905,3.377
15-Mar,2.791,2.942,3.421
18-Mar,2.77,2.924,3.403
19-Mar,2.779,2.948,3.441
20-Mar,2.784,2.956,3.419
21-Mar,2.739,2.916,3.396
22-Mar,2.719,2.881,3.364
25-Mar,2.751,2.943,3.411
26-Mar,2.715,2.926,3.373
27-Mar,2.68,2.901,3.353
28-Mar,2.714,2.922,3.375
29-Mar,2.714,2.922,3.375
1-Apr,2.714,2.922,3.375
2-Apr,2.742,2.974,3.462
3-Apr,2.755,2.965,3.466
4-Apr,2.697,2.903,3.39
5-Apr,2.737,2.94,3.437
8-Apr,2.768,2.96,3.451
9-Apr,2.728,2.902,3.388
10-Apr,2.781,2.96,3.442
11-Apr,2.799,3.017,3.521
12-Apr,2.755,2.935,3.427
15-Apr,2.752,2.995,3.512
16-Apr,2.809,3.047,3.56
17-Apr,2.817,3.033,3.539
18-Apr,2.845,3.068,3.551
19-Apr,2.845,3.084,3.562
22-Apr,2.82,3.052,3.533
23-Apr,2.835,3.043,3.547
24-Apr,2.911,3.142,3.651
25-Apr,2.948,3.195,3.673
26-Apr,2.894,3.124,3.583
29-Apr,2.868,3.075,3.521
30-Apr,2.931,3.138,3.57
1-May,2.931,3.138,3.57
2-May,2.887,3.097,3.524
3-May,2.819,3.041,3.468
6-May,2.857,3.016,3.45
7-May,2.827,2.997,3.423
8-May,2.845,3.047,3.468
9-May,2.867,3.078,3.531
10-May,2.862,3.105,3.538
13-May,2.871,3.099,3.546
14-May,2.892,3.134,3.565
15-May,2.784,2.993,3.418
16-May,2.797,3.028,3.458
17-May,2.828,3.07,3.511
20-May,2.82,3.079,3.512
21-May,2.834,3.034,3.489
22-May,2.872,3.058,3.517
23-May,2.928,3.136,3.586
24-May,2.923,3.15,3.591
27-May,2.87,3.118,3.544
28-May,2.913,3.145,3.591
29-May,2.957,3.229,3.705
30-May,2.924,3.182,3.656
31-May,2.963,3.202,3.672
3-Jun,2.872,3.133,3.596
4-Jun,2.843,3.117,3.58
5-Jun,2.814,3.093,3.527
6-Jun,2.838,3.14,3.576
7-Jun,2.928,3.225,3.659
10-Jun,2.966,3.292,3.761
11-Jun,2.929,3.262,3.763
12-Jun,2.825,3.131,3.619
13-Jun,2.832,3.147,3.638
14-Jun,2.851,3.143,3.638
17-Jun,2.837,3.157,3.653
18-Jun,2.798,3.107,3.599
19-Jun,2.836,3.159,3.634
20-Jun,2.831,3.165,3.642
21-Jun,2.791,3.144,3.632
24-Jun,2.788,3.145,3.622
25-Jun,2.788,3.139,3.625
26-Jun,2.814,3.183,3.685
27-Jun,2.818,3.21,3.709
28-Jun,2.815,3.237,3.742
1-Jul,2.808,3.254,3.773
2-Jul,2.812,3.209,3.709
3-Jul,2.795,3.167,3.645
4-Jul,2.783,3.189,3.662
5-Jul,2.731,3.118,3.605
8-Jul,2.692,3.082,3.557
9-Jul,2.721,3.133,3.617
10-Jul,2.682,3.048,3.533
11-Jul,2.598,2.967,3.459
12-Jul,2.593,2.973,3.469
15-Jul,2.558,2.93,3.423
16-Jul,2.531,2.885,3.382
17-Jul,2.552,2.848,3.385
18-Jul,2.544,2.846,3.384
19-Jul,2.543,2.858,3.434
22-Jul,2.541,2.871,3.438
23-Jul,2.546,2.867,3.422
24-Jul,2.561,2.906,3.467
25-Jul,2.533,2.89,3.441
26-Jul,2.501,2.872,3.431
29-Jul,2.455,2.83,3.377
30-Jul,2.448,2.81,3.363
31-Jul,2.398,2.765,3.314
1-Aug,2.369,2.75,3.303
2-Aug,2.258,2.702,3.295
5-Aug,2.275,2.741,3.337
6-Aug,2.283,2.733,3.311
7-Aug,2.292,2.756,3.359
8-Aug,2.28,2.76,3.363
9-Aug,2.25,2.68,3.313
12-Aug,2.253,2.72,3.323
13-Aug,2.194,2.66,3.26
14-Aug,2.262,2.65,3.252
15-Aug,2.331,2.738,3.317
16-Aug,2.296,2.727,3.315
19-Aug,2.293,2.716,3.303
20-Aug,2.288,2.686,3.285
21-Aug,2.242,2.65,3.256
22-Aug,2.268,2.676,3.301
23-Aug,2.222,2.638,3.257
26-Aug,2.233,2.649,3.278
27-Aug,2.277,2.709,3.328
28-Aug,2.273,2.682,3.303
29-Aug,2.26,2.677,3.306
30-Aug,2.292,2.709,3.349
2-Sep,2.298,2.718,3.358
3-Sep,2.3,2.695,3.325
4-Sep,2.207,2.603,3.245
5-Sep,2.212,2.585,3.231
6-Sep,2.154,2.556,3.211
9-Sep,2.155,2.536,3.21
10-Sep,2.138,2.502,3.173
11-Sep,2.096,2.455,3.132
12-Sep,2.133,2.474,3.136
13-Sep,2.113,2.457,3.112
16-Sep,2.092,2.45,3.093
17-Sep,2.119,2.471,3.109
18-Sep,2.158,2.542,3.186
19-Sep,2.126,2.52,3.185
20-Sep,2.124,2.535,3.189
23-Sep,2.068,2.462,3.15
24-Sep,2.018,2.445,3.127
25-Sep,2.043,2.471,3.156
26-Sep,2.013,2.424,3.112
27-Sep,1.96,2.376,3.096
30-Sep,1.992,2.392,3.105
1-Oct,1.94,2.325,3.028
2-Oct,1.961,2.36,3.081
3-Oct,1.996,2.409,3.129
4-Oct,2.053,2.465,3.156
7-Oct,2.096,2.537,3.216
8-Oct,2.087,2.519,3.188
9-Oct,2.106,2.537,3.2
10-Oct,2.117,2.506,3.172
11-Oct,2.139,2.526,3.198
14-Oct,2.127,2.527,3.191
15-Oct,2.097,2.468,3.118
16-Oct,2.062,2.419,3.063
17-Oct,2.028,2.408,3.071
18-Oct,1.979,2.365,3.023
21-Oct,2.067,2.487,3.167
22-Oct,2.113,2.538,3.204
23-Oct,2.037,2.481,3.168
24-Oct,1.997,2.437,3.124
25-Oct,2.022,2.477,3.171
28-Oct,1.998,2.467,3.156
29-Oct,2.063,2.532,3.229
30-Oct,2.157,2.64,3.288
31-Oct,2.207,2.652,3.292
1-Nov,2.189,2.642,3.305
4-Nov,2.205,2.652,3.291
5-Nov,2.23,2.665,3.295
6-Nov,2.144,2.602,3.31
7-Nov,2.186,2.674,3.323
8-Nov,2.17,2.652,3.257
11-Nov,2.14,2.592,3.199
12-Nov,2.146,2.627,3.247
13-Nov,2.143,2.631,3.253
14-Nov,2.067,2.531,3.171
15-Nov,2.087,2.548,3.186
18-Nov,2.138,2.581,3.209
19-Nov,2.116,2.568,3.187
20-Nov,2.114,2.57,3.201
21-Nov,2.077,2.544,3.179
22-Nov,1.958,2.451,3.11
25-Nov,2.009,2.46,3.084
26-Nov,2.005,2.451,3.077
27-Nov,2.011,2.416,3.023
28-Nov,1.959,2.347,2.97
29-Nov,1.902,2.275,2.905
2-Dec,1.893,2.257,2.92
3-Dec,1.904,2.25,2.911
4-Dec,1.967,2.247,2.895
5-Dec,2.003,2.264,2.903
6-Dec,1.967,2.247,2.9
9-Dec,2.011,2.247,2.899
10-Dec,1.997,2.241,2.907
11-Dec,1.968,2.223,2.896
12-Dec,2.031,2.342,3.033
13-Dec,2.045,2.383,3.067
16-Dec,1.987,2.376,3.085
17-Dec,2.056,2.379,3.066
18-Dec,2.037,2.39,3.084
19-Dec,2.048,2.441,3.158
20-Dec,2.022,2.415,3.132
23-Dec,2.07,2.467,3.181
24-Dec,2.085,2.464,3.181
25-Dec,2.085,2.464,3.181
26-Dec,2.085,2.464,3.181
27-Dec,2.061,2.498,3.237
30-Dec,2.064,2.489,3.215
31-Dec,2.07,2.488,3.215
1-Jan,2.07,2.488,3.215
2-Jan,2.071,2.488,3.221
3-Jan,2.1,2.525,3.237
6-Jan,2.124,2.513,3.221
7-Jan,2.109,2.537,3.255
8-Jan,2.127,2.575,3.308
9-Jan,2.139,2.612,3.352
10-Jan,2.158,2.69,3.408
13-Jan,2.197,2.749,3.467
14-Jan,2.183,2.763,3.474
15-Jan,2.123,2.661,3.352
16-Jan,2.128,2.639,3.31
17-Jan,2.119,2.634,3.304
20-Jan,2.113,2.622,3.281
21-Jan,2.234,2.76,3.366
22-Jan,2.24,2.766,3.375
23-Jan,2.28,2.795,3.416
24-Jan,2.298,2.814,3.416
27-Jan,2.28,2.78,3.393
28-Jan,2.296,2.796,3.424
29-Jan,2.298,2.803,3.43
30-Jan,2.264,2.749,3.37
31-Jan,2.226,2.697,3.317
3-Feb,2.166,2.624,3.258
4-Feb,2.169,2.616,3.255
5-Feb,2.167,2.585,3.214
6-Feb,2.179,2.588,3.206
7-Feb,2.19,2.611,3.229
10-Feb,2.163,2.595,3.225
11-Feb,2.219,2.673,3.299
12-Feb,2.239,2.696,3.326
13-Feb,2.186,2.635,3.258
14-Feb,2.215,2.66,3.288
17-Feb,2.234,2.689,3.313
18-Feb,2.226,2.687,3.313
19-Feb,2.27,2.763,3.394
20-Feb,2.244,2.75,3.371
21-Feb,2.196,2.696,3.305
24-Feb,2.205,2.683,3.309
25-Feb,2.166,2.659,3.277
26-Feb,2.158,2.622,3.243
27-Feb,2.129,2.612,3.244
28-Feb,2.13,2.594,3.241
3-Mar,2.149,2.63,3.302
4-Mar,2.115,2.62,3.321
5-Mar,2.266,2.874,3.582
6-Mar,2.285,2.941,3.655
7-Mar,2.263,2.92,3.647
10-Mar,2.246,2.914,3.648
11-Mar,2.231,2.926,3.692
12-Mar,2.209,2.945,3.686
13-Mar,2.17,2.939,3.696
14-Mar,2.187,2.933,3.684
17-Mar,2.162,2.87,3.595
18-Mar,2.163,2.868,3.594
19-Mar,2.171,2.863,3.583
20-Mar,2.193,2.856,3.586
21-Mar,2.163,2.829,3.575
24-Mar,2.162,2.821,3.568
25-Mar,2.171,2.838,3.588
26-Mar,2.172,2.841,3.597
27-Mar,2.167,2.813,3.579
28-Mar,2.124,2.774,3.547
31-Mar,2.137,2.791,3.551
1-Apr,2.102,2.737,3.478
2-Apr,2.112,2.751,3.504
3-Apr,2.056,2.696,3.457
4-Apr,2.038,2.668,3.444
7-Apr,2.059,2.722,3.533
8-Apr,2.066,2.749,3.53
9-Apr,2.044,2.742,3.554
10-Apr,2.061,2.699,3.502
11-Apr,2.101,2.755,3.52
14-Apr,2.026,2.635,3.386
15-Apr,2.052,2.667,3.433
16-Apr,2.022,2.631,3.419
17-Apr,1.939,2.577,3.365
18-Apr,1.939,2.577,3.365
21-Apr,1.939,2.577,3.365
22-Apr,1.922,2.526,3.328
23-Apr,1.973,2.559,3.353
24-Apr,1.913,2.469,3.271
25-Apr,1.945,2.496,3.29
28-Apr,1.958,2.536,3.347
29-Apr,1.951,2.521,3.322
30-Apr,1.911,2.483,3.284
1-May,1.911,2.483,3.284
2-May,1.966,2.549,3.354
5-May,1.956,2.529,3.336
6-May,1.959,2.555,3.369
7-May,1.92,2.495,3.294
8-May,1.942,2.529,3.332
9-May,1.965,2.56,3.357
12-May,2.082,2.654,3.424
13-May,2.082,2.676,3.448
14-May,2.087,2.684,3.458
15-May,2.036,2.623,3.383
16-May,2.013,2.584,3.341
19-May,2.004,2.582,3.34
20-May,1.988,2.581,3.348
21-May,2.011,2.611,3.38
22-May,1.991,2.61,3.378
23-May,1.941,2.547,3.313
26-May,1.959,2.54,3.279
27-May,1.95,2.537,3.261
28-May,1.954,2.542,3.277
29-May,1.913,2.511,3.23
30-May,1.914,2.498,3.237
2-Jun,1.932,2.513,3.248
3-Jun,1.911,2.51,3.251
4-Jun,1.937,2.527,3.251
5-Jun,1.982,2.595,3.297
6-Jun,1.998,2.591,3.269
9-Jun,1.997,2.58,3.26
10-Jun,1.971,2.545,3.213
11-Jun,1.985,2.555,3.243
12-Jun,1.976,2.541,3.21
13-Jun,2.028,2.608,3.276
16-Jun,1.988,2.578,3.261
17-Jun,2.032,2.617,3.286
18-Jun,2.018,2.581,3.246
19-Jun,2.031,2.634,3.319
20-Jun,2.018,2.614,3.294
23-Jun,2.015,2.6,3.276
24-Jun,1.996,2.584,3.277
25-Jun,1.976,2.588,3.294
26-Jun,1.967,2.555,3.262
27-Jun,1.994,2.586,3.277
30-Jun,1.99,2.584,3.29
1-Jul,1.983,2.571,3.279
2-Jul,2.01,2.621,3.344
3-Jul,1.988,2.569,3.279
4-Jul,1.965,2.556,3.284
7-Jul,1.989,2.599,3.331
8-Jul,2.018,2.638,3.368
9-Jul,2.013,2.625,3.356
10-Jul,2.032,2.655,3.39
11-Jul,2.038,2.661,3.392
14-Jul,2.03,2.666,3.418
15-Jul,2.016,2.646,3.394
16-Jul,1.991,2.613,3.366
17-Jul,1.988,2.609,3.36
18-Jul,1.978,2.622,3.379
21-Jul,1.948,2.54,3.286
22-Jul,1.94,2.526,3.268
23-Jul,1.961,2.556,3.301
24-Jul,2.043,2.653,3.382
25-Jul,2.059,2.668,3.39
28-Jul,2.032,2.622,3.35
29-Jul,2.042,2.632,3.362
30-Jul,2.055,2.651,3.365
31-Jul,2.062,2.645,3.348
1-Aug,2.045,2.623,3.35
4-Aug,2.018,2.559,3.273
5-Aug,2.018,2.563,3.269
6-Aug,2.021,2.582,3.3
7-Aug,2.026,2.574,3.279
8-Aug,2.041,2.626,3.327
11-Aug,2.052,2.633,3.34
12-Aug,2.057,2.65,3.379
13-Aug,2.03,2.59,3.305
14-Aug,2.041,2.617,3.338
15-Aug,2.069,2.685,3.425
18-Aug,2.06,2.667,3.403
19-Aug,2.064,2.658,3.401
20-Aug,2.035,2.629,3.369
21-Aug,2.078,2.681,3.422
22-Aug,2.035,2.633,3.363
25-Aug,2.091,2.69,3.439
26-Aug,2.045,2.643,3.395
27-Aug,2.034,2.63,3.404
28-Aug,2.043,2.61,3.369
29-Aug,2.055,2.637,3.413
1-Sep,2.069,2.658,3.432
2-Sep,2.097,2.706,3.493
3-Sep,2.064,2.656,3.437
4-Sep,2.059,2.636,3.394
5-Sep,2.023,2.569,3.341
8-Sep,2.009,2.549,3.309
9-Sep,2.024,2.565,3.319
10-Sep,2.027,2.569,3.315
11-Sep,2.038,2.583,3.307
12-Sep,2.047,2.635,3.37
15-Sep,2.044,2.607,3.334
16-Sep,2.032,2.602,3.343
17-Sep,2.023,2.602,3.326
18-Sep,2.04,2.629,3.379
19-Sep,2.036,2.644,3.392
22-Sep,2.031,2.629,3.402
23-Sep,2.035,2.65,3.402
24-Sep,2.038,2.661,3.417
25-Sep,2.049,2.696,3.456
26-Sep,2.031,2.668,3.429
29-Sep,2.017,2.638,3.381
30-Sep,2.012,2.633,3.38
1-Oct,2.002,2.617,3.374
2-Oct,1.988,2.617,3.369
3-Oct,2.009,2.616,3.358
6-Oct,1.996,2.624,3.386
7-Oct,1.99,2.623,3.386
8-Oct,1.941,2.581,3.335
9-Oct,1.958,2.603,3.364
10-Oct,1.92,2.562,3.334
13-Oct,1.885,2.531,3.306
14-Oct,1.865,2.502,3.265
15-Oct,1.858,2.465,3.221
16-Oct,1.836,2.444,3.211
17-Oct,1.83,2.459,3.227
20-Oct,1.816,2.448,3.216
21-Oct,1.825,2.44,3.195
22-Oct,1.828,2.438,3.204
23-Oct,1.832,2.464,3.234
24-Oct,1.854,2.514,3.277
27-Oct,1.852,2.501,3.257
28-Oct,1.855,2.504,3.258
29-Oct,1.851,2.493,3.25
30-Oct,1.859,2.515,3.268
31-Oct,1.851,2.494,3.256
3-Nov,1.861,2.521,3.283
4-Nov,1.869,2.515,3.275
5-Nov,1.881,2.535,3.298
6-Nov,1.876,2.524,3.286
7-Nov,1.88,2.536,3.304
10-Nov,1.881,2.532,3.288
11-Nov,1.878,2.525,3.279
12-Nov,1.869,2.501,3.251
13-Nov,1.909,2.559,3.304
14-Nov,1.918,2.585,3.348
17-Nov,1.906,2.579,3.326
18-Nov,1.884,2.563,3.332
19-Nov,1.859,2.549,3.325
20-Nov,1.865,2.559,3.339
21-Nov,1.862,2.548,3.319
24-Nov,1.86,2.539,3.302
25-Nov,1.863,2.517,3.273
26-Nov,1.86,2.504,3.274
27-Nov,1.863,2.523,3.286
28-Nov,1.867,2.521,3.286
1-Dec,1.89,2.576,3.357
2-Dec,1.876,2.576,3.355
3-Dec,1.858,2.562,3.34
4-Dec,1.886,2.59,3.371
5-Dec,1.886,2.603,3.391
8-Dec,1.908,2.684,3.464
9-Dec,1.921,2.67,3.451
10-Dec,1.912,2.687,3.457
11-Dec,1.912,2.672,3.439
12-Dec,1.904,2.678,3.456
15-Dec,1.905,2.671,3.447
16-Dec,1.883,2.646,3.422
17-Dec,1.889,2.663,3.445
18-Dec,1.886,2.636,3.421
19-Dec,1.896,2.669,3.466
22-Dec,1.866,2.675,3.483
23-Dec,1.856,2.655,3.444
24-Dec,1.856,2.655,3.444
25-Dec,1.856,2.655,3.444
26-Dec,1.856,2.655,3.444
29-Dec,1.834,2.599,3.393
30-Dec,1.822,2.624,3.44
31-Dec,1.821,2.626,3.439
1-Jan,1.821,2.626,3.439
2-Jan,1.848,2.664,3.49
5-Jan,1.831,2.631,3.445
6-Jan,1.819,2.6,3.413
7-Jan,1.795,2.571,3.379
8-Jan,1.798,2.568,3.37
9-Jan,1.792,2.552,3.351
12-Jan,1.786,2.533,3.332
13-Jan,1.787,2.54,3.339
14-Jan,1.777,2.534,3.32
15-Jan,1.792,2.556,3.318
16-Jan,1.799,2.567,3.33
19-Jan,1.785,2.555,3.336
20-Jan,2.243,2.755,3.492
21-Jan,2.273,2.782,3.518
22-Jan,2.285,2.779,3.503
23-Jan,2.289,2.788,3.506
26-Jan,2.274,2.755,3.461
27-Jan,2.265,2.749,3.467
28-Jan,2.249,2.737,3.466
29-Jan,2.233,2.722,3.446
30-Jan,2.229,2.724,3.449
2-Feb,2.262,2.758,3.473
3-Feb,2.266,2.767,3.486
4-Feb,2.241,2.741,3.456
5-Feb,2.247,2.745,3.45
6-Feb,2.235,2.735,3.454
9-Feb,2.217,2.714,3.439
10-Feb,2.198,2.687,3.406
11-Feb,2.192,2.68,3.391
12-Feb,2.187,2.665,3.375
13-Feb,2.16,2.641,3.355
16-Feb,2.168,2.645,3.357
17-Feb,2.169,2.637,3.343
18-Feb,2.177,2.637,3.339
19-Feb,2.187,2.639,3.344
20-Feb,2.195,2.636,3.334
23-Feb,2.164,2.617,3.312
24-Feb,2.173,2.613,3.313
25-Feb,2.167,2.603,3.305
26-Feb,2.171,2.597,3.297
27-Feb,2.134,2.567,3.266
2-Mar,2.234,2.652,3.352
3-Mar,2.326,2.757,3.438
4-Mar,2.283,2.718,3.411
5-Mar,2.402,2.825,3.531
6-Mar,2.503,2.905,3.595
9-Mar,2.503,2.898,3.592
10-Mar,2.406,2.815,3.514
11-Mar,2.553,2.961,3.66
12-Mar,2.615,3.024,3.737
13-Mar,2.649,3.062,3.779
16-Mar,2.596,3.005,3.709
17-Mar,2.557,2.956,3.652
18-Mar,2.638,3.028,3.72
19-Mar,2.784,3.119,3.77
20-Mar,2.908,3.269,3.942
23-Mar,2.774,3.16,3.855
24-Mar,2.894,3.26,3.908
25-Mar,2.795,3.157,3.796
26-Mar,2.921,3.317,3.979
27-Mar,2.89,3.323,3.99
30-Mar,2.836,3.244,3.919
31-Mar,2.79,3.184,3.847
1-Apr,2.738,3.124,3.775
2-Apr,2.766,3.128,3.79
3-Apr,2.766,3.128,3.79
6-Apr,2.766,3.128,3.79
7-Apr,2.865,3.251,3.901
8-Apr,2.64,3.008,3.67
9-Apr,2.657,3.034,3.711
10-Apr,2.736,3.127,3.799
13-Apr,2.785,3.173,3.848
14-Apr,2.675,3.065,3.745
15-Apr,2.695,3.089,3.782
16-Apr,2.675,3.075,3.771
17-Apr,2.548,2.952,3.647
20-Apr,2.586,2.995,3.686
21-Apr,2.663,3.059,3.734
22-Apr,2.699,3.081,3.747
23-Apr,2.706,3.094,3.756
24-Apr,2.701,3.086,3.736
27-Apr,2.717,3.115,3.787
28-Apr,2.795,3.175,3.837
29-Apr,2.896,3.253,3.905
30-Apr,2.763,3.141,3.804
1-May,2.762,3.141,3.804
4-May,2.86,3.227,3.88
5-May,2.787,3.151,3.808
6-May,2.648,3.031,3.696
7-May,2.672,3.034,3.694
8-May,2.679,3.028,3.682
11-May,2.733,3.091,3.731
12-May,2.817,3.176,3.818
13-May,2.807,3.162,3.798
14-May,2.747,3.098,3.728
15-May,2.844,3.253,3.892
18-May,2.82,3.212,3.853
19-May,2.87,3.276,3.903
20-May,2.746,3.138,3.765
21-May,2.788,3.164,3.775
22-May,2.718,3.099,3.71
25-May,2.606,2.979,3.592
26-May,2.667,3.032,3.64
27-May,2.654,3.03,3.644
28-May,2.627,3.003,3.624
29-May,2.603,2.974,3.597
1-Jun,2.707,3.062,3.68
2-Jun,2.701,3.033,3.637
3-Jun,2.771,3.107,3.72
4-Jun,2.753,3.102,3.711
5-Jun,2.782,3.135,3.741
8-Jun,2.799,3.157,3.775
9-Jun,2.76,3.128,3.746
10-Jun,2.813,3.169,3.8
11-Jun,2.777,3.121,3.747
12-Jun,2.702,3.053,3.674
15-Jun,2.645,2.993,3.621
16-Jun,2.64,2.965,3.585
17-Jun,2.653,2.968,3.581
18-Jun,2.676,2.985,3.589
19-Jun,2.714,3.049,3.652
22-Jun,2.669,3.003,3.61
23-Jun,2.651,2.99,3.599
24-Jun,2.61,2.936,3.54
25-Jun,2.597,2.93,3.54
26-Jun,2.584,2.922,3.535
29-Jun,2.6,2.922,3.53
30-Jun,2.591,2.918,3.533
1-Jul,2.586,2.934,3.566
2-Jul,2.569,2.943,3.585
3-Jul,2.61,2.983,3.612
6-Jul,2.615,2.986,3.619
7-Jul,2.659,3.038,3.676
8-Jul,2.795,3.176,3.809
9-Jul,2.726,3.096,3.74
10-Jul,2.722,3.085,3.711
13-Jul,2.801,3.16,3.779
14-Jul,2.817,3.175,3.791
15-Jul,2.81,3.188,3.813
16-Jul,2.846,3.215,3.841
17-Jul,2.876,3.227,3.844
20-Jul,2.867,3.246,3.866
21-Jul,2.885,3.263,3.879
22-Jul,2.928,3.292,3.894
23-Jul,2.977,3.347,3.941
24-Jul,2.912,3.285,3.89
27-Jul,2.877,3.227,3.836
28-Jul,2.824,3.19,3.797
29-Jul,2.901,3.272,3.882
30-Jul,2.838,3.23,3.853
31-Jul,2.889,3.285,3.91
3-Aug,2.84,3.213,3.83
4-Aug,2.774,3.14,3.758
5-Aug,2.79,3.159,3.776
6-Aug,2.822,3.197,3.813
7-Aug,2.805,3.178,3.794
10-Aug,2.858,3.242,3.858
11-Aug,2.848,3.227,3.843
12-Aug,2.849,3.223,3.835
13-Aug,2.823,3.183,3.787
14-Aug,2.858,3.247,3.871
17-Aug,2.854,3.262,3.897
18-Aug,2.917,3.327,3.954
19-Aug,2.936,3.329,3.937
20-Aug,2.921,3.33,3.945
21-Aug,2.919,3.336,3.954
24-Aug,2.945,3.339,3.941
25-Aug,2.872,3.259,3.866
26-Aug,2.909,3.308,3.914
27-Aug,2.934,3.329,3.925
28-Aug,2.967,3.361,3.949
31-Aug,2.993,3.405,4
1-Sep,3.01,3.428,4.02
2-Sep,3.057,3.466,4.06
3-Sep,3.008,3.416,4.01
4-Sep,2.994,3.404,4.003
7-Sep,3.054,3.462,4.058
8-Sep,3.047,3.452,4.04
9-Sep,3.132,3.555,4.149
10-Sep,3.315,3.7,4.242
11-Sep,3.255,3.65,4.218
14-Sep,3.334,3.707,4.256
