,GTNLG2Y Govt,GTNLG5Y Govt,GTNLG10Y Govt
,Last Price,Last Price,Last Price
Dates,PX_LAST,PX_LAST,PX_LAST
1-Jan,#N/A N/A,#N/A N/A,#N/A N/A
4-Jan,#N/A N/A,#N/A N/A,#N/A N/A
5-Jan,#N/A N/A,#N/A N/A,#N/A N/A
6-Jan,#N/A N/A,#N/A N/A,#N/A N/A
7-Jan,#N/A N/A,#N/A N/A,#N/A N/A
8-Jan,#N/A N/A,#N/A N/A,#N/A N/A
11-Jan,#N/A N/A,#N/A N/A,#N/A N/A
12-Jan,#N/A N/A,#N/A N/A,#N/A N/A
13-Jan,#N/A N/A,#N/A N/A,#N/A N/A
14-Jan,#N/A N/A,#N/A N/A,#N/A N/A
15-Jan,#N/A N/A,#N/A N/A,#N/A N/A
18-Jan,#N/A N/A,#N/A N/A,#N/A N/A
19-Jan,#N/A N/A,#N/A N/A,#N/A N/A
20-Jan,#N/A N/A,#N/A N/A,#N/A N/A
21-Jan,#N/A N/A,#N/A N/A,#N/A N/A
22-Jan,#N/A N/A,#N/A N/A,#N/A N/A
25-Jan,#N/A N/A,#N/A N/A,#N/A N/A
26-Jan,#N/A N/A,#N/A N/A,#N/A N/A
27-Jan,#N/A N/A,#N/A N/A,#N/A N/A
28-Jan,#N/A N/A,#N/A N/A,#N/A N/A
29-Jan,#N/A N/A,#N/A N/A,#N/A N/A
1-Feb,#N/A N/A,#N/A N/A,#N/A N/A
2-Feb,#N/A N/A,#N/A N/A,#N/A N/A
3-Feb,#N/A N/A,#N/A N/A,#N/A N/A
4-Feb,#N/A N/A,#N/A N/A,#N/A N/A
5-Feb,#N/A N/A,#N/A N/A,#N/A N/A
8-Feb,#N/A N/A,#N/A N/A,#N/A N/A
9-Feb,#N/A N/A,#N/A N/A,#N/A N/A
10-Feb,#N/A N/A,#N/A N/A,#N/A N/A
11-Feb,#N/A N/A,#N/A N/A,#N/A N/A
12-Feb,#N/A N/A,#N/A N/A,#N/A N/A
15-Feb,#N/A N/A,#N/A N/A,#N/A N/A
16-Feb,#N/A N/A,#N/A N/A,#N/A N/A
17-Feb,#N/A N/A,#N/A N/A,#N/A N/A
18-Feb,#N/A N/A,#N/A N/A,#N/A N/A
19-Feb,#N/A N/A,#N/A N/A,#N/A N/A
22-Feb,#N/A N/A,#N/A N/A,#N/A N/A
23-Feb,#N/A N/A,#N/A N/A,#N/A N/A
24-Feb,#N/A N/A,#N/A N/A,#N/A N/A
25-Feb,#N/A N/A,#N/A N/A,#N/A N/A
26-Feb,#N/A N/A,#N/A N/A,#N/A N/A
1-Mar,#N/A N/A,#N/A N/A,#N/A N/A
2-Mar,#N/A N/A,#N/A N/A,#N/A N/A
3-Mar,#N/A N/A,#N/A N/A,#N/A N/A
4-Mar,#N/A N/A,#N/A N/A,#N/A N/A
5-Mar,#N/A N/A,#N/A N/A,#N/A N/A
8-Mar,#N/A N/A,#N/A N/A,#N/A N/A
9-Mar,#N/A N/A,#N/A N/A,#N/A N/A
10-Mar,#N/A N/A,#N/A N/A,#N/A N/A
11-Mar,#N/A N/A,#N/A N/A,#N/A N/A
12-Mar,#N/A N/A,#N/A N/A,#N/A N/A
15-Mar,#N/A N/A,#N/A N/A,#N/A N/A
16-Mar,#N/A N/A,#N/A N/A,#N/A N/A
17-Mar,#N/A N/A,#N/A N/A,#N/A N/A
18-Mar,#N/A N/A,#N/A N/A,#N/A N/A
19-Mar,#N/A N/A,#N/A N/A,#N/A N/A
22-Mar,#N/A N/A,#N/A N/A,#N/A N/A
23-Mar,#N/A N/A,#N/A N/A,#N/A N/A
24-Mar,#N/A N/A,#N/A N/A,#N/A N/A
25-Mar,#N/A N/A,#N/A N/A,#N/A N/A
26-Mar,#N/A N/A,#N/A N/A,#N/A N/A
29-Mar,#N/A N/A,#N/A N/A,#N/A N/A
30-Mar,#N/A N/A,#N/A N/A,#N/A N/A
31-Mar,#N/A N/A,#N/A N/A,#N/A N/A
1-Apr,#N/A N/A,#N/A N/A,#N/A N/A
2-Apr,#N/A N/A,#N/A N/A,#N/A N/A
5-Apr,#N/A N/A,#N/A N/A,#N/A N/A
6-Apr,#N/A N/A,#N/A N/A,#N/A N/A
7-Apr,#N/A N/A,#N/A N/A,#N/A N/A
8-Apr,#N/A N/A,#N/A N/A,#N/A N/A
9-Apr,#N/A N/A,#N/A N/A,#N/A N/A
12-Apr,#N/A N/A,#N/A N/A,#N/A N/A
13-Apr,#N/A N/A,#N/A N/A,#N/A N/A
14-Apr,#N/A N/A,#N/A N/A,#N/A N/A
15-Apr,#N/A N/A,#N/A N/A,#N/A N/A
16-Apr,#N/A N/A,#N/A N/A,#N/A N/A
19-Apr,#N/A N/A,#N/A N/A,#N/A N/A
20-Apr,#N/A N/A,#N/A N/A,#N/A N/A
21-Apr,#N/A N/A,#N/A N/A,#N/A N/A
22-Apr,#N/A N/A,#N/A N/A,#N/A N/A
23-Apr,#N/A N/A,#N/A N/A,#N/A N/A
26-Apr,#N/A N/A,#N/A N/A,#N/A N/A
27-Apr,#N/A N/A,#N/A N/A,#N/A N/A
28-Apr,#N/A N/A,#N/A N/A,#N/A N/A
29-Apr,#N/A N/A,#N/A N/A,#N/A N/A
30-Apr,#N/A N/A,#N/A N/A,#N/A N/A
3-May,#N/A N/A,#N/A N/A,#N/A N/A
4-May,2.788,3.288,4.083
5-May,2.783,3.282,4.099
6-May,2.802,3.311,4.161
7-May,2.782,3.286,4.153
10-May,2.778,3.295,4.171
11-May,2.776,3.281,4.201
12-May,2.761,3.289,4.209
13-May,2.728,3.291,4.214
14-May,2.814,3.378,4.175
17-May,2.782,3.37,4.291
18-May,2.784,3.358,4.262
19-May,2.779,3.396,4.269
20-May,2.796,3.385,4.242
21-May,2.74,3.339,4.189
24-May,2.792,3.352,4.199
25-May,2.777,3.318,4.179
26-May,2.772,3.33,4.207
27-May,2.798,3.382,4.263
28-May,2.859,3.419,4.292
31-May,2.855,3.42,4.285
1-Jun,2.935,3.537,4.388
2-Jun,2.966,3.575,4.422
3-Jun,2.927,3.546,4.394
4-Jun,3.007,3.606,4.445
7-Jun,2.932,3.567,4.397
8-Jun,2.941,3.572,4.431
9-Jun,2.93,3.578,4.434
10-Jun,3.024,3.718,4.553
11-Jun,3.014,3.694,4.53
14-Jun,2.968,3.677,4.492
15-Jun,2.995,3.671,4.463
16-Jun,2.985,3.661,4.445
17-Jun,2.933,3.624,4.383
18-Jun,2.966,3.634,4.421
21-Jun,3.037,3.729,4.507
22-Jun,3.083,3.788,4.568
23-Jun,3.141,3.861,4.639
24-Jun,3.225,3.979,4.763
25-Jun,3.128,3.936,4.701
28-Jun,3.157,3.954,4.711
29-Jun,3.147,3.92,4.666
30-Jun,3.144,3.915,4.668
1-Jul,3.166,3.965,4.749
2-Jul,3.156,3.939,4.751
5-Jul,3.14,3.938,4.765
6-Jul,3.182,4,4.839
7-Jul,3.198,4.115,4.925
8-Jul,3.22,4.131,4.912
9-Jul,3.217,4.147,4.918
12-Jul,3.22,4.106,4.811
13-Jul,3.134,4.027,4.779
14-Jul,3.13,4.031,4.793
15-Jul,3.295,4.211,4.918
16-Jul,3.305,4.201,4.875
19-Jul,3.374,4.233,4.899
20-Jul,3.28,4.13,4.813
21-Jul,3.192,4.02,4.743
22-Jul,3.267,4.076,4.78
23-Jul,3.264,4.068,4.791
26-Jul,3.248,4.053,4.807
27-Jul,3.265,4.076,4.831
28-Jul,3.268,4.075,4.816
29-Jul,3.325,4.192,4.912
30-Jul,3.382,4.312,4.975
2-Aug,3.406,4.362,5.02
3-Aug,3.437,4.396,5.048
4-Aug,3.422,4.379,5.036
5-Aug,3.48,4.484,5.127
6-Aug,3.518,4.539,5.195
9-Aug,3.542,4.549,5.218
10-Aug,3.492,4.477,5.156
11-Aug,3.477,4.46,5.145
12-Aug,3.433,4.393,5.089
13-Aug,3.409,4.338,5.056
16-Aug,3.413,4.367,5.078
17-Aug,3.362,4.317,5.031
18-Aug,3.318,4.28,5.015
19-Aug,3.308,4.267,4.985
20-Aug,3.277,4.259,4.981
23-Aug,3.287,4.234,4.949
24-Aug,3.319,4.265,4.96
25-Aug,3.288,4.214,4.907
26-Aug,3.334,4.213,4.903
27-Aug,3.388,4.278,4.967
30-Aug,3.349,4.337,5.035
31-Aug,3.424,4.358,5.072
1-Sep,3.422,4.393,5.095
2-Sep,3.434,4.482,5.177
3-Sep,3.345,4.384,5.11
6-Sep,3.32,4.381,5.107
7-Sep,3.425,4.502,5.215
8-Sep,3.408,4.47,5.2
9-Sep,3.434,4.502,5.229
10-Sep,3.416,4.494,5.228
13-Sep,3.479,4.551,5.291
14-Sep,3.476,4.571,5.313
15-Sep,3.482,4.622,5.355
16-Sep,3.39,4.535,5.286
17-Sep,3.38,4.477,5.231
20-Sep,3.406,4.516,5.261
21-Sep,3.433,4.541,5.264
22-Sep,3.423,4.526,5.26
23-Sep,3.413,4.498,5.231
24-Sep,3.334,4.399,5.148
27-Sep,3.421,4.464,5.179
28-Sep,3.448,4.499,5.217
29-Sep,3.439,4.522,5.269
30-Sep,3.466,4.488,5.242
1-Oct,3.616,4.648,5.333
4-Oct,3.674,4.683,5.325
5-Oct,3.664,4.655,5.325
6-Oct,3.694,4.697,5.345
7-Oct,3.653,4.686,5.36
8-Oct,3.666,4.703,5.377
11-Oct,3.702,4.734,5.396
12-Oct,3.785,4.816,5.483
13-Oct,3.786,4.825,5.484
14-Oct,3.87,4.947,5.597
15-Oct,3.828,5.027,5.545
18-Oct,3.818,5.002,5.546
19-Oct,3.832,5.005,5.544
20-Oct,3.896,5.094,5.613
21-Oct,3.822,5.012,5.536
22-Oct,3.819,5.01,5.535
25-Oct,3.873,5.104,5.614
26-Oct,3.887,5.121,5.588
27-Oct,3.831,5.022,5.478
28-Oct,3.829,4.92,5.373
29-Oct,3.786,4.87,5.311
1-Nov,3.808,4.841,5.261
2-Nov,3.649,4.789,5.219
3-Nov,3.789,4.825,5.249
4-Nov,3.753,4.745,5.172
5-Nov,3.543,4.693,5.126
8-Nov,3.657,4.627,5.066
9-Nov,3.645,4.612,5.093
10-Nov,3.527,4.689,5.142
11-Nov,3.675,4.631,5.124
12-Nov,3.614,4.536,5.005
15-Nov,3.653,4.6,5.065
16-Nov,3.633,4.549,5.01
17-Nov,3.709,4.656,5.106
18-Nov,3.758,4.721,5.164
19-Nov,3.798,4.779,5.22
22-Nov,3.813,4.78,5.232
23-Nov,3.801,4.779,5.234
24-Nov,3.837,4.859,5.312
25-Nov,3.852,4.869,5.314
26-Nov,3.893,4.933,5.37
29-Nov,3.908,4.952,5.388
30-Nov,3.835,4.817,5.276
1-Dec,3.827,4.784,5.248
2-Dec,3.896,4.872,5.327
3-Dec,3.849,4.804,5.274
6-Dec,3.81,4.727,5.188
7-Dec,3.817,4.693,5.148
8-Dec,3.845,4.735,5.2
9-Dec,3.833,4.687,5.166
10-Dec,3.794,4.64,5.101
13-Dec,3.791,4.643,5.142
14-Dec,3.88,4.712,5.203
15-Dec,3.863,4.675,5.174
16-Dec,3.906,4.808,5.296
17-Dec,3.932,4.881,5.361
20-Dec,4.37,4.957,5.462
21-Dec,4.357,4.925,5.439
22-Dec,4.372,4.936,5.461
23-Dec,4.369,4.92,5.441
24-Dec,4.36,4.917,5.476
27-Dec,4.342,4.908,5.442
28-Dec,4.374,4.962,5.494
29-Dec,4.379,4.971,5.494
30-Dec,4.407,5.056,5.493
31-Dec,4.424,5.063,5.49
3-Jan,4.535,5.063,5.612
4-Jan,4.522,5.155,5.631
5-Jan,4.507,5.154,5.646
6-Jan,4.509,5.187,5.71
7-Jan,4.412,5.095,5.609
10-Jan,4.361,5.031,5.537
11-Jan,4.462,5.159,5.671
12-Jan,4.458,5.191,5.681
13-Jan,4.439,5.15,5.648
14-Jan,4.43,5.151,5.64
17-Jan,4.453,5.222,5.692
18-Jan,4.481,5.281,5.774
19-Jan,4.45,5.252,5.739
20-Jan,4.468,5.269,5.736
21-Jan,4.465,5.268,5.726
24-Jan,4.478,5.26,5.739
25-Jan,4.464,5.219,5.692
26-Jan,4.491,5.237,5.696
27-Jan,4.59,5.36,5.8
28-Jan,4.581,5.364,5.816
31-Jan,4.54,5.287,5.706
1-Feb,4.488,5.179,5.631
2-Feb,4.516,5.213,5.645
3-Feb,4.529,5.222,5.602
4-Feb,4.553,5.26,5.644
7-Feb,4.582,5.3,5.696
8-Feb,4.541,5.256,5.645
9-Feb,4.591,5.307,5.685
10-Feb,4.604,5.347,5.765
11-Feb,4.601,5.346,5.772
14-Feb,4.57,5.293,5.716
15-Feb,4.572,5.314,5.741
16-Feb,4.595,5.333,5.771
17-Feb,4.646,5.369,5.788
18-Feb,4.665,5.357,5.757
21-Feb,4.662,5.306,5.697
22-Feb,4.564,5.17,5.599
23-Feb,4.593,5.208,5.624
24-Feb,4.511,5.138,5.574
25-Feb,4.53,5.174,5.627
28-Feb,4.565,5.225,5.675
29-Feb,4.578,5.232,5.679
1-Mar,4.545,5.217,5.64
2-Mar,4.576,5.277,5.696
3-Mar,4.589,5.228,5.631
6-Mar,4.574,5.22,5.62
7-Mar,4.565,5.175,5.58
8-Mar,4.599,5.178,5.602
9-Mar,4.528,5.107,5.506
10-Mar,4.587,5.152,5.534
13-Mar,4.56,5.111,5.481
14-Mar,4.602,5.156,5.513
15-Mar,4.586,5.16,5.5
16-Mar,4.508,5.085,5.427
17-Mar,4.51,5.06,5.4
20-Mar,4.506,5.069,5.4
21-Mar,4.474,5.042,5.379
22-Mar,4.509,5.071,5.416
23-Mar,4.488,5.028,5.358
24-Mar,4.565,5.074,5.409
27-Mar,4.596,5.132,5.473
28-Mar,4.558,5.091,5.441
29-Mar,4.576,5.103,5.456
30-Mar,4.555,5.073,5.428
31-Mar,4.522,5.032,5.38
3-Apr,4.501,5.018,5.354
4-Apr,4.503,5.027,5.351
5-Apr,4.398,4.951,5.298
6-Apr,4.458,5.029,5.355
7-Apr,4.466,5.012,5.345
10-Apr,4.486,4.995,5.318
11-Apr,4.494,4.985,5.318
12-Apr,4.506,5.012,5.337
13-Apr,4.526,5.046,5.359
14-Apr,4.552,5.102,5.409
17-Apr,4.512,5.056,5.395
18-Apr,4.517,5.065,5.413
19-Apr,4.556,5.097,5.444
20-Apr,4.6,5.12,5.449
21-Apr,4.602,5.112,5.45
24-Apr,4.605,5.117,5.45
25-Apr,4.638,5.161,5.491
26-Apr,4.633,5.144,5.463
27-Apr,4.66,5.151,5.464
28-Apr,4.669,5.15,5.459
1-May,4.674,5.154,5.458
2-May,4.765,5.219,5.497
3-May,4.843,5.295,5.559
4-May,4.899,5.343,5.607
5-May,4.896,5.366,5.605
8-May,4.899,5.345,5.575
9-May,4.877,5.314,5.53
10-May,4.848,5.27,5.499
11-May,4.969,5.391,5.592
12-May,4.984,5.383,5.563
15-May,4.925,5.343,5.545
16-May,4.946,5.337,5.518
17-May,5.094,5.446,5.587
18-May,5.097,5.44,5.56
19-May,5.132,5.455,5.578
22-May,5.047,5.362,5.494
23-May,5.024,5.375,5.516
24-May,4.964,5.312,5.474
25-May,4.932,5.259,5.414
26-May,4.893,5.168,5.343
29-May,4.944,5.218,5.384
30-May,5.024,5.262,5.41
31-May,5.027,5.256,5.371
1-Jun,4.998,5.195,5.284
2-Jun,4.849,5.079,5.23
5-Jun,4.862,5.057,5.247
6-Jun,4.855,5.068,5.284
7-Jun,4.802,5.044,5.274
8-Jun,5.039,5.228,5.35
9-Jun,5.003,5.183,5.304
12-Jun,5.013,5.197,5.316
13-Jun,4.908,5.106,5.261
14-Jun,4.924,5.139,5.326
15-Jun,4.848,5.105,5.317
16-Jun,4.812,5.056,5.246
19-Jun,4.834,5.075,5.265
20-Jun,4.877,5.088,5.268
21-Jun,4.966,5.187,5.348
22-Jun,4.996,5.225,5.377
23-Jun,5.032,5.265,5.412
26-Jun,5.022,5.259,5.387
27-Jun,5.019,5.249,5.389
28-Jun,5.035,5.254,5.385
29-Jun,4.951,5.184,5.34
30-Jun,4.981,5.175,5.349
3-Jul,5.039,5.234,5.405
4-Jul,5.056,5.249,5.418
5-Jul,4.991,5.204,5.377
6-Jul,5.056,5.291,5.459
7-Jul,5.025,5.252,5.404
10-Jul,5.063,5.288,5.434
11-Jul,5.059,5.268,5.4
12-Jul,5.097,5.3,5.424
13-Jul,5.121,5.315,5.414
14-Jul,5.174,5.342,5.444
17-Jul,5.198,5.376,5.484
18-Jul,5.209,5.396,5.49
19-Jul,5.22,5.376,5.465
20-Jul,5.182,5.335,5.415
21-Jul,5.165,5.314,5.397
24-Jul,5.189,5.316,5.399
25-Jul,5.144,5.263,5.333
26-Jul,5.134,5.238,5.312
27-Jul,5.166,5.234,5.308
28-Jul,5.163,5.252,5.343
31-Jul,5.159,5.264,5.356
1-Aug,5.12,5.199,5.302
2-Aug,5.139,5.233,5.326
3-Aug,5.135,5.244,5.333
4-Aug,5.11,5.231,5.323
7-Aug,5.085,5.213,5.312
8-Aug,5.104,5.261,5.352
9-Aug,5.129,5.251,5.332
10-Aug,5.111,5.209,5.306
11-Aug,5.195,5.238,5.284
14-Aug,5.235,5.29,5.338
15-Aug,5.276,5.334,5.371
16-Aug,5.288,5.354,5.375
17-Aug,5.278,5.348,5.375
18-Aug,5.297,5.366,5.379
21-Aug,5.345,5.417,5.421
22-Aug,5.32,5.404,5.408
23-Aug,5.296,5.369,5.383
24-Aug,5.292,5.361,5.383
25-Aug,5.319,5.377,5.386
28-Aug,5.331,5.395,5.409
29-Aug,5.313,5.408,5.458
30-Aug,5.31,5.407,5.454
31-Aug,5.277,5.381,5.456
1-Sep,5.198,5.279,5.349
4-Sep,5.187,5.268,5.358
5-Sep,5.234,5.292,5.376
6-Sep,5.265,5.333,5.392
7-Sep,5.269,5.351,5.412
8-Sep,5.258,5.374,5.452
11-Sep,5.239,5.349,5.436
12-Sep,5.228,5.35,5.448
13-Sep,5.195,5.322,5.439
14-Sep,5.168,5.287,5.424
15-Sep,5.142,5.273,5.444
18-Sep,5.13,5.301,5.495
19-Sep,5.103,5.268,5.472
20-Sep,5.123,5.272,5.469
21-Sep,5.112,5.251,5.437
22-Sep,5.046,5.182,5.389
25-Sep,5.167,5.268,5.425
26-Sep,5.14,5.25,5.407
27-Sep,5.137,5.258,5.439
28-Sep,5.149,5.247,5.404
29-Sep,5.122,5.214,5.368
2-Oct,5.094,5.203,5.375
3-Oct,5.098,5.204,5.383
4-Oct,5.103,5.212,5.395
5-Oct,5.164,5.25,5.417
6-Oct,5.168,5.227,5.391
9-Oct,5.136,5.188,5.363
10-Oct,5.15,5.181,5.361
11-Oct,5.085,5.13,5.315
12-Oct,5.089,5.128,5.321
13-Oct,5.093,5.095,5.324
16-Oct,5.147,5.155,5.355
17-Oct,5.143,5.169,5.364
18-Oct,5.115,5.133,5.337
19-Oct,5.161,5.173,5.348
20-Oct,5.19,5.201,5.351
23-Oct,5.219,5.2,5.349
24-Oct,5.216,5.194,5.349
25-Oct,5.213,5.212,5.379
26-Oct,5.218,5.216,5.372
27-Oct,5.189,5.18,5.343
30-Oct,5.202,5.196,5.353
31-Oct,5.215,5.207,5.351
1-Nov,5.179,5.183,5.344
2-Nov,5.166,5.189,5.351
3-Nov,5.171,5.205,5.355
6-Nov,5.176,5.214,5.368
7-Nov,5.172,5.223,5.373
8-Nov,5.186,5.236,5.388
9-Nov,5.165,5.215,5.371
10-Nov,5.135,5.191,5.367
13-Nov,5.105,5.162,5.341
14-Nov,5.11,5.161,5.33
15-Nov,5.098,5.142,5.324
16-Nov,5.094,5.131,5.317
17-Nov,5.09,5.129,5.322
20-Nov,5.092,5.128,5.306
21-Nov,5.114,5.144,5.32
22-Nov,5.105,5.115,5.273
23-Nov,5.092,5.114,5.266
24-Nov,5.103,5.112,5.26
27-Nov,5.108,5.113,5.261
28-Nov,5.071,5.067,5.217
29-Nov,5.026,5.03,5.204
30-Nov,4.966,4.954,5.14
1-Dec,4.964,4.965,5.141
4-Dec,4.916,4.891,5.076
5-Dec,4.896,4.887,5.081
6-Dec,4.833,4.817,5.061
7-Dec,4.825,4.831,5.069
8-Dec,4.86,4.867,5.085
11-Dec,4.882,4.898,5.091
12-Dec,4.881,4.901,5.108
13-Dec,4.81,4.831,5.046
14-Dec,4.785,4.805,5.032
15-Dec,4.747,4.756,4.992
18-Dec,4.709,4.712,4.973
19-Dec,4.744,4.75,5.005
20-Dec,4.662,4.702,4.985
21-Dec,4.648,4.721,5.005
22-Dec,4.653,4.734,5.014
25-Dec,4.649,4.724,5
26-Dec,4.641,4.721,5.002
27-Dec,4.597,4.692,4.997
28-Dec,4.638,4.726,5.051
29-Dec,4.605,4.724,4.973
1-Jan,4.571,4.647,4.987
2-Jan,4.468,4.512,4.875
3-Jan,4.48,4.554,4.874
4-Jan,4.417,4.53,4.87
5-Jan,4.34,4.476,4.841
8-Jan,4.357,4.479,4.855
9-Jan,4.441,4.563,4.885
10-Jan,4.504,4.613,4.912
11-Jan,4.489,4.589,4.879
12-Jan,4.581,4.668,4.955
15-Jan,4.581,4.668,4.955
16-Jan,4.539,4.652,4.975
17-Jan,4.553,4.66,4.952
18-Jan,4.487,4.607,4.934
19-Jan,4.487,4.644,4.976
22-Jan,4.513,4.672,4.991
23-Jan,4.482,4.64,4.97
24-Jan,4.575,4.714,5.003
25-Jan,4.658,4.767,5.021
26-Jan,4.617,4.735,4.984
29-Jan,4.59,4.725,4.984
30-Jan,4.522,4.684,4.958
31-Jan,4.48,4.644,4.934
1-Feb,4.464,4.628,4.921
2-Feb,4.516,4.649,4.915
5-Feb,4.5,4.629,4.901
6-Feb,4.516,4.639,4.904
7-Feb,4.494,4.621,4.878
8-Feb,4.547,4.676,4.92
9-Feb,4.51,4.651,4.897
12-Feb,4.504,4.648,4.894
13-Feb,4.477,4.616,4.877
14-Feb,4.513,4.65,4.908
15-Feb,4.62,4.744,4.978
16-Feb,4.577,4.709,4.949
19-Feb,4.566,4.69,4.931
20-Feb,4.587,4.708,4.953
21-Feb,4.575,4.701,4.968
22-Feb,4.618,4.741,4.991
23-Feb,4.569,4.7,4.957
26-Feb,4.536,4.681,4.96
27-Feb,4.454,4.604,4.889
28-Feb,4.458,4.608,4.892
1-Mar,4.463,4.598,4.877
2-Mar,4.489,4.607,4.876
5-Mar,4.494,4.619,4.892
6-Mar,4.521,4.61,4.896
7-Mar,4.481,4.601,4.893
8-Mar,4.453,4.564,4.847
9-Mar,4.475,4.59,4.856
12-Mar,4.469,4.578,4.844
13-Mar,4.479,4.602,4.882
14-Mar,4.428,4.559,4.874
15-Mar,4.389,4.534,4.866
16-Mar,4.333,4.497,4.828
19-Mar,4.376,4.539,4.86
20-Mar,4.398,4.543,4.862
21-Mar,4.329,4.49,4.832
22-Mar,4.234,4.386,4.769
23-Mar,4.233,4.421,4.792
26-Mar,4.243,4.42,4.805
27-Mar,4.209,4.376,4.785
28-Mar,4.279,4.451,4.835
29-Mar,4.267,4.47,4.87
30-Mar,4.311,4.499,4.892
2-Apr,4.271,4.467,4.884
3-Apr,4.27,4.484,4.887
4-Apr,4.274,4.516,4.929
5-Apr,4.301,4.536,4.931
6-Apr,4.255,4.496,4.898
9-Apr,4.243,4.486,4.9
10-Apr,4.279,4.526,4.935
11-Apr,4.428,4.647,5.013
12-Apr,4.497,4.695,5.019
13-Apr,4.497,4.695,5.024
16-Apr,4.491,4.69,5.024
17-Apr,4.537,4.729,5.069
18-Apr,4.536,4.773,5.119
19-Apr,4.518,4.768,5.138
20-Apr,4.552,4.774,5.121
23-Apr,4.505,4.732,5.09
24-Apr,4.616,4.808,5.137
25-Apr,4.586,4.785,5.122
26-Apr,4.497,4.719,5.076
27-Apr,4.579,4.79,5.14
30-Apr,4.703,4.884,5.212
1-May,4.715,4.919,5.195
2-May,4.679,4.865,5.192
3-May,4.637,4.811,5.152
4-May,4.595,4.761,5.113
7-May,4.559,4.741,5.113
8-May,4.57,4.743,5.109
9-May,4.527,4.727,5.102
10-May,4.364,4.656,5.104
11-May,4.424,4.702,5.179
14-May,4.472,4.782,5.252
15-May,4.495,4.81,5.264
16-May,4.453,4.788,5.244
17-May,4.475,4.781,5.237
18-May,4.53,4.811,5.237
21-May,4.511,4.789,5.238
22-May,4.541,4.826,5.271
23-May,4.527,4.838,5.313
24-May,4.52,4.835,5.326
25-May,4.551,4.874,5.37
28-May,4.471,4.823,5.329
29-May,4.464,4.808,5.297
30-May,4.464,4.81,5.299
31-May,4.487,4.845,5.315
1-Jun,4.405,4.74,5.226
4-Jun,4.367,4.731,5.225
5-Jun,4.33,4.611,5.151
6-Jun,4.33,4.681,5.195
7-Jun,4.359,4.703,5.231
8-Jun,4.364,4.716,5.229
11-Jun,4.363,4.713,5.215
12-Jun,4.4,4.746,5.235
13-Jun,4.444,4.757,5.232
14-Jun,4.392,4.698,5.173
15-Jun,4.359,4.673,5.163
18-Jun,4.333,4.651,5.147
19-Jun,4.333,4.662,5.165
20-Jun,4.319,4.645,5.143
21-Jun,4.298,4.607,5.095
22-Jun,4.278,4.587,5.091
25-Jun,4.239,4.562,5.1
26-Jun,4.245,4.593,5.134
27-Jun,4.263,4.597,5.125
28-Jun,4.267,4.611,5.155
29-Jun,4.369,4.709,5.258
2-Jul,4.336,4.687,5.25
3-Jul,4.394,4.739,5.281
4-Jul,4.406,4.761,5.283
5-Jul,4.437,4.766,5.272
6-Jul,4.378,4.721,5.235
9-Jul,4.397,4.762,5.271
10-Jul,4.37,4.742,5.255
11-Jul,4.317,4.681,5.206
12-Jul,4.321,4.683,5.214
13-Jul,4.34,4.695,5.232
16-Jul,4.333,4.677,5.204
17-Jul,4.339,4.676,5.192
18-Jul,4.305,4.625,5.158
19-Jul,4.322,4.644,5.151
20-Jul,4.288,4.6,5.113
23-Jul,4.254,4.58,5.096
24-Jul,4.253,4.589,5.108
25-Jul,4.272,4.6,5.124
26-Jul,4.263,4.595,5.107
27-Jul,4.222,4.536,5.053
30-Jul,4.214,4.535,5.047
31-Jul,4.186,4.52,5.03
1-Aug,4.185,4.514,5.049
2-Aug,4.21,4.544,5.065
3-Aug,4.188,4.526,5.065
6-Aug,4.167,4.498,5.041
7-Aug,4.2,4.502,5.048
8-Aug,4.199,4.519,5.052
9-Aug,4.099,4.428,4.974
10-Aug,4.071,4.406,4.949
13-Aug,4.07,4.397,4.932
14-Aug,4.096,4.443,4.976
15-Aug,4.088,4.42,4.963
16-Aug,4.084,4.42,4.952
17-Aug,4.034,4.353,4.895
20-Aug,4.033,4.372,4.918
21-Aug,4.06,4.4,4.952
22-Aug,4.073,4.429,4.981
23-Aug,4.062,4.444,4.994
24-Aug,4.125,4.495,5.03
27-Aug,4.116,4.489,5.018
28-Aug,4.051,4.424,4.958
29-Aug,4.036,4.406,4.95
30-Aug,3.954,4.347,4.923
31-Aug,3.959,4.336,4.94
3-Sep,3.936,4.313,4.936
4-Sep,4.05,4.46,5.031
5-Sep,4.084,4.501,5.059
6-Sep,4.023,4.437,5.017
7-Sep,3.949,4.35,4.966
10-Sep,3.941,4.361,4.998
11-Sep,3.859,4.237,4.941
12-Sep,3.749,4.216,4.966
13-Sep,3.787,4.245,5
14-Sep,3.72,4.156,4.926
17-Sep,3.747,4.224,4.971
18-Sep,3.614,4.161,4.977
19-Sep,3.568,4.136,4.985
20-Sep,3.554,4.155,5.006
21-Sep,3.559,4.156,5.031
24-Sep,3.564,4.202,5.046
25-Sep,3.532,4.159,4.983
26-Sep,3.545,4.173,4.968
27-Sep,3.479,4.111,4.932
28-Sep,3.506,4.132,4.937
1-Oct,3.489,4.126,4.918
2-Oct,3.434,4.078,4.861
3-Oct,3.372,4.008,4.812
4-Oct,3.356,4.012,4.825
5-Oct,3.331,3.984,4.791
8-Oct,3.381,3.998,4.82
9-Oct,3.421,4.04,4.853
10-Oct,3.437,4.052,4.854
11-Oct,3.511,4.088,4.873
12-Oct,3.47,4.054,4.834
15-Oct,3.429,4.021,4.805
16-Oct,3.403,4.013,4.791
17-Oct,3.434,4.049,4.809
18-Oct,3.416,4.023,4.771
19-Oct,3.39,4.007,4.771
22-Oct,3.364,3.989,4.765
23-Oct,3.385,3.992,4.759
24-Oct,3.353,3.957,4.719
25-Oct,3.303,3.901,4.658
26-Oct,3.293,3.9,4.654
29-Oct,3.235,3.851,4.606
30-Oct,3.113,3.758,4.553
31-Oct,3.143,3.774,4.553
1-Nov,3.108,3.696,4.429
2-Nov,3.113,3.712,4.487
5-Nov,3.07,3.671,4.465
6-Nov,3.026,3.665,4.472
7-Nov,2.968,3.607,4.423
8-Nov,2.996,3.657,4.467
9-Nov,3.025,3.696,4.474
12-Nov,2.997,3.692,4.478
13-Nov,3.066,3.786,4.557
14-Nov,3.145,3.86,4.602
15-Nov,3.374,3.993,4.692
16-Nov,3.39,4.035,4.71
19-Nov,3.384,4.044,4.7
20-Nov,3.35,4.017,4.692
21-Nov,3.419,4.108,4.769
22-Nov,3.449,4.153,4.782
23-Nov,3.436,4.124,4.745
26-Nov,3.409,4.1,4.711
27-Nov,3.498,4.238,4.849
28-Nov,3.422,4.168,4.81
29-Nov,3.373,4.121,4.763
30-Nov,3.323,4.025,4.712
3-Dec,3.28,3.988,4.671
4-Dec,3.267,3.979,4.638
5-Dec,3.441,4.151,4.82
6-Dec,3.57,4.298,4.901
7-Dec,3.572,4.331,4.99
10-Dec,3.529,4.296,4.966
11-Dec,3.44,4.237,4.911
12-Dec,3.393,4.154,4.837
13-Dec,3.424,4.202,4.872
14-Dec,3.441,4.227,4.874
17-Dec,3.557,4.329,4.969
18-Dec,3.437,4.26,4.945
19-Dec,3.396,4.215,4.903
20-Dec,3.424,4.241,4.929
21-Dec,3.472,4.279,4.979
24-Dec,3.47,4.281,4.982
25-Dec,3.472,4.294,4.982
26-Dec,3.472,4.294,4.982
27-Dec,3.497,4.351,5.044
28-Dec,3.514,4.393,5.105
31-Dec,3.501,4.363,5.106
1-Jan,3.509,4.373,5.108
2-Jan,3.467,4.36,5.062
3-Jan,3.453,4.343,5.019
4-Jan,3.51,4.385,5.058
7-Jan,3.488,4.296,4.944
8-Jan,3.498,4.298,4.946
9-Jan,3.584,4.372,4.999
10-Jan,3.554,4.342,4.965
11-Jan,3.605,4.349,4.93
14-Jan,3.518,4.257,4.854
15-Jan,3.568,4.299,4.877
16-Jan,3.526,4.266,4.861
17-Jan,3.744,4.427,4.889
18-Jan,3.778,4.481,4.937
21-Jan,3.759,4.446,4.901
22-Jan,3.856,4.519,4.96
23-Jan,3.843,4.5,4.937
24-Jan,3.914,4.572,4.999
25-Jan,3.969,4.672,5.085
28-Jan,4.019,4.72,5.105
29-Jan,3.964,4.678,5.087
30-Jan,3.946,4.655,5.058
31-Jan,3.97,4.67,5.036
1-Feb,3.935,4.612,4.994
4-Feb,3.869,4.545,4.945
5-Feb,3.835,4.521,4.927
6-Feb,3.794,4.51,4.927
7-Feb,3.904,4.622,5.036
8-Feb,3.901,4.622,5.034
11-Feb,3.899,4.621,5.049
12-Feb,3.896,4.643,5.083
13-Feb,3.98,4.713,5.098
14-Feb,3.956,4.692,5.077
15-Feb,3.921,4.629,5.038
18-Feb,3.891,4.624,5.026
19-Feb,3.905,4.63,5.038
20-Feb,3.935,4.655,5.067
21-Feb,3.938,4.657,5.114
22-Feb,3.875,4.589,5.062
25-Feb,3.905,4.629,5.101
26-Feb,3.925,4.644,5.11
27-Feb,3.922,4.651,5.107
28-Feb,3.919,4.643,5.102
1-Mar,3.955,4.676,5.147
4-Mar,3.997,4.703,5.17
5-Mar,4.039,4.774,5.224
6-Mar,4.054,4.809,5.269
7-Mar,4.118,4.863,5.297
8-Mar,4.189,4.903,5.314
11-Mar,4.153,4.866,5.287
12-Mar,4.151,4.859,5.286
13-Mar,4.155,4.871,5.31
14-Mar,4.186,4.91,5.356
15-Mar,4.218,4.937,5.349
18-Mar,4.233,4.925,5.333
19-Mar,4.219,4.915,5.327
20-Mar,4.207,4.907,5.333
21-Mar,4.279,4.966,5.355
22-Mar,4.3,4.982,5.376
25-Mar,4.332,5.014,5.396
26-Mar,4.286,4.984,5.354
27-Mar,4.286,4.984,5.346
28-Mar,4.294,4.974,5.37
29-Mar,4.292,4.976,5.379
1-Apr,4.311,4.991,5.387
2-Apr,4.315,4.985,5.392
3-Apr,4.25,4.928,5.341
4-Apr,4.183,4.847,5.264
5-Apr,4.175,4.83,5.263
8-Apr,4.149,4.836,5.287
9-Apr,4.182,4.866,5.31
10-Apr,4.186,4.874,5.322
11-Apr,4.178,4.855,5.289
12-Apr,4.146,4.838,5.285
15-Apr,4.108,4.784,5.239
16-Apr,4.188,4.883,5.324
17-Apr,4.145,4.849,5.315
18-Apr,4.155,4.877,5.345
19-Apr,4.164,4.878,5.335
22-Apr,4.108,4.829,5.293
23-Apr,4.112,4.85,5.323
24-Apr,4.086,4.816,5.292
25-Apr,4.027,4.754,5.253
26-Apr,4.012,4.733,5.228
29-Apr,4.045,4.79,5.275
30-Apr,4.049,4.779,5.263
1-May,4.047,4.774,5.259
2-May,4.15,4.853,5.317
3-May,4.093,4.795,5.261
6-May,4.088,4.768,5.244
7-May,4.08,4.764,5.237
8-May,4.114,4.829,5.295
9-May,4.182,4.876,5.337
10-May,4.204,4.892,5.34
13-May,4.201,4.903,5.339
14-May,4.298,4.971,5.393
15-May,4.304,4.96,5.38
16-May,4.286,4.945,5.375
17-May,4.328,4.961,5.381
20-May,4.328,4.964,5.386
21-May,4.238,4.88,5.309
22-May,4.199,4.846,5.292
23-May,4.209,4.845,5.289
24-May,4.188,4.831,5.284
27-May,4.236,4.868,5.317
28-May,4.246,4.858,5.297
29-May,4.188,4.823,5.279
30-May,4.166,4.813,5.268
31-May,4.214,4.844,5.297
3-Jun,4.244,4.855,5.303
4-Jun,4.171,4.807,5.26
5-Jun,4.17,4.806,5.268
6-Jun,4.161,4.81,5.276
7-Jun,4.126,4.774,5.259
10-Jun,4.104,4.747,5.241
11-Jun,4.12,4.773,5.266
12-Jun,4.08,4.731,5.229
13-Jun,4.025,4.65,5.148
14-Jun,3.957,4.583,5.1
17-Jun,4,4.634,5.149
18-Jun,3.984,4.622,5.129
19-Jun,3.962,4.58,5.087
20-Jun,3.965,4.603,5.103
21-Jun,3.989,4.631,5.12
24-Jun,3.907,4.571,5.066
25-Jun,3.943,4.613,5.109
26-Jun,3.861,4.523,5.021
27-Jun,3.911,4.558,5.064
28-Jun,3.861,4.553,5.075
1-Jul,3.865,4.586,5.122
2-Jul,3.835,4.528,5.074
3-Jul,3.818,4.528,5.075
4-Jul,3.875,4.568,5.113
5-Jul,3.913,4.62,5.156
8-Jul,3.896,4.603,5.141
9-Jul,3.893,4.597,5.137
10-Jul,3.829,4.545,5.083
11-Jul,3.771,4.468,5.02
12-Jul,3.741,4.463,5.008
15-Jul,3.71,4.415,4.956
16-Jul,3.686,4.428,4.974
17-Jul,3.757,4.469,5.014
18-Jul,3.747,4.466,4.999
19-Jul,3.695,4.415,4.963
22-Jul,3.664,4.391,4.946
23-Jul,3.64,4.366,4.932
24-Jul,3.567,4.281,4.86
25-Jul,3.584,4.287,4.865
26-Jul,3.517,4.249,4.86
29-Jul,3.597,4.319,4.912
30-Jul,3.607,4.335,4.919
31-Jul,3.525,4.266,4.862
1-Aug,3.472,4.208,4.821
2-Aug,3.426,4.131,4.77
5-Aug,3.317,4.022,4.683
6-Aug,3.425,4.099,4.74
7-Aug,3.363,4.047,4.679
8-Aug,3.359,4.067,4.709
9-Aug,3.39,4.076,4.689
12-Aug,3.4,4.056,4.664
13-Aug,3.374,4.024,4.625
14-Aug,3.34,3.974,4.566
15-Aug,3.543,4.173,4.715
16-Aug,3.547,4.177,4.716
19-Aug,3.557,4.176,4.731
20-Aug,3.51,4.122,4.692
21-Aug,3.57,4.189,4.757
22-Aug,3.602,4.236,4.809
23-Aug,3.569,4.202,4.782
26-Aug,3.543,4.184,4.773
27-Aug,3.546,4.169,4.764
28-Aug,3.49,4.104,4.703
29-Aug,3.426,4.063,4.677
30-Aug,3.429,4.057,4.704
2-Sep,3.336,3.97,4.62
3-Sep,3.273,3.886,4.549
4-Sep,3.258,3.902,4.551
5-Sep,3.201,3.827,4.521
6-Sep,3.182,3.821,4.521
9-Sep,3.244,3.856,4.526
10-Sep,3.307,3.934,4.595
11-Sep,3.361,3.986,4.642
12-Sep,3.25,3.884,4.563
13-Sep,3.223,3.862,4.535
16-Sep,3.172,3.791,4.471
17-Sep,3.19,3.805,4.49
18-Sep,3.137,3.751,4.444
19-Sep,3.101,3.715,4.419
20-Sep,3.127,3.749,4.463
23-Sep,3.091,3.705,4.423
24-Sep,3.086,3.676,4.41
25-Sep,3.108,3.686,4.433
26-Sep,3.142,3.752,4.465
27-Sep,3.121,3.734,4.465
30-Sep,3.007,3.628,4.378
1-Oct,3.017,3.644,4.421
2-Oct,3.048,3.729,4.498
3-Oct,3.019,3.701,4.498
4-Oct,2.997,3.674,4.469
7-Oct,2.968,3.625,4.41
8-Oct,2.994,3.648,4.425
9-Oct,2.977,3.611,4.4
10-Oct,3.067,3.715,4.465
11-Oct,3.126,3.775,4.528
14-Oct,3.121,3.8,4.56
15-Oct,3.196,3.911,4.654
16-Oct,3.229,3.967,4.706
17-Oct,3.199,3.966,4.692
18-Oct,3.178,3.96,4.71
21-Oct,3.107,3.91,4.681
22-Oct,3.167,3.973,4.746
23-Oct,3.101,3.896,4.683
24-Oct,3.129,3.939,4.732
25-Oct,3.123,3.909,4.678
28-Oct,3.06,3.837,4.635
29-Oct,3.004,3.765,4.574
30-Oct,3.078,3.81,4.634
31-Oct,3.006,3.765,4.597
1-Nov,3.033,3.764,4.618
4-Nov,3.019,3.766,4.626
5-Nov,3.072,3.828,4.679
6-Nov,3.063,3.847,4.69
7-Nov,3.049,3.809,4.622
8-Nov,2.966,3.727,4.55
11-Nov,2.943,3.672,4.507
12-Nov,2.92,3.641,4.462
13-Nov,2.919,3.648,4.47
14-Nov,2.955,3.691,4.532
15-Nov,2.958,3.697,4.522
18-Nov,2.943,3.703,4.538
19-Nov,2.928,3.675,4.503
20-Nov,2.874,3.649,4.467
21-Nov,2.956,3.722,4.562
22-Nov,2.942,3.721,4.563
25-Nov,2.987,3.77,4.611
26-Nov,2.945,3.702,4.545
27-Nov,3.016,3.77,4.606
28-Nov,3,3.762,4.585
29-Nov,3.057,3.743,4.561
2-Dec,3.087,3.812,4.606
3-Dec,2.927,3.714,4.513
4-Dec,2.962,3.738,4.529
5-Dec,2.947,3.719,4.495
6-Dec,2.858,3.653,4.451
9-Dec,2.833,3.592,4.415
10-Dec,2.799,3.561,4.406
11-Dec,2.787,3.553,4.391
12-Dec,2.762,3.512,4.357
13-Dec,2.727,3.493,4.343
16-Dec,2.757,3.502,4.365
17-Dec,2.722,3.466,4.347
18-Dec,2.728,3.417,4.313
19-Dec,2.73,3.418,4.304
20-Dec,2.736,3.434,4.321
23-Dec,2.724,3.413,4.305
24-Dec,2.721,3.408,4.305
25-Dec,2.73,3.415,4.307
26-Dec,2.727,3.413,4.308
27-Dec,2.712,3.411,4.307
30-Dec,2.665,3.343,4.252
31-Dec,2.671,3.315,4.234
1-Jan,2.654,3.309,4.229
2-Jan,2.702,3.425,4.345
3-Jan,2.783,3.459,4.386
6-Jan,2.687,3.379,4.336
7-Jan,2.679,3.343,4.304
8-Jan,2.636,3.309,4.265
9-Jan,2.668,3.33,4.284
10-Jan,2.67,3.316,4.276
13-Jan,2.646,3.357,4.32
14-Jan,2.658,3.343,4.304
15-Jan,2.638,3.342,4.291
16-Jan,2.658,3.33,4.27
17-Jan,2.676,3.32,4.261
20-Jan,2.601,3.202,4.153
21-Jan,2.613,3.198,4.137
22-Jan,2.587,3.181,4.124
23-Jan,2.588,3.184,4.11
24-Jan,2.548,3.128,4.033
27-Jan,2.581,3.134,4.018
28-Jan,2.582,3.152,4.055
29-Jan,2.555,3.138,4.044
30-Jan,2.567,3.167,4.082
31-Jan,2.747,3.432,4.153
3-Feb,2.775,3.452,4.18
4-Feb,2.715,3.382,4.103
5-Feb,2.711,3.391,4.104
6-Feb,2.693,3.383,4.113
7-Feb,2.649,3.341,4.091
10-Feb,2.631,3.331,4.09
11-Feb,2.642,3.345,4.104
12-Feb,2.579,3.279,4.06
13-Feb,2.54,3.23,4.023
14-Feb,2.597,3.289,4.087
17-Feb,2.592,3.278,4.077
18-Feb,2.599,3.303,4.092
19-Feb,2.539,3.223,4.012
20-Feb,2.538,3.208,3.991
21-Feb,2.557,3.236,4.023
24-Feb,2.479,3.189,3.983
25-Feb,2.461,3.186,3.99
26-Feb,2.447,3.172,3.991
27-Feb,2.523,3.241,4.047
28-Feb,2.448,3.182,4.009
3-Mar,2.417,3.138,3.972
4-Mar,2.415,3.145,3.976
5-Mar,2.423,3.144,3.964
6-Mar,2.417,3.134,3.965
7-Mar,2.377,3.094,3.922
10-Mar,2.353,3.072,3.897
11-Mar,2.369,3.083,3.899
12-Mar,2.403,3.111,3.917
13-Mar,2.557,3.272,4.042
14-Mar,2.604,3.343,4.098
17-Mar,2.717,3.475,4.219
18-Mar,2.711,3.458,4.201
19-Mar,2.804,3.575,4.302
20-Mar,2.745,3.521,4.255
21-Mar,2.824,3.61,4.361
24-Mar,2.769,3.529,4.29
25-Mar,2.737,3.497,4.266
26-Mar,2.742,3.498,4.279
27-Mar,2.678,3.434,4.219
28-Mar,2.659,3.425,4.209
31-Mar,2.573,3.323,4.123
1-Apr,2.54,3.294,4.099
2-Apr,2.62,3.399,4.176
3-Apr,2.65,3.45,4.238
4-Apr,2.631,3.449,4.253
7-Apr,2.719,3.535,4.324
8-Apr,2.695,3.512,4.296
9-Apr,2.673,3.494,4.276
10-Apr,2.617,3.408,4.208
11-Apr,2.688,3.482,4.267
14-Apr,2.755,3.527,4.292
15-Apr,2.739,3.497,4.266
16-Apr,2.738,3.478,4.24
17-Apr,2.695,3.443,4.209
18-Apr,2.732,3.486,4.244
21-Apr,2.713,3.492,4.245
22-Apr,2.652,3.406,4.19
23-Apr,2.666,3.426,4.222
24-Apr,2.61,3.371,4.172
25-Apr,2.584,3.353,4.166
28-Apr,2.601,3.374,4.184
29-Apr,2.614,3.395,4.207
30-Apr,2.543,3.331,4.155
1-May,2.502,3.42,4.13
2-May,2.514,3.316,4.142
5-May,2.522,3.319,4.142
6-May,2.511,3.322,4.15
7-May,2.417,3.203,4.046
8-May,2.439,3.178,4.02
9-May,2.423,3.163,4.005
12-May,2.374,3.138,3.981
13-May,2.349,3.121,3.971
14-May,2.348,3.106,3.972
15-May,2.342,3.093,3.943
16-May,2.293,3.03,3.88
19-May,2.249,2.979,3.826
20-May,2.256,2.992,3.83
21-May,2.255,2.973,3.8
22-May,2.248,2.958,3.779
23-May,2.194,2.904,3.72
26-May,2.185,2.884,3.69
27-May,2.212,2.928,3.735
28-May,2.269,3.014,3.851
29-May,2.234,2.939,3.782
30-May,2.236,2.964,3.804
2-Jun,2.23,2.969,3.828
3-Jun,2.132,2.854,3.721
4-Jun,2.159,2.887,3.735
5-Jun,2.075,2.788,3.669
6-Jun,2.111,2.859,3.76
9-Jun,2.042,2.748,3.647
10-Jun,2.04,2.741,3.639
11-Jun,1.98,2.676,3.589
12-Jun,1.982,2.685,3.592
13-Jun,1.941,2.636,3.529
16-Jun,1.968,2.666,3.535
17-Jun,2.033,2.755,3.609
18-Jun,2.128,2.9,3.757
19-Jun,2.111,2.903,3.769
20-Jun,2.084,2.878,3.744
23-Jun,2.092,2.875,3.743
24-Jun,2.094,2.877,3.75
25-Jun,2.053,2.848,3.709
26-Jun,2.203,3.013,3.866
27-Jun,2.231,3.045,3.903
30-Jun,2.189,3.001,3.872
1-Jul,2.147,2.979,3.867
2-Jul,2.186,3.04,3.929
3-Jul,2.204,3.086,3.992
4-Jul,2.16,3.037,3.951
7-Jul,2.214,3.103,4.013
8-Jul,2.21,3.092,4
9-Jul,2.214,3.086,3.987
10-Jul,2.18,3.03,3.933
11-Jul,2.187,3.03,3.934
14-Jul,2.163,2.997,3.9
15-Jul,2.268,3.155,4.058
16-Jul,2.328,3.203,4.072
17-Jul,2.345,3.232,4.102
18-Jul,2.312,3.201,4.069
21-Jul,2.355,3.254,4.115
22-Jul,2.368,3.266,4.11
23-Jul,2.314,3.208,4.043
24-Jul,2.367,3.273,4.101
25-Jul,2.315,3.202,4.033
28-Jul,2.381,3.299,4.139
29-Jul,2.373,3.287,4.129
30-Jul,2.4,3.316,4.145
31-Jul,2.507,3.422,4.221
1-Aug,2.697,3.536,4.23
4-Aug,2.631,3.477,4.18
5-Aug,2.62,3.476,4.202
6-Aug,2.591,3.452,4.166
7-Aug,2.554,3.406,4.132
8-Aug,2.475,3.286,4.038
11-Aug,2.551,3.365,4.111
12-Aug,2.548,3.356,4.098
13-Aug,2.587,3.455,4.209
14-Aug,2.669,3.534,4.247
15-Aug,2.601,3.47,4.19
18-Aug,2.624,3.477,4.19
19-Aug,2.627,3.467,4.15
20-Aug,2.632,3.488,4.213
21-Aug,2.665,3.523,4.228
22-Aug,2.665,3.516,4.21
25-Aug,2.65,3.504,4.208
26-Aug,2.66,3.505,4.199
27-Aug,2.662,3.52,4.232
28-Aug,2.639,3.503,4.198
29-Aug,2.63,3.508,4.214
1-Sep,2.658,3.541,4.243
2-Sep,2.762,3.696,4.38
3-Sep,2.759,3.705,4.393
4-Sep,2.728,3.668,4.369
5-Sep,2.637,3.587,4.326
8-Sep,2.567,3.514,4.281
9-Sep,2.586,3.537,4.316
10-Sep,2.554,3.489,4.271
11-Sep,2.598,3.536,4.293
12-Sep,2.492,3.391,4.163
15-Sep,2.501,3.416,4.188
16-Sep,2.514,3.436,4.209
17-Sep,2.482,3.399,4.198
18-Sep,2.485,3.412,4.201
19-Sep,2.462,3.376,4.176
22-Sep,2.4,3.311,4.135
23-Sep,2.39,3.295,4.114
24-Sep,2.382,3.288,4.123
25-Sep,2.355,3.257,4.106
26-Sep,2.323,3.209,4.053
29-Sep,2.331,3.226,4.078
30-Sep,2.268,3.153,4.017
1-Oct,2.276,3.164,4.023
2-Oct,2.384,3.296,4.132
3-Oct,2.529,3.451,4.238
6-Oct,2.474,3.401,4.197
7-Oct,2.476,3.423,4.227
8-Oct,2.46,3.404,4.215
9-Oct,2.528,3.487,4.278
10-Oct,2.492,3.433,4.218
13-Oct,2.556,3.516,4.291
14-Oct,2.559,3.52,4.297
15-Oct,2.619,3.593,4.351
16-Oct,2.613,3.575,4.309
17-Oct,2.655,3.602,4.339
20-Oct,2.65,3.596,4.325
21-Oct,2.593,3.537,4.287
22-Oct,2.591,3.522,4.263
23-Oct,2.612,3.558,4.299
24-Oct,2.581,3.53,4.28
27-Oct,2.618,3.566,4.31
28-Oct,2.652,3.589,4.328
29-Oct,2.625,3.578,4.34
30-Oct,2.66,3.625,4.377
31-Oct,2.623,3.579,4.336
3-Nov,2.683,3.652,4.4
4-Nov,2.657,3.62,4.368
5-Nov,2.672,3.627,4.38
6-Nov,2.735,3.717,4.463
7-Nov,2.771,3.763,4.498
10-Nov,2.748,3.741,4.482
11-Nov,2.74,3.733,4.473
12-Nov,2.988,3.72,4.474
13-Nov,2.921,3.651,4.42
14-Nov,2.861,3.592,4.364
17-Nov,2.823,3.559,4.341
18-Nov,2.796,3.528,4.316
19-Nov,2.814,3.564,4.368
20-Nov,2.811,3.545,4.353
21-Nov,2.781,3.517,4.325
24-Nov,2.864,3.608,4.405
25-Nov,2.922,3.634,4.418
26-Nov,2.927,3.76,4.414
27-Nov,2.99,3.827,4.46
28-Nov,3.003,3.833,4.458
1-Dec,3.043,3.885,4.499
2-Dec,3.01,3.853,4.476
3-Dec,2.997,3.836,4.463
4-Dec,2.979,3.817,4.446
5-Dec,2.875,3.709,4.336
8-Dec,2.86,3.705,4.349
9-Dec,2.874,3.714,4.365
10-Dec,2.868,3.709,4.357
11-Dec,2.874,3.726,4.374
12-Dec,2.773,3.636,4.303
15-Dec,2.765,3.62,4.303
16-Dec,2.759,3.62,4.297
17-Dec,2.686,3.569,4.254
18-Dec,2.677,3.57,4.253
19-Dec,2.705,3.598,4.275
22-Dec,2.678,3.576,4.257
23-Dec,2.666,3.562,4.24
24-Dec,2.703,3.564,4.24
25-Dec,2.704,3.564,4.24
26-Dec,2.704,3.564,4.239
29-Dec,2.662,3.564,4.256
30-Dec,2.68,3.598,4.293
31-Dec,2.7,3.597,4.292
1-Jan,2.702,3.593,4.287
2-Jan,2.685,3.634,4.332
5-Jan,2.682,3.613,4.328
6-Jan,2.609,3.537,4.259
7-Jan,2.59,3.512,4.241
8-Jan,2.572,3.488,4.22
9-Jan,2.475,3.383,4.134
12-Jan,2.468,3.362,4.116
13-Jan,2.482,3.386,4.135
14-Jan,2.492,3.402,4.144
15-Jan,2.519,3.419,4.149
16-Jan,2.507,3.42,4.16
19-Jan,2.517,3.431,4.159
20-Jan,2.465,3.388,4.132
21-Jan,2.477,3.41,4.152
22-Jan,2.452,3.382,4.134
23-Jan,2.43,3.351,4.105
26-Jan,2.475,3.406,4.16
27-Jan,2.464,3.39,4.148
28-Jan,2.452,3.377,4.143
29-Jan,2.598,3.532,4.262
30-Jan,2.585,3.511,4.24
2-Feb,2.558,3.487,4.232
3-Feb,2.5,3.444,4.204
4-Feb,2.488,3.435,4.196
5-Feb,2.463,3.414,4.176
6-Feb,2.424,3.371,4.141
9-Feb,2.415,3.36,4.128
10-Feb,2.433,3.374,4.137
11-Feb,2.397,3.325,4.106
12-Feb,2.383,3.327,4.115
13-Feb,2.365,3.309,4.092
16-Feb,2.374,3.315,4.106
17-Feb,2.335,3.272,4.077
18-Feb,2.335,3.271,4.074
19-Feb,2.368,3.31,4.11
20-Feb,2.401,3.337,4.128
23-Feb,2.393,3.328,4.119
24-Feb,2.33,3.276,4.083
25-Feb,2.286,3.25,4.075
26-Feb,2.291,3.253,4.083
27-Feb,2.447,3.219,4.046
1-Mar,2.467,3.235,4.047
2-Mar,2.512,3.28,4.069
3-Mar,2.566,3.339,4.12
4-Mar,2.534,3.299,4.095
5-Mar,2.39,3.139,3.981
8-Mar,2.346,3.08,3.923
9-Mar,2.338,3.071,3.904
10-Mar,2.382,3.104,3.923
11-Mar,2.363,3.087,3.907
12-Mar,2.352,3.079,3.9
15-Mar,2.338,3.061,3.886
16-Mar,2.361,3.106,3.927
17-Mar,2.311,3.061,3.89
18-Mar,2.293,3.048,3.882
19-Mar,2.296,3.059,3.89
22-Mar,2.272,3.028,3.865
23-Mar,2.298,3.052,3.885
24-Mar,2.247,3.005,3.858
25-Mar,2.214,2.972,3.954
26-Mar,2.234,3.002,3.978
29-Mar,2.301,3.095,4.062
30-Mar,2.287,3.08,4.05
31-Mar,2.294,3.063,4.039
1-Apr,2.351,3.106,4.061
2-Apr,2.52,3.284,4.187
5-Apr,2.517,3.3,4.21
6-Apr,2.467,3.257,4.189
7-Apr,2.436,3.228,4.165
8-Apr,2.443,3.242,4.176
9-Apr,2.442,3.242,4.175
12-Apr,2.443,3.242,4.174
13-Apr,2.529,3.333,4.252
14-Apr,2.565,3.366,4.275
15-Apr,2.561,3.36,4.261
16-Apr,2.518,3.307,4.218
19-Apr,2.512,3.299,4.218
20-Apr,2.545,3.333,4.253
21-Apr,2.573,3.359,4.269
22-Apr,2.553,3.344,4.264
23-Apr,2.584,3.376,4.283
26-Apr,2.602,3.386,4.286
27-Apr,2.615,3.399,4.287
28-Apr,2.623,3.407,4.292
29-Apr,2.616,3.404,4.299
30-Apr,2.594,3.375,4.274
3-May,2.573,3.349,4.248
4-May,2.583,3.367,4.257
5-May,2.565,3.358,4.265
6-May,2.629,3.419,4.317
7-May,2.743,3.527,4.4
10-May,2.733,3.517,4.385
11-May,2.733,3.521,4.389
12-May,2.744,3.542,4.42
13-May,2.777,3.577,4.442
14-May,2.735,3.536,4.401
17-May,2.682,3.487,4.369
18-May,2.699,3.507,4.388
19-May,2.746,3.566,4.438
20-May,2.734,3.544,4.422
21-May,2.718,3.533,4.406
24-May,2.737,3.55,4.427
25-May,2.722,3.529,4.412
26-May,2.697,3.498,4.384
27-May,2.633,3.436,4.339
28-May,2.699,3.498,4.386
31-May,2.728,3.539,4.431
1-Jun,2.739,3.545,4.426
2-Jun,2.752,3.559,4.441
3-Jun,2.762,3.567,4.446
4-Jun,2.776,3.581,4.452
7-Jun,2.767,3.576,4.439
8-Jun,2.762,3.564,4.421
9-Jun,2.8,3.605,4.452
10-Jun,2.838,3.634,4.459
11-Jun,2.89,3.682,4.483
14-Jun,2.903,3.685,4.477
15-Jun,2.815,3.585,4.388
16-Jun,2.86,3.631,4.427
17-Jun,2.884,3.65,4.437
18-Jun,2.832,3.599,4.408
21-Jun,2.82,3.583,4.393
22-Jun,2.84,3.604,4.415
23-Jun,2.821,3.598,4.416
24-Jun,2.755,3.523,4.356
25-Jun,2.762,3.546,4.381
28-Jun,2.813,3.6,4.427
29-Jun,2.823,3.604,4.425
30-Jun,2.77,3.545,4.375
1-Jul,2.746,3.539,4.374
2-Jul,2.679,3.46,4.321
5-Jul,2.672,3.459,4.319
6-Jul,2.68,3.461,4.319
7-Jul,2.644,3.426,4.295
8-Jul,2.647,3.423,4.289
9-Jul,2.646,3.427,4.291
12-Jul,2.636,3.412,4.277
13-Jul,2.693,3.468,4.324
14-Jul,2.682,3.457,4.313
15-Jul,2.687,3.462,4.313
16-Jul,2.612,3.381,4.252
19-Jul,2.602,3.379,4.25
20-Jul,2.617,3.393,4.266
21-Jul,2.706,3.487,4.336
22-Jul,2.675,3.451,4.306
23-Jul,2.69,3.463,4.302
26-Jul,2.726,3.498,4.326
27-Jul,2.75,3.524,4.345
28-Jul,2.745,3.521,4.349
29-Jul,2.723,3.494,4.329
30-Jul,2.661,3.424,4.27
2-Aug,2.641,3.402,4.253
3-Aug,2.628,3.392,4.244
4-Aug,2.615,3.371,4.23
5-Aug,2.574,3.337,4.204
6-Aug,2.488,3.24,4.128
9-Aug,2.5,3.251,4.133
10-Aug,2.498,3.243,4.121
11-Aug,2.519,3.27,4.144
12-Aug,2.502,3.25,4.125
13-Aug,2.47,3.214,4.1
16-Aug,2.507,3.262,4.144
17-Aug,2.486,3.239,4.122
18-Aug,2.495,3.253,4.137
19-Aug,2.489,3.244,4.129
20-Aug,2.48,3.23,4.118
23-Aug,2.535,3.286,4.171
24-Aug,2.544,3.294,4.168
25-Aug,2.508,3.257,4.131
26-Aug,2.501,3.241,4.121
27-Aug,2.492,3.236,4.123
30-Aug,2.503,3.237,4.118
31-Aug,2.456,3.187,4.076
1-Sep,2.476,3.206,4.093
2-Sep,2.524,3.249,4.124
3-Sep,2.632,3.351,4.199
6-Sep,2.631,3.345,4.189
7-Sep,2.674,3.364,4.194
8-Sep,2.666,3.357,4.187
9-Sep,2.613,3.293,4.13
10-Sep,2.584,3.266,4.11
13-Sep,2.625,3.291,4.12
14-Sep,2.597,3.271,4.108
15-Sep,2.613,3.283,4.113
16-Sep,2.604,3.274,4.101
17-Sep,2.575,3.242,4.074
20-Sep,2.579,3.227,4.058
21-Sep,2.589,3.239,4.066
22-Sep,2.562,3.2,4.024
23-Sep,2.524,3.165,4.001
24-Sep,2.557,3.196,4.023
27-Sep,2.537,3.161,3.995
28-Sep,2.55,3.178,4.006
29-Sep,2.574,3.209,4.045
30-Sep,2.545,3.194,4.047
1-Oct,2.542,3.215,4.077
4-Oct,2.577,3.239,4.088
5-Oct,2.546,3.198,4.05
6-Oct,2.551,3.197,4.045
7-Oct,2.555,3.212,4.07
8-Oct,2.476,3.127,3.998
11-Oct,2.472,3.129,4.007
12-Oct,2.443,3.086,3.965
13-Oct,2.44,3.09,3.964
14-Oct,2.416,3.061,3.939
15-Oct,2.407,3.065,3.954
18-Oct,2.393,3.048,3.942
19-Oct,2.396,3.061,3.963
20-Oct,2.367,3.014,3.917
21-Oct,2.375,3.024,3.918
22-Oct,2.382,3.025,3.912
25-Oct,2.349,2.986,3.876
26-Oct,2.358,3.202,3.879
27-Oct,2.385,3.233,3.897
28-Oct,2.4,3.261,3.933
29-Oct,2.397,3.25,3.919
1-Nov,2.385,3.241,3.918
2-Nov,2.428,3.285,3.952
3-Nov,2.416,3.262,3.938
4-Nov,2.381,3.214,3.89
5-Nov,2.464,3.29,3.951
8-Nov,2.47,3.281,3.943
9-Nov,2.426,3.228,3.902
10-Nov,2.424,3.235,3.908
11-Nov,2.368,3.178,3.855
12-Nov,2.341,3.138,3.815
15-Nov,2.376,3.154,3.813
16-Nov,2.391,3.149,3.786
17-Nov,2.389,3.157,3.802
18-Nov,2.429,3.207,3.848
19-Nov,2.411,3.181,3.822
22-Nov,2.384,3.152,3.797
23-Nov,2.363,3.127,3.779
24-Nov,2.345,3.12,3.778
25-Nov,2.305,3.092,3.751
26-Nov,2.306,3.093,3.751
29-Nov,2.344,3.139,3.796
30-Nov,2.325,3.116,3.774
1-Dec,2.297,3.091,3.757
2-Dec,2.367,3.16,3.812
3-Dec,2.3,3.062,3.733
6-Dec,2.267,3.021,3.695
7-Dec,2.258,2.994,3.664
8-Dec,2.26,2.977,3.63
9-Dec,2.269,2.962,3.607
10-Dec,2.272,2.959,3.598
13-Dec,2.267,2.949,3.579
14-Dec,2.283,2.958,3.579
15-Dec,2.263,2.912,3.518
16-Dec,2.312,2.98,3.556
17-Dec,2.357,3.034,3.602
20-Dec,2.333,2.991,3.579
21-Dec,2.381,3.034,3.606
22-Dec,2.409,3.049,3.608
23-Dec,2.375,3.002,3.576
24-Dec,2.374,3.013,3.579
27-Dec,2.384,3.019,3.597
28-Dec,2.411,3.093,3.656
29-Dec,2.444,3.137,3.694
30-Dec,2.411,3.089,3.665
31-Dec,2.408,3.085,3.661
3-Jan,2.402,3.055,3.617
4-Jan,2.416,3.079,3.631
5-Jan,2.407,3.068,3.632
6-Jan,2.37,3.025,3.603
7-Jan,2.363,3.016,3.588
10-Jan,2.353,2.995,3.572
11-Jan,2.354,3.002,3.579
12-Jan,2.364,3.007,3.581
13-Jan,2.317,2.955,3.54
14-Jan,2.326,2.968,3.536
17-Jan,2.317,2.959,3.522
18-Jan,2.321,2.965,3.519
19-Jan,2.318,2.952,3.5
20-Jan,2.341,2.994,3.549
21-Jan,2.32,2.976,3.548
24-Jan,2.309,2.963,3.523
25-Jan,2.308,2.976,3.53
26-Jan,2.318,2.994,3.541
27-Jan,2.343,3.026,3.568
28-Jan,2.304,2.974,3.524
31-Jan,2.312,2.976,3.524
1-Feb,2.314,2.98,3.51
2-Feb,2.335,2.992,3.526
3-Feb,2.344,3.016,3.538
4-Feb,2.315,2.965,3.474
7-Feb,2.336,2.972,3.461
8-Feb,2.342,2.958,3.439
9-Feb,2.323,2.938,3.425
10-Feb,2.297,2.923,3.428
11-Feb,2.296,2.923,3.44
14-Feb,2.311,2.949,3.466
15-Feb,2.333,2.986,3.492
16-Feb,2.336,3.005,3.528
17-Feb,2.338,3.017,3.551
18-Feb,2.367,3.102,3.643
21-Feb,2.379,3.132,3.678
22-Feb,2.369,3.118,3.672
23-Feb,2.359,3.112,3.672
24-Feb,2.372,3.126,3.696
25-Feb,2.37,3.119,3.682
28-Feb,2.372,3.132,3.691
1-Mar,2.367,3.128,3.706
2-Mar,2.37,3.152,3.746
3-Mar,2.349,3.126,3.73
4-Mar,2.314,3.057,3.665
7-Mar,2.295,3.023,3.638
8-Mar,2.304,3.063,3.684
9-Mar,2.325,3.111,3.735
10-Mar,2.33,3.115,3.747
11-Mar,2.316,3.099,3.74
14-Mar,2.329,3.122,3.741
15-Mar,2.31,3.072,3.68
16-Mar,2.341,3.066,3.637
17-Mar,2.35,3.076,3.65
18-Mar,2.361,3.106,3.675
21-Mar,2.394,3.148,3.704
22-Mar,2.382,3.107,3.662
23-Mar,2.416,3.161,3.716
24-Mar,2.407,3.138,3.684
25-Mar,2.416,3.144,3.687
28-Mar,2.415,3.152,3.688
29-Mar,2.406,3.14,3.682
30-Mar,2.375,3.09,3.648
31-Mar,2.333,3.027,3.597
1-Apr,2.319,3.009,3.591
4-Apr,2.306,2.987,3.56
5-Apr,2.313,2.997,3.573
6-Apr,2.297,2.982,3.565
7-Apr,2.268,2.934,3.522
8-Apr,2.266,2.951,3.551
11-Apr,2.257,2.937,3.529
12-Apr,2.261,2.935,3.517
13-Apr,2.245,2.909,3.485
14-Apr,2.243,2.919,3.505
15-Apr,2.219,2.875,3.464
18-Apr,2.196,2.843,3.432
19-Apr,2.176,2.82,3.413
20-Apr,2.184,2.831,3.426
21-Apr,2.197,2.854,3.459
22-Apr,2.175,2.834,3.438
25-Apr,2.174,2.824,3.419
26-Apr,2.172,2.832,3.419
27-Apr,2.147,2.789,3.383
28-Apr,2.126,2.768,3.368
29-Apr,2.125,2.762,3.37
2-May,2.126,2.762,3.372
3-May,2.109,2.736,3.352
4-May,2.121,2.768,3.391
5-May,2.116,2.756,3.378
6-May,2.125,2.814,3.423
9-May,2.109,2.786,3.394
10-May,2.09,2.731,3.337
11-May,2.077,2.7,3.299
12-May,2.097,2.723,3.309
13-May,2.103,2.716,3.289
16-May,2.096,2.709,3.287
17-May,2.286,2.707,3.284
18-May,2.277,2.698,3.284
19-May,2.297,2.725,3.284
20-May,2.327,2.752,3.284
23-May,2.31,2.719,3.284
24-May,2.264,2.675,3.284
25-May,2.24,2.669,3.284
26-May,2.242,2.67,3.284
27-May,2.237,2.671,3.284
30-May,2.241,2.672,3.284
31-May,2.194,2.614,3.284
1-Jun,2.139,2.567,3.284
2-Jun,2.15,2.564,3.284
3-Jun,2.159,2.574,3.284
6-Jun,2.134,2.555,3.284
7-Jun,2.09,2.495,3.284
8-Jun,2.067,2.475,3.284
9-Jun,2.084,2.48,3.284
10-Jun,2.115,2.507,3.284
13-Jun,2.113,2.527,3.284
14-Jun,2.126,2.547,3.284
15-Jun,2.19,2.633,3.284
16-Jun,2.202,2.653,3.284
17-Jun,2.198,2.639,3.284
20-Jun,2.145,2.615,3.284
21-Jun,2.088,2.535,3.284
22-Jun,2.031,2.467,3.176
23-Jun,2.053,2.486,3.185
24-Jun,2.051,2.474,3.166
27-Jun,2.026,2.448,3.147
28-Jun,2.064,2.49,3.196
29-Jun,2.066,2.493,3.218
30-Jun,2.038,2.453,3.165
1-Jul,2.089,2.492,3.187
4-Jul,2.124,2.52,3.206
5-Jul,2.179,2.568,3.248
6-Jul,2.186,2.578,3.255
7-Jul,2.131,2.528,3.22
8-Jul,2.167,2.545,3.217
11-Jul,2.201,2.588,3.267
12-Jul,2.203,2.583,3.261
13-Jul,2.218,2.606,3.285
14-Jul,2.236,2.634,3.322
15-Jul,2.235,2.634,3.319
18-Jul,2.221,2.614,3.296
19-Jul,2.237,2.634,3.319
20-Jul,2.243,2.65,3.337
21-Jul,2.228,2.64,3.331
22-Jul,2.19,2.585,3.27
25-Jul,2.191,2.577,3.252
26-Jul,2.216,2.605,3.278
27-Jul,2.211,2.586,3.261
28-Jul,2.233,2.604,3.271
29-Jul,2.254,2.619,3.282
1-Aug,2.291,2.669,3.337
2-Aug,2.306,2.696,3.369
3-Aug,2.294,2.684,3.36
4-Aug,2.303,2.694,3.368
5-Aug,2.34,2.745,3.415
8-Aug,2.337,2.741,3.406
9-Aug,2.35,2.754,3.41
10-Aug,2.336,2.736,3.388
11-Aug,2.319,2.717,3.378
12-Aug,2.269,2.662,3.328
15-Aug,2.247,2.642,3.318
16-Aug,2.213,2.598,3.272
17-Aug,2.21,2.598,3.268
18-Aug,2.193,2.571,3.236
19-Aug,2.204,2.576,3.232
22-Aug,2.198,2.567,3.218
23-Aug,2.219,2.57,3.205
24-Aug,2.224,2.574,3.201
25-Aug,2.199,2.543,3.174
26-Aug,2.23,2.564,3.183
29-Aug,2.243,2.57,3.185
30-Aug,2.244,2.568,3.184
31-Aug,2.201,2.514,3.134
1-Sep,2.148,2.461,3.098
2-Sep,2.131,2.463,3.091
5-Sep,2.126,2.448,3.084
6-Sep,2.155,2.478,3.11
7-Sep,2.162,2.486,3.128
8-Sep,2.152,2.466,3.1
9-Sep,2.162,2.463,3.08
12-Sep,2.219,2.53,3.154
13-Sep,2.203,2.505,3.121
14-Sep,2.218,2.512,3.117
15-Sep,2.239,2.538,3.133
16-Sep,2.24,2.541,3.138
19-Sep,2.227,2.525,3.117
20-Sep,2.22,2.524,3.113
21-Sep,2.187,2.473,3.048
22-Sep,2.195,2.478,3.053
23-Sep,2.243,2.529,3.086
26-Sep,2.281,2.586,3.147
27-Sep,2.298,2.602,3.154
28-Sep,2.314,2.612,3.151
29-Sep,2.362,2.66,3.184
30-Sep,2.365,2.66,3.174
3-Oct,2.383,2.692,3.217
4-Oct,2.379,2.687,3.208
5-Oct,2.37,2.675,3.196
6-Oct,2.416,2.701,3.204
7-Oct,2.427,2.705,3.194
10-Oct,2.418,2.696,3.18
11-Oct,2.433,2.714,3.207
12-Oct,2.442,2.737,3.241
13-Oct,2.46,2.777,3.301
14-Oct,2.455,2.779,3.308
17-Oct,2.483,2.847,3.313
18-Oct,2.473,2.839,3.306
19-Oct,2.447,2.805,3.278
20-Oct,2.489,2.845,3.308
21-Oct,2.456,2.795,3.248
24-Oct,2.458,2.793,3.256
25-Oct,2.532,2.881,3.334
26-Oct,2.569,2.935,3.397
27-Oct,2.598,2.967,3.422
28-Oct,2.606,2.976,3.424
31-Oct,2.61,2.929,3.411
1-Nov,2.63,2.948,3.436
2-Nov,2.662,2.997,3.481
3-Nov,2.66,3,3.491
4-Nov,2.687,3.032,3.512
7-Nov,2.712,3.053,3.521
8-Nov,2.693,3.009,3.477
9-Nov,2.745,3.079,3.54
10-Nov,2.728,3.063,3.54
11-Nov,2.725,3.053,3.528
14-Nov,2.75,3.083,3.558
15-Nov,2.709,3.032,3.521
16-Nov,2.658,2.956,3.441
17-Nov,2.689,2.986,3.457
18-Nov,2.803,3.116,3.55
21-Nov,2.762,3.055,3.494
22-Nov,2.756,3.047,3.491
23-Nov,2.747,3.083,3.478
24-Nov,2.694,3.002,3.398
25-Nov,2.706,3.013,3.404
28-Nov,2.721,3.023,3.397
29-Nov,2.757,3.08,3.45
30-Nov,2.756,3.075,3.44
1-Dec,2.704,3.017,3.392
2-Dec,2.664,2.995,3.379
5-Dec,2.681,3.016,3.399
6-Dec,2.665,2.982,3.354
7-Dec,2.691,3.014,3.387
8-Dec,2.695,2.989,3.357
9-Dec,2.757,3.073,3.426
12-Dec,2.755,3.06,3.405
13-Dec,2.765,3.055,3.385
14-Dec,2.763,3.031,3.351
15-Dec,2.775,3.05,3.365
16-Dec,2.779,3.031,3.34
19-Dec,2.774,3.029,3.327
20-Dec,2.787,3.046,3.336
21-Dec,2.816,3.097,3.375
22-Dec,2.825,3.096,3.357
23-Dec,2.812,3.063,3.316
26-Dec,2.818,3.095,3.347
27-Dec,2.818,3.067,3.321
28-Dec,2.797,3.033,3.286
29-Dec,2.827,3.064,3.314
30-Dec,2.81,3.035,3.293
2-Jan,2.843,3.083,3.325
3-Jan,2.823,3.057,3.311
4-Jan,2.726,2.958,3.259
5-Jan,2.719,2.962,3.263
6-Jan,2.719,2.958,3.249
9-Jan,2.739,2.966,3.239
10-Jan,2.786,3.014,3.272
11-Jan,2.813,3.046,3.292
12-Jan,2.778,3.006,3.256
13-Jan,2.774,3.005,3.254
16-Jan,2.773,3.006,3.263
17-Jan,2.753,2.984,3.249
18-Jan,2.761,2.996,3.259
19-Jan,2.824,3.083,3.334
20-Jan,2.831,3.096,3.348
23-Jan,2.837,3.122,3.373
24-Jan,2.83,3.112,3.371
25-Jan,2.843,3.147,3.415
26-Jan,2.857,3.182,3.468
27-Jan,2.871,3.199,3.482
30-Jan,2.892,3.205,3.473
31-Jan,2.888,3.192,3.461
1-Feb,2.922,3.244,3.516
2-Feb,2.911,3.238,3.516
3-Feb,2.904,3.214,3.485
6-Feb,2.966,3.21,3.483
7-Feb,2.97,3.225,3.505
8-Feb,2.949,3.208,3.492
9-Feb,2.95,3.2,3.479
10-Feb,2.923,3.18,3.459
13-Feb,2.948,3.206,3.492
14-Feb,2.933,3.196,3.482
15-Feb,2.932,3.185,3.475
16-Feb,2.949,3.209,3.496
17-Feb,2.922,3.171,3.458
20-Feb,2.906,3.146,3.436
21-Feb,2.931,3.161,3.438
22-Feb,2.947,3.225,3.423
23-Feb,3,3.286,3.423
24-Feb,3.009,3.299,3.423
27-Feb,3.044,3.276,3.515
28-Feb,3.039,3.251,3.483
1-Mar,3.044,3.264,3.508
2-Mar,3.098,3.336,3.574
3-Mar,3.125,3.366,3.59
6-Mar,3.125,3.364,3.585
7-Mar,3.126,3.366,3.6
8-Mar,3.143,3.405,3.643
9-Mar,3.135,3.394,3.647
10-Mar,3.165,3.432,3.686
13-Mar,3.186,3.459,3.71
14-Mar,3.147,3.401,3.647
15-Mar,3.184,3.44,3.682
16-Mar,3.179,3.425,3.653
17-Mar,3.218,3.46,3.686
20-Mar,3.19,3.432,3.657
21-Mar,3.188,3.436,3.66
22-Mar,3.179,3.418,3.641
23-Mar,3.192,3.441,3.675
24-Mar,3.161,3.392,3.634
27-Mar,3.159,3.395,3.641
28-Mar,3.248,3.496,3.732
29-Mar,3.278,3.534,3.764
30-Mar,3.294,3.557,3.79
31-Mar,3.286,3.536,3.772
3-Apr,3.323,3.589,3.825
4-Apr,3.315,3.595,3.845
5-Apr,3.307,3.587,3.856
6-Apr,3.272,3.593,3.899
7-Apr,3.246,3.575,3.901
10-Apr,3.265,3.589,3.897
11-Apr,3.262,3.576,3.88
12-Apr,3.278,3.595,3.891
13-Apr,3.313,3.653,3.959
14-Apr,3.31,3.653,3.965
17-Apr,3.307,3.653,4.033
18-Apr,3.296,3.632,3.954
19-Apr,3.302,3.634,3.954
20-Apr,3.291,3.616,3.93
21-Apr,3.296,3.632,3.951
24-Apr,3.303,3.634,3.944
25-Apr,3.347,3.687,3.989
26-Apr,3.399,3.718,3.998
27-Apr,3.366,3.677,3.966
28-Apr,3.367,3.671,3.951
1-May,3.392,3.701,3.963
2-May,3.384,3.7,3.983
3-May,3.385,3.71,4.005
4-May,3.396,3.734,4.031
5-May,3.382,3.7,3.994
8-May,3.402,3.727,4.013
9-May,3.41,3.731,4.025
10-May,3.36,3.678,3.982
11-May,3.419,3.755,4.062
12-May,3.392,3.739,4.076
15-May,3.307,3.649,4.01
16-May,3.28,3.613,3.969
17-May,3.316,3.663,4.045
18-May,3.292,3.629,3.999
19-May,3.293,3.603,3.96
22-May,3.249,3.529,3.888
23-May,3.273,3.55,3.905
24-May,3.264,3.532,3.864
25-May,3.262,3.526,3.855
26-May,3.27,3.537,3.861
29-May,3.29,3.549,3.866
30-May,3.33,3.593,3.914
31-May,3.377,3.643,3.961
1-Jun,3.385,3.66,3.973
2-Jun,3.35,3.6,3.906
5-Jun,3.398,3.658,3.947
6-Jun,3.412,3.685,3.968
7-Jun,3.417,3.697,3.988
8-Jun,3.319,3.589,3.9
9-Jun,3.319,3.599,3.911
12-Jun,3.301,3.575,3.891
13-Jun,3.284,3.541,3.84
14-Jun,3.329,3.584,3.875
15-Jun,3.354,3.631,3.928
16-Jun,3.35,3.622,3.918
19-Jun,3.399,3.672,3.955
20-Jun,3.421,3.702,3.978
21-Jun,3.446,3.722,3.999
22-Jun,3.461,3.75,4.044
23-Jun,3.486,3.775,4.063
26-Jun,3.515,3.8,4.075
27-Jun,3.535,3.809,4.077
28-Jun,3.54,3.809,4.077
29-Jun,3.507,3.777,4.044
30-Jun,3.53,3.791,4.048
3-Jul,3.542,3.811,4.067
4-Jul,3.53,3.792,4.054
5-Jul,3.567,3.85,4.113
6-Jul,3.583,3.847,4.092
7-Jul,3.566,3.806,4.044
10-Jul,3.575,3.828,4.063
11-Jul,3.545,3.784,4.025
12-Jul,3.573,3.871,4.107
13-Jul,3.536,3.824,4.065
14-Jul,3.483,3.752,3.999
17-Jul,3.495,3.77,4.009
18-Jul,3.524,3.802,4.03
19-Jul,3.516,3.774,3.998
20-Jul,3.513,3.778,4.001
21-Jul,3.491,3.745,3.971
24-Jul,3.491,3.748,3.974
25-Jul,3.489,3.75,3.98
26-Jul,3.521,3.78,4.001
27-Jul,3.495,3.743,3.966
28-Jul,3.485,3.713,3.938
31-Jul,3.485,3.716,3.938
1-Aug,3.479,3.716,3.946
2-Aug,3.488,3.723,3.95
3-Aug,3.544,3.786,3.991
4-Aug,3.523,3.723,3.923
7-Aug,3.522,3.716,3.923
8-Aug,3.522,3.712,3.919
9-Aug,3.549,3.744,3.951
10-Aug,3.539,3.737,3.949
11-Aug,3.575,3.796,3.998
14-Aug,3.609,3.823,4.023
15-Aug,3.603,3.791,3.988
16-Aug,3.593,3.759,3.949
17-Aug,3.608,3.752,3.937
18-Aug,3.609,3.746,3.92
21-Aug,3.589,3.699,3.879
22-Aug,3.509,3.625,3.826
23-Aug,3.527,3.644,3.843
24-Aug,3.523,3.631,3.826
25-Aug,3.511,3.619,3.812
28-Aug,3.509,3.612,3.812
29-Aug,3.541,3.655,3.845
30-Aug,3.534,3.633,3.818
31-Aug,3.536,3.598,3.778
1-Sep,3.538,3.591,3.762
4-Sep,3.548,3.597,3.766
5-Sep,3.584,3.638,3.804
6-Sep,3.613,3.687,3.849
7-Sep,3.624,3.678,3.831
8-Sep,3.624,3.662,3.803
11-Sep,3.65,3.687,3.821
12-Sep,3.664,3.708,3.857
13-Sep,3.658,3.678,3.808
14-Sep,3.662,3.688,3.811
15-Sep,3.66,3.679,3.796
18-Sep,3.688,3.742,3.852
19-Sep,3.65,3.687,3.8
20-Sep,3.654,3.68,3.793
21-Sep,3.642,3.655,3.772
22-Sep,3.572,3.576,3.713
25-Sep,3.523,3.538,3.682
26-Sep,3.55,3.556,3.677
27-Sep,3.575,3.574,3.691
28-Sep,3.597,3.597,3.708
29-Sep,3.615,3.615,3.727
2-Oct,3.611,3.599,3.708
3-Oct,3.634,3.636,3.756
4-Oct,3.618,3.603,3.718
5-Oct,3.616,3.612,3.732
6-Oct,3.626,3.643,3.776
9-Oct,3.64,3.658,3.784
10-Oct,3.683,3.725,3.835
11-Oct,3.683,3.722,3.832
12-Oct,3.674,3.712,3.828
13-Oct,3.687,3.738,3.858
16-Oct,3.685,3.737,3.857
17-Oct,3.668,3.709,3.826
18-Oct,3.666,3.724,3.843
19-Oct,3.688,3.743,3.867
20-Oct,3.699,3.752,3.864
23-Oct,3.725,3.795,3.904
24-Oct,3.735,3.793,3.902
25-Oct,3.747,3.805,3.91
26-Oct,3.746,3.786,3.884
27-Oct,3.738,3.75,3.834
30-Oct,3.742,3.742,3.817
31-Oct,3.701,3.687,3.766
1-Nov,3.678,3.641,3.729
2-Nov,3.705,3.671,3.764
3-Nov,3.741,3.725,3.798
6-Nov,3.752,3.747,3.816
7-Nov,3.752,3.71,3.764
8-Nov,3.772,3.731,3.781
9-Nov,3.763,3.713,3.765
10-Nov,3.731,3.672,3.739
13-Nov,3.735,3.696,3.765
14-Nov,3.729,3.674,3.737
15-Nov,3.734,3.701,3.765
16-Nov,3.74,3.716,3.776
17-Nov,3.721,3.689,3.745
20-Nov,3.691,3.668,3.733
21-Nov,3.704,3.672,3.738
22-Nov,3.687,3.665,3.736
23-Nov,3.718,3.702,3.761
24-Nov,3.695,3.653,3.717
27-Nov,3.692,3.658,3.74
28-Nov,3.679,3.642,3.722
29-Nov,3.699,3.664,3.738
30-Nov,3.688,3.638,3.71
1-Dec,3.656,3.605,3.679
4-Dec,3.635,3.603,3.684
5-Dec,3.659,3.619,3.691
6-Dec,3.683,3.645,3.701
7-Dec,3.724,3.686,3.729
8-Dec,3.732,3.706,3.749
11-Dec,3.743,3.728,3.765
12-Dec,3.75,3.728,3.759
13-Dec,3.764,3.745,3.773
14-Dec,3.781,3.782,3.808
15-Dec,3.793,3.798,3.828
18-Dec,3.813,3.817,3.856
19-Dec,3.825,3.844,3.892
20-Dec,3.829,3.846,3.889
21-Dec,3.844,3.859,3.904
22-Dec,3.853,3.866,3.909
25-Dec,3.866,3.864,3.909
26-Dec,3.863,3.864,3.907
27-Dec,3.872,3.906,3.955
28-Dec,3.878,3.928,3.982
29-Dec,3.878,3.916,3.973
1-Jan,3.888,3.912,3.972
2-Jan,3.876,3.894,3.958
3-Jan,3.887,3.905,3.973
4-Jan,3.881,3.89,3.955
5-Jan,3.907,3.937,4.008
8-Jan,3.897,3.925,3.999
9-Jan,3.915,3.947,4.026
10-Jan,3.931,3.961,4.043
11-Jan,3.906,3.941,4.035
12-Jan,3.917,3.981,4.084
15-Jan,3.925,3.977,4.077
16-Jan,3.927,3.975,4.063
17-Jan,3.924,3.973,4.063
18-Jan,3.935,4,4.085
19-Jan,3.945,4,4.074
22-Jan,3.938,3.973,4.047
23-Jan,3.949,3.98,4.045
24-Jan,3.955,4.001,4.064
25-Jan,3.957,4.026,4.103
26-Jan,3.958,4.031,4.115
29-Jan,3.974,4.048,4.142
30-Jan,3.971,4.037,4.132
31-Jan,3.968,4.03,4.121
1-Feb,3.958,4.015,4.114
2-Feb,3.933,3.976,4.083
5-Feb,3.924,3.946,4.056
6-Feb,3.942,3.951,4.054
7-Feb,3.954,3.956,4.052
8-Feb,3.975,3.988,4.071
9-Feb,3.98,4.021,4.114
12-Feb,3.968,4.029,4.13
13-Feb,3.984,4.046,4.148
14-Feb,3.982,4.027,4.122
15-Feb,3.969,3.975,4.068
16-Feb,3.979,3.992,4.074
19-Feb,3.994,4.009,4.09
20-Feb,3.993,4.009,4.085
21-Feb,3.988,4,4.076
22-Feb,4.002,4.03,4.112
23-Feb,3.998,3.995,4.074
26-Feb,3.981,3.945,4.02
27-Feb,3.952,3.911,3.989
28-Feb,3.943,3.893,3.983
1-Mar,3.922,3.875,3.971
2-Mar,3.9,3.857,3.962
5-Mar,3.896,3.835,3.938
6-Mar,3.918,3.854,3.943
7-Mar,3.935,3.857,3.945
8-Mar,3.964,3.871,3.956
9-Mar,3.98,3.904,3.985
12-Mar,3.983,3.883,3.959
13-Mar,3.981,3.863,3.929
14-Mar,3.97,3.838,3.906
15-Mar,3.982,3.876,3.931
16-Mar,3.98,3.885,3.93
19-Mar,4.002,3.914,3.951
20-Mar,3.993,3.9,3.933
21-Mar,4.003,3.912,3.955
22-Mar,3.994,3.916,3.975
23-Mar,4.006,3.96,4.03
26-Mar,4.004,3.961,4.034
27-Mar,4.021,3.983,4.054
28-Mar,4.024,3.99,4.064
29-Mar,4.03,4.014,4.085
30-Mar,4.036,4.022,4.087
2-Apr,4.06,4.052,4.106
3-Apr,4.062,4.059,4.13
4-Apr,4.037,4.039,4.102
5-Apr,4.037,4.057,4.128
6-Apr,4.037,4.057,4.13
9-Apr,4.037,4.056,4.129
10-Apr,4.037,4.092,4.163
11-Apr,4.037,4.108,4.177
12-Apr,4.037,4.136,4.215
13-Apr,4.037,4.18,4.266
16-Apr,4.037,4.158,4.241
17-Apr,4.037,4.137,4.214
18-Apr,4.037,4.122,4.187
19-Apr,4.037,4.155,4.231
20-Apr,4.037,4.16,4.237
23-Apr,4.037,4.145,4.212
24-Apr,4.037,4.136,4.199
25-Apr,4.037,4.152,4.223
26-Apr,4.037,4.186,4.255
27-Apr,4.037,4.19,4.255
30-Apr,4.037,4.131,4.188
1-May,4.037,4.125,4.185
2-May,4.037,4.188,4.247
3-May,4.037,4.204,4.267
4-May,4.037,4.175,4.231
7-May,4.037,4.193,4.245
8-May,4.037,4.175,4.231
9-May,4.037,4.187,4.243
10-May,4.037,4.19,4.248
11-May,4.037,4.194,4.251
14-May,4.037,4.238,4.304
15-May,4.037,4.272,4.333
16-May,4.037,4.283,4.337
17-May,4.037,4.296,4.346
18-May,4.037,4.293,4.344
21-May,4.037,4.302,4.355
22-May,4.037,4.326,4.372
23-May,4.037,4.359,4.401
24-May,4.037,4.34,4.39
25-May,4.037,4.371,4.411
28-May,4.037,4.381,4.419
29-May,4.037,4.389,4.428
30-May,4.037,4.389,4.425
31-May,4.037,4.416,4.448
1-Jun,4.037,4.456,4.487
4-Jun,4.037,4.45,4.484
5-Jun,4.037,4.477,4.523
6-Jun,4.037,4.435,4.49
7-Jun,4.037,4.507,4.577
8-Jun,4.037,4.516,4.601
11-Jun,4.037,4.515,4.596
12-Jun,4.501,4.588,4.641
13-Jun,4.52,4.618,4.676
14-Jun,4.507,4.612,4.678
15-Jun,4.512,4.622,4.689
18-Jun,4.503,4.615,4.693
19-Jun,4.463,4.569,4.65
20-Jun,4.506,4.613,4.678
21-Jun,4.49,4.615,4.684
22-Jun,4.484,4.612,4.692
25-Jun,4.46,4.583,4.66
26-Jun,4.462,4.565,4.642
27-Jun,4.432,4.517,4.585
28-Jun,4.479,4.549,4.6
29-Jun,4.49,4.562,4.607
2-Jul,4.458,4.504,4.548
3-Jul,4.477,4.553,4.6
4-Jul,4.512,4.592,4.645
5-Jul,4.536,4.635,4.689
6-Jul,4.558,4.668,4.724
9-Jul,4.547,4.657,4.714
10-Jul,4.494,4.578,4.631
11-Jul,4.499,4.58,4.656
12-Jul,4.534,4.626,4.697
13-Jul,4.541,4.63,4.682
16-Jul,4.519,4.592,4.645
17-Jul,4.543,4.621,4.666
18-Jul,4.514,4.575,4.613
19-Jul,4.528,4.585,4.617
20-Jul,4.468,4.476,4.506
23-Jul,4.465,4.478,4.511
24-Jul,4.447,4.461,4.501
25-Jul,4.428,4.441,4.478
26-Jul,4.358,4.352,4.405
27-Jul,4.339,4.352,4.41
30-Jul,4.318,4.33,4.405
31-Jul,4.356,4.381,4.44
1-Aug,4.342,4.373,4.444
2-Aug,4.371,4.412,4.456
3-Aug,4.328,4.347,4.4
6-Aug,4.314,4.348,4.407
7-Aug,4.346,4.375,4.428
8-Aug,4.42,4.454,4.501
9-Aug,4.347,4.395,4.468
10-Aug,4.264,4.341,4.439
13-Aug,4.279,4.352,4.45
14-Aug,4.252,4.328,4.435
15-Aug,4.186,4.274,4.408
16-Aug,4.012,4.131,4.321
17-Aug,4,4.142,4.364
20-Aug,3.991,4.131,4.351
21-Aug,3.942,4.075,4.311
22-Aug,4.092,4.186,4.375
23-Aug,4.096,4.166,4.348
24-Aug,4.086,4.173,4.346
27-Aug,4.066,4.162,4.339
28-Aug,4.031,4.138,4.316
29-Aug,4.036,4.135,4.316
30-Aug,4.042,4.142,4.324
31-Aug,4.074,4.179,4.336
3-Sep,4.089,4.198,4.357
4-Sep,4.089,4.207,4.37
5-Sep,4.059,4.134,4.307
6-Sep,4.042,4.135,4.316
7-Sep,3.946,4.037,4.242
10-Sep,3.919,4,4.209
11-Sep,3.962,4.024,4.224
12-Sep,3.996,4.058,4.252
13-Sep,4.072,4.134,4.289
14-Sep,4.042,4.117,4.286
17-Sep,4.051,4.099,4.265
18-Sep,4.12,4.189,4.332
19-Sep,4.108,4.217,4.381
20-Sep,4.141,4.259,4.435
21-Sep,4.126,4.261,4.453
24-Sep,4.123,4.26,4.457
25-Sep,4.088,4.216,4.418
26-Sep,4.152,4.285,4.477
27-Sep,4.14,4.267,4.468
28-Sep,4.097,4.218,4.419
1-Oct,4.068,4.196,4.414
2-Oct,4.076,4.193,4.405
3-Oct,4.089,4.213,4.418
4-Oct,4.03,4.152,4.367
5-Oct,4.072,4.22,4.426
8-Oct,4.089,4.222,4.43
9-Oct,4.096,4.206,4.396
10-Oct,4.128,4.245,4.43
11-Oct,4.148,4.294,4.47
12-Oct,4.234,4.343,4.499
15-Oct,4.263,4.354,4.504
16-Oct,4.239,4.349,4.512
17-Oct,4.22,4.304,4.477
18-Oct,4.143,4.221,4.412
19-Oct,4.066,4.13,4.316
22-Oct,4.038,4.113,4.285
23-Oct,4.045,4.113,4.29
24-Oct,3.994,4.06,4.242
25-Oct,3.999,4.06,4.255
26-Oct,4.017,4.077,4.273
29-Oct,4.035,4.083,4.267
30-Oct,4.053,4.095,4.287
31-Oct,4.121,4.178,4.34
1-Nov,4.092,4.12,4.303
2-Nov,4.063,4.082,4.272
5-Nov,4.048,4.066,4.273
6-Nov,4.062,4.085,4.286
7-Nov,4.037,4.043,4.261
8-Nov,3.986,4.001,4.242
9-Nov,3.965,3.956,4.204
12-Nov,3.977,3.968,4.219
13-Nov,4.01,4.005,4.233
14-Nov,4.04,4.039,4.253
15-Nov,4.003,3.988,4.227
16-Nov,3.981,3.968,4.216
19-Nov,3.907,3.893,4.165
20-Nov,3.915,3.915,4.177
21-Nov,3.849,3.836,4.137
22-Nov,3.841,3.837,4.14
23-Nov,3.859,3.871,4.149
26-Nov,3.864,3.872,4.139
27-Nov,3.866,3.894,4.157
28-Nov,3.901,3.986,4.225
29-Nov,3.861,3.931,4.181
30-Nov,3.918,4.004,4.243
3-Dec,3.891,3.922,4.179
4-Dec,3.888,3.889,4.14
5-Dec,3.881,3.899,4.144
6-Dec,3.938,3.952,4.188
7-Dec,4.031,4.074,4.295
10-Dec,4.103,4.14,4.362
11-Dec,4.096,4.107,4.338
12-Dec,4.124,4.179,4.4
13-Dec,4.131,4.16,4.384
14-Dec,4.14,4.188,4.411
17-Dec,4.119,4.175,4.392
18-Dec,4.09,4.173,4.384
19-Dec,4.072,4.157,4.386
20-Dec,4.05,4.133,4.354
21-Dec,4.073,4.181,4.412
24-Dec,4.077,4.181,4.417
25-Dec,4.077,4.179,4.407
26-Dec,4.079,4.184,4.41
27-Dec,4.099,4.228,4.453
28-Dec,4.078,4.183,4.411
31-Dec,4.069,4.181,4.407
1-Jan,4.075,4.181,4.403
2-Jan,3.993,4.009,4.28
3-Jan,3.979,3.99,4.274
4-Jan,3.947,3.926,4.214
7-Jan,3.963,3.931,4.216
8-Jan,3.915,3.967,4.246
9-Jan,3.835,3.904,4.187
10-Jan,3.854,3.919,4.194
11-Jan,3.833,3.896,4.191
14-Jan,3.784,3.853,4.152
15-Jan,3.746,3.818,4.12
16-Jan,3.643,3.74,4.074
17-Jan,3.602,3.721,4.063
18-Jan,3.56,3.697,4.06
21-Jan,3.45,3.607,4.002
22-Jan,3.492,3.679,4.087
23-Jan,3.334,3.538,3.992
24-Jan,3.564,3.719,4.104
25-Jan,3.556,3.711,4.085
28-Jan,3.53,3.675,4.059
29-Jan,3.569,3.713,4.105
30-Jan,3.574,3.73,4.131
31-Jan,3.461,3.619,4.037
1-Feb,3.465,3.61,4.019
4-Feb,3.477,3.621,4.032
5-Feb,3.331,3.492,3.947
6-Feb,3.352,3.52,3.995
7-Feb,3.219,3.411,3.977
8-Feb,3.191,3.394,3.948
11-Feb,3.175,3.384,3.946
12-Feb,3.24,3.465,4.035
13-Feb,3.236,3.47,4.044
14-Feb,3.296,3.544,4.093
15-Feb,3.234,3.47,4.053
18-Feb,3.328,3.566,4.106
19-Feb,3.3,3.536,4.165
20-Feb,3.363,3.589,4.197
21-Feb,3.448,3.676,4.178
22-Feb,3.426,3.657,4.176
25-Feb,3.419,3.67,4.211
26-Feb,3.474,3.723,4.247
27-Feb,3.447,3.715,4.26
28-Feb,3.338,3.604,4.167
29-Feb,3.235,3.475,4.059
3-Mar,3.283,3.47,4.045
4-Mar,3.261,3.437,4.022
5-Mar,3.344,3.532,4.122
6-Mar,3.39,3.539,4.088
7-Mar,3.362,3.51,4.07
10-Mar,3.277,3.418,3.995
11-Mar,3.419,3.496,4.017
12-Mar,3.44,3.494,3.993
13-Mar,3.397,3.48,3.995
14-Mar,3.32,3.443,3.97
17-Mar,3.178,3.397,3.951
18-Mar,3.359,3.524,4.025
19-Mar,3.457,3.563,3.997
20-Mar,3.538,3.624,3.98
21-Mar,3.534,3.617,3.981
24-Mar,3.53,3.615,3.978
25-Mar,3.699,3.779,4.106
26-Mar,3.686,3.772,4.113
27-Mar,3.654,3.773,4.157
28-Mar,3.698,3.788,4.155
31-Mar,3.668,3.74,4.123
1-Apr,3.731,3.815,4.183
2-Apr,3.784,3.843,4.2
3-Apr,3.729,3.818,4.207
4-Apr,3.716,3.793,4.175
7-Apr,3.794,3.852,4.241
8-Apr,3.763,3.836,4.247
9-Apr,3.713,3.809,4.227
10-Apr,3.679,3.782,4.218
11-Apr,3.59,3.7,4.137
14-Apr,3.596,3.712,4.135
15-Apr,3.662,3.786,4.197
16-Apr,3.744,3.873,4.272
17-Apr,3.84,3.96,4.309
18-Apr,3.979,4.064,4.356
21-Apr,3.925,4.014,4.331
22-Apr,4.008,4.083,4.357
23-Apr,3.963,4.058,4.356
24-Apr,3.977,4.086,4.393
25-Apr,3.96,4.087,4.387
28-Apr,3.949,4.094,4.407
29-Apr,3.86,4.021,4.345
30-Apr,3.86,4.023,4.329
1-May,3.852,4.013,4.322
2-May,3.929,4.107,4.4
5-May,3.925,4.074,4.358
6-May,3.858,4.015,4.336
7-May,3.872,4.035,4.372
8-May,3.792,3.928,4.268
9-May,3.759,3.878,4.21
12-May,3.825,3.926,4.232
13-May,3.92,4.017,4.317
14-May,4.013,4.096,4.384
15-May,4.083,4.141,4.415
16-May,4.078,4.124,4.371
19-May,4.124,4.164,4.413
20-May,4.097,4.131,4.379
21-May,4.208,4.218,4.451
22-May,4.284,4.252,4.478
23-May,4.285,4.236,4.454
26-May,4.287,4.255,4.47
27-May,4.281,4.27,4.495
28-May,4.289,4.313,4.536
29-May,4.396,4.416,4.633
30-May,4.371,4.396,4.606
2-Jun,4.316,4.329,4.548
3-Jun,4.384,4.411,4.627
4-Jun,4.342,4.353,4.586
5-Jun,4.608,4.523,4.666
6-Jun,4.623,4.543,4.625
9-Jun,4.71,4.672,4.724
10-Jun,4.676,4.678,4.75
11-Jun,4.663,4.673,4.776
12-Jun,4.684,4.729,4.809
13-Jun,4.749,4.788,4.838
16-Jun,4.821,4.845,4.823
17-Jun,4.77,4.799,4.793
18-Jun,4.755,4.802,4.792
19-Jun,4.824,4.883,4.856
20-Jun,4.719,4.795,4.8
23-Jun,4.678,4.748,4.775
24-Jun,4.654,4.719,4.778
25-Jun,4.689,4.741,4.788
26-Jun,4.584,4.638,4.701
27-Jun,4.566,4.626,4.712
30-Jun,4.716,4.771,4.811
1-Jul,4.69,4.753,4.794
2-Jul,4.744,4.801,4.84
3-Jul,4.554,4.638,4.741
4-Jul,4.516,4.578,4.681
7-Jul,4.474,4.502,4.62
8-Jul,4.506,4.514,4.619
9-Jul,4.523,4.526,4.614
10-Jul,4.502,4.512,4.604
11-Jul,4.518,4.55,4.629
14-Jul,4.496,4.513,4.595
15-Jul,4.42,4.473,4.593
16-Jul,4.443,4.517,4.603
17-Jul,4.489,4.575,4.661
18-Jul,4.639,4.72,4.785
21-Jul,4.718,4.771,4.829
22-Jul,4.683,4.752,4.818
23-Jul,4.663,4.75,4.826
24-Jul,4.514,4.61,4.737
25-Jul,4.521,4.629,4.784
28-Jul,4.452,4.537,4.701
29-Jul,4.438,4.491,4.652
30-Jul,4.408,4.433,4.593
31-Jul,4.358,4.36,4.536
1-Aug,4.358,4.354,4.525
4-Aug,4.348,4.341,4.512
5-Aug,4.349,4.321,4.489
6-Aug,4.345,4.333,4.514
7-Aug,4.185,4.164,4.429
8-Aug,4.157,4.148,4.427
11-Aug,4.203,4.178,4.438
12-Aug,4.144,4.125,4.395
13-Aug,4.11,4.083,4.379
14-Aug,4.12,4.092,4.379
15-Aug,4.092,4.06,4.347
18-Aug,4.08,4.046,4.337
19-Aug,4.074,4.054,4.355
20-Aug,4.087,4.051,4.313
21-Aug,4.169,4.143,4.37
22-Aug,4.219,4.206,4.412
25-Aug,4.132,4.087,4.316
26-Aug,4.081,4.067,4.312
27-Aug,4.164,4.159,4.378
28-Aug,4.232,4.208,4.385
29-Aug,4.197,4.204,4.385
1-Sep,4.107,4.114,4.337
2-Sep,4.157,4.139,4.354
3-Sep,4.171,4.122,4.352
4-Sep,4.102,4.052,4.286
5-Sep,4.028,3.959,4.244
8-Sep,4.089,4.028,4.303
9-Sep,4.051,4.005,4.284
10-Sep,4.05,4.016,4.293
11-Sep,4.056,4.029,4.318
12-Sep,4.118,4.117,4.414
15-Sep,3.898,3.938,4.31
16-Sep,3.876,3.947,4.271
17-Sep,3.809,3.963,4.294
18-Sep,3.914,4.055,4.335
19-Sep,4.221,4.302,4.479
22-Sep,4.245,4.315,4.524
23-Sep,4.113,4.249,4.5
24-Sep,3.992,4.149,4.418
25-Sep,4.065,4.205,4.48
26-Sep,3.895,4.085,4.423
29-Sep,3.655,3.898,4.291
30-Sep,3.666,4.002,4.345
1-Oct,3.603,3.964,4.33
2-Oct,3.455,3.859,4.263
3-Oct,3.366,3.797,4.249
6-Oct,3.133,3.596,4.068
7-Oct,3.202,3.655,4.066
8-Oct,3.1,3.634,4.126
9-Oct,3.139,3.694,4.193
10-Oct,3.107,3.768,4.331
13-Oct,3.223,3.89,4.394
14-Oct,3.28,3.916,4.393
15-Oct,3.216,3.872,4.372
16-Oct,2.988,3.73,4.327
17-Oct,3.038,3.733,4.284
20-Oct,3.02,3.689,4.281
21-Oct,2.954,3.624,4.21
22-Oct,2.886,3.494,4.117
23-Oct,2.924,3.471,4.122
24-Oct,2.844,3.398,4.118
27-Oct,2.778,3.374,4.132
28-Oct,2.797,3.362,4.162
29-Oct,2.85,3.405,4.243
30-Oct,2.835,3.401,4.257
31-Oct,2.963,3.569,4.429
3-Nov,2.956,3.532,4.386
4-Nov,2.958,3.487,4.358
5-Nov,2.939,3.42,4.285
6-Nov,2.819,3.255,4.154
7-Nov,2.749,3.196,4.074
10-Nov,2.709,3.154,4.068
11-Nov,2.64,3.14,4.052
12-Nov,2.539,3.116,4.02
13-Nov,2.525,3.098,4.035
14-Nov,2.486,3.074,3.985
17-Nov,2.449,3.057,3.97
18-Nov,2.464,3.064,3.955
19-Nov,2.449,3.004,3.86
20-Nov,2.324,2.883,3.749
21-Nov,2.369,2.993,3.768
24-Nov,2.481,3.073,3.835
25-Nov,2.532,3.06,3.758
26-Nov,2.48,2.972,3.682
27-Nov,2.492,3.067,3.696
28-Nov,2.458,3.056,3.67
1-Dec,2.391,2.945,3.624
2-Dec,2.378,2.934,3.537
3-Dec,2.376,2.968,3.523
4-Dec,2.468,3.065,3.621
5-Dec,2.449,3.029,3.585
8-Dec,2.692,3.264,3.747
9-Dec,2.729,3.356,3.829
10-Dec,2.623,3.282,3.803
11-Dec,2.577,3.247,3.806
12-Dec,2.639,3.365,3.895
15-Dec,2.57,3.344,3.876
16-Dec,2.539,3.262,3.794
17-Dec,2.327,3.088,3.643
18-Dec,2.299,3.039,3.616
19-Dec,2.245,3.021,3.632
22-Dec,2.192,2.95,3.564
23-Dec,2.136,2.916,3.548
24-Dec,2.132,2.912,3.552
25-Dec,2.128,2.921,3.547
26-Dec,2.126,2.921,3.547
29-Dec,2.083,2.852,3.483
30-Dec,2.08,2.896,3.544
31-Dec,2.057,2.889,3.546
1-Jan,2.059,2.892,3.547
2-Jan,2.195,2.874,3.516
5-Jan,2.169,2.885,3.571
6-Jan,2.218,3.005,3.714
7-Jan,2.123,2.951,3.749
8-Jan,2.058,2.898,3.693
9-Jan,1.989,2.795,3.589
12-Jan,1.971,2.797,3.603
13-Jan,1.982,2.785,3.639
14-Jan,1.965,2.75,3.585
15-Jan,1.996,2.773,3.574
16-Jan,1.957,2.779,3.623
19-Jan,1.993,2.885,3.727
20-Jan,1.984,2.926,3.761
21-Jan,1.929,3.039,3.817
22-Jan,1.927,3.085,3.95
23-Jan,1.916,3.137,4.033
26-Jan,2.097,3.267,4.127
27-Jan,2.048,3.13,4.032
28-Jan,1.988,3.065,3.972
29-Jan,1.885,3.009,3.962
30-Jan,1.833,2.982,3.992
2-Feb,1.807,2.927,3.968
3-Feb,1.78,2.904,3.993
4-Feb,1.773,2.871,3.93
5-Feb,1.713,2.841,3.957
6-Feb,1.679,2.835,3.978
9-Feb,1.735,2.831,3.99
10-Feb,1.735,2.821,3.92
11-Feb,1.654,2.703,3.941
12-Feb,1.631,2.667,3.854
13-Feb,1.644,2.691,3.892
16-Feb,1.565,2.626,3.863
17-Feb,1.503,2.588,3.84
18-Feb,1.605,2.641,3.843
19-Feb,1.732,2.786,3.917
20-Feb,1.666,2.704,3.846
23-Feb,1.692,2.721,3.833
24-Feb,1.66,2.676,3.808
25-Feb,1.608,2.655,3.806
26-Feb,1.713,2.796,3.937
27-Feb,1.697,2.765,3.918
2-Mar,1.583,2.642,3.84
3-Mar,1.545,2.631,3.857
4-Mar,1.56,2.668,3.914
5-Mar,1.563,2.614,3.791
6-Mar,1.586,2.597,3.758
9-Mar,1.647,2.656,3.764
10-Mar,1.669,2.719,3.835
11-Mar,1.692,2.71,3.835
12-Mar,1.622,2.618,3.769
13-Mar,1.619,2.621,3.783
16-Mar,1.632,2.655,3.835
17-Mar,1.659,2.708,3.882
18-Mar,1.643,2.766,3.908
19-Mar,1.64,2.694,3.747
20-Mar,1.555,2.622,3.672
23-Mar,1.522,2.661,3.719
24-Mar,1.585,2.711,3.826
25-Mar,1.574,2.72,3.813
26-Mar,1.579,2.706,3.787
27-Mar,1.504,2.632,3.745
30-Mar,1.447,2.572,3.762
31-Mar,1.41,2.558,3.738
1-Apr,1.415,2.548,3.739
2-Apr,1.588,2.717,3.87
3-Apr,1.655,2.738,3.858
6-Apr,1.641,2.728,3.826
7-Apr,1.585,2.712,3.854
8-Apr,1.573,2.71,3.873
9-Apr,1.542,2.678,3.898
10-Apr,1.551,2.683,3.878
13-Apr,1.578,2.684,3.876
14-Apr,1.538,2.641,3.82
15-Apr,1.513,2.567,3.762
16-Apr,1.52,2.6,3.774
17-Apr,1.595,2.69,3.853
20-Apr,1.542,2.576,3.724
21-Apr,1.57,2.593,3.722
22-Apr,1.617,2.651,3.779
23-Apr,1.596,2.642,3.748
24-Apr,1.545,2.582,3.728
27-Apr,1.506,2.554,3.707
28-Apr,1.451,2.512,3.672
29-Apr,1.437,2.489,3.656
30-Apr,1.479,2.501,3.68
1-May,1.455,2.499,3.678
4-May,1.523,2.56,3.701
5-May,1.5,2.515,3.662
6-May,1.443,2.501,3.676
7-May,1.45,2.573,3.821
8-May,1.589,2.796,3.87
11-May,1.595,2.772,3.811
12-May,1.642,2.816,3.851
13-May,1.568,2.758,3.795
14-May,1.554,2.779,3.798
15-May,1.547,2.82,3.829
18-May,1.51,2.809,3.822
19-May,1.577,2.877,3.875
20-May,1.609,2.899,3.865
21-May,1.561,2.861,3.883
22-May,1.589,2.92,3.938
25-May,1.67,3.008,3.986
26-May,1.688,3.039,4.001
27-May,1.683,3.06,4.011
28-May,1.669,3.087,4.058
29-May,1.594,3.022,4.005
1-Jun,1.615,3.083,4.081
2-Jun,1.576,3.042,4.054
3-Jun,1.549,2.967,3.968
4-Jun,1.683,3.089,4.047
5-Jun,1.813,3.235,4.121
8-Jun,1.864,3.228,4.067
9-Jun,1.811,3.195,4.029
10-Jun,1.822,3.198,4.072
11-Jun,1.848,3.205,4.078
12-Jun,1.807,3.167,4.034
15-Jun,1.743,3.066,3.935
16-Jun,1.716,3.053,3.95
17-Jun,1.67,3.001,3.908
18-Jun,1.673,3.063,3.973
19-Jun,1.612,2.99,3.923
22-Jun,1.601,2.959,3.879
23-Jun,1.624,2.963,3.898
24-Jun,1.548,2.901,3.881
25-Jun,1.476,2.844,3.849
26-Jun,1.474,2.818,3.818
29-Jun,1.508,2.821,3.791
30-Jun,1.509,2.84,3.799
1-Jul,1.489,2.847,3.829
2-Jul,1.371,2.748,3.754
3-Jul,1.381,2.771,3.768
6-Jul,1.354,2.74,3.742
7-Jul,1.379,2.75,3.759
8-Jul,1.352,2.74,3.744
9-Jul,1.391,2.781,3.774
10-Jul,1.362,2.741,3.737
13-Jul,1.371,2.746,3.746
14-Jul,1.385,2.78,3.772
15-Jul,1.404,2.824,3.821
16-Jul,1.347,2.767,3.78
17-Jul,1.377,2.816,3.836
20-Jul,1.39,2.808,3.817
21-Jul,1.357,2.752,3.755
22-Jul,1.369,2.757,3.755
23-Jul,1.401,2.79,3.805
24-Jul,1.423,2.81,3.825
27-Jul,1.46,2.835,3.829
28-Jul,1.42,2.766,3.763
29-Jul,1.418,2.759,3.751
30-Jul,1.424,2.765,3.752
31-Jul,1.35,2.649,3.619
3-Aug,1.43,2.723,3.661
4-Aug,1.485,2.753,3.656
5-Aug,1.505,2.765,3.633
6-Aug,1.544,2.809,3.667
7-Aug,1.659,2.936,3.769
10-Aug,1.606,2.881,3.704
11-Aug,1.55,2.829,3.687
12-Aug,1.521,2.822,3.693
13-Aug,1.468,2.767,3.668
14-Aug,1.406,2.682,3.592
17-Aug,1.419,2.688,3.568
18-Aug,1.422,2.687,3.58
19-Aug,1.403,2.656,3.563
20-Aug,1.384,2.636,3.559
21-Aug,1.473,2.721,3.607
24-Aug,1.433,2.694,3.599
25-Aug,1.411,2.655,3.56
26-Aug,1.375,2.627,3.527
27-Aug,1.374,2.629,3.534
28-Aug,1.379,2.626,3.551
31-Aug,1.365,2.629,3.565
1-Sep,1.318,2.604,3.571
2-Sep,1.297,2.595,3.585
3-Sep,1.256,2.601,3.617
4-Sep,1.213,2.595,3.622
7-Sep,1.177,2.572,3.618
8-Sep,1.184,2.595,3.649
9-Sep,1.2,2.627,3.684
10-Sep,1.154,2.556,3.617
11-Sep,1.132,2.518,3.539
14-Sep,1.168,2.563,3.558
15-Sep,1.184,2.587,3.573
16-Sep,1.19,2.614,3.596
17-Sep,1.221,2.632,3.616
18-Sep,1.225,2.649,3.622
21-Sep,1.201,2.624,3.632
22-Sep,1.209,2.627,3.641
23-Sep,1.195,2.605,3.61
24-Sep,1.13,2.523,3.537
25-Sep,1.144,2.507,3.493
28-Sep,1.151,2.516,3.506
29-Sep,1.173,2.508,3.493
30-Sep,1.186,2.531,3.511
1-Oct,1.17,2.507,3.5
2-Oct,1.159,2.478,3.456
5-Oct,1.157,2.472,3.448
6-Oct,1.161,2.49,3.478
7-Oct,1.172,2.461,3.44
8-Oct,1.184,2.452,3.433
9-Oct,1.3,2.556,3.504
12-Oct,1.264,2.537,3.491
13-Oct,1.237,2.524,3.5
14-Oct,1.274,2.578,3.558
15-Oct,1.322,2.648,3.632
16-Oct,1.34,2.646,3.606
19-Oct,1.341,2.639,3.61
20-Oct,1.29,2.57,3.546
21-Oct,1.328,2.622,3.609
22-Oct,1.314,2.601,3.581
23-Oct,1.321,2.635,3.614
26-Oct,1.305,2.642,3.617
27-Oct,1.236,2.546,3.539
28-Oct,1.224,2.536,3.523
29-Oct,1.298,2.621,3.598
30-Oct,1.242,2.532,3.514
2-Nov,1.245,2.531,3.517
3-Nov,1.231,2.533,3.543
4-Nov,1.248,2.57,3.583
5-Nov,1.252,2.596,3.604
6-Nov,1.227,2.595,3.622
9-Nov,1.187,2.535,3.572
10-Nov,1.179,2.515,3.536
11-Nov,1.169,2.519,3.533
12-Nov,1.153,2.525,3.552
13-Nov,1.145,2.532,3.581
16-Nov,1.151,2.512,3.543
17-Nov,1.138,2.482,3.498
18-Nov,1.137,2.493,3.509
19-Nov,1.133,2.492,3.515
20-Nov,1.189,2.515,3.505
23-Nov,1.202,2.538,3.524
24-Nov,1.19,2.467,3.488
25-Nov,1.217,2.481,3.489
26-Nov,1.142,2.376,3.419
27-Nov,1.15,2.394,3.425
30-Nov,1.154,2.373,3.406
1-Dec,1.142,2.355,3.4
2-Dec,1.124,2.348,3.41
3-Dec,1.161,2.391,3.421
4-Dec,1.199,2.446,3.465
7-Dec,1.163,2.379,3.418
8-Dec,1.074,2.309,3.389
9-Dec,1.079,2.307,3.405
10-Dec,1.107,2.35,3.444
11-Dec,1.124,2.358,3.452
14-Dec,1.096,2.325,3.413
15-Dec,1.116,2.361,3.447
16-Dec,1.064,2.304,3.389
17-Dec,1.014,2.252,3.349
18-Dec,1.018,2.263,3.346
21-Dec,1.027,2.3,3.4
22-Dec,1.031,2.334,3.446
23-Dec,1.022,2.357,3.479
24-Dec,1.024,2.358,3.482
25-Dec,1.028,2.357,3.479
28-Dec,1.048,2.383,3.511
29-Dec,1.104,2.413,3.529
30-Dec,1.133,2.456,3.551
31-Dec,1.13,2.461,3.555
1-Jan,1.132,2.457,3.552
4-Jan,1.12,2.457,3.557
5-Jan,1.082,2.437,3.547
6-Jan,1.083,2.461,3.565
7-Jan,1.06,2.432,3.541
8-Jan,1.048,2.415,3.527
11-Jan,1.026,2.389,3.499
12-Jan,1.013,2.362,3.469
13-Jan,1.001,2.346,3.478
14-Jan,0.987,2.35,3.493
15-Jan,0.951,2.318,3.449
18-Jan,0.957,2.319,3.441
19-Jan,0.997,2.346,3.467
20-Jan,0.978,2.297,3.438
21-Jan,0.964,2.271,3.417
22-Jan,0.952,2.26,3.426
25-Jan,0.942,2.235,3.409
26-Jan,1.189,2.407,3.396
27-Jan,1.206,2.415,3.404
28-Jan,1.204,2.421,3.424
29-Jan,1.208,2.421,3.421
1-Feb,1.189,2.402,3.393
2-Feb,1.195,2.418,3.539
3-Feb,1.201,2.434,3.564
4-Feb,1.118,2.371,3.511
5-Feb,1.078,2.336,3.482
8-Feb,1.085,2.343,3.498
9-Feb,1.126,2.357,3.48
10-Feb,1.113,2.361,3.514
11-Feb,1.112,2.395,3.519
12-Feb,1.038,2.351,3.492
15-Feb,1.039,2.374,3.51
16-Feb,1.036,2.369,3.509
17-Feb,1.026,2.353,3.498
18-Feb,1.039,2.382,3.535
19-Feb,1.048,2.402,3.557
22-Feb,1.037,2.387,3.543
23-Feb,0.958,2.284,3.436
24-Feb,0.933,2.275,3.411
25-Feb,0.888,2.249,3.402
26-Feb,0.896,2.251,3.385
1-Mar,0.884,2.242,3.391
2-Mar,0.885,2.245,3.396
3-Mar,0.906,2.263,3.41
4-Mar,0.903,2.249,3.399
5-Mar,0.919,2.285,3.422
8-Mar,0.925,2.288,3.426
9-Mar,0.913,2.267,3.41
10-Mar,0.939,2.282,3.423
11-Mar,0.964,2.315,3.444
12-Mar,0.971,2.32,3.429
15-Mar,0.947,2.305,3.414
16-Mar,0.921,2.282,3.389
17-Mar,0.883,2.241,3.372
18-Mar,0.909,2.264,3.393
19-Mar,0.919,2.258,3.375
22-Mar,0.896,2.228,3.341
23-Mar,0.882,2.214,3.328
24-Mar,0.891,2.247,3.348
25-Mar,0.916,2.296,3.413
26-Mar,0.913,2.289,3.395
29-Mar,0.9,2.26,3.375
30-Mar,0.896,2.246,3.355
31-Mar,0.886,2.216,3.327
1-Apr,0.889,2.214,3.323
2-Apr,0.889,2.216,3.323
5-Apr,0.888,2.216,3.324
6-Apr,0.911,2.277,3.393
7-Apr,0.877,2.231,3.365
8-Apr,0.843,2.203,3.34
9-Apr,0.894,2.258,3.397
12-Apr,0.917,2.268,3.4
13-Apr,0.894,2.241,3.372
14-Apr,0.881,2.228,3.362
15-Apr,0.871,2.22,3.358
16-Apr,0.821,2.16,3.315
19-Apr,0.816,2.161,3.313
20-Apr,0.834,2.182,3.329
21-Apr,0.828,2.173,3.319
22-Apr,0.823,2.175,3.316
23-Apr,0.86,2.192,3.317
26-Apr,0.823,2.17,3.307
27-Apr,0.738,2.096,3.209
28-Apr,0.751,2.111,3.28
29-Apr,0.754,2.108,3.28
30-Apr,0.709,2.044,3.228
3-May,0.75,2.081,3.262
4-May,0.651,1.944,3.156
5-May,0.555,1.84,3.061
6-May,0.498,1.741,3.055
7-May,0.513,1.749,3.053
10-May,0.559,1.852,3.149
11-May,0.532,1.855,3.152
12-May,0.516,1.851,3.158
13-May,0.48,1.824,3.143
14-May,0.452,1.749,3.069
17-May,0.473,1.792,3.081
18-May,0.478,1.754,3.039
19-May,0.441,1.697,2.978
20-May,0.411,1.631,2.909
21-May,0.445,1.655,2.896
24-May,0.456,1.663,2.896
25-May,0.423,1.598,2.831
26-May,0.462,1.655,2.892
27-May,0.514,1.72,2.935
28-May,0.495,1.7,2.897
31-May,0.486,1.692,2.876
1-Jun,0.482,1.687,2.902
2-Jun,0.492,1.691,2.902
3-Jun,0.506,1.722,2.939
4-Jun,0.504,1.716,2.906
7-Jun,0.555,1.778,2.959
8-Jun,0.517,1.701,2.896
9-Jun,0.456,1.646,2.864
10-Jun,0.465,1.69,2.901
11-Jun,0.444,1.639,2.848
14-Jun,0.491,1.702,2.925
15-Jun,0.519,1.727,2.95
16-Jun,0.497,1.696,2.939
17-Jun,0.524,1.693,2.922
18-Jun,0.571,1.761,2.962
21-Jun,0.627,1.794,2.977
22-Jun,0.598,1.738,2.932
23-Jun,0.613,1.706,2.907
24-Jun,0.563,1.645,2.866
25-Jun,0.606,1.654,2.878
28-Jun,0.634,1.655,2.873
29-Jun,0.59,1.585,2.819
30-Jun,0.631,1.595,2.808
1-Jul,0.704,1.588,2.784
2-Jul,0.691,1.577,2.786
5-Jul,0.644,1.538,2.753
6-Jul,0.66,1.584,2.796
7-Jul,0.676,1.616,2.817
8-Jul,0.724,1.65,2.843
9-Jul,0.75,1.665,2.848
12-Jul,0.692,1.63,2.825
13-Jul,0.729,1.637,2.838
14-Jul,0.764,1.686,2.864
15-Jul,0.788,1.703,2.863
16-Jul,0.786,1.689,2.826
19-Jul,0.833,1.748,2.882
20-Jul,0.784,1.718,2.858
21-Jul,0.731,1.701,2.862
22-Jul,0.715,1.717,2.89
23-Jul,0.754,1.751,2.914
26-Jul,0.798,1.812,2.947
27-Jul,0.813,1.832,2.953
28-Jul,0.794,1.801,2.939
29-Jul,0.786,1.787,2.917
30-Jul,0.756,1.748,2.887
2-Aug,0.758,1.773,2.902
3-Aug,0.728,1.678,2.814
4-Aug,0.753,1.657,2.798
5-Aug,0.767,1.626,2.742
6-Aug,0.768,1.588,2.698
9-Aug,0.736,1.576,2.703
10-Aug,0.714,1.57,2.731
11-Aug,0.644,1.475,2.642
12-Aug,0.624,1.468,2.633
13-Aug,0.62,1.466,2.609
16-Aug,0.614,1.437,2.551
17-Aug,0.634,1.454,2.572
18-Aug,0.599,1.414,2.524
19-Aug,0.583,1.407,2.486
20-Aug,0.541,1.38,2.448
23-Aug,0.543,1.391,2.461
24-Aug,0.544,1.325,2.369
25-Aug,0.554,1.328,2.328
26-Aug,0.57,1.331,2.337
27-Aug,0.608,1.377,2.383
30-Aug,0.59,1.316,2.312
31-Aug,0.583,1.306,2.298
1-Sep,0.596,1.364,2.385
2-Sep,0.599,1.38,2.425
3-Sep,0.625,1.439,2.514
6-Sep,0.625,1.427,2.518
7-Sep,0.582,1.379,2.438
8-Sep,0.617,1.427,2.468
9-Sep,0.666,1.47,2.498
10-Sep,0.697,1.525,2.556
13-Sep,0.71,1.536,2.581
14-Sep,0.689,1.501,2.554
15-Sep,0.715,1.543,2.597
16-Sep,0.762,1.606,2.675
17-Sep,0.747,1.564,2.627
20-Sep,0.765,1.601,2.665
21-Sep,0.755,1.576,2.648
22-Sep,0.709,1.494,2.549
23-Sep,0.674,1.539,2.5
24-Sep,0.693,1.582,2.546
27-Sep,0.767,1.539,2.474
28-Sep,0.781,1.539,2.458
29-Sep,0.835,1.58,2.473
30-Sep,0.893,1.629,2.51
1-Oct,0.895,1.643,2.503
4-Oct,0.872,1.604,2.474
5-Oct,0.846,1.605,2.502
6-Oct,0.82,1.552,2.452
7-Oct,0.85,1.598,2.498
8-Oct,0.832,1.569,2.468
11-Oct,0.829,1.558,2.476
12-Oct,0.814,1.54,2.457
13-Oct,0.819,1.544,2.496
14-Oct,0.831,1.547,2.505
15-Oct,0.849,1.591,2.576
18-Oct,0.92,1.637,2.588
19-Oct,0.938,1.66,2.619
20-Oct,1.002,1.716,2.65
21-Oct,1.027,1.768,2.701
22-Oct,1.037,1.776,2.691
25-Oct,0.997,1.752,2.664
26-Oct,1.052,1.802,2.71
27-Oct,1.058,1.821,2.762
28-Oct,1.079,1.83,2.766
29-Oct,1.051,1.792,2.722
1-Nov,1.049,1.761,2.689
2-Nov,1.061,1.769,2.687
3-Nov,1.024,1.713,2.631
4-Nov,0.993,1.655,2.617
5-Nov,0.987,1.647,2.64
8-Nov,0.995,1.643,2.631
9-Nov,1.004,1.665,2.65
10-Nov,1.002,1.663,2.681
11-Nov,0.98,1.648,2.678
12-Nov,1.053,1.748,2.748
15-Nov,1.061,1.8,2.791
16-Nov,1.07,1.853,2.857
17-Nov,1.044,1.846,2.83
18-Nov,1.09,1.949,2.929
19-Nov,1.078,1.938,2.922
22-Nov,0.997,1.859,2.873
23-Nov,0.896,1.768,2.793
24-Nov,0.945,1.85,2.891
25-Nov,0.947,1.889,2.935
26-Nov,0.934,1.883,2.957
29-Nov,0.928,1.922,3.021
30-Nov,0.885,1.852,2.939
1-Dec,0.891,1.944,3.031
2-Dec,0.864,1.957,3.046
3-Dec,0.885,1.949,3.084
6-Dec,0.846,1.889,3.068
7-Dec,0.874,1.976,3.155
8-Dec,0.936,2.08,3.206
9-Dec,0.948,2.059,3.136
10-Dec,1.001,2.076,3.152
13-Dec,0.973,2.082,3.169
14-Dec,0.987,2.139,3.233
15-Dec,0.97,2.126,3.242
16-Dec,0.968,2.156,3.273
17-Dec,0.959,2.117,3.242
20-Dec,0.93,2.042,3.158
21-Dec,0.929,2.058,3.169
22-Dec,0.852,1.976,3.134
23-Dec,0.843,1.983,3.16
24-Dec,0.833,1.984,3.159
27-Dec,0.837,2.014,3.21
28-Dec,0.778,1.961,3.165
29-Dec,0.771,1.976,3.208
30-Dec,0.748,1.919,3.148
31-Dec,0.735,1.917,3.154
3-Jan,0.725,1.898,3.115
4-Jan,0.74,1.889,3.093
5-Jan,0.825,1.96,3.154
6-Jan,0.828,1.951,3.138
7-Jan,0.823,1.909,3.09
10-Jan,0.83,1.908,3.104
11-Jan,0.842,1.918,3.125
12-Jan,0.894,2.01,3.217
13-Jan,0.99,2.064,3.218
14-Jan,1.031,2.106,3.221
17-Jan,1.036,2.111,3.225
18-Jan,1.097,2.175,3.283
19-Jan,1.057,2.147,3.258
20-Jan,1.152,2.229,3.31
21-Jan,1.184,2.27,3.314
24-Jan,1.148,2.24,3.295
25-Jan,1.156,2.255,3.298
26-Jan,1.204,2.31,3.339
27-Jan,1.237,2.355,3.363
28-Jan,1.25,2.333,3.311
31-Jan,1.245,2.335,3.32
1-Feb,1.269,2.365,3.377
2-Feb,1.355,2.408,3.424
3-Feb,1.245,2.311,3.4
4-Feb,1.294,2.389,3.44
7-Feb,1.25,2.351,3.439
8-Feb,1.311,2.39,3.441
9-Feb,1.329,2.437,3.484
10-Feb,1.315,2.424,3.475
11-Feb,1.284,2.403,3.471
14-Feb,1.276,2.4,3.474
15-Feb,1.276,2.399,3.474
16-Feb,1.257,2.355,3.422
17-Feb,1.208,2.293,3.37
18-Feb,1.276,2.358,3.425
21-Feb,1.271,2.314,3.356
22-Feb,1.322,2.315,3.318
23-Feb,1.331,2.333,3.311
24-Feb,1.313,2.316,3.314
25-Feb,1.306,2.338,3.334
28-Feb,1.285,2.35,3.353
1-Mar,1.312,2.366,3.366
2-Mar,1.318,2.385,3.373
3-Mar,1.535,2.583,3.499
4-Mar,1.521,2.553,3.566
7-Mar,1.518,2.549,3.552
8-Mar,1.521,2.551,3.598
9-Mar,1.511,2.523,3.576
10-Mar,1.488,2.476,3.53
11-Mar,1.439,2.433,3.482
14-Mar,1.418,2.429,3.492
15-Mar,1.332,2.326,3.407
16-Mar,1.288,2.262,3.363
17-Mar,1.558,2.365,3.45
18-Mar,1.628,2.405,3.473
21-Mar,1.726,2.477,3.513
22-Mar,1.696,2.489,3.542
23-Mar,1.686,2.476,3.53
24-Mar,1.663,2.469,3.538
25-Mar,1.714,2.525,3.564
28-Mar,1.717,2.534,3.574
29-Mar,1.749,2.592,3.617
30-Mar,1.73,2.588,3.625
31-Mar,1.761,2.616,3.64
1-Apr,1.79,2.645,3.657
4-Apr,1.777,2.633,3.649
5-Apr,1.8,2.656,3.665
6-Apr,1.801,2.681,3.694
7-Apr,1.798,2.672,3.685
8-Apr,1.877,2.748,3.743
11-Apr,1.877,2.754,3.75
12-Apr,1.818,2.691,3.704
13-Apr,1.836,2.7,3.704
14-Apr,1.844,2.701,3.693
15-Apr,1.829,2.668,3.641
18-Apr,1.728,2.55,3.524
19-Apr,1.782,2.593,3.553
20-Apr,1.814,2.637,3.584
21-Apr,1.747,2.586,3.554
22-Apr,1.746,2.586,3.554
25-Apr,1.746,2.586,3.554
26-Apr,1.738,2.568,3.545
27-Apr,1.795,2.637,3.587
28-Apr,1.753,2.59,3.522
29-Apr,1.756,2.574,3.502
2-May,1.793,2.599,3.505
3-May,1.864,2.669,3.552
4-May,1.891,2.688,3.566
5-May,1.746,2.566,3.494
6-May,1.751,2.546,3.435
9-May,1.704,2.484,3.385
10-May,1.708,2.495,3.402
11-May,1.713,2.496,3.401
12-May,1.684,2.462,3.381
13-May,1.688,2.449,3.348
16-May,1.717,2.478,3.382
17-May,1.699,2.467,3.359
18-May,1.732,2.494,3.387
19-May,1.751,2.509,3.394
20-May,1.698,2.445,3.347
23-May,1.631,2.379,3.31
24-May,1.642,2.407,3.361
25-May,1.599,2.362,3.332
26-May,1.546,2.296,3.269
27-May,1.497,2.267,3.262
30-May,1.512,2.278,3.261
31-May,1.529,2.296,3.296
1-Jun,1.558,2.278,3.256
2-Jun,1.577,2.291,3.245
3-Jun,1.621,2.365,3.305
6-Jun,1.721,2.576,3.28
7-Jun,1.773,2.637,3.349
8-Jun,1.74,2.585,3.319
9-Jun,1.689,2.534,3.294
10-Jun,1.629,2.452,3.23
13-Jun,1.642,2.462,3.237
14-Jun,1.675,2.52,3.287
15-Jun,1.593,2.445,3.241
16-Jun,1.556,2.437,3.231
17-Jun,1.634,2.505,3.273
20-Jun,1.644,2.528,3.299
21-Jun,1.631,2.526,3.3
22-Jun,1.577,2.467,3.259
23-Jun,1.496,2.384,3.21
24-Jun,1.504,2.39,3.192
27-Jun,1.517,2.429,3.253
28-Jun,1.559,2.472,3.273
29-Jun,1.621,2.53,3.31
30-Jun,1.67,2.577,3.342
1-Jul,1.713,2.581,3.343
4-Jul,1.726,2.576,3.335
5-Jul,1.703,2.551,3.333
6-Jul,1.671,2.486,3.288
7-Jul,1.65,2.492,3.31
8-Jul,1.552,2.37,3.208
11-Jul,1.407,2.23,3.116
12-Jul,1.422,2.283,3.15
13-Jul,1.367,2.256,3.155
14-Jul,1.335,2.232,3.148
15-Jul,1.294,2.182,3.095
18-Jul,1.273,2.159,3.051
19-Jul,1.292,2.171,3.057
20-Jul,1.355,2.233,3.123
21-Jul,1.478,2.348,3.214
22-Jul,1.469,2.316,3.167
25-Jul,1.437,2.28,3.139
26-Jul,1.426,2.246,3.099
27-Jul,1.352,2.145,3.004
28-Jul,1.341,2.148,3.019
29-Jul,1.271,2.057,2.941
1-Aug,1.207,1.964,2.867
2-Aug,1.174,1.945,2.862
3-Aug,1.133,1.939,2.836
4-Aug,0.945,1.81,2.743
5-Aug,0.862,1.802,2.77
8-Aug,0.809,1.73,2.681
9-Aug,0.868,1.834,2.751
10-Aug,0.671,1.609,2.555
11-Aug,0.739,1.711,2.655
12-Aug,0.772,1.71,2.667
15-Aug,0.802,1.705,2.664
16-Aug,0.843,1.747,2.688
17-Aug,0.766,1.636,2.571
18-Aug,0.676,1.542,2.463
19-Aug,0.719,1.575,2.489
22-Aug,0.703,1.57,2.493
23-Aug,0.735,1.598,2.526
24-Aug,0.795,1.67,2.593
25-Aug,0.734,1.639,2.599
26-Aug,0.738,1.625,2.564
29-Aug,0.822,1.711,2.626
30-Aug,0.733,1.619,2.554
31-Aug,0.791,1.712,2.618
1-Sep,0.742,1.654,2.566
2-Sep,0.65,1.547,2.473
5-Sep,0.607,1.461,2.346
6-Sep,0.586,1.475,2.358
7-Sep,0.596,1.451,2.362
8-Sep,0.538,1.386,2.297
9-Sep,0.484,1.298,2.208
12-Sep,0.537,1.353,2.227
13-Sep,0.597,1.417,2.27
14-Sep,0.648,1.5,2.353
15-Sep,0.687,1.533,2.383
16-Sep,0.568,1.431,2.282
19-Sep,0.568,1.436,2.257
20-Sep,0.569,1.435,2.249
21-Sep,0.57,1.415,2.231
22-Sep,0.543,1.351,2.153
23-Sep,0.528,1.374,2.196
26-Sep,0.57,1.426,2.243
27-Sep,0.649,1.534,2.361
28-Sep,0.694,1.588,2.406
29-Sep,0.676,1.556,2.38
30-Sep,0.629,1.461,2.283
3-Oct,0.574,1.396,2.201
4-Oct,0.555,1.352,2.131
5-Oct,0.597,1.429,2.242
6-Oct,0.693,1.526,2.34
7-Oct,0.668,1.544,2.4
10-Oct,0.727,1.627,2.484
11-Oct,0.725,1.648,2.497
12-Oct,0.775,1.729,2.583
13-Oct,0.715,1.652,2.512
14-Oct,0.739,1.725,2.609
17-Oct,0.655,1.614,2.504
18-Oct,0.688,1.571,2.443
19-Oct,0.744,1.602,2.491
20-Oct,0.71,1.544,2.441
21-Oct,0.774,1.641,2.526
24-Oct,0.792,1.665,2.563
25-Oct,0.695,1.55,2.482
26-Oct,0.641,1.47,2.428
27-Oct,0.767,1.611,2.561
28-Oct,0.742,1.588,2.559
31-Oct,0.689,1.472,2.43
1-Nov,0.583,1.266,2.197
2-Nov,0.588,1.3,2.25
3-Nov,0.551,1.325,2.323
4-Nov,0.538,1.253,2.237
7-Nov,0.522,1.197,2.223
8-Nov,0.528,1.224,2.21
9-Nov,0.521,1.225,2.164
10-Nov,0.544,1.295,2.234
11-Nov,0.594,1.407,2.347
14-Nov,0.544,1.413,2.322
15-Nov,0.767,1.625,2.406
16-Nov,0.786,1.658,2.43
17-Nov,0.78,1.682,2.481
18-Nov,0.696,1.625,2.507
21-Nov,0.684,1.631,2.515
22-Nov,0.67,1.623,2.523
23-Nov,0.74,1.771,2.653
24-Nov,0.82,1.859,2.703
25-Nov,0.785,1.88,2.726
28-Nov,0.609,1.809,2.689
29-Nov,0.598,1.807,2.702
30-Nov,0.407,1.614,2.647
1-Dec,0.355,1.486,2.532
2-Dec,0.366,1.48,2.493
5-Dec,0.414,1.491,2.577
6-Dec,0.404,1.525,2.584
7-Dec,0.369,1.481,2.53
8-Dec,0.364,1.448,2.479
9-Dec,0.365,1.476,2.54
12-Dec,0.346,1.365,2.404
13-Dec,0.36,1.344,2.361
14-Dec,0.355,1.285,2.257
15-Dec,0.304,1.259,2.258
16-Dec,0.275,1.21,2.17
19-Dec,0.252,1.21,2.2
20-Dec,0.283,1.276,2.292
21-Dec,0.295,1.276,2.273
22-Dec,0.276,1.299,2.287
23-Dec,0.279,1.308,2.299
26-Dec,0.279,1.308,2.299
27-Dec,0.195,1.26,2.266
28-Dec,0.188,1.254,2.231
29-Dec,0.174,1.201,2.182
30-Dec,0.125,1.16,2.178
2-Jan,0.197,1.262,2.281
3-Jan,0.19,1.253,2.27
4-Jan,0.18,1.275,2.297
5-Jan,0.169,1.24,2.243
6-Jan,0.217,1.225,2.226
9-Jan,0.21,1.225,2.22
10-Jan,0.227,1.23,2.252
11-Jan,0.198,1.146,2.175
12-Jan,0.188,1.108,2.141
13-Jan,0.189,1.052,2.085
16-Jan,0.185,0.979,2.024
17-Jan,0.215,1.059,2.101
18-Jan,0.229,1.033,2.076
19-Jan,0.23,1.072,2.147
20-Jan,0.213,1.128,2.233
23-Jan,0.233,1.122,2.248
24-Jan,0.257,1.158,2.269
25-Jan,0.223,1.131,2.241
26-Jan,0.212,1.079,2.184
27-Jan,0.236,1.063,2.173
30-Jan,0.228,1.049,2.128
31-Jan,0.25,1.02,2.142
1-Feb,0.248,1.032,2.166
2-Feb,0.264,1.051,2.168
3-Feb,0.257,1.09,2.249
6-Feb,0.24,1.051,2.204
7-Feb,0.273,1.125,2.272
8-Feb,0.291,1.164,2.453
9-Feb,0.301,1.173,2.469
10-Feb,0.288,1.117,2.379
13-Feb,0.293,1.138,2.403
14-Feb,0.304,1.149,2.395
15-Feb,0.402,1.334,2.377
16-Feb,0.439,1.38,2.394
17-Feb,0.448,1.38,2.424
20-Feb,0.444,1.56,2.438
21-Feb,0.436,1.561,2.453
22-Feb,0.428,1.485,2.363
23-Feb,0.423,1.462,2.352
24-Feb,0.396,1.439,2.359
27-Feb,0.35,1.369,2.309
28-Feb,0.332,1.364,2.294
29-Feb,0.331,1.386,2.294
1-Mar,0.34,1.401,2.299
2-Mar,0.299,1.343,2.249
5-Mar,0.322,1.377,2.278
6-Mar,0.323,1.359,2.252
7-Mar,0.315,1.341,2.243
8-Mar,0.306,1.327,2.261
9-Mar,0.329,1.363,2.299
12-Mar,0.344,1.347,2.278
13-Mar,0.349,1.353,2.323
14-Mar,0.394,1.459,2.435
15-Mar,0.424,1.498,2.474
16-Mar,0.463,1.567,2.549
19-Mar,0.435,1.566,2.536
20-Mar,0.448,1.577,2.544
21-Mar,0.426,1.551,2.513
22-Mar,0.406,1.496,2.472
23-Mar,0.372,1.484,2.443
26-Mar,0.401,1.554,2.537
27-Mar,0.37,1.477,2.466
28-Mar,0.345,1.428,2.404
29-Mar,0.369,1.426,2.39
30-Mar,0.346,1.382,2.324
2-Apr,0.353,1.371,2.304
3-Apr,0.361,1.389,2.319
4-Apr,0.353,1.374,2.314
5-Apr,0.337,1.368,2.297
6-Apr,0.337,1.368,2.297
9-Apr,0.338,1.368,2.297
10-Apr,0.342,1.34,2.251
11-Apr,0.35,1.337,2.25
12-Apr,0.304,1.315,2.249
13-Apr,0.307,1.319,2.236
16-Apr,0.325,1.332,2.251
17-Apr,0.328,1.341,2.259
18-Apr,0.326,1.323,2.24
19-Apr,0.365,1.358,2.275
20-Apr,0.38,1.407,2.314
23-Apr,0.492,1.544,2.418
24-Apr,0.339,1.48,2.326
25-Apr,0.443,1.441,2.321
26-Apr,0.384,1.337,2.242
27-Apr,0.378,1.343,2.244
30-Apr,0.378,1.329,2.229
1-May,0.398,1.327,2.229
2-May,0.333,1.284,2.183
3-May,0.316,1.259,2.171
4-May,0.293,1.227,2.137
7-May,0.309,1.238,2.146
8-May,0.301,1.188,2.106
9-May,0.3,1.192,2.116
10-May,0.271,1.146,2.081
11-May,0.279,1.118,2.026
14-May,0.267,1.092,1.964
15-May,0.282,1.125,1.977
16-May,0.294,1.127,1.968
17-May,0.274,1.065,1.909
18-May,0.281,1.079,1.909
21-May,0.295,1.115,1.922
22-May,0.295,1.097,1.934
23-May,0.307,1.059,1.865
24-May,0.306,1.029,1.827
25-May,0.299,1.007,1.793
28-May,0.291,1.002,1.791
29-May,0.284,0.982,1.775
30-May,0.27,0.934,1.69
31-May,0.263,0.897,1.607
1-Jun,0.221,0.807,1.521
4-Jun,0.228,0.844,1.58
5-Jun,0.241,0.895,1.608
6-Jun,0.291,1.023,1.761
7-Jun,0.323,1.065,1.832
8-Jun,0.296,1.049,1.826
11-Jun,0.315,1.076,1.834
12-Jun,0.368,1.203,1.97
13-Jun,0.366,1.231,2.019
14-Jun,0.314,1.197,2
15-Jun,0.271,1.143,1.931
18-Jun,0.253,1.141,1.946
19-Jun,0.291,1.22,2.038
20-Jun,0.346,1.261,2.113
21-Jun,0.29,1.193,2.041
22-Jun,0.303,1.216,2.091
25-Jun,0.247,1.138,1.985
26-Jun,0.278,1.19,2.037
27-Jun,0.293,1.244,2.101
28-Jun,0.294,1.208,2.065
29-Jun,0.276,1.204,2.095
2-Jul,0.248,1.136,2.019
3-Jul,0.237,1.077,1.992
4-Jul,0.221,1.042,1.925
5-Jul,0.141,0.932,1.83
6-Jul,0.061,0.834,1.731
9-Jul,0.068,0.855,1.747
10-Jul,0.063,0.822,1.737
11-Jul,0.027,0.775,1.701
12-Jul,0,0.752,1.679
13-Jul,-0.008,0.751,1.69
16-Jul,-0.023,0.716,1.669
17-Jul,-0.016,0.684,1.653
18-Jul,-0.007,0.684,1.64
19-Jul,0.012,0.681,1.638
20-Jul,-0.003,0.637,1.587
23-Jul,0.024,0.704,1.627
24-Jul,0.031,0.766,1.732
25-Jul,0.046,0.787,1.748
26-Jul,0.035,0.765,1.745
27-Jul,0.032,0.78,1.776
30-Jul,-0.018,0.712,1.728
31-Jul,-0.038,0.637,1.627
1-Aug,-0.029,0.634,1.657
2-Aug,-0.026,0.558,1.527
3-Aug,0.024,0.678,1.698
6-Aug,-0.013,0.637,1.689
7-Aug,0.019,0.71,1.766
8-Aug,0.001,0.674,1.715
9-Aug,0.008,0.672,1.722
10-Aug,-0.013,0.619,1.662
13-Aug,0.013,0.665,1.702
14-Aug,0.035,0.736,1.769
15-Aug,0.045,0.811,1.857
16-Aug,0.03,0.778,1.836
17-Aug,0.03,0.79,1.857
20-Aug,0.047,0.797,1.848
21-Aug,0.076,0.841,1.894
22-Aug,0.079,0.795,1.831
23-Aug,0.066,0.754,1.764
24-Aug,0.08,0.748,1.743
27-Aug,0.086,0.749,1.741
28-Aug,0.08,0.736,1.746
29-Aug,0.092,0.769,1.782
30-Aug,0.057,0.714,1.73
31-Aug,0.034,0.697,1.707
3-Sep,0.049,0.746,1.762
4-Sep,0.033,0.739,1.77
5-Sep,0.054,0.773,1.816
6-Sep,0.099,0.853,1.893
7-Sep,0.09,0.821,1.855
10-Sep,0.098,0.837,1.884
11-Sep,0.091,0.819,1.855
12-Sep,0.083,0.817,1.873
13-Sep,0.079,0.757,1.802
14-Sep,0.125,0.849,1.938
17-Sep,0.119,0.826,1.915
18-Sep,0.124,0.823,1.892
19-Sep,0.123,0.815,1.886
20-Sep,0.112,0.785,1.857
21-Sep,0.099,0.785,1.864
24-Sep,0.103,0.76,1.831
25-Sep,0.116,0.781,1.856
26-Sep,0.086,0.7,1.74
27-Sep,0.075,0.714,1.734
28-Sep,0.062,0.689,1.713
1-Oct,0.083,0.71,1.722
2-Oct,0.078,0.709,1.732
3-Oct,0.053,0.684,1.716
4-Oct,0.067,0.692,1.722
5-Oct,0.082,0.727,1.775
8-Oct,0.067,0.712,1.737
9-Oct,0.049,0.702,1.743
10-Oct,0.056,0.692,1.73
11-Oct,0.06,0.7,1.73
12-Oct,0.061,0.675,1.686
15-Oct,0.062,0.689,1.716
16-Oct,0.092,0.728,1.778
17-Oct,0.135,0.778,1.854
18-Oct,0.147,0.796,1.857
19-Oct,0.141,0.773,1.813
22-Oct,0.142,0.798,1.841
23-Oct,0.126,0.763,1.799
24-Oct,0.098,0.733,1.788
25-Oct,0.091,0.752,1.814
26-Oct,0.087,0.709,1.78
29-Oct,0.071,0.68,1.715
30-Oct,0.078,0.695,1.736
31-Oct,0.067,0.693,1.725
1-Nov,0.056,0.677,1.712
2-Nov,0.053,0.663,1.704
5-Nov,0.05,0.662,1.694
6-Nov,0.051,0.665,1.706
7-Nov,0.013,0.605,1.652
8-Nov,0.008,0.567,1.621
9-Nov,0.015,0.572,1.612
12-Nov,0.016,0.571,1.607
13-Nov,0.022,0.569,1.595
14-Nov,0.026,0.569,1.605
15-Nov,0.023,0.554,1.604
16-Nov,0.032,0.546,1.597
19-Nov,0.04,0.558,1.614
20-Nov,0.063,0.606,1.675
21-Nov,0.072,0.626,1.695
22-Nov,0.064,0.614,1.687
23-Nov,0.063,0.611,1.688
26-Nov,0.054,0.595,1.658
27-Nov,0.066,0.612,1.67
28-Nov,0.039,0.543,1.597
29-Nov,0.049,0.548,1.591
30-Nov,0.057,0.557,1.607
3-Dec,0.063,0.573,1.626
4-Dec,0.065,0.563,1.607
5-Dec,0.05,0.523,1.57
6-Dec,0.008,0.465,1.526
7-Dec,-0.022,0.441,1.525
10-Dec,-0.019,0.446,1.534
11-Dec,-0.011,0.439,1.532
12-Dec,0.005,0.453,1.543
13-Dec,0.012,0.451,1.55
14-Dec,0.027,0.451,1.543
17-Dec,0.041,0.505,1.582
18-Dec,0.06,0.533,1.621
19-Dec,0.049,0.533,1.623
20-Dec,0.04,0.491,1.585
21-Dec,0.035,0.472,1.555
24-Dec,0.03,0.48,1.563
25-Dec,0.03,0.48,1.563
26-Dec,0.03,0.48,1.563
27-Dec,0.041,0.437,1.496
28-Dec,0.031,0.421,1.485
31-Dec,0.033,0.421,1.493
1-Jan,0.033,0.421,1.493
2-Jan,0.056,0.515,1.626
3-Jan,0.072,0.576,1.679
4-Jan,0.091,0.621,1.727
7-Jan,0.078,0.614,1.705
8-Jan,0.073,0.598,1.676
9-Jan,0.059,0.57,1.659
10-Jan,0.078,0.642,1.739
11-Jan,0.1,0.663,1.753
14-Jan,0.103,0.661,1.729
15-Jan,0.1,0.651,1.696
16-Jan,0.099,0.655,1.697
17-Jan,0.286,0.729,1.742
18-Jan,0.265,0.692,1.692
21-Jan,0.281,0.73,1.729
22-Jan,0.249,0.695,1.705
23-Jan,0.229,0.66,1.668
24-Jan,0.243,0.684,1.697
25-Jan,0.337,0.796,1.771
28-Jan,0.391,0.885,1.85
29-Jan,0.368,0.858,1.855
30-Jan,0.385,0.885,1.891
31-Jan,0.36,0.838,1.862
1-Feb,0.343,0.813,1.86
4-Feb,0.306,0.783,1.809
5-Feb,0.333,0.819,1.838
6-Feb,0.318,0.812,1.834
7-Feb,0.275,0.757,1.803
8-Feb,0.275,0.742,1.796
11-Feb,0.274,0.747,1.801
12-Feb,0.289,0.769,1.828
13-Feb,0.303,0.941,1.876
14-Feb,0.278,0.902,1.859
15-Feb,0.296,0.924,1.875
18-Feb,0.291,0.918,1.867
19-Feb,0.283,0.915,1.863
20-Feb,0.3,0.94,1.89
21-Feb,0.266,0.898,1.827
22-Feb,0.209,0.853,1.797
25-Feb,0.203,0.829,1.784
26-Feb,0.157,0.768,1.724
27-Feb,0.161,0.78,1.725
28-Feb,0.143,0.768,1.736
1-Mar,0.14,0.734,1.68
4-Mar,0.138,0.735,1.678
5-Mar,0.16,0.751,1.687
6-Mar,0.14,0.749,1.692
7-Mar,0.192,0.789,1.714
8-Mar,0.204,0.791,1.72
11-Mar,0.2,0.8,1.735
12-Mar,0.198,0.785,1.725
13-Mar,0.187,0.773,1.728
14-Mar,0.185,0.772,1.729
15-Mar,0.17,0.751,1.716
18-Mar,0.143,0.707,1.663
19-Mar,0.142,0.698,1.626
20-Mar,0.154,0.721,1.83
21-Mar,0.157,0.71,1.802
22-Mar,0.16,0.729,1.815
25-Mar,0.139,0.696,1.778
26-Mar,0.142,0.718,1.803
27-Mar,0.129,0.677,1.748
28-Mar,0.133,0.705,1.767
29-Mar,0.133,0.705,1.767
1-Apr,0.133,0.705,1.767
2-Apr,0.133,0.708,1.763
3-Apr,0.122,0.677,1.732
4-Apr,0.11,0.615,1.659
5-Apr,0.096,0.581,1.604
8-Apr,0.104,0.594,1.627
9-Apr,0.116,0.648,1.694
10-Apr,0.129,0.696,1.752
11-Apr,0.112,0.664,1.724
12-Apr,0.1,0.635,1.69
15-Apr,0.108,0.624,1.67
16-Apr,0.115,0.647,1.687
17-Apr,0.094,0.604,1.645
18-Apr,0.102,0.597,1.638
19-Apr,0.109,0.605,1.654
22-Apr,0.098,0.571,1.626
23-Apr,0.094,0.57,1.625
24-Apr,0.084,0.551,1.612
25-Apr,0.079,0.577,1.624
26-Apr,0.062,0.546,1.589
29-Apr,0.057,0.55,1.577
30-Apr,0.061,0.545,1.576
1-May,0.066,0.545,1.576
2-May,0.025,0.499,1.528
3-May,0.055,0.528,1.582
6-May,0.059,0.521,1.579
7-May,0.08,0.563,1.597
8-May,0.069,0.54,1.578
9-May,0.065,0.558,1.595
10-May,0.101,0.639,1.7
13-May,0.081,0.609,1.678
14-May,0.079,0.6,1.684
15-May,0.076,0.597,1.693
16-May,0.049,0.553,1.641
17-May,0.028,0.529,1.633
20-May,0.057,0.565,1.681
21-May,0.068,0.595,1.704
22-May,0.062,0.585,1.712
23-May,0.081,0.622,1.738
24-May,0.081,0.614,1.734
27-May,0.099,0.651,1.766
28-May,0.11,0.674,1.803
29-May,0.152,0.723,1.849
30-May,0.158,0.741,1.852
31-May,0.14,0.709,1.838
3-Jun,0.166,0.742,1.856
4-Jun,0.18,0.758,1.874
5-Jun,0.177,0.749,1.848
6-Jun,0.209,0.799,1.875
7-Jun,0.243,0.83,1.887
10-Jun,0.275,0.907,1.966
11-Jun,0.292,0.942,1.99
12-Jun,0.249,0.904,1.962
13-Jun,0.221,0.869,1.933
14-Jun,0.2,0.809,1.876
17-Jun,0.214,0.803,1.877
18-Jun,0.24,0.859,1.927
19-Jun,0.227,0.85,1.918
20-Jun,0.304,1.026,2.065
21-Jun,0.329,1.079,2.127
24-Jun,0.352,1.206,2.249
25-Jun,0.338,1.18,2.254
26-Jun,0.277,1.341,2.182
27-Jun,0.24,1.289,2.121
28-Jun,0.239,1.277,2.119
1-Jul,0.244,1.248,2.104
2-Jul,0.213,1.217,2.092
3-Jul,0.214,1.201,2.07
4-Jul,0.139,1.148,2.048
5-Jul,0.134,1.168,2.102
8-Jul,0.11,1.127,2.075
9-Jul,0.112,1.087,2.034
10-Jul,0.14,1.125,2.038
11-Jul,0.159,1.12,2.023
12-Jul,0.157,1.084,1.968
15-Jul,0.176,1.112,1.992
16-Jul,0.148,1.08,1.976
17-Jul,0.144,1.069,1.976
18-Jul,0.13,1.029,1.948
19-Jul,0.132,1.015,1.943
22-Jul,0.154,1.028,1.948
23-Jul,0.191,1.058,1.967
24-Jul,0.204,1.118,2.033
25-Jul,0.193,1.132,2.055
26-Jul,0.189,1.137,2.063
29-Jul,0.194,1.141,2.057
30-Jul,0.187,1.141,2.061
31-Jul,0.177,1.119,2.046
1-Aug,0.191,1.128,2.048
2-Aug,0.19,1.107,2.035
5-Aug,0.21,1.162,2.082
6-Aug,0.215,1.175,2.088
7-Aug,0.218,1.168,2.068
8-Aug,0.217,1.16,2.062
9-Aug,0.209,1.156,2.055
12-Aug,0.207,1.168,2.073
13-Aug,0.251,1.261,2.167
14-Aug,0.247,1.251,2.176
15-Aug,0.259,1.299,2.246
16-Aug,0.253,1.293,2.253
19-Aug,0.276,1.342,2.299
20-Aug,0.258,1.318,2.273
21-Aug,0.261,1.323,2.278
22-Aug,0.266,1.365,2.317
23-Aug,0.293,1.396,2.325
26-Aug,0.278,1.35,2.287
27-Aug,0.27,1.341,2.263
28-Aug,0.276,1.347,2.279
29-Aug,0.26,1.338,2.278
30-Aug,0.259,1.327,2.288
2-Sep,0.272,1.364,2.319
3-Sep,0.297,1.392,2.347
4-Sep,0.286,1.39,2.354
5-Sep,0.328,1.498,2.463
6-Sep,0.275,1.41,2.382
9-Sep,0.276,1.416,2.386
10-Sep,0.294,1.46,2.443
11-Sep,0.279,1.419,2.405
12-Sep,0.264,1.387,2.369
13-Sep,0.27,1.369,2.343
16-Sep,0.262,1.329,2.295
17-Sep,0.258,1.327,2.312
18-Sep,0.272,1.366,2.349
19-Sep,0.226,1.271,2.275
20-Sep,0.245,1.305,2.306
23-Sep,0.237,1.277,2.287
24-Sep,0.228,1.223,2.217
25-Sep,0.238,1.233,2.205
26-Sep,0.236,1.246,2.222
27-Sep,0.219,1.216,2.178
30-Sep,0.205,1.194,2.161
1-Oct,0.209,1.211,2.178
2-Oct,0.204,1.207,2.179
3-Oct,0.197,1.216,2.174
4-Oct,0.222,1.26,2.22
7-Oct,0.211,1.225,2.19
8-Oct,0.217,1.221,2.192
9-Oct,0.214,1.211,2.188
10-Oct,0.223,1.239,2.236
11-Oct,0.219,1.217,2.235
14-Oct,0.208,1.204,2.228
15-Oct,0.223,1.249,2.277
16-Oct,0.231,1.268,2.289
17-Oct,0.216,1.222,2.236
18-Oct,0.212,1.173,2.187
21-Oct,0.219,1.189,2.204
22-Oct,0.201,1.124,2.137
23-Oct,0.195,1.102,2.11
24-Oct,0.218,1.116,2.109
25-Oct,0.224,1.124,2.107
28-Oct,0.233,1.124,2.104
29-Oct,0.218,1.11,2.092
30-Oct,0.196,1.068,2.046
31-Oct,0.164,1.007,2.011
1-Nov,0.161,0.991,2.023
4-Nov,0.158,0.995,2.01
5-Nov,0.164,1.07,2.089
6-Nov,0.159,1.06,2.085
7-Nov,0.114,0.975,2.025
8-Nov,0.129,1.031,2.092
11-Nov,0.133,1.02,2.085
12-Nov,0.132,1.047,2.128
13-Nov,0.125,1.005,2.08
14-Nov,0.132,0.977,2.035
15-Nov,0.129,0.985,2.041
18-Nov,0.125,0.967,2.019
19-Nov,0.141,1,2.056
20-Nov,0.125,0.983,2.051
21-Nov,0.136,0.988,2.068
22-Nov,0.16,1.001,2.059
25-Nov,0.159,0.986,2.039
26-Nov,0.154,0.967,2.012
27-Nov,0.153,0.988,2.043
28-Nov,0.146,0.975,2.026
29-Nov,0.138,0.973,2.025
2-Dec,0.142,0.997,2.062
3-Dec,0.139,0.98,2.036
4-Dec,0.153,1.049,2.115
5-Dec,0.167,1.105,2.16
6-Dec,0.173,1.097,2.154
9-Dec,0.187,1.093,2.152
10-Dec,0.184,1.087,2.144
11-Dec,0.209,1.077,2.122
12-Dec,0.23,1.107,2.147
13-Dec,0.229,1.097,2.135
16-Dec,0.239,1.107,2.139
17-Dec,0.24,1.092,2.128
18-Dec,0.239,1.128,2.154
19-Dec,0.221,1.133,2.166
20-Dec,0.227,1.143,2.161
23-Dec,0.218,1.146,2.169
24-Dec,0.211,1.18,2.17
25-Dec,0.211,1.18,2.163
26-Dec,0.211,1.18,2.163
27-Dec,0.212,1.221,2.246
30-Dec,0.192,1.193,2.233
31-Dec,0.196,1.188,2.229
1-Jan,0.196,1.188,2.229
2-Jan,0.185,1.19,2.227
3-Jan,0.188,1.172,2.22
6-Jan,0.192,1.159,2.194
7-Jan,0.199,1.148,2.172
8-Jan,0.2,1.171,2.195
9-Jan,0.186,1.18,2.222
10-Jan,0.167,1.12,2.159
13-Jan,0.16,1.102,2.137
14-Jan,0.183,1.091,2.123
15-Jan,0.337,1.113,2.14
16-Jan,0.31,1.069,2.1
17-Jan,0.299,1.03,2.064
20-Jan,0.295,1.01,2.049
21-Jan,0.286,1.017,2.05
22-Jan,0.296,1.039,2.071
23-Jan,0.297,1.019,2.036
24-Jan,0.267,0.971,1.986
27-Jan,0.281,0.977,1.988
28-Jan,0.275,0.976,1.995
29-Jan,0.255,0.948,1.965
30-Jan,0.232,0.922,1.938
31-Jan,0.194,0.852,1.872
3-Feb,0.198,0.85,1.856
4-Feb,0.201,0.859,1.874
5-Feb,0.197,0.854,1.863
6-Feb,0.244,0.917,1.916
7-Feb,0.212,0.872,1.877
10-Feb,0.233,0.897,1.903
11-Feb,0.234,0.905,1.917
12-Feb,0.235,0.929,1.94
13-Feb,0.211,0.886,1.899
14-Feb,0.217,0.895,1.906
17-Feb,0.216,0.891,1.904
18-Feb,0.216,0.869,1.89
19-Feb,0.212,0.873,1.89
20-Feb,0.227,0.905,1.925
21-Feb,0.218,0.88,1.897
24-Feb,0.227,0.901,1.914
25-Feb,0.217,0.876,1.875
26-Feb,0.191,0.841,1.843
27-Feb,0.18,0.787,1.783
28-Feb,0.222,0.869,1.849
3-Mar,0.194,0.809,1.788
4-Mar,0.198,0.837,1.826
5-Mar,0.207,0.835,1.823
6-Mar,0.249,0.886,1.873
7-Mar,0.261,0.884,1.868
10-Mar,0.244,0.861,1.847
11-Mar,0.245,0.871,1.864
12-Mar,0.239,0.838,1.826
13-Mar,0.221,0.79,1.775
14-Mar,0.232,0.801,1.776
17-Mar,0.239,0.811,1.79
18-Mar,0.243,0.806,1.79
19-Mar,0.255,0.84,1.825
20-Mar,0.295,0.892,1.866
21-Mar,0.29,0.877,1.839
24-Mar,0.27,0.83,1.789
25-Mar,0.251,0.832,1.781
26-Mar,0.23,0.808,1.924
27-Mar,0.202,0.772,1.886
28-Mar,0.213,0.789,1.896
31-Mar,0.221,0.798,1.91
1-Apr,0.236,0.815,1.927
2-Apr,0.244,0.846,1.964
3-Apr,0.237,0.818,1.946
4-Apr,0.208,0.741,1.873
7-Apr,0.228,0.76,1.878
8-Apr,0.233,0.79,1.9
9-Apr,0.244,0.817,1.922
10-Apr,0.214,0.761,1.869
11-Apr,0.222,0.756,1.857
14-Apr,0.224,0.763,1.866
15-Apr,0.196,0.704,1.802
16-Apr,0.205,0.716,1.81
17-Apr,0.255,0.759,1.843
18-Apr,0.255,0.759,1.843
21-Apr,0.255,0.759,1.843
22-Apr,0.256,0.774,1.864
23-Apr,0.262,0.783,1.855
24-Apr,0.27,0.796,1.859
25-Apr,0.25,0.764,1.813
28-Apr,0.25,0.767,1.829
29-Apr,0.218,0.742,1.833
30-Apr,0.207,0.708,1.796
1-May,0.209,0.711,1.796
2-May,0.182,0.665,1.769
5-May,0.195,0.679,1.783
6-May,0.205,0.693,1.786
7-May,0.21,0.713,1.8
8-May,0.173,0.667,1.76
9-May,0.184,0.669,1.769
12-May,0.182,0.683,1.783
13-May,0.158,0.644,1.737
14-May,0.135,0.58,1.667
15-May,0.128,0.553,1.62
16-May,0.144,0.57,1.644
19-May,0.144,0.584,1.667
20-May,0.14,0.599,1.688
21-May,0.147,0.619,1.71
22-May,0.134,0.595,1.69
23-May,0.132,0.588,1.687
26-May,0.12,0.575,1.685
27-May,0.12,0.547,1.654
28-May,0.118,0.516,1.601
29-May,0.126,0.532,1.617
30-May,0.129,0.542,1.633
2-Jun,0.12,0.545,1.646
3-Jun,0.125,0.569,1.682
4-Jun,0.122,0.583,1.705
5-Jun,0.115,0.512,1.663
6-Jun,0.091,0.415,1.586
9-Jun,0.094,0.456,1.592
10-Jun,0.11,0.5,1.64
11-Jun,0.092,0.493,1.641
12-Jun,0.078,0.482,1.643
13-Jun,0.067,0.464,1.616
16-Jun,0.062,0.465,1.605
17-Jun,0.073,0.497,1.646
18-Jun,0.073,0.478,1.616
19-Jun,0.069,0.44,1.554
20-Jun,0.069,0.469,1.584
23-Jun,0.076,0.463,1.566
24-Jun,0.068,0.458,1.557
25-Jun,0.066,0.423,1.496
26-Jun,0.069,0.415,1.483
27-Jun,0.073,0.436,1.493
30-Jun,0.069,0.412,1.478
1-Jul,0.062,0.404,1.478
2-Jul,0.058,0.421,1.517
3-Jul,0.052,0.412,1.509
4-Jul,0.057,0.397,1.483
7-Jul,0.054,0.393,1.476
8-Jul,0.057,0.373,1.435
9-Jul,0.061,0.379,1.444
10-Jul,0.053,0.363,1.421
11-Jul,0.043,0.359,1.422
14-Jul,0.046,0.365,1.427
15-Jul,0.043,0.36,1.416
16-Jul,0.039,0.35,1.4
17-Jul,0.04,0.34,1.359
18-Jul,0.046,0.356,1.361
21-Jul,0.045,0.347,1.347
22-Jul,0.051,0.363,1.362
23-Jul,0.047,0.347,1.337
24-Jul,0.051,0.366,1.368
25-Jul,0.045,0.347,1.345
28-Jul,0.048,0.356,1.343
29-Jul,0.043,0.336,1.31
30-Jul,0.049,0.362,1.355
31-Jul,0.04,0.33,1.338
1-Aug,0.04,0.319,1.321
4-Aug,0.046,0.321,1.323
5-Aug,0.046,0.341,1.354
6-Aug,0.034,0.31,1.3
7-Aug,0.031,0.295,1.259
8-Aug,0.031,0.295,1.245
11-Aug,0.031,0.298,1.252
12-Aug,0.038,0.296,1.25
13-Aug,0.033,0.27,1.218
14-Aug,0.041,0.26,1.205
15-Aug,0.021,0.232,1.136
18-Aug,0.029,0.269,1.202
19-Aug,0.023,0.256,1.186
20-Aug,0.02,0.255,1.173
21-Aug,0.02,0.264,1.175
22-Aug,0.017,0.269,1.163
25-Aug,-0.008,0.222,1.114
26-Aug,0.006,0.217,1.086
27-Aug,0.014,0.196,1.045
28-Aug,0.014,0.209,1.04
29-Aug,-0.003,0.206,1.054
1-Sep,-0.016,0.192,1.054
2-Sep,-0.002,0.212,1.112
3-Sep,0.008,0.222,1.139
4-Sep,-0.05,0.152,1.119
5-Sep,-0.044,0.131,1.07
8-Sep,-0.056,0.146,1.102
9-Sep,-0.06,0.169,1.159
10-Sep,-0.054,0.182,1.175
11-Sep,-0.057,0.202,1.198
12-Sep,-0.041,0.237,1.238
15-Sep,-0.046,0.224,1.225
16-Sep,-0.035,0.234,1.222
17-Sep,-0.043,0.209,1.197
18-Sep,-0.032,0.249,1.232
19-Sep,-0.042,0.208,1.175
22-Sep,-0.034,0.196,1.146
23-Sep,-0.032,0.203,1.152
24-Sep,-0.029,0.191,1.143
25-Sep,-0.036,0.338,1.117
26-Sep,-0.039,0.328,1.11
29-Sep,-0.034,0.329,1.105
30-Sep,-0.038,0.304,1.085
1-Oct,-0.038,0.284,1.039
2-Oct,-0.031,0.301,1.044
3-Oct,-0.035,0.313,1.064
6-Oct,-0.044,0.3,1.052
7-Oct,-0.036,0.3,1.057
8-Oct,-0.035,0.283,1.049
9-Oct,-0.035,0.267,1.041
10-Oct,-0.032,0.272,1.033
13-Oct,-0.018,0.287,1.044
14-Oct,-0.028,0.254,0.984
15-Oct,-0.038,0.215,0.908
16-Oct,-0.027,0.299,0.989
17-Oct,-0.025,0.321,1.033
20-Oct,-0.029,0.309,1.033
21-Oct,-0.022,0.29,1.034
22-Oct,-0.019,0.276,1.031
23-Oct,-0.022,0.288,1.054
24-Oct,-0.012,0.309,1.055
27-Oct,-0.014,0.3,1.039
28-Oct,-0.009,0.294,1.047
29-Oct,-0.009,0.305,1.062
30-Oct,-0.014,0.269,1.007
31-Oct,-0.019,0.247,0.978
3-Nov,-0.005,0.274,1
4-Nov,-0.002,0.241,0.953
5-Nov,-0.005,0.244,0.972
6-Nov,-0.009,0.233,0.966
7-Nov,-0.005,0.22,0.954
10-Nov,-0.002,0.231,0.968
11-Nov,-0.014,0.229,0.959
12-Nov,-0.016,0.224,0.948
13-Nov,-0.009,0.216,0.943
14-Nov,-0.009,0.209,0.929
17-Nov,-0.002,0.225,0.949
18-Nov,0.011,0.231,0.943
19-Nov,0.016,0.281,0.992
20-Nov,0.009,0.252,0.942
21-Nov,-0.004,0.234,0.91
24-Nov,-0.009,0.234,0.914
25-Nov,-0.009,0.219,0.876
26-Nov,-0.016,0.212,0.86
27-Nov,-0.013,0.194,0.82
28-Nov,-0.005,0.199,0.816
1-Dec,-0.002,0.214,0.845
2-Dec,-0.011,0.224,0.861
3-Dec,-0.013,0.212,0.866
4-Dec,0.002,0.224,0.889
5-Dec,-0.002,0.227,0.89
8-Dec,-0.013,0.197,0.831
9-Dec,-0.009,0.206,0.815
10-Dec,-0.002,0.208,0.811
11-Dec,-0.009,0.205,0.809
12-Dec,-0.013,0.189,0.757
15-Dec,-0.017,0.186,0.756
16-Dec,-0.011,0.19,0.736
17-Dec,-0.017,0.183,0.737
18-Dec,-0.025,0.178,0.758
19-Dec,-0.031,0.163,0.738
22-Dec,-0.044,0.154,0.738
23-Dec,-0.041,0.149,0.726
24-Dec,-0.039,0.145,0.724
25-Dec,-0.039,0.145,0.724
26-Dec,-0.039,0.145,0.724
29-Dec,-0.052,0.104,0.678
30-Dec,-0.051,0.096,0.671
31-Dec,-0.055,0.095,0.674
1-Jan,-0.055,0.095,0.674
2-Jan,-0.067,0.08,0.621
5-Jan,-0.063,0.083,0.634
6-Jan,-0.081,0.064,0.559
7-Jan,-0.089,0.073,0.597
8-Jan,-0.094,0.093,0.62
9-Jan,-0.104,0.074,0.607
12-Jan,-0.098,0.067,0.572
13-Jan,-0.1,0.047,0.559
14-Jan,-0.064,0.007,0.485
15-Jan,-0.087,-0.001,0.488
16-Jan,-0.102,-0.011,0.46
19-Jan,-0.104,0,0.471
20-Jan,-0.083,0.036,0.497
21-Jan,-0.08,0.064,0.559
22-Jan,-0.107,0.038,0.48
23-Jan,-0.118,-0.003,0.394
26-Jan,-0.097,0.036,0.433
27-Jan,-0.102,0.044,0.434
28-Jan,-0.117,0.029,0.422
29-Jan,-0.114,0.027,0.43
30-Jan,-0.125,-0.012,0.366
2-Feb,-0.122,-0.011,0.371
3-Feb,-0.136,-0.01,0.392
4-Feb,-0.133,-0.007,0.412
5-Feb,-0.138,-0.003,0.415
6-Feb,-0.144,0.002,0.437
9-Feb,-0.142,0.007,0.427
10-Feb,-0.14,0.023,0.457
11-Feb,-0.14,0.006,0.433
12-Feb,-0.145,-0.015,0.397
13-Feb,-0.141,-0.014,0.412
16-Feb,-0.144,-0.015,0.409
17-Feb,-0.122,0.007,0.443
18-Feb,-0.134,-0.003,0.452
19-Feb,-0.125,0.002,0.453
20-Feb,-0.13,-0.018,0.436
23-Feb,-0.131,-0.033,0.42
24-Feb,-0.133,-0.025,0.422
25-Feb,-0.147,-0.042,0.377
26-Feb,-0.164,-0.056,0.347
27-Feb,-0.159,-0.051,0.372
2-Mar,-0.139,-0.018,0.408
3-Mar,-0.137,-0.012,0.422
4-Mar,-0.121,0.007,0.441
5-Mar,-0.132,-0.024,0.408
6-Mar,-0.135,-0.017,0.438
9-Mar,-0.15,-0.05,0.353
10-Mar,-0.172,-0.072,0.277
11-Mar,-0.182,-0.07,0.256
12-Mar,-0.178,-0.051,0.283
13-Mar,-0.173,-0.034,0.297
16-Mar,-0.157,-0.006,0.316
17-Mar,-0.153,-0.002,0.331
18-Mar,-0.179,-0.039,0.273
19-Mar,-0.172,-0.038,0.273
20-Mar,-0.179,-0.049,0.266
23-Mar,-0.167,0.007,0.315
24-Mar,-0.169,0.018,0.315
25-Mar,-0.179,-0.001,0.383
26-Mar,-0.198,-0.023,0.383
27-Mar,-0.196,-0.026,0.376
30-Mar,-0.197,-0.025,0.369
31-Mar,-0.2,-0.05,0.341
1-Apr,-0.206,-0.056,0.325
2-Apr,-0.202,-0.032,0.364
3-Apr,-0.202,-0.032,0.364
6-Apr,-0.202,-0.032,0.364
7-Apr,-0.205,-0.051,0.352
8-Apr,-0.221,-0.082,0.32
9-Apr,-0.216,-0.082,0.311
10-Apr,-0.215,-0.085,0.303
13-Apr,-0.215,-0.079,0.299
14-Apr,-0.216,-0.089,0.275
15-Apr,-0.212,-0.098,0.235
16-Apr,-0.214,-0.097,0.223
17-Apr,-0.206,-0.086,0.224
20-Apr,-0.201,-0.076,0.223
21-Apr,-0.201,-0.078,0.246
22-Apr,-0.192,-0.048,0.304
23-Apr,-0.201,-0.061,0.305
24-Apr,-0.204,-0.061,0.299
27-Apr,-0.209,-0.065,0.299
28-Apr,-0.212,-0.077,0.298
29-Apr,-0.176,0.014,0.427
30-Apr,-0.172,0.057,0.499
1-May,-0.17,0.064,0.511
4-May,-0.165,0.085,0.593
5-May,-0.172,0.115,0.677
6-May,-0.171,0.149,0.764
7-May,-0.175,0.14,0.768
8-May,-0.171,0.109,0.724
11-May,-0.168,0.135,0.788
12-May,-0.157,0.15,0.849
13-May,-0.153,0.162,0.885
14-May,-0.153,0.156,0.862
15-May,-0.162,0.132,0.791
18-May,-0.16,0.138,0.822
19-May,-0.173,0.114,0.762
20-May,-0.18,0.133,0.808
21-May,-0.19,0.131,0.821
22-May,-0.188,0.118,0.79
25-May,-0.189,0.114,0.79
26-May,-0.199,0.081,0.743
27-May,-0.201,0.08,0.745
28-May,-0.197,0.077,0.719
29-May,-0.2,0.064,0.674
1-Jun,-0.192,0.087,0.726
2-Jun,-0.167,0.153,0.894
3-Jun,-0.158,0.216,1.052
4-Jun,-0.166,0.198,1.01
5-Jun,-0.161,0.216,1.028
8-Jun,-0.151,0.229,1.071
9-Jun,-0.139,0.274,1.149
10-Jun,-0.146,0.261,1.183
11-Jun,-0.149,0.213,1.08
12-Jun,-0.154,0.208,1.072
15-Jun,-0.143,0.235,1.103
16-Jun,-0.152,0.221,1.083
17-Jun,-0.158,0.215,1.073
18-Jun,-0.164,0.187,1.046
19-Jun,-0.176,0.171,1.005
22-Jun,-0.173,0.215,1.11
23-Jun,-0.174,0.196,1.101
24-Jun,-0.178,0.191,1.086
25-Jun,-0.188,0.188,1.102
26-Jun,-0.182,0.206,1.154
29-Jun,-0.19,0.183,1.062
30-Jun,-0.199,0.147,1.032
1-Jul,-0.211,0.144,1.086
2-Jul,-0.216,0.162,1.148
3-Jul,-0.215,0.136,1.096
6-Jul,-0.211,0.142,1.084
7-Jul,-0.218,0.109,0.973
8-Jul,-0.226,0.097,0.976
9-Jul,-0.216,0.087,1.006
10-Jul,-0.192,0.183,1.15
13-Jul,-0.209,0.145,1.113
14-Jul,-0.211,0.122,1.092
15-Jul,-0.218,0.092,1.005
16-Jul,-0.206,0.109,1.008
17-Jul,-0.204,0.082,0.952
20-Jul,-0.202,0.076,0.917
21-Jul,-0.203,0.103,0.952
22-Jul,-0.204,0.095,0.926
23-Jul,-0.211,0.07,0.904
24-Jul,-0.213,0.051,0.848
27-Jul,-0.217,0.057,0.852
28-Jul,-0.22,0.04,0.854
29-Jul,-0.225,0.04,0.885
30-Jul,-0.219,0.075,0.815
31-Jul,-0.211,0.086,0.818
3-Aug,-0.212,0.077,0.807
4-Aug,-0.213,0.078,0.819
5-Aug,-0.206,0.126,0.932
6-Aug,-0.209,0.105,0.881
7-Aug,-0.228,0.074,0.834
10-Aug,-0.232,0.084,0.866
11-Aug,-0.23,0.055,0.793
12-Aug,-0.233,0.046,0.78
13-Aug,-0.235,0.065,0.806
14-Aug,-0.229,0.086,0.836
17-Aug,-0.221,0.068,0.804
18-Aug,-0.216,0.089,0.831
19-Aug,-0.214,0.078,0.808
20-Aug,-0.218,0.056,0.782
21-Aug,-0.224,0.054,0.777
24-Aug,-0.226,0.073,0.811
25-Aug,-0.208,0.142,0.945
26-Aug,-0.202,0.121,0.914
27-Aug,-0.202,0.128,0.938
28-Aug,-0.194,0.138,0.936
31-Aug,-0.191,0.173,0.989
1-Sep,-0.199,0.18,0.996
2-Sep,-0.205,0.165,0.977
3-Sep,-0.232,0.108,0.915
4-Sep,-0.225,0.091,0.856
7-Sep,-0.214,0.086,0.873
8-Sep,-0.217,0.09,0.87
9-Sep,-0.22,0.087,0.877
10-Sep,-0.219,0.089,0.874
11-Sep,-0.22,0.072,0.835
14-Sep,-0.221,0.072,0.831
15-Sep,-0.219,0.114,0.915
16-Sep,-0.214,0.134,0.944
17-Sep,-0.212,0.152,0.948
18-Sep,-0.238,0.08,0.828
21-Sep,-0.233,0.088,0.852
22-Sep,-0.244,0.043,0.768
23-Sep,-0.239,0.049,0.774
24-Sep,-0.233,0.062,0.786
25-Sep,-0.231,0.069,0.829
28-Sep,-0.239,0.049,0.782
29-Sep,-0.234,0.052,0.782
30-Sep,-0.238,0.044,0.78
1-Oct,-0.246,0.004,0.721
2-Oct,-0.247,-0.005,0.693
5-Oct,-0.243,0.012,0.752
6-Oct,-0.237,0.035,0.787
7-Oct,-0.238,0.033,0.779
8-Oct,-0.24,0.034,0.765
9-Oct,-0.238,0.043,0.79
12-Oct,-0.248,0.021,0.754
13-Oct,-0.241,0.027,0.76
14-Oct,-0.252,0,0.711
15-Oct,-0.25,0.012,0.722
16-Oct,-0.259,0.009,0.723
19-Oct,-0.257,0.012,0.74
20-Oct,-0.237,0.051,0.803
21-Oct,-0.25,0.011,0.74
22-Oct,-0.308,-0.061,0.662
23-Oct,-0.304,-0.062,0.67
26-Oct,-0.311,-0.058,0.664
27-Oct,-0.323,-0.087,0.61
28-Oct,-0.328,-0.101,0.601
29-Oct,-0.315,-0.044,0.692
30-Oct,-0.31,-0.045,0.679
2-Nov,-0.294,-0.023,0.728
3-Nov,-0.308,-0.028,0.742
4-Nov,-0.309,-0.028,0.762
5-Nov,-0.309,-0.021,0.771
6-Nov,-0.284,0.029,0.851
9-Nov,-0.315,-0.024,0.818
10-Nov,-0.338,-0.052,0.779
11-Nov,-0.344,-0.058,0.771
12-Nov,-0.341,-0.05,0.768
13-Nov,-0.353,-0.08,0.719
16-Nov,-0.353,-0.097,0.694
17-Nov,-0.359,-0.107,0.691
18-Nov,-0.351,-0.107,0.672
19-Nov,-0.352,-0.115,0.648
20-Nov,-0.366,-0.124,0.646
23-Nov,-0.377,-0.113,0.691
24-Nov,-0.364,-0.104,0.666
25-Nov,-0.394,-0.147,0.624
26-Nov,-0.396,-0.145,0.63
27-Nov,-0.394,-0.144,0.613
30-Nov,-0.396,-0.135,0.627
1-Dec,-0.419,-0.154,0.623
2-Dec,-0.416,-0.173,0.619
3-Dec,-0.285,0.002,0.823
4-Dec,-0.279,0.007,0.83
7-Dec,-0.299,-0.058,0.734
8-Dec,-0.312,-0.059,0.721
9-Dec,-0.313,-0.064,0.747
10-Dec,-0.326,-0.089,0.715
11-Dec,-0.335,-0.111,0.691
14-Dec,-0.329,-0.09,0.731
15-Dec,-0.334,-0.04,0.796
16-Dec,-0.329,-0.013,0.835
17-Dec,-0.349,-0.06,0.758
18-Dec,-0.358,-0.086,0.699
21-Dec,-0.373,-0.083,0.706
22-Dec,-0.362,-0.047,0.759
23-Dec,-0.357,-0.027,0.793
24-Dec,-0.359,-0.027,0.762
25-Dec,-0.359,-0.027,0.762
28-Dec,-0.363,-0.046,0.725
29-Dec,-0.365,-0.024,0.795
30-Dec,-0.38,-0.042,0.791
31-Dec,-0.38,-0.042,0.791
1-Jan,-0.38,-0.042,0.791
4-Jan,-0.38,-0.07,0.733
5-Jan,-0.391,-0.095,0.715
6-Jan,-0.397,-0.101,0.682
7-Jan,-0.403,-0.082,0.719
8-Jan,-0.409,-0.088,0.694
11-Jan,-0.403,-0.068,0.724
12-Jan,-0.401,-0.066,0.719
13-Jan,-0.403,-0.09,0.686
14-Jan,-0.403,-0.085,0.696
15-Jan,-0.395,-0.104,0.661
18-Jan,-0.395,-0.106,0.66
19-Jan,-0.395,-0.113,0.661
20-Jan,-0.401,-0.138,0.609
21-Jan,-0.433,-0.182,0.57
22-Jan,-0.433,-0.178,0.596
25-Jan,-0.431,-0.184,0.579
26-Jan,-0.437,-0.207,0.551
27-Jan,-0.427,-0.198,0.554
28-Jan,-0.433,-0.214,0.523
29-Jan,-0.458,-0.276,0.433
1-Feb,-0.444,-0.249,0.467
2-Feb,-0.45,-0.268,0.432
3-Feb,-0.46,-0.287,0.408
4-Feb,-0.457,-0.268,0.432
5-Feb,-0.463,-0.271,0.425
8-Feb,-0.482,-0.297,0.373
9-Feb,-0.492,-0.283,0.396
10-Feb,-0.486,-0.291,0.386
11-Feb,-0.508,-0.314,0.349
12-Feb,-0.491,-0.276,0.414
15-Feb,-0.5,-0.303,0.382
16-Feb,-0.49,-0.283,0.415
17-Feb,-0.483,-0.287,0.403
18-Feb,-0.488,-0.313,0.35
19-Feb,-0.493,-0.312,0.337
22-Feb,-0.491,-0.321,0.31
23-Feb,-0.48,-0.323,0.319
24-Feb,-0.478,-0.32,0.303
25-Feb,-0.474,-0.348,0.29
26-Feb,-0.481,-0.361,0.288
29-Feb,-0.501,-0.407,0.247
1-Mar,-0.506,-0.387,0.286
2-Mar,-0.504,-0.359,0.343
3-Mar,-0.52,-0.384,0.313
4-Mar,-0.5,-0.329,0.376
7-Mar,-0.505,-0.351,0.358
8-Mar,-0.516,-0.379,0.304
9-Mar,-0.505,-0.343,0.352
10-Mar,-0.45,-0.249,0.411
11-Mar,-0.454,-0.302,0.363
14-Mar,-0.454,-0.29,0.371
15-Mar,-0.459,-0.265,0.408
16-Mar,-0.471,-0.271,0.403
17-Mar,-0.48,-0.302,0.329
18-Mar,-0.485,-0.31,0.306
21-Mar,-0.485,-0.309,0.322
22-Mar,-0.488,-0.315,0.295
23-Mar,-0.491,-0.321,0.415
24-Mar,-0.489,-0.315,0.402
25-Mar,-0.489,-0.315,0.402
28-Mar,-0.489,-0.315,0.402
29-Mar,-0.499,-0.352,0.355
30-Mar,-0.492,-0.341,0.366
31-Mar,-0.49,-0.34,0.357
1-Apr,-0.49,-0.348,0.337
4-Apr,-0.486,-0.348,0.334
5-Apr,-0.486,-0.367,0.309
6-Apr,-0.489,-0.368,0.33
7-Apr,-0.489,-0.39,0.311
8-Apr,-0.489,-0.391,0.312
11-Apr,-0.492,-0.396,0.338
12-Apr,-0.505,-0.374,0.393
13-Apr,-0.512,-0.387,0.343
14-Apr,-0.521,-0.363,0.386
15-Apr,-0.528,-0.39,0.344
18-Apr,-0.524,-0.386,0.374
19-Apr,-0.527,-0.386,0.381
20-Apr,-0.509,-0.38,0.369
21-Apr,-0.492,-0.332,0.446
22-Apr,-0.493,-0.351,0.435
25-Apr,-0.49,-0.335,0.472
26-Apr,-0.488,-0.315,0.506
27-Apr,-0.491,-0.324,0.502
28-Apr,-0.492,-0.334,0.48
29-Apr,-0.476,-0.316,0.503
2-May,-0.466,-0.317,0.497
3-May,-0.477,-0.36,0.439
4-May,-0.48,-0.361,0.438
5-May,-0.485,-0.386,0.401
6-May,-0.491,-0.391,0.382
9-May,-0.502,-0.394,0.358
10-May,-0.505,-0.389,0.347
11-May,-0.502,-0.398,0.341
12-May,-0.503,-0.389,0.372
13-May,-0.501,-0.392,0.344
16-May,-0.501,-0.387,0.362
17-May,-0.507,-0.395,0.352
18-May,-0.504,-0.379,0.388
19-May,-0.511,-0.373,0.385
20-May,-0.511,-0.371,0.378
23-May,-0.514,-0.37,0.389
24-May,-0.52,-0.379,0.385
25-May,-0.523,-0.393,0.357
26-May,-0.527,-0.401,0.352
27-May,-0.53,-0.405,0.346
30-May,-0.536,-0.391,0.375
31-May,-0.54,-0.393,0.348
1-Jun,-0.532,-0.392,0.346
2-Jun,-0.521,-0.391,0.326
3-Jun,-0.524,-0.417,0.281
6-Jun,-0.525,-0.405,0.311
7-Jun,-0.528,-0.423,0.278
8-Jun,-0.484,-0.246,0.273
9-Jun,-0.489,-0.255,0.247
10-Jun,-0.486,-0.253,0.243
13-Jun,-0.485,-0.246,0.257
14-Jun,-0.506,-0.252,0.255
15-Jun,-0.52,-0.265,0.237
16-Jun,-0.515,-0.244,0.244
17-Jun,-0.516,-0.244,0.275
20-Jun,-0.524,-0.284,0.283
21-Jun,-0.537,-0.299,0.284
22-Jun,-0.53,-0.273,0.284
23-Jun,-0.516,-0.255,0.311
24-Jun,-0.592,-0.322,0.215
27-Jun,-0.587,-0.352,0.15
28-Jun,-0.6,-0.398,0.119
29-Jun,-0.599,-0.404,0.104
30-Jun,-0.599,-0.422,0.083
1-Jul,-0.589,-0.427,0.061
4-Jul,-0.604,-0.444,0.057
5-Jul,-0.629,-0.475,0.022
6-Jul,-0.635,-0.473,0.031
7-Jul,-0.629,-0.468,0.034
8-Jul,-0.635,-0.496,-0.001
11-Jul,-0.628,-0.492,0.02
12-Jul,-0.604,-0.446,0.081
13-Jul,-0.624,-0.458,0.035
14-Jul,-0.621,-0.437,0.071
15-Jul,-0.608,-0.411,0.118
18-Jul,-0.593,-0.425,0.093
19-Jul,-0.578,-0.429,0.083
20-Jul,-0.571,-0.411,0.102
21-Jul,-0.564,-0.41,0.095
22-Jul,-0.558,-0.404,0.089
25-Jul,-0.562,-0.42,0.074
26-Jul,-0.563,-0.414,0.089
27-Jul,-0.587,-0.449,0.031
28-Jul,-0.588,-0.448,0.02
29-Jul,-0.598,-0.471,-0.02
1-Aug,-0.591,-0.463,-0.007
2-Aug,-0.576,-0.421,0.056
3-Aug,-0.577,-0.422,0.06
4-Aug,-0.594,-0.461,0.007
5-Aug,-0.602,-0.449,0.026
8-Aug,-0.604,-0.455,0.021
9-Aug,-0.598,-0.457,0.012
10-Aug,-0.612,-0.484,-0.017
11-Aug,-0.601,-0.471,0.001
12-Aug,-0.602,-0.476,-0.007
15-Aug,-0.586,-0.447,0.025
16-Aug,-0.585,-0.425,0.069
17-Aug,-0.589,-0.433,0.045
18-Aug,-0.594,-0.456,0.014
19-Aug,-0.587,-0.427,0.063
22-Aug,-0.598,-0.453,0.017
23-Aug,-0.59,-0.44,0.016
24-Aug,-0.587,-0.434,0.019
25-Aug,-0.588,-0.426,0.03
26-Aug,-0.594,-0.432,0.026
29-Aug,-0.611,-0.444,0.02
30-Aug,-0.613,-0.439,0.017
31-Aug,-0.609,-0.425,0.039
1-Sep,-0.613,-0.427,0.042
2-Sep,-0.616,-0.413,0.063
5-Sep,-0.62,-0.424,0.055
6-Sep,-0.637,-0.476,-0.012
7-Sep,-0.632,-0.488,-0.016
8-Sep,-0.608,-0.444,0.042
9-Sep,-0.596,-0.398,0.111
12-Sep,-0.59,-0.383,0.136
13-Sep,-0.58,-0.363,0.168
14-Sep,-0.605,-0.408,0.114
15-Sep,-0.606,-0.4,0.131
16-Sep,-0.615,-0.413,0.114
19-Sep,-0.612,-0.404,0.124
20-Sep,-0.621,-0.424,0.087
21-Sep,-0.624,-0.41,0.106
22-Sep,-0.641,-0.454,0.01
23-Sep,-0.642,-0.456,0.031
26-Sep,-0.653,-0.481,-0.005
27-Sep,-0.678,-0.495,-0.028
28-Sep,-0.676,-0.495,-0.031
29-Sep,-0.666,-0.476,0.001
30-Sep,-0.664,-0.473,0.001
3-Oct,-0.664,-0.454,0.036
4-Oct,-0.657,-0.444,0.068
5-Oct,-0.643,-0.405,0.122
6-Oct,-0.644,-0.414,0.102
7-Oct,-0.637,-0.399,0.138
10-Oct,-0.639,-0.388,0.17
11-Oct,-0.647,-0.395,0.137
12-Oct,-0.636,-0.368,0.183
13-Oct,-0.642,-0.39,0.152
14-Oct,-0.639,-0.388,0.159
17-Oct,-0.642,-0.399,0.161
18-Oct,-0.648,-0.416,0.141
19-Oct,-0.649,-0.411,0.132
20-Oct,-0.652,-0.421,0.104
21-Oct,-0.646,-0.418,0.109
24-Oct,-0.641,-0.41,0.124
25-Oct,-0.638,-0.401,0.13
26-Oct,-0.629,-0.369,0.189
27-Oct,-0.617,-0.315,0.271
28-Oct,-0.615,-0.311,0.271
31-Oct,-0.619,-0.316,0.274
1-Nov,-0.619,-0.304,0.294
2-Nov,-0.635,-0.339,0.249
3-Nov,-0.638,-0.327,0.276
4-Nov,-0.65,-0.337,0.256
7-Nov,-0.642,-0.327,0.267
8-Nov,-0.644,-0.307,0.301
9-Nov,-0.654,-0.308,0.333
10-Nov,-0.631,-0.246,0.426
11-Nov,-0.616,-0.201,0.478
14-Nov,-0.625,-0.181,0.495
15-Nov,-0.644,-0.214,0.453
16-Nov,-0.659,-0.207,0.443
17-Nov,-0.656,-0.203,0.435
18-Nov,-0.677,-0.226,0.431
21-Nov,-0.685,-0.236,0.424
22-Nov,-0.73,-0.296,0.374
23-Nov,-0.7,-0.257,0.422
24-Nov,-0.714,-0.284,0.411
25-Nov,-0.724,-0.276,0.415
28-Nov,-0.728,-0.293,0.399
29-Nov,-0.727,-0.327,0.379
30-Nov,-0.709,-0.29,0.428
1-Dec,-0.685,-0.235,0.521
2-Dec,-0.679,-0.285,0.422
5-Dec,-0.648,-0.239,0.471
6-Dec,-0.638,-0.216,0.498
7-Dec,-0.623,-0.223,0.47
8-Dec,-0.694,-0.259,0.508
9-Dec,-0.709,-0.287,0.506
12-Dec,-0.705,-0.258,0.547
13-Dec,-0.709,-0.295,0.496
14-Dec,-0.721,-0.315,0.439
15-Dec,-0.722,-0.289,0.496
16-Dec,-0.735,-0.314,0.453
19-Dec,-0.739,-0.36,0.386
20-Dec,-0.732,-0.342,0.404
21-Dec,-0.743,-0.351,0.379
22-Dec,-0.745,-0.335,0.395
23-Dec,-0.755,-0.357,0.358
26-Dec,-0.755,-0.357,0.358
27-Dec,-0.793,-0.387,0.344
28-Dec,-0.775,-0.389,0.334
29-Dec,-0.753,-0.386,0.314
30-Dec,-0.751,-0.374,0.35
2-Jan,-0.751,-0.385,0.328
3-Jan,-0.729,-0.338,0.418
4-Jan,-0.736,-0.337,0.441
5-Jan,-0.693,-0.312,0.419
6-Jan,-0.682,-0.284,0.463
9-Jan,-0.697,-0.301,0.43
10-Jan,-0.695,-0.291,0.442
11-Jan,-0.685,-0.3,0.407
12-Jan,-0.69,-0.301,0.407
13-Jan,-0.691,-0.29,0.435
16-Jan,-0.703,-0.31,0.427
17-Jan,-0.68,-0.304,0.422
18-Jan,-0.664,-0.278,0.463
19-Jan,-0.654,-0.27,0.487
20-Jan,-0.634,-0.242,0.526
23-Jan,-0.638,-0.285,0.472
24-Jan,-0.632,-0.255,0.514
25-Jan,-0.609,-0.203,0.579
26-Jan,-0.608,-0.168,0.614
27-Jan,-0.621,-0.169,0.596
30-Jan,-0.641,-0.17,0.6
31-Jan,-0.659,-0.197,0.572
1-Feb,-0.678,-0.189,0.613
2-Feb,-0.691,-0.234,0.567
3-Feb,-0.703,-0.247,0.572
6-Feb,-0.707,-0.26,0.566
7-Feb,-0.719,-0.272,0.538
8-Feb,-0.725,-0.31,0.629
9-Feb,-0.715,-0.31,0.64
10-Feb,-0.728,-0.296,0.673
13-Feb,-0.715,-0.29,0.666
14-Feb,-0.725,-0.276,0.682
15-Feb,-0.726,-0.272,0.691
16-Feb,-0.725,-0.278,0.641
17-Feb,-0.758,-0.289,0.627
20-Feb,-0.777,-0.306,0.628
21-Feb,-0.786,-0.306,0.627
22-Feb,-0.801,-0.331,0.598
23-Feb,-0.821,-0.381,0.543
24-Feb,-0.851,-0.422,0.474
27-Feb,-0.845,-0.417,0.466
28-Feb,-0.829,-0.408,0.477
1-Mar,-0.8,-0.358,0.539
2-Mar,-0.806,-0.341,0.563
3-Mar,-0.801,-0.305,0.601
6-Mar,-0.82,-0.311,0.597
7-Mar,-0.86,-0.332,0.594
8-Mar,-0.824,-0.278,0.638
9-Mar,-0.85,-0.258,0.682
10-Mar,-0.834,-0.199,0.736
13-Mar,-0.81,-0.203,0.726
14-Mar,-0.79,-0.216,0.705
15-Mar,-0.807,-0.248,0.661
16-Mar,-0.786,-0.207,0.691
17-Mar,-0.768,-0.235,0.68
20-Mar,-0.766,-0.246,0.683
21-Mar,-0.733,-0.213,0.693
22-Mar,-0.757,-0.245,0.65
23-Mar,-0.74,-0.223,0.665
24-Mar,-0.749,-0.232,0.64
27-Mar,-0.615,-0.214,0.636
28-Mar,-0.634,-0.222,0.629
29-Mar,-0.687,-0.276,0.589
30-Mar,-0.663,-0.272,0.583
31-Mar,-0.653,-0.279,0.575
3-Apr,-0.728,-0.346,0.532
4-Apr,-0.714,-0.356,0.499
5-Apr,-0.731,-0.38,0.492
6-Apr,-0.726,-0.372,0.488
7-Apr,-0.753,-0.406,0.467
10-Apr,-0.77,-0.423,0.466
11-Apr,-0.773,-0.419,0.471
12-Apr,-0.779,-0.428,0.443
13-Apr,-0.782,-0.432,0.431
14-Apr,-0.782,-0.432,0.431
17-Apr,-0.782,-0.432,0.431
18-Apr,-0.773,-0.425,0.413
19-Apr,-0.737,-0.37,0.444
20-Apr,-0.706,-0.332,0.495
21-Apr,-0.686,-0.315,0.512
24-Apr,-0.639,-0.271,0.555
25-Apr,-0.611,-0.236,0.606
26-Apr,-0.623,-0.254,0.584
27-Apr,-0.682,-0.319,0.527
28-Apr,-0.66,-0.325,0.54
1-May,-0.66,-0.325,0.54
2-May,-0.637,-0.305,0.545
3-May,-0.634,-0.303,0.546
4-May,-0.61,-0.263,0.6
5-May,-0.595,-0.246,0.618
8-May,-0.605,-0.258,0.626
9-May,-0.597,-0.258,0.642
10-May,-0.59,-0.249,0.629
11-May,-0.593,-0.249,0.637
12-May,-0.607,-0.271,0.594
15-May,-0.597,-0.258,0.625
16-May,-0.581,-0.242,0.64
17-May,-0.612,-0.29,0.588
18-May,-0.629,-0.309,0.551
19-May,-0.616,-0.292,0.57
22-May,-0.606,-0.272,0.603
23-May,-0.585,-0.258,0.614
24-May,-0.595,-0.274,0.609
25-May,-0.62,-0.309,0.568
26-May,-0.628,-0.329,0.537
29-May,-0.659,-0.366,0.506
30-May,-0.651,-0.362,0.502
31-May,-0.664,-0.366,0.511
1-Jun,-0.675,-0.366,0.511
2-Jun,-0.694,-0.392,0.487
5-Jun,-0.679,-0.373,0.501
6-Jun,-0.71,-0.399,0.466
7-Jun,-0.707,-0.383,0.485
8-Jun,-0.716,-0.392,0.47
9-Jun,-0.71,-0.393,0.476
12-Jun,-0.705,-0.393,0.463
13-Jun,-0.684,-0.371,0.473
14-Jun,-0.676,-0.386,0.434
15-Jun,-0.646,-0.335,0.488
16-Jun,-0.65,-0.359,0.48
19-Jun,-0.642,-0.348,0.482
20-Jun,-0.64,-0.358,0.462
21-Jun,-0.623,-0.338,0.463
22-Jun,-0.618,-0.346,0.448
23-Jun,-0.614,-0.347,0.45
26-Jun,-0.611,-0.343,0.445
27-Jun,-0.552,-0.227,0.574
28-Jun,-0.568,-0.251,0.566
29-Jun,-0.567,-0.203,0.644
30-Jun,-0.576,-0.197,0.651
3-Jul,-0.576,-0.202,0.658
4-Jul,-0.584,-0.2,0.661
5-Jul,-0.58,-0.204,0.655
6-Jul,-0.558,-0.139,0.747
7-Jul,-0.58,-0.152,0.767
10-Jul,-0.588,-0.167,0.738
11-Jul,-0.588,-0.153,0.746
12-Jul,-0.598,-0.179,0.703
13-Jul,-0.593,-0.165,0.724
14-Jul,-0.59,-0.159,0.714
17-Jul,-0.598,-0.178,0.697
18-Jul,-0.614,-0.196,0.67
19-Jul,-0.615,-0.2,0.661
20-Jul,-0.618,-0.217,0.649
21-Jul,-0.624,-0.237,0.626
24-Jul,-0.634,-0.244,0.625
25-Jul,-0.633,-0.213,0.675
26-Jul,-0.642,-0.224,0.667
27-Jul,-0.655,-0.245,0.641
28-Jul,-0.663,-0.252,0.651
31-Jul,-0.66,-0.245,0.652
1-Aug,-0.669,-0.285,0.601
2-Aug,-0.658,-0.285,0.596
3-Aug,-0.655,-0.291,0.564
4-Aug,-0.654,-0.288,0.581
7-Aug,-0.649,-0.296,0.569
8-Aug,-0.624,-0.278,0.586
9-Aug,-0.646,-0.311,0.543
10-Aug,-0.646,-0.313,0.533
11-Aug,-0.664,-0.342,0.498
14-Aug,-0.664,-0.33,0.524
15-Aug,-0.649,-0.307,0.552
16-Aug,-0.646,-0.301,0.566
17-Aug,-0.647,-0.311,0.547
18-Aug,-0.648,-0.314,0.542
21-Aug,-0.66,-0.326,0.528
22-Aug,-0.664,-0.33,0.527
23-Aug,-0.673,-0.349,0.505
24-Aug,-0.689,-0.358,0.503
25-Aug,-0.683,-0.349,0.512
28-Aug,-0.691,-0.368,0.505
29-Aug,-0.701,-0.385,0.475
30-Aug,-0.704,-0.374,0.491
31-Aug,-0.708,-0.374,0.491
1-Sep,-0.711,-0.37,0.508
4-Sep,-0.719,-0.384,0.493
5-Sep,-0.732,-0.404,0.469
6-Sep,-0.71,-0.388,0.484
7-Sep,-0.738,-0.42,0.441
8-Sep,-0.735,-0.416,0.443
11-Sep,-0.73,-0.41,0.458
12-Sep,-0.706,-0.364,0.52
13-Sep,-0.7,-0.361,0.518
14-Sep,-0.69,-0.351,0.534
15-Sep,-0.677,-0.326,0.552
18-Sep,-0.671,-0.315,0.574
19-Sep,-0.67,-0.318,0.573
20-Sep,-0.678,-0.322,0.564
21-Sep,-0.68,-0.306,0.574
22-Sep,-0.677,-0.307,0.563
25-Sep,-0.707,-0.35,0.52
26-Sep,-0.716,-0.349,0.528
27-Sep,-0.697,-0.316,0.583
28-Sep,-0.698,-0.316,0.592
29-Sep,-0.691,-0.32,0.575
2-Oct,-0.705,-0.334,0.566
3-Oct,-0.709,-0.329,0.577
4-Oct,-0.704,-0.326,0.573
5-Oct,-0.692,-0.311,0.573
6-Oct,-0.698,-0.313,0.577
9-Oct,-0.702,-0.321,0.561
10-Oct,-0.7,-0.321,0.556
11-Oct,-0.695,-0.304,0.575
12-Oct,-0.707,-0.326,0.553
13-Oct,-0.728,-0.356,0.509
16-Oct,-0.743,-0.38,0.477
17-Oct,-0.734,-0.371,0.47
18-Oct,-0.73,-0.348,0.502
19-Oct,-0.74,-0.353,0.504
20-Oct,-0.722,-0.319,0.559
23-Oct,-0.731,-0.339,0.535
24-Oct,-0.709,-0.311,0.579
25-Oct,-0.708,-0.308,0.585
26-Oct,-0.747,-0.374,0.517
27-Oct,-0.767,-0.412,0.485
30-Oct,-0.754,-0.41,0.467
31-Oct,-0.752,-0.408,0.465
1-Nov,-0.748,-0.405,0.475
2-Nov,-0.746,-0.404,0.479
3-Nov,-0.75,-0.407,0.47
6-Nov,-0.759,-0.429,0.443
7-Nov,-0.761,-0.435,0.427
8-Nov,-0.755,-0.433,0.429
9-Nov,-0.745,-0.406,0.481
10-Nov,-0.741,-0.384,0.511
13-Nov,-0.74,-0.384,0.513
14-Nov,-0.737,-0.389,0.493
15-Nov,-0.745,-0.402,0.474
16-Nov,-0.738,-0.4,0.47
17-Nov,-0.743,-0.408,0.453
20-Nov,-0.741,-0.407,0.452
21-Nov,-0.735,-0.409,0.436
22-Nov,-0.724,-0.394,0.439
23-Nov,-0.714,-0.387,0.446
24-Nov,-0.722,-0.384,0.468
27-Nov,-0.732,-0.401,0.449
28-Nov,-0.727,-0.398,0.447
29-Nov,-0.715,-0.367,0.485
30-Nov,-0.715,-0.375,0.459
1-Dec,-0.733,-0.411,0.392
4-Dec,-0.723,-0.396,0.428
5-Dec,-0.748,-0.425,0.398
6-Dec,-0.761,-0.442,0.377
7-Dec,-0.778,-0.446,0.379
8-Dec,-0.759,-0.419,0.392
11-Dec,-0.754,-0.415,0.381
12-Dec,-0.749,-0.408,0.404
13-Dec,-0.76,-0.406,0.41
14-Dec,-0.758,-0.395,0.409
15-Dec,-0.764,-0.383,0.4
18-Dec,-0.762,-0.378,0.403
19-Dec,-0.743,-0.339,0.47
20-Dec,-0.732,-0.317,0.506
21-Dec,-0.718,-0.299,0.515
22-Dec,-0.706,-0.287,0.515
25-Dec,-0.706,-0.287,0.515
26-Dec,-0.706,-0.287,0.515
27-Dec,-0.715,-0.301,0.477
28-Dec,-0.676,-0.276,0.52
29-Dec,-0.689,-0.277,0.522
1-Jan,-0.689,-0.277,0.522
2-Jan,-0.656,-0.255,0.564
3-Jan,-0.666,-0.278,0.534
4-Jan,-0.654,-0.274,0.529
5-Jan,-0.655,-0.273,0.533
8-Jan,-0.652,-0.277,0.526
9-Jan,-0.649,-0.255,0.559
10-Jan,-0.661,-0.253,0.566
11-Jan,-0.624,-0.196,0.608
12-Jan,-0.617,-0.188,0.607
15-Jan,-0.624,-0.187,0.615
16-Jan,-0.624,-0.19,0.592
17-Jan,-0.624,-0.19,0.593
18-Jan,-0.623,-0.19,0.606
19-Jan,-0.628,-0.201,0.603
22-Jan,-0.631,-0.203,0.605
23-Jan,-0.628,-0.198,0.604
24-Jan,-0.622,-0.185,0.628
25-Jan,-0.614,-0.149,0.649
26-Jan,-0.593,-0.11,0.668
29-Jan,-0.585,-0.08,0.734
30-Jan,-0.595,-0.084,0.721
31-Jan,-0.593,-0.07,0.733
1-Feb,-0.603,-0.078,0.754
2-Feb,-0.597,-0.06,0.798
5-Feb,-0.622,-0.09,0.77
6-Feb,-0.636,-0.13,0.731
7-Feb,-0.613,-0.096,0.77
8-Feb,-0.614,-0.1,0.779
9-Feb,-0.629,-0.114,0.767
12-Feb,-0.639,-0.116,0.782
13-Feb,-0.629,-0.117,0.781
14-Feb,-0.63,-0.108,0.787
15-Feb,-0.624,-0.102,0.799
16-Feb,-0.632,-0.13,0.751
19-Feb,-0.628,-0.114,0.782
20-Feb,-0.63,-0.116,0.784
21-Feb,-0.627,-0.12,0.771
22-Feb,-0.632,-0.132,0.753
23-Feb,-0.643,-0.16,0.699
26-Feb,-0.645,-0.16,0.698
27-Feb,-0.637,-0.143,0.718
28-Feb,-0.649,-0.167,0.695
1-Mar,-0.653,-0.178,0.685
2-Mar,-0.649,-0.173,0.694
5-Mar,-0.656,-0.178,0.687
6-Mar,-0.65,-0.144,0.714
7-Mar,-0.638,-0.15,0.691
8-Mar,-0.644,-0.172,0.662
9-Mar,-0.65,-0.165,0.682
12-Mar,-0.657,-0.176,0.668
13-Mar,-0.657,-0.178,0.658
14-Mar,-0.661,-0.191,0.754
15-Mar,-0.659,-0.202,0.737
16-Mar,-0.673,-0.215,0.728
19-Mar,-0.659,-0.216,0.725
20-Mar,-0.656,-0.206,0.738
21-Mar,-0.659,-0.204,0.745
22-Mar,-0.681,-0.245,0.683
23-Mar,-0.674,-0.247,0.675
26-Mar,-0.661,-0.248,0.672
27-Mar,-0.668,-0.265,0.65
28-Mar,-0.664,-0.267,0.649
29-Mar,-0.673,-0.277,0.637
30-Mar,-0.673,-0.277,0.637
2-Apr,-0.673,-0.277,0.637
3-Apr,-0.662,-0.27,0.643
4-Apr,-0.66,-0.271,0.643
5-Apr,-0.648,-0.254,0.667
6-Apr,-0.659,-0.269,0.644
9-Apr,-0.649,-0.258,0.653
10-Apr,-0.641,-0.243,0.665
11-Apr,-0.644,-0.244,0.644
12-Apr,-0.652,-0.247,0.656
13-Apr,-0.659,-0.252,0.649
16-Apr,-0.654,-0.243,0.662
17-Apr,-0.654,-0.255,0.644
18-Apr,-0.643,-0.233,0.667
19-Apr,-0.632,-0.196,0.737
20-Apr,-0.638,-0.208,0.73
23-Apr,-0.632,-0.183,0.769
24-Apr,-0.629,-0.184,0.765
25-Apr,-0.632,-0.182,0.768
26-Apr,-0.638,-0.216,0.726
27-Apr,-0.645,-0.231,0.705
30-Apr,-0.651,-0.245,0.693
1-May,-0.651,-0.245,0.693
2-May,-0.643,-0.226,0.716
3-May,-0.651,-0.254,0.671
4-May,-0.639,-0.241,0.688
7-May,-0.638,-0.244,0.673
8-May,-0.636,-0.233,0.708
9-May,-0.64,-0.237,0.702
10-May,-0.643,-0.239,0.697
11-May,-0.643,-0.234,0.694
14-May,-0.623,-0.197,0.744
15-May,-0.617,-0.179,0.776
16-May,-0.636,-0.215,0.741
17-May,-0.619,-0.195,0.776
18-May,-0.642,-0.234,0.716
21-May,-0.661,-0.279,0.682
22-May,-0.638,-0.25,0.709
23-May,-0.639,-0.284,0.666
24-May,-0.647,-0.303,0.633
25-May,-0.664,-0.348,0.581
28-May,-0.655,-0.17,0.523
29-May,-0.715,-0.252,0.466
30-May,-0.617,-0.131,0.561
31-May,-0.628,-0.145,0.524
1-Jun,-0.602,-0.123,0.553
4-Jun,-0.594,-0.103,0.587
5-Jun,-0.625,-0.151,0.547
6-Jun,-0.573,-0.06,0.649
7-Jun,-0.589,-0.047,0.665
8-Jun,-0.624,-0.085,0.637
11-Jun,-0.604,-0.048,0.672
12-Jun,-0.602,-0.053,0.662
13-Jun,-0.602,-0.063,0.648
14-Jun,-0.643,-0.134,0.581
15-Jun,-0.643,-0.15,0.558
18-Jun,-0.643,-0.162,0.55
19-Jun,-0.651,-0.194,0.528
20-Jun,-0.661,-0.192,0.531
21-Jun,-0.691,-0.231,0.493
22-Jun,-0.684,-0.222,0.494
25-Jun,-0.695,-0.229,0.487
26-Jun,-0.681,-0.211,0.504
27-Jun,-0.687,-0.226,0.481
28-Jun,-0.684,-0.226,0.477
29-Jun,-0.678,-0.236,0.456
2-Jul,-0.69,-0.243,0.458
3-Jul,-0.678,-0.23,0.448
4-Jul,-0.664,-0.222,0.46
5-Jul,-0.658,-0.223,0.455
6-Jul,-0.667,-0.231,0.447
9-Jul,-0.663,-0.226,0.451
10-Jul,-0.653,-0.204,0.474
11-Jul,-0.649,-0.207,0.468
12-Jul,-0.656,-0.219,0.457
13-Jul,-0.659,-0.233,0.433
16-Jul,-0.655,-0.214,0.456
17-Jul,-0.663,-0.23,0.438
18-Jul,-0.663,-0.236,0.433
19-Jul,-0.662,-0.236,0.424
20-Jul,-0.652,-0.206,0.469
23-Jul,-0.634,-0.178,0.503
24-Jul,-0.642,-0.187,0.494
25-Jul,-0.632,-0.184,0.491
26-Jul,-0.634,-0.178,0.498
27-Jul,-0.633,-0.183,0.497
30-Jul,-0.62,-0.15,0.535
31-Jul,-0.606,-0.146,0.531
1-Aug,-0.584,-0.118,0.565
2-Aug,-0.595,-0.131,0.555
3-Aug,-0.614,-0.165,0.508
6-Aug,-0.618,-0.177,0.491
7-Aug,-0.612,-0.167,0.507
8-Aug,-0.628,-0.184,0.496
9-Aug,-0.643,-0.206,0.478
10-Aug,-0.66,-0.248,0.425
13-Aug,-0.655,-0.253,0.426
14-Aug,-0.648,-0.244,0.435
15-Aug,-0.654,-0.262,0.414
16-Aug,-0.644,-0.243,0.43
17-Aug,-0.656,-0.256,0.417
20-Aug,-0.65,-0.268,0.411
21-Aug,-0.629,-0.24,0.439
22-Aug,-0.616,-0.226,0.453
23-Aug,-0.615,-0.229,0.447
24-Aug,-0.615,-0.219,0.452
27-Aug,-0.596,-0.194,0.482
28-Aug,-0.593,-0.185,0.487
29-Aug,-0.585,-0.163,0.51
30-Aug,-0.615,-0.206,0.462
31-Aug,-0.616,-0.214,0.447
3-Sep,-0.615,-0.205,0.454
4-Sep,-0.603,-0.19,0.469
5-Sep,-0.578,-0.169,0.488
6-Sep,-0.591,-0.188,0.464
7-Sep,-0.574,-0.164,0.495
10-Sep,-0.563,-0.156,0.502
11-Sep,-0.557,-0.14,0.527
12-Sep,-0.564,-0.156,0.51
13-Sep,-0.563,-0.147,0.519
14-Sep,-0.558,-0.128,0.546
17-Sep,-0.555,-0.111,0.554
18-Sep,-0.547,-0.095,0.576
19-Sep,-0.55,-0.091,0.587
20-Sep,-0.556,-0.096,0.572
21-Sep,-0.565,-0.104,0.561
24-Sep,-0.537,-0.049,0.607
25-Sep,-0.532,-0.022,0.639
26-Sep,-0.531,-0.03,0.621
27-Sep,-0.531,-0.019,0.627
28-Sep,-0.561,-0.069,0.576
1-Oct,-0.581,-0.079,0.576
2-Oct,-0.601,-0.12,0.526
3-Oct,-0.571,-0.07,0.577
4-Oct,-0.556,-0.032,0.63
5-Oct,-0.553,-0.006,0.672
8-Oct,-0.58,-0.049,0.631
9-Oct,-0.565,-0.027,0.655
10-Oct,-0.566,-0.024,0.662
11-Oct,-0.585,-0.047,0.631
12-Oct,-0.601,-0.071,0.613
15-Oct,-0.61,-0.073,0.618
16-Oct,-0.605,-0.079,0.607
17-Oct,-0.62,-0.104,0.582
18-Oct,-0.66,-0.148,0.544
19-Oct,-0.624,-0.095,0.593
22-Oct,-0.634,-0.11,0.58
23-Oct,-0.651,-0.14,0.539
24-Oct,-0.672,-0.158,0.528
25-Oct,-0.669,-0.153,0.53
26-Oct,-0.687,-0.185,0.489
29-Oct,-0.682,-0.172,0.508
30-Oct,-0.683,-0.177,0.502
31-Oct,-0.677,-0.164,0.515
1-Nov,-0.676,-0.165,0.518
2-Nov,-0.672,-0.155,0.541
5-Nov,-0.666,-0.153,0.541
6-Nov,-0.658,-0.144,0.554
7-Nov,-0.645,-0.128,0.568
8-Nov,-0.642,-0.121,0.58
9-Nov,-0.661,-0.156,0.536
12-Nov,-0.667,-0.167,0.531
13-Nov,-0.657,-0.156,0.541
14-Nov,-0.661,-0.17,0.529
15-Nov,-0.678,-0.203,0.493
16-Nov,-0.673,-0.198,0.5
19-Nov,-0.672,-0.189,0.509
20-Nov,-0.675,-0.201,0.498
21-Nov,-0.658,-0.182,0.523
22-Nov,-0.653,-0.183,0.517
23-Nov,-0.657,-0.202,0.488
26-Nov,-0.646,-0.192,0.503
27-Nov,-0.654,-0.212,0.486
28-Nov,-0.648,-0.214,0.484
29-Nov,-0.656,-0.241,0.453
30-Nov,-0.655,-0.249,0.442
3-Dec,-0.662,-0.255,0.437
4-Dec,-0.671,-0.28,0.401
5-Dec,-0.662,-0.266,0.414
6-Dec,-0.676,-0.291,0.381
7-Dec,-0.654,-0.272,0.399
10-Dec,-0.632,-0.253,0.4
11-Dec,-0.653,-0.263,0.39
12-Dec,-0.622,-0.223,0.429
13-Dec,-0.638,-0.243,0.431
14-Dec,-0.668,-0.279,0.406
17-Dec,-0.669,-0.27,0.411
18-Dec,-0.664,-0.27,0.399
19-Dec,-0.668,-0.276,0.391
20-Dec,-0.669,-0.282,0.375
21-Dec,-0.683,-0.277,0.393
24-Dec,-0.69,-0.278,0.393
25-Dec,-0.69,-0.278,0.393
26-Dec,-0.69,-0.278,0.393
27-Dec,-0.705,-0.302,0.372
28-Dec,-0.699,-0.291,0.383
31-Dec,-0.706,-0.292,0.383
1-Jan,-0.706,-0.292,0.383
2-Jan,-0.689,-0.325,0.316
3-Jan,-0.686,-0.337,0.306
4-Jan,-0.658,-0.301,0.353
7-Jan,-0.65,-0.294,0.367
8-Jan,-0.638,-0.291,0.372
9-Jan,-0.639,-0.299,0.365
10-Jan,-0.637,-0.316,0.343
11-Jan,-0.633,-0.319,0.332
14-Jan,-0.638,-0.331,0.327
15-Jan,-0.651,-0.355,0.309
16-Jan,-0.635,-0.332,0.327
17-Jan,-0.627,-0.317,0.343
18-Jan,-0.621,-0.305,0.36
21-Jan,-0.619,-0.311,0.354
22-Jan,-0.618,-0.323,0.34
23-Jan,-0.614,-0.322,0.327
24-Jan,-0.613,-0.342,0.279
25-Jan,-0.609,-0.326,0.29
28-Jan,-0.61,-0.311,0.3
29-Jan,-0.604,-0.309,0.298
30-Jan,-0.604,-0.307,0.291
31-Jan,-0.596,-0.33,0.249
1-Feb,-0.607,-0.333,0.267
4-Feb,-0.595,-0.317,0.281
5-Feb,-0.585,-0.311,0.279
6-Feb,-0.576,-0.309,0.266
7-Feb,-0.584,-0.353,0.221
8-Feb,-0.583,-0.366,0.195
11-Feb,-0.569,-0.348,0.226
12-Feb,-0.575,-0.342,0.228
13-Feb,-0.571,-0.341,0.22
14-Feb,-0.569,-0.346,0.206
15-Feb,-0.57,-0.348,0.206
18-Feb,-0.581,-0.349,0.212
19-Feb,-0.587,-0.349,0.207
20-Feb,-0.584,-0.35,0.202
21-Feb,-0.567,-0.32,0.23
22-Feb,-0.574,-0.342,0.202
25-Feb,-0.566,-0.327,0.216
26-Feb,-0.565,-0.322,0.227
27-Feb,-0.557,-0.298,0.257
28-Feb,-0.545,-0.275,0.285
1-Mar,-0.54,-0.272,0.283
4-Mar,-0.545,-0.286,0.258
5-Mar,-0.544,-0.277,0.268
6-Mar,-0.558,-0.309,0.223
7-Mar,-0.588,-0.354,0.155
8-Mar,-0.572,-0.335,0.153
11-Mar,-0.57,-0.34,0.153
12-Mar,-0.575,-0.345,0.144
13-Mar,-0.578,-0.344,0.152
14-Mar,-0.57,-0.335,0.17
15-Mar,-0.566,-0.332,0.171
18-Mar,-0.56,-0.327,0.169
19-Mar,-0.555,-0.322,0.183
20-Mar,-0.552,-0.323,0.174
21-Mar,-0.566,-0.352,0.131
22-Mar,-0.578,-0.385,0.075
25-Mar,-0.576,-0.385,0.065
26-Mar,-0.574,-0.377,0.078
27-Mar,-0.609,-0.439,0.017
28-Mar,-0.599,-0.425,0.027
29-Mar,-0.604,-0.442,0.027
1-Apr,-0.603,-0.417,0.074
2-Apr,-0.607,-0.437,0.05
3-Apr,-0.592,-0.395,0.101
4-Apr,-0.591,-0.403,0.082
5-Apr,-0.587,-0.397,0.093
8-Apr,-0.589,-0.397,0.092
9-Apr,-0.585,-0.405,0.077
10-Apr,-0.591,-0.425,0.061
11-Apr,-0.583,-0.416,0.069
12-Apr,-0.573,-0.377,0.132
15-Apr,-0.571,-0.376,0.136
16-Apr,-0.573,-0.375,0.143
17-Apr,-0.571,-0.368,0.254
18-Apr,-0.58,-0.394,0.197
19-Apr,-0.579,-0.394,0.197
22-Apr,-0.579,-0.394,0.197
23-Apr,-0.578,-0.387,0.215
24-Apr,-0.591,-0.421,0.166
25-Apr,-0.59,-0.422,0.172
26-Apr,-0.592,-0.43,0.16
29-Apr,-0.579,-0.408,0.181
30-Apr,-0.58,-0.404,0.187
1-May,-0.58,-0.404,0.187
2-May,-0.582,-0.403,0.2
3-May,-0.584,-0.407,0.194
6-May,-0.588,-0.419,0.175
7-May,-0.593,-0.447,0.136
8-May,-0.595,-0.45,0.136
9-May,-0.601,-0.454,0.141
10-May,-0.591,-0.448,0.141
13-May,-0.6,-0.459,0.119
14-May,-0.599,-0.463,0.123
15-May,-0.606,-0.482,0.097
16-May,-0.608,-0.48,0.099
17-May,-0.6,-0.486,0.085
20-May,-0.592,-0.48,0.104
21-May,-0.579,-0.461,0.131
22-May,-0.578,-0.475,0.109
23-May,-0.584,-0.497,0.073
24-May,-0.587,-0.493,0.071
27-May,-0.594,-0.511,0.045
28-May,-0.591,-0.522,0.031
29-May,-0.595,-0.531,0.01
30-May,-0.596,-0.53,0.014
31-May,-0.616,-0.548,-0.013
3-Jun,-0.603,-0.541,-0.015
4-Jun,-0.605,-0.543,-0.026
5-Jun,-0.625,-0.572,-0.044
6-Jun,-0.604,-0.551,-0.064
7-Jun,-0.625,-0.569,-0.094
10-Jun,-0.619,-0.558,-0.041
11-Jun,-0.61,-0.558,-0.054
12-Jun,-0.618,-0.564,-0.061
13-Jun,-0.619,-0.561,-0.066
14-Jun,-0.631,-0.574,-0.081
17-Jun,-0.628,-0.572,-0.076
18-Jun,-0.684,-0.655,-0.162
19-Jun,-0.664,-0.615,-0.124
20-Jun,-0.684,-0.639,-0.153
21-Jun,-0.666,-0.611,-0.115
24-Jun,-0.675,-0.628,-0.138
25-Jun,-0.672,-0.639,-0.16
26-Jun,-0.649,-0.623,-0.132
27-Jun,-0.657,-0.638,-0.15
28-Jun,-0.665,-0.651,-0.16
1-Jul,-0.669,-0.669,-0.192
2-Jul,-0.678,-0.674,-0.202
3-Jul,-0.678,-0.676,-0.229
4-Jul,-0.687,-0.689,-0.247
5-Jul,-0.673,-0.673,-0.209
8-Jul,-0.67,-0.664,-0.208
9-Jul,-0.663,-0.659,-0.198
10-Jul,-0.715,-0.555,-0.15
11-Jul,-0.714,-0.533,-0.113
12-Jul,-0.712,-0.519,-0.088
15-Jul,-0.721,-0.545,-0.13
16-Jul,-0.722,-0.542,-0.128
17-Jul,-0.737,-0.582,-0.173
18-Jul,-0.741,-0.597,-0.193
19-Jul,-0.76,-0.616,-0.209
22-Jul,-0.765,-0.633,-0.231
23-Jul,-0.764,-0.636,-0.237
24-Jul,-0.77,-0.648,-0.262
25-Jul,-0.752,-0.637,-0.247
26-Jul,-0.746,-0.639,-0.263
29-Jul,-0.762,-0.649,-0.283
30-Jul,-0.759,-0.649,-0.291
31-Jul,-0.776,-0.676,-0.329
1-Aug,-0.769,-0.675,-0.335
2-Aug,-0.782,-0.696,-0.381
5-Aug,-0.806,-0.715,-0.398
6-Aug,-0.809,-0.733,-0.425
7-Aug,-0.847,-0.781,-0.478
8-Aug,-0.841,-0.778,-0.456
9-Aug,-0.847,-0.77,-0.458
12-Aug,-0.861,-0.785,-0.471
13-Aug,-0.857,-0.791,-0.491
14-Aug,-0.851,-0.805,-0.532
15-Aug,-0.89,-0.851,-0.594
16-Aug,-0.889,-0.837,-0.567
19-Aug,-0.873,-0.824,-0.529
20-Aug,-0.883,-0.843,-0.564
21-Aug,-0.864,-0.812,-0.543
22-Aug,-0.841,-0.791,-0.511
23-Aug,-0.869,-0.817,-0.54
26-Aug,-0.87,-0.808,-0.532
27-Aug,-0.863,-0.817,-0.56
28-Aug,-0.864,-0.822,-0.575
29-Aug,-0.881,-0.818,-0.544
30-Aug,-0.897,-0.825,-0.551
2-Sep,-0.901,-0.84,-0.556
3-Sep,-0.892,-0.839,-0.56
4-Sep,-0.872,-0.83,-0.53
5-Sep,-0.851,-0.789,-0.451
6-Sep,-0.851,-0.806,-0.498
9-Sep,-0.838,-0.779,-0.441
10-Sep,-0.823,-0.749,-0.41
11-Sep,-0.822,-0.755,-0.422
12-Sep,-0.712,-0.66,-0.384
13-Sep,-0.703,-0.626,-0.319
16-Sep,-0.723,-0.652,-0.35
17-Sep,-0.712,-0.637,-0.336
18-Sep,-0.73,-0.653,-0.374
19-Sep,-0.723,-0.645,-0.369
20-Sep,-0.719,-0.644,-0.381
23-Sep,-0.743,-0.684,-0.439
24-Sep,-0.735,-0.69,-0.453
25-Sep,-0.738,-0.678,-0.426
26-Sep,-0.755,-0.69,-0.438
27-Sep,-0.773,-0.703,-0.43
30-Sep,-0.772,-0.704,-0.429
1-Oct,-0.773,-0.707,-0.426
2-Oct,-0.762,-0.695,-0.408
3-Oct,-0.769,-0.723,-0.448
4-Oct,-0.773,-0.725,-0.447
7-Oct,-0.763,-0.715,-0.434
8-Oct,-0.78,-0.729,-0.455
9-Oct,-0.748,-0.69,-0.411
10-Oct,-0.705,-0.624,-0.333
11-Oct,-0.716,-0.627,-0.313
14-Oct,-0.694,-0.616,-0.323
15-Oct,-0.681,-0.591,-0.289
16-Oct,-0.67,-0.572,-0.264
17-Oct,-0.665,-0.572,-0.283
18-Oct,-0.662,-0.554,-0.255
21-Oct,-0.66,-0.542,-0.217
22-Oct,-0.652,-0.544,-0.237
23-Oct,-0.655,-0.554,-0.261
24-Oct,-0.665,-0.568,-0.275
25-Oct,-0.648,-0.542,-0.233
28-Oct,-0.642,-0.53,-0.203
29-Oct,-0.632,-0.526,-0.222
30-Oct,-0.629,-0.529,-0.224
31-Oct,-0.662,-0.577,-0.277
1-Nov,-0.654,-0.57,-0.25
4-Nov,-0.654,-0.555,-0.218
5-Nov,-0.641,-0.527,-0.183
6-Nov,-0.643,-0.536,-0.208
7-Nov,-0.616,-0.462,-0.11
8-Nov,-0.622,-0.48,-0.135
11-Nov,-0.621,-0.47,-0.116
12-Nov,-0.63,-0.479,-0.131
13-Nov,-0.639,-0.499,-0.167
14-Nov,-0.653,-0.533,-0.21
15-Nov,-0.649,-0.521,-0.195
18-Nov,-0.638,-0.512,-0.198
19-Nov,-0.645,-0.515,-0.2
20-Nov,-0.647,-0.518,-0.206
21-Nov,-0.633,-0.512,-0.185
22-Nov,-0.642,-0.537,-0.217
25-Nov,-0.635,-0.531,-0.206
26-Nov,-0.638,-0.545,-0.229
27-Nov,-0.64,-0.544,-0.235
28-Nov,-0.635,-0.538,-0.221
29-Nov,-0.636,-0.537,-0.223
2-Dec,-0.629,-0.485,-0.146
3-Dec,-0.653,-0.543,-0.217
4-Dec,-0.637,-0.527,-0.187
5-Dec,-0.633,-0.509,-0.166
6-Dec,-0.633,-0.498,-0.154
9-Dec,-0.643,-0.52,-0.175
10-Dec,-0.638,-0.513,-0.163
11-Dec,-0.645,-0.529,-0.19
12-Dec,-0.635,-0.49,-0.141
13-Dec,-0.629,-0.493,-0.164
16-Dec,-0.633,-0.495,-0.152
17-Dec,-0.644,-0.505,-0.168
18-Dec,-0.641,-0.479,-0.125
19-Dec,-0.637,-0.47,-0.11
20-Dec,-0.641,-0.483,-0.124
23-Dec,-0.649,-0.477,-0.111
24-Dec,-0.669,-0.481,-0.112
25-Dec,-0.669,-0.481,-0.112
26-Dec,-0.669,-0.481,-0.112
27-Dec,-0.638,-0.48,-0.122
30-Dec,-0.614,-0.43,-0.06
31-Dec,-0.614,-0.43,-0.06
1-Jan,-0.621,-0.431,-0.06
2-Jan,-0.614,-0.463,-0.099
3-Jan,-0.632,-0.507,-0.156
6-Jan,-0.631,-0.51,-0.161
7-Jan,-0.634,-0.512,-0.159
8-Jan,-0.62,-0.478,-0.122
9-Jan,-0.603,-0.451,-0.1
10-Jan,-0.607,-0.466,-0.121
13-Jan,-0.596,-0.443,-0.082
14-Jan,-0.595,-0.446,-0.094
15-Jan,-0.603,-0.463,-0.118
16-Jan,-0.601,-0.475,-0.133
17-Jan,-0.6,-0.469,-0.127
20-Jan,-0.598,-0.468,-0.13
21-Jan,-0.592,-0.48,-0.16
22-Jan,-0.597,-0.486,-0.172
23-Jan,-0.61,-0.515,-0.219
24-Jan,-0.619,-0.53,-0.242
27-Jan,-0.631,-0.562,-0.292
28-Jan,-0.629,-0.537,-0.248
29-Jan,-0.641,-0.562,-0.283
30-Jan,-0.655,-0.585,-0.311
31-Jan,-0.663,-0.605,-0.338
3-Feb,-0.665,-0.612,-0.344
4-Feb,-0.64,-0.581,-0.301
5-Feb,-0.634,-0.556,-0.264
6-Feb,-0.622,-0.558,-0.274
7-Feb,-0.628,-0.569,-0.29
10-Feb,-0.626,-0.58,-0.314
11-Feb,-0.626,-0.575,-0.298
12-Feb,-0.621,-0.571,-0.288
13-Feb,-0.631,-0.577,-0.301
14-Feb,-0.642,-0.592,-0.317
17-Feb,-0.638,-0.588,-0.316
18-Feb,-0.635,-0.589,-0.323
19-Feb,-0.633,-0.596,-0.334
20-Feb,-0.632,-0.601,-0.358
21-Feb,-0.63,-0.586,-0.346
24-Feb,-0.665,-0.623,-0.385
25-Feb,-0.678,-0.641,-0.41
26-Feb,-0.682,-0.645,-0.401
27-Feb,-0.703,-0.671,-0.429
28-Feb,-0.724,-0.702,-0.482
2-Mar,-0.768,-0.735,-0.493
3-Mar,-0.76,-0.739,-0.5
4-Mar,-0.789,-0.765,-0.517
5-Mar,-0.798,-0.786,-0.549
6-Mar,-0.786,-0.789,-0.557
9-Mar,-0.893,-0.868,-0.652
10-Mar,-0.835,-0.816,-0.576
11-Mar,-0.833,-0.798,-0.483
12-Mar,-0.828,-0.761,-0.443
13-Mar,-0.758,-0.624,-0.25
16-Mar,-0.763,-0.565,-0.138
17-Mar,-0.717,-0.511,-0.102
18-Mar,-0.635,-0.375,0.076
19-Mar,-0.572,-0.331,0.06
20-Mar,-0.579,-0.438,-0.08
23-Mar,-0.603,-0.473,-0.122
24-Mar,-0.555,-0.421,-0.06
25-Mar,-0.529,-0.383,0.01
26-Mar,-0.581,-0.496,-0.123
27-Mar,-0.655,-0.602,-0.231
30-Mar,-0.67,-0.61,-0.247
31-Mar,-0.662,-0.596,-0.229
1-Apr,-0.607,-0.531,-0.208
2-Apr,-0.596,-0.51,-0.168
3-Apr,-0.602,-0.504,-0.169
6-Apr,-0.583,-0.496,-0.154
7-Apr,-0.547,-0.416,-0.046
8-Apr,-0.534,-0.418,-0.034
9-Apr,-0.558,-0.465,-0.086
10-Apr,-0.558,-0.465,-0.086
13-Apr,-0.558,-0.465,-0.086
14-Apr,-0.582,-0.49,-0.101
15-Apr,-0.583,-0.529,-0.164
16-Apr,-0.567,-0.531,-0.175
17-Apr,-0.576,-0.536,-0.179
20-Apr,-0.549,-0.503,-0.148
21-Apr,-0.561,-0.523,-0.175
22-Apr,-0.537,-0.469,-0.104
23-Apr,-0.546,-0.493,-0.137
24-Apr,-0.582,-0.549,-0.193
27-Apr,-0.555,-0.53,-0.189
28-Apr,-0.582,-0.559,-0.213
29-Apr,-0.593,-0.579,-0.241
30-Apr,-0.644,-0.667,-0.316
1-May,-0.644,-0.667,-0.316
4-May,-0.602,-0.648,-0.29
5-May,-0.594,-0.673,-0.3
6-May,-0.553,-0.609,-0.228
7-May,-0.561,-0.637,-0.263
8-May,-0.562,-0.648,-0.266
11-May,-0.527,-0.623,-0.234
12-May,-0.536,-0.617,-0.245
13-May,-0.554,-0.634,-0.275
14-May,-0.55,-0.635,-0.284
15-May,-0.546,-0.62,-0.269
18-May,-0.511,-0.558,-0.211
19-May,-0.539,-0.557,-0.232
20-May,-0.555,-0.565,-0.247
21-May,-0.568,-0.579,-0.264
22-May,-0.565,-0.562,-0.253
25-May,-0.564,-0.57,-0.257
26-May,-0.525,-0.517,-0.199
27-May,-0.538,-0.526,-0.197
28-May,-0.547,-0.55,-0.219
29-May,-0.568,-0.581,-0.248
1-Jun,-0.578,-0.561,-0.201
2-Jun,-0.574,-0.564,-0.216
3-Jun,-0.551,-0.521,-0.152
4-Jun,-0.536,-0.527,-0.147
5-Jun,-0.534,-0.499,-0.105
8-Jun,-0.561,-0.535,-0.148
9-Jun,-0.556,-0.519,-0.129
10-Jun,-0.554,-0.515,-0.138
11-Jun,-0.579,-0.573,-0.21
12-Jun,-0.596,-0.593,-0.239
15-Jun,-0.589,-0.589,-0.247
16-Jun,-0.584,-0.586,-0.239
17-Jun,-0.586,-0.592,-0.233
18-Jun,-0.58,-0.593,-0.249
19-Jun,-0.594,-0.603,-0.262
22-Jun,-0.605,-0.628,-0.284
23-Jun,-0.584,-0.602,-0.254
24-Jun,-0.589,-0.609,-0.286
25-Jun,-0.595,-0.625,-0.306
26-Jun,-0.613,-0.636,-0.319
29-Jun,-0.603,-0.627,-0.31
30-Jun,-0.602,-0.626,-0.302
1-Jul,-0.568,-0.576,-0.246
2-Jul,-0.597,-0.615,-0.289
3-Jul,-0.606,-0.62,-0.291
6-Jul,-0.605,-0.618,-0.291
7-Jul,-0.595,-0.604,-0.289
8-Jul,-0.593,-0.608,-0.299
9-Jul,-0.602,-0.624,-0.32
10-Jul,-0.608,-0.63,-0.323
13-Jul,-0.581,-0.59,-0.277
14-Jul,-0.594,-0.612,-0.309
15-Jul,-0.6,-0.618,-0.309
16-Jul,-0.605,-0.64,-0.33
17-Jul,-0.602,-0.627,-0.315
20-Jul,-0.599,-0.642,-0.335
21-Jul,-0.61,-0.635,-0.335
22-Jul,-0.62,-0.661,-0.363
23-Jul,-0.617,-0.65,-0.354
24-Jul,-0.602,-0.621,-0.325
27-Jul,-0.608,-0.652,-0.369
28-Jul,-0.671,-0.641,-0.382
29-Jul,-0.666,-0.631,-0.374
30-Jul,-0.675,-0.664,-0.414
31-Jul,-0.657,-0.647,-0.394
3-Aug,-0.647,-0.64,-0.394
4-Aug,-0.659,-0.667,-0.427
5-Aug,-0.646,-0.632,-0.383
6-Aug,-0.647,-0.65,-0.411
7-Aug,-0.634,-0.632,-0.393
10-Aug,-0.658,-0.657,-0.416
11-Aug,-0.633,-0.623,-0.367
12-Aug,-0.627,-0.609,-0.339
13-Aug,-0.608,-0.577,-0.298
14-Aug,-0.612,-0.581,-0.3
17-Aug,-0.621,-0.603,-0.329
18-Aug,-0.624,-0.611,-0.338
19-Aug,-0.632,-0.625,-0.352
20-Aug,-0.642,-0.639,-0.375
21-Aug,-0.646,-0.645,-0.383
24-Aug,-0.636,-0.631,-0.368
25-Aug,-0.613,-0.591,-0.314
26-Aug,-0.606,-0.582,-0.304
27-Aug,-0.612,-0.585,-0.295
28-Aug,-0.62,-0.592,-0.301
31-Aug,-0.61,-0.573,-0.288
1-Sep,-0.633,-0.602,-0.311
2-Sep,-0.664,-0.641,-0.36
3-Sep,-0.676,-0.647,-0.376
4-Sep,-0.674,-0.637,-0.359
7-Sep,-0.661,-0.63,-0.351
8-Sep,-0.667,-0.646,-0.38
9-Sep,-0.654,-0.619,-0.348
10-Sep,-0.629,-0.587,-0.32
11-Sep,-0.652,-0.631,-0.367
14-Sep,-0.655,-0.63,-0.369
15-Sep,-0.647,-0.622,-0.369
16-Sep,-0.646,-0.62,-0.379
17-Sep,-0.657,-0.635,-0.385
18-Sep,-0.654,-0.633,-0.382
21-Sep,-0.682,-0.671,-0.421
22-Sep,-0.67,-0.652,-0.394
23-Sep,-0.663,-0.648,-0.393
24-Sep,-0.657,-0.639,-0.389
25-Sep,-0.668,-0.655,-0.414
28-Sep,-0.665,-0.655,-0.411
29-Sep,-0.668,-0.668,-0.428
30-Sep,-0.664,-0.653,-0.409
1-Oct,-0.671,-0.666,-0.425
2-Oct,-0.68,-0.671,-0.428
5-Oct,-0.671,-0.658,-0.41
6-Oct,-0.671,-0.657,-0.411
7-Oct,-0.665,-0.648,-0.396
8-Oct,-0.681,-0.673,-0.425
9-Oct,-0.687,-0.684,-0.433
12-Oct,-0.699,-0.691,-0.45
13-Oct,-0.704,-0.7,-0.46
14-Oct,-0.714,-0.714,-0.483
15-Oct,-0.729,-0.73,-0.506
16-Oct,-0.737,-0.735,-0.517
19-Oct,-0.746,-0.747,-0.522
20-Oct,-0.741,-0.734,-0.503
21-Oct,-0.734,-0.721,-0.483
22-Oct,-0.723,-0.705,-0.464
23-Oct,-0.72,-0.705,-0.472
26-Oct,-0.721,-0.705,-0.474
27-Oct,-0.74,-0.733,-0.505
28-Oct,-0.753,-0.741,-0.51
29-Oct,-0.772,-0.757,-0.523
30-Oct,-0.766,-0.746,-0.514
2-Nov,-0.775,-0.756,-0.526
3-Nov,-0.769,-0.742,-0.507
4-Nov,-0.777,-0.758,-0.532
5-Nov,-0.768,-0.753,-0.536
6-Nov,-0.769,-0.746,-0.522
9-Nov,-0.726,-0.679,-0.42
10-Nov,-0.71,-0.654,-0.396
11-Nov,-0.712,-0.667,-0.417
12-Nov,-0.723,-0.686,-0.447
13-Nov,-0.728,-0.696,-0.458
16-Nov,-0.725,-0.69,-0.458
17-Nov,-0.726,-0.701,-0.482
18-Nov,-0.727,-0.695,-0.472
19-Nov,-0.732,-0.707,-0.491
20-Nov,-0.749,-0.721,-0.503
23-Nov,-0.749,-0.722,-0.499
24-Nov,-0.741,-0.706,-0.48
25-Nov,-0.743,-0.712,-0.484
26-Nov,-0.746,-0.72,-0.505
27-Nov,-0.74,-0.721,-0.505
30-Nov,-0.729,-0.701,-0.487
1-Dec,-0.704,-0.668,-0.444
2-Dec,-0.705,-0.664,-0.435
3-Dec,-0.725,-0.702,-0.474
4-Dec,-0.732,-0.703,-0.469
7-Dec,-0.75,-0.73,-0.503
8-Dec,-0.766,-0.75,-0.527
9-Dec,-0.761,-0.75,-0.526
10-Dec,-0.754,-0.746,-0.522
11-Dec,-0.766,-0.77,-0.553
14-Dec,-0.76,-0.757,-0.535
15-Dec,-0.752,-0.75,-0.529
16-Dec,-0.727,-0.722,-0.491
17-Dec,-0.727,-0.721,-0.492
18-Dec,-0.726,-0.724,-0.493
21-Dec,-0.738,-0.729,-0.5
22-Dec,-0.736,-0.736,-0.515
23-Dec,-0.715,-0.696,-0.468
24-Dec,-0.72,-0.696,-0.468
25-Dec,-0.72,-0.696,-0.468
28-Dec,-0.716,-0.708,-0.486
29-Dec,-0.733,-0.719,-0.493
30-Dec,-0.724,-0.712,-0.49
31-Dec,-0.729,-0.712,-0.49
1-Jan,-0.729,-0.712,-0.49
4-Jan,-0.724,-0.735,-0.528
5-Jan,-0.724,-0.729,-0.501
6-Jan,-0.718,-0.71,-0.484
7-Jan,-0.72,-0.714,-0.482
8-Jan,-0.72,-0.71,-0.475
11-Jan,-0.714,-0.697,-0.449
12-Jan,-0.705,-0.67,-0.42
13-Jan,-0.717,-0.704,-0.469
14-Jan,-0.736,-0.734,-0.494
15-Jan,-0.729,-0.726,-0.485
18-Jan,-0.722,-0.715,-0.466
19-Jan,-0.716,-0.707,-0.465
20-Jan,-0.718,-0.702,-0.466
21-Jan,-0.706,-0.684,-0.433
22-Jan,-0.712,-0.691,-0.446
25-Jan,-0.719,-0.723,-0.488
26-Jan,-0.71,-0.708,-0.47
27-Jan,-0.731,-0.726,-0.481
28-Jan,-0.729,-0.721,-0.472
29-Jan,-0.711,-0.705,-0.453
1-Feb,-0.703,-0.695,-0.449
2-Feb,-0.687,-0.674,-0.422
3-Feb,-0.681,-0.66,-0.399
4-Feb,-0.683,-0.661,-0.393
5-Feb,-0.682,-0.658,-0.389
8-Feb,-0.684,-0.654,-0.39
9-Feb,-0.686,-0.658,-0.389
10-Feb,-0.694,-0.658,-0.312
11-Feb,-0.694,-0.672,-0.33
12-Feb,-0.684,-0.655,-0.299
15-Feb,-0.676,-0.625,-0.253
16-Feb,-0.669,-0.609,-0.222
17-Feb,-0.67,-0.616,-0.234
18-Feb,-0.66,-0.592,-0.208
19-Feb,-0.658,-0.583,-0.168
22-Feb,-0.662,-0.604,-0.205
23-Feb,-0.658,-0.584,-0.179
24-Feb,-0.656,-0.577,-0.164
25-Feb,-0.63,-0.521,-0.094
26-Feb,-0.637,-0.551,-0.13
1-Mar,-0.66,-0.619,-0.21
2-Mar,-0.67,-0.634,-0.228
3-Mar,-0.659,-0.588,-0.162
4-Mar,-0.668,-0.601,-0.184
5-Mar,-0.667,-0.59,-0.168
8-Mar,-0.653,-0.573,-0.155
9-Mar,-0.653,-0.59,-0.177
10-Mar,-0.652,-0.598,-0.181
11-Mar,-0.659,-0.621,-0.208
12-Mar,-0.66,-0.614,-0.184
15-Mar,-0.684,-0.644,-0.209
16-Mar,-0.679,-0.643,-0.205
17-Mar,-0.668,-0.619,-0.155
18-Mar,-0.666,-0.61,-0.134
19-Mar,-0.677,-0.633,-0.161
22-Mar,-0.678,-0.638,-0.175
23-Mar,-0.684,-0.654,-0.202
24-Mar,-0.691,-0.662,-0.217
25-Mar,-0.692,-0.674,-0.247
26-Mar,-0.693,-0.663,-0.211
29-Mar,-0.687,-0.643,-0.184
30-Mar,-0.671,-0.616,-0.149
31-Mar,-0.669,-0.626,-0.155
1-Apr,-0.685,-0.651,-0.192
2-Apr,-0.685,-0.651,-0.192
5-Apr,-0.685,-0.651,-0.192
6-Apr,-0.68,-0.644,-0.176
7-Apr,-0.684,-0.655,-0.182
8-Apr,-0.691,-0.667,-0.194
9-Apr,-0.68,-0.634,-0.155
12-Apr,-0.686,-0.628,-0.146
13-Apr,-0.682,-0.629,-0.146
14-Apr,-0.673,-0.605,-0.115
15-Apr,-0.68,-0.63,-0.15
16-Apr,-0.672,-0.61,-0.127
19-Apr,-0.665,-0.585,-0.098
20-Apr,-0.676,-0.608,-0.12
21-Apr,-0.681,-0.61,-0.124
22-Apr,-0.679,-0.603,-0.116
23-Apr,-0.681,-0.611,-0.122
26-Apr,-0.683,-0.607,-0.116
27-Apr,-0.679,-0.605,-0.111
28-Apr,-0.674,-0.592,-0.09
29-Apr,-0.693,-0.484,-0.051
30-Apr,-0.703,-0.494,-0.055
3-May,-0.709,-0.504,-0.06
4-May,-0.717,-0.522,-0.089
5-May,-0.715,-0.519,-0.084
6-May,-0.717,-0.514,-0.08
7-May,-0.709,-0.492,-0.065
10-May,-0.711,-0.504,-0.066
11-May,-0.691,-0.457,-0.013
12-May,-0.677,-0.425,0.024
13-May,-0.672,-0.415,0.035
14-May,-0.676,-0.422,0.028
17-May,-0.67,-0.414,0.044
18-May,-0.667,-0.414,0.056
19-May,-0.67,-0.417,0.05
20-May,-0.673,-0.425,0.043
21-May,-0.688,-0.451,0.022
24-May,-0.688,-0.455,0.014
25-May,-0.693,-0.486,-0.017
26-May,-0.706,-0.515,-0.057
27-May,-0.703,-0.494,-0.026
28-May,-0.706,-0.502,-0.038
31-May,-0.707,-0.494,-0.044
1-Jun,-0.702,-0.493,-0.037
2-Jun,-0.708,-0.511,-0.058
3-Jun,-0.712,-0.51,-0.043
4-Jun,-0.717,-0.528,-0.071
7-Jun,-0.704,-0.509,-0.05
8-Jun,-0.711,-0.526,-0.077
9-Jun,-0.718,-0.54,-0.098
10-Jun,-0.726,-0.554,-0.111
11-Jun,-0.725,-0.56,-0.128
14-Jun,-0.713,-0.539,-0.1
15-Jun,-0.713,-0.525,-0.079
16-Jun,-0.717,-0.536,-0.096
17-Jun,-0.705,-0.509,-0.081
18-Jun,-0.692,-0.497,-0.08
21-Jun,-0.686,-0.483,-0.054
22-Jun,-0.688,-0.484,-0.047
23-Jun,-0.701,-0.49,-0.06
24-Jun,-0.697,-0.493,-0.066
25-Jun,-0.693,-0.476,-0.029
28-Jun,-0.701,-0.5,-0.066
29-Jun,-0.698,-0.488,-0.048
30-Jun,-0.705,-0.52,-0.096
1-Jul,-0.712,-0.524,-0.094
2-Jul,-0.712,-0.547,-0.126
5-Jul,-0.704,-0.529,-0.104
6-Jul,-0.718,-0.574,-0.164
7-Jul,-0.715,-0.587,-0.185
8-Jul,-0.717,-0.588,-0.188
9-Jul,-0.713,-0.585,-0.176
12-Jul,-0.711,-0.585,-0.18
13-Jul,-0.708,-0.588,-0.181
14-Jul,-0.717,-0.603,-0.207
15-Jul,-0.715,-0.606,-0.221
16-Jul,-0.721,-0.615,-0.239
19-Jul,-0.732,-0.629,-0.268
20-Jul,-0.754,-0.656,-0.288
21-Jul,-0.755,-0.645,-0.27
22-Jul,-0.765,-0.669,-0.299
23-Jul,-0.772,-0.673,-0.296
26-Jul,-0.773,-0.677,-0.292
27-Jul,-0.797,-0.693,-0.314
28-Jul,-0.807,-0.707,-0.313
29-Jul,-0.813,-0.71,-0.319
30-Jul,-0.818,-0.722,-0.332
2-Aug,-0.825,-0.74,-0.365
3-Aug,-0.819,-0.736,-0.362
4-Aug,-0.831,-0.753,-0.38
5-Aug,-0.823,-0.747,-0.381
6-Aug,-0.798,-0.719,-0.341
9-Aug,-0.794,-0.714,-0.344
10-Aug,-0.793,-0.711,-0.34
11-Aug,-0.795,-0.711,-0.344
12-Aug,-0.793,-0.706,-0.339
13-Aug,-0.785,-0.706,-0.347
16-Aug,-0.784,-0.705,-0.346
17-Aug,-0.783,-0.703,-0.345
18-Aug,-0.786,-0.71,-0.354
19-Aug,-0.793,-0.717,-0.36
20-Aug,-0.8,-0.725,-0.368
23-Aug,-0.792,-0.716,-0.355
24-Aug,-0.791,-0.711,-0.355
25-Aug,-0.78,-0.677,-0.3
26-Aug,-0.776,-0.662,-0.281
27-Aug,-0.778,-0.674,-0.297
30-Aug,-0.781,-0.681,-0.313
31-Aug,-0.756,-0.647,-0.26
1-Sep,-0.756,-0.652,-0.254
2-Sep,-0.76,-0.662,-0.266
3-Sep,-0.752,-0.645,-0.244
6-Sep,-0.756,-0.643,-0.251
7-Sep,-0.737,-0.602,-0.204
8-Sep,-0.739,-0.607,-0.204
9-Sep,-0.757,-0.634,-0.245
10-Sep,-0.748,-0.614,-0.215
13-Sep,-0.751,-0.617,-0.216
14-Sep,-0.75,-0.622,-0.225
15-Sep,-0.746,-0.604,-0.192
16-Sep,-0.75,-0.603,-0.189
17-Sep,-0.747,-0.59,-0.168
20-Sep,-0.764,-0.618,-0.205
21-Sep,-0.761,-0.615,-0.202
22-Sep,-0.759,-0.617,-0.209
23-Sep,-0.74,-0.569,-0.145
24-Sep,-0.741,-0.551,-0.11
27-Sep,-0.734,-0.54,-0.101
28-Sep,-0.733,-0.53,-0.078
29-Sep,-0.733,-0.535,-0.091
30-Sep,-0.735,-0.536,-0.079
1-Oct,-0.745,-0.558,-0.105
4-Oct,-0.747,-0.552,-0.09
5-Oct,-0.743,-0.531,-0.063
6-Oct,-0.743,-0.528,-0.055
7-Oct,-0.75,-0.537,-0.059
8-Oct,-0.74,-0.51,-0.028
11-Oct,-0.727,-0.482,0.001
12-Oct,-0.712,-0.445,0.037
13-Oct,-0.714,-0.458,-0.004
14-Oct,-0.74,-0.513,-0.067
15-Oct,-0.729,-0.494,-0.042
18-Oct,-0.684,-0.435,-0.021
19-Oct,-0.682,-0.414,0.025
20-Oct,-0.714,-0.446,0.003
21-Oct,-0.701,-0.406,0.026
22-Oct,-0.694,-0.398,0.024
25-Oct,-0.719,-0.43,0.014
26-Oct,-0.712,-0.422,0.009
27-Oct,-0.697,-0.444,-0.047
28-Oct,-0.684,-0.417,-0.002
29-Oct,-0.646,-0.368,0.04
1-Nov,-0.676,-0.388,0.039
2-Nov,-0.729,-0.47,-0.033
3-Nov,-0.725,-0.466,-0.037
4-Nov,-0.784,-0.548,-0.099
5-Nov,-0.812,-0.575,-0.155
8-Nov,-0.807,-0.551,-0.118
9-Nov,-0.826,-0.58,-0.175
10-Nov,-0.814,-0.53,-0.127
11-Nov,-0.802,-0.513,-0.113
12-Nov,-0.845,-0.558,-0.137
15-Nov,-0.79,-0.508,-0.104
16-Nov,-0.851,-0.547,-0.117
17-Nov,-0.845,-0.546,-0.119
18-Nov,-0.859,-0.563,-0.143
19-Nov,-0.885,-0.615,-0.2
22-Nov,-0.862,-0.575,-0.161
23-Nov,-0.854,-0.527,-0.078
24-Nov,-0.857,-0.536,-0.087
25-Nov,-0.844,-0.548,-0.111
26-Nov,-0.856,-0.613,-0.19
29-Nov,-0.84,-0.598,-0.172
30-Nov,-0.821,-0.598,-0.209
1-Dec,-0.795,-0.576,-0.201
2-Dec,-0.82,-0.607,-0.229
3-Dec,-0.829,-0.617,-0.255
6-Dec,-0.807,-0.609,-0.252
7-Dec,-0.794,-0.593,-0.243
8-Dec,-0.772,-0.549,-0.182
9-Dec,-0.789,-0.59,-0.224
10-Dec,-0.772,-0.574,-0.217
13-Dec,-0.773,-0.595,-0.25
14-Dec,-0.75,-0.583,-0.234
15-Dec,-0.745,-0.576,-0.229
16-Dec,-0.76,-0.579,-0.219
17-Dec,-0.77,-0.601,-0.245
20-Dec,-0.773,-0.6,-0.234
21-Dec,-0.75,-0.548,-0.169
22-Dec,-0.753,-0.527,-0.154
23-Dec,-0.731,-0.506,-0.111
24-Dec,-0.736,-0.506,-0.111
27-Dec,-0.713,-0.482,-0.103
28-Dec,-0.713,-0.479,-0.094
29-Dec,-0.708,-0.458,-0.043
30-Dec,-0.729,-0.452,-0.035
31-Dec,-0.734,-0.453,-0.035
3-Jan,-0.71,-0.389,0.022
4-Jan,-0.714,-0.394,0.01
5-Jan,-0.693,-0.408,0.005
6-Jan,-0.67,-0.372,0.029
7-Jan,-0.66,-0.348,0.051
10-Jan,-0.655,-0.346,0.062
11-Jan,-0.646,-0.336,0.073
12-Jan,-0.538,-0.281,0.043
13-Jan,-0.554,-0.305,0.009
14-Jan,-0.532,-0.271,0.054
17-Jan,-0.515,-0.249,0.072
18-Jan,-0.525,-0.25,0.083
19-Jan,-0.53,-0.242,0.099
20-Jan,-0.536,-0.246,0.086
21-Jan,-0.573,-0.28,0.051
24-Jan,-0.606,-0.315,0.016
25-Jan,-0.6,-0.297,0.042
26-Jan,-0.593,-0.296,0.05
27-Jan,-0.562,-0.262,0.066
28-Jan,-0.55,-0.246,0.081
31-Jan,-0.471,-0.165,0.14
1-Feb,-0.457,-0.139,0.166
2-Feb,-0.436,-0.116,0.168
3-Feb,-0.305,0.024,0.277
4-Feb,-0.209,0.132,0.344
7-Feb,-0.234,0.138,0.374
8-Feb,-0.234,0.171,0.414
9-Feb,-0.286,0.103,0.359
10-Feb,-0.255,0.176,0.438
11-Feb,-0.232,0.184,0.46
14-Feb,-0.262,0.153,0.454
15-Feb,-0.259,0.16,0.472
16-Feb,-0.275,0.135,0.522
17-Feb,-0.34,0.071,0.473
18-Feb,-0.383,0.018,0.435
21-Feb,-0.359,0.059,0.455
22-Feb,-0.318,0.095,0.482
23-Feb,-0.285,0.111,0.475
24-Feb,-0.345,0.036,0.416
25-Feb,-0.306,0.105,0.464
28-Feb,-0.46,-0.053,0.376
1-Mar,-0.688,-0.327,0.154
2-Mar,-0.52,-0.16,0.265
3-Mar,-0.542,-0.17,0.261
4-Mar,-0.616,-0.272,0.196
7-Mar,-0.563,-0.213,0.251
8-Mar,-0.505,-0.109,0.359
9-Mar,-0.399,-0.025,0.461
10-Mar,-0.284,0.087,0.534
11-Mar,-0.311,0.084,0.51
14-Mar,-0.237,0.165,0.624
15-Mar,-0.304,0.109,0.59
16-Mar,-0.217,0.187,0.636
17-Mar,-0.228,0.191,0.626
18-Mar,-0.223,0.183,0.612
21-Mar,-0.148,0.267,0.702
22-Mar,-0.109,0.305,0.744
23-Mar,-0.126,0.277,0.707
24-Mar,-0.079,0.352,0.765
25-Mar,-0.021,0.433,0.826
28-Mar,-0.006,0.435,0.813
29-Mar,0.057,0.501,0.873
30-Mar,0.107,0.556,0.894
31-Mar,0.019,0.454,0.796
1-Apr,0.035,0.462,0.814
4-Apr,0.029,0.434,0.778
5-Apr,0.103,0.54,0.898
6-Apr,0.074,0.542,0.929
7-Apr,0.085,0.574,0.964
8-Apr,0.165,0.628,1.009
11-Apr,0.225,0.717,1.087
12-Apr,0.16,0.665,1.064
13-Apr,0.152,0.64,1.038
14-Apr,0.131,0.661,1.115
15-Apr,0.131,0.661,1.115
18-Apr,0.131,0.661,1.115
19-Apr,0.141,0.688,1.162
20-Apr,0.125,0.656,1.106
21-Apr,0.276,0.775,1.195
22-Apr,0.35,0.824,1.225
25-Apr,0.219,0.678,1.098
26-Apr,0.226,0.675,1.09
27-Apr,0.193,0.627,1.082
28-Apr,0.291,0.732,1.181
29-Apr,0.342,0.772,1.221
2-May,0.33,0.775,1.253
3-May,0.356,0.803,1.25
4-May,0.366,0.81,1.258
5-May,0.39,0.865,1.324
6-May,0.437,0.945,1.407
9-May,0.354,0.865,1.377
10-May,0.292,0.786,1.28
11-May,0.266,0.746,1.26
12-May,0.175,0.6,1.123
13-May,0.241,0.687,1.233
16-May,0.263,0.698,1.216
17-May,0.384,0.826,1.321
18-May,0.406,0.836,1.306
19-May,0.391,0.803,1.233
20-May,0.356,0.77,1.232
23-May,0.431,0.857,1.307
24-May,0.39,0.809,1.266
25-May,0.35,0.782,1.251
26-May,0.355,0.806,1.285
27-May,0.349,0.785,1.249
30-May,0.439,0.895,1.341
31-May,0.496,0.965,1.408
1-Jun,0.57,1.026,1.477
2-Jun,0.642,1.103,1.536
3-Jun,0.662,1.141,1.574
6-Jun,0.69,1.179,1.62
7-Jun,0.682,1.16,1.589
8-Jun,0.72,1.202,1.645
9-Jun,0.854,1.318,1.735
10-Jun,1.004,1.47,1.841
13-Jun,1.227,1.684,1.99
14-Jun,1.308,1.748,2.116
15-Jun,1.149,1.589,1.982
16-Jun,1.256,1.694,2.046
17-Jun,1.166,1.597,1.972
20-Jun,1.236,1.709,2.072
21-Jun,1.199,1.707,2.089
22-Jun,1.087,1.575,1.945
23-Jun,0.855,1.314,1.742
24-Jun,0.848,1.297,1.742
27-Jun,0.934,1.423,1.856
28-Jun,0.988,1.494,1.945
29-Jun,0.865,1.367,1.861
30-Jun,0.669,1.165,1.699
1-Jul,0.538,1.032,1.584
4-Jul,0.641,1.156,1.691
5-Jul,0.452,0.987,1.566
6-Jul,0.438,0.945,1.547
7-Jul,0.606,1.108,1.651
8-Jul,0.554,1.089,1.677
11-Jul,0.462,0.987,1.562
12-Jul,0.375,0.884,1.442
13-Jul,0.477,0.938,1.452
14-Jul,0.517,0.989,1.49
15-Jul,0.502,0.958,1.447
18-Jul,0.557,1.038,1.523
19-Jul,0.657,1.128,1.564
20-Jul,0.637,1.109,1.563
21-Jul,0.707,1.132,1.541
22-Jul,0.471,0.878,1.348
25-Jul,0.456,0.863,1.337
26-Jul,0.399,0.77,1.241
27-Jul,0.489,0.816,1.264
28-Jul,0.292,0.626,1.16
29-Jul,0.31,0.616,1.11
1-Aug,0.278,0.58,1.062
2-Aug,0.359,0.65,1.111
3-Aug,0.426,0.724,1.175
4-Aug,0.367,0.632,1.097
5-Aug,0.496,0.781,1.243
8-Aug,0.478,0.749,1.187
9-Aug,0.505,0.78,1.217
10-Aug,0.469,0.743,1.191
11-Aug,0.492,0.792,1.267
12-Aug,0.541,0.837,1.284
15-Aug,0.472,0.755,1.183
16-Aug,0.519,0.823,1.254
17-Aug,0.689,0.999,1.376
18-Aug,0.706,1.023,1.399
19-Aug,0.777,1.131,1.521
22-Aug,0.851,1.23,1.61
23-Aug,0.804,1.22,1.63
24-Aug,0.875,1.298,1.69
25-Aug,0.817,1.236,1.637
26-Aug,0.924,1.343,1.721
29-Aug,1.05,1.467,1.842
30-Aug,1.113,1.494,1.844
31-Aug,1.149,1.541,1.87
1-Sep,1.117,1.515,1.885
2-Sep,1.02,1.453,1.846
5-Sep,0.994,1.494,1.889
6-Sep,1.039,1.553,1.956
7-Sep,1.041,1.498,1.883
8-Sep,1.254,1.665,2.015
9-Sep,1.269,1.638,1.99
12-Sep,1.267,1.603,1.952
13-Sep,1.34,1.705,2.034
14-Sep,1.37,1.713,2.025
15-Sep,1.475,1.779,2.069
16-Sep,1.463,1.766,2.053
19-Sep,1.554,1.834,2.111
20-Sep,1.659,1.968,2.227
21-Sep,1.703,1.985,2.194
22-Sep,1.788,2.067,2.269
23-Sep,1.868,2.149,2.331
26-Sep,1.901,2.207,2.424
27-Sep,1.931,2.306,2.541
28-Sep,1.797,2.148,2.424
29-Sep,1.741,2.161,2.492
30-Sep,1.718,2.103,2.42
3-Oct,1.587,1.911,2.236
4-Oct,1.534,1.849,2.182
5-Oct,1.657,2.021,2.348
6-Oct,1.757,2.079,2.398
7-Oct,1.828,2.171,2.512
10-Oct,1.875,2.265,2.661
11-Oct,1.809,2.198,2.622
12-Oct,1.791,2.188,2.639
13-Oct,1.886,2.222,2.608
14-Oct,1.938,2.286,2.671
17-Oct,1.934,2.252,2.586
18-Oct,1.94,2.256,2.597
19-Oct,2.067,2.379,2.695
20-Oct,2.1,2.405,2.721
21-Oct,2.024,2.357,2.709
24-Oct,1.985,2.29,2.621
25-Oct,1.956,2.175,2.461
26-Oct,1.94,2.132,2.403
27-Oct,1.749,1.937,2.246
28-Oct,1.91,2.11,2.367
31-Oct,1.919,2.121,2.425
1-Nov,1.926,2.116,2.429
2-Nov,1.955,2.149,2.429
3-Nov,2.058,2.26,2.519
4-Nov,2.094,2.303,2.574
7-Nov,2.173,2.361,2.618
8-Nov,2.164,2.319,2.553
9-Nov,2.081,2.207,2.443
10-Nov,1.96,2.05,2.285
11-Nov,2.115,2.214,2.439
14-Nov,2.096,2.209,2.419
15-Nov,2.1,2.196,2.383
16-Nov,2.025,2.084,2.265
17-Nov,2.067,2.119,2.294
18-Nov,2.025,2.102,2.289
21-Nov,2.016,2.079,2.271
22-Nov,2.018,2.064,2.234
23-Nov,2.043,2.062,2.195
24-Nov,2.015,1.995,2.117
25-Nov,2.112,2.11,2.244
28-Nov,2.106,2.104,2.258
29-Nov,2.059,2.025,2.193
30-Nov,2.087,2.037,2.203
1-Dec,1.968,1.903,2.085
2-Dec,2.027,1.972,2.127
5-Dec,2.054,1.991,2.151
6-Dec,2.022,1.916,2.075
7-Dec,1.974,1.883,2.056
8-Dec,2.027,1.934,2.085
9-Dec,2.122,2.049,2.202
12-Dec,2.172,2.086,2.205
13-Dec,2.121,2.048,2.187
14-Dec,2.097,2.033,2.202
15-Dec,2.344,2.25,2.352
16-Dec,2.397,2.322,2.457
19-Dec,2.402,2.357,2.514
20-Dec,2.487,2.441,2.619
21-Dec,2.505,2.458,2.622
22-Dec,2.502,2.483,2.668
23-Dec,2.586,2.563,2.702
26-Dec,2.586,2.564,2.702
27-Dec,2.635,2.657,2.831
28-Dec,2.616,2.63,2.803
29-Dec,2.598,2.595,2.752
30-Dec,2.741,2.711,2.887
2-Jan,2.67,2.579,2.756
3-Jan,2.634,2.553,2.705
4-Jan,2.555,2.438,2.581
5-Jan,2.629,2.503,2.631
6-Jan,2.569,2.404,2.534
9-Jan,2.597,2.428,2.538
10-Jan,2.641,2.506,2.609
11-Jan,2.583,2.393,2.46
12-Jan,2.556,2.338,2.41
13-Jan,2.599,2.364,2.43
16-Jan,2.586,2.35,2.445
17-Jan,2.448,2.213,2.352
18-Jan,2.445,2.164,2.273
19-Jan,2.506,2.231,2.32
20-Jan,2.548,2.314,2.434
23-Jan,2.566,2.355,2.469
24-Jan,2.518,2.286,2.41
25-Jan,2.512,2.277,2.417
26-Jan,2.551,2.353,2.48
27-Jan,2.589,2.397,2.507
30-Jan,2.695,2.488,2.591
31-Jan,2.673,2.452,2.561
1-Feb,2.688,2.46,2.559
2-Feb,2.526,2.219,2.331
3-Feb,2.572,2.313,2.446
6-Feb,2.645,2.44,2.549
7-Feb,2.703,2.505,2.603
8-Feb,2.759,2.499,2.682
9-Feb,2.771,2.463,2.622
10-Feb,2.843,2.541,2.689
13-Feb,2.874,2.558,2.689
14-Feb,2.819,2.632,2.756
15-Feb,2.838,2.663,2.795
16-Feb,2.839,2.672,2.801
17-Feb,2.82,2.643,2.761
20-Feb,2.848,2.676,2.786
21-Feb,2.924,2.748,2.863
22-Feb,2.915,2.744,2.865
23-Feb,2.898,2.712,2.817
24-Feb,2.995,2.793,2.877
27-Feb,3.033,2.826,2.919
28-Feb,3.117,2.912,2.993
1-Mar,3.192,2.987,3.049
2-Mar,3.201,3.011,3.092
3-Mar,3.223,3.002,3.062
6-Mar,3.308,3.06,3.086
7-Mar,3.279,3.011,3.039
8-Mar,3.281,3.001,2.99
9-Mar,3.221,2.962,2.992
10-Mar,3.061,2.822,2.857
13-Mar,2.701,2.546,2.627
14-Mar,2.864,2.719,2.775
15-Mar,2.425,2.381,2.5
16-Mar,2.597,2.543,2.656
17-Mar,2.382,2.328,2.493
20-Mar,2.365,2.341,2.505
21-Mar,2.618,2.538,2.652
22-Mar,2.679,2.608,2.693
23-Mar,2.502,2.424,2.558
24-Mar,2.373,2.321,2.494
27-Mar,2.487,2.424,2.579
28-Mar,2.546,2.481,2.639
29-Mar,2.613,2.526,2.672
30-Mar,2.7,2.59,2.713
31-Mar,2.621,2.502,2.634
3-Apr,2.618,2.482,2.595
4-Apr,2.548,2.444,2.598
5-Apr,2.49,2.389,2.536
6-Apr,2.518,2.399,2.543
7-Apr,2.518,2.399,2.543
10-Apr,2.518,2.399,2.543
11-Apr,2.668,2.54,2.672
12-Apr,2.761,2.617,2.735
13-Apr,2.751,2.609,2.738
14-Apr,2.845,2.692,2.806
17-Apr,2.832,2.702,2.83
18-Apr,2.863,2.708,2.822
19-Apr,2.932,2.758,2.871
20-Apr,2.861,2.695,2.801
21-Apr,2.882,2.723,2.843
24-Apr,2.93,2.762,2.867
25-Apr,2.791,2.624,2.735
26-Apr,2.745,2.612,2.761
27-Apr,2.808,2.68,2.826
28-Apr,2.656,2.524,2.679
1-May,2.656,2.524,2.679
2-May,2.605,2.475,2.637
3-May,2.608,2.463,2.614
4-May,2.455,2.35,2.559
5-May,2.549,2.462,2.661
8-May,2.599,2.502,2.69
9-May,2.617,2.536,2.722
10-May,2.563,2.456,2.658
11-May,2.526,2.406,2.59
12-May,2.572,2.452,2.644
15-May,2.596,2.463,2.677
16-May,2.652,2.528,2.72
17-May,2.692,2.546,2.71
18-May,2.74,2.642,2.817
19-May,2.733,2.628,2.797
22-May,2.797,2.679,2.83
23-May,2.808,2.677,2.834
24-May,2.851,2.693,2.837
25-May,2.926,2.755,2.89
26-May,2.948,2.779,2.903
29-May,2.884,2.678,2.798
30-May,2.787,2.566,2.706
31-May,2.719,2.497,2.648
1-Jun,2.7,2.465,2.615
2-Jun,2.782,2.557,2.678
5-Jun,2.882,2.618,2.736
6-Jun,2.832,2.575,2.727
7-Jun,2.934,2.694,2.815
8-Jun,2.885,2.621,2.763
9-Jun,2.888,2.62,2.738
12-Jun,2.895,2.613,2.736
13-Jun,2.957,2.667,2.766
14-Jun,3,2.71,2.792
15-Jun,3.108,2.798,2.844
16-Jun,3.102,2.766,2.793
19-Jun,3.139,2.813,2.848
20-Jun,3.105,2.729,2.744
21-Jun,3.132,2.761,2.779
22-Jun,3.202,2.838,2.843
23-Jun,3.078,2.696,2.697
26-Jun,3.06,2.65,2.654
27-Jun,3.122,2.714,2.695
28-Jun,3.062,2.662,2.653
29-Jun,3.157,2.775,2.752
30-Jun,3.159,2.764,2.736
3-Jul,3.222,2.835,2.782
4-Jul,3.193,2.827,2.806
5-Jul,3.196,2.838,2.83
6-Jul,3.296,2.982,2.987
7-Jul,3.258,2.964,2.99
10-Jul,3.287,2.989,2.996
11-Jul,3.307,2.994,3.01
12-Jul,3.215,2.876,2.901
13-Jul,3.151,2.789,2.814
14-Jul,3.199,2.835,2.843
17-Jul,3.198,2.807,2.815
18-Jul,3.11,2.711,2.716
19-Jul,3.128,2.746,2.764
20-Jul,3.181,2.799,2.817
21-Jul,3.156,2.791,2.796
24-Jul,3.102,2.737,2.749
25-Jul,3.104,2.735,2.757
26-Jul,3.168,2.799,2.814
27-Jul,3.124,2.752,2.792
28-Jul,3.116,2.764,2.812
31-Jul,3.111,2.764,2.819
1-Aug,3.131,2.812,2.887
2-Aug,3.084,2.777,2.865
3-Aug,3.095,2.826,2.936
4-Aug,3.093,2.802,2.894
7-Aug,3.052,2.802,2.934
8-Aug,2.98,2.701,2.802
9-Aug,3.011,2.728,2.832
10-Aug,3.027,2.76,2.865
11-Aug,3.096,2.849,2.956
14-Aug,3.117,2.874,2.97
15-Aug,3.152,2.906,3.008
16-Aug,3.131,2.889,2.987
17-Aug,3.157,2.938,3.05
18-Aug,3.09,2.857,2.969
21-Aug,3.176,2.933,3.048
22-Aug,3.144,2.878,2.988
23-Aug,3.024,2.745,2.861
24-Aug,3.019,2.74,2.85
25-Aug,3.085,2.816,2.896
28-Aug,3.112,2.821,2.9
29-Aug,3.094,2.774,2.843
30-Aug,3.134,2.804,2.876
31-Aug,3.019,2.702,2.791
1-Sep,3.048,2.758,2.875
4-Sep,3.087,2.802,2.905
5-Sep,3.118,2.831,2.943
6-Sep,3.185,2.891,2.988
7-Sep,3.155,2.848,2.947
8-Sep,3.138,2.853,2.945
11-Sep,3.153,2.875,2.974
12-Sep,3.18,2.895,2.981
13-Sep,3.227,2.925,2.991
14-Sep,3.205,2.857,2.927
15-Sep,3.263,2.933,3.014
18-Sep,3.306,2.974,3.047
19-Sep,3.335,3.007,3.079
20-Sep,3.306,2.967,3.041
21-Sep,3.312,2.987,3.077
22-Sep,3.306,2.973,3.068
25-Sep,3.281,2.995,3.128
26-Sep,3.291,3.011,3.147
27-Sep,3.31,3.048,3.184
28-Sep,3.364,3.13,3.279
29-Sep,3.26,3.018,3.181
2-Oct,3.288,3.077,3.263
3-Oct,3.271,3.093,3.311
4-Oct,3.231,3.053,3.271
5-Oct,3.203,3.007,3.231
6-Oct,3.216,3.017,3.248
9-Oct,3.131,2.903,3.131
10-Oct,3.162,2.916,3.13
11-Oct,3.2,2.905,3.063
12-Oct,3.247,2.968,3.134
13-Oct,3.226,2.938,3.091
16-Oct,3.246,2.965,3.135
17-Oct,3.323,3.063,3.234
18-Oct,3.331,3.091,3.283
19-Oct,3.33,3.096,3.29
20-Oct,3.261,3.051,3.248
23-Oct,3.268,3.029,3.228
24-Oct,3.23,2.977,3.182
25-Oct,3.263,3.018,3.246
26-Oct,3.223,2.972,3.216
27-Oct,3.186,2.928,3.182
30-Oct,3.155,2.915,3.163
31-Oct,3.145,2.898,3.149
1-Nov,3.118,2.861,3.109
2-Nov,3.15,2.841,3.059
3-Nov,3.112,2.777,2.981
6-Nov,3.164,2.851,3.088
7-Nov,3.144,2.811,3
8-Nov,3.162,2.803,2.949
9-Nov,3.159,2.805,2.982
10-Nov,3.217,2.886,3.052
13-Nov,3.238,2.888,3.048
14-Nov,3.136,2.756,2.922
15-Nov,3.174,2.794,2.968
16-Nov,3.101,2.731,2.916
17-Nov,3.131,2.746,2.913
20-Nov,3.158,2.777,2.935
21-Nov,3.122,2.73,2.89
22-Nov,3.156,2.75,2.888
23-Nov,3.184,2.809,2.958
24-Nov,3.212,2.831,2.979
27-Nov,3.126,2.725,2.884
28-Nov,3.056,2.665,2.833
29-Nov,2.982,2.583,2.765
30-Nov,2.976,2.588,2.779
1-Dec,2.843,2.478,2.692
4-Dec,2.868,2.495,2.688
5-Dec,2.808,2.408,2.576
6-Dec,2.808,2.38,2.525
7-Dec,2.793,2.35,2.513
8-Dec,2.878,2.446,2.602
11-Dec,2.893,2.448,2.6
12-Dec,2.891,2.419,2.552
13-Dec,2.833,2.372,2.486
14-Dec,2.725,2.269,2.421
15-Dec,2.677,2.2,2.321
18-Dec,2.724,2.249,2.385
19-Dec,2.681,2.196,2.316
20-Dec,2.65,2.147,2.269
21-Dec,2.621,2.111,2.258
22-Dec,2.591,2.084,2.266
25-Dec,2.591,2.084,2.266
26-Dec,2.591,2.084,2.266
27-Dec,2.578,2.043,2.187
28-Dec,2.542,2.063,2.237
29-Dec,2.557,2.127,2.322
1-Jan,2.557,2.127,2.322
2-Jan,2.623,2.173,2.364
3-Jan,2.596,2.121,2.325
4-Jan,2.706,2.243,2.43
5-Jan,2.741,2.286,2.466
8-Jan,2.725,2.268,2.448
9-Jan,2.774,2.333,2.497
10-Jan,2.826,2.37,2.519
11-Jan,2.792,2.341,2.506
12-Jan,2.697,2.269,2.453
15-Jan,2.767,2.348,2.505
16-Jan,2.791,2.358,2.53
17-Jan,2.872,2.449,2.597
18-Jan,2.867,2.457,2.627
19-Jan,2.926,2.487,2.618
22-Jan,2.878,2.421,2.569
23-Jan,2.893,2.463,2.63
24-Jan,2.892,2.453,2.62
25-Jan,2.797,2.379,2.566
26-Jan,2.816,2.386,2.57
29-Jan,2.766,2.315,2.506
30-Jan,2.805,2.342,2.538
31-Jan,2.729,2.239,2.438
1-Feb,2.757,2.262,2.429
2-Feb,2.863,2.373,2.524
5-Feb,2.914,2.438,2.596
6-Feb,2.896,2.417,2.571
7-Feb,2.594,2.438,2.655
8-Feb,2.623,2.487,2.692
9-Feb,2.687,2.537,2.719
12-Feb,2.655,2.51,2.698
13-Feb,2.732,2.563,2.733
14-Feb,2.683,2.499,2.666
15-Feb,2.714,2.524,2.682
16-Feb,2.763,2.566,2.717
19-Feb,2.764,2.556,2.719
20-Feb,2.715,2.518,2.683
21-Feb,2.798,2.607,2.765
22-Feb,2.84,2.628,2.755
23-Feb,2.78,2.55,2.673
26-Feb,2.855,2.63,2.747
27-Feb,2.86,2.654,2.776
28-Feb,2.844,2.648,2.769
29-Feb,2.832,2.602,2.728
1-Mar,2.809,2.588,2.734
4-Mar,2.828,2.578,2.707
5-Mar,2.771,2.527,2.635
6-Mar,2.775,2.523,2.629
7-Mar,2.75,2.501,2.611
8-Mar,2.677,2.437,2.571
11-Mar,2.717,2.48,2.605
12-Mar,2.748,2.511,2.623
13-Mar,2.766,2.53,2.653
14-Mar,2.792,2.582,2.714
15-Mar,2.814,2.598,2.726
18-Mar,2.812,2.608,2.741
19-Mar,2.804,2.59,2.737
20-Mar,2.827,2.591,2.721
21-Mar,2.783,2.557,2.696
22-Mar,2.738,2.492,2.628
25-Mar,2.794,2.54,2.674
26-Mar,2.791,2.522,2.648
27-Mar,2.733,2.492,2.594
28-Mar,2.744,2.485,2.6
29-Mar,2.744,2.485,2.6
1-Apr,2.744,2.485,2.6
2-Apr,2.737,2.542,2.704
3-Apr,2.751,2.545,2.699
4-Apr,2.762,2.521,2.66
5-Apr,2.768,2.545,2.7
8-Apr,2.824,2.601,2.726
9-Apr,2.791,2.546,2.664
10-Apr,2.866,2.616,2.727
11-Apr,2.854,2.633,2.752
12-Apr,2.76,2.527,2.651
15-Apr,2.817,2.603,2.739
16-Apr,2.848,2.652,2.792
17-Apr,2.858,2.634,2.764
18-Apr,2.896,2.678,2.793
19-Apr,2.924,2.688,2.796
22-Apr,2.885,2.65,2.78
23-Apr,2.91,2.663,2.795
24-Apr,2.962,2.742,2.884
25-Apr,3.006,2.785,2.925
26-Apr,2.975,2.735,2.87
29-Apr,2.946,2.688,2.814
30-Apr,3.026,2.76,2.868
1-May,3.026,2.76,2.868
2-May,2.975,2.718,2.83
3-May,2.91,2.667,2.788
6-May,2.9,2.643,2.765
7-May,2.882,2.609,2.721
8-May,2.918,2.654,2.762
9-May,2.921,2.676,2.795
10-May,2.957,2.702,2.815
13-May,2.966,2.699,2.809
14-May,2.99,2.729,2.844
15-May,2.888,2.605,2.716
16-May,2.919,2.647,2.751
17-May,2.978,2.702,2.805
20-May,2.976,2.714,2.816
21-May,2.952,2.686,2.787
22-May,2.987,2.727,2.827
23-May,3.055,2.794,2.883
24-May,3.024,2.789,2.873
27-May,3.017,2.749,2.834
28-May,3.033,2.785,2.881
29-May,3.067,2.86,2.977
30-May,3.043,2.832,2.939
31-May,3.064,2.853,2.944
3-Jun,2.998,2.764,2.86
4-Jun,2.962,2.726,2.821
5-Jun,2.956,2.713,2.807
6-Jun,2.994,2.754,2.846
7-Jun,3.058,2.831,2.916
10-Jun,3.063,2.877,2.984
11-Jun,3.007,2.841,2.944
12-Jun,2.936,2.752,2.853
13-Jun,2.863,2.688,2.811
14-Jun,2.764,2.591,2.727
17-Jun,2.813,2.636,2.767
18-Jun,2.793,2.633,2.742
19-Jun,2.798,2.632,2.757
20-Jun,2.819,2.66,2.778
21-Jun,2.781,2.619,2.764
24-Jun,2.803,2.609,2.759
25-Jun,2.797,2.601,2.746
26-Jun,2.816,2.641,2.787
27-Jun,2.804,2.64,2.787
28-Jun,2.832,2.684,2.831
1-Jul,2.919,2.776,2.918
2-Jul,2.891,2.761,2.909
3-Jul,2.903,2.749,2.874
4-Jul,2.928,2.772,2.896
5-Jul,2.87,2.703,2.847
8-Jul,2.893,2.699,2.824
9-Jul,2.918,2.736,2.86
10-Jul,2.881,2.693,2.814
11-Jul,2.772,2.603,2.741
12-Jul,2.795,2.643,2.773
15-Jul,2.774,2.608,2.748
16-Jul,2.745,2.567,2.702
17-Jul,2.751,2.578,2.702
18-Jul,2.74,2.564,2.708
19-Jul,2.759,2.594,2.744
22-Jul,2.788,2.627,2.772
23-Jul,2.724,2.567,2.718
24-Jul,2.672,2.54,2.723
25-Jul,2.652,2.516,2.697
26-Jul,2.63,2.5,2.685
29-Jul,2.607,2.462,2.637
30-Jul,2.566,2.432,2.626
31-Jul,2.554,2.401,2.588
1-Aug,2.483,2.335,2.539
2-Aug,2.385,2.258,2.484
5-Aug,2.38,2.283,2.502
6-Aug,2.418,2.308,2.508
7-Aug,2.439,2.346,2.568
8-Aug,2.423,2.335,2.569
9-Aug,2.417,2.308,2.526
12-Aug,2.424,2.312,2.525
13-Aug,2.368,2.265,2.482
14-Aug,2.387,2.27,2.478
15-Aug,2.492,2.368,2.557
16-Aug,2.464,2.349,2.54
19-Aug,2.461,2.352,2.537
20-Aug,2.435,2.32,2.504
21-Aug,2.388,2.282,2.475
22-Aug,2.429,2.33,2.525
23-Aug,2.4,2.305,2.504
26-Aug,2.418,2.329,2.529
27-Aug,2.425,2.355,2.573
28-Aug,2.405,2.333,2.543
29-Aug,2.379,2.326,2.555
30-Aug,2.406,2.358,2.58
2-Sep,2.435,2.392,2.619
3-Sep,2.402,2.34,2.562
4-Sep,2.349,2.282,2.507
5-Sep,2.32,2.263,2.489
6-Sep,2.248,2.218,2.453
9-Sep,2.236,2.207,2.455
10-Sep,2.2,2.173,2.423
11-Sep,2.169,2.15,2.402
12-Sep,2.237,2.198,2.432
13-Sep,2.22,2.191,2.431
16-Sep,2.19,2.166,2.407
17-Sep,2.204,2.205,2.432
18-Sep,2.27,2.244,2.48
19-Sep,2.228,2.226,2.487
20-Sep,2.239,2.238,2.501
23-Sep,2.162,2.176,2.453
24-Sep,2.108,2.14,2.437
25-Sep,2.136,2.17,2.46
26-Sep,2.144,2.174,2.468
27-Sep,2.097,2.119,2.415
30-Sep,2.092,2.111,2.414
1-Oct,2.043,2.04,2.325
2-Oct,2.061,2.087,2.378
3-Oct,2.101,2.143,2.438
4-Oct,2.209,2.238,2.501
7-Oct,2.254,2.289,2.548
8-Oct,2.24,2.268,2.537
9-Oct,2.272,2.294,2.553
10-Oct,2.246,2.276,2.545
11-Oct,2.247,2.279,2.549
14-Oct,2.265,2.293,2.556
15-Oct,2.231,2.239,2.499
16-Oct,2.195,2.198,2.461
17-Oct,2.174,2.201,2.482
18-Oct,2.132,2.164,2.451
21-Oct,2.203,2.257,2.551
22-Oct,2.225,2.291,2.587
23-Oct,2.155,2.256,2.575
24-Oct,2.131,2.218,2.534
25-Oct,2.166,2.254,2.559
28-Oct,2.143,2.242,2.552
29-Oct,2.188,2.293,2.601
30-Oct,2.29,2.397,2.645
31-Oct,2.311,2.4,2.644
1-Nov,2.276,2.388,2.661
4-Nov,2.29,2.386,2.649
5-Nov,2.323,2.418,2.681
6-Nov,2.202,2.346,2.673
7-Nov,2.237,2.395,2.701
8-Nov,2.209,2.334,2.615
11-Nov,2.165,2.292,2.584
12-Nov,2.15,2.298,2.624
13-Nov,2.169,2.342,2.64
14-Nov,2.119,2.276,2.569
15-Nov,2.133,2.28,2.57
18-Nov,2.196,2.33,2.607
19-Nov,2.152,2.308,2.577
20-Nov,2.145,2.302,2.594
21-Nov,2.133,2.276,2.567
22-Nov,2.013,2.191,2.486
25-Nov,2.047,2.188,2.451
26-Nov,2.044,2.166,2.434
27-Nov,2.068,2.152,2.405
28-Nov,2.037,2.11,2.362
29-Nov,1.986,2.058,2.323
2-Dec,1.937,2.004,2.271
3-Dec,1.974,2.031,2.277
4-Dec,1.988,2.037,2.279
5-Dec,2.047,2.084,2.314
6-Dec,2.033,2.062,2.304
9-Dec,2.026,2.069,2.32
10-Dec,1.995,2.062,2.324
11-Dec,1.982,2.076,2.342
12-Dec,2.051,2.153,2.422
13-Dec,2.095,2.201,2.471
16-Dec,2.077,2.186,2.47
17-Dec,2.084,2.183,2.457
18-Dec,2.063,2.186,2.468
19-Dec,2.081,2.221,2.528
20-Dec,2.063,2.196,2.507
23-Dec,2.077,2.232,2.546
24-Dec,2.086,2.236,2.546
25-Dec,2.086,2.236,2.546
26-Dec,2.086,2.236,2.546
27-Dec,2.109,2.3,2.623
30-Dec,2.09,2.266,2.59
31-Dec,2.093,2.267,2.59
1-Jan,2.093,2.267,2.59
2-Jan,2.113,2.285,2.606
3-Jan,2.167,2.342,2.651
6-Jan,2.201,2.375,2.664
7-Jan,2.203,2.389,2.703
8-Jan,2.211,2.41,2.742
9-Jan,2.24,2.447,2.769
10-Jan,2.285,2.494,2.801
13-Jan,2.295,2.515,2.827
14-Jan,2.318,2.553,2.868
15-Jan,2.282,2.461,2.774
16-Jan,2.254,2.438,2.758
17-Jan,2.249,2.426,2.746
20-Jan,2.245,2.416,2.739
21-Jan,2.235,2.407,2.719
22-Jan,2.258,2.424,2.73
23-Jan,2.258,2.446,2.75
24-Jan,2.316,2.48,2.762
27-Jan,2.297,2.445,2.731
28-Jan,2.3,2.459,2.757
29-Jan,2.291,2.478,2.778
30-Jan,2.231,2.409,2.715
31-Jan,2.149,2.325,2.65
3-Feb,2.065,2.241,2.573
4-Feb,2.084,2.257,2.582
5-Feb,2.088,2.236,2.548
6-Feb,2.09,2.247,2.564
7-Feb,2.083,2.236,2.559
10-Feb,2.064,2.221,2.55
11-Feb,2.114,2.289,2.621
12-Feb,2.16,2.346,2.667
13-Feb,2.118,2.285,2.601
14-Feb,2.141,2.306,2.614
17-Feb,2.161,2.347,2.672
18-Feb,2.153,2.346,2.676
19-Feb,2.195,2.405,2.744
20-Feb,2.167,2.38,2.721
21-Feb,2.116,2.328,2.666
24-Feb,2.104,2.322,2.671
25-Feb,2.082,2.291,2.641
26-Feb,2.091,2.277,2.615
27-Feb,2.058,2.24,2.598
28-Feb,2.049,2.228,2.6
3-Mar,2.092,2.287,2.674
4-Mar,2.072,2.265,2.672
5-Mar,2.212,2.526,2.948
6-Mar,2.32,2.658,3.055
7-Mar,2.325,2.658,3.057
10-Mar,2.297,2.632,3.055
11-Mar,2.285,2.655,3.114
12-Mar,2.307,2.652,3.091
13-Mar,2.264,2.625,3.072
14-Mar,2.272,2.642,3.098
17-Mar,2.271,2.617,3.037
18-Mar,2.259,2.609,3.033
19-Mar,2.275,2.615,3.026
20-Mar,2.249,2.588,3.005
21-Mar,2.213,2.556,2.986
24-Mar,2.201,2.557,2.988
25-Mar,2.215,2.582,3.007
26-Mar,2.2,2.567,3.007
27-Mar,2.147,2.527,2.99
28-Mar,2.096,2.475,2.947
31-Mar,2.125,2.499,2.96
1-Apr,2.097,2.462,2.909
2-Apr,2.118,2.492,2.946
3-Apr,2.03,2.401,2.881
4-Apr,1.925,2.309,2.819
7-Apr,1.889,2.303,2.863
8-Apr,1.948,2.36,2.865
9-Apr,1.853,2.295,2.84
10-Apr,1.891,2.294,2.818
11-Apr,1.902,2.326,2.83
14-Apr,1.869,2.262,2.756
15-Apr,1.878,2.279,2.78
16-Apr,1.859,2.252,2.76
17-Apr,1.798,2.211,2.723
18-Apr,1.798,2.211,2.723
21-Apr,1.798,2.211,2.723
22-Apr,1.769,2.176,2.693
23-Apr,1.847,2.232,2.736
24-Apr,1.78,2.17,2.68
25-Apr,1.811,2.195,2.7
28-Apr,1.835,2.237,2.754
29-Apr,1.83,2.221,2.732
30-Apr,1.777,2.161,2.68
1-May,1.777,2.161,2.68
2-May,1.85,2.255,2.769
5-May,1.84,2.236,2.752
6-May,1.826,2.238,2.773
7-May,1.793,2.185,2.708
8-May,1.843,2.249,2.769
9-May,1.858,2.265,2.796
12-May,1.98,2.374,2.873
13-May,2.003,2.402,2.903
14-May,2.007,2.422,2.917
15-May,1.941,2.343,2.835
16-May,1.916,2.31,2.803
19-May,1.909,2.304,2.799
20-May,1.906,2.304,2.811
21-May,1.937,2.355,2.856
22-May,1.899,2.341,2.858
23-May,1.835,2.267,2.786
26-May,1.849,2.27,2.778
27-May,1.851,2.251,2.743
28-May,1.862,2.26,2.762
29-May,1.831,2.22,2.718
30-May,1.835,2.218,2.71
2-Jun,1.849,2.238,2.734
3-Jun,1.85,2.24,2.734
4-Jun,1.855,2.253,2.742
5-Jun,1.93,2.324,2.797
6-Jun,1.933,2.328,2.79
9-Jun,1.921,2.309,2.777
10-Jun,1.897,2.275,2.733
11-Jun,1.898,2.279,2.746
12-Jun,1.869,2.235,2.692
13-Jun,1.914,2.294,2.754
16-Jun,1.894,2.275,2.742
17-Jun,1.924,2.299,2.751
18-Jun,1.898,2.264,2.714
19-Jun,1.905,2.291,2.746
20-Jun,1.912,2.283,2.737
23-Jun,1.904,2.277,2.731
24-Jun,1.917,2.292,2.76
25-Jun,1.907,2.3,2.78
26-Jun,1.875,2.287,2.778
27-Jun,1.904,2.315,2.796
30-Jun,1.897,2.321,2.806
1-Jul,1.888,2.297,2.773
2-Jul,1.907,2.333,2.831
3-Jul,1.884,2.292,2.781
4-Jul,1.863,2.278,2.781
7-Jul,1.883,2.314,2.82
8-Jul,1.917,2.364,2.859
9-Jul,1.903,2.343,2.845
10-Jul,1.937,2.378,2.879
11-Jul,1.947,2.391,2.899
14-Jul,1.927,2.383,2.904
15-Jul,1.915,2.362,2.881
16-Jul,1.886,2.324,2.856
17-Jul,1.891,2.325,2.846
18-Jul,1.896,2.334,2.867
21-Jul,1.846,2.263,2.781
22-Jul,1.828,2.239,2.753
23-Jul,1.86,2.279,2.797
24-Jul,1.953,2.368,2.863
25-Jul,1.969,2.386,2.884
28-Jul,1.942,2.356,2.855
29-Jul,1.965,2.379,2.872
30-Jul,1.98,2.385,2.868
31-Jul,1.99,2.382,2.858
1-Aug,1.951,2.348,2.84
4-Aug,1.927,2.303,2.788
5-Aug,1.936,2.301,2.783
6-Aug,1.944,2.323,2.808
7-Aug,1.948,2.313,2.788
8-Aug,1.989,2.368,2.847
11-Aug,1.994,2.376,2.855
12-Aug,2.001,2.404,2.904
13-Aug,1.961,2.346,2.843
14-Aug,1.973,2.371,2.878
15-Aug,2,2.431,2.958
18-Aug,1.987,2.408,2.932
19-Aug,1.986,2.398,2.919
20-Aug,1.956,2.368,2.89
21-Aug,1.998,2.41,2.935
22-Aug,1.973,2.37,2.894
25-Aug,1.996,2.408,2.93
26-Aug,1.964,2.363,2.897
27-Aug,1.944,2.336,2.889
28-Aug,1.962,2.342,2.875
29-Aug,1.97,2.36,2.903
1-Sep,1.982,2.38,2.924
2-Sep,2.004,2.412,2.954
3-Sep,1.989,2.369,2.912
4-Sep,1.987,2.362,2.89
5-Sep,1.943,2.309,2.834
8-Sep,1.95,2.298,2.808
9-Sep,1.971,2.315,2.822
10-Sep,1.981,2.313,2.819
11-Sep,2.015,2.336,2.822
12-Sep,2.045,2.39,2.883
15-Sep,2.047,2.383,2.853
16-Sep,2.033,2.372,2.856
17-Sep,2.033,2.366,2.84
18-Sep,2.037,2.394,2.889
19-Sep,2.05,2.414,2.912
22-Sep,2.044,2.409,2.913
23-Sep,2.046,2.416,2.906
24-Sep,2.032,2.416,2.909
25-Sep,2.049,2.443,2.933
26-Sep,2.038,2.414,2.899
29-Sep,2.035,2.39,2.859
30-Sep,2.033,2.39,2.865
1-Oct,2.033,2.385,2.869
2-Oct,2.033,2.381,2.856
3-Oct,2.038,2.39,2.854
6-Oct,2.031,2.396,2.88
7-Oct,2.027,2.387,2.871
8-Oct,2.013,2.36,2.837
9-Oct,2.021,2.381,2.86
10-Oct,1.986,2.324,2.803
13-Oct,1.969,2.306,2.794
14-Oct,1.956,2.288,2.764
15-Oct,1.936,2.253,2.724
16-Oct,1.926,2.243,2.721
17-Oct,1.921,2.253,2.736
20-Oct,1.918,2.253,2.731
21-Oct,1.905,2.237,2.708
22-Oct,1.919,2.239,2.716
23-Oct,1.936,2.256,2.737
24-Oct,1.977,2.308,2.78
27-Oct,1.983,2.305,2.768
28-Oct,1.982,2.309,2.774
29-Oct,1.983,2.309,2.771
30-Oct,1.994,2.332,2.794
31-Oct,1.978,2.311,2.781
3-Nov,2.001,2.342,2.81
4-Nov,1.989,2.339,2.799
5-Nov,2.006,2.35,2.82
6-Nov,1.995,2.329,2.8
7-Nov,1.988,2.336,2.818
10-Nov,2.004,2.347,2.818
11-Nov,1.993,2.332,2.801
12-Nov,1.982,2.319,2.782
13-Nov,2.008,2.365,2.827
14-Nov,2.017,2.387,2.864
17-Nov,2.02,2.384,2.858
18-Nov,2.005,2.369,2.854
19-Nov,2.005,2.37,2.857
20-Nov,2.012,2.372,2.865
21-Nov,2.011,2.364,2.852
24-Nov,2.013,2.358,2.837
25-Nov,2.02,2.351,2.813
26-Nov,2.017,2.348,2.81
27-Nov,2.019,2.353,2.821
28-Nov,2.022,2.358,2.827
1-Dec,2.05,2.412,2.89
2-Dec,2.039,2.412,2.889
3-Dec,2.042,2.399,2.882
4-Dec,2.049,2.427,2.905
5-Dec,2.069,2.449,2.931
8-Dec,2.12,2.523,2.993
9-Dec,2.115,2.516,2.979
10-Dec,2.135,2.534,2.984
11-Dec,2.116,2.52,2.975
12-Dec,2.117,2.522,2.988
15-Dec,2.109,2.528,2.982
16-Dec,2.083,2.51,2.971
17-Dec,2.077,2.516,2.987
18-Dec,2.072,2.499,2.967
19-Dec,2.086,2.532,3.01
22-Dec,2.073,2.531,3.011
23-Dec,2.063,2.508,2.973
24-Dec,2.065,2.509,2.974
25-Dec,2.065,2.509,2.974
26-Dec,2.065,2.509,2.974
29-Dec,2.049,2.476,2.939
30-Dec,2.059,2.495,2.966
31-Dec,2.066,2.5,2.967
1-Jan,2.066,2.5,2.967
2-Jan,2.08,2.52,3.008
5-Jan,2.085,2.496,2.98
6-Jan,2.045,2.469,2.951
7-Jan,2.028,2.448,2.921
8-Jan,2.035,2.46,2.933
9-Jan,2.041,2.469,2.935
12-Jan,2.034,2.454,2.915
13-Jan,2.029,2.448,2.923
14-Jan,2.01,2.415,2.891
15-Jan,2.035,2.437,2.897
16-Jan,2.048,2.456,2.915
19-Jan,2.026,2.437,2.919
20-Jan,2.015,2.441,2.943
21-Jan,2.164,2.532,2.967
22-Jan,2.187,2.546,2.965
23-Jan,2.2,2.56,2.973
26-Jan,2.173,2.523,2.93
27-Jan,2.168,2.522,2.936
28-Jan,2.143,2.496,2.921
29-Jan,2.127,2.474,2.906
30-Jan,2.134,2.476,2.911
2-Feb,2.163,2.505,2.938
3-Feb,2.169,2.518,2.959
4-Feb,2.142,2.488,2.928
5-Feb,2.141,2.48,2.912
6-Feb,2.135,2.476,2.911
9-Feb,2.128,2.468,2.914
10-Feb,2.112,2.439,2.881
11-Feb,2.107,2.43,2.862
12-Feb,2.097,2.415,2.846
13-Feb,2.077,2.39,2.823
16-Feb,2.082,2.392,2.822
17-Feb,2.076,2.384,2.805
18-Feb,2.086,2.392,2.805
19-Feb,2.088,2.396,2.809
20-Feb,2.093,2.4,2.803
23-Feb,2.074,2.375,2.777
24-Feb,2.08,2.369,2.776
25-Feb,2.077,2.363,2.774
26-Feb,2.071,2.356,2.754
27-Feb,2.027,2.299,2.707
2-Mar,2.123,2.39,2.781
3-Mar,2.185,2.447,2.825
4-Mar,2.166,2.429,2.818
5-Mar,2.277,2.551,2.911
6-Mar,2.343,2.596,2.946
9-Mar,2.353,2.601,2.95
10-Mar,2.291,2.553,2.923
11-Mar,2.407,2.653,3.009
12-Mar,2.447,2.685,3.106
13-Mar,2.475,2.72,3.143
16-Mar,2.432,2.675,3.104
17-Mar,2.399,2.625,3.054
18-Mar,2.44,2.68,3.086
19-Mar,2.604,2.764,3.109
20-Mar,2.669,2.838,3.185
23-Mar,2.59,2.771,3.146
24-Mar,2.684,2.822,3.169
25-Mar,2.608,2.754,3.092
26-Mar,2.721,2.881,3.212
27-Mar,2.71,2.873,3.234
30-Mar,2.658,2.814,3.173
31-Mar,2.66,2.797,3.139
1-Apr,2.632,2.774,3.12
2-Apr,2.653,2.777,3.128
3-Apr,2.653,2.777,3.128
6-Apr,2.653,2.777,3.128
7-Apr,2.745,2.882,3.219
8-Apr,2.527,2.692,3.068
9-Apr,2.551,2.726,3.108
10-Apr,2.631,2.797,3.177
13-Apr,2.677,2.842,3.217
14-Apr,2.569,2.756,3.144
15-Apr,2.571,2.769,3.165
16-Apr,2.546,2.753,3.153
17-Apr,2.439,2.661,3.079
20-Apr,2.486,2.69,3.1
21-Apr,2.54,2.737,3.136
22-Apr,2.571,2.758,3.143
23-Apr,2.581,2.766,3.143
24-Apr,2.558,2.744,3.127
27-Apr,2.587,2.779,3.164
28-Apr,2.663,2.83,3.198
29-Apr,2.751,2.896,3.244
30-Apr,2.653,2.807,3.167
1-May,2.653,2.807,3.167
4-May,2.732,2.868,3.212
5-May,2.69,2.821,3.182
6-May,2.577,2.74,3.11
7-May,2.597,2.749,3.118
8-May,2.602,2.753,3.125
11-May,2.65,2.795,3.16
12-May,2.701,2.865,3.218
13-May,2.702,2.869,3.217
14-May,2.644,2.81,3.158
15-May,2.732,2.922,3.285
18-May,2.707,2.888,3.265
19-May,2.754,2.937,3.313
20-May,2.653,2.838,3.213
21-May,2.684,2.858,3.212
22-May,2.638,2.8,3.154
25-May,2.519,2.699,3.061
26-May,2.578,2.736,3.095
27-May,2.578,2.739,3.103
28-May,2.551,2.711,3.073
29-May,2.525,2.683,3.056
1-Jun,2.623,2.765,3.122
2-Jun,2.612,2.74,3.087
3-Jun,2.662,2.799,3.151
4-Jun,2.651,2.787,3.139
5-Jun,2.68,2.817,3.152
8-Jun,2.697,2.839,3.174
9-Jun,2.656,2.807,3.154
10-Jun,2.701,2.85,3.187
11-Jun,2.665,2.81,3.143
12-Jun,2.607,2.762,3.11
15-Jun,2.561,2.714,3.068
16-Jun,2.552,2.698,3.044
17-Jun,2.567,2.709,3.047
18-Jun,2.613,2.726,3.035
19-Jun,2.646,2.773,3.099
22-Jun,2.599,2.735,3.048
23-Jun,2.571,2.699,3.031
24-Jun,2.535,2.658,2.98
25-Jun,2.517,2.65,2.972
26-Jun,2.509,2.642,2.963
29-Jun,2.527,2.656,2.974
30-Jun,2.515,2.652,2.978
1-Jul,2.484,2.659,2.996
2-Jul,2.474,2.662,3.026
3-Jul,2.5,2.704,3.061
6-Jul,2.525,2.712,3.071
7-Jul,2.581,2.755,3.116
8-Jul,2.704,2.871,3.215
9-Jul,2.639,2.822,3.17
10-Jul,2.652,2.812,3.152
13-Jul,2.72,2.875,3.194
14-Jul,2.738,2.882,3.198
15-Jul,2.724,2.88,3.209
16-Jul,2.751,2.901,3.222
17-Jul,2.765,2.907,3.217
20-Jul,2.773,2.933,3.24
21-Jul,2.789,2.95,3.261
22-Jul,2.82,2.977,3.268
23-Jul,2.865,3.023,3.309
24-Jul,2.803,2.974,3.275
27-Jul,2.768,2.927,3.23
28-Jul,2.723,2.883,3.194
29-Jul,2.791,2.954,3.257
30-Jul,2.738,2.915,3.244
31-Jul,2.792,2.972,3.293
3-Aug,2.747,2.915,3.241
4-Aug,2.681,2.855,3.198
5-Aug,2.699,2.868,3.202
6-Aug,2.718,2.901,3.229
7-Aug,2.717,2.886,3.219
10-Aug,2.77,2.948,3.27
11-Aug,2.759,2.924,3.246
12-Aug,2.758,2.93,3.25
13-Aug,2.737,2.898,3.218
14-Aug,2.769,2.953,3.29
17-Aug,2.773,2.963,3.309
18-Aug,2.821,3.007,3.348
19-Aug,2.833,3.02,3.348
20-Aug,2.818,3.011,3.344
21-Aug,2.811,3.01,3.344
24-Aug,2.836,3.011,3.335
25-Aug,2.774,2.953,3.282
26-Aug,2.807,2.984,3.315
27-Aug,2.824,3.002,3.329
28-Aug,2.86,3.041,3.35
31-Aug,2.891,3.081,3.394
1-Sep,2.92,3.11,3.422
2-Sep,2.958,3.143,3.452
3-Sep,2.915,3.101,3.42
4-Sep,2.904,3.096,3.422
7-Sep,2.959,3.15,3.467
8-Sep,2.96,3.14,3.441
9-Sep,3.03,3.22,3.517
10-Sep,3.208,3.342,3.581
11-Sep,3.173,3.312,3.572
14-Sep,3.231,3.352,3.584
