,GTPTE2Y Govt,GTPTE5Y Govt,GTPTE10Y Govt
,Last Price,Last Price,Last Price
Dates,PX_LAST,PX_LAST,PX_LAST
1-Jan,#N/A N/A,#N/A N/A,#N/A N/A
4-Jan,#N/A N/A,#N/A N/A,#N/A N/A
5-Jan,#N/A N/A,#N/A N/A,#N/A N/A
6-Jan,#N/A N/A,#N/A N/A,#N/A N/A
7-Jan,#N/A N/A,#N/A N/A,#N/A N/A
8-Jan,#N/A N/A,#N/A N/A,#N/A N/A
11-Jan,#N/A N/A,#N/A N/A,#N/A N/A
12-Jan,#N/A N/A,#N/A N/A,#N/A N/A
13-Jan,#N/A N/A,#N/A N/A,#N/A N/A
14-Jan,#N/A N/A,#N/A N/A,#N/A N/A
15-Jan,#N/A N/A,#N/A N/A,#N/A N/A
18-Jan,#N/A N/A,#N/A N/A,#N/A N/A
19-Jan,#N/A N/A,#N/A N/A,#N/A N/A
20-Jan,#N/A N/A,#N/A N/A,#N/A N/A
21-Jan,#N/A N/A,#N/A N/A,#N/A N/A
22-Jan,#N/A N/A,#N/A N/A,#N/A N/A
25-Jan,#N/A N/A,#N/A N/A,#N/A N/A
26-Jan,#N/A N/A,#N/A N/A,#N/A N/A
27-Jan,#N/A N/A,#N/A N/A,#N/A N/A
28-Jan,#N/A N/A,#N/A N/A,#N/A N/A
29-Jan,#N/A N/A,#N/A N/A,#N/A N/A
1-Feb,#N/A N/A,#N/A N/A,#N/A N/A
2-Feb,#N/A N/A,#N/A N/A,#N/A N/A
3-Feb,#N/A N/A,#N/A N/A,#N/A N/A
4-Feb,#N/A N/A,#N/A N/A,#N/A N/A
5-Feb,#N/A N/A,#N/A N/A,#N/A N/A
8-Feb,#N/A N/A,#N/A N/A,#N/A N/A
9-Feb,#N/A N/A,#N/A N/A,#N/A N/A
10-Feb,#N/A N/A,#N/A N/A,#N/A N/A
11-Feb,#N/A N/A,#N/A N/A,#N/A N/A
12-Feb,#N/A N/A,#N/A N/A,#N/A N/A
15-Feb,#N/A N/A,#N/A N/A,#N/A N/A
16-Feb,#N/A N/A,#N/A N/A,#N/A N/A
17-Feb,#N/A N/A,#N/A N/A,#N/A N/A
18-Feb,#N/A N/A,#N/A N/A,#N/A N/A
19-Feb,#N/A N/A,#N/A N/A,#N/A N/A
22-Feb,#N/A N/A,#N/A N/A,#N/A N/A
23-Feb,#N/A N/A,#N/A N/A,#N/A N/A
24-Feb,#N/A N/A,#N/A N/A,#N/A N/A
25-Feb,#N/A N/A,#N/A N/A,#N/A N/A
26-Feb,#N/A N/A,#N/A N/A,#N/A N/A
1-Mar,#N/A N/A,#N/A N/A,#N/A N/A
2-Mar,#N/A N/A,#N/A N/A,#N/A N/A
3-Mar,#N/A N/A,#N/A N/A,#N/A N/A
4-Mar,#N/A N/A,#N/A N/A,#N/A N/A
5-Mar,#N/A N/A,#N/A N/A,#N/A N/A
8-Mar,#N/A N/A,#N/A N/A,#N/A N/A
9-Mar,#N/A N/A,#N/A N/A,#N/A N/A
10-Mar,#N/A N/A,#N/A N/A,#N/A N/A
11-Mar,#N/A N/A,#N/A N/A,#N/A N/A
12-Mar,#N/A N/A,#N/A N/A,#N/A N/A
15-Mar,#N/A N/A,#N/A N/A,#N/A N/A
16-Mar,#N/A N/A,#N/A N/A,#N/A N/A
17-Mar,#N/A N/A,#N/A N/A,#N/A N/A
18-Mar,#N/A N/A,#N/A N/A,#N/A N/A
19-Mar,#N/A N/A,#N/A N/A,#N/A N/A
22-Mar,#N/A N/A,#N/A N/A,#N/A N/A
23-Mar,#N/A N/A,#N/A N/A,#N/A N/A
24-Mar,#N/A N/A,#N/A N/A,#N/A N/A
25-Mar,#N/A N/A,#N/A N/A,#N/A N/A
26-Mar,#N/A N/A,#N/A N/A,#N/A N/A
29-Mar,#N/A N/A,#N/A N/A,#N/A N/A
30-Mar,#N/A N/A,#N/A N/A,#N/A N/A
31-Mar,#N/A N/A,#N/A N/A,#N/A N/A
1-Apr,#N/A N/A,#N/A N/A,#N/A N/A
2-Apr,#N/A N/A,#N/A N/A,#N/A N/A
5-Apr,#N/A N/A,#N/A N/A,#N/A N/A
6-Apr,#N/A N/A,#N/A N/A,#N/A N/A
7-Apr,#N/A N/A,#N/A N/A,#N/A N/A
8-Apr,#N/A N/A,#N/A N/A,#N/A N/A
9-Apr,#N/A N/A,#N/A N/A,#N/A N/A
12-Apr,#N/A N/A,#N/A N/A,#N/A N/A
13-Apr,#N/A N/A,#N/A N/A,#N/A N/A
14-Apr,#N/A N/A,#N/A N/A,#N/A N/A
15-Apr,#N/A N/A,#N/A N/A,#N/A N/A
16-Apr,#N/A N/A,#N/A N/A,#N/A N/A
19-Apr,#N/A N/A,#N/A N/A,#N/A N/A
20-Apr,#N/A N/A,#N/A N/A,#N/A N/A
21-Apr,#N/A N/A,#N/A N/A,#N/A N/A
22-Apr,#N/A N/A,#N/A N/A,#N/A N/A
23-Apr,#N/A N/A,#N/A N/A,#N/A N/A
26-Apr,#N/A N/A,#N/A N/A,#N/A N/A
27-Apr,#N/A N/A,#N/A N/A,#N/A N/A
28-Apr,#N/A N/A,#N/A N/A,#N/A N/A
29-Apr,#N/A N/A,#N/A N/A,#N/A N/A
30-Apr,#N/A N/A,#N/A N/A,#N/A N/A
3-May,#N/A N/A,#N/A N/A,#N/A N/A
4-May,2.847,3.394,4.234
5-May,2.849,3.429,4.244
6-May,2.867,3.431,4.287
7-May,2.725,3.431,4.283
10-May,2.748,3.445,4.322
11-May,2.7,3.445,4.329
12-May,2.713,3.449,4.352
13-May,2.725,3.407,4.305
14-May,2.777,3.501,4.305
17-May,2.764,3.527,4.438
18-May,2.745,3.51,4.417
19-May,2.794,3.535,4.427
20-May,2.788,3.533,4.399
21-May,2.746,3.499,4.373
24-May,2.722,3.471,4.34
25-May,2.714,3.486,4.37
26-May,2.731,3.492,4.353
27-May,2.771,3.545,4.408
28-May,5.506,3.571,4.451
31-May,2.866,3.583,4.455
1-Jun,2.954,3.688,4.553
2-Jun,3.037,3.76,4.608
3-Jun,2.991,3.76,4.568
4-Jun,2.991,3.76,4.568
7-Jun,2.981,3.734,4.585
8-Jun,2.929,3.736,4.572
9-Jun,2.867,3.734,4.592
10-Jun,3.125,3.858,4.71
11-Jun,3.112,3.893,4.696
14-Jun,3.098,3.86,4.671
15-Jun,3.085,3.836,4.642
16-Jun,3.028,3.797,4.602
17-Jun,2.751,3.791,4.567
18-Jun,2.797,3.872,4.571
21-Jun,2.882,3.876,4.646
22-Jun,2.956,3.885,4.684
23-Jun,3.065,4.002,4.796
24-Jun,3.079,4.087,4.898
25-Jun,3.076,4.096,4.855
28-Jun,3.141,4.143,4.87
29-Jun,3.121,4.114,4.842
30-Jun,3.091,4.117,4.847
1-Jul,3.173,4.162,4.929
2-Jul,3.165,4.16,4.921
5-Jul,3.18,4.145,4.942
6-Jul,3.092,4.206,5.019
7-Jul,3.13,4.283,5.091
8-Jul,3.093,4.223,5.048
9-Jul,3.09,4.234,4.991
12-Jul,3.151,4.314,5.05
13-Jul,3.114,4.235,4.947
14-Jul,3.25,4.22,4.97
15-Jul,3.381,4.35,5.082
16-Jul,3.147,4.366,4.988
19-Jul,3.225,4.419,5.091
20-Jul,3.223,4.362,5.021
21-Jul,3.157,4.272,4.948
22-Jul,3.184,4.293,4.981
23-Jul,3.176,4.293,4.996
26-Jul,3.167,4.28,5.013
27-Jul,3.323,4.28,5.023
28-Jul,3.222,4.295,5.027
29-Jul,3.338,4.401,5.12
30-Jul,3.353,4.486,5.165
2-Aug,3.476,4.624,5.275
3-Aug,3.468,4.653,5.276
4-Aug,3.48,4.647,5.284
5-Aug,3.568,4.737,5.362
6-Aug,3.669,4.839,5.459
9-Aug,3.437,4.816,5.471
10-Aug,3.708,4.836,5.451
11-Aug,3.386,4.747,5.43
12-Aug,3.305,4.616,5.32
13-Aug,3.26,4.558,5.296
16-Aug,3.306,4.577,5.312
17-Aug,3.518,4.502,5.253
18-Aug,3.204,4.45,5.229
19-Aug,3.695,4.441,5.213
20-Aug,3.65,4.399,5.189
23-Aug,3.667,4.418,5.191
24-Aug,3.268,4.479,5.193
25-Aug,3.204,4.406,5.151
26-Aug,3.613,4.45,5.146
27-Aug,3.361,4.514,5.198
30-Aug,3.754,4.571,5.276
31-Aug,3.759,4.579,5.282
1-Sep,3.779,4.566,5.31
2-Sep,3.435,4.704,5.418
3-Sep,3.808,4.6,5.337
6-Sep,3.793,4.581,5.322
7-Sep,3.327,4.691,5.445
8-Sep,3.884,4.676,5.415
9-Sep,3.323,4.765,5.296
10-Sep,3.906,4.694,5.432
13-Sep,3.983,4.776,5.506
14-Sep,4.001,4.793,5.53
15-Sep,4.037,4.855,5.57
16-Sep,3.95,4.771,5.504
17-Sep,3.271,4.695,5.435
20-Sep,3.927,4.748,5.474
21-Sep,3.266,4.768,5.49
22-Sep,3.935,4.75,5.481
23-Sep,3.907,4.724,5.455
24-Sep,3.252,4.633,5.369
27-Sep,3.592,4.742,5.465
28-Sep,3.227,4.747,5.461
29-Sep,3.65,4.817,5.508
30-Sep,3.579,4.762,5.452
1-Oct,3.364,4.875,5.547
4-Oct,3.689,4.909,5.553
5-Oct,3.657,4.906,5.545
6-Oct,3.448,4.938,5.575
7-Oct,3.432,4.91,5.584
8-Oct,3.727,4.908,5.596
11-Oct,3.739,4.918,5.608
12-Oct,3.703,5.047,5.693
13-Oct,3.465,5.024,5.688
14-Oct,3.943,5.189,5.809
15-Oct,3.419,4.883,5.772
18-Oct,3.747,5.096,5.759
19-Oct,3.883,5.114,5.751
20-Oct,3.97,5.189,5.831
21-Oct,3.891,5.107,5.751
22-Oct,3.89,5.098,5.754
25-Oct,3.965,5.178,5.824
26-Oct,3.929,5.174,5.791
27-Oct,3.436,5.11,5.697
28-Oct,3.744,4.993,5.584
29-Oct,3.635,4.897,5.459
1-Nov,3.64,4.907,5.471
2-Nov,3.577,4.843,5.405
3-Nov,3.705,4.919,5.454
4-Nov,3.397,4.841,5.366
5-Nov,3.358,4.789,5.33
8-Nov,3.399,5.074,5.742
9-Nov,3.339,4.653,5.259
10-Nov,3.677,4.723,5.316
11-Nov,3.436,4.719,5.322
12-Nov,3.477,4.618,5.239
15-Nov,3.576,4.661,5.262
16-Nov,3.935,4.382,5.199
17-Nov,4.183,4.628,5.34
18-Nov,4.092,4.539,5.376
19-Nov,4.139,4.693,5.41
22-Nov,4.205,4.702,5.432
23-Nov,4.19,4.589,5.431
24-Nov,4.275,4.667,5.514
25-Nov,4.273,4.666,5.51
26-Nov,4.329,4.723,5.564
29-Nov,4.346,4.742,5.569
30-Nov,4.241,4.639,5.47
1-Dec,4.208,4.604,5.443
2-Dec,4.294,4.693,5.532
3-Dec,4.245,4.644,5.478
6-Dec,4.144,4.543,5.386
7-Dec,4.115,4.511,5.356
8-Dec,4.205,4.559,5.361
9-Dec,4.269,4.579,5.355
10-Dec,4.048,4.444,5.283
13-Dec,4.087,4.534,5.317
14-Dec,4.15,4.547,5.39
15-Dec,4.315,4.512,5.354
16-Dec,4.463,4.733,5.512
17-Dec,4.517,4.715,5.559
20-Dec,4.539,4.796,5.591
21-Dec,4.333,4.796,5.554
22-Dec,4.291,4.632,5.599
23-Dec,4.345,4.621,5.575
24-Dec,4.348,4.145,5.553
27-Dec,4.267,4.609,5.543
28-Dec,4.359,4.609,5.621
29-Dec,4.331,4.616,5.618
30-Dec,4.405,4.743,5.68
31-Dec,4.418,4.742,5.668
3-Jan,4.418,4.742,5.668
4-Jan,4.415,4.744,5.71
5-Jan,4.43,4.608,5.819
6-Jan,4.414,4.608,5.871
7-Jan,4.575,4.817,5.759
10-Jan,4.325,4.667,5.72
11-Jan,4.395,4.742,5.83
12-Jan,4.434,4.8,5.874
13-Jan,4.423,4.786,5.819
14-Jan,4.455,4.917,5.858
17-Jan,4.396,4.788,5.871
18-Jan,4.414,4.788,5.95
19-Jan,4.448,4.788,5.894
20-Jan,4.476,4.788,5.887
21-Jan,4.465,4.788,5.869
24-Jan,4.473,4.788,5.869
25-Jan,4.462,4.788,5.804
26-Jan,4.492,4.788,5.805
27-Jan,4.599,5.471,5.924
28-Jan,4.573,5.471,5.885
31-Jan,4.552,5.471,5.897
1-Feb,4.511,5.471,5.76
2-Feb,4.527,4.817,5.77
3-Feb,4.535,4.805,5.745
4-Feb,4.564,4.785,5.815
7-Feb,4.543,4.809,5.837
8-Feb,4.522,4.909,5.783
9-Feb,4.582,4.825,5.787
10-Feb,4.591,4.801,5.885
11-Feb,4.59,4.789,5.891
14-Feb,4.564,4.742,5.833
15-Feb,4.562,4.795,5.855
16-Feb,4.583,4.773,5.877
17-Feb,4.613,4.975,5.891
18-Feb,4.581,4.962,5.87
21-Feb,4.615,4.932,5.814
22-Feb,4.553,4.869,5.711
23-Feb,4.58,4.963,5.744
24-Feb,4.502,4.896,5.71
25-Feb,4.551,5.247,5.744
28-Feb,4.555,4.907,5.786
29-Feb,4.564,4.936,5.8
1-Mar,4.581,4.919,5.783
2-Mar,4.599,4.948,5.819
3-Mar,4.577,4.885,5.754
6-Mar,4.565,5.255,5.766
7-Mar,4.639,5.255,5.743
8-Mar,4.618,5.255,5.743
9-Mar,4.539,4.831,5.635
10-Mar,4.569,4.941,5.661
13-Mar,4.583,4.846,5.612
14-Mar,4.603,5.005,5.661
15-Mar,4.615,4.965,5.632
16-Mar,4.519,4.923,5.566
17-Mar,4.518,4.955,5.547
20-Mar,4.521,4.978,5.542
21-Mar,4.488,4.978,5.531
22-Mar,4.52,4.978,5.545
23-Mar,4.465,4.921,5.514
24-Mar,4.521,4.997,5.549
27-Mar,4.557,4.99,5.619
28-Mar,4.528,4.906,5.581
29-Mar,4.555,5.264,5.604
30-Mar,4.516,5.198,5.564
31-Mar,4.482,5.171,5.52
3-Apr,4.475,5.149,5.505
4-Apr,4.441,5.145,5.497
5-Apr,4.387,5.096,5.431
6-Apr,4.46,5.155,5.498
7-Apr,4.453,5.155,5.497
10-Apr,4.462,5.144,5.473
11-Apr,4.498,5.17,5.489
12-Apr,4.503,5.176,5.498
13-Apr,4.556,5.182,5.495
14-Apr,4.57,5.197,5.539
17-Apr,4.53,5.188,5.534
18-Apr,4.575,5.22,5.557
19-Apr,4.611,5.261,5.584
20-Apr,4.648,5.293,5.609
21-Apr,4.647,5.289,5.595
24-Apr,4.647,5.304,5.611
25-Apr,4.686,5.312,5.628
26-Apr,4.675,5.284,5.58
27-Apr,4.712,5.302,5.602
28-Apr,4.755,5.31,5.594
1-May,4.76,5.295,5.578
2-May,4.821,5.367,5.631
3-May,4.924,5.434,5.717
4-May,4.973,5.52,5.778
5-May,5.006,5.535,5.783
8-May,4.977,5.509,5.734
9-May,4.953,5.472,5.696
10-May,4.938,5.437,5.679
11-May,5.045,5.525,5.755
12-May,5.055,5.547,5.743
15-May,5.008,5.516,5.721
16-May,5.041,5.49,5.691
17-May,5.165,5.596,5.76
18-May,5.176,5.605,5.784
19-May,5.204,5.643,5.803
22-May,5.156,5.572,5.733
23-May,5.126,5.57,5.723
24-May,5.123,5.501,5.682
25-May,5.1,5.45,5.649
26-May,4.969,5.393,5.586
29-May,5.085,5.422,5.634
30-May,5.054,5.442,5.611
31-May,5.104,5.422,5.575
1-Jun,5.079,5.386,5.498
2-Jun,4.954,5.276,5.473
5-Jun,4.941,5.27,5.476
6-Jun,4.975,5.281,5.527
7-Jun,4.96,5.267,5.524
8-Jun,5.107,5.387,5.609
9-Jun,5.154,5.415,5.562
12-Jun,5.159,5.402,5.573
13-Jun,5.086,5.342,5.535
14-Jun,5.101,5.349,5.565
15-Jun,5.04,5.322,5.562
16-Jun,4.99,5.283,5.498
19-Jun,5.012,5.267,5.514
20-Jun,5.075,5.298,5.518
21-Jun,5.178,5.411,5.58
22-Jun,5.177,5.436,5.611
23-Jun,5.195,5.479,5.649
26-Jun,5.188,5.476,5.633
27-Jun,5.188,5.474,5.639
28-Jun,5.196,5.47,5.649
29-Jun,5.14,5.403,5.6
30-Jun,5.139,5.407,5.62
3-Jul,5.187,5.445,5.669
4-Jul,5.18,5.466,5.672
5-Jul,5.134,5.425,5.641
6-Jul,5.183,5.477,5.698
7-Jul,5.163,5.461,5.65
10-Jul,5.174,5.48,5.661
11-Jul,5.173,5.466,5.627
12-Jul,5.221,5.507,5.644
13-Jul,5.182,5.475,5.617
14-Jul,5.276,5.55,5.66
17-Jul,5.294,5.562,5.692
18-Jul,5.293,5.546,5.691
19-Jul,5.304,5.542,5.672
20-Jul,5.245,5.494,5.616
21-Jul,5.283,5.506,5.605
24-Jul,5.282,5.517,5.602
25-Jul,5.236,5.469,5.558
26-Jul,5.227,5.449,5.522
27-Jul,5.252,5.451,5.534
28-Jul,5.284,5.463,5.572
31-Jul,5.263,5.465,5.581
1-Aug,5.23,5.413,5.54
2-Aug,5.214,5.425,5.548
3-Aug,5.246,5.447,5.57
4-Aug,5.226,5.434,5.581
7-Aug,5.179,5.4,5.547
8-Aug,5.217,5.436,5.566
9-Aug,5.247,5.434,5.547
10-Aug,5.219,5.409,5.525
11-Aug,5.304,5.444,5.525
14-Aug,5.343,5.478,5.555
15-Aug,5.368,5.51,5.557
16-Aug,5.381,5.538,5.588
17-Aug,5.408,5.545,5.607
18-Aug,5.407,5.541,5.597
21-Aug,5.453,5.596,5.64
22-Aug,5.433,5.571,5.624
23-Aug,5.384,5.537,5.605
24-Aug,5.41,5.541,5.61
25-Aug,5.409,5.555,5.611
28-Aug,5.422,5.565,5.627
29-Aug,5.422,5.579,5.664
30-Aug,5.413,5.593,5.677
31-Aug,5.392,5.568,5.67
1-Sep,5.289,5.468,5.57
4-Sep,5.281,5.464,5.573
5-Sep,5.291,5.471,5.578
6-Sep,5.354,5.541,5.624
7-Sep,5.332,5.527,5.621
8-Sep,5.338,5.546,5.659
11-Sep,5.345,5.541,5.647
12-Sep,5.33,5.534,5.659
13-Sep,5.293,5.511,5.644
14-Sep,5.25,5.483,5.633
15-Sep,5.256,5.502,5.695
18-Sep,5.234,5.5,5.728
19-Sep,5.226,5.486,5.701
20-Sep,5.238,5.489,5.711
21-Sep,5.223,5.454,5.677
22-Sep,5.186,5.405,5.628
25-Sep,5.271,5.47,5.666
26-Sep,5.241,5.44,5.639
27-Sep,5.26,5.462,5.67
28-Sep,5.252,5.45,5.643
29-Sep,5.23,5.417,5.609
2-Oct,5.177,5.415,5.621
3-Oct,5.182,5.408,5.622
4-Oct,5.202,5.42,5.617
5-Oct,5.26,5.439,5.631
6-Oct,5.238,5.42,5.607
9-Oct,5.199,5.388,5.588
10-Oct,5.204,5.395,5.597
11-Oct,5.182,5.343,5.552
12-Oct,5.159,5.329,5.567
13-Oct,5.172,5.336,5.593
16-Oct,5.208,5.362,5.593
17-Oct,5.2,5.378,5.601
18-Oct,5.212,5.359,5.595
19-Oct,5.233,5.388,5.591
20-Oct,5.262,5.418,5.588
23-Oct,5.306,5.425,5.601
24-Oct,5.298,5.425,5.611
25-Oct,5.303,5.451,5.649
26-Oct,5.287,5.428,5.621
27-Oct,5.286,5.402,5.606
30-Oct,5.27,5.399,5.611
31-Oct,5.283,5.406,5.604
1-Nov,5.244,5.38,5.589
2-Nov,5.259,5.39,5.594
3-Nov,5.258,5.392,5.607
6-Nov,5.257,5.409,5.619
7-Nov,5.256,5.421,5.631
8-Nov,5.254,5.433,5.639
9-Nov,5.245,5.411,5.62
10-Nov,5.205,5.385,5.599
13-Nov,5.165,5.354,5.583
14-Nov,5.18,5.361,5.571
15-Nov,5.185,5.352,5.574
16-Nov,5.168,5.337,5.558
17-Nov,5.167,5.323,5.565
20-Nov,5.174,5.323,5.547
21-Nov,5.189,5.344,5.561
22-Nov,5.17,5.306,5.503
23-Nov,5.177,5.299,5.509
24-Nov,5.152,5.316,5.503
27-Nov,5.174,5.308,5.496
28-Nov,5.138,5.26,5.473
29-Nov,5.097,5.232,5.466
30-Nov,5.015,5.156,5.381
1-Dec,5.039,5.146,5.386
4-Dec,4.997,5.094,5.35
5-Dec,4.951,5.072,5.345
6-Dec,4.884,4.989,5.311
7-Dec,4.907,5.006,5.335
8-Dec,4.939,5.048,5.349
11-Dec,4.962,5.057,5.347
12-Dec,4.961,5.064,5.374
13-Dec,4.907,4.993,5.317
14-Dec,4.88,4.952,5.287
15-Dec,4.854,4.91,5.245
18-Dec,4.827,4.872,5.225
19-Dec,4.842,4.914,5.263
20-Dec,4.793,4.868,5.248
21-Dec,4.806,4.896,5.276
22-Dec,4.762,4.882,5.276
25-Dec,4.737,4.89,5.261
26-Dec,4.737,4.89,5.252
27-Dec,4.712,4.859,5.249
28-Dec,4.752,4.895,5.309
29-Dec,4.716,4.831,5.255
1-Jan,4.705,4.85,5.25
2-Jan,4.569,4.703,5.13
3-Jan,4.57,4.7,5.104
4-Jan,4.516,4.704,5.119
5-Jan,4.428,4.642,5.076
8-Jan,4.442,4.654,5.096
9-Jan,4.526,4.738,5.149
10-Jan,4.649,4.806,5.18
11-Jan,4.56,4.766,5.132
12-Jan,4.68,4.851,5.208
15-Jan,4.68,4.851,5.208
16-Jan,4.64,4.851,5.232
17-Jan,4.625,4.833,5.193
18-Jan,4.729,4.788,5.177
19-Jan,4.584,4.792,5.211
22-Jan,4.591,4.818,5.22
23-Jan,4.588,4.791,5.203
24-Jan,4.662,4.855,5.231
25-Jan,4.705,4.889,5.236
26-Jan,4.703,4.898,5.232
29-Jan,4.683,4.871,5.225
30-Jan,4.598,4.816,5.198
31-Jan,4.554,4.77,5.161
1-Feb,4.607,4.781,5.159
2-Feb,4.604,4.781,5.144
5-Feb,4.584,4.764,5.124
6-Feb,4.609,4.768,5.137
7-Feb,4.601,4.756,5.126
8-Feb,4.646,4.789,5.155
9-Feb,4.615,4.76,5.123
12-Feb,4.622,4.769,5.125
13-Feb,4.61,4.738,5.126
14-Feb,4.631,4.761,5.15
15-Feb,4.696,4.855,5.213
16-Feb,4.665,4.831,5.188
19-Feb,4.662,4.804,5.177
20-Feb,4.679,4.825,5.202
21-Feb,4.711,4.861,5.232
22-Feb,4.736,4.865,5.237
23-Feb,4.694,4.831,5.216
26-Feb,4.682,4.814,5.216
27-Feb,4.604,4.729,5.142
28-Feb,4.586,4.723,5.138
1-Mar,4.613,4.74,5.139
2-Mar,4.591,4.732,5.12
5-Mar,4.618,4.766,5.145
6-Mar,4.596,4.746,5.134
7-Mar,4.568,4.74,5.138
8-Mar,4.545,4.723,5.124
9-Mar,4.593,4.745,5.131
12-Mar,4.56,4.74,5.118
13-Mar,4.547,4.737,5.143
14-Mar,4.528,4.702,5.123
15-Mar,4.484,4.687,5.132
16-Mar,4.543,4.643,5.128
19-Mar,4.52,4.674,5.136
20-Mar,4.517,4.691,5.153
21-Mar,4.412,4.616,5.101
22-Mar,4.315,4.516,5.036
23-Mar,4.342,4.55,5.057
26-Mar,4.348,4.547,5.083
27-Mar,4.365,4.596,5.108
28-Mar,4.363,4.594,5.102
29-Mar,4.37,4.631,5.147
30-Mar,4.355,4.601,5.134
2-Apr,4.372,4.608,5.146
3-Apr,4.368,4.593,5.132
4-Apr,4.366,4.639,5.184
5-Apr,4.373,4.648,5.186
6-Apr,4.261,4.648,5.141
9-Apr,4.25,4.648,5.149
10-Apr,4.31,4.648,5.192
11-Apr,4.478,4.648,5.274
12-Apr,4.536,4.648,5.273
13-Apr,4.525,4.648,5.272
16-Apr,4.52,4.648,5.279
17-Apr,4.525,4.648,5.3
18-Apr,4.455,4.648,5.326
19-Apr,4.529,4.648,5.399
20-Apr,4.544,4.648,5.363
23-Apr,4.479,4.648,5.322
24-Apr,4.612,4.934,5.365
25-Apr,4.601,4.987,5.363
26-Apr,4.525,5.003,5.322
27-Apr,4.621,4.954,5.388
30-Apr,4.74,5.05,5.449
1-May,4.74,5.097,5.456
2-May,4.696,5.091,5.41
3-May,4.674,5.084,5.391
4-May,4.619,5.033,5.346
7-May,4.613,4.984,5.355
8-May,4.58,4.984,5.354
9-May,4.54,4.925,5.336
10-May,4.403,4.925,5.337
11-May,3.876,4.925,5.426
14-May,4.424,4.925,5.471
15-May,3.94,4.925,5.474
16-May,4.45,4.925,5.456
17-May,4.47,4.963,5.443
18-May,4.503,4.975,5.439
21-May,4.502,4.977,5.455
22-May,4.54,4.977,5.486
23-May,4.539,4.99,5.512
24-May,4.505,5.004,5.537
25-May,4.538,5.004,5.56
28-May,4.482,5.004,5.535
29-May,4.464,5.004,5.49
30-May,4.441,4.966,5.521
31-May,4.484,4.966,5.529
1-Jun,4.433,5.031,5.436
4-Jun,4.371,5.031,5.44
5-Jun,4.336,5.031,5.373
6-Jun,4.386,5.031,5.413
7-Jun,4.378,5.031,5.45
8-Jun,4.395,5.031,5.441
11-Jun,4.394,5.031,5.418
12-Jun,4.427,5.031,5.432
13-Jun,4.47,4.905,5.431
14-Jun,4.384,4.907,5.381
15-Jun,4.384,4.858,5.377
18-Jun,4.355,4.843,5.365
19-Jun,4.348,4.843,5.392
20-Jun,4.347,4.852,5.372
21-Jun,4.334,4.909,5.353
22-Jun,4.298,4.909,5.328
25-Jun,4.268,4.806,5.335
26-Jun,4.314,4.813,5.375
27-Jun,4.307,4.813,5.361
28-Jun,4.34,4.843,5.399
29-Jun,4.403,4.95,5.485
2-Jul,4.391,4.95,5.476
3-Jul,4.454,4.95,5.505
4-Jul,4.448,4.95,5.505
5-Jul,4.493,4.95,5.502
6-Jul,4.445,4.95,5.458
9-Jul,4.474,4.95,5.487
10-Jul,4.426,4.95,5.468
11-Jul,4.372,4.933,5.434
12-Jul,4.388,4.933,5.461
13-Jul,4.417,4.933,5.47
16-Jul,4.392,4.933,5.441
17-Jul,4.41,4.933,5.422
18-Jul,4.361,4.933,5.397
19-Jul,4.395,4.933,5.389
20-Jul,4.358,4.893,5.349
23-Jul,4.345,4.88,5.353
24-Jul,4.32,4.877,5.357
25-Jul,4.326,4.877,5.353
26-Jul,4.317,4.877,5.321
27-Jul,4.28,4.809,5.282
30-Jul,4.273,4.815,5.288
31-Jul,4.266,4.791,5.264
1-Aug,4.247,4.806,5.282
2-Aug,4.268,4.835,5.306
3-Aug,4.243,4.802,5.281
6-Aug,4.242,4.764,5.28
7-Aug,4.259,4.79,5.285
8-Aug,4.271,4.801,5.276
9-Aug,4.175,4.732,5.215
10-Aug,4.119,4.732,5.17
13-Aug,4.135,4.692,5.164
14-Aug,4.146,4.734,5.204
15-Aug,4.143,4.734,5.2
16-Aug,4.137,4.734,5.183
17-Aug,4.073,4.734,5.122
20-Aug,4.085,4.68,5.152
21-Aug,4.109,4.68,5.177
22-Aug,4.132,4.727,5.199
23-Aug,4.142,4.731,5.2
24-Aug,4.191,4.771,5.236
27-Aug,4.19,4.769,5.215
28-Aug,4.1,4.769,5.167
29-Aug,4.105,4.688,5.16
30-Aug,4.019,4.616,5.11
31-Aug,4.05,4.629,5.138
3-Sep,4.023,4.602,5.13
4-Sep,4.156,4.733,5.249
5-Sep,4.155,4.76,5.251
6-Sep,4.087,4.692,5.203
7-Sep,3.996,4.637,5.163
10-Sep,4.02,4.664,5.204
11-Sep,3.716,4.664,5.097
12-Sep,3.856,4.664,5.214
13-Sep,3.774,4.567,5.19
14-Sep,3.727,4.567,5.158
17-Sep,3.66,4.528,5.188
18-Sep,3.658,4.528,5.188
19-Sep,3.604,4.521,5.202
20-Sep,3.585,4.521,5.21
21-Sep,3.544,4.547,5.249
24-Sep,3.562,4.547,5.253
25-Sep,3.553,4.524,5.184
26-Sep,3.544,4.524,5.143
27-Sep,3.518,4.467,5.116
28-Sep,3.556,4.467,5.142
1-Oct,3.52,4.477,5.104
2-Oct,3.518,4.477,5.041
3-Oct,3.403,4.359,4.974
4-Oct,3.374,4.359,4.992
5-Oct,3.398,4.34,4.97
8-Oct,3.425,4.338,4.996
9-Oct,3.454,4.338,5.029
10-Oct,3.467,4.4,5.022
11-Oct,3.518,4.4,5.034
12-Oct,3.449,4.417,5.006
15-Oct,3.46,4.417,4.98
16-Oct,3.43,4.355,4.956
17-Oct,3.45,4.355,4.973
18-Oct,3.441,4.356,4.934
19-Oct,3.418,4.356,4.94
22-Oct,3.388,4.356,4.91
23-Oct,3.413,4.356,4.917
24-Oct,3.385,4.356,4.858
25-Oct,3.355,4.356,4.804
26-Oct,3.366,4.356,4.792
29-Oct,3.278,4.134,4.792
30-Oct,3.2,4.134,4.694
31-Oct,3.205,4.134,4.705
1-Nov,3.205,4.134,4.575
2-Nov,3.181,4.134,4.668
5-Nov,3.15,4.134,4.634
6-Nov,3.119,3.812,4.636
7-Nov,3.04,3.752,4.58
8-Nov,3.079,3.787,4.61
9-Nov,3.09,3.813,4.624
12-Nov,3.065,3.797,4.617
13-Nov,3.154,3.898,4.715
14-Nov,3.223,3.99,4.778
15-Nov,3.414,4.092,4.835
16-Nov,3.476,4.133,4.866
19-Nov,3.43,4.128,4.839
20-Nov,3.406,4.098,4.84
21-Nov,3.478,4.168,4.911
22-Nov,3.519,4.209,4.923
23-Nov,3.495,4.181,4.892
26-Nov,3.434,4.146,4.856
27-Nov,3.556,4.275,4.977
28-Nov,3.461,4.216,4.932
29-Nov,3.399,4.169,4.898
30-Nov,3.36,4.097,4.845
3-Dec,3.313,4.057,4.811
4-Dec,3.347,4.054,4.786
5-Dec,3.488,4.248,4.968
6-Dec,3.538,4.309,5.007
7-Dec,3.588,4.427,5.13
10-Dec,3.525,4.37,5.095
11-Dec,3.485,4.294,5.023
12-Dec,3.394,4.208,4.952
13-Dec,3.467,4.295,5.011
14-Dec,3.488,4.3,4.965
17-Dec,3.569,4.384,5.051
18-Dec,3.498,4.33,5.024
19-Dec,3.452,4.283,5.002
20-Dec,3.472,4.311,4.997
21-Dec,3.514,4.357,5.071
24-Dec,3.514,4.369,5.066
25-Dec,3.49,4.369,5.059
26-Dec,3.49,4.369,5.078
27-Dec,3.511,4.426,5.12
28-Dec,3.564,4.462,5.183
31-Dec,3.564,4.462,5.183
1-Jan,3.54,4.462,5.183
2-Jan,3.477,4.435,5.143
3-Jan,3.467,4.416,5.1
4-Jan,3.567,4.466,5.146
7-Jan,3.541,4.355,5.02
8-Jan,3.546,4.408,5.048
9-Jan,3.619,4.504,5.083
10-Jan,3.601,4.47,5.052
11-Jan,3.639,4.467,5.032
14-Jan,3.563,4.394,4.969
15-Jan,3.601,4.435,4.986
16-Jan,3.586,4.405,4.981
17-Jan,3.997,4.541,5.013
18-Jan,4.039,4.572,5.052
21-Jan,4.015,4.55,5.024
22-Jan,4.107,4.613,5.077
23-Jan,4.046,4.589,5.035
24-Jan,4.165,4.688,5.123
25-Jan,4.229,4.78,5.203
28-Jan,4.263,4.795,5.203
29-Jan,4.196,4.753,5.182
30-Jan,4.172,4.735,5.165
31-Jan,4.185,4.724,5.126
1-Feb,4.156,4.686,5.096
4-Feb,4.093,4.615,5.054
5-Feb,4.055,4.592,5.039
6-Feb,4.039,4.596,5.059
7-Feb,4.143,4.724,5.171
8-Feb,4.13,4.691,5.153
11-Feb,4.139,4.701,5.16
12-Feb,4.139,4.726,5.16
13-Feb,4.197,4.772,5.202
14-Feb,4.181,4.754,5.167
15-Feb,4.138,4.701,5.13
18-Feb,4.134,4.702,5.135
19-Feb,4.135,4.706,5.183
20-Feb,4.158,4.716,5.189
21-Feb,4.154,4.724,5.211
22-Feb,4.102,4.664,5.159
25-Feb,4.138,4.698,5.202
26-Feb,4.134,4.708,5.2
27-Feb,4.144,4.729,5.198
28-Feb,4.127,4.715,5.182
1-Mar,4.176,4.736,5.233
4-Mar,4.208,4.759,5.246
5-Mar,4.257,4.833,5.309
6-Mar,4.29,4.901,5.355
7-Mar,4.349,4.973,5.402
8-Mar,4.412,4.995,5.385
11-Mar,4.395,4.96,5.365
12-Mar,4.391,4.962,5.402
13-Mar,4.367,4.955,5.389
14-Mar,4.408,4.992,5.432
15-Mar,4.441,5.009,5.432
18-Mar,4.446,4.988,5.409
19-Mar,4.447,4.985,5.408
20-Mar,4.477,5.025,5.428
21-Mar,4.492,5.026,5.432
22-Mar,4.52,5.055,5.461
25-Mar,4.548,5.088,5.488
26-Mar,4.512,5.054,5.442
27-Mar,4.49,5.054,5.434
28-Mar,4.519,5.057,5.459
29-Mar,4.518,5.058,5.456
1-Apr,4.533,5.066,5.466
2-Apr,4.506,5.052,5.462
3-Apr,4.435,4.977,5.399
4-Apr,4.409,4.931,5.354
5-Apr,4.391,4.91,5.351
8-Apr,4.374,4.927,5.392
9-Apr,4.388,4.942,5.405
10-Apr,4.391,4.957,5.432
11-Apr,4.373,4.929,5.398
12-Apr,4.351,4.913,5.395
15-Apr,4.306,4.858,5.348
16-Apr,4.409,4.958,5.425
17-Apr,4.388,4.947,5.44
18-Apr,4.347,4.962,5.436
19-Apr,4.38,4.961,5.447
22-Apr,4.335,4.907,5.399
23-Apr,4.361,4.934,5.435
24-Apr,4.32,4.901,5.388
25-Apr,4.254,4.826,5.343
26-Apr,4.251,4.824,5.336
29-Apr,4.299,4.873,5.377
30-Apr,4.282,4.862,5.36
1-May,4.282,4.862,5.357
2-May,4.378,4.95,5.428
3-May,4.298,4.867,5.348
6-May,4.309,4.861,5.349
7-May,4.3,4.86,5.344
8-May,4.355,4.919,5.411
9-May,4.384,4.944,5.432
10-May,4.405,4.959,5.433
13-May,4.425,4.976,5.44
14-May,4.507,5.035,5.49
15-May,4.525,5.04,5.485
16-May,4.492,5.004,5.463
17-May,4.537,5.036,5.493
20-May,4.49,4.966,5.417
21-May,4.442,4.949,5.407
22-May,4.392,4.909,5.385
23-May,4.383,4.883,5.357
24-May,4.404,4.903,5.381
27-May,4.44,4.942,5.418
28-May,4.438,4.926,5.398
29-May,4.424,4.9,5.382
30-May,4.395,4.888,5.368
31-May,4.445,4.926,5.397
3-Jun,4.416,4.919,5.389
4-Jun,4.378,4.874,5.363
5-Jun,3.548,4.865,5.344
6-Jun,4.348,4.858,5.355
7-Jun,4.334,4.859,5.37
10-Jun,4.295,4.82,5.338
11-Jun,4.316,4.839,5.366
12-Jun,4.284,4.795,5.326
13-Jun,4.21,4.729,5.254
14-Jun,4.161,4.671,5.217
17-Jun,4.187,4.716,5.265
18-Jun,4.178,4.687,5.236
19-Jun,4.155,4.668,5.212
20-Jun,4.161,4.681,5.22
21-Jun,4.151,4.675,5.205
24-Jun,4.082,4.628,5.176
25-Jun,4.153,4.685,5.223
26-Jun,4.075,4.596,5.17
27-Jun,4.085,4.616,5.175
28-Jun,4.076,4.617,5.204
1-Jul,4.082,4.641,5.239
2-Jul,4.022,4.587,5.182
3-Jul,4.028,4.6,5.195
4-Jul,4.07,4.641,5.236
5-Jul,4.126,4.684,5.276
8-Jul,4.111,4.681,5.26
9-Jul,4.097,4.663,5.254
10-Jul,4.033,4.602,5.189
11-Jul,3.977,4.545,5.129
12-Jul,3.932,4.528,5.108
15-Jul,3.881,4.492,5.062
16-Jul,3.928,4.547,5.125
17-Jul,3.949,4.562,5.143
18-Jul,3.95,4.554,5.132
19-Jul,3.889,4.495,5.082
22-Jul,3.843,4.452,5.052
23-Jul,3.848,4.458,5.056
24-Jul,3.762,4.387,4.992
25-Jul,3.783,4.397,5.017
26-Jul,3.716,4.361,5.023
29-Jul,3.809,4.441,5.081
30-Jul,3.789,4.433,5.068
31-Jul,3.717,4.367,5.024
1-Aug,3.65,4.303,4.968
2-Aug,3.546,4.191,4.888
5-Aug,3.468,4.127,4.832
6-Aug,3.577,4.207,4.895
7-Aug,3.499,4.14,4.835
8-Aug,3.546,4.185,4.877
9-Aug,3.562,4.189,4.849
12-Aug,3.567,4.182,4.817
13-Aug,3.53,4.147,4.775
14-Aug,3.498,4.098,4.713
15-Aug,3.699,4.286,4.863
16-Aug,3.715,4.273,4.855
19-Aug,3.741,4.3,4.883
20-Aug,3.662,4.222,4.83
21-Aug,3.736,4.314,4.925
22-Aug,3.763,4.339,4.952
23-Aug,3.72,4.276,4.909
26-Aug,3.699,4.275,4.905
27-Aug,3.72,4.281,4.907
28-Aug,3.64,4.202,4.827
29-Aug,3.597,4.168,4.817
30-Aug,3.554,4.131,4.817
2-Sep,3.494,4.058,4.75
3-Sep,3.435,3.998,4.694
4-Sep,3.402,4.01,4.696
5-Sep,3.353,4.045,4.668
6-Sep,3.304,4.007,4.679
9-Sep,3.406,4.055,4.679
10-Sep,3.46,4.111,4.733
11-Sep,3.53,4.183,4.799
12-Sep,3.442,4.1,4.724
13-Sep,3.376,4.046,4.684
16-Sep,3.332,3.985,4.603
17-Sep,3.337,3.989,4.616
18-Sep,3.319,3.948,4.575
19-Sep,3.286,3.914,4.549
20-Sep,3.307,3.953,4.606
23-Sep,3.263,3.904,4.562
24-Sep,3.218,3.865,4.539
25-Sep,3.266,3.895,4.581
26-Sep,3.31,3.955,4.603
27-Sep,3.265,3.932,4.594
30-Sep,3.17,3.842,4.525
1-Oct,3.164,3.855,4.556
2-Oct,3.212,3.927,4.643
3-Oct,3.161,3.902,4.638
4-Oct,3.099,3.861,4.606
7-Oct,3.109,3.836,4.565
8-Oct,3.125,3.822,4.542
9-Oct,3.123,3.845,4.549
10-Oct,3.224,3.927,4.605
11-Oct,3.285,3.988,4.68
14-Oct,3.302,4.017,4.708
15-Oct,3.386,4.143,4.808
16-Oct,3.402,4.174,4.829
17-Oct,3.379,4.16,4.817
18-Oct,3.355,4.164,4.826
21-Oct,3.355,4.187,4.843
22-Oct,3.36,4.193,4.868
23-Oct,3.261,4.112,4.795
24-Oct,3.307,4.162,4.848
25-Oct,3.312,4.136,4.801
28-Oct,3.259,4.072,4.754
29-Oct,3.187,3.998,4.697
30-Oct,3.227,4.029,4.745
31-Oct,3.157,3.976,4.702
1-Nov,3.186,3.998,4.747
4-Nov,3.168,3.993,4.752
5-Nov,3.231,4.052,4.794
6-Nov,3.241,4.071,4.795
7-Nov,3.217,4.002,4.722
8-Nov,3.134,3.91,4.647
11-Nov,3.104,3.871,4.612
12-Nov,3.085,3.852,4.577
13-Nov,3.095,3.873,4.602
14-Nov,3.118,3.914,4.643
15-Nov,3.117,3.897,4.619
18-Nov,3.128,3.922,4.635
19-Nov,3.103,3.901,4.609
20-Nov,3.095,3.879,4.588
21-Nov,3.142,3.94,4.668
22-Nov,3.135,3.93,4.667
25-Nov,3.14,3.964,4.69
26-Nov,3.115,3.913,4.627
27-Nov,3.197,3.979,4.684
28-Nov,3.172,3.971,4.671
29-Nov,3.16,3.931,4.628
2-Dec,3.135,3.963,4.655
3-Dec,3.116,3.923,4.615
4-Dec,3.131,3.933,4.607
5-Dec,3.088,3.889,4.574
6-Dec,3.026,3.838,4.541
9-Dec,2.97,3.789,4.511
10-Dec,2.963,3.781,4.51
11-Dec,2.941,3.745,4.489
12-Dec,2.878,3.689,4.441
13-Dec,2.896,3.725,4.459
16-Dec,2.888,3.722,4.478
17-Dec,2.856,3.694,4.46
18-Dec,2.803,3.628,4.404
19-Dec,2.83,3.659,4.416
20-Dec,2.819,3.637,4.404
23-Dec,2.824,3.638,4.405
24-Dec,2.817,3.636,4.407
25-Dec,2.824,3.636,4.406
26-Dec,2.824,3.638,4.41
27-Dec,2.745,3.54,4.325
30-Dec,2.75,3.537,4.323
31-Dec,2.752,3.535,4.321
1-Jan,2.759,3.536,4.324
2-Jan,2.84,3.648,4.434
3-Jan,2.806,3.649,4.456
6-Jan,2.767,3.605,4.431
7-Jan,2.753,3.583,4.397
8-Jan,2.697,3.53,4.337
9-Jan,2.728,3.548,4.367
10-Jan,2.694,3.508,4.354
13-Jan,2.712,3.53,4.364
14-Jan,2.704,3.52,4.346
15-Jan,2.699,3.511,4.348
16-Jan,2.756,3.534,4.368
17-Jan,2.657,3.412,4.264
20-Jan,2.636,3.384,4.235
21-Jan,2.667,3.388,4.218
22-Jan,2.629,3.36,4.19
23-Jan,2.614,3.327,4.164
24-Jan,2.6,3.277,4.089
27-Jan,2.604,3.279,4.089
28-Jan,2.636,3.322,4.146
29-Jan,2.611,3.312,4.139
30-Jan,2.622,3.339,4.176
31-Jan,2.627,3.343,4.177
3-Feb,2.625,3.328,4.171
4-Feb,2.59,3.297,4.116
5-Feb,2.592,3.309,4.135
6-Feb,2.55,3.294,4.129
7-Feb,2.508,3.251,4.1
10-Feb,2.519,3.262,4.126
11-Feb,2.49,3.215,4.085
12-Feb,2.464,3.177,4.065
13-Feb,2.435,3.128,4.03
14-Feb,2.467,3.164,4.06
17-Feb,2.485,3.184,4.083
18-Feb,2.469,3.181,4.086
19-Feb,2.436,3.115,4.013
20-Feb,2.434,3.112,3.994
21-Feb,2.459,3.146,4.034
24-Feb,2.361,3.073,3.981
25-Feb,2.338,3.042,3.967
26-Feb,2.331,3.032,3.967
27-Feb,2.402,3.114,4.031
28-Feb,2.333,3.048,3.979
3-Mar,2.303,3.029,3.953
4-Mar,2.328,3.035,3.966
5-Mar,2.314,3.053,3.949
6-Mar,2.319,3.059,3.924
7-Mar,2.448,3.136,4.011
10-Mar,2.422,3.094,3.978
11-Mar,2.458,3.12,3.992
12-Mar,2.48,3.139,4.003
13-Mar,2.667,3.332,4.148
14-Mar,2.696,3.369,4.191
17-Mar,2.814,3.5,4.304
18-Mar,2.808,3.519,4.316
19-Mar,2.883,3.601,4.396
20-Mar,2.842,3.552,4.367
21-Mar,2.902,3.602,4.461
24-Mar,2.853,3.492,4.374
25-Mar,2.819,3.499,4.367
26-Mar,2.827,3.501,4.362
27-Mar,2.777,3.442,4.317
28-Mar,2.747,3.417,4.295
31-Mar,2.661,3.3,4.204
1-Apr,2.635,3.285,4.19
2-Apr,2.742,3.415,4.29
3-Apr,2.764,3.43,4.345
4-Apr,2.737,3.435,4.35
7-Apr,2.831,3.521,4.414
8-Apr,2.804,3.484,4.383
9-Apr,2.765,3.455,4.348
10-Apr,2.73,3.392,4.297
11-Apr,2.808,3.484,4.359
14-Apr,2.886,3.532,4.398
15-Apr,2.858,3.493,4.354
16-Apr,2.843,3.443,4.299
17-Apr,2.808,3.432,4.287
18-Apr,2.833,3.428,4.32
21-Apr,2.837,3.436,4.333
22-Apr,2.753,3.398,4.276
23-Apr,2.778,3.425,4.302
24-Apr,2.702,3.361,4.244
25-Apr,2.679,3.334,4.238
28-Apr,2.698,3.366,4.267
29-Apr,2.723,3.394,4.29
30-Apr,2.638,3.302,4.219
1-May,2.671,3.343,4.252
2-May,2.648,3.323,4.242
5-May,2.629,3.302,4.214
6-May,2.63,3.311,4.228
7-May,2.536,3.195,4.115
8-May,2.537,3.148,4.075
9-May,2.522,3.131,4.063
12-May,2.494,3.125,4.056
13-May,2.45,3.104,4.046
14-May,2.454,3.087,4.05
15-May,2.442,3.066,4.019
16-May,2.406,3.029,3.97
19-May,2.337,2.965,3.902
20-May,2.367,2.97,3.888
21-May,2.333,2.959,3.864
22-May,2.359,2.958,3.851
23-May,2.286,2.886,3.797
26-May,2.295,2.881,3.767
27-May,2.313,2.934,3.828
28-May,2.366,3.008,3.933
29-May,2.304,2.924,3.856
30-May,2.305,2.931,3.871
2-Jun,2.31,2.952,3.913
3-Jun,2.198,2.824,3.795
4-Jun,2.226,2.875,3.82
5-Jun,2.143,2.779,3.75
6-Jun,2.178,2.802,3.81
9-Jun,2.124,2.747,3.735
10-Jun,2.066,2.668,3.688
11-Jun,2.06,2.66,3.669
12-Jun,2.061,2.665,3.666
13-Jun,2.036,2.635,3.613
16-Jun,2.097,2.701,3.654
17-Jun,2.19,2.826,3.758
18-Jun,2.231,2.887,3.825
19-Jun,2.207,2.912,3.855
20-Jun,2.195,2.891,3.843
23-Jun,2.187,2.877,3.823
24-Jun,2.184,2.878,3.832
25-Jun,2.131,2.828,3.775
26-Jun,2.317,3.019,3.954
27-Jun,2.344,3.063,4.001
30-Jun,2.276,2.986,3.936
1-Jul,2.245,2.977,3.943
2-Jul,2.281,3.034,4
3-Jul,2.304,3.082,4.061
4-Jul,2.261,3.033,4.017
7-Jul,2.318,3.098,4.072
8-Jul,2.312,3.088,4.061
9-Jul,2.312,3.08,4.049
10-Jul,2.277,3.031,3.996
11-Jul,2.284,3.038,3.998
14-Jul,2.26,3.009,3.964
15-Jul,2.369,3.159,4.111
16-Jul,2.429,3.224,4.133
17-Jul,2.448,3.254,4.166
18-Jul,2.418,3.225,4.138
21-Jul,2.46,3.279,4.175
22-Jul,2.473,3.29,4.173
23-Jul,2.421,3.239,4.111
24-Jul,2.471,3.298,4.165
25-Jul,2.426,3.226,4.1
28-Jul,2.49,3.33,4.21
29-Jul,2.484,3.313,4.194
30-Jul,2.514,3.347,4.222
31-Jul,2.618,3.447,4.3
1-Aug,2.807,3.572,4.313
4-Aug,2.742,3.518,4.264
5-Aug,2.729,3.513,4.282
6-Aug,2.702,3.492,4.255
7-Aug,2.661,3.443,4.218
8-Aug,2.578,3.325,4.122
11-Aug,2.65,3.404,4.192
12-Aug,2.648,3.396,4.178
13-Aug,2.683,3.479,4.275
14-Aug,2.767,3.569,4.328
15-Aug,2.693,3.507,4.272
18-Aug,2.718,3.504,4.278
19-Aug,2.725,3.495,4.26
20-Aug,2.729,3.509,4.297
21-Aug,2.759,3.54,4.319
22-Aug,2.762,3.535,4.303
25-Aug,2.742,3.514,4.294
26-Aug,2.761,3.523,4.292
27-Aug,2.756,3.531,4.317
28-Aug,2.739,3.515,4.287
29-Aug,2.737,3.52,4.301
1-Sep,2.756,3.546,4.328
2-Sep,2.868,3.692,4.46
3-Sep,2.871,3.706,4.475
4-Sep,2.835,3.67,4.453
5-Sep,2.749,3.594,4.413
8-Sep,2.683,3.519,4.366
9-Sep,2.705,3.548,4.401
10-Sep,2.669,3.498,4.354
11-Sep,2.711,3.543,4.373
12-Sep,2.597,3.406,4.248
15-Sep,2.609,3.427,4.27
16-Sep,2.622,3.445,4.29
17-Sep,2.591,3.412,4.28
18-Sep,2.586,3.422,4.282
19-Sep,2.567,3.389,4.259
22-Sep,2.5,3.325,4.223
23-Sep,2.487,3.31,4.204
24-Sep,2.475,3.303,4.211
25-Sep,2.447,3.267,4.194
26-Sep,2.408,3.22,4.145
29-Sep,2.421,3.235,4.168
30-Sep,2.362,3.166,4.112
1-Oct,2.37,3.176,4.117
2-Oct,2.483,3.305,4.226
3-Oct,2.638,3.463,4.331
6-Oct,2.586,3.414,4.29
7-Oct,2.588,3.436,4.321
8-Oct,2.572,3.416,4.317
9-Oct,2.641,3.493,4.37
10-Oct,2.606,3.443,4.313
13-Oct,2.671,3.525,4.389
14-Oct,2.675,3.524,4.394
15-Oct,2.736,3.597,4.446
16-Oct,2.73,3.577,4.417
17-Oct,2.768,3.604,4.423
20-Oct,2.762,3.597,4.409
21-Oct,2.707,3.54,4.366
22-Oct,2.706,3.529,4.349
23-Oct,2.727,3.563,4.387
24-Oct,2.7,3.538,4.416
27-Oct,2.734,3.573,4.446
28-Oct,2.766,3.593,4.462
29-Oct,2.742,3.582,4.472
30-Oct,2.779,3.631,4.513
31-Oct,2.745,3.581,4.467
3-Nov,2.803,3.661,4.534
4-Nov,2.778,3.629,4.502
5-Nov,2.79,3.635,4.514
6-Nov,2.854,3.725,4.593
7-Nov,2.893,3.773,4.632
10-Nov,2.868,3.745,4.619
11-Nov,2.855,3.736,4.612
12-Nov,2.849,3.726,4.611
13-Nov,2.787,3.661,4.562
14-Nov,2.722,3.598,4.503
17-Nov,2.682,3.562,4.48
18-Nov,2.652,3.531,4.456
19-Nov,2.682,3.573,4.501
20-Nov,2.67,3.554,4.487
21-Nov,2.641,3.527,4.463
24-Nov,2.73,3.621,4.543
25-Nov,2.766,3.648,4.557
26-Nov,2.776,3.646,4.554
27-Nov,2.848,3.71,4.598
28-Nov,2.856,3.724,4.601
1-Dec,2.897,3.774,4.642
2-Dec,2.854,3.738,4.629
3-Dec,2.831,3.713,4.608
4-Dec,2.813,3.697,4.595
5-Dec,2.722,3.593,4.499
8-Dec,2.705,3.586,4.5
9-Dec,2.714,3.598,4.528
10-Dec,2.712,3.587,4.514
11-Dec,2.716,3.606,4.523
12-Dec,2.631,3.513,4.451
15-Dec,2.617,3.498,4.454
16-Dec,2.62,3.499,4.444
17-Dec,2.578,3.452,4.409
18-Dec,2.57,3.448,4.408
19-Dec,2.596,3.476,4.432
22-Dec,2.574,3.453,4.411
23-Dec,2.56,3.438,4.394
24-Dec,2.555,3.44,4.397
25-Dec,2.555,3.44,4.397
26-Dec,2.557,3.441,4.397
29-Dec,2.542,3.441,4.408
30-Dec,2.562,3.476,4.449
31-Dec,2.553,3.469,4.443
1-Jan,2.551,3.467,4.438
2-Jan,2.565,3.485,4.466
5-Jan,2.556,3.487,4.48
6-Jan,2.479,3.413,4.415
7-Jan,2.452,3.383,4.401
8-Jan,2.439,3.36,4.384
9-Jan,2.34,3.254,4.299
12-Jan,2.331,3.238,4.277
13-Jan,2.351,3.258,4.297
14-Jan,2.375,3.278,4.296
15-Jan,2.392,3.284,4.308
16-Jan,2.375,3.283,4.314
19-Jan,2.383,3.29,4.322
20-Jan,2.331,3.244,4.296
21-Jan,2.341,3.263,4.318
22-Jan,2.317,3.232,4.298
23-Jan,2.296,3.195,4.273
26-Jan,2.351,3.251,4.329
27-Jan,2.34,3.236,4.318
28-Jan,2.326,3.228,4.313
29-Jan,2.468,3.38,4.432
30-Jan,2.444,3.362,4.404
2-Feb,2.41,3.34,4.397
3-Feb,2.35,3.294,4.368
4-Feb,2.334,3.283,4.36
5-Feb,2.313,3.263,4.341
6-Feb,2.273,3.218,4.306
9-Feb,2.27,3.207,4.294
10-Feb,2.294,3.222,4.302
11-Feb,2.26,3.193,4.282
12-Feb,2.245,3.176,4.283
13-Feb,2.229,3.158,4.264
16-Feb,2.242,3.164,4.276
17-Feb,2.211,3.123,4.246
18-Feb,2.221,3.116,4.247
19-Feb,2.248,3.163,4.279
20-Feb,2.285,3.188,4.296
23-Feb,2.28,3.179,4.287
24-Feb,2.218,3.124,4.249
25-Feb,2.171,3.097,4.24
26-Feb,2.18,3.101,4.25
27-Feb,2.158,3.067,4.21
1-Mar,2.186,3.078,4.212
2-Mar,2.231,3.125,4.238
3-Mar,2.274,3.189,4.283
4-Mar,2.247,3.147,4.255
5-Mar,2.116,2.992,4.144
8-Mar,2.092,2.941,4.092
9-Mar,2.081,2.933,4.074
10-Mar,2.131,2.967,4.094
11-Mar,2.111,2.945,4.078
12-Mar,2.104,2.941,4.073
15-Mar,2.09,2.925,4.057
16-Mar,2.113,2.961,4.1
17-Mar,2.06,2.914,4.062
18-Mar,2.038,2.9,4.054
19-Mar,2.039,2.907,4.066
22-Mar,2.019,2.878,4.043
23-Mar,2.047,2.904,4.059
24-Mar,1.991,2.855,4.031
25-Mar,1.958,2.823,4.02
26-Mar,1.97,2.85,4.05
29-Mar,2.023,2.939,4.134
30-Mar,2.011,2.927,4.121
31-Mar,2.017,2.912,4.105
1-Apr,2.095,2.957,4.13
2-Apr,2.247,3.134,4.255
5-Apr,2.225,3.142,4.272
6-Apr,2.179,3.098,4.248
7-Apr,2.15,3.065,4.223
8-Apr,2.159,3.079,4.235
9-Apr,2.143,3.076,4.234
12-Apr,2.14,3.075,4.231
13-Apr,2.23,3.17,4.31
14-Apr,2.26,3.205,4.331
15-Apr,2.259,3.199,4.317
16-Apr,2.222,3.15,4.273
19-Apr,2.221,3.144,4.275
20-Apr,2.247,3.179,4.306
21-Apr,2.271,3.208,4.323
22-Apr,2.253,3.191,4.315
23-Apr,2.283,3.222,4.333
26-Apr,2.298,3.238,4.335
27-Apr,2.31,3.25,4.336
28-Apr,2.314,3.257,4.34
29-Apr,2.319,3.253,4.349
30-Apr,2.29,3.228,4.32
3-May,2.285,3.206,4.298
4-May,2.297,3.217,4.303
5-May,2.284,3.206,4.311
6-May,2.342,3.269,4.364
7-May,2.436,3.379,4.447
10-May,2.421,3.373,4.432
11-May,2.416,3.374,4.432
12-May,2.426,3.394,4.463
13-May,2.446,3.422,4.487
14-May,2.414,3.389,4.45
17-May,2.372,3.338,4.414
18-May,2.389,3.358,4.436
19-May,2.428,3.413,4.481
20-May,2.413,3.392,4.465
21-May,2.396,3.374,4.454
24-May,2.417,3.4,4.474
25-May,2.399,3.376,4.461
26-May,2.381,3.348,4.431
27-May,2.326,3.288,4.388
28-May,2.375,3.345,4.435
31-May,2.412,3.39,4.469
1-Jun,2.418,3.396,4.474
2-Jun,2.428,3.409,4.488
3-Jun,2.429,3.416,4.49
4-Jun,2.441,3.433,4.499
7-Jun,2.431,3.428,4.487
8-Jun,2.424,3.415,4.467
9-Jun,2.45,3.452,4.502
10-Jun,2.487,3.483,4.508
11-Jun,2.536,3.535,4.534
14-Jun,2.545,3.543,4.528
15-Jun,2.476,3.451,4.447
16-Jun,2.897,3.749,4.478
17-Jun,2.919,3.77,4.489
18-Jun,2.869,3.72,4.459
21-Jun,2.861,3.705,4.444
22-Jun,2.881,3.727,4.465
23-Jun,2.864,3.723,4.464
24-Jun,2.795,3.648,4.4
25-Jun,2.807,3.67,4.427
28-Jun,2.856,3.728,4.474
29-Jun,2.859,3.732,4.472
30-Jun,2.802,3.673,4.421
1-Jul,2.773,3.67,4.423
2-Jul,2.706,3.592,4.374
5-Jul,2.702,3.589,4.365
6-Jul,2.714,3.591,4.365
7-Jul,2.68,3.56,4.34
8-Jul,2.682,3.557,4.335
9-Jul,2.69,3.561,4.336
12-Jul,2.681,3.544,4.321
13-Jul,2.734,3.604,4.367
14-Jul,2.723,3.591,4.358
15-Jul,2.727,3.593,4.358
16-Jul,2.65,3.515,4.297
19-Jul,2.645,3.514,4.295
20-Jul,2.659,3.53,4.313
21-Jul,2.745,3.621,4.382
22-Jul,2.712,3.583,4.351
23-Jul,2.73,3.594,4.347
26-Jul,2.763,3.628,4.37
27-Jul,2.787,3.654,4.39
28-Jul,2.784,3.656,4.396
29-Jul,2.759,3.626,4.369
30-Jul,2.697,3.557,4.31
2-Aug,2.678,3.534,4.29
3-Aug,2.674,3.525,4.282
4-Aug,2.654,3.505,4.265
5-Aug,2.622,3.469,4.24
6-Aug,2.528,3.38,4.163
9-Aug,2.538,3.383,4.168
10-Aug,2.537,3.375,4.155
11-Aug,2.562,3.406,4.183
12-Aug,2.541,3.382,4.161
13-Aug,2.507,3.349,4.137
16-Aug,2.546,3.395,4.181
17-Aug,2.523,3.369,4.157
18-Aug,2.531,3.382,4.174
19-Aug,2.527,3.376,4.164
20-Aug,2.51,3.36,4.152
23-Aug,2.567,3.42,4.207
24-Aug,2.575,3.423,4.204
25-Aug,2.541,3.387,4.167
26-Aug,2.532,3.372,4.157
27-Aug,2.524,3.368,4.158
30-Aug,2.529,3.366,4.153
31-Aug,2.49,3.316,4.112
1-Sep,2.507,3.336,4.129
2-Sep,2.559,3.376,4.16
3-Sep,2.675,3.478,4.237
6-Sep,2.671,3.47,4.225
7-Sep,2.71,3.49,4.23
8-Sep,2.701,3.482,4.218
9-Sep,2.651,3.415,4.152
10-Sep,2.625,3.384,4.132
13-Sep,2.66,3.409,4.144
14-Sep,2.637,3.386,4.129
15-Sep,2.653,3.401,4.136
16-Sep,2.646,3.392,4.128
17-Sep,2.619,3.359,4.097
20-Sep,2.615,3.344,4.081
21-Sep,2.623,3.352,4.087
22-Sep,2.599,3.319,4.048
23-Sep,2.545,3.277,4.026
24-Sep,2.592,3.308,4.05
27-Sep,2.555,3.271,4.022
28-Sep,2.57,3.284,4.032
29-Sep,2.605,3.322,4.07
30-Sep,2.562,3.308,4.07
1-Oct,2.55,3.33,4.103
4-Oct,2.597,3.353,4.114
5-Oct,2.553,3.308,4.076
6-Oct,2.556,3.306,4.073
7-Oct,2.56,3.322,4.097
8-Oct,2.483,3.236,4.024
11-Oct,2.48,3.238,4.032
12-Oct,2.45,3.196,3.99
13-Oct,2.461,3.199,3.99
14-Oct,2.446,3.173,3.964
15-Oct,2.431,3.174,3.978
18-Oct,2.423,3.159,3.967
19-Oct,2.43,3.176,3.99
20-Oct,2.395,3.13,3.94
21-Oct,2.404,3.138,3.943
22-Oct,2.412,3.14,3.937
25-Oct,2.381,3.103,3.901
26-Oct,2.384,3.103,3.904
27-Oct,2.409,3.129,3.92
28-Oct,2.435,3.165,3.963
29-Oct,2.436,3.156,3.95
1-Nov,2.428,3.145,3.946
2-Nov,2.47,3.191,3.983
3-Nov,2.459,3.176,3.971
4-Nov,2.42,3.124,3.919
5-Nov,2.499,3.192,3.977
8-Nov,2.511,3.195,3.967
9-Nov,2.461,3.146,3.928
10-Nov,2.456,3.151,3.926
11-Nov,2.399,3.095,3.877
12-Nov,2.371,3.06,3.826
15-Nov,2.399,3.065,3.821
16-Nov,2.412,3.065,3.796
17-Nov,2.416,3.076,3.812
18-Nov,2.465,3.119,3.857
19-Nov,2.446,3.106,3.834
22-Nov,2.419,3.071,3.811
23-Nov,2.401,3.049,3.793
24-Nov,2.381,3.037,3.79
25-Nov,2.344,3.006,3.762
26-Nov,2.347,3.008,3.761
29-Nov,2.382,3.053,3.806
30-Nov,2.362,3.032,3.785
1-Dec,2.338,3.01,3.769
2-Dec,2.406,3.079,3.82
3-Dec,2.34,2.998,3.746
6-Dec,2.3,2.947,3.704
7-Dec,2.293,2.919,3.675
8-Dec,2.295,2.907,3.654
9-Dec,2.296,2.892,3.619
10-Dec,2.302,2.893,3.609
13-Dec,2.294,2.884,3.593
14-Dec,2.305,2.892,3.592
15-Dec,2.285,2.849,3.534
16-Dec,2.333,2.915,3.569
17-Dec,2.373,2.967,3.614
20-Dec,2.352,2.923,3.591
21-Dec,2.4,2.973,3.617
22-Dec,2.423,2.991,3.621
23-Dec,2.373,2.941,3.589
24-Dec,2.372,2.941,3.592
27-Dec,2.38,2.956,3.609
28-Dec,2.394,3.005,3.65
29-Dec,2.413,3.068,3.705
30-Dec,2.375,3.032,3.68
31-Dec,2.375,3.023,3.676
3-Jan,2.382,2.994,3.638
4-Jan,2.41,3.02,3.646
5-Jan,2.404,3.015,3.648
6-Jan,2.368,2.969,3.615
7-Jan,2.363,2.959,3.59
10-Jan,2.358,2.94,3.569
11-Jan,2.369,2.941,3.576
12-Jan,2.373,2.943,3.575
13-Jan,2.33,2.89,3.536
14-Jan,2.338,2.902,3.534
17-Jan,2.335,2.896,3.519
18-Jan,2.34,2.902,3.517
19-Jan,2.337,2.887,3.498
20-Jan,2.363,2.929,3.549
21-Jan,2.343,2.909,3.548
24-Jan,2.325,2.892,3.522
25-Jan,2.329,2.903,3.526
26-Jan,2.342,2.923,3.542
27-Jan,2.366,2.953,3.569
28-Jan,2.316,2.9,3.527
31-Jan,2.322,2.903,3.523
1-Feb,2.322,2.898,3.51
2-Feb,2.336,2.917,3.526
3-Feb,2.351,2.94,3.54
4-Feb,2.324,2.896,3.476
7-Feb,2.344,2.901,3.465
8-Feb,2.351,2.894,3.447
9-Feb,2.332,2.869,3.431
10-Feb,2.306,2.85,3.43
11-Feb,2.305,2.849,3.445
14-Feb,2.323,2.875,3.471
15-Feb,2.344,2.91,3.496
16-Feb,2.35,2.927,3.526
17-Feb,2.356,2.947,3.558
18-Feb,2.383,3.021,3.649
21-Feb,2.395,3.052,3.682
22-Feb,2.383,3.039,3.677
23-Feb,2.372,3.025,3.671
24-Feb,2.384,3.046,3.698
25-Feb,2.385,3.042,3.686
28-Feb,2.384,3.045,3.691
1-Mar,2.381,3.048,3.709
2-Mar,2.384,3.074,3.747
3-Mar,2.364,3.045,3.731
4-Mar,2.331,2.979,3.668
7-Mar,2.307,2.944,3.639
8-Mar,2.317,2.972,3.682
9-Mar,2.337,3.019,3.733
10-Mar,2.34,3.025,3.747
11-Mar,2.327,3.011,3.739
14-Mar,2.341,3.032,3.743
15-Mar,2.323,2.987,3.683
16-Mar,2.354,2.991,3.651
17-Mar,2.363,3.001,3.657
18-Mar,2.378,3.033,3.687
21-Mar,2.409,3.073,3.714
22-Mar,2.395,3.039,3.674
23-Mar,2.429,3.089,3.729
24-Mar,2.426,3.068,3.699
25-Mar,2.427,3.074,3.704
28-Mar,2.709,3.206,3.697
29-Mar,2.707,3.201,3.697
30-Mar,2.67,3.159,3.697
31-Mar,2.613,3.096,3.697
1-Apr,2.586,3.076,3.697
4-Apr,2.572,3.055,3.697
5-Apr,2.58,3.067,3.697
6-Apr,2.565,3.049,3.697
7-Apr,2.526,3.005,3.697
8-Apr,2.527,3.02,3.697
11-Apr,2.512,3.006,3.697
12-Apr,2.519,3.005,3.697
13-Apr,2.502,2.979,3.697
14-Apr,2.504,2.989,3.697
15-Apr,2.46,2.944,3.697
18-Apr,2.433,2.913,3.697
19-Apr,2.417,2.893,3.697
20-Apr,2.42,2.903,3.697
21-Apr,2.435,2.929,3.697
22-Apr,2.42,2.909,3.697
25-Apr,2.416,2.898,3.697
26-Apr,2.418,2.904,3.697
27-Apr,2.389,2.867,3.697
28-Apr,2.364,2.845,3.697
29-Apr,2.355,2.84,3.697
2-May,2.354,2.841,3.697
3-May,2.329,2.815,3.697
4-May,2.35,2.845,3.697
5-May,2.337,2.832,3.697
6-May,2.375,2.884,3.697
9-May,2.362,2.862,3.697
10-May,2.323,2.806,3.697
11-May,2.31,2.775,3.697
12-May,2.33,2.797,3.697
13-May,2.335,2.787,3.697
16-May,2.331,2.786,3.697
17-May,2.326,2.782,3.697
18-May,2.321,2.775,3.697
19-May,2.34,2.805,3.697
20-May,2.372,2.835,3.697
23-May,2.362,2.806,3.697
24-May,2.324,2.767,3.697
25-May,2.295,2.757,3.697
26-May,2.301,2.762,3.697
27-May,2.29,2.763,3.697
30-May,2.292,2.766,3.697
31-May,2.25,2.712,3.697
1-Jun,2.192,2.669,3.697
2-Jun,2.202,2.668,3.697
3-Jun,2.206,2.673,3.697
6-Jun,2.187,2.66,3.697
7-Jun,2.141,2.611,3.697
8-Jun,2.12,2.582,3.697
9-Jun,2.131,2.587,3.697
10-Jun,2.159,2.61,3.697
13-Jun,2.156,2.628,3.697
14-Jun,2.17,2.647,3.697
15-Jun,2.233,2.729,3.697
16-Jun,2.251,2.75,3.697
17-Jun,2.236,2.735,3.697
20-Jun,2.195,2.715,3.697
21-Jun,2.129,2.63,3.697
22-Jun,2.077,2.567,3.697
23-Jun,2.097,2.584,3.697
24-Jun,2.095,2.572,3.697
27-Jun,2.069,2.547,3.697
28-Jun,2.117,2.595,3.697
29-Jun,2.116,2.598,3.697
30-Jun,2.096,2.559,3.697
1-Jul,2.134,2.589,3.697
4-Jul,2.176,2.618,3.697
5-Jul,2.23,2.664,3.697
6-Jul,2.234,2.674,3.697
7-Jul,2.183,2.623,3.697
8-Jul,2.211,2.638,3.697
11-Jul,2.248,2.685,3.697
12-Jul,2.253,2.682,3.697
13-Jul,2.268,2.702,3.697
14-Jul,2.282,2.729,3.431
15-Jul,2.285,2.732,3.429
18-Jul,2.27,2.707,3.404
19-Jul,2.286,2.729,3.429
20-Jul,2.289,2.742,3.448
21-Jul,2.272,2.728,3.441
22-Jul,2.237,2.675,3.381
25-Jul,2.235,2.664,3.362
26-Jul,2.262,2.693,3.382
27-Jul,2.255,2.673,3.365
28-Jul,2.276,2.687,3.376
29-Jul,2.295,2.704,3.385
1-Aug,2.334,2.757,3.44
2-Aug,2.348,2.783,3.467
3-Aug,2.339,2.77,3.454
4-Aug,2.349,2.778,3.457
5-Aug,2.386,2.831,3.506
8-Aug,2.386,2.824,3.5
9-Aug,2.398,2.836,3.504
10-Aug,2.385,2.816,3.484
11-Aug,2.373,2.8,3.477
12-Aug,2.328,2.745,3.431
15-Aug,2.301,2.72,3.418
16-Aug,2.27,2.68,3.374
17-Aug,2.266,2.677,3.372
18-Aug,2.25,2.649,3.344
19-Aug,2.258,2.651,3.342
22-Aug,2.256,2.646,3.33
23-Aug,2.272,2.643,3.314
24-Aug,2.278,2.643,3.311
25-Aug,2.256,2.616,3.286
26-Aug,2.28,2.633,3.295
29-Aug,2.292,2.641,3.297
30-Aug,2.297,2.64,3.294
31-Aug,2.256,2.587,3.246
1-Sep,2.199,2.532,3.209
2-Sep,2.18,2.525,3.203
5-Sep,2.172,2.517,3.195
6-Sep,2.197,2.549,3.222
7-Sep,2.207,2.559,3.243
8-Sep,2.199,2.538,3.213
9-Sep,2.207,2.532,3.193
12-Sep,2.262,2.6,3.269
13-Sep,2.251,2.578,3.239
14-Sep,2.261,2.584,3.236
15-Sep,2.281,2.608,3.252
16-Sep,2.287,2.616,3.261
19-Sep,2.277,2.599,3.235
20-Sep,2.267,2.593,3.229
21-Sep,2.236,2.544,3.16
22-Sep,2.236,2.547,3.166
23-Sep,2.285,2.597,3.2
26-Sep,2.329,2.657,3.264
27-Sep,2.344,2.669,3.27
28-Sep,2.363,2.682,3.269
29-Sep,2.406,2.728,3.295
30-Sep,2.408,2.723,3.287
3-Oct,2.431,2.758,3.33
4-Oct,2.427,2.753,3.32
5-Oct,2.416,2.742,3.307
6-Oct,2.453,2.765,3.315
7-Oct,2.47,2.773,3.306
10-Oct,2.463,2.763,3.29
11-Oct,2.478,2.783,3.313
12-Oct,2.486,2.804,3.341
13-Oct,2.502,2.848,3.398
14-Oct,2.496,2.85,3.404
17-Oct,2.523,2.865,3.411
18-Oct,2.513,2.856,3.401
19-Oct,2.48,2.821,3.37
20-Oct,2.526,2.861,3.401
21-Oct,2.499,2.811,3.348
24-Oct,2.495,2.807,3.355
25-Oct,2.56,2.892,3.434
26-Oct,2.598,2.948,3.501
27-Oct,2.631,2.979,3.525
28-Oct,2.643,2.99,3.526
31-Oct,2.645,2.996,3.511
1-Nov,2.663,3.019,3.541
2-Nov,2.695,3.066,3.58
3-Nov,2.694,3.072,3.591
4-Nov,2.712,3.104,3.612
7-Nov,2.734,3.126,3.619
8-Nov,2.712,3.084,3.578
9-Nov,2.766,3.167,3.654
10-Nov,2.752,3.15,3.646
11-Nov,2.752,3.246,3.63
14-Nov,2.771,3.265,3.654
15-Nov,2.737,3.237,3.618
16-Nov,2.688,3.148,3.536
17-Nov,2.717,3.169,3.551
18-Nov,2.832,3.281,3.644
21-Nov,2.79,3.234,3.588
22-Nov,2.784,3.238,3.587
23-Nov,2.777,3.224,3.572
24-Nov,2.723,3.145,3.492
25-Nov,2.739,3.158,3.502
28-Nov,2.746,3.165,3.494
29-Nov,2.793,3.213,3.549
30-Nov,2.781,3.214,3.544
1-Dec,2.736,3.156,3.495
2-Dec,2.697,3.144,3.483
5-Dec,2.726,3.158,3.5
6-Dec,2.714,3.125,3.459
7-Dec,2.737,3.158,3.492
8-Dec,2.739,3.134,3.466
9-Dec,2.803,3.214,3.525
12-Dec,2.802,3.195,3.506
13-Dec,2.813,3.191,3.488
14-Dec,2.798,3.162,3.452
15-Dec,2.831,3.183,3.467
16-Dec,2.821,3.156,3.441
19-Dec,2.812,3.162,3.436
20-Dec,2.827,3.179,3.446
21-Dec,2.863,3.243,3.498
22-Dec,2.885,3.218,3.462
23-Dec,2.875,3.216,3.429
26-Dec,2.863,3.216,3.429
27-Dec,2.866,3.195,3.431
28-Dec,2.831,3.151,3.401
29-Dec,2.921,3.21,3.427
30-Dec,2.849,3.185,3.405
2-Jan,2.877,3.218,3.435
3-Jan,2.918,3.18,3.425
4-Jan,2.827,3.099,3.382
5-Jan,2.811,3.09,3.379
6-Jan,2.744,3.09,3.372
9-Jan,2.791,3.113,3.367
10-Jan,2.883,3.151,3.39
11-Jan,2.905,3.17,3.402
12-Jan,2.831,3.142,3.378
13-Jan,2.815,3.128,3.368
16-Jan,2.812,3.134,3.382
17-Jan,2.802,3.123,3.377
18-Jan,2.869,3.148,3.391
19-Jan,2.923,3.22,3.45
20-Jan,2.927,3.239,3.488
23-Jan,2.878,3.256,3.5
24-Jan,2.868,3.235,3.486
25-Jan,2.949,3.288,3.549
26-Jan,2.959,3.33,3.605
27-Jan,2.969,3.328,3.597
30-Jan,2.94,3.337,3.592
31-Jan,2.996,3.333,3.589
1-Feb,3.026,3.386,3.647
2-Feb,2.943,3.367,3.627
3-Feb,2.94,3.344,3.603
6-Feb,2.943,3.346,3.597
7-Feb,2.933,3.367,3.624
8-Feb,2.983,3.355,3.616
9-Feb,2.899,3.329,3.589
10-Feb,2.889,3.32,3.583
13-Feb,2.96,3.336,3.601
14-Feb,2.963,3.336,3.605
15-Feb,2.899,3.342,3.614
16-Feb,2.902,3.351,3.621
17-Feb,2.858,3.282,3.557
20-Feb,2.861,3.276,3.545
21-Feb,2.885,3.299,3.557
22-Feb,3.068,3.28,3.529
23-Feb,3.134,3.36,3.529
24-Feb,3.152,3.368,3.529
27-Feb,3.196,3.421,3.529
28-Feb,3.174,3.378,3.529
1-Mar,3.182,3.395,3.529
2-Mar,3.236,3.469,3.529
3-Mar,3.267,3.496,3.529
6-Mar,3.276,3.494,3.529
7-Mar,3.267,3.492,3.529
8-Mar,3.29,3.534,3.529
9-Mar,3.276,3.521,3.529
10-Mar,3.308,3.559,3.529
13-Mar,3.331,3.583,3.529
14-Mar,3.29,3.526,3.529
15-Mar,3.322,3.564,3.529
16-Mar,3.318,3.537,3.529
17-Mar,3.35,3.573,3.529
20-Mar,3.322,3.547,3.529
21-Mar,3.327,3.551,3.529
22-Mar,3.318,3.534,3.529
23-Mar,3.328,3.561,3.529
24-Mar,3.291,3.512,3.529
27-Mar,3.291,3.517,3.529
28-Mar,3.383,3.621,3.529
29-Mar,3.416,3.656,3.529
30-Mar,3.435,3.676,3.529
31-Mar,3.426,3.658,3.529
3-Apr,3.473,3.717,3.529
4-Apr,3.468,3.733,3.529
5-Apr,3.46,3.736,3.529
6-Apr,3.437,3.75,3.529
7-Apr,3.418,3.734,3.529
10-Apr,3.432,3.744,3.529
11-Apr,3.424,3.731,3.529
12-Apr,3.443,3.752,3.529
13-Apr,3.482,3.809,3.529
14-Apr,3.482,3.807,3.529
17-Apr,3.482,3.807,3.529
18-Apr,3.468,3.791,3.529
19-Apr,3.473,3.794,3.529
20-Apr,3.464,3.772,3.529
21-Apr,3.483,3.783,3.529
24-Apr,3.484,3.781,3.529
25-Apr,3.537,3.839,3.529
26-Apr,3.582,3.87,3.529
27-Apr,3.548,3.824,3.529
28-Apr,3.558,3.815,3.529
1-May,3.558,3.824,3.529
2-May,3.573,3.845,3.529
3-May,3.57,3.858,3.529
4-May,3.585,3.881,3.529
5-May,3.556,3.845,3.529
8-May,3.586,3.873,3.529
9-May,3.581,3.875,3.529
10-May,3.539,3.823,3.529
11-May,3.598,3.909,3.529
12-May,3.574,3.9,3.529
15-May,3.496,3.815,3.529
16-May,3.467,3.776,3.529
17-May,3.507,3.834,3.529
18-May,3.478,3.795,3.529
19-May,3.468,3.765,3.529
22-May,3.419,3.692,3.529
23-May,3.439,3.715,3.529
24-May,3.43,3.686,3.529
25-May,3.435,3.681,3.529
26-May,3.441,3.689,3.529
29-May,3.466,3.7,3.529
30-May,3.496,3.747,3.529
31-May,3.547,3.799,3.529
1-Jun,3.563,3.811,3.529
2-Jun,3.523,3.751,3.529
5-Jun,3.579,3.807,3.529
6-Jun,3.595,3.837,3.529
7-Jun,3.606,3.85,3.529
8-Jun,3.409,3.743,3.529
9-Jun,3.504,3.761,3.529
12-Jun,3.446,3.737,3.529
13-Jun,3.425,3.701,3.529
14-Jun,3.449,3.747,3.529
15-Jun,3.486,3.799,3.529
16-Jun,3.481,3.788,3.529
19-Jun,3.535,3.844,3.529
20-Jun,3.566,3.868,3.529
21-Jun,3.583,3.89,3.529
22-Jun,3.604,3.921,3.529
23-Jun,3.625,3.943,3.529
26-Jun,3.657,3.962,3.529
27-Jun,3.668,3.967,3.529
28-Jun,3.67,3.969,3.529
29-Jun,3.634,3.936,3.529
30-Jun,3.655,3.945,3.529
3-Jul,3.666,3.963,3.529
4-Jul,3.657,3.946,3.529
5-Jul,3.701,4.007,3.529
6-Jul,3.712,3.996,3.529
7-Jul,3.688,3.955,3.529
10-Jul,3.7,3.977,3.529
11-Jul,3.666,3.932,3.529
12-Jul,3.697,3.965,3.529
13-Jul,3.653,3.915,4.22
14-Jul,3.597,3.846,4.16
17-Jul,3.607,3.863,4.161
18-Jul,3.64,3.895,4.183
19-Jul,3.634,3.87,4.153
20-Jul,3.634,3.866,4.152
21-Jul,3.605,3.83,4.122
24-Jul,3.611,3.834,4.125
25-Jul,3.611,3.837,4.132
26-Jul,3.643,3.866,4.154
27-Jul,3.609,3.83,4.119
28-Jul,3.592,3.803,4.091
31-Jul,3.59,3.81,4.091
1-Aug,3.584,3.813,4.102
2-Aug,3.592,3.82,4.106
3-Aug,3.65,3.877,4.142
4-Aug,3.625,3.817,4.077
7-Aug,3.614,3.807,4.077
8-Aug,3.62,3.805,4.071
9-Aug,3.642,3.84,4.103
10-Aug,3.632,3.836,4.102
11-Aug,3.674,3.895,4.15
14-Aug,3.709,3.922,4.174
15-Aug,3.699,3.892,4.137
16-Aug,3.685,3.864,4.099
17-Aug,3.69,3.861,4.087
18-Aug,3.693,3.854,4.068
21-Aug,3.664,3.809,4.029
22-Aug,3.572,3.73,3.976
23-Aug,3.58,3.748,3.992
24-Aug,3.573,3.732,3.978
25-Aug,3.561,3.717,3.961
28-Aug,3.567,3.713,3.962
29-Aug,3.595,3.755,3.997
30-Aug,3.582,3.73,3.97
31-Aug,3.571,3.696,3.929
1-Sep,3.575,3.69,3.912
4-Sep,3.585,3.696,3.919
5-Sep,3.618,3.734,3.957
6-Sep,3.667,3.781,4.001
7-Sep,3.683,3.775,3.983
8-Sep,3.683,3.758,3.955
11-Sep,3.709,3.784,3.97
12-Sep,3.722,3.806,4.007
13-Sep,3.709,3.774,3.959
14-Sep,3.717,3.785,3.961
15-Sep,3.713,3.775,3.946
18-Sep,3.754,3.835,4.002
19-Sep,3.712,3.781,3.951
20-Sep,3.704,3.775,3.944
21-Sep,3.695,3.751,3.923
22-Sep,3.612,3.671,3.864
25-Sep,3.551,3.626,3.834
26-Sep,3.576,3.649,3.832
27-Sep,3.6,3.671,3.847
28-Sep,3.622,3.692,3.862
29-Sep,3.642,3.709,3.882
2-Oct,3.636,3.692,3.861
3-Oct,3.662,3.73,3.912
4-Oct,3.647,3.698,3.878
5-Oct,3.648,3.709,3.892
6-Oct,3.657,3.734,3.927
9-Oct,3.679,3.75,3.934
10-Oct,3.717,3.811,3.987
11-Oct,3.722,3.811,3.982
12-Oct,3.712,3.801,3.975
13-Oct,3.729,3.826,4.005
16-Oct,3.722,3.825,4.006
17-Oct,3.701,3.795,3.976
18-Oct,3.703,3.81,3.993
19-Oct,3.721,3.828,4.016
20-Oct,3.741,3.838,4.013
23-Oct,3.774,3.882,4.053
24-Oct,3.779,3.881,4.052
25-Oct,3.788,3.893,4.062
26-Oct,3.782,3.876,4.035
27-Oct,3.766,3.839,3.983
30-Oct,3.765,3.83,3.965
31-Oct,3.725,3.776,3.911
1-Nov,3.683,3.728,3.867
2-Nov,3.708,3.753,3.9
3-Nov,3.75,3.801,3.936
6-Nov,3.776,3.818,3.956
7-Nov,3.761,3.778,3.905
8-Nov,3.781,3.8,3.917
9-Nov,3.768,3.778,3.902
10-Nov,3.731,3.735,3.875
13-Nov,3.742,3.762,3.898
14-Nov,3.739,3.742,3.878
15-Nov,3.76,3.771,3.905
16-Nov,3.765,3.783,3.914
17-Nov,3.746,3.758,3.885
20-Nov,3.709,3.736,3.872
21-Nov,3.715,3.74,3.871
22-Nov,3.701,3.732,3.867
23-Nov,3.743,3.77,3.895
24-Nov,3.706,3.721,3.85
27-Nov,3.701,3.728,3.872
28-Nov,3.688,3.71,3.856
29-Nov,3.711,3.733,3.873
30-Nov,3.698,3.71,3.852
1-Dec,3.663,3.68,3.826
4-Dec,3.642,3.677,3.834
5-Dec,3.672,3.696,3.842
6-Dec,3.693,3.722,3.852
7-Dec,3.731,3.762,3.879
8-Dec,3.737,3.775,3.892
11-Dec,3.76,3.804,3.91
12-Dec,3.766,3.807,3.906
13-Dec,3.778,3.823,3.92
14-Dec,3.802,3.863,3.955
15-Dec,3.815,3.877,3.974
18-Dec,3.829,3.895,4.002
19-Dec,3.853,3.921,4.038
20-Dec,3.858,3.922,4.032
21-Dec,3.868,3.935,4.044
22-Dec,3.876,3.943,4.051
25-Dec,3.879,3.94,4.049
26-Dec,3.88,3.938,4.045
27-Dec,3.904,3.98,4.09
28-Dec,3.916,4.002,4.122
29-Dec,3.913,3.99,4.114
1-Jan,3.917,3.985,4.112
2-Jan,3.911,3.966,4.094
3-Jan,3.92,3.977,4.108
4-Jan,3.916,3.96,4.09
5-Jan,3.946,4.002,4.134
8-Jan,3.937,3.987,4.124
9-Jan,3.96,4.008,4.15
10-Jan,3.975,4.019,4.169
11-Jan,3.941,3.991,4.162
12-Jan,3.962,4.034,4.21
15-Jan,3.963,4.025,4.202
16-Jan,3.966,4.014,4.184
17-Jan,3.961,4.01,4.182
18-Jan,3.979,4.035,4.202
19-Jan,3.989,4.038,4.193
22-Jan,3.973,4.009,4.16
23-Jan,3.982,4.02,4.157
24-Jan,3.997,4.046,4.183
25-Jan,4.006,4.077,4.222
26-Jan,4.008,4.081,4.234
29-Jan,4.015,4.099,4.261
30-Jan,4.01,4.091,4.253
31-Jan,4.007,4.084,4.24
1-Feb,3.993,4.065,4.231
2-Feb,3.958,4.027,4.2
5-Feb,3.939,4,4.175
6-Feb,3.953,4.009,4.172
7-Feb,3.971,4.014,4.167
8-Feb,3.996,4.048,4.183
9-Feb,4.013,4.08,4.225
12-Feb,4.005,4.084,4.24
13-Feb,4.084,4.101,4.26
14-Feb,4.013,4.078,4.235
15-Feb,3.986,4.028,4.18
16-Feb,4.005,4.047,4.188
19-Feb,4.023,4.065,4.204
20-Feb,4.019,4.064,4.198
21-Feb,4.016,4.052,4.181
22-Feb,4.032,4.082,4.217
23-Feb,4.022,4.047,4.176
26-Feb,3.999,3.997,4.129
27-Feb,3.975,3.962,4.098
28-Feb,3.952,3.946,4.098
1-Mar,3.944,3.932,4.085
2-Mar,3.915,3.916,4.077
5-Mar,3.909,3.898,4.054
6-Mar,3.932,3.92,4.057
7-Mar,3.941,3.925,4.06
8-Mar,3.971,3.943,4.069
9-Mar,4.003,3.978,4.098
12-Mar,3.998,3.954,4.074
13-Mar,3.992,3.938,4.057
14-Mar,3.974,3.914,4.039
15-Mar,4.004,3.952,4.068
16-Mar,4.003,3.958,4.067
19-Mar,4.029,3.985,4.088
20-Mar,4.023,3.964,4.069
21-Mar,4.033,3.972,4.085
22-Mar,3.994,3.976,4.108
23-Mar,4.017,4.024,4.158
26-Mar,4.016,4.022,4.156
27-Mar,4.035,4.045,4.175
28-Mar,4.039,4.051,4.179
29-Mar,4.068,4.076,4.2
30-Mar,4.081,4.086,4.206
2-Apr,4.104,4.109,4.217
3-Apr,4.108,4.121,4.241
4-Apr,4.086,4.095,4.215
5-Apr,4.101,4.116,4.233
6-Apr,4.102,4.116,4.234
9-Apr,4.102,4.115,4.234
10-Apr,4.137,4.15,4.263
11-Apr,4.148,4.164,4.277
12-Apr,4.167,4.196,4.317
13-Apr,4.197,4.241,4.375
16-Apr,4.186,4.218,4.351
17-Apr,4.173,4.197,4.324
18-Apr,4.166,4.178,4.294
19-Apr,4.189,4.216,4.337
20-Apr,4.201,4.219,4.338
23-Apr,4.194,4.2,4.312
24-Apr,4.191,4.189,4.299
25-Apr,4.204,4.21,4.32
26-Apr,4.236,4.24,4.353
27-Apr,4.243,4.243,4.351
30-Apr,4.199,4.182,4.284
1-May,4.201,4.174,4.282
2-May,4.251,4.24,4.339
3-May,4.261,4.258,4.363
4-May,4.241,4.229,4.327
7-May,4.262,4.249,4.342
8-May,4.247,4.225,4.325
9-May,4.255,4.237,4.338
10-May,4.255,4.239,4.343
11-May,4.25,4.239,4.344
14-May,4.293,4.292,4.4
15-May,4.329,4.321,4.43
16-May,4.353,4.328,4.432
17-May,4.361,4.338,4.439
18-May,4.359,4.332,4.436
21-May,4.373,4.344,4.447
22-May,4.393,4.364,4.464
23-May,4.426,4.396,4.495
24-May,4.403,4.381,4.484
25-May,4.431,4.411,4.501
28-May,4.433,4.418,4.505
29-May,4.456,4.428,4.514
30-May,4.456,4.427,4.511
31-May,4.482,4.456,4.536
1-Jun,4.52,4.496,4.612
4-Jun,4.513,4.488,4.604
5-Jun,4.529,4.516,4.637
6-Jun,4.484,4.475,4.607
7-Jun,4.535,4.551,4.689
8-Jun,4.537,4.566,4.723
11-Jun,4.537,4.566,4.717
12-Jun,4.572,4.61,4.766
13-Jun,4.592,4.64,4.801
14-Jun,4.591,4.632,4.808
15-Jun,4.598,4.644,4.824
18-Jun,4.587,4.641,4.832
19-Jun,4.546,4.595,4.788
20-Jun,4.592,4.638,4.81
21-Jun,4.584,4.637,4.816
22-Jun,4.578,4.636,4.827
25-Jun,4.558,4.605,4.793
26-Jun,4.55,4.588,4.775
27-Jun,4.524,4.541,4.725
28-Jun,4.563,4.572,4.743
29-Jun,4.576,4.585,4.756
2-Jul,4.529,4.529,4.695
3-Jul,4.557,4.573,4.743
4-Jul,4.604,4.613,4.781
5-Jul,4.637,4.657,4.822
6-Jul,4.65,4.69,4.855
9-Jul,4.64,4.68,4.85
10-Jul,4.589,4.602,4.771
11-Jul,4.59,4.603,4.776
12-Jul,4.625,4.649,4.814
13-Jul,4.63,4.653,4.811
16-Jul,4.56,4.62,4.778
17-Jul,4.586,4.645,4.794
18-Jul,4.61,4.601,4.746
19-Jul,4.633,4.608,4.75
20-Jul,4.567,4.52,4.654
23-Jul,4.533,4.525,4.649
24-Jul,4.562,4.507,4.641
25-Jul,4.492,4.486,4.621
26-Jul,4.394,4.408,4.576
27-Jul,4.385,4.414,4.582
30-Jul,4.367,4.395,4.581
31-Jul,4.419,4.446,4.609
1-Aug,4.429,4.438,4.609
2-Aug,4.501,4.475,4.617
3-Aug,4.414,4.42,4.565
6-Aug,4.402,4.417,4.569
7-Aug,4.432,4.444,4.586
8-Aug,4.504,4.523,4.66
9-Aug,4.425,4.459,4.625
10-Aug,4.341,4.408,4.603
13-Aug,4.352,4.418,4.61
14-Aug,4.328,4.396,4.591
15-Aug,4.262,4.343,4.572
16-Aug,4.08,4.203,4.503
17-Aug,4.063,4.206,4.537
20-Aug,4.048,4.204,4.535
21-Aug,3.965,4.143,4.498
22-Aug,4.13,4.266,4.552
23-Aug,4.109,4.237,4.519
24-Aug,4.116,4.244,4.511
27-Aug,4.1,4.226,4.501
28-Aug,4.068,4.206,4.478
29-Aug,4.063,4.204,4.48
30-Aug,4.078,4.217,4.489
31-Aug,4.113,4.251,4.498
3-Sep,4.132,4.268,4.515
4-Sep,4.136,4.278,4.525
5-Sep,4.086,4.204,4.469
6-Sep,4.09,4.207,4.483
7-Sep,4.005,4.109,4.408
10-Sep,3.987,4.082,4.368
11-Sep,4.031,4.114,4.393
12-Sep,4.079,4.145,4.406
13-Sep,4.157,4.222,4.443
14-Sep,4.142,4.203,4.439
17-Sep,4.135,4.19,4.418
18-Sep,4.186,4.276,4.479
19-Sep,4.187,4.285,4.524
20-Sep,4.197,4.318,4.572
21-Sep,4.177,4.316,4.591
24-Sep,4.168,4.317,4.603
25-Sep,4.134,4.279,4.569
26-Sep,4.191,4.345,4.624
27-Sep,4.188,4.325,4.608
28-Sep,4.148,4.268,4.556
1-Oct,4.166,4.246,4.554
2-Oct,4.09,4.226,4.541
3-Oct,4.165,4.249,4.552
4-Oct,4.124,4.198,4.509
5-Oct,4.158,4.269,4.565
8-Oct,4.172,4.279,4.57
9-Oct,4.174,4.265,4.543
10-Oct,4.145,4.305,4.57
11-Oct,4.177,4.357,4.596
12-Oct,4.293,4.405,4.621
15-Oct,4.271,4.418,4.63
16-Oct,4.296,4.402,4.64
17-Oct,4.204,4.358,4.605
18-Oct,4.176,4.272,4.548
19-Oct,4.11,4.189,4.452
22-Oct,4.024,4.172,4.415
23-Oct,4.028,4.174,4.419
24-Oct,3.969,4.119,4.366
25-Oct,4.039,4.115,4.382
26-Oct,4.02,4.138,4.403
29-Oct,4.036,4.141,4.4
30-Oct,4.062,4.159,4.422
31-Oct,4.154,4.241,4.475
1-Nov,4.173,4.186,4.44
2-Nov,4.074,4.143,4.414
5-Nov,4.128,4.131,4.411
6-Nov,4.091,4.153,4.42
7-Nov,4.115,4.109,4.393
8-Nov,4.008,4.07,4.374
9-Nov,4.037,4.02,4.338
12-Nov,3.99,4.031,4.345
13-Nov,4.069,4.065,4.364
14-Nov,4.031,4.094,4.378
15-Nov,4.059,4.046,4.356
16-Nov,3.969,4.022,4.349
19-Nov,3.958,3.949,4.305
20-Nov,3.973,3.973,4.327
21-Nov,3.855,3.918,4.298
22-Nov,3.868,3.931,4.305
23-Nov,3.963,3.969,4.307
26-Nov,3.896,3.971,4.303
27-Nov,3.896,3.99,4.314
28-Nov,3.999,4.081,4.387
29-Nov,3.895,4.036,4.351
30-Nov,3.95,4.099,4.396
3-Dec,3.928,4.023,4.342
4-Dec,3.993,3.975,4.3
5-Dec,3.908,3.968,4.298
6-Dec,3.961,4.013,4.326
7-Dec,4.118,4.117,4.429
10-Dec,4.174,4.18,4.483
11-Dec,4.094,4.14,4.453
12-Dec,4.154,4.224,4.517
13-Dec,4.215,4.208,4.515
14-Dec,4.252,4.234,4.535
17-Dec,4.242,4.225,4.523
18-Dec,4.232,4.223,4.51
19-Dec,4.205,4.208,4.511
20-Dec,4.133,4.178,4.458
21-Dec,4.201,4.224,4.529
24-Dec,4.193,4.217,4.525
25-Dec,4.205,4.217,4.518
26-Dec,4.209,4.221,4.522
27-Dec,4.229,4.274,4.58
28-Dec,4.135,4.232,4.551
31-Dec,4.116,4.228,4.545
1-Jan,4.119,4.226,4.545
2-Jan,4.089,4.06,4.426
3-Jan,4.068,4.069,4.425
4-Jan,3.965,4.015,4.384
7-Jan,4.037,4.028,4.382
8-Jan,4.066,4.056,4.41
9-Jan,4.001,3.997,4.357
10-Jan,3.952,4.007,4.369
11-Jan,3.937,3.963,4.361
14-Jan,3.872,3.915,4.313
15-Jan,3.911,3.88,4.288
16-Jan,3.827,3.812,4.247
17-Jan,3.734,3.787,4.231
18-Jan,3.771,3.771,4.231
21-Jan,3.679,3.688,4.18
22-Jan,3.676,3.767,4.267
23-Jan,3.479,3.633,4.169
24-Jan,3.746,3.816,4.285
25-Jan,3.685,3.822,4.278
28-Jan,3.747,3.779,4.236
29-Jan,3.778,3.82,4.278
30-Jan,3.769,3.835,4.301
31-Jan,3.61,3.729,4.212
1-Feb,3.608,3.714,4.189
4-Feb,3.687,3.726,4.195
5-Feb,3.566,3.596,4.119
6-Feb,3.526,3.627,4.17
7-Feb,3.381,3.522,4.155
8-Feb,3.356,3.512,4.133
11-Feb,3.355,3.502,4.138
12-Feb,3.49,3.581,4.229
13-Feb,3.506,3.583,4.233
14-Feb,3.556,3.651,4.281
15-Feb,3.446,3.579,4.249
18-Feb,3.59,3.669,4.301
19-Feb,3.576,3.646,4.29
20-Feb,3.629,3.702,4.327
21-Feb,3.629,3.759,4.325
22-Feb,3.612,3.745,4.323
25-Feb,3.606,3.769,4.363
26-Feb,3.653,3.817,4.405
27-Feb,3.612,3.801,4.408
28-Feb,3.523,3.692,4.313
29-Feb,3.451,3.572,4.213
3-Mar,3.504,3.601,4.199
4-Mar,3.511,3.583,4.182
5-Mar,3.632,3.679,4.283
6-Mar,3.665,3.704,4.264
7-Mar,3.666,3.703,4.276
10-Mar,3.583,3.625,4.225
11-Mar,3.727,3.71,4.248
12-Mar,3.769,3.716,4.216
13-Mar,3.762,3.688,4.347
14-Mar,3.716,3.652,4.322
17-Mar,3.654,3.578,4.319
18-Mar,3.712,3.712,4.366
19-Mar,3.827,3.773,4.325
20-Mar,3.869,3.834,4.291
21-Mar,3.819,3.833,4.3
24-Mar,3.818,3.828,4.303
25-Mar,3.945,3.994,4.407
26-Mar,3.861,4.047,4.417
27-Mar,3.825,4.051,4.456
28-Mar,3.86,4.061,4.451
31-Mar,3.825,4.009,4.418
1-Apr,3.884,4.052,4.441
2-Apr,3.93,4.062,4.441
3-Apr,3.867,4.053,4.453
4-Apr,3.845,4.013,4.411
7-Apr,3.897,4.07,4.463
8-Apr,3.872,4.06,4.476
9-Apr,3.834,4.034,4.465
10-Apr,3.813,4.017,4.463
11-Apr,3.764,3.939,4.385
14-Apr,3.771,3.954,4.393
15-Apr,3.843,4.047,4.463
16-Apr,3.927,4.127,4.532
17-Apr,4.028,4.21,4.573
18-Apr,4.164,4.297,4.612
21-Apr,4.1,4.238,4.587
22-Apr,4.194,4.298,4.613
23-Apr,4.143,4.268,4.612
24-Apr,4.172,4.288,4.653
25-Apr,4.152,4.275,4.637
28-Apr,4.142,4.282,4.652
29-Apr,4.06,4.209,4.593
30-Apr,4.056,4.179,4.569
1-May,4.044,4.176,4.565
2-May,4.124,4.255,4.621
5-May,4.117,4.219,4.583
6-May,4.047,4.169,4.547
7-May,4.048,4.184,4.569
8-May,3.971,4.083,4.474
9-May,3.942,4.043,4.437
12-May,4.012,4.095,4.463
13-May,4.107,4.192,4.529
14-May,4.202,4.266,4.588
15-May,4.253,4.302,4.614
16-May,4.235,4.273,4.556
19-May,4.27,4.312,4.603
20-May,4.23,4.283,4.571
21-May,4.341,4.371,4.629
22-May,4.407,4.406,4.653
23-May,4.416,4.39,4.65
26-May,4.421,4.413,4.666
27-May,4.403,4.42,4.677
28-May,4.415,4.448,4.721
29-May,4.53,4.548,4.81
30-May,4.513,4.528,4.785
2-Jun,4.47,4.466,4.743
3-Jun,4.561,4.549,4.816
4-Jun,4.507,4.497,4.776
5-Jun,4.755,4.655,4.851
6-Jun,4.778,4.667,4.823
9-Jun,4.849,4.787,4.917
10-Jun,4.832,4.796,4.953
11-Jun,4.814,4.79,4.978
12-Jun,4.82,4.85,5.024
13-Jun,4.895,4.915,5.064
16-Jun,4.965,4.972,5.056
17-Jun,4.905,4.925,5.033
18-Jun,4.88,4.931,5.024
19-Jun,4.942,5.006,5.077
20-Jun,4.849,4.924,5.032
23-Jun,4.808,4.876,5.011
24-Jun,4.784,4.851,5.02
25-Jun,4.814,4.865,5.029
26-Jun,4.731,4.771,4.943
27-Jun,4.722,4.764,4.974
30-Jun,4.855,4.906,5.072
1-Jul,4.828,4.891,5.06
2-Jul,4.888,4.947,5.084
3-Jul,4.709,4.805,4.995
4-Jul,4.685,4.74,4.936
7-Jul,4.636,4.662,4.878
8-Jul,4.651,4.67,4.896
9-Jul,4.678,4.677,4.887
10-Jul,4.66,4.663,4.864
11-Jul,4.665,4.684,4.878
14-Jul,4.639,4.645,4.855
15-Jul,4.568,4.598,4.84
16-Jul,4.591,4.675,4.865
17-Jul,4.636,4.731,4.919
18-Jul,4.785,4.88,5.037
21-Jul,4.857,4.943,5.081
22-Jul,4.833,4.95,5.085
23-Jul,4.821,4.956,5.092
24-Jul,4.676,4.814,5.008
25-Jul,4.666,4.835,5.045
28-Jul,4.598,4.751,4.968
29-Jul,4.584,4.707,4.922
30-Jul,4.552,4.658,4.872
31-Jul,4.507,4.584,4.811
1-Aug,4.505,4.579,4.802
4-Aug,4.497,4.568,4.788
5-Aug,4.515,4.54,4.763
6-Aug,4.515,4.556,4.788
7-Aug,4.361,4.398,4.709
8-Aug,4.334,4.381,4.715
11-Aug,4.372,4.411,4.732
12-Aug,4.316,4.361,4.696
13-Aug,4.285,4.324,4.681
14-Aug,4.297,4.339,4.675
15-Aug,4.267,4.309,4.64
18-Aug,4.248,4.284,4.624
19-Aug,4.242,4.279,4.644
20-Aug,4.247,4.271,4.61
21-Aug,4.327,4.355,4.657
22-Aug,4.379,4.42,4.699
25-Aug,4.297,4.317,4.612
26-Aug,4.249,4.275,4.608
27-Aug,4.336,4.367,4.671
28-Aug,4.393,4.416,4.675
29-Aug,4.355,4.413,4.671
1-Sep,4.282,4.327,4.621
2-Sep,4.315,4.353,4.641
3-Sep,4.323,4.34,4.632
4-Sep,4.263,4.266,4.583
5-Sep,4.207,4.187,4.539
8-Sep,4.237,4.263,4.599
9-Sep,4.208,4.236,4.589
10-Sep,4.218,4.253,4.593
11-Sep,4.23,4.277,4.62
12-Sep,4.315,4.355,4.691
15-Sep,4.111,4.188,4.602
16-Sep,4.102,4.178,4.572
17-Sep,4.121,4.163,4.591
18-Sep,4.15,4.268,4.684
19-Sep,4.401,4.522,4.796
22-Sep,4.412,4.55,4.816
23-Sep,4.323,4.488,4.794
24-Sep,4.242,4.395,4.719
25-Sep,4.268,4.45,4.774
26-Sep,4.105,4.345,4.721
29-Sep,3.89,4.186,4.657
30-Sep,3.934,4.297,4.712
1-Oct,3.892,4.271,4.673
2-Oct,3.714,4.159,4.598
3-Oct,3.683,4.147,4.569
6-Oct,3.478,3.953,4.411
7-Oct,3.55,4.024,4.412
8-Oct,3.476,4.005,4.497
9-Oct,3.512,4.09,4.577
10-Oct,3.462,4.171,4.701
13-Oct,3.541,4.293,4.737
14-Oct,3.58,4.301,4.685
15-Oct,3.523,4.208,4.617
16-Oct,3.332,4.077,4.577
17-Oct,3.363,4.063,4.545
20-Oct,3.365,4.023,4.531
21-Oct,3.275,3.97,4.478
22-Oct,3.18,3.858,4.388
23-Oct,3.17,3.849,4.413
24-Oct,3.088,3.794,4.44
27-Oct,3.078,3.787,4.482
28-Oct,3.071,3.78,4.479
29-Oct,3.116,3.856,4.604
30-Oct,3.053,3.854,4.652
31-Oct,3.239,4.021,4.824
3-Nov,3.255,3.991,4.764
4-Nov,3.264,3.97,4.74
5-Nov,3.248,3.891,4.67
6-Nov,3.143,3.833,4.592
7-Nov,3.136,3.824,4.451
10-Nov,3.081,3.812,4.439
11-Nov,3.029,3.843,4.422
12-Nov,2.975,3.888,4.412
13-Nov,2.98,3.876,4.425
14-Nov,2.956,3.838,4.373
17-Nov,2.972,3.863,4.384
18-Nov,2.981,3.865,4.356
19-Nov,2.963,3.821,4.26
20-Nov,2.859,3.716,4.117
21-Nov,2.912,3.767,4.125
24-Nov,3.013,3.83,4.17
25-Nov,3.05,3.834,4.1
26-Nov,2.961,3.754,4.034
27-Nov,3.008,3.808,4.053
28-Nov,2.983,3.792,4.028
1-Dec,2.938,3.676,3.972
2-Dec,2.898,3.678,3.852
3-Dec,2.829,3.698,3.83
4-Dec,2.932,3.779,3.954
5-Dec,2.932,3.781,3.943
8-Dec,3.124,3.952,4.088
9-Dec,3.121,4.019,4.149
10-Dec,3.08,3.953,4.133
11-Dec,2.997,3.923,4.122
12-Dec,3.029,3.999,4.229
15-Dec,2.995,3.92,4.188
16-Dec,2.948,3.877,4.109
17-Dec,2.774,3.699,3.948
18-Dec,2.744,3.662,3.935
19-Dec,2.716,3.639,3.965
22-Dec,2.645,3.574,3.942
23-Dec,2.637,3.54,3.953
24-Dec,2.596,3.519,3.954
25-Dec,2.607,3.52,3.948
26-Dec,2.607,3.52,3.948
29-Dec,2.574,3.487,3.933
30-Dec,2.579,3.537,3.975
31-Dec,2.557,3.525,3.973
1-Jan,2.554,3.522,3.982
2-Jan,2.538,3.481,3.964
5-Jan,2.516,3.503,4.012
6-Jan,2.453,3.601,4.168
7-Jan,2.356,3.524,4.164
8-Jan,2.238,3.465,4.11
9-Jan,2.138,3.396,4.009
12-Jan,2.11,3.413,4.058
13-Jan,2.112,3.422,4.12
14-Jan,2.157,3.445,4.101
15-Jan,2.176,3.526,4.188
16-Jan,2.114,3.508,4.203
19-Jan,2.128,3.566,4.251
20-Jan,2.094,3.602,4.396
21-Jan,2.72,3.807,4.461
22-Jan,2.804,3.918,4.699
23-Jan,2.831,3.971,4.751
26-Jan,2.989,4.001,4.746
27-Jan,2.934,3.993,4.66
28-Jan,2.794,3.918,4.568
29-Jan,2.677,3.774,4.513
30-Jan,2.599,3.739,4.588
2-Feb,2.574,3.68,4.563
3-Feb,2.505,3.598,4.572
4-Feb,2.405,3.425,4.468
5-Feb,2.354,3.401,4.446
6-Feb,2.322,3.417,4.46
9-Feb,2.306,3.338,4.435
10-Feb,2.315,3.341,4.395
11-Feb,2.247,3.332,4.394
12-Feb,2.201,3.349,4.381
13-Feb,2.227,3.436,4.485
16-Feb,2.315,3.474,4.594
17-Feb,2.3,3.445,4.605
18-Feb,2.366,3.469,4.582
19-Feb,2.427,3.506,4.541
20-Feb,2.344,3.426,4.445
23-Feb,2.36,3.444,4.491
24-Feb,2.335,3.45,4.533
25-Feb,2.318,3.471,4.465
26-Feb,2.412,3.612,4.605
27-Feb,2.401,3.59,4.579
2-Mar,2.289,3.476,4.527
3-Mar,2.265,3.471,4.517
4-Mar,2.278,3.484,4.561
5-Mar,2.272,3.388,4.419
6-Mar,2.28,3.398,4.425
9-Mar,2.4,3.458,4.444
10-Mar,2.444,3.546,4.496
11-Mar,2.397,3.586,4.522
12-Mar,2.345,3.52,4.505
13-Mar,2.349,3.553,4.524
16-Mar,2.372,3.556,4.486
17-Mar,2.336,3.604,4.722
18-Mar,2.335,3.607,4.754
19-Mar,2.292,3.508,4.622
20-Mar,2.173,3.38,4.497
23-Mar,2.173,3.391,4.547
24-Mar,2.21,3.479,4.651
25-Mar,2.217,3.451,4.601
26-Mar,2.206,3.412,4.548
27-Mar,2.104,3.335,4.545
30-Mar,2.074,3.282,4.543
31-Mar,2.088,3.289,4.553
1-Apr,2.115,3.282,4.545
2-Apr,2.248,3.421,4.645
3-Apr,2.233,3.428,4.611
6-Apr,2.237,3.367,4.559
7-Apr,2.203,3.359,4.596
8-Apr,2.147,3.331,4.602
9-Apr,2.088,3.281,4.61
10-Apr,2.074,3.275,4.617
13-Apr,2.081,3.274,4.628
14-Apr,2.066,3.251,4.568
15-Apr,2.043,3.172,4.529
16-Apr,2.038,3.192,4.54
17-Apr,2.07,3.258,4.589
20-Apr,1.965,3.157,4.477
21-Apr,1.998,3.178,4.507
22-Apr,2.045,3.237,4.538
23-Apr,2.009,3.195,4.434
24-Apr,1.968,3.127,4.427
27-Apr,1.941,3.086,4.399
28-Apr,1.907,3.055,4.376
29-Apr,1.902,3.034,4.334
30-Apr,1.907,3.048,4.325
1-May,1.901,3.047,4.316
4-May,1.937,3.091,4.281
5-May,1.857,2.995,4.205
6-May,1.789,2.929,4.18
7-May,1.73,2.975,4.228
8-May,1.655,3.141,4.252
11-May,1.675,3.11,4.186
12-May,1.741,3.158,4.203
13-May,1.736,3.135,4.236
14-May,1.759,3.188,4.263
15-May,1.76,3.195,4.198
18-May,1.726,3.195,4.185
19-May,1.789,3.251,4.218
20-May,1.824,3.291,4.226
21-May,1.789,3.308,4.252
22-May,1.818,3.375,4.332
25-May,1.864,3.441,4.353
26-May,1.839,3.483,4.398
27-May,1.785,3.46,4.384
28-May,1.789,3.475,4.438
29-May,1.729,3.413,4.414
1-Jun,1.738,3.421,4.454
2-Jun,1.687,3.377,4.448
3-Jun,1.681,3.351,4.428
4-Jun,1.819,3.508,4.578
5-Jun,1.968,3.646,4.632
8-Jun,2.02,3.627,4.594
9-Jun,1.975,3.61,4.582
10-Jun,1.912,3.608,4.6
11-Jun,1.928,3.597,4.599
12-Jun,1.911,3.569,4.556
15-Jun,1.827,3.47,4.468
16-Jun,1.827,3.465,4.485
17-Jun,1.791,3.416,4.454
18-Jun,1.799,3.45,4.511
19-Jun,1.721,3.354,4.462
22-Jun,1.718,3.316,4.44
23-Jun,1.731,3.321,4.486
24-Jun,1.646,3.251,4.459
25-Jun,1.581,3.18,4.442
26-Jun,1.576,3.164,4.417
29-Jun,1.6,3.151,4.39
30-Jun,1.606,3.167,4.395
1-Jul,1.589,3.164,4.404
2-Jul,1.482,3.058,4.341
3-Jul,1.502,3.064,4.358
6-Jul,1.463,3.022,4.333
7-Jul,1.471,3.026,4.327
8-Jul,1.471,3.031,4.344
9-Jul,1.503,3.011,4.312
10-Jul,1.476,2.972,4.272
13-Jul,1.484,2.999,4.299
14-Jul,1.602,3.037,4.318
15-Jul,1.621,3.046,4.328
16-Jul,1.565,2.997,4.297
17-Jul,1.592,3.017,4.318
20-Jul,1.6,2.981,4.261
21-Jul,1.563,2.922,4.203
22-Jul,1.57,2.912,4.181
23-Jul,1.588,2.934,4.206
24-Jul,1.587,2.929,4.183
27-Jul,1.614,2.937,4.155
28-Jul,1.567,2.892,4.106
29-Jul,1.568,2.88,4.042
30-Jul,1.582,2.878,4.023
31-Jul,1.51,2.759,3.928
3-Aug,1.598,2.836,3.964
4-Aug,1.646,2.871,3.959
5-Aug,1.672,2.903,3.933
6-Aug,1.726,2.954,3.978
7-Aug,1.84,3.08,4.054
10-Aug,1.786,3.019,4.004
11-Aug,1.731,3.005,4.002
12-Aug,1.717,3.041,4.043
13-Aug,1.657,2.994,4.019
14-Aug,1.587,2.914,3.953
17-Aug,1.601,2.934,3.934
18-Aug,1.595,2.928,3.924
19-Aug,1.572,2.894,3.906
20-Aug,1.548,2.861,3.896
21-Aug,1.642,2.926,3.925
24-Aug,1.581,2.9,3.908
25-Aug,1.554,2.86,3.862
26-Aug,1.508,2.819,3.85
27-Aug,1.521,2.818,3.849
28-Aug,1.53,2.838,3.881
31-Aug,1.506,2.849,3.893
1-Sep,1.465,2.839,3.923
2-Sep,1.507,2.847,3.945
3-Sep,1.484,2.867,3.992
4-Sep,1.457,2.857,3.992
7-Sep,1.422,2.849,3.989
8-Sep,1.395,2.856,3.986
9-Sep,1.368,2.83,4.004
10-Sep,1.322,2.749,3.933
11-Sep,1.301,2.696,3.871
14-Sep,1.33,2.755,3.879
15-Sep,1.345,2.779,3.892
16-Sep,1.338,2.783,3.916
17-Sep,1.358,2.803,3.95
18-Sep,1.354,2.809,3.94
21-Sep,1.335,2.786,3.961
22-Sep,1.327,2.796,3.962
23-Sep,1.302,2.772,3.938
24-Sep,1.251,2.706,3.865
25-Sep,1.265,2.686,3.829
28-Sep,1.271,2.693,3.831
29-Sep,1.294,2.733,3.829
30-Sep,1.306,2.762,3.851
1-Oct,1.321,2.771,3.869
2-Oct,1.324,2.735,3.823
5-Oct,1.313,2.689,3.792
6-Oct,1.319,2.692,3.796
7-Oct,1.299,2.641,3.769
8-Oct,1.311,2.625,3.76
9-Oct,1.431,2.717,3.827
12-Oct,1.384,2.689,3.81
13-Oct,1.356,2.68,3.821
14-Oct,1.384,2.71,3.858
15-Oct,1.428,2.773,3.921
16-Oct,1.448,2.883,3.889
19-Oct,1.458,2.864,3.895
20-Oct,1.409,2.793,3.823
21-Oct,1.444,2.823,3.851
22-Oct,1.421,2.803,3.837
23-Oct,1.435,2.856,3.893
26-Oct,1.416,2.848,3.895
27-Oct,1.35,2.763,3.821
28-Oct,1.34,2.764,3.8
29-Oct,1.414,2.854,3.87
30-Oct,1.358,2.772,3.793
2-Nov,1.359,2.788,3.768
3-Nov,1.358,2.795,3.78
4-Nov,1.384,2.829,3.816
5-Nov,1.372,2.868,3.837
6-Nov,1.348,2.876,3.863
9-Nov,1.307,2.821,3.814
10-Nov,1.295,2.799,3.775
11-Nov,1.28,2.777,3.764
12-Nov,1.256,2.77,3.782
13-Nov,1.26,2.784,3.817
16-Nov,1.261,2.794,3.804
17-Nov,1.242,2.764,3.759
18-Nov,1.238,2.783,3.779
19-Nov,1.245,2.803,3.801
20-Nov,1.341,2.83,3.807
23-Nov,1.366,2.837,3.814
24-Nov,1.349,2.804,3.79
25-Nov,1.378,2.818,3.81
26-Nov,1.356,2.757,3.786
27-Nov,1.371,2.773,3.791
30-Nov,1.384,2.756,3.754
1-Dec,1.35,2.723,3.727
2-Dec,1.333,2.709,3.73
3-Dec,1.385,2.741,3.737
4-Dec,1.426,2.793,3.766
7-Dec,1.412,2.801,3.765
8-Dec,1.369,2.791,3.795
9-Dec,1.433,2.918,3.911
10-Dec,1.511,2.942,3.922
11-Dec,1.432,2.942,3.897
14-Dec,1.397,2.898,3.859
15-Dec,1.423,2.959,3.914
16-Dec,1.352,2.89,3.864
17-Dec,1.358,2.883,3.859
18-Dec,1.386,2.931,3.923
21-Dec,1.428,3.011,4.009
22-Dec,1.443,2.988,3.992
23-Dec,1.396,3.009,4.012
24-Dec,1.39,3.019,4.008
25-Dec,1.393,3.025,4.009
28-Dec,1.422,3.033,4.04
29-Dec,1.459,3.037,4.043
30-Dec,1.542,3.077,4.075
31-Dec,1.525,3.078,4.069
1-Jan,1.526,3.083,4.077
4-Jan,1.506,3.089,4.064
5-Jan,1.458,3.071,4.049
6-Jan,1.447,3.092,4.072
7-Jan,1.386,3.029,4.043
8-Jan,1.342,3.006,3.997
11-Jan,1.309,3.037,4.005
12-Jan,1.292,3.024,4.007
13-Jan,1.288,3.029,4.067
14-Jan,1.34,3.195,4.184
15-Jan,1.381,3.22,4.191
18-Jan,1.412,3.25,4.191
19-Jan,1.41,3.269,4.2
20-Jan,1.456,3.359,4.267
21-Jan,1.449,3.326,4.251
22-Jan,1.493,3.343,4.307
25-Jan,1.511,3.186,4.197
26-Jan,1.463,3.138,4.14
27-Jan,1.737,3.207,4.255
28-Jan,2.16,3.387,4.417
29-Jan,2.278,3.469,4.41
1-Feb,2.255,3.448,4.393
2-Feb,2.266,3.578,4.486
3-Feb,2.546,3.895,4.693
4-Feb,2.625,3.948,4.755
5-Feb,2.64,3.881,4.733
8-Feb,2.519,3.91,4.772
9-Feb,2.307,3.783,4.626
10-Feb,1.798,3.573,4.55
11-Feb,1.645,3.35,4.418
12-Feb,1.796,3.366,4.431
15-Feb,1.779,3.385,4.438
16-Feb,1.764,3.38,4.455
17-Feb,1.681,3.271,4.378
18-Feb,1.645,3.352,4.426
19-Feb,1.651,3.378,4.406
22-Feb,1.627,3.34,4.37
23-Feb,2.043,3.247,4.284
24-Feb,1.98,3.239,4.281
25-Feb,2.101,3.336,4.284
26-Feb,2.041,3.261,4.215
1-Mar,1.986,3.211,4.094
2-Mar,1.902,3.112,4.06
3-Mar,1.853,3.039,4.054
4-Mar,1.853,3.051,4.058
5-Mar,1.84,3.055,4.066
8-Mar,1.813,3.051,4.058
9-Mar,1.848,3.059,4.066
10-Mar,1.816,3.029,4.034
11-Mar,1.82,3.341,4.239
12-Mar,1.843,3.353,4.235
15-Mar,1.86,3.383,4.259
16-Mar,1.844,3.351,4.25
17-Mar,1.82,3.333,4.258
18-Mar,1.856,3.378,4.289
19-Mar,1.895,3.42,4.315
22-Mar,1.9,3.429,4.328
23-Mar,1.884,3.409,4.295
24-Mar,1.917,3.439,4.338
25-Mar,1.909,3.479,4.39
26-Mar,1.766,3.342,4.294
29-Mar,1.743,3.293,4.274
30-Mar,1.736,3.33,4.27
31-Mar,1.686,3.28,4.219
1-Apr,1.618,3.245,4.175
2-Apr,1.628,3.239,4.169
5-Apr,1.629,3.241,4.169
6-Apr,1.651,3.32,4.245
7-Apr,1.706,3.337,4.281
8-Apr,1.756,3.421,4.374
9-Apr,1.789,3.419,4.365
12-Apr,1.706,3.376,4.344
13-Apr,1.798,3.411,4.35
14-Apr,1.848,3.443,4.43
15-Apr,1.871,3.472,4.395
16-Apr,2.025,3.498,4.478
19-Apr,2.191,3.691,4.596
20-Apr,2.247,3.747,4.646
21-Apr,2.384,3.863,4.772
22-Apr,2.908,4.281,4.958
23-Apr,2.973,4.272,4.971
26-Apr,3.985,4.796,5.228
27-Apr,4.915,5.392,5.709
28-Apr,4.833,5.667,5.809
29-Apr,4.27,5.032,5.477
30-Apr,3.824,4.753,5.139
3-May,3.659,4.702,5.135
4-May,4.552,4.879,5.469
5-May,5.509,5.47,5.806
6-May,5.726,5.876,6.14
7-May,6.047,6.076,6.285
10-May,2.951,3.858,4.651
11-May,2.263,3.393,4.526
12-May,2.29,3.459,4.582
13-May,2.304,3.423,4.568
14-May,2.478,3.556,4.65
17-May,2.542,3.634,4.702
18-May,2.439,3.474,4.623
19-May,2.43,3.409,4.593
20-May,2.613,3.614,4.618
21-May,2.677,3.659,4.641
24-May,2.664,3.643,4.625
25-May,2.736,3.652,4.622
26-May,2.731,3.759,4.7
27-May,2.752,3.774,4.71
28-May,2.705,3.788,4.705
31-May,2.675,3.764,4.681
1-Jun,2.739,3.807,4.785
2-Jun,2.909,3.948,4.907
3-Jun,2.994,4.067,5.032
4-Jun,3.147,4.102,5.13
7-Jun,3.205,4.171,5.2
8-Jun,3.238,4.15,5.228
9-Jun,2.938,4.075,5.234
10-Jun,2.95,4.024,5.162
11-Jun,2.873,3.961,5.1
14-Jun,2.962,4.052,5.226
15-Jun,3.127,4.201,5.451
16-Jun,3.202,4.398,5.61
17-Jun,3.154,4.458,5.587
18-Jun,3.183,4.506,5.604
21-Jun,3.18,4.493,5.623
22-Jun,3.23,4.609,5.623
23-Jun,3.364,4.775,5.724
24-Jun,3.332,4.718,5.698
25-Jun,3.374,4.716,5.737
28-Jun,3.37,4.716,5.72
29-Jun,3.369,4.736,5.723
30-Jun,3.368,4.642,5.699
1-Jul,3.325,4.532,5.58
2-Jul,3.121,4.348,5.37
5-Jul,3.062,4.265,5.314
6-Jul,3.072,4.327,5.389
7-Jul,3.105,4.417,5.436
8-Jul,3.112,4.371,5.414
9-Jul,3.137,4.344,5.383
12-Jul,3.104,4.309,5.393
13-Jul,3.184,4.391,5.487
14-Jul,3.24,4.51,5.567
15-Jul,3.243,4.49,5.526
16-Jul,3.106,4.353,5.461
19-Jul,2.994,4.395,5.479
20-Jul,3.02,4.369,5.465
21-Jul,3.02,4.357,5.456
22-Jul,3.161,4.474,5.539
23-Jul,3.183,4.539,5.549
26-Jul,3.174,4.545,5.504
27-Jul,2.945,4.244,5.199
28-Jul,2.581,3.984,5.082
29-Jul,2.525,3.986,5.104
30-Jul,2.662,4.12,5.193
2-Aug,2.549,4.045,5.161
3-Aug,2.599,3.956,5.108
4-Aug,2.643,3.92,5.116
5-Aug,2.655,3.877,5.076
6-Aug,2.642,3.81,5.011
9-Aug,2.619,3.778,5
10-Aug,2.834,3.893,5.079
11-Aug,2.987,3.975,5.155
12-Aug,3.06,3.938,5.14
13-Aug,3.068,3.968,5.23
16-Aug,3.073,3.988,5.203
17-Aug,3.078,3.956,5.175
18-Aug,2.96,3.854,5.127
19-Aug,2.927,3.865,5.179
20-Aug,2.941,3.91,5.215
23-Aug,2.904,3.922,5.257
24-Aug,2.906,3.931,5.246
25-Aug,3.156,4.069,5.386
26-Aug,3.219,4.079,5.415
27-Aug,3.311,4.2,5.495
30-Aug,3.283,4.126,5.453
31-Aug,3.292,4.142,5.446
1-Sep,3.257,4.15,5.484
2-Sep,3.26,4.137,5.529
3-Sep,3.267,4.177,5.602
6-Sep,3.351,4.204,5.67
7-Sep,3.56,4.363,5.795
8-Sep,3.588,4.494,5.804
9-Sep,3.581,4.475,5.757
10-Sep,3.651,4.516,5.773
13-Sep,3.605,4.5,5.731
14-Sep,3.552,4.493,5.715
15-Sep,3.594,4.562,5.77
16-Sep,3.632,4.671,5.958
17-Sep,3.777,4.853,6.085
20-Sep,3.969,5.143,6.394
21-Sep,3.946,5.036,6.304
22-Sep,3.792,4.873,6.143
23-Sep,3.916,5.036,6.302
24-Sep,4.064,5.186,6.391
27-Sep,4.129,5.268,6.417
28-Sep,4.399,5.507,6.512
29-Sep,4.356,5.478,6.473
30-Sep,4.157,5.253,6.303
1-Oct,3.759,5.018,6.127
4-Oct,3.739,4.869,6.079
5-Oct,3.83,4.977,6.209
6-Oct,3.857,4.966,6.23
7-Oct,3.889,5.042,6.277
8-Oct,3.797,5.006,6.235
11-Oct,3.64,4.883,6.168
12-Oct,3.694,4.955,6.224
13-Oct,3.668,4.907,6.185
14-Oct,3.591,4.789,6.055
15-Oct,3.253,4.455,5.74
18-Oct,3.029,4.16,5.529
19-Oct,3.016,4.268,5.599
20-Oct,3.124,4.421,5.732
21-Oct,3.25,4.552,5.864
22-Oct,3.137,4.566,5.862
25-Oct,2.984,4.388,5.687
26-Oct,2.979,4.376,5.636
27-Oct,3.179,4.512,5.856
28-Oct,3.194,4.627,5.939
29-Oct,3.252,4.638,5.952
1-Nov,3.355,4.814,6.102
2-Nov,3.51,4.951,6.239
3-Nov,3.574,5.04,6.297
4-Nov,4.002,5.473,6.607
5-Nov,3.986,5.344,6.515
8-Nov,4.188,5.71,6.776
9-Nov,4.153,5.729,6.763
10-Nov,4.759,6.134,7.036
11-Nov,4.85,6.159,7.035
12-Nov,4.175,5.679,6.744
15-Nov,4.156,5.606,6.739
16-Nov,4.205,5.686,6.765
17-Nov,4.274,5.616,6.707
18-Nov,4.312,5.713,6.76
19-Nov,4.295,5.767,6.747
22-Nov,4.217,5.669,6.721
23-Nov,4.342,5.891,6.906
24-Nov,4.416,6.042,7.016
25-Nov,4.423,6.03,7.023
26-Nov,4.502,5.894,6.987
29-Nov,4.647,6.001,7.033
30-Nov,4.821,5.901,6.974
1-Dec,4.739,5.612,6.645
2-Dec,4.063,4.996,6.141
3-Dec,3.892,4.669,5.931
6-Dec,3.891,4.836,5.945
7-Dec,3.865,4.865,5.981
8-Dec,4.034,4.964,6.079
9-Dec,4.017,5.073,6.085
10-Dec,4.149,5.285,6.256
13-Dec,4.204,5.331,6.303
14-Dec,4.244,5.39,6.378
15-Dec,4.249,5.488,6.426
16-Dec,4.248,5.498,6.455
17-Dec,4.239,5.494,6.458
20-Dec,4.209,5.499,6.46
21-Dec,4.221,5.587,6.525
22-Dec,4.185,5.594,6.563
23-Dec,4.178,5.687,6.614
24-Dec,4.207,5.702,6.627
27-Dec,4.199,5.718,6.667
28-Dec,4.11,5.668,6.6
29-Dec,4.154,5.727,6.647
30-Dec,4.172,5.708,6.608
31-Dec,4.262,5.686,6.601
3-Jan,4.188,5.738,6.62
4-Jan,4.233,5.735,6.617
5-Jan,4.314,5.779,6.65
6-Jan,4.349,6.126,6.957
7-Jan,4.429,6.162,7.104
10-Jan,4.21,5.938,6.979
11-Jan,4.042,5.801,6.9
12-Jan,3.97,5.662,6.789
13-Jan,4.045,5.658,6.749
14-Jan,4.052,5.682,6.816
17-Jan,4.041,5.736,6.818
18-Jan,4.134,6.001,6.94
19-Jan,3.978,5.948,6.862
20-Jan,4.017,5.852,6.698
21-Jan,4.001,5.793,6.703
24-Jan,3.956,5.842,6.738
25-Jan,4.004,6.092,6.834
26-Jan,4.187,6.138,6.945
27-Jan,4.277,6.214,6.985
28-Jan,4.207,6.184,6.95
31-Jan,4.151,6.174,6.939
1-Feb,4.048,5.956,6.79
2-Feb,3.93,5.863,6.748
3-Feb,3.976,5.957,6.869
4-Feb,4.076,6.03,6.949
7-Feb,4.02,6.295,7.071
8-Feb,4.091,6.255,7.144
9-Feb,4.148,6.399,7.269
10-Feb,4.178,6.307,7.164
11-Feb,4.145,6.694,7.175
14-Feb,4.191,6.812,7.3
15-Feb,4.21,6.833,7.291
16-Feb,4.147,6.813,7.279
17-Feb,4.145,6.908,7.331
18-Feb,4.317,6.967,7.368
21-Feb,4.3,6.995,7.33
22-Feb,4.348,7.02,7.327
23-Feb,4.346,7.094,7.34
24-Feb,4.355,7.147,7.381
25-Feb,4.336,7.15,7.422
28-Feb,4.373,7.173,7.367
1-Mar,4.328,7.083,7.324
2-Mar,4.248,7.068,7.344
3-Mar,4.407,7.213,7.422
4-Mar,4.473,7.297,7.383
7-Mar,4.437,7.469,7.474
8-Mar,4.506,7.595,7.541
9-Mar,4.547,7.544,7.544
10-Mar,6.151,7.643,7.404
11-Mar,6.346,7.873,7.479
14-Mar,6.117,7.648,7.347
15-Mar,6.09,7.567,7.318
16-Mar,6.151,7.716,7.377
17-Mar,6.268,7.834,7.474
18-Mar,6.078,7.501,7.231
21-Mar,6.123,7.54,7.254
22-Mar,6.314,7.871,7.379
23-Mar,6.388,8.033,7.515
24-Mar,6.511,8.06,7.557
25-Mar,6.863,8.36,7.677
28-Mar,7.217,8.581,7.818
29-Mar,7.565,8.794,7.894
30-Mar,7.859,8.987,8
31-Mar,8.581,9.449,8.304
1-Apr,8.557,9.645,8.409
4-Apr,8.666,9.794,8.473
5-Apr,8.944,9.967,8.628
6-Apr,8.673,9.538,8.426
7-Apr,8.877,9.715,8.487
8-Apr,8.928,9.847,8.55
11-Apr,8.889,9.884,8.511
12-Apr,8.818,10.01,8.523
13-Apr,8.835,10.116,8.63
14-Apr,9.092,10.316,8.767
15-Apr,9.504,10.442,8.868
18-Apr,9.748,10.561,8.944
19-Apr,9.866,10.595,8.95
20-Apr,10.216,10.982,9.141
21-Apr,11.184,11.339,9.359
22-Apr,11.183,11.339,9.359
25-Apr,11.183,11.339,9.359
26-Apr,11.392,11.626,9.458
27-Apr,11.486,11.493,9.476
28-Apr,11.687,11.534,9.514
29-Apr,11.574,11.395,9.498
2-May,11.7,11.592,9.461
3-May,11.481,11.366,9.411
4-May,11.035,11.197,9.337
5-May,11.184,11.386,9.487
6-May,11.183,11.299,9.321
9-May,11.571,11.626,9.399
10-May,11.392,11.559,9.476
11-May,11.18,11.248,9.194
12-May,10.767,11.051,9.034
13-May,10.705,11.011,8.99
16-May,10.259,10.756,8.766
17-May,10.085,10.784,8.804
18-May,10.261,10.949,8.982
19-May,10.223,10.953,8.907
20-May,10.478,11.148,9.158
23-May,10.672,11.334,9.385
24-May,10.844,11.42,9.526
25-May,10.856,11.422,9.497
26-May,10.865,11.301,9.391
27-May,10.838,11.293,9.355
30-May,10.828,11.256,9.521
31-May,10.546,11.065,9.38
1-Jun,10.809,11.04,9.462
2-Jun,10.789,11.268,9.456
3-Jun,10.578,11.165,9.587
6-Jun,10.439,11.06,9.512
7-Jun,10.449,11.007,9.7
8-Jun,10.567,11.353,9.855
9-Jun,10.923,11.461,10.026
10-Jun,10.901,11.674,10.149
13-Jun,11.324,11.966,10.377
14-Jun,11.594,11.926,10.46
15-Jun,11.872,11.994,10.388
16-Jun,12.501,12.484,10.573
17-Jun,12.409,12.553,10.609
20-Jun,12.766,12.722,10.885
21-Jun,12.783,12.706,10.861
22-Jun,13.189,12.995,10.872
23-Jun,13.946,13.526,11.149
24-Jun,13.839,13.582,11.109
27-Jun,14.182,13.921,11.399
28-Jun,13.287,13.534,11.226
29-Jun,12.425,13.06,10.822
30-Jun,12.539,12.727,10.633
1-Jul,12.413,12.752,10.676
4-Jul,12.429,12.768,10.646
5-Jul,12.335,12.937,10.755
6-Jul,15.886,15.626,12.709
7-Jul,16.823,16.068,12.62
8-Jul,16.29,16.463,12.511
11-Jul,17.232,16.809,12.947
12-Jul,16.59,15.988,11.984
13-Jul,16.702,16.278,12.129
14-Jul,16.808,16.169,12.222
15-Jul,18.357,16.768,12.226
18-Jul,19.436,16.724,12.265
19-Jul,18.689,16.622,12.164
20-Jul,17.81,16.154,11.48
21-Jul,16.093,15.458,11.236
22-Jul,14.313,14.649,10.506
25-Jul,14.356,14.553,10.586
26-Jul,14.021,14.781,10.669
27-Jul,13.683,14.343,10.554
28-Jul,13.481,14.388,10.506
29-Jul,13.787,14.629,10.557
1-Aug,13.942,14.637,10.594
2-Aug,14.317,14.85,10.741
3-Aug,14.48,15.068,10.909
4-Aug,13.989,14.038,10.958
5-Aug,12.725,13.534,10.673
8-Aug,11.269,12.179,10.324
9-Aug,11.009,11.654,10.152
10-Aug,10.941,11.024,10.01
11-Aug,11.072,11.261,10.22
12-Aug,11.055,11.145,10.11
15-Aug,11.051,11.214,10.228
16-Aug,11.016,11.166,10.234
17-Aug,11.09,11.106,10.179
18-Aug,11.765,11.296,10.208
19-Aug,11.553,11.38,10.327
22-Aug,12,11.5,10.483
23-Aug,12.33,11.681,10.705
24-Aug,12.636,12.088,10.892
25-Aug,12.707,12.103,10.897
26-Aug,12.681,12.086,10.888
29-Aug,12.719,12.092,10.885
30-Aug,11.808,11.118,10.217
31-Aug,11.41,10.704,10.118
1-Sep,11.331,10.478,9.861
2-Sep,12.127,10.934,10.024
5-Sep,12.995,11.434,10.444
6-Sep,13.671,12.042,10.565
7-Sep,13.673,12.185,10.681
8-Sep,13.759,12.198,10.714
9-Sep,14.805,12.439,10.874
12-Sep,15.214,12.627,10.998
13-Sep,15.396,12.789,11.075
14-Sep,15.368,12.689,11.066
15-Sep,15.173,12.669,10.99
16-Sep,14.561,12.382,10.897
19-Sep,15.234,12.48,10.947
20-Sep,16.364,12.888,11.323
21-Sep,16.504,12.962,11.338
22-Sep,16.502,13.05,11.368
23-Sep,16.715,13.374,11.471
26-Sep,17.235,13.56,11.706
27-Sep,17.427,13.641,11.734
28-Sep,17.133,13.55,11.27
29-Sep,16.499,13.174,10.903
30-Sep,16.238,13.028,10.678
3-Oct,16.627,13.195,10.833
4-Oct,16.631,13.434,10.911
5-Oct,16.616,13.447,10.905
6-Oct,16.523,13.447,10.902
7-Oct,16.392,13.458,10.946
10-Oct,16.207,13.523,11.107
11-Oct,16.384,13.799,11.233
12-Oct,16.472,13.903,11.258
13-Oct,16.277,13.868,11.279
14-Oct,16.448,14.013,11.328
17-Oct,16.392,14.044,11.467
18-Oct,16.631,14.221,11.567
19-Oct,16.989,14.565,11.734
20-Oct,16.995,14.572,11.805
21-Oct,17.03,14.742,11.95
24-Oct,17.116,14.993,12.043
25-Oct,17.257,15.162,12.113
26-Oct,18.138,15.225,11.996
27-Oct,16.857,14.409,11.73
28-Oct,17.257,14.065,11.482
31-Oct,17.342,13.977,11.473
1-Nov,19.089,14.268,11.459
2-Nov,19.232,14.368,11.475
3-Nov,19.14,14.378,11.587
4-Nov,19.119,14.514,11.557
7-Nov,19.027,14.525,11.563
8-Nov,17.813,13.758,11.287
9-Nov,17.575,13.903,11.333
10-Nov,16.433,13.304,11.172
11-Nov,16.423,13.187,11.252
14-Nov,16.326,13.098,11.085
15-Nov,16.248,13.068,10.927
16-Nov,16.037,13.071,10.928
17-Nov,15.138,12.977,10.937
18-Nov,13.874,12.952,10.937
21-Nov,13.895,12.846,10.93
22-Nov,13.547,12.907,10.91
23-Nov,13.531,13.157,10.944
24-Nov,15.355,15.06,11.814
25-Nov,17.149,15.693,12.32
28-Nov,17.102,16.177,12.874
29-Nov,17.014,16.243,13.065
30-Nov,17.357,16.622,13.421
1-Dec,17.479,16.814,13.406
2-Dec,17.056,16.564,13.389
5-Dec,15.665,15.844,12.865
6-Dec,15.378,15.133,12.702
7-Dec,14.547,14.916,12.433
8-Dec,15.515,15.247,12.439
9-Dec,15.63,15.153,12.48
12-Dec,15.611,14.963,12.478
13-Dec,15.086,14.878,12.449
14-Dec,15.082,14.916,12.495
15-Dec,14.27,14.936,12.514
16-Dec,13.933,14.878,12.499
19-Dec,14.175,14.941,12.532
20-Dec,13.972,14.895,12.63
21-Dec,14.367,14.895,12.548
22-Dec,13.735,14.901,12.633
23-Dec,14.01,14.93,12.629
26-Dec,14.01,14.93,12.629
27-Dec,14.221,14.936,12.704
28-Dec,14.333,15.079,12.842
29-Dec,13.904,15.058,12.878
30-Dec,14.504,14.964,12.785
2-Jan,14.518,14.973,12.788
3-Jan,14.532,15.078,12.79
4-Jan,13.061,14.992,12.881
5-Jan,13.116,15.031,12.924
6-Jan,13.179,15.075,12.817
9-Jan,13.044,14.925,12.593
10-Jan,11.969,14.7,12.504
11-Jan,11.7,14.447,12.217
12-Jan,10.975,14.29,11.905
13-Jan,11.267,14.21,11.921
16-Jan,13.972,17.035,13.788
17-Jan,13.623,16.803,13.564
18-Jan,13.782,16.972,13.836
19-Jan,13.897,17.31,13.998
20-Jan,13.422,17.339,13.904
23-Jan,12.804,17.215,13.773
24-Jan,13.25,17.245,13.618
25-Jan,13.625,18.001,14.062
26-Jan,14.662,18.638,14.256
27-Jan,15.727,18.848,14.658
30-Jan,19.212,21.748,16.605
31-Jan,18.343,20.637,15.669
1-Feb,17.379,18.839,14.685
2-Feb,16.385,18.561,14.278
3-Feb,14.724,16.791,13.056
6-Feb,14.686,17.018,13.058
7-Feb,14.665,16.441,13.171
8-Feb,14.888,16.299,13.066
9-Feb,13.677,15.998,12.888
10-Feb,12.706,14.928,12.035
13-Feb,12.586,14.139,11.514
14-Feb,12.664,14.192,11.599
15-Feb,12.024,14.185,11.597
16-Feb,12.905,14.524,11.75
17-Feb,12.722,14.54,11.821
20-Feb,12.049,14.367,11.79
21-Feb,11.815,14.615,11.985
22-Feb,12.428,14.648,12.181
23-Feb,12.077,14.801,12.121
24-Feb,12.185,14.84,12.419
27-Feb,12.203,14.919,12.536
28-Feb,12.071,15.225,12.677
29-Feb,11.904,15.994,13.372
1-Mar,11.231,16.077,13.338
2-Mar,11.409,16.128,13.427
5-Mar,11.404,16.242,13.468
6-Mar,11.584,16.183,13.55
7-Mar,11.579,16.192,13.536
8-Mar,11.829,16.159,13.525
9-Mar,11.852,15.983,13.357
12-Mar,11.809,16.012,13.383
13-Mar,12.149,15.981,13.405
14-Mar,12.224,16.025,13.367
15-Mar,12.153,15.975,13.378
16-Mar,11.931,15.935,13.279
19-Mar,11.626,15.773,13.19
20-Mar,11.31,15.237,12.343
21-Mar,10.876,15.002,12.232
22-Mar,10.641,15.026,12.345
23-Mar,10.461,15.027,12.238
26-Mar,9.962,14.632,11.893
27-Mar,8.916,13.093,11.159
28-Mar,8.785,12.873,10.95
29-Mar,9.033,12.983,11.066
30-Mar,9.093,13.395,11.252
2-Apr,9.249,13.406,11.397
3-Apr,9.345,13.57,11.561
4-Apr,9.363,13.7,11.798
5-Apr,9.559,13.812,11.954
6-Apr,9.559,13.812,11.954
9-Apr,9.559,13.812,11.954
10-Apr,9.498,13.853,12.003
11-Apr,9.754,13.837,12.148
12-Apr,9.697,13.68,12.214
13-Apr,9.735,13.596,12.243
16-Apr,9.673,13.574,12.36
17-Apr,9.599,13.368,12.168
18-Apr,9.583,13.467,12.144
19-Apr,9.392,13.166,11.886
20-Apr,9.192,12.681,11.424
23-Apr,8.59,12.603,11.239
24-Apr,8.402,12.41,11.209
25-Apr,8.429,12.53,11.091
26-Apr,8.186,12.171,10.675
27-Apr,7.969,11.291,10.226
30-Apr,7.837,11.263,10.347
1-May,7.581,11.264,10.342
2-May,7.588,11.472,10.331
3-May,7.472,11.666,10.51
4-May,7.347,12.056,10.851
7-May,7.611,12.546,10.852
8-May,7.385,12.53,11.046
9-May,7.487,12.72,11.255
10-May,7.272,12.343,10.885
11-May,7.349,12.127,10.693
14-May,7.437,12.342,10.836
15-May,7.676,13.058,11.146
16-May,8.228,13.541,11.435
17-May,8.187,13.781,11.555
18-May,8.601,14.084,11.965
21-May,9.207,14.322,12.107
22-May,8.957,14.245,11.99
23-May,8.782,14.248,12.073
24-May,12.596,14.373,12.166
25-May,12.056,14.024,11.991
28-May,11.426,13.859,11.925
29-May,10.638,13.549,11.733
30-May,10.517,13.386,11.621
31-May,10.579,13.338,11.739
1-Jun,10.338,13.304,11.679
4-Jun,10.163,12.983,11.649
5-Jun,10.12,13.122,11.591
6-Jun,9.733,12.748,11.356
7-Jun,9.458,12.328,11.083
8-Jun,9.078,12.141,10.804
11-Jun,8.62,11.465,10.389
12-Jun,8.448,11.403,10.349
13-Jun,8.529,11.39,10.43
14-Jun,8.41,11.283,10.419
15-Jun,8.229,10.565,10.266
18-Jun,7.862,10.5,10.258
19-Jun,7.714,10.477,10.228
20-Jun,7.637,10.425,10.175
21-Jun,7.285,9.963,9.901
22-Jun,6.377,9.29,9.239
25-Jun,6.462,9.159,9.42
26-Jun,6.519,9.252,9.413
27-Jun,6.884,9.75,9.908
28-Jun,7.414,9.798,9.966
29-Jun,7.422,9.634,9.931
2-Jul,7.48,9.662,9.908
3-Jul,7.411,9.517,9.883
4-Jul,7.342,9.458,9.872
5-Jul,7.194,9.407,9.964
6-Jul,6.962,9.397,10.007
9-Jul,7.13,9.466,10.004
10-Jul,7.171,9.464,10.21
11-Jul,7.206,9.563,10.368
12-Jul,7.115,9.608,10.355
13-Jul,7.113,9.524,10.277
16-Jul,7.116,9.512,10.272
17-Jul,7.09,9.524,10.229
18-Jul,7.045,9.477,10.33
19-Jul,7.085,9.518,10.318
20-Jul,7.081,9.459,10.305
23-Jul,7.148,10.039,10.642
24-Jul,7.31,10.104,10.775
25-Jul,7.479,10.585,11.219
26-Jul,7.808,10.673,11.088
27-Jul,7.597,10.552,11.102
30-Jul,7.702,10.41,11.027
31-Jul,7.52,10.392,10.986
1-Aug,7.47,10.262,10.858
2-Aug,7.527,10.153,10.833
3-Aug,7.263,9.843,10.775
6-Aug,6.13,8.945,10.266
7-Aug,5.256,8.54,9.838
8-Aug,5.289,8.552,9.806
9-Aug,5.075,8.208,9.813
10-Aug,5.188,8.12,9.77
13-Aug,5.05,8.133,9.749
14-Aug,5.343,8.163,9.72
15-Aug,5.073,8.124,9.705
16-Aug,5.159,8.089,9.656
17-Aug,5.042,8.193,9.571
20-Aug,4.881,8.067,9.419
21-Aug,4.473,7.732,9.072
22-Aug,4.329,7.733,9.097
23-Aug,4.311,7.781,9.205
24-Aug,4.559,7.82,9.204
27-Aug,4.371,7.85,9.224
28-Aug,4.6,8.013,9.386
29-Aug,4.669,7.889,9.275
30-Aug,4.598,7.817,9.266
31-Aug,5.184,7.639,9.147
3-Sep,5.087,7.467,9.151
4-Sep,4.239,6.831,8.848
5-Sep,4.476,6.847,8.927
6-Sep,4.192,6.161,8.532
7-Sep,3.829,5.775,7.947
10-Sep,4.006,5.996,8.19
11-Sep,4.007,6.027,8.137
12-Sep,3.901,5.788,7.936
13-Sep,4.171,5.892,7.922
14-Sep,4.162,5.835,7.926
17-Sep,4.512,6.218,8.243
18-Sep,4.762,6.655,8.495
19-Sep,4.751,6.531,8.446
20-Sep,4.751,6.508,8.429
21-Sep,4.707,6.413,8.42
24-Sep,4.782,6.538,8.511
25-Sep,4.676,6.689,8.588
26-Sep,4.73,6.811,8.723
27-Sep,4.748,6.825,8.831
28-Sep,4.748,6.85,8.874
1-Oct,4.775,6.843,8.839
2-Oct,4.776,6.785,8.804
3-Oct,4.558,6.626,8.636
4-Oct,4.117,6.576,8.567
5-Oct,3.643,5.92,8.101
8-Oct,3.704,5.974,8.106
9-Oct,3.891,6.094,8.237
10-Oct,3.828,5.958,8.003
11-Oct,3.857,5.962,8.002
12-Oct,3.894,5.686,7.915
15-Oct,3.904,5.723,7.963
16-Oct,3.962,5.749,7.948
17-Oct,3.901,5.349,7.642
18-Oct,3.916,5.325,7.646
19-Oct,3.951,5.282,7.47
22-Oct,4.027,5.241,7.46
23-Oct,4.3,5.544,7.678
24-Oct,4.609,5.768,7.719
25-Oct,4.676,5.776,7.736
26-Oct,4.791,6.029,7.964
29-Oct,4.792,6.02,8.007
30-Oct,4.816,6.066,8.023
31-Oct,4.885,6.242,8.071
1-Nov,4.948,6.347,8.081
2-Nov,5.258,6.775,8.305
5-Nov,5.356,7.025,8.455
6-Nov,5.515,7.142,8.407
7-Nov,5.331,7.107,8.38
8-Nov,5.486,7.27,8.47
9-Nov,5.718,7.655,8.661
12-Nov,5.739,7.654,8.7
13-Nov,5.739,7.654,8.701
14-Nov,5.567,7.656,8.702
15-Nov,5.718,7.718,8.776
16-Nov,5.504,7.543,8.68
19-Nov,5.371,7.277,8.364
20-Nov,4.715,6.812,8.087
21-Nov,4.271,6.398,7.775
22-Nov,3.815,6.183,7.748
23-Nov,3.797,6.189,7.792
26-Nov,3.893,6.425,7.878
27-Nov,3.607,6.144,7.627
28-Nov,3.656,6.064,7.62
29-Nov,3.703,6.103,7.521
30-Nov,3.713,6.1,7.538
3-Dec,3.661,5.944,7.362
4-Dec,3.664,5.855,7.446
5-Dec,3.628,5.797,7.391
6-Dec,3.696,5.85,7.442
7-Dec,3.645,5.79,7.453
10-Dec,3.696,5.9,7.484
11-Dec,3.591,5.798,7.386
12-Dec,3.533,5.65,7.289
13-Dec,3.502,5.449,7.15
14-Dec,3.301,5.216,6.992
17-Dec,3.318,5.226,6.995
18-Dec,3.317,5.111,6.975
19-Dec,3.158,4.94,6.891
20-Dec,3.106,4.942,6.887
21-Dec,3.342,5.019,6.892
24-Dec,3.162,5.019,6.892
25-Dec,3.162,5.019,6.892
26-Dec,3.162,5.019,6.892
27-Dec,3.252,4.958,6.83
28-Dec,3.264,5.02,6.881
31-Dec,3.264,5.02,6.881
1-Jan,3.264,5.02,6.881
2-Jan,3.064,4.773,6.466
3-Jan,3.07,4.781,6.329
4-Jan,3.11,4.867,6.247
7-Jan,3.201,4.873,6.293
8-Jan,3.478,5.097,6.377
9-Jan,3.615,5.146,6.423
10-Jan,3.328,4.896,6.181
11-Jan,3.206,4.815,6.116
14-Jan,3.358,5.043,6.259
15-Jan,3.41,5.063,6.23
16-Jan,3.35,5.171,6.33
17-Jan,3.296,5.037,6.205
18-Jan,3.051,4.914,6.06
21-Jan,3.086,4.888,6.012
22-Jan,3.027,4.821,5.81
23-Jan,2.908,4.775,5.741
24-Jan,2.991,4.88,5.928
25-Jan,3.061,4.975,6.057
28-Jan,3.097,5.051,6.176
29-Jan,3.091,4.923,6.006
30-Jan,3.048,4.893,5.996
31-Jan,3.047,4.961,6.063
1-Feb,3.206,5.001,6.119
4-Feb,3.306,5.142,6.372
5-Feb,3.264,5.108,6.342
6-Feb,3.316,5.206,6.465
7-Feb,3.297,5.248,6.52
8-Feb,3.187,5.22,6.472
11-Feb,3.31,5.326,6.539
12-Feb,3.293,5.206,6.445
13-Feb,3.308,5.015,6.251
14-Feb,3.243,4.933,6.153
15-Feb,3.211,4.874,6.119
18-Feb,3.211,4.951,6.185
19-Feb,3.226,4.902,6.148
20-Feb,3.18,4.858,6.127
21-Feb,3.195,4.932,6.243
22-Feb,3.192,4.905,6.22
25-Feb,3.071,4.821,6.108
26-Feb,3.27,5.024,6.472
27-Feb,3.125,4.993,6.406
28-Feb,3.059,4.787,6.244
1-Mar,3.122,4.858,6.298
4-Mar,3.115,4.853,6.305
5-Mar,3.018,4.738,6.083
6-Mar,3.063,4.735,6.08
7-Mar,2.923,4.58,5.861
8-Mar,2.911,4.531,5.872
11-Mar,2.921,4.617,5.906
12-Mar,2.904,4.564,5.861
13-Mar,2.9,4.539,5.868
14-Mar,2.933,4.58,5.856
15-Mar,2.911,4.574,5.893
18-Mar,2.982,4.684,5.98
19-Mar,3.045,4.84,6.179
20-Mar,2.849,4.717,5.955
21-Mar,2.869,4.676,5.957
22-Mar,2.865,4.713,5.963
25-Mar,2.806,4.752,6.012
26-Mar,2.817,4.815,6.131
27-Mar,2.882,4.96,6.302
28-Mar,2.914,5.006,6.302
29-Mar,2.914,5.006,6.302
1-Apr,2.914,5.006,6.302
2-Apr,2.895,4.991,6.368
3-Apr,2.75,4.823,6.271
4-Apr,2.769,4.879,6.348
5-Apr,2.801,4.918,6.305
8-Apr,2.781,4.91,6.351
9-Apr,2.786,4.96,6.389
10-Apr,2.758,4.962,6.335
11-Apr,2.757,4.935,6.294
12-Apr,2.74,4.911,6.243
15-Apr,2.699,4.89,6.189
16-Apr,2.701,4.756,6.047
17-Apr,2.775,4.775,6.077
18-Apr,2.784,4.816,6.066
19-Apr,2.805,4.74,6.021
22-Apr,2.765,4.551,5.833
23-Apr,2.779,4.479,5.694
24-Apr,2.777,4.482,5.729
25-Apr,2.793,4.53,5.779
26-Apr,2.813,4.61,5.824
29-Apr,2.823,4.455,5.782
30-Apr,2.752,4.414,5.67
1-May,2.738,4.398,5.668
2-May,2.671,4.32,5.61
3-May,2.35,4.108,5.454
6-May,2.392,4.096,5.445
7-May,2.324,4.072,5.481
8-May,2.321,4.061,5.402
9-May,2.333,4.072,5.404
10-May,2.375,4.105,5.416
13-May,2.376,4.12,5.427
14-May,2.395,4.125,5.404
15-May,2.345,4.048,5.345
16-May,2.356,3.993,5.244
17-May,2.36,3.937,5.208
20-May,2.364,3.91,5.199
21-May,2.436,3.916,5.2
22-May,2.433,3.928,5.206
23-May,2.467,4.063,5.404
24-May,2.52,4.203,5.492
27-May,2.524,4.202,5.482
28-May,2.514,4.084,5.382
29-May,2.508,4.154,5.482
30-May,2.571,4.159,5.484
31-May,2.632,4.302,5.554
3-Jun,2.803,4.502,5.762
4-Jun,2.732,4.411,5.668
5-Jun,2.742,4.492,5.754
6-Jun,2.844,4.798,6.026
7-Jun,3.032,4.845,6.089
10-Jun,3.05,4.954,6.169
11-Jun,3.314,5.212,6.399
12-Jun,3.301,5.172,6.363
13-Jun,3.462,5.288,6.458
14-Jun,3.36,5.085,6.246
17-Jun,3.356,5.04,6.193
18-Jun,3.246,4.94,6.055
19-Jun,3.126,4.911,6.017
20-Jun,3.342,5.242,6.355
21-Jun,3.351,5.29,6.38
24-Jun,3.424,5.589,6.741
25-Jun,3.408,5.694,6.834
26-Jun,3.373,5.474,6.619
27-Jun,3.338,5.269,6.449
28-Jun,3.334,5.175,6.384
1-Jul,3.289,5.127,6.336
2-Jul,3.319,5.399,6.621
3-Jul,4.514,6.483,7.336
4-Jul,5.108,6.397,7.159
5-Jul,5.132,6.306,7.017
8-Jul,4.987,6.202,6.823
9-Jul,4.95,6.05,6.634
10-Jul,4.9,6.095,6.667
11-Jul,4.973,6.233,6.793
12-Jul,5.485,7.112,7.358
15-Jul,5.532,6.815,7.155
16-Jul,5.202,6.647,7.043
17-Jul,5.202,6.684,7.107
18-Jul,5.164,6.431,6.921
19-Jul,4.822,6.285,6.709
22-Jul,4.418,5.694,6.294
23-Jul,4.238,5.745,6.321
24-Jul,3.803,5.735,6.388
25-Jul,3.771,5.63,6.389
26-Jul,3.832,5.608,6.381
29-Jul,3.626,5.587,6.382
30-Jul,3.6,5.549,6.324
31-Jul,3.347,5.567,6.332
1-Aug,3.375,5.619,6.331
2-Aug,3.474,5.757,6.496
5-Aug,3.428,5.748,6.485
6-Aug,3.448,5.76,6.477
7-Aug,3.458,5.778,6.477
8-Aug,3.466,5.831,6.514
9-Aug,3.475,5.813,6.515
12-Aug,3.475,5.812,6.512
13-Aug,3.504,5.765,6.476
14-Aug,3.463,5.741,6.445
15-Aug,3.467,5.715,6.369
16-Aug,3.519,5.633,6.315
19-Aug,3.467,5.598,6.294
20-Aug,3.447,5.596,6.291
21-Aug,3.491,5.816,6.383
22-Aug,4.669,6.076,6.515
23-Aug,4.669,6.076,6.494
26-Aug,4.656,6.073,6.49
27-Aug,4.673,6.078,6.501
28-Aug,4.725,6.16,6.534
29-Aug,4.708,6.143,6.525
30-Aug,5.008,6.307,6.661
2-Sep,4.95,6.257,6.622
3-Sep,4.886,6.232,6.646
4-Sep,4.91,6.299,6.716
5-Sep,5.119,6.462,6.928
6-Sep,5.184,6.539,7.043
9-Sep,5.137,6.456,6.954
10-Sep,5.171,6.496,7.038
11-Sep,5.229,6.523,7.078
12-Sep,5.421,6.63,7.169
13-Sep,5.826,6.9,7.34
16-Sep,5.614,6.672,7.195
17-Sep,5.558,6.586,7.096
18-Sep,5.489,6.509,7.117
19-Sep,5.469,6.51,7.113
20-Sep,5.416,6.461,7.079
23-Sep,5.471,6.507,7.102
24-Sep,5.424,6.345,6.972
25-Sep,5.406,6.353,6.975
26-Sep,5.366,6.338,6.926
27-Sep,5.268,6.168,6.778
30-Sep,5.058,5.931,6.596
1-Oct,5.078,5.791,6.502
2-Oct,5.191,6.004,6.706
3-Oct,5.013,5.824,6.545
4-Oct,4.615,5.581,6.339
7-Oct,4.493,5.492,6.318
8-Oct,4.508,5.44,6.282
9-Oct,4.582,5.57,6.313
10-Oct,4.551,5.5,6.337
11-Oct,4.384,5.323,6.198
14-Oct,4.269,5.223,6.163
15-Oct,4.143,5.259,6.17
16-Oct,4.111,5.202,6.136
17-Oct,4.097,5.243,6.177
18-Oct,4.148,5.321,6.211
21-Oct,4.02,5.221,6.113
22-Oct,3.926,5.193,6.132
23-Oct,3.898,5.186,6.128
24-Oct,3.784,5.141,6.12
25-Oct,3.807,5.155,6.136
28-Oct,3.741,5.104,6.121
29-Oct,3.678,5.1,6.138
30-Oct,3.682,5.163,6.171
31-Oct,3.669,5.167,6.164
1-Nov,3.458,5.008,6.067
4-Nov,3.43,5.001,6.088
5-Nov,3.408,5.004,6.062
6-Nov,3.309,4.815,5.868
7-Nov,3.224,4.74,5.791
8-Nov,3.214,4.836,5.922
11-Nov,3.239,4.664,5.782
12-Nov,3.289,4.794,5.867
13-Nov,3.278,4.789,5.861
14-Nov,3.323,4.792,5.883
15-Nov,3.316,4.784,5.904
18-Nov,3.317,4.789,5.911
19-Nov,3.364,4.829,5.939
20-Nov,3.357,4.89,5.982
21-Nov,3.383,4.9,5.988
22-Nov,3.361,4.854,5.925
25-Nov,3.361,4.839,5.897
26-Nov,3.316,4.798,5.845
27-Nov,3.289,4.766,5.824
28-Nov,3.323,4.778,5.845
29-Nov,3.321,4.752,5.829
2-Dec,3.238,4.926,5.906
3-Dec,3.161,4.779,5.827
4-Dec,3.198,4.84,5.883
5-Dec,3.223,4.889,5.946
6-Dec,3.211,4.908,5.976
9-Dec,3.214,4.942,6.007
10-Dec,3.171,4.92,6.006
11-Dec,3.077,4.854,5.965
12-Dec,3.099,4.906,6.027
13-Dec,3.107,4.887,6.014
16-Dec,3.071,4.878,6.003
17-Dec,3.069,4.882,6.013
18-Dec,3.068,4.882,6.017
19-Dec,3.043,4.863,6.001
20-Dec,3.05,4.858,5.993
23-Dec,3.04,4.851,5.992
24-Dec,3.003,4.824,5.987
25-Dec,3.003,4.824,5.987
26-Dec,3.003,4.824,5.987
27-Dec,2.97,4.838,5.993
30-Dec,2.9,4.808,5.978
31-Dec,2.851,4.815,6.01
1-Jan,2.851,4.815,6.01
2-Jan,2.722,4.59,5.803
3-Jan,2.524,4.377,5.621
6-Jan,2.41,4.23,5.522
7-Jan,2.095,4.009,5.348
8-Jan,2.024,4.026,5.376
9-Jan,2.022,4.027,5.362
10-Jan,1.963,3.984,5.335
13-Jan,1.962,3.926,5.291
14-Jan,1.956,3.898,5.271
15-Jan,1.881,3.768,5.141
16-Jan,2.432,4.276,5.269
17-Jan,2.35,4.199,5.208
20-Jan,2.34,4.075,5.089
21-Jan,2.316,4.049,5.046
22-Jan,2.341,4.034,5.033
23-Jan,2.447,4.146,5.131
24-Jan,2.56,4.269,5.255
27-Jan,2.497,4.192,5.151
28-Jan,2.533,4.117,5.083
29-Jan,2.493,4.111,5.092
30-Jan,2.512,4.069,5.078
31-Jan,2.442,3.999,4.985
3-Feb,2.448,4.02,4.996
4-Feb,2.487,4.059,5.032
5-Feb,2.42,4.002,4.975
6-Feb,2.406,3.975,4.943
7-Feb,2.413,3.932,4.913
10-Feb,2.416,3.942,4.958
11-Feb,2.459,3.948,4.993
12-Feb,2.471,3.976,4.997
13-Feb,2.539,3.991,4.997
14-Feb,2.47,3.89,4.919
17-Feb,2.388,3.766,4.803
18-Feb,2.337,3.739,4.805
19-Feb,2.297,3.754,4.848
20-Feb,2.348,3.836,4.93
21-Feb,2.287,3.808,4.907
24-Feb,2.163,3.788,4.865
25-Feb,2.018,3.716,4.838
26-Feb,1.886,3.708,4.836
27-Feb,1.695,3.612,4.795
28-Feb,1.739,3.69,4.838
3-Mar,1.761,3.716,4.863
4-Mar,1.744,3.663,4.821
5-Mar,1.679,3.54,4.694
6-Mar,1.679,3.538,4.674
7-Mar,1.638,3.431,4.562
10-Mar,1.496,3.344,4.439
11-Mar,1.393,3.312,4.381
12-Mar,1.487,3.484,4.496
13-Mar,1.563,3.602,4.595
14-Mar,1.532,3.53,4.579
17-Mar,1.333,3.433,4.505
18-Mar,1.33,3.319,4.411
19-Mar,1.339,3.282,4.368
20-Mar,1.411,3.279,4.362
21-Mar,1.339,3.156,4.25
24-Mar,1.308,3.088,4.194
25-Mar,1.32,3.049,4.184
26-Mar,1.304,2.974,4.093
27-Mar,1.28,2.933,4.044
28-Mar,1.254,2.895,4.026
31-Mar,1.327,2.939,4.055
1-Apr,1.278,2.909,4.035
2-Apr,1.259,2.827,3.979
3-Apr,1.233,2.793,3.964
4-Apr,1.197,2.62,3.838
7-Apr,1.202,2.631,3.863
8-Apr,1.169,2.626,3.902
9-Apr,1.133,2.586,3.889
10-Apr,1.12,2.529,3.861
11-Apr,1.181,2.62,3.95
14-Apr,1.181,2.616,3.9
15-Apr,1.115,2.595,3.855
16-Apr,1.075,2.498,3.734
17-Apr,1.08,2.456,3.724
18-Apr,1.08,2.456,3.724
21-Apr,1.08,2.456,3.724
22-Apr,1.066,2.422,3.688
23-Apr,1.097,2.429,3.641
24-Apr,1.097,2.454,3.65
25-Apr,1.124,2.493,3.669
28-Apr,1.143,2.555,3.723
29-Apr,1.145,2.582,3.715
30-Apr,1.101,2.524,3.633
1-May,1.104,2.497,3.559
2-May,1.074,2.465,3.611
5-May,1.076,2.429,3.594
6-May,1.029,2.357,3.565
7-May,1.052,2.349,3.559
8-May,1.021,2.255,3.448
9-May,1.098,2.351,3.528
12-May,1.18,2.417,3.567
13-May,1.154,2.41,3.534
14-May,1.156,2.365,3.504
15-May,1.322,2.539,3.685
16-May,1.309,2.604,3.727
19-May,1.377,2.733,3.846
20-May,1.475,2.878,3.953
21-May,1.316,2.752,3.818
22-May,1.333,2.752,3.817
23-May,1.191,2.632,3.75
26-May,1.157,2.561,3.672
27-May,1.112,2.569,3.658
28-May,1.005,2.458,3.536
29-May,1.066,2.536,3.59
30-May,1.074,2.532,3.609
2-Jun,1.124,2.612,3.653
3-Jun,1.132,2.619,3.65
4-Jun,1.118,2.633,3.659
5-Jun,1.03,2.515,3.63
6-Jun,0.903,2.27,3.501
9-Jun,0.881,2.081,3.355
10-Jun,0.917,2.118,3.321
11-Jun,0.933,2.147,3.311
12-Jun,0.854,2.161,3.337
13-Jun,0.863,2.217,3.366
16-Jun,0.862,2.253,3.405
17-Jun,0.884,2.276,3.452
18-Jun,0.862,2.305,3.514
19-Jun,0.857,2.238,3.472
20-Jun,0.845,2.252,3.519
23-Jun,0.86,2.268,3.497
24-Jun,0.853,2.241,3.449
25-Jun,0.826,2.225,3.449
26-Jun,0.825,2.224,3.483
27-Jun,0.839,2.279,3.556
30-Jun,0.875,2.344,3.635
1-Jul,0.864,2.287,3.583
2-Jul,0.858,2.319,3.617
3-Jul,0.839,2.269,3.576
4-Jul,0.814,2.235,3.572
7-Jul,0.833,2.243,3.581
8-Jul,0.86,2.318,3.636
9-Jul,0.916,2.438,3.758
10-Jul,1.075,2.627,3.971
11-Jul,0.976,2.529,3.851
14-Jul,0.906,2.478,3.795
15-Jul,0.978,2.52,3.799
16-Jul,0.942,2.428,3.71
17-Jul,0.916,2.397,3.68
18-Jul,0.863,2.368,3.655
21-Jul,0.841,2.367,3.663
22-Jul,0.89,2.391,3.703
23-Jul,0.83,2.352,3.682
24-Jul,0.815,2.301,3.681
25-Jul,0.765,2.23,3.63
28-Jul,0.715,2.067,3.562
29-Jul,0.713,2.052,3.571
30-Jul,0.699,2.012,3.562
31-Jul,0.715,2.117,3.602
1-Aug,0.697,2.22,3.689
4-Aug,0.644,2.118,3.613
5-Aug,0.642,2.234,3.695
6-Aug,0.691,2.329,3.783
7-Aug,0.72,2.383,3.837
8-Aug,0.732,2.367,3.833
11-Aug,0.696,2.27,3.775
12-Aug,0.707,2.244,3.735
13-Aug,0.697,2.172,3.669
14-Aug,0.663,2.009,3.534
15-Aug,0.644,1.976,3.496
18-Aug,0.672,1.976,3.479
19-Aug,0.666,1.884,3.402
20-Aug,0.66,1.874,3.299
21-Aug,0.907,1.781,3.212
22-Aug,0.894,1.776,3.227
25-Aug,0.778,1.568,3.023
26-Aug,0.753,1.631,3.032
27-Aug,0.748,1.667,3.011
28-Aug,0.836,1.795,3.155
29-Aug,0.811,1.811,3.2
1-Sep,0.788,1.761,3.177
2-Sep,0.822,1.792,3.234
3-Sep,0.786,1.766,3.223
4-Sep,0.635,1.707,3.141
5-Sep,0.485,1.566,3.048
8-Sep,0.518,1.591,3.07
9-Sep,0.548,1.631,3.153
10-Sep,0.559,1.664,3.193
11-Sep,0.578,1.7,3.23
12-Sep,0.566,1.719,3.223
15-Sep,0.592,1.746,3.207
16-Sep,0.617,1.783,3.207
17-Sep,0.576,1.755,3.172
18-Sep,0.555,1.763,3.208
19-Sep,0.522,1.72,3.162
22-Sep,0.494,1.728,3.166
23-Sep,0.494,1.744,3.175
24-Sep,0.488,1.732,3.155
25-Sep,0.418,1.696,3.119
26-Sep,0.426,1.681,3.087
29-Sep,0.462,1.709,3.134
30-Sep,0.445,1.712,3.152
1-Oct,0.434,1.606,3.069
2-Oct,0.448,1.599,3.059
3-Oct,0.467,1.583,3.035
6-Oct,0.482,1.587,3.023
7-Oct,0.476,1.602,3.016
8-Oct,0.534,1.638,3.013
9-Oct,0.573,1.628,2.952
10-Oct,0.549,1.576,2.946
13-Oct,0.561,1.635,3.028
14-Oct,0.571,1.669,3.056
15-Oct,0.739,1.957,3.273
16-Oct,0.901,2.068,3.461
17-Oct,0.851,1.913,3.285
20-Oct,0.926,2.101,3.46
21-Oct,0.915,2.043,3.388
22-Oct,0.806,1.944,3.311
23-Oct,0.765,1.911,3.269
24-Oct,0.753,1.855,3.248
27-Oct,0.885,1.992,3.386
28-Oct,0.889,1.941,3.336
29-Oct,0.892,1.923,3.323
30-Oct,0.92,1.941,3.323
31-Oct,0.857,1.815,3.206
3-Nov,0.88,1.918,3.323
4-Nov,0.893,1.902,3.31
5-Nov,0.883,1.892,3.277
6-Nov,0.858,1.87,3.22
7-Nov,0.758,1.864,3.266
10-Nov,0.737,1.844,3.227
11-Nov,0.695,1.808,3.191
12-Nov,0.719,1.844,3.212
13-Nov,0.695,1.802,3.2
14-Nov,0.637,1.738,3.178
17-Nov,0.62,1.734,3.136
18-Nov,0.625,1.725,3.124
19-Nov,0.605,1.743,3.138
20-Nov,0.594,1.712,3.119
21-Nov,0.536,1.6,2.992
24-Nov,0.527,1.57,2.958
25-Nov,0.486,1.543,2.915
26-Nov,0.495,1.561,2.909
27-Nov,0.468,1.517,2.809
28-Nov,0.473,1.553,2.835
1-Dec,0.502,1.536,2.814
2-Dec,0.478,1.529,2.799
3-Dec,0.467,1.498,2.77
4-Dec,0.479,1.508,2.792
5-Dec,0.446,1.464,2.737
8-Dec,0.447,1.427,2.709
9-Dec,0.557,1.517,2.808
10-Dec,0.581,1.663,2.949
11-Dec,0.573,1.694,2.954
12-Dec,0.572,1.702,2.954
15-Dec,0.585,1.671,2.903
16-Dec,0.585,1.673,2.912
17-Dec,0.541,1.623,2.843
18-Dec,0.476,1.506,2.755
19-Dec,0.462,1.455,2.713
22-Dec,0.426,1.427,2.681
23-Dec,0.445,1.446,2.688
24-Dec,0.405,1.426,2.7
25-Dec,0.405,1.426,2.7
26-Dec,0.405,1.426,2.7
29-Dec,0.488,1.509,2.736
30-Dec,0.395,1.429,2.663
31-Dec,0.391,1.43,2.654
1-Jan,0.391,1.43,2.654
2-Jan,0.38,1.236,2.404
5-Jan,0.401,1.343,2.511
6-Jan,0.44,1.415,2.565
7-Jan,0.474,1.534,2.712
8-Jan,0.378,1.45,2.578
9-Jan,0.435,1.521,2.625
12-Jan,0.404,1.493,2.59
13-Jan,0.405,1.488,2.641
14-Jan,0.484,1.514,2.643
15-Jan,0.439,1.507,2.611
16-Jan,0.415,1.446,2.519
19-Jan,0.396,1.428,2.468
20-Jan,0.386,1.643,2.77
21-Jan,0.364,1.638,2.76
22-Jan,0.256,1.509,2.572
23-Jan,0.27,1.392,2.438
26-Jan,0.298,1.411,2.361
27-Jan,0.287,1.485,2.431
28-Jan,0.301,1.591,2.571
29-Jan,0.328,1.601,2.593
30-Jan,0.322,1.626,2.624
2-Feb,0.347,1.646,2.661
3-Feb,0.307,1.566,2.572
4-Feb,0.278,1.469,2.472
5-Feb,0.253,1.404,2.434
6-Feb,0.27,1.398,2.398
9-Feb,0.284,1.51,2.506
10-Feb,0.303,1.55,2.561
11-Feb,0.293,1.538,2.553
12-Feb,0.254,1.436,2.455
13-Feb,0.248,1.39,2.374
16-Feb,0.248,1.399,2.369
17-Feb,0.272,1.4,2.348
18-Feb,0.276,1.348,2.304
19-Feb,0.289,1.315,2.246
20-Feb,0.319,1.289,2.213
23-Feb,0.294,1.182,2.122
24-Feb,0.254,1.105,2.101
25-Feb,0.257,1.002,2.002
26-Feb,0.251,0.878,1.861
27-Feb,0.226,0.899,1.814
2-Mar,0.206,0.964,1.85
3-Mar,0.204,1,1.917
4-Mar,0.176,0.962,1.876
5-Mar,0.144,0.871,1.783
6-Mar,0.182,0.879,1.748
9-Mar,0.122,0.878,1.746
10-Mar,0.111,0.841,1.696
11-Mar,0.088,0.811,1.606
12-Mar,0.077,0.81,1.566
13-Mar,0.09,0.831,1.546
16-Mar,0.072,0.84,1.551
17-Mar,0.102,0.878,1.62
18-Mar,0.096,0.942,1.721
19-Mar,0.088,0.932,1.695
20-Mar,0.08,0.857,1.623
23-Mar,0.105,0.971,1.736
24-Mar,0.104,1.011,1.785
25-Mar,0.093,1.033,1.807
26-Mar,0.084,1.011,1.774
27-Mar,0.071,0.984,1.748
30-Mar,0.08,0.982,1.756
31-Mar,0.062,0.905,1.678
1-Apr,0.011,0.88,1.688
2-Apr,0.024,0.862,1.696
3-Apr,0.024,0.862,1.696
6-Apr,0.024,0.862,1.696
7-Apr,0.006,0.79,1.62
8-Apr,0.005,0.747,1.611
9-Apr,0.01,0.759,1.63
10-Apr,0.008,0.736,1.604
13-Apr,0.002,0.768,1.675
14-Apr,0.006,0.789,1.748
15-Apr,0.003,0.741,1.696
16-Apr,0.013,0.853,1.875
17-Apr,0.047,0.979,2.002
20-Apr,0.042,0.978,1.995
21-Apr,0.073,0.991,2.08
22-Apr,0.075,0.94,1.995
23-Apr,0.066,0.907,1.967
24-Apr,0.069,0.928,1.974
27-Apr,0.055,0.874,1.89
28-Apr,0.039,0.881,1.958
29-Apr,0.041,0.982,2.11
30-Apr,0.046,0.941,2.092
1-May,0.05,0.932,2.069
4-May,0.047,0.912,2.08
5-May,0.071,1.097,2.376
6-May,0.095,1.216,2.524
7-May,0.051,1.126,2.386
8-May,0.062,1.016,2.264
11-May,0.064,1.036,2.347
12-May,0.071,1.063,2.393
13-May,0.102,1.074,2.429
14-May,0.097,1.055,2.386
15-May,0.079,0.997,2.273
18-May,0.098,1.051,2.399
19-May,0.07,1.006,2.335
20-May,0.044,1.046,2.407
21-May,0.026,1.055,2.389
22-May,0.032,1.075,2.415
25-May,0.019,1.07,2.415
26-May,0.042,1.161,2.519
27-May,0.094,1.168,2.468
28-May,0.092,1.232,2.52
29-May,0.112,1.31,2.549
1-Jun,0.149,1.499,2.722
2-Jun,0.152,1.536,2.826
3-Jun,0.141,1.547,2.858
4-Jun,0.114,1.569,2.837
5-Jun,0.139,1.669,2.934
8-Jun,0.14,1.687,2.97
9-Jun,0.125,1.68,2.974
10-Jun,0.116,1.677,2.958
11-Jun,0.031,1.608,2.88
12-Jun,0.041,1.679,3.021
15-Jun,0.174,1.879,3.235
16-Jun,0.107,1.905,3.195
17-Jun,0.083,1.86,3.147
18-Jun,0.069,1.811,3.095
19-Jun,0.048,1.732,3.027
22-Jun,0.053,1.458,2.789
23-Jun,0.039,1.386,2.734
24-Jun,0.029,1.413,2.726
25-Jun,-0.003,1.374,2.668
26-Jun,-0.001,1.427,2.702
29-Jun,0.064,1.674,3.053
30-Jun,0.049,1.65,2.979
1-Jul,0.623,1.61,2.915
2-Jul,0.649,1.657,2.992
3-Jul,0.636,1.636,2.925
6-Jul,0.737,1.846,3.167
7-Jul,0.77,1.859,3.124
8-Jul,0.778,1.789,3.003
9-Jul,0.696,1.689,2.898
10-Jul,0.569,1.565,2.828
13-Jul,0.489,1.457,2.76
14-Jul,0.467,1.446,2.734
15-Jul,0.443,1.422,2.679
16-Jul,0.398,1.355,2.665
17-Jul,0.392,1.356,2.627
20-Jul,0.352,1.356,2.579
21-Jul,0.408,1.387,2.63
22-Jul,0.391,1.364,2.598
23-Jul,0.387,1.352,2.56
24-Jul,0.367,1.286,2.499
27-Jul,0.381,1.304,2.521
28-Jul,0.371,1.276,2.504
29-Jul,0.398,1.288,2.515
30-Jul,0.363,1.224,2.445
31-Jul,0.365,1.199,2.38
3-Aug,0.376,1.196,2.386
4-Aug,0.374,1.194,2.385
5-Aug,0.378,1.247,2.495
6-Aug,0.363,1.185,2.45
7-Aug,0.379,1.203,2.439
10-Aug,0.352,1.175,2.401
11-Aug,0.337,1.151,2.323
12-Aug,0.305,1.209,2.396
13-Aug,0.313,1.182,2.395
14-Aug,0.329,1.206,2.416
17-Aug,0.328,1.175,2.37
18-Aug,0.358,1.223,2.475
19-Aug,0.36,1.22,2.474
20-Aug,0.392,1.299,2.571
21-Aug,0.429,1.328,2.615
24-Aug,0.449,1.376,2.676
25-Aug,0.453,1.383,2.715
26-Aug,0.428,1.353,2.675
27-Aug,0.397,1.297,2.607
28-Aug,0.388,1.288,2.595
31-Aug,0.379,1.317,2.641
1-Sep,0.391,1.405,2.721
2-Sep,0.387,1.387,2.667
3-Sep,0.349,1.3,2.553
4-Sep,0.322,1.262,2.503
7-Sep,0.327,1.3,2.566
8-Sep,0.295,1.248,2.491
9-Sep,0.282,1.236,2.507
10-Sep,0.295,1.281,2.57
11-Sep,0.309,1.323,2.602
14-Sep,0.314,1.342,2.654
15-Sep,0.341,1.347,2.698
16-Sep,0.365,1.344,2.705
17-Sep,0.4,1.31,2.665
18-Sep,0.362,1.204,2.506
21-Sep,0.394,1.255,2.573
22-Sep,0.38,1.264,2.594
23-Sep,0.379,1.27,2.585
24-Sep,0.358,1.244,2.557
25-Sep,0.35,1.23,2.546
28-Sep,0.331,1.188,2.506
29-Sep,0.312,1.136,2.419
30-Sep,0.301,1.135,2.386
1-Oct,0.285,1.091,2.338
2-Oct,0.242,1.053,2.29
5-Oct,0.229,1.056,2.304
6-Oct,0.236,1.082,2.352
7-Oct,0.224,1.066,2.355
8-Oct,0.224,1.075,2.355
9-Oct,0.232,1.086,2.396
12-Oct,0.234,1.124,2.436
13-Oct,0.253,1.122,2.405
14-Oct,0.283,1.185,2.45
15-Oct,0.298,1.209,2.481
16-Oct,0.282,1.16,2.43
19-Oct,0.276,1.12,2.378
20-Oct,0.276,1.138,2.413
21-Oct,0.291,1.155,2.44
22-Oct,0.225,1.042,2.313
23-Oct,0.212,1.074,2.362
26-Oct,0.274,1.168,2.445
27-Oct,0.311,1.214,2.463
28-Oct,0.253,1.143,2.369
29-Oct,0.301,1.243,2.492
30-Oct,0.321,1.279,2.53
2-Nov,0.346,1.352,2.596
3-Nov,0.305,1.305,2.563
4-Nov,0.248,1.269,2.546
5-Nov,0.261,1.315,2.609
6-Nov,0.258,1.366,2.668
9-Nov,0.287,1.52,2.821
10-Nov,0.21,1.453,2.766
11-Nov,0.164,1.459,2.733
12-Nov,0.178,1.512,2.772
13-Nov,0.211,1.478,2.747
16-Nov,0.148,1.393,2.669
17-Nov,0.125,1.291,2.558
18-Nov,0.133,1.216,2.462
19-Nov,0.178,1.188,2.439
20-Nov,0.172,1.199,2.479
23-Nov,0.18,1.215,2.535
24-Nov,0.167,1.192,2.524
25-Nov,0.137,1.073,2.409
26-Nov,0.113,0.98,2.325
27-Nov,0.131,0.982,2.296
30-Nov,0.134,0.998,2.315
1-Dec,0.132,0.952,2.259
2-Dec,0.107,0.918,2.257
3-Dec,0.161,1.068,2.48
4-Dec,0.192,1.123,2.473
7-Dec,0.162,1.069,2.412
8-Dec,0.124,1.072,2.436
9-Dec,0.106,1.081,2.447
10-Dec,0.107,1.058,2.424
11-Dec,0.101,1.095,2.44
14-Dec,0.116,1.141,2.522
15-Dec,0.116,1.161,2.559
16-Dec,0.123,1.168,2.567
17-Dec,0.105,1.127,2.518
18-Dec,0.103,1.104,2.479
21-Dec,0.11,1.111,2.495
22-Dec,0.113,1.095,2.508
23-Dec,0.112,1.118,2.529
24-Dec,0.11,1.112,2.531
25-Dec,0.11,1.112,2.531
28-Dec,0.069,1.053,2.477
29-Dec,0.059,1.045,2.492
30-Dec,0.092,1.05,2.504
31-Dec,0.092,1.05,2.504
1-Jan,0.092,1.05,2.504
4-Jan,0.072,1.064,2.542
5-Jan,0.052,1.082,2.505
6-Jan,0.057,1.102,2.509
7-Jan,0.089,1.198,2.593
8-Jan,0.085,1.208,2.596
11-Jan,0.099,1.22,2.64
12-Jan,0.102,1.236,2.674
13-Jan,0.084,1.196,2.661
14-Jan,0.096,1.19,2.682
15-Jan,0.083,1.202,2.728
18-Jan,0.103,1.244,2.76
19-Jan,0.106,1.219,2.759
20-Jan,0.154,1.349,2.914
21-Jan,0.365,1.637,3.084
22-Jan,0.374,1.602,3.024
25-Jan,0.371,1.604,3.029
26-Jan,0.373,1.579,2.977
27-Jan,0.396,1.579,2.938
28-Jan,0.402,1.591,2.966
29-Jan,0.347,1.578,2.868
1-Feb,0.372,1.62,2.92
2-Feb,0.386,1.648,2.974
3-Feb,0.346,1.604,2.921
4-Feb,0.347,1.665,3.021
5-Feb,0.399,1.743,3.122
8-Feb,0.535,1.982,3.373
9-Feb,0.664,2.241,3.659
10-Feb,0.687,2.276,3.698
11-Feb,1.194,2.768,4.084
12-Feb,1.165,2.6,3.711
15-Feb,1.061,2.413,3.509
16-Feb,1.144,2.449,3.518
17-Feb,1.205,2.5,3.461
18-Feb,1.174,2.411,3.388
19-Feb,1.225,2.473,3.417
22-Feb,1.203,2.483,3.426
23-Feb,0.89,2.408,3.384
24-Feb,0.893,2.389,3.449
25-Feb,0.878,2.27,3.316
26-Feb,0.742,1.999,3.067
29-Feb,0.645,1.854,2.976
1-Mar,0.622,1.806,2.998
2-Mar,0.598,1.783,3.022
3-Mar,0.559,1.757,2.974
4-Mar,0.591,1.859,3.075
7-Mar,0.63,1.945,3.121
8-Mar,0.687,2.001,3.151
9-Mar,0.706,2.04,3.147
10-Mar,0.645,1.995,3.118
11-Mar,0.644,1.871,2.915
14-Mar,0.638,1.8,2.912
15-Mar,0.663,1.786,2.963
16-Mar,0.659,1.788,2.948
17-Mar,0.611,1.714,2.842
18-Mar,0.632,1.802,2.911
21-Mar,0.624,1.814,2.913
22-Mar,0.612,1.82,2.912
23-Mar,0.602,1.829,2.917
24-Mar,0.606,1.86,2.952
25-Mar,0.606,1.86,2.952
28-Mar,0.606,1.86,2.952
29-Mar,0.577,1.816,2.906
30-Mar,0.572,1.846,2.93
31-Mar,0.562,1.829,2.932
1-Apr,0.545,1.782,2.907
4-Apr,0.536,1.8,2.923
5-Apr,0.581,1.909,3.136
6-Apr,0.592,1.941,3.173
7-Apr,0.71,2.077,3.406
8-Apr,0.724,2.083,3.337
11-Apr,0.844,2.268,3.399
12-Apr,0.892,2.289,3.432
13-Apr,0.775,2.118,3.219
14-Apr,0.749,2.102,3.236
15-Apr,0.672,2.003,3.157
18-Apr,0.672,1.993,3.121
19-Apr,0.64,1.981,3.116
20-Apr,0.662,1.999,3.13
21-Apr,0.646,1.989,3.186
22-Apr,0.681,2.043,3.276
25-Apr,0.638,2.023,3.293
26-Apr,0.627,1.956,3.21
27-Apr,0.631,1.918,3.173
28-Apr,0.628,1.912,3.158
29-Apr,0.667,1.905,3.148
2-May,0.594,1.826,3.09
3-May,0.574,1.824,3.075
4-May,0.593,1.869,3.144
5-May,0.633,1.98,3.257
6-May,0.63,2.013,3.302
9-May,0.605,1.994,3.282
10-May,0.619,2.024,3.332
11-May,0.615,1.943,3.226
12-May,0.623,1.958,3.221
13-May,0.61,1.914,3.143
16-May,0.607,1.905,3.121
17-May,0.592,1.842,3.054
18-May,0.595,1.852,3.074
19-May,0.587,1.836,3.076
20-May,0.572,1.842,3.093
23-May,0.517,1.801,3.065
24-May,0.487,1.759,3.015
25-May,0.455,1.675,2.947
26-May,0.467,1.739,3.006
27-May,0.493,1.765,3.026
30-May,0.495,1.801,3.051
31-May,0.482,1.801,3.048
1-Jun,0.477,1.828,3.106
2-Jun,0.455,1.856,3.15
3-Jun,0.452,1.873,3.152
6-Jun,0.49,1.926,3.18
7-Jun,0.487,1.87,3.105
8-Jun,0.496,1.855,3.062
9-Jun,0.507,1.851,3.055
10-Jun,0.533,1.882,3.086
13-Jun,0.603,2.002,3.208
14-Jun,0.767,2.153,3.368
15-Jun,0.769,2.154,3.336
16-Jun,0.825,2.233,3.402
17-Jun,0.842,2.14,3.301
20-Jun,0.721,2.016,3.14
21-Jun,0.752,2.013,3.153
22-Jun,0.757,2,3.129
23-Jun,0.739,1.942,3.072
24-Jun,0.882,2.176,3.331
27-Jun,0.852,2.097,3.282
28-Jun,0.734,1.946,3.126
29-Jun,0.63,1.863,3.067
30-Jun,0.556,1.801,2.99
1-Jul,0.545,1.78,2.997
4-Jul,0.535,1.726,2.968
5-Jul,0.598,1.775,3.005
6-Jul,0.628,1.805,3.04
7-Jul,0.671,1.845,3.057
8-Jul,0.659,1.865,3.063
11-Jul,0.678,1.865,3.095
12-Jul,0.685,1.881,3.118
13-Jul,0.689,1.861,3.084
14-Jul,0.687,1.864,3.1
15-Jul,0.699,1.924,3.119
18-Jul,0.68,1.934,3.119
19-Jul,0.666,1.935,3.07
20-Jul,0.663,1.921,3.057
21-Jul,0.679,1.915,3.036
22-Jul,0.661,1.906,3.035
25-Jul,0.624,1.865,3.014
26-Jul,0.61,1.857,3.022
27-Jul,0.507,1.793,2.979
28-Jul,0.472,1.741,2.949
29-Jul,0.436,1.703,2.917
1-Aug,0.381,1.656,2.889
2-Aug,0.393,1.692,2.913
3-Aug,0.431,1.726,2.926
4-Aug,0.4,1.666,2.852
5-Aug,0.394,1.658,2.857
8-Aug,0.387,1.617,2.811
9-Aug,0.376,1.607,2.786
10-Aug,0.366,1.565,2.737
11-Aug,0.362,1.561,2.729
12-Aug,0.349,1.548,2.688
15-Aug,0.355,1.543,2.679
16-Aug,0.444,1.689,2.827
17-Aug,0.475,1.723,2.859
18-Aug,0.517,1.793,2.893
19-Aug,0.594,1.853,2.994
22-Aug,0.574,1.868,3.01
23-Aug,0.482,1.837,2.993
24-Aug,0.475,1.8,2.96
25-Aug,0.461,1.791,2.969
26-Aug,0.469,1.824,3.027
29-Aug,0.459,1.834,3.014
30-Aug,0.485,1.851,3.01
31-Aug,0.506,1.881,3.026
1-Sep,0.507,1.893,3.032
2-Sep,0.495,1.871,3.027
5-Sep,0.49,1.841,3.039
6-Sep,0.448,1.784,2.982
7-Sep,0.432,1.756,2.966
8-Sep,0.481,1.831,3.058
9-Sep,0.482,1.872,3.148
12-Sep,0.442,1.843,3.18
13-Sep,0.45,1.927,3.282
14-Sep,0.426,1.904,3.253
15-Sep,0.461,2.053,3.41
16-Sep,0.538,2.128,3.401
19-Sep,0.557,2.06,3.355
20-Sep,0.484,1.987,3.296
21-Sep,0.471,2.078,3.395
22-Sep,0.486,2.068,3.353
23-Sep,0.434,2.041,3.362
26-Sep,0.442,2.008,3.364
27-Sep,0.428,1.98,3.395
28-Sep,0.358,1.866,3.317
29-Sep,0.321,1.839,3.297
30-Sep,0.361,1.893,3.313
3-Oct,0.388,1.941,3.379
4-Oct,0.394,1.935,3.372
5-Oct,0.381,1.982,3.443
6-Oct,0.364,2.007,3.498
7-Oct,0.38,2.074,3.564
10-Oct,0.321,1.97,3.423
11-Oct,0.285,1.898,3.357
12-Oct,0.279,1.889,3.389
13-Oct,0.276,1.861,3.354
14-Oct,0.264,1.798,3.286
17-Oct,0.278,1.774,3.237
18-Oct,0.245,1.793,3.231
19-Oct,0.253,1.766,3.18
20-Oct,0.28,1.831,3.196
21-Oct,0.232,1.78,3.176
24-Oct,0.236,1.752,3.137
25-Oct,0.245,1.8,3.174
26-Oct,0.252,1.763,3.191
27-Oct,0.258,1.797,3.267
28-Oct,0.308,1.858,3.321
31-Oct,0.337,1.846,3.301
1-Nov,0.363,1.906,3.341
2-Nov,0.305,1.826,3.227
3-Nov,0.307,1.818,3.238
4-Nov,0.315,1.87,3.275
7-Nov,0.295,1.84,3.216
8-Nov,0.29,1.826,3.208
9-Nov,0.302,1.851,3.266
10-Nov,0.322,1.899,3.38
11-Nov,0.314,1.944,3.468
14-Nov,0.387,2.009,3.527
15-Nov,0.353,1.982,3.482
16-Nov,0.462,2.111,3.661
17-Nov,0.439,2.121,3.728
18-Nov,0.473,2.213,3.839
21-Nov,0.456,2.203,3.697
22-Nov,0.4,2.133,3.614
23-Nov,0.406,2.146,3.663
24-Nov,0.358,2.126,3.652
25-Nov,0.363,2.092,3.582
28-Nov,0.321,2.109,3.585
29-Nov,0.325,2.137,3.6
30-Nov,0.307,2.226,3.688
1-Dec,0.344,2.292,3.753
2-Dec,0.321,2.221,3.676
5-Dec,0.291,2.193,3.682
6-Dec,0.166,2.058,3.614
7-Dec,0.153,1.963,3.492
8-Dec,0.206,2.154,3.721
9-Dec,0.208,2.175,3.826
12-Dec,0.18,2.14,3.808
13-Dec,0.227,2.048,3.739
14-Dec,0.235,2.04,3.756
15-Dec,0.226,2.049,3.756
16-Dec,0.212,2.07,3.782
19-Dec,0.186,2.002,3.737
20-Dec,0.181,1.952,3.724
21-Dec,0.185,1.946,3.75
22-Dec,0.162,1.953,3.783
23-Dec,0.17,1.899,3.73
26-Dec,0.17,1.899,3.73
27-Dec,0.14,1.92,3.781
28-Dec,0.059,1.884,3.745
29-Dec,0.006,1.862,3.733
30-Dec,-0.026,1.838,3.746
2-Jan,-0.002,1.756,3.685
3-Jan,0.051,1.931,3.889
4-Jan,-0.003,1.865,3.877
5-Jan,0.172,1.967,4.012
6-Jan,0.172,1.962,4.032
9-Jan,0.176,1.919,3.954
10-Jan,0.168,1.961,4.028
11-Jan,0.176,1.997,3.955
12-Jan,0.206,1.976,3.89
13-Jan,0.163,1.938,3.88
16-Jan,0.154,1.897,3.826
17-Jan,0.144,1.894,3.817
18-Jan,0.13,1.874,3.813
19-Jan,0.061,1.879,3.855
20-Jan,0.022,1.883,3.846
23-Jan,0.018,1.81,3.769
24-Jan,0.006,1.843,3.839
25-Jan,0.045,1.936,3.959
26-Jan,0.064,2.072,4.094
27-Jan,0.017,2.091,4.107
30-Jan,0.011,2.14,4.207
31-Jan,0.003,2.097,4.161
1-Feb,0.014,2.087,4.181
2-Feb,0.005,1.999,4.089
3-Feb,-0.009,2.015,4.146
6-Feb,0.016,2.05,4.219
7-Feb,0.019,2.028,4.214
8-Feb,-0.012,1.985,4.088
9-Feb,-0.007,1.963,4.024
10-Feb,0.008,1.989,4.09
13-Feb,-0.009,1.905,3.98
14-Feb,-0.018,1.891,4.017
15-Feb,-0.039,1.889,4.062
16-Feb,-0.058,1.808,3.957
17-Feb,-0.052,1.838,3.993
20-Feb,-0.027,1.823,3.964
21-Feb,-0.004,1.862,4.003
22-Feb,-0.019,1.848,3.941
23-Feb,-0.042,1.842,3.946
24-Feb,-0.058,1.823,3.907
27-Feb,-0.045,1.785,3.856
28-Feb,-0.029,1.787,3.854
1-Mar,-0.011,1.82,3.912
2-Mar,0,1.829,3.926
3-Mar,-0.016,1.842,3.915
6-Mar,-0.03,1.823,3.937
7-Mar,-0.038,1.822,3.95
8-Mar,-0.015,1.807,3.963
9-Mar,-0.004,1.787,4.002
10-Mar,0.012,1.728,4.031
13-Mar,-0.001,1.694,3.99
14-Mar,-0.057,1.664,3.941
15-Mar,-0.043,1.678,3.967
16-Mar,0.623,2.479,4.265
17-Mar,0.628,2.47,4.257
20-Mar,0.629,2.442,4.216
21-Mar,0.6,2.405,4.194
22-Mar,0.585,2.368,4.129
23-Mar,0.631,2.414,4.172
24-Mar,0.58,2.353,4.109
27-Mar,0.576,2.313,4.051
28-Mar,0.567,2.293,4.042
29-Mar,0.554,2.26,3.978
30-Mar,0.546,2.217,3.927
31-Mar,0.551,2.251,3.954
3-Apr,0.53,2.18,3.885
4-Apr,0.509,2.186,3.903
5-Apr,0.512,2.209,3.931
6-Apr,0.437,2.185,3.883
7-Apr,0.411,2.169,3.843
10-Apr,0.386,2.165,3.799
11-Apr,0.349,2.184,3.832
12-Apr,0.322,2.192,3.84
13-Apr,0.321,2.218,3.865
14-Apr,0.321,2.218,3.865
17-Apr,0.321,2.218,3.865
18-Apr,0.357,2.18,3.798
19-Apr,0.358,2.173,3.792
20-Apr,0.366,2.145,3.758
21-Apr,0.391,2.131,3.725
24-Apr,0.342,1.993,3.539
25-Apr,0.369,2.027,3.577
26-Apr,0.347,2.011,3.554
27-Apr,0.315,1.904,3.437
28-Apr,0.364,1.989,3.524
1-May,0.364,1.989,3.524
2-May,0.352,1.996,3.544
3-May,0.367,1.909,3.445
4-May,0.34,1.843,3.402
5-May,0.317,1.822,3.363
8-May,0.323,1.848,3.385
9-May,0.319,1.869,3.421
10-May,0.314,1.843,3.372
11-May,0.303,1.842,3.372
12-May,0.296,1.806,3.353
15-May,0.311,1.767,3.359
16-May,0.302,1.688,3.278
17-May,0.257,1.603,3.19
18-May,0.274,1.593,3.187
19-May,0.252,1.578,3.168
22-May,0.262,1.555,3.128
23-May,0.265,1.568,3.148
24-May,0.284,1.603,3.206
25-May,0.249,1.569,3.178
26-May,0.227,1.496,3.128
29-May,0.197,1.5,3.127
30-May,0.214,1.46,3.088
31-May,0.222,1.435,3.036
1-Jun,0.209,1.383,2.977
2-Jun,0.226,1.407,3.014
5-Jun,0.221,1.413,3.034
6-Jun,0.165,1.418,3.061
7-Jun,0.172,1.428,3.068
8-Jun,0.138,1.368,3.008
9-Jun,0.112,1.356,2.993
12-Jun,0.086,1.322,2.964
13-Jun,0.061,1.285,2.925
14-Jun,0.012,1.182,2.817
15-Jun,0.002,1.184,2.84
16-Jun,0.04,1.229,2.898
19-Jun,-0.001,1.2,2.85
20-Jun,-0.036,1.182,2.846
21-Jun,0.03,1.212,2.891
22-Jun,0.019,1.224,2.921
23-Jun,0.06,1.198,2.894
26-Jun,0.083,1.2,2.907
27-Jun,0.166,1.317,3.043
28-Jun,0.137,1.254,2.955
29-Jun,0.128,1.295,3.008
30-Jun,0.089,1.287,3.013
3-Jul,0.059,1.254,2.981
4-Jul,0.025,1.222,2.949
5-Jul,0.026,1.227,2.953
6-Jul,0.063,1.286,3.036
7-Jul,0.063,1.336,3.129
10-Jul,0.032,1.317,3.098
11-Jul,0.048,1.358,3.122
12-Jul,0.036,1.324,3.079
13-Jul,0.093,1.37,3.166
14-Jul,0.066,1.318,3.121
17-Jul,0.049,1.283,3.079
18-Jul,0.056,1.257,3.042
19-Jul,0.058,1.275,3.041
20-Jul,0.055,1.242,2.983
21-Jul,0.039,1.181,2.891
24-Jul,0.029,1.14,2.886
25-Jul,0.039,1.165,2.959
26-Jul,0.04,1.189,2.948
27-Jul,0.055,1.179,2.938
28-Jul,0.051,1.165,2.889
31-Jul,0.063,1.167,2.846
1-Aug,0.049,1.163,2.801
2-Aug,0.06,1.188,2.821
3-Aug,0.046,1.178,2.821
4-Aug,0.021,1.187,2.836
7-Aug,-0.004,1.164,2.825
8-Aug,-0.017,1.148,2.83
9-Aug,-0.032,1.122,2.81
10-Aug,-0.036,1.122,2.833
11-Aug,-0.013,1.123,2.817
14-Aug,-0.002,1.087,2.777
15-Aug,0,1.104,2.81
16-Aug,-0.005,1.089,2.801
17-Aug,-0.024,1.049,2.745
18-Aug,-0.013,1.045,2.741
21-Aug,-0.019,1.035,2.716
22-Aug,-0.003,1.077,2.748
23-Aug,0.005,1.129,2.789
24-Aug,-0.007,1.163,2.843
25-Aug,-0.001,1.151,2.844
28-Aug,-0.008,1.145,2.82
29-Aug,-0.044,1.151,2.82
30-Aug,-0.043,1.173,2.835
31-Aug,-0.052,1.151,2.807
1-Sep,-0.044,1.158,2.812
4-Sep,-0.048,1.158,2.812
5-Sep,-0.067,1.172,2.809
6-Sep,-0.016,1.188,2.825
7-Sep,-0.075,1.078,2.723
8-Sep,-0.04,1.138,2.773
11-Sep,-0.064,1.165,2.791
12-Sep,-0.052,1.196,2.831
13-Sep,-0.052,1.185,2.798
14-Sep,-0.03,1.166,2.794
15-Sep,-0.019,1.163,2.779
18-Sep,-0.066,0.94,2.413
19-Sep,-0.076,0.907,2.403
20-Sep,-0.074,0.874,2.364
21-Sep,-0.069,0.912,2.405
22-Sep,-0.073,0.927,2.411
25-Sep,-0.073,0.919,2.427
26-Sep,-0.076,0.892,2.39
27-Sep,-0.038,0.971,2.441
28-Sep,-0.045,0.947,2.394
29-Sep,-0.064,0.923,2.364
2-Oct,-0.054,0.969,2.407
3-Oct,-0.068,0.964,2.392
4-Oct,-0.061,0.974,2.398
5-Oct,-0.056,0.961,2.386
6-Oct,-0.039,0.975,2.405
9-Oct,-0.057,0.96,2.394
10-Oct,-0.05,0.959,2.375
11-Oct,-0.062,0.918,2.322
12-Oct,-0.052,0.914,2.302
13-Oct,-0.042,0.924,2.32
16-Oct,-0.049,0.917,2.315
17-Oct,-0.061,0.908,2.302
18-Oct,-0.038,0.923,2.331
19-Oct,-0.05,0.902,2.292
20-Oct,-0.102,0.9,2.29
23-Oct,-0.131,0.895,2.273
24-Oct,-0.142,0.896,2.298
25-Oct,-0.142,0.888,2.285
26-Oct,-0.166,0.844,2.22
27-Oct,-0.173,0.796,2.178
30-Oct,-0.186,0.742,2.069
31-Oct,-0.176,0.748,2.057
1-Nov,-0.169,0.755,2.09
2-Nov,-0.167,0.737,2.083
3-Nov,-0.179,0.71,2.051
6-Nov,-0.201,0.697,2.013
7-Nov,-0.226,0.641,1.917
8-Nov,-0.221,0.671,1.99
9-Nov,-0.203,0.695,2.029
10-Nov,-0.209,0.68,2.045
13-Nov,-0.229,0.617,1.974
14-Nov,-0.236,0.604,1.958
15-Nov,-0.241,0.62,1.983
16-Nov,-0.234,0.599,1.969
17-Nov,-0.237,0.585,1.968
20-Nov,-0.259,0.561,1.932
21-Nov,-0.261,0.524,1.901
22-Nov,-0.271,0.512,1.891
23-Nov,-0.266,0.526,1.908
24-Nov,-0.269,0.528,1.927
27-Nov,-0.265,0.516,1.904
28-Nov,-0.283,0.507,1.908
29-Nov,-0.282,0.507,1.918
30-Nov,-0.27,0.483,1.861
1-Dec,-0.256,0.476,1.867
4-Dec,-0.278,0.46,1.885
5-Dec,-0.401,0.467,1.867
6-Dec,-0.342,0.462,1.864
7-Dec,-0.343,0.431,1.8
8-Dec,-0.344,0.412,1.79
11-Dec,-0.344,0.426,1.78
12-Dec,-0.321,0.474,1.823
13-Dec,-0.295,0.499,1.867
14-Dec,-0.305,0.473,1.808
15-Dec,-0.321,0.45,1.798
18-Dec,-0.303,0.444,1.76
19-Dec,-0.275,0.458,1.803
20-Dec,-0.256,0.417,1.766
21-Dec,-0.27,0.354,1.742
22-Dec,-0.272,0.369,1.804
25-Dec,-0.272,0.369,1.804
26-Dec,-0.272,0.369,1.804
27-Dec,-0.249,0.349,1.82
28-Dec,-0.179,0.398,1.87
29-Dec,-0.172,0.401,1.908
1-Jan,-0.172,0.401,1.908
2-Jan,-0.16,0.498,1.989
3-Jan,-0.156,0.477,1.974
4-Jan,-0.166,0.42,1.904
5-Jan,-0.181,0.423,1.918
8-Jan,-0.287,0.433,1.851
9-Jan,-0.297,0.433,1.844
10-Jan,-0.315,0.426,1.825
11-Jan,-0.298,0.478,1.812
12-Jan,-0.314,0.449,1.781
15-Jan,-0.306,0.459,1.787
16-Jan,-0.288,0.456,1.776
17-Jan,-0.101,0.46,2.02
18-Jan,-0.093,0.44,2.004
19-Jan,-0.097,0.397,1.966
22-Jan,-0.13,0.372,1.922
23-Jan,-0.151,0.342,1.892
24-Jan,-0.143,0.345,1.887
25-Jan,-0.134,0.382,1.891
26-Jan,-0.12,0.423,1.929
29-Jan,-0.106,0.45,1.928
30-Jan,-0.121,0.478,1.947
31-Jan,-0.11,0.485,1.953
1-Feb,-0.118,0.466,1.934
2-Feb,-0.101,0.524,2.001
5-Feb,-0.095,0.552,2.031
6-Feb,-0.092,0.547,2.046
7-Feb,-0.116,0.514,2.001
8-Feb,-0.101,0.534,2.017
9-Feb,-0.107,0.593,2.085
12-Feb,-0.109,0.606,2.064
13-Feb,-0.097,0.659,2.121
14-Feb,-0.093,0.614,2.065
15-Feb,-0.075,0.6,2.04
16-Feb,-0.09,0.548,1.991
19-Feb,-0.068,0.559,2.008
20-Feb,-0.055,0.575,2.031
21-Feb,-0.061,0.547,1.982
22-Feb,-0.063,0.566,2.013
23-Feb,-0.047,0.572,2.021
26-Feb,-0.068,0.543,1.983
27-Feb,-0.024,0.584,2
28-Feb,-0.049,0.567,1.976
1-Mar,-0.055,0.552,1.934
2-Mar,-0.076,0.58,1.976
5-Mar,-0.117,0.543,1.934
6-Mar,-0.139,0.525,1.903
7-Mar,-0.143,0.509,1.847
8-Mar,-0.135,0.489,1.808
9-Mar,-0.123,0.514,1.851
12-Mar,-0.14,0.474,1.812
13-Mar,-0.136,0.457,1.789
14-Mar,-0.132,0.457,1.792
15-Mar,-0.136,0.446,1.773
16-Mar,-0.152,0.418,1.745
19-Mar,-0.158,0.396,1.729
20-Mar,-0.161,0.389,1.713
21-Mar,-0.143,0.423,1.748
22-Mar,-0.168,0.407,1.741
23-Mar,-0.17,0.373,1.709
26-Mar,-0.164,0.376,1.705
27-Mar,-0.169,0.306,1.65
28-Mar,-0.198,0.279,1.629
29-Mar,-0.233,0.251,1.596
30-Mar,-0.233,0.251,1.596
2-Apr,-0.233,0.251,1.596
3-Apr,-0.229,0.277,1.625
4-Apr,-0.269,0.253,1.609
5-Apr,-0.252,0.287,1.659
6-Apr,-0.252,0.305,1.68
9-Apr,-0.249,0.299,1.681
10-Apr,-0.247,0.32,1.711
11-Apr,-0.234,0.293,1.691
12-Apr,-0.23,0.275,1.686
13-Apr,-0.221,0.574,1.642
16-Apr,-0.217,0.574,1.636
17-Apr,-0.235,0.547,1.606
18-Apr,-0.239,0.543,1.597
19-Apr,-0.216,0.579,1.644
20-Apr,-0.189,0.57,1.64
23-Apr,-0.177,0.579,1.683
24-Apr,-0.188,0.562,1.664
25-Apr,-0.176,0.606,1.699
26-Apr,-0.205,0.579,1.67
27-Apr,-0.212,0.548,1.634
30-Apr,-0.206,0.561,1.66
1-May,-0.206,0.561,1.66
2-May,-0.205,0.565,1.678
3-May,-0.228,0.521,1.636
4-May,-0.21,0.562,1.688
7-May,-0.211,0.544,1.663
8-May,-0.196,0.589,1.723
9-May,-0.21,0.56,1.702
10-May,-0.185,0.566,1.713
11-May,-0.207,0.535,1.668
14-May,-0.184,0.57,1.704
15-May,-0.184,0.588,1.73
16-May,-0.145,0.623,1.795
17-May,-0.184,0.617,1.788
18-May,-0.164,0.677,1.856
21-May,-0.087,0.78,1.985
22-May,-0.091,0.737,1.945
23-May,-0.067,0.739,1.94
24-May,-0.067,0.708,1.89
25-May,0.017,0.763,1.931
28-May,0.021,0.852,2.043
29-May,0.257,1.002,2.161
30-May,0.082,0.844,2.027
31-May,-0.068,0.778,1.956
1-Jun,-0.081,0.7,1.855
4-Jun,-0.116,0.605,1.739
5-Jun,-0.102,0.656,1.83
6-Jun,-0.049,0.762,1.927
7-Jun,-0.076,0.829,2.006
8-Jun,-0.037,0.883,2.033
11-Jun,-0.077,0.803,1.966
12-Jun,-0.079,0.803,1.975
13-Jun,-0.115,0.768,1.938
14-Jun,-0.123,0.747,1.905
15-Jun,-0.154,0.666,1.804
18-Jun,-0.167,0.605,1.736
19-Jun,-0.175,0.597,1.726
20-Jun,-0.182,0.614,1.737
21-Jun,-0.129,0.674,1.832
22-Jun,-0.153,0.664,1.811
25-Jun,-0.146,0.679,1.826
26-Jun,-0.124,0.716,1.871
27-Jun,-0.13,0.673,1.833
28-Jun,-0.135,0.662,1.82
29-Jun,-0.147,0.627,1.776
2-Jul,-0.129,0.606,1.756
3-Jul,-0.133,0.587,1.726
4-Jul,-0.137,0.594,1.745
5-Jul,-0.105,0.631,1.794
6-Jul,-0.107,0.634,1.798
9-Jul,-0.111,0.606,1.771
10-Jul,-0.123,0.592,1.748
11-Jul,-0.106,0.597,1.764
12-Jul,-0.115,0.56,1.741
13-Jul,-0.14,0.533,1.727
16-Jul,-0.135,0.552,1.769
17-Jul,-0.138,0.539,1.73
18-Jul,-0.136,0.548,1.75
19-Jul,-0.136,0.542,1.744
20-Jul,-0.134,0.56,1.773
23-Jul,-0.121,0.569,1.766
24-Jul,-0.124,0.576,1.771
25-Jul,-0.158,0.549,1.727
26-Jul,-0.194,0.524,1.722
27-Jul,-0.199,0.5,1.715
30-Jul,-0.205,0.535,1.764
31-Jul,-0.21,0.521,1.731
1-Aug,-0.189,0.555,1.778
2-Aug,-0.165,0.591,1.8
3-Aug,-0.172,0.569,1.77
6-Aug,-0.184,0.551,1.743
7-Aug,-0.177,0.558,1.745
8-Aug,-0.177,0.572,1.76
9-Aug,-0.184,0.566,1.761
10-Aug,-0.192,0.589,1.769
13-Aug,-0.143,0.646,1.835
14-Aug,-0.172,0.619,1.808
15-Aug,-0.163,0.638,1.836
16-Aug,-0.183,0.651,1.843
17-Aug,-0.18,0.661,1.844
20-Aug,-0.19,0.596,1.786
21-Aug,-0.204,0.568,1.765
22-Aug,-0.202,0.577,1.788
23-Aug,-0.211,0.575,1.793
24-Aug,-0.215,0.596,1.815
27-Aug,-0.214,0.602,1.828
28-Aug,-0.187,0.64,1.869
29-Aug,-0.151,0.667,1.893
30-Aug,-0.143,0.7,1.912
31-Aug,-0.127,0.707,1.917
3-Sep,-0.138,0.686,1.897
4-Sep,-0.144,0.653,1.856
5-Sep,-0.136,0.657,1.865
6-Sep,-0.134,0.662,1.873
7-Sep,-0.126,0.681,1.893
10-Sep,-0.14,0.664,1.874
11-Sep,-0.127,0.677,1.887
12-Sep,-0.128,0.659,1.856
13-Sep,-0.137,0.67,1.857
14-Sep,-0.125,0.673,1.85
17-Sep,-0.126,0.661,1.826
18-Sep,-0.112,0.686,1.849
19-Sep,-0.102,0.718,1.885
20-Sep,-0.097,0.713,1.873
21-Sep,-0.105,0.698,1.863
24-Sep,-0.101,0.734,1.891
25-Sep,-0.104,0.731,1.888
26-Sep,-0.111,0.731,1.889
27-Sep,-0.12,0.72,1.864
28-Sep,-0.096,0.728,1.873
1-Oct,-0.087,0.752,1.897
2-Oct,-0.094,0.752,1.895
3-Oct,-0.104,0.735,1.888
4-Oct,-0.111,0.75,1.907
5-Oct,-0.111,0.77,1.936
8-Oct,-0.113,0.788,1.964
9-Oct,-0.113,0.794,1.97
10-Oct,-0.114,0.792,1.957
11-Oct,-0.114,0.831,2.014
12-Oct,-0.109,0.858,2.035
15-Oct,-0.112,0.827,1.996
16-Oct,-0.121,0.776,1.935
17-Oct,-0.127,0.777,1.942
18-Oct,-0.112,0.846,2.025
19-Oct,-0.092,0.85,2.014
22-Oct,-0.113,0.833,2.007
23-Oct,-0.122,0.824,2.001
24-Oct,-0.134,0.794,1.977
25-Oct,-0.141,0.736,1.936
26-Oct,-0.143,0.712,1.901
29-Oct,-0.153,0.686,1.869
30-Oct,-0.141,0.691,1.879
31-Oct,-0.148,0.682,1.869
1-Nov,-0.147,0.694,1.88
2-Nov,-0.149,0.685,1.878
5-Nov,-0.151,0.688,1.88
6-Nov,-0.155,0.702,1.895
7-Nov,-0.17,0.722,1.924
8-Nov,-0.164,0.736,1.936
9-Nov,-0.169,0.739,1.94
12-Nov,-0.17,0.75,1.944
13-Nov,-0.167,0.749,1.944
14-Nov,-0.164,0.756,1.96
15-Nov,-0.165,0.769,1.964
16-Nov,-0.157,0.768,1.969
19-Nov,-0.165,0.781,1.982
20-Nov,-0.164,0.78,1.98
21-Nov,-0.175,0.752,1.958
22-Nov,-0.189,0.731,1.945
23-Nov,-0.196,0.726,1.938
26-Nov,-0.195,0.675,1.882
27-Nov,-0.212,0.66,1.877
28-Nov,-0.211,0.639,1.865
29-Nov,-0.223,0.608,1.828
30-Nov,-0.221,0.6,1.823
3-Dec,-0.252,0.572,1.8
4-Dec,-0.29,0.574,1.807
5-Dec,-0.246,0.558,1.792
6-Dec,-0.244,0.57,1.809
7-Dec,-0.247,0.555,1.795
10-Dec,-0.268,0.533,1.781
11-Dec,-0.292,0.511,1.752
12-Dec,-0.313,0.489,1.718
13-Dec,-0.326,0.43,1.669
14-Dec,-0.356,0.41,1.661
17-Dec,-0.361,0.386,1.645
18-Dec,-0.36,0.367,1.63
19-Dec,-0.386,0.378,1.644
20-Dec,-0.384,0.385,1.649
21-Dec,-0.372,0.401,1.677
24-Dec,-0.381,0.399,1.677
25-Dec,-0.381,0.399,1.677
26-Dec,-0.381,0.399,1.677
27-Dec,-0.373,0.401,1.677
28-Dec,-0.367,0.447,1.714
31-Dec,-0.376,0.444,1.714
1-Jan,-0.376,0.444,1.714
2-Jan,-0.361,0.446,1.707
3-Jan,-0.296,0.503,1.763
4-Jan,-0.27,0.534,1.803
7-Jan,-0.237,0.538,1.817
8-Jan,-0.22,0.553,1.818
9-Jan,-0.202,0.517,1.77
10-Jan,-0.192,0.469,1.712
11-Jan,-0.199,0.462,1.701
14-Jan,-0.203,0.447,1.679
15-Jan,-0.207,0.428,1.656
16-Jan,-0.12,0.582,1.785
17-Jan,-0.156,0.566,1.753
18-Jan,-0.165,0.54,1.723
21-Jan,-0.162,0.556,1.748
22-Jan,-0.174,0.534,1.724
23-Jan,-0.183,0.52,1.711
24-Jan,-0.198,0.473,1.648
25-Jan,-0.193,0.475,1.644
28-Jan,-0.19,0.464,1.645
29-Jan,-0.182,0.468,1.664
30-Jan,-0.194,0.46,1.663
31-Jan,-0.218,0.422,1.617
1-Feb,-0.214,0.447,1.638
4-Feb,-0.215,0.462,1.654
5-Feb,-0.218,0.46,1.66
6-Feb,-0.217,0.46,1.659
7-Feb,-0.212,0.449,1.655
8-Feb,-0.214,0.433,1.648
11-Feb,-0.214,0.423,1.651
12-Feb,-0.227,0.397,1.634
13-Feb,-0.238,0.369,1.592
14-Feb,-0.231,0.371,1.569
15-Feb,-0.245,0.356,1.558
18-Feb,-0.247,0.329,1.508
19-Feb,-0.246,0.344,1.503
20-Feb,-0.242,0.347,1.516
21-Feb,-0.239,0.334,1.508
22-Feb,-0.25,0.313,1.482
25-Feb,-0.254,0.296,1.462
26-Feb,-0.26,0.265,1.429
27-Feb,-0.257,0.286,1.448
28-Feb,-0.254,0.301,1.467
1-Mar,-0.256,0.313,1.485
4-Mar,-0.255,0.288,1.462
5-Mar,-0.252,0.284,1.455
6-Mar,-0.264,0.257,1.419
7-Mar,-0.292,0.208,1.337
8-Mar,-0.279,0.217,1.344
11-Mar,-0.277,0.205,1.314
12-Mar,-0.256,0.222,1.332
13-Mar,-0.255,0.24,1.34
14-Mar,-0.254,0.238,1.328
15-Mar,-0.258,0.222,1.305
18-Mar,-0.273,0.2,1.258
19-Mar,-0.267,0.234,1.297
20-Mar,-0.252,0.238,1.313
21-Mar,-0.277,0.21,1.278
22-Mar,-0.283,0.192,1.257
25-Mar,-0.282,0.212,1.289
26-Mar,-0.297,0.217,1.288
27-Mar,-0.315,0.177,1.254
28-Mar,-0.315,0.174,1.267
29-Mar,-0.319,0.159,1.246
1-Apr,-0.316,0.175,1.271
2-Apr,-0.325,0.156,1.25
3-Apr,-0.324,0.168,1.266
4-Apr,-0.323,0.171,1.259
5-Apr,-0.327,0.169,1.253
8-Apr,-0.33,0.149,1.222
9-Apr,-0.341,0.139,1.194
10-Apr,-0.344,0.121,1.163
11-Apr,-0.369,0.086,1.128
12-Apr,-0.357,0.119,1.167
15-Apr,-0.355,0.152,1.192
16-Apr,-0.359,0.143,1.192
17-Apr,-0.359,0.142,1.205
18-Apr,-0.366,0.12,1.163
19-Apr,-0.366,0.12,1.163
22-Apr,-0.366,0.12,1.163
23-Apr,-0.346,0.147,1.198
24-Apr,-0.347,0.13,1.167
25-Apr,-0.351,0.137,1.183
26-Apr,-0.358,0.095,1.126
29-Apr,-0.352,0.088,1.121
30-Apr,-0.36,0.075,1.112
1-May,-0.359,0.075,1.112
2-May,-0.347,0.073,1.109
3-May,-0.343,0.077,1.116
6-May,-0.345,0.079,1.116
7-May,-0.326,0.063,1.09
8-May,-0.341,0.059,1.082
9-May,-0.342,0.086,1.112
10-May,-0.348,0.093,1.112
13-May,-0.341,0.11,1.15
14-May,-0.34,0.099,1.134
15-May,-0.346,0.089,1.121
16-May,-0.358,0.06,1.075
17-May,-0.369,0.048,1.046
20-May,-0.372,0.056,1.054
21-May,-0.388,0.04,1.029
22-May,-0.39,0.043,1.023
23-May,-0.395,0.023,1.009
24-May,-0.405,0.014,0.971
27-May,-0.413,0.002,0.953
28-May,-0.409,-0.012,0.916
29-May,-0.408,-0.042,0.846
30-May,-0.411,-0.031,0.859
31-May,-0.402,-0.046,0.805
3-Jun,-0.393,-0.064,0.755
4-Jun,-0.396,-0.065,0.719
5-Jun,-0.4,-0.094,0.674
6-Jun,-0.384,-0.09,0.667
7-Jun,-0.387,-0.116,0.618
10-Jun,-0.364,-0.086,0.678
11-Jun,-0.33,-0.081,0.643
12-Jun,-0.317,-0.058,0.652
13-Jun,-0.324,-0.065,0.639
14-Jun,-0.334,-0.064,0.606
17-Jun,-0.334,-0.05,0.635
18-Jun,-0.404,-0.153,0.527
19-Jun,-0.387,-0.133,0.547
20-Jun,-0.402,-0.127,0.533
21-Jun,-0.382,-0.097,0.574
24-Jun,-0.409,-0.119,0.522
25-Jun,-0.436,-0.161,0.477
26-Jun,-0.426,-0.157,0.473
27-Jun,-0.429,-0.16,0.478
28-Jun,-0.43,-0.174,0.472
1-Jul,-0.465,-0.224,0.409
2-Jul,-0.478,-0.254,0.36
3-Jul,-0.508,-0.301,0.289
4-Jul,-0.494,-0.265,0.33
5-Jul,-0.475,-0.207,0.429
8-Jul,-0.45,-0.173,0.488
9-Jul,-0.455,-0.177,0.469
10-Jul,-0.449,-0.158,0.498
11-Jul,-0.449,-0.106,0.564
12-Jul,-0.459,-0.078,0.649
15-Jul,-0.47,-0.118,0.581
16-Jul,-0.487,-0.154,0.548
17-Jul,-0.497,-0.18,0.507
18-Jul,-0.521,-0.213,0.466
19-Jul,-0.525,-0.238,0.452
22-Jul,-0.526,-0.225,0.457
23-Jul,-0.55,-0.222,0.454
24-Jul,-0.568,-0.254,0.411
25-Jul,-0.58,-0.241,0.421
26-Jul,-0.57,-0.228,0.433
29-Jul,-0.57,-0.237,0.415
30-Jul,-0.558,-0.235,0.404
31-Jul,-0.563,-0.254,0.34
1-Aug,-0.56,-0.25,0.34
2-Aug,-0.57,-0.254,0.286
5-Aug,-0.577,-0.246,0.28
6-Aug,-0.582,-0.246,0.256
7-Aug,-0.583,-0.258,0.182
8-Aug,-0.612,-0.243,0.24
9-Aug,-0.585,-0.225,0.282
12-Aug,-0.599,-0.262,0.236
13-Aug,-0.592,-0.256,0.229
14-Aug,-0.603,-0.283,0.168
15-Aug,-0.624,-0.357,0.065
16-Aug,-0.614,-0.311,0.102
19-Aug,-0.596,-0.285,0.154
20-Aug,-0.6,-0.313,0.119
21-Aug,-0.598,-0.32,0.127
22-Aug,-0.591,-0.297,0.168
23-Aug,-0.593,-0.297,0.159
26-Aug,-0.593,-0.374,0.161
27-Aug,-0.623,-0.339,0.108
28-Aug,-0.622,-0.363,0.091
29-Aug,-0.641,-0.34,0.12
30-Aug,-0.651,-0.35,0.119
2-Sep,-0.664,-0.357,0.128
3-Sep,-0.684,-0.353,0.12
4-Sep,-0.684,-0.299,0.157
5-Sep,-0.66,-0.262,0.243
6-Sep,-0.669,-0.302,0.188
9-Sep,-0.646,-0.271,0.24
10-Sep,-0.638,-0.253,0.275
11-Sep,-0.632,-0.252,0.262
12-Sep,-0.594,-0.23,0.23
13-Sep,-0.533,-0.166,0.315
16-Sep,-0.551,-0.205,0.267
17-Sep,-0.522,-0.183,0.306
18-Sep,-0.535,-0.254,0.237
19-Sep,-0.549,-0.219,0.261
20-Sep,-0.545,-0.232,0.244
23-Sep,-0.556,-0.279,0.17
24-Sep,-0.571,-0.303,0.139
25-Sep,-0.569,-0.293,0.154
26-Sep,-0.596,-0.297,0.17
27-Sep,-0.604,-0.307,0.163
30-Sep,-0.607,-0.285,0.157
1-Oct,-0.641,-0.263,0.171
2-Oct,-0.624,-0.246,0.181
3-Oct,-0.632,-0.262,0.142
4-Oct,-0.633,-0.265,0.136
7-Oct,-0.634,-0.272,0.132
8-Oct,-0.625,-0.295,0.113
9-Oct,-0.621,-0.279,0.131
10-Oct,-0.597,-0.231,0.198
11-Oct,-0.595,-0.23,0.199
14-Oct,-0.6,-0.245,0.173
15-Oct,-0.593,-0.241,0.177
16-Oct,-0.588,-0.22,0.2
17-Oct,-0.58,-0.243,0.174
18-Oct,-0.578,-0.224,0.197
21-Oct,-0.57,-0.197,0.234
22-Oct,-0.557,-0.21,0.209
23-Oct,-0.553,-0.215,0.194
24-Oct,-0.551,-0.208,0.181
25-Oct,-0.529,-0.185,0.218
28-Oct,-0.512,-0.158,0.247
29-Oct,-0.537,-0.172,0.225
30-Oct,-0.544,-0.183,0.21
31-Oct,-0.563,-0.214,0.162
1-Nov,-0.559,-0.199,0.2
4-Nov,-0.558,-0.192,0.23
5-Nov,-0.562,-0.186,0.245
6-Nov,-0.558,-0.207,0.216
7-Nov,-0.551,-0.149,0.301
8-Nov,-0.531,-0.14,0.32
11-Nov,-0.506,-0.12,0.352
12-Nov,-0.499,-0.11,0.359
13-Nov,-0.486,-0.108,0.361
14-Nov,-0.479,-0.094,0.377
15-Nov,-0.484,-0.117,0.367
18-Nov,-0.495,-0.128,0.344
19-Nov,-0.482,-0.101,0.368
20-Nov,-0.483,-0.086,0.384
21-Nov,-0.483,-0.06,0.418
22-Nov,-0.491,-0.1,0.396
25-Nov,-0.493,-0.114,0.375
26-Nov,-0.549,-0.127,0.369
27-Nov,-0.539,-0.125,0.376
28-Nov,-0.55,-0.108,0.396
29-Nov,-0.555,-0.104,0.396
2-Dec,-0.551,-0.071,0.458
3-Dec,-0.578,-0.136,0.361
4-Dec,-0.583,-0.129,0.374
5-Dec,-0.555,-0.087,0.421
6-Dec,-0.554,-0.095,0.42
9-Dec,-0.562,-0.126,0.387
10-Dec,-0.564,-0.12,0.389
11-Dec,-0.564,-0.143,0.353
12-Dec,-0.557,-0.112,0.398
13-Dec,-0.553,-0.138,0.366
16-Dec,-0.56,-0.14,0.376
17-Dec,-0.554,-0.159,0.351
18-Dec,-0.562,-0.142,0.385
19-Dec,-0.568,-0.122,0.405
20-Dec,-0.571,-0.129,0.405
23-Dec,-0.57,-0.138,0.401
24-Dec,-0.596,-0.149,0.4
25-Dec,-0.596,-0.149,0.4
26-Dec,-0.596,-0.149,0.4
27-Dec,-0.572,-0.163,0.372
30-Dec,-0.569,-0.117,0.434
31-Dec,-0.569,-0.117,0.434
1-Jan,-0.579,-0.12,0.433
2-Jan,-0.559,-0.137,0.412
3-Jan,-0.554,-0.175,0.354
6-Jan,-0.56,-0.163,0.365
7-Jan,-0.531,-0.149,0.362
8-Jan,-0.509,-0.113,0.39
9-Jan,-0.492,-0.101,0.402
10-Jan,-0.499,-0.118,0.39
13-Jan,-0.484,-0.109,0.427
14-Jan,-0.488,-0.11,0.421
15-Jan,-0.348,0.063,0.498
16-Jan,-0.349,0.063,0.511
17-Jan,-0.361,0.037,0.494
20-Jan,-0.368,0.027,0.484
21-Jan,-0.373,0.01,0.461
22-Jan,-0.37,0.002,0.45
23-Jan,-0.394,-0.041,0.398
24-Jan,-0.419,-0.078,0.374
27-Jan,-0.449,-0.114,0.303
28-Jan,-0.428,-0.093,0.335
29-Jan,-0.439,-0.108,0.308
30-Jan,-0.448,-0.121,0.277
31-Jan,-0.455,-0.139,0.261
3-Feb,-0.443,-0.138,0.27
4-Feb,-0.421,-0.111,0.306
5-Feb,-0.402,-0.095,0.336
6-Feb,-0.398,-0.097,0.333
7-Feb,-0.403,-0.1,0.312
10-Feb,-0.415,-0.116,0.29
11-Feb,-0.42,-0.111,0.306
12-Feb,-0.432,-0.12,0.297
13-Feb,-0.44,-0.121,0.291
14-Feb,-0.433,-0.125,0.286
17-Feb,-0.443,-0.126,0.286
18-Feb,-0.442,-0.123,0.283
19-Feb,-0.445,-0.131,0.27
20-Feb,-0.458,-0.16,0.231
21-Feb,-0.459,-0.137,0.234
24-Feb,-0.463,-0.15,0.222
25-Feb,-0.462,-0.15,0.233
26-Feb,-0.441,-0.12,0.27
27-Feb,-0.375,-0.029,0.367
28-Feb,-0.366,-0.03,0.347
2-Mar,-0.366,-0.035,0.352
3-Mar,-0.433,-0.132,0.256
4-Mar,-0.464,-0.139,0.236
5-Mar,-0.426,-0.099,0.292
6-Mar,-0.399,-0.07,0.294
9-Mar,-0.34,0.023,0.38
10-Mar,-0.257,0.102,0.479
11-Mar,-0.295,0.058,0.405
12-Mar,-0.125,0.322,0.721
13-Mar,-0.087,0.416,0.811
16-Mar,0.005,0.617,1.051
17-Mar,0.117,0.759,1.263
18-Mar,0.258,0.916,1.441
19-Mar,0,0.583,1.08
20-Mar,-0.045,0.456,0.937
23-Mar,-0.054,0.452,0.954
24-Mar,-0.007,0.549,1.065
25-Mar,-0.003,0.531,1.048
26-Mar,-0.147,0.25,0.706
27-Mar,-0.189,0.192,0.658
30-Mar,-0.13,0.278,0.73
31-Mar,-0.076,0.387,0.86
1-Apr,-0.057,0.415,0.883
2-Apr,-0.055,0.405,0.86
3-Apr,-0.046,0.418,0.885
6-Apr,-0.035,0.404,0.859
7-Apr,0.008,0.487,0.94
8-Apr,0.027,0.501,0.97
9-Apr,0.014,0.467,0.898
10-Apr,0.013,0.467,0.898
13-Apr,0.013,0.467,0.898
14-Apr,0.046,0.49,0.938
15-Apr,0.125,0.547,0.971
16-Apr,0.129,0.529,0.956
17-Apr,0.12,0.542,0.956
20-Apr,0.157,0.616,1.04
21-Apr,0.196,0.716,1.151
22-Apr,0.237,0.805,1.27
23-Apr,0.179,0.738,1.186
24-Apr,0.073,0.643,1.074
27-Apr,0.028,0.568,1.012
28-Apr,-0.04,0.496,0.96
29-Apr,-0.108,0.413,0.896
30-Apr,-0.205,0.295,0.811
1-May,-0.205,0.295,0.81
4-May,-0.168,0.34,0.855
5-May,-0.142,0.357,0.888
6-May,-0.133,0.39,0.968
7-May,-0.153,0.36,0.94
8-May,-0.178,0.353,0.918
11-May,-0.184,0.35,0.931
12-May,-0.221,0.318,0.914
13-May,-0.297,0.25,0.835
14-May,-0.287,0.266,0.856
15-May,-0.28,0.283,0.874
18-May,-0.296,0.264,0.848
19-May,-0.341,0.189,0.758
20-May,-0.341,0.191,0.752
21-May,-0.345,0.184,0.746
22-May,-0.352,0.172,0.722
25-May,-0.381,0.139,0.696
26-May,-0.382,0.122,0.681
27-May,-0.4,0.077,0.625
28-May,-0.421,0.012,0.535
29-May,-0.427,-0.017,0.499
1-Jun,-0.423,-0.003,0.51
2-Jun,-0.416,-0.004,0.506
3-Jun,-0.36,0.054,0.571
4-Jun,-0.385,0.006,0.522
5-Jun,-0.38,0.004,0.533
8-Jun,-0.383,-0.007,0.518
9-Jun,-0.352,0.058,0.59
10-Jun,-0.33,0.103,0.637
11-Jun,-0.354,0.069,0.597
12-Jun,-0.383,0.037,0.565
15-Jun,-0.396,0.024,0.54
16-Jun,-0.407,-0.006,0.525
17-Jun,-0.396,0.006,0.538
18-Jun,-0.412,-0.032,0.49
19-Jun,-0.426,-0.037,0.505
22-Jun,-0.44,-0.062,0.484
23-Jun,-0.443,-0.062,0.478
24-Jun,-0.473,-0.099,0.453
25-Jun,-0.485,-0.1,0.46
26-Jun,-0.492,-0.107,0.454
29-Jun,-0.491,-0.103,0.469
30-Jun,-0.482,-0.09,0.471
1-Jul,-0.472,-0.065,0.468
2-Jul,-0.489,-0.09,0.435
3-Jul,-0.492,-0.098,0.425
6-Jul,-0.5,-0.121,0.41
7-Jul,-0.497,-0.12,0.401
8-Jul,-0.5,-0.124,0.402
9-Jul,-0.485,-0.114,0.412
10-Jul,-0.45,-0.099,0.414
13-Jul,-0.429,-0.071,0.446
14-Jul,-0.436,-0.096,0.411
15-Jul,-0.443,-0.088,0.424
16-Jul,-0.44,-0.103,0.414
17-Jul,-0.435,-0.094,0.416
20-Jul,-0.461,-0.151,0.362
21-Jul,-0.467,-0.154,0.356
22-Jul,-0.482,-0.177,0.341
23-Jul,-0.478,-0.176,0.322
24-Jul,-0.465,-0.164,0.352
27-Jul,-0.454,-0.159,0.344
28-Jul,-0.449,-0.164,0.363
29-Jul,-0.452,-0.177,0.352
30-Jul,-0.466,-0.207,0.318
31-Jul,-0.46,-0.187,0.346
3-Aug,-0.453,-0.188,0.342
4-Aug,-0.472,-0.22,0.295
5-Aug,-0.464,-0.189,0.323
6-Aug,-0.464,-0.203,0.3
7-Aug,-0.462,-0.209,0.293
10-Aug,-0.474,-0.232,0.269
11-Aug,-0.462,-0.202,0.294
12-Aug,-0.459,-0.185,0.322
13-Aug,-0.443,-0.135,0.394
14-Aug,-0.451,-0.162,0.368
17-Aug,-0.466,-0.18,0.342
18-Aug,-0.466,-0.178,0.338
19-Aug,-0.473,-0.199,0.327
20-Aug,-0.479,-0.201,0.322
21-Aug,-0.482,-0.198,0.325
24-Aug,-0.496,-0.183,0.348
25-Aug,-0.493,-0.153,0.401
26-Aug,-0.501,-0.163,0.388
27-Aug,-0.502,-0.161,0.402
28-Aug,-0.502,-0.163,0.396
31-Aug,-0.494,-0.147,0.418
1-Sep,-0.508,-0.147,0.411
2-Sep,-0.54,-0.199,0.346
3-Sep,-0.552,-0.208,0.34
4-Sep,-0.549,-0.185,0.369
7-Sep,-0.552,-0.176,0.375
8-Sep,-0.562,-0.183,0.357
9-Sep,-0.561,-0.179,0.359
10-Sep,-0.56,-0.18,0.366
11-Sep,-0.57,-0.205,0.327
14-Sep,-0.576,-0.226,0.304
15-Sep,-0.567,-0.229,0.295
16-Sep,-0.578,-0.24,0.285
17-Sep,-0.585,-0.247,0.281
18-Sep,-0.586,-0.238,0.297
21-Sep,-0.608,-0.263,0.267
22-Sep,-0.608,-0.266,0.255
23-Sep,-0.604,-0.252,0.245
24-Sep,-0.591,-0.219,0.277
25-Sep,-0.588,-0.224,0.265
28-Sep,-0.596,-0.224,0.258
29-Sep,-0.585,-0.236,0.234
30-Sep,-0.575,-0.223,0.26
1-Oct,-0.573,-0.233,0.244
2-Oct,-0.585,-0.256,0.217
5-Oct,-0.572,-0.238,0.242
6-Oct,-0.585,-0.269,0.226
7-Oct,-0.588,-0.276,0.23
8-Oct,-0.599,-0.303,0.198
9-Oct,-0.603,-0.309,0.179
12-Oct,-0.588,-0.324,0.152
13-Oct,-0.589,-0.328,0.144
14-Oct,-0.596,-0.345,0.128
15-Oct,-0.595,-0.333,0.143
16-Oct,-0.608,-0.364,0.112
19-Oct,-0.599,-0.344,0.137
20-Oct,-0.585,-0.326,0.159
21-Oct,-0.571,-0.311,0.181
22-Oct,-0.557,-0.294,0.198
23-Oct,-0.557,-0.318,0.171
26-Oct,-0.566,-0.34,0.157
27-Oct,-0.578,-0.376,0.128
28-Oct,-0.588,-0.363,0.147
29-Oct,-0.604,-0.405,0.101
30-Oct,-0.603,-0.406,0.102
2-Nov,-0.617,-0.417,0.091
3-Nov,-0.619,-0.426,0.079
4-Nov,-0.631,-0.445,0.063
5-Nov,-0.629,-0.436,0.073
6-Nov,-0.629,-0.424,0.076
9-Nov,-0.608,-0.373,0.147
10-Nov,-0.603,-0.37,0.146
11-Nov,-0.606,-0.38,0.122
12-Nov,-0.606,-0.383,0.101
13-Nov,-0.611,-0.386,0.084
16-Nov,-0.629,-0.4,0.075
17-Nov,-0.672,-0.432,0.041
18-Nov,-0.666,-0.429,0.046
19-Nov,-0.67,-0.422,0.032
20-Nov,-0.671,-0.435,0.02
23-Nov,-0.674,-0.437,0.022
24-Nov,-0.674,-0.437,0.03
25-Nov,-0.688,-0.45,0.018
26-Nov,-0.692,-0.462,0.006
27-Nov,-0.696,-0.463,0.01
30-Nov,-0.685,-0.448,0.031
1-Dec,-0.691,-0.42,0.072
2-Dec,-0.71,-0.421,0.063
3-Dec,-0.709,-0.43,0.031
4-Dec,-0.716,-0.429,0.038
7-Dec,-0.717,-0.449,0.014
8-Dec,-0.726,-0.464,-0.009
9-Dec,-0.728,-0.474,-0.02
10-Dec,-0.722,-0.478,-0.024
11-Dec,-0.742,-0.492,-0.04
14-Dec,-0.74,-0.495,-0.042
15-Dec,-0.746,-0.506,-0.059
16-Dec,-0.739,-0.472,-0.008
17-Dec,-0.736,-0.479,0.008
18-Dec,-0.744,-0.473,0.032
21-Dec,-0.738,-0.463,0.036
22-Dec,-0.743,-0.458,0.033
23-Dec,-0.733,-0.433,0.057
24-Dec,-0.738,-0.435,0.057
25-Dec,-0.738,-0.435,0.057
28-Dec,-0.73,-0.45,0.032
29-Dec,-0.736,-0.448,0.03
30-Dec,-0.729,-0.438,0.026
31-Dec,-0.734,-0.439,0.026
1-Jan,-0.734,-0.439,0.026
4-Jan,-0.725,-0.444,0.007
5-Jan,-0.717,-0.435,0.002
6-Jan,-0.717,-0.426,0.017
7-Jan,-0.712,-0.438,0
8-Jan,-0.712,-0.461,-0.027
11-Jan,-0.691,-0.447,-0.009
12-Jan,-0.683,-0.418,0.037
13-Jan,-0.663,-0.442,0.003
14-Jan,-0.654,-0.443,0.005
15-Jan,-0.664,-0.436,-0.002
18-Jan,-0.657,-0.435,0.015
19-Jan,-0.657,-0.443,0.007
20-Jan,-0.656,-0.438,0.021
21-Jan,-0.648,-0.405,0.074
22-Jan,-0.646,-0.407,0.068
25-Jan,-0.663,-0.438,0.019
26-Jan,-0.676,-0.447,0.02
27-Jan,-0.676,-0.452,0.019
28-Jan,-0.677,-0.46,0.015
29-Jan,-0.688,-0.451,0.036
1-Feb,-0.682,-0.453,0.03
2-Feb,-0.672,-0.437,0.053
3-Feb,-0.693,-0.438,0.053
4-Feb,-0.692,-0.43,0.053
5-Feb,-0.689,-0.428,0.054
8-Feb,-0.688,-0.425,0.054
9-Feb,-0.684,-0.427,0.061
10-Feb,-0.613,-0.331,0.083
11-Feb,-0.616,-0.344,0.066
12-Feb,-0.601,-0.313,0.104
15-Feb,-0.588,-0.277,0.148
16-Feb,-0.564,-0.253,0.185
17-Feb,-0.568,-0.254,0.185
18-Feb,-0.55,-0.21,0.238
19-Feb,-0.55,-0.205,0.25
22-Feb,-0.574,-0.232,0.216
23-Feb,-0.579,-0.213,0.251
24-Feb,-0.569,-0.201,0.276
25-Feb,-0.525,-0.133,0.363
26-Feb,-0.53,-0.161,0.313
1-Mar,-0.57,-0.235,0.219
2-Mar,-0.575,-0.241,0.214
3-Mar,-0.542,-0.194,0.278
4-Mar,-0.551,-0.201,0.272
5-Mar,-0.547,-0.19,0.287
8-Mar,-0.546,-0.18,0.297
9-Mar,-0.563,-0.208,0.261
10-Mar,-0.565,-0.225,0.238
11-Mar,-0.589,-0.265,0.179
12-Mar,-0.588,-0.265,0.196
15-Mar,-0.602,-0.274,0.176
16-Mar,-0.601,-0.266,0.195
17-Mar,-0.583,-0.23,0.255
18-Mar,-0.59,-0.238,0.259
19-Mar,-0.603,-0.273,0.228
22-Mar,-0.617,-0.283,0.217
23-Mar,-0.637,-0.318,0.17
24-Mar,-0.638,-0.329,0.158
25-Mar,-0.639,-0.339,0.146
26-Mar,-0.619,-0.326,0.171
29-Mar,-0.597,-0.311,0.195
30-Mar,-0.566,-0.291,0.225
31-Mar,-0.565,-0.287,0.224
1-Apr,-0.579,-0.305,0.205
2-Apr,-0.579,-0.305,0.205
5-Apr,-0.579,-0.305,0.205
6-Apr,-0.565,-0.28,0.238
7-Apr,-0.576,-0.289,0.234
8-Apr,-0.581,-0.289,0.23
9-Apr,-0.57,-0.257,0.274
12-Apr,-0.574,-0.252,0.283
13-Apr,-0.57,-0.256,0.283
14-Apr,-0.555,-0.234,0.425
15-Apr,-0.568,-0.266,0.383
16-Apr,-0.566,-0.255,0.394
19-Apr,-0.564,-0.239,0.411
20-Apr,-0.557,-0.242,0.403
21-Apr,-0.562,-0.252,0.394
22-Apr,-0.548,-0.249,0.397
23-Apr,-0.552,-0.252,0.398
26-Apr,-0.551,-0.25,0.402
27-Apr,-0.56,-0.241,0.416
28-Apr,-0.563,-0.233,0.439
29-Apr,-0.542,-0.214,0.475
30-Apr,-0.539,-0.22,0.477
3-May,-0.543,-0.237,0.461
4-May,-0.546,-0.253,0.44
5-May,-0.537,-0.238,0.458
6-May,-0.538,-0.239,0.464
7-May,-0.54,-0.228,0.502
10-May,-0.542,-0.244,0.483
11-May,-0.531,-0.218,0.538
12-May,-0.519,-0.191,0.573
13-May,-0.512,-0.175,0.59
14-May,-0.503,-0.166,0.589
17-May,-0.501,-0.135,0.615
18-May,-0.517,-0.14,0.6
19-May,-0.522,-0.125,0.608
20-May,-0.536,-0.158,0.574
21-May,-0.545,-0.181,0.554
24-May,-0.561,-0.193,0.543
25-May,-0.591,-0.243,0.491
26-May,-0.597,-0.279,0.449
27-May,-0.574,-0.259,0.479
28-May,-0.579,-0.268,0.466
31-May,-0.567,-0.268,0.458
1-Jun,-0.568,-0.273,0.463
2-Jun,-0.579,-0.289,0.447
3-Jun,-0.576,-0.279,0.463
4-Jun,-0.578,-0.291,0.447
7-Jun,-0.576,-0.275,0.468
8-Jun,-0.58,-0.305,0.428
9-Jun,-0.59,-0.328,0.4
10-Jun,-0.592,-0.338,0.387
11-Jun,-0.603,-0.358,0.352
14-Jun,-0.591,-0.336,0.383
15-Jun,-0.598,-0.341,0.386
16-Jun,-0.613,-0.357,0.376
17-Jun,-0.602,-0.323,0.405
18-Jun,-0.585,-0.295,0.432
21-Jun,-0.583,-0.285,0.434
22-Jun,-0.583,-0.275,0.445
23-Jun,-0.585,-0.286,0.433
24-Jun,-0.587,-0.299,0.411
25-Jun,-0.578,-0.265,0.461
28-Jun,-0.587,-0.289,0.421
29-Jun,-0.59,-0.281,0.437
30-Jun,-0.6,-0.323,0.388
1-Jul,-0.598,-0.339,0.376
2-Jul,-0.608,-0.368,0.345
5-Jul,-0.599,-0.349,0.37
6-Jul,-0.623,-0.393,0.309
7-Jul,-0.622,-0.409,0.294
8-Jul,-0.626,-0.401,0.321
9-Jul,-0.621,-0.393,0.328
12-Jul,-0.623,-0.405,0.311
13-Jul,-0.628,-0.421,0.294
14-Jul,-0.622,-0.424,0.277
15-Jul,-0.622,-0.423,0.273
16-Jul,-0.622,-0.437,0.254
19-Jul,-0.615,-0.434,0.247
20-Jul,-0.62,-0.432,0.233
21-Jul,-0.607,-0.423,0.252
22-Jul,-0.613,-0.459,0.198
23-Jul,-0.62,-0.463,0.19
26-Jul,-0.624,-0.46,0.201
27-Jul,-0.628,-0.465,0.192
28-Jul,-0.634,-0.471,0.186
29-Jul,-0.641,-0.478,0.179
30-Jul,-0.64,-0.482,0.171
2-Aug,-0.655,-0.51,0.133
3-Aug,-0.654,-0.51,0.131
4-Aug,-0.66,-0.517,0.127
5-Aug,-0.67,-0.543,0.099
6-Aug,-0.662,-0.532,0.128
9-Aug,-0.668,-0.535,0.119
10-Aug,-0.683,-0.537,0.114
11-Aug,-0.687,-0.532,0.12
12-Aug,-0.688,-0.538,0.101
13-Aug,-0.687,-0.538,0.107
16-Aug,-0.688,-0.538,0.111
17-Aug,-0.688,-0.532,0.115
18-Aug,-0.695,-0.546,0.102
19-Aug,-0.695,-0.542,0.108
20-Aug,-0.697,-0.543,0.103
23-Aug,-0.689,-0.534,0.123
24-Aug,-0.717,-0.529,0.127
25-Aug,-0.711,-0.488,0.194
26-Aug,-0.704,-0.477,0.2
27-Aug,-0.711,-0.496,0.171
30-Aug,-0.71,-0.499,0.152
31-Aug,-0.703,-0.465,0.21
1-Sep,-0.71,-0.478,0.209
2-Sep,-0.719,-0.482,0.204
3-Sep,-0.721,-0.471,0.221
6-Sep,-0.727,-0.481,0.198
7-Sep,-0.716,-0.45,0.253
8-Sep,-0.716,-0.451,0.256
9-Sep,-0.73,-0.48,0.195
10-Sep,-0.721,-0.45,0.229
13-Sep,-0.727,-0.455,0.224
14-Sep,-0.722,-0.469,0.202
15-Sep,-0.709,-0.445,0.245
16-Sep,-0.71,-0.443,0.247
17-Sep,-0.705,-0.43,0.259
20-Sep,-0.716,-0.445,0.243
21-Sep,-0.73,-0.456,0.24
22-Sep,-0.73,-0.488,0.212
23-Sep,-0.711,-0.438,0.275
24-Sep,-0.697,-0.406,0.317
27-Sep,-0.693,-0.404,0.313
28-Sep,-0.687,-0.393,0.34
29-Sep,-0.692,-0.399,0.341
30-Sep,-0.69,-0.395,0.353
1-Oct,-0.706,-0.431,0.32
4-Oct,-0.702,-0.425,0.332
5-Oct,-0.714,-0.412,0.358
6-Oct,-0.709,-0.397,0.368
7-Oct,-0.717,-0.408,0.359
8-Oct,-0.747,-0.396,0.376
11-Oct,-0.774,-0.378,0.394
12-Oct,-0.768,-0.366,0.413
13-Oct,-0.762,-0.365,0.378
14-Oct,-0.761,-0.404,0.323
15-Oct,-0.758,-0.388,0.349
18-Oct,-0.712,-0.315,0.381
19-Oct,-0.689,-0.284,0.413
20-Oct,-0.697,-0.326,0.383
21-Oct,-0.682,-0.305,0.407
22-Oct,-0.694,-0.302,0.408
25-Oct,-0.705,-0.33,0.388
26-Oct,-0.725,-0.304,0.414
27-Oct,-0.701,-0.319,0.372
28-Oct,-0.644,-0.266,0.42
29-Oct,-0.544,-0.184,0.517
1-Nov,-0.56,-0.148,0.548
2-Nov,-0.628,-0.239,0.439
3-Nov,-0.677,-0.261,0.422
4-Nov,-0.747,-0.35,0.346
5-Nov,-0.763,-0.388,0.306
8-Nov,-0.757,-0.368,0.339
9-Nov,-0.771,-0.395,0.292
10-Nov,-0.751,-0.327,0.366
11-Nov,-0.753,-0.299,0.387
12-Nov,-0.758,-0.329,0.371
15-Nov,-0.755,-0.315,0.401
16-Nov,-0.767,-0.336,0.379
17-Nov,-0.768,-0.351,0.386
18-Nov,-0.777,-0.39,0.343
19-Nov,-0.801,-0.448,0.297
22-Nov,-0.797,-0.409,0.346
23-Nov,-0.774,-0.328,0.436
24-Nov,-0.77,-0.34,0.444
25-Nov,-0.796,-0.35,0.428
26-Nov,-0.813,-0.409,0.35
29-Nov,-0.814,-0.4,0.347
30-Nov,-0.807,-0.409,0.327
1-Dec,-0.771,-0.364,0.353
2-Dec,-0.776,-0.398,0.307
3-Dec,-0.784,-0.424,0.274
6-Dec,-0.789,-0.432,0.253
7-Dec,-0.768,-0.406,0.258
8-Dec,-0.747,-0.331,0.344
9-Dec,-0.765,-0.363,0.313
10-Dec,-0.724,-0.349,0.304
13-Dec,-0.714,-0.382,0.252
14-Dec,-0.685,-0.368,0.263
15-Dec,-0.69,-0.379,0.258
16-Dec,-0.691,-0.361,0.297
17-Dec,-0.697,-0.392,0.253
20-Dec,-0.714,-0.389,0.261
21-Dec,-0.716,-0.345,0.337
22-Dec,-0.709,-0.341,0.358
23-Dec,-0.711,-0.32,0.404
24-Dec,-0.719,-0.322,0.404
27-Dec,-0.702,-0.313,0.397
28-Dec,-0.702,-0.295,0.399
29-Dec,-0.707,-0.253,0.452
30-Dec,-0.652,-0.257,0.461
31-Dec,-0.66,-0.259,0.462
3-Jan,-0.684,-0.242,0.507
4-Jan,-0.653,-0.267,0.499
5-Jan,-0.645,-0.264,0.506
6-Jan,-0.619,-0.222,0.534
7-Jan,-0.575,-0.19,0.575
10-Jan,-0.572,-0.18,0.578
11-Jan,-0.561,-0.158,0.594
12-Jan,-0.57,-0.192,0.563
13-Jan,-0.582,-0.22,0.523
14-Jan,-0.583,-0.177,0.55
17-Jan,-0.568,-0.17,0.57
18-Jan,-0.556,-0.151,0.595
19-Jan,-0.555,-0.128,0.609
20-Jan,-0.571,-0.155,0.588
21-Jan,-0.587,-0.172,0.559
24-Jan,-0.607,-0.199,0.548
25-Jan,-0.622,-0.184,0.571
26-Jan,-0.609,-0.177,0.596
27-Jan,-0.597,-0.17,0.589
28-Jan,-0.582,-0.152,0.617
31-Jan,-0.549,-0.102,0.662
1-Feb,-0.526,-0.067,0.69
2-Feb,-0.512,-0.032,0.709
3-Feb,-0.331,0.142,0.87
4-Feb,-0.22,0.26,0.963
7-Feb,-0.153,0.317,1.004
8-Feb,-0.172,0.331,1.058
9-Feb,-0.222,0.296,1.007
10-Feb,-0.206,0.364,1.112
11-Feb,-0.191,0.398,1.165
14-Feb,-0.224,0.384,1.174
15-Feb,-0.242,0.381,1.184
16-Feb,-0.295,0.343,1.142
17-Feb,-0.371,0.29,1.09
18-Feb,-0.363,0.286,1.08
21-Feb,-0.348,0.326,1.117
22-Feb,-0.36,0.34,1.14
23-Feb,-0.301,0.369,1.143
24-Feb,-0.367,0.302,1.065
25-Feb,-0.342,0.33,1.097
28-Feb,-0.391,0.217,0.992
1-Mar,-0.566,-0.066,0.725
2-Mar,-0.476,0.054,0.854
3-Mar,-0.504,0.033,0.859
4-Mar,-0.546,0.02,0.831
7-Mar,-0.512,0.058,0.87
8-Mar,-0.491,0.088,0.919
9-Mar,-0.45,0.132,0.998
10-Mar,-0.31,0.291,1.129
11-Mar,-0.324,0.272,1.101
14-Mar,-0.289,0.343,1.209
15-Mar,-0.319,0.301,1.165
16-Mar,-0.293,0.328,1.194
17-Mar,-0.294,0.315,1.193
18-Mar,-0.309,0.313,1.178
21-Mar,-0.266,0.385,1.262
22-Mar,-0.239,0.407,1.285
23-Mar,-0.249,0.385,1.248
24-Mar,-0.229,0.434,1.291
25-Mar,-0.195,0.48,1.324
28-Mar,-0.166,0.509,1.333
29-Mar,-0.114,0.601,1.387
30-Mar,-0.053,0.675,1.431
31-Mar,-0.057,0.619,1.348
1-Apr,-0.074,0.657,1.376
4-Apr,-0.058,0.634,1.35
5-Apr,-0.015,0.726,1.508
6-Apr,0.013,0.754,1.562
7-Apr,0.075,0.796,1.59
8-Apr,0.12,0.842,1.632
11-Apr,0.141,0.917,1.69
12-Apr,0.112,0.864,1.648
13-Apr,0.325,1.081,1.76
14-Apr,0.319,1.115,1.829
15-Apr,0.319,1.115,1.829
18-Apr,0.319,1.115,1.829
19-Apr,0.337,1.155,1.874
20-Apr,0.32,1.129,1.838
21-Apr,0.382,1.24,1.943
22-Apr,0.403,1.281,1.984
25-Apr,0.354,1.174,1.872
26-Apr,0.316,1.169,1.853
27-Apr,0.287,1.136,1.845
28-Apr,0.358,1.24,1.94
29-Apr,0.388,1.3,2.013
2-May,0.431,1.339,2.058
3-May,0.411,1.365,2.064
4-May,0.439,1.405,2.098
5-May,0.45,1.464,2.175
6-May,0.501,1.544,2.259
9-May,0.465,1.508,2.244
10-May,0.38,1.41,2.142
11-May,0.356,1.332,2.074
12-May,0.239,1.171,1.924
13-May,0.302,1.262,2.056
16-May,0.298,1.269,2.047
17-May,0.389,1.376,2.162
18-May,0.414,1.387,2.15
19-May,0.414,1.35,2.087
20-May,0.453,1.374,2.124
23-May,0.475,1.413,2.164
24-May,0.465,1.372,2.122
25-May,0.445,1.328,2.097
26-May,0.43,1.309,2.099
27-May,0.43,1.302,2.066
30-May,0.494,1.404,2.162
31-May,0.598,1.489,2.252
1-Jun,0.661,1.569,2.33
2-Jun,0.756,1.658,2.404
3-Jun,0.806,1.714,2.465
6-Jun,0.874,1.743,2.502
7-Jun,0.846,1.706,2.441
8-Jun,0.884,1.763,2.498
9-Jun,1.053,1.938,2.636
10-Jun,1.235,2.128,2.786
13-Jun,1.496,2.367,2.992
14-Jun,1.61,2.475,3.1
15-Jun,1.412,2.208,2.844
16-Jun,1.429,2.212,2.828
17-Jun,1.362,2.072,2.69
20-Jun,1.412,2.153,2.795
21-Jun,1.379,2.144,2.802
22-Jun,1.286,2.004,2.665
23-Jun,1.123,1.781,2.481
24-Jun,1.111,1.809,2.512
27-Jun,1.179,1.901,2.624
28-Jun,1.218,1.966,2.694
29-Jun,1.11,1.82,2.566
30-Jun,0.95,1.646,2.408
1-Jul,0.832,1.475,2.262
4-Jul,0.91,1.604,2.394
5-Jul,0.742,1.47,2.279
6-Jul,0.679,1.441,2.275
7-Jul,0.754,1.594,2.406
8-Jul,0.736,1.576,2.408
11-Jul,0.687,1.488,2.327
12-Jul,0.632,1.378,2.228
13-Jul,0.714,1.441,2.247
14-Jul,0.84,1.528,2.361
15-Jul,0.807,1.489,2.301
18-Jul,0.842,1.554,2.355
19-Jul,0.935,1.608,2.384
20-Jul,0.884,1.646,2.389
21-Jul,0.96,1.67,2.394
22-Jul,0.772,1.398,2.183
25-Jul,0.727,1.37,2.138
26-Jul,0.646,1.257,2.028
27-Jul,0.665,1.276,2.058
28-Jul,0.495,1.085,1.908
29-Jul,0.455,1.025,1.836
1-Aug,0.434,0.978,1.778
2-Aug,0.516,1.073,1.88
3-Aug,0.533,1.117,1.906
4-Aug,0.478,1.058,1.818
5-Aug,0.558,1.171,1.94
8-Aug,0.545,1.145,1.91
9-Aug,0.572,1.188,1.932
10-Aug,0.568,1.155,1.899
11-Aug,0.545,1.191,1.955
12-Aug,0.583,1.234,1.988
15-Aug,0.566,1.174,1.906
16-Aug,0.594,1.245,1.982
17-Aug,0.754,1.409,2.122
18-Aug,0.783,1.444,2.151
19-Aug,0.907,1.577,2.28
22-Aug,0.936,1.677,2.38
23-Aug,0.915,1.689,2.395
24-Aug,0.953,1.741,2.451
25-Aug,0.911,1.653,2.376
26-Aug,0.929,1.754,2.48
29-Aug,0.977,1.877,2.581
30-Aug,1.023,1.893,2.589
31-Aug,1.077,1.938,2.622
1-Sep,1.06,1.942,2.649
2-Sep,1.002,1.865,2.599
5-Sep,0.975,1.92,2.657
6-Sep,1.019,1.96,2.7
7-Sep,0.962,1.898,2.622
8-Sep,1.149,2.03,2.724
9-Sep,1.226,2.046,2.745
12-Sep,1.231,2.027,2.693
13-Sep,1.341,2.076,2.752
14-Sep,1.345,2.091,2.745
15-Sep,1.388,2.148,2.796
16-Sep,1.442,2.173,2.792
19-Sep,1.52,2.223,2.838
20-Sep,1.619,2.343,2.949
21-Sep,1.721,2.337,2.915
22-Sep,1.813,2.412,2.96
23-Sep,1.939,2.522,3.062
26-Sep,2.045,2.653,3.172
27-Sep,2.167,2.74,3.324
28-Sep,2.113,2.612,3.189
29-Sep,2.107,2.629,3.243
30-Sep,2.025,2.552,3.171
3-Oct,1.927,2.351,2.961
4-Oct,1.857,2.279,2.915
5-Oct,1.926,2.443,3.115
6-Oct,1.97,2.503,3.166
7-Oct,2.018,2.623,3.29
10-Oct,1.984,2.681,3.366
11-Oct,1.936,2.611,3.361
12-Oct,1.902,2.613,3.4
13-Oct,1.954,2.619,3.353
14-Oct,1.997,2.678,3.415
17-Oct,1.949,2.64,3.33
18-Oct,1.967,2.652,3.345
19-Oct,2.018,2.753,3.433
20-Oct,2.054,2.76,3.441
21-Oct,2.076,2.715,3.443
24-Oct,2.049,2.636,3.323
25-Oct,1.957,2.499,3.168
26-Oct,1.981,2.489,3.122
27-Oct,1.832,2.276,2.924
28-Oct,1.977,2.45,3.07
31-Oct,2.008,2.493,3.135
1-Nov,2.007,2.473,3.122
2-Nov,2.01,2.493,3.131
3-Nov,2.102,2.593,3.216
4-Nov,2.141,2.635,3.265
7-Nov,2.143,2.686,3.299
8-Nov,2.197,2.651,3.232
9-Nov,2.198,2.556,3.128
10-Nov,2.08,2.361,2.946
11-Nov,2.22,2.564,3.111
14-Nov,2.251,2.555,3.113
15-Nov,2.25,2.477,3.046
16-Nov,2.193,2.379,2.953
17-Nov,2.211,2.404,2.959
18-Nov,2.185,2.397,2.928
21-Nov,2.166,2.367,2.919
22-Nov,2.122,2.356,2.901
23-Nov,2.121,2.34,2.826
24-Nov,2.101,2.266,2.723
25-Nov,2.183,2.404,2.883
28-Nov,2.223,2.381,2.916
29-Nov,2.084,2.272,2.836
30-Nov,2.143,2.306,2.871
1-Dec,2.137,2.151,2.726
2-Dec,2.19,2.198,2.776
5-Dec,2.181,2.232,2.784
6-Dec,2.2,2.159,2.713
7-Dec,2.113,2.106,2.664
8-Dec,2.149,2.172,2.732
9-Dec,2.201,2.302,2.852
12-Dec,2.228,2.324,2.859
13-Dec,2.207,2.253,2.831
14-Dec,2.204,2.278,2.878
15-Dec,2.418,2.522,3.066
16-Dec,2.45,2.617,3.16
19-Dec,2.491,2.635,3.211
20-Dec,2.497,2.723,3.337
21-Dec,2.494,2.72,3.319
22-Dec,2.509,2.778,3.36
23-Dec,2.558,2.821,3.394
26-Dec,2.558,2.821,3.394
27-Dec,2.605,2.9,3.505
28-Dec,2.585,2.875,3.489
29-Dec,2.64,2.823,3.429
30-Dec,2.771,2.95,3.579
2-Jan,2.744,2.852,3.44
3-Jan,2.748,2.825,3.395
4-Jan,2.698,2.692,3.251
5-Jan,2.774,2.749,3.307
6-Jan,2.715,2.673,3.203
9-Jan,2.711,2.706,3.188
10-Jan,2.721,2.758,3.246
11-Jan,2.692,2.639,3.101
12-Jan,2.654,2.599,3.061
13-Jan,2.63,2.633,3.077
16-Jan,2.639,2.638,3.072
17-Jan,2.574,2.489,2.969
18-Jan,2.544,2.419,2.868
19-Jan,2.586,2.455,2.888
20-Jan,2.624,2.56,3.041
23-Jan,2.625,2.599,3.08
24-Jan,2.622,2.548,3.008
25-Jan,2.657,2.546,3.02
26-Jan,2.685,2.614,3.091
27-Jan,2.668,2.658,3.131
30-Jan,2.76,2.761,3.22
31-Jan,2.746,2.722,3.183
1-Feb,2.757,2.737,3.187
2-Feb,2.629,2.474,2.897
3-Feb,2.557,2.629,3.026
6-Feb,2.628,2.734,3.128
7-Feb,2.695,2.792,3.192
8-Feb,2.723,2.829,3.207
9-Feb,2.723,2.793,3.14
10-Feb,2.783,2.866,3.217
13-Feb,2.797,2.874,3.21
14-Feb,2.873,2.939,3.272
15-Feb,2.928,2.999,3.344
16-Feb,2.933,3.005,3.349
17-Feb,2.916,2.987,3.314
20-Feb,2.955,3.012,3.335
21-Feb,3.025,3.099,3.415
22-Feb,2.997,3.082,3.408
23-Feb,2.965,3.035,3.347
24-Feb,3.052,3.109,3.41
27-Feb,3.08,3.143,3.439
28-Feb,3.152,3.223,3.505
1-Mar,3.191,3.276,3.569
2-Mar,3.219,3.334,3.615
3-Mar,3.204,3.28,3.566
6-Mar,3.269,3.328,3.6
7-Mar,3.268,3.286,3.563
8-Mar,3.255,3.245,3.499
9-Mar,3.228,3.224,3.483
10-Mar,3.104,3.112,3.377
13-Mar,2.729,2.807,3.189
14-Mar,2.873,2.953,3.303
15-Mar,2.498,2.656,3.081
16-Mar,2.69,2.768,3.205
17-Mar,2.507,2.587,3.03
20-Mar,2.424,2.536,3.006
21-Mar,2.658,2.733,3.128
22-Mar,2.734,2.795,3.174
23-Mar,2.609,2.674,3.057
24-Mar,2.499,2.604,3
27-Mar,2.587,2.675,3.086
28-Mar,2.656,2.736,3.151
29-Mar,2.633,2.757,3.168
30-Mar,2.723,2.821,3.212
31-Mar,2.678,2.724,3.111
3-Apr,2.65,2.696,3.072
4-Apr,2.595,2.677,3.094
5-Apr,2.48,2.62,3.025
6-Apr,2.55,2.625,3.042
7-Apr,2.55,2.625,3.042
10-Apr,2.55,2.625,3.042
11-Apr,2.702,2.761,3.163
12-Apr,2.734,2.811,3.215
13-Apr,2.75,2.805,3.219
14-Apr,2.821,2.873,3.283
17-Apr,2.817,2.885,3.302
18-Apr,2.798,2.887,3.301
19-Apr,2.914,2.942,3.345
20-Apr,2.871,2.877,3.29
21-Apr,2.916,2.911,3.301
24-Apr,2.94,2.944,3.329
25-Apr,2.833,2.819,3.21
26-Apr,2.806,2.823,3.228
27-Apr,2.864,2.868,3.283
28-Apr,2.742,2.719,3.125
1-May,2.742,2.719,3.125
2-May,2.733,2.694,3.088
3-May,2.709,2.688,3.075
4-May,2.61,2.598,3.038
5-May,2.684,2.695,3.123
8-May,2.679,2.724,3.153
9-May,2.681,2.753,3.185
10-May,2.648,2.679,3.108
11-May,2.605,2.619,3.039
12-May,2.692,2.669,3.087
15-May,2.684,2.7,3.108
16-May,2.713,2.747,3.148
17-May,2.741,2.754,3.125
18-May,2.801,2.854,3.238
19-May,2.789,2.826,3.202
22-May,2.822,2.851,3.222
23-May,2.837,2.835,3.228
24-May,2.809,2.844,3.22
25-May,2.849,2.888,3.273
26-May,2.845,2.885,3.27
29-May,2.842,2.79,3.148
30-May,2.766,2.677,3.04
31-May,2.647,2.628,3.011
1-Jun,2.617,2.584,2.96
2-Jun,2.683,2.628,2.992
5-Jun,2.693,2.703,3.054
6-Jun,2.717,2.688,3.053
7-Jun,2.767,2.789,3.158
8-Jun,2.733,2.769,3.116
9-Jun,2.732,2.736,3.079
12-Jun,2.697,2.751,3.047
13-Jun,2.739,2.801,3.08
14-Jun,2.794,2.827,3.13
15-Jun,2.876,2.922,3.148
16-Jun,2.874,2.867,3.098
19-Jun,2.906,2.909,3.151
20-Jun,2.903,2.858,3.05
21-Jun,2.934,2.896,3.094
22-Jun,3.038,2.978,3.164
23-Jun,2.929,2.843,3.031
26-Jun,2.92,2.812,2.995
27-Jun,2.937,2.87,3.036
28-Jun,2.884,2.839,3.013
29-Jun,2.974,2.936,3.128
30-Jun,2.986,2.941,3.111
3-Jul,3.03,3.009,3.169
4-Jul,3.012,3.004,3.188
5-Jul,3.004,2.997,3.191
6-Jul,3.081,3.139,3.363
7-Jul,3.056,3.143,3.35
10-Jul,3.069,3.135,3.364
11-Jul,3.102,3.174,3.385
12-Jul,3.019,3.064,3.281
13-Jul,2.913,2.964,3.175
14-Jul,2.986,3.015,3.22
17-Jul,2.985,2.988,3.193
18-Jul,2.909,2.854,3.075
19-Jul,2.963,2.898,3.125
20-Jul,3.009,2.951,3.175
21-Jul,3.002,2.925,3.153
24-Jul,2.942,2.887,3.112
25-Jul,2.945,2.889,3.126
26-Jul,2.996,2.954,3.184
27-Jul,2.951,2.927,3.159
28-Jul,2.943,2.94,3.195
31-Jul,2.951,2.94,3.196
1-Aug,2.992,2.992,3.266
2-Aug,2.982,2.968,3.252
3-Aug,2.973,3.015,3.315
4-Aug,2.98,2.989,3.275
7-Aug,2.957,3.001,3.32
8-Aug,2.886,2.896,3.188
9-Aug,2.907,2.917,3.21
10-Aug,2.934,2.941,3.226
11-Aug,2.998,3.017,3.308
14-Aug,3.017,3.037,3.325
15-Aug,3.068,3.085,3.379
16-Aug,3.038,3.067,3.368
17-Aug,3.078,3.113,3.427
18-Aug,3.006,3.036,3.345
21-Aug,3.087,3.111,3.414
22-Aug,3.044,3.05,3.342
23-Aug,2.924,2.919,3.206
24-Aug,2.916,2.92,3.208
25-Aug,2.987,2.984,3.263
28-Aug,2.941,2.991,3.257
29-Aug,2.941,2.937,3.197
30-Aug,2.988,2.973,3.237
31-Aug,2.927,2.87,3.171
1-Sep,2.926,2.949,3.257
4-Sep,2.972,2.985,3.298
5-Sep,3.012,3.019,3.335
6-Sep,3.072,3.064,3.39
7-Sep,3.027,3.018,3.336
8-Sep,3.026,3.015,3.329
11-Sep,3.043,3.037,3.364
12-Sep,3.077,3.054,3.362
13-Sep,3.107,3.091,3.387
14-Sep,3.066,3.016,3.306
15-Sep,3.144,3.095,3.402
18-Sep,3.186,3.123,3.43
19-Sep,3.215,3.143,3.452
20-Sep,3.201,3.105,3.41
21-Sep,3.206,3.142,3.46
22-Sep,3.2,3.145,3.48
25-Sep,3.184,3.168,3.527
26-Sep,3.204,3.194,3.559
27-Sep,3.225,3.233,3.597
28-Sep,3.289,3.308,3.674
29-Sep,3.195,3.196,3.579
2-Oct,3.219,3.246,3.644
3-Oct,3.199,3.277,3.686
4-Oct,3.191,3.236,3.621
5-Oct,3.154,3.223,3.618
6-Oct,3.161,3.21,3.624
9-Oct,3.055,3.124,3.526
10-Oct,3.042,3.099,3.478
11-Oct,3.073,3.077,3.411
12-Oct,3.143,3.153,3.483
13-Oct,3.137,3.136,3.468
16-Oct,3.134,3.142,3.495
17-Oct,3.257,3.249,3.586
18-Oct,3.242,3.274,3.65
19-Oct,3.233,3.255,3.618
20-Oct,3.158,3.205,3.6
23-Oct,3.169,3.179,3.543
24-Oct,3.139,3.143,3.513
25-Oct,3.157,3.198,3.595
26-Oct,3.13,3.15,3.55
27-Oct,3.103,3.105,3.516
30-Oct,3.042,3.073,3.505
31-Oct,3.062,3.057,3.487
1-Nov,2.999,3.02,3.461
2-Nov,2.99,2.974,3.392
3-Nov,2.965,2.931,3.307
6-Nov,3.02,3.009,3.428
7-Nov,3.033,2.993,3.38
8-Nov,3.093,2.967,3.349
9-Nov,3.076,2.987,3.376
10-Nov,3.163,3.062,3.428
13-Nov,3.172,2.983,3.411
14-Nov,3.073,2.933,3.284
15-Nov,3.088,2.953,3.311
16-Nov,3.026,2.869,3.226
17-Nov,3.027,2.894,3.233
20-Nov,3.053,2.894,3.242
21-Nov,3.004,2.86,3.197
22-Nov,3.036,2.875,3.204
23-Nov,3.081,2.948,3.256
24-Nov,3.094,2.952,3.287
27-Nov,3.013,2.872,3.203
28-Nov,2.955,2.813,3.156
29-Nov,2.837,2.73,3.061
30-Nov,2.823,2.743,3.109
1-Dec,2.713,2.58,2.994
4-Dec,2.723,2.635,3.013
5-Dec,2.669,2.549,2.891
6-Dec,2.661,2.516,2.84
7-Dec,2.626,2.495,2.836
8-Dec,2.723,2.595,2.943
11-Dec,2.731,2.61,2.932
12-Dec,2.734,2.575,2.883
13-Dec,2.67,2.515,2.828
14-Dec,2.542,2.395,2.73
15-Dec,2.494,2.314,2.64
18-Dec,2.533,2.364,2.693
19-Dec,2.519,2.283,2.603
20-Dec,2.439,2.227,2.557
21-Dec,2.423,2.198,2.546
22-Dec,2.396,2.164,2.521
25-Dec,2.396,2.164,2.521
26-Dec,2.396,2.164,2.521
27-Dec,2.377,2.128,2.467
28-Dec,2.389,2.174,2.537
29-Dec,2.405,2.227,2.626
1-Jan,2.405,2.227,2.626
2-Jan,2.462,2.296,2.688
3-Jan,2.425,2.263,2.665
4-Jan,2.523,2.38,2.771
5-Jan,2.597,2.417,2.794
8-Jan,2.579,2.397,2.769
9-Jan,2.597,2.446,2.812
10-Jan,2.648,2.475,2.83
11-Jan,2.624,2.452,2.807
12-Jan,2.527,2.373,2.747
15-Jan,2.583,2.43,2.803
16-Jan,2.354,2.511,3.061
17-Jan,2.467,2.589,3.141
18-Jan,2.441,2.596,3.163
19-Jan,2.474,2.603,3.156
22-Jan,2.435,2.554,3.116
23-Jan,2.464,2.608,3.178
24-Jan,2.466,2.588,3.172
25-Jan,2.374,2.506,3.103
26-Jan,2.376,2.506,3.104
29-Jan,2.313,2.431,3.031
30-Jan,2.355,2.467,3.046
31-Jan,2.273,2.375,2.958
1-Feb,2.294,2.386,2.957
2-Feb,2.408,2.496,3.039
5-Feb,2.454,2.545,3.1
6-Feb,2.444,2.52,3.082
7-Feb,2.481,2.561,3.118
8-Feb,2.515,2.594,3.155
9-Feb,2.573,2.638,3.194
12-Feb,2.548,2.61,3.16
13-Feb,2.621,2.673,3.186
14-Feb,2.57,2.599,3.107
15-Feb,2.577,2.621,3.114
16-Feb,2.614,2.662,3.143
19-Feb,2.612,2.672,3.14
20-Feb,2.57,2.629,3.114
21-Feb,2.65,2.706,3.197
22-Feb,2.693,2.714,3.175
23-Feb,2.641,2.638,3.083
26-Feb,2.706,2.711,3.157
27-Feb,2.714,2.73,3.181
28-Feb,2.713,2.719,3.162
29-Feb,2.699,2.671,3.114
1-Mar,2.704,2.685,3.134
4-Mar,2.703,2.667,3.086
5-Mar,2.631,2.592,3.006
6-Mar,2.619,2.563,2.975
7-Mar,2.61,2.537,2.95
8-Mar,2.532,2.477,2.91
11-Mar,2.591,2.531,2.955
12-Mar,2.639,2.56,2.967
13-Mar,2.664,2.579,2.989
14-Mar,2.71,2.635,3.062
15-Mar,2.743,2.659,3.07
18-Mar,2.734,2.651,3.069
19-Mar,2.713,2.645,3.071
20-Mar,2.736,2.649,3.066
21-Mar,2.688,2.609,3.028
22-Mar,2.676,2.562,2.982
25-Mar,2.712,2.615,3.029
26-Mar,2.716,2.594,3.009
27-Mar,2.68,2.546,2.965
28-Mar,2.716,2.58,2.993
29-Mar,2.717,2.58,2.993
1-Apr,2.717,2.58,2.993
2-Apr,2.723,2.649,3.09
3-Apr,2.767,2.669,3.084
4-Apr,2.772,2.627,3.028
5-Apr,2.777,2.65,3.067
8-Apr,2.807,2.693,3.087
9-Apr,2.778,2.627,3.03
10-Apr,2.85,2.688,3.094
11-Apr,2.844,2.718,3.132
12-Apr,2.768,2.619,3.035
15-Apr,2.825,2.674,3.121
16-Apr,2.862,2.722,3.172
17-Apr,2.872,2.713,3.15
18-Apr,2.902,2.735,3.161
19-Apr,2.904,2.732,3.154
22-Apr,2.857,2.678,3.115
23-Apr,2.872,2.689,3.124
24-Apr,2.945,2.773,3.231
25-Apr,2.987,2.829,3.274
26-Apr,2.947,2.772,3.203
29-Apr,2.926,2.717,3.147
30-Apr,2.983,2.777,3.198
1-May,2.983,2.777,3.198
2-May,2.944,2.745,3.16
3-May,2.875,2.692,3.117
6-May,2.864,2.677,3.104
7-May,2.861,2.645,3.063
8-May,2.884,2.685,3.096
9-May,2.893,2.713,3.136
10-May,2.924,2.744,3.156
13-May,2.933,2.74,3.15
14-May,2.959,2.766,3.176
15-May,2.85,2.641,3.045
16-May,2.886,2.676,3.074
17-May,2.946,2.751,3.13
20-May,2.946,2.751,3.143
21-May,2.953,2.742,3.126
22-May,2.967,2.775,3.157
23-May,3.052,2.849,3.209
24-May,3.053,2.841,3.205
27-May,3.02,2.796,3.155
28-May,3.038,2.83,3.203
29-May,3.08,2.91,3.296
30-May,3.025,2.859,3.248
31-May,3.041,2.88,3.251
3-Jun,2.984,2.791,3.16
4-Jun,2.969,2.758,3.131
5-Jun,2.957,2.737,3.101
6-Jun,2.966,2.776,3.143
7-Jun,3.052,2.857,3.217
10-Jun,3.062,2.914,3.307
11-Jun,3.052,2.887,3.273
12-Jun,2.985,2.794,3.175
13-Jun,2.909,2.775,3.179
14-Jun,2.895,2.74,3.147
17-Jun,2.934,2.761,3.165
18-Jun,2.912,2.738,3.126
19-Jun,2.938,2.757,3.147
20-Jun,2.939,2.761,3.154
21-Jun,2.914,2.742,3.145
24-Jun,2.916,2.75,3.135
25-Jun,2.9,2.741,3.136
26-Jun,2.931,2.788,3.194
27-Jun,2.928,2.789,3.216
28-Jun,2.96,2.813,3.235
1-Jul,2.995,2.863,3.287
2-Jul,2.954,2.831,3.255
3-Jul,2.947,2.792,3.194
4-Jul,2.954,2.802,3.214
5-Jul,2.898,2.742,3.162
8-Jul,2.91,2.719,3.127
9-Jul,2.917,2.776,3.177
10-Jul,2.883,2.724,3.114
11-Jul,2.808,2.646,3.05
12-Jul,2.836,2.667,3.077
15-Jul,2.822,2.632,3.047
16-Jul,2.787,2.594,3.004
17-Jul,2.789,2.61,3.01
18-Jul,2.784,2.611,3.029
19-Jul,2.807,2.639,3.064
22-Jul,2.836,2.666,3.076
23-Jul,2.802,2.636,3.045
24-Jul,2.76,2.634,3.078
25-Jul,2.72,2.601,3.048
26-Jul,2.713,2.584,3.04
29-Jul,2.693,2.545,2.992
30-Jul,2.653,2.52,2.964
31-Jul,2.615,2.483,2.915
1-Aug,2.574,2.441,2.89
2-Aug,2.487,2.377,2.852
5-Aug,2.495,2.415,2.876
6-Aug,2.509,2.403,2.847
7-Aug,2.518,2.443,2.907
8-Aug,2.51,2.437,2.906
9-Aug,2.49,2.412,2.858
12-Aug,2.484,2.407,2.862
13-Aug,2.435,2.361,2.809
14-Aug,2.443,2.364,2.801
15-Aug,2.543,2.451,2.868
16-Aug,2.525,2.437,2.87
19-Aug,2.517,2.429,2.855
20-Aug,2.487,2.401,2.822
21-Aug,2.431,2.349,2.787
22-Aug,2.462,2.394,2.837
23-Aug,2.43,2.348,2.801
26-Aug,2.451,2.386,2.826
27-Aug,2.467,2.437,2.881
28-Aug,2.45,2.419,2.866
29-Aug,2.42,2.41,2.868
30-Aug,2.455,2.438,2.902
2-Sep,2.476,2.46,2.925
3-Sep,2.468,2.425,2.887
4-Sep,2.418,2.358,2.819
5-Sep,2.384,2.338,2.804
6-Sep,2.347,2.305,2.79
9-Sep,2.309,2.298,2.79
10-Sep,2.281,2.259,2.75
11-Sep,2.25,2.224,2.724
12-Sep,2.298,2.263,2.747
13-Sep,2.273,2.247,2.721
16-Sep,2.253,2.22,2.697
17-Sep,2.292,2.251,2.716
18-Sep,2.322,2.3,2.776
19-Sep,2.278,2.273,2.768
20-Sep,2.279,2.273,2.769
23-Sep,2.209,2.206,2.712
24-Sep,2.129,2.168,2.705
25-Sep,2.137,2.201,2.749
26-Sep,2.143,2.199,2.736
27-Sep,2.101,2.163,2.691
30-Sep,2.105,2.163,2.691
1-Oct,2.065,2.085,2.608
2-Oct,2.079,2.132,2.653
3-Oct,2.106,2.166,2.703
4-Oct,2.162,2.212,2.728
7-Oct,2.233,2.268,2.771
8-Oct,2.216,2.242,2.743
9-Oct,2.227,2.266,2.765
10-Oct,2.211,2.253,2.749
11-Oct,2.214,2.286,2.767
14-Oct,2.249,2.292,2.761
15-Oct,2.177,2.222,2.688
16-Oct,2.168,2.185,2.649
17-Oct,2.137,2.184,2.658
18-Oct,2.107,2.141,2.614
21-Oct,2.176,2.254,2.737
22-Oct,2.189,2.28,2.766
23-Oct,2.122,2.238,2.736
24-Oct,2.096,2.197,2.689
25-Oct,2.145,2.246,2.73
28-Oct,2.127,2.226,2.702
29-Oct,2.157,2.26,2.738
30-Oct,2.204,2.322,2.786
31-Oct,2.214,2.314,2.791
1-Nov,2.237,2.351,2.855
4-Nov,2.251,2.376,2.867
5-Nov,2.284,2.409,2.882
6-Nov,2.215,2.368,2.9
7-Nov,2.255,2.403,2.929
8-Nov,2.231,2.356,2.862
11-Nov,2.212,2.311,2.814
12-Nov,2.196,2.336,2.851
13-Nov,2.206,2.335,2.846
14-Nov,2.172,2.263,2.786
15-Nov,2.183,2.279,2.79
18-Nov,2.215,2.295,2.809
19-Nov,2.183,2.262,2.782
20-Nov,2.178,2.271,2.798
21-Nov,2.162,2.253,2.786
22-Nov,2.048,2.178,2.716
25-Nov,2.084,2.166,2.685
26-Nov,2.082,2.164,2.692
27-Nov,2.083,2.139,2.65
28-Nov,2.044,2.084,2.595
29-Nov,2.014,2.045,2.531
2-Dec,1.992,2.021,2.512
3-Dec,2.001,2.025,2.505
4-Dec,2.042,2.041,2.505
5-Dec,2.069,2.069,2.511
6-Dec,2.058,2.055,2.509
9-Dec,2.06,2.049,2.511
10-Dec,2.044,2.037,2.517
11-Dec,1.998,2.021,2.516
12-Dec,2.063,2.127,2.639
13-Dec,2.108,2.173,2.701
16-Dec,2.101,2.174,2.732
17-Dec,2.096,2.169,2.723
18-Dec,2.075,2.161,2.72
19-Dec,2.1,2.203,2.78
20-Dec,2.083,2.183,2.758
23-Dec,2.107,2.225,2.802
24-Dec,2.103,2.226,2.802
25-Dec,2.103,2.226,2.802
26-Dec,2.103,2.226,2.802
27-Dec,2.107,2.265,2.865
30-Dec,2.106,2.232,2.842
31-Dec,2.104,2.232,2.842
1-Jan,2.104,2.232,2.842
2-Jan,2.123,2.252,2.847
3-Jan,2.187,2.311,2.9
6-Jan,2.193,2.329,2.903
7-Jan,2.197,2.343,2.941
8-Jan,2.204,2.381,2.991
9-Jan,2.228,2.43,2.999
10-Jan,2.283,2.48,3.028
13-Jan,2.285,2.508,3.074
14-Jan,2.295,2.526,3.095
15-Jan,2.219,2.416,2.982
16-Jan,2.195,2.396,2.966
17-Jan,2.192,2.398,2.952
20-Jan,2.188,2.384,2.941
21-Jan,2.158,2.376,2.922
22-Jan,2.166,2.388,2.931
23-Jan,2.189,2.416,2.966
24-Jan,2.249,2.437,2.972
27-Jan,2.207,2.403,2.943
28-Jan,2.209,2.415,2.961
29-Jan,2.209,2.422,2.97
30-Jan,2.156,2.364,2.912
31-Jan,2.073,2.299,2.869
3-Feb,1.995,2.232,2.812
4-Feb,2.003,2.249,2.818
5-Feb,1.995,2.232,2.791
6-Feb,2.008,2.239,2.797
7-Feb,1.963,2.244,2.808
10-Feb,1.979,2.227,2.801
11-Feb,2.016,2.291,2.875
12-Feb,2.055,2.338,2.907
13-Feb,2.02,2.28,2.847
14-Feb,2.027,2.303,2.87
17-Feb,2.08,2.332,2.909
18-Feb,2.075,2.329,2.908
19-Feb,2.13,2.397,2.988
20-Feb,2.107,2.375,2.969
21-Feb,2.067,2.322,2.908
24-Feb,2.043,2.454,3
25-Feb,2.013,2.42,2.973
26-Feb,1.995,2.384,2.932
27-Feb,1.988,2.374,2.932
28-Feb,1.985,2.375,2.934
3-Mar,2.022,2.412,2.993
4-Mar,1.999,2.409,3.012
5-Mar,2.231,2.668,3.289
6-Mar,2.252,2.705,3.341
7-Mar,2.222,2.704,3.354
10-Mar,2.203,2.687,3.362
11-Mar,2.179,2.687,3.392
12-Mar,2.212,2.676,3.36
13-Mar,2.175,2.671,3.365
14-Mar,2.189,2.684,3.371
17-Mar,2.182,2.644,3.304
18-Mar,2.186,2.653,3.304
19-Mar,2.205,2.658,3.296
20-Mar,2.182,2.647,3.292
21-Mar,2.163,2.62,3.28
24-Mar,2.155,2.616,3.277
25-Mar,2.181,2.641,3.298
26-Mar,2.161,2.632,3.299
27-Mar,2.104,2.591,3.275
28-Mar,2.059,2.554,3.238
31-Mar,2.076,2.57,3.255
1-Apr,2.048,2.522,3.198
2-Apr,2.043,2.537,3.228
3-Apr,1.986,2.484,3.188
4-Apr,1.911,2.434,3.164
7-Apr,1.877,2.464,3.231
8-Apr,1.905,2.495,3.234
9-Apr,1.834,2.453,3.232
10-Apr,1.862,2.429,3.197
11-Apr,1.886,2.439,3.182
14-Apr,1.815,2.344,3.092
15-Apr,1.837,2.37,3.123
16-Apr,1.821,2.341,3.094
17-Apr,1.76,2.287,3.05
18-Apr,1.76,2.288,3.05
21-Apr,1.76,2.288,3.05
22-Apr,1.742,2.253,3.018
23-Apr,1.8,2.291,3.046
24-Apr,1.738,2.212,2.973
25-Apr,1.788,2.246,3.002
28-Apr,1.793,2.293,3.058
29-Apr,1.786,2.284,3.047
30-Apr,1.74,2.228,3.001
1-May,1.74,2.228,3.001
2-May,1.803,2.305,3.075
5-May,1.789,2.28,3.048
6-May,1.757,2.282,3.069
7-May,1.74,2.238,3.004
8-May,1.789,2.277,3.045
9-May,1.817,2.324,3.081
12-May,1.927,2.424,3.158
13-May,1.951,2.449,3.187
14-May,1.973,2.46,3.193
15-May,1.915,2.386,3.113
16-May,1.907,2.377,3.091
19-May,1.903,2.376,3.088
20-May,1.893,2.372,3.094
21-May,1.907,2.408,3.137
22-May,1.876,2.397,3.134
23-May,1.811,2.331,3.073
26-May,1.827,2.327,3.058
27-May,1.824,2.305,3.021
28-May,1.846,2.32,3.04
29-May,1.813,2.28,3
30-May,1.798,2.261,2.969
2-Jun,1.797,2.274,2.986
3-Jun,1.796,2.28,2.993
4-Jun,1.806,2.293,3
5-Jun,1.873,2.346,3.046
6-Jun,1.88,2.356,3.046
9-Jun,1.864,2.344,3.033
10-Jun,1.841,2.305,2.982
11-Jun,1.851,2.319,2.999
12-Jun,1.833,2.293,2.962
13-Jun,1.89,2.371,3.037
16-Jun,1.873,2.355,3.02
17-Jun,1.898,2.38,3.044
18-Jun,1.865,2.342,3.003
19-Jun,1.877,2.375,3.046
20-Jun,1.865,2.355,3.026
23-Jun,1.851,2.344,3.007
24-Jun,1.854,2.339,3.02
25-Jun,1.857,2.365,3.042
26-Jun,1.835,2.35,3.028
27-Jun,1.864,2.368,3.037
30-Jun,1.859,2.376,3.053
1-Jul,1.857,2.354,3.025
2-Jul,1.88,2.394,3.09
3-Jul,1.853,2.354,3.043
4-Jul,1.832,2.339,3.04
7-Jul,1.86,2.377,3.081
8-Jul,1.892,2.418,3.123
9-Jul,1.89,2.409,3.111
10-Jul,1.915,2.435,3.137
11-Jul,1.921,2.445,3.151
14-Jul,1.899,2.443,3.165
15-Jul,1.886,2.424,3.146
16-Jul,1.872,2.395,3.12
17-Jul,1.875,2.394,3.114
18-Jul,1.887,2.407,3.133
21-Jul,1.837,2.332,3.042
22-Jul,1.829,2.328,3.035
23-Jul,1.855,2.345,3.051
24-Jul,1.94,2.437,3.131
25-Jul,1.958,2.449,3.143
28-Jul,1.919,2.409,3.106
29-Jul,1.948,2.432,3.123
30-Jul,1.963,2.445,3.131
31-Jul,1.964,2.445,3.115
1-Aug,1.929,2.42,3.105
4-Aug,1.897,2.368,3.038
5-Aug,1.907,2.363,3.035
6-Aug,1.92,2.38,3.059
7-Aug,1.914,2.365,3.033
8-Aug,1.94,2.407,3.083
11-Aug,1.956,2.418,3.089
12-Aug,1.965,2.441,3.132
13-Aug,1.928,2.389,3.063
14-Aug,1.95,2.416,3.096
15-Aug,1.988,2.48,3.177
18-Aug,1.962,2.456,3.154
19-Aug,1.963,2.451,3.148
20-Aug,1.941,2.426,3.123
21-Aug,1.974,2.47,3.17
22-Aug,1.949,2.431,3.129
25-Aug,1.996,2.49,3.196
26-Aug,1.965,2.439,3.147
27-Aug,1.952,2.432,3.148
28-Aug,1.949,2.426,3.137
29-Aug,1.963,2.454,3.176
1-Sep,1.982,2.469,3.189
2-Sep,2.004,2.507,3.229
3-Sep,1.973,2.464,3.177
4-Sep,1.962,2.43,3.137
5-Sep,1.914,2.379,3.083
8-Sep,1.914,2.361,3.059
9-Sep,1.936,2.385,3.079
10-Sep,1.949,2.377,3.07
11-Sep,1.977,2.392,3.064
12-Sep,2.018,2.441,3.124
15-Sep,2.011,2.415,3.084
16-Sep,2.004,2.413,3.091
17-Sep,1.996,2.404,3.078
18-Sep,2.011,2.44,3.126
19-Sep,2.012,2.449,3.143
22-Sep,2.02,2.455,3.154
23-Sep,2.02,2.457,3.145
24-Sep,2.022,2.458,3.152
25-Sep,2.053,2.497,3.19
26-Sep,2.045,2.474,3.169
29-Sep,2.026,2.442,3.12
30-Sep,2.021,2.433,3.113
1-Oct,2.004,2.421,3.11
2-Oct,2.008,2.417,3.098
3-Oct,2.011,2.414,3.087
6-Oct,1.997,2.421,3.111
7-Oct,2.007,2.423,3.11
8-Oct,1.989,2.391,3.071
9-Oct,1.99,2.412,3.095
10-Oct,1.961,2.37,3.045
13-Oct,1.94,2.348,3.027
14-Oct,1.918,2.314,2.984
15-Oct,1.904,2.284,2.95
16-Oct,1.891,2.271,2.938
17-Oct,1.888,2.284,2.956
20-Oct,1.877,2.283,2.953
21-Oct,1.883,2.271,2.931
22-Oct,1.874,2.274,2.94
23-Oct,1.893,2.298,2.964
24-Oct,1.93,2.347,3.008
27-Oct,1.925,2.334,2.989
28-Oct,1.922,2.338,2.995
29-Oct,1.92,2.33,2.982
30-Oct,1.932,2.348,3.002
31-Oct,1.903,2.322,2.989
3-Nov,1.936,2.357,3.016
4-Nov,1.929,2.347,3.006
5-Nov,1.94,2.36,3.029
6-Nov,1.923,2.346,3.011
7-Nov,1.927,2.355,3.028
10-Nov,1.935,2.359,3.02
11-Nov,1.931,2.349,3.008
12-Nov,1.924,2.331,2.979
13-Nov,1.955,2.371,3.022
14-Nov,1.973,2.399,3.061
17-Nov,1.964,2.385,3.043
18-Nov,1.957,2.377,3.044
19-Nov,1.947,2.376,3.044
20-Nov,1.954,2.384,3.055
21-Nov,1.948,2.376,3.039
24-Nov,1.947,2.367,3.032
25-Nov,1.941,2.342,3
26-Nov,1.935,2.336,2.992
27-Nov,1.945,2.35,3.001
28-Nov,1.949,2.349,3.002
1-Dec,1.985,2.402,3.063
2-Dec,1.986,2.4,3.06
3-Dec,2.033,2.401,3.071
4-Dec,2.052,2.431,3.097
5-Dec,2.068,2.45,3.11
8-Dec,2.131,2.526,3.181
9-Dec,2.125,2.514,3.161
10-Dec,2.14,2.533,3.175
11-Dec,2.134,2.515,3.15
12-Dec,2.129,2.521,3.168
15-Dec,2.127,2.523,3.161
16-Dec,2.078,2.496,3.141
17-Dec,2.075,2.51,3.158
18-Dec,2.081,2.491,3.137
19-Dec,2.093,2.526,3.183
22-Dec,2.088,2.526,3.191
23-Dec,2.073,2.494,3.148
24-Dec,2.075,2.495,3.148
25-Dec,2.075,2.495,3.148
26-Dec,2.075,2.495,3.148
29-Dec,2.041,2.455,3.109
30-Dec,2.047,2.48,3.146
31-Dec,2.053,2.483,3.146
1-Jan,2.053,2.483,3.146
2-Jan,2.078,2.517,3.198
5-Jan,2.061,2.491,3.163
6-Jan,2.029,2.466,3.137
7-Jan,2.022,2.443,3.108
8-Jan,2.025,2.446,3.109
9-Jan,2.04,2.443,3.103
12-Jan,2.02,2.429,3.083
13-Jan,2.02,2.438,3.095
14-Jan,2.01,2.42,3.076
15-Jan,2.1,2.595,3.203
16-Jan,2.113,2.608,3.21
19-Jan,2.09,2.602,3.218
20-Jan,2.096,2.617,3.243
21-Jan,2.112,2.638,3.265
22-Jan,2.133,2.64,3.259
23-Jan,2.142,2.649,3.262
26-Jan,2.123,2.623,3.223
27-Jan,2.122,2.625,3.223
28-Jan,2.105,2.605,3.21
29-Jan,2.09,2.588,3.192
30-Jan,2.1,2.591,3.197
2-Feb,2.129,2.614,3.215
3-Feb,2.138,2.628,3.239
4-Feb,2.114,2.603,3.213
5-Feb,2.111,2.601,3.203
6-Feb,2.12,2.597,3.207
9-Feb,2.107,2.584,3.195
10-Feb,2.095,2.558,3.16
11-Feb,2.092,2.547,3.144
12-Feb,2.083,2.538,3.134
13-Feb,2.071,2.517,3.115
16-Feb,2.075,2.52,3.119
17-Feb,2.075,2.509,3.1
18-Feb,2.07,2.507,3.098
19-Feb,2.077,2.507,3.096
20-Feb,2.081,2.5,3.078
23-Feb,2.059,2.471,3.057
24-Feb,2.063,2.469,3.052
25-Feb,2.066,2.469,3.047
26-Feb,2.055,2.456,3.035
27-Feb,2.026,2.42,2.999
2-Mar,2.114,2.499,3.07
3-Mar,2.199,2.571,3.138
4-Mar,2.166,2.554,3.123
5-Mar,2.281,2.662,3.225
6-Mar,2.356,2.731,3.283
9-Mar,2.374,2.737,3.287
10-Mar,2.285,2.658,3.228
11-Mar,2.419,2.777,3.342
12-Mar,2.47,2.826,3.395
13-Mar,2.503,2.86,3.431
16-Mar,2.449,2.808,3.38
17-Mar,2.425,2.76,3.318
18-Mar,2.497,2.819,3.368
19-Mar,2.623,2.886,3.402
20-Mar,2.735,3.001,3.512
23-Mar,2.633,2.916,3.453
24-Mar,2.724,2.984,3.508
25-Mar,2.65,2.897,3.416
26-Mar,2.767,3.027,3.549
27-Mar,2.757,3.035,3.575
30-Mar,2.7,2.974,3.504
31-Mar,2.671,2.926,3.447
1-Apr,2.638,2.888,3.405
2-Apr,2.654,2.891,3.412
3-Apr,2.654,2.891,3.412
6-Apr,2.654,2.891,3.412
7-Apr,2.765,2.998,3.51
8-Apr,2.544,2.793,3.329
9-Apr,2.589,2.831,3.374
10-Apr,2.661,2.917,3.458
13-Apr,2.704,2.962,3.499
14-Apr,2.603,2.87,3.412
15-Apr,2.612,2.886,3.436
16-Apr,2.583,2.87,3.424
17-Apr,2.478,2.772,3.332
20-Apr,2.518,2.803,3.364
21-Apr,2.577,2.858,3.405
22-Apr,2.606,2.875,3.412
23-Apr,2.605,2.883,3.42
24-Apr,2.577,2.857,3.397
27-Apr,2.613,2.899,3.438
28-Apr,2.685,2.946,3.475
29-Apr,2.77,3.016,3.525
30-Apr,2.668,2.924,3.438
1-May,2.668,2.924,3.438
4-May,2.743,2.993,3.503
5-May,2.688,2.935,3.45
6-May,2.577,2.838,3.361
7-May,2.595,2.849,3.364
8-May,2.603,2.846,3.361
11-May,2.649,2.889,3.4
12-May,2.724,2.965,3.472
13-May,2.711,2.951,3.46
14-May,2.652,2.889,3.398
15-May,2.762,3.02,3.542
18-May,2.721,2.986,3.51
19-May,2.776,3.039,3.564
20-May,2.667,2.93,3.459
21-May,2.692,2.953,3.472
22-May,2.636,2.893,3.408
25-May,2.531,2.789,3.309
26-May,2.583,2.83,3.344
27-May,2.579,2.834,3.35
28-May,2.555,2.806,3.321
29-May,2.521,2.777,3.295
1-Jun,2.613,2.86,3.369
2-Jun,2.581,2.833,3.332
3-Jun,2.643,2.899,3.398
4-Jun,2.627,2.887,3.385
5-Jun,2.651,2.915,3.409
8-Jun,2.666,2.937,3.437
9-Jun,2.627,2.905,3.417
10-Jun,2.681,2.953,3.457
11-Jun,2.645,2.908,3.409
12-Jun,2.582,2.855,3.36
15-Jun,2.535,2.804,3.313
16-Jun,2.526,2.784,3.285
17-Jun,2.538,2.792,3.282
18-Jun,2.565,2.81,3.289
19-Jun,2.608,2.859,3.343
22-Jun,2.572,2.825,3.307
23-Jun,2.553,2.804,3.283
24-Jun,2.523,2.762,3.235
25-Jun,2.505,2.76,3.235
26-Jun,2.504,2.755,3.237
29-Jun,2.523,2.765,3.239
30-Jun,2.513,2.762,3.24
1-Jul,2.507,2.774,3.265
2-Jul,2.491,2.783,3.288
3-Jul,2.526,2.814,3.313
6-Jul,2.53,2.816,3.324
7-Jul,2.578,2.868,3.372
8-Jul,2.703,2.992,3.483
9-Jul,2.634,2.927,3.424
10-Jul,2.635,2.915,3.401
13-Jul,2.71,2.979,3.458
14-Jul,2.722,2.99,3.465
15-Jul,2.715,2.994,3.476
16-Jul,2.737,3.008,3.486
17-Jul,2.755,3.016,3.483
20-Jul,2.755,3.023,3.501
21-Jul,2.771,3.041,3.518
22-Jul,2.806,3.063,3.528
23-Jul,2.847,3.111,3.569
24-Jul,2.8,3.061,3.526
27-Jul,2.759,3.016,3.486
28-Jul,2.719,2.972,3.446
29-Jul,2.787,3.049,3.517
30-Jul,2.732,3.012,3.494
31-Jul,2.794,3.066,3.546
3-Aug,2.74,3.005,3.482
4-Aug,2.684,2.944,3.429
5-Aug,2.699,2.963,3.445
6-Aug,2.72,2.992,3.474
7-Aug,2.708,2.972,3.455
10-Aug,2.768,3.028,3.511
11-Aug,2.757,3.013,3.497
12-Aug,2.759,3.018,3.494
13-Aug,2.733,2.983,3.458
14-Aug,2.775,3.048,3.539
17-Aug,2.782,3.059,3.556
18-Aug,2.836,3.114,3.605
19-Aug,2.843,3.117,3.595
20-Aug,2.837,3.119,3.602
21-Aug,2.834,3.125,3.607
24-Aug,2.85,3.126,3.602
25-Aug,2.791,3.064,3.545
26-Aug,2.818,3.098,3.582
27-Aug,2.84,3.117,3.598
28-Aug,2.89,3.158,3.626
31-Aug,2.916,3.195,3.672
1-Sep,2.944,3.22,3.683
2-Sep,2.98,3.255,3.714
3-Sep,2.942,3.208,3.666
4-Sep,2.928,3.202,3.666
7-Sep,2.987,3.258,3.717
8-Sep,2.98,3.247,3.701
9-Sep,3.053,3.333,3.787
10-Sep,3.226,3.456,3.877
11-Sep,3.184,3.426,3.86
14-Sep,3.255,3.467,3.879
