,GTESP2Y Govt,GTESP5Y Govt,GTESP10Y Govt
,Last Price,Last Price,Last Price
Dates,PX_LAST,PX_LAST,PX_LAST
1-Jan,3.078,3.276,3.98
4-Jan,3.078,3.275,3.899
5-Jan,3.102,3.269,3.901
6-Jan,3.041,3.239,3.876
7-Jan,3.089,3.297,3.943
8-Jan,3.05,3.266,3.928
11-Jan,3.09,3.3,4.001
12-Jan,3.047,3.461,3.968
13-Jan,3.02,3.428,3.979
14-Jan,2.993,3.4,3.954
15-Jan,2.935,3.39,3.949
18-Jan,2.918,3.359,3.926
19-Jan,2.9,3.335,3.896
20-Jan,2.928,3.366,3.921
21-Jan,2.9,3.346,3.885
22-Jan,2.892,3.325,3.864
25-Jan,2.89,3.334,3.881
26-Jan,2.882,3.311,3.865
27-Jan,2.879,3.308,3.875
28-Jan,2.881,3.322,3.873
29-Jan,2.889,3.326,3.876
1-Feb,2.942,3.377,3.914
2-Feb,2.934,3.381,3.923
3-Feb,2.966,3.396,3.955
4-Feb,3,3.449,4.023
5-Feb,2.982,3.416,3.985
8-Feb,3.015,3.471,4.038
9-Feb,2.986,3.435,3.996
10-Feb,2.973,3.433,3.994
11-Feb,2.97,3.419,3.977
12-Feb,2.988,3.455,4.03
15-Feb,3.027,3.524,4.119
16-Feb,3.019,3.522,4.119
17-Feb,3.011,3.508,4.112
18-Feb,3.029,3.53,4.138
19-Feb,2.995,3.5,4.117
22-Feb,2.971,3.482,4.108
23-Feb,2.952,3.468,4.081
24-Feb,2.986,3.496,4.1
25-Feb,3.042,3.572,4.188
26-Feb,3.108,3.634,4.23
1-Mar,3.18,3.75,4.355
2-Mar,3.161,3.726,4.325
3-Mar,3.18,3.757,4.387
4-Mar,3.178,3.791,4.42
5-Mar,3.036,3.612,4.25
8-Mar,3.049,3.637,4.305
9-Mar,3.062,3.659,4.361
10-Mar,3.038,3.63,4.33
11-Mar,2.992,3.582,4.298
12-Mar,3,3.555,4.285
15-Mar,2.997,3.551,4.273
16-Mar,2.978,3.541,4.238
17-Mar,2.964,3.507,4.192
18-Mar,2.928,3.476,4.174
19-Mar,2.969,3.496,4.185
22-Mar,2.966,3.525,4.229
23-Mar,2.979,3.539,4.247
24-Mar,2.943,3.526,4.258
25-Mar,2.924,3.506,4.243
26-Mar,2.959,3.581,4.347
29-Mar,2.934,3.528,4.332
30-Mar,2.893,3.514,4.302
31-Mar,2.866,3.487,4.259
1-Apr,2.841,3.473,4.249
2-Apr,2.853,3.482,4.254
5-Apr,2.835,3.469,4.249
6-Apr,2.804,3.402,4.164
7-Apr,2.823,3.385,4.136
8-Apr,2.842,3.401,4.148
9-Apr,2.738,3.322,4.075
12-Apr,2.735,3.28,4.03
13-Apr,2.737,3.32,4.084
14-Apr,2.744,3.326,4.076
15-Apr,2.769,3.358,4.127
16-Apr,2.76,3.344,4.14
19-Apr,2.734,3.317,4.129
20-Apr,2.702,3.285,4.093
21-Apr,2.686,3.28,4.089
22-Apr,2.694,3.284,4.099
23-Apr,2.674,3.265,4.087
26-Apr,2.693,3.286,4.121
27-Apr,2.667,3.253,4.097
28-Apr,2.685,3.273,4.124
29-Apr,2.647,3.242,4.09
30-Apr,2.678,3.273,4.133
3-May,2.68,3.283,4.134
4-May,2.711,3.325,4.192
5-May,2.724,3.341,4.212
6-May,2.75,3.372,4.25
7-May,2.723,3.355,4.237
10-May,2.696,3.362,4.279
11-May,2.688,3.378,4.303
12-May,2.672,3.361,4.304
13-May,2.678,3.347,4.255
14-May,2.769,3.452,4.406
17-May,2.748,3.446,4.393
18-May,2.715,3.446,4.369
19-May,2.77,3.491,4.383
20-May,2.754,3.481,4.345
21-May,2.709,3.443,4.314
24-May,2.729,3.428,4.289
25-May,2.708,3.412,4.318
26-May,2.709,3.42,4.308
27-May,2.754,3.474,4.368
28-May,2.756,3.503,4.412
31-May,2.783,3.524,4.433
1-Jun,2.876,3.625,4.522
2-Jun,2.915,3.678,4.568
3-Jun,2.863,3.644,4.529
4-Jun,2.914,3.693,4.579
7-Jun,2.886,3.665,4.533
8-Jun,2.877,3.678,4.527
9-Jun,2.873,3.67,4.546
10-Jun,2.987,3.811,4.662
11-Jun,2.965,3.805,4.649
14-Jun,2.968,3.809,4.628
15-Jun,2.952,3.805,4.587
16-Jun,2.924,3.771,4.556
17-Jun,2.933,3.743,4.517
18-Jun,2.917,3.728,4.509
21-Jun,3.001,3.816,4.596
22-Jun,2.797,3.883,4.556
23-Jun,2.786,3.698,4.561
24-Jun,3.137,3.701,4.562
25-Jun,2.779,3.703,4.564
28-Jun,2.775,3.705,4.565
29-Jun,3.096,4.043,4.766
30-Jun,3.093,4.031,4.766
1-Jul,3.096,4.066,4.822
2-Jul,3.08,4.071,4.838
5-Jul,3.084,4.056,4.859
6-Jul,3.1,4.131,4.933
7-Jul,3.11,4.214,5.002
8-Jul,3.165,4.292,5.024
9-Jul,3.158,4.263,4.976
12-Jul,3.153,4.248,4.958
13-Jul,3.086,4.148,4.877
14-Jul,3.079,4.154,4.885
15-Jul,3.228,4.313,5.016
16-Jul,3.228,4.308,4.987
19-Jul,3.267,4.343,4.998
20-Jul,3.231,4.254,4.915
21-Jul,3.159,4.145,4.843
22-Jul,3.199,4.159,4.873
23-Jul,3.206,4.172,4.894
26-Jul,3.186,4.149,4.918
27-Jul,3.201,4.19,4.929
28-Jul,3.192,4.2,4.929
29-Jul,3.258,4.302,5.025
30-Jul,3.322,4.399,5.07
2-Aug,3.393,4.498,5.152
3-Aug,3.39,4.505,5.16
4-Aug,3.356,4.506,5.17
5-Aug,3.417,4.604,5.264
6-Aug,3.448,4.689,5.346
9-Aug,3.441,4.679,5.349
10-Aug,3.406,4.639,5.291
11-Aug,3.381,4.585,5.278
12-Aug,3.322,4.486,5.181
13-Aug,3.298,4.436,5.145
16-Aug,3.3,4.46,5.152
17-Aug,3.304,4.417,5.119
18-Aug,3.279,4.349,5.083
19-Aug,3.268,4.338,5.085
20-Aug,3.245,4.328,5.071
23-Aug,3.248,4.326,5.052
24-Aug,3.274,4.373,5.067
25-Aug,3.217,4.31,4.999
26-Aug,3.278,4.356,5.031
27-Aug,3.332,4.394,5.078
30-Aug,3.38,4.459,5.162
31-Aug,3.371,4.465,5.164
1-Sep,3.395,4.493,5.189
2-Sep,3.429,4.584,5.261
3-Sep,3.297,4.501,5.192
6-Sep,3.294,4.481,5.194
7-Sep,3.406,4.602,5.319
8-Sep,3.401,4.598,5.288
9-Sep,3.425,4.624,5.29
10-Sep,3.412,4.607,5.294
13-Sep,3.471,4.685,5.379
14-Sep,3.472,4.689,5.397
15-Sep,3.492,4.749,5.447
16-Sep,3.401,4.654,5.374
17-Sep,3.371,4.589,5.311
20-Sep,3.383,4.628,5.344
21-Sep,3.417,4.645,5.35
22-Sep,3.4,4.64,5.36
23-Sep,3.368,4.604,5.324
24-Sep,3.369,4.517,5.249
27-Sep,3.434,4.615,5.307
28-Sep,3.423,4.635,5.324
29-Sep,3.443,4.659,5.351
30-Sep,3.462,4.638,5.325
1-Oct,3.581,4.78,5.408
4-Oct,3.632,4.815,5.416
5-Oct,3.64,4.789,5.409
6-Oct,3.689,4.819,5.435
7-Oct,3.666,4.802,5.438
8-Oct,3.681,4.823,5.452
11-Oct,3.725,4.857,5.463
12-Oct,3.785,4.95,5.548
13-Oct,3.815,4.951,5.549
14-Oct,3.901,5.072,5.672
15-Oct,3.867,5.019,5.625
18-Oct,3.854,5.004,5.63
19-Oct,3.851,4.997,5.603
20-Oct,3.913,5.09,5.69
21-Oct,3.847,5.023,5.608
22-Oct,3.836,5.013,5.606
25-Oct,3.892,5.098,5.686
26-Oct,3.882,5.087,5.653
27-Oct,3.84,4.997,5.553
28-Oct,3.77,4.915,5.463
29-Oct,3.745,4.845,5.366
1-Nov,3.769,4.849,5.352
2-Nov,3.728,4.802,5.285
3-Nov,3.757,4.844,5.346
4-Nov,3.708,4.758,5.256
5-Nov,3.691,4.707,5.206
8-Nov,3.621,4.626,5.137
9-Nov,3.646,4.629,5.169
10-Nov,3.668,4.672,5.206
11-Nov,3.641,4.639,5.199
12-Nov,3.58,4.549,5.108
15-Nov,3.623,4.594,5.146
16-Nov,3.592,4.54,5.085
17-Nov,3.703,4.674,5.2
18-Nov,3.738,4.716,5.243
19-Nov,3.785,4.764,5.29
22-Nov,3.789,4.759,5.298
23-Nov,3.779,4.748,5.299
24-Nov,3.823,4.832,5.38
25-Nov,3.822,4.835,5.381
26-Nov,3.851,4.891,5.435
29-Nov,3.864,4.91,5.454
30-Nov,3.786,4.81,5.335
1-Dec,3.764,4.772,5.306
2-Dec,3.838,4.863,5.399
3-Dec,3.803,4.812,5.35
6-Dec,3.755,4.723,5.25
7-Dec,3.737,4.691,5.223
8-Dec,3.761,4.73,5.274
9-Dec,3.756,4.692,5.231
10-Dec,3.732,4.618,5.154
13-Dec,3.756,4.656,5.199
14-Dec,3.8,4.714,5.268
15-Dec,3.787,4.685,5.232
16-Dec,3.901,4.835,5.382
17-Dec,3.931,4.892,5.438
20-Dec,3.943,4.896,5.454
21-Dec,3.923,4.857,5.425
22-Dec,3.938,4.866,5.438
23-Dec,3.921,4.835,5.406
24-Dec,3.918,4.836,5.408
27-Dec,3.915,4.834,5.409
28-Dec,3.95,4.891,5.474
29-Dec,3.95,4.92,5.5
30-Dec,3.98,4.966,5.551
31-Dec,3.971,4.987,5.558
3-Jan,4.043,5.107,5.662
4-Jan,4,5.097,5.675
5-Jan,4.494,5.225,5.729
6-Jan,4.489,5.243,5.764
7-Jan,4.414,5.12,5.667
10-Jan,4.379,5.092,5.635
11-Jan,4.48,5.221,5.755
12-Jan,4.49,5.248,5.777
13-Jan,4.443,5.244,5.731
14-Jan,4.456,5.258,5.774
17-Jan,4.45,5.264,5.789
18-Jan,4.49,5.323,5.876
19-Jan,4.445,5.283,5.828
20-Jan,4.461,5.305,5.815
21-Jan,4.466,5.309,5.81
24-Jan,4.479,5.311,5.805
25-Jan,4.433,5.253,5.741
26-Jan,4.461,5.279,5.743
27-Jan,4.572,5.399,5.857
28-Jan,4.553,5.394,5.859
31-Jan,4.531,5.329,5.771
1-Feb,4.47,5.242,5.686
2-Feb,4.483,5.261,5.702
3-Feb,4.493,5.273,5.673
4-Feb,4.535,5.333,5.735
7-Feb,4.562,5.356,5.762
8-Feb,4.526,5.314,5.706
9-Feb,4.564,5.364,5.751
10-Feb,4.573,5.396,5.827
11-Feb,4.536,5.388,5.824
14-Feb,4.492,5.344,5.764
15-Feb,4.556,5.361,5.79
16-Feb,4.575,5.388,5.825
17-Feb,4.607,5.392,5.82
18-Feb,4.638,5.404,5.799
21-Feb,4.633,5.349,5.733
22-Feb,4.543,5.231,5.628
23-Feb,4.559,5.253,5.663
24-Feb,4.501,5.199,5.62
25-Feb,4.528,5.223,5.673
28-Feb,4.552,5.269,5.711
29-Feb,4.561,5.284,5.727
1-Mar,4.568,5.274,5.706
2-Mar,4.601,5.315,5.746
3-Mar,4.58,5.266,5.674
6-Mar,4.593,5.269,5.672
7-Mar,4.601,5.246,5.649
8-Mar,4.604,5.248,5.672
9-Mar,4.561,5.158,5.554
10-Mar,4.613,5.199,5.586
13-Mar,4.597,5.164,5.537
14-Mar,4.616,5.208,5.579
15-Mar,4.616,5.196,5.553
16-Mar,4.568,5.122,5.487
17-Mar,4.562,5.108,5.464
20-Mar,4.542,5.104,5.46
21-Mar,4.518,5.076,5.439
22-Mar,4.555,5.106,5.475
23-Mar,4.536,5.064,5.426
24-Mar,4.578,5.113,5.477
27-Mar,4.621,5.173,5.547
28-Mar,4.581,5.125,5.5
29-Mar,4.61,5.155,5.533
30-Mar,4.574,5.109,5.483
31-Mar,4.561,5.071,5.441
3-Apr,4.553,5.058,5.423
4-Apr,4.541,5.056,5.415
5-Apr,4.459,4.98,5.362
6-Apr,4.526,5.065,5.435
7-Apr,4.535,5.055,5.416
10-Apr,4.53,5.042,5.391
11-Apr,4.538,5.034,5.386
12-Apr,4.57,5.065,5.414
13-Apr,4.583,5.085,5.43
14-Apr,4.6,5.12,5.452
17-Apr,4.594,5.085,5.466
18-Apr,4.588,5.11,5.488
19-Apr,4.614,5.137,5.506
20-Apr,4.642,5.168,5.52
21-Apr,4.632,5.174,5.518
24-Apr,4.629,5.152,5.516
25-Apr,4.678,5.218,5.564
26-Apr,4.672,5.178,5.503
27-Apr,4.721,5.195,5.521
28-Apr,4.728,5.198,5.517
1-May,4.723,5.198,5.513
2-May,4.8,5.282,5.564
3-May,4.9,5.36,5.661
4-May,4.949,5.422,5.708
5-May,4.976,5.446,5.721
8-May,4.942,5.41,5.677
9-May,4.92,5.387,5.638
10-May,4.9,5.347,5.614
11-May,5.003,5.457,5.708
12-May,5.026,5.448,5.678
15-May,4.979,5.416,5.659
16-May,4.992,5.406,5.63
17-May,5.125,5.514,5.704
18-May,5.126,5.523,5.705
19-May,5.155,5.53,5.724
22-May,5.11,5.471,5.646
23-May,5.102,5.458,5.628
24-May,5.045,5.395,5.593
25-May,5.021,5.341,5.543
26-May,4.963,5.258,5.47
29-May,5.006,5.307,5.523
30-May,5.073,5.329,5.516
31-May,5.075,5.322,5.475
1-Jun,5.066,5.276,5.391
2-Jun,4.968,5.172,5.358
5-Jun,4.945,5.154,5.367
6-Jun,4.937,5.172,5.409
7-Jun,4.902,5.164,5.408
8-Jun,5.109,5.324,5.484
9-Jun,5.086,5.291,5.444
12-Jun,5.077,5.29,5.455
13-Jun,5.033,5.227,5.401
14-Jun,5.03,5.245,5.464
15-Jun,4.966,5.212,5.461
16-Jun,4.936,5.162,5.386
19-Jun,4.983,5.182,5.393
20-Jun,5.013,5.208,5.397
21-Jun,5.094,5.302,5.485
22-Jun,5.103,5.329,5.514
23-Jun,5.138,5.361,5.545
26-Jun,5.126,5.345,5.528
27-Jun,5.129,5.349,5.531
28-Jun,5.145,5.357,5.535
29-Jun,5.094,5.293,5.488
30-Jun,5.101,5.287,5.506
3-Jul,5.137,5.345,5.566
4-Jul,5.141,5.362,5.572
5-Jul,5.088,5.314,5.531
6-Jul,5.138,5.394,5.593
7-Jul,5.116,5.353,5.537
10-Jul,5.134,5.373,5.562
11-Jul,5.133,5.354,5.519
12-Jul,5.174,5.389,5.557
13-Jul,5.19,5.375,5.54
14-Jul,5.245,5.423,5.59
17-Jul,5.262,5.445,5.614
18-Jul,5.277,5.454,5.613
19-Jul,5.276,5.44,5.591
20-Jul,5.255,5.409,5.545
21-Jul,5.25,5.402,5.528
24-Jul,5.272,5.411,5.526
25-Jul,5.244,5.371,5.484
26-Jul,5.214,5.337,5.439
27-Jul,5.241,5.355,5.445
28-Jul,5.242,5.365,5.474
31-Jul,5.241,5.373,5.484
1-Aug,5.197,5.322,5.439
2-Aug,5.211,5.338,5.46
3-Aug,5.222,5.353,5.47
4-Aug,5.212,5.347,5.474
7-Aug,5.169,5.312,5.452
8-Aug,5.187,5.343,5.478
9-Aug,5.211,5.339,5.46
10-Aug,5.183,5.307,5.434
11-Aug,5.265,5.35,5.435
14-Aug,5.297,5.387,5.468
15-Aug,5.317,5.418,5.505
16-Aug,5.359,5.456,5.521
17-Aug,5.358,5.453,5.516
18-Aug,5.362,5.454,5.507
21-Aug,5.419,5.507,5.553
22-Aug,5.389,5.482,5.533
23-Aug,5.352,5.451,5.513
24-Aug,5.346,5.441,5.518
25-Aug,5.368,5.465,5.535
28-Aug,5.38,5.482,5.556
29-Aug,5.37,5.497,5.608
30-Aug,5.364,5.497,5.607
31-Aug,5.331,5.475,5.602
1-Sep,5.247,5.359,5.487
4-Sep,5.239,5.359,5.492
5-Sep,5.267,5.381,5.507
6-Sep,5.325,5.455,5.536
7-Sep,5.321,5.471,5.559
8-Sep,5.319,5.488,5.59
11-Sep,5.313,5.487,5.585
12-Sep,5.299,5.477,5.592
13-Sep,5.267,5.447,5.576
14-Sep,5.245,5.42,5.564
15-Sep,5.208,5.406,5.588
18-Sep,5.211,5.429,5.634
19-Sep,5.176,5.401,5.62
20-Sep,5.183,5.404,5.627
21-Sep,5.173,5.377,5.581
22-Sep,5.127,5.325,5.542
25-Sep,5.217,5.404,5.582
26-Sep,5.192,5.378,5.551
27-Sep,5.197,5.384,5.578
28-Sep,5.199,5.375,5.554
29-Sep,5.175,5.347,5.521
2-Oct,5.145,5.34,5.525
3-Oct,5.129,5.33,5.523
4-Oct,5.147,5.339,5.526
5-Oct,5.195,5.362,5.539
6-Oct,5.22,5.354,5.525
9-Oct,5.156,5.306,5.493
10-Oct,5.165,5.308,5.493
11-Oct,5.123,5.266,5.453
12-Oct,5.093,5.239,5.449
13-Oct,5.114,5.251,5.487
16-Oct,5.149,5.281,5.49
17-Oct,5.157,5.288,5.491
18-Oct,5.15,5.282,5.486
19-Oct,5.188,5.314,5.488
20-Oct,5.21,5.325,5.48
23-Oct,5.239,5.331,5.487
24-Oct,5.234,5.327,5.486
25-Oct,5.246,5.354,5.53
26-Oct,5.236,5.338,5.515
27-Oct,5.21,5.308,5.493
30-Oct,5.217,5.321,5.5
31-Oct,5.221,5.331,5.5
1-Nov,5.175,5.306,5.482
2-Nov,5.187,5.314,5.488
3-Nov,5.191,5.321,5.49
6-Nov,5.192,5.331,5.507
7-Nov,5.197,5.345,5.523
8-Nov,5.199,5.358,5.536
9-Nov,5.177,5.336,5.514
10-Nov,5.146,5.315,5.503
13-Nov,5.152,5.28,5.502
14-Nov,5.166,5.282,5.502
15-Nov,5.152,5.274,5.498
16-Nov,5.143,5.256,5.482
17-Nov,5.14,5.249,5.486
20-Nov,5.145,5.247,5.472
21-Nov,5.162,5.265,5.487
22-Nov,5.135,5.233,5.438
23-Nov,5.145,5.243,5.449
24-Nov,5.147,5.24,5.442
27-Nov,5.147,5.238,5.439
28-Nov,5.109,5.194,5.405
29-Nov,5.059,5.165,5.397
30-Nov,4.989,5.088,5.325
1-Dec,4.984,5.085,5.325
4-Dec,4.945,5.03,5.289
5-Dec,4.923,5.007,5.286
6-Dec,4.847,4.946,5.27
7-Dec,4.834,4.948,5.281
8-Dec,4.855,4.977,5.292
11-Dec,4.883,5.007,5.305
12-Dec,4.893,5.012,5.324
13-Dec,4.832,4.952,5.261
14-Dec,4.794,4.916,5.236
15-Dec,4.758,4.87,5.193
18-Dec,4.711,4.821,5.17
19-Dec,4.746,4.848,5.22
20-Dec,4.677,4.807,5.202
21-Dec,4.672,4.827,5.217
22-Dec,4.657,4.836,5.222
25-Dec,4.652,4.824,5.216
26-Dec,4.66,4.817,5.223
27-Dec,4.62,4.804,5.215
28-Dec,4.646,4.835,5.251
29-Dec,4.584,4.753,5.193
1-Jan,4.589,4.739,5.188
2-Jan,4.479,4.643,5.086
3-Jan,4.463,4.645,5.061
4-Jan,4.418,4.651,5.07
5-Jan,4.34,4.589,5.033
8-Jan,4.351,4.597,5.041
9-Jan,4.444,4.678,5.083
10-Jan,4.517,4.74,5.124
11-Jan,4.496,4.703,5.086
12-Jan,4.606,4.784,5.158
15-Jan,4.606,4.784,5.158
16-Jan,4.568,4.777,5.188
17-Jan,4.578,4.775,5.164
18-Jan,4.513,4.732,5.147
19-Jan,4.493,4.726,5.17
22-Jan,4.517,4.745,5.19
23-Jan,4.499,4.715,5.168
24-Jan,4.577,4.782,5.197
25-Jan,4.63,4.827,5.199
26-Jan,4.619,4.809,5.179
29-Jan,4.598,4.796,5.177
30-Jan,4.533,4.744,5.149
31-Jan,4.477,4.699,5.119
1-Feb,4.487,4.703,5.109
2-Feb,4.512,4.708,5.104
5-Feb,4.49,4.685,5.088
6-Feb,4.516,4.701,5.098
7-Feb,4.493,4.687,5.084
8-Feb,4.525,4.73,5.115
9-Feb,4.498,4.697,5.087
12-Feb,4.493,4.698,5.083
13-Feb,4.481,4.684,5.087
14-Feb,4.509,4.708,5.108
15-Feb,4.593,4.793,5.169
16-Feb,4.56,4.771,5.15
19-Feb,4.547,4.757,5.139
20-Feb,4.577,4.779,5.164
21-Feb,4.584,4.789,5.186
22-Feb,4.611,4.807,5.195
23-Feb,4.577,4.775,5.164
26-Feb,4.554,4.755,5.166
27-Feb,4.468,4.671,5.098
28-Feb,4.468,4.669,5.093
1-Mar,4.477,4.674,5.089
2-Mar,4.475,4.667,5.079
5-Mar,4.506,4.694,5.103
6-Mar,4.51,4.679,5.102
7-Mar,4.48,4.678,5.102
8-Mar,4.446,4.649,5.058
9-Mar,4.462,4.661,5.063
12-Mar,4.462,4.658,5.053
13-Mar,4.479,4.669,5.083
14-Mar,4.42,4.629,5.06
15-Mar,4.402,4.612,5.062
16-Mar,4.343,4.561,5.031
19-Mar,4.372,4.593,5.048
20-Mar,4.392,4.609,5.059
21-Mar,4.295,4.54,5.014
22-Mar,4.204,4.445,4.959
23-Mar,4.221,4.48,4.981
26-Mar,4.224,4.48,4.996
27-Mar,4.246,4.5,5.025
28-Mar,4.262,4.517,5.017
29-Mar,4.266,4.536,5.053
30-Mar,4.258,4.526,5.048
2-Apr,4.269,4.638,5.067
3-Apr,4.26,4.63,5.065
4-Apr,4.266,4.661,5.106
5-Apr,4.279,4.676,5.11
6-Apr,4.227,4.621,5.059
9-Apr,4.217,4.613,5.072
10-Apr,4.262,4.661,5.116
11-Apr,4.426,4.782,5.187
12-Apr,4.491,4.813,5.189
13-Apr,4.511,4.83,5.189
16-Apr,4.496,4.824,5.193
17-Apr,4.523,4.837,5.228
18-Apr,4.492,4.842,5.256
19-Apr,4.519,4.872,5.31
20-Apr,4.511,4.861,5.271
23-Apr,4.491,4.831,5.243
24-Apr,4.592,4.894,5.288
25-Apr,4.559,4.882,5.283
26-Apr,4.484,4.816,5.239
27-Apr,4.563,4.892,5.306
30-Apr,4.687,5.006,5.366
1-May,4.71,5.012,5.361
2-May,4.659,4.975,5.354
3-May,4.622,4.94,5.314
4-May,4.576,4.882,5.28
7-May,4.557,4.877,5.279
8-May,4.552,4.872,5.278
9-May,4.49,4.838,5.261
10-May,4.341,4.773,5.259
11-May,4.378,4.828,5.34
14-May,4.42,4.892,5.406
15-May,4.438,4.91,5.405
16-May,4.409,4.891,5.383
17-May,4.426,4.882,5.37
18-May,4.465,4.903,5.369
21-May,4.456,4.897,5.376
22-May,4.496,4.928,5.42
23-May,4.483,4.937,5.447
24-May,4.457,4.936,5.461
25-May,4.483,4.96,5.488
28-May,4.421,4.924,5.466
29-May,4.432,4.909,5.441
30-May,4.412,4.911,5.446
31-May,4.43,4.949,5.465
1-Jun,4.357,4.848,5.363
4-Jun,4.327,4.827,5.362
5-Jun,4.272,4.758,5.309
6-Jun,4.286,4.785,5.344
7-Jun,4.296,4.805,5.387
8-Jun,4.306,4.825,5.38
11-Jun,4.303,4.813,5.362
12-Jun,4.34,4.841,5.376
13-Jun,4.38,4.86,5.374
14-Jun,4.327,4.796,5.313
15-Jun,4.315,4.78,5.311
18-Jun,4.285,4.759,5.299
19-Jun,4.293,4.774,5.324
20-Jun,4.262,4.744,5.302
21-Jun,4.248,4.714,5.263
22-Jun,4.217,4.684,5.25
25-Jun,4.187,4.671,5.261
26-Jun,4.211,4.705,5.292
27-Jun,4.214,4.699,5.286
28-Jun,4.233,4.727,5.336
29-Jun,4.316,4.818,5.417
2-Jul,4.283,4.796,5.411
3-Jul,4.346,4.848,5.44
4-Jul,4.348,4.858,5.435
5-Jul,4.377,4.87,5.426
6-Jul,4.331,4.82,5.393
9-Jul,4.353,4.861,5.425
10-Jul,4.321,4.827,5.403
11-Jul,4.275,4.776,5.365
12-Jul,4.287,4.792,5.385
13-Jul,4.302,4.813,5.401
16-Jul,4.296,4.794,5.371
17-Jul,4.297,4.787,5.35
18-Jul,4.264,4.747,5.329
19-Jul,4.286,4.758,5.314
20-Jul,4.251,4.714,5.275
23-Jul,4.24,4.702,5.268
24-Jul,4.219,4.69,5.262
25-Jul,4.228,4.765,5.279
26-Jul,4.22,4.756,5.26
27-Jul,4.177,4.7,5.208
30-Jul,4.178,4.697,5.206
31-Jul,4.154,4.673,5.184
1-Aug,4.164,4.684,5.214
2-Aug,4.188,4.713,5.232
3-Aug,4.154,4.688,5.219
6-Aug,4.149,4.676,5.204
7-Aug,4.162,4.682,5.208
8-Aug,4.174,4.698,5.213
9-Aug,4.077,4.616,5.147
10-Aug,4.045,4.585,5.114
13-Aug,4.042,4.582,5.105
14-Aug,4.066,4.623,5.143
15-Aug,4.053,4.607,5.135
16-Aug,4.042,4.603,5.123
17-Aug,3.998,4.541,5.066
20-Aug,3.992,4.544,5.084
21-Aug,4.011,4.577,5.12
22-Aug,4.034,4.6,5.144
23-Aug,4.039,4.607,5.145
24-Aug,4.082,4.653,5.177
27-Aug,4.087,4.649,5.166
28-Aug,4.015,4.576,5.101
29-Aug,4.006,4.563,5.095
30-Aug,3.935,4.507,5.06
31-Aug,3.929,4.498,5.078
3-Sep,3.914,4.478,5.077
4-Sep,4.034,4.626,5.184
5-Sep,4.062,4.642,5.196
6-Sep,3.994,4.577,5.146
7-Sep,3.924,4.508,5.101
10-Sep,3.927,4.541,5.142
11-Sep,3.753,4.397,5.108
12-Sep,3.742,4.399,5.134
13-Sep,3.759,4.429,5.152
14-Sep,3.698,4.348,5.087
17-Sep,3.668,4.381,5.123
18-Sep,3.577,4.355,5.124
19-Sep,3.517,4.34,5.126
20-Sep,3.518,4.363,5.136
21-Sep,3.48,4.366,5.175
24-Sep,3.496,4.403,5.184
25-Sep,3.467,4.352,5.116
26-Sep,3.465,4.339,5.092
27-Sep,3.424,4.276,5.057
28-Sep,3.447,4.304,5.076
1-Oct,3.422,4.295,5.054
2-Oct,3.382,4.25,4.982
3-Oct,3.307,4.185,4.918
4-Oct,3.303,4.194,4.94
5-Oct,3.298,4.18,4.924
8-Oct,3.285,4.181,4.959
9-Oct,3.352,4.22,4.988
10-Oct,3.368,4.227,4.98
11-Oct,3.428,4.256,4.996
12-Oct,3.392,4.227,4.966
15-Oct,3.364,4.202,4.932
16-Oct,3.339,4.194,4.918
17-Oct,3.362,4.216,4.927
18-Oct,3.349,4.201,4.901
19-Oct,3.297,4.173,4.896
22-Oct,3.274,4.145,4.869
23-Oct,3.297,4.152,4.875
24-Oct,3.26,4.113,4.83
25-Oct,3.214,4.036,4.772
26-Oct,3.202,4.019,4.765
29-Oct,3.138,3.959,4.717
30-Oct,3.071,3.891,4.67
31-Oct,3.093,3.907,4.674
1-Nov,3.056,3.828,4.547
2-Nov,3.053,3.856,4.626
5-Nov,3.012,3.799,4.598
6-Nov,2.977,3.802,4.608
7-Nov,2.906,3.737,4.55
8-Nov,2.952,3.772,4.588
9-Nov,2.977,3.792,4.599
12-Nov,2.945,3.743,4.599
13-Nov,3.026,3.855,4.68
14-Nov,3.285,3.949,4.748
15-Nov,3.434,4.068,4.812
16-Nov,3.484,4.132,4.841
19-Nov,3.456,4.114,4.814
20-Nov,3.443,4.111,4.822
21-Nov,3.532,4.22,4.902
22-Nov,3.572,4.257,4.913
23-Nov,3.555,4.233,4.885
26-Nov,3.508,4.199,4.846
27-Nov,3.644,4.35,4.977
28-Nov,3.552,4.259,4.925
29-Nov,3.494,4.202,4.881
30-Nov,3.428,4.124,4.836
3-Dec,3.391,4.088,4.805
4-Dec,3.365,4.085,4.777
5-Dec,3.573,4.3,4.964
6-Dec,3.688,4.392,5.021
7-Dec,3.695,4.454,5.116
10-Dec,3.668,4.415,5.083
11-Dec,3.612,4.36,5.028
12-Dec,3.531,4.263,4.952
13-Dec,3.582,4.328,4.974
14-Dec,3.589,4.315,4.944
17-Dec,3.664,4.412,5.03
18-Dec,3.583,4.332,4.998
19-Dec,3.552,4.304,4.959
20-Dec,3.564,4.335,4.994
21-Dec,3.577,4.388,5.054
24-Dec,3.622,4.397,5.049
25-Dec,3.623,4.393,5.053
26-Dec,3.623,4.394,5.053
27-Dec,3.615,4.456,5.12
28-Dec,3.612,4.471,5.18
31-Dec,3.611,4.485,5.178
1-Jan,3.616,4.485,5.178
2-Jan,3.568,4.454,5.131
3-Jan,3.554,4.429,5.085
4-Jan,3.614,4.472,5.118
7-Jan,3.576,4.368,5.008
8-Jan,3.576,4.364,5.017
9-Jan,3.666,4.453,5.07
10-Jan,3.643,4.414,5.031
11-Jan,3.684,4.41,5.003
14-Jan,3.599,4.336,4.924
15-Jan,3.637,4.382,4.944
16-Jan,3.913,4.504,4.956
17-Jan,3.939,4.524,4.995
18-Jan,3.959,4.553,5.028
21-Jan,3.945,4.529,4.998
22-Jan,4.026,4.596,5.053
23-Jan,4.007,4.575,5.02
24-Jan,4.096,4.664,5.069
25-Jan,4.171,4.766,5.163
28-Jan,4.188,4.783,5.159
29-Jan,4.13,4.741,5.132
30-Jan,4.122,4.721,5.111
31-Jan,4.131,4.716,5.086
1-Feb,4.107,4.683,5.057
4-Feb,3.682,4.472,5.008
5-Feb,3.667,4.455,4.999
6-Feb,3.647,4.461,5.021
7-Feb,3.745,4.578,5.128
8-Feb,3.717,4.547,5.113
11-Feb,3.728,4.557,5.125
12-Feb,3.736,4.584,5.159
13-Feb,4.169,4.643,5.176
14-Feb,4.143,4.617,5.141
15-Feb,4.087,4.563,5.099
18-Feb,4.083,4.558,5.095
19-Feb,4.098,4.573,5.117
20-Feb,4.108,4.578,5.124
21-Feb,4.119,4.595,5.154
22-Feb,4.053,4.528,5.097
25-Feb,4.096,4.569,5.144
26-Feb,4.104,4.582,5.149
27-Feb,4.109,4.591,5.149
28-Feb,4.1,4.579,5.138
1-Mar,4.137,4.612,5.179
4-Mar,4.172,4.641,5.2
5-Mar,4.222,4.706,5.26
6-Mar,4.242,4.748,5.314
7-Mar,4.3,4.808,5.352
8-Mar,4.351,4.835,5.348
11-Mar,4.334,4.814,5.331
12-Mar,4.327,4.809,5.338
13-Mar,4.331,4.817,5.353
14-Mar,4.363,4.844,5.385
15-Mar,4.394,4.869,5.387
18-Mar,4.392,4.855,5.371
19-Mar,4.396,4.851,5.364
20-Mar,4.402,4.871,5.383
21-Mar,4.456,4.9,5.391
22-Mar,4.482,4.938,5.421
25-Mar,4.507,4.971,5.443
26-Mar,4.466,4.936,5.404
27-Mar,4.448,4.913,5.395
28-Mar,4.467,4.944,5.426
29-Mar,4.485,4.959,5.427
1-Apr,4.512,4.957,5.428
2-Apr,4.466,4.931,5.427
3-Apr,4.417,4.877,5.377
4-Apr,4.358,4.811,5.316
5-Apr,4.335,4.79,5.311
8-Apr,4.328,4.81,5.344
9-Apr,4.346,4.832,5.358
10-Apr,4.335,4.836,5.366
11-Apr,4.327,4.814,5.33
12-Apr,4.305,4.802,5.325
15-Apr,4.252,4.747,5.28
16-Apr,4.348,4.842,5.361
17-Apr,4.316,4.824,5.365
18-Apr,4.292,4.827,5.373
19-Apr,4.31,4.834,5.373
22-Apr,4.262,4.781,5.327
23-Apr,4.276,4.801,5.363
24-Apr,4.245,4.762,5.324
25-Apr,4.18,4.696,5.282
26-Apr,4.17,4.684,5.263
29-Apr,4.205,4.728,5.306
30-Apr,4.203,4.728,5.293
1-May,4.22,4.731,5.299
2-May,4.288,4.803,5.358
3-May,4.255,4.742,5.288
6-May,4.251,4.739,5.289
7-May,4.233,4.741,5.281
8-May,4.287,4.797,5.339
9-May,4.325,4.822,5.362
10-May,4.349,4.839,5.365
13-May,4.369,4.86,5.373
14-May,4.451,4.924,5.427
15-May,4.453,4.919,5.45
16-May,4.433,4.892,5.431
17-May,4.467,4.922,5.454
20-May,4.418,4.852,5.381
21-May,4.368,4.821,5.368
22-May,4.331,4.782,5.352
23-May,4.326,4.775,5.335
24-May,4.332,4.788,5.347
27-May,4.365,4.819,5.378
28-May,4.358,4.803,5.357
29-May,4.333,4.782,5.341
30-May,4.307,4.767,5.329
31-May,4.344,4.803,5.359
3-Jun,4.354,4.798,5.356
4-Jun,4.299,4.748,5.323
5-Jun,4.284,4.741,5.321
6-Jun,4.282,4.741,5.323
7-Jun,4.259,4.728,5.323
10-Jun,4.234,4.697,5.301
11-Jun,4.242,4.712,5.315
12-Jun,4.21,4.67,5.28
13-Jun,4.159,4.608,5.211
14-Jun,4.094,4.546,5.17
17-Jun,4.128,4.581,5.211
18-Jun,4.12,4.564,5.185
19-Jun,4.101,4.62,5.157
20-Jun,4.103,4.638,5.171
21-Jun,4.104,4.647,5.169
24-Jun,4.047,4.595,5.128
25-Jun,4.09,4.638,5.179
26-Jun,4.01,4.558,5.103
27-Jun,4.03,4.581,5.124
28-Jun,4.007,4.581,5.15
1-Jul,4.007,4.601,5.179
2-Jul,3.959,4.552,5.132
3-Jul,3.972,4.557,5.139
4-Jul,4.014,4.598,5.179
5-Jul,4.066,4.644,5.221
8-Jul,4.047,4.636,5.207
9-Jul,4.033,4.629,5.203
10-Jul,3.967,4.568,5.139
11-Jul,3.904,4.504,5.081
12-Jul,3.884,4.484,5.059
15-Jul,3.831,4.428,5.011
16-Jul,3.853,4.47,5.045
17-Jul,3.892,4.499,5.08
18-Jul,3.883,4.497,5.068
19-Jul,3.832,4.444,5.019
22-Jul,3.787,4.4,4.992
23-Jul,3.79,4.401,4.997
24-Jul,3.701,4.311,4.927
25-Jul,3.714,4.32,4.943
26-Jul,3.657,4.285,4.93
29-Jul,3.735,4.355,4.987
30-Jul,3.733,4.363,4.995
31-Jul,3.662,4.302,4.946
1-Aug,3.593,4.248,4.889
2-Aug,3.495,4.162,4.821
5-Aug,3.398,4.07,4.753
6-Aug,3.497,4.144,4.807
7-Aug,3.433,4.074,4.74
8-Aug,3.471,4.117,4.785
9-Aug,3.489,4.117,4.75
12-Aug,3.501,4.104,4.724
13-Aug,3.468,4.074,4.688
14-Aug,3.433,4.021,4.624
15-Aug,3.614,4.204,4.756
16-Aug,3.62,4.203,4.762
19-Aug,3.634,4.22,4.791
20-Aug,3.557,4.149,4.744
21-Aug,3.637,4.24,4.824
22-Aug,3.66,4.26,4.861
23-Aug,3.608,4.215,4.828
26-Aug,3.602,4.218,4.831
27-Aug,3.622,4.212,4.827
28-Aug,3.536,4.128,4.754
29-Aug,3.492,4.104,4.738
30-Aug,3.466,4.078,4.747
2-Sep,3.39,3.994,4.679
3-Sep,3.345,3.943,4.606
4-Sep,3.296,3.934,4.61
5-Sep,3.239,3.876,4.588
6-Sep,3.21,3.855,4.583
9-Sep,3.297,3.897,4.59
10-Sep,3.353,3.96,4.644
11-Sep,3.409,4.014,4.708
12-Sep,3.321,3.923,4.641
13-Sep,3.281,3.875,4.604
16-Sep,3.237,3.827,4.546
17-Sep,3.246,3.822,4.552
18-Sep,3.211,3.783,4.518
19-Sep,3.167,3.767,4.477
20-Sep,3.179,3.789,4.542
23-Sep,3.128,3.727,4.489
24-Sep,3.097,3.689,4.465
25-Sep,3.139,3.724,4.502
26-Sep,3.182,3.77,4.529
27-Sep,3.159,3.753,4.525
30-Sep,3.046,3.648,4.456
1-Oct,3.049,3.674,4.484
2-Oct,3.089,3.746,4.562
3-Oct,3.049,3.717,4.558
4-Oct,3.012,3.685,4.524
7-Oct,2.991,3.651,4.478
8-Oct,2.993,3.651,4.459
9-Oct,2.999,3.635,4.45
10-Oct,3.095,3.721,4.501
11-Oct,3.166,3.8,4.574
14-Oct,3.17,3.817,4.613
15-Oct,3.248,3.934,4.714
16-Oct,3.275,3.966,4.751
17-Oct,3.243,3.957,4.734
18-Oct,3.23,3.957,4.745
21-Oct,3.215,3.955,4.758
22-Oct,3.237,3.973,4.783
23-Oct,3.161,3.913,4.726
24-Oct,3.19,3.946,4.767
25-Oct,3.197,3.925,4.721
28-Oct,3.131,3.861,4.675
29-Oct,3.06,3.788,4.621
30-Oct,3.109,3.819,4.671
31-Oct,3.036,3.759,4.615
1-Nov,3.06,3.779,4.661
4-Nov,3.048,3.802,4.681
5-Nov,3.104,3.847,4.726
6-Nov,3.118,3.86,4.724
7-Nov,3.096,3.798,4.646
8-Nov,3,3.71,4.57
11-Nov,2.98,3.68,4.54
12-Nov,2.97,3.64,4.5
13-Nov,2.98,3.65,4.51
14-Nov,3.01,3.7,4.57
15-Nov,3.01,3.71,4.56
18-Nov,3.02,3.72,4.57
19-Nov,2.98,3.69,4.54
20-Nov,2.96,3.66,4.51
21-Nov,3.01,3.72,4.6
22-Nov,3.02,3.73,4.61
25-Nov,3.04,3.89,4.64
26-Nov,3,3.84,4.58
27-Nov,3.07,3.91,4.63
28-Nov,3.06,3.9,4.61
29-Nov,3.04,3.87,4.57
2-Dec,3.04,3.88,4.6
3-Dec,3.01,3.85,4.55
4-Dec,3.02,3.85,4.54
5-Dec,2.98,3.834,4.512
6-Dec,2.929,3.767,4.475
9-Dec,2.877,3.712,4.445
10-Dec,2.859,3.697,4.441
11-Dec,2.837,3.669,4.425
12-Dec,2.803,3.623,4.382
13-Dec,2.791,3.623,4.386
16-Dec,2.797,3.634,4.411
17-Dec,2.757,3.597,4.396
18-Dec,2.701,3.546,4.352
19-Dec,2.714,3.555,4.356
20-Dec,2.722,3.553,4.353
23-Dec,2.713,3.541,4.353
24-Dec,2.717,3.54,4.355
25-Dec,2.726,3.541,4.356
26-Dec,2.719,3.541,4.354
27-Dec,2.641,3.452,4.27
30-Dec,2.642,3.445,4.286
31-Dec,2.634,3.432,4.281
1-Jan,2.627,3.424,4.278
2-Jan,2.707,3.548,4.387
3-Jan,2.702,3.562,4.41
6-Jan,2.649,3.519,4.389
7-Jan,2.627,3.493,4.358
8-Jan,2.586,3.439,4.298
9-Jan,2.624,3.474,4.313
10-Jan,2.595,3.445,4.3
13-Jan,2.612,3.467,4.323
14-Jan,2.607,3.454,4.301
15-Jan,2.608,3.448,4.298
16-Jan,2.634,3.446,4.298
17-Jan,2.559,3.345,4.204
20-Jan,2.542,3.315,4.177
21-Jan,2.558,3.316,4.155
22-Jan,2.533,3.3,4.142
23-Jan,2.527,3.288,4.121
24-Jan,2.506,3.242,4.05
27-Jan,2.524,3.261,4.049
28-Jan,2.537,3.279,4.091
29-Jan,2.514,3.277,4.088
30-Jan,2.535,3.306,4.127
31-Jan,2.524,3.292,4.117
3-Feb,2.537,3.296,4.124
4-Feb,2.495,3.237,4.063
5-Feb,2.494,3.251,4.074
6-Feb,2.464,3.238,4.07
7-Feb,2.427,3.194,4.043
10-Feb,2.428,3.199,4.063
11-Feb,2.422,3.187,4.051
12-Feb,2.377,3.129,4.004
13-Feb,2.349,3.077,3.973
14-Feb,2.39,3.118,4.017
17-Feb,2.399,3.129,4.024
18-Feb,2.404,3.141,4.029
19-Feb,2.362,3.068,3.956
20-Feb,2.354,3.054,3.931
21-Feb,2.382,3.081,3.97
24-Feb,2.287,3.021,3.921
25-Feb,2.264,2.996,3.907
26-Feb,2.263,3.001,3.923
27-Feb,2.325,3.065,3.973
28-Feb,2.257,3.005,3.921
3-Mar,2.246,2.986,3.903
4-Mar,2.247,2.99,3.905
5-Mar,2.246,2.99,3.89
6-Mar,2.24,2.965,3.87
7-Mar,2.212,2.94,3.839
10-Mar,2.184,2.906,3.806
11-Mar,2.212,2.938,3.827
12-Mar,2.232,2.962,3.842
13-Mar,2.368,3.144,3.986
14-Mar,2.404,3.202,4.039
17-Mar,2.476,3.354,4.175
18-Mar,2.443,3.336,4.155
19-Mar,2.472,3.439,4.249
20-Mar,2.432,3.388,4.219
21-Mar,2.493,3.452,4.302
24-Mar,2.44,3.372,4.225
25-Mar,2.433,3.362,4.224
26-Mar,2.436,3.356,4.215
27-Mar,2.398,3.307,4.169
28-Mar,2.372,3.268,4.137
31-Mar,2.294,3.158,4.047
1-Apr,2.285,3.15,4.037
2-Apr,2.341,3.255,4.124
3-Apr,2.357,3.297,4.18
4-Apr,2.342,3.29,4.188
7-Apr,2.406,3.373,4.257
8-Apr,2.387,3.343,4.223
9-Apr,2.363,3.317,4.195
10-Apr,2.334,3.252,4.137
11-Apr,2.395,3.339,4.197
14-Apr,2.446,3.385,4.223
15-Apr,2.728,3.413,4.296
16-Apr,2.713,3.383,4.259
17-Apr,2.687,3.367,4.243
18-Apr,2.694,3.382,4.257
21-Apr,2.689,3.375,4.253
22-Apr,2.625,3.313,4.208
23-Apr,2.656,3.347,4.244
24-Apr,2.589,3.277,4.183
25-Apr,2.559,3.25,4.177
28-Apr,2.578,3.271,4.208
29-Apr,2.598,3.297,4.233
30-Apr,2.533,3.22,4.181
1-May,2.527,3.224,4.172
2-May,2.514,3.22,4.175
5-May,2.5,3.218,4.157
6-May,2.495,3.22,4.162
7-May,2.402,3.099,4.052
8-May,2.402,3.065,4.022
9-May,2.393,3.06,4.008
12-May,2.358,3.033,3.992
13-May,2.331,3.019,3.984
14-May,2.321,3.006,3.988
15-May,2.313,2.979,3.948
16-May,2.288,2.942,3.902
19-May,2.225,2.875,3.834
20-May,2.224,2.873,3.824
21-May,2.224,2.864,3.801
22-May,2.224,2.857,3.786
23-May,2.172,2.804,3.731
26-May,2.161,2.789,3.71
27-May,2.199,2.841,3.747
28-May,2.25,2.907,3.849
29-May,2.199,2.836,3.798
30-May,2.192,2.836,3.793
2-Jun,2.203,2.868,3.84
3-Jun,2.086,2.74,3.727
4-Jun,2.125,2.79,3.751
5-Jun,2.052,2.697,3.697
6-Jun,2.076,2.733,3.754
9-Jun,2.025,2.655,3.677
10-Jun,1.98,2.611,3.63
11-Jun,1.95,2.57,3.6
12-Jun,1.96,2.579,3.604
13-Jun,1.928,2.543,3.542
16-Jun,1.984,2.604,3.572
17-Jun,2.047,2.691,3.651
18-Jun,2.112,2.79,3.757
19-Jun,2.054,2.777,3.758
20-Jun,2.053,2.788,3.769
23-Jun,2.051,2.773,3.753
24-Jun,2.045,2.766,3.752
25-Jun,2.007,2.725,3.71
26-Jun,2.177,2.912,3.877
27-Jun,2.206,2.955,3.917
30-Jun,2.146,2.883,3.872
1-Jul,2.112,2.87,3.876
2-Jul,2.152,2.922,3.93
3-Jul,2.178,2.968,3.995
4-Jul,2.141,2.919,3.951
7-Jul,2.191,2.98,4.003
8-Jul,2.188,2.973,4.003
9-Jul,2.19,2.967,3.992
10-Jul,2.155,2.916,3.941
11-Jul,2.162,2.914,3.944
14-Jul,2.141,2.882,3.912
15-Jul,2.237,3.027,4.056
16-Jul,2.301,3.086,4.079
17-Jul,2.322,3.115,4.113
18-Jul,2.287,3.079,4.083
21-Jul,2.329,3.127,4.114
22-Jul,2.343,3.135,4.119
23-Jul,2.287,3.088,4.059
24-Jul,2.331,3.147,4.112
25-Jul,2.287,3.081,4.038
28-Jul,2.353,3.184,4.153
29-Jul,2.343,3.167,4.127
30-Jul,2.37,3.203,4.161
31-Jul,2.47,3.309,4.232
1-Aug,2.657,3.43,4.238
4-Aug,2.597,3.375,4.186
5-Aug,2.585,3.369,4.206
6-Aug,2.559,3.348,4.179
7-Aug,2.518,3.297,4.142
8-Aug,2.437,3.182,4.047
11-Aug,2.501,3.257,4.115
12-Aug,2.498,3.253,4.101
13-Aug,2.541,3.335,4.205
14-Aug,2.619,3.424,4.245
15-Aug,2.554,3.363,4.193
18-Aug,2.581,3.37,4.195
19-Aug,2.585,3.367,4.18
20-Aug,2.581,3.384,4.214
21-Aug,2.623,3.418,4.229
22-Aug,2.627,3.419,4.218
25-Aug,2.607,3.4,4.212
26-Aug,2.621,3.402,4.211
27-Aug,2.617,3.408,4.242
28-Aug,2.604,3.396,4.214
29-Aug,2.594,3.402,4.225
1-Sep,2.613,3.428,4.25
2-Sep,2.72,3.583,4.368
3-Sep,2.721,3.59,4.385
4-Sep,2.689,3.55,4.371
5-Sep,2.598,3.47,4.332
8-Sep,2.528,3.392,4.28
9-Sep,2.55,3.422,4.316
10-Sep,2.512,3.373,4.257
11-Sep,2.556,3.417,4.282
12-Sep,2.441,3.281,4.17
15-Sep,2.455,3.308,4.179
16-Sep,2.464,3.324,4.196
17-Sep,2.438,3.291,4.185
18-Sep,2.438,3.297,4.185
19-Sep,2.416,3.268,4.162
22-Sep,2.358,3.205,4.128
23-Sep,2.346,3.188,4.107
24-Sep,2.346,3.184,4.121
25-Sep,2.31,3.145,4.1
26-Sep,2.277,3.099,4.048
29-Sep,2.285,3.109,4.072
30-Sep,2.223,3.035,4.008
1-Oct,2.227,3.047,4.014
2-Oct,2.345,3.177,4.121
3-Oct,2.496,3.325,4.219
6-Oct,2.434,3.284,4.192
7-Oct,2.442,3.301,4.222
8-Oct,2.423,3.283,4.22
9-Oct,2.497,3.358,4.274
10-Oct,2.46,3.309,4.221
13-Oct,2.515,3.391,4.296
14-Oct,2.52,3.397,4.302
15-Oct,2.584,3.466,4.352
16-Oct,2.576,3.444,4.324
17-Oct,2.619,3.479,4.336
20-Oct,2.615,3.472,4.319
21-Oct,2.558,3.413,4.279
22-Oct,2.559,3.401,4.257
23-Oct,2.58,3.434,4.293
24-Oct,2.557,3.416,4.278
27-Oct,2.59,3.451,4.308
28-Oct,2.622,3.473,4.321
29-Oct,2.592,3.456,4.327
30-Oct,2.63,3.51,4.369
31-Oct,2.598,3.465,4.329
3-Nov,2.658,3.539,4.393
4-Nov,2.634,3.509,4.362
5-Nov,2.651,3.517,4.375
6-Nov,2.716,3.604,4.456
7-Nov,2.751,3.649,4.489
10-Nov,2.727,3.624,4.474
11-Nov,2.716,3.617,4.469
12-Nov,2.712,3.608,4.47
13-Nov,2.648,3.54,4.417
14-Nov,2.589,3.48,4.359
17-Nov,2.546,3.443,4.335
18-Nov,2.52,3.413,4.317
19-Nov,2.547,3.45,4.359
20-Nov,2.542,3.438,4.348
21-Nov,2.514,3.407,4.32
24-Nov,2.598,3.499,4.399
25-Nov,2.629,3.527,4.41
26-Nov,2.645,3.527,4.404
27-Nov,2.716,3.594,4.45
28-Nov,2.724,3.607,4.454
1-Dec,2.766,3.657,4.493
2-Dec,2.729,3.622,4.468
3-Dec,2.71,3.592,4.46
4-Dec,2.685,3.579,4.448
5-Dec,2.591,3.471,4.342
8-Dec,2.573,3.463,4.348
9-Dec,2.587,3.48,4.368
10-Dec,2.577,3.464,4.352
11-Dec,2.585,3.485,4.371
12-Dec,2.501,3.391,4.298
15-Dec,2.494,3.379,4.301
16-Dec,2.494,3.378,4.293
17-Dec,2.449,3.329,4.251
18-Dec,2.449,3.327,4.252
19-Dec,2.465,3.358,4.28
22-Dec,2.453,3.335,4.258
23-Dec,2.438,3.319,4.242
24-Dec,2.439,3.322,4.245
25-Dec,2.439,3.324,4.246
26-Dec,2.439,3.322,4.246
29-Dec,2.419,3.321,4.26
30-Dec,2.439,3.357,4.294
31-Dec,2.431,3.344,4.288
1-Jan,2.428,3.349,4.291
2-Jan,2.446,3.382,4.331
5-Jan,2.436,3.364,4.326
6-Jan,2.366,3.288,4.257
7-Jan,2.348,3.26,4.241
8-Jan,2.339,3.236,4.218
9-Jan,2.245,3.133,4.133
12-Jan,2.245,3.117,4.112
13-Jan,2.262,3.136,4.134
14-Jan,2.285,3.157,4.139
15-Jan,2.298,3.172,4.148
16-Jan,2.278,3.172,4.16
19-Jan,2.292,3.178,4.16
20-Jan,2.435,3.381,4.195
21-Jan,2.448,3.401,4.217
22-Jan,2.422,3.371,4.197
23-Jan,2.39,3.331,4.159
26-Jan,2.442,3.399,4.23
27-Jan,2.428,3.378,4.218
28-Jan,2.424,3.367,4.21
29-Jan,2.572,3.516,4.329
30-Jan,2.56,3.495,4.304
2-Feb,2.534,3.471,4.295
3-Feb,2.476,3.432,4.268
4-Feb,2.465,3.422,4.256
5-Feb,2.444,3.402,4.238
6-Feb,2.402,3.357,4.203
9-Feb,2.397,3.346,4.189
10-Feb,2.414,3.364,4.199
11-Feb,2.38,3.329,4.176
12-Feb,2.368,3.319,4.178
13-Feb,2.355,3.306,4.163
16-Feb,2.363,3.307,4.171
17-Feb,2.325,3.265,4.142
18-Feb,2.323,3.263,4.144
19-Feb,2.358,3.306,4.186
20-Feb,2.389,3.328,4.201
23-Feb,2.383,3.319,4.194
24-Feb,2.322,3.266,4.153
25-Feb,2.28,3.237,4.148
26-Feb,2.284,3.243,4.155
27-Feb,2.259,3.209,4.118
1-Mar,2.283,3.227,4.119
2-Mar,2.335,3.273,4.142
3-Mar,2.385,3.329,4.189
4-Mar,2.349,3.28,4.159
5-Mar,2.219,3.124,4.051
8-Mar,2.182,3.066,3.995
9-Mar,2.173,3.056,3.98
10-Mar,2.222,3.09,3.999
11-Mar,2.201,3.072,3.984
12-Mar,2.192,3.068,3.98
15-Mar,2.177,3.05,3.971
16-Mar,2.206,3.097,4.014
17-Mar,2.153,3.05,3.976
18-Mar,2.133,3.039,3.969
19-Mar,2.138,3.049,3.977
22-Mar,2.116,3.02,3.955
23-Mar,2.143,3.043,3.973
24-Mar,2.088,2.993,3.943
25-Mar,2.055,2.964,3.929
26-Mar,2.073,2.996,3.956
29-Mar,2.141,3.089,4.041
30-Mar,2.12,3.076,4.027
31-Mar,2.124,3.055,4.013
1-Apr,2.189,3.099,4.04
2-Apr,2.349,3.273,4.162
5-Apr,2.344,3.286,4.185
6-Apr,2.295,3.245,4.16
7-Apr,2.262,3.212,4.136
8-Apr,2.268,3.225,4.147
9-Apr,2.264,3.224,4.145
12-Apr,2.264,3.225,4.144
13-Apr,2.351,3.32,4.225
14-Apr,2.384,3.354,4.246
15-Apr,2.383,3.347,4.233
16-Apr,2.34,3.296,4.186
19-Apr,2.337,3.289,4.189
20-Apr,2.365,3.322,4.223
21-Apr,2.393,3.351,4.236
22-Apr,2.371,3.335,4.233
23-Apr,2.402,3.366,4.253
26-Apr,2.418,3.376,4.253
27-Apr,2.435,3.389,4.253
28-Apr,2.439,3.396,4.257
29-Apr,2.437,3.395,4.262
30-Apr,2.408,3.364,4.237
3-May,2.397,3.34,4.21
4-May,2.412,3.355,4.221
5-May,2.395,3.346,4.226
6-May,2.457,3.409,4.282
7-May,2.562,3.517,4.365
10-May,2.549,3.506,4.351
11-May,2.544,3.509,4.353
12-May,2.554,3.532,4.383
13-May,2.585,3.568,4.405
14-May,2.545,3.527,4.365
17-May,2.495,3.478,4.329
18-May,2.513,3.499,4.349
19-May,2.558,3.554,4.397
20-May,2.545,3.533,4.384
21-May,2.525,3.521,4.368
24-May,2.544,3.541,4.393
25-May,2.522,3.517,4.379
26-May,2.504,3.488,4.35
27-May,2.441,3.425,4.305
28-May,2.502,3.486,4.352
31-May,2.548,3.551,4.396
1-Jun,2.546,3.531,4.393
2-Jun,2.559,3.546,4.409
3-Jun,2.561,3.55,4.407
4-Jun,2.578,3.565,4.414
7-Jun,2.567,3.556,4.403
8-Jun,2.558,3.542,4.384
9-Jun,2.589,3.586,4.416
10-Jun,2.621,3.612,4.421
11-Jun,2.673,3.661,4.447
14-Jun,2.686,3.665,4.441
15-Jun,2.606,3.566,4.359
16-Jun,2.653,3.611,4.393
17-Jun,2.674,3.631,4.402
18-Jun,2.623,3.58,4.368
21-Jun,2.621,3.567,4.358
22-Jun,2.637,3.59,4.38
23-Jun,2.619,3.583,4.381
24-Jun,2.553,3.506,4.316
25-Jun,2.561,3.53,4.342
28-Jun,2.602,3.59,4.389
29-Jun,2.61,3.596,4.389
30-Jun,2.558,3.536,4.337
1-Jul,2.536,3.53,4.339
2-Jul,2.469,3.452,4.282
5-Jul,2.468,3.449,4.281
6-Jul,2.478,3.451,4.28
7-Jul,2.442,3.419,4.256
8-Jul,2.444,3.416,4.251
9-Jul,2.449,3.421,4.253
12-Jul,2.44,3.403,4.238
13-Jul,2.49,3.466,4.286
14-Jul,2.479,3.451,4.276
15-Jul,2.482,3.453,4.277
16-Jul,2.408,3.373,4.216
19-Jul,2.405,3.372,4.215
20-Jul,2.421,3.389,4.234
21-Jul,2.511,3.483,4.303
22-Jul,2.473,3.442,4.273
23-Jul,2.493,3.456,4.269
26-Jul,2.525,3.492,4.294
27-Jul,2.546,3.518,4.313
28-Jul,2.543,3.518,4.318
29-Jul,2.52,3.488,4.294
30-Jul,2.464,3.419,4.235
2-Aug,2.447,3.396,4.218
3-Aug,2.435,3.39,4.211
4-Aug,2.416,3.367,4.195
5-Aug,2.386,3.332,4.168
6-Aug,2.31,3.237,4.09
9-Aug,2.323,3.246,4.095
10-Aug,2.32,3.237,4.082
11-Aug,2.342,3.269,4.11
12-Aug,2.324,3.245,4.089
13-Aug,2.298,3.213,4.066
16-Aug,2.334,3.26,4.111
17-Aug,2.313,3.232,4.088
18-Aug,2.326,3.248,4.104
19-Aug,2.318,3.238,4.094
20-Aug,2.301,3.221,4.082
23-Aug,2.36,3.283,4.136
24-Aug,2.365,3.287,4.133
25-Aug,2.336,3.25,4.096
26-Aug,2.331,3.235,4.086
27-Aug,2.323,3.23,4.087
30-Aug,2.326,3.23,4.081
31-Aug,2.291,3.179,4.039
1-Sep,2.307,3.2,4.059
2-Sep,2.353,3.242,4.091
3-Sep,2.458,3.347,4.167
6-Sep,2.452,3.338,4.155
7-Sep,2.484,3.358,4.161
8-Sep,2.48,3.347,4.149
9-Sep,2.443,3.285,4.096
10-Sep,2.412,3.257,4.074
13-Sep,2.448,3.282,4.085
14-Sep,2.67,3.262,4.071
15-Sep,2.687,3.276,4.078
16-Sep,2.68,3.268,4.067
17-Sep,2.646,3.235,4.037
20-Sep,2.643,3.219,4.02
21-Sep,2.651,3.227,4.026
22-Sep,2.626,3.193,3.983
23-Sep,2.586,3.154,3.959
24-Sep,2.62,3.185,3.981
27-Sep,2.594,3.151,3.953
28-Sep,2.606,3.165,3.963
29-Sep,2.629,3.2,4.002
30-Sep,2.601,3.186,4.004
1-Oct,2.599,3.207,4.037
4-Oct,2.634,3.23,4.047
5-Oct,2.604,3.188,4.01
6-Oct,2.608,3.187,4.005
7-Oct,2.614,3.205,4.03
8-Oct,2.534,3.118,3.958
11-Oct,2.533,3.121,3.965
12-Oct,2.5,3.08,3.923
13-Oct,2.504,3.083,3.923
14-Oct,2.473,3.055,3.896
15-Oct,2.46,3.058,3.91
18-Oct,2.45,3.042,3.899
19-Oct,2.46,3.057,3.92
20-Oct,2.42,3.007,3.872
21-Oct,2.434,3.018,3.875
22-Oct,2.438,3.02,3.868
25-Oct,2.405,2.983,3.832
26-Oct,2.408,2.985,3.836
27-Oct,2.437,3.013,3.854
28-Oct,2.456,3.043,3.894
29-Oct,2.451,3.03,3.878
1-Nov,2.437,3.023,3.876
2-Nov,2.485,3.067,3.911
3-Nov,2.471,3.047,3.898
4-Nov,2.43,2.997,3.847
5-Nov,2.514,3.073,3.907
8-Nov,2.522,3.071,3.9
9-Nov,2.469,3.018,3.862
10-Nov,2.469,3.024,3.868
11-Nov,2.415,2.965,3.817
12-Nov,2.385,2.929,3.776
15-Nov,2.412,2.946,3.775
16-Nov,2.429,2.944,3.75
17-Nov,2.43,2.951,3.764
18-Nov,2.477,2.998,3.81
19-Nov,2.457,2.976,3.785
22-Nov,2.429,2.94,3.761
23-Nov,2.405,2.919,3.743
24-Nov,2.384,2.909,3.742
25-Nov,2.348,2.876,3.715
26-Nov,2.346,2.879,3.716
29-Nov,2.383,2.923,3.76
30-Nov,2.366,2.903,3.74
1-Dec,2.345,2.88,3.722
2-Dec,2.413,2.949,3.775
3-Dec,2.341,2.857,3.695
6-Dec,2.303,2.814,3.654
7-Dec,2.299,2.791,3.625
8-Dec,2.3,2.773,3.592
9-Dec,2.299,2.765,3.566
10-Dec,2.401,2.944,3.633
13-Dec,2.392,2.933,3.616
14-Dec,2.402,2.941,3.616
15-Dec,2.376,2.9,3.557
16-Dec,2.421,2.963,3.593
17-Dec,2.477,3.018,3.641
20-Dec,2.454,2.975,3.619
21-Dec,2.503,3.024,3.648
22-Dec,2.535,3.038,3.651
23-Dec,2.5,2.989,3.62
24-Dec,2.483,2.992,3.624
27-Dec,2.498,3.006,3.643
28-Dec,2.531,3.081,3.702
29-Dec,2.584,3.123,3.737
30-Dec,2.567,3.081,3.712
31-Dec,2.542,3.078,3.71
3-Jan,2.543,3.046,3.666
4-Jan,2.564,3.072,3.681
5-Jan,2.556,3.065,3.682
6-Jan,2.514,3.023,3.649
7-Jan,2.502,3.011,3.631
10-Jan,2.486,2.992,3.613
11-Jan,2.489,2.999,3.62
12-Jan,2.489,3.004,3.621
13-Jan,2.454,2.951,3.579
14-Jan,2.455,2.962,3.577
17-Jan,2.454,2.954,3.563
18-Jan,2.46,2.961,3.561
19-Jan,2.46,2.947,3.542
20-Jan,2.483,2.99,3.591
21-Jan,2.471,2.971,3.589
24-Jan,2.449,2.954,3.563
25-Jan,2.444,2.964,3.57
26-Jan,2.458,2.987,3.581
27-Jan,2.489,3.018,3.608
28-Jan,2.454,2.965,3.563
31-Jan,2.454,2.969,3.56
1-Feb,2.456,2.965,3.549
2-Feb,2.465,2.983,3.562
3-Feb,2.487,3.006,3.574
4-Feb,2.462,2.956,3.507
7-Feb,2.467,2.962,3.495
8-Feb,2.468,2.952,3.476
9-Feb,2.449,2.928,3.458
10-Feb,2.439,2.912,3.461
11-Feb,2.43,2.912,3.476
14-Feb,2.449,2.938,3.501
15-Feb,2.482,2.973,3.526
16-Feb,2.491,2.993,3.562
17-Feb,2.506,3.015,3.587
18-Feb,2.55,3.094,3.678
21-Feb,2.568,3.124,3.713
22-Feb,2.554,3.111,3.707
23-Feb,2.539,3.098,3.709
24-Feb,2.552,3.119,3.733
25-Feb,2.558,3.115,3.721
28-Feb,2.56,3.118,3.727
1-Mar,2.561,3.124,3.745
2-Mar,2.566,3.15,3.786
3-Mar,2.551,3.123,3.768
4-Mar,2.509,3.055,3.705
7-Mar,2.472,3.018,3.678
8-Mar,2.474,3.051,3.723
9-Mar,2.499,3.102,3.771
10-Mar,2.503,3.108,3.785
11-Mar,2.493,3.092,3.776
14-Mar,2.501,3.113,3.781
15-Mar,2.481,3.066,3.722
16-Mar,2.504,3.063,3.679
17-Mar,2.512,3.069,3.695
18-Mar,2.531,3.099,3.721
21-Mar,2.575,3.14,3.749
22-Mar,2.559,3.101,3.706
23-Mar,2.589,3.152,3.76
24-Mar,2.586,3.127,3.728
25-Mar,2.586,3.132,3.731
28-Mar,2.58,3.13,3.732
29-Mar,2.588,3.129,3.725
30-Mar,2.552,3.086,3.691
31-Mar,2.495,3.02,3.64
1-Apr,2.473,2.999,3.634
4-Apr,2.453,2.98,3.605
5-Apr,2.456,2.991,3.618
6-Apr,2.448,2.976,3.61
7-Apr,2.413,2.933,3.567
8-Apr,2.413,2.946,3.596
11-Apr,2.395,2.933,3.574
12-Apr,2.399,2.932,3.561
13-Apr,2.385,2.908,3.532
14-Apr,2.384,2.917,3.551
15-Apr,2.345,2.871,3.515
18-Apr,2.319,2.84,3.484
19-Apr,2.299,2.819,3.466
20-Apr,2.299,2.828,3.478
21-Apr,2.311,2.851,3.507
22-Apr,2.3,2.831,3.49
25-Apr,2.296,2.82,3.47
26-Apr,2.294,2.823,3.469
27-Apr,2.268,2.786,3.435
28-Apr,2.247,2.765,3.422
29-Apr,2.237,2.758,3.424
2-May,2.237,2.756,3.428
3-May,2.214,2.731,3.407
4-May,2.232,2.762,3.447
5-May,2.219,2.749,3.432
6-May,2.253,2.804,3.476
9-May,2.252,2.781,3.446
10-May,2.215,2.725,3.39
11-May,2.197,2.695,3.351
12-May,2.214,2.717,3.359
13-May,2.224,2.708,3.338
16-May,2.218,2.707,3.34
17-May,2.213,2.698,3.334
18-May,2.205,2.688,3.313
19-May,2.223,2.715,3.341
20-May,2.246,2.743,3.363
23-May,2.23,2.712,3.326
24-May,2.19,2.667,3.294
25-May,2.159,2.657,3.299
26-May,2.162,2.662,3.31
27-May,2.155,2.662,3.321
30-May,2.16,2.664,3.323
31-May,2.121,2.608,3.265
1-Jun,2.07,2.557,3.23
2-Jun,2.071,2.556,3.205
3-Jun,2.087,2.561,3.227
6-Jun,2.069,2.548,3.204
7-Jun,2.024,2.492,3.146
8-Jun,2.009,2.466,3.116
9-Jun,2.02,2.472,3.117
10-Jun,2.046,2.496,3.133
13-Jun,2.045,2.514,3.177
14-Jun,2.064,2.532,3.189
15-Jun,2.097,2.617,3.281
16-Jun,2.118,2.641,3.298
17-Jun,2.111,2.625,3.277
20-Jun,2.083,2.601,3.283
21-Jun,2.029,2.518,3.205
22-Jun,1.977,2.454,3.131
23-Jun,1.99,2.471,3.14
24-Jun,1.99,2.459,3.119
27-Jun,1.968,2.435,3.098
28-Jun,1.994,2.476,3.147
29-Jun,1.996,2.48,3.169
30-Jun,1.985,2.441,3.115
1-Jul,2.014,2.477,3.141
4-Jul,2.053,2.506,3.159
5-Jul,2.11,2.555,3.199
6-Jul,2.113,2.565,3.208
7-Jul,2.084,2.616,3.171
8-Jul,2.096,2.626,3.169
11-Jul,2.123,2.673,3.221
12-Jul,2.141,2.672,3.213
13-Jul,2.152,2.694,3.235
14-Jul,2.165,2.721,3.273
15-Jul,2.171,2.725,3.268
18-Jul,2.16,2.701,3.244
19-Jul,2.171,2.723,3.268
20-Jul,2.175,2.736,3.286
21-Jul,2.165,2.724,3.282
22-Jul,2.137,2.672,3.223
25-Jul,2.129,2.661,3.204
26-Jul,2.155,2.689,3.23
27-Jul,2.145,2.669,3.212
28-Jul,2.162,2.683,3.222
29-Jul,2.179,2.7,3.232
1-Aug,2.213,2.748,3.284
2-Aug,2.226,2.777,3.314
3-Aug,2.23,2.766,3.302
4-Aug,2.244,2.776,3.311
5-Aug,2.267,2.828,3.358
8-Aug,2.266,2.823,3.351
9-Aug,2.278,2.835,3.355
10-Aug,2.266,2.815,3.332
11-Aug,2.256,2.797,3.322
12-Aug,2.218,2.742,3.272
15-Aug,2.192,2.721,3.26
16-Aug,2.158,2.675,3.215
17-Aug,2.144,2.676,3.214
18-Aug,2.141,2.647,3.183
19-Aug,2.141,2.651,3.181
22-Aug,2.139,2.645,3.167
23-Aug,2.152,2.642,3.151
24-Aug,2.16,2.642,3.15
25-Aug,2.15,2.614,3.123
26-Aug,2.171,2.633,3.13
29-Aug,2.186,2.639,3.131
30-Aug,2.187,2.638,3.128
31-Aug,2.152,2.589,3.081
1-Sep,2.106,2.532,3.045
2-Sep,2.08,2.524,3.038
5-Sep,2.07,2.515,3.03
6-Sep,2.094,2.546,3.056
7-Sep,2.106,2.555,3.076
8-Sep,2.108,2.533,3.046
9-Sep,2.114,2.525,3.026
12-Sep,2.155,2.593,3.102
13-Sep,2.162,2.569,3.07
14-Sep,2.167,2.573,3.069
15-Sep,2.187,2.599,3.086
16-Sep,2.187,2.606,3.088
19-Sep,2.189,2.591,3.071
20-Sep,2.181,2.585,3.066
21-Sep,2.153,2.535,3.005
22-Sep,2.155,2.537,3.008
23-Sep,2.192,2.586,3.043
26-Sep,2.231,2.645,3.105
27-Sep,2.248,2.656,3.111
28-Sep,2.257,2.667,3.108
29-Sep,2.303,2.713,3.137
30-Sep,2.307,2.708,3.13
3-Oct,2.319,2.746,3.174
4-Oct,2.323,2.739,3.164
5-Oct,2.316,2.73,3.15
6-Oct,2.343,2.749,3.162
7-Oct,2.369,2.755,3.153
10-Oct,2.366,2.745,3.14
11-Oct,2.379,2.768,3.167
12-Oct,2.381,2.788,3.2
13-Oct,2.395,2.834,3.259
14-Oct,2.39,2.835,3.265
17-Oct,2.417,2.849,3.268
18-Oct,2.415,2.841,3.261
19-Oct,2.383,2.809,3.234
20-Oct,2.411,2.844,3.264
21-Oct,2.394,2.794,3.204
24-Oct,2.389,2.791,3.211
25-Oct,2.445,2.872,3.285
26-Oct,2.484,2.932,3.352
27-Oct,2.52,2.963,3.38
28-Oct,2.529,2.972,3.378
31-Oct,2.542,2.978,3.432
1-Nov,2.559,3.002,3.461
2-Nov,2.585,3.046,3.503
3-Nov,2.592,3.055,3.513
4-Nov,2.624,3.083,3.534
7-Nov,2.645,3.104,3.543
8-Nov,2.629,3.058,3.503
9-Nov,2.666,3.129,3.567
10-Nov,2.663,3.113,3.565
11-Nov,2.658,3.102,3.554
14-Nov,2.672,3.123,3.576
15-Nov,2.657,3.078,3.545
16-Nov,2.622,2.998,3.462
17-Nov,2.635,3.026,3.48
18-Nov,2.734,3.158,3.578
21-Nov,2.709,3.092,3.523
22-Nov,2.708,3.088,3.521
23-Nov,2.7,3.075,3.508
24-Nov,2.659,2.991,3.429
25-Nov,2.666,3.005,3.436
28-Nov,2.686,3.012,3.432
29-Nov,2.714,3.067,3.487
30-Nov,2.718,3.063,3.474
1-Dec,2.676,3.006,3.429
2-Dec,2.644,2.993,3.416
5-Dec,2.655,3.01,3.436
6-Dec,2.653,2.98,3.392
7-Dec,2.656,3.013,3.427
8-Dec,2.667,2.994,3.4
9-Dec,2.711,3.075,3.464
12-Dec,2.716,3.057,3.44
13-Dec,2.735,3.058,3.421
14-Dec,2.728,3.03,3.385
15-Dec,2.787,3.056,3.397
16-Dec,2.748,3.028,3.364
19-Dec,2.746,3.03,3.356
20-Dec,2.76,3.051,3.366
21-Dec,2.793,3.107,3.415
22-Dec,2.792,3.098,3.375
23-Dec,2.783,3.095,3.375
26-Dec,2.775,3.095,3.377
27-Dec,2.789,3.095,3.357
28-Dec,2.769,3.031,3.311
29-Dec,2.823,3.073,3.335
30-Dec,2.774,3.05,3.312
2-Jan,2.836,3.092,3.344
3-Jan,2.819,3.064,3.334
4-Jan,2.711,2.978,3.293
5-Jan,2.758,3.032,3.283
6-Jan,2.759,3.025,3.27
9-Jan,2.799,3.046,3.269
10-Jan,2.841,3.086,3.296
11-Jan,2.864,3.105,3.308
12-Jan,2.84,3.078,3.288
13-Jan,2.827,3.066,3.274
16-Jan,2.825,3.069,3.286
17-Jan,2.807,3.051,3.279
18-Jan,2.829,3.07,3.293
19-Jan,2.882,3.14,3.353
20-Jan,2.893,3.166,3.386
23-Jan,2.904,3.182,3.398
24-Jan,2.886,3.164,3.382
25-Jan,2.919,3.223,3.447
26-Jan,2.93,3.265,3.503
27-Jan,2.936,3.261,3.493
30-Jan,2.965,3.273,3.482
31-Jan,2.961,3.266,3.477
1-Feb,2.997,3.321,3.534
2-Feb,2.965,3.301,3.515
3-Feb,2.956,3.283,3.497
6-Feb,2.959,3.284,3.492
7-Feb,2.963,3.306,3.519
8-Feb,2.948,3.292,3.508
9-Feb,2.924,3.266,3.484
10-Feb,2.922,3.259,3.484
13-Feb,2.931,3.274,3.499
14-Feb,2.927,3.278,3.501
15-Feb,2.935,3.285,3.51
16-Feb,2.941,3.296,3.523
17-Feb,2.893,3.23,3.46
20-Feb,2.889,3.218,3.45
21-Feb,2.91,3.24,3.463
22-Feb,2.919,3.221,3.435
23-Feb,2.99,3.293,3.495
24-Feb,3.001,3.306,3.507
27-Feb,3.041,3.357,3.548
28-Feb,3.024,3.319,3.505
1-Mar,3.036,3.336,3.531
2-Mar,3.09,3.411,3.597
3-Mar,3.117,3.439,3.611
6-Mar,3.113,3.43,3.602
7-Mar,3.12,3.435,3.618
8-Mar,3.137,3.476,3.657
9-Mar,3.12,3.467,3.663
10-Mar,3.169,3.505,3.7
13-Mar,3.178,3.53,3.724
14-Mar,3.142,3.47,3.665
15-Mar,3.184,3.513,3.703
16-Mar,3.175,3.489,3.672
17-Mar,3.209,3.525,3.706
20-Mar,3.186,3.499,3.677
21-Mar,3.193,3.504,3.681
22-Mar,3.183,3.484,3.66
23-Mar,3.19,3.508,3.693
24-Mar,3.151,3.458,3.652
27-Mar,3.158,3.461,3.658
28-Mar,3.249,3.563,3.749
29-Mar,3.281,3.601,3.781
30-Mar,3.3,3.624,3.807
31-Mar,3.285,3.603,3.791
3-Apr,3.331,3.658,3.842
4-Apr,3.321,3.667,3.861
5-Apr,3.309,3.665,3.875
6-Apr,3.278,3.682,3.92
7-Apr,3.257,3.669,3.92
10-Apr,3.275,3.679,3.917
11-Apr,3.267,3.667,3.903
12-Apr,3.28,3.686,3.915
13-Apr,3.312,3.746,3.983
14-Apr,3.318,3.746,3.983
17-Apr,3.315,3.746,3.983
18-Apr,3.294,3.727,3.975
19-Apr,3.296,3.729,3.977
20-Apr,3.284,3.706,3.951
21-Apr,3.286,3.726,3.974
24-Apr,3.296,3.723,3.961
25-Apr,3.329,3.773,4.007
26-Apr,3.368,3.799,4.013
27-Apr,3.335,3.751,3.98
28-Apr,3.331,3.746,3.965
1-May,3.331,3.754,3.975
2-May,3.356,3.772,3.996
3-May,3.353,3.788,4.021
4-May,3.369,3.814,4.047
5-May,3.359,3.777,4.014
8-May,3.381,3.803,4.034
9-May,3.383,3.808,4.044
10-May,3.345,3.755,4.004
11-May,3.403,3.836,4.086
12-May,3.384,3.827,4.097
15-May,3.306,3.738,4.032
16-May,3.273,3.701,3.992
17-May,3.313,3.76,4.071
18-May,3.289,3.718,4.024
19-May,3.281,3.687,3.988
22-May,3.236,3.614,3.916
23-May,3.255,3.636,3.929
24-May,3.251,3.611,3.889
25-May,3.256,3.608,3.878
26-May,3.264,3.618,3.882
29-May,3.278,3.631,3.891
30-May,3.328,3.68,3.936
31-May,3.37,3.729,3.981
1-Jun,3.381,3.745,3.995
2-Jun,3.349,3.68,3.926
5-Jun,3.403,3.737,3.969
6-Jun,3.42,3.766,3.989
7-Jun,3.427,3.78,4.006
8-Jun,3.315,3.674,3.916
9-Jun,3.326,3.69,3.929
12-Jun,3.305,3.666,3.908
13-Jun,3.291,3.625,3.86
14-Jun,3.327,3.67,3.892
15-Jun,3.362,3.723,3.943
16-Jun,3.354,3.712,3.932
19-Jun,3.404,3.763,3.971
20-Jun,3.431,3.787,3.993
21-Jun,3.45,3.812,4.013
22-Jun,3.465,3.845,4.059
23-Jun,3.489,3.865,4.078
26-Jun,3.526,3.886,4.091
27-Jun,3.538,3.894,4.09
28-Jun,3.542,3.894,4.091
29-Jun,3.515,3.859,4.059
30-Jun,3.534,3.873,4.065
3-Jul,3.546,3.894,4.085
4-Jul,3.535,3.876,4.074
5-Jul,3.578,3.939,4.134
6-Jul,3.594,3.929,4.111
7-Jul,3.573,3.882,4.063
10-Jul,3.589,3.907,4.085
11-Jul,3.555,3.859,4.047
12-Jul,3.583,3.894,4.083
13-Jul,3.549,3.841,4.045
14-Jul,3.497,3.773,3.979
17-Jul,3.508,3.79,3.992
18-Jul,3.534,3.821,4.013
19-Jul,3.521,3.791,3.985
20-Jul,3.521,3.794,3.986
21-Jul,3.499,3.758,3.954
24-Jul,3.498,3.761,3.957
25-Jul,3.499,3.763,3.963
26-Jul,3.529,3.794,3.988
27-Jul,3.503,3.755,3.951
28-Jul,3.489,3.726,3.924
31-Jul,3.488,3.726,3.922
1-Aug,3.487,3.728,3.929
2-Aug,3.496,3.736,3.932
3-Aug,3.552,3.801,3.972
4-Aug,3.532,3.734,3.904
7-Aug,3.53,3.727,3.903
8-Aug,3.529,3.724,3.897
9-Aug,3.555,3.758,3.93
10-Aug,3.55,3.753,3.927
11-Aug,3.585,3.812,3.975
14-Aug,3.614,3.841,4
15-Aug,3.609,3.808,3.965
16-Aug,3.595,3.777,3.928
17-Aug,3.604,3.773,3.916
18-Aug,3.612,3.766,3.9
21-Aug,3.591,3.718,3.858
22-Aug,3.518,3.645,3.804
23-Aug,3.524,3.665,3.822
24-Aug,3.524,3.651,3.806
25-Aug,3.509,3.636,3.789
28-Aug,3.506,3.632,3.791
29-Aug,3.541,3.677,3.826
30-Aug,3.527,3.651,3.797
31-Aug,3.526,3.615,3.757
1-Sep,3.529,3.608,3.741
4-Sep,3.534,3.617,3.749
5-Sep,3.568,3.661,3.787
6-Sep,3.6,3.712,3.832
7-Sep,3.607,3.698,3.812
8-Sep,3.612,3.686,3.787
11-Sep,3.637,3.711,3.804
12-Sep,3.651,3.733,3.839
13-Sep,3.643,3.703,3.794
14-Sep,3.646,3.712,3.794
15-Sep,3.641,3.703,3.778
18-Sep,3.671,3.763,3.834
19-Sep,3.637,3.708,3.781
20-Sep,3.642,3.703,3.772
21-Sep,3.628,3.676,3.75
22-Sep,3.563,3.597,3.692
25-Sep,3.509,3.556,3.662
26-Sep,3.536,3.573,3.658
27-Sep,3.555,3.595,3.673
28-Sep,3.575,3.618,3.693
29-Sep,3.595,3.638,3.715
2-Oct,3.59,3.617,3.692
3-Oct,3.614,3.655,3.738
4-Oct,3.602,3.625,3.701
5-Oct,3.606,3.633,3.715
6-Oct,3.613,3.662,3.757
9-Oct,3.63,3.678,3.765
10-Oct,3.665,3.746,3.817
11-Oct,3.661,3.742,3.813
12-Oct,3.658,3.73,3.808
13-Oct,3.671,3.758,3.837
16-Oct,3.665,3.755,3.835
17-Oct,3.653,3.726,3.804
18-Oct,3.649,3.742,3.82
19-Oct,3.666,3.762,3.846
20-Oct,3.698,3.771,3.842
23-Oct,3.731,3.816,3.881
24-Oct,3.732,3.812,3.881
25-Oct,3.743,3.824,3.892
26-Oct,3.737,3.806,3.868
27-Oct,3.719,3.767,3.816
30-Oct,3.72,3.761,3.796
31-Oct,3.674,3.701,3.741
1-Nov,3.633,3.66,3.708
2-Nov,3.664,3.686,3.741
3-Nov,3.712,3.741,3.777
6-Nov,3.736,3.76,3.794
7-Nov,3.717,3.72,3.743
8-Nov,3.745,3.746,3.763
9-Nov,3.732,3.726,3.745
10-Nov,3.689,3.682,3.717
13-Nov,3.705,3.708,3.743
14-Nov,3.697,3.685,3.718
15-Nov,3.719,3.713,3.746
16-Nov,3.732,3.725,3.755
17-Nov,3.71,3.698,3.769
20-Nov,3.677,3.678,3.755
21-Nov,3.691,3.683,3.757
22-Nov,3.676,3.675,3.756
23-Nov,3.717,3.714,3.781
24-Nov,3.677,3.661,3.734
27-Nov,3.673,3.668,3.757
28-Nov,3.66,3.653,3.739
29-Nov,3.685,3.678,3.758
30-Nov,3.663,3.65,3.731
1-Dec,3.629,3.617,3.703
4-Dec,3.619,3.619,3.711
5-Dec,3.642,3.638,3.721
6-Dec,3.665,3.664,3.731
7-Dec,3.707,3.706,3.757
8-Dec,3.715,3.724,3.778
11-Dec,3.743,3.747,3.793
12-Dec,3.749,3.75,3.789
13-Dec,3.77,3.769,3.801
14-Dec,3.795,3.807,3.834
15-Dec,3.806,3.819,3.848
18-Dec,3.818,3.837,3.883
19-Dec,3.842,3.867,3.92
20-Dec,3.845,3.867,3.915
21-Dec,3.857,3.88,3.93
22-Dec,3.866,3.891,3.939
25-Dec,3.863,3.89,3.937
26-Dec,3.861,3.887,3.934
27-Dec,3.895,3.927,3.98
28-Dec,3.91,3.951,4.01
29-Dec,3.907,3.94,4.003
1-Jan,3.907,3.942,4.007
2-Jan,3.888,3.916,3.984
3-Jan,3.894,3.928,3.998
4-Jan,3.89,3.912,3.98
5-Jan,3.924,3.958,4.029
8-Jan,3.914,3.945,4.022
9-Jan,3.935,3.969,4.05
10-Jan,3.95,3.981,4.065
11-Jan,3.923,3.962,4.06
12-Jan,3.95,4,4.109
15-Jan,3.95,3.995,4.101
16-Jan,3.949,3.99,4.088
17-Jan,3.944,3.99,4.088
18-Jan,3.967,4.016,4.112
19-Jan,3.971,4.015,4.102
22-Jan,3.947,3.985,4.074
23-Jan,3.956,3.992,4.072
24-Jan,3.974,4.013,4.09
25-Jan,3.985,4.038,4.128
26-Jan,3.985,4.043,4.139
29-Jan,4.002,4.061,4.165
30-Jan,3.998,4.051,4.155
31-Jan,3.995,4.044,4.145
1-Feb,3.981,4.026,4.138
2-Feb,3.945,3.987,4.109
5-Feb,3.923,3.958,4.081
6-Feb,3.939,3.965,4.079
7-Feb,3.955,3.967,4.075
8-Feb,3.981,4.001,4.091
9-Feb,3.999,4.036,4.136
12-Feb,3.997,4.042,4.153
13-Feb,4.014,4.06,4.171
14-Feb,4.002,4.04,4.145
15-Feb,3.966,3.986,4.091
16-Feb,3.986,4.005,4.096
19-Feb,4.004,4.023,4.113
20-Feb,3.999,4.023,4.109
21-Feb,3.994,4.013,4.098
22-Feb,4.016,4.042,4.133
23-Feb,4.001,4.007,4.093
26-Feb,3.97,3.955,4.042
27-Feb,3.936,3.92,4.011
28-Feb,3.918,3.905,4.003
1-Mar,3.903,3.89,3.994
2-Mar,3.873,3.868,3.985
5-Mar,3.869,3.848,3.963
6-Mar,3.89,3.865,3.966
7-Mar,3.897,3.867,3.969
8-Mar,3.923,3.882,3.979
9-Mar,3.951,3.913,4.006
12-Mar,3.943,3.892,3.981
13-Mar,3.937,3.876,3.956
14-Mar,3.917,3.851,3.936
15-Mar,3.949,3.891,3.963
16-Mar,3.954,3.897,3.963
19-Mar,3.981,3.93,3.984
20-Mar,3.971,3.915,3.967
21-Mar,3.98,3.924,3.986
22-Mar,3.975,3.925,4.007
23-Mar,3.996,3.971,4.06
26-Mar,4.001,3.973,4.062
27-Mar,4.017,3.996,4.083
28-Mar,4.019,4,4.09
29-Mar,4.039,4.028,4.11
30-Mar,4.049,4.037,4.11
2-Apr,4.075,4.063,4.125
3-Apr,4.078,4.073,4.15
4-Apr,4.061,4.048,4.124
5-Apr,4.073,4.069,4.147
6-Apr,4.078,4.069,4.149
9-Apr,4.075,4.068,4.146
10-Apr,4.069,4.103,4.181
11-Apr,4.101,4.123,4.195
12-Apr,4.108,4.152,4.233
13-Apr,4.14,4.194,4.282
16-Apr,4.126,4.171,4.258
17-Apr,4.113,4.161,4.234
18-Apr,4.108,4.145,4.204
19-Apr,4.125,4.179,4.248
20-Apr,4.115,4.184,4.254
23-Apr,4.112,4.162,4.231
24-Apr,4.106,4.153,4.219
25-Apr,4.122,4.176,4.246
26-Apr,4.171,4.212,4.277
27-Apr,4.175,4.211,4.273
30-Apr,4.143,4.153,4.207
1-May,4.147,4.159,4.204
2-May,4.184,4.213,4.264
3-May,4.203,4.225,4.284
4-May,4.181,4.188,4.248
7-May,4.205,4.215,4.265
8-May,4.181,4.189,4.249
9-May,4.185,4.2,4.262
10-May,4.186,4.206,4.268
11-May,4.181,4.206,4.27
14-May,4.218,4.257,4.32
15-May,4.257,4.291,4.351
16-May,4.274,4.298,4.354
17-May,4.291,4.318,4.362
18-May,4.276,4.306,4.36
21-May,4.287,4.319,4.373
22-May,4.299,4.339,4.389
23-May,4.33,4.377,4.417
24-May,4.304,4.357,4.404
25-May,4.332,4.383,4.424
28-May,4.317,4.375,4.428
29-May,4.371,4.402,4.44
30-May,4.367,4.401,4.437
31-May,4.392,4.429,4.462
1-Jun,4.438,4.481,4.499
4-Jun,4.42,4.471,4.494
5-Jun,4.441,4.49,4.53
6-Jun,4.385,4.439,4.497
7-Jun,4.429,4.529,4.585
8-Jun,4.431,4.542,4.612
11-Jun,4.426,4.536,4.605
12-Jun,4.461,4.58,4.65
13-Jun,4.491,4.606,4.682
14-Jun,4.476,4.6,4.681
15-Jun,4.479,4.607,4.691
18-Jun,4.468,4.603,4.699
19-Jun,4.432,4.564,4.654
20-Jun,4.474,4.606,4.682
21-Jun,4.471,4.607,4.688
22-Jun,4.447,4.603,4.697
25-Jun,4.425,4.571,4.663
26-Jun,4.477,4.569,4.659
27-Jun,4.451,4.525,4.61
28-Jun,4.488,4.555,4.627
29-Jun,4.499,4.571,4.64
2-Jul,4.455,4.515,4.579
3-Jul,4.483,4.56,4.626
4-Jul,4.518,4.601,4.67
5-Jul,4.552,4.646,4.716
6-Jul,4.571,4.677,4.75
9-Jul,4.562,4.667,4.741
10-Jul,4.507,4.588,4.662
11-Jul,4.512,4.588,4.662
12-Jul,4.545,4.635,4.707
13-Jul,4.552,4.639,4.702
16-Jul,4.527,4.604,4.667
17-Jul,4.549,4.633,4.69
18-Jul,4.518,4.589,4.639
19-Jul,4.533,4.596,4.647
20-Jul,4.464,4.491,4.535
23-Jul,4.459,4.489,4.539
24-Jul,4.443,4.474,4.532
25-Jul,4.428,4.458,4.509
26-Jul,4.338,4.375,4.44
27-Jul,4.326,4.374,4.434
30-Jul,4.305,4.351,4.422
31-Jul,4.355,4.401,4.464
1-Aug,4.342,4.39,4.47
2-Aug,4.386,4.432,4.491
3-Aug,4.331,4.368,4.431
6-Aug,4.319,4.366,4.439
7-Aug,4.355,4.396,4.458
8-Aug,4.433,4.479,4.528
9-Aug,4.344,4.415,4.494
10-Aug,4.263,4.36,4.463
13-Aug,4.275,4.368,4.475
14-Aug,4.251,4.346,4.46
15-Aug,4.186,4.294,4.435
16-Aug,4.001,4.154,4.35
17-Aug,4.015,4.161,4.388
20-Aug,3.996,4.147,4.373
21-Aug,3.923,4.083,4.329
22-Aug,4.093,4.196,4.395
23-Aug,4.069,4.17,4.369
24-Aug,4.077,4.174,4.366
27-Aug,4.065,4.158,4.357
28-Aug,4.033,4.141,4.338
29-Aug,4.027,4.138,4.345
30-Aug,4.033,4.147,4.353
31-Aug,4.061,4.182,4.363
3-Sep,4.071,4.201,4.388
4-Sep,4.07,4.209,4.399
5-Sep,4,4.139,4.339
6-Sep,4.005,4.142,4.352
7-Sep,3.906,4.051,4.28
10-Sep,3.882,4.012,4.232
11-Sep,3.918,4.04,4.261
12-Sep,3.964,4.073,4.282
13-Sep,4.045,4.152,4.319
14-Sep,4.024,4.139,4.317
17-Sep,4.024,4.127,4.294
18-Sep,4.082,4.214,4.359
19-Sep,4.085,4.245,4.414
20-Sep,4.108,4.282,4.457
21-Sep,4.091,4.284,4.478
24-Sep,4.081,4.284,4.483
25-Sep,4.043,4.242,4.446
26-Sep,4.102,4.309,4.505
27-Sep,4.098,4.289,4.495
28-Sep,4.063,4.24,4.439
1-Oct,4.038,4.217,4.432
2-Oct,4.042,4.213,4.419
3-Oct,4.049,4.228,4.432
4-Oct,4.003,4.166,4.377
5-Oct,4.033,4.231,4.434
8-Oct,4.056,4.237,4.433
9-Oct,4.063,4.22,4.397
10-Oct,4.093,4.26,4.431
11-Oct,4.131,4.309,4.469
12-Oct,4.219,4.359,4.5
15-Oct,4.238,4.372,4.506
16-Oct,4.207,4.367,4.516
17-Oct,4.16,4.323,4.478
18-Oct,4.08,4.232,4.418
19-Oct,4.017,4.144,4.322
22-Oct,3.994,4.122,4.295
23-Oct,4.003,4.125,4.298
24-Oct,3.942,4.075,4.25
25-Oct,3.947,4.073,4.263
26-Oct,3.971,4.092,4.282
29-Oct,3.985,4.094,4.278
30-Oct,4,4.105,4.299
31-Oct,4.086,4.189,4.356
1-Nov,4.044,4.135,4.324
2-Nov,4.004,4.094,4.292
5-Nov,3.998,4.081,4.29
6-Nov,4.022,4.101,4.303
7-Nov,3.987,4.058,4.284
8-Nov,3.934,4.018,4.269
9-Nov,3.897,3.971,4.235
12-Nov,3.91,3.979,4.251
13-Nov,3.935,4.014,4.277
14-Nov,3.972,4.05,4.293
15-Nov,3.922,4.002,4.271
16-Nov,3.89,3.981,4.26
19-Nov,3.836,3.91,4.218
20-Nov,3.858,3.932,4.244
21-Nov,3.79,3.869,4.222
22-Nov,3.793,3.865,4.232
23-Nov,3.805,3.902,4.24
26-Nov,3.811,3.91,4.236
27-Nov,3.827,3.931,4.257
28-Nov,3.881,4.015,4.314
29-Nov,3.841,3.95,4.263
30-Nov,3.898,4.018,4.318
3-Dec,3.86,3.938,4.255
4-Dec,3.839,3.906,4.217
5-Dec,3.832,3.917,4.218
6-Dec,3.884,3.959,4.26
7-Dec,3.981,4.072,4.355
10-Dec,4.032,4.137,4.412
11-Dec,4.021,4.095,4.388
12-Dec,4.081,4.174,4.451
13-Dec,4.078,4.162,4.434
14-Dec,4.091,4.181,4.456
17-Dec,4.064,4.171,4.43
18-Dec,4.06,4.175,4.417
19-Dec,4.045,4.159,4.419
20-Dec,4.041,4.133,4.379
21-Dec,4.067,4.176,4.441
24-Dec,4.068,4.173,4.433
25-Dec,4.067,4.175,4.435
26-Dec,4.069,4.179,4.439
27-Dec,4.092,4.226,4.477
28-Dec,4.052,4.185,4.434
31-Dec,4.045,4.18,4.43
1-Jan,4.051,4.18,4.429
2-Jan,3.932,4.015,4.296
3-Jan,3.92,4.007,4.304
4-Jan,3.887,3.947,4.264
7-Jan,3.905,3.961,4.268
8-Jan,3.938,3.998,4.294
9-Jan,3.89,3.951,4.258
10-Jan,3.908,3.963,4.27
11-Jan,3.896,3.941,4.268
14-Jan,3.835,3.894,4.226
15-Jan,3.813,3.858,4.202
16-Jan,3.717,3.789,4.167
17-Jan,3.698,3.768,4.155
18-Jan,3.658,3.747,4.151
21-Jan,3.566,3.668,4.093
22-Jan,3.55,3.746,4.178
23-Jan,3.446,3.606,4.081
24-Jan,3.645,3.783,4.189
25-Jan,3.639,3.781,4.173
28-Jan,3.633,3.739,4.142
29-Jan,3.664,3.777,4.192
30-Jan,3.65,3.793,4.216
31-Jan,3.554,3.684,4.132
1-Feb,3.552,3.668,4.111
4-Feb,3.578,3.677,4.119
5-Feb,3.457,3.546,4.031
6-Feb,3.46,3.574,4.085
7-Feb,3.327,3.469,4.061
8-Feb,3.288,3.454,4.04
11-Feb,3.283,3.444,4.043
12-Feb,3.337,3.533,4.133
13-Feb,3.355,3.544,4.135
14-Feb,3.39,3.614,4.169
15-Feb,3.363,3.544,4.12
18-Feb,3.436,3.635,4.171
19-Feb,3.417,3.611,4.152
20-Feb,3.467,3.662,4.195
21-Feb,3.53,3.711,4.191
22-Feb,3.511,3.696,4.188
25-Feb,3.524,3.706,4.231
26-Feb,3.576,3.758,4.264
27-Feb,3.55,3.74,4.275
28-Feb,3.462,3.629,4.168
29-Feb,3.403,3.504,4.064
3-Mar,3.438,3.518,4.052
4-Mar,3.445,3.495,4.027
5-Mar,3.502,3.586,4.113
6-Mar,3.566,3.589,4.077
7-Mar,3.53,3.565,4.087
10-Mar,3.486,3.481,4.029
11-Mar,3.568,3.581,4.073
12-Mar,3.604,3.594,4.049
13-Mar,3.595,3.573,4.056
14-Mar,3.361,3.51,4.139
17-Mar,3.224,3.444,4.125
18-Mar,3.38,3.568,4.186
19-Mar,3.476,3.629,4.148
20-Mar,3.553,3.692,4.128
21-Mar,3.543,3.694,4.135
24-Mar,3.532,3.695,4.136
25-Mar,3.716,3.857,4.231
26-Mar,3.706,3.848,4.246
27-Mar,3.679,3.859,4.282
28-Mar,3.714,3.886,4.27
31-Mar,3.672,3.843,4.223
1-Apr,3.714,3.93,4.273
2-Apr,3.774,3.968,4.27
3-Apr,3.735,3.942,4.287
4-Apr,3.71,3.915,4.253
7-Apr,3.783,3.995,4.325
8-Apr,3.762,3.979,4.335
9-Apr,3.717,3.945,4.319
10-Apr,3.681,3.908,4.309
11-Apr,3.633,3.825,4.231
14-Apr,3.634,3.835,4.23
15-Apr,3.705,3.916,4.292
16-Apr,3.788,4,4.371
17-Apr,3.891,4.099,4.407
18-Apr,4.03,4.209,4.45
21-Apr,3.991,4.134,4.425
22-Apr,4.065,4.199,4.445
23-Apr,4.017,4.168,4.44
24-Apr,4.022,4.194,4.477
25-Apr,4.006,4.189,4.447
28-Apr,3.982,4.186,4.467
29-Apr,3.925,4.117,4.413
30-Apr,3.917,4.111,4.389
1-May,3.911,4.099,4.379
2-May,3.969,4.201,4.46
5-May,3.984,4.163,4.42
6-May,3.917,4.099,4.393
7-May,3.922,4.117,4.43
8-May,3.854,4.018,4.33
9-May,3.814,3.965,4.284
12-May,3.88,4.016,4.31
13-May,3.958,4.115,4.39
14-May,4.052,4.191,4.449
15-May,4.126,4.23,4.466
16-May,4.124,4.209,4.417
19-May,4.161,4.246,4.467
20-May,4.138,4.206,4.439
21-May,4.228,4.299,4.501
22-May,4.315,4.339,4.53
23-May,4.332,4.327,4.501
26-May,4.335,4.355,4.517
27-May,4.331,4.363,4.539
28-May,4.34,4.392,4.571
29-May,4.442,4.476,4.647
30-May,4.429,4.456,4.62
2-Jun,4.375,4.387,4.576
3-Jun,4.453,4.476,4.658
4-Jun,4.418,4.414,4.619
5-Jun,4.681,4.589,4.713
6-Jun,4.697,4.607,4.687
9-Jun,4.79,4.726,4.78
10-Jun,4.746,4.734,4.81
11-Jun,4.702,4.724,4.836
12-Jun,4.703,4.788,4.884
13-Jun,4.76,4.857,4.926
16-Jun,4.816,4.916,4.918
17-Jun,4.767,4.873,4.902
18-Jun,4.754,4.875,4.889
19-Jun,4.81,4.949,4.93
20-Jun,4.739,4.863,4.888
23-Jun,4.701,4.814,4.866
24-Jun,4.672,4.79,4.871
25-Jun,4.705,4.809,4.882
26-Jun,4.624,4.706,4.791
27-Jun,4.621,4.69,4.803
30-Jun,4.772,4.845,4.901
1-Jul,4.753,4.822,4.882
2-Jul,4.804,4.879,4.918
3-Jul,4.651,4.714,4.831
4-Jul,4.609,4.654,4.774
7-Jul,4.564,4.582,4.715
8-Jul,4.576,4.589,4.716
9-Jul,4.587,4.604,4.687
10-Jul,4.565,4.583,4.672
11-Jul,4.553,4.62,4.709
14-Jul,4.523,4.586,4.682
15-Jul,4.47,4.544,4.695
16-Jul,4.485,4.582,4.714
17-Jul,4.526,4.636,4.773
18-Jul,4.639,4.786,4.898
21-Jul,4.715,4.858,4.953
22-Jul,4.687,4.838,4.946
23-Jul,4.674,4.846,4.949
24-Jul,4.564,4.697,4.868
25-Jul,4.584,4.707,4.91
28-Jul,4.532,4.626,4.831
29-Jul,4.506,4.587,4.782
30-Jul,4.48,4.52,4.732
31-Jul,4.428,4.446,4.672
1-Aug,4.416,4.448,4.665
4-Aug,4.406,4.423,4.657
5-Aug,4.406,4.399,4.638
6-Aug,4.401,4.415,4.661
7-Aug,4.247,4.257,4.58
8-Aug,4.216,4.244,4.584
11-Aug,4.256,4.272,4.601
12-Aug,4.204,4.222,4.565
13-Aug,4.172,4.178,4.551
14-Aug,4.181,4.19,4.549
15-Aug,4.16,4.161,4.515
18-Aug,4.144,4.136,4.497
19-Aug,4.127,4.133,4.527
20-Aug,4.144,4.123,4.484
21-Aug,4.225,4.207,4.535
22-Aug,4.279,4.275,4.578
25-Aug,4.19,4.152,4.481
26-Aug,4.144,4.125,4.476
27-Aug,4.235,4.216,4.542
28-Aug,4.297,4.27,4.548
29-Aug,4.265,4.269,4.548
1-Sep,4.179,4.186,4.502
2-Sep,4.23,4.213,4.518
3-Sep,4.25,4.204,4.517
4-Sep,4.186,4.127,4.451
5-Sep,4.112,4.059,4.424
8-Sep,4.184,4.135,4.498
9-Sep,4.15,4.113,4.473
10-Sep,4.15,4.129,4.483
11-Sep,4.13,4.145,4.503
12-Sep,4.209,4.233,4.598
15-Sep,3.987,4.054,4.519
16-Sep,3.949,4.089,4.506
17-Sep,3.973,4.124,4.53
18-Sep,4.012,4.199,4.605
19-Sep,4.321,4.458,4.724
22-Sep,4.355,4.488,4.749
23-Sep,4.246,4.439,4.727
24-Sep,4.125,4.349,4.646
25-Sep,4.187,4.408,4.701
26-Sep,4.028,4.297,4.635
29-Sep,3.8,4.174,4.555
30-Sep,3.852,4.276,4.595
1-Oct,3.801,4.243,4.55
2-Oct,3.669,4.133,4.487
3-Oct,3.637,4.124,4.475
6-Oct,3.405,3.956,4.306
7-Oct,3.402,4.015,4.312
8-Oct,3.303,4.023,4.403
9-Oct,3.341,4.1,4.485
10-Oct,3.3,4.182,4.636
13-Oct,3.415,4.313,4.694
14-Oct,3.442,4.279,4.676
15-Oct,3.338,4.157,4.595
16-Oct,3.118,4.019,4.544
17-Oct,3.166,4.022,4.505
20-Oct,3.143,3.984,4.503
21-Oct,3.129,3.933,4.423
22-Oct,3.091,3.831,4.328
23-Oct,3.111,3.835,4.343
24-Oct,3.063,3.793,4.369
27-Oct,3.018,3.765,4.378
28-Oct,3.002,3.702,4.368
29-Oct,2.985,3.659,4.424
30-Oct,2.994,3.628,4.448
31-Oct,3.096,3.742,4.607
3-Nov,3.124,3.714,4.546
4-Nov,3.14,3.717,4.53
5-Nov,3.103,3.641,4.449
6-Nov,3.017,3.525,4.328
7-Nov,2.972,3.433,4.243
10-Nov,2.955,3.423,4.243
11-Nov,2.91,3.392,4.224
12-Nov,2.862,3.368,4.182
13-Nov,2.842,3.385,4.198
14-Nov,2.786,3.365,4.135
17-Nov,2.755,3.36,4.157
18-Nov,2.746,3.385,4.137
19-Nov,2.662,3.354,4.04
20-Nov,2.496,3.248,3.88
21-Nov,2.62,3.306,3.888
24-Nov,2.741,3.446,3.952
25-Nov,2.792,3.457,3.901
26-Nov,2.734,3.401,3.873
27-Nov,2.737,3.464,3.899
28-Nov,2.706,3.465,3.89
1-Dec,2.655,3.389,3.868
2-Dec,2.654,3.375,3.764
3-Dec,2.673,3.402,3.748
4-Dec,2.77,3.493,3.856
5-Dec,2.688,3.46,3.809
8-Dec,2.903,3.663,3.954
9-Dec,2.94,3.702,4.019
10-Dec,2.855,3.643,3.992
11-Dec,2.787,3.599,3.985
12-Dec,2.834,3.686,4.073
15-Dec,2.782,3.574,4.01
16-Dec,2.741,3.542,3.963
17-Dec,2.555,3.363,3.83
18-Dec,2.531,3.327,3.819
19-Dec,2.517,3.307,3.84
22-Dec,2.47,3.242,3.788
23-Dec,2.449,3.208,3.8
24-Dec,2.44,3.2,3.796
25-Dec,2.442,3.201,3.796
26-Dec,2.44,3.201,3.796
29-Dec,2.402,3.148,3.76
30-Dec,2.28,3.194,3.815
31-Dec,2.311,3.196,3.811
1-Jan,2.308,3.198,3.811
2-Jan,2.233,3.159,3.794
5-Jan,2.183,3.179,3.847
6-Jan,2.157,3.295,3.987
7-Jan,2.024,3.272,3.996
8-Jan,1.907,3.229,3.92
9-Jan,1.821,3.143,3.842
12-Jan,1.813,3.163,3.895
13-Jan,1.814,3.192,3.976
14-Jan,1.818,3.19,3.943
15-Jan,1.861,3.251,4.037
16-Jan,1.843,3.251,4.118
19-Jan,1.855,3.342,4.152
20-Jan,1.826,3.347,4.198
21-Jan,1.739,3.358,4.232
22-Jan,1.715,3.413,4.321
23-Jan,1.721,3.493,4.419
26-Jan,1.883,3.647,4.477
27-Jan,1.881,3.588,4.397
28-Jan,1.814,3.503,4.364
29-Jan,1.747,3.418,4.354
30-Jan,1.715,3.407,4.394
2-Feb,1.704,3.356,4.386
3-Feb,1.68,3.337,4.39
4-Feb,1.638,3.264,4.311
5-Feb,1.601,3.207,4.263
6-Feb,1.579,3.208,4.271
9-Feb,1.594,3.184,4.21
10-Feb,1.625,3.165,4.342
11-Feb,1.549,3.028,4.225
12-Feb,1.489,3.027,4.249
13-Feb,1.491,3.111,4.276
16-Feb,1.447,3.106,4.291
17-Feb,1.415,3.058,4.255
18-Feb,1.485,3.085,4.211
19-Feb,2.136,3.383,4.275
20-Feb,2.063,3.273,4.164
23-Feb,2.056,3.272,4.143
24-Feb,2.02,3.248,4.164
25-Feb,1.995,3.242,4.17
26-Feb,2.073,3.371,4.308
27-Feb,2.032,3.343,4.284
2-Mar,1.937,3.235,4.211
3-Mar,1.926,3.221,4.208
4-Mar,1.929,3.249,4.228
5-Mar,1.932,3.143,4.064
6-Mar,1.918,3.122,4.027
9-Mar,1.942,3.186,3.999
10-Mar,1.966,3.248,4.041
11-Mar,1.97,3.252,4.071
12-Mar,1.925,3.174,4.032
13-Mar,1.923,3.211,4.063
16-Mar,1.946,3.258,4.127
17-Mar,1.998,3.319,4.182
18-Mar,1.998,3.336,4.216
19-Mar,1.977,3.242,4.093
20-Mar,1.904,3.114,4.021
23-Mar,1.91,3.127,4.043
24-Mar,1.965,3.205,4.157
25-Mar,1.966,3.185,4.131
26-Mar,1.92,3.148,4.081
27-Mar,1.818,3.101,4.049
30-Mar,1.8,3.088,4.056
31-Mar,1.775,3.067,4.051
1-Apr,1.769,3.06,4.056
2-Apr,1.933,3.151,4.166
3-Apr,1.948,3.155,4.161
6-Apr,1.938,3.121,4.097
7-Apr,1.901,3.124,4.133
8-Apr,1.864,3.112,4.149
9-Apr,1.815,3.086,4.165
10-Apr,1.817,3.101,4.146
13-Apr,1.821,3.105,4.143
14-Apr,1.808,3.053,4.101
15-Apr,1.775,2.99,4.064
16-Apr,1.821,3.01,4.066
17-Apr,1.897,3.074,4.13
20-Apr,1.807,2.948,4.011
21-Apr,1.807,2.969,4.009
22-Apr,1.852,3.006,4.033
23-Apr,1.858,2.975,4.008
24-Apr,1.783,2.938,4.007
27-Apr,1.754,2.936,3.981
28-Apr,1.707,2.88,3.956
29-Apr,1.687,2.818,3.905
30-Apr,1.69,2.828,3.926
1-May,1.664,2.817,3.919
4-May,1.711,2.907,3.959
5-May,1.664,2.806,3.909
6-May,1.609,2.794,3.928
7-May,1.585,2.864,4.027
8-May,1.514,2.816,4.041
11-May,1.557,2.794,3.981
12-May,1.595,2.822,4.022
13-May,1.514,2.755,3.972
14-May,1.511,2.803,3.996
15-May,1.496,2.828,4.045
18-May,1.475,2.814,4.032
19-May,1.547,2.907,4.112
20-May,1.579,2.931,4.099
21-May,1.552,2.932,4.112
22-May,1.589,3.006,4.205
25-May,1.673,3.093,4.277
26-May,1.674,3.108,4.293
27-May,1.665,3.128,4.281
28-May,1.642,3.147,4.33
29-May,1.568,3.1,4.285
1-Jun,1.595,3.161,4.358
2-Jun,1.567,3.101,4.414
3-Jun,1.556,3.044,4.336
4-Jun,1.679,3.186,4.45
5-Jun,1.803,3.305,4.464
8-Jun,1.863,3.301,4.406
9-Jun,1.804,3.264,4.37
10-Jun,1.817,3.29,4.422
11-Jun,1.831,3.304,4.429
12-Jun,1.788,3.271,4.383
15-Jun,1.716,3.184,4.301
16-Jun,1.698,3.195,4.322
17-Jun,1.645,3.158,4.304
18-Jun,1.662,3.171,4.341
19-Jun,1.571,3.067,4.273
22-Jun,1.549,3.03,4.24
23-Jun,1.559,3.004,4.243
24-Jun,1.476,2.907,4.204
25-Jun,1.411,2.841,4.167
26-Jun,1.415,2.831,4.143
29-Jun,1.45,2.845,4.117
30-Jun,1.428,2.856,4.131
1-Jul,1.4,2.862,4.151
2-Jul,1.294,2.74,4.057
3-Jul,1.294,2.768,4.076
6-Jul,1.284,2.742,4.036
7-Jul,1.274,2.753,4.056
8-Jul,1.269,2.718,4.06
9-Jul,1.308,2.75,4.083
10-Jul,1.288,2.717,4.046
13-Jul,1.316,2.737,4.067
14-Jul,1.685,3.036,4.093
15-Jul,1.718,3.07,4.12
16-Jul,1.664,3.019,4.085
17-Jul,1.704,3.075,4.138
20-Jul,1.702,3.039,4.076
21-Jul,1.664,2.984,4.009
22-Jul,1.646,2.974,4.005
23-Jul,1.648,2.974,4.042
24-Jul,1.667,2.988,4.052
27-Jul,1.706,3.008,4.057
28-Jul,1.659,2.945,4
29-Jul,1.663,2.915,3.991
30-Jul,1.675,2.921,3.976
31-Jul,1.597,2.799,3.846
3-Aug,1.678,2.878,3.892
4-Aug,1.725,2.909,3.897
5-Aug,1.752,2.933,3.903
6-Aug,1.784,2.976,3.927
7-Aug,1.902,3.065,4.002
10-Aug,1.834,2.974,3.929
11-Aug,1.772,2.941,3.921
12-Aug,1.747,2.951,3.93
13-Aug,1.693,2.901,3.893
14-Aug,1.63,2.833,3.831
17-Aug,1.649,2.845,3.82
18-Aug,1.65,2.835,3.811
19-Aug,1.629,2.811,3.786
20-Aug,1.608,2.796,3.775
21-Aug,1.698,2.866,3.812
24-Aug,1.658,2.829,3.802
25-Aug,1.633,2.796,3.763
26-Aug,1.604,2.769,3.728
27-Aug,1.607,2.772,3.741
28-Aug,1.622,2.782,3.755
31-Aug,1.611,2.79,3.775
1-Sep,1.58,2.783,3.819
2-Sep,1.59,2.793,3.834
3-Sep,1.539,2.82,3.888
4-Sep,1.504,2.814,3.873
7-Sep,1.488,2.814,3.9
8-Sep,1.488,2.826,3.927
9-Sep,1.483,2.842,3.959
10-Sep,1.424,2.752,3.863
11-Sep,1.399,2.704,3.786
14-Sep,1.443,2.752,3.835
15-Sep,1.455,2.775,3.844
16-Sep,1.459,2.81,3.875
17-Sep,1.485,2.819,3.887
18-Sep,1.481,2.83,3.901
21-Sep,1.455,2.815,3.91
22-Sep,1.462,2.822,3.902
23-Sep,1.431,2.791,3.868
24-Sep,1.368,2.72,3.794
25-Sep,1.382,2.717,3.768
28-Sep,1.375,2.728,3.78
29-Sep,1.392,2.727,3.78
30-Sep,1.4,2.757,3.808
1-Oct,1.694,2.735,3.794
2-Oct,1.686,2.701,3.762
5-Oct,1.677,2.693,3.752
6-Oct,1.683,2.716,3.78
7-Oct,1.663,2.677,3.747
8-Oct,1.658,2.659,3.727
9-Oct,1.753,2.76,3.795
12-Oct,1.713,2.732,3.778
13-Oct,1.686,2.724,3.798
14-Oct,1.724,2.771,3.843
15-Oct,1.777,2.831,3.902
16-Oct,1.793,2.803,3.872
19-Oct,1.798,2.802,3.867
20-Oct,1.736,2.722,3.803
21-Oct,1.763,2.777,3.856
22-Oct,1.744,2.765,3.834
23-Oct,1.76,2.81,3.873
26-Oct,1.753,2.813,3.867
27-Oct,1.686,2.732,3.8
28-Oct,1.677,2.723,3.787
29-Oct,1.757,2.817,3.87
30-Oct,1.687,2.731,3.788
2-Nov,1.687,2.727,3.784
3-Nov,1.683,2.743,3.816
4-Nov,1.707,2.782,3.856
5-Nov,1.707,2.8,3.882
6-Nov,1.682,2.794,3.895
9-Nov,1.646,2.739,3.85
10-Nov,1.634,2.712,3.81
11-Nov,1.624,2.714,3.807
12-Nov,1.61,2.721,3.826
13-Nov,1.618,2.747,3.873
16-Nov,1.633,2.747,3.848
17-Nov,1.597,2.695,3.786
18-Nov,1.594,2.709,3.812
19-Nov,1.594,2.71,3.824
20-Nov,1.644,2.746,3.826
23-Nov,1.666,2.768,3.84
24-Nov,1.642,2.726,3.817
25-Nov,1.658,2.74,3.821
26-Nov,1.597,2.643,3.761
27-Nov,1.612,2.671,3.776
30-Nov,1.611,2.654,3.747
1-Dec,1.577,2.623,3.733
2-Dec,1.573,2.625,3.744
3-Dec,1.612,2.661,3.75
4-Dec,1.654,2.713,3.781
7-Dec,1.623,2.671,3.744
8-Dec,1.572,2.639,3.747
9-Dec,1.627,2.736,3.832
10-Dec,1.712,2.778,3.864
11-Dec,1.692,2.742,3.835
14-Dec,1.651,2.713,3.797
15-Dec,1.714,2.777,3.847
16-Dec,1.661,2.716,3.789
17-Dec,1.645,2.728,3.788
18-Dec,1.711,2.793,3.842
21-Dec,1.764,2.89,3.931
22-Dec,1.766,2.884,3.923
23-Dec,1.757,2.889,3.95
24-Dec,1.749,2.886,3.943
25-Dec,1.747,2.885,3.941
28-Dec,1.781,2.905,3.958
29-Dec,1.832,2.937,3.955
30-Dec,1.867,2.956,3.975
31-Dec,1.866,2.96,3.978
1-Jan,1.867,2.96,3.978
4-Jan,1.879,2.973,3.97
5-Jan,1.833,2.951,3.965
6-Jan,1.843,2.969,4.003
7-Jan,1.804,2.924,3.983
8-Jan,1.755,2.877,3.955
11-Jan,1.718,2.851,3.963
12-Jan,1.684,2.827,3.948
13-Jan,1.691,2.842,3.962
14-Jan,1.725,2.872,3.996
15-Jan,1.696,2.849,3.966
18-Jan,1.743,2.884,3.973
19-Jan,1.831,2.942,4.008
20-Jan,1.857,2.982,4.019
21-Jan,1.813,2.963,4.009
22-Jan,1.856,2.981,4.03
25-Jan,1.812,2.887,3.957
26-Jan,1.819,2.84,4.033
27-Jan,1.879,2.907,4.103
28-Jan,1.964,3.01,4.187
29-Jan,2.118,3.039,4.12
1-Feb,2.05,2.976,4.028
2-Feb,2.044,3.001,4.056
3-Feb,2.165,3.072,4.112
4-Feb,2.206,3.154,4.13
5-Feb,2.185,3.131,4.121
8-Feb,2.158,3.139,4.144
9-Feb,1.968,2.997,4.061
10-Feb,1.801,2.868,3.988
11-Feb,1.718,2.816,3.994
12-Feb,1.7,2.794,3.988
15-Feb,1.724,2.852,4.027
16-Feb,1.71,2.838,4.015
17-Feb,1.672,2.796,3.996
18-Feb,1.664,2.831,4.029
19-Feb,1.634,2.834,4.036
22-Feb,1.581,2.793,3.996
23-Feb,1.537,2.715,3.911
24-Feb,1.522,2.71,3.891
25-Feb,1.52,2.725,3.906
26-Feb,1.52,2.726,3.861
1-Mar,1.442,2.673,3.821
2-Mar,1.456,2.689,3.854
3-Mar,1.461,2.672,3.87
4-Mar,1.467,2.642,3.874
5-Mar,1.463,2.848,3.865
8-Mar,1.459,2.839,3.849
9-Mar,1.477,2.848,3.842
10-Mar,1.477,2.842,3.841
11-Mar,1.498,2.875,3.872
12-Mar,1.51,2.871,3.866
15-Mar,1.501,2.877,3.874
16-Mar,1.43,2.822,3.856
17-Mar,1.387,2.81,3.847
18-Mar,1.425,2.853,3.885
19-Mar,1.444,2.871,3.885
22-Mar,1.427,2.851,3.854
23-Mar,1.403,2.814,3.824
24-Mar,1.392,2.838,3.833
25-Mar,1.412,2.861,3.869
26-Mar,1.396,2.826,3.835
29-Mar,1.392,2.811,3.827
30-Mar,1.383,2.813,3.819
31-Mar,1.397,2.816,3.816
1-Apr,1.384,2.806,3.805
2-Apr,1.387,2.806,3.801
5-Apr,1.389,2.806,3.806
6-Apr,1.456,2.897,3.879
7-Apr,1.485,2.894,3.875
8-Apr,1.495,2.89,3.86
9-Apr,1.518,2.892,3.881
12-Apr,1.468,2.845,3.844
13-Apr,1.476,2.855,3.85
14-Apr,1.49,2.869,3.858
15-Apr,1.481,2.855,3.848
16-Apr,1.466,2.832,3.833
19-Apr,1.501,2.861,3.843
20-Apr,1.528,2.882,3.863
21-Apr,1.574,2.907,3.87
22-Apr,1.755,3.038,3.94
23-Apr,1.708,3.043,3.981
26-Apr,1.897,3.154,4.051
27-Apr,2.061,3.229,4.064
28-Apr,2.089,3.261,4.119
29-Apr,1.893,3.129,4.053
30-Apr,1.919,3.096,4.03
3-May,1.966,3.106,4.036
4-May,2.191,3.297,4.105
5-May,2.61,3.488,4.178
6-May,2.911,3.802,4.422
7-May,2.89,3.744,4.439
10-May,1.938,2.973,3.927
11-May,2.012,2.992,3.927
12-May,1.887,2.947,3.914
13-May,1.823,2.901,3.93
14-May,1.951,2.918,3.944
17-May,1.884,2.908,3.987
18-May,1.926,2.892,4
19-May,1.947,2.907,4.024
20-May,2.061,2.928,4.071
21-May,2.071,2.935,4.052
24-May,2.061,2.932,4.06
25-May,2.154,3.065,4.135
26-May,2.363,3.197,4.197
27-May,2.378,3.261,4.228
28-May,2.333,3.232,4.212
31-May,2.414,3.336,4.258
1-Jun,2.568,3.408,4.327
2-Jun,2.706,3.525,4.422
3-Jun,2.767,3.6,4.518
4-Jun,2.761,3.605,4.528
7-Jun,2.791,3.768,4.601
8-Jun,2.921,3.842,4.594
9-Jun,2.88,3.76,4.571
10-Jun,2.732,3.565,4.475
11-Jun,2.863,3.516,4.462
14-Jun,3.004,3.715,4.68
15-Jun,3.143,3.798,4.738
16-Jun,3.285,3.946,4.882
17-Jun,3.282,3.886,4.774
18-Jun,2.925,3.684,4.592
21-Jun,2.797,3.596,4.464
22-Jun,2.93,3.715,4.517
23-Jun,3.001,3.77,4.54
24-Jun,2.792,3.609,4.452
25-Jun,2.796,3.618,4.464
28-Jun,2.909,3.712,4.536
29-Jun,3.052,3.823,4.609
30-Jun,2.957,3.752,4.561
1-Jul,2.971,3.76,4.575
2-Jul,2.93,3.728,4.523
5-Jul,2.948,3.791,4.609
6-Jul,2.967,3.835,4.672
7-Jul,2.917,3.787,4.655
8-Jul,2.748,3.671,4.65
9-Jul,2.703,3.595,4.693
12-Jul,2.613,3.539,4.662
13-Jul,2.575,3.45,4.646
14-Jul,2.662,3.536,4.727
15-Jul,2.547,3.459,4.624
16-Jul,2.318,3.276,4.462
19-Jul,2.162,3.183,4.407
20-Jul,2.139,3.157,4.327
21-Jul,2.13,3.146,4.317
22-Jul,2.155,3.218,4.361
23-Jul,2.155,3.231,4.355
26-Jul,2.034,3.103,4.243
27-Jul,1.901,2.95,4.144
28-Jul,1.925,2.978,4.225
29-Jul,1.952,2.969,4.238
30-Jul,1.923,2.947,4.211
2-Aug,1.857,2.913,4.16
3-Aug,1.784,2.822,4.127
4-Aug,1.828,2.852,4.144
5-Aug,1.85,2.834,4.114
6-Aug,1.826,2.792,4.044
9-Aug,1.806,2.786,4.032
10-Aug,1.935,2.963,4.18
11-Aug,1.92,2.927,4.107
12-Aug,2.018,2.987,4.18
13-Aug,2.074,3.061,4.251
16-Aug,2.08,3.042,4.197
17-Aug,1.999,2.906,4.103
18-Aug,1.93,2.838,4.027
19-Aug,1.945,2.858,4.045
20-Aug,1.921,2.874,4.06
23-Aug,1.912,2.901,4.066
24-Aug,1.93,2.92,4.02
25-Aug,1.963,2.967,3.99
26-Aug,2.022,3.014,4.015
27-Aug,2.082,3.096,4.058
30-Aug,2.111,3.126,4.061
31-Aug,2.098,3.128,4.048
1-Sep,2.036,3.045,4.033
2-Sep,2.018,3.004,4.01
3-Sep,2.027,3.014,4.025
6-Sep,2.092,3.045,4.077
7-Sep,2.198,3.084,4.061
8-Sep,2.223,3.059,4.039
9-Sep,2.197,3.081,4.056
10-Sep,2.22,3.101,4.114
13-Sep,2.214,3.126,4.153
14-Sep,2.223,3.119,4.157
15-Sep,2.227,3.121,4.161
16-Sep,2.243,3.146,4.203
17-Sep,2.241,3.153,4.2
20-Sep,2.277,3.171,4.229
21-Sep,2.227,3.145,4.203
22-Sep,2.171,3.084,4.134
23-Sep,2.162,3.087,4.122
24-Sep,2.211,3.152,4.148
27-Sep,2.235,3.133,4.137
28-Sep,2.264,3.19,4.18
29-Sep,2.319,3.211,4.197
30-Sep,2.278,3.116,4.123
1-Oct,2.215,3.087,4.093
4-Oct,2.169,3.024,4.051
5-Oct,2.16,3.021,4.059
6-Oct,2.125,2.978,4
7-Oct,2.092,3.005,4.03
8-Oct,2.051,2.951,3.991
11-Oct,2.029,2.939,3.982
12-Oct,2.027,2.967,3.993
13-Oct,2.036,2.979,4.027
14-Oct,2.015,2.939,3.996
15-Oct,2.018,2.921,3.988
18-Oct,2.031,2.925,4.001
19-Oct,2.045,2.943,4.045
20-Oct,2.08,2.95,4.058
21-Oct,2.104,3.026,4.153
22-Oct,2.096,3.016,4.135
25-Oct,2.022,2.947,4.066
26-Oct,2.009,2.939,4.074
27-Oct,2.063,3.039,4.177
28-Oct,2.106,3.097,4.191
29-Oct,2.123,3.141,4.211
1-Nov,2.139,3.178,4.244
2-Nov,2.202,3.253,4.289
3-Nov,2.216,3.265,4.288
4-Nov,2.296,3.323,4.34
5-Nov,2.547,3.66,4.364
8-Nov,2.653,3.731,4.406
9-Nov,2.66,3.729,4.393
10-Nov,2.746,3.806,4.501
11-Nov,2.886,3.929,4.635
12-Nov,2.742,3.804,4.531
15-Nov,2.678,3.762,4.521
16-Nov,2.781,3.872,4.607
17-Nov,2.807,3.902,4.621
18-Nov,2.928,4.035,4.717
19-Nov,2.939,4.031,4.722
22-Nov,2.987,4.082,4.738
23-Nov,3.225,4.26,4.897
24-Nov,3.404,4.422,5.064
25-Nov,3.506,4.555,5.175
26-Nov,3.484,4.564,5.178
29-Nov,3.709,4.816,5.427
30-Nov,3.877,4.908,5.503
1-Dec,3.552,4.644,5.289
2-Dec,3.245,4.415,5.078
3-Dec,3.108,4.276,5.051
6-Dec,3.178,4.375,5.157
7-Dec,3.238,4.467,5.204
8-Dec,3.324,4.531,5.234
9-Dec,3.39,4.582,5.287
10-Dec,3.588,4.706,5.406
13-Dec,3.598,4.748,5.452
14-Dec,3.657,4.81,5.514
15-Dec,3.605,4.763,5.452
16-Dec,3.638,4.832,5.516
17-Dec,3.658,4.829,5.518
20-Dec,3.668,4.812,5.495
21-Dec,3.669,4.827,5.515
22-Dec,3.572,4.748,5.47
23-Dec,3.532,4.718,5.465
24-Dec,3.522,4.714,5.471
27-Dec,3.512,4.695,5.462
28-Dec,3.453,4.69,5.474
29-Dec,3.459,4.743,5.453
30-Dec,3.475,4.749,5.45
31-Dec,3.456,4.756,5.453
3-Jan,3.433,4.724,5.411
4-Jan,3.344,4.632,5.317
5-Jan,3.384,4.667,5.309
6-Jan,3.436,4.819,5.46
7-Jan,3.536,4.836,5.507
10-Jan,3.564,4.931,5.545
11-Jan,3.492,4.816,5.484
12-Jan,3.458,4.767,5.454
13-Jan,3.306,4.615,5.349
14-Jan,3.306,4.628,5.332
17-Jan,3.308,4.693,5.433
18-Jan,3.373,4.751,5.454
19-Jan,3.198,4.62,5.349
20-Jan,3.17,4.57,5.315
21-Jan,2.987,4.444,5.173
24-Jan,3.108,4.328,5.237
25-Jan,3.217,4.417,5.318
26-Jan,3.334,4.514,5.407
27-Jan,3.438,4.615,5.477
28-Jan,3.444,4.616,5.439
31-Jan,3.342,4.532,5.35
1-Feb,3.14,4.342,5.194
2-Feb,3.034,4.204,5.078
3-Feb,3.068,4.266,5.169
4-Feb,3.043,4.252,5.132
7-Feb,3.084,4.344,5.229
8-Feb,3.176,4.421,5.292
9-Feb,3.168,4.439,5.296
10-Feb,3.178,4.458,5.311
11-Feb,3.205,4.505,5.354
14-Feb,3.265,4.549,5.434
15-Feb,3.242,4.514,5.394
16-Feb,3.109,4.42,5.316
17-Feb,3.121,4.432,5.344
18-Feb,3.1,4.432,5.356
21-Feb,3.106,4.426,5.341
22-Feb,3.142,4.416,5.34
23-Feb,3.171,4.427,5.337
24-Feb,3.184,4.438,5.353
25-Feb,3.19,4.472,5.386
28-Feb,3.159,4.454,5.37
1-Mar,3.12,4.422,5.341
2-Mar,3.101,4.404,5.31
3-Mar,3.251,4.506,5.388
4-Mar,3.215,4.505,5.373
7-Mar,3.219,4.507,5.366
8-Mar,3.235,4.557,5.466
9-Mar,3.218,4.563,5.495
10-Mar,3.176,4.529,5.498
11-Mar,3.051,4.426,5.414
14-Mar,2.897,4.259,5.256
15-Mar,2.802,4.167,5.182
16-Mar,2.808,4.141,5.16
17-Mar,2.878,4.213,5.227
18-Mar,2.816,4.131,5.154
21-Mar,2.857,4.132,5.138
22-Mar,2.859,4.165,5.178
23-Mar,2.856,4.151,5.162
24-Mar,2.867,4.166,5.16
25-Mar,2.917,4.227,5.162
28-Mar,2.95,4.221,5.166
29-Mar,3.002,4.27,5.194
30-Mar,3.005,4.283,5.195
31-Mar,3.131,4.429,5.284
1-Apr,3.121,4.421,5.302
4-Apr,3.072,4.386,5.269
5-Apr,3.078,4.395,5.284
6-Apr,3.01,4.344,5.221
7-Apr,3.033,4.358,5.23
8-Apr,3.082,4.418,5.253
11-Apr,3.084,4.404,5.229
12-Apr,3.051,4.375,5.178
13-Apr,3.11,4.421,5.22
14-Apr,3.205,4.531,5.311
15-Apr,3.287,4.624,5.405
18-Apr,3.495,4.769,5.541
19-Apr,3.47,4.695,5.495
20-Apr,3.431,4.66,5.458
21-Apr,3.462,4.707,5.458
22-Apr,3.462,4.706,5.458
25-Apr,3.462,4.706,5.458
26-Apr,3.52,4.728,5.493
27-Apr,3.455,4.717,5.477
28-Apr,3.339,4.608,5.376
29-Apr,3.257,4.513,5.278
2-May,3.297,4.504,5.267
3-May,3.278,4.511,5.248
4-May,3.274,4.523,5.246
5-May,3.221,4.5,5.226
6-May,3.255,4.507,5.23
9-May,3.367,4.581,5.311
10-May,3.32,4.53,5.265
11-May,3.331,4.52,5.246
12-May,3.292,4.464,5.208
13-May,3.335,4.49,5.249
16-May,3.31,4.468,5.241
17-May,3.342,4.527,5.301
18-May,3.417,4.601,5.351
19-May,3.47,4.642,5.383
20-May,3.618,4.781,5.471
23-May,3.648,4.808,5.5
24-May,3.605,4.754,5.46
25-May,3.502,4.636,5.345
26-May,3.45,4.569,5.292
27-May,3.446,4.604,5.313
30-May,3.523,4.671,5.375
31-May,3.451,4.628,5.354
1-Jun,3.45,4.593,5.311
2-Jun,3.398,4.555,5.285
3-Jun,3.334,4.476,5.221
6-Jun,3.343,4.5,5.258
7-Jun,3.317,4.545,5.321
8-Jun,3.338,4.591,5.364
9-Jun,3.363,4.636,5.431
10-Jun,3.363,4.658,5.463
13-Jun,3.379,4.681,5.484
14-Jun,3.374,4.661,5.458
15-Jun,3.419,4.737,5.539
16-Jun,3.511,4.84,5.649
17-Jun,3.448,4.762,5.564
20-Jun,3.47,4.792,5.58
21-Jun,3.4,4.688,5.483
22-Jun,3.397,4.731,5.523
23-Jun,3.566,4.832,5.623
24-Jun,3.658,4.926,5.67
27-Jun,3.673,4.925,5.679
28-Jun,3.609,4.875,5.624
29-Jun,3.555,4.801,5.564
30-Jun,3.413,4.672,5.436
1-Jul,3.305,4.606,5.372
4-Jul,3.317,4.606,5.39
5-Jul,3.399,4.73,5.474
6-Jul,3.581,4.872,5.594
7-Jul,3.599,4.861,5.612
8-Jul,3.703,4.908,5.664
11-Jul,4.135,5.366,6.007
12-Jul,3.969,5.153,5.832
13-Jul,3.932,5.099,5.801
14-Jul,3.957,5.159,5.852
15-Jul,4.134,5.332,6.045
18-Jul,4.476,5.648,6.293
19-Jul,4.195,5.357,6.073
20-Jul,4.049,5.214,5.963
21-Jul,3.648,4.9,5.709
22-Jul,3.753,4.918,5.74
25-Jul,4.035,5.219,5.999
26-Jul,4.042,5.147,5.934
27-Jul,4.075,5.218,5.947
28-Jul,4.107,5.28,6.006
29-Jul,4.203,5.351,6.059
1-Aug,4.317,5.436,6.18
2-Aug,4.458,5.535,6.264
3-Aug,4.451,5.535,6.231
4-Aug,4.459,5.539,6.271
5-Aug,4.211,5.337,6.032
8-Aug,3.118,4.345,5.138
9-Aug,3.061,4.22,5.056
10-Aug,3.089,4.219,5.003
11-Aug,3.096,4.197,4.979
12-Aug,3.113,4.187,4.969
15-Aug,3.116,4.206,4.968
16-Aug,3.133,4.189,4.966
17-Aug,3.096,4.142,4.927
18-Aug,3.164,4.183,4.966
19-Aug,3.184,4.172,4.942
22-Aug,3.134,4.195,4.948
23-Aug,3.226,4.208,4.973
24-Aug,3.248,4.236,4.993
25-Aug,3.177,4.197,4.981
26-Aug,3.193,4.193,4.986
29-Aug,3.259,4.177,4.992
30-Aug,3.234,4.19,5.019
31-Aug,3.278,4.234,5.03
1-Sep,3.249,4.265,5.037
2-Sep,3.471,4.475,5.11
5-Sep,3.619,4.595,5.238
6-Sep,3.584,4.541,5.166
7-Sep,3.35,4.299,4.981
8-Sep,3.341,4.311,5.01
9-Sep,3.528,4.441,5.138
12-Sep,3.753,4.634,5.308
13-Sep,3.809,4.704,5.362
14-Sep,3.687,4.658,5.34
15-Sep,3.681,4.69,5.383
16-Sep,3.493,4.534,5.276
19-Sep,3.56,4.567,5.329
20-Sep,3.604,4.604,5.353
21-Sep,3.641,4.624,5.387
22-Sep,3.52,4.491,5.275
23-Sep,3.461,4.43,5.19
26-Sep,3.404,4.394,5.145
27-Sep,3.296,4.279,5.03
28-Sep,3.33,4.314,5.063
29-Sep,3.325,4.319,5.082
30-Sep,3.407,4.358,5.117
3-Oct,3.416,4.409,5.103
4-Oct,3.412,4.371,5.075
5-Oct,3.421,4.363,5.062
6-Oct,3.313,4.277,4.989
7-Oct,3.293,4.268,4.969
10-Oct,3.287,4.246,4.97
11-Oct,3.315,4.269,5.008
12-Oct,3.383,4.334,5.101
13-Oct,3.532,4.444,5.188
14-Oct,3.606,4.464,5.227
17-Oct,3.692,4.514,5.293
18-Oct,3.832,4.62,5.337
19-Oct,3.914,4.669,5.386
20-Oct,4.036,4.787,5.513
21-Oct,3.947,4.728,5.453
24-Oct,4.01,4.765,5.527
25-Oct,3.935,4.736,5.519
26-Oct,3.864,4.653,5.46
27-Oct,3.615,4.488,5.313
28-Oct,3.873,4.697,5.49
31-Oct,3.936,4.74,5.526
1-Nov,3.943,4.766,5.505
2-Nov,3.942,4.725,5.445
3-Nov,4.02,4.798,5.482
4-Nov,4.171,4.868,5.557
7-Nov,4.313,4.938,5.608
8-Nov,4.228,4.878,5.602
9-Nov,4.484,5.102,5.788
10-Nov,4.606,5.154,5.829
11-Nov,4.611,5.142,5.82
14-Nov,4.923,5.402,6.072
15-Nov,5.233,5.658,6.301
16-Nov,5.33,5.707,6.38
17-Nov,5.389,5.788,6.454
18-Nov,5.321,5.698,6.345
21-Nov,5.476,5.864,6.513
22-Nov,5.644,6.017,6.573
23-Nov,5.743,6.073,6.615
24-Nov,5.749,6.166,6.601
25-Nov,5.959,6.291,6.666
28-Nov,5.63,6.113,6.539
29-Nov,5.48,5.984,6.365
30-Nov,5.255,5.793,6.201
1-Dec,4.674,5.231,5.702
2-Dec,4.463,5.071,5.626
5-Dec,3.796,4.527,5.09
6-Dec,3.91,4.644,5.182
7-Dec,4.269,4.848,5.397
8-Dec,4.798,5.325,5.784
9-Dec,4.55,5.184,5.712
12-Dec,4.349,5.105,5.75
13-Dec,4.053,4.891,5.677
14-Dec,3.958,4.882,5.651
15-Dec,3.541,4.565,5.392
16-Dec,3.347,4.432,5.264
19-Dec,3.259,4.36,5.132
20-Dec,3.238,4.288,5.03
21-Dec,3.525,4.437,5.234
22-Dec,3.534,4.519,5.322
23-Dec,3.56,4.465,5.322
26-Dec,3.56,4.465,5.322
27-Dec,3.459,4.441,5.289
28-Dec,3.172,4.24,5.109
29-Dec,3.23,4.224,5.13
30-Dec,3.161,4.054,5.04
2-Jan,3.186,4.151,5.064
3-Jan,3.27,4.301,5.25
4-Jan,3.399,4.425,5.395
5-Jan,3.579,4.665,5.601
6-Jan,3.684,4.826,5.669
9-Jan,3.491,4.639,5.526
10-Jan,3.322,4.473,5.451
11-Jan,3.012,4.227,5.29
12-Jan,2.871,3.986,5.097
13-Jan,2.963,4.094,5.19
16-Jan,2.902,3.984,5.151
17-Jan,2.887,3.959,5.1
18-Jan,2.949,4.026,5.113
19-Jan,3.058,4.116,5.189
20-Jan,3.247,4.068,5.453
23-Jan,3.083,3.987,5.428
24-Jan,3.021,3.968,5.42
25-Jan,2.802,3.857,5.362
26-Jan,2.571,3.622,5.178
27-Jan,2.45,3.473,4.934
30-Jan,2.53,3.564,5.008
31-Jan,2.528,3.579,4.944
1-Feb,2.422,3.477,4.821
2-Feb,2.436,3.529,4.904
3-Feb,2.509,3.609,4.959
6-Feb,2.512,3.648,4.994
7-Feb,2.558,3.672,5.04
8-Feb,2.642,3.795,5.194
9-Feb,2.587,3.714,5.151
10-Feb,2.775,3.879,5.272
13-Feb,2.73,3.821,5.234
14-Feb,2.778,3.88,5.26
15-Feb,2.862,4.023,5.413
16-Feb,2.808,3.916,5.304
17-Feb,2.787,3.866,5.228
20-Feb,2.772,3.833,5.129
21-Feb,2.703,3.725,5.081
22-Feb,2.677,3.708,5.065
23-Feb,2.649,3.693,5.049
24-Feb,2.557,3.662,5.025
27-Feb,2.466,3.59,4.987
28-Feb,2.41,3.585,5.017
29-Feb,2.276,3.528,4.968
1-Mar,2.142,3.429,4.849
2-Mar,2.196,3.453,4.887
5-Mar,2.248,3.509,4.951
6-Mar,2.388,3.633,5.122
7-Mar,2.298,3.584,5.066
8-Mar,2.284,3.546,5.037
9-Mar,2.276,3.545,4.979
12-Mar,2.276,3.579,5.038
13-Mar,2.38,3.7,5.115
14-Mar,2.398,3.737,5.154
15-Mar,2.353,3.726,5.165
16-Mar,2.333,3.742,5.176
19-Mar,2.322,3.745,5.177
20-Mar,2.292,3.785,5.211
21-Mar,2.389,3.986,5.384
22-Mar,2.505,4.091,5.473
23-Mar,2.452,4.002,5.35
26-Mar,2.412,3.972,5.308
27-Mar,2.417,3.999,5.33
28-Mar,2.405,3.988,5.307
29-Mar,2.539,4.203,5.441
30-Mar,2.474,4.098,5.332
2-Apr,2.423,4.104,5.329
3-Apr,2.481,4.221,5.43
4-Apr,2.74,4.469,5.674
5-Apr,2.931,4.574,5.742
6-Apr,2.931,4.574,5.742
9-Apr,2.931,4.574,5.742
10-Apr,3.287,4.862,5.96
11-Apr,3.232,4.795,5.852
12-Apr,3.228,4.754,5.802
13-Apr,3.402,4.882,5.96
16-Apr,3.568,4.924,6.044
17-Apr,3.381,4.702,5.859
18-Apr,3.341,4.639,5.792
19-Apr,3.424,4.752,5.894
20-Apr,3.449,4.762,5.937
23-Apr,3.511,4.833,5.975
24-Apr,3.378,4.71,5.841
25-Apr,3.214,4.575,5.774
26-Apr,3.213,4.647,5.811
27-Apr,3.233,4.697,5.854
30-Apr,3.182,4.624,5.744
1-May,3.269,4.64,5.752
2-May,3.259,4.725,5.824
3-May,3.209,4.644,5.76
4-May,3.2,4.629,5.71
7-May,3.2,4.641,5.725
8-May,3.286,4.724,5.817
9-May,3.63,4.998,6.051
10-May,3.517,4.871,5.965
11-May,3.679,4.979,5.984
14-May,3.923,5.225,6.202
15-May,4.067,5.398,6.322
16-May,4.013,5.34,6.268
17-May,4.116,5.341,6.287
18-May,4.099,5.337,6.245
21-May,4.156,5.383,6.251
22-May,3.977,5.205,6.054
23-May,4.152,5.375,6.183
24-May,4.135,5.361,6.141
25-May,4.282,5.554,6.29
28-May,4.403,5.701,6.452
29-May,4.568,5.79,6.424
30-May,4.925,6.086,6.632
31-May,4.932,6.023,6.536
1-Jun,4.913,5.955,6.495
4-Jun,4.784,5.818,6.361
5-Jun,4.671,5.674,6.274
6-Jun,4.495,5.612,6.254
7-Jun,4.162,5.282,6.061
8-Jun,4.233,5.437,6.192
11-Jun,4.505,5.72,6.487
12-Jun,4.8,5.967,6.678
13-Jun,4.825,6.022,6.721
14-Jun,4.915,6.15,6.884
15-Jun,4.923,6.083,6.838
18-Jun,5.348,6.481,7.117
19-Jun,5.212,6.377,6.998
20-Jun,4.938,6.105,6.701
21-Jun,4.579,5.862,6.568
22-Jun,4.352,5.614,6.317
25-Jun,4.741,5.958,6.597
26-Jun,5.133,6.242,6.833
27-Jun,5.304,6.318,6.884
28-Jun,5.334,6.352,6.896
29-Jun,4.201,5.475,6.291
2-Jul,4.127,5.495,6.338
3-Jul,3.919,5.289,6.21
4-Jul,4.021,5.452,6.375
5-Jul,4.525,5.879,6.737
6-Jul,4.828,6.092,6.912
9-Jul,4.968,6.264,7.022
10-Jul,4.664,5.975,6.773
11-Jul,4.366,5.766,6.54
12-Jul,4.445,5.83,6.594
13-Jul,4.369,5.764,6.619
16-Jul,4.572,5.972,6.773
17-Jul,4.659,6.028,6.771
18-Jul,4.954,6.256,6.918
19-Jul,5.086,6.335,6.968
20-Jul,5.691,6.804,7.226
23-Jul,6.455,7.321,7.444
24-Jul,6.571,7.498,7.566
25-Jul,6.3,7.113,7.33
26-Jul,5.548,6.47,6.878
27-Jul,5.173,6.222,6.7
30-Jul,4.866,6.022,6.571
31-Jul,5.168,6.203,6.707
1-Aug,4.867,6.11,6.69
2-Aug,4.754,6.3,7.119
3-Aug,3.882,5.748,6.808
6-Aug,3.434,5.346,6.696
7-Aug,3.696,5.492,6.819
8-Aug,3.804,5.586,6.819
9-Aug,3.954,5.613,6.816
10-Aug,4.111,5.677,6.876
13-Aug,4.169,5.74,6.812
14-Aug,4.127,5.699,6.696
15-Aug,4.061,5.642,6.612
16-Aug,3.889,5.529,6.499
17-Aug,3.691,5.301,6.414
20-Aug,3.508,5.117,6.253
21-Aug,3.416,4.989,6.184
22-Aug,3.556,5.127,6.247
23-Aug,3.651,5.258,6.316
24-Aug,3.653,5.282,6.388
27-Aug,3.614,5.234,6.343
28-Aug,3.589,5.282,6.445
29-Aug,3.523,5.215,6.435
30-Aug,3.631,5.332,6.567
31-Aug,3.589,5.448,6.831
3-Sep,3.446,5.391,6.823
4-Sep,3.007,4.891,6.54
5-Sep,3.033,4.843,6.38
6-Sep,2.872,4.479,5.994
7-Sep,2.667,4.176,5.601
10-Sep,2.811,4.346,5.673
11-Sep,2.858,4.323,5.664
12-Sep,2.751,4.222,5.59
13-Sep,2.869,4.291,5.6
14-Sep,3.066,4.534,5.756
17-Sep,3.267,4.775,5.945
18-Sep,3.259,4.687,5.87
19-Sep,3.048,4.411,5.667
20-Sep,3.088,4.471,5.742
21-Sep,3.069,4.407,5.729
24-Sep,2.98,4.33,5.653
25-Sep,3.102,4.431,5.717
26-Sep,3.384,4.778,6.032
27-Sep,3.302,4.643,5.91
28-Sep,3.363,4.688,5.904
1-Oct,3.247,4.636,5.856
2-Oct,3.088,4.391,5.721
3-Oct,3.169,4.475,5.784
4-Oct,3.237,4.551,5.879
5-Oct,3.013,4.247,5.666
8-Oct,3.069,4.275,5.696
9-Oct,3.203,4.639,5.803
10-Oct,3.228,4.63,5.783
11-Oct,3.181,4.579,5.746
12-Oct,3.039,4.392,5.605
15-Oct,3.161,4.575,5.796
16-Oct,3.091,4.552,5.784
17-Oct,2.74,4.202,5.445
18-Oct,2.664,4.111,5.32
19-Oct,2.707,4.164,5.349
22-Oct,2.846,4.331,5.47
23-Oct,2.986,4.453,5.599
24-Oct,2.963,4.377,5.546
25-Oct,3.035,4.451,5.592
26-Oct,3.019,4.392,5.57
29-Oct,3.088,4.451,5.639
30-Oct,3.049,4.427,5.652
31-Oct,2.981,4.358,5.598
1-Nov,2.926,4.317,5.574
2-Nov,3.025,4.431,5.642
5-Nov,3.109,4.554,5.735
6-Nov,3.016,4.441,5.64
7-Nov,3.077,4.495,5.678
8-Nov,3.159,4.603,5.836
9-Nov,3.088,4.567,5.808
12-Nov,3.185,4.653,5.876
13-Nov,3.16,4.611,5.835
14-Nov,3.206,4.691,5.92
15-Nov,3.222,4.682,5.885
16-Nov,3.224,4.681,5.857
19-Nov,3.298,4.735,5.884
20-Nov,3.169,4.633,5.774
21-Nov,3.09,4.547,5.696
22-Nov,3.014,4.472,5.641
23-Nov,2.943,4.424,5.598
26-Nov,2.969,4.438,5.602
27-Nov,2.878,4.357,5.505
28-Nov,2.687,4.15,5.314
29-Nov,2.758,4.176,5.321
30-Nov,2.828,4.21,5.3
3-Dec,2.792,4.155,5.234
4-Dec,2.821,4.17,5.234
5-Dec,2.898,4.296,5.382
6-Dec,2.955,4.354,5.457
7-Dec,2.932,4.32,5.438
10-Dec,3.053,4.41,5.541
11-Dec,2.944,4.297,5.44
12-Dec,2.855,4.225,5.347
13-Dec,2.864,4.257,5.386
14-Dec,2.834,4.218,5.373
17-Dec,2.865,4.236,5.413
18-Dec,2.823,4.061,5.289
19-Dec,2.787,4.01,5.244
20-Dec,2.73,3.98,5.215
21-Dec,2.745,3.991,5.226
24-Dec,2.99,3.934,5.21
25-Dec,2.99,3.934,5.21
26-Dec,2.99,3.934,5.21
27-Dec,2.791,4.027,5.256
28-Dec,2.82,4.012,5.225
31-Dec,2.783,3.998,5.232
1-Jan,2.783,3.998,5.232
2-Jan,2.48,3.749,5.015
3-Jan,2.42,3.748,5
4-Jan,2.371,3.753,5.037
7-Jan,2.409,3.807,5.092
8-Jan,2.367,3.787,5.055
9-Jan,2.348,3.822,5.117
10-Jan,2.061,3.502,4.887
11-Jan,2.089,3.455,4.872
14-Jan,2.495,3.841,5.014
15-Jan,2.458,3.79,5.002
16-Jan,2.437,3.801,5.012
17-Jan,2.51,3.874,5.117
18-Jan,2.481,3.83,5.061
21-Jan,2.564,3.922,5.149
22-Jan,2.537,3.913,5.107
23-Jan,2.517,3.9,5.053
24-Jan,2.462,3.839,4.997
25-Jan,2.433,3.771,5.16
28-Jan,2.497,3.841,5.232
29-Jan,2.444,3.77,5.144
30-Jan,2.537,3.852,5.21
31-Jan,2.54,3.833,5.168
1-Feb,2.571,3.878,5.192
4-Feb,2.852,4.145,5.422
5-Feb,2.766,4.059,5.362
6-Feb,2.823,4.146,5.433
7-Feb,2.782,4.092,5.403
8-Feb,2.712,4.013,5.349
11-Feb,2.755,4.078,5.412
12-Feb,2.669,3.959,5.31
13-Feb,2.504,3.831,5.191
14-Feb,2.509,3.826,5.184
15-Feb,2.511,3.795,5.178
18-Feb,2.539,3.855,5.222
19-Feb,2.504,3.82,5.187
20-Feb,2.504,3.815,5.174
21-Feb,2.53,3.842,5.189
22-Feb,2.521,3.81,5.136
25-Feb,2.576,3.833,5.158
26-Feb,2.789,4.048,5.354
27-Feb,2.643,3.908,5.221
28-Feb,2.471,3.726,5.081
1-Mar,2.467,3.737,5.087
4-Mar,2.474,3.745,5.084
5-Mar,2.378,3.693,5.029
6-Mar,2.335,3.659,4.992
7-Mar,2.228,3.552,4.879
8-Mar,2.147,3.426,4.752
11-Mar,2.195,3.465,4.75
12-Mar,2.2,3.434,4.716
13-Mar,2.228,3.473,4.756
14-Mar,2.282,3.553,4.85
15-Mar,2.321,3.609,4.91
18-Mar,2.348,3.649,4.949
19-Mar,2.392,3.714,5.027
20-Mar,2.337,3.646,4.962
21-Mar,2.29,3.559,4.868
22-Mar,2.291,3.55,4.843
25-Mar,2.354,3.645,4.947
26-Mar,2.317,3.627,4.921
27-Mar,2.443,3.803,5.066
28-Mar,2.411,3.797,5.051
29-Mar,2.411,3.797,5.051
1-Apr,2.411,3.797,5.051
2-Apr,2.227,3.661,4.93
3-Apr,2.181,3.611,4.902
4-Apr,2.127,3.561,4.902
5-Apr,2.033,3.425,4.738
8-Apr,2.029,3.423,4.733
9-Apr,2.09,3.414,4.708
10-Apr,2.059,3.352,4.628
11-Apr,2.088,3.377,4.656
12-Apr,2.087,3.378,4.679
15-Apr,2.103,3.394,4.72
16-Apr,2.076,3.383,4.72
17-Apr,2.019,3.322,4.67
18-Apr,2.023,3.324,4.657
19-Apr,1.997,3.289,4.611
22-Apr,1.937,3.21,4.482
23-Apr,1.857,3.05,4.27
24-Apr,1.895,3.094,4.277
25-Apr,1.91,3.122,4.278
26-Apr,1.901,3.107,4.269
29-Apr,1.741,2.963,4.145
30-Apr,1.673,2.91,4.124
1-May,1.687,2.91,4.127
2-May,1.524,2.781,4.032
3-May,1.513,2.788,4.029
6-May,1.569,2.838,4.093
7-May,1.563,2.832,4.096
8-May,1.562,2.825,4.085
9-May,1.61,2.885,4.176
10-May,1.619,2.897,4.192
13-May,1.68,2.976,4.278
14-May,1.753,3.058,4.333
15-May,1.777,3.072,4.329
16-May,1.786,3.041,4.296
17-May,1.653,2.931,4.194
20-May,1.668,2.943,4.191
21-May,1.672,2.953,4.176
22-May,1.692,2.949,4.169
23-May,1.815,3.072,4.282
24-May,1.917,3.227,4.407
27-May,1.838,3.144,4.321
28-May,1.789,3.104,4.282
29-May,1.919,3.237,4.405
30-May,1.873,3.184,4.355
31-May,1.926,3.219,4.429
3-Jun,1.94,3.238,4.462
4-Jun,1.893,3.188,4.412
5-Jun,1.9,3.208,4.432
6-Jun,2.12,3.419,4.679
7-Jun,2.049,3.321,4.536
10-Jun,2.052,3.346,4.585
11-Jun,2.118,3.412,4.649
12-Jun,2.119,3.398,4.617
13-Jun,2.188,3.435,4.608
14-Jun,2.17,3.428,4.575
17-Jun,2.183,3.448,4.573
18-Jun,2.147,3.395,4.543
19-Jun,2.091,3.35,4.523
20-Jun,2.289,3.654,4.841
21-Jun,2.341,3.714,4.899
24-Jun,2.508,3.884,5.106
25-Jun,2.521,3.871,5.064
26-Jun,2.305,3.637,4.836
27-Jun,2.218,3.537,4.773
28-Jun,2.235,3.568,4.758
1-Jul,2.073,3.438,4.595
2-Jul,2.075,3.41,4.617
3-Jul,2.15,3.532,4.758
4-Jul,1.975,3.403,4.633
5-Jul,1.924,3.379,4.648
8-Jul,1.893,3.359,4.67
9-Jul,1.946,3.409,4.726
10-Jul,2.028,3.496,4.799
11-Jul,2.055,3.528,4.811
12-Jul,2.053,3.493,4.772
15-Jul,2.035,3.434,4.719
16-Jul,1.986,3.413,4.68
17-Jul,2.028,3.46,4.724
18-Jul,1.957,3.374,4.648
19-Jul,1.923,3.357,4.669
22-Jul,1.863,3.27,4.6
23-Jul,1.914,3.315,4.679
24-Jul,1.882,3.254,4.669
25-Jul,1.876,3.246,4.631
26-Jul,1.9,3.266,4.616
29-Jul,1.934,3.323,4.673
30-Jul,1.919,3.303,4.652
31-Jul,1.907,3.3,4.647
1-Aug,1.884,3.26,4.613
2-Aug,1.837,3.2,4.56
5-Aug,1.857,3.199,4.583
6-Aug,1.831,3.471,4.559
7-Aug,1.817,3.477,4.56
8-Aug,1.783,3.426,4.508
9-Aug,1.77,3.417,4.486
12-Aug,1.747,3.396,4.471
13-Aug,1.734,3.39,4.484
14-Aug,1.673,3.326,4.409
15-Aug,1.69,3.376,4.438
16-Aug,1.646,3.317,4.35
19-Aug,1.705,3.376,4.405
20-Aug,1.748,3.436,4.46
21-Aug,1.798,3.493,4.523
22-Aug,1.749,3.421,4.469
23-Aug,1.73,3.402,4.449
26-Aug,1.738,3.41,4.45
27-Aug,1.788,3.463,4.487
28-Aug,1.817,3.503,4.525
29-Aug,1.823,3.516,4.526
30-Aug,1.811,3.511,4.53
2-Sep,1.725,3.4,4.421
3-Sep,1.759,3.435,4.463
4-Sep,1.762,3.475,4.507
5-Sep,1.82,3.55,4.61
6-Sep,1.746,3.467,4.522
9-Sep,1.739,3.481,4.537
10-Sep,1.728,3.437,4.507
11-Sep,1.701,3.404,4.482
12-Sep,1.704,3.37,4.458
13-Sep,1.738,3.378,4.489
16-Sep,1.702,3.305,4.411
17-Sep,1.664,3.276,4.399
18-Sep,1.658,3.244,4.397
19-Sep,1.57,3.166,4.316
20-Sep,1.446,3.106,4.296
23-Sep,1.412,3.067,4.272
24-Sep,1.438,3.088,4.27
25-Sep,1.464,3.099,4.278
26-Sep,1.539,3.192,4.336
27-Sep,1.547,3.208,4.357
30-Sep,1.491,3.15,4.293
1-Oct,1.349,3.025,4.161
2-Oct,1.399,3.122,4.244
3-Oct,1.391,3.121,4.237
4-Oct,1.357,3.087,4.201
7-Oct,1.331,3.072,4.205
8-Oct,1.372,3.142,4.292
9-Oct,1.426,3.183,4.332
10-Oct,1.415,3.192,4.337
11-Oct,1.39,3.159,4.287
14-Oct,1.372,3.14,4.264
15-Oct,1.36,3.157,4.304
16-Oct,1.335,3.113,4.294
17-Oct,1.301,3.074,4.289
18-Oct,1.269,3.028,4.252
21-Oct,1.663,3.026,4.273
22-Oct,1.574,2.934,4.191
23-Oct,1.541,2.854,4.13
24-Oct,1.571,2.864,4.133
25-Oct,1.631,2.906,4.153
28-Oct,1.598,2.856,4.089
29-Oct,1.592,2.818,4.041
30-Oct,1.594,2.835,4.057
31-Oct,1.506,2.788,4.028
1-Nov,1.409,2.705,3.967
4-Nov,1.447,2.734,4.006
5-Nov,1.527,2.834,4.102
6-Nov,1.519,2.872,4.147
7-Nov,1.411,2.736,4.049
8-Nov,1.403,2.753,4.107
11-Nov,1.4,2.735,4.095
12-Nov,1.391,2.737,4.111
13-Nov,1.365,2.69,4.092
14-Nov,1.321,2.621,4.052
15-Nov,1.356,2.624,4.065
18-Nov,1.38,2.615,4.068
19-Nov,1.407,2.628,4.077
20-Nov,1.4,2.635,4.086
21-Nov,1.369,2.597,4.107
22-Nov,1.329,2.547,4.1
25-Nov,1.331,2.576,4.154
26-Nov,1.311,2.564,4.155
27-Nov,1.334,2.599,4.141
28-Nov,1.373,2.662,4.149
29-Nov,1.382,2.683,4.117
2-Dec,1.427,2.708,4.154
3-Dec,1.42,2.695,4.141
4-Dec,1.476,2.76,4.181
5-Dec,1.545,2.817,4.234
6-Dec,1.508,2.772,4.17
9-Dec,1.448,2.69,4.104
10-Dec,1.361,2.592,4.03
11-Dec,1.338,2.584,4.03
12-Dec,1.401,2.662,4.091
13-Dec,1.393,2.676,4.098
16-Dec,1.35,2.651,4.066
17-Dec,1.365,2.682,4.088
18-Dec,1.388,2.744,4.144
19-Dec,1.378,2.723,4.121
20-Dec,1.392,2.725,4.138
23-Dec,1.451,2.806,4.199
24-Dec,1.449,2.81,4.201
25-Dec,1.449,2.81,4.201
26-Dec,1.449,2.81,4.201
27-Dec,1.454,2.801,4.219
30-Dec,1.383,2.713,4.142
31-Dec,1.413,2.7,4.128
1-Jan,1.413,2.7,4.128
2-Jan,1.16,2.513,3.968
3-Jan,1.059,2.4,3.869
6-Jan,1.138,2.446,3.902
7-Jan,1.038,2.339,3.801
8-Jan,1.031,2.322,3.783
9-Jan,1.003,2.288,3.797
10-Jan,1.007,2.303,3.809
13-Jan,0.992,2.298,3.817
14-Jan,0.992,2.299,3.813
15-Jan,0.971,2.263,3.758
16-Jan,0.962,2.244,3.729
17-Jan,0.99,2.242,3.708
20-Jan,0.98,2.217,3.681
21-Jan,1.005,2.272,3.731
22-Jan,1.005,2.277,3.732
23-Jan,1.03,2.292,3.748
24-Jan,1.087,2.337,3.792
27-Jan,1.079,2.318,3.749
28-Jan,1.024,2.261,3.697
29-Jan,1.021,2.262,3.704
30-Jan,0.992,2.238,3.692
31-Jan,0.943,2.191,3.655
3-Feb,0.929,2.193,3.743
4-Feb,0.936,2.186,3.749
5-Feb,0.882,2.121,3.714
6-Feb,0.889,2.123,3.652
7-Feb,0.88,2.091,3.58
10-Feb,0.894,2.119,3.575
11-Feb,0.904,2.163,3.596
12-Feb,0.921,2.187,3.648
13-Feb,0.911,2.155,3.618
14-Feb,0.855,2.112,3.585
17-Feb,0.839,2.082,3.535
18-Feb,0.819,2.078,3.512
19-Feb,0.811,2.086,3.555
20-Feb,0.818,2.14,3.597
21-Feb,0.793,2.101,3.545
24-Feb,0.795,2.098,3.553
25-Feb,0.8,2.08,3.546
26-Feb,0.792,2.053,3.531
27-Feb,0.76,1.992,3.487
28-Feb,0.765,2.01,3.504
3-Mar,0.747,1.992,3.498
4-Mar,0.713,1.932,3.437
5-Mar,0.673,1.993,3.358
6-Mar,0.7,2.045,3.399
7-Mar,0.685,2.019,3.359
10-Mar,0.653,1.985,3.3
11-Mar,0.678,2.009,3.317
12-Mar,0.694,2.022,3.343
13-Mar,0.704,2.045,3.375
14-Mar,0.696,2.011,3.334
17-Mar,0.695,1.975,3.313
18-Mar,0.691,1.957,3.301
19-Mar,0.714,1.984,3.336
20-Mar,0.731,2,3.362
21-Mar,0.728,1.979,3.351
24-Mar,0.725,1.981,3.346
25-Mar,0.717,1.962,3.326
26-Mar,0.718,1.901,3.278
27-Mar,0.723,1.869,3.248
28-Mar,0.699,1.851,3.234
31-Mar,0.699,1.843,3.226
1-Apr,0.689,1.855,3.246
2-Apr,0.688,1.849,3.263
3-Apr,0.641,1.803,3.223
4-Apr,0.6,1.715,3.147
7-Apr,0.586,1.717,3.178
8-Apr,0.597,1.746,3.203
9-Apr,0.589,1.749,3.206
10-Apr,0.576,1.732,3.165
11-Apr,0.615,1.776,3.184
14-Apr,0.608,1.75,3.137
15-Apr,0.576,1.691,3.087
16-Apr,0.68,1.679,3.063
17-Apr,0.683,1.697,3.081
18-Apr,0.683,1.697,3.081
21-Apr,0.683,1.697,3.081
22-Apr,0.683,1.68,3.063
23-Apr,0.674,1.662,3.042
24-Apr,0.722,1.687,3.08
25-Apr,0.725,1.684,3.06
28-Apr,0.735,1.693,3.063
29-Apr,0.738,1.703,3.069
30-Apr,0.729,1.672,3.012
1-May,0.779,1.659,2.981
2-May,0.731,1.653,2.973
5-May,0.726,1.645,2.98
6-May,0.704,1.602,2.943
7-May,0.72,1.627,2.967
8-May,0.691,1.561,2.879
9-May,0.714,1.588,2.913
12-May,0.747,1.614,2.931
13-May,0.742,1.591,2.899
14-May,0.731,1.537,2.854
15-May,0.816,1.654,3.015
16-May,0.748,1.586,2.95
19-May,0.773,1.656,3.007
20-May,0.859,1.76,3.089
21-May,0.794,1.677,3.011
22-May,0.855,1.742,3.048
23-May,0.776,1.667,2.982
26-May,0.709,1.593,2.89
27-May,0.717,1.564,2.886
28-May,0.693,1.51,2.818
29-May,0.72,1.558,2.859
30-May,0.711,1.542,2.851
2-Jun,0.7,1.528,2.845
3-Jun,0.714,1.532,2.85
4-Jun,0.702,1.557,2.877
5-Jun,0.582,1.454,2.82
6-Jun,0.478,1.222,2.636
9-Jun,0.5,1.178,2.571
10-Jun,0.573,1.288,2.64
11-Jun,0.558,1.284,2.634
12-Jun,0.569,1.319,2.7
13-Jun,0.526,1.298,2.652
16-Jun,0.556,1.331,2.668
17-Jun,0.596,1.373,2.702
18-Jun,0.618,1.43,2.757
19-Jun,0.604,1.377,2.713
20-Jun,0.595,1.376,2.722
23-Jun,0.571,1.355,2.685
24-Jun,0.533,1.302,2.653
25-Jun,0.495,1.268,2.637
26-Jun,0.478,1.259,2.639
27-Jun,0.473,1.276,2.637
30-Jun,0.453,1.272,2.657
1-Jul,0.434,1.279,2.635
2-Jul,0.454,1.358,2.726
3-Jul,0.41,1.305,2.673
4-Jul,0.393,1.289,2.676
7-Jul,0.386,1.28,2.673
8-Jul,0.403,1.329,2.715
9-Jul,0.442,1.362,2.752
10-Jul,0.462,1.412,2.821
11-Jul,0.439,1.355,2.768
14-Jul,0.443,1.347,2.769
15-Jul,0.424,1.295,2.709
16-Jul,0.394,1.239,2.66
17-Jul,0.349,1.196,2.627
18-Jul,0.316,1.17,2.594
21-Jul,0.327,1.136,2.567
22-Jul,0.352,1.171,2.575
23-Jul,0.356,1.151,2.553
24-Jul,0.329,1.14,2.556
25-Jul,0.289,1.106,2.537
28-Jul,0.263,1.041,2.491
29-Jul,0.254,1.031,2.467
30-Jul,0.322,1.121,2.519
31-Jul,0.315,1.109,2.502
1-Aug,0.341,1.163,2.557
4-Aug,0.281,1.092,2.493
5-Aug,0.303,1.13,2.545
6-Aug,0.337,1.175,2.583
7-Aug,0.341,1.192,2.623
8-Aug,0.282,1.14,2.556
11-Aug,0.24,1.108,2.538
12-Aug,0.235,1.07,2.601
13-Aug,0.203,1.037,2.568
14-Aug,0.2,0.984,2.483
15-Aug,0.192,0.94,2.396
18-Aug,0.226,0.988,2.451
19-Aug,0.204,0.952,2.422
20-Aug,0.211,0.944,2.399
21-Aug,0.196,0.94,2.398
22-Aug,0.169,0.908,2.379
25-Aug,0.114,0.803,2.257
26-Aug,0.147,0.79,2.169
27-Aug,0.203,0.85,2.144
28-Aug,0.242,0.93,2.229
29-Aug,0.216,0.911,2.226
1-Sep,0.208,0.915,2.249
2-Sep,0.22,0.921,2.269
3-Sep,0.197,0.907,2.267
4-Sep,0.24,0.898,2.155
5-Sep,0.196,0.796,2.039
8-Sep,0.246,0.847,2.084
9-Sep,0.309,0.941,2.196
10-Sep,0.331,0.988,2.259
11-Sep,0.34,1.026,2.323
12-Sep,0.362,1.059,2.342
15-Sep,0.351,1.059,2.339
16-Sep,0.36,1.054,2.338
17-Sep,0.339,0.979,2.28
18-Sep,0.335,0.975,2.273
19-Sep,0.295,0.886,2.198
22-Sep,0.299,0.897,2.206
23-Sep,0.326,0.919,2.198
24-Sep,0.323,0.904,2.146
25-Sep,0.32,0.896,2.149
26-Sep,0.335,0.941,2.193
29-Sep,0.359,0.969,2.219
30-Sep,0.323,0.892,2.136
1-Oct,0.306,0.84,2.066
2-Oct,0.326,0.86,2.108
3-Oct,0.324,0.849,2.099
6-Oct,0.338,0.901,2.143
7-Oct,0.355,0.92,2.138
8-Oct,0.387,0.907,2.097
9-Oct,0.412,0.888,2.071
10-Oct,0.387,0.858,2.064
13-Oct,0.369,0.872,2.081
14-Oct,0.365,0.856,2.044
15-Oct,0.415,0.926,2.111
16-Oct,0.511,1.039,2.211
17-Oct,0.471,0.997,2.166
20-Oct,0.545,1.07,2.259
21-Oct,0.495,1.013,2.203
22-Oct,0.493,1.016,2.202
23-Oct,0.499,0.995,2.183
24-Oct,0.502,0.986,2.168
27-Oct,0.495,0.963,2.136
28-Oct,0.509,1.007,2.138
29-Oct,0.535,1.038,2.138
30-Oct,0.55,1.058,2.156
31-Oct,0.536,0.998,2.072
3-Nov,0.524,1.048,2.139
4-Nov,0.501,1.074,2.178
5-Nov,0.506,1.08,2.187
6-Nov,0.469,1.051,2.155
7-Nov,0.476,1.059,2.153
10-Nov,0.456,1.032,2.118
11-Nov,0.423,1.002,2.093
12-Nov,0.422,1.03,2.105
13-Nov,0.443,1.05,2.135
14-Nov,0.434,1.041,2.122
17-Nov,0.428,1.019,2.107
18-Nov,0.433,1.019,2.117
19-Nov,0.436,1.02,2.127
20-Nov,0.428,0.999,2.097
21-Nov,0.388,0.908,2.01
24-Nov,0.368,0.851,1.97
25-Nov,0.365,0.829,1.919
26-Nov,0.391,0.878,1.972
27-Nov,0.382,0.848,1.886
28-Nov,0.398,0.884,1.891
1-Dec,0.416,0.961,1.835
2-Dec,0.453,0.956,1.846
3-Dec,0.436,0.939,1.829
4-Dec,0.456,0.981,1.884
5-Dec,0.444,0.958,1.826
8-Dec,0.43,0.932,1.781
9-Dec,0.471,1.002,1.823
10-Dec,0.526,1.067,1.869
11-Dec,0.526,1.082,1.872
12-Dec,0.566,1.124,1.876
15-Dec,0.546,1.087,1.785
16-Dec,0.544,1.085,1.795
17-Dec,0.528,1.04,1.767
18-Dec,0.505,1.004,1.736
19-Dec,0.472,0.935,1.699
22-Dec,0.442,0.895,1.663
23-Dec,0.433,0.886,1.667
24-Dec,0.431,0.888,1.662
25-Dec,0.431,0.888,1.662
26-Dec,0.431,0.888,1.662
29-Dec,0.446,0.907,1.669
30-Dec,0.412,0.862,1.602
31-Dec,0.379,0.859,1.598
1-Jan,0.379,0.859,1.598
2-Jan,0.348,0.751,1.49
5-Jan,0.378,0.841,1.605
6-Jan,0.417,0.886,1.64
7-Jan,0.406,0.926,1.684
8-Jan,0.391,0.917,1.665
9-Jan,0.402,0.962,1.719
12-Jan,0.385,0.905,1.64
13-Jan,0.385,0.907,1.639
14-Jan,0.366,0.848,1.542
15-Jan,0.365,0.845,1.582
16-Jan,0.338,0.783,1.498
19-Jan,0.329,0.79,1.51
20-Jan,0.324,0.787,1.519
21-Jan,0.326,0.817,1.527
22-Jan,0.255,0.723,1.398
23-Jan,0.246,0.71,1.37
26-Jan,0.294,0.76,1.372
27-Jan,0.301,0.775,1.386
28-Jan,0.344,0.845,1.431
29-Jan,0.305,0.831,1.451
30-Jan,0.29,0.826,1.417
2-Feb,0.276,0.867,1.484
3-Feb,0.251,0.848,1.471
4-Feb,0.229,0.814,1.426
5-Feb,0.212,0.808,1.447
6-Feb,0.214,0.821,1.485
9-Feb,0.251,0.905,1.564
10-Feb,0.251,0.933,1.61
11-Feb,0.256,0.924,1.643
12-Feb,0.24,0.887,1.616
13-Feb,0.231,0.832,1.548
16-Feb,0.256,0.847,1.578
17-Feb,0.255,0.85,1.601
18-Feb,0.241,0.829,1.574
19-Feb,0.227,0.779,1.546
20-Feb,0.24,0.74,1.497
23-Feb,0.21,0.671,1.415
24-Feb,0.192,0.634,1.381
25-Feb,0.186,0.644,1.382
26-Feb,0.137,0.57,1.277
27-Feb,0.131,0.574,1.257
2-Mar,0.132,0.57,1.345
3-Mar,0.158,0.606,1.387
4-Mar,0.15,0.588,1.356
5-Mar,0.099,0.498,1.277
6-Mar,0.107,0.526,1.291
9-Mar,0.091,0.507,1.27
10-Mar,0.085,0.479,1.239
11-Mar,0.102,0.456,1.151
12-Mar,0.098,0.481,1.141
13-Mar,0.11,0.494,1.145
16-Mar,0.11,0.511,1.172
17-Mar,0.11,0.574,1.248
18-Mar,0.123,0.615,1.269
19-Mar,0.093,0.607,1.25
20-Mar,0.086,0.542,1.176
23-Mar,0.104,0.576,1.254
24-Mar,0.111,0.59,1.289
25-Mar,0.104,0.591,1.285
26-Mar,0.072,0.576,1.261
27-Mar,0.065,0.602,1.318
30-Mar,0.067,0.572,1.267
31-Mar,0.041,0.532,1.207
1-Apr,0.021,0.532,1.201
2-Apr,0.023,0.52,1.217
3-Apr,0.023,0.52,1.217
6-Apr,0.023,0.52,1.217
7-Apr,0.016,0.472,1.174
8-Apr,0.017,0.48,1.192
9-Apr,0.025,0.52,1.238
10-Apr,0.025,0.519,1.225
13-Apr,0.029,0.54,1.25
14-Apr,0.034,0.571,1.291
15-Apr,0.024,0.537,1.261
16-Apr,0.036,0.602,1.347
17-Apr,0.066,0.671,1.449
20-Apr,0.058,0.655,1.461
21-Apr,0.044,0.627,1.447
22-Apr,0.028,0.569,1.368
23-Apr,0.009,0.567,1.362
24-Apr,0.011,0.566,1.384
27-Apr,0.001,0.525,1.297
28-Apr,-0.003,0.525,1.322
29-Apr,0.015,0.623,1.462
30-Apr,0.015,0.609,1.463
1-May,0.015,0.609,1.459
4-May,0.016,0.609,1.499
5-May,0.047,0.759,1.775
6-May,0.068,0.793,1.891
7-May,0.066,0.725,1.741
8-May,0.05,0.679,1.66
11-May,0.043,0.679,1.743
12-May,0.048,0.707,1.823
13-May,0.031,0.727,1.88
14-May,0.008,0.727,1.835
15-May,-0.004,0.672,1.728
18-May,0.006,0.719,1.827
19-May,-0.006,0.656,1.747
20-May,-0.04,0.677,1.799
21-May,-0.006,0.684,1.763
22-May,-0.005,0.697,1.778
25-May,0.004,0.648,1.8
26-May,0.008,0.761,1.863
27-May,0.003,0.754,1.799
28-May,0.018,0.794,1.834
29-May,0.022,0.778,1.834
1-Jun,0.028,0.833,1.958
2-Jun,0.042,0.913,2.08
3-Jun,0.043,0.945,2.13
4-Jun,0.04,0.914,2.104
5-Jun,0.045,1.019,2.219
8-Jun,0.051,1.037,2.249
9-Jun,0.059,1.031,2.271
10-Jun,0.066,1.042,2.232
11-Jun,0.067,0.997,2.124
12-Jun,0.118,1.095,2.24
15-Jun,0.446,1.248,2.405
16-Jun,0.466,1.249,2.349
17-Jun,0.435,1.234,2.324
18-Jun,0.41,1.197,2.275
19-Jun,0.409,1.173,2.268
22-Jun,0.306,1.025,2.105
23-Jun,0.249,0.961,2.102
24-Jun,0.293,0.983,2.109
25-Jun,0.253,0.918,2.062
26-Jun,0.287,0.943,2.107
29-Jun,0.45,1.145,2.343
30-Jun,0.43,1.119,2.298
1-Jul,0.37,1.102,2.272
2-Jul,0.405,1.14,2.306
3-Jul,0.38,1.11,2.208
6-Jul,0.446,1.251,2.369
7-Jul,0.413,1.17,2.256
8-Jul,0.383,1.155,2.22
9-Jul,0.365,1.118,2.169
10-Jul,0.285,0.993,2.122
13-Jul,0.25,0.933,2.101
14-Jul,0.234,0.921,2.086
15-Jul,0.196,0.886,2.01
16-Jul,0.166,0.845,1.974
17-Jul,0.123,0.776,1.929
20-Jul,0.133,0.764,1.935
21-Jul,0.137,0.81,2.005
22-Jul,0.147,0.984,1.984
23-Jul,0.145,0.957,1.943
24-Jul,0.124,0.93,1.897
27-Jul,0.133,0.968,1.925
28-Jul,0.122,0.947,1.907
29-Jul,0.127,0.971,1.953
30-Jul,0.114,0.915,1.898
31-Jul,0.113,0.897,1.837
3-Aug,0.109,0.915,1.937
4-Aug,0.097,0.9,1.936
5-Aug,0.119,0.976,2.067
6-Aug,0.105,0.923,2.013
7-Aug,0.103,0.891,1.981
10-Aug,0.093,0.91,1.967
11-Aug,0.08,0.894,1.93
12-Aug,0.082,0.925,1.975
13-Aug,0.084,0.91,1.949
14-Aug,0.098,0.93,2.007
17-Aug,0.095,0.898,1.937
18-Aug,0.133,0.941,1.997
19-Aug,0.131,0.939,1.985
20-Aug,0.143,0.948,1.99
21-Aug,0.144,0.968,2.008
24-Aug,0.164,1.008,2.032
25-Aug,0.17,1.053,2.097
26-Aug,0.176,1.064,2.104
27-Aug,0.163,1.036,2.056
28-Aug,0.167,1.034,2.061
31-Aug,0.154,1.034,2.105
1-Sep,0.167,1.064,2.142
2-Sep,0.157,1.062,2.124
3-Sep,0.114,1.008,2.084
4-Sep,0.083,0.978,2.072
7-Sep,0.11,1.032,2.139
8-Sep,0.094,0.936,2.045
9-Sep,0.099,0.941,2.075
10-Sep,0.115,0.967,2.099
11-Sep,0.13,0.985,2.105
14-Sep,0.127,0.996,2.119
15-Sep,0.132,1.006,2.119
16-Sep,0.138,1.006,2.124
17-Sep,0.165,1.018,2.089
18-Sep,0.134,0.919,1.941
21-Sep,0.153,0.964,1.998
22-Sep,0.148,0.928,1.952
23-Sep,0.149,0.937,1.965
24-Sep,0.161,0.939,1.985
25-Sep,0.175,0.968,2.033
28-Sep,0.14,0.884,1.922
29-Sep,0.135,0.871,1.888
30-Sep,0.13,0.881,1.889
1-Oct,0.11,0.837,1.815
2-Oct,0.081,0.79,1.773
5-Oct,0.071,0.798,1.798
6-Oct,0.08,0.826,1.829
7-Oct,0.073,0.82,1.835
8-Oct,0.07,0.826,1.829
9-Oct,0.067,0.806,1.828
12-Oct,0.074,0.807,1.81
13-Oct,0.071,0.802,1.794
14-Oct,0.074,0.8,1.792
15-Oct,0.074,0.806,1.806
16-Oct,0.076,0.79,1.768
19-Oct,0.069,0.788,1.757
20-Oct,0.083,0.816,1.807
21-Oct,0.072,0.79,1.743
22-Oct,-0.009,0.629,1.588
23-Oct,0.005,0.639,1.632
26-Oct,0.018,0.651,1.629
27-Oct,0.003,0.609,1.583
28-Oct,-0.004,0.596,1.562
29-Oct,0.02,0.657,1.64
30-Oct,0.021,0.656,1.67
2-Nov,0.044,0.702,1.747
3-Nov,0.036,0.676,1.73
4-Nov,0.033,0.662,1.752
5-Nov,0.04,0.699,1.798
6-Nov,0.066,0.783,1.915
9-Nov,0.048,0.797,1.954
10-Nov,0.034,0.707,1.864
11-Nov,0.026,0.677,1.828
12-Nov,0.022,0.679,1.834
13-Nov,0.009,0.655,1.787
16-Nov,0.013,0.664,1.794
17-Nov,0.009,0.643,1.767
18-Nov,-0.003,0.621,1.729
19-Nov,0,0.598,1.686
20-Nov,-0.013,0.566,1.636
23-Nov,-0.014,0.579,1.641
24-Nov,-0.017,0.571,1.634
25-Nov,-0.039,0.49,1.565
26-Nov,-0.039,0.489,1.556
27-Nov,-0.038,0.488,1.518
30-Nov,-0.038,0.493,1.518
1-Dec,-0.044,0.483,1.492
2-Dec,-0.047,0.466,1.481
3-Dec,0.037,0.639,1.726
4-Dec,0.047,0.666,1.732
7-Dec,0.021,0.592,1.617
8-Dec,0.038,0.59,1.6
9-Dec,0.038,0.616,1.625
10-Dec,0.051,0.614,1.616
11-Dec,0.067,0.625,1.621
14-Dec,0.092,0.706,1.724
15-Dec,0.093,0.729,1.759
16-Dec,0.101,0.717,1.756
17-Dec,0.086,0.697,1.736
18-Dec,0.089,0.672,1.69
21-Dec,0.101,0.706,1.766
22-Dec,0.094,0.717,1.789
23-Dec,0.077,0.725,1.829
24-Dec,0.077,0.738,1.829
25-Dec,0.077,0.738,1.829
28-Dec,0.042,0.689,1.788
29-Dec,0.008,0.689,1.8
30-Dec,-0.001,0.669,1.766
31-Dec,-0.001,0.669,1.766
1-Jan,-0.001,0.669,1.766
4-Jan,-0.026,0.625,1.716
5-Jan,-0.025,0.603,1.686
6-Jan,-0.028,0.576,1.669
7-Jan,-0.006,0.635,1.737
8-Jan,-0.006,0.621,1.706
11-Jan,0.006,0.672,1.798
12-Jan,0.008,0.695,1.829
13-Jan,0.008,0.669,1.771
14-Jan,0.011,0.679,1.779
15-Jan,0.002,0.654,1.75
18-Jan,0.003,0.64,1.74
19-Jan,0,0.605,1.701
20-Jan,0.003,0.657,1.782
21-Jan,-0.008,0.602,1.719
22-Jan,-0.012,0.598,1.727
25-Jan,-0.012,0.588,1.707
26-Jan,-0.012,0.531,1.638
27-Jan,-0.008,0.525,1.613
28-Jan,0,0.524,1.619
29-Jan,-0.023,0.437,1.509
1-Feb,-0.028,0.459,1.561
2-Feb,-0.019,0.468,1.581
3-Feb,-0.038,0.451,1.547
4-Feb,-0.035,0.509,1.642
5-Feb,-0.037,0.512,1.64
8-Feb,-0.003,0.604,1.748
9-Feb,0.011,0.624,1.749
10-Feb,0.001,0.597,1.718
11-Feb,0.059,0.687,1.776
12-Feb,0.046,0.65,1.735
15-Feb,0.035,0.625,1.696
16-Feb,0.048,0.657,1.746
17-Feb,0.021,0.637,1.733
18-Feb,0.006,0.595,1.698
19-Feb,0.111,0.612,1.702
22-Feb,0.096,0.578,1.651
23-Feb,0.084,0.566,1.632
24-Feb,0.082,0.557,1.621
25-Feb,0.073,0.561,1.604
26-Feb,0.062,0.544,1.57
29-Feb,0.014,0.485,1.527
1-Mar,-0.026,0.407,1.485
2-Mar,-0.022,0.443,1.568
3-Mar,-0.025,0.43,1.533
4-Mar,-0.009,0.45,1.557
7-Mar,-0.011,0.464,1.586
8-Mar,-0.022,0.441,1.564
9-Mar,-0.013,0.451,1.561
10-Mar,0.011,0.463,1.584
11-Mar,-0.004,0.392,1.483
14-Mar,-0.005,0.381,1.464
15-Mar,0.03,0.41,1.512
16-Mar,0.035,0.411,1.502
17-Mar,0.032,0.36,1.426
18-Mar,0.024,0.353,1.427
21-Mar,0.013,0.358,1.434
22-Mar,0.018,0.359,1.433
23-Mar,0.021,0.37,1.526
24-Mar,0.023,0.375,1.521
25-Mar,0.023,0.375,1.521
28-Mar,0.023,0.375,1.521
29-Mar,0.005,0.319,1.438
30-Mar,-0.001,0.329,1.424
31-Mar,-0.005,0.334,1.434
1-Apr,-0.012,0.334,1.436
4-Apr,-0.01,0.356,1.458
5-Apr,0.002,0.379,1.489
6-Apr,0.007,0.395,1.51
7-Apr,0.058,0.458,1.601
8-Apr,0.021,0.402,1.517
11-Apr,0.003,0.383,1.51
12-Apr,-0.005,0.391,1.539
13-Apr,-0.022,0.358,1.46
14-Apr,-0.015,0.382,1.502
15-Apr,-0.019,0.379,1.494
18-Apr,-0.044,0.369,1.49
19-Apr,-0.044,0.399,1.536
20-Apr,-0.053,0.386,1.529
21-Apr,-0.031,0.42,1.592
22-Apr,-0.038,0.414,1.593
25-Apr,-0.028,0.431,1.634
26-Apr,-0.029,0.629,1.631
27-Apr,-0.041,0.608,1.625
28-Apr,-0.045,0.595,1.6
29-Apr,-0.065,0.575,1.59
2-May,-0.077,0.557,1.574
3-May,-0.077,0.54,1.556
4-May,-0.076,0.558,1.6
5-May,-0.069,0.555,1.582
6-May,-0.068,0.562,1.591
9-May,-0.076,0.549,1.581
10-May,-0.069,0.563,1.636
11-May,-0.072,0.543,1.598
12-May,-0.062,0.574,1.621
13-May,-0.07,0.566,1.597
16-May,-0.077,0.547,1.598
17-May,-0.08,0.505,1.563
18-May,-0.076,0.546,1.597
19-May,-0.086,0.547,1.589
20-May,-0.101,0.523,1.562
23-May,-0.108,0.524,1.571
24-May,-0.112,0.507,1.532
25-May,-0.124,0.464,1.468
26-May,-0.104,0.478,1.501
27-May,-0.093,0.471,1.48
30-May,-0.096,0.481,1.485
31-May,-0.109,0.471,1.47
1-Jun,-0.106,0.486,1.492
2-Jun,-0.109,0.483,1.48
3-Jun,-0.105,0.486,1.465
6-Jun,-0.1,0.514,1.516
7-Jun,-0.108,0.478,1.457
8-Jun,-0.099,0.448,1.425
9-Jun,-0.104,0.444,1.418
10-Jun,-0.069,0.472,1.425
13-Jun,-0.016,0.531,1.499
14-Jun,0.042,0.58,1.56
15-Jun,0.029,0.566,1.558
16-Jun,0.055,0.586,1.593
17-Jun,0.01,0.531,1.552
20-Jun,-0.022,0.464,1.476
21-Jun,-0.013,0.485,1.503
22-Jun,-0.01,0.488,1.494
23-Jun,-0.019,0.464,1.463
24-Jun,0.045,0.577,1.626
27-Jun,-0.034,0.419,1.451
28-Jun,-0.108,0.31,1.311
29-Jun,-0.13,0.265,1.253
30-Jun,-0.202,0.179,1.16
1-Jul,-0.191,0.191,1.147
4-Jul,-0.176,0.194,1.148
5-Jul,-0.153,0.23,1.187
6-Jul,-0.147,0.231,1.171
7-Jul,-0.122,0.247,1.178
8-Jul,-0.12,0.234,1.145
11-Jul,-0.119,0.234,1.154
12-Jul,-0.123,0.247,1.172
13-Jul,-0.134,0.232,1.146
14-Jul,-0.122,0.255,1.167
15-Jul,-0.123,0.28,1.224
18-Jul,-0.143,0.276,1.238
19-Jul,-0.143,0.247,1.184
20-Jul,-0.15,0.232,1.154
21-Jul,-0.157,0.206,1.12
22-Jul,-0.162,0.203,1.112
25-Jul,-0.167,0.197,1.111
26-Jul,-0.155,0.193,1.108
27-Jul,-0.163,0.2,1.1
28-Jul,-0.153,0.204,1.085
29-Jul,-0.165,0.17,1.015
1-Aug,-0.174,0.156,1.023
2-Aug,-0.165,0.179,1.074
3-Aug,-0.168,0.192,1.085
4-Aug,-0.178,0.145,1.02
5-Aug,-0.175,0.131,1.012
8-Aug,-0.179,0.122,0.987
9-Aug,-0.172,0.135,1
10-Aug,-0.185,0.104,0.944
11-Aug,-0.181,0.107,0.921
12-Aug,-0.174,0.111,0.925
15-Aug,-0.174,0.101,0.934
16-Aug,-0.164,0.125,0.979
17-Aug,-0.171,0.11,0.969
18-Aug,-0.183,0.077,0.913
19-Aug,-0.184,0.094,0.952
22-Aug,-0.186,0.087,0.932
23-Aug,-0.194,0.067,0.932
24-Aug,-0.205,0.066,0.929
25-Aug,-0.21,0.052,0.918
26-Aug,-0.214,0.077,0.942
29-Aug,-0.206,0.067,0.932
30-Aug,-0.195,0.088,0.947
31-Aug,-0.182,0.131,1.01
1-Sep,-0.143,0.176,1.053
2-Sep,-0.153,0.155,1.026
5-Sep,-0.166,0.129,1.007
6-Sep,-0.195,0.074,0.926
7-Sep,-0.185,0.087,0.928
8-Sep,-0.157,0.126,0.985
9-Sep,-0.136,0.193,1.079
12-Sep,-0.119,0.184,1.08
13-Sep,-0.119,0.191,1.1
14-Sep,-0.157,0.17,1.069
15-Sep,-0.171,0.152,1.068
16-Sep,-0.183,0.15,1.075
19-Sep,-0.2,0.111,1.031
20-Sep,-0.204,0.086,0.981
21-Sep,-0.197,0.107,0.997
22-Sep,-0.214,0.06,0.917
23-Sep,-0.21,0.089,0.965
26-Sep,-0.209,0.056,0.916
27-Sep,-0.205,0.043,0.896
28-Sep,-0.218,0.043,0.894
29-Sep,-0.218,0.054,0.914
30-Sep,-0.223,0.037,0.878
3-Oct,-0.243,0.066,0.933
4-Oct,-0.228,0.092,0.974
5-Oct,-0.221,0.11,1.033
6-Oct,-0.223,0.094,1.006
7-Oct,-0.21,0.102,1.013
10-Oct,-0.212,0.107,1.024
11-Oct,-0.227,0.105,1.013
12-Oct,-0.222,0.131,1.061
13-Oct,-0.215,0.129,1.114
14-Oct,-0.219,0.126,1.122
17-Oct,-0.22,0.115,1.11
18-Oct,-0.214,0.112,1.096
19-Oct,-0.215,0.112,1.111
20-Oct,-0.211,0.117,1.102
21-Oct,-0.215,0.114,1.113
24-Oct,-0.217,0.103,1.102
25-Oct,-0.221,0.094,1.08
26-Oct,-0.222,0.117,1.127
27-Oct,-0.197,0.175,1.193
28-Oct,-0.149,0.212,1.228
31-Oct,-0.168,0.173,1.196
1-Nov,-0.161,0.23,1.293
2-Nov,-0.192,0.172,1.203
3-Nov,-0.206,0.178,1.23
4-Nov,-0.213,0.2,1.266
7-Nov,-0.231,0.18,1.241
8-Nov,-0.227,0.197,1.252
9-Nov,-0.211,0.214,1.274
10-Nov,-0.166,0.29,1.387
11-Nov,-0.126,0.361,1.471
14-Nov,-0.12,0.427,1.516
15-Nov,-0.143,0.399,1.456
16-Nov,-0.118,0.47,1.541
17-Nov,-0.121,0.492,1.59
18-Nov,-0.145,0.474,1.591
21-Nov,-0.152,0.513,1.607
22-Nov,-0.176,0.474,1.522
23-Nov,-0.136,0.519,1.594
24-Nov,-0.123,0.546,1.586
25-Nov,-0.11,0.542,1.57
28-Nov,-0.101,0.532,1.559
29-Nov,-0.1,0.512,1.507
30-Nov,-0.126,0.479,1.548
1-Dec,-0.098,0.531,1.612
2-Dec,-0.141,0.475,1.539
5-Dec,-0.145,0.451,1.549
6-Dec,-0.21,0.377,1.489
7-Dec,-0.193,0.346,1.422
8-Dec,-0.218,0.362,1.501
9-Dec,-0.256,0.315,1.511
12-Dec,-0.288,0.293,1.496
13-Dec,-0.298,0.248,1.428
14-Dec,-0.29,0.217,1.399
15-Dec,-0.272,0.253,1.417
16-Dec,-0.262,0.274,1.421
19-Dec,-0.261,0.245,1.359
20-Dec,-0.271,0.205,1.334
21-Dec,-0.279,0.229,1.363
22-Dec,-0.271,0.254,1.398
23-Dec,-0.277,0.256,1.373
26-Dec,-0.277,0.256,1.373
27-Dec,-0.269,0.25,1.385
28-Dec,-0.311,0.235,1.336
29-Dec,-0.313,0.234,1.322
30-Dec,-0.305,0.263,1.38
2-Jan,-0.356,0.239,1.327
3-Jan,-0.337,0.293,1.415
4-Jan,-0.295,0.282,1.43
5-Jan,-0.262,0.303,1.478
6-Jan,-0.256,0.326,1.537
9-Jan,-0.28,0.254,1.468
10-Jan,-0.281,0.247,1.472
11-Jan,-0.293,0.22,1.411
12-Jan,-0.293,0.216,1.4
13-Jan,-0.303,0.212,1.42
16-Jan,-0.294,0.191,1.415
17-Jan,-0.31,0.164,1.383
18-Jan,-0.318,0.197,1.438
19-Jan,-0.285,0.229,1.47
20-Jan,-0.291,0.24,1.496
23-Jan,-0.304,0.199,1.427
24-Jan,-0.306,0.237,1.498
25-Jan,-0.296,0.268,1.53
26-Jan,-0.273,0.305,1.561
27-Jan,-0.278,0.309,1.578
30-Jan,-0.267,0.367,1.622
31-Jan,-0.279,0.335,1.589
1-Feb,-0.274,0.373,1.672
2-Feb,-0.288,0.319,1.632
3-Feb,-0.294,0.326,1.673
6-Feb,-0.273,0.384,1.778
7-Feb,-0.28,0.371,1.761
8-Feb,-0.303,0.334,1.687
9-Feb,-0.311,0.284,1.615
10-Feb,-0.294,0.32,1.691
13-Feb,-0.296,0.303,1.654
14-Feb,-0.305,0.297,1.659
15-Feb,-0.298,0.29,1.674
16-Feb,-0.292,0.263,1.59
17-Feb,-0.275,0.286,1.621
20-Feb,-0.276,0.283,1.595
21-Feb,-0.255,0.342,1.668
22-Feb,-0.256,0.344,1.672
23-Feb,-0.257,0.334,1.671
24-Feb,-0.112,0.548,1.688
27-Feb,-0.138,0.495,1.643
28-Feb,-0.142,0.486,1.636
1-Mar,-0.143,0.496,1.678
2-Mar,-0.14,0.509,1.689
3-Mar,-0.203,0.479,1.666
6-Mar,-0.183,0.507,1.714
7-Mar,-0.182,0.501,1.726
8-Mar,-0.143,0.555,1.798
9-Mar,-0.124,0.573,1.826
10-Mar,-0.085,0.641,1.874
13-Mar,-0.095,0.653,1.892
14-Mar,-0.143,0.613,1.859
15-Mar,-0.184,0.58,1.824
16-Mar,-0.167,0.618,1.887
17-Mar,-0.156,0.596,1.866
20-Mar,-0.164,0.568,1.834
21-Mar,-0.188,0.54,1.801
22-Mar,-0.216,0.503,1.718
23-Mar,-0.214,0.532,1.722
24-Mar,-0.221,0.517,1.677
27-Mar,-0.224,0.497,1.671
28-Mar,-0.219,0.501,1.669
29-Mar,-0.217,0.476,1.627
30-Mar,-0.21,0.481,1.634
31-Mar,-0.184,0.482,1.652
3-Apr,-0.223,0.454,1.628
4-Apr,-0.227,0.423,1.603
5-Apr,-0.23,0.431,1.606
6-Apr,-0.226,0.436,1.611
7-Apr,-0.239,0.413,1.599
10-Apr,-0.222,0.407,1.595
11-Apr,-0.205,0.425,1.629
12-Apr,-0.192,0.44,1.656
13-Apr,-0.197,0.451,1.69
14-Apr,-0.197,0.451,1.69
17-Apr,-0.197,0.451,1.69
18-Apr,-0.223,0.425,1.656
19-Apr,-0.239,0.427,1.663
20-Apr,-0.216,0.455,1.687
21-Apr,-0.195,0.467,1.676
24-Apr,-0.238,0.422,1.592
25-Apr,-0.238,0.446,1.659
26-Apr,-0.238,0.454,1.686
27-Apr,-0.268,0.404,1.614
28-Apr,-0.269,0.424,1.637
1-May,-0.269,0.424,1.637
2-May,-0.273,0.421,1.643
3-May,-0.297,0.4,1.601
4-May,-0.3,0.393,1.585
5-May,-0.3,0.365,1.546
8-May,-0.292,0.376,1.574
9-May,-0.3,0.398,1.608
10-May,-0.309,0.384,1.591
11-May,-0.287,0.412,1.633
12-May,-0.268,0.403,1.613
15-May,-0.268,0.386,1.626
16-May,-0.29,0.37,1.615
17-May,-0.325,0.326,1.55
18-May,-0.299,0.324,1.553
19-May,-0.303,0.323,1.562
22-May,-0.28,0.354,1.607
23-May,-0.27,0.365,1.605
24-May,-0.284,0.359,1.598
25-May,-0.294,0.343,1.569
26-May,-0.304,0.322,1.529
29-May,-0.316,0.33,1.544
30-May,-0.312,0.316,1.514
31-May,-0.292,0.34,1.542
1-Jun,-0.27,0.337,1.551
2-Jun,-0.278,0.319,1.564
5-Jun,-0.285,0.318,1.568
6-Jun,-0.286,0.291,1.526
7-Jun,-0.284,0.307,1.559
8-Jun,-0.304,0.25,1.465
9-Jun,-0.326,0.221,1.431
12-Jun,-0.294,0.228,1.434
13-Jun,-0.311,0.218,1.424
14-Jun,-0.309,0.183,1.37
15-Jun,-0.294,0.241,1.408
16-Jun,-0.291,0.26,1.446
19-Jun,-0.308,0.24,1.435
20-Jun,-0.32,0.194,1.37
21-Jun,-0.316,0.168,1.36
22-Jun,-0.312,0.188,1.369
23-Jun,-0.3,0.199,1.374
26-Jun,-0.31,0.193,1.366
27-Jun,-0.259,0.289,1.486
28-Jun,-0.284,0.25,1.419
29-Jun,-0.27,0.31,1.519
30-Jun,-0.275,0.309,1.522
3-Jul,-0.293,0.287,1.511
4-Jul,-0.268,0.296,1.518
5-Jul,-0.229,0.33,1.561
6-Jul,-0.177,0.391,1.667
7-Jul,-0.194,0.425,1.724
10-Jul,-0.215,0.377,1.662
11-Jul,-0.231,0.389,1.685
12-Jul,-0.299,0.339,1.63
13-Jul,-0.254,0.4,1.697
14-Jul,-0.269,0.372,1.641
17-Jul,-0.283,0.346,1.585
18-Jul,-0.303,0.304,1.537
19-Jul,-0.301,0.31,1.553
20-Jul,-0.322,0.247,1.467
21-Jul,-0.314,0.265,1.446
24-Jul,-0.284,0.303,1.47
25-Jul,-0.276,0.324,1.538
26-Jul,-0.276,0.303,1.538
27-Jul,-0.315,0.263,1.491
28-Jul,-0.312,0.297,1.511
31-Jul,-0.34,0.255,1.483
1-Aug,-0.36,0.235,1.424
2-Aug,-0.363,0.24,1.445
3-Aug,-0.354,0.236,1.437
4-Aug,-0.348,0.255,1.463
7-Aug,-0.348,0.234,1.436
8-Aug,-0.353,0.23,1.433
9-Aug,-0.356,0.225,1.415
10-Aug,-0.357,0.238,1.446
11-Aug,-0.366,0.228,1.436
14-Aug,-0.383,0.214,1.423
15-Aug,-0.367,0.242,1.459
16-Aug,-0.369,0.234,1.453
17-Aug,-0.375,0.217,1.429
18-Aug,-0.377,0.214,1.549
21-Aug,-0.383,0.208,1.534
22-Aug,-0.363,0.233,1.561
23-Aug,-0.358,0.228,1.564
24-Aug,-0.364,0.234,1.59
25-Aug,-0.351,0.233,1.591
28-Aug,-0.354,0.233,1.589
29-Aug,-0.36,0.21,1.553
30-Aug,-0.358,0.219,1.572
31-Aug,-0.37,0.2,1.554
1-Sep,-0.378,0.22,1.593
4-Sep,-0.371,0.209,1.543
5-Sep,-0.364,0.195,1.525
6-Sep,-0.343,0.235,1.558
7-Sep,-0.372,0.164,1.486
8-Sep,-0.341,0.213,1.53
11-Sep,-0.33,0.238,1.56
12-Sep,-0.313,0.256,1.594
13-Sep,-0.322,0.232,1.57
14-Sep,-0.312,0.26,1.593
15-Sep,-0.308,0.257,1.597
18-Sep,-0.317,0.246,1.578
19-Sep,-0.335,0.225,1.547
20-Sep,-0.33,0.237,1.572
21-Sep,-0.32,0.262,1.614
22-Sep,-0.333,0.272,1.62
25-Sep,-0.327,0.263,1.616
26-Sep,-0.32,0.262,1.601
27-Sep,-0.33,0.276,1.637
28-Sep,-0.34,0.266,1.619
29-Sep,-0.344,0.254,1.597
2-Oct,-0.306,0.324,1.685
3-Oct,-0.287,0.344,1.714
4-Oct,-0.273,0.407,1.771
5-Oct,-0.271,0.36,1.693
6-Oct,-0.264,0.36,1.702
9-Oct,-0.276,0.343,1.669
10-Oct,-0.253,0.365,1.685
11-Oct,-0.281,0.332,1.628
12-Oct,-0.283,0.323,1.629
13-Oct,-0.281,0.312,1.603
16-Oct,-0.309,0.272,1.565
17-Oct,-0.311,0.252,1.539
18-Oct,-0.297,0.297,1.611
19-Oct,-0.304,0.308,1.628
20-Oct,-0.291,0.323,1.656
23-Oct,-0.301,0.289,1.618
24-Oct,-0.293,0.321,1.651
25-Oct,-0.308,0.31,1.639
26-Oct,-0.346,0.228,1.529
27-Oct,-0.35,0.277,1.58
30-Oct,-0.366,0.217,1.488
31-Oct,-0.371,0.196,1.453
1-Nov,-0.384,0.192,1.467
2-Nov,-0.383,0.197,1.476
3-Nov,-0.381,0.187,1.469
6-Nov,-0.386,0.174,1.463
7-Nov,-0.395,0.128,1.402
8-Nov,-0.363,0.186,1.477
9-Nov,-0.353,0.233,1.526
10-Nov,-0.361,0.244,1.567
13-Nov,-0.372,0.22,1.527
14-Nov,-0.378,0.195,1.528
15-Nov,-0.376,0.213,1.544
16-Nov,-0.367,0.227,1.535
17-Nov,-0.367,0.378,1.548
20-Nov,-0.376,0.37,1.508
21-Nov,-0.371,0.345,1.472
22-Nov,-0.378,0.328,1.446
23-Nov,-0.368,0.333,1.458
24-Nov,-0.359,0.338,1.479
27-Nov,-0.356,0.346,1.468
28-Nov,-0.363,0.333,1.455
29-Nov,-0.357,0.366,1.479
30-Nov,-0.366,0.334,1.438
1-Dec,-0.37,0.322,1.411
4-Dec,-0.379,0.316,1.407
5-Dec,-0.38,0.302,1.408
6-Dec,-0.382,0.307,1.427
7-Dec,-0.392,0.292,1.401
8-Dec,-0.384,0.293,1.396
11-Dec,-0.39,0.305,1.408
12-Dec,-0.377,0.341,1.456
13-Dec,-0.371,0.348,1.492
14-Dec,-0.376,0.299,1.442
15-Dec,-0.386,0.271,1.453
18-Dec,-0.402,0.247,1.429
19-Dec,-0.397,0.284,1.478
20-Dec,-0.4,0.267,1.466
21-Dec,-0.413,0.263,1.456
22-Dec,-0.391,0.279,1.463
25-Dec,-0.391,0.279,1.463
26-Dec,-0.391,0.279,1.463
27-Dec,-0.398,0.292,1.454
28-Dec,-0.383,0.346,1.511
29-Dec,-0.384,0.37,1.558
1-Jan,-0.384,0.37,1.558
2-Jan,-0.367,0.41,1.603
3-Jan,-0.393,0.376,1.584
4-Jan,-0.416,0.34,1.532
5-Jan,-0.405,0.319,1.511
8-Jan,-0.417,0.289,1.474
9-Jan,-0.415,0.315,1.505
10-Jan,-0.411,0.36,1.542
11-Jan,-0.396,0.368,1.528
12-Jan,-0.394,0.361,1.492
15-Jan,-0.396,0.377,1.523
16-Jan,-0.406,0.361,1.491
17-Jan,-0.403,0.361,1.494
18-Jan,-0.402,0.338,1.484
19-Jan,-0.41,0.31,1.436
22-Jan,-0.412,0.28,1.386
23-Jan,-0.417,0.274,1.352
24-Jan,-0.412,0.283,1.352
25-Jan,-0.398,0.335,1.405
26-Jan,-0.392,0.37,1.403
29-Jan,-0.379,0.382,1.413
30-Jan,-0.382,0.38,1.403
31-Jan,-0.378,0.387,1.422
1-Feb,-0.386,0.353,1.402
2-Feb,-0.369,0.388,1.464
5-Feb,-0.383,0.361,1.452
6-Feb,-0.377,0.347,1.419
7-Feb,-0.245,0.353,1.408
8-Feb,-0.211,0.369,1.444
9-Feb,-0.211,0.36,1.473
12-Feb,-0.227,0.349,1.475
13-Feb,-0.22,0.382,1.518
14-Feb,-0.211,0.384,1.508
15-Feb,-0.207,0.382,1.502
16-Feb,-0.213,0.369,1.455
19-Feb,-0.202,0.386,1.498
20-Feb,-0.203,0.414,1.524
21-Feb,-0.201,0.417,1.507
22-Feb,-0.2,0.416,1.512
23-Feb,-0.196,0.427,1.588
26-Feb,-0.2,0.397,1.547
27-Feb,-0.199,0.409,1.556
28-Feb,-0.223,0.383,1.531
1-Mar,-0.228,0.37,1.498
2-Mar,-0.221,0.386,1.536
5-Mar,-0.222,0.364,1.489
6-Mar,-0.239,0.351,1.479
7-Mar,-0.254,0.33,1.44
8-Mar,-0.266,0.316,1.4
9-Mar,-0.259,0.336,1.429
12-Mar,-0.28,0.306,1.394
13-Mar,-0.278,0.309,1.388
14-Mar,-0.277,0.313,1.389
15-Mar,-0.272,0.306,1.371
16-Mar,-0.279,0.303,1.364
19-Mar,-0.294,0.276,1.331
20-Mar,-0.311,0.238,1.3
21-Mar,-0.314,0.251,1.325
22-Mar,-0.336,0.228,1.281
23-Mar,-0.334,0.206,1.26
26-Mar,-0.332,0.202,1.251
27-Mar,-0.33,0.168,1.228
28-Mar,-0.341,0.136,1.204
29-Mar,-0.369,0.072,1.155
30-Mar,-0.369,0.072,1.155
2-Apr,-0.369,0.072,1.155
3-Apr,-0.361,0.111,1.182
4-Apr,-0.365,0.112,1.157
5-Apr,-0.341,0.157,1.224
6-Apr,-0.334,0.153,1.223
9-Apr,-0.337,0.15,1.229
10-Apr,-0.32,0.18,1.253
11-Apr,-0.331,0.191,1.263
12-Apr,-0.344,0.171,1.246
13-Apr,-0.346,0.179,1.23
16-Apr,-0.339,0.191,1.236
17-Apr,-0.348,0.181,1.213
18-Apr,-0.343,0.176,1.21
19-Apr,-0.319,0.222,1.276
20-Apr,-0.316,0.208,1.272
23-Apr,-0.329,0.219,1.305
24-Apr,-0.332,0.213,1.291
25-Apr,-0.337,0.222,1.294
26-Apr,-0.346,0.199,1.262
27-Apr,-0.353,0.183,1.255
30-Apr,-0.339,0.194,1.274
1-May,-0.339,0.194,1.274
2-May,-0.35,0.212,1.303
3-May,-0.356,0.173,1.246
4-May,-0.347,0.191,1.291
7-May,-0.351,0.173,1.266
8-May,-0.337,0.2,1.314
9-May,-0.347,0.193,1.296
10-May,-0.336,0.203,1.305
11-May,-0.345,0.192,1.264
14-May,-0.325,0.236,1.325
15-May,-0.323,0.249,1.35
16-May,-0.313,0.286,1.405
17-May,-0.311,0.282,1.402
18-May,-0.314,0.283,1.433
21-May,-0.294,0.35,1.499
22-May,-0.306,0.301,1.449
23-May,-0.299,0.289,1.437
24-May,-0.314,0.253,1.385
25-May,-0.186,0.389,1.454
28-May,-0.158,0.442,1.513
29-May,-0.081,0.493,1.599
30-May,-0.021,0.462,1.516
31-May,-0.084,0.446,1.487
1-Jun,-0.176,0.335,1.427
4-Jun,-0.273,0.209,1.317
5-Jun,-0.275,0.225,1.386
6-Jun,-0.255,0.32,1.486
7-Jun,-0.253,0.316,1.457
8-Jun,-0.247,0.335,1.461
11-Jun,-0.284,0.291,1.435
12-Jun,-0.168,0.485,1.432
13-Jun,-0.177,0.459,1.404
14-Jun,-0.208,0.405,1.345
15-Jun,-0.248,0.353,1.292
18-Jun,-0.274,0.303,1.248
19-Jun,-0.284,0.303,1.236
20-Jun,-0.285,0.317,1.241
21-Jun,-0.211,0.389,1.331
22-Jun,-0.223,0.41,1.348
25-Jun,-0.225,0.419,1.346
26-Jun,-0.206,0.451,1.389
27-Jun,-0.229,0.426,1.35
28-Jun,-0.231,0.44,1.361
29-Jun,-0.247,0.397,1.318
2-Jul,-0.264,0.366,1.292
3-Jul,-0.263,0.372,1.288
4-Jul,-0.259,0.378,1.296
5-Jul,-0.233,0.403,1.325
6-Jul,-0.24,0.38,1.306
9-Jul,-0.253,0.364,1.29
10-Jul,-0.272,0.348,1.275
11-Jul,-0.27,0.357,1.3
12-Jul,-0.302,0.329,1.282
13-Jul,-0.308,0.314,1.26
16-Jul,-0.31,0.322,1.276
17-Jul,-0.304,0.309,1.247
18-Jul,-0.293,0.331,1.276
19-Jul,-0.292,0.336,1.278
20-Jul,-0.286,0.348,1.31
23-Jul,-0.282,0.359,1.377
24-Jul,-0.284,0.353,1.368
25-Jul,-0.296,0.329,1.348
26-Jul,-0.332,0.323,1.36
27-Jul,-0.325,0.338,1.37
30-Jul,-0.32,0.381,1.423
31-Jul,-0.319,0.358,1.396
1-Aug,-0.312,0.393,1.451
2-Aug,-0.281,0.407,1.454
3-Aug,-0.299,0.38,1.419
6-Aug,-0.311,0.366,1.394
7-Aug,-0.305,0.366,1.391
8-Aug,-0.298,0.376,1.404
9-Aug,-0.295,0.381,1.391
10-Aug,-0.277,0.406,1.403
13-Aug,-0.239,0.453,1.45
14-Aug,-0.279,0.418,1.411
15-Aug,-0.285,0.434,1.444
16-Aug,-0.302,0.419,1.44
17-Aug,-0.312,0.421,1.446
20-Aug,-0.327,0.375,1.386
21-Aug,-0.345,0.339,1.364
22-Aug,-0.343,0.342,1.378
23-Aug,-0.35,0.333,1.37
24-Aug,-0.35,0.349,1.39
27-Aug,-0.352,0.363,1.406
28-Aug,-0.318,0.409,1.452
29-Aug,-0.308,0.428,1.462
30-Aug,-0.286,0.435,1.468
31-Aug,-0.273,0.45,1.468
3-Sep,-0.274,0.427,1.448
4-Sep,-0.28,0.407,1.426
5-Sep,-0.278,0.426,1.445
6-Sep,-0.267,0.424,1.446
7-Sep,-0.255,0.436,1.459
10-Sep,-0.258,0.434,1.45
11-Sep,-0.254,0.445,1.464
12-Sep,-0.257,0.443,1.46
13-Sep,-0.241,0.469,1.466
14-Sep,-0.228,0.481,1.483
17-Sep,-0.211,0.492,1.485
18-Sep,-0.209,0.509,1.503
19-Sep,-0.208,0.513,1.524
20-Sep,-0.22,0.502,1.508
21-Sep,-0.229,0.478,1.491
24-Sep,-0.22,0.515,1.521
25-Sep,-0.232,0.518,1.523
26-Sep,-0.236,0.514,1.521
27-Sep,-0.234,0.51,1.503
28-Sep,-0.192,0.52,1.498
1-Oct,-0.165,0.544,1.528
2-Oct,-0.174,0.547,1.537
3-Oct,-0.184,0.542,1.534
4-Oct,-0.177,0.561,1.56
5-Oct,-0.181,0.581,1.575
8-Oct,-0.175,0.589,1.589
9-Oct,-0.155,0.605,1.598
10-Oct,-0.157,0.62,1.61
11-Oct,-0.149,0.652,1.641
12-Oct,-0.136,0.668,1.672
15-Oct,-0.135,0.66,1.677
16-Oct,-0.15,0.629,1.641
17-Oct,-0.156,0.623,1.647
18-Oct,-0.136,0.691,1.725
19-Oct,-0.069,0.701,1.73
22-Oct,-0.123,0.668,1.693
23-Oct,-0.148,0.633,1.66
24-Oct,-0.156,0.601,1.622
25-Oct,-0.18,0.573,1.584
26-Oct,-0.199,0.555,1.566
29-Oct,-0.206,0.538,1.541
30-Oct,-0.209,0.551,1.565
31-Oct,-0.129,0.539,1.545
1-Nov,-0.138,0.552,1.565
2-Nov,-0.138,0.55,1.57
5-Nov,-0.154,0.54,1.564
6-Nov,-0.159,0.55,1.581
7-Nov,-0.16,0.56,1.6
8-Nov,-0.147,0.57,1.605
9-Nov,-0.145,0.561,1.596
12-Nov,-0.135,0.566,1.598
13-Nov,-0.137,0.566,1.603
14-Nov,-0.133,0.58,1.617
15-Nov,-0.136,0.591,1.628
16-Nov,-0.128,0.598,1.634
19-Nov,-0.124,0.611,1.648
20-Nov,-0.121,0.602,1.645
21-Nov,-0.126,0.586,1.632
22-Nov,-0.142,0.568,1.635
23-Nov,-0.143,0.566,1.63
26-Nov,-0.162,0.501,1.56
27-Nov,-0.179,0.491,1.551
28-Nov,-0.172,0.474,1.54
29-Nov,-0.178,0.443,1.505
30-Nov,-0.17,0.448,1.5
3-Dec,-0.179,0.443,1.49
4-Dec,-0.176,0.443,1.483
5-Dec,-0.186,0.407,1.456
6-Dec,-0.167,0.418,1.458
7-Dec,-0.165,0.404,1.448
10-Dec,-0.177,0.394,1.44
11-Dec,-0.178,0.381,1.434
12-Dec,-0.178,0.386,1.426
13-Dec,-0.189,0.367,1.421
14-Dec,-0.192,0.353,1.41
17-Dec,-0.202,0.337,1.397
18-Dec,-0.208,0.316,1.375
19-Dec,-0.23,0.31,1.375
20-Dec,-0.232,0.303,1.371
21-Dec,-0.238,0.311,1.397
24-Dec,-0.245,0.311,1.397
25-Dec,-0.245,0.311,1.397
26-Dec,-0.245,0.311,1.397
27-Dec,-0.254,0.302,1.382
28-Dec,-0.242,0.331,1.413
31-Dec,-0.249,0.331,1.413
1-Jan,-0.249,0.331,1.413
2-Jan,-0.237,0.333,1.399
3-Jan,-0.209,0.37,1.426
4-Jan,-0.187,0.393,1.472
7-Jan,-0.2,0.403,1.498
8-Jan,-0.211,0.416,1.511
9-Jan,-0.226,0.401,1.489
10-Jan,-0.222,0.377,1.449
11-Jan,-0.207,0.388,1.442
14-Jan,-0.219,0.365,1.416
15-Jan,-0.229,0.338,1.387
16-Jan,-0.245,0.319,1.373
17-Jan,-0.243,0.293,1.361
18-Jan,-0.242,0.275,1.344
21-Jan,-0.238,0.303,1.363
22-Jan,-0.241,0.279,1.332
23-Jan,-0.239,0.275,1.311
24-Jan,-0.255,0.224,1.237
25-Jan,-0.269,0.212,1.228
28-Jan,-0.263,0.209,1.217
29-Jan,-0.251,0.223,1.235
30-Jan,-0.242,0.235,1.252
31-Jan,-0.26,0.196,1.194
1-Feb,-0.263,0.201,1.221
4-Feb,-0.256,0.218,1.242
5-Feb,-0.257,0.23,1.253
6-Feb,-0.25,0.231,1.255
7-Feb,-0.252,0.222,1.239
8-Feb,-0.257,0.216,1.23
11-Feb,-0.244,0.227,1.239
12-Feb,-0.26,0.223,1.236
13-Feb,-0.265,0.214,1.231
14-Feb,-0.262,0.221,1.239
15-Feb,-0.262,0.215,1.235
18-Feb,-0.263,0.217,1.225
19-Feb,-0.264,0.202,1.205
20-Feb,-0.269,0.194,1.198
21-Feb,-0.266,0.19,1.2
22-Feb,-0.281,0.164,1.172
25-Feb,-0.276,0.158,1.159
26-Feb,-0.286,0.144,1.136
27-Feb,-0.275,0.177,1.157
28-Feb,-0.267,0.181,1.171
1-Mar,-0.26,0.204,1.195
4-Mar,-0.265,0.189,1.169
5-Mar,-0.275,0.178,1.151
6-Mar,-0.297,0.147,1.11
7-Mar,-0.325,0.085,1.04
8-Mar,-0.316,0.109,1.048
11-Mar,-0.312,0.127,1.151
12-Mar,-0.299,0.138,1.166
13-Mar,-0.3,0.149,1.185
14-Mar,-0.305,0.145,1.188
15-Mar,-0.304,0.134,1.185
18-Mar,-0.318,0.096,1.154
19-Mar,-0.328,0.111,1.169
20-Mar,-0.327,0.109,1.161
21-Mar,-0.343,0.069,1.098
22-Mar,-0.358,0.048,1.068
25-Mar,-0.355,0.067,1.099
26-Mar,-0.363,0.076,1.089
27-Mar,-0.379,0.038,1.053
28-Mar,-0.377,0.057,1.087
29-Mar,-0.379,0.05,1.093
1-Apr,-0.368,0.075,1.137
2-Apr,-0.377,0.053,1.113
3-Apr,-0.364,0.071,1.137
4-Apr,-0.361,0.059,1.107
5-Apr,-0.352,0.06,1.101
8-Apr,-0.335,0.052,1.083
9-Apr,-0.335,0.04,1.072
10-Apr,-0.351,0.01,1.04
11-Apr,-0.35,-0.024,1.001
12-Apr,-0.339,0.001,1.047
15-Apr,-0.328,0.041,1.08
16-Apr,-0.329,0.041,1.083
17-Apr,-0.336,0.045,1.102
18-Apr,-0.334,0.027,1.065
19-Apr,-0.334,0.027,1.065
22-Apr,-0.334,0.027,1.065
23-Apr,-0.322,0.062,1.113
24-Apr,-0.325,0.223,1.07
25-Apr,-0.33,0.229,1.088
26-Apr,-0.34,0.175,1.021
29-Apr,-0.339,0.16,1.01
30-Apr,-0.343,0.148,0.998
1-May,-0.343,0.148,0.998
2-May,-0.346,0.146,0.994
3-May,-0.348,0.136,0.981
6-May,-0.347,0.136,0.98
7-May,-0.35,0.119,0.961
8-May,-0.359,0.11,0.957
9-May,-0.346,0.124,0.986
10-May,-0.347,0.12,0.975
13-May,-0.344,0.131,0.989
14-May,-0.343,0.124,0.969
15-May,-0.341,0.114,0.952
16-May,-0.347,0.074,0.902
17-May,-0.358,0.056,0.872
20-May,-0.349,0.066,0.882
21-May,-0.349,0.056,0.871
22-May,-0.344,0.051,0.866
23-May,-0.345,0.049,0.849
24-May,-0.349,0.036,0.822
27-May,-0.351,0.032,0.806
28-May,-0.356,0.029,0.784
29-May,-0.36,-0.003,0.73
30-May,-0.363,0.023,0.759
31-May,-0.383,-0.02,0.712
3-Jun,-0.385,-0.032,0.689
4-Jun,-0.386,-0.039,0.662
5-Jun,-0.39,-0.057,0.627
6-Jun,-0.376,-0.061,0.607
7-Jun,-0.397,-0.089,0.55
10-Jun,-0.382,-0.061,0.602
11-Jun,-0.38,-0.056,0.576
12-Jun,-0.38,-0.049,0.571
13-Jun,-0.383,-0.053,0.54
14-Jun,-0.4,-0.067,0.498
17-Jun,-0.391,-0.052,0.523
18-Jun,-0.442,-0.162,0.39
19-Jun,-0.422,-0.142,0.4
20-Jun,-0.42,-0.136,0.389
21-Jun,-0.419,-0.113,0.433
24-Jun,-0.421,-0.134,0.405
25-Jun,-0.426,-0.148,0.377
26-Jun,-0.431,-0.143,0.39
27-Jun,-0.427,-0.146,0.392
28-Jun,-0.431,-0.166,0.392
1-Jul,-0.465,-0.216,0.334
2-Jul,-0.489,-0.257,0.29
3-Jul,-0.517,-0.309,0.21
4-Jul,-0.511,-0.259,0.245
5-Jul,-0.463,-0.213,0.321
8-Jul,-0.449,-0.171,0.433
9-Jul,-0.462,-0.181,0.416
10-Jul,-0.455,-0.178,0.435
11-Jul,-0.433,-0.143,0.472
12-Jul,-0.42,-0.083,0.563
15-Jul,-0.453,-0.126,0.503
16-Jul,-0.479,-0.154,0.487
17-Jul,-0.489,-0.173,0.443
18-Jul,-0.488,-0.208,0.4
19-Jul,-0.493,-0.228,0.382
22-Jul,-0.494,-0.212,0.388
23-Jul,-0.489,-0.213,0.39
24-Jul,-0.514,-0.252,0.341
25-Jul,-0.504,-0.237,0.352
26-Jul,-0.519,-0.217,0.369
29-Jul,-0.508,-0.23,0.354
30-Jul,-0.504,-0.233,0.349
31-Jul,-0.498,-0.274,0.28
1-Aug,-0.497,-0.263,0.289
2-Aug,-0.497,-0.277,0.242
5-Aug,-0.503,-0.275,0.243
6-Aug,-0.504,-0.275,0.227
7-Aug,-0.516,-0.303,0.168
8-Aug,-0.508,-0.28,0.22
9-Aug,-0.499,-0.253,0.257
12-Aug,-0.507,-0.28,0.226
13-Aug,-0.51,-0.281,0.206
14-Aug,-0.531,-0.308,0.139
15-Aug,-0.592,-0.399,0.031
16-Aug,-0.561,-0.333,0.075
19-Aug,-0.551,-0.31,0.129
20-Aug,-0.549,-0.339,0.093
21-Aug,-0.549,-0.332,0.094
22-Aug,-0.549,-0.319,0.137
23-Aug,-0.558,-0.332,0.134
26-Aug,-0.541,-0.334,0.127
27-Aug,-0.564,-0.363,0.079
28-Aug,-0.569,-0.386,0.06
29-Aug,-0.561,-0.371,0.099
30-Aug,-0.573,-0.373,0.1
2-Sep,-0.571,-0.358,0.123
3-Sep,-0.579,-0.365,0.105
4-Sep,-0.569,-0.329,0.145
5-Sep,-0.55,-0.284,0.23
6-Sep,-0.564,-0.334,0.17
9-Sep,-0.548,-0.305,0.216
10-Sep,-0.536,-0.27,0.256
11-Sep,-0.517,-0.266,0.251
12-Sep,-0.485,-0.232,0.219
13-Sep,-0.411,-0.167,0.298
16-Sep,-0.459,-0.208,0.254
17-Sep,-0.456,-0.179,0.282
18-Sep,-0.48,-0.244,0.225
19-Sep,-0.471,-0.221,0.245
20-Sep,-0.472,-0.232,0.232
23-Sep,-0.517,-0.29,0.145
24-Sep,-0.53,-0.309,0.115
25-Sep,-0.507,-0.292,0.13
26-Sep,-0.507,-0.272,0.146
27-Sep,-0.521,-0.294,0.147
30-Sep,-0.518,-0.304,0.142
1-Oct,-0.515,-0.305,0.149
2-Oct,-0.513,-0.292,0.166
3-Oct,-0.521,-0.312,0.128
4-Oct,-0.531,-0.311,0.128
7-Oct,-0.527,-0.3,0.134
8-Oct,-0.522,-0.314,0.119
9-Oct,-0.512,-0.284,0.148
10-Oct,-0.488,-0.228,0.223
11-Oct,-0.478,-0.232,0.233
14-Oct,-0.472,-0.242,0.209
15-Oct,-0.46,-0.231,0.224
16-Oct,-0.459,-0.212,0.25
17-Oct,-0.451,-0.225,0.224
18-Oct,-0.449,-0.214,0.243
21-Oct,-0.437,-0.191,0.282
22-Oct,-0.411,-0.204,0.258
23-Oct,-0.413,-0.203,0.247
24-Oct,-0.411,-0.214,0.233
25-Oct,-0.4,-0.187,0.27
28-Oct,-0.387,-0.165,0.303
29-Oct,-0.402,-0.175,0.285
30-Oct,-0.41,-0.179,0.279
31-Oct,-0.434,-0.21,0.234
1-Nov,-0.434,-0.195,0.271
4-Nov,-0.421,-0.171,0.306
5-Nov,-0.426,-0.168,0.325
6-Nov,-0.416,-0.194,0.289
7-Nov,-0.398,-0.134,0.379
8-Nov,-0.39,-0.119,0.384
11-Nov,-0.386,-0.091,0.427
12-Nov,-0.385,-0.086,0.44
13-Nov,-0.381,-0.086,0.447
14-Nov,-0.378,-0.061,0.453
15-Nov,-0.373,-0.09,0.437
18-Nov,-0.375,-0.104,0.411
19-Nov,-0.372,-0.075,0.426
20-Nov,-0.376,-0.079,0.422
21-Nov,-0.372,-0.064,0.448
22-Nov,-0.382,-0.116,0.406
25-Nov,-0.382,-0.115,0.409
26-Nov,-0.386,-0.129,0.386
27-Nov,-0.387,-0.129,0.392
28-Nov,-0.386,-0.108,0.407
29-Nov,-0.389,-0.096,0.413
2-Dec,-0.371,-0.051,0.486
3-Dec,-0.388,-0.118,0.408
4-Dec,-0.396,-0.093,0.439
5-Dec,-0.386,-0.049,0.486
6-Dec,-0.385,-0.048,0.49
9-Dec,-0.387,-0.079,0.45
10-Dec,-0.388,-0.075,0.458
11-Dec,-0.394,-0.114,0.41
12-Dec,-0.394,-0.088,0.447
13-Dec,-0.392,-0.115,0.409
16-Dec,-0.395,-0.106,0.417
17-Dec,-0.39,-0.11,0.39
18-Dec,-0.392,-0.089,0.426
19-Dec,-0.396,-0.076,0.444
20-Dec,-0.397,-0.1,0.438
23-Dec,-0.397,-0.106,0.429
24-Dec,-0.399,-0.106,0.428
25-Dec,-0.399,-0.106,0.428
26-Dec,-0.399,-0.106,0.428
27-Dec,-0.403,-0.122,0.404
30-Dec,-0.397,-0.084,0.463
31-Dec,-0.397,-0.084,0.463
1-Jan,-0.397,-0.084,0.463
2-Jan,-0.383,-0.1,0.441
3-Jan,-0.389,-0.139,0.382
6-Jan,-0.393,-0.128,0.391
7-Jan,-0.393,-0.124,0.395
8-Jan,-0.389,-0.095,0.43
9-Jan,-0.384,-0.083,0.449
10-Jan,-0.388,-0.095,0.437
13-Jan,-0.369,-0.066,0.476
14-Jan,-0.362,-0.055,0.476
15-Jan,-0.362,-0.069,0.451
16-Jan,-0.351,-0.058,0.464
17-Jan,-0.352,-0.065,0.46
20-Jan,-0.366,-0.081,0.441
21-Jan,-0.365,-0.097,0.42
22-Jan,-0.365,-0.101,0.41
23-Jan,-0.375,-0.129,0.356
24-Jan,-0.382,-0.155,0.344
27-Jan,-0.4,-0.2,0.278
28-Jan,-0.408,-0.182,0.313
29-Jan,-0.408,-0.189,0.298
30-Jan,-0.424,-0.204,0.269
31-Jan,-0.433,-0.233,0.232
3-Feb,-0.437,-0.221,0.239
4-Feb,-0.435,-0.206,0.266
5-Feb,-0.423,-0.195,0.296
6-Feb,-0.417,-0.196,0.293
7-Feb,-0.42,-0.197,0.281
10-Feb,-0.427,-0.203,0.256
11-Feb,-0.437,-0.206,0.265
12-Feb,-0.455,-0.218,0.306
13-Feb,-0.459,-0.224,0.296
14-Feb,-0.46,-0.223,0.291
17-Feb,-0.458,-0.233,0.285
18-Feb,-0.458,-0.23,0.285
19-Feb,-0.457,-0.235,0.268
20-Feb,-0.458,-0.264,0.223
21-Feb,-0.457,-0.259,0.224
24-Feb,-0.461,-0.27,0.206
25-Feb,-0.465,-0.278,0.211
26-Feb,-0.455,-0.25,0.247
27-Feb,-0.44,-0.19,0.306
28-Feb,-0.433,-0.198,0.279
2-Mar,-0.449,-0.205,0.283
3-Mar,-0.467,-0.271,0.185
4-Mar,-0.498,-0.314,0.171
5-Mar,-0.469,-0.262,0.21
6-Mar,-0.468,-0.235,0.211
9-Mar,-0.412,-0.176,0.26
10-Mar,-0.384,-0.111,0.34
11-Mar,-0.399,-0.172,0.257
12-Mar,-0.334,-0.027,0.506
13-Mar,-0.319,0.148,0.617
16-Mar,-0.192,0.287,0.837
17-Mar,-0.043,0.444,1.028
18-Mar,0.094,0.573,1.216
19-Mar,-0.132,0.319,0.875
20-Mar,-0.155,0.198,0.729
23-Mar,-0.188,0.198,0.755
24-Mar,-0.177,0.317,0.876
25-Mar,-0.177,0.306,0.868
26-Mar,-0.198,0.096,0.563
27-Mar,-0.251,0.017,0.535
30-Mar,-0.241,0.078,0.6
31-Mar,-0.202,0.145,0.672
1-Apr,-0.153,0.197,0.698
2-Apr,-0.144,0.208,0.703
3-Apr,-0.149,0.223,0.736
6-Apr,-0.13,0.21,0.717
7-Apr,-0.08,0.273,0.812
8-Apr,-0.047,0.292,0.836
9-Apr,-0.054,0.256,0.777
10-Apr,-0.054,0.256,0.777
13-Apr,-0.054,0.256,0.777
14-Apr,-0.008,0.291,0.837
15-Apr,0.119,0.358,0.858
16-Apr,0.088,0.329,0.827
17-Apr,0.045,0.301,0.811
20-Apr,0.077,0.377,0.886
21-Apr,0.106,0.461,0.999
22-Apr,0.147,0.553,1.132
23-Apr,0.112,0.494,1.045
24-Apr,0.059,0.407,0.947
27-Apr,0.001,0.329,0.884
28-Apr,-0.084,0.244,0.839
29-Apr,-0.141,0.178,0.795
30-Apr,-0.226,0.036,0.718
1-May,-0.226,0.036,0.718
4-May,-0.202,0.07,0.755
5-May,-0.171,0.097,0.776
6-May,-0.161,0.157,0.849
7-May,-0.153,0.121,0.817
8-May,-0.192,0.099,0.791
11-May,-0.191,0.101,0.809
12-May,-0.242,0.154,0.783
13-May,-0.28,0.118,0.73
14-May,-0.276,0.134,0.743
15-May,-0.267,0.15,0.755
18-May,-0.272,0.121,0.729
19-May,-0.298,0.063,0.638
20-May,-0.308,0.066,0.635
21-May,-0.307,0.059,0.626
22-May,-0.304,0.049,0.621
25-May,-0.31,0.021,0.605
26-May,-0.311,0.033,0.62
27-May,-0.329,-0.017,0.643
28-May,-0.35,-0.062,0.577
29-May,-0.353,-0.074,0.559
1-Jun,-0.355,-0.06,0.575
2-Jun,-0.364,-0.072,0.555
3-Jun,-0.338,-0.031,0.607
4-Jun,-0.35,-0.084,0.553
5-Jun,-0.354,-0.09,0.555
8-Jun,-0.353,-0.105,0.545
9-Jun,-0.331,-0.024,0.634
10-Jun,-0.315,0.03,0.674
11-Jun,-0.333,-0.015,0.624
12-Jun,-0.353,-0.037,0.59
15-Jun,-0.363,-0.049,0.557
16-Jun,-0.385,-0.068,0.53
17-Jun,-0.381,-0.051,0.555
18-Jun,-0.389,-0.084,0.511
19-Jun,-0.397,-0.103,0.488
22-Jun,-0.405,-0.122,0.458
23-Jun,-0.403,-0.118,0.472
24-Jun,-0.422,-0.146,0.465
25-Jun,-0.441,-0.139,0.455
26-Jun,-0.444,-0.16,0.454
29-Jun,-0.423,-0.146,0.466
30-Jun,-0.419,-0.143,0.464
1-Jul,-0.412,-0.118,0.499
2-Jul,-0.409,-0.146,0.448
3-Jul,-0.403,-0.15,0.442
6-Jul,-0.402,-0.179,0.421
7-Jul,-0.402,-0.187,0.421
8-Jul,-0.423,-0.201,0.406
9-Jul,-0.428,-0.194,0.404
10-Jul,-0.422,-0.186,0.41
13-Jul,-0.4,-0.161,0.44
14-Jul,-0.4,-0.189,0.405
15-Jul,-0.397,-0.182,0.418
16-Jul,-0.399,-0.196,0.398
17-Jul,-0.396,-0.185,0.406
20-Jul,-0.41,-0.228,0.353
21-Jul,-0.423,-0.233,0.353
22-Jul,-0.426,-0.246,0.331
23-Jul,-0.418,-0.236,0.32
24-Jul,-0.396,-0.214,0.348
27-Jul,-0.395,-0.215,0.338
28-Jul,-0.391,-0.197,0.352
29-Jul,-0.391,-0.211,0.345
30-Jul,-0.414,-0.241,0.313
31-Jul,-0.411,-0.216,0.336
3-Aug,-0.404,-0.219,0.332
4-Aug,-0.432,-0.259,0.28
5-Aug,-0.432,-0.243,0.307
6-Aug,-0.434,-0.25,0.277
7-Aug,-0.437,-0.259,0.275
10-Aug,-0.444,-0.275,0.253
11-Aug,-0.441,-0.255,0.277
12-Aug,-0.439,-0.245,0.3
13-Aug,-0.429,-0.194,0.367
14-Aug,-0.448,-0.222,0.354
17-Aug,-0.454,-0.254,0.323
18-Aug,-0.459,-0.261,0.307
19-Aug,-0.46,-0.273,0.288
20-Aug,-0.473,-0.267,0.288
21-Aug,-0.473,-0.256,0.295
24-Aug,-0.47,-0.24,0.323
25-Aug,-0.461,-0.206,0.379
26-Aug,-0.467,-0.228,0.373
27-Aug,-0.468,-0.22,0.386
28-Aug,-0.47,-0.232,0.376
31-Aug,-0.465,-0.206,0.406
1-Sep,-0.471,-0.221,0.395
2-Sep,-0.482,-0.271,0.329
3-Sep,-0.488,-0.286,0.323
4-Sep,-0.482,-0.258,0.348
7-Sep,-0.474,-0.254,0.35
8-Sep,-0.469,-0.265,0.322
9-Sep,-0.464,-0.252,0.336
10-Sep,-0.464,-0.242,0.347
11-Sep,-0.472,-0.263,0.305
14-Sep,-0.476,-0.287,0.28
15-Sep,-0.475,-0.288,0.268
16-Sep,-0.494,-0.299,0.259
17-Sep,-0.506,-0.309,0.263
18-Sep,-0.511,-0.3,0.282
21-Sep,-0.522,-0.328,0.25
22-Sep,-0.517,-0.33,0.233
23-Sep,-0.515,-0.328,0.224
24-Sep,-0.51,-0.297,0.248
25-Sep,-0.508,-0.298,0.246
28-Sep,-0.51,-0.302,0.244
29-Sep,-0.514,-0.319,0.223
30-Sep,-0.513,-0.297,0.246
1-Oct,-0.517,-0.312,0.229
2-Oct,-0.521,-0.323,0.219
5-Oct,-0.513,-0.291,0.26
6-Oct,-0.516,-0.318,0.234
7-Oct,-0.52,-0.311,0.241
8-Oct,-0.538,-0.336,0.199
9-Oct,-0.557,-0.35,0.174
12-Oct,-0.557,-0.368,0.144
13-Oct,-0.57,-0.37,0.142
14-Oct,-0.571,-0.385,0.134
15-Oct,-0.56,-0.379,0.147
16-Oct,-0.567,-0.402,0.123
19-Oct,-0.562,-0.372,0.157
20-Oct,-0.557,-0.36,0.181
21-Oct,-0.558,-0.349,0.203
22-Oct,-0.548,-0.264,0.222
23-Oct,-0.553,-0.283,0.193
26-Oct,-0.554,-0.29,0.184
27-Oct,-0.565,-0.314,0.156
28-Oct,-0.562,-0.293,0.176
29-Oct,-0.574,-0.331,0.131
30-Oct,-0.581,-0.328,0.133
2-Nov,-0.594,-0.341,0.12
3-Nov,-0.587,-0.351,0.108
4-Nov,-0.596,-0.363,0.09
5-Nov,-0.594,-0.369,0.089
6-Nov,-0.588,-0.362,0.096
9-Nov,-0.557,-0.3,0.184
10-Nov,-0.555,-0.302,0.184
11-Nov,-0.564,-0.323,0.155
12-Nov,-0.568,-0.339,0.13
13-Nov,-0.571,-0.345,0.11
16-Nov,-0.569,-0.357,0.098
17-Nov,-0.575,-0.376,0.073
18-Nov,-0.574,-0.371,0.079
19-Nov,-0.581,-0.382,0.069
20-Nov,-0.589,-0.384,0.063
23-Nov,-0.584,-0.377,0.069
24-Nov,-0.581,-0.374,0.072
25-Nov,-0.596,-0.383,0.067
26-Nov,-0.597,-0.395,0.049
27-Nov,-0.597,-0.395,0.056
30-Nov,-0.593,-0.379,0.079
1-Dec,-0.588,-0.353,0.117
2-Dec,-0.575,-0.364,0.101
3-Dec,-0.589,-0.388,0.069
4-Dec,-0.599,-0.379,0.079
7-Dec,-0.602,-0.398,0.051
8-Dec,-0.617,-0.41,0.027
9-Dec,-0.622,-0.426,0.018
10-Dec,-0.626,-0.423,0.02
11-Dec,-0.634,-0.439,0.001
14-Dec,-0.633,-0.442,0.001
15-Dec,-0.634,-0.457,-0.019
16-Dec,-0.624,-0.428,0.022
17-Dec,-0.625,-0.432,0.028
18-Dec,-0.624,-0.42,0.042
21-Dec,-0.62,-0.414,0.053
22-Dec,-0.625,-0.42,0.048
23-Dec,-0.622,-0.397,0.071
24-Dec,-0.625,-0.397,0.071
25-Dec,-0.625,-0.397,0.071
28-Dec,-0.634,-0.413,0.047
29-Dec,-0.636,-0.416,0.048
30-Dec,-0.628,-0.397,0.043
31-Dec,-0.63,-0.397,0.043
1-Jan,-0.63,-0.397,0.043
4-Jan,-0.604,-0.402,0.02
5-Jan,-0.593,-0.387,0.033
6-Jan,-0.584,-0.376,0.045
7-Jan,-0.586,-0.393,0.043
8-Jan,-0.538,-0.402,0.039
11-Jan,-0.522,-0.381,0.057
12-Jan,-0.501,-0.344,0.107
13-Jan,-0.51,-0.369,0.067
14-Jan,-0.51,-0.362,0.059
15-Jan,-0.517,-0.366,0.057
18-Jan,-0.513,-0.356,0.077
19-Jan,-0.518,-0.356,0.067
20-Jan,-0.519,-0.355,0.074
21-Jan,-0.503,-0.322,0.125
22-Jan,-0.495,-0.321,0.121
25-Jan,-0.516,-0.359,0.071
26-Jan,-0.524,-0.366,0.072
27-Jan,-0.538,-0.378,0.073
28-Jan,-0.545,-0.38,0.072
29-Jan,-0.542,-0.371,0.097
1-Feb,-0.537,-0.365,0.093
2-Feb,-0.521,-0.348,0.115
3-Feb,-0.524,-0.344,0.125
4-Feb,-0.527,-0.339,0.121
5-Feb,-0.525,-0.337,0.122
8-Feb,-0.526,-0.332,0.125
9-Feb,-0.529,-0.335,0.129
10-Feb,-0.53,-0.324,0.145
11-Feb,-0.536,-0.341,0.12
12-Feb,-0.521,-0.318,0.156
15-Feb,-0.505,-0.287,0.258
16-Feb,-0.48,-0.254,0.293
17-Feb,-0.474,-0.267,0.287
18-Feb,-0.465,-0.227,0.338
19-Feb,-0.469,-0.222,0.354
22-Feb,-0.48,-0.248,0.324
23-Feb,-0.47,-0.229,0.362
24-Feb,-0.456,-0.213,0.389
25-Feb,-0.404,-0.148,0.473
26-Feb,-0.416,-0.181,0.42
1-Mar,-0.461,-0.248,0.322
2-Mar,-0.466,-0.256,0.317
3-Mar,-0.447,-0.215,0.387
4-Mar,-0.451,-0.227,0.377
5-Mar,-0.446,-0.216,0.391
8-Mar,-0.443,-0.216,0.397
9-Mar,-0.465,-0.238,0.362
10-Mar,-0.473,-0.25,0.35
11-Mar,-0.498,-0.288,0.294
12-Mar,-0.489,-0.259,0.327
15-Mar,-0.499,-0.282,0.297
16-Mar,-0.5,-0.277,0.313
17-Mar,-0.487,-0.244,0.375
18-Mar,-0.489,-0.25,0.373
19-Mar,-0.5,-0.279,0.345
22-Mar,-0.502,-0.283,0.336
23-Mar,-0.513,-0.313,0.292
24-Mar,-0.523,-0.32,0.273
25-Mar,-0.526,-0.334,0.261
26-Mar,-0.527,-0.323,0.285
29-Mar,-0.511,-0.301,0.311
30-Mar,-0.495,-0.275,0.341
31-Mar,-0.494,-0.277,0.335
1-Apr,-0.512,-0.297,0.307
2-Apr,-0.512,-0.297,0.307
5-Apr,-0.512,-0.297,0.307
6-Apr,-0.502,-0.271,0.344
7-Apr,-0.503,-0.277,0.34
8-Apr,-0.51,-0.276,0.333
9-Apr,-0.501,-0.243,0.376
12-Apr,-0.507,-0.245,0.387
13-Apr,-0.494,-0.246,0.386
14-Apr,-0.485,-0.225,0.414
15-Apr,-0.497,-0.256,0.373
16-Apr,-0.493,-0.245,0.391
19-Apr,-0.487,-0.23,0.413
20-Apr,-0.486,-0.236,0.402
21-Apr,-0.493,-0.243,0.391
22-Apr,-0.491,-0.24,0.39
23-Apr,-0.49,-0.241,0.396
26-Apr,-0.49,-0.242,0.399
27-Apr,-0.491,-0.234,0.414
28-Apr,-0.492,-0.224,0.431
29-Apr,-0.488,-0.2,0.473
30-Apr,-0.495,-0.206,0.474
3-May,-0.506,-0.228,0.454
4-May,-0.514,-0.243,0.426
5-May,-0.514,-0.229,0.449
6-May,-0.516,-0.228,0.455
7-May,-0.509,-0.217,0.485
10-May,-0.513,-0.225,0.466
11-May,-0.502,-0.191,0.518
12-May,-0.494,-0.163,0.56
13-May,-0.491,-0.141,0.584
14-May,-0.49,-0.138,0.583
17-May,-0.485,-0.125,0.613
18-May,-0.494,-0.131,0.6
19-May,-0.486,-0.129,0.607
20-May,-0.499,-0.148,0.571
21-May,-0.506,-0.166,0.552
24-May,-0.506,-0.181,0.542
25-May,-0.514,-0.218,0.492
26-May,-0.516,-0.246,0.451
27-May,-0.503,-0.219,0.482
28-May,-0.507,-0.224,0.471
31-May,-0.505,-0.224,0.461
1-Jun,-0.511,-0.229,0.468
2-Jun,-0.519,-0.246,0.453
3-Jun,-0.522,-0.237,0.468
4-Jun,-0.531,-0.25,0.451
7-Jun,-0.529,-0.236,0.472
8-Jun,-0.535,-0.265,0.43
9-Jun,-0.547,-0.286,0.4
10-Jun,-0.548,-0.294,0.386
11-Jun,-0.56,-0.309,0.355
14-Jun,-0.55,-0.289,0.391
15-Jun,-0.541,-0.285,0.407
16-Jun,-0.549,-0.292,0.396
17-Jun,-0.539,-0.258,0.426
18-Jun,-0.523,-0.232,0.453
21-Jun,-0.509,-0.222,0.453
22-Jun,-0.506,-0.214,0.459
23-Jun,-0.504,-0.222,0.449
24-Jun,-0.501,-0.233,0.428
25-Jun,-0.492,-0.196,0.479
28-Jun,-0.497,-0.219,0.44
29-Jun,-0.501,-0.209,0.456
30-Jun,-0.51,-0.247,0.411
1-Jul,-0.518,-0.259,0.397
2-Jul,-0.524,-0.276,0.369
5-Jul,-0.518,-0.256,0.397
6-Jul,-0.528,-0.29,0.342
7-Jul,-0.526,-0.295,0.329
8-Jul,-0.52,-0.29,0.346
9-Jul,-0.52,-0.284,0.352
12-Jul,-0.524,-0.294,0.34
13-Jul,-0.525,-0.305,0.321
14-Jul,-0.527,-0.31,0.311
15-Jul,-0.525,-0.314,0.306
16-Jul,-0.538,-0.331,0.286
19-Jul,-0.541,-0.331,0.275
20-Jul,-0.549,-0.338,0.26
21-Jul,-0.551,-0.332,0.274
22-Jul,-0.561,-0.369,0.285
23-Jul,-0.569,-0.38,0.27
26-Jul,-0.572,-0.376,0.279
27-Jul,-0.578,-0.385,0.271
28-Jul,-0.586,-0.392,0.272
29-Jul,-0.587,-0.398,0.272
30-Jul,-0.587,-0.392,0.266
2-Aug,-0.607,-0.415,0.232
3-Aug,-0.604,-0.416,0.231
4-Aug,-0.617,-0.42,0.229
5-Aug,-0.622,-0.437,0.204
6-Aug,-0.615,-0.414,0.24
9-Aug,-0.611,-0.417,0.233
10-Aug,-0.614,-0.419,0.228
11-Aug,-0.614,-0.413,0.236
12-Aug,-0.617,-0.42,0.221
13-Aug,-0.612,-0.42,0.217
16-Aug,-0.613,-0.421,0.222
17-Aug,-0.613,-0.418,0.227
18-Aug,-0.62,-0.433,0.217
19-Aug,-0.622,-0.43,0.218
20-Aug,-0.625,-0.435,0.21
23-Aug,-0.62,-0.42,0.23
24-Aug,-0.621,-0.409,0.234
25-Aug,-0.604,-0.371,0.302
26-Aug,-0.605,-0.365,0.313
27-Aug,-0.613,-0.378,0.293
30-Aug,-0.619,-0.393,0.275
31-Aug,-0.609,-0.36,0.337
1-Sep,-0.612,-0.363,0.336
2-Sep,-0.625,-0.376,0.313
3-Sep,-0.616,-0.363,0.335
6-Sep,-0.62,-0.373,0.316
7-Sep,-0.604,-0.341,0.367
8-Sep,-0.602,-0.348,0.365
9-Sep,-0.607,-0.379,0.302
10-Sep,-0.607,-0.355,0.332
13-Sep,-0.613,-0.361,0.328
14-Sep,-0.613,-0.372,0.305
15-Sep,-0.602,-0.355,0.344
16-Sep,-0.607,-0.36,0.338
17-Sep,-0.605,-0.356,0.354
20-Sep,-0.611,-0.372,0.333
21-Sep,-0.612,-0.377,0.324
22-Sep,-0.62,-0.384,0.311
23-Sep,-0.607,-0.341,0.374
24-Sep,-0.593,-0.321,0.408
27-Sep,-0.595,-0.316,0.41
28-Sep,-0.587,-0.291,0.441
29-Sep,-0.593,-0.295,0.437
30-Sep,-0.587,-0.293,0.459
1-Oct,-0.596,-0.331,0.422
4-Oct,-0.594,-0.327,0.435
5-Oct,-0.597,-0.315,0.458
6-Oct,-0.587,-0.304,0.469
7-Oct,-0.593,-0.315,0.46
8-Oct,-0.596,-0.304,0.488
11-Oct,-0.595,-0.273,0.509
12-Oct,-0.57,-0.259,0.532
13-Oct,-0.568,-0.264,0.493
14-Oct,-0.593,-0.302,0.435
15-Oct,-0.594,-0.289,0.457
18-Oct,-0.566,-0.225,0.487
19-Oct,-0.568,-0.193,0.527
20-Oct,-0.597,-0.234,0.503
21-Oct,-0.6,-0.199,0.523
22-Oct,-0.595,-0.185,0.527
25-Oct,-0.604,-0.213,0.509
26-Oct,-0.604,-0.201,0.522
27-Oct,-0.603,-0.221,0.47
28-Oct,-0.586,-0.182,0.515
29-Oct,-0.551,-0.111,0.608
1-Nov,-0.554,-0.088,0.63
2-Nov,-0.587,-0.178,0.529
3-Nov,-0.594,-0.193,0.52
4-Nov,-0.64,-0.274,0.459
5-Nov,-0.657,-0.303,0.399
8-Nov,-0.648,-0.281,0.431
9-Nov,-0.671,-0.301,0.38
10-Nov,-0.634,-0.237,0.457
11-Nov,-0.619,-0.22,0.468
12-Nov,-0.631,-0.252,0.458
15-Nov,-0.61,-0.21,0.504
16-Nov,-0.617,-0.252,0.475
17-Nov,-0.619,-0.25,0.485
18-Nov,-0.642,-0.285,0.436
19-Nov,-0.677,-0.338,0.381
22-Nov,-0.666,-0.303,0.415
23-Nov,-0.66,-0.216,0.511
24-Nov,-0.671,-0.236,0.522
25-Nov,-0.694,-0.256,0.506
26-Nov,-0.691,-0.31,0.426
29-Nov,-0.664,-0.303,0.42
30-Nov,-0.637,-0.309,0.397
1-Dec,-0.605,-0.265,0.425
2-Dec,-0.604,-0.296,0.378
3-Dec,-0.62,-0.321,0.345
6-Dec,-0.613,-0.326,0.333
7-Dec,-0.602,-0.304,0.331
8-Dec,-0.587,-0.248,0.412
9-Dec,-0.601,-0.282,0.374
10-Dec,-0.593,-0.277,0.355
13-Dec,-0.566,-0.309,0.308
14-Dec,-0.563,-0.287,0.33
15-Dec,-0.564,-0.292,0.347
16-Dec,-0.596,-0.287,0.385
17-Dec,-0.62,-0.319,0.333
20-Dec,-0.634,-0.31,0.359
21-Dec,-0.638,-0.256,0.44
22-Dec,-0.619,-0.238,0.457
23-Dec,-0.602,-0.211,0.505
24-Dec,-0.603,-0.211,0.505
27-Dec,-0.595,-0.193,0.511
28-Dec,-0.607,-0.177,0.508
29-Dec,-0.644,-0.157,0.562
30-Dec,-0.62,-0.158,0.563
31-Dec,-0.622,-0.159,0.563
3-Jan,-0.592,-0.138,0.594
4-Jan,-0.586,-0.151,0.588
5-Jan,-0.585,-0.155,0.595
6-Jan,-0.589,-0.131,0.621
7-Jan,-0.564,-0.102,0.646
10-Jan,-0.557,-0.099,0.644
11-Jan,-0.527,-0.065,0.65
12-Jan,-0.513,-0.096,0.625
13-Jan,-0.553,-0.107,0.585
14-Jan,-0.549,-0.075,0.636
17-Jan,-0.56,-0.058,0.656
18-Jan,-0.548,-0.053,0.669
19-Jan,-0.543,-0.059,0.683
20-Jan,-0.556,-0.062,0.661
21-Jan,-0.574,-0.085,0.636
24-Jan,-0.552,-0.108,0.622
25-Jan,-0.552,-0.1,0.646
26-Jan,-0.53,-0.089,0.669
27-Jan,-0.535,-0.063,0.666
28-Jan,-0.518,-0.049,0.696
31-Jan,-0.509,0.027,0.745
1-Feb,-0.472,0.048,0.776
2-Feb,-0.461,0.089,0.783
3-Feb,-0.32,0.246,0.937
4-Feb,-0.231,0.366,1.034
7-Feb,-0.181,0.406,1.077
8-Feb,-0.259,0.423,1.124
9-Feb,-0.304,0.369,1.062
10-Feb,-0.3,0.452,1.169
11-Feb,-0.292,0.465,1.214
14-Feb,0.075,0.665,1.295
15-Feb,0.041,0.653,1.304
16-Feb,-0.007,0.631,1.27
17-Feb,-0.068,0.57,1.214
18-Feb,-0.055,0.566,1.201
21-Feb,-0.032,0.591,1.241
22-Feb,-0.015,0.618,1.261
23-Feb,0.049,0.646,1.259
24-Feb,-0.03,0.558,1.177
25-Feb,0.004,0.598,1.211
28-Feb,-0.059,0.471,1.114
1-Mar,-0.278,0.161,0.857
2-Mar,-0.162,0.325,0.996
3-Mar,-0.199,0.316,1
4-Mar,-0.272,0.272,0.966
7-Mar,-0.202,0.294,1.003
8-Mar,-0.183,0.321,1.051
9-Mar,-0.146,0.402,1.141
10-Mar,-0.002,0.552,1.265
11-Mar,-0.002,0.543,1.236
14-Mar,0.044,0.622,1.345
15-Mar,-0.012,0.569,1.313
16-Mar,0.008,0.61,1.334
17-Mar,0.011,0.597,1.326
18-Mar,-0.008,0.58,1.316
21-Mar,0.031,0.671,1.408
22-Mar,0.095,0.68,1.418
23-Mar,0.071,0.657,1.368
24-Mar,0.104,0.714,1.411
25-Mar,0.095,0.744,1.442
28-Mar,0.127,0.778,1.449
29-Mar,0.192,0.86,1.494
30-Mar,0.266,0.918,1.54
31-Mar,0.205,0.842,1.434
1-Apr,0.201,0.884,1.47
4-Apr,0.199,0.85,1.449
5-Apr,0.26,0.98,1.597
6-Apr,0.305,1.007,1.635
7-Apr,0.347,1.038,1.662
8-Apr,0.392,1.107,1.701
11-Apr,0.458,1.141,1.751
12-Apr,0.408,1.086,1.709
13-Apr,0.405,1.088,1.7
14-Apr,0.39,1.127,1.777
15-Apr,0.39,1.127,1.777
18-Apr,0.39,1.127,1.777
19-Apr,0.404,1.174,1.842
20-Apr,0.378,1.139,1.799
21-Apr,0.483,1.248,1.896
22-Apr,0.544,1.31,1.934
25-Apr,0.467,1.186,1.821
26-Apr,0.436,1.157,1.797
27-Apr,0.397,1.109,1.791
28-Apr,0.491,1.222,1.899
29-Apr,0.57,1.309,1.972
2-May,0.588,1.344,2.012
3-May,0.614,1.351,2.022
4-May,0.654,1.395,2.065
5-May,0.664,1.438,2.145
6-May,0.755,1.527,2.233
9-May,0.677,1.446,2.212
10-May,0.584,1.339,2.1
11-May,0.518,1.265,2.025
12-May,0.402,1.11,1.876
13-May,0.47,1.216,1.999
16-May,0.495,1.227,1.995
17-May,0.611,1.352,2.113
18-May,0.624,1.377,2.1
19-May,0.607,1.343,2.035
20-May,0.616,1.364,2.077
23-May,0.652,1.46,2.131
24-May,0.61,1.399,2.082
25-May,0.573,1.366,2.056
26-May,0.535,1.354,2.053
27-May,0.556,1.344,2.036
30-May,0.635,1.439,2.127
31-May,0.715,1.53,2.221
1-Jun,0.768,1.608,2.299
2-Jun,0.859,1.708,2.372
3-Jun,0.895,1.768,2.433
6-Jun,0.924,1.79,2.475
7-Jun,0.907,1.754,2.4
8-Jun,0.945,1.815,2.478
9-Jun,1.136,1.99,2.616
10-Jun,1.306,2.176,2.773
13-Jun,1.597,2.448,2.989
14-Jun,1.695,2.548,3.11
15-Jun,1.42,2.272,2.88
16-Jun,1.443,2.295,2.882
17-Jun,1.346,2.125,2.74
20-Jun,1.405,2.223,2.838
21-Jun,1.377,2.219,2.844
22-Jun,1.28,2.068,2.704
23-Jun,1.08,1.851,2.511
24-Jun,1.092,1.881,2.544
27-Jun,1.153,1.975,2.649
28-Jun,1.194,2.043,2.719
29-Jun,1.094,1.901,2.585
30-Jun,0.937,1.725,2.418
1-Jul,0.789,1.552,2.269
4-Jul,0.863,1.691,2.402
5-Jul,0.717,1.551,2.281
6-Jul,0.656,1.52,2.273
7-Jul,0.773,1.678,2.403
8-Jul,0.776,1.65,2.41
11-Jul,0.715,1.564,2.331
12-Jul,0.633,1.455,2.22
13-Jul,0.739,1.517,2.243
14-Jul,0.9,1.593,2.33
15-Jul,0.848,1.551,2.282
18-Jul,0.891,1.617,2.438
19-Jul,0.979,1.696,2.474
20-Jul,0.946,1.685,2.476
21-Jul,1.017,1.738,2.481
22-Jul,0.78,1.438,2.247
25-Jul,0.743,1.411,2.218
26-Jul,0.665,1.297,2.104
27-Jul,0.722,1.319,2.133
28-Jul,0.533,1.114,1.982
29-Jul,0.531,1.052,1.911
1-Aug,0.482,1.011,1.854
2-Aug,0.559,1.123,1.96
3-Aug,0.67,1.167,1.981
4-Aug,0.602,1.086,1.895
5-Aug,0.658,1.224,2.028
8-Aug,0.681,1.211,1.993
9-Aug,0.72,1.25,2.019
10-Aug,0.689,1.212,1.989
11-Aug,0.694,1.252,2.057
12-Aug,0.722,1.297,2.093
15-Aug,0.689,1.233,2
16-Aug,0.724,1.306,2.091
17-Aug,0.88,1.469,2.223
18-Aug,0.918,1.511,2.247
19-Aug,1.026,1.633,2.383
22-Aug,1.094,1.732,2.483
23-Aug,1.087,1.731,2.503
24-Aug,1.146,1.793,2.563
25-Aug,1.052,1.702,2.484
26-Aug,1.153,1.809,2.589
29-Aug,1.314,1.92,2.688
30-Aug,1.306,1.932,2.697
31-Aug,1.375,1.979,2.731
1-Sep,1.362,1.983,2.759
2-Sep,1.246,1.914,2.707
5-Sep,1.285,1.975,2.765
6-Sep,1.301,2.017,2.815
7-Sep,1.28,1.955,2.728
8-Sep,1.507,2.104,2.834
9-Sep,1.519,2.12,2.849
12-Sep,1.502,2.065,2.793
13-Sep,1.558,2.158,2.852
14-Sep,1.62,2.179,2.855
15-Sep,1.732,2.265,2.918
16-Sep,1.776,2.271,2.904
19-Sep,1.817,2.322,2.942
20-Sep,1.931,2.445,3.064
21-Sep,1.975,2.445,3.021
22-Sep,2.055,2.535,3.077
23-Sep,2.154,2.643,3.169
26-Sep,2.243,2.754,3.288
27-Sep,2.321,2.854,3.426
28-Sep,2.177,2.696,3.291
29-Sep,2.141,2.717,3.363
30-Sep,2.113,2.623,3.281
3-Oct,1.921,2.421,3.069
4-Oct,1.906,2.356,3.022
5-Oct,1.998,2.522,3.234
6-Oct,2.108,2.591,3.275
7-Oct,2.168,2.715,3.404
10-Oct,2.148,2.751,3.474
11-Oct,2.11,2.684,3.457
12-Oct,2.135,2.693,3.485
13-Oct,2.142,2.703,3.442
14-Oct,2.2,2.781,3.509
17-Oct,2.191,2.765,3.421
18-Oct,2.221,2.776,3.425
19-Oct,2.286,2.883,3.518
20-Oct,2.329,2.882,3.526
21-Oct,2.297,2.839,3.529
24-Oct,2.252,2.757,3.416
25-Oct,2.173,2.619,3.246
26-Oct,2.165,2.592,3.199
27-Oct,1.98,2.374,3
28-Oct,2.115,2.547,3.143
31-Oct,2.179,2.594,3.219
1-Nov,2.173,2.558,3.205
2-Nov,2.221,2.598,3.219
3-Nov,2.286,2.696,3.306
4-Nov,2.319,2.726,3.344
7-Nov,2.386,2.78,3.38
8-Nov,2.393,2.751,3.312
9-Nov,2.338,2.652,3.209
10-Nov,2.217,2.467,3.012
11-Nov,2.355,2.659,3.192
14-Nov,2.361,2.648,3.192
15-Nov,2.377,2.592,3.116
16-Nov,2.315,2.5,3.006
17-Nov,2.334,2.533,3.031
18-Nov,2.32,2.508,3.002
21-Nov,2.303,2.495,2.986
22-Nov,2.292,2.479,2.968
23-Nov,2.312,2.455,2.889
24-Nov,2.302,2.381,2.79
25-Nov,2.362,2.524,2.943
28-Nov,2.376,2.543,2.981
29-Nov,2.317,2.465,2.905
30-Nov,2.365,2.5,2.939
1-Dec,2.276,2.358,2.805
2-Dec,2.322,2.41,2.86
5-Dec,2.311,2.417,2.869
6-Dec,2.255,2.35,2.794
7-Dec,2.21,2.306,2.758
8-Dec,2.283,2.375,2.821
9-Dec,2.374,2.496,2.948
12-Dec,2.404,2.525,2.957
13-Dec,2.349,2.476,2.93
14-Dec,2.346,2.483,2.965
15-Dec,2.585,2.746,3.15
16-Dec,2.66,2.829,3.241
19-Dec,2.663,2.845,3.284
20-Dec,2.716,2.94,3.397
21-Dec,2.708,2.93,3.385
22-Dec,2.754,2.956,3.424
23-Dec,2.797,2.978,3.459
26-Dec,2.797,2.978,3.459
27-Dec,2.84,3.082,3.568
28-Dec,2.823,3.047,3.563
29-Dec,2.815,3.023,3.506
30-Dec,2.888,3.141,3.649
2-Jan,2.88,3.023,3.511
3-Jan,2.867,2.973,3.448
4-Jan,2.797,2.838,3.305
5-Jan,2.852,2.914,3.364
6-Jan,2.817,2.841,3.262
9-Jan,2.826,2.846,3.268
10-Jan,2.846,2.905,3.328
11-Jan,2.813,2.803,3.181
12-Jan,2.776,2.77,3.138
13-Jan,2.778,2.79,3.162
16-Jan,2.781,2.778,3.16
17-Jan,2.622,2.687,3.06
18-Jan,2.593,2.615,2.956
19-Jan,2.645,2.646,2.989
20-Jan,2.74,2.755,3.131
23-Jan,2.778,2.806,3.17
24-Jan,2.719,2.74,3.095
25-Jan,2.727,2.752,3.106
26-Jan,2.776,2.824,3.177
27-Jan,2.806,2.862,3.223
30-Jan,2.915,2.967,3.313
31-Jan,2.894,2.921,3.275
1-Feb,2.924,2.94,3.277
2-Feb,2.702,2.657,2.989
3-Feb,2.769,2.758,3.111
6-Feb,2.844,2.861,3.22
7-Feb,2.917,2.943,3.279
8-Feb,2.939,2.95,3.3
9-Feb,2.921,2.907,3.23
10-Feb,3.006,2.989,3.31
13-Feb,3.02,2.997,3.303
14-Feb,3.099,3.07,3.361
15-Feb,3.144,3.123,3.434
16-Feb,3.149,3.14,3.435
17-Feb,3.118,3.115,3.403
20-Feb,3.143,3.145,3.426
21-Feb,3.217,3.236,3.515
22-Feb,3.185,3.215,3.5
23-Feb,3.143,3.174,3.439
24-Feb,3.257,3.257,3.502
27-Feb,3.293,3.283,3.535
28-Feb,3.35,3.357,3.597
1-Mar,3.393,3.427,3.663
2-Mar,3.416,3.449,3.709
3-Mar,3.388,3.418,3.657
6-Mar,3.473,3.487,3.69
7-Mar,3.472,3.454,3.719
8-Mar,3.462,3.415,3.66
9-Mar,3.425,3.379,3.641
10-Mar,3.289,3.256,3.54
13-Mar,2.931,3.008,3.357
14-Mar,3.116,3.148,3.479
15-Mar,2.726,2.847,3.253
16-Mar,2.861,2.968,3.378
17-Mar,2.695,2.818,3.223
20-Mar,2.653,2.787,3.193
21-Mar,2.85,2.955,3.327
22-Mar,2.933,3.016,3.363
23-Mar,2.779,2.874,3.241
24-Mar,2.686,2.804,3.182
27-Mar,2.781,2.877,3.258
28-Mar,2.836,2.941,3.324
29-Mar,2.868,2.962,3.342
30-Mar,2.978,3.035,3.402
31-Mar,2.892,2.928,3.3
3-Apr,2.87,2.906,3.271
4-Apr,2.809,2.883,3.277
5-Apr,2.742,2.824,3.206
6-Apr,2.78,2.836,3.225
7-Apr,2.78,2.836,3.225
10-Apr,2.78,2.836,3.225
11-Apr,2.947,2.979,3.357
12-Apr,3.025,3.053,3.404
13-Apr,3.015,3.057,3.414
14-Apr,3.103,3.126,3.474
17-Apr,3.089,3.145,3.494
18-Apr,3.09,3.137,3.491
19-Apr,3.162,3.195,3.538
20-Apr,3.106,3.14,3.481
21-Apr,3.157,3.179,3.516
24-Apr,3.197,3.216,3.538
25-Apr,3.073,3.071,3.425
26-Apr,3.047,3.06,3.442
27-Apr,3.11,3.118,3.506
28-Apr,2.979,2.968,3.355
1-May,2.979,2.968,3.355
2-May,2.958,2.946,3.322
3-May,2.953,2.932,3.311
4-May,2.811,2.834,3.285
5-May,2.898,2.922,3.372
8-May,2.93,2.959,3.402
9-May,2.957,2.985,3.434
10-May,2.898,2.918,3.368
11-May,2.867,2.865,3.303
12-May,2.92,2.92,3.353
15-May,2.933,2.944,3.373
16-May,2.987,3,3.416
17-May,3.023,3.017,3.391
18-May,3.097,3.112,3.509
19-May,3.06,3.087,3.469
22-May,3.104,3.126,3.504
23-May,3.106,3.119,3.515
24-May,3.142,3.145,3.532
25-May,3.208,3.208,3.588
26-May,3.232,3.226,3.596
29-May,3.167,3.129,3.492
30-May,3.074,3.024,3.385
31-May,3.007,2.959,3.329
1-Jun,2.999,2.908,3.282
2-Jun,3.065,2.961,3.311
5-Jun,3.145,3.035,3.373
6-Jun,3.128,3.02,3.364
7-Jun,3.208,3.131,3.47
8-Jun,3.15,3.058,3.398
9-Jun,3.155,3.045,3.354
12-Jun,3.149,3.026,3.335
13-Jun,3.203,3.075,3.366
14-Jun,3.242,3.113,3.403
15-Jun,3.364,3.22,3.441
16-Jun,3.341,3.163,3.381
19-Jun,3.378,3.205,3.438
20-Jun,3.343,3.131,3.337
21-Jun,3.379,3.171,3.369
22-Jun,3.472,3.265,3.444
23-Jun,3.36,3.13,3.31
26-Jun,3.346,3.101,3.272
27-Jun,3.421,3.169,3.313
28-Jun,3.382,3.14,3.289
29-Jun,3.471,3.255,3.404
30-Jun,3.474,3.242,3.381
3-Jul,3.544,3.314,3.436
4-Jul,3.512,3.311,3.465
5-Jul,3.501,3.295,3.528
6-Jul,3.601,3.449,3.696
7-Jul,3.546,3.429,3.683
10-Jul,3.556,3.438,3.688
11-Jul,3.587,3.463,3.711
12-Jul,3.48,3.334,3.588
13-Jul,3.402,3.235,3.49
14-Jul,3.478,3.287,3.528
17-Jul,3.472,3.263,3.505
18-Jul,3.377,3.133,3.386
19-Jul,3.406,3.176,3.442
20-Jul,3.458,3.227,3.482
21-Jul,3.443,3.206,3.468
24-Jul,3.398,3.157,3.432
25-Jul,3.416,3.16,3.442
26-Jul,3.486,3.24,3.502
27-Jul,3.44,3.193,3.475
28-Jul,3.421,3.208,3.51
31-Jul,3.422,3.205,3.51
1-Aug,3.455,3.259,3.58
2-Aug,3.422,3.231,3.572
3-Aug,3.428,3.275,3.637
4-Aug,3.403,3.244,3.588
7-Aug,3.378,3.256,3.634
8-Aug,3.308,3.151,3.498
9-Aug,3.324,3.174,3.524
10-Aug,3.352,3.196,3.539
11-Aug,3.409,3.275,3.63
14-Aug,3.431,3.295,3.649
15-Aug,3.474,3.349,3.704
16-Aug,3.45,3.323,3.694
17-Aug,3.479,3.375,3.755
18-Aug,3.413,3.294,3.672
21-Aug,3.475,3.365,3.746
22-Aug,3.441,3.307,3.673
23-Aug,3.32,3.175,3.538
24-Aug,3.323,3.176,3.533
25-Aug,3.392,3.246,3.587
28-Aug,3.413,3.252,3.579
29-Aug,3.384,3.197,3.523
30-Aug,3.422,3.233,3.556
31-Aug,3.331,3.146,3.479
1-Sep,3.376,3.217,3.573
4-Sep,3.414,3.256,3.611
5-Sep,3.442,3.263,3.652
6-Sep,3.494,3.334,3.702
7-Sep,3.464,3.285,3.647
8-Sep,3.459,3.285,3.645
11-Sep,3.473,3.315,3.688
12-Sep,3.496,3.33,3.695
13-Sep,3.541,3.366,3.72
14-Sep,3.498,3.296,3.638
15-Sep,3.56,3.383,3.741
18-Sep,3.596,3.422,3.775
19-Sep,3.619,3.442,3.797
20-Sep,3.585,3.403,3.747
21-Sep,3.613,3.44,3.794
22-Sep,3.603,3.433,3.812
25-Sep,3.599,3.449,3.867
26-Sep,3.596,3.471,3.902
27-Sep,3.615,3.506,3.939
28-Sep,3.69,3.584,4.019
29-Sep,3.581,3.482,3.93
2-Oct,3.591,3.517,3.993
3-Oct,3.597,3.55,4.066
4-Oct,3.552,3.507,4.013
5-Oct,3.537,3.481,3.998
6-Oct,3.532,3.48,4.004
9-Oct,3.467,3.396,3.921
10-Oct,3.451,3.369,3.877
11-Oct,3.481,3.481,3.81
12-Oct,3.542,3.552,3.895
13-Oct,3.543,3.546,3.876
16-Oct,3.557,3.559,3.902
17-Oct,3.642,3.645,4
18-Oct,3.664,3.683,4.054
19-Oct,3.646,3.66,4.035
20-Oct,3.589,3.605,3.998
23-Oct,3.557,3.59,3.964
24-Oct,3.54,3.545,3.934
25-Oct,3.571,3.592,3.999
26-Oct,3.527,3.552,3.966
27-Oct,3.485,3.509,3.923
30-Oct,3.437,3.47,3.891
31-Oct,3.432,3.459,3.88
1-Nov,3.4,3.413,3.834
2-Nov,3.391,3.363,3.766
3-Nov,3.36,3.289,3.68
6-Nov,3.424,3.386,3.793
7-Nov,3.403,3.327,3.714
8-Nov,3.43,3.302,3.66
9-Nov,3.442,3.323,3.693
10-Nov,3.516,3.406,3.766
13-Nov,3.51,3.412,3.763
14-Nov,3.426,3.29,3.633
15-Nov,3.452,3.304,3.667
16-Nov,3.384,3.223,3.587
17-Nov,3.397,3.236,3.593
20-Nov,3.413,3.243,3.599
21-Nov,3.396,3.199,3.557
22-Nov,3.424,3.215,3.551
23-Nov,3.469,3.282,3.619
24-Nov,3.49,3.295,3.632
27-Nov,3.4,3.194,3.537
28-Nov,3.34,3.146,3.497
29-Nov,3.264,3.066,3.431
30-Nov,3.275,3.092,3.469
1-Dec,3.136,2.969,3.356
4-Dec,3.16,2.985,3.364
5-Dec,3.065,2.894,3.25
6-Dec,3.044,2.857,3.193
7-Dec,3.041,2.835,3.192
8-Dec,3.142,2.943,3.297
11-Dec,3.151,2.952,3.296
12-Dec,3.152,2.914,3.238
13-Dec,3.111,2.848,3.17
14-Dec,3.005,2.724,3.077
15-Dec,2.961,2.655,2.991
18-Dec,3.019,2.707,3.051
19-Dec,3.015,2.627,2.953
20-Dec,2.997,2.573,2.904
21-Dec,2.982,2.549,2.893
22-Dec,2.975,2.503,2.886
25-Dec,2.975,2.503,2.886
26-Dec,2.975,2.503,2.886
27-Dec,2.919,2.478,2.819
28-Dec,2.918,2.537,2.895
29-Dec,2.943,2.605,2.981
1-Jan,2.943,2.605,2.981
2-Jan,2.991,2.655,3.021
3-Jan,2.965,2.623,3.003
4-Jan,3.059,2.732,3.109
5-Jan,2.786,2.775,3.145
8-Jan,2.758,2.753,3.114
9-Jan,2.805,2.794,3.157
10-Jan,2.837,2.824,3.172
11-Jan,2.81,2.801,3.15
12-Jan,2.707,2.73,3.088
15-Jan,2.777,2.783,3.148
16-Jan,2.787,2.793,3.173
17-Jan,2.889,2.893,3.246
18-Jan,2.881,2.899,3.268
19-Jan,2.908,2.899,3.245
22-Jan,2.871,2.853,3.2
23-Jan,2.906,2.909,3.267
24-Jan,2.897,2.898,3.258
25-Jan,2.797,2.821,3.194
26-Jan,2.795,2.824,3.198
29-Jan,2.727,2.75,3.124
30-Jan,2.769,2.795,3.168
31-Jan,2.676,2.702,3.086
1-Feb,2.707,2.712,3.082
2-Feb,2.817,2.815,3.165
5-Feb,2.863,2.869,3.225
6-Feb,2.842,2.845,3.206
7-Feb,2.874,2.875,3.237
8-Feb,2.908,2.921,3.278
9-Feb,2.967,2.976,3.366
12-Feb,2.936,2.933,3.32
13-Feb,3.006,2.977,3.339
14-Feb,2.954,2.907,3.263
15-Feb,2.978,2.924,3.272
16-Feb,3.014,2.957,3.298
19-Feb,3.011,2.965,3.313
20-Feb,2.97,2.927,3.279
21-Feb,3.037,3.01,3.365
22-Feb,3.08,3.017,3.342
23-Feb,3.019,2.935,3.249
26-Feb,3.095,3.012,3.33
27-Feb,3.102,3.028,3.353
28-Feb,3.093,3.012,3.338
29-Feb,3.069,2.963,3.286
1-Mar,3.081,2.977,3.307
4-Mar,3.076,2.942,3.258
5-Mar,3.024,2.873,3.178
6-Mar,3.006,2.842,3.144
7-Mar,2.974,2.814,3.119
8-Mar,2.914,2.756,3.078
11-Mar,2.961,2.804,3.127
12-Mar,2.995,2.822,3.138
13-Mar,3.022,2.839,3.158
14-Mar,3.073,2.905,3.232
15-Mar,3.106,2.921,3.241
18-Mar,3.105,2.92,3.241
19-Mar,3.077,2.909,3.248
20-Mar,3.083,2.914,3.244
21-Mar,3.026,2.867,3.209
22-Mar,2.982,2.815,3.157
25-Mar,3.033,2.873,3.208
26-Mar,3.015,2.849,3.178
27-Mar,2.979,2.804,3.131
28-Mar,3.007,2.833,3.158
29-Mar,3.007,2.833,3.158
1-Apr,3.007,2.833,3.158
2-Apr,3.011,2.888,3.259
3-Apr,3.02,2.9,3.253
4-Apr,3.011,2.855,3.188
5-Apr,3.031,2.89,3.232
8-Apr,3.072,2.925,3.25
9-Apr,3.04,2.864,3.181
10-Apr,3.116,2.936,3.24
11-Apr,3.134,2.957,3.281
12-Apr,3.043,2.856,3.181
15-Apr,3.099,2.94,3.275
16-Apr,3.134,2.992,3.328
17-Apr,3.136,2.976,3.301
18-Apr,3.17,2.999,3.314
19-Apr,3.184,2.999,3.31
22-Apr,3.133,2.94,3.258
23-Apr,3.147,2.95,3.273
24-Apr,3.208,3.05,3.381
25-Apr,3.247,3.098,3.43
26-Apr,3.218,3.038,3.358
29-Apr,3.181,2.99,3.301
30-Apr,3.242,3.058,3.351
1-May,3.242,3.058,3.351
2-May,3.199,3.017,3.312
3-May,3.134,2.959,3.261
6-May,3.114,2.949,3.248
7-May,3.109,2.914,3.201
8-May,3.139,2.952,3.245
9-May,3.152,2.978,3.284
10-May,3.187,3.013,3.309
13-May,3.176,3.005,3.302
14-May,3.2,3.032,3.33
15-May,3.106,2.903,3.192
16-May,3.138,2.938,3.217
17-May,3.189,2.987,3.269
20-May,3.189,2.993,3.282
21-May,3.173,2.973,3.263
22-May,3.21,3.013,3.296
23-May,3.288,3.083,3.351
24-May,3.294,3.081,3.344
27-May,3.24,3.032,3.298
28-May,3.263,3.072,3.346
29-May,3.304,3.145,3.439
30-May,3.256,3.096,3.383
31-May,3.274,3.11,3.391
3-Jun,3.198,3.015,3.296
4-Jun,3.183,2.995,3.272
5-Jun,3.162,2.969,3.24
6-Jun,3.19,3.011,3.279
7-Jun,3.255,3.085,3.346
10-Jun,3.291,3.152,3.441
11-Jun,3.244,3.11,3.409
12-Jun,3.175,3.014,3.313
13-Jun,3.128,3.009,3.323
14-Jun,3.101,2.969,3.291
17-Jun,3.134,3,3.309
18-Jun,3.125,2.969,3.269
19-Jun,3.141,2.985,3.292
20-Jun,3.144,2.989,3.295
21-Jun,3.121,2.968,3.285
24-Jun,3.123,2.966,3.275
25-Jun,3.11,2.965,3.268
26-Jun,3.134,3.024,3.334
27-Jun,3.135,3.028,3.352
28-Jun,3.152,3.051,3.417
1-Jul,3.194,3.098,3.469
2-Jul,3.158,3.067,3.44
3-Jul,3.144,3.022,3.376
4-Jul,3.156,3.035,3.394
5-Jul,3.104,2.982,3.339
8-Jul,3.082,2.95,3.3
9-Jul,3.113,2.999,3.355
10-Jul,3.08,2.947,3.294
11-Jul,2.992,2.874,3.229
12-Jul,3.025,2.902,3.258
15-Jul,3.004,2.869,3.229
16-Jul,2.966,2.828,3.19
17-Jul,2.982,2.844,3.193
18-Jul,2.981,2.844,3.209
19-Jul,3.003,2.873,3.245
22-Jul,3.04,2.904,3.258
23-Jul,2.996,2.863,3.227
24-Jul,2.973,2.868,3.259
25-Jul,2.932,2.835,3.24
26-Jul,2.916,2.824,3.229
29-Jul,2.891,2.785,3.181
30-Jul,2.857,2.755,3.159
31-Jul,2.825,2.711,3.113
1-Aug,2.784,2.682,3.09
2-Aug,2.691,2.615,3.058
5-Aug,2.706,2.644,3.086
6-Aug,2.712,2.632,3.065
7-Aug,2.736,2.681,3.127
8-Aug,2.722,2.681,3.13
9-Aug,2.701,2.647,3.082
12-Aug,2.704,2.648,3.081
13-Aug,2.653,2.596,3.028
14-Aug,2.653,2.593,3.017
15-Aug,2.739,2.677,3.088
16-Aug,2.739,2.68,3.087
19-Aug,2.722,2.664,3.073
20-Aug,2.697,2.632,3.04
21-Aug,2.645,2.588,3.002
22-Aug,2.68,2.634,3.052
23-Aug,2.641,2.597,3.017
26-Aug,2.663,2.631,3.044
27-Aug,2.673,2.672,3.103
28-Aug,2.655,2.653,3.09
29-Aug,2.631,2.641,3.095
30-Aug,2.669,2.681,3.13
2-Sep,2.684,2.69,3.146
3-Sep,2.679,2.652,3.103
4-Sep,2.623,2.581,3.037
5-Sep,2.598,2.562,3.018
6-Sep,2.56,2.528,2.994
9-Sep,2.539,2.52,2.993
10-Sep,2.498,2.481,2.953
11-Sep,2.466,2.452,2.933
12-Sep,2.519,2.492,2.957
13-Sep,2.491,2.474,2.936
16-Sep,2.47,2.451,2.914
17-Sep,2.507,2.489,2.937
18-Sep,2.546,2.54,2.997
19-Sep,2.5,2.508,2.992
20-Sep,2.507,2.516,2.995
23-Sep,2.438,2.451,2.95
24-Sep,2.378,2.418,2.932
25-Sep,2.404,2.456,2.975
26-Sep,2.399,2.449,2.961
27-Sep,2.364,2.415,2.922
30-Sep,2.37,2.421,2.923
1-Oct,2.317,2.345,2.831
2-Oct,2.328,2.381,2.882
3-Oct,2.354,2.423,2.929
4-Oct,2.434,2.485,2.964
7-Oct,2.486,2.553,3.019
8-Oct,2.458,2.524,2.988
9-Oct,2.488,2.551,3.009
10-Oct,2.466,2.529,2.989
11-Oct,2.477,2.56,3.012
14-Oct,2.495,2.559,3.008
15-Oct,2.448,2.491,2.939
16-Oct,2.417,2.45,2.902
17-Oct,2.397,2.449,2.913
18-Oct,2.353,2.406,2.871
21-Oct,2.443,2.528,2.999
22-Oct,2.45,2.559,3.034
23-Oct,2.376,2.508,3.002
24-Oct,2.348,2.472,2.956
25-Oct,2.402,2.522,2.995
28-Oct,2.394,2.508,2.979
29-Oct,2.426,2.561,3.034
30-Oct,2.53,2.659,3.095
31-Oct,2.537,2.661,3.092
1-Nov,2.522,2.666,3.119
4-Nov,2.525,2.664,3.101
5-Nov,2.547,2.689,3.126
6-Nov,2.474,2.66,3.15
7-Nov,2.493,2.687,3.176
8-Nov,2.465,2.709,3.104
11-Nov,2.43,2.667,3.059
12-Nov,2.447,2.706,3.113
13-Nov,2.436,2.716,3.113
14-Nov,2.368,2.64,3.046
15-Nov,2.383,2.652,3.055
18-Nov,2.427,2.675,3.068
19-Nov,2.405,2.644,3.042
20-Nov,2.398,2.653,3.06
21-Nov,2.378,2.631,3.04
22-Nov,2.27,2.546,2.971
25-Nov,2.291,2.53,2.938
26-Nov,2.306,2.522,2.939
27-Nov,2.293,2.49,2.895
28-Nov,2.243,2.441,2.841
29-Nov,2.222,2.4,2.79
2-Dec,2.197,2.365,2.766
3-Dec,2.206,2.367,2.76
4-Dec,2.224,2.385,2.758
5-Dec,2.248,2.404,2.763
6-Dec,2.241,2.388,2.757
9-Dec,2.223,2.384,2.759
10-Dec,2.202,2.377,2.766
11-Dec,2.162,2.363,2.758
12-Dec,2.224,2.468,2.873
13-Dec,2.286,2.513,2.923
16-Dec,2.263,2.514,2.935
17-Dec,2.259,2.507,2.924
18-Dec,2.231,2.504,2.937
19-Dec,2.253,2.553,3.004
20-Dec,2.226,2.517,2.974
23-Dec,2.249,2.562,3.02
24-Dec,2.246,2.562,3.02
25-Dec,2.246,2.562,3.02
26-Dec,2.246,2.562,3.02
27-Dec,2.253,2.606,3.08
30-Dec,2.242,2.576,3.057
31-Dec,2.241,2.576,3.057
1-Jan,2.241,2.576,3.057
2-Jan,2.249,2.593,3.07
3-Jan,2.31,2.65,3.106
6-Jan,2.336,2.675,3.102
7-Jan,2.346,2.696,3.144
8-Jan,2.352,2.726,3.192
9-Jan,2.375,2.763,3.225
10-Jan,2.413,2.812,3.263
13-Jan,2.442,2.845,3.305
14-Jan,2.448,2.864,3.326
15-Jan,2.377,2.746,3.208
16-Jan,2.348,2.72,3.183
17-Jan,2.442,2.715,3.171
20-Jan,2.432,2.708,3.159
21-Jan,2.433,2.698,3.14
22-Jan,2.451,2.71,3.147
23-Jan,2.47,2.74,3.181
24-Jan,2.508,2.756,3.184
27-Jan,2.474,2.722,3.154
28-Jan,2.474,2.734,3.175
29-Jan,2.479,2.744,3.182
30-Jan,2.411,2.678,3.118
31-Jan,2.322,2.608,3.066
3-Feb,2.238,2.535,3.002
4-Feb,2.247,2.55,3.012
5-Feb,2.249,2.53,2.984
6-Feb,2.254,2.533,2.987
7-Feb,2.258,2.54,2.998
10-Feb,2.239,2.522,2.985
11-Feb,2.297,2.593,3.06
12-Feb,2.339,2.636,3.097
13-Feb,2.277,2.575,3.029
14-Feb,2.308,2.607,3.058
17-Feb,2.324,2.635,3.098
18-Feb,2.32,2.63,3.097
19-Feb,2.387,2.7,3.176
20-Feb,2.364,2.673,3.153
21-Feb,2.317,2.617,3.093
24-Feb,2.31,2.617,3.11
25-Feb,2.274,2.585,3.082
26-Feb,2.25,2.553,3.044
27-Feb,2.232,2.541,3.044
28-Feb,2.233,2.534,3.044
3-Mar,2.264,2.572,3.106
4-Mar,2.243,2.561,3.128
5-Mar,2.458,2.82,3.397
6-Mar,2.454,2.852,3.448
7-Mar,2.439,2.844,3.495
10-Mar,2.407,2.819,3.485
11-Mar,2.381,2.828,3.524
12-Mar,2.387,2.815,3.494
13-Mar,2.369,2.811,3.498
14-Mar,2.361,2.808,3.5
17-Mar,2.342,2.772,3.434
18-Mar,2.343,2.772,3.435
19-Mar,2.358,2.778,3.424
20-Mar,2.349,2.771,3.424
21-Mar,2.319,2.737,3.406
24-Mar,2.294,2.727,3.4
25-Mar,2.302,2.747,3.42
26-Mar,2.285,2.736,3.419
27-Mar,2.233,2.698,3.395
28-Mar,2.195,2.659,3.36
31-Mar,2.201,2.675,3.371
1-Apr,2.166,2.626,3.314
2-Apr,2.185,2.649,3.344
3-Apr,2.109,2.582,3.303
4-Apr,2.05,2.526,3.272
7-Apr,2.038,2.554,3.342
8-Apr,2.067,2.589,3.346
9-Apr,2.016,2.557,3.348
10-Apr,2.018,2.554,3.312
11-Apr,2.032,2.545,3.297
14-Apr,1.971,2.463,3.21
15-Apr,1.991,2.484,3.239
16-Apr,1.963,2.448,3.208
17-Apr,1.908,2.405,3.169
18-Apr,1.908,2.405,3.169
21-Apr,1.908,2.405,3.169
22-Apr,1.88,2.373,3.138
23-Apr,1.938,2.413,3.166
24-Apr,1.866,2.332,3.09
25-Apr,1.911,2.368,3.121
28-Apr,1.939,2.417,3.18
29-Apr,1.937,2.404,3.162
30-Apr,1.883,2.354,3.112
1-May,1.883,2.354,3.112
2-May,1.957,2.436,3.189
5-May,1.938,2.409,3.167
6-May,1.938,2.42,3.191
7-May,1.899,2.372,3.128
8-May,1.953,2.418,3.174
9-May,1.968,2.439,3.205
12-May,2.086,2.536,3.272
13-May,2.098,2.556,3.297
14-May,2.108,2.573,3.316
15-May,2.05,2.503,3.235
16-May,2.035,2.478,3.211
19-May,2.028,2.476,3.21
20-May,2.02,2.471,3.217
21-May,2.043,2.507,3.261
22-May,2.007,2.486,3.257
23-May,1.945,2.422,3.19
26-May,1.955,2.419,3.176
27-May,1.954,2.398,3.134
28-May,1.97,2.413,3.154
29-May,1.936,2.38,3.109
30-May,1.931,2.373,3.09
2-Jun,1.94,2.383,3.106
3-Jun,1.942,2.386,3.107
4-Jun,1.953,2.399,3.116
5-Jun,2.018,2.456,3.157
6-Jun,2.019,2.458,3.151
9-Jun,2.007,2.445,3.143
10-Jun,1.981,2.41,3.097
11-Jun,1.989,2.419,3.117
12-Jun,1.969,2.392,3.076
13-Jun,2.039,2.469,3.157
16-Jun,2.011,2.448,3.142
17-Jun,2.043,2.476,3.164
18-Jun,2.008,2.446,3.126
19-Jun,2.033,2.483,3.176
20-Jun,2.018,2.462,3.215
23-Jun,2.001,2.444,3.196
24-Jun,1.993,2.439,3.204
25-Jun,1.992,2.454,3.227
26-Jun,1.965,2.434,3.21
27-Jun,1.991,2.452,3.224
30-Jun,1.992,2.46,3.24
1-Jul,1.979,2.443,3.213
2-Jul,2.005,2.487,3.275
3-Jul,1.977,2.447,3.226
4-Jul,1.954,2.428,3.22
7-Jul,1.978,2.465,3.259
8-Jul,2.009,2.502,3.302
9-Jul,2.006,2.491,3.292
10-Jul,2.034,2.518,3.317
11-Jul,2.042,2.525,3.329
14-Jul,2.023,2.521,3.341
15-Jul,2.005,2.503,3.317
16-Jul,1.977,2.471,3.295
17-Jul,1.982,2.474,3.29
18-Jul,1.995,2.488,3.31
21-Jul,1.943,2.409,3.214
22-Jul,1.94,2.401,3.202
23-Jul,1.957,2.418,3.227
24-Jul,2.05,2.51,3.305
25-Jul,2.07,2.523,3.313
28-Jul,2.036,2.483,3.273
29-Jul,2.062,2.511,3.287
30-Jul,2.077,2.522,3.289
31-Jul,2.083,2.52,3.273
1-Aug,2.045,2.487,3.26
4-Aug,2.006,2.432,3.199
5-Aug,2.018,2.434,3.201
6-Aug,2.029,2.457,3.228
7-Aug,2.017,2.441,3.2
8-Aug,2.052,2.487,3.254
11-Aug,2.054,2.497,3.258
12-Aug,2.058,2.521,3.299
13-Aug,2.018,2.456,3.23
14-Aug,2.035,2.485,3.264
15-Aug,2.075,2.548,3.35
18-Aug,2.055,2.52,3.327
19-Aug,2.049,2.516,3.321
20-Aug,2.025,2.488,3.295
21-Aug,2.071,2.536,3.343
22-Aug,2.032,2.494,3.3
25-Aug,2.076,2.558,3.369
26-Aug,2.035,2.504,3.319
27-Aug,2.025,2.493,3.319
28-Aug,2.019,2.48,3.294
29-Aug,2.036,2.506,3.329
1-Sep,2.053,2.524,3.35
2-Sep,2.082,2.566,3.398
3-Sep,2.049,2.522,3.345
4-Sep,2.042,2.496,3.303
5-Sep,1.994,2.446,3.252
8-Sep,1.992,2.427,3.227
9-Sep,2.018,2.447,3.246
10-Sep,2.031,2.448,3.234
11-Sep,2.055,2.469,3.228
12-Sep,2.104,2.522,3.287
15-Sep,2.084,2.491,3.243
16-Sep,2.081,2.489,3.247
17-Sep,2.073,2.478,3.229
18-Sep,2.092,2.512,3.284
19-Sep,2.088,2.52,3.293
22-Sep,2.087,2.517,3.297
23-Sep,2.092,2.522,3.295
24-Sep,2.09,2.525,3.299
25-Sep,2.125,2.563,3.335
26-Sep,2.117,2.544,3.311
29-Sep,2.089,2.512,3.262
30-Sep,2.095,2.502,3.256
1-Oct,2.08,2.492,3.251
2-Oct,2.076,2.487,3.24
3-Oct,2.076,2.485,3.23
6-Oct,2.077,2.593,3.254
7-Oct,2.082,2.596,3.255
8-Oct,2.062,2.562,3.216
9-Oct,2.081,2.588,3.243
10-Oct,2.051,2.543,3.195
13-Oct,2.029,2.522,3.179
14-Oct,2.01,2.487,3.136
15-Oct,2.005,2.456,3.1
16-Oct,1.991,2.442,3.089
17-Oct,1.993,2.455,3.106
20-Oct,1.995,2.455,3.103
21-Oct,1.99,2.441,3.081
22-Oct,1.991,2.446,3.091
23-Oct,2.011,2.474,3.116
24-Oct,2.056,2.521,3.158
27-Oct,2.043,2.504,3.138
28-Oct,2.047,2.51,3.143
29-Oct,2.039,2.499,3.13
30-Oct,2.052,2.518,3.151
31-Oct,2.032,2.501,3.141
3-Nov,2.059,2.53,3.168
4-Nov,2.048,2.519,3.158
5-Nov,2.06,2.536,3.18
6-Nov,2.044,2.522,3.166
7-Nov,2.047,2.534,3.184
10-Nov,2.046,2.532,3.173
11-Nov,2.047,2.525,3.163
12-Nov,2.037,2.504,3.139
13-Nov,2.078,2.549,3.184
14-Nov,2.096,2.578,3.226
17-Nov,2.08,2.563,3.208
18-Nov,2.067,2.556,3.208
19-Nov,2.071,2.554,3.208
20-Nov,2.084,2.565,3.224
21-Nov,2.068,2.553,3.208
24-Nov,2.075,2.546,3.194
25-Nov,2.064,2.522,3.161
26-Nov,2.053,2.511,3.152
27-Nov,2.055,2.524,3.164
28-Nov,2.064,2.522,3.163
1-Dec,2.093,2.575,3.226
2-Dec,2.085,2.571,3.222
3-Dec,2.078,2.564,3.218
4-Dec,2.097,2.593,3.245
5-Dec,2.116,2.609,3.259
8-Dec,2.175,2.691,3.332
9-Dec,2.159,2.663,3.309
10-Dec,2.327,2.675,3.311
11-Dec,2.312,2.658,3.289
12-Dec,2.31,2.669,3.305
15-Dec,2.311,2.668,3.299
16-Dec,2.283,2.643,3.28
17-Dec,2.289,2.657,3.298
18-Dec,2.282,2.638,3.278
19-Dec,2.309,2.675,3.325
22-Dec,2.303,2.676,3.332
23-Dec,2.285,2.645,3.286
24-Dec,2.284,2.646,3.286
25-Dec,2.284,2.646,3.286
26-Dec,2.284,2.646,3.286
29-Dec,2.245,2.603,3.249
30-Dec,2.26,2.634,3.286
31-Dec,2.26,2.636,3.286
1-Jan,2.26,2.636,3.286
2-Jan,2.288,2.674,3.338
5-Jan,2.26,2.642,3.299
6-Jan,2.234,2.614,3.27
7-Jan,2.226,2.599,3.251
8-Jan,2.223,2.599,3.254
9-Jan,2.228,2.597,3.247
12-Jan,2.218,2.584,3.231
13-Jan,2.22,2.59,3.241
14-Jan,2.205,2.568,3.214
15-Jan,2.223,2.573,3.21
16-Jan,2.233,2.585,3.218
19-Jan,2.219,2.582,3.227
20-Jan,2.217,2.593,3.254
21-Jan,2.236,2.616,3.276
22-Jan,2.253,2.622,3.269
23-Jan,2.265,2.626,3.27
26-Jan,2.236,2.59,3.228
27-Jan,2.232,2.59,3.231
28-Jan,2.215,2.573,3.22
29-Jan,2.198,2.553,3.203
30-Jan,2.203,2.553,3.211
2-Feb,2.23,2.578,3.232
3-Feb,2.237,2.591,3.255
4-Feb,2.212,2.566,3.229
5-Feb,2.213,2.56,3.22
6-Feb,2.205,2.554,3.22
9-Feb,2.192,2.539,3.21
10-Feb,2.182,2.516,3.177
11-Feb,2.178,2.508,3.161
12-Feb,2.173,2.5,3.15
13-Feb,2.157,2.481,3.133
16-Feb,2.164,2.485,3.135
17-Feb,2.152,2.472,3.115
18-Feb,2.161,2.475,3.113
19-Feb,2.16,2.472,3.11
20-Feb,2.168,2.468,3.147
23-Feb,2.145,2.442,3.124
24-Feb,2.15,2.441,3.118
25-Feb,2.148,2.438,3.11
26-Feb,2.147,2.427,3.098
27-Feb,2.111,2.489,3.061
2-Mar,2.204,2.575,3.134
3-Mar,2.284,2.647,3.201
4-Mar,2.263,2.629,3.193
5-Mar,2.374,2.742,3.3
6-Mar,2.459,2.808,3.35
9-Mar,2.469,2.804,3.343
10-Mar,2.37,2.724,3.29
11-Mar,2.505,2.851,3.407
12-Mar,2.557,2.898,3.458
13-Mar,2.587,2.932,3.493
16-Mar,2.534,2.878,3.438
17-Mar,2.501,2.831,3.383
18-Mar,2.576,2.891,3.434
19-Mar,2.718,2.963,3.463
20-Mar,2.819,3.067,3.578
23-Mar,2.709,2.983,3.513
24-Mar,2.825,3.049,3.56
25-Mar,2.729,2.967,3.464
26-Mar,2.852,3.098,3.605
27-Mar,2.818,3.108,3.627
30-Mar,2.762,3.042,3.563
31-Mar,2.731,2.995,3.504
1-Apr,2.697,2.954,3.46
2-Apr,2.722,2.959,3.472
3-Apr,2.722,2.959,3.472
6-Apr,2.722,2.959,3.472
7-Apr,2.831,3.065,3.566
8-Apr,2.602,2.858,3.382
9-Apr,2.628,2.895,3.426
10-Apr,2.71,2.981,3.515
13-Apr,2.76,3.022,3.551
14-Apr,2.646,2.928,3.466
15-Apr,2.651,2.942,3.494
16-Apr,2.626,2.924,3.48
17-Apr,2.514,2.822,3.386
20-Apr,2.562,2.851,3.42
21-Apr,2.625,2.907,3.462
22-Apr,2.653,2.925,3.465
23-Apr,2.662,2.933,3.469
24-Apr,2.638,2.91,3.443
27-Apr,2.667,2.949,3.489
28-Apr,2.743,3,3.528
29-Apr,2.833,3.069,3.581
30-Apr,2.726,2.973,3.497
1-May,2.726,2.973,3.497
4-May,2.811,3.045,3.565
5-May,2.747,2.986,3.512
6-May,2.632,2.889,3.424
7-May,2.647,2.904,3.427
8-May,2.658,2.901,3.42
11-May,2.71,2.945,3.458
12-May,2.778,3.021,3.533
13-May,2.766,3.009,3.519
14-May,2.706,2.941,3.456
15-May,2.81,3.073,3.603
18-May,2.772,3.037,3.57
19-May,2.824,3.091,3.625
20-May,2.715,2.983,3.518
21-May,2.744,3.005,3.53
22-May,2.698,2.95,3.467
25-May,2.587,2.844,3.366
26-May,2.643,2.885,3.399
27-May,2.641,2.89,3.406
28-May,2.617,2.859,3.377
29-May,2.594,2.835,3.353
1-Jun,2.693,2.917,3.425
2-Jun,2.672,2.887,3.389
3-Jun,2.732,2.959,3.461
4-Jun,2.72,2.943,3.452
5-Jun,2.751,2.974,3.474
8-Jun,2.764,2.993,3.502
9-Jun,2.722,2.96,3.479
10-Jun,2.777,3.008,3.52
11-Jun,2.742,2.962,3.471
12-Jun,2.685,2.905,3.419
15-Jun,2.642,2.857,3.375
16-Jun,2.63,2.839,3.347
17-Jun,2.65,2.845,3.342
18-Jun,2.677,2.864,3.348
19-Jun,2.718,2.914,3.455
22-Jun,2.676,2.874,3.416
23-Jun,2.653,2.849,3.39
24-Jun,2.619,2.806,3.337
25-Jun,2.597,2.801,3.339
26-Jun,2.586,2.795,3.342
29-Jun,2.603,2.804,3.344
30-Jun,2.59,2.8,3.343
1-Jul,2.576,2.815,3.372
2-Jul,2.563,2.82,3.397
3-Jul,2.6,2.851,3.419
6-Jul,2.607,2.853,3.427
7-Jul,2.654,2.908,3.474
8-Jul,2.784,3.033,3.586
9-Jul,2.713,2.97,3.531
10-Jul,2.712,2.955,3.507
13-Jul,2.788,3.023,3.564
14-Jul,2.81,3.035,3.569
15-Jul,2.796,3.038,3.582
16-Jul,2.822,3.05,3.593
17-Jul,2.845,3.058,3.588
20-Jul,2.832,3.068,3.607
21-Jul,2.843,3.086,3.624
22-Jul,2.884,3.109,3.63
23-Jul,2.926,3.159,3.673
24-Jul,2.868,3.107,3.631
27-Jul,2.832,3.062,3.589
28-Jul,2.788,3.016,3.551
29-Jul,2.858,3.094,3.62
30-Jul,2.804,3.054,3.599
31-Jul,2.861,3.111,3.652
3-Aug,2.82,3.051,3.589
4-Aug,2.756,2.987,3.534
5-Aug,2.769,3.007,3.549
6-Aug,2.789,3.04,3.578
7-Aug,2.785,3.017,3.56
10-Aug,2.839,3.076,3.617
11-Aug,2.825,3.064,3.601
12-Aug,2.828,3.061,3.599
13-Aug,2.803,3.024,3.56
14-Aug,2.836,3.097,3.644
17-Aug,2.848,3.101,3.66
18-Aug,2.892,3.156,3.707
19-Aug,2.903,3.158,3.696
20-Aug,2.898,3.16,3.703
21-Aug,2.892,3.161,3.71
24-Aug,2.911,3.165,3.705
25-Aug,2.854,3.103,3.646
26-Aug,2.876,3.138,3.685
27-Aug,2.895,3.157,3.7
28-Aug,2.945,3.196,3.727
31-Aug,2.959,3.236,3.775
1-Sep,2.982,3.26,3.795
2-Sep,3.018,3.295,3.827
3-Sep,2.976,3.25,3.781
4-Sep,2.965,3.243,3.771
7-Sep,3.02,3.298,3.823
8-Sep,3.013,3.287,3.804
9-Sep,3.081,3.379,3.896
10-Sep,3.267,3.507,3.979
11-Sep,3.225,3.47,3.961
14-Sep,3.28,3.517,3.982
